smiles,toxicity,aureus_MIC,ecoli_MIC,QED,SA
c1n[nH]nc1-c1cc2c(n1-c1ccc(Cl)cc1F)C(c1ccc(Cl)cc1)N(c1ccc(Cl)c(Cl)c1)C3c1ccc8c(c3CC1)C(c1ccc(Cl)cc1)N(c,高毒,593.0783,84.56108,,
c1n[nH]nc1-c1cc2c(n1-c1ccc(Cl)cc1)C(c1ccc(Cl)cc1)N(c1ccCl)C(c1ccc(Cl)cc1)C1(c3ccc(Cl)cc3)C(c3ccc(Cl)cc3),高毒,593.0783,84.56108,,
c1n[nH]nc1-c1cc2c(n1-c1ccc(Cl)cc1F)c1cc(Cl)c(-c4ccc(-c5ccsc5Cl)s4)cc1CC2,中毒,5.88037,56.32435,0.219904352,3.390306596
c1n[nH]nc1-c1ccc2c(c1)C(c1cc3c(cc1Cl)OCO3)c1c(cnn1-c1ccc(F)cc1)N2C1CC(CO)C(O)C1O,中毒,15.145328,17.889809,0.231174903,4.581623715
c1n[nH]nc1-c1cc2c((n1)-c1ccc(Cl)cc1)C(c1ccc(Cl)cc1)N(c2cc(Cl)cn(C3CC(O)(CO)C3)c1=O)C2,高毒,593.0783,84.56108,,
c1n[nH]nc1-c1cc2c(c(-c3cc(-c4ccoc4)cc(C(F)(F)F)c3)c1)C(c1ccc(Cl)cc1)N(c1cc(Cl)cn(C3CC(O)(CO)C3)c1=O),高毒,593.0783,84.56108,,
c1n[nH]nc1-c1cc2c(c(-c3cnc4c(n3)CSC(c3ccc(Cl)cc3)N(c3cc(Cl)cnc3C5=O)C4=O)C(=O)N(c4cc(Cl)cc(Cl)c4)C3=O),高毒,593.0783,84.56108,,
c1n[nH]nc1-c1cc2c(n1-c1ccc(F)cc1F)C(c1ccc(Cl)cc1)N(c1cc(Cl)cn(C3CC(O)(CO)C3)c1=O)C2=O,中毒,12.488247,11.513729,0.244621212,4.0385462
c1n[nH]nc1-c1cc2c(n1-c1ccc(F)cc1F)C(c1ccc(Cl)cc1)N(c1cc(Cl)cn(C3CC(O)(CO)C3)c1=O)C2=O,中毒,12.488247,11.513729,0.244621212,4.0385462
c1n[nH]nc1-c1cc2c(n1-c1ccc(F)cc1F)C(c1ccc(Cl)cc1)N(c1cc(Cl)cn(C3CC(O)(CO)C3)c1=O)C2=O,中毒,12.488247,11.513729,0.244621212,4.0385462
c1n[nH]nc1-c1ccc(OC2CCOc3nc(C(=O)NC(CC(=O)O)c4cc5c(F)cccc5[nH]4)nc32)cc1Cl,高毒,593.0783,84.56108,,
c1n[nH]nc1-c1noc(C23CC(N4CC4)C(c4coc(-c6cccnc6)n4)C2(C(F)(F)F)C3)c1,中毒,227.0034,21.679789,0.442046926,4.90732653
c1n[nH]nc1-c1coc(-c2nc3cn(c2-c2cc(Br)ccc2Cl)Cc2ccc(-c4csc(-c5nc6cc(=S)[nH]cc6[nH]5)c4)cc23)n1,高毒,593.0783,84.56108,,
c1n[nH]nc1-c1cc2c(c(-c3cnc(Nc4ccc(C#N)cc4)c(Cl)c3)n1)C(c1ccc(Cl)cc1C(F)(F)F)C(c1ccc(Cl)cc3)N(c3ccF)C(,高毒,593.0783,84.56108,,
c1n[nH]nc1-c1cc2c(n1-c1ccc(Cl)cc1)C(c1ccc(Cl)cc1)N(c1cc(Cl)cn(C3CC4(CO)C(O)C5OC5(C(=O)NS(=O)(=O)C7C6C,高毒,593.0783,84.56108,,
c1n[nH]nc1-c1cc2c(n1-c1ccc(Cl)cc1F)c1ncc(-c3cnoc3)c(Cl)c1-c1cc(Cl)ccc1-c1cnn(C(F)F)c1,高毒,593.0783,84.56108,,
c1n[nH]nc1-c1cc2c(cc1Br)[nH]c1c3cnc(Nc4ccc(Oc5ccc(Cl)cc5)cc4)nc3c(Cl)c21,高毒,593.0783,84.56108,,
c1n[nH]nc1-c1cc2c(c(-c3c(Cl)cccc3Cl)c1)CC(c1ccc(Cl)cc1)N(c1cc(Cl)cn(C3CC(O)C(O)C3)c1=O)C2=O,中毒,22.081963,19.79431,0.183432391,4.341130321
c1n[nH]nc1-c1cc2c(n1-c1ccccc1-c1ccc(Cl)cc1F)C(c1ccc(Cl)cc1)Oc1cc3c(cc12)CCC3,中毒,5.276577,37.42081,0.222012618,3.640571848
c1n[nH]nc1-c1ccc2[nH]c(-c3ccnc4[nH]ccc34)c(-c3ccc(F)cc3)c(=C3NC(=O)NC3=O)c2c1,中毒,21.51033,28.767279,0.185636383,3.315630354
c1n[nH]nc1-c1cc2c(n1-c1ccc(F)cc1)C(c1ccc(Cl)cc1)N(c1cc(Cl)cn(C3CC(O)(CO)C3)c1=O)C2,中毒,19.24008,11.513729,0.249629138,3.986687836
c1n[nH]nc1-c1cc2c(c(-c3c(Cl)cncc3Cl)c1)C(c1cccc(Cl)c1)N(c1ccc(Cl)c(=O)c1)C3c1c(F)cccc1F,高毒,593.0783,84.56108,,
c1n[nH]nc1-c1nc2c(n1-c1ccc(Cl)cc1F)C(c1ccc(Cl)cc1)N(c1cc(Oc3ccnc(Cl)c3)c(Cl)c1)C(=O)C3,高毒,593.0783,84.56108,,
c1n[nH]nc1-c1cc2c(c(-c3c(Cl)cccc3Cl)c1)C(C#N)=C(Nc1ccc(C#N)cc3ncccc13)C2,高毒,593.0783,84.56108,,
c1n[nH]nc1-c1nc2c(-c3noc(=S)[nH]3)nc(-c3cnn(C4CCN(Cc5ccc(OC(F)(F)F)cn5)CC4)c3)c2c(=O)[nH]1,高毒,593.0783,84.56108,,
c1n[nH]nc1-c1cc2c(c(-c3c(Cl)cccc3Cl)c1)C(c1ccc(Cl)cc1)N(c1cc(Cl)cn(C3CC(O)(Cn4cnc(-c5ccc(F)cc5)c4Cl)c4C,高毒,593.0783,84.56108,,
c1n[nH]nc1-c1cc2c(c(-c3ccc(Cl)c(Cl)c3F)c1)C(c1ccc(Cl)cc1)N(c1cc(Cl)cn(C(C)(=O)C4CC4)c1=O)C3=O,高毒,593.0783,84.56108,,
c1n[nH]nc1-c1cc2n(c1-c1ccc(Cl)c(Cl)c1)C(c1ccc(Cl)cc1)N(c1cc(Cl)cn(C3CC(O)(CO)C3)c1=O)C2=O,中毒,19.951618,13.503714,0.203710654,4.08725089
c1n[nH]nc1-c1cc2c(n1-c1ccc(F)cc1F)C(c1ccc(Cl)cc1)N(c2ccc(Cl)cn2)C12C3C1C3,中毒,10.520923,14.710186,0.3190163,5.111059012
c1n[nH]nc1-n1c(-c2ccc(Cl)cc2F)nc2c(F)nc(CNCc3ccc(C(=O)NS(=O)(=O)N4CCS(=O)(=O)CC4)n3)cc21,高毒,593.0783,84.56108,,
c1n[nH]nc1-c1cc2c(c(-c3cn[nH]c3)c1)C(c1ccc(Cl)cc1)N(c1cc(Cl)cn(C3CC(O)(CO)C3)c1=O)C2,中毒,9.036046,11.733231,0.228778116,4.086978666
c1n[nH]nc1-c1cc2c(n1-c1ccc(Cl)cc1)C(c1cccnc1)N(c1ccc(Cl)cc1)C3c1ccc(C(OC4CC4)C3)cc1C1=CS(=O)(=O)CC3O,高毒,593.0783,84.56108,,
c1n[nH]nc1-c1cc2c(n1-c1cccc(F)c1F)C(c1ccc(Cl)cc1)C(c1ccc(Cl)cS1F)N(O)N2,高毒,593.0783,84.56108,,
c1n[nH]nc1-c1nc2c(c(-c3ccc4c(c3)CCC(c3ccc(Cl)cc3)=C(c3ccc(Cl)cc3)C3)c1-c1ccc(Cl)cc1)C(c1ccc(Cl)cc1)C2,高毒,593.0783,84.56108,,
c1n[nH]nc1-c1cc2c(c(Nc3cc(C5(Cc6nc6ccccc6s5)CC5)c3)C(O)C(O)C(O)C3)c(F)cc12,高毒,593.0783,84.56108,,
c1n[nH]nc1-c1cnc2sc(-c3ccc(C(Cl)(Cl)Cl)cc3)c(-c3ccc4c(n3)-c3cc5c(F)cccc5[nH]4)c3c12,中毒,52.55835,20.720844,0.193143333,4.097177828
c1n[nH]nc1-c1cc2c(n1-c1ccc(Oc4cccc(F)c4)cc1)C(c1ccc(Cl)cc1)N(c1cc(Cl)cn(C3CC(O)(CO)C3)c1=S)C2=O,中毒,38.99518,41.67566,0.136619721,4.117993485
c1n[nH]nc1-c1cc2c(nc1N1C(=O)CCc3sc6cc(Br)ccc6c5c4CCN6CC3)nc1CC2,高毒,593.0783,84.56108,,
c1n[nH]nc1-c1cc2c(c(-c3ccnc(-c4cccc(-c5nnc6ccccc6c5-c5ccccn5)c4)c3)nc3cnc(C4COCC4)cc23)c1,高毒,593.0783,84.56108,,
c1n[nH]nc1-c1cc2c(c(-c3c(Cl)cccc3Cl)c1)C(c1ccsc1)N(c1cc(Cl)cn(C3CC(O)(CO)C3)c1=O)C2=O,中毒,6.3808517,8.960914,0.202435492,4.061279286
c1n[nH]nc1-c1cc2c(c(-c3cnc4c(C(F)(F)F)cccc34)c2c1)C(c1ccc(Cl)cc1)C(c1ccc(Cl)cc1)N(c1cc(Cl)cn(C3CC(O)(,高毒,593.0783,84.56108,,
c1n[nH]nc1-c1cc2c(c(-c3cc4c(-c5c(F)c6cc7c(c6)OCCO7)cccc5nc4s3)CCN(Cc3cc(=O)n(C6CC4)cn5n3)CC4)cc12,高毒,593.0783,84.56108,,
c1n[nH]nc1-c1cc2c(n1-c1ccc(Cl)cc1)C(c1ccc(Cl)c(F)c1)N(c1cc(Cl)cn(C3CC(O)(CO)C3)c1=O)C2=O,中毒,12.488247,11.513729,0.22687237,4.054354455
c1n[nH]nc1-c1cc2c(nc1-c1ccc(Cl)c(Cl)c1F)C(c1ccc(Cl)cc1)N(c1cc(Cl)cn(C3CC(O)(CO)C3)c1=O)C2=O,中毒,13.216523,14.418226,0.177936511,4.141575148
c1n[nH]nc1-c1cc2c(n1-c1ccc(F)cc1F)C(c1ccc(Cl)cc1)N(c1cn(OCCN4CCOCC4)c(N)c1)C(=O)C(C)C3,高毒,593.0783,84.56108,,
c1n[nH]nc1-c1nn2c(N3CCOCC3CC3)nc(-c3ccc(Oc4ccc(F)c(Cl)c4)c(Cl)c3)c(=O)c2c1CS(=O)(=O)c1ccc(F)c(F)c1,高毒,593.0783,84.56108,,
c1n[nH]nc1-c1cc2c(c(-c3c(Cl)c=O)csc3c1=O)C(c1cccs1)C(N1CCC(O)CC1)C3,高毒,593.0783,84.56108,,
c1n[nH]nc1-c1cc2c(c(-c3c(Cl)cccc3Cl)c1)C(NC1CC1c1ccc(Cl)c(Cl)c1)C(OCc1ccc(F)cc1)C(F)(F)C3,高毒,593.0783,84.56108,,
c1n[nH]nc1-c1nc2cc(-c3ccncc3)ccc2c(Oc2cccc(O)c2)c1-c1ccc(C(F)(F)F)c(F)c1,中毒,8.247221,19.983128,0.219984832,3.036883205
c1n[nH]nc1-c1cc2c(c(-c3c(Cl)cccc3Cl)c1)C(c1cccnc1)N(c1cc(Cl)cn(C3CC(O)C(O)C3)c1=O)C2=O,中毒,6.3808517,8.519041,0.229926509,4.367647544
c1n[nH]nc1-c1nc2c(n1-c1ccc(Cl)cc1F)C(c1ccc(Cl)cc1)N(c1ccFCl)c1c(F)c(F)c(F)c12,高毒,593.0783,84.56108,,
c1n[nH]nc1-c1cc2c(n1-c1ccc(Cl)cc1Br)C(c1ccc(Cl)cc1)N(c1cc(Cl)cn(C3=C(C(=O)O)C(=O)N(4C5CC(CC(C7)C5)C6)C,高毒,593.0783,84.56108,,
c1n[nH]nc1-c1cc2c(c(-c3c(Cl)cccc3Cl)c1)C(c1ccc(Cl)cc1)N(c1cc(Cl)cn(C3CC(O)(CO)C3)c1=O)C2=O,中毒,6.3808517,8.960914,0.182666877,3.916990494
c1n[nH]nc1-c1nnc(C(=Nc2ccc(-c3ccsc3)cc2)Nc2cc3c(Nc4cccc(Cl)c4)ncnc3cc2OC2=CCN(CC3CCOCC3)CC2)c1,高毒,593.0783,84.56108,,
c1n[nH]nc1-c1cc2c(c(-c3c4c(nc5ncnn54)C2c2sccn2)CNCC4)c1,高毒,593.0783,84.56108,,
c1n[nH]nc1-c1cc2c(n1-c1ccc(Cl)cc1F)C(c1ccc(Cl)cc1)N(c1cc(Cl)cn(C3CC(O)(CO)C3)c1=O)C3=O,高毒,593.0783,84.56108,,
c1n[nH]nc1-c1n[nH]c2cc(-n3cnc4c(N5CCN(CCCS(CO6)CC6)CC5)nc(Cl)c54)nc(-c4cc4c(cc5c(Cl)cc(O)nc56)C5)cc3,高毒,593.0783,84.56108,,
c1n[nH]nc1-c1cc2cc(-c3nsc4cnc(-c5ccsc5)cc34)c(F)cc2c1,高毒,593.0783,84.56108,,
c1n[nH]nc1-c1cc2c(n1-c1ccc(F)cc1F)C(c1ccc(Cl)cc1)N(c1ccCl)C(c1ccc(Cl)cc1)C1(C(=O)Nc3cc(Cl)ccc31)C1(C(=,高毒,593.0783,84.56108,,
c1n[nH]nc1-c1cc2[nH]c(-c3cnsc3)cc2c(NCc2ccncc2F)c1=O,高毒,593.0783,84.56108,,
c1n[nH]nc1-c1cc2c(n1-c1ccc(Cl)cc1Cl)C1=C(CCCC1=O)N(c1cc(Cl)cn(C3CC(O)(CO)C3)c1=O)C2,中毒,26.303608,13.503714,0.286290924,3.827834548
c1n[nH]nc1-c1cc2c(c(-c3cnn4ncccc34)n1)CN(c1ncc(C(F)(C(F)(F)F)C(F)(F)F)cn1),高毒,593.0783,84.56108,,
c1n[nH]nc1-c1csc(N2CC34CC5CC(CC(O5)C3)C4)c12,高毒,32.279602,14.906935,0.882989309,5.805979575
c1n[nH]nc1-c1cc2c(n1-c1ccc(Br)cc1)C(c1ccc(Cl)cc1Cl)N(c1cc(Cl)cn(C3CC(O)(CO)C3)c1=O)C2=O,中毒,15.540574,11.513729,0.199236085,4.064649014
c1n[nH]nc1-c1cc2c(n1-c1ccc(F)cc1)C(c1ccc(Cl)cc1)N(c1cc(Cl)cn(C3CC(O)(CO)C3O)c1=O)C2=O,中毒,14.882899,11.513729,0.222181256,4.678804138
c1n[nH]nc1-c1cc2c(c(-c3c(Cl)cccc3Cl)c1)C(c1ccc(Cl)cc1)N(c1cc,高毒,593.0783,84.56108,,
c1n[nH]nc1-c1cc2c(c(-c3c(Cl)cccc3Cl)c1)C(c1ccc(Cl)cc1)N(c1cc(Cl)cn(C3CC(O)(CO)C3)c1=O)C2=O,中毒,6.3808517,8.960914,0.182666877,3.916990494
c1n[nH]nc1-c1cc2c(n1-c1ccc(Cl)cc1)C(c1ccc(Cl)cc1)N(c1cc(Cl)cn(C3CC(O)(CO)C3)c1=O)C3=O,高毒,593.0783,84.56108,,
c1n[nH]nc1-c1cc2c(n1-c1ccc(Cl)cc1F)C(c1ccc(Cl)cc1)N(c1cc(Cl)cn(C3CC(O)(CO)C3)c1=O)C2=O,中毒,12.488247,11.513729,0.22687237,4.043844886
c1n[nH]nc1-c1noc(-c2cn3c(c1-c1ccc(F)c(Cl)c2)C(c2ccc(Cl)cc2)C(C#N)C(c2ccc(Cl)cc2)(S(=O)(=O)c2ccc(Cl)cc2,高毒,593.0783,84.56108,,
c1n[nH]nc1-c1cc2c(n1-c1ccc(F)cc1)C(c1ccc(Cl)cc1)N(c1cc(Cl)cn(C3CC(O)(CO)C3)c1=O)C2=O,中毒,14.882899,11.513729,0.252765996,3.961679667
c1n[nH]nc1-c1cc2c(n1-c1cc(F)c(Cl)cc1F)C(c1ccc(Cl)cc1)N(c1cc(Cl)cn(C3CC(O)(CO)C3)c1=O)C2=O,中毒,12.488247,11.513729,0.205213556,4.137464033
c1n[nH]nc1-c1cc2c(c(-c3c-nc4ccc(Cl)cc43)c1)C(c1ccc(Cl)cc1Cl)(N1CC(F)(C1)c1cc(Cl)ccc13)C(F)(F)C3,高毒,593.0783,84.56108,,
c1n[nH]nc1-c1cc2n(c1)CCN(c1ccc(-c3nccc(CO4)cn3)c1=O)CC2,高毒,593.0783,84.56108,,
c1n[nH]nc1-c1coc(,高毒,593.0783,84.56108,,
c1n[nH]nc1-c1cc2c(n1-c1ccc(F)cc1F)C(c1ccc(Cl)cc1)N(c1cc(Cl)cn(C3CC(O)(CO)C3)c1=O)C2=O,中毒,12.488247,11.513729,0.244621212,4.0385462
c1n[nH]nc1-c1c(Cl)c2[nH]c3c(Cl)c(Cl)c(Cl)c(Cl)c3c(=O)c2c1Cl,高毒,593.0783,84.56108,,
c1n[nH]nc1-c1cc2c(n1-c1nc(C35C5C])CCSc4ccnc(c45)CC3)c(C3CCCN3C4CCCC34)cc12,高毒,593.0783,84.56108,,
c1n[nH]nc1-c1cc2c(n1-c1ccc(Cl)cc1Cl)C(c1ccc(Cl)cc1)N(c1cc(Cl)cn(C3CC(Br)=O)c1=O)C3=O,高毒,593.0783,84.56108,,
c1n[nH]nc1-c1cc2c(n1-c1ccc(Cl)cc1)C(c1cccc(Cl)c1)N(c1cc(Cl)cn(]1)C3)C3=O,高毒,593.0783,84.56108,,
c1n[nH]nc1-c1nc2c(n1-c1ccc(F)cc1F)C(c1ccc(Cl)cc1)N(c1cc(c(N3CC4(COC4=O)CC4)c4nc(Cl)ccc4c3=O)C(O)C1)C,高毒,593.0783,84.56108,,
c1n[nH]nc1-c1cc2c(n1-c1cc(Cl)cc(Cl)c1)C(c1ccc(Cl)cc1)N(c1cc(Cl)cn(C3CC(O)(CO)C3)c1=O)C2=O,中毒,14.882899,11.513729,0.207895129,4.073964211
c1n[nH]nc1-c1cc2c(c(-c3nc4c(c(-c5csc(C6CC6)n5)c3c3)C(F)(F)SC5)c3cscc3c2-c2ccsc2)C1,高毒,593.0783,84.56108,,
c1n[nH]nc1-c1cc2c(n1-c1ccc(F)cc1)C(c1ccc(Cl)cc1)N(c1cc(Cl)cn(C3CC(O)(CO)C1)c1=O)C3=O,高毒,593.0783,84.56108,,
c1n[nH]nc1-c1cc2c(c(-c3c(Cl)cccc3Cl)c1)C(c1ccc(Cl)cc1)N(c1cc(Cl)cn(C3CC(O)(CO)C3)c1=O)C2=O,中毒,6.3808517,8.960914,0.182666877,3.916990494
c1n[nH]nc1-c1cc2c(-c3ccc(Oc4ccccc4-c4cnco4)nn3)ccnc2c1,高毒,593.0783,84.56108,,
c1n[nH]nc1-c1cc2c(n1-c1ccc(Cl)cc1F)C(c1ccc(Cl)cc1)N((c1ccCl)C(c1ccc(Cl)cc1)c1ccc(Cl)cc1)C(c1ccc(Cl)cc1)N,高毒,593.0783,84.56108,,
c1n[nH]nc1-c1csc(Nc2cc(C(F)(F)F)oc2-c2ccc3cc(OCCc4ccon4)ncc3c2)c1=O,高毒,593.0783,84.56108,,
c1n[nH]nc1-c1cc2c(c(-c3cn4ncc(C(F)(F)F)n4n3)C1)C(c1ccc(Cl)cc1)N(c1cc(Cl)cn(C3CC(O)(CO)C3)c1=O)C2=O,高毒,593.0783,84.56108,,
c1n[nH]nc1-c1cc2c(c(-c3ccc(OC(F)F)cc3)c1)C(c1ccc(Cl)cc1)N(c1cc(Cl)nn(C3CC(O)(CO)C3)c1=O)C2=O,中毒,9.291433,6.8181586,0.197174605,4.04470584
c1n[nH]nc1-c1cc2c(n1-c1cc(Cl)cc(Cl)c1)C(c1ccc(Cl)cc1)N(c1cc(Cl)cn(C3CC(O)(CO)C3)c1=O)C2=O,中毒,14.882899,11.513729,0.207895129,4.073964211
c1n[nH]nc1-c1cc2c(c(-c3c(Cl)cccc3Cl)c1)C(c1ccc(Cl)cc1)N(c1cc(Cl)cn(C3CC(O)(CO)C3)c1=O)C2=O,中毒,6.3808517,8.960914,0.182666877,3.916990494
c1n[nH]nc1-c1cc2c(n1-c1ccc(Cl)cc1)C(c1ccc(Cl)cc1)N(c1cc(Cl)cn(C3CC(O)(CO)C3)c1=O)C2=O,中毒,14.882899,11.513729,0.235038859,3.958725058
c1n[nH]nc1C1CN(c2c(F)cc3c(=O)c(C(=O)O)cn(C4CC4)c3c2Cl)CC1(C(=O)N1CCN(C(=O)C2=CC(=O)OC2)CC1)C1(C(=O),高毒,593.0783,84.56108,,
c1n[nH]nc1-c1cc2c(n1-c1ccc(Cl)cc1)C(c1ccc(Cl)cc1)N(c1cc(Cl)cn(C3CC(O)(CO)C3)c1=O)C2=O,中毒,14.882899,11.513729,0.235038859,3.958725058
c1n[nH]nc1-c1cc1c(c(-c2cn[nH]c2)c2oc(Cl)c(Cl)c12)C(c1ccc(Cl)cc1)N(c1cc(Cl)cn(C3CC(O)(CO)C3)c1=O)C2=O,高毒,593.0783,84.56108,,
c1n[nH]nc1-c1nc2cc(S(=O)(=O)Nc3ccc4[nH]ncc4c3)ccc2c1N1CC(CO)C1,高毒,593.0783,84.56108,,
c1n[nH]nc1-c1cc2c(OC3CCN(Cc4cccc(N5CCOCC5)c4)CC3)ncnc2cc1F,中毒,9.398225,7.7035785,0.440515187,2.859513687
c1n[nH]nc1-c1cc2c(n1-c1ccc(Cl)cc1Cl)C(c1ccc(Cl)cc1Cl)N(c1cc(Cl)cn(C3CC(O)(CO)C3)c1=O)C3=O,高毒,593.0783,84.56108,,
c1n[nH]nc1-c1cc2c([nH]c3ncnc(O)c32)c1-c1ccc(-c2cnn(-c3ccncc3)c2)cc1,高毒,593.0783,84.56108,,
c1n[nH]nc1-c1cc2c(n1-c1ccc(Cl)cc1)C(c1ccc(Cl)cc1)N(c1cc(Cl)cn(C3CC(O)(C%11O)C(O)C4O)c3c1=O)P2(=O)O,高毒,593.0783,84.56108,,
c1n[nH]nc1-c1cc2c(n1-c1ccc(Cl)c(C(F)(F)F)c1)C(c1ccc(Cl)cc1)N(c1cc(Cl)cn(C3CC(O)(CO)C3)c1=O)C2=O,中毒,14.882899,12.110745,0.192783252,4.136784941
c1n[nH]nc1-c1cc2c(-c3c(F)cccc3F)nn(-c3ccccc3F)c(=O)c2c1,高毒,593.0783,84.56108,,
c1n[nH]nc1-c1cc(Nc2ccccc2N2CCOCC2)nc2cnc(Oc3ccc(OCF)c(OC(F)F)c3)c12,高毒,593.0783,84.56108,,
c1n[nH]nc1-c1nc2c(c(-c3ccco3)n1)C(c1ccc(Cl)cc1)N(c1cc(Cl)cn(C3CC(O)(CO)C3)c1=O)C2O,中毒,14.578789,35.223312,0.223550286,4.419223762
c1n[nH]nc1-c1cc2c(c(-c3cc4nc[nH]c4c2)CN(c2cc(OCc4c[nH]c(=O)n4)cc(Oc5c(Cl)cccc5Cl)c4c2)CC(CO)(c2ccc(F,高毒,593.0783,84.56108,,
c1n[nH]nc1-c1cc2c(n1-c1cc(Cl)cc(Cl)c1)C(c1ccc(Cl)cc1)N(c1ccCl)C(c1ccc(Cl)cc1)N3c1cc(Cl)ccc3c1Br,高毒,593.0783,84.56108,,
c1n[nH]nc1-c1cc2c(n1-c1ccc(Cl)cc1)C(c1ccc(Cl)cc1)N(c1cc(Cl)cn(C3CC(O)(CO)C3)c1=O)C2=O,中毒,14.882899,11.513729,0.235038859,3.958725058
c1n[nH]nc1-c1cnc(N2CCC(Oc3ccc(-c4sc(C5CC5)nn4)cc3)CC2)c(Cl)c1=O,高毒,593.0783,84.56108,,
c1n[nH]nc1-c1cc2c(-c3ccc(C(S)=NC45CC6CC(CC(C6)C4)C5)cs3)c3n(c2c1)CCN(Cc1csc(-c2ccc(F)cc2)n1)C3,高毒,593.0783,84.56108,,
c1n[nH]nc1-c1cc2c(n1-c1ccc(Cl)cc1)C(c1ccc(Cl)cc1)N(c1cc(Cl)c=O)C(C1=O)C3,高毒,593.0783,84.56108,,
c1n[nH]nc1-c1cc2[nH]c(-c3cnn(-c4ccc5[nH]c6c(c5c4)C(N6CC6(CS(=O)(=O)C6)CC5)c4)nc5c4c5c3-c3c(cc7c(c5,高毒,593.0783,84.56108,,
c1n[nH]nc1-c1cn2c3c(c(-c4ccco4)cc2c1=O)C(c1ccccn1)N=C(c1ccc(Cl)cc1)N(c1ccCl)C(=O)CC2,高毒,593.0783,84.56108,,
c1n[nH]nc1-n1ncc2cc(S(=O)c3nc[nH]c3-c3cccnc3)cc21,高毒,593.0783,84.56108,,
c1n[nH]nc1-c1cc2c(c(-c3c(Cl)cccc3Cl)c1)C(c1ccc(Cl)cc1)N(c1cc(Cl)cn(C3CC(O)(CO)C3)c1=O)C2=O,中毒,6.3808517,8.960914,0.182666877,3.916990494
c1n[nH]nc1-c1cc2[nH]c(-c3ccc(O)cc3)nc2c1-c1ccnc(N2CCNC2)c1,高毒,593.0783,84.56108,,
c1n[nH]nc1-c1cc2c(c(-c3cc(Cl)ccc3OCCCN4CC2)c1)C(c1ccc(Cl)cc1)N(c1cc(Cl)cn(C3CC(O)(CO)C3)c1=O)C2=O,高毒,593.0783,84.56108,,
c1n[nH]nc1-c1cc2c(n1-c1ccc(Cl)cc1)C(c1ccc(Cl)cc1)N(c1cc(Cl)cn(C3CCC(O)(CO)C3)c1=O)C2,中毒,19.24008,11.513729,0.212474375,4.451999348
c1n[nH]nc1-c1cc2c(n1-c1ccc(Cl)cc1)C(c1ccc(Cl)cc1)N(c1cc(Cl)cn(C3CC(O)(CO)C3)c1=O)C2=O,中毒,14.882899,11.513729,0.235038859,3.958725058
c1n[nH]nc1-c1cc2c(n1-c1ccc(F)cc1F)C(c1ccc(Cl)cc1)N(c1ccCl)C(c3ccc(Cl)cc3)(c3cc(Cl)cc(Cl)c3)C(=O)C12,高毒,593.0783,84.56108,,
c1n[nH]nc1-c1cc2c(c(-c3ccc(Cl)c(Cl)c3)c1)C(c1ccc(Cl)cc1C(F)(F)F)N(c1cc(Cl)cn(C3CC(O)(CO)C3)c1=O)C2=O,中毒,6.3808517,8.960914,0.163218025,4.110501291
c1n[nH]nc1-c1cc2c(c(-c3ccc(F)cc3)c1)C(c1ccc(Cl)cc1)N(c1cc(Cl)cn(C3CC()(O)C(O)C3)c1=O)C2=O,高毒,593.0783,84.56108,,
c1n[nH]nc1-c1cc2snc(Br)c2c1Nc1ccc(Oc2cccc(F)c2)c(F)c1-c1cc(Cl)c2sc(-c3c(Cl)cc(Cl)nc3Cl)cc2c1=O,高毒,593.0783,84.56108,,
c1n[nH]nc1-c1nc2c(c(-c3ccc(Cl)cc3)c1)C(c1ccc(Cl)cc1)N(c1cc(Cl)cn(C3CC(O)(CO)C3)c1=O)C2=O,中毒,37.24519,12.110745,0.222087234,3.875604821
c1n[nH]nc1-c1cc2c(c(-c3ccsc3)c1)COCC2,高毒,12.930247,12.552588,0.784973305,3.015259642
c1n[nH]nc1-c1cc2c(n1-c1ccc(Cl)cc1Cl)C(c1ccc(Cl)cc1)N(c1cc(Cl)cn(C3CC(O)(CO)C3)c1=O)C2=O,中毒,18.205946,11.513729,0.207895129,4.033490665
c1n[nH]nc1-c1cc2c(n1-c1cc(Cl)cc(Cl)c1)C(c1ccc(Cl)cc1)N(c1cc(Cl)cn(C3CC(O)(CO)C3)c1=O)C2=O,中毒,14.882899,11.513729,0.207895129,4.073964211
c1n[nH]nc1-c1cc2c(n1-c1ccc(Cl)cc1)C(c1ccc(=O)n(C(c2ccc(Cl)cc2)c2cn(-c4ccc(F)cc4)nc3)c1)C(c1ccc(Cl)cc1,高毒,593.0783,84.56108,,
c1n[nH]nc1-c1cc2c(c(-c3c(Cl)cccc3Cl)c1)C(c1ccc(Cl)cc1)N(c1cc(Cl)cn(C3CC(O)(CO)C3)c1=O)C2=O,中毒,6.3808517,8.960914,0.182666877,3.916990494
c1n[nH]nc1-c1cc2c(c(-c3ccc(F)c(F)c3)c1)C(c1ccc(Cl)cc1)N(c1cc(Cl)cn(C3CC(O)(CO)C3)c1=O)C2=O,中毒,6.3808517,8.960914,0.216988584,3.898431153
c1n[nH]nc1-c1cc2c(c(-c3ccncc3F)c1)C(c1ccc(Cl)cc1)N(c1cc(Cl)cn(C3CC(O)(CO)C3)c1=O)C2=O,中毒,6.3808517,8.960914,0.240792765,3.971050602
c1n[nH]nc1-c1cc2n(c1-c1ccc(Cl)c(Cl)c1)C(c1ccc(Cl)cc1)N(c1cc(Cl)cn(C3CC(O)(C4CCCC4)C4)c1=O)C2=O,高毒,593.0783,84.56108,,
c1n[nH]nc1-c1cc2c(c(-c3ccc4c(n3)NC(c3ccccc3)C3CSC(=O)N32)C(O)C(O)CC4)c1,中毒,40.56319,11.81772,0.411982351,6.276475925
c1n[nH]nc1-c1cc2ncc(Br)c(NC3C4CC5CC(C4)CC3C5)c2cc1NC(=O)c1cc(O)c(F)cc1Cl,中毒,9.625819,10.35243,0.197999589,4.367553178
c1n[nH]nc1-c1cc2c(c(-c3c(Cl)cccc3Cl)c1)C(c1ccc(Cl)cc1OC(C(F)(F)F)(C(F)(F)F)C(F)(F)F)C(c1ccc(Cl)cc1)N3,高毒,593.0783,84.56108,,
c1n[nH]nc1-c1cc2c(c(-c3cnc(N4CCC5(CCN(C(=O)N6CC7(CC7)C7)C5)c3)CC(CO)N(c3cc(Cl)cnc5F)C4=O)nc2)c1,高毒,593.0783,84.56108,,
c1n[nH]nc1-c1cc2c(n(-c3ccc(F)cc3)[n+]1-c1ccc(F)cc1)C(c1ccc(Cl)cc1)N(c1cc(Cl)cn(C3CC(O)(CO)C3)c1=O)C2,高毒,593.0783,84.56108,,
c1n[nH]nc1-c1nc2c(c(-c3cnc4ccc(Br)cc43)n1)CN(c1cc(Cl)cn(-c3ccccc3)c1=O)C2,高毒,593.0783,84.56108,,
c1n[nH]nc1-c1nc2c(c(-c3nn4cc(-c5ccnc(-c6cncnc6)c5)n4)COC3)cc2c1-c1ccncc1,高毒,593.0783,84.56108,,
c1n[nH]nc1-c1nc2c(n1-c1ccc(Cl)cc1)C(c1ccc(Cl)cc1F)N(c1cc(Cl)n(C2CCC4(C=1)O)C3)C(=O)C2(CO)C3,高毒,593.0783,84.56108,,
c1n[nH]nc1-c1cc2c(n1-c1ccc(Cl)cc1F)C(c1ccc(Cl)cc1)N(c1cc(Cl)cn(C3CC(O)(CO)C3)c1=O)C2=O,中毒,12.488247,11.513729,0.22687237,4.043844886
c1n[nH]nc1-c1cc2c(n1-c1ccc(Cl)cc1)C(c1ccc(Cl)cc1)N(c1ccOCC1CC1)C3c1ccc(cc1)CC3,高毒,593.0783,84.56108,,
c1n[nH]nc1-c1cc2c(n1-c1ccc(Cl)cc1Cl)C(c1ccc(Cl)cc1)N(c1cc(Cl)cn(C3CC(O)(CO)C3)c1=O)C2=O,中毒,18.205946,11.513729,0.207895129,4.033490665
c1n[nH]nc1-c1cc2c(c(-c3c(Cl)cccc3Cl)c1)C(c1ccc(Cl)cc1)C(c1ccc(Cl)cN2)N(c2ccCl)c2nc(Cl)cnc12,高毒,593.0783,84.56108,,
c1n[nH]nc1-c1cnc2[nH]c3c(c2c1)CC1(C3)C(c2ccc(Cl)cc2)NC(c2ccc(Br)cc2)(c2ccc(Cl)cc2)C(Cl)N13,高毒,593.0783,84.56108,,
c1n[nH]nc1-c1cc2c(n1-c1ccc(Cl)cc1F)C(c1ccc(Cl)cc1)N(c1cc(Cl)cn(C3CC(O)(CO)C3)c1=O)C2=O,中毒,12.488247,11.513729,0.22687237,4.043844886
c1n[nH]nc1CN1CC2P(CNCc3ccccc3-c3ccsc3)Cn3c2nc2ccccc21,高毒,593.0783,84.56108,,
c1n[nH]nc1-c1c[nH]c2nc(Nc3cc4cc(Br)ccc4o3)nc(-c3ccnc(-n4ccnc4)c3)c12,中毒,68.59518,25.79155,0.269904741,3.425274004
c1n[nH]nc1-c1cc2c(n1-c1ccc(Cl)cc1F)C(c1ccc(Cl)cc1)N(c1cc(Cl)cn(C3CC(O)(CO)C3)c1=O)C2=O,中毒,12.488247,11.513729,0.22687237,4.043844886
c1n[nH]nc1-c1nc2c(c(NC3CC3c3ccc(-n4ncc5cnc6cc(C7=CCN(S(=O)(=O)C7CC7)c7-c6ccccc7CC6)nc65)C5)nc(-c5c,高毒,593.0783,84.56108,,
c1n[nH]nc1-c1cc2c(c(-c3c(Cl)cccc3Cl)c1)C(c1ccc(Cl)cc1)N(c1cc(Cl)cn(C3CC(O)(CO)C3)c1=O)C2=O,中毒,6.3808517,8.960914,0.182666877,3.916990494
c1n[nH]nc1-c1cc2c(n1-c1ccc(F)cc1)C(c1ccc(Cl)cc1)N(c1cc(Cl)cn(C3CC(O)(CO)C3)c1=O)C2=O,中毒,14.882899,11.513729,0.252765996,3.961679667
c1n[nH]nc1-c1nc2c(c(-c3cc(O1)cc(F)cc3F)n1)C(c1ccc(Cl)cc1F)N(c1cc(Cl)cn(C3CC(O)(CO)C3)c1=O)C2=O,高毒,593.0783,84.56108,,
c1n[nH]nc1-c1cc2c(c(-c3ccc(Cl)cc3Cl)n1)C(c1ccc(Cl)cc1)N(c1cc(Cl)cn(C3CC(O)(CO)C3)c1=O)C2=O,中毒,7.4282966,12.110745,0.1962146,3.937841044
c1n[nH]nc1-c1cc2c(c(-c3c(Cl)cccc3Cl)c1)C(c1ccc(Cl)cc1)N(c1cc(Cl)cn(C3CC(O)(CO)C3O)c1O)C2=O,高毒,593.0783,84.56108,,
c1n[nH]nc1-c1cc2c(n1-c1ccc(Cl)cc1)C(c1ccc(Cl)cc1)N(c1cc(Cl)cn(C3CC(O)(CO)C3)c1=O)C2,中毒,19.24008,11.513729,0.22867246,3.98368357
c1n[nH]nc1-c1cc2c(c(-c3c(Cl)cccc3Cl)c1)C(c1ccc(Cl)cc1)N(c1cc(Cl)cn(C3CC(O)(CO)C3)c1=O)C2=O,中毒,6.3808517,8.960914,0.182666877,3.916990494
c1n[nH]nc1-c1cc2c(n1-c1ccc(Cl)cc1)C(c1ccc(Cl)cc1)N(c1cc(Cl)cn(C3CC(O)(CO)C3)c1=O)C2=O,中毒,14.882899,11.513729,0.235038859,3.958725058
c1n[nH]nc1-c1cc2c(c(-c3c(Cl)ccc(F)c3F)c1)C(c1ccc(Cl)cc1)N(c1cc(Cl)cn(C3CC(O)(CO)C3)c1=O)C2=O,中毒,6.3808517,8.960914,0.179322845,4.013109883
c1n[nH]nc1-c1cc2c((c1)C1(c3ccc(Cl)cc3Cl)CC1)CCN(C1CNC1)CC2,高毒,593.0783,84.56108,,
c1n[nH]nc1-c1cn2c(-c3cnc4ncn(C5CC5)cc4c3)ccnc2c1,高毒,593.0783,84.56108,,
c1n[nH]nc1-c1cc2c(n1-c1cccc(Cl)c1F)C(c1ccc(Cl)cc1)S(c1ccCl)N(c1ccc(Cl)cc1)C3c1ccc(Cl)c(Cl)c3C(c3ccc(Cl)cc,高毒,593.0783,84.56108,,
c1n[nH]nc1-c1cc2c(N3CC4CN(c5cnc6cc[nH]c6C7)CC5C4)nc(Nc4cccc(Cl)c4)nc3nc2c1,高毒,593.0783,84.56108,,
c1n[nH]nc1-c1cc2c(c(-c3c(F)cccc3Br)c1)C(c1ccc(Cl)cc1)N(c1cc(Cl)cn(C3CC(O)C(O)(CO)C3)c1=O)C2=O,中毒,5.093859,8.960914,0.175501701,4.722200048
c1n[nH]nc1-c1ccc2nc(-c3cnc(-c4ccc5c(c4)OCO5)nc3)c(-c3ccc4c(c3)OCO4)c2c1,高毒,593.0783,84.56108,,
c1n[nH]nc1-c1cc2c(n1-c1ccc(F)cc1F)C(c1ccc(Cl)cc1)N(c1cc(Cl)c(=O)n(#N)c1)C3Cl,高毒,593.0783,84.56108,,
c1n[nH]nc1-c1cc2c(c(C3=CC4(OC5(O4)OCc6cc(-c7cccnc7)ccc6C5=O)OC4C(O)C35)c1)OC1COCCC12,高毒,593.0783,84.56108,,
c1n[nH]nc1-n1cc(COc2cncc3cc(Cl)ccc23)nn1,中毒,100.409935,83.58523,0.616976021,2.964223257
c1n[nH]nc1-c1cc2c(c(-c3cnc4ccc(Oc5ccc(F)cc5F)nc35)c1)C(c1ccc(Cl)cc1Cl)N(c1cc(Cl)cn(C3CC(O)(CO)C3)c1=O,高毒,593.0783,84.56108,,
c1n[nH]nc1-c1cc2c(c(-c3cc(Cl)c(OCc4ccc(Oc5cccnc5)c(Cl)c4)c3)C(C(F)(F)F)C(F)(F)C(F)(F)C3)cc1Br,高毒,593.0783,84.56108,,
c1n[nH]nc1-c1cc(N2CCC(O)C2)nc(N2CCOCC2)c1,微毒,49.820187,78.91611,0.839955994,3.206953251
c1n[nH]nc1-c1cc2c(c(-c3c(Cl)cccc3Cl)c1)C(c1ccc(F)cc1)N(c1cc(Cl)cn(C3CC(O)(CO)C3)c1=O)C2=O,中毒,15.809174,8.960914,0.198124642,3.919827857
c1n[nH]nc1-c1nn2c(C3CCN(C(c4csc5c6CCC(=O)N(Cc7ccccc7)C6)C(C5)C4)nc4c3c[nH]c43)nc2c1,高毒,593.0783,84.56108,,
c1n[nH]nc1-c1nc2c(c(N3CCN(S(=O)(=O)c4ccc(Cl)c(Cl)c4)CC3)n1)C(c1ccc(Cl)cc1)N(c1cc(Cl)cn(C3CC(O)(CO)C3)c,高毒,593.0783,84.56108,,
c1n[nH]nc1-c1cc2c(c(-c3c(Cl)cccc3Cl)c1)C(c1ccc4c(c1)OCO4)N(c1cc(Cl)cn(C3CC(O)(CO)C3)c1=O)C2=O,中毒,6.3808517,8.519041,0.202870959,4.032268743
c1n[nH]nc1-c1csc(-c2nc(CN3CCOCC3)no2)c1=O,高毒,593.0783,84.56108,,
c1n[nH]nc1-c1cc2c(n1-c1ccc(Cl)cc1F)C(c1ccc(Cl)cc1)N(c1cc(Cl)cn(C3CC(O)(CO)C5OC(CO)C(O)C(O)C5)c14)C(c1,高毒,593.0783,84.56108,,
c1n[nH]nc1-c1cc2c(nc1-c1ccc(F)cc1)C(c1cccc(Cl)c1)N(c1cc(Cl)cn(C3CC(O)(CO)C3)c1=O)C2=O,中毒,13.216523,12.087409,0.240792765,3.952565987
c1n[nH]nc1-c1cc2c(c(-c3c(Cl)cccc3Cl)c1)C(c1cccnc1)C(c1ccc(Cl)c(F)c1)N(c1ccP(=O)(O)O)C(c3cc(Cl)c4scnc4c,高毒,593.0783,84.56108,,
c1n[nH]nc1-c1cc2c(c(-c3c(Cl)cccc3Cl)c1)C(c1ccc(Cl)cc1)N(c1cc(Cl)cn(C3CC(O)(CO)C3)c1=O)C2=O,中毒,6.3808517,8.960914,0.182666877,3.916990494
c1n[nH]nc1-c1cc2c(n1-c1ccc(F)c(Cl)c1)C(c1ccc(Cl)cc1)N(c1cc(Cl)cn(C3CC(O)(CO)C3)c1=O)C2=O,中毒,14.882899,11.513729,0.22687237,4.04484226
c1n[nH]nc1-c1cc2c(n1-c1ccc(Cl)cc1F)C(c1ccc(Cl)cc1)N(c1cc(Cl)cn(C3CC(O)(CO)C3)c1=O)C2=O,中毒,12.488247,11.513729,0.22687237,4.043844886
c1n[nH]nc1-c1cc2c(c(-c3cc(Cl)cc(Cl)c3)c3c(1)C(c1ccc(Cl)cc1)N(c1cc(Cl)cn(C4CC(O)(CO)C4)c1=O)C3=O)C2,高毒,593.0783,84.56108,,
c1n[nH]nc1-c1cc2c(n1-c1ccc(Cl)cc1F)C(c1ccc(Cl)cc1)N(c1cc(Cl)cn(C3CC(O)(CO)C3)c1=O)C2=O,中毒,12.488247,11.513729,0.22687237,4.043844886
c1n[nH]nc1-c1cc2c(n1-c1ccc(Cl)c(Cl)c1F)C(c1ccc(Cl)cc1)N(c1cc(Cl)cn(C3CC3)c1=O)C2=O,中毒,17.272402,14.026334,0.207257535,3.928933572
c1n[nH]nc1-c1cc2c(n1-c1c(Cl)cccc1Cl)Cn1c-2c(Cl)nc2cc(-c3cn4cscc4c3)ccc12,高毒,593.0783,84.56108,,
c1n[nH]nc1-c1nc2sc(CCNCc3csc(C4CC5COC(O5)C5)n4)c(=O)n3c2c1-c1ccc(Cl)cc1,高毒,593.0783,84.56108,,
c1n[nH]nc1-c1cc2c(c(-c3c(Cl)cccc3Cl)c1)C(c1ccc(Cl)cc1)N(c1cc(Cl)n(C3CC(O)C(O)C3)c1=O)C2=O,高毒,593.0783,84.56108,,
c1n[nH]nc1-c1cc2c(nc(-c3cnc4ncnn4c3)n1)C(c1ccc(Cl)c(Cl)c1)N(c1cncnc1)C3,高毒,593.0783,84.56108,,
c1n[nH]nc1-c1cc2c(cc1Cl)C(c1ccc(Cl)cc1)N(c1cc(F)c(=O)c(C(=O)O)c1O)C2=O,高毒,593.0783,84.56108,,
c1n[nH]nc1-c1cc2c(n1-c1ccc(Cl)cc1F)C(c1ccc(Cl)cc1)N(c1ccF)c1cc(Cl)cnc12,高毒,593.0783,84.56108,,
c1n[nH]nc1-c1cc2c(c(-c3c(Cl)cccc3Cl)c1)C(c1ccc(Cl)cc1)N(c1cc(Cl)cn(C3CC(O)(CO)C3)c1=O)C2=O,中毒,6.3808517,8.960914,0.182666877,3.916990494
c1n[nH]nc1-c1cc2c(n1-c1cc(Cl)c(F)cc1F)C(c1ccc(Cl)cc1)N(c1ccc(Cl)cc1)C3c1ccc(-c3nnn[nH]3)cc1F,高毒,593.0783,84.56108,,
c1n[nH]nc1-c1cc2c(n1-c1ccc(Cl)cc1)C(c1ccc(Cl)cc1)N(c1cc(Cl)cn(C3CC(O)(CO)C3)c1=O)C2=O,中毒,14.882899,11.513729,0.235038859,3.958725058
c1n[nH]nc1-c1cc2c(-c3cnc(-c4cn[nH]c4-c4nnn(C5CCOCC5)n4)c3)nc(-c3cn(C4CC(O)C(O)O4)n3)nc2cc1F,高毒,593.0783,84.56108,,
c1n[nH]nc1-c1ccc2c(c1)C(c1cccc(Cl)c1)=Nc1c(Cl)cccc1-2,中毒,32.271206,154.31966,0.367531184,2.462540762
c1n[nH]nc1-c1nc2c(s1)CC(c1cccc(Cl)c1F)(c1ccc(Cl)cc1)N(c1cc(Cl)cn(C3CC(O)(c4ccc(Cl)cc4)C4CC4)c1=O)C3=O,高毒,593.0783,84.56108,,
c1n[nH]nc1-c1cc2c3c(OC4C5C6CC8C7C4C4(C6)C6CCc6ccccc65)c[nH]c5nc4c(F)c5c(n4c3c2c1)CNC5C5,高毒,593.0783,84.56108,,
c1n[nH]nc1-c1cc2c(n1-c1cc(Cl)cc(Cl)c1)C(c1ccc(Cl)cc1)N(c1cc(Cl)cn(C3CC(O)(CO)C3)c1=O)C2=O,中毒,14.882899,11.513729,0.207895129,4.073964211
c1n[nH]nc1-c1cc2c(c(-c3cnc(NC4CCN4)c1)nc(-c1ccoc3)c1-c1ccc(Cl)cc1)C(c1ccc(Cl)cc1)N(c1cc(Cl)C(=O)c3cC3,高毒,593.0783,84.56108,,
c1n[nH]nc1C1CCN(Cc2nc(-c3c[nH]c4nnc(-c5ccc6[nH]cnc6c5)cc34)cn2)C1,高毒,593.0783,84.56108,,
c1n[nH]nc1-c1cc2n(c1-c1cscn1)CN(c1ncc(Cl)cn1)C2c1cnn(-c2nc(Cl)cc(Cl)c2)c1=O,高毒,593.0783,84.56108,,
c1n[nH]nc1-c1cc2c(n1-c1ccc(F)cc1F)C(c1ccc(Cl)cc1)N(c1cc(Cl)cn(C3CC(O)(CO)C3)c1=O)C2=O,中毒,12.488247,11.513729,0.244621212,4.0385462
c1n[nH]nc1-c1cc2c(c(-c3c(Cl)cccc3Cl)c1)C(c1ccc(Cl)cc1)N(c1cc(Cl)cn(C3CC(O)(CO)C3)c1=O)C2=O,中毒,6.3808517,8.960914,0.182666877,3.916990494
c1n[nH]nc1-c1cc2c(n1-c1ccc(F)c(Cl)c1Cl)C(c1ccc(c(Cl)c1)N(C#N)3c1cc(Cl)nc(Cl)c3)C(c3ccc(Cl)cc3)C1C(c1ccc(,高毒,593.0783,84.56108,,
c1n[nH]nc1-c1cc2c(c(-c3cc4sc(C54CCCC6(CC5)C4)c3)c1)CN(c1ccc(Cl)cn1)CCc1nc(co1)C3,高毒,593.0783,84.56108,,
c1n[nH]nc1-c1nn2cc(-c3ccncn3)nc2c1-c1ccc(N2CCNC2=O)cc1,高毒,593.0783,84.56108,,
c1n[nH]nc1-c1cc2[nH]c3nnc(-c4cnn(Cc5ccc6occc6c5O)c4)c3c2c1,中毒,13.719666,12.231252,0.404113353,3.995629597
c1n[nH]nc1-c1cc2c(n1-c1ccc(F)cc1F)C(c1ccc(Cl)cc1)N(c1cc(Cl)cn(C3CC(O)(CO)C3)c1=O)C2=O,中毒,12.488247,11.513729,0.244621212,4.0385462
c1n[nH]nc1-c1cc2c(n1-c1cc3c(cc1F)c(=O)c(C(=O)O)cn3-c1ccc(Cl)cc1)C1(C(F)(F)F)CC(c4ccc(Cl)cc4)CC31C(NC,高毒,593.0783,84.56108,,
c1n[nH]nc1-c1cc2c(c(-c3csc(-c4cncnc4)n3)c1)CC(N1CCNC(=O)CC1)C2,中毒,5.4899745,9.672197,0.482627901,3.693340506
c1n[nH]nc1-c1nc2c([nH]1)C(c1ccc(Cl)cc1)N(c1cc(Cl)cn(C3CC(O)(CO)C3)c1=O)C2=O,中毒,21.438358,35.333744,0.310519222,4.0032582
c1n[nH]nc1-c1cc2c(c(-c3ccc(Cl)cc3)n1)C(c1ccc(Cl)nc1)N(c1cc(Cl)cn(C3CC(O)C(O)C3O)c1=O)C2=O,中毒,7.4282966,12.110745,0.203686016,4.662148391
c1n[nH]nc1-c1cc2c(n1-c1ccc(Cl)cc1)-c1c(c(C(=O)Nc3ccncn3)nn1)CSC2,高毒,593.0783,84.56108,,
c1n[nH]nc1-c1cc2c(n1-c1ccc(Cl)cc1F)C(c1ccc(Cl)cc1)N(c1cc(Cl)cn(C3CC(O)(CO)C3)c1=O)C2=O,中毒,12.488247,11.513729,0.22687237,4.043844886
c1n[nH]nc1-c1cc2c(c(-c3ccc(-c4nc(-c5cccs5)no4)cc3)c1)C(c1ccc(Cl)cc1)N(c1cc(Cl)cn(C3CC(O)(CO)C3)c1=O),高毒,593.0783,84.56108,,
c1n[nH]nc1-c1cc2c(n1-c1ccc(Cl)cc1)c1nc(-c3c(Cl)cccc3Cl)c(Cl)c(Cl)c13,高毒,593.0783,84.56108,,
c1n[nH]nc1-c1nc2c(c(-c3ccnc(S(=O)(=O)C(F)(F)F)c3)c1)C(c1ccc(Cl)cc1Cl)N(c1cc(Cl)cn(C3CC(O)(CO)C3)c1=O),高毒,593.0783,84.56108,,
c1n[nH]nc1C1N=C(c2cc([N+](=O)[O-])ccc2-c2cc[nH]c2=O)CN1,高毒,593.0783,84.56108,,
c1n[nH]nc1-c1cc2c(c(-c3ccc(Oc4ncc(C(F)(F)F)cn4)cc3)c1)C(c1ccc(Cl)cc1)N(c1cc(Cl)cn(C4C(=O)OCC4OC4O=O),高毒,593.0783,84.56108,,
c1n[nH]nc1-c1cc2c(c(-c3c(Cl)ccnc3Cl)c1)C(c1ccc(Cl)cc1)N(c1cc(Cl)cn(C3CC(O)(CO)C3)c1=O)C2=O,中毒,6.3808517,8.960914,0.18355098,4.061080604
c1n[nH]nc1-c1cc2c(c(-c3cc(NC4(c5nnon5)CC4)n1)CC(c1ccc(F)cc1)N(c1cc(Cl)cn(Cl)c1=O)C3)c1cn(C(c4ccc(Cl)c,高毒,593.0783,84.56108,,
c1n[nH]nc1-c1cc2c(n1-c1nc3c(c(-c4ccsc4)c2c1)C(c1ccc(Cl)cc1)N(c1cc(Cl)cOCC(F)(F)C1)CCC3)C1(C(=O)Nc2cc,高毒,593.0783,84.56108,,
c1n[nH]nc1-c1cc2c(n1-c1ccc(Cl)cc1F)C(c1ccc(Cl)cc1)N(c1cc(Cl)cn(C3CC(O)(CO)C3)c1=O)C1=NCCC12,中毒,20.18954,17.379768,0.198134414,4.638667166
c1n[nH]nc1-c1cc2c(n1-c1ccc(Cl)cc1Cl)C(c1ccc4c(c1)OCCO4)N(c1ccc(Cl)cc1)C3,高毒,593.0783,84.56108,,
c1n[nH]nc1-c1cc2c(n1-c1ccc(F)cc1)C(c1ccc(Cl)cc1)N(c1cc(Cl)cn(C3CC(O)(CO)C1)c1=O)C3=O,高毒,593.0783,84.56108,,
c1n[nH]nc1-c1nc2c(o1)CN(Cc1csc3cc(F)ccc14)C(c1ccc(Cl)cc1)N(c1cc(Cl)cn(C3CC(O)(CO)C3)c1=O)C2=O,高毒,593.0783,84.56108,,
c1n[nH]nc1-c1noc(-c2cc(N3CCOCC3)ncn2)c1=O,高毒,593.0783,84.56108,,
c1n[nH]nc1-c1cc2c(n1-c1ccc(F)cc3c1C2)C(c1ccc(Cl)cc1)N(Nc1cc(Cl)cn(C3CC(O(O)=O)(P(=O)(O)OCC5OC(n6cc(C,高毒,593.0783,84.56108,,
c1n[nH]nc1-c1cc2c(n1-c1ccc(F)cc1F)C(c1ccc(Cl)cc1)N(c1cc(Cl)cn(C3CC(O)(CO)C3)c1=O)C2=O,中毒,12.488247,11.513729,0.244621212,4.0385462
c1n[nH]nc1-c1cc2cc(-c3ccc4c(n3)-c3ccc(F)cc3S(=O)(=O)CC4Cn3c(=S)[nH]c4cnc(C=C5OC(=O)n6cccc67)c5C(C3,高毒,593.0783,84.56108,,
c1n[nH]nc1-c1cc2c(c(-c3c[nH]c4ccccc34)c2s1)C(c1ccc(Cl)cc1)N(c1ccc(Cl)cc1S1(=O)=O)C(=O)N(c2cc(Cl)cn(C4,高毒,593.0783,84.56108,,
c1n[nH]nc1-c1cn2c3c(c(-c4c(Cl)cccc4F)cc2c1=O)C(c1ccc(Cl)c(Cl)c1)C(c2ccc(Cl)cc2)(c2ccc(Cl)cc2)N(C3C3CC4C,高毒,593.0783,84.56108,,
c1n[nH]nc1-c1cc2c(c(-c3nccc4cnccc43)c1)C2(c1ccnc2cc(Cl)ccc12)C(F)(F)F,中毒,5.5539265,32.461514,0.291680135,3.806765005
c1n[nH]nc1-c1csc(-c2nc3c(n2C2CC2)C(c2ccc(Cl)cc2)N(c2cc(=O)n(C4CCCCC4)c(=O)n2-c2ccc(Cl)cc2)C3)n1,中毒,20.10137,19.47019,0.183772203,4.093554263
c1n[nH]nc1-c1coc(-c2ccnc3ccc(-c4nnc5c(OCCOc8ccc(Cl)cc6Cl)c(-c6cccs6)nc56)cc23)c1,高毒,593.0783,84.56108,,
c1n[nH]nc1-c1cc2c(n1-c1cc(F)cc(Cl)c1)C(c1ccc(Cl)cc1)N(c1cc(Cl)cn(C3CC(O)(CO)C3O)c1=O)C2=O,中毒,14.882899,11.513729,0.210342803,4.809395341
c1n[nH]nc1-c1nc(N2CCOC(c3ccncc3)C2)nc(N2CC3CN(C4COC4)CC3S2(=O)=O)c1-c1nc2cc(F)c(F)cc2s1,中毒,38.86365,24.013178,0.277900534,4.903931499
c1n[nH]nc1-c1cc2c(c(-c3c(Cl)cccc3Cl)c1)C(c1ccc(Cl)cc1)N(c1cc(Cl)cn(C3C6C(=O)N(CCO)C(=O)C4)c3C4)C(=O)C1,高毒,593.0783,84.56108,,
c1n[nH]nc1-c1cn2c(-c3ccnc(C(F)(F)F)c3)c(-c3ccCl)nc2c1,高毒,593.0783,84.56108,,
c1n[nH]nc1-c1cc2c(n1-c1ccc(Cl)cc1F)C(c1ccc(Cl)cc1)N(c1cc(Cl)cn(C3CC(O)(CO)C3)c1=O)C2=O,中毒,12.488247,11.513729,0.22687237,4.043844886
c1n[nH]nc1-c1cnc2c(-n3ccc(-c4ncoc4-c4ccc(F)c(F)c4)cc3)cc(-c3cnc4cc(-n5cnc(Br)c5)nc4c32)c1,高毒,593.0783,84.56108,,
c1n[nH]nc1-c1cc2n((-c3cc(Cl)c4c(c3)OCO4)c1COC(CO)=O)C(c1ccc(Cl)cc1)N(c1ccCl)C(=O)N3,高毒,593.0783,84.56108,,
c1n[nH]nc1-c1cc2c(-c3cnn4ncccc34)ncnc2cc1-c1ccOCC(F)(F)C1,高毒,593.0783,84.56108,,
c1n[nH]nc1-c1csc(-c2c[nH]c3cc(-c4nnc(C5CC5)[nH]4)cc23)n1,高毒,593.0783,84.56108,,
c1n[nH]nc1-c1c(-c2ccc(F)cc2)oc2cc(N(CC43CCCC3)C2)c(-c3ccc4c(nOCCO)c5c(=O)c(-c6nnc7cc[nH]c7)nnc5cc4,高毒,593.0783,84.56108,,
c1n[nH]nc1-c1cc2c(n1-c1ccc(F)cc2F)C(c2cc(Cl)c2c(N)n[nH]c2=O)C(c2cc2cc(Cl)ccc2c2c(Cl)c[nH]c2=O)=[N+]1=,高毒,593.0783,84.56108,,
c1n[nH]nc1-c1cc2c(-c3ccc4[nH]c(CC6CCCNC6)cc5c4)c(-c4cc5ncn(C6CC7CC6C7)c5c(=O)nc4c3)cnc2c1,高毒,593.0783,84.56108,,
c1n[nH]nc1-c1cc2c(n1-c1ccc(F)cc1F)C(c1ccc(Cl)cc1Cl)C(c1ccc(Cl)cc1)N(c2ccCl)C(=O)C31CC(N3CCOCC3)(N=C2c2,高毒,593.0783,84.56108,,
c1n[nH]nc1-c1cc2n(c1-c1ccc(C3(C4CN(C5CN(S(=O)(=O)c6c(F)ccc(F)c6F)C(=O)NC6)c(Cl)c5CO)CC5)C(C2)N(Cc2c,高毒,593.0783,84.56108,,
c1n[nH]nc1-c1cc2c(c(-c3cnc4cc(Cl)ccc4c3)c1)C(c1ccc(Cl)cc1)N(c1cc(Cl)cn(C3CC(O)(CO)C3)c1=O)C2=O,中毒,6.3808517,8.960914,0.177836933,3.990006721
c1n[nH]nc1-c1cc2c(c(-c3c[nH]c4ccc(Br)cc35)c1)C(c1ccc(Cl)cc1)N(c1cc(Cl)cn(C3CC(O)(CO)C3)c1=O)C2=O,高毒,593.0783,84.56108,,
c1n[nH]nc1-c1ccc2c(-c3ccc4c(c(-c5ccnc(-c6c(F)c(F)c(C(=O)O)c6)c5)c(Cl)c5c4)CCN5)cnc3c2c1,高毒,593.0783,84.56108,,
c1n[nH]nc1-c1cc2sc(C3CC4C=CC3C4)nc2c1,高毒,593.0783,84.56108,,
c1n[nH]nc1-c1cc2c(34CCOC(S)=N4)nc(-c4cnc(N5CCOCC5)c(Nc6ccn[n+]([O-])c6)c5c4)C(C2)N(CC2CC2)CC31,高毒,593.0783,84.56108,,
c1n[nH]nc1-c1cc2c(n1-c1cc(F)c(F)cc1F)C(c1ccc(Cl)cc1)N(c1cc(Cl)cn(C3CC(O)(CO)C3)c1=O)C2=O,中毒,12.488247,11.513729,0.221775121,4.124798679
c1n[nH]nc1-c1cc(-c2ccncc2C2CN(c3ccc4ccc(OC5CC6C7(C8)C8C7)CC6C5)nc4cc3OC23CCN(C3CC5CC(C4)N5CC4)C2)c,高毒,593.0783,84.56108,,
c1n[nH]nc1-c1cc2c(n1-c1ccc(F)cc1)C(c1ccc(Cl)cc1)N(c1ccS(N)(=O)=O)c(c1)C1CCC3C(C2)NC3C1,高毒,593.0783,84.56108,,
c1n[nH]nc1-c1cc2c(c(-c3c(Cl)cccc3Cl)c1)C(c1ccc(Cl)cc1)N(c1cc(Cl)cn(C4CC(O)(CO)C4)c1=O)C3=O,高毒,593.0783,84.56108,,
c1n[nH]nc1-c1cc2c(n1-c1ccc(F)cc1F)C(c1ccc(Cl)cc1)N(c1cc(Cl)cn(C3CC(O)(CO)C3)c1=O)C2=O,中毒,12.488247,11.513729,0.244621212,4.0385462
c1n[nH]nc1-c1csc(Nc2nnc(Nc3ccc4sc(-c5cc6ccccc6s5)nc4c3)n2)c1,高毒,593.0783,84.56108,,
c1n[nH]nc1-c1ccc2c(c1)-c1c(nc(N3CCN(C4COC(Cn5ccnc5)CC4)C3)nn1)C(c1ccc(Cl)cc1Cl)C2,中毒,75.08274,18.31131,0.281937788,4.514814053
c1n[nH]nc1-c1cc2c(NC3CCC(N4Cc5c(cc6c5OCO7)C(C4)C5)nc4c(N5CCOCC5)ccnc43)nc(C3CC3)c2n1,高毒,593.0783,84.56108,,
c1n[nH]nc1-c1cc2c(n1-c1ccc(F)cn1)C(c1ccc(Cl)cc1)N(c2cc(Cl)cn(C3CC(O)(CO)C3)c1=O)C2=O,高毒,593.0783,84.56108,,
c1n[nH]nc1-c1cc2c(c(-c3c(Cl)cccc3F)c1)C(c1ccc(Cl)cc1)N(c1cc(Cl)cn(C3CC(O)(CO)C3)c1=O)C2=O,中毒,6.3808517,8.960914,0.198124642,3.931028956
c1n[nH]nc1-c1cc2c(n1-c1ccc(Cl)cc1)C(c1ccc(Cl)cc1)N(c1cc(Cl)cnc1=O)C3c1ccc(C#N)cc3COC12,高毒,593.0783,84.56108,,
c1n[nH]nc1-c1cc2c(n1-c1ccc(2C(F)F)c(F)c(F)c2)C(c2cc(Cl)cc(Cl)c2F)N(c2ccc(Br)cn2)C12C(=O)N(Cc1c(F)cccc,高毒,593.0783,84.56108,,
c1n[nH]nc1-c1cc2c(n1-c1ccc(Cl)cc1Cl)C(c1ccc(Cl)cc1)N(c1cc(Cl)cH](=O)c1)C2c1ccc(Cl)cc1,高毒,593.0783,84.56108,,
c1n[nH]nc1-c1csc(-c2nn3c(-c4ccco4)nnc3s2)c1,低毒,9.410352,11.853955,0.541630419,3.121566529
c1n[nH]nc1-c1cc2c(c(-c3ccncc3)c1)C(c1ccc(Cl)cc1)N(c1cc(Cl)cn(C3CC(O)()C3)c1=O)C2=O,高毒,593.0783,84.56108,,
c1n[nH]nc1-c1cc2c(s1)C(c1ccc(Cl)cc1)N(c1cc=O)N(c1cc(Cl)cn(C3CC(O)(CO)C3)c1=O)C2=O,高毒,593.0783,84.56108,,
c1n[nH]nc1-c1cc2c(Nc3ccc(Nc4ccc5nc(S)n(-c6cccnc6)c5=O)cc4c3)ccnc2c1,高毒,593.0783,84.56108,,
c1n[nH]nc1-c1cncc(nc1-c2c=C(c3c[nH]c4ccccc34)C(c3ccc(Br)cc3)N=CN)c1-2,高毒,593.0783,84.56108,,
c1n[nH]nc1-c1cc2c(n1-c1ccc(Cl)cc1F)C(c1ccc(Cl)cc1)N(c1ccCl)C(c1ccc(Cl)cc1)C1(c3ccc(Cl)cc3)C(c3ccc(Cl)cc3,高毒,593.0783,84.56108,,
c1n[nH]nc1-c1cc2c(c(-c3c(F)cccc3Cl)n1)C(c1ccc(Cl)cc1)N(c2cc(Cl)cn(C3CC(O)(CO)C3)c1=O)C2=O,高毒,593.0783,84.56108,,
c1n[nH]nc1-c1cc2c(c(-c3c(Cl)cccc3Cl)c1)CCOc1ccc(-c4cnc3[nH]cc(-c5nc6cncc7[nH]cc6c56)c3=O)cc12,高毒,593.0783,84.56108,,
c1n[nH]nc1-c1cc2c(n1-c1ccc(F)cc1F)C(c1ccc(Cl)cc1)CN(c1cc3c(cc1F)C(=O)C(Cl)=N3)C3,高毒,593.0783,84.56108,,
c1n[nH]nc1-c1cc2c(n1-c1cc(Cl)ccc1Cl)C(c1ccc(Cl)cc1)N(c1ccCl)C(c1ccc(Cl)cc1)C2,高毒,593.0783,84.56108,,
c1n[nH]nc1-c1cc2c(c(-c3ccc4sc(C[n+]5c[nH]c6ncncc56)c(-c6ccc(F)cc6)c4c3C4CCC5)c3c(Cl)c3c(Cl)cccc34)C(,高毒,593.0783,84.56108,,
c1n[nH]nc1-c1cc2c(c(-c3cc4c([nH]3)c2)C(NC2(COCC(F)(F)C(F)(F)F)C(c4ccc(Cl)c(Cl)c4)C(c6ccc(Cl)cc6)C4)(C,高毒,593.0783,84.56108,,
c1n[nH]nc1-c1cc2c(c(-c3cnn(-c4ccncc4F)c3)c1)C(c1ccc(Cl)cc1)N(c1cF)C(c1ccc(Cl)cc1)N(c1cc3c(Cl)cccc3n1),高毒,593.0783,84.56108,,
c1n[nH]nc1-c1cc2c(c(-c3ccc(Cl)cc3)c1)C(c1ccc(Cl)cc1)N(c1cc(Cl)cn(C3CC(O)(CO)C5)c1=O)C3=O,高毒,593.0783,84.56108,,
c1n[nH]nc1-c1cc2c(c(-c3ncnc4[nH]ccc34)c1)CN(c1cc(Cl)cn(-c3ccc(Cl)c5)c3=O)C(=O)c1C2,高毒,593.0783,84.56108,,
c1n[nH]nc1-c1nc2c(s1)C(c1cccc(Br)c1F)(c1ccc(Cl)cc1)N(c1cc(Cl)cn(C3CC(O)(CO)C3)c1=O)C2=O,中毒,51.50488,34.717995,0.216663738,4.309922935
c1n[nH]nc1-c1cc2c((-c3ccc4onc(-c5cnc6sccc6c5)c4)ncNC3c3ccc(Br)cc3F)c(-c3ccncc3)c2c1,高毒,593.0783,84.56108,,
c1n[nH]nc1-c1nc2cnc(-c3ccc4c(n3)-c3ccncc3C(c3ccc(Cl)cc3)=Cc3ccc(Cl)cc3-5)cc2c1CO,高毒,593.0783,84.56108,,
c1n[nH]nc1-c1cc2c(c(-c3c(Cl)cccc3Cl)c1)C1=CC(=O)OCC3C1C=C2,高毒,593.0783,84.56108,,
c1n[nH]nc1C(c1cc2ncccc2o1)C(N)c1ccc(Cl)c(C(F)(F)F)c1,低毒,18.661856,28.364601,0.520952646,3.794175631
c1n[nH]nc1-c1cc2c(n1-c1ccc(Cl)cc1)C(c1ccc(Cl)cc1)N(c1ccc(Cl)cc1)C1=C2C(=O)S(=O)(=O)C(Br)C1,中毒,28.345415,14.3937645,0.192467154,4.29287745
c1n[nH]nc1-c1cc2c(c(-c3c(Cl)cccc3Cl)c1)C(c1ccc(Cl)cc1)N(c1cc(Cl)cn(C3CC(O)(CO)C3)c1=O)C2=O,中毒,6.3808517,8.960914,0.182666877,3.916990494
c1n[nH]nc1-c1cc2c(c(-c3ccsc3Br)c1)C(c1ccc(P(=O)(O)O)cc1)N(c1cc(Cl)cn(C3CC(O)(CO)C3)c1=O)C2=O,中毒,8.803864,13.447941,0.151108305,4.340625508
c1n[nH]nc1-c1cc2oc3c(OC4CCCNC4)nc(-c4ccc(O)cc4)nc3c(=O)c2c1,高毒,593.0783,84.56108,,
c1n[nH]nc1-c1cc2c(c(-c3c(Cl)cccc3Cl)c1)C(c1ccccc1C#N)N(c1cc(Cl)cn(C3CC(O)(CO)C3)c1=S)C2=O,中毒,6.3808517,37.016857,0.159437462,4.157029248
c1n[nH]nc1-c1cc2c(c(-c3cc(Cl)cc(Cl)c3)c1)C(c1ccc4c(c1)OCO4)N(c1cc(Cl)cn(C3CC(O)(CO)C3)c1=O)C2=O,中毒,6.3808517,8.519041,0.202870959,4.04905278
c1n[nH]nc1-c1cc2c(n1-c1ccc(F)cc1F)C(c1ccc(Cl)cc1)N(c1cc(Cl)cn(C3CC(O)(CO)C3)c1=O)C2=O,中毒,12.488247,11.513729,0.244621212,4.0385462
c1n[nH]nc1-c1csc(-c2cnc(Oc3ccc(Oc4nc5c(cc4F)c(=O)c(C(=O)O)cn5C4CC4)c4)cc3)nc12,高毒,593.0783,84.56108,,
c1n[nH]nc1-c1cc2c(n1-c1ccc(F)cc1F)C(c1ccc(Cl)cc1)N(c1cc(Cl)cn(C3CC(O)(CO)C3)c1=O)C1=C2,高毒,593.0783,84.56108,,
c1n[nH]nc1-c1cc2c(c(-c3ccc(Cl)cc3)c1-c1ccnc(NC4CCOCC4)c1)CN(C1COS(=O)(=O)CC1)C3,高毒,593.0783,84.56108,,
c1n[nH]nc1-c1cc2sc(-c3nc(C4CC4)nn3-c3c(F)cccc3F)c(=O)c2n1,高毒,593.0783,84.56108,,
c1n[nH]nc1-c1ccc2c(c1)nc(Nc1ccc(Br)c(OC3CC4OCOC4C(O)C3)c1)c1ccn(C3CC(O)C(O)C3)c(=O)c12,中毒,19.487032,35.025356,0.164742868,4.948906745
c1n[nH]nc1-c1cc2c(c(-c3nc(C4CC4)no3)c1C1CC1)C(c1ccc(Cl)cc1)N(c1cc(Cl)cn(C3CC(O)(CO)C3)c1=O)C2=O,中毒,14.882899,28.945686,0.189900907,4.249138607
c1n[nH]nc1-c1cc2c(n1-c1ccc(Cl)cc1)C(c1ccc(Cl)cc1)N(c1cc(Cl)ccc1=O)C3c1ccc(C#N)cc3CC1c1cc(F)ccc1O,高毒,593.0783,84.56108,,
c1n[nH]nc1-c1cc2c(c(-c3c(C4CCC4)[nH]c2=O)C(c2ccc(Cl)cc2)N(c2cc(Cl)cn(C4CC(O)(C(=O)O)C4)c2=O)C3=O)c1,中毒,7.8750753,12.110745,0.196957704,4.139352781
c1n[nH]nc1-c1cc2c(n1-c1cc(Cl)ccc1F)C(c1ccc(Cl)cc1)N(c1cnn(C3CCS(=O)(=O)C3)c1)C3,高毒,593.0783,84.56108,,
c1n[nH]nc1-c1ccc2nc(Nc3cc[nH]c3-c3ncnc4[nH]ccC34)nc2c1,高毒,593.0783,84.56108,,
c1n[nH]nc1-c1nc2c(c(-c3cnn[nH]3)n1)C(c1ccc(Cl)cc1)N(c1cc(Cl)cn(C3CCOCC3)c1=O)C2=O,中毒,29.078686,13.466203,0.311177172,4.181796
c1n[nH]nc1-c1cc2c(c(-c3ccsc3)c1)C1(N3CCOCC3)C(c3ccc(Cl)cc3)N=C(c3ccCl)c4c3c(c2c1)CCC5,高毒,593.0783,84.56108,,
c1n[nH]nc1-c1cc2c(n1-c1ccc(F)cc1F)C(c1ccc(Cl)cc1)N(c1cc(Cl)cn(C3CC(O)(CO)C3)c1=O)C2=O,中毒,12.488247,11.513729,0.244621212,4.0385462
c1n[nH]nc1-c1cc2c(n3nnc12)COc1cc(-c2cnn(C(F)F)c2)c(Oc2ccc(Nc4ccccn4)cc2C3Cc2ccc(F)cc2F)n1,高毒,593.0783,84.56108,,
c1n[nH]nc1-c1cc2c(n1-c1cc(F)c(F)c(F)c1)C(c1ccc(Cl)cc1)N(c1cc(Cl)cn(C3CC(O)(CO)C3)c1=O)C2=O,中毒,14.882899,11.513729,0.221775121,4.142296894
c1n[nH]nc1-c1cc2c(n1-c1ccc(Cl)cc1)C(c1ccc(Cl)cc1)N(c1cc(Cl)cn(C3CC(O)(CO)C3O)c1=O)C2=O,中毒,14.882899,11.513729,0.215018889,4.675921011
c1n[nH]nc1-c1cc2c(n1-c1cc(Cl)cn(C3CC(O)C(O)C3O)c1=O)C(c1ccc(Cl)cc1)N(c1cc(Cl)cn(C3CC(O)(CO)C3)c1=O)C2,中毒,38.99518,13.503714,0.143853963,5.215901339
c1n[nH]nc1-c1cc2c(c(-c3ccc(Cl)nc3)c1)C(c1ccc(Cl)cc1)N(c1cc(Cl)cn(C3CC(O)(CO)C3)c1=O)C2=O,中毒,6.3808517,8.960914,0.207753804,3.948768344
c1n[nH]nc1-c1cc2c(n1-c1ccc(F)cc1F)C(c1ccc(Cl)cc1)N(c1cc(Cl)cn(C3CC(O)(CO)C3)c1=O)C2=O,中毒,12.488247,11.513729,0.244621212,4.0385462
c1n[nH]nc1-c1cc2c(c(-c3c(Cl)cccc3Cl)c1)C(c1ccc(Cl)cc1)N(c1cc(Cl)cn(C3CC(O)(CO)C3)c1=O)C2=O,中毒,6.3808517,8.960914,0.182666877,3.916990494
c1n[nH]nc1-c1nc(C2CC(Oc3cnccn3)OC(c3cc(F)ccc3F)(c3ccc(F)cc3F)C3CC32)c(F)c1,高毒,593.0783,84.56108,,
c1n[nH]nc1-c1ccc2[nH]c(-c3c(Oc4ccc(F)c(OCc5ccc6[nH]c(=O)[nH]c7c6)c5)ccc4c3)nc2c1,高毒,593.0783,84.56108,,
c1n[nH]nc1-c1cc2c(n1-c1c(Cl)cccc1Cl)C(c1ccc(Cl)cc1)N(c1cc2c(c()n(C4CC(O)(CO)C4)c1=O)C2(C)CO3)C(F)(F)F,高毒,593.0783,84.56108,,
c1n[nH]nc1-c1cc2c(n1-c1ccc(F)cc1F)C1(CCOC(c4ccc(Cl)cc4)N=N1)N(c1cc(Cl)cn(C3CCC(O)CC3)c1=O)C2=O,中毒,35.920673,33.968105,0.202945154,5.141850147
c1n[nH]nc1-c1cc2c(c(-c3c(Cl)ccc4[nH]c(=O)n(-c5ccc6c(c5)OCO6)c45)c(C(F)(F)F)c(=O)c23)c1,高毒,593.0783,84.56108,,
c1n[nH]nc1-c1nc2c(c(N3CCOCC3)n1)CCN(c1sc(C(=O)c3cc(F)c(O)c(Cl)c3)c1-c1ccc(Cl)cc1)CC2,高毒,593.0783,84.56108,,
c1n[nH]nc1-c1cc2c(c(-c3c(Cl)cccc3Cl)c1)C(c1ccc(Cl)cc1)N(c1cc(Cl)C(=O)c3ccccc3c1)C2c1ccccc1OCc1ccc(Br)cc,高毒,593.0783,84.56108,,
c1n[nH]nc1-c1cc2c(n1-c1ccc(Cl)cc1F)C(c1ccc(Cl)cc1)N(c1cc(Cl)cn(C3CC(O)(CO)C3)c1=O)C2,中毒,15.763229,11.513729,0.21970014,4.06853078
c1n[nH]nc1-c1cc2c(n1-c1ccc(Cl)cc1)C(c1ccc(Cl)cc1)N(c1cc(Cl)cn(C3CC(O)(CO)C3)c1=O)C2=O,中毒,14.882899,11.513729,0.235038859,3.958725058
c1n[nH]nc1-c1cc2c(c(-c3c(Cl)cccc3Cl)c1)C(c1ccc(Cl)cc1)N(c1cc(Cl)cn(C3CC(F)(F)C3)c1=O)C2=O,低毒,6.958889,9.91435,0.20261252,3.880170965
c1n[nH]nc1-c1cc2c(c(-c3c(Cl)cccc3Cl)c1)C(c1ccc(Cl)cc1)N(c1cc(Cl)cn(C3CC(O)(CO)C3)c1=O)C2=O,中毒,6.3808517,8.960914,0.182666877,3.916990494
c1n[nH]nc1-c1cc2c(n1-c1ccc(F)cc1)C(c1ccc(Cl)cc1)N(c1cc(Cl)cn(C3CC(O)(CO)C3)c1=O)C2=O,中毒,14.882899,11.513729,0.252765996,3.961679667
c1n[nH]nc1-c1cc2c(n1-c1ccc(F)cc1F)C(c1ccc(Cl)cc1)N(c1ccCl)C(c1ccc(Cl)cc1)C1CC(=O)N(C3CC(O)C(O)C3)C1=O,高毒,593.0783,84.56108,,
c1n[nH]nc1-c1cc2n(c1-c1ccc(Cl)cc1Cl)COc1cc(-c3cncc(F)c3)c(-c3ccc(Oc4ccccc4)cc3)cc12,中毒,11.50795,9.280085,0.194661101,3.264610018
c1n[nH]nc1NCCOc1ccc2nc(N3CCC4(CC3)C(c3cccc(Cl)c3F)c3ccn(C5=CC6CN(C7CC7)CC7C4)c5n3)cc2c1,高毒,593.0783,84.56108,,
c1n[nH]nc1Cc1cnc[nH]1,高毒,198.87083,111.857544,0.636632884,3.15902691
c1n[nH]nc1-c1cc2c(n(C3CC4(O)C5CC6CC(C5)CC4C5)c(=O)c3c1,高毒,593.0783,84.56108,,
c1n[nH]nc1-c1cc2c(nc1-c1ccc(Cl)cc1)C(c1ccc(Cl)cc1)N(c1ccn(-c3ccc(Cl)s3)c1=O)C2=O,高毒,593.0783,84.56108,,
c1n[nH]nc1-c1cc2c(n1-c1ccc(F)cc1F)C(c1ccc(Cl)cc1)N(c1cc(Cl)cn(C3CC(F)(F)C(C)(C)C3)c1=O)C2=O,中毒,17.475342,14.026334,0.193696584,4.469474583
c1n[nH]nc1-c1cc2c(c(-c3c(-c4cccc(F)c4)ncc(Cl)c3Cl)C2)c1,中毒,45.58695,28.294,0.635698698,3.364195784
c1n[nH]nc1-c1cc2c(n1-c1ccc(Cl)cc1F)C(c1ccc(Cl)cc1)N(c1cc(Cl)cn(C3CC(O)(CO)C3)c1=O)C2=O,中毒,12.488247,11.513729,0.22687237,4.043844886
c1n[nH]nc1-c1cn(-c2ccc3c(c2)OCC2(O-])(=O)CCC=C32)cn1,高毒,593.0783,84.56108,,
c1n[nH]nc1-c1cc2c(c(-c3cnn4nc(-c5cnn(C6c7ccc(F)cc7)c6)cc5c(=O)c34)CC(F)(F)C4)nc12,高毒,593.0783,84.56108,,
c1n[nH]nc1-c1cc2c(c(-c3cccnc3)c1)C(c1ccc(Cl)cc1)N(c1cc(Cl)n(C3CN(S(=O)(=O)c4ccc(C#N)cc4)C4)C3)c12,高毒,593.0783,84.56108,,
c1n[nH]nc1-c1cc2c(c(-c3cn[nH]c3)c1)C(c1ccc(Cl)cc1)N(c1cc(Cl)cn(C3CC(O)(CO)C3)c1=O)C2=O,低毒,6.3808517,10.425424,0.227357742,4.032704772
c1n[nH]nc1-c1cc2sc(-c3cncc(Cl)c3)cc2c1CSc1ncsc1-c1ccnc(N2CCONC2)c1,高毒,593.0783,84.56108,,
c1n[nH]nc1-c1cc2c(n1-c1cc(F)c(Br)cc1F)C(c1ccc(Cl)cc1)N(c1ccc(Cl)cc1)C3c1ccc(NC4CCN(C5CCC(O)C5)CC4)cc3,高毒,593.0783,84.56108,,
c1n[nH]nc1-c1cc2c(n1-c1ccc(Cl)cc1Cl)C(c1ccc(Cl)cc1)N(c1ccCl)C(c1ccccc1)N(c1ccCl)C(=O)c1ccsc12,高毒,593.0783,84.56108,,
c1n[nH]nc1-c1nc2c(n1-c1ccc(Cl)cc1F)C(c1ccc(Cl)cc1)N(c1ccc(Cl)nc1)C3c1ccnc(Cl)c1,高毒,593.0783,84.56108,,
c1n[nH]nc1-c1cc2c(n1-c1ccc(Cl)cc1)C(c1ccc(Cl)cc1)N(c1cc(Cl)cn(C3CC(O)(CO)C3)c1=O)C2=O,中毒,14.882899,11.513729,0.235038859,3.958725058
c1n[nH]nc1-c1cc2c(n1-c1ccc(F)cc1OC1CCC1)C(c1ccc(Cl)cc1)N(c1cc(Cl)cn(C4CC(O)(CO)C4)c1=O)C2=O,中毒,38.99518,11.513729,0.19243917,4.170228863
c1n[nH]nc1-c1cc2c(n1-c1ccc(Cl)cc1)C(c1ccc(Cl)cc1)N(c1cc(Cl)cc(Cl)c1)C3c1cc3c(cc1C2)C[N+](C)(C)C3,高毒,593.0783,84.56108,,
c1n[nH]nc1-c1cc2c(n1-c1ccc(Cl)cc1Cl)C(c1ccc(Cl)cc1)N(c1cc(Cl)cn(C3CC(O)(CO)C3)c1=O)C2=O,中毒,18.205946,11.513729,0.207895129,4.033490665
c1n[nH]nc1-c1cc2c(c(-c3ccc(F)cc3)c1)C(c1ccc(Cl)cc1)N(c1cc(Cl)cn(C3CC(O)(CO)C3)c1=O)C2=O,中毒,6.3808517,8.960914,0.225528973,3.817576037
c1n[nH]nc1-c1nc(-c2cnc3ccccc3c2)c2c(N3CCCC3)nccn12,中毒,14.403124,38.426247,0.51492815,2.918247415
c1n[nH]nc1-c1cc2c(c(-c3ccnc(-c4ccnc(F)c4)c3)c1)CN(c1cc(Cl)cn(C)c1=O)C3=O,高毒,593.0783,84.56108,,
c1n[nH]nc1-c1cc2sc(-c3ccnc4cncnc34)cc2c1Nc1cccc(CN2C(=O)C(=O)c3cncc(F)c3C2)c1,高毒,593.0783,84.56108,,
c1n[nH]nc1-c1cc2c(n1-c1ccc(Cl)cc1F)C(c1ccc(Cl)cc1)N(c1ccCl)C(c1ccc(Cl)cc1)N1C(=O)C(O)(C(=O)O)C1C3C1C2,高毒,593.0783,84.56108,,
c1n[nH]nc1-c1cnc(Nc2ccc3sccc3c2)nc1-c1cc(F)sc1,中毒,4.4734087,15.298526,0.443926685,3.097054039
c1n[nH]nc1-c1cc2c(n1-c1ccc(Cl)cc1)C(c1ccc(Cl)cc1)N(c1cc(Cl)cn(C3CC(O)(CO)C3)c1=O)C2=O,中毒,14.882899,11.513729,0.235038859,3.958725058
c1n[nH]nc1-c1nnn(C2(c3cc(-c4cccc(F)c4)cc(-c4cnc(Cl)cc4F)c3)C(CS(=O)(=O)c4ccc(Cl)cc4Cl)C(OCc4cccnc4)C3,高毒,593.0783,84.56108,,
c1n[nH]nc1-c1cc2c(n1-c1ccc(Cl)cc1)C(c1ccc(Cl)cc1)N(c1cc(Cl)cn(C3CC(O)(CO)C3)c1=O)C2=O,中毒,14.882899,11.513729,0.235038859,3.958725058
c1n[nH]nc1-c1cc2c(n1-c1ccc(F)cc1F)C(c1ccc(Cl)cc1F)N(c1cc(Cl)cn(C3CC(O)(CO)C3)c1=O)C3=O,高毒,593.0783,84.56108,,
c1n[nH]nc1-c1cc2c(c(-c3cc(Cl)ccc3O)c1)C(c1ccc(Cl)cc1)N(c1cc(Cl)cn(C3CC(O)(CO)C3)c1=O)C2=O,中毒,6.3808517,13.447941,0.180305152,3.934802582
c1n[nH]nc1-c1cc2c(c(-c3c(Cl)cccc3Cl)c1)C(c1ccc(Cl)cc1)N(c1cc(Cl)cn(C3CC(O)(CO)C3)c1=O)C2=O,中毒,6.3808517,8.960914,0.182666877,3.916990494
c1n[nH]nc1-c1cc2c(c(-c3ccc(-c4csc(C5CCC5)n4)c3)nc(N3CCOCC3)c1-c1ccc(F)cc3)C(c3ccc(Cl)cc3)C(C(=O)c4c,高毒,593.0783,84.56108,,
c1n[nH]nc1-c1cc2c(cn1)c(-c1cnn(C3COC33)c1)c1c(n2C2CC2)c2cc(Br)c(N)c(Cl)c2c1=O,高毒,593.0783,84.56108,,
c1n[nH]nc1-c1cc2c(c(-c3cc(Cl)cc(Cl)c3)c1)C(c1ccc(Cl)cc1)N(c1cccc(C(F)(F)F)c1F)C3,高毒,593.0783,84.56108,,
c1n[nH]nc1-c1cc2c(2nc(-c3cn4c(n3)CN(C3CC5(F)C3)C4)nn2)n(-c2ccccc2Cl)n1,高毒,593.0783,84.56108,,
c1n[nH]nc1-c1cc2c(n1-c1ccc(Cl)cc1)C(c1ccc(Cl)cc1)N(c1ccCl)C(c1ccc(Cl)cc1)N(c1ccc,高毒,593.0783,84.56108,,
c1n[nH]nc1-c1cc(N2Cc3cnc(NC4CCOCC4)c3C2)nc(NC2CCC2)n1,高毒,593.0783,84.56108,,
c1n[nH]nc1-c1nc2c(n1-c1ccc(OC(F)(F)F)cc1)C(c1ccc(Cl)cc1)N(c1ccCl)C2,高毒,593.0783,84.56108,,
c1n[nH]nc1-c1cc2c(n1-c1ccc(Cl)cc1F)C(c1cc2c(c(O)c1)C(c1ccc(Cl)cc1)N(c1cc(Cl)c(=O)n(C)c1)C3=O)C((F)(F),高毒,593.0783,84.56108,,
c1n[nH]nc1-c1nc(N2CCOCC2)c2cc(N3CCN(C4CCN(Cc5ccccn5)CC4)CC3)c(Cl)cc2n1,中毒,21.678848,16.621902,0.369431524,3.045452227
c1n[nH]nc1-c1cc2c(cc1-c1ccc3ncoc3c1)C(c1ccc(Cl)c(F)c1)N(c1cc(Cl)cn(C3CC(O)(CO)C3)c1=O)C2=O,中毒,7.487971,13.447941,0.204046385,4.165241791
c1n[nH]nc1-c1cc2c(c(-c3c(Cl)cccc3Cl)c1)CN(c1cnc(Oc4ccc(C(=O)NC5C6C7CC8C6C5)nc5C5)cc3)C12,高毒,593.0783,84.56108,,
c1n[nH]nc1-c1cc2c(c(-c3c(Cl)cccc3Cl)c1)C(c1ccc(Cl)cc1)N(c1cc(Cl)cn(C3CC(O)(CO)C3)c1=O)C2=O,中毒,6.3808517,8.960914,0.182666877,3.916990494
c1n[nH]nc1-c1cn2c(-c3ccnc(O-c4nc[nH]n4)c3)cnc2c1,高毒,593.0783,84.56108,,
c1n[nH]nc1-c1cc2c(n1-c1ccc(Cl)cc1)C(c1ccc(Cl)cc1)N(c1ccsc1)C2c1ccc(Cl)cc1,中毒,28.622856,23.107658,0.218620317,3.82978361
c1n[nH]nc1-c1cc2c(c(-c3c(Cl)cccc3Cl)c1-c1ccc(F)nc1)(C(c1ccc(Cl)cc1)N2F)N(c1cCOC1(CC1)C1C(=O)N(C2CCOCC,高毒,593.0783,84.56108,,
c1n[nH]nc1-c1nc2c(c(-c3ccc4ccc5ncccc5c4c3)n1)c(N1CCCC(O)C3)nc12,高毒,593.0783,84.56108,,
c1n[nH]nc1-c1cc2c(c(-c3cn(C4CC(O)C(O)C4)n3)c1)C(c1ccc(Cl)cc1)N(c1cc(Cl)cn(C4CC(O)(CO)C4)c3=O)(C1=O)C,高毒,593.0783,84.56108,,
c1n[nH]nc1-c1cc2c3c(c1OCC2)COc1cc2c(cc1-3)C(c1ccc(Cl)cc1)N(c1cc(Cl)nc(N4CCOCC4)n1)C3=O,高毒,593.0783,84.56108,,
c1n[nH]nc1-c1cc2c(c(-c3c(F)cccc3Cl)c1)C(c1ccc(Cl)cc1)N(c1cc(Cl)cn(C3CC(O)(CO)C3)c1=O)C2=O,中毒,6.3808517,8.960914,0.198124642,3.931028956
c1n[nH]nc1-c1cc2c(n1-c1ccc(F)cc1F)C(c1cccc2cc1)N(c1cc(Cl)n(C3CC(C(F)(F)F)C(O)C1)C3)c1c(F)cc1c(=O)c(,高毒,593.0783,84.56108,,
c1n[nH]nc1-c1cc2c(cc1-c1nc(C3CC3)no1)C=C(c1cc(Br)c(O)c(Br)c1)C1CC3CN1C2,高毒,593.0783,84.56108,,
c1n[nH]nc1-c1cc2c(c(-c3ccc4sc(S(=O)(=O)O)c(F)c4c3)CN(c3ncnc(N)c3Cl)C2)c1,中毒,28.55826,13.736887,0.326860962,3.896940367
c1n[nH]nc1-c1cc2c(c(-c2cn(Cc3ccc(Cl)c(Cl)c3)c2=O)c(=O)c(C(=O)O)c2cn(C3CC4CC4C3)c(=O)c2F)c1,高毒,593.0783,84.56108,,
c1n[nH]nc1-c1cc2c(n1-c1ccc(Cl)cc1)C(c1ccc(Cl)cc1)N(c1cc(Cl)cn(C3CC(O)(CO)C5(O)C5C)c4c(O)c(c5n3)CC1)C2,高毒,593.0783,84.56108,,
c1n[nH]nc1-c1cc2c(n1-c1ccc(Br)cc1)S(=O)(=O)c1cc(-c4ccccc4C(F)(F)F)ccc1-2,中毒,8.005589,29.037083,0.262310665,3.171209146
c1n[nH]nc1-c1cc2c(c(-c3cc(F)c(OCCOc6ccc(F)c(F)c4)cc3)c1)C(c1cn(-c4ccccc4)nc1-c1cc-3ccc3ccccc13)C2,高毒,593.0783,84.56108,,
c1n[nH]nc1-c1cnc(Oc2cnn(Cc3cccc(Cl)c3)c2)c1-c1ccnc(NC2CCNCC2)c1,高毒,593.0783,84.56108,,
c1n[nH]nc1-c1cc2c(cn1)c(-c1ccnc(Cl)c1)c(=O)n2OC1CC(O)C(O)C(O)C1,高毒,593.0783,84.56108,,
c1n[nH]nc1-c1cc2c(nc1Nc1csc(-c3cccnc3)c1)C(c1ccc(Cl)cc1)N(c1cc(Cl)cn(C3CC(O)C(O)C3)c1=O)C2=O,中毒,15.582575,12.110745,0.155334742,4.656596593
c1n[nH]nc1-c1csc(S(=O)(=O)N2CCN(c3ccccc3)CC2)c1,高毒,6.318265,12.197211,0.754612652,2.495714671
c1n[nH]nc1-c1nc2cc3nc(-c4nc[nH]n4)nc(-c4ccc(NC(=O)Nc5cccc6cnccc56)cc4)c3c2s1,高毒,593.0783,84.56108,,
c1n[nH]nc1-c1cnn2c1-c1cc(N=C4c5cccnc5C(c4ccc(Cl)cc4Cl)C3)ccc1C2,高毒,593.0783,84.56108,,
c1n[nH]nc1-c1nc2c(c(C(F)(F)F)c12)C(c1cccs1)=NC(c1ccc(Cl)cc1Cl)N(c1cc(Cl)c[nH]1)C2,高毒,593.0783,84.56108,,
c1n[nH]nc1-c1nc2nc3sc(O)nn3c(=O)c2c1-c1ccc(F)cc1Cl,高毒,593.0783,84.56108,,
c1n[nH]nc1-c1cc2sc(-c3ccn4c(-c5cnn(C)c5)nnc4c3F)cc2c1,高毒,593.0783,84.56108,,
c1n[nH]nc1-c1cc2c(c(-c3c(F)cccc3Cl)c1)C(c1ccc(Cl)cc1)N2c1ccc(Cl)cc1,低毒,4.2863264,23.129068,0.25784437,3.225059479
c1n[nH]nc1-c1nc2c(c(-c3c(F)cccc3Cl)c(=O)c3cn(C4CCCC4)cc3c2=O)C(c2ccc(Cl)cc2)CN(c2cc(Cl)nc4cc(Cl)ccc24),高毒,593.0783,84.56108,,
c1n[nH]nc1-c1nc2c(c(-c3coc(-c4csc(OC(CO)CO)n4)n3)n1)C(c1ccc(Cl)cc1Cl)C(c1cccCl)N(N)C3(C)C,高毒,593.0783,84.56108,,
c1n[nH]nc1-c1cc2c(c(-c3c(Cl)cccc3Cl)c1)C(c1ccc(Cl)cc1Cl)N(c1ccOC(F)(F)F)C(c2cc2cc(Cl)ccc2OC(F)(F)C(F)(F,高毒,593.0783,84.56108,,
c1n[nH]nc1-c1cc2sc(-c3noc(-c4noc(-c5ccc(C6CC6)nn5)c4=O)n3)c3c2c(n1)CCN(C4)CC3,高毒,593.0783,84.56108,,
c1n[nH]nc1-c1cc2c(c(-c3c(C4CCOCC4)cnn3C3CC(O)(S)C3)c1)C(c1ccc(Cl)cc1)N(c1cc(Cl)cn(C3CC(O)(CO)C3)c1=O,高毒,593.0783,84.56108,,
c1n[nH]nc1-c1cc2c3c(n[nH]c3c1)C(c1ccc(Cl)cc1)N(c1cc(Cl)cn(C3CC(O)(CO)C3)c1=O)=C2,高毒,593.0783,84.56108,,
c1n[nH]nc1-c1cnc2c(NC3CCOCC3)nc(-c3ccc(C(O)(c4ccccc4)C(F)(F)F)cc3)c2c1,高毒,593.0783,84.56108,,
c1n[nH]nc1-c1cc2c(n1-c1ccc(Cl)cc1F)C(c1ccc(Cl)cc1)N(1c3ccc(Cl)cc3F)C(c3ccc(Cl)cc3)(c3ccsc3)C(O)(Cc3ccc,高毒,593.0783,84.56108,,
c1n[nH]nc1-c1cn2c(-c3cn[nH]c3F)c(-c3cnc4cccc5c4ncn5c4)cc(c23)cn1,高毒,593.0783,84.56108,,
c1n[nH]nc1-c1cc2c(n1-c1ccc(F)cc1F)C(c1ccc(Cl)cc1)N(c1cc(Cl)cn(C3CC(O)(P(=O)(O)O)C5)c3c1=O)C2,高毒,593.0783,84.56108,,
c1n[nH]nc1-c1cc2c(c(-c3nc(-c4c(F)ccc(F)c4F)no3)C1)C(c1ccc(Cl)cc1)N(c1cc(Cl)cn(C4CC(O)(CO)C4)c1=O)c1=,高毒,593.0783,84.56108,,
c1n[nH]nc1-c1oc(C(2C(F)(F)F)CS2)c(Cl)c1=S,高毒,593.0783,84.56108,,
c1n[nH]nc1-c1cc2c(n1-c1ccc(F)c(F)c1)C(c1ccc(Cl)cc1)N(c1cc(Cl)cn(C3CC(O)(CO)C3)c1=O)C2=O,中毒,14.882899,11.513729,0.244621212,4.042443385
c1n[nH]nc1-c1nn2c(OC3CC(Oc4cnc(C(F)(F)F)cn4)C3)nc3cc(OCc4ccc(Cl)cc4)cc(Br)c3c2c1=O,高毒,593.0783,84.56108,,
c1n[nH]nc1-c1cc2c(cc1-c1ccc(Cl)cc1)N(c1cc(Cl)cn(C3CC(O)=C(O)C3)c1=O)C3=O,高毒,593.0783,84.56108,,
c1n[nH]nc1-c1cc2c(c(-c3c(Cl)cccc3Cl)c1)C(c1ccc(Cl)cc1)N(c1cc(Cl)cn(C3CC(O)(c5cc(Cl)cc(F)c5)C4)c3=O)C1=O,高毒,593.0783,84.56108,,
c1n[nH]nc1-c1cc2c(c(-c3nc4c(-c5cnn6nnccc56)cc(Cl)c34)CC3COC(=O)N23)c1N1CCN(c2ccccn2)CC1,高毒,593.0783,84.56108,,
c1n[nH]nc1-c1nc2c([(-c3csc(-c4ccon4)c3C(F)(F)F)n1)CN(Cc1nc3c(c(=O)[nH]1)COCC5)CC2,高毒,593.0783,84.56108,,
c1n[nH]nc1-c1cc2c(c(-c3cc(F)nc(-c4ccc(Br)cc4)c3)c1)C(c1ccc(Cl)cc1)N(c1cc(Cl)cn(C3CC(O)(CO)C3)c1=O)C2=,高毒,593.0783,84.56108,,
c1n[nH]nc1-c1cc2c(c(N3CCOCC3)c1)C(c1ccc(Cl)cc1)N(c1cc(Cl)cn(C3CC(O)(CO)C3)c1=O)C2=O,中毒,22.277517,26.52157,0.296703152,3.928756136
c1n[nH]nc1-c1cc2c(c(-c3n[nH]c2-c4cccnc4)cc2c1cc(OCC(F)(F)F)c1cc2c(c1)OCO3)C(O)C3,高毒,593.0783,84.56108,,
c1n[nH]nc1-c1cc2c(n1-c1ccc(Cl)cc1)C(c1ccc(Cl)cc1)N(c1cc(Cl)cn(C3CC(O)(CO)C3)c1=O)C2=O,中毒,14.882899,11.513729,0.235038859,3.958725058
c1n[nH]nc1-c1cc2c(n1-c1cc(Cl)cc(Cl)c1)C(c1ccc(Cl)cc1)N(c1cc(Cl)cn(C3CC(O)(CO)C3)c1=O)C2=O,中毒,14.882899,11.513729,0.207895129,4.073964211
c1n[nH]nc1-c1cc2c(c(-c3c(Cl)cccc3Cl)c1)C(c1ccc(Cl)cc1)N(c1cc(Cl)cn(C3CC(O)(CO)C3)c1=O)C2=O,中毒,6.3808517,8.960914,0.182666877,3.916990494
c1n[nH]nc1-c1cc2c(c(-c3c(Cl)cccc3Cl)c1)C(c1ccc(Cl)cc1)N(c1cc(Cl)cn(C3CC(O)(C(F)(F)F)C3)c1=O)C2=O,低毒,12.849881,8.960914,0.190237208,3.999772989
c1n[nH]nc1-c1cc2c(c(-c3c(Cl)cccc3Cl)c1)C(c1ccc(Cl)cc1)N(c1cc(Cl)cn(C3CC(O)(CO)C3)c1=O)C2=O,中毒,6.3808517,8.960914,0.182666877,3.916990494
c1n[nH]nc1-c1cc2c(n1-c1cc(Cl)cc(Cl)c1)C(c1ccc(Cl)cc1)N(c1cc(Cl)sn1)C3c1ccc(Cl)cc3C(C2)N1,中毒,17.272402,19.648664,0.196323969,5.979746194
c1n[nH]nc1-c1cc2c(c(-c3c(Cl)cccc3Cl)c1)C(c1ccc(Cl)cc1)N(c1ccN(c4ncc(Cl)cn4)CC3)Cc1cc2c(Cl)cncc12,高毒,593.0783,84.56108,,
c1n[nH]nc1-c1cc2c(c(-c3cc(N4CC5(OC4)C5)nn3)ncnc2OCC2CO2)c1,高毒,593.0783,84.56108,,
c1n[nH]nc1-c1cc2c(n1-c1ccc(N4CCNCC4)nc1)C(c1ccc(Cl)cc1)N(c1cc(Cl)cn(C3CC(O)(CN)C5)c1=O)C2=O,高毒,593.0783,84.56108,,
c1n[nH]nc1-c1cc2c(n1-c1ccc(F)cc1F)C(c1cccC1=O)N(c1cc(Cl)cn(C3CC(O)(CO)C3)c1=O)C2=O,中毒,10.328205,13.16881,0.305493001,4.311150001
c1n[nH]nc1-c1cc2c(c(-c3cc4c([nH]3)CN(c3ccc5ncc(F)cc5n3)CC(O)C(F)(F)C5)c12)C(c1ccncc1)N(c1cc(Cl)cn(C,高毒,593.0783,84.56108,,
c1n[nH]nc1-c1cc2c(c(-c3c(Cl)cccc3Cl)c1)C(c1ccc(Cl)cc1)N(c1cc(Cl)cn(CC3CC(O)(CO)C3)c1=O)C2=O,中毒,6.3808517,33.72721,0.172067346,3.967144812
c1n[nH]nc1-c1cc2c(c(-c3c(Cl)cccc3Cl)c1)C(c1ccc(Cl)cc1)N(c1cc(Cl)cn(C3CC(O)(CO)C3)c1=O)C2=O,中毒,6.3808517,8.960914,0.182666877,3.916990494
c1n[nH]nc1-c1cc2c(c(-c3c(Cl)cccc3Cl)c1)C(c1ccc(Cl)cc1)N(c1cc(Cl)cn(C3CC(O)(CO)C3)c1=O)C2=O,中毒,6.3808517,8.960914,0.182666877,3.916990494
c1n[nH]nc1-c1cc2c(c(-c3c(Cl)cccc3Cl)c1)C(c1cccc(Cl)c1)N(c1cc(Cl)cn(C3CC(O)(CO)C3)c1=O)C2=O,中毒,6.3808517,8.960914,0.182666877,3.944231153
c1n[nH]nc1-c1cc2c(nc1-c1ccc(Cl)cc1)C(c1ccc(Cl)cc1)N(c1cc(Cl)cn(C3CC(O)(CO)C3)c1=O)C2=O,中毒,13.216523,12.087409,0.222087234,3.922002836
c1n[nH]nc1-c1cc2c(n1-c1ccc(Cl)cc1C(F)(F)F)C(c1ccc(Cl)cc1)N(c1cc(Cl)cn(C3CC(O)(CO)C3)c1=O)C2=O,中毒,14.882899,11.513729,0.192783252,4.146765888
c1n[nH]nc1-c1cc2c(n1-c1ccnc(F)c1)C(c1ccc(Cl)cc1)N(c1ccHc(Cl)c(=O)c1O)C3,高毒,593.0783,84.56108,,
c1n[nH]nc1-c1cc2c(c(-c3c(Cl)cccc3Cl)c1)C(c1ccc(Cl)cc1)N(c1cc(Cl)cn(C3CC(O)(CO)C3)c1=O)C2=O,中毒,6.3808517,8.960914,0.182666877,3.916990494
c1n[nH]nc1-c1c2c(nc3cc(SSC4CCOCC4)c(-c4ccc(Cl)cc4)cc13)C(c1ccc(Cl)cc1)N(c1cc(Cl)cn(C3CC(O)(CO)C3)c1=O,高毒,593.0783,84.56108,,
c1n[nH]nc1-c1cc2c(n1-c1ccc(Cl)cc1C(F)(F)F)C(c1ccc(Cl)cc1)N(c1cc(Cl)cn(C3CC(O)(CO)C3)c1=O)C2=O,中毒,14.882899,11.513729,0.192783252,4.146765888
c1n[nH]nc1-c1cc2c(c(-c3c(Cl)cccc3Cl)c1)C(c1ccc(Cl)cc1)N(c1cc(Cl)c(=O)n(C3CC3)c1=S)C3=O,高毒,593.0783,84.56108,,
c1n[nH]nc1-c1cc2c(cc1F)c(=O)c(C(=O)O)c(OC(C(F)(F)F)C(F)(F)F)c1s2,高毒,593.0783,84.56108,,
c1n[nH]nc1-c1csc(-c2noc(-c3snnc3-c3ccncc3)n2)c1=O,高毒,593.0783,84.56108,,
c1n[nH]nc1-c1cc2c(c4ncnc(N5CC(O)C(N6CCN(CCNCCO)1)CC5)c12)c1cccnc1,高毒,593.0783,84.56108,,
c1n[nH]nc1-c1nc2c(c(-c3ncc4c(n3)-c3ccccc3Sc3cccnc3-3)C(c3ccc(Cl)cc3)N(c4cc(Cl)cn(C5CC(N6CCOCC6)C6)c5,高毒,593.0783,84.56108,,
c1n[nH]nc1-c1cc2c(c(-c3c(Cl)cccc3Cl)c1)C(c1ccc(Cl)cc1)N(c1cc(Cl)cn(C3CC(O)(CO)C3)c1=O)C2=O,中毒,6.3808517,8.960914,0.182666877,3.916990494
c1n[nH]nc1-c1cn2c(-c3n[nH]c4nnc(Cl)c34)cc(-c3ccnc(NC4CCOCC4)c3)c(=O)c2c1,高毒,593.0783,84.56108,,
c1n[nH]nc1-c1cc2c(c(-c3ccc(Cl)cc3)c1)C(c1ccc(Cl)cc1F)N(c1cc(Cl)cn(C3CC(O)(CO)C3)c1=O)C2=O,中毒,5.093859,8.960914,0.198124642,3.918032252
c1n[nH]nc1-c1cc2cc(Sc3nccc(N4C(=O)OC5(COC5)C4)cc3=O)cc2s1,高毒,593.0783,84.56108,,
c1n[nH]nc1-c1cc2c(c(-c3cccc(C(=O)Nc4cccnc4F)c3)c1)C(c1ccc(Cl)cc1)N(c1cc(Cl)cn(C3CC(O)C(O)C3)c1=O)C2=,高毒,593.0783,84.56108,,
c1n[nH]nc1-c1cc2c(n1-c1cc(Cl)ccc1Cl)C(c1ccc(Cl)cc1)N(c1cc(Cl)cn(C3CC(O)(CO)C3)c1=O)C2=O,中毒,18.205946,11.513729,0.207895129,4.044037381
c1n[nH]nc1-c1csc(-c2csc(-n3ncc(=O)c4c(F)cc(-c5cnnC5)sc45)c3C2)c1=O,高毒,593.0783,84.56108,,
c1n[nH]nc1-c1cc2c(c(-c3c(Cl)cccc3Cl)c1)C(c1ccc(Cl)cc1)N(c1cc(Cl)cn(C3CC(O)(CO)C3)c1=O)C2=O,中毒,6.3808517,8.960914,0.182666877,3.916990494
c1n[nH]nc1-c1cc2c(n1-c1ccc(F)cc1)C(c1ccc(Cl)cc1)N(c1ccc(Cl)cc1)C3c1ccsc1,高毒,593.0783,84.56108,,
c1n[nH]nc1-c1cc2c(n1-c1ccc(Cl)cc1Cl)C(c1ccc(Cl)cc1)C3(c1ccc(Cl)cc1)N(C1(CF)CCC3)CCN(C2)C1,中毒,28.345415,36.510887,0.199574134,6.301037563
c1n[nH]nc1-c1cc2c(c(-c3csc4ncnc(NC5CCC(OCc6ccccc6)CC5)c34)CC3)c12,高毒,593.0783,84.56108,,
c1n[nH]nc1-c1cc2sc(-c3cc4c(o3)CCCc3cnc(N4CC(O)CO4)nc3-4)cc2c1,高毒,593.0783,84.56108,,
c1n[nH]nc1-c1cc2c(n1-c1ccc(Cl)cc1F)C(c1ccc(Cl)cc1)N(c1cc(Cl)cn(C3CC(O)(CO)C3)c1=O)C2=O,中毒,12.488247,11.513729,0.22687237,4.043844886
c1n[nH]nc1-c1cc2c(1c1c(Cl)cccc1Cl)C(c1ccc(Cl)cc1)N(c1cc2c(s1)CCO3)C(C#N)(Cc1ccc(Cl)cc1)C3,高毒,593.0783,84.56108,,
c1n[nH]nc1-c1cc2c(c(-c3c(Cl)cccc3Cl)c1)C1(CCCC1)C(c1ccc(Cl)cc1)N(c1cc(Cl)cn(C3CC(O)(Cn5c[nH]c5)C4=O)c1,高毒,593.0783,84.56108,,
c1n[nH]nc1-c1cc2c(n1-c1ccc(Cl)cc1)C(c1ccc(Cl)cc1)N(c1ccCl)C(F)(F)C1,高毒,593.0783,84.56108,,
c1n[nH]nc1-c1cn2c(C14CC5CC(CC(S5(=O)=O)C3)C4)cn(-c3ccc(-c4nc(SCCO)no4)cc3)c(=O)c12,高毒,593.0783,84.56108,,
c1n[nH]nc1C12CCCC(c3ncn4c3Cn4nncc4C1)(C3)C2,高毒,593.0783,84.56108,,
c1n[nH]nc1-c1cc2c(c(-c3cc(Cl)cc(Cl)c3)c1)C(c1ccc(Cl)cc1)N(c1cc(Cl)cn(C3CC(O)(CO)C3)c1=O)C2=O,中毒,6.3808517,8.960914,0.182666877,3.934706978
c1n[nH]nc1-c1cc2c(c(-c3c(Cl)c4ccc(F)cc4oc3=O)c1)CN(c1ccc(=O)n(-c4ccnn4C4CCOC4)c13)C2,高毒,593.0783,84.56108,,
c1n[nH]nc1-c1cc2c(n1-c1ccc(F)cc1F)c(cc1ccc(-c3nnco3)cc1o1)c1cc(C(F)(F)F)cc(C(F)(F)F)c12,高毒,593.0783,84.56108,,
c1n[nH]nc1-c1nc2c(-c3ccncc3)cc(-c3ccnn3C3CC(F)(F)C3)cc2c(-c2cc3cnc(N4CC(CO)C6)c(F)c4n3)cnc12,高毒,593.0783,84.56108,,
c1n[nH]nc1-c1cc2c(n1-c1ccc(Cl)cc1F)C(c1ccc(Cl)cc1)N(c1cc(Cl)cn(C3CC(O)(CO)C3)c1=O)C2=O,中毒,12.488247,11.513729,0.22687237,4.043844886
c1n[nH]nc1-c1nc(Nc2ccc3c(c2)OCO3)c2nc(N3CCOCC3)sc2n1,中毒,32.553894,23.149254,0.503690736,2.953690956
c1n[nH]nc1-c1cc2c(c(-c3c(Cl)cc(Cl)c(Cl)c3Cl)c1)C1C3Cc4ccc(N(CC(F)(F)F)S(=O)(=O)N(C(C)CO)C5)c(=O)c4C(=O,高毒,593.0783,84.56108,,
c1n[nH]nc1-c1cc2c(n1-c1ccc(Cl)cc1Cl)C(c1ccc(Cl)cc1)N(c1ccc(Cl)cc1)C3c1ccc(C#N)cc1C1=NC(N)NSC3(CO)C=CC1,高毒,593.0783,84.56108,,
c1n[nH]nc1-c1ccc2c(c1)N(C1CCC(Oc3ccc(F)cc3F)CC1)C3=O,高毒,593.0783,84.56108,,
c1n[nH]nc12C1COCC(Cn3ncc4c(N5CCOCC5)nc(OCc6cc(F)c(Br)cc6Cl)c5c4=O)C(CO)C3OC21,高毒,593.0783,84.56108,,
c1n[nH]nc1-c1cc2c(n1-c1ccc(F)cc1F)C(c1ccc(Cl)cc1)N(c1cc(Cl)c(=O)n(C3C2CC4(CN(C5CC(O)(CO)C5)C5)C(=O)N,高毒,593.0783,84.56108,,
c1n[nH]nc1-c1n[nH]c2cc(NC(=O)CCc3c(F)cccc3Cl)cc(-c3cc(OCC=Cc4cc5c(cc4Cl)OCO5)cc4ncnc(Cl)c34)c12,低毒,3.1266565,10.556585,0.116726483,3.659375522
c1n[nH]nc1-c1cc2c(n1-c1ccccc1Cl)C(c1ccc(Cl)cc1)N(c1ccc(Cl)c(Cl)c1)C1=C2OC1(C(F)(F)F)C(=O)N1CCOc1ccc(Br),高毒,593.0783,84.56108,,
c1n[nH]nc1-c1cnc2c(c1)nc(Cl)c1nc(Nc3cn[nH]c3C3(CO)CC3)ncc12,中毒,21.367714,32.220707,0.240962017,3.579403704
c1n[nH]nc1-c1cc2c(c(-c3c[nH]c4ncc(-c5c[nH]cn7)cc34)C(c3ccc(Cl)cc3)N(c3ccc(Cl)cc3)C4=O)c12,高毒,593.0783,84.56108,,
c1n[nH]nc1-c1cc2c(n1-c1ccc(F)cc1)c1cc(Cl)cc(Cl)c1c1cc(-c3cnn4nccs34)ccc12,高毒,593.0783,84.56108,,
c1n[nH]nc1-c1cc2c(n1-c1ccc(Cl)cc1)N(c1cc(Cl)cn(C3CC(O)C(O)C3)c1=O)C2,中毒,33.35466,34.27415,0.396837396,4.139178167
c1n[nH]nc1-c1cc2c(c(-c3cc(Cl)ccc3OC(F)(F)F)c1)C(c1ccc(Cl)cc1)N(c1cc(Cl)cn(C3CC(O)(CO)C3)c1=S)C2=O,中毒,6.3808517,37.016857,0.143429667,4.132581962
c1n[nH]nc1-c1cc2c(n1-c1cc(Cl)ccc1Cl)C(c1ccc(Cl)cc1)N(c1cc(Cl)cn(C3CC(O)(CO)C3)c1=O)C2=O,中毒,18.205946,11.513729,0.207895129,4.044037381
c1n[nH]nc1-c1cc2c(c(-c3cnc(C4CC4#n5cc(-c6sccc6-c6ccc(F)cc6)c5)cn4)C(c4ccccc4C4(O)CCN(C(=O)c5cc(Br)o,高毒,593.0783,84.56108,,
c1n[nH]nc1-c1cc2c(n1-c1cccnc1)C(c1ccc(Cl)cc1)N(c1cc(Cl)cn(C3CC(O)(CO)C3)c1=O)C2=O,中毒,14.882899,11.513729,0.266700003,4.044718347
c1n[nH]nc1-c1cc2c(n1-c1ccc(Cl)cc1)C(c1cccc(Cl)c1)N(c1ccH3cn(-c4ccc(F)cc6)nc4cc3c1=O)C(c1ccc(Cl)cc1)N(,高毒,593.0783,84.56108,,
c1n[nH]nc1-c1c[nH]c2ncc(-c3cc(OC4CCOCC4)cc(-c4ccccc4)c3-c3ccnc(Nc4cn(-c5nc6c(F)ccc(F)c6n5)nc4-c4cn,高毒,593.0783,84.56108,,
c1n[nH]nc1-c1cc2c(n1-c1ccc(Cl)cc1F)c(c6cccnc4c1)C(c1ccc(Cl)cc1)N(c1cc(Cl)cn(C3CC(O)(CO)C3)c1=O)C2=O,高毒,593.0783,84.56108,,
c1n[nH]nc1-c1cc2c(n1-c1ccc(Cl)cc1)C(c1ccc(Cl)cc1)S(c1ccN(c4ccccc4)cc1)N(c1cc(Cl)cn(C3CC(O)(CO)C3O)c1=,高毒,593.0783,84.56108,,
c1n[nH]nc1-c1cc2c(n1-c1ccc(F)cc1)C(c1ccc(Cl)cc1)N(c1cc(Cl)cn(C3CC(O)(CO)C3)c1=O)C2=O,中毒,14.882899,11.513729,0.252765996,3.961679667
c1n[nH]nc1-c1cc2c(n1-c1ccc(Br)cc1F)C(c1ccc(Cl)cc1)N(c1cc(Cl)cn(C3CC(O)(CO)C3)c1=O)C2=O,中毒,15.540574,11.513729,0.216603914,4.066847513
c1n[nH]nc1-c1nc2c(c(-c3cnc4cc(F)ccc4c3)c1)C(c1ccc(Cl)cc1)N(c1cc(Cl)cn(C3CC(O)(CO)C3)c1=O)C2=O,中毒,39.425797,12.110745,0.208395452,4.054986925
c1n[nH]nc1-c1nnn2c1nc(Oc1ccc(C(F)(F)P(=O)(O)OC(C3CC3)C4CC4)cc1)c12,高毒,593.0783,84.56108,,
c1n[nH]nc1-c1c(-c2ccoc2)nc2sc(-c3cc4ccncc4nc3OCc3coc(-c4ccc(CN5CCOCC5)cc4)c3=O)nc12,高毒,593.0783,84.56108,,
c1n[nH]nc1-c1cc2c3c(oc2c1)CC(C(F)F)(C(F)(F)F)C(c1ccc2c(c1)OCO4)C(c1cc2sc(Cl)cc2c1Cl)N3,高毒,593.0783,84.56108,,
c1n[nH]nc1-c1cnc2[nH]c(-c3cc4cc(-c5noc(-c6ccnn6)n5)ccc4c3)cc2c1,高毒,593.0783,84.56108,,
c1n[nH]nc1-c1cc2c(nc1N1CCC(F)(c3cccc4ncccc34)CC1)CN(c1nc(Cl)cnc3c1C#N)CC2,高毒,593.0783,84.56108,,
c1n[nH]nc1-c1cc2c(c(-c3c[nH]c4ccc(F)cc34)c1)C(c1ccc(Cl)cc1)N(c1cc(Cl)cn(C3CCN(C(=O)OCC(F)(F)F)C3)c1=,高毒,593.0783,84.56108,,
c1n[nH]nc1-c1ccc2c(N3CCCCC3)c(Cc3ccc4c(c3)OCO4)nc(-c3cnc(Oc4ccc5ncccn56)cc4c3)c2c1,高毒,593.0783,84.56108,,
c1n[nH]nc1-c1csc(CNc2nc(-c3cccc4ccccc34)cc3c2COc2coc(N4CCOCC4)c2=O)n1,高毒,593.0783,84.56108,,
c1n[nH]nc1-c1cc2c(n1-c1ccc(F)cc1F)C(c1ccc(Cl)cc1)N(c1cc(Cl)cn(C3CC(O)(CO)C3)c1=O)C2=O,中毒,12.488247,11.513729,0.244621212,4.0385462
c1n[nH]nc1-c1cc2c(n1-c1ccc(Cl)cc1Cl)C(c1ccc(Cl)cc1)N(c1cc(Cl)cn(C3CC(O)(CO)C3)c1=O)C2=O,中毒,18.205946,11.513729,0.207895129,4.033490665
c1n[nH]nc1-c1cc2ccc(-c3cn4cc(-c5cc6ccncc6s5)cc4c3-c3cncn3-c3ncnc(N)c3Br)cc2o1,高毒,593.0783,84.56108,,
c1n[nH]nc1-c1cc2c(c(-c3c(F)cccc3F)c1)C(c1ccc(Cl)cc1)N(c1cc(Cl)cn(C3CC(O)(CO)C3)c1=O)C2=O,中毒,6.3808517,8.960914,0.216988584,3.927417967
c1n[nH]nc1-c1ncc2c(n1)-c1cc(-c3cccnc3)c(=Nc3ccc(F)cc3F)cc1CC2,高毒,593.0783,84.56108,,
c1n[nH]nc1-c1cc2c(c(-c3ccc(F)cc3F)c1)C(1-c3ccc(F)cc3)C(c3ccc(Cl)cc3)(C(c3ccc(Cl)cc3)N1C3CCC3)C(O)C3C,高毒,593.0783,84.56108,,
c1n[nH]nc1-c1c(-c2ccncc2F)nc2cnc(-c3cc(Cl)c(O)c(Cl)c3)cc12,高毒,593.0783,84.56108,,
c1n[nH]nc1-c1cc2c(c(-c3ccc4c(n3)-c3ccccc3Cl)CN(c3ccc(F)cc3Cl)CC4)c1O2,高毒,593.0783,84.56108,,
c1n[nH]nc1-c1cc2c(c(-c3c(Cl)cccc3Cl)c1)CCN(c1cnc(CC(O)(Cn4cncn4)c4ccc7ncccc7c4)cc3)=CC2C1,高毒,593.0783,84.56108,,
c1n[nH]nc1-c1cc2n(c1-c1ccc(Cl)cc1F)C(c1ccc(Cl)cc1)N(c1cc(Cl)cCl)C1(CO)C2c1ccc(Cl)cc1,高毒,593.0783,84.56108,,
c1n[nH]nc1-c1cc2c(c(-c3cc6c(n32)CCCNC5)C1)C(c2cccs2)N(c2cc(Cl)cn(C4CC(O)(CO)C4)c1=O)C3=O,高毒,593.0783,84.56108,,
c1n[nH]nc1-c1cc2c(n1-c1ccc(Cl)cc1F)C(c1ccc(Cl)cc1)N(c1cc(Cl)cn(C31CC(O)(C3)C3)c1=O)C2=O,高毒,593.0783,84.56108,,
c1n[nH]nc1-c1cc2c(c(-c3cccc(Br)c3N3CCC(F)C3)c1)C(c1ccc(Cl)cc1)N(c1cc(Cl)cn(C3CCOC3)c1=O)C2=O,低毒,8.516022,16.862432,0.191962575,4.510504933
c1n[nH]nc1-c1cc2c(c(-c3cn(-c4ccc(N5CCCCC5)c()c4)c2=O)C(c2ccc4c(c2)OCO4)OCC3c2ccc(Cl)cc2)c1,高毒,593.0783,84.56108,,
c1n[nH]nc1-c1cc2c(n1-c1ccc(Cl)cc1Cl)C(c1ccc(Cl)cc1)N(c1cc(Cl)cn(C3CC(O)(CO)C3)c1=O)C2=O,中毒,18.205946,11.513729,0.207895129,4.033490665
c1n[nH]nc1-c1ccc2c(NC(CO3CCNCC3)P(=O)(Oc3ccccc3)C3(CS3)n3nccc3C=NOCc4ccccc43)ncnc2c1,高毒,593.0783,84.56108,,
c1n[nH]nc1-c1cc2c(n1-c1ccc(Cl)cc1)C(c1ccc(Cl)cc1)N(c1cc(Cl)cn(C3CC(O)(CO)C3)c1=O)C2=O,中毒,14.882899,11.513729,0.235038859,3.958725058
c1n[nH]nc1-c1cc2c(n1S(=O)(=O)c1ccc(Cl)cc1Cl)C(c1ccc(Cl)cc1)N(c1cc(Cl)cn3nc(=O)[(H])c3c1)C2=O,高毒,593.0783,84.56108,,
c1n[nH]nc1-c1nc2c(n1-c1ccc(Cl)cc1F)C(c1ccc(Cl)cc1)N(c1cc(Cl)cn(C3CC(O)(CO)C3)c1=O)C2=O,中毒,24.818281,34.717995,0.24003053,4.069778845
c1n[nH]nc1-c1cc2c(n1-c1ccc(Cl)cc1)C(c1ccc(Cl)cc1)N(c1cc(Cl)cn(C3CC(O)(CO)C3)c1=O)C2=O,中毒,14.882899,11.513729,0.235038859,3.958725058
c1n[nH]nc1-c1cc2c(n1-c1cccs1)C(c1ccc(Cl)cc1)N(c1cc(Cl)c(=O)n(C3CC3)c1=O)C3,高毒,593.0783,84.56108,,
c1n[nH]nc1-c1c[nH]nc1-c1ccc(-c2c3[nH]c4ccccc4c3c3cc(-c4c(Cl)cccc4Cl)nc(Nc4ccc(F)cc4)c4C3=N2)c1,高毒,593.0783,84.56108,,
c1n[nH]nc1-c1cc2c(cc1n1C4C=CC(O3)C1COP(=O)(O)OC3)OCO2,高毒,593.0783,84.56108,,
c1n[nH]nc1-c1cc2c(c(-c3cc(F)c(OCc4ccc(C#N)cc4)cc3)c1)C(c1ccc(Cl)cc1)N(c1cc(Cl)cn(C3CC(O)(CO)C3)c1=O),高毒,593.0783,84.56108,,
c1n[nH]nc1-c1nnc(SCCc2cn3c(n2)-c2ccccc2N(C(=O)c2ccc(Cl)c(Cl)c2)C2CCCC23)c1OC1CC1,高毒,593.0783,84.56108,,
c1n[nH]nc1-c1cc2c(n1-c1cc(Cl)cc(Cl)c1)C(c1ccc(Cl)cc1)N(c1cc(Cl)c(=O)n(C3CC(O)(CO)C3)c1=O)C2,高毒,593.0783,84.56108,,
c1n[nH]nc1-c1cc2c(c(-c3cccnc3)c1)C(c1ccc(Cl)cc1F)N(c1cc(Cl)cn(C3CC(O)(CO)C3)c1=O)C2=O,中毒,7.60912,8.960914,0.240792765,3.981541297
c1n[nH]nc1-c1cc2c3c(n(C4CCCCC4)c2c1)C(c1ccc(Cl)cc1Cl)N(c2cc(Cl)cn(C4CC(O)(CO)C4)c(=O)c13)C3=O,高毒,593.0783,84.56108,,
c1n[nH]nc1-c1cc2c(c(-n3cc(C4CC4)nn3)c1)Oc1cc(Br)cc(F)c12,中毒,5.4020686,24.97023,0.439463208,3.270205835
c1n[nH]nc1-c1cc2c(n1-c1ccc(F)c(Cl)c1)C(c1ccc(Cl)cc1)N(c1cc(Cl)cn(C3CC(O)(CO)C3)C1=O)c1=O,高毒,593.0783,84.56108,,
c1n[nH]nc1-c1cc2c(c(-c3ccc(Cl)cc3F)c1)C(c1ccc(Cl)cc1)N(c1cc(Cl)cn(C3CC(O)(CO)C3)c1=O)C2=O,中毒,6.3808517,8.960914,0.198124642,3.908782802
c1n[nH]nc1-c1nc2c(n1-c1c(Cl)cc3c(c1Cl)COP(F)(F)O3)C(c1ccc(Cl)cc1)N(c1cc(Cl)cn(C3CC(O)(CO)C3)c1=O)C2=O,中毒,58.040432,13.503714,0.163402118,4.981516298
c1n[nH]nc1-c1cc2c(n1-c1ccc(Cl)cc1F)C(c1coc3c(Br)cccc13)CN(c1cc(OCCO)cc(C(=O)N4CCOCC4)c1)C3,高毒,593.0783,84.56108,,
c1n[nH]nc1-c1cc2n(c1-c1ccc(Cl)cc1)C(c1ccc(Cl)cc1)N(c1cc(Cl)cn(C3CC(O)(CO)C3)c1=O)C2=O,中毒,19.951618,13.503714,0.230978464,4.013029445
c1n[nH]nc1-c1cc2c(Nc3ccc(I)c(Cl)c3)ncnc2cc1OCCSc1nnnn1Cc1ccc(F)c(Cl)c1,中毒,12.04934,51.219334,0.092421195,3.190800844
c1n[nH]nc1-c1cc2sc(-c3ccnc(Nc4cc[nH]n4)n3)c(=O)c2nc1OC1CC(F)(F)CC1,高毒,593.0783,84.56108,,
c1n[nH]nc1-c1nc2c([nH]c3cc4occc4o3)c(=O)c12,高毒,593.0783,84.56108,,
c1n[nH]nc1-c1cc2c(c(-c3c(F)cccc3Cl)n1)C(c1ccc(Cl)cc1)N(c1cc(Cl)cn(C3CC(O)(CO)C3)c1=O)C2=O,中毒,7.4282966,12.110745,0.21437153,3.982923461
c1n[nH]nc1-c1cc2c(c(-c3c4c(n[nH]c4=O)c2F)C(c2ccc(Cl)cc4)N(c2cc(Cl)c(=O)c(C(=O)N(C)C)n2)C3)C(c2nnc(-c,高毒,593.0783,84.56108,,
c1n[nH]nc1-c1cc(-c2ccnc(Nc3ncc(Cl)c(Cl)c3)n2)cc1C1COc2ccccc21,高毒,593.0783,84.56108,,
c1n[nH]nc1-c1cc2c(n1-c1ccc(Cl)cc1F)C(c1ccc(Cl)cc1)N(c1cc(Cl)cn(C3CC(O)(CO)C3)c1=O)C2=O,中毒,12.488247,11.513729,0.22687237,4.043844886
c1n[nH]nc1-c1c2c(c(C3C45CC6CC(CC(C6)C4)C5)c(=O)n(CC4CC4)c3=O)nc(NC3C4CC5CC(C3)CC4C5)c2n1,高毒,593.0783,84.56108,,
c1n[nH]nc1-c1cc2c(n1-c1ccc(Cl)cc1F)C(c1cccc(Cl)c1)N(c2cc(Cl)c=O)C(=O)C1,高毒,593.0783,84.56108,,
c1n[nH]nc1-c1cc2c(-c3cccs3)nc3c(c2cn1)OC(C41CC4CC(CC(C4)C2)C1)C3,高毒,593.0783,84.56108,,
c1n[nH]nc1-c1cc2c(c(-c3c(Cl)cccc3Cl)c1)C(c1ccc(Cl)cc1Cl)N(c1cc(Cl)cn(C3CC(O)(CO)C3)c1=O)C2=O,中毒,7.487971,8.960914,0.168559174,4.003842696
c1n[nH]nc1-c1cnc2[nH]c(-c3cccn3C3CCOC3)nc2c1,中毒,12.166622,39.272976,0.60252953,3.688205106
c1n[nH]nc1C1CCCN1CSCCCCN,高毒,35.168236,28.423702,0.720122015,3.688800114
c1n[nH]nc1-c1cc2c(n1-c1ccc(Cl)cc1)C(c1ccc(Cl)cc1)N(c1cc(Cl)cn(C3CC(O)(CO)C3)c1=O)C2=O,中毒,14.882899,11.513729,0.235038859,3.958725058
c1n[nH]nc1-c1cnc2c(=O)n(-c3nccc4nscc34)nn12,高毒,593.0783,84.56108,,
c1n[nH]nc1-c1cc2c(c(-c3ccsc3)c1)CSc1ccnc(Nc3cc4oc(-c5nnc6cccn6c7ccccc67)c6c4)c3cc12,高毒,593.0783,84.56108,,
c1n[nH]nc1-c1cc2c(n1-c1ccc(F)cc11)C(c3cccc(Cl)c3)N(c4ccc(5CC6(CC6)CC(O)C(O)C6)cc4)C(=O)N(C4CC(CO)C(,高毒,593.0783,84.56108,,
c1n[nH]nc1-c1cc2c(c(-c3c(Cl)cccc3Cl)c1)C(c1ccc(Cl)cc1)(c1ccc(Cl)cc1)N(c1ccN(C3CC(Br)(CO)C(O)C3)c1)C2=O,中毒,8.738106,6.225245,0.139294367,4.786411237
c1n[nH]nc1-c1cc2c(n1-c1ccc(Cl)cc1)C(c1ccc(Cl)cc1)N(c1cCl)C(c1ccc(Cl)cc1)N(N1CC(F)(F)C1)C1=NC(CO)C(O)C1,高毒,593.0783,84.56108,,
c1n[nH]nc1-c1cc2c(c(-c3c(Cl)cccc3Cl)c1)C(c1ccc(Cl)cc1)C(c1ccc(Cl)cc1)N(c1cc(Cl)cn(C3CCC(O)(CO)C3)c1=O)C,高毒,593.0783,84.56108,,
c1n[nH]nc1-c1cc2c(Br)c(N3CCN(c4ccsc4)CC3)nc(Oc3ccccc3F)c2cc1=O,高毒,593.0783,84.56108,,
c1n[nH]nc1-c1cc2c(c(-c3ccc(Oc4ccccc4)cc3)c1)C(c1cccs1)N(c1c(Cl)cc(C(=O)O)cc1Cl)C3=O,高毒,593.0783,84.56108,,
c1n[nH]nc1-c1cc2c(c(-c3c(Cl)cccc3Cl)c1)C(c1ccc(Cl)cc1)N(c1cc(Cl)cn(C3CC(O)(CO)C3)c1=O)C2=O,中毒,6.3808517,8.960914,0.182666877,3.916990494
c1n[nH]nc1-c1cc2c(n1-c1ccc(Cl)cc1)C(c1ccc(Cl)cc1)N(c1ccCl)C(c1cc(CCl)cs1)N(c1ccc(Cl)cc1)C3=O,高毒,593.0783,84.56108,,
c1n[nH]nc1-c1cc2c((c1)C1CCC(c3nc(C(O)(CO)C(F)(F)F)cc3F)C(c3ccc(Cl)c(Cl)c3)C(F)(F)C3)(C(F)(F)F)C(c3cc,高毒,593.0783,84.56108,,
c1n[nH]nc1-c1cc2c(c(-c3c(Cl)cccc3Cl)c1)C(c1ccc(Cl)cc1)N(c1cc(Cl)cn(C3CC(O)(CO)C3)c1=O)C2=O,中毒,6.3808517,8.960914,0.182666877,3.916990494
c1n[nH]nc1-c1cc2c(c(-c3c4c(nc2-c2ccccc2)C(F)(c2cc(F)ccc2F)CS(=O)(=O)C4)c(c2cc(Cl)c(=O)c(H])c2)C(c2c,高毒,593.0783,84.56108,,
c1n[nH]nc1-c1nn2c(C3C6C6C7C5C5C6C3C3C2C76)[nH]c1CP(=O)(Oc1ccccc1)OCC[N+](C)(C)C,高毒,593.0783,84.56108,,
c1n[nH]nc1-c1cc2[nH]nc(-c3cn4c(c3F)c(=O)c(C(=O)O)cn4C3CC4CC43)c2c1,高毒,593.0783,84.56108,,
c1n[nH]nc1-c1cc2c(n1-c1ccc(Br)cc1F)C(c1ccc(Cl)cc1)N(c1cc(Cl)cn(C3CC(O)(CO)C3)c1=O)C2=O,中毒,15.540574,11.513729,0.216603914,4.066847513
c1n[nH]nc1-c1cc2c(n1-c1ccc(Cl)cc1Cl)C(c1ccc(Cl)cc1)N(c1cc(Cl)cn(C3CC(O)(CO)C3)c1=O)C2=O,中毒,18.205946,11.513729,0.207895129,4.033490665
c1n[nH]nc1-c1nnc2n1Cc1c-2nc(NC2CC4(CCOC4)C2)nc1-c1ccc(Cl)cc1Br,中毒,27.476528,19.899649,0.35171367,4.0151471
c1n[nH]nc1-c1nc2c(c(-c3nc4sc(-c5ccccn5)cc4c(=O)n23)CN(c2ccc(Cl)cc2)CC4)c1,高毒,593.0783,84.56108,,
c1n[nH]nc1-c1cc2c(c(-c3cc(Cl)cnc3Cl)c1)C(c1cccc(Cl)c1)N(c1cc(Cl)cn(O)c1=O)C3=O,高毒,593.0783,84.56108,,
c1n[nH]nc1-c1cc2c(c(-n3cc(-c4c(F)ccc(F)c4Cl)c3)nc3cncc(c34)CN(CC3CC3)CC2)c1=S,高毒,593.0783,84.56108,,
c1n[nH]nc1-c1cc2c(n1-c1ccc(F)cc1F)C(c1ccc(Cl)cc1)N(c1cc(Cl)cn(C3CC(O)C(O)C3)c3nc1=O)C3=O,高毒,593.0783,84.56108,,
c1n[nH]nc1-c1cc2c(c(-c3c(Cl)cccc3Cl)c1)C(c1ccc(Cl)cc1)N(c1cc(Cl)cn(C3CC(=O)O1)C3=O)c1=O,高毒,593.0783,84.56108,,
c1n[nH]nc1-c1cc2c(n1-c1ccc(Br)cc1F)C(c1ccc(Cl)cc1)N(c1cc(Cl)cn(C3CC(O)(CO)C3)c1=O)C2=O,中毒,15.540574,11.513729,0.216603914,4.066847513
c1n[nH]nc1-c1cc2c(c(-c3c(Cl)cccc3Cl)c1)C(c1ccc(Cl)cc1)N(c1cc(Cl)c(=O)n(C3CC(O)(CO)C3)c1=O)C2=O,高毒,593.0783,84.56108,,
c1n[nH]nc1-c1cc2c(OC3CCN(c4ncnc5[nH]ccc45)C3)ncnc2c1,高毒,593.0783,84.56108,,
c1n[nH]nc1-c1cc2c(c(-c3ccc(C=P(c4ccsc4)(c4ccc(OC(F)(F)F)cc4)c4cnn(C5CC5)c4)c3)c1)C(,高毒,593.0783,84.56108,,
c1n[nH]nc1-c1sc2c(c1-c1nc3cnc(-c4cncc(C(F)(F)F)c4)cc3c(=O)n12)C(c1ccc(Cl)cc1)N(c1cc(Cl)cn(C3CC(O)(CO,高毒,593.0783,84.56108,,
c1n[nH]nc1-c1noc2cc(C(CP(=O)(O)O)C(=O)O)cc12,高毒,593.0783,84.56108,,
c1n[nH]nc1-c1cc2c(c(-c3c(F)cccc3Cl)c1)C(c1ccc(Cl)cc1)N(c1cc(Cl)cn(C3CC(O)(CO)C3)c1=O)C2=O,中毒,6.3808517,8.960914,0.198124642,3.931028956
c1n[nH]nc1-c1cc2c(n1-c1ccc(Cl)cc1)C(c1ccc(Cl)cc1)N(c1cc(Cl)cn(C3CC(O)(CO)C3)c1=O)C2=O,中毒,14.882899,11.513729,0.235038859,3.958725058
c1n[nH]nc1-c1cc2c(n1-c1ccc(Cl)cc1)C(c1ccc(Cl)cc1)N(c1cc(Cl)cn(C3CC(O)(CO)C3)c1=O)C2=O,中毒,14.882899,11.513729,0.235038859,3.958725058
c1n[nH]nc1-c1cc2c(c(-c3nn[nH]c3=S)c1)C(c1ccc4c(c1)OCO4)N(c1cc(Cl)c(=O)n(C4CC(O)(CO)C4)c13)C2=O,高毒,593.0783,84.56108,,
c1n[nH]nc1-c1cc2c(c(-c3c(Cl)cccc3Cl)c1)C(c1ccc(Cl)cc1)N(c1cc(Cl)cn(C3CC(O)(CO)C3)c1=O)C2=O,中毒,6.3808517,8.960914,0.182666877,3.916990494
c1n[nH]nc1-c1cc2c(n1-c1ccc(F)cc1)C(c1ccc(Cl)cc1)N(c1ccBr)C(c1ccc[nH]1)N(c1cc(Cl)cCl)C1=O,高毒,593.0783,84.56108,,
c1n[nH]nc1-c1cc2c(c(-c3n[nH]c4cc(O)ccc34)c1)C(c1ccc(Cl)cc1)N(c1cc(Cl)cn(C3CC(O)C(O)C3)c1=O)C2=O,中毒,27.530386,13.503714,0.17057716,4.503309208
c1n[nH]nc1-c1cc2c(n1-c1ccc(Cl)cc1)S(=O)(=O)c1ccc(cc1Oc1ccc(C#CC3CC4(O)C(Cn5cccn5)(c6cccF)cc5F)C(c5c,高毒,593.0783,84.56108,,
c1n[nH]nc1-c1cc2n(n1)CN(c1cc(Cl)cnc1-c1noc(C3(O)COCC3)c1=O)C2,高毒,593.0783,84.56108,,
c1n[nH]nc1-c1cnc2c(-c3cnc4ccc(-c5csnc5)c(Sc5cccc(Cl)c5)c4c3Cl)cnc12,中毒,13.941111,33.776325,0.245857893,4.005555025
c1n[nH]nc1-c1cc2c(n1-c1ccc(Cl)cc1F)C(c1ccc(Cl)cc1)N(c1cc(Cl)cn(C3CC(O)(CO)C3)c1=O)C2=O,中毒,12.488247,11.513729,0.22687237,4.043844886
c1n[nH]nc1-c1nn2c(-c3cccc(Cl)c3Br)cc(CN3CCC(CNC4CC4)CC3)c2c1-c1ccc(F)cc1S(=O)(=O)c1ccc(F)cc1,高毒,593.0783,84.56108,,
c1n[nH]nc1-c1csc2cnsc12,低毒,34.29956,14.257689,0.666241456,3.660424365
c1n[nH]nc1-c1cnc(-c2ccnc(N3CCC4(CCCO4)C3)c2)c1OC1CC2CC1C2,高毒,593.0783,84.56108,,
c1n[nH]nc1-c1cc2c(c(-c3cc4sccc4s3)c1)C(c1ccc(Cl)cc1)N(c1cc(Cl)cn(C3CC(O)(CO)C3)c1=O)C2=O,中毒,43.309574,16.862432,0.180680105,4.127436648
c1n[nH]nc1-c1cc2n(c1)c(-c1ccc3c(c1)OCO3)c(-c1ccoc1)c1cc(F)c(-c3cc4c([nH]3)C3(CCN(S(=O)(=O)NC5CC5)C,高毒,593.0783,84.56108,,
c1n[nH]nc1-c1coc2c(N3CCOCc4ccc(C5CCCCN5C(=O)c5cnc(SC6CC6)n5)nc5C4)ccc3c12,高毒,593.0783,84.56108,,
c1n[nH]nc1-c1cc2c(c(-c3cc(F)c(S(=O)(=O)c4nn[nH]n4)cc3)c1)C(c1ccc(Cl)cc1)N(c1cc(Cl)cn(C3CC(O)(CO)C3)c,高毒,593.0783,84.56108,,
c1n[nH]nc1-c1c[nH]c(C23CCC(CC2)C(Nc2nc(-c4ccc(Br)cn4)c4sccc24)C(c2cccs2)C3)c1,高毒,593.0783,84.56108,,
c1n[nH]nc1-c1cc2c(n1-c1ccc(F)cc1F)C(c1ccc(Cl)cc1)N(c1cc(Cl)cn(C3CC(O)C(O)C3)c1=O)C2=O,中毒,12.488247,11.513729,0.253238173,4.421477371
c1n[nH]nc1-c1cc2c(c(-c3cc(Cl)cnc3Cl)c1)C(c1ccc(Cl)cc1)N(c1cc(Cl)cn(C3CC(O)(CO)C3)c3=O)C1=N2,高毒,593.0783,84.56108,,
c1n[nH]nc1-c1cc2c(-c3ccnc(Nc4ncc(F)c(Cl)c4)c3)nc(C3CCCCC3)cc2n1,高毒,593.0783,84.56108,,
c1n[nH]nc1-c1cc2c(n1-c1ccc(Cl)cc1Cl)C(c1ccc(Cl)cc1)N(c1cc(Cl)cn(C3CC(O)(CO)C1)C3=O)c1=O,高毒,593.0783,84.56108,,
c1n[nH]nc1-c1csc(-n2cnc3c(NC(c4cc(CN5CCCC5)cc(C(F)(F)F)c5)c5ncc(OC6CN(CC7CC7)C7)cc6c54)nc4c3oc3ccc,高毒,593.0783,84.56108,,
c1n[nH]nc1-c1cc2c(c(-c3ccnc4ccccc34)c1)C(c1ccc(Cl)cc1)N(c1cc(Cl)cn(C3CC(O)(CO)C3)c1=O)C2=O,中毒,7.6477833,8.519041,0.199660079,3.914276057
c1n[nH]nc1-c1nc2c(n1-c1ccc(N3CC(c4ccnc5cncnc54)CC3)nc1)(c1ccc(Cl)cc1)c1cc(Cl)ccc12,高毒,593.0783,84.56108,,
c1n[nH]nc1-c1cc2c(cn1)c(-c1ccnn1-c1ccc(F)cc1)c(=O)c1nc(C3=CCOCC3)c(c1F)N2C1CCC(CO)CC1,高毒,593.0783,84.56108,,
c1n[nH]nc1-c1cc2c(n1-c1ccc(F)cc1)C(c1ccc(Cl)cc1)N(c1cOCl)C(c1ccc(cc1)C1CC1)=NC1CCCC1,高毒,593.0783,84.56108,,
c1n[nH]nc1-c1cc2c(c(-c3cc4n(c3-c3ccc(O)c(Cl)c3)C3CC3)C(O)Cc3cc(O)cc(F)c3n1)CN(Cc1c(F)c(F)cc(F)c1F)C,高毒,593.0783,84.56108,,
c1n[nH]nc1-c1cc2c(n1-c1ccc(Cl)cc1F)C(c1ccc(Cl)cc1)N(c1ccS(=O)(=O)c3ccsc3c1)C2,中毒,46.11225,21.442013,0.236659362,4.239268149
c1n[nH]nc1-c1cc2c(n1-c1ccc(Cl)c(Cl)c1F)C(c1ccc(Cl)cc1)N(c1cc(Cl)cn(C3CC(O)(CO)C3)c1=O)C2=O,中毒,12.488247,11.513729,0.188139062,4.191805202
c1n[nH]nc1-c1cc2c(c(-c3ccc(C(F)(F)F)cc3)c1)C(c1ccc(Cl)cc1)N(c1cc(Cl)cn(C3CC(O)C(O)(C5)C3)c1=O)C2=O,高毒,593.0783,84.56108,,
c1n[nH]nc1-c1nc2c(n1-c1ccc(Cl)cc1)C(c1ccc(Cl)cc1)N(c1cc(Cl)cn(C3CC(O)(CO)C3)c1=O)C2=O,中毒,23.043425,34.717995,0.247048027,3.985087677
c1n[nH]nc1-c1nc2c(c(N3CC(O)C3)n1)CN(C1CC13c1ccoc1)CCCC2,高毒,593.0783,84.56108,,
c1n[nH]nc1-c1cc2c(n1-c1cccc(Cl)c1)Cc1cc(NC3CC3)nc(1Cl)C(c1ccc(Cl)c(Cl)c1)N(c1cc(Cl)cn(CC4=O)c1)C3=O,高毒,593.0783,84.56108,,
c1n[nH]nc1-c1cc2c(n1-c1ccc(Cl)cc1)C(c1ccc(Cl)cc1)N(c1ccnC(1)C(F)(F)F)C3,高毒,593.0783,84.56108,,
c1n[nH]nc1-c1cc2c(n1-c1ccccc1C#N)C(c1ccc(Cl)cc1)N(c1cc(Cl)cn(C3CC(O)(CO)C3)c1=O)C2=O,中毒,18.205946,11.513729,0.251896115,4.079075168
c1n[nH]nc1-c1cc2c(c(-c3c(Cl)cccc3Cl)c1)C(c1ccc(Cl)cc1)N(c1cc(Cl)cn(C3CC(O)(CO)C3)c1=O)C2=O,中毒,6.3808517,8.960914,0.182666877,3.916990494
c1n[nH]nc1-c1cn2c(-c3ncnc4cnsc34)c(-c3ccco3)nc2c1,高毒,593.0783,84.56108,,
c1n[nH]nc1-c1cn2c3c(c(-c4cc5c[nH]c(=O)cn5n5)CCOC4)c(Cl)c(c3cc2c1=O)CN(Cc1ccco1)C(c1ccccc1F)C3,高毒,593.0783,84.56108,,
c1n[nH]nc1-c1cc2c(n1-c1ccc(F)cc1F)C(c1ccc(Cl)cc1)S2(=O)=O,中毒,88.66508,21.364342,0.528848142,3.656784315
c1n[nH]nc1-c1cc2c(n1)-c1c(Cl)cccc1C1(Cl)CC3c4ccc[nH]c4C(c4cccnc43)C1C(c1ccccc1)C2,高毒,593.0783,84.56108,,
c1n[nH]nc1-c1cc2c(c(-c3csc(-c4nc(-c5ccn(-c6ccon6)c5)nn4)c3s2)C2(CCCC2)C-3)c1,高毒,593.0783,84.56108,,
c1n[nH]nc1-c1cc2c(c(-c3cccc(OC4OC(CO)C(O)C(O)C4O)c3)c1cc1OCC3)CCN(C(=S)OCCF)C(CF)C12,高毒,593.0783,84.56108,,
c1n[nH]nc1-c1cc2c(n1-c1cccc(Cl)c1)C(c1ccc(Cl)cc1)N(c1cc(Cl)cn(]1)C1CC1)C2=O,高毒,593.0783,84.56108,,
c1n[nH]nc1-c1cnc2cc(OCCCO-c3cccc(Cl)c3F)ccc2c1,中毒,3.9705942,52.682945,0.458193536,2.55658428
c1n[nH]nc1-c1cnc2cc[nH]c(=S)c2c1,中毒,32.510216,394.2291,0.626621293,3.088290865
c1n[nH]nc1-c1cc2c(c(-c3c(Cl)cccc3Cl)c1)C(c1ccc(Cl)cc1)N(c1cc(Cl)cn(C3CC(O)(CO)C3)c1=O)C2=O,中毒,6.3808517,8.960914,0.182666877,3.916990494
c1n[nH]nc1-c1cc2c(n1-c1ccc(Cl)cc1)C(c1ccc(Cl)cc1)N(c1cc(Cl)cn(C3CC(O)(CO)C3)c1=O)C2=O,中毒,14.882899,11.513729,0.235038859,3.958725058
c1n[nH]nc1-c1cc2c(c(-c3csc4ccnc(Sc5ccc(F)cc5)c4=O)c13)CN(C1CC(COc3cccnc3)C(O)C1)C2,高毒,593.0783,84.56108,,
c1n[nH]nc1-c1cc2c(c(-c3c(Cl)cccc3Cl)c1)C(c1ccc(Cl)cc1)N(c1cc(Cl)cn(C3CC(O)(CO)C3)c1=O)C2=O,中毒,6.3808517,8.960914,0.182666877,3.916990494
c1n[nH]nc1-c1cc2c(n1-c1ccc(F)c(Cl)c1)C(c1ccc(Cl)cc1)N(c1ccCl)C(Cl)(2)C1CC1,高毒,593.0783,84.56108,,
c1n[nH]nc1-c1cc2c(c(-c3c(Cl)cccc3Cl)c1)C(c1ccc(Cl)cc1)N(c1cc(Cl)cn(C3CC(O)(CO)C3)c1=O)C2=O,中毒,6.3808517,8.960914,0.182666877,3.916990494
c1n[nH]nc1-c1cc2c(c(-c3cc(NCC4CC4)ncn3)c1)C(c1ccc(Cl)cc1F)N(c1cc(Cl)cn(C3CC(O)(CO)C3)c1=O)C2=O,中毒,12.808037,12.110745,0.162435824,4.217453175
c1n[nH]nc1-c1cc2c(c(-c3cn[nH]c3)c1)C(c1ccc(Cl)cc1)N(c1cc(Cl)cn(C3CC(O)(CO)C3)c1=O)C2=O,低毒,6.3808517,10.425424,0.227357742,4.032704772
c1n[nH]nc1-c1cn2c(3c1)Cc1nc(-c4cnn(CC5CCCO5)n4)ccc3c5c(c(=O)c3c1-2)CCCC5,高毒,593.0783,84.56108,,
c1n[nH]nc1-c1cc2c(n1-c1ccc(F)cc1)C(c1ccc(Cl)cc1)N(c1ccc(Cl)cc1)C2c1ccc(C(F)(F)F)cc1-c1ccc(S(=O)(=O)N,高毒,593.0783,84.56108,,
c1n[nH]nc1-c1cc2c(n1-c1ccc(Cl)cc1)C(c1ccc(Cl)cc1)N(c1ccCl)C(c1ccc(F)cc1)N(c1ccOC(F)(F)C1)C3=O,高毒,593.0783,84.56108,,
c1n[nH]nc1-c1cc2c(s1)C(c1ccc(Cl)cc1)N(c1cc(Cl)cn(C3CC(O)(CO)C3)c1=O)C2=O,中毒,8.738106,8.960914,0.351211221,3.957203973
c1n[nH]nc1-c1cc2c(-c3c4ccoc4c(OC5CCN(Cc6cccnc6)CC5)ccnc4[nH]3)nc(N3C4CCC3COC4)c2c1,高毒,593.0783,84.56108,,
c1n[nH]nc1-c1cc2c(c(-c3c(Cl)cccc3Cl)c1)=Nc1cc(Cl)c(Oc4ccc(-c5cncnc5[nH]c6nccc(Br)c56)cc4c3=O)cc1F,高毒,593.0783,84.56108,,
c1n[nH]nc1-c1cc2c(C3CCCSC3)nc(-c3cnc4cc(C(F)(F)F)ccc4n3)cn2c1=O,高毒,593.0783,84.56108,,
c1n[nH]nc1-c1cc2c(c(-c3cc6c(cc34)Cn3cnc(O)c3C3(-])=NN(C2)CC2)C(=O)CC2C=F)c2cc[nH]c12,高毒,593.0783,84.56108,,
c1n[nH]nc1-c1cc2c((s1)-c1ccc(Cl)cc1)C(c1ccc(Cl)cc1)N(c1ccS(=O)(=O)c3cc(Cl)c(O)cc3c1)C1(C(=O)O)CCN(c4c,高毒,593.0783,84.56108,,
c1n[nH]nc1-c1cn2c(-c3ccc(Oc4cccc(F)c4F)cc3F)c(-c3ccnc(O)c3)nc2c1,高毒,593.0783,84.56108,,
c1n[nH]nc1-c1cc2c(n1-c1cccc(F)c1F)C(c1ccc(Cl)cc1)N(c1cc(Cl)cn(C3CC(O)(CO)C3)c1=O)C2=O,中毒,12.488247,11.513729,0.244621212,4.079229126
c1n[nH]nc1-c1cc2c(-c3ccnn3C3CC(CO)N(Cc4ccncc4)C3)ncnc2cc1F,中毒,6.6344557,28.38634,0.387666316,3.970438638
c1n[nH]nc1-c1cc2[nH]c(C3CC3)nc2cc1-c1cc(-c2n[nH]c(=O)c3cnccc23)cc1F,高毒,593.0783,84.56108,,
c1n[nH]nc1-c1cc2c(Nc3ccc(Cl)c(Cl)c3)nc(N3CCc4cc(O)ccc4C3)nc2c1,高毒,593.0783,84.56108,,
c1n[nH]nc1-c1cc2c(n1-c1ccc(F)cc1P(=O)(O)O)C(c1ccc(Cl)cc1)N(c1cc(Cl)cn(C3CC(O)(CO)C3)c1=O)C2=O,中毒,12.488247,11.513729,0.158510864,4.352307782
c1n[nH]nc1-c1cc2c(c(-c3c(Cl)cccc3Cl)c1)C(c1ccc(Cl)cc1)N(c1cc(Cl)cn(C3CC(O)(CO)C3)c1=O)C2=O,中毒,6.3808517,8.960914,0.182666877,3.916990494
c1n[nH]nc1-c1cc2c(n1-c1ccc(Cl)cc1F)C(c1ccc(Cl)cc1)N(c1ccc(Cl)cc1)C3c1ccc(C#N)cc3C1OC2,中毒,17.272402,39.582085,0.207741358,6.061301951
c1n[nH]nc1-c1cc2c(c(-c3c(Cl)cccc3OC(F)F)c1)C(c1ccc(Cl)cc1)N(c1cc(Cl)cn(C3CC)c1=O)C3=O,高毒,593.0783,84.56108,,
c1n[nH]nc1-c1cc2c3c(c(-c4cc5c6c(n(Cc7ccon7)c5c3c2)C(=O)N(Cc2ccc(F)c(F)c2)CC5)C4)n(C2CC4CC(F)(C2)C2,高毒,593.0783,84.56108,,
c1n[nH]nc1-c1cc2c(n1-c1ccc(F)cc1F)C(c1ccc(Cl)cc1)N(c1ccCl)C(c1ccc(Cl)cs1)C1(c3ccc(Cl)cc3)N(c3cc[nH]c3=,高毒,593.0783,84.56108,,
c1n[nH]nc1-c1cc2c(n1-c1ccc(Cl)cc1)CN(c1cc(Cl)cn(C3CC(O)C(O)C3)c1=O)C2,中毒,8.534664,30.722694,0.386279358,4.077961954
c1n[nH]nc1-c1cc2c(c(C3CCN(Cc4nc5c(c(-c6ccc(F)cc6)n3)CCN(c4ccncc4F)CC5)CC3)C(c3n[nH]c5ncnc(F)c35)CC,高毒,593.0783,84.56108,,
c1n[nH]nc1-c1cc2c(n1-c1ccc(F)cc1F)C(c1ccc(Cl)cc1)N(c1cc(Cl)cn(C3CC(O)(CO)C3)c1=O)C2=O,中毒,12.488247,11.513729,0.244621212,4.0385462
c1n[nH]nc12C1Cc2c(-c3cc4csnc4c(NC4CC4)n3)ncnc21,高毒,593.0783,84.56108,,
c1n[nH]nc1-c1cc2c(n1-c1cc(Cl)ccc1Cl)C(c1ccc(Cl)cc1)N(c1cc)C(c3ncc(Cl)cc3o1)C16CCC3(O)C(CO)(O)C(N)(C1)C,高毒,593.0783,84.56108,,
c1n[nH]nc1-c1cc2c(n1-c1ccc(F)cc1F)C(c1ccc(Cl)cc1)N(c1cc(Cl)c(=O)c(Cl)c1)C3c1cn(-c4ccccc4)c(C#N)c3c(CC,高毒,593.0783,84.56108,,
c1n[nH]nc1-c1cnc2c(c1)C2(c1ccc(Cl)cc1)C1(CC2)NC(c2ccncc2)C2(C(=O)Nc3cc[nH]c32)C(O)(C(F)(F)F)C1(C(F),高毒,593.0783,84.56108,,
c1n[nH]nc1-c1cc2c(c(-c3c(F)cccc3F)c1)C(c1ccc(Cl)cc1)N(c1cc(Cl)cn(C3CC(O)(CO)C3)c1=O)C2=O,中毒,6.3808517,8.960914,0.216988584,3.927417967
c1n[nH]nc1-c1cnn(-c2ccc(N3CCN(c4ccc(Cl)cn4)CC3)nn2)c1=O,高毒,593.0783,84.56108,,
c1n[nH]nc1-c1N(c2cccc(Br)c2)C(Cn2cnc3cc(CN4CCCC4)ccc32)C(O)C1O,中毒,40.88221,163.08679,0.346830364,4.21907615
c1n[nH]nc1-c1cc2c(n1-c1ccc(Cl)cc1F)C(c1ccc(Cl)cc1)N(c1c1cn(C3CC(O)C(O)C3)c3cc(Cl)ccc13)C3=O,高毒,593.0783,84.56108,,
c1n[nH]nc1-c1cc2c(n1-c1cc(Cl)ccc1F)C(c1ccc(Cl)cc1)N(c1cc(Cl)cn(C3CC(O)(CO)C3)c1=O)C2=O,中毒,12.488247,11.513729,0.22687237,4.048208113
c1n[nH]nc1-c1cc2c(n1-c1ccc(F)cc1F)C(c1c(F)cccc1F)N(c1cc(Cl)cn(C3CC(O)(CO)C3)c1=O)S2(=O)=O,中毒,48.445587,33.968105,0.230679112,4.341782824
c1n[nH]nc1-c1cc2c(c(-c3c(Cl)cccc3Cl)c1)C(c1ccc(Cl)cc1)N(c1cc(Cl)cn(C3CC(O)(CO)C3)c1=O)C2=O,中毒,6.3808517,8.960914,0.182666877,3.916990494
c1n[nH]nc1-c1cc2c(n1-c1ccc(Cl)cc1F)C(c1ccc(Cl)cc1)N(c1cc(Cl)cn(C3CC(O)(CO)C3)c1=O)C2=O,中毒,12.488247,11.513729,0.22687237,4.043844886
c1n[nH]nc1-c1cc(N2CCc3nc(-c4n[nH]c5ncc(C#CCN6CCOC2=O)c56)ccc34)c2noc(=N3C(=O)N(c4cnn(C5CC5)c(Cl)c5),高毒,593.0783,84.56108,,
c1n[nH]nc1-c1cc2c(n1-c1ccc(Cl)cc1)C(N1CC1c1ccc(Cl)cc1)N(c1cc(Cl)cn(C3CC(O)(CO)C3)c1=O)C2=O,中毒,12.488247,28.945686,0.202805522,4.633200025
c1n[nH]nc1-c1cc2c(n1-c1ccc(Cl)cc1)C(c1ccc(Cl)cc1)N(c1cc(Cl)cn(C3CC(O)(CO)C3)c1=O)C2=O,中毒,14.882899,11.513729,0.235038859,3.958725058
c1n[nH]nc1-c1cc2c(n1C1CCCN(Cc3csc(-c4ccnc5ccccc45)c3)C1)C(c1ccc(Cl)cc1)N(c1cc(Cl)cn(C3CC(O)(CO)C3)c1,高毒,593.0783,84.56108,,
c1n[nH]nc1-c1cc2c(c(-c3c(Cl)cccc3Cl)c1)C(c1ccc4c(c1)OCO4)N(Cc1cc3ccc(Cl)cc3n1)C2,高毒,593.0783,84.56108,,
c1n[nH]nc1-c1cc2c(n1-c1ccc(Cl)cc1F)C(c1ccc(Cl)cc1)N(c1cc(Cl)cn(C4CC(O)(CO)C4)c1=O)C(=O)C2,中毒,15.763229,47.68054,0.226351292,4.098953131
c1n[nH]nc1-c1cc2c(cn1)c(=O)c(C(c1ccc3c(c1)OCO3)c1c(O)[nH]c3cc(Br)ccc13)c1sc3ccc(-c4nc[nH]n4)cc3c(=O,高毒,593.0783,84.56108,,
c1n[nH]nc1-c1cc2c(n1-c1ccc(Cl)c(Cl)c1)C(c1ccc(Cl)cc1)N(c1cc(Cl)cn(C3CC(O)(CO)C3)c1=O)C2=O,中毒,14.882899,11.513729,0.207895129,4.029063273
c1n[nH]nc1-c1cc2c(n1-c1ccc(F)cc1F)C(c1ccc(Cl)cc3)N(c4ccc(Cl)c(4)c3)C(=O)C(CC(=O)N3CCN(Cc4nnsc4F)CC3),高毒,593.0783,84.56108,,
c1n[nH]nc1-c1cnn2c(-c3cn[nH]c3)c(Cl)nc12,高毒,593.0783,84.56108,,
c1n[nH]nc1-c1cc2c(c(-c3ccc(Cl)nc3)c1)C(c1ccc(Cl)cc1)N(c1ccc(Cl)cc1)C3c1ccc(NS(C)(=O)=O)c()c1OCC2,高毒,593.0783,84.56108,,
c1n[nH]nc1-c1cc2c([nH]1)C(c1ccc(Cl)cc12)N(c1cc(Cl)cn(C3CC(O)(CO)C3)c1=O)N(Cc1cccc(Cl)c1)C3=O,高毒,593.0783,84.56108,,
c1n[nH]nc1-c1cc2c(c(-c3ccsc3)c1)C(c1ccc(Cl)cc1)N(c1cc)C(c1cc4c(=O)cnoc4cc3n1)C(3CC1)N(C)CC2,高毒,593.0783,84.56108,,
c1n[nH]nc1-c1cc2c(n1-c1ccc(Cl)c(C(F)(F)F)c1)C(c1ccc(Cl)cc1)N(c1cc(Cl)cn(C3CC(O)(CO)C3)c1=O)C2=O,中毒,14.882899,12.110745,0.192783252,4.136784941
c1n[nH]nc1-c1cc2c(cc1F)c(=O)c(C(=O)O)cn2C1CC(F)(F)C(C2CC2)C(O)C1,中毒,13.554535,12.704391,0.564368357,4.258263514
c1n[nH]nc1-c1cc2c(n1-c1ccc(Cl)cc1)N(c1cc(I)c(=O)n(C)c1)C3=O,高毒,593.0783,84.56108,,
c1n[nH]nc1-c1cc2c(c(-c3c(Cl)cccc3Cl)c1)OC(c1ccccc1)C=C(c1ccccc1)C2,中毒,58.851643,113.23951,0.265163075,3.361121864
c1n[nH]nc1-c1cc2c(c(-c3cc1ncc(Cl)c(Cl)c3)c1)C(c1ccc(Cl)cc1C(F)(F)F)(N(C)C)C(c1ccc(Cl)cc1)NC3,高毒,593.0783,84.56108,,
c1n[nH]nc1-c1cc2c(c(-c3ccc6c(n3)CCNC5=O)n1)C1(CCC2)C(c2ccc(Cl)cc2)C1(c1ccc(Cl)cc1F)N(c1cc(Cl)cn(C3CC(,高毒,593.0783,84.56108,,
c1n[nH]nc1-c1cc2c(c(-c3csc(C4CC(O)C4)n3)c1)C(c1ccc(Cl)cc1)N(c1cc(Cl)cn(C3CC(O)(CO)C3)c1=O)C2=O,中毒,27.530386,12.110745,0.183518823,4.178771224
c1n[nH]nc1-c1cc2c(n1-c1ccc(Cl)cc1F)C(c1ccc(Cl)cc1)N(c1cc(Cl)cn(C3CC(O)(CO)C3)c1=O)C1=NCC3(CS1)C2,高毒,593.0783,84.56108,,
c1n[nH]nc1-c1cc2c(c(-c3cc4c(n3)n(C3CC(O)(c5cc(Br)cnc5)C5)c3=O)C(=O)NC(c3cc3ccc(F)cc5nc3Cl)C(O)C3O)c(,高毒,593.0783,84.56108,,
c1n[nH]nc1-c1cc2c(n1-c1ccc(Cl)cc1Br)C(c1ccc(Cl)cc1)N(c1cc(Cl)cn(C3CC(O)(C(=O)O)C5)C5)c3nc12,高毒,593.0783,84.56108,,
c1n[nH]nc1-c1cc2c(n1-c1ccccc1F)C(c1ccc(Cl)cc1)N(c1cc(Cl)cn(C3CC(O)(CO)C3)c1=O)C(O)=C2O,中毒,32.17651,33.968105,0.166401848,4.183417967
c1n[nH]nc1-c1cc2[nH]c(N3CC4COc5cc(F)cc(F)c5C4C4CCC5(O5)C4C(F)(F)C5)nc3c2c(Cl)c1=O,高毒,593.0783,84.56108,,
c1n[nH]nc1-c1cc2c(n1-c1ccc(Cl)cc1)C(c1ccc(Cl)cc1)N(c1cc3c(s1)C(c1ccc(Cl)cc1)N(c1cc4c(cc1F)C(=O)C(N)=C,高毒,593.0783,84.56108,,
c1n[nH]nc1-c1nn2c(-c3cc4c(s3)CC4)c(-c3cnn(S(=O)(=O)c5ccc(F)cc5)c4)nc3cc2c1,高毒,593.0783,84.56108,,
c1n[nH]nc1-c1nc2c(s1)C(c1ccc(Cl)cc1Cl)N(c1cc(Cl)cn(C3C(=O)OC(C4CC4)C4OC5(CC5)C4)c3=O)c12,高毒,593.0783,84.56108,,
c1n[nH]nc1-c1c2c(nc3cc(-c4ncc(-c5cnc6ccccc6c5)cc4)c(-c4ccncc4)c13)(c1ccc(Cl)cc1F)C2c1ccc(Cl)cc1F,中毒,4.155876,44.99147,0.183744071,4.531180409
c1n[nH]nc1-c1cc2c(c(-c3c(F)cccc3F)c1)C(c1ccc(Cl)cc1F)N(c1cc(Cl)cn(C3CC(O)C(O)C3)c1=O)C2=O,中毒,5.093859,8.960914,0.216673925,4.413431783
c1n[nH]nc1-c1cc2c(c(-c3c(Cl)cccc3Cl)c1)C(c1cccs1)C(c1ccc4c(c1)OCO5)N(c1ccc(Cl)cc1)C3=O,高毒,593.0783,84.56108,,
c1n[nH]nc1-c1nc2c(c(-c3cnc4c(-c5cn[nH]c5)cccc45)nc(N4CCOCC4)c23)C1,高毒,593.0783,84.56108,,
c1n[nH]nc1-c1ccc2[nH]c(C3=CCC(N)C(Oc4cnc5onc(-c6ccc7c(c6)OCO7)c5c4=O)CC3)c(=O)c2c1,高毒,593.0783,84.56108,,
c1n[nH]nc1-c1cc2c(n1-c1ccc(Cl)cc1)C(c1ccc(Cl)cc1)N(c1cc(Cl)cn(C3CC(O)(CO)C3)c1=O)C2=O,中毒,14.882899,11.513729,0.235038859,3.958725058
c1n[nH]nc1-c1cc2c(n1-c1ccc(F)cc1F)C(c1ccc(Cl)cc1)N(c1ccc(Cl)cc1)C3c1ccc(C#N)cc3C(c3cccc(Oc4ccccc4)c3,高毒,593.0783,84.56108,,
c1n[nH]nc1-c1cc2c(c(-c3ccc4cc[nH]c4c3)c2)C(c2cccnc2)C(c2ccc(F)cc2)N(c2cc(Cl)cn(C3CC(O)(CO)C3)c2=O)c,高毒,593.0783,84.56108,,
c1n[nH]nc1-c1cc2c(c(-c3c(Cl)cccc3Cl)c1)C(c1ccc(Cl)cc1)N(c1cc(Cl)cn(C3CC(O)(CO)C3)c1=O)C2=O,中毒,6.3808517,8.960914,0.182666877,3.916990494
c1n[nH]nc1-c1cc2c(c(Nc3ccc4c(c3)OCO4)n1)C(c1ccc(Cl)cC1)N(c1cc(Cl)cn(C(C))c1=O)C3=O,高毒,593.0783,84.56108,,
c1n[nH]nc1-c1sc(C(c2ccc(F)cc2)(c2ccc(Cl)cc2)(c2cnccn2)c2cncn2CCC2CCC(O)CC2)cc1=O,高毒,593.0783,84.56108,,
c1n[nH]nc1-c1csc(-c2c[nH]nc2-c2c[nH]c3cc(Br)ccc23)c1=O,高毒,593.0783,84.56108,,
c1n[nH]nc1-c1cc2c(c(-c3c(F)cccc3F)c1)C(c1ccc(Cl)cc1)N(c1cCl)C(c1ccc(S(=O)(=O)Nc4nc(C(=O)O)cs4)cc1)C3,高毒,593.0783,84.56108,,
c1n[nH]nc1-c1cc2c(c(-c3c(F)cccc3F)c1)C(c1ccc(Cl)cc1)N(c1cc(Cl)cn(C3CC(O)C(O)(C5)C3)c1=O)C2=O,高毒,593.0783,84.56108,,
c1n[nH]nc1-c1cc2c(n1-c1ccc(Cl)cc1)C(c1ccc(Cl)cc1)N(c1cc(Cl)cn(C3CC(O)(CO)C3)c1=O)C2=O,中毒,14.882899,11.513729,0.235038859,3.958725058
c1n[nH]nc1-c1cc2c(n1-c1ccc(F)cc1F)C(c1ccc(Cl)cc1)N(c1cc(Cl)cn(C3CC(O)(CO)C3)c1=O)C2=O,中毒,12.488247,11.513729,0.244621212,4.0385462
c1n[nH]nc1-c1cc2c(n1-c1ccc(F)cc1F)C(c1ccc(Cl)c(F)c1)N(c1cc(Cl)cn(C3CC(O)(CO)C3)c1=O)C2=O,中毒,12.488247,11.513729,0.237075915,4.132599048
c1n[nH]nc1-c1cc2c(n1-c1ccc(Cl)cc1F)C(c1ccc(Cl)cc1)N(c1cc(Cl)cn(C3CC(O)C(O)C3)c1=O)C2=O,中毒,12.488247,11.513729,0.234878019,4.426733326
c1n[nH]nc1-c1cc2c((-c3ccc4c(c3)OCO4)c1)C(c1ccc(Cl)cc1)N(c1cc(Cl)cn(C3CC(O)(CO)C3)c1=O)C2=O,高毒,593.0783,84.56108,,
c1n[nH]nc1-c1c(-c2ccc(F)cc2)nc2c(F)cc(-c3cc(Cl)c(O)c(Cl)n3)c(3)c12,高毒,593.0783,84.56108,,
c1n[nH]nc1-c1cc2n(n1)C21CCN(Cc2ccc(-c3cnc(-c4cnn(C5CCOCC5)n5)cc4)CC2)CC(CNC2=CC(F)(F)CC2)C1,高毒,593.0783,84.56108,,
c1n[nH]nc1-c1cc2c(n1-c1cc3cccc(c3c1)C1=CCN(C(=O)C4CC4)CC3F)C(=O)N(c3cc(Cl)cc(Cl)c3)C(=O)C1C2,高毒,593.0783,84.56108,,
c1n[nH]nc1-c1cc2c(c(-c3c(O)ccc4nc(-c5ccccc5F)ccc34)c[nH]c3=O)c(-c3ccc(-c4noc(C56NCC(C6)O6)c5)cc34),高毒,593.0783,84.56108,,
c1n[nH]nc1-c1cc2c(c(-c3c(Cl)cccc3Cl)c1)C(c1ccc(Br)cc1)N(c1cc(Cl)cn(C3CC(O)(CN)C3)c1=O)C2=O,中毒,12.849881,8.960914,0.176671159,3.97745423
c1n[nH]nc1-c1cc2c(c(-c3cc(Cl)ccc3Cl)c1)C(c1ccc(Cl)cc1)N(c1cc(Cl)cn(C3CC(O)C(O)C3)c1=O)C2=O,中毒,6.3808517,8.960914,0.189108586,4.288428816
c1n[nH]nc1-c1cc2c(c(-c3scnc3Cl)c1)C(c1ccc(Cl)cc1)N(c1cc(Cl)cn(C3CC(O)(CO)C3)c1=O)C2=O,中毒,7.2728734,16.862432,0.218957296,4.154761422
c1n[nH]nc1-c1cc2c(n1-c1cccc(Cl)c1)C(c1ccc(Cl)cc1)N(c1cc(Cl)cn(C3CC(O)(CO)C3)c1=O)C2=O,中毒,14.882899,11.513729,0.235038859,3.98714057
c1n[nH]nc1-c1nc2c(n1-c1ccccc1)C(c1ccc(Cl)cc1)N(c1cc(Cl)cn(C3CC(O)C(O)C3)c1=O)C2=O,中毒,23.043425,34.717995,0.27606693,4.326818493
c1n[nH]nc1-c1cc2c(n1-c1ccc(Cl)cc1)C(c1ccc(Cl)cc1)=Nc1c2c(c(O)c1(C3CC1)N(c1csc1C1(C(=O)O)C(=O)N(CCO)C,高毒,593.0783,84.56108,,
c1n[nH]nc1-c1cc2c(c(-c3c(Cl)cccc3Cl)c1)C(c1ccc(Cl)cc1)N(c1cc(Cl)cn(C3CC(O)(CO)C3)c1=O)C2=O,中毒,6.3808517,8.960914,0.182666877,3.916990494
c1n[nH]nc1-c1cc2c(n1-c1ccc(Cl)cc1Oc1ccc(Cl)cc1)C(c1ccc(Cl)cc1)N(c1cc(Cl)cn(C3CC(O)(CO)C3)c1=O)C2=O,中毒,38.99518,12.110745,0.144919819,4.107897709
c1n[nH]nc1-c1cc2c(n1-c1ccc(F)cc1F)C(c1ccc(Cl)cc1)N(c1cc(Cl)cn(C3CC(O)(Cn6cncn6)C4)c1=O)C3,高毒,593.0783,84.56108,,
c1n[nH]nc1CN1c2ccccc2CC(OCC2(Cn3cncn3)c3ccc(F)cc32)C1,中毒,30.553438,41.228443,0.484041685,4.059664694
c1n[nH]nc1-c1cn1c2c(c(SCc3cc5cccc(F)c5c4)nc(-c4cnc5ccccc5n4)c3c1)C(c1cccc(Br)c1)N(c1cc(F)c(=O)c(O)c,高毒,593.0783,84.56108,,
c1n[nH]nc1-c1ccc2nc(Nc3c(Cl)cccc3Cl)nc(Nc3ccc(F)c(Cl)c3)c2c1,中毒,1.6961701,24.362347,0.24054737,2.668291896
c1n[nH]nc1-c1cc2c(n1-c1ccc(F)cc1F)C(c1ccc(Cl)cc1)N(c1cC(Cl)=O)C(c2ccc(Cl)cc2)C1c1ccc(C(F)(F)F)cc1,高毒,593.0783,84.56108,,
c1n[nH]nc1-c1cc(Nc2ccc(Br)cc2)ncc1-c1c(-c2ccc(Cl)cc2)sc2ccc(-c3ccc4occ(-c5ccc(O)cc5)c(=O)c4c3=O)cc12,高毒,593.0783,84.56108,,
c1n[nH]nc1-c1cc2c(n1-c1cc(F)c(F)c(F)c1)C(c1ccc(Cl)cc1)N(c1cc(Cl)cn(C3CC(O)(CO)C3)c1=O)C2O,中毒,26.991571,12.110745,0.192632109,4.48763113
c1n[nH]nc1-c1cc2n(c(-c3c(Cl)ccc(Cl)c3Cl)c1=O)C(c1ccc(Cl)cn1)N(c1cc(Cl)cn(C3CC(O)(CO)C3)c1=O)C2=O,高毒,593.0783,84.56108,,
c1n[nH]nc1-c1nc2c(n1-c1ccc(Cl)cc1Cl)C(c1ccc(C#N)cc1)N(c1ccC(n3cnc(C5(CO)CC(O)C5)c3)c1)C(c1ccc(Cl)cc1),高毒,593.0783,84.56108,,
c1n[nH]nc1-c1cc2c(n1-c1ccc(Cl)cc1F)C(c1ccc(Cl)cc1)N(c2cc(Cl)cn(C3CC(O)(CO)C3)c1=O)C2=O,高毒,593.0783,84.56108,,
c1n[nH]nc1-c1cc2c(c(-c3ccsc3)c1)C(c1ccc(Cl)cc1)N(c1cc(Cl)cn(C3CC(O)(CO)C3)c1=O)C2=O,中毒,7.6477833,13.447941,0.231210682,3.953818928
c1n[nH]nc1-c1cnc2[nH]c3c(c2c1)CC1(CCO3)c2cc(-c3cnn(C4CCOC4)c3F)cc2C1,高毒,593.0783,84.56108,,
c1n[nH]nc1-c1cc2c(c(-c3c(Cl)cccc3Cl)c1)N(c1cc(F)c(F)cc1F)C(c1ccc(Cl)cc1)C1(CC1)N([O])C2(=O)Nc2nncn21,高毒,593.0783,84.56108,,
c1n[nH]nc1-c1cc2c(n1-c1ccc(Cl)cc1)C(c1ccc(N4CCCCC4)cc1)n(Cc1ccc(Cl)cc1)c1ccc(Cl)c(4)c12,高毒,593.0783,84.56108,,
c1n[nH]nc1-c1cc2c(-c3cncnc3)nsc2c2cc(I)c(C3=NC4CS(=O)(=O)CC4S3)cc12,中毒,6.601442,75.12994,0.296925342,4.567866569
c1n[nH]nc1-c1cc2c(c(-c3c(Cl)cccc3Cl)c1)C(c1ccc(Cl)cc1)N(c1cc(Cl)cn(C3CC(O)(CO)C3)c1=O)C2=O,中毒,6.3808517,8.960914,0.182666877,3.916990494
c1n[nH]nc1-c1nc2c(c(-c3csnn3)c1-c1nc(-c4cn[nH]c4)no1)CCN(c1cc(-c4noc(C5(F)C5)n3)CC1)CC2,高毒,593.0783,84.56108,,
c1n[nH]nc1-c1cc2c(c(-c3c(Cl)cccc3Cl)c1)C(c1ccc(Cl)cc1)N(c1cc(Cl)cn(C3CC(O)(CO)C3)c1=O)C2=O,中毒,6.3808517,8.960914,0.182666877,3.916990494
c1n[nH]nc1-c1cc2n(3c(=O)c(-c4ccc5[nH]ncc5c5F)nc(Nc5c(Cl)ccc(F)c5F)c(=O)c4c2F)C(c2ccc(C(F)(C(F)(F)F),高毒,593.0783,84.56108,,
c1n[nH]nc1-c1nc2c(c(-c3ccccn3)c1C1CC1)C(c1ccc(Cl)cc1)N(c1cc(Cl)cn(C3CC4(F)C(F)(F)C4)c3c1=O)C2=O,高毒,593.0783,84.56108,,
c1n[nH]nc1-c1cc2n(c1-c1ccc(Cl)cc1C(F)(F)F)C(c1ccc(Cl)cc1)N(c1csc(Cl)c1F)C3c1cc(Cl)cnc3c1O2,高毒,593.0783,84.56108,,
c1n[nH]nc1-c1cnc2[nH]c12,高毒,593.0783,84.56108,,
c1n[nH]nc1-c1csc(CN2CCN4C3CCC2CC(n2c(-c4cccnc4)nc4c(N6CCC6)nc6c(I)cc(Br)c6cc5-5)C(C2)C3)n1,高毒,593.0783,84.56108,,
c1n[nH]nc1-c1cc2sc(=O)cc2c2c(S(=O)(=O)Nc3ccc4c(c3)OCO4)c(Cl)cc12,低毒,37.591763,49.0207,0.571491259,3.764132645
c1n[nH]nc1-c1nc2c(c(-c3nc4c(-c5sccc5Cl)c(F)cc4s3)C3CC4(C[nH]c5ccsc56)C(=O)C3N(Cc3cccc6scnc45)C(=O)C,高毒,593.0783,84.56108,,
c1n[nH]nc1-c1nc2cc3c(cc2c2c(Cl)cc(I)cc2c1=O)OCO3,中毒,30.734571,70.89804,0.421194596,3.131801182
c1n[nH]nc1-c1cc2c(c(-c3n[nH]c4ccc(-c5nnc6ncccc56)c34)CNC(=O)CC3)c(F)cc12,高毒,593.0783,84.56108,,
c1n[nH]nc1-c1cc2c(n1-c1ccc(Cl)cc1F)C(c1cccF)N(c1cc(Cl)cn(3c(=O)cO=C4CCCCC4)c3c1)c1cc(F)c(C4CNCCO4)c3,高毒,593.0783,84.56108,,
c1n[nH]nc1-c1cc2c(c(-c3cnc4[nH]ccc4c3)n1)(C(=O)Nc1cccc(Br)c1)C(c1ccc(Cl)cc1F)N(c1cc(Cl)cn(C3CCOC3)c1=,高毒,593.0783,84.56108,,
c1n[nH]nc1-c1cc2c(n1-c1ccc(Cl)cc1)C(c1ccc(Cl)cc1)N(c1cc(Cl)c[nH]c1=O)C3,高毒,593.0783,84.56108,,
c1n[nH]nc1-c1cc2sc(-c3ccnn3-c3cnn(C4CCN(Cc5ccc6ncccc6n5)CC4)c3)c(=O)c2cc1OCC1CCCN1,高毒,593.0783,84.56108,,
c1n[nH]nc1-c1cc2c(n1-c1ccc(Cl)cc1)C(c1ccc(Cl)cc1)N(c1cc(Cl)cn(C3CC(O)(CO)C3)c1=O)C2=O,中毒,14.882899,11.513729,0.235038859,3.958725058
c1n[nH]nc1-c1cc2[nH]c(-c3cscn3)nc(=O)c2c1,高毒,593.0783,84.56108,,
c1n[nH]nc1-c1cc2c(c(-c3cc(NCc4coc5ccc(N6CCN(Cc7cccnc7)CC6)no5)cc34)CCN(c3cccnc3)CC2)n1,高毒,593.0783,84.56108,,
c1n[nH]nc1-c1cc2c(n1-c1ccc(F)cc1F)C(c1ccc(N1CCOCC3C(N)=NC(N)=N3)c(F)c1)(c1ccc(Cl)cc1)C(c1ccc(Cl)cc1),高毒,593.0783,84.56108,,
c1n[nH]nc1-c1cc2c(n1-c1ccc(F)cc1F)C(c1ccc(Cl)cc1)N(c1ccCl)C(c3ccc(Cl)cc3)C(c3ccc(Cl)cc3)C1C(c1cccCl)C(C,高毒,593.0783,84.56108,,
c1n[nH]nc1-c1cc2n(n1)C(c1ccc(Cl)cc1)N(c1cc(Cl)cn(C3CC(O)(CO)C3)c1=O)C2=O,中毒,7.854498,13.503714,0.361224482,4.012572138
c1n[nH]nc1-c1cc2c(c(-c3c(Cl)cccc3Cl)c1)C(c1ccc(Cl)cc1)N(c1cc(Cl)cn(C3CC5(C)C(=O)N(C5CC(O)C(O)C5)C5)c3=,高毒,593.0783,84.56108,,
c1n[nH]nc1-c1cc2c(n1-c1ccc(Cl)cc1Cl)C(c1ccc(Cl)cc1)N(c1cc(Cl)cn(C3CN(C)CC3)c1=O)C2=O,中毒,22.035963,14.0600395,0.228747144,4.126454626
c1n[nH]nc1-c1c[nH]c2ncnc(NC(Cc3cccc(Oc4ccnc5ccccc45)c3)C(=O)NC4=NCCC4)c12,中毒,28.760118,25.068491,0.213734132,3.690354052
c1n[nH]nc1-c1cc2c(c(-c3c(Cl)cccc3Cl)c1)C(c1ccc(Cl)cc1)N(c1cc(Cl)cn(C3CC(O)(CO)C3)C3)c1=O,高毒,593.0783,84.56108,,
c1n[nH]nc1-c1cc2n(n1)CC1(OC(c3ccc(Cl)cc3)C(c3cccCl)NN4C(=O)C(=CN5CCOCC5)C3N(c3ccc(Cl)cc3Cl)C3=O)C12,高毒,593.0783,84.56108,,
c1n[nH]nc1-c1cc2n(n1)C1(C2)C(c2ccc(Cl)cc2)N(C(c2ccc(Cl)c2)c2ccncc2)C(c2ccc(Cl)cc2)C1C(=O)NS(=O)(=O)c1,高毒,593.0783,84.56108,,
c1n[nH]nc1-c1nn2c(C(F)(F)F)nnc2c1-c1cc(F)c(Oc2ccc(S(=O)(=O)Nc3cnn(C4CC4)c3)cc2)cc1F,高毒,593.0783,84.56108,,
c1n[nH]nc1-c1cc2c(n1-c1ccc(Cl)cc1F)C(c1ccc(Cl)cc1)N(c1cc(Cl)cn(C3CC(O)(CO)C3)c1=O)C2=O,中毒,12.488247,11.513729,0.22687237,4.043844886
c1n[nH]nc1-c1cc2c(n1-c1ccc(F)cc1F)C(c1ccc(Cl)cc1)N(c1cc(Cl)cn(C3CC(O)(CO)C3)c1=O)C2=O,中毒,12.488247,11.513729,0.244621212,4.0385462
c1n[nH]nc1-c1cc2c(c(-c3c(F)cccc3F)c1)C(c1ccc(Cl)cc1)N(c1cc(Cl)cn(C3CC(O)(CO)C3)c1=O)C2=O,中毒,6.3808517,8.960914,0.216988584,3.927417967
c1n[nH]nc1-c1cc2c(n1-c1cc(Cl)ccc1Cl)C(c1ccc(Cl)cc1)N1C(c3ccc(Cl)cc3Cl)(c3ccc(Cl)c3)C(c3ccc(Cl)cc3)C(C#N)(,高毒,593.0783,84.56108,,
c1n[nH]nc1-c1cc2c(n1-c1cc(Cl)cc(Cl)c1)C(c1ccc(Cl)cc1)N(c1cc(Cl)cn(C3CC(O)(CO)C3)c1=O)C2=O,中毒,14.882899,11.513729,0.207895129,4.073964211
c1n[nH]nc1-c1cc2c(n1C(COc1cccc(F)c1)C(F)(F)F)C(c1ccc(Cl)cc1)N(c1cc(Cl)cn(C3CC(O)C(O)C3)c1=O)C2=O,中毒,19.24008,13.503714,0.169789746,4.856942919
c1n[nH]nc1-c1cc2c(c(-c3ccc(Cl)cc3)c1)C(c1ccc(Cl)cc1)N(c1cc(Cl)cn(C3CC(O)(CO)C3)c1=O)C2=O,中毒,6.3808517,8.960914,0.205435647,3.81469291
c1n[nH]nc1-c1nc2c(c(-c3cnc5ccc(Br)nc45)n12)CCC1C2CCC(C3)C12,高毒,593.0783,84.56108,,
c1n[nH]nc1-c1cc2c(n1-c1ccc(Cl)cc1F)C(c1ccc(Cl)cc1)N(c1ccn(C(Cc3cccc(Br)c3)C(=O)CO)c1=O)C3,高毒,593.0783,84.56108,,
c1n[nH]nc1-c1cc2c(c(-c3cc[nH]3)c1)C(c1ccc(Cl)cc1)N(c1cc(Cl)cn(C3CC(O)(CO)C3)c1=O)C2=O,高毒,593.0783,84.56108,,
c1n[nH]nc1-c1cc2c(c(-c3c(Cl)cccc3Cl)c1)C(c1ccc(Cl)cc1)N(c1cc(Cl)cn(C3CC(O)(CO)C3)c1=O)C2=O,中毒,6.3808517,8.960914,0.182666877,3.916990494
c1n[nH]nc1-c1cc2c(n1-c1cc(Cl)cc(Cl)c1Cl)C(c1ccc(Cl)cc1)N(c1cc(Cl)cn(C3CC(O)(CO)C3)c1=O)C2=O,中毒,18.205946,11.513729,0.173110513,4.164266863
c1n[nH]nc1-c1cc2c(c(-c3c(Cl)cccc3Cl)c1)C(c1ccc4c(c1)OCO3)C(c1ccc(Cl)c(Cl)c1)N(C2)c1cc3c(cc1-2)CCC3,高毒,593.0783,84.56108,,
c1n[nH]nc1-c1cc2c(n1-c1ccc(OCCN3CCOCC3)cc1)C(c1ccc(Cl)cc1)N(c1cc(Cl)cn(C3CC(O)(CO)C3)c1=O)C2=O,中毒,38.99518,13.466203,0.191611211,4.099353781
c1n[nH]nc1-c1cnc2[nH]c(-c3cnc(C(F)F)nc3Nc3cc(F)c(F)cc3F)c(=O)c2c1,高毒,593.0783,84.56108,,
c1n[nH]nc1-c1c[nH]c2cc(NC(=O)NCc3ccnc4cc(Cl)ccc34)nc12,高毒,593.0783,84.56108,,
c1n[nH]nc1-c1cc2c(c(-c3c(Cl)cccc3Cl)c1)C(c1ccc(Cl)cc1)N(c1cc(Cl)cn(C3CC(O)(CO)C3)c1=O)c1=O,高毒,593.0783,84.56108,,
c1n[nH]nc1-c1cc2c(n1-c1ccc(Cl)cc1F)C(c1ccc(Cl)cc1)N(c1cc(Cl)cn(C3CC(O)(CO)C3)c1=O)C2O,中毒,26.991571,12.110745,0.197858539,4.390829781
c1n[nH]nc1-c1cc2n(n1)CP(c1ccc(Cl)cc1)c1cc(Cl)ccc12,中毒,13.277112,16.789124,0.516944103,4.027350172
c1n[nH]nc1-c1cc2c(n1-c1ccc(Cl)cc1F)C(c1ccc(Cl)cc1)N(c1ccn(-c4ccccc4)c1O)C2=O,中毒,29.54402,14.519823,0.2290683,3.710847446
c1n[nH]nc1-c1cc2c(c(-c3cn4nc(OCc5cnn5cc(Cl)c(C6CC6)c5=O)nc5c3)CN(C5CCC(F)(F)CC5)CC3)cc(F)c12,高毒,593.0783,84.56108,,
c1n[nH]nc1-c1cc2c(c(N3CCOc4nc(C=O)c(C(F)(F)F)cc43)C1)CN(c1cc(F)cc(Cl)c1)C3c1ccc(C#N)cc1F,高毒,593.0783,84.56108,,
c1n[nH]nc1-c1nc2c(c(-c3c[nH]c4ccc(Cl)cc34)c1)C(c1ccc(Cl)c(Cl)c1)N(c1ccC(Cl)cn1)C3c1ccc(Cl)cc1F,高毒,593.0783,84.56108,,
c1n[nH]nc1-c1cc2c(n1-c1ccc(Cl)cc1F)C(c1ccc(Cl)cc1)N(c1cc(Cl)cn(C3CC(O)(CO)C3)c1=O)C2=O,中毒,12.488247,11.513729,0.22687237,4.043844886
c1n[nH]nc1-c1cc2nc(-c3ccncc3)cn2c1N1CCN(Cc2ccc(F)c3F)C(c3ccc(F)cc3Cl)C2C1,高毒,593.0783,84.56108,,
c1n[nH]nc1-c1cc1cc2c(c(-c3c(Cl)cccc3Cl)c1)CCN(c1cc(Cn4cccn4)c(Cl)cc13)C2,高毒,593.0783,84.56108,,
c1n[nH]nc1-c1cc2c(c(-c3c(Cl)cccc3Cl)c1)C(c1ccc(Cl)cc1)N(c1cc(Cl)cn(C3CC(O)(CO)C3)c1=O)C2=O,中毒,6.3808517,8.960914,0.182666877,3.916990494
c1n[nH]nc1-c1cc2c(c(-c3c(Cl)ccc2Cl)c1)C(c1ccc(Cl)cc1)N(c1cc(Cl)cn(C3CC(O)(CO)C3)c1=O)C3=O,高毒,593.0783,84.56108,,
c1n[nH]nc1-c1cc2c(n1-c1ccc(F)cn1)C(c1ccc(Cl)cc1)N(c2cc(Cl)c[nH]c1=O)C3C3C1CC2,高毒,593.0783,84.56108,,
c1n[nH]nc1-c1cc2c(n1-c1ccc(F)cc1F)C(c1ccc(Cl)cc1)N(c1cc(Cl)c(=O)n(C3CC(O)C(O)C3)c1=O)C2,高毒,593.0783,84.56108,,
c1n[nH]nc1-c1cc2c(n1-c1ccc(F)cc1F)C(c1ccc(Cl)cc1)N(c1cc(Cl)cn(C3CC(O)(CO)C3)c1=O)C2=O,中毒,12.488247,11.513729,0.244621212,4.0385462
c1n[nH]nc1-c1cc2c(c(-c3c(Cl)cccc3Cl)c1)C(c1nc3ccc(Cl)cc3o1)N(c1ccc(Cl)cc1)C3,高毒,593.0783,84.56108,,
c1n[nH]nc1-c1c(-c2c(Cl)cccc2Cl)nc2cc(-c3ccnn3-c3ccccc3)cnc2c1=O,高毒,593.0783,84.56108,,
c1n[nH]nc1-c1cc2c(n1-c1c(Cl)cccc1Cl)C(c1ccc(Cl)cc1)N(c1cc(Cl)cn(C3CC(O)(CO)C3)c1=O)C2,中毒,24.385923,11.513729,0.200351088,4.093584308
c1n[nH]nc1-c1c(COc2ccc(OC(F)(F)F)cc2)ncc(OCC2CC2)c1=O,高毒,593.0783,84.56108,,
c1n[nH]nc1-c1cc2c(c(-c3c(Cl)cccc3Cl)c1)C(=O)N(c1cc(F)c(O)c(F)c1F)C3,高毒,593.0783,84.56108,,
c1n[nH]nc1-c1nc2c(c(NC3CC(Oc4nc([S+](Cc5ccc(Cl)c(Cl)c5Cl)C(F)(F)F)cc(C(F)(F)F)c5)C(C(F)(F)F)C4)nc3cc2,高毒,593.0783,84.56108,,
c1n[nH]nc1-c1cc2c(n1-c1ccc(Cl)c(Cl)c1)C(c1ccc(Cl)cc1)N(c1cc(Cl)cn(C3CC(O)(CO)C3)c1=O)C2=O,中毒,14.882899,11.513729,0.207895129,4.029063273
c1n[nH]nc1-c1c-2c(c(-c3cc4n(n3)C(c3ccc(F)cc3)C5)c1)C(c1ccc(Cl)cc3)N(c1cc(Cl)cn(C4CC(O)(CO)C4)c1=O)C3,高毒,593.0783,84.56108,,
c1n[nH]nc1-c1cc2c(c(-c3c(Cl)cccc3Cl)c1)C(c1cccnc1)=NC(c1cc2cc(Cl)ccc2n1)N1CCC(N3CCCC3)CC2C1,高毒,593.0783,84.56108,,
c1n[nH]nc1-c1cc2c(n1-c1c(Cl)cccc1Cl)C(c1ccc(Cl)cc1)N(c1cc(Cl)cn(C3CC(O)(CO)C3)c1=O)C2=O,中毒,18.205946,11.513729,0.207895129,4.06849104
c1n[nH]nc1-c1nc2c(s1)C(CN1CCc3[nH]c(CO)cc3C1)Cc1cc(F)ccc1-2,中毒,32.13633,8.685516,0.45664924,3.939406944
c1n[nH]nc1-n1nc2c(c1-c1nnc(-c4cn(C5OC(CO)C(O)C5O)nn4)c3)CCC1CNC2,高毒,593.0783,84.56108,,
c1n[nH]nc1-c1nc2c(c(Nc3ccc(NCCN4CCCC4)cc3)n1)CC(c1ccc(F)cc1)C(c1ccsc1)N(c1cOC3CC(=O)N(C4CCC(=O)CC4,高毒,593.0783,84.56108,,
c1n[nH]nc1-c1cc2c(n1-c1cc(oc1=O)C(c1ccc4nccnc4c3)N(c3cc(Cl)ccc3c1)C3c1ccc(Cl)cc1)CN(N)C2C(=O)NC1CC1,高毒,593.0783,84.56108,,
c1n[nH]nc1-c1nn(-c2cc(Cl)ccc2Cl)c(=O)c1Cl,高毒,593.0783,84.56108,,
c1n[nH]nc1-c1cc2c(c(-c3nc(C4CC4)no3)c1)C(c1ccc(Cl)cc1)N(c1cc(Cl)cn(C3CC(O)(CO)C3)c1=O)C2=O,中毒,12.808037,28.945686,0.22798593,4.067199882
c1n[nH]nc1-c1sc2nc3n(c(=O)c2c1=O)CCN(Cc1ccc(C#N)cc1)C3,高毒,593.0783,84.56108,,
c1n[nH]nc1-c1cc2c(n1-c1ccc(Cl)cc1)C(c1ccc(Cl)cc1)N(c1cc(Cl)cn(C3CC(O)(CO)C3)c1=O)C2=O,中毒,14.882899,11.513729,0.235038859,3.958725058
c1n[nH]nc1-c1cc2c(c(-c3ccc4c(n3)n2)C[S+]([O-])C(c2ccc(Cl)cc2C(F)(F)F)C(c2ccc4c(c2)OCO4)N(C4CC2)C3)c,高毒,593.0783,84.56108,,
c1n[nH]nc1-c1cc2c(n1-c1ccc(F)cc1F)C(c1ccc(Cl)cc1)N(c1cc(Cl)cn(C3CC(O)(CF)C3)c1=O)C2=O,中毒,25.244574,11.513729,0.244035989,4.106876406
c1n[nH]nc1N1CCC(Oc2ncnc3c2cnn3-c2cccc(N3CCc4cc(Br)cnc4C3)c2=O)CC1,高毒,593.0783,84.56108,,
c1n[nH]nc1-c1cnc(-c2csc(-c3cn4ccc(OC(F)(F)F)c4c3-c3cnn(C4CC(F)(F)C5)c4)c3n2)nc1,高毒,593.0783,84.56108,,
c1n[nH]nc1-c1cc2c(n1-c1ccc(F)cc1F)C(c1ccc(Cl)cc1)N(c1cc(Cl)cn(C3CC(O)(CO)C3)c1=O)C2=O,中毒,12.488247,11.513729,0.244621212,4.0385462
c1n[nH]nc1-c1cc2c(n1-c1ccc(Cl)cc1Cl)C(c1ccc(Cl)cc1)N(c1cc(Cl)cn(C3CC(O)(CO)C3)c1=O)C2=O,中毒,18.205946,11.513729,0.207895129,4.033490665
c1n[nH]nc1-c1cc2c(c(-c3c(Cl)cccc3Cl)c1)C(c1ccc(Cl)cc1)N(c1c(Cl)cn(C4CC(O)(CO)C4)c1=O)C2,高毒,593.0783,84.56108,,
c1n[nH]nc1-c1cc2c(n1-c1ccc(Cl)cc1)C(c1cc3ccccc3o1)N(c1cc(Cl)cn(C3CC(O)(CO)C3)c1=O)C2=O,中毒,10.762919,11.513729,0.224120032,4.12553172
c1n[nH]nc1-c1cc2c(c(-c3ccnc4ccccc34)c1)C(c1ccc(Cl)cc1)N(c1cc(Cl)cn(C3CC(O)(CO)C3)c1=O)C2=O,中毒,7.6477833,8.519041,0.199660079,3.914276057
c1n[nH]nc1-c1cc2c(n1-c1ccc(Cl)cc1)C(c1ccc(Cl)cc1)N(c1ccc(Cl)cc1)C3c1ccc(-c4cnn(-c5c(Br)cccc5Br)c5)cc3CC,高毒,593.0783,84.56108,,
c1n[nH]nc1-c1cc2c(n1-c1ccc(Cl)cc1Cl)C(c1ccc(Cl)cc1)N(c1cc(Cl)cn(C3CC(O)(CO)C3)c1=O)C2=O,中毒,18.205946,11.513729,0.207895129,4.033490665
c1n[nH]nc1-c1cc2c(n1-c1ccc(Cl)cc1)C(c1ccc(Cl)cc1)N(c1cc(Cl)cn(C3CC(O)(CO)C3)c1=O)C1=NC(=O)N(C3CCC(O)C,高毒,593.0783,84.56108,,
c1n[nH]nc1-c1cc2c(n1-c1ccc(F)cc1)C(c1ccc(Cl)cc1)N(c1cc(Cl)cn(C3CC(O)(CO)C3)c1=O)C2=O,中毒,14.882899,11.513729,0.252765996,3.961679667
c1n[nH]nc1-c1cc2c(n1-c1ccc(Cl)cc1F)C(c1ccc(Cl)cc1)N(c1cc(Cl)cn(C3CC(O)(CO)C3)C1O)c1=O,高毒,593.0783,84.56108,,
c1n[nH]nc1-c1cc2c(c(-c3c(Cl)cccc3Cl)c1)C(Nc1ccc(F)nc1)C(c1ccc(Cl)cc1)N(c1cc(Cl)cn(C4CC(O)(CO)C4)c1=O)C,高毒,593.0783,84.56108,,
c1n[nH]nc1-c1cc2c(n1-c1ccc(Cl)cc1)C(c1ccc(Cl)cc1)N(c1cCl)C(F)(F)C3,高毒,593.0783,84.56108,,
c1n[nH]nc1Nc1ncnc2cc(-c3cccnc3c3c(Cl)cc(-c4cnn(C5CNC(CCN(Cc6ccccc6)C(F)(F)F)C6)c5)C4)cc13,高毒,593.0783,84.56108,,
c1n[nH]nc1-c1ccc2c(c1)C(c1ccc(Cl)cc1Cl)N(c1ccc(Cl)cn1)C1=C2,高毒,593.0783,84.56108,,
c1n[nH]nc1-c1cc2c(n1-c1ccc(Cl)cc1F)C(c1ccc(Cl)cc1)N(c1cc(Cl)cn(C3CC(O)(CO)C3)c1=O)C1=O,高毒,593.0783,84.56108,,
c1n[nH]nc1-c1cc2c(n1-c1ccc(Cl)cc1)C(c1ccc(Cl)cc1)N(c1cc(Cl)cn(C3CC(O)(CO)C3)c1=O)C2=O,中毒,14.882899,11.513729,0.235038859,3.958725058
c1n[nH]nc1-c1ccc2c(N3CCC(N4Cc5ccccc5C4)CC3)c(-c3ncc(Cl)c3)nc2c1,高毒,593.0783,84.56108,,
c1n[nH]nc1-c1cc2c(c(-c3c(Cl)cccc3Cl)c1)C(c1cccc(Cl)c1)N(c1cc(Cl)cn(C3CC(O)(CO)C3)c1=O)C2=O,中毒,6.3808517,8.960914,0.182666877,3.944231153
c1n[nH]nc1-c1cc2c(c(-c3cn[nH]c3Cc3ccco3)c1)C(c1ccncc1)N(c1cc(Cl)cn(C3CC(F)(F)C3)c1=O)C2=O,中毒,6.958889,10.663213,0.219003323,4.275273695
c1n[nH]nc1-c1nc2c(c(-c3cccc4[nH]ccc34)c1=O)CN(c1ncnc(Oc4ccc(F)cc4)c1=O)CC3,高毒,593.0783,84.56108,,
c1n[nH]nc1-c1csc(C2CCc3cc(N4Cc5ccccc5C4)nn3C2)c1,中毒,15.945128,22.512182,0.57661438,3.852155671
c1n[nH]nc1-c1cc2oc(-c3ccoc3)cc2c1-c1ccnc2[nH]c(-c3cnn4nccs33)cc12,高毒,593.0783,84.56108,,
c1n[nH]nc1-c1cc(C2=NC(c3ccsc3)N(c3cc[nH]c(=O)c3)C3=C(C2)OCO3)cc1OCC(F)(F)F,高毒,593.0783,84.56108,,
c1n[nH]nc1-c1cc2c(c(-c3c(Cl)cccc3Cl)c1)C(c1ccc(Cl)cc1)N(c1cc(Cl)cn(C3CC(O)(CO)C3)c1=O)C2=O,中毒,6.3808517,8.960914,0.182666877,3.916990494
c1n[nH]nc1-c1cc(F)c(C2CCC(C3C(O)CCN3C(=O)c3cnn4cccnc34)c(F)c2F)c1,高毒,593.0783,84.56108,,
c1n[nH]nc1-c1cc2c(n1-c1ccc(Cl)cc1Cl)c1cc(NC(=O)c4cnc5ccccc5c4)ccc3CC21,高毒,593.0783,84.56108,,
c1n[nH]nc1-c1cc2c(c(-c3ccc(OC(F)F)cc3)c1)C(c1ccc(Cl)cc1)N(c1cc(Cl)cn(C3CC(O)(CO)C3)c1=O)C2=O,中毒,6.3808517,8.960914,0.182734556,3.935733462
c1n[nH]nc1-c1cc2c(n1-c1ccc(F)cc1)C(c1ccc(F)cc1)N(c1cc(Cl)cn(C3CC(O)(CO)C3)c1=O)C2=O,中毒,14.882899,11.513729,0.266909267,3.964634276
c1n[nH]nc1-c1cc2c(c(-c3cc4c(s3)CNC4c3ccc(F)cc3)CN(Cc3cn(CC(=O)O)c6cc(Cl)ccc36)CCC4)nc12,高毒,593.0783,84.56108,,
c1n[nH]nc1-c1cc2c(N3CCC(O)CC3)ncnc2c1,高毒,593.0783,84.56108,,
c1n[nH]nc1-c1cc2c(c(-c3c(Cl)cccc3Cl)c1)C(c1ccc(Cl)cc1)N(c1cc(Cl)cn(C3CC(O)(CO)C3)c1=O)C2=O,中毒,6.3808517,8.960914,0.182666877,3.916990494
c1n[nH]nc1-c1nc2c(n1-c1ccc(S(=O)(=O)Nc3ccsc3)c(Cl)c1)C(c1ccc(Cl)cc1)N(c1cc(Cl)cn(C3CC(O)C(O)C3)c1=O)C,高毒,593.0783,84.56108,,
c1n[nH]nc1-c1cc2c(n1-c1ccc(F)cc1)C(c1ccc(Cl)cc1)N(c1cc(Cl)cn(C3CC(O)(CO)C3)c1=O)C2=O,中毒,14.882899,11.513729,0.252765996,3.961679667
c1n[nH]nc1-c1cc2c(c(-c3c(Cl)cccc3Cl)c1)C(c1ccc(Cl)cc1)N(c1cc(Cl)cn(C3CC(O)(CO)C3)c1=O)C2=O,中毒,6.3808517,8.960914,0.182666877,3.916990494
c1n[nH]nc1-c1cc2c(n1-c1ccc(Br)cc1)C(c1ccc(Cl)cc1)N(c1cc(Cl)cn(C3CC(O)(CO)C3)c1)C2=O,高毒,593.0783,84.56108,,
c1n[nH]nc1-c1cc2cc(-c3ccncc3)c(-c3c(F)cccc3F)cc2n1,高毒,593.0783,84.56108,,
c1n[nH]nc1-c1cc2c(c(-c3cc(NC(=O)c4cccc5c(Cl)cccc45)cn3)C3COC4(CCNC4)CC3)nn12,高毒,593.0783,84.56108,,
c1n[nH]nc1-c1cc2c(n1-c1ccc(F)cc1Cl)C(c1ccc(Cl)cc1)N(c1cc(Cl)cn(C3CC(O)(CO)C3)c1=O)C2=O,中毒,18.205946,11.513729,0.22687237,4.046410365
c1n[nH]nc1-c1cc2c(n1-c1ccc(Cl)cc1F)C(c1ccc(Cl)cc1)N(cc1c(C(=O)N3CCOCC3)c(C=Cc4ccccc4)nc1c1ccc(Cl)cc13,高毒,593.0783,84.56108,,
c1n[nH]nc1-c1cc2c(c(-c3c(Cl)cccc3Cl)c3c(c1=O)CNCC5)C(c1nc2nc(-c4cnn(C5COC5)c6)cc4[nH]c14)C3,高毒,593.0783,84.56108,,
c1n[nH]nc1-c1c(N2CCCC(NC3C4CC5CC3CC(O)(C5)C4)C3)c(F)cc(F)c2c(=O)c1COc1c(F)c(F)c(F)c(F)c1F,高毒,593.0783,84.56108,,
c1n[nH]nc1-c1cc2c(c(-c3ccnc(Cl)c3F)c1)C(c1ccc(Cl)cc1)N(c1cc(C2=CC3(CC2)COC4)nn1)C1(P(=O)(O)O)N=N1,高毒,593.0783,84.56108,,
c1n[nH]nc1-c1cc2c(n1-c1ccc(F)c(F)c1)C(c1ccc(Cl)cc1)N(c1cc(Cl)c=O)CC1,高毒,593.0783,84.56108,,
c1n[nH]nc1-c1cc2c(c(-c3ccc4c(n3)-c3ccc(Cl)cc3)CSC4)cc12,高毒,593.0783,84.56108,,
c1n[nH]nc1-c1cc2c(n1-c1ccc(C(F)(F)F)cc1)C(c1ccc(Cl)cc1)N(c1cc(Cl)cn(C3C#N)C3=O)c1=O,高毒,593.0783,84.56108,,
c1n[nH]nc1-c1cc2c(n1-c1ccc(F)cc1F)CS(=O)(=O)C3(c1ccc(Cl)cc1)C(c1ccc(Cl)cc1)N(c1cc(Cl)cn(C4CC4)c1=O)C3,高毒,593.0783,84.56108,,
c1n[nH]nc1-n1c2c(c3c(SCc4ccc(Cl)c(Cl)c4)nc(Cl)c(Cl)c4c1=O)C(c1ccc(OCCN4CCOCC4)cc1)C(c1ccc(Cl)cc1)N(c1cc,高毒,593.0783,84.56108,,
c1n[nH]nc1-c1cc2c(n1-c1ccc(Cl)cc1)c1c(c3c1cc(Cl)ccc3n1O)CN(Cc1c4ccsc4nc4cc(Cl)ccc42)C(CC3)C1,高毒,593.0783,84.56108,,
c1n[nH]nc1-c1cc2c(c(-c3ccc4c(n3)N(CCN5CCOCC5)c3)C2)C(c2ccc(Cl)cc2)C2(C(=O)Nc5c(Cl)cc(Br)cc53)CC3(Cl)C(,高毒,593.0783,84.56108,,
c1n[nH]nc1-c1cc2[nH]c(-c3ccncc3)nc2c2c(S(=O)(=O)Nc3ccc4c(c3)OCO4)ccc12,高毒,593.0783,84.56108,,
c1n[nH]nc1-c1cc2c(n1-c1ccc(F)cc1F)C(c1ccc(Cl)cc1)N(c1ccCl)C(c1cc3c(c(OCC4CC4)cc1)C2(C2CCC2)C1(CO)C3),高毒,593.0783,84.56108,,
c1n[nH]nc1-c1cnc2c(-c3cnc4ccc(-c5cnn(C6CCN6)c5)cn45)cccn2c1=O,高毒,593.0783,84.56108,,
c1n[nH]nc1-c1cc2c((-c3nc(-c4cc(Cl)ccc4OC(F)(F)F)cc4ncc(F)cc34)C(F)(F)C(F)(F)C(COc3ccc(F)cc3F)C(N)C3,高毒,593.0783,84.56108,,
c1n[nH]nc1-c1cc2c(c(-c3c(Cl)cccc3Cl)c1Cl)CCc1c-2nnc(-c2ccncc2F)c1NC(=O)NC1CCC(Oc2ccc(F)cc2)CC1,中毒,8.155836,42.731243,0.147369823,3.699532221
c1n[nH]nc1-c1cc2c(n1-c1ccc(Cl)cc1)C(c1ccc(Cl)cc1)N(c1cc(Cl)cn(C3CC(O)(CO)C3)c1=O)C2=O,中毒,14.882899,11.513729,0.235038859,3.958725058
c1n[nH]nc1-c1cc2c(Nc3ccc4c(c3)OCNC4=O)ncnc2c1,高毒,593.0783,84.56108,,
c1n[nH]nc1-c1cc2c(c(-c3c(Cl)cccc3Cl)c1)C(c1ccc(Cl)cc1)N(c1cc(Cl)cn(C3CC(O)(COC(=O)COCc4cccc(C(F)(F)F)c,高毒,593.0783,84.56108,,
c1n[nH]nc1-c1n[nH]c2cc(NC(=O)NCCn3c(-c4cc5c(Br)cccc5[N+](=O)[O-])cnc4c3)nc(-c3cc(F)ccc3OC(Cc3ccccc3,高毒,593.0783,84.56108,,
c1n[nH]nc1-c1cc2c(c(-c3cc4cnc(Cl)cc4c3)c1)CN(c1cc(OC3CCOCC3)cc(C(F)(F)F)c1)C2,高毒,593.0783,84.56108,,
c1n[nH]nc1-c1nc2c(n1C1CC(Cl)(Cl)C1Cl)C(c1nc3c(-c4ccccn4)n[nH]c3c1Br)(C(F)(F)F)C2,高毒,593.0783,84.56108,,
c1n[nH]nc1C-c1cc2c(n1-c1ccc(Cl)cc1F)C(c1ccc(Cl)cc1)N(c1cc(Cl)cn(C3CC(O)(CO)C3)c1=O)C2=O,中毒,12.488247,11.513729,0.217097309,4.122360824
c1n[nH]nc1-c1nc2sc3nc(-c4ccco4)cc(-c4cccc(O)c4)c-3c2c1-c1ccc(OCCN2C4CCC3(CC2)OCCO3)cc1,高毒,593.0783,84.56108,,
c1n[nH]nc1-c1cc2c(c(-c3c(Cl)cccc3Cl)c1)C(c1ccc(Cl)cc1)N(c1cc(Cl)cn(C3CC(O)(CO)C3)c1=O)C2=O,中毒,6.3808517,8.960914,0.182666877,3.916990494
c1n[nH]nc1-n1c(-c2cn(-c3ccccc3)cn2)nc2cc(Cl)cc(S(=O)(=O)N3CCc4ccc(C(F)(F)P(=O)(O)O)c5c43)c21,高毒,593.0783,84.56108,,
c1n[nH]nc1-c1cc2c(c3nc(-c4cccs4)cc(Cl)c13)CCN(C(=O)Nc1sc3c(c1-c1cn[nH]c3)C(c4ccc(F)cc4)C(c4ccc(Cl)cc,高毒,593.0783,84.56108,,
c1n[nH]nc1-c1cc2c(n1-c1ccc(Cl)cc1)C(c1ccc(Cl)cc1)N(c1cc(Cl)#N)C(cF)]1,高毒,593.0783,84.56108,,
c1n[nH]nc1-c1cc2c(n1-c1ccc(Cl)cc1F)C(c1ccc(Cl)cc1)N(c1cc()c(OCC3CCS(=O)(=O)C3)c1)C(N)C2,高毒,593.0783,84.56108,,
c1n[nH]nc1-c1cc2c(n1-c1ccc(1)ccc1F)C(c1ccc(Cl)cc1)N(c2cc(Cl)cn(C3CC(O)(CO)C3)c1=O)C2=O,高毒,593.0783,84.56108,,
c1n[nH]nc1-c1cc(N2Cc3ccnc(O)c3C2)nc(OC2CCOCC2O)c12,高毒,593.0783,84.56108,,
c1n[nH]nc1-c1cc2sc(-c3ccnn3C3CCN(c4ccnc(OC5Cn6cnc(C7)c6C5)c4)CC3)cc2c1,高毒,593.0783,84.56108,,
c1n[nH]nc1-c1cc2c(c(-c3cc4c([nH]3)CC2)C(c2ccc(Cl)cc2)N(c2ccc(Cl)cc2)C3c2ccc(Cl)cc2)C(c2ccc(Cl)cc2)C1c1,高毒,593.0783,84.56108,,
c1n[nH]nc1-c1cc2c(n1-c1ccc(Cl)c(Cl)c1)c(=O)c(C(=O)N1CC(F)(F)C1)c1cc(-c3cnc4[nH]ncc4c3)c(c1F)C3c1ccc(,高毒,593.0783,84.56108,,
c1n[nH]nc1-c1cc2c(n1-c1ccc(F)cc1)C(c1ccc(Cl)cc1)N(c1cc(Cl)cn(C3CC(O)(CO)C3)c1=O)C2=O,中毒,14.882899,11.513729,0.252765996,3.961679667
c1n[nH]nc1-c1cc2sc(-c3ccnc(Oc4cc(N5CCOCC5)ccn4)c3)c(=O)c2s1,高毒,593.0783,84.56108,,
c1n[nH]nc1-c1cc2c(c(-c3c(Cl)cccc3Cl)n1)C(c1ccc(F)cc1)N(c1ccCl)C(c1ccc(Cl)cc1Br)N(c1cc(Cl)cn(C3CC(O)(CO)C,高毒,593.0783,84.56108,,
c1n[nH]nc1-c1cc2c(c(-c3c(Cl)cccc3Cl)c1)C(c1ccc(Cl)cc1)N(c1cc(Cl)cn(C3CC(O)(CO)C3)c1=O)C2=O,中毒,6.3808517,8.960914,0.182666877,3.916990494
c1n[nH]nc1-c1cc2c(n1-c1ccc(Cl)cc1F)C(c1ccc(Cl)cc1)N(c1cc(Cl)cn(C3CC(O)(CO)C3)c1=O)C2=O,中毒,12.488247,11.513729,0.22687237,4.043844886
c1n[nH]nc1-c1cc2c(n1-c1ccc(F)cc1F)C(c1ccc(Cl)cc1)N(c1cc(Cl)cn(C3CC(O)(CO)C3)c1=O)C2=O,中毒,12.488247,11.513729,0.244621212,4.0385462
c1n[nH]nc1-c1cc2[nH]c(-c3cn[nH]c3)cc2c1Nc1ccc(OC2CCOC2)c(OC2CCC2)c1,高毒,593.0783,84.56108,,
c1n[nH]nc1-c1cc2c(c(-c3cnn4c3CCC5)c1)C(c1ccc(Cl)cc1)C(c1ccc(Cl)cc1)N(c1cc(Cl)cn(C3CC3)c1=O)C2=O,高毒,593.0783,84.56108,,
c1n[nH]nc1-c1cc2c(c(-c3ccc(Cl)cc3)c1)C(c1ccc(Cl)cc1)N(c1cc(Cl)cn(C3CC(O)(CO)C3)c1=O)C2=O,中毒,6.3808517,8.960914,0.205435647,3.81469291
c1n[nH]nc1-c1cc2c(n1-c1ccc(Cl)cc1F)C(c1ccc(Cl)cc1)N(c1cc(Cl)cn(C3CC(O)(CO)C3)c1=O)C2=O,中毒,12.488247,11.513729,0.22687237,4.043844886
c1n[nH]nc1-c1cc2c(c(-c3ccc4c(c3)OCO4)c1)Cc1c-2nc2ccccc12,高毒,593.0783,84.56108,,
c1n[nH]nc1-c1cc2c(n1-c1ccc(F)cc1F)C(c1ccc(Cl)cc1)N(c1cc(Cl)cn3nc(-c6cccs6)nc14)C3c1ccc(Cl)cc1+2,高毒,593.0783,84.56108,,
c1n[nH]nc1-c1nc2sc3c(c2c(C(F)(F)F)c1=O)Cn1c-3n[nH]c1=O,高毒,593.0783,84.56108,,
c1n[nH]nc1-c1cc2c(n1-c1ccccc1)C(c1ccc(Cl)cc1)N(c1cc(Cl)cn(C3CC(O)(CO)C3)c1=O)C2=O,中毒,14.882899,11.513729,0.261571125,3.917985315
c1n[nH]nc1-c1nc2n(c1-c1ccc(Cl)c(Cl)c1)C(c1ccc(Cl)cc1)N(c1cc(Cl)cn(C3CC(O)(CO)C3)c1=O)C2=O,中毒,32.68572,13.447941,0.219989314,4.088113179
c1n[nH]nc1-c1cc2n(c1=O)C1(c3cc(F)c(-c4cncnc4)cc3)C(c4ccc(Cl)cc4F)N=C(c4cc(Cl)ccn4)C3(CCC3)C12,高毒,593.0783,84.56108,,
c1n[nH]nc1-c1cc2c(c(-c3ccc4c(ccn4Cc4cccc(F)c4)c3)c1)C(c1ccc(Br)cc1)N(c1cc(Cl)cn(C3CC(O)c5c(Cl)cccc55),高毒,593.0783,84.56108,,
c1n[nH]nc1-c1cc2c(c(-c3c(Cl)cccc3Cl)c1)C(c1ccc(Cl)cc1)N(c1cc(Cl)cn(C3CC(CO)C(O)C3)c1=O)C2=O,中毒,6.3808517,8.960914,0.176249749,4.490159688
c1n[nH]nc1-c1cc2c3c(n(-c4ccc(Cl)cc4)c(=O)c2cc14)C(c1ccc2c(-c4ccc(Cl)c(C(=O)O)c4)cn(C4CCS(=O)(=O)C4)c,高毒,593.0783,84.56108,,
c1n[nH]nc1-c1cc2c(c(-c3c(Cl)cccc3Cl)c1)C(c1ccc(Cl)cc1)N(c1cc(Cl)cn(C3CC(O)(CO)C3)c1=O)C2=O,中毒,6.3808517,8.960914,0.182666877,3.916990494
c1n[nH]nc1-c1cc2c(c(-c3ccc(Br)cc3)c1)c(C(c1ccc(Cl)cc1)c1cccnc1)N(c1cc(Cl)cn(C3CC(O)(CO)C3)c1=O)c1=O,高毒,593.0783,84.56108,,
c1n[nH]nc1-c1cc2c(c(-c3cnc4ccc(N5CCOCC5)nc4c3-c3ccccc3)C(N3CCC(Oc4csc(-c6cn(C6Cc7cc[nH]n7)nn6)CC7),高毒,593.0783,84.56108,,
c1n[nH]nc1-c1cc2c(c(-c3c(Cl)cccc3Cl)c1)C(c1ccc(Cl)cc1)N(c1ccc(Cl)cc1)C3=O,高毒,593.0783,84.56108,,
c1n[nH]nc1-c1cc2c(n1-c1cc(Cl)cc(Cl)c1)C(c1ccc(Cl)cc1)N(c1c(Cl)cCl)C(c3ccc(Cl)cc3)N(c3ccc(Cl)cc3)C1=O,高毒,593.0783,84.56108,,
c1n[nH]nc1-c1nc2c(c(-c3cnc[nH]3)c1=O)C(c1cn(-c4ccc(F)cc4F)c2)N(c2cc(Cl)c(Cl)cc2Cl)C(c2ccc(Cl)c2)C1c1cc,高毒,593.0783,84.56108,,
c1n[nH]nc1-c1cc2c(n1-c1ccc(Cl)cc1Cl)C(c1ccc(Cl)cc1)N(c1cc(Cl)c(=O)n(C4CC4)c1=O)C3,高毒,593.0783,84.56108,,
c1n[nH]nc1-c1cc2c(c(-c3ccn(CCOc4ccc(C(F)(F)F)cc4)c3=O)c1)C(c1ccc(Cl)cc1)N(c1cc(Cl)cn(C3CC(O)(CO)C3)c,高毒,593.0783,84.56108,,
c1n[nH]nc1-c1ccc2c(n1)-c1cc(NC(=S)Nc4ccc(Oc5cccnc5)cc3)ccc1C2,高毒,593.0783,84.56108,,
c1n[nH]nc1-c1cc2c(n1-c1ccc(F)cc1F)C(c1ccc(Cl)cc1)N(c1ccClnc1)C2,高毒,593.0783,84.56108,,
c1n[nH]nc1-c1cc2c((c1NC(Cc1ccc(F)cc1)c1ccc(Cl)cc1)C(c1ccc(Cl)c(F)c1)c1sc(N3CCOCC3)nc13)C(O)(CO)CC2,高毒,593.0783,84.56108,,
c1n[nH]nc1-c1cn2c(-c3cccnc3)cnc2c1,高毒,593.0783,84.56108,,
c1n[nH]nc1-c1cc2c(c(-c3c(Cl)cc(Cl)cc3Cl)c1)Cc1c-2c2c(c3cc(OCCCc4nnnn4-c4ccccc4)cc3)C(COc3ccc(Cl)cc3)C(,高毒,593.0783,84.56108,,
c1n[nH]nc1-c1nc2c(n1-c1ccc(Cl)cc1F)C(c1ccc(Cl)cc1)N(c1ccHnc(Cl)c1)C3c1ccc(Cl)cc3C1,高毒,593.0783,84.56108,,
c1n[nH]nc1-c1cc2c(c(-c3c(Cl)ccc(Cl)c3Cl)c1)C(c1ccc(Cl)cc1)N(c1cc(Cl)cn(C3CC(O)(CO)C3)c1=O)C2=O,中毒,6.3808517,8.960914,0.157680425,4.00048933
c1n[nH]nc1-c1cc2c(n1-c1ccc(Cl)cc1)C(c1ccc(Cl)cc1)N(c1cc(Cl)cn(C3CC(O)(CO)C3)c1=O)C2=O,中毒,14.882899,11.513729,0.235038859,3.958725058
c1n[nH]nc1-c1cc2c(n1-c1ccc(F)cc1F)C(c1ccc(Cl)c(Cl)c1)N(c1cc(Cl)cn(C3CC(O)(CO)C3)c1=O)C2=O,中毒,15.540574,11.513729,0.219371728,4.104712894
c1n[nH]nc1-c1cc2c(n1-c1ccc(F)cc1F)C(c1ccc(Cl)cc1)N(c2cc(Cl)cn(C3CC(O)(CO)C3)c1=O)C2=O,高毒,593.0783,84.56108,,
c1n[nH]nc1-c1cc2c(n1-c1ccc(F)cc1F)C(c1ccc(Cl)cc1)N(c1cc(Cl)cn(C3CC(O)(CO)C3)c1=O)C2=O,中毒,12.488247,11.513729,0.244621212,4.0385462
c1n[nH]nc1-c1cc2c(c(-c3c[nH]c2Cl)c1)c(c1cn(-c4ccc(F)cc4)c2c1)cc(C1CC3CCC1N3)n1cnc(1)cc3=O,高毒,593.0783,84.56108,,
c1n[nH]nc1-c1cc2c(n1-c1ccc(F)cc1)C(c1cc2cc(Br)ccc2nc1OCC2CC1)N(c1cc(Cl)cn(C2CCOCC2)c1)C#N,高毒,593.0783,84.56108,,
c1n[nH]nc1-c1csc(-c2nc3cc(-c4nc(-c5cccnc7)cno4)cc3cc2Br)c1,高毒,593.0783,84.56108,,
c1n[nH]nc1-c1cc2c(c(-c3c(Cl)cccc3Cl)c1)C(c1ccc(Cl)cc1)N(c1cc(Cl)cn(C3C5CC6CC(C5)C(C5)C4)c3=O)C(=O)N12,高毒,593.0783,84.56108,,
c1n[nH]nc1-c1cc2c(c(-c3c(Cl)cccc3Cl)c1)C(c1ccc(Cl)cc1)N(c1cc(Cl)cn(C3CC(O)C(O)C3)c1=O)C2=O,中毒,6.3808517,8.960914,0.189108586,4.301943535
c1n[nH]nc1-c1cc2c(c(-c3cncnc3)c12)C(c1ccc(Cl)cc1)N(c1cc(Cl)cn(C3CC(O)(CO)C3)c1=O)C2=O,高毒,593.0783,84.56108,,
c1n[nH]nc1-c1cc2c(c(-c3c(Cl)cncc3Cl)c1)C(c1ccc(Cl)cc1)N(c1cc(Cl)cn(C3CC(O)C(O)C3)c1=O)C2=O,中毒,6.3808517,8.960914,0.20314342,4.426023607
c1n[nH]nc1-c1cc2c(c(-c3ccc4sc5ncnc(N6CCNCC6)c5c4)c2c1)C(=O)N(CCc1c[nH]cn1)CC3,高毒,593.0783,84.56108,,
c1n[nH]nc1-c1cnc2[nH]c(-c3n[nH]c4ccc(-c5nccc6ccccc56)cc34)c(=O)c2c1,高毒,593.0783,84.56108,,
c1n[nH]nc1-c1cc2c(c(-c3c(Cl)cccc3Cl)c1)CN(c1ncnc(Nc3ccn(C4COC(=O)C6(O)CC6)c4=O)c3)c1C2,高毒,593.0783,84.56108,,
c1n[nH]nc1-c1cc2c(n1-c1cc(Cl)cc(Cl)c1)C(c1ccc(Cl)cc1)N(c2ccc(Cl)cc1)C2(C1CC1)C(c1ccc(Cl)cc1)N(c1cc(Cl)C(,高毒,593.0783,84.56108,,
c1n[nH]nc1-c1cc2c(c(-c3c(Cl)cccc3Cl)c1)C(c1ccc(Cl)cc1)N(c1cc(Cl)cn(C3CC(O)(CO)C3)c1=O)=N2,高毒,593.0783,84.56108,,
c1n[nH]nc1-c1cc2c(cc1-c1ccnc(C(F)(F)F)c1)C(c1ccc(Cl)cc1)N(c1cc(Cl)cn(C3CC(O)(CO)C3)c1=O)C2=O,中毒,10.149779,8.960914,0.204989755,4.064598348
c1n[nH]nc1-c1cc2c(c(-c3c(Cl)cncc3Cl)c1)C(c1ccc(Cl)cc1)N(c1cc(Cl)cn(C3CC(O)(CO)C3)c1=O)C2=O,中毒,6.3808517,8.960914,0.1962146,4.042055329
c1n[nH]nc1-c1csc(-c2nsc(N3CC(c4n[nH]c5ccc(F)c(=O)c5c4)n3)C2)n1,高毒,593.0783,84.56108,,
c1n[nH]nc1-c1cc2c(nc1-c1(c3ccc(Cl)cc3F)CCc3cnc(N4CCSCC4)nc31)C2,中毒,17.012735,15.418315,0.391887135,4.14447673
c1n[nH]nc1-c1cc2c(n1-c1ccc(Cl)cc1)C(c1ccc(Cl)cc1Cl)N(c1ccn(C3CC(O)(CO)C3)c1=O)C2,高毒,593.0783,84.56108,,
c1n[nH]nc1-c1ccc(Nc2ncc(-c3ccc(C(F)(F)F)c(Oc4cncn(-c5ccn(-c6ccc(Cl)cc6)c5=O)c4)n3)cc2=O)cn1,高毒,593.0783,84.56108,,
c1n[nH]nc1-c1cc2c(n1-c1ccc(Br)cc1F)C(c1ccccc1)N(c1[nH]c(=O)[nH]c(=O)c1n1CC1)C3c1ccc(Cl)cc3C3=NCCC31,高毒,593.0783,84.56108,,
c1n[nH]nc1-c1cc2c(n1-c1ccc(F)cc1F)C(c1ccc(Cl)cc1)N(c1cc(Cl)cn(C3CC(O)C(O)C3O)c1=O)C2=O,中毒,12.488247,11.513729,0.225257937,4.698362781
c1n[nH]nc1-c1cc2c(c(-c3c(Cl)cccc3Cl)c1)C(c1ccc(Cl)cc1)N(c1cc(Cl)cn(C3CC(O)(CO)C3)c1=O)C2=O,中毒,6.3808517,8.960914,0.182666877,3.916990494
c1n[nH]nc1-c1cc(C2CC2)nc(C2CCN(c3ccc4nc(-c5cnn(C6COC6)c5)cc4c3)CC2)c1,高毒,593.0783,84.56108,,
c1n[nH]nc1-c1cc2c(n1-c1ccc(F)cc1)C(c1ccc(Cl)cc1)N(c1cc(Cl)cn(C3CC(O)(CO)C3)c1=O)C2=O,中毒,14.882899,11.513729,0.252765996,3.961679667
c1n[nH]nc1-c1cc2c([nH]c3ccccc32)c(=O)c1-c1cc2c(s1)C(c1ccoc1)C(c1ccccc1)N(c1cc(Cl)cn(C4CC(O)(CO)C4)c,高毒,593.0783,84.56108,,
c1n[nH]nc1-c1c(-c2ccc(Cl)o2)c2sc(-c3cnc(NS(=O)(=O)c4ccccc4)cc3)c[n+]12,中毒,46.20203,17.58299,0.339569976,3.537729344
c1n[nH]nc1-c1cc2c(cn1)c(-c1ccc(Br)c(C(F)(F)F)c1)c(OCC1CCN3CCCC3C1)n2Cc1cc2c3c(c1)OCO3,高毒,593.0783,84.56108,,
c1n[nH]nc1-c1cc2c(-c3cnc4c5[nH]c(Cl)cc5nc4c3)ncnc2c(N2CCC(OCc3cnn(CC(F)(F)F)c3)CC3)c(-c3cncn3C3CC3),高毒,593.0783,84.56108,,
c1n[nH]nc1-c1cc2sc(-c3ccc(OCCC(F)(F)CN4CCN(Cc5cc6n(n5)c(=O)cc(C(F)(F)F)c7=O)CC6)-c5noc4c4CN3)cc2c1,高毒,593.0783,84.56108,,
c1n[nH]nc1-c1cc2c(c(-c3cn(Cc4ccc(-n5cnnn5)nc4)nn3)C1)C(c1ccc(Cl)cc1)N(c1cc(Cl)cn(C3CC3)c1=O)C3=O,高毒,593.0783,84.56108,,
c1n[nH]nc1-c1cn2c(-c3ccc4nc[nH]c4c3)cnc2n1,高毒,593.0783,84.56108,,
c1n[nH]nc1-c1cc2c(n1-c1cc3c(cc1F)c1cc(F)ccc2[nH]c1=O)(c2cc(Cl)c4nccn4c12)CC3,高毒,593.0783,84.56108,,
c1n[nH]nc1-c1cc2c(n1-c1ccc(Cl)cc1F)C(c1ccc(Cl)cc1)N(c1Cl)N(c1cc(Cl)cn(C3CC(O)(CO)C3)c1=O)C2=O,高毒,593.0783,84.56108,,
c1n[nH]nc1-c1cc2c(c(-c3cc(F)c(Oc4ccc(C5(c6nnc(-c7cnnn6)cn7)c6)C4)cc3Cl)-c3ccccc3-4)c1,高毒,593.0783,84.56108,,
c1n[nH]nc1-c1cc2c(c(-c3cnc4[nH]c(=S)[nH]c(=O)c45)cc(Cl)c2c1)CS3(=O)=O,高毒,593.0783,84.56108,,
c1n[nH]nc1-c1cc2c(n1-c1ccc(F)cc1F)C(c1ccc(Cl)cc1)N(c1cc(Cl)cn(C3CC(O)(CO)C3)c1=O)C2=O,中毒,12.488247,11.513729,0.244621212,4.0385462
c1n[nH]nc1-c1cc2c(cc1-c1ccc(Cl)s1)C(c1ccc(Cl)cc1)N(c1cc(Cl)cn(C3CC(O)(CO)C3)c1=O)C2=O,中毒,7.6477833,13.447941,0.202435492,3.981969432
c1n[nH]nc1-c1cc2c(c(-c3c(Cl)cccc3Cl)c1OCCCO)C(c1ccc(Cl)cc1)N(c1cc(Cl)cn(C3CC(O)(CO)C3)c1=O)C2=O,中毒,6.6767583,12.110745,0.118175188,4.12780049
c1n[nH]nc1-c1cc2c(cc1F)c(=O)c(C(=O)O)cn2C1OC(CO)C(O)C1O,中毒,10.550047,16.203876,0.373277185,3.938267812
c1n[nH]nc1-c1cc2c(cn1)Oc1cc(Br)c(Br)cc1-c1cc(Cl)cc(Cl)c12,中毒,19.004398,9.589446,0.246284101,3.159712737
c1n[nH]nc1-c1nc2c(n1-c1cc(F)c(F)c(F)c1F)C(c1ccc(Cl)cc1)N(c1cc(Cl)cn(C3CC(O)(CO)C3)c1=O)C2=O,中毒,24.818281,34.717995,0.136784188,4.270989729
c1n[nH]nc1-c1n[nH]c2cc(-c3cn4ncc(Cl)c(-c5c(F)cccc5Cl)c4c3=O)cc12,高毒,593.0783,84.56108,,
c1n[nH]nc1-c1cc2c(c(-c3cnc4ncc(-c5ccnn36)nn3)c12)C(c1ccc(Cl)cc1)N(c1cc(Cl)cc(Cl)c1)C3=O,高毒,593.0783,84.56108,,
c1n[nH]nc1-c1nc2[nH]cc(-c3csc(-c4ncc(C(F)(F)F)cn4)c3=O)c2s1,高毒,593.0783,84.56108,,
c1n[nH]nc1-c1cc2c(n1-c1ccc(Cl)c(Cl)c1F)C(c1ccc(Cl)cc1)N(c1cc(Cl)cn(C3CC(O)(CO)C3)C3=O)c1=O,高毒,593.0783,84.56108,,
c1n[nH]nc1-c1coc(-c2csc(-c3nnc(C45CC6CC(CC(C6)C4)C5)n3)n2)c1=O,高毒,593.0783,84.56108,,
c1n[nH]nc1-c1cc2c(c(-c3c(Cl)cccc3Cl)c1)C(c1ccc(Cl)cc1)N(c1cc(Cl)cn(C3CC(O)(CO)C3)c1=O)C2=O,中毒,6.3808517,8.960914,0.182666877,3.916990494
c1n[nH]nc1-n1cc2c(nc1=O)-c1c(cc(-c3ccc(C(F)(F)F)cc3)c1-c1ccncc1)C(c1ccc(Cl)cc1)N(c1cc(Cl)c[nH]c3=O)C,高毒,593.0783,84.56108,,
c1n[nH]nc1-c1nc2c(n1-c1ccc(F)cc1)C(c1ccc(Cl)nc1)N(c1cc(Cl)cn(C3CC(O)(CO)C3)c1=O)C2=O,中毒,23.043425,13.466203,0.243142432,4.133937264
c1n[nH]nc1-c1cc2c(c(-c3c(Cl)cccc3Cl)c1)C(c1ccc(Cl)cc1)N(c1cc(Cl)cn(C3CC((O)CO)C3)c1=O)C2=O,高毒,593.0783,84.56108,,
c1n[nH]nc1-c1cc2c(n1-c1ccc(Cl)cc1F)C(c1ccc(-c3ccnn3C(F)F)cc1)N(c1cc(Cl)cn(C3CC(O)(CO)C3)c1=O)C2=O,中毒,12.488247,13.466203,0.175412337,4.367703888
c1n[nH]nc1-c1cc2sc(-c3ccc(O)c(Cl)c3)cc2c(=O)c1,高毒,593.0783,84.56108,,
c1n[nH]nc1-c1cc2c(c(-c3c(Cl)cccc3Cl)c1)C(c1ccc(Cl)cc1)N(c1cc(Cl)cn(C3CC(O)(CO)C3)c1=O)C2=O,中毒,6.3808517,8.960914,0.182666877,3.916990494
c1n[nH]nc1-c1cn(-c2ccc3c4nc(-c5ccco5)ncc4cc3c2)c2c(NC3CCCC3)nc(N3CCOCC3)nc12,高毒,593.0783,84.56108,,
c1n[nH]nc1-c1cc2c(c(-c3c(Cl)cccc3Cl)c1)C(c1cccs1)N(c1cc(Cl)cn(C3CC(O)(CO)C3)c1=O)C2=O,中毒,6.690411,8.519041,0.202435492,4.01669467
c1n[nH]nc1-c1cc2c(c(-c3cc(Cl)cc(Cl)c3)c1)C(c1ccc(Cl)cc1)N(c1cc(Cl)cn(C3CC(O)(CO)C3)c1=O)C2=O,中毒,6.3808517,8.960914,0.182666877,3.934706978
c1n[nH]nc1-c1cc2c(n1-c1ccc(Cl)cc1F)C(c1ccc(Cl)cc1)N(c1cc(Cl)cn(C3CC(O)(CO)C3)c1=O)C2=O,中毒,12.488247,11.513729,0.22687237,4.043844886
c1n[nH]nc1-c1cc2c(c(-c3c(Cl)cccc3Cl)c1)C(c1ccc(Cl)cc1)N(c1cc(Cl)cn(C3CC(O)(CO)C3)c1=O)C2=O,中毒,6.3808517,8.960914,0.182666877,3.916990494
c1n[nH]nc1-c1cc2c(Cl)cc(F)cc2c(Oc2ccc(NC(=S)NN=Cc3ccco3)cc2)c1,中毒,19.074753,33.839157,0.144720851,2.895667004
c1n[nH]nc1-c1cc2c(c(-c3c(Cl)cccc3Cl)c1)C(c1ccccc1C(F)(F)F)N(c1cc(Cl)cn(C3CC(O)(CO)C3)c1=O)C2=O,中毒,6.3808517,8.960914,0.172538353,4.06960104
c1n[nH]nc1-c1cc2c(n1-c1ccc(F)cc1)c1sc(C3CC3)c(-c3ccc(-c4ncon4)nc3)c(=O)c1CC2,中毒,10.666284,24.402596,0.29855439,3.668741471
c1n[nH]nc1-c1cc2c(c(-c3nc4cnc(N5CCN(Cc6ccnn6)CC5)cc4s3)CN(CCOCc3cccc(Cl)c3)CC2)c1,高毒,593.0783,84.56108,,
c1n[nH]nc1-c1cc2c(n1-c1ccc(Cl)cc3F)C(c3ccc(Cl)cc3)C(c3ccc(cc3)CN4)P(=O)(O)(C(F)(F)F)C1,高毒,593.0783,84.56108,,
c1n[nH]nc1-c1cc2c(n1-c1ccc(F)cc1C(F)(F)F)C(c1ccc(Cl)cc1)N(c1cc(Cl)cn(C3CC(O)(CO)C3)c1=O)c1nc2c3c(oc1,高毒,593.0783,84.56108,,
c1n[nH]nc1-c1cc2c(n1-c1ccc(Cl)cc1)C(c1ccc(Cl)cc1)N(c1cc(Cl)cn(C3CC(O)(CO)C3)c1=O)C2=O,中毒,14.882899,11.513729,0.235038859,3.958725058
c1n[nH]nc1-c1cc2c(n1-c1ccc(F)cc1F)C(c1ccc(Cl)cc1)s1,高毒,593.0783,84.56108,,
c1n[nH]nc1-c1cc2n(c1-c1ccc(Cl)cc1Cl)C(c1ccc(Cl)cc1)N(c2cc(Cl)cn(C3CC(O)(CO)C3))c1=O,高毒,593.0783,84.56108,,
c1n[nH]nc1-c1cc2c(c(-c3c(Cl)cccc3Cl)c1)C(c1ccc(Cl)cc1)N(c1cc(Cl)cn(C3CC(O)(CO)C3)c1=O)C2=O,中毒,6.3808517,8.960914,0.182666877,3.916990494
c1n[nH]nc1-c1cc2c(n1-c1ccc(Cl)cc1)C(c1ccc(Cl)cc1)N(c1ccI)C(c1ccc(Cl)cc1)(c1cc(Cl)cc(C(=O)Nc4ccc(CNP(=O,高毒,593.0783,84.56108,,
c1n[nH]nc1-c1cc2c(cc1-n1c(=O)ccc4cc(S(=O)(=O)Nc5ccc(Cl)cn5)sc31)C(c1cn(C(c4ccccc4)(c4ccccc4)c4ccccc,高毒,593.0783,84.56108,,
c1n[nH]nc1-c1cc2c(n1-c1ccc(Cl)cc1F)Nc1c(c(Cl)c(Cl)c(Cl)c1F)C(=O)C3=CNc1ccccc13,高毒,593.0783,84.56108,,
c1n[nH]nc1-c1cnc2cc(-c3cc(F)c(O)c(Cl)c3)nc(Cl)c2c1#c1cc(sc2c1C(=O)NC1CCN(C(N)=O)CC1)N(C(=O)c1cscn1)C,高毒,593.0783,84.56108,,
c1n[nH]nc1-c1cc2c(n1-c1ccc(Cl)cc1F)C(c1ccc(Cl)cc1)N(c1cc(Cl)cn(C3CC(O)(CO)C3)c1=O)C2=O,中毒,12.488247,11.513729,0.22687237,4.043844886
c1n[nH]nc1-c1nc2cc(-c3cnc4scc(-c5cnn(-c6ccc7ccn(CC(F)(F)C7)n7)c6c5)c5n4)cc3cc2[nH]1,高毒,593.0783,84.56108,,
c1n[nH]nc1-c1cc2c(c(-c3ccc4c(n3)CC2)OCCO4)c1-c1ccc(C(=O)NC24CC5CC(CC(C5)C3)C4)cc12,高毒,593.0783,84.56108,,
c1n[nH]nc1-c1cc2c(n1-c1ccc(F)cc1F)C(c1ccc(Cl)cc1)c1c(c2ccc(Cl)cc2)N(c2cc(Cl)cn(C3CC(O)(CO)C3)c1=O)C2=,高毒,593.0783,84.56108,,
c1n[nH]nc1-c1cc2c(c(-c3c(Cl)cccc3Cl)c1)C(c1ccc(Cl)cc1)N(c1ccCl)C(c1ccc(Cl)cc1)3c1cn(CC(F)CO)c2C3,高毒,593.0783,84.56108,,
c1n[nH]nc1-c1nc2scc(-c3ccncc3)c2c(=O)c1N1CCOc2cc(Cn3cc(C(F)(F)F)ccc3=O)nc21,高毒,593.0783,84.56108,,
c1n[nH]nc1-c1cc2c(n1-c1ccc(Cl)cc1F)C(c1ccc(Cl)cc1)N(c1cc3n(n1)CCC3)C3c1ccc((C(F)F)cc3)C2c1ccc(C(=O)N,高毒,593.0783,84.56108,,
c1n[nH]nc1-c1cc2c(n1-c1ccc(Cl)cc1F)C(c1ccc(Cl)cc1)N(c1cc(Cl)cn(C3CC(O)(CO)C3)c1=O)C2=O,中毒,12.488247,11.513729,0.22687237,4.043844886
c1n[nH]nc1-c1c(-c2nc3c(s2)cc2ncccc23)nn(-c2ccc3oc(-c4ccc(Cl)c(F)c4)cc3c2=S)c1=O,高毒,593.0783,84.56108,,
c1n[nH]nc1-c1cc2c(c(-c3c(Cl)cccc3Cl)c1)C(c1ccc(Cl)cc1)N(c1cc(Cl)cn(CC3CC3)c1CO)C3=O,高毒,593.0783,84.56108,,
c1n[nH]nc1-c1nc2c(c(-c3ccnc(Nc4ccn(-c5ccccn5)c5)n4)c12)C(c1cccc(Cl)c1)C(c1ccc(Cl)cc1)N2,高毒,593.0783,84.56108,,
c1n[nH]nc1-c1cc2c(n1-c1nnc(SCc3ccc(Cl)cc3)n1)C(c1ccc(Cl)cc1F)N(c1cc(F)c(=O)n(C3CC(O)(CO)C3)c1=O)C2,高毒,593.0783,84.56108,,
c1n[nH]nc1-c1nc2c(c(-c3cc4ccc(-n5ccc6cc[n+]([O-])c6)cc5c4=O)nc2s3)C1,高毒,593.0783,84.56108,,
c1n[nH]nc1-c1cc2n(c1)CNC(=O)C2c1cnc(-c2csc(C3(O)COCC3C3CC3)n2)n1,高毒,593.0783,84.56108,,
c1n[nH]nc1-c1cc2c(n1-c1ccc(Cl)cc1)C(c1ccc(Cl)cc1)N(c1ccS(=O)(=O)c3ccsc3c1)C1=C(C(=O)C(C1=O)C1(C)C)C3,高毒,593.0783,84.56108,,
c1n[nH]nc1-c1cc2c(c(-c3c(F)cccc3F)c1)C(c1ccc(Cl)cc1)N(c1cc(Cl)cn(C4CC(O)(CO)C4)c1=O)C3=O,高毒,593.0783,84.56108,,
c1n[nH]nc1-c1ccc(Oc2cc(Cl)c(S(=O)(=O)Nc3cssc3=S)cc2-c2ccsc2)cc1F,中毒,5.3747063,52.47875,0.152847567,3.392820678
c1n[nH]nc1-c1cc2c(n1-c1cc3cc(OCC4CCCCO4)ccc3nc1Cl)C(c1ccc(Cl)cc1)N(c1ccc(Cl)cc1)C3=O,高毒,593.0783,84.56108,,
c1n[nH]nc1-c1cc2c(c(-c3c(Cl)cccc3Cl)n1)n1c(SCc4ccccc4C(F)(F)F)nc(-c4ccncc4)c3c12,高毒,593.0783,84.56108,,
c1n[nH]nc1-n1c(=O)c2nc3c(-c4ccco4)csc3nc2n(C2CC(O)C(CO)O2)c1=O,低毒,8.584615,17.786665,0.329150925,4.440614151
c1n[nH]nc1-c1ccc(-c2csc3ccc(-c4c(Cl)c(OCc5ccc5ccccc5F)ccc45)cc23)c1,高毒,593.0783,84.56108,,
c1n[nH]nc1-c1nn2c(-c3ccc4c(c3)OCO4)ccc2c1-c1c(Cl)cnc2cc(S(=O)(=O)NC3(c4ccc(-c5nnc(-c6cnn(C(F)(F)F)c,高毒,593.0783,84.56108,,
c1n[nH]nc1-c1nc2c(s1)C((c1ccccc1)c1ccccc1Cl)C(c1ccco1)N(c1cc(Cl)cn(C3CC(=O)NC3)c1=O)C3=O,高毒,593.0783,84.56108,,
c1n[nH]nc1-c1cc2c(c(-c3ccnc(C(F)(F)F)c3)c1)C(c1ccc(Cl)cc1)N(c1cc(Cl)cn(C3CC(O)(CO)C3)c1=O)C2=O,中毒,10.149779,8.960914,0.204989755,4.068094766
c1n[nH]nc1-c1cc2c(n1-c1ccc(Cl)cc1)C(c1ccc(Cl)cc1)N(c3ccc(Cl)c(Cl)c3)C1=O,高毒,593.0783,84.56108,,
c1n[nH]nc1-c1cc2c(c(-c3c(Cl)cccc3Cl)c1)C(c1ccc(Cl)cc1)N(c1cc(Cl)cn(C3CC(O)C(O)C3)c1=O)C2=O,中毒,6.3808517,8.960914,0.189108586,4.301943535
c1n[nH]nc1-c1cc2c(c(Oc3ccc(Cl)cc3)c3c1CCc1cc(Br)cc(F)c12)CN(S(=O)(=O)c1cccc(C(F)(F)F)c1)CC3,高毒,593.0783,84.56108,,
c1n[nH]nc1-c1cc2c(c(-c3cc4c(s3)CN(Cc3c[nH]cn3)CNC4=O)n1)CN(c1cc(F)ccc1F)C(=O)c1cc(F)c(F)cc13,高毒,593.0783,84.56108,,
c1n[nH]nc1-c1cc2c(c1-c1ccc(Cl)cc1)C(c1ccc(Cl)cc1)N(c1cc(Cl)cn(C3CC(O)(CO)C3)c1=O)C2=O,高毒,593.0783,84.56108,,
c1n[nH]nc1-c1cc2c(n1-c1ccc(Br)cc1)C(c1ccc(Cl)cc1)N(c1cc(Cl)cn(C3CC(O)(CO)C3)c1=O)C2,中毒,24.385923,11.513729,0.215503315,4.014893266
c1n[nH]nc1-c1ccc2c(-c3ccnc(Nc4ccc5c(c4)CCNS5(=O)=O)c3)ncnc2c1,中毒,10.640751,33.4836,0.36427817,3.172580169
c1n[nH]nc1-c1nc(SC2CCCCN2)c2ncn(CCO)c(=O)c12,高毒,593.0783,84.56108,,
c1n[nH]nc1-c1cc2c(n1-c1ccc(F)cc1F)C(c1ccc(Cl)cc1)N(c1cc(Cl)cn(C3CC(O)(CO)C3)c1=O)C2=O,中毒,12.488247,11.513729,0.244621212,4.0385462
c1n[nH]nc1-c1cc2c(-c3ccc4ncsc4c3)nsc2c(-c2cccc(-c3cc4nc(C5COC5)no4)c3c(NC3CC3)c2=O)c1,高毒,593.0783,84.56108,,
c1n[nH]nc1-n1c(-c2ccncc2F)nc2cc3[nH]cc(-c4cccc(C(F)(F)P(=O)(O)O)c4)c3c4c3c3c3c6cccnc7n2c-5c3cc21,高毒,593.0783,84.56108,,
c1n[nH]nc1-c1cc2c(n1-c1ccc(Cl)cc1)C(c1ccc(Cl)cc1)N(c1cc(Cl)c(=O)c(Cl)c1)C3c1cc(Cl)ccc3OC1CO2,高毒,593.0783,84.56108,,
c1n[nH]nc1-c1cc2c(n1-c1ccc(Cl)cc1)C(c1ccc(Cl)cc1)N(c1cc(Cl)cn(C3CC(O)(CO)C3)c1=O)C2=O,中毒,14.882899,11.513729,0.235038859,3.958725058
c1n[nH]nc1-c1cc2c(c(-c3c(Cl)cccc3Cl)c1)C(c1ccc(Cl)cc1)N(c1cc(Cl)cn(C3CC(O)(CO)C3)c1=O)C2=O,中毒,6.3808517,8.960914,0.182666877,3.916990494
c1n[nH]nc1-c1cc2c(n1-c1cccnc1F)C(c1ccc(Cl)cc1)N(c1cc(Cl)cn(C3CC(O)(CO)C3)c1=O)C2=O,中毒,12.488247,11.513729,0.242546945,4.146911454
c1n[nH]nc1-c1cc2c(-c3cc4cnc(OCc5cscn5)cc4cn3)n[nH]c2c(=O)n1,高毒,593.0783,84.56108,,
c1n[nH]nc1-c1cc2c(c(-c3cc(F)nc(Cl)c3)c1)C(c1cccs1)N(c1cc(Cl)cn(C3CC(O)(CO)C3)c1=O)C2=O,中毒,10.747536,8.519041,0.222314019,4.202421943
c1n[nH]nc1-c1cc2c(n1-c1cc(Oc3cccc(F)c3)cc(C(F)(F)F)c1)C(c1ccc(Cl)cc1)N(c1ccc(Cl)c4ccn(C)c34)C(=O)C1C,高毒,593.0783,84.56108,,
c1n[nH]nc1-c1cc2c(c(-c3ccc4c(n3)NC(c3ccc(Cl)cc3)N(c3ccc(Cl)cc3)C3CCNCC3)c12)C(=O)N(C3CCOCC1)C3,高毒,593.0783,84.56108,,
c1n[nH]nc1-c1cc2c3c(n(N4CCOCC4)c(=O)c2c1)CN(Cc1cccc(-n2nc(C(F)(F)F)cc4c2)CCC3)c1,高毒,593.0783,84.56108,,
c1n[nH]nc1-c1cc2c(c(-c3c(Cl)cccc3Cl)c1)-c1c(cnn(Cc4ccc(F)cc4)c1=O)C3,高毒,593.0783,84.56108,,
c1n[nH]nc1-c1cc2c(n1-c1ccc(Cl)cc1F)C(c1ccc(Cl)cc1)N(c1cc(Cl)cn(C3CC(O)(CO)C3)c1=O)C2=O,中毒,12.488247,11.513729,0.22687237,4.043844886
c1n[nH]nc1-c1cc2c(n1-c1ccc(Cl)nc1)C(c1ccc(Cl)cc1)N(C(CO)CO)C2,中毒,11.643404,17.428167,0.373473852,3.786025516
c1n[nH]nc1-c1cc2c(c(-c3ccc(Cl)cc3)c1)C(c1ccc(Cl)cc1)N(c1cc(Cl)cn(C3CC(O)(CO)C3)c1=O)C2=O,中毒,6.3808517,8.960914,0.205435647,3.81469291
c1n[nH]nc1-c1cc2c(n1-c1cccnc1)C(c1ccc(Cl)cc1)N(c1cc(Cl)cn(C3CC(O)(CO)C3)c1=O)C2=O,中毒,14.882899,11.513729,0.266700003,4.044718347
c1n[nH]nc1-c1nc(-c2cc[n+](Cc3cscn3)cc2)c2c(-c3ccco3)nc3c(cn[nH]c33)c12,高毒,593.0783,84.56108,,
c1n[nH]nc1-c1cc2c(c(-c3ccc(Cl)cc3)c1)C(c1ccc(Cl)cc1)N(c1cc(Cl)cn(C3CC(O)(CO)C3)c1=O)C2=O,中毒,6.3808517,8.960914,0.205435647,3.81469291
c1n[nH]nc1-c1cc2c(n1-c1ccc(Cl)cc1)C(c1ccc(Cl)cc1)N(c1cc(Cl)cn(C3CC(O)(CO)C3)c1=O)C2,中毒,19.24008,11.513729,0.22867246,3.98368357
c1n[nH]nc1-c1cc2c(c(-c3c(F)cccc3F)c1)C(c1ccc(Cl)cc1)N(c1cc(Cl)cn(C3CC(O)(CO)C3)c1=O)C2=O,中毒,6.3808517,8.960914,0.216988584,3.927417967
c1n[nH]nc1-c1cc2c(n1-c1c(Cl)cccc1Cl)C(c1ccc(Cl)cc1)S(c1ccc(Cl)cc1)N(c1cc(Cl)cn(C3CC(O)(CO)C3)c1=O)C2=O,中毒,9.5269375,13.503714,0.119797963,4.902657713
c1n[nH]nc1-n1c(-c2cccs2)cc2c([N+](=O)[O-])c(-c3ccncc3)nc21,高毒,593.0783,84.56108,,
c1n[nH]nc1-c1cc2[nH]c(=S)n(-c3cccc(Br)c3)c(=O)c2c1,高毒,593.0783,84.56108,,
c1n[nH]nc1-c1cc2c(n1-c1ccc(Cl)cc1)C1(c3ccc(Cl)cc3)C(c3ccc(Cl)cc3)C(c3ccc(Cl)cc3)N(c4ccc(Cl)cc4)C(=O)3C1,高毒,593.0783,84.56108,,
c1n[nH]nc1-c1cc2c(n1-c1ccc(F)cc1)C(c1ccc(Cl)cc1)N(c1cc(Cl)cn(I)c1=O)C32,高毒,593.0783,84.56108,,
c1n[nH]nc1-c1cc2c(n1-c1cn(-c3cccnc3F)nc1Cl)C(c1ccc(Cl)cc1)N(c1ccCl)C2c1ccc(Cl)cc1,高毒,593.0783,84.56108,,
c1n[nH]nc1-c1cc2cc(-c3cc4c([nH]5)CCNC4=O)n(-c4ccc(Cl)cc4)c3c(=O)c2cc1F,高毒,593.0783,84.56108,,
c1n[nH]nc1-c1cc2[nH]c(-c3ccncc3)nc2c1-c1ccnc2[nH]c(C3CCNCC3)cc12,高毒,593.0783,84.56108,,
c1n[nH]nc1-c1cc2c(cc1-n1c(=O)cnc2ccc(Br)cc12)NC(c1cc(Cl)ccc1F)C(c1ccc(Cl)cc1)N(c1cc(Cl)cn(C3CC(O)(CO)C,高毒,593.0783,84.56108,,
c1n[nH]nc1-c1csc2S(=O)(=O)SCC12CC(c1cccnc1)N(c1cccc(Cl)c1)C2,高毒,593.0783,84.56108,,
c1n[nH]nc1-c1cc2c(c(-c3ccc4[nH]c5c(c4c3)CCNC5)c1)(C1CCNCC1)CC(N1CCC(c4noc(-c5cccnc5)n4)CC3)C1C4,高毒,593.0783,84.56108,,
c1n[nH]nc1-c1cc2c(cn1)c(-c1cnn(-c3ccc(Cl)cc3F)c1=O)C(c1ccc(Cl)cc1)N(c1cc(Cl)cn(C3CC(O)(CO)C3)c1=O)c1=,高毒,593.0783,84.56108,,
c1n[nH]nc1-c1cnc2c(c1)sc1cc(-c3noc(N4CCC(Oc5cncc(F)c5)C4)c3)cc12,高毒,593.0783,84.56108,,
c1n[nH]nc1-c1cc2c(c(-c3c(Cl)cccc3Cl)c1)C(c1ccc(Cl)cc1)N(c1cc(Cl)cn(C3CC(O)(CO)C3)c1=O)C2=O,中毒,6.3808517,8.960914,0.182666877,3.916990494
c1n[nH]nc1-c1cc2c(cc1-c1n[nH]c(=O)c3c1N(c1cc(Cl)ccc3F)C(CO)OC1)C(c1ccc(Cl)cc1)N(c1cc(Cl)cn(C3CC(O)(CO,高毒,593.0783,84.56108,,
c1n[nH]nc1-c1cc2c(c(-c3c(Cl)cncc3Cl)c1)C(c1ccc(Cl)cc1)N(c1cc4c(cc1Cl)CCc1ccsc1C4)C3c1ccc(Cl)cc1,高毒,593.0783,84.56108,,
c1n[nH]nc1-c1cc2c(n1-c1ccc(F)cc1F)C(c1ccc(Cl)cc1)N(c1cc(Cl)cn(C3CC(O)(CO)C3)c1=O)C2=O,中毒,12.488247,11.513729,0.244621212,4.0385462
c1n[nH]nc1-c1cnc2c(Nc3cccc(Br)n3)nc(-c3ccncc3O)nc12,高毒,593.0783,84.56108,,
c1n[nH]nc1-c1cc2c(n1-c1ccc(F)cc1F)C(c1ccc(Cl)cc1)N(c1cc(Cl)cn(C3CC(O)(CO)C3)c1=O)C2=O,中毒,12.488247,11.513729,0.244621212,4.0385462
c1n[nH]nc1-n1cc2c(n1=S)C(c1ccc(Cl)cc1)N(c1cc(Cl)cn(C3CC(O)(CO)C3)c1=O)C2=O,高毒,593.0783,84.56108,,
c1n[nH]nc1-c1cc2c(n1-c1ccc(Cl)cc1Cl)C(c1ccc(Cl)cc1)N(c1cC3(O)C4CC4CC(C3)CC2C4)C(c2ccc(Cl)cc2)N1,高毒,593.0783,84.56108,,
c1n[nH]nc1-c1nc(-c2cnn3c(C(F)F)cc(NC4CCN(CC5(O)CCN(c6ccncc6)CC5)C5)cc(34)C2)n1,高毒,593.0783,84.56108,,
c1n[nH]nc1-c1cnc2c(c1)C(c1ccc(Cl)cc1)N(c1cc(Cl)cn(C3CC(O)(CO)C3)c1=O)N2Cc1c[nH]c2ccc(S(=O)(=O)N3CCN(,高毒,593.0783,84.56108,,
c1n[nH]nc1-c1cc2c(n1-c1ccc(F)cc1F)C(c1ccc(Cl)cc1)N(c1cc(Cl)cn(C3CC(O(=O)O)C5O)c3(O)C1=O)C2=O,高毒,593.0783,84.56108,,
c1n[nH]nc1-c1cc(Oc2ccc(Nc3ncnc4ccc(N(CC(F)F)C5(CO)CC5)cc34)cc2)c2[nH]c(C3=CCOCC3)cc12,高毒,593.0783,84.56108,,
c1n[nH]nc1NCc1n[nH]c(COS(=O)(=O)c2cn(C3CCOCC3)nc2-c2ccc(F)cc2)c1=O,高毒,593.0783,84.56108,,
c1n[nH]nc1-c1cc2c(n1-c1ccc(Cl)cc1F)C(c1ccc(Cl)cc1)N(c1cc(Cl)cn(C(C)F)c1=O)C3=O,高毒,593.0783,84.56108,,
c1n[nH]nc1-c1cc2c(n1-c1ccc(Cl)cc1Cl)C(c1ccc(Cl)cc1)N(c1cc(Cl)cn(C3CC(O)(CO)C3)c1=O)C2=O,中毒,18.205946,11.513729,0.207895129,4.033490665
c1n[nH]nc1-c1ccc2[nH]c(CN3CC4CS(=O)(=O)CC4C3)cc2c1,中毒,14.305445,26.639475,0.739373991,3.831867599
c1n[nH]nc1-c1cc2c(n1-c3ccc(F)cc3)C(c3ccc(Cl)cc3)N(c3ccc(Cl)cc3)C(c3ccc(Cl)cc3)(c3ccc(Cl)cc3)C12,高毒,593.0783,84.56108,,
c1n[nH]nc1-c1cc2c(n1-c1ccc(Cl)cc1F)C(c1ccc(Cl)cc1)N(c1cc(Cl)cn(CC3CC(O)(CO)C3)c1=O)C2=O,中毒,12.488247,11.513729,0.21277311,4.090412472
c1n[nH]nc1-c1nc2c(n1-c1ccc(Cl)cc1Cl)C(c1ccc(Cl)cc1)N(c1cc(Cl)cn(C3CC5(COC5)C5CC5)c3c1=O)C2,高毒,593.0783,84.56108,,
c1n[nH]nc1-c1cc2c(c(-c3ccnc(Br)c3)c1)C(c1ccc(Cl)cc1)N(c1cc(Cl)c2nc3ccc(F)cc3c1Cl)C2c1ccc(O)cc1,高毒,593.0783,84.56108,,
c1n[nH]nc1-c1cc2c(c(-c3c(Cl)cccc3Cl)c1)C(c1ccc(Cl)cc1)N(c1cc(Cl)cn(C3CC(,高毒,593.0783,84.56108,,
c1n[nH]nc1-c1cc2c(c(-c3c(Cl)cccc3Cl)c1)C(c1ccc(Cl)cc1)N(c1cc(Cl)cn(C3CC(4O)C(O)C(O)C4)c3=O)c1C2c1ccc(Cl,高毒,593.0783,84.56108,,
c1n[nH]nc1-c1cc2c(cn1)c(-c1ccnc(Cl)c1)c1c(ncn2C2CC2)c1=O,高毒,593.0783,84.56108,,
c1n[nH]nc1-c1cc2c(n1-c1ccc(F)cc1Cl)C(c1ccc(Cl)cc1)N(c1cc(OCc4ccnn4C4CC(O)(CO)C4)c(OCC4CC4)c3c1)C(c1c,高毒,593.0783,84.56108,,
c1n[nH]nc1-c1cc2c(c(-c3nc(C4CC4)nn3-c3cccnc3)C(c3cccnc3)C1c3nc4c(cc31)NC(=O)CO4)C(c1ccc(Cl)cc1)C1CC,高毒,593.0783,84.56108,,
c1n[nH]nc1-n1c(OC2CCOC2)nc2c1CNC(c1cc(-c3cccnc3)no1)C2,中毒,108.63308,24.7421,0.494380232,4.396063654
c1n[nH]nc1-c1cc2c(n1-c1ccc(Cl)cc1F)C(c1ccc#N3CCN(C4CCC4)CC3)C(c3nc4cc(Cl)ccn4c3Cl)(C2)C1,高毒,593.0783,84.56108,,
c1n[nH]nc1-c1cc2c(c(Nc3ccc()c(Cl)c3)cc12)C(c1ccc(Cl)cc1)N(c1cc(Cl)cn(C3CC(O)(CO)C3)c1=O)C2=O,高毒,593.0783,84.56108,,
c1n[nH]nc1-c1cc2c(c(-c3c(Cl)cccc3Cl)c1)-c1cnc(Nc3ccc4c(c3OCC3CCN(CCN5CCOCC5)C(C5)C4)nc3)C(c3ccc(F)cc,高毒,593.0783,84.56108,,
c1n[nH]nc1-c1cn2c(CNCCc3c[nH]c4cc(Cl)ccc34)cnc2c1,高毒,593.0783,84.56108,,
c1n[nH]nc1-c1cc2c(n1)c(-c1ccsc1)cc(=O)n2C1CC(C2(O)C2)C12C(=O)Nc1cc(Cl)c(F)cc12,高毒,593.0783,84.56108,,
c1n[nH]nc1-c1c[nH]c2nnc(-c3c(-c4cncc(NC(4)c5cnc(OCc6ccc7ccccc7o6)c5)ccc45)c4cncn43)cc12,高毒,593.0783,84.56108,,
c1n[nH]nc1-c1cc2c(c(-c3c(Cl)cccc3Cl)c1)C(c1ccc(Cl)cc1)N(c1ccCl)C(c1ccccc1F)C3,高毒,593.0783,84.56108,,
c1n[nH]nc1-c1cc2c(n1-c1ccc(Cl)cc1)C(c1ccc(Cl)nc1)N(c1cc(Cl)cHn3nnc(C4CC4)c13)C2,高毒,593.0783,84.56108,,
c1n[nH]nc1-c1cc2c(n1-c1cc(F)cc(Br)c1)C(c1ccc(Cl)cc1)N(c1cc(Cl)cn(C3CC(O)(CO)C3)c1=O)C2=O,中毒,14.882899,11.513729,0.216603914,4.12414695
c1n[nH]nc1-c1cc2c(c(-c3cc(F)ccc3C(F)(F)F)c1)C(c1ccc(Cl)cc1)N(c1ccc(Cl)cn1)C3c1ccc(Cl)cc1,高毒,593.0783,84.56108,,
c1n[nH]nc1-c1cc2c(c(-c3ccc(Cl)cc3)c1)C(c1ccc(Cl)cc1)N(c1cc(Cl)cn(C3CC(O)(CO)C3)c1=O)C2=O,中毒,6.3808517,8.960914,0.205435647,3.81469291
c1n[nH]nc1-c1cc2c(c(-c3c(F)cccc3Cl)c1)C(c1ccc(Cl)cc1)N(c1cc(Cl)cn(C3CC(O)(CO)C3)c1=O)C2=O,中毒,6.3808517,8.960914,0.198124642,3.931028956
c1n[nH]nc1-c1cc2c(cc1F)[nH]c(=O)c1c(NCc3cnn4cc5c3CCNC5)ncc12,高毒,593.0783,84.56108,,
c1n[nH]nc1-c1nc2c(c(-c3onc(-c4ccco4)c3=O)C(c3ccco3)C1)C(c1ccc3c(c1)OC1(C(=O)N(C4CC4)C(=O)N(C4CCCO4,高毒,593.0783,84.56108,,
c1n[nH]nc1-c1c(-c2ccc3cn[nH]c3c2)nc2c(Nc3cnn4ccc(-c5nc6c(C(F)(F)F)ccc(Cl)c6c5=O)ncnc4c3)cnc12,高毒,593.0783,84.56108,,
c1n[nH]nc1-c1nn2c(C3CC4ON=C4c4ccsc4C3)nc(N3CCOC(COc4ccccn4)C3)c2c1CN1CCOCC1,高毒,593.0783,84.56108,,
c1n[nH]nc1-c1cc2c([nH]1)C(c1ccc(Cl)cc1)N(c1cc(F)c(=O)n(C3CCOC3)c1=O)C3(C#N)C2,高毒,593.0783,84.56108,,
c1n[nH]nc1-c1cc2c(n1-c1cccc(Cl)c1F)C(c1ccsc1)N(c1cc(Cl)cn(C3CC(O)(CO)C3)c1=O)C2=O,中毒,12.488247,11.513729,0.249634222,4.245811673
c1n[nH]nc1-c1cc2c(nc1-c1cccc(Cl)c1)C(c1ccc(Cl)cc1)N(c1ccn(C3CCC(O)C(C)C5OC(C)(C(=O)O)CC54)c3n1)C2,高毒,593.0783,84.56108,,
c1n[nH]nc1-c1cc2c(n1-c1ccc(Cl)cc1C(F)(F)F)C(c1ccc(Cl)cc1)N(c1ccCl)c(Cl)c1,高毒,593.0783,84.56108,,
c1n[nH]nc1-c1cc2c(c(-c3c(Cl)cccc3Cl)c1)c(C(c1nc3ccc(Cl)cc3s1)c1c[nH]c4ccccc14)C(c1cc4ccccc4[nH]c3c1)N,高毒,593.0783,84.56108,,
c1n[nH]nc1-c1cc2c(n1-c1ccc(F)cc1)C(c1ccc(Cl)cc1)N(c1cc(Cl)cn(C3CC(=O)N(Cc4ccc(Cl)cn4)C4)c1=O)C2=O,高毒,593.0783,84.56108,,
c1n[nH]nc1-c1nc2c(s1)C(c1ccc(Cl)cc1)N(c1cc(Cl)cnc1)C2c1cccc(Cl)c1,中毒,26.039412,30.912346,0.273934445,3.863154578
c1n[nH]nc1-c1cc2c(c(-c3cn(C4CC(O)(CO)C(O)C4)n3)c(=O)[nH]c1=O)C(c1ccc(Cl)c(Cl)c1)N(c1ccc(Cl)cc3)C1=O,高毒,593.0783,84.56108,,
c1n[nH]nc1-c1cc2c(n1-c1ccc(Cl)cc1)C(c1ccc(Cl)cc1)N(c1cc(Cl)cn(C3CC(O)(CO)C3)c1=O)C2=O,中毒,14.882899,11.513729,0.235038859,3.958725058
c1n[nH]nc1-c1cc2sc(-c3ccccc3Cl)cc2c1-c1nnn(CCn2n[n+]([O-])c2-c2ccc(F)c(Cl)c2)c1n1,高毒,593.0783,84.56108,,
c1n[nH]nc1-c1cc2c(c(-c3c(Cl)cccc3Cl)c1)C(c1ccc(Cl)cc1)N(c1cc(Cl)cn(C3CC(O)(CO)C3)c1=O)C2=O,中毒,6.3808517,8.960914,0.182666877,3.916990494
c1n[nH]nc1-c1nc(-c2cnsc2)c2nc(-c3cnc(N4CCC5(CC4)OC(c6ccc(F)cc6)OC5=O)cn3)sc2c1,中毒,71.06353,14.418226,0.267539506,4.697539901
c1n[nH]nc1-c1cc2c(n1-c1ccc(Cl)cc1)Cn1c(C3CC3)nc(-c3ccc(OC(=O)C4CC4(F)F)cc3)c(1)c1cc(-c4cnoc4)nc3CC1,高毒,593.0783,84.56108,,
c1n[nH]nc1-c1cc2c(n1-c1ccc(Cl)cc1)C(c1ccc(Cl)cc1)N(c1cc(Cl)cn(C3CC(O)(CO)C3)c1=O)C2=O,中毒,14.882899,11.513729,0.235038859,3.958725058
c1n[nH]nc1-c1cc2c(c(-c3ccc4cncn24)c1)C(c1ccc(Cl)cc1)N(c1cc(Cl)cn(C4CC(O)(CO)C4)c1=O)C2=O,高毒,593.0783,84.56108,,
c1n[nH]nc1-c1cc2c(c(-c3c(Cl)cccc3Cl)c1)C(c1ccc(Cl)c(Cl)c1)N(c1cc(Cl)cn(C3CC(O)C(O)C3O)c1=O)C2=O,中毒,7.8529835,8.960914,0.1650016,4.649184912
c1n[nH]nc1-c1cc2c(n1-c1ccc(F)cc1F)C(c1ccc(Cl)cc1)N(c1cc(Cl)cn(C3CC(O)(CO)C3)c1=O)C2=O,中毒,12.488247,11.513729,0.244621212,4.0385462
c1n[nH]nc1-c1cc2c(c(-c3c(Cl)cccc3Cl)c1)C(c1cn(-c3ccc(C#N)cc3)c3c(P(=O)(4)CCC4)c6c(5nccc25)CCN(C)C5)n,高毒,593.0783,84.56108,,
c1n[nH]nc1-c1cc2c(n1-c1ccc(F)cc1F)C(c1ccc(Cl)cc1)N(c1cc(Cl)cn(C3CC(O)(CO)C3)c1=O)C2,中毒,15.763229,11.513729,0.240067904,4.063144511
c1n[nH]nc1-c1cc2c(n1-c1c(Cl)cc(Cl)cc1Cl)C(c1ccc(Cl)cc1)N(c1cc(Cl)cn(C3CCOC3)c1=O)C2=O,中毒,22.035963,13.466203,0.209305916,4.231647942
c1n[nH]nc1-c1cn2c(-c3cn[nH]c3)nc(C3(O)CCN(c4ncnc5[nH]ccc56)CC34)c2n1,高毒,593.0783,84.56108,,
c1n[nH]nc1-c1cc2c(n1-c1cc(Cl)cc(Cl)c1)C(c1ccc(Cl)cc1)N(c1cc(Cl)cn(C3CC(O)(CO)C3)c1=O)C2=O,中毒,14.882899,11.513729,0.207895129,4.073964211
c1n[nH]nc1-n1c2c(c3cc(F)cc2c3c1)N(c1cccc(Oc2ccc(Cl)cc2)c1)C1(COC3)C(CO)C(O)C(O)C1O,高毒,593.0783,84.56108,,
c1n[nH]nc1-c1cc2c(c(-c3ccon3)c1)C(c1ccc(Cl)cc1)N(c1cc(Cl)cn(C3CC(O)(CO)C3)c1=O)C2=O,中毒,15.809174,8.519041,0.257836043,4.060390098
c1n[nH]nc1-c1cc2c(n1-c1ccc(F)cc1F)C(c1ccc(Cl)cc1)N(c2ccCl)C1=Nc1cc(C(F)(F)F)ccc1-n1cc(C(N)=O)c(Nc2cc,高毒,593.0783,84.56108,,
c1n[nH]nc1-c1cc2c(c(-c3c(Cl)cccc3Cl)c1)C(c1cccnc1)C(c1ccc(Cl)cc1)N(c1cc(Cl)c#n3c(C)c()c13)C1=NC2=O,高毒,593.0783,84.56108,,
c1n[nH]nc1-c1c[nH]c(Nc2cc(-c3ccncc3)c4c(n3)-c3c(nn(C6CCNCC4Cl)c4Cl)CCC3)c12,高毒,593.0783,84.56108,,
c1n[nH]nc1-c1cc2c(n1-c1ccc(Cl)cc1)C(c1ccc(Cl)cc1)N(c1cc(Cl)cn(C3CC(O)(CO)C3)c1=O)C2=O,中毒,14.882899,11.513729,0.235038859,3.958725058
c1n[nH]nc1-c1nc2c(-c3ccc(N4CCC(Oc5ccc6ncccc6c5=O)CC4)cc3)cccc2s1,高毒,593.0783,84.56108,,
c1n[nH]nc1-c1cc2c((-c3cnn(C4CCNCC4)c3)c1)CN(c1cc(F)c(Cl)cc1F)C(c1ccc(Cl)cc1)=N1(CCOCC1)C2,高毒,593.0783,84.56108,,
c1n[nH]nc1-c1cc2c(n1-c1ccc(F)cc1F)CS(=O)(=O)c1cc(F)c(C(3c4nnc(-c5cnc(Oc6ccc(Cl)o6)cn5)cc4Oc4cc(Br)cc,高毒,593.0783,84.56108,,
c1n[nH]nc1-c1cc2c(n1-c1ccc(F)cc1)C(c1ccc(Cl)cc1)C(N)=N2,中毒,16.218107,16.290081,0.547875027,3.468731128
c1n[nH]nc1-c1cc2c(n1-c1ccc(Cl)cc1)C(c1ccc(Cl)cc1)N(c1cc(C#N)cnC1)C1(CCOCC1)C2,高毒,593.0783,84.56108,,
c1n[nH]nc1-c1cc2c(n1-c1ccc(Cl)cc1F)C(c1ccc(Cl)cc1)N(c1cc(Cl)cn(C3CC(O)(CO)C3)c1=O)C2,中毒,15.763229,11.513729,0.21970014,4.06853078
c1n[nH]nc1-c1cc(C2(O)c3ccccc3C(Nc3cccnc3F)C2c2ccc(F)cc2)on1,中毒,36.442184,16.854969,0.326671423,4.191382196
c1n[nH]nc1-c1cc2c(cc1F)nc(C1OCC(NNC3=NCC5(C5)OC5(CO3)O5)=C1)O2,高毒,593.0783,84.56108,,
c1n[nH]nc1-c1cc2c(n1-c1ccc(Cl)cc1F)C(c1ccc(Cl)cc1)N(c1cc1cc(Cl)cn(C3CC(O)C(O)C3)c1=O)C2=O,高毒,593.0783,84.56108,,
c1n[nH]nc1-c1cc2c(c(-c3ccc(Cl)cc3)c1)c(=O)c(-c1cc(F)ccc1F)n2-c1cccc(-c2ccc3cnc1Cl)C3,高毒,593.0783,84.56108,,
c1n[nH]nc1-c1cc2c(c(-c3c(Cl)cccc3Cl)c1)C(c1ccc(Cl)cc1)N(c1cc(Cl)cn(C3CC(O)(CO)C3)c1=O)C2=O,中毒,6.3808517,8.960914,0.182666877,3.916990494
c1n[nH]nc1-c1cc2c(n1-c1ccc(F)cc1F)C(c1cc2cc(Cl)ccc2nc1OCC1CC1)N(c1cc(Cl)cn(C3(=O)=O)C3)c1=O,高毒,593.0783,84.56108,,
c1n[nH]nc1-c1csc(Sc2ncnc3c2nc(-c2cc(Oc4cnc5c(c4)N=C(c6ccsc6)CC5CO)nn45)c(Cl)c23)c1,高毒,593.0783,84.56108,,
c1n[nH]nc1-c1cc2c(c(-c3cccnc3)c1)C(c1ccc(Cl)cc1)N(c1cc(Cl)cn(C3CC(O)(CO)C3)c1=O)C2=O,中毒,8.93265,8.960914,0.249435832,3.878811243
c1n[nH]nc1-c1cc2c(n1-c1cccc(Cl)c1F)C(c1ccc(Cl)cc1)N(c1cc(#N)n(C2CCC(O)CC2)c1=O)C1(c2ccc(Cl)cc2)C(c2cc,高毒,593.0783,84.56108,,
c1n[nH]nc1-c1cc2n(c1-c1ccc(Cl)c(Cl)c1)C(c1ccc(Cl)cc1)N(c1cc(Cl)cn(C3CC(O)(CO)C3)c1=O)C2=O,中毒,19.951618,13.503714,0.203710654,4.08725089
c1n[nH]nc1-c1cc2c(c(-c3c(Cl)cccc3Cl)c1)C(c1ccc(Cl)cc1)N(c1cc(Cl)cn(C3CC(O)(CO)C3)c1=O)C2=O,中毒,6.3808517,8.960914,0.182666877,3.916990494
c1n[nH]nc1-c1cc2c(c(-c3cc(Cl)cn3CCc3cc(Cl)cc(Br)c3)c1)C(c1ccc(Cl)cc1)N(c1cc(Cl)c3c(=O)o[nH]c3c12)C3,高毒,593.0783,84.56108,,
c1n[nH]nc1-c1cc2c(n1-c1ccc(Cl)cc1F)C(c1ccc(Cl)cc1)N(c1cc(Cl)cn(C3CC(O)(CO)C3)c1=O)C2=O,中毒,12.488247,11.513729,0.22687237,4.043844886
c1n[nH]nc1-c1cc2c(c(-c3csc(O)c3)n1)C1(CCN(c4cnc(C(F)(F)F)nc4)C(C2)C1)C3,高毒,593.0783,84.56108,,
c1n[nH]nc1-c1cc2c(n1-c1ccc(F)cc1F)C(c1c(F)c(F)c(F)c(F)c1F)C(c1ccc(Cl)cc1)N(c1cc(Cl)cn(C3CC(O)(CO)C3),高毒,593.0783,84.56108,,
c1n[nH]nc1-c1cc2c(c(-c3c(CO)cnc4ncnc(Br)c34)c1)C(c1ccc(Cl)cc1)N(c1cc(Cl)cn(C3CC(O)(CO)C3)c1=O)C2=O,中毒,7.6477833,9.173887,0.160987735,4.377038315
c1n[nH]nc1-c1cc2c(c(-c3c(F)cccc3Cl)c1)C(c1ccc(Cl)cc1)N(c1cc(Cl)cn(C3CC(O)(CO)C3)c1=O)C2=O,中毒,6.3808517,8.960914,0.198124642,3.931028956
c1n[nH]nc1-c1nc2c(c(-c3cc4ccc5ccccc5c4n3)c1)C(c1ccc(Cl)cc1)N(c1cc(Cl)cn(C3CC(O)(CO)C3)c1=O)C2=O,高毒,593.0783,84.56108,,
c1n[nH]nc1-c1cnc2cc(-c3cc4c([nH]5)CCN(Cc5nc(-c6ccn(C7CCNC7)nc6)no5)CC5)c(-c5cccnc54)c3cc2c1,高毒,593.0783,84.56108,,
c1n[nH]nc1-c1cc2c(c(-c3ccc4c(n3)CSc3ccc(F)cc3Br)C(c3cccc(Cl)c3Cl)C(c3ccc(Cl)cc3)N3)c(-c3ccc(F)cc3)c12,高毒,593.0783,84.56108,,
c1n[nH]nc1-c1cc2c(c(-c3cc(Cl)cc(Cl)c3)c1-c1ccc4c(c3)C(C31CC5CC(CC(C5)C3)C3)C4,高毒,593.0783,84.56108,,
c1n[nH]nc1-c1cc2c(c(-c3n[nH]c4ccc(-n5ncc6cccc(Cl)c65)c(=O)c34)C1)N(c1cc(Cl)cn(C3CC(O)C(O)C3)c1=O)C2,高毒,593.0783,84.56108,,
c1n[nH]nc1-c1cc2c(n1-c1ccc(Cl)cc1F)C(c1ccc(Cl)cc1)N(c1cc(Cl)cn(C3CC(O)(CO)C3)c1=O)C2=O,中毒,12.488247,11.513729,0.22687237,4.043844886
c1n[nH]nc1-c1cc(Oc2ccc(NS(=O)(=O)c3ccc(-c4sccc4-c4ccncc4-c4cccs4)cc3)cc2F)nc1,高毒,593.0783,84.56108,,
c1n[nH]nc1-c1c[nH]c2ncc(-c3c(=O)[nH]cc(N4CCN(S(=O)(=O)c5ccc[nH]5)C4)c34)c12,高毒,593.0783,84.56108,,
c1n[nH]nc1-c1cc2c(n1-c1ccc(F)cc1)c1cc(Cl)c(Oc3ccc(S(F)(F)(F)(F)F)cn3)cc3c1c1ccc(Br)cc3c(=O)c12,中毒,21.243645,21.319742,0.176531926,5.111731439
c1n[nH]nc1-c1nonc1-c1NC2CCC1CN(Cc1cscn1)C2,中毒,70.53761,16.99273,0.716882804,5.210134808
c1n[nH]nc1-c1nc2ccc(-c3nnc(Sc6nc(-c7ccccc7)no6)cn45)cc3c(-c3ccc(F)cc3)c21,高毒,593.0783,84.56108,,
c1n[nH]nc1-c1cc2c(c(-n3cc(-c4cnc(N5CCNCC5)nn4)c3)nc(C3CC3)c12)C(c1ccc(Cl)cc1)N(s1)N(C1CC(Cl)(=O)C(Cl),高毒,593.0783,84.56108,,
c1n[nH]nc1-c1cc2c(n(C3CC4CCCC(C3)N4)c1=O)C(c1ccc(Cl)cc1F)N(c1cc(Cl)cn(C3CC4(O)C(O)C(O)C(O)C4)c3c1=O),高毒,593.0783,84.56108,,
c1n[nH]nc1-c1cc2c(c(-c3c(Cl)cccc3Cl)c1)C(c1ccc(Cl)cc1)N(c1ccCl)C(c1ccc(Cl)cc1)N3,高毒,593.0783,84.56108,,
c1n[nH]nc1-c1cc2c(n1-c1ccc(Cl)cc1F)C(c1ccc(Cl)cc1)N(c1cc(Cl)cn(C3CC(O)(CO)C3)c1=O)C2=O,中毒,12.488247,11.513729,0.22687237,4.043844886
c1n[nH]nc1-c1cc2c(n1-c1ccc(F)cc1)c1cc(C(F)(F)F)c(Oc3ccc4c(c3)C(=O)N(c3ccccc3S(=O)(=O)C5)C4=O)cc1C(,高毒,593.0783,84.56108,,
c1n[nH]nc1-c1cc2n(-c3ccc(F)cc3F)c(=O)cnc2c1c1cc2c(sc1=O)CCC2,高毒,593.0783,84.56108,,
c1n[nH]nc1-c1cc2c(c(-c3cccc(F)c3)c1)C(c1ccc(Cl)cc1)N(c1cc(Cl)cn(C3CC3)c1=O)C3=O,高毒,593.0783,84.56108,,
c1n[nH]nc1-c1cc2c(n1-c1ccc(C3CC1)cc1)C(c1ccc(Cl)c(Cl)c3)N(c2cc(#N42C1=O)C4)C(c1ccc(Cl)cc1)(c1c[nH]c(=,高毒,593.0783,84.56108,,
c1n[nH]nc1-c1cc2c(n1-c1ccc(Cl)cc1)C(c1ccc(Cl)cc1)N(c1cc(Cl)cn(C3CC(O)(CO)C3)c1=O)C2=O,中毒,14.882899,11.513729,0.235038859,3.958725058
c1n[nH]nc1-c1cc2c(n1-c1ccc(Cl)cc1)C(c1ccc(Cl)cc1)N(c1cc(Cl)cn(C3CC(O)(COCO)C3)c1=O)C2=O,中毒,14.882899,13.466203,0.1943014,4.12659007
c1n[nH]nc1-c1cc2c(n1-c1ccc(F)cc1)C(c1ccc(Cl)cc1)N(c1cc(Cl)cn(C3CC(O)(CO)C3)c1=O)C2=O,中毒,14.882899,11.513729,0.252765996,3.961679667
c1n[nH]nc1-c1nc2c([nH]1)CCN(c1ccc(-c3conc3C3CNC3)nc1)C2,中毒,10.0266695,38.78039,0.479526854,3.614414117
c1n[nH]nc1-c1cc2c(n1-c1cc(F)c(Cl)c(F)c1)C(c1ccc(Cl)cc3)N(c2cc(Cl)cn(C3CC(O)(CO)C5)c3c1=O)C2=O,高毒,593.0783,84.56108,,
c1n[nH]nc1-c1cc2c(c(-c3ccc(Cl)cc3)c2c1)C(c1ccc(Cl)cc1)N(c1cc(Cl)cn(CC3CC(O)(CO)C3)c1=O)C2=O,高毒,593.0783,84.56108,,
c1n[nH]nc1-c1cc2sc(-c3cocn3)c(-c3ccc(-n4ccc5cc(-c6cnn(P(=O)(O)C7)[nH]c6=O)cc5=O)cc43)c(=O)c2CC1,高毒,593.0783,84.56108,,
c1n[nH]nc1-c1cc2c(n1-c1ccc(Cl)cc1)C(c1ccc(Cl)cc1)N(c1cc(Cl)cc(Cl)c1)N1C(=O)C3SSC3(CC5CC(C4)C3=O)C1=O,高毒,593.0783,84.56108,,
c1n[nH]nc1-c1cc2c(c(-c3c(Cl)cncc3Cl)c1)C(c1ccc(Cl)cc1)N(c1cc(Cl)cn(C3CC3)c1=O)c3=O,高毒,593.0783,84.56108,,
c1n[nH]nc1-c1c2c(c(-c3ccc(-n4cc(-c5ccnc6cnccc56)cc4)nn3)c1)C(c1ccc(Cl)cc1)N(c1cc(Cl)cn(C3CC(O)(CO)C3,高毒,593.0783,84.56108,,
c1n[nH]nc1-c1noc2cc(S(=O)(=O)Nc3ccon3)cc12,高毒,593.0783,84.56108,,
c1n[nH]nc1-c1cc2c(cnc3ccsc32)c1,高毒,593.0783,84.56108,,
c1n[nH]nc1-c1cc2c(#CC3CC3)nc(-c3ccnc(NCc4ccccc4)n3)cc2c1,高毒,593.0783,84.56108,,
c1n[nH]nc1-c1cc2c(n1-c1ccc(Cl)cc1)C(c1ccc(Cl)cc1)c1c(c1cc(C(F)(F)F)ccc1F)N(c1cc(Cl)cCl)C(C)(C)C13CCN(C,高毒,593.0783,84.56108,,
c1n[nH]nc1-c1cc2c(c(-c3c(Cl)cccc3Cl)c1)C(c1ccc(Cl)cc1)N(c1cc(Cl)cn(C3CC(O)(CO)C3)c1=O)C2=O,中毒,6.3808517,8.960914,0.182666877,3.916990494
c1n[nH]nc1CNn1cnnc1P(c1ccccc1)(c1ccccc1)c1cccs1,低毒,3.0487757,61.07053,0.380725373,4.040094033
c1n[nH]nc1N1CCC(Oc2ccnc(-c3nc(-n4cnc5cc(-c6ncns6)c(OC2)c66)ccc43)c2)CC1,高毒,593.0783,84.56108,,
c1n[nH]nc1-c1cc2c(n1-c1ccc(Cl)cc1)C(c1ccc(Cl)cc1)=NN(c1cc(Cl)cn(C3CC(O)C(O)C3)c1=O)C2=O,中毒,14.620968,41.853634,0.243051482,4.119930524
c1n[nH]nc1-c1nn2c(=O)cc(C3(O)CCC(c4ccc(Cl)cc4)CC3)sc2c1=O,高毒,593.0783,84.56108,,
c1n[nH]nc1-c1cc2c(n1-c1ccc(Cl)cc1)C(c1ccc(Cl)cc1)N(c1ccS(=O)(=O)P(=O)(O)O)C(n3cc2c(F)c(F)c(F)cc31)C1,高毒,593.0783,84.56108,,
c1n[nH]nc1-c1cc2c(n1-c1cc(Cl)cc(Cl)c1)C(c1ccc(Cl)cc1)N(c1cc(Cl)cn(C3CC(O)(CO)C3)c1=O)C2=O,中毒,14.882899,11.513729,0.207895129,4.073964211
c1n[nH]nc1-c1cc1c(c(-c2c(Cl)cc3c1OCO3)c1c(F)cccc1-c1cn4nc(OCC(F)(F)F)cc4sc3c1=O)CNC2,高毒,593.0783,84.56108,,
c1n[nH]nc1-c1cc2c(n1-c1ccc(F)cc1)C(c1ccc(Cl)cc1)N(c1cc(Cl)cn(C3CC(O)(CO)C3)c1=O)C(O)C2,中毒,26.303608,47.68054,0.217153147,4.355294951
c1n[nH]nc1-c1cc2c(c(-c3c(Cl)cccc3Cl)c1)CCN(Cc1ccc(Oc4ccc(Br)cc4F)cc13)C2,高毒,593.0783,84.56108,,
c1n[nH]nc1-c1cc2c(n1-c1ccc(Cl)cc1F)C(c1ccc(Cl)cc1)N(c1cc(Cl)cn(C3CC(O)(CO)C3)c1=O)C2=O,中毒,12.488247,11.513729,0.22687237,4.043844886
c1n[nH]nc1-c1cc2c(c(-c3cn[nH]c3)c1)CS(=O)(=O)C(c1ccc(Cl)cc1)c1cc(c1cc(F)ccc13)C(c1ccc(Cl)cc1)N1CC33C,高毒,593.0783,84.56108,,
c1n[nH]nc1-c1cc2c(c(-c3ccc4oc(-c5cc6c(cc5Cl)OCO6)cc4F)cN(C4CCC(F)(F)CC6)c(=O)c4c2c1)C(=O)CCC3,高毒,593.0783,84.56108,,
c1n[nH]nc1-c1c2n(c3c(-c4nnc(S)[nH]4)c(-c4ccc(Cl)cc4)c(Cl)c(c2=O)CCN3C(=O)c2cnn3ccc(C4CC6CCC4C5)c(Cl)c,高毒,593.0783,84.56108,,
c1n[nH]nc1-c1cc2c(c(-c3c(Cl)cccc3Cl)c1)C3c1c[nH]c3ccc(-c4csc(-c5ccn(-c6ccc7nc8ncc(F)cc7c6)o5)c(=O)c5,高毒,593.0783,84.56108,,
c1n[nH]nc1-c1cc2c(n1-c1ccc(Cl)cc1F)C(c1ccc(Cl)cc1)N(c1cc(Cl)cnc1=O)C3c1ccn(C3CC(O)(CO)C3)c1=O,高毒,593.0783,84.56108,,
c1n[nH]nc1-c1cc2c(-c3cccc(OCc4cc(F)c(C(F)(F)F)c4)c3)c(-c3ccnn3-c3ccc(F)cc3)c(=S)[nH]c2c1,高毒,593.0783,84.56108,,
c1n[nH]nc1-c1cc2c(n1-c1ccc(Cl)cc1F)C(c1ccc(Cl)cc1)N(c1cc(Cl)cn(C3CC(O)(CO)C3)c1=O)C2=O,中毒,12.488247,11.513729,0.22687237,4.043844886
c1n[nH]nc1-c1cc2c(n1-c1ccc(F)cc1)C(c1ccc(Cl)cc1)N(c1ccc(Cl)cn1)C3c1ccc(C(F)(F)F)nc3OCC1C2,中毒,47.20036,19.276184,0.192901267,5.742571427
c1n[nH]nc1-c1cc2c(n1-c1ccc(F)cc1F)C(c1ccc(Cl)cc1)N(c1ccCl)c1=NC(=O)C(C)()C1(c1ccc(Cl)cc1)C1(Cl)C(=O)N(,高毒,593.0783,84.56108,,
c1n[nH]nc1-n1cc(CNc2ncc(N3CCN(C4(c5cn6cc3F)CC5)CC4)cc3F)cn2c1=O,高毒,593.0783,84.56108,,
c1n[nH]nc1-c1nc2c(c(-c3ccnc(F)c3=O)n1)C(c1cccc(Cl)c1)N(c1cc(Cl)cn(Cl)c13)C2=O,高毒,593.0783,84.56108,,
c1n[nH]nc1-c1cc2c(c(-c3c(Cl)cccc3Cl)c1)C(c1ccc(Cl)cc1)(c1ccc(Cl)cc1)N(c1cc(Cl)cn3nc(Cl)cc33)C1=O,高毒,593.0783,84.56108,,
c1n[nH]nc1-c1cc2c(n1-c1ccc(F)cc1F)C(c1ccc(Cl)cc1)N(c1ccCl)C(c1nccs1)NC2c1ccc(C#N)cc1,高毒,593.0783,84.56108,,
c1n[nH]nc1-c1cc2c(n1-c1ccc(Cl)cc1)C(c1ccc(Cl)cc1)N(c1cc(Cl)cn(C3CC(O)(CO)C3)c1=O)C2=O,中毒,14.882899,11.513729,0.235038859,3.958725058
c1n[nH]nc1-c1cc2c(s1)CN(c1cc(C3CC3)n[nH]1)C2=O,中毒,19.707926,13.175437,0.776094619,3.671299319
c1n[nH]nc1-c1cc2c(c(-c3c(Cl)cccc3Cl)c1)C1(CSC3(c4ccc(Cl)cc4)CC4CC6(CNC5=O)(C5)C45C(=O)N(C7CC5)C(=O)N(,高毒,593.0783,84.56108,,
c1n[nH]nc1-c1cc2c(c(-c3c(Cl)cccc3Cl)c1)C(c1ccc(Cl)cc1)N(c1cc(Cl)cn(C3CC(O)(CO)C3)c1=O)C2,中毒,9.036046,9.912456,0.17851774,3.962354325
c1n[nH]nc1-c1cc2c(cn1)c(-c1ccc(Cl)cc1)nc(Cl)c2=O,高毒,593.0783,84.56108,,
c1n[nH]nc1-c1cc2c(n1-c1cc(Cl)cc(Cl)c1)C(c1ccc(C(F)(F)F)c(Cl)c1)N(c1cc(Cl)cn(C3CC(O)C(O)C3)c1=O)c1=O,高毒,593.0783,84.56108,,
c1n[nH]nc1-c1cc2c(c(-c3c(Cl)cccc3Cl)n1)C(c1cccc(Cl)c1)N(c1cc(Cl)cn(C3CC(O)(CO)C3)c1=O)C2=O,中毒,7.4282966,12.110745,0.1962146,4.006869615
c1n[nH]nc1-c1cc2c(c(-c3nc(-c4ccc(Oc5ccccc5)nc4)cs3)C2c2ccc(Cl)cc2)c1C(F)(F)F,中毒,46.20203,24.208992,0.216278178,3.79245728
c1n[nH]nc1-c1cc2c(n1-c1ccc(F)cc1Oc1cc(Cl)c(Oc4cncnc4c3ccc(Cl)c3)cc1)C(c1ccc(Cl)cc1)N(c1cc(Cl)cn(C3CC(O,高毒,593.0783,84.56108,,
c1n[nH]nc1-c1cc2c(n1-c1cccnc1)c(c1cc(Cl)ccc12)C(c1ccc(Cl)cc1)N(c1cc(Cl)cn(C)c1=O)C3,高毒,593.0783,84.56108,,
c1n[nH]nc1-c1cn2c(C3CC3)c(-c3ccc4[nH]nc(-c5cc6c(-n7ccoc7)nnc6c5=O)c4cn3)cc2c1=O,高毒,593.0783,84.56108,,
c1n[nH]nc1-c1cc2c(n1-c1ccc(Cl)cc1)C(c1ccc(Cl)cc1)N(c1cc(Cl)cn(C3CC(O)(O)C3)c1=O)C2=O,中毒,14.882899,11.513729,0.23238661,3.964637358
c1n[nH]nc1-c1cc2c(n1-c1ccc(Cl)cc1)c1oc3cc(-c4cccc(Cn5nnc6ccccc66)c5)cc(=O)c4cc3c1CC2,高毒,593.0783,84.56108,,
c1n[nH]nc1-c1cc2c(c(-c3c(Cl)cccc3Cl)c1)C(c1ccc(Cl)cc1)N(c1cc(Cl)cn(C3CC(O)(CO)C3)c1=O)C2=O,中毒,6.3808517,8.960914,0.182666877,3.916990494
c1n[nH]nc1Sc1cc(Cl)c2[nH]ncc2c1,高毒,104.356415,83.738075,0.734149239,3.127116069
c1n[nH]nc1-c1cc2c(cc1-c1cc(Cl)ccc1Cl)Oc1cc(3c(C4CCOc5c[nH]c7ccc(Cl)cc56)C=CC5=NCC43)ccc12,高毒,593.0783,84.56108,,
c1n[nH]nc1-c1cc2[nH]nc(-c3cc4c(nc3N3CCN(CCO)CC3)c2=O)c2sc(-c3cnoc3C(F)(F)F)c(=O)c4ccc12,高毒,593.0783,84.56108,,
c1n[nH]nc1-c1cc2c(cc1-c1nc(-c3ncc(F)cn3)ccc1F)CCN(Cc1ccc(C(F)(F)F)c(F)c1)C3,高毒,593.0783,84.56108,,
c1n[nH]nc1-c1cc2c(n1-c1ccc(F)cc1F)C(c1ccc(Cl)cc1)N(c1cc(Cl)cn(C3CC(O)(CO)C3)c1=O)C2=O,中毒,12.488247,11.513729,0.244621212,4.0385462
c1n[nH]nc1-c1nc2c(c(N3CCCc4ccc(C5(O)CCOCC5)cc43)nc1-c1ccc(OC(F)(F)F)cc1)CN(c1cc(CN(C3CC3)S(=O)(=O),高毒,593.0783,84.56108,,
c1n[nH]nc1-c1cc2c((c1)c1cc(Cl)cc(Cl)c1O)C(c1ccc(Cl)cc1)N(c1cc(Cl)cn(C3CC(O)(CO)C3)c1=O)C2=O,高毒,593.0783,84.56108,,
c1n[nH]nc1-c1cnc2c(c1)C1(CNCCN1)c1cc(F)c(c1F)c1cc3c(cc1Cl)CCN(C(F)F)C3,高毒,593.0783,84.56108,,
c1n[nH]nc1-c1cc2c(n1-c3ccccc3c3cc(F)ccc13)C(c1ccc(Cl)cc1)N(c1cc(Cl)cn(C3CC(O)(CO)C3)c1=O)C2=O,高毒,593.0783,84.56108,,
c1n[nH]nc1-c1cc2c(n1-c1ccc(Cl)cc1)C(c1ccc(Cl)cc1)N(c1cc(Cl)cn(C3CC(O)C3)c1)C2=O,高毒,593.0783,84.56108,,
c1n[nH]nc1-c1cc2c(n1-c1ccc(Cl)cc1)C(c1ccc(Cl)cc1)N(c1cc(Cl)cn(C3CC(O)(CO)C3)c1=O)C2=O,中毒,14.882899,11.513729,0.235038859,3.958725058
c1n[nH]nc1-c1cc2c(n1-c1ccc(F)cc1F)C(c1ccc(Cl)cc1)N(c1cc(Cl)cn(C3CC(O)(CO)C3)c1=O)C2=O,中毒,12.488247,11.513729,0.244621212,4.0385462
c1n[nH]nc1-c1cc2c(c(-c3c(Cl)cccc3Cl)c1)C(c1ccc(Cl)cc1)N=C(c1cc(Cl)c(O)c(Cl)c1)N3Cc1ccc(C2CC2)c(C2CC2)c1,高毒,593.0783,84.56108,,
c1n[nH]nc1-c1noc(C2CCN(c3cc4cn(c3)C(c3ccc(Cl)cc3)N(c3c[nH]c(=O)cc4Br)C4=O)CC3)n12,高毒,593.0783,84.56108,,
c1n[nH]nc1-c1cc2c(c(-c3c(Cl)cccc3Cl)c1)C(c1ccc(Cl)cc1)N(c1cc(Cl)cn(C3CC(O)(C(=O)O)C3)c1=O)C2,中毒,9.036046,9.912456,0.173401064,3.963837747
c1n[nH]nc1-c1cc2c(c(-c3ccc(Cl)cc3)c1)C(c1ccc(Cl)cc1)N(c1cc(Cl)cn(C3CC(O)(CO)C3)c1=O)C2=O,中毒,6.3808517,8.960914,0.205435647,3.81469291
c1n[nH]nc1-c1cnc2nc(-c3ccc(S(=O)(=O)Nc4c[nH]nc4-c4ccccc4)c3)cnc2c1,高毒,593.0783,84.56108,,
c1n[nH]nc1-c1cc2c(n1-c1ccc(Cl)cc1Cl)C(c1ccc(Cl)cc1)N(c1cc(Cl)cn(C3CC(O)(CO)C3)c1=O)C2=O,中毒,18.205946,11.513729,0.207895129,4.033490665
c1n[nH]nc1-c1cc2c(c(-c3c(Cl)cccc3Cl)c1)C(c1ccc(Cl)cc1)N(c1cc(Cl)cn(C3CC(F)(F)C3)c1=O)C2=O,低毒,6.958889,9.91435,0.20261252,3.880170965
c1n[nH]nc1-c1cc2c(n1-c1c(Cl)cc(Cl)cc1Cl)C(c1ccc(Cl)cc1)N(c1cc(Cl)cn(C3CC(O)(CO)C3)c1=O)C2=O,中毒,18.205946,11.513729,0.18505382,4.127799417
c1n[nH]nc1-c1cc2c(n1)%10c1cc(Cl)c(Nc4ccc(F)c(Cl)c4F)cc3CC1C(c1ccc(Cl)s1)C(c1ccc(Cl)cc1)N(C1CC(c4ccoc4)CC,高毒,593.0783,84.56108,,
c1n[nH]nc1-c1cc2c(n1-c1ccc(Cl)cc1)C(c1ccc(Cl)cc1)N(c1cc(Cl)c2ncsc12)C1CC1,高毒,593.0783,84.56108,,
c1n[nH]nc1-c1cc2c(nc(Oc3cccc4c3C(=O)N(c3ccc(N5CCOC2=O)cc3)C5=O)C3)c1,高毒,593.0783,84.56108,,
c1n[nH]nc1-c1cc2c(n1-c1ccc(F)cc1F)C(c1ccc(Cl)cc1)N(c1cc(Cl)cn(C3CC(O)(CO)C3)c1=O)C2=O,中毒,12.488247,11.513729,0.244621212,4.0385462
c1n[nH]nc1-c1cc2c((C3CC3)nc3ccsc34)nc(OC3CCN(c4ccnc(Oc5ccc6ncccc8c7)c6CC5)c43)C(c3ccc(Cl)cc3)C2C1,高毒,593.0783,84.56108,,
c1n[nH]nc1-c1cc2c(n1-c1ccc(F)c(F)c1)C(c1ccc(Cl)cc1)N(c1ccCl)C(c1ccccc1)C1CC3CC(C1)N3,高毒,593.0783,84.56108,,
c1n[nH]nc1-c1nc2sc(Cc3ccc(-c4cc(OC(F)(F)F)c(OC(F)(F)F)c4)cc3)cc2c1-c1ccnc2cc(OCCCN3CCOCC3)ccc12,高毒,593.0783,84.56108,,
c1n[nH]nc1-c1cc2c(c(-c3cn(-c4cccnc4)nn3)c1)C(c1ccc(Cl)cc1)N(c1cc(Cl)cn(C3CC(O)(CO)C3)c1=O)C2=O,中毒,15.809174,12.110745,0.221276873,4.135258345
c1n[nH]nc1-c1cc2c(n1-c1ccc(Oc3cccc(C(F)(F)F)c3)cc1Oc1ccc(Cl)cc3c1=O)C(c1ccc(Cl)cc1)N(c1cc(Cl)C(=O)C1(,高毒,593.0783,84.56108,,
c1n[nH]nc1-c1cc2c(n1-c1ccc(F)cc1)C(c1ccc(Cl)cc1)N(c1cc(Cl)cn(C3CC(O)(CO)C3)c1=O)C2=O,中毒,14.882899,11.513729,0.252765996,3.961679667
c1n[nH]nc1CSc1nnc2c(-c3ccco3)cccn12,中毒,31.972605,25.718735,0.582287536,2.911621642
c1n[nH]nc1-c1coc1-c1nc2nc(-c3ccco3)nc(-c3ccc4ncccc4c3)c2c1,高毒,593.0783,84.56108,,
c1n[nH]nc1-c1cn2c(C3CC4CCC3(C3)C3C=CC(C5(O)COC7C8=CC(C9CNC7=O)C7N6)CCC56)ncc4c3cc2s1,高毒,593.0783,84.56108,,
c1n[nH]nc1-c1cc2c(n1-c1ccc(Cl)cc1F)C(c1ccc(Cl)cc1)C(c1ccc(Cl)cc1)N(c1cc[nH]c(=O)c1)C3c1ccc(Cl)cc3P(=O),高毒,593.0783,84.56108,,
c1n[nH]nc1-c1cc2c(cc1F)c(OCc1ccc(Cl)nn1)C1(CBr)C(=O)N(C3CC3)(c3cc(F)cc(F)c3)C12,高毒,593.0783,84.56108,,
c1n[nH]nc1-c1cc2c(n1-c1c(F)cc(F)cc1F)C(c1ccc(Cl)cc1)N(c1cc(Cl)cn(C3CC(O)(CO)C3)c1=O)C2=O,中毒,12.488247,11.513729,0.237075915,4.12956951
c1n[nH]nc1-c1cc2c(n1-c1ccc(F)cc1F)C(c1ccc(Cl)cc1)N(c1cc(Cl)cn(C3CC(O)(CO)C3)c1=O)C2=O,中毒,12.488247,11.513729,0.244621212,4.0385462
c1n[nH]nc1-c1cc2c(c(-c3c(Cl)cccc3Cl)c1)C(c1ccc(Cl)cc1)N(c1cc(Cl)cn(C3CC(O)(CO)C3)c1=O)C2=O,中毒,6.3808517,8.960914,0.182666877,3.916990494
c1n[nH]nc1-c1cc2c(n1-c1ccc(F)c(Cl)c1)C(c1ccc(Cl)cc1)N(c1cc(Cl)cn(C3CC(O)(CO)C3)c1=O)C2=O,中毒,14.882899,11.513729,0.22687237,4.04484226
c1n[nH]nc1-c1cc2c(c(-c3c(Cl)cccc3Cl)c1)C(c1ccc(Cl)cc1)N(c1cc(Cl)cn(C3CC(O)(CO)C3)c1=O)C2=O,中毒,6.3808517,8.960914,0.182666877,3.916990494
c1n[nH]nc1-c1ccc2c(N3CCC(F)(F)CC3)nc3cc(-c4noc(=O)[nH]4)nc(-c4ccc(Cl)cc4)c3c12,高毒,593.0783,84.56108,,
c1n[nH]nc1-c1nnc2cnc(-c3ccc4c(n3)-c3cc5c(F)cccc5nc3-6)cc12,高毒,593.0783,84.56108,,
c1n[nH]nc1-c1cc2c(cc1-c1c(Cl)cccc1Cl)C(c1ccc(Cl)cc1)N(c1cc(Cl)cn(C3CC(O)(CO)C3)c1=O)C2=O,低毒,7.8529835,8.960914,0.182666877,3.926660824
c1n[nH]nc1-c1nc2c(n1-c1ccc(Cl)cc1F)C(c1ccc(Cl)cc1)N(c1cc(Cl)cn(C3CC(O)(CO)C3)c1=O)C2=O,中毒,24.818281,34.717995,0.24003053,4.069778845
c1n[nH]nc1-c1cnc2c(Sc3ccnc(OC4CCCC4)c3)c3nccc(-c4cc5c([nH]4)C5=CCCC4N4CC5CNC(C4)C5)cn3c2c1=O,高毒,593.0783,84.56108,,
c1n[nH]nc1-c1c2c(c(-c3coc(Cl)c3=O)nc1cc1cc(Cl)ccc13)CN(c1cc(Cl)cn(C3CC(O)C(O)C3)c1=O)C2=O,高毒,593.0783,84.56108,,
c1n[nH]nc1-c1cc2c(cc1-c1nc3c(c1Nc1cccc(F)c3)C(c3ccc(Cl)cc3F)N(c4ccc(Cl)c(C(F)(F)F)c4)C(=O)N3CC1)C1CC,高毒,593.0783,84.56108,,
c1n[nH]nc1-c1cc2c(n1-c1ccc(Cl)cc1Cl)C(c1ccc(Cl)cc1)N(c1ccCl)c1(C3CC31)c1nc1cc(-c4ccoc4)c(Cl)cc3c1C(F)(F,高毒,593.0783,84.56108,,
c1n[nH]nc1-c1cc2c(c(-c3n[nH]c4ncnc(-c5ccc8ccccc67)c5c34)CN(C3CCCC3)CC4)c12,高毒,593.0783,84.56108,,
c1n[nH]nc1-c1cc2c(n1-c1ccc(F)cc1F)C(c1ccc(Cl)cc1)N(cOC4C3C])C(c1ccc(Cl)cc3)N(c2cc(c(C(=O)O)CC(F)(F)F,高毒,593.0783,84.56108,,
c1n[nH]nc1-c1cc2c(n1-c1ccc(Cl)cc1)C(c1cccc(Cl)c1)N(c1cc(Cl)cn(C3CC(O)(CO)C3)c1=O)C2=O,中毒,14.882899,11.513729,0.235038859,3.987091365
c1n[nH]nc1-c1cc2c(n1-c1ccc(Cl)cc1)C1(CCOCC1)c1sc(Cc3cc(-c4nc[nH]n4)cc(C(F)(F)F)c4c3=O)C(Oc3ccc(F)c5,高毒,593.0783,84.56108,,
c1n[nH]nc1-c1cc2c(n1-c1ccc(Cl)cc1Cl)C(c1ccc(Cl)cc1)N(c1cc(Cl)cn(C3CC(O)(CO)C3)c1=O)C2=O,中毒,18.205946,11.513729,0.207895129,4.033490665
c1n[nH]nc1-c1cc2c(c(-c3ccc6nc(-c5csc(F)c5)nc4c3)C(c3ccc(Cl)cc3)N(c3cc(OCC4CC4)c(OC(F)(F)F)c4)C3=O)C,高毒,593.0783,84.56108,,
c1n[nH]nc1-c1cc2c(n1-c1ccc(Cl)cc1)C(c1ccc(Cl)cc1)N(c1ccCl)C(c3ccncc3)C(C1)N1C(=O)C3OC(CO)C(O)(CO)C3C(,高毒,593.0783,84.56108,,
c1n[nH]nc1-c1cc2c(c(-c3c(F)cccc3F)c1)-c1c(n[nH]c1-c1cc3c(c(-c4ccn(Cc5c(F)cccc5)c5)c3c1)C(c1ccco3)C,高毒,593.0783,84.56108,,
c1n[nH]nc1-c1cc2c(n1-c1ccc(F)cc1F)C(c1ccc(Cl)cc1)N(c1cc(Cl)cn(C3CC(O)(CO)C3)c1=O)C2=O,中毒,12.488247,11.513729,0.244621212,4.0385462
c1n[nH]nc1-c1cc2c(c(-c3c[nH]c6nc[nH]c54)c12)C(c1ccc(Cl)cc1)N(c1cc(Cl)cn(C4CC(O)(CO)C4)c1=O)C2=O,高毒,593.0783,84.56108,,
c1n[nH]nc1-c1cc2c(c(-c3n[nH]c4cc(C=CC(=O)N5CC5)ccc34)nc2-c2cn(C(C)(CO)CO)cnc23)c1,高毒,593.0783,84.56108,,
c1n[nH]nc1-c1cc2c(n1-c1ccc(Br)cc1)C(c1ccc(Cl)cc1)N(c1cc(Cl)cn(C3CC5(C)C(=O)N(C6CC6)C5C4=O)c1=O)C3=O,高毒,593.0783,84.56108,,
c1n[nH]nc1-c1cc2c(n1-c1ccc(F)cc1)C(c1ccc(Cl)cc1)N((c1ncnn1C1CCC1)C1CC1)C1C(=O)N(c3cnn(C4CC(O)CC4)c3,高毒,593.0783,84.56108,,
c1n[nH]nc1-c1cc2c(o1)C1(N=O)c3ccc(Cl)cc3C3(C1)C(C#N)C21C(=O)N(c2ccc(C#N)cc2)C(c2cc(Cl)cc(Cl)c2)C13,中毒,25.896519,36.510887,0.195041901,6.693627705
c1n[nH]nc1-c1cc2c(-c3ccnc(-c4ccnc(-c5cc6c(-c7coc(C8CC8)nc7-c7cccc(n7C)c8)c6)nc4s3)C3CC4CC5CC(C4)C5,高毒,593.0783,84.56108,,
c1n[nH]nc1-c1cc2c(-c3c[nH]c4ncccc34)ncnc2c1c1cc2n(c1=O)C(c1ccc(Cl)cc1)N(c1cc(Cl)cn(C1CC(O)(CO)C3)C1=,高毒,593.0783,84.56108,,
c1n[nH]nc1-c1cc2c(c(-c3cn(C4CCC(c5nnnn5Cc5cccc(F)c5)CC4)c3)c(C(F)(F)F)c(=O)c2F)C(c2ccc(Cl)cc2)C(CO3,高毒,593.0783,84.56108,,
c1n[nH]nc1-c1nc2c(c(SC3C2OC4(C3)C2CS(=O)(=O)c2ccccc24)C2(O)C(CO)=CC(O)C5N(C5C6CC7CC(C6)CC5C5)C3C2O,高毒,593.0783,84.56108,,
c1n[nH]nc1-c1cc2c(cc1-c1cc[nH]c(=O)c1)C(c1ccc(Cl)cc1F)N(c1cc(Cl)cn(C3CC(O)(CO)C3)c1=O)C2=O,低毒,5.093859,8.960914,0.214387065,4.140525659
c1n[nH]nc1-c1cc2c(c(-c3c(F)c(F)cc(F)c3F)c1)C(N)c1cc(F)cc(F)c1-2,低毒,16.519285,41.620213,0.346072398,3.725057937
c1n[nH]nc1-c1cc2c(c(-c3ccc(Oc4ccc(F)c(F)c4)cc3)c1)C(c1ccc(Cl)cc1)N(c1cc(Cl)cc(Cl)c1)C3=O,高毒,593.0783,84.56108,,
c1n[nH]nc1-c1cc2c(n1-c1ccc((Cl)c3ccc(Cl)nc13)c1ccc(F)cc1F)CN(c1ncc(Cl)c(Cl)c1O)C3,高毒,593.0783,84.56108,,
c1n[nH]nc1-c1cc2c(c(-c3c(Cl)cccc3Cl)c1)C(c1ccc(Cl)cc1)N(Cc1ccc(Cl)c(Cl)c1)C3=O,高毒,593.0783,84.56108,,
c1n[nH]nc1-c1cc2c(n1-c1ccc(Cl)cc1F)C(c1ccc(Cl)cc1)N(c1cc(Cl)cn(C3CC(O)C(O)C3)c1=O)C2=O,中毒,12.488247,11.513729,0.234878019,4.426733326
c1n[nH]nc1-c1cc2c(n1-c1ccc(F)cc1F)C(c1ccc(Cl)cc1)N(c1cc(Cl)cn(C3CC(O)(CO)C3)c1=O)C2=O,中毒,12.488247,11.513729,0.244621212,4.0385462
c1n[nH]nc1-c1cc2c(n1-c1ccc(Cl)cc1)C(c1ccc(Cl)cc1)N(c1cc(Cl)cn(C3CC(O)(CO)C3)c1=O)C2=O,中毒,14.882899,11.513729,0.235038859,3.958725058
c1n[nH]nc1-c1nc2c(s1)CN(c1ncnc(NC3CC3c3ccnc(F)c3)c1=O)C2,高毒,593.0783,84.56108,,
c1n[nH]nc1-c1cc2c(n1-c1ccc(Cl)cc1Cl)C(c1ccc(Cl)cc1)N(c1cc(Cl)cn(C3CC(O)(CO)C3)c1=O)C2=O,中毒,18.205946,11.513729,0.207895129,4.033490665
c1n[nH]nc1-c1cc2c(n1-c1ccc(F)cc1)C(c1ccc(Cl)cc1)N(c1cc(Cl)c[nH]c1=O)C3,高毒,593.0783,84.56108,,
c1n[nH]nc1-c1cc2c(n1-c1ccc(F)cc1)C(c1ccc(Cl)cc1)N(c1cc(Cl)cn(C3CC(O)(CO)C3)c1=O)C2=O,中毒,14.882899,11.513729,0.252765996,3.961679667
c1n[nH]nc1-c1c2c(nc3cc(F)ccc13)-c1cc(C(F)(F)F)cc(C(F)(F)F)c1C1=C2C(c2cc[nH]n2)C(c2ccc(Cl)cc2)N(C2CC,高毒,593.0783,84.56108,,
c1n[nH]nc1-c1cc2c(n1-c1ccc(F)cc1F)C(c1ccc(Cl)cc1)N(c1cc(Cl)cn(2)C1)C3,高毒,593.0783,84.56108,,
c1n[nH]nc1-c1cc2c(n1-c1ccc(Cl)cc1)C(c1ccc(Cl)cc1)N(c1cc(Cl)cn(C3CC(O)(CO)C3)c1=O)C2=O,中毒,14.882899,11.513729,0.235038859,3.958725058
c1n[nH]nc1-c1c(Cl)ccc(-n2c(=S)n(C5CC4)c(-c4ccc(Cl)cc4)c3c2C(=O)NCCC3)c1F,高毒,593.0783,84.56108,,
c1n[nH]nc1-n1c(-c2cc(-c3nc(-c4cc5nc(Cl)ccc5s4)c(-c4n[nH]cc4-c4ccc(Cl)c(Cl)c4)c4c(NCC(N)(Cc6ccc(F)cc6),高毒,593.0783,84.56108,,
c1n[nH]nc1-c1cc2c(c(-c3ccnc(Oc4ccc5sc(C(F)(F)F)cc5c4=O)c3)c1)C(c1ccc(Cl)cc1,高毒,593.0783,84.56108,,
c1n[nH]nc1-c1cc2n(c1-c1c(F)cccc1Cl)C(c1ccc(Cl)cc1)N(c1cc(Cl)cn(C3CC(C(=O)O)C3)c1=O)C2=O,中毒,32.68572,13.503714,0.217178109,4.02351468
c1n[nH]nc1-c1cc2c(n1-c1ccc(Cl)cc1Cl)C(c1ccc(Cl)cc1)N(c1ccc(Cl)cc1)C3,高毒,593.0783,84.56108,,
c1n[nH]nc1-c1cc2c(n1-c1ccc(Cl)cc1)C(c1ccc(Cl)cc1)N(c1cc(Cl)cn(C3CC(O)(CO)C3)c1=O)C2=O,中毒,14.882899,11.513729,0.235038859,3.958725058
c1n[nH]nc1Nc1cc2c(cn1)c(OCC1CC(O)C1)c(-c1cccnc1)c(=O)n2Cc1ccccn1,中毒,10.564769,18.238428,0.295280401,3.193468739
c1n[nH]nc1-c1cc2c(n1-c1ccc(F)cc1F)C(c1ccc(Cl)cc1)N(c1cc(Cl)cnc1)C12CCOCC1,中毒,21.327534,17.379768,0.252100264,4.31188385
c1n[nH]nc1-c1cc2c(n1-c1ccc(Cl)cc1)c1sc3cc(-c4n[nH]c(SCc5ccc6c(c5)OCO6)n5)cc4cc3c1-2,高毒,593.0783,84.56108,,
c1n[nH]nc1-c1cc2c(c(-c3c(Cl)cccc3Cl)c1)C(c1ccc(Cl)cc1Cl)N(c1cc(Cl)cn(C3CC(O)(CO)C3)c1=O)C2=O,中毒,7.487971,8.960914,0.168559174,4.003842696
c1n[nH]nc1-c1cc2cnn(-c3cc(Oc4ncnc5cnc(C6CC6)cc56)cc34)c2c1,高毒,593.0783,84.56108,,
c1n[nH]nc1-c1nc2c(c(-c3cnc(Cl)c(NCc4ccc(F)cc4)c3)c1)CN(c1ncnc(N)c13)CC2,高毒,593.0783,84.56108,,
c1n[nH]nc1-c1cc2c(n1-c1ccc(Cl)cc1)C(c1ccc(Cl)cc1)N(c1cc(Cl)cn(C3CC(O)(CO)C3)c1=O)C2=O,中毒,14.882899,11.513729,0.235038859,3.958725058
c1n[nH]nc1-c1cc2c(c(-c3c(Cl)cccc3Cl)c1)C(c1ccc(Cl)cc1)N(c1cc(C(N)=O)no1)C3,高毒,593.0783,84.56108,,
c1n[nH]nc1-c1cc2c(n1-c1ccc(F)cc1F)C(c1ccc(Cl)cc1)N(c1cc(Cl)cn(C3CC(O)(CO)C3)c1=O)C2=O,中毒,12.488247,11.513729,0.244621212,4.0385462
c1n[nH]nc1-c1cc2c(n1-c1ccc(Cl)cc1F)C(c1ccc(Cl)cc1)N(c1cc(Cl)cn(C3CC(O)C(O)C3)c1=O)C2=O,中毒,12.488247,11.513729,0.234878019,4.426733326
c1n[nH]nc1-c1cc2c(n1-c1ccc(Cl)cc1F)C(c1ccc(Cl)cc1)N(c1cc(Cl)cn(C3CC(O)(CO)C3)c1=O)C2=O,中毒,12.488247,11.513729,0.22687237,4.043844886
c1n[nH]nc1-c1cc2c(cn1)c(-c1ccc(Oc3ccc(Cl)cc3)cc1)c1c(CN3CCOCC3)coc12,高毒,593.0783,84.56108,,
c1n[nH]nc1-c1cc2c(n1-c1ccc(Cl)cc1F)C(c1ccc(Cl)cc1)N(c1cc(Cl)cn(C3CC(O)(CO)C3)c1=O)C2=O,中毒,12.488247,11.513729,0.22687237,4.043844886
c1n[nH]nc1-c1cc2c(s1)C(c1ccc(Cl)cc1)N(c1cc(Cl)cn(C3CC(O)(CO)C3)c1=O)C2=O,中毒,8.738106,8.960914,0.351211221,3.957203973
c1n[nH]nc1-c1cc2c(c(-c3c(Cl)cccc3Cl)c1)C(c1ccc(Cl)cc1F)N(c1cc(Cl)cn(C3CC(O)(CO)C3)c1=O)C2=O,中毒,5.093859,8.960914,0.17785186,4.018323826
c1n[nH]nc1-c1cc2c(n1-c1cc(F)cc(F)c1)C(c1ccc(Cl)cc1)N(c1cc(Cl)cn(C3CC(O)(CO)C3)c1=O)C2=O,中毒,14.882899,11.513729,0.244621212,4.08930755
c1n[nH]nc1-c1nc2c(c(N3CCc4cccnc43)C1)C1(CCN(CC=[N+]=[N-])CC1)c1cc(F)ccc12,高毒,593.0783,84.56108,,
c1n[nH]nc1-c1cc2c(n1-c1ccc(Cl)cc1F)C(c1ccc(Cl)cc1)N(c1cc(Cl)cn(C3CC(O)(CO)C3)c1=O)C2=O,中毒,12.488247,11.513729,0.22687237,4.043844886
c1n[nH]nc1-c1cnc2c1-c1c(nn(C3CCN(c4ccncc4)CC3)c1)C(c1ccc(Cl)cc1)N(c1cc(Cl)cn(C3CCC(O)(Cc4ccccn4)C4)c,高毒,593.0783,84.56108,,
c1n[nH]nc1-c1cc2c(n1-c1ccc(F)cc1F)C(c1ccc(Cl)cc1)N(c1ccS(=O)(=O)c4ccoc23)C1,高毒,593.0783,84.56108,,
c1n[nH]nc1-c1cc2c(n1-c1ccc(NC(=S)Nc3ccc4occ(-c5ccc(Cl)cc5)c4c3)cc1)C(c1ccc(Cl)cc1)N(c1cc(Cl)c[nH]c1=O,高毒,593.0783,84.56108,,
c1n[nH]nc1-c1cc2c(n1-c1cc(F)c(Cl)cc1F)C(c1ccc(C(F)(F)F)cc1)N(c1cc(Cl)cn(C3CC(O)(CO)C3)c1=O)C2=O,中毒,12.488247,11.513729,0.150485726,4.225881567
c1n[nH]nc1-c1cc2c(n1-c1ccc(F)cc1F)C(c1ccc(Cl)cc1)N(c1cc(Cl)cn(C3CC(O)(CO)C3)c1=O)C2=O,中毒,12.488247,11.513729,0.244621212,4.0385462
c1n[nH]nc1-c1cc2c(c(-c3csc4cc(-c5nnn[nH]5)ccc43)c12)C(c1ccc(Cl)cc1)C(c1ccc(Cl)cc1F)N(c1cc(Cl)cn(C2CC(,高毒,593.0783,84.56108,,
c1n[nH]nc1-c1cc2c(c(-c3cnccc3OC(=O)C(F)(F)F)c1)C(c1ccc(Cl)cc1)N(c1cc(Cl)cn(C3CC(O)(CO)C3)c1=O)C2=O,中毒,6.3808517,13.503714,0.18950532,4.185696154
c1n[nH]nc1-c1cc2c(n1-c1ccc(F)cc1F)C(c1ccc(Cl)cc1)N(c1cc(Cl)c(=O)n(C3CC(O)(F)C(C)(C)C3)c1=O)C2,高毒,593.0783,84.56108,,
c1n[nH]nc1-c1cc2c(n1-c1ccc(Cl)cc1F)c1c(c3ccc(F)cc3c1=O)C(c1ccc(Cl)cc1)N(c1cc(Cl)cn(C3CC(O)(CO)C3)c1=O,高毒,593.0783,84.56108,,
c1n[nH]nc1-c1cc2c(n1-c1ccc(Cl)cc1Cl)C(c1ccc(Cl)cc1)N(c1ccOC(Cl)C1)C31C(=O)Nc4ccc(Cl)cc4C3(C2)C1(Cl)Cl,高毒,593.0783,84.56108,,
c1n[nH]nc1-c1cc2c(c(-c3c[nH]c4ccccc34)c1)C(c1ccc(Cl)cc1)N(c1cc(Cl)cn(C3CC(O)(CO)C3)c1=O)C2,中毒,9.954332,9.719319,0.170825832,3.977051854
c1n[nH]nc1-c1cc2c(c(-c3c(Cl)cccc3Cl)c1)C(c1ccc(Cl)cc1)N(c1cc(Cl)cn(C3CC(O)(CO)C3)c1=O)C2=O,中毒,6.3808517,8.960914,0.182666877,3.916990494
c1n[nH]nc1-c1cc2c(c(-c3c(Cl)cccc3Cl)c1)C(c1ccc(Cl)cc1)N(c1cc(Cl)cn(C3CC(O)(CO)C3)c1=O)C2=O,中毒,6.3808517,8.960914,0.182666877,3.916990494
c1n[nH]nc1-c1cc2c(c(-c3ccnc(NCc4cc(O)cc(F)c4)c3)c1)C(c1cn(-c4ccc(OC(F)(F)F)cc4)nn3)c(-c3nc][nH]3)c,高毒,593.0783,84.56108,,
c1n[nH]nc1-c1ccc2nc(CN3CCCOCC3)n(-c3ccc(CS(=O)(=O)c4ccc(Cl)cc4)c(F)c3)c(=O)c2c1,低毒,7.612474,38.113914,0.292213704,2.935874064
c1n[nH]nc1-c1cc2n(c1-c1ccc(Cl)cc1)N(c1cc(Cl)cn(C3CC(O)(CO)C3)c1=O)C2=O,中毒,16.011526,14.418226,0.376581415,3.617001975
c1n[nH]nc1-c1cc2c(c(-c3c(Cl)cccc3Cl)c1)C(c1ccc(Cl)cc1)N(c1cc(Cl)cn(C3CC(O)(CO)C3)c1=O)C2=O,中毒,6.3808517,8.960914,0.182666877,3.916990494
c1n[nH]nc1-c1cc2c(c(-c3cc4c(s3)CN(Cc3cccc(-n5cnc6cc(F)cnc66)c4=S)nc2)CCNCC4)c1,高毒,593.0783,84.56108,,
c1n[nH]nc1-c1cc2c(cn1)c(Nc1ccc(Oc3ccc(F)cc3)cc1)c(-c1nc3c(s1)C(c1ccc(Cl)cc1)N(c1cc(Cl)cn(CO)c1=O)C5=,高毒,593.0783,84.56108,,
c1n[nH]nc1-c1cc2c(n1-c1cccnc1F)C(c1ccc(Cl)cc1)N(c1cc(Cl)cn(C3CC(O)(CO)C3)c1=O)C2=O,中毒,12.488247,11.513729,0.242546945,4.146911454
c1n[nH]nc1-c1cc2c(n1-c1ccc(Cl)cc1F)C(c1ccc(Cl)cc1)N(c1cc(Cl)cn(C3COC(=O)C3))c1=O,高毒,593.0783,84.56108,,
c1n[nH]nc1-c1cc2c(c(-c3c(Cl)cccc3Cl)c1)C(c1ccc(Cl)cc1)N(c1cc(Cl)cn(C3CC(CO)(CO)C3)c1=O)C2=O,中毒,15.809174,8.960914,0.168905906,3.960992397
c1n[nH]nc1-c1cnc2c(-c3csc(C4CC4O)c3)nc(-c3ccc4ncsc4c3)c(-c3ccccc3)c2c1,中毒,107.224304,17.544456,0.243572279,4.017917788
c1n[nH]nc1-c1cc2c(n1-c1cccc(Cl)c1Cl)C(c1ccc(Br)cc1)N(c1cc(Cl)cn(C3CC(O)(CO)C3)c1=O)C2=O,中毒,18.205946,11.513729,0.199236085,4.099647138
c1n[nH]nc1-c1csc(-c2ncc(-c3ccsc3C4CCCC3)cs2)c1=O,高毒,593.0783,84.56108,,
c1n[nH]nc1-c1cc2c(n1-c1ccc(F)cc1F)C(c1ccc(Cl)cc1)N(c1cc(Cl)cn(C3CC(O)(CO)C1)c1=O)C3=O,高毒,593.0783,84.56108,,
c1n[nH]nc1-c1cc2c(cc1-c1ccn4ncc(-c5cccc(-c6cnn(CCCN7CCCCC5)c5)c5)c34)nc(-c4cnccn4)c-3nc12,高毒,593.0783,84.56108,,
c1n[nH]nc1-c1cc2c(c(-c3ccn4c3CSC4)c1)C(c1ccc(Cl)cc1)N(c1cc(Cl)cnH]c1=O)C3=O,高毒,593.0783,84.56108,,
c1n[nH]nc1-c1cc2c(c(-c3cccnc3)c1)C(c1ccc(Cl)cc1)N(c1cc(Cl)cn(C3CC(O)(CO)C3)c1=O)C2=O,中毒,8.93265,8.960914,0.249435832,3.878811243
c1n[nH]nc1-c1cc2c(c(-c3cc[nH]c3=O)c1)c(C1CC(c3cc(F)ccc3F)=NN1c1cc3c(cc1)CCC3)C(c1ccc(Cl)cc1)C2c1ccc,高毒,593.0783,84.56108,,
c1n[nH]nc1-c1cc2c(c(-c3c(Cl)cccc3Cl)c1)CC(Nc1ccc(Cl)cc1)C(c1ccc(Cl)cc1)N(c1cc(Cl)cn(C3CC(O)C(O)C3)c1=O),高毒,593.0783,84.56108,,
c1n[nH]nc1-c1nc2c(-c3cc(NCCF)c4cc(C5OC(Cn6cccn6)C5O)ccc4n3CCO)ncc2s1,高毒,593.0783,84.56108,,
c1n[nH]nc1-c1cc2c(c(-c3cc(Sc4cc[nH]n4)nc(Cl)c3=O)C1(c1ccc(Br)cc1)c1ccc(F)cc1F)C(c1ccc(Cl)cc1)N(c1cc(Cl,高毒,593.0783,84.56108,,
c1n[nH]nc1-c1cc2c(n1-c1ccc(Cl)cc1)C(c1ccc(Cl)cc1)N(c1cc(Cl)cn(C3CC(O)(CO)C3)c1=O)C2=O,中毒,14.882899,11.513729,0.235038859,3.958725058
c1n[nH]nc1-c1cc2c(n1-c1ccc(F)cc1F)C(c1ccc(Cl)cc1)N(c1ccCl)c1cc(ccn1)C3,高毒,593.0783,84.56108,,
c1n[nH]nc1-c1cc2c(cc1-c1nc3cnc(-c4ccnn4CCc4ccncc4)cc3[nH]1)CN(CC1COC1F)CC2,中毒,11.574266,86.04975,0.27604,4.325302153
c1n[nH]nc1-c1cc2c(c(-c3ccc(Cl)cc3)c1)C(c1ccc(Cl)cc1)N(c1cc(Cl)c[nH]c1=O)C3=O,高毒,593.0783,84.56108,,
c1n[nH]nc1-c1cc2c(c(-c3c(Cl)cccc3Cl)c1)C(c1ccc(Cl)cc1)N(c1cc(Cl)cn(C3CC(O)(CO)C3)c13)C2=O,高毒,593.0783,84.56108,,
c1n[nH]nc1-c1nc2c(c3[nH]c(-c4ccco4)nc23)C(c2cn(-c3ccnc(C(F)(F)F)c3)c(=O)c4sccc4c23)C(F)(F)C(F)(F)C,高毒,593.0783,84.56108,,
c1n[nH]nc1-c1c[nH]c2nc3c(nc12)-c1ccco1,高毒,593.0783,84.56108,,
c1n[nH]nc1-c1cn2c(-c3cn[nH]c3)cnc2c(Nc2ccc(OCCN3CCOCC3)cc2)n1,中毒,17.001776,50.666634,0.311027827,3.043007689
c1n[nH]nc1-c1cc2c(n1-c1ccc(F)cc1F)C(c1ccc(Cl)cc1)N(c1cc(Cl)cn3nc(O)c(Cl)c13)C2=O,中毒,35.920673,15.502344,0.233378923,4.010938674
c1n[nH]nc1-c1cc2c(o1)C(c1cccc(Cl)c1Cl)N(c1cc(Cl)cn(C3CC(O)(CO)C3)c1=O)C2=O,中毒,13.3429985,20.735756,0.334314916,4.12058844
c1n[nH]nc1-c1cc2c(n1-c1ccc(F)cc1F)C(c1ccc(Cl)cc1F)N(c1cc(Cl)cn(C3(COC4CCOCC4)C3)c1=O)C3,高毒,593.0783,84.56108,,
c1n[nH]nc1-c1cc2c(n1-c1ccc(F)cc1)C(c1ccc(Cl)cc1)N(c1cc(Cl)cn(C3CC(O)(c6ccsc6)C5)c1=O)C2=O,高毒,593.0783,84.56108,,
c1n[nH]nc1-c1cc2c(c(-c3cc-n3ccc(Cl)c3=O)c1)C(c1ccc(Cl)cc1)N(c1cc(Cl)cn(C3CC(O)(CO)C3)c1=O)C2=O,高毒,593.0783,84.56108,,
c1n[nH]nc1-c1cc2c(c(-c3cccnc3C(F)(F)F)c12)C(c1ccc(Cl)cc1)N(c1cc(Cl)cn(C3CC(O)(CO)C3)c1=O)C2O=O,高毒,593.0783,84.56108,,
c1n[nH]nc1-c1cc2nc(N3CCC4(CCCC4)CC3)n(-c3cccc(C(=O)O)c3)c(=O)c2cc1F,低毒,71.45634,13.824899,0.44277972,3.419542133
c1n[nH]nc1-c1cn2c(1)c(Br)c(-c1ccc(O)cc1)c1n[nH]c(=O)c1-2,高毒,593.0783,84.56108,,
c1n[nH]nc1-c1cc2c(c(-c3cc(Br)c(Oc4cc(Cl)cc(Cl)c4)c3)c1)C(c1ccc(Cl)cc1)1c1c(Cl)cc(Cl)c(Cl)c1-3,高毒,593.0783,84.56108,,
c1n[nH]nc1-c1nc2c(Cl)ccc(Oc3ccc(Cl)cn3)c2c1C(F)(F)F,高毒,593.0783,84.56108,,
c1n[nH]nc1-c1cc2c(n1-c1ccc(Cl)cc1F)C(c1ccc(Br)cc1)N(c1cc(Cl)cn(C3CC(O)(CO)C3)c1=O)C2=O,中毒,12.488247,11.513729,0.216603914,4.074039633
c1n[nH]nc1-c1cc2c(c(-c3c(Cl)cncc3Cl)c1)C(c1ccc(Cl)cc1)N(c1ccCl)N(c3ccsc3)C3=C([NH])C(=O)C(C)(C)C3CC12,高毒,593.0783,84.56108,,
c1n[nH]nc1-c1cc2c(c(-c3ccc4oc(-c5cnc(-c6ccn[nH]6)cc5)cc4c3)nc2c1)C(O)(Cn1cncn1)c1ccc(F)cc1F,中毒,12.116894,34.286053,0.192985128,4.422903342
c1n[nH]nc1-c1cc2c(n1-c1cc(Cl)cc(Cl)c1)C(c1ccc(Cl)cc1)N(c1cc(Cl)cn(C3CC(O)(CO)C3)c1=O)C2=O,中毒,14.882899,11.513729,0.207895129,4.073964211
c1n[nH]nc1-c1cc2c(c(-c3c(Cl)cccc3Cl)c1)C(c1ccc(Cl)cc1)N(c1ccc(Cl)cc1)C3c1ccc(N4CCOCC4)c(OCC3CC3)c1C2,高毒,593.0783,84.56108,,
c1n[nH]nc1-c1cnc2cc(C(F)(F)F)c(-c3cnn4c(CC5CC5)c(-c5cncnc5)c(-c5cc6cccnc6n5)cc34)cc12,高毒,593.0783,84.56108,,
c1n[nH]nc1-c1cc2c(n1-c1ccc(Cl)cc1)C(c1cc(Cl)cc(Cl)c1+]1c2ccc(Cl)cc2C(F)(F)F)=NN=C1c1c(Cl)cccc1Cl,高毒,593.0783,84.56108,,
c1n[nH]nc1-c1cnn(-c2cnc(N3CCOCC3COc3nc4cccc(F)c4s3)cc2C2CCCN2C(=O)C2=NOC(CO)C2)c1,中毒,46.37223,19.032093,0.235857294,4.751249948
c1n[nH]nc1-c1cc2c(cn1)cnc1cc(-c3cnc(N4CC(O)C4)c(-c4c[nH]c(-c5cnn(C6(CO)CCC6)n5)c4)c34)cc12,高毒,593.0783,84.56108,,
c1n[nH]nc1-c1cc2c(c(-c3c(Cl)cccc3Cl)c1)C(c1ccc(Cl)cc1)N(c1cc(Cl)cn(C3CC(O)(CO)C3)c1=O)C2=O,中毒,6.3808517,8.960914,0.182666877,3.916990494
c1n[nH]nc1-c1cc2nc(-c3cnn4ncccc34)c(Nc3cc(Cl)ccc3Br)c2cc1OCc1ccccc1,高毒,593.0783,84.56108,,
c1n[nH]nc1-c1cc2c(c3nc(-c4cnn(C(=NC5CC5)c5)c4)c(-c4cc(Cl)c(OCCN5CCOCC5)cc4)c2c1)C(c1cccc(F)c1)C(c1c,高毒,593.0783,84.56108,,
c1n[nH]nc1-c1cc2c(n1-c1ccc(Cl)cc1)C(c1cccnc1)N(c1cc(Cl)cn(C3CC(O)(CO)C3)c1=O)C2=O,中毒,14.882899,11.513729,0.266700003,4.032124164
c1n[nH]nc1-c1cc2c(c(-c3ccnc(CN4CCOCC4)c3)c1)C(c1ccc(Cl)cc1)N(c1cc(Cl)cn(C3CC(O)(CO)C3)c1=O)C2=O,中毒,8.399355,10.425424,0.209051719,4.070095489
c1n[nH]nc1-c1cc2c(s1)C(c1ccc(Cl)cc1)N(c1cc(Cl)c(=O)n(C3CCOCC3)c1=O)C2,高毒,593.0783,84.56108,,
c1n[nH]nc1-c1cnc(Cl)c2c(NCc3ccc(I)c(Cl)c3)c(C=O)sc12,中毒,95.98413,20.31673,0.204818196,3.422098389
c1n[nH]nc1-c1cc2c(c(-c3c(Cl)cccc3Cl)c1)C(c1ccc(Cl)cc1)N(c1cc(Cl)cn(C3CC(O)(CO)C3)c1=O)C2=O,中毒,6.3808517,8.960914,0.182666877,3.916990494
c1n[nH]nc1Br]c1cc(-c2noc(C3CO3)n2)c(Cl)c(Nc2cccnc2)c1=O,高毒,593.0783,84.56108,,
c1n[nH]nc1-c1cc2c(n1O)c(Cl)c(-c1cc(Cl)cnc1Cl)c1nn(-c3cc[n+]([O-])cc34)cc12,高毒,593.0783,84.56108,,
c1n[nH]nc1-c1cc2c(n1-c1ccc(Cl)cc1)C(c1ccc(Cl)cc1)1c3c(cn(c2c1=O)CN(I)CC4)NC3,高毒,593.0783,84.56108,,
c1n[nH]nc1-c1nc2c(c(Nc3cc(F)c(OCC4COC4)cc3)n1)C1(CCCC1)C(c1ccc(Cl)cc1)N(c1cc-3cc(Cl)cc3)CC1=O,高毒,593.0783,84.56108,,
c1n[nH]nc1-c1cc2c(n1-c1ccc(Cl)cc1F)C(c1ccc(Cl)cc1)N(c1cc(Cl)cn(C3CC(O)(CO)C3)c1=O)C2=O,中毒,12.488247,11.513729,0.22687237,4.043844886
c1n[nH]nc1-c1cc2c(c(-c3c(Cl)cccc3Cl)c1)C(c1ccc(Cl)cc1)N(c1cc(Cl)cn(C3CC(O)(CO)C3)c1=O)C2=O,中毒,6.3808517,8.960914,0.182666877,3.916990494
c1n[nH]nc1-c1cc2c(c(-c3cn[nH]c3)c1)C(c1ccc(Cl)cc1)N(c1cc(Cl)cn(C3CC(O)(CO)C3)c1=O)C2=O,低毒,6.3808517,10.425424,0.227357742,4.032704772
c1n[nH]nc1-c1cc2sc3nc(NCc4cn(-c5ccccc5F)nn4)nc3c(Nc3ccccc3)c2c1,高毒,593.0783,84.56108,,
c1n[nH]nc1-c1cc2c(c(-c3nc6c(-c6cc(Cl)c(Cl)s6)cc(Cl)c5[nH](=O)c(=O)n(C6CC(O)C(O)C6)c5c4Cl)CC(C2)N3CC3)n,高毒,593.0783,84.56108,,
c1n[nH]nc1-c1nc2c(s1)C(c1ccc(Cl)cc1)N(c1cc(Cl)cn(C3CC(O)(CO)C3)c1=O)C2=O,中毒,59.929935,28.20462,0.350366078,3.995801841
c1n[nH]nc1-c1cc2c(n1-c1cc(Cl)cc(Cl)c1)C(c1ccc(Cl)cc1)N(c1cc(Cl)cn(C3CC3)c1=O)C2=O,中毒,22.121504,14.026334,0.229046737,3.802011448
c1n[nH]nc1-c1cc2c(n1-c1ccc(Cl)cc1F)C(c1ccF)N(c2ccc(Cl)cc2)C1(c1ccc(Cl)cc1)N(c1cc(Cl)cn(C3CC(O)C(O)C3)c,高毒,593.0783,84.56108,,
c1n[nH]nc1-c1cc2c(c(-c3cc(Cl)ccc3Cl)c2c1)C(c1ccc(Cl)cc1)N(c1cc(Cl)cn(C3CC(O)(CO)C3)c1=O)C2=O,高毒,593.0783,84.56108,,
c1n[nH]nc1-c1cc2c(c(-c3c[nH]c4nccc5ccccc45)c13)CN(c1cc(F)c(Br)c(F)c1)C3=O,高毒,593.0783,84.56108,,
c1n[nH]nc1-c1cc2c(n1-c1ccc(F)cc1F)C(c1ccc(Cl)cc1)N(c1cc(Cl)cn(C3CC4(O)C(O)C(O)C(O)C4)c3c1=O)C2,高毒,593.0783,84.56108,,
c1n[nH]nc1-c1cc2c(n1-c1ccc(F)cc1F)C(c1ccc(Cl)cc1)N(c1cc(Cl)cn(C3CC4(C)C(=O)N(C5CCC(O)CC5)C5)c3C(=O)C,高毒,593.0783,84.56108,,
c1n[nH]nc1-c1cc2c(n1-c1ccc(Cl)cc1F)C(c1ccc(Cl)cc1)N(c1cncn3cnc(C3CC3)c13)C2=O,中毒,18.339478,15.528323,0.32299973,5.801716879
c1n[nH]nc1-c1cc2c(n1-c1ccc(F)cc1F)C(c1ccc(Cl)cc1)N(c1ccc(Cl)cc1)C2,中毒,21.327534,23.107658,0.285749216,3.411184689
c1n[nH]nc1-c1cc2c(n3ncc(C4(CO)CCNC4)c(=O)c2c1F)C(c1ccc(Cl)cc1)N(Cc1ccc(Cl)cc1)C3=O,高毒,593.0783,84.56108,,
c1n[nH]nc1-c1cc2c(c(-c3cc4c([nH]3)c2)CN2CCC(Nc5ccc(F)c(F)c5)C(C2)N()C=O)CC1C4,高毒,593.0783,84.56108,,
c1n[nH]nc1-c1cc2n(c1=Nc1coc(-c3ccccc3F)n1)CN(Cc1ccc(Cl)c(Cl)c1)C3c1cc(Cl)ccc1-2,高毒,593.0783,84.56108,,
c1n[nH]nc1-c1cc(N2CCCl)nc(Oc2ccc(-c3csc4ncnc(N5CCCCC5)c34)c2)c1,高毒,593.0783,84.56108,,
c1n[nH]nc1-c1cc2c(c(-c3cc(Cl)cnc3Sc3ccc(Cl)cc3)c1)C(c1ccc(Cl)cc1)N(c1cc(Cl)cn(C3CC(NO)C(O)C3)c1=O)C2=O,中毒,26.303608,13.503714,0.111624975,4.833665828
c1n[nH]nc1-c1cc2c(c(-c3ccnc(N)c3)c1)C(c1ccc(Cl)cc1)N(c1cc(F)c(=O)n(C3CCC(O)(C(=O)O)C5)c3n1)C2,高毒,593.0783,84.56108,,
c1n[nH]nc1-c1cc2c(n1-c1ccc(Cl)cc1)C(c1ccc(Cl)cc1F)N(c1cc(Cl)cn(C3CC(O)(CO)C3)c1=O)C2=O,中毒,14.882899,11.513729,0.22687237,4.049524061
c1n[nH]nc1%11Nc1ccc(OCc2ccccc2Br)c(-c2ccsc2)c1,高毒,593.0783,84.56108,,
c1n[nH]nc1-c1cn2c(-c3cn[nH]c3)cnc2c1C1(CF)NC(c2ccc(Cl)cc2)N(c2ccOC(F)(F)c2)CC1c1ccc(C(F)(F)F)cc1,高毒,593.0783,84.56108,,
c1n[nH]nc1-c1cc2c(c(-c3c(Cl)cccc3Cl)n1)C(c1ccc(Cl)cc1)N(c1cc(Cl)cn(C3CC(O)(CO)C3)c1=O)C2=O,中毒,7.4282966,12.110745,0.1962146,3.979628956
c1n[nH]nc1-c1cc2c(-c3ccc(Oc4ccnc(NCc5ccc6(COC7COC7)c(F)c6)c5)nnc4c3)cnc2c1,高毒,593.0783,84.56108,,
c1n[nH]nc1C1CN(c2nc3c(cc2F)c(=O)c2c(=O)n(-c4c(F)c(F)c(F)c(F)c4F)c(N4CCOCC4)c(=O)n23)CC1,高毒,593.0783,84.56108,,
c1n[nH]nc1-c1cc2c(c(-c3c(Cl)cccc3Cl)c1)C(c1ccc(Cl)cc1)N(c1cc(Cl)cn(C3CC(O)(CO)(CO)C3)c1=O)C2=O,高毒,593.0783,84.56108,,
c1n[nH]nc1-c1cc2c(n1-c1ccc(Cl)cc1F)C(c1ccc(Cl)c(Cl)c1)N(c1cc(Cl)cn(C3CC(O)(CO)C3)c1=O)C2=O,中毒,15.540574,11.513729,0.201119225,4.109926802
c1n[nH]nc1-c1cc2c(c(-c3c(Cl)cccc3Cl)c1)C(c1ccc(Cl)cc1)N(c1cc(Cl)cn(C3CC(O)(CO)C3)c1=O)C2=O,中毒,6.3808517,8.960914,0.182666877,3.916990494
c1n[nH]nc1-n1cc2c(n1)C(c1ccc(Cl)cc1)N(c1cc(Cl)cn(C3CC(O)(CO)C3)c(=O)c1=O)C2,中毒,8.53919,10.930797,0.325345573,4.148715844
c1n[nH]nc1-c1cc2c(n1-c1cc(Cl)cc(Cl)c1)C(c1ccc(Cl)cc1)N(c1cc(Cl)cn(C3CC(O)(CO)C3)c1=O)C2=O,中毒,14.882899,11.513729,0.207895129,4.073964211
c1n[nH]nc1-c1cc2c(c(-c3ccnc(NS(=O)(=O)c4ccsc4)c3)c12)C[n+]1cccc2cc(Cl)cc(c23)C1,高毒,593.0783,84.56108,,
c1n[nH]nc1-c1cc2c(c(-c3ccc4cc5c(nc4c3)C2)C(=O)NC5=O)c1,中毒,9.480615,51.372765,0.65146376,4.865961405
c1n[nH]nc1-c1cc2c(-c3cn[nH]c3)nc(Br)c(Oc4cc5oc6cccc7c6cccc7c6nc-5c6cc4F)c3c2c1,高毒,593.0783,84.56108,,
c1n[nH]nc1-c1nc2c(n1-c1cc(Cl)c(Cl)cc1Cl)C(c1ccc(Cl)cc1)N(c1cc(Cl)cn(C3CC(O)(CO)C3)c1=O)C2[N+](=O)[O-],中毒,14.720647,13.466203,0.102626868,4.635872365
c1n[nH]nc1-c1cc2c(n1-c1ccc(F)cc1F)C(c1ccc(Cl)cc1)N(c1cc(Cl)cn(C3CC(O)(CO)C3)c1=O)C2=O,中毒,12.488247,11.513729,0.244621212,4.0385462
c1n[nH]nc1-c1cc2c(c(-c3cc(Cl)cc(Cl)c3)c1)C(c1ccc(Cl)cc1)N(c1cc(Cl)cn(C3CC(O)C(O)C3)c1=O)C2=O,中毒,6.3808517,8.960914,0.189108586,4.319520518
c1n[nH]nc1-n1nc2c(c1=O)C(c1ccccc1Br)N(c1cc(Cl)ccc1Cl)C2,高毒,593.0783,84.56108,,
c1n[nH]nc1-c1cc2c(c(-c3ccc4c(c3)OCO4)c1)CN(c1cc(Cl)cn(C3CC(O)(CO)C3)c1=O)C2=O,中毒,5.2941203,8.960914,0.346001636,3.448233194
c1n[nH]nc1-c1cc2c(n1-c1ccc(Cl)cc1)C(c1ccc(Cl)cc1)N(c1ccS(=O)(=O)NC3=O)C(C1)C2,高毒,593.0783,84.56108,,
c1n[nH]nc1-c1cc2c(n1-c1ccc(Br)cc1)C(c1ccc(Cl)cc1)N(c1cc(Cl)c(O)c(Cl)c1)C3=O,高毒,593.0783,84.56108,,
c1n[nH]nc1-c1cc2cc(-c3cccc(F)c3)c(NC3CCNC3)c(Cl)c2cc1Cl,高毒,12.402458,68.51398,0.390007828,3.420718748
c1n[nH]nc1-c1cc2n(c1)CCN(c1nc(-c3csc(-c4cccnc4)n3)n(-c3ccc(F)cc3)c1=O)CC2,高毒,593.0783,84.56108,,
c1n[nH]nc1-c1cc2c(c(-c3cn(-c4ccc(F)cn4)c4c(N5CCOCC5)c(F)ccc4c3=O)C1)C(c1ccc(Cl)cc1)N(c1cc(Cl)cn(C3CC,高毒,593.0783,84.56108,,
c1n[nH]nc1-c1cc2c(n1-c1ccc(Cl)cc1)C(c1ccc(Cl)cc1)N(c1cc(Cl)cn(C3CC(O)(CO)C3)c1=O)C2=O,中毒,14.882899,11.513729,0.235038859,3.958725058
c1n[nH]nc1-c1cc2c(c(-c3c[nH]c4ccc(Br)cc34)c1)C(c1ccc(Cl)cc1)N(c1cc(Cl)cn(C3CC(O)(CO)C3)c1=O)C2=O,中毒,7.6477833,8.519041,0.151164098,4.026474179
c1n[nH]nc1-c1cc2c(c(-c3c(C(F)(F)F)ccc(C(F)(F)F)c4=O)nn(Cc4ccncc4Cl)c(=O)c3c12)COC(=O)c1cc(OCC(F)(F),高毒,593.0783,84.56108,,
c1n[nH]nc1-c1cc2c(c(-c3ccc(Cl)cc3)c1)C(c1csc(Nc4ccc(Cl)cc4)c13)C(c1ccc(Cl)cc1)N(c1cc(Cl)cn(C)c1=O)C3=O,高毒,593.0783,84.56108,,
c1n[nH]nc1-c1cc2c(n1-c1ccc(Cl)c(Cl)c1)C(c1ccc(Cl)cc1)N(c1cc(Cl)cn(C3CCC(O)CC3)c1=O)C2=O,中毒,31.338547,11.513729,0.204717119,3.879335243
c1n[nH]nc1-c1nc2c(c(-c3csc(-c4nc(-c5ccccc5)no4)c3)c2C(c2ccc(Cl)cc2)N(c2cc(Cl)cn(CC4CC4)c2=O)C3c2ccc(,高毒,593.0783,84.56108,,
c1n[nH]nc1-c1cc2c(c(-c3cc(Cl)c(Cl)cc3OCCCOP3(=O)OCC5(CO5)C3)c1)C(o1)C(C3)N([O])C2,高毒,593.0783,84.56108,,
c1n[nH]nc1-c1cn2c(-c3ccnc(-c4cc(CN5CCOCC5)c(C(F)(F)F)c4)c3)cc(-c3ccccc3)cc2n1,高毒,593.0783,84.56108,,
c1n[nH]nc1-c1cc2c(c(-c3c(Cl)cccc3Cl)c1)C(c1ccsc1)N(c1cc(Cl)cn(C3CC(O)(CO)C3)c1=O)C2=O,中毒,6.3808517,8.960914,0.202435492,4.061279286
c1n[nH]nc1-c1cc2c(n1-c1ccc(Cl)cc1F)C(c1ccc(Cl)cc1)N(c1cc(Cl)cn(C3CC(O)C(O)C3)c1=O)C2=O,中毒,12.488247,11.513729,0.234878019,4.426733326
c1n[nH]nc1-c1cc2c(n1-c1ccc(F)cc1)c1cc(Br)c(Sc3ccc(-c4ccc(Cn5cnc6cc(Cl)cnc67)cc5=O)nc43)cc12,高毒,593.0783,84.56108,,
c1n[nH]nc1-c1cc2c(c(-c3cccc(-c4nc5cc(-c6ccncn6)ccc5o5)n4)C(c4ccc(Cl)cc4)C2C(c2ccc(Cl)cc2Cl)NC3c2ccc(Cl,高毒,593.0783,84.56108,,
c1n[nH]nc1-c1cc2c(n1-c1ccc(Cl)cc1F)C(c1ccc(Cl)cc1)N(c1cc(Cl)cn(C3CC(O)(CO)C3)c1=O)C2=O,中毒,12.488247,11.513729,0.22687237,4.043844886
c1n[nH]nc1-c1cnc2[nH]c(-c3cc5[nH]cc(-c6cccc(F)c6)c5c4)cc3c(=O)c2c1,高毒,593.0783,84.56108,,
c1n[nH]nc1-c1cc2c(n1-c1ccc(Cl)cc1Cl)C(c1ccc(Cl)cc1)N(c1cc(Cl)cn(C3CC(O)(CO)C3)c1=O)C2,中毒,24.385923,11.513729,0.200351088,4.058005414
c1n[nH]nc1-c1cc2c(n1-c1ccc(F)cc1F)C(c1ccc(Cl)cc1)N(c1cc(Cl)cn(C3CC(O)(CO)C3)c1=O)C2=O,中毒,12.488247,11.513729,0.244621212,4.0385462
c1n[nH]nc1-c1cc2c(n1-c1ccc(Cl)cc1F)C(c1ccc(Cl)cc1)N(c1cc(Cl)cn(C3CC(O)(CO)C3)c1=O)C2=O,中毒,12.488247,11.513729,0.22687237,4.043844886
c1n[nH]nc1-c1-c1ccnc2c(-c3cccnc3)n[nH]c12,高毒,593.0783,84.56108,,
c1n[nH]nc1-c1ccc(-c2c[nH]c3ncc4c(c23)CCN(Cc2cccs2)C4C4=O)cc1,高毒,593.0783,84.56108,,
c1n[nH]nc1-c1cc2c(n1-c1ccc(Cl)cc1Cl)C(c1ccc(Cl)cc1)N(c1cc(Cl)cn(C3CC(O)(CO)C3)c1=O)C2=O,中毒,18.205946,11.513729,0.207895129,4.033490665
c1n[nH]nc1-c1cc2c(n1-c1ccc(Br)cc1F)C(c1ccc(Cl)cc1)N(c1nc(Cl)cn(C3CC3)c1=O)C2,中毒,17.475342,22.077744,0.241643307,3.87097036
c1n[nH]nc1-n1nc2c(1O)CN(c1nc3ccccc3s1)C(c1ccc(Br)cc1)C1(c3ccc(Cl)cc3OCc3cscc31)C2,高毒,593.0783,84.56108,,
c1n[nH]nc1-c1cc2c(n1-c1ccc(F)c(Cl)c1)C(c1ccc(Cl)cc1)N(c1cc(Cl)cn(C3CC(O)(CO)C3)c1=O)C2=O,中毒,14.882899,11.513729,0.22687237,4.04484226
c1n[nH]nc1-c1cc2c(n1-c1cc(F)cc(Cl)c1)C(c1ccc(Cl)cc1)N(c2ccc(Cl)cc1)C3c1ccc(Cl)cc1,高毒,593.0783,84.56108,,
c1n[nH]nc1-c1cc2c(n1-c1ccc(Cl)cc1F)C(c1ccc(Cl)cc1)N(c1cc(Cl)cn(C3CC(O)(CO)C3)c1=O)C2,中毒,15.763229,11.513729,0.21970014,4.06853078
c1n[nH]nc1-c1cc2c(n1-c1ccc(F)cc1)C(c1ccc2c(c1)OCO3)N(c1cc(Cl)cn(C)c1=O)C3,中毒,33.91512,13.466203,0.364964523,5.3148968
c1n[nH]nc1-c1cc2c(n1-c1ccc(Cl)cc1)C(c1ccc(Cl)cc1)N(c1ccCl)C1(C3CCC1)C3,高毒,593.0783,84.56108,,
c1n[nH]nc1-c1cc2c(n1-c1ccc(Cl)cc1)C(c1ccc(Cl)cc1)N(c1cc(Cl)cn(C3CC(O)(CO)C3)c1=O)C2=O,中毒,14.882899,11.513729,0.235038859,3.958725058
c1n[nH]nc1-c1cc2c(c(-c3c(Cl)cccc3Cl)c1)C(c1ccc(Cl)cc1)N(c1cc(Cl)cn(C3CC(O)C(O)C3)c1=O)C2=O,中毒,6.3808517,8.960914,0.189108586,4.301943535
c1n[nH]nc1-c1cc2c(n1-c1ccc(F)cc1F)C(c1ccc(Cl)cc1)N(c1cc(Cl)cn(C3CC(O)(CO)C3)c1=O)C2=O,中毒,12.488247,11.513729,0.244621212,4.0385462
c1n[nH]nc1-c1cc2nc(-c3ccon3)[nH]c(=O)c2c(Oc2ccccc2Cl)c1=O,高毒,593.0783,84.56108,,
c1n[nH]nc1-c1c(F)c(-c2cc(Cl)c(Nc3ccnc(C4CC4)c3)c(Cl)c2)nc2cc(OCCOC(=O)N3C(=O)OCC3CO)cc12,高毒,593.0783,84.56108,,
c1n[nH]nc1-c1cc2c(c(-c3n[nH]c4ccccc34)n1)C(c1ccc(Cl)cc1)N(c1cc(Cl)cn(C3CC(O)(CO)C3)c1=O)C2=O,中毒,11.688109,13.503714,0.200755404,4.065171025
c1n[nH]nc1-c1cc2c(n1-c1ccc(Cl)cc12)c1[nH]c2cc(F)ccc2c1C(c1cscn1)N1CC(Oc2ccnc3cc(Cl)ccc23)C1,中毒,5.773285,9.114193,0.17210228,5.093169512
c1n[nH]nc1-c1cc2c(n1-c1ccc(F)cc1)C(c1ccc(Cl)cc1)N(c1cc(Cl)cn(C3CC(O)(Cn4cncn4)c5ccc(F)cc54)c3c1)C2,高毒,593.0783,84.56108,,
c1n[nH]nc1-c1cc2c(n1-c1ccc(F)cc1)C(c1ccc(Cl)cc1)N(c1cc(Cl)cn(C34CC(O)(CO)CC4)c1=O)C(c1ccc(Cl)c(Cl)c1)C,高毒,593.0783,84.56108,,
c1n[nH]nc1-c1cnc2c(NC5CC4CC4C3Cl)cc(-c3cncnc3)nc2c1,高毒,593.0783,84.56108,,
c1n[nH]nc1-c1cc2c(n1-c1ccc(F)cc1F)C(c1ccc(Cl)cc1)N(c1cc(Cl)cn(C3CC(O)(CO)C3)c1=O)C2=O,中毒,12.488247,11.513729,0.244621212,4.0385462
c1n[nH]nc1-c1cc2c(c(S(=O)(=O)c3cccnc3)c1)CN(c1cnc3c(c1)CCCN3S(=O)(=O)c1ccc(F)c(F)c1)C2,中毒,27.695436,12.257585,0.292651743,3.398069315
c1n[nH]nc1-c1nc2c(c(N3CCC1c3ccc(F)cc3F)c1)C(c1ccc(Cl)cc1)N(c1cc(Cl)cn(C3CC(O)(CO)C3)c1=O)C4=O,高毒,593.0783,84.56108,,
c1n[nH]nc1-c1cc2c(c(-c3c(Cl)cccc3Cl)c1)C(c1ccc(Cl)cc1)N(c1cc(Cl)cn(C3CC(O)(CO)C3)c1=O)C2=O,中毒,6.3808517,8.960914,0.182666877,3.916990494
c1n[nH]nc1-c1cc2c(n1-c1ccc(F)cc1F)C(c1ccc(Cl)cc1)N(c1cc(Cl)cn(C3CC(O)(CO)C3)c1=O)C2=O,中毒,12.488247,11.513729,0.244621212,4.0385462
c1n[nH]nc1-c1cc2n(c(=O)c1=O)CCN(c1cc(-n3cc4cnc5[nH]ncc5c47)ccc31)C2,高毒,593.0783,84.56108,,
c1n[nH]nc1-c1cc2c(c(-c3ccc(Cl)cc3)c1)C(c1ccc(Cl)cc1)N(c1cc(Cl)cn(C3CC(O)(CO)C3)c1)C2=O,高毒,593.0783,84.56108,,
c1n[nH]nc1-c1cc2c(n1-c1cc(F)cc(F)c1)C(c1ccc(Cl)cc1)N(c1cc(Cl)cn(C3CC(O)C(O)C1)c1=O)C3=O,高毒,593.0783,84.56108,,
c1n[nH]nc1-c1cc2c(n1-c1ccc(Cl)cc1F)C(c1ccc(Cl)cc1)N(c1cc(Cl)cnC3CC1)C3=O,高毒,593.0783,84.56108,,
c1n[nH]nc1-c1cc2c(n1-c1ccc(Cl)cc1Cl)C(c1ccc(Cl)cc1)N(c1cc(Cl)cn(c1=O)C1CC1)C3=O,高毒,593.0783,84.56108,,
c1n[nH]nc1-c1cc2c([nH]c1=O)C(c1ccsc1)N(c1cc(Cl)cn(C3CC(O)C(O)C3)c1=O)C2=O,中毒,13.216523,12.087409,0.315732165,4.550891758
c1n[nH]nc1-c1cc2c(n1-c1nc3c(o1)C(c1ccc(Cl)cc3)N(c4cc(Cl)c(=O)c(C(F)(F)F)c1)C6c1ccsc1)CC(C#N)(C3)C2,高毒,593.0783,84.56108,,
c1n[nH]nc1-c1nc2c(c(N3CCC(c4c(F)cc(F)cc4F)CC3)n1)C(O)(c1cc(F)cc(F)c1)C(N)=C2c1c[nH]c2cc(F)cc(F)c12,中毒,65.763504,9.088881,0.161444685,4.311055991
c1n[nH]nc1-c1cnc(-c2cncc(Oc3ccc(CP4(=O)OC5CC6CC(C5)N(CC6CC6)C6)cc45)c3n2)c1,高毒,593.0783,84.56108,,
c1n[nH]nc1-c1cc2c(n1-c1ccc(Cl)cc1)C(c1ccc(Cl)cc1)N(c1cc(Cl)cn(C3CC(O)(CO)C3)c1=O)C2=O,中毒,14.882899,11.513729,0.235038859,3.958725058
c1n[nH]nc1-c1cnc2c(c1)C(Cl)(c1ccc(Cl)cc1)(c1ccc(Cl)cc1)N(c1cc(Cl)cn(C3CC(O)C(O)C3)c1=O)C3=O,高毒,593.0783,84.56108,,
c1n[nH]nc1-c1cc2c(-c3ccn[nH]3)nc(Cl)c(N3CCOCC3)c2c1Cl,高毒,593.0783,84.56108,,
c1n[nH]nc1-c1cc2n(c1-c1ccc(C=Cc3cc(C(F)(F)F)c(OC(F)F)c3)c(Cl)cc13)C(c1ccc(Cl)cc1)N(c1cc(Cl)cn(C3CC4(C,高毒,593.0783,84.56108,,
c1n[nH]nc1-c1cc2c(n1-c1ccc(Cl)cc1)C(c1ccc(Cl)cc1)N(c1cc(Cl)cn(C3CC(O)(CO)C3)c1=O)C2=O,中毒,14.882899,11.513729,0.235038859,3.958725058
c1n[nH]nc1-c1cc2c(c(N3CCOCC3CN3CCC3)n1)C(c1ccc(Cl)cc1)N(c1cc(Cl)cs1)C3=O,高毒,593.0783,84.56108,,
c1n[nH]nc1-c1cc2c(n1-c1nc3cc(F)ccc-3s1)C(c1ccc(Cl)cc1)N(c1cc(Cl)cn(C3CC(O)(CO)C3)c1=O)C2=O,中毒,38.99518,12.110745,0.217519887,4.156508907
c1n[nH]nc1-c1cc2c(c(-c3nc(-c4ccncc4F)cc4c(Cl)cccc34)c1)C(c1ccc(Cl)cc1)N(c1cc(Cl)cn(C3CC(O)(CO)C3)c1=O,高毒,593.0783,84.56108,,
c1n[nH]nc1-c1cc2c(c(-c3c(F)cccc3Cl)c1)C(c1ccc(Cl)cc1)N(c1cc(Cl)cn(C3C(Cl)C(O)C(O)C5O)c3=O)c1C2,高毒,593.0783,84.56108,,
c1n[nH]nc1-c1c(Oc2ccc(Cl)nc2F)nc(N2CCOCC2)cc1=NOCCO,高毒,593.0783,84.56108,,
c1n[nH]nc1-c1cc2c(n1-c1ccc(Cl)cc1Cl)C(c1ccc(Cl)cc1)N(c1(cCl)Cl)C(c1ccc(Cl)cc1)N(c1cc(Cl)cn(C3CC4(C(=O)N5C,高毒,593.0783,84.56108,,
c1n[nH]nc1-c1cc2c(n1-c1ccc(Cl)cc1)C(c1ccc(Cl)cc1)N(c1cc(Cl)cnCl)c1C2c1ccc(-n7ccc(NS(=O)(=O)c4ccc(C(C)(,高毒,593.0783,84.56108,,
c1n[nH]nc1-c1cc2c(c(-c3cnn4nc(-c5cnccn5)cc34)cn3c2CCN(S(C)(=O)=O)C3)c1,高毒,593.0783,84.56108,,
c1n[nH]nc1-c1cc2c(n1-c1ccc(F)cc1F)C(c1ccc(Cl)cc1)N(c1cc(Cl)cn(C3CC(O)(CO)C3)c1=O)C2=O,中毒,12.488247,11.513729,0.244621212,4.0385462
c1n[nH]nc1-c1cn2nc(-c3cnn6ccc(-c5ccoc5CNCC6C=CCC6)c(4)c33)cc2n1,高毒,593.0783,84.56108,,
c1n[nH]nc1-c1cc2c(c(-c3c(Cl)cc(F)cc3Cl)c1)C(c1ccc(Cl)cc1)N(c1cc(Cl)cn(C3CC(O)C(O)(CO)C3)c1=O)C2=O,中毒,6.3808517,8.960914,0.162386453,4.745412358
c1n[nH]nc1-c1cc2c(n1-c1ccc(Cl)cc1F)C(c1ccc(Cl)cc1)N(c1cc(Cl)cn(C3CC(F)(F)C3)c1=O)C2=O,中毒,17.475342,14.026334,0.218273333,4.011116539
c1n[nH]nc1-c1ccc(Nc2ncc3c(n2)-c2c(c(C(N)=O)nn2-c2cc(Cl)c(N5CCOCC5)cc2OCc4c(Cl)cccc24)CC3)cc1,高毒,593.0783,84.56108,,
c1n[nH]nc1-c1cc2cc(Oc3ccc4c5c(n(O)c4c3)C3(CC3)C(=O)N(c3nccs3)C5=O)cnc2c1,高毒,593.0783,84.56108,,
c1n[nH]nc1-c1cc2c(c(-c3cc(Cl)ccc3OC(F)(F)F)c1)C(c1ccc(Cl)cc1)N(c1cc(Cl)cn(C3CC(O)C(O)C3)c1=O)C2=O,中毒,6.3808517,13.447941,0.171887164,4.435027188
c1n[nH]nc1-c1cc2n(c1)CC(NCc1noc(=O)[nH]1)C(c1cc(Cl)cc(Cl)c1)N(c1cc(Cl)c(=O)=O)C(C1)c1cc(F)c(F)cc12,高毒,593.0783,84.56108,,
c1n[nH]nc1-c1ccc2[nH]c(-c3cc4n(c3-c3cc[nH]n3)S(=O)(=O)c3cc(Br)ccc34)nc2c1,中毒,15.933787,18.636288,0.311585582,3.688302771
c1n[nH]nc1-c1cc2c(c(-c3c(Cl)cccc3Cl)c1)C(c1ccc(Cl)cc1)N(c1cc(Cl)cn(C3CC(O)(CO)C3)c1=O)C2=O,中毒,6.3808517,8.960914,0.182666877,3.916990494
c1n[nH]nc1-c1cc2[nH]c(SCc3ccccc3C(F)(F)F)nc2c1,高毒,593.0783,84.56108,,
c1n[nH]nc1-c1cc2c(n3nc(-c4ccc5[nH]c(-c6cn[nH]c6)cc5c4=O)c(-c4ccc(Cl)cc4)c(-c4ccc(OCc5cc(F)c6oc(=O)[,高毒,593.0783,84.56108,,
c1n[nH]nc1-c1cc2c(c(-c3ccc(C(F)F)cn3)c1)C(c1ccc(Cl)cc1)N(c1cc(C3CC3)n(C3CC(S(=O)(=O)C5CC5)CC4)c3n1),高毒,593.0783,84.56108,,
c1n[nH]nc1-c1cc2n(c1-c1ccc(Cl)cc1)C(c1cccN(c3cccc(Br)c3)c1)C(c1cc4c(nn3)CCN(CC3CC3)C1)=N3,高毒,593.0783,84.56108,,
c1n[nH]nc1-c1nc2c(n1-c1ccc(Cl)cc1I)C(c1ccc(Cl)cc1)N(c1cc(Cl)cn(C3CC(O)(CO)C3)c1=O)C2=O,中毒,38.99518,34.717995,0.202259971,4.172467775
c1n[nH]nc1-c1cc2c(n1-c1ccc(c(F)c1)c1sccc1c1=O)C(O1)c1cc(Cl)cc(Cl)c1,高毒,593.0783,84.56108,,
c1n[nH]nc1-c1ccc2nc(-n3cc(CN4CC(c5ccncc5I)C4)c(-c4ccncc4)n3)c(-c3ccsc3)cc2c1,中毒,4.785197,22.663794,0.188066728,3.403306988
c1n[nH]nc1-n1cc2c(n1)CC(c1ccc(Br)cc1F)=Nc1c1cc(c(F)cc1F)N(c1cc(F)c(F)c(F)c1)C2=O,高毒,593.0783,84.56108,,
c1n[nH]nc1-c1cc2c(n1-c1ccc(Cl)cc1F)C(c1ccc(Cl)cc1)N(c1cc(Cl)cn(C3CC(O)(CO)C3)c1=O)C2=O,中毒,12.488247,11.513729,0.22687237,4.043844886
c1n[nH]nc1-c1cc2c(c(-c3cc(Br)c(Br)c(Br)c3)c1)C(c1cccnc1)N(c1cc(Cl)cn(C3CC(O)(CO)C3)c1=O)C2=O,中毒,6.3808517,8.519041,0.167877464,4.182986099
c1n[nH]nc1-c1cc2c(c(-c3c(Cl)ccc(F)c3F)c1)C(c1ccc(Cl)cc1)N(c1cc(Cl)cn(C3CC(O)(CO)C3)c1=O)C2=O,中毒,6.3808517,8.960914,0.179322845,4.013109883
c1n[nH]nc1-c1cc2c(cc1N1CCc3cc(F)cc(F)c3c1)C(c1ccc(F)cc1F)N(c1cc(Cl)cn(C3CC(O)(CO)C3)c1=O)C2=O,高毒,593.0783,84.56108,,
c1n[nH]nc1-c1cc2c(c(-c3c(F)cccc3F)c1)C(c1ccc(Cl)cc1)N(c1cc(Cl)cn(C3CC(O)C(O)(C5O)C5)c3=O)c1C2=O,高毒,593.0783,84.56108,,
c1n[nH]nc1-c1cc2c(n1-c1ccc(Cl)cc1Cl)C(c1ccc(Cl)cc1)N(c1cc(Cl)cn(C3CC(O)(CO)C3)c1=O)C2=O,中毒,18.205946,11.513729,0.207895129,4.033490665
c1n[nH]nc1-c1cc2c(n1-c1ccc(F)cc1F)C(c1ccc(Cl)cc1)N(c1cc(Cl)cn(C3CCN(CCO)CC3)c1=O)C3=O,高毒,593.0783,84.56108,,
c1n[nH]nc1-c1cc2c(n1-c1ccc(Cl)cc1Cl)C(c1ccc(Cl)cc1)N(c1cc(Cl)cn(C3CC(O)(CO)C3)c1=O)C2=O,中毒,18.205946,11.513729,0.207895129,4.033490665
c1n[nH]nc1-c1cc2c(n1-c1ccc(Cl)cc1F)C(c1ccc(Cl)cc1)N(c1cc(Cl)cn(C3CC(O)(CO)C3)c1=O)C2=O,中毒,12.488247,11.513729,0.22687237,4.043844886
c1n[nH]nc1-c1cn2c(-c3ccc4c(n3)-c3c([nH]c5ncncC55)nc3c3c-4c3c(F)cc(F)cc3F)nc(-c3cc1nccc5[nH]cc35)c(,高毒,593.0783,84.56108,,
c1n[nH]nc1-c1cc2c(c(-c3csc(-c4cc[nH]n4)c3=O)n1)C(c1ccc(Cl)nc1)N(c1cc(Cl)cn(C3CC(O)(CO)C3)c1=O)C2=O,高毒,593.0783,84.56108,,
c1n[nH]nc1-c1cc2c(c(-c3c(Cl)cccc3Cl)c1)C(c1ccc(Cl)cc1)N(c1cc(Cl)cn(C3CC(O)(CO)C3)c1=O)C2=O,中毒,6.3808517,8.960914,0.182666877,3.916990494
c1n[nH]nc1-c1cc2c(n1-c1ccc(F)cc1F)C(c1ccc(Cl)cc1)N(c1cc(Cl)cn(C3CC(O)(CO)C3)c1=O)C2=O,中毒,12.488247,11.513729,0.244621212,4.0385462
c1n[nH]nc1-c1nc2c(c(-c3csc(C4(C(F)(F)F)CC4)n3)n1)C(c1ccc(Cl)cc1)N(c1cc(Cl)cn(C4CC(O)(CO)C4)c1=O)C32,高毒,593.0783,84.56108,,
c1n[nH]nc1-c1cc2n(c1-c1cc3c(-c4cnn(C5CCOCC5)c5)c(OC5CCNC5)nc3c1)C(O)(CCN(CCO)CC2)C3,高毒,593.0783,84.56108,,
c1n[nH]nc1-c1cc2c(cc1N1C(=O)c3cc(S(=O)(=O)Nc4nccs4)ccc31)C1(c3cc4c(s3)CCOC4)CCN(C1)C2,中毒,28.345415,18.222574,0.273111552,5.23164545
c1n[nH]nc1C12CN(c3nc4c(c(=O)[nH]c(=O)n4C4CCOC4)c3c1)C(c1ccc(-c3ccsc3)cc1)C2c1onnc1C(F)(F)F,中毒,28.345415,13.503714,0.28421556,6.091000127
c1n[nH]nc1-c1cc2c(n1-c1ccc(F)cc1F)C(c1ccc(Cl)cc1)N(c1cc(Cl)cn(C3CC4(O)C(O)C(O)C(O)C4)c3c1=O)C2,高毒,593.0783,84.56108,,
c1n[nH]nc1-c1cc2c(n1-c1ccc(F)cc1)C(c1ccc(Cl)cc1)N(c1cc(Cl)cn(C3CC(O)(CO)C3)c1=O)C2=O,中毒,14.882899,11.513729,0.252765996,3.961679667
c1n[nH]nc1-c1cc2c(c(-c3c(F)cccc3F)c1)C(c1cccs1)N(c1cc(Cl)cn(C3CC(O)(CO)C3)c1=O)C2=O,中毒,6.690411,8.519041,0.242334674,4.02755303
c1n[nH]nc1-c1cc2c(n1-c1ccc(Cl)cc1)C(c1ccc(Cl)cc1)N(c1cc(Cl)cn(C3CC(O)(CO)C3)c1=O)C2=O,中毒,14.882899,11.513729,0.235038859,3.958725058
c1n[nH]nc1-c1csc2c(-c3ccn(-c4cnc5cc(OCCN6CCOCC6C)cc5)cc(O)c34)cc(C3CCOCC3)c12,高毒,593.0783,84.56108,,
c1n[nH]nc1-n1nc2c(c1C(=O)N1CCc3c(F)cccc31)C(c1ccc(Cl)cc1F)N(c1cc(Cl)cn(C(CO)c4cccnc4)c1=O)C3,高毒,593.0783,84.56108,,
c1n[nH]nc1-c1cc2c(c(-c3cnc4ccnn34)c1)C(c1ccc(Cl)c(Cl)c1)N(c1cc(Cl)cn(C3CC(O)(CO)C3)c1=O)C2=O,高毒,593.0783,84.56108,,
c1n[nH]nc1-c1nc2c(n1-c1ccc(-c3ccc(C4=NCC(C56NC6C8(Br)C6C6)cc4)C5)c1)C(c1cccc(Cl)c1)(c1ccc(Cl)cc3)C(F),高毒,593.0783,84.56108,,
c1n[nH]nc1-c1noc(C2(c3ccnn3C3CCCN3)CC2)c1=O,高毒,593.0783,84.56108,,
c1n[nH]nc1-c1cc2c(n1-c1ccc(F)cc1)C(c1ccc(Cl)cc1)N(c1cc(Cl)cn(C3CC(O)(CO)C3)c1=O)C2=O,中毒,14.882899,11.513729,0.252765996,3.961679667
c1n[nH]nc1-c1cc2c(c(-c3c(Cl)cccc3Cl)c1)C(c1ccc(Cl)cc1)N(c1cc(Cl)cn(C3CC(O)(CO)C3)c1=O)C2=O,中毒,6.3808517,8.960914,0.182666877,3.916990494
c1n[nH]nc1-c1cc2c(c(-c3cc(Oc4ccsc4)cc(Oc4cccc5ccccc45)c3)c1c(No)c1=O)N(c1cc(Cl)cc(Cl)c1)C3c1ccc(C(F),高毒,593.0783,84.56108,,
c1n[nH]nc1-c1cc2n(c1-c1ccc(Cl)cc1)C(c1ccc(Cl)cc1)N(c1cc(Cl)cn(C3CC(O)(CO)C3)c1=O)C2=O,中毒,19.951618,13.503714,0.230978464,4.013029445
c1n[nH]nc1-c1cc2c(n1-c1ccc(Cl)cc1F)C(c1ccc(Cl)cc1)N(c1cc(Cl)cn(C3CC(O)(CO)C3)c1=O)C2=O,中毒,12.488247,11.513729,0.22687237,4.043844886
c1n[nH]nc1-c1cc2c(c(-c3c(F)cccc3Cl)c1)C(c1ccc(Cl)cc1Cl)N(c1cc(Cl)cn(C3CC(O)(CO)C3)c1=O)C2=O,中毒,7.487971,8.960914,0.17785186,4.017661806
c1n[nH]nc1-c1cc2c(n1-c1ccc(Cl)cc1F)C(c1ccc(Cl)cc1)N(c%112cc(Cl)nc(Cl)c1)C3c1ccnn1CCO3,高毒,593.0783,84.56108,,
c1n[nH]nc1-c1cc2c(c(-c3cc[nH]c3=O)c1)C(c1ccc(Cl)cc1)N(c1cc(Cl)cn(C3CC(O)(CO)C3)c1=O)C2=O,高毒,593.0783,84.56108,,
c1n[nH]nc1-c1cc2c(c(-c3cn(-c4ccnc(C(F)(F)F)n4)n3)CSC3)nc12,高毒,593.0783,84.56108,,
c1n[nH]nc1-c1cc2n(c1Nc1cc(Cl)c(Cl)cc1F)C(c1ccc(Cl)cc1)N(c1cc(Cl)cn(C3CC(O)(CO)C3O)c1=O)C2=O,中毒,67.017,33.968105,0.144061869,4.911117749
c1n[nH]nc1-c1cc2cc(C3CCOC3)cc(NC34OC5CC(CC(C5)[O-])C3C4)c2n1,高毒,593.0783,84.56108,,
c1n[nH]nc1-c1cc2c(n1-c1ccc(Cl)cc1)C(c1ccc(Cl)cc1)N(c1cc(Cl)cn(Cl)c1=O)C3c1ccccc1,高毒,593.0783,84.56108,,
c1n[nH]nc1-c1cc2c(c(-c3ccc(COc4ccc(-c5cc6ccccc6o5)cc4)o3)C(c3ccc(Cl)cc3)N2c2ccc3[nH]cnc5c3)C(c3cccc,高毒,593.0783,84.56108,,
c1n[nH]nc1-c1cc2c(n1-c1ccc(F)cc1F)C(c1ccc(Cl)cc1)N(c2cc(Cl)cn(C3CC(O)(CO)C3)c1=O)C2=O,高毒,593.0783,84.56108,,
c1n[nH]nc11C2CCN(Cc3cnc(-c4cccs4)n3-c3ccc(-c4nn[nH]n4)cc3)C(C1)C2,高毒,593.0783,84.56108,,
c1n[nH]nc1-c1cc2c(n1-c1ccc(Cl)cc1Cl)C(c1ccc(Cl)cc1)N(c1cc(Cl)cn(C4CC(O)(CO)C4)c1=O)C2=O,中毒,18.205946,11.513729,0.207895129,4.033490665
c1n[nH]nc1-c1cc2c(nc1-c1ccc(F)cc1Cl)C(c1ccc(Cl)cc1Cl)N(c1ccCl)C2,高毒,593.0783,84.56108,,
c1n[nH]nc1-c1cc2c(c(-c3cc(Cl)c(O)c(Cl)c3)c1)C1=C(N=O)C(N2C4CC5CC()C(C4)C3C4)C(CNC2)C1,高毒,593.0783,84.56108,,
c1n[nH]nc1-c1cc2c(c(-c3c(Cl)cccc3Cl)c2)C(c2ccc(Cl)cc2)N(c2ccc(Cl)c(Cl)c2)C(c2ccc(Cl)cc2)C(C(=O)I)C1(F)F,中毒,38.942905,21.658049,0.136168286,5.086480767
c1n[nH]nc1-c1cc2c(n1)-c1cc(Cl)c(Cl)cc1CC3N1CCC(Oc3cccnc3)CC1C2,高毒,593.0783,84.56108,,
c1n[nH]nc1-c1cc2c(c(-c3c(Cl)cccc3Cl)c1)C(c1ccc(Cl)cc1)N(c1cc(Cl)cn(C3CC(O)(CO)C3)c1=O)C2=O,中毒,6.3808517,8.960914,0.182666877,3.916990494
c1n[nH]nc1-c1noc2cc(F)c(-c3nnc4ccc(5CCCN5CCO5)cc34)cc12,高毒,593.0783,84.56108,,
c1n[nH]nc1-c1cc2c(n1-c1csc(-c3ccc(F)cc3)c1)C(c1ccc(Cl)cc1)N(c1cc(Cl)cn(C3CC(O)C(O)C3)c1=O)C2,中毒,43.309574,12.110745,0.178233321,4.61443602
c1n[nH]nc1-c1cc2c(-c3cnn(-c4nccc5cc(F)ccc45)c3)n[nH]c2c1,高毒,593.0783,84.56108,,
c1n[nH]nc1-c1cc2c(c(-c3ccnc(Oc4ccc(F)c(F)c4)c3)c1)C(c1ccc(Cl)cc1)N(c1cc(Cl)cn(C3CC(O)(CO)C3)c1=O)C2=,高毒,593.0783,84.56108,,
c1n[nH]nc1-c1cc(-c2ccc3ncnc4c3ncn4c23)cn1,高毒,593.0783,84.56108,,
c1n[nH]nc1-c1cc2c(N3CC4CN(C5CN=S5(=O)=O)CC4F)ncnc3cc2c1,高毒,593.0783,84.56108,,
c1n[nH]nc1-c1cc2c(c(-c3c(Cl)cccc3Cl)c1)C(c1ccc(Cl)cc1)N(c1cc(Cl)cn(C3CC(O)(CO)C3)c1=O)C2=O,中毒,6.3808517,8.960914,0.182666877,3.916990494
c1n[nH]nc1-c1cc2c(c(-c3ccc4cc(Cl)ccc4c3)n1)C(c1ccc(Cl)cc1)N(c1cc(Cl)cn(C3CC(O)(CO)C3)c1=O)C2=O,中毒,7.4282966,12.110745,0.177836933,3.955932966
c1n[nH]nc1-c1cc2n(c1-c1ccc(Cl)cc1)C(c1ccc(Cl)cc1)N(c1cc(Cl)cn(C3CC(F)(F)C3)c1=O)C2=O,中毒,23.152437,14.3937645,0.222547898,3.980544007
c1n[nH]nc1-c1cc2c(n1-c1ccc(Cl)cc1)C(c1ccc(Cl)cc1)N(c1cc(Cl)c[nH]c1=O)C3,高毒,593.0783,84.56108,,
c1n[nH]nc1-c1nc2n(c1-c1c(F)cccc1Cl)C(c1ccc(Cl)cc1)N(c1cc(Cl)cn(C3CC(O)(CO)C3)c1=O)C2=O,中毒,41.15799,16.862432,0.236990101,4.162201359
c1n[nH]nc1-c1cc2c(c(-c3ccc(F)cc3F)c1)C(c1ccc(Cl)cc1)N(c1ccOC(F)(F)Cl)C(c2ccc(Cl)cc2)C1,高毒,593.0783,84.56108,,
c1n[nH]nc1-c1cc2c(c(-c3c(Cl)cccc3Cl)c1)C(c1ccc(Cl)cc1)N(c1cc(Cl)cn(C3CC(O)(CO)C3)c1=O)C2=O,中毒,6.3808517,8.960914,0.182666877,3.916990494
c1n[nH]nc1-c1cc2c(c(-c3c(Cl)cccc3Cl)c1)C(c1ccc(Cl)cc1)N(c1cc(Cl)cn(C3CC(O)(CO)C3)c1=O)C2,中毒,9.036046,9.912456,0.17851774,3.962354325
c1n[nH]nc1-c1cc2c(n1-c1ccc(Cl)cc1F)c(c1cc(Cl)c(=O)n(-c3cccs3)c1=O)C(SCc1cccc(Cl)c1Cl)C2,高毒,593.0783,84.56108,,
c1n[nH]nc1-c1cc2c(-c3ccc(NC(=O)c4ccc5nsnc5c4)c3)c3c(Cl)ccnc3n(-c3ccc(Cl)cc3)c-2c1=O,高毒,593.0783,84.56108,,
c1n[nH]nc1-c1ccc2c(c1)ncn2-c1ccc(F)c(C2=C(c3cnc(C(N)=O)cc3)c3cc(F)c(F)cc32)c1,中毒,194.65877,27.583183,0.320426597,3.220026884
c1n[nH]nc1-c1cc2c(-c3cccc(Br)c3)ncnc2cc1-c1cc2c([nH]1)C(c1ccc(Cl)cc1)N(c1cc(Cl)cn(C4CC(O)(CO)C4)c4=O),高毒,593.0783,84.56108,,
c1n[nH]nc1-c1cc2c(c(-c3cc(Cl)c(Cl)cc3Cl)c1)c1c(c3cc(F)ccc3c1O)C(c1ccc(Cl)cc1)N(c1cc(Cl)c(=O)c(S(=O)(=O),高毒,593.0783,84.56108,,
c1n[nH]nc1-c1cc2c(n1-c1ccc(Cl)cc1Cl)C(c1ccc(Cl)cc1)N(c1cc(Cl)cn(C3CC(O)C(O)C3)c1=O)C3=O,高毒,593.0783,84.56108,,
c1n[nH]nc1-c1cc2c(n1-c1ccc(Cl)cc1Cl)C(c1ccc(Cl)cc1)N(c1cc(Cl)cn(C3CC(O)(CO)C3)c1=O)C2,中毒,24.385923,11.513729,0.200351088,4.058005414
c1n[nH]nc1-n1c2c(c3c(-c4ccc5[nH]ncc5c4P(=O)(O)Oc4ccc(OCc6csc(-c6cc7ccccc7o6)c6)nc5)nc5cc6c(c5c34)C,高毒,593.0783,84.56108,,
c1n[nH]nc1-c1cc2n(c1-c1ccc(F)c(F)c1)C(c1ccc(Cl)cc1)N(c1cc(Cl)cn(C3CC(O)C(O)C3)c1=O)C2=O,中毒,19.951618,13.503714,0.249786365,4.479971788
c1n[nH]nc1-c1sc2ncn(CC3CCCC3)c(N=O)c2c1=O,高毒,593.0783,84.56108,,
c1n[nH]nc1-c1cc2c(n1-c1ccc(Cl)cc1)C(c1ccc(Cl)cc1)N(c1cc(Cl)cn(C3CC(O)(CO)C3)c1=O)C2=O,中毒,14.882899,11.513729,0.235038859,3.958725058
c1n[nH]nc1-c1cc2c(c(-c3cnc4[nH]ccc4c3)c1)C(c1ccc(Cl)cc1)N(c1cc(Cl)cn(C3CC(O)(CO)C3)c1=O)C2=O,中毒,6.3808517,13.447941,0.190433932,4.080441959
c1n[nH]nc1-c1cc2c(n1-c1ccc(Cl)cc1F)C(c1ccc(Cl)cc1)N(c1cc(Cl)cn(C3CC(O)(CO)C3)c1=O)C2,中毒,15.763229,11.513729,0.21970014,4.06853078
c1n[nH]nc1-c1cnc2cc3c(nc2c1)-c1ccccc1-c1cccc2cccc-3c12,中毒,5.877179,50.919193,0.375427589,2.657377153
c1n[nH]nc1-c1nc2c(n1-c1ccc(C(F)(F)F)nc1)C(c1ccc(Cl)c(F)c1)N(c1cc(Cl)C(C3(C)CC(C)(C)CC5(CC3)C3)C(=O)N,高毒,593.0783,84.56108,,
c1n[nH]nc1-c1cc2c(n1-c1ccc(F)cc1F)C(c1ccc(Cl)cc1)N(c1cc(Cl)c(=O)n(C3CC[N+]=5)c3)C(=O)C1C2,高毒,593.0783,84.56108,,
c1n[nH]nc1-c1cc2c(c(-c3cc(Cl)c(Cl)cc3Cl)c1)C(c1ccc(Cl)cc1)N(c1cc(Cl)cn(C3CC(O)(CO)C3)c1=O)C2=O,中毒,6.3808517,8.960914,0.157680425,3.976262888
c1n[nH]nc1-c1cc2c(cc1-c1ccc(F)c(Cl)c1)C(c1ccc(Cl)cc1)N(c1cc(Cl)cn(C3CC(O)(CO)C3)c1=O)C2=O,低毒,6.3808517,8.960914,0.198124642,3.900178406
c1n[nH]nc1-c1cnc(N2CCc3cc(Cl)nc(Cl)c3C(c3cccc(Cl)c3)C2c2ccc(F)cc2F)c1,高毒,593.0783,84.56108,,
c1n[nH]nc1-c1cc2c(n1-c1ccc(F)cc1F)C(c1ccc(Cl)cc1)N(c1cc(#N)cc(C#1)C1CCC(O)C(C)C3(C)CC(C)(C)C3=O)C(c,高毒,593.0783,84.56108,,
c1n[nH]nc1-c1cc2c(n1-c1ccc(Cl)cc1)C(c1ccc(Cl)cc1)N(c1cc(Cl)cn(C3CC(O)(CO)C3)c1=O)C2=O,中毒,14.882899,11.513729,0.235038859,3.958725058
c1n[nH]nc1-c1cc2c(c(-c3c(F)cccc3F)c1)C(c1ccc(Cl)cc1)N(c1cc(Cl)cn(Cc3ccc(F)c5nc(Cl)ccc55)c3=O)c12,高毒,593.0783,84.56108,,
c1n[nH]nc1-c1cc2c(-c3ccc(S(=O)(=O)N4CCN(CCC5CCOCC5)CC4)cc3)cc(-c3ccncn3)cc2c1,高毒,593.0783,84.56108,,
c1n[nH]nc1-c1cc2c(c(-c3c(F)cccc3F)c1)COC(c1ccc(Cl)cc1)C1COC(Cn3cc(COC4=NC(=O)C(CS67SC(=O)OC6C56)CS5,高毒,593.0783,84.56108,,
c1n[nH]nc1-c1cc2c(n1-c1ccc(F)cc1Cl)C(c1ccc(Cl)cc1Cl)N(c1cc(Cl)cn(C3CC(O)(CO)C3)c1=O)C2=O,中毒,15.540574,11.513729,0.201119225,4.120755602
c1n[nH]nc1-c1c(O)c2cccnc2c2c1-c1cc(NC3(CO)CCS(=O)(=O)C3)nc(C3CC3)c1CC2,中毒,18.639174,33.72425,0.312134968,4.233904079
c1n[nH]nc1-c1cc2n(c1-c1ccc(Cl)cc1)C(c1ccc(Cl)cc1)N(c1cc(Cl)cn(C3CC(O)(CO)C3)c1=O)C2=O,中毒,19.951618,13.503714,0.230978464,4.013029445
c1n[nH]nc1-c1cc2c([nH]1)CN(c1ncnc(OC3CC(Oc4ncnc7ccsc56)C5C4)c3CNc3ccccc34)CC12,高毒,593.0783,84.56108,,
c1n[nH]nc1-c1cc2c(n1-c1ccc(Cl)cc1)C(c1ccc(Cl)cc1)N(c1cc(Cl)cn(C3CC(O)(CO)C3)c1=O)C2=O,中毒,14.882899,11.513729,0.235038859,3.958725058
c1n[nH]nc1-c1nc2sc3c(c2c(O)c1-c1ccc(Cl)cc1)CCC(CCl)CC3,中毒,53.967606,18.004591,0.306904859,3.510817992
c1n[nH]nc1-c1ccc2[nH]c(-c3ccc4c(c3)OCO4)c(-c3c[nH]c4ccc(-c5nnn[nH]5)cc43)c2c1,中毒,6.6816597,30.80189,0.281944761,3.193964096
c1n[nH]nc1-c1cn2c(-c3cn[nH]c3)cnc2c1,高毒,593.0783,84.56108,,
c1n[nH]nc1-c1cc2c(n1-c1ccc(Cl)cc1)C(c1ccc(Cl)cc1)N(c1cc(Cl)cn(C3CC(O)(CO)C3)c1=O)C2=O,中毒,14.882899,11.513729,0.235038859,3.958725058
c1n[nH]nc1-c1cc2c(c(-c3c(Cl)cccc3Cl)c1)C(c1ccc(Cl)cc1)N(c1cc(Cl)cn(C3CC(O)(CO)C3)c1=O)C2=O,中毒,6.3808517,8.960914,0.182666877,3.916990494
c1n[nH]nc1-c1cc2c(n1-c1cc(Cl)cc(Cl)c1)C(c1ccc(Cl)cc1)N(c1cc(Cl)cn(C3CC(O)(CO)C3)c1=O)C2=O,中毒,14.882899,11.513729,0.207895129,4.073964211
c1n[nH]nc1-c1cc2c(s1)C(c1ccc(Cl)cc1)N(c1ccc(Cl)cc1OC1CC(O)(CO)C(O)C1O)C2,低毒,7.8658786,45.235443,0.235801439,4.709705647
c1n[nH]nc1-c1cc2c(n1-c1ccc(Cl)cc1F)C(c1ccc(Cl)cc1)N(c2cc(Cl)cn(C3CC(O)(CO)C3)c1=O)C2,高毒,593.0783,84.56108,,
c1n[nH]nc1-n1nc2c3c(cccc3c2=S)C1,中毒,92.07624,201.22209,0.763608434,3.743101966
c1n[nH]nc1-c1nc2cc(S(=O)(=O)Oc3ccc(F)cc3)c(-c3ccc(Sc4nnnn4-c4cc(F)ccc4O)cc3F)cc2s1,中毒,177.5904,15.950753,0.18764422,3.404631113
c1n[nH]nc1-c1nc2c3c([nH]c2c1F)C(c1ccc(Cl)cc1)N(c1cc(Cl)cn(C4CC(O)(CO)C4)c1=O)C3=O,高毒,593.0783,84.56108,,
c1n[nH]nc1-c1cc2[nH]c(C3CCCN3c3nc(-c4cccnc4CO)c(-c4ccccn4)n3)nc2cc1F,高毒,593.0783,84.56108,,
c1n[nH]nc1-c1cc2c(c(-c3c[nH]c4ccc(-c6cnc(OCc7ccc6c(c7)OCO8)cc6)c(=O)nc55)CC4)cnc2c1,高毒,593.0783,84.56108,,
c1n[nH]nc1-c1cc2c(c(-c3c(Cl)cccc3Cl)c1)C(c1ccc(Cl)cc1)N(c1cc(Cl)cn(C3CC(O)(CO)C3)c1=O)C2=O,中毒,6.3808517,8.960914,0.182666877,3.916990494
c1n[nH]nc1-c1cc2c(c(-c3ccns3)c1c1)C(c1ccc(Cl)cc1)N(c1cc(Cl)cn(C3CC(O)(CO)C3)c1=O)C2=O,高毒,593.0783,84.56108,,
c1n[nH]nc1-c1sc(SC2CCNCC2)cc1-c1cc(Cl)ccc1Oc1ccc(S(=O)(=O)Nc2ncns2)cc1Cl,中毒,8.193109,14.911535,0.155361326,3.57824949
c1n[nH]nc1-c1cc2c(c(-c3c(Cl)cccc3Cl)c1)C(c1ccc(Cl)cc1)N(c1cc(Cl)cn(C3CC(O)(CO)C3)c1=O)C2=O,中毒,6.3808517,8.960914,0.182666877,3.916990494
c1n[nH]nc1-c1cc(C(=O)Nc2csc(C3=NOC(c4cn(-c5ccccn5)nn4)C3)c2-c2cn(-c3ccc(F)cc3)c(=NC3CNCCC3)c2OC2CN,高毒,593.0783,84.56108,,
c1n[nH]nc1-c1cc2c(n1-c1ccc(Cl)cc1Cl)C(c1ccc(Cl)cc1)N(c1cc(Cl)cn(C3CC(O)(CO)C3)c1=O)C2=O,中毒,18.205946,11.513729,0.207895129,4.033490665
c1n[nH]nc1-c1cc2c(Oc3ccc(-c4cc(-c5ccc6ncsc6c5-c5cccc(O)c5)cc4O)c(Cl)cn3)ccnc2c1,高毒,593.0783,84.56108,,
c1n[nH]nc1-c1cc2c(n1-c1ccc(F)cc1F)C(c1ccc(Cl)cc1)N(c1ccCl)#NC(c1cc(Cl)cnc1OC1CCOCC1)C1CC1COC1,高毒,593.0783,84.56108,,
c1n[nH]nc1-c1cc2c(c(-c3c(F)cccc3F)c1)C(c1ccc(Cl)cc1)N(c1cc(Cl)cn(C3CC(O)(CO)C3)c1=O)C2=O,中毒,6.3808517,8.960914,0.216988584,3.927417967
c1n[nH]nc1-c1ccc2c(c1)c(-c1ccccc1)nc1c1cc(C(F)(F)F)cc(-c3cncc(C4CC4)c3)c21,高毒,593.0783,84.56108,,
c1n[nH]nc1-c1cc2c(n1-c1ccc(Cl)cc1F)C(c1ccc(Cl)cc1)N(c1cc2c(c(=O)n3nc(-c4ccco4)c(C4CCCC(O)CC4)c5c12)C,高毒,593.0783,84.56108,,
c1n[nH]nc1-c1cc2c(c(-c3cnc4c(N5CCc6ccccc65)nc(N6CCOCC6)n54)c3sc2C2CC2)c1,高毒,593.0783,84.56108,,
c1n[nH]nc1-c1cn(-c2cnc3ccc(-c4cc(O)c5c(Br)c[nH]c5c4=O)cc3n2)n1,高毒,593.0783,84.56108,,
c1n[nH]nc1-c1cc2c(n1-c1c(Cl)cccc1Cl)C(c1coc(Cl)c1Cl)(c1ccc(Cl)cc1)Nc1ccc(I)cc12,中毒,36.543884,24.842266,0.175993331,4.165080441
c1n[nH]nc1-c1cc2c(n1-c1ccc(Cl)cc1I)C(c1ccc(Cl)cc1)N(c1cc(Cl)cn(C3CC(O)(CO)C3)c1=O)C3=O,高毒,593.0783,84.56108,,
c1n[nH]nc1-c1cc2c(n1-c1ccc(F)cc1)C(c1ccc(Cl)cc1)N(c1ccc(Cl)nc1)C2,中毒,28.622856,17.35497,0.303750373,3.50091773
c1n[nH]nc1-c1cc2c(n1-c1cc(Cl)cc(Cl)c1)C(c1ccc(Cl)cc1)N(c1cc(Cl)cn(C3CC(O)(CO)C3)c1=O)C2=O,中毒,14.882899,11.513729,0.207895129,4.073964211
c1n[nH]nc1-c1cn2c(c1-c1cc(Oc3ccc4ccc(F)nc4n3)nc(Cl)c1)C(c1ccc(Cl)cc1)N(c1cc(Cl)cn(C3CC(O)(CO)C3)c1=O),高毒,593.0783,84.56108,,
c1n[nH]nc1-c1cc2c(c(-c3ccccn3)c1)C(c1ccc(Cl)cc1)N(c1cc(Cl)cn(C3CC(O)(CO)C3)c1=O)C2=O,中毒,15.809174,8.519041,0.249435832,3.889103929
c1n[nH]nc1-c1cc2c(n1-c1cc(Cl)ccc1F)C(c1ccc(Cl)cc1)N(c1ccCl)C(c1ccc(Cl)cc1)C1(C(=O)Nc3cc(Cl)ccc31)C1CC(O,高毒,593.0783,84.56108,,
c1n[nH]nc1-c1cc2c(c(-c3c(F)cccc3Cl)c1)C(c1ccc(Cl)cc1)N(Cc1ccc(Cl)cc1)C3c1ccc(Cl)cc1,高毒,593.0783,84.56108,,
c1n[nH]nc1-c1cc2c(c(-c3c(F)cccc3F)c1)C(c1ccc(Cl)cc1)N(c1cc(Cl)cn(C3CC4(CO)C(O)(CO)C4)c3n1)C2,中毒,30.95322,17.67476,0.182272212,5.283920527
c1n[nH]nc1-c1cc2c(n1-c1ccc(Cl)cc1)c(=O)c(-c1ccsc1)C(c1ccc(Cl)cc1)N(c1cc(Cl)cn(C3CC(O)(CO)C3)c1=O)C2=O,高毒,593.0783,84.56108,,
c1n[nH]nc1-c1cc2c(n1-c1ccccc1)C(c1ccc(Cl)cc1)N(c1ccCl)C(c1cccc(Cl)c1)C1C(=O)N(c3ccc(Cl)cc3)C(=O)C3(O)C,高毒,593.0783,84.56108,,
c1n[nH]nc1-c1cc2c(c(-c3cn[nH]c3)c1)C(c1ccc(Cl)cc1)N(c1cc(Cl)cn(C3CC(O)(CO)C3)c1=O)C2=O,低毒,6.3808517,10.425424,0.227357742,4.032704772
c1n[nH]nc1-c1c(C(c2ccc3c(N)n[nH]c3c2F)c2c(F)ccc(C3(F)F)c2F)c2c(NCCN(Cc3c[nH]c4ccccc34)C(=O)NCc3ccc,高毒,593.0783,84.56108,,
c1n[nH]nc1-c1cc2c(c(-c3c(Cl)cccc3Cl)c1)C(c1ccc(Cl)cc1)N(c1cc(Cl)cn(C3CC(O)(CO)C3)c1=O)C2=O,中毒,6.3808517,8.960914,0.182666877,3.916990494
c1n[nH]nc1-c1cc2c(n1-c1ccc(Cl)cc1)C(c1ccc(Cl)cc1)N(c1cc4c(c(F)c3c1)CC(=O)N(c1c(Cl)cccc3Cl)C(=O)CC1)C3=,高毒,593.0783,84.56108,,
c1n[nH]nc1-c1cnc2c(-c3ccc(-c4nccs4)cc3)cccc2c1-c1cnn(C2CC2)c1,中毒,2.6047635,68.46048,0.339841901,3.012275076
c1n[nH]nc1-c1cc2c(c(-c3c(Cl)cccc3Cl)#N)C(c3ccc(-c4cccc(Cl)c4)cc3)C(Nc3cccc(Cl)c3)C12,高毒,593.0783,84.56108,,
c1n[nH]nc1-c1cc2c(n1-c1ccc(Cl)cc1)C(c1ccc(Cl)cc1)N(c1cc(Cl)cn(C3CC(O)(CO)C3)c1=O)C2=O,中毒,14.882899,11.513729,0.235038859,3.958725058
c1n[nH]nc1-c1cc2c(n1-c1ccc(Cl)cc1)C(c1ccc(Cl)cc1)N(c1cc(Cl)cn(C3CC(O)C(O)C3)c1=O)C2=O,中毒,14.882899,11.513729,0.243329336,4.341481149
c1n[nH]nc1-c1cn2c(-c3cn[nH]n3)c(-c3ccsc3)nc2c1,高毒,593.0783,84.56108,,
c1n[nH]nc1-c1cc2c3c(ncc2cc1F)C(Nc1ccc(Cl)nc1)C(c1ccc(Cl)cc1)N(c1cc(Cl)c[nH]c1=O)CC3,中毒,14.56752,17.422136,0.170152454,4.257066495
c1n[nH]nc1-c1cc2c(n1-c1ccc(Cl)cc1F)C(c1cc3ccccc3s1)N(c1cc(Cl)c2ncn(C3CC(O)(CO)C(O)C3)c1=O)C2,高毒,593.0783,84.56108,,
c1n[nH]nc1-c1cc2c(c(-c3ccc(F)cc3)nc12)C(c1cccc(Cl)c1)N(c2ccc(Cl)c(Cl)c2)C1c1ccc(C#N)cc1,高毒,593.0783,84.56108,,
c1n[nH]nc1-c1cc2c(c(-c3ccnc4[nH]ccc34)c2)c(F)c12,高毒,593.0783,84.56108,,
c1n[nH]nc1Nc1cc2c(c(-c3ccc4c(n3)-c3c(ssc3=O)C(COc3ccc5[nH]c(=O)[nH]c7c3)C3)c(C(F)(F)F)c2F)C1,高毒,593.0783,84.56108,,
c1n[nH]nc1-c1cc2c(c(-c3ccc(Cl)cc3Cl)c1)C(c1ccc(Cl)cc1)N(c1cCCl)C(=O)CN1C(=O)C3(CCOC3)C2C1,高毒,593.0783,84.56108,,
c1n[nH]nc1-c1cc2c(c(-c3cc(Nc4ccc(Cl)cc4)cc(C(F)(F)F)c3)c1)C(c1ccc(Cl)cc1)N(c1cc(Cl)cn(C3CC(O)(CO)C3)c,高毒,593.0783,84.56108,,
c1n[nH]nc1-c1cc2c(c(-c3c(Cl)cccc3Cl)c1)C(c1ccc(Cl)cc1)N(c1cc(Cl)cn(C4CC(O)(CO)C4)c3=O)C1=O,高毒,593.0783,84.56108,,
c1n[nH]nc1-c1cc2c(c(-c3cc(Cl)cc(Cl)c3)c1)C(c1ccc(Cl)cc1)N(c1cc(Cl)cn(C3CC(O)(CO)C3)c1=O)C2=O,中毒,6.3808517,8.960914,0.182666877,3.934706978
c1n[nH]nc1-c1coc(-c2ccc3cc(OC4Cc5cccnc5C4)nnc3c2)c1=O,高毒,593.0783,84.56108,,
c1n[nH]nc1-c1cc2c(c(-c3csc(Cc4c(F)cccc4Cl)c3)c1=O)C(c1ccc(Cl)cc1)N(c1cc(Cl)cn(C3F)c1)C3=O,高毒,593.0783,84.56108,,
c1n[nH]nc1-n1cc2c(n1)C(COc1ccc(Cl)cc1)C(Nc1ccc(Cl)cc1Cl)N(c1cc(Cl)cn(CC3CC(O)C(O)C3)c1=O)C2=O,中毒,14.162774,13.503714,0.159702307,4.869598362
c1n[nH]nc1-c1ccc2c(c1)c(-c1ccnn1-c1ccc(Cl)c(Cl)c1)c[n+]2-c1ccccc1,高毒,593.0783,84.56108,,
c1n[nH]nc1-c1cc2c(n1)CN(c1cc(Oc3ccnc4cc(F)ccc45)c(Cl)cc13)C(c1ccccc1)C2,高毒,593.0783,84.56108,,
c1n[nH]nc1-c1cc2c(c(-c3c(Cl)cccc3Cl)c1)C(c1ccc(Cl)cc1)N(c1cc(Cl)cn(C3CC(O)(CO)C5)c3=O)C2n1,高毒,593.0783,84.56108,,
c1n[nH]nc1-c1nc2n(c1-c1cc3c(cc1F)Oc1cc(Cl)cc(Cl)c1F)C(c1ccc(C#N)cc1)(c2cc4cc(Cl)ccc4n1-c1ccc(Cl)cc1)C(,高毒,593.0783,84.56108,,
c1n[nH]nc1-c1cc2c(n1-c1ccc(Cl)cc1)C(c1ccc(Cl)cc1)N(c2ccCl)N(Cc1cc3c(cc1Cl)C4)C3=O,高毒,593.0783,84.56108,,
c1n[nH]nc1-c1cc(-c2cn[nH]c2)nc(Nc2csc(Nc3c(Cl)cc(F)cc3Cl)n2)c1=O,高毒,593.0783,84.56108,,
c1n[nH]nc1Sc1nccc(-c2cn3c(n2)-c2ccc(cc2C(c2ccc(Cl)cc2)c2c[nH]c4cc(Cl)ccc25)CC3)n1,高毒,593.0783,84.56108,,
c1n[nH]nc1-c1cc2c(n1-c1ccc(Cl)cc1)C(c1ccc(Cl)cc1)N(c1cc(Cl)cnc1)C1C3CCC(C3)C1C2,中毒,28.622856,18.569365,0.225622358,5.211160425
c1n[nH]nc1-c1cc2c(c(-c3ccnc(Cl)c3)c1)C(c1ccc(Cl)cc1)N(c1cc(Cl)cn(C3CC(O)(CO)C3)c1=O)C2=O,中毒,6.3808517,8.960914,0.207753804,3.972445267
c1n[nH]nc1-c1cc2c(n1-c1ccc(F)cc1F)C(c1ccc(Cl)cc1)N(c1cc(Cl)cn(N3CCOCC3)c1=O)C2=O,中毒,17.272402,13.466203,0.303815808,4.001273387
c1n[nH]nc1-c1csc(Nc2cc(C(c3c(F)ccnc3F)c3c[nH]nn3)c3c(N4CCOCC4)ncnc3c2)c1=O,高毒,593.0783,84.56108,,
c1n[nH]nc1-c1cc2c(n1-c1ccc(F)cc1F)C(c1ccc(Cl)cc1)N(c1cc(Cl)cn(C3CC(O)(CO)C3)c1=O)C2=O,中毒,12.488247,11.513729,0.244621212,4.0385462
c1n[nH]nc1-c1cc2c(c(-c3c(Cl)cccc3Cl)c1)C(c1ccc(Cl)cc1)C1(CCC2)N(c2cc(Cl)cn(C3CC(O)(CO)C3)c1=O)C2=O,中毒,32.17651,13.348358,0.193078935,5.231713831
c1n[nH]nc1-c1cc2c(c(-c3c(Cl)cccc3Cl)c1)C(c1ccc(Cl)cc1)N(c1cc(Cl)cn(C3CC(O)(CO)C3)c1=N)C2=O,中毒,6.3808517,11.81772,0.155877626,4.021560824
c1n[nH]nc1-c1cn2c(c1-c1ccc(Cl)cc1)C(c1ccc(Cl)cc1)N(c1[nH]c(=O)c(I)c3ncnc(O)c13)C1CC31,高毒,593.0783,84.56108,,
c1n[nH]nc1-c1cc2c(n1-c1ccc(F)cc1F)C(c1ccc(Cl)cc1)N(c2cc(Cl)cn(C3CC(O)(CO)C3)c1=O)C2=O,高毒,593.0783,84.56108,,
c1n[nH]nc1-c1cc2[nH]c(-c3cn4nc(-c5c(F)cccc5Cl)nc4s3)cc2c1,高毒,593.0783,84.56108,,
c1n[nH]nc1-c1cc2c(n1-c1s1)C(c2ccc(Cl)cc2)(c2cc(F)c(N5CCOCC5=O)cc12)C(c1ccc(Cl)cc1)N(c1cCl)C(=O)N2C4C#,高毒,593.0783,84.56108,,
c1n[nH]nc1-c1cc2c(c(-c3csc(Cn4cnc(-c5cc6ccccn6c7ccccc67)c4Cl)c3)nn2)c1,高毒,593.0783,84.56108,,
c1n[nH]nc1-c1cc2c(cc1F)c(=O)c(C(=O)O)cn2C1CC(O)C(CO)O1,中毒,19.266087,17.113321,0.495452359,3.853470491
c1n[nH]nc1-c1cc2c(c(-c3cc(Cl)cc(Cl)c3)c1)CN(c1cc(Cl)ccc1OCc1ccc(Cl)cc1)CC3,高毒,593.0783,84.56108,,
c1n[nH]nc1-c1cc2c(c(-c3c(Cl)cccc3Cl)c1)C(c1ccc(Cl)cc1)N(c1cc(Cl)cn(C3CC(O)(CO)C5(C)C(=O)N(C6CC6)C5=O)c,高毒,593.0783,84.56108,,
c1n[nH]nc1-c1cc2c(c(-c3c(Cl)cccc3Cl)c1)CN(c1ccn(-c4ccnc(N5CC5)n4)c3)C(c3ccncc3)C1,高毒,593.0783,84.56108,,
c1n[nH]nc1-c1cc2c(c(-c3coc(=O)c3OC4CC4)c1)C(c1ccc(Cl)cc1)N(c1cc(Cl)cn(C3CC(O)(CO)C3)c1=O)C2=O,高毒,593.0783,84.56108,,
c1n[nH]nc1-c1nc2c(cn1)Oc1oc(-c3c(F)ccc4c3C=C(C#Cc3c(C4CCOC5)csc3-5)CC4COC5CCN(Cc6ccccn6)CC54)c(F)c,高毒,593.0783,84.56108,,
c1n[nH]nc1-c1cc2c(c(-n3cc(-c4cn5cnc6[nH]ccc6c5=O)nn4)c(C(Cl)(Cl)Cl)nc3cn2)n1,高毒,593.0783,84.56108,,
c1n[nH]nc1-c1cc2c(n1-c1ccc(F)cc1F)C(c1ccc(Cl)cc1)N(c1ccOC(F)(F)F)C(C1)C1(O)C([O-])=C(N)OC12C3OCC1(O,高毒,593.0783,84.56108,,
c1n[nH]nc1-c1cc2c(n1-c1cc(Cl)cc(Cl)c1)C(c1ccCl]Br)N(c2cc(Cl)cn(C3CC(,高毒,593.0783,84.56108,,
c1n[nH]nc1-c1cc2c(n1-c1ccc(C(F)(F)F)cc1-c1cn(-c4ccc(Cl)cc4)nc3c1)C(c1ccc(Cl)cc1)N(c1cc(Cl)n(C4CC(O)(C,高毒,593.0783,84.56108,,
c1n[nH]nc1-c1cc2c(n1-c1ccc(Cl)cc1C(F)(F)F)C(c1ccc(Cl)cc1)N(c1cc(Cl)cn(C3CC(O)(CO)C3)c1=O)C2=O,中毒,14.882899,11.513729,0.192783252,4.146765888
c1n[nH]nc1-c1csc(-c2ccc3cc[nH]c3c2)c1=N1CCOCC1,高毒,593.0783,84.56108,,
c1n[nH]nc1-c1cc2c(c(-c3ccn6nc(-c5cnc(C67CC7)nc7nn6cccc7c65)nn4)c3s2)c1,高毒,593.0783,84.56108,,
c1n[nH]nc1-c1cc2c(n1-c1ccc(Cl)cc1)C(c1cccnc1)N(c1cc(Cl)cn(C3CC(O)(CO)C3)c3c1=O)C2(C(=O)O)c1ccc(O)cc1,高毒,593.0783,84.56108,,
c1n[nH]nc1-c1cc2c(c(-c3c(Cl)cccc3Cl)c1)C(c1ccc(Cl)cc1)N(c1ccc(Cl)cc1)C3,高毒,593.0783,84.56108,,
c1n[nH]nc1-c1cc2c(n1-c1ccc(Cl)cc1)C(c1ccc(Cl)cc1)N(c1cc(Cl)cn(C3CCOC3)c1=O)C3,高毒,593.0783,84.56108,,
c1n[nH]nc1-c1cc2cc(-c3cc4cnn(-c5csc(-c6ccc(-n7ccnn7)c7)c6)c5S(=O)(=O)N4c4ccc(Cl)cc4)c(O)c3nc2cc1OCC,高毒,593.0783,84.56108,,
c1n[nH]nc1-c1cc2c(n1-c1ccc(F)cc1)C(c1ccc(Cl)cc1)N(c1ccCl)C(c1ccc(Cl)cc1I)N(c1ccOC(C)(C)C1CO)C5=O,高毒,593.0783,84.56108,,
c1n[nH]nc1-c1nsc(Nc2cc(C3CN(c4ccc5cc[nH]c5c4)C3)cc(-n3cnnn3)c2O)c1=O,高毒,593.0783,84.56108,,
c1n[nH]nc1-c1cc2c(n1-c1ccc(Cl)cc1)C(c1ccc(Cl)cc1)N(c2cc(Cl)cn(C3CC(O)(CO)C3)c1=O)C2=O,高毒,593.0783,84.56108,,
c1n[nH]nc1-c1cc2c(c(-c3c(O)cc(NC4CCN(Cc5c4ccc(F)cc6[N+](=O)[O-])CC5)nc34)C3(CCNCC3)C2)c1,高毒,593.0783,84.56108,,
c1n[nH]nc1-c1cc2c(n1-c1ccc(F)cc1F)C(c1ccc(Cl)cc1)N(c1cc(Cl)cn(C3CC(O)(CO)C3)c1=O)C2=O,中毒,12.488247,11.513729,0.244621212,4.0385462
c1n[nH]nc1-c1cc2c(n1-c1ccc(F)cc1)C(c1ccc(Cl)cc1)N(c1cc(Cl)cn(C3CC(O)(CnO)C3)c1=O)C2=O,高毒,593.0783,84.56108,,
c1n[nH]nc1-c1cc2c3c(sc2c1)C(c1ccc(Cl)cc1)N(c1cc(Cl)cn(C4CC(O)(CO)C4)c1=O)C2=O,高毒,593.0783,84.56108,,
c1n[nH]nc1-c1cc2n(c1-c1cc3c(c3cc(OC(F)(F)F)ccc13)C(c1cc(F)c(F)c(F)c3)C(c4ccc(Cl)cc4)C1(Cl)Cl)C(c1ccc(,高毒,593.0783,84.56108,,
c1n[nH]nc1-c1cc2c(cc1-c1cc(Cl)cc(Cl)c1)COc1cc(C(F)(F)F)cc(C(F)(F)F)c1C2c1ccc(-c2ccc(F)cc2)[nH]c1=O,中毒,7.514305,10.621486,0.17698035,3.994643017
c1n[nH]nc1-c1cc2c(n1-c1ccc(Br)s1)C(c1ccc(Cl)cc1)N(c1ccCl)C(c3ccc(Cl)cc1)N(c1cc(Cl)cn(C3CC(O)(CO)C5)c3=O,高毒,593.0783,84.56108,,
c1n[nH]nc1-c1cc2c(c(-c3c(Cl)ccc(Cl)c3Cl)c1)CC(c1ccco1)N(c1cc(Cl)cn(C3CCC5(C)C(=O)NC5)c(=O)c34)C12,高毒,593.0783,84.56108,,
c1n[nH]nc1-c1cc2n(c1=O)C[n+]1cc3c(cc1-2)OCCO3,高毒,593.0783,84.56108,,
c1n[nH]nc1-c1cc2c(c(-c3c(Cl)cccc3Cl)c1)C(c1ccc(Cl)cc1)N(c1cc(Cl)cn(C3CC(O)(CO)C3)c1=O)C2=O,中毒,6.3808517,8.960914,0.182666877,3.916990494
c1n[nH]nc1-c1cc2c(n1-c1ccc(Cl)cc1)C(c1ccc(Cl)cc1)N(c1cc(Cl)cn(C3CC([S+]([O-])c4ccc(F)cc4)C4C(=O)N(C6C,高毒,593.0783,84.56108,,
c1n[nH]nc1-c1cc2n(c1-c1ccc(Cl)cc1)C(c1cc(Cl)cn(C3CC(O)C(O)C3)c1=O)N(c1cc(Cl)cc(Cl)c3)C(=O)C1C2,高毒,593.0783,84.56108,,
c1n[nH]nc1-c1cc2sc(-c3csc(Cn4ccc5oc(C6CC6)nc5c4F)c3=O)c2cn1,高毒,593.0783,84.56108,,
c1n[nH]nc1-c1nc2n(c(=O)c1=O)C(c1ccc(Cl)cc1)N(c1ccCl)c(F)c1cccc12,高毒,593.0783,84.56108,,
c1n[nH]nc1-c1nnc(C2COCCN2CC2=CCCC2)c1Cl,高毒,593.0783,84.56108,,
c1n[nH]nc1-c1cc2c(n1-c1ccc(Cl)cc1F)C(c1ccc(Cl)cc1)N(c1cc(Cl)cn(C3CC(O)(CO)C3)c1=O)C2=O,中毒,12.488247,11.513729,0.22687237,4.043844886
c1n[nH]nc1-c1cc2cc(Br)c(Oc3c(Cl)c(CN4CCN(c5cc6c(cs5)CCO6)C(Cn6cnc6c7c(nc2c(=O)n6-c6cccc(C8=N)cc7[nH],高毒,593.0783,84.56108,,
c1n[nH]nc1-c1cc2c(c(-c3cc(F)c(Cl)c(Cl)c3)c1)C(c1ccc(Cl)cc1)N(c1cc(Cl)cn(C3(C)CC3)c1=O)C3=O,高毒,593.0783,84.56108,,
c1n[nH]nc1-C12CC3CC(CC(C3)C1)C2,高毒,125.714264,78.49962,0.7603791,4.154820817
c1n[nH]nc1-c1cc2c(c(-c3ccnc(Cl)c3F)c1)C(c1ccc(Cl)cc1)N(c1cc(Cl)cn(C3CC(O)(CO)C3)c1=O)C2=O,中毒,7.4282966,8.960914,0.200536068,4.072417967
c1n[nH]nc1-c1cc2c(c(-c3c(Cl)cccc3Cl)c1)C(c1ccc(Cl)cc1)N(c1cc(Cl)cn(C3C4CC5CC(CC(C5)C3)C4)c1=O)C2=O,中毒,7.468751,9.91435,0.195160242,5.545360414
c1n[nH]nc11CN(c2cc(OC3CCCN(c4c(-c5cncc(-c6ccsc6)c5O)cnn4C4CCOCC4)c3n(C3CCCN(C(=O)CN6CCOCC6)C5)c3=O,高毒,593.0783,84.56108,,
c1n[nH]nc1-c1cc2c(c(-c3c(F)cccc3F)c1)C(c1ccc(Cl)cc1[N+](=O)[O-])N(c1sc(Cl)c(=O)n1)C3,高毒,593.0783,84.56108,,
c1n[nH]nc1-c1cc2c(c(C3=CC4CC(C3)N4CC2CC2)c1)C(OCc1ccc(Cl)cc1)C(c1ccc(Cl)cc1)N(c1cc(Cl)cn(C3CC(O)(CO)C,高毒,593.0783,84.56108,,
c1n[nH]nc1-c1cc2c(nc(N3CCOC4(CCCCC4)C3)n2)c1-c1noc(-c2ccsc2)c1C1CCN(c2ncc(F)cn2)CC1,中毒,18.331345,13.503714,0.297185786,4.543727968
c1n[nH]nc1-c1cc2c(n1-c1ccc(Cl)cc1F)C(c1ccc(Cl)cc1)N(c1cc(Cl)cn(C(C)CO)c1=O)C3=O,高毒,593.0783,84.56108,,
c1n[nH]nc1-c1cc2c(c(-c3csc(C4(O)C[S+]([O-])CC4)c3)c1CCN3c1ccnc(-c4cnn(C5CC5)c4)c3n1)Cc1c-2ccn1,高毒,593.0783,84.56108,,
c1n[nH]nc1-c1cc2c(c(-c3csc(-c4ccc(-c5cccnc5)o4)c3)n1)C(c1ccc(Cl)cc1)N(c1cc(Cl)cn(C3CC(O)(CO)C3)c1=O),高毒,593.0783,84.56108,,
c1n[nH]nc1-c1cncc(-c2cc[nH]c(=O)c2=O)c1,高毒,593.0783,84.56108,,
c1n[nH]nc1-c1cc2c(n1-c1ccc(Cl)cc1S(=O)(=O)c1ccc(Cl)cc1)c(c(=O)Nc1ccc(Cl)cn1)C2,高毒,593.0783,84.56108,,
c1n[nH]nc1-c1cc2c(nc1-c1ccncc1)C(c1ccc(Cl)cc1)N(c1cc(Cl)nn1)C2=O,高毒,593.0783,84.56108,,
c1n[nH]nc1-c1cc2c(n1-c1ccc(C(F)(F)F)cc1F)S(=O)(=O)c1cc(OCc3ccc(F)c(F)c3)ccc1C2,中毒,27.725883,17.76804,0.248461346,3.374593177
c1n[nH]nc1-c1cc2c(c(-c3c(Cl)cccc3Cl)c1)C(c1ccc(Cl)cc1Cl)N(c1cc(Cl)cn(C3CC(O)(CO)C3)c1=O)C2=O,中毒,7.487971,8.960914,0.168559174,4.003842696
c1n[nH]nc1-c1cc2c(n1-c1ccc(F)cc1)c1cc(-c3cnn(CC4C=C(C5COC6(C=CC7)C(C6)O5)c5)C(O)C4)c(-c4cccnc45)cc,高毒,593.0783,84.56108,,
c1n[nH]nc1-c1cc2sc(-c3ccnc(F)c3)cc2c1-c1ccc2c(n1)C(c1ccc(Cl)cc1)=C(c2csc(C3(C(F)F)CC3)c1)C1=C(O)OC(,高毒,593.0783,84.56108,,
c1n[nH]nc1-c1cc2c(n1-c1c(F)cccc1F)C(c1ccc(Cl)cc1N)N(c1cc(Cl)cn(C3CC(O)(CO)C3)c1=O)C2=O,中毒,15.540574,11.513729,0.198007943,4.251813325
c1n[nH]nc1-c1cc2c(n1-c1ccc(F)cc1F)C(c1ccc(Cl)cc1)N(c1cc(Cl)cn(C3CC(O)(CO)C3)c1=O)C3=O,高毒,593.0783,84.56108,,
c1n[nH]nc1-c1csc(-c2c(-c3nc4ccccc4s4)nc4[nH]c(-c5cccnc5)c(CCc5c6ccccc6nc6ccccc56)c4c3-c3ccncc3)c12,高毒,593.0783,84.56108,,
c1n[nH]nc1-c1cc2c(c(-c3c(Cl)cccc3Cl)c1)C(c1ccc(Cl)cc1)N(c1cc(Cl)cn(C3c4cc5c(cc4C(C)(C)C)C5)C3=O)c12,高毒,593.0783,84.56108,,
c1n[nH]nc1-c1cc2c(n1-c1cc(F)c(F)cc1F)C(c1cc4c(-c5csc2n5)ncn(C45CC6CC(CC(C6)C4)C5)c13)C(c1ccc(Cl)cc1,高毒,593.0783,84.56108,,
c1n[nH]nc1-c1cc2c(c(-c3nc4sc(C5CC5)cc4c3Cl)C1)C(c1ccco1)N(c1cc(Cl)cn(C3CC(O)(CO)C3)c1=O)C2=O,高毒,593.0783,84.56108,,
c1n[nH]nc1-c1c(C2CNC(=O)C2)cnc2cc(-c3cc(Cl)co3)c(-c3cc4c(c(3)-c3cc5ccccc5n3CCCO5)CN4)cc12,高毒,593.0783,84.56108,,
c1n[nH]nc1-c1cc2c(c(-c3ccc(F)nc3)c1)C(c1ccc(Cl)cc1)N(c1cc(Cl)cn(C3CC(O)(CO)C3)c1=O)C2=O,中毒,7.6477833,8.960914,0.225252087,3.977862017
c1n[nH]nc1-c1cc2c(c(I)c1OCCOc1ccc(C#N)cc1F)CN(c1nccs1)C2c1cc(F)c(O)cc1Br,中毒,60.987877,14.536348,0.132234121,4.081888114
c1n[nH]nc1-c1cc2c(c(-c3ccc4c(nnn4Cc5ccnc(Cl)c5)n4)c13)CN(c1ncnc(N)c1Cl)C3,高毒,593.0783,84.56108,,
c1n[nH]nc1-c1nn2ccc(-c3ccnc(-c4cc5n(-c6ccccc6)nc(-n6cccn6)c5=O)c4c3)c2s1,高毒,593.0783,84.56108,,
c1n[nH]nc1-c1cc2c(n1-c1ccc(Cl)cc1)C(c1ccc(Br)cc1)N(c1cc(Cl)cn(C3CC(O)C(O)C3O)c1=O)C2=O,中毒,14.882899,11.513729,0.214361295,4.648899511
c1n[nH]nc1-c1cc2c(c(-c3cc(OCc4c(F)cccc4F)cc3)c1)C(c1ccc(Cl)cc1)N(c1cc(Cl)cnc1Cl)C3,高毒,593.0783,84.56108,,
c1n[nH]nc1-c1cc2c(cc1N1CCN(c3ccc(C(O)(C(F)(F)F)C(F)(F)F)cc3)C(c3ccc(Cl)cc3)C3(C1)C(c1ccc(Cl)cc1)=NO3,高毒,593.0783,84.56108,,
c1n[nH]nc1-c1cc2c(c(-c3cccnc3)c1)C(c1cccc(Cl)c1)N(c1cc(Cl)cn(C3CC(O)(CO)C3)c1=O)C2=O,中毒,8.93265,8.960914,0.249435832,3.906945039
c1n[nH]nc1-c1nc2c(c(Nc3nc4cc(N5CCOCC5)on4)n2n1)CCC3,高毒,593.0783,84.56108,,
c1n[nH]nc1-c1cc2c(c(-c3c(Cl)cccc3Cl)c1)C(c1ccc(Cl)cc1)N(c1cc(Cl)cn(C3CC(O)(CO)C3O)c1=O)C2=O,中毒,6.3808517,8.960914,0.178299543,4.631887507
c1n[nH]nc1-c1noc(C2CN(c3cncc(-c4ccc5nsnc5n4)c3)C2)n1,中毒,41.444515,66.80575,0.472952447,3.299496227
c1n[nH]nc1-c1cc2c(n1-c1ccc(F)cc1F)C(c1ccc(Cl)cc1)N(c1cc(Cl)cn(C3CC(F)(F)C3)c1=O)C2=O,中毒,17.475342,14.026334,0.218635896,4.005685386
c1n[nH]nc1-c1ccc2c(n1)c(N1CCCC1Cn1nnc(COc3ccc(F)cc3Cl)c1=O)C(O)(Cn1cncn1)(c1ccc(F)cc1F)C3,高毒,593.0783,84.56108,,
c1n[nH]nc1-c1cc2c(c(-c3ccc(Oc4ccc(C(F)(F)F)nc4F)cc3)c1)(N1CC2)C(c2ccc(Cl)cc2)N(c2cc(Cl)cn(C3CC(O)(CO,高毒,593.0783,84.56108,,
c1n[nH]nc1-c1cc2c(cc1-c1nc(=O)c(-c3cn[nH]c3)cc(F)c1F)C(c1ccc(Cl)cc1)N(c1cc(Cl)cn(C3CC(O)(CO)C3)C1=O),高毒,593.0783,84.56108,,
c1n[nH]nc1-c1cc2c(c(-c3cc(Cl)ccc3Cl)c1)C(c1ccc(Cl)cc1)N(c1cc(Cl)cn(C3CC(O)C(O)C3)c1=O)C2=O,中毒,6.3808517,8.960914,0.189108586,4.288428816
c1n[nH]nc1-c1nc2c(c(-c3ccoc3)c1I)CN(c1ncnc(N)c1-c1cc(Cl)c(O)cc1Cl)CC2,中毒,45.819195,21.595978,0.22034409,3.670398541
c1n[nH]nc1-c1cc(N2C(=O)c3ccc(C(c4ccc(F)c(F)c4)c4cncnc45)cc3)=Nc3ccccc3C2c2ccccc12,高毒,593.0783,84.56108,,
c1n[nH]nc1-c1cc2c(c(-c3c(F)cccc3Cl)c1)C(c1ccc(Cl)cc1)N(c1cc(Cl)cn(C3CC(O)(CO)C3)c1=O)C2=O,中毒,6.3808517,8.960914,0.198124642,3.931028956
c1n[nH]nc1-c1cc2c(c(-c3cc(Cl)cc(Cl)c3)c1)C(c1ccc(Cl)cc1)N(c1cc(Cl)cn(C3CC(O)(CO)C3)c1=O)C2=O,中毒,6.3808517,8.960914,0.182666877,3.934706978
c1n[nH]nc1-c1cc2c(n1-c1c(c3ccc(F)cc3F)C(=O)N(c3ccsc3)C(c3ccc(Cl)cc3)N3c3c(cccc31)C1(CCCCC1)C3)C2=O,高毒,593.0783,84.56108,,
c1n[nH]nc1-c1cc2c(c(-c3ccc(Cl)cc3F)c1)C(c1ccc3c(c1)OC(F)(F)F)(N(N1CC1)N2C(=O)CN1CCOCC1)C3,中毒,21.658215,9.114193,0.235217103,5.327036703
c1n[nH]nc1-c1cc2c([nH]c3ncnc(Cl)c32)c1-c1ccc(F)cc1-c1cc2c(c(-c3cc4cc(N5CCN(c6ccc7c(n6)CCC8)ccc6c5=O,高毒,593.0783,84.56108,,
c1n[nH]nc1-c1cc2c(c(-c3ccc4c(n3)-c3cccnc3Sc3c(F)cc(Cl)cc3-4)C(O)C3F)c1CC2,高毒,593.0783,84.56108,,
c1n[nH]nc1-c1cc2c(n1-c1ccc3c(c1)OCCC3)C(c1ccc(Cl)cc1F)N(c1cc(Cl)cn(C3CC(O)(CO)C3)c1=O)C2=O,中毒,38.99518,11.513729,0.230026334,4.236785805
c1n[nH]nc1-c1cc2c(n1-c1ccc(F)c(Cl)c1F)N(c1cc(Cl)cc(Cl)c1)C1=C(C2)C(c2ccc(Cl)cc2)NN=C1c1sc2ccccc2c1=O,高毒,593.0783,84.56108,,
c1n[nH]nc1-c1cc2c(nc1-c1cc(F)cc(F)c1)C(c1ccc(Cl)cc1)N(c1cc(Cl)cn(C3CC(O)(CO)C3)c1=O)C2=O,中毒,13.216523,12.087409,0.232801911,4.052709175
c1n[nH]nc1-c1nc2c(s1)C(c1ccc(Cl)cc1)N(c1cc(Cl)cn(C3CC(O)(CO)C3)c1=O)C2=O,中毒,59.929935,28.20462,0.350366078,3.995801841
c1n[nH]nc1-c1ccc2sc(Nc3c(NC(4c5cccc(Cl)c5)CCC5)ncnc4c3)nc2c1,高毒,593.0783,84.56108,,
c1n[nH]nc1-c1cc2c(c(-c3c(Cl)cccc3Cl)c1)COC(CN1CCOC3C(OCc4c(F)cccc4F)(C(F)F)C(O)(C(F)(F)F)C3)C(CCN3CC,高毒,593.0783,84.56108,,
c1n[nH]nc1-c1cc2c(c(-c3c(Cl)cccc3Cl)c1)C(c1ccc(Cl)cc1)N(c1ccc(Cl)c(Br)c1)C3,高毒,593.0783,84.56108,,
c1n[nH]nc1-c1cc2c(n1-c1ccc(F)cc1)C(c1ccc(Cl)cc1)N(c1cc(Cl)cn(C3CC(O)(CO)C3)c1=O)C2,中毒,19.24008,11.513729,0.249629138,3.986687836
c1n[nH]nc1-c1cc2oc(-c3nc(-c4c(F)ccc(F)c4F)cs3)c(-c3ccnc(N4CC5C(C4)OCCO5)c3=O)c2c1,高毒,593.0783,84.56108,,
c1n[nH]nc1-c1cc2c(c(-c3c(Cl)cccc3Cl)c1)C(c1ccc(Cl)cc1)N(c1cc(Cl)cn(C3CC(O)(CO)C5O)c1=O)C2=O,高毒,593.0783,84.56108,,
c1n[nH]nc1-c1c(-c2ccccc2)nn(-c2ccccc2)c1=O,高毒,593.0783,84.56108,,
c1n[nH]nc1-c1cc2c(n1-c1ccc(F)cc1F)C(c1ccc(Cl)cc1)N(c1cc(Cl)cn(C3CC(O)(CO)C3)c1=O)C2=O,中毒,12.488247,11.513729,0.244621212,4.0385462
c1n[nH]nc1-c1cc2c(n1-c1ccc(Cl)cc1F)c(=O)c(C(c1ccccc1)C1(O)C3CC4CC(C3)CC(C3)C1)C2,高毒,593.0783,84.56108,,
c1n[nH]nc1-c1cc2c(n1-c1ccc(Cl)cc1)C(c1ccc(Cl)cc1)N(c1cc(Cl)cn(C3CC(O)C(O)C3)c1=O)C2=O,中毒,14.882899,11.513729,0.243329336,4.341481149
c1n[nH]nc1-c1cc2c(n(-c3ccc(Br)cc3)c1=O)C(c1cccs1)N(c1ccCl)c(NC4CC4(N5CCC4)C(=N)N(c4csc(C(F)(F)F)c4)C,高毒,593.0783,84.56108,,
c1n[nH]nc1-c1cc2c(n1-c1ccc(Cl)cc1F)C(c1ccc(Cl)cc1)N(c1cc(Cl)cn(C3CC(O)(CO)C3)c1=O)C2=O,中毒,12.488247,11.513729,0.22687237,4.043844886
c1n[nH]nc1C1CN(Br)Cc2[nH]c(-c3c(F)ccc(Cl)c3Cl)c(-c3ccc6ccn(-c7ccc(OC(=O)O)nc7)c5c5c4=O)c3C=N2,高毒,593.0783,84.56108,,
c1n[nH]nc1-c1cc2c(o1)C(N1CCC(c3nc(-c4ccncc4OP(=O)(O)CCl)cn3C4CC(O)C(O)C3)C1)C(c1ccc(Cl)cc1)C1(CC1)c1,高毒,593.0783,84.56108,,
c1n[nH]nc1-c1cc2c(n1-c1ccc(Cl)cc1)C(c1ccc(Cl)cc1)N(c1ncn(C)c(=O)c1)C3c1ccc(N2CCOCC2)c(OCC3CC1)c1,高毒,593.0783,84.56108,,
c1n[nH]nc1-c1cc2c(n1-c1ccc(Cl)cc1)C(c1ccc(Cl)cc1)N(c1cc(Cl)cn(C3CC(O)(CO)C3)c1=O)C2=O,中毒,14.882899,11.513729,0.235038859,3.958725058
c1n[nH]nc1-c1cc2c(n1-c1ccc(Cl)cc1)C(c1ccc(Cl)cc1)N(c1ccC2(H]1)C(=O)N(C1CC(=O)OC1O)C1CC1)CC1CC1,高毒,593.0783,84.56108,,
c1n[nH]nc1-c1cc2c(c(-c3cc4c([nH]3)COC3=O)C(c3ccc(Cl)cc3)N(c3cc(Cl)cn(C5CC(O)(CO)C5)c4=O)C3=O)c(C#N)c,高毒,593.0783,84.56108,,
c1n[nH]nc1-c1cc2c(c([S+]([O-])Cc3ccncc3F)c1)C(c1ccc(Cl)cc1)N(c1cc(Cl)cn(C3CC(O)(CO)C3)c1=O)C2=O,中毒,6.9793477,26.52157,0.198924581,4.703197933
c1n[nH]nc1-c1cnc(Oc2cnc3c(-n4cnnc4)cc(N5CCNCC5=O)cn34)c2c1,高毒,593.0783,84.56108,,
c1n[nH]nc1-c1cc2c(n1-c1ccc(Cl)cc1)c(cC#Cc1csc(N3CCOCC3)c1=O)C(c1ccc(Cl)cc1)N(c1cc(Cl)cn(C3CC(O)(CO)C3,高毒,593.0783,84.56108,,
c1n[nH]nc1-c1cc2c(c(-c3ccsc3)c1)C(c1ccccc1F)N(c1cc(Cl)cn(C3CC(O)(CO)C3)c1=O)C2=O,中毒,7.2728734,13.447941,0.251938436,3.989225522
c1n[nH]nc1-c1nc2sc(-c3ccccc3Cl)c(=O)c2c2[nH]c(-c3ccnc(Nc4ccncc4)c3)cc12,高毒,593.0783,84.56108,,
c1n[nH]nc1-c1cc2c(n1-c1ccc(F)cc1)C(c1ccc(Cl)cc1)N(c1cc(Cl)cn(C3CC4(CO)C(O)C(O)C4O)c3c1=O)C(=O)C(CC(=,高毒,593.0783,84.56108,,
c1n[nH]nc1-c1cc2c(n1-c1ccc(Cl)cc1F)C(c1ccc(Cl)cc1)N(c1cc(Cl)cn(C3CC(O)(CO)C3)c1=O)C2=O,中毒,12.488247,11.513729,0.22687237,4.043844886
c1n[nH]nc1-c1cc2c(c(-c3c(F)cccc3Cl)c1)C(c1ccc(Cl)cc1)N(c1cc(Cl)cn(C3CC(O)(CO)C3)c1=O)C2=O,中毒,6.3808517,8.960914,0.198124642,3.931028956
c1n[nH]nc1-c1cc2c(n1-c1ccc(Cl)cc1)C(c1ccco1)N(c1cc(Cl)cn(C3CC(O)(CO)C3)c1=O)C2=O,中毒,12.423064,11.513729,0.268814348,4.069283502
c1n[nH]nc1-c1cn(-c2ccc(O)cc2)c(-c2ccc(Cl)cc2)c1=O,高毒,593.0783,84.56108,,
c1n[nH]nc1-c1cc2[nH]c(-c3cnc4cn[nH]c4c3)nc2c1-c1cc2c(n1-c1ccc(F)cc1)C(c1ccc(Cl)cc3)N(c3cc(Cl)c()cc3C,高毒,593.0783,84.56108,,
c1n[nH]nc1-c1cc1c2c(c(-c3c(Cl)cccc3Cl)c1)C(c1ccc(Cl)cc1)N(c1cc(Cl)cn(C3CC(O)(CO)C3)c1=O)C2=O,高毒,593.0783,84.56108,,
c1n[nH]nc1-c1csc(Nc2nc(-c3c(Cl)cccc3Cl)cs2)c1=O,高毒,593.0783,84.56108,,
c1n[nH]nc1-c1cc2c(n1-c1ccc(Cl)cc1F)C(c1ccc(Cl)cc1)N(c1cc(Cl)cn(C3CC(O)(CO)C3)C1)c1=O,高毒,593.0783,84.56108,,
c1n[nH]nc1-c1cc2c(c(-c3c(F)cccc3F)n1)CN(c1cc(-c4cn[nH]c4)c(NC4CCCO4)nc13)C2,高毒,593.0783,84.56108,,
c1n[nH]nc1-c1cc2c(c(-c3c(Cl)cccc3Cl)c1)C(c1ccc(Cl)cc1)N(c1cc(Cl)cn(C3CC(O)(CO)C3)c1=O)C2=O,中毒,6.3808517,8.960914,0.182666877,3.916990494
c1n[nH]nc1-c1cc2c(c(-c3cc4c(n3-c3ccc(Cl)c(Cl)c3)C2)C(c2ccc(Cl)cc2)N(c2cc(Cl)cn(C4CC6(C(O)F)CC6)c4c2)C1,高毒,593.0783,84.56108,,
c1n[nH]nc1-c1cc2c(c(-c3nc(-c4ccccc4C5CC56CC6(OC6)OC6N(OC2F)C76)nn3CCc3ccccn3)CN(C3CCCCC3)CC2)n1,高毒,593.0783,84.56108,,
c1n[nH]nc1-c1cc2c(n1-c1ccc(Cl)cc1F)C(c1ccc(Cl)cc1)N(c1cc(Cl)cn(C3CC(O)(CO)C3)c1=O)S2(=O)=O,中毒,48.445587,46.02951,0.230152958,4.216018248
c1n[nH]nc1-c1nc2c(c(-c3ccnn3Cc3ccccc3Cl)c1)C(c1ccc(Cl)cc1)N(c1cc(Cl)cn(C3CC(O)(CO)C3)c1=O)C2=O,中毒,26.553892,12.110745,0.180132131,4.139760223
c1n[nH]nc1-c1cc2c(cc1-c1ccn(-c3ccnc(NC(=O)c4ccno4)c3)c1=O)C(c1ccc(Cl)cc3)N(c3cc(Cl)cn(C5CC(O)(CO)C5),高毒,593.0783,84.56108,,
c1n[nH]nc1-c1cc2c(c(-c3c(Cl)cccc3Cl)c1)C(c1ccc(Cl)cc1)N(c1cc(Cl)cn(C3CC(O)(CO)C3)c1=O)C2=O,中毒,6.3808517,8.960914,0.182666877,3.916990494
c1n[nH]nc1-c1nc2c3ccn(C4CCCC4)c3c(F)c(-c3ccc(Oc4ccc(F)c(F)c4)cn3)c2c1Nc1ccn(C23CC4CC(CC(C4)C2)C3)c,高毒,593.0783,84.56108,,
c1n[nH]nc1-c1cc2n(c1=O)C(c1ccc(Cl)cc1)N(c1cc(Cl)cn(C3CC(O)(CO)C3)c1=O)C2(CCl)Cc1ccc(F)cc1,高毒,593.0783,84.56108,,
c1n[nH]nc1-c1nc(-c2c(F)ccc3oc(-c4cccs4)cc23)c(Cl)c1CN1CC2(COC2=O)C(O)C(O)C1O,高毒,593.0783,84.56108,,
c1n[nH]nc1-c1cc2c(n1-c1ccc(Cl)cc1F)C(c1ccc(Cl)cc1)N(c1cc(Cl)cn(2)CC1(O)C1CC1)C3,高毒,593.0783,84.56108,,
c1n[nH]nc1-c1cc2c(-c3cc(F)c(F)cc3)ncnc2c2c3cc(-c4cnc5ccccc5n4)cn3cc12,高毒,593.0783,84.56108,,
c1n[nH]nc1-c1cc2c(n1-c1ccc(Cl)cc1)C(c1ccc4c(c1)OCO4)NN(c1cc(Cl)cn(CC4CC4)c1=O)C3=O,高毒,593.0783,84.56108,,
c1n[nH]nc1-c1cc2c(c(-c3cc(Cl)ccc3Cl)c1)C(c1ccc(Cl)cc1Cl)N(c1cc(Cl)cn(C)c1=O)C3=O,高毒,593.0783,84.56108,,
c1n[nH]nc1-c1cc2c(n1-c1ccc(Cl)cc1F)C(c1ccc(Cl)cc1)N(c1cc(Cl)cn(C3CC(O)(CO)C3)c1=O)C2=O,中毒,12.488247,11.513729,0.22687237,4.043844886
c1n[nH]nc1-c1cc2c(c(-c3c(F)cccc3F)c1)C(c1ccc(Cl)cc3)N(c2cc(Cl)cn(C3CC(O)(CO)C3)c1=O)C2=O,高毒,593.0783,84.56108,,
c1n[nH]nc1-c1ccc(Br)c2c(CSc3nc(-c4ccsc4)ns3)cnc1c21,高毒,593.0783,84.56108,,
c1n[nH]nc1-c1cc2c(c(-c3ccc(Cl)cc3)c1)C(c1ccc(F)cc1)N(c1cc(Cl)cn(C3CC(O)(CO)C3)c1=O)C2=O,中毒,15.809174,8.960914,0.225528973,3.817576037
c1n[nH]nc1-c1cc2c(n1-c1ccc(Cl)cc1)C(c1ccc(Cl)cc1)N(c1cc(Cl)cn(C3CC(O)(CO)C3)c3=O)C1,高毒,593.0783,84.56108,,
c1n[nH]nc1-c1ccc2c(c1)N(c1cc(C3CC3)on1)C(c1ccc(Cl)cc1)N(c1cc(Cl)cn(C3CC(O)(CO)C3)c1=O)C2=O,中毒,13.346145,34.717995,0.209409564,4.153409499
c1n[nH]nc1-c1cc2c(n1-c1ccc(F)cc1F)C(c1ccc(C#N)cc1)N(c1cc(Cl)cn(c1)C1CC1)C2=O,高毒,593.0783,84.56108,,
c1n[nH]nc1-c1cc2c(n1-c1ccc(Cl)cc1F)C(c1ccc(Cl)cc1)N(c1cc2c(cc1O)C(=O)NC3)C1CC1,高毒,593.0783,84.56108,,
c1n[nH]nc1-c1cc2c(c(-c3c(Cl)cccc3Cl)c1)C(c1ccc(Cl)cc1)N(c1cc(Cl)c(=O)n(C3CCS(=O)(=O)C3)c1=O)C2=O,高毒,593.0783,84.56108,,
c1n[nH]nc1-c1cc2n(c1-c1ccnc(Cl)c1)C(c1ccc(Cl)cc1)N(c1ccc(Cl)c(Cl)c1)C1=NC2=O,高毒,593.0783,84.56108,,
c1n[nH]nc1-c1cc2c(-c3nc4ccn(Cl)cc4c3Cl)nccc2s1,中毒,5.177774,90.629166,0.476438581,3.656862617
c1n[nH]nc1-c1cc2n(n1)C(c1ccc(Cl)cc1)Nc1c(c(Cl)cnc1OC13CC4CC(CC(C4)C1)C3)C2,中毒,16.335857,16.63892,0.311893352,5.226702313
c1n[nH]nc1-c1cc2c(c(-c3nc(-c4nn[nH]n4)c(-c4ccoc4)n3)c1)CN(c1cc(Cl)c(cn3C)c1)CC2c1ccc(C#N)cc1,高毒,593.0783,84.56108,,
c1n[nH]nc1-c1cc2c(c(-c3c(Cl)cccc3Cl)c1)C(c1ccc(Cl)cc1I)N(c1cc(Cl)cn(C3CC(O)(CO)C3)c1=O)C2=O,中毒,15.809174,8.960914,0.154594839,4.13055772
c1n[nH]nc1-c1cc2c(c(-c3cc(Cl)c(Cl)cc3Cl)c1)C(c1c(Cl)cccc1Cl)N(c1cc(Cl)cn(C3CCC(O)C3)c1=O)C2=O,中毒,12.278992,8.960914,0.175441181,4.406159868
c1n[nH]nc1-c1cc2c(n1-c1ccc(Cl)cc1Cl)C(c1ccc(Cl)cc1)N(c1cc(Cl)cn(C3CC(O)(CO)C3)c1=O)C2=O,中毒,18.205946,11.513729,0.207895129,4.033490665
c1n[nH]nc1-c1cc2c(c(-c3cn(C4CCOCC4)c4oc(-c5nc(N6CCOCC7)nnc56)c5c4ncn34)CCNCC4)c(F)c12,高毒,593.0783,84.56108,,
c1n[nH]nc1-c1cc2c(c(-c3c(Cl)cncc3Cl)c1)C(c1ccc(Cl)cc1)N(c1cc(C(F)(F)F)ccc1F)C3c1csc(-c4cc[nH]n4)c3c1=,高毒,593.0783,84.56108,,
c1n[nH]nc1-c1cc2c(n1-c1ccc(Cl)cc1Cl)C(c1ccc(Cl)cc1)N(c1cc(Cl)cn(C3CC(O)(CO)C3)c1=O)C2=O,中毒,18.205946,11.513729,0.207895129,4.033490665
c1n[nH]nc1-c1cc2c(c(-c3c(Cl)cccc3Cl)c1)C(c1ccc(Cl)cc1)N(c1cc(Cl)cn(C3CC(O)(CO)C3)c1=O)C2=O,中毒,6.3808517,8.960914,0.182666877,3.916990494
c1n[nH]nc1-c1cc2c(n1-c1ccc(Cl)c(Cl)c1)C(c1ccc(Cl)cc1)N(c1cc(Cl)cn(C3CC(O)(CO)C3)c1=O)C2=O,中毒,14.882899,11.513729,0.207895129,4.029063273
c1n[nH]nc1-c1cc2oc(-c3cn[nH]c3)cc2c1-c1cnc(Cl)c(NS(=O)(=O)c2cccs2)c1,高毒,593.0783,84.56108,,
c1n[nH]nc1-c1c[nH]c2cc(-c3nnc4c5ccnnc5n(-c5ccnc(C6CCOCC6)c5)c4c34)cc12,高毒,593.0783,84.56108,,
c1n[nH]nc1-c1cc2c(c(-c3c(Cl)cccc3Cl)c1)C(c1ccc(Cl)cc1)N(c1cc(Cl)cn(C3CC(O)(CO)C3)c1=O)C2=O,中毒,6.3808517,8.960914,0.182666877,3.916990494
c1n[nH]nc1-c1cc2c(cn1)c(C(F)(F)F)c(=O)n(C1CC(F)(F)F)C(N3CC3)c12,中毒,5.9016833,17.374432,0.56876061,5.513293281
c1n[nH]nc1-c1cc2sc3nc(-c4ccc5cnn(Cc6csc(F)c6)c5c4)cc3c(SC3CCN(Cc4ccc5c(n4)NC(=O)CS7)CC5)c3c2c1,高毒,593.0783,84.56108,,
c1n[nH]nc1-c1cc2c(n1-c1ccc(F)cc1F)C(c1ccc(Cl)cc1)N(c1cc(Cl)cn(C3CC(O)(CO)C3)c1=O)C2=O,中毒,12.488247,11.513729,0.244621212,4.0385462
c1n[nH]nc1-c1cc2c(c(-c3c(Cl)ccc(F)c3F)c1)C(c1ccc(Cl)cc1)N(c1cc(Cl)cn(C3CC(O)(CO)C3)c1=O)C2=O,中毒,6.3808517,8.960914,0.179322845,4.013109883
c1n[nH]nc1-c1cc2n(c1-c1cn(-c3ccn(Cc4cn(-c5cnc8nc(CC(F)(F)F)nc6=O)nn5)c4c3C(c3ccc(Br)cc3F)=NOC4)n1)C,高毒,593.0783,84.56108,,
c1n[nH]nc1-c1nc2c(n1-c1ccc(Cl)cc1)C(c1ccc(Cl)cc1)N(c1cc(Cl)cn(C3CC(O)(CO)C3)c1=O)C2=O,中毒,23.043425,34.717995,0.247048027,3.985087677
c1n[nH]nc1-c1cc2c(c(-c3cnc4c(-c5ccc(Cl)cc5)cn(S(=O)(=O)c5ccccc5F)c34)c2)COC1,高毒,593.0783,84.56108,,
c1n[nH]nc1-c1cc2c3c(n(-c4cc5c(n4c3=O)C(c3cn(-c7cccc(Cl)c7)nn4)CC3F)CCC3N(C5)CC2)c(F)c1,高毒,593.0783,84.56108,,
c1n[nH]nc1-c1cc2c(n1-c1cccnc1F)C(c1ccc(Cl)cc1)N(c1ccCl)c(c1)C1CCC1,高毒,593.0783,84.56108,,
c1n[nH]nc1-c1cc2c(c(-c3cn(Cc4cc(OCc5ccccc5)cc(C(F)(F)F)c5)nn4)c12)C(c1ccc(Cl)cc1)N(c1cc(Cl)cn(C)c1=O,高毒,593.0783,84.56108,,
c1n[nH]nc1-c1cc2c(c(-c3c(Cl)cccc3Cl)c1)C(c1cccs1)N(c1cc(Cl)cn(C3CC(O)(CO)C3)c1=O)C2,中毒,6.690411,8.519041,0.195934526,4.049926362
c1n[nH]nc1-c1cc2c(cc1-c1cncnc1)Oc1cc(S(=O)(=O)Nc3nnc(-c4cccnc4)cc3Cl)cc1CC2,高毒,593.0783,84.56108,,
c1n[nH]nc1-c1nc2c(n1C4C1CC(F)(F)C1)C(c1ccc(-c4ccc5ncc(Cl)cc5n4)cc3)(C(=O)N(C3CC(O)(C5)C3)C4)C2C(C2C,高毒,593.0783,84.56108,,
c1n[nH]nc1-c1cc2c(c(-c3coc(=O)c3F)c1)C(c1ccc(Cl)cc1)N(c1cc(Cl)cn(C3CC(O)(CO)C3)c1=O)C2=O,高毒,593.0783,84.56108,,
c1n[nH]nc1-c1cc2c(c(-c3cc(I)c(O)c(Br)c3)c1)C(c1ccc(Cl)cc1)N(c1cc(Cl)cn(C3CC(O)(CO)C3)c1=O)C2=O,中毒,7.4282966,8.960914,0.143376423,4.121308922
c1n[nH]nc1-c1cc2oc(-c3ccc4c(c3)OCO4)cc(=O)c2c1,高毒,593.0783,84.56108,,
c1n[nH]nc1-c1cc2c(c(-c3ccoc3)c1)C(c1ccc(Cl)cc1)N(c1cc(Cl)cn(C3CC(O)(CO)C3)c1=O)C2=O,中毒,6.3808517,8.960914,0.24792404,3.992660299
c1n[nH]nc1-c1cc2c(c(-c3c(Cl)cccc3Cl)c1)C(c1ccc(Cl)cc1)N(c1cc(Cl)cn(C3CC(O)(CO)C3)c1=O)C2=O,中毒,6.3808517,8.960914,0.182666877,3.916990494
c1n[nH]nc1-c1cc2c(c(-c3ccsc3)c1)C(c1ccc(Cl)cc1)N(c1cc(Cl)cn(C3CC(O)(CO)C3)c1=O)C2=O,中毒,7.6477833,13.447941,0.231210682,3.953818928
c1n[nH]nc1-c1cc2c(c(-c3ccc4[nH]nc(-n5c(-c6nc7ccc(Br)cc7s6)c6nc(N6CCOCC6)nn56)c5=O)CC3)cc(-c3cc(Br)cc,高毒,593.0783,84.56108,,
c1n[nH]nc1-c1cc2c(n1-c1ccc(N3CCOCC3)nc1)c(Cl)c(=O)c(C(=O)N1CCOCC1)C3,高毒,593.0783,84.56108,,
c1n[nH]nc1-c1cc2c(c(-c3ccc(F)cc3)c1)C(c1ccc(#N)cc1)N(c1cc(Cl)cn1)C(=O)c1cnc(N3CCOCC3)c(c1)C3=O,高毒,593.0783,84.56108,,
c1n[nH]nc1-c1cc2c(c(-c3c(F)cc(F)cc3F)c1)C(c1ccc(Cl)cc1)N(c1cc(Cl)cn(C3CC(O)C(O)C3)c1=O)C2=O,中毒,6.3808517,8.960914,0.216673925,4.382554859
c1n[nH]nc1-c1cc2c(n1-c1ccc(Cl)cc1)C(c1ccc(Cl)cc1)N(c1cc(Cl)cn(C3CC(O)(CO)C3)c1=O)C2=O,中毒,14.882899,11.513729,0.235038859,3.958725058
c1n[nH]nc1-c1nc2c(c(-c3cc(Cl)cnc3Cl)n1)COC(c1cn(-c3ccc(Oc6ccc(F)cc6F)c(NCCO)c5=O)c3)C(c3ccc(F)cc3F)(,高毒,593.0783,84.56108,,
c1n[nH]nc1-c1cc2c(n1-c1ccc(Oc3ccc(F)cc3)cc1)C(c1ccc(Cl)cc1)N(c1cc(Cl)cn(C3CC(O)(CO)C3)c1=O)C2=O,中毒,38.99518,11.513729,0.164453705,4.001566832
c1n[nH]nc1-c1cc2c(c(-c3c(Cl)cccc3Cl)c1)C(c1ccc(Cl)cc1)N(c1cc(Cl)cn(C3CC(O)(CO)C3)c1=O)C2=O,中毒,6.3808517,8.960914,0.182666877,3.916990494
c1n[nH]nc1-c1cc2c(c(-c3c(Cl)cccc3Cl)c1)C(c1ccc(Cl)cc1)N(c1cc(Cl)cn(C3CC(O)(CO)C3)c1=O)C2=O,中毒,6.3808517,8.960914,0.182666877,3.916990494
c1n[nH]nc1-c1cc2c(cc1-c1ccc(Cl)cc1)C(c1ccc(Cl)s1)N(c1ccCl)C1(C(=O)N3CCC1)C3c1ccc(Cl)cc1F,高毒,593.0783,84.56108,,
c1n[nH]nc1-c1nc2c(c(N3C4CCC3COC4)n1)CN(c1ncc(F)cn1)C(=O)C2,中毒,13.209466,29.271757,0.645946956,4.883649799
c1n[nH]nc1-c1cc2c3c(c(-c4c(Cl)cccc4Cl)c2cc1F)C(c1ccc(Cl)cc1)N(c1csc(C2CCOCC2)c1)-c1nc2c(C#N)c(Cl)cc(Cl),高毒,593.0783,84.56108,,
c1n[nH]nc1-c1cc2c(c(-c3ccc4c(n3)-c3cc5c(F)cccc5n2-5)COC(CO)C4)c1,高毒,593.0783,84.56108,,
c1n[nH]nc1-c1cnc2[nH]c3c(c2c1)CN(Cc1ccc(Oc2ccc(C(F)(F)F)nc2)cc1)C3,中毒,3.563507,19.103241,0.367056435,3.017063837
c1n[nH]nc1-c1cc2c(n1)-c1c(nn(C3CNC3=O)c1)C(c1ccc(Cl)cc1)N(c1cc(Cl)cn(C4CC(O)(CO)C4)c1=O)C3=O,高毒,593.0783,84.56108,,
c1n[nH]nc1-c1cc2c(c(-c3c(Cl)cccc3Cl)c1)C(c1ccc(Cl)cc1)N(c1ccnc(Cl)c1)C3c1cc(Cl)ccc1-n1c3c(c(c4cnccc44)C,高毒,593.0783,84.56108,,
c1n[nH]nc1-c1cc2c(n1-c1ccc(F)cc1F)C(c1cccOC3(C(F)(F)F)C(=O)N(c4cc(Cl)cn(C6CC(O)(C(=O)O)C6)c5)c4nc3s,高毒,593.0783,84.56108,,
c1n[nH]nc1-c1cc2c(n(-c3ccc(Cl)cc3)c1=O)C(c1ccc(Cl)nc1)N(c1cc(Cl)cn(C3CC(O)(CO)C3)c1=O)C2=O,中毒,51.50488,12.110745,0.229942739,4.123157527
c1n[nH]nc1-c1c[nH]c2ncnc(-c3c(-c4ccsc4)c(-c4ccc(Cl)cc4F)c4c(-c5ccccc5)nn(-c6ccc7nonc7c6)c5c4C3)c12,高毒,593.0783,84.56108,,
c1n[nH]nc1-c1cc2c(c(-c3c(Cl)cccc3Cl)c1)C(c1ccc(Cl)cc1)N(c1cc()cc(C4CC4)c3C1=O)C2c1cn2c(n1)CC1C=C(N(CC,高毒,593.0783,84.56108,,
c1n[nH]nc1-c1cc2c(c(-c3c(F)cccc3F)c1)C(3N1CC1)C(c1ccc(Cl)cc1)N(c1cc(Cl)cn(C3CC(O)(CO)C3)c1=O)C2=O,高毒,593.0783,84.56108,,
c1n[nH]nc1-c1cc2c(c(-c3c(Cl)cccc3Cl)c1)C(c1cccnc1Cl)N(c1cc(Cl)cn(C3CC(O)(CO)C3)c1=O)C2=O,中毒,7.6477833,8.519041,0.18355098,4.105163022
c1n[nH]nc1-c1nc(C2CCC(Oc3ccc(-c4nn(C5=NCCOCC5)nc4-c4ccncc4)CC3)cc2)c(-c2csc3ncnc(-c4cnc(OC5CCO(CO),高毒,593.0783,84.56108,,
c1n[nH]nc1-c1cc2c(n1-c1ccc(Cl)cc1)C(c1ccc(Cl)cc1)N(c1cc(Cl)cn(C3CC(O)(CO)C3)c1=O)C2=O,中毒,14.882899,11.513729,0.235038859,3.958725058
c1n[nH]nc1-c1cc2c(c(-c3c(Cl)cccc3Cl)c1)C(c1ccc(Cl)cc1)N(c1cc(Cl)cn(C3CC(O)(CO)C3)c1=O)C2=O,中毒,6.3808517,8.960914,0.182666877,3.916990494
c1n[nH]nc1-c1cnc2c(Nc3ccc(Cl)c(Cl)c3)nc(N3CCOCC3)nc2c1=O,高毒,593.0783,84.56108,,
c1n[nH]nc1-c1cc2c((Br)c1)C(c1ccccn1)c1nc(-c3cc5ccccc5s3)oc1c1OC2,高毒,593.0783,84.56108,,
c1n[nH]nc1-c1cc2c(nc1Nc1cc(F)c(Cl)c(Cl)c1)C(c1ccc(Cl)cc1)N(c1cc(Cl)cn(C3CC(O)C(O)C3)c1=O)C2=O,中毒,13.216523,14.418226,0.149055646,4.582602267
c1n[nH]nc1-c1cc2c(c(-c3c(Cl)cccc3Cl)c1)C(c1ccccc1)N1(c2ccc(Cl)cc2)C(c2ccc(Cl)cc2)N(c2cc(Cl)cn(C3CCOCC3),高毒,593.0783,84.56108,,
c1n[nH]nc1-c1cc2c(c(-c3c(Cl)cccc3Cl)c1)C(c1ccc(Cl)cc1)N(c1cc(Cl)cn(C3CC(O)(CO)C3)c1=O)C2=O,中毒,6.3808517,8.960914,0.182666877,3.916990494
c1n[nH]nc1-c1cc2c(n1-c1ccc(F)cc1F)C(c2ccc(Cl)cc2)N(c2cc(Cl)cn(C3CC5CC5(O)C3)c1=O)C3=O,高毒,593.0783,84.56108,,
c1n[nH]nc1-c1cc2c(cc1-c1ccc(Cl)cn1)C(c1ccc(Cl)cc1)N(c2c[nH]c(=O)c(Cl)c1)C3c1cccc(C(=O)O)c3c1,高毒,593.0783,84.56108,,
c1n[nH]nc1-c1nc2c(c(-c3ccc4c(n3)-c3cc(OC5CCOCC5)c(F)cc4F)c1C(c1ccc(F)cc1)N(c1cc(Cl)cn(C5CC(O)(CO)C5,高毒,593.0783,84.56108,,
c1n[nH]nc1-c1cc2c(c(-c3cc(F)cc(Cl)c3)c1)C(c1ccc(Br)cc1)N(c1cc(Cl)cn(C3CC(O)(CO)C3)c1=O)C2=O,中毒,6.3808517,8.960914,0.18967439,3.982769615
c1n[nH]nc1-c1cc2c(n1-c1ccc(F)cc1F)C(c1ccc(Cl)cc1)N(c1cc(Cl)cn(C3CC(O)(CO)C3=O)c1=O)C2=O,中毒,23.909687,11.513729,0.251297681,4.61523862
c1n[nH]nc1-c1c(C2C(C#N)=C(N)OC3=C2C(=O)CC(C(F)(F)F)C3)c2c(F)ccc(Cl)c2c1-c1cc(Cl)cc(C(F)(F)F)c1,高毒,593.0783,84.56108,,
c1n[nH]nc1-c1cc2c(n1-c3ccccc3c1=O)C(c1ccc(Cl)cc1)N(c1cc(Cl)cn(C4CC(O)(CO)C4)c1=O)C2=O,高毒,593.0783,84.56108,,
c1n[nH]nc1-c1cc2c(n1-c1ccc(F)cc1F)C(c1cc2cc(Cl)ccc2nc1OC1CCC(O)(CO)C1)C(c1ccc(F)cc1)N(c1ccCl)C(=O)C1,高毒,593.0783,84.56108,,
c1n[nH]nc1-c1cc2c(c(-c3c(Cl)cccc3Cl)c1)C(c1ccc(Cl)cc1)N(c1cc(Cl)cn(C3CC(O)(CO)C3)c1=O)C2=O,中毒,6.3808517,8.960914,0.182666877,3.916990494
c1n[nH]nc1-c1cc2c(n1-c1ccc(F)c(Cl)c1)C(c1ccc(Cl)cc1)N(c1cc(Cl)cn(C3CC(O)C(O)C3)c1=O)C2=O,中毒,14.882899,11.513729,0.234878019,4.427722656
c1n[nH]nc1-c1cnc2cn[nH]c(=O)c2c1,高毒,13.613354,96.713264,0.598072202,2.893054204
c1n[nH]nc1-c1cc2c(nc(Cc3nccs3)c(=O)n2CCN2CCCCC2)c1N1CC(c2nc(-c3cc[nH]n3,高毒,593.0783,84.56108,,
c1n[nH]nc1-c1cc2c(n1-c1ccc(Cl)cc1F)C(c1ccc(Cl)cc1)N(c2cc(Cl)cn(C3CC(O)(CO)C3)c1=O)C2,高毒,593.0783,84.56108,,
c1n[nH]nc1-c1cc2c(c(-c3cn(-c4cc(C(N)=O)c5ncsc55)c3)C(c3ccc(Cl)cc3)N(c3cc(Cl)cn(C5OC(CO)C(O)C5O)c4=O),高毒,593.0783,84.56108,,
c1n[nH]nc1-c1ccc(-c2ccc3c(C=Cc4cn[nH]c4)cc(-c4cncc(N5CC6CC6C5)n5)cc34)cc2c1,高毒,593.0783,84.56108,,
c1n[nH]nc1-c1cc2c(n1-c1ccc(F)cc1F)C(c1ccc(Cl)cc1)N(c1cc(Cl)cn(C3CC(O)(CO)C3)c1=O)C2=O,中毒,12.488247,11.513729,0.244621212,4.0385462
c1n[nH]nc1-c1cc2c(c(-c3nc(-c4nc(C(=O)O)co4)c(-c4ccc(Cl)cc4)c3C(c3ccco3)C3CCC3)C1)C(c1ccc(Cl)cc1)N(c1,高毒,593.0783,84.56108,,
c1n[nH]nc1-c1nc2c(ncN3CCn4cc(-c5ccnc6ccc(Cl)cc56)cc34)nc(SC3CCOC3)c12,高毒,593.0783,84.56108,,
c1n[nH]nc1-c1cc2c(c(-c3c(Cl)ccnc3Cl)cOc1=O)C(c1ccc(Cl)cc1)N(c1cc(Cl)cc(C(F)(F)F)c1Cl)C3=O,高毒,593.0783,84.56108,,
c1n[nH]nc1-c1cc2c(c(-c3c(Cl)cccc3Cl)n1)C(c1cccc(Cl)c1)N(c1cc(Cl)cn(n1)C3=O)C2=O,高毒,593.0783,84.56108,,
c1n[nH]nc1-c1cc2c(c(-c3ccc(Cl)cc3)c1)C(c1ccc(Cl)cc1)N(c1cc(Cl)cn(C3CC(O)(CO)C3)c1=O)C2=O,中毒,6.3808517,8.960914,0.205435647,3.81469291
c1n[nH]nc1-c1cn2c(-c3ccc(=NOC4CCNCC4)c3)cnc2c1-c1cc2c(n1)-c1cc(Cl)cc(Cl)c1CC2,高毒,593.0783,84.56108,,
c1n[nH]nc1-c1nc(Nc2sc3c(c2C#N)C=C(Cl)CC(c2ccco2)NCC3)c(Cl)c1,高毒,593.0783,84.56108,,
c1n[nH]nc1-c1cc(N2CCC(N3CC4(CO4)C3)C3(F)C2)c(Cl)c1,高毒,593.0783,84.56108,,
c1n[nH]nc1-c1cc2c(n1Cc1ccc(Cl)c(Cl)c1)C(c1ccc(Cl)cc1)N(c1cc(Cl)c(=O)n(C3CC3)c1)C3=O,高毒,593.0783,84.56108,,
c1n[nH]nc1-c1cn2c(-c3ccc4c(n3)-c3cc5c(F)c(F)ccc5nc3Sc3cc(OCCNCCO)c(F)cc3-4)nsc2c1F,中毒,53.967606,10.232682,0.129218602,3.977507314
c1n[nH]nc1-c1c(-c2cc(F)cc(Cl)c2)nc2c(C(F)(F)F)cc(-c3ccc4c(n3)-c3cc5c(F)cccc5n3C5OC(CO)C(O)C5O)cc3nc,高毒,593.0783,84.56108,,
c1n[nH]nc1-c1cc2c(c(-c3ccc4c(n3)-c3cc5c(F)ccc(F)c5nc3F)C(C3)N(CC3CCOCC3)C5)nc12,高毒,593.0783,84.56108,,
c1n[nH]nc1-c1cnc2[nH]cnc2c1,中毒,18.752508,94.52358,0.586795457,3.021099267
c1n[nH]nc1-c1cc2c(n1-c1ccc(Cl)cc1)C(Cc1cc(Cl)cc(Cl)c1)N(c1cc(Cl)cn(C3CC(O)(CO)C3)c1=O)C2=O,中毒,38.99518,33.968105,0.191654616,4.124872912
c1n[nH]nc1-c1cc2c(n1-c1ccc(cc1)c1cc(Cl)ccc1Oc3ccc(Cl)cc3c1)C(c1ccc(Cl)c(F)c1)N(c1cc(Cl)c(=O)oc1=O)C1=O,高毒,593.0783,84.56108,,
c1n[nH]nc1-c1cc2c(c(-c3ccc4c(n3)Nc3cc5c(cc4c2Br)CCC5)CF)CN(CCC2(c4ccccn4)CC2)C(CCO)C1,高毒,593.0783,84.56108,,
c1n[nH]nc1-c1cc2c(c(-c3cccc4c(=O)[nH]ccc34)c1)CN(c1cc(-c4ccccn4)cnc13)C2,高毒,593.0783,84.56108,,
c1n[nH]nc1-c1cc2c(n1-c1ccc(F)cc1)C(c1ccc(Cl)cc1)N(c1cc(Cl)cn(C3CC(O)C(O)C3)c1=O)C2=O,中毒,14.882899,11.513729,0.261665097,4.34441154
c1n[nH]nc1-c1cc2c(cc1-c1cncnc1)C(c1ccc(Cl)cc1)N(c1ccc2nc3nonc3cc1F)C21CCS(=O)(=O)C1,高毒,593.0783,84.56108,,
c1n[nH]nc1P(c1ccccc1)(c1ccccc1)c1cccnc1,微毒,50.57962,84.56108,0.577089806,3.774109727
c1n[nH]nc1-c1cc2c(c(-c3c(Cl)cccc3Cl)c1)C1(c3cc(Cl)ccc3F)CC3(C(=O)NC6CC5CC(C4)CC5)C(C2)N(C2CC2)CC13,高毒,593.0783,84.56108,,
c1n[nH]nc1-c1cc2c(n1-c1cccc(F)c1)C(c1ccc(Cl)cc1)N(c1cc(Cl)cn(C3CC(O)(CO)C3)c1=O)C2=O,中毒,14.882899,11.513729,0.252765996,3.996525058
c1n[nH]nc1-c1c(Oc2ccc(-c3ccccc3-c3ccc(C(=O)O)cc3O)cc2)cc(OC2CCN(C3CCC3)CC2)cc1=O,高毒,593.0783,84.56108,,
c1n[nH]nc1-c1cc2n(c1-c1c(Cl)cccc1Cl)C(c1ccc(Cl)cc1)N(c1cc(Cl)cn(C3CC(O)(CO)C3)c1=O)C2=O,中毒,32.68572,13.503714,0.203710654,4.13633044
c1n[nH]nc1-c1nc2cc(-n3nccc3C(CO)O)ccc2c(=O)n1-c1ccc(OC(F)(F)F)cc1,低毒,14.101112,38.447506,0.3228869,3.552053846
c1n[nH]nc1P(c1ccccc1)(c1ccccc1)c1cccc[n+]1[O-],低毒,30.964582,53.895794,0.336816789,3.912348326
c1n[nH]nc1-c1cc2c(n1-c1ccc(Cl)cc1F)c1sc(C3=CC(c4cccc(F)c4)=NN3)c(-c3cc4c(cn3)C(=O)CC(C)(C)C5)nc12,高毒,593.0783,84.56108,,
c1n[nH]nc1-c1cc2c(n1-c1ccc(Cl)cc1Oc1ccc(Cl)cc1)CC(c1ccc(Cl)cc1)N(c1cc(Cl)cn(C3CC(O)(CO)C3)c1=O)C3=O,高毒,593.0783,84.56108,,
c1n[nH]nc1-c1cc2c(c(-c3c(Cl)cccc3Cl)c1)C(c1ccc(Cl)cc1)N(c1ccCl)C(c3ccc(Cl)cc3)N(c3ccc(Cl)c3)C(=O)C1=C2,高毒,593.0783,84.56108,,
c1n[nH]nc1-c1nc2c(c(-c3csc(Cc4cn5c(n4)N(c4cc(F)c(=O)n(C7CC(C)(O)C7)n(C7CC7)c56)c4=O)C(N)=O)C(=O)CC,高毒,593.0783,84.56108,,
c1n[nH]nc1-c1ccc(Oc2ccc(-n3c4nc(cc5ccccc56)c(=O)c5c6oncc6nc55)cc4-c4cnc(N6CCN(CC6CC6)C6)nc54)nc3c2,高毒,593.0783,84.56108,,
c1n[nH]nc1-c1cc2n(c1-c1cc(Cl)cc(I)c1)C(c1ccc(Cl)cc1)N(c1cc(O)c(=O)c(C(=O)O)c1)C2=O,高毒,593.0783,84.56108,,
c1n[nH]nc1-c1nc2c(c(-c3ccnc(C(c4ccc(Cl)cc4)c4nnn(Cc5ccccc5)c4=O)c(=O)n3)COCC3)c1,高毒,593.0783,84.56108,,
c1n[nH]nc1-c1cc2c(c(-c3c(F)cccc3F)c1)C(c1ccc(Cl)cc1)N(c1cc(Cl)cn(C3CC(O)(CO)C3)c1=O)C2=O,中毒,6.3808517,8.960914,0.216988584,3.927417967
c1n[nH]nc1-c1csc(SCc2nnc3c4cc(-c5ccco5)cc(C(F)(F)F)c5nc3n24)n1,高毒,593.0783,84.56108,,
c1n[nH]nc1-c1cc2c(c(-c3c(Cl)cccc3C(F)(F)F)c1)C(c1ccc(Cl)cc1)N(c1cc(Cl)cn(C3CC(O)(CO)C3)c1=O)C2=O,中毒,6.3808517,13.447941,0.172538353,4.055035511
c1n[nH]nc1-c1cnc(-c2cc[nH]c(=O)c2)c1-c1ccc(O)c(Cl)c1,高毒,593.0783,84.56108,,
c1n[nH]nc1-c1cc2c(c(-c3noc(-c4cn[nH]c4=O)c3)n1)CN(C(=O)COs1)(c1ccc(F)cn1)C(c1ccc(Cl)cc1)C2,高毒,593.0783,84.56108,,
c1n[nH]nc1-c1nn2cc(-c3cc4c(o3)CCOc3ccc(F)cc3-4)nc2c1-c1ccccc1,高毒,593.0783,84.56108,,
c1n[nH]nc1-c1cc2c(c(-c3ccc4c(n3)n3ncccc33)C1)C1(COC1)C1(C4=O)Nc4nc5[nH]c(N6C7=NC7COC7)cc7n6c5CC6(O,高毒,593.0783,84.56108,,
c1n[nH]nc1-c1cc2c(n1-c1ccc(Cl)cc1F)C(c1ccc(OC3CC3)cc1)N(c1cc(Cl)cn(C3CC(O)C(O)C3)c3=O)C1=O,高毒,593.0783,84.56108,,
c1n[nH]nc1-c1nc2c(s1)CC(c1ccc(-c3nnc(C4CSC5(C(=O)Nc6cc(Cl)cnc66)N45CC5)cc3)(4)C=C3)cc12,高毒,593.0783,84.56108,,
c1n[nH]nc1-c1cnc2[nH]c(-c3cnc4scc(-c5nsc(-c6cccn6)c5)c4c3)c2c1,高毒,593.0783,84.56108,,
c1n[nH]nc1-c1cc2c(c(-c3c(Cl)csc3Cl)c1)C(c1ccc(Cl)cc1)N(c1cc(Cl)cn(C3CC(O)(CO)C3)c1=O)C2=O,中毒,7.6477833,13.447941,0.18065289,4.162897044
c1n[nH]nc1-c1cc2c3c([nH]c2c1)Cc1c(c[nH]c1-c1ccccc1Br)C(c1cccs1)N(Cc1ccc2c(c1)OCO4)C3,高毒,593.0783,84.56108,,
c1n[nH]nc1-c1cc2c(n1-c1ccccc1F)C(c1ccc(Cl)cc1)N(c1cc(Cl)cn(C3CC(O)(CO)C3)c1=O)C2=O,中毒,12.488247,11.513729,0.252765996,3.984470894
c1n[nH]nc1-c1cc2c(n1-c1ccc(F)cc1F)C(c1ccc(Cl)cc1F)N(c1cc(Cl)cn(C3CC(O)(CO)C3)c1=O)C2=O,中毒,12.488247,11.513729,0.237075915,4.12784594
c1n[nH]nc1-c1cc2sc(Nc3cccc(NCc4cc5c(-c6ccncn6)ncnc5c(F)c4=O)c3)nc2[nH]1,高毒,593.0783,84.56108,,
c1n[nH]nc1-c1cc2c(c(-c3cnc4[nH]nnc4c3)c1)C(c1ccc2c(c1)OCO3)N(c1cc(Cl)cn(C2CC(O)(CO)C2)c1=O)C3=O,中毒,5.65161,11.513729,0.209241967,5.855623267
c1n[nH]nc1-c1cc2c(n1-c1ccc(F)cc1F)C(c1ccc(Cl)cc1)N(NS(=O)(=O)c1ccc(F)cc1)C3c1ccc(C(F)(F)F)cc3nc12,中毒,10.520923,14.3937645,0.180609008,5.634120997
c1n[nH]nc1-c1cc2c(c(-c3c(Cl)cccc3Cl)c1)C(c1ccc(Cl)cc1)N(s1)C(c1ccc(Cl)cc1)Nc1cc(Cl)cc(Cl)c12,高毒,593.0783,84.56108,,
c1n[nH]nc1-c1cc2c(c(-c3c[nH]c(=O)c4c(N)n(-c5ccc(F)cc5)nc34)C(c3ccoc3)C(c3ccc(Cl)cc3)C3(C(=O)NC(=O)N,高毒,593.0783,84.56108,,
c1n[nH]nc1-c1csc(-n2nnc(-c3ccnc6nc[nH]c5c43)n2)c1=N,高毒,593.0783,84.56108,,
c1n[nH]nc1-c1cc2cc(Oc3ccc(-c4nc5cnccc5n4)cc3)ncc2c2c1cc[n+]2CC1CCC2CC21,高毒,593.0783,84.56108,,
c1n[nH]nc1-c1nc2c(c(-c3cc(-c4cnn(C5CC5)c4)n3)C3CC3)cn(CC3CC5CCC4O3)c12,高毒,593.0783,84.56108,,
c1n[nH]nc1-c1nc2c(c(-c3ccc4c(c3)OCO4)c1OCc1ccsc1)C(c1ccc(Cl)cc1)N(c1cc(Cl)cn(C3CC(O)(CO)C3)c1=O)C2=O,中毒,36.83937,12.110745,0.154693095,4.298054623
c1n[nH]nc1-c1cc2c(n1-c1ccccc1)C(c1ccc(Cl)cc1)N(c1cc(Cl)cn(C3CC(O)(CO)C3)c1=O)C2=O,中毒,14.882899,11.513729,0.261571125,3.917985315
c1n[nH]nc1-c1n[nH]c2cc(-c3nn(C4CCN5CCC(Cc6ccccc6-c6cnccc67)C5)c(-c5cccs5)nc34)c(-c3cc3cc[nH]c3-c3c,高毒,593.0783,84.56108,,
c1n[nH]nc1-c1cnc2c(-n3cnc(-c4ccncn4)c3)nc(OCCO)nc12,高毒,593.0783,84.56108,,
c1n[nH]nc1-c1cc2c(n1-c1ccc(Cl)cc1)C(c1ccc(Cl)cc1)N(c1cc(Cl)cn(C3CC(F)(F)C3)c1=O)C2=O,中毒,22.035963,14.026334,0.225103104,3.924859001
c1n[nH]nc1-c1cn2c(c1-c1ccc(Oc4ccc(Cl)c(C(F)(F)F)c4)cc1)C(c1ccc(Cl)cc1)N(c1cc(F)c(=O)c(F)c1)C3=O,高毒,593.0783,84.56108,,
c1n[nH]nc1-c1cc2c(n1-c1ccc(F)c(Cl)c1)C(c1ccc(Cl)cc1)=c=(c1O)N(c2ccc(Cl)cc2)C(c2ccc(Cl)cc1)N(c1cc(Cl)cn(,高毒,593.0783,84.56108,,
c1n[nH]nc1-c1cc2sc(-c3cnc(N4CCN(Cc5ccnn5C5CCOCC5)CC4)cc3F)c(Cl)c2c1,高毒,593.0783,84.56108,,
c1n[nH]nc1-c1c[nH]c(=O)c2ncc(-c3ccc(CNCc4cc5ccccc5n4C4CCS(=O)(=O)CC4)cc34)cc12,高毒,593.0783,84.56108,,
c1n[nH]nc1-c1c2c(nc3c1CCN(c1ccc(C4(C(N)=O)CC6CCC(C4)N5)cc14)CNCC3)CC2,高毒,593.0783,84.56108,,
c1n[nH]nc1-c1cc2c(n1-c1ccc(F)cc1F)C(c1ccc(Cl)cc1)N(c2ccc(Cl)cc1)C5c1ccc(F)nc3cC13CC(F)(Cc2c1cc(F)cc(,高毒,593.0783,84.56108,,
c1n[nH]nc1-c1csc(-c2nc(-c3ccn(Cc4ccc5[nH]ccc5c4)c3)c3cnn(C4CCNCC4)c3c2N2CCOCC2)c1,中毒,5.466649,16.862432,0.206766017,3.731476461
c1n[nH]nc1-c1cc2c(c(-c3c(Cl)cccc3Cl)c1)C(c1ccc(Cl)cc1)N(c1cc(Cl)cn(C3CC(O)(CO)C3)c1=O)C2=O,中毒,6.3808517,8.960914,0.182666877,3.916990494
c1n[nH]nc1-c1nn(-c2ccc(Cl)cc2Cl)c2c1CN(Cc1cccnc1)CC2,低毒,5.812618,11.319952,0.535598664,2.793747274
c1n[nH]nc1-c1cc2c(c(-c3ccc(F)cc3Cl)c1)C(c1ccc(Cl)cc1)N(c1cc(Cl)cn(C3CCNCC3)c1=O)C2=O,低毒,11.314767,9.91435,0.212349904,3.759320737
c1n[nH]nc1-c1csc(-c2nc3sccn3c(=O)c2-c2cc2ccc3c(c2)OCO3)c1,高毒,593.0783,84.56108,,
c1n[nH]nc1-c1cc2c(n1-c1ccc(F)cc1F)C(c1ccc(Cl)cc1)N(c1cc(Cl)cn(C3CC(O)(CO)C3)c1=O)C2=O,中毒,12.488247,11.513729,0.244621212,4.0385462
c1n[nH]nc1-c1nc2[nH]c(-c3ccc4cc[nH]c4c3)nc2c1-c1ccc2oc3cc(O)ccc3c(=O)c2c1,高毒,593.0783,84.56108,,
c1n[nH]nc1-c1cc2c(c(-c3cc(-c4c)c(Oc5cccc6c5CN(S(=O)(=O)C6CC6)C5)cc3C(5c3ccccc5)C3)nn2C2CCCCC2)c1,高毒,593.0783,84.56108,,
c1n[nH]nc1-c1cc2c(c(-c3ccc4c(n3)-c3ccccc3N(C(=O)CN3CCOCC3)CC4)c1)CCNC2,中毒,25.112831,32.545708,0.425900789,3.132278975
c1n[nH]nc1-n1nc2c(c1=O)C(c1ccc(Cl)cc1)N(c1cc(Cl)cn(C3CC(O)(CO)C3)c1=O)C2=O,高毒,593.0783,84.56108,,
c1n[nH]nc1-c1cc2c([nH]c3ccccc32)c(=O)c11,高毒,593.0783,84.56108,,
c1n[nH]nc1-c1cc2c(c(-c3c(Cl)ccc(Cl)c3Cl)c1)C(c1ccc(Cl)cc1Cl)N(c1cc(Cl)cn(C3CC(O)(CO)C3)c1=O)C2=O,中毒,7.487971,8.960914,0.151075372,4.085913107
c1n[nH]nc1-c1coc(-c2ccncc2-c2ccco2)c1=O,高毒,593.0783,84.56108,,
c1n[nH]nc1-c1cc2c(n1-c1ccc(F)cc1)C(c1ccc(Cl)cc1)N(c1cc(Cl)cn(C4CC(O)(CO)C2)c1=O)C3=NCc1ccc2c(c1)OCO3,高毒,593.0783,84.56108,,
c1n[nH]nc1-c1cc2c(c(-c3c(Cl)cc(Cl)cc3Cl)c1)C(c1ccc(Cl)cc1)N(c1cc(Cl)cn(C3CC(O)(CO)C3)c1=O)C2=O,中毒,6.3808517,8.960914,0.168559174,3.989965172
c1n[nH]nc1-c1cc2c(n1-c1cccc(Cl)c1)C(c1cccc(Cl)c1)N(c1cc(Cl)cn(C3CC(O)(CO)C3)c3c1=O)C2=O,高毒,593.0783,84.56108,,
c1n[nH]nc1-c1cc2c(n1-c1ccc(F)c(F)c1)C(c1ccc(Cl)cc1)N(c1cc(Cl)cn(7cc(Cl)cc36)C3C1)C3=O,高毒,593.0783,84.56108,,
c1n[nH]nc1-c1cc2c(n1-c1ccc(F)cc1F)C(c1ccoc1)N(c1cc(Cl)cn(C3CC(O)(CO)C3)c1=O)C2=O,中毒,12.488247,11.513729,0.271659968,4.232047658
c1n[nH]nc1C1C=Cc2sc(N3CC4CCC(C3)N4C3COc4c(F)cc(F)cc4C3)c(=O)c2CCN1C(=O)c1cc2ccccn2n1,高毒,593.0783,84.56108,,
c1n[nH]nc1-c1cnc2c(n1)-c1ccc2c(c1)OCCC(N1CCN(c3cccc(F)c3)CC1)C2,高毒,593.0783,84.56108,,
c1n[nH]nc1-c1cc2[nH]c(-c3cnn4nnc(-c5cccs5)c4c3)nc2n1,高毒,593.0783,84.56108,,
c1n[nH]nc1-c1cc2c(n1-c1ccc(Cl)cc1)C(c1ccc(Cl)cc1)N1C3CCC3C(C1)N(C1CCC(O)CCC1)C3=O,高毒,593.0783,84.56108,,
c1n[nH]nc1-c1cc2n(n1)-c1c(Cl)c(Cl)c(Cl)c(Cl)c1C21CCN(c2nc(-c3cn[nH]c3)cc3ccccc23)CC1,中毒,29.457344,14.710186,0.160981765,4.130412807
c1n[nH]nc1-c1cc2c(c(-c3cnc4cc(Br)c(OCc5ccc6ccccc6c5)cc34)C(O)C(O)C2SCC4)c1,高毒,593.0783,84.56108,,
c1n[nH]nc1-n1cc(-c2csc(O)n2)c(-c2cccnc2)c1=O,高毒,593.0783,84.56108,,
c1n[nH]nc1-c1cnc2[nH]c(-c3cc4c(n3)-c3cnccc3C(c5cc6c(nc5F)C(=O)N(C6CC6)C5=O)C3)cc12,高毒,593.0783,84.56108,,
c1n[nH]nc1-c1cc2c(c(-c3ccc4cc[nH]c4c3)c1=O)CN(c1nc(Nc3cc(F)cnc3CN3CCOCC3)c4c(Cl)cccc4c13)C2,高毒,593.0783,84.56108,,
c1n[nH]nc1-c1cc2c(n1-c1ccc(F)cc1)C(c]c1sc(C(F)(F)F)cc1=O)C(c1ccc(Cl)cc1)N(c1cc(Cl)cn(C3CC(O)(CO)C3)c,高毒,593.0783,84.56108,,
c1n[nH]nc1-c1cc2c(n1-c1ccc(Cl)cc1F)C(c1ccc(Cl)cc1)N(c2cc(Cl)cn(C3CC(O)(CO)C3)c1)c1=O,高毒,593.0783,84.56108,,
c1n[nH]nc1-c1nc2c(c(-c3ccnn3C3CCOCC3)c1)C(c1ccc(Cl)cc1)S(=O)(=O)c1ccc(cc1)Oc1ccc(F)cc1,高毒,593.0783,84.56108,,
c1n[nH]nc1-c1cc2c(n1-c1ccc(F)cc1F)C(c1ccc(Cl)cc1)N(c1cc(Cl)cn(C3CC(O)(CO)C3)c1=O)C2=O,中毒,12.488247,11.513729,0.244621212,4.0385462
c1n[nH]nc1-c1nc2c(c(-c3cnc4[nH]ccc4c3)c1C1CC(c4ccc(Cl)cc4)=NO3)C(c3ccc(Cl)cc3)N(c3cc(Cl)cn(C4CC(O)C(O,高毒,593.0783,84.56108,,
c1n[nH]nc1-c1cc2c(c(-c3c(Cl)cccc3Cl)c1)C(c1ccc(Cl)cc1Cl)N(c1cc(Cl)cn(C3CC(O)(CO)C3)c1=O)C2=O,中毒,7.487971,8.960914,0.168559174,4.003842696
c1n[nH]nc1-c1cc2c(c(-c3cc(F)c(OCC4CC4)cn3)c1)C(c1ccc(Cl)cc1)N(c1cc(Cl)cn(C3CC(O)(CO)C3)c1=O)C2=O,中毒,15.809174,12.110745,0.17635864,4.176016051
c1n[nH]nc1-c1cnc2c(N3CCC(N(Cc4nc(-c5cc(F)c(F)cc5F)cs4)C4CC4)CC3)c(-c3ncO)cnc3c2c1,高毒,593.0783,84.56108,,
c1n[nH]nc1-c1nc2c(c(Nc3ccc(Cl)cc3)c1)C(c1ccc(Cl)cc1)N(c1cc(Cl)cn(C3CC(O)(CO)C3)c1=O)C2=O,中毒,37.24519,33.968105,0.177262058,3.930272323
c1n[nH]nc1-c1noc2cc(-c3c(F)cc4[nH]nc(-c5c(F)cc(Cl)cc5O)c4c3=O)cc12,高毒,593.0783,84.56108,,
c1n[nH]nc1-c1cc2c(n1-c1ccc(Cl)cc1)C(c1ccc(Cl)cc1)N(c1cc(Cl)cn(C3CC(O)(CO)C3)c1=O)C2,中毒,19.24008,11.513729,0.22867246,3.98368357
c1n[nH]nc1-c1cc2c(n1-c1ccc(F)cc1F)C(c1ccc(Br)cc1)N(c1cc(Cl)cn(C3CC(O)(C4)C4)c1=O)C3=O,高毒,593.0783,84.56108,,
c1n[nH]nc1-c1cc2c(-c3cnc4ccc(F)cc4c3)ncnc2cc1OCC1COCCN1,中毒,7.6347327,12.022493,0.414210946,3.554510058
c1n[nH]nc1-c1cc2c(c(-c3ccccc3)c1)C(c1ccsc1)N(c1cc(Cl)cn(C3CC(O)(CO)C3)c1=O)C2=O,中毒,9.046125,8.960914,0.262318006,3.920011802
c1n[nH]nc1-c1cc2c(c(-c3c(Cl)cccc3F)c1)C(c1ccc(Cl)cc1)N(c1cc(Cl)cn(C3CC(O)(CO)C3)c1=O)C2=O,中毒,6.3808517,8.960914,0.198124642,3.931028956
c1n[nH]nc1-c1nc2c(c(Oc3ccc(F)cc3)c1)C(c1ccc(Cl)cc1)N(c1cc(Cl)cn(C3CC(O)(CO)C3)c1=O)C2,中毒,10.393873,33.968105,0.215961138,3.975158381
c1n[nH]nc1-c1cc2c(n1-c1ccc(Cl)cc3F)C(2)c2cc(C#N)ccc2OC(c2ccc(N4CCNCC4)c(Br)c3)C(C3CC32)C1,高毒,593.0783,84.56108,,
c1n[nH]nc1-c1cc2c(c(-c3c(Cl)cccc3Cl)c1)C(3)c1cc(Cl)ccc1CC2,高毒,593.0783,84.56108,,
c1n[nH]nc1-c1cc2c(n1-c1ccccc1)C(c1ccc(Cl)cc1)N(c1cc(Cl)cn(C3CC(O)(CO)C3)c1=O)C2=O,中毒,14.882899,11.513729,0.261571125,3.917985315
c1n[nH]nc1-c1cc2c(c(-c3c(F)cccc3F)c1)C(c1ccc(Cl)cc1)N(c1cc(Cl)cn(C3CC(O)(CO)C3)c1=O)C2=O,中毒,6.3808517,8.960914,0.216988584,3.927417967
c1n[nH]nc1-c1cc2c(cc1-c1cncnc1)C(c1ccc(Cl)cc1)N(c2cc(Cl)cn(C3CC(O)(C5OC(CO)C(O)OC5)C4)c1=O)C3,高毒,593.0783,84.56108,,
c1n[nH]nc1-c1cnc(NC2=CC3CNCCN3C2)nc1-c1cc(CO)c(O)c(-c2c(F)cc(F)cc2F)c1,中毒,23.15111,49.239964,0.252141382,4.135307671
c1n[nH]nc1-c1cc2c(cc1Cl)c(OC1CCN(c4cccnc4)CC3)nc1(F)CC2,高毒,593.0783,84.56108,,
c1n[nH]nc1-c1nc2c(o1)C(c1ccc(Cl)cc1)N(c1cc(Cl)cn(C3CC(O)(CO)C3)c1=O)C2=O,中毒,38.99518,34.717995,0.357298444,4.021199251
c1n[nH]nc1-c1cc2c(n1-c1ccc(Cl)cc13)C(c1ccc(Cl)cc1)N(c1cc(Cl)cn(C3CC(O)(CO)C3)C1)c1=O,高毒,593.0783,84.56108,,
c1n[nH]nc1-c1cc2c(n1-c1cc(F)cc(Cl)c1F)C(c1ccc(Cl)cc1)N(c1cc(Cl)cn(C3CC(O)(CO)C3)c1=O)C2=O,中毒,12.488247,11.513729,0.205213556,4.201081017
c1n[nH]nc1-c1cc2n(c1-c1ccc(F)c(Cl)c1F)C(c1cc3c(s1)C(c1ccc(Cl)cc3)N(c4ccHCl)C(=O)C1)C(c1ccc(Cl)cc1)N(c1,高毒,593.0783,84.56108,,
c1n[nH]nc1-c1n[nH]c2cc(C(=O)C(NC()c3cccnc3)c3ccccc3)cc12,高毒,593.0783,84.56108,,
c1n[nH]nc1Nc1cc2nc(-c3c[nH]nn3)n(-c3nccc4nc[nH]c4c3=O)c2c1,高毒,593.0783,84.56108,,
c1n[nH]nc1-c1cc2c(s1)CN(c1ccnc(Nc3cc(C(F)(F)F)nn3)C1)C2,高毒,593.0783,84.56108,,
c1n[nH]nc1-c1cc(-c2ccco2)nc2cc(C3(O)c4ccccc4C(Sc4ccccc45)C3c3ccc(C(F)(F)F)cc3)cc12,高毒,593.0783,84.56108,,
c1n[nH]nc1-c1cc2c(n1-c1ccc(F)cc1F)C(c1ccc(Cl)nc1)N(c1cc(Cl)cn(C3CC(O)(CO)C3)c1=O)C2=O,中毒,12.488247,11.513729,0.23625499,4.182068901
c1n[nH]nc1-c1cc2c(c(-c3c(Cl)cccc3Cl)c1)C(c1ccc(Cl)cc1)N(c1cc(Cl)cn(C3CC(O)(CO)C3)c1=O)C2=O,中毒,6.3808517,8.960914,0.182666877,3.916990494
c1n[nH]nc1-c1cc2c(c(-c3cc(-c4ccc5csoc5c4)c2)-c2ccsc2C4=NOCC3)c(C2)c1,高毒,593.0783,84.56108,,
c1n[nH]nc1-c1cc2c(c(-c3c(Cl)cccc3Cl)c1)C(c1ccc(Cl)cc1)N(c1cc(Cl)cn(C3CC(O)(CO)C3)c1=O)C2=O,中毒,6.3808517,8.960914,0.182666877,3.916990494
c1n[nH]nc1-c1nc2c(c(-c3ccc(Cl)cc3)c(=O)c2OC2CCN(S(=O)(=O)c4ccc(F)cc4F)CC2)C(c2ccc(Cl)cc2)C(C#N)=C1C#,高毒,593.0783,84.56108,,
c1n[nH]nc1-c1cc2c(cc1-c1cc3nccc(-c4cn[nH]c4)c3cn1)CN(c1ncc(C(F)(F)F)cc1F)C3=O,高毒,593.0783,84.56108,,
c1n[nH]nc1-c1cc2c(n1-c1ccc(F)cc1F)C(c1ccc(Cl)cc1Cl)N(c1cc(Cl)cn(C3CC(O)(CO)C3)c1=O)C2,中毒,20.18954,11.513729,0.211613174,4.137175843
c1n[nH]nc1-c1cc2c(c(OCC3CC3)c1)C(c1ccc(Br)s1)N(c1cc(Cl)cn(C3CC(O)(CO)C3)c1=O)C2=O,中毒,20.18954,22.638172,0.249849706,4.133279927
c1n[nH]nc1-c1cc2c(n1-c1ccc(Cl)cc1)C(c1ccc(Cl)cc1)N(c1cc(Cl)cn(C3CC#C)c3=O)C(=O)C12,高毒,593.0783,84.56108,,
c1n[nH]nc1-c1nc2c(c(-c3cc4ccoc4cc3=O)C1c1cnn(-c4cccc(Cl)c4)c1)C(c1ccc(Cl)cc1)N(c1cc(Cl)cn(C3C(C(=O)O),高毒,593.0783,84.56108,,
c1n[nH]nc1-c1cc2c(n1-c1ccc(Cl)cc1F)C(c1ccc(Cl)cc1O)N(c1sc(C(F)(F)F)c(P(=O)(O)O)c1=O)C3,高毒,593.0783,84.56108,,
c1n[nH]nc1-c1csc(NN=C2CN(c3cccc(-c4nc7cc(F)ccc5o6)n4)C(CCO)C3O)n12,高毒,593.0783,84.56108,,
c1n[nH]nc1-c1cc2c(n1-c1ccc(Cl)cc1F)C(c1ccc(Cl)cc1)N(c1csc(Cl)c1)C1=C2CS(=O)(=O)C(c4ccc(Cl)cc4)(c4ccc(Cl,高毒,593.0783,84.56108,,
c1n[nH]nc1-c1cc2c(n1-c1ccc(F)cc1)C(c1ccc(Cl)cc1)N(c1cc(Cl)cn(C3CC(O)C(O)C3)c1=O)C2=O,中毒,14.882899,11.513729,0.261665097,4.34441154
c1n[nH]nc1-c1cc2c(c(-c3ccc4cccnc4c3)c1)C(c1ccc(Cl)cc1)N(c1cc(Cl)cn(C4CC(O)(CO)C4)c1=O)C3=O,高毒,593.0783,84.56108,,
c1n[nH]nc1-c1cc2c(c(-c3nc4c(-c5cn(F)c6nc[nH]c56)ncn4c3F)CN(c3csc(C(F)(F)F)c3=O)C(O)C2)c1,高毒,593.0783,84.56108,,
c1n[nH]nc1-c1cc2c(nn1)c(I)cc1nc(-c3c(Cl)cccc3Cl)n(-c3ccccc3)c(=O)c12,低毒,12.597571,80.38925,0.203659198,3.112617338
c1n[nH]nc1-c1cc2sc(-c3cc(-c4nnn[nH]4)ccc3O)c2c2c1cc1cc3c(cc12)CCCN1CC3,高毒,593.0783,84.56108,,
c1n[nH]nc1-c1cc2c(cc1-c1ccno1)N(c1cc(Cl)cn(C3CC(O)(CO)C3)c1=O)C2=O,中毒,18.619787,11.733231,0.393382964,3.64534215
c1n[nH]nc1-c1cc2c(c(-c3ccc(Oc4ccc(F)cc4)cc3)c1)c1c(NCc4ccccc4F)ncnc13,高毒,593.0783,84.56108,,
c1n[nH]nc1-c1cc2c(c(-c3cc(Cl)ccc3OC(CO)C(O)C3)c1)C(c1cc(Cl)c(O)c(Br)c1)N(c1cc(Cl)cn(C3CC(O)(CO)C3)c1=O,高毒,593.0783,84.56108,,
c1n[nH]nc1-c1cn2c(-c3cnc4ccc5oncc5c4c3)cnc2n1,高毒,593.0783,84.56108,,
c1n[nH]nc1-c1cc2c(c(-c3c(Cl)cccc3Cl)c1)C(c1cccCl)N(c2cc(Cl)cn(C3CC(O)(CO)C3)c1=O)N2,高毒,593.0783,84.56108,,
c1n[nH]nc1-c1cc2cnn(C3CCC(O)C3)c2c,高毒,593.0783,84.56108,,
c1n[nH]nc1-n1cc2sc(=S)sc2c1=S,高毒,593.0783,84.56108,,
c1n[nH]nc1-c1sc(Cl)c(C(=O)c2c[nH]c3nc-4cccc(Cl)c4c23)c1=O,高毒,593.0783,84.56108,,
c1n[nH]nc1-c1cc2c(n1-c1cc(F)c(F)cc1F)C(c1cc2c(cn1)OCO3)C(c1ccccc1)N(c1cc(Cl)cn(C3CC(O)(CO)C3)c1=O)C,高毒,593.0783,84.56108,,
c1n[nH]nc1-c1cc2c(n1-c1ccc(F)cc1)C(c1ccc(Cl)cc1)N(c1cc1Cl)S(=O)(=O)c1cc3c(cc1-c1cc(Cl)cs3)C(c3ccc(Cl)c,高毒,593.0783,84.56108,,
c1n[nH]nc1-c1cc2c(n1-c1ccc(F)cc1F)C(c1ccc(Cl)cc1)N(c1cc(Cl)cn(3CCCO3)c1=O)C2=O,高毒,593.0783,84.56108,,
c1n[nH]nc1-c1cc2c(c(OC3CCOS3(=O)=O)C13CCN(C(=S)Nc1cc(F)ccc1F)C2)CC3,高毒,593.0783,84.56108,,
c1n[nH]nc1-c1cc2c(c(-c3c(Cl)cccc3Cl)c1)C(c1ccc3ccccc3c1)N(c1cc(Cl)cn(C3CC(O)C(O)C3)c1=O)c1=O,高毒,593.0783,84.56108,,
c1n[nH]nc1-c1cc2c(n1-c1ccc(Cl)cc1F)C(c1ccc(Cl)cc1)N(c1cc(Cl)cn(C3CC(O)(CO)C3)c1=O)C2=O,中毒,12.488247,11.513729,0.22687237,4.043844886
c1n[nH]nc1-c1cc2c(c(-c3cnc(N4CCC(CN5CCOCC5)CC4)c3)c1-c1cc(Cl)cc(Cl)c1)CN(c1cc(Cl)cnc1Cl)C3=O,高毒,593.0783,84.56108,,
c1n[nH]nc1-c1nc2c(-c3c[nH]c4ccc(-c5cn[nH]c5)cc34)cncc2c1-c1cnn(C2CCOCC2)c1,高毒,593.0783,84.56108,,
c1n[nH]nc1-c1cc2c(n1-c1ccc(Cl)cc1F)C(c1ccc(Cl)cc1)N(c1cc(Cl)cn(C3CC(O)(CO)C3)c1=O)C2=O,中毒,12.488247,11.513729,0.22687237,4.043844886
c1n[nH]nc1-c1cc2c(c(-c3c(Cl)cccc3Cl)c1)-c1cc3c(cc1C2=O)CCC3,中毒,20.488817,51.90707,0.364317621,2.855326022
c1n[nH]nc1-c1nc2c(n1-c1ccc(F)cc1)C(c1ccc(Cl)cc1)N(c1cc(Cl)cn(C3CC(O)C(O)C3)c1=O)C2O,中毒,16.880064,34.717995,0.230423346,4.634952894
c1n[nH]nc1-c1cc2c(n1-c1ccc(Cl)cc1)C(c1ccc(Cl)cc1)N(c1cc(Cl)cn(C3CC(O)(CO)C3)c1=O)C2=O,中毒,14.882899,11.513729,0.235038859,3.958725058
c1n[nH]nc1-c1cc2c(n1-c1ccc(Cl)cc1)C(c1ccc(Cl)cc1)N(c1cc(Cl)cF)C(C4(C(=O)NC3CCCCC4)C(O)CC31)C2,高毒,593.0783,84.56108,,
c1n[nH]nc1-c1cc2c(n1-c1ccc(Cl)cc12)C(c1ccc(Cl)cc1)N(c1cc(Cl)cn(C3CCC(O)C3)c1=O)C2=O,高毒,593.0783,84.56108,,
c1n[nH]nc1-c1cc2c(c(-c3ccc(Cl)cc3)c1)C(c1ccc(Cl)cc1)N(c1cc(Cl)cn(C3CC(O)(CO)C3)c1=O)C2=O,中毒,6.3808517,8.960914,0.205435647,3.81469291
c1n[nH]nc1-c1cn2c(-c3cn[nH]c3)cnc2c(Nc2ccc3cnsc3c3)c(-c3cn4nc(N5CCCC5)sc4n3)c3ncsc3c12,高毒,593.0783,84.56108,,
c1n[nH]nc1-c1cc2c(n1-c1ccc(Cl)cc1)C(c1ccncc1)N(c1cc(Cl)cn(C3CC(O)(CO)C3O)c1=O)C2=O,中毒,14.882899,11.513729,0.225374637,4.75684785
c1n[nH]nc1-c1cc2c(n1-c1ccc(Cl)cc1C(F)(F)F)C(c1ccc(Cl)cc1)N(c1cc(Cl)cn(C3CC(O)(CO)C3)c1=O)C2=O,中毒,14.882899,11.513729,0.192783252,4.146765888
c1n[nH]nc1-c1cc2c(n1-c1ccc(Cl)cc1)C(c1ccc(Cl)cc1)N(c1cc(Cl)cn(C3CC(O)(CO)C3)c1=O)C2=O,中毒,14.882899,11.513729,0.235038859,3.958725058
c1n[nH]nc1-c1cc2c(n1-c1ccc(Cl)cc1)C(c1ccc(Cl)cc1)N(c1cc(Cl)cn(C3CC(O)(CO)C3)c1=O)C2O,中毒,26.991571,12.110745,0.204629897,4.30741518
c1n[nH]nc1-c1cc2n(c1-c1ccc(Oc3ccc(C#N)cc3)cc1)C(c1ccc(Cl)cc1)N(c1cc(Cl)cn(C3CC(O)(CO)C3)c1=O)C2=O,中毒,19.951618,13.503714,0.164210633,4.122679625
c1n[nH]nc1-c1cnc2c(-c3ccnc(C4CC4)n3)c[nH]c(=O)c2(c2ccccc2)c1=S,高毒,593.0783,84.56108,,
c1n[nH]nc1-c1cc2[nH]c(-c3sc4ccccc4c3Cl)c(=O)c2cc1-c1ccc(-c2noc(C3CC3)n2)cc1,高毒,593.0783,84.56108,,
c1n[nH]nc1-c1cc2c(n1-c1ccc(Cl)cc1)C(c1ccc(Cl)cc1)N(c1cc(Cl)cn(C3CC(O)(CO)C3)c1=O)C2=O,中毒,14.882899,11.513729,0.235038859,3.958725058
c1n[nH]nc1-c1cc2c(nc(Oc3cc(C(F)(F)F)cc(C(F)F)c3)c(=O)n2Cc2ccc(NC3C4CC(C3)C3(O)C4)cc2)c1,高毒,593.0783,84.56108,,
c1n[nH]nc1-c1c[nH]c2c(-c3cn[nH]c3)c(-c3ccc4oc5c(n34)CCCN(CC(O)(Cn5cnnn5)c4ccc(F)cc4F)C5)cc12,高毒,593.0783,84.56108,,
c1n[nH]nc1-c1cc2c(n1-c1ccc(Cl)nc1F)C(c1ccc(Cl)cc1Cl)N(c1cc(Cl)cn(=O)c1)C3c1ccc(Cl)cc1F,高毒,593.0783,84.56108,,
c1n[nH]nc1-c1cc2c(c(-c3c(F)cccc3Cl)c1)C(c1ccc(Cl)c(Cl)c1)N(c1cc(Cl)cn(C3CC(O)(CO)C3)c1=O)C2=O,中毒,7.8529835,8.960914,0.17785186,3.998794258
c1n[nH]nc1-c1COc2c(I)c(-c3cc(F)cc4cc5c(cc34)OCO5)cc(=O)c2c1O,高毒,593.0783,84.56108,,
c1n[nH]nc1-c1cc2c(c(-c3c-nccn3)c1)C(c1ccc(Cl)cc1Cl)N(c1cc(Cl)cn(C3CC(O)(CO)C3)c1=O)C2=O,中毒,18.215044,12.110745,0.235928105,4.068156806
c1n[nH]nc1-c1cc2c(c(-c3c(F)cccc3F)c1)C(c1ccc(Cl)cc1)N(c1ncOC3CC(O)(CO)C(O)C3)c1C2,高毒,593.0783,84.56108,,
c1n[nH]nc1-c1cc2sc(-c3ccc4ccccc4c3)cc2c1Cn1cc(CN2CCN(c3ccc(Cl)cc3C(F)(F)F)CC3)nn2c1=O,高毒,593.0783,84.56108,,
c1n[nH]nc1-c1cc2c(n1-c1ccc(Cl)cc1)C(c1ccc(Cl)cc1)N(c1cc(Cl)cn(C3CC(O)C(O)C3)c1=O)C2=O,中毒,14.882899,11.513729,0.243329336,4.341481149
c1n[nH]nc1-c1cc2c(n1-c1ccc(F)cc1F)C(c1ccc(Cl)cc1)N(c1cc(Cl)cn(C3CC(O)(CO)C3)c1=O)C2=O,中毒,12.488247,11.513729,0.244621212,4.0385462
c1n[nH]nc1-c1cc2c(c(N(c3ccc(C(F)(F)F)cc3)c3ncccn3)C1)CS(=O)(=O)c1ccc(-n3nc(-c4ccncc4[S+]([O-])c5cc,高毒,593.0783,84.56108,,
c1n[nH]nc1-c1cc2c(s1)C(c1ccc(Cl)cc1)N(c1cc(Cl)cn(C3CC(O)(CO)C3)c1=O)C2=O,中毒,8.738106,8.960914,0.351211221,3.957203973
c1n[nH]nc1-c1cc2c(c(-c3c(Cl)cccc3Cl)c1)C(c1ccc(Cl)cc1)N(c1cc(Cl)cn(C3CC(O)(CO)C3)c1=O)C2=O,中毒,6.3808517,8.960914,0.182666877,3.916990494
c1n[nH]nc1-c1nc2c(c(Nc3ccc(F)c(Cl)c3)n1)C(c1ccc(Cl)cc1)N(c1ccS(=O)(=O)C(Cl)Br)C(C3)C1,高毒,593.0783,84.56108,,
c1n[nH]nc1-c1cc2c(nc1-c1cc(F)cc(F)c1)n(Cc1ccc(F)c(F)c1)c1c(=O)[nH]c(=O)c(Cl)c12,高毒,593.0783,84.56108,,
c1n[nH]nc1-c1cc2c(c(-c3c(Cl)cccc3Cl)c1)C(c1ccc(Cl)cc1)N(c1cc(Cl)cn(C3CC(O)(CO)C3)c1=O)C2=S,中毒,9.036046,33.013264,0.160376477,4.030658626
c1n[nH]nc1-c1cc2c(n1-c1ccc(Cl)cc1)C(c1ccc3c(c1)OCO3)N1CCC(c3cccc(C(F)(F)F)c3)CC1C2,中毒,12.63449,23.151987,0.225465246,4.21571002
c1n[nH]nc1-c1cc2c(c(-c3coc4ccc(-n5ccc(C6=C(Br)C(=O)NC6=O)c56)c3=O)c3c(Br)cc(Br)cc3-4)cc12,高毒,593.0783,84.56108,,
c1n[nH]nc1-c1cc2[nH]c(-c3ccnc(S(=O)(=O)c4ccc(-c5cnn(C6CNC6)c5)c4)c3)nc2c1,高毒,593.0783,84.56108,,
c1n[nH]nc1-c1cc2c(n1-c1ccnF)C(c2ccc(Cl)cc2Cl)N(c2ccc(Cl)cc2)C(c2ccc(Cl)cc2)C1c1ccc(Cl)cc1,高毒,593.0783,84.56108,,
c1n[nH]nc1-c1cc2c(c(-c3c(Cl)cccc3Cl)c1)C(c1ccc(Cl)cc1)N(c1cc(Cl)cn(C3CC(O)(CO)C3)c1=O)C2=O,中毒,6.3808517,8.960914,0.182666877,3.916990494
c1n[nH]nc1-c1cc2c(n1-c1cc3cc(-n4cnc(-c5ncc(C(F)(F)F)c5)c(=O)n5Cc4coc(Cl)c4=O)C(O)C3)c(F)cc2n1-c1c[n,高毒,593.0783,84.56108,,
c1n[nH]nc1-c1cc2c(c(-c3c(Cl)cncc3Cl)c1)CN(c1cc(-c4ncn(C5CC5)c(=O)c4OC4CCOCC4)c(OCC4C1)c3=O)C(F)F,高毒,593.0783,84.56108,,
c1n[nH]nc1-c1cc2c(c(-c3c(Cl)cccc3Cl)c1)C(c1ccc(Cl)cc1)N(c1cc(Cl)cn(C3CC(O)(CO)C3)c1=O)C2=O,中毒,6.3808517,8.960914,0.182666877,3.916990494
c1n[nH]nc1-c1cc2n(c1-c1ccn(C2CCN(c3cnc6[nH]ccc6c5)CC4)cc13)C(c1ccc(Cl)cc1)N(c1cc(Cl)cn(C3CCC3)c1=O)C,高毒,593.0783,84.56108,,
c1n[nH]nc1-c1cc2[nH]c(-c3cn[nH]c3)c(C(C4=CCCCC4)n4ccnc4)c3c2cc1OCC1(N2CCOCC2)CC1,高毒,593.0783,84.56108,,
c1n[nH]nc1-c1cn2c(C3CCN(c4nnc(-c5ccc(F)cn5)o4)CC3)c(-c3cc]nc3)cc2c1,高毒,593.0783,84.56108,,
c1n[nH]nc1-c1cc2n(n1)2CCC(NC1CCN(CCCOc2ccccc2C(F)(F)F)CC1)C3,高毒,593.0783,84.56108,,
c1n[nH]nc1-c1cc2n(c1C(O)C1(C34C]6CC6C(C63)C(C5)C6)N(C(c4ccc(Cl)cc4)c4ccc(F)cc45)C4(C(=O)NC5=O)C(=O),高毒,593.0783,84.56108,,
c1n[nH]nc1-c1cc2c(c(O)c1C(c1ccc(Cl)cc1)N1Cc4cc5c(cc4C(C(O)(C(F)(F)F)C1)C2)CN(C4)CC2)C(=O)N(Cc1ccc(F,高毒,593.0783,84.56108,,
c1n[nH]nc1-c1cc2c(c(-c3c(F)cccc3Cl)c1F)C(c1ccc(Cl)cc1Cl)N(c1cc(Cl)cn(C3CC(O)(CO)C3)C3)c1=O,高毒,593.0783,84.56108,,
c1n[nH]nc1-c1cnc2oc(-c3ccc(-c4ncn[nH]4)cc3)c(C#Cc3ccc(Cl)cc3)c(=O)c12,高毒,593.0783,84.56108,,
c1n[nH]nc1-c1cc2c(n1-c1ccc(F)cc1)C(c1ccc(Cl)cc1)N(c1cc(Cl)cn(C3CC3)c1=O)C3=O,高毒,593.0783,84.56108,,
c1n[nH]nc1-c1nc2c(c(-c3c(Cl)cc4ccccc4c3=O)n1)C(c1ccc3c(c1)OCO3)N(c1cc(Cl)cn(C3CC(O)(CO)C3)c1=O)C2=O,高毒,593.0783,84.56108,,
c1n[nH]nc1-c1c2c(cc(Oc3ccc(-c4ccc(OC(F)(F)F)cc4)cc3Cl)c1-c1ccc(Cl)cc1Cl)C(c1ccc(Cl)cc1)N(c1cc(Cl)cn(C3C,高毒,593.0783,84.56108,,
c1n[nH]nc1-c1cc2c(1Cc3ccc(Br)cc3Cl)C(c3ccc(Cl)cc3)N=C(c3cccCl)N3C(c4ccc(Cl)cc4)N4CCC3(C2)C1(c1ccc(F)cc1,高毒,593.0783,84.56108,,
c1n[nH]nc1-c1cc2c(n1-c1ccc(F)cc1F)C(c1ccc(Cl)cc1)N(c1cc(Cl)cn(C3CC(O)(CO)C3)c1=O)C2=O,中毒,12.488247,11.513729,0.244621212,4.0385462
c1n[nH]nc1-c1cc2c(c(-c3c(Cl)cccc3Cl)c1)C(c1ccc(Cl)s1)N(c1cc(Cl)cn(C3CCC(O)(CO)C3)c1=O)C2=O,中毒,8.738106,8.519041,0.172360618,4.583580845
c1n[nH]nc1-c1cc2c(c(-c3ccncc3)c1)C(c1ccc(Cl)cc1)N(c1ccCl)C(c2ccsc1)n1ccnc1=O,高毒,593.0783,84.56108,,
c1n[nH]nc1-c1cnc2c3c(ncc2c1Oc1cnccn1)C(Nc1cc(C2CC2)n[nH]1)C3,中毒,7.195325,39.138477,0.363611648,4.23361319
c1n[nH]nc1-c1cc(-c2ccn3ccc(-c4ccc(OOc5cn[n+]([O-])cc5Cl)cc4)c3c2)nc1,高毒,593.0783,84.56108,,
c1n[nH]nc1-c1cc2c(n1-c1ccc(Cl)cc1F)C(c1ccc(Cl)cc1)N(c1cc(Cl)cn(C4CC(O)C(O)C4O)c1=O)C2=O,中毒,12.488247,11.513729,0.217738202,4.703535308
c1n[nH]nc1-c1cc2c(n1-c1ccc(F)cc1F)C(c1ccc(Cl)cc1)N(c1cc(Cl)cn(C3CC(O)(CO)C3)c1=O)C2=O,中毒,12.488247,11.513729,0.244621212,4.0385462
c1n[nH]nc1-c1cc2c(c(-c3c(F)cccc3Cl)c1)C(c1cccc(Cl)c3)N(c3cc(Cl)cn(C4CC6(COC5)C6)c4c3)C(=O)C12,高毒,593.0783,84.56108,,
c1n[nH]nc1-c1cc2c(n1-c1ccc(Cl)cc1F)C(c1ccc(Cl)cc1)N(c1cc(Cl)cn(C3CC(O)(CO)C3)c1=O)C2=O,中毒,12.488247,11.513729,0.22687237,4.043844886
c1n[nH]nc1-c1nc2c(n1-c1ccc(Cl)cc1)C(c1ccc(Cl)cc1)N(c1cc(Cl)cn(C3CC(O)(CO)C3)c1=O)C2=O,中毒,23.043425,34.717995,0.247048027,3.985087677
c1n[nH]nc1-c1cc2c(c(-c3c(Cl)cccc3Cl)c1)C(c1ccc(Cl)cc1Cl)N(c1cc(Cl)cn(C3CC(O)(CO)C3)c1=O)C2=O,中毒,7.487971,8.960914,0.168559174,4.003842696
c1n[nH]nc1-c1cc2c(-c3ccc4[nH]ccc4c3)cnnc2s1,高毒,5.4527736,13.54582,0.520488033,3.102095626
c1n[nH]nc1-c1cc2c(n1-c1ccc(Cl)cc1F)C(c1ccc(Cl)cc1)N(c1cc(Cl)cn(C3CC(O)(CO)C3)c1=O)C2=O,中毒,12.488247,11.513729,0.22687237,4.043844886
c1n[nH]nc1-c1cn2c3c(c4c(c3c12)CC(NC1CSSC1)CC5)CCCC4,高毒,593.0783,84.56108,,
c1n[nH]nc1-c1cc2c(n1-c1ccc(Cl)cc1)C(c1ccc(F)cc1)N(c1cc(Cl)cn(C3CC(O)(CO)C3)c1=O)C2=O,中毒,14.882899,11.513729,0.252765996,3.961679667
c1n[nH]nc1-c1cc2c(nc1SC1CCCC1)C(c1ccc(Cl)cc1)N(c1cc(Cl)cn(C3CC(O)(CO)C3)c1=O)C2=O,中毒,52.723274,14.418226,0.251828014,4.163064837
c1n[nH]nc1-c1cc2c(c(-c3cc(Nc4scnc4-c4cnn(C5CCOCC5)c4)c3)CS(=O)(=O)CC3)c(N3CCC(Oc4cc5c(cc4F)C(=O)C(,高毒,593.0783,84.56108,,
c1n[nH]nc1-c1cc2c(n1-c1ccc(Cl)cc1)C(c1ccc(Cl)cc1)N(c1cc(Cl)cn(C3CC(O)(CO)C3)c1=O)C2=O,中毒,14.882899,11.513729,0.235038859,3.958725058
c1n[nH]nc1-c1cc2c(n1-c1ccc(Cl)cc1F)C(c1ccc(Cl)cc1)N(c2cc(Cl)cn(3(CCC(O)(CF)C=C45CC(=O)N(C6)CCC6)C5=O),高毒,593.0783,84.56108,,
c1n[nH]nc1-c1cc2c(s1)C(c1ccc(Cl)cc1)N(c1ccCl)N(c3cnn(Cc4c(F)c(F)cn(-c5ccc(Cl)cc5)c4=O)c3=O)C(C1)C2,高毒,593.0783,84.56108,,
c1n[nH]nc1-c1nc2c(c(-c3ccc(-c4cc[nH]c4)cn3)n1)C(c1cccs1)C(c1ccc(Cl)cc1)N(c1cc(Cl)cn(C3CC3)c1=O)C3=O,高毒,593.0783,84.56108,,
c1n[nH]nc1-c1cc2c(n1-c1cccc(Cl)c1Cl)C(c1ccc(Cl)cc1)N(c1cc(Cl)cn(C3CC(O)(CO)C3)c1=O)C2=O,中毒,18.205946,11.513729,0.207895129,4.069452391
c1n[nH]nc1-c1cc2c(n1-c1cc3c(cc1F)c(=O)c(c(=O)n4C)cn3Cc1ccc(Cl)o3)C(c1ccc(Cl)cc1F)N(c1cc(Cl)cn(C3CC(O),高毒,593.0783,84.56108,,
c1n[nH]nc1-c1cc2c(n1-c1ccc(Cl)cc1F)C(c1ccc(Cl)cc1)N(c1cc(Cl)c[nH]1)C2,中毒,21.327534,23.390354,0.277705184,3.789595466
c1n[nH]nc1-c1cc2c(c(-c3ccc4cc(Br)ccc4c3)c1)CN(c1cnc(Cl)nc1)CC2,中毒,8.205281,30.062037,0.294584711,2.985359999
c1n[nH]nc1-c1cc2sc(-c3ccnc(NC(=O)C4(c5noc(-c6cc(F)cc(F)c6)n5)CC5)c4)nc3c2s1,高毒,593.0783,84.56108,,
c1n[nH]nc1-c1cc2c(n1-c1ccc(Cl)cc1Cl)C(c1ccc(Cl)cc1)N(c1cc(Cl)cn(C3CC(O)(CO)C3)c1=O)C2=O,中毒,18.205946,11.513729,0.207895129,4.033490665
c1n[nH]nc1-c1cc2c(n1-c1ccc(F)cc1F)C(c1cccc(Cl)c1)N(c1cc(Cl)cn(C3CC(O)(CO)C3)c1=O)C2=O,中毒,12.488247,11.513729,0.244621212,4.066451265
c1n[nH]nc1-c1cc2c(n1-c1cc(Cl)cc(Cl)c1)C(c1ccc(Cl)cc1)N(c1cc(Cl)cn(C3CC(O)(CO)C3)c1=O)C2=O,中毒,14.882899,11.513729,0.207895129,4.073964211
c1n[nH]nc1-c1cc(C2CCCC2)nc2cc(C(=O)NCC=Cc3c[nH]nc3-c3ccco3)cc12,高毒,593.0783,84.56108,,
c1n[nH]nc1-c1cc2c(c(-c3cc(Cl)ccc3Cl)c1)C(c1ccc(Cl)cc1)N(c1cc(Cl)c(=O)n(C3CCN(C(=O)CO)CC3)c1=O)C2,高毒,593.0783,84.56108,,
c1n[nH]nc1-c1cc2c(c(-c3c(-c4ccc(Cl)cc4)c2)C2CSCN4C22C3C5(=O)C4(OC24)N(Cc2c[nH]cn2)C5=O)c1,高毒,593.0783,84.56108,,
c1n[nH]nc1-c1cc2c(n1C(Cc1ccc(Cl)c(Cl)c1)c1ccc(Cl)c(Cl)c1)C(c1ccc(Cl)cc1)N(c1cc(Cl)cn(Cl)c1=O)C3c1ccc(Cl)cc,高毒,593.0783,84.56108,,
c1n[nH]nc1-c1cc2c(n1-c1ccc(Cl)cc1)c(=O)c(C(=O)c1cc(Cl)cc(Cl)c1)C(c1ccc(Cl)cc1)N(c1ccCl)C(C)C3,高毒,593.0783,84.56108,,
c1n[nH]nc1-c1cc2c(n1-c1ccc(F)cc1Cl)C(c1ccc(Br)cc1)N(c1cc(Cl)cn(C3CC(O)(CO)C3)c1=O)C2=O,中毒,18.205946,11.513729,0.216603914,4.076605111
c1n[nH]nc1-c1cc2c(c(-c3ccc4c5c(n3n2)CCCN5CCC5)c1)C(c1ccc(Cl)cc1)C1(C4=O)N(c4ccc(Cl)c(Cl)c4)C(=O)N(C4(,高毒,593.0783,84.56108,,
c1n[nH]nc1-c1cc2c(n1-c1ccc(F)cc1F)c1ccsc1C(c1ccc(Cl)cc1)N(c1cc(Cl)cn(C3CC(O)(CO)C3)c1=O)C2=O,中毒,59.929935,12.110745,0.179179772,4.250244479
c1n[nH]nc1-c1nc2c(-c3cc4ccccc4s3)ncnc2[nH]1,中毒,8.847472,79.42144,0.521185554,3.053630074
c1n[nH]nc1-c1cc2c(n1-c1cc(F)c(Cl)cc1F)C(c1ccc(Cl)cc1)N(c1cc(Cl)C(=O)N(C3CC2)C3)C1=O,高毒,593.0783,84.56108,,
c1n[nH]nc1-n1c2c(c(=O)n3nc(-c4ccco4)cc2c1=O)COC3,中毒,8.106877,27.966438,0.560067764,4.717427572
c1n[nH]nc1-c1cc2c(n1-c1ccc(F)cc1F)C(c1ccc(Cl)cc1)N(c1cc(Cl)cn(C3CC(O)(CO)C3)c1=O)C2=O,中毒,12.488247,11.513729,0.244621212,4.0385462
c1n[nH]nc1-c1cc2n(n1)Cc1ccc(CC3CCC(NCc4coc(-c5cn(-c6ccc(I)cc6)nn5)c4)CC3)cc13,高毒,593.0783,84.56108,,
c1n[nH]nc1-c1cc2c(C3CCC3)[nH]c(C3CC3)c(=O)c2cc1Oc1ccc(C#N)cc1-c1ccn(C2CC(O)C(O)C2O)c1=O,高毒,593.0783,84.56108,,
c1n[nH]nc1-c1cc2c(n1-c1ccc(Cl)cc1F)C(c1ccc(Cl)cc1)N(c1cc(Cl)cn(C3CC(O)(CO)C3)c1=O)C2=O,中毒,12.488247,11.513729,0.22687237,4.043844886
c1n[nH]nc1-c1cc2c(n1-c1ccc(F)cc1F)C(c1ccc(Cl)cc1O)c1nc(H]c(C3CC(Br)=NN3c3ccc4c(c3)OCO6)nc1=O)C2,高毒,593.0783,84.56108,,
c1n[nH]nc1-c1cc2c(c(-c3c(Cl)cccc3Cl)c1)C(c1cn(Cc4ccc(Cl)cc4)nc1=O)C(c1ccc(Cl)cc1)N(c1cc(Cl)cn(C3CC(O)(C,高毒,593.0783,84.56108,,
c1n[nH]nc1-c1cc2c(n1-c1ccc(F)cc1F)C(c1cc(Cl)ccc1OC(F)(F)F)N(c1cOC3CC(F)C(O)C(O)C3C1)C(O)C2,中毒,32.17651,38.911194,0.213114528,5.456157937
c1n[nH]nc1-c1cc2c(n1-c1ncc(Cl)c(Cl)c1)C(c1ccc(Cl)cc1)N(c1ccCl)C(c1cc(Cl)cc(Cl)c1)C13CCC3(CCC3)C1CN(Cc1cc,高毒,593.0783,84.56108,,
c1n[nH]nc1-c1cc2c([nH]1)C(c1ccc(Cl)cc1)N(c1cc,高毒,593.0783,84.56108,,
c1n[nH]nc1-c1cc2c(c(-c3ccc(Cl)cc3)c1)C(c1ccc(Cl)cc1)N(c1cc(Cl)cn(C3CC(O)(CO)C3)c1=O)C2=O,中毒,6.3808517,8.960914,0.205435647,3.81469291
c1n[nH]nc1-c1cc2c(n1-c1ccc(F)c(Cl)c1)C(c1ccc(Cl)cc1)N(c1cc(Cl)cn(C3CC(O)(CO)C3)c1=O)C2=O,中毒,14.882899,11.513729,0.22687237,4.04484226
c1n[nH]nc1-c1cc2c(n1)C(c1ccc(F)cc1OC(CO)c1cc(Cl)cc(Cl)c1)N(c1cc(Cl)cn(C3CC(O)(CO)C3)c1=O)C2=O,高毒,593.0783,84.56108,,
c1n[nH]nc1-c1cc2c(cc3nnc(C4CC5CC(C4)N5)c3c1)N(c1cc(Cl)c(Cl)c(Cl)c1)C3c1ccc(CS(=O)(=O)C(F)(F)F)cc1-c1c,高毒,593.0783,84.56108,,
c1n[nH]nc1-c1cc2c(n1-c1ccc(Cl)cc1F)C(c1ccc(Cl)cc1)N(c1cc(Cl)cn(C3CC(O)(CO)C3)c1=O)C2=O,中毒,12.488247,11.513729,0.22687237,4.043844886
c1n[nH]nc1-c1cc2c(n(-c3ccc(F)cc3)c1=O)C(c1ccc(Cl)cc1)N(c1cc(Cl)cn(C3CC(O)C(O)C3)c1=O)C2=O,中毒,51.50488,12.110745,0.260670407,4.370299925
c1n[nH]nc1-c1nc(NC2CCCCNC2C2CCCO2)nc2scnc12,中毒,138.50081,56.194355,0.623645016,4.392126975
c1n[nH]nc1-c1Cc1nn(C2CCN(Cc3cnn(-c4ccc(Br)cc4F)c3)CC2)c2c(=O)[nH]c(-c3cc(C(F)(F)F)cc(C(F)(F)F)c3)c1,高毒,593.0783,84.56108,,
c1n[nH]nc1-c1cc2c(n1-c1ccc(F)cc1F)c1ccc(-c3ccc(N4CCNCC4)nc3)cc1C2,中毒,11.878605,46.577934,0.374510305,3.104297439
c1n[nH]nc1-c1cnc2[nH]c(-n3nc4c(c3-c3ccccc3)C(c3ccc6c(c3)OCO5)C4(CO)CC34)cc2c1,高毒,593.0783,84.56108,,
c1n[nH]nc1-c1cnc(Oc2ccc3nnc(-c4cnc(N5CCN(c6ccncc6C(C(F)(F)F)C6)cn5)c4c3)CC2)c1,高毒,593.0783,84.56108,,
c1n[nH]nc1-c1cc2c(c(-c3c(Cl)cccc3Cl)c1)C(c1ccc(Cl)cc1)N(c1cc(Cl)cn(C3CC(O)(CO)C3)c1=O)C2=O,中毒,6.3808517,8.960914,0.182666877,3.916990494
c1n[nH]nc1-c1cc2c(n1-c1ccc(Cl)cc1F)C(c1ccc(Cl)cc1)N(c1cc(Cl)c(=O)n(C3CC(O)C(O)C3)c1=O)C2,高毒,593.0783,84.56108,,
c1n[nH]nc1-c1cc2c(c(-c3n[nH]c4ncc(-c5conc5-c5ccccc5)cc34)c1-c1ccccn1)C(c1cccs1)N(c1ccCl)C(=O)C3,高毒,593.0783,84.56108,,
c1n[nH]nc1-c1cc2c(n1-c1ccc(Cl)cc1F)C(c1ccc(Cl)cc1)N(c2ccCl)C2c1ccc(Cl)cc1F,高毒,593.0783,84.56108,,
c1n[nH]nc1-c1cc2c(c(-c3c(F)cccc3F)c1)C(c1ccc(Cl)cc1)N(c1cc(Cl)cn(C3CC(O)(CO)C3)c1=O)C2=O,中毒,6.3808517,8.960914,0.216988584,3.927417967
c1n[nH]nc1-c1cc2c(n1-c1ccc(F)cc1F)c1[nH]c3c(F)c(F)ccc3c(=O)c1C2c1ccc2c(c1)OCO2,中毒,8.567896,17.278225,0.277894562,3.830538059
c1n[nH]nc1-c1cc2c(n1-c1ccccc1)C(c1ccc(Cl)cc1)N(c1cc(Cl)c[n+]([O-])c1)C2=O,中毒,22.121504,15.110795,0.277458888,3.717059936
c1n[nH]nc1-c1cc2c(n1-c1ccc(Cl)cc1F)C(c1ccc(Cl)cc1F)N(c1ccc(Cl)cn1)C2=O,中毒,17.272402,23.390354,0.268461648,3.582953642
c1n[nH]nc1-c1cc2c(n1-c1ccc(Cl)cc1)C(c1ccc(Cl)cc1)N(c1cc(Cl)cn(C3CC(CO)(O)C3)c1=O)C2=O,中毒,14.882899,11.513729,0.235038859,3.958725058
c1n[nH]nc1-c1cc2c(c(-c3c(Cl)cccc3Cl)c1)C(c1ccc(Cl)cc1)N(c1cc(Cl)cn(C3CC(O)(CO)C3)c1=O)C2=O,中毒,6.3808517,8.960914,0.182666877,3.916990494
c1n[nH]nc1-c1cc2c(c(-c3cnccn3)c12)C(c1ccc(Cl)cc1)N(c1cc(Cl)cn(C4CC(O)C(O)C4)c1=O)C3=O,高毒,593.0783,84.56108,,
c1n[nH]nc1-c1c(-c2cc3c4c(c2)C2CC(O6)C5CCC2C5)n[nH]c1-c1noc(-c2ccccc2-c2ccsc2)n1,高毒,593.0783,84.56108,,
c1n[nH]nc1-c1cc2c(c(-c3c4c(n2)-c2ccnc(Nc6ccc(Cl)cc6)c2)CC4C2Cc4cc(O)c(O)cc4C2(CCOCC2)C3)c1,高毒,593.0783,84.56108,,
c1n[nH]nc1-c1cc2c(c(-c3c(Cl)cccc3Cl)c1)C(c1ccc(Cl)cc1F)N(c1cc(Cl)cn(C3CC(O)(CO)C3O)c1=O)C2=O,中毒,5.093859,8.960914,0.173093567,4.729839886
c1n[nH]nc1-c1nc2cn(C3CC(OOc4ccnc5cc(Cl)ccc45)C(O)C3O)c(=O)c2c(F)c1F,高毒,593.0783,84.56108,,
c1n[nH]nc1-c1cc2c(n1-c1cc(Cl)ccc1F)C(c1ccc(Cl)cc1)N(c1cc(Cl)cn(=O)c1)C3O,高毒,593.0783,84.56108,,
c1n[nH]nc1-c1cc2c(n1-c1ccc(F)cc1)C(c1ccc(Cl)cc1)N(c1cc(Cl)cn(C3CC(O)(CO)C3)c1=O)C2=O,中毒,14.882899,11.513729,0.252765996,3.961679667
c1n[nH]nc1-c1csc(-c2c(-c3ccc4occn4c3Sc3ccc(Cl)cc3)nc3ccccc23)c1=S,高毒,593.0783,84.56108,,
c1n[nH]nc1-c1cc2c(n1-c1ccc(Cl)cc1F)C(c1ccc(Cl)cc1)N(c1cc(Cl)cn(C3CC(O)(CO)C3)c1=O)C2=O,中毒,12.488247,11.513729,0.22687237,4.043844886
c1n[nH]nc1-c1cc2c(n1-c1ccc(F)cc1F)C(c1ccc(Cl)cc1)N(c1cc(Cl)cn(C3CC(O)(CO)C3)c1=O)C2=O,中毒,12.488247,11.513729,0.244621212,4.0385462
c1n[nH]nc1-c1nc2sc(Br)cc2c(=O)c1-c1ccc2[nH]cc(-c3ccc(OC4CCCN(C5CC5)CC4)c3)c2c1,高毒,593.0783,84.56108,,
c1n[nH]nc1-c1cc2c(n1-c1ccc(Cl)cc1)C(c1ccc(Cl)cc1)Nc1cc(Cl)c(=O)n(Cl)c1Oc1cc(Cl)cc(Cl)c12,中毒,22.121504,13.358463,0.191543204,4.476915852
c1n[nH]nc1-c1cnc(N2CCN(C(c3ccc(Br)cc3)c3nncn3C3CCCC3)CC3)nc2c1,高毒,593.0783,84.56108,,
c1n[nH]nc1-c1cc2c(n1-c1ccc(F)cc1F)C(c1ccc(Cl)cc1)N(c1cc(Cl)cn(C3CC(O)(CO)C3)c1=O)C2=O,中毒,12.488247,11.513729,0.244621212,4.0385462
c1n[nH]nc1-c1cc2c(n1-c1ccc(F)cc1F)C(c1ccc(Cl)cc1)N(c1cc(Cl)cn(C3CC(O)(CO)C3)c1=O)C2=O,中毒,12.488247,11.513729,0.244621212,4.0385462
c1n[nH]nc1-c1c[nH]c(=S)c1,高毒,593.0783,84.56108,,
c1n[nH]nc1-c1cc2c(c(-c3ccc4c(n3)-c3c(F)cccc3C(F)(F)F)CCN(C4CC4)C2)n1,高毒,593.0783,84.56108,,
c1n[nH]nc1-c1cc2c(OC3C1C)C(O)C3(F)C(c1ccco1)=Nc1cc3c(cc1-2)OCO3,中毒,46.08258,13.503714,0.618795573,5.835268155
c1n[nH]nc1-c1cc2c(n(C3CC3)c1=O)N(c1cc(Cl)cn(C3CC(O)(CO)C3)c1=O)C2,中毒,25.055359,17.529741,0.530032926,3.674867533
c1n[nH]nc1-c1cc2c(n1-c1ccc(F)cc1F)C(c1ccc(Cl)cc1)N(c1cc(Cl)cn(C3CC(O)(CO)C3)c1=O)C2=O,中毒,12.488247,11.513729,0.244621212,4.0385462
c1n[nH]nc1-c1nc2c(c(=N3CCOCC3)n1)C(c1ccc(Cl)cc1)Sc1cc(N3CCOCC3)c(F)cc12,高毒,593.0783,84.56108,,
c1n[nH]nc1-c1cc2n1CCOc1cc(-c3nn(S(c4ccc(F)c(F)c4)C(F)(F)F)cc3Cl)cc(=O)c1nc1ccc(-c4ccnn4C4CCN(C(=O)N,高毒,593.0783,84.56108,,
c1n[nH]nc1-c1cc2c(c(-c3c(Cl)cccc3Cl)c1)C(c1ccc(Cl)cc1)N(c1cc(Cl)cn(C3CC(O)(CO)C3)c1=O)C2=O,中毒,6.3808517,8.960914,0.182666877,3.916990494
c1n[nH]nc1-c1cc2c(cc1-c1ccc(Cl)cc1Cl)OCN(c1ccccc1)C2,中毒,24.321955,24.24646,0.45250376,2.69326655
c1n[nH]nc1-c1cc2c(n1-c1ccc(Cl)cc1)C(c1ccc(Cl)cc1)N(c1cc(Cl)[nH]c1=O)C1=C(C(=O)OC1)C2c1ccc2c(c1)OCO3,高毒,593.0783,84.56108,,
c1n[nH]nc1-c1cc2c(c(-c3ccc(F)cc3Cl)c1)C(c1ccc(Cl)cc1)N(c1ccn(-c4ccc(F)c(F)c4)c3)C(=O)C1=NN2,高毒,593.0783,84.56108,,
c1n[nH]nc1-c1nc2n(c1-c1ccc(F)cc1)C(c1ccc(Cl)cc1)N(c1cc(Cl)cn(C3CC(O)(CO)C3)c1O)C2=O,高毒,593.0783,84.56108,,
c1n[nH]nc1-c1cc2c(n1-c1ccc(F)cc1F)C(c1ccc(Cl)cc1)N(c1cc(Cl)cn(C3CC(O)(CO)C3)c1=O)C2=O,中毒,12.488247,11.513729,0.244621212,4.0385462
c1n[nH]nc1-c1cc2c(n1C(c1ccc(Cl)cc1)c1cn(C3CC(O)C(O)C3O)c3cc(Br)ccc13)C(c1ccc(Cl)cc1Cl)N(c1cc(Cl)cn(C3CC,高毒,593.0783,84.56108,,
c1n[nH]nc1-c1cc2c(n1-c1ccc(F)cc1F)C(c1ccc(Cl)cc1)N(c1cc(Cl)cn(C3CC(O)(CO)C3)c1=O)C2=O,中毒,12.488247,11.513729,0.244621212,4.0385462
c1n[nH]nc1-c1cc2c(n1-c1ccc(F)cc1F)C(c1cc(Cl)ccc1I)N(c2ccCl)N(c1ccsc1)C2=O,高毒,593.0783,84.56108,,
c1n[nH]nc1-c1cc2c(c(-c3ccsc3)c1F)CC(c1ccc(Cl)cc1F)N(c1cc(Cl)cn(C3CC(O)(CO)C3)c1=O)C2=O,中毒,27.530386,16.862432,0.205314082,4.195352033
c1n[nH]nc1-c1cc2c(n1-c1ccc(Cl)cc1)C(c1ccc(Cl)cc1)N(c1cc(nc3nc(3csc(Cl)c5n3)C(=O)NC4)c1I)C1=P(=O)(O)OC,高毒,593.0783,84.56108,,
c1n[nH]nc1-c1cc2c(n1-c1ccc(Cl)cc1)C(c1ccc(Cl)cc1)N(c1cc(Cl)cs1)C3=O,高毒,593.0783,84.56108,,
c1n[nH]nc1-c1cc2c(c(-c3cc(Cl)ccc3Br)c1)C(c1ccc(Cl)cc1)N(c1ccc(Cl)c(C(F)(F)F)c1)C3=O,高毒,593.0783,84.56108,,
c1n[nH]nc1-c1cc2c(c(-c3ccc(Cl)cc3)c1)C(c1ccc(Cl)cc1)N(c1cc(Cl)cn(C3CC(O)(CO)C3)c1=O)C2=O,中毒,6.3808517,8.960914,0.205435647,3.81469291
c1n[nH]nc1-c1cc2c(c(C3CC3)c1)C(c1ccc(Cl)cc1)N(c1cc(Cl)cn(C3CC(O)(CO)C3)c1=O)C2=O,中毒,5.600352,30.998573,0.306773705,3.883055964
c1n[nH]nc1-c1cnc(C(c2n[nH]c(C(F)(F)F)c2=NO)C2c3ccccc3-c3cncn32)cc1,高毒,593.0783,84.56108,,
c1n[nH]nc1-c1cc2c(n1-c1ccc(C(F)(F)F)cc1)C(c1ccc(Cl)cc1)N(c1cc(Cl)cn(C3CC(O)C(O)C3O)c1=O)C2=O,中毒,14.882899,11.513729,0.212312117,4.714579979
c1n[nH]nc1-c1cc2c(c(-c3c(F)cccc3F)c1)C(c1ccc(Cl)cc1)N(c1cc(Cl)cn(C3CCC(=O)O3)c1=O)C2=O,中毒,11.314767,47.54363,0.222128268,4.179608555
c1n[nH]nc1-c1cc2c(n1-c1ccc(F)cc1F)C(c1ccc(Cl)cc1)N(c1cc(Cl)cn(C3CC(O)(CO)C3)C3=O)c1=O,高毒,593.0783,84.56108,,
c1n[nH]nc1-c1cc2[nH]c(-c3cnn(C4CCCN(c5nc[n+](C6CC6)c6cnccc67)c4)c3)c3c(-c3ccco5)nc3c2c1,高毒,593.0783,84.56108,,
c1n[nH]nc1-c1nc2c(Br)c(Br)cnc2n1-c1cc(F)c(OC2CCN(CC(O)(c3ccc(F)cc3)c3cnn(C4CC5,高毒,593.0783,84.56108,,
c1n[nH]nc1-c1cc2c(n1-c1ccc(Cl)cc1Cl)C(c1ccc(Cl)cc1)N(c1cc(Cl)cn(C3CC(O)(CO)C3)c1=O)C2=O,中毒,18.205946,11.513729,0.207895129,4.033490665
c1n[nH]nc1-c1cc2c(c(-c3c(Cl)cccc3Cl)c1)C(c1ccc(Cl)cc1)N(c1cc(Cl)cn(C3COC5OS(=O)(=O)C5(C(=O)NO)CC5)c3CC,高毒,593.0783,84.56108,,
c1n[nH]nc1-c1cc2c(c(-c3c(C1CCOCC3)c1)c(O)c1=O)-c1ccccc1C2=O,高毒,593.0783,84.56108,,
c1n[nH]nc1-c1cc2c(c(-c3c(Cl)cccc3Cl)c1)C(c1c(F)cccc1F)N(c1cc(Cl)n(C3CC(O)(CO)C3)c1=O)C2,高毒,593.0783,84.56108,,
c1n[nH]nc1-c1cc2c(n1-c1ccc(Cl)cc1Cl)C(c1ccc(Cl)cc1)N(c1cc(Cl)cn(C3CC(O)(CO)C3)c1=O)C2=O,中毒,18.205946,11.513729,0.207895129,4.033490665
c1n[nH]nc1-c1cc2c(c(-c3csc(-c4nc5c(s4)CCCNC4)n4)c2n1)CN(c1ccsc1C(F)(F)F)CC3,高毒,593.0783,84.56108,,
c1n[nH]nc1-c1cc2c(s1)-c1c(c(CS(=O)(=O)C3(c4cccc(C(F)(F)F)c4)CC4C4)CC3,高毒,593.0783,84.56108,,
c1n[nH]nc1-c1cnc(-c2ccncn2)c1,高毒,593.0783,84.56108,,
c1n[nH]nc1-c1cc2c(n1-c1ccc(F)cc1F)c(=O)c(C(c1ccc(Cl)cc1)c1c(O)c3ccccc3c3c3c1OCOC3)C(O)(CC2)C3,高毒,593.0783,84.56108,,
c1n[nH]nc1-c1cc2c(n3nc(-c4cnn(Cc5ccc(-c6nnn[nH]6)n5)s4)nc23)c[nH]1,高毒,593.0783,84.56108,,
c1n[nH]nc1-c1cc2c(n1-c1cc(F)c(Cl)cc1F)C(c1ccc(Cl)cc1)N(c1cc(Cl)cCl)C(=O)C1,高毒,593.0783,84.56108,,
c1n[nH]nc1-c1cc2c(n1-c1ccc(Cl)cc1)C(c1ccc(Cl)cc1)N(c1cc(Cl)cn(C3CC(O)(CO)C3)c1=O)C2=O,中毒,14.882899,11.513729,0.235038859,3.958725058
c1n[nH]nc1-c1cc2c(n1-c1ccc(Cl)cc1Cl)c1sc(Cl)c(C3CCC(F)(F)C3)c(=O)c12,中毒,4.03936,15.046138,0.270972952,4.141835431
c1n[nH]nc1-c1cn2c(-c3cnn(Cc4ccn[nH]4)c3)c(-c3csc(-c4ccc(OC(F)F)cc4)c3=O)nc2c1,高毒,593.0783,84.56108,,
c1n[nH]nc1-c1nc2c(c(C3CCN(c4ncc(OCCN5CCOC5=O)c6ccccc56)CC3)c12)CNC3,高毒,593.0783,84.56108,,
c1n[nH]nc1-c1cc2c(c(-c3c(Cl)cccc3Cl)c1)C(c1ccc(Cl)cc1)N(c1cc(Cl)cn(C3CC(O)(CO)C3)c1=O)C2=O,中毒,6.3808517,8.960914,0.182666877,3.916990494
c1n[nH]nc1-c1c(-c2ccc(F)c(F)c2)c(F)c(F)cc1-c1cc2c(c(-c3cn(C4CC(O)=NC4=O)c4ncnc(N)c36)cn3)cc3c(F)c(,高毒,593.0783,84.56108,,
c1n[nH]nc1-c1cc2[nH]c(N3CCOC(c4nc5cc(OC6COC(=O)C6)c(F)cc5[nH]4)C5,高毒,593.0783,84.56108,,
c1n[nH]nc1-c1cc2c(n1-c1ccc(F)cc1F)C(c1ccc(Cl)nc1)N(c1cc(Cl)cn(C3CC(O)(CO)C3)c1=O)C2=O,中毒,12.488247,11.513729,0.23625499,4.182068901
c1n[nH]nc1-c1cc2c(cc1-c1ccc(Cl)cc1)N(c1cc(Cl)cn(C3CC(O)(CO)C3)c1=O)C2=O,中毒,18.619787,11.733231,0.363285207,3.313007833
c1n[nH]nc1-c1cc2c(c(-c3c[nH]c4ccc(-n5cnc(Cl)c5)cc34)c1)C(c1ccc(Cl)cc1Cl)N(c1cc(Cl)cn(C3CC(O)(CO)C3)c1=,高毒,593.0783,84.56108,,
c1n[nH]nc1-c1cc2c(n1-c1ccc(Cl)cc1Cl)C(c1ccc(Cl)cc1)N(c1cc(Cl)cn(C3CC(O)C(O)C3)c1=O)C2=O,中毒,18.205946,11.513729,0.215236992,4.416462606
c1n[nH]nc1-c1nc2c(c(-c3cc(F)ccc3F)c1)C(c1ccc(Cl)cc1)N(c1ccOC(F)(F)F)C3,高毒,593.0783,84.56108,,
c1n[nH]nc1-c1cc2c(c(-c3ccc(Br)cc3)c1)C1=C(CCCC1)C(c1ccc3c(c1)OCO3)N1C=C(COc4ccc(F)cc4NC(=O)C3)CN12,高毒,593.0783,84.56108,,
c1n[nH]nc1-c1csc(-c2cc(N3CCOCC3)nnc2Br)c1=O,高毒,593.0783,84.56108,,
c1n[nH]nc11C=C2N=C(Nc3ccccc3)SC2O1,高毒,593.0783,84.56108,,
c1n[nH]nc1-c1cnc(Oc2ccc(Nc3cnn(-c4cccc(Oc5cc(Cl)ccc5OC(F)(F)F)c4)c3=O)n[n+]2-c2ccc5ocnc5c3)cc2n1,高毒,593.0783,84.56108,,
c1n[nH]nc1-c1cc2c(n1-c1ccc(F)cc1F)C(c1ccc(Cl)cc1)N(c1cc(Cl)cn(C3CC(O)(CO)C3)c1=O)C4=O,高毒,593.0783,84.56108,,
c1n[nH]nc1-c1cc2c(c(-c3ccc6cc5n(c4c4=O)C(=O)C(C(=O)Nc6ccc6c(c5)OCO6)C6(Cl)Cl)OCCC5C3)cc12,高毒,593.0783,84.56108,,
c1n[nH]nc1-c1cc2sc(-c3cc(C#CC4(O)CN5CC6(C7CC(C6)CC5C4)O7)cn5c6c(c45)CCNC65)cc3cc2c1,高毒,593.0783,84.56108,,
c1n[nH]nc1-c1cc2c(n1-c1ccc(Cl)cc1F)C(c1ccc(Cl)cc1)N(c1cc(Cl)cn(C3CC(O)(CO)C3)c1=O)C2=O,中毒,12.488247,11.513729,0.22687237,4.043844886
c1n[nH]nc1-c1nc2nc(N3C4CCC3S4(=O)=O)cc(-c3cOcc(-n4ccc5cc6c(c5c4=O)C(N4CC6S(=O)(=O)CC6)CC7)cc43)c2n,高毒,593.0783,84.56108,,
c1n[nH]nc1-c1cc2c(c(-c3cnn4ncc(Cc5ccc(C(N)=O)cc5)c34)c1)CN(CC12CCN(CC1)CC2)C3,高毒,593.0783,84.56108,,
c1n[nH]nc1-c1ccc2nc(-c3cccnc3Oc3ccc(Nc4ccc(Cl)cn4)cc3)nc2c1,高毒,593.0783,84.56108,,
c1n[nH]nc1-c1cc2c(n1-c1ccc(Cl)cc1F)C(c1ccc(Cl)cc1)N1C(c3ccc(Cl)cc3)=C(c3ccc(Cl)cc3)C(c3ccc(Cl)cc3)(C3CC,高毒,593.0783,84.56108,,
c1n[nH]nc1-c1cn2c(-c3c(-c4cn(Cc5ccc6ccc(C7(Cc8cccc(F)c8c%10=O)C7=O)nn6)cnc5c4)nc4ccc(C(F)(F)F)cc34)n,高毒,593.0783,84.56108,,
c1n[nH]nc1-c1cc2c(n1-c1ccc(Cl)c(Cl)c1)C(c1ccc(Cl)cc1Cl)N(c1cc[S+]([O-])C1(CO)c3ccccc3C3(CCCC3)C1)C2=O,高毒,593.0783,84.56108,,
c1n[nH]nc1-c1cc2c(c(-c3cnc4c(n3)N(c3ccc(C(F)(F)F)cn3)C2)C2CC4CC(C3)CC2C6)c1,高毒,593.0783,84.56108,,
c1n[nH]nc1-c1cc2ccn(-c3cccc(CNc4ncn[nH]4)c3)c2c(=O)c1O,高毒,593.0783,84.56108,,
c1n[nH]nc1-c1cc2c(n1-c1cc(Cl)cnc1F)C(c1ccc(Cl)cc1)N(c1cc(Cl)cn(CCS(=O)(=O)C4CC4)c1=O)C3=O,高毒,593.0783,84.56108,,
c1n[nH]nc1-c1cc2c(n1-c1ccc(F)cc1F)c1cc(Br)c(c1)-c1cc(ccc1Cl)C=C1C(c3sc4cc(-c5csc6ccccc56)ccc4c3=O)C(,高毒,593.0783,84.56108,,
c1n[nH]nc1-c1cc2c(cc1Oc1ccc(Cl)cc1)C(c1ccc(Cl)cc1)N(c1cc(Cl)cn(C3CC(O)(CO)C3)c1=O)C2=O,中毒,14.982444,26.588243,0.188868855,3.81984325
c1n[nH]nc1-c1nc2c(n1-c1cccc(Cl)c1F)C(c1ccc(Cl)cc1)N(c1cc(Cl)cn(C3CC(O)(CO)C3)c1=O)C2=O,中毒,24.818281,34.717995,0.24003053,4.113124061
c1n[nH]nc1-c1nn2c(N3CCOC3)c(F)c(Br)cc3c2n1,高毒,593.0783,84.56108,,
c1n[nH]nc1-c1cc2c(c(-c3ccnc(-c4ccc(Cl)cc4)c3)c1)C(c1ccc(Cl)cc1)N(c1cc(Cl)cn(C3CC(O)(CO)C3)c1=O)C2=O,中毒,6.3808517,8.519041,0.159305037,3.962847331
c1n[nH]nc1-c1cc2c(c(-c3c(F)cccc3F)c1)C(c1ccc(Cl)cc1)N(c1cc(Cl)cn(C3CC(O)(CO)C3)c1=O)C2=O,中毒,6.3808517,8.960914,0.216988584,3.927417967
c1n[nH]nc1-c1cc2c(n1-c1ccc(F)cc1F)C(c1ccc(Cl)cc1)N(c1ccc(OCC3CSC(]O)C3)cc1)C1(F)C3C1,高毒,593.0783,84.56108,,
c1n[nH]nc1-c1cc2c(cc1-c1cnc(-c3ccc(C(F)F)cn3)cc1)C(c1ccc(Cl)cc1)N(c1cc(Cl)cn(C3CC(O)C(O)C3)c1=O)C2=O,中毒,7.487971,13.447941,0.161624505,4.579287571
c1n[nH]nc1-c1cc2c(n1-c1ccc(Cl)cc1F)C(c1ccc(Cl)cc1)N(c1cc(Cl)cn(C3CC(O)(CO)C3)c1=O)C2=O,中毒,12.488247,11.513729,0.22687237,4.043844886
c1n[nH]nc1-c1noc(-c2ccc(N3CCN(c4ccc[n+]([O-])c4)CC3)c3)nc12,高毒,593.0783,84.56108,,
c1n[nH]nc1-c1cc2c(n1-c1ccc(Cl)cc1F)C(c1ccc(Cl)cc1)N(c1cc(Cl)cn(C3CC(O)C(O)C3)c1=O)C3=O,高毒,593.0783,84.56108,,
c1n[nH]nc1OCCN1CCc2c(c(-c3ncnc4[nH]cc(OCc5nc6ccccn6c5=O)c34)c2-c2ccnc(Cl)c2)C1,高毒,593.0783,84.56108,,
c1n[nH]nc1-c1nc2c3c(nc2n1-c1ccc(F)cc1)C(c1ccc(Cl)cc1)N(c2cc(Cl)cOC(C(F)(F)F)c1Cl)CC3,高毒,593.0783,84.56108,,
c1n[nH]nc1-c1cc2c(n1-c1ccc(F)cc1F)C(c1ccc(Cl)cc1)N(c1cc(Cl)cn(C3CC(O)(CO)C3)c1=O)C2=O,中毒,12.488247,11.513729,0.244621212,4.0385462
c1n[nH]nc1-c1cc2c(n1-c1ccc(Cl)cc1F)C(c1ccc(Cl)cc1)N(c1cc(Cl)cn(C3CC(O)(CO)C3)c1=O)C2=O,中毒,12.488247,11.513729,0.22687237,4.043844886
c1n[nH]nc1-c1cc2c(c(-c3ccncc3)c1)C(c1ccc(Cl)cc1)N(c1cc(Cl)cn(C3CC(O)(CO)C3)c1=O)C2=O,中毒,6.3808517,8.960914,0.249435832,3.880707712
c1n[nH]nc1-c1cc2c(c(-c3c(F)cccc3F)c1)C(c1ccncc1)N(c1cc(Cl)cn(C3CC(O)(C(=O)N5CCN(CC6CC6)CC5)C4)c3=O),高毒,593.0783,84.56108,,
c1n[nH]nc1-c1cc2c(n1-c1ccc(Cl)cc1F)C(c1ccc(Cl)cc1)N(c1cc(Cl)cn(C3CC(O)(CO)C1)c1=O)C3=O,高毒,593.0783,84.56108,,
c1n[nH]nc1-c1nc2c(s1)CN(CC3CC1)c1ccsc1-2,高毒,593.0783,84.56108,,
c1n[nH]nc1-c1cc2oc(-c3cncs3)cc2c1-c1cc2cnc(N)nc2cc1C1=CNC(CO)C(O)C1O,高毒,593.0783,84.56108,,
c1n[nH]nc1-c1cc2c(n1-c1cc(C(F)(F)F)c(F)c(F)c1F)C(c1ccc(Cl)cc1)N(c1cc(Cl)cn(C3CC(O)(CO)C3)c1=O)C2=O,中毒,12.488247,13.503714,0.146190102,4.362862814
c1n[nH]nc1-c1cc(NC2CCNC2)c2nc(-c3cc(-c4nc[nH]n4)cs3)c(-c3cc(Cl)ccc3-c3nc(C4CCOCC4)co3)c(=O)c2c1,高毒,593.0783,84.56108,,
c1n[nH]nc1-c1cc2c(n1-c1ccc(F)cc1F)C(c1ccc(Cl)cc1)N(c1ccc(Cl)cc1)C3c1ccc3c(c1)CCC3,高毒,593.0783,84.56108,,
c1n[nH]nc1-c1cc2c(c(-c3c(Cl)cccc3Cl)c1)C(c1ccc(Cl)cc1)N(c1cc(Cl)cn(C3CC(O)(CO)C3)c1=O)C2=O,中毒,6.3808517,8.960914,0.182666877,3.916990494
c1n[nH]nc1-c1cc2c(n1-c1ccc(Br)cc1F)C(c1ccc(Cl)cc1)N(c1ccoc1)C(c1ccc(Cl)cc1)C2,中毒,21.947083,40.77318,0.202693114,4.032814408
c1n[nH]nc1-c1ccc2[nH]c(-c3cnc(-c4cnc(N5CCC(F)(F)C5)c(Cl)c4)cc3=O)nc2n1,高毒,593.0783,84.56108,,
c1n[nH]nc1-c1cc2c(s1)CN(c1cc(-c3c[nH]c4nccs3)ccc13)C(c1ccc(Cl)cc1)N(c1cc(Cl)cn(C3CC(O)(CO)C3)c1=O)C2,高毒,593.0783,84.56108,,
c1n[nH]nc1-c1cc(-c2c(F)cccc2Br)c2sc(C(F)(F)F)c(=O)c2c1,高毒,593.0783,84.56108,,
c1n[nH]nc1-c1cc2c(s1)C(c1ccc(Cl)cc1)N(c1cc(Cl)cn(C3CC(O)(CO)C3)c1=O)C2=O,中毒,8.738106,8.960914,0.351211221,3.957203973
c1n[nH]nc1-c1cc2c(n1-c1ccc(F)cc1F)C(c1ccc(Cl)cc1)N(c1cc(Cl)cn(C3CC(O)(CO)C3)(CO)c1=O)C2,高毒,593.0783,84.56108,,
c1n[nH]nc1-c1csc(-c2cc3c(-c4csc5ccccc45)nc4ccncc4c3c2C2CC2)c1,高毒,593.0783,84.56108,,
c1n[nH]nc1-c1cc2c(c(-n3-c4ccc(Cl)cc4)c4c(P(=O)(O)C5CC5)nnc4c2c1)CCCC3,中毒,42.52749,16.680515,0.522340291,4.475009365
c1n[nH]nc1-c1cc2c(n1-c1ccc(Cl)cc1)C(c1ccc(Cl)cc1)N(c1cc(Cl)cn(C3CC(O)(CO)C3)c1=O)C2=O,中毒,14.882899,11.513729,0.235038859,3.958725058
c1n[nH]nc1-c1cc2c(n1-c1ccc(Cl)cc1)C(c1ccc(Cl)cc1)N(c1cc8c(cc1N4CCOCC4)C3=O)C(c1ccnc2ccCl)N(c1cc)C3,高毒,593.0783,84.56108,,
c1n[nH]nc1-c1cc2c(n1-c1ccc(Cl)cc1F)N(c1cc(Cl)n(Cl)c1)C1=C(CC(=O)CC(C)(C)C1)C2c1ccc(Cl)cc1,中毒,51.345825,15.967391,0.206912942,4.373549362
c1n[nH]nc1-c1cc2c(n1-c1ccc(F)cc1)C(c1ccc(Cl)cc1)N(c1cc(Cl)cn(C3CC(O)C(O)C3)c1=O)C2=O,中毒,14.882899,11.513729,0.261665097,4.34441154
c1n[nH]nc1-c1cc2c(c(-c3c(Cl)cccc3Cl)c1)C(c1ccc(Cl)cc1-c1nn1cc(-c4cc5ccncc5c(=O)c5cc(F)ccc54)c4ncn(C5(,高毒,593.0783,84.56108,,
c1n[nH]nc1-c1cc2c(c(-c3c(Cl)cccc3Cl)c1)CN(CC1(C#Cc3ccc(NC(=O)C4=NOCC4)c4nocc34)CC1)C3,高毒,593.0783,84.56108,,
c1n[nH]nc1-c1cc2c(c(-c3c(Cl)cccc3Cl)c1)C(c1ccc(Cl)cc1)N(c1cc(Cl)cn(C3CC(=O)N(CCO)C5CC5)c3=O)=C1C2,高毒,593.0783,84.56108,,
c1n[nH]nc1-c1nc2cnc(-c3ccnc4c(NCC(O)(CN5CCOCC5)c5c(F)cccc5F)nc4c3)cnc2c1,高毒,593.0783,84.56108,,
c1n[nH]nc1-c1cc2c(n1-c1ccc(Cl)cc1)C(c1ccc(Cl)cc1)N(c1cc(Cl)cn(C3CC(O)(CO)C3)c1=O)C2=O,中毒,14.882899,11.513729,0.235038859,3.958725058
c1n[nH]nc1-c1cc2c(c(-c3c(Cl)cc(Cl)cc3Cl)c1)C(c1ccc(Cl)cc1)N(c1cc(Cl)cn(C3CC(O)(CO)C3)c1=O)C2=O,中毒,6.3808517,8.960914,0.168559174,3.989965172
c1n[nH]nc1-c1cc2n(c1=O)C(c1ccc(Cl)cc1)C(c1ccc(Cl)cc1)N(c1cc(Cl)cn(C3CC(O)(CO)C3)c1=O)c1[s+](C)[O-],高毒,593.0783,84.56108,,
c1n[nH]nc1-c1cc(OC2CCN(c3nc(C(=O)Nc4ccc5c(c4)COC5)c4c(F)cccc4c3=O)CC2)cc1,高毒,593.0783,84.56108,,
c1n[nH]nc1-c1cc2c((n1)-c1ccc(Cl)cc1)c1nc(-c3cc(F)ccc3-n3ncc(Cl)c3)nc(Cl)c1C2,高毒,593.0783,84.56108,,
c1n[nH]nc1-c1csc(C23COc4c(cc(-c5cnn(-c6cc(F)c(F)c6)c6c(=O)n(C8CCC8)cc7c67)C(CSC6)C5)c4CO3)nc12,高毒,593.0783,84.56108,,
c1n[nH]nc1-c1cn2c2c(nc(C3CCC3)c12)c(Oc1ccc(F)c(F)c1F)c1c3c(ccc12)CN(Cc1cccnc1)CC3,高毒,593.0783,84.56108,,
c1n[nH]nc1-c1cc2c(c(-c3c(Cl)cccc3Cl)c1)C(c1ccc(Cl)cc1)N(c1cc(Cl)cn(C3CC(O)(CO)C3)c1=O)C2=O,中毒,6.3808517,8.960914,0.182666877,3.916990494
c1n[nH]nc1-c1c(-c2ccnc(Nc3cccc(Cl)c3)c2)ccc2nc(-c3cnc4ncnn4c3)cc12,高毒,593.0783,84.56108,,
c1n[nH]nc1Nc1ccnc2c(COc3ccc(C(F)(F)c4nc5nccns5c4C(F)(F)F)cc3c3)cc12,高毒,593.0783,84.56108,,
c1n[nH]nc1-c1cc2c(n1-c1ccc(F)cc1)C(c1ccc(Cl)cc1)N(c1cc(Cl)cn(C3CC(O)(CO)C3)c1=O)C2=O,中毒,14.882899,11.513729,0.252765996,3.961679667
c1n[nH]nc1-c1cc2c(c(-c3cn(-c4cnc(C5)[nH]c(=O)c5F)c4)nn3c1=O)C(c1ccc(Cl)cc1)N(c1cc(Cl)cn(C3CC()(c6ccc,高毒,593.0783,84.56108,,
c1n[nH]nc1-c1cc2c(c(-c3ccc(Oc4ccccc4)cc3)c1)C(c1ccc(Cl)cc1)N(c1cc(Cl)cn(C3CC(O)(CO)(CO)C5)c1=O)C3=O,高毒,593.0783,84.56108,,
c1n[nH]nc1-c1cc2c(n1-c1ccc(Cl)cc1F)C(c1ccc(Cl)cc1)N(c1cc(Cl)cn(C3CCC(O)(CO)C3)c1=O)C2=O,中毒,12.488247,11.513729,0.212177792,4.512117248
c1n[nH]nc1-c1cc2c(n1-c1ccc(Cl)cc1F)C(Nc1cccc(Cl)c1)C(c1ccc(Cl)cc1)N(c1cc(Cl)cn(C3CC(O)(CO)C3)c1=O)C2=O,中毒,51.50488,13.503714,0.123345501,4.498559069
c1n[nH]nc1-c1cc2c(n1-c1ccc(Cl)cc1F)C(c1ccc(Cl)cc1)N(c1ccCl)C(c1cc2cccnc2s1)N1CCCC1,高毒,593.0783,84.56108,,
c1n[nH]nc1-c1cc2c(c(-c3cc(Cl)cnc3Cl)c1)C(c1ccc(Cl)cc1)N(c1cc(Cl)cn(C4CC(O)(CO)C4)c1=O)C3=O,高毒,593.0783,84.56108,,
c1n[nH]nc1-c1cc2c(n1-c1ccc(F)cc1F)C(c1ccc(Cl)cc1)N(c1cc(Cl)cn(C3CC(O)C(O)C3)c1=O)C2=O,中毒,12.488247,11.513729,0.253238173,4.421477371
c1n[nH]nc1-c1c(-c2ccc(F)cc2)c(-c2ccCl)c2c(Cl)cc(F)cc2c1=O,高毒,593.0783,84.56108,,
c1n[nH]nc1-c1sc2nc[n+](CC3CCCCC3)cc12,高毒,593.0783,84.56108,,
c1n[nH]nc1-c1cnc2c(-c3ccc(C(F)(F)F)cc3)nn(CC3CNCCO3)c12,高毒,593.0783,84.56108,,
c1n[nH]nc1-c1cc2c3c(n1-c1ccc(Br)cc3c1)C(c1ccc(Cl)cc1)N(c2ccc(Cl)cc1)C3c1c[nH]c2ccc(Br)cc12,高毒,593.0783,84.56108,,
c1n[nH]nc1-c1cc2n(n1)-c1cc(Cl)ccc1C(NC1CCC(F)(c4ccc(Cl)c(Cl)c4)CC3)C(C1)C1CCC(O)C(I)C3C1C2,中毒,15.773024,33.031265,0.140098608,7.019262139
c1n[nH]nc1-c1cc2c(c(-c3cc(F)c(Oc4ccc(Cl)cn4)cc3)c1)C(c1ccc(Cl)cc1)N(c1cc(Cl)cn(CC4CC4)c3=O)C(=O)C12,高毒,593.0783,84.56108,,
c1n[nH]nc1-c1cc2c(c(-c3c(Cl)nc(NC4(CO)CCC(F)(F)CC4)c3Cl)c1Br)C(c1ccc(Cl)cc1)N(c1cc(Cl)cn(C3CC(O)(CO)C3),高毒,593.0783,84.56108,,
c1n[nH]nc1-c1nc(-c2cnn3c(C(F)F)cc(-c4nnc5c(C(F)F)c(N6CCOCC6)nc54)cn23)c(C2CC2)c1,高毒,593.0783,84.56108,,
c1n[nH]nc1-c1cc2c(c(-c3c(Cl)cccc3Cl)c1)CN(Cc1nc(-c3c(F)cccc3Cl)no1)C2c1cccnc1,中毒,33.979675,26.526266,0.203518844,3.715425478
c1n[nH]nc1-c1cc2c(c(-c3cc4c([nH]3)C3(C2)C5(F)Cl)C2(Cl)N([O])C(C(=O)NO)(C4(C(=O)c5cccs5)CCC24)C4)c1-c,高毒,593.0783,84.56108,,
c1n[nH]nc1-c1cc2c(n(-c3ccc(Cl)cc3)c1=O)C(c1ccc(Cl)cc1)N(c1cc2c(cnn2)CC1)C3,高毒,593.0783,84.56108,,
c1n[nH]nc1-c1ncnc2cc(OC(CCNc3nnc(-c4cccnc4)s3)C3CCC2)cc1-c1cc(Cl)ccc1F,高毒,593.0783,84.56108,,
c1n[nH]nc1-c1nc2c(-c3ccnc4ccc(F)cc34)ncnc2c1N1CC2CC(F)(F)COC2C1,高毒,593.0783,84.56108,,
c1n[nH]nc1-c1ccc2cc(C(c3cc4cccnc4s3)c3c(O)oc4cc(OCc5nc6ccc(Cl)cc6c(=O)n5-c5ccc(Br)cc5)cc4c3=O)cc2c1,高毒,593.0783,84.56108,,
c1n[nH]nc1-c1cnc2[nH]c(-c3cccc(Oc4ccc5[nH]c(=O)sc5c4)c3)c(=O)c2c1,高毒,593.0783,84.56108,,
c1n[nH]nc1-c1nc2c(c(-c3ccc(COC4(C(F)(F)F)CC4)c(F)c3)c1)C(c1ccc(Cl)cc1)N(c1cc(Cl)cn(C3(C)CO)c1=O)C2=O,高毒,593.0783,84.56108,,
c1n[nH]nc1-c1cc2c(c(-c3ccsc3)c1)C(c1ccc(Cl)cc1)N(c1cc(Cl)cn(C3CC(O)(CO)C3)c1=O)C2=O,中毒,7.6477833,13.447941,0.231210682,3.953818928
c1n[nH]nc1-c1cc2c(n1-c1ccc(Cl)cc1F)C(c1ccc(Cl)cc1)N(c1cc(Cl)cn(C3CC(O)(CO)C3)c1=O)C2=O,中毒,12.488247,11.513729,0.22687237,4.043844886
c1n[nH]nc1-c1cc2c(n1-c1ccc(Cl)cc1Cl)C(c1ccc(Cl)cc1)N(c1cc(Cl)c(=O)n(C3CC3)n1)C2c1ccc(Cl)c(Cl)c1,中毒,29.275309,15.559786,0.183721077,4.221793829
c1n[nH]nc1-c1cc2c(n1-c1cc(Cl)cc(Cl)c1)C3c1cc1c(cc1C1=CCCS3(=O)=O)NC(=O)N(C3CC3)C1=O,高毒,593.0783,84.56108,,
c1n[nH]nc1-c1cc2c(n1-c1ccc(C(F)(F)F)cc1)C(c1nc(-c3ccc(Cl)cc3)cs1)C(c1ccc(Cl)cc1)N(c1cc(Cl)c(=O)n(C)c1,高毒,593.0783,84.56108,,
c1n[nH]nc1-c1cc2c(n1-c1ccc(F)cc1F)C(c1ccc(Cl)cc1)N(c1cc(Cl)cOC3CC(S(=O)(=O)C4CC4)C(CN1)C3)C2,中毒,9.941943,28.001295,0.241377994,6.247281979
c1n[nH]nc1-c1cc2c(c(N3CC4CC3CO4)n1)CN(c1ncc(Cl)cc1Cl)C2,中毒,5.3325973,26.242626,0.684010851,4.766785319
c1n[nH]nc1-c1cc2c(c1-c1cccnc1)C(c1ccc(Cl)cc1)N(c1cc(Cl)cn(C3CC(O)(CO)C3O)c1=O)C2=O,高毒,593.0783,84.56108,,
c1n[nH]nc1-c1cc2c(c(-c3cc(COc4ccc5nc6n(c5c4)C(c4occ(C=O)c5)C3s+](C3CC(O)(C(=O)O)CC3)C4)c3)C3)cc12,高毒,593.0783,84.56108,,
c1n[nH]nc1-c1cc2c(n1-c1ccc(Cl)cc1)C(c1ccc(Cl)cc1)N(c1cc(Cl)cn(C3CC(O)(CO)C3)c1=O)C2=O,中毒,14.882899,11.513729,0.235038859,3.958725058
c1n[nH]nc1-c1cc2sc(-c3cc4c(n3-c3c3ccc(F)c(Cl)c3)C(c3ccc(Br)cc3OC5CC6CC(C5)CC4C6)c4nc(Nc5ccc(N6CCOCC6,高毒,593.0783,84.56108,,
c1n[nH]nc1-c1cc2c(c(-c3c(Cl)cncc3Cl)c1)C(c1ccc(Cl)cc1)N(c1cc(Cl)cn(C3CC(O)(CO)C3)3=O)c1=O,高毒,593.0783,84.56108,,
c1n[nH]nc1-c1nc2c(c(Nc3ccncc3)n1)C(c1ccc(Cl)cc1)N(c1cc(Cl)cn(C3CC(O)(CO)C3)c1=O)C2=O,中毒,16.880064,13.466203,0.207226511,4.01654952
c1n[nH]nc1-c1nn2c3c(ccc2c1=O)CN(c1ccc(C2CC2)nc1)C(c1ccc(Cl)cc1)N(c1ccc(Cl)cc1)c1ccc(3)C3CCOCC31,高毒,593.0783,84.56108,,
c1n[nH]nc1-c1cc2c(n1-c1ccnc(C(F)(F)F)c1)C(c1ccc(Cl)cc1)N(c1cc(Cl)cn(C3CC(O)(CO)C3)c1=O)C2=O,中毒,51.50488,12.110745,0.231818709,4.218104355
c1n[nH]nc1-c1cc2c(n1-c1ccc(Cl)cc1Cl)C(c1ccc(Cl)cc1)N(c1cc(Cl)cn(C3CC(O)(CO)C3)c1=O)C2=O,中毒,18.205946,11.513729,0.207895129,4.033490665
c1n[nH]nc1-c1cc2c(c(-c3ccc(Cl)cc3F)c1)C(c1ccc(Cl)cc1)N(c1cc(Cl)cn(C3CC(O)(CO)C3)c1=O)C2=O,中毒,6.3808517,8.960914,0.198124642,3.908782802
c1n[nH]nc1-c1ccc2nc(NC(=O)Nc3ccc4cccnc4c3)nc(N3CCOCC3)c2c1,中毒,20.106098,131.58336,0.365964972,2.729682998
c1n[nH]nc1-c1cc2c(n1C1CC1c1ccc(Cl)c(Cl)c1)C(c1ccc(Cl)cc1)N(c1cc(Cl)cn(C3CC(O)(CO)C3)c1=O)C2=O,中毒,19.24008,13.503714,0.174901747,4.640146673
c1n[nH]nc1-c1nn2cc(-c3cc4c(s3)CCSC4)cc2c1Nc1ccc([N+](=O)[O-])cc1,高毒,593.0783,84.56108,,
c1n[nH]nc1-c1cc2c(c(-c3ccnc4sc(C5CCNC5)c34)c1)CN(c1cc(F)c(=O)n(C4CC4)c13)C2,高毒,593.0783,84.56108,,
c1n[nH]nc1-c1cc2c(c(-c3c(Cl)cccc3Cl)c1)C(c1ccc(Cl)cc1)N(c1cc(Cl)cn(C3CC(O)(CO)C3)C3)c1=O,高毒,593.0783,84.56108,,
c1n[nH]nc1-c1cc2c(n1-c1ccc(F)cc1F)C(c1ccc(Cl)c(Cl)c1)N(c1cc(Cl)cn(C3CC(O)(CO)C3)c1=O)C2=O,中毒,15.540574,11.513729,0.219371728,4.104712894
c1n[nH]nc1-c1cc2c(c(-c3cc(-c4c(F)cccc4F)on3)c1)C(c1ccc(Cl)cc1Cl)N(c1cc(Cl)cn(C3CC(O)(CO)C3)c1=O)C2=O,中毒,18.215044,9.173887,0.157887242,4.229376938
c1n[nH]nc1-c1cc2c(n1-c1cc(F)c(F)cc1F)C(c1ccc(Cl)cc1)S(=O)(=O)c1cc(-c4ccsc4c3CC(F)(F)CC3)c(Cl)c1,高毒,593.0783,84.56108,,
c1n[nH]nc1-c1c(-c2ccc(F)cc2)nc2c1cnn2C1CC(F)(F)C(O)C1,高毒,593.0783,84.56108,,
c1n[nH]nc1-c1cc2c(c(-c3ncc(Cl)cc3F)n1)C(c1ccc(Cl)cc1F)N(c1cc(Cl)cn(C3CC(O)(CO)C3)c1=O)C2=O,中毒,5.6871157,12.110745,0.22246217,4.201536566
c1n[nH]nc1-c1nc(-c2cnc3ccc(-c4cnn(C(COC2=CCOCC4)C(O)C4)c3)cc2)c(-c2cc3cc(F)ccc3[nH]2)c1C1CCOC1,高毒,593.0783,84.56108,,
c1n[nH]nc1-c1cc2c(c(-c3c(F)cccc3Cl)c1)C(c1ccc(Cl)cc1)N(c1cc[nH]n3)C(=O)c1C2,高毒,593.0783,84.56108,,
c1n[nH]nc1-c1cc2c(n1-c1cc(Cl)ccc1F)C(c1ccc(Cl)cc1)N(c1ccCl)C1(C(=O)Nc3ccc(Br)cc31)C1C3CC4CC1CC3(C(=O)O,高毒,593.0783,84.56108,,
c1n[nH]nc1-c1cc2c(n1-c1ccc(Cl)cc1F)C(c1ccc(Cl)cc1)N(c1cc(Cl)cn(C3CC(O)(CO)C3)c1=O)C2=O,中毒,12.488247,11.513729,0.22687237,4.043844886
c1n[nH]nc1-c1c2c(nc3c(-c4cc5ccccc5n4C4CC4)c4c(nc13)CCN(C(=S)N1CCN(Cc5ccc(F)cc5)CC1)C4)CC3,高毒,593.0783,84.56108,,
c1n[nH]nc1-c1cc2c(n1-c1ccsc1)C(c1ccc(C(F)(F)F)cc1)N(c1cc(Cl)cn()c1)C3c1ccc(N4CCOCC4)cc3C(c3cc(Cl)ccc,高毒,593.0783,84.56108,,
c1n[nH]nc1-c1nn2c(c1-c1c2c2ccccc2no1)C(c1ccc(Br)cc1)N(c1cc(Cl)cn(C3CC(O)(CO)C3)c1=O)C2=O,高毒,593.0783,84.56108,,
c1n[nH]nc1-c1cc2c(c(-c3c(Cl)cccc3Cl)c1)C1(CCN(Cc4n[nH]c(=O)c4c3CC3CC3)C1)CCNCC2,高毒,593.0783,84.56108,,
c1n[nH]nc1-c1cc2n(c1)CC(c1ccc(Cl)cc1F)N(c1cc(Cl)cn(C3CC(O)C(O)(CO)C3)c1=O)C2=O,中毒,16.066015,18.986786,0.279770285,4.856499685
c1n[nH]nc1-c1cc2c(n1-c1ccc(Cl)cc1)C(c1ccc(Cl)cc1)N(c1cc(Cl)cn(C3CC(O)(CO)C3)c1=O)C2=O,中毒,14.882899,11.513729,0.235038859,3.958725058
c1n[nH]nc1-c1cc2c(n1-c1ccc(F)cc1F)C(c1ccc(Cl)cc1)N(c1ccCl)C(c1ccc(Cl)cc1)=N2,高毒,593.0783,84.56108,,
c1n[nH]nc1-c1cc2c(n1-c1ccc(F)cc1F)C(c1ccc(Cl)cc1)N(c1cc(Cl)cn(C3CC(O)(CO)C3)c1=O)C2=O,中毒,12.488247,11.513729,0.244621212,4.0385462
c1n[nH]nc1-c1cc2c(c(-c3c(Cl)cccC=O)c3c1)CN(C(=O)COc1ccc(Cl)cc1)C(c1ccc(Cl)cc1)C3,高毒,593.0783,84.56108,,
c1n[nH]nc1-c1cc2c(c(-c3c(Cl)ccc(O)c3Cl)c1)C(c1cccnc1)N(c1cc(Cl)cn(C3CC(O)(CO)C3)c1=O)C2,低毒,9.036046,9.719319,0.187992348,4.156926285
c1n[nH]nc1-c1cc2c(n1-c1ccc(Cl)cc1F)C(c1ccc(Cl)cc1)C(c1ccc(Cl)cc1)N(c1cc(Cl)cn(C3CC(O)C(O)C3)c3c1)C2=O,高毒,593.0783,84.56108,,
c1n[nH]nc1-c1cc2c(n1-c1ccc(Cl)cc1)C(c1ccc(Cl)cc1)N(c1cc(Cl)cn(C3CC(O)(CO)C3)c1=O)C2=O,中毒,14.882899,11.513729,0.235038859,3.958725058
c1n[nH]nc1-c1cc2c(c(-c3nc(-c4ccc(O=O)c(Cl)c4)no3)c1-c1ccc(-c4nn[nH]n4)cc1-3)C(c1ccc(Cl)cc1)C1(C(=O)N,高毒,593.0783,84.56108,,
c1n[nH]nc1-c1cc2c(n1-c1ccc(Cl)cc1F)C(c1ccc(Cl)cc1)(c1ccc(Cl)cc1)N(c1ccCl)C3c1cn3cccc3c(=O)c12,高毒,593.0783,84.56108,,
c1n[nH]nc1-c1cc2c(n1-c1cc(Cl)c(Cl)cc1F)C(c1ccc(Cl)cc1)N(c1cc(Cl)cn(C)c1=O)C3=O,高毒,593.0783,84.56108,,
c1n[nH]nc1Cc1nn2c(-c3cnn(-c4ccc(F)cc4)c3)c(-c3ccc(Cl)cc3)c(CCCCF)c2c1-c1ccc(Cl)cc1,高毒,593.0783,84.56108,,
c1n[nH]nc1-c1cc2c(nc1N1CCCCC(Nc3nc4c(c(-c5c(Cl)cccc5Cl)c3)CC3)CC(c3ccc(F)cc3)C1)C(c1ccoc1)C(c1ccc(Cl),高毒,593.0783,84.56108,,
c1n[nH]nc1-c1cc2c(c(-c3c(-c4cnc(N5CCCN(C6CC6)C5)c4)nc2Nc2coc(N4CCOCC4)n2)CS(=O)(=O)CC3)n1,高毒,593.0783,84.56108,,
c1n[nH]nc1-c1cc2c(n1-c1ccc(F)cc1F)C(c1cc3c(s1)C(c1ccc(Cl)cc3)N(c2ccOC(F)(F)F)C(c2cc(Cl)ccc2OC2CC(O)(,高毒,593.0783,84.56108,,
c1n[nH]nc1-c1c(NC4CCN(c3ncnc4c3Cn4cc(-n5ncc6ccnc75)nc43)C(CO)C2)ccn1,高毒,593.0783,84.56108,,
c1n[nH]nc1-c1cc2c(c(-c3cc(Cl)cc(Cl)c3)c1)C1=C(CC2)C(c2ccc(Cl)cc2)N(C2CC2)CC3(C(=O)N3CCN(S(=O)(=O)c4cc,高毒,593.0783,84.56108,,
c1n[nH]nc1-c1cc2c(n1-c1cc(NC(=O)c4ccc(Cl)c(S(=O)(=O)C(F)F)c3=O)C(F)(F)C(F)(F)C3)n(-c3ccccc3)c(=O)c1,高毒,593.0783,84.56108,,
c1n[nH]nc1-c1cc2c(n1-c1ncc(Cl)cc1F)C(c1ccc(Cl)cc1)N(c1cc(Cl)cn(C3CC(O)(CO)C3)c1=O)C2=O,中毒,12.488247,11.513729,0.24003053,4.168185599
c1n[nH]nc1-c1cc2c(c(-c3c(Cl)cccc3Cl)c1C1F)-c1cc3c(cc1CC2)C(c1ccc(Cl)cc1)N(c1ccCl)C(=O)C2(CO)C3,高毒,593.0783,84.56108,,
c1n[nH]nc1-c1ccc(-c2[nH]cnc2-c2cc(NCc3cccnc3)ncc2F)c1,高毒,593.0783,84.56108,,
c1n[nH]nc1-c1cc2c((c1)c1ccc(Cl)cc1F)C(c1ccc(Cl)cc1)N(c1cc(Cl)cn(C3CC(O)(CO)C3)c1=O)C2=O,高毒,593.0783,84.56108,,
c1n[nH]nc1-c1cc2c(c(-c3c(F)cccc3F)n1)C(c1ccc(Cl)cc1F)N(c1cc(Cl)cn(C3CC(O)(CO)C3)c1=O)C2=O,中毒,5.6871157,12.110745,0.22541012,4.090608321
c1n[nH]nc1-c1cc2c(c(-c3csc(-c4ccc5c(n4)OCCO5)c3)c1)C(N)CC2,中毒,8.882048,31.41456,0.523128199,3.776580388
c1n[nH]nc1-c1cc2c(n1-c1ccc(Cl)cc1)C(c1ccc(Cl)cc1)N(c1cc(Cl)cn(C3CC(O)(CO)C3)c1=O)C2=O,中毒,14.882899,11.513729,0.235038859,3.958725058
c1n[nH]nc1-c1nc2nc(C3CCOCC3)c(-c3ccc(O)cc3F)c(I)c2c1NC1CC(Oc2ncc(F)c(Cl)c2F)C(O)C1,高毒,593.0783,84.56108,,
c1n[nH]nc1-c1cc2c(n1-c1ccc(Cl)cc1F)C(c1ccc(Cl)cc1)N(c14c,高毒,593.0783,84.56108,,
c1n[nH]nc1-c1nn2c3c(c1-c1c(Cl)cccc1Cl)CC(c1ccc(F)cc1)N(c1cc(Cl)cn(C4CC(O)(CO)C4)c1=O)C3=O,高毒,593.0783,84.56108,,
c1n[nH]nc1-c1cc2c(cc1-c1cncn1-c1ccsc1)C(O)(c1cccc(Cl)c1)C1(c3ccc(Cl)cc3)C(=O)N(c4ccsc4)C3(CCC1)C2,高毒,593.0783,84.56108,,
c1n[nH]nc1-c1nc2c(c(SC3CCC(F)(F)CC3)n1)C(c1ccc(Cl)cc1F)N(c1ccc(Cl)c(Cl)c1)C3c1ccc(Cl)cc1,高毒,593.0783,84.56108,,
c1n[nH]nc1-c1cc2cc(3nnc(SCC(CS(=O)(=O)c4ccsc4)n4ccnc4)c3cn2)c(F)c1,高毒,593.0783,84.56108,,
c1n[nH]nc1-c1cc2c(c(-c3c(Cl)cccc3Cl)c1)C(c1ccc(Cl)cc1)N(c1cc(Cl)sc1Cl)C3=O,高毒,593.0783,84.56108,,
c1n[nH]nc1-c1cc2c(n1-c1ccc(Cl)cc1F)C(c1ccc(Cl)cc1)N(c1cc(Cl)cn(C3CC(O)(CO)C3)c1=O)C2=O,中毒,12.488247,11.513729,0.22687237,4.043844886
c1n[nH]nc1-c1cc2c(n1-c1ccc(Cl)cc1F)C(c1ccc(Cl)cc1)N(c1cc(Cl)cn(C3CC(O)C(O)C3)c1=O)C2=O,中毒,12.488247,11.513729,0.234878019,4.426733326
c1n[nH]nc1-c1cc2c(n1-c1ccc(F)cc1F)C(c1ccc(Cl)c(Cl)c1)N(c1ccClc(Cl)c1)C2,高毒,593.0783,84.56108,,
c1n[nH]nc1-c1cc2c(-c3ccc(Cl)cc3)nc(Nc3ccc(N4CCN(C5CC5)CC4)cc3)nc2s1,中毒,4.2637186,10.038621,0.286778491,2.829176902
c1n[nH]nc1-c1cc2c(n1-c1ccc(Br)cc1F)C(c1ccc(Cl)cc1)N(c1cc(Cl)cn(C3CC(F)(F)C3)c1=O)C2=O,中毒,17.475342,14.026334,0.209055861,4.034694232
c1n[nH]nc1-c1ncc2c(n1)N(c1ccc3oc(C4CC4)nc3c1)C(c1cccc(Cl)c1)N(c1cc(Cl)cn(C3CC(O)(CO)C3)c1=O)C2=O,中毒,16.49293,16.230408,0.195496099,4.289283084
c1n[nH]nc1-c1cc2c(c(-c3cn(C4(Cn5ccnn5)2)C(=O)c4ccccc43)N(c2cc(Cl)cn(C4CC4)c2=O)C3=O)c1,高毒,593.0783,84.56108,,
c1n[nH]nc1-c1cc2c(c(-c3c(Cl)cccc3Cl)c1)C(c1ccc(Cl)cc1)N(c1cc(Cl)cn(C3CC(O)(CO)C3)c1=O)C2=O,中毒,6.3808517,8.960914,0.182666877,3.916990494
c1n[nH]nc1-c1ccc2ncnc(Sc3cc(Oc4ccc5c(o4)C(=O)N(C6CCCN(CC(F)(F)F)C6)C5)c34)c2c1,高毒,593.0783,84.56108,,
c1n[nH]nc1-c1cc2c(c(-c3csc(CCNc4nnn[nH]4)c3=O)c1)C(c1ccc(Cl)cc1)N(c1cc(Cl)cn(C3CC(O)(CO)C3)C1O)c1=O,高毒,593.0783,84.56108,,
c1n[nH]nc1-c1cc2c(n1-c1ccc(F)cc1F)C(c1ccc(Cl)cc1)N(c1cc(Cl)cn3nc(-c4cnoc4)cc14)C3,高毒,593.0783,84.56108,,
c1n[nH]nc1-c1nc2c(c(N3CCNC3)n1)CSC(c1ccc(Cl)cc1)C2,中毒,22.100796,39.736,0.700189875,3.812045187
c1n[nH]nc1-c1cc2c(c(-c3c(Cl)cccc3Cl)c1)C(c1ccc4c(c1)OCO4)CN(c1cc(Cl)cn(C3CC(O)(CO)C3)c1=O)C2=O,中毒,22.081963,15.303033,0.200039653,4.114340092
c1n[nH]nc1-n1ccc2cc(-c3nc(-n4cnc(-c5cc6nonc6n5)c4)cc4c4c(c34)CC3CCCN53)cc(-c3ccco3)c21,高毒,593.0783,84.56108,,
c1n[nH]nc1-c1cc2c(n1-c1c(Cl)cccc1Cl)C(c1ccc(Cl)cc1)N(c1cc(Cl)cn(C3CC(CO)(CO)C3)c1=O)C2=O,中毒,18.205946,11.513729,0.190138834,4.108172912
c1n[nH]nc1-c1cc2n(c1-c1ccc(F)cc1)C(c1ccc(Cl)cc1)N(c1cc(Cl)cn(C3CC(O)(CO)C3)c1=O)C2=O,中毒,19.951618,13.503714,0.249697892,4.015984054
c1n[nH]nc1-c1c(O)c2nc3n(c2cc1F)CC(N1CCC(Cl)CC1)CC3,中毒,25.17856,14.437889,0.657226875,3.866858027
c1n[nH]nc1-c1cc2c(n1-c1ccc(Cl)cc1F)C(c1cccc(Cl)c1)N(c1ccCl)C(c1ccsc1)N3c1ccc(Cl)cc1C3,高毒,593.0783,84.56108,,
c1n[nH]nc1-c1cc2c(n1-c1ccc(F)cc1)C(c1ccc(Cl)cc1)N(c2ccCl)C(c1ccc2nc(C3CCCCC3)oc3c1=O)C(c1ccc(Cl)cc1)N,高毒,593.0783,84.56108,,
c1n[nH]nc1-c1cc2c(c(-c3c(Cl)cccc3Cl)c1)C(c1ccc(Cl)cc1)N(c1cc(Cl)cn(C3CC(O)(CO)C3)c1=O)C2=O,中毒,6.3808517,8.960914,0.182666877,3.916990494
c1n[nH]nc1-c1cc2c(n1-c1ccc(F)cc1Br)C(c1ccc(Cl)cc1)N(c1cc(Cl)cn(C3CC(O)(CO)C3)c1=O)C2=O,中毒,14.882899,11.513729,0.216603914,4.08869967
c1n[nH]nc1-c1nc2c(s1)CC(c1ccc(Cl)cc1F)N(c1cc(Cl)cn(C3CC(O)(CO)C3)c1=O)C2=O,中毒,59.929935,46.02951,0.330139226,4.101108849
c1n[nH]nc1-c1cc2c((Sc3ccc(C(Cl)(Cl)Cl)c3)cc3c(c2Cl)C()SC(N2CC2)=NC3)cc1,高毒,593.0783,84.56108,,
c1n[nH]nc1-c1cc2n(c(=O)c1=O)C(c1ccc(Cl)cc1)N(c1cc(Cl)cn(C3CC3)c1=O)C2=O,高毒,593.0783,84.56108,,
c1n[nH]nc1-c1cc2sc(Cl)c(C(F)(F)F)c2c1-c1ccc(-c2ccc(N3CCOCC3=O)s2)cc1,高毒,593.0783,84.56108,,
c1n[nH]nc1-c1cc2c(c(-c3c(Cl)cccc3Cl)c1)C(c1ccc(Cl)cc1)N(c1cc(Cl)cn(C3CC(O)(CO)C3)c1=O)C2=O,中毒,6.3808517,8.960914,0.182666877,3.916990494
c1n[nH]nc1-c1cc2c(c(-c3c(Cl)cncc3Cl)c1)C(c1cscn1)N(c1cc(Cl)cn(C3CC(O)(CO)C3)C1=O)c1=O,高毒,593.0783,84.56108,,
c1n[nH]nc1-c1cc2c(c(-c3c(Cl)cccc3Cl)c1)C(c1ccc(Cl)cc1)N(c1cc(Cl)cn(C3C(=O)OC5(C)C5C=C4)c4cc(Cl)c(Cl)c34),高毒,593.0783,84.56108,,
c1n[nH]nc1-c1cc2[nH]c(-c3ccnn3-c3cccnc3)c(=O)c2cc1O,高毒,593.0783,84.56108,,
c1n[nH]nc1-c1cc2c(n1-c1ccc(Cl)cc1)C(c1ccc(Cl)cc1)N(c1ccn(C3CC(c4cc6ccccc6o5)=NC4=O)c4ncnc(N)c43)C(c3,高毒,593.0783,84.56108,,
c1n[nH]nc1-c1cc2c(n1-c1ccc(Br)cc1F)C(c1ccc(Cl)cc1)N(c1cc(Cl)cn(C3CCS(=O)(=O)C3)c1=O)C2=O,中毒,17.475342,14.026334,0.247485815,4.236281676
c1n[nH]nc1-c1nc2sc(-c3ccc(OC(F)F)cc3)c(-c3ccnc(NCC(F)F)c3)c2c1C1CCOCC1,高毒,593.0783,84.56108,,
c1n[nH]nc1-c1cnc2cc(Oc3cccc4ccc(Cl)cn34)c(-c3ccnc(Cl)c3)c(-n3cc4cccc(-c5c(Cl)cnc6[nH]ccc67)c4=O)c3c2c,高毒,593.0783,84.56108,,
c1n[nH]nc1-c1cc2nc(-c3ccncn3)nc(S4CCC(O)CC4)c-3c-2n1,高毒,593.0783,84.56108,,
c1n[nH]nc1-c1cc2n(n1)C(c1ccc(Cl)cc1)N(c1cc(Cl)cn(C3CC(O)(CO)C3)c1=O)c1=O,高毒,593.0783,84.56108,,
c1n[nH]nc1-c1cc2c(c(-c3c(Cl)cccc3Cl)c1)C(c1ccc(Cl)cc1)N(c1cc(Cl)cn(C3CC(O)(CO)C3)c1=O)C2=O,中毒,6.3808517,8.960914,0.182666877,3.916990494
c1n[nH]nc1-c1cc2c(n1-c1c(Cl)cccc1Cl)C(c1ccc(Cl)cc1)N(c1cc(Cl)cn3c(Cl)ccc13)C2=O,中毒,47.20036,15.110795,0.212768561,3.887946255
c1n[nH]nc1-c1c[nH]c2c(-c3cnc4sc5c(c35)CS(=O)(=O)CC5)cc(-c4cc5ncsc5c(=O)c4Cl)cc3c12,高毒,593.0783,84.56108,,
c1n[nH]nc1-c1cc2c(c(-c3cn[nH]c3C3OCCC3)c1)C(c1ccc(Cl)cc1)N(c1cc(Cl)cn(C3CC(O)(CO)C3)c1=O)C2=O,中毒,8.738106,10.425424,0.187811432,4.475485768
c1n[nH]nc1-c1cc2c(n1-c1ccc(F)cc1F)C(c1ccc(Cl)cc1)N(c1cc(Cl)cn(C3CC(O)(CO)C3)(CO)C1)c1=O,高毒,593.0783,84.56108,,
c1n[nH]nc1-n1nnc(-c2c(Oc3cccc4c3OCCCO4)nnc2-c2ccnc(C(F)(F)F)c2)c1=O,高毒,593.0783,84.56108,,
c1n[nH]nc1-c1cc2c(c(-c3cn(C4C(=O)c5ccccc5C6=C4)c4c(N)n(C5CC(CO)C(O)C5O)nc45)C(=O)N(Br)C3)ncc12,高毒,593.0783,84.56108,,
c1n[nH]nc1-c1nnc(-c2cc(-c3n[nH]c4ccnc(-c5cc(F)c(S(=O)(=O)N6CCNC6=O)cc5Cl)c34)cc2OC2CCOC2)c1,高毒,593.0783,84.56108,,
c1n[nH]nc1-c1cc2c(c(C(F)(F)F)c1)C(c1ccc(Cl)cc1Cl)N(c1cc(Cl)cn(C3CC(O)(CO)C3)c1=O)C2=O,中毒,7.8750753,22.6077,0.267733772,4.022145271
c1n[nH]nc1-c1cc2n(c1-c1ccc(C(F)(F)F)cc1)Cn1c(-c3ccsc3)nc(-c3ccccc3)c1C2,中毒,13.526893,19.183485,0.268620778,3.430916424
c1n[nH]nc1-c1cc2c(n1-c1ccc(Cl)cc1)CC(c1ccc(Cl)cc1)N(c1cc(Cl)cn(C3CC(O)(CO)C3)c1=O)C2=O,中毒,22.918835,15.303033,0.225999612,3.965993406
c1n[nH]nc1-c1cc2c(n1-c1ccc(Cl)cc1F)C(c1ccc(Cl)cc1)N(c1cc(Cl)cn(C3CC(O)(CO)C3)c1=O)C2=O,中毒,12.488247,11.513729,0.22687237,4.043844886
c1n[nH]nc1-c1cc2c(c(-c3ccc(F)cc3F)c1)C(c1ccc(Cl)cc1)N(c1cc(Cl)cn(C3CC(O)(CO)C3)c1=O)C2=O,中毒,6.3808517,8.960914,0.216988584,3.903610274
c1n[nH]nc1-c1cc2c(n1-c1ccc(Br)cc1F)C(c1ccc(Cl)cc3)N(c2cc(F)c(3nH]c(=O)[nH]c3=O)C(=O)C1(CO)C3)c1nc2cc,高毒,593.0783,84.56108,,
c1n[nH]nc1-c1cc2c(n1-c1ccc(Cl)cc1)C(c1ccc(Cl)cc1)N(c2cc)(c13CCl)CC3,高毒,593.0783,84.56108,,
c1n[nH]nc1-c1cc2c(c(-c3c(Cl)cccc3Cl)c1)C(c1ccc(Cl)cc1)N(c1cc(Cl)cn(C3CC(O)(CO)C3)c1=O)C2=O,中毒,6.3808517,8.960914,0.182666877,3.916990494
c1n[nH]nc1-c1cc2c(n1-c1ccc(Cl)cc1F)C(c1ccc(Cl)cc1)N(c1cc(Cl)cn(C3CC(O)(CO)C3)c1=O)C2=O,中毒,12.488247,11.513729,0.22687237,4.043844886
c1n[nH]nc1-c1cc2nccc(-c3ccc(OC4C(Oc5cccc(F)c5)C(O)C(O)C4O)c3s3)c2c1,高毒,593.0783,84.56108,,
c1n[nH]nc1-c1cc2c(n1-c1cc2c(c1)c(=O)c(C(=O)O)cn3C1CC1)C(c1ccc(Cl)cc1)N(c1cc(Cl)cs1)C3=O,高毒,593.0783,84.56108,,
c1n[nH]nc1-c1cc2c(c(-c3nc4c(C5CC5)c(-c6ccc(Cl)[nH]6)cc(Cl)c5c(=O)n34)C(c3ccccn3)C42CC4(C(=O)O)N=C(N),高毒,593.0783,84.56108,,
c1n[nH]nc1-c1cc2c(c(Nc3ccc(F)cc3F)n1)C(c1ccc(Cl)cc1)N(c1cc(Cl)cn(C3CC(O)(CO)C3)c1=O)C2=O,中毒,7.8529835,13.503714,0.186157111,3.970941234
c1n[nH]nc1-c1cc2c(n1-c1ccc(Cl)nc1)C(c1ccc(Cl)cc1)N(c1cc(Cl)cn(C3CC(O)(CO)C3)c1=O)C2=O,中毒,14.882899,11.513729,0.231103637,4.109855255
c1n[nH]nc1-c1cc2c(n1-c1ccc(F)cc1F)C(c1ccc(Cl)cc1)N(c1cc(Cl)cn(C3CC(O)(CO)C3)c1=O)C2=O,中毒,12.488247,11.513729,0.244621212,4.0385462
c1n[nH]nc1-c1nc2c(c(-c3ccco3)c1)S(=O)(=O)c1c-2c(Nc2cccc(Cl)c2)C(c2cccc(Cl)c2)C(C(F)(F)F)C1,高毒,593.0783,84.56108,,
c1n[nH]nc1-c1cc2c(n1-c1ccc(F)cc1F)C1(c3ccc(Cl)cc3)C(=O)N(c4ccsc4)C(=O)C3(CC2)C1c1ccc(Cl)cc1,高毒,593.0783,84.56108,,
c1n[nH]nc1-c1cc2c(c(-c3cc(C(F)(F)F)ccc3F)c1)C(c1ccc(Cl)cc1)N(c1cc(Cl)cn(C3CC(O)(CO)C3)c1=O)C2=O,中毒,6.3808517,8.960914,0.172293066,4.004185771
c1n[nH]nc1-c1nc2c(n1-c1ccc(Cl)cc1Cl)c1cc(-c3cccc(C(F)(F)F)c3)c(Cl)cc1-c1cc(Cl)ccc3n8c(CCCO5)nc5cccc5c4,高毒,593.0783,84.56108,,
c1n[nH]nc1-c1cc2c(c(-c3c(Cl)cccc3Cl)c1)C(c1ccc(Cl)cc1)N(c1cc(Cl)cn(C3CC(O)(CO)C3)c1=O)C2=O,中毒,6.3808517,8.960914,0.182666877,3.916990494
c1n[nH]nc1-c1cc2c(n1-c1ccc(Cl)cc2F)C(c2cc4c(cc1F)OCO4)N(c1cc(Cl)cn(C3CC(O)(CO)C3)c1=O)C2=O,中毒,32.17651,16.862432,0.266669843,6.436008422
c1n[nH]nc1-c1cc2c(n1-c1c(Cl)cccc1Cl)C(c1ccc(Cl)cc1)N(c1cc(Cl)cn(C3CC(O)(CO)C3)c1=O)C2=O,中毒,18.205946,11.513729,0.207895129,4.06849104
c1n[nH]nc1-c1nn2cc(-c3cn(-c4coc5ccc(Cl)cc45)nn3)cc2c(=O)n1,高毒,593.0783,84.56108,,
c1n[nH]nc1-c1cc2c(c(-c3cn4c(n3)sc2=O)CCCC4)c1c((F)(F)F)c1cc=OCC(Br)=C3,高毒,593.0783,84.56108,,
c1n[nH]nc1-c1cc2c(c(-c3c(Cl)cccc3Cl)c1)C(c1ccc(Cl)cc1)N(CCO)c1cc3c(cc14)-c1cc(NCCN4CCCC4)cc5c4c(1P25c,高毒,593.0783,84.56108,,
c1n[nH]nc1-c1nc(-c2ccc(-c3noc(-c4cc(Cl)c5onc(-c6ccccc6)c5c4=O)c3)cc2-c2cncn2Cc2ccc(F)cc2F)cc1F,高毒,593.0783,84.56108,,
c1n[nH]nc1-c1cc2c(c(-c3ccc(Cl)cc3)c1)CN(c1nc(-c4ccns4)ncc1F)C2,中毒,18.74569,51.55399,0.376225595,3.24360076
c1n[nH]nc1-c1cc2c(c(-c3c(Cl)cccc3Cl)c1)C(c1ccc(Cl)cc1)N(c1cc(Cl)cn(C3CC(O)(CO)C3)c1=O)C2=O,中毒,6.3808517,8.960914,0.182666877,3.916990494
c1n[nH]nc1-c1cc2c(c(-c3c(Cl)cccc3Cl)c1)C(c1ccc(Cl)cc1)N(c1ccc(Cl)cc1)C3,高毒,593.0783,84.56108,,
c1n[nH]nc1-c1cc2c(c(-c3ccc(Br)cc3)c1c1cnn(C3COCC3)c1)C(c1ccc(Cl)cc1)N(c1cc(Cl)cn(C3CC1)c1=O)C3=O,高毒,593.0783,84.56108,,
c1n[nH]nc1-c1cc2c(Nc3ccc4c(c3)OCO4)ncnc2c1,高毒,593.0783,84.56108,,
c1n[nH]nc1-c1cc2c(nc1Nc1ccc(C3CCN(Cc4cn(C5OC(O)C(O)C(O)C5)nn4)CC3)ns1)CC2,高毒,593.0783,84.56108,,
c1n[nH]nc1-c1cc2c(n1-c1ccc(Cl)cc1F)C(c1ccc(Cl)cc1)N(c1cc(Cl)cn(C3CC(O)(CO)C3)c1=O)C2=O,中毒,12.488247,11.513729,0.22687237,4.043844886
c1n[nH]nc1-c1cc2c(cc1Br)c(-c1ccnc3ccsc13)nn2C1CC(O)C(O)C(O)C1O,中毒,34.59659,17.95569,0.23238639,4.568743093
c1n[nH]nc1-c1cc2c(n1-c1ccc(Cl)cc1)C(c1ccc(Cl)cc1)N(c1cc(Cl)cn(C3CC(O)(CO)C3)c1=O)C2=O,中毒,14.882899,11.513729,0.235038859,3.958725058
c1n[nH]nc1-c1cc2c(cc1-c1cc(Cl)ccc1Cl)OC(c1cccc(Cl)c1)C1COC(c3nc(C4CC4)n[nH]3)=NC1(c1ccc(Cl)cc3)C1,高毒,593.0783,84.56108,,
c1n[nH]nc1-c1cc2c(n1-c1ccc(Br)cc1F)C(c1ccc(Cl)cc1)N(c1cc(Cl)cn(C3CC(O)(CO)C3)c1=O)C2=O,中毒,15.540574,11.513729,0.216603914,4.066847513
c1n[nH]nc1-c1cc2c(c(N3CC4CNCC(C4)C4)n1)C(c1ccsc1)N(c1cc(Cl)cn(C3CC(O)C(O)C3)c1=O)C3=O,高毒,593.0783,84.56108,,
c1n[nH]nc1-c1cc2c(n1-c1cc(F)cc(F)c1)C(c1ccc(Cl)cc1)N(c1cc(Cl)cn(-c3ccc(F)c3)c1=O)C2=O,高毒,593.0783,84.56108,,
c1n[nH]nc1-c1cc2c(c(-c3cc(-c4cn[nH]c(=O)c4)n2)CC2CC2)-c2cccOC(Cl)C31,高毒,593.0783,84.56108,,
c1n[nH]nc1-c1cc2c(n1-c1ccc(F)cc2F)c(Cl)c2c(c1#CC1CC1)C(c1ccc(Cl)cc1)N(c2ccCl)C(F)(F)C1,高毒,593.0783,84.56108,,
c1n[nH]nc1-c1cc2c(c(-c3ccc4c(c3)CCCN4)c12)C(c1ccc(Cl)cc1)N(c1cc(Cl)cn(C3CC(O)(CO)C3)c1=O)C2=O,高毒,593.0783,84.56108,,
c1n[nH]nc1-c1noc(-c2ccc(-c3nonc3C(=O)N3CCC4(CC3)OCCN(Cc3ccccc3)C5)cc3F)c12,高毒,593.0783,84.56108,,
c1n[nH]nc1-c1cc2c(n1-c1ccc(Cl)cc1Cl)C(c1ccc(Cl)cc1)N(c1cc(Cl)cn(C3CC(O)(CO)C3)c1=O)C2=O,中毒,18.205946,11.513729,0.207895129,4.033490665
c1n[nH]nc1-n1cc(C#Cc2ccc(N3CC4CCCO4)cc3C2c2ccccn2)cn1,低毒,9.769563,64.839134,0.649861831,5.232316755
c1n[nH]nc1-c1cc2[nH]c(-c3cc(-c4ccccc4)nc(N4CCC(F)(F)CC4)c3c3nc(2)C(c2ccc(F)cc2)C4)cc13,高毒,593.0783,84.56108,,
c1n[nH]nc1-c1cc2c(c(N3CCN(c4nccs4)CC3)n1)C(c1ccc(Br)cc1)N(c1cc(Cl)cn(C3CC(O)(CO)C3)c1=O)C2=O,中毒,10.149779,12.110745,0.222072026,4.123132348
c1n[nH]nc1-c1cc2c(c(-c3cc4ccc(-c5cc6cn(C7CN(c8ccccn8)CC9)c7no6)nn5c5c3[nH]3)C()C5)cc(-c3ccc(-c4cc[,高毒,593.0783,84.56108,,
c1n[nH]nc1-c1cc2c(n1-c1ccc(Cl)cc1)C(c1ccc(Cl)cc1)N(c1cc(Cl)cn(C3CC(O)(CO)C3)c1=O)C2=O,中毒,14.882899,11.513729,0.235038859,3.958725058
c1n[nH]nc1-c1cc2c(n1-c1ccc(Cl)c=4)C(c2ccc(Cl)cc1)N(c2cc(Cl)cn(C2CC(O)C(O)C4O)c1=O)C3(O)C2,高毒,593.0783,84.56108,,
c1n[nH]nc1-c1cc2[nH]c(-c3n[nH]c4ncnc(SC5OC(CO)C(O)C5O)c34)cc2n1,高毒,593.0783,84.56108,,
c1n[nH]nc1-c1cc2c(s1)CSc1ccc(-c3ccc(Cl)cc3C(=O)O)cc1-2,中毒,7.320458,11.900049,0.431707203,3.009009254
c1n[nH]nc1-c1cc2c(c(-c3nc(C4CCC4CF)oc3=O)CC(c3ccc(Cl)cc3)N(c3ccc(Cl)cc3Cl)C3=O)c12,高毒,593.0783,84.56108,,
c1n[nH]nc1-c1cc2c(c(-c3c(Cl)cccc3Cl)c1)C(c1ccc(Cl)cc1)N(c1cc(Cl)cn(3)c1)C3=O,高毒,593.0783,84.56108,,
c1n[nH]nc1-c1cc2n(c1-c1cc(Cl)cc(Cl)c1)C(c1ccc(Cl)cc1)C(c1ccc(Cl)cc1)N(c1cc(Cl)n(C3CC(O)C(O)C3)c1=O)C2=O,高毒,593.0783,84.56108,,
c1n[nH]nc1-c1cc2c(n1-c1ccc(F)cc1)C(c1ccc(Cl)cc1)N(c2cc(Cl)cn(C3CC(O)(CO)C3)c1=O)C2=O,高毒,593.0783,84.56108,,
c1n[nH]nc1-c1cc2c(n1-c1ccc(Cl)cc1F)C(c1ccc(Cl)cc1)N(c1ccCl)N(c3cc(Cl)cn(C4CC(O)C(O)C4)c3=O)C1=O,高毒,593.0783,84.56108,,
c1n[nH]nc1-c1cc2c(c(-c3ccn(Cc4ccncc4Cl)c3)c1)C(c1ccc(Cl)cc1)N(c1cc(F)c(=O)n(C)c1)C3=O,高毒,593.0783,84.56108,,
c1n[nH]nc1-c1cc2c(n1-c1ccc(Cl)cc1)C(c1ccc(Cl)cc1)N(c1cc(Cl)co1)c1ccc(OC3CCN(S(=O)(=O)O)CC3)c(C3CC3)c1,高毒,593.0783,84.56108,,
c1n[nH]nc1-c1cc2c(c(-c3c(Cl)cccc3Cl)c1)C(c1ccc(Cl)cc1)N(c1cc(Cl)cn(C3CC(O)(CO)C3)c1=O)C2=O,中毒,6.3808517,8.960914,0.182666877,3.916990494
c1n[nH]nc1-c1cc2c(n1-c1ccc(Cl)cc1F)c1cc(Nc3ccc(Cl)cc3F)c(c=O)c1CC(c1ccc(Cl)cc1)N(c1cc(Cl)cn(C3CC(O)(CO,高毒,593.0783,84.56108,,
c1n[nH]nc1-c1cc2c(c(-c3c(F)ccc(Cl)c3Cl)c1)C(c1ccc(Cl)cc1)N2c1ccc(Cl)cc1,低毒,4.2863264,22.642372,0.224751706,3.335831353
c1n[nH]nc1-c1cc2c(s1)c1nc(-c3ccc(Oc4cncc(Cl)c4)cc3)cnc2c1-c1ccc2nc[nH]c(=O)c2cc1=O,高毒,593.0783,84.56108,,
c1n[nH]nc1NCC1CN(c2nc(C3CC3)nc3c2CCN(c2ccccc2F)C3)C1,中毒,9.769224,27.319801,0.634149473,3.057423704
c1n[nH]nc1-c1cc2c(n1-c1cc(Cl)ccc1Cl)C(c1ccc(Cl)cc1)N(c1cc(Cl)cn(C3CC(O)(CO)C3)c1=O)C2=O,中毒,18.205946,11.513729,0.207895129,4.044037381
c1n[nH]nc1-c1cc2c((-c3ccoc3)nc3ccsc23)c2c(F)c(F)c(F)c(F)c2c1,高毒,593.0783,84.56108,,
c1n[nH]nc1-c1cc2c(c(-c3ccc(F)cc3F)c1)C(c1ccc(Cl)cc1)N(c1ccCl)c(=O)n(C4CCC(O)CC4)c12,高毒,593.0783,84.56108,,
c1n[nH]nc1-c1nc2c(c(-c3cc(F)c(F)c(F)c3)n1)COc1cc(OCc3ccc4ccccc4n5nnnc45)ccc12,高毒,593.0783,84.56108,,
c1n[nH]nc1-c1cc2c(n1-c1ccc(OCc4ccc(Cl)nn4)cc1)C(c1ccc(Cl)cc1)N(c1ccc(Cl)c(Cl)c1)C3=O,高毒,593.0783,84.56108,,
c1n[nH]nc1-c1cc2c(c(-c3c(Cl)cccc3Cl)c1)C(c1ccc(Cl)cc1)N(c1cc(Cl)cn(C3CCC(O)1)C3)c1=O,高毒,593.0783,84.56108,,
c1n[nH]nc1-c1nc2c(n1-c1ccc(Cl)c(Cl)c1)C(c1ccc(Cl)cc1)N(c1sc(Cl)c(Cl)c1)C3=O,高毒,593.0783,84.56108,,
c1n[nH]nc1-c1cc2c(n1-c1ccc(Cl)cc1)C(c1ccc(Cl)cc1)N(c1cCl)C(c1cc3cc(c2)OC(C22CCC1)SC3)C3c1ccc(Cl)cc1F,高毒,593.0783,84.56108,,
c1n[nH]nc1-c1cc2c(n1-c1ccc(Cl)cc1F)c1cc(Br)c(c1OCc1ccc(F)c(F)c1)C(c1ccc(Cl)cc1)N(c1cc(Cl)cn3c(=O)c(Br)c,高毒,593.0783,84.56108,,
c1n[nH]nc1-c1cc2c(c(-c3ccc4cc(Br)ccc4c3)c1)C(c1ccc(Cl)cc1)S(N)(=O)=N2,中毒,14.170804,22.381308,0.25890651,3.988802673
c1n[nH]nc1-c1coc(-c2cnc(NCC3CCN2)cn3)c1=O,高毒,593.0783,84.56108,,
c1n[nH]nc1-c1cc2c(n1-c1ccc(Cl)cc1Cl)C(c1ccc(Cl)cc1)C(c1ccc(Cl)cc1)N(c1cc(Cl)c(=O)=O)C(=O)C1=O,高毒,593.0783,84.56108,,
c1n[nH]nc1I]c1nc2cc3oc(Cc4cc(Br)ccc4Cl)c(C(F)(F)F)c3c(Cl)c2c1=O,高毒,593.0783,84.56108,,
c1n[nH]nc1-c1ccc2[nH]c(-c3c(Cl)ccc4nc(-c5ccsc5)c(N5CCOCC5)nc43)c2c1,高毒,593.0783,84.56108,,
c1n[nH]nc1-c1cc2c(c(-c3c(Cl)cccc3Cl)c1)C(c1ccc(Cl)cc1)N(c1cc(Cl)cn(C3CC(O)(CO)C3)c1=O)C2=O,中毒,6.3808517,8.960914,0.182666877,3.916990494
c1n[nH]nc1-c1nc2c(n1-c1ccc(Cl)cc1F)C(c1ccc(Cl)cc1)N(c1cc(Cl)cn(C3CC(O)(CO)C3)c1=O)C2,中毒,15.534245,34.717995,0.235816055,4.102911581
c1n[nH]nc1-c1cc2c(c(-c3c(Cl)cccc3Cl)c1)C(c1ccc(Cl)cc1)N(c1cc(Cl)cn(C3CC(F)(F)C3)c1=O)C2=O,低毒,6.958889,9.91435,0.20261252,3.880170965
c1n[nH]nc1-c1cc2c(c(-c3ccc(OC4CCC(O)CC4)cn3)c1)C(c1ccc(Cl)c(Cl)c1)N(c1cc(Cl)cn(C3CC(O)C(O)(CO)C3)c1=O,高毒,593.0783,84.56108,,
c1n[nH]nc1-c1nc2c(c(N3CCOCC3)c1)C(c1ccc(Cl)cc1Cl)N(c1cc(Cl)cn(C3CC(O)(CO)C3)c1=O)C2=O,中毒,27.185892,33.968105,0.282335062,4.083941421
c1n[nH]nc1-c1cc2c(n3ncIc23)C(c2ccc(Cl)cc2)N(c2cc(Cl)c(=O)n(C4CC4)c2Cl)C(c2cn(C(C3CC3)C(O)C3(F)F)nc2)c,高毒,593.0783,84.56108,,
c1n[nH]nc1-c1cc2c(n1-c1ccc(Cl)cc1)C(c1ccc(Cl)cc1)N(c1cc(Cl)cn(C3CC(O)(CO)C3)C3)c1=O,高毒,593.0783,84.56108,,
c1n[nH]nc1-c1cc2c(n1-c1ccc(F)cc1F)C(c1ccc(Cl)cc1)N(c1cc(Cl)cn(C3CC(O)(CO)C3)c1=O)C2=O,中毒,12.488247,11.513729,0.244621212,4.0385462
c1n[nH]nc1-n1nc(-c2ccc3ncsc3c2)c1-c1ccnc2cc(OCCCN5CCNCC3)cc(Cl)c12,高毒,593.0783,84.56108,,
c1n[nH]nc1-c1c(-c2ccc(F)cc2)nc2ccc(-c3cccc(S(=O)(=O)N4CCN(C(=O)c5ccco5)C(Cn5ccnn5)C4)c3)cc12,高毒,593.0783,84.56108,,
c1n[nH]nc1-c1cc2n(c(-c3ccc(F)cc3)c1=O)C(c1ccc(Cl)cc1)N(c1cc(Cl)cn(C3CC(O)(CO)C3)c1=O)N2,高毒,593.0783,84.56108,,
c1n[nH]nc1-c1cc2c(c(-c3ccc(Cl)cc3)c1)C(c1ccc(Cl)cc1)N(c1cc(Cl)cn(C3CC(O)(CO)C3)c1=O)C2=O,中毒,6.3808517,8.960914,0.205435647,3.81469291
c1n[nH]nc1-c1nc2c(c(-c3cccc(Oc4cc(F)c(Cl)cc4)c3)c1)C(c1ccc(Cl)cc1)N(c1cc(Cl)cn(C)c1=O)C3=O,高毒,593.0783,84.56108,,
c1n[nH]nc1-c1cc2c(n1-c1ccc(F)cc1F)C(c1ccc(Cl)cc1)N(c1cc(Cl)cn(C3CC(O)((=O)O)C3)c1=O)C2=O,高毒,593.0783,84.56108,,
c1n[nH]nc1-c1noc(-c2c3c(nn2-c2ccc(Br)cc2)C(c2ccn(c2)c2ccccc2)C(C#N)=C(N)O3)c1,中毒,21.924183,13.466203,0.28145026,3.936210222
c1n[nH]nc1-c1nc2c(c(-c3cnc4c(NC5CC5)cccc43)n1)CCNCC2,高毒,593.0783,84.56108,,
c1n[nH]nc1-c1cc2c(c(-c3ccoc3)c1)C(c1ccc(Cl)cc1)N(c1cc(Cl)cn(C3CC(O)(CO)C3)c1=O)C2=O,中毒,6.3808517,8.960914,0.24792404,3.992660299
c1n[nH]nc1Nc1cc2c(nc1-c1cccnc1)C(c1cccc(Cl)c1)N(c1cc(Cl)cn(C3CC(O)(CO)C3)c1=O)C2=O,中毒,15.857755,12.087409,0.205458466,4.111182997
c1n[nH]nc1-c1cc2c(c(-c3c(Cl)cccc3Cl)c1)C(c1ccc(Cl)cc1)N(c1cc(Cl)cn(C3CC(O)(CO)C3)c1=O)C2=O,中毒,6.3808517,8.960914,0.182666877,3.916990494
c1n[nH]nc1-c1cc(C2(c3ccc(C4CC4)nc3-c3cccnc3F)CC3CNCC32)cc1,高毒,593.0783,84.56108,,
c1n[nH]nc1-c1csc(-c2nnc3n2-c2ccc(Cl)cc2S(=O)(=O)c4cc(F)c(F)cc4N(c4cc(Cl)cc(Cl)c4)CC2)c13,高毒,593.0783,84.56108,,
c1n[nH]nc1-c1cc2c(n1-c1ccc(Cl)cc1F)C(c1ccc(Cl)cc1)N(c1cc(Cl)cc(Cl)c1)C3=O,高毒,593.0783,84.56108,,
c1n[nH]nc1-c1cc2c(c(-c3ncoc3=O)c1)CN(c1cc(F)c(-n4cc(C(=O)c5ccco5)cc4=O)c(F)c3)C(C#N)C(C#N)C1,高毒,593.0783,84.56108,,
c1n[nH]nc1-c1cc2sc(-c3ccc(OCCc4nnn[nH]4)cc3)c(=O)c2cc1Cl,高毒,593.0783,84.56108,,
c1n[nH]nc1-c1cc2c3c(nc(N4CC(OC(F)F)C4)nc3cn1)CN(c1cc(-c4nnn[nH]4)c(F)cc12)C3,高毒,593.0783,84.56108,,
c1n[nH]nc1-c1cc2c(c(-c3c(Cl)cccc3Cl)c1)C(c1ccc(Cl)cc1)N(c1cc(Cl)cn(C3CC(O)(CO)C3)c1=O)C2=O,中毒,6.3808517,8.960914,0.182666877,3.916990494
c1n[nH]nc1-c1cc2c(n1-c1cc(F)c(OC1CC3CCCC3)cc3sc(-c4ccc(OC(F)(F)F)cc4)c(=O)c13)C(c1ccc(Cl)cc1)N(c1cc,高毒,593.0783,84.56108,,
c1n[nH]nc1-c1cc2c(c(-c3c(Cl)cccc3Cl)c1)C(c1ccc(Cl)cc1)N(c1cc(Cl)cn(C3CC(O)(CO)C3)c1=O)C2=O,中毒,6.3808517,8.960914,0.182666877,3.916990494
c1n[nH]nc1-c1cc2c(c(-c3c(Cl)cccc3Cl)c1)C(c1ccc(Cl)cc1)N(c1cc(Cl)c=O)c(=O)c3cc(O)c(F)cc3c12,高毒,593.0783,84.56108,,
c1n[nH]nc1-c1cc2c(c(-c3c(F)cccc3Cl)c1)C(c1ccc(Cl)cc1)N(c1cc(Cl)cn(C3CC(O)(CO)C3)c1=O)C2=O,中毒,6.3808517,8.960914,0.198124642,3.931028956
c1n[nH]nc1-c1cc2c(n1-c1ccc(F)cc1F)C(c1ccc(Cl)cc1)N(c1cc(Cl)cn(C3CC(O)(CO)C3)c1=O)C2=O,中毒,12.488247,11.513729,0.244621212,4.0385462
c1n[nH]nc1-c1cc2c(n1-c1c(Cl)cccc1Cl)C(c1ccc(Cl)cc1)N(c1cc(Cl)cn(C3CC(O)(CO)C3)c1=O)C2=O,中毒,18.205946,11.513729,0.207895129,4.06849104
c1n[nH]nc1-c1cc2c(cc1Nc1ccc(Br)cc1F)C(c1nc(C(=O)NC3CCCNCC3)c(N3CCC(O)C(F)(F)C3)c1)C1C(=O)OC(C1)C3,高毒,593.0783,84.56108,,
c1n[nH]nc1-c1cc2c(c(N3CC4CC4C3)n1)CCN=C2c1ccc2sc(-c3noc(-c4c(O)nns4)c3Br)c(=O)c2c1,高毒,593.0783,84.56108,,
c1n[nH]nc1-c1cc2c(c(-c3ccc()c(Cl)c3)c1)C(c1ccc(Cl)cc1)N(c1cc(Cl)cn(I)c1=O)C3=O,高毒,593.0783,84.56108,,
c1n[nH]nc1-c1cc2c(o1)C(c1cc(Cl)cs1)N(c1cc(Cl)cn(C3CCOCC3)c1=O)C2=O,中毒,17.308577,27.917711,0.420136766,4.188207868
c1n[nH]nc1-c1cc2c(n1-c1ccc(F)s1)C(N1CC2COCC(C1)N3I)C1C(=O)N(c2ccnc(Cl)n2)C(C2CC2)C13,中毒,41.788136,21.726702,0.188972183,6.522617285
c1n[nH]nc1-c1cc2c(n1-c1ccc(F)cc1F)C(c1ccc(Cl)cc1)N(c2cc(Cl)cn(C3CC(O)(CO)C3)c1=O)C2=O,高毒,593.0783,84.56108,,
c1n[nH]nc1-c1cc2c(n1-c1ccc(Cl)cc1F)C(c1ccc(Cl)cc1)N(c1cc(Cl)cn(C3CC(O)(CO)C3)c1=O)C2,中毒,15.763229,11.513729,0.21970014,4.06853078
c1n[nH]nc1-c1cnc2nc(N3CCNC4CN(C5CCOCC5)CC4(c4cccs4)C3)nc2c1,高毒,593.0783,84.56108,,
c1n[nH]nc1-c1csc(-c2coc(-c3c-c(Cn4nnc5cnc(OC6CCC(O)(CN7CCCC7)C6)cc56)nn34)c2)c1,高毒,593.0783,84.56108,,
c1n[nH]nc1-c1cn2c(-c3cn[nH]c3)c(-c3cncc4cc(N5CCN6C(=O)COC6)cc45)cc(Cl)c3c2s1,高毒,593.0783,84.56108,,
c1n[nH]nc1-c1cc2c(c(-c3c(Cl)cccc3Cl)c1)N(c1cc(Cl)cn(C3CC(O)(CO)C3)c1=O)C2=O,中毒,38.86924,18.239529,0.328578433,3.476781411
c1n[nH]nc1-c1cc2c(C3CCc4c4cc(-c7cnnn6)ccc5cc4O3)n[nH]c2c1,高毒,593.0783,84.56108,,
c1n[nH]nc1-c1cc2c(n1-c1ccc(Cl)cc1F)C(c1ccc(Cl)cc1)N3c1cc(Cl)c(cc3cccnc33)c1,高毒,593.0783,84.56108,,
c1n[nH]nc1-c1cc2c(c(-c3c(Cl)cccc3Cl)c1)C(c1ccc(Cl)cc1)N(c1cc(Cl)cn(C3CC(O)(CO)C3)c3=O)c12,高毒,593.0783,84.56108,,
c1n[nH]nc1-c1csc(Nc2cn3c(S)nc(F)c3cc2-c2ccc(CN3CCCC3)cc2)n1,中毒,7.782585,15.858542,0.288991734,3.269175092
c1n[nH]nc1-c1cc2c(c(-c3ccnc4cc(Cl)ccc34)c1)C(c1ccc(F)cc1)N(c1c4ccc(Cl)cc4nc4cccc(F)c34)C(=O)N(CCN3CC,高毒,593.0783,84.56108,,
c1n[nH]nc1-c1cc2c(n1-c1ccc(Cl)cc1)c1cc(Cl)c(C#Cc3ccoc3CBr)cc1C(c1ccc(Cl)cc1)N(c1cc(Cl)cn(C3CC(O)(CO)C3),高毒,593.0783,84.56108,,
c1n[nH]nc1-c1cc2c(n1-c1ccc(Cl)cc1)C1(Cl)Br,高毒,593.0783,84.56108,,
c1n[nH]nc1-c1cc2c(n(-c3ccc(Br)c3)c1=O)C(c1ccc(Cl)cc1)N(c1cc(Cl)cn(C3CC(O)(CO)C3)c1=O)C2=O,高毒,593.0783,84.56108,,
c1n[nH]nc1-c1cn2c(P3=O)n(Cc4cccs4)nc3c(Br)c12,高毒,593.0783,84.56108,,
c1n[nH]nc1-c1cc2sc(-c3ccc4oc(CCCC5CCN(CC(c6ccccc6)(c6ccc(F)cc6)89)=c6c5)CC5)nc4c3sc2c1,高毒,593.0783,84.56108,,
c1n[nH]nc1-c1cc2c(n1-c1ccc(Cl)cc1Cl)C(c1ccc(Cl)cc1)N(c1cc(Cl)cn(C3CC(O)C(O)C3)c1=O)C2=O,中毒,18.205946,11.513729,0.215236992,4.416462606
c1n[nH]nc1-c1nc2c(c(-c3cn(CC4CCOCC4)c4nnc(-c5cc6cc(Cl)ccc6o5)n4c3=O)C(c3ccc(Cl)cc3)N2c2ccsc2)C1,高毒,593.0783,84.56108,,
c1n[nH]nc1-c1cc2c(c(-c3cc(C(F)(F)F)ccn3)c1)C(c1cccc(Cl)c1)N(c1cc(Cl)cn(C3CC(O)(CO)C3)c1=O)C2=O,中毒,15.809174,12.110745,0.204989755,4.082564525
c1n[nH]nc1-c1cc2c(c(-c3c(Cl)cccc3Cl)c1)CN(c1cc(Cl)cnc3ccnc13)C2,中毒,7.0701017,91.06806,0.309956167,3.100110757
c1n[nH]nc1-c1cc2c(c(-c3c(F)cccc3Cl)c1)C(c1ccc(Cl)cc1)N(c1cc(Cl)cn(C3CC(O)(CO)C3)c1=O)C2=O,中毒,6.3808517,8.960914,0.198124642,3.931028956
c1n[nH]nc1-c1cc2c(n1-c1ccc(Cl)cc1)c1cc(C(F)(F)F)c(Oc3ccc(C=Cc4ccncc4)cc3)cc1-2,低毒,11.3756075,19.356245,0.212781009,3.160952168
c1n[nH]nc1-c1cc2c(c(-c3ccc(CN4CCC5(CC4)Oc6ncccc65)c3)C1)C(c1cccnc1)N(c1cc(Cl)cn(C3CC(O)(CO)C3)c1=O),高毒,593.0783,84.56108,,
c1n[nH]nc1-c1cc2c(c(-c3ccc4c(n3)nc2-c2ccccc2)C2(CCNC2)CN(C2(C(=O)Nc5ccc(F)cc5)C3)CC2)c1,高毒,593.0783,84.56108,,
c1n[nH]nc1-c1cc2n(c1-c1ccc(Cl)cc1)C(c1ccc(Cl)cc1)N(c1cc(Cl)c(=O)n(C3CCOCC3)c1=O)C2=O,高毒,593.0783,84.56108,,
c1n[nH]nc1-c1cc2c(n1-c1ccc(Cl)cc1)C(c1ccc(Cl)cc1)N(c1cc(Cl)cn(C3CC(O)(CO)C3)c1=O)C2=O,中毒,14.882899,11.513729,0.235038859,3.958725058
c1n[nH]nc1-c1cc2sc(-c3ccc(OC(F)F)c(O)c3)cc2c1C(c1cccc(F)c1C(F)(F)F)N(C(=O)Nc1cccnc1)C1CCCCC1,高毒,593.0783,84.56108,,
c1n[nH]nc1-c1nc2c(C3CCNC3)nc3cc4c(cc3c2c1-c1cc2cc(Cl)ccc2o1)C(=O)N(c1cc(F)cn(CCO)c1)C4=O,高毒,593.0783,84.56108,,
c1n[nH]nc1-c1cc2c(c(-c3c(Cl)cccc3Cl)c1)C(c1ccc(Cl)cc1)N(c1cc(Cl)cn(C3CC(NO)C(O)C3)c1=O)C2=O,中毒,7.4282966,13.447941,0.144922518,4.592971641
c1n[nH]nc1-c1cc2c3c(c1)c(Cl)cc1N(Cc1ccn(C4CC4)cc1=O)CC3,高毒,593.0783,84.56108,,
c1n[nH]nc1-c1cc2c(c(-c3c(Cl)cccc3Cl)c1)C(c1ccc(Cl)cc1F)N(c1cc(Cl)cn(C3CC(O)(CO)C3)c1=O)C2=O,中毒,5.093859,8.960914,0.17785186,4.018323826
c1n[nH]nc1-c1cc2c(c(-c3c(Cl)cccc3Cl)c1)C(c1c[nH]c4ccc(I)cc14)NC(c1ccc(Cl)cc1)C(c1ccc(Cl)c3)N(c2cc)C1(O,高毒,593.0783,84.56108,,
c1n[nH]nc1-c1cc2c(n1-c1ccc(Cl)cc1)C(c1ccc(Cl)cc1)N(c1cc(Cl)cn(3)c1)C2=O,高毒,593.0783,84.56108,,
c1n[nH]nc1-c1c(C2CC(F)(F)C2)nc2c(Cl)c(-c3ccc4c(n3)-c3cc5c(F)cccc5n3-c3cnn(CC5CC5)c34)c(F)cc12,高毒,593.0783,84.56108,,
c1n[nH]nc1-c1cc2sc3nc4n(c(=NOc5cccc(F)c5)c(=O)c3c2c1-c1ccc(F)s1)CC(C(F)(F)F)C4,高毒,593.0783,84.56108,,
c1n[nH]nc1-c1cc2c(c(-c3c(Cl)cncc3Cl)c1)C(c1ccc(Cl)cc1)N(c1cc(Cl)cn(C3CC(O)(COCO)C3)c1=O)C2=O,中毒,7.4282966,10.425424,0.163853853,4.205988357
c1n[nH]nc1-c1cc2n(c1-c1ccc(Cl)cc1F)c1c(c3c(c1=O)CCCC3)CN(c1ccc(-c4nc[nH]n4)c(Cl)c1)C3,高毒,593.0783,84.56108,,
c1n[nH]nc1-c1cc2c(c(-c3ccc4c5c(n[nH]c5c3)c2)C(O)(C(F)(F)F)CCC4)c1C(F)(F)F,高毒,593.0783,84.56108,,
c1n[nH]nc1-c1ccc2c(-c3ccc4nc[nH]c4c3)cn[cHc3c(=O)c12,高毒,593.0783,84.56108,,
c1n[nH]nc1-c1cc2c(c(-c3nc(C4CC4)nn3-c3cc(F)c(F)cc3F)c1)C(c1ccc(Cl)cc1)N(c1cCCl)C(c1ccc(Cl)cc1)C3,高毒,593.0783,84.56108,,
c1n[nH]nc1-c1cc2c(cc1-c1ccn[nH]3)C(c3ccc(C#N)cc3)N(c3ccc(-c4csc(C5Cc6ncco6)n5)C(C4)C3)c12,高毒,593.0783,84.56108,,
c1n[nH]nc1-c1cn2c3c(cc(-c4ccco4)cc12)C(c1ccoc1)N(c1cc(Cl)[nH]n1)C3c1ccc[nH]c1=O,中毒,37.908485,16.95431,0.263638985,4.627718198
c1n[nH]nc1-c1cc2c(c(-c3c(Cl)cccc3Cl)c1)C(c1ccc(Cl)cc1O)N(c1cc(Cl)cn(C3CC4(O)C(=O)N(c5ccc(Cl)cc5)C5=O)c4,高毒,593.0783,84.56108,,
c1n[nH]nc1-c1csc(N2C3=NC4(Cc5ccccc5C5(c7cncc6cccc77)=NOC65)C4C3)nc12,高毒,593.0783,84.56108,,
c1n[nH]nc1-c1cc2c(c(-c3ccc4c(c3)OCn3cc(C5=CC(O)(CC7CC7)C(C6)C5)n4)nc12)C[S+]([O-])C3,高毒,593.0783,84.56108,,
c1n[nH]nc1-c1cc2c(c(-c3c(Cl)cccc3Cl)c1)C(c1ccc(Cl)cc1)N(c1cc(Cl)cn(C3CCN(C(=O)CO)CC4)c1=O)C3=O,高毒,593.0783,84.56108,,
c1n[nH]nc1-c1cc2c(c(-c3ccc4cc(Cl)cnc4c3)c1)C(c1ncc(-c4cnn(C5COC5)c4)c(F)c14)C1(C(=O)Nc4cc(Cl)ccc4c31,高毒,593.0783,84.56108,,
c1n[nH]nc1-c1cc2c(c(-c3c(Cl)cccc3Cl)c1)C(c1ccc(Cl)cc1)N(c1cc(Cl)cn(C3CC(O)(CO)C3)c1=O)C2=O,中毒,6.3808517,8.960914,0.182666877,3.916990494
c1n[nH]nc1-c1cc2c(c(-c3csc(-c4cccc(Br)c4)c3=O)n1)C(c1ccc(Cl)cc1)N(c1cc(Cl)cn(C5CC(O)(CO)C5)c1=O)C3=O,高毒,593.0783,84.56108,,
c1n[nH]nc1-c1cc2c(-c3ccnc(SCc4cccc(F)c4)c3)ncnc2c(NC2CCC(C(F)(F)F)CC2)c1-c1cc(Cl)cc(Cl)c1,中毒,9.778551,79.27266,0.119257237,3.521193724
c1n[nH]nc1-c1cc2c(cn1)NC(c1ccc(Cl)cc1)C(c1ccc(Cl)cc1)N(c1cc(Cl)cn(C3CC(O)(CO)C3)c1=O)C2=O,中毒,30.436527,41.73536,0.181380912,4.265772781
c1n[nH]nc1-c1cc2c(c(-c3c(Cl)cccc3Cl)c1)C(c1ccc(Cl)cc1)N(c1cc(Cl)cn(C3CC(O)(CO)C3)c1=O)C2=O,中毒,6.3808517,8.960914,0.182666877,3.916990494
c1n[nH]nc1-c1cc2c(n1-c1ccc(Cl)cc1)C(c1ccc(Cl)cc1)N(c1cc(Cl)cs1)C3c1ccnn1-c1ccc(Cl)cc1,高毒,593.0783,84.56108,,
c1n[nH]nc1-c1cc2sc(-c3cnc4[nH]ccc4c3)cc(=O)c2c1,高毒,593.0783,84.56108,,
c1n[nH]nc1-c1nc2c(-c3ccc(F)c(Cl)c3)nc(N3CCOCC3)nc2s1,中毒,74.53753,16.47171,0.54685105,2.945703417
c1n[nH]nc1-c1cc2c(c(-c3ccc(Cl)cc3F)c1)C(c1ccc(Cl)cc1)N(c1cc(Cl)cn(C3CC(O)(CO)C3)c1=O)C2=O,中毒,6.3808517,8.960914,0.198124642,3.908782802
c1n[nH]nc1-c1cc2c(n1-c1ccc(Cl)cc1Cl)C(c1ccc(Cl)cc1)N(c1cc(S(=O)(=O)c3cccnc3)C1)C(c1ccc(Cl)cc1)C1C(=O)N,高毒,593.0783,84.56108,,
c1n[nH]nc1-c1cc2c(n1-c1ccc(Cl)cc1)C(c1ccc(Cl)cc1)N(c1cc(Cl)cn(C3CC(O)(CO)C3)c1=O)C2=O,中毒,14.882899,11.513729,0.235038859,3.958725058
c1n[nH]nc1-c1cc2c(n1-c1ccc(Cl)cc1)C(c1ccc(Cl)cc1)N(c1ccn(C3CC(O)(CO)C3)c1=O)C2,高毒,593.0783,84.56108,,
c1n[nH]nc1-c1cc2c(c(-c3c(F)cccc3Cl)c1)C(c1ccc(Cl)cc1)N(c1cc(Cl)cn(C3CC(O)(CO)C3)c1=O)C2=O,中毒,6.3808517,8.960914,0.198124642,3.931028956
c1n[nH]nc1-c1cc2c(c(-c3ccc(-n4ccc(-c5cnoc5)c4)cc3)[nH]c2=O)C(c2ccc(Cl)cc2)C(c2ccc(Cl)cc2)N(C2CC(Cl)(C,高毒,593.0783,84.56108,,
c1n[nH]nc1-c1cc2c(n1-c1ccc(Cl)cc1)C(c1ccc(c(Cl)c1)N1C(=O)OC1(CO)c1ccc(Cl)cc1)N(c1cc(Cl)cn1)C3=O,高毒,593.0783,84.56108,,
c1n[nH]nc1-c1cc2c(n1-c1ncc(Cl)cc1Br)C(c1ccc(Cl)cc1)N(c1ccCl)C1,高毒,593.0783,84.56108,,
c1n[nH]nc1-c1cnc2c(c1)C1(COc3cCc(Cl)cc31)c1c(cc3c(c1O5)CCCS3)CC2,高毒,593.0783,84.56108,,
c1n[nH]nc1-c1cc2c(n1-c1ccc(F)cc1F)c(=O)c(c(=O)n2Cc1cccnc1)CS(=O)(=O)C1CC1,高毒,593.0783,84.56108,,
c1n[nH]nc1-c1nc2c(c(-c3cc(F)cc(NS(=O)(=O)c4ccc(F)cc4)c3)c1N1CCOCC1)C(c1ccc(Cl)cc1)N(c1cc(Cl)cn(C3CCC,高毒,593.0783,84.56108,,
c1n[nH]nc1-c1coc(-c2cnc3cc(-c4ncco4)c(-c4cn(-c5ccc(F)c(Cl)c5)nn4)cc23)c1=O,高毒,593.0783,84.56108,,
c1n[nH]nc1-c1cc2c(c(-c3ccc(Cl)cc3F)c1)C(c1ccc(Cl)cc1)N(c1cc(Cl)cn(C3CC(O)(CO)C3)c1=O)C2=O,中毒,6.3808517,8.960914,0.198124642,3.908782802
c1n[nH]nc1-c1cc2c(n1-c1ccc(F)cc1F)C(c1ccc(Cl)cc1)N(c1cc(Cl)cn(C3CC(O)(CO)C3)c1=O)C2=O,中毒,12.488247,11.513729,0.244621212,4.0385462
c1n[nH]nc1-c1cc2c(n1-c1ccc(F)cc1F)C(c1ccc(Cl)cc1)N(c1cc(Cl)cn(C3CC(O)(CO)C3)c1=O)C2=O,中毒,12.488247,11.513729,0.244621212,4.0385462
c1n[nH]nc1-c1cn2c(-c3nc4conc4nc3N3CCNCC3)cnc2c1,高毒,593.0783,84.56108,,
c1n[nH]nc1-c1cc2c(n1-c1ccc(Cl)cc1F)C(c1ccc(Cl)cc1)N(c1cc(nc3cncc(F)c3c1)C3=O)C1(C(=O)N(C3CCC3)C1)C2,高毒,593.0783,84.56108,,
c1n[nH]nc1-c1cn2c(n1)C(c1ccc(Cl)cc1)N(c1cc(Cl)cn(C3CC(O)C(O)C3)c1=O)C2=O,中毒,10.997056,31.16672,0.369871097,4.392848772
c1n[nH]nc1-c1nc2cc(-n3ncc(Cl)c3=O)ccc2n1-c1ccc(-c2cc[nH]c(=O)c2)cn1,高毒,593.0783,84.56108,,
c1n[nH]nc1-c1cc2c(n1-c1ccc(F)cc1)C(c1ccc(Cl)cc1)N(c1cc(Cl)cn(C3CC(O)(CO)C3)c1=O)C2=O,中毒,14.882899,11.513729,0.252765996,3.961679667
c1n[nH]nc1-c1cc1cc(c2c3c(n2)-c2c(N(C4CCOCC4)CC(O)C4)CCNCC2CC3)c(Cl)c1,高毒,593.0783,84.56108,,
c1n[nH]nc1-c1nc(S(=O)(=O)C2(c3ccc(F)cc3F)CCCC2)c2c3c(sc12)C(c1ccoc1)n1c-3c2c(c(-c4ccc(Cl)cc4)c2c1)C,高毒,593.0783,84.56108,,
c1n[nH]nc1-c1cc2c(n1-c1ccc(F)cc1F)C(c1ccc(Cl)cc1)N(c1cc(Cl)cn(C3CC(O)(CO)C3)c1=O)C2=O,中毒,12.488247,11.513729,0.244621212,4.0385462
c1n[nH]nc1-c1cc2c(n1-c1c(Cl)ccc3ccc(Cl)cc13)C(c1ccc(Cl)cc1)N(c1cc(Cl)cn(C3CC(O)(CO)C3)c1=O)C1=NCCN12,中毒,15.540574,13.466203,0.166330079,4.387189864
c1n[nH]nc1-c1cc2c(n1-c1ccc(Cl)cc1F)C(c1ccc(Cl)cc1)N(c1cc(Cl)cn(C3CN(C(=O)OC4CCOCC4)C5=O)c3C1=O)C2,高毒,593.0783,84.56108,,
c1n[nH]nc1-c1cc2c(c(-c3c(Cl)cc(cc4Cl)c3)c1)C(c1ccsc1)N(c1cc(Cl)n(C4(=O)C(=O)N(c5csc(C6CC6)c5)cc4=O)C3,高毒,593.0783,84.56108,,
c1n[nH]nc1-c1cc2c(n1-c1ccc(Cl)cc1F)C(c1ccc(Cl)cc1)N(c1cc2c(cc1=O)C(=O)OC5)C2c1ccc(Cl)cc1,高毒,593.0783,84.56108,,
c1n[nH]nc1-o1,高毒,593.0783,84.56108,,
c1n[nH]nc1-c1cc2c(n1-c1cc(Cl)cc(Cl)c1)C(c1ccc(Cl)cc1)N(c1cc(Cl)cn(C3CC(O)(CO)C3)c1=O)C2=O,中毒,14.882899,11.513729,0.207895129,4.073964211
c1n[nH]nc1-c1cnc2[nH]c(C3CCC(c4nc5cc(F)ccc5n5C6CC6(CO)CC5C6)c(F)c34)cc2c1,高毒,593.0783,84.56108,,
c1n[nH]nc1-c1noc(-c2ccc(N3Cc4nc(-c5c(F)ccc(N6CCOCC6)c5C5)nc4CC4CO6)nc3CC2)c1=O,高毒,593.0783,84.56108,,
c1n[nH]nc1-n1nc2c(N3CCOCC3CC(F)(F)C3)nc(-c3cc(OCc4ccc5c(n4)OCO5)ccn3)c2c1=O,高毒,593.0783,84.56108,,
c1n[nH]nc1-c1cc2c(n1-c1ccc(Cl)cc1F)C(c1ccc(Cl)cc1)N(c1cc(Cl)cn(C3CC(O)(CO)C3)c1=O)C2=O,中毒,12.488247,11.513729,0.22687237,4.043844886
c1n[nH]nc1-c1nn2c(CC3C4C=CC(C4)C3C(F)(F)P(=O)(O)O)nc(NC3CCCC52)c(-c2cc3ncsc3c(=O)n2-c2ccc(F)cc2)c1,高毒,593.0783,84.56108,,
c1n[nH]nc1-c1cc2c(F)c(Oc3ccc(N4CC6(CC5)OC(c6nc(Cl)nc6-c6ncc(Cl)s6)CC56)cc4Cl)cc3sc2c1,高毒,593.0783,84.56108,,
c1n[nH]nc1-c1cc2c(n1-c1ccc(Cl)cc1)C(c1ccc(Cl)cc1)N(c1ccCl)c(Cl)c1,高毒,593.0783,84.56108,,
c1n[nH]nc1-c1cc2c(n1-c1ccccc1Cl)C(c1ccc(Cl)cc1)N(c1cc(Cl)cn(C3CC3)c1=O)C3=O,高毒,593.0783,84.56108,,
c1n[nH]nc1-c1cc2sc(-c3ccc(C4(N)CCNCC4)cc3)c(=O)c2cc1F,高毒,593.0783,84.56108,,
c1n[nH]nc1-c1cc2c(c(-c3c(Cl)ccc(Cl)c3Cl)c1)C(c1ccc(Cl)cc1)N(c1cc(Cl)cn(C3CC(S(=O)(=O)O)C5(C)CC5C6=O)C23,高毒,593.0783,84.56108,,
c1n[nH]nc1-c1cc2c(c(-c3c(Cl)cccc3Cl)c1)C(c1ccc(Cl)cc1)N(c1cc(Cl)cn(C3CC(O)(CO)C3)c1=O)C2=O,中毒,6.3808517,8.960914,0.182666877,3.916990494
c1n[nH]nc1-c1nc2c(c(-c3c[nH]c4ncc(-c5cscn5)cc34)n1)CN(c1cc(-c3cnn(C4CCN(C5CO=CCO5)CC5)c4)C(C1)C3)C,高毒,593.0783,84.56108,,
c1n[nH]nc1-c1cc2c(n1-c1ccc(Cl)cc1F)C(C#N)(c1cc(Cl)cnc1Cl)](c1cc(Cl)cnc1c1)C2C1CC1,高毒,593.0783,84.56108,,
c1n[nH]nc1-c1cc2c(n1-c1ccc(Cl)cc1)C(c1ccc(Cl)cc1)N(c1cc(Cl)cn(C3CC(O)(CO)C3)c1=O)C2=O,中毒,14.882899,11.513729,0.235038859,3.958725058
c1n[nH]nc1-c1cc2c(n1-c1ccc(Cl)cc1)C(c1ccc(Cl)cc1)N(c1cc(Cl)cn(C3CC(OC(=O)NCC5CC5)C5)c3I)C(=O)C1(C)C2,高毒,593.0783,84.56108,,
c1n[nH]nc1-c1cc2c(n1-c1cc(Cl)cc(Cl)c1F)C(c1ccc(Cl)cc1)N(c1ccc(S(=O)(=O)C(F)(F)F)cc1)C2=O,中毒,17.272402,21.729755,0.155153334,3.76722449
c1n[nH]nc1-c1cc2c(n1-c1cc(Cl)ccc1Cl)C(c1ccc(Cl)cc1)N(c1ccCl)C(N1CC1)c1cc(Cl)cc(CO)c1O2,高毒,593.0783,84.56108,,
c1n[nH]nc1-c1nc2cnc(-c3cc(F)c(O)c(I)c3F)cc2c1Nc1ccc(F)cn1,高毒,593.0783,84.56108,,
c1n[nH]nc1-c1cc2c(c(-c3ccc4[nH]nc(-c5c%10c(O)cccc7s6)c5c4)c3c1)CN(c1ccc(Cl)cc1)C3c1ccc(N4CCOCC4)cc3C(,高毒,593.0783,84.56108,,
c1n[nH]nc1-c1cnc(Oc2cccc(F)c2)c1,高毒,593.0783,84.56108,,
c1n[nH]nc1-c1cc2c(n1-c1ccc3c(c1)C(c1ccc(Cl)cc1)=NN(c1ccc(Cl)cc1)C3c1ccc(Cl)cc1)C(c1ccc(Cl)cc1)N(c1cc(Cl,高毒,593.0783,84.56108,,
c1n[nH]nc1-c1cc2c(c(-c3cc(F)c(CO)c(F)c3)c1)C(c1ccc(Cl)cc1)N(c1cc(Cl)cn(C3CC(O)(CO)C3)c1=O)C2=O,中毒,6.3808517,13.447941,0.18540963,4.091982024
c1n[nH]nc1-c1cc2sc(-c3cc(Cl)c(O)c(Cl)c3)nc2c1-c1c(Cl)cccc1Cl,高毒,593.0783,84.56108,,
c1n[nH]nc1-c1cc2c(cn1)c(-c1ccsc1)nc1c(C(F)(F)F)c(-c3nccs3)cc12,高毒,593.0783,84.56108,,
c1n[nH]nc1-c1cn(Cc2nc3c(c(=O)n(Cc4ccccc4)c2=O)c(Cc2ccsc2F)c(=O)n3Cc2ccccn2)c(=O)c1Br,高毒,593.0783,84.56108,,
c1n[nH]nc1-c1cc2c(n1-c1ccc(Cl)cc1F)C(c1ccc(Cl)cc1)N(c1cc)C(c1ccsc1)C1C#N,高毒,593.0783,84.56108,,
c1n[nH]nc1-c1cc2c(n1-c1cc(F)c(Cl)c(F)c1)C(c1ccc(Cl)cc1)N(c1cc(Cl)cn(C3CC(O)(CO)C3)c1=O)C2=O,中毒,14.882899,11.513729,0.205213556,4.183801017
c1n[nH]nc1-c1cc2cc(-c3ccnc4[nH]ccc34)sc2c1N1CCOCC1,高毒,593.0783,84.56108,,
c1n[nH]nc1-c1cc2c(n1-c1ccc(Cl)cc1F)C(c1ccc(Cl)cc1)N(c1cc(Cl)cn(C3CC(O)C(O)C3)c1=O)N2Cc1cc(I)c(O)c(F)c,高毒,593.0783,84.56108,,
c1n[nH]nc1-c1cc2c(n1-c1ccc(F)cc1)C(c1ccc(Cl)cc1)N(c1ccc(Cl)c(Cl)n1)C3c1ccc(C(F)(F)F)cc3C(c3ccccc3)C1=,高毒,593.0783,84.56108,,
c1n[nH]nc1-c1cc2c(c(-c3cc(F)cc(F)c3F)c1)C(c1ccc(Cl)cc1)N(c1cc(Cl)cn(C3CC4(O)C(O)C(O)C(O)C4)c3c1=O)C2,高毒,593.0783,84.56108,,
c1n[nH]nc1-c1nc2c(s1)C(c1ccc(Cl)cc1F)c1c(c(Cl)c1Cl)N(c1cc(Cl)cn(C3CC(sc4cc(F)cc4)c4=O)C3=O)C1=N2,高毒,593.0783,84.56108,,
c1n[nH]nc1-c1cc2c(nc1-c1ccnc(F)c1)C(c1ccc(Cl)cc1)N(c1cc(Cl)cn(C3CC(O)(CO)C3)c1=O)C2=O,中毒,13.216523,12.087409,0.233659137,4.097933853
c1n[nH]nc1-c1cc2c(c(-c3cc4ccc5c(c4c3O)COCO6)c1n1)CSc1nc[nH]c(=O)c1-3,高毒,593.0783,84.56108,,
c1n[nH]nc1-c1cc2sc(C3CCCC3NS(=O)(=O)c3ccc(Cl)s3)cc2c1-c1csc(Nc2ccc(N3CCOCC3)cc3)nc12,高毒,593.0783,84.56108,,
c1n[nH]nc1-c1cc2c(Sc3ccc(Cl)c(Cl)c3)ncnc2cc1-c1cn(CCCN2CCOC2)c(-c2ccc(OCCCO)cc2)c1=O,高毒,593.0783,84.56108,,
c1n[nH]nc1-c1cc2c(n1-c1ccc(Cl)cc1)C(c1ccc(Cl)cc1)N(c1cc(Cl)cn(C3CC(O)C(O)C3)c1=O)C2=O,中毒,14.882899,11.513729,0.243329336,4.341481149
c1n[nH]nc1-c1nc2c(n1-c1ccc(Cl)cc1)C(c1ccc3c(c1)SCC3)N(c1ccc(Cl)cc1Cl)C32,高毒,593.0783,84.56108,,
c1n[nH]nc1-c1cc2c(n1-c1ccc(Cl)cc1)C(c1ccc(Cl)cc1)N(c1cc(Cl)cn(C3CC(O)(CO)C3)c1=O)C2=O,中毒,14.882899,11.513729,0.235038859,3.958725058
c1n[nH]nc1-c1cc2n(c1-c1cc(F)cc(F)c1Cl)C(c1ccc(Cl)cc1)N(c1cc(Cl)cn(C3CC(O)(CO)C3)c1=O)C2=O,中毒,19.951618,13.503714,0.201285151,4.251594002
c1n[nH]nc1-c1c(N2CCN(CC=Cc3ccsc3)CC2)c(Cl)cn2c(=O)c(C(=O)O)c(C3CC3)c12,高毒,593.0783,84.56108,,
c1n[nH]nc1-c1cc2c(n1-c1ccc(Cl)cc1)C(c1ccc(Cl)cc1)N(c1cc(Cl)cn(C3CC(O)(C(=O)O)C5)c3=O)C(=O)C12,高毒,593.0783,84.56108,,
c1n[nH]nc1-c1cc2c(c(-c3c(Cl)cccc3Cl)c1)C(c1ccc(Cl)cc1)N(c1cc(Cl)cn(C3CC(O)(CO)C3O)c1=O)C2=O,中毒,6.3808517,8.960914,0.178299543,4.631887507
c1n[nH]nc1-c1cc2c(n1-c1ccc(Cl)cc1)C(4c1ccc(Cl)cc1)N(c1cc(Cl)cn(C3CC(O)C(O)C3)c1=O)C3=O,高毒,593.0783,84.56108,,
c1n[nH]nc1-c1cc2c(cc1-c1ccsc1)N(c1cc(Cl)cn(C3CC(O)C(O)C3)c1=O)C2=O,中毒,38.74793,10.425424,0.398509316,4.128682211
c1n[nH]nc1-c1cn2c(CC(F)(F)c3ccccc3)nnc2c1,高毒,593.0783,84.56108,,
c1n[nH]nc1-c1cc2c(c(-c3c[nH]c4cc(C(F)(F)F)c(Cl)cc34)c1)C(c1ccc(Cl)cc1)N(c1cc(Cl)cn(C3CC(O)(CO)C3)c1=O,高毒,593.0783,84.56108,,
c1n[nH]nc1-c1cc2c(c(-c3nc(-c4cc(F)cc(F)c4)cs3)C1c1ccc(Cl)s1)C(c1ccc(Cl)cc1)N(c1cc(Cl)cn(C3CC5(=O)N(C6,高毒,593.0783,84.56108,,
c1n[nH]nc1-c1cc2c(c(-c3c(Cl)cccc3Cl)c1)C(c1ccc(Cl)cc1)c1c(cc3c1=O)SC(C2)N1CCOCC1,高毒,593.0783,84.56108,,
c1n[nH]nc1-c1cc2c(cc1-c1cncnc1)C(c1ccc(Cl)cc1)N(c1cc(Cl)cn(C3CC(O)(CO)C3)c1=O)C2=O,低毒,6.3808517,34.172764,0.257003372,3.975282618
c1n[nH]nc1-c1cc2c(n1-c1ccc(Cl)cc1F)C(c1ccc(Cl)cc1)N(c1ccn(C3CC(O)(CO)C3)c1)C2=O,中毒,15.540574,19.356245,0.246976475,4.038539072
c1n[nH]nc1-c1cc2c(n1-c1ccc(Cl)cc1)C(c1ccc(Cl)cc1)N(c1cc(Cl)cn(C3CC(O)(CO)C3)c1=O)C2=O,中毒,14.882899,11.513729,0.235038859,3.958725058
c1n[nH]nc1-c1nnc2c(=O)n(-c3ccc(C(F)(F)F)cc3)nc(-c3ccc4nccnc4c3)c12,高毒,593.0783,84.56108,,
c1n[nH]nc1-c1cc2c(c(Cl)c1Cl)N(c1cc(Cl)cn(C3CC4(O)C(CO)C(O)C(O)C4O)c3c1=O)C(=O)CC2,高毒,593.0783,84.56108,,
c1n[nH]nc1-c1cc2c(c(-c3ccnn3Cc3ccc(F)cc3)c1)C(c1ccc(Cl)cc1)N(c1cc(Cl)cn(C3CC(O)(CO)C3)c3=O)c12,高毒,593.0783,84.56108,,
c1n[nH]nc1-c1cc2c(c(-c3c(Cl)nc4nc(Oc5ccc(F)cc5Br)nn34)CN(c3cccnc3)C1)CNC2,高毒,593.0783,84.56108,,
c1n[nH]nc1-c1cc2c(c(-c3c(Cl)cc(-c4ccc(O)cc4)cc3Cl)c1Cl)CCN(c1ncnc4[nH]ccc14)C(C2)C3,高毒,593.0783,84.56108,,
c1n[nH]nc1-c1cc2c(c(-c3ccc(NS(=O)(=O)c4ccc5oc6c(c5c4)CCN(C6CC5)C5)c3=O)CNC4=O)nc12,高毒,593.0783,84.56108,,
c1n[nH]nc1-c1cc2n(c1-c1ccc(Cl)cc1)C(c1ccc(Cl)cc1)N(c1ccc(Cl)c(Cl)c1)C3=O,高毒,593.0783,84.56108,,
c1n[nH]nc1-c1cc2c(c(-c3ccc4nonc4c3)c1)C(c1ccc(Cl)cc1)N(c1cc(Cl)cn(C3CC(O)(CO)C3)c1=O)C2=O,低毒,6.3808517,8.960914,0.225135042,4.049144367
c1n[nH]nc1-c1cc2c(n1-c1ccc(F)cc1F)C(c1ccc(Cl)cc1)N(c1cc(Cl)cn(C3CC(O)(CO)C3)c1=O)C2=O,中毒,12.488247,11.513729,0.244621212,4.0385462
c1n[nH]nc1-c1cc2c(n1-c1ccccc1Cl)C(c1ccc(Cl)cc1)N(c1cc(Cl)cn(C3CC(O)(CO)C3)c1=O)C2=O,中毒,18.205946,11.513729,0.235038859,3.98313434
c1n[nH]nc1-c1cn2c(CCC3=NOC4(CCN(c5cc6cc[nH]c7c6)CC5)CC4C3)c(-c3ccc4ncn(C5CCC(O)C(C)(C)C5)c5n4c3)c2,高毒,593.0783,84.56108,,
c1n[nH]nc1-c1cn2c(-c3cn4ccnc4s3)cnc2c1,高毒,593.0783,84.56108,,
c1n[nH]nc1-c1nc(N2C(=O)C3C4C=CC(C4)C3C2)nc2cc(OCC4(O)CNC4)c(F)cc12,中毒,26.694351,21.537413,0.47918282,5.379149523
c1n[nH]nc1-c1nc2c(n1-c1cccc(Cl)c1)C(c1ccc(Cl)cc1)N(c1ccCl)C(c1ccc(Cl)cc1)C1(C(=O)NC1=O)C1C2CC3CC(C2)CC,高毒,593.0783,84.56108,,
c1n[nH]nc1-c1cc2c(-c3ccc(Oc4ccc(S(=O)(=O)Nc5ncc6cc(Cl)ccc6c(=O)c5)c4)cc3)cc3c1c1ccncc3cnc12,高毒,593.0783,84.56108,,
c1n[nH]nc1-c1cc2sc(-c3csc(-c4cscn4)n3)c2cc1Cc1cncs1,高毒,593.0783,84.56108,,
c1n[nH]nc1-c1cc2c(n1-c1ccc(Cl)cc1F)C(c1ccc(Cl)cc1)N(c1ccS(=O)(=O)c4CCC2)C(c2ccc(Cl)cc2)C1(Cl)Cl,高毒,593.0783,84.56108,,
c1n[nH]nc1-c1cc2c(n1-c1ccc(Cl)cc1Cl)C(c1ccc(Cl)cc1)N(s2)c1cc2cc(Br)ccc2nc1SCc1ccc(F)cc1,中毒,88.66508,17.334517,0.128071017,3.964612711
c1n[nH]nc1-c1cc2c(c(-c3ccc(F)cc3)c1)C(c1ccc(Cl)cc1)N(c1ccCl)C(=O)NC3,高毒,593.0783,84.56108,,
c1n[nH]nc1-c1cc2c(cc1F)c(N1CC(Oc4ccc5cccnc5c4)C3)nc(N3CCOC(CO)C3)c(=O)c2C1,高毒,593.0783,84.56108,,
c1n[nH]nc1-c1cc2c(c(-c3c(Cl)cccc3Cl)c1)C(c1cccnc1)N(c1cc(Cl)cn(C3CC(O)(CO)C3)c1=O)C2=O,中毒,6.3808517,8.519041,0.222087234,3.984009039
c1n[nH]nc1-c1cc2c(c(-c3cccc(F)c3)c1)C(c1ccc(Cl)cc1)N(c1cc(Cl)cn(C3CC(O)(C)C3)c1=O)C3=O,高毒,593.0783,84.56108,,
c1n[nH]nc1-c1cc2c(#Cc3ccc(OC(F)(F)F)cc3)nc(-c3cn[nH]c3)c3c(c12)C1CC(C3)N1,高毒,593.0783,84.56108,,
c1n[nH]nc1-c1cc2c(n1-c1ccc(Cl)cc1)C(c1ccc(Cl)cc1Cl)N(c1cc(Cl)cn(C3CC(O)C(O)C3)c1=O)C(=O)C2,中毒,20.18954,47.68054,0.215430265,4.473378544
c1n[nH]nc1-c1cc2c(n1-c1ccc(Cl)cc1F)C(c1ccc(Cl)cc1)N(c1cc(Cl)cn(C3CC(O)(CO)C3)c1=O)C2=O,中毒,12.488247,11.513729,0.22687237,4.043844886
c1n[nH]nc1-c1cc2c(c(-c3ccccc3F)c1)C(c1ccc(Cl)cc1)N(c1cc(Cl)cn(C3CC(O)(CO)C3)c1=O)C2=O,中毒,6.3808517,8.960914,0.225528973,3.842002215
c1n[nH]nc1-c1cc2c(c(-n3cc(-c4cc5c(n4)-c4cc6cc[nH]c6cc4CO5)SC4)c(OCC4CC4)cc3C(c3ccc(Cl)cc3)C2)c1,高毒,593.0783,84.56108,,
c1n[nH]nc1-c1cc2c(c(-c3nc4[nH]cc(-c7ccccc5)c5c(=O)c34)C2)nn1,高毒,593.0783,84.56108,,
c1n[nH]nc1-c1csc(C2N3CCC2CC(Oc2ncc(N4CCOCC5)c(-c4nc(-c7ccc6noc(-c7ccc8n[nH]c9c%10=O)c7c6)cc6s5)C4)nc,高毒,593.0783,84.56108,,
c1n[nH]nc1-c1cc2n(c1)cc(N1CCc3ccccc3C1)c(=O)c2c1CC(CN1C=O)CCCC21,高毒,593.0783,84.56108,,
c1n[nH]nc1-c1cc2c(c(-c3c(Cl)cccc3Cl)c1)C(c1ccc(Cl)cc1)N(c1cc(Cl)cn(C3CC(O)(CO)C3)c1=O)C2=O,中毒,6.3808517,8.960914,0.182666877,3.916990494
c1n[nH]nc1-c1cc2c(n1-c1ccc(Cl)cc1)C(c1ccc(Cl)cc1)N(c2cccnc1)C3c1ccc(Cl)cc1,高毒,593.0783,84.56108,,
c1n[nH]nc1-c1cc2c(c(-c3cSC(c4ccc(Cl)c(Cl)c4)c2)C2(COC(N)=N2)CN(c2ccc(F)cc2F)CC3)n1,高毒,593.0783,84.56108,,
c1n[nH]nc1-c1cc2c(C3CC3)c(-c3cncn3-c3ccc(F)cc3)nc(Nc3ccc(N4CCOCC4)cc3)c2c1,高毒,593.0783,84.56108,,
c1n[nH]nc1-c1cc2c(n1-c1ccc(Cl)cc1)C(c1ccc(Cl)cc1)N(c1cc(Cl)cn(C3CC(O)(CO)C3)c1=O)C2=O,中毒,14.882899,11.513729,0.235038859,3.958725058
c1n[nH]nc1-c1cc2c(c(-c3c(F)cccc3F)c1)C(c1ccc(Cl)cc1)N(c1cc(Cl)cn(C3CC(O)C(O)C3)c1=O)C2=O,中毒,6.3808517,8.960914,0.224650732,4.312288901
c1n[nH]nc1-c1cc2c(n1-c1ccc(F)cc1F)C(c1ccc(Cl)cc1)N(c1cc(Cl)cn(C3CC(O)(CO)C3)c1=O)C2=O,中毒,12.488247,11.513729,0.244621212,4.0385462
c1n[nH]nc1-c1cc2c(s1)CCc1c-2cc2c(-c3ccc(-c4nnn[nH]4)cc3)nnc1-2,中毒,13.53227,17.332138,0.524097462,3.81670817
c1n[nH]nc1-c1cc2c(c(-c3ccnc(-c4csc(N5CCOCC5)n5)c3)n1)C(c1cccc(F)c1)N(c1cc(Cl)cn(C3CC(O)(CO)C3)c1=O),高毒,593.0783,84.56108,,
c1n[nH]nc1-c1nc(-c2c(F)cccc2Cl)cc1C(F)(F)F,高毒,593.0783,84.56108,,
c1n[nH]nc1-c1cc2c(n1-c1ccc(Cl)cc1)C(c1ccc(Cl)cc1)N(c1cc(Cl)cn(C3CC(O)(CO)C3)c1=O)C2=O,中毒,14.882899,11.513729,0.235038859,3.958725058
c1n[nH]nc1-c1nc2c(c(-c3ccnc(Br)c3)c1)C(c1ccc(Cl)cc1)N(c1cc(Cl)cn(C3CC(O)(CO)C3)c1=O)C2=O,中毒,37.24519,12.110745,0.211085108,4.090500478
c1n[nH]nc1-c1cc2c(c(-c3cc4c([nH]3)C3(CCN(CC4COC3)CC(F)(F)C3)C3c3cc(Cl)ccc5n3-c3c(F)csc33)CC2)c1,高毒,593.0783,84.56108,,
c1n[nH]nc1-c1cc2c(c(-c3c(Cl)cccc3Cl)c1)C(c1cccc(Cl)c1)N(c1cc(Cl)cn(C3CC(O)(CO)C3)c1=O)C2=O,中毒,6.3808517,8.960914,0.182666877,3.944231153
c1n[nH]nc1-c1cc2c(c(-c3ccc(-c4ccc5n[nH]c5cc4Br)c3)c1)(c1ccsc1)C(c1ccc(Cl)cc1)N(c1cc(Cl)n[nH]1)C3=O,高毒,593.0783,84.56108,,
c1n[nH]nc1-c1cc2c(c(-c3cc(Cl)cc(Cl)c3)c1)C(c1ccc(Cl)cc1)N(c1cc(Cl)cn(C3CC(O)(CO)C3)c1=O)C2=O,中毒,6.3808517,8.960914,0.182666877,3.934706978
c1n[nH]nc1-c1cc2c(c(-n3nc4c(c3=O)C(c3ccc(Cl)cc3)N(c4cc(Cl)cn(C5CC(O)(C(=O)O)C(CO)C5)n5)C4)nc12)C(F)(,高毒,593.0783,84.56108,,
c1n[nH]nc1-c1cc2c(n1-c1ccc(Cl)cc1F)C(c1ccc(Cl)cc1)N(c1cc(Cl)cn(C3CC(O)(CO)C3)c1=O)C2=O,中毒,12.488247,11.513729,0.22687237,4.043844886
c1n[nH]nc1-c1cc2c(c(Nc3cc4c(c2)c2cc(C(F)(F)F)oc23)C(CN2c4ccc(F)cc4C2)C(=O)CC3)c1,高毒,593.0783,84.56108,,
c1n[nH]nc1-c1c(Nc2c(c(Cl)cc3nc(-c4ccncc4Cl)cs2)c2c(N4CCOCC4)nc23)CC1,中毒,29.617031,27.18666,0.336096342,4.813406792
c1n[nH]nc1-c1ncc2c(n1)c(Br)c(C13N=C(NC4CC4)C(c4ccc(Cl)cc4)NC(c4ccc(Cl)cc4)C31)O2,高毒,593.0783,84.56108,,
c1n[nH]nc1C12CCC(c3noc(SCc4ccc5c(c4)OCO5)c3-c3ccsc3)(CC1)C2,中毒,4.9506946,32.174812,0.356016089,4.380442503
c1n[nH]nc1-c1nc2c(nc1N1CCOCC1)C(c1ccc(Cl)cc1)N(c1cc(=O)n(CC3CCCOC3)c1=O)(C(F)(F)F)C2,高毒,593.0783,84.56108,,
c1n[nH]nc1-c1cc2c(c(-c3cccnc3)c1)C(c1ccc(Cl)cc1)N(c1cc(Cl)cn(C3CC(O)(CO)C3)c1=O)C2=O,中毒,8.93265,8.960914,0.249435832,3.878811243
c1n[nH]nc1-c1cc2c(c(-c3cc(Cl)cc(Cl)c3)c1)C(c1ccc(Cl)cc1)N(c1cc(Cl)cn(C3CC(O)(CO)C3)C1=O)c1=O,高毒,593.0783,84.56108,,
c1n[nH]nc1-c1nc2[nH]c(-c3cccc(Cl)c3)cc2c2c(=O)n(-c3ccc(Br)cc3)c(C#N)c12,高毒,593.0783,84.56108,,
c1n[nH]nc1-c1cc2c((-c3ccc4(nn3)C(c3ccc(Cl)cc3)N(c3ccc(Cl)c(C(F)(F)F)c5)C4=O)C(=O)N(CC4(CO)CC4)C3)cnc,高毒,593.0783,84.56108,,
c1n[nH]nc1-c1cc2c(n1-c1ccc(F)cc1F)C(c1cc3cc(Cl)ccc3s1)N(c1ccOC(F)(F)F)s1,高毒,593.0783,84.56108,,
c1n[nH]nc1-c1cc2c(n1-c1ccc(Cl)cc1)C(c1ccc(F)cc1)N(c1cc(Cl)c(=O)n(C3CC(O)(CO)C5)c3n1)C2,高毒,593.0783,84.56108,,
c1n[nH]nc1-c1cc2c(n1-c1ccc(C(F)(F)F)cc1Br)C(c1ccc(Cl)cc1)N(c1cc(Cl)cn(C3CC(O)(CO)C3)c1=O)C2=O,中毒,38.99518,11.513729,0.186515991,4.173707308
c1n[nH]nc1-c1cc2c(c(-c3c(Cl)cccc3Cl)c1Oc1cncnc1N1CCC(F)(F)CC1)CN(Cc1ccc(F)c(Cl)c3)CC1,高毒,593.0783,84.56108,,
c1n[nH]nc1-c1cc2c((-c3ccc(F)c(Cl)c3)c1)C(c1ccc(Cl)cc1)N(c1cc(Cl)cn(C3CC(O)C(O)C3)c1=O)C2=O,高毒,593.0783,84.56108,,
c1n[nH]nc1-c1cc2c(c(-c3ccco3)c1)C(c1ccc(c(F)c1)c1)C1(CCON(H])C1)N2,高毒,593.0783,84.56108,,
c1n[nH]nc1-c1cc2c(c(-c3c(F)cccc3F)c1)C(c1ccc(Cl)cc1)(c1ccc(Cl)cc1)N(c1cc(Cl)cn(C3CC(O)(CO)C3)c1=O)C2=,高毒,593.0783,84.56108,,
c1n[nH]nc1-c1c2c(c(-c3c(Cl)cccc3Cl)c1)C(c1ccc(Cl)cc1)N(c1cc(Cl)cn(C3CC(O)(CO)C3)c1=O)C2=O,高毒,593.0783,84.56108,,
c1n[nH]nc1-c1cc2c(n1-c1ccc(F)cc1)C(c1ccc(Cl)cc1)N(c2cc(Cl)cn(C4CC(O)(CO)C4)c1=O)C2=O,高毒,593.0783,84.56108,,
c1n[nH]nc1-c1nc2c(c(Nc3ccc4[nH]ncc4c3)n1)C(c1ccc(Cl)cc1)N(c1cc(Cl)cn(C3CC(O)(CO)C3)c1=O)c1CC2,高毒,593.0783,84.56108,,
c1n[nH]nc1-c1cc2c(c(-c3c(Cl)cccc3Cl)c1)C(c1cccc(Cl)c1F)N(c1cc(Cl)cn2nc(=O)c3cocc13)C2=O,高毒,593.0783,84.56108,,
c1n[nH]nc1-c1cnc2cc(-c3cc6c([nH]5)n[nH]c5c4s3)cc2c1-c1cn(C2OC(CO)C(O)C(O)C2O)c2ncnc(N)c12,高毒,593.0783,84.56108,,
c1n[nH]nc1-c1cc2c(c(-c3ccnc(Oc4ccc(F)cc4)c3)c1)C(c1ccc(Cl)cc1)N(c1cc(Cl)cn(C4CC(O)(CO)C4)c3)c1=O,高毒,593.0783,84.56108,,
c1n[nH]nc1-c1cc2c(c(N3CCOCC3)c1)C(c1ccc(Cl)cc1)N(c1cc(Cl)cn(C3CC(O)(CO)C3)c1=O)C2=O,中毒,22.277517,26.52157,0.296703152,3.928756136
c1n[nH]nc1-c1c2c(c(C3CCC(N4CCN(c5ccc(F)c(F)c5)CC4)c4c(N)ncnc43)CCC1)CNC2,中毒,9.855698,9.674791,0.454880923,4.366740131
c1n[nH]nc1-c1cc2c(c(-c3ccc4c(c3)OCO4)c1)CC(c1ccc(Cl)cc1)N(c1cc(Cl)cn(C3CC(O)(CO)C3)c1=O)C2=O,中毒,22.081963,18.239529,0.219635167,3.958867905
c1n[nH]nc1-c1nc2c(n1-c1ccc(Cl)cc1)C(c1ccc(Cl)cc1)N(c1cc(Cl)cn(C3CC(O)(CO)C3)c1=O)C2=O,中毒,23.043425,34.717995,0.247048027,3.985087677
c1n[nH]nc1-c1cc2c(n1-c1ccc(Cl)cc1F)C(c1ccc(Cl)cc1Cl)N(c1cc(Cl)cn(C3CC(O)(CO)C3)c1=O)C2=O,中毒,15.540574,11.513729,0.201119225,4.118231171
c1n[nH]nc1-c1cc2c(c(-c3cc(OC(F)F)c(Oc4cccc(C(F)(F)F)c4)c3)C3)nc(-c3cnc4[nH]cc(-c7cnc6ccccc6[nH]7)c,高毒,593.0783,84.56108,,
c1n[nH]nc1-c1onc2c1CN(c1cc(-c3ccnnc3)nc(Nc3ccco3)c13)CC2,高毒,593.0783,84.56108,,
c1n[nH]nc1-c1nc(C2CCCN2c2ncc(-c3csc4cc(C#N)ccc34)cn2)c(NC2C3CC4CC(C3)CC2C4)n1,高毒,593.0783,84.56108,,
c1n[nH]nc1-c1sc2nc3[nH]nc(-c4ccncc4)c3c(=O)c2c1C(c1ccccc1)N(CCO)Cc1c[nH]c2cc(F)ccc12,高毒,593.0783,84.56108,,
c1n[nH]nc1-c1cnc(-c2ccccc2N=CC(-c2ccc(CN3CCOCC3)cc2)N2CCCN(Cc3nscn3)CC2)cc1,中毒,62.362247,58.699375,0.215230492,3.965089566
c1n[nH]nc1-c1cc2c(n1-c1ccc(F)c(Cl)c1)C(c1ccc(Cl)cc1)N(c1cc(Cl)cn(C3CC(O)(CO)C3)c1=O)C2,中毒,19.24008,11.513729,0.21970014,4.069544639
c1n[nH]nc1-c1cc2c(n1-c1ccc(Cl)cc1)C(c1ccc(Cl)cc1)N(c1ccCl)C(c1ccc(Cl)cc1)C1(c3ccH]c4ccsc4c3=O)NC(c3ccc,高毒,593.0783,84.56108,,
c1n[nH]nc1-c1cc2c(n1-c1ccc(Cl)cc1)C(c1ccc(Cl)cc1)N(c1cc(Cl)cn(C3CC((O)CO)C(O)C3)c1=O)C2,高毒,593.0783,84.56108,,
c1n[nH]nc1-c1cc2c(c(-c3c(Cl)cccc3Cl)c1)C(c1ccc(Cl)cc1)N(c1cc(Cl)cn(C3CC(O)(CO)C3)c1=O)C2=O,中毒,6.3808517,8.960914,0.182666877,3.916990494
c1n[nH]nc1-c1cc2c(n1-c1ccc(F)cc1F)C(c1ccc(Cl)cc1)N(c2cc(Cl)cn(C3CC(O)(CO)C3)c1=O)C2=O,高毒,593.0783,84.56108,,
c1n[nH]nc1-c1cc2c(c(-c3csc(-c4ccc5occ(C(F)(F)F)c5c4=O)n3)CN(C3CC3)CC4)c12,高毒,593.0783,84.56108,,
c1n[nH]nc1-c1csc(-n2nc(-c3cnn(Cc4ccc5c(c4)OCO5)c3)c3c(N4CCOCC4)ncnc32)c1=O,高毒,593.0783,84.56108,,
c1n[nH]nc1-c1cc2c(c(-c3c(Cl)cnc4cc(Cl)c(F)cc34)c1)CN(C1(CNCCP(=O)(O)c3ccccc3)CCCC1,高毒,593.0783,84.56108,,
c1n[nH]nc1-c1cc2c(c(-c3ccnc(S(=O)(=O)c4ccsc4)c3)c1)C(c1ccc(Cl)cc1)N(c1cc(Cl)cn(C3CC(C)(C)C(=O)C3)c1=,高毒,593.0783,84.56108,,
c1n[nH]nc1-c1cc2c(n1-c1ccc(Cl)nc1F)C(c1ccc(Cl)cc1)N(c1ccCl)C(c1ccc(Cl)cc1)(c1cc(Cl)cc(C3(o#N)C3)c)c1=NC,高毒,593.0783,84.56108,,
c1n[nH]nc1-c1nc2c(s1)-c1c(noc1-c1cccn1Cc1cccc(Cl)c1)CC2,中毒,46.4465,24.796083,0.436581288,3.351690627
c1n[nH]nc1-c1cc2c(n1-c1ccc(CN4CC(CN5CCC(F)(F)C5)CC4)c(F)c3)C(c3ccc((F)F)cc3)C(c3ccc(Cl)cc3)(c3ccc(F,高毒,593.0783,84.56108,,
c1n[nH]nc1-c1cc2c(n1-c1ccc(F)c(Cl)c1F)C(c1ccc(Cl)cc1)N(c1cc(Cl)cn(C3CC(O)(CO)C3)c1=O)C2=O,中毒,12.488247,11.513729,0.205213556,4.198580956
c1n[nH]nc1-c1cc2c(c(-c3c(Cl)cccc3Cl)c1)C(c1ccc(Cl)cc1)N(c1cc(Cl)cn(C3CC(O)(CO)C3)c1=O)C2=O,中毒,6.3808517,8.960914,0.182666877,3.916990494
c1n[nH]nc1-c1cOc2c3c(cc(-c4ccc(-c5nc6cc(F)ccn6n6cnn(CCOCc7cF)c7)c6=O)cc5c-4cc23)CC1,高毒,593.0783,84.56108,,
c1n[nH]nc1-c1cc2c(c(-c3ccc4c(n3)-c3cc5c([nH]c4c3)C(CN)CCC5)CN(Cc3ccccc3)C3)C1CC2,高毒,593.0783,84.56108,,
c1n[nH]nc1-c1cc2sc3c(F)c(F)ccc3c(=O)c2c1,高毒,593.0783,84.56108,,
c1n[nH]nc1-c1cc2c(n3nc(-c4ccc(Cl)cc4)cc23)c(2c4ccccc4CCc5cc(N6CCN(C(=O)c7ccco5)CC6)ncc5(C4)C23)c1,高毒,593.0783,84.56108,,
c1n[nH]nc1-c1cc2c(n1-c1ccc(F)cc1)C(c1ccc(Cl)cc1)N(c1cc(Cl)cn(C3CC(O)(CO)C3)c1=O)C2=O,中毒,14.882899,11.513729,0.252765996,3.961679667
c1n[nH]nc1-c1cc2c(n1-c1ccc(F)cc1F)C(c1ccc(Cl)cc1)N(c1cc(Cl)cn(C3CC(O)(CO)C3)c1=O)C2=O,中毒,12.488247,11.513729,0.244621212,4.0385462
c1n[nH]nc1-c1cc2c(c(-c3cn(C4CC5COC(C6)O5)n4)c4ncnc(N5CCBr)c3c14)C1COC(=O)N31,高毒,593.0783,84.56108,,
c1n[nH]nc1-c1cc2c(c(-c3c(Cl)cccc3Cl)c1)C(c1cccc(Cl)c1OC1CC1)N(c1cc(Cl)cn(C)cI)c1=O,高毒,593.0783,84.56108,,
c1n[nH]nc1-c1cc2n(c1-c1cccc(F)c1F)c1sc(C3CC3)c(-c3ccc4c(n3)-c3cc5c(F)cccc5n3CC4)c1C2,中毒,47.20036,20.596375,0.215940007,3.862217488
c1n[nH]nc1-c1cc2c(n1-c1ccc(F)cc1Br)C(c1ccc(Cl)cc1)N(c1cc(Cl)cn(6nccc5sc6nc(=O)n(-c7cc([O-])c(C#N)c6)n,高毒,593.0783,84.56108,,
c1n[nH]nc1-c1cc2c(n1-c1ccc(Cl)c(Cl)c1)C(c1ccc(Cl)cc1)N(c1cc(Cl)c(=O)n(C#N)c1)C2c1cnn(-c2ccccc2)c1=O,高毒,593.0783,84.56108,,
c1n[nH]nc1-c1nc2c(c(SC3COC5(CCN(Cc6nnc(CC7CC7)c6)CC5)CC5)nc(-c5ccncc5)n34)C12,高毒,593.0783,84.56108,,
c1n[nH]nc1-c1cc2c(c(-c3c(F)cccc3Cl)c1)C(c1ccc(Cl)cc1)N(c1cc(Cl)cn(C3CC(=O)N(C)C5=C4)C3=O)c1=O,高毒,593.0783,84.56108,,
c1n[nH]nc1-c1cc2c(n1-c1ccc(F)cc1)C(c1ccc(Cl)cc1)N(c1cc(Cl)cn(C3CC2)c1=O)C3N,中毒,17.272402,14.710186,0.313187807,5.523820019
c1n[nH]nc1-c1nc2c(c(-c3cccc4ccccc34)n1)C(c1ccc(Cl)cc1)N(c1cc(Cl)cn(C3CC(O)(CO)C3)c1=O)C2=O,中毒,16.880064,13.466203,0.215225695,3.947926344
c1n[nH]nc1-c1cc2c(n1-c1ccc(F)cc1F)C(c1ccc(Cl)cc1)N(c1cc(Cl)cn(C3CC(O)(CO)C3)c1=O)C2=O,中毒,12.488247,11.513729,0.244621212,4.0385462
c1n[nH]nc1-c1cc2c([nH]cn3c2=O)C(c2ccc(Cl)cc2)N(c2cc(Cl)cn(C4CC(O)(CO)C4)c2=O)c1=O,高毒,593.0783,84.56108,,
c1n[nH]nc1-c1cc2c(n1-c1ccc(Cl)cc1F)C(c1ccc(Cl)cc1)N(c1cc(Cl)cn(C3CC()(O)C3)c1=O)C2=O,高毒,593.0783,84.56108,,
c1n[nH]nc1-c1cc2c(c(-c3c(F)cccc3Cl)c1)C(c1ccc(Cl)cc1)N(c1cc(Cl)cn(C3CC(O)(CO)C3)c1=O)C2=O,中毒,6.3808517,8.960914,0.198124642,3.931028956
c1n[nH]nc1-c1cc2c(c(-c3c(Cl)cccc3Cl)n1)C(c1ccc(Cl)cc1)N(c1cc(Cl)cn(C3CC(O)(CO)C3)c1=O)C2=O,中毒,7.4282966,12.110745,0.1962146,3.979628956
c1n[nH]nc1-c1c2c(nc3cc(Cl)ccc13)C(c1ccc(Cl)cc1)N(c1cc(Cl)cn(C3CC(O)()C3)c1=O)C2=O,高毒,593.0783,84.56108,,
c1n[nH]nc1-c1cc2c(c(-c3cc(NC4CC4)n3)n1)C-c1cc(-c4ccsc4)c(Cl)cc1C3,高毒,593.0783,84.56108,,
c1n[nH]nc1-c1cc2c(n1-c1ccc(Cl)cc1)C(c1ccc(Cl)cc1)N(c2ccc(Cl)cc2)C1c1ccc(C(F)(F)F)cc1,高毒,593.0783,84.56108,,
c1n[nH]nc1-c1cc2c(n1-c1ccc(F)cc1F)C(c1ccc(Cl)cc1)N(c1cc(Cl)cn(C3CC(O)(CO)C3)c1=O)C2=O,中毒,12.488247,11.513729,0.244621212,4.0385462
c1n[nH]nc1-n1nnc2cc(Cl)cc(-c3cc4c(s3)CN(C5CCC(N)CC5)C4)c3c21,高毒,593.0783,84.56108,,
c1n[nH]nc1-c1cc2sc(-c3cnc(N=C(c4ccc(F)cc4)c4cncnc4)c4c3cn(C4CC5OC6(CO)CCC7(CC6)N5n6)c(=O)n5)cc3c2n,高毒,593.0783,84.56108,,
c1n[nH]nc1-c1nc2cc(Cl)c(Cl)cc2c(=O)c1N1CC(Oc2ccc3cc(S(=O)(=O)NO)ccc3c2)C1,高毒,593.0783,84.56108,,
c1n[nH]nc1-c1cc2c(c(-c3cc(Cl)ccc3Cl)c1)C(c1ccc(Cl)cc1)N(c1ccc(Cl)cc1)C3=O,高毒,593.0783,84.56108,,
c1n[nH]nc1-c1cc2scc(C3CCCCN3C)c2c(=N)c1N1CCOCC1,高毒,593.0783,84.56108,,
c1n[nH]nc1-c1cc2cc(Oc3ccc(-n4cc(COC(=O)c5cc6n(n5)C(=O)N(c6ccccc6)C6=O)c4)cc3F)cc(F)c2c1,高毒,593.0783,84.56108,,
c1n[nH]nc1-c1cc2c(n1-c1ccc(Cl)cc1F)C(c1ccc(Cl)cc1)N(c1cc(Cl)cn(C3CC(O)(CO)C3)c1=O)C1=NCC(C2)N1,中毒,12.488247,16.862432,0.193596488,5.378301537
c1n[nH]nc1-n1cc(Nc2ncc(Cl)c(NCc3cccnc3)c2=O)nn1,高毒,593.0783,84.56108,,
c1n[nH]nc1-c1cc2c(c(-c3ccc4c(n3)NC(=O)CO5)C3)c(Cl)c(I)c12,高毒,593.0783,84.56108,,
c1n[nH]nc1-c1cc2c(c(-c3c(Cl)cccc3Cl)c1)C(c1ccc(Cl)cc1)N(c1cc(Cl)cn(C3CC(O)(CO)C3)c3=O)c12,高毒,593.0783,84.56108,,
c1n[nH]nc1-c1cc2c(cc1F)c(OCC1COCCO1)nc1c(-n3cnnc3-c3cocn3)nccc12,中毒,27.575764,12.3704405,0.325951007,4.14192059
c1n[nH]nc1-c1cnc2onc(-c3ccc4c(O)n(-c6ccc(Cl)cc6)nc5c4)c3c2c1,高毒,593.0783,84.56108,,
c1n[nH]nc1-c1nc2c(c(-c3ccc4sccc4c3=O)n1)C(c1ccc(Cl)cc1)N(c1cc(Cl)cn(C3CC(O)(CO)C3)c1=O)C2=O,高毒,593.0783,84.56108,,
c1n[nH]nc1-c1c[nH]c2ncnc(-c3cc(S(=O)(=O)c4ccc(Cl)c(C(F)(F)F)c4)sc3=O)c12,高毒,593.0783,84.56108,,
c1n[nH]nc1-c1cc2c(c(-c3ccc4c(s3)Nc3cc(C5CC5)c(O)cc34)CCOC4)cc12,高毒,593.0783,84.56108,,
c1n[nH]nc1-c1cc2c(c(-c3cc(Cl)ccc3Cl)c1)C(c1ccc(Cl)cc1)N(c1cc(Cl)cn(C3CC(O)(CO)C3)c1=O)C2=O,中毒,6.3808517,8.960914,0.182666877,3.903368516
c1n[nH]nc1-c1csc(-c2ccn(Cc3cnc(-c4ccc(-n5cnc6ncnc(N7CCN(F)C7)c77)n6)cc45)n3)c12,高毒,593.0783,84.56108,,
c1n[nH]nc1-c1cc2c(c(-c3ccc(F)cc3)c1)c1cc(NP(=O)(c4ccccc4)c4ccccc5c4nc(-c5ccncc5)cc34)CC4CCCC3(C2)N,高毒,593.0783,84.56108,,
c1n[nH]nc1-c1cc2c(n1-c1cccc(I)c1)C(c1ccc(Cl)cc1)N(c1cc(Cl)cn(C3CC(O)(CO)C3)c1=O)C2=O,中毒,14.882899,11.513729,0.207852617,4.083515522
c1n[nH]nc1-c1cc2c(n1-c1ccc(Br)cc1F)C(c1ccc(Cl)cc1)N(c1cc(Cl)c[nH]c1=O)C3c1c(Cl)cccc3c2nc1C(CF)(CO)C3,高毒,593.0783,84.56108,,
c1n[nH]nc1-c1cc2c(n1-c1ccc(F)cc1F)C(c1ccc(Cl)cc1F)N(c1cc4c(cc1F)C(=O)c1ccc(OCCN4CC5CC(C4)N5)c(Cl)c1),高毒,593.0783,84.56108,,
c1n[nH]nc1-c1cc2c(n1-c1ccc(C(F)(F)F)cc1)C(N1CC1(c1ccc(Cl)cc1Cl)c1ccc(Cl)cc11)C(c1ccc(Cl)cc1)N(c1cc(Cl)c,高毒,593.0783,84.56108,,
c1n[nH]nc1-c1cc2n((1)=O)c1cc(Cl)c(-c3ccc4cn[nH]c4c3)cc1C1(O)CCC4(O)C(C3)CC21,高毒,593.0783,84.56108,,
c1n[nH]nc1-c1cc2c(c(-c3c[nH]nc3-c3ccnc5[nH]ccc35)c(F)cc3c2)c1,高毒,593.0783,84.56108,,
c1n[nH]nc1-c1cc2c(c(-c3cc(Cl)ccc3Cl)c1)C(c1ccc(Cl)cc1)N(c1cc(Cl)cn(C3CC(O)(CO)C3)c1=O)C2=O,中毒,6.3808517,8.960914,0.182666877,3.903368516
c1n[nH]nc1-c1cc2cc(c1)cn2-c1c2cc(OC2CCN(CC3CC(N4CCCC4)CC3)CC2)cc1-c1nc2c(-c3cnoc3)coc2cc1OCCCN1CCC,高毒,593.0783,84.56108,,
c1n[nH]nc1-c1nc2cn(C3CC(O)C(CO)(CO)C3O)c(=O)c2nc1Cl,高毒,593.0783,84.56108,,
c1n[nH]nc1-c1cc2c(n1-c1ccc(F)cc1F)C(c1ccc(Cl)cc1)N(c1cc(Cl)cn(C3CC(O)(CO)C3)c1=O)C2=O,中毒,12.488247,11.513729,0.244621212,4.0385462
c1n[nH]nc1-c1cc2c(n1-c1cc2cc(Br)ccc2s1)C(c1ccc(Cl)cc1)N(c1cc(Cl)cn(C3CCC(O)C3)c1=O)C3=O,高毒,593.0783,84.56108,,
c1n[nH]nc1-c1cc2c(c(-c3ccc4c(c3)nn3c5ncc(-c6cncc(Cl)c6)cc45)c(C(F)(F)F)c(=O)n(Cc4ccsc6)c4c(=O)c23)C,高毒,593.0783,84.56108,,
c1n[nH]nc1-c1cc2oc(C34CC5CC(CC(C5)C3)C4)cc2c1-c1cc2c(n1-c1ccc(F)cc1)C(c1ccc(Cl)cc1)C3,高毒,593.0783,84.56108,,
c1n[nH]nc1-c1cc2c(c(-c3cc(OCC4COc5cccc(F)c5C4)nc(N4CCC(C5CC5)C5)c4)nc4c(Br)c(OCCCO)cc14)C(C3)N2Cc1c,高毒,593.0783,84.56108,,
c1n[nH]nc1-c1cc2c(n1-c1ccc(Cl)cc1F)C(c1cc(Cl)ccc1O)N(c1scc(Cl)c3c(=O)n(C4CC(O)C(O)(CO)C4)c3c1)C2,中毒,15.540574,13.503714,0.149166364,5.263594524
c1n[nH]nc1-c1cc2n(CC3(O)CCNCC3)cc(-c3cnc4[nH]ccc4c3)c(=O)c2c1,高毒,593.0783,84.56108,,
c1n[nH]nc1-c1c[nH]c2nccc(-c3c(OC4CCN(Cc5cccc(O)c5)CC5)nc(C5CC5)c4c3-c3ccnc(-c4cnn(C5CC(CO)C(O)C5)c,高毒,593.0783,84.56108,,
c1n[nH]nc1-c1cc2c(c(-c3cn(-c4c(Cl)cccc4Cl)c(=O)c3)C(c3ccc(Cl)cc3)N(c3cc(Cl)cn(C5CC(O)(CO)C5)c4=O)c3=O),高毒,593.0783,84.56108,,
c1n[nH]nc1-c1c[nH]c2nc(-c3cc4c([nH]3)CC(N3CCC(Nc5nnc6n7CCC6C)C(F)C6)CCC5(C(=O)NC5)C4)cc12,高毒,593.0783,84.56108,,
c1n[nH]nc1-c1cc2c(c(-c3c(Cl)cccc3Cl)c1)C(c1ccc(Cl)cc1Cl)N(c1cc(Cl)cn(C3CC(O)(CO)C3)c1=O)CC2,中毒,22.235992,18.239529,0.165762264,4.017498658
c1n[nH]nc1-c1cc2c(n1-c1ccc(Cl)cc1)c1c(c3ccc(Cl)cc3c1=O)c1c(n3c1nc1-c3cc4c(cc5c6ccc(O)cc6nc5c3c1)C(=O,高毒,593.0783,84.56108,,
c1n[nH]nc1-c1c[nH]c2ncc(-c3nccc(Oc4cccc(NC(=O)Cc5ccccn5)c4)c35)c12,高毒,593.0783,84.56108,,
c1n[nH]nc1-c1cc2c(c(-c3ccc(OC(F)(F)F)cc3)c1)CN(c1ccc(Cl)cc1)C3,高毒,593.0783,84.56108,,
c1n[nH]nc1-c1cc2c(c(-c3c(Cl)cccc3Cl)c1)C(c1ccc(Cl)cc1)N(c1cc(Cl)cn(C3CC(O)(C(=O)O)C5)c1=O)C2=O,高毒,593.0783,84.56108,,
c1n[nH]nc1-c1cc2cc((F)cc3snc(-c4c(F)cc(Oc5ncc(Cl)cc5Cl)cc4=O)c35)cc2s1,高毒,593.0783,84.56108,,
c1n[nH]nc1-c1cn2c(c1-c1ccc(Cl)c(Cl)c1)C(c1ccc(Cl)cc1)N(c1cc(Cl)cn(C3CC3)c1=O)C3=O,高毒,593.0783,84.56108,,
c1n[nH]nc1-c1nn2c(C3CC4CCC(C3)N4)c(-c3cc(F)c(O)c(F)c3)c(-c3cc1F)c2c1CN(C1CN(CCO)C3)CCC1C#N,高毒,593.0783,84.56108,,
c1n[nH]nc1-c1cc2c(c(-c3c(Cl)cccc3Cl)c1)C(c1ccc(Cl)cc1)N(c1cc(Cl)cn(C3CC(O)(CO)C3)c1=O)C2=O,中毒,6.3808517,8.960914,0.182666877,3.916990494
c1n[nH]nc1-c1nc2c(n1-c1ccc(C3CNC1)cc1)c1cc(Br)cc(Cl)c3c2cc1Oc1ccc(Cl)cc1,高毒,593.0783,84.56108,,
c1n[nH]nc1-c1cn2ccc(-c3cc4onc(-c5ccccc5F)c4c(=O)c3c2Cl)c1,中毒,121.03308,34.938324,0.603416931,5.043823896
c1n[nH]nc1-c1cc2c(c(-c3cc(Cl)cc(Cl)c3)c1)C(c1ccc(Cl)cc1)N(c1cc(Cl)cn(C3CC(O)(CO)C3)c1=O)C2=O,中毒,6.3808517,8.960914,0.182666877,3.934706978
c1n[nH]nc1-c1cc2c(-c3ccc(Cl)cc3)nc(N3CCOCC3)cc2c(COc2ccnc(NC3=NC5CC5C3)c3=O)nc12,高毒,593.0783,84.56108,,
c1n[nH]nc1-c1cc2c(n1-c1ccc(Cl)cc1F)C(c1ccc(Cl)cc1)N(c1cc(Cl)cn(C3CC(O)C(O)C3)c1=O)C2=O,中毒,12.488247,11.513729,0.234878019,4.426733326
c1n[nH]nc1-c1cc2c(cc1Oc1ccc(-c3ccns3)cc1Cl)C(c1ccc(Cl)cc1)N(c1cc(Cl)cn(C3CC(O)(CO)C3)c1=O)C2=O,中毒,14.982444,26.588243,0.146924379,4.198058382
c1n[nH]nc1-c1n[nH]c2cc(-c3c(-c4cn[nH]c4-c4ccsc4)cs3)ccc12,高毒,593.0783,84.56108,,
c1n[nH]nc1-c1cc2c(c(-c3c(Cl)cccc3Cl)n1)C(c1ccc(Cl)cc1)N(c1cc(Cl)cn(C3CC(O)(P(=O)(O)O)C5)c3=O)C1c1cc2c(,高毒,593.0783,84.56108,,
c1n[nH]nc1-c1cc2n(c1=O)C(c1ccc(Cl)cc1)N(c1cc(Cl)c(=O)n(C)c1)C3=O,高毒,593.0783,84.56108,,
c1n[nH]nc1-c1nc2c(o1)-c1cc(-c3cc4ccc(F)cc4s3)ccc1CC2C(c1cc(F)cc(C(F)6F)c1)N(c1cscn1)C3c1ccc(C#N)cc,高毒,593.0783,84.56108,,
c1n[nH]nc1-c1cc2c(n1-c1ccc(Cl)cc1F)C(c1ccc(Cl)cc1)N(c1ccc(Cl)cc1)C3c1ccc(C#N)cc3C1,高毒,593.0783,84.56108,,
c1n[nH]nc1-c1cc2c(c(-c3c(Cl)cccc3Cl)c1)C(c1ccc(Cl)cc1)N(c1cc(Cl)cn(C3CC(O)(CO)C3)c1=O)C2=O,中毒,6.3808517,8.960914,0.182666877,3.916990494
c1n[nH]nc1-c1CNc2ncOc(cc2C(c2cc(OCCON3C(=O)C4c5ccccc5C(O)(C(F)(F)F)C5(Cl)C4)c3)cc2Cl)C1,高毒,593.0783,84.56108,,
c1n[nH]nc1-c1cc2c(n1-c1ccc(F)cc1F)C(c1ccc(Cl)cc1)N(c1ccCl)c(Cl)c1cccc12,高毒,593.0783,84.56108,,
c1n[nH]nc1-c1cc2nc(C3CC3)oc(=O)c2cc1Oc1ccc(Cl)cc1-c1ccc2cn[nH]c2c1,中毒,11.855898,22.378096,0.307090614,3.076247219
c1n[nH]nc1-c1cnc2c(-c3ccsc3)cc(Oc3ccsc3)cc2c1,中毒,2.1292574,20.05433,0.443193786,3.028035407
c1n[nH]nc1-c1cc2c(n1-c1ccc(OC1CCS(=O)(=O)C3)nc1)C(c1ccc(Cl)cc1F)N(c1cc(Cl)cn(C3CC(O)(CO)C3)c1=O)C2=O,高毒,593.0783,84.56108,,
c1n[nH]nc1-c1cc2c(c(-c3cnc4ccc(OC5CCOC5)cc45)c1s2)C(c1ccccc1)C(c1ccccc1)N3,高毒,593.0783,84.56108,,
c1n[nH]nc1-c1cc2c(n1-c1ccc(Cl)cc1F)C(c1ccc(Cl)cc1)N(c1cc(Cl)cn(C3CC(O)(CO)C3)c1=O)C2=O,中毒,12.488247,11.513729,0.22687237,4.043844886
c1n[nH]nc1-c1cc2c(n1-c1ccc(Cl)cc1)C(c1ccc(Cl)cc1)N(c1cc(Cl)cn()c1=O)C3c1ccccc1-2,高毒,593.0783,84.56108,,
c1n[nH]nc1-c1cc2c(n1-c1ccc(Cl)cc1F)C(c1ccc(Cl)cc1)N(c1cc(Cl)cn(C3CC(O)C(O)C3)c1=O)C2=O,中毒,12.488247,11.513729,0.234878019,4.426733326
c1n[nH]nc1-c1cc2c(n1-c1ccc(F)cc1)C(c1ccc(Cl)cc1)N(c1cc(Cl)cn(C3CC(O)(CO)C3)c1=O)C2=O,中毒,14.882899,11.513729,0.252765996,3.961679667
c1n[nH]nc1-c1cc2c(c(-c3cc4c([nH]3)CCC(CN3CCC(F)(c5cccc(F)c5)CC3)c1=O)C2(CCC4)OCCO)C(F)(F)F,高毒,593.0783,84.56108,,
c1n[nH]nc1-c1nc2c(c(-c3ccoc3)n1)C(c1csc(-c4ccc(F)cc4F)c1)C(c1cccc(Cl)c1)N(c1cc(Cl)cn(C3CC(O)(CO)C3)c,高毒,593.0783,84.56108,,
c1n[nH]nc1-c1nc2cnc(-c3cnc4[nH]ccc4c3Br)cc2c1SC1CC2COCC(F)(CO)C2C(O)C1,高毒,593.0783,84.56108,,
c1n[nH]nc1-c1cc2c(n1-c1cc(F)cc(F)c1)C(c1ccc(Cl)cc1)N(c1cc(Cl)cn(C3CC(O)(CO)C3O)c1=O)C2,中毒,19.24008,11.513729,0.2192022,4.828166173
c1n[nH]nc1-c1cc2c(n(C3CCCN3S(=O)(=O)c3ccc(Cl)cc3)c1=O)C(c1ccc(Cl)cc1)N(c1cc3c(co1)c(=O)O)C(=O)C3,高毒,593.0783,84.56108,,
c1n[nH]nc1-c1cc2c(cc1-c1cc(Cl)ccc1Cl)C(c1ccc(Cl)cc1)N(c1cc(Cl)cn(C3CC(O)(CO)C3)c1=O)C2=O,低毒,6.3808517,8.960914,0.182666877,3.904150934
c1n[nH]nc1-n1c2c(c3ccc(Br)cc31)C1=CCC2,高毒,593.0783,84.56108,,
c1n[nH]nc1-c1cc2c(c(-c3ccc4ncn(Cc5ccc6[nH]ccc6c5)c4c3)c1)C(c1ccccc1Cl)C(c1ccc(Cl)cc1)N(c1ccCl)C(=O)C1,高毒,593.0783,84.56108,,
c1n[nH]nc1-n1cc2c3ccnc(C(F)(F)F)c3nc(Nc3ccc(N4CCC(N5CCOCC5)CC4)nn3)c21,高毒,593.0783,84.56108,,
c1n[nH]nc1-c1cc2c(nc1C1CC(Br)=NN1)C(c1ccc(Cl)cc1)N(c1cc(Cl)cn(C3CC(O)(CO)C3)c1=O)C2=O,中毒,51.50488,13.503714,0.237794552,4.70452745
c1n[nH]nc1-c1nc2c(c(C3CC4CCC3C4)n1)C(c1ccc(Cl)cc1)N(c1cc(Cl)cn(C3CC3)c1=O)C2=O,中毒,81.6351,14.3937645,0.326754354,5.173944279
c1n[nH]nc1-c1cc2c(n1N3CCC4(CC3)CN(c3ccc(N5CCNCC5)cc5)C(=O)CC3(F)F)cnc(c1=O)C2,高毒,593.0783,84.56108,,
c1n[nH]nc1-c1c[nH]c2ncc(-c3ccc4ocnc4c3)cc12,中毒,12.031513,91.29908,0.521881667,2.932871546
c1n[nH]nc1-c1cc2c(c(-c3cccc(C(F)(F)F)c3)c1)C(c1ccc(Cl)cc1)N(c1cc(Cl)cn(C3CC(O)(CO)C3)c1=O)C2=O,中毒,8.93265,8.960914,0.189686086,3.93654045
c1n[nH]nc1-c1cc2c(n1-c1ccc(F)cc1F)c(c2ccc(Cl)cc12)c1c[nH]c2nc(OC(F)F)c(N3CCOCC3)cc12,高毒,593.0783,84.56108,,
c1n[nH]nc1-c1cc2c(c(-c3ccsc3)c1)C(c1ccc(Cl)cc1)N(c1cCl)C(c1ccc(Cl)cc1Cl)N(c1cc(Cl)cn(C3CC(O)(CO)C3)c1=O,高毒,593.0783,84.56108,,
c1n[nH]nc1-c1cc2c(n1-c1ccc(Cl)cc1F)C(c1ccc(Cl)cc1)N(c1cc(Cl)cn(C4CC(O)(CO)C4)c1=O)C2=O,中毒,12.488247,11.513729,0.22687237,4.043844886
c1n[nH]nc1-c1cc2c(n1-c1ccc(Cl)cc1F)C(c1ccc(Cl)c(C(F)(F)F)c1)N(c1cc(Cl)cn(C3CC(O)(CO)C3)c1=O)C2=O,中毒,12.488247,11.513729,0.175325977,4.221839959
c1n[nH]nc1-c1cc2c(c(-c3c(Cl)cn(Cc4ccc(C(F)(F)F)cc4)c3=O)c1)C(c1ccc(Cl)cc1)N(c1cc(Cl)cn(C3CC(O)(CO)C3),高毒,593.0783,84.56108,,
c1n[nH]nc1-c1cc2c(c(-c3c(Cl)cccc3Cl)c1)C(c1ccc(Cl)cc1)N(c1cc(Cl)cn(C3CC(O)(CO)C3)c1=O)C2=O,中毒,6.3808517,8.960914,0.182666877,3.916990494
c1n[nH]nc1-c1cc2n(n1)CC(N1CCOc3c(COc6cccc(C(F)(F)F)c6)cccc5CC43)CC12,高毒,593.0783,84.56108,,
c1n[nH]nc1-c1cc2n(c1-c1ccc(Cl)cc1)C(c1ccc(Cl)cc1)N(c1cc(Cl)cn(C3CC(O)(CO)C3)c1=O)C2=O,中毒,19.951618,13.503714,0.230978464,4.013029445
c1n[nH]nc1-c1cc2c(n1-c1cc(F)c(Cl)c(Cl)c1)C(c1ccc(Cl)cc1)N(c1cc(Cl)cn(C3CC(O)(CO)C3)c1=O)C2=O,中毒,14.882899,11.513729,0.188139062,4.195580217
c1n[nH]nc1-c1cncc(C2CN(Cc3cnc4cc(Oc5ccnc(-n6ccnn6)c5)ccc4c3=O)C2)c1,高毒,593.0783,84.56108,,
c1n[nH]nc1-c1nc2c(s1)CN(S(=O)(=O)c1cc(F)ccc1F)CC2,中毒,15.287158,19.830704,0.746436528,2.878900207
c1n[nH]nc1-c1cc2n(c1-c1ccc(Cl)c(Cl)c1)C(c1ccc(Cl)cc1)N(c1cc(Cl)cn(2)c1)C3=O,高毒,593.0783,84.56108,,
c1n[nH]nc1-c1cc2c(c(-c3cc4c([nH]3)C(c3ccc(Cl)cc3)N(c3cc(Cl)cn(C5CC(O)(CO)C5)c3=O)C4)C1)C(c1cc(Cl)cnc1,高毒,593.0783,84.56108,,
c1n[nH]nc1-c1cc2c(c(-c3c(Cl)cccc3Cl)c1)C(c1ccc(Cl)cc1F)N(c1cc(Cl)cn(C3CC(O)(CO)C3)c1=O)C2=O,中毒,5.093859,8.960914,0.17785186,4.018323826
c1n[nH]nc1-c1c(-c2ccccc2Cl)cn(C(c2ccc(Cl)cc2)c2cncnc2)c1-c1ccc(F)cc1,中毒,4.6241326,19.45677,0.237364875,3.429897666
c1n[nH]nc1-c1cc(F)c(C(=O)c2cc3c(-c4cnc(-n5ccc(F)c5)cn4)cncc4[nH]c3c2F)c1N1CCN(c2cnccn2)CC1,高毒,593.0783,84.56108,,
c1n[nH]nc1-c1cc2c(n1-c1ccc(Cl)cc1F)C(c1ccc(Cl)cc1)N(c1cc(Cl)cn(C3CC(O)(CO)C3)c1=O)C2=O,中毒,12.488247,11.513729,0.22687237,4.043844886
c1n[nH]nc1-c1cc2c(n1-c1cc(F)c(F)cc1F)C(c1ccc(Cl)cc1)N(c1ccCl)C(c1ccc(Cl)cc1)C1(c3ccc(Cl)cc3)C(c3ccccc3,高毒,593.0783,84.56108,,
c1n[nH]nc1-c1cc2c(n1-c1ccc(Cl)cc1F)C(c1ccc3c(c1)OCO3)N(c1cc(Cl)cn(C3CC(O)(CO)C3)c1=O)C2=O,中毒,12.488247,13.466203,0.241899308,4.151271866
c1n[nH]nc1-c1cc2n(c1-c1ccc(Br)c(Cl)c1)C(c1ccc(Cl)cc1)N(c1cc(Cl)cn(C3CC(O)(CO)C3)c1=O)C2=O,中毒,19.951618,13.503714,0.195239896,4.153479408
c1n[nH]nc1-c1cc2c(c(-c3csc(Cc4ccccn4)c3)c1)C(c1ccc(Cl)cc1)N(c1cc(Cl)cc(Cl)c1)C3=O,高毒,593.0783,84.56108,,
c1n[nH]nc1-c1cc2c(c(-c3cc(F)c(F)c(Cl)c3)c1)C(c1ccc(Cl)cc1)N(c1cc(Cl)cn(C3CC(O)(CO)C3)c1=O)C2=O,中毒,6.3808517,8.960914,0.179322845,4.046372023
c1n[nH]nc1-c1cc2c(n1-c1ccc(Cl)cc1)C(c1ccc(Cl)cc1)N(c1cc(Cl)cI)C(=O)C1,高毒,593.0783,84.56108,,
c1n[nH]nc1-c1cc2n(c1-c1ccc(F)cc1)C1(c3ccc(Br)cc3)C(=O)NC(=O)NC14C1(C(=O)N3Cc4ccc(Cl)cc4C3)C(=O)N3C(C,高毒,593.0783,84.56108,,
c1n[nH]nc1-c1cc2c(n1-c1ccc(F)cc1F)C(c1ccc(Cl)cc1)N(c2ccCl)N(c1cc(F)c(=O)n(C)c1)C3,高毒,593.0783,84.56108,,
c1n[nH]nc1-c1cc2c(cc1-c1nc(N3C(=O)OS(=O)(=O)CC3c3ccc(F)cc3)cn1c(=O)c1sc(Cl)cc31)C1CCC3(CCN(C4CCOCC4,高毒,593.0783,84.56108,,
c1n[nH]nc1-c1cc2c(n1-c1ccc(Cl)cc1F)C(c1ccc(Cl)cc1)N(c1cc(Cl)cn(C3CC(O)(CO)C3)c1=O)C2=O,中毒,12.488247,11.513729,0.22687237,4.043844886
c1n[nH]nc1-c1cc2c(c(-c3c(Cl)cccc3Cl)c1)C(c1ccc(Cl)cc1Br)N(c1cc(Cl)cn(C3CC(O)(CO)C3)c1=O)C2=O,中毒,7.8529835,8.960914,0.164919575,4.060697383
c1n[nH]nc1-c1cc2c(c(-c3c(Cl)cccc3Cl)c1)C(c1ccc(Cl)cc1)N(c1cc(Cl)cn(C3CC(O)(CO)CO)c3=O)CC1=N2,高毒,593.0783,84.56108,,
c1n[nH]nc1-c1cc2c(n1-c1c(Cl)cccc1Cl)C(c1cccnc1)N(c1cc(Cl)cn(C3CCF)c1)C3=C2,高毒,593.0783,84.56108,,
c1n[nH]nc1-c1cc2c(n1-c1ccc(Cl)cc1)C(c1ccc(Cl)cc1)N(c1cc(Cl)cn(C3SC(CO)C(O)C5O)c3c1=O)C2=O,高毒,593.0783,84.56108,,
c1n[nH]nc1-c1cc2c(n1-c1ccc(F)cc1F)C(c1ccc(Cl)cc1)N(c1cc(Cl)cn(C3CC(O)(CO)C2)c1=O)C2=O,高毒,593.0783,84.56108,,
c1n[nH]nc1-c+]1(c2ccc(Cl)c(Cl)c2)CNN(c2nc(Br)nc3ccc(-c4ccco4)cc23)CC1,高毒,593.0783,84.56108,,
c1n[nH]nc1-c1cc2c(n1)C(c1cccc(F)c1)N(c1cc(Cl)cn(C3CCCC1)c1=O)C3=O,高毒,593.0783,84.56108,,
c1n[nH]nc1-c1cc(N2CCOC(c3ccncc3)C2)nc(N2CCOCC2)c1=O,高毒,593.0783,84.56108,,
c1n[nH]nc1-c1cc2c([nH]c1=S)C(c1ccc(Cl)cc1)N(c1cc(Cl)n(3CCCC3)C3CCC(=O)N4C3)c(=O)c12,高毒,593.0783,84.56108,,
c1n[nH]nc1-c1cc2c3oc(-c4ccc(Cl)cc4)cc3c(-c3ccnc(NCc4coc(-c7ccccc7)c5=O)c4c3)nc2c1,高毒,593.0783,84.56108,,
c1n[nH]nc1-c1cc2c(n1-c1ccc(Cl)cc1F)C(c1ccc(Cl)cc1)N(c1cc(Cl)cn(C3CC(O)(CO)C3)c1=O)C2=O,中毒,12.488247,11.513729,0.22687237,4.043844886
c1n[nH]nc1-c1cc2c(c(-c3c(Cl)cccc3Cl)c1)C(c1ccc(Cl)cc1)N(c1cc(Cl)cn(C3CC(O)(CO)C3)c1=O)C2=O,中毒,6.3808517,8.960914,0.182666877,3.916990494
c1n[nH]nc1-c1nn2c(c1-c17c4cccc(O)c4nc4c4c(c(NCc5ccc6nonc6c56)c3)CN(CCc3cccnc5)CC4)C(C2)N(CC23CC4CC,高毒,593.0783,84.56108,,
c1n[nH]nc1-n1c2c(c3c(-c4noc(-c5cnn(Cc6cccc(F)c6)n5)c4=O)C1)CCN(c1ncc(Cl)cc1Cl)C3,高毒,593.0783,84.56108,,
c1n[nH]nc1-c1cc2c(c(-c3cc(Cl)cc(Cl)c3)c1)C(c1ccc(Cl)cc1)N(c1cc(Cl)cn(C3CC(O)(CO)C3=O)c1=O)C2=O,中毒,7.6477833,8.960914,0.200744213,4.511815682
c1n[nH]nc1-c1cc2c(c(-c3c(F)cccc3F)c1)C(c1ccc(Cl)cc1)N(c1cc(Cl)cn(C3CC(O)(CO)C3)c1=O)C2,中毒,6.3808517,8.960914,0.209572456,3.972949982
c1n[nH]nc1-c1cc2c(c(-c3c(Cl)ccc(Cl)c3Cl)c1)C(c1ccc(Cl)cc1)N(c1cc(Cl)cn(C3CC(O)(CO)C3)c1=O)C2=O,中毒,6.3808517,8.960914,0.157680425,4.00048933
c1n[nH]nc1-c1cn2c(P(=O)(O)CCCN3CCC(n4c(O)nc5ccccc54)CC3)c(C(F)(F)F)c2c1,中毒,9.196328,46.61554,0.290551481,4.127200576
c1n[nH]nc1-c1cc2c(c(-c3ccc(F)cc3F)c(=O)c2c1)C(c1ccc(Cl)cc1)N(c1cc(Cl)cn(C4CCC(=O)N4)c1=O)C3=O,高毒,593.0783,84.56108,,
c1n[nH]nc1-c1cc2c(c(-c3ccsc3)c1)C(c1ccc(Cl)cc1)N(c1ccc(Cl)cc1)C3c1ccc3c(c1)C(=O)N(c1cc(Cl)cn(C5CC(O)(,高毒,593.0783,84.56108,,
c1n[nH]nc1-c1nc2c(n1-c1ccc(Cl)cc1)C(c1cccF)N(c2ccc(Cl)cc2)C1,高毒,593.0783,84.56108,,
c1n[nH]nc1-c1cc2c(n(-c3ccc(C(F)(F)F)cc3)c1=O)C(c1ccc(Cl)cc1)N(c1cc(Cl)cn(C3CC(O)(CO)C3)c1=O)C2=O,中毒,51.50488,12.110745,0.228265864,4.079696239
c1n[nH]nc1-c1nc2c(c(C(c3ccccc3F)c3ccc(C(F)(F)F)cc3)c(=O)c2cNCC2CCOC2)C1,高毒,593.0783,84.56108,,
c1n[nH]nc1-c1cc2c(cc1F)c(=O)n(Cc1c(Cl)cccc1Cl)c(=O)c1cc(S(=O)(=O)Nc3ccon3)ccc12,高毒,47.924053,11.525821,0.276936098,3.116856956
c1n[nH]nc1-c1cc2n(-c3ccc(Cl)c(Cl)c3F)nc3cc(-c4csc(C5COC6C(O)C(O)CN6C5C6CC5OC66)nn4)cc3c2c1,高毒,593.0783,84.56108,,
c1n[nH]nc1-c1cc2c(n1-c1ccc(Cl)cc1)C(c1ccc(Cl)cc1)N(c1cc(Cl)cn(C3CC(O)(CO)C3)c1=O)C2=O,中毒,14.882899,11.513729,0.235038859,3.958725058
c1n[nH]nc1-c1cc2n(c(=O)c1c1ccc(Cl)cc1)C(c1ccc(Cl)cc1)N(c1cc(Cl)cn(C3CC(O)(CO)C3)c1=O)C2=O,中毒,38.834198,13.503714,0.238622963,4.020130055
c1n[nH]nc1-c1cc2c(c(-c3coc(C4CC(F)(F)C4(C(=O)O)C(F)(F)C(F)(F)C(F)(F)F)c3)c1c1CCCCC31)C2,高毒,593.0783,84.56108,,
c1n[nH]nc1-c1cc2c(c(-c3c(Cl)cccc3Cl)c1)C(c1ccc(Cl)cc1)N(c1cc(Cl)cn(C3CC(O)(CO)C3)c1=O)C2=O,中毒,6.3808517,8.960914,0.182666877,3.916990494
c1n[nH]nc1-c1nc2c(c(-c3cc4c5c(oc4c3c1)CCC5)CC(c1ccc(OC(S)(=O)=O)cc1F)c1c(Cl)cc(Cl)cc1-4)C3,高毒,593.0783,84.56108,,
c1n[nH]nc1-c1cc2c(n1-c1ccc(Cl)cc1)C(c1ccc(Cl)cc1)N(c1cccc(Cl)c1Cl)C1=C(COC1=O)C2Hc1ccc(Cl)cc1,高毒,593.0783,84.56108,,
c1n[nH]nc1-c1cc2c(n1-c1ccc(Cl)c(Cl)c1)C(c1cccC(F)(F)F)c(1)N(c2cc(Cl)c(=O)n(C4CCOCC4)c13)C(=O)CCC2CO,高毒,593.0783,84.56108,,
c1n[nH]nc1-c1cc2c(n1-c1ccc(F)cc1)C(c1ccc(Cl)cc1)N(c1cc(Cl)cn(C3CC(O)(CO)C3)c1=O)C2=O,中毒,14.882899,11.513729,0.252765996,3.961679667
c1n[nH]nc1-c1cc2c(c(-c3csc(-c4cc5c(-c6c[nH]c7c(F)nc(F)cc7c6=O)nn4)nc2c1)CCC5)C(c1cccc(Cl)c1)N3,高毒,593.0783,84.56108,,
c1n[nH]nc1-c1cc2c(c(C3=C(c4n[nH]c(-c5ccsc5)c4=O)C(=O)NC(c4ccc(F)cc4)C3)c(Cl)c(c3F)C1)C(c1ccc(Cl)cc1),高毒,593.0783,84.56108,,
c1n[nH]nc1-c1cc2c(c(-c3c(Cl)cccc3Cl)c1)C(c1ccc(Cl)c(Cl)c1Cl)N(N1CCN(c3ccc(Cl)c(Cl)c3)CC1O)C2,中毒,17.285198,14.03117,0.174299833,4.314585798
c1n[nH]nc1-c1cc2c(n1-c1ccc(Cl)cc1)C(c1ccc(Cl)cc1)N(c1cc(Cl)cn(C3CC(O)(CO)C3)c1=O)C2=O,中毒,14.882899,11.513729,0.235038859,3.958725058
c1n[nH]nc1-c1cc2c3c([nH]c2cc1=O)C(c1ccc(Cl)cc1F)C(Nc1ccc(Cl)cc1)N(c1nc(Cl)cn(C4CC(O)(CO)C4)c2=O)C3c2n,高毒,593.0783,84.56108,,
c1n[nH]nc1-c1cc2c(c(-c3c(Cl)cccc3Cl)c1)CC(c1ccc(Cl)cc1)N(c1cc(Cl)cn(C3CC(O)(CO)C3)c1=O)C2=O,中毒,22.081963,19.79431,0.177188173,3.955478622
c1n[nH]nc1-c1cc2c(c(-c3ccc(Cl)cc3)c1c1COC(N)=N1)C(c1ccc(Cl)cc1)N(c1cc(Cl)cn(C3CC%10(=O)=O)C(O)C4)c(=O)c,高毒,593.0783,84.56108,,
c1n[nH]nc1-c1cc2c(c(-c3c(F)cccc3F)c1)C(c1ccc(Cl)cc1F)N(c1cc(Cl)cn(C3CC(O)(CO)C3)c1=O)C2=O,中毒,5.093859,8.960914,0.209283085,4.028588369
c1n[nH]nc1-c1cc2c(n1-c1cc3c(cc1F)c(=O)c(C(=O)O)cn3-c1ccc(Cl)cc1)C(c1ccc(Cl)cc1)C(c1ccc(Cl)cc1)N(C1CC(,高毒,593.0783,84.56108,,
c1n[nH]nc1-c1cc2c(c(-c3ccn(Cc4cn(Cc5cccCn7)cn5)c4)nc3c1)C(c1ccc(Cl)cc1)N(c1cc(Cl)cn(C3CC(O)(CO)C3)c1,高毒,593.0783,84.56108,,
c1n[nH]nc1-c1nc2c(n1-c1cc(Cl)c(Cl)cc1Cl)C(c1cscH]1)N(c1cc(Cl)cn(C3CC(O)(CO)C3)c1=O)C2=O,高毒,593.0783,84.56108,,
c1n[nH]nc1-c1cc2c(n1)-c1c(nn(C3CCCOC3)c1N)C(c1ccc(Cl)cc1)N(c1ccCl)C(c1cc(Cl)cc(Cl)c1)C3,高毒,593.0783,84.56108,,
c1n[nH]nc1-c1nc2c(Oc3cccnc3)ncnc2c1Cl,高毒,593.0783,84.56108,,
c1n[nH]nc1-c1cc2c(n1-c1ccc(Cl)cc1)C(c1ccc(Cl)cc1)N(c1cc(Cl)cn(C3CC(F)(F)C(O)C3)c1=O)C2=O,中毒,36.175117,11.513729,0.225459527,4.538470671
c1n[nH]nc1-c1cc2c(n1-c1ccc(Cl)cc12)C(c1ccc(Cl)cc1)N(c1ccN(c(=O)C3CC3)c(OCc3ccc(F)cc3)c1)C2,高毒,593.0783,84.56108,,
c1n[nH]nc1-c1nc2c(s1)Cc1cP(c3ccc(Cl)cc3)(Nc3ccc(Cl)cc3F)(c3ccc(Cl)cc3)CN(C1)C2,中毒,8.091836,22.229383,0.194589159,5.289591041
c1n[nH]nc1-c1cc2c(c(-c3ccc(C(F)(F)F)cn3)c1)C(c1ccc(Cl)cc1)(c1ccc(Cl)cc1)N(c1cc(Cl)cn(C3Cc4c(OC(F)(F)F,高毒,593.0783,84.56108,,
c1n[nH]nc1-c1coc(-c2ccc(Oc3ccnn(-c4ccccc4)c3=O)cc2)c1=O,高毒,593.0783,84.56108,,
c1n[nH]nc1-c1cc2c(c(-c3ccc4c(n3)CCN(Cc3coc(-c5cncnc5)c3)c1=O)C(C)(C)CC4)C1(C)C,高毒,593.0783,84.56108,,
c1n[nH]nc1-c1sc2nc(CNc3ncc[nH]3)nc2c1C(O)C(O)C1CCCCC1,高毒,593.0783,84.56108,,
c1n[nH]nc1-c1cc2c(c(-c3ccc4[nH]c(=O)oc4c3)c1)C(c1ccc(Cl)cc1)N(c1cc(Cl)cn(C3CC(O)(CO)C3)c1=O)C2=O,中毒,7.8529835,13.447941,0.194810781,4.082036817
c1n[nH]nc1-c1cc2c(c(-c3cn3ccc(OCc6ccc5cccc6ccccc56)c4n3)c1)CN(Cc1cc4ccccc4[nH]c13)CC2,高毒,593.0783,84.56108,,
c1n[nH]nc1-c1cc2c(n1)c(-c1ccc(Cl)c(Cl)c1)c(Oc1ccc(Cl)cc1)c1c(c2cc(Br)ccc2c1O)c1cnn(C1CC(O)C(O)C3O)c(=O,高毒,593.0783,84.56108,,
c1n[nH]nc1-c1nc2c(n1-c1ccc(Cl)cc1)C(c1ccc(Cl)cc1)N(c1cc(Cl)cn(C3CC(O)C(O)C3)c1=O)C2=O,中毒,23.043425,34.717995,0.255742805,4.367627681
c1n[nH]nc1-c1cc2c(c(-c3cnc4ccc5ccccc5c43)c1)C(c1ccoc1)N(c1cc(Cl)cn(C2CC(O)C(O)C2)c1=O)C3=O,高毒,593.0783,84.56108,,
c1n[nH]nc1-c1cc2n((CC3CC=CC3)CC3)c(=O)c(C(c3cF)N(Cc4ccncc4)S(=O)(=O)c4cc(-c5ccc(Cl)cc5)ncc4c3=O)cc1,高毒,593.0783,84.56108,,
c1n[nH]nc1-c1cc2c(c(-c3cccc(-c4cc(F)ncc4)c3)c1)C(c1ccc(Cl)cc1)N(c1cc(Cl)cn(C3CC(O)(CO)C3)c1=O)C2=O,中毒,13.972117,8.960914,0.158675605,4.035602044
c1n[nH]nc1-c1cc2c(cn1)c(-c1ccnc(Nc3cccnc3F)c1)c(=O)n2C1CCC(NC2CCOCC2)CC1,高毒,593.0783,84.56108,,
c1n[nH]nc1-c1nc2c(n1-c1ccc(Cl)cc1Cl)C(c1ccc(Cl)cc1)N(c1cc3c(cN4CCOCC4)c(O)c(Cl)c3s1)C2,高毒,593.0783,84.56108,,
c1n[nH]nc1-c1cc2c(c(-c3ccc4nc(-c5ccco5)nn4c3)c1)C(c1ccccc1)N(c1cc(Cl)c[nH]c1=O)C3=O,高毒,593.0783,84.56108,,
c1n[nH]nc1-c1cc2c(n1-c1ccc(F)cc1F)C(c1ccc(Cl)cc1)N(c1cc(Cl)cn(C3CC(O)(CO)C3)c1=O)C2=O,中毒,12.488247,11.513729,0.244621212,4.0385462
c1n[nH]nc1-c1cc2c(c(-c3c(Cl)cccc3Cl)c1)C(c1ccc(Cl)cc1)N(c1cc(Cl)cn(C3CC(O)C(O)C3O)c1=O)C2=O,中毒,6.3808517,8.960914,0.184595527,4.581372453
c1n[nH]nc1-c1cc2c(c(-c3ccsc3)c1)C(c1ccc(Cl)cc1)N(c1cc(Cl)cn(C3CC(O)(CO)C3)c1=O)C2=O,中毒,7.6477833,13.447941,0.231210682,3.953818928
c1n[nH]nc1-c1cc2c(n1-c1ccc(Cl)cc1)C(c1ccc(Cl)cc1Cl)N(c1cc(Cl)cn(C3CC(O)(CO)C3)c1=O)C2=O,中毒,15.540574,11.513729,0.207895129,4.034454267
c1n[nH]nc1-c1cnc2cnc(-c3c(F)cc(-c4cccnc4)cc3O)cc12,高毒,593.0783,84.56108,,
c1n[nH]nc1-c1cc2c(n1-c1ccc(Br)cc1F)C(c1ccc(Cl)cc1)N(c1cc(Cl)cn(C3CC(O)(CO)C3)c1=O)C2=O,中毒,15.540574,11.513729,0.216603914,4.066847513
c1n[nH]nc1-c1ccc2c(n1)c(-c1ccoc1)nc1c(NCc3ccc(Oc4c(F)c(F)cc(F)c4F)cc3)nc(N3CCOCC3)c21,高毒,593.0783,84.56108,,
c1n[nH]nc1-c1c2c(cc(C13CC4(C2)C(Br)(I)c2cc(C(F)(F)F)cc(C(F)(F)F)c45)C1CCC3)N(Cc1cccc(Cl)c1F)C3=O,高毒,593.0783,84.56108,,
c1n[nH]nc1-c1cc2c(s1)C(c1ccc(Cl)cc1)N(c1cc(Cl)cn(C3CC(O)(CO)C3)c1=O)C2=O,中毒,8.738106,8.960914,0.351211221,3.957203973
c1n[nH]nc1-c1cc2c(n1-c1ccc(C3(C4CCC(CO)CC4)CC3)cc1)C(c1ccc(Cl)cc1)N(c1cc)c(Cl)c3ccsc13,高毒,593.0783,84.56108,,
c1n[nH]nc1-c1cc2sc3c(c2c[n+]1-c1ccccc1nn1)CC(c1ccc(Cl)c(Cl)c1)C(c1ccc(Cl)cc1)N(c1ccCl)C(=O)C31CC1,高毒,593.0783,84.56108,,
c1n[nH]nc1-c1c(-c2cc(Cl)cc(Cl)c2Cl)cnc2cc(OC(=O)N3CCC(C4(c5cnc(Cl)cn5)CC4)CC3)cc12,高毒,593.0783,84.56108,,
c1n[nH]nc1-c1cc2c(n1-c1cc(F)ccc1F)C(c1cccC4(c%12ccccc4)N=C(N)N=C2c2cc(Cl)cc(Cl)c2,高毒,593.0783,84.56108,,
c1n[nH]nc1-c1ccc2c(c1)OCC(c1ccc(OC4CCCCS4(=O)=O)cc1F)N(C(=S)N1CCCCC1)C3,高毒,593.0783,84.56108,,
c1n[nH]nc1-n1nc2c1CCc1cnc(-c3cc(F)c(O)c(Cl)c3)c(Nc3ccc(Cl)cc3)c12,高毒,593.0783,84.56108,,
c1n[nH]nc1-c1cc2c(c(-c3c(Cl)cc(C(F)(F)F)c3)c1-c1ccc(F)cc1)C(c1ccc(Cl)cc1)N(c1cc(Cl)cn(C)c1=O)C3=O,高毒,593.0783,84.56108,,
c1n[nH]nc1-c1cc2c(c(-c3ccc(Cl)c(Cl)c3)c1)C(c1ccc(Cl)cc1Cl)N(c1cc(Cl)cn(#O)c1)C3=O,高毒,593.0783,84.56108,,
c1n[nH]nc1-c1cc2c(n1-c1ccc(F)nc1F)C(c1ccc(Cl)cc1F)N(Nc1cc(Cl)cn(C3CC(O)(CO)C3)c1=O)C2=O,中毒,12.488247,19.55125,0.187936494,4.467508201
c1n[nH]nc1-c1cc2c(c(-c3c(Cl)cccc3Cl)c1)C(c1ccc(Cl)cc1)N(c1cc(Cl)cn(C3CC5(C)C(O)C(O)C(O)C5)c(=O)c3c1)C2,中毒,21.116823,14.254915,0.156512367,6.06616063
c1n[nH]nc1-c1cc2c(-c3cnc4[nH]ccc4c3)cn(C3CC(O)C(O)C3)c2c(-c2ccccc2)c1=O,高毒,593.0783,84.56108,,
c1n[nH]nc1-c1nc2c(n1-c1ccc(Cl)cc1OC1C3CC4CC(C3)CC1C4)C(c1ccc(Cl)cc1)N(c1ccc(Cl)c(Cl)c1)C3=O,高毒,593.0783,84.56108,,
c1n[nH]nc1-c1cnc2c(NCC3CCOC3)c(-c3ccnc(N4CC(F)OCC4)c3)nc2c1,高毒,593.0783,84.56108,,
c1n[nH]nc1-c1nc2c(c(-c3ccco3)n12)CN(c1cc2ccc4n[nH]nc4c2c1)C(c1ccc(Cl)cc1)N(c1cc(Cl)cn(C3CC(O)(CO)C3),高毒,593.0783,84.56108,,
c1n[nH]nc1-c1cc2c(n1-c1ccc(Cl)cc1)C(c1ccc(Cl)cc1)N(c1ccC(Cl)C(CO)c3cc(C#N)cnc13)C1CC3CC31,高毒,593.0783,84.56108,,
c1n[nH]nc1-c1cc2c(n1-c1cccnc1)C((c1cccc(Cl)c1)S(=O)(=O)c1ccc(Cl)cc1)N(c1cc(Cl)cn(C3CC(O)(O)C3)c1=O)C2,高毒,593.0783,84.56108,,
c1n[nH]nc1-c1nc2c(c1-c1ccns1)C(c1ccc(Cl)cc1)S(c1cc)N(c1ccc(Cl)cc1)C3,高毒,593.0783,84.56108,,
c1n[nH]nc1-c1cc2c(n1-c1ccc(Cl)cc1)C(c1ccc(Cl)cc1)N(c1cc(Cl)cn(C3CC(O)(CO)C3)c1=O)C2=O,中毒,14.882899,11.513729,0.235038859,3.958725058
c1n[nH]nc1-c1cc2c(n1-c1ccc(Cl)cc1)C(c1ccc(Cl)cc1)(c1cccNC1=O)N(c1cc(Cl)cn(C3CC(O)(CO)C3)c1=O)C2=O,中毒,14.882899,11.513729,0.178100843,4.31874208
c1n[nH]nc1-c1cc2c(n1C(CC1CCC1)C1CC1)C(c1ccc(Cl)cc1)N(c1cc(Cl)cn(C3CC(O)C(O)C3)c1=O)C2=O,中毒,19.24008,13.503714,0.225106412,4.804486654
c1n[nH]nc1-c1cc2c(n1-c1ccccc1F)C(c1ccco1)N(c1cc(Cl)cn(C3CC(O)(CO)C3)c1=O)C2=O,中毒,10.762919,11.513729,0.280128016,4.096139072
c1n[nH]nc1-c1c2c(c(N3CCC4(CCN(CCO5)C3)CC4)C(c3ccc(Cl)cc3)N(c3ccc(Cl)c(Cl)c3)C1=O)C2(C)C,高毒,593.0783,84.56108,,
c1n[nH]nc1-c1cc2c(c(-c3c(-c4ccsc4)nc2-c2ccc(Cl)cc2)CC(c2ccc(Cl)cc2Cl)N(c2cc4c(cc2F)C(=O)N(C4C)C(=O)CP,高毒,593.0783,84.56108,,
c1n[nH]nc1-c1cc2c(n1-c1ccc(Cl)cc1)N(c1cc(Cl)cn(C3CC(O)(CO)C3)c1=O)C2=O,中毒,23.68336,15.303033,0.376361802,3.504270264
c1n[nH]nc1-c1cc2c(n1-c1cc(F)c(F)c(F)c1F)C(c1ccc(Cl)cc1)N(c1cc(Cl)cn(C3CC(O)(CO)C3)c1=O)C2=O,中毒,12.488247,11.513729,0.130696271,4.245872588
c1n[nH]nc1-c1cc2c(cn1)c(-n1c(=S)[nH]c3cc(Cl)c(F)cc3c1=O)C(Nc1ccnc3ncncc13)C2,高毒,593.0783,84.56108,,
c1n[nH]nc1-c1cc2c(c(-c3c(Cl)cccc3Cl)c1)C(c1ccc(Cl)cc1)N(c1cc(Cl)cn(C3CC(O)(CO)C3)c1=O)C2=O,中毒,6.3808517,8.960914,0.182666877,3.916990494
c1n[nH]nc1-c1cc2c(c(-c3ccnc4[nH]c(C5CCN(CCN6CCC(F)C6)CC5)cc34)CN(CC3CCCCC3)C4=O)c12,高毒,593.0783,84.56108,,
c1n[nH]nc1-c1cc2c(c(-c3cnc4[nH]cc(-c5c(F)cc(F)cc56)c4c3)C(O)C(O)C(O)C3)nc12,高毒,593.0783,84.56108,,
c1n[nH]nc1-c1cc2c(n1-c1ccc(F)cc1F)C(c1ccc(Cl)cc1)N(c1cc(Cl)cn(C3CC(O)(CO)C3)c1=O)C2=O,中毒,12.488247,11.513729,0.244621212,4.0385462
c1n[nH]nc1-c1cc2c(c(-c3cc(F)c(C#Cc4cccc(Cl)c4)n3)C2)c1C12CCN(C)CC1C2,高毒,593.0783,84.56108,,
c1n[nH]nc1-c1cc2c(n1-c1ccc(Cl)cc1)C(c1ccc(Cl)cc1)N(c1cCl)C(c1ccc(Cl)cc1)C1(c3ccc(Cl)cc3)C(c2cc2ccccc2)N,高毒,593.0783,84.56108,,
c1n[nH]nc1-c1cc2c(c(-c3c(Cl)cccc3Cl)c1)c1c(c3c(Cl)cc(Cl)cc3n1-c1cccnc1)C(c1ccco1)C2,中毒,4.552998,193.23184,0.207306362,3.882888232
c1n[nH]nc1-c1cc2c3c(n(C4CC4)c(S(=O)(=O)C5CC5)cc-4c2cc1=O)N(Cc1cc(F)ccc1F)CC(CO)C3,高毒,593.0783,84.56108,,
c1n[nH]nc1-c1cc2c(c(-c3c(Cl)cccc3Cl)c1)C(c1ccc(Cl)cc1Cl)N(c1cc(Cl)cn(C3CC(O)(CO)C3)c1=O)C2=O,中毒,7.487971,8.960914,0.168559174,4.003842696
c1n[nH]nc1-c1cc2c(c(-c3c(Cl)cccc5c(Cl)c(F)cc34)c1)C(c1ccc(Cl)cc1)N(c1cc(Cl)cn(C3CC(O)(CO)C3)c1=O)C2=O,高毒,593.0783,84.56108,,
c1n[nH]nc1-c1cc2c(n1-c1ccc(F)cc1F)C(c1ccc(Cl)cc3nc3ccccc23)N(Cc2cccnc2)C(c2ccc(Cl)cc2)c2cc(Cl)c(OCC(O,高毒,593.0783,84.56108,,
c1n[nH]nc1-c1cc2c(n1-c1ccc(F)cc1F)C(c1ccc(Cl)cc1)N(c1ccc(Cl)cc1)C3c1ccc(Cn4ccnc4)cc3C(c3ccc(F)cc3)C1,高毒,593.0783,84.56108,,
c1n[nH]nc1-c1cc2c(n1-c1ccc(F)cc1)C(c1ccc(Cl)cc1)N(c1cc(Cl)cn(C3CC(O)(CO)C3)c1=O)C2=O,中毒,14.882899,11.513729,0.252765996,3.961679667
c1n[nH]nc1-c1ccc2oc(-c3n[nH]c(-c4csc(-c7cc6nnc(C7(c8ccccc9)CC8)n7)nc6c55)n4)nc2c1,高毒,593.0783,84.56108,,
c1n[nH]nc1-c1cc2c(n1-c1ccc(Cl)c(Cl)c1)C(c1ccc(Cl)cc1)N(c1cc(Cl)cn(C3(C2)CO)C3=O)c1=O,中毒,14.070942,21.158436,0.300782292,5.206397938
c1n[nH]nc1-c1cc2c(n1-c1ccc(F)cc1F)C(c1ccc(Cl)cc1)N(c1cc(Cl)cn(C)c1=O)C2=O,中毒,17.272402,14.026334,0.327553382,3.713488067
c1n[nH]nc1-c1cc2n(c(-c3cc(Cl)c(-c4ccccn4)c(Cl)c3)c1=O)C(c1cccc(Cl)c1F)N(c1cc(Cl)cn(C3CC(O)(CO)C3)c1=O),高毒,593.0783,84.56108,,
c1n[nH]nc1-c1cc2c(c(-c3ccc(Cl)cc3)c1)C(c1ccc(Cl)cc1)N(c1cc3c(cc1F)C(=O)c1cc4c(c(=O)oc4c1)CCC=C5)CC3,高毒,593.0783,84.56108,,
c1n[nH]nc1-c1cc2c(n1-c1ccc(Cl)cc1Cl)C(c1ccc(Cl)cc1)N(c1cc(Cl)cn(C3CC(O)(CO)C3)c1=O)C2=O,中毒,18.205946,11.513729,0.207895129,4.033490665
c1n[nH]nc1-c1cc2c(c(-c3cc4nccs4)c2c1)CCC(NCc1ccnc(Cl)c1)C3,高毒,593.0783,84.56108,,
c1n[nH]nc1P(F)(F)(F)(F)(F)(F)C(F)(F)C(F)(F)c1ccc2[nH]c(=O)nc(NCCc3sc4ccccc4c3=O)c21,高毒,593.0783,84.56108,,
c1n[nH]nc1-c1cc2c(c(-c3c(Cl)cccc3Cl)c1)C(c1ccc(Cl)cc1F)C(c1c[nH]c3ccc(-c4nn[nH]n4)c(Cl)c3c1)N,高毒,593.0783,84.56108,,
c1n[nH]nc1-c1cc2c(n1-c1ccc(Br)cc1F)C(c1ccc(Cl)cc1)N(c1cc(Cl)cn(C3CC(O)(CCl)C3)c1=O)C2=O,中毒,29.54402,11.513729,0.190487685,4.119515806
c1n[nH]nc1-c1cnc2[nH]c(-c3ccccn3)cc2c1-c1cnc(Oc2ccnc(-c3ccc4occ(OC5CCCOC5)c4)c3c2)c1,高毒,593.0783,84.56108,,
c1n[nH]nc1-c1cc2c(n1-c1ccc(F)cc1F)c(Oc1ccc(Cl)cc1Cl)N(c1cc(Cl)cn(C3CC(O)(CO)C3)c1=O)c1=O,高毒,593.0783,84.56108,,
c1n[nH]nc1-c1cc2c(n1-c1ccc(F)cc1)C(c1ccc(Cl)cc1)N(c1cc(Cl)cn(C3CC(O)(CO)C3)c1=O)C2=O,中毒,14.882899,11.513729,0.252765996,3.961679667
c1n[nH]nc1-c1cc2n(c1-c1ccc(Cl)cc1F)C(c1ccc(Cl)cc1)N(c1cc(Cl)cn(C3CC(O)(CO)C3)c1=O)C2=O,中毒,32.68572,13.503714,0.222716361,4.110774717
c1n[nH]nc1-c1cc2c(c(-c3cc(Cl)ccc3Cl)c1)C(c1ccc(Cl)cc1)N(c1cc(Cl)cn(C3CC(O)(C)C3)c1=O)C2=O,低毒,12.849881,8.960914,0.199632285,3.841356706
c1n[nH]nc1-c1cc2c(cc1-c1ccc4cc(-c5nc(C6CC6)ccc5c4)nn(-c4nc(C(F)(F)F)sc4=O)c3c1)C(c1cnn(C4CC1)c1)C(,高毒,593.0783,84.56108,,
c1n[nH]nc1-c1cc2c(c(-c3c(Cl)cccc3Cl)c1)C(c1c[nH]c4ccc(Cl)cc14)(C(F)(F)F)C(c1ccc(c(I)c3)N1)N3,高毒,593.0783,84.56108,,
c1n[nH]nc1-c1cc2c(c(-c3ccc(Cl)cc3)c1)C(c1ccc(Cl)cc1)N(c1cc(Cl)cn(C3CC(O)(CO)C3)c1=O)C2=O,中毒,6.3808517,8.960914,0.205435647,3.81469291
c1n[nH]nc1-c1cc2c(n1-c1ccc(F)cc1F)C(c1ccc(Cl)cc1)N(c1cc(Cl)cn(C3CC(O)(CO)C3)c1=O)C2=O,中毒,12.488247,11.513729,0.244621212,4.0385462
c1n[nH]nc1-c1cc2c(c(-c3c(Cl)cccc3Cl)c1)C(c1ccc(Cl)cc1)N(c1cc(Cl)cn(C3CC2)c1=O)C3=,高毒,593.0783,84.56108,,
c1n[nH]nc1-c1cc2c(n1N1CCC(c3cc(F)cc(Cl)c3)CC1)C(c1ccc(Cl)cc1)N(c1cc(Cl)cn(C3CC(O)(CO)C3)c1=O)C2=O,中毒,8.738106,13.466203,0.19077224,4.350368266
c1n[nH]nc1-c1cc2c(n1-c1ccc(Cl)cc1)C(c1ccc(Cl)cc1)N(c1cc(Cl)cn(C3CC(O)(CO)C3)c1=O)C2=O,中毒,14.882899,11.513729,0.235038859,3.958725058
c1n[nH]nc1-c1cc2c(c(-c3ccc(-c4ccc(OCCN5CCC(F)(CNC7CCCC7)CC5)c4)nc23)C2CCC32)c1,高毒,593.0783,84.56108,,
c1n[nH]nc1-c1cc2c(c(-c3cnc4nccn4c3)c1)C(c1ccnc(Cl)c1)N(c1cc(Cl)cn(C3CC(O)(CO)C3)c1=O)C2=O,中毒,7.4282966,13.447941,0.225736219,4.31384055
c1n[nH]nc1-c1cc2c(n1C1CCN(c3ncc(Cl)c(O)n3)CC1)C(c1ccc(Cl)cc1)N(c1cc(Cl)cn(C3CC(O)(CO)C3)c1=O)C2=O,中毒,19.24008,13.503714,0.185376411,4.380742407
c1n[nH]nc1-c1cc2c(n1-c1cc(F)c(Cl)c(F)c1)C(c1ccc(Cl)cc1)N(c1cc(Cl)cn(C3CC(O)(CO)C3)c1=O)C2,中毒,19.24008,11.513729,0.197955736,4.209110552
c1n[nH]nc1-c1cc2c(n1-c1ccc(F)cc1F)C(c1ccc(Cl)cc1)N(c1cc(Cl)cn(C3CC(O)(CO)C3)c1=O)C2=O,中毒,12.488247,11.513729,0.244621212,4.0385462
c1n[nH]nc1-c1cc2c(-c3ccc(F)c(F)c3F)ncnc2cc1-c1n[nH]c2cnc(C3(n4nc(F)c(=O)n(C(=O)C7(C(=O)O)CC7)c5c4-,高毒,593.0783,84.56108,,
c1n[nH]nc1-c1ccc2c(-c3ccc(C(=O)N4Cc5ccnco5)nc4C3)cnc2c1,高毒,593.0783,84.56108,,
c1n[nH]nc1-c1cc2c(c(-c3c(Cl)cccc3Cl)c1)C(c1ccc(Cl)cc1)N(c1cc(Cl)cn(C3CC(O)(CO)C3)c1=O)C2,中毒,9.036046,9.912456,0.17851774,3.962354325
c1n[nH]nc1-c1cn(-c2cc3cnc(Nc4ccc(N5CC6(CNC6)C5)nc5)c(F)c4n3)nc2c1=O,高毒,593.0783,84.56108,,
c1n[nH]nc1-c1cc2c(c(-c3c(Cl)cccc3Cl)c1)C(c1ccc(Cl)cc1)N(c1cc(Cl)n(C3CC(O)C(O)C3)c1=O)C2=O,高毒,593.0783,84.56108,,
c1n[nH]nc1-c1nc2c(c(N3CCOCC3)n1)C(c1ccccc1F)N(c1cc(Cl)cn(C3CC(O)(CO)C3)c1=O)C2=O,中毒,16.921463,13.466203,0.294415023,4.038056766
c1n[nH]nc1-c1oc(-c2cccnc2)c(-c2ccc(F)cc2)c1=O,高毒,593.0783,84.56108,,
c1n[nH]nc1-c1cc2n(n1)CCC(CCNCc1cnc3c(c1)OCO3)C2,中毒,5.891078,11.531374,0.637035509,3.792205101
c1n[nH]nc1-c1ncc(-c2cc3c([nH]2)CCN(Cc2nsc(-c4cccnc4)c2Cl)C3)c1C1CCCCC1,高毒,593.0783,84.56108,,
c1n[nH]nc1-c1cc2c(n1-c1ccc(Cl)c(Cl)c1)C(c1ccc(Cl)cc1)N(c1cc(Cl)cn(C3CC(O)(CO)C3)c1=O)C2=O,中毒,14.882899,11.513729,0.207895129,4.029063273
c1n[nH]nc1-c1cc2c(n1-c1cc(F)ccc1F)C(c1ccc(Cl)cc1)N(c1ccS(,高毒,593.0783,84.56108,,
c1n[nH]nc1-c1cc2c(n1-c1cccnc1)]c(Nc1ccc(Cl)cc1-c1nn[nH]n1)C(c1cc2ccc(Cl)cc2nc1O)C1(C(=O)O)CC1,高毒,593.0783,84.56108,,
c1n[nH]nc1-c1cc2c(c(-c3c[nH]c4cc(Br)ccc34)c1)C(c1ccc(Cl)cc1)N(c1cc(Cl)cn(C3CC(F)(F)C3)c1=O)S3(=O)=O,高毒,593.0783,84.56108,,
c1n[nH]nc1-c1cc2c(n1-c1ccc(F)cc1F)C(c1ccc(Cl)cc1)N(c1cc(Cl)on1)C3c1ccc(NS(=O)(=O)c4ccc(S(=O)(=O)N5CC,高毒,593.0783,84.56108,,
c1n[nH]nc1Nc1cc2ncc(C3=CCOCC3)c(N3CCC(N4CCN(CCO)CC4)CC3)c2c1,高毒,593.0783,84.56108,,
c1n[nH]nc1-c1nc(-c2cnc3c(Nc4ccc(Cl)c(F)c4)nccn23)cc1N1CC2OC(CO)C(O)C2C1,高毒,593.0783,84.56108,,
c1n[nH]nc1-c1cc2c(c(-c3c(Cl)cccc3Cl)c1)C(c1ccc(Cl)cc1)N(c1cc(Cl)cn(C3CC(O)(CO)C3)c1=O)C2=O,中毒,6.3808517,8.960914,0.182666877,3.916990494
c1n[nH]nc1-c1cc2c(n1-c1ccccc1Cl)C(c1ccc(Cl)cc1)N(c1cc(Cl)cn(C3CC(O)(CO)C3)c1=O)C2=O,中毒,18.205946,11.513729,0.235038859,3.98313434
c1n[nH]nc1-c1cc2n((C1)=O)C(c1ccc(Cl)cc1Cl)N(c1cc(Cl)cn(C3CC(O)(CO)C3)c1=O)C2=O,高毒,593.0783,84.56108,,
c1n[nH]nc1-c1cc2c(c(-c3cnc4c(c3)Oc3cc(F)ccc33)CN(Cc3cn(-c6ccco6)nc3-c3ccc(F)cc3)CC4)nc12,高毒,593.0783,84.56108,,
c1n[nH]nc1-c1cc2c(c(-c3cnc4c(ncn4C4CC(O)C(O)C4)c3=O)c1)C(c1ccc(Cl)cc1)N(c1cc(Cl)cn(C4CC(O)(CO)C4)c4c,高毒,593.0783,84.56108,,
c1n[nH]nc1-c1cc2c(c(-c3c(F)cccc3Cl)c1)C(c1ccc(Cl)cc1)N(c1cc(Cl)cn(C3CC(O)(CO)C3)c1=O)C2=O,中毒,6.3808517,8.960914,0.198124642,3.931028956
c1n[nH]nc1-c1cc2c(n1-c1ccc(Cl)cc1Cl)C(c1ccc(Cl)cc1)N(c2ccF(Cl)cc1)C2c1ccc(Cl)cc1,高毒,593.0783,84.56108,,
c1n[nH]nc1-c1cc2c(c(-c3nc(-c4cncc(-n5ccnc5C5)c4F)c4ncccc5c3)c1)CN(c1ncc(Cl)c(NCC4CO4)n1)CC3,高毒,593.0783,84.56108,,
c1n[nH]nc1-c1cc2c(n1-c1ccc(Cl)cc1F)C(c1ccc(Cl)cc1)N(c1cc)C(c2cn(C3CC(O)(CO)C3)c(-c4ccCl)c3)c12,高毒,593.0783,84.56108,,
c1n[nH]nc1-c1cnc(-n2cc3c(n2)-c2cc(F)c(Cl)c(O)c2CCc2cCC(c4ccncc4F)(CC2)CC3)cc1,中毒,12.071401,51.959045,0.228879139,5.45840035
c1n[nH]nc1-c1cc2c(n1-c1ccc(Cl)cc1Cl)C(c1ccc(Cl)cc1)N(c1ccCl)C(c1ccc(Cl)cc1)N(c1cc(Cl)c(=O)c4C#N)CC3(CO)C,高毒,593.0783,84.56108,,
c1n[nH]nc1-n1c2c(ccc1=O)C(c1cc3n[nH]c(=O)c3cc1F)C(c1ccc(Cl)cc1)N(c2ccCl)c1c[nH]c(=O)c13,高毒,593.0783,84.56108,,
c1n[nH]nc1-c1c[nH]c2ncnc(N3C4CCC3COC(c3cccc(F)c3)C(C(F)(F)F)C4)c12,中毒,23.791525,21.33488,0.411646126,5.132209348
c1n[nH]nc1-c1cc2c(c(-c3c(Cl)cccc3Cl)c1c1cncn1C3CC3)C(c1ccc(Cl)cc1)N(c1cc(Cl)cn(CC(Cl)F)c1=O)C3=O,高毒,593.0783,84.56108,,
c1n[nH]nc1-c1cc2cc(Oc3ccc(NC(c4ccccn4)c4ccccn4)cc3F)ccc2s1,中毒,5.9891486,13.377522,0.259636403,2.94405028
c1n[nH]nc1-c1csc(-c2ccc3c(N4CCOCC4)nc(-c4ccnc(NC1C6CN(C7C6)C5)c5cn4)nc3n2)n1,高毒,593.0783,84.56108,,
c1n[nH]nc1-c1cc2c(c(-c3c(Cl)cc(Cl)c(Cl)c3)c1)SC(c1ccc(Oc3cccnc3)cc1)C2,中毒,3.6525128,21.516401,0.221383462,3.511147653
c1n[nH]nc1-c1cc2c(c(-c3c(Cl)cccc3Cl)c1)C(c1ccc(Cl)cc1)N(c1cc(Cl)cn(C3CC(O)(CO)C3)c1=O)C2=O,中毒,6.3808517,8.960914,0.182666877,3.916990494
c1n[nH]nc1-n1cc(-c2nc(-c3ccnc4c3Cc3cccc(F)c3-c3cc(Cl)cs3)cn2)c2c(C3CC3)ncnc21,高毒,593.0783,84.56108,,
c1n[nH]nc1-c1cc2c([nH]c3ccc(-c4n[nH]c(=O)s4)c3c2=O)c1-c1cc(F)cc(Br)c1,高毒,593.0783,84.56108,,
c1n[nH]nc1-c1nc2c(n1-c1ccc(Cl)cc1)C(c1ccc(Cl)cc1)N(c1cc)C(c3ccsc3)C1c1ccc(OC(O)(C(F)(F)F)C(F)(F)F)cc,高毒,593.0783,84.56108,,
c1n[nH]nc1-c1nc2c([nH]1)CC(c1ccc(Cl)cc1)NC(c1ccc(Oc3ccccc3)cc1)N(c1cc(Cl)cn(C3CC(O)(CO)C3)c1=O)C3=O,高毒,593.0783,84.56108,,
c1n[nH]nc1-c1cc2c(cc1-c1ccc(-n3cnc(CN4CCOCC4)c3)cc1)CN(c1nc(Cl)ncc1F)C2c1ccccn1,中毒,17.950493,32.34568,0.2354617,3.920650155
c1n[nH]nc1-c1nc2c(c(-c3c(Nc4cccc(F)c4)n2)CS(=O)(=O)CCO3)c1C(c1ccc(Cl)cc1)N(c1ccCl)C(=O)CO1,高毒,593.0783,84.56108,,
c1n[nH]nc1-c1cc2c(c(-c3ccc(OC4CCc5c(F)ccc(N(N)c7ccc(Cl)cc7)c5=O)c4=O)c3oc3ccccc3c3=O)CCC21,高毒,593.0783,84.56108,,
c1n[nH]nc1-c1cc2n((-c3ccnc(Cl)c3)c(=O)c3cc(-c4c(Cl)cccc4Cl)ccc3c2Cl)C1c1cccc(CN)c1,高毒,593.0783,84.56108,,
c1n[nH]nc1-c1cc2c(c(-c3c(Cl)cccc3Cl)c1)=C(c1cc(Cl)c(OC(F)(F)C(F)F)cc1F)C(c1ccc(Cl)cc1)N2,高毒,593.0783,84.56108,,
c1n[nH]nc1-c1cc2c(n1-c1ccc(F)cc1F)C(c1ccc(Cl)cc1)N(c1cc(Cl)cn(3(=O)=O)C3)C1=O,高毒,593.0783,84.56108,,
c1n[nH]nc1-c1cc2c(c(-c4c(Cl)cccc4Cl)c2Br)C(c2ccc(Cl)cc2)N(c2cc(Cl)cn(C3CC(O)(CO)C3)c2=O)c1=O,中毒,36.29759,15.303033,0.196032216,4.270627792
c1n[nH]nc1-c1cc2c(c(-c3c(Cl)cccc3Cl)c1)C(c1ccc(Cl)cc1)N(c1cc(Cl)cn(C3CC(O)(CO)C3)c1=O)C2=O,中毒,6.3808517,8.960914,0.182666877,3.916990494
c1n[nH]nc1-c1cc2c(nc1-c1cc(Cl)cc(Cl)c1)C(c1ccc(Cl)cc1Br)N(c1cc(Cl)cn(C3CC(O)(CO)C3)c1=O)C2=O,中毒,13.216523,12.087409,0.17164885,4.175768657
c1n[nH]nc1-c1cc2c(c(-c3ccnc(P(=O)([O-])O)c3)c1C#Cc1ccc(N4CC5(O)CCC5C5)nc3c1)C(c1ccc(Cl)cc1)C3,高毒,593.0783,84.56108,,
c1n[nH]nc1-c1cc2c(n1-c1ccc(Cl)cc1F)C(c1ccc(Cl)cc1)N(c1cc(Cl)cn(C3CC(O)(CO)C3)c1=O)C2=O,中毒,12.488247,11.513729,0.22687237,4.043844886
c1n[nH]nc1-c1cc2c(n1-c1cc(Cl)ccc1Cl)C(c1ccc(Cl)cc1)N(c1cc(Cl)cnc1)C1CCCN(Cc3ccc(F)c(-c4ccc(Cl)cc4)c3)C1,高毒,593.0783,84.56108,,
c1n[nH]nc1-c1cc2c(n1-c1ccc(Cl)cc1)C(4c1ccc(Cl)cc1)N(c1cc(Cl)cn(C3CC(O)(CO)C3)c1=O)C2=O,高毒,593.0783,84.56108,,
c1n[nH]nc1-c1cc2c(n1-c1ccc(F)cc1)c(c2ccc(F)cc2c1)N(c1cc(F)c(Cl)c(Cl)c1)C(=O)CN1CC(O)C(O)C(O)C1,高毒,593.0783,84.56108,,
c1n[nH]nc1-c1cc2c#c(-c3ccc(N4CCC(F)(F)C4)c(C4CC4)c3)nc(-c3ncc(Cl)cc3Cl)c2c1,高毒,593.0783,84.56108,,
c1n[nH]nc1-c1cc2c(nc(Oc3cc4c(cc3Cl)OCCO4)c3c(NCC4C4CC5CC(C4)CC5O)nnc31)OCC2,高毒,593.0783,84.56108,,
c1n[nH]nc1-c1nc2c(c(-c3cccs3)c1)C(c1ccc(Cl)cc1)N(c1cc(Cl)cn(C3CC(O)(CO)C3)c1=O)C2=O,中毒,27.185892,13.503714,0.246097385,3.967410267
c1n[nH]nc1-c1coc(-c2cnc3[nH]c(-c4nocn4)cc3c2)c1=O,高毒,593.0783,84.56108,,
c1n[nH]nc1-c1cc2c(o1)C(c1ccc(Cl)cc1)Nc1c(c(Cl)c(Cl)c(Cl)c1Cl)=NC2c1ccc(F)cc1,高毒,593.0783,84.56108,,
c1n[nH]nc1-c1c[nH]c2ncnc(C3)c(-c4cc(OCc5ccc(-c6ccc9ncccc6c7)cc5)nc(N5CCCC5)c(=O)c43)c12,高毒,593.0783,84.56108,,
c1n[nH]nc1-c1cc2c(n1-c1ccc(F)cc2F)c2c(c1)c(N1CC1)C(c1ccc(F)c(F)c1)N(c1cc(Cl)cn(C4CC(O)(CO)C4)c1=O)C,高毒,593.0783,84.56108,,
c1n[nH]nc1-c1cc2c(c(-c3c(F)cccc3F)c1)C(c1ccc(Cl)cc1)N(c1cc(Cl)cn(C3CC(O)(CO)C3)c1=O)C2=O,中毒,6.3808517,8.960914,0.216988584,3.927417967
c1n[nH]nc1-c1cc2c(n1-c1ccc(F)cc1)C(c1ccc(Cl)cc1)N(c1cc(Cl)cn(C3CC(O)(CO)C3)c1=O)C2=O,中毒,14.882899,11.513729,0.252765996,3.961679667
c1n[nH]nc1-c1cnc2c(c1)-c1nocc1C1(CCN(c3nc(-c4cnccn4)no3)CC1)C2,中毒,29.161734,66.278404,0.428237987,4.093957919
c1n[nH]nc1-c1cc2c(n1-c1nc3ccccc3s1)C(c1ccc(Cl)cc1F)N(c1ccCl)c(c1)C(c1ccc(Cl)cc1)C1(c2ccc(Cl)cc4nccc13),高毒,593.0783,84.56108,,
c1n[nH]nc1-c1cc2c(n1-c1ccc(Cl)cc1F)C(c1ccc(Cl)cc1)N(c1cc(Cl)cn(C3CC(O)(CO)C3)c1=O)C2=O,中毒,12.488247,11.513729,0.22687237,4.043844886
c1n[nH]nc1-c1cc2c(n1-c1cc(F)cc(F)c1)C(c1ccc(Cl)cc1)N(c1cc(Cl)cn(C3CC)c1=O)C3=O,高毒,593.0783,84.56108,,
c1n[nH]nc1-c1cc2c(n1-c1ccc(Cl)cc1Cl)C(c1ccc(Cl)cc1)N(c1cc(Cl)cn(C3CC(O)(CO)C3)c1=O)C2=O,中毒,18.205946,11.513729,0.207895129,4.033490665
c1n[nH]nc1-c1cc2c(c(-c3c(Cl)cccc3Cl)c1)C(c1ccc(Cl)cc1)N(c1cc(Cl)cn(C3CC(O)(CO)C3)c1=O)C2=O,中毒,6.3808517,8.960914,0.182666877,3.916990494
c1n[nH]nc1-c1nc2c(s1)C(c1ccc(Cl)cc1)N(c1cc(Cl)cn(C3CC(O)(CO)C3)c1=O)C2=O,中毒,59.929935,28.20462,0.350366078,3.995801841
c1n[nH]nc1-c1cc2c(c(-c3ccc4c(n3)-c3cc5c(F)ccc(F)c5c(=O)c3OCCO5)CC4COC(=O)C32)c1,高毒,593.0783,84.56108,,
c1n[nH]nc1-c1cc2c(-c3ccc(-c4cc5c([nH]4)C(F)(F)F)c(=O)n(C6CC(O)C(O)C(O)C6O)c5nn4c3)nc(N3CC3)c(-c3cc,高毒,593.0783,84.56108,,
c1n[nH]nc1-c1cc2c(c(-c3ccc(F)cc3F)c1)C(c1ccc(Cl)cc1)N(c1cc(Cl)cn(C4CC(O)(CO)C4)c1=O)C3=O,高毒,593.0783,84.56108,,
c1n[nH]nc1-c1cc2c(n1-c1ccc(Cl)cc1F)C(c1ccccc1)N(c1ccc(Cl)cc1)C2c1ccc(Cl)cc1,中毒,21.327534,23.107658,0.21474918,3.70305371
c1n[nH]nc1-c1cc2c(c(-c3c(Cl)cccc3Cl)c1)C(c1ccc(Cl)cc1)N(c1cc(Cl)cn(C3CC(O)(CO)C3)c1=O)C2=O,中毒,6.3808517,8.960914,0.182666877,3.916990494
c1n[nH]nc1-c1cc2c([s+]1[O-])C(c1ccc(Cl)c(Cl)c1)N(c1cc(Cl)cn(C3CC(O)(CO)C3)c1=O)C2,中毒,7.8750753,8.960914,0.296590701,4.726345568
c1n[nH]nc1-c1cc2c(n1-c1ccc(Cl)cc1)c1nc(-c3cccnc3)nc(-c3cc(Cl)ccc3O)c1-2,中毒,13.626109,15.145622,0.274585527,3.152499509
c1n[nH]nc1-c1cc2c(n1-c1ccc(Cl)cc1F)C(c1cccc(Cl)c1)N(c1cc(Cl)cN(C3CCS(=O)(=O)C3)C1=O)C2=O,中毒,17.272402,14.026334,0.25804009,4.241144579
c1n[nH]nc1-c1cc2c(c(-n3oc(=O)[nH]c3=O)c1)C(c1ccc(Cl)cc1)N(c1cc(Cl)cn(C3CC(O)(CO)C3)c1=O)C2,中毒,52.703655,19.67712,0.221320199,4.324257798
c1n[nH]nc1-c1cc2c(c(-c3c(Cl)cccc3Cl)c1)C(c1cn(Cc3ccccc3)nn1)C(c1ccc(Cl)cc1)N(c1cc(F)c(=O)c(C(=O)OC3CC,高毒,593.0783,84.56108,,
c1n[nH]nc1-c1cc2c(-c3cnc4ccc(-c5cnc[nH]5)cn4c3)c(-c3ccoc3)ncc2c1,高毒,593.0783,84.56108,,
c1n[nH]nc1-c1nc2c(c(-c3cc(Cl)ccc3Cl)c1)C(c1ccc(Cl)cc1)N(c1cc(Cl)cn(C3CC(O)(CO)C3)c1=O)C2=O,中毒,37.24519,12.110745,0.1962146,3.963313571
c1n[nH]nc1-c1cc2c(c(-c3c(Cl)cccc3Cl)c1)C(c1ccc(Cl)cc1)N(c1cc(Cl)cn(C3CC(O)(CO)C3)c1=O)C2=O,中毒,6.3808517,8.960914,0.182666877,3.916990494
c1n[nH]nc1-c1cc2c(n1-c1cc(F)ccc1F)C(c1cccnc1)N(c1ccN(c3cn(C41CCN(C(=O)Cc6ccccn6)CC4)nc1)C3)C(c1ccc,高毒,593.0783,84.56108,,
c1n[nH]nc1-n1nc(-c2ccon2)c2cnc(Nc3ccc(Oc4ccccc4)cc3)nc21,中毒,14.781824,51.371765,0.394547185,2.941322164
c1n[nH]nc1-c1cc2c(n1-c1ccc(F)cc1)C(c1ccc(Cl)cc1)N(c1cc(Cl)cCl)C(=O)C1,高毒,593.0783,84.56108,,
c1n[nH]nc1-c1nc2n(c1-c1cc(Cl)cc(Cl)c1)C(c1ccc(Cl)cc1)N(c1cc(Cl)cn(C3CC(O)(CO)C3)c1=O)C2,中毒,41.15799,13.447941,0.212620466,4.162365363
c1n[nH]nc1-c1cc2c(c(-c3c(Cl)cccc3Cl)c1)C(c1ccc(F)cc1)N(c1cc(Cl)cn(C3CC(O)(CO)C3)c3=O)C1=O,高毒,593.0783,84.56108,,
c1n[nH]nc1-c1nnc(-c2cnc3c(c2)cc(C(F)(F)F)c2c(I)n3-c2ccc(F)cc2)c1Cl,高毒,593.0783,84.56108,,
c1n[nH]nc1-c1cc2c(c(-c3c(Cl)cccc3Cl)c1)C(c1ccc(Cl)cc1)N(c1cc(Cl)cn(C3CC(O)(CO)C3)c1=O)C2=O,中毒,6.3808517,8.960914,0.182666877,3.916990494
c1n[nH]nc1-c1cc2[nH]c(C3CCN(CC4CCOCC4OCc4ccc(-c5noc(-c6ccno6)n5)CC5(C(=O)O)CC4)n3)nc2c1,高毒,593.0783,84.56108,,
c1n[nH]nc1-c1cc2c((-c3cccnc3)CN(C3CCC(c4nn[nH]n4)CC3)C3=O)c(F)cc2c1,高毒,593.0783,84.56108,,
c1n[nH]nc1-c1cc2c(n1-c1ccc(F)cc1)C(c1ccc(Cl)cc1)N(c1cc(Cl)cF)C(=O)C1(c1ccc(Cl)nc1)N(NO)c1cc(Cl)ccc12O,高毒,593.0783,84.56108,,
c1n[nH]nc1-c1cc2c(n1-c1ccc(Cl)cc1F)c(1c2ccc(Cl)cc2)C(c2ccc(Cl)cc2)N(c2c(Cl)ccn(C3CC(O)(CO)C(=O)N4CCOCC,高毒,593.0783,84.56108,,
c1n[nH]nc1-c1cc2c(n1-c1cc(F)c(F)c(F)c1)C(c1ccc(Cl)cc1)N(c1cc(Cl)cn(C3(CO)COC3)c1=O)C2=O,中毒,31.338547,13.466203,0.261169836,4.207276781
c1n[nH]nc1-c1cn2c(-c3cn[nH]c3)c(-c3nc4c([nH]3)C(c3ccccc3)C(COc3ccc(Cl)cn3)(C(F)(F)F)C(N)=N4)cc12,中毒,79.36652,19.297604,0.176633827,4.93099927
c1n[nH]nc1-c1cc2c(c(-c3c(Cl)cccc3Cl)c1)C(c1ccc(Cl)cc1)N(c1cc(Cl)cn(C3CC(O)(CO)C3)c1=O)C2=O,中毒,6.3808517,8.960914,0.182666877,3.916990494
c1n[nH]nc1-c1cc2c(c(-c3c(Cl)cccc3Cl)c1)C(c1ccc(Cl)cc1)N(c1cc(Cl)cn(C3CC(O)(CO)C3)c1=O)C2=O,中毒,6.3808517,8.960914,0.182666877,3.916990494
c1n[nH]nc1-c1cc2sc(-c3cccc4[nH]ccc34)c(C3COC(N)=N3)c2cc1=O,高毒,593.0783,84.56108,,
c1n[nH]nc1-c1cc1c(n2-c2ccc(Br)cc2F)C((c2ccc(Cl)cc2)c2cc2cncnc2s1)N2c1cn(Cc2ccc3ncsc3c2)c2ccccc12,高毒,593.0783,84.56108,,
c1n[nH]nc1-c1cc2c(c(-c3cn(-c4cc(Cl)cc(Cl)c4)n3)C(c3ccc(Cl)cc3)N(c3cc(Cl)cn(C5CC(O)(CO)C5)c4=O)c3=O)C(C,高毒,593.0783,84.56108,,
c1n[nH]nc1-c1cc2c(n1-c1ccc(Cl)cc1F)C(c1ccc(Cl)cc1)N(c1ccCl)C4,高毒,593.0783,84.56108,,
c1n[nH]nc1-c1nc2c(s1)c(Oc1cc(Cl)cc(Cl)c1)c(Cl)c1c(O)nc(-c3ccccn3)nc12,中毒,39.649048,19.71064,0.257182403,3.401487863
c1n[nH]nc1-c1nc2c(n1-c1ccc(Cl)cc1)C(c1ccc(Cl)cc1)NN(c1ccc(Cl)cc1)C2,中毒,13.024549,24.957808,0.29253892,3.560000844
c1n[nH]nc1-c1n[nH]c2cc(NC(=O)NCCS(=S)(=O)c3c(Cl)cccc3Cl)nc(-c3cc(Cl)cc(Cl)c3)c12,中毒,7.75838,38.567783,0.172013365,3.920290973
c1n[nH]nc1-c1cc2c(n1-c1ccc(Cl)cc1F)C(c1ccc(Cl)cc1)N(Cc1ccc(Br)cn1)C3,高毒,593.0783,84.56108,,
c1n[nH]nc1-c1cc2c(n(-c3cc(Cl)cc(Cl)c3)c1=O)C(c1ccc(Cl)cc1)N(c1cc(Cl)cn(C)c1=O)C3=O,高毒,593.0783,84.56108,,
c1n[nH]nc1-c1cc2c(c(-c3nc4c(-c5cnn[nH]5)cc(Sc6cccs6)nc4n3)CC(N3CCN(c4cc(Cl)ccn4)CC3)C3)nc12,高毒,593.0783,84.56108,,
c1n[nH]nc1-n1c2cc(-c3ccoc3)ccc2c2c[nH]c(=O)c(-c3ccon3)c21,中毒,38.60871,29.477264,0.48195644,3.484674045
c1n[nH]nc1-c1cc2c(c(-c3c(Cl)cccc3Cl)c1)C(c1ccc(Cl)cc1)N(c1cc(Cl)cn(C(C)C)c1=O)C3=O,高毒,593.0783,84.56108,,
c1n[nH]nc1-c1cc2c(n1-c1ccc(Cl)cc1F)C(c1ccc(Cl)cc1)N(c1cC(Cl)Cl)C(c1ccc(Cl)cc1)C1F,高毒,593.0783,84.56108,,
c1n[nH]nc1-c1cc2c(c(-c3c(Cl)cccc3Cl)c1)C(c1ccc(Cl)cc1)N(c1cc(Cl)cn(C3CC(O)(CO)C3)c1=O)C2=O,中毒,6.3808517,8.960914,0.182666877,3.916990494
c1n[nH]nc1-c1cc2c(c(-c3c(Cl)cccc3Cl)c1)C(c1ccc(Cl)cc1)N(c1cc(Cl)cn(C3CC(O)(CO)C3)c1=O)C2=O,中毒,6.3808517,8.960914,0.182666877,3.916990494
c1n[nH]nc1-c1cc2c(n1-c1ccc(Cl)cc1Cl)C(c1ccc(Cl)cc1)N(c1ccc(Cl)cc1)C3c1cc(Cl)ccc3Oc3c(F)c(N4CCOCC4)c(F)c,高毒,593.0783,84.56108,,
c1n[nH]nc1-c1cn2c(Cn3nnc4cc(Cl)c(F)cc4c3=O)ncnc2c1,低毒,17.352783,19.020832,0.489005683,3.129344297
c1n[nH]nc1-c1cc2c(-c3ccc(F)cc3Cl)ncnc2cc1OCC12CCC(C1)N(Cc1ccncc1)CC2,中毒,6.4280043,40.438072,0.259496986,4.669338892
c1n[nH]nc1-c1coc2cc(-c3nc(-c4nc(-c5cccc(N6CCN(Cc7ccc[nH]7)CC6)c5)no4)c4c3-c3ccccc3)nc(-c3ccsc3)c12,高毒,593.0783,84.56108,,
c1n[nH]nc1-c1cc2c(n1-c1ccc(Cl)cc1)C(c1ccc(Cl)cc1)N(c2cc(Cl)cn(C3CC(O)(CO)C3)c1=O)C2=O,高毒,593.0783,84.56108,,
c1n[nH]nc1-c1cc2c(c(-c3coc(C4CC4)c3=O)n1)C(COc1cccnc1)N(c1cc(Cl)cc(Cl)c1)C3,高毒,593.0783,84.56108,,
c1n[nH]nc1-c1cc2n(n1)C(c1ccc(Cl)cc1)N(c1cc(Cl)cn(C3CC5(O)C(=O)OC5OC6(C)CCC7=CC(=O)C(C7)C56)=NC4C3)c1,高毒,593.0783,84.56108,,
c1n[nH]nc1C[n+]1cn(Cc2c3c(n(-c4ccccc4[N+](=O)[O-])c2=O)CCC2C4C3(O)C(O)(C(O)C(O)C(O)c5nnco5)CCC42)c,高毒,593.0783,84.56108,,
c1n[nH]nc1-c1cc2c(n1-c1ccc(C(F)(F)F)cc1)c(cc1cc(Cl)c(-c3ccon3)c1c1coc3cc(I)ccc3c1=O)CC2,高毒,593.0783,84.56108,,
c1n[nH]nc1-c1cc2c(n1-c1ccc(Cl)cc1)C(c1ccc(Cl)cc1)N(c1cc(Cl)cn(C3CC(O)(CO)C3)c1=O)C2=O,中毒,14.882899,11.513729,0.235038859,3.958725058
c1n[nH]nc1-c1cc2c(n1-c1ccc(Br)cc1Cl)C(c1ccc(Cl)cc1)N(c1cc(Cl)cn(-c3cc(=O)cOC4COCCO4)c3)c1C2,高毒,593.0783,84.56108,,
c1n[nH]nc1-c1cc2c([nH]1)C(c1cccc(Cl)c1F)N(c1cc(Cl)cn(C3CCOC3)c1=O)C2=NO,中毒,14.2480345,13.466203,0.269570809,4.460304388
c1n[nH]nc1-c1cc2c(n1-c1ccc(-c3ccnn7cc(-c6cnn(C5CC7)cc65)cc4)cc13)C(c1cccc(Cl)c1)N(c1ccc(F)c(F)c1)C3,高毒,593.0783,84.56108,,
c1n[nH]nc1-c1cn2c3ccc(-c4ccncc4Br)cc3nc(=O)c2c1,高毒,593.0783,84.56108,,
c1n[nH]nc1-c1cc2c(n1-c1ccc(Cl)cc1Cl)C(c1ccc(Cl)cc1)N(c1cc(Cl)cn(C3CC5(O)C(O)Br)c4c(=O)n(C5CC5)nc5c43)C(,高毒,593.0783,84.56108,,
c1n[nH]nc1-c1cnc2[nH]c(-c3cc(N4CCC3)ncn3)cc2c1=O,高毒,593.0783,84.56108,,
c1n[nH]nc1-c1csc(Nc2c3c(nc4ccccc24)Cc2cc(-c4ccco4)ncc2-3)c1,中毒,7.494668,20.596375,0.340421761,3.3569865
c1n[nH]nc1-c1nn(C2OC(CO)C(O)C2O)c2c(-c3ccsc3)coc12,中毒,46.74979,21.285828,0.400526809,4.493228216
c1n[nH]nc1-c1nc2c(c(-c3c(-c4cc(F)c(F)cc4F)nc2OC2(COC4)C(O)C2(F)F)CC(C(F)(F)F)C3)c1,高毒,593.0783,84.56108,,
c1n[nH]nc1-c1cc2c(c(-c3cc(-c4cnn(CC5(N6CCOCC6)C5)c4)c2)CN(C2CC(c4c(F)ccc(C#N)c4F)=NS3(=O)=O)CC3)nc,高毒,593.0783,84.56108,,
c1n[nH]nc1-c1c(C2(C(F)(F)F)CC2)nc2cnc(N3CC4C(C3)OCO4)cc2c1=O,高毒,593.0783,84.56108,,
c1n[nH]nc1-c1cc2c(n1-c1ccc(Cl)cc1F)C(c1ccc(Cl)cc1F)N(c1ccn(C4CCNC1=O)C3)c1cc4c(cc13)CCC2,高毒,593.0783,84.56108,,
c1n[nH]nc1-c1cnc2ccc(-n3cnc4ccc(-c5cc(C6(N)COC6)n(-c6cccc(F)c6)c6=O)cc5c4=O)cc3c21,高毒,593.0783,84.56108,,
c1n[nH]nc1-c1cc2c(c(-c3cn(C4(NCc5ccsc5)CC4)c2)C(O)CC2(CCOCC2)C(O)C(O)C3)c1,高毒,593.0783,84.56108,,
c1n[nH]nc1-c1cc2c(n1-c1ccc(Cl)cc1)C(c1ccc(Cl)cc1)N(c1cc(Cl)cn(C3CC(O)(CO)C3)c1=O)C2=O,中毒,14.882899,11.513729,0.235038859,3.958725058
c1n[nH]nc1-c1nc2c3c(oc2c1-c1cnn(C4CC(O)C(O)C4)c1)C(c1ccc(Cl)cc1)(c1ccc(C(F)(F)F)cc1)C(c1ccc(Cl)cc1)N,高毒,593.0783,84.56108,,
c1n[nH]nc1-c1cc2c(n1-c1ccccc1F)Cc1cc(C(F)(F)F)c(Oc4ccnc(-c5cnn(C6CCOCC6)c5)c4=O)cc12,高毒,593.0783,84.56108,,
c1n[nH]nc1-c1cc2c(n1)-c1c(nc(-c4cn(Cc5cc(F)cc(F)c5)c5ccccc45)c1COc1ccc(CN5CCC(O)CC5)cc1)CC3,高毒,593.0783,84.56108,,
c1n[nH]nc1-c1cc2c(n1-c1ccc(Cl)cc1F)C(c1ccc(Cl)cc1)N(c1cc(Cl)cn(C3CC(=O)N(C)C5)c3=O)C1=N2,高毒,593.0783,84.56108,,
c1n[nH]nc1-c1cc2c(n1-c1ccc(Cl)cc1)C(c1ccc(Cl)cc1)N(c1c#N)c1cc(C3=NCC(C4(O)C5CC5C5)CC4C3)c(F)c1C2c1cc,高毒,593.0783,84.56108,,
c1n[nH]nc1-c1nc2c(n1-c1ccc(Cl)cc1)C(c1ccc(Cl)cc1)N(c1cc(Cl)cn(2)C1)C3c1ccc(N2C3CC(Br)C(C3)C3)cc1F,高毒,593.0783,84.56108,,
c1n[nH]nc1-c1cc2c(c(-c3cn(-c4c1cccc(Cl)c4=O)c2=O)CSc2ccccc2-3)n1,高毒,593.0783,84.56108,,
c1n[nH]nc1-c1nc2c(n1-c1ccc(Cl)cc1F)C(c1ccc(Cl)cc1)N(c1cc,高毒,593.0783,84.56108,,
c1n[nH]nc1-c1cnc(Oc2ccc(N3CCC(N4CCCC4)CC3)c(O)c2)c1,高毒,593.0783,84.56108,,
c1n[nH]nc1-c1nc2c(c(-c3cccc(-c4ccoc4)c3)n1)C(Nc1ccccn1)C(c1ccc(Cl)cc1)N(c1cc(Cl)cn(C3CC(O)(CO)C3)c1=,高毒,593.0783,84.56108,,
c1n[nH]nc1-c1cc2c(n1-c1ccc(Cl)cc1F)C(c1ccc(Cl)cc1)N(c1cc(Cl)cn(C3CC(O)(CO)C3)c1=O)C2=O,中毒,12.488247,11.513729,0.22687237,4.043844886
c1n[nH]nc1-c1cc2cnc(NCc3ccc(F)c(F)c3Cl)nc2c(OCC2CO2)c1=O,高毒,593.0783,84.56108,,
c1n[nH]nc1-c1cc2c(n1-c1ccc(Cl)cc1F)C(c1ccc(Cl)cc1)N(c1cc(Cl)cn(C3CC(O)(C)C3)c1=O)C2=O,中毒,25.244574,11.513729,0.232737234,3.985635001
c1n[nH]nc1-c1cc2c(n1-c1ccc(F)cc1F)C(c1ccc(Cl)cc1)N(c1cc(Cl)cn(C3CC(O)(CO)C3)c1=O)C2=O,中毒,12.488247,11.513729,0.244621212,4.0385462
c1n[nH]nc1-c1cc2c(n1-c1ccc(Cl)cc1F)C(c1ccc(Cl)cc1)N(c1ccCl)C1=C(C3=C(O)CC(C(N)=O)(CC3)C%10)C(c4cccnc4)(,高毒,593.0783,84.56108,,
c1n[nH]nc1-c1cc2c(c(-c3cc(Cl)ccc3OC(F)F)c1)C(c1ccc(Cl)cc1)N(c1cc(Cl)cn(C3CC(O4)C(O)(CO)C4)c3=O)CC21,高毒,593.0783,84.56108,,
c1n[nH]nc1-c1cc2c(n1-c1cc(F)cc(F)c1)C(c1ccc(Cl)cc1)N(c1cc(Cl)cn(C3CC(O)(CO)C3)c1=O)C2=O,中毒,14.882899,11.513729,0.244621212,4.08930755
c1n[nH]nc1-c1cc2c(n1-c1ccc(Cl)cc1F)C(c1ccc(Cl)cc1)N(c1cc(Cl)n(C)n1)C1=O,高毒,593.0783,84.56108,,
c1n[nH]nc1-c1cc2c(-c3cnccc3F)c(F)cnc2c2cc(F)c(S(=O)(=O)Nc3nc4ccccc4s3)cc12,中毒,12.877878,10.689608,0.233707972,3.281834466
c1n[nH]nc1-c1nc2c(c(C3CCC3)c1=O)N(c1ccc(Cl)cc1)CC2c1ccncn1,高毒,593.0783,84.56108,,
c1n[nH]nc1-c1cc2c(n1-c1ccc(Cl)cc1F)C(c1ccc(Cl)cc1)N(c1cc(Cl)cn(C3CC(O)(CO)C3)c1=O)C2=O,中毒,12.488247,11.513729,0.22687237,4.043844886
c1n[nH]nc1-c1cc2c(n1-c1ccc(F)c(Cl)c1)C(c1ccc(Cl)cc1)N(c1cc(Cl)cn(C3CC(O)(CO)C3)c1=O)C2=O,中毒,14.882899,11.513729,0.22687237,4.04484226
c1n[nH]nc1-c1cc2c(nc1C32CCC(CC1)N(c1ccc(OC1CCOC1)nc1)CCC2)C1C=CC(C2)C1(C)C3,高毒,593.0783,84.56108,,
c1n[nH]nc1-c1cc2c(c(-c3cc4cnc(=O)n(C5CCCC5)c4c(=O)n3)C(c3ccc(Cl)c(Cl)c3)C3(CCN(C4CCOCC4)C4)=NC3=O)n1,高毒,593.0783,84.56108,,
c1n[nH]nc1-c1cc2[nH]c(=O)c3c(nc2c1)N(c1ccc(-c2nn[nH]n2)cn1)CC31CCOCC1,中毒,13.135251,88.038734,0.351537143,4.040947311
c1n[nH]nc1-c1cc2c(c(-c3cccc(Cl)c3)c1)C(c1ccc(Cl)cc1)N((c1cc(Cl)cn(C3CC(O)(CO)C3)c1=O)C3)c1cc(Cl)ccc12,高毒,593.0783,84.56108,,
c1n[nH]nc1-c1cc2c(n1-c1cc(Cl)cc(Cl)c1)C(c1ccc(Cl)cc1)N(c1ccOCl)C(c1ccc(Cl)cc1)C1(c3cc(Cl)cc(F)c3)C(=O)N1,高毒,593.0783,84.56108,,
c1n[nH]nc1-c1nc2c(c(-c3ccncc3)c1C1CCC3)C(c3ccc(Cl)cc3)N(c3ccc(Cl)c(C(F)(F)F)c3)C(=O)C12,高毒,593.0783,84.56108,,
c1n[nH]nc1-c1cc2c(n1-c1cc(Cl)ccc1F)C(c1ccc(Cl)cc1)N(I)cc1cOc(Cl)cc12,高毒,593.0783,84.56108,,
c1n[nH]nc1-c1cc2c(c(N3CC4COCC(C3)O4)n1)C(c1ccc(Cl)nc1)N(c1cc(Cl)cn(C3CC(O)(CO)C3)c1=O)C2=O,中毒,36.83937,13.503714,0.257495097,5.568132064
c1n[nH]nc1-c1nc2c(s1)C1(C1)c3ccc(Cl)cc3C(C2)N(Cc2cc3nc4c(Cl)cccc6nc4c31)C(c1ccc4c(c1)OCO4)C2c1ccc(OC,高毒,593.0783,84.56108,,
c1n[nH]nc1-c1cc2c3c(c(-c4ccoc4)c(F)c2cc1F)C(c1cccnc1)N(c1ccCl)C(=O)c2[nH]c(=O)n(c1=O)C3,高毒,593.0783,84.56108,,
c1n[nH]nc1-c1cc2c(c(-c3c(F)cccc3Cl)c1)C(c1ccc(Cl)cc1)N(c1cc(Cl)cn(C3CC(O)(CO)C3)c1=O)C2=O,中毒,6.3808517,8.960914,0.198124642,3.931028956
c1n[nH]nc1-c1cc2c(-c3ccnc(C4CC4)n3)nccc2cc1-c1cnn(C2CCN(Cc3ncco3)CC2)c1,中毒,2.798455,61.31499,0.293824755,3.470181862
c1n[nH]nc1-c1cc2n(c(=O)c1C1CC3CC31)CC(c1ccc(1)c(-c4ccncc4)cc1)(c1cc(F)ccc1F)C(c1ccc(Cl)cc1)C(c1ccc(,高毒,593.0783,84.56108,,
c1n[nH]nc1-c1csc(-c2n[nH]c3ccc4oc(-c5ccnnC5)cc4c23)n1,高毒,593.0783,84.56108,,
c1n[nH]nc1-c1cc2c(n1-c1ccc(Cl)cc1F)C(c1ccc4c(c1)OCO4)N(c1cc(Cl)cn(C3CC(O)(CO)C3)c1=O)C2,中毒,15.763229,13.466203,0.239676858,4.17308785
c1n[nH]nc1-c1cc2c(c(-c3coc(-c4ccc5cc(C(F)(F)F)cc([N+](=O)[O-])c56)n4)c3C(c3ccc(Cl)cc3)C3)nc(-c3ccc(,高毒,593.0783,84.56108,,
c1n[nH]nc1-c1noc(-c2cnn(-c3cccc(NS(=O)(=O)c4csc(N=Cc5ccc6ccccc6c7)c5)c34)CC2)c1=N,高毒,593.0783,84.56108,,
c1n[nH]nc1-c1csc(-c2oc3c(F)c(F)c(F)cc3n2)c1=O,高毒,593.0783,84.56108,,
c1n[nH]nc1-c1cn2nc(-c3ccoc3)cc2c1Oc1cc(-c2ccc3sc[nH]c-3c2)nc(N4CC(COCc3nc(C4CC4)no3)C4)cc12,高毒,593.0783,84.56108,,
c1n[nH]nc1-c1cc2c(cc1-c1ccncc1)Oc1cc(Cl)c(-c3ncoc3-c3ccc4c(c3)OCO4)cc12,中毒,8.483374,77.66154,0.253914333,3.209160938
c1n[nH]nc1-c1cc2c(n1-c1ccc(F)c(Cl)c1F)-c1cn(C3CC(O)C(O)C3O)c(=O)cnc13,高毒,593.0783,84.56108,,
c1n[nH]nc1-c1nc2c(c(-c3ccc(Cl)cc3)c1-c1ccc(OCc4ccsc4)c(OCC4CC4)c1)CCC3,高毒,593.0783,84.56108,,
c1n[nH]nc1-c1cc2c(n1-c1ccc(F)cc1)C(c1ccc(Cl)cc1)N(c1cc(Cl)cn(C3CC(O)(CO)C3)c1=O)C1=C2,高毒,593.0783,84.56108,,
c1n[nH]nc1-c1noc(-c2cc(C(F)(F)F)cc(C(F)(F)F)c2)c1-c1ccc(C2CN3C(=O)C4(C(=O)NS(=O)(=O)c5cccc(F)c5)C=,高毒,593.0783,84.56108,,
c1n[nH]nc1-c1cc2c(c(-c3c(Cl)cccc3Cl)c1)C(c1cccnc1)N(c1cc(Cl)cn(C3CC(O)(CO)C3)c1=O)C2=O,中毒,6.3808517,8.519041,0.222087234,3.984009039
c1n[nH]nc1-c1nn(C2CCc3ccc(-c4cn[nH]n4)cc3C24CCN2C(CO)CC2)c(-c2ccc(C(F)(F)F)c2)c1=CC(c1ccc(F)cc1F)c,高毒,593.0783,84.56108,,
c1n[nH]nc1-c1cnc(Oc2ccc3cc(OCc4ccc5cccnc5c4)ncc3c2)c1,高毒,593.0783,84.56108,,
c1n[nH]nc1-c1nc2c(c(-c3cn(-c4ccc(-n5cnc6c5-c6cc(Cl)c(Br)cc6C6=CC7CC(=O)N7CC8)c65)nc4COC54)nc31)C2,高毒,593.0783,84.56108,,
c1n[nH]nc1-c1cc2[nH]c(-c3ccc(OCN4CCOCC4)cc3)c(-c3ccnc4[nH]ccc34)c2c1,高毒,593.0783,84.56108,,
c1n[nH]nc1-c1cc2c(n1-c1ccc(Cl)cc1)C(c1ccc(Cl)cc1)N(c1cc(Cl)cn(C3CC(O)(CO)C3)c1=O)C2=O,中毒,14.882899,11.513729,0.235038859,3.958725058
c1n[nH]nc1-c1cc2c(c(-c3c(Cl)cccc3Cl)c1)C(c1ccc(Cl)cc1)N(c1cc(Cl)c[nH]c1=O)C3=O,高毒,593.0783,84.56108,,
c1n[nH]nc1-c1cc2c(c(-c3ccc(Cl)cc3)c1)C1(c3ccOcc3)SC(=N)N(c3ccc(F)cc3F)C1C(c1ccc(F)cc1F)N(c1cc(Cl)cn(,高毒,593.0783,84.56108,,
c1n[nH]nc1-c1cc2c(n1-c1ccc(Br)cc1F)C(c1ccc(Cl)cc1)N(c1ccc(Cl)cc1)C3c1ccc(Cl)cc3CCN12,中毒,17.475342,19.648664,0.201072975,5.575337476
c1n[nH]nc1-c1cc2c(c(-c3c(F)cccc3F)c1)C(c1ccc(Cl)c(Cl)c1)N(c1cc(Cl)cn(C3CC(O)(CO)C3)=O)c1=O,高毒,593.0783,84.56108,,
c1n[nH]nc1-c1cc2c(n1-c1ccc(OCC4CC3)cc1)C(c1ccc(Cl)cc1)N(c1cc(Cl)cn(C4CC(O)(CO)C4)c1=O)C3=O,高毒,593.0783,84.56108,,
c1n[nH]nc1-c1cc2c(c(-c3c(Cl)cccc3Cl)c1)C(c1ccc(Cl)cc1)N(c1cc(Cl)cn(C3CC(O)(CO)C3)c1=O)C2=O,中毒,6.3808517,8.960914,0.182666877,3.916990494
c1n[nH]nc1-c1cc2c(c(-c3cnn4ncnc(Sc5cc(Cl)c(Cl)c(Cl)c5F)c34)c12)CC(C(F)(F)F)OC3,高毒,593.0783,84.56108,,
c1n[nH]nc1-c1cnc2c1c(-c1ccc(OCC4CC34C3CCN(Cc3ccccc3-c3nn(CCO)cc3C(N)=O)CC5)cn4(C3CCCCC3)c1=O)C2,高毒,593.0783,84.56108,,
c1n[nH]nc1-c1csc(-c2cc3nc(-c4cc[nH]n4)nc(F)c3c2-c2cnc(Nc3nccc(O)n3)nc2)c11,高毒,593.0783,84.56108,,
c1n[nH]nc1-c1cc2c(n1-c1ccc(F)cc1F)C(c1ccc(Cl)cc1)N(c1cS(=O)(=O)c4ccsc4c1)C(c1ccc(Cl)cc1)(c1ccc(Cl)c(),高毒,593.0783,84.56108,,
c1n[nH]nc1-c1cc2c(n1-c1cc(Cl)cc(Cl)c1)C(c1ccc(Cl)cc1)C(c1ccc(Cl)cc1)N(c2ccCl)C3,高毒,593.0783,84.56108,,
c1n[nH]nc1-c1cc2c(n1-c1ccc(Cl)cc1Cl)C(c1ccc(Cl)cc1)N(c2cc(Cl)cn(C3CC(O)(CO)C3)c1=O)C2=O,高毒,593.0783,84.56108,,
c1n[nH]nc1-c1cc2c([nH]c3ccccc32)c(-c2ccnc(Nc3cc(C4CC4)[nH]n4)n3)c12,高毒,593.0783,84.56108,,
c1n[nH]nc1-c1cnc(-c2[nH]c3cc(C(F)(F)F)ccc3c2-c2ccnc(Oc3ccc(F)c(N)c3)c2)c1Sc1ccccc1,高毒,593.0783,84.56108,,
c1n[nH]nc1-c1cc2c(c(-c3c(F)cccc3F)c1)C(c1ccc(Cl)cc1)N(c1cc(Cl)cn(C3CC(O)(CO)C3)c1=O)c1=O,高毒,593.0783,84.56108,,
c1n[nH]nc1-c1cc2c(n1-c1ccc(Cl)cc1F)C(c1ccc(Cl)cc1)N(c1cc(Cl)cn(C3CC(O)(CO)C3)c1=O)C2=O,中毒,12.488247,11.513729,0.22687237,4.043844886
c1n[nH]nc1-c1cc2c(n(-c3cc(Cl)cc(Cl)c3)c1=O)C(c1ccc(Cl)cc1)N(c1cc(Cl)cn(C3CC(O)(CO)C3)c1=O)C2=NCc1ccc(O,高毒,593.0783,84.56108,,
c1n[nH]nc1-c1cc2c(cc1-c1nc(-c3cccnc3F)no1)CN(c1cc(Cl)cn(C3CC(O)(CO)C3)c1=O)C2,中毒,19.09902,28.5412,0.256284075,3.654150152
c1n[nH]nc1-c1cc2c(n1-c1ccc(Cl)cc1Cl)C(c1ccc(Cl)cc1)N(c1cc(Cl)cn(C3CC(O)(CO)C3)c1=O)C2=O,中毒,18.205946,11.513729,0.207895129,4.033490665
c1n[nH]nc1-c1cc2c(c(-c3c(Cl)nc4sc(N5CCN(c6ccccn6)CC5)nc43)CN1)COC2,高毒,593.0783,84.56108,,
c1n[nH]nc1-c1cc2c(c(-c3cccc(OC4CC5CCC(C4)N5)c3)c1)C(N1CCOCC1)C(c1cccc(Cl)c1)N(c1cc(Cl)cn(C3CC4(O)C(O,高毒,593.0783,84.56108,,
c1n[nH]nc1-c1cc2c(n1-c1ccc(Cl)cc1Cl)C(c1ccc(Cl)cc1)N(c1cc(Cl)cn(C3CC(O)(CO)C5)c1=O)C2=O,高毒,593.0783,84.56108,,
c1n[nH]nc1-c1cc2c(n1-c1cc(Cl)c(Cl)cc18F)C(c1ccc(Cl)cc1)N(c1cc(Cl)cn(C3CCS(=O)(=O)C3)c1=O)C2=O,高毒,593.0783,84.56108,,
c1n[nH]nc1-c1cc2c(n1-c1ccc(Cl)cc1)C(c1ccc(Cl)cc1)N(c1cc(Cl)cn(C33CC(O)(CO)C3)c1=O)C2,高毒,593.0783,84.56108,,
c1n[nH]nc1-c1cc2c(n1-c1ccc(Cl)cc1)C(c1ccc(Cl)cc1)N(c1cc(Cl)cn(C3CC(O)(CO)C3)c1=O)C2=O,中毒,14.882899,11.513729,0.235038859,3.958725058
c1n[nH]nc1-c1cc2c(n1-c1ccc(Cl)cc1F)C(c1ccc(Cl)cc1O)N(c1cc(Cl)cn(C3CC(O)(CO)C3)c1=O)C2=O,中毒,12.488247,13.503714,0.197719112,4.178118556
c1n[nH]nc1-c1ccc(-c2c3c(c(-c4cc5c(c(I)c4c4=O)C(O)(C(C4)O)CC5)CCC5)c(O)c2C(N)=O)C(c2ccccc2F)C31,高毒,593.0783,84.56108,,
c1n[nH]nc1-c1cn(Cc2ccc(Cc3nc(F)sc3-c3cc4cc(Cl)ccc4[nH]3)cc2)nc1=O,高毒,593.0783,84.56108,,
c1n[nH]nc1-c1cc2c(c(-c3nc4cnc(Nc5ccc6[nH]cc(OC7CCN(C6)C7)c6)c4c3)nc2s1)CN(C1CCOCC1)C-3,高毒,593.0783,84.56108,,
c1n[nH]nc1-c1cc2c(n1-c1cc(F)cc(Cl)c1)C(c1ccc(Cl)cc1)N(c1cc(Cl)cn(C3CC(O)(CO)C3)c1=O)C2=O,中毒,14.882899,11.513729,0.22687237,4.096633629
c1n[nH]nc1-n1nc(-c2ccco2)c(-c2cc3cccc(Cl)c3s2)c1=P1(c2ccccc2)CC(c2ccccn2)N(c2ccccc2=O)C1C1CC1,高毒,593.0783,84.56108,,
c1n[nH]nc1-c1nc2c(s1)CN(C1CCN(C(=O)C34CS(=O)(=O)C(C5)C3)CC2)CC1c1c(F)ccc(F)c1F,高毒,593.0783,84.56108,,
c1n[nH]nc1-c1cc2c(n1-c1cc3c(cc1F)c(=O)c(C(=O)O)cn3-c1ccc(C4CC4)nc1Oc1cc(Cl)cc(Cl)c1)C2,中毒,36.83937,17.278225,0.201402352,3.606390449
c1n[nH]nc1-c1cc2c(n1-c1ccc(F)cc1F)C(c1ccc(Cl)cc1)N(c1cc(Cl)cn(C35CC(O)(CO)C5C4)c1=O)N(c1cc(Cl)cn(C4CC,高毒,593.0783,84.56108,,
c1n[nH]nc1-c1cc2c(n1-c1ccc(F)cc1)C(c1ccc(Cl)cc1)N(c2cc(Cl)cn(C3CC(O)(CO)C3)c1=O)C2=O,高毒,593.0783,84.56108,,
c1n[nH]nc1-c1cc2c(n1-c1ccc3c(c1)OCO3)C(c1ccc(Cl)cc1)N(c1cc(Cl)cn(C3CC(O)(CO)C3)c1=O)C2=O,中毒,38.99518,11.513729,0.247773853,4.078280638
c1n[nH]nc1-c1cc2c(c(-c3c(Cl)cccc3Cl)c1)C(c1ccc(Cl)cc1)N(c1cc(Cl)cnc1)C3=O,高毒,593.0783,84.56108,,
c1n[nH]nc1-c1csc(-c2c[nH]nc2-c2ccnc(N3CC4CCNCC4C3)c2)c1=O,高毒,593.0783,84.56108,,
c1n[nH]nc1-c1cc2c(n1-c1ccc(F)cc1)C(c1ccc(Cl)cc1)N(c1cc(Cl)cn(C3CC(O)(CO)C3)c1=O)C2=O,中毒,14.882899,11.513729,0.252765996,3.961679667
c1n[nH]nc1-c1cc2c(n1-c1cc(Cl)c(Cl)c(Cl)c1)C(c1ccc(Cl)cc1)C(c1ccc(Cl)c(Cl)c1)N(c1c(Cl)cC(=O)C(C)(C)C3)C(=O,高毒,593.0783,84.56108,,
c1n[nH]nc1-c1cc2c(n1-c1c(F)cccc1Cl)C(c1ccc(C#N)c3c1C(c1c[nH]c4ccc(Cl)cc4c4sc(=O)[nH]c4c3)=NN1C)C(=O),高毒,593.0783,84.56108,,
c1n[nH]nc1-c1cc2c(c(-c3cc(Cl)cc(Cl)c3)c1)C(c1ccc(Cl)cc1)N(c1cc(Cl)cn(C3CC(O)(CO)C3)c1=O)C2=O,中毒,6.3808517,8.960914,0.182666877,3.934706978
c1n[nH]nc1-c1cc2c(n1-c1ccc(Cl)cc1)C(c1ccc(Cl)cc1)N(c1cc(Cl)cn(C3CC(,高毒,593.0783,84.56108,,
c1n[nH]nc1-c1cc2c(c(-c3c(Cl)cccc3Cl)c1)C(c1ccc(Cl)cc1)N(c1cc(Cl)cn(C3CC(O)C(O)C3)c1=O)C2=O,中毒,6.3808517,8.960914,0.189108586,4.301943535
c1n[nH]nc1-c1cc2c(c(-c3ncn[nH]3)c1)C(c1ccc(Cl)cc1)N(c1cc(Cl)cn(C3CC(O)(CO)C3)c1=O)C2=O,中毒,15.809174,33.968105,0.228243445,4.054243104
c1n[nH]nc1-c1cc2c(n1-c1ccc(Cl)cc1)C(c1ccc(Cl)cc1)N(c1cc(Cl)cn(C3CC(O)(CO)C3)c1=O)C2=O,中毒,14.882899,11.513729,0.235038859,3.958725058
c1n[nH]nc1-c1nc2c(c(N3CCc4nc(N5CCOCC5)nc4NC4CCCC4)ncnc31)C1CC12,高毒,593.0783,84.56108,,
c1n[nH]nc1-c1cc2c(c(-c3c3c(n1)nn4C2CCC4)C1c1ccc(-c4cn[nH]c4)c(F)c1)C(c1ccc(Cl)cc1)N(c2ccCl)N(c2csnc2,高毒,593.0783,84.56108,,
c1n[nH]nc1-c1cc2c(n1-c1ccc(F)cc1)C(c1ccc(Cl)cc1)N(c1cc(Cl)n(C3CCN(C4CC(O)(CO)CC4)CC3)c1=O)C(=O)C2,高毒,593.0783,84.56108,,
c1n[nH]nc1-c1noc(C2C(Cc3ncc[nH]3)=NN2c2ccc(F)cc2F)c1=O,高毒,593.0783,84.56108,,
c1n[nH]nc1-c1cc2c(c(-c3cc(Cl)cc(Cl)c3)c1)CN(c1cc(Cl)c5ncsc3c1)C2,高毒,593.0783,84.56108,,
c1n[nH]nc1-c1cc2c(n1-c1ccc(F)cc1)C(c1ccc(Cl)cc1)N(c1cc(Cl)cn(C3CC(O)(CO)C3)c1=O)C2=O,中毒,14.882899,11.513729,0.252765996,3.961679667
c1n[nH]nc1C1C=Cc2cc(-c3ccnn3-c3nccs3)ccc2N1Cc1c[nH]c2cccc(F)c12,中毒,28.755785,15.66633,0.329839654,3.935190446
c1n[nH]nc1-c1cc2c(n1-c1cc(Br)c(OCC(O)CN3CCC(F)(F)C3)cc1)C(c1ccc(Cl)cc1)N(c1cc(Cl)cn(C3CC(O)(CO)C3)c1=,高毒,593.0783,84.56108,,
c1n[nH]nc1-c1cc2c3c(c1)-oc1cccc(c1=O)c1cc-3nc1C3(O)C(F)(F)CCNCC3,高毒,593.0783,84.56108,,
c1n[nH]nc1-c1cc2c(c(-c3c(Cl)cccc3Cl)c1)C(c1ccc(Cl)cc1)N(c1ccCl)C(c1csc3ccccc13)C2,高毒,593.0783,84.56108,,
c1n[nH]nc1-c1cc2c(n3nc4c(c12)-c1c(Cl)cccc1Cl)C(c1cccnc1)C(c1csc(COc4ccc6c(c4)OCO5)c1C2)O3,高毒,593.0783,84.56108,,
c1n[nH]nc1-c1cc2n(C1CCCC(O)C1)C(c1ccc(Cl)cc1)N(c1cc(Cl)cn(C3CC(O)(CO)C3)c1=O)C2=O,高毒,593.0783,84.56108,,
c1n[nH]nc1-c1cc2c(n1-c1cc(Cl)ccc1Cl)CN(c1cc(Cl)cc(Cl)c1)C2,低毒,7.6215186,16.931145,0.381390237,3.015633411
c1n[nH]nc1-c1cc2c(n1-c1ccc(Cl)cc1F)c1nc(Nc3cn[nH]c3=O)c(-c3cc(Cl)cc(Cl)c3)c3c1C(c1ccc(Cl)cc3)N(c3ccc(Cl,高毒,593.0783,84.56108,,
c1n[nH]nc1-c1cc2c(n1-c1ccc(Cl)cc1Cl)C(c1ccc(Cl)cc1)N(c1cc%12Cl)C(=O)C3(C(=O)N(c4ccc(Cl)cc4)C(c4ccc(Cl)cc4),高毒,593.0783,84.56108,,
c1n[nH]nc1-c1nc2c(n1-c1ccc(Cl)cc1)C(c1ccc(Cl)cc1)N(c1cc(Cl)cn(C3CC(O)(CO)C3)c1=O)C2=O,中毒,23.043425,34.717995,0.247048027,3.985087677
c1n[nH]nc1-c1cc2nc(-c3ncn4cc(C5CC5)c(-c5cc(Cl)cnc5F)cc4c3=O)cc2s1,高毒,593.0783,84.56108,,
c1n[nH]nc1-c1cc2c(n1-c1ccc(Cl)cc1)C(c1ccc(Cl)cc1)N(c1cc(Cl)cn(C3CC(O)(CO)C3)c1=O)C2=O,中毒,14.882899,11.513729,0.235038859,3.958725058
c1n[nH]nc1-c1cc(Nc2cc(C3CC3)[nH]n2)nc(-c2ccc(N3CCOC3)nc2)c1=O,高毒,593.0783,84.56108,,
c1n[nH]nc1-c1nc2c(n1-c1ccc(Cl)cc1F)C(c1ccc(Cl)cc1)N(c1cc(Cl)c(=O)n(C4CC4)c1=O)C3c1ccc(Oc3ccc(F)cc3Cl)c,高毒,593.0783,84.56108,,
c1n[nH]nc1-c1cc2n(c1=S)Cc1c(-c4ccc(-c5ccsc5)cc4F)cccc3cc1-2,高毒,593.0783,84.56108,,
c1n[nH]nc1-n1nc2c(c1-c1c(Cl)ccc(OC3CC(O)C(O)C3Cl)c1CN1CCOCC1)COC1C2,高毒,593.0783,84.56108,,
c1n[nH]nc1-c1cc2c(c(-c3ccc4ccccc4c3)c1)-c1cc(OCC1COC(CO)C(O)C(O)C3)ccc1-2,高毒,593.0783,84.56108,,
c1n[nH]nc1-c1cc2c(n1-c1ccc(Cl)cc1F)C(c1c[nH]c3ccccc13)N(c1cc(Cl)cn(C3CC(O)(CO)C3)c1=O)C2=O,中毒,12.488247,13.466203,0.194389134,4.149302516
c1n[nH]nc1-c1cc2c(n1-c1ccc(F)c(Cl)c1)C(c1ccc(Cl)cc1)N(c1ccc(Cl)cc1)C3c1cc(Cl)ccc3OC1(O)C2,中毒,47.705437,13.503714,0.197416299,5.700041876
c1n[nH]nc1-c1cc2c(c(-c3cc(Cl)cc(Cl)c3)n1)C(c1ccc(F)cc1)N(c1cc(Cl)cn(C3CC(O)(CO)C3)c1=O)C2=O,低毒,19.24008,12.110745,0.21437153,3.985467417
c1n[nH]nc1-c1cc2c(c(-c3c(Cl)cccc3Cl)c1)C(c1ccc(Cl)cc1)N(c1cc(Cl)cn(C3CC(O)C(O)C3)c1=O)C2=O,中毒,6.3808517,8.960914,0.189108586,4.301943535
c1n[nH]nc1-c1cc2c(-c3c[nH]c4ncc(F)cc34)c(-c3cc(Cl)cc(O)c3)nc(N3CCN(C4COC4)CC3)c2c1,高毒,593.0783,84.56108,,
c1n[nH]nc1-c1cc2c(n1-c1ccc(F)cc1F)C(c1ccc(Cl)cc1)N(c1cc(Cl)cn(C3CC(O)(CO)C3)c1=O)C2,中毒,15.763229,11.513729,0.240067904,4.063144511
c1n[nH]nc1-c1nc2c(c(-c3c(F)cccc3F)c1F)C(c1cccc(Cl)c1)N(c1cc(Cl)cn(C3CC(O)(CO)C3)c1=O)C2=O,中毒,39.425797,12.110745,0.22541012,4.159884523
c1n[nH]nc1-c1cc2c(c(-c3coc(+)c3=O)c1)CN(c1ncc(F)c(OC(C4(F)F)C4)c1)C(c1ccc(Cl)cc1F)C(c1ccc(Cl)cc1)N(c,高毒,593.0783,84.56108,,
c1n[nH]nc1-c1cc2c(c(-c3nc(-c4cnn(C5CC5)c4)c2)C(c2ccc(Cl)cc2)N(c2cc(Cl)cn(C4CC1)c4=O)C3=O)C(c1cccc2c1,高毒,593.0783,84.56108,,
c1n[nH]nc1-c1cc2c((-c3ccc4c(n3)-c3cccnc3)C(OCC3CC3)C2)c(C2CC2)c1,高毒,593.0783,84.56108,,
c1n[nH]nc1-c1cc2c3c(sc2c1-c1ccnc2cc(Cl)c(C(F)(F)F)c12)C(c1cccc(Cl)c1)N(c1cc(Cl)cn(C4CCC(O)CC4)c1=O)C3,高毒,593.0783,84.56108,,
c1n[nH]nc1-c1cc2c(n1-c1cc(Cl)cc(Cl)c1)C(c1cNc2c(Cl)cc(Cl)cc1Cl)OC2c1ccc(Cl)cc1,高毒,593.0783,84.56108,,
c1n[nH]nc1-c1cc2c(c(-c3c(Cl)cccc3Cl)c1)C(c1ccc(Cl)cc1)N(c1cc(Cl)cn(C3CC(O)(CO)C3)c1=O)C2=O,中毒,6.3808517,8.960914,0.182666877,3.916990494
c1n[nH]nc1-c1cc2c(n1-c1ccc(Cl)c3c1C2(F)C(F)(F)F)C(c2cc2cc(Cl)c(Cl)cc2c2Cl)N(I)CC(C2=NCCO2)=C(c2[nH]c4,高毒,593.0783,84.56108,,
c1n[nH]nc1-c1cc2c(n1-c1cc(Cl)ccc1Cl)C(c1ccc(Cl)cc1)N(c1cc(Cl)cn(C3CC(O)(CO)C3)c1=O)C2=O,中毒,18.205946,11.513729,0.207895129,4.044037381
c1n[nH]nc1-c1cc2c(n1-c1ccc(Cl)cc1F)C(c1ccc(Cl)cc1)N(c1cc(Cl)cn(C3CC(O)(CO)C3)c1=O)C2=O,中毒,12.488247,11.513729,0.22687237,4.043844886
c1n[nH]nc1-c1cc2c((C3CN4C(=O)OC5(CCCC5)C4)nnc4cccc34)cc(-c3cncc(-c4cnc5cn[nH]c5c5)c3c2)c1,高毒,593.0783,84.56108,,
c1n[nH]nc1-c1cc2c(n1-c1ccc(Cl)c(Cl)c1)C(c1ccc(Cl)cc1)N(c1cc(Cl)cn(C3CCC(O)(CO)C3)c1=O)C2=O,中毒,14.882899,11.513729,0.194255189,4.497801197
c1n[nH]nc1-c1cc2c(c(-c3cc4c([nH]3)C(NCc3ccc(Cl)c(F)c3)CN(c3cc(Cl)ccc3F)C2=O)C5)c1,高毒,593.0783,84.56108,,
c1n[nH]nc1-c1cc2c(c(-c3cc(C(F)(F)F)ncn3)c1)C(c1ccc(Cl)cc1)N(c1cc(Cl)cn(C3CC(O)C(O)C3)c1=O)C2=O,中毒,15.809174,12.110745,0.228197247,4.519507862
c1n[nH]nc1-c1cc2c(n1-c1ccc(Cl)cc1F)C(c1ccc(Cl)cc1)N(c1cc(Cl)cn(C3CC(O)(CO)C3)c1=O)C2=O,中毒,12.488247,11.513729,0.22687237,4.043844886
c1n[nH]nc1-c1cc2c(n1-c1ccc(Cl)cc1)C(c1ccc(Cl)cc1)N(c1cc(Cl)cn(C3CC(O)(CO)C3)c1=O)C2=O,中毒,14.882899,11.513729,0.235038859,3.958725058
c1n[nH]nc1-c1cc2c(c(-c3c(F)cccc3Cl)c1)C(c1ccc(Cl)cc1)N(c1cc(Cl)cn(C3CC(O)(CO)C3)c1=O)C2=O,中毒,6.3808517,8.960914,0.198124642,3.931028956
c1n[nH]nc1-c1cc2c(c(-c3ccnc(-c4ccc5c(n4)c(C(F)(F)F)c3)C(=O)N(c3cc(NC5C5COC7)oc5C4)s3)C#CC5)c2c1,高毒,593.0783,84.56108,,
c1n[nH]nc1-c1nc2c(c(-c3cnc(H]c3)c2C2CCCC2)c1OCC(O)C1OC1c1ccc(Cl)cc1F)C(c1ccc(Cl)cc1)N(c1cc(Cl)cn(C4CC,高毒,593.0783,84.56108,,
c1n[nH]nc1-c1cc2c(n1-c1ccc(Cl)cc1F)(c1cc(Br)c(OCc4cn(O)cn4)c(Cl)c3)C(c3cccn3c1)C(c1ccc(Cl)cc1)N(c1cc[n,高毒,593.0783,84.56108,,
c1n[nH]nc1-c1nc2c(c(-c3c(Cl)ccc(F)c3Cl)c1)C(c1ccc(Cl)c(Cl)c1)N(c1cc(Cl)cn(C3CC(O)(COC5CC5)C4)c3=O)C(=O),高毒,593.0783,84.56108,,
c1n[nH]nc1-c1cc2c(n1-c1ccc(F)cc1)C(c1ccc(Br)cc1F)N(c1cc(Cl)cn(C3CC(O)(CO)C3)c1=O)C2=O,中毒,14.882899,11.513729,0.23306792,4.075433254
c1n[nH]nc1-c1cc2c(n1-c1ccc(Cl)cc1F)C(c1ccc(Cl)cc1)N(c1cc(Cl)cn(C3CC(O)(CO)C3)c1=O)C2=O,中毒,12.488247,11.513729,0.22687237,4.043844886
c1n[nH]nc1-c1cc2c(c(-c3c(Cl)cccc3Cl)c1)-c1cc(Oc4cccc(Cl)c4)ncc3c(F)c12,高毒,593.0783,84.56108,,
c1n[nH]nc1-c1cc2c(c(-c3ccc(Cl)cc3)c1)C(c1ccc(Cl)cc1)N(c1cc(Cl)n(C3CC(O)(CO)C3)c1=O)C2,高毒,593.0783,84.56108,,
c1n[nH]nc1-c1cc2c(c(-c3c(Cl)cncc3Cl)c1)C(c1ccc(Cl)cc1)N(c1cc(Cl)cn(C3CC(O)(CO)C3)c1=O)C2=O,中毒,6.3808517,8.960914,0.1962146,4.042055329
c1n[nH]nc1-c1cc2c(c(C3=CC4CC(O)C(N5CCC(O)CC5)CC4)c2c1)CN()C(CO)C3,高毒,593.0783,84.56108,,
c1n[nH]nc1-c1cn2c3c(c4nc(S(=O)(=O)c5cccc(C(F)(F)F)c5N)c(Cl)c2c1F)CCC4,高毒,593.0783,84.56108,,
c1n[nH]nc1-c1cc2c3c(c1)c(Nc1cnc(Cl)nc1)n(C1CCOCC3)c1cC3(CO2)C#Cc1ccccc1,高毒,593.0783,84.56108,,
c1n[nH]nc1-c1cc2oc(-c3ccc4cc(F)ccc4c3)cc2c1-c1cc[nH]n1,高毒,593.0783,84.56108,,
c1n[nH]nc1-c1cc2c(n1-c1ccc(Cl)cc1F)c1cc(-c3cnn(C3CC(O)(CO)C3)c3)c3c(c1=O)CN(C1CCOCC1)C3,高毒,593.0783,84.56108,,
c1n[nH]nc1-c1cc2c(n1-c1ccc(F)cc1F)C(c1ccc(Cl)cc1)N(c1cc(Cl)cn(C3CC(O)(CO)C3)c1=O)C2=O,中毒,12.488247,11.513729,0.244621212,4.0385462
c1n[nH]nc1-c1cc2c3nc(NC4CCN(C5C6CC7CC(C5)CC4C7)C5)nc(C4CC4)c3c(F)c2c1,高毒,593.0783,84.56108,,
c1n[nH]nc1-c1c(-c2ccc(F)c(F)c2)oc2cc(-c3noc(=O)[nH]3)c(-c3cc4c(cc3F)c(=O)c(C(=O)O)cc6F)c3cc12,高毒,593.0783,84.56108,,
c1n[nH]nc1-c1cc2c(n1-c1ccc(Cl)cc1F)C(c1ccc(Cl)cc1)N(c2ccCl)C(c1ccc(Cl)cc1)C1(c2ccc(Cl)cc2)CC1c1ccc(Cl)cc,高毒,593.0783,84.56108,,
c1n[nH]nc1-c1cc2c(n1-c1cc(C(F)(F)F)cc(C(F)(F)F)c1)C(c1ccc(Cl)cc1)N(c1cc(Cl)cn(C3CC(O)(CO)C3)c1=O)C2=,高毒,593.0783,84.56108,,
c1n[nH]nc1-c1cc2c(n1-c1ccc(Cl)cc1)C(c1ccc(Cl)cc1)N(c1cc(Cl)cn(C3CC(O)C(O)C3)c1=O)C2=O,中毒,14.882899,11.513729,0.243329336,4.341481149
c1n[nH]nc1-c1cc2c(c(-c3c(Cl)cc(Cl)cc3Cl)c1)CC(c1ccc(Cl)cc1)N(c1cc(Cl)cn(C3CC(O)(CO)C3)c1=O)C2=O,中毒,22.081963,19.79431,0.165628446,4.027636516
c1n[nH]nc1-c1cc2c(cc1-c1ccc(Cl)cc1)C(c1ccc(Cl)cc1)N(c1cc(Cl)cn(C3CC(O)(CO)C3)c1=O)C2=O,低毒,6.3808517,8.960914,0.205435647,3.810999114
c1n[nH]nc1-c1cc2c(nc1-c1ccc(C(F)(F)F)cn1)C(c1ccc(Cl)cc1)N(Cc1cnn(-c3ccc(F)cc3)c1)C2,中毒,16.58055,25.67582,0.202202213,3.681664062
c1n[nH]nc1-c1n[nH]c2c(F)c(Cl)c(-c3c(-c4nccn4-c4ncn(C5CN(C6OC(CO)C(O)C6O)=CC566)c5ncnc(N6CC7CC6)c5c4,高毒,593.0783,84.56108,,
c1n[nH]nc1-c1cc2c(c(C(O)c3ccc(Cl)cc3)c1)C(c1ccc(F)c(F)c1)N(c1cc(Cl)cn(C3CC(O)(CO)C3)c1=O)C2=O,中毒,11.341063,13.42202,0.187164625,4.281124237
c1n[nH]nc1-c1cc2c(n1-c1cccc(Br)c1)C(c1ccc(Cl)cc1)N(c1cc(Cl)cn(C3CC(O)(CO)C3)c1=O)C2=O,中毒,14.882899,11.513729,0.223138044,4.021404651
c1n[nH]nc1-c1cnc2c(-c3ccc4cc[nH]c4c3)n[nH]c2c1,中毒,4.862613,63.547443,0.466583175,2.988031412
c1n[nH]nc1-c1cc2c([nH]c3ccccc32)c1-c1csc2cc(N3CCOCC3)nc12,高毒,593.0783,84.56108,,
c1n[nH]nc1-c1cc2c(c(-c3c(Cl)cccc3Cl)c1)C(c1ccc(Cl)cc1)N(c1cc(Cl)cn(C3CC(O)(CO)C3)c1=O)C2=O,中毒,6.3808517,8.960914,0.182666877,3.916990494
c1n[nH]nc1-c1cc2c(c(-c3ccncc3)c1)C(c1ccc(Cl)cc1)N(c1cc3ccc(Cl)cc3n3c(=O)c(C(=O)O)c(OC4CC4)c(5)c13)C2,高毒,593.0783,84.56108,,
c1n[nH]nc1-c1cn(-c2cnn(C3CCS3(=O)=O)c2)c(=O)c1,高毒,593.0783,84.56108,,
c1n[nH]nc1-c1cc2c(n1-c1cc(F)c(Cl)cc1F)C(c1ccc(Cl)cc1)N(c1cc(Cl)cn(C3CC(O)(CO)C3)c1=O)C2=O,中毒,12.488247,11.513729,0.205213556,4.137464033
c1n[nH]nc1-c1cc2c(n1-c1ccc(F)cc1F)C(c1ccc(Cl)cc1)N(c1cc(Cl)cn(C3CC(O)(CO)C3)c1=O)C2,中毒,15.763229,11.513729,0.240067904,4.063144511
c1n[nH]nc1-c1cc2c(c(-c3cc(N4CCc5c(sc6c5CCC5)C6)nc3-c3ccccn3)C(N)C2)n1,高毒,593.0783,84.56108,,
c1n[nH]nc1-c1cc2c(n1-c1ccc(F)cc1)C(c1ccc(Cl)cc1)N(c1cc(Cl)cn(C3CC(O)(CO)C3)c1=O)C2=O,中毒,14.882899,11.513729,0.252765996,3.961679667
c1n[nH]nc1-c1ccc2c([N+](=O)[O-])cc(C3=NCCN3)cc2c1,低毒,8.23268,90.800285,0.566919728,2.956154469
c1n[nH]nc1-c1cc2c(n1-c1ccc(Br)cc1F)C(c1ccc(Cl)cc1)N(c1cc(Cl)cn(C3CC(O)(CO)C3)c1=O)C2=O,中毒,15.540574,11.513729,0.216603914,4.066847513
c1n[nH]nc1-c1csc(-c2ccsc2-c2ccn[nH]2)c1-c1cn(-c2ccccc2)nc1-c1ccc(Br)cc1,低毒,12.3598,23.313276,0.204119209,3.289209622
c1n[nH]nc1-c1cc2c(-c3ccc(Cl)cc3)nc(F)c(Nc3ccc(F)cc3F)c2c1,高毒,593.0783,84.56108,,
c1n[nH]nc1-c1sc2sccc2c1-c1ccn(C2CC(O)C(COP(=O)(O)O)O2)c(=O)n1,低毒,28.849812,53.6838,0.287385775,4.501807107
c1n[nH]nc1-c1cc2c(n3ncc2Oc2ccccc2)C(c2cccnc2)N(c2cc(Cl)cn(C3CC(O)(CO)C3)c2=O)c1=O,高毒,593.0783,84.56108,,
c1n[nH]nc1-c1c(-c2ccc(F)cc2OC2CN(c3ncc4cc(-c5ncn[nH]5)ccc4c(=O)n3=O)C2)no1,高毒,593.0783,84.56108,,
c1n[nH]nc1-c1cc2c(c(-c3c2CN(C(COc4ccc(Cl)cc4)c4cncnc4)C2)CCCN(C2)C3)c1,中毒,16.548304,21.11122,0.510103518,5.056835398
c1n[nH]nc1-c1cnc2[nH]c3c(c2c1)CN(Cc1cccc(F)c1)C(c1ccc2c(c1)OCCO2)N3,中毒,24.754082,43.00273,0.348429797,3.718226392
c1n[nH]nc1-c1cnc2c(n1)-c1cc(-c4cnccc4-c4cc(Cl)ccs4)cc1CC31CCC(O)CC1,高毒,593.0783,84.56108,,
c1n[nH]nc1-c1cc2c(n1-c1ccc(Cl)cc1F)C(c1ccc(Cl)cc1)N(c1cc(Cl)cn(C3CC(O)(CO)C3)c1=O)C2=O,中毒,12.488247,11.513729,0.22687237,4.043844886
c1n[nH]nc1-c1cc2[nH]c(-c3cnn(-c4ccnc(CO)c4)c3)c(=O)c2cc1Br,高毒,593.0783,84.56108,,
c1n[nH]nc1-c1nc2cnc(Br)c(-c3c(Cl)cccc3Cl)c2c1Sc1ccc(-c2nn[nH]n2)cc1,高毒,593.0783,84.56108,,
c1n[nH]nc1-c1cc2c(n1-c1cc(Cl)ccc1Cl)C(c1ccc(Cl)cc1)N(c1cc(Cl)cn(C3CC(O)(CO)C3)c1=O)C2=O,中毒,18.205946,11.513729,0.207895129,4.044037381
c1n[nH]nc1-c1cc2c(n1-c1ccc(F)cc1)C(c1ccc(Cl)cc1)N(c1cc(Cl)cn(C3CC(O)(CO)C3)c1=O)C2=O,中毒,14.882899,11.513729,0.252765996,3.961679667
c1n[nH]nc1-c1cc2c(c(-c3c(Cl)cccc3Cl)c1)C(c1ccc(Cl)cc1Cl)N(c1cc(Cl)cn(C3CC(O)(CO)C3)c1=O)C2=O,中毒,7.487971,8.960914,0.168559174,4.003842696
c1n[nH]nc1-c1cc2c(c(-c3c(Cl)cccc3Cl)c1)C(Cc1ccc(-c4ccccc4-c4nn[nH]n4)cc1)C(c1ccc(Cl)cc1C#N)N(c1cc(Cl)c,高毒,593.0783,84.56108,,
c1n[nH]nc1-c1cc2c(n1-c1ccc(Cl)cc1F)C(c1ccc(Cl)cc1)N(c1ccCl)C(c2ccc(Cl)cc1)N1C2=O,高毒,593.0783,84.56108,,
c1n[nH]nc1-c1cc2c(n1-c1c2cc(F)c(F)cc2[PH](c2ccc(F)c(F)c2)c2cc(Cl)cc(Cl)c2Cl)C(c2ccc(Cl)cc2)N(c2cc(Cl)cn,高毒,593.0783,84.56108,,
c1n[nH]nc1-c1cc2c(s1)-c1nn(C3CC1)c(=S)c1cnccc13,高毒,593.0783,84.56108,,
c1n[nH]nc1C1Cc2CCC3(CC2N1)Oc1ccc(Cl)cc1-3,中毒,17.761301,44.52252,0.848822823,4.983620872
c1n[nH]nc1-c1cc2c(c(-c3c(Cl)cccc3Cl)c1)C(c1ccc(Cl)cc1)N(c1cc(Cl)cn(C3CC(O)(CO)C3)c1=O)C2=O,中毒,6.3808517,8.960914,0.182666877,3.916990494
c1n[nH]nc1-c1nc2c(o1)C(c1ccc(Cl)cc1)N(c1ccc(Cl)cc1)C1=C2O,高毒,593.0783,84.56108,,
c1n[nH]nc1-c1cc2c(n1-c1ccc(F)cc1F)C(c1cccClCl)N(c2ccOCC2CC2)C1,高毒,593.0783,84.56108,,
c1n[nH]nc1-c1nc2c(c(-c3ccc4occ(CCN5CCOCC5)c4c3=O)C1)CN(CCO)CC2,高毒,593.0783,84.56108,,
c1n[nH]nc1-c1cc2c(c(-c3ccc(Cl)c(Cl)c3)c1)C1=NC(C3(N4CCOCC4)NC4CC(=O)N5C(C=C6CC(N%10CCS6)C(=O)C67)N(C6C,高毒,593.0783,84.56108,,
c1n[nH]nc1-c1cc2c(n1-c1ccc(F)cc1F)C(c1ccc(Cl)cc1)N(c1cc(Cl)cnc1)C3,高毒,593.0783,84.56108,,
c1n[nH]nc1-c1cc(O)c2c((-c3nc4c(-c5ccncc5)noc4c3F)CC3CCC3N4CCCCC43)nc12,高毒,593.0783,84.56108,,
c1n[nH]nc1-c1cc2c(c(-c3ccc(F)cc3O)c1)C(c1ccc(Cl)cc1)N(c1ccCl)c(c1)C(c1ccc(Cl)cc1)=NO3,高毒,593.0783,84.56108,,
c1n[nH]nc1-c1cc2c(n1-c1ccc(Cl)cc1)C(c1ccc(Cl)cc1)N(c1csc(Cl)n1)C31C(=O)NC(=S)N(-c4ccsc4)C(=O)C3(C(=O),高毒,593.0783,84.56108,,
c1n[nH]nc1-c1cn2c(-c3cn[nH]c3)cnc2c1,高毒,593.0783,84.56108,,
c1n[nH]nc1-c1c[nH]c(-c2ccnc(NC3CCOCC3)n2)c1=O,高毒,593.0783,84.56108,,
c1n[nH]nc1-c1cc2c(n1-c1ccc(Cl)cc1F)C(c1ccc(Cl)cc1)N(c1cc(Cl)cn(C3CC(O)(CO)C3)c1=O)C2=O,中毒,12.488247,11.513729,0.22687237,4.043844886
c1n[nH]nc1-c1cc2c(n1-c1ccc(Cl)cc1)C(c1ccc(Cl)cc1)N(c1cc(Cl)cn(C3CC3)c1=O)C2=O,中毒,22.121504,14.026334,0.25932408,3.677575766
c1n[nH]nc1-c1cc2c(n1-c1ccc(F)cc1F)C(c1ccc(Cl)cc1)N(c1ccc(Cl)c(Cl)c1)C3c1ccc(N)cc3SC2,高毒,593.0783,84.56108,,
c1n[nH]nc1-c1cc2c(c(-c3ccc(Cl)nc3)c1)C(c1ccc(Cl)cc1)N(c1cc(Cl)cn(C3CC(O)(CO)C3)c1=O)C2=O,中毒,6.3808517,8.960914,0.207753804,3.948768344
c1n[nH]nc1-c1nnc2c(n1)-c1c(c(Cl)cc(Cl)c1Cl)C(c1ccc(Cl)cc1)C1=C(O)OC2=C1C(=O)CC(C(C)(C)C)C2,高毒,593.0783,84.56108,,
c1n[nH]nc1-c1cc2c(c(-c3csc(-c4ccoc4)n3)c1)C(c1ccc(Cl)cc1)N(c]c1cc(Cl)cn(C3CC5(O)C(O)C(O)C5O)c3c1=O)C,高毒,593.0783,84.56108,,
c1n[nH]nc1-c1cc2c(c(-c3c(F)cccc3F)c1)C(c1ccc(Cl)cc1)N(c1cc(Cl)cn(C3CC(O)(CO)C3)c1=O)C2=O,中毒,6.3808517,8.960914,0.216988584,3.927417967
c1n[nH]nc1-c1cn2c2c(c(-c3cc(N6C(=O)c5sc6ccccc6C5=O)cc4F)nc(C4CCOCC4)c3cc2C2CC2)c12,高毒,593.0783,84.56108,,
c1n[nH]nc1-c1cc2c(c(-c3ccn4ncnc4c3)c1)c(c1ccn(C3CC(F)(F)C3)c1=O)C2c1ccc(Cl)cc1,高毒,593.0783,84.56108,,
c1n[nH]nc1-c1cc2c(n1-c1ccc(F)cc1)C(c1ccc(Cl)cc1)N(c1cc(Cl)cn(C3CC(O)((=O)O)C3)c1=O)C2,高毒,593.0783,84.56108,,
c1n[nH]nc1-c1cc2c(n1-c1ccc(F)cc1F)C(c1ccc(Cl)cc1)N(c2cc(Cl)cn(C3CC(O)(CO)C3)c1=O)C2=O,高毒,593.0783,84.56108,,
c1n[nH]nc1-c1cc2c(n1-c1ccc(Cl)cc1F)C(c1ccc(Cl)cc1)N(c1cc(Cl)cn(C3CC(O)(CO)C5(CCl)C5)c3c1=O)C(=O)C3,高毒,593.0783,84.56108,,
c1n[nH]nc1-c1cnc2n1C1CC(N4Cc5ccccc5OC4)C(c4ccc(Cl)cc4Cl)C3(c3ccc(Cl)cc3)C1C(c1ccoc1)C2,高毒,593.0783,84.56108,,
c1n[nH]nc1-c1cc2c(c(-c3c[nH]nc3-c3noc4cc(F)ccc34)c1c1CC2)C(C#N)=C(N)Oc1ccc(F)cc1-c1ccc2c(n1)CCCC2,高毒,593.0783,84.56108,,
c1n[nH]nc1-c1cc2c(n1-c1ccc(Cl)cc1F)C(c1cc3c(cs2)N(c2cc(Cl)cn(C4CC(O)(CO)C4)c1=S)C3c1ccc(Cl)cc1)C(N1CC,高毒,593.0783,84.56108,,
c1n[nH]nc1-c1cc2c(c(-c3ccc4sc(-c5c(F)ccc[n+]5C5CC6)c(Cl)c4)c3c1)C1C(C2)NC(NO)C1(CO)O3,高毒,593.0783,84.56108,,
c1n[nH]nc1-c1cc2c(cn1)c(-c1cc(F)cc(Cl)c1)n1c(=O)c(C4=NS(=O)(=O)c4sc(Cc5cccnc5)nc43)cc3c(Br)cc1c32,高毒,593.0783,84.56108,,
c1n[nH]nc1-c1cc2c(n1-c1ccc(Cl)cc1F)C(c1ccc(Cl)cc1)N(c1cc(Cl)cn(C3CC(O)(CO)C3)c1=O)C2=O,中毒,12.488247,11.513729,0.22687237,4.043844886
c1n[nH]nc1-c1cc2n(c1-c1ccc(Cl)cc1)C(c1ccc(Cl)cc1)N(c1cc(Cl)cn(C3CC(O)(CO)C3)c1=O)C2=O,中毒,19.951618,13.503714,0.230978464,4.013029445
c1n[nH]nc1-c1cc2c(n1-c1ccc(F)cc1)C(c1ccc(Cl)cc1)N(c1cc(Cl)cn(C3CC(O)(CO)C3)c1=O)C2=O,中毒,14.882899,11.513729,0.252765996,3.961679667
c1n[nH]nc1-c1cc2c(n1-c1ccc(Cl)cc1F)C(c1ccc3c(c1)OCC3)N(C1CCC(Oc4ccc(Cl)cn4)NC3=O)(CC2)C1,高毒,593.0783,84.56108,,
c1n[nH]nc1-c1nc2c(c(-c3ccc(Cl)cc3Cl)c1=O)C(c1ccc(Cl)cc1)N(c1ccCl)C(=O)NC3,高毒,593.0783,84.56108,,
c1n[nH]nc1-c1noc2c1C(c1ccc(Cl)cc1)n1c(-c3ccsc3)nc3cc(Cl)c(F)cc3c12,高毒,593.0783,84.56108,,
c1n[nH]nc1-c1c(-c2cccc(F)c2F)nc2cnc(-c3ccnn3-c3ccnc(Cl)c3)cc12,高毒,593.0783,84.56108,,
c1n[nH]nc1CC1c2c(nc(-c3cccnc3)c2Cl)C2=CC(=O)c3ccccc3C(O)(C(F)F)C21,高毒,593.0783,84.56108,,
c1n[nH]nc1-c1cc2c(c(-c3cnn2C(c2ccc(Cl)cc2)c2nc4c(cn2)NC(c2ccOC(F)(F)F)c(H])c2Oc2ccc(Cl)cc2)COC3)C(O),高毒,593.0783,84.56108,,
c1n[nH]nc1-c1cn2c3c(c(-c4coc(C5(O)CCOCC5)n4)c12)C(c1ccc(Cl)cc1)N(c1cc(Cl)cn(C(F)(F)F)c2O)C(=O)C31,高毒,593.0783,84.56108,,
c1n[nH]nc1-c1cc2[nH]c(C3CCC4CCC(=O)N4C3c3ccc(Br)cc3)nc2c1,高毒,593.0783,84.56108,,
c1n[nH]nc1-c1cc2c(n1-c1ccc(Cl)cc1Cl)C(c1ccc(Cl)cc1)N(c1cc(Cl)cn(C3CC(O)(CO)C3)c1=O)C2=O,中毒,18.205946,11.513729,0.207895129,4.033490665
c1n[nH]nc1CN1CC2CN(c3cc4c(cc3-c3nc(=O)o[nH]3)C3C(=O)N(C4CCC(N7CC(=O)NC5=O)CC5)CC4C3)C(=O)C2C1,高毒,593.0783,84.56108,,
c1n[nH]nc1-c1cc2c(c(-c3c(Cl)cccc3Cl)c1)C(c1ccc(Cl)cc1)N(c1cc(Cl)cn(C3CC(O)(CO)C3)c1=O)C2=O,中毒,6.3808517,8.960914,0.182666877,3.916990494
c1n[nH]nc1-c1c(C2CC2)nc2c1NC(c1ccc(Cl)cc1)(c1ccc(Cl)cc1)C1(c3ccc(Cl)cc3)CC1,高毒,593.0783,84.56108,,
c1n[nH]nc1-c1cc2c(c(-c3c(F)cccc3F)c1)C(c1ccc(Cl)cc1)N(c1cc(Cl)cn(C3CC(O)(CO)C3)c1=O)C2=O,中毒,6.3808517,8.960914,0.216988584,3.927417967
c1n[nH]nc1-c1c[nH]c2nc(N3CCC4CC3CN4)nc12,高毒,593.0783,84.56108,,
c1n[nH]nc1-c1csc2ncnc(Nc3cc(CF)c(O)c(-n4nc(-c5ccc(F)cn5)c(=O)c5)c34)C12,高毒,593.0783,84.56108,,
c1n[nH]nc1-c1cc2c(n1-c1ccc(Cl)cc1)C(c1ccc(Cl)cc1)N(c1cc(Cl)cn(C3CC(O)(CO)C3)c1=O)C2=O,中毒,14.882899,11.513729,0.235038859,3.958725058
c1n[nH]nc1-c1cc2c(n1-c1ccc(F)cc1F)C(c1ccc(Cl)cc1)N(c1cc(Cl)cn(C3CC(O)(CO)C3)c1=O)C2=O,中毒,12.488247,11.513729,0.244621212,4.0385462
c1n[nH]nc1-c1cc2c(n1-c1ccc(Cl)cc1)C(c1ccc(Cl)cc1)N(c1ccCl)C(c1ccc(Cl)cc1)C1C(CC1)C1=C(Cl)C(=O)N(CC2(F)C,高毒,593.0783,84.56108,,
c1n[nH]nc1-c1cc2c(s1)CN(c1ncnc4c1cnn4C1CCOCC1)C2,中毒,83.96281,41.358532,0.570121387,3.279440512
c1n[nH]nc1-c1cc2c(n1-c1ccc(F)cc1F)C(c1ccc(Cl)cc1)N(c1cc(OC3CC(O)(CO)CC3)C(O)C(O)C1)C2,高毒,593.0783,84.56108,,
c1n[nH]nc1-c1cc2c(n1-c1ccc(F)cc1F)C(c1ccc(Cl)cc1)N(c1ccS(=O)(=O)N(C3CCOC3=O)C3)C1,高毒,593.0783,84.56108,,
c1n[nH]nc1-c1nc2c3c(sc2c1-c1cc2ccccc2s1)CN(C1CCOCC1,高毒,593.0783,84.56108,,
c1n[nH]nc1-c1cc2c(n1-c1ccc(F)cc1Cl)C(c1ccc(Cl)cc1)N(c1cc(Cl)cn(C3OC(CO)C(O)C(O)c5ncc(Cl)cc45)C3)c1=O,高毒,593.0783,84.56108,,
c1n[nH]nc1-c1cc2c(c(-c3c(Cl)cccc3Cl)c1)C(c1ccc(Cl)cc1)N(c1cc(Cl)cn(C3CC(O)(CO)C3)c1=O)C2=O,中毒,6.3808517,8.960914,0.182666877,3.916990494
c1n[nH]nc1-c1cn2c(C3CCOCC3)nc(-c3cnoc3-c3ccc(F)cc3)c(=O)c2n1,高毒,593.0783,84.56108,,
c1n[nH]nc1-c1cc2c(c(-c3csc(N)n3)c1)C(c1ccc(Cl)cc1)C(c1ccc(Cl)cc1)N(c1cc(Cl)cn(C3CC(O)(CO)C3)c1=O)C2=O,中毒,20.665174,16.862432,0.136753563,4.424820221
c1n[nH]nc1-c1cc2c(cc1Cl)C(c1ccc(Cl)cc1)N(c1cc(Cl)cn(C3CC(O)(CO)C3)c1=O)C2=O,中毒,6.676637,20.735756,0.325620531,3.800551955
c1n[nH]nc1-c1cc2c(c(-c3nn4cc(-c5ccc(-c6cn[nH]c6Br)cc5)nc4cc3Cl)C(c3ccc(Cl)cc3F)N(c3cc(Cl)cn(C)c3=O)C5=,高毒,593.0783,84.56108,,
c1n[nH]nc1-c1nc2c(c(-c3c[nH]c4ccccc34)c1Oc1ccncc1)C(c1ccc(Cl)cc1)N(c1cc(Cl)cn(C3CCOC3)c1=O)C3=O,高毒,593.0783,84.56108,,
c1n[nH]nc1-c1cc2c(c(-c3c(Cl)cccc3Cl)c1)C(c1ccc(Cl)cc1)N(c1cc(Cl)cn(C3CC(O)(CO)C3)c1=O)C2=O,中毒,6.3808517,8.960914,0.182666877,3.916990494
c1n[nH]nc1-c1cc2c(c3c(s1)CC1CNC2(c1ccccc1C(F)(F)F)C1CC4CCC1C3)C(C3)C2,高毒,593.0783,84.56108,,
c1n[nH]nc1-c1cc2c(n1-c1ccc(Br)cc1)C(c1ccc(Cl)cc1)N(c1cc(Cl)cn(C3CC(O)(CO)C3)c1=O)C2=O,中毒,18.205946,11.513729,0.223138044,3.989418892
c1n[nH]nc1-c1cc2c(c(-c3c(F)cccc3F)c1)C(c1ccc(Cl)cc1)N(c1cc(Cl)cn(C3CC(O)(CO)C3)c1=O)C2=O,中毒,6.3808517,8.960914,0.216988584,3.927417967
c1n[nH]nc1-c1nc2cc(-c3cc4c3[nH]cc(-c5cn(CC6CC6)c5-c6ccc(Cl)c(N7CCOCC7)c6c5=O)cc4c(=O)n3C3CCC3)cnc2N,高毒,593.0783,84.56108,,
c1n[nH]nc1-c1cc2c(c(-c3ccsc3)c1)C(c1ccc(Cl)cc1)N(c1cc(Cl)cn(C3CC(O)(CO)C3)c1=O)C2=O,中毒,7.6477833,13.447941,0.231210682,3.953818928
c1n[nH]nc1-c1cc2c(c(-c3ccc(Br)cc3F)c1)C(N1CCOCC1)C(c1ccc(Cl)cc1)N(c1cc(Cl)cn(C3CC(O)(CO)C3)c1=O)C2=O,中毒,20.665174,16.862432,0.173423331,4.455941191
c1n[nH]nc1-c1cc2c(n1-c1ccc(Cl)cc1)C(c1ccc(Cl)cc1)N(c1cc(Cl)cn(C3CCC(O)(CO)C3)c1=O)C2,中毒,19.24008,11.513729,0.212474375,4.451999348
c1n[nH]nc1-c1c(-c2ccc(F)cc2)oc2cc(N(c3cn(-c4cnc(-c5nnoc5C(F)(F)F)c4)S(=O)(=O)c4ccc5c(c4Cl)OCO5)nn3),高毒,593.0783,84.56108,,
c1n[nH]nc1-c1ccc(C(Nc2ncc(COCCCn3ccnc3-c3ccc(C(F)(F)F)n[n+]3-c3ccccc3)c3)C(Oc3nccc(-c4c(Cl)cccc4Cl)n,高毒,593.0783,84.56108,,
c1n[nH]nc1-c1cc2n(n1)-c1c(c(Cl)c(Nc3nc(-n4cnnn4)ccc4F)cc1F)C(c1ccc(Cl)cc3)N(c3ccc(Cl)cc3)C1=N2,高毒,593.0783,84.56108,,
c1n[nH]nc1-c1cc2c(c(-c3cnc4[nH]ccc4c3)c1)CN(c1nc(-c3ccnc4cc(Cl)c(O)cc34)cs1)C1CC(O)C(CO)C1,高毒,593.0783,84.56108,,
c1n[nH]nc1-c1cc2n((-c3c3ccc(F)cc3F)c(=O)c2)C(c2ccc(Cl)cc2)N(c2cc(Cl)cn(C3CC(O)(CO)C3)c2=O)c1=O,高毒,593.0783,84.56108,,
c1n[nH]nc1-c1cc2c(c(-c3csc(NC(=O)c4cccs4)c3)c1)C1(S2)C(=O)Nc2ncc(F)cc21,中毒,37.35219,44.25138,0.287701034,4.503838416
c1n[nH]nc1-c1cc2c(n1-c1ccc(Cl)cc1)C(c1ccc#Cl)N(c2ccS(=O)(=O)N(C1CC(O)C(O)C1)C3)CC2c1cc(Cl)c(c(F)c1)c1,高毒,593.0783,84.56108,,
c1n[nH]nc1-c1cc2c(n1-c1ccc(Cl)cc1F)C(c1ccc(Cl)cc1)N(c1cc(Cl)cn(C3CC(O)(CO)C3)c1=O)C2=O,中毒,12.488247,11.513729,0.22687237,4.043844886
c1n[nH]nc1-c1cc2c(c(-c3c(Cl)cccc3Cl)c1)C(c1ccc(Cl)cc1)c1c(c3c(c1)OCO3)C(c5ccc6c(c3)OCO5)C(C2)N(S(=O)(,高毒,593.0783,84.56108,,
c1n[nH]nc1-c1nn2c(C=Cc3cc4ccccc4[nH]c3=O)nnc2c1-c1ccc2[nH]c(C3CCNC3)cc2c1,高毒,593.0783,84.56108,,
c1n[nH]nc1-c1cc2c(n1-c1ccc(Cl)cc1Cl)c1nc(-c3c(Cl)cccc3Cl)c(-c3ccc(Cl)cc3)c3c1C(c1ccccc1)=NC3c1ccccc12,中毒,22.94863,15.967391,0.188408627,4.985245535
c1n[nH]nc1-c1cc2c(n1-c1ccc(F)cn1)C(c1ccc(Cl)cc1)N(c1cc(Cl)cn(1)c1cC(=O)N(c4ccc(Cl)s4)C(=O)C3(C4)C1=O),高毒,593.0783,84.56108,,
c1n[nH]nc1-c1cc2c(c(-c3cc(Cl)c(Oc4ccc(Cl)cc4)n3)c1)C(c1ccc(Cl)cc1)N(c1cc(Cl)cn(C3CC(O)(CO)C3)C3)c1=O,高毒,593.0783,84.56108,,
c1n[nH]nc1-c1cc2c(c(-c3ccc(O)cc3)c1)C(c1ccc(Cl)cc1F)N(c1cc(Cl)cn(C3CC(O)(CO)C3)c1=O)C2=O,中毒,5.093859,8.960914,0.196706933,3.957199285
c1n[nH]nc1-c1noc2cc(OCS(=O)(=O)c3ccc4c(Cl)cc(-c5csc(-c6c-c7ccco7)n6)nc5c4)cc3c12,高毒,593.0783,84.56108,,
c1n[nH]nc1-c1cc2c(c(-c3c(Cl)cccc3Cl)c1)C(c1ccc(Cl)cc1)N(c1cc(Cl)cn(C3CC(O)OC3)c1=O)C2=O,低毒,16.045275,10.425424,0.209733873,4.36095819
c1n[nH]nc1-c1cc2c(c(-c3ccc(Cl)c4cccnc34)c1)C(c1ccc(Cl)nc1)N(c1cc(Cl)cn(C4CC(O)C(O)C4)c3=O)C(=O)C12,高毒,593.0783,84.56108,,
c1n[nH]nc1-c1cc2c(c(-c3c(Cl)cccc3Cl)c1)CC(c1cc(F)cc(Cl)c1)N(c1cc(Cl)cn(C3CC(O)(CO)C3)c1=O)C2=O,中毒,15.809174,17.379768,0.173167516,4.093463879
c1n[nH]nc1-c1cc2c(c(-c3cc4c[nH]nc4c2)c(Oc2ccc(Cl)cc2)c1)C(c1ccc(Cl)cc1)c1c(Cl)cc(-c2c3c(nn2C2CCOCC4)c,高毒,593.0783,84.56108,,
c1n[nH]nc1-c1cc2c(n1-c1cc(Cl)cc(Cl)c1)C(c1ccc(Cl)cc1)N(c1cc(Cl)c(=O)n(C)c1O)C3=O,高毒,593.0783,84.56108,,
c1n[nH]nc1-c1cc2c(n1-c1ccc(Cl)cc1F)C(c1ccc(Cl)cc1)N(c1cc(Cl)cn(C3CC(O)C(O)C3)c1=O)C2=O,中毒,12.488247,11.513729,0.234878019,4.426733326
c1n[nH]nc1-c1cc2c(n1-c1ccc(Cl)cc1Cl)C(c1cccc(Cl)c1)N(c1ccCl)c(c1)C(C)(C)C3c1ccc(C#N)cc3C(NCC3COCO3)C(O,高毒,593.0783,84.56108,,
c1n[nH]nc1-c1cc2n(n1)CC(Oc1ccc(-n3ncc(Br)c3=O)cc1)C(c1ccc(Cl)cc1)N(c1cc(Cl)cn(C3CC(O)(CO)C3)c1=O)C2=O,高毒,593.0783,84.56108,,
c1n[nH]nc1-c1cc2c(c(-c3c(F)cccc3Cl)c1)C(c1ccc(C#N)cc1)N(c1cc(Cl)cn(C3CC(O)(CO)C3)c3=O)C1=O,高毒,593.0783,84.56108,,
c1n[nH]nc1-c1cc2c(n1-c1c(F)cc(F)cc1F)C(c1ccc(Cl)cc1)(c1ccc(Cl)cc1)N(c1cCl)C31COC3(F)C1,高毒,593.0783,84.56108,,
c1n[nH]nc1-c1cc2c(c(C3(c4co[nH]c4=O)CCC4)NC(c4ccc(Cl)c(Cl)c4F)C(C2)N(C2CC2)C3)c1,高毒,593.0783,84.56108,,
c1n[nH]nc1-c1cc2c(c(-c3cc(F)c(F)c(F)c3)c1)C(c1ccc(Cl)cc1)N(c1cc(Cl)cn(C32CCC(F)(CC4CCOCC4)CC3)c1=O)C,中毒,8.943379,16.862432,0.14314659,5.767712798
c1n[nH]nc1-c1cc2c(c(-c3ccc4c(n3)-c3cc(C(F)(F)F)ncc31)CN(c1ncc(F)cn1)C(CO)C4)C(c1ccc(Cl)cc1F)N(c1cc(,高毒,593.0783,84.56108,,
c1n[nH]nc1-c1c2c(nc3ncnn13)-c1cnc3ccc(F)cc3c1C(c1ccc(F)cc1)N(c1cc(Cl)cn(C3CC(O)(CO)C3)c1=O)C2=O,中毒,20.573853,13.466203,0.236366971,4.322226575
c1n[nH]nc1-c1cc2c(c(-c3c(Cl)cccc3Cl)c1)Cc1c-2c2c(c(C(=O)N3CCC(F)(F)CC3)c1)C(c1ccc(Cl)cc1)N(c1cc(Cl)cn(,高毒,593.0783,84.56108,,
c1n[nH]nc1-c1cc2c(n1-c1cc(Cl)cc(Cl)c1)C(c1ccc(Cl)cc1)N(c1cc=O)C(F)(F)C1,高毒,593.0783,84.56108,,
c1n[nH]nc1-c1cc2c(c(-c3c(Cl)cccc3Cl)c1)C(c1ccc(Cl)cc1)N(c1cc(Cl)cn(C3CC(O)(CO)C3)c1=O)C2=O,中毒,6.3808517,8.960914,0.182666877,3.916990494
c1n[nH]nc1-c1cc2n(c1-c1cc(Cl)cc(Cl)c1)C(c1ccc(Cl)cc1)N(c1cc(Cl)cn(C3CC(O)(CO)C3)c1=O)C2=O,中毒,19.951618,13.503714,0.203710654,4.137363836
c1n[nH]nc1-c1cc2c(n1-c1ccnc(Cl)c1)C(c1ccc(Cl)cc1)N(c1cc(Cl)cn(C3CC(O)(CO)C3)c1=O)C2=O,中毒,14.882899,11.513729,0.231103637,4.12959804
c1n[nH]nc1-c1cc2c(c(-c3c(Cl)cccc3Cl)c1)C(c1ccc(Cl)cc1)N(c1cc(Cl)cn(C3CC(O)C(O)C3)c1=O)C2=O,中毒,6.3808517,8.960914,0.189108586,4.301943535
c1n[nH]nc1-c1cc2c(n1-c3ccc(F)cc3F)C(c3ccc(Cl)cc3)N3C(O)(CO)C(=O)C3(c3ccc(Cl)cc3)C(C1)N2Cc1cccc(C(N)=,高毒,593.0783,84.56108,,
c1n[nH]nc1-c1cc2c(n1-c1ccc(F)cc1F)C#CC(c1ccc(Cl)cc1)N(c1cc(Cl)cn(C3CC(O)(c4ccc(Cl)c(Cl)c4)C4)c3=O)C1,高毒,593.0783,84.56108,,
c1n[nH]nc1-c1cc2c(n1-c1ccc(Cl)cc1F)c1c(c3ccccc3sc3=O)C(c3ccc4ccccc4c3)C(Nc3ccnc4cc(Cl)ccc43)C1C2,高毒,593.0783,84.56108,,
c1n[nH]nc1-c1ccc(-c2ccc(NC(=S)Nc3cc4c(cn3)OCCn3cc(COc5ccc6nc(O)nc(N7CCC8)nc56)c4n3)cc2)cc1,高毒,593.0783,84.56108,,
c1n[nH]nc1-c1cc1cc2c(c(-c3ccncn3)c1)C(c1ccc(Cl)cc1)N(c1cc(Cl)cnc1=O)C31CC3,高毒,593.0783,84.56108,,
c1n[nH]nc1-c1cc2c(c(-c3c4c(nn3-c3cc(F)c(F)cc3F)C3(Cl)Cl)C(c4cccnc4)N(c4ccc(OC(F)(F)F)cc4)C4=C(C(=O)O,高毒,593.0783,84.56108,,
c1n[nH]nc1-c1cc2c(n1-c1ccc(Cl)cc1Cl)C(c1ccc(Cl)cc1)N(Cc1ccc(Cl)cc1)C3=O,高毒,593.0783,84.56108,,
c1n[nH]nc1-c1cc2c(c(-c3c(Cl)cccc3Cl)c1)C(c1ccc(Cl)cc1)N(c1cc(Cl)cn3c(C(=O)O)ccc13)C2,中毒,22.235992,87.1084,0.197846601,3.775727729
c1n[nH]nc1-c1ccnc(-c2csc(Nc3cc(C4CC4)n[nH]3)n2)c1=O,高毒,593.0783,84.56108,,
c1n[nH]nc1-c1cc2n(c1-c1ccc(Cl)c(Cl)c1)C(c1ccc(Cl)cc1)N(c1cc(Cl)cn(C3CC(O)(CO)C3)c1=O)C1=NCC(CO)C12,中毒,15.540574,13.503714,0.161611639,4.931873971
c1n[nH]nc1-c1cc2c(c(-c3cc(N4CNc5ncnc6c5CCN6C5CC5)ncn4)C1)CN(CCN1CCCC1=O)C3,高毒,593.0783,84.56108,,
c1n[nH]nc1-c1cc2c(n1-c1ccc(F)cc1F)C(c1ccc(Cl)cc1)N(c1cc(Cl)cn(C3CC(O)(CO)C3)c1=O)C2=O,中毒,12.488247,11.513729,0.244621212,4.0385462
c1n[nH]nc1-c1cc2c(c(-c3cn4nc(-c5nnc6ncccc6c5=O)nc4s3)C(O)C(O)C1)c1c-2c(NCCO)nc1F,高毒,593.0783,84.56108,,
c1n[nH]nc1-c1cc2c(n1-c1ccc(Cl)cc1F)C(c1ccc(Cl)cc1)N(c1cc(Cl)cn(C3CC(O)(CO)C3)c1=O)C2=O,中毒,12.488247,11.513729,0.22687237,4.043844886
c1n[nH]nc1-c1cc2c(c(-c3c(Cl)cc[nH]c3=O)c1)CN(c1cc(Cl)cn(-c3ccc(C(=O)O)n3-c3ccsc3)c3=O)CC12,高毒,593.0783,84.56108,,
c1n[nH]nc1-c1cc2c(c(-c3cc4cc(C5C(c6ccc(F)cc6)=NOC56CC6CC(C5)N7CC6)cc4c3F)C4)co,高毒,593.0783,84.56108,,
c1n[nH]nc1-c1cc2c(n1-c1ccc(F)cc1F)C(c1ccc(Cl)cc1)N(cc1cc(Cl)cn(C3CC(O)(CO)C3)c1=O)C2=O,高毒,593.0783,84.56108,,
c1n[nH]nc1-c1cc2c(c(-c3cnc4ccc(-c5cnn(-c6cncc(F)c6)c5)c5s4)cc23)C2CC23c1cc1c(-n4cnc(-n5ccc(C(F)(F),高毒,593.0783,84.56108,,
c1n[nH]nc1-c1cc2c(n1-c1ccc(Cl)cc1)C(c1ccc(Cl)cc1C(F)(F)F)N(c1cc(Cl)cn(3nc(=O)c4cS(=O)(=O)CC5CC5)c(=O),高毒,593.0783,84.56108,,
c1n[nH]nc1-c1cc2c(c(-c3c(Cl)cccc3Cl)c1)C(c1ccc(Cl)cc1)N(c1c(Cl)cn(C4CC(O)(CO)C4)c1=O)C2,高毒,593.0783,84.56108,,
c1n[nH]nc1-c1cc2c(c(-c3cc4c([nH]3)C(c3ccc(F)cc3)C3(C(=O)NC(=O)NC3=O)C3C(=O)NC(=O)C32)C(=O)N(c2cccc,高毒,593.0783,84.56108,,
c1n[nH]nc1-c1cc2c(n1-c1cc(F)cc(F)c1)C(c1ccc(Cl)cc1)N(c1cc(Cl)cn(C3CC(O)(CO)C3)c1=O)C2,中毒,19.24008,11.513729,0.240067904,4.114744893
c1n[nH]nc1-c1cc2c(n1-c1ccc(F)cc1)C(c1ccc(Cl)cc1)N(c1cc(Cl)cn(C3CC(O)(CO)C3)c1=O)C2=O,中毒,14.882899,11.513729,0.252765996,3.961679667
c1n[nH]nc1-c1cc2c(c(-c3c(F)cccc3F)c1)C(c1ccc(Cl)cc1)N(c1cc1cc(Cl)c(=O)n(C)c3n1)C2c1ccc(Cl)cc1,高毒,593.0783,84.56108,,
c1n[nH]nc1-c1cnc2c(-c3ccc4ncsc4c3)c(-c3ccnc(NC(=O)c4cccn6nncc45)c3)n(-c3ccc(F)cc3)c(=O)c2c1,高毒,593.0783,84.56108,,
c1n[nH]nc1-c1cc2c(n1-c1ccc(F)cc1F)C(c1ccc(Cl)cc1)N(c1cc(Cl)cn(C3CC(O)(CO)C3)c12)C3=O,高毒,593.0783,84.56108,,
c1n[nH]nc1-c1ccc2c(n1)-c1ccc(C(c3nnnn3-c3ccc(F)cc3)N3CCC(Oc4ccc(Cl)nc4)CC3)cc12,中毒,57.559948,20.488052,0.240401405,3.65988755
c1n[nH]nc1-c1nc2c(c1-c1nc3cnc(-c4ccc5snc(-c6cc7ocnc7[nH]6)c5c4)nc3s1)C(c1ccc(Cl)cc1CO)N(c1cc(Cl)cnC1,高毒,593.0783,84.56108,,
c1n[nH]nc1-c1nnc(-c2cc3c(s2)C2(OCCO2)C2(CCOc4ccccc44)CN(Cc4cccnc4OCC4)C2)(C-3)c1,高毒,593.0783,84.56108,,
c1n[nH]nc1-c1cc2c(c(-c3c(Cl)csc3Cl)c1)C1(CSc4cc(Cl)ccc4n3Cc3ccc(Cl)cc3F)C(=O)N(CC3CC3)C(=O)C12,高毒,593.0783,84.56108,,
c1n[nH]nc1-c1cc2c(n1-c1ccc(F)cc1F)C(c1ccc(Cl)cc1)N(c1cc(Cl)cn(C3CC(O)(CO)C3)c1=O)C2=O,中毒,12.488247,11.513729,0.244621212,4.0385462
c1n[nH]nc1-c1cc2c(c(-c3ccc(OC4CC4)c(Cl)c3)c1)C(c1ccc(Cl)cc1)N(c1cc(Cl)cn4nc)c(=O)n13,高毒,593.0783,84.56108,,
c1n[nH]nc1-c1cc2c(c(-c3c(Cl)cccc3Cl)c1)C(c1ccc(Cl)cc1)N(c1cc(Cl)cn(C3CC(O)(CO)C3)c1=O)C2=O,中毒,6.3808517,8.960914,0.182666877,3.916990494
c1n[nH]nc1-c1cc2c(n1-c1ccc(Cl)cc1Cl)C(c1ccsc1)N(c1cc(Cl)cn(C3CCS(=O)(=O)C3)c1=O)C2=O,中毒,17.475342,14.026334,0.26342168,4.354551751
c1n[nH]nc1-c1cc2c(c(-c3c(Cl)cccc3Cl)c1)CN,高毒,593.0783,84.56108,,
c1n[nH]nc1-c1cc2c(c(-c3csc(C4OC5(COCCOCC7)c3)C3COC4)c12)CCC3,高毒,593.0783,84.56108,,
c1n[nH]nc1-c1cc2c(n1-c1ccc(Cl)cc1)C(c1ccc(Cl)cc1)N(c1cc(Cl)cn(C3CC(O)(CO)C3)c1=O)C2=O,中毒,14.882899,11.513729,0.235038859,3.958725058
c1n[nH]nc1-c1cc2c(n1-c1ccc(Cl)cc1)C(Nc1cc(Cl)cn(C3CC(O)1)C3)c1=NC(CCF)(c1ccc(Cl)cc1F)C3,高毒,593.0783,84.56108,,
c1n[nH]nc1-c1nc(NCC2CCCO2)nc(-n2cnc3ccc(-c4cnc5[nH]ccc5c5)cc34)c12,高毒,593.0783,84.56108,,
c1n[nH]nc1-c1nc2n(c1-c1ccc(Cl)c(Cl)c1)C(c1ccc(Cl)cc1)N(c1cc(Cl)cn(C3CC(O)C(O)C3)c1=O)C2=O,中毒,32.68572,13.447941,0.227752968,4.470644616
c1n[nH]nc1-c1cc2c(c(-)n1)C(c1ccc(Cl)cc1)N(c1cc(Cl)cn(C3CC(O)(CO)C3)c1=O)C2=O,高毒,593.0783,84.56108,,
c1n[nH]nc1-c1cc2cc(OCc3ccc(F)cc3)c(Cl)cc2c(Sc2nc3c(-c4ccsc4)cccc3s2)c1=O,高毒,593.0783,84.56108,,
c1n[nH]nc1-c1cc2c(c(-c3ccco3)c1)C(c1ccc(Cl)cc1)N(c1cc(Cl)cn(C3CC(OO)C(O)C3)c1=O)C2=O,中毒,6.3808517,8.960914,0.166586118,4.58904173
c1n[nH]nc1-c1nc2n((1)Cc1oc(-c3cc(F)cc(F)c3F)c(=O)c1Br)C(c1ccc(Cl)cc1)N(c1cc(Cl)c=O)C(=O)C13COC3,高毒,593.0783,84.56108,,
c1n[nH]nc1-c1csc(Nc2cccc(Oc3ccn(-c4cccc(NC(=O)c5nn(-c8ccccc6)c(-c6ccc(C(F)(F)F)cc6)c5=O)n4)c3=S)cc,高毒,593.0783,84.56108,,
c1n[nH]nc1-c1cc2c(c(-c3ccc(C(F)(F)F)cc3Cl)c1)C(c1ccc(Cl)cc1)N(c1cc(Cl)cn(C3CC(O)(CO)C3)c1=O)C2=O,中毒,7.8529835,8.960914,0.172538353,3.99567403
c1n[nH]nc1-c1cc2c(n1-c1ccc(F)cc1F)C(F)(c1ccc(Cl)cc1Cl)c1cc(cc3cBr)C(c4ccc(Cl)cc4)c4c(c3c1)N(c1cc(Cl)cn(,高毒,593.0783,84.56108,,
c1n[nH]nc1C1=NC2(CCOc3cc(F)ccc32)Nc2ccccc21,中毒,36.33875,20.295166,0.716970362,4.126530351
c1n[nH]nc1-c1cc2c(n1-c1ccc(Cl)cc1F)C(c1ccc(Cl)cc1)N(c1cc(Cl)cn(C3CCOCC3)c1=O)C2=O,中毒,17.272402,13.466203,0.233034826,3.873993462
c1n[nH]nc1-c1cc2c(Nc3ccc(F)c(Cl)c3)ncnc2cc1OCc1oc2ccccc2c1=O,高毒,593.0783,84.56108,,
c1n[nH]nc1-c1cc2c(n1-c1ccc(Cl)c(Cl)c1)C(c1ccc(Cl)cc1)c1c(=O)n(C2(C#N)CC2)C(c2ccc(Cl)cc2)N(c2cc(Cl)cn(C3,高毒,593.0783,84.56108,,
c1n[nH]nc1-c1cn2c(c1-c1csc(C(CO)c3ccc(Cl)cc3F)c1)C(c1ccc(Cl)cc1)N(c1cc(Cl)cn(C3CC(O)(CO)C3)c1=O)C2=O,中毒,9.613218,13.503714,0.123213314,4.746021675
c1n[nH]nc1-c1cc2c(n1-c1ccc(F)cc1F)C(c1ccc(Cl)cc1)N(c1cc,高毒,593.0783,84.56108,,
c1n[nH]nc1-c1cc2c(c(-c3ccc(Cl)c(Cl)c3)c2c1)C(c1ccc(Cl)cc1)N(c1cc(Cl)cn(C3CC(O)(CO)C3)c1=O)C2=O,高毒,593.0783,84.56108,,
c1n[nH]nc1-c1cnc2c1COc1ccc(C=CC(=O)Nc3ccc(-c4nc5ccccc5n6cnnc45)nc3)cc12,高毒,593.0783,84.56108,,
c1n[nH]nc1-c1cc2c(n1-c1ccc(Cl)cc1F)C(c1ccc(F)cc1)N(c1cc(Cl)cn(C4CCOC4)c1=O)C3=O,高毒,593.0783,84.56108,,
c1n[nH]nc1-c1cc2c(c(-c3c(Cl)cccc3Cl)c1)C(c1cccnc1)N(c1cc(Cl)cn(C3CC(O)(CO)C3)c1=O)C2=O,中毒,6.3808517,8.519041,0.222087234,3.984009039
c1n[nH]nc1-c1nc2c(c(-c3ccc(Cl)cc3)c1)C(c1ccc(Cl)cc1)N(c1cc(Cl)cn(C3CC(O)C(O)C3)c1=O)C2=O,中毒,37.24519,12.110745,0.229926509,4.26011056
c1n[nH]nc1-c1cc2c(n1-c1ccc(Cl)cc1F)N(c1cc(Cl)cn(C3CC(O)(CO)C3)c1=O)C2,中毒,46.28395,33.69392,0.373356025,3.615266967
c1n[nH]nc1-c1cc2c(n1-c1ccc(Cl)cc1Cl)C(c1ccc(Cl)cc1)N(c1cc)N(c4ccc(Cl)cn4)C(=O)C3(O)C(C1)C2,高毒,593.0783,84.56108,,
c1n[nH]nc1-c1cc2c(c(-c3cnc4c5sccc5c(=O)n4n3)C1)CCNC(c1ccc(Cl)cc1Cl)C2,高毒,593.0783,84.56108,,
c1n[nH]nc1-c1nc2c(c(-c3c(Cl)cccc3Cl)c1)C(c1ccc(Cl)cc1)N(c2c(Cl)cCl)C(c2ccc(Cl)cc2)N(c2cc(3c4ccc(Cl)cc4nc4,高毒,593.0783,84.56108,,
c1n[nH]nc1-c1cc2c(n1-c1ccc(F)c(Cl)c1)C(c1ccc(Cl)cc1)N(c1ccCl)C(c1ccc(Cl)cc1)N(c1cc(Cl)cn(C3CC(O)(CO)C3),高毒,593.0783,84.56108,,
c1n[nH]nc1-c1cc2c(c(-c3c(Cl)cccc3Cl)c1)C(c1ccc(Cl)cc1)N(c1cc(Cl)cn(3)c1)C3=O,高毒,593.0783,84.56108,,
c1n[nH]nc1-c1cc2c(n1-c1ccc(F)cc1F)C(c1ccc(Cl)cc1)N(c1cc(Cl)cn(C3CC(O)(CO)C3)C1=O)c1=O,高毒,593.0783,84.56108,,
c1n[nH]nc1-c1cc2c(n1-c1ccc(F)cc1F)C(c1ccc(Cl)cc1)N(c1cc(Cl)co1)C3=O,高毒,593.0783,84.56108,,
c1n[nH]nc1-c1cc2c(n1-c1nc(-c3c(F)ccnc3F)nc3c1C1(CCC(F)(F)CC3)C1)C(c1ccc(=O)c(F)c3c1OCC3)C(,高毒,593.0783,84.56108,,
c1n[nH]nc1-c1cc2c(c(-c3nc(-c4ncc(Cc5c[nH]c6ccccc56)nn4)c4ccccc34)CNCCCN3)cc12,高毒,593.0783,84.56108,,
c1n[nH]nc1-c1cc2c(c(-c3ccc(C(F)(F)F)cc3)c1)C1=C(CC(C#N)C(=O)NC3)C(c3ccc(Cl)cc3)N(c3ccc(Cl)cc3)C12,高毒,593.0783,84.56108,,
c1n[nH]nc1-c1cc2c(c(-c3c(Cl)cncc3Cl)c1)C(c1ccc(Cl)cc1)N(c1cc(Cl)cn(C3CC(O)(CO)C3)c1=O)C2=O,中毒,6.3808517,8.960914,0.1962146,4.042055329
c1n[nH]nc1-c1cc2c(n1-c1cc(Cl)cc(Cl)c1)C(c1ccc(Cl)cc1)N(c1ccCl)C(c1ccc(Cl)cc1)C1(N)C(Coc3cc(Cl)cc(Cl)c3c3=,高毒,593.0783,84.56108,,
c1n[nH]nc1-c1cc2c(n1-c1ccc(Cl)cc1)C(c1ccc(Cl)cc1)N(c1cc)C3,高毒,593.0783,84.56108,,
c1n[nH]nc1-c1cc2c(n1-c1ccc(Cl)cc1F)C(c1ccc(Cl)cc1)N(c1cc(Cl)cn(C33CC)c1)C1=O,高毒,593.0783,84.56108,,
c1n[nH]nc1-c1cc2c(n1)C(c1ccc(Cl)cc1)N(c1cc(Cl)cn(C3CC2)c1=O)C3=O,高毒,593.0783,84.56108,,
c1n[nH]nc1-c1cc2c(n1-c1ccc(F)cc1)C(c1ccc(Cl)cc1)N(c1ccc(Cl)cc1)C3,高毒,593.0783,84.56108,,
c1n[nH]nc1-c1cc2c(c(-c3c(Cl)cccc3Cl)c1)C(c1ccc(Cl)cc1)N(c1cc(Cl)cn(C3CC(O)(CO)C3)c1=O)C2=O,中毒,6.3808517,8.960914,0.182666877,3.916990494
c1n[nH]nc1-c1cc2c(n1-c1cc(F)cc(Cl)c1)C(c1ccc(Cl)cc1)C(c1ccc(Cl)cc1)N(c1ccc(Cl)cc1)C3=O,高毒,593.0783,84.56108,,
c1n[nH]nc1-c1cn2c(-c3cnn4ncccc34)nnc2c1-c1ccn(C2P(=O)(O)O)cnc2n1,高毒,593.0783,84.56108,,
c1n[nH]nc1-c1cc2c(c(-c3c(Cl)cccc3Cl)c1)C(c1ccc(Cl)cc1)N(c1cc(Cl)cn(C3CC(O)(CO)C3)c1=O)C2=O,中毒,6.3808517,8.960914,0.182666877,3.916990494
c1n[nH]nc1-c1nc2c(c(-c3ccc4ncccc4c3)c1=O)C(c1ccc(Cl)cc1)NP(=O)(Nc1ccc(Br)cc1)N(Cc1ccoc1)C3=O,高毒,593.0783,84.56108,,
c1n[nH]nc1-c1c[nH]c2ncnc(-c3c=CC(O)C(=O)N4CC(F)(F)CC4C5CCC(O)(C5)C4)c3c12,高毒,593.0783,84.56108,,
c1n[nH]nc1-c1cc2c(n1-%12C1CC1)C(c1ccc(Cl)cc1)N(c1cc(Cl)cn(C3CC(O)(CO)C3)c1=O)C2=O,高毒,593.0783,84.56108,,
c1n[nH]nc1-c1nc(Sc2cc(C(F)(F)F)nc3[nH]cnc23)c(-c2cc(Cl)ccc2Oc2ncc(C#N)cc23)c1F,高毒,593.0783,84.56108,,
c1n[nH]nc1-c1cc2c(n1-c1cc(Cl)ccc1F)C(c1ccc(Cl)cc1)N(c1cc(Cl)cn(C3CC(O)C(O)C3)c1=O)C2=O,中毒,12.488247,11.513729,0.234878019,4.431061366
c1n[nH]nc1-c1cc2c(n1-c1ccc(Cl)cc1F)c1nc(Nc3ccc4[nH]ncc4c3)nc(Oc3ccsc3)c1C2,中毒,5.7524467,18.356636,0.195322067,3.569410771
c1n[nH]nc1-c1cc2n(c1-c1ccc(Cl)c(Cl)c1F)C(c1ccc(Cl)cc1)N(c1cc(Cl)cn(C3CC(O)(CO)C3)c1=O)C2=O,中毒,32.68572,13.503714,0.184374422,4.231506002
c1n[nH]nc1-c1cc2c(c(-c3n[nH]c4ncc(-c5cnn(C6CCN(Cc7cccnc7)CC6)c5=O)c(4)c2)COC4)c1,高毒,593.0783,84.56108,,
c1n[nH]nc1-c1nn2c(=O)cc(-c3ccc(NN=C4C(=O)Nc5cc(Cl)ccc55)cc4)nc3nc2c1-c1ccnn1C1CCCC1,高毒,593.0783,84.56108,,
c1n[nH]nc1-c1nc2c(s1)C(c1ccc(Cl)cc1)N(c1cc(Cl)cn(C4CC(O)(CO)C4O)c1=O)C2=O,中毒,59.929935,28.20462,0.288880814,4.729610738
c1n[nH]nc1-c1cc2c(c(-c3ccn4cc(-c5cnn(CCN(C6CC8)CC6)c5)nc4=O)nc(-c4cc5ccnc(Br)c5c)c4c(=O)n3n2)c1,高毒,593.0783,84.56108,,
c1n[nH]nc1-c1-c1cc2n(n1)-c1cc(Cl)c(Cl)cc1C(c1ccc(Cl)cc1)N(c1cc(Cl)cn(C3CC(O)C(O)C1)C3)c1=O,高毒,593.0783,84.56108,,
c1n[nH]nc1-c1cc(Oc2ccc(NC(=O)Nc3cnc(-c4c(F)cccc4F)cc3)c(F)c2)cc1O,高毒,593.0783,84.56108,,
c1n[nH]nc1-c1cc2c(n1-c1ccc(F)cc1F)C(c1ccccc1)N(c1cc(Cl)cn(C3CC(O)(CO)C3)c1=O)c1=O,高毒,593.0783,84.56108,,
c1n[nH]nc1-c1cc2c(c(-c3ccsc3)c1)C(c1ccc(Cl)cc1)N(c1cc(Cl)cn(C3CC(O)(CO)C3)c1=O)C2=O,中毒,7.6477833,13.447941,0.231210682,3.953818928
c1n[nH]nc1-c1cc2c(c(-c3ncc[nH]3)c1)C(c1ccc(Cl)cc1)N(c1cc(Cl)cn(C3CC(O)(CO)C3)c1=O)C2=O,中毒,15.809174,28.945686,0.227357742,4.040733214
c1n[nH]nc1-c1cc2c(n1-c1ccc(Cl)cc1F)C(c1ccc(Cl)cc1)N(c1ccCl)C(c1ccc(C#N)cc1)C1(C(=O)Nc3cc(()cn(C4CC5(C,高毒,593.0783,84.56108,,
c1n[nH]nc1-c1cc2c(c(-c3c(Cl)cccc3Cl)c1C#CC1(O)CCC3(CCC(C(N)=O)C(C3)C3)C1)C1C=CC1C2,高毒,593.0783,84.56108,,
c1n[nH]nc1-c1nc2n(c1-c1ccc(Cl)c(Cl)c1)C(c1ccc(Cl)cc1)N(c1cc-3ncnc3c1)C3,高毒,593.0783,84.56108,,
c1n[nH]nc1-c1cc2c(c(-c3csc(C(CNC(=O)c4nc5ccccn5n5)n4)C(n4cncn4)c4cc(F)ccc43)n1)C2,高毒,593.0783,84.56108,,
c1n[nH]nc1-c1cnc(N2CC3CN(S(=O)(=O)c4ccc5cc(CCN6N=NC(=O)CC6)ccc5c5)=C(c5ccc(F)cc5)C(c4ccc(F)cc4F)C3,高毒,593.0783,84.56108,,
c1n[nH]nc1-c1cc2c(n1-c1ccc(F)cc1F)C(c1ccc(Cl)cc1)N(c1cc(Cl)cn(C3CC(O)(CO)C3)c1=O)C2=O,中毒,12.488247,11.513729,0.244621212,4.0385462
c1n[nH]nc1-c1cc2c(c(-c3cc(-c4ccncc4)n[nH]3)c1)C1(CCC(c4ccc(F)c(Cl)c4)NC(=O)NC3=O)C(F)(C(F)(F)F)C(C2,高毒,593.0783,84.56108,,
c1n[nH]nc1-c1cc2c(-c3coc(-c4cn[nH]c4)c3)ncnc2cc1O,中毒,13.409153,47.95007,0.458203292,3.379070449
c1n[nH]nc1-c1cc2c(n1-c1ccc(C#CCN3CC4(CC4)N=C(c4cc(F)c(F)c(F)c4)C4=O)NC(c4cc1F)C(=O)N(c1cc(F)cc(F)c,高毒,593.0783,84.56108,,
c1n[nH]nc1-c1cc2c(c(-c3c(Cl)cccc3Cl)c1)C(c1ccc(Cl)cc1)N(c1cc(Cl)cn(C3CC(O)(CO)C3)c1=O)C2=O,中毒,6.3808517,8.960914,0.182666877,3.916990494
c1n[nH]nc1-c1nc(-c2ccncc2)n(C2CCN(C(S)=Nc3ccc(F)cc3F)CC2)c1=O,高毒,593.0783,84.56108,,
c1n[nH]nc1-c1cc2c(n1-c1ccc(F)cc1F)C(c1ccc(Cl)cc1)N(c1cc(Cl)cn(C3CC(O)(CO(=O)=O)C3)c1=O)C2=O,高毒,593.0783,84.56108,,
c1n[nH]nc1-c1cc2c(c(-c3cc6c(n4C(c4cc(F)cc(F)c4)C(c4ccc(Cl)cc4)C(c4ccc(Cl)cc4)C(OP(=O)(O)O)C5O)c3)C(N,高毒,593.0783,84.56108,,
c1n[nH]nc1-c1nc2c(c(-c3ccc(Cl)cc3)c1)C(c1ccc(Cl)cc1)N(c1cc(Cl)n((=O)=O)c1)C3=O,高毒,593.0783,84.56108,,
c1n[nH]nc1-c1cc2c(c(-c3csc(N=C(N)N)n3)c1)C(c1ccc(Cl)cc1)N(c1cc(Cl)cn(C3CCCC3)c1=O)C2=O,中毒,38.363045,9.674791,0.154429609,3.932609748
c1n[nH]nc1-c1cc2c(n1-c1ccc(Cl)cc1)C(c1ccc(Cl)cc1)N(c1cc(Cl)cn(C3CC(O)(CO)C3)c1=O)C2=O,中毒,14.882899,11.513729,0.235038859,3.958725058
c1n[nH]nc1-c1cc2c(n1-c1cccc(Cl)c1)C(c1ccc(Cl)cc1)N(c1cc(Cl)cn(C32CC(O)(CO)C4)c1=O)C3,高毒,593.0783,84.56108,,
c1n[nH]nc1-c1cc2c(n1-c1ccc(F)cc1F)C(c1ccc(Cl)cc1)N(c1cc(Cl)c3n[nH]c(=O)c3c1)C(=O)NC3c1ccc((F)c2)C(C(,高毒,593.0783,84.56108,,
c1n[nH]nc1-c1cc2c(c(-c3ccc6c5c(n(CC6CC7)c4c2=O)C(=O)C(C(C)(C)O)C4)CCc2c-3sc(=S)n3N=Cc2ccc(-s3nc(-c,高毒,593.0783,84.56108,,
c1n[nH]nc1-c1cc2c(nc1-c1cc(Cl)cc(Cl)c1)C(c1ccc(Cl)cc1)N(c1cc(Cl)cn(C3CC(O)C(O)C3)c1=O)C2=O,中毒,13.216523,12.087409,0.20314342,4.428763402
c1n[nH]nc1-c1cc2c(c(-c3c[nH]c4cc(OC(F)(F)F)ccc35)c12)C(c1ccc(Cl)cc1)N(c1cc(Cl)cn(C3CC(O)(CO)C3)c1=O),高毒,593.0783,84.56108,,
c1n[nH]nc1-c1cc2c(n1-c1ccc(Cl)cc1)C(N1CCCC1c1nc3ccccc3c3c1C4=NOC3(CO)C(O)C1O)C2,高毒,593.0783,84.56108,,
c1n[nH]nc1-c1c[nH]c2nc(-c3ccnn3-c3ccnc4ccc(Cl)cc34)cc12,高毒,593.0783,84.56108,,
c1n[nH]nc1-c1cc2c(n1-c1cccc(Cl)c1F)C(c1ccc(Cl)cc1)N(c1cc(Cl)cn(C3CC(O)(CO)C3)c1=O)C2=O,中毒,12.488247,11.513729,0.22687237,4.087190102
c1n[nH]nc1-c1cnc2c(c1)-c1cc(F)c(Cl)cc1C(c1cccc(Cl)c1F)=NC1(c3ccc(F)cc3)N=C(c3ccoc3)C1=N2,中毒,36.757736,15.055594,0.207326458,4.698620748
c1n[nH]nc1-c1cc2sc(-c3ccc6cn[nH]c6c5)cc3c2c2c1-c1cn[nH]c1cc2=O,高毒,593.0783,84.56108,,
c1n[nH]nc1-c1cc2c(n1-c1ccc(F)cc1F)C(c1ccc(Cl)cc1)N(c1cc(Cl)cn(C3CC(O)(CO)C3)c1=O)C2=O,中毒,12.488247,11.513729,0.244621212,4.0385462
c1n[nH]nc1-c1cc2c(n1-c1ccc(Cl)cc1F)C(c1ccc2c(c1)OCO3)C(c1ccc(Cl)cc1)N(c1cc(Cl)cn(C3CC(O)(CO)C3)c1=O)C,高毒,593.0783,84.56108,,
c1n[nH]nc1-c1cc2c(n1-c1ccc(Cl)cc1)C(c1ccc(Cl)cc1)N(c1cc(Cl)cn(C3CC(O)(CO)C3)c1=O)C2=O,中毒,14.882899,11.513729,0.235038859,3.958725058
c1n[nH]nc1-c1cc2c(c(-c3nc(-c4ccncc4)cn3CC3CC3)n1)N(c1cc(Cl)cn(C1CCOC3)c1=O)C2,高毒,593.0783,84.56108,,
c1n[nH]nc1-c1cc2c(n1-c1ccc(Sc3nccs3)cc1)C(c1cc2ccc(cc2)n1n1cc(C1CC1)nc1=O)C(c1ccc(Cl)cc1)N(c1cc(Cl)c,高毒,593.0783,84.56108,,
c1n[nH]nc1-c1cc2c(n1-c1ccc(Cl)cc1Cl)C(c1ccc(Cl)cc1)N(c1cc(Cl)cn(C3CC(O)(CO)C3)c1=O)C2=O,中毒,18.205946,11.513729,0.207895129,4.033490665
c1n[nH]nc1-c1cc2c(c(-c3c(Cl)cccc3Cl)c1)C(c1ccc4c(c1)OCO4)N(c1cc(Cl)cn(C3CC(O)(CO)C3)c1=O)C2=O,中毒,6.3808517,8.519041,0.202870959,4.032268743
c1n[nH]nc1-c1cc2c(c(-c3noc(-c4cc(-c5ccccc5)no4)n3)COC2)c1,中毒,496.14038,18.621597,0.556526472,3.467941725
c1n[nH]nc1-c1cc2c(n1-c1ccc(Cl)cc1F)C(c1ccc(Cl)cc1)N(c1cc(Cl)cn(C3CC(O)(CO)C3)C1=O)c1=O,高毒,593.0783,84.56108,,
c1n[nH]nc1-c1cc2c(c3nnc(-c4cnc(-c5cccc(Cl)c5)cc4)c23)n(C2CCCCC2)c1=S,高毒,593.0783,84.56108,,
c1n[nH]nc1-c1cc2c(-c3cnc1C4CC4CC4N3)ncIcc2c(Nc2ccc(F)cc2F)nc1=O,高毒,593.0783,84.56108,,
c1n[nH]nc1-c1nn2c(1)c(Oc1cccc3ccccc13)C(c1ccncc1)C1C(=O)Nc3c(Cl)cc(Cl)cc31,高毒,593.0783,84.56108,,
c1n[nH]nc1-c1cc2c(n1-c1ccc(F)cc1F)C(c1ccc(Cl)cc1C(F)(F)F)N(c1cc(Cl)cn(C3CC(O)(CO)C3)c1=O)C2=O,中毒,12.488247,12.110745,0.190578168,4.239028071
c1n[nH]nc1-c1cc2c(c(-c3cc(Cl)cc(Cl)c3)c1)C(c1ccc(Cl)cc1)N(c1cc(Cl)cn(C3CC(O)(1)CO)C3)c1=O,高毒,593.0783,84.56108,,
c1n[nH]nc1-c1cc2c(c(-c3c[nH]c4ccc(Br)cc34)c1)C(c1ccc(Cl)cc1)N(c1cc(Cl)cn(C3CC(O)(CO)C3)c1=O)C2=O,中毒,7.6477833,8.519041,0.151164098,4.026474179
c1n[nH]nc1-c1cc2c(n1-c1ccc(Cl)cc1)C(c1ccc(Cl)cc1)N(c1ccCl,高毒,593.0783,84.56108,,
c1n[nH]nc1-c1ccc2c(CCNc3ccnc(-c4csc(-c5ccnn5C(C(F)(F)F)C(F)(F)F)c4)c34)nc(Nc3ccc4[nH]ccc4c3)nc2c1,高毒,593.0783,84.56108,,
c1n[nH]nc1-c1cc2c(c(-c3c(Cl)cccc3Cl)c1)C(c1ccc(Cl)cc1)N(c1cc(Cl)cn(C3CC(O)(CO)C3)c1=O)C2=O,中毒,6.3808517,8.960914,0.182666877,3.916990494
c1n[nH]nc1-c1cc2[nH]c3cc(-c4nc5c(F)cccc5s6)nc(N4C5CCC4Cc4cncn6C5CC4)c3c2c1,高毒,593.0783,84.56108,,
c1n[nH]nc1-c1cc2ncc(-c3ccc(OC4CCSCC4)c(F)c3)c(O)c2c(=O)c1O,高毒,593.0783,84.56108,,
c1n[nH]nc1-c1cc2c((C1CCCO1)c1ccc(Cl)c(Cl)c3Cl)C(=O)N(c3ccc(OC(F)(F)F)cc3)C(=O)C2(CO)C1,高毒,593.0783,84.56108,,
c1n[nH]nc1-c1cc2c(n1-c1ccccc1Cl)C(c1ccc(Cl)n1)N(c1cc(Cl)cn(C3CC(O)(CO)C3)c1=O)C2=O,高毒,593.0783,84.56108,,
c1n[nH]nc1-c1cc2c(n1-c1ccccc1C=NO)CS2(=O)=O,中毒,142.84256,60.622875,0.427740705,3.518178934
c1n[nH]nc1-c1cc2c(n1-c1ncc(Cl)cc1Cl)C(c1ccc(Cl)cc1)N(c1cc(Cl)cn(C3CC(O)(CO)C3)c1=O)C2=O,中毒,18.205946,11.513729,0.22394451,4.146083535
c1n[nH]nc1-c1cc2c(c(-c3c[nH]c4ncc(Cl)cc34)c1)CN(C1CCC(F)(F)C3)C(c3ccc(Cl)cc3)C(C1)N(c1cc(Cl)cn(C3CC(O,高毒,593.0783,84.56108,,
c1n[nH]nc1-c1cc2c(n1-c1ccc(Br)cc1F)C(c1ccc(Cl)o1)N(c1cc(Cl)cn(C3CC(O)(CO)C3)c1=O)C2,中毒,17.224394,11.513729,0.22034634,4.322135663
c1n[nH]nc1-c1cn2cC(c3cnc4c(-n5ccnc5)nc(-c5nc6ccccc6s5)cn34)cc2n1,高毒,593.0783,84.56108,,
c1n[nH]nc1-c1cc2c(c(-c3nc(NC4CCc5nc(-c6ccoc6)sc5C(N)=O)ccc4n3)CCC3)cc12,高毒,593.0783,84.56108,,
c1n[nH]nc1-c1cc2c(c(-c3c(Cl)cccc3Cl)c1Nc1ccc(Cl)cc1)C(c1ccc(Cl)cc1)C(c1ccc(Cl)cc1)N3,高毒,593.0783,84.56108,,
c1n[nH]nc1-c1cc2c(cc(Oc3cc4c(N#Cc5ccccn5)cccc5c3F)C2)n1,高毒,593.0783,84.56108,,
c1n[nH]nc1-c1cc2c(n1-c1ccc(F)cc1F)C(c1ccc(Cl)cc1)N(c1cc(Cl)cn(C3CC(O)(CO)C3)c1=O)C2=O,中毒,12.488247,11.513729,0.244621212,4.0385462
c1n[nH]nc1-c1cc2c(c(-c3ccsc3)c1)C(c1ccc(Cl)cc1)N(c1cc(Cl)n(C4CC(O)(CO)C4)c13)C2,高毒,593.0783,84.56108,,
c1n[nH]nc1-c1cc2c(c(-c3c(Cl)cccc3Cl)c1)C(c1ccc(Cl)cc1)N(c1cc(Cl)cn(C3CC(O)(CO)C5)c3=O)c1=O,高毒,593.0783,84.56108,,
c1n[nH]nc1-c1cc2c(n1-c1cc(Cl)cc(Cl)c1)C(c1ccc(Cl)cc1)N(c1cc(Cl)cn(C3CC(F)(F)C3)c1=O)C2=O,中毒,22.035963,14.026334,0.208552791,4.041988847
c1n[nH]nc1-c1cc2c(n1-c1cc(Cl)cc(Cl)c1)C(c1ccc(Cl)cc1)N(c1cc(Cl)cn(C)c1=O)C32,高毒,593.0783,84.56108,,
c1n[nH]nc1-c1cc2c(-c3ccc(OCc4nccn4-c4ccc(C(F)(F)F)s4)cc3F)ncnc2c1,高毒,593.0783,84.56108,,
c1n[nH]nc1C12CC3CC(C1)C(N)(C(=O)Nc1ccn4ncc(Cl)c4c1)(C3)C2,高毒,593.0783,84.56108,,
c1n[nH]nc1-c1cc2sc(-c3c(F)cccc3Cl)cc2c1-c1ccnc(NC2CCOCC2)c1,高毒,593.0783,84.56108,,
c1n[nH]nc1-c1cc2c(c(-c3ccc(F)c(F)c3)c1)C(c1ccc(Cl)cc1)N(c1cc(Cl)cn(C3CC(O)(CO)C3)c1=O)C2=O,中毒,6.3808517,8.960914,0.216988584,3.898431153
c1n[nH]nc1-c1cc2c(c(-c3ccnc(C4(O)CCNCC4)c3)c1)C(c1ccc(Cl)cc1)N(c1cc(Cl)cn(C3CC(O)(CO)C3)c1=O)C2=O,中毒,10.149779,13.447941,0.164322202,4.283902585
c1n[nH]nc1-c1cc2c(c(-c3nc4c(Cl)cc(Cl)cc4[nH]c3=O)C2)c1N1C(=O)N(c2cc(Cl)cc(Cl)c2)C(=O)C1(C#N)C#N,中毒,24.294966,14.3937645,0.27231564,4.09890992
c1n[nH]nc1-n1cc2c(n1)-c1cc(Cl)c(Oc3ccc(N4CCc5cc6n(n5)C(=O)NC6)cc5c4C3)cc1C2,高毒,593.0783,84.56108,,
c1n[nH]nc1-c1cc2c(n1-c1ccc(Cl)c(Cl)c1)C(c1ccc(Cl)cc1)N(c1cc(Cl)cn(1)COC1C3CCC(OC(=O)c4ccc(Cl)cc4)c4nc(s,高毒,593.0783,84.56108,,
c1n[nH]nc1-c1cc1c(c(-c2cc(OC(CF)CF)c3c(=O)c(OC(F)(F)F)cn(-c4cccc(C(F)(F)F)c4)c3OCC3CC3)C(O)C(O)C12,高毒,593.0783,84.56108,,
c1n[nH]nc1-c1cCc(Oc2ccc(OC3CCC3)cc2-c2ccnc3[nH]c(-c4c(F)c(F)c(F)c(F)c4c4=O)nc23)cc1,高毒,593.0783,84.56108,,
c1n[nH]nc1-c1cc2c(c(-c3cc(F)cc(Br)c3)c1)C(c1ccc(Cl)cc1)N(c1cc(Cl)cn(C3)c1=O)C3=O,高毒,593.0783,84.56108,,
c1n[nH]nc1-c1cc2sc(-c3cnn4ncccc45)cc3c2c1,高毒,593.0783,84.56108,,
c1n[nH]nc1-c1cc2c(c(-c3ccc(Cl)cc3)c1)C(c1ccc(Cl)cc1)N(c1cc(Cl)c[nH]c1=O)C3=O,高毒,593.0783,84.56108,,
c1n[nH]nc1-c1cc2c(n1-c1ccc(Cl)cc1F)C(c1ccc(Cl)cc1)N2c1nc2c(c(-c3ccc(Cl)cn3)c1)C(c1ccc(Cl)cc1)N(c1ccCl)C,高毒,593.0783,84.56108,,
c1n[nH]nc1-c1cc2n(c1-c1ccc(F)cc1F)C(c1ccc(Cl)cc1)N(c1cc(Cl)cn(C3CC(O)(CO)C3)c1=O)C2=O,中毒,32.68572,13.503714,0.241282669,4.105476031
c1n[nH]nc1-c1cc2c(c(-c3c(Cl)cccc3Cl)c1)C(c1ccc(Cl)cc1)N(c1cc(Cl)cn(C3CC(O)(CO)C3)c1=O)C2=O,中毒,6.3808517,8.960914,0.182666877,3.916990494
c1n[nH]nc1-c1nc2oc(-c3cc4sc(-c5cc6ccc(CN7CC(O)C8,高毒,593.0783,84.56108,,
c1n[nH]nc1-c1cc2c(c(-c3cn(-c4ccccc4)c4ncnc(NCc5cccs5)c34)c1)CN(c1cc(Cl)cn(C3CC(O)(CO)C3)c1=O)C2=O,中毒,9.007858,11.513729,0.148257699,3.781092439
c1n[nH]nc1-c1cc2c(c(-c3c(Cl)cccc3Cl)c1)C(c1ccc(Cl)cc1)N(c1cc(Cl)cn(C3CC(O)(CO)C3)c1=O)C2=O,中毒,6.3808517,8.960914,0.182666877,3.916990494
c1n[nH]nc1-c1cc2c(nc1-c1ccc(Cl)cc1)C(c1ccc(Cl)cc1)N(c1cc(Cl)cn(C3CC(O)C(O)C3)c1=O)C2=O,中毒,13.216523,12.087409,0.229926509,4.30613739
c1n[nH]nc1-c1cc2c(c(-c3cc[nH]c3=O)c1)C(c1ccc(Cl)cc1)N(c1cc(Cl)cn(C3CC(O)(CO)C3)c1=O)C2=O,高毒,593.0783,84.56108,,
c1n[nH]nc1-c1cc2c(n1-c1ccc(Cl)cc1F)C(c1ccc(Cl)cc1)N(c1cc(Cl)cn(C3CC(O)(CO)C3)c1=O)C2=O,中毒,12.488247,11.513729,0.22687237,4.043844886
c1n[nH]nc1-c1cc2c(c(-c3c(Cl)cccc3Cl)c1)C(c1ccc(Cl)cc1)N(c1cc(Cl)cn(C3CC(O)(CO)C3)c1=O)C2=O,中毒,6.3808517,8.960914,0.182666877,3.916990494
c1n[nH]nc1-c1cc2c(n1-c1ccc(Cl)cc1)C(c1ccc(Cl)cc1)N(c1cc(Cl)cn(C3CC(O)(CO)C3)c1=O)C2=O,中毒,14.882899,11.513729,0.235038859,3.958725058
c1n[nH]nc1-c1cc2c(c(-c3cc(Cl)ccc3Cl)c1)C(c1ccc(Cl)cc1)N(c2cc(Cl)cn(C3CC(O)(CO)C3)c1=O)C2=O,高毒,593.0783,84.56108,,
c1n[nH]nc1-c1cc2c(c(-c3ccn5nc(-c6cccc(C(F)(F)F)c6)nc5c4=O)C(c4ccc(Cl)cc4F)C(c4ccc(Cl)cc4)C3)c(c12)C(,高毒,593.0783,84.56108,,
c1n[nH]nc1-c1cc2c(c(-c3ccnc(N4C1=O)c3cnn(C5CCN(Cc6n[nH]c(=O)n6CCc6ccco6)c5)c(=O)c34)C1)C-2,高毒,593.0783,84.56108,,
c1n[nH]nc1-c1cc2c((C3CCOC3)C(c3ccc(Cl)cc3)N(c3cccnc3)C3=C2C(=O)CC(C(=O)O)C3)c2cc(-c3[nH]c(-c4ccccn4,高毒,593.0783,84.56108,,
c1n[nH]nc1-c1c[nH]c2ncc(-c3ccc(C#C(=O)NCCCN4C(=O)C1)cc34)cc12,高毒,593.0783,84.56108,,
c1n[nH]nc1-c1cc2c(c(-n3nc(-c4cccs4)cc3=O)CN(c3nc4c(s3)CCc3cCl)C(CN3)CC2)c1,高毒,593.0783,84.56108,,
c1n[nH]nc1-c1c(-c2ccc(F)cc2)nc2sc(-c3cc(O)cc(O)c3)c(-c3cc4ccsc4n3)c12,高毒,593.0783,84.56108,,
c1n[nH]nc1-c1cn2c(-c3cnc(N4CC5C=CC5c5c(F)nc(C6CC6)nc56)nc4c5cnc(N6CCOCC6)nc54)nc(c3c2)n1,高毒,593.0783,84.56108,,
c1n[nH]nc1-c1nn(-c2ccccc2)c2c1C(c1ccc(Cl)cc1)C1=C(O)C3C4CC5CC(C4)CC3C3(C=O)=CC1=C2,高毒,593.0783,84.56108,,
c1n[nH]nc1-c1cc2c(c(-c3c(Cl)cccc3Cl)c1)C(c1ccc(Cl)cc1)N(c1cc(Cl)cn(C3CC(O)(CO)C3)c1=O)C2=O,中毒,6.3808517,8.960914,0.182666877,3.916990494
c1n[nH]nc1-c1cc2c(s1)Oc1cc(F)c(-c3csc(Cc4ccc(Cl)cc4)c3=O)cc1C2,高毒,593.0783,84.56108,,
c1n[nH]nc1-c1noc(-c2ccc3c(c2)CCn2c-3cc(OC4COC(CO)C(O)C4O)c(C(F)(F)F)c23)c1=O,高毒,593.0783,84.56108,,
c1n[nH]nc1-c1nnc2cnc(-c3cc(F)c(O)c(Cl)c3)cc12,高毒,593.0783,84.56108,,
c1n[nH]nc1-c1cc2c(nn1)CC12C(c2ccc(Cl)cc2)NC(c2ccc(Cl)cc2)N(c2ccc(Cl)cc2)C13,高毒,593.0783,84.56108,,
c1n[nH]nc1-c1cc2c(n1-c1ccc(Cl)c(Cl)c1)C(c1ccc(Cl)cc1)C(4c1ccc(C(F)(F)F)cc1)N(c1cC(Cl)C(=O)c4c1C(F)(F)F,高毒,593.0783,84.56108,,
c1n[nH]nc1-c1cc2cc[nH]c(=O)c2c2nc(-c3cnc4[nH]ccc4c3)c(-c3ccnc(Br)c3)c12,高毒,593.0783,84.56108,,
c1n[nH]nc1-c1cc2c(n1-c1ccc(Cl)cc1F)C(c1ccc(Cl)cc1)N(c1cc(Cl)cn(C3CC(O)C(O)(C5CC5)C5)c1=O)C3=O,高毒,593.0783,84.56108,,
c1n[nH]nc1-c1cc2c(n1-c1cc(Cl)cc(Cl)c1C(F)(F)F)C(c1cccClc1Cl)N(c1cc(Cl)cn(C3CC(O)(CO)C(O)C3)c1=O)C2=O,高毒,593.0783,84.56108,,
c1n[nH]nc1-c1cc2c(n1-c1ccc(Cl)cc1F)C(c1ccc(Cl)cc1)N(c1cc(Cl)cn(C3CC(O)C(O)C3)c1=O)C2=O,中毒,12.488247,11.513729,0.234878019,4.426733326
c1n[nH]nc1-c1cc2[nH]c(-c3cnn(C4CCNCC4)c3)nc2c1,高毒,593.0783,84.56108,,
c1n[nH]nc1-c1cc2c(c(-c3coc(-c4csc(-c7cnoc5)n5)c3=O)C1)CCCC2,高毒,593.0783,84.56108,,
c1n[nH]nc1-c1cc2c(nc1-c1cccc(F)c1)C(c1ccc(Cl)cc1)N(c1cc(Cl)cn(C3CC(O)(CO)C3)c1=O)C2=O,中毒,13.718216,12.087409,0.240792765,3.958651595
c1n[nH]nc1-c1cc2c(n1-c1ccc(Cl)cc1)C(c1ccc(Cl)cc1)N(c1cc(Cl)cn(C3CC(O)(CO)C5)c1=O)C3=O,高毒,593.0783,84.56108,,
c1n[nH]nc1-c1cc2cc(-c3cc4cccnc4nc3C3CC3)ccc2s1,高毒,4.4707093,80.60077,0.476062816,2.957438077
c1n[nH]nc1-c1cc2c(c(-c3cc(Oc4ccc5cccnc5c4)c4c(NCc6ccc(Cl)cc6F)c(Cl)ccc5c4c3O)C(OP(=O)(O)O)C(O)C(O)C1,高毒,593.0783,84.56108,,
c1n[nH]nc1-c1nc2[nH]c(=O)c3ccccc3c2nc1-c1cc(C2CC2)no1,中毒,38.42477,85.69888,0.466924387,3.10303625
c1n[nH]nc1-c1cc2n(c1-c1cc3c(cc1F)c1c(c1cc(Cl)ccc12)COC(=O)C3)CCN3,高毒,593.0783,84.56108,,
c1n[nH]nc1-c1cc2c(c(-c3ccc4cc(Br)c(Br)cc4c3)c1)C(c1ccc(Cl)cc1)N(c1cc(Cl)cn(C3CC(O)(CO)C3)C4=O)c1=O,高毒,593.0783,84.56108,,
c1n[nH]nc1-c1cc2c(c(-c3c(Cl)cccc3Cl)c1)C(c1cccs1)C(c1ccc(Cl)cc1)N(c1ccCl)C(C)C3,高毒,593.0783,84.56108,,
c1n[nH]nc1-c1cc2c(c(-c3c(Cl)cccc3Cl)c1)C(c1ccc(Cl)cc1)N(c1cc(Cl)cn(]1)C3)c1cc2c(c1=O)C(c1cccs1)=C(N)N3,高毒,593.0783,84.56108,,
c1n[nH]nc1-c1cc2c(c(-c3c(Cl)cccc3Cl)c1)C(c1ccc(Cl)cc1)N(c1cc(Cl)cn(C3CC(O)(CO)C3)c1=O)C2=O,中毒,6.3808517,8.960914,0.182666877,3.916990494
c1n[nH]nc1-c1noc(-c2cn3c(-c4ccc5ccc6cc(F)cc(F)c6c7c(=O)[nH]c6cnc45)ccc34)nc12,高毒,593.0783,84.56108,,
c1n[nH]nc1-c1cnn(C2CC(O)(c3ncc(Br)cc3F)C(O)C2)c1=O,高毒,593.0783,84.56108,,
c1n[nH]nc1-c1cc(N2CC2)n2nc(-c3ccc4c(c3)OCCO4)c(C(O)C3CCOC3)c2c1,中毒,5.7252584,150.58313,0.437300692,4.004741291
c1n[nH]nc1-c1cc2c(c(-c3cccc(Cl)c3)c1)C(c1ccc(Cl)cc1)N(O)c1N(C1CC1)C2=O,高毒,593.0783,84.56108,,
c1n[nH]nc1-c1cc2c(n1-%10c1ccc(Oc4ccc(Cl)cn4)cc1)C(c1ccc(Cl)cc1)N(c1cc(Cl)cs3)C(=O)C12,高毒,593.0783,84.56108,,
c1n[nH]nc1-c1cc2c(n1-c1ccc(Cl)cc1)C(c1ccc(Cl)cc1)N(c1cc(Cl)cn(C3CC(O)(CO)C3)c1=O)C2=O,中毒,14.882899,11.513729,0.235038859,3.958725058
c1n[nH]nc1-c1cc2c(n1-c1ccc(Cl)cc1)C(c1ccc(Cl)cc1)N(c1cc(Cl)cn(C3CCOCC3)C1=O)c1=O,高毒,593.0783,84.56108,,
c1n[nH]nc1-c1cc2c(c(-c3c(Cl)cccc3Cl)c1)C(c1ccc(Cl)cc1)N(c1cc(Cl)cn(C34CCC(O)(CC3)C4)c1=O)C2,中毒,16.57991,9.912456,0.194896089,4.863524933
c1n[nH]nc1-c1cc2c(n1-c1cc(F)cc(F)c1F)C(c1ccc(Cl)cc1)N(c1cc(Cl)cn(C3CC(O)(CO)C3)c1=O)C2=O,中毒,12.488247,11.513729,0.221775121,4.180367171
c1n[nH]nc1-c1cc2c(n1-c1ccc(F)cc1F)C(c1ccc(Cl)cc1)N(c1cc(Cl)cn(C3CC(O)C(O)C3)c1=O)C2=O,中毒,12.488247,11.513729,0.253238173,4.421477371
c1n[nH]nc1-c1cn2c(-c3cnc(NC(CF)c4cncc(F)n4)cc3F)cc(-c3cnc(OC4CCNC4)nc3)c2n1,高毒,593.0783,84.56108,,
c1n[nH]nc1-c1cc2c(c(-c3c(Cl)cccc3Cl)c1)C(c1cccc(Cl)c1)N(c1cc(Cl)cn(C3CC(O)(CO)C3)c1=O)C2=O,中毒,6.3808517,8.960914,0.182666877,3.944231153
c1n[nH]nc1-c1cc2c(n1-c1ccc(F)cc1F)C(c1ccc(Cl)cc12)N(c2ccCl)C(c2ccc(Cl)cc2)N(C2CC(O)(CO)CC2)C1,高毒,593.0783,84.56108,,
c1n[nH]nc1-c1ccc(-c2coc(,高毒,593.0783,84.56108,,
c1n[nH]nc1-c1cc2c(c(-c3cc4snc(-c5c[nH]c7ccccc65)c5c3)CN(C3CCC(O)(CC5CC5)CC4)c3=O)C(c3ccc(Cl)c(Cl)c3),高毒,593.0783,84.56108,,
c1n[nH]nc1-c1cc2c(c(-c4cn[nH]c4)c12)C(c1ccc(Cl)cc1)N(c1cc(Cl)cn(C3CC(=O)N(C)C3)c1=O)C2=O,高毒,593.0783,84.56108,,
c1n[nH]nc1-c1cc2c(n1-c1ccc(Cl)cc1Cl)C(c1ccc(Cl)cc1)N(c1cc(Cl)cn(C3CC6(C(=O)NC6(C7CCC(=O)C7)CC7)c5Cl)C(=,高毒,593.0783,84.56108,,
c1n[nH]nc1-c1cc2c([nH]1)C(c1ccc(Cl)cc1)(c1ccc(Cl)c1F)N(c1cc(Cl)cn(C3CC(O)(O)C3)c1=O)C2=O,高毒,593.0783,84.56108,,
c1n[nH]nc1-c1c[nH]c2nc(NCc3cccnc3)c(-c3cccs3)c(=O)c12,高毒,593.0783,84.56108,,
c1n[nH]nc1-c1cc2c(c(-c3c(Cl)ncnc3Cl)c1)C(c1cccc(Cl)c1)N(c1cc(Cl)cn(C3CC(O)(CO)C3)c1=O)C2=O,中毒,6.3808517,13.447941,0.198228004,4.150089395
c1n[nH]nc1-c1cnc2[nH]c(-c3cc(N4CCN(c5cc(N6CCOCC6)ncn5)CC4)nc3-c3ccc(F)n3)nc2c1,高毒,593.0783,84.56108,,
c1n[nH]nc1-c1cc2c(n1-c1ccc(F)cc1)C(c1ccc(Cl)cc1)N(c1cc(Cl)cn(3)c1)C2=O,高毒,593.0783,84.56108,,
c1n[nH]nc1-c1cc2c(n1-c1ccc(Cl)cc1)C(c1ccc(Cl)cc1)N(c1cc(Cl)cn(C3CC(O)(CO)C3)c1=O)C2=O,中毒,14.882899,11.513729,0.235038859,3.958725058
c1n[nH]nc1-c1cc2c(n1-c1ccc(Cl)cc1)C(c1ncNcc1ccOC1C1C(=O)N(c4ccnc(Cl)c4)C(=O)N3C1)N(c1ccc(Cl)cc3NCc3cc,高毒,593.0783,84.56108,,
c1n[nH]nc1-c1cc2sc(CCc3nc4cc(OC(F)(F)F)cnc4s3)c2c(=O)[nH]1,高毒,593.0783,84.56108,,
c1n[nH]nc1-c1cc2c(c(-c3c(F)cccc3Cl)c1)CC(c1ccc(Cl)cc1CF)N(c1cc(Cl)cn(C3CC(O)(CO)C3)c1=O)C2=O,中毒,15.809174,17.379768,0.169285311,4.185670624
c1n[nH]nc1-c1nc2c(c(-c3c(Cl)cccc3Cl)c1)C(c1ccc(Cl)cc1)N(c1cc(Cl)cn(C3CC(O)(CO)C3)c3=O)c12,高毒,593.0783,84.56108,,
c1n[nH]nc1-c1nc2c(c(-c3ccc(C4(NCC5CCC5)CC4)n3)n1)CN2,高毒,593.0783,84.56108,,
c1n[nH]nc1-c1cc2c(n1-c1ccccc1F)C(c1ccc(Cl)cc1)N(c1cc(Cl)cn(C3CC(O)(CO)C3)c1=O)C2=O,中毒,12.488247,11.513729,0.252765996,3.984470894
c1n[nH]nc1-c1cc2c(n1-c1ccc(F)cc1F)C(c1ccc(Cl)cc1)N(c1cc(Cl)cn(C3CC(O)(CO)C3)c1=O)C2=O,中毒,12.488247,11.513729,0.244621212,4.0385462
c1n[nH]nc1-c1cc2c(c(-c3cc(F)cc(Cl)c3)c1)C(c1ccc(Cl)cc1)N(c1cc(Cl)cn(C3CC((O)(=O)=O)CC3)c1=O)C2=O,高毒,593.0783,84.56108,,
c1n[nH]nc1-c1cnc2[nH]cc(-c3cc4c([nH]3)CC(N3CCc5ccccc5C4)C(=O)C3)c2c1,中毒,7.1899166,42.998955,0.383493048,4.23234824
c1n[nH]nc1-c1cc2c(c(-c3c(Cl)cccc3Cl)c1)Nc1ccc(Cl)cc1C=C2c1c[nH]c2ncc(N3CCC(F)(CO)CC3)c(C3CC3)c12,中毒,11.205899,32.18197,0.136045113,3.964626979
c1n[nH]nc1-c1cc2c(n1-c1ccccc1Cl)C(c1ccc(Cl)cc1)N(c1cc(Cl)cn(C3CC(O)(CO)C3)c1=O)C2=O,中毒,18.205946,11.513729,0.235038859,3.98313434
c1n[nH]nc1-c1cc2c(n1-c1ccc(Cl)cc1F)C(c1ccc(Cl)cc1)N(c1cc(Cl)cn(C3CC(O)(CO)C3)c1=O)C2=O,中毒,12.488247,11.513729,0.22687237,4.043844886
c1n[nH]nc1-c1cc1c2c(n1-c1ccc(Cl)cc1)C(c1ccc(Cl)cc1)N(c1cc(Cl)cn(C3CC(O)(CO)C3)c1=O)C2=O,高毒,593.0783,84.56108,,
c1n[nH]nc1-c1cc2c(n1-c1ccc(Cl)cc1Cl)C(c1ccc(Cl)cc1)N(c1cc(Cl)cn(C3CC(O)(CO)C3)c1=O)C2=O,中毒,18.205946,11.513729,0.207895129,4.033490665
c1n[nH]nc1-c1nc2c(F)cc(Br)cn2c1=O,高毒,593.0783,84.56108,,
c1n[nH]nc1-c1cc2c(n1-c1ccc(Cl)cc1F)C(c1ccc(Cl)cc1)N(c1cc(Cl)cn(C3CC(O)(CO)C3)c1=O)C2=O,中毒,12.488247,11.513729,0.22687237,4.043844886
c1n[nH]nc1-c1cc2c(n1-c1ccc(Cl)cc1F)C(c1ccc(Cl)cc1)N(c1cOc3OCC(C(=O)O)C3C1)C(c1ccc(Cl)cc1)C23,高毒,593.0783,84.56108,,
c1n[nH]nc1-c1cc2c(c(-c3c(Cl)cc(Cl)cc3Cl)c1)C(c1ccc(Cl)cc1)N(c1cc(Cl)cn(C3CC(O)(CO)C3)c1=O)C2=O,中毒,6.3808517,8.960914,0.168559174,3.989965172
c1n[nH]nc1-c1nc(N2CCOCC2)sc1-c1c(N1CCN(Cc2ccoc2)CC2)nc2c(C3CC3)cc(C3CC3)c(Cl)c2c1=O,高毒,593.0783,84.56108,,
c1n[nH]nc1-c1cc2c(c(-c3c(Cl)cccc3Cl)c1)C(c1ccc(Cl)cc1)N(c1cc(Cl)cn2C2CC(O)C(O)C2)C1=O,中毒,27.780794,74.76642,0.211654984,5.040342851
c1n[nH]nc1-c1cc2c(c(CNCc3c(F)cccc3F)n1)CCN(C(c1ccccc1)c1ccccc1=O)CC2,高毒,593.0783,84.56108,,
c1n[nH]nc1-c1c[nH]c2ncc(-c3c(SS4CC(=O)NC4=O)cc4ncnc(Nc5ccc(F)c(Br)c5O)c34)cc12,高毒,593.0783,84.56108,,
c1n[nH]nc1-c1cc2c3c(nc(-c4cccc5[nH]ccc56)c3c(c2=O)OCC4)c(N2CCC(F)C2)C1,高毒,593.0783,84.56108,,
c1n[nH]nc1-c1cc2c(c(-c3nc4c(n3-c3cccc(F)c3)C2(O)C(F)(F)C(F)(F)C(F)(F)F)C(c2cccc(Cl)c2)C(c2ccc(Cl)cc2,高毒,593.0783,84.56108,,
c1n[nH]nc1-c1nc2sc(-c3cc4c2C(c2ccc(Br)cc4)Oc4cc(O)ccc4-c4c3c2C(c2ccc(O)cc2)C2=C(O)OC(NS(=O)(=O)N3CC,高毒,593.0783,84.56108,,
c1n[nH]nc1-c1c(-c2ccsc2)noc1Nc1ncc(Cl)c(Nc2ccccc2Br)c1=O,高毒,593.0783,84.56108,,
c1n[nH]nc1-c1cc2c(c(-c3cn[nH]c3)c1)nc(NCc1cccc(Oc4cccc(Cl)c4)c1)C(c1ccc(Cl)cc1C(F)(F)F)C3,高毒,593.0783,84.56108,,
c1n[nH]nc1-c1cc2n(n1)CCC(Nc1cc(-c3ccnc(NC4CC4)n3)c(-c3ccncc3)n1)C2,高毒,593.0783,84.56108,,
c1n[nH]nc1-c1nc2c(n1-c1ccc(F)cc1F)C(c1ccc(Cl)cc1)N(c1ccCl)C(c1ccc(Cl)cc1)N(c1ccCl)C(=O)C12CC(C#N)(C(=O,高毒,593.0783,84.56108,,
c1n[nH]nc1-c1cc2c(c(-c3c(Cl)cccc3Cl)c1)C(c1ccc(Cl)cc1)N(c1cc(Cl)cn(C3CC(O)(CO)C3)c1=O)C2=O,中毒,6.3808517,8.960914,0.182666877,3.916990494
c1n[nH]nc1-c1cc2c(n1-c1ccc(Cl)c(Cl)c1)C(c1ccc(Cl)cc1)N(c1cc(Cl)cn(C3CC(O)(CO)C3)c1=O)C2=O,中毒,14.882899,11.513729,0.207895129,4.029063273
c1n[nH]nc1-c1cc2c(c(-c3cnc4c5c(sc34)CCSC5)c1)C(c1cccnc1)N(c1cc(Cl)cn(C3CC(O)(CO)C3)c1=O)C2,高毒,593.0783,84.56108,,
c1n[nH]nc1-c1nc2c(c(NCc3ccc4ccn(C5CC(CO)C(O)C5)c4)c(=O)c2c1)CCNC3,高毒,593.0783,84.56108,,
c1n[nH]nc1-c1cnc2nc(Nc3ccc4[nH]ncc4c3)c(-c3ccnc4[nH]ccc34)c2c1,高毒,593.0783,84.56108,,
c1n[nH]nc1-c1cc2c(c(-c3c(Cl)cccc3Cl)c1)C(c1ccc(Cl)cc1)N(c1ccCl)c(=O)n(C3CC(o4ccnc4)C4)c12,高毒,593.0783,84.56108,,
c1n[nH]nc1-c1cc2c(n1-c1ccc(F)cc1)C(c1ccc(Cl)cc1)N(c1cc(Cl)cn(C3CC(O)(CO)C3)c1=O)C2=O,中毒,14.882899,11.513729,0.252765996,3.961679667
c1n[nH]nc1-c1nc2c(n1-c1ccc(Cl)cc1)C(c1ccc(Cl)cc1)N(c1cc(Cl)cn(C3CC(O)(CO)C3)c1=O)C2=O,中毒,23.043425,34.717995,0.247048027,3.985087677
c1n[nH]nc1-c1cc2c(n1-c1ccc(Cl)cc1)c(c2c(Cl)cnn3cccc13)c1cnc(-c2cnc(C3CCO3)o3)c(Cl)c12,高毒,593.0783,84.56108,,
c1n[nH]nc1-c1cc2c(c(-c3c(Cl)cccc3Cl)c1)C(c1ccc(C#N)cc1)N(c1cc(Cl)cn(C3CC(O)(CO)C3)c1=O)C2=O,中毒,6.3808517,8.960914,0.202076648,3.997951967
c1n[nH]nc1-c1cc2n(c1-c1ccc(Cl)c(Cl)c1)C(c1ccc(Cl)cc1)N(c1cc(Cl)cn(C3CC(O)(CO)C3)c1=O)C2=O,中毒,19.951618,13.503714,0.203710654,4.08725089
c1n[nH]nc1-c1cc2c(c(-c3ccnc4cc(Cl)ccc34)c1)CN(c1cn(-c4cc(-c5cccnc5)n[nH]4)c(=O)c4ncccc34)CC12,高毒,593.0783,84.56108,,
c1n[nH]nc1-c1noc(-c2cc3ccccc3c(O)c2-c2ccc3ncc(N4CCOCC4)cc3c2)c1=O,高毒,593.0783,84.56108,,
c1n[nH]nc1-c1nc2c(c(-c3c(Cl)ccc(OC(F)F)c3F)c1Br)C(c1ccc(Cl)cc1)N(c1cc(Cl)cn(C3CC(O)(CO)C3)c1=O)C2=O,中毒,37.24519,13.503714,0.15248174,4.359941923
c1n[nH]nc1-c1cc2c(c(-c3c(Cl)cccc3Cl)c1)C(c1ccc(Cl)cc1)S(c1ccc(Cl)cc1)N(c1cc(Cl)cn(C3CC(O)(CO)C3))c1=O,高毒,593.0783,84.56108,,
c1n[nH]nc1-c1cc2c(c(-c3ccc(Cl)cc3Cl)c1)C(c1ccc(Cl)cc1)N(c1cc)(c4ncn(C)c4cc3F)C(C2)N1,高毒,593.0783,84.56108,,
c1n[nH]nc1-c1cc2c(n1-c1ccc(Cl)cc1)C(c1ccc(Cl)cc1)N(c1cc(Cl)cn(C3CC(O)(CO)C3)c1=O)C2=O,中毒,14.882899,11.513729,0.235038859,3.958725058
c1n[nH]nc1-c1cc2c(n1-c1ccc(Cl)cc1F)C(c1ccc(Cl)cc1)N(c1cc(Cl)c(=O)n(C3CC(O)C(O)C3)c1)C2,中毒,15.763229,13.213944,0.227458018,4.483281653
c1n[nH]nc1-c1coc(-c2nc(Nc3ccc(Oc4ccccc4)nc3)ncc2Cl)c1,中毒,3.9670677,21.50749,0.380991913,2.963466078
c1n[nH]nc1-c1cc2[n+](c(-c3ccc4c(c3)OCO4)c1-c1ccc(Br)cc1O,高毒,593.0783,84.56108,,
c1n[nH]nc1-c1cc2c(n1-c1ccc(Cl)cc1)C(c1ccc(Cl)cc1)N(c1cc(#N)n(C3CCS(=O)(=O)C3)C3)c(=O)c1C2c1c(F)ccc(F,高毒,593.0783,84.56108,,
c1n[nH]nc1-c1cc2c(n1-c1ccc(F)cc1F)C(c1ccc(Cl)cc1)N(c1ccCl)C(c1ccc(Cl)cc1)N(c1ccCl)C3(O)C2(=O)CC(P5=O)(,高毒,593.0783,84.56108,,
c1n[nH]nc1-c1nc2cc(-n3c(-c4cnn5ccc6ccsc56)cnc4c3Cl)c(Oc3ccsc3)nc2[nH]1,高毒,593.0783,84.56108,,
c1n[nH]nc1-c1csc2nc(C=Cc3cc(Oc4ccc(Cl)c(S(=O)(=O)N5CC6CC(C5)N[S+]([O-])c5ccc6ccccc65)cn4)CC3)c(-c3c,高毒,593.0783,84.56108,,
c1n[nH]nc1-c1cc2c(n1-c1ccc(Cl)c(Cl)c1)C(c1ccc(Cl)cc1)N(c1ccCl)C1=NC3CS(=O)(=O)CC3SC12,高毒,593.0783,84.56108,,
c1n[nH]nc1-c1cc2c(n1-c1ccc(Cl)nc1)C(c1ccc(Cl)cc1)N(c1cc(Cl)n(CC4CC(O)(CO)C4)c1=O)C2,高毒,593.0783,84.56108,,
c1n[nH]nc1-c1cn2c(-c3ccnc(-c4cccnc4)c3)cnc2c1-c1cn(C2CC2F)nn1,高毒,593.0783,84.56108,,
c1n[nH]nc1-c1nc(C2=CCOCC2)c2nc(Oc3ccc4nc(-c5nc6cc6OCC6)c(C5)c(Nc5ccsc7)c5c4s3)ccc2c1,高毒,593.0783,84.56108,,
c1n[nH]nc1-c1cc2c(n1-c1ccc(F)cc1F)C(c1ccc(Cl)cc1)N(c1cc(Cl)cn(Cl)c1=O)C3O,高毒,593.0783,84.56108,,
c1n[nH]nc1-c1cc2c(c(-c3c(Cl)cccc3Cl)c1)C(c1ccc(Cl)cc1)N(c1cc(Cl)c3nonc13)C2c1cc(Cl)c(O)c(Cl)c1,高毒,593.0783,84.56108,,
c1n[nH]nc1-c1cc2n(c1-c1ccc(Cl)c(Cl)c1)C(c1ccc(Cl)cc1)N(c1cc(Cl)cn(C3CC(O)C(O)C(O)C3)c1=O)C2=O,中毒,19.951618,13.503714,0.19329976,4.546783124
c1n[nH]nc1-c1cc2c(n1-c1ccc(Cl)cc1F)C(c1ccc(Cl)sc1=O)N(c1ccc(Cl)cc1)C3c1ccc(Cl)cc3CS(=O)(=O)CC1,高毒,593.0783,84.56108,,
c1n[nH]nc1-c1cc2c(n1-c1ccc(F)cc1)c(c1ccc(Cl)cc1Cl)N(c1ccc(Cl)cn1)C2c1ccc(NS(=O)(=O)c2ccnc3cccnc23)cc1,高毒,593.0783,84.56108,,
c1n[nH]nc1-c1csc(N2N=C(c3cccc4n[nH]cc45)CC3c3cc(F)ccc3Oc3cncnc32)c1,高毒,593.0783,84.56108,,
c1n[nH]nc1-c1cc2c(c(-c3cc(COC45CC6CC(CC(C6)C4)C5)c4cc(O)cc(Br)c45)C3C[nH]c3cc(Br)c(Br)cc23)c1,高毒,593.0783,84.56108,,
c1n[nH]nc1-c1cc2c(n1-c1ccc(Cl)cc1F)C(c1ccc(Cl)cc1)N(c1cc(Cl)cn(C3CC(O)C(O)C3)c1=O)C2=O,中毒,12.488247,11.513729,0.234878019,4.426733326
c1n[nH]nc1-c1cc2c(n1-c1ccc(F)cc1)C(c1ccc(Cl)cc1)N(c1cc(Cl)c[nH]c1=O)C2,中毒,28.622856,14.026334,0.336445913,3.654948284
c1n[nH]nc1-c1csc(-c2ncc3c(n2)CCN(S(=O)(=O)c2cccs2)C3)c1,低毒,8.516415,14.516029,0.53377848,3.06674413
c1n[nH]nc1-c1cn2cc(-c3c[n+]([O-])cc(F)c3-c3ccoc3)cnc2c1=O,高毒,593.0783,84.56108,,
c1n[nH]nc1-c1cnc2c(-c3cccs3)nc(-c3ccncc3)c(NC3CNC3)c12,高毒,593.0783,84.56108,,
c1n[nH]nc1-c1cc2n(c1-c1ccc(F)cc1F)C(c1ccc(Cl)cc1)N(c1cc(Cl)cn(C3CC(O)(CO)C3)c1=O)C2=O,中毒,32.68572,13.503714,0.241282669,4.105476031
c1n[nH]nc1-c1c[nH]c2ccc(C(=O)c3cc(-c4ccc5c(c4)Cn6c(C6)SC(N)=NC6O5)c3-4)cc12,高毒,593.0783,84.56108,,
c1n[nH]nc1-c1cc2c(c(-c3cc4c(c3)OCCO4)c1)C(c1ccc(Cl)cc1)N(c1cc(Cl)cn(C3CC(O)(CO)C3)c1=O)C2=O,高毒,593.0783,84.56108,,
c1n[nH]nc1-c1cc2c(c(-c3cc(Cl)cc(Cl)c3)c1)C(c1ccc(Cl)cc1)N(c1cc(Cl)cn(C3CC(O)(CO)C3)c1=O)C2=O,中毒,6.3808517,8.960914,0.182666877,3.934706978
c1n[nH]nc1-c1cc2c(c(-c3n[nH]c(=O)c3Cl)c1)CC(c1ccc(Cl)cc1)N(c1cc(Cl)cn(C3CC(O)(CO)C3)c1=O)C2=O,高毒,593.0783,84.56108,,
c1n[nH]nc1-c1cc2c(n1-c1ccc(F)cc1F)C(c1cccc(Cl)c1)N(c1cc(Cl)cn(C3CC(Br)(O)C3)c1=O)C2=O,中毒,25.244574,11.513729,0.214777226,4.118691924
c1n[nH]nc1-c1cc2c(n1-c1ccc(Cl)cc1)C(c1ccc(Cl)cc1F)N(c1cc(Cl)cn(C3CC(O)(COP(=O)(O)O)C3)c1=O)C2=O,中毒,14.882899,11.513729,0.151136997,4.271156274
c1n[nH]nc1-c1cc2c(c3c1-c1c(Cl)cccc1Cl)CC(Cl)=CC3(Nc1ccc(F)cc1)C(c1ccccO1)N(c1ccc(Cl)cc1)C3=O,高毒,593.0783,84.56108,,
c1n[nH]nc1-c1cnc2cnc(-c3nn(-c4ccc(OC(F)F)c(Cl)c4)c(=O)c3c2)c1N1CCN(Cc2ccc(N3CC4(CCOCC4)CC3)cc2)CC1,中毒,18.617636,37.990963,0.250486008,5.09533144
c1n[nH]nc1-c1cc2c(c(-c3c(Cl)cccc3Cl)c1)CN(CC=C3Sc3ccccc3N(c3ccc(F)cc3)C3=O)C1C2,高毒,593.0783,84.56108,,
c1n[nH]nc1-c1cc2c(c(-c3ccc4c(c3)NCc3cnn(CC5CCOCC5)c5)c12)C(c1ccc(Cl)cc1)N(c1cc(Cl)cn(C=C2C(=O)NC(=O),高毒,593.0783,84.56108,,
c1n[nH]nc1-c1cnc2cc(Cl)c(-c3cc(Cl)c(O)c(Cl)c3Cl)c3cc(c12)CCN3C1CCN(Cc2ccc(F)cc2)CC1,高毒,593.0783,84.56108,,
c1n[nH]nc1-c1cc2c(n1-c1ccc(F)cc1F)C(c1ccc4c(c3)OCCO4)C(c3ccc(Cl)cc3)(C(=O)c3cc(Cl)ccc3C3=NCCN31)N(C1,高毒,593.0783,84.56108,,
c1n[nH]nc1-c1cc2ncc(C(F)(C3CC3)C3CC(Oc4ccc(-c5cnc(C6(N)CC6)cn5)cc4)C(O)C3)cc2c1,高毒,593.0783,84.56108,,
c1n[nH]nc1-c1cc2c(c(-c3c(Cl)cccc3Cl)c1)C(c1ccc(F)cc1)N(c1cc(Cl)cn(C3CC(O)(CO)C3)c1=O)C2=O,中毒,15.809174,8.960914,0.198124642,3.919827857
c1n[nH]nc1-c1nc2cc3n(c2c1F)C(c1nc2cc(Cl)c(Cl)cc2[nH]1)COC3c1ccc(Cl)c(Cl)c1,高毒,593.0783,84.56108,,
c1n[nH]nc1-c1cc2c(n1-c1ccc(F)cc1)C(c1ccc(Cl)cc1)(c1ccc(Cl)cc1)N(c1cc(Cl)cn(3CCC4(CO)CC(O)C(O)C4,高毒,593.0783,84.56108,,
c1n[nH]nc1-c1cc2c(c(-c3c(Cl)cccc3Cl)c1)C(c1ccc(Cl)cc1)N(c1cc(Cl)cn(C3CC(O)(CO)C3)c1=O)C2=O,中毒,6.3808517,8.960914,0.182666877,3.916990494
c1n[nH]nc1-c1nc2cnc(Oc3cccc(Cl)c3)nc2c1N,高毒,593.0783,84.56108,,
c1n[nH]nc1-c1cc2c(c(-c3c(Cl)cccc3Cl)c1)C(c1ccc(Cl)cc1)N(c1cc(Cl)cn(C3CC(O)(CO)C3)c1=O)C2=O,中毒,6.3808517,8.960914,0.182666877,3.916990494
c1n[nH]nc1-c1cc2c(c(-c3c(Cl)cccc3Cl)c1)C(c1ccc(Cl)cc1)N(c1cc(Cl)c[nH]c1=O)C3c1c[nH]c2nc(Nc3ccc4c(n3)NC,高毒,593.0783,84.56108,,
c1n[nH]nc1-c1cc2c(c(-c3ccc(Cl)cc3Cl)c1)C(c1ccc(Cl)cc1)N(c1cc(Cl)cn(C3C(=O)N(c4cc(Cl)cn(C6CCC(O)C6)c5=O),高毒,593.0783,84.56108,,
c1n[nH]nc1-c1cc2c(n1-c1ccc(Cl)cc1)c1sc3cc(-c4cc4ccc(Cl)cc6n5c6ccccc6c6cccc6c5c5=O)nc1-c1cc4c(cc1-3)C,高毒,593.0783,84.56108,,
c1n[nH]nc1-c1cc2c(n1-c1ccc(Br)c(F)c1)C(c1ccc(Cl)cc1)N(c1cc(Cl)cn(C3CC(O)(CO)C3)(CO)C1=O)c1=O,高毒,593.0783,84.56108,,
c1n[nH]nc1-c1cc2c(n1-c1cc(Cl)ccc1F)C(c1ccc(Cl)cc1)N(c1cc(Cl)cn(C3CC(O)(CO)C3)c1=O)C2=O,中毒,12.488247,11.513729,0.22687237,4.048208113
c1n[nH]nc1-c1nc2c(-c3ccc(CN(Cc4ccc(F)c(F)c4)S(=O)(=O)c4c(F)cc(F)cc4OCl)cc3)nc3c(c2c1)-c1nccn1C(CO)C,高毒,593.0783,84.56108,,
c1n[nH]nc1-c1nc(-c2cnc(N)c(-c3nc4nc(Oc5ccc6[nH]cc(F)c6c7c5)cc4s3)C2)c(OCC2CC2)n1,高毒,593.0783,84.56108,,
c1n[nH]nc1-c1cc2c(n1-c1ccc(F)cc1F)C(c1ccc(Cl)cc1)N(c1cc(Cl)sc13)C1=NC(=O)C(C3=O)(2)C1O,高毒,593.0783,84.56108,,
c1n[nH]nc1-c1cc2c(c(-c3c(Cl)cccc3Cl)c1)C(c1ccc(Cl)cc1)N(c1cc(Cl)cn(C3CC(O)(CO)C2)c1=O)C3=O,中毒,19.016203,18.239529,0.20561152,6.082907689
c1n[nH]nc1-c1cc2[nH]c(=O)cc(C3CC3)c2cc1-c1c2c(nc3cnc(Cl)cc13)CC(c1ccc(Cl)cc1Cl)N(c1cc(Cl)cn(C3CC(O)(CO,高毒,593.0783,84.56108,,
c1n[nH]nc1-c1cc2c(c(-c3c(Cl)cccc3Cl)c1)C(c1ccc(Cl)cc1)N(c1cc(Cl)cn(C3CC(O)(CO)(CO)C3O)c1=O)C2=O,高毒,593.0783,84.56108,,
c1n[nH]nc1-c1cc2c(c(-c3c(Cl)cccc3Cl)c1)CC(c1cccc(Cl)c1F)N(c1ccc(Cl)c(C3(C(F)F)CO)[nH]c3c1)C2,高毒,593.0783,84.56108,,
c1n[nH]nc1-c1cc2c(n1-c1c(F)cccc1F)C(c1ccc(Cl)cc1)N(c1cc(Cl)cn(C3CC(O)(CO)C3)c1=O)C2=O,中毒,12.488247,11.513729,0.244621212,4.082635505
c1n[nH]nc1-c1cc2c(n1-c1cc(Cl)ccc1F)n(Cc1ccc(F)cc1)c1cc(C#Cc4cc(F)c5nc[nH]c5c4c3)nc1-c1ccn(-c4ccncc4,高毒,593.0783,84.56108,,
c1n[nH]nc1-c1cc2c(c(-c3c(Cl)cccc3Br)c1)C(c1ccc(Cl)nc1)N(c1cc(Cl)cn(C3CC(O)(CO)C3)c1=O)C2=O,中毒,5.093859,8.519041,0.176580674,4.121235549
c1n[nH]nc1-c1nc2c(c(SCc3ccc(Cl)cc3)n1)C1(CCOc4ccccc43)C(c3cnc4ncc[nH]4)C3(c3ccc(Cl)cc3)CN(C3CC3)C12,高毒,593.0783,84.56108,,
c1n[nH]nc1-c1cc2c(n1-c1ccc(Cl)cc1)C(c1ccc(Cl)cc1)N(c1cc(Cl)cn(C3CC(O)(CO)C3)c1=O)C2=O,中毒,14.882899,11.513729,0.235038859,3.958725058
c1n[nH]nc1-c1cc2c(s1)-c1cc(Cl)c(Oc3ccc(-c4cc5c6c(n(C5CC7)cn6c6ccccc67)cc5C(=O)N4c4c(F)cncc4F)CC3)cc,高毒,593.0783,84.56108,,
c1n[nH]nc1-c1cc2c(n1-c1ccc(Cl)cc1F)N(c1cc(Cl)cn(C3CC(O)(CO)C3)c1=O)C2,中毒,46.28395,33.69392,0.373356025,3.615266967
c1n[nH]nc1C12CCC(O1)C(C1=NN=C(n3c(S)nc4ccccc43)C1)OC2,中毒,27.52762,95.77943,0.645636178,5.593966378
c1n[nH]nc1-c1cc2c(-c3ccc(OC(F)(F)F)c(F)c3)nncc2s1,中毒,12.908041,65.15415,0.538945823,3.053525331
c1n[nH]nc1-c1cc2nc(C3CCOCC3)n(C3CC(O)C(COS(=O)(=O)O)(c4ccc(SC(F)(F)F)cc4)(C(F)(F)F)C3)c2c1,高毒,593.0783,84.56108,,
c1n[nH]nc12nc(OC1CCn3c2nc1=O)C1CCc2c-3[nH]c12,高毒,593.0783,84.56108,,
c1n[nH]nc1-c1cc2c(n1-c1cc(F)cc(C(F)(F)F)c1)C(c1ccc(Cl)cc1)N(c1cc(Cl)cn(C3CC(O)(CO)C3)c1=O)C2=O,中毒,14.882899,13.503714,0.196534862,4.169025178
c1n[nH]nc1-c1cc2c(c(-c3c(Cl)cccc3Cl)c1)C(c1cccc(Cl)c1)N(c1cc(Cl)cn(C3CC(O)(CO)C3)C3)c1=O,高毒,593.0783,84.56108,,
c1n[nH]nc1-c1cc2c(n1-c1ccc(F)cc1)C(c1ccc(Cl)cc1)N(c1cc(Cl)cn(C3CC(O)(CO)C3)c1=O)C2=O,中毒,14.882899,11.513729,0.252765996,3.961679667
c1n[nH]nc1-c1cc2c(c(-c3c(Cl)cccc3Cl)c1)C(c1ccc(Cl)cc1)N(c1cc(Cl)cn(C3CC(O)(CO)C3)c1=O)C2=O,中毒,6.3808517,8.960914,0.182666877,3.916990494
c1n[nH]nc1-c1nc2n(c1-c1ccc(C(F)(F)F)c(C(F)(F)F)c1)C(c1ccc(Cl)cc1)N(c1cc(Cl)cn(C3CC(O)(CO)C3)c1=O)C2=,高毒,593.0783,84.56108,,
c1n[nH]nc1-c1cc2c(n1-c1ccc(Cl)cc1C(F)(F)F)C(c1ccc(Cl)cc1)N((Cl)c1cn(C4CC(O)C(O)(CO)C4)c1=O)C(c1ccc(Cl),高毒,593.0783,84.56108,,
c1n[nH]nc1-c1cc2c(n1-c1ccc(Cl)cc1F)C(c1ccc(Cl)cc1)N(c1cc(Cl)cn(C3CC(O)C(O)C3)c1=O)C2=O,中毒,12.488247,11.513729,0.234878019,4.426733326
c1n[nH]nc1-c1nc2c(n1-c1ccc(F)c(Cl)c1)C(c1ccc(Cl)o1)N(c1cc(Cl)cn(C3CC(O)(CO)C3)c1=O)C2=O,中毒,23.043425,34.717995,0.246454059,4.295078078
c1n[nH]nc1-c1c2c(c(-c3ccc(-c4cnc(N5CCF)nc5)nc4)c1Nc1ccccc1C3)CCC2,高毒,593.0783,84.56108,,
c1n[nH]nc1-c1c[n+](CC(O)c2ccc(Br)nc2)c2ccccc12,高毒,593.0783,84.56108,,
c1n[nH]nc1-c1cc2c(c(-c3c(Cl)cccc3Cl)c1)C(c1ccccn1)Nc1ccc(Cl)c(Cl)c12,中毒,6.635662,23.634789,0.242068284,3.566201292
c1n[nH]nc1-c1cc2c3c(nc(-c4cnc5[nH]ccc5c4)c2c1)C(c1ccc(F)cc1)N(c1cc(Cl)c[nH]c1=O)C3=O,高毒,593.0783,84.56108,,
c1n[nH]nc1-c1nc2c(c(-c3csc(-c4nc(C5(c6ccno6)CC5)n4)C(=O)N(CC4CC4)C5)c3n2)c1OC1CCC1,高毒,593.0783,84.56108,,
c1n[nH]nc1-c1cc2c(c(Cl)c1Oc1ccc(Cl)cc1)C(Nc1cc(Cl)cc(Cl)c1)C1(c3ccc(Cl)cc3)CCN(S(=O)(=O)c4ccc(S(=O)(=O),高毒,593.0783,84.56108,,
c1n[nH]nc1-c1cc2c(n1-c1ccc(Cl)cc1F)C(c1cc3c(cc1F)OCO3)N(c1cc(Cl)cn(C3CC(O)(CO)C3)c1=O)C2=O,中毒,12.488247,13.466203,0.236461107,4.25839605
c1n[nH]nc1-c1cc2c(c(-c3ccc4ccc(-n5cnc(Cn6ccnn6)c5=O)c4)nc2c1COC3)C(CO)N1CCN(c2cccc(C(F)(F)F)n2)CC1,高毒,593.0783,84.56108,,
c1n[nH]nc1-c1cc2c(cc1-c1cncnc1)Oc1cc(F)c(-c4cc(F)c(O)c(F)c4)cc1=O,高毒,593.0783,84.56108,,
c1n[nH]nc1-c1cc2c(c(-c3c(Cl)cccc3Cl)c1)C(c1cccc(Cl)c1)N(c1cc(Cl)cn(C3CC(O)(CO)C3)c1=O)C2=O,中毒,6.3808517,8.960914,0.182666877,3.944231153
c1n[nH]nc1-c1nc2c(c(N3Cc4cccnc4C3)n1)C(c1ccc(Cl)cc1F)N(c1cc(Cl)cn(C3CC(O)(c4cc(F)c(F)c(F)c4)C4)c3=O),高毒,593.0783,84.56108,,
c1n[nH]nc1-c1cc2c(c3cc(-c4nnn[nH]4)ccc23)C(c2ccc(Br)cc2)C(c2ccc(Cl)cc2)N(c2ccc(Cl)cc2)C1C3,高毒,593.0783,84.56108,,
c1n[nH]nc1-c1nc2cc(Cl)c(OCCc3cccnc3)nc2cc1-c1c2c(nc3cc(Cl)c(Cl)cc13)CCC2,中毒,19.904812,37.64501,0.221422699,3.260959222
c1n[nH]nc1-c1cc2c(c(-c3ccc4c(n3)NC5N3CCOCC3)c1)C(Nc1ccc(Cl)cc1)C(c1ccc(F)cc1)N(c1cc(Cl)cn(C3CC(O)(CO,高毒,593.0783,84.56108,,
c1n[nH]nc1-c1cc2c(s1)C(c1ccc(Cl)cc1)N(c1cc(Cl)cn(C3CC(O)(CO)C3)c1=O)C2=O,中毒,8.738106,8.960914,0.351211221,3.957203973
c1n[nH]nc1-c1cc2c(n1-c1ccc(Cl)cc1Cl)C(c1ccc(Cl)cc1)N(c1cc(Cl)c[nH]1)C3,高毒,593.0783,84.56108,,
c1n[nH]nc1-c1cc2c(n1-c1c(Cl)cccc1Cl)C(c1ccc(Cl)cc1)N(c1ccCl)C(c1ccc(Cl)cc1)N(c1cc(Cl)cn(C3CC(O)(CO)C3)c1,高毒,593.0783,84.56108,,
c1n[nH]nc1-c1cc2c(c(-c3c(Cl)cccc3Cl)c1)C1(CC2)Oc2cc(-c3coc(C4CCNCC4)c4=O)ccc3OC1C2,高毒,593.0783,84.56108,,
c1n[nH]nc1-c1cn2nc(N3CCOC4=CCCN(Cc5ccc(Cl)cn5)C5C4)cc3c2n1,高毒,593.0783,84.56108,,
c1n[nH]nc1-c1cc2c(c(-c3c(Cl)cccc3Cl)c1)C(c1scc(-c3ccco3)c1=O)C(c1ccc(Cl)cc1)N(c1ccCl)C(=O)C3,高毒,593.0783,84.56108,,
c1n[nH]nc1-c1cc2c(n1-c1ccc(Cl)cc1F)C(c1ccc(Cl)cc1)N(c1cc(Cl)cn(C3CC(O)C(O)C3O)c1=O)C2,中毒,15.763229,11.513729,0.216235933,4.726097402
c1n[nH]nc1-c1cc2c(n1-c1ccc(F)cc1F)C(c1ccc(Cl)cc1)N(c1cc(Cl)cn(C3CC(O)(CO)C3)c1=O)C2=O,中毒,12.488247,11.513729,0.244621212,4.0385462
c1n[nH]nc1-c1cc2c(c(-c3c(Cl)cccc3Cl)c1)C(c1ccc(Cl)cc1)N(c1cc(Cl)cn(C3CC(O)(CO)C3)c1=O)C2=O,中毒,6.3808517,8.960914,0.182666877,3.916990494
c1n[nH]nc1-c1cn2cc3c(c2n1)C(c1ccc(Cl)cc1F)N(c1cc(Cl)cn(Cl)c1=O)C3c1ccc(Cl)c(-c2nn[nH]n2)c1,高毒,593.0783,84.56108,,
c1n[nH]nc1-c1cc2c(c(-c3c(Cl)cc(C(F)(F)F)c3)c1)Cn1c-2cnc2sc(-c3c(Cl)c(Cl)c(Cl)c(Cl)c3Cl)c(=O)c12,高毒,593.0783,84.56108,,
c1n[nH]nc1-c1nc2c(n1-c1ccc(F)c(Cl)c1)C(c1ccc(Cl)cc1)N(c1cc(Cl)cn(C3CC(O)C(O)C3O)c1=O)C2=O,中毒,23.043425,34.717995,0.21982024,4.729825418
c1n[nH]nc1-c1cc2c(n1-c1ccc(Cl)cc1F)C(c1ccc(Cl)cc1)N(c1cc(Cl)cn(C3CC(O)(CO)C3)c1=O)C2=O,中毒,12.488247,11.513729,0.22687237,4.043844886
c1n[nH]nc1-c1cc2c(c(-c3cc(Cl)cnc3Br)c1)C(c1ccc(Cl)cc1)N(c1cc(Cl)cn(C3CC(O)(CO)C3)c1=O)C2=O,中毒,6.3808517,8.519041,0.176580674,4.115536648
c1n[nH]nc1-c1cc2c(c(-c3c(Cl)cccc3Cl)c1)C(c1ccc(Cl)cc1)N(c1cc(Cl)cn(C3CC(O)(CO)C3)c1=O)C2=O,中毒,6.3808517,8.960914,0.182666877,3.916990494
c1n[nH]nc1-c1cc2c(n1-c1ccc(F)cc1F)C(c1ccc(Cl)cc1)N(c1cc(Cl)cnCC1)C3,高毒,593.0783,84.56108,,
c1n[nH]nc1-c1cn2c(-c3cccn3CC3CC3)nnc2c(NC2CCCNC2)n1,中毒,15.067894,42.645027,0.450017707,3.788004243
c1n[nH]nc1-c1nc(-c2csc3ncc(-c4cnn(CC5COC5)c4)c23)c2sc(N3CCOCC3)nc12,高毒,593.0783,84.56108,,
c1n[nH]nc1-c1cc2c(c(-c3c(Cl)cccc3Cl)c1)C(c1ccc(Cl)cc1)N(c1cc(Cl)cn(C3CC(O)(CO)C3)c1=O)C2=O,中毒,6.3808517,8.960914,0.182666877,3.916990494
c1n[nH]nc1-c1cc2c(n1-c1ccc(Cl)cc1)C(c1ccc(Cl)cc1)N(c1cc(Cl)cn(C3CC(O)(CO)C3)c1=O)C2=O,中毒,14.882899,11.513729,0.235038859,3.958725058
c1n[nH]nc1-c1cc2c(n1-c1ccc(Cl)cc1Cl)C(c1ccc(Cl)cc1)N(c1cc(Cl)cn(C3CCN(C(=O)CO)CC3)c1=O)C2,中毒,59.929935,12.110745,0.215295727,3.957110779
c1n[nH]nc1-c1cc2c((C(N)c3ccc(Cl)cc3)c(=O)c2O)CCN(Cc2cccc(Oc3ccnc4cc(Cl)ccc34)c3)CC21,高毒,593.0783,84.56108,,
c1n[nH]nc1-c1nc2c(c(NC3CCC(Oc4ccc(C(=O)NCc5cn[nH]c5)cc4)C4CC4)nc12)C(c1ccc(Cl)cc1)N(c1cc(Cl)c=O)C(=O,高毒,593.0783,84.56108,,
c1n[nH]nc1-c1cc2c(c(-c3c(Cl)cccc3Cl)c1)C(c1ccc(Cl)cc1)N(c1cc(Cl)cn(C3CC(O)(CO)C3)c1=O)C2=O,中毒,6.3808517,8.960914,0.182666877,3.916990494
c1n[nH]nc1-c1cc2c(n1-c1ccc(-c3cccc(Cl)c3)cc1)C(c1ccc(Cl)cc1)N(c1ccc(Cl)cc1)C3=O,高毒,593.0783,84.56108,,
c1n[nH]nc1-c1cc2c(n1-c1ccc(F)cc1F)C(c1ccc(Cl)cc1)N(c1cc(Cl)cn(C3CC(O)(CO)C3)c1=O)C2=O,中毒,12.488247,11.513729,0.244621212,4.0385462
c1n[nH]nc1-c1cc2c(c(-c3cc4c(n3-c3ccc(OC(F)(F)F)s3)C(c3ccc(Cl)cc3)C(c3ccc(Cl)cc3)C3CCCN3C4)c1)C(c1ccc,高毒,593.0783,84.56108,,
c1n[nH]nc1-c1cc2c(n1-c1ccc(Cl)cc1)C(c1ccc(Cl)cc1)N(c1ccOC(Cl)(Cl)C1)C23,高毒,593.0783,84.56108,,
c1n[nH]nc1-c1coc(-c2ccn(-c3ccc4c(cnn4CC4CCCN4C(=O)c4cnoc4-c4ccc(Br)cc4)cc3)c3=S)c12,高毒,593.0783,84.56108,,
c1n[nH]nc1-c1cc2c(n1-c1cc3cc(Cl)ccc3nc1Oc1cncnc1)C(c1ccc(Cl)cc1)N(c1ccCl)C(=O)C3(c1ccc(Cl)cc1)C3,高毒,593.0783,84.56108,,
c1n[nH]nc1-c1cc2c(n1-c1ccc(F)cc1)C(c1ccc(Cl)cc1)N(c1cc(Cl)n(Cl)c1)C3N1C(=O)c4ccccc4C3(O)C12,中毒,29.54402,13.503714,0.213840036,5.950806697
c1n[nH]nc1-c1cc2c(c(-c3c(Cl)cccc3Cl)c1)C(c1ccc(Cl)cc1)N(c1cc(Cl)cn(C3CC(O)(CO)C3)c1=O)C2=O,中毒,6.3808517,8.960914,0.182666877,3.916990494
c1n[nH]nc1-c1ccc(2c3cnc(Nc4ccc(OCc5cccc(N6C(=O)CNC6=O)c5)cc4Cl)nc3s2)c1,高毒,593.0783,84.56108,,
c1n[nH]nc1-c1cc2c(c(-c3cccc4ccccc34)c1)Cc1c(-c3ccsc3)ncnc1-2,中毒,5.089892,17.35821,0.343954983,3.019902584
c1n[nH]nc1-c1ccc(-c2nc(C3CCC3)nc3c2CN(c2nccnc2Cl)C(c2ccc(Cl)cc2)N3)nc1,中毒,12.206623,55.22752,0.275385462,3.869755227
c1n[nH]nc1-c1cc2c(c(-c3cc(Cl)cc(Cl)c3)c1)C(c1ccsc1)N(c1cc(Cl)cn(C3CC(O)(CO)C3)c1=O)C3=O,高毒,593.0783,84.56108,,
c1n[nH]nc1-c1cc2c(n1-c1cc(Cl)c(Cl)cc1Cl)C(c1ccc(Cl)cc1)N(c1cc(Cl)cn(C3CC(O)C(O)C3O)c1=O)C2=O,中毒,18.205946,11.513729,0.175985043,4.772785827
c1n[nH]nc1-c1cc2[nH]c(-c3c(Cl)cccc3Cl)nc2c1,高毒,593.0783,84.56108,,
c1n[nH]nc1-c1cc2c(c(-c3cn(-c4cc5ccc(Cl)cc5s4)c4cc(7)c(OCCCN5CC7COC7)ccc6c5s4)C(n4ccc(-c6cnn(C7CC7)c,高毒,593.0783,84.56108,,
c1n[nH]nc1-c1cnc2cc(OCC3C-c4cccc(-c5ccc(F)cc5)c4C3)ccc2c1,中毒,6.824666,24.145157,0.388418582,3.132186973
c1n[nH]nc1-c1-c1ccnc2c(Sc3ccc(Cl)cc3)nc(-c3cnn(C4CCN(Cl)CC4Cc4c5cccnc5-c5ccccc5)cc34)cc12,高毒,593.0783,84.56108,,
c1n[nH]nc1-c1sc2sc(-c3ccccc3)c(C=NNC(=O)c4cc5c6c(cccc6nc46)C(c4cccnc4)N5Cc4ccccc45)c3c(=O)c2c1-c1c,高毒,593.0783,84.56108,,
c1n[nH]nc1-c1cc2c(c(C3CCN(C4COCC4)CC3)c1)C(c1ccc(Cl)cc1)N(c1cc(Cl)cn(C3CC(F)(F)C3)c1=O)C2=O,中毒,12.976177,13.503714,0.245717211,4.345358788
c1n[nH]nc1-c1cc2c(n1-c1ccc(Cl)cc1Cl)C(c1ccc(Cl)cc1)N(c1cc(Cl)cnc1=O)C3=O,高毒,593.0783,84.56108,,
c1n[nH]nc1-c1cc2c(s1)cC(c1c(Cl)cccc1Cl)N(c1nc3c(ccc4cnccc43)c1=O)C2,高毒,593.0783,84.56108,,
c1n[nH]nc1-c1cc2[nH]c3c(c2c1)CCN(c1nc(Oc2cccc(C(F)(F)F)c2)CC3c2cccc(OC(F)(F)F)c2)nc1,高毒,593.0783,84.56108,,
c1n[nH]nc1-c1csc(-c2cn(Cc3ccccc3OC(F)(F)F)nn2)c(=O)c1=O,高毒,593.0783,84.56108,,
c1n[nH]nc1-c1cc2c(c(-c3c(Cl)cccc3Cl)c1)C(c1cccs1)N(c1cc(Cl)cn(C3CC(O)(CO)C3)c1=O)C2=O,中毒,6.690411,8.519041,0.202435492,4.01669467
c1n[nH]nc1-c1cc2c(n1-c1ccc(F)cc1F)C(c1ccc(Cl)cc1)N(c1cc(Cl)cn(C3CCC(O)C3)c1=O)C3=O,高毒,593.0783,84.56108,,
c1n[nH]nc1-c1cn2c(C3CCC4C5CCC6=CC(=O)C=CC6(C)C5C(O)CC4(C(=O)O)CC3(CO)c3n[nH]c4ncnc(N5CCCCC5)c35)cc,高毒,593.0783,84.56108,,
c1n[nH]nc1-c1cc2c(c(-c3cn4nc(-c5ccnc(-c6ccc(F)c6)c5)[nH]c4=O)c3c(F)cc3c(F)cc(F)cc23)C(C(F)(F)F)C1,高毒,593.0783,84.56108,,
c1n[nH]nc1-c1cc2c(n1-c1ccc(F)c(Cl)c1F)CS(c1ccCl)N(c1cc(Cl)cn(C3CC(O)(CO)C3)c1=O)C2=O,高毒,593.0783,84.56108,,
c1n[nH]nc1-c1ccn2c(-c3ccc(NC4CCC4)cc3)cnc2c1,低毒,22.34668,51.73195,0.597673752,2.65023398
c1n[nH]nc1-c1cc2c(n1-c1cc2ccc(Cl)cc2s1)C(c1cccc(Cl)c1)N(c1cc(Cl)cn(C3CC(O)(CO)C3)c1=O)C2=O,中毒,36.83937,11.513729,0.192883688,6.167430652
c1n[nH]nc1-c1cc2c(c(-c3c(Cl)cccc3Cl)c1)C(c1ccc(Cl)cc1)N(c1cc(Cl)cn(C3CC(O)(CO)C3)c1=O)C2=O,中毒,6.3808517,8.960914,0.182666877,3.916990494
c1n[nH]nc1-c1nc2c(c(-c3ccc(C4=NC(=NC5(N=[nH]c8ccc[nH]c67)C(O)C6)cc5)OCN45)s[n+]3-c3ccsc3)cc12,高毒,593.0783,84.56108,,
c1n[nH]nc1-c1cc2c(n1-c1ccc(F)cc1)C(c1ccc(Cl)cc1)N(c1cc(Cl)cn(C3CC(O)(CO)C3)c1=O)C2=O,中毒,14.882899,11.513729,0.252765996,3.961679667
c1n[nH]nc1-c1coc(-c2ccc3c(c2)c(OCCN2CCC2)c(C2CC2)c(=O)n3-c2ccnc(OC3C(O)C(O)C(O)C3O)c2)c1=O,高毒,593.0783,84.56108,,
c1n[nH]nc1-c1cc2c(n1-c1ccc(F)cc1F)C(c1ccc(Cl)cc1Cl)N((c1ccsc1)C1C3CN(C4CC4)CC3C1)C(c1ccc(Cl)cc1)N(c1c,高毒,593.0783,84.56108,,
c1n[nH]nc1-c1cc2c(n1-c1cccnc1)C(c1ccc(Cl)cc11)N(c1cc(Cl)cn(C3CC(O)C(O)C3)c1=O)C2=O,高毒,593.0783,84.56108,,
c1n[nH]nc1-c1cc2c(c(-c3c(Cl)cc(Cl)cc3Cl)c1)CN(Cc1cc(Cl)c3c(c1)OCO3)CC2,中毒,14.111431,89.07301,0.296653023,3.044384588
c1n[nH]nc1-c1cc2c(n1-c1cccc(C(F)(F)F)c1)c(=O)cc(C(F)(F)F)c1cc(C(=O)Nc3cncnc3)c(F)c12,高毒,593.0783,84.56108,,
c1n[nH]nc1-c1cc2c(c(-c3c(Cl)cccc3Cl)c1)CN(Cc1nc(NC3CCCN(c4nc(Cl)c5cc(C(F)(F)F)cc(F)c55)CC4)cC3c1Cl)CC2,高毒,593.0783,84.56108,,
c1n[nH]nc1-c1cc2c(c(-c3c(Cl)cc(Cl)cc3Cl)c1)C(c1ccco1)N(c1cc(Cl)cn(C3CC(O)(CO)C3)c1=O)C2=O,中毒,4.586443,8.519041,0.192089144,4.109104173
c1n[nH]nc1-c1cc2c(c(-c3cnc4ccc5[nH]ncc5c4c3)c1)C(c1ccc(Cl)cc1)N(c1cc(Cl)cn(C3CC(O)(CO)C3)c1=O)C2=O,中毒,7.6477833,8.960914,0.167601417,4.153938307
c1n[nH]nc1-c1nc2c(c(-c3c[nH]c4cc(Br)ccc34)c(=O)n(-c3ccc(Cl)cc3)c2=O)C(c2sc3cc(Cl)ccc3c2OC22CC2)n1,高毒,593.0783,84.56108,,
c1n[nH]nc1-c1nc2cnc(-c3cn(Cc4ccc(Oc5ccccc5)cc4)c4c(N6CCOCC6)nc(N6CC(O)C(O)C6)nc54)c3nc2n1,高毒,593.0783,84.56108,,
c1n[nH]nc1-c1cc2c(c(-c3c(Cl)cccc3Cl)c1)C(c1ccc(Cl)cc1)N(c1ccCl)C(c4ccc(Cl)cc4)(NC3CC4CH3)N=C(c3ccsc3)C1,高毒,593.0783,84.56108,,
c1n[nH]nc1-c1cc2c(n1-c1ccc(Br)cc1F)C(c1ccc(Cl)cc1)N(c1ccc(Br)cc1)C2c1ccc(N2CCC(O)C2)c()c1,高毒,593.0783,84.56108,,
c1n[nH]nc1-c1cc2c(c(-c3cc(Cl)ccc3Oc3ccc(F)cc3F)c1)C(c1ccc(Cl)cc1)N(c1cc(Cl)C(=O)C3CC3)C(=O)C12,高毒,593.0783,84.56108,,
c1n[nH]nc1-c1cc2c(c(-c3cn(Cc4ccc(Cl)nc4)nn3)c1)C(c1ccc(Cl)cc1)N(c1cc(Cl)cn(C3CC(O)(CO)C3)c1=O)C2=O,中毒,15.809174,8.300397,0.180531718,4.178101394
c1n[nH]nc1-c1cc2c(c(-c3ccc4c(n3)CCO4)c1)CN(c1cc(Cl)cnc1C1CC(O)C(O)C(O)C1O)C2,中毒,44.4292,53.524715,0.248570524,4.765050488
c1n[nH]nc1-c1cc2c(n1-c1ccccc1)C(c1ccc(Cl)cc1)N(c1cc(Cl)cn(C3CC(O)C(O)C3)c1=O)C1=NC(=O)C3(CCNC3=O)C1,高毒,593.0783,84.56108,,
c1n[nH]nc1-c1cc2c(c(-c3c(Cl)cccc3Cl)c1)C(c1ccc(Cl)cc1)N(c1cc(Cl)cn(C3CC(O)(CO)C3)c1=O)C2=O,中毒,6.3808517,8.960914,0.182666877,3.916990494
c1n[nH]nc1-c1cc2c(c(-c3cc(Cl)ccc3Cl)c1)C(c1ccc(Cl)cc1)N(c1cc(Cl)cn(C3CC(O)(CO)C3)c1=O)C2=O,中毒,6.3808517,8.960914,0.182666877,3.903368516
c1n[nH]nc1-c1nc2c(c(-c3cn4cc[nH]c4c3=O)C1c1cccnc1)C(c1ccc(Cl)cc1F)N(c1ccHCl)N(=O)C(CO)C1,高毒,593.0783,84.56108,,
c1n[nH]nc1-c1cc2c(c(-c3cc(Cl)cc(Cl)c3)c1)C(c1ccc(Cl)cc1)N(c1cCl)C(=O)N(c1cc(O)cc(C(=O)NCCF)c1Cl)C3=O,高毒,593.0783,84.56108,,
c1n[nH]nc1-c1cc2c(n1-c1ccc(Cl)cc1F)C(c1ccc(Cl)cc1)N(c1cc(Cl)cn(C3CC(O)(CO)C3)c1=O)C2=O,中毒,12.488247,11.513729,0.22687237,4.043844886
c1n[nH]nc1-c1cc2c(n1-c1ccc(F)cc1F)C(c1ccc(Cl)cc1)N(c1cc(Cl)cn(C3CC(O)(CO)C3)c1=O)C2=O,中毒,12.488247,11.513729,0.244621212,4.0385462
c1n[nH]nc1-c1cc2c(n1-c1ccc(Br)cc1)c1nc(-c3ccoc3)nc(-c3cccs3)c1C=C2c1c(Cl)cccc1Cl,中毒,6.039426,10.680396,0.195130554,3.379582699
c1n[nH]nc1-c1cc2c(c(-c3cc(NC(=O)c4sccc4Br)cc3-c3ccc(F)cc3)nc1)C1CCC3(CCC(=O)N3)C12,高毒,593.0783,84.56108,,
c1n[nH]nc1-c1cn2c(-c3cc4c(-c5cnn(-c6csc(-c7cnc6cc(OC(F)(F)F)cc9)c6)c5)ncnc5c3)nc(-c3cccnc3)c2n1,高毒,593.0783,84.56108,,
c1n[nH]nc1-c1cc2c(s1)C-c1nsc(c1-c1cnccn1)c1cc(Br)cnc1-2,中毒,38.163315,41.36414,0.381288728,4.377703117
c1n[nH]nc1-c1cc2c(n1-c1ccc(F)cc1F)C(c1ccc(Cl)cc1)N(c1cc(Cl)cn(C3CC(O)(CO)C3)c1=O)C2=O,中毒,12.488247,11.513729,0.244621212,4.0385462
c1n[nH]nc1-c1cc2c(n1-c1ccc(F)cc1F)C(c1ccc(Cl)cc1)N(c1cc(Cl)cn(C3CC(O)(CO)C3)c1=O)C2,中毒,15.763229,11.513729,0.240067904,4.063144511
c1n[nH]nc1-c1nc(-c2ccc(Oc3ccccc3)o2)c2c(NCc3ccc(F)cn3)ncnc12,高毒,593.0783,84.56108,,
c1n[nH]nc1-c1cc2c(n1-c1ccc(Cl)cc1F)C(c1ccc(Cl)cc1)N(c1cc(Cl)cn(]1)C3)C2=O,高毒,593.0783,84.56108,,
c1n[nH]nc1-c1cc2c(n1-c1ccc(Cl)cc1)C(c1ccc(Cl)cc1F)N(c1cc(Cl)cn(C3CC(O)(CO)C3)c1=O)C2=O,中毒,14.882899,11.513729,0.22687237,4.049524061
c1n[nH]nc1-c1cc2c(c(-c3csc(CCC4(O)CCNCC4)c3=O)n1)C(c1ccc(Cl)cc1)N(c1ccc(Cl)c(Cl)c1)C3=O,高毒,593.0783,84.56108,,
c1n[nH]nc1-c1cc2c(n1-c1ccc(Cl)cc1F)C(c1ccc(Cl)cc1)N(c1cc(Cl)cn(C3CC(O)(CO)C3)c1=O)C2=O,中毒,12.488247,11.513729,0.22687237,4.043844886
c1n[nH]nc1-c1cc2c(c(-c3cc4c(n3-c3ccc(Cl)c2)C(c2ccc(Cl)cc2)N(c2csc(C(=O)O)c2)C(=O)CCC4)C23C(=O)N(Cc2c,高毒,593.0783,84.56108,,
c1n[nH]nc1-c1cc2c(n1-c1ccc(Cl)cc1)C(c1ccc(Cl)cc1)N(c1ccCl)C(c1ccc(Cl)cn1)F,高毒,593.0783,84.56108,,
c1n[nH]nc1-c1n[nH]c2cc(F)c(-c3c(S(=O)(=O)c4ccc(F)c(Br)c4)[nH]c4cc(Br)c(Br)cc43)cc12,中毒,7.8024006,10.98179,0.17203301,3.428296205
c1n[nH]nc1-c1cc2c(c(-c3c(Cl)cccc3Cl)c1)C(c1ccc(Cl)cc1)N(c1cc(Cl)cn(C3CC(F)(F)C3)c1=O)C2=O,低毒,6.958889,9.91435,0.20261252,3.880170965
c1n[nH]nc1-c1cc2n(n1)CC(CN1CCC(c3nc4ccccc4o3)CC1)C(c1ccc(Cl)cc1)N(c1ccCl)c(=O)=O,高毒,593.0783,84.56108,,
c1n[nH]nc1-c1cc2c(n1-c1ccc(S(F)(F)F)cc1)C(c1cccc(Cl)c1)N(c1cc(Cl)cn(C3CC(O)(CO)C3)c1=O)C2=O,中毒,14.882899,11.513729,0.18243243,4.29253933
c1n[nH]nc1-c1cc2c(c(-c3c(Cl)cccc3Cl)c1)C(c1ccc(Cl)cc1)N(c1cc(Cl)cn(C3CC(O)(CO)C3)c1=O)C2=O,中毒,6.3808517,8.960914,0.182666877,3.916990494
c1n[nH]nc1-c1cc2c(n1-c1cc(Cl)cc(Cl)c1)C(c1ccc(Cl)cc1)N(c1cc(Cl)cn(C3CC(O)(CO)C3)c1=O)C2=O,中毒,14.882899,11.513729,0.207895129,4.073964211
c1n[nH]nc1-c1csc(NC2=C(C(=O)N3CCCN(c4ccccc4F)CC3)C(N3CCOCC3)C2)c1=O,高毒,593.0783,84.56108,,
c1n[nH]nc1-c1c2c(c(-c3cc(Cl)c(OC5COC5)cc3Cl)c1)C(c1ccc(Cl)cc1)N(c1cc(Cl)cn(C3CC(O)(CO)C3)c1=O)C2=O,高毒,593.0783,84.56108,,
c1n[nH]nc1-c1cc2c(n1-c1ccc(Cl)cc1)C(c1ccc(Cl)cc1)N(c1cc(Cl)cn(C3CC(O)(CO)C3)c1=O)C2=O,中毒,14.882899,11.513729,0.235038859,3.958725058
c1n[nH]nc1-c1cc2c3c(c(-c4cnc(NC5CCOCC5)cn4)c2c1)C(c1ccc(Cl)cc1)N(c1cc(Cl)cn(C4CC5(C)C(=O)N(C6CC6)CC5,高毒,593.0783,84.56108,,
c1n[nH]nc1-c1cc2c(n1-c1ccc(Cl)cc1F)C(c1ccc(Cl)cc1)N(c1cc(Cl)cn(C3CC(O)(CO)C3)c1=O)C2=O,中毒,12.488247,11.513729,0.22687237,4.043844886
c1n[nH]nc1-c1nc2c(c(Nc3ccc(C(F)(F)F)c(Cl)c3)c1)CC(c1ccc(Cl)o1)N(c1cc(Cl)cn(-c4ccc(F)c4)c1=O)C3=O,高毒,593.0783,84.56108,,
c1n[nH]nc1-c1cc2c(n1-c1ccc(Cl)cc1)C(c1ccc(Cl)cc1)N(c2cc)(n(C1C3CC4CC(C3)CC(C(=O)O)(C5)C3)C1=O)C2,高毒,593.0783,84.56108,,
c1n[nH]nc1-c1cc2c(n1-c1ccc(F)cc1F)C(c1ccc(Cl)cc1)N(c1cc(Cl)cn(C3CC(O)(CO)C3)c1=O)C2=O,中毒,12.488247,11.513729,0.244621212,4.0385462
c1n[nH]nc1-c1cc2c(n1-c1ccc(Cl)cc1)C(c1ccc(Cl)cc1)N(c1cc(C#N)cnc1F)C1CC2COC3(CCCN(C(=O)CCS(=O)(=O)c4c,高毒,593.0783,84.56108,,
c1n[nH]nc1-c1cc2c(n1-c1c(Cl)cccc1Cl)C1(CCCC1)C(c1ccc(Cl)cc1)N(c2cc(Cl)cn1)C3c1ccc(Cl)cc1F,高毒,593.0783,84.56108,,
c1n[nH]nc1-c1cc2c(c(-c3c(Cl)cccc3Cl)c1)C(c1ccc(Cl)cc1F)N(c1cc(Cl)cn(C3CC(O)(CO)C3)c1=O)C2=O,中毒,5.093859,8.960914,0.17785186,4.018323826
c1n[nH]nc1-c1cc2c(n1-c1ccc(Cl)cc1F)C(c1ccc(Cl)cc1)N(c1cc(Cl)cn(C3CC(O)(CO)C3)c1=O)C2=O,中毒,12.488247,11.513729,0.22687237,4.043844886
c1n[nH]nc1-c1cc2c(c(-c3c(Cl)cccc3Cl)c1)C(c1ccc(Cl)cc1)N(c1cc(Cl)cn(C3CC(O)C(O)C3)c1=O)C2,中毒,6.8665094,9.912456,0.184804885,4.346166067
c1n[nH]nc1-n1c2c(c(-c3ccc(Cl)cc3)c1=O)C(c1ccc(Cl)cc1)N(Cc1cc(Cl)ccc1-c1nn[nH]n3)cc1F,高毒,593.0783,84.56108,,
c1n[nH]nc1-c1cc2c(n1-c1ccc(Cl)cc1F)C(c1cc3c(cc1)OCCO3)N(c1cc(Cl)cn(C4CC(O)(CO)C4)c3=O)C(=O)C1C2,高毒,593.0783,84.56108,,
c1n[nH]nc1-c1cc2c(cc1-c1nc3ccc(-c4csnn4)cc3s1)nc1c1c(F)cc(F)cc3c1O2,高毒,593.0783,84.56108,,
c1n[nH]nc1-c1nc2c(n1-c1ccc(Cl)c(Cl)c1)CS(=O)(=O)C1(CC1)CN(,高毒,593.0783,84.56108,,
c1n[nH]nc1-c1cc2c(n1-c1cc(Cl)cc(Cl)c1)C(c1ccc(Cl)cc1)N(c1cc(Cl)cn(C3CC(C)(O)C3)c1=O)C2=O,中毒,31.338547,11.513729,0.214726512,4.016507309
c1n[nH]nc1-c1csc(C23-c4cc(Cl)ccc4Cc4c(Cl)nc(C5CC5)nc42)c1Cl,高毒,593.0783,84.56108,,
c1n[nH]nc1-c1cc2c([nH]1)C(c1cccc(Cl)c1)N(c1cc(Cl)cn(C3CC(O)C(O)C3O)c1=O)C2=O,中毒,7.4282966,11.513729,0.263378663,4.663927374
c1n[nH]nc1-c1cc2c(c(-c3c4n(n3)CCN(C(S)=NCc3ccc(F)cc3)CC2)CCNC4=O)c1,高毒,593.0783,84.56108,,
c1n[nH]nc1-c1nc2c(c(Nc3cncc(Br)c3)n1)C2,微毒,12.429716,72.80483,0.597361648,3.194661558
c1n[nH]nc1-c1cc2n(c1-c1ccc(Cl)cc1)C(c1ccc(Cl)cc1)N(c1cc(Cl)cn1)C3c1ccc(Cl)cc3Oc12,高毒,593.0783,84.56108,,
c1n[nH]nc1-c1cc2c(n1-c1ccc(Cl)cc1F)C(Nc1cc(F)cc(F)c1F)C(c1ccc(Cl)cc1)N(c1cc(Cl)c(=O)n3C)C1=O,高毒,593.0783,84.56108,,
c1n[nH]nc1-c1cc2sc(-c3cc4c(-c5ccn6nccn6)ncc5c4o3)nc2c1,高毒,593.0783,84.56108,,
c1n[nH]nc1-c1cc2c(c(-c3nc4c(H]ccc5c4C5CCNC5)c12)C(N2C2CC2)C2(C5)C2(C3)CN2)c1,高毒,593.0783,84.56108,,
c1n[nH]nc1-c1cc2c(c(-c3c(Cl)cccc3Cl)n1)SC(N1CC3CN(Cc4ccc(F)cc4)CC3C1)C2,中毒,8.829105,24.401632,0.31858279,4.27269845
c1n[nH]nc1-c1cc2c(n1-c1ccc(Br)cc1)C(c1cccc(Cl)c1)N(c1cc(Cl)cn(C3CC(O)(CO)C3)c1=O)C2,中毒,24.385923,11.513729,0.215503315,4.043736317
c1n[nH]nc1-c1cc2c(c(-c3c(N)n[nH]c3=O)c1)C(c1ccc(Cl)cc1)N(c1cc(Cl)cn(C3CC(O)(CO)C3)c1=O)C2=O,高毒,593.0783,84.56108,,
c1n[nH]nc1-c1cc2c(c(-c3cc(-c4ccc(CN5CCCOCC5)no5)n3)C1)N(3)c1cc(Cl)c(Cl)cc1-2,高毒,593.0783,84.56108,,
c1n[nH]nc1-c1cc2c(n1-c1ccc(Cl)cc1F)C(c1ccc(Cl)cc1)N(c1cc(Cl)cn(C3CC(O)(CO)C3)c1=O)C2=O,中毒,12.488247,11.513729,0.22687237,4.043844886
c1n[nH]nc1-c1cc2c(c(-c3cc(Cl)ccc3Cl)c1)C(c1ccc(Cl)cc1Cl)N(c1cc(Cl)cn(C3CC(O)C(O)C3)c1=O)C2=O,中毒,7.487971,8.960914,0.174489075,4.375572749
c1n[nH]nc1-c1cc2c(c(-c3ccnc(F)c3)c12)C(c1ccc(F)cc1)N(c1cc(Cl)cn(C3CC(O)(CO)C3)c1=O)C2=O,高毒,593.0783,84.56108,,
c1n[nH]nc1-c1cc2c(c(-c3ccc(C(F)(F)F)nc3)c1)C(c1ccc(Cl)cc1)N(c1cc(Cl)cn(C3CC(O)(CO)C3)c1=O)C2=O,中毒,14.775009,8.960914,0.204989755,4.038781084
c1n[nH]nc1-c1cc2c(n1-c1ccc(Cl)cc1)N(c1ccc(Cl)cn1)C1(c3ccc(Cl)cc3)C(c4ccc(Cl)cc4)C(C(c4ccc(Cl)cc4)C5)(C(,高毒,593.0783,84.56108,,
c1n[nH]nc1-c1ccnc(-c2cncc(S(=O)(=O)N(Cc3snc(-c4ccccn4)c3)c3cncn3)c2)c1,高毒,593.0783,84.56108,,
c1n[nH]nc1-c1cc2c(n1-c1ccc(F)cc1F)C(c1ccc(Cl)cc1)N(c1cc(Cl)cn(C3CC(O)(CO)C3)c1=O)C2=O,中毒,12.488247,11.513729,0.244621212,4.0385462
c1n[nH]nc1-c1nc2c(c(-c3csc(CNCC(F)(F)F)n3)n1)C(c1ccc(Cl)cc1Cl)N1C(=O)OC(c3ccoc3)C1c1ccc(Cl)cc1Cl,高毒,593.0783,84.56108,,
c1n[nH]nc1-c1cc2c3c(c1)OCCN3Cc1cc(-c3ccc(-c4noc(C5(C6CC8)OC7=O)n6)cc4)nc3cc1-2,高毒,593.0783,84.56108,,
c1n[nH]nc1-c1cc2c(n1-c1ccc(Cl)cc1)C(c1ccc(Cl)cc1)N(c1cc(Cl)cn(C3CC(O)(CO)C3)c1=O)C2=O,中毒,14.882899,11.513729,0.235038859,3.958725058
c1n[nH]nc1-c1cc2c(n1-c1ccc(Cl)cc1)C(c1ccc(Cl)cc1)N(c1cc(Cl)cn(C3CC(O)(CO)C3)c1=O)C(=O)CCl,高毒,593.0783,84.56108,,
c1n[nH]nc1-c1cc2c(n1-c1ccc(C(F)(F)F)cc1)C(c1ccc(Cl)cc1)N(c1ccCl)C(=O)CC1,高毒,593.0783,84.56108,,
c1n[nH]nc1-c1cc2c(n1-c1ccc(Cl)cc1)C(c1ccc(Cl)cc1)N(c1cc(Cl)cn(C3CC(O)(CO)C5)c13)C2=O,高毒,593.0783,84.56108,,
c1n[nH]nc1C1COCCN1c1nc(-c2cncc(N3CCOC3)c2)c2c(c1Cl)COC(c1ccc(Cl)cc1)C3,高毒,593.0783,84.56108,,
c1n[nH]nc1-c1cc2c(n1-c1ccc(F)cc1F)C(c1ccc(Cl)cc1)N(c1cc(Cl)cn(C3CC(O)(CO)C3)c1=O)C2=O,中毒,12.488247,11.513729,0.244621212,4.0385462
c1n[nH]nc1-c1cc2c(n1-c1ccc(Cl)cc1F)C(c1ccc(Cl)cc1)N(c1cc(Cl)cn(C3CC(O)(CO)C3)c1=O)C2=O,中毒,12.488247,11.513729,0.22687237,4.043844886
c1n[nH]nc1-c1cc2c(n1-c1ccc(C(F)(F)F)cc1F)C(c1ccc(Cl)cc1)N(c1cc(Cl)cn(C3CC(O)(CO)C3)c1=O)C2=O,中毒,12.488247,13.466203,0.196534862,4.133631214
c1n[nH]nc1-c1cc2c(n1-c1ccc(Cl)cc1Cl)C(c1ccc(Cl)cc1)N(c1ccCl)C(c1ccc(Cl)cc1)N3c1cc(Cl)ccc3c1,高毒,593.0783,84.56108,,
c1n[nH]nc1-c1cc(N2CC3C(C2)C3c2ccc3c(c2)-c2nnc(SC45C=CC(C6)N6C45C7C3C3C61)C2)c(Cl)c1,高毒,593.0783,84.56108,,
c1n[nH]nc1-c1cc2c(n1-c1ccc(F)cc1F)C(c2ccc(Cl)cc2)N(c2cc(Cl)c(=O)n(C3CC(O)C(O)C3)c1=O)C2(Cc1cccs1)C(=,高毒,593.0783,84.56108,,
c1n[nH]nc1-c1cc2c(c(-c3c(Cl)cccc3Cl)c1)C(c1ccc(Cl)cc1)N(c1cc(Cl)cn(C3CC(O)(CO)C3)c1=O)C2=O,中毒,6.3808517,8.960914,0.182666877,3.916990494
c1n[nH]nc1-c1cc2c(n1-c1ccc(Cl)cc1F)C(c1ccc(Cl)cc1)N(c1cc(Cl)cn(C3CC(O)(CO)C3)c1=O)C2=O,中毒,12.488247,11.513729,0.22687237,4.043844886
c1n[nH]nc1I]1,高毒,593.0783,84.56108,,
c1n[nH]nc1-c1cc2c(n1-c1ccc(F)cc1F)C(c1ccc(Cl)cc1)N(c1cc(Cl)cn(C3CC(O)(CO)C3)c1=O)C2O,中毒,26.991571,12.110745,0.212048553,4.385531095
c1n[nH]nc1-c1cc2c(c(-c3c(Cl)cccc3Cl)c1)C(c1ccc(Cl)cc1)N(c1cc(Cl)cn(C1CC(O)(CO)C3)c1=O)C2=O,高毒,593.0783,84.56108,,
c1n[nH]nc1-c1cc2c(c(-c3c(Cl)cccc3Cl)c1)C1(CCl)C(C(=O)Cl)=C(NC4CC4)C(c2ccc2[nH]ncc24)C13,高毒,593.0783,84.56108,,
c1n[nH]nc1-c1cc2c(n1-c1ccc(Cl)cc1F)C(c1ccc(Cl)cc1)N(c1ccCl)C(c1ccc(Cl)cc1)([2H])([2H])(2)C2(C#N)C(=O)N,高毒,593.0783,84.56108,,
c1n[nH]nc1-c1cc2c(c(-c3c(Cl)cccc3Cl)c1)C(c1ccc(Cl)cc1)N(c1cc(Cl)cn(C3CC(O)(CO)C3)c1=O)C2=O,中毒,6.3808517,8.960914,0.182666877,3.916990494
c1n[nH]nc1-c1cc2c(n1-c1ccc(Cl)cc1F)C1(c3cc(Cl)ccc3OCc3cccnc31)C(c1ccc(Cl)cc1)C1(P(=O)(O)O)C(c2ccc(Cl)c,高毒,593.0783,84.56108,,
c1n[nH]nc1-c1cc2c(n1-c1ccc(Cl)cc1)C(c1ccc(Cl)cc1)N(c1cc(Cl)cn(C3CC(O)(CO)C3)c1=O)C2=O,中毒,14.882899,11.513729,0.235038859,3.958725058
c1n[nH]nc1-c1cc2c(c(COCc3ccc(-c4cn(Cc5ccsc5)nn4)c4)c(-c4ccc(Cl)cc4Cl)nc3c1)C(O)(CN1CCC(C(F)(F)F)CC1),高毒,593.0783,84.56108,,
c1n[nH]nc1-c1c[nH]c2ncc(-c3n[nH]cc3-c3cncc(OCc4ccc(F)cc4)c3=S)cc12,高毒,593.0783,84.56108,,
c1n[nH]nc1-c1cc2c(c(NC3CCN(C=NC4CCOCC4)CC3)n1)C(c1ccc(Cl)cc1)N(c1cc(Cl)cn(C3CC(O)(CO)C3)c1=O)C2=O,中毒,8.738106,13.503714,0.143401984,4.503012086
c1n[nH]nc1-c1cc2c(c(-c3cc(Cl)ccc3Cl)c1)C(c1ccc(Cl)cc1)N(c1cc(Cl)cn(C3CC(O)(CO)C3)c1=O)C2,中毒,9.036046,9.912456,0.17851774,3.948512637
c1n[nH]nc1-c1cc2c(n1-c1ccc(Cl)cc1F)C(c1ccc(Cl)cc1)N(c1ccc(Cl)cc1)C3c1ccc(C#N)cc1C2,高毒,593.0783,84.56108,,
c1n[nH]nc1-c1cc2c(c(-c3cc(F)c(F)cc3O)c1)C(c1ccc(Cl)cc1)N(c1cc(Cl)cn(C3CC(O)(CO)C3)c1=O)C2=O,中毒,15.809174,13.447941,0.190087887,4.03054522
c1n[nH]nc1-c1cc2c(c(-c3c(Cl)cccc3Cl)c1)C(c1ccc(Cl)cc1)N(c1cc(Cl)cn(C3CC(O)(CO)C3)c1=O)C2=O,中毒,6.3808517,8.960914,0.182666877,3.916990494
c1n[nH]nc1C1=NN(C2(c3ccc(Cl)cc3)CC2)CC1c1ccc(-c2cccH]n2)s1,高毒,593.0783,84.56108,,
c1n[nH]nc1-c1cc2c(c(-c3c(Cl)cccc3Cl)c1)CN(c1ccc(Cl)cc1)CC2,中毒,21.21731,82.32256,0.3754276,2.697540346
c1n[nH]nc1-c1cc2c(c(-c3ccc4cc[nH]c4c3)c1)C#Cc1cc(Br)c(Oc4ccc(Oc5nncc6c(c56)C(=O)NC6)cc45)cc3c12,高毒,593.0783,84.56108,,
c1n[nH]nc1-c1cc2c(c(-c3ccsc3)c1)C(c1ccc(Cl)cc1)N(c1cc(Cl)cn(C3CC(O)(CO)C3)c1=O)C2=O,中毒,7.6477833,13.447941,0.231210682,3.953818928
c1n[nH]nc1-c1cc2c(n1-c1ccc(F)cc1)C(c1ccc(Cl)cc1)N(c1ccS(=O)(=O)C3CS(=O)(=O)CC3)C(C(F)(F)F)C3C(=O)C(,高毒,593.0783,84.56108,,
c1n[nH]nc1-c1cc2c(n1-c1ccc(F)cc1F)C(c1ccc(Cl)cc1)N(c1cc(Cl)cn(C3CC(O)C(O)C3)c1=O)C2=O,中毒,12.488247,11.513729,0.253238173,4.421477371
c1n[nH]nc1-c1csc2sc(-c3nnn[nH]3)cc(=O)c12,低毒,4.110747,11.980179,0.5765958,3.737928312
c1n[nH]nc1-c1cc2n(c1-c1ccc(Cl)cc1)C(c1ccc(=O)c(O)c1)N(c1cc(Cl)cn(c1=O)C3)C2c1ccc2c(c1)OCO3,高毒,593.0783,84.56108,,
c1n[nH]nc1-c1cc2c(n1-c1ccc(F)cc1F)C(c1ccc(Cl)cc1)N(c1cc(Cl)cn(C3CC(O)(CO)C3)c1=O)C2=O,中毒,12.488247,11.513729,0.244621212,4.0385462
c1n[nH]nc1-c1cc2c(n1-c1ccc(Cl)cc1)C(c1ccc(Cl)cc1)N(c1cc(Cl)cn(C3CC(O)(CO)C3)c1=O)C2=O,中毒,14.882899,11.513729,0.235038859,3.958725058
c1n[nH]nc1-c1cnc(Oc2cc3ccc(CN4CC5CC(C4)C5CN4CCC5)cc3s2)c1,高毒,593.0783,84.56108,,
c1n[nH]nc1-c1cc2c(c(-c3ccc(-c4nc(C5CC5)no4)c3)C(c3ccc(Cl)cc3F)N(c3cc(Cl)cn(C)c3=O)C3=O)c(=O)c2c1,高毒,593.0783,84.56108,,
c1n[nH]nc1-c1cn2c(-c3cn[nH]c3)c(-c3cc(Cl)cc(Cl)c3)c(-c3cc4c([nH]3)C(N3CCOC3=O)C(O)C4)c2c1,高毒,593.0783,84.56108,,
c1n[nH]nc1-c1cc2c(n1-c1ccc(Cl)cc1)C(c1ccc(Cl)cc1)N(c1cc(Cl)cn(C3CC(O)(CO)C3)c1=O)C2=O,中毒,14.882899,11.513729,0.235038859,3.958725058
c1n[nH]nc1-c1cc2c(n1-c1c(Cl)cccc1Cl)C(c1ccc(Cl)cc1)N(c1cc(Cl)cn(C3CC(O)(CO)C3)c1=O)C2=O,中毒,18.205946,11.513729,0.207895129,4.06849104
c1n[nH]nc1-c1cc2c(n1-c1ccc(Cl)cc1)C(c1ccc(Cl)cc1)N(s1)C(c1ccc(Cl)cc1)N(c2cc(Cl)c=O)C(C)(CO)C1,高毒,593.0783,84.56108,,
c1n[nH]nc1-c1nc2c(c(-c3c[nH]c4ccc(C#CCN5CCSC5)cc45)c(Cl)nc32)c1,高毒,593.0783,84.56108,,
c1n[nH]nc1-c1c(C2CCN(C(COc3cscn3)C3CC3)C2)nc2cnc(-c3ccnc(OC(F)F)c3)cc12,高毒,593.0783,84.56108,,
c1n[nH]nc1-c1cc2c(c(-c3c(Cl)cccc3Cl)c1)C(c1ccc(Cl)cc1)N(c1cc(Cl)cn(C3CC(O)(CO)C3)c1=O)C2=O,中毒,6.3808517,8.960914,0.182666877,3.916990494
c1n[nH]nc1-c1cc2c(n1-c1ccc(Cl)cc1)C(c1ccc(Cl)cc1F)NP(=O)(c1ccc(Cl)cc1)N(c1cc(Cl)cn(C4CC(O)(CO)C4)c1=O),高毒,593.0783,84.56108,,
c1n[nH]nc1-c1cn(-c2ccc(N3CCNCC3)cc2)c2ncnc(N3CCOCC3)c12,中毒,5.00838,79.65951,0.500954791,2.918154531
c1n[nH]nc1-c1csc(-c2nc(N3CC=CC3)nc3c2CN(Cc2cc(Cn4cncn4)ccc2C4)CC32CCc2cc(C(F)(F)F)nc(C4CC4)c23)c1,高毒,593.0783,84.56108,,
c1n[nH]nc1-c1cc2n(c1-c1ccc(Cl)cc1Cl)C(c1ccc(Cl)cc1NS(=O)(=O)c1ccc(F)cc1)C(c1ccc(Cl)cc1)N(c1cc(Cl)cn(C3C,高毒,593.0783,84.56108,,
c1n[nH]nc1-c1cc2c(c(-c3ccc(Br)cc3)c1)C(c1cccc(Cl)c1)N(c1cc(Cl)cn(C3CC(O)(CO)C3)c1=O)C2=O,中毒,6.3808517,8.960914,0.19539809,3.872324176
c1n[nH]nc1-c1cc2c(n1-c1ccc(Cl)cc1)C(c1ccc(Cl)cc1)N(c1cc(Cl)n(C2CC(OO)C(O)C1)S1(=O)=O)C3=O,高毒,593.0783,84.56108,,
c1n[nH]nc1-c1nc2cscc2c(-c2cccc(C(F)F)c2)c12,高毒,593.0783,84.56108,,
c1n[nH]nc1-c1n[nH]c2cc(-c3c(Cl)c(Cl)nc4ccc5[nH]ncc5c34)cc12,高毒,593.0783,84.56108,,
c1n[nH]nc1-c1cc2c(cn1)c1c(c3c(c21)CC(C(F)(F)F)NC(=O)C3)CC3,高毒,593.0783,84.56108,,
c1n[nH]nc1-c1cn2nc(Cl)c(-c3ccc(NCC(O)COCc4ccc(Cl)cc4Cl)cc3)c(=O)c2n1,高毒,593.0783,84.56108,,
c1n[nH]nc1-c1sc2ccncc2c1=O,高毒,593.0783,84.56108,,
c1n[nH]nc1-c1nn(C2CCCO2)c(C2CCOc3cc(-c4nnc6cnsc56)ccc34)cc12,高毒,593.0783,84.56108,,
c1n[nH]nc1-c1cc2c(n1-c1ccc(Cl)cc1F)C(c1ccccF)N(c2cc(Cl)cn(C3CC(O)(CO)C3)c1=O)C2=O,高毒,593.0783,84.56108,,
c1n[nH]nc1-c1cc2c(c(-c3cc(Cl)cc(Cl)c3)c1)C(c1ccc(Cl)cc1)N(c1cc(Cl)cn(C3CC(O)(CO)C3)c1=O)C2=O,中毒,6.3808517,8.960914,0.182666877,3.934706978
c1n[nH]nc1-c1cc2c(c(-c3cnc4c(-c5ccc6c(#7)csc7ncnc67)cncc5c34)CN2)c1,高毒,593.0783,84.56108,,
c1n[nH]nc1-c1cc2c(c(-c3ccc(-c4cc5oonc5c4)c4c(N5CC(S8C6CC6)C6)ccnc45)ccnc32)c1,高毒,593.0783,84.56108,,
c1n[nH]nc1-c1cc2c(n1-c1ccc(Cl)cc1F)C(c1ccc(Cl)cc1)N(c1cc(Cl)cn(3CCOCC3)c1=O)C3,高毒,593.0783,84.56108,,
c1n[nH]nc1-c1cc2c(c(-c3c(F)cccc3Cl)c1)C(c1ccc(Cl)cc1)N(c1ccc(Cl)cc1)C3C21CC1,高毒,593.0783,84.56108,,
c1n[nH]nc1-c1cc2c(c(-c3c(Cl)cccc3Cl)c1)C(c1ccc(Cl)cc1)N(sc1cc(Cl)cc2Cl)C1=O,高毒,593.0783,84.56108,,
c1n[nH]nc1-c1cc2c(n1-c1ccc(F)cc1)C(c1ccc(Cl)cc1)N(c1cc(Cl)cn(C3CC(O)(CO)C3)c1=O)C2=O,中毒,14.882899,11.513729,0.252765996,3.961679667
c1n[nH]nc1-c1cc2c(c(-c3c(F)cccc3F)c1)C(c1ccc(Cl)cc1)c2c(c1)CN(C1(C)COC1)C3,高毒,593.0783,84.56108,,
c1n[nH]nc1-c1cc(C(NC2CC2)c2ccnnC2)c2nc(Oc3ccc(C(F)(F)F)cc3F)c(-c3cccn#3)cc12,高毒,593.0783,84.56108,,
c1n[nH]nc1-c1n[nH]c2cc(C(=O)N3C(c4ccc(S(N)(=O)=O)cc4)CCc4c(N5CCOCC5)nc(Cl)c(Cl)c5S4(=O)=O)c(F)c3c12,高毒,593.0783,84.56108,,
c1n[nH]nc1-c1coc(-c2nn(-c3ccnc(=O)c3)c3nnccc23)c1=O,高毒,593.0783,84.56108,,
c1n[nH]nc1-c1cc2c(n1-c1ccc(Cl)cc1F)C(c1ccc(Cl)s1)N(c1cc](#Nc2cccnc2)C2(C(=O)O)CC1)C1CC1,高毒,593.0783,84.56108,,
c1n[nH]nc1-c1cc2c(c(-c3cc(Cl)cnc3Cl)c1)C(c1ccc(Cl)cc1Nc1nc(c(=O)n(C3CC(O)(CO)C(O)C3)c1Cl)C3)C2,高毒,593.0783,84.56108,,
c1n[nH]nc1-c1cc2c(n1-c1ccc(F)cc1F)C(c1ccc(Cl)cc1)N(c1cc(Cl)cn(C3CC(O)(CO)C3)c1=O)C2=O,中毒,12.488247,11.513729,0.244621212,4.0385462
c1n[nH]nc1-c1cc2c(c(-c3cn(CCCOc4cc(C(F)(F)F)ccc4Cl)nn3)c1)C(c1ccc(Cl)cc1)N(c1cc(Cl)cn(C3CC(O)(CO)C3)c,高毒,593.0783,84.56108,,
c1n[nH]nc1-c1cc2c(-c3ccc(Cl)cc3)ncnc2cc1OC1Csc2cc(N3C(=O)OCC3c3ccc(F)cc3)cc3c(=O)c(=O)c(-c4cO)cn(C4,高毒,593.0783,84.56108,,
c1n[nH]nc1-c1cnc2[nH]cc(-c3ccc(C4=CCC5(O)C4C5)cc3F)c2c1,中毒,1.9745839,26.13698,0.510787009,4.066329094
c1n[nH]nc1-c1cc2c([nH]c3c(O,高毒,593.0783,84.56108,,
c1n[nH]nc1-c1cc2c(c(-c3c(F)cccc3F)c1)C(c1ccc(Cl)cc1)N(c1cc(Cl)cn(C3CC(O)(CO)C3)c1=O)C2=O,中毒,6.3808517,8.960914,0.216988584,3.927417967
c1n[nH]nc1-c1cc2c(o1)C(c1ccc(Cl)cc1)N(c1cc(Cl)cn(C3CC(O)(CO)C3)c1=O)C2=O,中毒,13.3429985,20.735756,0.361406165,4.01065424
c1n[nH]nc1-c1cc2c(c(-c3ccc(Cl)cc3)c1)C(c1ccc(Cl)cc1)N(c1cc(Cl)cn(C3CC(O)(CO)C3)c1=O)C2=O,中毒,6.3808517,8.960914,0.205435647,3.81469291
c1n[nH]nc1-c1nc2c(nc1Cc1ccc(Cl)c(Cl)c1Cl)CS(=O)(=O)C21C=C(Cl)C(OCc2ccc(C#N)c(F)c2)C2=C(CCCC2=O)C1,中毒,17.475342,18.16599,0.202914691,5.380400999
c1n[nH]nc1-c1csc2cnc(-c3cc(F)c(O)c(NS(=O)(=O)c4ccc(F)cc4F)c3)c12,高毒,593.0783,84.56108,,
c1n[nH]nc1-c1cc2c(s1)CC(C(O)(c1ccc(Cl)cc1)c1ccc(Cl)cc1Cl)C(N1CCN(c4n[nH]c5ncc(Cl)cc36)CC3)CC12,高毒,593.0783,84.56108,,
c1n[nH]nc1-c1cc2c(n1-c1ccc(F)cc3nccc13)C(c1ccc(Cl)cc1)N(c1c3c(nc4c(F)cccc45)CC3C3CC(O)C(O)C(C3)O3)C,高毒,593.0783,84.56108,,
c1n[nH]nc1-c1cc2c(c(-c3c(Cl)cccc3Cl)c1)C(c1ccc(Cl)cc1)N(c1cc(C5CC5COC5)sc3c1)C2,高毒,593.0783,84.56108,,
c1n[nH]nc1-c1cc2c(cn1)cnn2Cc1c[nH]c2ccc(-c3nnc4n3-c3cccnc3Oc3cncc(F)c34)nc12,中毒,9.931135,16.348,0.315042989,3.741141353
c1n[nH]nc1-c1cc2c(-c3cnc(N4CCc5[nH]c6c(c5CC4)S(=O)(=O)c4ccccc45)ncnc3cn2)cn1,高毒,593.0783,84.56108,,
c1n[nH]nc1-c1nc2sc(-c3c[nH]nc3-c3nc4cc(Cl)c(Cl)cc4[nH]3)nc2c1N1CC(O)C(O)C1,高毒,593.0783,84.56108,,
c1n[nH]nc1-c1cc2c(c(-c3ccnc(-c4cc(C#N)c(O)cc4C(F)(F)F)c3)c1)C(c1ccc(Cl)cc1)N(c1cc(Cl)c[nH]c1=O)C3=O,高毒,593.0783,84.56108,,
c1n[nH]nc1-c1nc2c(c(N3CCOC3Cs3)n1)CC(N1CCOC3(CCOCC3)CC1)C2,高毒,593.0783,84.56108,,
c1n[nH]nc1-c1cc2c(c(-c3ccc4nc(-c5ncon5)cc(-c6cnc(C7CC7)nc6)c5c4)cn3c2=O)C(c2ccccc2Cl)C1,高毒,593.0783,84.56108,,
c1n[nH]nc1-c1cc2n(c1-c1ccn(Cc3ccc(Oc4ccccc4)cc3)c1)C(c1ccc(Cl)cc1)N(c1cc(Cl)cn(C3CC(O)(CO)C3)c1=O)C3,高毒,593.0783,84.56108,,
c1n[nH]nc1-c1cnc2[nH]cc(-c3cc(Nc4ccc(-c5nc6cccc(N7CC(OS(=O)(=O)O)CC7)c6)c5)[nH]c4c3)c(=O)c2c1,高毒,593.0783,84.56108,,
c1n[nH]nc1-c1cc2c(n1-c1ccc(Cl)c(Cl)c1)C(c1ccc(Cl)cc1)N(c1cc(Cl)n(C3CC(O)(CO)C3)c1=O)C2,高毒,593.0783,84.56108,,
c1n[nH]nc1-c1cc2c(nc1-c1cn(-c3ccc4c(c3)OCO4)c3c(N)ncnc3c12)N1CCN(c2c[nH]nc2C(F)(F)F)CC1,高毒,593.0783,84.56108,,
c1n[nH]nc1-c1csc(Nc2c3cccc2Oc2ccc(Br)cc23)n1,中毒,17.98981,8.539481,0.425753573,3.582319127
c1n[nH]nc1-c1ccc2c(=O)n(-c3nc(-c4c[nH]c5ccc(Cl)cc45)nc4c3CCNC4)cc(F)c2c1,中毒,63.674015,13.666215,0.327744433,3.290744381
c1n[nH]nc1-c1cc2c(c(-c3cc(Cl)ccc3Cl)c1)C(c1ccc(Cl)cc1)N(c1ccS(=O)(=O)C3CCCC3)C(c3ccc(Cl)c(Cl)c3)C1,高毒,593.0783,84.56108,,
c1n[nH]nc1-c1cc2c(cn1)C(c1ccc(Cl)cc1)N(c1cc(Cl)cn(C3CC(O)(CO)C3)c1=O)C2=O,中毒,6.3808517,12.110745,0.354479945,3.832074276
c1n[nH]nc1-c1cc2c(n1-c1ccc(F)cc1F)C(c1ccc(Cl)cc1)N(c1cc(Cl)cn(C3CC(O)(CO)C3)c1=O)C2=O,中毒,12.488247,11.513729,0.244621212,4.0385462
c1n[nH]nc1-c1cc2c(c(-c3cc(Cl)cc(Cl)c3)c1)C(c1cccc(Cl)c1)N(c1cc(Cl)cn(C3CC(O)(CO)C3)c1=O)C2=O,中毒,6.3808517,8.960914,0.182666877,3.961947637
c1n[nH]nc1-c1cc2c(c(-c3c(Cl)cccc3Cl)c1)C1=C(CCC3(CC1)OCC3)C2,中毒,30.598156,183.76021,0.497773416,4.184900864
c1n[nH]nc1-c1nc2sc(C3(O)CCCCC3)nc2c1-c1nc2c(c(C(Cl)F)c1Oc1ccc(Cl)cc1(Cl)c1ccsc13)C(c1cccc(Cl)c1)N(c1cc,高毒,593.0783,84.56108,,
c1n[nH]nc1-c1cc2c(n1-c1ccc(F)cc1F)C(c1ccc(Cl)cc1)N(c1cc(Cl)cn(C3CC(O)(CO)C3)c1=O)C2=O,中毒,12.488247,11.513729,0.244621212,4.0385462
c1n[nH]nc1-c1cc2sc(-c3cc4snc(-c5cc6c(-c7ccsc7)[nH]c7ccc(F)c7n6)c5c4c3)c2s1,高毒,593.0783,84.56108,,
c1n[nH]nc1-c1nc2cc(Cl)c(-c3cncc(c3C(F)(F)F)c3)cc2s1,高毒,593.0783,84.56108,,
c1n[nH]nc1-c1cc2c(n1-c1ccc(F)cc1)C(c1ccc(Cl)cc1)N(c1ccCl)N(c3ccc(Cl)cc3)C1=O,高毒,593.0783,84.56108,,
c1n[nH]nc1-c1cc2c(n1-c1ccc(Br)cc1F)C(c1ccc(Cl)cc1)N(c1cc(Cl)cn(C3CC(CO)(O)C3)c1=O)C2=O,中毒,15.540574,11.513729,0.216603914,4.066847513
c1n[nH]nc1-c1cc2c(c(-c3c(Cl)cccc3Cl)c1)CC(c1ccc(Cl)cc1)N(c1cc(Cl)cn(C3CC(O)(CO)C3)c1=O)C2=O,中毒,22.081963,19.79431,0.177188173,3.955478622
c1n[nH]nc1-c1cc2c(c(-c3c(Cl)cccc3Cl)c1)C(c1ccc(Cl)cc1Cl)N(c1cc(Cl)cn(C3CC(O)(CO)C3)c1=O)C2=O,中毒,7.487971,8.960914,0.168559174,4.003842696
c1n[nH]nc1-c1cc2c(n1-c1ccc(Br)cc1F)C(c1ccc(Cl)cc1)N(c1ccc(S(=O)(=O)NC3C4CCOC(C4)C3)c1)C(=O)C2,高毒,593.0783,84.56108,,
c1n[nH]nc1-c1cc2c([nH]c1=S)C(c1ccc(F)nc1)N(c1cc(Cl)cn(C3CC(O)(CO)C3)c1=O)C2=O,中毒,52.723274,37.584106,0.216496724,4.304452681
c1n[nH]nc1-c1cc2c(c(-c3ccc4oc5ccccc5c4c3)c1)C(c1ccc(Cl)cc1)N(c1cc(Cl)cn(C3CC(O)(CO)C3)c1=O)C2=O,中毒,6.3808517,13.447941,0.165097131,3.979585214
c1n[nH]nc1-c1cc2c(n1-c1ccc(F)cc1F)C(c1ccc(Cl)cc1)N(c1cc(Cl)cn(C3CC(O)C(O)C3)c1=O)C2=O,中毒,12.488247,11.513729,0.253238173,4.421477371
c1n[nH]nc1-c1cc2c(c(-c3c(Cl)cccc3Cl)c1)C(c1ccc2c(c1)OCO3)N(c1cc(Cl)c[nH]c1=O)C3,中毒,6.286822,90.252525,0.247709967,5.274528052
c1n[nH]nc1-c1cc2c(c(-n3cnnn3)c1)C(c1ccc(Cl)cc1)N(c1cc(Cl)cn(C3CC(O)(CO)C3)c1=O)C2=O,中毒,9.961648,9.043079,0.263297956,4.030978075
c1n[nH]nc1-c1cc2c(n1-c1ccc(F)nc1)c1cn(-c3ccc4c(n3)-c3cc(F)c(F)cc3-c3cc[nH]c3=O)c(C=C3C(=O)OC(C3CC3,高毒,593.0783,84.56108,,
c1n[nH]nc1-c1cc2n(c1-c1cc(F)cc(F)c1)C(c1ccc(Cl)cc1)N(c1cc(Cl)cn(C3CC(O)(CO)C3)c1=O)C2=O,中毒,19.951618,13.503714,0.241282669,4.145448639
c1n[nH]nc1-c1cc2c(nH]1)=C(c1cc(Cl)c(F)cc1F)C(c1ccc(Cl)cc1)N(c1cc(Cl)cn(C3CC(O)(CO)C3)c1=O)C2=O,高毒,593.0783,84.56108,,
c1n[nH]nc1-c1csc(C23CC4CC(CC(C4)C2)C3)n1=O,高毒,80.72398,28.19075,0.684670015,4.762687448
c1n[nH]nc1-c1cc2c(c(-c3c(Cl)cccc3Cl)c1)C(c1ccc(Cl)cc1)N(c1cc(Cl)cn(C3CC(O)(CO)C3)c1=O)C2=O,中毒,6.3808517,8.960914,0.182666877,3.916990494
c1n[nH]nc1-c1cc2c(c(-c3c(Cl)cccc3Cl)c1)CN(c1cc(Cl)nn(C(CO)CO)c1=O)C3,高毒,593.0783,84.56108,,
c1n[nH]nc1-c1cc2sc(-c3ccc4c(c3)OCO4)cc2c1-c1nc2c(cnn2-c2ccc(Cl)cc2)CC1c1c(F)cccc1Cl,高毒,593.0783,84.56108,,
c1n[nH]nc1-c1cc2n(c1-c1ccc(F)c(Cl)c1)C(c1ccc(Cl)cc1)N(c1cc(Cl)cn(C3CC(O)(CO)C3)c1=O)C2=O,中毒,19.951618,13.503714,0.222716361,4.103029877
c1n[nH]nc1-n1c2c(c1-c1ccc(Cl)cc1F)C(c1ccc(Cl)cc1)N(c1cc(Cl)cn(C3CC(O)(CO)C3)c(=O)c1=O)C2=O,高毒,593.0783,84.56108,,
c1n[nH]nc1-c1cc2c(n1-c1ccc(Cl)cc1)C(c1ccc(Cl)cc1)N(c1cc(Cl)cn(3C3CC(=O)N(C6CCCCC6)C5(C(=O)O)C4)c3n1)C,高毒,593.0783,84.56108,,
c1n[nH]nc1-n1ccc2cc(I)c(Br)c(NCl)c21,中毒,7.9928656,44.911182,0.4741803,3.864608186
c1n[nH]nc1-c1cc2n(c1-c1ccc(F)c(Cl)c1F)C(c1ccc(Cl)cc1)N(c1ccCl#CC3CCC1)C(c1ccncc1)C2,高毒,593.0783,84.56108,,
c1n[nH]nc1-c1cn2c(n1)OC(c1ccc(-c3ccc4[nH]nnc4c3)cc1)C(c1ccc(-c4cccs4)cc1)N3,高毒,593.0783,84.56108,,
c1n[nH]nc1-c1cc2c(n1-c1ccc(I)cc1F)C(c1ccc(Cl)cc1)N(c1cc(Cl)n(C3CC(O)(CO)C3)c1=O)C2,高毒,593.0783,84.56108,,
c1n[nH]nc1-c1cc2c(n1-c1ccc(F)cc1F)C(c1ccc(Cl)cc1)N(c1cc(Cl)cn(C3CC(O)(CO)C3)c1=O)C2=O,中毒,12.488247,11.513729,0.244621212,4.0385462
c1n[nH]nc1-c1cc2c(c(-c3cn(-c4cccc(Cl)c4)n3)C(c3ccc(Cl)cc3)N(c3ccc(Cl)cc3)C3==C(CC3)C1c1ccc(Cl)cc1)C3,高毒,593.0783,84.56108,,
c1n[nH]nc1-c1cc2c(n1-c1cc(Cl)c(Cl)cc1F)C(c1ccc(Cl)cc1)N(c1cc(Cl)cn(C3CC(O)(CO)C3)c1O)C2=O,高毒,593.0783,84.56108,,
c1n[nH]nc1-c1cc2c(c(-c3ccc(-n4ccnc4)nc3)c1)C1CC(c4cccnc4)(c4c(F)cccc4F)N(C1)C3,高毒,593.0783,84.56108,,
c1n[nH]nc1-c1cc2c(c(-c3ccc(Cl)cc3Cl)c1)C(c1cccc(Cl)c1)N(c1cc(Cl)cn(C3CC(O)(CO)C3)c1=O)C2=O,中毒,6.3808517,8.960914,0.182666877,3.919419066
c1n[nH]nc1-c1cc2c(c(-c3c(Cl)cccc3Cl)c1)C(c1ccc(Cl)cc1)N(c1cc(Cl)cn(C3CC(O)C(O)C3)c1=O)C2=O,中毒,6.3808517,8.960914,0.189108586,4.301943535
c1n[nH]nc1-c1cc2c(n1-c1ccc(Cl)cc1F)C(c1ccc(Cl)cc1)N(c1cc(Cl)cn(C3CC(O)(CO)C3O)c1=O)C2=O,中毒,12.488247,11.513729,0.210342803,4.757863473
c1n[nH]nc1-c1cc2c(n1-c1ccc(F)c(Cl)c1)C(c1ccc(Cl)cc1)N(c1cc(Cl)cn(n1)c1ccF)C2=O,高毒,593.0783,84.56108,,
c1n[nH]nc1-c1cc2c(n1-c1cnc(Cl)c(Cl)c1)C(c1ccc(Cl)cc1)N(c1cc(Cl)cn(C3CC(O)(CO)C3)C1=O)c1cO=O,高毒,593.0783,84.56108,,
c1n[nH]nc1-c1cnc(OC2COC3(CC4CC5CC(C4)CC3C5)(C(=O)NO)C2)cc1,高毒,593.0783,84.56108,,
c1n[nH]nc1-c1cc2c(c(-c3ccc(Cl)cc3)c1)C(c1ccc(Cl)cc1)N(c1cc(Cl)cn(C3CN(CCO)CC3)c1=O)C2=O,低毒,19.355698,8.960914,0.213665245,3.956210413
c1n[nH]nc1-c1nc2c(-c3cnn4cc(-c5cnn(CN6CCOCC6)c5)nc4c3)c(-c3cc(Cl)ccc3Cl)c(Oc3ccc(F)cc3)c2n1,中毒,4.155876,13.16881,0.21719932,3.868566775
c1n[nH]nc1-c1cc2c(n1-c1ccc(F)cc1F)C(c1ccc(Cl)cc1)N(c1cc(Cl)cn(C3CC(O)(CO)C3)c1=O)C2=O,中毒,12.488247,11.513729,0.244621212,4.0385462
c1n[nH]nc1-c1cn2c(N3CC4OCC4(CS3(=O)=O)C3)c(C3CCC(F)(F)CC3)cnc2c1,高毒,593.0783,84.56108,,
c1n[nH]nc1-c1cc2c(c(-c3n[nH]c(=S)n3)c1)C(c1ccc(Cl)cc1)N(c1cc(Cl)cn(C3CC(O)(CO)C3)C1=O)c1=O,高毒,593.0783,84.56108,,
c1n[nH]nc1-c1cc2c(nc1-c1c(F)cccc1F)C(c1ccc(Cl)cc1)N(c1cc(Cl)cn(C3CC(O)(CO)C3)c1=O)C2=O,中毒,13.216523,14.418226,0.232801911,4.052181703
c1n[nH]nc1-c1cc2c(cn1)c(C1(c3ccc(Cl)cc3)CC1)C(c1ccc(Cl)cc1)N(c1cc(Cl)cn(C3CC(O)(CO)C3)c1=O)C2=O,高毒,593.0783,84.56108,,
c1n[nH]nc1-c1cc2c(cc1-c1ccc(Cl)c(Cl)c1)C(c1ccc(Cl)cc1)N(c1cc(Cl)cn(C3CC3)c1=O)C3=O,高毒,593.0783,84.56108,,
c1n[nH]nc1-c1c[nH]c2cnc(-c3ccc(NC(=O)C4=NOC(#CN5CCNC5)CC4)cc3)c12,高毒,593.0783,84.56108,,
c1n[nH]nc1-c1cn2cc(-c3cnc(NCc4ccc5c(n4)COC5)cn3)nc2n1,高毒,593.0783,84.56108,,
c1n[nH]nc1-c1cc2c(c(-c3c(Cl)cccc3Cl)c1)C(c1ccc(Cl)cc1)N(c1cc(Cl)cn(C3CC(O)(CO)C3)C1=O)c1=O,高毒,593.0783,84.56108,,
c1n[nH]nc1-c1ccc2nc(C3C4C(=O)N(c5ccc6cnn(-c7cccc(NC(=O)C72)c7)c6=N)C(=NC56CC6)C4C(C4CC4)c4c(F)cccc,高毒,593.0783,84.56108,,
c1n[nH]nc1-c1cc2c(c(-c3cn(-c4ccccc4OC4COC4)c4ncnc(Nc5ccc(OCc6cccc(F)c6)c(Cl)c6)c5=O)C(O)C(O)C4n4ncc,高毒,593.0783,84.56108,,
c1n[nH]nc1-c1cc2c(c(-c3c(Cl)ccc(Cl)c3Cl)c1)C(c1cccnc1)N(c1cc(Cl)cn(C3CC(O)(CO)C3)c1=O)C2=O,中毒,6.3808517,8.519041,0.18355098,4.066543241
c1n[nH]nc1-c1cnc2[nH]cc(-c3cc(-c4cccn(-c5ccc6[nH]c(=O)[nH]c6c7)c5c4)c3c2)C1,高毒,593.0783,84.56108,,
c1n[nH]nc1-c1cc2c(n1-c1ccc(F)cc1F)C(c1ccc(Cl)cc1)N(c1cc(Cl)cn(C3CC(O)(CO)C3)c1=O)C2=O,中毒,12.488247,11.513729,0.244621212,4.0385462
c1n[nH]nc1-c1nn2cc(-c3cc(Cl)cc(Cl)c3)nc2c1-c1csc(-c2cnn(C3COC3)c2)c1,高毒,593.0783,84.56108,,
c1n[nH]nc1-c1cc2c(n1-c1ccc(Cl)cc1)C(c1ccc(Cl)cc1)N(c1cCl)CN(c1ccc(Cl)cc1)C3=O,高毒,593.0783,84.56108,,
c1n[nH]nc1-c1nc2c(c1-c1nc3cnc(-c4ccncc4Cl)cc3s1)C(c1ccc(Cl)cc1)N(c1cc(Cl)cn(C3CC(O)(CO)C3)c1=O)C2=O,高毒,593.0783,84.56108,,
c1n[nH]nc1-c1coc2cc(N(CCOC(=O)CN3CCCCC3)S(=O)(=O)c3ccc4c(c3)-c3ccccc3C5=O)cc12,高毒,593.0783,84.56108,,
c1n[nH]nc1-c1nc2c(n1-c1ccc(F)cc1C(F)(F)F)C(c1ccc(Cl)cc1)N(c1ccCl)C(c1ccc(Cl)cc1)C1(C(=O)N(C3CCCC3)C1),高毒,593.0783,84.56108,,
c1n[nH]nc1-c1cc2c(n1-c1cccc(F)c1)C1=C(C(=O)OC1)C2c1ccc(-c2ccc3cn[nH]c(O)c-3c3cc2F)nc1,高毒,593.0783,84.56108,,
c1n[nH]nc1-c1cc2c(n1-c1ccc(F)cc1F)C(c1ccc(Cl)cc1)N(c2cc(Cl)cn(C3CC(O)(CO)C3)c1=O)C2=O,高毒,593.0783,84.56108,,
c1n[nH]nc1-c1nc2sc3c(c2c(=O)n1-c1cccc(Oc2ccc(Cl)cc2)c1)C(O)(c1ccc(Cl)cc1)C3,中毒,61.870483,23.383049,0.257002709,3.588985506
c1n[nH]nc1-c1cc2c(n1-c1cc(Cl)ccc1F)C(c1ccc(Cl)cc1)N(c1cn(C(F)F)c(=O)c3ccccc34)C(c3cccc(Cl)c3)C(CO)C1(,高毒,593.0783,84.56108,,
c1n[nH]nc1-c1cc2c(c(-c3c(Cl)cccc3Cl)c1)C(c1ccc(Cl)cc1)N(c1cc(Cl)cn(C3CC(O)(CO)C3)c1=O)C2=O,中毒,6.3808517,8.960914,0.182666877,3.916990494
c1n[nH]nc1-c1cc2c(n1-c1ccc(F)cc1)C(c1ccc(Cl)cc1)N(c1cc(Cl)cn(C3CC(O)(CO)C3)c1=O)C2=O,中毒,14.882899,11.513729,0.252765996,3.961679667
c1n[nH]nc1-c1cc2c(n1-c1ccc(Cl)cc1F)C(c1ccc(Cl)cc1)N1C(c3ccc(Cl)cc3)=NN(c4ccc(F)cc4)C(c4ccc(Cl)cc4)C3C(,高毒,593.0783,84.56108,,
c1n[nH]nc1-c1cc2c(n1-c1ccc(S(=O)(=O)c3ccc(F)cc3)nc1Oc1ccccc1Cl)C(c1ccc(Cl)cc1)N(c1cc(Cl)cn(C3CC(O)(CO,高毒,593.0783,84.56108,,
c1n[nH]nc1-c1cc2c(c(Cl)c1F)c(c1ccc(Cl)cc1F)C(c1ccc(Cl)cc1)N(c1cc(Cl)cn(C3CC3)c1=O)C3=O,高毒,593.0783,84.56108,,
c1n[nH]nc1-c1cc2c(c(-c3ccnc(C4=C(C(=O)O)CC4)c3)c1)C(c1ccc(Cl)cc1Cl)N(c1cc(Cl)cn(C3CC(O)(CO)C3)c1=O)C2,中毒,8.399355,8.960914,0.140740203,4.349601327
c1n[nH]nc1-c1cn2c(-c3cn[nH]c3)cnc2c1,高毒,593.0783,84.56108,,
c1n[nH]nc1-c1nc2ncn(-c3cc(-c4n[nH]c5nnc(-c6cn(C7CC7)nn6)c5=O)cc4s3)c2n1,高毒,593.0783,84.56108,,
c1n[nH]nc1-c1cc2c(n1-c1cccc(Cl)c1F)C(c1ccc(Cl)cc1)N(c1cc(Cl)cn(C3CC(O)(CO)C3)c1=O)C2=O,中毒,12.488247,11.513729,0.22687237,4.087190102
c1n[nH]nc1-c1cc2c(c(-c3ccc(Cl)cc3)c1)C(c1ccc(Cl)cc1)N(c1cc(Cl)cn(C3CC(O)(CO)C3)c1=O)C2,中毒,9.036046,9.912456,0.198834192,3.860385644
c1n[nH]nc1-c1cc2c(c(-c3ccc(Oc4cc(F)cc(F)c4)cc3)c1)c(N)c[n+]2[O-],高毒,593.0783,84.56108,,
c1n[nH]nc1-c1cc2c(c(-c3c(Cl)cncc3Cl)c1)C(c1ccc(Cl)cc1)N(c1cc(Cl)cn(C3CCOC3=O)c1=O)C2=O,中毒,11.314767,10.425424,0.21100624,4.221876986
c1n[nH]nc1-c1cc2c(n(-c3cc(Cl)ccc3C(F)(F)F)c1=O)C(c1ccc(Cl)cc1)N(c1cc(Cl)cn(C3CC(O)(CO)C3)c1=O)C2=O,中毒,51.50488,12.110745,0.206915799,4.198458214
c1n[nH]nc1-c1cc2scc(-c3cc4n(n3)C(c3cccc(Cl)c3)C(c3ccc(Cl)cc3)N(c5ccc(F)cc5)C4=O)c2cn1,中毒,28.27096,15.788276,0.201758973,4.03352384
c1n[nH]nc1-c1cc2c(c(-c3c(Cl)cccc3Cl)c1)C(c1ccc(Cl)cc1)N(c1cc(Cl)cn(C3CC(O)(CO)C3)c1=O)C2=O,中毒,6.3808517,8.960914,0.182666877,3.916990494
c1n[nH]nc1-c1cc2c(n1-c1ccc(Cl)cc1)C(c1ccc(Cl)cc1)N(c1ccCl)C(c1ccc(Cl)cc1)N1C(=O)NC(C)(C)C1,高毒,593.0783,84.56108,,
c1n[nH]nc1-c1cc2c([nH]1)CC(c1cc(Cl)cc(Cl)c1)N(c1cc(Cl)cn(C3CC(O)(CO)C3)c1=O)C2=O,中毒,28.184814,15.303033,0.284341923,4.08983599
c1n[nH]nc1-c1cc2c(c(-c3ccc(Cn4nc5cc(S(=O)(=O)c6n[nH]cn6)cc6c5=O)nc(-c5ccc(Br)cc5)c43)C(c3ccc(Cl)cc3F,高毒,593.0783,84.56108,,
c1n[nH]nc1-c1cc2c(c(-c3c(Cl)cccc3Cl)c1)C(c1ccc(Cl)cc1)N(c1cc(Cl)cn(C3CC(O)(CO)C3)c1=O)C2=O,中毒,6.3808517,8.960914,0.182666877,3.916990494
c1n[nH]nc1-c1cc2c(c(-c3csc(NC(=O)c4ccc(F)cc4)c3)c1)CN(c1cc(Cl)cn(C3C=C(O)C(O)C3)c1=O)C2=O,低毒,7.0548906,13.447941,0.195252594,4.41662743
c1n[nH]nc1-c1cc2c(n1-c1ccc(Cl)cc1)C(c1ccc(Cl)cc1)N(c1cc(Cl)cn(C3CC(O)(CO)C3)c1=O)C2=O,中毒,14.882899,11.513729,0.235038859,3.958725058
c1n[nH]nc1-c1nc2c(c(-c3ccnc(Oc4cccnc4)n3)c1)C(c1ccc(Cl)cc1)(c1ccCl)N(c2cc(Cl)cn(C3CC(O)(CO)C3)c1=O)C2,高毒,593.0783,84.56108,,
c1n[nH]nc1-c1cc2n(c1-c1ccc(S(=O)(=O)c4c[nH]cn4)cc1)C(c1ccc(Cl)cc1F)N(c1cc(Cl)cn(C3CC(O)(CO)C3)c1=O)C,高毒,593.0783,84.56108,,
c1n[nH]nc1-c1cnc(Oc2ccc(Oc3cccc(C(F)(F)F)c3)cc2-c2cncnc2)c1,高毒,593.0783,84.56108,,
c1n[nH]nc1-c1cc2c(n1-c1ccc(Cl)cc1)C(c1ccc(Cl)cc1)N(c1cc(Cl)cn(C3CC(O)(CO)C3)c1=O)C2=O,中毒,14.882899,11.513729,0.235038859,3.958725058
c1n[nH]nc1-c1cc2c(n1-c1ccc(F)cc1F)C(c1ccc(Cl)cc1)N(c1cc(Cl)cn(C3CC(O)(CO)C3)c1=O)C2=O,中毒,12.488247,11.513729,0.244621212,4.0385462
c1n[nH]nc1-c1cc2c(cc1C1C3=C(CCC3=O)Nc3c2c(F)cc(F)c3Br)N1C1CC1,中毒,28.444283,60.665207,0.474870135,5.340046554
c1n[nH]nc1-c1cc2c(n1-c1ccc(Cl)cc1F)C(c1ccc(Cl)cc1)N(c1cc(Cl)cn(C3CC(CO)C(O)C3)c1=O)C2=O,中毒,12.488247,11.513729,0.216705081,4.611530143
c1n[nH]nc1-c1cc2c(n1-c1cc(F)c(Br)c(F)c1)C(c1ccc(Cl)cc1)N(c1cc(Br)c(=O)n(C3CCOC1)c1=O)C3=O,高毒,593.0783,84.56108,,
c1n[nH]nc1-c1cc2c(n1-c1ccc(Cl)cc1)C(c1ccc(Cl)cc1)N(c1cc(Cl)cn(C3CC(O)(CO)C5O)c1=O)C3=O,高毒,593.0783,84.56108,,
c1n[nH]nc1-c1cc2c(n1-c1ccc(F)cc1F)C(c1ccc(Cl)cc1)N(c1ccHCl)C(=O)c1cc(Cl)cnc12,高毒,593.0783,84.56108,,
c1n[nH]nc1-c1cc2c((s1)-c1cc(N4CCNCC4)cc(OCC4CC4)c1C3)CCN(C(=O)CCCc1ccccc1)C3,高毒,593.0783,84.56108,,
c1n[nH]nc1-c1nc2c3c(sc2c1-c1ccc(Oc2ccc2ccc(Cl)cn2)cc1)C[S+]([O-])c1cc(Cl)ccc1-3,高毒,593.0783,84.56108,,
c1n[nH]nc1-c1cc2c(n1-c1ccc(Cl)cc1F)C(c1ccc(Cl)cc1)N(c1cc(Cl)cn(C3CC()(O)C3)c1=O)C2=O,高毒,593.0783,84.56108,,
c1n[nH]nc1-c1cc2c(n1-c1cccc(Cl)c1F)C(c1ccc(Cl)cc1)C(c1ccc(Cl)cc1)N(c1ccc(Cl)c(Cl)c1)C3=O,高毒,593.0783,84.56108,,
c1n[nH]nc1-c1cc2c(c(-c3c(Cl)ccc#[n+]3Br)c1)CN(Cc1cnc(C4CC4)nc1)C3,高毒,593.0783,84.56108,,
c1n[nH]nc1-c1nc2c(n1-c1cc3c(cc1F)OCCO4)C(c1ccc(-c4ccsc4)c(F)c1)C(c1ccc(Cl)cc1)N(c1cc(Cl)cn(C4CC(C)(O,高毒,593.0783,84.56108,,
c1n[nH]nc1-c1cc2c(c(-c3cnc4cc(Br)ccc4c3)c1)C(c1ccc(Cl)cc1)N(c1cc(Cl)cn(C3CC(O)(CO)C3)c1=O)C2=O,中毒,6.3808517,8.960914,0.172219586,4.021182966
c1n[nH]nc1-c1c(-c2ccoc2)c2cnc(-c3ccnc(-c4ccnc(Cl)c4)c3)cc2n1Cc1ccc(-c2ccccn2)c(F)c1,中毒,4.029372,54.653797,0.178292671,3.389464052
c1n[nH]nc1-c1cc2c(n1-c1ccc(Br)cc1F)C(c1ccc(F)cc1)N(c1cc(Cl)cn(C3CC(O)(CO)C3)c1=O)C2=O,中毒,15.540574,11.513729,0.23306792,4.069754079
c1n[nH]nc1-c1cc2[nH]c(-c3ccnn3c3cc(Br)c(Br)c(Br)c34)c(-c3coc(C4C=CNCC4)c3C(=O)N4)nc2c1,中毒,33.227478,16.601849,0.151323906,6.13926167
c1n[nH]nc1-c1cc2c(n1-c1ccc(F)cc1F)C(c1ccc(Cl)cc1)N(c1cc(Cl)cn(C3CC(O)(CO)C3)c1=O)C2=O,中毒,12.488247,11.513729,0.244621212,4.0385462
c1n[nH]nc1-c1nc2c(n1-c1ccc(Cl)cc1)C(c1ccc(Cl)cc1)N(c1cc(Cl)cn(C3CC(O)(CO)C3)c1=O)C2=O,中毒,23.043425,34.717995,0.247048027,3.985087677
c1n[nH]nc1-c1cc(Nc2cnc3c(-c4nccnc4Cl)nccc3c2)cc1C(F)(F)F,高毒,593.0783,84.56108,,
c1n[nH]nc1-c1ccc2c(C3CCC4=C(O3)C(c3ccccc5Cl)N=C(c5ccc(F)cc5)N3C3=NS(=O)(=O)CC3C4)ccc12,高毒,593.0783,84.56108,,
c1n[nH]nc1-c1cc1cc2[nH]c(=O)c(-c3cnc4[nH]c(-c7cc7cc(O)cc(O)c7n7)cc6c5c4)nc3c2c1,高毒,593.0783,84.56108,,
c1n[nH]nc1-c1cc2c(c(-c3cc(F)cc(Cl)c3)c1)C(c1ccc(Cl)cc1)N(c1cc(Cl)cn(C4CC(O)(CO)C4)c3=O)c1C2,高毒,593.0783,84.56108,,
c1n[nH]nc1-c1cc2c(n1-c1ccc(Cl)cc1F)C(c1ccc(Cl)cc1)N(c1cc(Cl)cn(C3CC(O)(CO)C3)c1=O)C2=O,中毒,12.488247,11.513729,0.22687237,4.043844886
c1n[nH]nc1-c1cc2c(c(-c3ccc4cnc(N5CCN(c6ccc(F)c(F)c6)CC5)cc4c3)CNCC4)c12,高毒,593.0783,84.56108,,
c1n[nH]nc1-c1cc2c(n1-c1ccc(F)cc1F)C(c1ccc(Cl)cc1)N(c1cc(Cl)cn(C3CC(O)(CO)C3)c1=O)C2=O,中毒,12.488247,11.513729,0.244621212,4.0385462
c1n[nH]nc1-c1cc2c(n1-c1ccc(F)cc1)C(c1ccc(Cl)cc1)N(c1ccsc1)C3,高毒,593.0783,84.56108,,
c1n[nH]nc1-c1cc2c(c(-c3c(Cl)cccc3Cl)c1)C(c1nc4ccccc4n1C1CC(O)C(O)C(O)C1O)C(c1ccc(Cl)cc1)N(c1cc(Cl)cn(C,高毒,593.0783,84.56108,,
c1n[nH]nc1-c1cc2c(n1-c1ccc(Cl)cc1F)C(c1ccc(Cl)cc1)N(c1cc(Cl)cn(C3CC(O)(CO)C3)c1=O)C2=O,中毒,12.488247,11.513729,0.22687237,4.043844886
c1n[nH]nc1-n1cc(-c2ncc(F)c(Nc3cccc(Cl)c3)n2)cn1,中毒,43.733124,118.52582,0.583118852,2.849127316
c1n[nH]nc1-c1cc2c(c(-c3c(F)cccc3Cl)n1)C(c1ccc(Cl)cc1)N(c1cc(Cl)cn(C3CC(O)(CO)C3)c1=O)C2=O,中毒,7.4282966,12.110745,0.21437153,3.982923461
c1n[nH]nc1-c1cc2c(c(-c3c[nH]c(-c4csc(O)n4)c3=O)c1)C(c1ccc(Cl)cc1)N(c1cc(Cl)cn(C4CC(O)(CO)C4)c1=O)C3=,高毒,593.0783,84.56108,,
c1n[nH]nc1-c1cc2c(n1-c1ccc(F)cc1F)C(c1ccc(Cl)cc1)N(c1ccC(Cl)c(Cl)c1)C3,高毒,593.0783,84.56108,,
c1n[nH]nc1-c1cc2c(nc1C1(c3ccc(Cl)cc3Cl)CC1)CCN(Cc1nccs1)C2,中毒,16.420649,49.282055,0.419034174,3.299402933
c1n[nH]nc1-c1cc2c(-c3c2cnn3-c2cccc(F)c2F)nc2cc(-c3cnn(N4C5(COC5)C(O)C(O)C5)c3)cnc2n1,高毒,593.0783,84.56108,,
c1n[nH]nc1-c1nc2c3c(ncc2cc1-c1cccc(Oc2ccc(F)c(F)c2)c1)C(c1ccc(Cl)cc1)N(c1cc(Cl)cn(C4CC(O)(CO)C4)c1Cl),高毒,593.0783,84.56108,,
c1n[nH]nc1-c1cc2c(c(-c3cnc4ccccn34)c1)CN(c1cc(Cl)cn(C3CC(O)(CO)C3)c1=O)C2=O,中毒,12.650273,11.513729,0.309278414,3.60232467
c1n[nH]nc1-c1c[nH]c(-c2cc3c[nH]c(-c4cc5cc(N6CCNCC6)ccc5o4)c3cn2)n1,中毒,26.17828,28.719072,0.322659423,3.581543536
c1n[nH]nc1-c1cc2c(n1-c1ccc(Cl)cc1F)C(c1ccc(F)cc1)N(c1cc(Cl)c(=O)n(C)c1=O)C2,高毒,593.0783,84.56108,,
c1n[nH]nc1-c1cc2c(c(-c3c(Cl)cccc3Cl)c1)C(c1ccc(Cl)cc1)N(c1cc(Cl)cn(C3CC(O)(CO)C3)c1=O)C2=O,中毒,6.3808517,8.960914,0.182666877,3.916990494
c1n[nH]nc1-n1c2c(c(=S)c3ccccc31)C(c1ccc(Cl)cc1)N(c1cc(Cl)cn(C3CC(O)(CO)C3)c1=O)C2=O,中毒,23.488405,37.584106,0.241676073,4.072125754
c1n[nH]nc1-c1cc2c(n1-c1ccc(Cl)cc1)C(c1ccc(Cl)cc1)N(c1cc(Cl)cn(C3CC(O)(CO)C3)c1=O)C2=O,中毒,14.882899,11.513729,0.235038859,3.958725058
c1n[nH]nc1-c1cc2sc(-c3cnn(-c4cccc(CO)c4)c3)c(=O)c2nc1NC1CCC(=O)N1,高毒,593.0783,84.56108,,
c1n[nH]nc1-c1cc2c(n1-c1ccc(F)cc1F)C(c1ccc(Cl)cc1)N(c1ccCl)C(c1ccc(C#N)cc1)C1(COCCO1)C1COC1,高毒,593.0783,84.56108,,
c1n[nH]nc1-c1cncc(C2(c3c[nH]c4ccccc34)C(c3ccc4c(c3)OCCC4)N3C(=O)N(c4cc5c(cc4F)C(=O)C(C6(C(=O)O)CC6,高毒,593.0783,84.56108,,
c1n[nH]nc1-c1cc2c(-c3ccc(F)cn3)nc(OCc3c(F)ccc(NS(=O)(=O)C(CO)C(F)(F)F)c3Cl)nc2c1,高毒,593.0783,84.56108,,
c1n[nH]nc1-c1cc2n(n1)C(c1cccc(F)c1)(c1ccc(Cl)cc1F)N(c1cc(Cl)cn(C3CC(O)C(O)C3)c1=O)C2=O,中毒,23.909687,13.503714,0.264855517,4.650841142
c1n[nH]nc1-c1cc2c(-c3ccc(Oc4ccnc(-c5ccc6occc6c7)c5-n5ccnc5)cc4n3)ncnc2c1,高毒,593.0783,84.56108,,
c1n[nH]nc1-c1cc2c(c(-c3c(F)cccc3Cl)c1)OC(c1ccc(Cl)cc1)C(c1ccc(Cl)cc1)N(c1cc(Cl)cn(C3CC(O)(CO)C3)c1=O)C,高毒,593.0783,84.56108,,
c1n[nH]nc1-c1cc2c(n1-c1ccc(F)c(Cl)c1)C(c1ccc3c(c1)OCO3)N(c1cc(Cl)cn(C3CC(=O)O)c3C1=O)C2=O,高毒,593.0783,84.56108,,
c1n[nH]nc1-c1cc2c(c(-c3c(F)cccc3Cl)c1)C(c1ccc(Cl)cc1)N(c1cc(Cl)cn(C3CC(O)(CO)C3)c1=O)C2=O,中毒,6.3808517,8.960914,0.198124642,3.931028956
c1n[nH]nc1-c1cc2c(n1-c1ccc(F)cc1F)C(c1ccc(Cl)nc1)N(c1cc(Cl)cn(C3CC(O)(CO)C3)1=O)c1=O,高毒,593.0783,84.56108,,
c1n[nH]nc1-c1cn2c(-c3ccc(OCc4ccncc4)cc3)nnc2c1,高毒,593.0783,84.56108,,
c1n[nH]nc1-c1cc2c(n1-c1ccc(Cl)cc1)C(c1ccc(Cl)cc1)N(c1cc(Cl)cn(C3CC(O)(CO)C3)c1=O)C2=O,中毒,14.882899,11.513729,0.235038859,3.958725058
c1n[nH]nc1-c1cc2c(n1-c1ccc(F)cc1F)C(c1ccc(Cl)cc1)N(c1cc(Cl)cn(C3CC(O)(CO)C3)c1=O)C2=O,中毒,12.488247,11.513729,0.244621212,4.0385462
c1n[nH]nc1-c1cc2c(c(-c3c(Cl)cccc3Cl)c1)C(c1ccc(Cl)cc1)N(c1cc(Cl)cn(C3CC(O)(CO)C3)c1=O)C2=O,中毒,6.3808517,8.960914,0.182666877,3.916990494
c1n[nH]nc1-c1nc2c(c(-c3cc[nH]c3C(F)(F)F)n1)C(c1ccc(Cl)cc1)N(c1cc(Cl)cn(C3CC(O)(CO)C3)c1=O)C2,中毒,8.459931,35.223312,0.201075108,4.365871813
c1n[nH]nc1-c1cc2c(n1-c1ccc(Cl)cc1C(F)(F)F)C(c1ccc(Cl)cc1)N(c1cc(Cl)cn(C3CC(O)(CO)C3)c1=O)C2=O,中毒,14.882899,11.513729,0.192783252,4.146765888
c1n[nH]nc1-c1cc2c(c(-c3ccc(Cl)cc3)c1)C(c1ccncc1F)N(c1cc(Cl)cn(C3CC(O)(CO)C3)c1=O)C2,中毒,6.7043605,9.912456,0.235796923,4.025422718
c1n[nH]nc1-c1cn2c(c1-c1csc(-c3ccccc3)n1)C(c1ccc(Cl)cc1)N(c1cc(Cl)cn(C4CC(O)(CO)C4)c1=O)C3=O,高毒,593.0783,84.56108,,
c1n[nH]nc1-c1cc2c(n1-c1ccc(Cl)cc1)C(c1ccc(Cl)cc1)N(c2ccCl)N(Cl)C3,高毒,593.0783,84.56108,,
c1n[nH]nc1-c1cc2c(-c3ccc4c(n3)-c3cc5nc=(F)cnc5[nH]c4c3NC3(CO)C=CCC52)ccn1,高毒,593.0783,84.56108,,
c1n[nH]nc1-c1cc2c(c(-c3c(F)cccc3F)c1)C(c1ccc(Cl)cc1)N(c1cc(Cl)cn(C(C)CO)c1=O)C3=O,高毒,593.0783,84.56108,,
c1n[nH]nc1-c1cc2c(n1-c1ccc(Cl)cc1)C(c1ccccc1Cl)N(c1cc(Cl)cn(C3CC(O)(C(=O)O)C5)c1=O)C3=O,高毒,593.0783,84.56108,,
c1n[nH]nc1-c1nc2c(s1)C(c1ccc(Cl)cc1)N(c1cc(Cl)cn(C3CC(O)(CO)C3)c1=O)C2=O,中毒,59.929935,28.20462,0.350366078,3.995801841
c1n[nH]nc1-c1cc2c(c(-c3c(C4CC5CN6CCC5C4)nc4cnc(-c7ccc(F)cn5)cc36)nnc2-c2noc(-c4c(-c5cn6c(F)cnc7[nH,高毒,593.0783,84.56108,,
c1n[nH]nc1-c1cc2c(c(-c3c(Cl)cccc3Cl)c1)C(c1ccco1)N(c1cc(Cl)cnn1)C3,高毒,593.0783,84.56108,,
c1n[nH]nc1-c1cc2c(c(-c3c(F)cccc3F)c1)C(c1ccc(Cl)cc1)NC(c1ccc(Cl)cc1)(c1ccc(Cl)cc1)N3c1cccc(F)c1,高毒,593.0783,84.56108,,
c1n[nH]nc1-c1cc2c(c(-c3c(Cl)sc4c5c(ncc35)C2=O)CN(c2ccc(O)c(Cl)c2C)C4=O)c1,中毒,62.115097,8.2014885,0.298432513,4.871746251
c1n[nH]nc1-c1cc2c(c(-c3cc(Nc4ccn5cc(Cl)cc5n4)n1)CN(C4COC1)CCC3)c1ccoc12,高毒,593.0783,84.56108,,
c1n[nH]nc1-c1cc2c(c(-c3n[nH]c4cc(Cl)ccc34)cNP(=O)(O)OC3)c(F)c12,高毒,593.0783,84.56108,,
c1n[nH]nc1-c1nn2c(-c3ccc(OC(F)(F)C(F)(F)F)cc3)nc3c(N6CCOc6ccccc6C5)nc(Cl)c4c(=O)c3c2c1OCCCOP(=O)(O),高毒,593.0783,84.56108,,
c1n[nH]nc1-c1cn2nc(-c3cc6c(NC5COC5)nc(-c5nc[nH]n5)c(F)c4c3)nc2c1,高毒,593.0783,84.56108,,
c1n[nH]nc1-c1cc2nc(I)c(-c3ccc(F)c(Cl)c3)c(OCC3CC3)c-2n1,高毒,593.0783,84.56108,,
c1n[nH]nc1-c1cc2c(c(-c3ccc4nc(C5CCCCC5)cc5c4)c2c1)CN(c1ccc(S(=O)(=O)F)cc1)C(c1cc(Cl)ccc1C(=O)O)C3,高毒,593.0783,84.56108,,
c1n[nH]nc1-c1cc2c(c(-c3c(Cl)cccc3Cl)c1)C(c1ccc(Cl)cc1)N(c1cc(Cl)cn(C3CC(O)(CO)C3)c1=O)C2=O,中毒,6.3808517,8.960914,0.182666877,3.916990494
c1n[nH]nc1-c1cc2c(cn1)sc1c(Cl)nc(C3CCCO3)c12,高毒,593.0783,84.56108,,
c1n[nH]nc1-c1nc2sc(-c3ccsc3)cc2c(=O)c1-c1ccc(Oc2ccc(NS(=O)(=O)c3ccc(F)cc3)s2)cc1,高毒,593.0783,84.56108,,
c1n[nH]nc1-c1cc2c(cc1Nc1ccc(-c3cncnc3CN3CCC3)cc1)C(c1ccc(F)cc1)N(c1cc(Cl)cn(C3CC(O)(CO)C3)c1=O)C2=O,中毒,17.66382,13.42202,0.137419331,4.245019729
c1n[nH]nc1-c1cc2c(c(-c3cn[nH]c3)c1)C(c1ccc(Cl)cc1)N(c1cc(Cl)cn(C3CC(O)(CO)C3)c1=O)C2,中毒,9.036046,11.733231,0.228778116,4.086978666
c1n[nH]nc1-c1cc2c(n1-c1ccc(Cl)cc1Cl)C(c1ccc(Cl)s1)N(c1cc(Cl)cn(C3CC(O)(CO)C3)c1=O)C2=O,中毒,15.111123,11.513729,0.205083858,4.225479232
c1n[nH]nc1-c1cc2c(c(-c3nn[nH]c3=O)c1)C(c1ccc(Cl)cc1)N(c1cc(Cl)cn(C3CC(O)(CO)C3)c1=O)C2=O,高毒,593.0783,84.56108,,
c1n[nH]nc1-c1cc2c(n1-c1ccc(F)cc1F)C(c1ccc(Cl)s1)N(c1cc(Cl)cn(C3CC(O)C(O)C3)c1=O)C2=O,中毒,13.346145,11.513729,0.250182233,4.610888396
c1n[nH]nc1-c1cc2c(n1-c1ccc(Cl)cc1F)C(c1ncc[nH]1)N(c1cc(Cl)cn(C3CC(O)(CO)C3)c1=O)C2,中毒,5.281826,11.513729,0.233728521,4.32412077
c1n[nH]nc1-c1cc2c(n1-c1ccc(F)cc1F)C(c1ccc(Cl)cc1)N(c1cc(Cl)cn(C3CC(O)(CO)C3)c1=O)C2,中毒,15.763229,11.513729,0.240067904,4.063144511
c1n[nH]nc1-c1cc2c(-c3cccnc3F)ncnc2cc1-c1cc2c([nH]1)C(c1ccc(Cl)cc1)N(c1cc(Cl)cn(C3CC(O)(CO)C3)C(=O)3),高毒,593.0783,84.56108,,
c1n[nH]nc1-c1cc2c(c(-c3ccnc4ccccc34)c1OC1(COC3)C1)C(c1ccc(Cl)cc1)N(c1cc(Cl)cn(C3CC(O)(CO)C3)c1=O)C2=,高毒,593.0783,84.56108,,
c1n[nH]nc1-c1cc2c(c(-c3ccc(N4CCOCC4)cc3)c1)C(c1ccc(Cl)cc1)N(c1cc(Cl)cnC(=O)C3CC3)c1=O,高毒,593.0783,84.56108,,
c1n[nH]nc1-c1cc2c(n1-c1ccc(F)cc1F)C(c1ccc(Cl)cc1)N(c2cc(Cl)cn(C3CC(O)(CO)C3)c1=O)C2=O,高毒,593.0783,84.56108,,
c1n[nH]nc1-c1cc2c(c(-c3nc(-c4cnn(C5CCN(c6ncc(Cl)cn6)c5)CC5)c(=O)c3)C(O)CC(O)C2O)c1,高毒,593.0783,84.56108,,
c1n[nH]nc1-c1cc2c(n1-c1ccc(F)cc1)C(c1ccc(Cl)cc1)N(c1cc(Cl)cn([N+](=O)[O-])c1=O)C3=O,高毒,593.0783,84.56108,,
c1n[nH]nc1-c1cc2c(c(-c3cc(-c4csc5cccnc45)cn3)CSC3)c1N2,高毒,593.0783,84.56108,,
c1n[nH]nc1-c1cc2c(c(-c3ccc(Cl)nc3)c1)C(c1ccc(Cl)cc1)N(c1cc(Cl)cn(C3CC(O)(CO)C3)c1=O)C2=O,中毒,6.3808517,8.960914,0.207753804,3.948768344
c1n[nH]nc1-c1cc2c(c(-c3c(F)cccc3F)c1)C(c1ccc(Cl)cc1)N(c1cc(Cl)cn(C3CC(O)(CO)C5O)c3=O)c1O2,高毒,593.0783,84.56108,,
c1n[nH]nc1-c1cc2c(n1-c1ccc(F)cc1)C(c1ccc(Cl)cc1)N(c1cc(Cl)cn(C3CC(O)(CO)C3)c1=O)C2=O,中毒,14.882899,11.513729,0.252765996,3.961679667
c1n[nH]nc1-c1nc2c(s1)c(-c1c[nH]cn1)cc(=O)c1CCCC2c1ccno1,高毒,593.0783,84.56108,,
c1n[nH]nc1-c1nc2c(c(-c3sc(-c4ccccc4Oc4ccccc4)n3)nc(-c3ccco3)c2-c2ccsc2)C1,高毒,593.0783,84.56108,,
c1n[nH]nc1-c1cc2c(c(-c3ccncc3)c1)C(c1ccc(Cl)cc1)N(c1cc(Cl)cn(6cc(-c5nc(O)no7)cc45)c1=O)C3=O,高毒,593.0783,84.56108,,
c1n[nH]nc1-c1cc2c(c(-c3cnc4[nH]ncc4c3)c1)C(c1ccc(Cl)cc1)N(c1cc(Cl)cn(C3CC(O)(CO)C3)c1=O)C2,中毒,9.036046,14.297296,0.197656442,4.1606379
c1n[nH]nc1-c1cc2c(n1-c1ccc(Cl)cc1)C(c1ccc(Cl)cc1)=N(c1cc(Cl)cn(C3CC(O)(CO)C3)c1=O)C2=O,高毒,593.0783,84.56108,,
c1n[nH]nc1-c1cc2c(-c3c[nH]c4nnc(-c5ccncc5F)c4c3)cc(-c3cccnc3)nc2c1,高毒,593.0783,84.56108,,
c1n[nH]nc1-c1cc2c(n1-c1cc(C(F)(F)F)ccn1,高毒,593.0783,84.56108,,
c1n[nH]nc1-n1nc(-c2cnco2)c1-cc1cc(Oc2ccc(NC(=S)Nc3cccnc3)nc2)cn1,高毒,593.0783,84.56108,,
c1n[nH]nc1-c1cc2c(n1-c1ccc(Cl)cc1Cl)C(c1ccc(Cl)cc1)N(c1cc(Cl)cn(C3CC(O)(CO)C3)c1=O)C2O,中毒,39.08631,12.110745,0.181915389,4.38047556
c1n[nH]nc1-c1nc2n(c1-c1ccc(OCC(F)(F)F)c(OC(F)(F)F)c1)C(c1ccc(Cl)cc1)N(c1cc(Cl)cn(C3CC(O)(CO)C3)c1=O),高毒,593.0783,84.56108,,
c1n[nH]nc1-c1cc2c(n1-c1ccc(Cl)cc1F)C(c1ccc(Cl)cc1)C(c1cccNCl)N(c3nc(Cl)c(c(Cl)c3Br)c3ncc(Br)cc3c1=O)C2=O,高毒,593.0783,84.56108,,
c1n[nH]nc1-c1cc2c(-c3cnn4ncccc34)c(N3CC(O)C(O)C3)ncc2c1,高毒,593.0783,84.56108,,
c1n[nH]nc1-c1cc2c(c(-c3cc4c(n3)-c3cc(F)ccc3F)CN(C(=O)OC3CCOC3)CC4)c1CC2,高毒,593.0783,84.56108,,
c1n[nH]nc1-c1cc2c(c(-c3c(Cl)cccc3Cl)c1)C(c1ccc(Cl)cc1)N(c1cc(Cl)cn(C3CC(O)(CO)C3)c1=O)C2=O,中毒,6.3808517,8.960914,0.182666877,3.916990494
c1n[nH]nc1-c1cc2c(n1-c1ccc(F)cc1F)C(c1ccc(Cl)cc1)N(c2cc(Cl)cn(C3CC(O)(CO)C3)c1=O)C2=O,高毒,593.0783,84.56108,,
c1n[nH]nc1-c1cc2c(c(-c3ccsc3)c1)C(c1ccc(Cl)cc1)N(cH]3)N(c1cc(Cl)cn(C4CC(O)(CO)C4)c3=O)C(=O)C12,高毒,593.0783,84.56108,,
c1n[nH]nc1-c1cc2c(cc1-c1ccc(Cl)cn1)Oc1cc(#N)c(-c3ccncc3Cl)cc1C2,高毒,593.0783,84.56108,,
c1n[nH]nc1-c1cn2c(n1)OC(c1ccc(Cl)c(Cl)c1)C1(c3ccc(Cl)cc3)C(c4ccc(Cl)cc4)(c4ccc(Cl)cc43)C-2c1c1ccn(CC#N),高毒,593.0783,84.56108,,
c1n[nH]nc1-c1cc2c(cc1F)c(=O)c(C(=O)O)cn2C1CC(N2CCN(c3cnccc3F)CC2)CC12CNCC2,中毒,24.76599,12.110745,0.32810917,4.878141446
c1n[nH]nc1-c1cc2c(n1-c1ccc(F)cc1F)C(c1ccc(Cl)c(Cl)c1)N(c1cc(Cl)cc(Cl)c1)C3=O,高毒,593.0783,84.56108,,
c1n[nH]nc1-c1nc2[nH]c3ccccc3c2c(=O)c1-c1ccc(Oc2ccc(N)cc2)cc1,高毒,593.0783,84.56108,,
c1n[nH]nc1-c1cc2c(n1-c1ccc(Cl)c(Cl)c1)C(c1ccc(Cl)cc1)N(c1cc(Cl)cn(C3CC(O)(CO)C3)c1=O)C(=O)C2,中毒,15.763229,47.68054,0.20808208,4.084523461
c1n[nH]nc1-c1cc2oc(-c3ccc(-c4nnn[nH]4)cc3)nc2c1,高毒,593.0783,84.56108,,
c1n[nH]nc1-c1cc2c(n1-c1ccc(Cl)cc1)C(c1ccc(Cl)cc1)N(c1cc(Cl)cn(C3CC(O)(CO)C3)c1=O)C2O,中毒,26.991571,12.110745,0.204629897,4.30741518
c1n[nH]nc1-c1cc2c(-c3cnn1-c4cc(Cl)ccc4o3)csc2c(=O)c1F,高毒,593.0783,84.56108,,
c1n[nH]nc1-c1cc2c(n1-c1ccc(F)cc1F)C(c1ccc(Cl)cc1)N(c1cc(Cl)cn(C3CC(O)(CO)C3)C1=O)c1=O,高毒,593.0783,84.56108,,
c1n[nH]nc1-c1cc2c(n1-c1ccc(F)cc1Cl)C(c1ccc(Cl)cc1)N(c1cc(Cl)cn(C3CC(O)(CO)C3)c1=O)C2=O,中毒,18.205946,11.513729,0.22687237,4.046410365
c1n[nH]nc1-c1cc2c(I)nc(Sc3c(F)cc(OC(F)(F)F)cc3F)c-2cc1OC(F)F,高毒,593.0783,84.56108,,
c1n[nH]nc1-c1cc2c([n+]1-c1ccc(F)cc1)c1cc(C(F)(F)F)ccc1NC2c1ccc(N2CCOCC2)c(Cl)c1,高毒,593.0783,84.56108,,
c1n[nH]nc1-c1cc2sc(-c3ccc(Nc4c[nH]c5cnccc45)c(F)c3)c(=O)c2cc1F,高毒,593.0783,84.56108,,
c1n[nH]nc1-c1cc2c(cc1F)C(c1ccc(Cl)cc1)N(c1cc(Cl)cn(C3CC(O)(CO)C3)c1=O)C2=O,中毒,6.3808517,8.960914,0.342897953,3.803808414
c1n[nH]nc1-c1c[nH]nc1-c1cc2sc(-n3c(-c4ccco4)nc4c(NC5CN(C6CC6)C5)nccc43)cc2c1Cl,高毒,593.0783,84.56108,,
c1n[nH]nc1-c1cc2c(n1-c1ccc(Cl)cc1F)C(c1ccc(C(F)(F)F)cc1)N(c1cc(Cl)cn(C3CC(O)C(O)C3)=O)c1=O,高毒,593.0783,84.56108,,
c1n[nH]nc1-c1cc2c(n1-c1ccc(Cl)cc1F)C(c1ccc(Cl)cc1)N(c1cc(Cl)cn(C3CCc(O)CC3)c1=O)C2=O,中毒,25.244574,11.513729,0.21823588,3.89388035
c1n[nH]nc1-c1cc2c(c(-c3cn(S(=O)(=O)c4cccc(C(F)(F)F)c4)n3)CS(=O)(=O)CC3)nc12,高毒,593.0783,84.56108,,
c1n[nH]nc1-c1cc2c(cc1-c1cncn1-c1c(Cl)cccc1Cl)COc1cc(Br)c(Oc3cccs3)cc1-2,中毒,15.17975,42.792454,0.20455564,3.501333128
c1n[nH]nc1-c1cc2c(c(-c3cc(Cl)cc(Cl)c3)c1)C(c1ccc(Cl)cc1)N(c1cc(Cl)cn(+]1=O)C3)C2c1ccc(Cl)c(Cl)c1,高毒,593.0783,84.56108,,
c1n[nH]nc1-c1cc2c(c(-c3cc5ccncc5s3)c1)c1c(n2-c2ccccc2)C(c2ccc(Cl)cc2)OC1c1cc(Cl)c(OC2CC4(CCCCC4)OCCC,高毒,593.0783,84.56108,,
c1n[nH]nc1-c1cc2c(n1-c1ccc(F)cc1F)C(c1ccc(Cl)cc1F)N(c1cc(Cl)cn(C3CC(O)(CO)C3)c1=O)C2=O,中毒,12.488247,11.513729,0.237075915,4.12784594
c1n[nH]nc1-c1cc2c(n1-c1ccc(Cl)cc1)C(c1ccc(Cl)cc1)N(c1cc(Cl)cn(C3CC(O)(CO)C3)c1=O)C2=O,中毒,14.882899,11.513729,0.235038859,3.958725058
c1n[nH]nc1-c1cc2c(c(-c3c(Cl)cccc3Cl)c1)C(c1ccc(Cl)cc1)N(c1cc(Cl)cn(C3Cc4cc(F)cc(F)c4)C3=O)c1C2,高毒,593.0783,84.56108,,
c1n[nH]nc1-c1cc2c(c(-c3c(F)cccc3Cl)c1)C(c1ccc(Cl)cc1)N(c1cc(Cl)cn(C3CC(O)(CO)C3)c1=O)C2=O,中毒,6.3808517,8.960914,0.198124642,3.931028956
c1n[nH]nc1-c1cc2c(n1-c1ccc(F)cc1F)C(c1ccc(Cl)cc1)N(c1cc(Cl)cn(C3CC(O)(CO)C3)c1=O)C2=O,中毒,12.488247,11.513729,0.244621212,4.0385462
c1n[nH]nc1-c1cc2c(c(-c3c(Cl)cccc3Cl)c1)C(c1ccc(Cl)cc1)N(c1cc(Cl)cn(C3CC(O)(CO)C3)c1=O)C2=O,中毒,6.3808517,8.960914,0.182666877,3.916990494
c1n[nH]nc1-c1cc2c(c(-c3c(Cl)cccc3Cl)c1)C(c1ccc(Cl)cc1)N(c1cc(Cl)cn(C3CC(O)(CO)C3)c1=O)C2=O,中毒,6.3808517,8.960914,0.182666877,3.916990494
c1n[nH]nc1-c1cn2c(c1-c1ccc(Cl)c(Cl)c1)C(c1ccc(Cl)cc1)N(c1cc(Cl)cn(3(=O)=O)c1)C3C2,高毒,593.0783,84.56108,,
c1n[nH]nc1-c1cc2c3c(c1)C(c1ccc(Cl)cc1F)N(c1cc(Cl)n(C4CC(O)(CO)C4)c(=O)c1)C(=O)C3,高毒,593.0783,84.56108,,
c1n[nH]nc1-c1cc2c(c(C(F)(F)F)c1)C(c1ccc(Cl)cc1)N(c1csnc1)C2c1ccc2c(c1)OCC(=NOC1CC(n3cc(Cl)c(=O)[nH]c,高毒,593.0783,84.56108,,
c1n[nH]nc1-c1cc2c(c(-c3c(Cl)cccc3Cl)c1)C(c1ccccc1)N(c1cc(Cl)cn(C3CC(O)(CO)C3)c1=O)C2=O,中毒,6.3808517,8.960914,0.205435647,3.875633853
c1n[nH]nc1-c1cc2c(c(-c3c(Cl)cccc3Cl)c1)C(c1ccc(Cl)cc1)N(c1cc(Cl)cn(C3CC(O)(CO)C3)c1=O)C2=O,中毒,6.3808517,8.960914,0.182666877,3.916990494
c1n[nH]nc1-c1cc2c(-c3cccc(NC(=O)N4C(CF)C4)c3)ncnc2s1,中毒,34.0496,18.614723,0.516517157,3.75325067
c1n[nH]nc1-c1cc2c(n1-c1cc(Cl)c(OCC4CC4)cc1)C(c1ccc(Cl)cc1)N(c1cc(Cl)cn(C3CC(O)(CO)C3)c1=O)C2=O,中毒,38.99518,11.513729,0.171395381,4.121284248
c1n[nH]nc1-c1nc2c(c(-c3c4cnn(-c5ccc(Cl)cc5)c4s3)CN(c3cc(OC(F)(F)F)ccc3Cl)C(N)=O)C(C2)N(c2cccc(Cl)c2F),高毒,593.0783,84.56108,,
c1n[nH]nc1-c1cc2c(n1-c1ccc(F)cc1)C(c1ccc(Cl)cc1)N(c1cc(Cl)cn(C3CC(O)(CO)C3)c1=O)C2=O,中毒,14.882899,11.513729,0.252765996,3.961679667
c1n[nH]nc1-c1cc2c(cc1-c1c(F)cccc1Cl)n(Cc1cn(-c3ccc(F)cc3)nn1)c(=O)c1cc(Cl)c(N3CCOCC3)cc12,中毒,3.9944007,40.72829,0.195387069,3.319138196
c1n[nH]nc1-c1cnc2cc(-c3sc4c(c3)CN(CCN3COCC3)CC4)c(C3C4C=CN(C5C5CC5)C(O)C(O)C5(CO)C34)cc2c1,高毒,593.0783,84.56108,,
c1n[nH]nc1-c1cc2c(Br)cnc(Sc3cc(F)cc(Cl)c3)c2n1,高毒,593.0783,84.56108,,
c1n[nH]nc1-c1cc2c(c(-c3ccc4c(c3)OCO4)c1)C(c1ccc(Cl)cc1)N(c1cc(Cl)cn(C4CC(O)(CO)C4)c1=O)C3=O,高毒,593.0783,84.56108,,
c1n[nH]nc1-c1cc2c(c(-c3c(Cl)cncc3Cl)c1)CN(C1CC(Oc4cccc(-c5nc(-c6ccnc7c2CO)[nH]c6=S)C5)n3)CC12,高毒,593.0783,84.56108,,
c1n[nH]nc1-c1cc2c3c(c1)CCC4=CCC3CC(F)(F)C2,高毒,593.0783,84.56108,,
c1n[nH]nc1-c1cc2c(c(Nc3ccc(C(F)(F)F)cc3)n1)C(c1ccc(Cl)cc1Cl)N(c1cc(Cl)cn(C3CC(O)(CO)C3)c1=O)C2=O,中毒,7.487971,13.503714,0.147129468,4.073139202
c1n[nH]nc1-c1cc2c(n1-c1ccc(Cl)cc1)C(c1ccc(Cl)cc1)N(c1cc(Cl)cn(C3CC(CO)(O)C3O)c1=O)C2=O,中毒,14.882899,11.513729,0.215018889,4.675921011
c1n[nH]nc1-c1cc2c(n1-c1ccc(Cl)cc1)c1nc(-c4cc(F)c(F)cc4F)c(-c4ccc5oc(-c6ccsc6)cc5c(=O)c4c3)CC2,高毒,593.0783,84.56108,,
c1n[nH]nc1-c1cc2nc(-c3cn[nH]c3)cc(-c3cnc4[nH]ccc4c3)c2c1,高毒,593.0783,84.56108,,
c1n[nH]nc1-c1cc2c(c(-c3c(Cl)cccc3Cl)c1)C(c1ccc(Cl)cc1)N(c1cc(Cl)cn(C3CC(O)(CO)C3)c1=O)C2=O,中毒,6.3808517,8.960914,0.182666877,3.916990494
c1n[nH]nc1-c1cc2c(c(-c3c(Cl)cccc3Cl)c1)C(c1ccc(Cl)cc1)N(c1cc(Cl)cn(C3CC(O)(CO)C3)6)c1=O,高毒,593.0783,84.56108,,
c1n[nH]nc1-c1nc2c(n1-c1ccc(Cl)cc1Cl)C(c1ccc(Cl)cc1)N(c1ccCl)C2,高毒,593.0783,84.56108,,
c1n[nH]nc1-c1cc2c(c(-c3c(F)cccc3F)c1)C(c1ccc(Cl)cc1)N(n1c(=O)c(Cl)c(Cl)c(Cl)c3C1CC3)C1CC12,中毒,8.161001,22.085325,0.236759161,4.756639747
c1n[nH]nc1-c1cc2c(n1-c1ccc(F)cc1)C(c1ccc(Cl)cc1)N(c1cc(Cl)cn(C3CC(O)C(O)C3)c1=O)C2c1ccc(Cl)cc1,中毒,19.24008,11.513729,0.167102133,4.558195552
c1n[nH]nc1-c1cc2c(c(-c3cc(Cl)cc(Cl)c3)c1)C(c1ccc(Cl)cc1)N(c1cc(Cl)cn(C3CC(O)(CO)C3)c1=O)C2=O,中毒,6.3808517,8.960914,0.182666877,3.934706978
c1n[nH]nc1-c1cc2c(n1-c1ccc(Cl)cc1)C(c1ccc(Cl)cc1)N(c1cc(Cl)cn(C3CC(O)(CO)C3)c1=O)C2=O,中毒,14.882899,11.513729,0.235038859,3.958725058
c1n[nH]nc1-c1cc2c(c(-c3c[nH]c4ccc(Br)cc34)c1)C(c1ccc(Cl)cc1)N(c1cc(Cl)cn(C3CC(O)(CO)C3)c1=O)C2=O,中毒,7.6477833,8.519041,0.151164098,4.026474179
c1n[nH]nc1-c1cc2c(n1-c1cc(Cl)cc(Cl)c1)C(c1ccc(Cl)cc1F)N(c1cc(Oc3ccn(C4CC(O)(CO)C4)c(=O)c4)c3S(=O)(=O),高毒,593.0783,84.56108,,
c1n[nH]nc1-c1cc2c(n1-c1ccc(F)cc1F)C(c1ccc(Cl)cc1)N(c1cc(Cl)cn(3(=O)=O)c1)c1OC3(C1)C2,高毒,593.0783,84.56108,,
c1n[nH]nc1-c1cc2c(c(-c3ccc4c(n3)-c3cc(C(F)(F)F)ccc3C5(CO)CC3)c1)CN(Nc1ccc(Br)cc1)C2,高毒,593.0783,84.56108,,
c1n[nH]nc1-c1csc2c(N3CC(c4c[nH]c5nccnc45)C4CC43)nc(-c3cc(C(F)(F)F)nn3)nc12,高毒,593.0783,84.56108,,
c1n[nH]nc1-c1cc2c(n1-c1ccc(F)cc1F)C(c1ccc(Cl)cc1)N(c1cc(Cl)cn(C3CC(O)(CO)C3)c1=O)C2=O,中毒,12.488247,11.513729,0.244621212,4.0385462
c1n[nH]nc1-c1nc2cccc(-c3cccnc3Br)c2c1-c1ccc(N2CCN(C(=NC3CC3)c3cc(Cl)cc(Cl)c3)C2)c(F)c1,高毒,593.0783,84.56108,,
c1n[nH]nc1-c1c[nH]c2c(N3C=4CCSc5cccc(c54)C3)ncnc12,高毒,593.0783,84.56108,,
c1n[nH]nc1-c1cc2c(s1)COc1cc(-c3sc(-c4cnco4)nc3-c3nc[nH]c3C3CC(F)(F)CC34)cc1O2,高毒,593.0783,84.56108,,
c1n[nH]nc1-c1cc2c(c(-c3c(Cl)cccc3Cl)c1)C(c1ccc(Cl)cc1)N(c1cc(Cl)cn(C3CC(O)(CO)C3)c1=O)C2=O,中毒,6.3808517,8.960914,0.182666877,3.916990494
c1n[nH]nc1-c1cc2sc(-c3c(Br)cnc4[nH]c(-c5cn[nH]c5)cc34)nc2c1,高毒,593.0783,84.56108,,
c1n[nH]nc1-c1cc2nc(-c3cnn4cc(-c5ccc6ncsc6c5)nc4c3)c(N3CCOC3)c(N4CCOCC4)c3n2c1,高毒,593.0783,84.56108,,
c1n[nH]nc1-c1cc2c(c(-c3c(Cl)cccc3Cl)c1)C(c1ccc2c(c1)OCO3)C1C(c2ccc(Cl)cc2)n2c(NC3CC3)SC(N3CCOC(CO)C3),高毒,593.0783,84.56108,,
c1n[nH]nc1-c1cc2c(c(-c3c(Cl)cccc3Cl)c1)Sc1sc(CN3CCOCC3)cc12,中毒,4.809107,12.294961,0.297585218,3.141019026
c1n[nH]nc1-c1cc2c(n1-c1ccc(Cl)cc1F)C(c1ccc(Cl)cc1)N(c1cc(Cl)cn(C3CC(O)(S(=O)(=O)O)C5)c3=O)C(=O)C12,高毒,593.0783,84.56108,,
c1n[nH]nc1-c1cc2c(n1-c1ccc(Cl)cc1F)C(c1ccc(Cl)cc1)N1(c4ccc(C#N)cn4c3c(F)cc(F)cc4c2=O)C(c2cc(Cl)ccc21),高毒,593.0783,84.56108,,
c1n[nH]nc1-c1c2c(nc3cnc(-c4cncnc4Cl)cc13)C(c1ccc(Cl)cc1)N(c1cc(Cl)cn(C3CC(O)(c5ccc(Cl)cc5)C4)c1=O)C3=O,高毒,593.0783,84.56108,,
c1n[nH]nc1-c1cc2c(s1)CN(Cc1nc(-c3ccncc3F)cs1)CC2,中毒,23.944174,30.643879,0.566927261,3.05952577
c1n[nH]nc1-c1cc2c(c(-c3ccnc4[nH]ccc34)c1)C(c1ccc(Cl)cc1)N(c1cc(Cl)c[nH]c1=O)C3=O,高毒,593.0783,84.56108,,
c1n[nH]nc1-c1cc2c(c(-c3c(Cl)cccc3Cl)c1)C(c1ccc(Cl)cc1)N(c1cc(Cl)cn(C3CC(O)(CO)C3)c1=O)C2=O,中毒,6.3808517,8.960914,0.182666877,3.916990494
c1n[nH]nc1-c1cc2sc(-c3cncc(Cl)c3)cc2c1,高毒,593.0783,84.56108,,
c1n[nH]nc1-c1cc2c(cn1)c(-c1ccc(-c3ccc(Cl)c(Cl)c3)cn1)c1nnnn12,高毒,593.0783,84.56108,,
c1n[nH]nc1-c1nc2cc(OCCCP(=O)(O)O)cnc2c1-c1cc(F)c(OCCN2CC3C=CC2C3)cc1,高毒,593.0783,84.56108,,
c1n[nH]nc1-c1cc2n(c1-c1c(Cl)cccc1Cl)C(c1ccc(Cl)cc1)N(c1cc(Cl)cn(C3CC(O)(CO)C3)c1=O)C3=O,高毒,593.0783,84.56108,,
c1n[nH]nc1-c1cc2c(n1-c1ccc(Br)cc1F)C(c1ccc(Cl)cc1)N(c1cc(Cl)cn(C3CC(O)(CO)C3)c1=O)C2=O,中毒,15.540574,11.513729,0.216603914,4.066847513
c1n[nH]nc1-c1cc2c(c(-c3c(Cl)cccc3Cl)c1)C(c1ccc(Cl)cc1)N(c1cc(Cl)cn(C3CC(O)(CO)C3)c1=O)C2=O,中毒,6.3808517,8.960914,0.182666877,3.916990494
c1n[nH]nc1-c1cc2c(c(-c3c(Cl)cccc3Cl)c1)C(c1ccc(Cl)cc1)N(c1cc(Cl)cn(C3CC(O)(CO)C3)c1=O)C2=O,中毒,6.3808517,8.960914,0.182666877,3.916990494
c1n[nH]nc1-c1noc(-c2cc3c(-c4nc5nc(O)cc(N6CCOCC6)c5s4)n[nH]c(=O)c4cc32)c1=O,高毒,593.0783,84.56108,,
c1n[nH]nc1-c1cc2c(n1-c1ccc(F)cc1F)C(c1ccc(F)cc1)N(c1ccS(=O)(=O)NC3CC3)C(=O)C1,高毒,593.0783,84.56108,,
c1n[nH]nc1-c1cc2c(n1-c1cc(Cl)cc(Cl)c1)C(c1ccc(Cl)cc1)N(c2ccCl)C(c1ccc(Cl)cc1)C1(c3ccc(Cl)cc3)C(c3ccc(Cl)c,高毒,593.0783,84.56108,,
c1n[nH]nc1-c1cc2c(n1C1CCS(=O)(=O)C1)C(c1ccc(Cl)cc1)N(c1c(c(Cl)cn(C4CC(O)(CO)C4)c1=O)C3)C2,高毒,593.0783,84.56108,,
c1n[nH]nc1-c1cc2c(n1-c1ccc(F)cc1F)C(c1ccc(Cl)cc1)N(c1cc(Cl)cn(C3CC(O)(CO)C3)c1=O)C2=O,中毒,12.488247,11.513729,0.244621212,4.0385462
c1n[nH]nc1-c1cc2c(n1-c1ccc(Cl)cc1F)C1(c3ccc(Cl)cc3)C(c3ccc(Cl)cc3)N(c3cc(Cl)cn(C5CC(O)(CO)C5)c4=O)C(=O,高毒,593.0783,84.56108,,
c1n[nH]nc1-c1cnc(-c2cc(C3CC(N2CCOC4=O)CC3(F)F)n(-c3cccc([N+](=O)[O-])c3)c2=O)n1,高毒,593.0783,84.56108,,
c1n[nH]nc1-c1cc2c(cc1-c1cnc(Cl)cn1)N(c1ccc(-c4cccc(C(F)(F)F)c4)cc1)C3c1cn(-c4ccc5c[nH]nc5c4)nc3cc12,中毒,38.860737,15.967391,0.183489615,5.508103059
c1n[nH]nc1-c1cc2c(c(-c3ccc(C4(C(F)(F)F)C5COC5)cc3)C(c4ccc(cc4)OC4CCCCN5CCC4C4)c(Cl)c3)C(c3ccc(Cl)cc3,高毒,593.0783,84.56108,,
c1n[nH]nc1-c1cc2c(c(-c3c(Nc4cc(Cl)ccn4)nc2Cl)C(c2ccsc2)C2=C(CCC3=O)N(c3ccc(C4(N)CC4)nc4)C3)C2c1,高毒,593.0783,84.56108,,
c1n[nH]nc1-c1cc2c(c(-c3cnc4cccc(F)c4c3)c1)C(c1ccc(Cl)cc1)N(c1cc(Cl)cn(C3CC(O)(CO)C3)c1=O)C2=O,中毒,7.6477833,10.425424,0.192986201,4.006054006
c1n[nH]nc1-c1cc2c(c(-c3ccc4c(n3)-c3ccc(Cl)cc3Oc3cc(F)c5c(c34)COC6)CCCC4)nc1N(C1CCN(CP(=O)(O)O)CC1)C,高毒,593.0783,84.56108,,
c1n[nH]nc1-c1cc2c(c(-c3nc(C4CC4)n(-c4ccc(Cl)cc4Cl)c3=O)C(c3ccc(Cl)cc3)N(c3ccc(Cl)cc3)C3c3ccsc3C(=O)N3),高毒,593.0783,84.56108,,
c1n[nH]nc1-c1nn2c(-c3cccnc3)nnc2c1-c1cc2c(s1)CCN(c1ncccc1C(F)(F)F)C3,高毒,593.0783,84.56108,,
c1n[nH]nc1-c1cc2c(cc(-c3c(Cl)cccc3Cl)c1Cl)c1cc(Cl)c(Oc3ccc(N%11C(=O)c6ccc7n[nH]c(=O)c7c7Br)cc5C4)c3cc12,高毒,593.0783,84.56108,,
c1n[nH]nc1-c1cc2c(c(-c3ccc(CO)cc3)c1-c1cc(F)c(OCc4cc(-c5ccn[nH]5)cc4)sc13)C1CCN(C(=O)OC(CO)CO)CC1,高毒,593.0783,84.56108,,
c1n[nH]nc1-c1cc2c(n1-c1ccc(Cl)cc1)C(c1ccc(Cl)cc1)N(c1cc)C(c3cc4c(cc3-c3ccc(Cl)cc3)C(c3ccc(C6CC5)s5)(n,高毒,593.0783,84.56108,,
c1n[nH]nc1-c1nc2c(c(S(=O)(=O)C3CCc4ccccc43)C1)N(c1ccc(Cl)cc1)C(c1ccc(Cl)cc1)N(c1cc(Cl)cn()c1=O)C3=O,高毒,593.0783,84.56108,,
c1n[nH]nc1-c1cc2c(n1-c1c1ccc(Cl)cc1)C(c1ccc(Cl)cc1)N(c1cc(Cl)cn(C3CC(O)(COP(=O)(O)O)C5)c1=O)C3=O,高毒,593.0783,84.56108,,
c1n[nH]nc1-c1cc2c(n1-c1ccc(Cl)cc1)C(c1ccc(Cl)cc1)N(c1ccc(Cl)c3nccc(Cl)c13)C2,中毒,28.622856,17.35497,0.223013583,3.657584008
c1n[nH]nc1-c1cc2c(n1-c1ccc(Cl)cc1F)C(c1ccc(Cl)cc1)N(c1cc(Cl)cn(3)C1)C3=O,高毒,593.0783,84.56108,,
c1n[nH]nc1-c1cc2c(c(-c3c(Cl)cccc3Cl)c1)C(c1ccc(Cl)cc1)N(c1cc(Cl)cn(C3CC(O)(CO)C3)c1=O)C2=O,中毒,6.3808517,8.960914,0.182666877,3.916990494
c1n[nH]nc1-c1cc2c(c(-c3c(Cl)cccc3Cl)c1)C(c1ccc(Cl)cc1)N(c1cc(Cl)cn(C3CC(O)(CO)C3)c1=O)C2=O,中毒,6.3808517,8.960914,0.182666877,3.916990494
c1n[nH]nc1-c1cc2c(c(-c3cc(Cl)cc(Cl)c3O)c1)C(c1ccc(Cl)cc1)N(c1cc(Cl)cn(C3CC3)c1=O)C2=O,中毒,12.849881,13.447941,0.205218012,3.744208935
c1n[nH]nc1-c1cc2c(c(-c3ccc(Cl)cc3)c1)C(c1ccc(Cl)c(F)c1)N(c1cc(Cl)cn(C3CC(O)(CO)C3)c3=O)c1=O,高毒,593.0783,84.56108,,
c1n[nH]nc1-c1cc(-c2c[nH]c3cc(-c4cnc(OC2CN(c5ncnc6ccccc56)C4)c(Cl)c4)c(Br)c23)cc1,高毒,593.0783,84.56108,,
c1n[nH]nc1-c1cc2c(n1-c1ccc(F)cc1F)C(c1ccc(Cl)cc1)N(c1cc(Cl)cn(C3CC(O)(CO)C3)c1=O)C2=O,中毒,12.488247,11.513729,0.244621212,4.0385462
c1n[nH]nc1-c1cc2c(n1-c1ccc(Cl)c(Cl)c1)C(c1ccc(Cl)cc1)N(c1cc2c(cnn2C2CC2)c1)C3c1ccsc1,高毒,593.0783,84.56108,,
c1n[nH]nc1-c1cc2c(c(-n3cnc6ccc(-c5cnc6nc7ccccc7n6c5=O)cc43)CNC4)cc12,高毒,593.0783,84.56108,,
c1n[nH]nc1-c1cc2c(n1-c1ccc(Cl)c(Cl)c1)C(c1ccc(Cl)cc1)N(c2cc(Cl)cn(C3CC(O)C(O)C3)c1=O)C2=O,高毒,593.0783,84.56108,,
c1n[nH]nc1-c1nn(CC2CC2)c2cc(-n3cc(-c4ncn[nH]4)c4ncccc34)cc(F)c12,中毒,2.2343779,19.43729,0.423565778,3.455338428
c1n[nH]nc1-c1cn2ccc(-c3ncc[nH]3)c2n1,高毒,593.0783,84.56108,,
c1n[nH]nc1-c1cc2c(cc1Oc1ccc(Cl)cc1Cl)-c1cc(S(c4ccsc4)c4cc[nH]c4c3N(CC4CC4)CF)cc1C(c1ccc(Cl)cc1)C3,高毒,593.0783,84.56108,,
c1n[nH]nc1-c1nc(C2CC2)nc1-c1ccc(C(F)(F)F)c(OC2CCN(S(=O)(=O)c3csc(-c4ccc(C4)no4)c3)C3)nc12,高毒,593.0783,84.56108,,
c1n[nH]nc1-c1nc2c(c(-c3cncnc3)c1-c1ccc(Oc4ccc(F)cc4F)cc1)C(c1ccccc1)N(c1cc(Cl)cn(C3CC(O)(CO)C3)c1=O,高毒,593.0783,84.56108,,
c1n[nH]nc1-c1cc2c(n1-c1ccc(F)cc1F)C(c1ccc(Cl)cc1)N(c1cc(Cl)cn(C3CC(O)(CO)C3)c1=O)C2=O,中毒,12.488247,11.513729,0.244621212,4.0385462
c1n[nH]nc1-c1cc2c(cc1-c1cn[nH]c1)Oc1cc(NCc3ccncn3)c(Cl)cc12,高毒,5.7959733,71.771385,0.349699485,3.179317208
c1n[nH]nc1-c1cc2c(c(-c3csc(-c4nc(-c5cn(CC(F)(F)F)cn5)c4C(F)(F)F)nn3)C3)c(-c3ccc(F)cc3)c12,高毒,593.0783,84.56108,,
c1n[nH]nc1-c1cc2c(n1-c1ccc(Cl)cc1C(F)(F)F)C(c1ccc(Cl)cc1)N(c1cc(Cl)cn(C3CC(O)(CO)C3)c1=O)C2=O,中毒,14.882899,11.513729,0.192783252,4.146765888
c1n[nH]nc1-c1cc2c(n1-c1cnc3cc(Cl)ccc3c1)N(c1cc(Cl)cn(C3CC(O)(CO)C3)c1=O)C2,中毒,32.23318,34.27415,0.302344717,3.680233403
c1n[nH]nc1-c1cnc2c3c(c(-c4cc5c(c6ncccc66)cn23)CN(C2CCC2)CC4)CC1,高毒,593.0783,84.56108,,
c1n[nH]nc1-c1cc2c(n1-c1ccc(Cl)cc1Cl)C(c1ccc(Cl)cc1)N(c1cc(Cl)c(=O)n(C)c1)C3=O,高毒,593.0783,84.56108,,
c1n[nH]nc1Cc1cn2c(-c3cn[nH]c3C(F)(F)F)cc(-c3ccn(-c4ccc(Cl)cn4)n3)c12,中毒,13.991522,14.804141,0.383456701,3.76797654
c1n[nH]nc1-c1cc2c(n1-c1ccc(Cl)cc1F)C(c1ccc(Cl)cc1)N(c1cc(Cl)cn(C3CC(O)C(O)C3)c1=O)C2=O,中毒,12.488247,11.513729,0.234878019,4.426733326
c1n[nH]nc1-c1cc2c(c(-c3ccc1)n1nc(-c4cccs4)cc12)Cc1cn(-c2ccc(Cl)cc2)nc1-3,高毒,593.0783,84.56108,,
c1n[nH]nc1-c1cc2c(n1-c1cc(Cl)c(Cl)cc1F)C(c1ccc(Cl)cc1)C(H]1NC(=O)N(c4cc(Cl)cn(C5CC(O)(CO)C5O)c4)C3=O)C,高毒,593.0783,84.56108,,
c1n[nH]nc1-c1cc2c(c(-c3cn(C4CC(O)C(CO)C4)c4nc(=O)c(#N)c(N5CCOCC5)c34)C(C5)C(F)(F)C3)cnc12,高毒,593.0783,84.56108,,
c1n[nH]nc1-c1cc2c(c(-c3ccc(Cl)c(Cl)c3)c1)C(c1ccc(Cl)cc1)N(c1cc(Cl)cn(C3CC(O)(CO)C3)c1=O)c1=O,高毒,593.0783,84.56108,,
c1n[nH]nc1-c1cc2c(c(-c3c(F)cccc3F)c1)C(c1ccc(Cl)cc1)N(c1cc(Cl)cn(C3CC(O)C(O)C3)c1=O)C2=O,中毒,6.3808517,8.960914,0.224650732,4.312288901
c1n[nH]nc1-c1nc2c(n1-c1ccc(Cl)cc1)C(c1ccc(Cl)cc1)N(c1cc(Cl)cn(C3CC(O)C1)c1=O)C3=O,高毒,593.0783,84.56108,,
c1n[nH]nc1-c1nc2c(n1-c1ccc(Cl)cc1F)C(c1ccc(Cl)cc1)N(c1cc(Cl)c(=O)n(C#CCl)c1)C2=O,中毒,24.28114,36.180477,0.262762369,4.138979045
c1n[nH]nc1-c1cc2c(n1-c1ccc(Cl)cc1)C(c1ccc(Cl)cc1)N(c1cc(Cl)cn(C3CC(O)(CO)C3)c1=O)C2=O,中毒,14.882899,11.513729,0.235038859,3.958725058
c1n[nH]nc1-c1cc2c(c(-c3c(Cl)cccc3Cl)c1)CC(c1ccc(Cl)cc1)N(c1cc(Cl)cn(C3CC(O)(CO)C3)c1=O)C2=O,中毒,22.081963,19.79431,0.177188173,3.955478622
c1n[nH]nc1-c1cc2c(n1-c1ccc(Cl)cc1)C(c1ccc(Cl)cc1)N(c1cc(Cl)cn(C3CC(O)(CO)C3)c1=O)C2=O,中毒,14.882899,11.513729,0.235038859,3.958725058
c1n[nH]nc1-c1cc2c(n1-c1ccc(F)cc1F)C(c1ccc(Cl)cc1)N(c1ccc(Cl)cc1)C2c1ccc(C(F)(F)F)cc1,中毒,21.327534,23.107658,0.188896619,3.860031516
c1n[nH]nc1-c1cc2c(n1-c1ccc(F)cc1F)c(c1cc(Cl)cc(Cl)c1F)C(c1ccc(Cl)cc1)N(c1cc(Cl)cn(C3CC(O)(CO)C5)c3=O)C,高毒,593.0783,84.56108,,
c1n[nH]nc1-c1cc2c(n1-c1ccc(F)cc1F)C(c1ccc(Cl)cc1)N(c8ccc(Cl)cn1)C3c1ccc(-c4ccncc4)cc3OC(c3ccc(Cl)cc3),高毒,593.0783,84.56108,,
c1n[nH]nc1-n1cc2c(n1)CN(CC1CCC1)C(c1ccc(Cl)cc1)N(c1cc(Cl)cn(C3CC(O)(CO)C3)c1=O)C2=O,中毒,5.7514596,10.648614,0.283265402,4.220291492
c1n[nH]nc1-c1cc2c(n1-c1ccc(Cl)cc1)C(c1ccc(Cl)cc1)N(c1ccc(Cl)cc1)C1=NCCO1,高毒,593.0783,84.56108,,
c1n[nH]nc1-c1nc2sc(Cc3ccccc3F)cc2c(=O)c1Oc1ccc(Cl)cc1N1CCN(C2CCN(c3nncs3)CC2)CC1,高毒,593.0783,84.56108,,
c1n[nH]nc1-c1cc2c((n1)-c1ccc(Cl)cc1)C(c1ccc(Cl)cc1)N(c1cc(Cl)cn(C3CC(O)(CO)C3)c1=O)C2=O,高毒,593.0783,84.56108,,
c1n[nH]nc1-c1cc2c(n1-c1cc(Cl)ccc1Cl)C(c1ccc(Cl)cc1)N(c1cc(Cl)cn(C3CC(O)(C5CC5)C5)c1=O)C2=O,高毒,593.0783,84.56108,,
c1n[nH]nc1-c1cc2c(c(-c3c(Cl)cccc3Cl)c1)CC(c1ccc4c(c1)OCO3)N(c1cc(Cl)cn(C3CC(O)(CO)C3)c1=O)C2=O,高毒,593.0783,84.56108,,
c1n[nH]nc1-c1cc2c(n1-c1ccc(Cl)cc1Cl)C(c1ccc(Cl)cc1)N(c1cc(Cl)cn(C3CC(O)(CO)C3)c1=O)C2=O,中毒,18.205946,11.513729,0.207895129,4.033490665
c1n[nH]nc1-c1cc2c(c(-c3cc(Cl)c(Cl)cc3Cl)c1)C(c1ccc(Cl)cc1)N(c1cc(Cl)cn(C3CC(O)(CO)C3)c1=O)C2=O,中毒,6.3808517,8.960914,0.157680425,3.976262888
c1n[nH]nc1-c1c(-c2cccs2)nn2cc(-c3cc4cc(CN5CCN(c6cccnn6)(CC5)C6)nc5cc4c3)cc(F)c12,高毒,593.0783,84.56108,,
c1n[nH]nc1-c1cc2c(n1-c1ccc(Cl)cc1)C(c1ccc(Cl)cc1)N(c1ccBr)C(c1ccc(Cl)cc1)N(c1cc(Cl)cn(C3CC(O)(CO)C3)c1=,高毒,593.0783,84.56108,,
c1n[nH]nc1-c1cc2c((-c3cccc(N4CCC(NCc5ccc6c(c5)OCO6)CC5)c3)nc3c(NC4CCN(S(=O)(=O)N(C)C)CC4)CCC4)nc(O,高毒,593.0783,84.56108,,
c1n[nH]nc1-c1cc2c(c(-c3cnc4ccsc4c3)c1)C(c1cc(Cl)cc(Cl)c1)N(c1cc(Cl)cn(C3CC(O)(P(=O)(O)O)C3)c1=O)C2,中毒,6.9868226,13.447941,0.129879043,4.388029889
c1n[nH]nc1N1CCC(c2n[nH]c(-c3cn4c(n3)-c3c(c(C(N)=O)cn3-c3ccc(F)cc3F)CC4)c2)CC1,中毒,13.970872,44.266483,0.319033459,3.616401019
c1n[nH]nc1-c1cc2c(c(-c3c(Cl)cccc3Cl)c1)C(c1ccc(Cl)cc1)N(c1cc(Cl)cn(C3CC(O)(CO)C3)c1=O)C2=O,中毒,6.3808517,8.960914,0.182666877,3.916990494
c1n[nH]nc1-c1cc2c(n1-c1ccc(F)cc1F)C(c1ccc(Cl)cc1)N(c1cc(Cl)cn(C3CC(O)(CO)C3)c1=O)C2=O,中毒,12.488247,11.513729,0.244621212,4.0385462
c1n[nH]nc1-c1cc2c(n1-c1ccc(Cl)cc1F)C(c1ccc(Cl)cc1)N(c1cc(Cl)c2ncn(C4CC(O)(CO)C4)c3c1=O)C2,高毒,593.0783,84.56108,,
c1n[nH]nc1-c1cc2c(n1-c1ccc(F)cc1F)C(c1ccc(Cl)cc1)N(c1cc(Cl)cn(C3CC(O)(CO)C3)c1=O)C2=O,中毒,12.488247,11.513729,0.244621212,4.0385462
c1n[nH]nc1-c1cc2n(c1-c1cc(Cl)cc(Cl)c1)C(c1ccc(Cl)cc1F)N(c1cc(Cl)cn(C3CC(O)C(O)C3)c1=O)C2=O,中毒,19.951618,13.503714,0.204054737,4.600432027
c1n[nH]nc1-c1cc2c(c(-c3ccc(Cl)cc3)c1)C(c1cccc([N+](=O)[O-])c1)N(c1cc(Cl)cn(C3CC(O)(CO)C3)[11C]S+]([O,高毒,593.0783,84.56108,,
c1n[nH]nc1-c1cc2c(c(-c3cn4nc(-c5cncn5C(F)(F)F)cc4C4CC4)cnc3c12)C1CCN(1)c1ccc(C(F)(F)F)cc1F,高毒,593.0783,84.56108,,
c1n[nH]nc1-c1cnc(Oc2ccc3[nH]cc(-c4ccnc(N5CCOc6ccccc67)c5=O)c4c3)cc2n1,高毒,593.0783,84.56108,,
c1n[nH]nc1-c1cc2c(c(-c3c(F)cccc3Cl)c1)C(c1ccc(Cl)cc1)N(c1cc(Cl)cn(C3CC(O)(CO)C3)c1=O)C2=O,中毒,6.3808517,8.960914,0.198124642,3.931028956
c1n[nH]nc1-c1cc2c(n1-c1cc(F)c(Cl)c(Cl)c1)C(c1ccc(Cl)cc1)N(c1ccCl)c(=O)c1O,高毒,593.0783,84.56108,,
c1n[nH]nc1N1CC2(CCOCC2)Cc2oc3nc(-c4c(Cl)cccc4Cl)c(-c4cccnc4)c(CN5CCN(c6ccccc6O)CC5)c4c3c21,高毒,593.0783,84.56108,,
c1n[nH]nc1-c1cc2c(cc1Cl)C(c1ccc(Cl)cc1)N(c1cc(Cl)cn(C3CC(O)(CO)C3)c1=O)C2=O,中毒,6.676637,20.735756,0.325620531,3.800551955
c1n[nH]nc1-n1cc2c(N3CCc4[nH]ccc4C3)nc(C(F)(F)F)c(NC3CC3)c2c1=O,高毒,593.0783,84.56108,,
c1n[nH]nc1-c1cc2c(n1-c1ccc(Cl)cc1F)C(c1ccc(Cl)cc1)N(c1cc(Cl)cn(C3CC(O)(CO)C3)c1=O)C2=O,中毒,12.488247,11.513729,0.22687237,4.043844886
c1n[nH]nc1-c1cc2c(c(-c3c(F)cccc3Cl)c1)c1cc(C(F)(F)F)c(Oc4ncnc5[nH]ccc45)c(-c4ccc(Cl)cc4)c3c12,高毒,593.0783,84.56108,,
c1n[nH]nc1-c1ccc2c(NCc3cccc(Nc4cc(-c5ccccc5)ccc4Cl)c3)nc(Nc3cccc(Cl)c3)nc2c1,低毒,36.543472,36.816372,0.126130559,2.788260182
c1n[nH]nc1-c1cc2c(c(-c3cc(Cl)cc(Cl)c3)c1)C(c1ccc(Cl)cc1)N(c1cc(Cl)c[nH]c1=O)C3,高毒,593.0783,84.56108,,
c1n[nH]nc1-c1cc2c(n1-c1ccc(F)cc1)C(c1ccc(Cl)cc1)N(c1cc(Cl)n(C3CC(O)(CO)C3)c1=O)C2=O,高毒,593.0783,84.56108,,
c1n[nH]nc1-c1cc2c(c(-c3c[nH]c4ncc(-c7cncnc7)cc45)cnc13)C(c1ccc(Cl)cc1)OC2,高毒,593.0783,84.56108,,
c1n[nH]nc1C1=CNC(c2[nH]c3cc(F)c4c(c3c2)C2CN(S(=O)(=O)c4cccnc4)CC2C4)C1,中毒,32.939228,15.456023,0.508775912,6.945439499
c1n[nH]nc1-c1cc2c(c(-c3c[nH]c4ccc(Cl)cc34)c1)c(N3CCOCC3)C(c1ccc(Cl)cc3[N+](=O)[O-])Oc12,高毒,593.0783,84.56108,,
c1n[nH]nc1-c1cc2n(c1-c1ccc(F)cn1)C(c1ccc(Cl)cc1Br)N(c2ccCl)c(Cl)c1ccc(=O)n(C)c1=O,高毒,593.0783,84.56108,,
c1n[nH]nc1-c1cc2c(c(-c3nc4c([nH]3)C(c3ccc(Cl)cc3)CN(c3cc(Cl)ccc3Cl)C4)C1=O)C(c1cccc(Cl)c1F)N(c1cc(Cl)cn,高毒,593.0783,84.56108,,
c1n[nH]nc1-c1cc2c(cc1-c1ccc(F)cc1F)C(c1ccc(Cl)cc1)N(c1cc(Cl)cn(C3CC(O)(CO)C3)c1=O)C2=O,低毒,6.3808517,10.425424,0.216988584,3.904392692
c1n[nH]nc1-c1cc2c(c(-c3c(F)cccc3F)c1)c1c(c3c(F)cc(F)oc3c1=O)Br,高毒,593.0783,84.56108,,
c1n[nH]nc1-c1cc2c(c(-c3c(F)cc(C(F)(F)F)cc3Cl)c1)C(c1ccc(Cl)cc1)N(c1cc(Cl)cn(C3CC(O)(CO)C3)c1=O)C2=O,中毒,7.8529835,10.425424,0.158357865,4.108766932
c1n[nH]nc1-c1cc2c(n1-c1ccc(Cl)cc1)C(c1ccc(Cl)cc1)N(c1cc(Cl)cn(=O)c1)C3=O,高毒,593.0783,84.56108,,
c1n[nH]nc1-c1cc2c(c(-c3c(Cl)cccc3Cl)c1)C(c1ccc3sccc3c1O)N(c1cc(Cl)cn(C3CCC4(O)C(O)C(O)C4O)c3c1=O)C2,高毒,593.0783,84.56108,,
c1n[nH]nc1-c1cc2c(n1-c1ccc(Cl)cc1Cl)c1c(c3c4ccccc4nc4n31)C(c1cccc(Cl)c1)=NCC3,高毒,593.0783,84.56108,,
c1n[nH]nc1-c1nc2c(c(C3=CC4CC(C3)N(c3ccc6c(c3)CC(F)(F)C(F)(F)F)C(=O)N6)C(C2)N(Cc2ccc(F)cc2)C43)n1,高毒,593.0783,84.56108,,
c1n[nH]nc1-c1cc2c(n1-c1ccc(Cl)cc1)C(c1ccc(Cl)cc12)N(c1ccCl)C(c2cc8nc(c3)OC(c3ccc(Cl)nc5)(c4cc(=O)[nH]c,高毒,593.0783,84.56108,,
c1n[nH]nc1NC(c1ccc(F)cc1)C1CCC(Nc2nc(Nc3ccc(N4CCOCC4)cc3)c3c(-c4ccsc4)csc3n2)CC1,中毒,5.4971414,17.169157,0.11390617,3.760998001
c1n[nH]nc1-c1cc2ccc(C3=CC(OC4OC(CO)C(O)C(O)C4O)C(O)C3O)cc2o1,低毒,15.250021,20.860369,0.234153205,4.829120748
c1n[nH]nc1-c1cc2c(n1-c1ccc(Cl)cc1Cl)C(c1ccc(Cl)cc1)N(c1cc(Cl)cn(C3CC(O)(CO)C3)c1=O)C2=O,中毒,18.205946,11.513729,0.207895129,4.033490665
c1n[nH]nc1-c1cc2c(c(-c3cc(C4CC4)ccc3F)c1)C(c1ccc(Cl)cc1)N(c1cc(Cl)cn(C3CC(O)(CO)C3)c1=O)C2=O,中毒,6.3808517,13.447941,0.18315545,3.981650245
c1n[nH]nc1-c1cn2c(n1)-c1c(c(=O)c3cc(O)c(O)cc3o3)C(c3ccoc3)C1C(c1ccc(Cl)cc3)N(c3ccc(Cl)cc3)C(c3ccc(Cl),高毒,593.0783,84.56108,,
c1n[nH]nc1-c1cc2c(n1-c1ccc(F)cc1F)C(c1ccc(Cl)cc1)N(c1cc(Cl)cn(C3CC(O)(CO)C3)c1=O)C2,中毒,15.763229,11.513729,0.240067904,4.063144511
c1n[nH]nc1-c1cc2c(n1-c3ccc(Cl)cc3F)C(c4ccc(Cl)cc4Cl)=NC(c4ccc(Cl)cc4)(c4ccc(Cl)cc4)(CC3)C=C(N)C21,高毒,593.0783,84.56108,,
c1n[nH]nc1-c1cc2c(c(N3CCOCC3)c1)C(c1ccc(Cl)cc1)N(c1cc(Cl)cn(C3CC(O)(CO)C3)c1=O)C2=O,中毒,22.277517,26.52157,0.296703152,3.928756136
c1n[nH]nc1-c1cc2c3c(n(-c4ccc(Cl)cc4)c2c1)C(c1ccc(Cl)cc1)N(c1cc(Cl)cn(C3(C)CO)c1=O)C3=O,高毒,593.0783,84.56108,,
c1n[nH]nc1-c1cc2c(c(-c3cn(-c4ccc(Cl)c(OC(F)(F)F)c4)n3)C(c3ccc(Cl)cc3F)N(c3cncn(-c5ccc(O)cc5)c4=O)C3=,高毒,593.0783,84.56108,,
c1n[nH]nc1-c1cc2c(c(-c3c(Cl)cccc3Cl)c1)C(c1ccc(Cl)cc1)N(c1cc(Cl)cn(C3CC(O)(CO)C3)c1=O)C2=O,中毒,6.3808517,8.960914,0.182666877,3.916990494
c1n[nH]nc1-c1cc2c(nc1N3CCOCC1)CN(c1cc(Cc3n[nH]c(=O)c4c3CCC4)ccc3F)cc12,高毒,593.0783,84.56108,,
c1n[nH]nc1-c1cc2n(c1-c1cc(F)cc(F)c1)C(c1ccc(Cl)cc1)N(c1cc(Cl)cn(C3=C(1)=O)C)C3=O,高毒,593.0783,84.56108,,
c1n[nH]nc1-c1c[nH]c2nc(NCCc3cnn(-c4ccc(F)cc4)c3)nc(-c3ccco3)c12,中毒,16.021782,88.62218,0.332304217,3.08874423
c1n[nH]nc1-c1cc2c(c(-c3c[nH]c4ccc(Cl)cc34)c1)C(c1ccc(Cl)cc1)N(c1ccn(Cc4ccc(O)nc4)c3)C(=O)N(C3CC(CO)C,高毒,593.0783,84.56108,,
c1n[nH]nc1-c1cnc2c(1)c(-c1ccc(Cl)c(F)c1)cn2C1CC2CCC(C1)N2CCc1c[nH]nc1=O,高毒,593.0783,84.56108,,
c1n[nH]nc1-c1cc2c(n1-c1ccc(F)cc1F)C(c1ccc(Cl)cc1)N(c1cc(Cl)cn(C3CC(O)(CO)C3)c1=O)C2=O,中毒,12.488247,11.513729,0.244621212,4.0385462
c1n[nH]nc1-c1cc2c(n1-c1ccn1ccc(I)c12)C(c1ccc(Cl)cc1)N(c1cc(Cl)cn(C3CC(O)(CO)C3)c1=O)C2=O,高毒,593.0783,84.56108,,
c1n[nH]nc1-c1cc2c(n1-c1ccc(Cl)cc1F)C(c1ccc(Cl)cc1)N(c1cc(Cl)cn(C3CC(O)(CO)C3)c1=O)C2=O,中毒,12.488247,11.513729,0.22687237,4.043844886
c1n[nH]nc1-c1cc2c(n1-c1ccc(Cl)cc1F)C(c1ccc(Cl)cc1Cl)N(c1cc(Cl)cn(C3CC(O)(CO)C3)c1=O)C2=O,中毒,15.540574,11.513729,0.201119225,4.118231171
c1n[nH]nc1-c1cc2c(n1-c1ccc(Br)cc1Cl)C(c1ccc(Cl)cc1)N(c1cc(Cl)c(=O)n(C3CC(O)C(O)C3)c1=O)C2=O,高毒,593.0783,84.56108,,
c1n[nH]nc1-c1cc2c(n1-c1ccc(F)cc1F)C(c1ccc(Cl)cc1)N(c1cc(Cl)cn(C3CC(O)(CO)C3)c1=O)C2=O,中毒,12.488247,11.513729,0.244621212,4.0385462
c1n[nH]nc1-c1cc2n((C3C4CC5CC(C5)CC4C5)c(=O)[nH]c(=O)c3c2F)c2cc(F)c(C(=O)N3CC=C(c4ccc(Br)nc4)CC3)cs1,高毒,593.0783,84.56108,,
c1n[nH]nc1-c1cc2c(c(-c3cc(F)c(OC(F)F)c(Cl)c3)c1)C(c1ccc(Cl)c(Cl)c1)N(c1cc(Cl)cn(C3CC(O)(CO)C3)c1=O)C2=,高毒,593.0783,84.56108,,
c1n[nH]nc1-c1cc2c(c(-c3c[nH]c4cc(Br)c(Br)cc34)c1)C(c1ccc(Cl)cc1)N(c1cc(Cl)cn(C3CC(O)(CO)C3)c1=O)C2=O,中毒,7.6477833,8.519041,0.13816819,4.165305786
c1n[nH]nc1-c1cn(CCN2CCC3(O)CC2Cc2cc5c(I)cccc5nc2-3)nn1,中毒,11.185841,44.95663,0.391024858,4.884722495
c1n[nH]nc1-c1cc2c(c(-c3c(Cl)cccc3Cl)c1)C(c1ccc(Cl)cc1)N(c1ccF)C(c1ccc(Cl)cc1)C1(c3cc(Cl)cc(Cl)c3)C1CC2,高毒,593.0783,84.56108,,
c1n[nH]nc1-c1cc2c(n1-c1ccc(F)cc1F)C(c1ccc(Cl)cc1F)N(c1cc(Cl)cn(C3CC(O)(CO)C3)c1=O)C2=O,中毒,12.488247,11.513729,0.237075915,4.12784594
c1n[nH]nc1-c1cnc2c(c1)-c1cc(Br)cnc1OCC1C2NCC1C#N,中毒,18.418976,15.06693,0.617317279,4.586367936
c1n[nH]nc1-c1cc2c(c(-c3c(Cl)cccc3Cl)c1)C(c1ccc(Cl)cc1)N(c1cc(Cl)cn(C3CC(O)(CO)C3)c1=O)C2=O,中毒,6.3808517,8.960914,0.182666877,3.916990494
c1n[nH]nc1-c1cc2c(n1-c1ccc(Cl)cc1)C(c1ccc(Cl)cc1)N(c1cc3c(cc1Br)C(c1ccc(Cl)cc1)N(c1cc(Cl)c(=O)=O)C(C)(C,高毒,593.0783,84.56108,,
c1n[nH]nc1-c1cc2c(n1-c1ccc(F)cc1F)C(c1ccc(Cl)cc1)N(c1ccCl)c(Cl)c1cO,高毒,593.0783,84.56108,,
c1n[nH]nc1-c1cc2c(c(-c3c(Cl)cccc3Cl)c1)C(c1ccc(Cl)cc1)N(c1ccc(Cl)cc1)C3c1ccc(C(F)(F)F)cc1,高毒,593.0783,84.56108,,
c1n[nH]nc1-c1cc2c(n1-c1ccc(Br)cc1F)C(c1ccc(Cl)cc1)N(c1cc(Cl)cn(C3CC(O)(CO)C3)c1=O)C2=O,中毒,15.540574,11.513729,0.216603914,4.066847513
c1n[nH]nc1-c1cc2c(n1-c1ccc(F)cc1F)C(c1ccc(Cl)cc1)N(c1cc(Cl)cnc1Cl)C3,高毒,593.0783,84.56108,,
c1n[nH]nc1-c1cn2c3c(nccc13)C(c1c[nH]c4cc(Cl)ccc14)C(c1ccc(Cl)cc1)N(c1cc(Cl)cn(C3CC(O)(CO)C3)c1=O)C2=O,中毒,34.834694,15.303033,0.145292927,4.610243119
c1n[nH]nc1-c1cc2n(c1-c1c(Cl)ccc(Cl)c1Cl)C(c1ccc(Cl)cc1)N(c1cc(Cl)cn(C3CC(O)C(O)C3)c1=O)C2=O,中毒,32.68572,13.503714,0.176098543,4.589991367
c1n[nH]nc1-c1nc2c(o1)C(c1ccc(Cl)cc1)N(c1cc(Cl)cn(C3CC(O)(CO)C3)c1=O)C2=O,中毒,38.99518,34.717995,0.357298444,4.021199251
c1n[nH]nc1-c1nc2n(c1-c1ccc(F)cc1)C(c1ccc(Cl)cc1)N(c1cc(Cl)c(=O)n(C3CC3)c1O)C3(C(=O)O)C2,高毒,593.0783,84.56108,,
c1n[nH]nc1-c1cc2c(n1-c1cc(F)cc(F)c1)C(c1ccc(Cl)cc1)N(c2cc(Cl)cn(C3CCC(O)CC3)c1=O)C2=O,高毒,593.0783,84.56108,,
c1n[nH]nc1-c1nn2c(-c3ccco3)nc(-c3ccc(N4CCN(Cc5cc6cccnc6o5)C(O)C6)cC3)c2c1-c1ccnc(NC2CC2)c1,高毒,593.0783,84.56108,,
c1n[nH]nc1-c1cc2c(c(-c3c(Cl)cccc3Cl)c1)C(c1ccc(Cl)cc1)N(c1cc(Cl)cn(C3CC(O)(CO)C3)c1=O)C2=O,中毒,6.3808517,8.960914,0.182666877,3.916990494
c1n[nH]nc1-c1cc2c(n(-c3cc(F)ccc3F)c1=O)C(c1cccN(c3ccccc3)cc1)N(c1cc(Cl)cn(C3CC(O)(CO)C3)c1=O)C2=O,中毒,51.50488,13.503714,0.213728231,4.521002901
c1n[nH]nc1-c1nc2n(n1)CN(c1nc(-c3ccoc3)cs1)CC2,中毒,57.755974,69.50081,0.606505473,3.555396266
c1n[nH]nc1-c1cc2c(n1-c1ccc(Cl)cc1F)C(c1ccc(Cl)cc1)N(c1cc(Cl)cn(C3CC(O)(CO)C1)C3=O)c1=O,高毒,593.0783,84.56108,,
c1n[nH]nc1-c1cc2c(c(-c3ccnn3C3CCCS3(=O)=O)c1)C(c1ccc(Cl)cc1)N(c1ccS(=O)(=O)c3ccsc3)C1=C2,高毒,593.0783,84.56108,,
c1n[nH]nc1-c1cc2c(cn1)c(-c1ccc(Oc3c[nH]c(=O)c(Cl)c3=O)cc1)nc1c1c2n2CCC(C3)C1,高毒,593.0783,84.56108,,
c1n[nH]nc1-c1cc2c(n1-c1ccc(F)cc1)C(c1ccc(Cl)cc1)N(c1cc(Cl)cn(C3CC(O)(CO)C3)c1=O)C2=O,中毒,14.882899,11.513729,0.252765996,3.961679667
c1n[nH]nc1-c1cc2c(n1-c1ccc(Cl)c1)C(c1ccc(Cl)cc1)N(c1cc(Cl)cn(C3CC(O)(CO)C3)c1=O)C2=O,高毒,593.0783,84.56108,,
c1n[nH]nc1-c1cc2c(Br)cc(Br)cc2c2c(-c3ccoc3)onc12,中毒,56.001858,16.13785,0.373850079,3.336007401
c1n[nH]nc1-c1cc2c(n1-c1ccc(Cl)cc1Cl)C(c1ccc(Cl)cc1)N(c1ccF(C(F)(F)F)cc1)C2+C1C(=O)N(C(=O)c2nccs2)C2(C,高毒,593.0783,84.56108,,
c1n[nH]nc1-c1cc2c(n1-c1ccc(Cl)cc1F)C(c1ccc(Cl)cc1)N(c1cc(Cl)cn(C3CC3)c1=O)C2=O,中毒,17.272402,14.026334,0.247725012,3.769226696
c1n[nH]nc1-c1cc2[nH]c(-c3cn(-c4ccc(C#N)cc4)c3-c3cncn3)cc2c(=O)c1OCC1CC(O)(Cn2cnc3cncnc32)C(O)C1,高毒,593.0783,84.56108,,
c1n[nH]nc1-c1cc2c([nH]1)C1(c3ccccc3-c3ccncc3)N=C(c3ccF)N=C(c4ccccc4Cl)N3C(c3cncs3)(CC3CC3)=NC21,高毒,593.0783,84.56108,,
c1n[nH]nc1-c1cc2c(n1-c1cccnc1Nc1cccnc1F)C(c1ccc(Cl)cc1)N(c1ccCl)C(=O)C(C)S1(=O)=O,高毒,593.0783,84.56108,,
c1n[nH]nc1-c1cc2c(c(-c3ccc(Cl)c(Cl)c3Cl)c1)C(c1ccc(Cl)cc1)N(c1cc(Cl)cn(3)C1C1CC1)C3=O,高毒,593.0783,84.56108,,
c1n[nH]nc1-c1cc2c(c(-c3c(Cl)cccc3Cl)c1)C1CC(c4coc(=O)[nH]4)=NC(C#N)(c4ccc(Cl)c(Cl)c4)(C3)C1Cc1cc(F)ccc,高毒,593.0783,84.56108,,
c1n[nH]nc1-c1cc2c(n1-c1ccc(Cl)cc1)C(c1ccc(Cl)cc1)N(c1ccCl)N(c1cc(Cl)cn(C3CC(O)(CO)C3)c1=O)C2=O,高毒,593.0783,84.56108,,
c1n[nH]nc1C1(c2ccnc3ncc(-c4cc(C(F)(F)F)c(O)c(Cl)c45)cc-3c2)CC2(CF)C21,高毒,593.0783,84.56108,,
c1n[nH]nc1-c1cc2c(c(-c3c(Cl)cccc3Cl)c1)C(c1ccc(Cl)cc1)N(c1c[nH]c(=O)c(Cl)c1)C3=O,高毒,593.0783,84.56108,,
c1n[nH]nc1-c1cc2c(c(-c3c(Cl)cccc3Cl)c1)C(c1ccc(Cl)cc1)N(c1cc(Cl)cn(C3CC(O)(CO)C3)c1=O)C2=O,中毒,6.3808517,8.960914,0.182666877,3.916990494
c1n[nH]nc1-c1nc2c(n1-c1ccc(Cl)cc1Cl)C(c1ccc(Cl)cc1)N(c1cc(Cl)cn(C3CC()(O)C3)c1=O)C2=O,高毒,593.0783,84.56108,,
c1n[nH]nc1CN1CCn2nnc(-c3cc4nc(-c5cc(Cl)cc(Cl)c5o6)cc4s3)c2C1,高毒,593.0783,84.56108,,
c1n[nH]nc1-c1cc2c(c(-c3coc4c3CN(C(=O)C3CC5)CC4)c12)CCC(NS(C)(=O)=O)C3,高毒,593.0783,84.56108,,
c1n[nH]nc1-c1cc2c(c(-c3c[nH]c4ccc(-c5cnn(C6CCOC6)c5)c34)CN(c3ncnc6c5[nH]nc(F)c5c34)CCO4)cc12,高毒,593.0783,84.56108,,
c1n[nH]nc1-c1cc2c(-c3cnc(-c4ccnn4Cc4cccs4)c3)ncnc2c1,高毒,593.0783,84.56108,,
c1n[nH]nc1-c1cc2c(c(-c3c(Cl)cccc3Cl)c1)C(c1ocnc1C)C(c1ccc(F)cc1)N(c1cc(Cl)cn(C3CC(O)(CO)C3)c1=O)C2=O,中毒,18.990976,13.503714,0.153618531,4.594977207
c1n[nH]nc1-c1cc2c(n1-c1nc(=O)oc4cc(S(=O)(=O)Nc5ncon5)ccc13)C1CC(OCc4cc(F)cc(F)c4)C(C2)O1,高毒,593.0783,84.56108,,
c1n[nH]nc1-c1cc2c(c(-c3cnc4ccncc43)c1)C13CCC(O)(C1)C1(C(OC3OC(CO)C(O)C(O)C5O)C(O)C(O)C5O)C(C2)N(CC,高毒,593.0783,84.56108,,
c1n[nH]nc1=SSCC(=S)N1CCOCC1,高毒,593.0783,84.56108,,
c1n[nH]nc1-c1cc2c(c(-c3ccc(Cl)cc3)c1)COc1cc(Br)c(Br)cc1C2c1ccc(F)cc1,中毒,32.164482,23.758667,0.218739475,3.396983553
c1n[nH]nc1-c1cc2c(n1-c1ccc(Cl)cc1)c1cc(-c3csc(-c4ccc(Cl)c(F)c4)c3)ncc1CC2,中毒,5.88037,45.273415,0.237022853,3.168859875
c1n[nH]nc1-c1cc2c(-c3cnc4[nH]cc(-c5cn(C6CC6)c5)ccc4n3)ccnc2c1,高毒,593.0783,84.56108,,
c1n[nH]nc1-c1cc2c(n1-c1ccc(F)c(F)c1F)C(c1ccc(Cl)cc1)N(c1cc(Cl)cn(C3CC(O)(CO)C3)c1=O)C2=O,中毒,12.488247,11.513729,0.221775121,4.144746002
c1n[nH]nc1-c1cnc2c(c1Nc1cccnc1F)CCN(c1ncnc(N3CCN(c4ncccc4-c4cnccc4F)CC3)c1)C2,中毒,19.352251,20.594503,0.237599264,3.585057305
c1n[nH]nc1-c1cc2c(c(-c3c(Cl)cccc3Cl)c1)C(c1ccc(Cl)cc1)N(c1cc(Cl)cn(C3CC(O)(CO)C3)c1=O)C2=O,中毒,6.3808517,8.960914,0.182666877,3.916990494
c1n[nH]nc1-c1cc2c(c(-c3c[nH]c4cc(F)ccc34)c1)C(c1ccc(Cl)cc1)N(Cc1ccsc1)C3(C)C,高毒,593.0783,84.56108,,
c1n[nH]nc1-c1csc(C2NCCN(c3n[nH]c4c3CCCc3cnc(Nc5cc[nH]cn5)nc5-5)C4CC32)c1=O,高毒,593.0783,84.56108,,
c1n[nH]nc1-c1cc2c(c(-c3c(F)cccc3F)c1)C(c1ccc(Cl)cc1)N(c1cc(Cl)cn(C3CC(O)(CO)C5O)c3=O)C(=O)N12,高毒,593.0783,84.56108,,
c1n[nH]nc1-c1cc2c(c(-c3ccc6ncsc4cc3=O)c1)C(c1ccc(Cl)cc1)N(c1cc(Cl)cn(C3CC(O)(CO)C3)C1=O)c1=O,高毒,593.0783,84.56108,,
c1n[nH]nc1-c1cc2sc(-c3cc(C([18F])no3)cc3nc(-c4c[nH]c5ccsc45)cc23)c2nc(N3CC4(COC4)C3)nc12,高毒,593.0783,84.56108,,
c1n[nH]nc1-c1nc2c(C3(c4nccnc4-c4ccsc4)CC3)ncnc2c,高毒,593.0783,84.56108,,
c1n[nH]nc1-c1cc2c(n1-c1ccc(Cl)cc1)C(c1ccc(Cl)cc1)N(c1cc(Cl)cn(C3CC(O)(CO)C3)c1=O)C2=O,中毒,14.882899,11.513729,0.235038859,3.958725058
c1n[nH]nc1-c1cc2c(n1-c1ccc(Cl)cc1)C(c1ccc(Cl)cc1)N((c1ccS(=O)(=O)c3cscn3)C1)C(c1ccc(Cl)cc1)N(c1ccCl)C(,高毒,593.0783,84.56108,,
c1n[nH]nc1-n1nc2cc(-c3ccc4oc(C(O)(c5ccc(Cl)cc5)(c7ccc(Cl)cc7)c6c5)nc(Cl)c4c3)nc2c1=O,高毒,593.0783,84.56108,,
c1n[nH]nc1-c1cc2sc(-c3ccc4c(n3)-c3c(nn(CC(OCc5ccccc5)(c5cccc(F)c5F)c5cncn6C6CC6)c5=S)CCC4)cc3c(=O),高毒,593.0783,84.56108,,
c1n[nH]nc1-c1cc2c(n1-c1nc3c(c(=O)[nH]c3c1)1COC(c4ccc(Cl)cc4)CC1)C(c1ccc(Cl)cc1)N(c1cc(Cl)cn(C3CC(O)(C,高毒,593.0783,84.56108,,
c1n[nH]nc1-c1cc2c(c(-c3cc4ncc(-c5ccoc5)cc4c(=O)n3)c1)CN(c1cc(Cl)cnc1Cl)C3,高毒,593.0783,84.56108,,
c1n[nH]nc1-c1noc(-c2c(-c3nc(N4CCC5(CCc6ccccc65)CC5)csc4Nc4nccc(-c6cscn6)c34)nc2Cc2cnoc2F)c1,高毒,593.0783,84.56108,,
c1n[nH]nc1-c1cc2c(n1-c1cccc(F)c1)C(c1ccc(Cl)cc1)N(c1cc(Cl)cn(C3CC(O)CC(O)C3)c1=O)C2=O,中毒,14.882899,11.513729,0.247624328,4.397026867
c1n[nH]nc1-c1csc2cnc(-c3c(-c4cccc(S(=O)(=O)Nc5c(F)cccc5F)c4)c4c(Nn5cnc6ccccc67)ccnc45)nc(N4CCOCC4),高毒,593.0783,84.56108,,
c1n[nH]nc1-c1cc2c(c(-c3c(Cl)cccc3Cl)c1)C(c1cccc(Cl)c1F)N(c1cc(Cl)cn(C3CC(O)(CO)C3)c1=O)C2=O,中毒,5.093859,8.960914,0.17785186,4.045527191
c1n[nH]nc1-c1cc2c(c(-c3cn(C4c5cc6c(cc5C(Nc6ccsc6)C3c3ccc(F)cc3F)C3CC5)C3COC5=O)C2)c2nonc12,高毒,593.0783,84.56108,,
c1n[nH]nc1-c1cn2c(-c3cc4cccc(OC(F)(F)F)c4[nH]c3=O)cnc2c1,高毒,593.0783,84.56108,,
c1n[nH]nc1-c1cc2sc3c(c2c(CN2CCNC2)c1=O)C(c1ccc2c(c1)OCO3)N(C2CC2)c1c[nH]c2ccccc12,高毒,593.0783,84.56108,,
c1n[nH]nc1-c1nc2c(s1)C(O)(c1ccc(Cl)nc1)c1cc(Cl)ccc12,中毒,68.29746,17.582697,0.496950541,3.726151022
c1n[nH]nc1-c1cc2c(c(-c3c(Cl)cccc3Cl)c1)C(c1ccc(Cl)cc1)N(c1cc3c(cc1F)c(=O)c(C(=O)O)cn3C1CC1)C2,中毒,8.946273,14.878985,0.181738683,3.774330513
c1n[nH]nc1-c1cc2c(c(-c3c(Cl)cccc3Cl)c1)C(c1ccc(Cl)cc1)N(c1cc(Cl)cn(C3CC(O)(CO)C3)c1=O)C2=O,中毒,6.3808517,8.960914,0.182666877,3.916990494
c1n[nH]nc1-c1cc2c(c(-c3nc(C4CCN5CCC4C5)nn3-c3ccc(Cl)cc3Cl)C1)C(c1ccc(Cl)cc1)N(c1cc(Cl)cn(C3CC(O)(CO)C3,高毒,593.0783,84.56108,,
c1n[nH]nc1-c1cc2c(n1-c1ccc(F)cc1Cl)C(c1ccc(Cl)cc1)N(c1cc(Cl)cn(C3CC(O)(CO)C3)c1=O)C2=O,中毒,18.205946,11.513729,0.22687237,4.046410365
c1n[nH]nc1-c1cc2c(n1-c1ccc(Cl)cc1F)C(c1ccc(Cl)cc1)N(c1cc(Cl)cn(C3CC(O)(CO)C3)c1=O)C2=O,中毒,12.488247,11.513729,0.22687237,4.043844886
c1n[nH]nc1-c1cc2c(cc1-c1ccnc(OCC(F)(F)F)c1)C(c1ccc(Cl)cc1)N(c1cc(Cl)cn(C3CC(O)(CO)C3)c1=O)C2=O,中毒,6.3808517,9.173887,0.184385507,4.125684813
c1n[nH]nc1-c1ccc2c(c1)[nH]c1c(F)c(-c3nc4[nH]c(=O)sc6ncnc5c43)cc12,高毒,593.0783,84.56108,,
c1n[nH]nc1-c1cc2c(n1-c1ccc(F)cc1F)C(c1ccc(Cl)cc1)N(c1cc(Cl)cn(C3CC3)c1=O)C3=O,高毒,593.0783,84.56108,,
c1n[nH]nc1-c1csc(Cc2nnn(-c3cc(F)cc(F)c3F)c2=O)c1=O,高毒,593.0783,84.56108,,
c1n[nH]nc1-c1nc2c(cnn2-c2ccc(F)cc2)c1-c1ccc(OCC22CN(c2cc(C4COC4)cc(F)c3)C(c3ccsc3)C2)c1,高毒,593.0783,84.56108,,
c1n[nH]nc1-c1cc2c(c(-c3ccc(Cl)cc3)c1)C(c1ccc(Cl)cc1)C(c1ccc(Cl)cc1)N(c1cc(Cl)cn(C3CC(O)(CO)C3)c1=O)C2=,高毒,593.0783,84.56108,,
c1n[nH]nc1-c1cc2c(c(-c3ccc(NC(=O)CN4CCN(c5cccnc5F)CC4)c4)cc[n+]3Cc3ccc4ccccc4c3)C(c3ccsc3)C2c1,高毒,593.0783,84.56108,,
c1n[nH]nc1-c1cc2c(n1-c1ccc(Cl)cc1Cl)S(=O)(=O)c1cc(N3CCOCC3)c(C(F)(F)F)cc1Oc1cc(F)cc(F)c12,中毒,18.641792,14.014961,0.193611606,3.709360882
c1n[nH]nc1-c1cc2c(n1-c1ccc(Cl)cc1Nc1cnn(C(F)F)c1)C(c1ccc(Cl)cc1)N(c1cc(Cl)C(=O)C3CC3)C(=O)C1,高毒,593.0783,84.56108,,
c1n[nH]nc1-c1nnc(-c2ccnc3ccc(-c4cc[nH]n4)cc23)c1-c1ccc(Nc2nccc(-c3c(-c4cocc4)nnc4ccccc34)c2)cc1=NC,高毒,593.0783,84.56108,,
c1n[nH]nc1-c1cc2c(c(-c3c(Cl)cccc3Cl)c1)C(c1ccc(Cl)cc1)N(c1cc(Cl)cn(C3CC(O)(CO)C3)c1=O)C2=O,中毒,6.3808517,8.960914,0.182666877,3.916990494
c1n[nH]nc1-c1cc2c(c(-c3ccc(Cl)cc3)c1)C(c1cccc(Cl)c1)N(c1ccF)C(c2ccc(Cl)cc1)C2c1ccc(Cl)cc1,高毒,593.0783,84.56108,,
c1n[nH]nc1-c1cn2c(-c3ccnc4cnccc34)cnc2c1,高毒,593.0783,84.56108,,
c1n[nH]nc1-c1cc2c(c(-c3cccc4sccc34)c1)C(c1ccc(Cl)cc1)N(c1cc(Cl)cn(C3CC(O)(CO)C3)c1=O)C2=O,中毒,14.775009,8.519041,0.18287456,3.973121583
c1n[nH]nc1-c1cc2c(n1-c1ccc(Cl)cc1Cl)C(c1ccc(Cl)cc1)N(c1ccc(Cl)cc1)C3c1ccc(NC(=O)C3(CF)CC3)c(C(F)(F)F)c,高毒,593.0783,84.56108,,
c1n[nH]nc1-c1nc2c(c(NC3CC=NCC3)n1)CN(c1ccc3c(n1)CCN(Cc1ccsc1)C3)C2,中毒,7.2148647,22.85196,0.4042309,4.091575691
c1n[nH]nc1-c1cc2c(n1-c1ccc(Cl)cc1)c1c(cc(O)c4c1OCC3)C(c1ccc(Cl)cc1)N(c1cc(Cl)cn(C4CC(O)(CO)C4)c1=O)C3,高毒,593.0783,84.56108,,
c1n[nH]nc1-c1cc2c(nc1N(Cc1cccc(F)c1)C1CCOC1)C(c1cccc(Cl)c1)N(c1cc(Cl)cn(C3CC(O)(S)(=O)=O)c3=O)C12,高毒,593.0783,84.56108,,
c1n[nH]nc1-c1c(C2CC2)c2c(cnc3cnc(-c4cncc(NS(=O)(=O)c5cccnc5)c4)cc23)c1F,高毒,593.0783,84.56108,,
c1n[nH]nc1-c1cc2c(n1-c1ccc(Cl)cc1)C(c1ccc(Cl)cc1)N(c1ccCl)C(c1ccc(Cl)cc1)C1C#CC(N)C1c1c(Cl)ccc(F)c11F,高毒,593.0783,84.56108,,
c1n[nH]nc1-c1cc2c(c(-c3c(Cl)cccc3Cl)c1)C(c1ccc(Cl)cc1)N(c1cc(Cl)cn(C3CC(O)(CO)C3)c1=O)C2=O,中毒,6.3808517,8.960914,0.182666877,3.916990494
c1n[nH]nc1-c1cc2c(n1-c1ccc(Cl)cc1)C(c1ccc(Cl)cc1)N(c1cc(Cl)cn(C3CC(O)(CO)C3)c1=O)C2=O,中毒,14.882899,11.513729,0.235038859,3.958725058
c1n[nH]nc1-c1cc2c(c3c1-c1ccccc1)C(c1ccc(Cl)cc1)C(c1cc[nH]c(=O)c1)(c2cc(c(Cl)c1)CC4)NC(c1ccc(Cl)cc1)N(,高毒,593.0783,84.56108,,
c1n[nH]nc1-c1cc2c(cc1-c1ccc3[nH]ccc3c1)C(c1ccc(Cl)cc1)N(c1cc(Cl)cn(C3CC(O)C(O)C3)c1=O)C2=O,中毒,6.3808517,8.960914,0.182926887,4.371815577
c1n[nH]nc1-c1cc2c(c(-c3cn(-c4ccc(Cl)cc4)nn3)c1)C(C1CC1)N(c1cc(Cl)cn(C3CC(O)(CO)C3)c1=O)C2=O,中毒,15.557693,13.503714,0.23603113,4.128581954
c1n[nH]nc1-c1cc2c(-c3cc[nH]n3)nc(Oc3ccc(N6CC5CC5C4)cc3F)nc2c1,高毒,593.0783,84.56108,,
c1n[nH]nc1-c1cc2c(n1-c1cc(F)cc(F)c1)C(c1ccc(Cl)cc1)N(c1cc(Cl)cn(C3CC(O)(CO)C3)c1=O)C2=O,中毒,14.882899,11.513729,0.244621212,4.08930755
c1n[nH]nc1-c1cc2c(cc1-c1cn[nH]c1)N(c1cc(Cl)c3nc(-c4cn(Cc5cnc(C(F)(F)F)no5)c5ncccc56)nc34)C(C2)N1,高毒,593.0783,84.56108,,
c1n[nH]nc1-c1cc2c(cc1-c1cc(Cl)cc(Cl)c1)C(c1ccc(Cl)cc1)N(c1cc(Cl)sn1)C3=O,高毒,593.0783,84.56108,,
c1n[nH]nc1-c1cc2c(c(-c3c(Cl)cccc3Cl)c1)CC(c1ccc(Cl)cc1)N(c1cc(Cl)cn(C3CC(O)(CO)C3)c1=O)C2=O,中毒,22.081963,19.79431,0.177188173,3.955478622
c1n[nH]nc1-c1cc2c(c(-c3c(Cl)cccc3Cl)c1)C(c1ccc(Cl)cc1)N(c1cc(Cl)cn(C3CC(O)(COCO)C3)c1=O)C2=O,中毒,7.4282966,10.425424,0.152639076,4.086608287
c1n[nH]nc1-c1cc2c(c(-c3cn(-c4ccc5[nH]ncc5c4=O)nn3)c1)C(c1ccc(Cl)cc1)N(c1ccN(C3C5CC5(C5)C3=O)cc1)C2=,高毒,593.0783,84.56108,,
c1n[nH]nc1-c1nnc(N2c3cccc4cccc(c34)Sc3ncnc(Nc4ccncc4)c32)n1,高毒,593.0783,84.56108,,
c1n[nH]nc1-c1cc2c(n1-c1cccc(F)c1F)C(c1ccc(Cl)c(C(=O)O)c1)N(c1cc)C(c1ccc(Cl)cc1)C1(C3=O)NC(=O)N(C4CC4,高毒,593.0783,84.56108,,
c1n[nH]nc1-c1cc2c(c(-c3cn4nc(-c5c[nH]c6cnc(-c7ccncc7-8CC8)cc67)nc5cc34)CNCC4)cc12,高毒,593.0783,84.56108,,
c1n[nH]nc1-c1cn2c(-c3cc1OCc4ccccc4)c(-c4ccc(-c5nc6cc(CC(F)(F)-c7ccccn7)cn6)cc5[nH]4)cc3nc2n1,高毒,593.0783,84.56108,,
c1n[nH]nc1-c1cc2c(c(-c3cccnc3)c1)C(c1ccc(Cl)cc1)N(c1cc(Cl)cn(C3CC(O)(CO)C3)c1=O)C2=O,中毒,8.93265,8.960914,0.249435832,3.878811243
c1n[nH]nc1-c1cc2c(c(-c3c(Cl)cccc3Cl)c1)CN(c1cc(C(F)(F)F)ccc1Cl)C(c1ccc3c(n1)NCCC3)C2,中毒,25.73853,16.022839,0.202116648,3.904105353
c1n[nH]nc1-c1cc2c(n1-c1nc(Nc3ccc(F)c(Cl)c3)C(c3ccsc3F)C1)C(c1ccc(C(F)(F)F)cc1)C(c1ccc(Cl)cc1)N(C2c1c,高毒,593.0783,84.56108,,
c1n[nH]nc1-c1cc2[nH]c(-c3ccnc(Cl)c3F)nc2c1,高毒,593.0783,84.56108,,
c1n[nH]nc1-c1cc2c([nH]c3ccc([N+](=O)[O-])cc3c2=O)c1Cl,高毒,593.0783,84.56108,,
c1n[nH]nc1-c1cc2c(c(-c3c(Cl)cccc3Cl)c1)C(c1ccc(Cl)cc1)N(c1cc(Cl)cn(C3CC(O)(CO)C3)c1=O)C2=O,中毒,6.3808517,8.960914,0.182666877,3.916990494
c1n[nH]nc1-c1cc2c(n1-c1ccc(Br)cc1F)C(c1ccc(Cl)cc1Cl)N(c1cc(Cl)n(C3CC(O)(CO)C3)c1=O)C2=O,高毒,593.0783,84.56108,,
c1n[nH]nc1-c1cc2c(nc1-c1ccc(Cl)c(Cl)c1)C(c1ccc(F)cc1)N(c1cc(Cl)cn(C3CC(O)(CO)C3)c1=O)C2=O,中毒,52.723274,12.087409,0.21437153,3.997592692
c1n[nH]nc1Nc1cc(Cl)c(Cl)c(Cl)c1-c1cc2c(n1-c1ccc(F)cc1F)C(c1ccc(Cl)cc1)N(c1cc(Cl)n(CO3CC(O)C1O)C3=O)c1=O,高毒,593.0783,84.56108,,
c1n[nH]nc1-c1cc2c(c(-c3c(Cl)cccc3Cl)c1)C(c1ccc(Cl)cc1)N=C(NC1CCOCC5CC5(CN4)C3C1)NC4,高毒,593.0783,84.56108,,
c1n[nH]nc1-c1cc2[nH]c(=O)n(-c3cc(Oc4c(F)ccc(F)c4F)cc3F)c(=C3C(O)=C(C(=O)C4(O)CN(C5CC5)C(=O)C4)C3c3,高毒,593.0783,84.56108,,
c1n[nH]nc1-c1cc2c(c(-c3csc(CC4CCOCC4)c3)c1)C(c1ccc(Cl)cc1)N(c1cc(Cl)cn(C3CC(O)(CO)C3)c1=O)C2,中毒,14.775009,16.862432,0.162705142,4.242995842
c1n[nH]nc1-c1cc2c(n1-c1ccc(F)cc1F)C(c2ccc2c(c1)CCO2)N(c1cc(Cl)cn(C3CC(O)(CO)C3)c1=O)C2=O,高毒,593.0783,84.56108,,
c1n[nH]nc1-c1cc2c(c(-c3c(Cl)cccc3Cl)c1)c(-c1ccc(Cl)cc1Cl)c(Cl)c(=O)n3Cc1c(Cl)cc(F)cc12,高毒,593.0783,84.56108,,
c1n[nH]nc1-c1nc2c(nc1C2CCN(Cc1cocn1)CC1)C(N1CC2CC1CO2)C3,高毒,593.0783,84.56108,,
c1n[nH]nc1-c1cc2c(n1-c1nc3c(OCc4ccc(Cl)cc4)c(Cl)c(Cl)cc4n(C4CC(O)C(O)C4O)c3c1=O)CS(=O)(=O)CC2,高毒,593.0783,84.56108,,
c1n[nH]nc1-c1cc2c(n1-c1ccc(F)cc1)C(c1ccc(Cl)cc1)N(c1cc(Cl)cn(C3CC(O)(CO)C3)c1=O)C2=O,中毒,14.882899,11.513729,0.252765996,3.961679667
c1n[nH]nc1-c1cc2c(n1-c1ccc(F)cc1F)C(c1ccc(Cl)cc1)N(c%11OC2C31C(=O)N(Cc2ccc(Cl)nc2)C1c1c(Cl)[nH]c2ccccc1,高毒,593.0783,84.56108,,
c1n[nH]nc1-c1cc2c(c(-c3c(Cl)ccc(Cl)c3Cl)c1)C(c1ccc(Cl)cc1)N(c1cc(Cl)cn(C3CC(O)(CO)C3)c1=O)C2=O,中毒,6.3808517,8.960914,0.157680425,4.00048933
c1n[nH]nc1-c1cc2c(n1-c1ccc(F)cc1F)C(c1ccc(Cl)cc1)N(c1cc(Cl)cn(C3CC(O)(CO)C3)c1=O)C2=O,中毒,12.488247,11.513729,0.244621212,4.0385462
c1n[nH]nc1-c1cc2c(c(-c3nc(-c4cn5ncc(Oc6ccc(-c7nc8cccc9[nH]s8)cc67)c5s4)c(=O)[nH]c4cc4c3Br)CSC3)nc12,高毒,593.0783,84.56108,,
c1n[nH]nc1-c1cc2c(c(-c3c(Cl)cccc3Cl)c1)C(c1ccc(Cl)cc1Cl)N(c1cc(Cl)cn(C3CC(O)(CO)C3)c1=O)C2=O,中毒,7.487971,8.960914,0.168559174,4.003842696
c1n[nH]nc1-c1n[nH]c2cc(-c3c(Br)n(C(c4ccc(Cl)cc4)(c4ccc(F)cc4)C(F)(F)F)c3-c3cnc4c((C5CC5)nc(-c6cccc6),高毒,593.0783,84.56108,,
c1n[nH]nc1N(c1ccnc(C2=NCCO2)c1)C1CCN(CC2CN(Cc3ccc(F)cc3)CC2c2ccc(F)cc2)CC1,中毒,2.1209805,25.208567,0.297119982,4.08511959
c1n[nH]nc1-c1cc2c(c(-c3ccc(Cl)cc3)c1)C(c1ccc(Cl)cc1)N(c1cc(Cl)cn(Cl)c1=O)C3=O,高毒,593.0783,84.56108,,
c1n[nH]nc1-c1cc2c(-c3cc(Cl)c(F)cc3O)cc(-c3cnn(C4CC(O)C(O)C4)c3=O)cc2s1,高毒,593.0783,84.56108,,
c1n[nH]nc1-c1cc2c(n1-c1ccc(F)cc1F)C(c1ccc(Cl)cc1)N(c2cc(Cl)cn(C3CC(O)(CO)C3)c1=O)C2=O,高毒,593.0783,84.56108,,
c1n[nH]nc1-c1cn2c(-c3cc(-n4ncc5cc(C6=Cc7ccccn7)cnc6C5)cc4c(=O)n3-c3ccncc3)ncc2n1,高毒,593.0783,84.56108,,
c1n[nH]nc1-c1cc2c(c(-c3ccc(I)cc3)c1)C(c1ccc(Cl)cc1)N(c1cc(Cl)cn(C3CC(O)(CO)C3)c1=O)C3=O,高毒,593.0783,84.56108,,
c1n[nH]nc1-c1cnc2c(-c3cc(Br)ncc3C3CCC(Oc4cc5ncccn5c(=O)c4)CC3)cc(C3=CCOCC3)c12,中毒,4.155876,38.424625,0.269599936,4.102695012
c1n[nH]nc1-c1cc2c(c(-c3ccn4nc(-c5c5nccc6[nH]cc(CC(F)(F)F)c6c5=O)c3)cnc12)C(F)(F)C=C3,高毒,593.0783,84.56108,,
c1n[nH]nc1-c1cc2n(c1-c1ccc(Cl)cc1Cl)C(c1ccc(Cl)cc1)N(c1cc(Cl)cn(C3CC(O)(CO)C3)c1=O)C2=O,中毒,19.951618,13.503714,0.203710654,4.092446012
c1n[nH]nc1-c1cc2c(c(-c3c(Cl)cccc3Cl)c1)C(c1ccc(Cl)cc1)N(c1cc(Cl)cn(C3CC(O)(CO)C3)c1=O)C2=O,中毒,6.3808517,8.960914,0.182666877,3.916990494
c1n[nH]nc1-c1cc2c(n1-c1ccc(Cl)cc1F)C(c1ccc(Cl)cc1)N(c1cc(Cl)n(=O)(=O)C3CC3)C1=O,高毒,593.0783,84.56108,,
c1n[nH]nc1-c1cc2c(c1-c1ccc(Cl)cc1)C(c1ccc(Cl)cc1)N(c1cc(Cl)cn(C3CC(O)(CO)C3)c1=O)C2=O,高毒,593.0783,84.56108,,
c1n[nH]nc1-c1sc2ncnc(Oc3ccc(OC4CCOC(6)C(N)=C(c5ccccc7)(C6CC6)c5)C5=O)c(=O)c2c13,高毒,593.0783,84.56108,,
c1n[nH]nc1-c1cc2c(c(-c3ccc4cc(-c5nc6cc(F)cc(F)c6[nH]5)cc5c4)c(-c4ccco4)nc2c1)C(c1ccc(Cl)cc1)N(c1cc(,高毒,593.0783,84.56108,,
c1n[nH]nc1-c1cc2c(n1-c1ccc(Cl)c(Cl)c1)C(c1ccc(Cl)cc1)N(c1cc(Cl)cn(C3CCC(O)c5c(Cl)cccc5c4)c1=O)C3=O,高毒,593.0783,84.56108,,
c1n[nH]nc1-c1cc2c(n1-c1ccc(Cl)cc1F)C(c1ccc(Cl)cc1)N(c1cc(Cl)cn(C3CC(O)(CO)C3)c1=O)C2=O,中毒,12.488247,11.513729,0.22687237,4.043844886
c1n[nH]nc1-c1cc2ccn(-c3cc4c(n3)CN(CC3CCCO3)CC4)c2cc1=O,高毒,593.0783,84.56108,,
c1n[nH]nc1-c1nc2c(c(Nc3cc(CN4CCOCC4)c(Cl)cn3)n1)CC3,高毒,593.0783,84.56108,,
c1n[nH]nc1-c1nc2c(n1-c1ccc(Cl)cc1)C(c1ccc(Cl)cc1)N(c1cc(Cl)co1)C3c1ccc(Cl)cc3C1=N2,中毒,24.273214,26.567,0.215420116,5.671764151
c1n[nH]nc1-c1cc2c(n1-c1ccc(Cl)cc1Cl)C(c1ccc(Cl)cc1)N(c1cc(Cl)cn(C3CC(O)(CO)C3)c1=O)C2=O,中毒,18.205946,11.513729,0.207895129,4.033490665
c1n[nH]nc1-c1cc2c(n1-c1csc(-c4ccc5sc(Cl)c(Cl)c5c4O)c1)C(c1ccc(Cl)cc1)N(c1ccS(=O)(=O)CC1)C3,高毒,593.0783,84.56108,,
c1n[nH]nc1-c1cc2c(n1N1CCOCC1)C(c1ccc(Cl)cc1)N(c1sc(Cl)c(Cl)c1)C2=O,中毒,16.137558,21.499628,0.397259706,4.037378041
c1n[nH]nc1-c1cc2c(n1-c1ccc(F)cc1F)C(c1ccc(F)cc1)N(c1cc(Cl)Cc4c(ssc3=O)c12)C3,高毒,593.0783,84.56108,,
c1n[nH]nc1-c1cc2c(n1-c1ccc(F)cc1F)c1c(c3cc(Cl)ccc3n1)C(c1ccc(Cl)cc1)N(c1cc(Cl)cn(C3CC(=O)O)c3=O)C1=O,高毒,593.0783,84.56108,,
c1n[nH]nc1-c1c(C2CC2)c(C2CC2)c(F)c(4c3c(nn24)COC4=O)c1OCCc1cc(-c2c(F)cccc2F)c(F)n1,高毒,593.0783,84.56108,,
c1n[nH]nc1-c1cc2c(n1-c1ccc(Cl)cc1F)C(c1ccc(Cl)cc1)N(c1cc(Cl)cn(C3CC(O)(CO)C3)c1=O)C2=O,中毒,12.488247,11.513729,0.22687237,4.043844886
c1n[nH]nc1-c1cc2c(n1-c1ccc(Cl)cc1)C(c1ccc(Cl)cc1)N(c1cc(Cl)cn(C3CC(O)(CO)C3)c1=O)C2=O,中毒,14.882899,11.513729,0.235038859,3.958725058
c1n[nH]nc1-c1nc2c(Br)c(N3CCN(c4nc5ncccc5[nH]4)CC3)cc2c2c1CCNC2,高毒,593.0783,84.56108,,
c1n[nH]nc1-c1nn2c(-c3cc4cc(N5CCOCC5)ccc4s3)nnc2s1,中毒,40.10347,22.763306,0.488312052,3.031966885
c1n[nH]nc1-c1cc2c(c(-c3ccsc3)c1)C(c1ccc(Cl)cc1)N(c1cc(Cl)c[nH]c1=O)C3=O,高毒,593.0783,84.56108,,
c1n[nH]nc1-c1cnc2c(c1)C(c1cccc(Cl)c1)N(c1cc(Cl)cn(C3CC(O)(CO)C3)c1=O)C2=O,中毒,52.723274,26.588243,0.354479945,3.886742619
c1n[nH]nc1-n1cc(-c2cnc3[nH]c(-c4cc5c(cn4)OCCO5)cc3c2)n1,高毒,593.0783,84.56108,,
c1n[nH]nc1-c1cc2c(n1-c1ccc(Cl)cc1)C(c1ccc(Cl)cc1)N(c1cc(Cl)cn(C3CC(O)(CO)C3)c1=O)C2=O,中毒,14.882899,11.513729,0.235038859,3.958725058
c1n[nH]nc1-c1cc2c(n1-c1ccc(Cl)cc1F)C(c1ccc(Cl)cc1)N(c1cc(Cl)cn(C3CC(O)(CO)C3)c1=O)C2=O,中毒,12.488247,11.513729,0.22687237,4.043844886
c1n[nH]nc1-c1cc2c(c(-c3c(Cl)cccc3Cl)c1)C(c1cccnc1)N(c1cc(Cl)cn(C3CC(O)(CO)C3)c1=O)C2=O,中毒,6.3808517,8.519041,0.222087234,3.984009039
c1n[nH]nc1-c1cc2c(c(-c3c(F)cccc3Cl)c1)C(c1ccc(Cl)cc1)N(c1cc(Cl)cn(C3CC(O)(c5ccc(Cl)c(Cl)c5)C4)c3=O)C(=O,高毒,593.0783,84.56108,,
c1n[nH]nc1-c1cc2c(cc1F)c(c(=O)c1c(=O)[nH]c(Nc3ccc(F)cc3)c1F)n2-c1ccc(N2CCN(CC(N)=O)C2N)nc1,高毒,593.0783,84.56108,,
c1n[nH]nc1-c1cc2c(c(-c3cc(-c4nccn4C(c6cc(F)c(F)c(F)c6)cc4F)c4nc5cnc(C(F)(F)F)cc5c34)CSC2)c1O,高毒,593.0783,84.56108,,
c1n[nH]nc1-c1cc2c(c(-c3ccc(Cl)c(Cl)c3)c1)C(c1ccc(Cl)cc1)N(c1cc(Cl)n[nH]1)C3=O,高毒,593.0783,84.56108,,
c1n[nH]nc1-c1Nc2ccsc2c(=O)n1,微毒,351.64017,29.18249,0.632409838,2.971079273
c1n[nH]nc1-c1cc2c(s1)-c1nc(N3CCOCC3)nnc1OC1CC(c3ccc(Cl)o3)=NC1c1ccc(-c4cnoc4)cc3C12,高毒,593.0783,84.56108,,
c1n[nH]nc1-c1cc2c(c(-c3c(F)cccc3Cl)c1)C(c1ccc(Cl)cc1)N1c3cc(Cl)c(Cl)cc3OC(c3cncn3C)C12,中毒,42.411648,20.116852,0.201300709,4.443168878
c1n[nH]nc1-c1cc2c(c(-c3cc(Cl)cc4ccoc34)c1)C(c1ccc(Cl)cc1)N(c1cc(Cl)cn(C3CC(O)(CO)C3)c1=O)C2=O,中毒,8.93265,13.447941,0.174771148,4.097807898
c1n[nH]nc1-c1cc2c(n1-c1ccc(F)cc1F)C(c1ccc(Cl)cc1)N(c1cc(Cl)cn(3Cc4cc(Cl)cc(Cl)c4)c4cc(Cl)cc5c4c(=O)c(C(,高毒,593.0783,84.56108,,
c1n[nH]nc1-c1cc2c(n1-c1ccc(F)cc1)C(c1ccc(Cl)cc1)N(c1ccc(Cl)cn1)C3c1ccc(Cl)cc3OCC18COCC3C12,高毒,593.0783,84.56108,,
c1n[nH]nc1-c1cc2n(c1-c1cc(Cl)ccc1Cl)C(c1ccc(Cl)cc1)N(c1cc(Cl)cn(C3CC(O)(CO)C3)c1=O)C2=O,中毒,19.951618,13.503714,0.203710654,4.123273404
c1n[nH]nc1-c1cc2c(cc1Cl)C(c1ccc(Cl)cc1Cl)C(c1ccc(Cl)cc1)N(c1cc(Cl)cn(C3CC(F)(F)CC3)c1=O)C2=O,中毒,25.443987,33.676407,0.194922217,4.432560309
c1n[nH]nc1-c1cc2c(c(-c3csc(NC4=NCCC5(COCC5)n4)c3)c1)C(c1cc(Cl)cc(Cl)c1)N(c1cc(Cl)cn(C6CF)c3)C(=O)C1C2,高毒,593.0783,84.56108,,
c1n[nH]nc1-c1c(Oc2ccc(Cl)cc2C(F)(F)F)c(F)cc(F)c1=O,高毒,593.0783,84.56108,,
c1n[nH]nc1-n1cc(-c2cnccn2)cP1(C2CCCC2)C1,高毒,593.0783,84.56108,,
c1n[nH]nc1-c1cc2c(n1-c1ccc(Cl)cc1F)c(1CCOCC1)C(c1ccc(Cl)cc1)N(c1cc(Cl)cn(C3CC(O)(CO)C3)c1=O)C2=O,高毒,593.0783,84.56108,,
c1n[nH]nc1-c1cc2c(n1O-c1ccc(Cl)c(Cl)c1)C(c1ccc(Cl)cc1)N(c1cc(Cl)sn1)C32,高毒,593.0783,84.56108,,
c1n[nH]nc1-c1cc2c(c(-c3c(Cl)cccc3Cl)c1)C(c1ccc(Cl)cc1)N(c1cc(Cl)cn(C3CC(O)(CO)C3)c1=O)C2=O,中毒,6.3808517,8.960914,0.182666877,3.916990494
c1n[nH]nc1-c1cc2n(3c1sc(=NC(=S)Nc1ccc(Br)cc3)c1c1CCC3)CSC2,高毒,593.0783,84.56108,,
c1n[nH]nc1-c1c(Br)cnn1-c1cccc2[nH]c(-c3ccnc(Cl)c3)c(-c3ccco3)c12,中毒,18.55275,20.01851,0.290918167,3.294309206
c1n[nH]nc1-c1cc2c(c(-c3c(F)cccc3Cl)c1)C(c1ccc(Cl)cc1Cl)N(c1cc(Cl)cn(C3CC(O)(CO)C3)c1=O)CC2,中毒,18.215044,16.862432,0.172177268,4.031210644
c1n[nH]nc1-c1cc2c(c(-c3cc(F)cc(C(F)(F)F)c3)c1)C(c1ccc4c(c1)OCC(F)(F)CO3)N(c1cc(Cl)cn(C3CC(O)(CO)C3),高毒,593.0783,84.56108,,
c1n[nH]nc1-c1cc2c(n1-c1ccc(F)cc1)C(c1ccc(Cl)cc1)N(c1cc(Cl)cn(C3CC(O)(CO)C3)c1=O)C2=O,中毒,14.882899,11.513729,0.252765996,3.961679667
c1n[nH]nc1-c1c[nH]c2cc(NC(=O)NC(c3cc(F)cc(F)c3)c3cc[nH]n3)cc12,高毒,593.0783,84.56108,,
c1n[nH]nc1-c1cc2c(n1-c1ccc(Cl)cc1)C(c1ccc(Cl)cc1)N(c2ccCl)c(OC1CC3CCC(C3)N1)C2,高毒,593.0783,84.56108,,
c1n[nH]nc1-c1cc2c(c(-c3ccc(F)cc3)c1)C(c1ccc(Cl)cc1)N(c1cc(Cl)cn(C3CC(O)(CO)C3)c1=O)C2=O,中毒,6.3808517,8.960914,0.225528973,3.817576037
c1n[nH]nc1-c1cc2c(c(-c3cc(Cl)ccc3Cl)c1)C(c1ccc(Cl)cc1)N(c1cc(Cl)cn(C3CC(O)(CO)C3)c1=O)C2=O,中毒,6.3808517,8.960914,0.182666877,3.903368516
c1n[nH]nc1-c1cc2c(n1-c1ccc(Cl)cc1F)C(c1ccc(Cl)cc1)N(c1cn(C(F)F)c(Cl)c1)C2c1ccc2c(c1)CCOC2,中毒,17.272402,21.28903,0.188728677,4.471179308
c1n[nH]nc1-c1cc2c(c(-c3c(I)cc(Cl)cc3Cl)c1)CCN(c1cc(Cl)cnc1Cl)C1C2,高毒,593.0783,84.56108,,
c1n[nH]nc1-c1cc2c(n1-c1cc(F)cc(F)c3)C(c3ccc(Cl)cc3)N(c3ccc(-c4cC(=O)Oc5ccccc5F)cc4)C3(C(=O)NC4CC4)C,高毒,593.0783,84.56108,,
c1n[nH]nc1-c1cc2c(n1-c1ccc(Cl)cc1)C(c1ccc(Cl)cc1Cl)N(c1cc(Cl)cn(C3CC(O)(CO)C3)c1=O)C2=O,中毒,15.540574,11.513729,0.207895129,4.034454267
c1n[nH]nc1-c1cn2c(-c3cn[nH]c3)c(C(O)(c3ccc(F)nc3)c3ccccc3)nc2c1,高毒,593.0783,84.56108,,
c1n[nH]nc1-c1cc2c(c(-c3nc(NC4(C4)CCC4)n1)CCN(c1nc4c(nc12)CCC(CF)(C4)C2(c2ccc(F)cc2)C2C(Cl)N(]=O)C(H,高毒,593.0783,84.56108,,
c1n[nH]nc1-n1c(-c2ccc(F)cc2)nc2c(I)c(-c3ccc(F)cc3)cc21,高毒,593.0783,84.56108,,
c1n[nH]nc1-c1cc2c(n1-c1ccc(Cl)cc1)C(c1ccc(Cl)cc1)N(c1cc(Cl)cn(C3CC(O)(CO)C3)c1=O)C2=O,中毒,14.882899,11.513729,0.235038859,3.958725058
c1n[nH]nc1-c1cc2c(c(-c3ccc4ncsc4c3)c1)C(c1ccc(Cl)cc1)N(c1ccCl)C(c1ccc(Cl)cc1)N(C=O)C3,高毒,593.0783,84.56108,,
c1n[nH]nc1-c1cc2c(n1-c1ccc(Cl)cc1F)C(c1ccc(Cl)cc1)N(c1cc(Cl)cn(C3CC(O)(CO)C3)c1=O)C2=O,中毒,12.488247,11.513729,0.22687237,4.043844886
c1n[nH]nc1-c1cc2c(n1-c1ccc(Cl)cc1F)C(c1ccc(Cl)cc1)N(c1ccCl)c1OCC3,高毒,593.0783,84.56108,,
c1n[nH]nc1-c1nc2c(c(-c3ccsc3)c1-c1ccncc1)C(c1ccc(Cl)cc1Cl)N(c1cc(Cl)cn(C3CC(O)(CO)C3)c1=O)C2=O,中毒,44.58338,12.110745,0.166550433,4.282379379
c1n[nH]nc1-c1noc(C2CCN(c3cnc4nonc4n3)CC2)c1=O,高毒,593.0783,84.56108,,
c1n[nH]nc1-c1cc2c(c(-c3ccsc3)c1)C(c1ccc(Cl)cc1Cl)N(c1ccc(Cl)cc1)C3,高毒,593.0783,84.56108,,
c1n[nH]nc1-c1cc2c(n1-c1ccc(F)cc1)C(c1ccc(Cl)cc1)N(c1cc(Cl)cn(C3CC(O)(CO)C3)c1=O)C2,中毒,19.24008,11.513729,0.249629138,3.986687836
c1n[nH]nc1-c1cc2c(n1-c3ccc(Cl)cc3)C(c3ccc(Cl)c(F)c3)C(c3ccc(Cl)cc3)N(c3ccc(I)cc3)C(=O)c3ccc(OC(F)F)cC,高毒,593.0783,84.56108,,
c1n[nH]nc1-c1cn1c2c(cc(C(F)(F)F)c1=O)C(c1ccc(Cl)cc1)N(c1cc(Cl)cn(C3CC(O)(CO)C3)c1=O)C2=O,高毒,593.0783,84.56108,,
c1n[nH]nc1-c1nc2c(c(-c3cnn(Cc4c(F)cc(F)cc4F)c3)c1=O)C(c1ccc(Cl)cc1F)N(c1cc(Cl)cn(C3CC(O)(CO)C3)c1=O),高毒,593.0783,84.56108,,
c1n[nH]nc1-c1cc2cc(-c3cnc5[nH]c(C6=CCNCC6)cc5c4)cnc3c2cn1,高毒,593.0783,84.56108,,
c1n[nH]nc1-c1cc2c(c(Oc3cccnc3)c1)C(c1ccc(Cl)cc1)N(c1cc(Cl)cn(C3CC(O)(CO)C3)c1=O)C2=O,中毒,13.782432,33.378986,0.229193002,3.910815858
c1n[nH]nc1-c1cc2c(c(-c3c(Cl)cccc3Cl)c1)C(c1ccc(Cl)cc1)N(c1cc(Cl)cn(C3CC(O)(5CC5CC5)c4)C3=O)c12,高毒,593.0783,84.56108,,
c1n[nH]nc1-c1coc(-c2cc(Nc3ccc4c(c3)-c3cccnc3Oc3ccncc3-4)nc3ccsc23)n1,中毒,34.787567,20.934618,0.256042299,3.433734841
c1n[nH]nc1-c1cc2c(c(-c3cn(Cc4ccc(Cl)c(Cl)c4)nn3)c1)C(c1ccc(Cl)cc1)N(c1cc(Cl)cn(C3CC(O)(CO)C3)c1=O)C2=O,中毒,15.809174,8.300397,0.161852042,4.126403478
c1n[nH]nc1-c1cc2c(n1-c1ccc(Cl)cc1)C(c1ccc(Cl)cc1)N(c1cc(Cl)cn(C3CC(O)(CO)C3)c1=O)C2=O,中毒,14.882899,11.513729,0.235038859,3.958725058
c1n[nH]nc1-c1c2c3c(nc2[N-c2ccc(Cl)cc2)C(c2ncc(Cl)c(Cl)c2Cl)(C2CCCN(C(=O)N2CCOCC2)C3)C(c2ccc(Cl)cc2)C(C(,高毒,593.0783,84.56108,,
c1n[nH]nc1-c1cc2c(c(-c3ccncc3)c1)C(c1ccc(Cl)cc1)N(c1cc(Cl)cn(C3CC(O)(CO)C3)c1=O)C2=O,中毒,6.3808517,8.960914,0.249435832,3.880707712
c1n[nH]nc1-c1nc2c(c(-c3cccc(Cl)c3Cl)n1)C(c1ccc(Cl)cc1)N(c1cc(Cl)cn(C3CC(O)(CO)C3)c1=O)C2,中毒,6.4269233,34.717995,0.204309055,4.079000354
c1n[nH]nc1-c1cc2cc(Oc3ccc(C4=C(c5n[nH]c6ncc(Cl)cc56)C(=O)NC5=O)cc4c(Br)c(Oc5ccc6c(c5)C(=O)NC6=O)cc4c,高毒,593.0783,84.56108,,
c1n[nH]nc1-c1cc2c(n1-c1ccc(Cl)cc1Cl)C(c1ccc(Cl)cc1)N(c1cc(Cl)cn(C3CC(O)(CO)C3)c1=O)C2=O,中毒,18.205946,11.513729,0.207895129,4.033490665
c1n[nH]nc1-c1cc2c(c(-c3c(Cl)cccc3Cl)c1)C(c1ccc(Cl)cc1)N(c1cc(Cl)cn(C3CC(O)(CO)C3)c1=O)C2=O,中毒,6.3808517,8.960914,0.182666877,3.916990494
c1n[nH]nc1-c1cc2c(c(2n1)CC(N1CCn4c(nnc4C4CCCO4)C2)CN(Cc2cccnC4)C1C3)C(F)(F)F,高毒,593.0783,84.56108,,
c1n[nH]nc1-c1cc2sc(-c3cnn(C4CCN4)c3)cc2c1OC1CCNCC1,高毒,593.0783,84.56108,,
c1n[nH]nc1-c1cc2c(c(-c3c3cccc(F)c3F)c1)C(c1ccc(Cl)cc1)N(c1cc(Cl)cn(C3CC(O)(CO)C3)c1=O)C2=O,高毒,593.0783,84.56108,,
c1n[nH]nc1-c1oc(C2CN(C(CO)c3scnc3Br)C2)c1-c1nc2c(c(=O)[nH]1)CN(C1CC1)CC2,高毒,593.0783,84.56108,,
c1n[nH]nc1-c1cc2c(n1-c1ccc(Cl)cc1F)C(c1ccc(Cl)cc1)N(c1cc(Cl)cn(C3CCC(=O)N3)c1=O)C2=O,中毒,17.272402,14.026334,0.256875105,4.30523117
c1n[nH]nc1-c1cnc2nnc(-c3c(F)cc(F)c(F)c3F)c2c1,高毒,593.0783,84.56108,,
c1n[nH]nc1-c1cc2nc(-c3ccc(Br)o3)n(C3CCC(N4CCC(c5noc6cc(F)ccc67)CC5)C4)c3c2c1,高毒,593.0783,84.56108,,
c1n[nH]nc1-c1cc2c(n1-c1ccc(F)cc1F)C(c1ccc(Cl)cc1)N(c1nc(Cl)c3c(occ13)CCO3)C2,高毒,593.0783,84.56108,,
c1n[nH]nc1-c1cc2c(c(-c3ccc(Br)cc3)c1)c(N1CCOCC1)C(c1ccc(Cl)cc1)N(c1cc(Cl)cn(C3CC(O)(CO)C3)c1=O)C2=O,高毒,593.0783,84.56108,,
c1n[nH]nc1-c1cc2c(c(-c3cn[nH]c3)c1)C(c1ccc(Cl)cc1)N(c1cc(Cl)cn(C3CC(O)(CO)C3)c1=O)C2=O,低毒,6.3808517,10.425424,0.227357742,4.032704772
c1n[nH]nc1-c1nc2c(c(-c3cccs3)c1Cl)C(c1ccc(Cl)cc1)Oc1cc1c(cc1#N)N(c1ccc(Cl)cc3Cl)C(c2ccc(Cl)cc1)C2,高毒,593.0783,84.56108,,
c1n[nH]nc1-c1c(-c2nc3cnc(NC4CCN(S(=O)(=O)CCF)CC4)cc3n2C2CC2)cc2sc(-c3cnn(C(F)(F)F)c3)cc12,高毒,593.0783,84.56108,,
c1n[nH]nc1-c1cc2c(n1-c1ccc(Cl)cc1Cl)C(c1ccc(Cl)cc1)N(c1cc(Cl)cn(C3CC(O)(CO)C3)c1=O)C2=O,中毒,18.205946,11.513729,0.207895129,4.033490665
c1n[nH]nc1-n1c(C2CC2)c(Cl)c2cc(c(-c3cc(S(=O)(=O)Nc4noc(Cl)c4Br)c4cncc(F)c45)ccc3c2=O)Cc2c(-c3cncnc3)c,高毒,593.0783,84.56108,,
c1n[nH]nc1-c1cc2c(c(-c3cccc(Cn4ccc5cc(F)cc(F)c5c4=O)c3)c1C1CN=C(Nc3ccon3)C1)N=N2,中毒,46.012154,17.914152,0.227217926,4.37273832
c1n[nH]nc1-n1c(-c2ccc(Cl)s2)cc2cnc(NOCc3ccncc3)nc21,中毒,45.88264,14.580698,0.398388361,3.316734689
c1n[nH]nc1-c1cc2c(c(C3(c4noc(-c5cnoc5)c5nnc(-c6ccc(F)nc6F)c5c4)CCC5)nn23)c1,高毒,593.0783,84.56108,,
c1n[nH]nc1-c1cc2c(c(-c3c(Cl)cccc3Cl)c1)c(C1CC1)CC(c1ccc(Cl)cc1)N(c1cc(Cl)cn(C3CC(O)(CO)C3)c1=O)C2=O,高毒,593.0783,84.56108,,
c1n[nH]nc1-c1cc2c(n1-c1ccc(Cl)cc1)C(c1ccc(Cl)cc1)N(c1cc(Cl)cn(C3CC(O)(CO)C3)c1=O)C2=O,中毒,14.882899,11.513729,0.235038859,3.958725058
c1n[nH]nc1-c1cc2n(c1-c1cc(F)c(F)cc1Cl)C(c1ccc(Cl)cc1)N(c1ccc(Cl)cc1)C3c1ccc(C(F)(F)F)cc3S(=O)(=O)C3(C,高毒,593.0783,84.56108,,
c1n[nH]nc1-c1nc2c(c(-c3cscc3CN3CCN(C4CCN(c5cn(-c6cccnc6)nn5)CC4)CC4)c3c(F)ccc(F)c32)c1,高毒,593.0783,84.56108,,
c1n[nH]nc1-c1csc(Nc2nnc3c(Cl)c(CO)c(-c4cccc(OCc5c(-c6nnc[nH]6)cccc6Cl)c5c4)n3)c12,高毒,593.0783,84.56108,,
c1n[nH]nc1-c1cc2c(n1-c1ccc(Cl)cc1F)C(c1ccc(Cl)cc1)N(c1ccCl)C1=C(C1=O)N2,高毒,593.0783,84.56108,,
c1n[nH]nc1-n1cc2nc(Nc3cccc(O)c3F)cc(-c3ccco3)c2c1=O,高毒,593.0783,84.56108,,
c1n[nH]nc1-c1cc2c(c(-c3c(Cl)cccc3Cl)c1)C(c1ccc(Cl)cc1)N(c1cc(Cl)cn(C3CC(O)(CO)C3)c1=O)C2=O,中毒,6.3808517,8.960914,0.182666877,3.916990494
c1n[nH]nc1-c1cc2c(c(-c3c(Cl)cc(F)cc3Cl)c1)C(c1ccc(Cl)cc1)N(c1cc(Cl)cn(C3CC(O)(CO)C3)c1=O)C2=O,中毒,6.3808517,8.960914,0.17785186,4.00920808
c1n[nH]nc1-c1cc2c(n1-c1ccc(Cl)cc1Cl)C(c1ccc(Cl)cc1)N(c1cc(Cl)cn(C3CC(O)C(O)C3O)c1=O)C2=O,中毒,18.205946,11.513729,0.20711043,4.693427616
c1n[nH]nc1-c1nc2c(cc1-c1noc(-c3c(Cl)cccc3Cl)n3nc(-c4cnc(Cl)F)cc4c2=O)C(O)C(N)C1,高毒,593.0783,84.56108,,
c1n[nH]nc1-c1nc2c(n1-c1ccc(F)cc1)C(c1ccc(Cl)cc1)N(c1cc(Cl)cn(C3CC(O)(CO)C3)c1=O)C2=O,中毒,23.043425,34.717995,0.259280836,3.988042286
c1n[nH]nc1-c1cc2c(c(N-c3coc(C(F)(F)F)c3)n1)C(c1ccc(Cl)cc1)N(c1ccCl)C(c1ccc(Cl)cc1)C3,高毒,593.0783,84.56108,,
c1n[nH]nc1-c1nc2c(c(=O)Nc3c(F)cccc3F)nc(-c3cc(Cl)c(OC4CCN(S(=O)(=O)c6ccc(F)cn6)CC5)cc4)c12,高毒,593.0783,84.56108,,
c1n[nH]nc1-c1c(-c2ccc(O)cc2F)c(C2COc3cc(-c4nc(N5C6CC(C5)OC66)ncn5)cc(F)c4c3F)c(F)c2N1,高毒,593.0783,84.56108,,
c1n[nH]nc1-c1cc2c(n1-c1ccc(F)cc1)C(Cc1ccc(Cl)cc1)-c1cc(N1CC(O)C(O)C3O)c(Cl)cc1CC2,高毒,593.0783,84.56108,,
c1n[nH]nc1-c1cc2c(c(-c3cscn3)c1=O)Cc1cc(NC(=O)c4cc5c(cn4)COC5)c(F)cc3nc1-2,高毒,593.0783,84.56108,,
c1n[nH]nc1-c1cc2c(c(-c3c(Cl)cccc3Cl)c1)C(c1ccc(Cl)cc1)N(c1cc(Cl)cn(C3CC(O)(CO)C3)c1=O)C2=O,中毒,6.3808517,8.960914,0.182666877,3.916990494
c1n[nH]nc1-n1c(-c2ccoc2)nc2nc(-c3ccnc(-c4ccsc4)c3)c(-c3ccc(F)cc3)c(=O)c2c1=N-c1ccc(N2CCC(O)CC2)nc1,高毒,593.0783,84.56108,,
c1n[nH]nc1-c1cc2n(c1=O)c(c1cc(Cl)ccc1Cl)C(c1ccc(Cl)cc1)N(c1cc(Cl)cn(C3CC(O)C(O)C3)=O)c1=O,高毒,593.0783,84.56108,,
c1n[nH]nc1-c1cc2c(n1-c1ccc(Cl)cc1Cl)C(c1ccc(Cl)cc1)N(c1cc(S(=O)(=O)N3CCOCC3)c(C(=O)N4CCCCC4)C3)C(C2)C,高毒,593.0783,84.56108,,
c1n[nH]nc1-c1cc2c(n1-c1ccc(Cl)cc1)C(c1ccc(Cl)cc1)N(c1cc(Cl)cn(C3CC(O)(CO)C3)c1=O)C2=O,中毒,14.882899,11.513729,0.235038859,3.958725058
c1n[nH]nc1N=C1N(Cc2c[nH]nc2N2CCOCC2)C2CCC(Cc3noc4cc(F)c(F)cc34)C3CCC1(C2)C3,中毒,15.523818,46.334568,0.342726317,6.429777736
c1n[nH]nc1-c1cc2c(c(-c3cc(Cl)cc(Cl)c3)c1)C(c1nnc(OCc4ccc(F)cc4)c(OCC4CC4)c13)C(c1ccc(Cl)cc3)N(C4CC2)C,高毒,593.0783,84.56108,,
c1n[nH]nc1-c1cc2c(c(-c3cnc4ccccc4c3)c1)C(c1ccc(Cl)cc1)N(c1cc(Cl)cn(C3CC(O)(CO)C3)c1=O)C2=O,中毒,6.3808517,8.960914,0.199660079,3.921529788
c1n[nH]nc1-c1nc2nc(S3CC(O)(CO)C3)nc(Br)c2c1O,高毒,593.0783,84.56108,,
c1n[nH]nc1-c1cc2c(c(-c3c(Cl)cccc3Cl)c1)C(c1ccc(Cl)cc1)N(c1cc(Cl)cn(C3CC(O)(CO)C3)c1=O)C2=O,中毒,6.3808517,8.960914,0.182666877,3.916990494
c1n[nH]nc1-c1cc2c(c(-c3c(Cl)cccc3Cl)c1)C(c1ccc(Cl)cc1)N(c1cc(Cl)cn(C3CC(O)(CO)C3)c1=S)C2=O,中毒,6.3808517,25.99131,0.154844946,4.008597088
c1n[nH]nc1-c1nc2c(c(-c3cn[nH]c31)C1CCOC(COC2CCOC4(CCCC4)C2)C3)n1,高毒,593.0783,84.56108,,
c1n[nH]nc1-c1cc2nc(Cl)c(-c3ccc4c(n3)n(-c3ccc(F)cc3)c(=O)c4nc(Br)cn34)c2cc1F,高毒,593.0783,84.56108,,
c1n[nH]nc1-c1c(-c2cccc([N+](=O)[O-])c2)sc2ncc(-c3c(Cl)cc(Cl)cc3Cl)c(2)c1=O,高毒,593.0783,84.56108,,
c1n[nH]nc1-c1cc2c(c(-c3c(F)cccc3Cl)c1)C(c1ccc(Cl)cc1)N(CO1CC(Oc3ncc(Cl)nc3-c3ccnc4cc(Cl)ccc45)CC3)c12,高毒,593.0783,84.56108,,
c1n[nH]nc1-c1cc2c((s1)c1ccc(Cl)cc12)C(c1ccccc1F)N(c2cc(Cl)cn(C3CC(O)(CO)C3)c1=O)C2=O,高毒,593.0783,84.56108,,
c1n[nH]nc1-c1nc2c3c(c(F)cc2cc1-c1ccsc1)CCN(Cc1csc(-c2cccnn2)n1)C3,中毒,11.569791,18.5013,0.323056495,3.419459043
c1n[nH]nc1-c1cc2c(n1-c1cc(Cl)ccc1Cl)C(c1ccc(Cl)cn1)N(c1cc(Cl)cn(C3(C)CO)c1)C2=O,高毒,593.0783,84.56108,,
c1n[nH]nc1-c1nc2c(-c3cc4cc[nH]c4c(F)c3F)ncnc2c(N3C2CC(O)C2)c1-c1ccc(F)cn1,高毒,593.0783,84.56108,,
c1n[nH]nc1-c1cc2c(c(-c3cn(-c4ccccc4Nc4ccccn4)n3)C1)CN(CC1(Oc3ccc(F)cc3F)CC1)C2,高毒,593.0783,84.56108,,
c1n[nH]nc1-c1cc2c(-c3cc4cccc(Cl)c4c(=O)n3CCc3ccncc3)c[nH]c2c1,高毒,593.0783,84.56108,,
c1n[nH]nc1-c1cc2c(n1-c1ccc(Cl)cc1F)C(c1ccc(Cl)cc1)N(c1cc(Cl)cn(C3CS(=O)(=O)C3)c1=O)C2=O,中毒,17.272402,14.026334,0.275369103,3.96399577
c1n[nH]nc1-c1cc2c(nc1-c1ccc(Cl)cc1F)C(c1ccc(Cl)cc1)N(c1cc(Cl)cn(C3CC(O)(CO)C3)c1=O)C2=O,中毒,13.216523,14.418226,0.21437153,4.022408077
c1n[nH]nc1-c1cc2c(Oc3ccc(-c4ncc(C5CC5)cn4)cc3)c(C3CCNCC3)ccc2c1,高毒,593.0783,84.56108,,
c1n[nH]nc1-c1cc2c(n1-c1ccc(F)cc1F)C(c1ccc(Cl)cc1F)N(c1ccsc1)C2c1ccc(N2CCN(C(CO)C(N)=O)CC2)cc1,中毒,15.763229,19.356245,0.164761666,4.56586033
c1n[nH]nc1-c1cc2c(n1-c1cc(F)c(F)c(Cl)c1)C(c1ccc(Cl)cc1)N(c1cc(Cl)cn(C3CC(O)(CO)C3)c1=O)C2=O,中毒,14.882899,11.513729,0.205213556,4.190104894
c1n[nH]nc1-c1nc2c(s1)CN(c1cccc(Nc3ncnc(N4CCOCC4)c3Br)c1F)C2,中毒,14.451652,30.823465,0.38882796,3.378799246
c1n[nH]nc12-c1ccc(OCc2cn(C3CC=C(O)C(OCCO)C3)c3nnnn23)cc1,高毒,593.0783,84.56108,,
c1n[nH]nc1-c1cc2c(n1-c1ccc(F)cc1F)C(c1ccc(Cl)cn1)N(c1cc(Cl)cn(C3CC(O)(CO)C3)c1=O)C2,中毒,28.629448,12.110745,0.252320672,4.211370449
c1n[nH]nc1-c1cc2c(c(-c3c(Cl)cccc3Cl)c1)N(c1cc(Cl)cn(C3CC(O)(CO)C3)c1=O)C2,中毒,18.619787,18.206211,0.327447102,3.456984528
c1n[nH]nc1-c1cc2c(n1-c1ccc(Cl)cc1)c1nc(-c3cn[nH]c3)c3c(c1-c1ccc(CP(=O)(O)O)cc1)C(c1ccc(Cl)cc1)N(c1cc,高毒,593.0783,84.56108,,
c1n[nH]nc1-c1cc2c(n1-c1ccc(F)cc1F)C(c1ccc(Cl)cc1)N(c1ccCl)C(c1ccccc1)N(C(=O)c1c5c(n([O-])c(=O)[nH]c3,高毒,593.0783,84.56108,,
c1n[nH]nc1-c1cc2c(c(-c3c(Cl)cccc3Cl)c1)C(c1cccc(Cl)c1,高毒,593.0783,84.56108,,
c1n[nH]nc1-c1cc2c(c(-c3c(Cl)cccc3Cl)c1)C(c1ccc(Cl)cc1)N(c1cc(Cl)cn(C3CC(O)(CO)C3)c1=O)C2=O,中毒,6.3808517,8.960914,0.182666877,3.916990494
c1n[nH]nc1-c1cc2c(c(-c3ccncc3)c1)C(c1ccc(Cl)cc1)N(c1cc(Cl)cn(C3CC(F)(F)C3)c1=O)C2=O,低毒,6.958889,9.91435,0.240010138,3.84487995
c1n[nH]nc1-c1cc2c(n1Cc1ccc(Cl)cc1Cl)C(c1ccc(Cl)cc1)N(c1cc(Cl)cn(C3CC(O)(CO)C3)c1=O)C2=O,中毒,6.6767583,13.16881,0.195587864,4.03764434
c1n[nH]nc1-c1cc2c(c(-c3cc(OCCN4CCC(F)(c5ccnn5C5CC5)c4)C(c4ccc(Cl)cc4)C3)c1)(C(F)(F)F)C(F)(F)F,高毒,593.0783,84.56108,,
c1n[nH]nc1-c1cc2c(n1-c1cc(Cl)cc(Cl)c1)C(c1ccc(Cl)cc1)N(c1cc(Cl)cn(C3CC(O)(CO)C3)c1=O)C2=O,中毒,14.882899,11.513729,0.207895129,4.073964211
c1n[nH]nc1-c1cc2c(n1-c1ccc(Cl)cc1)C(c1cccc(Cl)c1)N(c1cc(Cl)cn(C3CC(O)(CO)C3)c(=O)c1=O)C2,中毒,19.24008,11.513729,0.222608096,4.102533233
c1n[nH]nc1-c1cc2c(c(-c3c(Cl)cccc3Cl)c1)C(c1ccc(Cl)cc1)N(c1cc(Cl)cn(C3CC(O)(CO)C3)c1=O)C2=O,中毒,6.3808517,8.960914,0.182666877,3.916990494
c1n[nH]nc1-c1cc2c(n1-c1ccc(Cl)cc1)C(c1ccc(Cl)cc1)N(c1cc(Cl)cn(C3CC(O)(CO)C3)c1=O)C2=O,中毒,14.882899,11.513729,0.235038859,3.958725058
c1n[nH]nc1-c1csc(C2OC(c31ccc(Cl)cc3)C(c3ccc(Cl)cc4F)NC34CCC4(O3)C2C(O)C(O)C5O)c1,高毒,593.0783,84.56108,,
c1n[nH]nc1-c1cc2c(c(-c3c4[nH]c5ccccc5c4c1=O)C(c1ccc(Cl)cc1)N(c1nc(Cl)cn(CC4C(F)(F)C(F)(F)C4)c1=O)C4),高毒,593.0783,84.56108,,
c1n[nH]nc1-c1cc2c(c(-c3c(Cl)cccc3Cl)c1)C(c1ccc(Cl)cc1)N(c1cc(Cl)cn(C3CC(O)(CO)C3)c1=O)C2,中毒,9.036046,9.912456,0.17851774,3.962354325
c1n[nH]nc1-c1cc2c(n1-c1cn(Cc3ccc(Cl)cc3CO)c(=O)c3cc(F)c(NC4C5CC6CC5CC(C6)C5)c(Cl)c4CC3)c3[nH]c4c(c3c,高毒,593.0783,84.56108,,
c1n[nH]nc1-c1nc(-c2ccc3c(c2)OCCO3)cc1-c1cccN(C(=O)c2sc3nccs3)c(-c3ccncc3)c2c1,高毒,593.0783,84.56108,,
c1n[nH]nc1-c1nc2c(c(-c3ccsc3)c1C(c1ccc(Cl)cc1)N(c1cc(Cl)cn(C3CC(O)(CO)C3)c1=O)c1=O)C(c1ccc(Cl)cc1F)N(,高毒,593.0783,84.56108,,
c1n[nH]nc1-c1cc2c(n1-c1ccc(Cl)cc1)C(c1ccc(Cl)cc1)N(c1cc(Cl)cn(C3CC(O)(CO)C3)c1=O)C2=O,中毒,14.882899,11.513729,0.235038859,3.958725058
c1n[nH]nc1-c1cc2c(n1-c3ccc(Br)cc3)C(c3cnc4cc(-c5cnn(C6CCOCC6)c5)ccc45)nc(-c4cncc(Cl)c4)c3C(=C1c1ccc(,高毒,593.0783,84.56108,,
c1n[nH]nc1-c1cc2c(n1-c1ccc(F)cc1F)C(c1ccc(Cl)cc1)N(c1cc(Cl)c(=O)n(C3CCOCC3)c1=O)C2,高毒,593.0783,84.56108,,
c1n[nH]nc1-c1cc2c(c(-c3cn(C4CC5CC5C(O)C4CO)c(=O)c3F)c1)C(c1ccc(Cl)cc1)N(c1cc(Cl)cn(C3CC(O)(CO)C3)C1=,高毒,593.0783,84.56108,,
c1n[nH]nc1-c1cc2c(c(-c3cn[nH]c3)c1)C(c1ccc(Cl)cc1)N(c1cc(Cl)cn(C3CC(O)(CO)C3)c1=N)C2,中毒,9.036046,15.055007,0.195767071,4.199592868
c1n[nH]nc1-c1cc2c(c(-c3cc(F)c(F)cc3F)c1)C(c1ccc(Cl)cc1)N(c1cc(Cl)c=O)c(=O)c3sc(F)c(c13)C2,高毒,593.0783,84.56108,,
c1n[nH]nc1-c1cc2n(c1-c1ccc(Cl)cc1F)C(N1CC3CCC(C3)C1)=N(c1cc(Cl)cn(C3CC(O)(CO)C3)c1=O)C2=O,高毒,593.0783,84.56108,,
c1n[nH]nc1-c1cc2c(n1-c1ccc(Cl)cc1F)C(c1ccc(Cl)cc1)N3,高毒,593.0783,84.56108,,
c1n[nH]nc1-c1cc2c(c(-c3ccc(Cl)c(OCc4c(Cl)cccc4Cl)c3)c1)C(c1ccc(Cl)cc1)N(c1oc3cc(Cl)c(Cl)cc3c1=O)C3,高毒,593.0783,84.56108,,
c1n[nH]nc1-c1cc2c(n1-c1ccc(F)cc1F)Csc1c(C#CC3CC3)c(c3cc(Cl)c4c(c3c1)CCN(Cc5ccc(F)cn5)C5C3)C(=O)C12,高毒,593.0783,84.56108,,
c1n[nH]nc1-c1-c1c(-c2cccs2)nc(SC2CC2)nc1-c1ccsc1,高毒,593.0783,84.56108,,
c1n[nH]nc1-c1c[nH]c2ncnc(-c3c(Cl)cc(c(F)c3O)c3=O)c12,高毒,593.0783,84.56108,,
c1n[nH]nc1-c1cc2c(c(-c3ccc(Br)cc3)c1)C(c1ccc(Cl)cc1)N(c1cc(Cl)cn(C3CC(O)(CO)C3)c1=O)C2=O,中毒,6.3808517,8.960914,0.19539809,3.844644151
c1n[nH]nc1-c1cc2c(n1-c1ccc(Cl)cc1s1)C(c1ccc(Cl)cc1)N(c1cc(C(F)(F)F)cc(C(F)(F)F)c1)C14CCC(O)(C(=O)O)C,高毒,593.0783,84.56108,,
c1n[nH]nc1-c1cc2c(-c3ccc(F)c(Cl)c3)ncnc2c(N2CCC(N3CCC(O)C3)CC2)c1CN1C(=O)OC(c2cc)(C#N)C(C(O)(c4ccc(,高毒,593.0783,84.56108,,
c1n[nH]nc1-c1cc2c(n1-c1ccc(F)cc1)Sc1cc(Cl)c(C#Cc3ccc(OC4(Cn5cncn5)(c6ccc(F)cn6)OC5)cc4F)cc3c1,高毒,593.0783,84.56108,,
c1n[nH]nc1-c1cc2c(n1-c1ccc(Br)cc1)C(c1ccc(Cl)cc1Cl)N(c1cc(Cl)c(=O)n(C4CC(O)C(O)C4)c1=O)C2=O,高毒,593.0783,84.56108,,
c1n[nH]nc1-c1cc2c(c(-c3ccnc(NC(=O)N5CCCN(C(=O)c6c(F)cccc6Cl)c5)CC4)c3c1c1c(c4ccsc4n2)COC3)n1,高毒,593.0783,84.56108,,
c1n[nH]nc1-c1cc2c(s1)-c1c(nc(Nc3ccco3)C3(CC3)C1)N(c1ccc(Cl)cc1)C3c1ccc(Cl)cc1OCC3,高毒,593.0783,84.56108,,
c1n[nH]nc1-c1cc2c(n1-c1ccc(F)cc1)C(c1ccc(Cl)cc1)N(c1cc(Cl)cn(C3CC(O)C(O)C3)c1=O)C2=O,中毒,14.882899,11.513729,0.261665097,4.34441154
c1n[nH]nc1-c1cc2c(c(-c3c(F)cccc3Cl)c1)OC(c1ccc(Cl)cc1)=C(c1ccc(Cl)cc3)C1c1ccc(C#N)cc1-c1cc1cc(Cl)ccc1-,高毒,593.0783,84.56108,,
c1n[nH]nc1-c1c(Nc2ccc(F)cc2[N+](=O)[O-])c(Cl)c(Cl)c2c(S(=O)(=O)Nc3cnnn3C3CC3)c(Cl)c(Cl)cc12,中毒,89.14683,14.604695,0.118850098,3.715690534
c1n[nH]nc1-c1cc2c(c(-c3c(F)cccc3F)c1)C(c1cccc(Cl)c1)N(c1cc(Cl)cn(C3CC(O)(CO)C3)c1=O)C2=O,中毒,6.3808517,8.960914,0.216988584,3.954658626
c1n[nH]nc1-c1cc2c(n1-c1ccc(Cl)cc1F)C(c1ccc(Cl)cc1)N(c1cc(Cl)cn(C3CC(O)(CO)C3)c1=O)C2=O,中毒,12.488247,11.513729,0.22687237,4.043844886
c1n[nH]nc1-c1cc2c(n1-c1ccc(Cl)c(Cl)c1)C(c1ccc(Cl)cc1)N(c1cc(Cl)cn(C3CC(O)C3)c1=O)C2=O,中毒,31.338547,11.513729,0.228222975,3.876328231
c1n[nH]nc1-c1nc2c(c(-c3ccc(-c4csc(-c5cscn5)c4)c3)nc3cc(-c4cnc[nH]4)ccs23)c1C(F)(F)F,高毒,593.0783,84.56108,,
c1n[nH]nc1-c1cc2c(c(-c3c(Cl)cccc3Cl)c1)C(c1ccc(Cl)cc1)N(c1cc(Cl)cn(C3CC4C(=O)N(c5ccccn5)C(=O)C4)c3=O)C,高毒,593.0783,84.56108,,
c1n[nH]nc1-c1csc(-c2sc3cc(F)ccc3c2Cl)c1=O,高毒,593.0783,84.56108,,
c1n[nH]nc1-c1cc2c(c(-c3c(Cl)cccc3Cl)n1)C1(CCN(Cc4cn(-c5cnnn5)nn4)CC3)CC1c1c2cc[nH]c1-c1ccc(F)cc12,高毒,593.0783,84.56108,,
c1n[nH]nc1-c1cc2c(n1-c1nc3c(c1C(N)=O)C(c1ccsc1)N(c1cc(Cl)cn(C5CC(O)(CO)C5)c1=O)C3)C(O)CC(CF)C3,高毒,593.0783,84.56108,,
c1n[nH]nc1-c1cc2c(c(-c3csc(C4CN5CC(F)C5C5)c3F)c12)C(c1ccc(Cl)cc1)N(c1cc(Cl)cn(C3CC(O)(CO)C3)c1=O)C2,高毒,593.0783,84.56108,,
c1n[nH]nc1-c1cc2c(n1-c1ccc(Cl)cc1)C(c1ccc(Cl)cc1)N(c1cc(Cl)cn(C3CC(O)(CO)C3)c1=O)C2=O,中毒,14.882899,11.513729,0.235038859,3.958725058
c1n[nH]nc1-c1nn2c(C3NCC(c4ccc5ocnc5c4)C3)nc(Cl)c2c1F,高毒,593.0783,84.56108,,
c1n[nH]nc1-c1nc2c(s1)-c1nc(Nc3cn[nH]c3)ncc1C(c1cc(Cl)ccc11)N(c1cnn(C(F)F)c3)C1,高毒,593.0783,84.56108,,
c1n[nH]nc1-c1cc2c(n1-c1ccc(Cl)cc1F)C(c1ccc(Cl)cc1)N(c1cc(Cl)cn(C3CCOC3)c1=O)C2=O,中毒,17.272402,13.466203,0.249628657,4.145544088
c1n[nH]nc1-c1cc2c(n1-c1ccc(F)cc1F)C(c1ccc(Cl)cc1)N(c1cc(Cl)cn(C3CC(O)(CO)C3)c1=O)C2=O,中毒,12.488247,11.513729,0.244621212,4.0385462
c1n[nH]nc1-c1cc2c(c(-c3c(Cl)cccc3Cl)c1)C(c1ccccc1)N(c1cc(Cl)cn(C3CC(O)(CO)C3)c1=O)C2=O,中毒,6.3808517,8.960914,0.205435647,3.875633853
c1n[nH]nc1-c1cc2c(c(-c3c(Cl)cccc3Cl)c1)C(c1cccnc1)N(c1cc(Cl)cn(C3CC(O)C(O)C3)c1=O)C2=O,中毒,6.3808517,8.519041,0.229926509,4.367647544
c1n[nH]nc1-c1cc2c(n1-c1ccc(F)cc1Cl)C(c1ccc(Cl)cc1)N(c1cc(Cl)cn(C3CC(O)(CO)C3)c1=O)C2=O,中毒,18.205946,11.513729,0.22687237,4.046410365
c1n[nH]nc1-c1cc2c(c(-c3c(Cl)cncc3Cl)c1)C(c1ccc(Cl)cc1)N(c1cc(Cl)cn(C3CC(O)(CO)C3)c1=O)C2=O,中毒,6.3808517,8.960914,0.1962146,4.042055329
c1n[nH]nc1-c1cc2c([nH]c3c1-c1ccccc1C2(O)C(F)(F)F)C(c1ccc(Cl)cc1)N(c1cc(Cl)cn(C3CC(O)(CO)C3)c1=O)C2=O,高毒,593.0783,84.56108,,
c1n[nH]nc1-c1cc2c(c(-c3cc(F)c(Cl)cc3Cl)c1)C(c1ccc(Cl)cc1)N(c1cc(Cl)cn(C3CC(O)(CO)C3)c1=O)C2=O,中毒,6.3808517,8.960914,0.166373365,3.993534883
c1n[nH]nc1-c1cc2c(n1-c1ccc(Cl)cc1F)C(c1ccc(Cl)cc1)N(c1cc(Cl)cn(C3CC(O)(CO)C3)c1=O)C2=O,中毒,12.488247,11.513729,0.22687237,4.043844886
c1n[nH]nc1-c1c[nH]c(Oc2ccc(Nc3ncnc4ccoc34)cc2)c1=O,高毒,593.0783,84.56108,,
c1n[nH]nc1-c1cc2c(c(-c3ccCl)cP2(c2ccc(F)cc2)N(c2cc(Cl)cn(C4CC(O)(CO)C4)c2=O)C13C(=O)N(Cc1ccc(Cl)s1)C1,高毒,593.0783,84.56108,,
c1n[nH]nc1-c1cc2c(cn1)c(N1CCC(OCc3cccc(Cl)c3Cl)CC1)nc1cc(S(=O)(=O)Nc4ccon4)c(Cl)cc21,中毒,36.553444,9.956799,0.169836143,3.433462098
c1n[nH]nc1-c1cc2c(n1-c1ccC(Cl)cc1)C(c1ccc(Cl)cc1)N(c1cc(Cl)cn(C3CC(O)(CO)C3)c1=O)C2=O,高毒,593.0783,84.56108,,
c1n[nH]nc1-c1cc2c(c(-c3ccc(C(F)(F)F)cc3)c1)C(c1ccc(Cl)cc1)N(c1cc(Cl)cn(C3CC(O)(CO)C3O)c1=O)C2=O,中毒,7.8529835,8.960914,0.185888215,4.629836238
c1n[nH]nc1-n1cc2c(n1)CNC(c1cccnc1)(c1ccc(Cl)cc1)c1ccC3c(c12)-c1c(ss1)CC3c1ccc(F)cc1F,高毒,593.0783,84.56108,,
c1n[nH]nc1-c1cc2c(c(-c3cccc(Br)c3)c1)C(c1ccc(Cl)cc1)N(c1cc(Cl)cn(C3CC(O)(CO)C3)c1=O)C2=O,中毒,8.93265,8.960914,0.19539809,3.874131992
c1n[nH]nc1-c1cc2c(c(-c3c(Cl)cccc3Cl)c1)C(c1ccc(Cl)cc1)N(c1cc(Cl)cn(C3CC(O)(CO)C3)c1=O)C2=O,中毒,6.3808517,8.960914,0.182666877,3.916990494
c1n[nH]nc1-c1cc2[nH]c(-c3cnc(Nc4cccnc4)nc3)nc(N3CCC(Oc4ccc(COC5COC6OC(CO)C(O)C6O)(C(F)(F)F)CC5)c4),高毒,593.0783,84.56108,,
c1n[nH]nc1-c1cc2n(c(=O)c1C1CCOCC1)CN(c1cc(-c3ccc4[nH]ncc4c3)c(Cl)c1)C(c1ccc(Cl)cc1)N(c1ccc(Cl)c(C(=O),高毒,593.0783,84.56108,,
c1n[nH]nc1-c1cc2n(c1-c1ccc(Cl)cc1)C(c1ccc(Cl)cc1)N(c1cc(Cl)cn(c1=O)C3)C2=O,高毒,593.0783,84.56108,,
c1n[nH]nc1-c1nc2c(c(-c3ccc4ccccc4n3)c1)C(c1cccs1)N(c1cc(Cl)cn(C3CC(O)(CO)C3)c1=O)C2=O,中毒,45.389744,12.110745,0.236447562,4.058058294
c1n[nH]nc1-c1cc2cc(-c3ccnn3Cc3ncc[nH]3)ccc2c1,高毒,593.0783,84.56108,,
c1n[nH]nc1P(c1ccccn1)(c1ccccc1)c1ccccc1,微毒,43.86065,49.984077,0.577089806,3.722888573
c1n[nH]nc1-c1cc2c(c(-c3ccc(Cl)cc3)c1)C(c1ccc(Cl)cc1)N(c1cc(Cl)cn(C3CC(O)(CO)C3)c1=O)C2=O,中毒,6.3808517,8.960914,0.205435647,3.81469291
c1n[nH]nc1-c1cc2c(c(-c3c(Cl)cccc3Cl)c1)C(c1ccc(Cl)cc1)N(c1cc(Cl)cn(C3CC(O)(CO)C3)c1=O)C2=O,中毒,6.3808517,8.960914,0.182666877,3.916990494
c1n[nH]nc1-c1cc2c(n1-c1ccc(Cl)cc1)C(c1ccc(Cl)cc1)N(c1cc,高毒,593.0783,84.56108,,
c1n[nH]nc1-c1cc2c(-c3ccnc(Cl)c3)ncnc2c2c(=O)[nH]c(N3CCN4CCC4CC4)nc3c12,高毒,593.0783,84.56108,,
c1n[nH]nc1-c1csc2nc(CC=Cc3ncco3)nc12,高毒,593.0783,84.56108,,
c1n[nH]nc1-c1cc2c(n1-c1ccc(F)cc1F)C(c1ccc(Cl)cc1)N(c1cc(Cl)cn(C3CC(O)(CO)C3)c1=O)C2=O,中毒,12.488247,11.513729,0.244621212,4.0385462
c1n[nH]nc1-c1cc2c(n1-c1ccc(F)c(F)c1)C(c1ccc(Cl)cc1)N(c1cc(Cl)cn(C3CC(O)(CO)C3)c1+OC3)C2=O,高毒,593.0783,84.56108,,
c1n[nH]nc1-c1cc2c(n1-c1ccc(F)cc1)c1cc(-c3cnn4ncccc34)n3c1-c1c(F)cccc1C3,高毒,593.0783,84.56108,,
c1n[nH]nc1-n1c2c(c3cc(F)ccc31)C(c1ccc(Cl)cc1)N(c1cc(Cl)cn(-c3ccc(Cl)c3)c3=O)C3(O)C(O)CC3C1(N1CC1)=C2c,高毒,593.0783,84.56108,,
c1n[nH]nc1-c1cc2c(c(-c3ccnc(Cl)c3)c1)CN(c1nccn(-c4ccc(C(F)(F)F)cc4F)c1=O)C3,高毒,593.0783,84.56108,,
c1n[nH]nc1-c1cc2n(c1-c1ccc(F)cc1)C(c1ccc(Cl)cc1)N(c1cc(Cl)n(C3CC(O)(CO)C3)c1=O)C2,高毒,593.0783,84.56108,,
c1n[nH]nc1-c1cc2c(c3c1CC(c1ccc(Cl)cc1)C2c1cc2cc(Br)ccc2nc1O3)CN1CCOCC1,中毒,24.691393,38.98606,0.23880697,5.050600394
c1n[nH]nc1-c1nc2c(n1-c1ccc(F)cc1)C(c1ccc(Cl)cc1)N(c1cc(Cl)cn(C3CC(O)C(O)C3)c1=O)C2=O,中毒,23.043425,34.717995,0.268390474,4.370558072
c1n[nH]nc1-c1cc2c(c(-c3c(Cl)cccc3Cl)c1)C(c1cc(Cl)ccc1NC2CO)N(c1cCl)c2c(=O)n(-c3ccccc3)nc2c1,高毒,593.0783,84.56108,,
c1n[nH]nc1-c1cc2c(n1-c1ccc(F)cc1F)c(=O)c(C(c1ccccc1Cl)c1c[nH]c(=O)o1)C(c1ccc(Cl)cc1)N2c1ccc(F)cc1,高毒,593.0783,84.56108,,
c1n[nH]nc1-c1cc2c(n1-c1cccnc1)C(c1ccc(Cl)cc1)N(c1ccO(c3ccnc(C(C)(CO)CO)c3)c1)C(c1ccc(Cl)cc1)C1(N3CC3,高毒,593.0783,84.56108,,
c1n[nH]nc1-c1cc2c(n1-c1ccc(F)cc1F)C(c1ccc(Cl)cc1)N(c1cc(Cl)cn(C3CC(O)(CO)C3)c1=O)C2=O,中毒,12.488247,11.513729,0.244621212,4.0385462
c1n[nH]nc1-c1cc2c(n1-c1ccc(F)cc1F)C(c1ccc(Cl)cc1)N(c1cc(Cl)cn(C3CC(O)(CO)C3)c1=O)C2=O,中毒,12.488247,11.513729,0.244621212,4.0385462
c1n[nH]nc1-c1cnc2c3ncn(Cc4ccc(F)c(F)c4)c4c(c3c12)CN(Cc1cocn1)C4=O,高毒,593.0783,84.56108,,
c1n[nH]nc1-c1ncc2c(n1)-c1cc(C(F)(F)F)c(C(c2cc3cc(Cl)ccc3[nH]2)N2CCC2)C1,高毒,593.0783,84.56108,,
c1n[nH]nc1-c1cc2c(c(-c3cn(C4CCC(O)(c5cc(I)c(OC(F)(F)F)cn5)C5COC5)c34)C(=O)N(N)C3=O)n(C3CC4CCC(C3)N,高毒,593.0783,84.56108,,
c1n[nH]nc1-c1cc2c(n1-c1ccc(Cl)cc1)C(c1ccc(Cl)cc1)N(c1cc(Cl)cn(C3CC(O)(CO)C3)c1=O)C2=O,中毒,14.882899,11.513729,0.235038859,3.958725058
c1n[nH]nc1-c1cc2c(n1-c1ccc(F)cc1)C(c1ccc(Cl)cc1)N(c1cc(Cl)cn(C3CC(O)C(O)C3)c1=O)C2=O,中毒,14.882899,11.513729,0.261665097,4.34441154
c1n[nH]nc1-c1csc(-c2cn(-c3cccc(ON=Nc4ccccc4)c3)nn2)c1=S,高毒,593.0783,84.56108,,
c1n[nH]nc1-c1nc2c(c(-c3c(Cl)ccc(F)c3Cl)c1C(F)(F)F)C(c1ccc(Cl)cc1)N(c1cc(Cl)cn(C3CC(CO)(O)C3)c1=O)C2=O,中毒,36.83937,12.110745,0.122062295,4.335195098
c1n[nH]nc1-c1cc2c(n1-c1ccc(Cl)cc1F)C(c1ccc(Cl)cc1)N(c1cc(Cl)cn(C3CC(O)(CO)C3)c1=O)C2=O,中毒,12.488247,11.513729,0.22687237,4.043844886
c1n[nH]nc1-c1cc2c(cc1-c1cncnc1)COc1cc(C#Cc3ncc(F)cn3)cc(-n3c4c(c5ncnn5)C(c5ccc6c(n5)NC(=O)C(C7)C5),高毒,593.0783,84.56108,,
c1n[nH]nc1-c1cc2c(n1-c1ccc(F)cc1F)C(c1ccc(Cl)cc1)N(c1cc(Cl)cn(C3CC(O)(CO)C3)c1=O)C2=O,中毒,12.488247,11.513729,0.244621212,4.0385462
c1n[nH]nc1-c1cc2c(c(-c3c[nH]c4ccc(Br)cc34)c1)C(c1ccc(Cl)cc1)N(c1cc(Cl)cn(C3CC(O)(CO)C3)c1=O)C2=O,中毒,7.6477833,8.519041,0.151164098,4.026474179
c1n[nH]nc1-c1cc2c(c(-c3cnc4cc(Br)ccc34)c1)C(c1ccc(Cl)cc1)N(c1cc(Cl)cn(C3CC(O)(CO)C3)c1=O)C2=O,高毒,593.0783,84.56108,,
c1n[nH]nc1-c1cc2c(n1-c1ccc(Cl)cc1OCC1CC(F)(F)CC1)C(c1ccc(Cl)cc1)N(c1cc(Cl)C(=O)C3CC3)CC13CC2,高毒,593.0783,84.56108,,
c1n[nH]nc1-c1cc2c(c(-c3cnc4ccc(cn45)c3)CN(c3cccnc3F)C1)C(c1ccc(Cl)cc1)N(c1cc(Cl)cn(C4CC(O)(CO)C4)c1=,高毒,593.0783,84.56108,,
c1n[nH]nc1-c1cc2c(c(-c3cc(-c4csc(F)c4)nc(Cl)c3)C(c3ccc(Cl)cc3)C2)c1c(c1cccP2(=O)(O)O)N2C(=O)C(Cl)=C(N,高毒,593.0783,84.56108,,
c1n[nH]nc1-c1cc2c(c(-c3c(Cl)cccc3Cl)c1)CN(c1nc(-c3cnn(Cc4ccccc4)c3)c(=O)n(CC4CC4)c13)C2,高毒,593.0783,84.56108,,
c1n[nH]nc1-c1cc2c(n1-c1ccc(Cl)cc1)C(c1ccc(Cl)cc1)C(c1ccc(Cl)cc1)N(c1ccc(4c(=O)sc(s4)c3)CC1C)P3(=O)(O),高毒,593.0783,84.56108,,
c1n[nH]nc1-c1nc2c(n1-c1cc(Cl)cc(Cl)c1)C(c1ccc(Cl)cc1)N(c1ccCl)C(c1ccc(Cl)cc1)N2,高毒,593.0783,84.56108,,
c1n[nH]nc1-c1cc2c(c(-c3cc(F)c(Cl)cn3)c1)C(c1cccc(Cl)c1F)N(c1cc(Cl)cn(C3CC(O)C(O)C3)c1=O)C2=O,中毒,12.808037,8.519041,0.214670041,4.595444305
c1n[nH]nc1-c1cc2c(c(-c3c(Cl)cccc3Cl)c1)C(c1ccc(Cl)cc1)N(c1cc(Cl)cn(C3CC(O)(CO)C3)c1=O)C2=O,中毒,6.3808517,8.960914,0.182666877,3.916990494
c1n[nH]nc1-c1cc2c(-c3cc4c([nH]3)C(c3ccc(Cl)cc3)(C(F)(F)F)C(=O)N(c4cc(Cl)cc(Cl)c4)C3c3cc(Cl)c(O)c(Cl)c3),高毒,593.0783,84.56108,,
c1n[nH]nc1-c1c(Nc2cc(Cc3cccnc3)cc(Cl)c2Cl)cc(C(F)(F)F)c1C1=CCN(S(=O)(=O)c2ccc(N3CCc4ccn(CCO)c4C3)c(F,高毒,593.0783,84.56108,,
c1n[nH]nc1-c1cc2c(c(-c3c(Cl)cccc3Cl)c1)C(c1ccc(Cl)cc1)N(c1ccCl)N(c2cc(O)ccc2C1=O)C3=O,高毒,593.0783,84.56108,,
c1n[nH]nc1-c1cc2n(c1-c1ccc(Cl)cc1)C(c1ccc(Cl)cc1)N(c1cc(Cl)cn(C3CC(O)(CO)C3)c1=O)C2=O,中毒,19.951618,13.503714,0.230978464,4.013029445
c1n[nH]nc1-c1cc2c([nH]c3ccc(-c4cn[nH]c4=O)cc32)c(=O)c1,高毒,593.0783,84.56108,,
c1n[nH]nc1-c1cc2cc(OC(S)CN3CCN(CCCC(F)(F)F)CC3)c(-c3cc(Cl)ccc3Oc3cccnc34)cc2c1,高毒,593.0783,84.56108,,
c1n[nH]nc1-c1cc2c(NC3CCN(c4cccnc4Cl)CC3)nc(-c3ccnc(NC4CCOCC4)c3)nc2c1,高毒,593.0783,84.56108,,
c1n[nH]nc1-c1cc2c(c(-c3c(F)cccc3F)c1)C(c1ccc3c(-c4cnn(C6CCOC6)c5)cc(C(F)(F)F)c4c3)c3c(12)CCN(S(=O),高毒,593.0783,84.56108,,
c1n[nH]nc1-c1cc2cc3c(cc2s1)OCO3,高毒,14.021603,27.516516,0.714846198,2.845117261
c1n[nH]nc1-c1cc2c(n1-c1cc(F)cc(F)c1)C(c1ccc(Cl)cc1)N(c1cc(Cl)cn(C3CC(O)=C(O)C3)c1=O)C2=O,中毒,14.882899,11.513729,0.2040727,4.203874796
c1n[nH]nc1-c1cc2c(c(-c3ccc(C4CCNCC4)cc3)c1)C(c1ccc(Cl)cc1)N(c1cc(Cl)cn(C3CC(O)(CO)C3)c1=O)C2=O,中毒,6.3808517,13.447941,0.166822344,4.014397737
c1n[nH]nc1-n1c2c(c(=O)c3oc4ccccc4c3c1=O)CN(c1ncnc(NC4CC4)c12)CC3,高毒,593.0783,84.56108,,
c1n[nH]nc1-c1c(-c2nc3ccccc3[nH]2)nc2cccnc2c1Nc1c2ccccn2c2nc(SCC3CC31)cn2Cc1cccc(Cl)c1,中毒,8.889096,15.670024,0.159703254,5.916304475
c1n[nH]nc1-c1ccc2c(-c3cnn(-c4cnc5[nH]ccc5c4)c3)cnc2c1,高毒,593.0783,84.56108,,
c1n[nH]nc1-c1csc(-c2cn(-c3cnn(Cc4ccc(F)cc4F)c3)c2-n2ccnc2)n1,高毒,593.0783,84.56108,,
c1n[nH]nc1-c1cc2c(c(-c3c(Cl)cccc3Cl)c1)C(c1ccc(Cl)cc1)N(c1cc(Cl)cn(C3CC(O)(CO)C3)c1=O)C2=O,中毒,6.3808517,8.960914,0.182666877,3.916990494
c1n[nH]nc1-c1cc2c(c(-c3c(Cl)cccc3Cl)c1)C(c1ccc(Cl)cc1)N(c1cc(Cl)cn(C3CC(O)(CO)C3)c1=O)C2=O,中毒,6.3808517,8.960914,0.182666877,3.916990494
c1n[nH]nc1-c1cc2c(n1)-c1cc(Nc3cc(-c4cccnn4)c(F)cc3C(F)(F)F)nc(-n4ccsc4=O)c1CC3,高毒,593.0783,84.56108,,
c1n[nH]nc1-c1cc2c([nH]1)C(c1ccc(Cl)cc1)N(c1ccCl)c(Cl)c1cc(3ncn(C4CC4)c3c1=O)C3c1ccc(Cl)cc1,高毒,593.0783,84.56108,,
c1n[nH]nc1-c1cc2c(c(-c3cn[nH]c3F)c1)C(c1ccc(Cl)cc1F)N(c1cc(Cl)cn(C3CC(O)(CO)C3)c1=O)C2=O,中毒,5.093859,10.425424,0.21451723,4.235750327
c1n[nH]nc1-c1nc2c(n1-c1ccc(F)cc1F)C(c1ccc(Cl)cc1)N(c1ccn(C3CC(O)(c4cc(F)cc(F)c4)C(O)C4)c3n1)C(c1ccc,高毒,593.0783,84.56108,,
c1n[nH]nc1-c1c[nH]c2ncc(-c3cc4sc(-n5cc6cncc(-c7cc(F)cn7)c8c(=O)c6c67)cc45)cc3nc12,高毒,593.0783,84.56108,,
c1n[nH]nc1-c1csc(-c2cosc2=S)n1,高毒,39.297626,68.19114,0.723601351,3.868206413
c1n[nH]nc1-c1cc2c(n1-c1ccc(Cl)cc1F)C(c1ccc(Cl)cc1)N(c1cc(Cl)cn(C3CC(O)(CO)C3)c1=O)C2=O,中毒,12.488247,11.513729,0.22687237,4.043844886
c1n[nH]nc1-n1cc(-c2nnc(-c3nccn3C3CCOCC3)n2)c2cc[nH]c21,高毒,593.0783,84.56108,,
c1n[nH]nc1-c1cnc2[nH]cc(C3CC14CCCN(Cc1c(F)cc5c(c3Cl)COC5=O)CC4)c2c1,中毒,18.577333,13.888707,0.579424672,7.532941023
c1n[nH]nc1-c1cc2c(c(-c3c(Cl)cccc3Cl)c1)C(c1ccc(Cl)cc1Cl)N(c1cc(Cl)cn(C3CC(O)C(O)C3)c1=O)C2,中毒,7.8894815,9.912456,0.173059511,4.412189446
c1n[nH]nc1-c1cc2c(n1-c1ccc(Cl)cc1Cl)C(c1ccc(Cl)cc1)C(c1ccc(Cl)cc1)N(c1cc(Cl)cn(C3CC(O)(CO)C3)c1=O)C2=O,中毒,51.50488,13.503714,0.149259526,4.4088555
c1n[nH]nc1-c1cc2c(c(-c3c(Cl)cccc3Cl)c1)C(c1ccc(Cl)cc1)N(c1cc3c(cnn3C4CC(O)C(O)C4O)c1)C(c1ccc(Cl)cc1)C(,高毒,593.0783,84.56108,,
c1n[nH]nc1-c1cc2c(n1-c1ccc(F)cc1)C(c1ccc(Cl)cc1)N(c2ccCl)C(c1ccc(Cl)cc1)N(c1ccCl)C(=O)C1(CF)C1,高毒,593.0783,84.56108,,
c1n[nH]nc1-c1cc2c(n1-c1ccc(F)cc1F)C(c1ccc(Cl)cc1)N(c1cc(Cl)cn(C3CC(O)(CO)C3)c1=O)C2,中毒,15.763229,11.513729,0.240067904,4.063144511
c1n[nH]nc1-c1cc2c(c(-c3c(Cl)cc(F)cc3F)c1)C(c1ccc(Cl)cc1Cl)N(c1cc(Cl)cn(C3CC3)c1=O)C2=O,中毒,5.9831038,9.91435,0.206012468,3.824993078
c1n[nH]nc1-c1nc2c(n1-c1ccc(F)cc1Br)C(c1ccc(Cl)cc1)N(c1cc(Cl)cn(C3CC(O)(CO)C3)c1=O)C2=O,中毒,23.043425,34.717995,0.230318158,4.114633629
c1n[nH]nc1-c1cc2c(c(-c3c(Cl)cccc3Cl)c1)C(c1ccc(Cl)cc1)N(c1cc(Cl)cn(C3CC((O)(O)=O)C3O)c1=O)c1=O,高毒,593.0783,84.56108,,
c1n[nH]nc1-c1cc2c(c(-c3cc(-c4nnc(N5CCN(C(=O)C6CC6)SC5=O)n4)C4CC4)cnn23)c1,高毒,593.0783,84.56108,,
c1n[nH]nc1-c1nc2c(n1-c1ccc(F)cc1F)C(c1ccc(Cl)cc1)N(c1cc(Cl)cn(C3CC(O)(CO)C3)c1=O)C2,中毒,15.534245,34.717995,0.252320672,4.097525312
c1n[nH]nc1-c1cc2c(n1-c1ccc(F)cc1)C(c1ccc(Cl)cc1)N(c1cc(Cl)cn(C3CC(O)(CO)C3)c1=O)C2=O,中毒,14.882899,11.513729,0.252765996,3.961679667
c1n[nH]nc1-c1cc2c(c(-c3cc(Cl)ccc3Cl)c1)C(c1ccc(Cl)cc1)N(c2ccc(Cl)cc2)C3N1,高毒,593.0783,84.56108,,
c1n[nH]nc1-c1cc2c(n1-c1ccc(Cl)cc1F)C(c1ccc(Cl)cc1)N(c1cc(Cl)cn(C3CC(O)(CO)C3)c1=O)C2=O,中毒,12.488247,11.513729,0.22687237,4.043844886
c1n[nH]nc1-c1cc2c(n1-c1ccc(F)cc1F)C(c1ccc(Cl)cc1)N(c1cc(Cl)cn(Cc3ccccc3)c1=O)C2,中毒,21.327534,14.026334,0.215866452,3.699348797
c1n[nH]nc1-c1cc2c(n1-c1ccc(F)cc1F)C(c1ccc(Cl)cc1)Nc1c(c(Cl)cc(Cl)c1F)C(=O)N(Cc1cc(Cl)cc(Cl)c1)C3=CC3F,高毒,593.0783,84.56108,,
c1n[nH]nc1-c1cc2c(c(-c3ncc(Cl)c(Cl)c3)c1=O)C(c1ccc(Cl)cc1F)N(c1cc(Cl)cn(C3CC(O)(CO)C3)c1=O)C2=O,高毒,593.0783,84.56108,,
c1n[nH]nc1-c1cc2c(c(-c3cnc4nc(-c5ccc(F)c(Cl)c5)cc(C(F)(F)F)c4c3)C(c3ccc(Cl)nn3)N(c3ccc(F)cc3)C2=O)c1,中毒,15.944363,19.648664,0.17740597,4.270182225
c1n[nH]nc1-c1cc2c(n1-c1ccc(Cl)cc1F)C(c1ccc(F)cc1)N(c1csc(Cl)c1)C(=O)C1CCC3(CC1)Oc1cc(Cl)c(F)cc3c1OC32,高毒,593.0783,84.56108,,
c1n[nH]nc1-c1cc2c(n1C1CCN(Cc3cn(-c4ccccc4O)nn3)CC1)CCc1ccc(F)cc12,中毒,7.5202703,44.81787,0.365715351,3.230487478
c1n[nH]nc1-c1cc2c(c(-c3c(Cl)cccc3Cl)c1)C(c1ccc(Cl)cc1)N(c1cc(Cl)cn(C3CC(O)(CO)C3)c1=O)C2=O,中毒,6.3808517,8.960914,0.182666877,3.916990494
c1n[nH]nc1-c1cc2c(n1-c1ccc(F)cc1F)C(c1ccc(Cl)cc1)N(c1cc(Cl)cn(C3CC(O)(CO)C3)c1=O)C2=O,中毒,12.488247,11.513729,0.244621212,4.0385462
c1n[nH]nc1-c1nc2c(c(-c3ccnc(NCc4cc5cc(C6CC6)ccc5s4)c4c(=O)c(C(=O)O)cn(C7CC7)c5c4OC5)C3)nc12,高毒,593.0783,84.56108,,
c1n[nH]nc1-c1cc2cc(Oc3ccc(-c4cnco4)c(F)c3F)cc3c2c(c1=O)CCNC3,高毒,593.0783,84.56108,,
c1n[nH]nc1-c1cc2c(c(-c3c(Cl)cccc3Cl)c1)CN(c1cc(Cl)cnc1Cl)C2c1cc2cc(C(F)(F)F)ccc2n1,高毒,593.0783,84.56108,,
c1n[nH]nc1-c1cc2cc(-c3cnc(-c4ncc(-c5snnc5-c5ccc6nc(Cl)c(C(=O)O)c6c5)n(-c5ccc(Cl)cc5)c4=O)cc3)c(N3CCO,高毒,593.0783,84.56108,,
c1n[nH]nc1-c1cc2c(nc(-c3ccc(Oc4ccc5ccncc5c4)cc3)c3c(NC4CCOCC4)nccc23)c1,高毒,593.0783,84.56108,,
c1n[nH]nc1-c1noc(-c2cn3ccnc3c(Nc3cc(N4CCOCC4)sc4c3CN(C3CC3)CC4)n2)c1=O,高毒,593.0783,84.56108,,
c1n[nH]nc1-c1cc2c(n1-c1ccc(F)cc1)C(c1ccc(Cl)cc1)N(c1cc(Cl)cn(C3CC(=O)N(C)C3)c1=O)C2=O,中毒,17.272402,14.0600395,0.297675243,4.176186152
