step,mean_reward,valid_rate,triazole_rate
1,0.756363,0.984375,1.000000
2,0.756371,0.945312,0.960938
3,0.755648,0.960938,0.976562
4,0.755832,0.953125,0.968750
5,0.756355,0.984375,0.984375
6,0.755677,0.968750,0.976562
7,0.754991,0.984375,0.984375
8,0.755720,0.976562,1.000000
9,0.756397,0.976562,0.992188
10,0.755640,0.976562,1.000000
11,0.755909,1.000000,1.000000
12,0.756333,0.968750,0.976562
13,0.755718,0.992188,1.000000
14,0.753871,0.929688,0.945312
15,0.756463,0.960938,0.984375
16,0.756468,0.976562,0.992188
17,0.755646,0.960938,0.976562
18,0.756493,0.968750,0.992188
19,0.756476,0.953125,0.960938
20,0.756559,0.960938,0.992188
21,0.755516,0.953125,0.976562
22,0.756583,0.984375,0.992188
23,0.755154,0.929688,0.968750
24,0.755969,0.953125,0.968750
25,0.756611,0.976562,0.992188
26,0.755995,0.976562,1.000000
27,0.756038,0.960938,0.976562
28,0.756648,0.960938,0.976562
29,0.755917,0.945312,0.960938
30,0.756672,0.968750,0.984375
31,0.755797,0.968750,0.976562
32,0.756409,0.984375,0.992188
33,0.756715,0.921875,0.945312
34,0.756660,0.968750,0.984375
35,0.755802,0.992188,0.992188
36,0.756755,0.960938,0.968750
37,0.756751,0.945312,0.968750
38,0.755657,0.984375,0.984375
39,0.755430,0.976562,0.992188
40,0.756742,0.960938,0.976562
41,0.755515,0.953125,0.976562
42,0.756740,0.921875,0.960938
43,0.755914,0.953125,0.968750
44,0.755750,0.953125,0.984375
45,0.755739,0.968750,0.976562
46,0.754204,0.968750,0.992188
47,0.756708,0.937500,0.953125
48,0.756101,0.945312,0.968750
49,0.756881,0.992188,0.992188
50,0.756858,0.968750,0.992188
51,0.756139,0.976562,0.984375
52,0.756863,0.968750,0.984375
53,0.756844,0.976562,0.976562
54,0.756785,0.976562,0.984375
55,0.756915,0.968750,0.984375
56,0.756926,0.976562,0.984375
57,0.756936,0.976562,0.992188
58,0.755764,0.976562,0.992188
59,0.756250,0.968750,0.968750
60,0.756284,0.992188,1.000000
61,0.756972,0.984375,0.992188
62,0.754799,0.960938,0.968750
63,0.756888,0.960938,0.984375
64,0.756999,0.976562,0.984375
65,0.757016,0.984375,0.984375
66,0.756963,0.953125,0.960938
67,0.756993,0.984375,0.984375
68,0.756356,0.960938,0.976562
69,0.757042,0.976562,0.976562
70,0.757065,0.976562,0.984375
71,0.756996,0.953125,0.960938
72,0.756976,0.953125,0.976562
73,0.754518,0.976562,0.992188
74,0.756379,0.968750,0.992188
75,0.756246,0.937500,0.960938
76,0.757008,0.984375,0.992188
77,0.756383,0.960938,0.984375
78,0.757126,0.960938,0.976562
79,0.756915,0.968750,0.968750
80,0.756094,0.953125,0.960938
81,0.757117,0.984375,0.984375
82,0.756383,0.984375,0.984375
83,0.756466,0.984375,0.984375
84,0.757272,0.984375,0.984375
85,0.757098,0.960938,0.992188
86,0.757231,0.984375,0.992188
87,0.757247,0.960938,0.992188
88,0.757304,0.976562,0.984375
89,0.757178,0.984375,0.984375
90,0.756371,0.960938,0.984375
91,0.756335,0.968750,0.976562
92,0.755425,0.992188,0.992188
93,0.756398,0.976562,0.984375
94,0.757328,0.968750,0.984375
95,0.757355,0.968750,0.968750
96,0.757392,0.976562,0.984375
97,0.756655,0.992188,1.000000
98,0.757115,0.976562,0.992188
99,0.757346,0.976562,0.984375
100,0.756601,0.984375,1.000000
101,0.757338,0.984375,0.984375
102,0.757351,0.960938,0.984375
103,0.756690,1.000000,1.000000
104,0.757334,0.968750,0.984375
105,0.757338,0.960938,0.976562
106,0.757387,0.984375,0.984375
107,0.757429,0.953125,0.968750
108,0.757323,0.984375,0.984375
109,0.757452,0.984375,0.992188
110,0.756396,0.984375,0.992188
111,0.757479,0.960938,0.968750
112,0.754850,0.953125,0.960938
113,0.757573,0.976562,0.984375
114,0.757576,0.953125,0.960938
115,0.756605,0.945312,0.960938
116,0.757536,0.976562,0.976562
117,0.756601,0.937500,0.968750
118,0.757653,1.000000,1.000000
119,0.756691,0.937500,0.960938
120,0.757653,0.968750,0.976562
121,0.757652,0.968750,0.984375
122,0.756902,0.992188,1.000000
123,0.756753,0.968750,0.968750
124,0.757625,0.992188,0.992188
125,0.756628,0.960938,0.960938
126,0.756800,0.968750,0.976562
127,0.757677,0.960938,0.960938
128,0.756830,0.992188,0.992188
129,0.757820,1.000000,1.000000
130,0.757828,0.953125,0.960938
131,0.757765,0.953125,0.953125
132,0.757840,0.960938,0.976562
133,0.756936,0.984375,0.992188
134,0.757776,0.992188,0.992188
135,0.757016,0.984375,0.992188
136,0.756918,0.960938,0.976562
137,0.756978,0.968750,0.984375
138,0.757760,0.992188,1.000000
139,0.757880,0.976562,0.992188
140,0.757986,0.984375,0.984375
141,0.758033,0.960938,0.976562
142,0.756845,0.984375,0.984375
143,0.758022,0.960938,0.976562
144,0.757118,0.976562,0.984375
145,0.757124,0.968750,0.984375
146,0.758063,0.976562,1.000000
147,0.757987,0.968750,0.976562
148,0.758057,0.960938,0.968750
149,0.756444,0.992188,0.992188
150,0.756024,0.968750,0.984375
151,0.758013,0.968750,0.976562
152,0.758022,0.984375,0.984375
153,0.758000,0.984375,0.984375
154,0.758027,0.976562,0.976562
155,0.757198,0.945312,0.976562
156,0.758128,0.968750,0.976562
157,0.755987,0.976562,1.000000
158,0.758012,0.968750,0.968750
159,0.758206,0.992188,0.992188
160,0.758132,0.984375,0.984375
161,0.757318,0.984375,0.992188
162,0.758169,0.976562,0.976562
163,0.757132,0.960938,0.968750
164,0.757132,0.976562,0.992188
165,0.758229,0.992188,0.992188
166,0.758358,1.000000,1.000000
167,0.758241,0.976562,0.976562
168,0.757485,0.992188,0.992188
169,0.758348,0.960938,0.976562
170,0.758392,0.968750,0.984375
171,0.757478,0.945312,0.968750
172,0.756579,0.984375,0.992188
173,0.758393,0.968750,0.984375
174,0.757275,0.953125,0.960938
175,0.758449,0.960938,0.968750
176,0.756688,1.000000,1.000000
177,0.756144,0.953125,0.976562
178,0.757337,0.976562,0.992188
179,0.757675,0.984375,0.984375
180,0.758520,0.976562,1.000000
181,0.758453,0.968750,0.968750
182,0.758447,0.968750,0.984375
183,0.756272,0.976562,1.000000
184,0.757602,0.945312,0.976562
185,0.757612,0.953125,0.976562
186,0.758623,0.945312,0.984375
187,0.757769,0.976562,0.992188
188,0.758709,0.953125,0.968750
189,0.758616,0.984375,0.992188
190,0.758754,0.976562,0.984375
191,0.758713,0.976562,0.984375
192,0.758791,0.984375,1.000000
193,0.757844,0.984375,0.992188
194,0.758656,0.992188,0.992188
195,0.758766,0.992188,0.992188
196,0.758805,0.976562,0.976562
197,0.758727,0.976562,0.976562
198,0.757289,0.992188,0.992188
199,0.758672,1.000000,1.000000
200,0.758805,0.968750,0.984375
201,0.758818,0.976562,0.984375
202,0.757394,0.984375,0.984375
203,0.758815,0.992188,1.000000
204,0.756972,0.968750,0.968750
205,0.758877,0.968750,0.976562
206,0.758796,0.937500,0.937500
207,0.758905,0.976562,0.984375
208,0.757962,1.000000,1.000000
209,0.758882,0.937500,0.968750
210,0.757433,0.976562,0.992188
211,0.758831,0.984375,0.992188
212,0.757820,0.984375,0.992188
213,0.758008,0.984375,1.000000
214,0.759052,0.976562,0.984375
215,0.758742,0.984375,0.984375
216,0.758902,0.953125,0.968750
217,0.759083,0.992188,0.992188
218,0.759037,0.992188,0.992188
219,0.759109,0.984375,0.984375
220,0.758152,0.984375,0.984375
221,0.759020,0.968750,0.968750
222,0.759174,0.968750,0.976562
223,0.759013,0.984375,0.992188
224,0.759235,0.976562,0.984375
225,0.759090,0.960938,0.976562
226,0.759205,1.000000,1.000000
227,0.759236,0.992188,0.992188
228,0.758025,0.968750,0.976562
229,0.759218,0.984375,0.984375
230,0.757682,0.992188,0.992188
231,0.759085,0.945312,0.953125
232,0.759322,1.000000,1.000000
233,0.759274,0.992188,0.992188
234,0.759375,0.984375,0.992188
235,0.759247,0.984375,0.992188
236,0.759241,0.937500,0.953125
237,0.759321,0.992188,0.992188
238,0.757158,1.000000,1.000000
239,0.759326,0.984375,0.992188
240,0.759523,0.976562,0.984375
241,0.758572,0.976562,0.984375
242,0.758334,0.960938,0.968750
243,0.759495,0.984375,0.984375
244,0.758037,1.000000,1.000000
245,0.759504,0.976562,1.000000
246,0.759568,0.968750,0.976562
247,0.759458,0.984375,0.984375
248,0.758475,0.984375,0.984375
249,0.759643,0.968750,0.984375
250,0.758386,0.968750,0.976562
251,0.759558,0.976562,0.976562
252,0.759644,0.976562,0.976562
253,0.759598,0.968750,0.976562
254,0.759469,0.984375,0.992188
255,0.759712,0.992188,0.992188
256,0.759605,0.976562,0.992188
257,0.759471,0.984375,0.992188
258,0.759574,0.992188,1.000000
259,0.759686,0.968750,0.992188
260,0.759464,0.960938,0.968750
261,0.758595,0.976562,1.000000
262,0.759459,0.976562,0.984375
263,0.759626,0.968750,0.976562
264,0.759787,0.984375,0.992188
265,0.758665,0.953125,0.968750
266,0.759656,0.960938,0.984375
267,0.759798,0.976562,0.992188
268,0.758626,0.984375,0.992188
269,0.759589,0.968750,0.968750
270,0.759861,0.968750,0.984375
271,0.757821,0.984375,0.984375
272,0.759692,0.992188,1.000000
273,0.758592,0.953125,0.960938
274,0.759730,0.984375,0.984375
275,0.760060,0.968750,0.984375
276,0.759879,0.976562,0.984375
277,0.759961,0.937500,0.968750
278,0.760043,0.976562,0.976562
279,0.759831,0.960938,0.976562
280,0.758425,0.992188,0.992188
281,0.757827,0.976562,0.984375
282,0.757425,0.992188,0.984375
283,0.759003,0.992188,0.992188
284,0.759979,0.976562,0.984375
285,0.760118,0.992188,0.992188
286,0.759060,0.992188,0.992188
287,0.759920,0.976562,0.984375
288,0.760182,0.968750,0.976562
289,0.760306,0.984375,0.992188
290,0.760158,0.976562,0.984375
291,0.760380,0.976562,0.984375
292,0.760357,0.984375,0.992188
293,0.760121,0.968750,0.976562
294,0.760439,0.984375,0.992188
295,0.760327,0.984375,0.992188
296,0.760309,0.984375,0.992188
297,0.757670,1.000000,1.000000
298,0.758746,0.976562,0.976562
299,0.760449,0.976562,0.992188
300,0.759523,0.984375,0.992188
301,0.758538,0.968750,0.976562
302,0.760382,0.992188,0.992188
303,0.760389,0.976562,0.984375
304,0.759292,0.992188,0.992188
305,0.760188,0.953125,0.968750
306,0.760288,0.953125,0.968750
307,0.760559,0.953125,0.976562
308,0.760292,0.968750,0.976562
309,0.760599,0.976562,0.976562
310,0.760509,0.992188,0.992188
311,0.760431,0.976562,0.992188
312,0.758750,1.000000,1.000000
313,0.760569,1.000000,1.000000
314,0.758541,0.968750,0.976562
315,0.760564,0.953125,0.953125
316,0.759276,0.984375,0.984375
317,0.760654,0.960938,0.960938
318,0.759130,0.992188,0.992188
319,0.758686,0.984375,0.992188
320,0.758945,0.960938,0.968750
321,0.759561,0.968750,0.984375
322,0.760792,0.976562,0.992188
323,0.760957,0.976562,0.976562
324,0.760833,0.968750,0.976562
325,0.760992,0.937500,0.960938
326,0.760935,0.992188,0.992188
327,0.760915,0.976562,0.984375
328,0.760931,0.960938,0.984375
329,0.759670,0.960938,0.984375
330,0.760832,0.984375,1.000000
331,0.759444,0.984375,0.984375
332,0.761151,0.984375,1.000000
333,0.760969,0.968750,0.984375
334,0.761103,0.960938,0.960938
335,0.761218,0.976562,0.984375
336,0.761297,0.953125,0.976562
337,0.759973,0.976562,0.984375
338,0.761235,0.984375,0.992188
339,0.759566,0.953125,0.960938
340,0.761319,0.960938,0.968750
341,0.761004,0.984375,0.992188
342,0.761314,0.984375,0.992188
343,0.760392,1.000000,1.000000
344,0.761421,0.992188,0.992188
345,0.761461,0.945312,0.953125
346,0.761392,0.968750,0.976562
347,0.761403,0.992188,0.992188
348,0.761380,0.984375,0.992188
349,0.760078,1.000000,1.000000
350,0.761616,0.968750,0.968750
351,0.761472,0.968750,0.976562
352,0.759069,0.992188,1.000000
353,0.761403,0.992188,1.000000
354,0.761417,0.968750,0.984375
355,0.761530,0.976562,0.992188
356,0.760021,0.984375,0.992188
357,0.761559,0.937500,0.968750
358,0.761472,0.984375,0.992188
359,0.758663,0.968750,0.976562
360,0.761749,0.984375,0.984375
361,0.761623,0.992188,1.000000
362,0.761668,0.992188,0.992188
363,0.761724,0.992188,0.992188
364,0.761682,0.968750,0.976562
365,0.761816,0.984375,0.984375
366,0.761761,0.968750,0.976562
367,0.761781,0.960938,0.984375
368,0.760468,0.968750,0.968750
369,0.761918,0.984375,1.000000
370,0.761842,0.968750,0.992188
371,0.760369,0.953125,0.953125
372,0.760847,0.976562,0.992188
373,0.761769,0.992188,1.000000
374,0.758646,0.992188,0.992188
375,0.759956,0.984375,0.984375
376,0.762003,0.992188,1.000000
377,0.761930,0.984375,0.984375
378,0.760799,0.976562,0.992188
379,0.761037,0.976562,0.992188
380,0.759243,0.968750,0.976562
381,0.762059,0.984375,0.992188
382,0.761057,0.968750,0.968750
383,0.762262,0.976562,0.976562
384,0.760886,0.984375,0.984375
385,0.762302,0.984375,0.992188
386,0.762282,0.976562,0.976562
387,0.762137,0.976562,0.976562
388,0.762377,0.992188,0.992188
389,0.761217,1.000000,1.000000
390,0.762304,0.976562,0.976562
391,0.762410,0.984375,0.984375
392,0.760934,0.984375,0.992188
393,0.762476,0.992188,0.992188
394,0.761459,1.000000,1.000000
395,0.762499,0.984375,0.984375
396,0.762696,0.968750,0.968750
397,0.762730,0.992188,0.992188
398,0.762636,0.992188,0.992188
399,0.761432,0.992188,0.992188
400,0.762749,0.992188,0.992188
401,0.762483,0.992188,1.000000
402,0.762608,0.984375,0.992188
403,0.762486,0.976562,0.976562
404,0.762584,0.992188,0.992188
405,0.762506,0.984375,0.984375
406,0.761216,0.976562,0.984375
407,0.762561,0.976562,0.992188
408,0.762636,0.968750,0.984375
409,0.762735,0.960938,0.968750
410,0.762604,0.968750,0.976562
411,0.762864,0.953125,0.976562
412,0.761424,0.984375,0.984375
413,0.762799,0.968750,0.984375
414,0.761253,0.984375,0.984375
415,0.761552,0.992188,0.992188
416,0.762798,0.984375,0.984375
417,0.762840,0.984375,1.000000
418,0.762870,0.984375,0.984375
419,0.762821,1.000000,1.000000
420,0.762938,0.976562,0.992188
421,0.763127,0.984375,0.984375
422,0.761648,0.976562,1.000000
423,0.762957,0.960938,0.960938
424,0.761639,0.984375,1.000000
425,0.763132,0.976562,0.976562
426,0.763162,0.976562,0.992188
427,0.763181,0.992188,1.000000
428,0.763144,1.000000,1.000000
429,0.762059,0.968750,0.976562
430,0.763161,0.984375,0.992188
431,0.763338,1.000000,1.000000
432,0.763246,0.984375,0.992188
433,0.763122,0.992188,0.992188
434,0.763295,0.984375,0.984375
435,0.763367,0.984375,0.992188
436,0.763266,0.984375,0.992188
437,0.763294,0.984375,0.984375
438,0.763480,1.000000,1.000000
439,0.763479,0.984375,0.992188
440,0.760951,0.992188,0.992188
441,0.763413,0.992188,1.000000
442,0.763394,0.976562,0.984375
443,0.763545,0.976562,0.976562
444,0.763731,0.976562,0.976562
445,0.763628,0.992188,0.992188
446,0.763798,0.992188,0.992188
447,0.762264,0.992188,0.992188
448,0.762494,0.984375,1.000000
449,0.762611,1.000000,1.000000
450,0.761232,0.984375,0.984375
451,0.763593,0.992188,1.000000
452,0.763824,0.984375,0.984375
453,0.763826,0.968750,0.976562
454,0.762027,0.992188,1.000000
455,0.763935,0.984375,0.992188
456,0.762120,0.976562,0.984375
457,0.763902,0.976562,0.984375
458,0.763778,0.992188,1.000000
459,0.764010,0.960938,0.960938
460,0.761984,0.976562,0.992188
461,0.764050,0.992188,0.992188
462,0.762210,0.945312,0.968750
463,0.764124,0.976562,0.984375
464,0.764220,1.000000,1.000000
465,0.764126,0.984375,0.984375
466,0.764260,0.976562,0.984375
467,0.764192,0.992188,0.992188
468,0.764233,0.984375,1.000000
469,0.764113,0.968750,0.968750
470,0.764337,0.992188,1.000000
471,0.764428,0.968750,0.968750
472,0.764439,1.000000,1.000000
473,0.764432,0.960938,0.976562
474,0.764378,0.976562,0.992188
475,0.764371,1.000000,1.000000
476,0.762870,1.000000,1.000000
477,0.764559,0.968750,0.976562
478,0.764644,0.968750,0.984375
479,0.764327,0.984375,0.984375
480,0.764636,0.992188,1.000000
481,0.764720,0.960938,0.992188
482,0.764647,0.976562,0.976562
483,0.764615,0.976562,0.976562
484,0.764727,0.968750,0.992188
485,0.764825,0.968750,0.976562
486,0.763195,0.984375,1.000000
487,0.764941,0.960938,0.976562
488,0.764931,0.984375,0.984375
489,0.763128,0.984375,0.992188
490,0.765087,0.968750,0.968750
491,0.764972,0.984375,0.984375
492,0.764905,0.953125,0.968750
493,0.763224,0.968750,0.976562
494,0.765031,0.976562,0.984375
495,0.763695,0.992188,1.000000
496,0.765074,0.968750,0.968750
497,0.765296,0.992188,0.992188
498,0.765233,0.992188,0.992188
499,0.765265,0.953125,0.968750
500,0.765183,0.984375,0.992188
501,0.765002,0.992188,0.992188
502,0.765182,0.992188,1.000000
503,0.765227,0.992188,1.000000
504,0.763411,0.960938,0.968750
505,0.765348,0.953125,0.960938
506,0.765394,0.976562,0.992188
507,0.765390,0.984375,1.000000
508,0.765148,0.968750,0.992188
509,0.765467,0.992188,1.000000
510,0.762467,0.984375,0.984375
511,0.765715,0.976562,0.992188
512,0.765533,0.960938,0.968750
513,0.765643,0.992188,1.000000
514,0.765541,0.992188,1.000000
515,0.765746,0.992188,0.992188
516,0.765707,0.976562,1.000000
517,0.765700,0.984375,0.992188
518,0.765867,0.992188,0.992188
519,0.765886,0.984375,0.992188
520,0.765762,0.992188,0.992188
521,0.765899,0.984375,1.000000
522,0.765868,1.000000,1.000000
523,0.766047,0.992188,1.000000
524,0.765989,0.953125,0.960938
525,0.766096,0.984375,0.992188
526,0.766072,0.968750,0.976562
527,0.766196,0.992188,0.992188
528,0.766206,0.968750,0.968750
529,0.766191,0.992188,0.992188
530,0.766231,0.976562,0.984375
531,0.766369,0.992188,1.000000
532,0.765073,0.984375,1.000000
533,0.766315,0.968750,0.976562
534,0.766413,0.984375,0.984375
535,0.764359,0.953125,0.968750
536,0.766423,0.968750,0.984375
537,0.766432,0.992188,0.992188
538,0.766441,0.968750,0.976562
539,0.766647,1.000000,1.000000
540,0.766664,0.968750,0.984375
541,0.766826,0.976562,0.984375
542,0.765214,0.976562,0.984375
543,0.766882,0.968750,0.976562
544,0.766973,0.984375,0.984375
545,0.764907,0.960938,0.960938
546,0.766984,0.984375,0.984375
547,0.766977,0.976562,0.976562
548,0.766959,0.984375,0.984375
549,0.767009,0.984375,0.984375
550,0.767123,0.984375,0.992188
551,0.766970,1.000000,1.000000
552,0.767025,0.984375,0.992188
553,0.764909,0.945312,0.960938
554,0.767091,0.992188,0.992188
555,0.767086,0.992188,0.992188
556,0.765825,0.976562,0.984375
557,0.767179,0.953125,0.968750
558,0.766901,0.992188,0.992188
559,0.767355,0.960938,0.968750
560,0.767216,0.992188,0.992188
561,0.767261,0.992188,1.000000
562,0.767366,0.984375,0.984375
563,0.767525,0.968750,0.976562
564,0.767390,0.976562,0.984375
565,0.767588,0.992188,0.992188
566,0.765526,0.968750,0.984375
567,0.767671,1.000000,1.000000
568,0.767720,0.968750,0.984375
569,0.767777,0.992188,0.992188
570,0.766373,0.984375,0.984375
571,0.766380,0.992188,0.992188
572,0.766143,0.984375,0.992188
573,0.765582,0.976562,0.984375
574,0.767924,0.984375,0.984375
575,0.767968,0.992188,0.992188
576,0.767823,0.992188,0.992188
577,0.764748,1.000000,1.000000
578,0.768101,0.984375,0.984375
579,0.765077,0.992188,1.000000
580,0.766821,0.992188,1.000000
581,0.768135,0.960938,0.976562
582,0.768168,0.968750,0.976562
583,0.768225,0.984375,0.992188
584,0.768359,0.968750,0.976562
585,0.768364,1.000000,1.000000
586,0.766638,0.992188,0.992188
587,0.768496,0.984375,0.992188
588,0.765474,0.953125,0.976562
589,0.768469,0.976562,0.984375
590,0.767131,0.976562,0.984375
591,0.767038,0.953125,0.953125
592,0.768557,0.984375,0.984375
593,0.768564,0.992188,0.992188
594,0.768707,0.992188,0.992188
595,0.768804,0.992188,1.000000
596,0.766926,0.992188,1.000000
597,0.768724,0.992188,0.992188
598,0.768821,0.984375,0.984375
599,0.768863,0.968750,0.976562
600,0.765305,0.984375,0.984375
601,0.768866,0.984375,0.984375
602,0.768720,0.984375,0.984375
603,0.768913,0.992188,0.992188
604,0.768909,0.992188,0.992188
605,0.768802,0.976562,0.984375
606,0.769008,0.984375,0.992188
607,0.767555,0.976562,0.984375
608,0.769034,0.992188,0.992188
609,0.769175,0.976562,0.992188
610,0.769230,0.992188,0.992188
611,0.769254,0.976562,0.992188
612,0.767516,0.984375,0.984375
613,0.769279,0.984375,0.992188
614,0.769168,0.976562,0.984375
615,0.767852,0.984375,0.984375
616,0.769330,0.976562,0.976562
617,0.767288,0.968750,0.976562
618,0.769534,0.992188,0.992188
619,0.769482,0.992188,1.000000
620,0.769457,0.984375,0.992188
621,0.767780,1.000000,1.000000
622,0.766339,0.968750,0.968750
623,0.766529,0.992188,0.992188
624,0.767885,0.984375,0.992188
625,0.766395,0.960938,0.976562
626,0.769639,0.976562,0.984375
627,0.769706,1.000000,1.000000
628,0.767801,1.000000,1.000000
629,0.769976,0.984375,0.984375
630,0.770019,0.984375,0.984375
631,0.768139,0.976562,0.976562
632,0.768337,0.968750,0.976562
633,0.769947,0.992188,0.992188
634,0.770081,0.992188,1.000000
635,0.770186,0.976562,0.976562
636,0.770067,1.000000,1.000000
637,0.770342,0.984375,0.992188
638,0.768442,0.992188,0.992188
639,0.768909,0.984375,0.992188
640,0.770297,0.960938,0.968750
641,0.770386,0.984375,0.992188
642,0.768530,0.984375,0.984375
643,0.770408,0.984375,0.992188
644,0.770439,1.000000,1.000000
645,0.770436,1.000000,1.000000
646,0.770529,0.992188,0.992188
647,0.770544,1.000000,1.000000
648,0.770684,0.968750,0.984375
649,0.770762,0.992188,1.000000
650,0.770581,0.984375,1.000000
651,0.770498,0.984375,0.984375
652,0.770678,1.000000,1.000000
653,0.769182,1.000000,1.000000
654,0.770770,0.992188,0.992188
655,0.770791,0.992188,0.992188
656,0.770929,0.976562,0.984375
657,0.771030,0.984375,0.984375
658,0.770999,0.992188,0.992188
659,0.771052,1.000000,1.000000
660,0.769461,0.992188,1.000000
661,0.770849,0.992188,0.992188
662,0.771150,0.992188,0.992188
663,0.768984,0.984375,0.984375
664,0.771052,1.000000,1.000000
665,0.771151,1.000000,1.000000
666,0.771368,0.992188,0.992188
667,0.769721,0.976562,0.984375
668,0.771356,0.976562,0.976562
669,0.771506,0.984375,0.992188
670,0.769867,0.984375,0.984375
671,0.770103,0.976562,0.984375
672,0.771704,0.976562,0.984375
673,0.771517,1.000000,1.000000
674,0.771577,0.992188,0.992188
675,0.771750,0.984375,0.992188
676,0.771734,0.976562,0.976562
677,0.770050,0.976562,0.976562
678,0.771717,0.984375,1.000000
679,0.771829,0.992188,0.992188
680,0.769924,1.000000,1.000000
681,0.771971,0.976562,0.984375
682,0.771919,0.984375,0.984375
683,0.772091,1.000000,1.000000
684,0.771993,1.000000,1.000000
685,0.772097,1.000000,1.000000
686,0.772173,0.984375,0.984375
687,0.770151,0.984375,0.984375
688,0.772243,1.000000,1.000000
689,0.772210,0.968750,0.968750
690,0.770595,0.976562,0.984375
691,0.772339,0.984375,0.984375
692,0.772314,0.992188,1.000000
693,0.772491,1.000000,1.000000
694,0.770170,0.992188,0.992188
695,0.772585,0.992188,1.000000
696,0.772646,1.000000,1.000000
697,0.772836,0.984375,0.984375
698,0.770648,0.976562,0.976562
699,0.772782,0.984375,0.984375
700,0.772747,0.992188,1.000000
701,0.772722,0.984375,0.984375
702,0.772711,0.984375,0.984375
703,0.770721,0.992188,0.992188
704,0.772648,0.984375,0.984375
705,0.772461,1.000000,1.000000
706,0.772904,0.984375,0.984375
707,0.773034,0.984375,0.984375
708,0.772934,1.000000,1.000000
709,0.773109,0.992188,1.000000
710,0.772994,0.992188,0.992188
711,0.773059,0.992188,0.992188
712,0.773102,0.984375,0.992188
713,0.773179,0.984375,0.984375
714,0.773031,1.000000,1.000000
715,0.773107,0.992188,0.992188
716,0.773122,0.992188,0.992188
717,0.773510,0.984375,0.984375
718,0.773485,0.984375,0.992188
719,0.773315,0.992188,0.992188
720,0.773483,1.000000,1.000000
721,0.773438,1.000000,1.000000
722,0.771663,0.992188,0.992188
723,0.773694,0.984375,0.984375
724,0.773709,1.000000,1.000000
725,0.773839,0.992188,0.992188
726,0.773786,0.984375,0.984375
727,0.773692,1.000000,1.000000
728,0.772154,0.984375,0.984375
729,0.774084,0.968750,0.968750
730,0.773759,0.976562,0.976562
731,0.772318,0.992188,0.992188
732,0.772066,0.976562,0.984375
733,0.774030,0.984375,0.984375
734,0.774188,0.984375,0.992188
735,0.774181,0.992188,0.992188
736,0.774146,0.984375,0.992188
737,0.774201,1.000000,1.000000
738,0.774214,0.968750,0.992188
739,0.772868,1.000000,1.000000
740,0.772198,0.992188,0.992188
741,0.774481,1.000000,1.000000
742,0.774530,0.992188,0.992188
743,0.774568,1.000000,1.000000
744,0.774473,1.000000,1.000000
745,0.774667,0.992188,0.992188
746,0.774713,0.976562,0.976562
747,0.774650,0.984375,0.992188
748,0.774816,0.984375,0.984375
749,0.774818,0.992188,1.000000
750,0.775010,0.968750,0.984375
751,0.774616,1.000000,1.000000
752,0.775007,1.000000,1.000000
753,0.774956,0.968750,0.968750
754,0.772479,0.984375,0.984375
755,0.774894,0.945312,0.945312
756,0.775016,1.000000,1.000000
757,0.773542,0.992188,0.992188
758,0.774993,0.984375,0.992188
759,0.775255,0.984375,0.992188
760,0.773604,0.992188,0.992188
761,0.775366,0.992188,0.992188
762,0.773331,0.984375,0.984375
763,0.775208,0.992188,0.992188
764,0.775345,0.992188,0.992188
765,0.773925,0.960938,0.968750
766,0.775657,0.992188,0.992188
767,0.773690,1.000000,1.000000
768,0.775840,0.984375,1.000000
769,0.775703,1.000000,1.000000
770,0.775598,0.992188,0.992188
771,0.775905,1.000000,1.000000
772,0.775716,0.984375,0.984375
773,0.776000,0.992188,0.992188
774,0.775750,0.968750,0.976562
775,0.775949,0.976562,0.984375
776,0.775907,0.984375,0.984375
777,0.776226,0.976562,0.976562
778,0.775836,0.992188,0.992188
779,0.776123,0.992188,0.992188
780,0.776352,0.960938,0.968750
781,0.776259,0.984375,0.984375
782,0.776193,1.000000,1.000000
783,0.776455,0.984375,0.984375
784,0.776173,0.968750,0.976562
785,0.776638,0.992188,0.992188
786,0.776411,0.992188,1.000000
787,0.776394,0.984375,0.984375
788,0.776485,1.000000,1.000000
789,0.776648,0.984375,0.992188
790,0.776501,0.976562,0.976562
791,0.774512,0.992188,0.992188
792,0.776671,0.992188,0.992188
793,0.777052,0.992188,0.992188
794,0.776839,0.960938,0.968750
795,0.776939,0.992188,0.992188
796,0.775153,0.984375,0.984375
797,0.777115,0.992188,0.992188
798,0.777267,0.976562,0.984375
799,0.777224,0.992188,0.992188
800,0.777260,1.000000,1.000000
801,0.777056,0.984375,0.984375
802,0.775116,0.976562,0.976562
803,0.777156,1.000000,1.000000
804,0.777049,0.992188,0.992188
805,0.777080,0.976562,0.976562
806,0.777217,1.000000,1.000000
807,0.777313,0.984375,0.984375
808,0.777073,1.000000,1.000000
809,0.777188,0.984375,0.984375
810,0.777245,0.984375,0.984375
811,0.777378,1.000000,1.000000
812,0.777336,0.984375,0.984375
813,0.777898,1.000000,1.000000
814,0.777665,0.960938,0.968750
815,0.777635,0.992188,0.992188
816,0.777611,0.992188,0.992188
817,0.777916,0.992188,0.992188
818,0.778061,0.984375,0.992188
819,0.777821,0.984375,0.984375
820,0.778140,0.976562,0.976562
821,0.778280,0.984375,0.984375
822,0.778343,0.984375,0.984375
823,0.776703,0.984375,0.992188
824,0.778335,0.984375,0.992188
825,0.778654,0.984375,0.984375
826,0.776550,1.000000,1.000000
827,0.776795,0.976562,0.976562
828,0.778552,0.984375,0.992188
829,0.778496,0.984375,0.984375
830,0.778795,0.992188,1.000000
831,0.778833,1.000000,1.000000
832,0.778840,0.984375,0.984375
833,0.778636,0.992188,1.000000
834,0.779034,0.992188,0.992188
835,0.779035,1.000000,1.000000
836,0.774962,0.984375,0.984375
837,0.779170,0.984375,0.984375
838,0.779236,0.984375,0.984375
839,0.779308,0.992188,0.992188
840,0.779263,0.992188,1.000000
841,0.778684,0.976562,0.984375
842,0.779477,1.000000,1.000000
843,0.779381,1.000000,1.000000
844,0.779550,0.992188,0.992188
845,0.779691,0.976562,0.976562
846,0.777365,1.000000,1.000000
847,0.779381,1.000000,1.000000
848,0.779773,0.984375,1.000000
849,0.779714,0.976562,0.976562
850,0.779701,0.960938,0.960938
851,0.779535,0.968750,0.984375
852,0.779701,0.984375,0.992188
853,0.779792,1.000000,1.000000
854,0.780002,0.984375,0.984375
855,0.778031,0.984375,0.992188
856,0.778032,1.000000,1.000000
857,0.780047,0.984375,0.992188
858,0.780234,0.992188,0.992188
859,0.780150,0.992188,0.992188
860,0.780080,0.984375,0.992188
861,0.780314,0.992188,0.992188
862,0.780108,1.000000,1.000000
863,0.780307,1.000000,1.000000
864,0.780516,0.984375,0.984375
865,0.780427,1.000000,1.000000
866,0.780745,0.992188,0.992188
867,0.780553,0.976562,0.976562
868,0.780461,0.976562,0.976562
869,0.780615,0.992188,0.992188
870,0.780887,0.992188,1.000000
871,0.780990,0.992188,0.992188
872,0.780717,0.992188,0.992188
873,0.780666,1.000000,1.000000
874,0.780841,0.984375,0.992188
875,0.781065,0.992188,0.992188
876,0.780897,0.992188,1.000000
877,0.780799,0.992188,1.000000
878,0.781350,0.992188,0.992188
879,0.781389,0.984375,0.984375
880,0.779460,0.992188,0.992188
881,0.781413,1.000000,1.000000
882,0.781591,0.984375,0.992188
883,0.781525,0.984375,0.992188
884,0.781707,1.000000,1.000000
885,0.779613,1.000000,1.000000
886,0.781544,0.976562,0.984375
887,0.781888,0.992188,0.992188
888,0.779970,0.984375,0.984375
889,0.782013,0.992188,0.992188
890,0.781547,1.000000,1.000000
891,0.782155,0.992188,0.992188
892,0.782197,0.984375,0.984375
893,0.782074,1.000000,1.000000
894,0.782117,1.000000,1.000000
895,0.782207,0.984375,0.992188
896,0.782281,0.992188,0.992188
897,0.782481,0.992188,0.992188
898,0.782464,0.984375,0.992188
899,0.780286,0.984375,0.984375
900,0.782411,1.000000,1.000000
901,0.782483,0.992188,0.992188
902,0.782600,0.992188,0.992188
903,0.782724,0.992188,0.992188
904,0.782698,0.992188,0.992188
905,0.780486,0.976562,0.984375
906,0.782634,0.992188,0.992188
907,0.782875,0.992188,0.992188
908,0.783022,0.976562,0.976562
909,0.782760,0.984375,0.984375
910,0.783134,1.000000,1.000000
911,0.783056,0.992188,0.992188
912,0.783260,0.984375,0.984375
913,0.782831,0.984375,0.984375
914,0.781286,0.992188,0.992188
915,0.783293,0.984375,0.984375
916,0.783200,0.992188,0.992188
917,0.783325,0.976562,0.976562
918,0.783402,0.992188,0.992188
919,0.781734,1.000000,1.000000
920,0.783428,0.992188,0.992188
921,0.783590,0.984375,0.984375
922,0.783791,1.000000,1.000000
923,0.783595,0.984375,0.992188
924,0.783848,0.992188,0.992188
925,0.784037,0.960938,0.976562
926,0.783804,1.000000,1.000000
927,0.783980,1.000000,1.000000
928,0.784057,0.992188,0.992188
929,0.783874,0.984375,0.984375
930,0.784257,0.984375,0.984375
931,0.784283,0.992188,0.992188
932,0.784238,1.000000,1.000000
933,0.784241,0.992188,0.992188
934,0.784473,0.968750,0.984375
935,0.784504,0.976562,0.992188
936,0.784409,0.984375,0.992188
937,0.784494,0.992188,0.992188
938,0.784703,0.992188,0.992188
939,0.784641,0.984375,0.984375
940,0.782721,1.000000,1.000000
941,0.784973,0.992188,0.992188
942,0.784913,0.992188,0.992188
943,0.784859,1.000000,1.000000
944,0.783087,0.976562,0.976562
945,0.785283,0.984375,0.984375
946,0.785054,0.984375,1.000000
947,0.785141,0.992188,0.992188
948,0.785415,0.992188,0.992188
949,0.785320,0.992188,0.992188
950,0.785422,0.992188,0.992188
951,0.785499,0.984375,0.984375
952,0.785336,1.000000,1.000000
953,0.785637,0.992188,0.992188
954,0.785644,1.000000,1.000000
955,0.785797,0.992188,0.992188
956,0.785858,0.984375,0.992188
957,0.785921,0.992188,1.000000
958,0.785822,0.992188,1.000000
959,0.785854,1.000000,1.000000
960,0.784039,0.992188,0.992188
961,0.785979,0.984375,0.984375
962,0.785968,0.984375,0.984375
963,0.786167,0.984375,0.984375
964,0.786228,0.976562,0.976562
965,0.786413,1.000000,1.000000
966,0.786510,0.984375,1.000000
967,0.784423,0.992188,0.992188
968,0.786215,0.976562,0.984375
969,0.786468,0.968750,0.968750
970,0.784553,1.000000,1.000000
971,0.786687,0.992188,0.992188
972,0.784190,1.000000,1.000000
973,0.786939,0.984375,0.984375
974,0.786948,0.992188,0.992188
975,0.786906,0.984375,0.984375
976,0.787078,0.992188,0.992188
977,0.786898,0.976562,0.976562
978,0.787237,0.992188,1.000000
979,0.787260,0.992188,0.992188
980,0.786825,1.000000,1.000000
981,0.787329,0.992188,0.992188
982,0.787382,0.984375,0.992188
983,0.787541,0.984375,0.984375
984,0.787474,1.000000,1.000000
985,0.787571,0.992188,1.000000
986,0.787578,1.000000,1.000000
987,0.787772,0.984375,0.984375
988,0.787748,0.992188,0.992188
989,0.787859,0.992188,0.992188
990,0.788001,1.000000,1.000000
991,0.787701,1.000000,1.000000
992,0.788112,1.000000,1.000000
993,0.788187,1.000000,1.000000
994,0.786038,0.976562,0.976562
995,0.788172,0.984375,0.984375
996,0.788397,0.992188,0.992188
997,0.788386,0.968750,0.968750
998,0.788165,0.984375,0.992188
999,0.788427,0.984375,1.000000
1000,0.788386,0.992188,0.992188
1001,0.788488,0.992188,0.992188
1002,0.788547,0.976562,0.976562
1003,0.788403,0.984375,1.000000
1004,0.788734,1.000000,1.000000
1005,0.788653,0.976562,0.976562
1006,0.788630,0.976562,0.984375
1007,0.788893,0.992188,1.000000
1008,0.788960,1.000000,1.000000
1009,0.788851,0.992188,0.992188
1010,0.788981,0.984375,1.000000
1011,0.789073,1.000000,1.000000
1012,0.788957,1.000000,1.000000
1013,0.789165,0.992188,0.992188
1014,0.786463,0.984375,0.992188
1015,0.789287,1.000000,1.000000
1016,0.789341,0.984375,0.984375
1017,0.789396,0.992188,0.992188
1018,0.789426,0.984375,0.984375
1019,0.789292,0.992188,1.000000
1020,0.789515,0.992188,0.992188
1021,0.787282,0.992188,0.992188
1022,0.789619,0.984375,0.984375
1023,0.785414,1.000000,1.000000
1024,0.789766,1.000000,1.000000
1025,0.789686,1.000000,1.000000
1026,0.789730,0.992188,0.992188
1027,0.789717,1.000000,1.000000
1028,0.789861,0.992188,0.992188
1029,0.789982,0.992188,0.992188
1030,0.789983,0.984375,0.984375
1031,0.789897,1.000000,1.000000
1032,0.790134,0.984375,0.984375
1033,0.790120,0.992188,0.992188
1034,0.790192,0.992188,0.992188
1035,0.790268,0.984375,0.984375
1036,0.790272,0.968750,0.984375
1037,0.790210,0.992188,1.000000
1038,0.790347,0.992188,0.992188
1039,0.788341,1.000000,1.000000
1040,0.790520,0.984375,0.984375
1041,0.790575,0.984375,0.984375
1042,0.790474,0.992188,0.992188
1043,0.790477,0.992188,0.992188
1044,0.790598,1.000000,1.000000
1045,0.790736,0.976562,0.976562
1046,0.788677,0.984375,1.000000
1047,0.790825,1.000000,1.000000
1048,0.790784,0.984375,0.984375
1049,0.790750,0.984375,0.984375
1050,0.790981,0.976562,0.992188
1051,0.788661,0.992188,0.992188
1052,0.790907,0.976562,0.976562
1053,0.788952,1.000000,1.000000
1054,0.791036,0.992188,0.992188
1055,0.791213,0.992188,0.992188
1056,0.789055,0.984375,0.984375
1057,0.788733,0.984375,0.984375
1058,0.791289,1.000000,1.000000
1059,0.791375,1.000000,1.000000
1060,0.791373,0.984375,1.000000
1061,0.791391,0.960938,0.968750
1062,0.791569,0.992188,0.992188
1063,0.791389,0.984375,0.984375
1064,0.791541,0.976562,0.992188
1065,0.791703,1.000000,1.000000
1066,0.791720,0.984375,0.984375
1067,0.791768,0.984375,0.984375
1068,0.791809,0.992188,1.000000
1069,0.789220,0.992188,0.992188
1070,0.791844,0.992188,0.992188
1071,0.791987,0.992188,0.992188
1072,0.791896,0.976562,0.984375
1073,0.792109,1.000000,1.000000
1074,0.792154,0.992188,0.992188
1075,0.789898,0.992188,0.992188
1076,0.792244,0.992188,0.992188
1077,0.792188,1.000000,1.000000
1078,0.792221,0.992188,1.000000
1079,0.792238,0.992188,0.992188
1080,0.792119,1.000000,1.000000
1081,0.792399,0.976562,0.984375
1082,0.792366,1.000000,1.000000
1083,0.792374,1.000000,1.000000
1084,0.792591,1.000000,1.000000
1085,0.792667,0.992188,0.992188
1086,0.790105,1.000000,1.000000
1087,0.792757,0.976562,0.984375
1088,0.792651,0.984375,0.984375
1089,0.792819,0.984375,0.984375
1090,0.792468,0.992188,1.000000
1091,0.792779,1.000000,1.000000
1092,0.792999,0.992188,0.992188
1093,0.793057,0.992188,0.992188
1094,0.792995,1.000000,1.000000
1095,0.790843,0.976562,0.976562
1096,0.792930,0.984375,0.984375
1097,0.793046,0.984375,0.984375
1098,0.790976,0.992188,0.992188
1099,0.793331,0.984375,0.992188
1100,0.793215,0.992188,0.992188
1101,0.793230,1.000000,1.000000
1102,0.793250,0.992188,0.992188
1103,0.793434,0.992188,0.992188
1104,0.793512,0.992188,0.992188
1105,0.793275,0.992188,0.992188
1106,0.791166,1.000000,1.000000
1107,0.791570,1.000000,1.000000
1108,0.793712,1.000000,1.000000
1109,0.793609,0.984375,0.984375
1110,0.793820,0.992188,0.992188
1111,0.793872,0.992188,0.992188
1112,0.793780,0.992188,0.992188
1113,0.793800,1.000000,1.000000
1114,0.793981,0.984375,0.984375
1115,0.791136,0.992188,0.992188
1116,0.794097,0.992188,0.992188
1117,0.793707,1.000000,1.000000
1118,0.793801,0.992188,0.992188
1119,0.794248,0.984375,0.984375
1120,0.794248,1.000000,1.000000
1121,0.794206,1.000000,1.000000
1122,0.791666,0.992188,0.992188
1123,0.794459,1.000000,1.000000
1124,0.794470,1.000000,1.000000
1125,0.794393,0.992188,0.992188
1126,0.794586,0.984375,0.984375
1127,0.794648,0.984375,0.984375
1128,0.794696,0.992188,0.992188
1129,0.794452,1.000000,1.000000
1130,0.794479,1.000000,1.000000
1131,0.794813,0.992188,0.992188
1132,0.794891,1.000000,1.000000
1133,0.794740,0.984375,0.992188
1134,0.792265,0.992188,0.992188
1135,0.794885,0.984375,0.984375
1136,0.794926,0.984375,0.984375
1137,0.795120,1.000000,1.000000
1138,0.794827,0.984375,0.984375
1139,0.795356,0.984375,0.992188
1140,0.795250,0.984375,0.984375
1141,0.795309,0.984375,0.984375
1142,0.795158,0.992188,0.992188
1143,0.795384,1.000000,1.000000
1144,0.795298,0.992188,1.000000
1145,0.795226,0.992188,0.992188
1146,0.795450,0.992188,0.992188
1147,0.795371,0.992188,0.992188
1148,0.795639,0.984375,0.992188
1149,0.795703,0.992188,0.992188
1150,0.795720,1.000000,1.000000
1151,0.795735,0.992188,0.992188
1152,0.795698,1.000000,1.000000
1153,0.795560,0.992188,0.992188
1154,0.795764,1.000000,1.000000
1155,0.795805,0.968750,0.976562
1156,0.795550,0.992188,0.992188
1157,0.795904,1.000000,1.000000
1158,0.795854,1.000000,1.000000
1159,0.796079,0.976562,0.976562
1160,0.795977,1.000000,1.000000
1161,0.796166,1.000000,1.000000
1162,0.796228,0.992188,0.992188
1163,0.796247,0.992188,0.992188
1164,0.796338,0.984375,0.984375
1165,0.796397,0.984375,0.992188
1166,0.796309,1.000000,1.000000
1167,0.796297,0.984375,0.984375
1168,0.796307,1.000000,1.000000
1169,0.796549,0.992188,0.992188
1170,0.796509,1.000000,1.000000
1171,0.796716,0.984375,0.984375
1172,0.796733,1.000000,1.000000
1173,0.796619,0.968750,0.984375
1174,0.796731,0.992188,0.992188
1175,0.796835,0.992188,0.992188
1176,0.796834,1.000000,1.000000
1177,0.796624,1.000000,1.000000
1178,0.794321,1.000000,1.000000
1179,0.796961,0.992188,0.992188
1180,0.796956,0.984375,0.984375
1181,0.796770,0.992188,0.992188
1182,0.797079,1.000000,1.000000
1183,0.797207,1.000000,1.000000
1184,0.797298,0.992188,1.000000
1185,0.797360,1.000000,1.000000
1186,0.797321,0.976562,0.976562
1187,0.797131,0.992188,0.992188
1188,0.797470,0.992188,0.992188
1189,0.794726,1.000000,1.000000
1190,0.797401,0.976562,0.976562
1191,0.797392,1.000000,1.000000
1192,0.797731,0.984375,0.992188
1193,0.795200,1.000000,1.000000
1194,0.797735,0.992188,0.992188
1195,0.797716,0.992188,1.000000
1196,0.797764,1.000000,1.000000
1197,0.797590,0.984375,0.992188
1198,0.797832,0.984375,0.992188
1199,0.798039,0.992188,0.992188
1200,0.798132,1.000000,1.000000
1201,0.798041,1.000000,1.000000
1202,0.798123,1.000000,1.000000
1203,0.797988,0.984375,0.984375
1204,0.797919,1.000000,1.000000
1205,0.798274,1.000000,1.000000
1206,0.798307,1.000000,1.000000
1207,0.798343,1.000000,1.000000
1208,0.798267,0.992188,0.992188
1209,0.798342,0.992188,0.992188
1210,0.798301,0.992188,0.992188
1211,0.798520,0.992188,1.000000
1212,0.798593,0.984375,0.992188
1213,0.798633,0.992188,0.992188
1214,0.798231,1.000000,1.000000
1215,0.798751,1.000000,1.000000
1216,0.798694,0.992188,0.992188
1217,0.798832,0.992188,0.992188
1218,0.798882,1.000000,1.000000
1219,0.798729,0.992188,0.992188
1220,0.798754,0.976562,0.992188
1221,0.799032,0.992188,0.992188
1222,0.799068,0.992188,0.992188
1223,0.798885,1.000000,1.000000
1224,0.799187,0.992188,0.992188
1225,0.799198,0.992188,0.992188
1226,0.799098,0.992188,1.000000
1227,0.799262,0.992188,0.992188
1228,0.799330,0.992188,0.992188
1229,0.799308,0.992188,0.992188
1230,0.799476,0.984375,0.984375
1231,0.799433,0.992188,0.992188
1232,0.799604,0.992188,0.992188
1233,0.799607,0.984375,0.992188
1234,0.799623,0.992188,0.992188
1235,0.796609,0.976562,0.984375
1236,0.799472,0.992188,1.000000
1237,0.799728,0.976562,0.984375
1238,0.799853,1.000000,1.000000
1239,0.799886,0.992188,0.992188
1240,0.799815,0.992188,1.000000
1241,0.799906,0.984375,0.984375
1242,0.799907,0.984375,0.984375
1243,0.799798,0.984375,0.992188
1244,0.800002,1.000000,1.000000
1245,0.800180,1.000000,1.000000
1246,0.800100,0.992188,1.000000
1247,0.800265,0.992188,1.000000
1248,0.800193,0.984375,0.992188
1249,0.800236,1.000000,1.000000
1250,0.800349,0.976562,0.984375
1251,0.800412,0.984375,0.984375
1252,0.800443,0.992188,1.000000
1253,0.800505,1.000000,1.000000
1254,0.800411,1.000000,1.000000
1255,0.800622,0.992188,0.992188
1256,0.800493,0.984375,0.992188
1257,0.800408,0.984375,0.984375
1258,0.800620,0.984375,0.984375
1259,0.800771,0.992188,0.992188
1260,0.800836,1.000000,1.000000
1261,0.800903,0.976562,0.976562
1262,0.800863,1.000000,1.000000
1263,0.800988,0.992188,0.992188
1264,0.800716,1.000000,1.000000
1265,0.800963,1.000000,1.000000
1266,0.798567,0.992188,0.992188
1267,0.801212,0.992188,0.992188
1268,0.797868,1.000000,1.000000
1269,0.801139,0.992188,0.992188
1270,0.801218,0.992188,0.992188
1271,0.801457,1.000000,1.000000
1272,0.798728,0.984375,0.992188
1273,0.801375,1.000000,1.000000
1274,0.801529,1.000000,1.000000
1275,0.801620,1.000000,1.000000
1276,0.801688,0.976562,0.976562
1277,0.801735,0.992188,0.992188
1278,0.801804,0.976562,0.984375
1279,0.801809,0.992188,0.992188
1280,0.801875,0.968750,0.984375
1281,0.801959,0.992188,1.000000
1282,0.801993,0.984375,0.992188
1283,0.802000,1.000000,1.000000
1284,0.801923,0.984375,0.984375
1285,0.802127,1.000000,1.000000
1286,0.802046,0.992188,0.992188
1287,0.802238,0.992188,1.000000
1288,0.802140,0.992188,0.992188
1289,0.802342,1.000000,1.000000
1290,0.802378,0.976562,0.984375
1291,0.802467,0.984375,0.984375
1292,0.802400,0.984375,0.984375
1293,0.802514,1.000000,1.000000
1294,0.802608,1.000000,1.000000
1295,0.802541,1.000000,1.000000
1296,0.802522,0.984375,0.984375
1297,0.797241,0.992188,1.000000
1298,0.802775,1.000000,1.000000
1299,0.802684,0.984375,0.984375
1300,0.802744,1.000000,1.000000
1301,0.802859,0.992188,0.992188
1302,0.802824,1.000000,1.000000
1303,0.802978,0.992188,0.992188
1304,0.803013,0.984375,0.984375
1305,0.802889,0.992188,0.992188
1306,0.803079,0.976562,0.976562
1307,0.803143,1.000000,1.000000
1308,0.803055,1.000000,1.000000
1309,0.803241,0.984375,0.984375
1310,0.803138,1.000000,1.000000
1311,0.803321,1.000000,1.000000
1312,0.803418,0.992188,0.992188
1313,0.803467,0.984375,0.984375
1314,0.800948,1.000000,1.000000
1315,0.803547,0.992188,0.992188
1316,0.803326,0.992188,0.992188
1317,0.803496,0.992188,0.992188
1318,0.803676,0.976562,0.976562
1319,0.803575,0.984375,0.984375
1320,0.803774,0.992188,0.992188
1321,0.803826,0.992188,0.992188
1322,0.803779,0.984375,0.984375
1323,0.803925,0.992188,0.992188
1324,0.803991,0.984375,0.984375
1325,0.804039,0.984375,0.992188
1326,0.804066,1.000000,1.000000
1327,0.804139,0.984375,0.984375
1328,0.804011,0.984375,0.984375
1329,0.804237,0.984375,0.984375
1330,0.804280,1.000000,1.000000
1331,0.804301,0.984375,0.984375
1332,0.804236,0.992188,0.992188
1333,0.801517,0.992188,0.992188
1334,0.804419,0.976562,0.976562
1335,0.804435,1.000000,1.000000
1336,0.804385,1.000000,1.000000
1337,0.804602,0.976562,0.984375
1338,0.804616,0.984375,0.992188
1339,0.804727,0.992188,0.992188
1340,0.804678,1.000000,1.000000
1341,0.804774,0.992188,0.992188
1342,0.804852,1.000000,1.000000
1343,0.804866,1.000000,1.000000
1344,0.804959,1.000000,1.000000
1345,0.804946,0.968750,0.976562
1346,0.804833,0.992188,1.000000
1347,0.804906,1.000000,1.000000
1348,0.805144,1.000000,1.000000
1349,0.805202,0.992188,0.992188
1350,0.805251,0.992188,0.992188
1351,0.805210,1.000000,1.000000
1352,0.805240,0.976562,0.976562
1353,0.805193,0.992188,0.992188
1354,0.805309,0.992188,0.992188
1355,0.802850,0.992188,1.000000
1356,0.805341,0.984375,0.992188
1357,0.805388,0.992188,0.992188
1358,0.805553,1.000000,1.000000
1359,0.805570,0.992188,0.992188
1360,0.805650,0.992188,0.992188
1361,0.805681,0.976562,0.976562
1362,0.805748,0.992188,0.992188
1363,0.805549,1.000000,1.000000
1364,0.805866,1.000000,1.000000
1365,0.805877,0.976562,0.976562
1366,0.805919,0.992188,0.992188
1367,0.805985,0.984375,0.992188
1368,0.806032,0.992188,1.000000
1369,0.806071,1.000000,1.000000
1370,0.806007,0.976562,0.976562
1371,0.803644,0.984375,0.984375
1372,0.806224,0.992188,0.992188
1373,0.806098,1.000000,1.000000
1374,0.803594,0.984375,0.984375
1375,0.806399,1.000000,1.000000
1376,0.806349,0.992188,0.992188
1377,0.806471,1.000000,1.000000
1378,0.806274,0.984375,0.984375
1379,0.806571,0.976562,0.976562
1380,0.806596,1.000000,1.000000
1381,0.806627,0.984375,0.992188
1382,0.806727,0.984375,0.984375
1383,0.806668,0.992188,0.992188
1384,0.806765,0.992188,0.992188
1385,0.806765,0.976562,0.976562
1386,0.806497,0.992188,0.992188
1387,0.806818,0.984375,0.984375
1388,0.806883,1.000000,1.000000
1389,0.806999,0.992188,0.992188
1390,0.807065,1.000000,1.000000
1391,0.807193,0.992188,0.992188
1392,0.807148,0.992188,0.992188
1393,0.807262,0.984375,0.984375
1394,0.807310,1.000000,1.000000
1395,0.807180,0.984375,0.984375
1396,0.807426,0.992188,0.992188
1397,0.807424,0.984375,0.984375
1398,0.804431,0.992188,0.992188
1399,0.807552,0.992188,0.992188
1400,0.807600,0.984375,0.992188
1401,0.807532,0.976562,0.976562
1402,0.807598,1.000000,1.000000
1403,0.807534,1.000000,1.000000
1404,0.807718,1.000000,1.000000
1405,0.807731,0.984375,0.992188
1406,0.807779,0.976562,0.984375
1407,0.807874,1.000000,1.000000
1408,0.807898,0.992188,0.992188
1409,0.804982,0.992188,1.000000
1410,0.807883,0.992188,0.992188
1411,0.807979,0.976562,0.976562
1412,0.808083,0.992188,0.992188
1413,0.808103,1.000000,1.000000
1414,0.808044,1.000000,1.000000
1415,0.808094,0.984375,0.984375
1416,0.808275,0.992188,0.992188
1417,0.808206,1.000000,1.000000
1418,0.808376,1.000000,1.000000
1419,0.808432,0.984375,0.984375
1420,0.808493,1.000000,1.000000
1421,0.808388,0.992188,0.992188
1422,0.808488,0.992188,1.000000
1423,0.808569,0.992188,0.992188
1424,0.808688,0.984375,0.984375
1425,0.808719,1.000000,1.000000
1426,0.808704,1.000000,1.000000
1427,0.808848,0.992188,0.992188
1428,0.808866,1.000000,1.000000
1429,0.808948,0.992188,1.000000
1430,0.808977,1.000000,1.000000
1431,0.809000,0.968750,0.976562
1432,0.809094,0.984375,0.984375
1433,0.809119,1.000000,1.000000
1434,0.809021,0.992188,1.000000
1435,0.809203,1.000000,1.000000
1436,0.809256,0.984375,0.984375
1437,0.809295,1.000000,1.000000
1438,0.809345,1.000000,1.000000
1439,0.809420,1.000000,1.000000
1440,0.809482,1.000000,1.000000
1441,0.809506,1.000000,1.000000
1442,0.809410,1.000000,1.000000
1443,0.809587,1.000000,1.000000
1444,0.809535,0.992188,0.992188
1445,0.809725,0.992188,0.992188
1446,0.809624,1.000000,1.000000
1447,0.809823,1.000000,1.000000
1448,0.809757,1.000000,1.000000
1449,0.809800,0.992188,0.992188
1450,0.809783,0.960938,0.976562
1451,0.809932,1.000000,1.000000
1452,0.809991,1.000000,1.000000
1453,0.807408,1.000000,1.000000
1454,0.810071,0.992188,0.992188
1455,0.810123,0.984375,0.984375
1456,0.810039,0.992188,0.992188
1457,0.810207,0.992188,1.000000
1458,0.810121,1.000000,1.000000
1459,0.810306,1.000000,1.000000
1460,0.810362,1.000000,1.000000
1461,0.810408,1.000000,1.000000
1462,0.810446,0.992188,0.992188
1463,0.810453,0.992188,0.992188
1464,0.810556,1.000000,1.000000
1465,0.810563,0.984375,0.984375
1466,0.810682,1.000000,1.000000
1467,0.810725,0.992188,1.000000
1468,0.810760,0.992188,1.000000
1469,0.810764,0.992188,1.000000
1470,0.810842,1.000000,1.000000
1471,0.808155,0.992188,0.992188
1472,0.810737,0.992188,0.992188
1473,0.810996,1.000000,1.000000
1474,0.811053,0.992188,0.992188
1475,0.810961,0.984375,0.984375
1476,0.811127,1.000000,1.000000
1477,0.811063,0.992188,0.992188
1478,0.811260,0.992188,0.992188
1479,0.811292,0.992188,0.992188
1480,0.811325,0.992188,0.992188
1481,0.811412,0.968750,0.976562
1482,0.811457,0.992188,0.992188
1483,0.811346,0.984375,0.992188
1484,0.811555,0.992188,0.992188
1485,0.811604,1.000000,1.000000
1486,0.811652,0.992188,0.992188
1487,0.811597,1.000000,1.000000
1488,0.811582,0.976562,0.984375
1489,0.811781,0.992188,0.992188
1490,0.811830,0.984375,0.992188
1491,0.811879,1.000000,1.000000
1492,0.811879,0.984375,0.984375
1493,0.811995,0.992188,0.992188
1494,0.812013,0.992188,0.992188
1495,0.812092,0.968750,0.984375
1496,0.812086,0.992188,0.992188
1497,0.812172,0.992188,1.000000
1498,0.812109,0.992188,0.992188
1499,0.812101,0.976562,0.976562
1500,0.812356,0.992188,0.992188
1501,0.812292,1.000000,1.000000
1502,0.812330,0.992188,0.992188
1503,0.812358,1.000000,1.000000
1504,0.812469,0.992188,1.000000
1505,0.809104,0.984375,0.984375
1506,0.812517,0.984375,0.984375
1507,0.812612,0.992188,0.992188
1508,0.812486,1.000000,1.000000
1509,0.812719,0.984375,0.984375
1510,0.812773,1.000000,1.000000
1511,0.812821,0.992188,0.992188
1512,0.812612,1.000000,1.000000
1513,0.812870,1.000000,1.000000
1514,0.812957,1.000000,1.000000
1515,0.812976,0.984375,0.984375
1516,0.813076,1.000000,1.000000
1517,0.813088,0.992188,0.992188
1518,0.813174,0.992188,0.992188
1519,0.813083,0.992188,0.992188
1520,0.813245,0.992188,0.992188
1521,0.813326,0.992188,0.992188
1522,0.813368,0.992188,0.992188
1523,0.813389,1.000000,1.000000
1524,0.813456,0.992188,0.992188
1525,0.813365,0.992188,0.992188
1526,0.813443,0.992188,0.992188
1527,0.813622,1.000000,1.000000
1528,0.813635,1.000000,1.000000
1529,0.813589,1.000000,1.000000
1530,0.813714,1.000000,1.000000
1531,0.811031,1.000000,1.000000
1532,0.813868,1.000000,1.000000
1533,0.813732,0.984375,0.992188
1534,0.813968,0.992188,0.992188
1535,0.813994,0.992188,0.992188
1536,0.814064,1.000000,1.000000
1537,0.814073,1.000000,1.000000
1538,0.814167,0.992188,1.000000
1539,0.814217,0.984375,0.984375
1540,0.810622,0.992188,0.992188
1541,0.814314,1.000000,1.000000
1542,0.814351,0.992188,1.000000
1543,0.814378,1.000000,1.000000
1544,0.814455,0.992188,1.000000
1545,0.814506,0.984375,0.992188
1546,0.814397,0.992188,0.992188
1547,0.814589,0.992188,0.992188
1548,0.814597,1.000000,1.000000
1549,0.814686,0.984375,0.984375
1550,0.814711,0.984375,0.984375
1551,0.814667,1.000000,1.000000
1552,0.814752,1.000000,1.000000
1553,0.811563,0.992188,0.992188
1554,0.814611,1.000000,1.000000
1555,0.814878,1.000000,1.000000
1556,0.814944,1.000000,1.000000
1557,0.814992,0.992188,1.000000
1558,0.814940,1.000000,1.000000
1559,0.815015,0.992188,0.992188
1560,0.815155,0.992188,0.992188
1561,0.815201,1.000000,1.000000
1562,0.815233,0.992188,0.992188
1563,0.815281,0.992188,0.992188
1564,0.815348,1.000000,1.000000
1565,0.815381,0.984375,0.984375
1566,0.815371,0.992188,0.992188
1567,0.815448,1.000000,1.000000
1568,0.815528,0.984375,0.992188
1569,0.815553,0.976562,0.976562
1570,0.815638,0.984375,0.984375
1571,0.815563,1.000000,1.000000
1572,0.815717,0.976562,0.976562
1573,0.815787,0.984375,0.992188
1574,0.815811,1.000000,1.000000
1575,0.815681,0.984375,0.984375
1576,0.815930,1.000000,1.000000
1577,0.815713,0.992188,0.992188
1578,0.815874,1.000000,1.000000
1579,0.815927,0.992188,0.992188
1580,0.816111,1.000000,1.000000
1581,0.816173,1.000000,1.000000
1582,0.816197,0.992188,0.992188
1583,0.816252,1.000000,1.000000
1584,0.816144,0.976562,0.976562
1585,0.816351,0.984375,0.984375
1586,0.816141,0.992188,0.992188
1587,0.816439,1.000000,1.000000
1588,0.816503,0.992188,0.992188
1589,0.816592,1.000000,1.000000
1590,0.816610,0.992188,0.992188
1591,0.816612,0.992188,1.000000
1592,0.816666,1.000000,1.000000
1593,0.816720,0.992188,1.000000
1594,0.816763,1.000000,1.000000
1595,0.816840,1.000000,1.000000
1596,0.816798,0.984375,0.984375
1597,0.816932,0.984375,0.984375
1598,0.816999,1.000000,1.000000
1599,0.817035,0.992188,0.992188
1600,0.817089,1.000000,1.000000
1601,0.817142,0.992188,0.992188
1602,0.817070,0.968750,0.976562
1603,0.816951,0.992188,0.992188
1604,0.816877,1.000000,1.000000
1605,0.817221,1.000000,1.000000
1606,0.817269,0.992188,0.992188
1607,0.817332,0.984375,0.984375
1608,0.817362,0.976562,0.992188
1609,0.813642,1.000000,1.000000
1610,0.817176,1.000000,1.000000
1611,0.814257,0.992188,0.992188
1612,0.817559,0.992188,1.000000
1613,0.817588,0.992188,1.000000
1614,0.817578,0.992188,1.000000
1615,0.817663,1.000000,1.000000
1616,0.817716,0.984375,0.984375
1617,0.817753,1.000000,1.000000
1618,0.817815,0.984375,0.984375
1619,0.817882,0.984375,0.992188
1620,0.817887,0.992188,0.992188
1621,0.817958,0.992188,1.000000
1622,0.817999,1.000000,1.000000
1623,0.817934,1.000000,1.000000
1624,0.818064,0.976562,0.976562
1625,0.818165,0.992188,0.992188
1626,0.818145,0.992188,0.992188
1627,0.818188,1.000000,1.000000
1628,0.818143,1.000000,1.000000
1629,0.818338,0.976562,0.976562
1630,0.818305,0.992188,0.992188
1631,0.818419,1.000000,1.000000
1632,0.818486,0.992188,0.992188
1633,0.818413,0.992188,0.992188
1634,0.818587,1.000000,1.000000
1635,0.818646,1.000000,1.000000
1636,0.815422,0.992188,1.000000
1637,0.818724,1.000000,1.000000
1638,0.818794,0.984375,0.984375
1639,0.818800,0.992188,0.992188
1640,0.818872,0.992188,0.992188
1641,0.818891,0.976562,0.976562
1642,0.818819,1.000000,1.000000
1643,0.819011,0.976562,0.976562
1644,0.819046,0.976562,0.976562
1645,0.819008,1.000000,1.000000
1646,0.819174,1.000000,1.000000
1647,0.819063,0.992188,0.992188
1648,0.819117,0.992188,0.992188
1649,0.816042,1.000000,1.000000
1650,0.819330,1.000000,1.000000
1651,0.819332,0.984375,0.984375
1652,0.819373,0.992188,0.992188
1653,0.819357,1.000000,1.000000
1654,0.819460,1.000000,1.000000
1655,0.819525,0.984375,0.984375
1656,0.819382,0.992188,0.992188
1657,0.819606,1.000000,1.000000
1658,0.819375,0.992188,0.992188
1659,0.819562,1.000000,1.000000
1660,0.819661,0.992188,0.992188
1661,0.819489,1.000000,1.000000
1662,0.819827,0.976562,0.976562
1663,0.816210,0.968750,0.984375
1664,0.819863,0.984375,0.984375
1665,0.819980,1.000000,1.000000
1666,0.820034,0.984375,0.984375
1667,0.820104,0.984375,1.000000
1668,0.820131,0.992188,0.992188
1669,0.820151,0.992188,0.992188
1670,0.820217,1.000000,1.000000
1671,0.820281,0.992188,0.992188
1672,0.820329,0.968750,0.968750
1673,0.820391,0.992188,1.000000
1674,0.820416,0.984375,0.984375
1675,0.820472,0.992188,1.000000
1676,0.820524,1.000000,1.000000
1677,0.820586,0.992188,0.992188
1678,0.820422,0.992188,0.992188
1679,0.820656,0.992188,0.992188
1680,0.820732,1.000000,1.000000
1681,0.820762,0.992188,0.992188
1682,0.817441,1.000000,1.000000
1683,0.820906,0.992188,0.992188
1684,0.820902,0.992188,1.000000
1685,0.820969,0.984375,0.984375
1686,0.820997,0.992188,0.992188
1687,0.821065,0.968750,0.968750
1688,0.821134,0.992188,1.000000
1689,0.821130,1.000000,1.000000
1690,0.821060,0.992188,0.992188
1691,0.820970,0.992188,0.992188
1692,0.821210,0.992188,0.992188
1693,0.821328,0.984375,0.984375
1694,0.821432,0.984375,0.984375
1695,0.821452,0.968750,0.976562
1696,0.821531,1.000000,1.000000
1697,0.821575,0.984375,0.984375
1698,0.821493,0.992188,0.992188
1699,0.821643,1.000000,1.000000
1700,0.821692,1.000000,1.000000
1701,0.821429,0.992188,0.992188
1702,0.821753,1.000000,1.000000
1703,0.821543,0.984375,0.984375
1704,0.821701,1.000000,1.000000
1705,0.821898,1.000000,1.000000
1706,0.821950,0.992188,1.000000
1707,0.821977,1.000000,1.000000
1708,0.822026,1.000000,1.000000
1709,0.822031,1.000000,1.000000
1710,0.818774,0.992188,0.992188
1711,0.822164,1.000000,1.000000
1712,0.822123,1.000000,1.000000
1713,0.822145,1.000000,1.000000
1714,0.822345,0.992188,1.000000
1715,0.822385,1.000000,1.000000
1716,0.822439,1.000000,1.000000
1717,0.822486,0.984375,0.992188
1718,0.822380,1.000000,1.000000
1719,0.822559,0.992188,0.992188
1720,0.822649,0.992188,0.992188
1721,0.822668,0.992188,0.992188
1722,0.822680,1.000000,1.000000
1723,0.822603,0.992188,0.992188
1724,0.822844,0.976562,0.984375
1725,0.822874,0.992188,0.992188
1726,0.822950,0.984375,0.984375
1727,0.822894,0.984375,0.984375
1728,0.823038,0.992188,0.992188
1729,0.823064,0.992188,1.000000
1730,0.823120,1.000000,1.000000
1731,0.823127,0.984375,0.984375
1732,0.823185,1.000000,1.000000
1733,0.823276,1.000000,1.000000
1734,0.823162,0.992188,0.992188
1735,0.823211,0.992188,0.992188
1736,0.823432,1.000000,1.000000
1737,0.823463,0.992188,0.992188
1738,0.823511,0.992188,0.992188
1739,0.823579,0.984375,0.984375
1740,0.823436,0.992188,0.992188
1741,0.823626,1.000000,1.000000
1742,0.823684,0.992188,0.992188
1743,0.823740,0.992188,0.992188
1744,0.823809,0.992188,1.000000
1745,0.820498,1.000000,1.000000
1746,0.823900,0.992188,0.992188
1747,0.823937,1.000000,1.000000
1748,0.823980,0.992188,0.992188
1749,0.823800,1.000000,1.000000
1750,0.824088,1.000000,1.000000
1751,0.824029,0.992188,1.000000
1752,0.824089,0.984375,0.992188
1753,0.824012,1.000000,1.000000
1754,0.821122,1.000000,1.000000
1755,0.824240,0.992188,0.992188
1756,0.824270,0.992188,0.992188
1757,0.820484,1.000000,1.000000
1758,0.824224,1.000000,1.000000
1759,0.824404,0.984375,0.984375
1760,0.824448,0.992188,0.992188
1761,0.824283,0.976562,0.984375
1762,0.824555,1.000000,1.000000
1763,0.824600,0.992188,0.992188
1764,0.824640,1.000000,1.000000
1765,0.824692,1.000000,1.000000
1766,0.824738,0.984375,0.984375
1767,0.824660,0.992188,1.000000
1768,0.824718,1.000000,1.000000
1769,0.824878,0.984375,0.992188
1770,0.824924,0.992188,0.992188
1771,0.824935,0.984375,0.992188
1772,0.824886,0.984375,0.984375
1773,0.825036,1.000000,1.000000
1774,0.825178,0.984375,0.984375
1775,0.821771,1.000000,1.000000
1776,0.825194,0.992188,0.992188
1777,0.825261,1.000000,1.000000
1778,0.825102,0.992188,1.000000
1779,0.825339,0.984375,0.984375
1780,0.825398,1.000000,1.000000
1781,0.825449,0.992188,0.992188
1782,0.825209,0.968750,0.968750
1783,0.825523,0.976562,0.984375
1784,0.825547,1.000000,1.000000
1785,0.825624,0.992188,0.992188
1786,0.825685,1.000000,1.000000
1787,0.825716,0.992188,0.992188
1788,0.825627,0.992188,0.992188
1789,0.825742,1.000000,1.000000
1790,0.825724,0.992188,1.000000
1791,0.825817,0.992188,0.992188
1792,0.825975,0.992188,0.992188
1793,0.825912,1.000000,1.000000
1794,0.826151,0.992188,0.992188
1795,0.826084,0.992188,0.992188
1796,0.825997,0.992188,0.992188
1797,0.826217,0.992188,0.992188
1798,0.826248,1.000000,1.000000
1799,0.826303,1.000000,1.000000
1800,0.826327,0.992188,0.992188
1801,0.826095,0.992188,0.992188
1802,0.826385,1.000000,1.000000
1803,0.826416,0.984375,0.984375
1804,0.826495,0.992188,0.992188
1805,0.826250,0.984375,0.984375
1806,0.826535,1.000000,1.000000
1807,0.826461,0.976562,0.976562
1808,0.826677,0.984375,0.984375
1809,0.826465,0.992188,0.992188
1810,0.826775,0.984375,0.984375
1811,0.826805,0.984375,0.984375
1812,0.826603,0.984375,0.992188
1813,0.826903,0.992188,0.992188
1814,0.826938,0.976562,0.984375
1815,0.827030,0.984375,0.984375
1816,0.827049,0.984375,0.984375
1817,0.827071,1.000000,1.000000
1818,0.827100,1.000000,1.000000
1819,0.827039,0.992188,0.992188
1820,0.827072,0.992188,0.992188
1821,0.827310,1.000000,1.000000
1822,0.827359,0.992188,0.992188
1823,0.827380,0.992188,0.992188
1824,0.824222,0.992188,0.992188
1825,0.827212,0.992188,0.992188
1826,0.827543,0.992188,0.992188
1827,0.827571,1.000000,1.000000
1828,0.827608,1.000000,1.000000
1829,0.827706,1.000000,1.000000
1830,0.827585,1.000000,1.000000
1831,0.827788,1.000000,1.000000
1832,0.827857,0.992188,0.992188
1833,0.827904,0.984375,0.984375
1834,0.827954,0.984375,0.984375
1835,0.828003,0.992188,0.992188
1836,0.828038,0.984375,0.984375
1837,0.827936,0.992188,1.000000
1838,0.827834,0.968750,0.976562
1839,0.828199,0.984375,0.984375
1840,0.828248,1.000000,1.000000
1841,0.828288,0.992188,0.992188
1842,0.828068,0.992188,0.992188
1843,0.828153,0.992188,1.000000
1844,0.828431,0.992188,0.992188
1845,0.828475,0.992188,0.992188
1846,0.828534,1.000000,1.000000
1847,0.828342,0.992188,0.992188
1848,0.828563,0.992188,0.992188
1849,0.828675,1.000000,1.000000
1850,0.828732,1.000000,1.000000
1851,0.828558,1.000000,1.000000
1852,0.828613,1.000000,1.000000
1853,0.825232,1.000000,1.000000
1854,0.828732,0.992188,0.992188
1855,0.828870,1.000000,1.000000
1856,0.825615,1.000000,1.000000
1857,0.828987,1.000000,1.000000
1858,0.828717,0.984375,0.984375
1859,0.829089,0.992188,0.992188
1860,0.829004,1.000000,1.000000
1861,0.829152,1.000000,1.000000
1862,0.828958,1.000000,1.000000
1863,0.829250,0.984375,0.984375
1864,0.829312,1.000000,1.000000
1865,0.825698,0.992188,0.992188
1866,0.829404,1.000000,1.000000
1867,0.829295,1.000000,1.000000
1868,0.829479,0.992188,1.000000
1869,0.829376,0.984375,0.984375
1870,0.829303,0.992188,0.992188
1871,0.829634,1.000000,1.000000
1872,0.829694,0.984375,0.984375
1873,0.826253,1.000000,1.000000
1874,0.829631,0.992188,0.992188
1875,0.829795,1.000000,1.000000
1876,0.829723,1.000000,1.000000
1877,0.829729,0.984375,1.000000
1878,0.829952,1.000000,1.000000
1879,0.830016,0.992188,0.992188
1880,0.830063,0.992188,0.992188
1881,0.829952,0.968750,0.968750
1882,0.829813,0.992188,0.992188
1883,0.830204,0.992188,0.992188
1884,0.829941,0.984375,1.000000
1885,0.830197,0.984375,0.984375
1886,0.830179,0.992188,1.000000
1887,0.830395,0.984375,0.992188
1888,0.830401,1.000000,1.000000
1889,0.830460,0.992188,0.992188
1890,0.830296,0.992188,0.992188
1891,0.830570,1.000000,1.000000
1892,0.830613,0.992188,0.992188
1893,0.830657,0.992188,0.992188
1894,0.830423,0.992188,0.992188
1895,0.830780,1.000000,1.000000
1896,0.830829,1.000000,1.000000
1897,0.830860,1.000000,1.000000
1898,0.830908,0.992188,0.992188
1899,0.830974,0.984375,0.992188
1900,0.830729,1.000000,1.000000
1901,0.830842,0.992188,0.992188
1902,0.831031,1.000000,1.000000
1903,0.830746,1.000000,1.000000
1904,0.830908,0.984375,0.984375
1905,0.831062,0.984375,0.984375
1906,0.831085,0.992188,0.992188
1907,0.831238,1.000000,1.000000
1908,0.831337,1.000000,1.000000
1909,0.831224,0.984375,0.984375
1910,0.831281,1.000000,1.000000
1911,0.831483,1.000000,1.000000
1912,0.831514,1.000000,1.000000
1913,0.828100,1.000000,1.000000
1914,0.831456,0.976562,0.984375
1915,0.831668,1.000000,1.000000
1916,0.828263,1.000000,1.000000
1917,0.831772,0.992188,1.000000
1918,0.831809,0.984375,0.992188
1919,0.831870,0.984375,0.992188
1920,0.831625,0.992188,1.000000
1921,0.831869,1.000000,1.000000
1922,0.832034,1.000000,1.000000
1923,0.831931,1.000000,1.000000
1924,0.832134,1.000000,1.000000
1925,0.832316,0.992188,0.992188
1926,0.829028,1.000000,1.000000
1927,0.832244,0.992188,0.992188
1928,0.832317,1.000000,1.000000
1929,0.832375,1.000000,1.000000
1930,0.832251,0.992188,0.992188
1931,0.832311,0.992188,0.992188
1932,0.832484,1.000000,1.000000
1933,0.832567,1.000000,1.000000
1934,0.832386,1.000000,1.000000
1935,0.832565,0.992188,0.992188
1936,0.832557,0.992188,0.992188
1937,0.832668,0.984375,0.984375
1938,0.832693,1.000000,1.000000
1939,0.832707,1.000000,1.000000
1940,0.832886,0.976562,0.984375
1941,0.832798,0.992188,0.992188
1942,0.832947,0.984375,0.984375
1943,0.833045,0.984375,0.984375
1944,0.833093,1.000000,1.000000
1945,0.833120,1.000000,1.000000
1946,0.833190,1.000000,1.000000
1947,0.833227,1.000000,1.000000
1948,0.833293,1.000000,1.000000
1949,0.833164,1.000000,1.000000
1950,0.833372,1.000000,1.000000
1951,0.833241,1.000000,1.000000
1952,0.833412,1.000000,1.000000
1953,0.833353,0.984375,1.000000
1954,0.833182,0.992188,0.992188
1955,0.833249,0.992188,1.000000
1956,0.833453,0.992188,1.000000
1957,0.833503,1.000000,1.000000
1958,0.833691,0.992188,0.992188
1959,0.833754,0.984375,0.992188
1960,0.833649,1.000000,1.000000
1961,0.833851,0.992188,0.992188
1962,0.833746,1.000000,1.000000
1963,0.833938,0.992188,0.992188
1964,0.833980,1.000000,1.000000
1965,0.833903,1.000000,1.000000
1966,0.833579,1.000000,1.000000
1967,0.834126,1.000000,1.000000
1968,0.834039,1.000000,1.000000
1969,0.834209,0.992188,0.992188
1970,0.834278,0.992188,0.992188
1971,0.834181,0.992188,0.992188
1972,0.834229,0.976562,0.976562
1973,0.834400,1.000000,1.000000
1974,0.834470,1.000000,1.000000
1975,0.834532,1.000000,1.000000
1976,0.834398,1.000000,1.000000
1977,0.834466,1.000000,1.000000
1978,0.834679,1.000000,1.000000
1979,0.834692,0.992188,1.000000
1980,0.834760,1.000000,1.000000
1981,0.834276,0.984375,0.984375
1982,0.834842,0.992188,0.992188
1983,0.834922,0.992188,0.992188
1984,0.834654,0.992188,0.992188
1985,0.835001,0.984375,0.992188
1986,0.834927,0.992188,0.992188
1987,0.834948,0.992188,0.992188
1988,0.835147,1.000000,1.000000
1989,0.835203,1.000000,1.000000
1990,0.835121,1.000000,1.000000
1991,0.835279,1.000000,1.000000
1992,0.835359,0.976562,0.984375
1993,0.835408,0.976562,0.976562
1994,0.835424,1.000000,1.000000
1995,0.835505,1.000000,1.000000
1996,0.835531,0.992188,0.992188
1997,0.835603,0.992188,1.000000
1998,0.835362,1.000000,1.000000
1999,0.835700,0.984375,0.984375
2000,0.835744,0.984375,0.992188
2001,0.831112,1.000000,1.000000
2002,0.835551,1.000000,1.000000
2003,0.835614,0.984375,0.984375
2004,0.835682,1.000000,1.000000
2005,0.835763,1.000000,1.000000
2006,0.835778,1.000000,1.000000
2007,0.835981,1.000000,1.000000
2008,0.836011,1.000000,1.000000
2009,0.836060,1.000000,1.000000
2010,0.836108,0.992188,0.992188
2011,0.835897,1.000000,1.000000
2012,0.836054,0.992188,0.992188
2013,0.836271,1.000000,1.000000
2014,0.836261,0.992188,0.992188
2015,0.836266,1.000000,1.000000
2016,0.836316,0.992188,0.992188
2017,0.836448,0.992188,0.992188
2018,0.836519,1.000000,1.000000
2019,0.836477,0.976562,0.984375
2020,0.836612,0.992188,1.000000
2021,0.836647,0.992188,0.992188
2022,0.836709,1.000000,1.000000
2023,0.836744,1.000000,1.000000
2024,0.836818,1.000000,1.000000
2025,0.836684,1.000000,1.000000
2026,0.836869,1.000000,1.000000
2027,0.836798,0.992188,0.992188
2028,0.837002,0.992188,1.000000
2029,0.836894,0.984375,0.984375
2030,0.837099,0.992188,1.000000
2031,0.837148,0.992188,0.992188
2032,0.837169,0.992188,1.000000
2033,0.837020,1.000000,1.000000
2034,0.837276,0.992188,0.992188
2035,0.837421,1.000000,1.000000
2036,0.833821,0.984375,0.984375
2037,0.837443,1.000000,1.000000
2038,0.833354,0.992188,0.992188
2039,0.837547,0.984375,0.984375
2040,0.837582,0.992188,0.992188
2041,0.837791,1.000000,1.000000
2042,0.837688,0.992188,0.992188
2043,0.837758,0.976562,0.992188
2044,0.837782,1.000000,1.000000
2045,0.837833,0.992188,0.992188
2046,0.837894,0.992188,0.992188
2047,0.837963,1.000000,1.000000
2048,0.837996,1.000000,1.000000
2049,0.837886,0.976562,0.984375
2050,0.834653,1.000000,1.000000
2051,0.834304,1.000000,1.000000
2052,0.838141,1.000000,1.000000
2053,0.838065,0.992188,0.992188
2054,0.838241,1.000000,1.000000
2055,0.838291,1.000000,1.000000
2056,0.838341,0.984375,0.992188
2057,0.838374,0.984375,0.992188
2058,0.838426,0.984375,0.984375
2059,0.838489,1.000000,1.000000
2060,0.838506,0.992188,1.000000
2061,0.834580,0.992188,0.992188
2062,0.838634,1.000000,1.000000
2063,0.838681,0.984375,0.984375
2064,0.838727,1.000000,1.000000
2065,0.838774,1.000000,1.000000
2066,0.838532,0.976562,0.976562
2067,0.838869,0.992188,0.992188
2068,0.838738,1.000000,1.000000
2069,0.838964,0.992188,0.992188
2070,0.839012,0.992188,0.992188
2071,0.838792,1.000000,1.000000
2072,0.839070,0.992188,0.992188
2073,0.839113,0.992188,1.000000
2074,0.839204,0.992188,0.992188
2075,0.839252,1.000000,1.000000
2076,0.839174,1.000000,1.000000
2077,0.839348,1.000000,1.000000
2078,0.839397,0.984375,0.992188
2079,0.839427,1.000000,1.000000
2080,0.839479,1.000000,1.000000
2081,0.839518,0.992188,1.000000
2082,0.839567,0.992188,0.992188
2083,0.839639,0.992188,0.992188
2084,0.839655,0.992188,0.992188
2085,0.839566,1.000000,1.000000
2086,0.839784,1.000000,1.000000
2087,0.839687,1.000000,1.000000
2088,0.839886,0.992188,0.992188
2089,0.839826,0.992188,1.000000
2090,0.839983,1.000000,1.000000
2091,0.840013,1.000000,1.000000
2092,0.839817,0.992188,0.992188
2093,0.840124,1.000000,1.000000
2094,0.840173,0.976562,0.976562
2095,0.840235,0.984375,1.000000
2096,0.840166,0.992188,1.000000
2097,0.840304,0.984375,0.984375
2098,0.840348,0.992188,1.000000
2099,0.840397,1.000000,1.000000
2100,0.840450,1.000000,1.000000
2101,0.840413,1.000000,1.000000
2102,0.840487,0.992188,1.000000
2103,0.840535,0.976562,0.992188
2104,0.840564,0.992188,0.992188
2105,0.840476,0.992188,1.000000
2106,0.840681,0.992188,1.000000
2107,0.840711,1.000000,1.000000
2108,0.840735,1.000000,1.000000
2109,0.840827,0.976562,0.976562
2110,0.840876,1.000000,1.000000
2111,0.840938,0.984375,0.992188
2112,0.840723,1.000000,1.000000
2113,0.841022,0.984375,0.992188
2114,0.841076,0.984375,0.984375
2115,0.840989,0.976562,0.984375
2116,0.841171,1.000000,1.000000
2117,0.841230,1.000000,1.000000
2118,0.841266,0.984375,0.992188
2119,0.841126,0.976562,0.984375
2120,0.841344,1.000000,1.000000
2121,0.841288,1.000000,1.000000
2122,0.841442,1.000000,1.000000
2123,0.841512,0.984375,0.984375
2124,0.841386,1.000000,1.000000
2125,0.841607,1.000000,1.000000
2126,0.841656,0.984375,0.984375
2127,0.841536,0.984375,0.984375
2128,0.841721,0.992188,1.000000
2129,0.838140,0.992188,0.992188
2130,0.841705,0.992188,1.000000
2131,0.841730,0.992188,0.992188
2132,0.841943,0.992188,0.992188
2133,0.837561,0.992188,1.000000
2134,0.842035,1.000000,1.000000
2135,0.842036,1.000000,1.000000
2136,0.842122,1.000000,1.000000
2137,0.842149,1.000000,1.000000
2138,0.842086,1.000000,1.000000
2139,0.842258,0.992188,0.992188
2140,0.842304,1.000000,1.000000
2141,0.842194,0.992188,0.992188
2142,0.842396,0.992188,0.992188
2143,0.842268,0.984375,0.992188
2144,0.842471,0.992188,0.992188
2145,0.842537,0.984375,0.984375
2146,0.842584,1.000000,1.000000
2147,0.842631,0.976562,0.984375
2148,0.842679,0.992188,0.992188
2149,0.842572,0.992188,0.992188
2150,0.842760,1.000000,1.000000
2151,0.842592,1.000000,1.000000
2152,0.842795,0.976562,0.984375
2153,0.842714,0.984375,0.984375
2154,0.842871,0.992188,1.000000
2155,0.842939,1.000000,1.000000
2156,0.842969,1.000000,1.000000
2157,0.843035,1.000000,1.000000
2158,0.842757,1.000000,1.000000
2159,0.839322,0.992188,0.992188
2160,0.843019,0.992188,0.992188
2161,0.843210,0.992188,0.992188
2162,0.843263,0.992188,0.992188
2163,0.843196,0.992188,1.000000
2164,0.843356,0.992188,0.992188
2165,0.843376,1.000000,1.000000
2166,0.843263,1.000000,1.000000
2167,0.843501,0.992188,0.992188
2168,0.843550,1.000000,1.000000
2169,0.843580,1.000000,1.000000
2170,0.843669,1.000000,1.000000
2171,0.843714,0.992188,0.992188
2172,0.843608,1.000000,1.000000
2173,0.843811,1.000000,1.000000
2174,0.843873,0.976562,0.984375
2175,0.843905,1.000000,1.000000
2176,0.843970,0.960938,0.976562
2177,0.844005,1.000000,1.000000
2178,0.844054,0.976562,0.976562
2179,0.843949,1.000000,1.000000
2180,0.844133,0.992188,0.992188
2181,0.844200,0.992188,1.000000
2182,0.844217,1.000000,1.000000
2183,0.844298,1.000000,1.000000
2184,0.844346,1.000000,1.000000
2185,0.844359,0.992188,0.992188
2186,0.844425,0.984375,0.984375
2187,0.844380,1.000000,1.000000
2188,0.844498,1.000000,1.000000
2189,0.844388,0.992188,0.992188
2190,0.844638,0.992188,1.000000
2191,0.844676,0.984375,0.984375
2192,0.844722,1.000000,1.000000
2193,0.844787,0.992188,0.992188
2194,0.844833,0.992188,0.992188
2195,0.844882,0.984375,0.984375
2196,0.844819,0.992188,0.992188
2197,0.844824,0.992188,0.992188
2198,0.845023,1.000000,1.000000
2199,0.845059,1.000000,1.000000
2200,0.844999,1.000000,1.000000
2201,0.845100,1.000000,1.000000
2202,0.845148,1.000000,1.000000
2203,0.845197,0.984375,0.984375
2204,0.845230,1.000000,1.000000
2205,0.845262,1.000000,1.000000
2206,0.845320,0.992188,0.992188
2207,0.845392,1.000000,1.000000
2208,0.845415,0.984375,0.984375
2209,0.845494,0.992188,1.000000
2210,0.845347,1.000000,1.000000
2211,0.845469,1.000000,1.000000
2212,0.845635,0.992188,1.000000
2213,0.845530,1.000000,1.000000
2214,0.845695,1.000000,1.000000
2215,0.845626,0.992188,0.992188
2216,0.845624,0.992188,0.992188
2217,0.845860,1.000000,1.000000
2218,0.845927,1.000000,1.000000
2219,0.845976,0.984375,0.984375
2220,0.846011,0.992188,0.992188
2221,0.846081,1.000000,1.000000
2222,0.845947,1.000000,1.000000
2223,0.846170,0.992188,0.992188
2224,0.846167,1.000000,1.000000
2225,0.846244,0.992188,1.000000
2226,0.846291,0.992188,0.992188
2227,0.846347,0.992188,1.000000
2228,0.846414,1.000000,1.000000
2229,0.846462,0.984375,1.000000
2230,0.846511,0.992188,0.992188
2231,0.846545,1.000000,1.000000
2232,0.842403,1.000000,1.000000
2233,0.846654,1.000000,1.000000
2234,0.846540,0.992188,1.000000
2235,0.846618,1.000000,1.000000
2236,0.846815,0.984375,0.984375
2237,0.846847,1.000000,1.000000
2238,0.846723,0.992188,1.000000
2239,0.846652,1.000000,1.000000
2240,0.847023,1.000000,1.000000
2241,0.847060,0.984375,0.984375
2242,0.847109,1.000000,1.000000
2243,0.846929,1.000000,1.000000
2244,0.847192,1.000000,1.000000
2245,0.847257,1.000000,1.000000
2246,0.847144,1.000000,1.000000
2247,0.847267,1.000000,1.000000
2248,0.847405,1.000000,1.000000
2249,0.847285,0.992188,1.000000
2250,0.847463,1.000000,1.000000
2251,0.847322,0.992188,0.992188
2252,0.847339,1.000000,1.000000
2253,0.847576,0.984375,0.984375
2254,0.847469,1.000000,1.000000
2255,0.847673,1.000000,1.000000
2256,0.847690,1.000000,1.000000
2257,0.847771,0.992188,0.992188
2258,0.847663,0.984375,0.992188
2259,0.847858,1.000000,1.000000
2260,0.847904,0.992188,0.992188
2261,0.847893,1.000000,1.000000
2262,0.848015,0.984375,0.984375
2263,0.847927,1.000000,1.000000
2264,0.847974,0.992188,1.000000
2265,0.847966,0.992188,0.992188
2266,0.848058,1.000000,1.000000
2267,0.848227,0.992188,0.992188
2268,0.848295,0.992188,0.992188
2269,0.848320,1.000000,1.000000
2270,0.848407,0.976562,0.976562
2271,0.848455,0.992188,1.000000
2272,0.848504,0.992188,1.000000
2273,0.848553,1.000000,1.000000
2274,0.848185,0.992188,0.992188
2275,0.848651,1.000000,1.000000
2276,0.848687,1.000000,1.000000
2277,0.848715,1.000000,1.000000
2278,0.848615,0.992188,0.992188
2279,0.848813,0.992188,1.000000
2280,0.848875,0.968750,0.968750
2281,0.848924,1.000000,1.000000
2282,0.848678,0.984375,0.984375
2283,0.849012,1.000000,1.000000
2284,0.849057,0.992188,0.992188
2285,0.849013,1.000000,1.000000
2286,0.849168,0.992188,0.992188
2287,0.849097,1.000000,1.000000
2288,0.849284,1.000000,1.000000
2289,0.849337,1.000000,1.000000
2290,0.849362,1.000000,1.000000
2291,0.849406,1.000000,1.000000
2292,0.849478,0.992188,0.992188
2293,0.849513,1.000000,1.000000
2294,0.849546,0.992188,0.992188
2295,0.849605,0.992188,0.992188
2296,0.849672,0.992188,0.992188
2297,0.849703,1.000000,1.000000
2298,0.849770,1.000000,1.000000
2299,0.849800,1.000000,1.000000
2300,0.849848,0.992188,0.992188
2301,0.849830,1.000000,1.000000
2302,0.849889,1.000000,1.000000
2303,0.849782,0.992188,0.992188
2304,0.849987,0.992188,1.000000
2305,0.849862,1.000000,1.000000
2306,0.850064,1.000000,1.000000
2307,0.850133,0.992188,0.992188
2308,0.850186,0.992188,0.992188
2309,0.850124,0.992188,1.000000
2310,0.850265,1.000000,1.000000
2311,0.850318,1.000000,1.000000
2312,0.850194,0.984375,0.984375
2313,0.850350,1.000000,1.000000
2314,0.850459,1.000000,1.000000
2315,0.850497,1.000000,1.000000
2316,0.846422,0.984375,0.992188
2317,0.850620,0.984375,0.992188
2318,0.850632,0.992188,0.992188
2319,0.850564,1.000000,1.000000
2320,0.846553,1.000000,1.000000
2321,0.850669,0.992188,0.992188
2322,0.850849,0.992188,0.992188
2323,0.850918,1.000000,1.000000
2324,0.850798,0.984375,0.984375
2325,0.851017,0.984375,0.992188
2326,0.851069,1.000000,1.000000
2327,0.851116,0.992188,0.992188
2328,0.851166,1.000000,1.000000
2329,0.851220,1.000000,1.000000
2330,0.851222,1.000000,1.000000
2331,0.851314,1.000000,1.000000
2332,0.851208,1.000000,1.000000
2333,0.851412,0.992188,0.992188
2334,0.851307,1.000000,1.000000
2335,0.851510,0.992188,0.992188
2336,0.851540,1.000000,1.000000
2337,0.851580,1.000000,1.000000
2338,0.851638,0.984375,0.984375
2339,0.851706,1.000000,1.000000
2340,0.851768,1.000000,1.000000
2341,0.851804,0.992188,1.000000
2342,0.851839,1.000000,1.000000
2343,0.851902,0.992188,1.000000
2344,0.851950,0.992188,0.992188
2345,0.847723,0.992188,0.992188
2346,0.852020,0.984375,0.984375
2347,0.852093,0.992188,0.992188
2348,0.852140,1.000000,1.000000
2349,0.852187,1.000000,1.000000
2350,0.852235,1.000000,1.000000
2351,0.852207,0.976562,1.000000
2352,0.852257,0.984375,1.000000
2353,0.852156,0.992188,0.992188
2354,0.852323,0.992188,1.000000
2355,0.852385,0.976562,0.992188
2356,0.852409,0.992188,0.992188
2357,0.852338,0.984375,0.992188
2358,0.852369,0.992188,0.992188
2359,0.852573,1.000000,1.000000
2360,0.852505,1.000000,1.000000
2361,0.852689,0.992188,0.992188
2362,0.852640,0.992188,0.992188
2363,0.852785,0.992188,0.992188
2364,0.852825,1.000000,1.000000
2365,0.852868,0.992188,0.992188
2366,0.852931,0.992188,0.992188
2367,0.852979,1.000000,1.000000
2368,0.853028,0.992188,1.000000
2369,0.852897,0.992188,0.992188
2370,0.853125,1.000000,1.000000
2371,0.853174,1.000000,1.000000
2372,0.853222,0.992188,0.992188
2373,0.853271,0.992188,0.992188
2374,0.853319,0.992188,1.000000
2375,0.853351,1.000000,1.000000
2376,0.853412,1.000000,1.000000
2377,0.853465,0.984375,0.992188
2378,0.853514,0.992188,0.992188
2379,0.853549,1.000000,1.000000
2380,0.853599,0.984375,0.984375
2381,0.853660,0.984375,0.984375
2382,0.853535,1.000000,1.000000
2383,0.853725,1.000000,1.000000
2384,0.853664,0.992188,0.992188
2385,0.853857,0.992188,1.000000
2386,0.853757,1.000000,1.000000
2387,0.853934,1.000000,1.000000
2388,0.850069,1.000000,1.000000
2389,0.853894,1.000000,1.000000
2390,0.854097,0.984375,0.992188
2391,0.854145,0.992188,0.992188
2392,0.854018,0.992188,1.000000
2393,0.854086,0.992188,0.992188
2394,0.854276,0.992188,0.992188
2395,0.854339,1.000000,1.000000
2396,0.854376,0.984375,0.984375
2397,0.854438,0.992188,0.992188
2398,0.854484,0.992188,0.992188
2399,0.854533,1.000000,1.000000
2400,0.854589,0.992188,1.000000
2401,0.854525,1.000000,1.000000
2402,0.854573,0.992188,0.992188
2403,0.854622,0.976562,0.984375
2404,0.854675,1.000000,1.000000
2405,0.854719,1.000000,1.000000
2406,0.854768,0.984375,0.984375
2407,0.854792,0.992188,0.992188
2408,0.854865,0.984375,0.992188
2409,0.854788,0.992188,0.992188
2410,0.854964,1.000000,1.000000
2411,0.854992,1.000000,1.000000
2412,0.855060,1.000000,1.000000
2413,0.854855,0.984375,0.984375
2414,0.855131,1.000000,1.000000
2415,0.855206,1.000000,1.000000
2416,0.855254,0.992188,1.000000
2417,0.855140,0.984375,0.992188
2418,0.855356,0.992188,0.992188
2419,0.855386,0.992188,1.000000
2420,0.855435,1.000000,1.000000
2421,0.855478,0.992188,0.992188
2422,0.855546,0.992188,0.992188
2423,0.855494,1.000000,1.000000
2424,0.855518,0.992188,0.992188
2425,0.855692,0.984375,0.984375
2426,0.855741,1.000000,1.000000
2427,0.855776,0.992188,0.992188
2428,0.855838,0.984375,0.984375
2429,0.855874,0.992188,0.992188
2430,0.855784,0.984375,0.984375
2431,0.855970,1.000000,1.000000
2432,0.856033,1.000000,1.000000
2433,0.855769,0.992188,0.992188
2434,0.856131,0.968750,0.976562
2435,0.856022,0.984375,0.992188
2436,0.856209,0.992188,0.992188
2437,0.851939,1.000000,1.000000
2438,0.855965,0.992188,0.992188
2439,0.856377,0.992188,1.000000
2440,0.856416,0.976562,0.984375
2441,0.856477,1.000000,1.000000
2442,0.856352,0.992188,0.992188
2443,0.852096,1.000000,1.000000
2444,0.856627,0.976562,0.984375
2445,0.856656,0.984375,0.984375
2446,0.856571,0.992188,0.992188
2447,0.856778,1.000000,1.000000
2448,0.856672,0.992188,0.992188
2449,0.856858,1.000000,1.000000
2450,0.856932,1.000000,1.000000
2451,0.856732,1.000000,1.000000
2452,0.856777,1.000000,1.000000
2453,0.857001,0.992188,1.000000
2454,0.857050,0.992188,0.992188
2455,0.857106,1.000000,1.000000
2456,0.857130,1.000000,1.000000
2457,0.857139,0.992188,0.992188
2458,0.856817,0.992188,0.992188
2459,0.857145,0.992188,0.992188
2460,0.857327,1.000000,1.000000
2461,0.857376,1.000000,1.000000
2462,0.857424,0.992188,0.992188
2463,0.857493,0.992188,0.992188
2464,0.857522,0.992188,0.992188
2465,0.857490,0.976562,0.984375
2466,0.857640,1.000000,1.000000
2467,0.857691,1.000000,1.000000
2468,0.857674,1.000000,1.000000
2469,0.853510,0.992188,0.992188
2470,0.857836,1.000000,1.000000
2471,0.857802,1.000000,1.000000
2472,0.857917,0.992188,0.992188
2473,0.857869,0.992188,0.992188
2474,0.858011,1.000000,1.000000
2475,0.858085,0.992188,0.992188
2476,0.858116,0.992188,0.992188
2477,0.858184,0.992188,0.992188
2478,0.858234,0.992188,0.992188
2479,0.858283,0.984375,0.984375
2480,0.858321,0.984375,0.984375
2481,0.858370,1.000000,1.000000
2482,0.858430,0.992188,1.000000
2483,0.858482,0.992188,0.992188
2484,0.858506,1.000000,1.000000
2485,0.858563,1.000000,1.000000
2486,0.858629,0.992188,0.992188
2487,0.858676,0.992188,0.992188
2488,0.858599,1.000000,1.000000
2489,0.854451,0.992188,0.992188
2490,0.858637,1.000000,1.000000
2491,0.858858,1.000000,1.000000
2492,0.858931,0.968750,0.984375
2493,0.858980,1.000000,1.000000
2494,0.858822,0.992188,1.000000
2495,0.859082,1.000000,1.000000
2496,0.859133,0.984375,0.984375
2497,0.859185,0.992188,0.992188
2498,0.859234,1.000000,1.000000
2499,0.854820,0.992188,0.992188
2500,0.859335,1.000000,1.000000
2501,0.859291,0.984375,0.984375
2502,0.859362,0.984375,0.992188
2503,0.859257,1.000000,1.000000
2504,0.859463,1.000000,1.000000
2505,0.859516,0.992188,0.992188
2506,0.859564,0.992188,0.992188
2507,0.859468,0.992188,0.992188
2508,0.859513,1.000000,1.000000
2509,0.859713,1.000000,1.000000
2510,0.859655,0.992188,0.992188
2511,0.859792,0.984375,0.984375
2512,0.859862,0.984375,0.984375
2513,0.859881,1.000000,1.000000
2514,0.859915,1.000000,1.000000
2515,0.859972,0.984375,0.992188
2516,0.860047,0.984375,0.992188
2517,0.860088,1.000000,1.000000
2518,0.860157,1.000000,1.000000
2519,0.860135,1.000000,1.000000
2520,0.860244,0.992188,0.992188
2521,0.860304,0.992188,0.992188
2522,0.860333,1.000000,1.000000
2523,0.860199,0.984375,0.984375
2524,0.855662,0.976562,0.976562
2525,0.860471,1.000000,1.000000
2526,0.860539,0.984375,0.984375
2527,0.860580,1.000000,1.000000
2528,0.860654,1.000000,1.000000
2529,0.860654,1.000000,1.000000
2530,0.860589,0.976562,0.992188
2531,0.860783,1.000000,1.000000
2532,0.860847,0.992188,1.000000
2533,0.860896,1.000000,1.000000
2534,0.860926,1.000000,1.000000
2535,0.860994,0.992188,0.992188
2536,0.861044,1.000000,1.000000
2537,0.861073,0.984375,0.992188
2538,0.861142,0.992188,0.992188
2539,0.861191,1.000000,1.000000
2540,0.861220,0.992188,1.000000
2541,0.861119,1.000000,1.000000
2542,0.856595,0.992188,0.992188
2543,0.861356,0.992188,0.992188
2544,0.861415,1.000000,1.000000
2545,0.861478,1.000000,1.000000
2546,0.861495,1.000000,1.000000
2547,0.861447,1.000000,1.000000
2548,0.861614,0.992188,0.992188
2549,0.861685,0.992188,0.992188
2550,0.861757,1.000000,1.000000
2551,0.861713,1.000000,1.000000
2552,0.861784,1.000000,1.000000
2553,0.861836,1.000000,1.000000
2554,0.861879,1.000000,1.000000
2555,0.861827,1.000000,1.000000
2556,0.861965,1.000000,1.000000
2557,0.861847,0.984375,0.984375
2558,0.861928,0.992188,0.992188
2559,0.862114,1.000000,1.000000
2560,0.862184,0.984375,0.984375
2561,0.862233,1.000000,1.000000
2562,0.862282,1.000000,1.000000
2563,0.862332,1.000000,1.000000
2564,0.862341,1.000000,1.000000
2565,0.862410,1.000000,1.000000
2566,0.862479,0.992188,1.000000
2567,0.862475,0.992188,1.000000
2568,0.862572,0.992188,0.992188
2569,0.862626,0.992188,0.992188
2570,0.862365,1.000000,1.000000
2571,0.862724,1.000000,1.000000
2572,0.862596,0.992188,1.000000
2573,0.862822,0.992188,0.992188
2574,0.862835,0.992188,0.992188
2575,0.862785,0.984375,0.992188
2576,0.862944,0.984375,0.984375
2577,0.863012,0.992188,0.992188
2578,0.863067,0.992188,0.992188
2579,0.863115,1.000000,1.000000
2580,0.863164,0.992188,0.992188
2581,0.863023,1.000000,1.000000
2582,0.863221,1.000000,1.000000
2583,0.863310,1.000000,1.000000
2584,0.863204,1.000000,1.000000
2585,0.863278,0.992188,0.992188
2586,0.863436,0.992188,1.000000
2587,0.863506,0.992188,0.992188
2588,0.863441,1.000000,1.000000
2589,0.863603,0.992188,1.000000
2590,0.863652,0.992188,0.992188
2591,0.863720,1.000000,1.000000
2592,0.863749,0.976562,0.984375
2593,0.863753,0.992188,0.992188
2594,0.863692,1.000000,1.000000
2595,0.863866,0.992188,0.992188
2596,0.863944,0.984375,0.992188
2597,0.863952,1.000000,1.000000
2598,0.863863,0.984375,0.984375
2599,0.864076,0.992188,0.992188
2600,0.864119,1.000000,1.000000
2601,0.864113,0.992188,0.992188
2602,0.864161,1.000000,1.000000
2603,0.864210,0.992188,0.992188
2604,0.864224,1.000000,1.000000
2605,0.864272,0.984375,0.992188
2606,0.864356,0.992188,0.992188
2607,0.864405,1.000000,1.000000
2608,0.864448,0.992188,0.992188
2609,0.864502,1.000000,1.000000
2610,0.864551,0.992188,0.992188
2611,0.864569,0.992188,0.992188
2612,0.864492,0.992188,1.000000
2613,0.864508,0.992188,1.000000
2614,0.864748,1.000000,1.000000
2615,0.864640,0.992188,1.000000
2616,0.864829,0.992188,0.992188
2617,0.864731,1.000000,1.000000
2618,0.864789,0.984375,0.992188
2619,0.864989,1.000000,1.000000
2620,0.865018,1.000000,1.000000
2621,0.865067,0.976562,0.976562
2622,0.865135,0.976562,0.984375
2623,0.865163,1.000000,1.000000
2624,0.865208,1.000000,1.000000
2625,0.865267,0.992188,0.992188
2626,0.865295,1.000000,1.000000
2627,0.865358,1.000000,1.000000
2628,0.865429,0.992188,1.000000
2629,0.865441,0.992188,0.992188
2630,0.865504,0.992188,0.992188
2631,0.865412,1.000000,1.000000
2632,0.865607,1.000000,1.000000
2633,0.865661,1.000000,1.000000
2634,0.865584,0.992188,0.992188
2635,0.865748,1.000000,1.000000
2636,0.865817,0.992188,0.992188
2637,0.865866,1.000000,1.000000
2638,0.865894,1.000000,1.000000
2639,0.865943,1.000000,1.000000
2640,0.865908,1.000000,1.000000
2641,0.866060,0.992188,0.992188
2642,0.866116,1.000000,1.000000
2643,0.866127,0.992188,0.992188
2644,0.866186,0.992188,0.992188
2645,0.866099,0.992188,0.992188
2646,0.866130,1.000000,1.000000
2647,0.866353,0.992188,0.992188
2648,0.866401,0.992188,1.000000
2649,0.866430,1.000000,1.000000
2650,0.866499,0.992188,1.000000
2651,0.866442,1.000000,1.000000
2652,0.866536,0.992188,0.992188
2653,0.866570,0.992188,0.992188
2654,0.866619,0.992188,1.000000
2655,0.866667,1.000000,1.000000
2656,0.866536,1.000000,1.000000
2657,0.866724,1.000000,1.000000
2658,0.866802,0.976562,0.976562
2659,0.866867,1.000000,1.000000
2660,0.866911,1.000000,1.000000
2661,0.866680,0.992188,0.992188
2662,0.866988,0.992188,0.992188
2663,0.867042,0.976562,0.976562
2664,0.867105,0.992188,1.000000
2665,0.866994,1.000000,1.000000
2666,0.867182,1.000000,1.000000
2667,0.867220,0.976562,0.984375
2668,0.867300,1.000000,1.000000
2669,0.867349,1.000000,1.000000
2670,0.867397,1.000000,1.000000
2671,0.867350,0.992188,0.992188
2672,0.867474,0.992188,0.992188
2673,0.867543,1.000000,1.000000
2674,0.867592,1.000000,1.000000
2675,0.867620,0.992188,0.992188
2676,0.862853,0.984375,0.984375
2677,0.867740,0.992188,0.992188
2678,0.867794,1.000000,1.000000
2679,0.867862,1.000000,1.000000
2680,0.867889,0.992188,1.000000
2681,0.867898,1.000000,1.000000
2682,0.867989,1.000000,1.000000
2683,0.868006,0.992188,1.000000
2684,0.868088,0.992188,1.000000
2685,0.868137,0.992188,0.992188
2686,0.868030,0.992188,0.992188
2687,0.868138,0.992188,0.992188
2688,0.868285,1.000000,1.000000
2689,0.868334,0.992188,0.992188
2690,0.868383,1.000000,1.000000
2691,0.863777,1.000000,1.000000
2692,0.868415,0.992188,0.992188
2693,0.868508,1.000000,1.000000
2694,0.868554,1.000000,1.000000
2695,0.868459,1.000000,1.000000
2696,0.868661,0.992188,0.992188
2697,0.868708,0.992188,1.000000
2698,0.868720,0.992188,0.992188
2699,0.868817,0.984375,0.984375
2700,0.868849,0.984375,0.984375
2701,0.868821,1.000000,1.000000
2702,0.868869,0.992188,0.992188
2703,0.868911,0.992188,0.992188
2704,0.868964,0.992188,0.992188
2705,0.864105,1.000000,1.000000
2706,0.869057,0.992188,0.992188
2707,0.869103,0.992188,1.000000
2708,0.869128,1.000000,1.000000
2709,0.869190,0.984375,0.984375
2710,0.869241,1.000000,1.000000
2711,0.869288,0.992188,0.992188
2712,0.869340,0.992188,0.992188
2713,0.869347,1.000000,1.000000
2714,0.869394,0.992188,0.992188
2715,0.869153,0.984375,0.984375
2716,0.869504,1.000000,1.000000
2717,0.869572,0.984375,0.984375
2718,0.869464,1.000000,1.000000
2719,0.869667,0.992188,1.000000
2720,0.869581,0.992188,0.992188
2721,0.869763,1.000000,1.000000
2722,0.869812,1.000000,1.000000
2723,0.869860,1.000000,1.000000
2724,0.869909,1.000000,1.000000
2725,0.869978,0.992188,0.992188
2726,0.870005,1.000000,1.000000
2727,0.869891,0.960938,0.968750
2728,0.870101,0.984375,0.992188
2729,0.870150,1.000000,1.000000
2730,0.870178,0.992188,0.992188
2731,0.870247,1.000000,1.000000
2732,0.870175,1.000000,1.000000
2733,0.870165,0.984375,0.984375
2734,0.870237,1.000000,1.000000
2735,0.865908,0.992188,1.000000
2736,0.869916,1.000000,1.000000
2737,0.870527,1.000000,1.000000
2738,0.870575,1.000000,1.000000
2739,0.870621,1.000000,1.000000
2740,0.870564,0.992188,1.000000
2741,0.870741,0.968750,0.976562
2742,0.865688,1.000000,1.000000
2743,0.870847,0.984375,0.984375
2744,0.870746,0.992188,0.992188
2745,0.870958,0.992188,1.000000
2746,0.871012,0.992188,0.992188
2747,0.871066,0.984375,0.984375
2748,0.871104,0.992188,1.000000
2749,0.871151,0.984375,0.992188
2750,0.871203,1.000000,1.000000
2751,0.871240,1.000000,1.000000
2752,0.871253,0.992188,1.000000
2753,0.871128,1.000000,1.000000
2754,0.871355,0.992188,0.992188
2755,0.866664,0.992188,0.992188
2756,0.871186,0.984375,0.984375
2757,0.871495,1.000000,1.000000
2758,0.871432,1.000000,1.000000
2759,0.871611,1.000000,1.000000
2760,0.871662,0.984375,0.992188
2761,0.871686,0.992188,0.992188
2762,0.871763,0.992188,0.992188
2763,0.871813,0.992188,0.992188
2764,0.871863,0.984375,0.984375
2765,0.871912,1.000000,1.000000
2766,0.871962,1.000000,1.000000
2767,0.871992,1.000000,1.000000
2768,0.872061,1.000000,1.000000
2769,0.872111,0.984375,0.984375
2770,0.872160,0.992188,0.992188
2771,0.872195,0.992188,0.992188
2772,0.872259,0.992188,0.992188
2773,0.872151,0.992188,0.992188
2774,0.872357,1.000000,1.000000
2775,0.872407,1.000000,1.000000
2776,0.872455,0.992188,1.000000
2777,0.872543,1.000000,1.000000
2778,0.872554,0.992188,0.992188
2779,0.872603,0.984375,0.984375
2780,0.872652,1.000000,1.000000
2781,0.872545,1.000000,1.000000
2782,0.872725,1.000000,1.000000
2783,0.872798,1.000000,1.000000
2784,0.872847,0.992188,0.992188
2785,0.872891,0.992188,0.992188
2786,0.872945,1.000000,1.000000
2787,0.872836,0.984375,0.984375
2788,0.873043,0.976562,0.976562
2789,0.873092,1.000000,1.000000
2790,0.873140,1.000000,1.000000
2791,0.873157,1.000000,1.000000
2792,0.873238,0.992188,0.992188
2793,0.873266,0.976562,0.992188
2794,0.873314,1.000000,1.000000
2795,0.873384,1.000000,1.000000
2796,0.873412,0.992188,0.992188
2797,0.873482,1.000000,1.000000
2798,0.873375,1.000000,1.000000
2799,0.873579,1.000000,1.000000
2800,0.873451,1.000000,1.000000
2801,0.873572,1.000000,1.000000
2802,0.873599,1.000000,1.000000
2803,0.873518,0.992188,0.992188
2804,0.873718,0.984375,0.984375
2805,0.873290,0.984375,0.992188
2806,0.873815,1.000000,1.000000
2807,0.873842,1.000000,1.000000
2808,0.873864,0.992188,1.000000
2809,0.873863,0.992188,0.992188
2810,0.874009,0.992188,0.992188
2811,0.873805,1.000000,1.000000
2812,0.873964,0.992188,1.000000
2813,0.874112,0.976562,0.984375
2814,0.874204,1.000000,1.000000
2815,0.874253,1.000000,1.000000
2816,0.874280,0.992188,0.992188
2817,0.874208,1.000000,1.000000
2818,0.874399,1.000000,1.000000
2819,0.874448,1.000000,1.000000
2820,0.874496,0.992188,0.992188
2821,0.874235,0.992188,0.992188
2822,0.874573,1.000000,1.000000
2823,0.874596,0.992188,1.000000
2824,0.874514,1.000000,1.000000
2825,0.874630,1.000000,1.000000
2826,0.874789,0.992188,1.000000
2827,0.874837,0.968750,0.968750
2828,0.874865,1.000000,1.000000
2829,0.874756,1.000000,1.000000
2830,0.874972,1.000000,1.000000
2831,0.874979,1.000000,1.000000
2832,0.875055,1.000000,1.000000
2833,0.874973,1.000000,1.000000
2834,0.875163,0.992188,0.992188
2835,0.875049,1.000000,1.000000
2836,0.875282,1.000000,1.000000
2837,0.875163,0.984375,0.992188
2838,0.875214,0.984375,0.984375
2839,0.875393,0.992188,1.000000
2840,0.875470,1.000000,1.000000
2841,0.875498,1.000000,1.000000
2842,0.875568,0.976562,0.984375
2843,0.875616,1.000000,1.000000
2844,0.875581,0.992188,0.992188
2845,0.875687,0.992188,0.992188
2846,0.875450,1.000000,1.000000
2847,0.875654,0.992188,0.992188
2848,0.875860,0.968750,0.976562
2849,0.875750,1.000000,1.000000
2850,0.875957,0.976562,0.984375
2851,0.875931,1.000000,1.000000
2852,0.875980,0.992188,0.992188
2853,0.876017,0.992188,1.000000
2854,0.876077,1.000000,1.000000
2855,0.876006,1.000000,1.000000
2856,0.875982,1.000000,1.000000
2857,0.876224,1.000000,1.000000
2858,0.876272,0.992188,1.000000
2859,0.876300,1.000000,1.000000
2860,0.876358,1.000000,1.000000
2861,0.876392,1.000000,1.000000
2862,0.876311,1.000000,1.000000
2863,0.876516,0.984375,0.984375
2864,0.876565,0.992188,0.992188
2865,0.876592,0.992188,0.992188
2866,0.876368,0.992188,0.992188
2867,0.876711,1.000000,1.000000
2868,0.871397,1.000000,1.000000
2869,0.876641,1.000000,1.000000
2870,0.872142,0.992188,0.992188
2871,0.876906,1.000000,1.000000
2872,0.876823,1.000000,1.000000
2873,0.877006,0.992188,0.992188
2874,0.877057,1.000000,1.000000
2875,0.876956,1.000000,1.000000
2876,0.877130,1.000000,1.000000
2877,0.877211,1.000000,1.000000
2878,0.877256,0.992188,0.992188
2879,0.877149,1.000000,1.000000
2880,0.877322,1.000000,1.000000
2881,0.877404,0.992188,0.992188
2882,0.877296,0.992188,0.992188
2883,0.877455,0.984375,0.984375
2884,0.877530,0.984375,0.984375
2885,0.877442,0.984375,0.992188
2886,0.877635,1.000000,1.000000
2887,0.877699,1.000000,1.000000
2888,0.877748,1.000000,1.000000
2889,0.877786,0.984375,0.984375
2890,0.877824,0.992188,0.992188
2891,0.877895,1.000000,1.000000
2892,0.877745,1.000000,1.000000
2893,0.877993,1.000000,1.000000
2894,0.878042,1.000000,1.000000
2895,0.878069,1.000000,1.000000
2896,0.878089,1.000000,1.000000
2897,0.878188,0.992188,0.992188
2898,0.878211,0.992188,0.992188
2899,0.878242,0.992188,0.992188
2900,0.878313,1.000000,1.000000
2901,0.878287,0.992188,0.992188
2902,0.878357,0.992188,0.992188
2903,0.878232,0.984375,0.984375
2904,0.878418,1.000000,1.000000
2905,0.878482,1.000000,1.000000
2906,0.878554,0.992188,0.992188
2907,0.878445,1.000000,1.000000
2908,0.878606,0.992188,0.992188
2909,0.878699,0.992188,0.992188
2910,0.878733,0.992188,0.992188
2911,0.878774,1.000000,1.000000
2912,0.878823,1.000000,1.000000
2913,0.878894,1.000000,1.000000
2914,0.878942,1.000000,1.000000
2915,0.878943,0.992188,1.000000
2916,0.879046,1.000000,1.000000
2917,0.878932,1.000000,1.000000
2918,0.879137,0.992188,1.000000
2919,0.879186,0.992188,0.992188
2920,0.879223,1.000000,1.000000
2921,0.879248,0.992188,0.992188
2922,0.879322,0.992188,1.000000
2923,0.879366,1.000000,1.000000
2924,0.879250,0.992188,0.992188
2925,0.879457,1.000000,1.000000
2926,0.879371,1.000000,1.000000
2927,0.879576,1.000000,1.000000
2928,0.879463,1.000000,1.000000
2929,0.879651,1.000000,1.000000
2930,0.879722,0.992188,0.992188
2931,0.879785,0.992188,1.000000
2932,0.879794,0.992188,0.992188
2933,0.879697,1.000000,1.000000
2934,0.879917,0.992188,0.992188
2935,0.879809,0.992188,0.992188
2936,0.879836,1.000000,1.000000
2937,0.880063,1.000000,1.000000
2938,0.880112,1.000000,1.000000
2939,0.880160,0.992188,0.992188
2940,0.880076,1.000000,1.000000
2941,0.880060,1.000000,1.000000
2942,0.880307,1.000000,1.000000
2943,0.880356,1.000000,1.000000
2944,0.880405,0.992188,1.000000
2945,0.880318,0.984375,0.984375
2946,0.880488,1.000000,1.000000
2947,0.880551,1.000000,1.000000
2948,0.880600,0.992188,0.992188
2949,0.880649,1.000000,1.000000
2950,0.880698,0.984375,0.992188
2951,0.880672,0.992188,0.992188
2952,0.880721,0.992188,0.992188
2953,0.880769,1.000000,1.000000
2954,0.880818,0.984375,0.984375
2955,0.880867,0.984375,0.984375
2956,0.880916,1.000000,1.000000
2957,0.880965,0.984375,0.984375
2958,0.881013,0.992188,0.992188
2959,0.881041,0.976562,0.976562
2960,0.881111,1.000000,1.000000
2961,0.881269,0.992188,1.000000
2962,0.881052,1.000000,1.000000
2963,0.881257,1.000000,1.000000
2964,0.881279,0.992188,0.992188
2965,0.881355,0.992188,0.992188
2966,0.881382,1.000000,1.000000
2967,0.881442,1.000000,1.000000
2968,0.881351,0.992188,1.000000
2969,0.881549,0.992188,0.992188
2970,0.881588,1.000000,1.000000
2971,0.881625,1.000000,1.000000
2972,0.881695,0.976562,0.992188
2973,0.881744,0.992188,0.992188
2974,0.881793,1.000000,1.000000
2975,0.881797,0.992188,0.992188
2976,0.881734,1.000000,1.000000
2977,0.881939,0.992188,1.000000
2978,0.881988,0.984375,0.984375
2979,0.882036,1.000000,1.000000
2980,0.881946,0.992188,0.992188
2981,0.882222,1.000000,1.000000
2982,0.882160,0.992188,1.000000
2983,0.882095,0.992188,0.992188
2984,0.882258,1.000000,1.000000
2985,0.882149,0.992188,0.992188
2986,0.882197,0.992188,0.992188
2987,0.882303,1.000000,1.000000
2988,0.882432,0.992188,1.000000
2989,0.882528,0.992188,0.992188
2990,0.882538,1.000000,1.000000
2991,0.882620,0.984375,0.984375
2992,0.882668,1.000000,1.000000
2993,0.882717,0.992188,0.992188
2994,0.882640,0.984375,1.000000
2995,0.882800,1.000000,1.000000
2996,0.882757,0.992188,0.992188
2997,0.882906,1.000000,1.000000
2998,0.882954,0.992188,0.992188
2999,0.883009,0.992188,0.992188
3000,0.883058,0.992188,0.992188
3001,0.882847,1.000000,1.000000
3002,0.883058,1.000000,1.000000
3003,0.883123,0.992188,0.992188
3004,0.883177,0.992188,0.992188
3005,0.883226,0.984375,0.984375
3006,0.883275,0.992188,1.000000
3007,0.883323,1.000000,1.000000
3008,0.883372,1.000000,1.000000
3009,0.883427,0.992188,0.992188
3010,0.883470,0.992188,0.992188
3011,0.883503,0.984375,0.984375
3012,0.883530,1.000000,1.000000
3013,0.883604,1.000000,1.000000
3014,0.883664,1.000000,1.000000
3015,0.883693,1.000000,1.000000
3016,0.883740,1.000000,1.000000
3017,0.883799,1.000000,1.000000
3018,0.883859,0.992188,0.992188
3019,0.883908,0.992188,0.992188
3020,0.883935,1.000000,1.000000
3021,0.883869,0.984375,0.984375
3022,0.884054,0.984375,0.984375
3023,0.883991,0.992188,0.992188
3024,0.884152,1.000000,1.000000
3025,0.884189,1.000000,1.000000
3026,0.884234,0.992188,0.992188
3027,0.884276,1.000000,1.000000
3028,0.884189,0.992188,0.992188
3029,0.884401,1.000000,1.000000
3030,0.879515,1.000000,1.000000
3031,0.884337,1.000000,1.000000
3032,0.884527,1.000000,1.000000
3033,0.884568,0.984375,0.992188
3034,0.884639,0.992188,0.992188
3035,0.884661,1.000000,1.000000
3036,0.884441,0.984375,0.992188
3037,0.884785,1.000000,1.000000
3038,0.884833,1.000000,1.000000
3039,0.884860,1.000000,1.000000
3040,0.884888,0.992188,0.992188
3041,0.884979,0.992188,0.992188
3042,0.885028,1.000000,1.000000
3043,0.885032,0.992188,0.992188
3044,0.885125,0.992188,0.992188
3045,0.885174,1.000000,1.000000
3046,0.885223,0.992188,1.000000
3047,0.885271,0.992188,0.992188
3048,0.885320,0.992188,0.992188
3049,0.885353,1.000000,1.000000
3050,0.885405,0.992188,0.992188
3051,0.885369,0.992188,0.992188
3052,0.885440,1.000000,1.000000
3053,0.885488,0.992188,1.000000
3054,0.885223,1.000000,1.000000
3055,0.885548,0.976562,1.000000
3056,0.885634,1.000000,1.000000
3057,0.885477,1.000000,1.000000
3058,0.885732,1.000000,1.000000
3059,0.885624,1.000000,1.000000
3060,0.885646,1.000000,1.000000
3061,0.885857,0.984375,0.984375
3062,0.885927,1.000000,1.000000
3063,0.885975,1.000000,1.000000
3064,0.886024,1.000000,1.000000
3065,0.886050,0.992188,0.992188
3066,0.885961,1.000000,1.000000
3067,0.886170,1.000000,1.000000
3068,0.886061,0.992188,0.992188
3069,0.886267,0.976562,0.984375
3070,0.886316,1.000000,1.000000
3071,0.886232,1.000000,1.000000
3072,0.886413,0.992188,0.992188
3073,0.886447,1.000000,1.000000
3074,0.886510,1.000000,1.000000
3075,0.886480,0.984375,0.992188
3076,0.886608,1.000000,1.000000
3077,0.886500,1.000000,1.000000
3078,0.886705,0.992188,0.992188
3079,0.886753,1.000000,1.000000
3080,0.886766,1.000000,1.000000
3081,0.886851,0.992188,0.992188
3082,0.886721,0.992188,1.000000
3083,0.886899,0.992188,0.992188
3084,0.886997,1.000000,1.000000
3085,0.887034,1.000000,1.000000
3086,0.887094,0.984375,0.984375
3087,0.887107,1.000000,1.000000
3088,0.887192,0.992188,0.992188
3089,0.887240,1.000000,1.000000
3090,0.887289,1.000000,1.000000
3091,0.887315,0.984375,0.984375
3092,0.887364,0.984375,0.984375
3093,0.887435,1.000000,1.000000
3094,0.887461,0.992188,0.992188
3095,0.887533,0.992188,0.992188
3096,0.887581,1.000000,1.000000
3097,0.887529,0.992188,0.992188
3098,0.887635,1.000000,1.000000
3099,0.887705,0.984375,0.984375
3100,0.887776,0.992188,0.992188
3101,0.887749,0.992188,0.992188
3102,0.887776,1.000000,1.000000
3103,0.887847,1.000000,1.000000
3104,0.887848,0.992188,0.992188
3105,0.887944,0.976562,0.984375
3106,0.887993,0.984375,0.992188
3107,0.888039,1.000000,1.000000
3108,0.888090,1.000000,1.000000
3109,0.883121,1.000000,1.000000
3110,0.888160,1.000000,1.000000
3111,0.888221,1.000000,1.000000
3112,0.888262,0.992188,0.992188
3113,0.888153,1.000000,1.000000
3114,0.888223,0.992188,0.992188
3115,0.888427,1.000000,1.000000
3116,0.888466,1.000000,1.000000
3117,0.888349,1.000000,1.000000
3118,0.888547,1.000000,1.000000
3119,0.888624,1.000000,1.000000
3120,0.888672,0.992188,0.992188
3121,0.888721,0.992188,1.000000
3122,0.888770,1.000000,1.000000
3123,0.888818,1.000000,1.000000
3124,0.888882,0.992188,0.992188
3125,0.888916,1.000000,1.000000
3126,0.888942,1.000000,1.000000
3127,0.888976,1.000000,1.000000
3128,0.889062,1.000000,1.000000
3129,0.888927,1.000000,1.000000
3130,0.889151,1.000000,1.000000
3131,0.889208,0.992188,0.992188
3132,0.889257,0.992188,0.992188
3133,0.889283,1.000000,1.000000
3134,0.889354,0.992188,0.992188
3135,0.889382,0.984375,1.000000
3136,0.889429,0.992188,0.992188
3137,0.889368,1.000000,1.000000
3138,0.889004,0.992188,0.992188
3139,0.889598,1.000000,1.000000
3140,0.884475,1.000000,1.000000
3141,0.889697,1.000000,1.000000
3142,0.889746,0.968750,0.968750
3143,0.889773,1.000000,1.000000
3144,0.889844,1.000000,1.000000
3145,0.889893,1.000000,1.000000
3146,0.889942,1.000000,1.000000
3147,0.889979,0.992188,0.992188
3148,0.890040,0.992188,0.992188
3149,0.890089,1.000000,1.000000
3150,0.890033,0.992188,0.992188
3151,0.890100,0.992188,0.992188
3152,0.890160,0.992188,0.992188
3153,0.890072,0.992188,0.992188
3154,0.890390,1.000000,1.000000
3155,0.890307,0.984375,0.984375
3156,0.890356,0.984375,0.984375
3157,0.890404,0.992188,0.992188
3158,0.890447,0.992188,0.992188
3159,0.890502,0.984375,0.992188
3160,0.890557,1.000000,1.000000
3161,0.890605,1.000000,1.000000
3162,0.890648,1.000000,1.000000
3163,0.890522,0.992188,1.000000
3164,0.890725,1.000000,1.000000
3165,0.890795,1.000000,1.000000
3166,0.890675,1.000000,1.000000
3167,0.890892,1.000000,1.000000
3168,0.890941,0.992188,0.992188
3169,0.891004,1.000000,1.000000
3170,0.891038,1.000000,1.000000
3171,0.891072,0.992188,0.992188
3172,0.885452,1.000000,1.000000
3173,0.891184,0.984375,0.984375
3174,0.891233,0.984375,0.984375
3175,0.891259,1.000000,1.000000
3176,0.891172,0.992188,0.992188
3177,0.891364,0.992188,1.000000
3178,0.891413,0.992188,0.992188
3179,0.891477,1.000000,1.000000
3180,0.891526,1.000000,1.000000
3181,0.891413,1.000000,1.000000
3182,0.891624,1.000000,1.000000
3183,0.891532,0.984375,0.984375
3184,0.891583,1.000000,1.000000
3185,0.891766,1.000000,1.000000
3186,0.891820,1.000000,1.000000
3187,0.891691,1.000000,1.000000
3188,0.891918,0.992188,0.992188
3189,0.891961,1.000000,1.000000
3190,0.891993,1.000000,1.000000
3191,0.892065,0.984375,0.984375
3192,0.892113,0.992188,0.992188
3193,0.892147,0.992188,0.992188
3194,0.892211,0.992188,0.992188
3195,0.892260,0.984375,0.984375
3196,0.892304,1.000000,1.000000
3197,0.892358,0.984375,0.984375
3198,0.892416,1.000000,1.000000
3199,0.892299,1.000000,1.000000
3200,0.892504,1.000000,1.000000
3201,0.892448,0.992188,1.000000
3202,0.892482,1.000000,1.000000
3203,0.892525,0.976562,0.984375
3204,0.892609,0.992188,1.000000
3205,0.892643,0.992188,0.992188
3206,0.892669,0.992188,0.992188
3207,0.892741,1.000000,1.000000
3208,0.892790,0.992188,0.992188
3209,0.892838,0.992188,0.992188
3210,0.892887,1.000000,1.000000
3211,0.892936,0.992188,0.992188
3212,0.892665,0.984375,0.984375
3213,0.892876,1.000000,1.000000
3214,0.893059,1.000000,1.000000
3215,0.887554,0.992188,0.992188
3216,0.893001,1.000000,1.000000
3217,0.893201,0.992188,0.992188
3218,0.893267,0.992188,0.992188
3219,0.893319,1.000000,1.000000
3220,0.893382,1.000000,1.000000
3221,0.893431,1.000000,1.000000
3222,0.893481,0.984375,0.992188
3223,0.893531,0.992188,1.000000
3224,0.893580,1.000000,1.000000
3225,0.893489,1.000000,1.000000
3226,0.893679,1.000000,1.000000
3227,0.893728,1.000000,1.000000
3228,0.893777,1.000000,1.000000
3229,0.893826,1.000000,1.000000
3230,0.893875,1.000000,1.000000
3231,0.893924,1.000000,1.000000
3232,0.893936,1.000000,1.000000
3233,0.894007,0.968750,0.968750
3234,0.888636,0.992188,1.000000
3235,0.894122,1.000000,1.000000
3236,0.894150,1.000000,1.000000
3237,0.894215,1.000000,1.000000
3238,0.894288,0.992188,0.992188
3239,0.894323,0.984375,0.992188
3240,0.894361,1.000000,1.000000
3241,0.894423,1.000000,1.000000
3242,0.894473,1.000000,1.000000
3243,0.894522,1.000000,1.000000
3244,0.894572,0.992188,0.992188
3245,0.894596,0.992188,0.992188
3246,0.894685,1.000000,1.000000
3247,0.894720,1.000000,1.000000
3248,0.894769,0.984375,0.984375
3249,0.894819,0.992188,0.992188
3250,0.894852,0.976562,0.984375
3251,0.894821,0.992188,0.992188
3252,0.894891,1.000000,1.000000
3253,0.894940,0.992188,0.992188
3254,0.894847,0.992188,0.992188
3255,0.894910,1.000000,1.000000
3256,0.894906,0.984375,0.984375
3257,0.895136,1.000000,1.000000
3258,0.895185,1.000000,1.000000
3259,0.895139,0.992188,1.000000
3260,0.895268,0.992188,0.992188
3261,0.895309,1.000000,1.000000
3262,0.895266,0.992188,0.992188
3263,0.895407,1.000000,1.000000
3264,0.895536,1.000000,1.000000
3265,0.895528,0.984375,0.984375
3266,0.895555,1.000000,1.000000
3267,0.895625,1.000000,1.000000
3268,0.895674,0.992188,0.992188
3269,0.895543,0.992188,1.000000
3270,0.895772,0.992188,0.992188
3271,0.895821,0.992188,0.992188
3272,0.895718,1.000000,1.000000
3273,0.895760,0.992188,1.000000
3274,0.895967,0.992188,0.992188
3275,0.895993,1.000000,1.000000
3276,0.895968,0.992188,0.992188
3277,0.896101,1.000000,1.000000
3278,0.895860,0.984375,0.992188
3279,0.896211,1.000000,1.000000
3280,0.896259,0.992188,0.992188
3281,0.896464,0.992188,0.992188
3282,0.896357,0.992188,0.992188
3283,0.896412,1.000000,1.000000
3284,0.896454,0.992188,1.000000
3285,0.896503,0.992188,0.992188
3286,0.896552,0.992188,0.992188
3287,0.896600,1.000000,1.000000
3288,0.896470,1.000000,1.000000
3289,0.896712,1.000000,1.000000
3290,0.896645,0.984375,0.984375
3291,0.896795,0.992188,0.992188
3292,0.896844,1.000000,1.000000
3293,0.896892,0.992188,0.992188
3294,0.897036,0.992188,0.992188
3295,0.896990,0.984375,0.992188
3296,0.897039,1.000000,1.000000
3297,0.897064,0.984375,0.984375
3298,0.896995,1.000000,1.000000
3299,0.897185,1.000000,1.000000
3300,0.897234,0.984375,0.992188
3301,0.897090,0.976562,0.984375
3302,0.897256,0.984375,0.992188
3303,0.897305,1.000000,1.000000
3304,0.897354,0.992188,0.992188
3305,0.897402,0.992188,0.992188
3306,0.897451,1.000000,1.000000
3307,0.897342,1.000000,1.000000
3308,0.897536,0.992188,0.992188
3309,0.897597,0.976562,0.976562
3310,0.897631,1.000000,1.000000
3311,0.897537,1.000000,1.000000
3312,0.897535,1.000000,1.000000
3313,0.897792,0.984375,0.992188
3314,0.897956,1.000000,1.000000
3315,0.897889,1.000000,1.000000
3316,0.897938,1.000000,1.000000
3317,0.897987,0.992188,0.992188
3318,0.897872,1.000000,1.000000
3319,0.898085,1.000000,1.000000
3320,0.898134,1.000000,1.000000
3321,0.898182,1.000000,1.000000
3322,0.898231,0.992188,1.000000
3323,0.898280,0.992188,0.992188
3324,0.898323,1.000000,1.000000
3325,0.898220,1.000000,1.000000
3326,0.898427,0.984375,0.992188
3327,0.898475,1.000000,1.000000
3328,0.898497,1.000000,1.000000
3329,0.898573,1.000000,1.000000
3330,0.898448,0.992188,0.992188
3331,0.898655,0.984375,0.984375
3332,0.898704,0.992188,0.992188
3333,0.898768,1.000000,1.000000
3334,0.898795,0.992188,0.992188
3335,0.898865,0.992188,0.992188
3336,0.898914,1.000000,1.000000
3337,0.898825,1.000000,1.000000
3338,0.899012,1.000000,1.000000
3339,0.899055,0.992188,0.992188
3340,0.898809,0.992188,1.000000
3341,0.899137,1.000000,1.000000
3342,0.899207,1.000000,1.000000
3343,0.899256,1.000000,1.000000
3344,0.899147,1.000000,1.000000
3345,0.899252,1.000000,1.000000
3346,0.899245,1.000000,1.000000
3347,0.899427,0.984375,0.992188
3348,0.899500,1.000000,1.000000
3349,0.899548,0.992188,0.992188
3350,0.899597,1.000000,1.000000
3351,0.899455,0.992188,1.000000
3352,0.899586,0.968750,0.976562
3353,0.899668,1.000000,1.000000
3354,0.899717,0.976562,0.976562
3355,0.899766,1.000000,1.000000
3356,0.899814,1.000000,1.000000
3357,0.899863,1.000000,1.000000
3358,0.899912,0.984375,0.984375
3359,0.899803,1.000000,1.000000
3360,0.900013,0.992188,1.000000
3361,0.899899,0.992188,0.992188
3362,0.899946,0.984375,0.992188
3363,0.900155,0.992188,0.992188
3364,0.900012,0.992188,1.000000
3365,0.900253,0.984375,0.984375
3366,0.900301,1.000000,1.000000
3367,0.900345,0.992188,0.992188
3368,0.900399,0.992188,0.992188
3369,0.900309,1.000000,1.000000
3370,0.900496,1.000000,1.000000
3371,0.900545,0.992188,0.992188
3372,0.900594,1.000000,1.000000
3373,0.900604,1.000000,1.000000
3374,0.900534,1.000000,1.000000
3375,0.900717,0.984375,0.984375
3376,0.900789,1.000000,1.000000
3377,0.900815,0.992188,0.992188
3378,0.900887,0.976562,0.984375
3379,0.900936,1.000000,1.000000
3380,0.900984,0.992188,0.992188
3381,0.901033,0.992188,1.000000
3382,0.901059,1.000000,1.000000
3383,0.900966,0.992188,0.992188
3384,0.901034,0.984375,0.984375
3385,0.901177,1.000000,1.000000
3386,0.901277,1.000000,1.000000
3387,0.901288,0.992188,0.992188
3388,0.901351,0.992188,1.000000
3389,0.901259,0.960938,0.968750
3390,0.901472,1.000000,1.000000
3391,0.895986,1.000000,1.000000
3392,0.901574,1.000000,1.000000
3393,0.901647,0.992188,0.992188
3394,0.901680,0.992188,0.992188
3395,0.901733,1.000000,1.000000
3396,0.901785,1.000000,1.000000
3397,0.901670,1.000000,1.000000
3398,0.901888,1.000000,1.000000
3399,0.901917,0.976562,0.976562
3400,0.901990,0.992188,1.000000
3401,0.901966,0.992188,0.992188
3402,0.901844,1.000000,1.000000
3403,0.901952,1.000000,1.000000
3404,0.902093,0.984375,0.992188
3405,0.902167,1.000000,1.000000
3406,0.901986,0.992188,0.992188
3407,0.902267,0.992188,0.992188
3408,0.902293,1.000000,1.000000
3409,0.902341,0.992188,0.992188
3410,0.902401,1.000000,1.000000
3411,0.902450,1.000000,1.000000
3412,0.902534,1.000000,1.000000
3413,0.902564,1.000000,1.000000
3414,0.902347,1.000000,1.000000
3415,0.902662,1.000000,1.000000
3416,0.902711,0.984375,0.984375
3417,0.902760,0.992188,1.000000
3418,0.902809,1.000000,1.000000
3419,0.902858,0.992188,0.992188
3420,0.902907,1.000000,1.000000
3421,0.897067,0.992188,0.992188
3422,0.902994,1.000000,1.000000
3423,0.903074,1.000000,1.000000
3424,0.903132,0.992188,0.992188
3425,0.903189,1.000000,1.000000
3426,0.903264,1.000000,1.000000
3427,0.903300,0.992188,1.000000
3428,0.903340,0.992188,0.992188
3429,0.903409,1.000000,1.000000
3430,0.903463,1.000000,1.000000
3431,0.903516,1.000000,1.000000
3432,0.903569,0.992188,1.000000
3433,0.903581,0.992188,1.000000
3434,0.903673,1.000000,1.000000
3435,0.903739,1.000000,1.000000
3436,0.903614,0.992188,0.992188
3437,0.903803,0.992188,1.000000
3438,0.903879,0.992188,0.992188
3439,0.903930,0.976562,0.976562
3440,0.903980,1.000000,1.000000
3441,0.904031,1.000000,1.000000
3442,0.904080,0.992188,1.000000
3443,0.904131,0.992188,0.992188
3444,0.904181,0.992188,1.000000
3445,0.904206,0.992188,1.000000
3446,0.904295,0.992188,0.992188
3447,0.904330,0.992188,0.992188
3448,0.904380,0.992188,0.992188
3449,0.904407,0.992188,0.992188
3450,0.904479,1.000000,1.000000
3451,0.904424,0.968750,0.976562
3452,0.904502,0.992188,0.992188
3453,0.904465,1.000000,1.000000
3454,0.904601,0.992188,0.992188
3455,0.904650,0.992188,0.992188
3456,0.904606,1.000000,1.000000
3457,0.904688,0.984375,1.000000
3458,0.904797,0.992188,0.992188
3459,0.904815,0.992188,0.992188
3460,0.904895,0.984375,0.992188
3461,0.904918,0.992188,0.992188
3462,0.904993,0.984375,0.984375
3463,0.905042,1.000000,1.000000
3464,0.905066,1.000000,1.000000
3465,0.905139,0.992188,0.992188
3466,0.904899,0.992188,0.992188
3467,0.905237,0.976562,0.984375
3468,0.905270,1.000000,1.000000
3469,0.905322,0.992188,0.992188
3470,0.905250,0.992188,0.992188
3471,0.905432,0.992188,0.992188
3472,0.905484,1.000000,1.000000
3473,0.905533,1.000000,1.000000
3474,0.905584,0.984375,1.000000
3475,0.905601,1.000000,1.000000
3476,0.905675,1.000000,1.000000
3477,0.905724,0.992188,0.992188
3478,0.905772,1.000000,1.000000
3479,0.905781,1.000000,1.000000
3480,0.905858,0.992188,0.992188
3481,0.905891,1.000000,1.000000
3482,0.905942,1.000000,1.000000
3483,0.905963,0.992188,0.992188
3484,0.906064,1.000000,1.000000
3485,0.906020,0.984375,0.992188
3486,0.906140,0.992188,1.000000
3487,0.906210,0.992188,0.992188
3488,0.906259,0.992188,0.992188
3489,0.906308,0.984375,0.992188
3490,0.906356,1.000000,1.000000
3491,0.906394,0.992188,0.992188
3492,0.906511,0.992188,0.992188
3493,0.906503,1.000000,1.000000
3494,0.906498,1.000000,1.000000
3495,0.906600,0.992188,1.000000
3496,0.906649,1.000000,1.000000
3497,0.906556,0.984375,0.992188
3498,0.906734,0.992188,0.992188
3499,0.906795,0.992188,0.992188
3500,0.906844,1.000000,1.000000
3501,0.906817,1.000000,1.000000
3502,0.906855,0.976562,0.984375
3503,0.906908,1.000000,1.000000
3504,0.906964,1.000000,1.000000
3505,0.907013,0.992188,0.992188
3506,0.907061,1.000000,1.000000
3507,0.907110,1.000000,1.000000
3508,0.907148,1.000000,1.000000
3509,0.907185,0.992188,0.992188
3510,0.907256,1.000000,1.000000
3511,0.907305,0.992188,0.992188
3512,0.907354,1.000000,1.000000
3513,0.907403,1.000000,1.000000
3514,0.907426,0.992188,0.992188
3515,0.907500,1.000000,1.000000
3516,0.907549,0.992188,1.000000
3517,0.907597,1.000000,1.000000
3518,0.907620,1.000000,1.000000
3519,0.907645,1.000000,1.000000
3520,0.907744,0.992188,0.992188
3521,0.907767,0.992188,0.992188
3522,0.907841,1.000000,1.000000
3523,0.907859,0.984375,0.992188
3524,0.907938,0.984375,0.984375
3525,0.907987,0.992188,0.992188
3526,0.908036,0.984375,0.984375
3527,0.908069,0.992188,0.992188
3528,0.901920,1.000000,1.000000
3529,0.908174,0.984375,0.984375
3530,0.908200,0.992188,1.000000
3531,0.908242,0.992188,0.992188
3532,0.908301,1.000000,1.000000
3533,0.908326,1.000000,1.000000
3534,0.908281,1.000000,1.000000
3535,0.908411,0.984375,0.992188
3536,0.908456,0.984375,0.984375
3537,0.908511,0.992188,0.992188
3538,0.908584,1.000000,1.000000
3539,0.908615,1.000000,1.000000
3540,0.908662,1.000000,1.000000
3541,0.908708,0.984375,0.992188
3542,0.908749,0.992188,1.000000
3543,0.908778,0.992188,0.992188
3544,0.908849,1.000000,1.000000
3545,0.908844,1.000000,1.000000
3546,0.903266,0.992188,0.992188
3547,0.908979,0.992188,0.992188
3548,0.909039,0.992188,0.992188
3549,0.903102,1.000000,1.000000
3550,0.909133,1.000000,1.000000
3551,0.909104,1.000000,1.000000
3552,0.909135,0.984375,0.984375
3553,0.909122,1.000000,1.000000
3554,0.909231,1.000000,1.000000
3555,0.909291,0.984375,0.984375
3556,0.909315,0.992188,0.992188
3557,0.909357,0.992188,0.992188
3558,0.909386,0.992188,0.992188
3559,0.909419,0.992188,0.992188
3560,0.909528,0.992188,0.992188
3561,0.909418,1.000000,1.000000
3562,0.909624,0.992188,0.992188
3563,0.909672,1.000000,1.000000
3564,0.909716,0.992188,0.992188
3565,0.909730,1.000000,1.000000
3566,0.909801,1.000000,1.000000
3567,0.909837,1.000000,1.000000
3568,0.909913,1.000000,1.000000
3569,0.909962,0.992188,1.000000
3570,0.909823,0.992188,0.992188
3571,0.910058,1.000000,1.000000
3572,0.910107,0.992188,0.992188
3573,0.910155,1.000000,1.000000
3574,0.910204,1.000000,1.000000
3575,0.910253,0.992188,1.000000
3576,0.910301,0.992188,0.992188
3577,0.910350,1.000000,1.000000
3578,0.910282,1.000000,1.000000
3579,0.910447,0.992188,0.992188
3580,0.910378,0.992188,0.992188
3581,0.910544,0.976562,0.992188
3582,0.910577,0.984375,0.984375
3583,0.910626,1.000000,1.000000
3584,0.910443,1.000000,1.000000
3585,0.910698,0.992188,0.992188
3586,0.910787,1.000000,1.000000
3587,0.910835,0.992188,0.992188
3588,0.910884,1.000000,1.000000
3589,0.910932,1.000000,1.000000
3590,0.910981,0.992188,0.992188
3591,0.911030,1.000000,1.000000
3592,0.911078,1.000000,1.000000
3593,0.911127,1.000000,1.000000
3594,0.911196,1.000000,1.000000
3595,0.911224,1.000000,1.000000
3596,0.911260,1.000000,1.000000
3597,0.911296,0.992188,0.992188
3598,0.911370,1.000000,1.000000
3599,0.911388,0.992188,0.992188
3600,0.911467,1.000000,1.000000
3601,0.911411,0.992188,0.992188
3602,0.911425,0.992188,0.992188
3603,0.911458,1.000000,1.000000
3604,0.911532,0.992188,0.992188
3605,0.911606,1.000000,1.000000
3606,0.911654,1.000000,1.000000
3607,0.911681,1.000000,1.000000
3608,0.911752,0.992188,0.992188
3609,0.911801,0.992188,0.992188
3610,0.911849,1.000000,1.000000
3611,0.911898,1.000000,1.000000
3612,0.911856,0.984375,0.984375
3613,0.911995,0.992188,0.992188
3614,0.912019,0.992188,0.992188
3615,0.912093,0.992188,0.992188
3616,0.912142,1.000000,1.000000
3617,0.912190,0.992188,0.992188
3618,0.912239,1.000000,1.000000
3619,0.912288,1.000000,1.000000
3620,0.912312,1.000000,1.000000
3621,0.912400,0.984375,0.984375
3622,0.912434,0.992188,0.992188
3623,0.912483,0.984375,0.992188
3624,0.912531,0.992188,0.992188
3625,0.912580,1.000000,1.000000
3626,0.912629,0.976562,0.984375
3627,0.912678,1.000000,1.000000
3628,0.912702,0.992188,0.992188
3629,0.912775,1.000000,1.000000
3630,0.912824,1.000000,1.000000
3631,0.912876,1.000000,1.000000
3632,0.912897,0.992188,0.992188
3633,0.912970,1.000000,1.000000
3634,0.912972,1.000000,1.000000
3635,0.913068,0.992188,0.992188
3636,0.913116,1.000000,1.000000
3637,0.913140,0.992188,0.992188
3638,0.913214,1.000000,1.000000
3639,0.913262,1.000000,1.000000
3640,0.913221,1.000000,1.000000
3641,0.913218,1.000000,1.000000
3642,0.913393,0.992188,0.992188
3643,0.913457,0.984375,0.992188
3644,0.913506,0.992188,0.992188
3645,0.913506,1.000000,1.000000
3646,0.913579,0.992188,0.992188
3647,0.913355,1.000000,1.000000
3648,0.913660,1.000000,1.000000
3649,0.913750,1.000000,1.000000
3650,0.913798,1.000000,1.000000
3651,0.913772,1.000000,1.000000
3652,0.913778,1.000000,1.000000
3653,0.913884,0.992188,0.992188
3654,0.913918,1.000000,1.000000
3655,0.908137,0.992188,0.992188
3656,0.914012,1.000000,1.000000
3657,0.914058,0.984375,0.984375
3658,0.913937,1.000000,1.000000
3659,0.914124,1.000000,1.000000
3660,0.914197,0.984375,0.984375
3661,0.914244,0.992188,0.992188
3662,0.914253,0.992188,0.992188
3663,0.914338,1.000000,1.000000
3664,0.914385,1.000000,1.000000
3665,0.914283,1.000000,1.000000
3666,0.914481,0.992188,0.992188
3667,0.914528,1.000000,1.000000
3668,0.914576,0.992188,1.000000
3669,0.914596,1.000000,1.000000
3670,0.914514,1.000000,1.000000
3671,0.914671,0.992188,0.992188
3672,0.914769,1.000000,1.000000
3673,0.908833,0.992188,0.992188
3674,0.914867,0.984375,0.984375
3675,0.914917,0.992188,1.000000
3676,0.914966,1.000000,1.000000
3677,0.914739,1.000000,1.000000
3678,0.914904,0.984375,0.984375
3679,0.915115,1.000000,1.000000
3680,0.908993,0.992188,0.992188
3681,0.915089,1.000000,1.000000
3682,0.915287,0.984375,0.992188
3683,0.915347,1.000000,1.000000
3684,0.915406,1.000000,1.000000
3685,0.915464,1.000000,1.000000
3686,0.915506,1.000000,1.000000
3687,0.915578,0.976562,0.976562
3688,0.915478,0.984375,0.984375
3689,0.915663,0.992188,0.992188
3690,0.915727,0.992188,0.992188
3691,0.915760,1.000000,1.000000
3692,0.915635,1.000000,1.000000
3693,0.915903,1.000000,1.000000
3694,0.915955,1.000000,1.000000
3695,0.916007,1.000000,1.000000
3696,0.916037,1.000000,1.000000
3697,0.916092,0.984375,0.984375
3698,0.916162,0.984375,0.992188
3699,0.916213,1.000000,1.000000
3700,0.916264,0.984375,0.984375
3701,0.916214,1.000000,1.000000
3702,0.916304,0.984375,0.992188
3703,0.916340,1.000000,1.000000
3704,0.916364,1.000000,1.000000
3705,0.916417,0.992188,0.992188
3706,0.916490,1.000000,1.000000
3707,0.916514,1.000000,1.000000
3708,0.916589,0.992188,0.992188
3709,0.916638,1.000000,1.000000
3710,0.916666,1.000000,1.000000
3711,0.916737,1.000000,1.000000
3712,0.916786,1.000000,1.000000
3713,0.916820,1.000000,1.000000
3714,0.916885,0.992188,1.000000
3715,0.916908,1.000000,1.000000
3716,0.916983,1.000000,1.000000
3717,0.917032,1.000000,1.000000
3718,0.917081,1.000000,1.000000
3719,0.917104,1.000000,1.000000
3720,0.917136,1.000000,1.000000
3721,0.917215,1.000000,1.000000
3722,0.917277,1.000000,1.000000
3723,0.917324,0.992188,0.992188
3724,0.917353,1.000000,1.000000
3725,0.917397,0.992188,0.992188
3726,0.917456,0.976562,0.976562
3727,0.917508,0.992188,0.992188
3728,0.911481,0.992188,0.992188
3729,0.917617,1.000000,1.000000
3730,0.917664,0.992188,0.992188
3731,0.917731,0.992188,0.992188
3732,0.917759,1.000000,1.000000
3733,0.917807,0.992188,0.992188
3734,0.917855,1.000000,1.000000
3735,0.917903,0.992188,0.992188
3736,0.917951,0.992188,0.992188
3737,0.917999,1.000000,1.000000
3738,0.918047,1.000000,1.000000
3739,0.918095,0.992188,0.992188
3740,0.918024,0.992188,0.992188
3741,0.918192,1.000000,1.000000
3742,0.918245,0.992188,0.992188
3743,0.918288,1.000000,1.000000
3744,0.918337,0.992188,0.992188
3745,0.918385,0.992188,1.000000
3746,0.918433,0.992188,0.992188
3747,0.918460,0.984375,0.992188
3748,0.918531,1.000000,1.000000
3749,0.918579,0.984375,0.992188
3750,0.918628,0.992188,1.000000
3751,0.918488,1.000000,1.000000
3752,0.918650,1.000000,1.000000
3753,0.918698,0.992188,1.000000
3754,0.918623,1.000000,1.000000
3755,0.918795,0.992188,1.000000
3756,0.918844,1.000000,1.000000
3757,0.918892,0.976562,0.976562
3758,0.918941,0.992188,0.992188
3759,0.918990,1.000000,1.000000
3760,0.919023,1.000000,1.000000
3761,0.919087,0.984375,1.000000
3762,0.919135,1.000000,1.000000
3763,0.919048,0.992188,0.992188
3764,0.919233,1.000000,1.000000
3765,0.919266,1.000000,1.000000
3766,0.919330,1.000000,1.000000
3767,0.919378,1.000000,1.000000
3768,0.919427,1.000000,1.000000
3769,0.919476,1.000000,1.000000
3770,0.919524,1.000000,1.000000
3771,0.919567,1.000000,1.000000
3772,0.919621,0.992188,0.992188
3773,0.919644,1.000000,1.000000
3774,0.919719,0.992188,0.992188
3775,0.919555,0.984375,0.992188
3776,0.919816,1.000000,1.000000
3777,0.919865,1.000000,1.000000
3778,0.919913,1.000000,1.000000
3779,0.920086,1.000000,1.000000
3780,0.920011,0.984375,0.984375
3781,0.920037,1.000000,1.000000
3782,0.920122,1.000000,1.000000
3783,0.920161,1.000000,1.000000
3784,0.920205,1.000000,1.000000
3785,0.920095,1.000000,1.000000
3786,0.920291,0.984375,0.992188
3787,0.920351,0.992188,0.992188
3788,0.920239,0.984375,0.992188
3789,0.920463,0.992188,0.992188
3790,0.920468,0.984375,0.992188
3791,0.920546,1.000000,1.000000
3792,0.920595,1.000000,1.000000
3793,0.920643,1.000000,1.000000
3794,0.920692,1.000000,1.000000
3795,0.920741,0.984375,0.992188
3796,0.920763,1.000000,1.000000
3797,0.920838,0.992188,0.992188
3798,0.920887,0.992188,0.992188
3799,0.920935,0.992188,0.992188
3800,0.920980,1.000000,1.000000
3801,0.920958,1.000000,1.000000
3802,0.920908,0.992188,0.992188
3803,0.921055,0.992188,1.000000
3804,0.921104,0.976562,0.976562
3805,0.921167,0.992188,0.992188
3806,0.921201,1.000000,1.000000
3807,0.921250,1.000000,1.000000
3808,0.921299,0.968750,0.976562
3809,0.921183,0.992188,0.992188
3810,0.921370,0.992188,0.992188
3811,0.921445,1.000000,1.000000
3812,0.921494,1.000000,1.000000
3813,0.921542,0.992188,0.992188
3814,0.921591,1.000000,1.000000
3815,0.921640,0.992188,0.992188
3816,0.921662,0.984375,0.992188
3817,0.921721,0.984375,0.984375
3818,0.921786,1.000000,1.000000
3819,0.921818,0.992188,1.000000
3820,0.921857,1.000000,1.000000
3821,0.921784,0.984375,0.984375
3822,0.921932,1.000000,1.000000
3823,0.922029,0.984375,0.984375
3824,0.921883,1.000000,1.000000
3825,0.922085,1.000000,1.000000
3826,0.922159,0.992188,1.000000
3827,0.922063,0.992188,1.000000
3828,0.922217,0.984375,0.992188
3829,0.922191,1.000000,1.000000
3830,0.922210,0.992188,0.992188
3831,0.922392,1.000000,1.000000
3832,0.922467,1.000000,1.000000
3833,0.922490,1.000000,1.000000
3834,0.922565,1.000000,1.000000
3835,0.922614,0.992188,0.992188
3836,0.922662,0.992188,0.992188
3837,0.922711,1.000000,1.000000
3838,0.922760,1.000000,1.000000
3839,0.922793,1.000000,1.000000
3840,0.922857,0.992188,0.992188
3841,0.922906,0.992188,1.000000
3842,0.922955,0.992188,0.992188
3843,0.923003,1.000000,1.000000
3844,0.923052,1.000000,1.000000
3845,0.923074,0.992188,0.992188
3846,0.923149,1.000000,1.000000
3847,0.923172,1.000000,1.000000
3848,0.923247,0.984375,0.984375
3849,0.923296,1.000000,1.000000
3850,0.923344,0.984375,0.984375
3851,0.923318,1.000000,1.000000
3852,0.923367,0.992188,0.992188
3853,0.923415,1.000000,1.000000
3854,0.923442,0.992188,1.000000
3855,0.923501,1.000000,1.000000
3856,0.923562,1.000000,1.000000
3857,0.923610,1.000000,1.000000
3858,0.917272,0.992188,0.992188
3859,0.923630,1.000000,1.000000
3860,0.923759,0.992188,0.992188
3861,0.923815,1.000000,1.000000
3862,0.923858,0.992188,0.992188
3863,0.923907,0.992188,1.000000
3864,0.923747,0.992188,0.992188
3865,0.924006,1.000000,1.000000
3866,0.924032,0.992188,0.992188
3867,0.924104,1.000000,1.000000
3868,0.924153,0.976562,0.976562
3869,0.924196,0.992188,0.992188
3870,0.924251,0.976562,0.976562
3871,0.924274,0.984375,0.984375
3872,0.924349,1.000000,1.000000
3873,0.924398,1.000000,1.000000
3874,0.924451,1.000000,1.000000
3875,0.924496,0.992188,0.992188
3876,0.924545,1.000000,1.000000
3877,0.924593,1.000000,1.000000
3878,0.924642,1.000000,1.000000
3879,0.924665,0.992188,0.992188
3880,0.924721,0.992188,0.992188
3881,0.924789,0.992188,0.992188
3882,0.924837,0.992188,0.992188
3883,0.924860,0.992188,0.992188
3884,0.924935,0.992188,1.000000
3885,0.924837,1.000000,1.000000
3886,0.925032,0.992188,0.992188
3887,0.925081,0.984375,0.992188
3888,0.925130,0.992188,0.992188
3889,0.925179,0.992188,0.992188
3890,0.925205,1.000000,1.000000
3891,0.925276,1.000000,1.000000
3892,0.925325,1.000000,1.000000
3893,0.925374,0.984375,0.992188
3894,0.925393,0.992188,1.000000
3895,0.925471,0.992188,0.992188
3896,0.918795,0.992188,0.992188
3897,0.925569,1.000000,1.000000
3898,0.925618,1.000000,1.000000
3899,0.925667,0.992188,0.992188
3900,0.925717,1.000000,1.000000
3901,0.925691,1.000000,1.000000
3902,0.925713,0.992188,0.992188
3903,0.925789,0.992188,0.992188
3904,0.925838,1.000000,1.000000
3905,0.925887,0.992188,0.992188
3906,0.925936,1.000000,1.000000
3907,0.925864,0.992188,0.992188
3908,0.926049,0.976562,0.976562
3909,0.919324,0.992188,0.992188
3910,0.926129,1.000000,1.000000
3911,0.926176,1.000000,1.000000
3912,0.926223,1.000000,1.000000
3913,0.926271,1.000000,1.000000
3914,0.926319,0.984375,0.984375
3915,0.926351,1.000000,1.000000
3916,0.926415,0.992188,1.000000
3917,0.926463,0.984375,0.984375
3918,0.926349,0.984375,0.984375
3919,0.926559,1.000000,1.000000
3920,0.926608,0.992188,0.992188
3921,0.926656,0.976562,0.984375
3922,0.926705,0.984375,0.984375
3923,0.926753,1.000000,1.000000
3924,0.926789,1.000000,1.000000
3925,0.926706,0.984375,0.984375
3926,0.926883,1.000000,1.000000
3927,0.926827,1.000000,1.000000
3928,0.926876,1.000000,1.000000
3929,0.927032,1.000000,1.000000
3930,0.927093,1.000000,1.000000
3931,0.926983,1.000000,1.000000
3932,0.926868,0.984375,0.992188
3933,0.927217,1.000000,1.000000
3934,0.927274,0.984375,0.984375
3935,0.927336,0.992188,0.992188
3936,0.927384,0.992188,0.992188
3937,0.927274,1.000000,1.000000
3938,0.927482,1.000000,1.000000
3939,0.927530,0.992188,0.992188
3940,0.927553,0.992188,0.992188
3941,0.927628,1.000000,1.000000
3942,0.927676,0.992188,0.992188
3943,0.927725,0.984375,0.984375
3944,0.927734,0.992188,0.992188
3945,0.927696,1.000000,1.000000
3946,0.927855,1.000000,1.000000
3947,0.927919,1.000000,1.000000
3948,0.927968,0.992188,0.992188
3949,0.928017,1.000000,1.000000
3950,0.928065,0.984375,1.000000
3951,0.928044,0.992188,0.992188
3952,0.928087,0.984375,0.992188
3953,0.928137,1.000000,1.000000
3954,0.928169,1.000000,1.000000
3955,0.928218,1.000000,1.000000
3956,0.928260,0.992188,0.992188
3957,0.928315,0.976562,0.976562
3958,0.928364,1.000000,1.000000
3959,0.928429,1.000000,1.000000
3960,0.927944,1.000000,1.000000
3961,0.928339,0.992188,1.000000
3962,0.928554,1.000000,1.000000
3963,0.928624,0.992188,0.992188
3964,0.928512,0.992188,0.992188
3965,0.928721,1.000000,1.000000
3966,0.928770,0.984375,0.992188
3967,0.928670,0.992188,0.992188
3968,0.928852,1.000000,1.000000
3969,0.928917,0.992188,0.992188
3970,0.928965,0.984375,0.984375
3971,0.929014,1.000000,1.000000
3972,0.929063,0.992188,0.992188
3973,0.929112,0.984375,0.984375
3974,0.929160,1.000000,1.000000
3975,0.929180,0.992188,0.992188
3976,0.929258,1.000000,1.000000
3977,0.929291,1.000000,1.000000
3978,0.929355,1.000000,1.000000
3979,0.929404,1.000000,1.000000
3980,0.929453,0.992188,0.992188
3981,0.929353,1.000000,1.000000
3982,0.929550,0.984375,0.984375
3983,0.929599,1.000000,1.000000
3984,0.929647,0.984375,0.984375
3985,0.929696,1.000000,1.000000
3986,0.929564,0.992188,0.992188
3987,0.929794,1.000000,1.000000
3988,0.929843,1.000000,1.000000
3989,0.929732,1.000000,1.000000
3990,0.929940,1.000000,1.000000
3991,0.929826,1.000000,1.000000
3992,0.930018,0.992188,0.992188
3993,0.930087,0.992188,1.000000
3994,0.923446,0.992188,0.992188
3995,0.930026,0.992188,0.992188
3996,0.930076,0.992188,0.992188
3997,0.930287,0.992188,0.992188
3998,0.930326,1.000000,1.000000
3999,0.930387,0.992188,0.992188
4000,0.930420,0.984375,0.992188
4001,0.930399,0.992188,0.992188
4002,0.930404,0.992188,0.992188
4003,0.930480,0.992188,0.992188
4004,0.930530,0.992188,0.992188
4005,0.930579,1.000000,1.000000
4006,0.930507,1.000000,1.000000
4007,0.930678,1.000000,1.000000
4008,0.930727,1.000000,1.000000
4009,0.930776,0.984375,0.984375
4010,0.930807,0.992188,0.992188
4011,0.930874,1.000000,1.000000
4012,0.930923,1.000000,1.000000
4013,0.930972,0.992188,0.992188
4014,0.931001,1.000000,1.000000
4015,0.931070,1.000000,1.000000
4016,0.931119,1.000000,1.000000
4017,0.931145,1.000000,1.000000
4018,0.931170,1.000000,1.000000
4019,0.931244,0.992188,1.000000
4020,0.931298,0.992188,0.992188
4021,0.931350,0.992188,0.992188
4022,0.931222,0.992188,0.992188
4023,0.931461,1.000000,1.000000
4024,0.931509,1.000000,1.000000
4025,0.931516,1.000000,1.000000
4026,0.931585,0.992188,0.992188
4027,0.931634,0.992188,0.992188
4028,0.931705,1.000000,1.000000
4029,0.931753,1.000000,1.000000
4030,0.931744,0.976562,0.976562
4031,0.931822,1.000000,1.000000
4032,0.931899,0.992188,0.992188
4033,0.931948,0.992188,0.992188
4034,0.931984,1.000000,1.000000
4035,0.932045,0.992188,0.992188
4036,0.932094,1.000000,1.000000
4037,0.932143,1.000000,1.000000
4038,0.932030,0.984375,0.984375
4039,0.932240,1.000000,1.000000
4040,0.932274,0.992188,0.992188
4041,0.932338,0.992188,1.000000
4042,0.932386,1.000000,1.000000
4043,0.932405,0.992188,0.992188
4044,0.932484,0.992188,0.992188
4045,0.932532,1.000000,1.000000
4046,0.932581,1.000000,1.000000
4047,0.932454,1.000000,1.000000
4048,0.932679,1.000000,1.000000
4049,0.932727,1.000000,1.000000
4050,0.925913,0.992188,1.000000
4051,0.932750,1.000000,1.000000
4052,0.932783,1.000000,1.000000
4053,0.932848,0.992188,0.992188
4054,0.932902,1.000000,1.000000
4055,0.932946,1.000000,1.000000
4056,0.932835,1.000000,1.000000
4057,0.933044,0.976562,0.984375
4058,0.933093,1.000000,1.000000
4059,0.933002,0.984375,0.984375
4060,0.933164,0.992188,1.000000
4061,0.933240,1.000000,1.000000
4062,0.933289,0.984375,0.992188
4063,0.933217,1.000000,1.000000
4064,0.933386,1.000000,1.000000
4065,0.933435,0.992188,0.992188
4066,0.933484,0.992188,0.992188
4067,0.933532,1.000000,1.000000
4068,0.933581,1.000000,1.000000
4069,0.933630,1.000000,1.000000
4070,0.933679,1.000000,1.000000
4071,0.933727,0.984375,0.984375
4072,0.933776,1.000000,1.000000
4073,0.933825,1.000000,1.000000
4074,0.933874,0.984375,0.992188
4075,0.933827,1.000000,1.000000
4076,0.933971,0.984375,0.984375
4077,0.934020,0.992188,0.992188
4078,0.934068,1.000000,1.000000
4079,0.934076,1.000000,1.000000
4080,0.934166,1.000000,1.000000
4081,0.934214,0.984375,0.984375
4082,0.934263,1.000000,1.000000
4083,0.934269,1.000000,1.000000
4084,0.934361,1.000000,1.000000
4085,0.934409,0.992188,0.992188
4086,0.934297,0.992188,0.992188
4087,0.934507,0.992188,0.992188
4088,0.934528,0.984375,0.984375
4089,0.934609,1.000000,1.000000
4090,0.934478,0.992188,0.992188
4091,0.934702,1.000000,1.000000
4092,0.934590,0.992188,0.992188
4093,0.934640,1.000000,1.000000
4094,0.934853,1.000000,1.000000
4095,0.934865,1.000000,1.000000
4096,0.934919,0.992188,1.000000
4097,0.928125,1.000000,1.000000
4098,0.935039,0.992188,0.992188
4099,0.935085,0.992188,0.992188
4100,0.935136,1.000000,1.000000
4101,0.935059,1.000000,1.000000
4102,0.935135,0.992188,0.992188
4103,0.935195,1.000000,1.000000
4104,0.935188,1.000000,1.000000
4105,0.935289,1.000000,1.000000
4106,0.935336,1.000000,1.000000
4107,0.935384,1.000000,1.000000
4108,0.935436,1.000000,1.000000
4109,0.935386,0.992188,0.992188
4110,0.935527,1.000000,1.000000
4111,0.935575,1.000000,1.000000
4112,0.935593,1.000000,1.000000
4113,0.935671,1.000000,1.000000
4114,0.935719,0.984375,0.984375
4115,0.935767,1.000000,1.000000
4116,0.935815,1.000000,1.000000
4117,0.935863,1.000000,1.000000
4118,0.935912,1.000000,1.000000
4119,0.935960,0.984375,0.984375
4120,0.936008,0.992188,0.992188
4121,0.936057,1.000000,1.000000
4122,0.936105,0.984375,0.992188
4123,0.936154,1.000000,1.000000
4124,0.936202,0.992188,1.000000
4125,0.936251,1.000000,1.000000
4126,0.936299,1.000000,1.000000
4127,0.936348,0.992188,0.992188
4128,0.936374,0.992188,0.992188
4129,0.936445,1.000000,1.000000
4130,0.936494,1.000000,1.000000
4131,0.936542,1.000000,1.000000
4132,0.936405,1.000000,1.000000
4133,0.936640,1.000000,1.000000
4134,0.936676,0.992188,0.992188
4135,0.936737,1.000000,1.000000
4136,0.936786,0.992188,0.992188
4137,0.936834,1.000000,1.000000
4138,0.936883,0.992188,1.000000
4139,0.936932,0.992188,0.992188
4140,0.936975,0.992188,0.992188
4141,0.937029,1.000000,1.000000
4142,0.937078,1.000000,1.000000
4143,0.937126,1.000000,1.000000
4144,0.937175,1.000000,1.000000
4145,0.937224,1.000000,1.000000
4146,0.937273,0.984375,0.984375
4147,0.937321,1.000000,1.000000
4148,0.937343,0.984375,0.984375
4149,0.937243,1.000000,1.000000
4150,0.937467,0.992188,0.992188
4151,0.937441,1.000000,1.000000
4152,0.937490,1.000000,1.000000
4153,0.937509,1.000000,1.000000
4154,0.937560,1.000000,1.000000
4155,0.937636,0.992188,0.992188
4156,0.937685,0.976562,0.976562
4157,0.937733,1.000000,1.000000
4158,0.937782,1.000000,1.000000
4159,0.937831,1.000000,1.000000
4160,0.937879,1.000000,1.000000
4161,0.937413,1.000000,1.000000
4162,0.937976,0.992188,0.992188
4163,0.937957,0.992188,0.992188
4164,0.937913,1.000000,1.000000
4165,0.938121,1.000000,1.000000
4166,0.938007,0.984375,0.992188
4167,0.938218,0.992188,0.992188
4168,0.938254,1.000000,1.000000
4169,0.938315,0.992188,0.992188
4170,0.938337,0.992188,0.992188
4171,0.931576,1.000000,1.000000
4172,0.938459,0.992188,1.000000
4173,0.938506,0.984375,0.992188
4174,0.938398,1.000000,1.000000
4175,0.938478,1.000000,1.000000
4176,0.938632,1.000000,1.000000
4177,0.938696,0.992188,0.992188
4178,0.938744,1.000000,1.000000
4179,0.938792,1.000000,1.000000
4180,0.938839,1.000000,1.000000
4181,0.938855,1.000000,1.000000
4182,0.938936,1.000000,1.000000
4183,0.938984,1.000000,1.000000
4184,0.939009,0.992188,0.992188
4185,0.939080,1.000000,1.000000
4186,0.939129,1.000000,1.000000
4187,0.939150,1.000000,1.000000
4188,0.939225,0.992188,1.000000
4189,0.939274,1.000000,1.000000
4190,0.939199,0.992188,0.992188
4191,0.939462,0.992188,1.000000
4192,0.939419,1.000000,1.000000
4193,0.939308,1.000000,1.000000
4194,0.939357,1.000000,1.000000
4195,0.939411,0.984375,0.992188
4196,0.939628,0.992188,0.992188
4197,0.939662,1.000000,1.000000
4198,0.939710,1.000000,1.000000
4199,0.939759,1.000000,1.000000
4200,0.939808,0.992188,0.992188
4201,0.939651,0.984375,0.984375
4202,0.939786,1.000000,1.000000
4203,0.939879,0.992188,0.992188
4204,0.939927,1.000000,1.000000
4205,0.939976,1.000000,1.000000
4206,0.939900,0.992188,0.992188
4207,0.940073,1.000000,1.000000
4208,0.940138,0.992188,0.992188
4209,0.940170,1.000000,1.000000
4210,0.940219,0.984375,0.984375
4211,0.940268,1.000000,1.000000
4212,0.940316,0.992188,0.992188
4213,0.940365,0.992188,0.992188
4214,0.940387,1.000000,1.000000
4215,0.940462,1.000000,1.000000
4216,0.940511,0.992188,0.992188
4217,0.940530,1.000000,1.000000
4218,0.940524,0.992188,0.992188
4219,0.940657,1.000000,1.000000
4220,0.940546,1.000000,1.000000
4221,0.940754,0.992188,0.992188
4222,0.940803,0.992188,0.992188
4223,0.940835,1.000000,1.000000
4224,0.940901,0.992188,1.000000
4225,0.940949,1.000000,1.000000
4226,0.940918,1.000000,1.000000
4227,0.941047,0.992188,0.992188
4228,0.941096,0.992188,0.992188
4229,0.941144,0.992188,0.992188
4230,0.941170,0.984375,0.984375
4231,0.941242,1.000000,1.000000
4232,0.941290,1.000000,1.000000
4233,0.941339,1.000000,1.000000
4234,0.941388,1.000000,1.000000
4235,0.941437,0.984375,0.992188
4236,0.941163,0.992188,0.992188
4237,0.941534,1.000000,1.000000
4238,0.941583,0.992188,0.992188
4239,0.941632,0.992188,0.992188
4240,0.934588,0.992188,0.992188
4241,0.941552,1.000000,1.000000
4242,0.941776,1.000000,1.000000
4243,0.941824,1.000000,1.000000
4244,0.941765,1.000000,1.000000
4245,0.941920,1.000000,1.000000
4246,0.941969,0.992188,0.992188
4247,0.941857,1.000000,1.000000
4248,0.941904,0.992188,0.992188
4249,0.942086,0.992188,0.992188
4250,0.942156,1.000000,1.000000
4251,0.942135,1.000000,1.000000
4252,0.942184,1.000000,1.000000
4253,0.942232,0.992188,0.992188
4254,0.942281,0.984375,0.992188
4255,0.942188,0.992188,0.992188
4256,0.942217,1.000000,1.000000
4257,0.942397,0.984375,0.984375
4258,0.942475,1.000000,1.000000
4259,0.942523,0.992188,0.992188
4260,0.942409,0.984375,1.000000
4261,0.942598,0.992188,0.992188
4262,0.942669,0.992188,0.992188
4263,0.942718,0.992188,0.992188
4264,0.942605,0.992188,0.992188
4265,0.942626,0.992188,0.992188
4266,0.942864,1.000000,1.000000
4267,0.942896,1.000000,1.000000
4268,0.942773,0.992188,0.992188
4269,0.942872,1.000000,1.000000
4270,0.942999,1.000000,1.000000
4271,0.943086,1.000000,1.000000
4272,0.943155,1.000000,1.000000
4273,0.943204,0.992188,1.000000
4274,0.943093,1.000000,1.000000
4275,0.943301,1.000000,1.000000
4276,0.943350,0.984375,0.992188
4277,0.943399,0.992188,0.992188
4278,0.943447,1.000000,1.000000
4279,0.943496,0.992188,0.992188
4280,0.943465,0.992188,1.000000
4281,0.943567,1.000000,1.000000
4282,0.943642,1.000000,1.000000
4283,0.943662,1.000000,1.000000
4284,0.943740,0.992188,1.000000
4285,0.943788,1.000000,1.000000
4286,0.943837,0.992188,0.992188
4287,0.943886,1.000000,1.000000
4288,0.943775,1.000000,1.000000
4289,0.943983,1.000000,1.000000
4290,0.944032,1.000000,1.000000
4291,0.944086,1.000000,1.000000
4292,0.944129,1.000000,1.000000
4293,0.944178,1.000000,1.000000
4294,0.944227,0.984375,0.992188
4295,0.944115,0.992188,0.992188
4296,0.944308,1.000000,1.000000
4297,0.944373,0.984375,0.984375
4298,0.944411,0.992188,0.992188
4299,0.944151,1.000000,1.000000
4300,0.944519,0.992188,0.992188
4301,0.944493,0.984375,0.984375
4302,0.944515,0.992188,1.000000
4303,0.944591,1.000000,1.000000
4304,0.944640,0.992188,0.992188
4305,0.944527,0.992188,0.992188
4306,0.944737,0.992188,0.992188
4307,0.944625,1.000000,1.000000
4308,0.944834,0.992188,0.992188
4309,0.944883,0.992188,0.992188
4310,0.944905,1.000000,1.000000
4311,0.944981,1.000000,1.000000
4312,0.944991,0.984375,0.984375
4313,0.945078,1.000000,1.000000
4314,0.945127,1.000000,1.000000
4315,0.945176,1.000000,1.000000
4316,0.945224,1.000000,1.000000
4317,0.945246,1.000000,1.000000
4318,0.945322,0.984375,0.992188
4319,0.945371,1.000000,1.000000
4320,0.945419,1.000000,1.000000
4321,0.945468,1.000000,1.000000
4322,0.945357,1.000000,1.000000
4323,0.945566,1.000000,1.000000
4324,0.945614,0.984375,0.984375
4325,0.945663,1.000000,1.000000
4326,0.945712,0.984375,0.984375
4327,0.945761,0.992188,0.992188
4328,0.945649,1.000000,1.000000
4329,0.945858,1.000000,1.000000
4330,0.945907,1.000000,1.000000
4331,0.945806,1.000000,1.000000
4332,0.946005,0.984375,0.984375
4333,0.946053,1.000000,1.000000
4334,0.946102,0.992188,0.992188
4335,0.945703,1.000000,1.000000
4336,0.946200,1.000000,1.000000
4337,0.946249,1.000000,1.000000
4338,0.946298,1.000000,1.000000
4339,0.946347,1.000000,1.000000
4340,0.946236,1.000000,1.000000
4341,0.946422,1.000000,1.000000
4342,0.946494,0.984375,0.984375
4343,0.946543,1.000000,1.000000
4344,0.946591,1.000000,1.000000
4345,0.946426,1.000000,1.000000
4346,0.946689,0.992188,0.992188
4347,0.946738,0.984375,0.984375
4348,0.946627,1.000000,1.000000
4349,0.946675,1.000000,1.000000
4350,0.946870,1.000000,1.000000
4351,0.946858,0.992188,0.992188
4352,0.946880,1.000000,1.000000
4353,0.946956,1.000000,1.000000
4354,0.946821,1.000000,1.000000
4355,0.947053,1.000000,1.000000
4356,0.947102,1.000000,1.000000
4357,0.946990,1.000000,1.000000
4358,0.947200,0.984375,0.984375
4359,0.947248,0.984375,0.992188
4360,0.947281,1.000000,1.000000
4361,0.947346,0.992188,0.992188
4362,0.947395,0.992188,0.992188
4363,0.947443,1.000000,1.000000
4364,0.947332,1.000000,1.000000
4365,0.947541,1.000000,1.000000
4366,0.947590,1.000000,1.000000
4367,0.947622,0.992188,0.992188
4368,0.947527,1.000000,1.000000
4369,0.947709,0.992188,0.992188
4370,0.947785,0.992188,0.992188
4371,0.947833,1.000000,1.000000
4372,0.941027,1.000000,1.000000
4373,0.947904,1.000000,1.000000
4374,0.947980,1.000000,1.000000
4375,0.947985,1.000000,1.000000
4376,0.948034,1.000000,1.000000
4377,0.948141,0.992188,0.992188
4378,0.948175,1.000000,1.000000
4379,0.947998,1.000000,1.000000
4380,0.948273,1.000000,1.000000
4381,0.948321,0.992188,0.992188
4382,0.948316,1.000000,1.000000
4383,0.948362,1.000000,1.000000
4384,0.948468,1.000000,1.000000
4385,0.948517,1.000000,1.000000
4386,0.948405,1.000000,1.000000
4387,0.948597,0.992188,0.992188
4388,0.948663,1.000000,1.000000
4389,0.948712,1.000000,1.000000
4390,0.948777,1.000000,1.000000
4391,0.948787,1.000000,1.000000
4392,0.948858,0.984375,0.984375
4393,0.948922,1.000000,1.000000
4394,0.948793,0.984375,0.992188
4395,0.949004,0.992188,0.992188
4396,0.949053,1.000000,1.000000
4397,0.949117,0.992188,0.992188
4398,0.949151,1.000000,1.000000
4399,0.949183,0.992188,0.992188
4400,0.949248,1.000000,1.000000
4401,0.949192,1.000000,1.000000
4402,0.949241,1.000000,1.000000
4403,0.949289,0.992188,1.000000
4404,0.949338,1.000000,1.000000
4405,0.949387,1.000000,1.000000
4406,0.949419,1.000000,1.000000
4407,0.949472,1.000000,1.000000
4408,0.942592,1.000000,1.000000
4409,0.949579,1.000000,1.000000
4410,0.949625,1.000000,1.000000
4411,0.949687,1.000000,1.000000
4412,0.949557,1.000000,1.000000
4413,0.949604,1.000000,1.000000
4414,0.949651,1.000000,1.000000
4415,0.949698,1.000000,1.000000
4416,0.949744,0.992188,0.992188
4417,0.949954,1.000000,1.000000
4418,0.950002,1.000000,1.000000
4419,0.949889,1.000000,1.000000
4420,0.949909,1.000000,1.000000
4421,0.949983,0.992188,0.992188
4422,0.949842,1.000000,1.000000
4423,0.949920,1.000000,1.000000
4424,0.950123,1.000000,1.000000
4425,0.950338,0.984375,0.984375
4426,0.950396,0.992188,0.992188
4427,0.943239,0.992188,0.992188
4428,0.950477,1.000000,1.000000
4429,0.950365,0.992188,0.992188
4430,0.950565,1.000000,1.000000
4431,0.950485,1.000000,1.000000
4432,0.950492,0.984375,0.984375
4433,0.950539,1.000000,1.000000
4434,0.950719,1.000000,1.000000
4435,0.950765,0.992188,1.000000
4436,0.950838,1.000000,1.000000
4437,0.950858,1.000000,1.000000
4438,0.950608,0.992188,0.992188
4439,0.950979,1.000000,1.000000
4440,0.951026,0.992188,0.992188
4441,0.950883,1.000000,1.000000
4442,0.950933,1.000000,1.000000
4443,0.951152,1.000000,1.000000
4444,0.951186,1.000000,1.000000
4445,0.951103,1.000000,1.000000
4446,0.951312,0.984375,0.984375
4447,0.951359,1.000000,1.000000
4448,0.951407,1.000000,1.000000
4449,0.951450,1.000000,1.000000
4450,0.951491,1.000000,1.000000
4451,0.951315,0.992188,0.992188
4452,0.951525,1.000000,1.000000
4453,0.951557,0.992188,0.992188
4454,0.951622,1.000000,1.000000
4455,0.951493,1.000000,1.000000
4456,0.951719,0.992188,0.992188
4457,0.951741,0.992188,0.992188
4458,0.951816,1.000000,1.000000
4459,0.951865,0.976562,0.976562
4460,0.951913,1.000000,1.000000
4461,0.951977,1.000000,1.000000
4462,0.952010,1.000000,1.000000
4463,0.951898,1.000000,1.000000
4464,0.952108,0.992188,0.992188
4465,0.952129,0.992188,0.992188
4466,0.952205,0.992188,0.992188
4467,0.952262,1.000000,1.000000
4468,0.952272,0.992188,0.992188
4469,0.952065,1.000000,1.000000
4470,0.952400,1.000000,1.000000
4471,0.952448,0.992188,1.000000
4472,0.952336,1.000000,1.000000
4473,0.952546,1.000000,1.000000
4474,0.952594,0.992188,0.992188
4475,0.952643,1.000000,1.000000
4476,0.952692,1.000000,1.000000
4477,0.952740,0.984375,0.984375
4478,0.952789,1.000000,1.000000
4479,0.952647,1.000000,1.000000
4480,0.952886,1.000000,1.000000
4481,0.952935,1.000000,1.000000
4482,0.952984,0.992188,0.992188
4483,0.953033,1.000000,1.000000
4484,0.953081,1.000000,1.000000
4485,0.953130,0.992188,0.992188
4486,0.953179,0.992188,0.992188
4487,0.953211,1.000000,1.000000
4488,0.953276,1.000000,1.000000
4489,0.953325,1.000000,1.000000
4490,0.953052,1.000000,1.000000
4491,0.953369,1.000000,1.000000
4492,0.953471,0.992188,0.992188
4493,0.953520,0.992188,0.992188
4494,0.953584,0.992188,0.992188
4495,0.953617,1.000000,1.000000
4496,0.953666,0.984375,0.992188
4497,0.953715,0.992188,0.992188
4498,0.953764,1.000000,1.000000
4499,0.953658,1.000000,1.000000
4500,0.953699,0.992188,1.000000
4501,0.953835,1.000000,1.000000
4502,0.953721,0.992188,1.000000
4503,0.953932,1.000000,1.000000
4504,0.953981,1.000000,1.000000
4505,0.954030,1.000000,1.000000
4506,0.954051,0.984375,0.984375
4507,0.954105,1.000000,1.000000
4508,0.954149,1.000000,1.000000
4509,0.954224,1.000000,1.000000
4510,0.954273,0.992188,0.992188
4511,0.954295,1.000000,1.000000
4512,0.954370,1.000000,1.000000
4513,0.954419,1.000000,1.000000
4514,0.954468,1.000000,1.000000
4515,0.954356,1.000000,1.000000
4516,0.954454,0.992188,0.992188
4517,0.954614,1.000000,1.000000
4518,0.954663,1.000000,1.000000
4519,0.954711,0.984375,0.992188
4520,0.954760,0.992188,0.992188
4521,0.954809,0.992188,0.992188
4522,0.954858,0.992188,1.000000
4523,0.954906,1.000000,1.000000
4524,0.954794,1.000000,1.000000
4525,0.955004,1.000000,1.000000
4526,0.955052,1.000000,1.000000
4527,0.954940,1.000000,1.000000
4528,0.955123,0.992188,0.992188
4529,0.955199,1.000000,1.000000
4530,0.955247,1.000000,1.000000
4531,0.955296,0.992188,0.992188
4532,0.955345,1.000000,1.000000
4533,0.955218,1.000000,1.000000
4534,0.955442,1.000000,1.000000
4535,0.955491,0.992188,0.992188
4536,0.955540,1.000000,1.000000
4537,0.955428,1.000000,1.000000
4538,0.955637,0.992188,0.992188
4539,0.955686,1.000000,1.000000
4540,0.955735,0.992188,1.000000
4541,0.955783,0.992188,0.992188
4542,0.955832,1.000000,1.000000
4543,0.955864,1.000000,1.000000
4544,0.955930,1.000000,1.000000
4545,0.955978,1.000000,1.000000
4546,0.955859,0.992188,1.000000
4547,0.956076,0.992188,1.000000
4548,0.956125,0.984375,0.984375
4549,0.956189,1.000000,1.000000
4550,0.956222,1.000000,1.000000
4551,0.956169,0.992188,0.992188
4552,0.956245,1.000000,1.000000
4553,0.956293,1.000000,1.000000
4554,0.956342,0.984375,0.992188
4555,0.956368,0.984375,0.984375
4556,0.956279,1.000000,1.000000
4557,0.956472,1.000000,1.000000
4558,0.956537,0.992188,0.992188
4559,0.956423,0.992188,0.992188
4560,0.956635,0.992188,0.992188
4561,0.956656,1.000000,1.000000
4562,0.956571,1.000000,1.000000
4563,0.956781,1.000000,1.000000
4564,0.956830,0.992188,1.000000
4565,0.956894,1.000000,1.000000
4566,0.956900,1.000000,1.000000
4567,0.956949,1.000000,1.000000
4568,0.957025,1.000000,1.000000
4569,0.957073,1.000000,1.000000
4570,0.957122,1.000000,1.000000
4571,0.957171,1.000000,1.000000
4572,0.957220,0.992188,0.992188
4573,0.957268,0.984375,0.992188
4574,0.957161,0.992188,1.000000
4575,0.957339,1.000000,1.000000
4576,0.957415,1.000000,1.000000
4577,0.957302,1.000000,1.000000
4578,0.957512,0.984375,0.992188
4579,0.957530,0.992188,0.992188
4580,0.957447,0.992188,0.992188
4581,0.957497,1.000000,1.000000
4582,0.957707,1.000000,1.000000
4583,0.957756,0.984375,0.984375
4584,0.957804,0.992188,0.992188
4585,0.957836,0.984375,0.984375
4586,0.957902,0.992188,0.992188
4587,0.957860,1.000000,1.000000
4588,0.957972,1.000000,1.000000
4589,0.957886,0.992188,0.992188
4590,0.957921,0.992188,0.992188
4591,0.958118,0.992188,0.992188
4592,0.958194,0.992188,0.992188
4593,0.958237,1.000000,1.000000
4594,0.958292,1.000000,1.000000
4595,0.958319,0.984375,1.000000
4596,0.958389,0.984375,0.984375
4597,0.958438,1.000000,1.000000
4598,0.958459,0.992188,0.992188
4599,0.958508,1.000000,1.000000
4600,0.958578,0.992188,0.992188
4601,0.958558,0.992188,0.992188
4602,0.958445,1.000000,1.000000
4603,0.958494,1.000000,1.000000
4604,0.958379,0.992188,1.000000
4605,0.958753,1.000000,1.000000
4606,0.958802,1.000000,1.000000
4607,0.958850,0.984375,0.984375
4608,0.958899,1.000000,1.000000
4609,0.958964,0.992188,1.000000
4610,0.958997,0.992188,0.992188
4611,0.959045,0.984375,0.984375
4612,0.959094,1.000000,1.000000
4613,0.959143,0.992188,1.000000
4614,0.959164,1.000000,1.000000
4615,0.959240,1.000000,1.000000
4616,0.959289,1.000000,1.000000
4617,0.959327,1.000000,1.000000
4618,0.959042,1.000000,1.000000
4619,0.959408,1.000000,1.000000
4620,0.959484,1.000000,1.000000
4621,0.959533,1.000000,1.000000
4622,0.959582,1.000000,1.000000
4623,0.959469,1.000000,1.000000
4624,0.959651,0.976562,0.984375
4625,0.959728,0.992188,0.992188
4626,0.959777,1.000000,1.000000
4627,0.959825,0.976562,0.976562
4628,0.959814,1.000000,1.000000
4629,0.959923,1.000000,1.000000
4630,0.959818,1.000000,1.000000
4631,0.960021,0.992188,1.000000
4632,0.960039,0.984375,0.984375
4633,0.960118,0.984375,0.984375
4634,0.960019,1.000000,1.000000
4635,0.960216,1.000000,1.000000
4636,0.960265,1.000000,1.000000
4637,0.960313,0.984375,0.984375
4638,0.960040,1.000000,1.000000
4639,0.960411,1.000000,1.000000
4640,0.960460,1.000000,1.000000
4641,0.960509,0.976562,0.976562
4642,0.960557,1.000000,1.000000
4643,0.960606,0.992188,1.000000
4644,0.960477,1.000000,1.000000
4645,0.960703,1.000000,1.000000
4646,0.960752,1.000000,1.000000
4647,0.960617,1.000000,1.000000
4648,0.960666,1.000000,1.000000
4649,0.960898,0.992188,0.992188
4650,0.960947,0.984375,0.984375
4651,0.960921,1.000000,1.000000
4652,0.960970,1.000000,1.000000
4653,0.961019,1.000000,1.000000
4654,0.961050,0.992188,1.000000
4655,0.961103,1.000000,1.000000
4656,0.960982,1.000000,1.000000
4657,0.961214,0.992188,0.992188
4658,0.961100,0.992188,1.000000
4659,0.961139,1.000000,1.000000
4660,0.961360,1.000000,1.000000
4661,0.961247,1.000000,1.000000
4662,0.961330,1.000000,1.000000
4663,0.961459,0.992188,0.992188
4664,0.961528,0.992188,0.992188
4665,0.961443,1.000000,1.000000
4666,0.961653,0.992188,0.992188
4667,0.961540,1.000000,1.000000
4668,0.961750,1.000000,1.000000
4669,0.961799,1.000000,1.000000
4670,0.961848,1.000000,1.000000
4671,0.961735,1.000000,1.000000
4672,0.961945,0.992188,0.992188
4673,0.961994,1.000000,1.000000
4674,0.962191,1.000000,1.000000
4675,0.962091,1.000000,1.000000
4676,0.962140,1.000000,1.000000
4677,0.962189,0.976562,0.984375
4678,0.962074,0.984375,0.992188
4679,0.962286,1.000000,1.000000
4680,0.962315,1.000000,1.000000
4681,0.954856,1.000000,1.000000
4682,0.962453,1.000000,1.000000
4683,0.962316,0.992188,1.000000
4684,0.962344,1.000000,1.000000
4685,0.962574,0.992188,0.992188
4686,0.962622,0.992188,0.992188
4687,0.962670,0.992188,0.992188
4688,0.962718,0.992188,0.992188
4689,0.962589,1.000000,1.000000
4690,0.962815,1.000000,1.000000
4691,0.962863,0.984375,0.984375
4692,0.962911,1.000000,1.000000
4693,0.962960,1.000000,1.000000
4694,0.963008,0.992188,0.992188
4695,0.963029,1.000000,1.000000
4696,0.962944,1.000000,1.000000
4697,0.963259,1.000000,1.000000
4698,0.963041,1.000000,1.000000
4699,0.963251,0.984375,0.984375
4700,0.963249,0.992188,1.000000
4701,0.963273,0.992188,0.992188
4702,0.963322,1.000000,1.000000
4703,0.963370,1.000000,1.000000
4704,0.963419,0.992188,1.000000
4705,0.963278,1.000000,1.000000
4706,0.963516,1.000000,1.000000
4707,0.963565,1.000000,1.000000
4708,0.963452,1.000000,1.000000
4709,0.963640,0.992188,0.992188
4710,0.963549,1.000000,1.000000
4711,0.963568,0.984375,0.984375
4712,0.963808,1.000000,1.000000
4713,0.963516,1.000000,1.000000
4714,0.963878,1.000000,1.000000
4715,0.963911,1.000000,1.000000
4716,0.963997,0.992188,0.992188
4717,0.963763,1.000000,1.000000
4718,0.964101,0.992188,0.992188
4719,0.963821,1.000000,1.000000
4720,0.964198,0.992188,0.992188
4721,0.964230,0.992188,1.000000
4722,0.964296,0.992188,0.992188
4723,0.964216,0.992188,0.992188
4724,0.964393,1.000000,1.000000
4725,0.964436,1.000000,1.000000
4726,0.964491,1.000000,1.000000
4727,0.964556,1.000000,1.000000
4728,0.964588,1.000000,1.000000
4729,0.964459,1.000000,1.000000
4730,0.964686,0.984375,0.984375
4731,0.964735,1.000000,1.000000
4732,0.964622,1.000000,1.000000
4733,0.964805,1.000000,1.000000
4734,0.964714,1.000000,1.000000
4735,0.964924,1.000000,1.000000
4736,0.964978,0.984375,0.984375
4737,0.965027,1.000000,1.000000
4738,0.965076,1.000000,1.000000
4739,0.965125,0.992188,0.992188
4740,0.965011,0.992188,0.992188
4741,0.965222,1.000000,1.000000
4742,0.965110,1.000000,1.000000
4743,0.965303,1.000000,1.000000
4744,0.965368,1.000000,1.000000
4745,0.965253,0.984375,0.984375
4746,0.965466,1.000000,1.000000
4747,0.965515,0.992188,0.992188
4748,0.965402,1.000000,1.000000
4749,0.965606,1.000000,1.000000
4750,0.965661,0.992188,0.992188
4751,0.965635,1.000000,1.000000
4752,0.965684,1.000000,1.000000
4753,0.965705,0.992188,1.000000
4754,0.965749,1.000000,1.000000
4755,0.965648,1.000000,1.000000
4756,0.965879,1.000000,1.000000
4757,0.965921,0.968750,0.968750
4758,0.965895,0.992188,0.992188
4759,0.966025,1.000000,1.000000
4760,0.966074,1.000000,1.000000
4761,0.965961,1.000000,1.000000
4762,0.966140,0.992188,1.000000
4763,0.966058,1.000000,1.000000
4764,0.966239,0.992188,0.992188
4765,0.966317,0.984375,0.984375
4766,0.966366,1.000000,1.000000
4767,0.966414,1.000000,1.000000
4768,0.966463,0.992188,0.992188
4769,0.966161,1.000000,1.000000
4770,0.966561,0.992188,0.992188
4771,0.966582,1.000000,1.000000
4772,0.966658,1.000000,1.000000
4773,0.966707,1.000000,1.000000
4774,0.966271,1.000000,1.000000
4775,0.966625,0.992188,1.000000
4776,0.966853,0.984375,0.992188
4777,0.966885,0.992188,0.992188
4778,0.966922,0.992188,0.992188
4779,0.966837,0.992188,0.992188
4780,0.967048,0.992188,0.992188
4781,0.967097,1.000000,1.000000
4782,0.967146,0.992188,0.992188
4783,0.967150,1.000000,1.000000
4784,0.967243,0.984375,0.984375
4785,0.967292,0.992188,0.992188
4786,0.967341,1.000000,1.000000
4787,0.967374,1.000000,1.000000
4788,0.967438,0.992188,0.992188
4789,0.967231,0.992188,0.992188
4790,0.967373,0.992188,0.992188
4791,0.967584,1.000000,1.000000
4792,0.967633,1.000000,1.000000
4793,0.967659,0.984375,0.984375
4794,0.967569,1.000000,1.000000
4795,0.967780,1.000000,1.000000
4796,0.967828,1.000000,1.000000
4797,0.967877,0.992188,0.992188
4798,0.967898,1.000000,1.000000
4799,0.967975,1.000000,1.000000
4800,0.968023,1.000000,1.000000
4801,0.967967,1.000000,1.000000
4802,0.968010,1.000000,1.000000
4803,0.967903,1.000000,1.000000
4804,0.968090,1.000000,1.000000
4805,0.967999,0.992188,0.992188
4806,0.968194,1.000000,1.000000
4807,0.968260,1.000000,1.000000
4808,0.968308,0.992188,0.992188
4809,0.968166,0.992188,0.992188
4810,0.968406,0.992188,0.992188
4811,0.968402,0.968750,0.968750
4812,0.968504,1.000000,1.000000
4813,0.968552,1.000000,1.000000
4814,0.968601,0.992188,1.000000
4815,0.968650,1.000000,1.000000
4816,0.968699,1.000000,1.000000
4817,0.968747,1.000000,1.000000
4818,0.960903,1.000000,1.000000
4819,0.968842,0.992188,1.000000
4820,0.968860,0.992188,0.992188
4821,0.968773,1.000000,1.000000
4822,0.968982,1.000000,1.000000
4823,0.969029,1.000000,1.000000
4824,0.969060,1.000000,1.000000
4825,0.969091,1.000000,1.000000
4826,0.969173,0.992188,0.992188
4827,0.969221,1.000000,1.000000
4828,0.969252,1.000000,1.000000
4829,0.969318,1.000000,1.000000
4830,0.969366,1.000000,1.000000
4831,0.969415,1.000000,1.000000
4832,0.969436,0.992188,0.992188
4833,0.969513,0.992188,0.992188
4834,0.969562,1.000000,1.000000
4835,0.969455,1.000000,1.000000
4836,0.969659,1.000000,1.000000
4837,0.969547,1.000000,1.000000
4838,0.969757,1.000000,1.000000
4839,0.969645,1.000000,1.000000
4840,0.969534,1.000000,1.000000
4841,0.969743,1.000000,1.000000
4842,0.969953,0.992188,0.992188
4843,0.969841,1.000000,1.000000
4844,0.970028,1.000000,1.000000
4845,0.969783,1.000000,1.000000
4846,0.970132,0.992188,0.992188
4847,0.970119,1.000000,1.000000
4848,0.970247,1.000000,1.000000
4849,0.970296,0.984375,0.984375
4850,0.970345,0.992188,0.992188
4851,0.970319,0.992188,1.000000
4852,0.970368,0.968750,0.976562
4853,0.970403,0.992188,0.992188
4854,0.970372,0.992188,0.992188
4855,0.970353,1.000000,1.000000
4856,0.970557,1.000000,1.000000
4857,0.970585,1.000000,1.000000
4858,0.970662,1.000000,1.000000
4859,0.970710,0.984375,0.984375
4860,0.970759,0.992188,0.992188
4861,0.970808,0.992188,0.992188
4862,0.970857,1.000000,1.000000
4863,0.970814,0.992188,1.000000
4864,0.970962,1.000000,1.000000
4865,0.970989,1.000000,1.000000
4866,0.970889,0.992188,0.992188
4867,0.971073,1.000000,1.000000
4868,0.971150,1.000000,1.000000
4869,0.971020,1.000000,1.000000
4870,0.971247,1.000000,1.000000
4871,0.970972,1.000000,1.000000
4872,0.971345,0.992188,1.000000
4873,0.971377,1.000000,1.000000
4874,0.971442,0.992188,0.992188
4875,0.971491,1.000000,1.000000
4876,0.971540,1.000000,1.000000
4877,0.971589,1.000000,1.000000
4878,0.971469,0.992188,1.000000
4879,0.971686,0.992188,1.000000
4880,0.971718,0.984375,0.992188
4881,0.971622,1.000000,1.000000
4882,0.971833,1.000000,1.000000
4883,0.971898,0.992188,0.992188
4884,0.971907,0.992188,1.000000
4885,0.971979,0.992188,0.992188
4886,0.972028,0.984375,0.984375
4887,0.971915,1.000000,1.000000
4888,0.972125,0.992188,0.992188
4889,0.972143,0.984375,0.984375
4890,0.972167,1.000000,1.000000
4891,0.972272,1.000000,1.000000
4892,0.972158,1.000000,1.000000
4893,0.972338,0.992188,0.992188
4894,0.972418,1.000000,1.000000
4895,0.972466,0.992188,0.992188
4896,0.972515,1.000000,1.000000
4897,0.972564,0.984375,0.984375
4898,0.964847,1.000000,1.000000
4899,0.972665,1.000000,1.000000
4900,0.972728,0.992188,0.992188
4901,0.972710,0.984375,0.984375
4902,0.972765,1.000000,1.000000
4903,0.972792,1.000000,1.000000
4904,0.972875,0.976562,0.976562
4905,0.972928,1.000000,1.000000
4906,0.972998,1.000000,1.000000
4907,0.973035,0.984375,0.992188
4908,0.972898,1.000000,1.000000
4909,0.973122,0.992188,0.992188
4910,0.973034,1.000000,1.000000
4911,0.973243,0.984375,0.984375
4912,0.973294,1.000000,1.000000
4913,0.973214,0.992188,0.992188
4914,0.973396,1.000000,1.000000
4915,0.973284,1.000000,1.000000
4916,0.973497,1.000000,1.000000
4917,0.973547,1.000000,1.000000
4918,0.973644,0.992188,0.992188
4919,0.973647,0.976562,0.984375
4920,0.973535,1.000000,1.000000
4921,0.973747,1.000000,1.000000
4922,0.973767,0.992188,0.992188
4923,0.973846,1.000000,1.000000
4924,0.973895,1.000000,1.000000
4925,0.973945,1.000000,1.000000
4926,0.973837,1.000000,1.000000
4927,0.974028,1.000000,1.000000
4928,0.974092,0.992188,0.992188
4929,0.973980,1.000000,1.000000
4930,0.974191,0.992188,0.992188
4931,0.974240,1.000000,1.000000
4932,0.974289,1.000000,1.000000
4933,0.974338,1.000000,1.000000
4934,0.974387,1.000000,1.000000
4935,0.974419,1.000000,1.000000
4936,0.974468,1.000000,1.000000
4937,0.974506,1.000000,1.000000
4938,0.974583,0.984375,0.984375
4939,0.974632,0.992188,0.992188
4940,0.974667,0.992188,0.992188
4941,0.974713,0.992188,0.992188
4942,0.974647,0.984375,0.984375
4943,0.974662,1.000000,1.000000
4944,0.974877,0.992188,0.992188
4945,0.974925,0.984375,0.984375
4946,0.967309,0.992188,0.992188
4947,0.975023,0.992188,0.992188
4948,0.974907,0.984375,0.984375
4949,0.975120,1.000000,1.000000
4950,0.975169,1.000000,1.000000
4951,0.975143,1.000000,1.000000
4952,0.975191,1.000000,1.000000
4953,0.975078,1.000000,1.000000
4954,0.975289,1.000000,1.000000
4955,0.975338,0.984375,0.984375
4956,0.975228,1.000000,1.000000
4957,0.975435,0.984375,0.984375
4958,0.975484,1.000000,1.000000
4959,0.975532,1.000000,1.000000
4960,0.975556,0.992188,0.992188
4961,0.975630,0.992188,0.992188
4962,0.975678,1.000000,1.000000
4963,0.975565,1.000000,1.000000
4964,0.975613,1.000000,1.000000
4965,0.975824,1.000000,1.000000
4966,0.975873,1.000000,1.000000
4967,0.975922,1.000000,1.000000
4968,0.975971,0.992188,0.992188
4969,0.976019,0.984375,0.992188
4970,0.975906,1.000000,1.000000
4971,0.976117,0.992188,0.992188
4972,0.976149,0.992188,0.992188
4973,0.976052,1.000000,1.000000
4974,0.976263,1.000000,1.000000
4975,0.976312,0.976562,0.984375
4976,0.976198,1.000000,1.000000
4977,0.976392,1.000000,1.000000
4978,0.976458,1.000000,1.000000
4979,0.976506,1.000000,1.000000
4980,0.976391,0.984375,0.984375
4981,0.976587,0.992188,0.992188
4982,0.976653,0.984375,0.984375
4983,0.976701,1.000000,1.000000
4984,0.976587,0.992188,0.992188
4985,0.976799,1.000000,1.000000
4986,0.976848,1.000000,1.000000
4987,0.976867,1.000000,1.000000
4988,0.976816,1.000000,1.000000
4989,0.976994,1.000000,1.000000
4990,0.977029,0.992188,0.992188
4991,0.977108,1.000000,1.000000
4992,0.977140,1.000000,1.000000
4993,0.977189,0.992188,0.992188
4994,0.977232,1.000000,1.000000
4995,0.977287,1.000000,1.000000
4996,0.977336,1.000000,1.000000
4997,0.977384,0.992188,0.992188
4998,0.977240,1.000000,1.000000
4999,0.977482,1.000000,1.000000
5000,0.977531,1.000000,1.000000
5001,0.977456,1.000000,1.000000
5002,0.977456,1.000000,1.000000
5003,0.977473,1.000000,1.000000
5004,0.977456,1.000000,1.000000
5005,0.977456,0.992188,0.992188
5006,0.977456,1.000000,1.000000
5007,0.977439,1.000000,1.000000
5008,0.977291,0.984375,0.984375
5009,0.977456,1.000000,1.000000
5010,0.977291,0.984375,0.984375
5011,0.977456,1.000000,1.000000
5012,0.977325,1.000000,1.000000
5013,0.977292,0.992188,0.992188
5014,0.977293,1.000000,1.000000
5015,0.977456,1.000000,1.000000
5016,0.977293,1.000000,1.000000
5017,0.977456,1.000000,1.000000
5018,0.977463,1.000000,1.000000
5019,0.977456,0.992188,0.992188
5020,0.977456,0.984375,0.984375
5021,0.977439,0.992188,1.000000
5022,0.977456,0.984375,0.984375
5023,0.977456,0.992188,0.992188
5024,0.977456,1.000000,1.000000
5025,0.977456,0.992188,0.992188
5026,0.977456,1.000000,1.000000
5027,0.977463,1.000000,1.000000
5028,0.977425,1.000000,1.000000
5029,0.977422,0.984375,0.984375
5030,0.977456,1.000000,1.000000
5031,0.977439,0.992188,0.992188
5032,0.977456,0.992188,0.992188
5033,0.977463,1.000000,1.000000
5034,0.977439,1.000000,1.000000
5035,0.977456,0.992188,0.992188
5036,0.977422,1.000000,1.000000
5037,0.977439,0.992188,0.992188
5038,0.977456,1.000000,1.000000
5039,0.977456,1.000000,1.000000
5040,0.977456,1.000000,1.000000
5041,0.977456,1.000000,1.000000
5042,0.977293,1.000000,1.000000
5043,0.977456,0.984375,0.992188
5044,0.977456,1.000000,1.000000
5045,0.977456,1.000000,1.000000
5046,0.977456,1.000000,1.000000
5047,0.977456,1.000000,1.000000
5048,0.977311,1.000000,1.000000
5049,0.977426,0.992188,0.992188
5050,0.977455,1.000000,1.000000
5051,0.977219,1.000000,1.000000
5052,0.977380,1.000000,1.000000
5053,0.977231,0.984375,0.992188
5054,0.977380,0.992188,0.992188
5055,0.977380,1.000000,1.000000
5056,0.977380,1.000000,1.000000
5057,0.977549,1.000000,1.000000
5058,0.977380,1.000000,1.000000
5059,0.977380,1.000000,1.000000
5060,0.977380,0.984375,0.992188
5061,0.977215,0.992188,0.992188
5062,0.977379,1.000000,1.000000
5063,0.977379,0.992188,0.992188
5064,0.977373,0.992188,0.992188
5065,0.977379,1.000000,1.000000
5066,0.977379,1.000000,1.000000
5067,0.977379,0.992188,0.992188
5068,0.977379,0.992188,0.992188
5069,0.977157,1.000000,1.000000
5070,0.977379,1.000000,1.000000
5071,0.977362,1.000000,1.000000
5072,0.977217,1.000000,1.000000
5073,0.977378,0.992188,1.000000
5074,0.969698,1.000000,1.000000
5075,0.977387,0.992188,0.992188
5076,0.977394,1.000000,1.000000
5077,0.977401,0.992188,0.992188
5078,0.977408,1.000000,1.000000
5079,0.977413,0.992188,0.992188
5080,0.977419,1.000000,1.000000
5081,0.977423,0.992188,0.992188
5082,0.977428,1.000000,1.000000
5083,0.977431,1.000000,1.000000
5084,0.977435,1.000000,1.000000
5085,0.977438,0.992188,0.992188
5086,0.977441,0.992188,0.992188
5087,0.977414,1.000000,1.000000
5088,0.977446,1.000000,1.000000
5089,0.977448,0.992188,0.992188
5090,0.977450,1.000000,1.000000
5091,0.977468,1.000000,1.000000
5092,0.977453,0.992188,1.000000
5093,0.977455,1.000000,1.000000
5094,0.977456,0.976562,0.976562
5095,0.977427,1.000000,1.000000
5096,0.977458,0.992188,1.000000
5097,0.977459,0.992188,0.992188
5098,0.977460,0.992188,0.992188
5099,0.977461,0.992188,0.992188
5100,0.977477,1.000000,1.000000
5101,0.977387,1.000000,1.000000
5102,0.977403,1.000000,1.000000
5103,0.977388,1.000000,1.000000
5104,0.977224,0.992188,0.992188
5105,0.977389,1.000000,1.000000
5106,0.977389,1.000000,1.000000
5107,0.977389,1.000000,1.000000
5108,0.977389,1.000000,1.000000
5109,0.977359,1.000000,1.000000
5110,0.977390,1.000000,1.000000
5111,0.977360,1.000000,1.000000
5112,0.977390,0.992188,1.000000
5113,0.977390,0.992188,0.992188
5114,0.977390,1.000000,1.000000
5115,0.977200,0.992188,0.992188
5116,0.977390,0.992188,0.992188
5117,0.977391,1.000000,1.000000
5118,0.977391,1.000000,1.000000
5119,0.977361,1.000000,1.000000
5120,0.977391,1.000000,1.000000
5121,0.977391,1.000000,1.000000
5122,0.977391,0.992188,0.992188
5123,0.977391,1.000000,1.000000
5124,0.977360,1.000000,1.000000
5125,0.977391,1.000000,1.000000
5126,0.977361,1.000000,1.000000
5127,0.977361,1.000000,1.000000
5128,0.977391,0.992188,0.992188
5129,0.977391,0.992188,0.992188
5130,0.977391,1.000000,1.000000
5131,0.977391,1.000000,1.000000
5132,0.977260,0.984375,0.984375
5133,0.977368,1.000000,1.000000
5134,0.977374,1.000000,1.000000
5135,0.977391,0.992188,0.992188
5136,0.977391,1.000000,1.000000
5137,0.977391,1.000000,1.000000
5138,0.977391,0.992188,0.992188
5139,0.977391,1.000000,1.000000
5140,0.977391,0.992188,0.992188
5141,0.977260,1.000000,1.000000
5142,0.977391,1.000000,1.000000
5143,0.977391,1.000000,1.000000
5144,0.977391,0.984375,0.984375
5145,0.977391,1.000000,1.000000
5146,0.977391,1.000000,1.000000
5147,0.977391,1.000000,1.000000
5148,0.977391,0.992188,0.992188
5149,0.977391,1.000000,1.000000
5150,0.977391,1.000000,1.000000
5151,0.977316,1.000000,1.000000
5152,0.977316,1.000000,1.000000
5153,0.977284,0.992188,0.992188
5154,0.977316,1.000000,1.000000
5155,0.977316,0.992188,0.992188
5156,0.977316,0.992188,0.992188
5157,0.977316,1.000000,1.000000
5158,0.977316,1.000000,1.000000
5159,0.977285,0.984375,0.992188
5160,0.977316,1.000000,1.000000
5161,0.977316,1.000000,1.000000
5162,0.977316,1.000000,1.000000
5163,0.977316,1.000000,1.000000
5164,0.977298,1.000000,1.000000
5165,0.977315,1.000000,1.000000
5166,0.977315,1.000000,1.000000
5167,0.977315,1.000000,1.000000
5168,0.977315,0.976562,0.984375
5169,0.977315,1.000000,1.000000
5170,0.977315,1.000000,1.000000
5171,0.977315,1.000000,1.000000
5172,0.977315,1.000000,1.000000
5173,0.977315,1.000000,1.000000
5174,0.977284,1.000000,1.000000
5175,0.977285,0.992188,0.992188
5176,0.977315,1.000000,1.000000
5177,0.977315,1.000000,1.000000
5178,0.977315,1.000000,1.000000
5179,0.977315,1.000000,1.000000
5180,0.977315,1.000000,1.000000
5181,0.977285,0.992188,0.992188
5182,0.977315,1.000000,1.000000
5183,0.977315,0.992188,0.992188
5184,0.977315,0.992188,0.992188
5185,0.977315,1.000000,1.000000
5186,0.977315,1.000000,1.000000
5187,0.977322,1.000000,1.000000
5188,0.977315,1.000000,1.000000
5189,0.977315,1.000000,1.000000
5190,0.977315,1.000000,1.000000
5191,0.977315,1.000000,1.000000
5192,0.977315,0.992188,0.992188
5193,0.977315,1.000000,1.000000
5194,0.977315,1.000000,1.000000
5195,0.977301,1.000000,1.000000
5196,0.977331,1.000000,1.000000
5197,0.977315,1.000000,1.000000
5198,0.977315,0.968750,0.968750
5199,0.977315,1.000000,1.000000
5200,0.977285,1.000000,1.000000
5201,0.977210,1.000000,1.000000
5202,0.977210,0.992188,0.992188
5203,0.977210,1.000000,1.000000
5204,0.977210,1.000000,1.000000
5205,0.977209,0.992188,1.000000
5206,0.977210,1.000000,1.000000
5207,0.977130,1.000000,1.000000
5208,0.977210,1.000000,1.000000
5209,0.977209,1.000000,1.000000
5210,0.977209,1.000000,1.000000
5211,0.977209,1.000000,1.000000
5212,0.977185,1.000000,1.000000
5213,0.977209,1.000000,1.000000
5214,0.977209,0.992188,0.992188
5215,0.977209,1.000000,1.000000
5216,0.977225,1.000000,1.000000
5217,0.977192,1.000000,1.000000
5218,0.977209,0.992188,0.992188
5219,0.977209,1.000000,1.000000
5220,0.977209,1.000000,1.000000
5221,0.977209,1.000000,1.000000
5222,0.977209,1.000000,1.000000
5223,0.977209,0.992188,0.992188
5224,0.977209,0.992188,0.992188
5225,0.977209,1.000000,1.000000
5226,0.977178,1.000000,1.000000
5227,0.977209,0.992188,0.992188
5228,0.977209,1.000000,1.000000
5229,0.977209,0.984375,0.992188
5230,0.977209,1.000000,1.000000
5231,0.977209,1.000000,1.000000
5232,0.977194,0.992188,0.992188
5233,0.977209,0.992188,0.992188
5234,0.977209,0.992188,1.000000
5235,0.977209,1.000000,1.000000
5236,0.977209,1.000000,1.000000
5237,0.977209,1.000000,1.000000
5238,0.977208,1.000000,1.000000
5239,0.977008,1.000000,1.000000
5240,0.977208,1.000000,1.000000
5241,0.977208,1.000000,1.000000
5242,0.969568,1.000000,1.000000
5243,0.977176,0.992188,0.992188
5244,0.977205,0.992188,0.992188
5245,0.977203,0.992188,0.992188
5246,0.977140,0.992188,0.992188
5247,0.977201,0.992188,0.992188
5248,0.977069,1.000000,1.000000
5249,0.977199,1.000000,1.000000
5250,0.977198,1.000000,1.000000
5251,0.977122,1.000000,1.000000
5252,0.977121,1.000000,1.000000
5253,0.977121,0.992188,0.992188
5254,0.977120,0.992188,0.992188
5255,0.977120,0.992188,1.000000
5256,0.961609,0.984375,0.984375
5257,0.977079,0.984375,0.984375
5258,0.977111,0.992188,0.992188
5259,0.977107,1.000000,1.000000
5260,0.977104,0.992188,0.992188
5261,0.976937,1.000000,1.000000
5262,0.977098,1.000000,1.000000
5263,0.977096,1.000000,1.000000
5264,0.977093,0.992188,0.992188
5265,0.977091,0.992188,0.992188
5266,0.977090,0.992188,1.000000
5267,0.977088,1.000000,1.000000
5268,0.977016,1.000000,1.000000
5269,0.977085,1.000000,1.000000
5270,0.977084,1.000000,1.000000
5271,0.977083,0.992188,0.992188
5272,0.977082,1.000000,1.000000
5273,0.977081,1.000000,1.000000
5274,0.977081,0.992188,0.992188
5275,0.977080,1.000000,1.000000
5276,0.977079,1.000000,1.000000
5277,0.977079,0.992188,0.992188
5278,0.977016,0.992188,0.992188
5279,0.977078,0.976562,0.984375
5280,0.977077,0.992188,0.992188
5281,0.977193,1.000000,1.000000
5282,0.977077,1.000000,1.000000
5283,0.977076,1.000000,1.000000
5284,0.977076,1.000000,1.000000
5285,0.977076,1.000000,1.000000
5286,0.977076,1.000000,1.000000
5287,0.977075,1.000000,1.000000
5288,0.977075,1.000000,1.000000
5289,0.977075,1.000000,1.000000
5290,0.977075,1.000000,1.000000
5291,0.977075,1.000000,1.000000
5292,0.977091,1.000000,1.000000
5293,0.977075,0.984375,0.984375
5294,0.977074,0.992188,0.992188
5295,0.977043,1.000000,1.000000
5296,0.977074,0.992188,0.992188
5297,0.977074,1.000000,1.000000
5298,0.977074,1.000000,1.000000
5299,0.977074,1.000000,1.000000
5300,0.977074,1.000000,1.000000
5301,0.976999,1.000000,1.000000
5302,0.977014,0.992188,0.992188
5303,0.976999,0.992188,0.992188
5304,0.976999,1.000000,1.000000
5305,0.976999,0.992188,0.992188
5306,0.976966,0.984375,0.984375
5307,0.976999,1.000000,1.000000
5308,0.976999,1.000000,1.000000
5309,0.976968,1.000000,1.000000
5310,0.976948,0.976562,0.984375
5311,0.976998,1.000000,1.000000
5312,0.976998,1.000000,1.000000
5313,0.976968,1.000000,1.000000
5314,0.969240,0.984375,0.984375
5315,0.977001,0.992188,1.000000
5316,0.977003,1.000000,1.000000
5317,0.977006,0.984375,0.984375
5318,0.977008,0.992188,0.992188
5319,0.977009,1.000000,1.000000
5320,0.977011,1.000000,1.000000
5321,0.977012,0.992188,1.000000
5322,0.976942,0.992188,0.992188
5323,0.976983,0.992188,1.000000
5324,0.977016,1.000000,1.000000
5325,0.977000,1.000000,1.000000
5326,0.977018,0.992188,0.992188
5327,0.977019,1.000000,1.000000
5328,0.977019,1.000000,1.000000
5329,0.977020,1.000000,1.000000
5330,0.977021,1.000000,1.000000
5331,0.977021,1.000000,1.000000
5332,0.977022,1.000000,1.000000
5333,0.976990,1.000000,1.000000
5334,0.977022,1.000000,1.000000
5335,0.977023,1.000000,1.000000
5336,0.977023,0.992188,0.992188
5337,0.977023,0.992188,0.992188
5338,0.977023,0.992188,0.992188
5339,0.977024,1.000000,1.000000
5340,0.977024,0.984375,0.992188
5341,0.977024,0.992188,0.992188
5342,0.977024,0.992188,0.992188
5343,0.977078,1.000000,1.000000
5344,0.977024,0.992188,1.000000
5345,0.976859,1.000000,1.000000
5346,0.977025,0.984375,0.984375
5347,0.977025,0.984375,0.992188
5348,0.969388,1.000000,1.000000
5349,0.977025,1.000000,1.000000
5350,0.977026,1.000000,1.000000
5351,0.976952,0.992188,0.992188
5352,0.976952,1.000000,1.000000
5353,0.976953,0.992188,1.000000
5354,0.976953,1.000000,1.000000
5355,0.976954,1.000000,1.000000
5356,0.976954,0.992188,0.992188
5357,0.976955,0.992188,0.992188
5358,0.976789,1.000000,1.000000
5359,0.976955,1.000000,1.000000
5360,0.977134,1.000000,1.000000
5361,0.976955,1.000000,1.000000
5362,0.976955,1.000000,1.000000
5363,0.976955,1.000000,1.000000
5364,0.976956,1.000000,1.000000
5365,0.976896,1.000000,1.000000
5366,0.976956,1.000000,1.000000
5367,0.976956,1.000000,1.000000
5368,0.976956,1.000000,1.000000
5369,0.976956,0.992188,0.992188
5370,0.976956,1.000000,1.000000
5371,0.976973,0.992188,0.992188
5372,0.976956,0.992188,0.992188
5373,0.976956,0.992188,1.000000
5374,0.976956,0.992188,0.992188
5375,0.976956,1.000000,1.000000
5376,0.976956,0.992188,0.992188
5377,0.976956,0.992188,0.992188
5378,0.976927,1.000000,1.000000
5379,0.976956,0.984375,0.984375
5380,0.976956,1.000000,1.000000
5381,0.976956,0.992188,0.992188
5382,0.976973,1.000000,1.000000
5383,0.976956,0.992188,0.992188
5384,0.976956,1.000000,1.000000
5385,0.976956,1.000000,1.000000
5386,0.976956,1.000000,1.000000
5387,0.976956,0.992188,0.992188
5388,0.976956,1.000000,1.000000
5389,0.976973,0.992188,0.992188
5390,0.976956,0.992188,0.992188
5391,0.976956,1.000000,1.000000
5392,0.976956,0.992188,0.992188
5393,0.976956,1.000000,1.000000
5394,0.976925,0.992188,0.992188
5395,0.976956,1.000000,1.000000
5396,0.976788,0.992188,0.992188
5397,0.976956,0.984375,0.984375
5398,0.976956,1.000000,1.000000
5399,0.976956,1.000000,1.000000
5400,0.976924,1.000000,1.000000
5401,0.976881,1.000000,1.000000
5402,0.976881,1.000000,1.000000
5403,0.976881,1.000000,1.000000
5404,0.976881,1.000000,1.000000
5405,0.976881,1.000000,1.000000
5406,0.976881,1.000000,1.000000
5407,0.976881,0.992188,1.000000
5408,0.976881,1.000000,1.000000
5409,0.976881,1.000000,1.000000
5410,0.976881,1.000000,1.000000
5411,0.976881,1.000000,1.000000
5412,0.976881,1.000000,1.000000
5413,0.976881,1.000000,1.000000
5414,0.976718,1.000000,1.000000
5415,0.976881,1.000000,1.000000
5416,0.976881,1.000000,1.000000
5417,0.976849,1.000000,1.000000
5418,0.976864,1.000000,1.000000
5419,0.976881,1.000000,1.000000
5420,0.976881,1.000000,1.000000
5421,0.976881,1.000000,1.000000
5422,0.976881,0.992188,0.992188
5423,0.976881,0.992188,0.992188
5424,0.969121,0.984375,0.992188
5425,0.976864,0.992188,0.992188
5426,0.976834,1.000000,1.000000
5427,0.976866,1.000000,1.000000
5428,0.976883,0.992188,0.992188
5429,0.976883,0.984375,0.992188
5430,0.976884,1.000000,1.000000
5431,0.976884,1.000000,1.000000
5432,0.976884,0.992188,0.992188
5433,0.976867,1.000000,1.000000
5434,0.976852,0.992188,0.992188
5435,0.976885,1.000000,1.000000
5436,0.976885,1.000000,1.000000
5437,0.976885,1.000000,1.000000
5438,0.976885,1.000000,1.000000
5439,0.976885,0.992188,0.992188
5440,0.976885,1.000000,1.000000
5441,0.976886,1.000000,1.000000
5442,0.976751,1.000000,1.000000
5443,0.976875,0.992188,0.992188
5444,0.976886,0.992188,0.992188
5445,0.976886,1.000000,1.000000
5446,0.976886,1.000000,1.000000
5447,0.976886,0.992188,0.992188
5448,0.976886,1.000000,1.000000
5449,0.976886,1.000000,1.000000
5450,0.976886,1.000000,1.000000
5451,0.976811,0.984375,0.984375
5452,0.976811,1.000000,1.000000
5453,0.976811,1.000000,1.000000
5454,0.976811,1.000000,1.000000
5455,0.976675,0.992188,0.992188
5456,0.976811,1.000000,1.000000
5457,0.976811,1.000000,1.000000
5458,0.976811,1.000000,1.000000
5459,0.976811,0.984375,0.984375
5460,0.976811,0.984375,0.984375
5461,0.976811,1.000000,1.000000
5462,0.976811,1.000000,1.000000
5463,0.976811,0.992188,0.992188
5464,0.976811,1.000000,1.000000
5465,0.976708,1.000000,1.000000
5466,0.976811,1.000000,1.000000
5467,0.976811,1.000000,1.000000
5468,0.976811,1.000000,1.000000
5469,0.976811,1.000000,1.000000
5470,0.976811,1.000000,1.000000
5471,0.976811,1.000000,1.000000
5472,0.976811,1.000000,1.000000
5473,0.976811,1.000000,1.000000
5474,0.976811,1.000000,1.000000
5475,0.976811,1.000000,1.000000
5476,0.976827,0.992188,0.992188
5477,0.976565,0.992188,1.000000
5478,0.968955,0.992188,0.992188
5479,0.976780,1.000000,1.000000
5480,0.976449,1.000000,1.000000
5481,0.976812,1.000000,1.000000
5482,0.976678,1.000000,1.000000
5483,0.976813,0.992188,0.992188
5484,0.976783,1.000000,1.000000
5485,0.976783,0.992188,0.992188
5486,0.976815,0.992188,0.992188
5487,0.976824,1.000000,1.000000
5488,0.976815,1.000000,1.000000
5489,0.976815,1.000000,1.000000
5490,0.976816,0.992188,1.000000
5491,0.976816,1.000000,1.000000
5492,0.976816,0.992188,1.000000
5493,0.976816,1.000000,1.000000
5494,0.976799,1.000000,1.000000
5495,0.976816,1.000000,1.000000
5496,0.976767,0.976562,0.976562
5497,0.976816,1.000000,1.000000
5498,0.976817,1.000000,1.000000
5499,0.976817,1.000000,1.000000
5500,0.976817,1.000000,1.000000
5501,0.976742,0.992188,0.992188
5502,0.976742,0.984375,0.984375
5503,0.976742,1.000000,1.000000
5504,0.976742,0.992188,0.992188
5505,0.976742,1.000000,1.000000
5506,0.976742,0.984375,0.984375
5507,0.976605,0.984375,0.992188
5508,0.976608,1.000000,1.000000
5509,0.976742,1.000000,1.000000
5510,0.976593,1.000000,1.000000
5511,0.976742,1.000000,1.000000
5512,0.976741,0.992188,1.000000
5513,0.976741,1.000000,1.000000
5514,0.976741,0.992188,0.992188
5515,0.976727,0.984375,0.984375
5516,0.976741,1.000000,1.000000
5517,0.976741,1.000000,1.000000
5518,0.976741,0.992188,0.992188
5519,0.976741,1.000000,1.000000
5520,0.976741,1.000000,1.000000
5521,0.976741,1.000000,1.000000
5522,0.976741,1.000000,1.000000
5523,0.976741,0.992188,0.992188
5524,0.976741,0.992188,0.992188
5525,0.976741,1.000000,1.000000
5526,0.976741,1.000000,1.000000
5527,0.976741,0.992188,1.000000
5528,0.976741,1.000000,1.000000
5529,0.976741,1.000000,1.000000
5530,0.976741,1.000000,1.000000
5531,0.976741,1.000000,1.000000
5532,0.976741,1.000000,1.000000
5533,0.976741,0.992188,1.000000
5534,0.976741,0.984375,0.992188
5535,0.976723,0.992188,0.992188
5536,0.976868,1.000000,1.000000
5537,0.976741,1.000000,1.000000
5538,0.976741,1.000000,1.000000
5539,0.976741,1.000000,1.000000
5540,0.976741,1.000000,1.000000
5541,0.976741,0.984375,0.984375
5542,0.976741,1.000000,1.000000
5543,0.976741,1.000000,1.000000
5544,0.976741,0.992188,1.000000
5545,0.976741,1.000000,1.000000
5546,0.976741,1.000000,1.000000
5547,0.976741,1.000000,1.000000
5548,0.976741,1.000000,1.000000
5549,0.976741,0.992188,0.992188
5550,0.976869,1.000000,1.000000
5551,0.976667,1.000000,1.000000
5552,0.976667,1.000000,1.000000
5553,0.976481,1.000000,1.000000
5554,0.976667,1.000000,1.000000
5555,0.976667,0.992188,0.992188
5556,0.976667,1.000000,1.000000
5557,0.976667,1.000000,1.000000
5558,0.976668,1.000000,1.000000
5559,0.976668,0.992188,0.992188
5560,0.976668,0.992188,1.000000
5561,0.976668,1.000000,1.000000
5562,0.976668,1.000000,1.000000
5563,0.976668,0.992188,0.992188
5564,0.976668,0.992188,0.992188
5565,0.976668,1.000000,1.000000
5566,0.976668,1.000000,1.000000
5567,0.976668,0.992188,0.992188
5568,0.976668,0.992188,0.992188
5569,0.976668,0.984375,0.984375
5570,0.976668,1.000000,1.000000
5571,0.976650,0.992188,0.992188
5572,0.976668,1.000000,1.000000
5573,0.976668,1.000000,1.000000
5574,0.976668,1.000000,1.000000
5575,0.976619,0.992188,0.992188
5576,0.976668,1.000000,1.000000
5577,0.976668,1.000000,1.000000
5578,0.976668,1.000000,1.000000
5579,0.976668,1.000000,1.000000
5580,0.976668,0.992188,0.992188
5581,0.976668,0.992188,0.992188
5582,0.976668,1.000000,1.000000
5583,0.976668,0.992188,0.992188
5584,0.976668,0.992188,0.992188
5585,0.976668,1.000000,1.000000
5586,0.976636,1.000000,1.000000
5587,0.976668,0.984375,0.992188
5588,0.976668,1.000000,1.000000
5589,0.976685,1.000000,1.000000
5590,0.976668,1.000000,1.000000
5591,0.976497,0.984375,1.000000
5592,0.976668,1.000000,1.000000
5593,0.976668,1.000000,1.000000
5594,0.976668,1.000000,1.000000
5595,0.976668,0.992188,0.992188
5596,0.976667,1.000000,1.000000
5597,0.976650,0.992188,0.992188
5598,0.976667,1.000000,1.000000
5599,0.976684,1.000000,1.000000
5600,0.976667,0.992188,0.992188
5601,0.976562,1.000000,1.000000
5602,0.976562,0.992188,0.992188
5603,0.976544,1.000000,1.000000
5604,0.976562,1.000000,1.000000
5605,0.976562,0.992188,0.992188
5606,0.976531,1.000000,1.000000
5607,0.976562,1.000000,1.000000
5608,0.976562,1.000000,1.000000
5609,0.976562,0.984375,0.984375
5610,0.976562,1.000000,1.000000
5611,0.976544,1.000000,1.000000
5612,0.976579,1.000000,1.000000
5613,0.976577,1.000000,1.000000
5614,0.976562,0.992188,0.992188
5615,0.976716,1.000000,1.000000
5616,0.976562,0.992188,0.992188
5617,0.976561,1.000000,1.000000
5618,0.976561,0.992188,0.992188
5619,0.976561,0.992188,0.992188
5620,0.976561,0.984375,0.992188
5621,0.976561,1.000000,1.000000
5622,0.976529,1.000000,1.000000
5623,0.976561,1.000000,1.000000
5624,0.976561,1.000000,1.000000
5625,0.976561,1.000000,1.000000
5626,0.976394,0.992188,0.992188
5627,0.976561,1.000000,1.000000
5628,0.976561,1.000000,1.000000
5629,0.976561,1.000000,1.000000
5630,0.976562,1.000000,1.000000
5631,0.976561,1.000000,1.000000
5632,0.976561,0.992188,1.000000
5633,0.976547,1.000000,1.000000
5634,0.976255,0.992188,1.000000
5635,0.976561,1.000000,1.000000
5636,0.976561,1.000000,1.000000
5637,0.976561,0.992188,0.992188
5638,0.976561,1.000000,1.000000
5639,0.976561,0.992188,0.992188
5640,0.976568,1.000000,1.000000
5641,0.976561,1.000000,1.000000
5642,0.976561,1.000000,1.000000
5643,0.976529,0.992188,0.992188
5644,0.976466,0.992188,0.992188
5645,0.976561,0.984375,0.984375
5646,0.976561,0.992188,0.992188
5647,0.976561,0.992188,0.992188
5648,0.976561,1.000000,1.000000
5649,0.976561,0.992188,0.992188
5650,0.976561,1.000000,1.000000
5651,0.976320,1.000000,1.000000
5652,0.976486,1.000000,1.000000
5653,0.976486,1.000000,1.000000
5654,0.976486,1.000000,1.000000
5655,0.976486,1.000000,1.000000
5656,0.976487,0.992188,0.992188
5657,0.976487,1.000000,1.000000
5658,0.976455,0.992188,0.992188
5659,0.976487,1.000000,1.000000
5660,0.976487,1.000000,1.000000
5661,0.976487,1.000000,1.000000
5662,0.976487,1.000000,1.000000
5663,0.976487,0.992188,0.992188
5664,0.976460,1.000000,1.000000
5665,0.976487,1.000000,1.000000
5666,0.976487,1.000000,1.000000
5667,0.976487,1.000000,1.000000
5668,0.976487,1.000000,1.000000
5669,0.976487,1.000000,1.000000
5670,0.976487,1.000000,1.000000
5671,0.976487,1.000000,1.000000
5672,0.976487,0.992188,0.992188
5673,0.976487,1.000000,1.000000
5674,0.976487,1.000000,1.000000
5675,0.976494,1.000000,1.000000
5676,0.976487,0.984375,0.984375
5677,0.976473,0.992188,0.992188
5678,0.976487,1.000000,1.000000
5679,0.976487,1.000000,1.000000
5680,0.976487,1.000000,1.000000
5681,0.976487,0.992188,0.992188
5682,0.976487,0.992188,0.992188
5683,0.976487,0.992188,0.992188
5684,0.976487,1.000000,1.000000
5685,0.976487,0.992188,0.992188
5686,0.976469,1.000000,1.000000
5687,0.976487,1.000000,1.000000
5688,0.976504,1.000000,1.000000
5689,0.976487,1.000000,1.000000
5690,0.976487,1.000000,1.000000
5691,0.976487,1.000000,1.000000
5692,0.976487,1.000000,1.000000
5693,0.976487,1.000000,1.000000
5694,0.976487,1.000000,1.000000
5695,0.976487,1.000000,1.000000
5696,0.976487,1.000000,1.000000
5697,0.976487,0.992188,0.992188
5698,0.976487,1.000000,1.000000
5699,0.976487,1.000000,1.000000
5700,0.976487,1.000000,1.000000
5701,0.976412,1.000000,1.000000
5702,0.976412,0.984375,0.984375
5703,0.976398,1.000000,1.000000
5704,0.976412,0.992188,0.992188
5705,0.976412,1.000000,1.000000
5706,0.976385,0.992188,0.992188
5707,0.976412,0.976562,0.976562
5708,0.976380,0.976562,0.976562
5709,0.976412,0.984375,0.984375
5710,0.976412,0.992188,0.992188
5711,0.976412,0.976562,0.984375
5712,0.976363,1.000000,1.000000
5713,0.976029,0.992188,0.992188
5714,0.976411,0.992188,0.992188
5715,0.976411,0.992188,1.000000
5716,0.976427,1.000000,1.000000
5717,0.976386,1.000000,1.000000
5718,0.976409,1.000000,1.000000
5719,0.976409,1.000000,1.000000
5720,0.976409,1.000000,1.000000
5721,0.976408,0.984375,0.984375
5722,0.976408,1.000000,1.000000
5723,0.976408,0.984375,0.984375
5724,0.976408,1.000000,1.000000
5725,0.976407,1.000000,1.000000
5726,0.976407,1.000000,1.000000
5727,0.976563,0.992188,0.992188
5728,0.976407,0.984375,0.984375
5729,0.976407,0.992188,0.992188
5730,0.976406,1.000000,1.000000
5731,0.976406,0.992188,1.000000
5732,0.976235,1.000000,1.000000
5733,0.976406,1.000000,1.000000
5734,0.976406,0.992188,0.992188
5735,0.976374,1.000000,1.000000
5736,0.976405,1.000000,1.000000
5737,0.976405,1.000000,1.000000
5738,0.976405,1.000000,1.000000
5739,0.976405,0.992188,0.992188
5740,0.976405,1.000000,1.000000
5741,0.976373,1.000000,1.000000
5742,0.976405,0.992188,0.992188
5743,0.976234,1.000000,1.000000
5744,0.976405,1.000000,1.000000
5745,0.976405,1.000000,1.000000
5746,0.976405,1.000000,1.000000
5747,0.976211,0.984375,0.992188
5748,0.976405,1.000000,1.000000
5749,0.976405,1.000000,1.000000
5750,0.976405,1.000000,1.000000
5751,0.976330,1.000000,1.000000
5752,0.976330,0.984375,0.984375
5753,0.976330,1.000000,1.000000
5754,0.976330,1.000000,1.000000
5755,0.976330,0.992188,0.992188
5756,0.976330,1.000000,1.000000
5757,0.968693,1.000000,1.000000
5758,0.976330,1.000000,1.000000
5759,0.976330,0.992188,0.992188
5760,0.976330,1.000000,1.000000
5761,0.976330,0.984375,0.992188
5762,0.976323,1.000000,1.000000
5763,0.976329,1.000000,1.000000
5764,0.976329,0.984375,0.984375
5765,0.976303,1.000000,1.000000
5766,0.976329,1.000000,1.000000
5767,0.976346,1.000000,1.000000
5768,0.976329,1.000000,1.000000
5769,0.976130,0.992188,1.000000
5770,0.976329,1.000000,1.000000
5771,0.976329,1.000000,1.000000
5772,0.976329,1.000000,1.000000
5773,0.976329,1.000000,1.000000
5774,0.976329,0.992188,0.992188
5775,0.976329,1.000000,1.000000
5776,0.976329,0.984375,0.984375
5777,0.976329,0.992188,0.992188
5778,0.976329,0.992188,0.992188
5779,0.976329,0.992188,1.000000
5780,0.976329,1.000000,1.000000
5781,0.976329,1.000000,1.000000
5782,0.976138,0.992188,0.992188
5783,0.976329,1.000000,1.000000
5784,0.976329,1.000000,1.000000
5785,0.976329,1.000000,1.000000
5786,0.976138,0.992188,0.992188
5787,0.976329,0.992188,0.992188
5788,0.976329,1.000000,1.000000
5789,0.976296,0.992188,0.992188
5790,0.976329,1.000000,1.000000
5791,0.976329,1.000000,1.000000
5792,0.976329,1.000000,1.000000
5793,0.976329,0.992188,0.992188
5794,0.976329,1.000000,1.000000
5795,0.976329,0.992188,0.992188
5796,0.976329,1.000000,1.000000
5797,0.976329,0.984375,1.000000
5798,0.976329,1.000000,1.000000
5799,0.976329,1.000000,1.000000
5800,0.976329,0.992188,0.992188
5801,0.976254,1.000000,1.000000
5802,0.976254,1.000000,1.000000
5803,0.976248,0.992188,0.992188
5804,0.976254,1.000000,1.000000
5805,0.976254,0.992188,0.992188
5806,0.976272,0.992188,0.992188
5807,0.976254,1.000000,1.000000
5808,0.976085,0.992188,0.992188
5809,0.976254,0.992188,0.992188
5810,0.976254,0.992188,0.992188
5811,0.976254,1.000000,1.000000
5812,0.976254,1.000000,1.000000
5813,0.976254,0.992188,0.992188
5814,0.976061,1.000000,1.000000
5815,0.976254,0.992188,0.992188
5816,0.976116,0.992188,0.992188
5817,0.976098,1.000000,1.000000
5818,0.976254,1.000000,1.000000
5819,0.976254,1.000000,1.000000
5820,0.976254,0.992188,0.992188
5821,0.976254,1.000000,1.000000
5822,0.976227,1.000000,1.000000
5823,0.976254,1.000000,1.000000
5824,0.976254,0.992188,0.992188
5825,0.976254,1.000000,1.000000
5826,0.976254,0.992188,0.992188
5827,0.976254,0.992188,0.992188
5828,0.976254,1.000000,1.000000
5829,0.976254,1.000000,1.000000
5830,0.976254,1.000000,1.000000
5831,0.976253,1.000000,1.000000
5832,0.976253,1.000000,1.000000
5833,0.976253,1.000000,1.000000
5834,0.976239,1.000000,1.000000
5835,0.976253,0.992188,1.000000
5836,0.976253,1.000000,1.000000
5837,0.976253,0.992188,1.000000
5838,0.976253,0.992188,0.992188
5839,0.976228,0.992188,0.992188
5840,0.976242,1.000000,1.000000
5841,0.976253,1.000000,1.000000
5842,0.976253,1.000000,1.000000
5843,0.976253,1.000000,1.000000
5844,0.976253,0.992188,0.992188
5845,0.976253,1.000000,1.000000
5846,0.976253,1.000000,1.000000
5847,0.976253,1.000000,1.000000
5848,0.976253,1.000000,1.000000
5849,0.976253,0.992188,0.992188
5850,0.976253,0.992188,0.992188
5851,0.976022,0.992188,0.992188
5852,0.976178,1.000000,1.000000
5853,0.976178,0.984375,0.984375
5854,0.976178,0.992188,0.992188
5855,0.976178,1.000000,1.000000
5856,0.976178,0.984375,0.984375
5857,0.976166,0.992188,1.000000
5858,0.976178,1.000000,1.000000
5859,0.976178,0.992188,0.992188
5860,0.976178,1.000000,1.000000
5861,0.976160,1.000000,1.000000
5862,0.976178,0.992188,0.992188
5863,0.976177,1.000000,1.000000
5864,0.976160,1.000000,1.000000
5865,0.976135,1.000000,1.000000
5866,0.976177,0.992188,0.992188
5867,0.976177,1.000000,1.000000
5868,0.976159,1.000000,1.000000
5869,0.976193,0.992188,0.992188
5870,0.976177,0.992188,0.992188
5871,0.976177,1.000000,1.000000
5872,0.976177,1.000000,1.000000
5873,0.976177,1.000000,1.000000
5874,0.976177,0.992188,1.000000
5875,0.976177,0.992188,0.992188
5876,0.976177,1.000000,1.000000
5877,0.976177,1.000000,1.000000
5878,0.976177,0.992188,0.992188
5879,0.976177,0.992188,0.992188
5880,0.976177,1.000000,1.000000
5881,0.976177,1.000000,1.000000
5882,0.976177,1.000000,1.000000
5883,0.976177,1.000000,1.000000
5884,0.976177,1.000000,1.000000
5885,0.976159,0.992188,0.992188
5886,0.976177,1.000000,1.000000
5887,0.976177,1.000000,1.000000
5888,0.976177,1.000000,1.000000
5889,0.976177,1.000000,1.000000
5890,0.976177,0.992188,0.992188
5891,0.976177,0.984375,0.984375
5892,0.976177,1.000000,1.000000
5893,0.976177,1.000000,1.000000
5894,0.976177,0.992188,0.992188
5895,0.976144,0.992188,0.992188
5896,0.976195,0.992188,0.992188
5897,0.976177,1.000000,1.000000
5898,0.976177,1.000000,1.000000
5899,0.976177,0.992188,0.992188
5900,0.976177,1.000000,1.000000
5901,0.975964,1.000000,1.000000
5902,0.976102,1.000000,1.000000
5903,0.976102,1.000000,1.000000
5904,0.976102,1.000000,1.000000
5905,0.976102,1.000000,1.000000
5906,0.976069,1.000000,1.000000
5907,0.976068,1.000000,1.000000
5908,0.975927,0.992188,0.992188
5909,0.976101,0.992188,0.992188
5910,0.976101,1.000000,1.000000
5911,0.976101,1.000000,1.000000
5912,0.976101,1.000000,1.000000
5913,0.975962,1.000000,1.000000
5914,0.976127,1.000000,1.000000
5915,0.976101,1.000000,1.000000
5916,0.976101,1.000000,1.000000
5917,0.976101,0.984375,0.984375
5918,0.976101,1.000000,1.000000
5919,0.976118,0.992188,0.992188
5920,0.976101,1.000000,1.000000
5921,0.976069,1.000000,1.000000
5922,0.976091,1.000000,1.000000
5923,0.976101,0.992188,1.000000
5924,0.976101,1.000000,1.000000
5925,0.976100,1.000000,1.000000
5926,0.976100,1.000000,1.000000
5927,0.976100,0.992188,0.992188
5928,0.976086,1.000000,1.000000
5929,0.976100,0.992188,0.992188
5930,0.976100,1.000000,1.000000
5931,0.976100,0.992188,0.992188
5932,0.976100,1.000000,1.000000
5933,0.976100,1.000000,1.000000
5934,0.968470,1.000000,1.000000
5935,0.976100,1.000000,1.000000
5936,0.975961,1.000000,1.000000
5937,0.976100,1.000000,1.000000
5938,0.976068,1.000000,1.000000
5939,0.976100,1.000000,1.000000
5940,0.976099,1.000000,1.000000
5941,0.976099,1.000000,1.000000
5942,0.976099,1.000000,1.000000
5943,0.976099,0.992188,0.992188
5944,0.976099,1.000000,1.000000
5945,0.976099,0.992188,0.992188
5946,0.975822,1.000000,1.000000
5947,0.976099,1.000000,1.000000
5948,0.976099,0.992188,0.992188
5949,0.976099,1.000000,1.000000
5950,0.976067,1.000000,1.000000
5951,0.976024,1.000000,1.000000
5952,0.976023,0.984375,0.984375
5953,0.976023,1.000000,1.000000
5954,0.976023,1.000000,1.000000
5955,0.976023,1.000000,1.000000
5956,0.976023,0.992188,0.992188
5957,0.975990,0.992188,0.992188
5958,0.975991,1.000000,1.000000
5959,0.976023,1.000000,1.000000
5960,0.976023,1.000000,1.000000
5961,0.976023,0.976562,0.976562
5962,0.976023,1.000000,1.000000
5963,0.976023,1.000000,1.000000
5964,0.976023,1.000000,1.000000
5965,0.975940,0.992188,1.000000
5966,0.976022,0.992188,0.992188
5967,0.976008,1.000000,1.000000
5968,0.976022,1.000000,1.000000
5969,0.976022,1.000000,1.000000
5970,0.976004,1.000000,1.000000
5971,0.975998,1.000000,1.000000
5972,0.976022,1.000000,1.000000
5973,0.975986,1.000000,1.000000
5974,0.976022,1.000000,1.000000
5975,0.976021,0.992188,1.000000
5976,0.976021,1.000000,1.000000
5977,0.976021,1.000000,1.000000
5978,0.976021,0.992188,0.992188
5979,0.975998,1.000000,1.000000
5980,0.976021,0.992188,0.992188
5981,0.976021,1.000000,1.000000
5982,0.976021,0.984375,0.984375
5983,0.975846,0.992188,0.992188
5984,0.976021,1.000000,1.000000
5985,0.976021,1.000000,1.000000
5986,0.976021,0.992188,0.992188
5987,0.976021,0.984375,0.992188
5988,0.976028,0.984375,0.984375
5989,0.976020,0.992188,0.992188
5990,0.976002,0.992188,0.992188
5991,0.976020,1.000000,1.000000
5992,0.976020,0.992188,0.992188
5993,0.976020,1.000000,1.000000
5994,0.976020,0.992188,0.992188
5995,0.975990,0.992188,0.992188
5996,0.976020,0.984375,0.984375
5997,0.976020,0.984375,0.984375
5998,0.976020,0.992188,0.992188
5999,0.976020,0.992188,0.992188
6000,0.976020,1.000000,1.000000
6001,0.975915,1.000000,1.000000
6002,0.975915,0.992188,0.992188
6003,0.975915,1.000000,1.000000
6004,0.975915,0.984375,0.992188
6005,0.975914,1.000000,1.000000
6006,0.975914,1.000000,1.000000
6007,0.975914,1.000000,1.000000
6008,0.975914,1.000000,1.000000
6009,0.975914,1.000000,1.000000
6010,0.975914,1.000000,1.000000
6011,0.975914,0.984375,0.984375
6012,0.975914,0.992188,1.000000
6013,0.975914,0.992188,0.992188
6014,0.975914,1.000000,1.000000
6015,0.975887,0.984375,1.000000
6016,0.975914,0.992188,1.000000
6017,0.975881,0.984375,0.984375
6018,0.975914,1.000000,1.000000
6019,0.975914,0.992188,0.992188
6020,0.975882,0.992188,0.992188
6021,0.975914,1.000000,1.000000
6022,0.975914,1.000000,1.000000
6023,0.975914,0.992188,0.992188
6024,0.975914,0.984375,0.984375
6025,0.975914,1.000000,1.000000
6026,0.975914,1.000000,1.000000
6027,0.975881,1.000000,1.000000
6028,0.975914,1.000000,1.000000
6029,0.975914,1.000000,1.000000
6030,0.975914,0.992188,0.992188
6031,0.975914,0.992188,0.992188
6032,0.975896,1.000000,1.000000
6033,0.975713,1.000000,1.000000
6034,0.975721,1.000000,1.000000
6035,0.975914,0.992188,0.992188
6036,0.975914,1.000000,1.000000
6037,0.975913,0.984375,0.984375
6038,0.975913,0.992188,0.992188
6039,0.975913,1.000000,1.000000
6040,0.975931,0.992188,1.000000
6041,0.975913,0.992188,0.992188
6042,0.975913,1.000000,1.000000
6043,0.975913,1.000000,1.000000
6044,0.975913,1.000000,1.000000
6045,0.975913,1.000000,1.000000
6046,0.975913,0.992188,0.992188
6047,0.975913,0.984375,0.984375
6048,0.975913,1.000000,1.000000
6049,0.975913,1.000000,1.000000
6050,0.975880,0.992188,0.992188
6051,0.975838,1.000000,1.000000
6052,0.975838,0.992188,1.000000
6053,0.975838,1.000000,1.000000
6054,0.975838,0.984375,0.984375
6055,0.975838,1.000000,1.000000
6056,0.975838,1.000000,1.000000
6057,0.975838,1.000000,1.000000
6058,0.975838,1.000000,1.000000
6059,0.975838,1.000000,1.000000
6060,0.975838,1.000000,1.000000
6061,0.975838,1.000000,1.000000
6062,0.975838,1.000000,1.000000
6063,0.975837,1.000000,1.000000
6064,0.975837,1.000000,1.000000
6065,0.975837,1.000000,1.000000
6066,0.975837,1.000000,1.000000
6067,0.975837,0.992188,0.992188
6068,0.975837,1.000000,1.000000
6069,0.975837,0.992188,0.992188
6070,0.975855,1.000000,1.000000
6071,0.975837,0.992188,0.992188
6072,0.975837,0.992188,0.992188
6073,0.975837,0.992188,0.992188
6074,0.975837,0.992188,1.000000
6075,0.975837,0.992188,0.992188
6076,0.975838,0.984375,0.984375
6077,0.975837,1.000000,1.000000
6078,0.975837,0.976562,0.976562
6079,0.975837,1.000000,1.000000
6080,0.975837,1.000000,1.000000
6081,0.975837,1.000000,1.000000
6082,0.975804,1.000000,1.000000
6083,0.975837,0.992188,0.992188
6084,0.975837,1.000000,1.000000
6085,0.975819,1.000000,1.000000
6086,0.975837,1.000000,1.000000
6087,0.975789,1.000000,1.000000
6088,0.975837,0.984375,0.992188
6089,0.975837,0.992188,0.992188
6090,0.975661,0.992188,0.992188
6091,0.975837,1.000000,1.000000
6092,0.975630,1.000000,1.000000
6093,0.975837,1.000000,1.000000
6094,0.975837,1.000000,1.000000
6095,0.975837,1.000000,1.000000
6096,0.975837,1.000000,1.000000
6097,0.975837,1.000000,1.000000
6098,0.975819,1.000000,1.000000
6099,0.975837,1.000000,1.000000
6100,0.975837,0.992188,0.992188
6101,0.975762,0.992188,1.000000
6102,0.975750,0.992188,0.992188
6103,0.975762,0.992188,0.992188
6104,0.975762,1.000000,1.000000
6105,0.975762,1.000000,1.000000
6106,0.975756,1.000000,1.000000
6107,0.975762,0.992188,0.992188
6108,0.975762,1.000000,1.000000
6109,0.975762,0.984375,0.992188
6110,0.975762,1.000000,1.000000
6111,0.975762,0.992188,1.000000
6112,0.975762,1.000000,1.000000
6113,0.975756,1.000000,1.000000
6114,0.975744,0.992188,0.992188
6115,0.975762,1.000000,1.000000
6116,0.975762,1.000000,1.000000
6117,0.975762,1.000000,1.000000
6118,0.975762,1.000000,1.000000
6119,0.975762,0.984375,0.984375
6120,0.975762,1.000000,1.000000
6121,0.975762,0.984375,0.992188
6122,0.975762,0.992188,0.992188
6123,0.975762,0.992188,0.992188
6124,0.975762,1.000000,1.000000
6125,0.975762,0.992188,0.992188
6126,0.975591,1.000000,1.000000
6127,0.975762,1.000000,1.000000
6128,0.975762,1.000000,1.000000
6129,0.975780,1.000000,1.000000
6130,0.975762,0.992188,0.992188
6131,0.975763,1.000000,1.000000
6132,0.975763,0.992188,1.000000
6133,0.975763,1.000000,1.000000
6134,0.975763,1.000000,1.000000
6135,0.975763,1.000000,1.000000
6136,0.975763,0.992188,0.992188
6137,0.975763,1.000000,1.000000
6138,0.975763,1.000000,1.000000
6139,0.975763,0.992188,1.000000
6140,0.975779,1.000000,1.000000
6141,0.975763,0.984375,0.984375
6142,0.975763,0.992188,0.992188
6143,0.975763,1.000000,1.000000
6144,0.975763,0.992188,1.000000
6145,0.975763,1.000000,1.000000
6146,0.975763,1.000000,1.000000
6147,0.975763,1.000000,1.000000
6148,0.975763,0.984375,0.992188
6149,0.975763,0.992188,0.992188
6150,0.975763,1.000000,1.000000
6151,0.975688,0.992188,0.992188
6152,0.975688,0.992188,0.992188
6153,0.975688,1.000000,1.000000
6154,0.975688,0.992188,0.992188
6155,0.975688,1.000000,1.000000
6156,0.975688,0.992188,0.992188
6157,0.975688,1.000000,1.000000
6158,0.975688,0.992188,0.992188
6159,0.975688,1.000000,1.000000
6160,0.975670,0.992188,0.992188
6161,0.975688,0.992188,0.992188
6162,0.975688,0.984375,0.984375
6163,0.975688,1.000000,1.000000
6164,0.975656,1.000000,1.000000
6165,0.975688,0.992188,0.992188
6166,0.975688,1.000000,1.000000
6167,0.975688,0.992188,0.992188
6168,0.975706,0.992188,1.000000
6169,0.975688,1.000000,1.000000
6170,0.975627,1.000000,1.000000
6171,0.975688,1.000000,1.000000
6172,0.975688,0.992188,0.992188
6173,0.975688,1.000000,1.000000
6174,0.975688,0.984375,0.984375
6175,0.975655,1.000000,1.000000
6176,0.975485,1.000000,1.000000
6177,0.975656,1.000000,1.000000
6178,0.975688,0.984375,0.984375
6179,0.975656,1.000000,1.000000
6180,0.975688,0.992188,0.992188
6181,0.975660,0.984375,0.984375
6182,0.975688,0.984375,0.984375
6183,0.975688,1.000000,1.000000
6184,0.975688,1.000000,1.000000
6185,0.975688,1.000000,1.000000
6186,0.975706,1.000000,1.000000
6187,0.975689,1.000000,1.000000
6188,0.975689,0.992188,0.992188
6189,0.975689,1.000000,1.000000
6190,0.975689,1.000000,1.000000
6191,0.975689,0.984375,1.000000
6192,0.975689,0.992188,0.992188
6193,0.975689,0.992188,1.000000
6194,0.975689,0.992188,0.992188
6195,0.975689,1.000000,1.000000
6196,0.975689,1.000000,1.000000
6197,0.975670,1.000000,1.000000
6198,0.975689,1.000000,1.000000
6199,0.975689,0.992188,1.000000
6200,0.975689,0.992188,0.992188
6201,0.975614,1.000000,1.000000
6202,0.975601,1.000000,1.000000
6203,0.975614,1.000000,1.000000
6204,0.975614,0.992188,0.992188
6205,0.975595,0.992188,0.992188
6206,0.975614,0.992188,1.000000
6207,0.975580,1.000000,1.000000
6208,0.975614,0.992188,0.992188
6209,0.975599,1.000000,1.000000
6210,0.975614,0.992188,1.000000
6211,0.975613,1.000000,1.000000
6212,0.975613,0.992188,0.992188
6213,0.975586,1.000000,1.000000
6214,0.975613,0.984375,0.984375
6215,0.975613,0.984375,1.000000
6216,0.975607,0.992188,0.992188
6217,0.975437,1.000000,1.000000
6218,0.975613,0.984375,0.992188
6219,0.975613,1.000000,1.000000
6220,0.975613,1.000000,1.000000
6221,0.975631,0.992188,0.992188
6222,0.975613,0.976562,0.976562
6223,0.975613,0.992188,0.992188
6224,0.975613,0.992188,0.992188
6225,0.975613,1.000000,1.000000
6226,0.975737,0.992188,0.992188
6227,0.975613,1.000000,1.000000
6228,0.975613,1.000000,1.000000
6229,0.975613,0.992188,0.992188
6230,0.975613,1.000000,1.000000
6231,0.975613,0.992188,0.992188
6232,0.975613,0.992188,0.992188
6233,0.975613,1.000000,1.000000
6234,0.975555,0.984375,0.992188
6235,0.975613,0.992188,1.000000
6236,0.975613,0.992188,0.992188
6237,0.975580,1.000000,1.000000
6238,0.975613,0.976562,0.992188
6239,0.975613,0.992188,0.992188
6240,0.975613,1.000000,1.000000
6241,0.975613,0.992188,0.992188
6242,0.975613,0.992188,0.992188
6243,0.975613,1.000000,1.000000
6244,0.975613,0.984375,0.992188
6245,0.975613,1.000000,1.000000
6246,0.975613,1.000000,1.000000
6247,0.975537,1.000000,1.000000
6248,0.975613,1.000000,1.000000
6249,0.975613,1.000000,1.000000
6250,0.975613,1.000000,1.000000
6251,0.975538,1.000000,1.000000
6252,0.975538,0.992188,0.992188
6253,0.975538,1.000000,1.000000
6254,0.975538,0.992188,0.992188
6255,0.975538,0.992188,0.992188
6256,0.975538,0.992188,0.992188
6257,0.975538,1.000000,1.000000
6258,0.975538,1.000000,1.000000
6259,0.975538,1.000000,1.000000
6260,0.975538,1.000000,1.000000
6261,0.975538,1.000000,1.000000
6262,0.975500,0.992188,0.992188
6263,0.975538,1.000000,1.000000
6264,0.975538,1.000000,1.000000
6265,0.975538,0.992188,0.992188
6266,0.975538,1.000000,1.000000
6267,0.975538,0.992188,0.992188
6268,0.975538,1.000000,1.000000
6269,0.975538,1.000000,1.000000
6270,0.975538,1.000000,1.000000
6271,0.975572,1.000000,1.000000
6272,0.975538,0.992188,1.000000
6273,0.975538,0.992188,0.992188
6274,0.975538,1.000000,1.000000
6275,0.975538,0.992188,0.992188
6276,0.975538,1.000000,1.000000
6277,0.975538,0.992188,0.992188
6278,0.975395,0.992188,0.992188
6279,0.975538,0.992188,0.992188
6280,0.975538,0.992188,0.992188
6281,0.975538,0.992188,0.992188
6282,0.975538,1.000000,1.000000
6283,0.975538,0.992188,0.992188
6284,0.975538,1.000000,1.000000
6285,0.975538,0.992188,0.992188
6286,0.975538,1.000000,1.000000
6287,0.975538,1.000000,1.000000
6288,0.975538,1.000000,1.000000
6289,0.975527,1.000000,1.000000
6290,0.975504,0.992188,0.992188
6291,0.975538,1.000000,1.000000
6292,0.975538,1.000000,1.000000
6293,0.975538,0.992188,0.992188
6294,0.975538,1.000000,1.000000
6295,0.975538,1.000000,1.000000
6296,0.975538,0.992188,0.992188
6297,0.975538,0.992188,0.992188
6298,0.975537,1.000000,1.000000
6299,0.975547,1.000000,1.000000
6300,0.975537,1.000000,1.000000
6301,0.975462,1.000000,1.000000
6302,0.975462,1.000000,1.000000
6303,0.975462,1.000000,1.000000
6304,0.975462,1.000000,1.000000
6305,0.967822,1.000000,1.000000
6306,0.975466,0.992188,0.992188
6307,0.975470,0.976562,0.976562
6308,0.975473,0.992188,1.000000
6309,0.975476,1.000000,1.000000
6310,0.975478,1.000000,1.000000
6311,0.975303,1.000000,1.000000
6312,0.975483,1.000000,1.000000
6313,0.975485,0.976562,0.976562
6314,0.975486,0.992188,0.992188
6315,0.975488,1.000000,1.000000
6316,0.975489,1.000000,1.000000
6317,0.975490,1.000000,1.000000
6318,0.975492,0.992188,1.000000
6319,0.975493,1.000000,1.000000
6320,0.975493,1.000000,1.000000
6321,0.975494,1.000000,1.000000
6322,0.975495,0.992188,0.992188
6323,0.975496,0.992188,0.992188
6324,0.975505,0.992188,0.992188
6325,0.975497,1.000000,1.000000
6326,0.975497,1.000000,1.000000
6327,0.975498,0.992188,0.992188
6328,0.975498,1.000000,1.000000
6329,0.975498,1.000000,1.000000
6330,0.975486,0.992188,0.992188
6331,0.975499,1.000000,1.000000
6332,0.975499,0.984375,0.984375
6333,0.975499,1.000000,1.000000
6334,0.975500,0.992188,1.000000
6335,0.975500,0.992188,0.992188
6336,0.975488,0.992188,0.992188
6337,0.975500,1.000000,1.000000
6338,0.975500,0.992188,0.992188
6339,0.975500,1.000000,1.000000
6340,0.975500,0.992188,0.992188
6341,0.975501,1.000000,1.000000
6342,0.975501,1.000000,1.000000
6343,0.975501,1.000000,1.000000
6344,0.975501,1.000000,1.000000
6345,0.975501,0.984375,0.984375
6346,0.975519,0.992188,1.000000
6347,0.975501,1.000000,1.000000
6348,0.975483,1.000000,1.000000
6349,0.975501,0.992188,0.992188
6350,0.975501,0.992188,0.992188
6351,0.975426,1.000000,1.000000
6352,0.975414,0.992188,1.000000
6353,0.975426,1.000000,1.000000
6354,0.975426,1.000000,1.000000
6355,0.975426,0.992188,1.000000
6356,0.975426,1.000000,1.000000
6357,0.975426,1.000000,1.000000
6358,0.975426,1.000000,1.000000
6359,0.975426,0.968750,0.976562
6360,0.975426,1.000000,1.000000
6361,0.975408,0.992188,0.992188
6362,0.975401,1.000000,1.000000
6363,0.975426,0.992188,0.992188
6364,0.975426,1.000000,1.000000
6365,0.975426,1.000000,1.000000
6366,0.975426,1.000000,1.000000
6367,0.975408,1.000000,1.000000
6368,0.975426,1.000000,1.000000
6369,0.975426,0.992188,0.992188
6370,0.975426,0.992188,0.992188
6371,0.975426,1.000000,1.000000
6372,0.967806,1.000000,1.000000
6373,0.975433,0.992188,0.992188
6374,0.975438,1.000000,1.000000
6375,0.975443,1.000000,1.000000
6376,0.975414,0.992188,1.000000
6377,0.975451,0.992188,0.992188
6378,0.975455,1.000000,1.000000
6379,0.975458,0.992188,0.992188
6380,0.975479,1.000000,1.000000
6381,0.975464,0.992188,0.992188
6382,0.967779,0.992188,0.992188
6383,0.975470,1.000000,1.000000
6384,0.975473,1.000000,1.000000
6385,0.975476,0.992188,0.992188
6386,0.975479,1.000000,1.000000
6387,0.975482,0.992188,0.992188
6388,0.975484,0.992188,0.992188
6389,0.975486,1.000000,1.000000
6390,0.975488,1.000000,1.000000
6391,0.975489,1.000000,1.000000
6392,0.975491,1.000000,1.000000
6393,0.975492,0.992188,0.992188
6394,0.975493,1.000000,1.000000
6395,0.975450,0.992188,0.992188
6396,0.975495,1.000000,1.000000
6397,0.975496,1.000000,1.000000
6398,0.975497,1.000000,1.000000
6399,0.975498,1.000000,1.000000
6400,0.975498,1.000000,1.000000
6401,0.975394,1.000000,1.000000
6402,0.975394,0.984375,0.984375
6403,0.975395,0.992188,1.000000
6404,0.975395,1.000000,1.000000
6405,0.975396,0.992188,0.992188
6406,0.975396,1.000000,1.000000
6407,0.975381,0.992188,0.992188
6408,0.975396,1.000000,1.000000
6409,0.975397,1.000000,1.000000
6410,0.975397,1.000000,1.000000
6411,0.975397,1.000000,1.000000
6412,0.975397,0.992188,0.992188
6413,0.975397,1.000000,1.000000
6414,0.975366,1.000000,1.000000
6415,0.975398,0.992188,0.992188
6416,0.975363,0.992188,0.992188
6417,0.975398,0.992188,0.992188
6418,0.975398,1.000000,1.000000
6419,0.975398,1.000000,1.000000
6420,0.975398,1.000000,1.000000
6421,0.975398,1.000000,1.000000
6422,0.975398,0.992188,0.992188
6423,0.975398,0.992188,1.000000
6424,0.975398,0.992188,0.992188
6425,0.975398,1.000000,1.000000
6426,0.975398,1.000000,1.000000
6427,0.975398,1.000000,1.000000
6428,0.975398,0.992188,1.000000
6429,0.975398,1.000000,1.000000
6430,0.975398,0.992188,0.992188
6431,0.975398,0.992188,0.992188
6432,0.975398,0.992188,0.992188
6433,0.975398,1.000000,1.000000
6434,0.975398,1.000000,1.000000
6435,0.975398,1.000000,1.000000
6436,0.975398,1.000000,1.000000
6437,0.975398,1.000000,1.000000
6438,0.975226,0.992188,0.992188
6439,0.975398,0.992188,0.992188
6440,0.975398,1.000000,1.000000
6441,0.975364,1.000000,1.000000
6442,0.975398,1.000000,1.000000
6443,0.975398,0.992188,0.992188
6444,0.975380,1.000000,1.000000
6445,0.975398,0.992188,0.992188
6446,0.975398,0.992188,1.000000
6447,0.975398,1.000000,1.000000
6448,0.975398,1.000000,1.000000
6449,0.975398,0.984375,0.992188
6450,0.975398,1.000000,1.000000
6451,0.975289,1.000000,1.000000
6452,0.975323,1.000000,1.000000
6453,0.975341,0.992188,1.000000
6454,0.975323,1.000000,1.000000
6455,0.975323,1.000000,1.000000
6456,0.975323,1.000000,1.000000
6457,0.975323,1.000000,1.000000
6458,0.975323,1.000000,1.000000
6459,0.975304,1.000000,1.000000
6460,0.975323,1.000000,1.000000
6461,0.975323,1.000000,1.000000
6462,0.975339,1.000000,1.000000
6463,0.975323,0.992188,0.992188
6464,0.975323,0.992188,1.000000
6465,0.975323,0.984375,0.984375
6466,0.975323,1.000000,1.000000
6467,0.975323,1.000000,1.000000
6468,0.975323,1.000000,1.000000
6469,0.975323,1.000000,1.000000
6470,0.975323,0.992188,0.992188
6471,0.975340,1.000000,1.000000
6472,0.975323,1.000000,1.000000
6473,0.975304,1.000000,1.000000
6474,0.975323,1.000000,1.000000
6475,0.975323,1.000000,1.000000
6476,0.975323,1.000000,1.000000
6477,0.975323,0.992188,0.992188
6478,0.975288,0.992188,0.992188
6479,0.975323,1.000000,1.000000
6480,0.975323,1.000000,1.000000
6481,0.975323,1.000000,1.000000
6482,0.975323,0.992188,0.992188
6483,0.975323,1.000000,1.000000
6484,0.975323,0.992188,0.992188
6485,0.975323,1.000000,1.000000
6486,0.975304,0.992188,1.000000
6487,0.975323,1.000000,1.000000
6488,0.975322,1.000000,1.000000
6489,0.975254,1.000000,1.000000
6490,0.975322,0.976562,0.984375
6491,0.975322,0.992188,0.992188
6492,0.975322,1.000000,1.000000
6493,0.975340,1.000000,1.000000
6494,0.975288,1.000000,1.000000
6495,0.975288,1.000000,1.000000
6496,0.975322,0.992188,0.992188
6497,0.975322,1.000000,1.000000
6498,0.975322,0.992188,0.992188
6499,0.975322,1.000000,1.000000
6500,0.975322,1.000000,1.000000
6501,0.975231,0.992188,1.000000
6502,0.975247,0.976562,0.976562
6503,0.975247,1.000000,1.000000
6504,0.975247,0.992188,0.992188
6505,0.975247,0.992188,0.992188
6506,0.975247,1.000000,1.000000
6507,0.975246,0.992188,0.992188
6508,0.975211,0.984375,0.992188
6509,0.975255,1.000000,1.000000
6510,0.975246,1.000000,1.000000
6511,0.975246,1.000000,1.000000
6512,0.975231,1.000000,1.000000
6513,0.975246,0.992188,0.992188
6514,0.975246,1.000000,1.000000
6515,0.975246,0.984375,0.984375
6516,0.975246,1.000000,1.000000
6517,0.975246,0.992188,0.992188
6518,0.975246,1.000000,1.000000
6519,0.975246,1.000000,1.000000
6520,0.975246,1.000000,1.000000
6521,0.975240,1.000000,1.000000
6522,0.975246,1.000000,1.000000
6523,0.975246,0.992188,1.000000
6524,0.975220,1.000000,1.000000
6525,0.975100,0.992188,0.992188
6526,0.975246,1.000000,1.000000
6527,0.975246,1.000000,1.000000
6528,0.975246,1.000000,1.000000
6529,0.975246,0.992188,1.000000
6530,0.975246,0.992188,0.992188
6531,0.975246,0.984375,0.984375
6532,0.975246,0.992188,0.992188
6533,0.975246,0.992188,1.000000
6534,0.975246,1.000000,1.000000
6535,0.975246,0.992188,1.000000
6536,0.975246,0.984375,0.984375
6537,0.975245,0.992188,0.992188
6538,0.975245,1.000000,1.000000
6539,0.975245,1.000000,1.000000
6540,0.975211,1.000000,1.000000
6541,0.975245,1.000000,1.000000
6542,0.975245,1.000000,1.000000
6543,0.975245,0.984375,0.992188
6544,0.975226,1.000000,1.000000
6545,0.975245,0.992188,0.992188
6546,0.975245,1.000000,1.000000
6547,0.975245,1.000000,1.000000
6548,0.975245,1.000000,1.000000
6549,0.975245,0.992188,0.992188
6550,0.975245,0.992188,0.992188
6551,0.975188,1.000000,1.000000
6552,0.975170,1.000000,1.000000
6553,0.975170,0.992188,0.992188
6554,0.975170,0.992188,0.992188
6555,0.975170,0.976562,0.976562
6556,0.975170,0.992188,0.992188
6557,0.975170,1.000000,1.000000
6558,0.975170,1.000000,1.000000
6559,0.975135,1.000000,1.000000
6560,0.975170,1.000000,1.000000
6561,0.975170,1.000000,1.000000
6562,0.975170,0.992188,0.992188
6563,0.975170,1.000000,1.000000
6564,0.975170,1.000000,1.000000
6565,0.975170,0.992188,1.000000
6566,0.975170,1.000000,1.000000
6567,0.975154,0.992188,0.992188
6568,0.975170,0.992188,1.000000
6569,0.975170,1.000000,1.000000
6570,0.975170,0.992188,0.992188
6571,0.975170,0.984375,0.984375
6572,0.975170,1.000000,1.000000
6573,0.975135,1.000000,1.000000
6574,0.975170,1.000000,1.000000
6575,0.975135,0.992188,1.000000
6576,0.975151,1.000000,1.000000
6577,0.975170,0.984375,0.992188
6578,0.975169,0.992188,0.992188
6579,0.975169,1.000000,1.000000
6580,0.975187,0.984375,0.984375
6581,0.975169,1.000000,1.000000
6582,0.975169,1.000000,1.000000
6583,0.975169,0.992188,0.992188
6584,0.975169,0.976562,0.976562
6585,0.975169,0.992188,0.992188
6586,0.975169,1.000000,1.000000
6587,0.975169,0.992188,0.992188
6588,0.975169,0.992188,0.992188
6589,0.975169,1.000000,1.000000
6590,0.975169,1.000000,1.000000
6591,0.975169,0.984375,0.984375
6592,0.975169,1.000000,1.000000
6593,0.975169,1.000000,1.000000
6594,0.975169,1.000000,1.000000
6595,0.975169,0.992188,0.992188
6596,0.975150,1.000000,1.000000
6597,0.975169,1.000000,1.000000
6598,0.975187,0.984375,0.992188
6599,0.975134,1.000000,1.000000
6600,0.974986,0.992188,0.992188
6601,0.975094,1.000000,1.000000
6602,0.975094,0.992188,0.992188
6603,0.975094,0.984375,0.992188
6604,0.975094,1.000000,1.000000
6605,0.975094,0.992188,0.992188
6606,0.975075,0.992188,0.992188
6607,0.975094,1.000000,1.000000
6608,0.975059,1.000000,1.000000
6609,0.975094,1.000000,1.000000
6610,0.975094,1.000000,1.000000
6611,0.975094,1.000000,1.000000
6612,0.975094,1.000000,1.000000
6613,0.975094,1.000000,1.000000
6614,0.975094,1.000000,1.000000
6615,0.975094,0.984375,0.984375
6616,0.975094,1.000000,1.000000
6617,0.975094,1.000000,1.000000
6618,0.975094,1.000000,1.000000
6619,0.967476,1.000000,1.000000
6620,0.975096,1.000000,1.000000
6621,0.974917,0.992188,0.992188
6622,0.975100,1.000000,1.000000
6623,0.975102,0.992188,1.000000
6624,0.975104,1.000000,1.000000
6625,0.975106,1.000000,1.000000
6626,0.974925,1.000000,1.000000
6627,0.975108,1.000000,1.000000
6628,0.975109,1.000000,1.000000
6629,0.975111,0.992188,0.992188
6630,0.975076,0.992188,0.992188
6631,0.975112,0.992188,0.992188
6632,0.975113,1.000000,1.000000
6633,0.975114,1.000000,1.000000
6634,0.975114,1.000000,1.000000
6635,0.967494,1.000000,1.000000
6636,0.975115,1.000000,1.000000
6637,0.975115,1.000000,1.000000
6638,0.975114,0.992188,0.992188
6639,0.975114,1.000000,1.000000
6640,0.975095,1.000000,1.000000
6641,0.975114,0.992188,0.992188
6642,0.975114,0.992188,0.992188
6643,0.975078,1.000000,1.000000
6644,0.975113,1.000000,1.000000
6645,0.975113,1.000000,1.000000
6646,0.974967,1.000000,1.000000
6647,0.975113,0.992188,0.992188
6648,0.975113,1.000000,1.000000
6649,0.975077,0.984375,0.984375
6650,0.975120,0.984375,0.984375
6651,0.975037,1.000000,1.000000
6652,0.975037,0.992188,0.992188
6653,0.975037,1.000000,1.000000
6654,0.975037,0.992188,0.992188
6655,0.975037,1.000000,1.000000
6656,0.974889,0.984375,0.984375
6657,0.975037,0.992188,0.992188
6658,0.975037,0.992188,0.992188
6659,0.975036,1.000000,1.000000
6660,0.975036,1.000000,1.000000
6661,0.975036,1.000000,1.000000
6662,0.975036,0.992188,0.992188
6663,0.975043,1.000000,1.000000
6664,0.975036,0.992188,0.992188
6665,0.975036,1.000000,1.000000
6666,0.975036,1.000000,1.000000
6667,0.975011,1.000000,1.000000
6668,0.975036,0.984375,0.984375
6669,0.975036,1.000000,1.000000
6670,0.975001,1.000000,1.000000
6671,0.975050,1.000000,1.000000
6672,0.975036,1.000000,1.000000
6673,0.974819,1.000000,1.000000
6674,0.975035,1.000000,1.000000
6675,0.975035,0.984375,0.984375
6676,0.975016,0.992188,0.992188
6677,0.975035,0.992188,0.992188
6678,0.975035,0.992188,0.992188
6679,0.975035,0.984375,0.984375
6680,0.975035,1.000000,1.000000
6681,0.975035,0.992188,0.992188
6682,0.975035,0.992188,0.992188
6683,0.975035,1.000000,1.000000
6684,0.975035,1.000000,1.000000
6685,0.975035,1.000000,1.000000
6686,0.975071,0.992188,0.992188
6687,0.975035,1.000000,1.000000
6688,0.975035,0.984375,0.984375
6689,0.975035,1.000000,1.000000
6690,0.975035,1.000000,1.000000
6691,0.975042,1.000000,1.000000
6692,0.975035,1.000000,1.000000
6693,0.975035,1.000000,1.000000
6694,0.975035,0.984375,0.984375
6695,0.975035,1.000000,1.000000
6696,0.975172,1.000000,1.000000
6697,0.975000,1.000000,1.000000
6698,0.975035,0.992188,0.992188
6699,0.975035,0.992188,0.992188
6700,0.975036,1.000000,1.000000
6701,0.974948,0.992188,0.992188
6702,0.974961,1.000000,1.000000
6703,0.974961,0.984375,0.984375
6704,0.974878,0.992188,0.992188
6705,0.974961,1.000000,1.000000
6706,0.974961,0.984375,0.984375
6707,0.974961,1.000000,1.000000
6708,0.974961,0.992188,1.000000
6709,0.967344,1.000000,1.000000
6710,0.974960,1.000000,1.000000
6711,0.974923,1.000000,1.000000
6712,0.974958,1.000000,1.000000
6713,0.974957,1.000000,1.000000
6714,0.974956,1.000000,1.000000
6715,0.974956,0.992188,0.992188
6716,0.974955,1.000000,1.000000
6717,0.974955,1.000000,1.000000
6718,0.974955,1.000000,1.000000
6719,0.974954,1.000000,1.000000
6720,0.974935,1.000000,1.000000
6721,0.974954,1.000000,1.000000
6722,0.974954,1.000000,1.000000
6723,0.974953,1.000000,1.000000
6724,0.974953,1.000000,1.000000
6725,0.974953,1.000000,1.000000
6726,0.974953,0.992188,0.992188
6727,0.974953,1.000000,1.000000
6728,0.974953,1.000000,1.000000
6729,0.974953,1.000000,1.000000
6730,0.974953,1.000000,1.000000
6731,0.974755,0.992188,0.992188
6732,0.974953,0.992188,0.992188
6733,0.974953,0.992188,0.992188
6734,0.974953,1.000000,1.000000
6735,0.974901,0.992188,0.992188
6736,0.974952,0.992188,0.992188
6737,0.974952,0.992188,0.992188
6738,0.974952,1.000000,1.000000
6739,0.974952,0.992188,0.992188
6740,0.974952,1.000000,1.000000
6741,0.974952,0.992188,0.992188
6742,0.974952,1.000000,1.000000
6743,0.974952,1.000000,1.000000
6744,0.974952,0.992188,0.992188
6745,0.974952,0.992188,0.992188
6746,0.974952,1.000000,1.000000
6747,0.974952,1.000000,1.000000
6748,0.974952,1.000000,1.000000
6749,0.974952,1.000000,1.000000
6750,0.974952,0.984375,0.984375
6751,0.974877,1.000000,1.000000
6752,0.974877,0.984375,0.984375
6753,0.974877,0.992188,0.992188
6754,0.974858,1.000000,1.000000
6755,0.974877,0.992188,0.992188
6756,0.974877,0.992188,0.992188
6757,0.974877,0.992188,1.000000
6758,0.974877,0.992188,0.992188
6759,0.974841,1.000000,1.000000
6760,0.974877,0.992188,0.992188
6761,0.974841,0.992188,0.992188
6762,0.974877,1.000000,1.000000
6763,0.974877,1.000000,1.000000
6764,0.974876,0.992188,1.000000
6765,0.974876,1.000000,1.000000
6766,0.974876,1.000000,1.000000
6767,0.974876,0.984375,0.992188
6768,0.974876,0.992188,0.992188
6769,0.974876,1.000000,1.000000
6770,0.974876,0.992188,1.000000
6771,0.967200,0.992188,0.992188
6772,0.974877,1.000000,1.000000
6773,0.974878,1.000000,1.000000
6774,0.974879,0.992188,0.992188
6775,0.974845,1.000000,1.000000
6776,0.974881,1.000000,1.000000
6777,0.974881,1.000000,1.000000
6778,0.974882,0.984375,0.984375
6779,0.974882,0.992188,0.992188
6780,0.974883,0.992188,1.000000
6781,0.974883,1.000000,1.000000
6782,0.974883,0.992188,0.992188
6783,0.974884,1.000000,1.000000
6784,0.974884,0.992188,1.000000
6785,0.974884,0.992188,0.992188
6786,0.974849,1.000000,1.000000
6787,0.974885,0.992188,0.992188
6788,0.974885,1.000000,1.000000
6789,0.974885,0.992188,1.000000
6790,0.974885,1.000000,1.000000
6791,0.974885,1.000000,1.000000
6792,0.974885,1.000000,1.000000
6793,0.974886,1.000000,1.000000
6794,0.974851,1.000000,1.000000
6795,0.974886,1.000000,1.000000
6796,0.974886,1.000000,1.000000
6797,0.974886,1.000000,1.000000
6798,0.974886,1.000000,1.000000
6799,0.974886,0.992188,0.992188
6800,0.974886,0.992188,0.992188
6801,0.974781,1.000000,1.000000
6802,0.974781,1.000000,1.000000
6803,0.974781,0.992188,0.992188
6804,0.974599,0.992188,0.992188
6805,0.974781,1.000000,1.000000
6806,0.974781,0.984375,0.992188
6807,0.974782,1.000000,1.000000
6808,0.974782,1.000000,1.000000
6809,0.974782,0.992188,0.992188
6810,0.974782,1.000000,1.000000
6811,0.974782,0.992188,0.992188
6812,0.974782,0.992188,1.000000
6813,0.974597,0.992188,0.992188
6814,0.974782,0.992188,0.992188
6815,0.974782,0.992188,0.992188
6816,0.974782,1.000000,1.000000
6817,0.974782,1.000000,1.000000
6818,0.974782,0.984375,0.984375
6819,0.974749,0.992188,0.992188
6820,0.974756,1.000000,1.000000
6821,0.974783,1.000000,1.000000
6822,0.974783,1.000000,1.000000
6823,0.974783,0.984375,0.992188
6824,0.974783,0.992188,1.000000
6825,0.974783,0.984375,0.984375
6826,0.974783,0.992188,1.000000
6827,0.974783,0.992188,0.992188
6828,0.974783,1.000000,1.000000
6829,0.974750,1.000000,1.000000
6830,0.974744,0.984375,1.000000
6831,0.974783,0.984375,0.992188
6832,0.974636,1.000000,1.000000
6833,0.974783,0.992188,0.992188
6834,0.974783,0.976562,1.000000
6835,0.974782,0.984375,0.984375
6836,0.974782,1.000000,1.000000
6837,0.974782,0.992188,1.000000
6838,0.974782,1.000000,1.000000
6839,0.974746,0.992188,0.992188
6840,0.974782,1.000000,1.000000
6841,0.974782,1.000000,1.000000
6842,0.974782,0.992188,0.992188
6843,0.974782,1.000000,1.000000
6844,0.974782,1.000000,1.000000
6845,0.974782,0.992188,0.992188
6846,0.974782,1.000000,1.000000
6847,0.974782,1.000000,1.000000
6848,0.974782,1.000000,1.000000
6849,0.974782,0.984375,0.992188
6850,0.974782,1.000000,1.000000
6851,0.974700,0.984375,0.984375
6852,0.974707,1.000000,1.000000
6853,0.974707,0.992188,0.992188
6854,0.974682,1.000000,1.000000
6855,0.974707,0.992188,0.992188
6856,0.974707,1.000000,1.000000
6857,0.974706,1.000000,1.000000
6858,0.974706,1.000000,1.000000
6859,0.974706,0.984375,0.984375
6860,0.974706,1.000000,1.000000
6861,0.974557,0.992188,0.992188
6862,0.974706,1.000000,1.000000
6863,0.974706,0.992188,0.992188
6864,0.974706,0.992188,0.992188
6865,0.974706,1.000000,1.000000
6866,0.974706,1.000000,1.000000
6867,0.974706,1.000000,1.000000
6868,0.974706,1.000000,1.000000
6869,0.974706,1.000000,1.000000
6870,0.974723,0.992188,0.992188
6871,0.974706,0.984375,0.992188
6872,0.974706,0.992188,0.992188
6873,0.974706,1.000000,1.000000
6874,0.974706,1.000000,1.000000
6875,0.974723,1.000000,1.000000
6876,0.974723,0.992188,1.000000
6877,0.974706,0.992188,1.000000
6878,0.974556,0.992188,1.000000
6879,0.974705,0.992188,0.992188
6880,0.974723,0.984375,0.984375
6881,0.974705,0.992188,0.992188
6882,0.974705,1.000000,1.000000
6883,0.974723,1.000000,1.000000
6884,0.974705,1.000000,1.000000
6885,0.974669,0.992188,0.992188
6886,0.974705,0.992188,0.992188
6887,0.974686,1.000000,1.000000
6888,0.974705,0.992188,0.992188
6889,0.974521,1.000000,1.000000
6890,0.974705,0.992188,0.992188
6891,0.974705,1.000000,1.000000
6892,0.974705,0.984375,0.992188
6893,0.974705,0.984375,0.984375
6894,0.974685,1.000000,1.000000
6895,0.974704,0.984375,0.984375
6896,0.974704,1.000000,1.000000
6897,0.974704,1.000000,1.000000
6898,0.974704,1.000000,1.000000
6899,0.974633,1.000000,1.000000
6900,0.974704,1.000000,1.000000
6901,0.974629,0.992188,1.000000
6902,0.974629,1.000000,1.000000
6903,0.974629,0.992188,0.992188
6904,0.974629,1.000000,1.000000
6905,0.974629,0.984375,0.992188
6906,0.974629,1.000000,1.000000
6907,0.974629,0.984375,0.984375
6908,0.974629,0.984375,0.984375
6909,0.974595,1.000000,1.000000
6910,0.974628,0.992188,1.000000
6911,0.974629,1.000000,1.000000
6912,0.974629,0.984375,0.984375
6913,0.974628,1.000000,1.000000
6914,0.974628,1.000000,1.000000
6915,0.974628,0.976562,0.984375
6916,0.974628,1.000000,1.000000
6917,0.974628,1.000000,1.000000
6918,0.974618,0.992188,0.992188
6919,0.974628,1.000000,1.000000
6920,0.974593,1.000000,1.000000
6921,0.974628,0.992188,1.000000
6922,0.974628,0.992188,0.992188
6923,0.974628,0.992188,0.992188
6924,0.974628,0.976562,0.984375
6925,0.974628,0.984375,1.000000
6926,0.974518,0.992188,0.992188
6927,0.974628,0.992188,0.992188
6928,0.974628,1.000000,1.000000
6929,0.974646,0.984375,0.984375
6930,0.974628,0.992188,1.000000
6931,0.974629,1.000000,1.000000
6932,0.974629,1.000000,1.000000
6933,0.974629,1.000000,1.000000
6934,0.974629,0.984375,0.984375
6935,0.974629,0.984375,0.992188
6936,0.974629,1.000000,1.000000
6937,0.974629,1.000000,1.000000
6938,0.974359,1.000000,1.000000
6939,0.974629,1.000000,1.000000
6940,0.974629,0.992188,1.000000
6941,0.974636,0.992188,1.000000
6942,0.974629,0.984375,0.984375
6943,0.974629,1.000000,1.000000
6944,0.974629,1.000000,1.000000
6945,0.974629,0.992188,1.000000
6946,0.974629,0.992188,0.992188
6947,0.974629,0.992188,1.000000
6948,0.974629,1.000000,1.000000
6949,0.974629,0.992188,0.992188
6950,0.974629,1.000000,1.000000
6951,0.974554,1.000000,1.000000
6952,0.974554,0.992188,0.992188
6953,0.974554,1.000000,1.000000
6954,0.974554,1.000000,1.000000
6955,0.974554,1.000000,1.000000
6956,0.974527,0.992188,1.000000
6957,0.974554,0.992188,0.992188
6958,0.974554,0.992188,0.992188
6959,0.974554,1.000000,1.000000
6960,0.974518,1.000000,1.000000
6961,0.974554,1.000000,1.000000
6962,0.974554,1.000000,1.000000
6963,0.974554,0.992188,1.000000
6964,0.974554,1.000000,1.000000
6965,0.974554,0.992188,0.992188
6966,0.974554,1.000000,1.000000
6967,0.974534,0.992188,1.000000
6968,0.974554,0.992188,1.000000
6969,0.974554,0.992188,0.992188
6970,0.974554,0.992188,0.992188
6971,0.974553,1.000000,1.000000
6972,0.974553,0.992188,1.000000
6973,0.974517,1.000000,1.000000
6974,0.974764,1.000000,1.000000
6975,0.974553,0.992188,0.992188
6976,0.974553,0.992188,0.992188
6977,0.974553,0.984375,0.984375
6978,0.974553,0.984375,1.000000
6979,0.974553,0.992188,0.992188
6980,0.974553,1.000000,1.000000
6981,0.974553,1.000000,1.000000
6982,0.974553,1.000000,1.000000
6983,0.974553,0.984375,0.984375
6984,0.974553,0.992188,0.992188
6985,0.974553,1.000000,1.000000
6986,0.974553,0.992188,0.992188
6987,0.974552,0.992188,0.992188
6988,0.974552,0.992188,0.992188
6989,0.974552,0.976562,0.976562
6990,0.974552,1.000000,1.000000
6991,0.974552,0.992188,0.992188
6992,0.974552,0.992188,0.992188
6993,0.974516,0.992188,0.992188
6994,0.974552,1.000000,1.000000
6995,0.974552,0.992188,0.992188
6996,0.974552,0.992188,0.992188
6997,0.974552,0.984375,0.992188
6998,0.974552,0.992188,0.992188
6999,0.974536,0.984375,1.000000
7000,0.974552,1.000000,1.000000
7001,0.974477,0.976562,0.984375
7002,0.974477,0.984375,0.984375
7003,0.974477,1.000000,1.000000
7004,0.974495,0.992188,0.992188
7005,0.974477,1.000000,1.000000
7006,0.974477,0.992188,1.000000
7007,0.974477,1.000000,1.000000
7008,0.974477,1.000000,1.000000
7009,0.974477,1.000000,1.000000
7010,0.974477,0.992188,1.000000
7011,0.974477,0.976562,1.000000
7012,0.974477,0.992188,0.992188
7013,0.974477,0.992188,0.992188
7014,0.974441,1.000000,1.000000
7015,0.974477,0.984375,0.984375
7016,0.974477,1.000000,1.000000
7017,0.974477,1.000000,1.000000
7018,0.974477,1.000000,1.000000
7019,0.974477,1.000000,1.000000
7020,0.974477,1.000000,1.000000
7021,0.974477,0.984375,0.984375
7022,0.974477,1.000000,1.000000
7023,0.974494,1.000000,1.000000
7024,0.974477,1.000000,1.000000
7025,0.974485,0.992188,0.992188
7026,0.974477,1.000000,1.000000
7027,0.974477,0.984375,0.984375
7028,0.974477,1.000000,1.000000
7029,0.974477,1.000000,1.000000
7030,0.974477,1.000000,1.000000
7031,0.974477,0.992188,0.992188
7032,0.974494,1.000000,1.000000
7033,0.974477,1.000000,1.000000
7034,0.974328,1.000000,1.000000
7035,0.974477,1.000000,1.000000
7036,0.974477,0.984375,0.984375
7037,0.974476,1.000000,1.000000
7038,0.974476,1.000000,1.000000
7039,0.974476,1.000000,1.000000
7040,0.974494,1.000000,1.000000
7041,0.974476,1.000000,1.000000
7042,0.974476,0.992188,0.992188
7043,0.974476,1.000000,1.000000
7044,0.974457,1.000000,1.000000
7045,0.966803,0.992188,0.992188
7046,0.974503,1.000000,1.000000
7047,0.974494,1.000000,1.000000
7048,0.974502,0.984375,0.984375
7049,0.974509,1.000000,1.000000
7050,0.974515,0.984375,1.000000
7051,0.974446,0.992188,0.992188
7052,0.974451,0.992188,1.000000
7053,0.974456,1.000000,1.000000
7054,0.974440,1.000000,1.000000
7055,0.974464,0.976562,0.984375
7056,0.974467,1.000000,1.000000
7057,0.974470,0.984375,0.984375
7058,0.974473,0.992188,0.992188
7059,0.974475,0.984375,0.984375
7060,0.974478,1.000000,1.000000
7061,0.974480,1.000000,1.000000
7062,0.974490,0.976562,0.984375
7063,0.974483,0.992188,0.992188
7064,0.974485,1.000000,1.000000
7065,0.974486,0.992188,0.992188
7066,0.974487,0.992188,0.992188
7067,0.974488,0.976562,0.976562
7068,0.974489,0.976562,0.976562
7069,0.974490,0.976562,0.984375
7070,0.974491,0.976562,0.976562
7071,0.974491,1.000000,1.000000
7072,0.974492,0.984375,0.984375
7073,0.974493,0.968750,0.968750
7074,0.974493,0.992188,0.992188
7075,0.974494,0.992188,1.000000
7076,0.974494,0.992188,0.992188
7077,0.974495,0.984375,0.984375
7078,0.974495,0.976562,0.976562
7079,0.974495,0.968750,0.968750
7080,0.974495,0.992188,0.992188
7081,0.974496,0.992188,0.992188
7082,0.974496,0.992188,0.992188
7083,0.974496,0.992188,0.992188
7084,0.974496,0.992188,0.992188
7085,0.974496,0.992188,0.992188
7086,0.974496,0.984375,0.984375
7087,0.974496,0.992188,0.992188
7088,0.974497,0.984375,0.984375
7089,0.974497,0.984375,0.984375
7090,0.974497,0.984375,0.984375
7091,0.974497,0.984375,0.984375
7092,0.974497,0.960938,0.960938
7093,0.974497,1.000000,1.000000
7094,0.974497,0.960938,0.960938
7095,0.974497,0.992188,1.000000
7096,0.974497,1.000000,1.000000
7097,0.974497,0.984375,0.984375
7098,0.974497,0.984375,0.984375
7099,0.974497,0.992188,0.992188
7100,0.974478,0.992188,1.000000
7101,0.974422,0.976562,0.976562
7102,0.974422,0.984375,0.984375
7103,0.974395,0.992188,0.992188
7104,0.974422,0.976562,0.976562
7105,0.974402,0.968750,0.968750
7106,0.974422,0.984375,0.992188
7107,0.974422,0.953125,0.960938
7108,0.974422,0.992188,0.992188
7109,0.974422,0.976562,0.976562
7110,0.974422,0.968750,0.968750
7111,0.974422,0.960938,0.960938
7112,0.974422,0.984375,0.984375
7113,0.974422,0.984375,0.992188
7114,0.974422,0.976562,0.976562
7115,0.974422,0.992188,0.992188
7116,0.974395,0.984375,0.984375
7117,0.974422,0.984375,0.984375
7118,0.966561,0.976562,0.976562
7119,0.974420,0.976562,0.976562
7120,0.974418,0.984375,0.984375
7121,0.974416,0.976562,0.984375
7122,0.974415,0.960938,0.960938
7123,0.974413,0.968750,0.968750
7124,0.974412,0.968750,0.968750
7125,0.974261,0.992188,0.992188
7126,0.974390,0.984375,0.984375
7127,0.974409,0.937500,0.937500
7128,0.974409,0.976562,0.976562
7129,0.974408,0.960938,0.968750
7130,0.974407,0.992188,0.992188
7131,0.974407,0.960938,0.960938
7132,0.974406,0.960938,0.960938
7133,0.974406,0.945312,0.945312
7134,0.974406,0.953125,0.953125
7135,0.974405,0.945312,0.945312
7136,0.974405,0.968750,0.968750
7137,0.974405,0.929688,0.929688
7138,0.974404,0.960938,0.960938
7139,0.974404,0.945312,0.945312
7140,0.974404,0.976562,0.976562
7141,0.974404,0.921875,0.921875
7142,0.974403,0.937500,0.937500
7143,0.974403,0.953125,0.960938
7144,0.974403,0.960938,0.960938
7145,0.974403,0.929688,0.937500
7146,0.974403,0.968750,0.968750
7147,0.974403,0.914062,0.914062
7148,0.974402,0.937500,0.937500
7149,0.974402,0.906250,0.914062
7150,0.974402,0.937500,0.937500
7151,0.974327,0.953125,0.953125
7152,0.974327,0.976562,0.976562
7153,0.974327,0.968750,0.976562
7154,0.974307,0.976562,0.976562
7155,0.974326,0.960938,0.960938
7156,0.974326,0.937500,0.937500
7157,0.974326,0.953125,0.953125
7158,0.974326,0.945312,0.945312
7159,0.974326,0.929688,0.929688
7160,0.974326,0.929688,0.929688
7161,0.974326,0.960938,0.960938
7162,0.974326,0.953125,0.953125
7163,0.974334,0.968750,0.968750
7164,0.974326,0.960938,0.960938
7165,0.974287,0.960938,0.960938
7166,0.974326,0.992188,0.992188
7167,0.974326,0.953125,0.953125
7168,0.974326,0.929688,0.929688
7169,0.974326,0.937500,0.937500
7170,0.974326,0.937500,0.937500
7171,0.974326,0.960938,0.960938
7172,0.974316,0.960938,0.968750
7173,0.974326,0.953125,0.953125
7174,0.974326,0.945312,0.945312
7175,0.974287,0.960938,0.960938
7176,0.974326,0.984375,0.984375
7177,0.974326,0.960938,0.960938
7178,0.974127,0.945312,0.953125
7179,0.974326,0.945312,0.953125
7180,0.974326,0.968750,0.968750
7181,0.974326,0.960938,0.960938
7182,0.974326,0.945312,0.945312
7183,0.974326,0.953125,0.960938
7184,0.974326,0.937500,0.945312
7185,0.974326,0.945312,0.945312
7186,0.974326,0.945312,0.945312
7187,0.974127,0.945312,0.945312
7188,0.974326,0.968750,0.968750
7189,0.974326,0.968750,0.968750
7190,0.974326,0.968750,0.968750
7191,0.974128,0.937500,0.945312
7192,0.974326,0.945312,0.945312
7193,0.974306,0.968750,0.968750
7194,0.974327,0.953125,0.953125
7195,0.974326,0.945312,0.945312
7196,0.974327,0.984375,0.984375
7197,0.974327,0.945312,0.945312
7198,0.974327,0.953125,0.953125
7199,0.974327,0.906250,0.906250
7200,0.974292,0.960938,0.960938
7201,0.974222,0.953125,0.953125
7202,0.974222,0.953125,0.953125
7203,0.974241,0.968750,0.968750
7204,0.974222,0.968750,0.968750
7205,0.974171,0.945312,0.945312
7206,0.974223,0.945312,0.945312
7207,0.974231,0.937500,0.937500
7208,0.974223,0.968750,0.968750
7209,0.974223,0.968750,0.968750
7210,0.974223,0.945312,0.945312
7211,0.974223,0.976562,0.976562
7212,0.974223,0.937500,0.937500
7213,0.974223,0.937500,0.937500
7214,0.974223,0.960938,0.960938
7215,0.974223,0.945312,0.953125
7216,0.974223,0.953125,0.953125
7217,0.974223,0.945312,0.945312
7218,0.974223,0.937500,0.937500
7219,0.974223,0.929688,0.937500
7220,0.974223,0.914062,0.914062
7221,0.974223,0.921875,0.921875
7222,0.974216,0.945312,0.945312
7223,0.974223,0.945312,0.945312
7224,0.974223,0.945312,0.945312
7225,0.974026,0.945312,0.945312
7226,0.974203,0.953125,0.953125
7227,0.974224,0.960938,0.960938
7228,0.974224,0.960938,0.960938
7229,0.974224,0.929688,0.937500
7230,0.974224,0.914062,0.914062
7231,0.974215,0.929688,0.929688
7232,0.974225,0.968750,0.968750
7233,0.974225,0.968750,0.968750
7234,0.974225,0.937500,0.937500
7235,0.974225,0.960938,0.960938
7236,0.974225,0.960938,0.960938
7237,0.974225,0.960938,0.960938
7238,0.974225,0.906250,0.906250
7239,0.974225,0.976562,0.976562
7240,0.974226,0.976562,0.976562
7241,0.974226,0.929688,0.929688
7242,0.974226,0.929688,0.929688
7243,0.974226,0.929688,0.929688
7244,0.974226,0.945312,0.945312
7245,0.974245,0.968750,0.968750
7246,0.974226,0.960938,0.960938
7247,0.974226,0.968750,0.968750
7248,0.974226,0.976562,0.976562
7249,0.974226,0.976562,0.984375
7250,0.974029,0.960938,0.960938
7251,0.974151,0.945312,0.945312
7252,0.974151,0.921875,0.921875
7253,0.974151,0.968750,0.968750
7254,0.974151,0.945312,0.945312
7255,0.974151,0.960938,0.960938
7256,0.974151,0.945312,0.945312
7257,0.974151,0.968750,0.968750
7258,0.974151,0.921875,0.921875
7259,0.974150,0.960938,0.960938
7260,0.974150,0.953125,0.953125
7261,0.974150,0.960938,0.960938
7262,0.974151,0.976562,0.976562
7263,0.974130,0.953125,0.960938
7264,0.974111,0.953125,0.953125
7265,0.974151,0.953125,0.953125
7266,0.974151,0.906250,0.906250
7267,0.974151,0.968750,0.968750
7268,0.974110,0.929688,0.929688
7269,0.974151,0.960938,0.960938
7270,0.974151,0.953125,0.953125
7271,0.974151,0.929688,0.929688
7272,0.974151,0.968750,0.968750
7273,0.974151,0.914062,0.914062
7274,0.974151,0.937500,0.937500
7275,0.974151,0.976562,0.976562
7276,0.974112,0.929688,0.929688
7277,0.974151,0.953125,0.953125
7278,0.974151,0.953125,0.953125
7279,0.974151,0.968750,0.968750
7280,0.974151,0.937500,0.937500
7281,0.974151,0.937500,0.937500
7282,0.974151,0.914062,0.914062
7283,0.974151,0.960938,0.968750
7284,0.974151,0.937500,0.937500
7285,0.974151,0.945312,0.945312
7286,0.974151,0.960938,0.960938
7287,0.974144,0.929688,0.929688
7288,0.974112,0.960938,0.960938
7289,0.974151,0.945312,0.945312
7290,0.974151,0.937500,0.937500
7291,0.974151,0.960938,0.960938
7292,0.974151,0.937500,0.937500
7293,0.974151,0.960938,0.960938
7294,0.974171,0.937500,0.945312
7295,0.974151,0.968750,0.968750
7296,0.974177,0.929688,0.937500
7297,0.974117,0.945312,0.945312
7298,0.974151,0.937500,0.937500
7299,0.974151,0.906250,0.906250
7300,0.974151,0.976562,0.976562
7301,0.974076,0.898438,0.898438
7302,0.974076,0.937500,0.937500
7303,0.974076,0.929688,0.929688
7304,0.974076,0.968750,0.968750
7305,0.974055,0.937500,0.937500
7306,0.974076,0.976562,0.976562
7307,0.974076,0.929688,0.937500
7308,0.974076,0.945312,0.945312
7309,0.974076,0.921875,0.921875
7310,0.974059,0.953125,0.953125
7311,0.974037,0.968750,0.968750
7312,0.974076,0.960938,0.960938
7313,0.974076,0.953125,0.953125
7314,0.974076,0.976562,0.976562
7315,0.974076,0.968750,0.968750
7316,0.974076,0.960938,0.960938
7317,0.974095,0.968750,0.968750
7318,0.974076,0.914062,0.914062
7319,0.974076,0.937500,0.937500
7320,0.974076,0.929688,0.929688
7321,0.974036,0.929688,0.929688
7322,0.974060,0.945312,0.945312
7323,0.974037,0.960938,0.960938
7324,0.974077,0.937500,0.937500
7325,0.974077,0.929688,0.929688
7326,0.974076,0.960938,0.960938
7327,0.974076,0.898438,0.906250
7328,0.974077,0.929688,0.937500
7329,0.974077,0.921875,0.921875
7330,0.974077,0.960938,0.960938
7331,0.974077,0.968750,0.968750
7332,0.974077,0.921875,0.929688
7333,0.974077,0.914062,0.914062
7334,0.974086,0.921875,0.921875
7335,0.974077,0.953125,0.953125
7336,0.974036,0.921875,0.921875
7337,0.973918,0.960938,0.968750
7338,0.974077,0.953125,0.953125
7339,0.974077,0.929688,0.929688
7340,0.974077,0.929688,0.929688
7341,0.974077,0.968750,0.968750
7342,0.974085,0.929688,0.929688
7343,0.974077,0.921875,0.921875
7344,0.974076,0.921875,0.921875
7345,0.974076,0.914062,0.914062
7346,0.974038,0.968750,0.968750
7347,0.974076,0.960938,0.960938
7348,0.974035,0.914062,0.914062
7349,0.974076,0.945312,0.953125
7350,0.974076,0.929688,0.929688
7351,0.974001,0.929688,0.929688
7352,0.974001,0.945312,0.945312
7353,0.974001,0.906250,0.906250
7354,0.974001,0.945312,0.945312
7355,0.973763,0.953125,0.953125
7356,0.974001,0.968750,0.968750
7357,0.973966,0.960938,0.960938
7358,0.973996,0.968750,0.968750
7359,0.974001,0.937500,0.937500
7360,0.974001,0.898438,0.898438
7361,0.973801,0.953125,0.953125
7362,0.974001,0.945312,0.945312
7363,0.973961,0.937500,0.937500
7364,0.973998,0.937500,0.937500
7365,0.974002,0.929688,0.937500
7366,0.974002,0.945312,0.945312
7367,0.974002,0.914062,0.914062
7368,0.974002,0.953125,0.953125
7369,0.974002,0.960938,0.960938
7370,0.974002,0.929688,0.929688
7371,0.974002,0.960938,0.960938
7372,0.974002,0.953125,0.953125
7373,0.974002,0.945312,0.945312
7374,0.974002,0.960938,0.960938
7375,0.974002,0.945312,0.945312
7376,0.973980,0.929688,0.929688
7377,0.974002,0.937500,0.937500
7378,0.974002,0.945312,0.945312
7379,0.974002,0.937500,0.945312
7380,0.974002,0.945312,0.945312
7381,0.973962,0.937500,0.937500
7382,0.973948,0.914062,0.914062
7383,0.974002,0.976562,0.976562
7384,0.974002,0.890625,0.890625
7385,0.974002,0.921875,0.921875
7386,0.974002,0.945312,0.945312
7387,0.974002,0.945312,0.945312
7388,0.974002,0.914062,0.914062
7389,0.974002,0.914062,0.914062
7390,0.974002,0.953125,0.953125
7391,0.974002,0.914062,0.914062
7392,0.974002,0.984375,0.984375
7393,0.974002,0.921875,0.921875
7394,0.974002,0.929688,0.937500
7395,0.974002,0.976562,0.976562
7396,0.974002,0.914062,0.914062
7397,0.974002,0.929688,0.929688
7398,0.973963,0.875000,0.875000
7399,0.974002,0.937500,0.937500
7400,0.974002,0.945312,0.945312
7401,0.973905,0.929688,0.929688
7402,0.973927,0.945312,0.945312
7403,0.973927,0.921875,0.921875
7404,0.973927,0.937500,0.937500
7405,0.973927,0.914062,0.914062
7406,0.973927,0.945312,0.945312
7407,0.973927,0.937500,0.937500
7408,0.973927,0.906250,0.906250
7409,0.973927,0.929688,0.929688
7410,0.973927,0.914062,0.914062
7411,0.973927,0.906250,0.906250
7412,0.973927,0.976562,0.976562
7413,0.973927,0.960938,0.960938
7414,0.973888,0.914062,0.914062
7415,0.973927,0.921875,0.921875
7416,0.973927,0.945312,0.945312
7417,0.973927,0.929688,0.929688
7418,0.973927,0.953125,0.953125
7419,0.973927,0.906250,0.906250
7420,0.973927,0.945312,0.945312
7421,0.973927,0.945312,0.945312
7422,0.973927,0.906250,0.906250
7423,0.973927,0.929688,0.929688
7424,0.973927,0.960938,0.960938
7425,0.973927,0.882812,0.882812
7426,0.973927,0.945312,0.945312
7427,0.973927,0.945312,0.945312
7428,0.973927,0.929688,0.929688
7429,0.973927,0.921875,0.921875
7430,0.973927,0.945312,0.945312
7431,0.973927,0.914062,0.914062
7432,0.973927,0.945312,0.945312
7433,0.973928,0.914062,0.914062
7434,0.973927,0.898438,0.898438
7435,0.973928,0.882812,0.882812
7436,0.973927,0.921875,0.921875
7437,0.973928,0.929688,0.929688
7438,0.973928,0.929688,0.937500
7439,0.973928,0.921875,0.921875
7440,0.973928,0.929688,0.929688
7441,0.973928,0.960938,0.960938
7442,0.973928,0.914062,0.914062
7443,0.973928,0.921875,0.929688
7444,0.973875,0.960938,0.960938
7445,0.973928,0.921875,0.921875
7446,0.973928,0.921875,0.921875
7447,0.973928,0.937500,0.937500
7448,0.973928,0.945312,0.945312
7449,0.973928,0.914062,0.914062
7450,0.973928,0.953125,0.953125
7451,0.973853,0.921875,0.929688
7452,0.973647,0.929688,0.929688
7453,0.973853,0.953125,0.953125
7454,0.973873,0.929688,0.929688
7455,0.973853,0.953125,0.953125
7456,0.973853,0.968750,0.968750
7457,0.973853,0.929688,0.929688
7458,0.973853,0.929688,0.937500
7459,0.973853,0.882812,0.882812
7460,0.973811,0.906250,0.906250
7461,0.973853,0.945312,0.945312
7462,0.973854,0.929688,0.929688
7463,0.973854,0.898438,0.898438
7464,0.973854,0.921875,0.921875
7465,0.973854,0.921875,0.921875
7466,0.973854,0.984375,0.984375
7467,0.973854,0.960938,0.960938
7468,0.973854,0.921875,0.921875
7469,0.973836,0.898438,0.898438
7470,0.973874,0.921875,0.929688
7471,0.973854,0.929688,0.929688
7472,0.973854,0.921875,0.921875
7473,0.973854,0.906250,0.906250
7474,0.973854,0.921875,0.921875
7475,0.973833,0.937500,0.937500
7476,0.973816,0.898438,0.906250
7477,0.973854,0.937500,0.937500
7478,0.973854,0.945312,0.945312
7479,0.973854,0.906250,0.914062
7480,0.973854,0.960938,0.960938
7481,0.973854,0.921875,0.921875
7482,0.973855,0.906250,0.906250
7483,0.973855,0.867188,0.867188
7484,0.973855,0.960938,0.960938
7485,0.973855,0.906250,0.914062
7486,0.973855,0.929688,0.929688
7487,0.973855,0.898438,0.898438
7488,0.973855,0.914062,0.921875
7489,0.973855,0.875000,0.875000
7490,0.973855,0.906250,0.906250
7491,0.973855,0.968750,0.968750
7492,0.973855,0.906250,0.906250
7493,0.973855,0.929688,0.929688
7494,0.973855,0.937500,0.945312
7495,0.973855,0.921875,0.921875
7496,0.973855,0.945312,0.945312
7497,0.973855,0.914062,0.914062
7498,0.973855,0.945312,0.945312
7499,0.973855,0.929688,0.937500
7500,0.973816,0.921875,0.921875
7501,0.973780,0.929688,0.929688
7502,0.973576,0.945312,0.945312
7503,0.973800,0.914062,0.914062
7504,0.973779,0.898438,0.898438
7505,0.973780,0.867188,0.867188
7506,0.973779,0.898438,0.906250
7507,0.973779,0.890625,0.890625
7508,0.973779,0.906250,0.906250
7509,0.973779,0.929688,0.929688
7510,0.973779,0.921875,0.921875
7511,0.973569,0.914062,0.921875
7512,0.973779,0.953125,0.953125
7513,0.973780,0.937500,0.937500
7514,0.973780,0.906250,0.906250
7515,0.973780,0.937500,0.937500
7516,0.973780,0.937500,0.937500
7517,0.973780,0.929688,0.929688
7518,0.973740,0.914062,0.921875
7519,0.973780,0.960938,0.968750
7520,0.973780,0.906250,0.906250
7521,0.973780,0.882812,0.882812
7522,0.973780,0.937500,0.937500
7523,0.973780,0.929688,0.929688
7524,0.973780,0.914062,0.921875
7525,0.973780,0.867188,0.867188
7526,0.973780,0.921875,0.929688
7527,0.973780,0.929688,0.929688
7528,0.973780,0.914062,0.921875
7529,0.973780,0.921875,0.921875
7530,0.973780,0.906250,0.914062
7531,0.973780,0.945312,0.945312
7532,0.973780,0.898438,0.906250
7533,0.973742,0.914062,0.914062
7534,0.973780,0.898438,0.898438
7535,0.973580,0.960938,0.960938
7536,0.973780,0.953125,0.953125
7537,0.973780,0.906250,0.906250
7538,0.973780,0.898438,0.898438
7539,0.973780,0.945312,0.945312
7540,0.973780,0.898438,0.898438
7541,0.973780,0.953125,0.953125
7542,0.973780,0.929688,0.929688
7543,0.973780,0.898438,0.898438
7544,0.973780,0.937500,0.937500
7545,0.973780,0.898438,0.906250
7546,0.973780,0.960938,0.960938
7547,0.973780,0.906250,0.914062
7548,0.973780,0.921875,0.921875
7549,0.973780,0.921875,0.921875
7550,0.973780,0.960938,0.960938
7551,0.973665,0.945312,0.945312
7552,0.973706,0.914062,0.914062
7553,0.973705,0.898438,0.898438
7554,0.973706,0.921875,0.929688
7555,0.973706,0.929688,0.929688
7556,0.973714,0.890625,0.890625
7557,0.973706,0.921875,0.921875
7558,0.973706,0.914062,0.914062
7559,0.973706,0.921875,0.921875
7560,0.973706,0.906250,0.906250
7561,0.973706,0.914062,0.914062
7562,0.973706,0.921875,0.921875
7563,0.973706,0.914062,0.914062
7564,0.973706,0.906250,0.906250
7565,0.973706,0.898438,0.898438
7566,0.973706,0.914062,0.914062
7567,0.973706,0.859375,0.867188
7568,0.973706,0.914062,0.914062
7569,0.973706,0.945312,0.945312
7570,0.973684,0.890625,0.890625
7571,0.973707,0.914062,0.921875
7572,0.973707,0.945312,0.945312
7573,0.973707,0.937500,0.937500
7574,0.973707,0.921875,0.921875
7575,0.973707,0.906250,0.906250
7576,0.973707,0.937500,0.937500
7577,0.973707,0.898438,0.898438
7578,0.973707,0.890625,0.890625
7579,0.973707,0.945312,0.945312
7580,0.973707,0.914062,0.921875
7581,0.973707,0.914062,0.914062
7582,0.973707,0.882812,0.882812
7583,0.973707,0.898438,0.898438
7584,0.973707,0.921875,0.921875
7585,0.973707,0.921875,0.921875
7586,0.973707,0.875000,0.875000
7587,0.973707,0.898438,0.898438
7588,0.973707,0.929688,0.937500
7589,0.973707,0.906250,0.906250
7590,0.973707,0.945312,0.945312
7591,0.973707,0.906250,0.906250
7592,0.973707,0.914062,0.914062
7593,0.973707,0.890625,0.890625
7594,0.973707,0.843750,0.843750
7595,0.973707,0.882812,0.882812
7596,0.973707,0.914062,0.914062
7597,0.973707,0.875000,0.875000
7598,0.973707,0.890625,0.890625
7599,0.973707,0.859375,0.859375
7600,0.973708,0.867188,0.867188
7601,0.973603,0.890625,0.890625
7602,0.973603,0.890625,0.898438
7603,0.973603,0.898438,0.898438
7604,0.973603,0.898438,0.898438
7605,0.973603,0.843750,0.843750
7606,0.973603,0.898438,0.898438
7607,0.973603,0.898438,0.898438
7608,0.973603,0.882812,0.882812
7609,0.965299,0.921875,0.921875
7610,0.973552,0.843750,0.843750
7611,0.973592,0.898438,0.898438
7612,0.973587,0.875000,0.882812
7613,0.973539,0.898438,0.898438
7614,0.973578,0.906250,0.906250
7615,0.973574,0.789062,0.789062
7616,0.973571,0.828125,0.828125
7617,0.973567,0.835938,0.835938
7618,0.973565,0.804688,0.804688
7619,0.973562,0.828125,0.835938
7620,0.973559,0.781250,0.781250
7621,0.973557,0.843750,0.843750
7622,0.973555,0.851562,0.859375
7623,0.973553,0.804688,0.804688
7624,0.973551,0.867188,0.867188
7625,0.973549,0.828125,0.835938
7626,0.973525,0.875000,0.875000
7627,0.973546,0.734375,0.757812
7628,0.973545,0.781250,0.781250
7629,0.973544,0.851562,0.851562
7630,0.973542,0.859375,0.859375
7631,0.973541,0.851562,0.875000
7632,0.973540,0.820312,0.820312
7633,0.973539,0.781250,0.789062
7634,0.973539,0.882812,0.890625
7635,0.973514,0.851562,0.851562
7636,0.973537,0.828125,0.835938
7637,0.973536,0.851562,0.851562
7638,0.973496,0.867188,0.867188
7639,0.973535,0.859375,0.859375
7640,0.973535,0.820312,0.820312
7641,0.973405,0.882812,0.882812
7642,0.973534,0.882812,0.882812
7643,0.973533,0.851562,0.851562
7644,0.973487,0.828125,0.828125
7645,0.973533,0.898438,0.898438
7646,0.973532,0.859375,0.859375
7647,0.973532,0.828125,0.835938
7648,0.973532,0.843750,0.843750
7649,0.973531,0.851562,0.867188
7650,0.973531,0.851562,0.859375
7651,0.973456,0.796875,0.820312
7652,0.973456,0.828125,0.828125
7653,0.973456,0.851562,0.859375
7654,0.973455,0.851562,0.851562
7655,0.973656,0.867188,0.867188
7656,0.973455,0.859375,0.867188
7657,0.973454,0.890625,0.898438
7658,0.973454,0.835938,0.835938
7659,0.973454,0.890625,0.890625
7660,0.973419,0.820312,0.820312
7661,0.973403,0.757812,0.781250
7662,0.973453,0.828125,0.835938
7663,0.973453,0.859375,0.867188
7664,0.973453,0.820312,0.835938
7665,0.973452,0.906250,0.906250
7666,0.973409,0.867188,0.867188
7667,0.973452,0.882812,0.882812
7668,0.973443,0.828125,0.828125
7669,0.973452,0.882812,0.882812
7670,0.973452,0.835938,0.851562
7671,0.973452,0.882812,0.890625
7672,0.973452,0.859375,0.859375
7673,0.973226,0.859375,0.859375
7674,0.973452,0.843750,0.843750
7675,0.973452,0.828125,0.828125
7676,0.973452,0.875000,0.875000
7677,0.973452,0.835938,0.835938
7678,0.973452,0.773438,0.796875
7679,0.973452,0.828125,0.828125
7680,0.973452,0.890625,0.898438
7681,0.973452,0.875000,0.875000
7682,0.973452,0.859375,0.859375
7683,0.973452,0.851562,0.859375
7684,0.973453,0.882812,0.882812
7685,0.973453,0.835938,0.835938
7686,0.973453,0.851562,0.851562
7687,0.973453,0.828125,0.843750
7688,0.973453,0.851562,0.859375
7689,0.973453,0.843750,0.851562
7690,0.973453,0.882812,0.882812
7691,0.973453,0.789062,0.796875
7692,0.973453,0.828125,0.835938
7693,0.973453,0.890625,0.890625
7694,0.973457,0.820312,0.820312
7695,0.973453,0.843750,0.851562
7696,0.973453,0.828125,0.828125
7697,0.973453,0.867188,0.867188
7698,0.973453,0.789062,0.804688
7699,0.973453,0.843750,0.843750
7700,0.973453,0.835938,0.843750
7701,0.973378,0.820312,0.820312
7702,0.973378,0.882812,0.882812
7703,0.973148,0.835938,0.835938
7704,0.973378,0.828125,0.828125
7705,0.964363,0.843750,0.843750
7706,0.973381,0.843750,0.843750
7707,0.973383,0.781250,0.789062
7708,0.973384,0.812500,0.812500
7709,0.973386,0.820312,0.828125
7710,0.973387,0.789062,0.789062
7711,0.973387,0.718750,0.726562
7712,0.973354,0.820312,0.820312
7713,0.973388,0.765625,0.773438
7714,0.973389,0.804688,0.804688
7715,0.973362,0.757812,0.757812
7716,0.973389,0.781250,0.789062
7717,0.973389,0.742188,0.742188
7718,0.973388,0.710938,0.710938
7719,0.973388,0.796875,0.804688
7720,0.973387,0.789062,0.796875
7721,0.973387,0.742188,0.757812
7722,0.973386,0.765625,0.773438
7723,0.973386,0.742188,0.750000
7724,0.973385,0.828125,0.828125
7725,0.973384,0.750000,0.750000
7726,0.973384,0.812500,0.820312
7727,0.973363,0.812500,0.820312
7728,0.973383,0.820312,0.820312
7729,0.973382,0.875000,0.882812
7730,0.973381,0.789062,0.796875
7731,0.973381,0.820312,0.820312
7732,0.973380,0.851562,0.851562
7733,0.973380,0.828125,0.828125
7734,0.973379,0.828125,0.851562
7735,0.973335,0.835938,0.835938
7736,0.973378,0.851562,0.859375
7737,0.973378,0.804688,0.812500
7738,0.973377,0.820312,0.820312
7739,0.973377,0.804688,0.804688
7740,0.973376,0.804688,0.804688
7741,0.973376,0.851562,0.859375
7742,0.973376,0.867188,0.867188
7743,0.973334,0.851562,0.851562
7744,0.973375,0.867188,0.875000
7745,0.973375,0.835938,0.835938
7746,0.973374,0.851562,0.851562
7747,0.973374,0.875000,0.890625
7748,0.973342,0.875000,0.875000
7749,0.973373,0.859375,0.867188
7750,0.973373,0.851562,0.851562
7751,0.973255,0.882812,0.882812
7752,0.973196,0.890625,0.890625
7753,0.973298,0.906250,0.906250
7754,0.973298,0.851562,0.851562
7755,0.973298,0.875000,0.882812
7756,0.973298,0.820312,0.820312
7757,0.973297,0.890625,0.890625
7758,0.973297,0.859375,0.875000
7759,0.973297,0.867188,0.867188
7760,0.973297,0.859375,0.859375
7761,0.973297,0.937500,0.937500
7762,0.973297,0.843750,0.843750
7763,0.973082,0.898438,0.906250
7764,0.973297,0.875000,0.875000
7765,0.973298,0.914062,0.914062
7766,0.973257,0.859375,0.859375
7767,0.973298,0.875000,0.882812
7768,0.973298,0.882812,0.882812
7769,0.973123,0.898438,0.898438
7770,0.973298,0.890625,0.890625
7771,0.973253,0.859375,0.859375
7772,0.973298,0.867188,0.867188
7773,0.973075,0.875000,0.882812
7774,0.973298,0.804688,0.804688
7775,0.973298,0.875000,0.875000
7776,0.973298,0.898438,0.898438
7777,0.973298,0.890625,0.890625
7778,0.973298,0.859375,0.859375
7779,0.973280,0.867188,0.867188
7780,0.973299,0.875000,0.882812
7781,0.973299,0.890625,0.890625
7782,0.973299,0.851562,0.859375
7783,0.973299,0.835938,0.835938
7784,0.973299,0.851562,0.851562
7785,0.973299,0.875000,0.875000
7786,0.973299,0.843750,0.843750
7787,0.973299,0.898438,0.898438
7788,0.973299,0.843750,0.843750
7789,0.973142,0.882812,0.882812
7790,0.973299,0.875000,0.875000
7791,0.973299,0.882812,0.890625
7792,0.973299,0.828125,0.828125
7793,0.973298,0.796875,0.812500
7794,0.973298,0.828125,0.835938
7795,0.973298,0.804688,0.820312
7796,0.973298,0.890625,0.890625
7797,0.973298,0.859375,0.875000
7798,0.973298,0.851562,0.851562
7799,0.973275,0.867188,0.867188
7800,0.973298,0.867188,0.875000
7801,0.973223,0.906250,0.906250
7802,0.973223,0.828125,0.835938
7803,0.973245,0.851562,0.851562
7804,0.973226,0.789062,0.789062
7805,0.973223,0.828125,0.835938
7806,0.973223,0.890625,0.890625
7807,0.973224,0.859375,0.859375
7808,0.973224,0.835938,0.843750
7809,0.973224,0.796875,0.812500
7810,0.973224,0.851562,0.851562
7811,0.973224,0.890625,0.890625
7812,0.973224,0.882812,0.890625
7813,0.973224,0.843750,0.843750
7814,0.973224,0.867188,0.867188
7815,0.973224,0.859375,0.867188
7816,0.973224,0.835938,0.835938
7817,0.973224,0.867188,0.867188
7818,0.973224,0.906250,0.906250
7819,0.973225,0.835938,0.835938
7820,0.973225,0.843750,0.843750
7821,0.973225,0.828125,0.828125
7822,0.973225,0.851562,0.859375
7823,0.973225,0.875000,0.875000
7824,0.964457,0.867188,0.867188
7825,0.973042,0.929688,0.929688
7826,0.973223,0.890625,0.890625
7827,0.973223,0.765625,0.765625
7828,0.973223,0.882812,0.882812
7829,0.973223,0.835938,0.835938
7830,0.973223,0.851562,0.851562
7831,0.973223,0.875000,0.882812
7832,0.973223,0.812500,0.820312
7833,0.973207,0.820312,0.820312
7834,0.973224,0.828125,0.828125
7835,0.973224,0.867188,0.867188
7836,0.973223,0.828125,0.835938
7837,0.973223,0.843750,0.843750
7838,0.973223,0.867188,0.867188
7839,0.973223,0.867188,0.875000
7840,0.973222,0.890625,0.890625
7841,0.972998,0.875000,0.875000
7842,0.973222,0.804688,0.812500
7843,0.973221,0.914062,0.914062
7844,0.973221,0.851562,0.859375
7845,0.973220,0.867188,0.875000
7846,0.973220,0.890625,0.890625
7847,0.973219,0.843750,0.843750
7848,0.973179,0.898438,0.898438
7849,0.973218,0.914062,0.921875
7850,0.973217,0.890625,0.890625
7851,0.973142,0.828125,0.828125
7852,0.973141,0.851562,0.851562
7853,0.973141,0.875000,0.875000
7854,0.973140,0.898438,0.898438
7855,0.973140,0.882812,0.882812
7856,0.973139,0.890625,0.898438
7857,0.973139,0.914062,0.914062
7858,0.973139,0.875000,0.875000
7859,0.973138,0.867188,0.867188
7860,0.973138,0.906250,0.906250
7861,0.973138,0.882812,0.882812
7862,0.973137,0.890625,0.898438
7863,0.973137,0.890625,0.890625
7864,0.973137,0.898438,0.898438
7865,0.973137,0.937500,0.937500
7866,0.973137,0.875000,0.882812
7867,0.973136,0.898438,0.898438
7868,0.973136,0.906250,0.906250
7869,0.973136,0.859375,0.859375
7870,0.973136,0.890625,0.890625
7871,0.973136,0.906250,0.906250
7872,0.973136,0.890625,0.890625
7873,0.973136,0.906250,0.906250
7874,0.973135,0.890625,0.890625
7875,0.973128,0.921875,0.921875
7876,0.973135,0.898438,0.906250
7877,0.973135,0.898438,0.898438
7878,0.973156,0.906250,0.906250
7879,0.973135,0.906250,0.914062
7880,0.973135,0.898438,0.898438
7881,0.973135,0.929688,0.929688
7882,0.973135,0.890625,0.890625
7883,0.973135,0.843750,0.843750
7884,0.973135,0.921875,0.921875
7885,0.973135,0.945312,0.945312
7886,0.973135,0.867188,0.867188
7887,0.973135,0.921875,0.929688
7888,0.973135,0.859375,0.859375
7889,0.973134,0.859375,0.859375
7890,0.973134,0.921875,0.921875
7891,0.972966,0.937500,0.937500
7892,0.973134,0.953125,0.953125
7893,0.973134,0.921875,0.929688
7894,0.964872,0.921875,0.929688
7895,0.973125,0.906250,0.914062
7896,0.972897,0.898438,0.898438
7897,0.973068,0.937500,0.937500
7898,0.973102,0.976562,0.976562
7899,0.973095,0.960938,0.960938
7900,0.973090,0.937500,0.953125
7901,0.973010,0.992188,0.992188
7902,0.973006,0.968750,0.976562
7903,0.973002,0.968750,0.968750
7904,0.972999,1.000000,1.000000
7905,0.972995,0.953125,0.960938
7906,0.972993,0.968750,0.976562
7907,0.972990,0.992188,0.992188
7908,0.972988,0.960938,0.960938
7909,0.972986,0.968750,0.968750
7910,0.972984,0.984375,0.992188
7911,0.972983,0.984375,0.984375
7912,0.972779,0.976562,0.976562
7913,0.972958,0.960938,0.960938
7914,0.972979,0.968750,0.976562
7915,0.972978,0.992188,0.992188
7916,0.972977,0.976562,0.976562
7917,0.972976,0.984375,0.984375
7918,0.972975,0.984375,0.984375
7919,0.972945,0.968750,0.976562
7920,0.972974,0.992188,0.992188
7921,0.972973,0.976562,0.976562
7922,0.972972,0.945312,0.953125
7923,0.972972,0.984375,0.984375
7924,0.972972,0.992188,0.992188
7925,0.972971,0.976562,0.976562
7926,0.972971,0.984375,0.984375
7927,0.972971,0.992188,0.992188
7928,0.972970,0.992188,0.992188
7929,0.972970,0.968750,0.968750
7930,0.972970,0.976562,0.976562
7931,0.972970,0.984375,0.984375
7932,0.972969,0.992188,0.992188
7933,0.972969,0.992188,0.992188
7934,0.972969,0.968750,0.968750
7935,0.972969,0.992188,0.992188
7936,0.972969,0.976562,0.976562
7937,0.972969,0.976562,0.976562
7938,0.972969,0.976562,0.976562
7939,0.972969,0.992188,0.992188
7940,0.972968,0.976562,0.984375
7941,0.972968,0.992188,0.992188
7942,0.972968,0.992188,0.992188
7943,0.972968,0.992188,0.992188
7944,0.972968,0.953125,0.953125
7945,0.972954,0.992188,0.992188
7946,0.972951,0.976562,0.984375
7947,0.972968,1.000000,1.000000
7948,0.972968,0.968750,0.968750
7949,0.972968,0.976562,0.984375
7950,0.972968,0.968750,0.976562
7951,0.972893,1.000000,1.000000
7952,0.972893,0.976562,0.984375
7953,0.972893,0.992188,1.000000
7954,0.972893,0.984375,0.992188
7955,0.972893,0.976562,0.976562
7956,0.972893,0.992188,1.000000
7957,0.972854,0.976562,0.976562
7958,0.972893,0.992188,0.992188
7959,0.972893,0.984375,0.984375
7960,0.972893,0.992188,0.992188
7961,0.972731,0.976562,0.976562
7962,0.972893,0.984375,0.984375
7963,0.972893,0.984375,0.984375
7964,0.972893,0.976562,0.984375
7965,0.972892,0.968750,0.968750
7966,0.972893,0.976562,0.976562
7967,0.972892,0.960938,0.960938
7968,0.972893,0.984375,0.984375
7969,0.972892,0.968750,0.968750
7970,0.972892,0.984375,0.984375
7971,0.972892,0.984375,0.984375
7972,0.972892,1.000000,1.000000
7973,0.972892,0.984375,0.984375
7974,0.972892,0.984375,0.984375
7975,0.972892,0.984375,0.984375
7976,0.972892,0.992188,0.992188
7977,0.972892,0.984375,0.984375
7978,0.972892,0.968750,0.968750
7979,0.972892,0.984375,0.984375
7980,0.972849,0.992188,0.992188
7981,0.972892,0.976562,0.984375
7982,0.972892,0.992188,0.992188
7983,0.972892,0.984375,0.984375
7984,0.972892,0.976562,0.976562
7985,0.972892,0.968750,0.968750
7986,0.972892,0.992188,0.992188
7987,0.972892,0.984375,0.984375
7988,0.972892,0.984375,0.984375
7989,0.972854,1.000000,1.000000
7990,0.972892,0.968750,0.968750
7991,0.972892,0.992188,0.992188
7992,0.972892,0.992188,0.992188
7993,0.972771,0.992188,0.992188
7994,0.972892,0.992188,0.992188
7995,0.972892,0.953125,0.960938
7996,0.972892,0.992188,0.992188
7997,0.972892,0.992188,1.000000
7998,0.972892,0.992188,0.992188
7999,0.972892,1.000000,1.000000
8000,0.972893,0.984375,0.984375
8001,0.972788,0.984375,0.984375
8002,0.972807,0.984375,0.984375
8003,0.972788,0.984375,0.984375
8004,0.972787,0.960938,0.968750
8005,0.972788,0.984375,0.984375
8006,0.972788,0.984375,0.984375
8007,0.972788,0.976562,0.976562
8008,0.972788,0.984375,0.984375
8009,0.972788,0.984375,0.992188
8010,0.972788,0.984375,0.984375
8011,0.972589,1.000000,1.000000
8012,0.972788,0.984375,0.992188
8013,0.972788,0.992188,0.992188
8014,0.972787,0.992188,1.000000
8015,0.972766,0.976562,0.976562
8016,0.972787,0.984375,0.984375
8017,0.972787,0.992188,0.992188
8018,0.972787,0.992188,0.992188
8019,0.972787,0.984375,0.984375
8020,0.972787,0.984375,0.992188
8021,0.972787,0.992188,0.992188
8022,0.972787,0.984375,0.984375
8023,0.972787,0.976562,0.976562
8024,0.972589,0.992188,0.992188
8025,0.972787,0.976562,0.976562
8026,0.972787,0.992188,0.992188
8027,0.972787,0.968750,0.968750
8028,0.972787,1.000000,1.000000
8029,0.972787,0.968750,0.968750
8030,0.972748,0.976562,0.976562
8031,0.972787,0.976562,0.976562
8032,0.972787,0.992188,0.992188
8033,0.972787,0.984375,0.992188
8034,0.972787,0.992188,1.000000
8035,0.972787,0.992188,0.992188
8036,0.972787,0.976562,0.976562
8037,0.972787,0.960938,0.968750
8038,0.972787,0.992188,0.992188
8039,0.972787,0.984375,1.000000
8040,0.972787,0.960938,0.968750
8041,0.972599,0.960938,0.968750
8042,0.972787,0.984375,0.984375
8043,0.972787,0.992188,0.992188
8044,0.972787,0.976562,0.976562
8045,0.972787,1.000000,1.000000
8046,0.972786,0.945312,0.953125
8047,0.972786,0.992188,0.992188
8048,0.972786,0.968750,0.976562
8049,0.972786,0.992188,1.000000
8050,0.972786,1.000000,1.000000
8051,0.972711,0.984375,0.984375
8052,0.972711,0.968750,0.968750
8053,0.972711,1.000000,1.000000
8054,0.972711,0.976562,0.976562
8055,0.972711,0.992188,0.992188
8056,0.972711,0.968750,0.968750
8057,0.972711,0.992188,0.992188
8058,0.972711,0.960938,0.960938
8059,0.972711,1.000000,1.000000
8060,0.972704,0.992188,0.992188
8061,0.972711,1.000000,1.000000
8062,0.972711,0.984375,0.992188
8063,0.972711,0.976562,0.976562
8064,0.972711,0.984375,0.984375
8065,0.972711,0.992188,0.992188
8066,0.972711,0.968750,0.968750
8067,0.972711,0.968750,0.968750
8068,0.972711,0.984375,0.992188
8069,0.972711,0.968750,0.968750
8070,0.972711,0.992188,0.992188
8071,0.972711,0.992188,0.992188
8072,0.972672,0.976562,0.976562
8073,0.972711,0.992188,0.992188
8074,0.972711,0.976562,0.976562
8075,0.972711,0.992188,1.000000
8076,0.972711,0.984375,0.984375
8077,0.972711,0.984375,0.992188
8078,0.972711,0.968750,0.968750
8079,0.972711,0.992188,0.992188
8080,0.972711,0.976562,0.984375
8081,0.972711,0.992188,0.992188
8082,0.972711,0.976562,0.976562
8083,0.972711,0.968750,0.968750
8084,0.972711,0.960938,0.960938
8085,0.972711,0.976562,0.976562
8086,0.972711,0.992188,0.992188
8087,0.972711,0.992188,0.992188
8088,0.972711,0.976562,0.976562
8089,0.972711,0.992188,0.992188
8090,0.972711,0.968750,0.968750
8091,0.972711,1.000000,1.000000
8092,0.972711,0.968750,0.968750
8093,0.972711,0.976562,0.976562
8094,0.972711,0.976562,0.976562
8095,0.972711,0.984375,0.984375
8096,0.972711,1.000000,1.000000
8097,0.972711,0.976562,0.976562
8098,0.972711,0.992188,0.992188
8099,0.972711,0.984375,0.984375
8100,0.972711,0.992188,0.992188
8101,0.972636,1.000000,1.000000
8102,0.972636,0.976562,0.976562
8103,0.972636,0.984375,0.984375
8104,0.972636,0.984375,0.984375
8105,0.972636,0.984375,0.984375
8106,0.972600,0.992188,0.992188
8107,0.972636,0.960938,0.960938
8108,0.972636,0.992188,0.992188
8109,0.972629,0.992188,0.992188
8110,0.972636,0.960938,0.960938
8111,0.972636,0.968750,0.968750
8112,0.972636,0.976562,0.984375
8113,0.972597,0.984375,0.984375
8114,0.972636,1.000000,1.000000
8115,0.972596,0.968750,0.968750
8116,0.972636,0.992188,0.992188
8117,0.972636,0.984375,0.984375
8118,0.972636,1.000000,1.000000
8119,0.972636,0.960938,0.968750
8120,0.972636,0.976562,0.976562
8121,0.972636,0.984375,0.984375
8122,0.972614,0.968750,0.968750
8123,0.972471,0.968750,0.968750
8124,0.972636,0.976562,0.976562
8125,0.972636,0.984375,0.984375
8126,0.972636,0.968750,0.968750
8127,0.972636,0.976562,0.976562
8128,0.972636,1.000000,1.000000
8129,0.972636,0.992188,0.992188
8130,0.972636,0.976562,0.976562
8131,0.972636,1.000000,1.000000
8132,0.972636,0.992188,0.992188
8133,0.972473,0.984375,0.984375
8134,0.971787,0.984375,0.984375
8135,0.972637,0.992188,0.992188
8136,0.972638,0.976562,0.976562
8137,0.972639,0.992188,0.992188
8138,0.972640,0.984375,0.984375
8139,0.972640,0.968750,0.968750
8140,0.972641,0.968750,0.968750
8141,0.972641,0.984375,0.984375
8142,0.972642,0.992188,0.992188
8143,0.972642,0.976562,0.976562
8144,0.972603,0.968750,0.968750
8145,0.972643,0.968750,0.968750
8146,0.972643,0.992188,0.992188
8147,0.972644,0.960938,0.960938
8148,0.972644,0.984375,0.992188
8149,0.972644,0.976562,0.976562
8150,0.972644,0.976562,0.976562
8151,0.972570,0.992188,0.992188
8152,0.972549,0.984375,0.984375
8153,0.972570,0.992188,0.992188
8154,0.972570,0.968750,0.968750
8155,0.972570,0.984375,0.984375
8156,0.972570,0.992188,0.992188
8157,0.972570,0.976562,0.976562
8158,0.972571,1.000000,1.000000
8159,0.972571,0.968750,0.968750
8160,0.972571,0.960938,0.960938
8161,0.972571,0.984375,0.984375
8162,0.972571,0.984375,0.984375
8163,0.972571,0.960938,0.960938
8164,0.972571,0.976562,0.984375
8165,0.972571,0.992188,1.000000
8166,0.972571,0.976562,0.976562
8167,0.972571,0.984375,0.984375
8168,0.972571,0.992188,0.992188
8169,0.972571,0.984375,0.992188
8170,0.972571,0.960938,0.976562
8171,0.972571,1.000000,1.000000
8172,0.972571,0.968750,0.968750
8173,0.972571,0.976562,0.976562
8174,0.972571,1.000000,1.000000
8175,0.972571,0.984375,0.984375
8176,0.972571,0.976562,0.976562
8177,0.972571,1.000000,1.000000
8178,0.972571,0.984375,0.984375
8179,0.972571,0.976562,0.976562
8180,0.972571,0.976562,0.976562
8181,0.972571,0.968750,0.968750
8182,0.972571,0.992188,1.000000
8183,0.972571,0.960938,0.968750
8184,0.972565,0.992188,0.992188
8185,0.972571,0.992188,0.992188
8186,0.972571,0.992188,0.992188
8187,0.972571,1.000000,1.000000
8188,0.972571,1.000000,1.000000
8189,0.972565,1.000000,1.000000
8190,0.972572,0.984375,0.984375
8191,0.972572,0.976562,0.976562
8192,0.972572,0.984375,0.992188
8193,0.972571,0.992188,0.992188
8194,0.972572,0.976562,0.976562
8195,0.972572,0.976562,0.976562
8196,0.972571,0.992188,0.992188
8197,0.972535,0.992188,0.992188
8198,0.972571,0.945312,0.945312
8199,0.972410,0.992188,0.992188
8200,0.972535,0.984375,0.984375
8201,0.972497,0.960938,0.960938
8202,0.972497,0.968750,0.968750
8203,0.972496,0.960938,0.960938
8204,0.972496,0.984375,0.984375
8205,0.964788,0.992188,0.992188
8206,0.972492,0.992188,0.992188
8207,0.972488,0.984375,0.984375
8208,0.972484,0.992188,0.992188
8209,0.972481,0.992188,0.992188
8210,0.972478,0.992188,0.992188
8211,0.972476,0.992188,0.992188
8212,0.972473,0.968750,0.976562
8213,0.972471,0.984375,0.984375
8214,0.972469,0.976562,0.976562
8215,0.972468,0.976562,0.984375
8216,0.972466,0.984375,0.984375
8217,0.972465,0.984375,0.984375
8218,0.972463,1.000000,1.000000
8219,0.972462,0.984375,0.984375
8220,0.972455,0.976562,0.976562
8221,0.972461,0.984375,0.984375
8222,0.972460,0.992188,0.992188
8223,0.972459,0.960938,0.960938
8224,0.972458,0.992188,0.992188
8225,0.972458,0.984375,0.984375
8226,0.972457,0.960938,0.968750
8227,0.972457,0.992188,0.992188
8228,0.972456,0.976562,0.984375
8229,0.972456,0.968750,0.976562
8230,0.972455,0.968750,0.968750
8231,0.972455,0.992188,0.992188
8232,0.972455,0.960938,0.960938
8233,0.972454,0.992188,0.992188
8234,0.972454,0.976562,0.976562
8235,0.972454,0.992188,0.992188
8236,0.972365,0.984375,0.992188
8237,0.972474,0.960938,0.968750
8238,0.972454,0.984375,0.984375
8239,0.972453,0.984375,0.984375
8240,0.972453,0.968750,0.976562
8241,0.972453,0.992188,0.992188
8242,0.972453,0.976562,0.976562
8243,0.972453,0.976562,0.976562
8244,0.972453,0.992188,0.992188
8245,0.972453,1.000000,1.000000
8246,0.972453,0.976562,0.992188
8247,0.972453,0.992188,0.992188
8248,0.972453,1.000000,1.000000
8249,0.972473,0.984375,0.992188
8250,0.972431,0.992188,1.000000
8251,0.972377,0.992188,1.000000
8252,0.972377,0.992188,1.000000
8253,0.972377,1.000000,1.000000
8254,0.972377,0.984375,0.984375
8255,0.972377,0.984375,0.992188
8256,0.972377,0.984375,0.984375
8257,0.972377,0.992188,0.992188
8258,0.972398,0.984375,0.992188
8259,0.972377,0.992188,0.992188
8260,0.972377,0.945312,0.945312
8261,0.972377,0.976562,0.976562
8262,0.972255,1.000000,1.000000
8263,0.972377,0.976562,0.976562
8264,0.972377,0.984375,0.984375
8265,0.972377,0.984375,0.992188
8266,0.972377,0.953125,0.960938
8267,0.972377,0.960938,0.968750
8268,0.972377,0.953125,0.960938
8269,0.972378,0.984375,0.992188
8270,0.972377,1.000000,1.000000
8271,0.972378,0.976562,0.976562
8272,0.972377,0.992188,0.992188
8273,0.972378,0.976562,0.976562
8274,0.972378,1.000000,1.000000
8275,0.972377,0.960938,0.960938
8276,0.972378,1.000000,1.000000
8277,0.972378,0.976562,0.976562
8278,0.972387,0.976562,0.976562
8279,0.972378,0.968750,0.984375
8280,0.972378,0.976562,0.976562
8281,0.972378,0.984375,0.992188
8282,0.972377,0.960938,0.960938
8283,0.972378,0.976562,0.976562
8284,0.972378,0.976562,0.976562
8285,0.972377,0.968750,0.976562
8286,0.972378,0.984375,0.992188
8287,0.972378,0.984375,0.984375
8288,0.972378,0.984375,0.984375
8289,0.972378,0.984375,0.984375
8290,0.972307,0.984375,0.984375
8291,0.972378,0.976562,0.976562
8292,0.972378,0.976562,0.976562
8293,0.972378,0.984375,0.992188
8294,0.972339,0.984375,0.992188
8295,0.972400,1.000000,1.000000
8296,0.972378,0.984375,0.984375
8297,0.972378,0.992188,0.992188
8298,0.972170,0.968750,0.968750
8299,0.972377,0.968750,0.968750
8300,0.972377,0.992188,0.992188
8301,0.972303,0.960938,0.960938
8302,0.972303,1.000000,1.000000
8303,0.972080,1.000000,1.000000
8304,0.972302,1.000000,1.000000
8305,0.972302,0.984375,0.992188
8306,0.972302,0.992188,0.992188
8307,0.972302,0.992188,0.992188
8308,0.972302,1.000000,1.000000
8309,0.972302,0.976562,0.976562
8310,0.972280,0.976562,0.976562
8311,0.972302,0.968750,0.976562
8312,0.972263,0.992188,0.992188
8313,0.972302,0.984375,0.984375
8314,0.972302,1.000000,1.000000
8315,0.972302,0.976562,0.984375
8316,0.972302,0.992188,0.992188
8317,0.972170,0.984375,0.984375
8318,0.972301,1.000000,1.000000
8319,0.972301,0.992188,1.000000
8320,0.972301,0.976562,0.976562
8321,0.972301,0.984375,0.984375
8322,0.972301,0.976562,0.976562
8323,0.972301,0.984375,0.984375
8324,0.972295,0.976562,0.976562
8325,0.972301,0.984375,0.992188
8326,0.972301,1.000000,1.000000
8327,0.972301,0.976562,0.976562
8328,0.972301,0.984375,0.984375
8329,0.972301,0.984375,0.984375
8330,0.972279,0.976562,0.984375
8331,0.972301,0.992188,0.992188
8332,0.972301,0.984375,0.984375
8333,0.972301,1.000000,1.000000
8334,0.972301,0.976562,0.976562
8335,0.972301,0.984375,0.992188
8336,0.972301,0.984375,0.984375
8337,0.972301,0.984375,0.984375
8338,0.972321,0.992188,0.992188
8339,0.972301,0.992188,0.992188
8340,0.972301,0.968750,0.968750
8341,0.972301,0.984375,0.984375
8342,0.972301,0.984375,0.984375
8343,0.972301,0.968750,0.976562
8344,0.972097,0.992188,0.992188
8345,0.972301,0.984375,0.992188
8346,0.972301,0.984375,0.984375
8347,0.972301,0.976562,0.976562
8348,0.972301,0.976562,0.976562
8349,0.972301,0.984375,0.984375
8350,0.972301,0.960938,0.968750
8351,0.972226,0.968750,0.968750
8352,0.972226,0.984375,0.984375
8353,0.972205,0.992188,1.000000
8354,0.972226,0.968750,0.968750
8355,0.972226,0.984375,0.984375
8356,0.972226,1.000000,1.000000
8357,0.972226,0.984375,0.984375
8358,0.972226,0.976562,0.976562
8359,0.972226,0.992188,0.992188
8360,0.972020,0.984375,0.984375
8361,0.972226,0.984375,0.984375
8362,0.972226,0.992188,0.992188
8363,0.972017,0.968750,0.968750
8364,0.972226,1.000000,1.000000
8365,0.972226,0.984375,0.984375
8366,0.972226,0.984375,0.992188
8367,0.972226,1.000000,1.000000
8368,0.972226,0.992188,0.992188
8369,0.972226,0.992188,0.992188
8370,0.972226,0.976562,0.976562
8371,0.972226,1.000000,1.000000
8372,0.972226,0.984375,0.984375
8373,0.972226,0.984375,0.984375
8374,0.972226,0.968750,0.968750
8375,0.972060,0.976562,0.976562
8376,0.972226,0.976562,0.984375
8377,0.972226,0.984375,0.984375
8378,0.972226,0.960938,0.976562
8379,0.972226,1.000000,1.000000
8380,0.972226,1.000000,1.000000
8381,0.972226,0.984375,0.984375
8382,0.972226,0.984375,0.984375
8383,0.972187,0.992188,1.000000
8384,0.972226,0.992188,0.992188
8385,0.972226,0.984375,0.984375
8386,0.972226,0.984375,0.992188
8387,0.972226,0.992188,0.992188
8388,0.972226,0.992188,0.992188
8389,0.972226,0.976562,0.984375
8390,0.972226,0.976562,0.976562
8391,0.972226,0.968750,0.968750
8392,0.972226,1.000000,1.000000
8393,0.972226,0.976562,0.984375
8394,0.972226,0.968750,0.976562
8395,0.972226,0.976562,0.976562
8396,0.972226,0.968750,0.968750
8397,0.972226,0.976562,0.992188
8398,0.972226,0.976562,0.976562
8399,0.972226,0.984375,0.984375
8400,0.972226,0.992188,0.992188
8401,0.972121,0.960938,0.968750
8402,0.972121,0.960938,0.968750
8403,0.972121,0.984375,0.984375
8404,0.972121,0.976562,0.976562
8405,0.972091,0.992188,0.992188
8406,0.972121,0.992188,0.992188
8407,0.971871,0.968750,0.968750
8408,0.971892,0.984375,0.992188
8409,0.972121,0.992188,0.992188
8410,0.972121,1.000000,1.000000
8411,0.972121,0.984375,0.984375
8412,0.972121,0.984375,0.984375
8413,0.972121,0.992188,0.992188
8414,0.972121,0.976562,0.976562
8415,0.972100,0.984375,0.984375
8416,0.972121,0.992188,0.992188
8417,0.972099,0.992188,0.992188
8418,0.972121,1.000000,1.000000
8419,0.972121,0.960938,0.968750
8420,0.972121,0.976562,0.976562
8421,0.972121,0.976562,0.976562
8422,0.972121,0.984375,0.992188
8423,0.972121,0.984375,0.984375
8424,0.972121,0.992188,0.992188
8425,0.972121,0.992188,0.992188
8426,0.972121,0.992188,1.000000
8427,0.972121,0.992188,0.992188
8428,0.972121,0.984375,0.984375
8429,0.972121,0.992188,0.992188
8430,0.972121,0.992188,0.992188
8431,0.972121,0.984375,0.984375
8432,0.972083,0.976562,0.976562
8433,0.972121,0.960938,0.960938
8434,0.972121,0.976562,0.984375
8435,0.972121,0.992188,0.992188
8436,0.972121,0.960938,0.960938
8437,0.972121,0.968750,0.968750
8438,0.972140,0.976562,0.976562
8439,0.972121,0.976562,0.976562
8440,0.972121,1.000000,1.000000
8441,0.972141,0.976562,0.976562
8442,0.972121,0.984375,0.984375
8443,0.972121,0.976562,0.984375
8444,0.971916,0.992188,0.992188
8445,0.972121,0.945312,0.960938
8446,0.972121,0.992188,0.992188
8447,0.972121,0.984375,0.984375
8448,0.972120,0.960938,0.960938
8449,0.972121,0.984375,0.984375
8450,0.972121,1.000000,1.000000
8451,0.972046,0.992188,0.992188
8452,0.972046,1.000000,1.000000
8453,0.972024,0.992188,0.992188
8454,0.972046,0.992188,0.992188
8455,0.972046,0.976562,0.984375
8456,0.972046,0.976562,0.984375
8457,0.972017,0.992188,1.000000
8458,0.972066,0.992188,1.000000
8459,0.972046,0.992188,0.992188
8460,0.972046,0.992188,0.992188
8461,0.972046,0.992188,0.992188
8462,0.972046,1.000000,1.000000
8463,0.972046,0.976562,0.976562
8464,0.972046,0.984375,0.984375
8465,0.972046,0.984375,0.984375
8466,0.972046,0.984375,0.984375
8467,0.972046,0.976562,0.992188
8468,0.972046,0.984375,0.984375
8469,0.972046,0.984375,0.984375
8470,0.972046,1.000000,1.000000
8471,0.972046,0.968750,0.968750
8472,0.972046,0.984375,0.984375
8473,0.972046,0.984375,0.992188
8474,0.972046,0.992188,0.992188
8475,0.972046,0.984375,0.992188
8476,0.972007,0.976562,0.984375
8477,0.972046,0.992188,0.992188
8478,0.972046,1.000000,1.000000
8479,0.972046,0.976562,0.976562
8480,0.972046,0.992188,0.992188
8481,0.972046,0.976562,0.976562
8482,0.972046,0.984375,0.984375
8483,0.972006,0.976562,0.984375
8484,0.972006,0.968750,0.968750
8485,0.972046,0.984375,0.984375
8486,0.972046,0.992188,0.992188
8487,0.971854,0.968750,0.976562
8488,0.972046,0.992188,0.992188
8489,0.972046,0.976562,0.976562
8490,0.972046,0.984375,0.992188
8491,0.972045,1.000000,1.000000
8492,0.972054,0.992188,0.992188
8493,0.972045,0.968750,0.976562
8494,0.972047,0.984375,0.984375
8495,0.972045,0.968750,0.968750
8496,0.972045,0.976562,0.976562
8497,0.972045,0.945312,0.945312
8498,0.972045,0.992188,0.992188
8499,0.972045,0.992188,0.992188
8500,0.972045,0.984375,0.984375
8501,0.971970,0.992188,0.992188
8502,0.971970,0.984375,0.984375
8503,0.971970,0.960938,0.968750
8504,0.971970,1.000000,1.000000
8505,0.971970,1.000000,1.000000
8506,0.971970,0.992188,0.992188
8507,0.971970,0.976562,0.984375
8508,0.971991,0.968750,0.968750
8509,0.971970,1.000000,1.000000
8510,0.971970,0.984375,0.984375
8511,0.971929,0.960938,0.960938
8512,0.971970,0.992188,0.992188
8513,0.971970,0.992188,0.992188
8514,0.971970,0.992188,1.000000
8515,0.971970,0.984375,0.984375
8516,0.971970,0.960938,0.976562
8517,0.971970,0.984375,0.984375
8518,0.971970,0.984375,0.984375
8519,0.971970,1.000000,1.000000
8520,0.971970,0.984375,0.984375
8521,0.971764,0.992188,1.000000
8522,0.971970,0.992188,0.992188
8523,0.971970,0.984375,0.984375
8524,0.971970,0.984375,0.984375
8525,0.971970,0.992188,0.992188
8526,0.971970,0.992188,0.992188
8527,0.971933,0.976562,0.976562
8528,0.971970,0.976562,0.976562
8529,0.971970,0.992188,0.992188
8530,0.971970,0.960938,0.968750
8531,0.971970,0.984375,0.984375
8532,0.971964,0.976562,0.984375
8533,0.971970,0.984375,0.992188
8534,0.971934,0.992188,0.992188
8535,0.971845,0.992188,0.992188
8536,0.971970,0.984375,0.992188
8537,0.971970,0.984375,0.984375
8538,0.971971,0.992188,0.992188
8539,0.971931,1.000000,1.000000
8540,0.971971,1.000000,1.000000
8541,0.971971,0.992188,0.992188
8542,0.971971,0.960938,0.960938
8543,0.971971,0.992188,0.992188
8544,0.971971,0.976562,0.976562
8545,0.971971,0.992188,0.992188
8546,0.971971,0.968750,0.968750
8547,0.971971,0.992188,0.992188
8548,0.971768,1.000000,1.000000
8549,0.971971,0.992188,0.992188
8550,0.971933,0.968750,0.976562
8551,0.971896,0.984375,0.984375
8552,0.971896,0.984375,0.984375
8553,0.971896,1.000000,1.000000
8554,0.971896,1.000000,1.000000
8555,0.971896,0.953125,0.953125
8556,0.971896,0.992188,0.992188
8557,0.971896,0.968750,0.968750
8558,0.971896,0.976562,0.984375
8559,0.971896,0.937500,0.945312
8560,0.971896,0.992188,0.992188
8561,0.971896,0.992188,0.992188
8562,0.971889,0.984375,0.992188
8563,0.971896,0.992188,0.992188
8564,0.971896,0.976562,0.984375
8565,0.971896,0.992188,1.000000
8566,0.971896,0.960938,0.976562
8567,0.971896,0.984375,0.984375
8568,0.971896,0.984375,0.984375
8569,0.971896,0.976562,0.976562
8570,0.971896,0.992188,0.992188
8571,0.971896,0.984375,0.984375
8572,0.971896,0.953125,0.960938
8573,0.971896,0.984375,0.984375
8574,0.971896,1.000000,1.000000
8575,0.971896,0.976562,0.976562
8576,0.971648,0.976562,0.976562
8577,0.971893,0.992188,0.992188
8578,0.971896,0.960938,0.960938
8579,0.971896,1.000000,1.000000
8580,0.971896,0.992188,0.992188
8581,0.971896,0.976562,0.976562
8582,0.971896,1.000000,1.000000
8583,0.971896,0.976562,0.984375
8584,0.971896,0.992188,0.992188
8585,0.971896,0.984375,0.984375
8586,0.971896,0.984375,0.984375
8587,0.971896,0.984375,0.984375
8588,0.971896,0.984375,0.984375
8589,0.971896,0.976562,0.976562
8590,0.971896,0.992188,0.992188
8591,0.971896,0.992188,0.992188
8592,0.971896,0.984375,0.984375
8593,0.971896,1.000000,1.000000
8594,0.971896,1.000000,1.000000
8595,0.971896,0.960938,0.968750
8596,0.971710,0.992188,0.992188
8597,0.971896,0.984375,0.984375
8598,0.971906,0.984375,0.984375
8599,0.971896,0.976562,0.976562
8600,0.971896,0.992188,0.992188
8601,0.971821,0.953125,0.960938
8602,0.971821,1.000000,1.000000
8603,0.971821,1.000000,1.000000
8604,0.971821,0.992188,0.992188
8605,0.971821,0.953125,0.953125
8606,0.971725,1.000000,1.000000
8607,0.971821,0.976562,0.984375
8608,0.971821,1.000000,1.000000
8609,0.971821,0.968750,0.968750
8610,0.971580,0.945312,0.945312
8611,0.971821,0.976562,0.976562
8612,0.971821,0.953125,0.953125
8613,0.971821,1.000000,1.000000
8614,0.971821,0.984375,0.984375
8615,0.971821,0.992188,0.992188
8616,0.971821,0.968750,0.968750
8617,0.971806,0.992188,0.992188
8618,0.971821,0.992188,0.992188
8619,0.971821,0.992188,0.992188
8620,0.971821,0.992188,0.992188
8621,0.971821,0.968750,0.976562
8622,0.971615,1.000000,1.000000
8623,0.971821,0.992188,0.992188
8624,0.971821,0.984375,0.984375
8625,0.971821,0.984375,0.984375
8626,0.971821,0.992188,0.992188
8627,0.971821,0.992188,1.000000
8628,0.971821,0.976562,0.976562
8629,0.971821,0.984375,0.984375
8630,0.971821,0.992188,0.992188
8631,0.971821,0.968750,0.976562
8632,0.971821,0.960938,0.960938
8633,0.971821,0.976562,0.984375
8634,0.971821,0.968750,0.968750
8635,0.971821,0.968750,0.968750
8636,0.971821,0.992188,0.992188
8637,0.971821,0.976562,0.976562
8638,0.964102,0.984375,0.984375
8639,0.971834,0.984375,0.984375
8640,0.971834,0.992188,0.992188
8641,0.971839,0.968750,0.976562
8642,0.971844,0.976562,0.976562
8643,0.971848,0.976562,0.976562
8644,0.971852,0.968750,0.976562
8645,0.971855,0.984375,0.992188
8646,0.971859,0.953125,0.953125
8647,0.971861,0.960938,0.960938
8648,0.971864,0.976562,0.976562
8649,0.971804,0.992188,0.992188
8650,0.971868,0.976562,0.976562
8651,0.971795,0.992188,0.992188
8652,0.971797,0.992188,0.992188
8653,0.971757,0.984375,0.984375
8654,0.971799,0.968750,0.968750
8655,0.971801,0.984375,0.984375
8656,0.971802,0.976562,0.976562
8657,0.971802,0.945312,0.945312
8658,0.971803,0.992188,0.992188
8659,0.971804,0.976562,0.976562
8660,0.971805,0.960938,0.960938
8661,0.971765,0.976562,0.976562
8662,0.971806,0.984375,0.984375
8663,0.971806,0.992188,1.000000
8664,0.971806,0.953125,0.953125
8665,0.971806,0.953125,0.953125
8666,0.971807,1.000000,1.000000
8667,0.971807,0.968750,0.968750
8668,0.971785,0.960938,0.960938
8669,0.971807,0.992188,0.992188
8670,0.971591,0.953125,0.953125
8671,0.971808,0.976562,0.976562
8672,0.971808,0.968750,0.968750
8673,0.971808,0.992188,0.992188
8674,0.971808,0.968750,0.968750
8675,0.971808,0.984375,0.984375
8676,0.971808,0.984375,0.984375
8677,0.971808,0.992188,0.992188
8678,0.971808,0.992188,0.992188
8679,0.971808,0.984375,0.984375
8680,0.971808,0.984375,0.984375
8681,0.971786,0.976562,0.976562
8682,0.971808,0.960938,0.960938
8683,0.971808,0.968750,0.968750
8684,0.971808,0.976562,0.976562
8685,0.971808,0.992188,0.992188
8686,0.971808,0.976562,0.976562
8687,0.971808,0.968750,0.968750
8688,0.971808,0.960938,0.960938
8689,0.971808,0.953125,0.953125
8690,0.971808,0.992188,0.992188
8691,0.971808,0.976562,0.976562
8692,0.971808,0.984375,0.984375
8693,0.971808,0.945312,0.945312
8694,0.971808,0.968750,0.968750
8695,0.971808,0.992188,0.992188
8696,0.971808,0.976562,0.976562
8697,0.971808,0.968750,0.976562
8698,0.971808,0.976562,0.984375
8699,0.971808,0.960938,0.960938
8700,0.971808,0.968750,0.976562
8701,0.971711,0.976562,0.976562
8702,0.971733,0.960938,0.960938
8703,0.971733,0.984375,0.984375
8704,0.971733,0.976562,0.976562
8705,0.971733,0.992188,0.992188
8706,0.971733,0.968750,0.968750
8707,0.971733,0.984375,0.984375
8708,0.971733,0.976562,0.984375
8709,0.971733,0.960938,0.960938
8710,0.971733,0.960938,0.960938
8711,0.971733,0.953125,0.960938
8712,0.971733,0.984375,0.984375
8713,0.971733,0.968750,0.968750
8714,0.971733,0.992188,0.992188
8715,0.971733,0.984375,0.984375
8716,0.971565,0.984375,0.984375
8717,0.971733,0.976562,0.984375
8718,0.971733,0.992188,0.992188
8719,0.971733,0.992188,0.992188
8720,0.971733,0.984375,0.992188
8721,0.971733,0.960938,0.968750
8722,0.971733,0.976562,0.976562
8723,0.971733,0.968750,0.968750
8724,0.971733,0.992188,0.992188
8725,0.971733,0.976562,0.976562
8726,0.971733,0.976562,0.976562
8727,0.971733,0.937500,0.937500
8728,0.971733,0.976562,0.976562
8729,0.971733,0.968750,0.976562
8730,0.971733,0.992188,0.992188
8731,0.971733,0.976562,0.976562
8732,0.971703,0.968750,0.976562
8733,0.971733,0.968750,0.968750
8734,0.971669,0.976562,0.984375
8735,0.971733,0.984375,0.984375
8736,0.971739,0.968750,0.968750
8737,0.971733,0.976562,0.976562
8738,0.971733,0.960938,0.960938
8739,0.971733,0.968750,0.968750
8740,0.971733,0.960938,0.960938
8741,0.971733,0.968750,0.968750
8742,0.971733,0.992188,0.992188
8743,0.971733,0.968750,0.968750
8744,0.971733,0.992188,0.992188
8745,0.971733,0.953125,0.953125
8746,0.971733,0.992188,0.992188
8747,0.971733,0.960938,0.960938
8748,0.971733,0.976562,0.976562
8749,0.971733,0.976562,0.976562
8750,0.971521,0.976562,0.976562
8751,0.971658,0.976562,0.976562
8752,0.971658,0.960938,0.960938
8753,0.971658,0.984375,0.992188
8754,0.971658,0.960938,0.960938
8755,0.971658,0.992188,0.992188
8756,0.971667,0.992188,0.992188
8757,0.971658,1.000000,1.000000
8758,0.971658,0.984375,0.984375
8759,0.971658,0.953125,0.953125
8760,0.971658,0.984375,0.984375
8761,0.971658,0.992188,0.992188
8762,0.971656,0.992188,0.992188
8763,0.971658,0.968750,0.968750
8764,0.971658,0.968750,0.968750
8765,0.971658,0.968750,0.968750
8766,0.971658,0.984375,0.992188
8767,0.971659,0.984375,0.984375
8768,0.971658,0.945312,0.953125
8769,0.971614,0.976562,0.976562
8770,0.971659,0.976562,0.976562
8771,0.971658,0.953125,0.953125
8772,0.971659,0.976562,0.976562
8773,0.971659,0.945312,0.945312
8774,0.971659,0.984375,0.984375
8775,0.971659,0.968750,0.968750
8776,0.971659,0.968750,0.968750
8777,0.971659,0.976562,0.984375
8778,0.971659,0.984375,0.984375
8779,0.971659,0.984375,0.984375
8780,0.971659,0.968750,0.968750
8781,0.971659,0.976562,0.984375
8782,0.971659,0.976562,0.976562
8783,0.971659,0.984375,0.984375
8784,0.971659,0.976562,0.976562
8785,0.971659,0.968750,0.968750
8786,0.971659,0.976562,0.976562
8787,0.971659,0.992188,0.992188
8788,0.971659,0.984375,0.984375
8789,0.971659,0.976562,0.976562
8790,0.971659,0.984375,0.984375
8791,0.971659,0.992188,0.992188
8792,0.971659,0.976562,0.976562
8793,0.971659,0.992188,0.992188
8794,0.971659,0.992188,0.992188
8795,0.971659,0.960938,0.968750
8796,0.971679,0.984375,0.984375
8797,0.971659,0.976562,0.976562
8798,0.971659,0.960938,0.968750
8799,0.971659,0.992188,0.992188
8800,0.971659,0.945312,0.945312
8801,0.971554,0.968750,0.968750
8802,0.971554,1.000000,1.000000
8803,0.971554,0.984375,0.984375
8804,0.971554,0.968750,0.968750
8805,0.971554,0.984375,0.984375
8806,0.971554,0.984375,0.984375
8807,0.971554,1.000000,1.000000
8808,0.971554,0.968750,0.968750
8809,0.971554,0.976562,0.976562
8810,0.971554,0.968750,0.968750
8811,0.971554,0.960938,0.960938
8812,0.971554,1.000000,1.000000
8813,0.971555,0.984375,0.984375
8814,0.971555,0.984375,0.984375
8815,0.971555,0.984375,0.984375
8816,0.971555,0.984375,0.984375
8817,0.971555,0.960938,0.960938
8818,0.971555,0.984375,0.984375
8819,0.971555,0.984375,0.984375
8820,0.971555,0.937500,0.937500
8821,0.971384,0.976562,0.976562
8822,0.971555,0.968750,0.968750
8823,0.971555,0.984375,0.984375
8824,0.971555,0.921875,0.929688
8825,0.971555,0.976562,0.976562
8826,0.971555,0.976562,0.976562
8827,0.971555,0.929688,0.929688
8828,0.971385,0.976562,0.984375
8829,0.971555,0.976562,0.976562
8830,0.971555,0.984375,0.984375
8831,0.971555,0.976562,0.984375
8832,0.971533,0.968750,0.968750
8833,0.971555,0.984375,0.984375
8834,0.971555,0.984375,0.984375
8835,0.971555,0.968750,0.968750
8836,0.971555,0.968750,0.968750
8837,0.971555,0.960938,0.960938
8838,0.971555,0.984375,0.984375
8839,0.971555,0.953125,0.953125
8840,0.971555,0.984375,0.984375
8841,0.971555,0.945312,0.945312
8842,0.971555,0.984375,0.984375
8843,0.971555,0.984375,0.984375
8844,0.971555,0.984375,0.984375
8845,0.971565,0.960938,0.960938
8846,0.971555,0.968750,0.968750
8847,0.971555,0.968750,0.968750
8848,0.971555,0.984375,0.984375
8849,0.971555,0.984375,0.984375
8850,0.971555,1.000000,1.000000
8851,0.971480,0.968750,0.968750
8852,0.971480,0.960938,0.960938
8853,0.971480,0.960938,0.968750
8854,0.971465,0.968750,0.968750
8855,0.971480,0.960938,0.968750
8856,0.971480,0.968750,0.968750
8857,0.971480,1.000000,1.000000
8858,0.971481,0.914062,0.929688
8859,0.971481,0.968750,0.968750
8860,0.971481,0.984375,0.984375
8861,0.971481,0.945312,0.945312
8862,0.971262,0.953125,0.953125
8863,0.971481,0.992188,0.992188
8864,0.971269,0.984375,0.984375
8865,0.971481,0.992188,0.992188
8866,0.971474,0.992188,0.992188
8867,0.971481,0.953125,0.953125
8868,0.971481,0.976562,0.976562
8869,0.971481,0.984375,0.984375
8870,0.971481,0.953125,0.953125
8871,0.971481,0.968750,0.968750
8872,0.971440,0.976562,0.976562
8873,0.971482,0.976562,0.976562
8874,0.971266,0.968750,0.976562
8875,0.971482,0.968750,0.968750
8876,0.971459,0.968750,0.968750
8877,0.971482,0.984375,0.984375
8878,0.971482,0.968750,0.968750
8879,0.971452,0.976562,0.976562
8880,0.971482,0.992188,0.992188
8881,0.971482,0.984375,0.984375
8882,0.971482,0.921875,0.921875
8883,0.971504,0.937500,0.945312
8884,0.971482,0.984375,0.984375
8885,0.971482,0.976562,0.976562
8886,0.971482,0.960938,0.960938
8887,0.971483,0.984375,0.984375
8888,0.971483,0.976562,0.976562
8889,0.971483,0.953125,0.953125
8890,0.971483,0.976562,0.976562
8891,0.971475,0.937500,0.937500
8892,0.971483,0.976562,0.976562
8893,0.971483,0.960938,0.960938
8894,0.971483,0.992188,0.992188
8895,0.971483,0.945312,0.945312
8896,0.971481,1.000000,1.000000
8897,0.971483,0.984375,0.984375
8898,0.971483,0.968750,0.976562
8899,0.971483,0.953125,0.953125
8900,0.971441,0.984375,0.992188
8901,0.971408,0.968750,0.968750
8902,0.971408,0.929688,0.929688
8903,0.971408,0.960938,0.960938
8904,0.971408,0.968750,0.968750
8905,0.971408,0.960938,0.968750
8906,0.971408,0.945312,0.945312
8907,0.971408,0.976562,0.976562
8908,0.971408,0.968750,0.968750
8909,0.971408,0.953125,0.953125
8910,0.971408,0.984375,0.984375
8911,0.971408,0.945312,0.953125
8912,0.971408,0.945312,0.953125
8913,0.971408,0.968750,0.968750
8914,0.971409,0.984375,0.984375
8915,0.971409,0.992188,0.992188
8916,0.971409,0.968750,0.968750
8917,0.971409,0.976562,0.976562
8918,0.971409,0.968750,0.968750
8919,0.971407,0.976562,0.976562
8920,0.971409,0.984375,0.984375
8921,0.971409,0.976562,0.976562
8922,0.971409,0.984375,0.992188
8923,0.971409,0.976562,0.976562
8924,0.971409,0.976562,0.976562
8925,0.971391,0.953125,0.960938
8926,0.971409,0.968750,0.968750
8927,0.971409,0.960938,0.960938
8928,0.971409,0.976562,0.976562
8929,0.971409,0.968750,0.968750
8930,0.971409,0.976562,0.976562
8931,0.971635,0.984375,0.984375
8932,0.971409,0.976562,0.976562
8933,0.971409,0.953125,0.953125
8934,0.971408,0.968750,0.968750
8935,0.971408,0.976562,0.976562
8936,0.971408,0.976562,0.976562
8937,0.971407,0.992188,0.992188
8938,0.971407,0.976562,0.984375
8939,0.971407,0.968750,0.968750
8940,0.971194,0.968750,0.968750
8941,0.971385,0.992188,0.992188
8942,0.971407,0.968750,0.976562
8943,0.971407,0.960938,0.976562
8944,0.971407,0.960938,0.960938
8945,0.971408,0.976562,0.976562
8946,0.971408,0.960938,0.960938
8947,0.971408,0.992188,0.992188
8948,0.971408,0.953125,0.953125
8949,0.971408,0.976562,0.976562
8950,0.971408,0.976562,0.976562
8951,0.971333,0.984375,0.984375
8952,0.971333,0.976562,0.976562
8953,0.971333,0.976562,0.976562
8954,0.971333,0.976562,0.976562
8955,0.971311,0.968750,0.968750
8956,0.971334,0.984375,0.984375
8957,0.971334,0.937500,0.945312
8958,0.971334,0.992188,0.992188
8959,0.971334,0.945312,0.953125
8960,0.971334,0.984375,0.984375
8961,0.971334,0.976562,0.976562
8962,0.971334,0.960938,0.960938
8963,0.971334,0.906250,0.906250
8964,0.971334,0.968750,0.968750
8965,0.971334,0.929688,0.929688
8966,0.971334,0.968750,0.968750
8967,0.971123,0.992188,0.992188
8968,0.971335,0.976562,0.976562
8969,0.971335,0.976562,0.984375
8970,0.971335,0.960938,0.960938
8971,0.971335,0.968750,0.968750
8972,0.971335,0.945312,0.945312
8973,0.971335,0.960938,0.960938
8974,0.971335,0.953125,0.953125
8975,0.971335,0.968750,0.968750
8976,0.971335,0.968750,0.968750
8977,0.971335,0.976562,0.976562
8978,0.971335,0.976562,0.976562
8979,0.971335,0.976562,0.976562
8980,0.971335,0.968750,0.968750
8981,0.971206,0.968750,0.968750
8982,0.971335,0.968750,0.968750
8983,0.971335,0.968750,0.968750
8984,0.971335,0.953125,0.953125
8985,0.971558,0.984375,0.984375
8986,0.971335,0.968750,0.968750
8987,0.971335,0.968750,0.968750
8988,0.971336,0.960938,0.960938
8989,0.971336,0.968750,0.968750
8990,0.971336,0.960938,0.960938
8991,0.971336,0.968750,0.976562
8992,0.971336,0.976562,0.976562
8993,0.971123,0.984375,0.984375
8994,0.971336,0.968750,0.968750
8995,0.971296,0.992188,0.992188
8996,0.963676,0.992188,0.992188
8997,0.971337,0.968750,0.968750
8998,0.971337,0.953125,0.953125
8999,0.971338,0.968750,0.968750
9000,0.971338,0.976562,0.976562
9001,0.971264,0.968750,0.968750
9002,0.971264,0.960938,0.968750
9003,0.971264,0.992188,0.992188
9004,0.971265,0.976562,0.984375
9005,0.971286,0.968750,0.968750
9006,0.971265,0.960938,0.968750
9007,0.971265,0.984375,0.984375
9008,0.971265,0.968750,0.968750
9009,0.971265,0.984375,0.984375
9010,0.971265,0.968750,0.968750
9011,0.971265,0.976562,0.976562
9012,0.971265,0.992188,0.992188
9013,0.971265,0.968750,0.968750
9014,0.971223,0.984375,0.992188
9015,0.971265,0.992188,0.992188
9016,0.963548,0.984375,0.992188
9017,0.971264,0.976562,0.976562
9018,0.971284,1.000000,1.000000
9019,0.971263,0.992188,1.000000
9020,0.971262,0.968750,0.968750
9021,0.971261,0.968750,0.976562
9022,0.971260,0.984375,0.984375
9023,0.971260,0.976562,0.976562
9024,0.971259,1.000000,1.000000
9025,0.971259,0.968750,0.968750
9026,0.971258,0.984375,0.984375
9027,0.971257,0.992188,0.992188
9028,0.971257,1.000000,1.000000
9029,0.971256,1.000000,1.000000
9030,0.971256,0.976562,0.976562
9031,0.971255,1.000000,1.000000
9032,0.971255,0.968750,0.976562
9033,0.971254,0.968750,0.968750
9034,0.971254,0.976562,0.992188
9035,0.971254,0.984375,0.992188
9036,0.971253,0.960938,0.960938
9037,0.971253,0.984375,0.984375
9038,0.971253,0.984375,0.992188
9039,0.971252,0.976562,0.976562
9040,0.971252,0.984375,0.992188
9041,0.971251,0.976562,0.976562
9042,0.971251,0.960938,0.960938
9043,0.971251,0.960938,0.968750
9044,0.971251,0.976562,0.976562
9045,0.971028,0.945312,0.953125
9046,0.971250,0.960938,0.960938
9047,0.971250,0.992188,0.992188
9048,0.971250,0.976562,0.976562
9049,0.971250,0.984375,0.984375
9050,0.971250,0.976562,0.976562
9051,0.971174,0.968750,0.968750
9052,0.971174,0.976562,0.976562
9053,0.971174,0.968750,0.968750
9054,0.971174,0.984375,0.992188
9055,0.971174,0.992188,0.992188
9056,0.971174,0.976562,0.976562
9057,0.971174,0.976562,0.976562
9058,0.971174,0.968750,0.968750
9059,0.971132,0.960938,0.960938
9060,0.971173,0.960938,0.968750
9061,0.971173,0.937500,0.945312
9062,0.971173,0.976562,0.976562
9063,0.971173,0.992188,0.992188
9064,0.971173,0.992188,1.000000
9065,0.971173,0.976562,0.976562
9066,0.971173,0.984375,0.984375
9067,0.971173,0.968750,0.968750
9068,0.971173,0.968750,0.968750
9069,0.971173,0.976562,0.976562
9070,0.971173,0.976562,0.984375
9071,0.971173,0.984375,0.992188
9072,0.971173,0.984375,0.984375
9073,0.971173,0.976562,0.976562
9074,0.971172,0.968750,0.976562
9075,0.971172,0.992188,0.992188
9076,0.971172,0.968750,0.968750
9077,0.971172,0.976562,0.976562
9078,0.971172,0.960938,0.960938
9079,0.971193,0.960938,0.976562
9080,0.971182,0.968750,0.984375
9081,0.971172,1.000000,1.000000
9082,0.971172,0.984375,0.984375
9083,0.971172,0.992188,0.992188
9084,0.971172,0.960938,0.960938
9085,0.971172,0.976562,0.976562
9086,0.971172,0.984375,0.984375
9087,0.971172,0.953125,0.953125
9088,0.971172,0.976562,0.992188
9089,0.971172,0.984375,0.984375
9090,0.971172,0.968750,0.976562
9091,0.971172,1.000000,1.000000
9092,0.971172,0.984375,0.984375
9093,0.971172,0.992188,0.992188
9094,0.971120,0.976562,0.976562
9095,0.971172,0.953125,0.953125
9096,0.971172,0.976562,0.976562
9097,0.971172,0.984375,0.984375
9098,0.970999,0.976562,0.976562
9099,0.971172,0.976562,0.976562
9100,0.971172,0.984375,0.984375
9101,0.971097,0.984375,0.992188
9102,0.971097,0.960938,0.960938
9103,0.970954,0.968750,0.976562
9104,0.971097,0.992188,0.992188
9105,0.971097,0.968750,0.968750
9106,0.971097,0.953125,0.960938
9107,0.971097,0.976562,0.976562
9108,0.971097,0.968750,0.968750
9109,0.971097,0.960938,0.968750
9110,0.970922,0.968750,0.968750
9111,0.971097,0.968750,0.968750
9112,0.971097,0.992188,0.992188
9113,0.971097,0.960938,0.960938
9114,0.971097,0.992188,0.992188
9115,0.971098,0.984375,0.984375
9116,0.971098,0.976562,0.976562
9117,0.971098,0.984375,0.992188
9118,0.971098,0.984375,0.984375
9119,0.971098,0.968750,0.968750
9120,0.971098,0.984375,0.984375
9121,0.971098,0.976562,0.976562
9122,0.971098,0.984375,0.984375
9123,0.971053,0.992188,0.992188
9124,0.971090,0.968750,0.968750
9125,0.971098,0.960938,0.960938
9126,0.971098,0.992188,0.992188
9127,0.971098,0.960938,0.984375
9128,0.971098,0.984375,0.992188
9129,0.971118,0.984375,0.984375
9130,0.971098,0.968750,0.968750
9131,0.971098,0.992188,0.992188
9132,0.971098,0.984375,0.984375
9133,0.971098,0.984375,0.984375
9134,0.971098,0.984375,0.992188
9135,0.971098,0.992188,0.992188
9136,0.971082,0.968750,0.968750
9137,0.971098,0.984375,0.984375
9138,0.971098,0.984375,0.984375
9139,0.971098,0.968750,0.968750
9140,0.971075,0.960938,0.960938
9141,0.971098,0.976562,0.984375
9142,0.971098,0.953125,0.960938
9143,0.971098,0.984375,0.984375
9144,0.971098,0.976562,0.976562
9145,0.971098,0.992188,0.992188
9146,0.971098,0.968750,0.968750
9147,0.970989,0.984375,0.984375
9148,0.971098,0.984375,0.984375
9149,0.971099,0.976562,0.992188
9150,0.971099,0.968750,0.968750
9151,0.971024,0.953125,0.960938
9152,0.971024,0.992188,0.992188
9153,0.971024,0.976562,0.984375
9154,0.971024,0.976562,0.976562
9155,0.963273,0.984375,0.984375
9156,0.971019,0.976562,0.984375
9157,0.971015,0.960938,0.960938
9158,0.971011,0.976562,0.984375
9159,0.971016,0.968750,0.968750
9160,0.971004,0.976562,0.984375
9161,0.971001,0.968750,0.968750
9162,0.970998,0.992188,0.992188
9163,0.970996,0.984375,0.992188
9164,0.970993,0.984375,0.992188
9165,0.970991,0.976562,0.976562
9166,0.970772,0.976562,0.976562
9167,0.970988,0.968750,0.968750
9168,0.970997,0.992188,0.992188
9169,0.970985,0.976562,0.976562
9170,0.970984,0.992188,1.000000
9171,0.970983,0.976562,0.976562
9172,0.970982,0.984375,0.984375
9173,0.970981,0.976562,0.992188
9174,0.970980,0.960938,0.960938
9175,0.970980,0.992188,0.992188
9176,0.970979,0.984375,0.992188
9177,0.970937,1.000000,1.000000
9178,0.970978,0.992188,0.992188
9179,0.970978,0.984375,0.984375
9180,0.970977,0.984375,0.984375
9181,0.970977,0.976562,0.976562
9182,0.970976,0.984375,0.984375
9183,0.970976,0.984375,0.984375
9184,0.970976,1.000000,1.000000
9185,0.970762,0.992188,0.992188
9186,0.970953,1.000000,1.000000
9187,0.970975,0.984375,0.984375
9188,0.970975,0.976562,0.976562
9189,0.970975,0.984375,0.984375
9190,0.970975,1.000000,1.000000
9191,0.970974,0.984375,0.984375
9192,0.970974,0.968750,0.968750
9193,0.970974,0.984375,0.984375
9194,0.970974,0.976562,0.976562
9195,0.970974,0.976562,0.976562
9196,0.970974,0.992188,0.992188
9197,0.970951,1.000000,1.000000
9198,0.970800,0.976562,0.976562
9199,0.970974,0.976562,0.976562
9200,0.970973,0.976562,0.976562
9201,0.970827,1.000000,1.000000
9202,0.970868,0.976562,0.976562
9203,0.970868,0.968750,0.968750
9204,0.970648,0.968750,0.984375
9205,0.970868,0.992188,0.992188
9206,0.970868,0.992188,0.992188
9207,0.970868,0.984375,0.984375
9208,0.970868,0.984375,0.984375
9209,0.970653,0.992188,0.992188
9210,0.970868,0.960938,0.960938
9211,0.970868,0.992188,0.992188
9212,0.970868,0.984375,0.984375
9213,0.970867,0.992188,0.992188
9214,0.970868,1.000000,1.000000
9215,0.970868,0.984375,0.992188
9216,0.970867,0.992188,0.992188
9217,0.970867,0.968750,0.968750
9218,0.970867,0.984375,0.984375
9219,0.970867,0.984375,0.992188
9220,0.970867,0.976562,0.976562
9221,0.970867,0.984375,0.984375
9222,0.970867,0.960938,0.984375
9223,0.970826,0.992188,0.992188
9224,0.970867,0.976562,0.976562
9225,0.970828,0.976562,0.976562
9226,0.970867,1.000000,1.000000
9227,0.970867,0.976562,0.992188
9228,0.970867,0.992188,0.992188
9229,0.970867,0.960938,0.960938
9230,0.970867,0.953125,0.960938
9231,0.970867,0.984375,0.984375
9232,0.970844,0.992188,0.992188
9233,0.970867,0.992188,0.992188
9234,0.970867,0.976562,0.976562
9235,0.970867,0.984375,0.984375
9236,0.970867,0.976562,0.984375
9237,0.970888,0.968750,0.968750
9238,0.970867,0.976562,0.976562
9239,0.970867,0.968750,0.968750
9240,0.970867,0.984375,0.984375
9241,0.970867,0.984375,0.992188
9242,0.970867,0.976562,0.976562
9243,0.970867,0.984375,0.984375
9244,0.970867,0.992188,0.992188
9245,0.970888,0.984375,0.992188
9246,0.970867,0.976562,0.976562
9247,0.970867,0.984375,0.984375
9248,0.970867,0.984375,0.984375
9249,0.970867,0.984375,0.992188
9250,0.970877,0.984375,0.984375
9251,0.970792,0.976562,0.976562
9252,0.970792,0.976562,0.976562
9253,0.970792,0.992188,0.992188
9254,0.970792,0.976562,0.976562
9255,0.970792,0.976562,0.976562
9256,0.970792,0.992188,0.992188
9257,0.970792,0.992188,0.992188
9258,0.970792,0.960938,0.976562
9259,0.970792,0.976562,0.976562
9260,0.970792,1.000000,1.000000
9261,0.970792,0.992188,0.992188
9262,0.970792,1.000000,1.000000
9263,0.970792,0.984375,0.984375
9264,0.970792,1.000000,1.000000
9265,0.970792,0.992188,0.992188
9266,0.970750,1.000000,1.000000
9267,0.970792,0.992188,0.992188
9268,0.970769,0.984375,0.984375
9269,0.970792,0.984375,0.992188
9270,0.970792,0.984375,0.984375
9271,0.970792,0.992188,0.992188
9272,0.970792,0.968750,0.976562
9273,0.970406,0.992188,0.992188
9274,0.970792,0.976562,0.976562
9275,0.963141,0.992188,0.992188
9276,0.970780,1.000000,1.000000
9277,0.970517,1.000000,1.000000
9278,0.970549,0.984375,0.984375
9279,0.970761,0.992188,1.000000
9280,0.970757,1.000000,1.000000
9281,0.970314,0.968750,0.976562
9282,0.970753,0.992188,0.992188
9283,0.970751,1.000000,1.000000
9284,0.970535,0.992188,0.992188
9285,0.970535,1.000000,1.000000
9286,0.970758,1.000000,1.000000
9287,0.970747,0.984375,0.984375
9288,0.970747,1.000000,1.000000
9289,0.970746,1.000000,1.000000
9290,0.970746,0.984375,0.992188
9291,0.970738,0.976562,0.992188
9292,0.970703,0.992188,0.992188
9293,0.970745,0.992188,1.000000
9294,0.970744,1.000000,1.000000
9295,0.970744,1.000000,1.000000
9296,0.970527,0.984375,0.984375
9297,0.970287,0.984375,0.984375
9298,0.970744,0.992188,0.992188
9299,0.970744,0.992188,0.992188
9300,0.970528,0.992188,0.992188
9301,0.970453,0.992188,1.000000
9302,0.970668,0.992188,0.992188
9303,0.970233,0.984375,0.984375
9304,0.970668,0.984375,0.992188
9305,0.970454,1.000000,1.000000
9306,0.970668,1.000000,1.000000
9307,0.970016,0.984375,0.984375
9308,0.970452,0.992188,1.000000
9309,0.970668,0.992188,1.000000
9310,0.970452,0.992188,0.992188
9311,0.970451,0.984375,0.992188
9312,0.970042,0.992188,0.992188
9313,0.970668,1.000000,1.000000
9314,0.970472,0.984375,0.992188
9315,0.970668,0.992188,0.992188
9316,0.970454,1.000000,1.000000
9317,0.970668,1.000000,1.000000
9318,0.970233,0.984375,0.984375
9319,0.970668,0.992188,0.992188
9320,0.970668,0.984375,0.984375
9321,0.970236,0.992188,0.992188
9322,0.970452,0.992188,1.000000
9323,0.970668,0.984375,1.000000
9324,0.970409,0.984375,0.992188
9325,0.970668,0.992188,0.992188
9326,0.970236,0.992188,0.992188
9327,0.970668,1.000000,1.000000
9328,0.970668,1.000000,1.000000
9329,0.970668,0.992188,1.000000
9330,0.970451,0.984375,0.992188
9331,0.970495,0.992188,0.992188
9332,0.970236,0.992188,0.992188
9333,0.970454,1.000000,1.000000
9334,0.970240,1.000000,1.000000
9335,0.970668,0.992188,0.992188
9336,0.970454,1.000000,1.000000
9337,0.970668,1.000000,1.000000
9338,0.970668,0.992188,0.992188
9339,0.970452,0.992188,1.000000
9340,0.970454,1.000000,1.000000
9341,0.970496,1.000000,1.000000
9342,0.970450,0.984375,0.984375
9343,0.970667,1.000000,1.000000
9344,0.970452,0.992188,0.992188
9345,0.970450,0.984375,0.992188
9346,0.970409,0.984375,0.992188
9347,0.970239,1.000000,1.000000
9348,0.970453,1.000000,1.000000
9349,0.970667,0.992188,0.992188
9350,0.970451,0.992188,0.992188
9351,0.970592,0.984375,0.984375
9352,0.970377,1.000000,1.000000
9353,0.969948,1.000000,1.000000
9354,0.970132,1.000000,1.000000
9355,0.970376,0.992188,0.992188
9356,0.970592,0.984375,0.992188
9357,0.970592,1.000000,1.000000
9358,0.970592,0.992188,0.992188
9359,0.970592,0.992188,0.992188
9360,0.970377,1.000000,1.000000
9361,0.970592,1.000000,1.000000
9362,0.969943,0.992188,0.992188
9363,0.970592,0.992188,0.992188
9364,0.970592,1.000000,1.000000
9365,0.970163,1.000000,1.000000
9366,0.970377,1.000000,1.000000
9367,0.970592,0.984375,0.984375
9368,0.970592,0.992188,0.992188
9369,0.970592,0.992188,0.992188
9370,0.970163,1.000000,1.000000
9371,0.970592,1.000000,1.000000
9372,0.970377,1.000000,1.000000
9373,0.970592,1.000000,1.000000
9374,0.970592,1.000000,1.000000
9375,0.970592,1.000000,1.000000
9376,0.970376,0.992188,0.992188
9377,0.969948,1.000000,1.000000
9378,0.970592,0.968750,0.976562
9379,0.970602,0.984375,0.984375
9380,0.970592,1.000000,1.000000
9381,0.970376,0.992188,0.992188
9382,0.970374,0.984375,0.992188
9383,0.970592,1.000000,1.000000
9384,0.970376,0.992188,0.992188
9385,0.969943,0.992188,1.000000
9386,0.970592,0.984375,0.992188
9387,0.970160,0.992188,1.000000
9388,0.970163,1.000000,1.000000
9389,0.970351,0.984375,0.984375
9390,0.970376,0.992188,0.992188
9391,0.970156,0.984375,0.992188
9392,0.970374,0.984375,0.992188
9393,0.970378,1.000000,1.000000
9394,0.970592,1.000000,1.000000
9395,0.970592,0.976562,0.976562
9396,0.970373,0.976562,0.976562
9397,0.970592,1.000000,1.000000
9398,0.970592,0.984375,0.992188
9399,0.970376,0.992188,1.000000
9400,0.970592,1.000000,1.000000
9401,0.970299,0.984375,0.984375
9402,0.970479,1.000000,1.000000
9403,0.970518,1.000000,1.000000
9404,0.970518,0.984375,0.984375
9405,0.970084,0.992188,1.000000
9406,0.970518,1.000000,1.000000
9407,0.970299,0.984375,0.984375
9408,0.970302,1.000000,1.000000
9409,0.970302,1.000000,1.000000
9410,0.970518,1.000000,1.000000
9411,0.970518,0.992188,0.992188
9412,0.970518,1.000000,1.000000
9413,0.970518,0.992188,0.992188
9414,0.970299,0.984375,0.984375
9415,0.970475,0.984375,0.984375
9416,0.970302,1.000000,1.000000
9417,0.970080,0.984375,0.984375
9418,0.970518,0.992188,0.992188
9419,0.970302,1.000000,1.000000
9420,0.970064,1.000000,1.000000
9421,0.970299,0.984375,0.984375
9422,0.970087,1.000000,1.000000
9423,0.970299,0.984375,0.984375
9424,0.970301,0.992188,1.000000
9425,0.970518,0.992188,0.992188
9426,0.970301,0.992188,1.000000
9427,0.970518,0.992188,0.992188
9428,0.970301,0.992188,0.992188
9429,0.970518,0.992188,1.000000
9430,0.970518,1.000000,1.000000
9431,0.970528,0.968750,0.976562
9432,0.970518,0.992188,0.992188
9433,0.970518,1.000000,1.000000
9434,0.970518,0.992188,0.992188
9435,0.970518,0.984375,0.984375
9436,0.970087,1.000000,1.000000
9437,0.970302,1.000000,1.000000
9438,0.970301,0.992188,0.992188
9439,0.970309,0.984375,0.984375
9440,0.970518,1.000000,1.000000
9441,0.970518,0.976562,0.984375
9442,0.970518,1.000000,1.000000
9443,0.970301,0.992188,0.992188
9444,0.970297,0.976562,0.984375
9445,0.970084,0.992188,0.992188
9446,0.970302,1.000000,1.000000
9447,0.970297,0.976562,0.976562
9448,0.970080,0.984375,0.984375
9449,0.970518,0.992188,0.992188
9450,0.970290,0.976562,0.984375
9451,0.970443,0.992188,0.992188
9452,0.970224,1.000000,1.000000
9453,0.970226,0.992188,0.992188
9454,0.970443,1.000000,1.000000
9455,0.970226,0.992188,1.000000
9456,0.970226,0.992188,1.000000
9457,0.970444,1.000000,1.000000
9458,0.970223,0.976562,0.984375
9459,0.970445,0.992188,1.000000
9460,0.970227,0.992188,1.000000
9461,0.970445,0.992188,0.992188
9462,0.970013,1.000000,1.000000
9463,0.970445,1.000000,1.000000
9464,0.970445,0.984375,1.000000
9465,0.970228,0.992188,0.992188
9466,0.970228,0.992188,1.000000
9467,0.970445,0.984375,0.984375
9468,0.970228,0.992188,0.992188
9469,0.970446,0.992188,0.992188
9470,0.970446,1.000000,1.000000
9471,0.970225,0.976562,0.976562
9472,0.970406,0.992188,1.000000
9473,0.970228,0.992188,1.000000
9474,0.970446,1.000000,1.000000
9475,0.970228,0.992188,0.992188
9476,0.970227,0.984375,0.992188
9477,0.970227,0.984375,0.992188
9478,0.970228,0.992188,1.000000
9479,0.970237,0.984375,0.984375
9480,0.969799,1.000000,1.000000
9481,0.970446,1.000000,1.000000
9482,0.970230,1.000000,1.000000
9483,0.970229,0.992188,0.992188
9484,0.970230,1.000000,1.000000
9485,0.970446,1.000000,1.000000
9486,0.970230,1.000000,1.000000
9487,0.970446,0.984375,0.984375
9488,0.970227,0.984375,0.984375
9489,0.970446,0.992188,0.992188
9490,0.970446,0.992188,0.992188
9491,0.970446,1.000000,1.000000
9492,0.970446,1.000000,1.000000
9493,0.970446,1.000000,1.000000
9494,0.970446,1.000000,1.000000
9495,0.970230,1.000000,1.000000
9496,0.970446,0.992188,1.000000
9497,0.970446,0.960938,0.968750
9498,0.970251,1.000000,1.000000
9499,0.970446,0.984375,0.984375
9500,0.970229,0.992188,0.992188
9501,0.970153,0.992188,1.000000
9502,0.970371,0.984375,0.992188
9503,0.970155,1.000000,1.000000
9504,0.970152,0.984375,0.984375
9505,0.970153,0.992188,0.992188
9506,0.970152,0.984375,0.992188
9507,0.970371,1.000000,1.000000
9508,0.970371,1.000000,1.000000
9509,0.970371,0.992188,1.000000
9510,0.970371,1.000000,1.000000
9511,0.970371,0.992188,0.992188
9512,0.970152,0.984375,0.992188
9513,0.970371,0.992188,0.992188
9514,0.970153,0.992188,0.992188
9515,0.970371,0.992188,0.992188
9516,0.970372,1.000000,1.000000
9517,0.970372,0.976562,0.984375
9518,0.970372,0.976562,0.992188
9519,0.970353,0.992188,0.992188
9520,0.970372,1.000000,1.000000
9521,0.970371,0.992188,0.992188
9522,0.970126,0.976562,0.976562
9523,0.970371,0.992188,0.992188
9524,0.970153,0.992188,0.992188
9525,0.970381,1.000000,1.000000
9526,0.970371,0.992188,0.992188
9527,0.970372,0.984375,0.984375
9528,0.970340,0.984375,0.984375
9529,0.970372,1.000000,1.000000
9530,0.970372,1.000000,1.000000
9531,0.970371,0.992188,0.992188
9532,0.970372,1.000000,1.000000
9533,0.970372,0.984375,0.992188
9534,0.970372,1.000000,1.000000
9535,0.969932,0.984375,0.984375
9536,0.970372,1.000000,1.000000
9537,0.970372,0.992188,0.992188
9538,0.969722,1.000000,1.000000
9539,0.970372,1.000000,1.000000
9540,0.970372,0.992188,0.992188
9541,0.970372,0.992188,0.992188
9542,0.969939,1.000000,1.000000
9543,0.970154,0.992188,1.000000
9544,0.969722,1.000000,1.000000
9545,0.970155,1.000000,1.000000
9546,0.970372,1.000000,1.000000
9547,0.970372,0.984375,0.992188
9548,0.970372,1.000000,1.000000
9549,0.970372,1.000000,1.000000
9550,0.970178,0.984375,0.992188
9551,0.970078,0.992188,0.992188
9552,0.970297,1.000000,1.000000
9553,0.970297,1.000000,1.000000
9554,0.970078,0.992188,0.992188
9555,0.970297,0.976562,0.984375
9556,0.970297,0.992188,0.992188
9557,0.970074,0.976562,0.984375
9558,0.970080,1.000000,1.000000
9559,0.970297,1.000000,1.000000
9560,0.970079,1.000000,1.000000
9561,0.970296,0.992188,0.992188
9562,0.970296,1.000000,1.000000
9563,0.970078,0.992188,0.992188
9564,0.970033,0.984375,0.992188
9565,0.970296,0.984375,0.984375
9566,0.970074,0.976562,0.984375
9567,0.970296,0.992188,0.992188
9568,0.970296,1.000000,1.000000
9569,0.970078,0.992188,0.992188
9570,0.970079,1.000000,1.000000
9571,0.970078,0.992188,0.992188
9572,0.970317,0.984375,0.992188
9573,0.970076,0.984375,0.992188
9574,0.970296,0.976562,0.976562
9575,0.970273,0.984375,0.984375
9576,0.970296,0.992188,1.000000
9577,0.970296,0.984375,0.992188
9578,0.970296,0.984375,0.992188
9579,0.970296,0.984375,0.992188
9580,0.970296,1.000000,1.000000
9581,0.970074,0.976562,0.976562
9582,0.970078,0.992188,0.992188
9583,0.969859,0.992188,0.992188
9584,0.970046,1.000000,1.000000
9585,0.969469,0.992188,1.000000
9586,0.970076,0.992188,1.000000
9587,0.970294,0.984375,0.984375
9588,0.969852,0.984375,1.000000
9589,0.970292,1.000000,1.000000
9590,0.970291,0.992188,0.992188
9591,0.970291,1.000000,1.000000
9592,0.970267,1.000000,1.000000
9593,0.970289,0.992188,0.992188
9594,0.970070,0.992188,0.992188
9595,0.970071,1.000000,1.000000
9596,0.969897,1.000000,1.000000
9597,0.970288,0.992188,0.992188
9598,0.970287,0.992188,0.992188
9599,0.970066,0.984375,0.992188
9600,0.970287,0.984375,0.984375
9601,0.969960,0.984375,0.992188
9602,0.969963,1.000000,1.000000
9603,0.970181,0.984375,0.984375
9604,0.970180,0.992188,0.992188
9605,0.970180,0.992188,0.992188
9606,0.969741,0.992188,0.992188
9607,0.970180,0.984375,0.984375
9608,0.970180,1.000000,1.000000
9609,0.969960,0.992188,1.000000
9610,0.970179,1.000000,1.000000
9611,0.970179,1.000000,1.000000
9612,0.969740,0.992188,0.992188
9613,0.969961,1.000000,1.000000
9614,0.969960,0.992188,0.992188
9615,0.970179,0.984375,0.984375
9616,0.970179,1.000000,1.000000
9617,0.970179,1.000000,1.000000
9618,0.970179,0.992188,0.992188
9619,0.969733,0.976562,0.984375
9620,0.970179,0.992188,0.992188
9621,0.970179,0.976562,0.976562
9622,0.969743,1.000000,1.000000
9623,0.970179,0.992188,1.000000
9624,0.970179,0.992188,1.000000
9625,0.969959,0.992188,0.992188
9626,0.970179,0.992188,0.992188
9627,0.970179,0.984375,0.984375
9628,0.969959,0.992188,0.992188
9629,0.970129,0.992188,0.992188
9630,0.970179,0.984375,0.992188
9631,0.970179,1.000000,1.000000
9632,0.970179,1.000000,1.000000
9633,0.970179,1.000000,1.000000
9634,0.970179,1.000000,1.000000
9635,0.969504,0.968750,0.984375
9636,0.970179,0.976562,0.976562
9637,0.969959,0.992188,0.992188
9638,0.969959,0.992188,1.000000
9639,0.970178,0.992188,0.992188
9640,0.970178,1.000000,1.000000
9641,0.969959,0.992188,0.992188
9642,0.970179,0.984375,0.984375
9643,0.969953,1.000000,1.000000
9644,0.969961,1.000000,1.000000
9645,0.970178,1.000000,1.000000
9646,0.970178,1.000000,1.000000
9647,0.969957,0.984375,0.984375
9648,0.970155,0.992188,0.992188
9649,0.970179,1.000000,1.000000
9650,0.969736,0.984375,0.984375
9651,0.970104,0.992188,0.992188
9652,0.969876,0.960938,0.976562
9653,0.970104,0.992188,0.992188
9654,0.970104,0.992188,1.000000
9655,0.969884,0.992188,0.992188
9656,0.969884,0.992188,0.992188
9657,0.969444,0.992188,0.992188
9658,0.970104,1.000000,1.000000
9659,0.969884,0.992188,0.992188
9660,0.970104,0.984375,0.984375
9661,0.970104,0.976562,0.992188
9662,0.969660,0.984375,0.992188
9663,0.970135,0.992188,0.992188
9664,0.969667,1.000000,1.000000
9665,0.970104,0.984375,1.000000
9666,0.970114,1.000000,1.000000
9667,0.970104,0.992188,1.000000
9668,0.970104,1.000000,1.000000
9669,0.970104,0.992188,0.992188
9670,0.970104,0.984375,0.984375
9671,0.970104,1.000000,1.000000
9672,0.969886,1.000000,1.000000
9673,0.970104,1.000000,1.000000
9674,0.970104,0.992188,0.992188
9675,0.970104,1.000000,1.000000
9676,0.969886,1.000000,1.000000
9677,0.970104,0.992188,0.992188
9678,0.970104,0.984375,0.984375
9679,0.970104,0.992188,0.992188
9680,0.969886,1.000000,1.000000
9681,0.969884,0.992188,0.992188
9682,0.969863,0.992188,0.992188
9683,0.969857,0.976562,0.984375
9684,0.969661,0.984375,0.984375
9685,0.969884,0.992188,0.992188
9686,0.970104,0.984375,0.984375
9687,0.970104,0.984375,0.992188
9688,0.969886,1.000000,1.000000
9689,0.970104,0.984375,0.992188
9690,0.970125,1.000000,1.000000
9691,0.969886,1.000000,1.000000
9692,0.970104,0.984375,0.992188
9693,0.970114,1.000000,1.000000
9694,0.969661,0.984375,0.984375
9695,0.969882,0.984375,0.984375
9696,0.970104,1.000000,1.000000
9697,0.970104,1.000000,1.000000
9698,0.970104,0.992188,0.992188
9699,0.970104,1.000000,1.000000
9700,0.970104,0.992188,0.992188
9701,0.970029,1.000000,1.000000
9702,0.969591,1.000000,1.000000
9703,0.970029,1.000000,1.000000
9704,0.970029,1.000000,1.000000
9705,0.970029,1.000000,1.000000
9706,0.969805,0.976562,0.976562
9707,0.969591,1.000000,1.000000
9708,0.969810,1.000000,1.000000
9709,0.970029,0.992188,0.992188
9710,0.970029,1.000000,1.000000
9711,0.970026,0.984375,0.984375
9712,0.969776,0.984375,0.984375
9713,0.970029,0.992188,0.992188
9714,0.970029,0.976562,0.976562
9715,0.970029,1.000000,1.000000
9716,0.970038,1.000000,1.000000
9717,0.962447,1.000000,1.000000
9718,0.970039,0.992188,1.000000
9719,0.969829,0.992188,0.992188
9720,0.969621,1.000000,1.000000
9721,0.969629,1.000000,1.000000
9722,0.969852,0.984375,0.992188
9723,0.970081,0.984375,0.992188
9724,0.969646,0.992188,0.992188
9725,0.970092,1.000000,1.000000
9726,0.970097,0.992188,1.000000
9727,0.970101,1.000000,1.000000
9728,0.970105,1.000000,1.000000
9729,0.970109,0.992188,0.992188
9730,0.970112,0.984375,0.984375
9731,0.969896,1.000000,1.000000
9732,0.970117,1.000000,1.000000
9733,0.970120,1.000000,1.000000
9734,0.970122,1.000000,1.000000
9735,0.969905,1.000000,1.000000
9736,0.970125,0.984375,0.992188
9737,0.970127,0.992188,0.992188
9738,0.970128,0.992188,0.992188
9739,0.970130,0.992188,1.000000
9740,0.970131,0.992188,0.992188
9741,0.970132,1.000000,1.000000
9742,0.970133,0.984375,0.992188
9743,0.970133,1.000000,1.000000
9744,0.970134,1.000000,1.000000
9745,0.969916,1.000000,1.000000
9746,0.970135,1.000000,1.000000
9747,0.970136,0.992188,1.000000
9748,0.970136,1.000000,1.000000
9749,0.969918,1.000000,1.000000
9750,0.970137,1.000000,1.000000
9751,0.969620,0.992188,0.992188
9752,0.969844,1.000000,1.000000
9753,0.970040,1.000000,1.000000
9754,0.970064,0.984375,0.992188
9755,0.970064,0.992188,0.992188
9756,0.970040,0.992188,0.992188
9757,0.970064,0.984375,1.000000
9758,0.970033,0.992188,1.000000
9759,0.970086,0.992188,0.992188
9760,0.970065,1.000000,1.000000
9761,0.970065,1.000000,1.000000
9762,0.970065,1.000000,1.000000
9763,0.970065,0.992188,1.000000
9764,0.969846,1.000000,1.000000
9765,0.969846,1.000000,1.000000
9766,0.969846,1.000000,1.000000
9767,0.970065,1.000000,1.000000
9768,0.970066,0.984375,0.984375
9769,0.970066,0.984375,0.984375
9770,0.970066,1.000000,1.000000
9771,0.970066,1.000000,1.000000
9772,0.969845,0.992188,0.992188
9773,0.970066,0.992188,0.992188
9774,0.970066,0.992188,0.992188
9775,0.970066,0.992188,1.000000
9776,0.970066,0.992188,0.992188
9777,0.970066,0.984375,0.984375
9778,0.970066,0.984375,0.984375
9779,0.969845,0.992188,0.992188
9780,0.970066,0.992188,0.992188
9781,0.970066,0.984375,0.984375
9782,0.970066,1.000000,1.000000
9783,0.969847,1.000000,1.000000
9784,0.970066,1.000000,1.000000
9785,0.970066,0.984375,0.984375
9786,0.970066,0.984375,0.984375
9787,0.970066,1.000000,1.000000
9788,0.970066,1.000000,1.000000
9789,0.970066,1.000000,1.000000
9790,0.970066,0.992188,0.992188
9791,0.969847,1.000000,1.000000
9792,0.970087,0.992188,0.992188
9793,0.970076,0.992188,0.992188
9794,0.969811,0.984375,0.984375
9795,0.970066,0.992188,0.992188
9796,0.969843,0.984375,0.992188
9797,0.970066,1.000000,1.000000
9798,0.970066,0.992188,0.992188
9799,0.970066,1.000000,1.000000
9800,0.969843,0.984375,0.984375
9801,0.969991,0.992188,0.992188
9802,0.969991,0.992188,0.992188
9803,0.969991,1.000000,1.000000
9804,0.969991,0.992188,0.992188
9805,0.969991,1.000000,1.000000
9806,0.969948,0.992188,0.992188
9807,0.969991,1.000000,1.000000
9808,0.970012,0.992188,0.992188
9809,0.969771,1.000000,1.000000
9810,0.969991,0.984375,0.992188
9811,0.969991,0.992188,1.000000
9812,0.969991,1.000000,1.000000
9813,0.969991,1.000000,1.000000
9814,0.969771,1.000000,1.000000
9815,0.969991,0.992188,0.992188
9816,0.969991,1.000000,1.000000
9817,0.969991,1.000000,1.000000
9818,0.969771,1.000000,1.000000
9819,0.969991,0.992188,0.992188
9820,0.969991,0.984375,0.984375
9821,0.969991,0.992188,0.992188
9822,0.969991,0.992188,0.992188
9823,0.969991,1.000000,1.000000
9824,0.969991,1.000000,1.000000
9825,0.969991,0.984375,0.984375
9826,0.969991,1.000000,1.000000
9827,0.969991,1.000000,1.000000
9828,0.969991,1.000000,1.000000
9829,0.969991,0.976562,0.976562
9830,0.969771,1.000000,1.000000
9831,0.969991,0.984375,0.984375
9832,0.970005,0.984375,0.984375
9833,0.969991,0.992188,0.992188
9834,0.969768,0.984375,0.984375
9835,0.969991,1.000000,1.000000
9836,0.969991,1.000000,1.000000
9837,0.970012,1.000000,1.000000
9838,0.969771,1.000000,1.000000
9839,0.969770,0.992188,0.992188
9840,0.969771,1.000000,1.000000
9841,0.969991,1.000000,1.000000
9842,0.970000,1.000000,1.000000
9843,0.962293,0.984375,0.984375
9844,0.969993,1.000000,1.000000
9845,0.969994,1.000000,1.000000
9846,0.969995,0.992188,0.992188
9847,0.969775,0.992188,0.992188
9848,0.969778,1.000000,1.000000
9849,0.969999,1.000000,1.000000
9850,0.970000,1.000000,1.000000
9851,0.969926,1.000000,1.000000
9852,0.969927,0.992188,0.992188
9853,0.969928,0.992188,0.992188
9854,0.969929,0.984375,0.984375
9855,0.969930,0.992188,0.992188
9856,0.969931,0.992188,0.992188
9857,0.969931,0.953125,0.984375
9858,0.969932,1.000000,1.000000
9859,0.969932,0.976562,0.976562
9860,0.969933,0.992188,0.992188
9861,0.969933,0.976562,0.976562
9862,0.969934,0.992188,0.992188
9863,0.969934,0.984375,0.984375
9864,0.969934,0.968750,0.968750
9865,0.969935,0.984375,0.984375
9866,0.969935,1.000000,1.000000
9867,0.969714,1.000000,1.000000
9868,0.969935,0.992188,0.992188
9869,0.969715,1.000000,1.000000
9870,0.969936,1.000000,1.000000
9871,0.969936,0.984375,0.992188
9872,0.969936,1.000000,1.000000
9873,0.969936,0.976562,0.976562
9874,0.969716,1.000000,1.000000
9875,0.969936,0.976562,0.984375
9876,0.969936,0.992188,0.992188
9877,0.969936,0.984375,0.984375
9878,0.969936,0.992188,0.992188
9879,0.969937,0.992188,1.000000
9880,0.969937,0.976562,0.976562
9881,0.969937,0.984375,0.984375
9882,0.969713,0.984375,0.984375
9883,0.969937,1.000000,1.000000
9884,0.969937,0.976562,0.984375
9885,0.969937,0.992188,1.000000
9886,0.969937,0.984375,0.984375
9887,0.969937,0.984375,0.984375
9888,0.969937,1.000000,1.000000
9889,0.969937,0.992188,0.992188
9890,0.969937,0.992188,0.992188
9891,0.969937,1.000000,1.000000
9892,0.969869,0.968750,0.976562
9893,0.969937,0.992188,1.000000
9894,0.969937,1.000000,1.000000
9895,0.969937,0.984375,0.984375
9896,0.969937,0.984375,0.984375
9897,0.969937,0.992188,0.992188
9898,0.969713,0.984375,0.992188
9899,0.969937,0.960938,0.960938
9900,0.969937,1.000000,1.000000
9901,0.969862,0.976562,0.984375
9902,0.969862,0.984375,0.984375
9903,0.969637,0.984375,0.984375
9904,0.969862,0.984375,0.984375
9905,0.969862,0.984375,0.984375
9906,0.969862,0.992188,0.992188
9907,0.969862,0.992188,0.992188
9908,0.969862,0.976562,0.976562
9909,0.969862,0.992188,0.992188
9910,0.969862,1.000000,1.000000
9911,0.969426,0.992188,0.992188
9912,0.969862,0.984375,0.984375
9913,0.969639,0.992188,0.992188
9914,0.969862,1.000000,1.000000
9915,0.969862,1.000000,1.000000
9916,0.969826,0.976562,0.976562
9917,0.969862,1.000000,1.000000
9918,0.969862,0.992188,0.992188
9919,0.969862,1.000000,1.000000
9920,0.969862,0.976562,0.976562
9921,0.969862,0.976562,0.976562
9922,0.969862,0.992188,1.000000
9923,0.969862,0.992188,0.992188
9924,0.969862,0.992188,0.992188
9925,0.969637,0.984375,0.984375
9926,0.969640,1.000000,1.000000
9927,0.969862,0.984375,0.992188
9928,0.969640,1.000000,1.000000
9929,0.969862,0.968750,0.968750
9930,0.969862,0.984375,0.984375
9931,0.969862,1.000000,1.000000
9932,0.969862,0.984375,0.984375
9933,0.969639,0.992188,1.000000
9934,0.969862,0.984375,0.992188
9935,0.961879,0.984375,0.992188
9936,0.969848,0.992188,0.992188
9937,0.969881,0.992188,1.000000
9938,0.969889,0.992188,0.992188
9939,0.969897,0.992188,0.992188
9940,0.969912,0.976562,0.976562
9941,0.969910,0.976562,0.976562
9942,0.969916,0.992188,0.992188
9943,0.969921,1.000000,1.000000
9944,0.969925,0.992188,0.992188
9945,0.969885,0.992188,0.992188
9946,0.969933,0.984375,0.992188
9947,0.969937,0.968750,0.968750
9948,0.969940,0.992188,0.992188
9949,0.969943,0.992188,0.992188
9950,0.969945,0.992188,1.000000
9951,0.969872,0.992188,0.992188
9952,0.969875,0.976562,0.984375
9953,0.969876,1.000000,1.000000
9954,0.969878,0.984375,1.000000
9955,0.969860,1.000000,1.000000
9956,0.969881,0.992188,1.000000
9957,0.969748,1.000000,1.000000
9958,0.969883,0.984375,0.984375
9959,0.969884,0.976562,0.984375
9960,0.969885,0.984375,0.984375
9961,0.969886,0.992188,0.992188
9962,0.969887,1.000000,1.000000
9963,0.969888,0.984375,0.984375
9964,0.969888,0.992188,0.992188
9965,0.969889,1.000000,1.000000
9966,0.969889,0.992188,1.000000
9967,0.969898,0.992188,0.992188
9968,0.969890,1.000000,1.000000
9969,0.969890,0.992188,1.000000
9970,0.969891,0.992188,0.992188
9971,0.969891,0.976562,0.984375
9972,0.969891,1.000000,1.000000
9973,0.969892,0.992188,0.992188
9974,0.969892,0.976562,0.992188
9975,0.969892,1.000000,1.000000
9976,0.969873,0.992188,0.992188
9977,0.969868,0.992188,0.992188
9978,0.969912,0.992188,0.992188
9979,0.969893,0.984375,0.992188
9980,0.969893,0.984375,0.984375
9981,0.969893,1.000000,1.000000
9982,0.969893,0.992188,1.000000
9983,0.969893,0.984375,0.984375
9984,0.969893,1.000000,1.000000
9985,0.969893,1.000000,1.000000
9986,0.969893,1.000000,1.000000
9987,0.969893,0.992188,0.992188
9988,0.969893,1.000000,1.000000
9989,0.969893,0.992188,0.992188
9990,0.969893,0.992188,0.992188
9991,0.969848,1.000000,1.000000
9992,0.969901,1.000000,1.000000
9993,0.969893,0.992188,0.992188
9994,0.969893,1.000000,1.000000
9995,0.969893,1.000000,1.000000
9996,0.969893,0.984375,0.992188
9997,0.969757,1.000000,1.000000
9998,0.969894,0.984375,0.984375
9999,0.969902,1.000000,1.000000
10000,0.969870,0.984375,0.984375
