step,mean_reward,valid_rate
1,0.186669,0.921875
2,0.202444,0.945312
3,0.186267,0.945312
4,0.186498,0.960938
5,0.185157,0.960938
6,0.193604,0.976562
7,0.201386,0.984375
8,0.195894,0.968750
9,0.192451,0.968750
10,0.192453,0.921875
11,0.194961,0.968750
12,0.201875,0.968750
13,0.195229,0.976562
14,0.193515,0.960938
15,0.196073,0.960938
16,0.197032,0.968750
17,0.192151,0.921875
18,0.199329,0.968750
19,0.194256,0.953125
20,0.198099,0.968750
21,0.195775,0.960938
22,0.192656,0.960938
23,0.190011,0.953125
24,0.184989,0.914062
25,0.200048,0.960938
26,0.202761,0.929688
27,0.190167,0.929688
28,0.205339,0.953125
29,0.193538,0.929688
30,0.191526,0.953125
31,0.192337,0.914062
32,0.206489,0.960938
33,0.194864,0.945312
34,0.196634,0.945312
35,0.201620,0.976562
36,0.191344,0.937500
37,0.191428,0.968750
38,0.207037,0.937500
39,0.203054,0.953125
40,0.196770,0.968750
41,0.203663,0.953125
42,0.198907,0.953125
43,0.203989,0.968750
44,0.197817,0.976562
45,0.197815,0.937500
46,0.201563,0.937500
47,0.202779,0.968750
48,0.202547,0.929688
49,0.207834,0.976562
50,0.206272,0.960938
51,0.202838,0.960938
52,0.202732,0.914062
53,0.199477,0.937500
54,0.204618,0.953125
55,0.210980,0.921875
56,0.207025,0.968750
57,0.205502,0.929688
58,0.193531,0.937500
59,0.200246,0.945312
60,0.201270,0.960938
61,0.204945,0.914062
62,0.203096,0.929688
63,0.197354,0.921875
64,0.202862,0.945312
65,0.194811,0.984375
66,0.200250,0.992188
67,0.200929,0.914062
68,0.212501,0.960938
69,0.202813,0.945312
70,0.203449,0.937500
71,0.220035,0.890625
72,0.202073,0.929688
73,0.206113,0.921875
74,0.197594,0.914062
75,0.207739,0.929688
76,0.205354,0.953125
77,0.201568,0.937500
78,0.203906,0.953125
79,0.208370,0.921875
80,0.209323,0.921875
81,0.205509,0.929688
82,0.204798,0.937500
83,0.209271,0.914062
84,0.210697,0.937500
85,0.202219,0.921875
86,0.208920,0.953125
87,0.201046,0.953125
88,0.216769,0.960938
89,0.204724,0.945312
90,0.212847,0.953125
91,0.202519,0.906250
92,0.209570,0.921875
93,0.206255,0.945312
94,0.200959,0.968750
95,0.200515,0.953125
96,0.212976,0.953125
97,0.214777,0.929688
98,0.217694,0.937500
99,0.212734,0.976562
100,0.211996,0.921875
101,0.201274,0.945312
102,0.206220,0.968750
103,0.210594,0.968750
104,0.204873,0.921875
105,0.211366,0.898438
106,0.220949,0.937500
107,0.211081,0.898438
108,0.211225,0.929688
109,0.205653,0.914062
110,0.213019,0.929688
111,0.203893,0.937500
112,0.215251,0.898438
113,0.212716,0.937500
114,0.211847,0.937500
115,0.208506,0.945312
116,0.212559,0.960938
117,0.207667,0.953125
118,0.222085,0.914062
119,0.206960,0.921875
120,0.210873,0.921875
121,0.215923,0.937500
122,0.214509,0.921875
123,0.211211,0.937500
124,0.217136,0.921875
125,0.213937,0.914062
126,0.213228,0.921875
127,0.216670,0.937500
128,0.212843,0.953125
129,0.224765,0.906250
130,0.213396,0.898438
131,0.216214,0.945312
132,0.224350,0.898438
133,0.220179,0.914062
134,0.214211,0.937500
135,0.225318,0.968750
136,0.210231,0.898438
137,0.215328,0.914062
138,0.217125,0.960938
139,0.216620,0.937500
140,0.232250,0.882812
141,0.208442,0.875000
142,0.219649,0.945312
143,0.216630,0.906250
144,0.218726,0.914062
145,0.212284,0.945312
146,0.212755,0.945312
147,0.224984,0.953125
148,0.220897,0.953125
149,0.217485,0.953125
150,0.218778,0.921875
151,0.224197,0.906250
152,0.210735,0.875000
153,0.216676,0.921875
154,0.214602,0.914062
155,0.212841,0.937500
156,0.217757,0.914062
157,0.210144,0.867188
158,0.214158,0.929688
159,0.224585,0.929688
160,0.212285,0.898438
161,0.229285,0.929688
162,0.219477,0.945312
163,0.221973,0.914062
164,0.207788,0.929688
165,0.220321,0.851562
166,0.211788,0.937500
167,0.208710,0.890625
168,0.217427,0.945312
169,0.215003,0.921875
170,0.208993,0.921875
171,0.214285,0.898438
172,0.226320,0.921875
173,0.215266,0.937500
174,0.224421,0.937500
175,0.223917,0.906250
176,0.220284,0.906250
177,0.217676,0.921875
178,0.218813,0.937500
179,0.220100,0.937500
180,0.213898,0.906250
181,0.230292,0.945312
182,0.214676,0.929688
183,0.211485,0.929688
184,0.214898,0.906250
185,0.223190,0.937500
186,0.232571,0.921875
187,0.221603,0.937500
188,0.216911,0.906250
189,0.211234,0.898438
190,0.212711,0.882812
191,0.220823,0.921875
192,0.228497,0.890625
193,0.212541,0.921875
194,0.228352,0.945312
195,0.229345,0.882812
196,0.222069,0.929688
197,0.219450,0.906250
198,0.212429,0.937500
199,0.223681,0.914062
200,0.238435,0.914062
201,0.216163,0.914062
202,0.224931,0.914062
203,0.224124,0.875000
204,0.228324,0.914062
205,0.227520,0.890625
206,0.222215,0.906250
207,0.218763,0.921875
208,0.220885,0.945312
209,0.229690,0.968750
210,0.213237,0.921875
211,0.227858,0.921875
212,0.217297,0.914062
213,0.216857,0.929688
214,0.223374,0.890625
215,0.219954,0.859375
216,0.219835,0.929688
217,0.224255,0.921875
218,0.235748,0.898438
219,0.220432,0.898438
220,0.231932,0.921875
221,0.217412,0.898438
222,0.222326,0.914062
223,0.233513,0.929688
224,0.223812,0.968750
225,0.230200,0.914062
226,0.221215,0.945312
227,0.222760,0.859375
228,0.226430,0.906250
229,0.228024,0.828125
230,0.226903,0.906250
231,0.229685,0.867188
232,0.230399,0.867188
233,0.220040,0.859375
234,0.223589,0.945312
235,0.231151,0.890625
236,0.232176,0.914062
237,0.225368,0.906250
238,0.222816,0.937500
239,0.223189,0.937500
240,0.220637,0.960938
241,0.218909,0.851562
242,0.229810,0.875000
243,0.234020,0.859375
244,0.217328,0.867188
245,0.227203,0.867188
246,0.227542,0.867188
247,0.233567,0.882812
248,0.233334,0.921875
249,0.233805,0.898438
250,0.225319,0.914062
251,0.231834,0.882812
252,0.232079,0.875000
253,0.227668,0.898438
254,0.231827,0.914062
255,0.226384,0.937500
256,0.223358,0.851562
257,0.235725,0.851562
258,0.232242,0.898438
259,0.225368,0.843750
260,0.229270,0.937500
261,0.229766,0.875000
262,0.245965,0.859375
263,0.229324,0.929688
264,0.231511,0.890625
265,0.223265,0.929688
266,0.224525,0.898438
267,0.223402,0.867188
268,0.222224,0.851562
269,0.236590,0.875000
270,0.236646,0.898438
271,0.242093,0.890625
272,0.235436,0.882812
273,0.238790,0.875000
274,0.228591,0.906250
275,0.223613,0.882812
276,0.238139,0.859375
277,0.228137,0.898438
278,0.236992,0.882812
279,0.233268,0.882812
280,0.233614,0.898438
281,0.232898,0.890625
282,0.230471,0.867188
283,0.236829,0.875000
284,0.229642,0.867188
285,0.240863,0.890625
286,0.232689,0.906250
287,0.237645,0.867188
288,0.233603,0.859375
289,0.234826,0.890625
290,0.226802,0.859375
291,0.230173,0.890625
292,0.224522,0.859375
293,0.217485,0.953125
294,0.229791,0.851562
295,0.239344,0.828125
296,0.234263,0.882812
297,0.228113,0.843750
298,0.233292,0.859375
299,0.227454,0.890625
300,0.233316,0.906250
301,0.241815,0.898438
302,0.226775,0.882812
303,0.229848,0.875000
304,0.231969,0.890625
305,0.245518,0.890625
306,0.239870,0.882812
307,0.237752,0.828125
308,0.231000,0.890625
309,0.221912,0.828125
310,0.236144,0.898438
311,0.236879,0.898438
312,0.225604,0.898438
313,0.231395,0.835938
314,0.239285,0.898438
315,0.230590,0.906250
316,0.242794,0.812500
317,0.222605,0.867188
318,0.230371,0.898438
319,0.240667,0.929688
320,0.235748,0.875000
321,0.223421,0.867188
322,0.235162,0.796875
323,0.232248,0.906250
324,0.228957,0.875000
325,0.238172,0.875000
326,0.228155,0.882812
327,0.237364,0.843750
328,0.235803,0.859375
329,0.228422,0.820312
330,0.236178,0.851562
331,0.233958,0.875000
332,0.243354,0.789062
333,0.244096,0.859375
334,0.232969,0.851562
335,0.236489,0.859375
336,0.229061,0.890625
337,0.237420,0.843750
338,0.229473,0.898438
339,0.234784,0.804688
340,0.235268,0.890625
341,0.249387,0.843750
342,0.238160,0.812500
343,0.239363,0.835938
344,0.235062,0.890625
345,0.224651,0.890625
346,0.238738,0.851562
347,0.231372,0.867188
348,0.220344,0.898438
349,0.240580,0.867188
350,0.244953,0.828125
351,0.239039,0.882812
352,0.240188,0.914062
353,0.244577,0.859375
354,0.241037,0.835938
355,0.244215,0.867188
356,0.239826,0.812500
357,0.239318,0.835938
358,0.241463,0.843750
359,0.235269,0.828125
360,0.243028,0.875000
361,0.233357,0.875000
362,0.232057,0.789062
363,0.233138,0.906250
364,0.247694,0.867188
365,0.241264,0.835938
366,0.237105,0.843750
367,0.243670,0.906250
368,0.244159,0.843750
369,0.236899,0.781250
370,0.240760,0.890625
371,0.242592,0.875000
372,0.243194,0.867188
373,0.240545,0.898438
374,0.247710,0.875000
375,0.238178,0.906250
376,0.237084,0.843750
377,0.236324,0.882812
378,0.243125,0.835938
379,0.243314,0.867188
380,0.246016,0.890625
381,0.237592,0.851562
382,0.244223,0.875000
383,0.240830,0.851562
384,0.249115,0.820312
385,0.252198,0.890625
386,0.241259,0.843750
387,0.247428,0.820312
388,0.236294,0.773438
389,0.243067,0.835938
390,0.250881,0.859375
391,0.241188,0.789062
392,0.241072,0.867188
393,0.244766,0.843750
394,0.241732,0.867188
395,0.242800,0.804688
396,0.258575,0.828125
397,0.233604,0.906250
398,0.251189,0.843750
399,0.248230,0.835938
400,0.244150,0.859375
401,0.249976,0.804688
402,0.239416,0.820312
403,0.247064,0.835938
404,0.248621,0.898438
405,0.250815,0.796875
406,0.242236,0.851562
407,0.244739,0.859375
408,0.231623,0.773438
409,0.251602,0.867188
410,0.248597,0.921875
411,0.249330,0.875000
412,0.244884,0.851562
413,0.241851,0.804688
414,0.244477,0.796875
415,0.245134,0.875000
416,0.257955,0.898438
417,0.237164,0.812500
418,0.242327,0.804688
419,0.245975,0.820312
420,0.251467,0.843750
421,0.257903,0.812500
422,0.242557,0.851562
423,0.251261,0.765625
424,0.250294,0.875000
425,0.234040,0.882812
426,0.246498,0.843750
427,0.240262,0.812500
428,0.242198,0.835938
429,0.252027,0.750000
430,0.244836,0.796875
431,0.252786,0.835938
432,0.249782,0.851562
433,0.252288,0.835938
434,0.245688,0.835938
435,0.252849,0.875000
436,0.248382,0.843750
437,0.244971,0.781250
438,0.243047,0.843750
439,0.245740,0.851562
440,0.240684,0.843750
441,0.251002,0.835938
442,0.252912,0.804688
443,0.246613,0.851562
444,0.256914,0.859375
445,0.251630,0.828125
446,0.237893,0.804688
447,0.251185,0.796875
448,0.253299,0.835938
449,0.245129,0.710938
450,0.251731,0.828125
451,0.252077,0.820312
452,0.239437,0.859375
453,0.250639,0.757812
454,0.253774,0.835938
455,0.248577,0.765625
456,0.247337,0.789062
457,0.252049,0.812500
458,0.253327,0.835938
459,0.247920,0.781250
460,0.252997,0.804688
461,0.242687,0.804688
462,0.247659,0.812500
463,0.255957,0.757812
464,0.255542,0.820312
465,0.250010,0.796875
466,0.252335,0.765625
467,0.255514,0.820312
468,0.249648,0.789062
469,0.243804,0.765625
470,0.255118,0.812500
471,0.249525,0.796875
472,0.246018,0.812500
473,0.244188,0.789062
474,0.244066,0.875000
475,0.259576,0.796875
476,0.257961,0.765625
477,0.242806,0.875000
478,0.252144,0.781250
479,0.253770,0.773438
480,0.250287,0.773438
481,0.236402,0.773438
482,0.263270,0.765625
483,0.247708,0.828125
484,0.254479,0.781250
485,0.248580,0.820312
486,0.256745,0.867188
487,0.249089,0.804688
488,0.239737,0.789062
489,0.263338,0.812500
490,0.248365,0.796875
491,0.256748,0.812500
492,0.246595,0.828125
493,0.247611,0.765625
494,0.252613,0.804688
495,0.244682,0.812500
496,0.257704,0.757812
497,0.254856,0.820312
498,0.260676,0.742188
499,0.253952,0.828125
500,0.244680,0.843750
501,0.253354,0.773438
502,0.250857,0.757812
503,0.246032,0.781250
504,0.259903,0.812500
505,0.248984,0.789062
506,0.262273,0.843750
507,0.255873,0.828125
508,0.245394,0.765625
509,0.260941,0.820312
510,0.268030,0.773438
511,0.247047,0.773438
512,0.245172,0.812500
513,0.246222,0.781250
514,0.247947,0.804688
515,0.262415,0.750000
516,0.264016,0.789062
517,0.258488,0.843750
518,0.258231,0.804688
519,0.250939,0.734375
520,0.259309,0.687500
521,0.252251,0.796875
522,0.254689,0.828125
523,0.265641,0.765625
524,0.261531,0.765625
525,0.254990,0.773438
526,0.258366,0.750000
527,0.259198,0.734375
528,0.258699,0.812500
529,0.263459,0.781250
530,0.261087,0.828125
531,0.246623,0.765625
532,0.253437,0.789062
533,0.251618,0.734375
534,0.271456,0.773438
535,0.261362,0.781250
536,0.246606,0.835938
537,0.258301,0.757812
538,0.261693,0.734375
539,0.260229,0.718750
540,0.254570,0.781250
541,0.259273,0.726562
542,0.252210,0.742188
543,0.261757,0.789062
544,0.253566,0.773438
545,0.255989,0.765625
546,0.259959,0.718750
547,0.250940,0.718750
548,0.254916,0.710938
549,0.257610,0.820312
550,0.249122,0.726562
551,0.259888,0.718750
552,0.262046,0.789062
553,0.255782,0.664062
554,0.248812,0.687500
555,0.264710,0.750000
556,0.259365,0.781250
557,0.255876,0.679688
558,0.256044,0.757812
559,0.265254,0.773438
560,0.257104,0.781250
561,0.258931,0.757812
562,0.257302,0.812500
563,0.248231,0.750000
564,0.251736,0.710938
565,0.257582,0.718750
566,0.257999,0.742188
567,0.254532,0.757812
568,0.261102,0.773438
569,0.258532,0.765625
570,0.265389,0.742188
571,0.266058,0.812500
572,0.263367,0.726562
573,0.264795,0.773438
574,0.263309,0.773438
575,0.256097,0.742188
576,0.264743,0.804688
577,0.268907,0.710938
578,0.266440,0.726562
579,0.262499,0.726562
580,0.275261,0.804688
581,0.263026,0.773438
582,0.262335,0.804688
583,0.271688,0.718750
584,0.264066,0.742188
585,0.253992,0.765625
586,0.256688,0.789062
587,0.269171,0.750000
588,0.258959,0.726562
589,0.257027,0.796875
590,0.257540,0.664062
591,0.258535,0.757812
592,0.258933,0.765625
593,0.257080,0.734375
594,0.258180,0.726562
595,0.266460,0.742188
596,0.258911,0.750000
597,0.258251,0.687500
598,0.266483,0.695312
599,0.269522,0.773438
600,0.262484,0.718750
601,0.269347,0.742188
602,0.264867,0.781250
603,0.261738,0.734375
604,0.274024,0.742188
605,0.277459,0.765625
606,0.264897,0.695312
607,0.260561,0.789062
608,0.256684,0.703125
609,0.263358,0.851562
610,0.263895,0.695312
611,0.263487,0.671875
612,0.259706,0.750000
613,0.272940,0.750000
614,0.260628,0.734375
615,0.269760,0.742188
616,0.263270,0.742188
617,0.268814,0.742188
618,0.258386,0.757812
619,0.269912,0.648438
620,0.283063,0.687500
621,0.255938,0.765625
622,0.266743,0.742188
623,0.270056,0.710938
624,0.272234,0.671875
625,0.264127,0.757812
626,0.276807,0.648438
627,0.272974,0.664062
628,0.265734,0.726562
629,0.278412,0.648438
630,0.274039,0.703125
631,0.263407,0.734375
632,0.266855,0.796875
633,0.269420,0.765625
634,0.265493,0.695312
635,0.266753,0.679688
636,0.277106,0.757812
637,0.277199,0.687500
638,0.267838,0.734375
639,0.256347,0.710938
640,0.274106,0.734375
641,0.265701,0.734375
642,0.287982,0.671875
643,0.270704,0.757812
644,0.262163,0.695312
645,0.266154,0.718750
646,0.271369,0.781250
647,0.279455,0.734375
648,0.276557,0.726562
649,0.267233,0.718750
650,0.274648,0.687500
651,0.270641,0.703125
652,0.272496,0.703125
653,0.269709,0.781250
654,0.272622,0.679688
655,0.274114,0.710938
656,0.271803,0.664062
657,0.278228,0.742188
658,0.275656,0.687500
659,0.259018,0.703125
660,0.276397,0.718750
661,0.280176,0.687500
662,0.266828,0.750000
663,0.270430,0.710938
664,0.269276,0.648438
665,0.267771,0.750000
666,0.273392,0.750000
667,0.281101,0.695312
668,0.269420,0.703125
669,0.278470,0.703125
670,0.275297,0.679688
671,0.271511,0.695312
672,0.283063,0.734375
673,0.266629,0.687500
674,0.269422,0.742188
675,0.271104,0.773438
676,0.283793,0.656250
677,0.267411,0.734375
678,0.266623,0.757812
679,0.264320,0.765625
680,0.275202,0.750000
681,0.287664,0.734375
682,0.278397,0.765625
683,0.281458,0.695312
684,0.282882,0.679688
685,0.280069,0.703125
686,0.271796,0.703125
687,0.263621,0.632812
688,0.277405,0.750000
689,0.266599,0.710938
690,0.276895,0.703125
691,0.275059,0.820312
692,0.278626,0.687500
693,0.272037,0.687500
694,0.280884,0.695312
695,0.281803,0.695312
696,0.279079,0.710938
697,0.275621,0.718750
698,0.267551,0.773438
699,0.267832,0.703125
700,0.292469,0.742188
701,0.276542,0.750000
702,0.271895,0.703125
703,0.274938,0.695312
704,0.284061,0.734375
705,0.296985,0.640625
706,0.279760,0.656250
707,0.273799,0.687500
708,0.284544,0.710938
709,0.269979,0.750000
710,0.284460,0.703125
711,0.292342,0.648438
712,0.291688,0.765625
713,0.280079,0.750000
714,0.275052,0.671875
715,0.284243,0.734375
716,0.284255,0.656250
717,0.276438,0.726562
718,0.274938,0.664062
719,0.281823,0.695312
720,0.280311,0.632812
721,0.282030,0.656250
722,0.282215,0.671875
723,0.284330,0.640625
724,0.285642,0.695312
725,0.291742,0.742188
726,0.281268,0.750000
727,0.281087,0.671875
728,0.286952,0.734375
729,0.295393,0.734375
730,0.283863,0.679688
731,0.290856,0.726562
732,0.299556,0.718750
733,0.285875,0.687500
734,0.285412,0.656250
735,0.295663,0.734375
736,0.279798,0.765625
737,0.279139,0.718750
738,0.304617,0.726562
739,0.283940,0.695312
740,0.284189,0.750000
741,0.301573,0.765625
742,0.298733,0.695312
743,0.285653,0.648438
744,0.287443,0.687500
745,0.294347,0.695312
746,0.310913,0.695312
747,0.288176,0.671875
748,0.293953,0.703125
749,0.282269,0.656250
750,0.275836,0.750000
751,0.310630,0.781250
752,0.295262,0.718750
753,0.290944,0.742188
754,0.306487,0.718750
755,0.277620,0.671875
756,0.291256,0.734375
757,0.297327,0.640625
758,0.291010,0.687500
759,0.298752,0.718750
760,0.303465,0.625000
761,0.295679,0.687500
762,0.303000,0.679688
763,0.308193,0.695312
764,0.304951,0.648438
765,0.288275,0.781250
766,0.294570,0.710938
767,0.303870,0.710938
768,0.304205,0.742188
769,0.293278,0.742188
770,0.293308,0.695312
771,0.286153,0.726562
772,0.287559,0.757812
773,0.279518,0.656250
774,0.314353,0.742188
775,0.299867,0.695312
776,0.313032,0.687500
777,0.302971,0.703125
778,0.297555,0.718750
779,0.304489,0.687500
780,0.306266,0.687500
781,0.290752,0.734375
782,0.302790,0.671875
783,0.320214,0.781250
784,0.311923,0.718750
785,0.304158,0.750000
786,0.305614,0.640625
787,0.308360,0.726562
788,0.303296,0.679688
789,0.320463,0.765625
790,0.299391,0.679688
791,0.306160,0.726562
792,0.317636,0.664062
793,0.306017,0.781250
794,0.301906,0.773438
795,0.313476,0.726562
796,0.306577,0.789062
797,0.320734,0.781250
798,0.304197,0.679688
799,0.304272,0.804688
800,0.318262,0.742188
801,0.295816,0.710938
802,0.311066,0.656250
803,0.310440,0.710938
804,0.295212,0.656250
805,0.314164,0.687500
806,0.321743,0.734375
807,0.310352,0.726562
808,0.302229,0.703125
809,0.306948,0.718750
810,0.306282,0.742188
811,0.306864,0.640625
812,0.309205,0.789062
813,0.308801,0.710938
814,0.319940,0.750000
815,0.318640,0.695312
816,0.317189,0.726562
817,0.320918,0.734375
818,0.331661,0.757812
819,0.329822,0.687500
820,0.317924,0.695312
821,0.310400,0.734375
822,0.319483,0.679688
823,0.316706,0.718750
824,0.303927,0.718750
825,0.328636,0.664062
826,0.311557,0.773438
827,0.316506,0.703125
828,0.317997,0.796875
829,0.330352,0.734375
830,0.319959,0.664062
831,0.312169,0.804688
832,0.320784,0.710938
833,0.323494,0.617188
834,0.314097,0.703125
835,0.335530,0.804688
836,0.325561,0.687500
837,0.312519,0.757812
838,0.329774,0.734375
839,0.323546,0.703125
840,0.330278,0.796875
841,0.318108,0.718750
842,0.341184,0.703125
843,0.329998,0.718750
844,0.328198,0.710938
845,0.328345,0.718750
846,0.325651,0.812500
847,0.323738,0.679688
848,0.318978,0.742188
849,0.330642,0.664062
850,0.331585,0.726562
851,0.325481,0.773438
852,0.340147,0.742188
853,0.321931,0.820312
854,0.336553,0.734375
855,0.341265,0.750000
856,0.321568,0.765625
857,0.334199,0.765625
858,0.336696,0.796875
859,0.336924,0.726562
860,0.344277,0.750000
861,0.338954,0.742188
862,0.349389,0.781250
863,0.338883,0.773438
864,0.334525,0.781250
865,0.343953,0.789062
866,0.336398,0.757812
867,0.339370,0.710938
868,0.344762,0.812500
869,0.336206,0.734375
870,0.354939,0.726562
871,0.339066,0.812500
872,0.358561,0.695312
873,0.347464,0.742188
874,0.339678,0.781250
875,0.346254,0.765625
876,0.353607,0.757812
877,0.349420,0.812500
878,0.341433,0.734375
879,0.353061,0.750000
880,0.348159,0.765625
881,0.365910,0.742188
882,0.343924,0.812500
883,0.344449,0.828125
884,0.347908,0.828125
885,0.339553,0.765625
886,0.343471,0.812500
887,0.349633,0.812500
888,0.359281,0.835938
889,0.349936,0.765625
890,0.355901,0.781250
891,0.379287,0.820312
892,0.372281,0.843750
893,0.356853,0.828125
894,0.370693,0.812500
895,0.372056,0.859375
896,0.376955,0.804688
897,0.372307,0.859375
898,0.371799,0.828125
899,0.375876,0.820312
900,0.376841,0.828125
901,0.371420,0.843750
902,0.372531,0.789062
903,0.377738,0.867188
904,0.390737,0.859375
905,0.375353,0.867188
906,0.394267,0.867188
907,0.384064,0.929688
908,0.381069,0.875000
909,0.395161,0.906250
910,0.398278,0.828125
911,0.394219,0.859375
912,0.410238,0.859375
913,0.403499,0.906250
914,0.399957,0.929688
915,0.405689,0.906250
916,0.410246,0.929688
917,0.415631,0.921875
918,0.404197,0.937500
919,0.402226,0.937500
920,0.409484,0.929688
921,0.412774,0.898438
922,0.404080,0.898438
923,0.416467,0.921875
924,0.406493,0.921875
925,0.391174,0.937500
926,0.421599,0.921875
927,0.418374,0.921875
928,0.416090,0.929688
929,0.427140,0.968750
930,0.424722,0.898438
931,0.410165,0.968750
932,0.423108,0.937500
933,0.426440,0.859375
934,0.420467,0.953125
935,0.429680,0.921875
936,0.434489,0.968750
937,0.426753,0.929688
938,0.427791,0.945312
939,0.439209,0.921875
940,0.439498,0.945312
941,0.433591,0.945312
942,0.423313,0.914062
943,0.432136,0.976562
944,0.429583,0.875000
945,0.437626,0.953125
946,0.433787,0.906250
947,0.440822,0.937500
948,0.435542,0.953125
949,0.438620,0.937500
950,0.438478,0.937500
951,0.427344,0.960938
952,0.435159,0.953125
953,0.429070,0.968750
954,0.446016,0.968750
955,0.436326,0.929688
956,0.438017,0.960938
957,0.444404,0.960938
958,0.447363,0.937500
959,0.442603,0.953125
960,0.436563,0.953125
961,0.438428,0.960938
962,0.439371,0.953125
963,0.441626,0.921875
964,0.441777,0.945312
965,0.436645,0.937500
966,0.450431,0.976562
967,0.446907,0.945312
968,0.451502,0.929688
969,0.451014,0.960938
970,0.451966,0.976562
971,0.449607,0.937500
972,0.447341,0.960938
973,0.440103,0.968750
974,0.441697,0.953125
975,0.445078,0.960938
976,0.452869,0.937500
977,0.451496,0.937500
978,0.444347,0.960938
979,0.446502,0.968750
980,0.448526,0.976562
981,0.450570,0.968750
982,0.446241,0.953125
983,0.452803,0.984375
984,0.451200,0.960938
985,0.451246,0.945312
986,0.450741,0.968750
987,0.451593,0.929688
988,0.454467,0.976562
989,0.456374,0.960938
990,0.449357,0.960938
991,0.452897,0.976562
992,0.446930,0.953125
993,0.443139,0.929688
994,0.453141,0.945312
995,0.454769,0.960938
996,0.457077,0.960938
997,0.450790,0.968750
998,0.454660,0.984375
999,0.453722,0.968750
1000,0.460022,0.937500
1001,0.453353,0.937500
1002,0.453310,0.945312
1003,0.454903,0.976562
1004,0.453799,0.960938
1005,0.451110,0.945312
1006,0.461555,0.945312
1007,0.459265,0.937500
1008,0.455803,0.968750
1009,0.453509,0.929688
1010,0.454259,0.937500
1011,0.458916,0.906250
1012,0.457596,0.953125
1013,0.454423,0.976562
1014,0.455308,0.968750
1015,0.452227,0.953125
1016,0.452737,0.890625
1017,0.457451,0.906250
1018,0.456118,0.960938
1019,0.458324,0.921875
1020,0.462538,0.921875
1021,0.459823,0.921875
1022,0.460911,0.945312
1023,0.462550,0.968750
1024,0.457663,0.929688
1025,0.457067,0.929688
1026,0.463087,0.968750
1027,0.451695,0.937500
1028,0.464305,0.960938
1029,0.459061,0.945312
1030,0.450875,0.976562
1031,0.452336,0.960938
1032,0.457638,0.953125
1033,0.459311,0.937500
1034,0.462632,0.937500
1035,0.454443,0.929688
1036,0.460599,0.929688
1037,0.460041,0.953125
1038,0.459452,0.960938
1039,0.453543,0.953125
1040,0.455882,0.945312
1041,0.463143,0.914062
1042,0.456813,0.882812
1043,0.462948,0.968750
1044,0.459207,0.953125
1045,0.455928,0.875000
1046,0.456128,0.921875
1047,0.457264,0.945312
1048,0.460842,0.851562
1049,0.463209,0.914062
1050,0.460484,0.914062
1051,0.463298,0.875000
1052,0.461605,0.968750
1053,0.457043,0.945312
1054,0.461832,0.945312
1055,0.462016,0.914062
1056,0.459165,0.898438
1057,0.462263,0.914062
1058,0.459557,0.906250
1059,0.449136,0.976562
1060,0.463142,0.914062
1061,0.457640,0.890625
1062,0.460281,0.960938
1063,0.463031,0.921875
1064,0.458743,0.914062
1065,0.461855,0.898438
1066,0.461410,0.906250
1067,0.455751,0.890625
1068,0.462643,0.835938
1069,0.462651,0.890625
1070,0.456669,0.859375
1071,0.461038,0.921875
1072,0.460708,0.914062
1073,0.463203,0.828125
1074,0.462911,0.890625
1075,0.460025,0.890625
1076,0.458507,0.882812
1077,0.459682,0.812500
1078,0.462713,0.859375
1079,0.458471,0.882812
1080,0.461948,0.914062
1081,0.455686,0.812500
1082,0.462141,0.843750
1083,0.466487,0.875000
1084,0.460360,0.867188
1085,0.462532,0.898438
1086,0.460465,0.820312
1087,0.466739,0.859375
1088,0.464029,0.789062
1089,0.465985,0.812500
1090,0.466397,0.898438
1091,0.460830,0.921875
1092,0.461716,0.859375
1093,0.461992,0.843750
1094,0.453852,0.906250
1095,0.466742,0.843750
1096,0.462301,0.882812
1097,0.461934,0.835938
1098,0.460861,0.890625
1099,0.453384,0.890625
1100,0.463520,0.843750
1101,0.466205,0.882812
1102,0.457427,0.851562
1103,0.465916,0.843750
1104,0.461005,0.867188
1105,0.456972,0.843750
1106,0.461556,0.875000
1107,0.464744,0.851562
1108,0.460506,0.835938
1109,0.464012,0.820312
1110,0.463533,0.914062
1111,0.466216,0.851562
1112,0.457363,0.859375
1113,0.466861,0.859375
1114,0.462347,0.835938
1115,0.465428,0.820312
1116,0.463140,0.906250
1117,0.460188,0.843750
1118,0.460056,0.835938
1119,0.463853,0.921875
1120,0.466413,0.898438
1121,0.466070,0.820312
1122,0.458528,0.867188
1123,0.465617,0.906250
1124,0.467303,0.867188
1125,0.461016,0.906250
1126,0.464399,0.875000
1127,0.464754,0.906250
1128,0.464927,0.898438
1129,0.462649,0.890625
1130,0.462928,0.867188
1131,0.464805,0.867188
1132,0.464144,0.921875
1133,0.462924,0.875000
1134,0.462755,0.906250
1135,0.463682,0.843750
1136,0.464631,0.882812
1137,0.467174,0.875000
1138,0.465361,0.882812
1139,0.465790,0.812500
1140,0.465824,0.835938
1141,0.463666,0.867188
1142,0.462799,0.882812
1143,0.467993,0.882812
1144,0.464418,0.828125
1145,0.466332,0.851562
1146,0.465030,0.890625
1147,0.462862,0.851562
1148,0.467111,0.859375
1149,0.462363,0.828125
1150,0.464292,0.882812
1151,0.463629,0.820312
1152,0.465908,0.851562
1153,0.466388,0.851562
1154,0.462612,0.890625
1155,0.463170,0.851562
1156,0.468167,0.851562
1157,0.466997,0.835938
1158,0.468326,0.820312
1159,0.465771,0.859375
1160,0.465193,0.812500
1161,0.460803,0.953125
1162,0.464881,0.914062
1163,0.462245,0.882812
1164,0.464478,0.843750
1165,0.467090,0.867188
1166,0.466627,0.835938
1167,0.468333,0.906250
1168,0.464240,0.835938
1169,0.465816,0.867188
1170,0.468231,0.875000
1171,0.468096,0.914062
1172,0.468231,0.859375
1173,0.463963,0.882812
1174,0.466561,0.843750
1175,0.465394,0.851562
1176,0.460471,0.898438
1177,0.466070,0.851562
1178,0.464106,0.859375
1179,0.459373,0.890625
1180,0.466394,0.859375
1181,0.463692,0.828125
1182,0.466811,0.804688
1183,0.463366,0.851562
1184,0.465519,0.765625
1185,0.464292,0.781250
1186,0.463718,0.804688
1187,0.459367,0.867188
1188,0.466700,0.703125
1189,0.465841,0.781250
1190,0.465378,0.734375
1191,0.467714,0.734375
1192,0.462586,0.781250
1193,0.467331,0.757812
1194,0.466047,0.710938
1195,0.469134,0.703125
1196,0.466783,0.718750
1197,0.461053,0.734375
1198,0.462939,0.820312
1199,0.468618,0.632812
1200,0.466145,0.757812
1201,0.465361,0.695312
1202,0.466658,0.773438
1203,0.463506,0.734375
1204,0.467885,0.796875
1205,0.468281,0.757812
1206,0.462539,0.757812
1207,0.468159,0.765625
1208,0.466230,0.851562
1209,0.459856,0.867188
1210,0.465074,0.812500
1211,0.466852,0.804688
1212,0.462966,0.828125
1213,0.468523,0.796875
1214,0.461306,0.859375
1215,0.466654,0.851562
1216,0.464969,0.875000
1217,0.466007,0.835938
1218,0.465792,0.789062
1219,0.465445,0.835938
1220,0.462157,0.890625
1221,0.469532,0.921875
1222,0.459058,0.843750
1223,0.467552,0.882812
1224,0.465308,0.945312
1225,0.468055,0.851562
1226,0.464369,0.898438
1227,0.466439,0.890625
1228,0.467396,0.843750
1229,0.464588,0.898438
1230,0.463165,0.890625
1231,0.466931,0.828125
1232,0.468734,0.828125
1233,0.463868,0.882812
1234,0.467950,0.867188
1235,0.466544,0.781250
1236,0.465265,0.882812
1237,0.467720,0.867188
1238,0.467630,0.828125
1239,0.465842,0.781250
1240,0.467353,0.828125
1241,0.469442,0.773438
1242,0.465693,0.882812
1243,0.463456,0.765625
1244,0.463677,0.742188
1245,0.461143,0.804688
1246,0.464445,0.875000
1247,0.468373,0.804688
1248,0.467043,0.750000
1249,0.468056,0.828125
1250,0.467754,0.765625
1251,0.462244,0.773438
1252,0.463147,0.773438
1253,0.463155,0.804688
1254,0.466571,0.820312
1255,0.468195,0.773438
1256,0.466825,0.812500
1257,0.466752,0.851562
1258,0.463071,0.781250
1259,0.468165,0.843750
1260,0.467885,0.757812
1261,0.468019,0.828125
1262,0.468793,0.828125
1263,0.466071,0.882812
1264,0.467523,0.851562
1265,0.467612,0.820312
1266,0.468605,0.890625
1267,0.467827,0.867188
1268,0.463283,0.875000
1269,0.466089,0.890625
1270,0.463285,0.812500
1271,0.466973,0.890625
1272,0.465050,0.875000
1273,0.467723,0.882812
1274,0.469333,0.875000
1275,0.468225,0.882812
1276,0.467592,0.906250
1277,0.466929,0.882812
1278,0.463943,0.890625
1279,0.465655,0.867188
1280,0.467807,0.906250
1281,0.465677,0.914062
1282,0.465188,0.898438
1283,0.463100,0.898438
1284,0.466246,0.882812
1285,0.465850,0.921875
1286,0.468564,0.890625
1287,0.467301,0.914062
1288,0.468167,0.898438
1289,0.465170,0.835938
1290,0.468158,0.890625
1291,0.466293,0.890625
1292,0.465863,0.890625
1293,0.468104,0.882812
1294,0.465703,0.890625
1295,0.469209,0.890625
1296,0.467244,0.921875
1297,0.466025,0.898438
1298,0.466753,0.875000
1299,0.458741,0.859375
1300,0.466794,0.875000
1301,0.469019,0.882812
1302,0.467834,0.859375
1303,0.468198,0.843750
1304,0.467329,0.875000
1305,0.465614,0.890625
1306,0.469055,0.875000
1307,0.467814,0.820312
1308,0.467023,0.937500
1309,0.466289,0.867188
1310,0.468553,0.882812
1311,0.465982,0.859375
1312,0.465045,0.898438
1313,0.463715,0.890625
1314,0.462633,0.859375
1315,0.464440,0.804688
1316,0.468986,0.875000
1317,0.463931,0.851562
1318,0.469859,0.851562
1319,0.468483,0.851562
1320,0.468645,0.796875
1321,0.467835,0.789062
1322,0.463197,0.835938
1323,0.469627,0.820312
1324,0.466689,0.820312
1325,0.465641,0.820312
1326,0.468489,0.804688
1327,0.465702,0.820312
1328,0.467897,0.812500
1329,0.468393,0.789062
1330,0.468328,0.835938
1331,0.466446,0.828125
1332,0.469391,0.835938
1333,0.460636,0.859375
1334,0.465400,0.804688
1335,0.464742,0.859375
1336,0.469527,0.757812
1337,0.467435,0.789062
1338,0.468305,0.859375
1339,0.467015,0.765625
1340,0.467676,0.820312
1341,0.467714,0.789062
1342,0.466848,0.812500
1343,0.468806,0.835938
1344,0.465941,0.851562
1345,0.465653,0.773438
1346,0.466332,0.796875
1347,0.463893,0.851562
1348,0.468364,0.828125
1349,0.467260,0.812500
1350,0.465118,0.804688
1351,0.469724,0.789062
1352,0.466932,0.789062
1353,0.469904,0.859375
1354,0.462806,0.820312
1355,0.468441,0.804688
1356,0.465695,0.843750
1357,0.464977,0.843750
1358,0.468659,0.843750
1359,0.464611,0.851562
1360,0.466556,0.867188
1361,0.468858,0.890625
1362,0.467464,0.820312
1363,0.468187,0.828125
1364,0.469527,0.875000
1365,0.468438,0.843750
1366,0.467258,0.890625
1367,0.465245,0.835938
1368,0.469426,0.906250
1369,0.469805,0.875000
1370,0.469238,0.906250
1371,0.466266,0.867188
1372,0.467918,0.906250
1373,0.468147,0.898438
1374,0.467345,0.898438
1375,0.468207,0.945312
1376,0.466449,0.859375
1377,0.468126,0.851562
1378,0.466210,0.867188
1379,0.467182,0.882812
1380,0.467579,0.937500
1381,0.465789,0.875000
1382,0.468129,0.921875
1383,0.467278,0.859375
1384,0.464328,0.882812
1385,0.466436,0.812500
1386,0.468246,0.882812
1387,0.469348,0.851562
1388,0.464975,0.867188
1389,0.467026,0.890625
1390,0.470006,0.835938
1391,0.465436,0.890625
1392,0.469755,0.867188
1393,0.469450,0.953125
1394,0.467247,0.843750
1395,0.468826,0.921875
1396,0.469160,0.835938
1397,0.466381,0.812500
1398,0.469356,0.890625
1399,0.468200,0.867188
1400,0.469757,0.804688
1401,0.468476,0.882812
1402,0.469498,0.828125
1403,0.465896,0.875000
1404,0.466926,0.851562
1405,0.463817,0.859375
1406,0.466638,0.875000
1407,0.468377,0.843750
1408,0.469580,0.843750
1409,0.469187,0.937500
1410,0.468496,0.867188
1411,0.469977,0.851562
1412,0.468010,0.796875
1413,0.469047,0.875000
1414,0.460442,0.812500
1415,0.468432,0.890625
1416,0.466357,0.804688
1417,0.470098,0.875000
1418,0.466062,0.859375
1419,0.467592,0.898438
1420,0.468731,0.851562
1421,0.468577,0.875000
1422,0.469644,0.820312
1423,0.465954,0.875000
1424,0.466612,0.867188
1425,0.469213,0.875000
1426,0.466286,0.867188
1427,0.467677,0.867188
1428,0.468587,0.898438
1429,0.469309,0.867188
1430,0.469043,0.875000
1431,0.468212,0.781250
1432,0.468761,0.835938
1433,0.469759,0.828125
1434,0.469009,0.820312
1435,0.468323,0.828125
1436,0.469227,0.843750
1437,0.469241,0.828125
1438,0.467672,0.867188
1439,0.467446,0.843750
1440,0.469083,0.812500
1441,0.469463,0.835938
1442,0.469261,0.898438
1443,0.466774,0.820312
1444,0.467376,0.898438
1445,0.468359,0.859375
1446,0.467880,0.789062
1447,0.469654,0.796875
1448,0.469709,0.796875
1449,0.468411,0.820312
1450,0.461448,0.812500
1451,0.469633,0.812500
1452,0.469758,0.804688
1453,0.469558,0.835938
1454,0.467497,0.789062
1455,0.467858,0.843750
1456,0.467823,0.804688
1457,0.467137,0.820312
1458,0.466732,0.843750
1459,0.469802,0.820312
1460,0.466244,0.789062
1461,0.463601,0.828125
1462,0.467606,0.789062
1463,0.469860,0.820312
1464,0.469630,0.812500
1465,0.467105,0.804688
1466,0.466932,0.843750
1467,0.463791,0.773438
1468,0.468309,0.765625
1469,0.468078,0.750000
1470,0.469636,0.820312
1471,0.469792,0.789062
1472,0.467062,0.718750
1473,0.469191,0.750000
1474,0.465124,0.773438
1475,0.469387,0.773438
1476,0.469196,0.750000
1477,0.466389,0.765625
1478,0.468648,0.773438
1479,0.465019,0.742188
1480,0.469095,0.734375
1481,0.463817,0.687500
1482,0.469334,0.773438
1483,0.467805,0.750000
1484,0.465030,0.679688
1485,0.467124,0.773438
1486,0.468937,0.828125
1487,0.467131,0.820312
1488,0.468583,0.757812
1489,0.464835,0.742188
1490,0.470142,0.804688
1491,0.467890,0.734375
1492,0.468254,0.765625
1493,0.467877,0.796875
1494,0.467120,0.796875
1495,0.469557,0.804688
1496,0.467490,0.781250
1497,0.469477,0.804688
1498,0.466855,0.828125
1499,0.469869,0.875000
1500,0.469128,0.828125
1501,0.467098,0.898438
1502,0.468835,0.906250
1503,0.464129,0.898438
1504,0.466706,0.835938
1505,0.469962,0.843750
1506,0.470105,0.867188
1507,0.465900,0.804688
1508,0.467924,0.875000
1509,0.469295,0.773438
1510,0.469430,0.875000
1511,0.469228,0.843750
1512,0.469641,0.835938
1513,0.469482,0.851562
1514,0.469681,0.835938
1515,0.469712,0.867188
1516,0.468219,0.859375
1517,0.469465,0.929688
1518,0.465713,0.890625
1519,0.469048,0.898438
1520,0.467703,0.875000
1521,0.465725,0.875000
1522,0.469573,0.859375
1523,0.469880,0.890625
1524,0.468766,0.835938
1525,0.466083,0.898438
1526,0.466405,0.882812
1527,0.468525,0.796875
1528,0.468115,0.851562
1529,0.468246,0.882812
1530,0.470002,0.828125
1531,0.469425,0.851562
1532,0.470100,0.843750
1533,0.467583,0.867188
1534,0.468338,0.875000
1535,0.468534,0.875000
1536,0.469392,0.867188
1537,0.468195,0.851562
1538,0.465783,0.867188
1539,0.467849,0.890625
1540,0.468625,0.781250
1541,0.469715,0.851562
1542,0.467813,0.851562
1543,0.467831,0.890625
1544,0.467046,0.851562
1545,0.469507,0.851562
1546,0.469686,0.859375
1547,0.467182,0.867188
1548,0.470161,0.890625
1549,0.470153,0.867188
1550,0.467010,0.859375
1551,0.469159,0.820312
1552,0.469972,0.914062
1553,0.464739,0.789062
1554,0.469367,0.859375
1555,0.467392,0.867188
1556,0.469977,0.875000
1557,0.467755,0.835938
1558,0.469630,0.882812
1559,0.468278,0.875000
1560,0.466725,0.859375
1561,0.467686,0.867188
1562,0.469851,0.875000
1563,0.470018,0.851562
1564,0.469814,0.906250
1565,0.468779,0.867188
1566,0.469663,0.867188
1567,0.465474,0.914062
1568,0.466433,0.882812
1569,0.469209,0.882812
1570,0.467249,0.867188
1571,0.470004,0.820312
1572,0.469523,0.843750
1573,0.469660,0.796875
1574,0.464304,0.851562
1575,0.467276,0.812500
1576,0.469496,0.828125
1577,0.467863,0.804688
1578,0.468460,0.789062
1579,0.465653,0.843750
1580,0.469352,0.820312
1581,0.470132,0.773438
1582,0.467701,0.828125
1583,0.465851,0.789062
1584,0.464896,0.937500
1585,0.468817,0.882812
1586,0.469440,0.812500
1587,0.466692,0.820312
1588,0.464111,0.890625
1589,0.469855,0.906250
1590,0.468243,0.835938
1591,0.469768,0.890625
1592,0.463845,0.898438
1593,0.468167,0.914062
1594,0.468404,0.906250
1595,0.468503,0.921875
1596,0.467689,0.875000
1597,0.469777,0.906250
1598,0.469843,0.859375
1599,0.469073,0.921875
1600,0.469112,0.890625
1601,0.465919,0.867188
1602,0.469874,0.835938
1603,0.467412,0.898438
1604,0.469901,0.898438
1605,0.470108,0.859375
1606,0.460879,0.867188
1607,0.469192,0.859375
1608,0.467907,0.937500
1609,0.470028,0.851562
1610,0.469087,0.851562
1611,0.468846,0.898438
1612,0.469730,0.898438
1613,0.468436,0.914062
1614,0.468507,0.890625
1615,0.470109,0.898438
1616,0.468525,0.867188
1617,0.469556,0.843750
1618,0.464329,0.906250
1619,0.469988,0.898438
1620,0.469325,0.851562
1621,0.466203,0.843750
1622,0.469760,0.867188
1623,0.468316,0.867188
1624,0.463745,0.890625
1625,0.465315,0.820312
1626,0.469244,0.867188
1627,0.467409,0.906250
1628,0.468416,0.835938
1629,0.464364,0.898438
1630,0.468024,0.828125
1631,0.468261,0.890625
1632,0.469765,0.828125
1633,0.466588,0.843750
1634,0.468467,0.882812
1635,0.468389,0.867188
1636,0.470236,0.828125
1637,0.470001,0.835938
1638,0.470056,0.843750
1639,0.467244,0.812500
1640,0.466031,0.812500
1641,0.469622,0.867188
1642,0.468956,0.812500
1643,0.469893,0.867188
1644,0.468147,0.835938
1645,0.470192,0.828125
1646,0.469822,0.843750
1647,0.469539,0.820312
1648,0.466898,0.828125
1649,0.466112,0.875000
1650,0.466296,0.812500
1651,0.463937,0.882812
1652,0.468961,0.851562
1653,0.467956,0.882812
1654,0.466682,0.867188
1655,0.470233,0.789062
1656,0.470018,0.867188
1657,0.470010,0.851562
1658,0.464162,0.859375
1659,0.469771,0.843750
1660,0.469623,0.835938
1661,0.468296,0.875000
1662,0.466412,0.859375
1663,0.467808,0.859375
1664,0.469759,0.835938
1665,0.468241,0.890625
1666,0.468615,0.820312
1667,0.467516,0.789062
1668,0.469090,0.835938
1669,0.470053,0.867188
1670,0.469702,0.875000
1671,0.468057,0.820312
1672,0.468302,0.812500
1673,0.469442,0.796875
1674,0.466383,0.882812
1675,0.469832,0.796875
1676,0.469575,0.812500
1677,0.469549,0.835938
1678,0.469269,0.859375
1679,0.468678,0.804688
1680,0.470103,0.835938
1681,0.466412,0.835938
1682,0.465998,0.843750
1683,0.467641,0.859375
1684,0.468497,0.851562
1685,0.468365,0.835938
1686,0.468776,0.843750
1687,0.467355,0.843750
1688,0.467999,0.820312
1689,0.469985,0.875000
1690,0.470243,0.867188
1691,0.468706,0.843750
1692,0.469060,0.867188
1693,0.470027,0.820312
1694,0.465319,0.789062
1695,0.469579,0.812500
1696,0.469556,0.851562
1697,0.468129,0.812500
1698,0.468808,0.898438
1699,0.470094,0.812500
1700,0.469856,0.906250
1701,0.469833,0.882812
1702,0.466372,0.898438
1703,0.466848,0.843750
1704,0.469630,0.851562
1705,0.468319,0.898438
1706,0.470008,0.851562
1707,0.468702,0.859375
1708,0.469484,0.882812
1709,0.467994,0.859375
1710,0.465646,0.835938
1711,0.467249,0.796875
1712,0.467978,0.859375
1713,0.467959,0.851562
1714,0.467697,0.843750
1715,0.467433,0.867188
1716,0.465904,0.820312
1717,0.468707,0.875000
1718,0.466188,0.812500
1719,0.468835,0.851562
1720,0.467070,0.867188
1721,0.468964,0.820312
1722,0.470130,0.773438
1723,0.468209,0.804688
1724,0.468438,0.781250
1725,0.469681,0.796875
1726,0.470016,0.867188
1727,0.467579,0.710938
1728,0.469490,0.773438
1729,0.465955,0.765625
1730,0.467183,0.812500
1731,0.470091,0.765625
1732,0.467803,0.820312
1733,0.470057,0.851562
1734,0.466338,0.859375
1735,0.468666,0.796875
1736,0.470017,0.875000
1737,0.468005,0.835938
1738,0.462367,0.812500
1739,0.469885,0.859375
1740,0.469766,0.812500
1741,0.469769,0.812500
1742,0.468768,0.828125
1743,0.469812,0.882812
1744,0.469226,0.898438
1745,0.470096,0.843750
1746,0.467248,0.828125
1747,0.468846,0.781250
1748,0.469555,0.867188
1749,0.469926,0.859375
1750,0.469281,0.890625
1751,0.466359,0.851562
1752,0.469693,0.835938
1753,0.470283,0.835938
1754,0.469480,0.859375
1755,0.467877,0.851562
1756,0.469586,0.835938
1757,0.469653,0.843750
1758,0.469730,0.820312
1759,0.470236,0.820312
1760,0.466846,0.812500
1761,0.469320,0.820312
1762,0.465596,0.796875
1763,0.467474,0.835938
1764,0.468018,0.851562
1765,0.469750,0.773438
1766,0.464519,0.835938
1767,0.469746,0.867188
1768,0.468836,0.882812
1769,0.469773,0.828125
1770,0.468975,0.843750
1771,0.470095,0.828125
1772,0.470183,0.750000
1773,0.469932,0.867188
1774,0.468340,0.898438
1775,0.468809,0.859375
1776,0.467897,0.867188
1777,0.469757,0.898438
1778,0.470032,0.843750
1779,0.468235,0.882812
1780,0.469528,0.867188
1781,0.468156,0.859375
1782,0.470111,0.890625
1783,0.470245,0.921875
1784,0.469166,0.875000
1785,0.468882,0.929688
1786,0.469591,0.859375
1787,0.470194,0.843750
1788,0.468094,0.898438
1789,0.469567,0.851562
1790,0.469625,0.867188
1791,0.468241,0.890625
1792,0.470069,0.898438
1793,0.468526,0.882812
1794,0.469807,0.890625
1795,0.470114,0.890625
1796,0.468222,0.882812
1797,0.468107,0.937500
1798,0.468009,0.867188
1799,0.469886,0.867188
1800,0.468586,0.875000
1801,0.467657,0.875000
1802,0.470014,0.851562
1803,0.469956,0.828125
1804,0.467407,0.906250
1805,0.468997,0.867188
1806,0.469535,0.867188
1807,0.469097,0.890625
1808,0.468393,0.851562
1809,0.468069,0.843750
1810,0.470150,0.882812
1811,0.468705,0.890625
1812,0.469297,0.882812
1813,0.469132,0.859375
1814,0.470148,0.843750
1815,0.470111,0.890625
1816,0.470157,0.906250
1817,0.469841,0.882812
1818,0.469379,0.875000
1819,0.469129,0.835938
1820,0.470108,0.859375
1821,0.468157,0.882812
1822,0.470193,0.843750
1823,0.469706,0.859375
1824,0.468935,0.867188
1825,0.469971,0.882812
1826,0.468277,0.859375
1827,0.470191,0.851562
1828,0.469613,0.835938
1829,0.470178,0.835938
1830,0.469917,0.882812
1831,0.468044,0.820312
1832,0.466993,0.914062
1833,0.470280,0.851562
1834,0.467386,0.937500
1835,0.469426,0.781250
1836,0.468340,0.828125
1837,0.466354,0.882812
1838,0.468371,0.851562
1839,0.469960,0.804688
1840,0.469803,0.789062
1841,0.470103,0.867188
1842,0.470187,0.781250
1843,0.465722,0.820312
1844,0.466982,0.851562
1845,0.470177,0.734375
1846,0.470232,0.757812
1847,0.469226,0.726562
1848,0.469482,0.796875
1849,0.467716,0.835938
1850,0.468367,0.734375
1851,0.470232,0.765625
1852,0.470025,0.734375
1853,0.469404,0.757812
1854,0.470127,0.750000
1855,0.469683,0.695312
1856,0.469592,0.796875
1857,0.470171,0.695312
1858,0.470142,0.812500
1859,0.465020,0.742188
1860,0.469952,0.765625
1861,0.470233,0.695312
1862,0.468789,0.765625
1863,0.470165,0.640625
1864,0.470184,0.789062
1865,0.467226,0.812500
1866,0.467870,0.703125
1867,0.469136,0.687500
1868,0.467827,0.726562
1869,0.463509,0.710938
1870,0.467157,0.726562
1871,0.469731,0.687500
1872,0.469384,0.765625
1873,0.468993,0.718750
1874,0.470043,0.750000
1875,0.469881,0.765625
1876,0.469732,0.765625
1877,0.467449,0.718750
1878,0.469284,0.789062
1879,0.467759,0.765625
1880,0.467976,0.789062
1881,0.464145,0.812500
1882,0.466465,0.710938
1883,0.469911,0.828125
1884,0.470228,0.703125
1885,0.466970,0.812500
1886,0.469613,0.742188
1887,0.467576,0.781250
1888,0.469918,0.726562
1889,0.469182,0.726562
1890,0.467268,0.781250
1891,0.468630,0.726562
1892,0.468577,0.765625
1893,0.469974,0.750000
1894,0.467575,0.820312
1895,0.470189,0.828125
1896,0.468328,0.804688
1897,0.470283,0.742188
1898,0.466331,0.796875
1899,0.467987,0.828125
1900,0.468233,0.789062
1901,0.468628,0.820312
1902,0.470136,0.859375
1903,0.469711,0.820312
1904,0.465279,0.859375
1905,0.469761,0.882812
1906,0.465802,0.812500
1907,0.464285,0.859375
1908,0.469843,0.867188
1909,0.470172,0.820312
1910,0.467728,0.812500
1911,0.468206,0.859375
1912,0.467214,0.835938
1913,0.470237,0.843750
1914,0.469953,0.835938
1915,0.469615,0.859375
1916,0.468458,0.921875
1917,0.470111,0.859375
1918,0.469752,0.859375
1919,0.467923,0.914062
1920,0.466262,0.875000
1921,0.464758,0.906250
1922,0.469913,0.851562
1923,0.469775,0.898438
1924,0.470283,0.914062
1925,0.469992,0.890625
1926,0.469805,0.898438
1927,0.470201,0.914062
1928,0.470283,0.875000
1929,0.470114,0.906250
1930,0.469192,0.875000
1931,0.469653,0.851562
1932,0.470117,0.914062
1933,0.469922,0.843750
1934,0.469910,0.937500
1935,0.469732,0.875000
1936,0.469558,0.835938
1937,0.468629,0.882812
1938,0.469181,0.906250
1939,0.467798,0.898438
1940,0.468970,0.929688
1941,0.469921,0.882812
1942,0.468811,0.929688
1943,0.469100,0.914062
1944,0.470239,0.875000
1945,0.469819,0.898438
1946,0.468059,0.882812
1947,0.469586,0.882812
1948,0.467532,0.890625
1949,0.470239,0.835938
1950,0.469888,0.898438
1951,0.470096,0.835938
1952,0.469818,0.898438
1953,0.468373,0.867188
1954,0.469981,0.914062
1955,0.468438,0.843750
1956,0.468982,0.859375
1957,0.468362,0.875000
1958,0.469627,0.867188
1959,0.470152,0.890625
1960,0.468573,0.906250
1961,0.468560,0.859375
1962,0.470195,0.851562
1963,0.469941,0.890625
1964,0.469810,0.882812
1965,0.468908,0.851562
1966,0.469841,0.890625
1967,0.469374,0.898438
1968,0.467065,0.921875
1969,0.469681,0.882812
1970,0.469485,0.914062
1971,0.470117,0.875000
1972,0.469902,0.890625
1973,0.466548,0.804688
1974,0.470056,0.859375
1975,0.469797,0.921875
1976,0.469439,0.835938
1977,0.470026,0.890625
1978,0.470195,0.882812
1979,0.468035,0.937500
1980,0.469246,0.875000
1981,0.469759,0.867188
1982,0.470093,0.921875
1983,0.470056,0.882812
1984,0.469182,0.835938
1985,0.468412,0.890625
1986,0.470091,0.882812
1987,0.468567,0.835938
1988,0.469743,0.921875
1989,0.470196,0.898438
1990,0.467231,0.851562
1991,0.470000,0.804688
1992,0.470188,0.820312
1993,0.470201,0.835938
1994,0.468317,0.875000
1995,0.469533,0.843750
1996,0.469167,0.875000
1997,0.469813,0.804688
1998,0.468677,0.867188
1999,0.470135,0.781250
2000,0.469658,0.820312
2001,0.470193,0.835938
2002,0.470149,0.851562
2003,0.470188,0.828125
2004,0.469507,0.781250
2005,0.470127,0.734375
2006,0.468646,0.843750
2007,0.468661,0.773438
2008,0.470290,0.843750
2009,0.470143,0.835938
2010,0.470229,0.781250
2011,0.470093,0.820312
2012,0.470019,0.875000
2013,0.467745,0.804688
2014,0.470181,0.765625
2015,0.469910,0.812500
2016,0.470283,0.773438
2017,0.464081,0.843750
2018,0.470144,0.820312
2019,0.470188,0.820312
2020,0.468652,0.820312
2021,0.468294,0.820312
2022,0.468522,0.773438
2023,0.470087,0.804688
2024,0.469547,0.875000
2025,0.469879,0.851562
2026,0.468064,0.781250
2027,0.470283,0.835938
2028,0.467973,0.796875
2029,0.468809,0.828125
2030,0.467986,0.859375
2031,0.469741,0.843750
2032,0.470242,0.843750
2033,0.470194,0.843750
2034,0.468962,0.796875
2035,0.470101,0.859375
2036,0.469744,0.859375
2037,0.469282,0.835938
2038,0.470194,0.875000
2039,0.468076,0.820312
2040,0.470068,0.882812
2041,0.470283,0.828125
2042,0.466269,0.804688
2043,0.470282,0.773438
2044,0.469865,0.820312
2045,0.469851,0.875000
2046,0.469780,0.781250
2047,0.468074,0.820312
2048,0.468983,0.820312
2049,0.469305,0.812500
2050,0.469194,0.859375
2051,0.470149,0.820312
2052,0.469312,0.812500
2053,0.469242,0.773438
2054,0.467520,0.835938
2055,0.468318,0.796875
2056,0.468405,0.742188
2057,0.470181,0.734375
2058,0.467502,0.828125
2059,0.468730,0.781250
2060,0.470006,0.804688
2061,0.470041,0.781250
2062,0.468323,0.804688
2063,0.468477,0.835938
2064,0.464916,0.804688
2065,0.469750,0.789062
2066,0.470283,0.835938
2067,0.469962,0.859375
2068,0.467209,0.796875
2069,0.470283,0.773438
2070,0.470179,0.750000
2071,0.470283,0.765625
2072,0.468750,0.765625
2073,0.469779,0.828125
2074,0.469679,0.789062
2075,0.468920,0.773438
2076,0.470030,0.859375
2077,0.469847,0.789062
2078,0.469742,0.843750
2079,0.469892,0.796875
2080,0.466073,0.750000
2081,0.469835,0.867188
2082,0.468427,0.812500
2083,0.466351,0.812500
2084,0.468400,0.812500
2085,0.467963,0.835938
2086,0.470282,0.828125
2087,0.470282,0.742188
2088,0.470090,0.781250
2089,0.468005,0.835938
2090,0.470283,0.765625
2091,0.466382,0.796875
2092,0.470235,0.812500
2093,0.470193,0.835938
2094,0.467699,0.789062
2095,0.468970,0.789062
2096,0.468643,0.804688
2097,0.470191,0.820312
2098,0.465755,0.750000
2099,0.470000,0.859375
2100,0.467492,0.812500
2101,0.469762,0.804688
2102,0.468211,0.796875
2103,0.470283,0.726562
2104,0.468431,0.820312
2105,0.470007,0.796875
2106,0.470184,0.804688
2107,0.470088,0.773438
2108,0.470198,0.882812
2109,0.469143,0.804688
2110,0.464845,0.820312
2111,0.469589,0.867188
2112,0.467900,0.828125
2113,0.469808,0.882812
2114,0.469363,0.867188
2115,0.469125,0.867188
2116,0.469397,0.835938
2117,0.469623,0.757812
2118,0.466412,0.781250
2119,0.467629,0.804688
2120,0.467310,0.765625
2121,0.470179,0.726562
2122,0.469514,0.843750
2123,0.467002,0.781250
2124,0.468775,0.812500
2125,0.469716,0.812500
2126,0.470048,0.789062
2127,0.469670,0.875000
2128,0.469659,0.796875
2129,0.470106,0.851562
2130,0.470103,0.804688
2131,0.470100,0.835938
2132,0.469568,0.750000
2133,0.468659,0.812500
2134,0.469936,0.804688
2135,0.469218,0.781250
2136,0.469787,0.859375
2137,0.470278,0.781250
2138,0.467747,0.820312
2139,0.469866,0.835938
2140,0.469463,0.835938
2141,0.467790,0.812500
2142,0.467778,0.796875
2143,0.470143,0.882812
2144,0.470154,0.789062
2145,0.469920,0.835938
2146,0.470151,0.796875
2147,0.469859,0.828125
2148,0.467074,0.796875
2149,0.470188,0.820312
2150,0.470235,0.812500
2151,0.470188,0.789062
2152,0.467996,0.796875
2153,0.470100,0.835938
2154,0.470000,0.812500
2155,0.467990,0.789062
2156,0.470143,0.804688
2157,0.469379,0.804688
2158,0.470283,0.765625
2159,0.470283,0.804688
2160,0.467444,0.812500
2161,0.469947,0.781250
2162,0.469326,0.843750
2163,0.470283,0.828125
2164,0.469487,0.828125
2165,0.470184,0.789062
2166,0.470110,0.820312
2167,0.470012,0.843750
2168,0.470223,0.789062
2169,0.467844,0.851562
2170,0.467451,0.804688
2171,0.470283,0.890625
2172,0.468547,0.812500
2173,0.469866,0.914062
2174,0.470108,0.875000
2175,0.468949,0.820312
2176,0.468453,0.875000
2177,0.470050,0.835938
2178,0.470283,0.835938
2179,0.470196,0.867188
2180,0.470193,0.835938
2181,0.470161,0.898438
2182,0.469951,0.898438
2183,0.470114,0.906250
2184,0.468487,0.828125
2185,0.470062,0.859375
2186,0.469899,0.914062
2187,0.469971,0.882812
2188,0.470155,0.914062
2189,0.467782,0.859375
2190,0.470093,0.914062
2191,0.468129,0.882812
2192,0.468445,0.914062
2193,0.470283,0.859375
2194,0.467992,0.890625
2195,0.470181,0.859375
2196,0.470283,0.898438
2197,0.468170,0.859375
2198,0.470282,0.875000
2199,0.469873,0.843750
2200,0.469693,0.843750
2201,0.469934,0.867188
2202,0.470283,0.929688
2203,0.469872,0.835938
2204,0.470283,0.843750
2205,0.469650,0.820312
2206,0.469052,0.835938
2207,0.469991,0.773438
2208,0.470169,0.796875
2209,0.470203,0.867188
2210,0.468346,0.867188
2211,0.469923,0.875000
2212,0.469871,0.851562
2213,0.466692,0.851562
2214,0.469790,0.867188
2215,0.470093,0.820312
2216,0.470188,0.820312
2217,0.470184,0.789062
2218,0.470046,0.812500
2219,0.470137,0.859375
2220,0.469777,0.828125
2221,0.468965,0.882812
2222,0.470194,0.875000
2223,0.465592,0.867188
2224,0.469123,0.882812
2225,0.467321,0.882812
2226,0.468754,0.882812
2227,0.467963,0.867188
2228,0.469313,0.851562
2229,0.470032,0.867188
2230,0.470199,0.875000
2231,0.470283,0.804688
2232,0.469799,0.867188
2233,0.470142,0.828125
2234,0.470149,0.875000
2235,0.470283,0.843750
2236,0.470241,0.835938
2237,0.470283,0.835938
2238,0.468934,0.867188
2239,0.470192,0.859375
2240,0.470104,0.875000
2241,0.469903,0.828125
2242,0.468948,0.875000
2243,0.469884,0.859375
2244,0.470198,0.867188
2245,0.468829,0.867188
2246,0.469937,0.875000
2247,0.469689,0.796875
2248,0.469899,0.820312
2249,0.469838,0.898438
2250,0.470196,0.898438
2251,0.467508,0.773438
2252,0.468873,0.890625
2253,0.469528,0.867188
2254,0.469829,0.867188
2255,0.470237,0.835938
2256,0.469920,0.835938
2257,0.469094,0.851562
2258,0.468132,0.804688
2259,0.470234,0.796875
2260,0.470283,0.773438
2261,0.470190,0.835938
2262,0.470100,0.851562
2263,0.470224,0.835938
2264,0.469488,0.820312
2265,0.468754,0.742188
2266,0.470134,0.765625
2267,0.470283,0.820312
2268,0.470147,0.812500
2269,0.469193,0.828125
2270,0.469332,0.765625
2271,0.470190,0.812500
2272,0.469688,0.757812
2273,0.469969,0.851562
2274,0.466806,0.781250
2275,0.470282,0.828125
2276,0.470145,0.765625
2277,0.470100,0.835938
2278,0.470179,0.750000
2279,0.469851,0.812500
2280,0.470234,0.789062
2281,0.470146,0.835938
2282,0.470283,0.812500
2283,0.468012,0.765625
2284,0.470235,0.812500
2285,0.470283,0.851562
2286,0.470135,0.789062
2287,0.470283,0.875000
2288,0.467836,0.757812
2289,0.469355,0.750000
2290,0.469271,0.812500
2291,0.470283,0.781250
2292,0.470091,0.812500
2293,0.470106,0.843750
2294,0.467748,0.773438
2295,0.468356,0.734375
2296,0.470283,0.851562
2297,0.469321,0.851562
2298,0.470239,0.882812
2299,0.469583,0.789062
2300,0.465804,0.781250
2301,0.470091,0.789062
2302,0.468132,0.789062
2303,0.469459,0.882812
2304,0.470188,0.820312
2305,0.469985,0.781250
2306,0.470283,0.710938
2307,0.470010,0.828125
2308,0.470283,0.820312
2309,0.465827,0.796875
2310,0.467946,0.828125
2311,0.469186,0.859375
2312,0.468883,0.843750
2313,0.470283,0.851562
2314,0.469838,0.843750
2315,0.469788,0.914062
2316,0.470111,0.882812
2317,0.467196,0.875000
2318,0.469968,0.875000
2319,0.466942,0.914062
2320,0.468420,0.890625
2321,0.470282,0.882812
2322,0.469780,0.882812
2323,0.468713,0.882812
2324,0.470105,0.875000
2325,0.468906,0.882812
2326,0.468502,0.898438
2327,0.469938,0.890625
2328,0.469914,0.921875
2329,0.469586,0.929688
2330,0.469773,0.898438
2331,0.469756,0.921875
2332,0.468652,0.906250
2333,0.468056,0.914062
2334,0.469835,0.851562
2335,0.470275,0.875000
2336,0.470283,0.851562
2337,0.468353,0.906250
2338,0.470238,0.867188
2339,0.467829,0.929688
2340,0.469263,0.929688
2341,0.469992,0.929688
2342,0.469576,0.937500
2343,0.470244,0.875000
2344,0.470178,0.867188
2345,0.469560,0.898438
2346,0.470105,0.875000
2347,0.470196,0.867188
2348,0.470057,0.851562
2349,0.470118,0.914062
2350,0.470245,0.914062
2351,0.468175,0.898438
2352,0.469930,0.898438
2353,0.470283,0.898438
2354,0.470102,0.898438
2355,0.468187,0.929688
2356,0.469709,0.859375
2357,0.470283,0.953125
2358,0.470283,0.929688
2359,0.470116,0.906250
2360,0.469023,0.937500
2361,0.469764,0.929688
2362,0.470166,0.945312
2363,0.470123,0.968750
2364,0.470115,0.929688
2365,0.468237,0.945312
2366,0.470283,0.937500
2367,0.470283,0.914062
2368,0.468647,0.921875
2369,0.468244,0.945312
2370,0.470201,0.898438
2371,0.467976,0.906250
2372,0.468592,0.937500
2373,0.467856,0.898438
2374,0.470197,0.906250
2375,0.469555,0.882812
2376,0.469893,0.906250
2377,0.469984,0.890625
2378,0.467052,0.906250
2379,0.470006,0.937500
2380,0.467850,0.953125
2381,0.470142,0.890625
2382,0.470199,0.921875
2383,0.470204,0.984375
2384,0.470203,0.945312
2385,0.470325,0.890625
2386,0.470161,0.937500
2387,0.470203,0.921875
2388,0.468833,0.945312
2389,0.470280,0.921875
2390,0.470163,0.953125
2391,0.470241,0.921875
2392,0.470200,0.937500
2393,0.470204,0.953125
2394,0.470160,0.929688
2395,0.469370,0.906250
2396,0.468729,0.929688
2397,0.467575,0.929688
2398,0.468000,0.945312
2399,0.470283,0.921875
2400,0.467801,0.921875
2401,0.470241,0.929688
2402,0.467352,0.921875
2403,0.470283,0.937500
2404,0.470124,0.898438
2405,0.469933,0.953125
2406,0.467355,0.906250
2407,0.469101,0.898438
2408,0.470114,0.898438
2409,0.468702,0.859375
2410,0.469845,0.937500
2411,0.469918,0.843750
2412,0.470241,0.929688
2413,0.470238,0.890625
2414,0.470075,0.906250
2415,0.470199,0.929688
2416,0.469795,0.882812
2417,0.470241,0.921875
2418,0.470283,0.882812
2419,0.470196,0.898438
2420,0.469989,0.875000
2421,0.469128,0.914062
2422,0.466796,0.867188
2423,0.470239,0.875000
2424,0.468184,0.875000
2425,0.469489,0.867188
2426,0.465959,0.867188
2427,0.470282,0.867188
2428,0.470146,0.906250
2429,0.470179,0.835938
2430,0.470194,0.843750
2431,0.470283,0.804688
2432,0.469903,0.796875
2433,0.470195,0.851562
2434,0.468467,0.867188
2435,0.470150,0.859375
2436,0.470187,0.875000
2437,0.470237,0.851562
2438,0.469870,0.851562
2439,0.470200,0.898438
2440,0.470149,0.875000
2441,0.469021,0.867188
2442,0.470276,0.843750
2443,0.470237,0.843750
2444,0.470283,0.843750
2445,0.469902,0.929688
2446,0.470152,0.875000
2447,0.470283,0.890625
2448,0.470192,0.859375
2449,0.470159,0.890625
2450,0.470283,0.828125
2451,0.467322,0.875000
2452,0.469898,0.890625
2453,0.469883,0.859375
2454,0.468175,0.898438
2455,0.470195,0.859375
2456,0.470283,0.773438
2457,0.468818,0.851562
2458,0.470283,0.867188
2459,0.470192,0.828125
2460,0.470283,0.812500
2461,0.470191,0.843750
2462,0.470282,0.843750
2463,0.468461,0.890625
2464,0.470146,0.835938
2465,0.470236,0.828125
2466,0.469837,0.804688
2467,0.467831,0.851562
2468,0.470144,0.820312
2469,0.470283,0.859375
2470,0.469309,0.828125
2471,0.470186,0.804688
2472,0.470141,0.851562
2473,0.468496,0.875000
2474,0.469427,0.812500
2475,0.470195,0.859375
2476,0.470191,0.820312
2477,0.470283,0.875000
2478,0.470186,0.804688
2479,0.470283,0.820312
2480,0.470235,0.804688
2481,0.468224,0.734375
2482,0.470185,0.796875
2483,0.470283,0.820312
2484,0.470185,0.796875
2485,0.470085,0.773438
2486,0.468675,0.812500
2487,0.470195,0.859375
2488,0.470136,0.757812
2489,0.470283,0.820312
2490,0.470187,0.812500
2491,0.470188,0.820312
2492,0.469701,0.812500
2493,0.470145,0.835938
2494,0.470283,0.820312
2495,0.466283,0.820312
2496,0.470103,0.843750
2497,0.469006,0.843750
2498,0.470106,0.851562
2499,0.470193,0.867188
2500,0.470231,0.742188
2501,0.470101,0.820312
2502,0.468363,0.804688
2503,0.466605,0.812500
2504,0.470283,0.796875
2505,0.470236,0.820312
2506,0.467968,0.781250
2507,0.469860,0.812500
2508,0.469556,0.796875
2509,0.469009,0.796875
2510,0.470296,0.757812
2511,0.468772,0.867188
2512,0.470192,0.828125
2513,0.470283,0.828125
2514,0.470233,0.789062
2515,0.470192,0.851562
2516,0.470283,0.812500
2517,0.470137,0.773438
2518,0.470237,0.851562
2519,0.470283,0.742188
2520,0.469728,0.828125
2521,0.468500,0.789062
2522,0.470022,0.875000
2523,0.470174,0.835938
2524,0.469655,0.812500
2525,0.470239,0.882812
2526,0.468217,0.890625
2527,0.468990,0.804688
2528,0.469163,0.875000
2529,0.469865,0.835938
2530,0.469436,0.859375
2531,0.470111,0.843750
2532,0.470146,0.843750
2533,0.468107,0.882812
2534,0.470147,0.859375
2535,0.470283,0.843750
2536,0.469879,0.851562
2537,0.470283,0.867188
2538,0.469145,0.875000
2539,0.469910,0.812500
2540,0.468381,0.906250
2541,0.469855,0.820312
2542,0.470189,0.828125
2543,0.470283,0.820312
2544,0.470185,0.796875
2545,0.470283,0.875000
2546,0.469824,0.765625
2547,0.470283,0.820312
2548,0.469871,0.851562
2549,0.467959,0.875000
2550,0.470283,0.835938
2551,0.468896,0.851562
2552,0.469413,0.859375
2553,0.469790,0.828125
2554,0.470274,0.796875
2555,0.470283,0.820312
2556,0.470234,0.789062
2557,0.470283,0.781250
2558,0.470186,0.804688
2559,0.470036,0.789062
2560,0.469254,0.835938
2561,0.470283,0.843750
2562,0.470283,0.867188
2563,0.470134,0.843750
2564,0.469650,0.781250
2565,0.470278,0.835938
2566,0.470206,0.867188
2567,0.470236,0.820312
2568,0.470283,0.765625
2569,0.470196,0.875000
2570,0.470283,0.812500
2571,0.469974,0.851562
2572,0.467536,0.859375
2573,0.470283,0.812500
2574,0.470283,0.820312
2575,0.470283,0.859375
2576,0.470283,0.796875
2577,0.469233,0.882812
2578,0.467119,0.851562
2579,0.470283,0.812500
2580,0.470100,0.835938
2581,0.470188,0.820312
2582,0.470237,0.867188
2583,0.469286,0.867188
2584,0.469481,0.867188
2585,0.470283,0.812500
2586,0.470084,0.835938
2587,0.470283,0.796875
2588,0.470254,0.804688
2589,0.470237,0.843750
2590,0.470181,0.750000
2591,0.467946,0.828125
2592,0.470283,0.804688
2593,0.470186,0.773438
2594,0.470183,0.781250
2595,0.470282,0.789062
2596,0.470144,0.843750
2597,0.470182,0.757812
2598,0.470139,0.765625
2599,0.469544,0.812500
2600,0.469760,0.710938
2601,0.468508,0.851562
2602,0.470042,0.796875
2603,0.470108,0.859375
2604,0.470233,0.781250
2605,0.465418,0.695312
2606,0.470172,0.679688
2607,0.466863,0.695312
2608,0.470283,0.796875
2609,0.470235,0.804688
2610,0.469442,0.812500
2611,0.470283,0.695312
2612,0.468890,0.757812
2613,0.470235,0.726562
2614,0.470226,0.687500
2615,0.470188,0.789062
2616,0.470186,0.757812
2617,0.470283,0.789062
2618,0.468191,0.843750
2619,0.469250,0.804688
2620,0.466287,0.789062
2621,0.468550,0.726562
2622,0.469773,0.710938
2623,0.469928,0.828125
2624,0.470181,0.765625
2625,0.470179,0.750000
2626,0.469239,0.828125
2627,0.469856,0.804688
2628,0.470283,0.773438
2629,0.468910,0.796875
2630,0.470048,0.820312
2631,0.470057,0.851562
2632,0.469846,0.773438
2633,0.470192,0.859375
2634,0.470238,0.859375
2635,0.469934,0.789062
2636,0.470070,0.882812
2637,0.470282,0.734375
2638,0.470283,0.804688
2639,0.467515,0.804688
2640,0.470198,0.781250
2641,0.468822,0.828125
2642,0.470001,0.835938
2643,0.470186,0.804688
2644,0.470283,0.750000
2645,0.470139,0.812500
2646,0.468843,0.820312
2647,0.470190,0.804688
2648,0.465923,0.820312
2649,0.470189,0.828125
2650,0.467361,0.781250
2651,0.470283,0.796875
2652,0.470282,0.843750
2653,0.469976,0.835938
2654,0.469757,0.796875
2655,0.469956,0.843750
2656,0.470295,0.812500
2657,0.470189,0.835938
2658,0.470152,0.859375
2659,0.469784,0.835938
2660,0.469658,0.796875
2661,0.470283,0.851562
2662,0.470283,0.835938
2663,0.470283,0.812500
2664,0.469285,0.843750
2665,0.470004,0.820312
2666,0.470282,0.875000
2667,0.469328,0.843750
2668,0.468688,0.875000
2669,0.470283,0.882812
2670,0.470307,0.804688
2671,0.470283,0.851562
2672,0.469402,0.843750
2673,0.470156,0.851562
2674,0.470193,0.867188
2675,0.469898,0.875000
2676,0.470103,0.867188
2677,0.470014,0.851562
2678,0.467898,0.875000
2679,0.468367,0.851562
2680,0.467955,0.804688
2681,0.468536,0.859375
2682,0.470283,0.851562
2683,0.470283,0.820312
2684,0.469829,0.757812
2685,0.470185,0.796875
2686,0.469875,0.843750
2687,0.470186,0.804688
2688,0.470197,0.875000
2689,0.470193,0.835938
2690,0.470192,0.828125
2691,0.468434,0.835938
2692,0.469965,0.867188
2693,0.470191,0.820312
2694,0.470283,0.898438
2695,0.468190,0.906250
2696,0.470199,0.898438
2697,0.468657,0.835938
2698,0.470283,0.859375
2699,0.468306,0.820312
2700,0.470197,0.875000
2701,0.470236,0.820312
2702,0.468688,0.851562
2703,0.470194,0.875000
2704,0.470195,0.859375
2705,0.470017,0.851562
2706,0.470238,0.867188
2707,0.467968,0.859375
2708,0.470105,0.867188
2709,0.470143,0.835938
2710,0.470152,0.875000
2711,0.468202,0.835938
2712,0.470283,0.820312
2713,0.469081,0.843750
2714,0.467424,0.875000
2715,0.470056,0.828125
2716,0.470283,0.828125
2717,0.468426,0.867188
2718,0.470247,0.812500
2719,0.469862,0.835938
2720,0.470283,0.820312
2721,0.469849,0.906250
2722,0.470234,0.796875
2723,0.469762,0.781250
2724,0.470283,0.750000
2725,0.470283,0.781250
2726,0.470282,0.812500
2727,0.470134,0.765625
2728,0.470196,0.867188
2729,0.470283,0.773438
2730,0.470191,0.851562
2731,0.470100,0.835938
2732,0.468549,0.820312
2733,0.470188,0.820312
2734,0.470188,0.789062
2735,0.470283,0.835938
2736,0.470439,0.851562
2737,0.465563,0.773438
2738,0.468054,0.812500
2739,0.470283,0.859375
2740,0.470237,0.843750
2741,0.470236,0.820312
2742,0.469751,0.804688
2743,0.470283,0.859375
2744,0.470179,0.804688
2745,0.470144,0.820312
2746,0.467779,0.765625
2747,0.468160,0.820312
2748,0.468080,0.789062
2749,0.467850,0.859375
2750,0.470190,0.835938
2751,0.467817,0.804688
2752,0.470246,0.796875
2753,0.469568,0.867188
2754,0.470283,0.820312
2755,0.470199,0.898438
2756,0.470236,0.828125
2757,0.469744,0.796875
2758,0.470178,0.867188
2759,0.469962,0.859375
2760,0.470199,0.890625
2761,0.468395,0.812500
2762,0.467857,0.867188
2763,0.470239,0.875000
2764,0.470145,0.828125
2765,0.470283,0.796875
2766,0.470200,0.890625
2767,0.470283,0.875000
2768,0.470191,0.843750
2769,0.469909,0.914062
2770,0.468192,0.937500
2771,0.468293,0.804688
2772,0.469493,0.890625
2773,0.470283,0.921875
2774,0.470282,0.929688
2775,0.470283,0.906250
2776,0.468878,0.867188
2777,0.469466,0.890625
2778,0.470239,0.882812
2779,0.470190,0.835938
2780,0.470283,0.914062
2781,0.470154,0.882812
2782,0.470120,0.914062
2783,0.467825,0.906250
2784,0.467220,0.843750
2785,0.470283,0.867188
2786,0.466751,0.906250
2787,0.470194,0.875000
2788,0.470195,0.890625
2789,0.470159,0.890625
2790,0.470244,0.882812
2791,0.470283,0.851562
2792,0.469481,0.812500
2793,0.467651,0.875000
2794,0.470120,0.890625
2795,0.470281,0.867188
2796,0.470283,0.921875
2797,0.470160,0.914062
2798,0.469166,0.898438
2799,0.470283,0.914062
2800,0.470283,0.882812
2801,0.466708,0.890625
2802,0.466261,0.906250
2803,0.469488,0.859375
2804,0.469444,0.882812
2805,0.469536,0.945312
2806,0.470238,0.882812
2807,0.468815,0.898438
2808,0.469842,0.882812
2809,0.470197,0.875000
2810,0.467800,0.890625
2811,0.470281,0.875000
2812,0.470200,0.906250
2813,0.470194,0.890625
2814,0.470154,0.859375
2815,0.470115,0.914062
2816,0.469407,0.914062
2817,0.470368,0.859375
2818,0.470116,0.890625
2819,0.470283,0.898438
2820,0.470193,0.867188
2821,0.467763,0.882812
2822,0.470157,0.906250
2823,0.470198,0.882812
2824,0.470124,0.945312
2825,0.470199,0.906250
2826,0.470238,0.867188
2827,0.470069,0.898438
2828,0.470283,0.882812
2829,0.470282,0.937500
2830,0.470283,0.921875
2831,0.469937,0.875000
2832,0.469920,0.953125
2833,0.467622,0.898438
2834,0.470283,0.875000
2835,0.470283,0.890625
2836,0.470283,0.851562
2837,0.470283,0.914062
2838,0.470240,0.906250
2839,0.470283,0.875000
2840,0.470197,0.875000
2841,0.470200,0.906250
2842,0.470283,0.875000
2843,0.468830,0.890625
2844,0.470103,0.867188
2845,0.469976,0.898438
2846,0.468564,0.859375
2847,0.470283,0.914062
2848,0.470194,0.875000
2849,0.470148,0.843750
2850,0.470162,0.929688
2851,0.468319,0.859375
2852,0.470240,0.906250
2853,0.469990,0.906250
2854,0.470198,0.914062
2855,0.470283,0.914062
2856,0.470194,0.828125
2857,0.470244,0.898438
2858,0.469977,0.875000
2859,0.470283,0.898438
2860,0.470162,0.929688
2861,0.470283,0.859375
2862,0.470293,0.914062
2863,0.470283,0.835938
2864,0.468617,0.929688
2865,0.470198,0.914062
2866,0.468386,0.843750
2867,0.470240,0.906250
2868,0.470283,0.875000
2869,0.470274,0.796875
2870,0.470283,0.921875
2871,0.470196,0.867188
2872,0.470283,0.945312
2873,0.470283,0.875000
2874,0.468097,0.875000
2875,0.470231,0.750000
2876,0.470174,0.835938
2877,0.470103,0.867188
2878,0.469813,0.835938
2879,0.470283,0.867188
2880,0.470283,0.843750
2881,0.470190,0.820312
2882,0.470242,0.851562
2883,0.470234,0.796875
2884,0.470195,0.851562
2885,0.470238,0.875000
2886,0.470240,0.898438
2887,0.470283,0.796875
2888,0.470283,0.882812
2889,0.470171,0.734375
2890,0.467415,0.867188
2891,0.470241,0.835938
2892,0.470241,0.828125
2893,0.469792,0.859375
2894,0.470283,0.843750
2895,0.468078,0.859375
2896,0.470283,0.820312
2897,0.470203,0.828125
2898,0.470144,0.843750
2899,0.469276,0.851562
2900,0.468918,0.773438
2901,0.470283,0.812500
2902,0.470283,0.851562
2903,0.468444,0.789062
2904,0.470237,0.851562
2905,0.470188,0.820312
2906,0.470095,0.820312
2907,0.468933,0.882812
2908,0.469944,0.812500
2909,0.468091,0.835938
2910,0.470086,0.765625
2911,0.470283,0.757812
2912,0.470235,0.804688
2913,0.470283,0.718750
2914,0.470231,0.750000
2915,0.470283,0.843750
2916,0.470230,0.734375
2917,0.470283,0.742188
2918,0.470226,0.687500
2919,0.470167,0.632812
2920,0.470283,0.718750
2921,0.470227,0.695312
2922,0.470283,0.750000
2923,0.470283,0.679688
2924,0.468961,0.710938
2925,0.470283,0.703125
2926,0.470283,0.671875
2927,0.470230,0.734375
2928,0.470228,0.710938
2929,0.470283,0.781250
2930,0.468277,0.703125
2931,0.469741,0.710938
2932,0.469236,0.695312
2933,0.470283,0.828125
2934,0.470283,0.703125
2935,0.470228,0.710938
2936,0.470283,0.781250
2937,0.470283,0.734375
2938,0.470283,0.726562
2939,0.470283,0.781250
2940,0.470142,0.828125
2941,0.467268,0.679688
2942,0.470283,0.750000
2943,0.469370,0.796875
2944,0.470283,0.835938
2945,0.470283,0.718750
2946,0.470232,0.757812
2947,0.470283,0.781250
2948,0.470283,0.773438
2949,0.470119,0.695312
2950,0.470103,0.835938
2951,0.467728,0.828125
2952,0.468874,0.804688
2953,0.470103,0.851562
2954,0.470195,0.890625
2955,0.470185,0.796875
2956,0.470282,0.843750
2957,0.470196,0.867188
2958,0.469330,0.804688
2959,0.470187,0.812500
2960,0.469953,0.835938
2961,0.470199,0.929688
2962,0.470184,0.789062
2963,0.470283,0.875000
2964,0.469428,0.851562
2965,0.470234,0.789062
2966,0.469920,0.835938
2967,0.470242,0.851562
2968,0.470100,0.851562
2969,0.467544,0.710938
2970,0.469937,0.875000
2971,0.470238,0.867188
2972,0.470283,0.796875
2973,0.470187,0.812500
2974,0.470283,0.843750
2975,0.470138,0.789062
2976,0.469634,0.851562
2977,0.470283,0.781250
2978,0.470283,0.796875
2979,0.470242,0.843750
2980,0.470236,0.828125
2981,0.470187,0.812500
2982,0.470189,0.828125
2983,0.467119,0.828125
2984,0.470283,0.851562
2985,0.470138,0.757812
2986,0.470283,0.765625
2987,0.469938,0.851562
2988,0.470283,0.835938
2989,0.467528,0.781250
2990,0.470237,0.851562
2991,0.470186,0.804688
2992,0.470114,0.859375
2993,0.470282,0.835938
2994,0.470283,0.835938
2995,0.470283,0.812500
2996,0.470283,0.843750
2997,0.470283,0.804688
2998,0.470141,0.804688
2999,0.470283,0.789062
3000,0.469895,0.882812
3001,0.469238,0.828125
3002,0.470139,0.812500
3003,0.470283,0.804688
3004,0.469611,0.742188
3005,0.470185,0.796875
3006,0.470283,0.812500
3007,0.470283,0.867188
3008,0.470283,0.875000
3009,0.470242,0.843750
3010,0.470283,0.828125
3011,0.470283,0.867188
3012,0.470283,0.828125
3013,0.470283,0.804688
3014,0.470282,0.820312
3015,0.469815,0.890625
3016,0.470200,0.906250
3017,0.468528,0.867188
3018,0.470192,0.859375
3019,0.470283,0.890625
3020,0.470112,0.898438
3021,0.470189,0.828125
3022,0.469851,0.828125
3023,0.469907,0.914062
3024,0.469847,0.789062
3025,0.470283,0.867188
3026,0.469327,0.875000
3027,0.469867,0.828125
3028,0.469917,0.828125
3029,0.470195,0.859375
3030,0.470283,0.828125
3031,0.470136,0.796875
3032,0.470283,0.789062
3033,0.470105,0.859375
3034,0.470236,0.828125
3035,0.469031,0.812500
3036,0.470184,0.789062
3037,0.470283,0.820312
3038,0.468399,0.859375
3039,0.470085,0.789062
3040,0.470283,0.804688
3041,0.470283,0.820312
3042,0.470283,0.765625
3043,0.470283,0.765625
3044,0.469493,0.796875
3045,0.468918,0.773438
3046,0.469022,0.796875
3047,0.468692,0.742188
3048,0.470137,0.796875
3049,0.470052,0.812500
3050,0.470283,0.726562
3051,0.470190,0.820312
3052,0.470283,0.726562
3053,0.470283,0.726562
3054,0.467971,0.718750
3055,0.470283,0.757812
3056,0.469911,0.742188
3057,0.468199,0.765625
3058,0.470283,0.789062
3059,0.470283,0.796875
3060,0.470283,0.734375
3061,0.470283,0.789062
3062,0.470081,0.757812
3063,0.470283,0.750000
3064,0.470172,0.703125
3065,0.470283,0.820312
3066,0.470283,0.750000
3067,0.470241,0.828125
3068,0.470190,0.812500
3069,0.470283,0.804688
3070,0.470244,0.882812
3071,0.470283,0.789062
3072,0.470242,0.835938
3073,0.468908,0.796875
3074,0.470283,0.796875
3075,0.467398,0.757812
3076,0.470100,0.812500
3077,0.470283,0.796875
3078,0.470175,0.757812
3079,0.468346,0.828125
3080,0.469949,0.906250
3081,0.470283,0.820312
3082,0.470234,0.789062
3083,0.470236,0.828125
3084,0.470283,0.796875
3085,0.469757,0.773438
3086,0.470100,0.835938
3087,0.470194,0.875000
3088,0.467535,0.835938
3089,0.470283,0.867188
3090,0.470283,0.781250
3091,0.468860,0.820312
3092,0.469910,0.843750
3093,0.468369,0.820312
3094,0.470274,0.812500
3095,0.470237,0.835938
3096,0.470283,0.796875
3097,0.470194,0.875000
3098,0.469492,0.875000
3099,0.470235,0.812500
3100,0.468933,0.875000
3101,0.470283,0.843750
3102,0.470283,0.835938
3103,0.470243,0.859375
3104,0.470283,0.820312
3105,0.470283,0.820312
3106,0.467112,0.867188
3107,0.469821,0.851562
3108,0.470203,0.835938
3109,0.470283,0.914062
3110,0.467577,0.890625
3111,0.470155,0.859375
3112,0.469986,0.835938
3113,0.470142,0.812500
3114,0.469945,0.921875
3115,0.469308,0.851562
3116,0.469017,0.859375
3117,0.470283,0.804688
3118,0.469801,0.796875
3119,0.470196,0.867188
3120,0.470283,0.843750
3121,0.468830,0.812500
3122,0.470283,0.851562
3123,0.470239,0.890625
3124,0.468887,0.781250
3125,0.470240,0.804688
3126,0.470283,0.812500
3127,0.468962,0.859375
3128,0.470283,0.890625
3129,0.470240,0.804688
3130,0.470239,0.875000
3131,0.469071,0.804688
3132,0.470283,0.843750
3133,0.470283,0.835938
3134,0.470283,0.828125
3135,0.470192,0.828125
3136,0.468874,0.804688
3137,0.470238,0.867188
3138,0.468042,0.742188
3139,0.470237,0.843750
3140,0.470283,0.804688
3141,0.470098,0.828125
3142,0.470188,0.820312
3143,0.469217,0.789062
3144,0.470283,0.820312
3145,0.470191,0.843750
3146,0.470237,0.835938
3147,0.470283,0.835938
3148,0.467873,0.859375
3149,0.470040,0.835938
3150,0.469436,0.859375
3151,0.469910,0.812500
3152,0.470283,0.820312
3153,0.468983,0.890625
3154,0.470283,0.867188
3155,0.470283,0.859375
3156,0.470283,0.828125
3157,0.467704,0.875000
3158,0.467267,0.765625
3159,0.470283,0.843750
3160,0.470283,0.875000
3161,0.470064,0.867188
3162,0.470239,0.875000
3163,0.468592,0.820312
3164,0.469982,0.898438
3165,0.467448,0.835938
3166,0.470283,0.867188
3167,0.467947,0.835938
3168,0.470283,0.851562
3169,0.470283,0.843750
3170,0.470235,0.812500
3171,0.470283,0.820312
3172,0.470189,0.796875
3173,0.470085,0.773438
3174,0.470190,0.812500
3175,0.470188,0.820312
3176,0.470283,0.757812
3177,0.469934,0.789062
3178,0.470234,0.796875
3179,0.469229,0.789062
3180,0.470283,0.828125
3181,0.470283,0.789062
3182,0.470193,0.835938
3183,0.470140,0.781250
3184,0.468822,0.789062
3185,0.470283,0.835938
3186,0.469834,0.781250
3187,0.470283,0.781250
3188,0.470183,0.781250
3189,0.470143,0.835938
3190,0.470130,0.765625
3191,0.470283,0.789062
3192,0.467903,0.757812
3193,0.469924,0.843750
3194,0.470283,0.843750
3195,0.470232,0.757812
3196,0.470195,0.851562
3197,0.468596,0.820312
3198,0.468709,0.843750
3199,0.469883,0.859375
3200,0.470283,0.812500
3201,0.470239,0.875000
3202,0.470283,0.820312
3203,0.469044,0.851562
3204,0.467921,0.859375
3205,0.470283,0.835938
3206,0.468952,0.851562
3207,0.470283,0.867188
3208,0.469937,0.875000
3209,0.470283,0.843750
3210,0.469201,0.781250
3211,0.470283,0.875000
3212,0.470192,0.867188
3213,0.470191,0.851562
3214,0.470283,0.812500
3215,0.470188,0.828125
3216,0.470174,0.835938
3217,0.470103,0.875000
3218,0.468299,0.828125
3219,0.470191,0.843750
3220,0.470104,0.843750
3221,0.470238,0.867188
3222,0.468646,0.906250
3223,0.470143,0.835938
3224,0.470243,0.859375
3225,0.467016,0.867188
3226,0.470239,0.875000
3227,0.470283,0.882812
3228,0.470283,0.843750
3229,0.468539,0.843750
3230,0.469552,0.914062
3231,0.470237,0.843750
3232,0.470283,0.796875
3233,0.469774,0.812500
3234,0.470237,0.851562
3235,0.470283,0.812500
3236,0.470191,0.820312
3237,0.470283,0.820312
3238,0.470189,0.804688
3239,0.470282,0.781250
3240,0.470283,0.796875
3241,0.470283,0.828125
3242,0.470136,0.765625
3243,0.470191,0.843750
3244,0.470283,0.859375
3245,0.469845,0.781250
3246,0.470283,0.820312
3247,0.470283,0.796875
3248,0.470295,0.820312
3249,0.470283,0.859375
3250,0.469809,0.804688
3251,0.470283,0.835938
3252,0.470283,0.875000
3253,0.470146,0.851562
3254,0.469448,0.859375
3255,0.470234,0.789062
3256,0.470237,0.851562
3257,0.470282,0.820312
3258,0.469307,0.812500
3259,0.470283,0.781250
3260,0.470190,0.804688
3261,0.470283,0.835938
3262,0.470283,0.843750
3263,0.469872,0.835938
3264,0.470283,0.820312
3265,0.469763,0.859375
3266,0.468794,0.843750
3267,0.470232,0.757812
3268,0.470283,0.781250
3269,0.470239,0.882812
3270,0.470283,0.882812
3271,0.467223,0.765625
3272,0.470046,0.812500
3273,0.468254,0.882812
3274,0.470188,0.789062
3275,0.470283,0.859375
3276,0.470185,0.796875
3277,0.468610,0.812500
3278,0.470283,0.796875
3279,0.468409,0.859375
3280,0.468906,0.828125
3281,0.469308,0.835938
3282,0.470184,0.789062
3283,0.468448,0.750000
3284,0.470238,0.765625
3285,0.470283,0.757812
3286,0.470283,0.734375
3287,0.469750,0.718750
3288,0.470283,0.726562
3289,0.470283,0.687500
3290,0.470228,0.710938
3291,0.470183,0.781250
3292,0.470179,0.757812
3293,0.468394,0.781250
3294,0.470070,0.757812
3295,0.470118,0.710938
3296,0.470225,0.726562
3297,0.470173,0.710938
3298,0.468730,0.679688
3299,0.468437,0.718750
3300,0.470283,0.710938
3301,0.470283,0.703125
3302,0.470230,0.734375
3303,0.470171,0.695312
3304,0.470158,0.726562
3305,0.470176,0.703125
3306,0.467877,0.734375
3307,0.470283,0.750000
3308,0.470124,0.718750
3309,0.470283,0.781250
3310,0.469829,0.757812
3311,0.470283,0.750000
3312,0.470283,0.757812
3313,0.470283,0.804688
3314,0.470283,0.781250
3315,0.468028,0.781250
3316,0.470283,0.765625
3317,0.470187,0.812500
3318,0.470283,0.812500
3319,0.470283,0.835938
3320,0.469924,0.843750
3321,0.470282,0.820312
3322,0.470234,0.796875
3323,0.470283,0.796875
3324,0.466435,0.875000
3325,0.469913,0.851562
3326,0.468953,0.828125
3327,0.469881,0.851562
3328,0.468767,0.851562
3329,0.470283,0.843750
3330,0.470274,0.796875
3331,0.469304,0.921875
3332,0.470283,0.796875
3333,0.469912,0.781250
3334,0.470191,0.843750
3335,0.470133,0.781250
3336,0.470283,0.812500
3337,0.470171,0.812500
3338,0.470283,0.835938
3339,0.470234,0.789062
3340,0.469805,0.796875
3341,0.470283,0.843750
3342,0.470283,0.781250
3343,0.470283,0.757812
3344,0.470283,0.820312
3345,0.470187,0.781250
3346,0.470238,0.867188
3347,0.469914,0.820312
3348,0.469020,0.835938
3349,0.470283,0.765625
3350,0.470283,0.843750
3351,0.470238,0.773438
3352,0.470283,0.781250
3353,0.470185,0.796875
3354,0.469148,0.859375
3355,0.470239,0.781250
3356,0.470283,0.765625
3357,0.470283,0.703125
3358,0.470283,0.851562
3359,0.467885,0.890625
3360,0.470283,0.812500
3361,0.470283,0.843750
3362,0.470283,0.867188
3363,0.470283,0.828125
3364,0.470237,0.835938
3365,0.470237,0.843750
3366,0.470236,0.828125
3367,0.469856,0.804688
3368,0.470294,0.859375
3369,0.470283,0.898438
3370,0.470283,0.851562
3371,0.470283,0.835938
3372,0.470154,0.906250
3373,0.470283,0.875000
3374,0.470195,0.882812
3375,0.467970,0.843750
3376,0.469469,0.890625
3377,0.470096,0.835938
3378,0.470133,0.867188
3379,0.469853,0.906250
3380,0.470239,0.890625
3381,0.470283,0.859375
3382,0.469078,0.843750
3383,0.469929,0.859375
3384,0.470283,0.859375
3385,0.469391,0.859375
3386,0.470283,0.781250
3387,0.470196,0.898438
3388,0.470086,0.859375
3389,0.469910,0.812500
3390,0.470238,0.859375
3391,0.468644,0.906250
3392,0.470283,0.804688
3393,0.470190,0.851562
3394,0.470283,0.875000
3395,0.470194,0.843750
3396,0.470237,0.843750
3397,0.470283,0.851562
3398,0.465648,0.843750
3399,0.470071,0.882812
3400,0.470282,0.867188
3401,0.470283,0.898438
3402,0.470283,0.921875
3403,0.470195,0.851562
3404,0.469597,0.906250
3405,0.470283,0.914062
3406,0.470197,0.859375
3407,0.470183,0.929688
3408,0.469096,0.921875
3409,0.470197,0.882812
3410,0.468029,0.875000
3411,0.470195,0.890625
3412,0.470197,0.906250
3413,0.470283,0.890625
3414,0.470240,0.921875
3415,0.469916,0.937500
3416,0.469245,0.906250
3417,0.468180,0.882812
3418,0.470283,0.929688
3419,0.469627,0.882812
3420,0.470117,0.937500
3421,0.470196,0.867188
3422,0.470283,0.937500
3423,0.468497,0.890625
3424,0.470283,0.890625
3425,0.470283,0.882812
3426,0.470196,0.898438
3427,0.469950,0.851562
3428,0.470194,0.875000
3429,0.470195,0.898438
3430,0.470283,0.898438
3431,0.470283,0.789062
3432,0.469269,0.851562
3433,0.470283,0.875000
3434,0.470283,0.820312
3435,0.468747,0.828125
3436,0.470283,0.773438
3437,0.470283,0.750000
3438,0.470283,0.796875
3439,0.470233,0.781250
3440,0.470283,0.742188
3441,0.470282,0.726562
3442,0.468549,0.726562
3443,0.469161,0.648438
3444,0.470283,0.617188
3445,0.467436,0.742188
3446,0.470283,0.687500
3447,0.470230,0.734375
3448,0.470283,0.742188
3449,0.466615,0.632812
3450,0.470283,0.679688
3451,0.470283,0.625000
3452,0.467029,0.710938
3453,0.470225,0.687500
3454,0.470181,0.734375
3455,0.470423,0.750000
3456,0.470177,0.734375
3457,0.470234,0.710938
3458,0.470079,0.812500
3459,0.470186,0.812500
3460,0.470187,0.781250
3461,0.470234,0.796875
3462,0.470278,0.859375
3463,0.470185,0.765625
3464,0.470197,0.773438
3465,0.470150,0.851562
3466,0.469956,0.843750
3467,0.470283,0.890625
3468,0.470283,0.882812
3469,0.469444,0.867188
3470,0.470239,0.882812
3471,0.470283,0.835938
3472,0.469820,0.914062
3473,0.470283,0.867188
3474,0.470179,0.875000
3475,0.470065,0.882812
3476,0.470283,0.875000
3477,0.470239,0.875000
3478,0.470194,0.875000
3479,0.470240,0.906250
3480,0.470195,0.890625
3481,0.469276,0.914062
3482,0.470239,0.875000
3483,0.470200,0.906250
3484,0.469164,0.875000
3485,0.469426,0.890625
3486,0.468740,0.875000
3487,0.470282,0.906250
3488,0.469809,0.859375
3489,0.470158,0.921875
3490,0.469897,0.875000
3491,0.468657,0.906250
3492,0.470241,0.921875
3493,0.470283,0.890625
3494,0.470282,0.882812
3495,0.470283,0.914062
3496,0.469887,0.867188
3497,0.469505,0.875000
3498,0.470282,0.851562
3499,0.470159,0.890625
3500,0.470283,0.937500
3501,0.470195,0.851562
3502,0.470199,0.898438
3503,0.470239,0.914062
3504,0.470195,0.859375
3505,0.470283,0.867188
3506,0.470282,0.945312
3507,0.470240,0.898438
3508,0.470201,0.914062
3509,0.467719,0.890625
3510,0.470283,0.898438
3511,0.470283,0.898438
3512,0.469407,0.875000
3513,0.470283,0.867188
3514,0.470198,0.882812
3515,0.470205,0.960938
3516,0.470069,0.898438
3517,0.470076,0.867188
3518,0.470283,0.835938
3519,0.470197,0.882812
3520,0.470240,0.898438
3521,0.470197,0.906250
3522,0.470143,0.835938
3523,0.470159,0.921875
3524,0.470240,0.898438
3525,0.470283,0.843750
3526,0.470275,0.875000
3527,0.470148,0.843750
3528,0.470114,0.890625
3529,0.469981,0.906250
3530,0.470283,0.890625
3531,0.468852,0.914062
3532,0.470192,0.851562
3533,0.470283,0.820312
3534,0.470283,0.851562
3535,0.470283,0.875000
3536,0.470282,0.835938
3537,0.469001,0.898438
3538,0.468459,0.828125
3539,0.470283,0.820312
3540,0.470101,0.796875
3541,0.470283,0.828125
3542,0.470283,0.820312
3543,0.470283,0.781250
3544,0.469842,0.781250
3545,0.469115,0.789062
3546,0.470283,0.750000
3547,0.470185,0.804688
3548,0.470283,0.835938
3549,0.470283,0.843750
3550,0.470283,0.851562
3551,0.468107,0.828125
3552,0.470283,0.828125
3553,0.470283,0.867188
3554,0.470283,0.789062
3555,0.470196,0.867188
3556,0.470236,0.843750
3557,0.470283,0.773438
3558,0.470239,0.875000
3559,0.470283,0.859375
3560,0.470283,0.765625
3561,0.468725,0.851562
3562,0.470283,0.789062
3563,0.468245,0.812500
3564,0.470283,0.828125
3565,0.470190,0.835938
3566,0.470283,0.820312
3567,0.470196,0.867188
3568,0.470283,0.820312
3569,0.470283,0.812500
3570,0.470241,0.921875
3571,0.470283,0.851562
3572,0.470245,0.914062
3573,0.469927,0.851562
3574,0.470283,0.890625
3575,0.467750,0.882812
3576,0.470191,0.843750
3577,0.470283,0.859375
3578,0.470282,0.835938
3579,0.470283,0.875000
3580,0.470283,0.890625
3581,0.470194,0.875000
3582,0.470282,0.890625
3583,0.470283,0.867188
3584,0.468693,0.882812
3585,0.470283,0.914062
3586,0.470283,0.906250
3587,0.469130,0.867188
3588,0.470283,0.906250
3589,0.470239,0.890625
3590,0.468285,0.882812
3591,0.469968,0.875000
3592,0.470117,0.906250
3593,0.470283,0.843750
3594,0.470182,0.898438
3595,0.469185,0.890625
3596,0.470283,0.859375
3597,0.468870,0.835938
3598,0.470283,0.937500
3599,0.470283,0.820312
3600,0.470282,0.843750
3601,0.470283,0.867188
3602,0.470187,0.859375
3603,0.470283,0.859375
3604,0.470023,0.820312
3605,0.470189,0.828125
3606,0.470283,0.796875
3607,0.470283,0.835938
3608,0.470237,0.843750
3609,0.470147,0.859375
3610,0.470283,0.820312
3611,0.470283,0.875000
3612,0.469953,0.835938
3613,0.470283,0.812500
3614,0.468757,0.773438
3615,0.468254,0.867188
3616,0.470283,0.835938
3617,0.468382,0.796875
3618,0.470283,0.828125
3619,0.470283,0.835938
3620,0.470098,0.828125
3621,0.470274,0.820312
3622,0.470283,0.843750
3623,0.468942,0.859375
3624,0.469959,0.851562
3625,0.470091,0.796875
3626,0.468609,0.828125
3627,0.470194,0.843750
3628,0.470242,0.851562
3629,0.469411,0.875000
3630,0.469792,0.859375
3631,0.470192,0.804688
3632,0.469168,0.835938
3633,0.470192,0.859375
3634,0.468945,0.789062
3635,0.470192,0.859375
3636,0.469836,0.828125
3637,0.470175,0.843750
3638,0.470125,0.742188
3639,0.470232,0.765625
3640,0.470283,0.710938
3641,0.468690,0.765625
3642,0.470283,0.734375
3643,0.470183,0.781250
3644,0.469685,0.757812
3645,0.470283,0.718750
3646,0.470283,0.804688
3647,0.469387,0.812500
3648,0.470174,0.718750
3649,0.470283,0.773438
3650,0.470283,0.804688
3651,0.467306,0.789062
3652,0.470283,0.765625
3653,0.470283,0.789062
3654,0.469452,0.828125
3655,0.470283,0.835938
3656,0.470186,0.804688
3657,0.470282,0.789062
3658,0.470239,0.796875
3659,0.470187,0.812500
3660,0.469777,0.804688
3661,0.470235,0.812500
3662,0.470239,0.890625
3663,0.470283,0.820312
3664,0.470283,0.796875
3665,0.470188,0.820312
3666,0.467953,0.906250
3667,0.470282,0.867188
3668,0.470283,0.796875
3669,0.470192,0.828125
3670,0.470189,0.828125
3671,0.466159,0.929688
3672,0.470282,0.890625
3673,0.470283,0.796875
3674,0.470243,0.875000
3675,0.468788,0.882812
3676,0.470283,0.882812
3677,0.468217,0.851562
3678,0.470283,0.875000
3679,0.468966,0.875000
3680,0.470282,0.828125
3681,0.469914,0.820312
3682,0.470193,0.835938
3683,0.470283,0.851562
3684,0.470189,0.828125
3685,0.469926,0.937500
3686,0.470283,0.867188
3687,0.470283,0.851562
3688,0.470237,0.835938
3689,0.470283,0.843750
3690,0.470283,0.898438
3691,0.470283,0.835938
3692,0.470238,0.859375
3693,0.470283,0.851562
3694,0.470283,0.828125
3695,0.470240,0.906250
3696,0.470195,0.859375
3697,0.470142,0.835938
3698,0.470240,0.906250
3699,0.470283,0.875000
3700,0.470191,0.843750
3701,0.470282,0.890625
3702,0.470195,0.851562
3703,0.469937,0.796875
3704,0.470196,0.898438
3705,0.469076,0.875000
3706,0.469994,0.859375
3707,0.470199,0.890625
3708,0.470239,0.882812
3709,0.470239,0.882812
3710,0.468151,0.851562
3711,0.470201,0.914062
3712,0.470283,0.875000
3713,0.470283,0.898438
3714,0.469920,0.835938
3715,0.469947,0.843750
3716,0.470193,0.867188
3717,0.470101,0.843750
3718,0.470282,0.906250
3719,0.469396,0.820312
3720,0.470195,0.882812
3721,0.470283,0.843750
3722,0.470239,0.890625
3723,0.470283,0.875000
3724,0.470283,0.773438
3725,0.470237,0.851562
3726,0.470239,0.898438
3727,0.469959,0.851562
3728,0.470283,0.882812
3729,0.469983,0.921875
3730,0.470185,0.796875
3731,0.470283,0.843750
3732,0.470140,0.804688
3733,0.470283,0.875000
3734,0.470283,0.867188
3735,0.470283,0.882812
3736,0.470283,0.851562
3737,0.470283,0.851562
3738,0.470238,0.859375
3739,0.470283,0.867188
3740,0.468649,0.851562
3741,0.470283,0.804688
3742,0.470282,0.851562
3743,0.470283,0.875000
3744,0.470283,0.851562
3745,0.469917,0.828125
3746,0.470192,0.851562
3747,0.470283,0.867188
3748,0.470108,0.859375
3749,0.470192,0.859375
3750,0.470193,0.835938
3751,0.470283,0.828125
3752,0.467624,0.835938
3753,0.470283,0.867188
3754,0.470243,0.867188
3755,0.469839,0.796875
3756,0.469999,0.875000
3757,0.470206,0.867188
3758,0.470037,0.851562
3759,0.470283,0.851562
3760,0.469917,0.828125
3761,0.470283,0.812500
3762,0.470180,0.757812
3763,0.470273,0.757812
3764,0.470283,0.757812
3765,0.470283,0.750000
3766,0.468767,0.804688
3767,0.470283,0.851562
3768,0.470236,0.828125
3769,0.467759,0.843750
3770,0.470189,0.828125
3771,0.470283,0.835938
3772,0.470283,0.828125
3773,0.470275,0.843750
3774,0.470283,0.750000
3775,0.470192,0.859375
3776,0.470243,0.859375
3777,0.469847,0.875000
3778,0.470242,0.835938
3779,0.468455,0.875000
3780,0.470283,0.820312
3781,0.470283,0.867188
3782,0.468174,0.906250
3783,0.470283,0.843750
3784,0.470283,0.890625
3785,0.470275,0.859375
3786,0.467763,0.859375
3787,0.470283,0.835938
3788,0.470237,0.843750
3789,0.468798,0.843750
3790,0.470191,0.843750
3791,0.470283,0.835938
3792,0.470191,0.843750
3793,0.469108,0.898438
3794,0.470055,0.812500
3795,0.470283,0.859375
3796,0.470239,0.875000
3797,0.470283,0.929688
3798,0.470237,0.867188
3799,0.470152,0.890625
3800,0.469887,0.867188
3801,0.469644,0.906250
3802,0.470240,0.906250
3803,0.470283,0.843750
3804,0.470190,0.835938
3805,0.470195,0.851562
3806,0.470283,0.882812
3807,0.470275,0.890625
3808,0.470283,0.820312
3809,0.470283,0.812500
3810,0.469875,0.843750
3811,0.470283,0.828125
3812,0.470152,0.875000
3813,0.470237,0.835938
3814,0.470283,0.781250
3815,0.468917,0.843750
3816,0.470163,0.882812
3817,0.470283,0.843750
3818,0.470283,0.820312
3819,0.470207,0.898438
3820,0.470283,0.875000
3821,0.470084,0.898438
3822,0.468868,0.843750
3823,0.467917,0.851562
3824,0.470283,0.929688
3825,0.470241,0.828125
3826,0.470283,0.796875
3827,0.468896,0.851562
3828,0.469175,0.789062
3829,0.470282,0.773438
3830,0.470283,0.765625
3831,0.467414,0.773438
3832,0.469824,0.750000
3833,0.470283,0.750000
3834,0.470283,0.703125
3835,0.470283,0.703125
3836,0.469810,0.726562
3837,0.470283,0.820312
3838,0.470283,0.742188
3839,0.470283,0.726562
3840,0.470283,0.726562
3841,0.470117,0.703125
3842,0.470187,0.781250
3843,0.470283,0.757812
3844,0.470283,0.710938
3845,0.470283,0.773438
3846,0.470283,0.757812
3847,0.470283,0.664062
3848,0.470283,0.757812
3849,0.468492,0.789062
3850,0.470283,0.820312
3851,0.470283,0.765625
3852,0.470283,0.820312
3853,0.469411,0.796875
3854,0.470283,0.757812
3855,0.470283,0.750000
3856,0.467852,0.796875
3857,0.470283,0.804688
3858,0.470238,0.875000
3859,0.470235,0.812500
3860,0.470283,0.812500
3861,0.470179,0.750000
3862,0.470188,0.789062
3863,0.470283,0.875000
3864,0.470283,0.820312
3865,0.470283,0.898438
3866,0.470283,0.875000
3867,0.469485,0.859375
3868,0.470192,0.859375
3869,0.470199,0.890625
3870,0.469867,0.906250
3871,0.470192,0.828125
3872,0.470283,0.859375
3873,0.470283,0.835938
3874,0.470194,0.875000
3875,0.470239,0.875000
3876,0.470283,0.875000
3877,0.470237,0.843750
3878,0.470283,0.812500
3879,0.470283,0.898438
3880,0.469950,0.828125
3881,0.470237,0.851562
3882,0.469210,0.804688
3883,0.470283,0.835938
3884,0.470283,0.828125
3885,0.470195,0.859375
3886,0.470283,0.843750
3887,0.470283,0.835938
3888,0.469940,0.804688
3889,0.470283,0.843750
3890,0.470283,0.773438
3891,0.470194,0.875000
3892,0.470283,0.765625
3893,0.470283,0.796875
3894,0.470283,0.804688
3895,0.468923,0.773438
3896,0.470283,0.796875
3897,0.470283,0.828125
3898,0.470188,0.773438
3899,0.470283,0.757812
3900,0.469797,0.773438
3901,0.467748,0.773438
3902,0.470283,0.804688
3903,0.470283,0.718750
3904,0.470283,0.796875
3905,0.470283,0.734375
3906,0.470283,0.718750
3907,0.470283,0.734375
3908,0.468175,0.765625
3909,0.470283,0.726562
3910,0.470283,0.671875
3911,0.470233,0.781250
3912,0.468735,0.765625
3913,0.470283,0.664062
3914,0.470283,0.718750
3915,0.470229,0.718750
3916,0.470283,0.695312
3917,0.470283,0.656250
3918,0.467851,0.804688
3919,0.470227,0.625000
3920,0.470283,0.781250
3921,0.469385,0.656250
3922,0.470168,0.679688
3923,0.470283,0.640625
3924,0.470283,0.656250
3925,0.470283,0.648438
3926,0.470226,0.687500
3927,0.470230,0.734375
3928,0.470171,0.695312
3929,0.469749,0.718750
3930,0.470117,0.703125
3931,0.470283,0.726562
3932,0.470283,0.726562
3933,0.470163,0.648438
3934,0.470283,0.648438
3935,0.470283,0.601562
3936,0.470283,0.671875
3937,0.470283,0.703125
3938,0.469711,0.710938
3939,0.470283,0.750000
3940,0.470283,0.718750
3941,0.470283,0.765625
3942,0.470226,0.687500
3943,0.470283,0.789062
3944,0.469261,0.789062
3945,0.470178,0.718750
3946,0.470283,0.773438
3947,0.470283,0.757812
3948,0.470283,0.773438
3949,0.470231,0.742188
3950,0.470229,0.734375
3951,0.470184,0.789062
3952,0.470167,0.734375
3953,0.468046,0.718750
3954,0.470283,0.789062
3955,0.470283,0.796875
3956,0.470283,0.796875
3957,0.469114,0.750000
3958,0.468412,0.796875
3959,0.470283,0.867188
3960,0.470189,0.828125
3961,0.470282,0.812500
3962,0.470192,0.835938
3963,0.470282,0.859375
3964,0.470283,0.882812
3965,0.470283,0.890625
3966,0.470186,0.835938
3967,0.470283,0.867188
3968,0.470283,0.890625
3969,0.470239,0.882812
3970,0.470194,0.875000
3971,0.470283,0.945312
3972,0.470283,0.914062
3973,0.470244,0.898438
3974,0.470282,0.875000
3975,0.470283,0.875000
3976,0.470283,0.867188
3977,0.470198,0.914062
3978,0.469098,0.890625
3979,0.469525,0.898438
3980,0.470283,0.875000
3981,0.470238,0.867188
3982,0.470197,0.906250
3983,0.470283,0.898438
3984,0.470283,0.867188
3985,0.470283,0.867188
3986,0.470283,0.890625
3987,0.469841,0.882812
3988,0.470283,0.929688
3989,0.470194,0.859375
3990,0.470198,0.914062
3991,0.468745,0.867188
3992,0.470238,0.875000
3993,0.470283,0.890625
3994,0.470242,0.937500
3995,0.468860,0.859375
3996,0.470282,0.851562
3997,0.470283,0.937500
3998,0.470283,0.914062
3999,0.470283,0.820312
4000,0.470283,0.859375
4001,0.470283,0.898438
4002,0.468635,0.914062
4003,0.470283,0.914062
4004,0.470372,0.906250
4005,0.470239,0.890625
4006,0.470283,0.921875
4007,0.470283,0.921875
4008,0.470245,0.914062
4009,0.470283,0.914062
4010,0.470283,0.921875
4011,0.470194,0.875000
4012,0.470283,0.914062
4013,0.470275,0.906250
4014,0.468872,0.890625
4015,0.470283,0.921875
4016,0.470283,0.906250
4017,0.470195,0.898438
4018,0.470240,0.898438
4019,0.470283,0.898438
4020,0.470323,0.929688
4021,0.470283,0.906250
4022,0.470240,0.898438
4023,0.469950,0.914062
4024,0.470282,0.945312
4025,0.470283,0.929688
4026,0.469087,0.921875
4027,0.470240,0.898438
4028,0.470283,0.875000
4029,0.470199,0.929688
4030,0.470241,0.921875
4031,0.470283,0.882812
4032,0.470244,0.890625
4033,0.467922,0.937500
4034,0.470283,0.890625
4035,0.469108,0.898438
4036,0.469568,0.882812
4037,0.470283,0.929688
4038,0.469489,0.914062
4039,0.470283,0.835938
4040,0.470239,0.890625
4041,0.470282,0.843750
4042,0.470283,0.898438
4043,0.470283,0.906250
4044,0.470283,0.914062
4045,0.470283,0.859375
4046,0.470194,0.875000
4047,0.470111,0.898438
4048,0.470195,0.859375
4049,0.470238,0.882812
4050,0.470283,0.890625
4051,0.470283,0.828125
4052,0.470283,0.914062
4053,0.470283,0.890625
4054,0.470283,0.890625
4055,0.470252,0.875000
4056,0.470283,0.843750
4057,0.470283,0.898438
4058,0.470192,0.859375
4059,0.469090,0.906250
4060,0.470283,0.851562
4061,0.469952,0.914062
4062,0.468693,0.835938
4063,0.468704,0.828125
4064,0.469943,0.890625
4065,0.470283,0.875000
4066,0.468557,0.867188
4067,0.470283,0.804688
4068,0.470283,0.843750
4069,0.470283,0.789062
4070,0.470190,0.835938
4071,0.470182,0.773438
4072,0.470283,0.757812
4073,0.470227,0.695312
4074,0.470283,0.757812
4075,0.470132,0.773438
4076,0.470283,0.804688
4077,0.470283,0.828125
4078,0.470190,0.812500
4079,0.470283,0.734375
4080,0.470283,0.851562
4081,0.469812,0.726562
4082,0.470283,0.789062
4083,0.467234,0.750000
4084,0.470283,0.796875
4085,0.470283,0.796875
4086,0.470076,0.867188
4087,0.469864,0.820312
4088,0.469943,0.890625
4089,0.470283,0.851562
4090,0.470239,0.929688
4091,0.469441,0.906250
4092,0.470283,0.914062
4093,0.470197,0.906250
4094,0.470283,0.937500
4095,0.470243,0.960938
4096,0.470283,0.906250
4097,0.470283,0.906250
4098,0.469815,0.953125
4099,0.470201,0.953125
4100,0.470079,0.945312
4101,0.470203,0.953125
4102,0.470241,0.914062
4103,0.468427,0.945312
4104,0.470156,0.921875
4105,0.470283,0.953125
4106,0.468669,0.945312
4107,0.470167,0.976562
4108,0.469027,0.945312
4109,0.470201,0.945312
4110,0.469599,0.968750
4111,0.470283,0.976562
4112,0.470247,0.960938
4113,0.470206,0.984375
4114,0.470282,0.960938
4115,0.470283,0.960938
4116,0.470087,0.960938
4117,0.470283,0.984375
4118,0.470207,0.984375
4119,0.470283,0.984375
4120,0.470206,0.960938
4121,0.470245,0.937500
4122,0.470283,0.968750
4123,0.470204,0.929688
4124,0.470283,0.968750
4125,0.470032,0.921875
4126,0.470283,0.937500
4127,0.470283,0.976562
4128,0.470249,0.945312
4129,0.470242,0.953125
4130,0.470247,0.953125
4131,0.470204,0.953125
4132,0.469110,0.914062
4133,0.470283,0.929688
4134,0.468797,0.968750
4135,0.470283,0.953125
4136,0.470283,0.906250
4137,0.469064,0.968750
4138,0.470283,0.914062
4139,0.470283,0.953125
4140,0.470283,0.937500
4141,0.469413,0.945312
4142,0.470242,0.937500
4143,0.470283,0.945312
4144,0.470152,0.898438
4145,0.470283,0.921875
4146,0.470283,0.945312
4147,0.470203,0.937500
4148,0.470283,0.914062
4149,0.469938,0.890625
4150,0.470195,0.882812
4151,0.470283,0.898438
4152,0.470244,0.882812
4153,0.470245,0.906250
4154,0.470283,0.929688
4155,0.470283,0.929688
4156,0.470211,0.921875
4157,0.470283,0.929688
4158,0.470283,0.867188
4159,0.470283,0.851562
4160,0.469950,0.828125
4161,0.470191,0.804688
4162,0.470283,0.914062
4163,0.469872,0.835938
4164,0.470283,0.867188
4165,0.470283,0.835938
4166,0.470283,0.851562
4167,0.470283,0.859375
4168,0.470283,0.867188
4169,0.470283,0.843750
4170,0.470040,0.820312
4171,0.468492,0.851562
4172,0.470283,0.820312
4173,0.470283,0.843750
4174,0.470195,0.882812
4175,0.470283,0.812500
4176,0.470190,0.835938
4177,0.470283,0.859375
4178,0.470283,0.882812
4179,0.470283,0.835938
4180,0.470195,0.882812
4181,0.470283,0.843750
4182,0.470283,0.882812
4183,0.470283,0.890625
4184,0.470283,0.835938
4185,0.470283,0.867188
4186,0.469896,0.882812
4187,0.470283,0.828125
4188,0.470238,0.867188
4189,0.467985,0.812500
4190,0.470238,0.867188
4191,0.470283,0.843750
4192,0.470283,0.859375
4193,0.470283,0.906250
4194,0.470283,0.851562
4195,0.470239,0.890625
4196,0.470283,0.882812
4197,0.470283,0.851562
4198,0.469959,0.851562
4199,0.470282,0.851562
4200,0.470239,0.882812
4201,0.470283,0.859375
4202,0.470283,0.851562
4203,0.470196,0.867188
4204,0.470195,0.890625
4205,0.467752,0.843750
4206,0.470283,0.898438
4207,0.470283,0.789062
4208,0.470239,0.890625
4209,0.470283,0.828125
4210,0.470240,0.898438
4211,0.470283,0.859375
4212,0.470283,0.867188
4213,0.470283,0.859375
4214,0.469940,0.882812
4215,0.470283,0.851562
4216,0.470283,0.867188
4217,0.470236,0.828125
4218,0.470283,0.898438
4219,0.470283,0.828125
4220,0.469287,0.867188
4221,0.470283,0.882812
4222,0.470283,0.867188
4223,0.470237,0.843750
4224,0.470198,0.882812
4225,0.470240,0.804688
4226,0.469859,0.812500
4227,0.470283,0.843750
4228,0.470283,0.789062
4229,0.470282,0.835938
4230,0.470283,0.820312
4231,0.470377,0.789062
4232,0.470283,0.750000
4233,0.469580,0.835938
4234,0.470234,0.796875
4235,0.470283,0.796875
4236,0.470278,0.781250
4237,0.470283,0.789062
4238,0.469880,0.781250
4239,0.470283,0.828125
4240,0.470283,0.750000
4241,0.469934,0.789062
4242,0.470189,0.828125
4243,0.470234,0.796875
4244,0.470283,0.804688
4245,0.470231,0.750000
4246,0.470283,0.726562
4247,0.469720,0.695312
4248,0.470283,0.710938
4249,0.470124,0.734375
4250,0.470283,0.789062
4251,0.470283,0.757812
4252,0.470283,0.773438
4253,0.470283,0.687500
4254,0.470283,0.796875
4255,0.470283,0.687500
4256,0.470236,0.726562
4257,0.470283,0.773438
4258,0.470283,0.789062
4259,0.470231,0.742188
4260,0.470283,0.773438
4261,0.470283,0.765625
4262,0.470283,0.781250
4263,0.470233,0.773438
4264,0.470283,0.773438
4265,0.470283,0.804688
4266,0.470283,0.695312
4267,0.470283,0.726562
4268,0.470283,0.750000
4269,0.470283,0.789062
4270,0.469834,0.781250
4271,0.468749,0.804688
4272,0.470181,0.765625
4273,0.470283,0.804688
4274,0.470283,0.718750
4275,0.470283,0.757812
4276,0.470283,0.718750
4277,0.470283,0.742188
4278,0.470283,0.843750
4279,0.470283,0.757812
4280,0.467206,0.750000
4281,0.469860,0.812500
4282,0.470283,0.781250
4283,0.470283,0.843750
4284,0.470283,0.835938
4285,0.470241,0.820312
4286,0.470233,0.781250
4287,0.470283,0.781250
4288,0.470229,0.742188
4289,0.470236,0.820312
4290,0.470238,0.867188
4291,0.470283,0.804688
4292,0.470283,0.796875
4293,0.470283,0.843750
4294,0.470283,0.804688
4295,0.470190,0.812500
4296,0.470283,0.812500
4297,0.470283,0.875000
4298,0.470171,0.812500
4299,0.470283,0.828125
4300,0.470283,0.929688
4301,0.470283,0.828125
4302,0.470283,0.875000
4303,0.470275,0.906250
4304,0.470283,0.835938
4305,0.470283,0.851562
4306,0.470283,0.882812
4307,0.470144,0.843750
4308,0.470275,0.859375
4309,0.469953,0.835938
4310,0.470193,0.867188
4311,0.470283,0.828125
4312,0.470283,0.851562
4313,0.470283,0.828125
4314,0.470283,0.906250
4315,0.470283,0.859375
4316,0.470283,0.851562
4317,0.470234,0.796875
4318,0.470283,0.843750
4319,0.470091,0.796875
4320,0.470283,0.781250
4321,0.468454,0.882812
4322,0.470033,0.835938
4323,0.470283,0.804688
4324,0.468643,0.804688
4325,0.470283,0.765625
4326,0.470283,0.742188
4327,0.470283,0.734375
4328,0.470283,0.734375
4329,0.467756,0.695312
4330,0.469883,0.757812
4331,0.470283,0.656250
4332,0.470283,0.593750
4333,0.470283,0.562500
4334,0.470283,0.609375
4335,0.470283,0.570312
4336,0.470283,0.578125
4337,0.470283,0.632812
4338,0.470224,0.656250
4339,0.470283,0.671875
4340,0.470226,0.687500
4341,0.470283,0.562500
4342,0.470152,0.593750
4343,0.470283,0.585938
4344,0.469399,0.664062
4345,0.470283,0.648438
4346,0.470283,0.648438
4347,0.470283,0.632812
4348,0.470283,0.578125
4349,0.470283,0.726562
4350,0.470283,0.695312
4351,0.470283,0.703125
4352,0.470232,0.757812
4353,0.470283,0.679688
4354,0.470283,0.656250
4355,0.470283,0.718750
4356,0.470186,0.773438
4357,0.470283,0.750000
4358,0.470283,0.718750
4359,0.470283,0.679688
4360,0.470283,0.789062
4361,0.470273,0.781250
4362,0.470283,0.773438
4363,0.470283,0.765625
4364,0.470283,0.789062
4365,0.470283,0.765625
4366,0.470283,0.773438
4367,0.470283,0.796875
4368,0.470240,0.812500
4369,0.469032,0.843750
4370,0.470283,0.812500
4371,0.470283,0.796875
4372,0.468490,0.773438
4373,0.470283,0.835938
4374,0.470187,0.781250
4375,0.470283,0.789062
4376,0.470283,0.804688
4377,0.470283,0.734375
4378,0.468798,0.710938
4379,0.470283,0.757812
4380,0.470190,0.804688
4381,0.470283,0.789062
4382,0.470283,0.687500
4383,0.470283,0.765625
4384,0.470283,0.757812
4385,0.470283,0.765625
4386,0.470283,0.757812
4387,0.470283,0.773438
4388,0.470062,0.695312
4389,0.470283,0.796875
4390,0.469891,0.773438
4391,0.470283,0.664062
4392,0.470283,0.789062
4393,0.470283,0.750000
4394,0.470232,0.765625
4395,0.470228,0.703125
4396,0.470283,0.781250
4397,0.470283,0.765625
4398,0.470231,0.742188
4399,0.470283,0.781250
4400,0.470283,0.750000
4401,0.470283,0.742188
4402,0.470283,0.757812
4403,0.470283,0.765625
4404,0.466785,0.664062
4405,0.470283,0.804688
4406,0.470283,0.734375
4407,0.470283,0.742188
4408,0.470283,0.710938
4409,0.470283,0.757812
4410,0.470283,0.742188
4411,0.470283,0.679688
4412,0.470283,0.765625
4413,0.470283,0.773438
4414,0.470283,0.703125
4415,0.470283,0.781250
4416,0.470283,0.765625
4417,0.470283,0.781250
4418,0.470232,0.757812
4419,0.470283,0.820312
4420,0.470233,0.781250
4421,0.470241,0.812500
4422,0.470283,0.796875
4423,0.470283,0.765625
4424,0.470274,0.812500
4425,0.470283,0.789062
4426,0.470283,0.843750
4427,0.470283,0.773438
4428,0.470283,0.812500
4429,0.470283,0.796875
4430,0.470283,0.867188
4431,0.470283,0.851562
4432,0.470283,0.796875
4433,0.469903,0.796875
4434,0.470283,0.796875
4435,0.470283,0.859375
4436,0.470283,0.882812
4437,0.470283,0.804688
4438,0.469080,0.843750
4439,0.470282,0.867188
4440,0.470235,0.812500
4441,0.470283,0.812500
4442,0.470283,0.820312
4443,0.470283,0.875000
4444,0.470283,0.820312
4445,0.470283,0.859375
4446,0.468417,0.773438
4447,0.470283,0.828125
4448,0.470283,0.804688
4449,0.469354,0.859375
4450,0.470283,0.812500
4451,0.470283,0.812500
4452,0.470283,0.867188
4453,0.470283,0.882812
4454,0.469098,0.890625
4455,0.470198,0.882812
4456,0.470283,0.906250
4457,0.470085,0.859375
4458,0.470283,0.851562
4459,0.470283,0.875000
4460,0.470283,0.867188
4461,0.470121,0.945312
4462,0.469962,0.859375
4463,0.470283,0.843750
4464,0.470191,0.851562
4465,0.470239,0.875000
4466,0.470283,0.781250
4467,0.468402,0.835938
4468,0.470283,0.859375
4469,0.470283,0.867188
4470,0.470283,0.851562
4471,0.470283,0.898438
4472,0.470111,0.890625
4473,0.469087,0.882812
4474,0.470148,0.843750
4475,0.470238,0.859375
4476,0.470283,0.875000
4477,0.470283,0.851562
4478,0.470283,0.820312
4479,0.470283,0.851562
4480,0.469008,0.828125
4481,0.470283,0.828125
4482,0.470283,0.781250
4483,0.470283,0.851562
4484,0.470283,0.882812
4485,0.470283,0.835938
4486,0.470283,0.804688
4487,0.470283,0.882812
4488,0.470237,0.843750
4489,0.470283,0.828125
4490,0.470236,0.828125
4491,0.469066,0.867188
4492,0.470283,0.843750
4493,0.470283,0.820312
4494,0.469781,0.851562
4495,0.470283,0.796875
4496,0.470283,0.867188
4497,0.470283,0.804688
4498,0.470283,0.828125
4499,0.466936,0.820312
4500,0.470059,0.859375
4501,0.468428,0.843750
4502,0.470235,0.804688
4503,0.470283,0.812500
4504,0.470283,0.835938
4505,0.468881,0.835938
4506,0.470283,0.867188
4507,0.470178,0.742188
4508,0.470238,0.765625
4509,0.470283,0.750000
4510,0.470283,0.820312
4511,0.470192,0.859375
4512,0.470283,0.812500
4513,0.469086,0.773438
4514,0.470283,0.804688
4515,0.470283,0.875000
4516,0.470283,0.835938
4517,0.470283,0.828125
4518,0.470283,0.812500
4519,0.470283,0.828125
4520,0.470192,0.859375
4521,0.470283,0.843750
4522,0.470283,0.843750
4523,0.470381,0.820312
4524,0.470283,0.835938
4525,0.470283,0.843750
4526,0.470283,0.828125
4527,0.470283,0.882812
4528,0.470275,0.867188
4529,0.469412,0.835938
4530,0.470283,0.898438
4531,0.470283,0.906250
4532,0.470283,0.882812
4533,0.470283,0.828125
4534,0.470283,0.906250
4535,0.470282,0.929688
4536,0.470283,0.882812
4537,0.470200,0.890625
4538,0.470196,0.867188
4539,0.470201,0.921875
4540,0.470283,0.898438
4541,0.470246,0.929688
4542,0.470283,0.914062
4543,0.469954,0.921875
4544,0.470240,0.906250
4545,0.469886,0.867188
4546,0.470283,0.875000
4547,0.469943,0.890625
4548,0.470283,0.867188
4549,0.467841,0.890625
4550,0.470283,0.906250
4551,0.470283,0.898438
4552,0.470283,0.765625
4553,0.470236,0.820312
4554,0.470283,0.859375
4555,0.470283,0.812500
4556,0.470282,0.812500
4557,0.470283,0.843750
4558,0.470190,0.812500
4559,0.470283,0.804688
4560,0.470283,0.796875
4561,0.470180,0.757812
4562,0.469956,0.843750
4563,0.470188,0.789062
4564,0.470237,0.843750
4565,0.468592,0.789062
4566,0.470231,0.750000
4567,0.469323,0.757812
4568,0.470283,0.718750
4569,0.470283,0.875000
4570,0.470283,0.796875
4571,0.468054,0.820312
4572,0.470238,0.757812
4573,0.468876,0.750000
4574,0.470282,0.718750
4575,0.470283,0.789062
4576,0.470283,0.734375
4577,0.470283,0.796875
4578,0.469875,0.742188
4579,0.470283,0.812500
4580,0.468514,0.804688
4581,0.470283,0.781250
4582,0.470283,0.750000
4583,0.470283,0.757812
4584,0.470283,0.789062
4585,0.470283,0.781250
4586,0.470283,0.789062
4587,0.470283,0.851562
4588,0.470283,0.789062
4589,0.470283,0.820312
4590,0.470283,0.867188
4591,0.470283,0.859375
4592,0.470283,0.734375
4593,0.470237,0.843750
4594,0.469956,0.843750
4595,0.470283,0.804688
4596,0.470283,0.820312
4597,0.469864,0.820312
4598,0.470138,0.804688
4599,0.470283,0.828125
4600,0.470283,0.882812
4601,0.470283,0.898438
4602,0.469573,0.890625
4603,0.470283,0.851562
4604,0.470283,0.789062
4605,0.470283,0.804688
4606,0.470283,0.875000
4607,0.470283,0.828125
4608,0.470283,0.882812
4609,0.470283,0.859375
4610,0.468032,0.867188
4611,0.470283,0.773438
4612,0.470283,0.875000
4613,0.470283,0.750000
4614,0.470203,0.835938
4615,0.470282,0.828125
4616,0.470283,0.726562
4617,0.470190,0.851562
4618,0.470237,0.843750
4619,0.470283,0.796875
4620,0.470283,0.796875
4621,0.470283,0.734375
4622,0.470283,0.835938
4623,0.470283,0.750000
4624,0.470282,0.757812
4625,0.470283,0.828125
4626,0.470283,0.835938
4627,0.470283,0.828125
4628,0.470283,0.835938
4629,0.470283,0.796875
4630,0.470283,0.906250
4631,0.470283,0.875000
4632,0.470275,0.851562
4633,0.470283,0.789062
4634,0.470283,0.835938
4635,0.470283,0.859375
4636,0.470283,0.882812
4637,0.470274,0.835938
4638,0.470283,0.859375
4639,0.470191,0.890625
4640,0.470193,0.867188
4641,0.470283,0.906250
4642,0.470274,0.820312
4643,0.470193,0.867188
4644,0.468361,0.851562
4645,0.470283,0.843750
4646,0.470283,0.859375
4647,0.470283,0.843750
4648,0.468341,0.906250
4649,0.470283,0.882812
4650,0.470283,0.859375
4651,0.470283,0.859375
4652,0.470283,0.898438
4653,0.470283,0.890625
4654,0.470283,0.843750
4655,0.469319,0.828125
4656,0.470283,0.937500
4657,0.468931,0.867188
4658,0.470283,0.921875
4659,0.470194,0.843750
4660,0.470283,0.890625
4661,0.470283,0.835938
4662,0.469954,0.921875
4663,0.470283,0.859375
4664,0.470283,0.882812
4665,0.470283,0.882812
4666,0.469473,0.898438
4667,0.468837,0.851562
4668,0.470283,0.820312
4669,0.468108,0.859375
4670,0.470283,0.859375
4671,0.470283,0.843750
4672,0.470283,0.898438
4673,0.470283,0.859375
4674,0.470283,0.820312
4675,0.470283,0.859375
4676,0.470283,0.906250
4677,0.470283,0.867188
4678,0.470283,0.906250
4679,0.470283,0.906250
4680,0.469782,0.890625
4681,0.470283,0.843750
4682,0.470283,0.937500
4683,0.469138,0.921875
4684,0.470158,0.937500
4685,0.470160,0.921875
4686,0.470283,0.898438
4687,0.470283,0.929688
4688,0.470283,0.867188
4689,0.470282,0.859375
4690,0.469895,0.906250
4691,0.470181,0.890625
4692,0.469862,0.898438
4693,0.469150,0.898438
4694,0.470283,0.898438
4695,0.470283,0.929688
4696,0.470283,0.882812
4697,0.470283,0.851562
4698,0.470283,0.859375
4699,0.470283,0.890625
4700,0.470283,0.914062
4701,0.470283,0.859375
4702,0.470239,0.882812
4703,0.470283,0.914062
4704,0.470283,0.906250
4705,0.470238,0.859375
4706,0.470283,0.914062
4707,0.470283,0.828125
4708,0.470283,0.843750
4709,0.470283,0.906250
4710,0.470239,0.890625
4711,0.470191,0.843750
4712,0.470283,0.859375
4713,0.470196,0.898438
4714,0.470283,0.921875
4715,0.470242,0.937500
4716,0.470283,0.867188
4717,0.470283,0.882812
4718,0.470200,0.937500
4719,0.470283,0.937500
4720,0.470283,0.882812
4721,0.470283,0.875000
4722,0.470283,0.867188
4723,0.470282,0.906250
4724,0.470282,0.875000
4725,0.470283,0.890625
4726,0.470283,0.898438
4727,0.470282,0.898438
4728,0.470239,0.882812
4729,0.470246,0.945312
4730,0.470283,0.867188
4731,0.470283,0.820312
4732,0.470283,0.882812
4733,0.470283,0.921875
4734,0.470283,0.906250
4735,0.470283,0.890625
4736,0.470283,0.890625
4737,0.468726,0.875000
4738,0.470283,0.898438
4739,0.470239,0.890625
4740,0.470122,0.898438
4741,0.470239,0.890625
4742,0.469086,0.882812
4743,0.470283,0.882812
4744,0.470283,0.890625
4745,0.470283,0.882812
4746,0.470282,0.914062
4747,0.470278,0.843750
4748,0.470239,0.882812
4749,0.470283,0.843750
4750,0.470282,0.851562
4751,0.470282,0.882812
4752,0.470283,0.898438
4753,0.470283,0.859375
4754,0.470283,0.867188
4755,0.470240,0.906250
4756,0.470283,0.906250
4757,0.469087,0.882812
4758,0.470283,0.835938
4759,0.470239,0.875000
4760,0.470283,0.921875
4761,0.470188,0.820312
4762,0.470283,0.851562
4763,0.470283,0.859375
4764,0.470283,0.859375
4765,0.470283,0.859375
4766,0.469108,0.898438
4767,0.465880,0.812500
4768,0.470283,0.843750
4769,0.470283,0.789062
4770,0.470283,0.828125
4771,0.470283,0.789062
4772,0.470283,0.820312
4773,0.469146,0.789062
4774,0.470283,0.789062
4775,0.470283,0.757812
4776,0.470283,0.718750
4777,0.470283,0.718750
4778,0.468777,0.703125
4779,0.470283,0.671875
4780,0.470283,0.742188
4781,0.470174,0.718750
4782,0.469292,0.734375
4783,0.470283,0.726562
4784,0.470283,0.757812
4785,0.470283,0.757812
4786,0.470174,0.687500
4787,0.470283,0.757812
4788,0.470283,0.757812
4789,0.470283,0.734375
4790,0.470182,0.742188
4791,0.470283,0.742188
4792,0.470237,0.843750
4793,0.470283,0.820312
4794,0.470283,0.781250
4795,0.469388,0.804688
4796,0.469820,0.742188
4797,0.470283,0.781250
4798,0.470283,0.789062
4799,0.470283,0.757812
4800,0.470283,0.718750
4801,0.470283,0.812500
4802,0.470283,0.867188
4803,0.470283,0.796875
4804,0.470283,0.750000
4805,0.470235,0.812500
4806,0.470283,0.757812
4807,0.470283,0.796875
4808,0.470283,0.781250
4809,0.470283,0.843750
4810,0.470283,0.828125
4811,0.470283,0.859375
4812,0.470283,0.835938
4813,0.469852,0.742188
4814,0.470283,0.734375
4815,0.470283,0.812500
4816,0.470283,0.789062
4817,0.470283,0.734375
4818,0.470283,0.773438
4819,0.470283,0.781250
4820,0.470201,0.812500
4821,0.470283,0.859375
4822,0.468815,0.750000
4823,0.470283,0.781250
4824,0.470180,0.757812
4825,0.470122,0.710938
4826,0.468740,0.765625
4827,0.468984,0.703125
4828,0.468654,0.703125
4829,0.470282,0.593750
4830,0.470283,0.617188
4831,0.470283,0.601562
4832,0.470283,0.632812
4833,0.470283,0.515625
4834,0.470283,0.570312
4835,0.470283,0.562500
4836,0.470283,0.648438
4837,0.470283,0.601562
4838,0.470283,0.601562
4839,0.470283,0.554688
4840,0.470283,0.632812
4841,0.470283,0.648438
4842,0.470283,0.664062
4843,0.470282,0.640625
4844,0.470283,0.625000
4845,0.470283,0.710938
4846,0.470283,0.757812
4847,0.470283,0.664062
4848,0.470228,0.710938
4849,0.470229,0.718750
4850,0.470283,0.812500
4851,0.470283,0.742188
4852,0.470283,0.734375
4853,0.470283,0.765625
4854,0.470283,0.765625
4855,0.470283,0.718750
4856,0.468611,0.804688
4857,0.470283,0.843750
4858,0.470283,0.742188
4859,0.469868,0.757812
4860,0.470283,0.812500
4861,0.470283,0.796875
4862,0.469292,0.734375
4863,0.470283,0.773438
4864,0.470283,0.757812
4865,0.470283,0.804688
4866,0.470283,0.734375
4867,0.470283,0.859375
4868,0.470283,0.820312
4869,0.470283,0.789062
4870,0.470283,0.742188
4871,0.470283,0.781250
4872,0.470283,0.812500
4873,0.470236,0.828125
4874,0.470283,0.781250
4875,0.469361,0.789062
4876,0.470283,0.804688
4877,0.470282,0.867188
4878,0.470283,0.765625
4879,0.467702,0.773438
4880,0.470237,0.843750
4881,0.470186,0.804688
4882,0.468327,0.789062
4883,0.470239,0.875000
4884,0.468279,0.875000
4885,0.469451,0.875000
4886,0.470283,0.820312
4887,0.470283,0.820312
4888,0.470283,0.914062
4889,0.470283,0.804688
4890,0.470283,0.851562
4891,0.470283,0.835938
4892,0.470283,0.804688
4893,0.470283,0.765625
4894,0.470283,0.843750
4895,0.470283,0.867188
4896,0.470283,0.796875
4897,0.470283,0.851562
4898,0.470283,0.835938
4899,0.470283,0.882812
4900,0.470195,0.851562
4901,0.470283,0.851562
4902,0.470283,0.843750
4903,0.470283,0.906250
4904,0.470283,0.882812
4905,0.470283,0.882812
4906,0.470283,0.843750
4907,0.470283,0.882812
4908,0.470283,0.875000
4909,0.470283,0.914062
4910,0.470282,0.898438
4911,0.470245,0.906250
4912,0.470283,0.882812
4913,0.470283,0.843750
4914,0.469979,0.906250
4915,0.469138,0.921875
4916,0.470195,0.851562
4917,0.470237,0.851562
4918,0.470283,0.898438
4919,0.470283,0.867188
4920,0.470283,0.875000
4921,0.470283,0.859375
4922,0.468938,0.882812
4923,0.470283,0.921875
4924,0.470283,0.851562
4925,0.470283,0.828125
4926,0.470283,0.835938
4927,0.470283,0.882812
4928,0.470241,0.914062
4929,0.470283,0.859375
4930,0.470238,0.859375
4931,0.470283,0.875000
4932,0.470244,0.898438
4933,0.470282,0.828125
4934,0.470283,0.898438
4935,0.469781,0.835938
4936,0.470283,0.914062
4937,0.468387,0.851562
4938,0.470283,0.921875
4939,0.469108,0.898438
4940,0.470283,0.843750
4941,0.470283,0.843750
4942,0.470283,0.843750
4943,0.469568,0.882812
4944,0.470283,0.859375
4945,0.470283,0.890625
4946,0.469087,0.882812
4947,0.470283,0.859375
4948,0.468932,0.882812
4949,0.470283,0.867188
4950,0.470283,0.828125
4951,0.470283,0.867188
4952,0.470283,0.804688
4953,0.470283,0.820312
4954,0.470283,0.773438
4955,0.469532,0.851562
4956,0.470172,0.820312
4957,0.470283,0.750000
4958,0.470283,0.820312
4959,0.470283,0.843750
4960,0.470283,0.765625
4961,0.470283,0.828125
4962,0.469599,0.859375
4963,0.467989,0.875000
4964,0.470283,0.859375
4965,0.470283,0.906250
4966,0.470283,0.859375
4967,0.470283,0.828125
4968,0.470283,0.804688
4969,0.469126,0.835938
4970,0.470283,0.812500
4971,0.470283,0.890625
4972,0.470283,0.851562
4973,0.470283,0.820312
4974,0.470283,0.921875
4975,0.470283,0.781250
4976,0.470283,0.835938
4977,0.470283,0.843750
4978,0.470283,0.906250
4979,0.470198,0.882812
4980,0.470283,0.867188
4981,0.470283,0.953125
4982,0.470283,0.882812
4983,0.470283,0.859375
4984,0.470238,0.867188
4985,0.470283,0.945312
4986,0.470283,0.898438
4987,0.470283,0.890625
4988,0.468512,0.945312
4989,0.470283,0.828125
4990,0.470283,0.882812
4991,0.469077,0.875000
4992,0.470283,0.921875
4993,0.470283,0.914062
4994,0.470283,0.921875
4995,0.470283,0.882812
4996,0.470283,0.875000
4997,0.470283,0.906250
4998,0.470283,0.843750
4999,0.470199,0.929688
5000,0.470283,0.875000
5001,0.470283,0.882812
5002,0.470283,0.937500
5003,0.470239,0.882812
5004,0.470283,0.929688
5005,0.470198,0.914062
5006,0.468979,0.867188
5007,0.468549,0.914062
5008,0.470283,0.875000
5009,0.470283,0.906250
5010,0.470283,0.875000
5011,0.470240,0.898438
5012,0.470283,0.898438
5013,0.470283,0.890625
5014,0.470283,0.960938
5015,0.470283,0.937500
5016,0.470202,0.960938
5017,0.470199,0.898438
5018,0.470283,0.953125
5019,0.470275,0.906250
5020,0.470202,0.929688
5021,0.470283,0.890625
5022,0.470283,0.914062
5023,0.470283,0.898438
5024,0.468239,0.960938
5025,0.470283,0.929688
5026,0.469896,0.921875
5027,0.470201,0.921875
5028,0.470282,0.945312
5029,0.470246,0.945312
5030,0.470283,0.921875
5031,0.470283,0.945312
5032,0.470160,0.929688
5033,0.470283,0.929688
5034,0.470165,0.953125
5035,0.470283,0.960938
5036,0.470283,0.960938
5037,0.470316,0.914062
5038,0.470243,0.960938
5039,0.470283,0.929688
5040,0.470283,0.906250
5041,0.470283,0.921875
5042,0.470281,0.945312
5043,0.470283,0.937500
5044,0.470283,0.890625
5045,0.470199,0.898438
5046,0.470283,0.898438
5047,0.470283,0.929688
5048,0.470187,0.945312
5049,0.470283,0.898438
5050,0.470283,0.945312
5051,0.470328,0.929688
5052,0.470241,0.929688
5053,0.470283,0.945312
5054,0.470283,0.898438
5055,0.470283,0.937500
5056,0.469962,0.945312
5057,0.470155,0.882812
5058,0.468669,0.945312
5059,0.470283,0.921875
5060,0.470283,0.953125
5061,0.470283,0.921875
5062,0.470283,0.906250
5063,0.470242,0.953125
5064,0.470283,0.914062
5065,0.470283,0.906250
5066,0.470283,0.914062
5067,0.470283,0.937500
5068,0.470283,0.976562
5069,0.470283,0.914062
5070,0.470283,0.937500
5071,0.470283,0.929688
5072,0.470283,0.890625
5073,0.470283,0.953125
5074,0.470282,0.882812
5075,0.470242,0.945312
5076,0.470283,0.937500
5077,0.470283,0.921875
5078,0.470283,0.929688
5079,0.470283,0.914062
5080,0.470283,0.929688
5081,0.470283,0.937500
5082,0.470239,0.960938
5083,0.469912,0.921875
5084,0.470283,0.906250
5085,0.470203,0.945312
5086,0.469592,0.914062
5087,0.470241,0.914062
5088,0.469763,0.906250
5089,0.470283,0.890625
5090,0.470283,0.953125
5091,0.470283,0.867188
5092,0.470230,0.875000
5093,0.470283,0.843750
5094,0.470283,0.898438
5095,0.470283,0.859375
5096,0.470237,0.851562
5097,0.470199,0.898438
5098,0.470199,0.898438
5099,0.470283,0.867188
5100,0.470283,0.898438
5101,0.469181,0.906250
5102,0.469947,0.820312
5103,0.470283,0.851562
5104,0.470283,0.875000
5105,0.470238,0.867188
5106,0.470283,0.867188
5107,0.470283,0.789062
5108,0.470283,0.859375
5109,0.470283,0.828125
5110,0.470283,0.914062
5111,0.468296,0.812500
5112,0.470283,0.828125
5113,0.470283,0.859375
5114,0.470283,0.820312
5115,0.470283,0.859375
5116,0.470283,0.890625
5117,0.470176,0.851562
5118,0.470283,0.820312
5119,0.468287,0.804688
5120,0.470193,0.835938
5121,0.470283,0.835938
5122,0.470283,0.851562
5123,0.470283,0.843750
5124,0.470283,0.828125
5125,0.470283,0.835938
5126,0.470191,0.843750
5127,0.470283,0.867188
5128,0.470283,0.781250
5129,0.469897,0.796875
5130,0.470283,0.843750
5131,0.470283,0.882812
5132,0.470283,0.867188
5133,0.470193,0.867188
5134,0.470283,0.812500
5135,0.470283,0.875000
5136,0.470283,0.851562
5137,0.470238,0.859375
5138,0.470283,0.882812
5139,0.470283,0.867188
5140,0.470283,0.882812
5141,0.470283,0.851562
5142,0.470283,0.835938
5143,0.470283,0.867188
5144,0.468461,0.851562
5145,0.470283,0.843750
5146,0.470241,0.828125
5147,0.470283,0.812500
5148,0.469118,0.906250
5149,0.470283,0.843750
5150,0.470283,0.898438
5151,0.470283,0.867188
5152,0.470283,0.921875
5153,0.470198,0.921875
5154,0.470283,0.921875
5155,0.470283,0.890625
5156,0.467949,0.882812
5157,0.470283,0.945312
5158,0.470199,0.929688
5159,0.470283,0.867188
5160,0.470200,0.937500
5161,0.470196,0.898438
5162,0.470195,0.882812
5163,0.470201,0.921875
5164,0.470276,0.875000
5165,0.470198,0.882812
5166,0.470283,0.859375
5167,0.470237,0.843750
5168,0.470283,0.921875
5169,0.470283,0.851562
5170,0.470283,0.937500
5171,0.470283,0.945312
5172,0.470204,0.953125
5173,0.470245,0.921875
5174,0.470283,0.914062
5175,0.470283,0.914062
5176,0.470283,0.914062
5177,0.470239,0.882812
5178,0.470283,0.914062
5179,0.470283,0.921875
5180,0.470283,0.890625
5181,0.470283,0.906250
5182,0.470283,0.859375
5183,0.470240,0.906250
5184,0.470283,0.859375
5185,0.470283,0.867188
5186,0.470283,0.898438
5187,0.470283,0.953125
5188,0.470283,0.906250
5189,0.470283,0.828125
5190,0.470283,0.882812
5191,0.470283,0.875000
5192,0.470275,0.890625
5193,0.470283,0.906250
5194,0.470283,0.906250
5195,0.470283,0.929688
5196,0.469973,0.890625
5197,0.470283,0.937500
5198,0.469842,0.921875
5199,0.470283,0.898438
5200,0.469901,0.898438
5201,0.470283,0.882812
5202,0.470242,0.835938
5203,0.470283,0.851562
5204,0.470283,0.898438
5205,0.470183,0.906250
5206,0.470283,0.890625
5207,0.468788,0.898438
5208,0.470283,0.828125
5209,0.470283,0.843750
5210,0.470283,0.765625
5211,0.470283,0.726562
5212,0.469911,0.742188
5213,0.470231,0.742188
5214,0.470283,0.742188
5215,0.470283,0.718750
5216,0.470283,0.679688
5217,0.468730,0.679688
5218,0.470283,0.632812
5219,0.470283,0.539062
5220,0.469759,0.578125
5221,0.468369,0.507812
5222,0.470283,0.515625
5223,0.470283,0.437500
5224,0.470283,0.406250
5225,0.470283,0.453125
5226,0.470283,0.476562
5227,0.470283,0.453125
5228,0.470283,0.460938
5229,0.470283,0.406250
5230,0.470283,0.390625
5231,0.470283,0.414062
5232,0.470283,0.453125
5233,0.470283,0.406250
5234,0.470283,0.468750
5235,0.468353,0.546875
5236,0.470283,0.515625
5237,0.470283,0.476562
5238,0.470117,0.468750
5239,0.470283,0.445312
5240,0.470283,0.554688
5241,0.470283,0.523438
5242,0.470283,0.468750
5243,0.467954,0.453125
5244,0.470283,0.460938
5245,0.470283,0.437500
5246,0.470283,0.398438
5247,0.470283,0.375000
5248,0.470283,0.398438
5249,0.470283,0.390625
5250,0.470283,0.421875
5251,0.470283,0.468750
5252,0.470283,0.500000
5253,0.470283,0.507812
5254,0.470283,0.453125
5255,0.470283,0.468750
5256,0.470283,0.421875
5257,0.470283,0.515625
5258,0.470283,0.539062
5259,0.470283,0.664062
5260,0.470283,0.585938
5261,0.470283,0.507812
5262,0.470283,0.546875
5263,0.470283,0.640625
5264,0.470283,0.625000
5265,0.466924,0.585938
5266,0.469306,0.734375
5267,0.470283,0.679688
5268,0.470283,0.664062
5269,0.470283,0.625000
5270,0.470283,0.750000
5271,0.470283,0.742188
5272,0.470283,0.773438
5273,0.470274,0.773438
5274,0.470283,0.820312
5275,0.470283,0.804688
5276,0.470185,0.796875
5277,0.470283,0.890625
5278,0.470283,0.804688
5279,0.467914,0.851562
5280,0.467213,0.859375
5281,0.470189,0.828125
5282,0.470283,0.828125
5283,0.470283,0.820312
5284,0.470283,0.828125
5285,0.470195,0.851562
5286,0.470283,0.890625
5287,0.470283,0.921875
5288,0.470200,0.890625
5289,0.470283,0.882812
5290,0.468618,0.867188
5291,0.470283,0.898438
5292,0.470198,0.914062
5293,0.470197,0.875000
5294,0.470283,0.875000
5295,0.470283,0.906250
5296,0.470283,0.890625
5297,0.470201,0.914062
5298,0.469822,0.882812
5299,0.470106,0.867188
5300,0.470283,0.890625
5301,0.470283,0.906250
5302,0.470240,0.898438
5303,0.470012,0.898438
5304,0.470239,0.875000
5305,0.470200,0.906250
5306,0.470283,0.828125
5307,0.470283,0.906250
5308,0.470283,0.890625
5309,0.470283,0.875000
5310,0.470283,0.921875
5311,0.470283,0.851562
5312,0.470283,0.875000
5313,0.470283,0.867188
5314,0.470283,0.890625
5315,0.470283,0.882812
5316,0.468055,0.898438
5317,0.470283,0.937500
5318,0.470283,0.937500
5319,0.470283,0.890625
5320,0.470283,0.835938
5321,0.469852,0.828125
5322,0.470283,0.875000
5323,0.470192,0.859375
5324,0.470238,0.882812
5325,0.470283,0.843750
5326,0.470282,0.867188
5327,0.470283,0.921875
5328,0.470283,0.851562
5329,0.470193,0.867188
5330,0.470283,0.929688
5331,0.470283,0.875000
5332,0.470283,0.945312
5333,0.470275,0.867188
5334,0.470283,0.906250
5335,0.470283,0.898438
5336,0.470283,0.898438
5337,0.470283,0.921875
5338,0.470283,0.937500
5339,0.470244,0.890625
5340,0.470283,0.867188
5341,0.470283,0.898438
5342,0.470283,0.945312
5343,0.470283,0.890625
5344,0.470283,0.968750
5345,0.470060,0.937500
5346,0.470199,0.929688
5347,0.470283,0.906250
5348,0.470241,0.929688
5349,0.470152,0.875000
5350,0.470197,0.906250
5351,0.470283,0.937500
5352,0.470283,0.921875
5353,0.470283,0.898438
5354,0.470283,0.937500
5355,0.470282,0.867188
5356,0.470283,0.906250
5357,0.470282,0.921875
5358,0.470283,0.914062
5359,0.470240,0.898438
5360,0.470283,0.882812
5361,0.470283,0.929688
5362,0.470283,0.875000
5363,0.470283,0.929688
5364,0.470196,0.898438
5365,0.469905,0.906250
5366,0.470283,0.921875
5367,0.470283,0.914062
5368,0.470283,0.914062
5369,0.470283,0.906250
5370,0.469940,0.882812
5371,0.470283,0.875000
5372,0.470283,0.867188
5373,0.470283,0.875000
5374,0.470283,0.875000
5375,0.470283,0.929688
5376,0.470282,0.789062
5377,0.468425,0.929688
5378,0.470283,0.921875
5379,0.470283,0.898438
5380,0.470240,0.906250
5381,0.470283,0.859375
5382,0.470283,0.875000
5383,0.470240,0.898438
5384,0.470283,0.875000
5385,0.470239,0.875000
5386,0.470283,0.859375
5387,0.470283,0.875000
5388,0.470283,0.851562
5389,0.470191,0.851562
5390,0.470283,0.867188
5391,0.469150,0.882812
5392,0.470188,0.820312
5393,0.469890,0.875000
5394,0.470283,0.835938
5395,0.470283,0.851562
5396,0.470283,0.867188
5397,0.470238,0.859375
5398,0.470283,0.843750
5399,0.470193,0.835938
5400,0.470283,0.828125
5401,0.470283,0.812500
5402,0.470283,0.914062
5403,0.470283,0.820312
5404,0.470283,0.820312
5405,0.468434,0.890625
5406,0.470283,0.875000
5407,0.468958,0.796875
5408,0.470283,0.804688
5409,0.470187,0.812500
5410,0.470048,0.789062
5411,0.470282,0.765625
5412,0.470283,0.789062
5413,0.470283,0.773438
5414,0.470283,0.820312
5415,0.470283,0.773438
5416,0.470283,0.781250
5417,0.469870,0.734375
5418,0.470283,0.726562
5419,0.469712,0.781250
5420,0.470230,0.734375
5421,0.470283,0.781250
5422,0.470283,0.773438
5423,0.469101,0.796875
5424,0.470229,0.726562
5425,0.470283,0.812500
5426,0.470282,0.726562
5427,0.470283,0.710938
5428,0.470283,0.710938
5429,0.470282,0.757812
5430,0.470283,0.703125
5431,0.470283,0.687500
5432,0.470283,0.757812
5433,0.470283,0.726562
5434,0.470283,0.789062
5435,0.470229,0.726562
5436,0.470283,0.812500
5437,0.470283,0.750000
5438,0.470283,0.781250
5439,0.470283,0.789062
5440,0.470283,0.773438
5441,0.469348,0.820312
5442,0.470283,0.828125
5443,0.470283,0.820312
5444,0.470283,0.812500
5445,0.470283,0.789062
5446,0.470283,0.804688
5447,0.470203,0.828125
5448,0.470283,0.781250
5449,0.470195,0.835938
5450,0.470283,0.812500
5451,0.470283,0.828125
5452,0.470283,0.750000
5453,0.470283,0.781250
5454,0.470283,0.820312
5455,0.470283,0.828125
5456,0.470283,0.851562
5457,0.470239,0.882812
5458,0.470283,0.867188
5459,0.470283,0.796875
5460,0.470283,0.851562
5461,0.470283,0.867188
5462,0.470283,0.812500
5463,0.470283,0.906250
5464,0.470283,0.828125
5465,0.470282,0.835938
5466,0.470283,0.835938
5467,0.470283,0.781250
5468,0.470283,0.875000
5469,0.470283,0.843750
5470,0.468921,0.867188
5471,0.470241,0.914062
5472,0.470283,0.906250
5473,0.470283,0.859375
5474,0.470283,0.921875
5475,0.470283,0.882812
5476,0.470283,0.890625
5477,0.470283,0.867188
5478,0.470283,0.875000
5479,0.470283,0.890625
5480,0.470238,0.867188
5481,0.468704,0.921875
5482,0.470283,0.835938
5483,0.470283,0.843750
5484,0.470239,0.875000
5485,0.470283,0.859375
5486,0.470202,0.851562
5487,0.470283,0.898438
5488,0.470283,0.835938
5489,0.470239,0.882812
5490,0.470283,0.875000
5491,0.470283,0.781250
5492,0.470236,0.820312
5493,0.470283,0.796875
5494,0.470283,0.890625
5495,0.470238,0.859375
5496,0.470283,0.875000
5497,0.470283,0.851562
5498,0.469089,0.882812
5499,0.470283,0.843750
5500,0.470283,0.828125
5501,0.470283,0.765625
5502,0.470283,0.796875
5503,0.470283,0.804688
5504,0.470283,0.796875
5505,0.470283,0.710938
5506,0.470283,0.726562
5507,0.470283,0.820312
5508,0.470283,0.765625
5509,0.470283,0.804688
5510,0.470283,0.804688
5511,0.470283,0.765625
5512,0.470237,0.843750
5513,0.470283,0.812500
5514,0.470283,0.710938
5515,0.470283,0.789062
5516,0.470283,0.781250
5517,0.470283,0.726562
5518,0.470283,0.765625
5519,0.470283,0.757812
5520,0.470283,0.726562
5521,0.470283,0.789062
5522,0.470283,0.781250
5523,0.470283,0.718750
5524,0.470283,0.789062
5525,0.470283,0.765625
5526,0.468815,0.804688
5527,0.470283,0.765625
5528,0.470283,0.812500
5529,0.470283,0.765625
5530,0.470283,0.789062
5531,0.470283,0.781250
5532,0.470283,0.726562
5533,0.467881,0.734375
5534,0.470283,0.789062
5535,0.470283,0.742188
5536,0.470235,0.812500
5537,0.470283,0.796875
5538,0.470283,0.828125
5539,0.470283,0.804688
5540,0.470283,0.835938
5541,0.470237,0.851562
5542,0.469032,0.843750
5543,0.470283,0.820312
5544,0.470239,0.875000
5545,0.470283,0.757812
5546,0.470283,0.882812
5547,0.470240,0.898438
5548,0.470283,0.867188
5549,0.470283,0.843750
5550,0.470283,0.820312
5551,0.470283,0.851562
5552,0.470283,0.867188
5553,0.470283,0.804688
5554,0.470283,0.796875
5555,0.470283,0.828125
5556,0.470283,0.789062
5557,0.470283,0.812500
5558,0.470283,0.898438
5559,0.470283,0.890625
5560,0.470283,0.875000
5561,0.469962,0.859375
5562,0.470283,0.820312
5563,0.470283,0.851562
5564,0.470283,0.828125
5565,0.470283,0.875000
5566,0.470283,0.812500
5567,0.470196,0.867188
5568,0.470283,0.820312
5569,0.470283,0.835938
5570,0.470283,0.859375
5571,0.469904,0.906250
5572,0.470283,0.820312
5573,0.470283,0.828125
5574,0.470283,0.812500
5575,0.470283,0.875000
5576,0.470283,0.906250
5577,0.470283,0.859375
5578,0.470283,0.820312
5579,0.470283,0.828125
5580,0.470283,0.882812
5581,0.470283,0.859375
5582,0.470283,0.843750
5583,0.470283,0.867188
5584,0.470283,0.859375
5585,0.470283,0.859375
5586,0.470283,0.867188
5587,0.470283,0.859375
5588,0.470283,0.875000
5589,0.470283,0.867188
5590,0.470283,0.851562
5591,0.469674,0.796875
5592,0.469535,0.875000
5593,0.470283,0.867188
5594,0.470283,0.828125
5595,0.470236,0.843750
5596,0.470149,0.820312
5597,0.470283,0.843750
5598,0.470283,0.828125
5599,0.470283,0.820312
5600,0.470283,0.875000
5601,0.470283,0.820312
5602,0.470283,0.843750
5603,0.470283,0.812500
5604,0.470283,0.828125
5605,0.470283,0.835938
5606,0.470195,0.851562
5607,0.469762,0.781250
5608,0.468447,0.890625
5609,0.470283,0.890625
5610,0.470283,0.773438
5611,0.469924,0.843750
5612,0.470283,0.804688
5613,0.470283,0.757812
5614,0.470283,0.757812
5615,0.470283,0.757812
5616,0.470283,0.734375
5617,0.470189,0.804688
5618,0.470283,0.765625
5619,0.467921,0.820312
5620,0.470283,0.703125
5621,0.470283,0.757812
5622,0.470283,0.765625
5623,0.470283,0.765625
5624,0.470283,0.804688
5625,0.470283,0.781250
5626,0.470234,0.796875
5627,0.470283,0.820312
5628,0.470283,0.695312
5629,0.470283,0.789062
5630,0.470191,0.851562
5631,0.468554,0.812500
5632,0.470283,0.804688
5633,0.470237,0.851562
5634,0.470283,0.867188
5635,0.470283,0.851562
5636,0.470283,0.859375
5637,0.470283,0.820312
5638,0.470283,0.890625
5639,0.470283,0.921875
5640,0.470283,0.851562
5641,0.470283,0.898438
5642,0.470244,0.875000
5643,0.470192,0.859375
5644,0.470196,0.898438
5645,0.470239,0.882812
5646,0.470283,0.914062
5647,0.470283,0.921875
5648,0.470283,0.867188
5649,0.470283,0.859375
5650,0.470283,0.937500
5651,0.470283,0.843750
5652,0.470283,0.875000
5653,0.469890,0.875000
5654,0.470283,0.898438
5655,0.470283,0.851562
5656,0.470283,0.882812
5657,0.470283,0.867188
5658,0.470283,0.906250
5659,0.470283,0.898438
5660,0.470283,0.921875
5661,0.470283,0.890625
5662,0.470242,0.937500
5663,0.470283,0.929688
5664,0.470283,0.953125
5665,0.469979,0.906250
5666,0.470283,0.937500
5667,0.470283,0.906250
5668,0.470283,0.906250
5669,0.470192,0.851562
5670,0.470283,0.929688
5671,0.470283,0.929688
5672,0.468512,0.890625
5673,0.470283,0.890625
5674,0.470283,0.882812
5675,0.470282,0.882812
5676,0.468497,0.890625
5677,0.470283,0.851562
5678,0.470283,0.914062
5679,0.470283,0.898438
5680,0.470198,0.921875
5681,0.470283,0.882812
5682,0.470283,0.898438
5683,0.470237,0.835938
5684,0.470239,0.875000
5685,0.470283,0.867188
5686,0.470283,0.937500
5687,0.470283,0.906250
5688,0.470283,0.882812
5689,0.470240,0.898438
5690,0.470283,0.859375
5691,0.470283,0.898438
5692,0.470283,0.914062
5693,0.470283,0.875000
5694,0.470196,0.906250
5695,0.470241,0.914062
5696,0.470194,0.875000
5697,0.470283,0.882812
5698,0.470283,0.945312
5699,0.470283,0.882812
5700,0.470283,0.945312
5701,0.470283,0.898438
5702,0.470161,0.937500
5703,0.470283,0.937500
5704,0.470283,0.890625
5705,0.470203,0.937500
5706,0.470283,0.937500
5707,0.470283,0.960938
5708,0.470293,0.929688
5709,0.470198,0.921875
5710,0.470283,0.960938
5711,0.470283,0.882812
5712,0.470241,0.929688
5713,0.470246,0.937500
5714,0.470283,0.945312
5715,0.470283,0.945312
5716,0.470283,0.898438
5717,0.470283,0.921875
5718,0.470283,0.906250
5719,0.470283,0.890625
5720,0.470203,0.937500
5721,0.470283,0.929688
5722,0.470283,0.914062
5723,0.470241,0.921875
5724,0.470283,0.929688
5725,0.470283,0.945312
5726,0.470283,0.906250
5727,0.470283,0.976562
5728,0.467872,0.890625
5729,0.470283,0.906250
5730,0.470283,0.843750
5731,0.470195,0.890625
5732,0.470283,0.914062
5733,0.470283,0.921875
5734,0.470201,0.921875
5735,0.470283,0.945312
5736,0.468658,0.921875
5737,0.470199,0.898438
5738,0.470283,0.953125
5739,0.470240,0.898438
5740,0.470196,0.867188
5741,0.470364,0.921875
5742,0.470283,0.921875
5743,0.470240,0.906250
5744,0.470283,0.929688
5745,0.470283,0.937500
5746,0.470283,0.875000
5747,0.470283,0.937500
5748,0.470283,0.906250
5749,0.470283,0.906250
5750,0.470275,0.937500
5751,0.470283,0.953125
5752,0.470283,0.859375
5753,0.470283,0.945312
5754,0.469598,0.921875
5755,0.468727,0.898438
5756,0.470283,0.898438
5757,0.470283,0.921875
5758,0.470283,0.890625
5759,0.470283,0.890625
5760,0.470283,0.835938
5761,0.470283,0.898438
5762,0.468800,0.898438
5763,0.470195,0.851562
5764,0.470283,0.867188
5765,0.470283,0.898438
5766,0.470235,0.812500
5767,0.469451,0.875000
5768,0.470283,0.851562
5769,0.470282,0.906250
5770,0.470282,0.843750
5771,0.470242,0.851562
5772,0.470283,0.890625
5773,0.470283,0.890625
5774,0.470283,0.890625
5775,0.468401,0.859375
5776,0.470283,0.835938
5777,0.470283,0.890625
5778,0.470283,0.835938
5779,0.470283,0.875000
5780,0.470283,0.859375
5781,0.470283,0.890625
5782,0.470283,0.875000
5783,0.470283,0.867188
5784,0.468304,0.851562
5785,0.470283,0.882812
5786,0.470283,0.906250
5787,0.470283,0.921875
5788,0.470283,0.867188
5789,0.470283,0.867188
5790,0.470283,0.882812
5791,0.470283,0.882812
5792,0.470241,0.914062
5793,0.470283,0.882812
5794,0.470283,0.882812
5795,0.470283,0.914062
5796,0.470283,0.898438
5797,0.470283,0.890625
5798,0.470282,0.929688
5799,0.470283,0.914062
5800,0.470283,0.882812
5801,0.470283,0.914062
5802,0.470283,0.906250
5803,0.470283,0.906250
5804,0.470283,0.914062
5805,0.469998,0.968750
5806,0.470283,0.898438
5807,0.470283,0.937500
5808,0.470243,0.867188
5809,0.470283,0.921875
5810,0.470240,0.898438
5811,0.470192,0.859375
5812,0.470283,0.937500
5813,0.470283,0.914062
5814,0.470283,0.906250
5815,0.470283,0.945312
5816,0.470200,0.906250
5817,0.468425,0.914062
5818,0.470283,0.914062
5819,0.470283,0.921875
5820,0.470283,0.914062
5821,0.470283,0.906250
5822,0.470283,0.929688
5823,0.470242,0.937500
5824,0.470197,0.875000
5825,0.470283,0.875000
5826,0.470283,0.914062
5827,0.470283,0.867188
5828,0.470240,0.906250
5829,0.470283,0.906250
5830,0.470283,0.921875
5831,0.470283,0.937500
5832,0.468192,0.937500
5833,0.470283,0.906250
5834,0.470240,0.898438
5835,0.470283,0.906250
5836,0.470196,0.898438
5837,0.470241,0.921875
5838,0.470197,0.906250
5839,0.470283,0.921875
5840,0.470242,0.937500
5841,0.469900,0.898438
5842,0.470283,0.945312
5843,0.470282,0.906250
5844,0.470283,0.921875
5845,0.470283,0.937500
5846,0.470201,0.945312
5847,0.470283,0.937500
5848,0.470283,0.960938
5849,0.469933,0.898438
5850,0.470283,0.945312
5851,0.470199,0.898438
5852,0.470241,0.914062
5853,0.470204,0.929688
5854,0.470283,0.914062
5855,0.470283,0.906250
5856,0.470283,0.921875
5857,0.470283,0.906250
5858,0.470198,0.914062
5859,0.470283,0.929688
5860,0.470241,0.929688
5861,0.470283,0.906250
5862,0.470283,0.921875
5863,0.470283,0.890625
5864,0.470283,0.906250
5865,0.470283,0.937500
5866,0.470283,0.906250
5867,0.470283,0.914062
5868,0.470283,0.968750
5869,0.470283,0.953125
5870,0.470283,0.898438
5871,0.470283,0.906250
5872,0.470241,0.914062
5873,0.470283,0.929688
5874,0.470283,0.937500
5875,0.470283,0.882812
5876,0.470283,0.906250
5877,0.470283,0.945312
5878,0.470283,0.906250
5879,0.470283,0.898438
5880,0.469634,0.914062
5881,0.470283,0.898438
5882,0.470283,0.859375
5883,0.470283,0.843750
5884,0.470283,0.882812
5885,0.470240,0.906250
5886,0.470283,0.914062
5887,0.470283,0.890625
5888,0.470283,0.875000
5889,0.470283,0.867188
5890,0.470283,0.867188
5891,0.470188,0.820312
5892,0.470294,0.890625
5893,0.470283,0.875000
5894,0.470283,0.789062
5895,0.469962,0.859375
5896,0.470283,0.859375
5897,0.470283,0.859375
5898,0.470191,0.843750
5899,0.470244,0.890625
5900,0.470283,0.820312
5901,0.470274,0.820312
5902,0.470283,0.781250
5903,0.468895,0.773438
5904,0.470192,0.828125
5905,0.470283,0.734375
5906,0.470283,0.835938
5907,0.470244,0.875000
5908,0.470283,0.812500
5909,0.470283,0.757812
5910,0.470283,0.812500
5911,0.470283,0.828125
5912,0.470236,0.820312
5913,0.470283,0.773438
5914,0.470283,0.796875
5915,0.470283,0.843750
5916,0.470283,0.812500
5917,0.470283,0.882812
5918,0.470283,0.750000
5919,0.470283,0.796875
5920,0.470283,0.828125
5921,0.470283,0.859375
5922,0.470283,0.789062
5923,0.470283,0.812500
5924,0.470283,0.796875
5925,0.470283,0.765625
5926,0.470189,0.789062
5927,0.470283,0.820312
5928,0.470283,0.828125
5929,0.470283,0.843750
5930,0.470283,0.882812
5931,0.470240,0.898438
5932,0.470283,0.851562
5933,0.470283,0.859375
5934,0.470283,0.828125
5935,0.470283,0.867188
5936,0.468610,0.789062
5937,0.470283,0.820312
5938,0.470283,0.710938
5939,0.470283,0.773438
5940,0.470178,0.742188
5941,0.470283,0.734375
5942,0.470159,0.609375
5943,0.470283,0.648438
5944,0.470283,0.664062
5945,0.470283,0.648438
5946,0.470283,0.523438
5947,0.470283,0.554688
5948,0.470283,0.539062
5949,0.470283,0.539062
5950,0.470283,0.617188
5951,0.470283,0.460938
5952,0.470283,0.562500
5953,0.470283,0.609375
5954,0.470283,0.593750
5955,0.470283,0.515625
5956,0.465094,0.609375
5957,0.470283,0.601562
5958,0.470283,0.546875
5959,0.470283,0.640625
5960,0.470283,0.601562
5961,0.470283,0.757812
5962,0.470224,0.656250
5963,0.470283,0.648438
5964,0.470224,0.664062
5965,0.470283,0.765625
5966,0.470283,0.859375
5967,0.470283,0.812500
5968,0.470283,0.781250
5969,0.470283,0.820312
5970,0.470283,0.835938
5971,0.470283,0.851562
5972,0.470283,0.882812
5973,0.470197,0.875000
5974,0.470243,0.867188
5975,0.470283,0.867188
5976,0.470283,0.898438
5977,0.470283,0.835938
5978,0.470283,0.890625
5979,0.470283,0.914062
5980,0.470283,0.898438
5981,0.470283,0.882812
5982,0.469000,0.898438
5983,0.470283,0.914062
5984,0.470283,0.906250
5985,0.469108,0.898438
5986,0.470283,0.882812
5987,0.470283,0.906250
5988,0.470283,0.953125
5989,0.470283,0.890625
5990,0.470283,0.914062
5991,0.470283,0.859375
5992,0.470283,0.914062
5993,0.470283,0.867188
5994,0.470283,0.914062
5995,0.468501,0.906250
5996,0.470283,0.859375
5997,0.470283,0.812500
5998,0.469361,0.789062
5999,0.470283,0.859375
6000,0.470239,0.882812
6001,0.469842,0.921875
6002,0.470283,0.828125
6003,0.470283,0.796875
6004,0.470189,0.828125
6005,0.470283,0.750000
6006,0.470283,0.820312
6007,0.470283,0.851562
6008,0.470283,0.789062
6009,0.470235,0.804688
6010,0.470283,0.843750
6011,0.470283,0.796875
6012,0.470283,0.812500
6013,0.470283,0.859375
6014,0.470283,0.765625
6015,0.470283,0.789062
6016,0.470184,0.789062
6017,0.470283,0.765625
6018,0.470283,0.828125
6019,0.470283,0.820312
6020,0.470283,0.875000
6021,0.470283,0.851562
6022,0.470283,0.765625
6023,0.469937,0.812500
6024,0.470283,0.820312
6025,0.470283,0.882812
6026,0.470283,0.882812
6027,0.470283,0.843750
6028,0.470283,0.859375
6029,0.470283,0.851562
6030,0.470283,0.859375
6031,0.470283,0.812500
6032,0.470283,0.875000
6033,0.470283,0.890625
6034,0.470283,0.875000
6035,0.470283,0.898438
6036,0.470283,0.851562
6037,0.470283,0.882812
6038,0.470283,0.875000
6039,0.470200,0.906250
6040,0.470283,0.890625
6041,0.470283,0.882812
6042,0.470283,0.898438
6043,0.470283,0.898438
6044,0.470283,0.828125
6045,0.470283,0.882812
6046,0.470283,0.898438
6047,0.468505,0.875000
6048,0.470283,0.875000
6049,0.470283,0.851562
6050,0.470237,0.835938
6051,0.470283,0.835938
6052,0.470283,0.921875
6053,0.470283,0.898438
6054,0.470244,0.882812
6055,0.470283,0.843750
6056,0.470283,0.867188
6057,0.470283,0.859375
6058,0.470283,0.875000
6059,0.470283,0.898438
6060,0.470283,0.843750
6061,0.470283,0.875000
6062,0.470283,0.898438
6063,0.470201,0.914062
6064,0.470283,0.843750
6065,0.470283,0.859375
6066,0.470283,0.945312
6067,0.470283,0.875000
6068,0.470283,0.882812
6069,0.470283,0.867188
6070,0.470238,0.867188
6071,0.470283,0.921875
6072,0.470283,0.906250
6073,0.470283,0.929688
6074,0.470283,0.890625
6075,0.470283,0.867188
6076,0.470282,0.898438
6077,0.470231,0.937500
6078,0.470283,0.898438
6079,0.470283,0.906250
6080,0.470283,0.882812
6081,0.470242,0.937500
6082,0.470283,0.882812
6083,0.470283,0.867188
6084,0.470283,0.921875
6085,0.470283,0.890625
6086,0.470283,0.882812
6087,0.470283,0.914062
6088,0.470239,0.875000
6089,0.470283,0.921875
6090,0.470283,0.960938
6091,0.470283,0.875000
6092,0.470283,0.906250
6093,0.469450,0.875000
6094,0.470282,0.890625
6095,0.470283,0.906250
6096,0.470283,0.882812
6097,0.470283,0.835938
6098,0.470283,0.890625
6099,0.470283,0.882812
6100,0.470283,0.898438
6101,0.470283,0.921875
6102,0.470239,0.882812
6103,0.470283,0.890625
6104,0.470283,0.890625
6105,0.470283,0.929688
6106,0.470283,0.898438
6107,0.470283,0.898438
6108,0.470283,0.875000
6109,0.470283,0.906250
6110,0.470283,0.945312
6111,0.470240,0.906250
6112,0.470283,0.906250
6113,0.470283,0.929688
6114,0.470283,0.890625
6115,0.470282,0.945312
6116,0.470192,0.937500
6117,0.470283,0.921875
6118,0.470283,0.898438
6119,0.470283,0.882812
6120,0.470283,0.921875
6121,0.470283,0.921875
6122,0.470283,0.890625
6123,0.470283,0.945312
6124,0.470283,0.890625
6125,0.470283,0.929688
6126,0.470282,0.929688
6127,0.470282,0.929688
6128,0.470283,0.906250
6129,0.470283,0.867188
6130,0.470283,0.945312
6131,0.470282,0.906250
6132,0.470283,0.960938
6133,0.470283,0.914062
6134,0.470283,0.921875
6135,0.470283,0.921875
6136,0.470283,0.929688
6137,0.470283,0.921875
6138,0.469676,0.953125
6139,0.470200,0.906250
6140,0.469946,0.898438
6141,0.470283,0.875000
6142,0.470283,0.906250
6143,0.469848,0.859375
6144,0.467028,0.882812
6145,0.468883,0.843750
6146,0.470235,0.812500
6147,0.470283,0.867188
6148,0.470283,0.835938
6149,0.470283,0.835938
6150,0.470283,0.804688
6151,0.470283,0.796875
6152,0.470283,0.789062
6153,0.470283,0.867188
6154,0.470236,0.820312
6155,0.470283,0.820312
6156,0.470283,0.804688
6157,0.470283,0.890625
6158,0.469930,0.859375
6159,0.470283,0.843750
6160,0.470235,0.804688
6161,0.470283,0.796875
6162,0.470283,0.835938
6163,0.470283,0.796875
6164,0.470237,0.835938
6165,0.470283,0.804688
6166,0.470283,0.875000
6167,0.470283,0.875000
6168,0.470283,0.859375
6169,0.470283,0.812500
6170,0.470283,0.820312
6171,0.470283,0.906250
6172,0.470283,0.890625
6173,0.470283,0.875000
6174,0.470283,0.851562
6175,0.470283,0.812500
6176,0.470283,0.898438
6177,0.470283,0.867188
6178,0.470283,0.867188
6179,0.470283,0.898438
6180,0.470283,0.914062
6181,0.470283,0.875000
6182,0.470283,0.835938
6183,0.470283,0.843750
6184,0.470283,0.929688
6185,0.470283,0.882812
6186,0.470283,0.843750
6187,0.470283,0.882812
6188,0.470283,0.851562
6189,0.470283,0.890625
6190,0.470283,0.867188
6191,0.470283,0.898438
6192,0.470283,0.898438
6193,0.470241,0.867188
6194,0.470193,0.867188
6195,0.470283,0.914062
6196,0.470283,0.859375
6197,0.470283,0.890625
6198,0.470283,0.906250
6199,0.470283,0.906250
6200,0.470283,0.890625
6201,0.470283,0.835938
6202,0.470239,0.882812
6203,0.470283,0.898438
6204,0.470283,0.921875
6205,0.470283,0.890625
6206,0.470282,0.914062
6207,0.470283,0.882812
6208,0.470189,0.867188
6209,0.470283,0.843750
6210,0.470283,0.914062
6211,0.470283,0.890625
6212,0.470283,0.875000
6213,0.470283,0.937500
6214,0.470283,0.898438
6215,0.470283,0.851562
6216,0.468004,0.898438
6217,0.470283,0.851562
6218,0.470283,0.906250
6219,0.470283,0.867188
6220,0.470283,0.914062
6221,0.470283,0.875000
6222,0.470238,0.859375
6223,0.470283,0.859375
6224,0.470236,0.828125
6225,0.470283,0.929688
6226,0.470240,0.921875
6227,0.470283,0.867188
6228,0.470283,0.914062
6229,0.470283,0.851562
6230,0.470283,0.898438
6231,0.470283,0.906250
6232,0.470283,0.898438
6233,0.470283,0.906250
6234,0.470283,0.906250
6235,0.470283,0.890625
6236,0.470283,0.914062
6237,0.470283,0.921875
6238,0.470282,0.945312
6239,0.470283,0.914062
6240,0.470283,0.929688
6241,0.470283,0.945312
6242,0.470283,0.882812
6243,0.470283,0.937500
6244,0.470283,0.906250
6245,0.470240,0.898438
6246,0.470283,0.960938
6247,0.469374,0.914062
6248,0.470283,0.898438
6249,0.470283,0.906250
6250,0.470196,0.898438
6251,0.470241,0.914062
6252,0.470283,0.898438
6253,0.470283,0.906250
6254,0.470196,0.898438
6255,0.470283,0.960938
6256,0.470227,0.882812
6257,0.470283,0.914062
6258,0.470283,0.906250
6259,0.470283,0.882812
6260,0.469371,0.929688
6261,0.470283,0.914062
6262,0.470283,0.882812
6263,0.470283,0.906250
6264,0.469949,0.906250
6265,0.470283,0.890625
6266,0.470283,0.882812
6267,0.470283,0.875000
6268,0.469437,0.921875
6269,0.470283,0.890625
6270,0.470283,0.906250
6271,0.470283,0.914062
6272,0.470283,0.906250
6273,0.470283,0.921875
6274,0.470283,0.914062
6275,0.470283,0.882812
6276,0.470283,0.898438
6277,0.470283,0.937500
6278,0.470283,0.906250
6279,0.470283,0.875000
6280,0.470283,0.906250
6281,0.470240,0.906250
6282,0.469946,0.898438
6283,0.470283,0.906250
6284,0.470111,0.890625
6285,0.470283,0.898438
6286,0.470197,0.906250
6287,0.470239,0.875000
6288,0.470283,0.898438
6289,0.470283,0.867188
6290,0.470283,0.882812
6291,0.470283,0.906250
6292,0.470283,0.929688
6293,0.470283,0.914062
6294,0.470283,0.898438
6295,0.470283,0.882812
6296,0.470244,0.882812
6297,0.470283,0.843750
6298,0.470283,0.875000
6299,0.470283,0.914062
6300,0.470283,0.875000
6301,0.467658,0.898438
6302,0.470283,0.859375
6303,0.470283,0.867188
6304,0.470283,0.882812
6305,0.470244,0.882812
6306,0.470283,0.906250
6307,0.470283,0.906250
6308,0.470283,0.882812
6309,0.470283,0.796875
6310,0.470283,0.828125
6311,0.470283,0.843750
6312,0.470283,0.835938
6313,0.470283,0.851562
6314,0.470283,0.851562
6315,0.468632,0.875000
6316,0.470283,0.859375
6317,0.470283,0.890625
6318,0.470283,0.867188
6319,0.470283,0.843750
6320,0.470283,0.882812
6321,0.470283,0.906250
6322,0.469479,0.898438
6323,0.470283,0.921875
6324,0.470283,0.890625
6325,0.470283,0.890625
6326,0.469451,0.875000
6327,0.470283,0.835938
6328,0.470283,0.875000
6329,0.470283,0.859375
6330,0.470199,0.898438
6331,0.469907,0.914062
6332,0.470196,0.898438
6333,0.470283,0.859375
6334,0.470283,0.906250
6335,0.470283,0.898438
6336,0.470283,0.882812
6337,0.470148,0.867188
6338,0.470283,0.867188
6339,0.470283,0.906250
6340,0.470283,0.906250
6341,0.470283,0.914062
6342,0.470283,0.898438
6343,0.470283,0.906250
6344,0.470283,0.906250
6345,0.470283,0.921875
6346,0.470283,0.898438
6347,0.470283,0.898438
6348,0.470283,0.890625
6349,0.470283,0.929688
6350,0.470283,0.921875
6351,0.470275,0.906250
6352,0.470283,0.921875
6353,0.470283,0.890625
6354,0.470283,0.921875
6355,0.470202,0.929688
6356,0.470198,0.914062
6357,0.470283,0.953125
6358,0.470283,0.937500
6359,0.470196,0.898438
6360,0.470283,0.914062
6361,0.470283,0.906250
6362,0.470283,0.882812
6363,0.470283,0.914062
6364,0.470245,0.914062
6365,0.470283,0.914062
6366,0.470240,0.898438
6367,0.470283,0.921875
6368,0.469612,0.875000
6369,0.470283,0.921875
6370,0.470195,0.890625
6371,0.470283,0.890625
6372,0.470283,0.906250
6373,0.470283,0.890625
6374,0.470283,0.914062
6375,0.470283,0.898438
6376,0.470189,0.867188
6377,0.470283,0.867188
6378,0.470283,0.882812
6379,0.470283,0.867188
6380,0.470283,0.890625
6381,0.469548,0.859375
6382,0.470283,0.953125
6383,0.470283,0.875000
6384,0.470283,0.859375
6385,0.470283,0.875000
6386,0.470283,0.867188
6387,0.470283,0.851562
6388,0.470283,0.875000
6389,0.470283,0.820312
6390,0.470283,0.812500
6391,0.470283,0.820312
6392,0.470186,0.804688
6393,0.470283,0.828125
6394,0.470283,0.726562
6395,0.470283,0.820312
6396,0.470283,0.851562
6397,0.470283,0.843750
6398,0.470283,0.828125
6399,0.470283,0.789062
6400,0.470283,0.789062
