smiles,aureus_MIC,aureus_logMIC,n,pos,FEAT_COMPACT_0,FEAT_COMPACT_1,FEAT_COMPACT_2,FEAT_COMPACT_3,FEAT_COMPACT_4,FEAT_COMPACT_5,FEAT_COMPACT_6,FEAT_COMPACT_7,FEAT_COMPACT_8,FEAT_COMPACT_9,FEAT_COMPACT_10,FEAT_COMPACT_11,FEAT_COMPACT_12,FEAT_COMPACT_13,FEAT_COMPACT_14,FEAT_COMPACT_15,FEAT_COMPACT_16,FEAT_COMPACT_17,FEAT_COMPACT_18,FEAT_COMPACT_19,FEAT_COMPACT_20,FEAT_COMPACT_21,FEAT_COMPACT_22,FEAT_COMPACT_23,FEAT_COMPACT_24,FEAT_COMPACT_25,FEAT_COMPACT_26,FEAT_COMPACT_27,FEAT_COMPACT_28,FEAT_COMPACT_29,FEAT_COMPACT_30,FEAT_COMPACT_31
NC(NCCNC(C(N=N1)=CN1C2=CC=C(C=C2)OCC3=CC(C(C)(C)C)=CC(C(C)(C)C)=C3)=O)=[NH2+],8.0,0.9030899869919436,2,2,-11.732182694570621,4.980563698623646,-10.598457441646206,5.349785361388707,-7.0421268648245094,-0.35847736837730504,3.8324194907470344,7.935598824639525,-1.3389608395642125,-6.394845143922342,-5.824555433416094,-4.1349679969895945,3.158749562300634,6.911662097209153,-5.575394786896563,-3.986061753621678,-10.753209401141698,-1.4882797037200017,37.40651049507691,2.283976189168813,16.590346039070795,-2.7369899449059036,-12.668150407385747,-5.51635727519108,-1.244309045341503,11.455470831833054,5.720647971526055,-14.08686290321581,-12.890270372118572,-5.856539375735984,-15.029570986037458,-9.114803413962793
C/C(C(N=N1)=CN1CC2=CC(C(C)(C)C)=CC(C(C)(C)C)=C2)=N/NC(N)=[NH2+],4.0,0.6020599913279624,2,2,-1.7587859219259925,9.209295473981758,12.71298241976502,8.897299411090565,6.5240836143200145,3.1081331202607223,7.456084206964904,-3.3900675683940906,-0.48196748822855645,-3.060655437681403,-3.297126702658834,-4.376642864351073,6.0768521883737545,8.371885319243509,-4.97716447521244,-6.179169945444287,-11.392999004550115,-2.709703603205682,44.618215723215954,5.78542297852269,10.754098954367075,6.487320537166175,1.709573800101733,-1.7979467289604525,4.085670114749439,-17.224664707678485,-2.8004642095034518,13.496892186987383,15.18345587396718,4.7533791197858095,9.956485742640009,7.624241758432086
O=P(O)(C[C@H](C(OCC)=O)OCC1=CN(CCCCCCCCCCCC)N=N1)OCCCNCC(C=C2)=CC=C2C3=CC=CC=C3,4.221,0.6254153521544081,2,2,-4.256607219889869,3.2321760285798002,10.16947353476342,-3.167151774002212,9.015419808716702,2.9888966103517713,16.906118520389377,28.30896024747127,-17.5328130410071,-5.44137365782658,35.47977799908842,-15.62732098503696,-19.832543016762198,15.820982682004228,-8.76919720224426,-1.5697132110041851,-2.6309785353593163,7.109628216079057,-4.257863642308707,1.6162694281394632,1.4700067633173262,0.30878363568955064,-2.193424168198706,1.176451233082134,-1.1203659099432774,0.57347362996717,0.5105215054913657,-0.15640385093709136,-1.3084698673153863,0.6939519928856286,1.375170451275645,0.3237892882238165
O=C(OCC)[C@H](OCC1=CN(CCCCCCCCCCCC)N=N1)CP(OCCCNCC2=CC=C3C=CC=CC3=C2)(O)=O,4.0572,0.6082264168133938,1,1,-4.747851426023364,4.569569843579647,9.560270758102654,-3.7358043395638254,10.742530771066221,2.445960471484917,17.122598027300228,28.125029752874887,-17.169792866820654,-5.829418312154108,33.942001896062024,-14.46060011870231,-19.573799744669493,15.38947430870381,-9.797398109184495,-1.4136521033699463,-3.692289986212436,6.447894621146568,-4.059225950160789,1.9889524150230489,0.542630111848395,1.2044631955205567,-1.2065622698801852,1.1432396631683173,0.674651075956558,0.2171079606458678,-0.509137774121891,-0.6838424917666904,-3.271890416640916,2.132408658456399,0.7950810582846046,-0.5320683616132691
O=P(O)(C[C@H](C(OCC)=O)OCC1=CN(CCCCCCCCCCCC)N=N1)OCCCN(C)CC(C=C2)=CC=C2C3=CC=CC=C3,4.3092,0.6343966511736979,2,2,-4.352336749416935,2.5516816654319774,9.621316412433172,-4.404690210943973,9.02286549070494,3.0144481679747566,16.74058969315678,29.068014512746654,-18.368596752200343,-5.587964782042586,35.5002624455991,-14.504933711468102,-18.993613028447527,15.24544677171663,-7.661784360342015,-1.7604570027509594,-2.47666143615405,7.196085195444919,-4.510779271062374,0.920556004280183,1.0001698462642572,0.6661009319862944,-1.5882681895590727,0.557292715156186,-1.5102914439546788,-0.6467492620120963,0.712172869845876,-0.20885781285979726,-0.5126482454287031,0.29673652305074977,1.9221998836809926,1.5715833598304076
O=P(O)(C[C@H](C(OCC)=O)OCC1=CN(CCCCCCCCCCCC)N=N1)OCCCN(CC2=CC=C(C3=CC=CC=C3)C=C2)CC(C=C4)=CC=C4C5=CC=CC=C5,374.8,2.5737995822157407,1,0,-3.6491469938066,2.3405976131883284,9.373975074939334,-4.730101157952391,9.202643407535149,2.2203039871477643,17.365541886982186,30.275267402145484,-19.77693879679059,-4.974315110825229,37.321745120953935,-15.420869803329836,-20.123715040019025,15.67855552571462,-8.437239817287459,-2.458782835202888,-2.2182206070069777,7.263309360938091,-6.081106955818133,0.8703074586026427,0.6488782024892914,0.5524296974453115,-1.6940691208521665,0.4187042174526694,-1.4325356544748908,-0.9958872344937553,1.0624299813937714,-0.1768301706452765,-0.2101741799674445,-0.3343608991794818,1.8218791877796672,1.5028413391690365
O=C(OCC1=CN(CC2=CC=CC=C2)N=N1)/C=C/C3=COC4=C(C=C(C)C=C4)C3=O,99.89712,1.999552967844228,9,0,-4.112469222208234,24.63399844422522,11.457427906059213,-4.043929716146771,26.600368659689753,-3.7758273854683164,-3.664861959947139,-6.00450029683275,7.5709486895494535,-20.955233795544604,3.606326778973106,2.4589001745973085,-4.965195560357536,-11.343959535352724,3.2813336409262157,-0.595934234455519,3.3823894220610904,-4.313927818624926,0.5030768566874672,-1.7766174572325186,-0.14454659164682834,-0.7867619700216407,-1.512572670776945,0.16073598020476626,0.28911277453971734,-0.06053778636875692,-0.03615937343913575,-0.742012830889615,-0.9694097676727725,-0.04492254788562371,-0.5490181587731757,-0.5774054567180905
O=C(OCC1=CN(CC2=CC=CC=C2F)N=N1)/C=C/C3=COC4=C(C=C(C)C=C4)C3=O,499.51085,2.6985449260834264,9,0,-3.6302480763696368,23.117121581064584,9.702278162162973,-5.607284748151049,26.378371611173037,-3.8195972923023533,-4.767285506085054,-5.513030405905375,7.67706386187381,-21.131459678369616,3.9466986105783084,1.2459271395648341,-4.579455638827712,-12.018905988834108,4.263110994134033,0.6101477448508529,3.5439084024456737,-3.8322834170228557,-0.31898567968937086,-1.0813729303193436,-0.052265576030138955,0.5649317303015615,-2.2409562556027027,1.0016962452498785,1.182058766136709,-0.08982420151395323,0.6754671951573958,-0.0439002152198057,-0.9568509665383937,1.2701866960707318,0.9171483720874812,-2.1888793646665716
O=C(OCC1=CN(CC2=CC=CC(F)=C2)N=N1)/C=C/C3=COC4=C(C=C(C)C=C4)C3=O,499.51085,2.6985449260834264,9,0,-3.8672937460941665,23.383288749485978,10.50213311116721,-5.055107769444091,26.857083362468664,-3.8254435928814754,-5.006313383889135,-5.238901542622282,8.075441816587166,-21.0510893589295,3.3138598218963575,2.526540528947542,-4.650613455701278,-10.984350150880298,4.308162513254309,-0.4767739386340921,3.5120384245317267,-3.8282182054969756,-0.1444406270611333,-2.2214077967772767,-0.042013785427222686,-0.3878484552657178,-1.6142775451551177,0.042864028269253035,0.1571012324879702,-0.6316936904785677,-0.35101788097916875,-0.3179350572700872,-0.7060565057421255,-0.1135066575745544,-0.23420940867798878,-1.0555053214865804
CC1=CC=C2OC=C(/C=C/C(=O)OCC3=CN(C4=CC=C(F)C=C4)N=N3)C(=O)C2=C1,499.51085,2.6985449260834264,1,0,-12.615946026905164,15.527268108708848,-3.6770997516082318,-5.063603670190404,12.614380626481688,-3.3042157445203704,-7.761000573474503,-3.828312884028633,7.191576591711887,-23.8747065094212,4.425617459183862,1.629957667842619,-4.508607393068374,-10.698263538765083,4.063485185362725,-0.7345994784589567,3.5602652970059743,-2.5638595522096703,-1.1326353073822153,-3.0654473326284633,4.010441327269938,-3.763756393471615,-5.032117340713211,4.109648159150535,-3.1090281122179575,3.866708039777836,0.9866409192542496,-1.8146151606654015,-1.9253766576067233,-1.86910862670304,-3.4464713447486197,-0.13956051913119427
O=C(OCC1=CN(CC2=CC=CC(Cl)=C2)N=N1)/C=C/C3=COC4=C(C=C(C)C=C4)C3=O,99.916765,1.999638364463431,9,0,-4.066277260410021,23.745343581708134,10.864594639229477,-4.990347838965088,26.963212789242807,-4.156676480622191,-4.497441650912153,-5.636730790575819,9.167206501756459,-20.534405037250995,2.7953694210511384,2.040350583614692,-4.617652058806292,-9.991566517639061,3.012534982380824,-0.4461542656495415,3.7617477930187704,-4.2872756200392965,-0.6368515366057172,-1.7381377217962222,0.4010933103103715,-0.4280503544045854,-2.0391427491007827,0.24046293508840333,0.15887473364443291,-1.528581146615543,0.016479909410379426,-0.9520388914396021,-1.040503021798128,-0.36038179735506903,0.03365965508099456,-0.6387822529235507
O=C(OCC1=CN(CC2=CC=C(Cl)C=C2)N=N1)/C=C/C3=COC4=C(C=C(C)C=C4)C3=O,99.916765,1.999638364463431,9,0,-3.99066441148349,24.14673482560515,10.9460046184693,-4.458235976909456,26.61629105606441,-4.180381543666622,-4.091456945382228,-5.555599747981574,9.043912239244824,-20.85573390588488,3.162758667390048,1.843556613540469,-3.851628888078703,-10.241639684633444,3.0651762535729894,-0.4289797162830481,3.9157530663101103,-4.099317052050145,-0.8548775657237969,-2.2278972892554925,0.055680206374463796,-0.8150320525612033,-1.759114846470527,-0.591220738514654,-0.0430223857414183,-1.0219343342787055,0.6380595182357747,-1.0565015922078203,-0.6575668923824092,-0.6439279298801429,0.04670418502878723,-0.6111579570093199
O=C(OCC1=CN(CC2=CC=CC=C2C)N=N1)/C=C/C3=COC4=C(C=C(C)C=C4)C3=O,998.9382,2.9995386211297026,9,0,-4.132006458544913,23.353547954507714,10.784464545520423,-5.528730811744748,27.276801317900475,-4.014908939400133,-4.040364101184412,-5.6305297646279096,7.39348920276551,-21.633813898495728,4.387552520520091,2.0587694726922305,-5.3026558603330285,-12.081876076247239,3.7525471869551157,0.23353860255475453,3.72467192217448,-4.5952007307453435,0.9944403145242044,-1.9604855968856516,0.6772424892613546,-0.5017725593111115,-1.9804318683117008,0.7054486208365233,0.8030552045955613,0.387700174462676,0.9127749976051622,-0.3670325036810821,-0.681654849743554,0.20511413488579874,0.14926270567839944,0.1985124778063363
O=C(OCC1=CN(CC2=CC=CC(C)=C2)N=N1)/C=C/C3=COC4=C(C=C(C)C=C4)C3=O,499.4691,2.6985086254657213,9,0,-3.9169714017670136,24.08470712580056,11.303634051589583,-5.190060080950205,26.90213352127153,-4.059063968569878,-3.6227519046039065,-5.506801254295293,7.651349647815514,-21.73866394602516,3.6442401105655335,2.235840327029379,-4.973601079723634,-11.103526721141435,3.6184336483419575,-0.6707800115586982,3.5219148645478597,-4.3655744943054,1.5831109578968239,-1.9854825139993448,0.2500976219291051,-0.7710714032261154,-1.6778004416417962,0.3517721664509218,1.0723362176167932,-0.6904223306939943,-0.10442450734329649,-0.22555351324455605,-0.6144753835670252,-0.016791720031246352,-0.3914404959242132,0.1668572777909326
O=C(OCC1=CN(CC2=CC=C(C)C=C2)N=N1)/C=C/C3=COC4=C(C=C(C)C=C4)C3=O,499.4691,2.6985086254657213,9,0,-3.581790209373109,24.649831647546552,11.131321979865925,-4.308126646001191,26.623828986322103,-3.849162177894862,-3.9074378177181246,-5.873829544580287,7.056066567918713,-21.001221255239173,3.4978001721193674,1.9770313838209075,-4.7274995555278165,-11.348973988285545,3.3091721721217815,-0.5717192221436012,3.8211477860840746,-4.451035263569299,0.6700817188595638,-1.896378322598872,-0.10238567865180342,-1.3443391267496367,-1.4202164800458827,0.31532115408275535,0.7553737655400505,0.5208171778751911,0.2838090722675011,-0.6536873690487958,-0.8012201023244506,-0.18289844757683707,-0.5228334300156207,-0.02101005908100257
O=C(OCC1=CN(CC2=CC=C(Cl)C=C2Cl)N=N1)/C=C/C3=COC4=C(C=C(C)C=C4)C3=O,49.9657,1.6986719760860518,9,0,-3.744155660348538,22.57905017799967,9.925137743928486,-5.93943179988005,27.61055681064351,-4.087220812338972,-5.058006495650576,-5.159566291496531,9.675269878748031,-20.68356425988386,2.930772559615613,1.5259806447879634,-4.615289178170089,-10.672228826903842,3.4906385817805083,-0.21855159854773487,4.55204061155245,-4.946396174085531,-1.7136047474198077,-2.6478698872683806,0.9709819634855817,0.12029261047157423,-2.6878539664126633,-0.4895895654910449,-0.5679849004718119,-0.9721879561538336,1.3627453942689294,-0.9624708833838066,0.11096592351447782,-0.4519838691849938,-0.3262972122814847,-1.0317520770083632
ClC1=NC2=CC=C(OC)C=C2C=C1COCC3=CN(CC(C4=CC=C(F)C=C4)=O)N=N3,12.5,1.0969100130080565,1,0,-5.527582526648335,7.533152292405105,0.8278121219039031,-4.325494099745255,5.413225754567176,1.7871277167136872,9.752251074407535,13.560219951142216,9.94128421817408,0.1569670480998562,-18.144082394026537,-12.735813877587542,-7.421165146816846,-4.42692426600849,-3.3997954989119874,0.9317477250635939,-6.4737711946845,-1.0217162139291018,-6.998028507916514,-1.794716602823932,-3.161672080191336,1.363220189945515,5.4984592184322025,-7.019489581511569,-0.10735965718662183,-5.8347114142812995,0.4644932341823445,4.707197890167483,4.43441787209966,1.7616709948554712,1.651550243467998,3.7450798662393705
ClC1=NC2=CC=C(OC)C=C2C=C1C(NCC3=CN(CC(C4=CC=C(OC)C=C4)=O)N=N3)=O,6.25,0.7958800173440752,4,3,-4.520584753993553,3.489361815649336,-2.857077453116879,-6.774264147767981,2.7615104735603677,1.2756066044407413,13.480865893749597,20.878105837515392,13.000148391944553,-2.239784147992879,-30.7063536173235,-15.839826500381223,-8.285939370013825,-1.0263334491578953,-12.808240898424048,-0.11396282765991543,-6.3952662614480715,-1.9632633230572436,-8.820152507075868,-2.3232375863349173,0.4790754065817636,2.335421366511405,4.368936425830107,-2.0708831531992913,1.8575233179982125,-3.3540452105368543,-0.5406279234483421,2.6624956917279334,2.1508784058115205,0.5381996258880497,1.7276449148356492,1.66278580033552
ClC1=NC2=CC=C(OC)C=C2C=C1C(NCC3=CN(CC(C4=CC=C(F)C=C4)=O)N=N3)=O,6.25,0.7958800173440752,4,3,-3.901402181571096,3.2478299411210694,-3.053053505765337,-7.6524700651419435,3.301491670102363,1.8618893557344451,12.750822309927266,20.359245908490852,13.32422963655341,-2.713066464747822,-30.87418837278618,-15.623049719137676,-7.92601906744039,-1.7315646039987507,-12.836134606953708,-0.39544720444237613,-6.593069610530136,-1.578856227973532,-8.611048782084492,-2.4317881517820816,0.2233686058851483,3.0634707980780878,4.2960577165573754,-1.2012996039943715,1.0038589554921449,-3.275081895366564,-0.6682478479567329,3.219975768386093,2.413902342339897,1.1097480893343956,1.3882908734068216,1.7022591374161227
ClC1=NC2=CC=C(OC)C=C2C=C1C(NCC3=CN(CC(C4=CC=C([N+]([O-])=O)C=C4)=O)N=N3)=O,6.25,0.7958800173440752,4,3,-2.8356937633638233,1.9643347895928,-4.921744530716599,-5.213896192711377,2.998499978536234,-0.6799893847170927,13.456927102090495,18.52912349482736,11.01027882870058,0.4184211212052725,-30.404626710272737,-13.949531426733028,-9.471466742648307,-3.1103481595961693,-12.459200630113578,1.3091904372918763,-4.464616043126321,-1.6642974174497804,-10.385194293099598,-3.5937605150638228,2.3776363691087044,4.073783571330854,-0.9010001716957261,-3.112137535302774,1.547523170909753,-3.9165939222734267,-4.837505495566259,3.9896096869103594,2.850972752971705,2.3987286250315325,0.7384026360843213,1.2473510098659384
ClC1=NC2=CC=C(OC)C=C2C=C1C(NCC3=CN(CC(C4=CC=CC=C4)=O)N=N3)=O,12.5,1.0969100130080565,4,3,-4.278302905915357,3.5574365613298906,-2.6138396051009867,-6.522516731694333,2.8692497385873583,1.3874641393037095,14.390136462313604,20.752605369680744,12.771438166388071,-2.2713294343998824,-30.999580170243885,-15.155884239876059,-8.14659102639688,-1.5682849615383498,-13.431636204699814,-0.5509164565081431,-6.702091244637133,-1.9485491618326733,-8.329323117596756,-2.4888555086720996,0.3009257784839902,2.44413562629367,4.280188501144744,-1.2874243935373153,1.187442403622828,-2.961639317248295,-0.3958917521440383,2.7776620983779896,1.9854242409621419,0.7855559669428839,1.7249834294338462,1.7349716351972158
ClC1=NC2=CC=C(OC)C=C2C=C1C(NCC3=CN(C4=CC=C(OC)C=C4)N=N3)=O,6.25,0.7958800173440752,3,3,-11.169834674385816,1.8881974308586122,-11.65607564177158,-4.9828182437289215,-4.6146991741589005,-0.8079334410887956,10.130880903848922,13.565531903100247,8.749122843551765,-8.825873761811025,-25.005564794986785,-10.3192408399646,-5.204222655970467,0.670761509592548,-13.191534277157565,2.297483578509936,-7.840576619649921,0.847234847992093,-4.08456056832206,-1.8813554439432865,2.9897474467430802,-0.17771561442361852,-0.8824881118832982,1.5555197162656957,-4.139912186528682,4.2383466957510425,2.1460807923407086,-4.539276893450835,-3.2657821233285453,-3.502678702917224,-0.5309255155356984,-3.41104115619573
ClC1=NC2=CC=C(OC)C=C2C=C1C(NCC3=CN(C4=CC=CC=C4)N=N3)=O,6.25,0.7958800173440752,3,3,-11.103819899610372,1.8962311051072562,-11.116849926064036,-4.639581453507877,-4.453652656346327,-0.5923514251594811,10.921185286056534,13.212605182281045,8.690125841373263,-8.750689643794109,-25.155988416129812,-10.09251893160794,-4.930439004532088,0.6097709528048535,-12.99593449736198,1.9166971712413263,-7.8614787389149585,0.49362720517525804,-4.704206986863176,-2.058231850591969,2.5816413882328773,-0.217847951229456,-0.7247304554396949,1.6177036053946254,-4.533911885255859,3.918494712894026,1.605777104428572,-3.743242685592257,-2.902031424547845,-2.824397527209784,-0.12161476077463095,-3.1290367357793776
ClC1=NC2=CC=C(OC)C=C2C=C1C(NCC3=CN(C4=CC=C(C#N)C=C4)N=N3)=O,6.25,0.7958800173440752,3,3,-8.660888512093937,1.3800974134647954,-11.813252275187526,-5.329663403792387,-4.793944711716916,-0.9009637817225407,10.58132142380234,13.308406066122,8.83604145235153,-9.158550582029852,-24.936365175041356,-9.125987529123046,-5.07268981513257,0.8817248324650427,-13.028071737945025,1.0668113451166206,-6.470256196067131,0.6782668482875006,-4.807395031508126,-2.3384205243057936,2.8654672674251995,-0.24679507319371535,-1.16852476299717,1.4821199033814771,-4.665009393942299,3.746286412868675,2.1718329571204427,-4.183549750196595,-3.1104346065378925,-2.6991991150255714,0.29730683132473934,-3.053621482234929
C1(C2=CN(CC3=CN(C4=CC=CC=C4)N=N3)C5=C2C=CC=C5)=NC6=CC=CC=C6N1,25.0,1.3979400086720375,9,3,-14.156091342446583,-6.0704009241698,-7.215397705610287,-19.673709730975087,-11.76654805724095,-4.798810720878766,29.20181013599548,-23.216839153346324,7.363245978855482,-2.459238562100732,7.421562523216192,1.4271761336834237,0.7289777182670799,1.797709650346726,0.8196964755157702,-2.135568051472425,-5.26691109719914,-0.18603352779962887,-0.8524134397511214,-0.5050727097663987,-3.153793677032757,-4.949593675302104,0.20226132136390318,0.7598455630047352,2.303733002228727,0.13025133960408664,-0.8492799397898814,-0.7176457146863013,0.9193746853316193,-1.619072728345022,-0.1601114054297155,0.2558775285762878
ClC1=CC=CC=C1N2N=NC(CN3C=C(C4=NC5=CC=CC=C5N4)C6=C3C=CC=C6)=C2,6.25,0.7958800173440752,9,3,-12.946041218402968,-6.31774674777352,-8.437503171394416,-21.30196270771824,-10.60585068240056,-5.510608812573318,25.362162422785197,-21.505868069362766,8.903385022332792,-2.8867723740378426,6.095947932135695,-0.6291430459728096,2.118668329191932,5.1015713881803375,3.6068671825538257,-1.8413293060537361,-3.0679514875152183,0.22994918774333564,-2.50539199267826,0.3078077769305663,-3.1828782792567596,-3.6009816310628007,0.4689765052634347,0.39907245552917897,1.1979088064738688,-1.2448899431135003,1.4767659165563374,0.5304477502172412,3.269535977594624,-2.702151543077368,0.21360773149943926,0.31277988703941567
ClC1=CC=C(N2N=NC(CN3C=C(C4=NC5=CC=CC=C5N4)C6=C3C=CC=C6)=C2)C=C1,3.125,0.494850021680094,9,3,-13.784815316086958,-5.963438591007174,-7.326808628163986,-20.10898763937746,-11.211093957227526,-5.005439575747497,28.07538363015846,-22.703273820468635,9.01249322703807,-2.494532168896359,7.09275806746489,1.2718057300690795,1.4059468041367136,2.8968734229759074,0.9369479425491081,-2.399490441578459,-4.5865391441317,0.08660244177833809,-1.4956863694265665,-1.0255927779705087,-2.7842808198185733,-4.858639908595718,-0.0368539418849633,0.13350746969583271,2.276637488597321,-0.4616306026884012,-0.28315555686127764,-0.8825893335670754,0.9998072083960767,-2.277987297721498,0.023598571592038462,0.3054565169163959
CC1=CC(N2N=NC(CN3C=C(C4=NC5=CC=CC=C5N4)C6=C3C=CC=C6)=C2)=CC=C1,25.0,1.3979400086720375,9,3,-12.881042543252434,-6.369540630604088,-7.335564555552361,-20.386669582175326,-9.698786198478091,-4.815525799100427,28.133138836131565,-22.49338713116364,7.313614758764378,-2.8504818906955918,7.6730437398841405,1.6196581206542855,1.0855903612733326,2.017961185025051,1.8460429248689942,-0.9228236516111357,-5.109774593633356,0.17745851618442102,-1.1083573072108224,-0.16914822086896547,-2.3531600205512433,-4.1579125775218495,0.15782089790387013,0.03887581620712485,2.9657180713825935,0.12809275371051282,-0.6239666108068901,-0.8749567132551184,0.6396778806964646,-1.9500532721642312,0.1839482945319234,0.7399912960031062
CC1=CC=C(N2N=NC(CN3C=C(C4=NC5=CC=CC=C5N4)C6=C3C=CC=C6)=C2)C=C1,50.0,1.6989700043360187,9,3,-13.312547108750529,-6.116003737961749,-7.1558853145733154,-19.92272084886395,-10.737988288953291,-5.117590061307612,28.69249223457172,-22.07506520723802,7.47193928203406,-3.0222807215314447,6.9614579256766955,1.5963743067672602,0.8408316235597404,2.0027303989100274,1.4976649024498234,-1.9392947816581159,-5.189544191920207,-0.19222053148836327,-0.6461076584726293,-0.4218040536531002,-2.203678356714538,-4.30808996419931,0.16481500888217127,0.33872898869200135,3.2271507551088003,0.48378933152905806,-0.23626912067913663,-1.0575230895450463,0.7088135199664132,-1.96792375689176,0.6022902907725005,0.3626672205682971
COC1=CC=CC=C1N2N=NC(CN3C=C(C4=NC5=CC=CC=C5N4)C6=C3C=CC=C6)=C2,50.0,1.6989700043360187,9,3,-13.51810882953406,-5.6623048643035485,-8.941025326912444,-21.564594651511655,-10.451476065767247,-4.806285926407557,24.6628949139605,-20.573102265143987,6.49627677050207,-0.7445705287429326,6.160812635908306,1.0185034760475629,0.8873912137670151,2.1940111287369386,2.0137341392385024,0.2311020961962291,-4.966264188432295,0.7234793212071333,-2.6971927052824842,-0.016139499350036675,-2.0913420273035404,-4.801037188163384,-0.6638689801228355,-0.2495096254054439,2.166155843726139,-0.5727303170900147,1.3519833052504442,-1.826028364875478,0.13713325519748484,-1.3316966655275029,0.7177641366742321,-0.09693609362018983
COC1=CC=C(N2N=NC(CN3C=C(C4=NC5=CC=CC=C5N4)C6=C3C=CC=C6)=C2)C=C1,12.5,1.0969100130080565,9,3,-14.908638504020828,-4.7414572327555,-9.043293455327383,-19.70719250703438,-12.187029922438958,-5.57487524018772,26.783697170632532,-20.763790961994268,7.666088858154287,-0.9775511912329281,5.8389018477754675,0.5591491336448474,0.09417312946215453,1.5448638199381066,0.4881121700188154,-0.9303209437242435,-6.030933280263811,0.36883067361449445,-0.8381164434216709,-0.3260506396362946,-2.426216396495074,-5.161772656623489,0.030921110628930437,-0.4264796728337591,3.500044702261317,0.37919296800760405,0.7445521628734532,-2.7478263772119145,0.11688617544812388,-2.4921279314415,-0.8939181830847085,-0.3949933141114513
O=[N+](C1=CC=CC=C1N2N=NC(CN3C=C(C4=NC5=CC=CC=C5N4)C6=C3C=CC=C6)=C2)[O-],3.125,0.494850021680094,9,3,-9.695072449789015,-8.557162723081031,-9.387915108902638,-20.297797654346677,-8.388106028366517,-5.709649441201241,24.775870317431654,-20.635801594617227,5.628300651766003,0.023022685050166268,6.1203420482181485,1.2853843429621008,-0.12392457863704856,1.1254639227484087,1.8827298824021057,0.31721301792742435,-1.8543777152913659,1.530370792136562,-3.08667131667456,-1.2823556584620242,-0.2054336855042959,-2.09489398199027,-4.127390406443377,-1.4476045242113773,2.8664647070731406,-1.9375038129606048,-3.438453817395282,-0.4258153664363189,0.5735018827023354,0.6822498624592757,0.0622538993221059,-0.41529985974594974
FC(C1=CC(N2N=NC(CN3C=C(C4=NC5=CC=CC=C5N4)C6=C3C=CC=C6)=C2)=CC=C1)(F)F,25.0,1.3979400086720375,9,3,-10.669283287589757,-7.258299057277879,-8.310307589797201,-21.201661903071304,-9.909977425638605,-5.070211240936798,27.385132671623825,-21.154967566583178,7.85196302440824,-2.5815754579990946,6.924219519278297,1.9385942003390952,1.310997874370146,3.3268927834205657,1.0553616933781167,-1.9428146869802763,-3.3643167362789983,1.0481964258380532,-1.1238742714439256,-0.4075984764092072,-1.8551930191147448,-4.0712486032219,-1.1204577951584638,0.09505988305543508,3.1246672114451375,-0.5442216377139292,0.18017112747450828,-0.7740224206902008,0.5816831799087652,-1.5332229618543636,0.5501439730250999,-0.16052182617378835
C1(C2=CN(CC3=CN(CC4=CC=CC=C4)N=N3)C5=C2C=CC=C5)=NC6=CC=CC=C6N1,12.5,1.0969100130080565,1,0,-5.380077981278932,0.04539015759296637,4.625607706165737,-16.556330594892685,-2.4024261837575853,-4.568856225345186,27.548000960886696,-22.083160161427216,7.715844560864544,2.362758758915646,5.530490690843977,0.3676094659545537,1.1610233297618213,2.277827264979103,0.2510413471475599,-2.9855473689197867,-3.439675073823243,-0.39760292483418586,0.6397262790886646,2.3688211904047307,-5.919199965468742,0.30517902731291335,4.59953001706957,-1.670406699493888,3.7401950960666257,-4.277940481279049,-0.17197709605217898,2.263740164605011,2.1119773850437054,0.315321845887491,2.2043061641227015,0.03986637076550489
O=C1C2=CC=CC3=CC=CC(=C32)C(=O)N1CCCN1C=C(CSC(=S)N(N2CCCC2)N2CCCC2)N=N1,63.705,1.804173520046361,1,0,-1.4881104443057935,-5.307000750135036,0.24149387157936109,-6.85179363480545,9.178173677215705,2.704156850166916,15.503568088029635,24.829929722303408,-16.677294619342423,-5.13243281688535,-2.805200502428603,19.284250800150698,18.58367437416765,-2.590994396797692,4.359143201187328,-3.805163907097991,0.1693657265443744,-5.868630930949878,-1.887899723493972,0.8642763375998644,-8.946810193275487,3.670389012151412,6.70838869073897,6.589274979995609,8.318475327389185,-3.9695432925055067,-8.127801694174867,0.46406805585140953,11.766735313646725,-1.4567973908278804,-21.30042575648166,-5.411311523364205
O=C1C2=CC=CC3=CC=CC(=C32)C(=O)N1CCCN1C=C(CSC(=S)N(N2CCCCC2)N2CCCCC2)N=N1,63.707,1.804187154381649,1,0,-1.1781575672090678,-5.4802927378382735,0.34892751681172374,-7.139310619422711,9.362886806966138,2.7056862690701275,15.389991568784282,24.985878808019592,-17.07741346615001,-5.42444396054742,-3.045506661827772,19.734654531998,19.05853570344427,-2.491632384364058,4.491399876813049,-3.7814205490156128,-0.07117164700790386,-5.962318005401596,-2.047485668431763,1.0445170837682207,-9.139984537019416,3.7532046410765716,6.524079592076291,6.320010376444404,8.367756213089677,-4.048072942740564,-8.25147975486882,0.38848226496613486,11.787505553932887,-1.6196701869591978,-21.35228614086156,-5.495648768413796
CN1CCN(N(C(=S)SCC2=CN(CCCN3C(=O)C4=CC=CC5=CC=CC(=C54)C3=O)N=N2)N2CCN(C)CC2)CC1,127.946,2.107026713004899,1,0,-0.6685809943792983,-5.297395175347922,0.5000672220570781,-8.06304771819945,9.85269613847634,3.424392339791106,15.236415058695192,24.895050570489357,-16.448794492287245,-4.908634588203602,-3.404076624277088,18.862441934761232,18.444908911506502,-2.4560156400926654,4.62687433984858,-3.4113704762277512,0.07686264400752608,-4.777411842062763,-1.9468862320263216,0.988145906817871,-8.939468218828829,3.775713351548591,4.962841172731947,6.027933480634216,7.374121784055865,-3.930434448353175,-6.6806273499228945,-1.1818710606958271,11.811458876870999,-1.0032158999994476,-18.857748654826185,-5.172743254064585
CN(C)CCN1C(=O)C2=CC=CC3=C(N4C=C(CSC(=S)N(N5CCCC5)N5CCCC5)N=N4)C=CC(=C23)C1=O,31.9124,1.503959466918731,1,0,-6.321325217406677,-9.597668864489004,-12.207979712992023,-10.672731963022716,6.370720223271592,1.9700760421291423,13.032914378343978,22.15889700651501,-19.286328886901035,-10.274709025680318,-6.462933186203601,23.186548224389135,23.93406270848664,-1.5169973770024545,5.539991176244607,0.39466417579436613,-0.6127747895553539,-4.455462201433994,-0.6064035747675907,-1.3989084346711063,-0.5396432137057331,-1.6719919239504488,-0.33386193109357265,0.7215191731613261,-1.7390683737635453,0.4932382126628911,1.3050293443733465,-1.0356967117820808,-2.904340126251145,-0.7499798944269145,4.459531815212954,0.9921723636855657
CN(C)CCN1C(=O)C2=CC=CC3=C(N4C=C(CSC(=S)N(C5CCCCC5)N5CCCCC5)N=N4)C=CC(=C23)C1=O,16.002,1.2041742660735195,1,0,-5.543595420688695,-11.13963671998001,-12.954027301468848,-12.877806998093522,7.19984390305649,0.3968679118480182,11.50975304822398,19.63713386489455,-19.53735111198516,-10.407428022703238,-6.169981652713397,22.787192844632436,23.135924915806388,-0.9670964573400143,6.10143411359372,1.2308789748873088,-0.19733831844921296,-3.5823413314474934,-0.5215598215190375,-1.1249276535901263,1.1870448737856223,-2.5179696626599126,-0.7060649879197332,-3.454543225654567,-5.666263067790539,0.40783197807465255,5.347748376252683,0.13014005515579508,-9.434143413735901,0.878215400328387,16.483316478693748,4.090961745407959
CN(C)CCN1C(=O)C2=CC=C(N3C=C(CSC(=S)N(C4CCOCC4)N4CCOCC4)N=N3)C3=CC=CC(=C23)C1=O,15.963,1.2031145136443848,1,0,-5.91803315781339,-11.37752905633236,-12.742871307107968,-13.905663154502239,7.287518726901361,1.7399006557920618,10.279346754254606,19.983785313927264,-19.070603218556656,-9.902192947534742,-5.9941262156681585,22.181578099655535,21.751254895529538,-1.0370004540020585,6.190120080740655,1.515911371474241,0.5637710502410088,-3.681546374151868,-0.5356969550743635,-1.4589495665473904,1.8091802602905802,-3.3528729702799414,-2.2251335213724572,-4.594164359585207,-6.494593327741339,0.788497736445049,6.987207292854996,1.3350260253866666,-12.301072967848292,0.9866014762388242,21.86877971288355,4.400781032710384
CN(C)CCN1C(=O)C2=CC=CC3=C(N4C=C(CSC(=S)N(C5CCN(C)CC5)N5CCN(C)CC5)N=N4)C=CC(=C23)C1=O,63.928,1.805691117658475,1,0,-5.0540974788136745,-11.724035304324953,-12.8945062524162,-13.409649905430342,6.9683824856996885,0.5157052625022647,11.410919470339817,19.7749453295051,-19.039977233620828,-9.773691457062581,-6.400773636772963,22.61620868200934,22.635172880719896,-1.1149807253665185,6.428104190376025,1.1296254863720114,0.9848500625816672,-2.7709862836315255,-0.10347304519629856,-0.7388521345641905,1.0833226187719096,-1.7435154122495886,-1.9971943478041108,-4.278395768796269,-5.888473504991979,0.2584938321733852,6.28548112644978,-0.21219288066476005,-8.944959261205163,1.1357810194051734,17.78626662773533,4.502305101210962
S=C1NN=C(C2=CC=CS2)N1C3=CC=C(F)C=C3,4.0,0.6020599913279624,2,2,-5.506764457150087,-16.04971178579924,14.330670638080315,-6.64213860348858,-5.993173713459773,28.946534460791693,-9.807389335493685,-9.543111730551173,-3.2962256025806353,-6.629991735644651,-3.7810101582189013,0.17097580761303766,-4.373214845006487,0.9541047489029465,-2.972067311520405,-4.499443657289564,-8.320119926081473,-2.554729491512549,-0.058045824118094606,0.15485701950334013,-2.4321239845700084,-3.7793362706795435,2.3413440732923636,7.148237800652778,-6.33289149575323,5.306908158511548,-6.28502650180443,-1.4120054956704755,0.5326078653278925,-1.1024574604359725,0.4764079575813394,8.575124884961143
S=C1NN=C(C2=CC=C(Br)S2)N1C3=CC=C(Br)C=C3,3.2,0.505149978319906,2,2,-5.478085980733131,-16.9517221718264,13.946930301566658,-7.145281582404246,-5.6974609278046495,27.49664312804661,-9.911475602690077,-9.942326806866125,-3.4433947549658193,-5.6994270555808075,-4.104738683315773,0.7555315633058916,-3.6914917629012156,1.5439664936956716,-5.802861138461977,-4.136027597670741,-8.255049323671267,-2.9532425907409623,0.0069111637756536825,1.057401934672807,-2.777943877527645,-3.8783928510407315,3.440190208319378,9.146304981427187,-8.854373624514269,7.924177431241135,-9.888303232900945,-3.5079655780106087,-2.1240030460876835,-0.059857253046816536,3.7276821983291097,15.235816556707647
S=C1N(CN2CCOCC2)N=C(C3=CC=CS3)N1C4=CC=C(F)C=C4,3.8,0.5797835966168101,2,2,-2.1555957749043504,-21.42776133452527,9.207627671984488,-20.47712640601598,-0.22694665895313834,35.90363103858094,-16.86309442492084,-7.379194693105758,-6.682767459996194,-4.048127530887759,-3.04117286236992,0.2904163330414597,-6.239056261262612,0.5869002759205412,1.1499238167100563,-8.984331887642622,-6.334245182016365,0.8217167104487825,-1.4948115489913198,-3.6667243820783093,0.7112580916538914,-0.5270536778767372,-1.059875082485834,-2.555091593721279,1.6832196860602067,-1.8529958280048784,0.51952106873252,0.6826068719926011,-0.20196330667369117,-0.27189974571952913,-0.2067442701426099,-3.7413112534472743
S=C1N(CN2CCSCC2)N=C(C3=CC=CS3)N1C4=CC=C(F)C=C4,5.0,0.6989700043360189,2,2,-1.9914052658431391,-22.093014247164348,9.547217630829866,-19.971047653843772,-0.29932461741681604,36.668133151372906,-17.501276479421886,-8.684310453821197,-7.467035443670165,-4.811341216960073,-3.128321007371943,-0.42127709657600343,-6.374517598585345,0.5967113345894016,0.8994456617435823,-9.830542874350405,-6.642647667383344,0.9701820262528631,-1.4400514459279334,-4.066306201450619,0.6864485400220122,-0.14628533610406846,-0.9218692413688043,-2.3833671206865317,2.96459662298926,-1.9748920458100927,-0.07263593772476656,1.1787689181091139,0.18412968602416355,-0.972345622741812,-1.9018907419865871,-4.03759481049947
S=C1N(CN2CCOCC2)N=C(C3=CC=CS3)N1C4=CC=C(F)C=C4Br,2.0,0.3010299956639812,2,2,-1.4484326663456462,-22.608403841637696,7.316642979835014,-23.09166602503548,1.039384941682271,36.37796675957897,-18.65978111813725,-7.774644978651241,-6.891972190512885,-3.2270262204846034,-3.0280477321730923,0.20961218234630954,-5.5107891298810845,0.9709659860067343,1.6736787376881692,-8.956516531877792,-5.511611746612989,2.3845521252433963,-1.7584507074398728,-3.6490342813956644,1.8844593948337114,0.4288844384606521,-0.43561787141936537,-4.645403333901443,3.48810575164156,-3.2718275718140073,1.6330231498089998,0.9542196835376174,-1.4172933539685741,1.4444461752508844,1.5021518352358372,-4.25610912337598
S=C1N(CN2CCSCC2)N=C(C3=CC=CS3)N1C4=CC=C(F)C=C4Br,4.8,0.6812412373755872,2,2,-1.4910317254310177,-23.30973399997732,7.578533925494248,-22.68794182517114,1.1825032495395145,37.07886703454095,-19.143173930995232,-8.971895993227804,-7.460838366715512,-3.8619574371906538,-3.1816461952879718,-0.40597250342682695,-5.833726516925896,1.092159186182684,1.4996246071137775,-9.739914746272085,-5.981121317359654,2.6650907343969528,-1.7294422855537543,-4.153454598263312,1.994861458437065,0.7989988005783029,-0.3650962710068562,-4.394694881426992,4.693198837377677,-3.557285653736131,1.278059068107759,1.4113629415572437,-0.9228135040012959,0.7731494285483425,-0.19350207556650859,-4.716180402329798
S=C1N(CN2CCN(C)CC2)N=C(C3=CC=CS3)N1C4=CC=C(F)C=C4,3.2,0.505149978319906,1,1,-1.8930399183739541,-21.60465516252493,9.626434212443698,-20.003463019490543,-0.28980314597019025,35.70914455573289,-16.31433658264136,-7.1668983166858276,-7.479920834624312,-3.5378624098154234,-2.8457445380314876,0.4673796142561041,-5.6386335007990995,-0.05062468630957549,1.508956057414472,-8.442489650377018,-6.339479473892148,0.6072429629069055,-1.420103863316043,-3.2584805843849596,0.2105520784259965,-0.06866308048278563,-1.2945774897890807,-1.6100926839784782,1.907015461447772,-1.4028369694289422,-0.3681343514759598,-0.08436983674502442,0.841451728649608,-0.743005991461212,-1.3660560654471756,-2.9877291513603454
FC1=CC(Br)=C(N2C(N(CN3CCN(C4=CC=CC=C4OC)CC3)N=C2C5=CC=CS5)=S)C=C1,2.1,0.3222192947339193,1,1,-0.1919482979511909,-20.41670754789446,3.8160259268036545,-23.913882552304432,-0.1395685713936612,31.391489519232707,-19.557087715875653,-5.475486281202174,-6.328386630269414,2.443753311614691,-3.415377045925583,-0.7114680008128051,-6.801210502458251,-2.5743445556768725,4.741054768996727,-6.872880506715591,-3.1389034202728596,3.368969014058332,-2.000631512285127,-2.9081701948123673,2.184837762021405,-0.16401191591081268,-1.7367568034720648,-5.353190092160201,4.976712993806331,-3.2407520604715354,2.656037340307178,-0.6480726755956618,0.5808529868677292,1.988268687576415,0.6058995464541184,-4.0003607212483425
S=C1N(CN2CC3=C(C=CC=C3)CC2)N=C(C4=CC=CS4)N1C5=CC=C(F)C=C5,18.0,1.255272505103306,1,0,-0.2619618421531549,-23.109036432776765,6.083546351941021,-22.0685505387629,1.4868313078099757,31.620582145730033,-15.44563025282791,-5.693038440516738,-6.685557457905211,-2.9773317000960304,-2.3829409078828587,-1.1347405971062499,-5.573069088434115,0.0030969161007419164,2.5877892971157705,-7.565883159886927,-4.021479215255098,0.7835853266652799,-1.7862776168222723,-3.3927686122782386,3.824523961153199,5.231363948829421,-0.3464481686657494,-2.9757020509421004,1.2093190920463563,-2.395277180823648,1.0941100584115475,-0.4436693233945508,0.4379518415297284,-2.5075770411527962,-2.797399722560361,-5.497728031168193
S=C1N(N)C(C2=CC=CC=C2)=NN1,4302.0,3.633670406051444,1,0,-10.271315568616016,-7.603889379123041,28.043170832713287,16.226855067694398,-14.15754323677353,4.878284684214403,4.193014544953907,-3.0679324418546936,0.5020521303534747,-7.84892354078294,-1.6076895295760107,0.8167989354087132,1.5232025253301307,0.7901786477620663,-5.2710817142869635,-2.812306978136972,-2.858948356528316,-9.79695434457847,2.047742716023131,13.813156139531474,-5.567761130587825,-3.7346783817154527,1.197794766033901,9.613167318604795,-14.893997433106424,9.478263267184097,-9.210913621638625,4.429976371648775,-1.303240903222117,6.136720361786993,0.38168604488735386,-0.8200083449747214
S=C1N(/N=C/C2=CC=CC=C2)C(C3=CC=CC=C3)=NN1,2176.0,3.3376588910261424,2,0,-7.647664544861166,-10.762140779625524,28.043585928512933,13.39529908934816,-11.566907913586135,-3.555695708889169,1.232971683841868,-3.1066978106137104,-1.611260914429724,-7.509300916096964,-2.505968728369632,-0.0448926100630253,1.2492313102086448,0.7698747513820032,-3.3301137716148284,-6.102115873537878,-1.710019716281517,-10.06042485624368,-3.1866239805723446,19.57190992164735,-3.384374334987942,-1.4446662346213657,-1.7116825246185123,6.740441819911099,-11.776532831188522,5.273543724963383,-8.009334278867362,-0.7250424085819115,1.5651756120580866,1.7022692615221358,2.9976167032146734,-2.939772315398026
O=[N+]([O-])C1=CC=C(/C=N/N2C(=S)NN=C2C2=CC=CC=C2)C=C1,977.0,2.989894563718773,2,0,-5.374404132554982,-11.667939510023425,24.382930791668397,14.176329935914309,-10.70031520470452,-5.932768042510386,1.211968654738494,-4.090219819097288,-3.3003101202860727,-3.6137409323004857,-3.348366848999191,0.10558515436066647,-1.0067922402534097,-0.9370114852473328,-2.880608556767074,-4.151755504712465,0.3757017650900327,-9.144305473255152,-5.545178419273444,16.659736192114515,-0.840150901413509,0.317354851474475,-6.742736071719093,4.160210367077718,-10.02363034874573,3.117914521145542,-12.39623527817957,0.17514660736579066,2.9368966710547713,2.915372921384033,1.8112586813132217,-2.233157094244759
S=C1N(C(C2=CC=CC=C2)=NN1)/N=C/C3=CC=CO3,1757.0,3.244771761495295,1,0,-8.948451802381626,-10.697044855977484,25.807041673967205,12.586709178502417,-10.860143354731125,-3.674458548057379,-0.34174836662066543,-4.08487471705819,-1.305960890629502,-7.198296812010647,-1.5607166013944136,1.0136071465280243,0.13133354507544753,-0.918757003173186,-3.89833186576784,-4.714565276318843,-0.20496799446721448,-10.18359034857272,-2.747593264422687,19.2580376694858,-3.5620306243714372,-2.4533976937987463,-1.3829295689053196,8.101188785953784,-15.397328458076194,7.580822384341136,-8.546296044083,1.4558627073833703,1.7312406361897488,5.529173273756865,3.720023885751663,-3.260288943619258
S=C1N(C(C2=CC=CC=C2)=NN1)/N=C/C3=CC=C[s]3,1425.0,3.153814864344529,1,0,-7.664735721461397,-12.175137568850047,25.99123599345009,12.480960189819577,-12.185657249415035,-0.4069675437531381,0.4042691356155643,-3.33401723296817,-2.0445253873935423,-7.798196442716476,-3.272711641905734,1.170540367825061,1.6290009765089866,-0.5015798877296572,-4.421250669988996,-5.901132704648308,-0.020839440189308805,-10.586626290919627,-2.8426775304965926,19.384186707048137,-3.9997974153700784,-2.3019907416192664,-2.1871532950297645,7.183977413783466,-12.658039367194247,5.948630816698851,-7.960681171772803,0.34937162379588493,2.279059262608983,3.6761449562202206,2.6504343647649304,-2.32613197942414
C#CCSC1N(C(C2=CC=CC=C2)=NN1)/N=C/C3=CC=CC=C3,1555.0,3.191730393362856,3,0,-2.3044686716411014,-20.051301696910254,-7.134151702092173,31.46926991804604,15.896891175104427,1.0014579314253467,1.3827101157018336,-6.432110979426789,0.683877746541928,-0.7865746167459438,-0.8543085098760257,-1.578977889929111,-5.588071923261153,0.8249685999850351,3.0509613067933596,-3.4955743075375585,-7.030020451671317,3.3260868367057745,4.617203866618615,3.630588044515618,-12.52875454030794,-0.5124718560206436,19.636936118494052,10.246843900119108,1.2336918860189778,-2.4470616717574787,10.578416088160083,-3.75415296430538,-4.03324181136133,-5.1378086116048225,0.1339512341102036,-2.2308456365711438
C#CCSC1N(C(C2=CC=CC=C2)=NN1)/N=C/C3=CC=C(OC)C=C3,1039.0,3.016615547557177,3,0,-3.753228848231141,-17.741120669979402,-8.962988088621644,29.949111511406766,14.576052827024961,0.1462385390731656,-0.3879645011064182,-4.831571546672403,0.7994092113884563,1.0070630478439515,-2.7582859808655535,-2.4191510123873963,-5.89027440864797,1.7868981557408854,3.1076120643134684,-2.2813287387643055,-7.468745037304822,3.4768920971849693,3.2864864540931578,3.229773033742746,-11.704038643218972,-0.9583622461209421,18.918379985125288,8.301541864549522,2.868148384055079,-2.5623528077604423,11.558935225257832,-5.3631587581617115,-4.588210150441988,-5.9195406280345075,0.11547290809138475,-2.4954108418263723
C#CCSC1N(C(C2=CC=CC=C2)=NN1)/N=C/C3=CC=C([N+]([O-])=O)C=C3,848.0,2.9283958522567137,3,0,-0.6478397971793988,-20.533019662870075,-9.088709674451108,31.33902868971293,15.510124256771428,-2.260833271671851,1.2972208997294365,-7.384145744960047,-1.246144825463938,2.1737901125967474,-1.7792354947602296,-1.105918588836611,-7.726370924038096,-0.9260202146627117,3.612529208515869,-1.2920845036874602,-5.001545560802292,3.3662275935172166,2.428993182626062,1.7010080740264493,-9.923658575419637,0.925558586828493,13.289737189405692,7.615230954548943,1.8021355760957023,-3.962282047795237,4.91708818333544,-2.325503391855998,-2.5214488035324303,-3.450261568170016,-0.19274885511496467,-2.1889750556462673
C#CCSC1N(C(C2=CC=CC=C2)=NN1)/N=C/C3=CC=CO3,1518.0,3.1812717715594614,1,0,-3.0184219265331755,-20.466204938437468,-7.560087944444066,29.191724222274342,17.16034263109791,-0.5729834737529125,-0.2379073165309938,-6.66432280480041,0.10848957925850185,-0.20462373043803322,-0.47201922755403625,-0.763682486783369,-6.533312377474989,-0.7693591415687486,3.196335433306883,-2.514548328615166,-5.345736382903568,4.1110513594736275,4.25960797809385,3.4416210648463954,-11.043712511272936,-1.196185691285916,20.1278760416603,10.876297010752763,-0.9363890130799273,-1.5279666455391474,9.9332154214101,-2.8073691051532625,-3.8152509841866857,-2.290353855303724,0.9500239526547503,-2.4827609660538132
C#CCSC1N(C(C2=CC=CC=C2)=NN1)/N=C/C3=CC=C[s]3,1279.0,3.106870544478654,1,0,-1.9469820223396124,-20.89672434658727,-7.500578060058945,29.045868353593765,16.452806270442633,2.2046210379477214,0.5814473075335772,-6.445408792723898,0.8316688092938718,-0.5015525753307216,-0.9500107920682574,-1.381024250652463,-5.5768709483065155,0.5208133642058322,2.533456857149695,-3.2856290421976184,-5.9586865954353,3.2279965436855345,4.21056702421553,4.171728193356832,-12.27055485518332,-0.1884133267886249,18.14528376044426,9.029450428140672,1.2876931616522567,-2.5416568051250215,11.8356396071281,-3.255873798528299,-3.429069815295271,-4.413839957442398,0.002484003794175333,-1.3631004271217424
O=[N+](C(C=C1)=CC=C1N2N=NC(CSC3N(C(C4=CC=CC=C4)=NN3)/N=C/C5=CC=CC=C5)=C2)[O-],539.0,2.7315887651867388,6,0,-6.266663558467259,-18.565406571557915,-23.099764064762017,20.11693463987492,12.849530715543375,-8.098710193387356,1.2279415459281329,-9.765496057279575,-12.70051278125019,-1.728191698154882,-3.8916016005710667,1.1961013554225361,-9.056261554397397,-0.017263120405521363,1.9002524619540064,-0.0009391272908491592,-1.3197863972781085,0.06483853972309836,-1.7950511006126462,-0.7472213909154279,2.263132348352647,0.15394402307728478,-4.039622542873949,-3.3393183412434055,-0.05750548268356936,0.2765715611533143,-3.03707083272517,1.8239811119067055,2.6182861827486485,0.4796886033430948,0.0883953576805381,0.28404679131986676
O=[N+](C1=CC=CC(N2N=NC(CSC3N(C(C4=CC=CC=C4)=NN3)/N=C/C5=CC=CC=C5)=C2)=C1)[O-],648.0,2.8115750058705933,6,0,-6.192523574948379,-19.261088715651216,-23.57514196100404,18.423735830794215,13.336166773182528,-8.853392602899202,0.436362589917121,-10.276763956135863,-13.879435844673958,-1.0724033406325792,-4.89792963743157,1.1472950028353752,-9.785649810223186,0.07458037039481143,3.1753073242357654,-0.3565658796935181,0.03214692351584199,1.4996986789440143,-2.4018393450643747,-1.345701793442841,4.296918058249116,-0.5769474439025215,-6.923266330145837,-3.7009884112646034,-0.39110265105969794,1.256971183069457,-4.4152528471084755,2.4865929696551703,2.288460068049784,1.9418560480652622,-0.7023188597606388,1.1742610959014903
COC(C=C1)=CC=C1/C=N/N2C(SCC3=CN(C4=CC=C([N+]([O-])=O)C=C4)N=N3)NN=C2C5=CC=CC=C5,371.0,2.569373909615046,6,0,-7.47799479775477,-16.735558252902106,-24.01369495496338,18.996673610109056,12.04486303222824,-8.399691263079308,-0.4577313051726849,-8.313456962639998,-12.080686407078883,-0.6227585759653227,-5.306001543131472,0.31524548736627306,-9.127210455209598,0.5531471189676596,2.0566094414902456,1.2324167722111876,-1.9288886673640384,0.3245594073829181,-2.536639635614177,-0.985364784014567,2.7509761112338293,-0.04374154252655599,-3.911271123966181,-4.60349404396372,1.4656258656829815,-0.027969558674069233,-1.8673692347993958,0.7040236318183939,2.1879519911684255,-0.32176014205148223,-0.03976242498879818,0.11766567830257066
COC(C=C1)=CC=C1/C=N/N2C(SCC3=CN(C4=CC([N+]([O-])=O)=CC=C4)N=N3)NN=C2C5=CC=CC=C5,658.0,2.818225893613956,6,0,-7.2468068216227435,-17.584071943767107,-24.39752812191566,17.39014282566919,12.582199569718838,-9.200166563757461,-1.0412685950373362,-8.721663428546222,-13.22225364175735,-0.14600070598847223,-6.106772869810857,0.364977052817787,-9.832081076266395,0.5455305110565732,3.3927169600226588,0.8203179251898689,-0.6766801931116585,1.66532036588947,-3.092918338384252,-1.4636828092679228,4.685108806962473,-0.7052871929626201,-6.665635540375373,-4.813769677268609,0.9654434374521538,0.9846717168670632,-3.3174864162371622,1.490619915608429,1.9730798748960106,1.079315754708718,-0.7834322473828947,1.0525298822164537
O=[N+](C(C=C1)=CC=C1/C=N/N2C(SCC3=CN(C4=CC=C([N+]([O-])=O)C=C4)N=N3)NN=C2C5=CC=CC=C5)[O-],555.0,2.7442929831226763,6,0,-5.319811987667023,-18.518077604370905,-23.680913707102903,19.91015219125778,13.135594364762381,-8.7720754535313,1.0571308567973654,-9.635318842399986,-12.939761392185902,-0.9416878706087459,-4.37188686391121,1.1525341843914365,-9.800451301682791,-0.3460474552621394,1.8291055277828374,0.7693476312680642,-0.776263236312087,0.11801288603266087,-2.454080181663199,-1.3723542079667723,3.1101092045159633,0.5147046418922095,-5.841059161224736,-4.095506695101327,0.30215271860422277,-0.21704236384392847,-4.738327899630383,2.345025306024354,3.2483760714440395,0.932390034283458,-0.13222846128489218,0.1335881009904276
O=[N+](C(C=C1)=CC=C1/C=N/N2C(SCC3=CN(C4=CC([N+]([O-])=O)=CC=C4)N=N3)NN=C2C5=CC=CC=C5)[O-],569.0,2.755112266395072,6,0,-5.568325866807721,-19.17856699294464,-24.08400041896849,18.33135476690471,13.623991035145183,-9.43607138081977,0.15685240689911714,-10.143690597825946,-14.0203384020258,-0.5369271834580989,-5.316301915808027,1.3443538959724766,-10.434848515225221,-0.1673023717807501,3.095760753942303,0.32170646898974214,0.7017542761050144,1.400241802559487,-3.1294127385125288,-1.8143453197617108,4.919549335085364,-0.2817539040011121,-8.504183360434437,-4.339538286625633,0.13750874621019357,0.724900895715335,-5.954491203987287,2.9807858939495913,2.9992387898872357,2.358434482384513,-0.9030009063230157,1.058287258413362
O=[N+](C(C=C1)=CC=C1N2N=NC(CSC3N(C(C4=CC=CC=C4)=NN3)/N=C/C5=CC=CO5)=C2)[O-],662.0,2.8208579894397,2,0,-6.958134504637833,-19.013862341937628,-22.89813077441085,18.21697883300997,14.188658012403817,-9.085772043279892,-0.2638841167930358,-9.520658248957684,-12.337125144454966,-1.1785082422522042,-3.4680737786415494,2.0241095706215,-9.859622703965199,-1.0042785393721976,2.0626654280413557,0.6300879190104897,-0.029612115622581713,0.872044872761603,-2.0196736770825963,-0.8575282614352489,2.9700690057230963,-0.5199979857116241,-2.657759821057666,-1.8778484819462,-1.8623538890404068,1.0473982067319874,-3.1708705765751883,2.4649024373997532,2.506485406316336,3.0571021709231867,0.46287491448703805,0.06704329385778342
O=[N+](C1=CC=CC(N2N=NC(CSC3N(C(C4=CC=CC=C4)=NN3)/N=C/C5=CC=CO5)=C2)=C1)[O-],991.0,2.996073654485276,2,0,-6.940905862529361,-19.492681309462803,-23.48634587588679,16.765158684188656,14.543142131949253,-9.660928600630266,-0.9998881986197128,-9.869819851442701,-13.210573686549932,-0.6922730693362125,-4.382497452082177,1.8396417043827373,-10.439991343244168,-0.8962700807001006,3.19265645296065,0.4079825421124138,1.3291020972473364,2.1588243624149497,-2.6306038003329473,-1.5132801154782358,4.961723527406161,-1.161845429943561,-5.285736621505571,-2.379569615145525,-2.1518100183444004,1.9696958646679175,-4.373025038959718,3.0102431746559395,2.1956140189940063,4.422126222047577,-0.33640751584437684,0.9561675655982181
O=[N+](C(C=C1)=CC=C1N2N=NC(CSC3N(C(C4=CC=CC=C4)=NN3)/N=C/C5=CC=CS5)=C2)[O-],598.0,2.776701183988411,2,0,-5.189317031684817,-19.614427138509175,-22.37625290113631,17.92900004050475,13.761147118740348,-6.811420743184267,0.36667102677541313,-9.734291795832698,-11.966268848107102,-1.204891491449016,-3.672400317541164,1.4136285487032394,-8.947372164783982,-0.20448600240774928,1.6147982961374745,0.10694197992459976,-0.5391987321116861,0.18075962021026554,-2.0933964020617544,-0.3412216697032168,1.7075921216528087,0.5196280209003092,-4.66392753573234,-3.9226798964730043,0.047894313508685324,0.2059747059338843,-1.6628328028261918,2.1214107806386493,2.7383662521964527,1.0560852419907623,-0.22686098150505424,1.0059865948173228
O=[N+](C1=CC=CC(N2N=NC(CSC3N(C(C4=CC=CC=C4)=NN3)/N=C/C5=CC=CS5)=C2)=C1)[O-],635.0,2.8027737252919755,2,0,-5.133680899315011,-20.260228079716743,-22.916866107394462,16.288081610610117,14.101471913517646,-7.560290796778572,-0.4697097905664107,-10.194671416084255,-13.099627248011629,-0.5549619311334101,-4.631830123308407,1.1905776102643644,-9.658736773928878,-0.2399514751290034,2.9402027891605163,-0.3963815460834569,0.7425925912567292,1.594380325424301,-2.607266999276946,-0.9747861872698781,3.796695661851645,-0.13046236669835065,-7.373064562349858,-4.315526894315348,-0.45553677221955075,1.2006810526426657,-3.0410502389983303,2.7725483889371048,2.423412846482463,2.4317660852966134,-0.9644744778870076,1.8265199345298093
O=C(OC)C1=CC(C2=C1C=CC=C2)CCCC(N3/N=C/C4=CC=C(Br)C=C4)=NN=C3C5=CC=CC6=CC=CC=C65,8.0,0.9030899869919436,7,5,-2.9415696489510963,-20.85052154225112,17.589430038977948,-19.798226734969166,0.02753668346396372,-34.78309463968142,-19.85644138937201,4.558191538200265,-0.6092775253458471,6.290763635812515,0.9014453660356765,-0.25753469158754233,1.2373865499078132,-0.062616924357444,-3.4973860851536416,-3.0909156984435335,-8.167191223791475,1.901098066308292,2.5648545684834034,-6.076821374383215,-2.675755587182556,-1.0400490727650828,2.348482904867839,0.4189291980841178,0.06193969311843559,0.19031213230063634,-0.6429714638713686,-1.3372941235491462,-0.45794415792986,-1.3598407991972654,0.6157549618582651,1.1717200565793926
O=C(C1=CC(CCCC2=NN=C(C3=CC=CC4=CC=CC=C43)N2/N=C/C5=CC=C(C=C5)[N+]([O-])=O)C6=C1C=CC=C6)OC,8.0,0.9030899869919436,7,5,-2.293853512033638,-20.647607242506123,15.870288511633733,-17.59517950174747,0.5636272758321897,-36.16017057051802,-18.564759160786775,3.0507665659444076,-2.5978096257684684,7.450537548138162,0.6638075021940995,0.12431635560918913,-1.0973751016993754,-0.9867269450710442,-2.6434962054846443,-1.6185749370549114,-6.530979594658568,1.8605263095504498,1.4353925918425174,-6.969110561157587,-0.999788821723803,0.10201865296440309,-1.4185133010076236,-0.8414413513304958,0.6493720278365596,-0.5383451626238024,-3.594773353749627,-0.10002409616888187,1.200532040319945,-0.39510214768150237,-0.4236444236038692,0.16401812794838835
O=C(OC)C1=CC(C2=C1C=CC=C2)CCCC(N3/N=C/C4=CC=C(F)C=C4)=NN=C3C5=CC=CC6=CC=CC=C65,8.0,0.9030899869919436,7,5,-2.8385727578724533,-20.338140530536204,17.316698425908744,-19.945315562153088,-0.019192436935169938,-34.919426309844376,-20.187637816320787,3.9401217019518135,-0.5836571983360894,4.957726258260083,0.6149971647009105,-0.8245290467211069,1.1450731123542943,-0.18950534778308906,-2.0815629887747957,-3.128836115846762,-8.36755864939697,2.0324519678712183,2.600766014472221,-6.240916883134004,-2.42954135721438,-0.7070731133014581,1.8985599838317704,0.5578422400397185,-0.14844322735340473,-0.14295282262284567,-0.3245137954224813,-0.5613052208220072,0.7008544949777624,-1.0608015839128995,-0.011022464537672479,0.08479818052845164
O=C(OC)C1=CC(C2=C1C=CC=C2)CCCC(N3/N=C/C4=CC=CC=C4Cl)=NN=C3C5=CC=CC6=CC=CC=C65,8.0,0.9030899869919436,7,5,-3.1817204183855843,-20.202692362575224,16.973404948399025,-20.254061110509525,0.6443060271079428,-35.8114538299636,-19.947334067151534,4.4448652243069,0.12634750690998886,5.588609059193338,0.8026113329769715,-0.36565633564969313,1.3910202600944102,-0.03393430333480314,-3.0309530687094037,-2.996109416002398,-8.229562459120046,1.3755044636542417,2.305643216162025,-6.651939343773863,-2.8114841890429725,-0.6621488789721365,1.6504942978097743,0.4292194947745391,-1.2538790013535857,0.06756520808671863,-0.2775939997041317,-0.36631192754062386,0.9766067122826321,-1.449321522360569,-0.07523407025514262,0.505679491626679
O=C(OC)C1=CC(C2=C1C=CC=C2)CCCC(N3/N=C/C4=CC=CO4)=NN=C3C5=CC=CC6=CC=CC=C65,64.0,1.806179973983887,1,0,-4.036744890064406,-20.15922679475026,16.392560390639062,-19.021024691509062,1.2643782053152754,-35.636507509316125,-19.10342648295619,3.50509617593375,-0.9795840096874648,5.547135795601817,1.2593470086794794,0.2849696403805135,-0.2983292097145672,-0.9057096145458765,-2.5692120564640253,-2.018716948035803,-7.031321411191099,1.6623270490726236,2.913294704824418,-5.388542215704104,-2.405452723330653,-1.2863495514536407,2.704585506302343,1.4688536757431925,-2.2941220755808995,2.0993089646924967,-0.6455787657838185,0.14311152780578612,-0.3450817165281099,1.1253614945787471,0.28149303042739143,-0.3147625366366186
O=C(OC)C1=CC(C2=C1C=CC=C2)CCCC(N3/N=C/C4=CC=C(Cl)C=C4)=NN=C3C5=CC=CC6=CC=CC=C65,16.0,1.2041199826559248,7,5,-3.196649689107946,-20.27023459114315,17.83918232796559,-19.222775535999677,-0.019081995515151755,-35.92693147000864,-19.667058367992016,4.309295985831514,-0.09721317829901484,5.359656032975798,0.80663439710808,-0.45137788860253014,1.4640115382694052,0.412478572903963,-2.813381301183459,-3.3095410709976094,-7.820692315183965,1.5816026122354583,2.22847305962562,-6.340899604065451,-2.442065556258708,-0.7835645833608323,1.872756235707761,0.14781512313824205,-0.18448853502143642,-0.18968024048547655,0.17361533107293778,-0.9260190492922704,0.5124661537664629,-1.9330731740032265,0.32308172871006974,0.4739838623817519
O=C(C1=CC(CCCC2=NN=C(C3=CC=CC4=CC=CC=C43)N2/N=C/C5=CC=C(C=C5)OC)C6=C1C=CC=C6)OC,64.0,1.806179973983887,7,5,-4.1443093815366145,-19.139876017314414,16.01187854223437,-19.077829134308242,-0.4305258927583146,-35.32798039819418,-19.881391037918437,4.737790520411313,-0.8656141022221291,6.660779007365457,-0.15597908687131004,-0.6667957924068406,0.447895768967778,0.3610776200683587,-2.3175059668629023,-2.7280315631832357,-7.967057807936478,1.8741670151839038,2.0149685139245994,-5.708635492272338,-2.067913635870685,-1.3228708338873973,1.9835738628578117,-0.4552153860560111,1.3177597378929078,0.17128341592248864,0.5746781070136611,-2.005065714454384,-0.031161626442519727,-1.8275851852742915,-0.24302765725732842,0.48905457500125893
O=C(OC)C1=CC(C2=C1C=CC=C2)CCCC(N3/N=C/C4=CC=CC(F)=C4)=NN=C3C5=CC=CC6=CC=CC=C65,4.0,0.6020599913279624,7,5,-3.0517166502675575,-20.001269994970563,17.36049246270783,-20.673507045717713,0.3676965006187976,-35.31053477863756,-20.23205464676233,4.445295750920475,-0.6172740355976882,5.150437348779389,0.8796613315356635,-0.35922856387169194,0.9151436651462949,-0.053168924844126275,-2.0492347585468287,-3.02797117822007,-8.263121924797131,1.8668468020616862,2.9039010374293692,-6.215810924753807,-2.164768677608491,-0.8158294225864564,2.3815859546139833,0.4641875020233707,-0.10394361960320904,0.2524813768147166,-0.8826446700572335,-0.4417886125874524,0.71867940674689,-0.9570063612284573,-0.06713351342689598,0.23234607136019364
CCN1C(SCC2=CC(=O)OC3=C(C)C=C(C)C=C23)=NN=C1C1=CC=CS1,2.5,0.3979400086720376,1,1,-4.491678511853249,-6.223704832415064,6.532390366360167,-9.079469546984656,4.7567099474179955,8.330472579602375,-4.880687183490978,-3.2021035498389536,-0.2720653200116925,-1.3137818567095434,-2.7160852628907524,7.335595983246346,-1.7288763266184515,2.188029982457334,-5.269888231833365,9.55121411950044,4.142211561523275,4.340092729356401,-0.7509011446051705,2.5560053939660214,4.749750645826138,7.12734262403129,0.9220182709481172,6.38843443245504,8.639690915311803,14.073151699837277,11.740709622565365,1.1733876821388134,-0.80230291256634,1.9083552322135657,-19.704954906616134,51.527099133841524
O=[N+]([O-])C1=CC=C(CN2C=C(N=N2)COC3=CC4=C(C(C)=C3)C=CC(O4)=O)C=C1[H],8.0,0.9030899869919436,6,4,-6.3897097904555205,23.405621769987377,6.56568223085112,0.9001428573954872,12.369155783629626,0.5072672322777995,-2.5769534395283973,-6.173298103442565,-1.1235003209763115,17.901861422733408,-5.429527440443499,12.348377518327643,-2.2578665048225335,12.859687446890815,-4.560385287772455,3.1786034183969494,-0.8768963452349684,2.4218433015711263,-4.7336832564368745,1.5387315359449556,0.2016448304340329,4.9454801672953845,-3.326356768755079,-1.357211121584138,4.974406176570349,-2.4667512222934445,-7.674179803501869,-1.3998608172391518,-4.8829905850658815,0.861090920075946,-0.9699123233004983,-0.03872239703746555
[H]C1=CC=C(C=C1[N+]([O-])=O)CN2C=C(N=N2)COC3=CC4=C(C(C)=C3)C=CC(O4)=O,8.0,0.9030899869919436,6,4,-5.9824002536013205,22.362638700383823,6.047771486755981,-0.2682689802925062,12.051840599162785,-0.31888668422740307,-2.999700752847319,-6.382032708266235,-1.4068078472985113,17.875013139992845,-5.195631338882863,12.541899467849507,-1.9660625714515771,13.17305584414461,-3.775610306591394,3.1153317178115714,0.3242605883886834,2.972775751096353,-4.45127228333729,1.9897121622108536,0.6104124538524938,5.226964957675922,-3.424979324490641,-1.6050704455005798,5.295084694356927,-3.350085731464285,-7.55856479676463,-1.5317089173040523,-5.088191595093397,0.7579279200907366,-1.0406493782841493,-0.35522161294400995
ClC1=CC=C(CN2C=C(N=N2)COC3=CC4=C(C(C)=C3)C=CC(O4)=O)C=C1[H],8.0,0.9030899869919436,6,4,-8.124109325140005,25.501171661387843,8.744615907978863,-0.3641869391607844,13.17290604431822,2.2463514710858243,-3.1134556366529176,-4.6953196604581064,2.4505434647594986,14.808874040745405,-5.113382182092285,11.603785908041688,0.7951417297490982,16.295746198958007,-4.9539861527043145,1.732598793305632,-2.1965623972680635,2.4141256611895585,-3.584296348867384,2.842264483310201,-1.5903470967787188,3.378724787815938,2.295649733166047,0.22664119130200433,4.051728442298209,-1.6020179145688371,-1.5570498942175457,-3.2131355804261323,-5.662071798431006,-2.0287450834092167,0.6475528042615628,-0.024295137847549407
[H]C1=CC=C(CN2C=C(N=N2)COC3=CC4=C(C(C)=C3)C=CC(O4)=O)C=C1Cl,16.0,1.2041199826559248,6,4,-8.10665627598358,25.21249020648574,8.465400828884407,-0.7129089189585546,13.488015873174735,2.1731069443626567,-3.614338310002408,-4.903106033469374,2.4796762049406,14.666162803379427,-5.377344320631961,11.826292685911175,0.28876212983448474,16.26799226371051,-5.140912749643274,1.6547544932874827,-2.30866181431132,2.2003217085104345,-3.339247456316961,3.191627301091761,-1.4434774547613358,3.6311447434262494,2.2351983722028965,0.8858503528619818,4.313926850619107,-2.084939202748527,-2.0743254250452763,-3.2127537339886767,-5.835245085056432,-1.6602158682094723,0.3244806981786943,-0.27969236965355193
BrC1=CC=C(CN2C=C(N=N2)COC3=CC4=C(C(C)=C3)C=CC(O4)=O)C=C1[H],16.0,1.2041199826559248,6,4,-8.074284196566087,25.276978899209343,8.719712264283464,-0.9018655990505374,13.029475017254367,3.3687749616184424,-3.3901854870775967,-4.506098705870862,1.137214157618221,15.541800833643704,-4.642290962892837,11.926401085233527,0.37828139350194606,15.42789925106573,-5.512569741674879,1.684583015642383,-2.8861708951087754,2.554435546343735,-2.7325254585848757,3.483883318977453,-1.7659621828723313,3.36576290735175,2.5740961478749287,0.6346313490847281,4.353881294207072,-0.723915436994118,-2.485296287260609,-3.3969205255782473,-6.4737025652352695,-1.2664204242848482,0.9612776811939564,0.9572503373534595
[H]C1=CC=C(C=C1[H])CN2C=C(N=N2)COC3=CC4=C(C(C)=C3)C=CC(O4)=O,8.0,0.9030899869919436,6,4,-8.089619540224694,26.14458427918909,9.194749370683374,0.2428058892721894,12.82493414276469,2.684711566105652,-2.6497046216757667,-5.206554161133797,0.7354800424441029,15.075884413148517,-4.782992400882453,12.204141343267974,-0.10894451833520705,15.445315663398013,-4.830348922535436,1.6414352483239507,-2.86638428489754,2.159249640217861,-2.352295585126212,3.4570277667859117,-1.7444497221283553,3.413735125713687,2.6363399926341304,0.8547507429767144,4.480742383658372,-0.6513744994617029,-2.384713420253473,-2.947342128319159,-5.983819808884602,-1.2233711809216314,0.07726305141655257,-0.18553078189505484
[H]C1=CC(CN2C=C(N=N2)COC(C(C=CC=C3)=C3O4)=CC4=O)=CC=C1[N+]([O-])=O,8.0,0.9030899869919436,5,3,-7.089560358840277,22.991647914095324,6.94632155025616,3.0649154192286607,10.237102692477016,1.0693522123340724,-0.8732038683657,-7.255073800399626,-0.9745887721327441,17.71186951397836,-4.465778349225379,12.00126906342453,-3.2993567580730385,10.255309122559458,-2.1120772397310184,1.5871520503555496,-1.8930173789658071,0.7792414716902466,-3.734151646875264,0.5675068914414428,-0.9020764015672957,1.8350379028040606,-5.879897174364879,-1.5002908318831292,-5.249592372923236,-6.5059494357923064,-3.767803969157091,-0.7583095803657066,-0.9197125337205273,3.7772143789184116,-1.2515889633117587,-1.4848592874796631
O=C1OC2=C(C=CC=C2)C(OCC(N=N3)=CN3CC4=CC=C([H])C([N+]([O-])=O)=C4)=C1,8.0,0.9030899869919436,5,3,-6.613519479895389,21.964928950967245,6.254455524393188,1.9403033802912333,9.90424947497197,0.313904479136918,-1.2674034480602192,-7.456988048058254,-1.2346297877306704,17.71440670560748,-4.018706610173067,12.367054650301505,-3.1399249011155517,10.69446493463149,-1.453765184311794,1.5774549553133688,-0.44856442753208514,1.5796492204868646,-3.439460846585437,1.0358279489940159,-0.4461323613137689,2.218424303604337,-5.737390849091772,-1.7214924336546629,-4.8250244819503845,-7.310689361778539,-3.6989607959272677,-0.8290688682236782,-1.0515638107247274,3.6461999954940243,-1.3604951106297347,-1.873110760785473
O=C1OC2=C(C=CC=C2)C(OCC(N=N3)=CN3CC4=CC=C(Cl)C([H])=C4)=C1,16.0,1.2041199826559248,5,3,-8.913195240355883,25.166325044013085,8.898328473558593,1.9949781968503248,10.900496456183207,2.9278176438717085,-1.3571852592703635,-5.817663370900155,2.530897961045695,14.642326118592472,-4.024573994120225,11.38253622069073,-0.2525286511504454,13.646879065862363,-2.376299285495309,0.18255985444034237,-3.2767046065831944,0.928248531453843,-2.783301994422408,1.6840489238296523,-2.4957010682658716,0.09256379958618752,-0.06004196302191668,0.0062649224649377515,-6.539706604204246,-5.968452608598668,2.609282553202815,-2.3880104487111358,-1.4438564536970555,1.0417407578631355,0.44559592250600943,-1.5536573356039018
O=C1OC2=C(C=CC=C2)C(OCC(N=N3)=CN3CC4=CC=C([H])C(Cl)=C4)=C1,8.0,0.9030899869919436,5,3,-8.883379270852712,24.801531026566852,8.666740123655353,1.4329670172881948,11.233094934602429,2.9097871284564176,-1.8916790677668145,-6.021169006477022,2.6833443581662064,14.6356519708477,-4.286171403211902,11.741079503628821,-0.7659309686473325,13.732063577689976,-2.5189475946039277,0.18112534281494802,-3.42217251695304,0.6798962087178729,-2.555503653686498,2.127152594019732,-2.228678736276779,0.48371879227364534,-0.2915294899985855,0.7816848102200336,-6.208758617978151,-6.576056459576235,1.9670736106551967,-2.285552972795776,-1.721694624575816,1.350582929372613,0.20745479425653657,-1.7678396961388576
O=C1OC2=C(C=CC=C2)C(OCC(N=N3)=CN3CC4=CC=C(Br)C([H])=C4)=C1,16.0,1.2041199826559248,5,3,-8.831781758790251,24.892757044275346,8.645495004381532,1.3179612331874517,10.942993370488464,4.11317424486115,-1.739532996950982,-5.596905138802484,1.4072440071868102,15.411532340754176,-3.73553310022161,11.621254287859681,-0.5663806562898746,13.00561825235342,-3.0367778121851376,0.24180812132330898,-3.8384070662688297,1.1746700853841976,-1.8940337362436725,2.2589564789722347,-2.7322416574265334,0.024554002417931084,0.34643134981052354,0.35833273582677033,-6.031831687800216,-4.979888533555654,1.6341759916611642,-2.680752962156271,-2.5055462032432416,1.657059770234369,0.7154588053922607,-0.46737679566107687
NN1C(C2=CNC3=CC=CC=C23)=NN=C1SCCSC4=NN=C(C5=C(C=CC=C6)C6=CC=C5)O4,64.0,1.806179973983887,1,0,-6.745420814102307,-15.025604227375009,15.563181898556625,-2.5456487153259086,-8.751761178406083,-4.4541837833038045,7.807138610030541,-5.394559450921905,1.0079996429444409,-1.171543307931833,-2.294791162491189,-0.1407754823706727,2.514494790674622,2.5897413156326743,-4.786638034502414,13.860539721274403,9.491029756529969,4.076049232068277,0.8451514831726221,-10.252950452025384,-1.8117908877029516,-5.222530984083292,3.7034969546952103,-1.4314164343393811,1.0178066244861508,0.5482871115050513,20.328118803502818,27.932222444062774,-19.148174385584678,44.9529038676639,-17.392304810092302,-10.783513788059995
SC1=NN=C(N1/N=C/C=C/C2=CC=CC=C2)C3=NC=CN=C3,50.0,1.6989700043360187,1,0,-6.014671874661471,-8.242312458313158,16.20324562327806,7.921906916612458,-4.83908130028721,-2.218804492813531,1.5342339850590216,-0.622452739705955,0.2127232215474981,-6.247047621901446,-3.1698347535924936,-1.2801013696555699,1.2516355731424698,0.2634845556689645,-1.6785471123179605,1.1695281775528168,5.647290423640543,-5.828861041764808,1.0083082463853168,10.184597722644794,1.1394378174861843,-1.3264503848651426,2.58589506899742,1.262121707444837,10.25376161505103,-4.379115620010548,13.247203254658187,-0.993288628200028,-6.7628185539734975,-0.7828240016180823,-2.804298538996345,0.49237370208791104
C=C(CNN1C(=O)CSC1C1=CC=C(Br)C=C1)NN1C(C2=CC=NC=C2)=NNC1S,25.0,1.3979400086720375,1,0,1.6811398223461365,-22.717958128211635,-7.074792456771589,9.211655755152254,20.525287000478077,10.049511032534909,-1.9083089180088515,4.5974576807237755,24.29976887143939,9.607462084167533,14.130272239140568,-7.033731030280922,20.567184505283358,1.3574807587189677,-7.235542794621483,-1.0682514930822544,1.0492849688488544,-6.844462405376197,-1.0513985469956864,-0.7912103151493834,-0.37225493446411917,-2.140775337240148,-3.912682168538554,1.020783811078466,0.7490719227936331,1.6421246439162132,-1.5596037005175858,0.5022441292323795,-2.1609226797372525,-1.0816677536758001,-0.4331667193756403,0.7910328106954108
O=C(CNN1C(=O)CSC1C1=CC=C(F)C=C1)NN1C(C2=CC=NC=C2)=NNC1S,3.125,0.494850021680094,2,1,1.0028830906388364,-23.603189141645895,-7.72920041434311,9.64495325234262,21.32504323285348,10.791119550191842,-2.4581942134749526,5.482688961057905,25.96648890988762,10.115304152537984,13.890930632573156,-8.067747079930667,21.767829264229718,1.1603509136261636,-7.473929291966849,-2.377116803244178,2.3562711711049147,-6.386073431902612,-1.5683258963505415,-0.503894399841563,-0.32916378890275594,-1.6162278298753836,-5.277121238311578,-1.8110761584710833,-0.7958242187518884,1.387190235260526,-2.3991150499189082,1.2102813757769797,0.6117019146748773,0.41654629082783723,-1.437482398146353,-0.5293002990276823
O=C(CNN1C(=O)CS[C@H]1C1=CC=C(F)C=C1)NN1C(C2=CC=C(Cl)C=C2)=NN[C@@H]1S,6.25,0.7958800173440752,1,1,0.9681849077251027,-22.975997783544116,-8.275502103280715,10.3580920569922,21.821156252524123,9.978228482086482,-2.8648595823030694,5.79812846758216,25.819315666255658,9.366520790475647,14.05961539592992,-8.240881759038965,20.83564939047482,1.7681589401888897,-6.312717132255435,-3.418554566412969,1.2752080809750035,-6.501365958709939,-2.6467229468105056,-0.7274049175287718,-0.6694699126129865,-1.5936293418328256,-5.11193275215415,-2.385389099447678,-1.188916400391097,0.5169543562426389,-0.9412109981953136,0.648947747134047,0.41146912024119076,-0.16019345388630463,-0.23906762331833759,-0.25587220959144524
C[C@@H]1SC(C2=CC=C(Br)C=C2)C(NCC(=O)NN2C(C3=CC=C(Cl)C=C3)=NN[C@@H]2S)C1=O,12.5,1.0969100130080565,1,0,1.024584754990896,-20.701434478854722,-8.47552847192601,4.9567251391995955,15.195033633868576,5.412610643359427,-4.927234411711102,5.330613684445096,16.51518246707293,7.676799733821365,8.901735394110576,-4.919092307539255,12.915576659583737,1.2536922655947662,-4.076156713386168,0.3560797455744015,1.2548423758915814,-2.2048084005636706,-1.1261351811712434,1.8572368698375235,1.7456939276471453,4.896649218950152,0.2088827542811368,-3.4772831193609104,-1.257470182586113,3.0088712558629154,7.616786236746104,-5.1811172026595385,-5.803384172231996,2.8183804771688235,8.93008412856994,6.700149282601528
O=C(CNN1C(=O)CSC1C1=CC=CC=C1Cl)NN1C(C2=CC=NC=C2)=NNC1S,12.5,1.0969100130080565,2,1,0.8198480328439347,-24.77648515512499,-8.51912572948962,6.752300605092717,21.57991290034145,9.163234710628169,-2.638301107202111,6.387727182252835,26.499519461419457,11.885381280963184,13.659104905853946,-9.27082469985144,21.35443324651418,2.0268805466584405,-8.028820059078285,-1.204923219143245,3.172965104539046,-7.041517398224117,-2.7065000718859853,-0.7358995674602218,0.3026240368317149,-1.4947209365268517,-6.669561525604387,-2.9080935762277025,-0.9378442480983344,1.226418698745723,-2.4067404291929795,0.4042792942633083,1.2062745113860789,0.7781599750064724,-1.9584241864236376,-0.547040417286764
O=C(O)C1=CN(C2CC2)C2=CC(N3CCNCC3)=C(F)C=C2C1=O,3.125,0.494850021680094,1,1,-1.5174315153598286,-5.138985860926362,0.15307680026670434,-8.282122001789945,3.4051903158957524,6.085647029906808,1.8850858939642727,11.27451056301606,13.194981762731771,3.930955852040085,-4.507561547916219,0.9441113916908471,-1.6763961271746906,-17.817075153165113,9.856363252677825,8.43777855208977,3.2415842853785066,39.86597849844622,9.402714544589717,23.526384499965378,-14.172315553868597,-6.253581502554954,-4.576149038864673,-3.4619480725296454,-0.39990768668113785,0.33313354574901793,-2.669150305011368,-10.190764731335364,7.14770549043528,6.429452956287702,-1.7855860844912428,0.758931935480863
O=C(CNN1C(=O)CSC1C1=C(Cl)C=CC=C1)NN1C(C2=CC=C([N+](=O)[O-])C=C2)=NN[C@@H]1S,6.25,0.7958800173440752,2,1,1.6143533104337142,-24.572480597173744,-10.413655493882768,8.147679328493878,20.918841045672828,6.262618844019991,-2.4268995836913962,4.906325454626663,23.154793163172922,13.198170744942201,12.864847929644219,-8.636083931815485,17.18713262373158,0.7543583030800592,-6.7091047158771735,-0.8913483830525909,3.1235183683729217,-6.990903350764792,-4.597044754017573,-1.719785661231461,1.9289370960055001,-0.14679902798711636,-10.340692669613652,-4.644611705764786,-0.2606670573003703,-0.573125502130262,-5.491088536521739,1.1788328025587453,2.2924587796220592,1.964369359074517,-1.8547669962562976,-1.1078463922152901
O=C1C(C(O)=O)=CN(C2=NC(N3C/C(C(C3)CN)=N\OC)=C(C=C12)F)C4CC4,12.5,1.0969100130080565,1,0,-1.8730412366472673,-9.843076497715842,-2.8264143884233293,-16.033362210615604,6.240276650564432,2.6957148835570024,-2.6721159598264155,11.346469691904636,10.814453801543008,4.676450593484154,-2.9719690175386524,1.0851852137753715,-1.1881561957897433,-14.971427729500274,6.844191729575781,12.01785913757643,9.501544115595602,41.761617577132725,8.380675842640146,26.255619210878077,-7.774738990431657,-3.34228218609947,-7.089158609629811,0.015238617902376681,-0.16771922367402647,-0.273300565266743,-12.955047625397121,37.37697580268659,-21.192929486153794,-29.282265978780487,-2.993966536776997,-2.194202186204375
S[C@@H]1N(NC(CNN2C(SCC2=O)C3=C(Cl)C=CC=C3)=O)C(C4=CC=C(Cl)C=C4)=NN1,25.0,1.3979400086720375,2,1,0.7776067099003056,-24.446109119398933,-8.746491458347489,7.787205467855341,21.908437419379414,8.542210654327876,-3.14185364318752,6.482704909782552,25.850334708653943,11.056270567708966,14.19468522210838,-8.967595417020863,20.444156742357972,2.27435185763621,-7.18246693019929,-2.428234379198245,1.9013454436673982,-7.21369600093145,-3.4797254390361285,-0.7315026252997524,0.10538423551988967,-1.5769120250207267,-6.386960883471325,-3.4726089996892986,-0.9203344357392566,0.5601328803567268,-0.929808138941963,-0.30450505763141494,0.9734467771593345,0.3885740586342727,-1.049723835036664,-0.47113133079467817
C[C@H]1COC2=C3C(=CC(F)=C2N2CCN(C)CC2)C(=O)C(C(=O)O)=CN31,12.5,1.0969100130080565,1,0,-1.060309820328806,-7.547603107116717,-4.46994522247741,-16.48071426225878,5.2163542955150195,4.904116199400758,-1.9524818693515935,11.680366369644421,8.528229011923735,5.738579184149069,-4.087159103877622,-0.137396972074988,-0.6443716215253569,-16.260703623566283,8.826679889539754,12.131261541825369,7.329842271620401,39.632439032134606,7.802713898705373,21.5519686187745,-10.14904804583217,-2.7271008980289384,-6.319066020994382,-7.250709695142906,-3.3723467457582155,0.051784985989371334,3.4732816864230154,-28.873974629205932,15.822119362050664,25.07888768083936,5.213578201663311,0.1115469288584549
CC1=NC=C([N+](=O)[O-])N1CCSC1=NN=C(C2=CC=NC=C2)N1C,738.0,2.868056361823041,1,0,-4.269193912975591,-12.410404348135348,12.098238608626938,-0.5457643042233321,-2.2463767688112912,7.507241481012871,2.993184307836587,-0.8039963049524368,-5.917050258699953,2.540546929169172,-0.2082648422914227,-1.8048611292265406,-4.660289362351398,-0.3203177168838875,-9.094893669711604,37.78375096788864,18.97144356192057,-12.753139522839344,11.584678200118667,-3.2477129927944492,-4.936039373980573,-0.30584196853728823,3.568679496592552,2.378963013970077,-0.8236654019030165,-1.308534775769216,-4.144315536630493,-1.3012989708171716,4.657983035469281,-4.515994435502701,-1.6601105680775383,0.8484239790147231
CC1=NC=C([N+](=O)[O-])N1CCSC1=NN=C(C2=CC=CN=C2)N1C1=CC=CC=C1,1569.0,3.1956229435869368,1,0,-4.036448315462346,-16.464774108178315,6.844345451753802,-10.32951150222607,-0.9028772219507438,8.517571745215177,-1.2618113214350715,-4.463271571690214,-7.524476831684381,3.154648087339429,-0.49113139408408385,-2.2154655337113396,-7.539328890583339,0.8732985574043326,-11.055727470015242,39.080434437765646,18.215048472076294,-11.806918573481486,9.730727165667622,-7.48255476431822,-4.753233106397056,-5.0829375733089055,4.044552185959777,-0.2538974368567158,0.31703788443364755,-1.3964114312670657,-3.0539665845463704,-4.286396484193652,1.5771932811249982,-4.84939043383472,3.405000892816348,-3.4622896807288286
COC1=CC=C(N2C(SCCN3C([N+](=O)[O-])=CN=C3C)=NN=C2C2=CC=NC=C2)C=C1,188.0,2.27415784926368,1,0,-5.407124666667379,-14.499970497738026,5.4502384050828985,-8.218646254472398,-1.2825316303086782,9.022462780890175,-2.8592913257579693,-1.8105723922649113,-7.105472993316966,4.604257000409844,-1.1545680669329,-3.035631351520608,-7.202427356896105,0.07499819155178536,-11.087265015469663,38.23796125723921,17.14228029448231,-11.905152253649266,9.120417024681222,-5.986697442871252,-4.314223176703412,-4.379057640741974,2.2884930017596523,-1.3162129864733456,1.095847978135291,-0.6250329851441351,-3.2120380894394964,-6.724694086291601,1.402347611812439,-7.2319943773791735,2.2939182362855686,-2.73493365526845
CC1=NC=C([N+](=O)[O-])N1CCSC1=NN=C(C2=CN=CC=C2)N1C1=C2C=CC=CC2=CC=C1,250.0,2.397940008672037,1,0,-3.378996914727782,-16.41858434780025,5.717097862007526,-12.697238516363713,0.4187536854627897,7.040858720943918,-1.4144551374996066,-4.295940494705135,-8.713555643661131,3.8016411603088285,-0.7537502993092932,-1.3220425888634528,-7.159401121632919,0.5075897599361987,-10.786635383155598,39.94214413806953,19.01125857739776,-11.823299344875046,9.758472206031756,-8.556203841620867,-5.133422733007628,-5.501923152797673,4.223715112502664,-0.2868385966534688,0.34228878686873127,-1.9414518829159009,-2.2476175766011526,-4.12631252227657,1.1121002301878267,-4.039164472638811,4.186423749852605,-3.6634570061757965
SC1=NN=C(C2=CC=C(N)C=C2)N1N,250.0,2.397940008672037,1,0,-10.0740423565172,-8.270421235382122,27.692468186103515,19.2973182220485,-16.14108996165098,1.57175068285629,5.523031821627313,-1.7030377165394324,0.14221635280235195,-6.47921530264608,-2.1306608649259267,0.5512862401872004,3.2924269756932514,-0.7805071812142085,-4.5602134238395555,1.8217820817703374,5.464426944931869,-6.2759844807994645,0.5695382741531533,8.512947314867901,-1.1903854942543952,-1.6697839014026037,-0.35754083359977007,-0.06528897892467703,0.7037756153985778,1.8793511126771891,4.303205584753638,5.708378706357763,-4.052768068366175,3.6928456726873464,-3.868081624250221,1.2391377852877998
SC1=NN=C(C2=CC=C(N)C=C2)O1,62.5,1.7958800173440752,1,0,-10.021704792596218,-0.308435316009409,25.62554045289072,27.139264357352,-12.987444120503552,6.919611362577877,8.774174306995208,1.282591777812585,5.659360122480298,-6.629038993713449,0.40867024765218557,2.5767055892607273,6.860378180754973,1.2221690864654193,4.765288151111218,-1.033134916637455,3.051610718516295,14.1107834511306,4.099890717596117,-21.425209825107054,-0.9489022033442902,-0.14180670087986266,4.231058065284361,2.526987447004296,-5.308725658067135,5.513423145237273,-5.974119403396655,2.976912698164914,-0.9822020807078998,2.338387901353194,0.4553005084357865,-0.15619669770436603
SC1=NN=C(C2=CC=C(N=CC3=CC=CS3)C=C2)N1N=CC4=CC=CS4,250.0,2.397940008672037,1,0,-6.142263032548041,-13.653671966625827,25.273770363246893,14.466713846647366,-14.915127217421293,-2.868206623195676,0.5043186354958069,-2.6923737796500613,-2.60743935728365,-5.474076569340694,-2.732720185780068,1.7478709199017102,2.378512887830469,-1.605884086741729,-1.887798220094832,-2.772327072639355,9.755660774700244,-4.957143227045987,-8.632062134200913,14.020434914398676,3.7393770951352754,2.338478034194172,-6.473645204846072,-7.9336730383854475,7.551927888565267,-5.242123281930252,9.592138278577417,-1.056897280025715,0.24505444267032955,-2.1525700691747405,-0.8613132472486545,1.0561491616088592
OC1=CC=C(C=NC2=CC=C(C3=NN=C(S)N3N=CC4=CC=C(O)C=C4)C=C2)C=C1,250.0,2.397940008672037,4,0,-6.986301756695714,-10.311799558870117,26.318363238161346,15.951028280057114,-15.85976938342248,-7.022370534055357,-0.07875166323177452,-0.8024355301578041,-1.8924666847517453,-3.917864031021684,-2.811231535504699,0.08832449851481651,1.9851029940362288,0.19001009008107345,-0.19357282711262822,-2.571073321824909,9.119690618371095,-3.5926765567326426,-9.714793738717878,13.28526686635794,5.781806286354827,2.0840333991988653,-6.204556510804828,-11.125436559927776,11.473716577657342,-6.317320711423382,10.996259660848684,-3.6105702408054396,-0.22902958547286645,-6.335296832889561,0.20301926589047462,-0.10054839062083207
O=[N+](C1=CC(C=NC2=CC=C(C3=NN=C(S)N3N=CC4=CC=CC([N+]([O-])=O)=C4)C=C2)=CC=C1)[O-],125.0,2.096910013008056,4,0,-5.147392921322807,-13.161068606460494,24.096488551798124,15.945694034169335,-12.655650128440104,-8.488984320439512,1.0987831250474283,-2.062226964217518,-4.47729501100399,-1.3531835108038783,-2.4690649669841296,2.076171397995264,-0.37630329522865286,-0.4470641562766803,-0.6751791635167921,-0.615022539455936,11.979622631507878,-3.4162370189611213,-10.711922872265621,12.040695295577473,8.763146874315858,3.5940244625273365,-11.198143161932895,-11.128133724685778,9.213722050508169,-8.152557891641091,3.636502907872157,-1.1845424076556323,1.414777992893652,-3.6853060532590947,-1.1274484528502167,-0.6779719959636713
SC1=NN=C(C2=CC=C(N=CC3=CC=C(Cl)C=C3)C=C2)N1N=CC4=CC=C(Cl)C=C4,250.0,2.397940008672037,4,0,-6.328882655565209,-12.128035737310665,27.033363417406047,15.43737104845653,-14.592911797676441,-7.498205805942485,0.6956007971035714,-0.9988776671852686,-0.37062280002717196,-5.003383049197882,-2.593720141193109,0.2284102793596733,2.9904620112251132,1.0899157937768214,-0.8035326356412188,-3.216441460646779,9.379084779569242,-4.182501824970778,-10.406425447479082,12.757393087251167,5.489474432476345,2.4522286772708606,-6.6925254792865205,-9.593464681951868,8.875040204173086,-7.772279553144919,11.197216546803793,-3.6888977613852263,0.09718426782236263,-6.642611205883764,0.23995305076920403,0.2558652739167959
SC1=NN=C(C2=CC=C(N=CC3=CC=C(OC)C=C3)C=C2)N1N=CC4=CC=C(OC)C=C4,250.0,2.397940008672037,4,0,-8.034276935308407,-9.695578306977893,24.897673055582498,15.17647038321753,-15.798887993380163,-7.241650982913894,-0.7613435393611906,-0.0020897374061920365,-2.158341265197499,-3.1884840899519826,-4.265786713804524,-0.6599945453935059,1.2685397199351363,0.9950254871744092,-0.30215164434850383,-2.0450900943565213,8.458713795998886,-3.754698560560043,-10.214504135780414,13.050455809839173,6.0412971671533775,1.7369302086826037,-6.042187116885338,-10.791725759858029,10.948212358056958,-7.04358263813922,11.382613609233605,-4.833571278790037,-0.434332323601647,-6.906866292229505,-0.26685859037061344,-0.13288639980383665
SC1=NN=C(C2=CC=C(N=CC3=CC=CS3)C=C2)O1,200.0,2.3010299956639813,1,0,-8.33861861514798,-2.6286988452743203,23.748163256898707,25.292319772837658,-12.40127912841379,6.4448553942331035,7.185476206417876,0.6280537204835327,4.921163132575066,-6.234453742180613,-0.0871421474440319,3.1988522131180885,7.04344777628575,0.948229252139004,6.331601987996629,-2.1150631539056963,5.610585165306123,15.522421065732516,-0.42548576296315416,-20.535801960740457,0.9359987103331847,1.8991172715094302,0.549821239181609,-1.485005904586457,-1.568461860024087,2.5116816943840377,-3.78003096479165,-0.7862299049524339,1.3188972148196472,-0.8505841862320687,2.307336033353935,1.1959632144376209
OC1=CC=C(C=NC2=CC=C(C3=NN=C(S)O3)C=C2)C=C1,200.0,2.3010299956639813,4,0,-8.085553877514178,-0.40248059613449866,23.217346823044775,26.55355118049355,-12.216986469835136,3.4649616510200203,6.545477049050906,1.9383787205789247,5.7749492316846895,-5.153035057161165,-1.2360714460785587,2.086270469712484,6.36511720414884,2.6080562242167966,8.019300588244805,-2.333062370220981,4.925674745145674,17.156064605115553,-1.5110626599365182,-21.34404104976555,3.3750459478670702,2.0868206210544096,1.0829123873797775,-3.9145633408613585,1.9915422946694736,1.2902723953010677,-2.948510802710406,-3.4453204773954806,1.213748565221091,-4.066164667729987,2.482583920708374,0.2623772142256477
SC1=NN=C(C2=CC=C(N=CC3=CC=CC([N+]([O-])=O)=C3)C=C2)O1,125.0,2.096910013008056,4,0,-6.213489694331702,-3.339868993036666,21.44590782024489,24.896789060065416,-10.126635321188866,1.1363246342772577,7.225565415135342,0.1348934347019059,2.587669188103107,-2.5016513972111594,-0.8595318357386743,3.792575295654627,4.0322324413147355,1.4050105356934852,6.581990146505846,-0.30710768439967495,8.138113864694317,15.694806963404089,-2.7870492369428987,-19.778465095374397,5.884062369943545,3.1249617728207997,-3.476994019881649,-4.2307780831890085,0.8100989176078276,-0.9601598390023522,-8.677934323398198,-1.451019075112058,2.3056261988985884,-1.6983885279749233,0.9854942013793294,-0.25586494613306254
SC1=NN=C(C2=CC=C(N=CC3=CC=C(Cl)C=C3)C=C2)O1,250.0,2.397940008672037,4,0,-7.529726559556105,-1.782355868829486,23.9151844684792,26.02877082853623,-11.16711590650432,3.023950165613638,6.994046248032178,1.9770599589619096,7.010577531015363,-6.262099619860929,-0.9331545527160996,2.078836627631451,7.521361353830891,3.3631219188299606,7.31084533335919,-2.7240487032069756,5.4699261901624,16.76691296581204,-1.8615939480489916,-21.97331917814965,3.3947073758131836,2.475161671217776,0.7881237137496765,-2.620838147207757,-0.5813637874756976,0.10057843081756339,-3.0383440378515014,-3.1340916887581556,1.6362305029031103,-4.078798007364711,2.889630937267858,0.32436255057055513
SC1=NN=C(C2=CC=C(N=CC3=CC=C(OC)C=C3)C=C2)O1,250.0,2.397940008672037,4,0,-8.92868745718052,0.315828268883592,21.864769298171165,25.694436007578332,-12.335328887120124,3.1347666021728697,5.6670570535066105,2.5211265362234947,5.668059330421299,-4.155512910712128,-2.68771533969425,1.54914044225253,5.611994417989846,3.2750102832422425,7.8724078472607975,-1.8916558114727053,4.455949026171034,16.822374109160126,-2.1872728552872034,-21.32381145541132,3.6555975127220717,1.612884702755957,1.0928118672419849,-4.030858816596783,1.8775262492944784,0.6624635576998255,-2.3507523791912157,-4.654097039736104,0.8380097492054601,-4.4809990348984465,2.1340335452482035,0.08413118111279523
ClC1=CC=C(C2=NN=C(C3=CC=CN=C3)O2)C=C1,500.0,2.6989700043360187,1,0,-9.387624174608135,-0.821004843404349,21.223866711340325,17.477916886799534,-8.534173319835492,5.33567694415046,8.870631156678279,0.5501139218261669,7.133082777289202,-4.894695232725107,-0.5026287789795604,1.2604498119002259,4.240178503607066,3.331432436727803,1.394078074851108,1.9538591391960487,2.8445130003403056,9.237727432054921,4.743452696838067,-16.662340398533534,-3.9511611094830785,-3.1568329662987638,5.697955786533811,5.908039611701402,-7.514807335231076,3.168185375172163,-2.517887736439162,3.3219874836801964,0.8537946885192845,1.6075446387298555,0.2984090719334435,-1.5110866436054937
O=C1C=C(CN2N=NC(CNS(=O)(C3=CC=C(C)C=C3)=O)=C2)C4=C(O1)C=C(O)C=C4,256.0,2.4082399653118496,1,0,-2.139451940725455,15.320937724880494,6.6810285172936705,-4.076868442904835,13.723995635547475,1.6435178106537465,-2.3035334885049012,-3.6075166244059167,0.3210042708717057,7.7304754890278735,-5.126980982342005,11.15046309594588,0.6944207891798467,12.758008742815884,-9.172914974757575,1.7827043196119738,1.6047039967744912,5.121218223046024,-0.45176353815125375,5.987608230625667,3.4322921957410455,13.22735125799145,0.66953513380676,7.697522160704015,28.184144125499888,52.21068873077374,10.639556223713935,12.614554018377003,21.565482318786795,-0.7523531197739466,16.57671513181611,-13.740084631112685
CN(C1=C(SC2=C3)C=CC=C1)C2=CC=C3COC4=CN(N=N4)CC5=CC=C(C=C5)C,50.0,1.6989700043360187,2,0,18.975449948793347,13.432102557229703,5.275380815808863,4.417888614149065,-2.099186972242391,2.815726021630957,0.4494111412163356,-6.290919817428267,-8.775638841456939,3.7213835678927576,2.7773656044932804,-7.8966512947130445,9.957050061717023,-5.06058166523614,5.914241593158822,9.106234870180726,-14.308857662464002,-1.1598657522338522,-0.2784799289588,0.6485751098886424,-2.9830937597585003,1.4020289764482434,5.2963169269191575,-14.261973719457059,-3.8411571505934576,8.392203616715395,1.8987384441646904,0.6225231379568721,-0.2547507498503924,-0.8925768253873643,-4.928040297979818,2.1140589422460896
CN(C1=C(SC2=C3)C=CC=C1)C2=CC=C3COC4=CN(N=N4)CC5=CC=C(C=C5)[N+]([O-])=O,25.0,1.3979400086720375,2,0,18.466331312351823,10.929381130568444,3.5182591927011764,5.0752484606141195,-1.4555480959120752,0.9944621223151028,0.6838770195812992,-6.963273192224503,-9.548057922935172,6.382940553075872,1.7681595280079883,-6.068501181651561,7.513432929073007,-5.231482747455556,5.553328316933951,10.678570484519248,-12.85202570295374,-1.4078028984338142,-2.2329151788506048,-0.2464603833149062,-1.3474755548458448,2.9365899881897386,0.10952356731413372,-15.157035206980932,-3.948317615109308,6.583665806596649,-3.031327903058083,1.5207516545306876,0.3012518673651466,0.888526092746585,-6.254082068750837,1.1778981929893915
CN1C2=C(C=CC=C2)SC3=CC(COCC4=CN(CC5=CC=CC=C5F)N=N4)=CC=C13,25.0,1.3979400086720375,5,0,17.947333277637863,16.26833564553167,5.576283304467039,1.095662287851261,2.3952603241166415,1.5206391446682164,0.5447443661470873,-5.791632652965016,-9.152040835523445,1.5987255857122682,3.5785820110577835,-11.658408206767232,7.50675667479766,-6.374170941559777,6.211136384785093,8.194215734622642,-12.09214331909779,-1.3658227880423512,-2.724822616896026,2.5920539604966275,-3.8574951684321634,1.9885197021837158,5.688180755155495,-15.097326708701937,-3.7046518624886007,3.201953628856064,1.2087031011347082,3.290037469929781,0.9828894193724503,1.4201693813967056,1.3733311219426052,-1.8448959514298986
CN1C2=C(SC3=CC(COCC4=CN(N=N4)CC5=CC=C(O)C=C5)=CC=C13)C=CC=C2,50.0,1.6989700043360187,5,0,17.889893777908846,18.34835794120168,5.816010307243004,3.0828656877955734,1.209902430102551,1.078158259302637,1.2782344147152243,-5.037123486600874,-9.769702332135687,3.2705380152628503,2.6667250909545515,-10.62919242705175,8.043238983592664,-4.903683932773123,5.280730162946268,7.252928137221024,-12.69136381074257,-1.4107340630509346,-2.7436899562165338,1.863036936036616,-3.873198861803687,0.8762774015615828,6.2649055599777315,-17.73074971786707,-3.475555299663492,3.845491139799662,1.3378579414944987,1.9195710980452647,0.6613048330711407,-0.42647480704203783,0.06558672959570684,-0.44444619351427717
N#CC1=CC=C(CN2N=NC(COCC3=CC=C4N(C)C5=C(C=CC=C5)SC4=C3)=C2)C=C1,12.5,1.0969100130080565,5,0,20.815267220864012,17.337724031198334,5.418432597537211,3.026404097883644,0.9329241593319243,1.1695372861061275,1.92950064135195,-6.0269451654886375,-10.397893778045892,2.6987177842526013,2.6229693556587654,-10.915210844647499,7.997013945878854,-4.773076975409983,4.046496810941505,5.886285371784822,-10.69394820946479,-1.6372327198771555,-2.0318219642825555,1.659211159266399,-4.609443967039092,0.11777160933231716,6.523008858039611,-16.3781861767598,-5.080165507771692,3.158984990224307,0.7972750317663976,2.5160480016451703,0.40944276668205903,-0.05037228018691641,0.07721301725919609,-0.4321116077212629
CN1C2=C(C=CC=C2)SC3=CC(COCC4=CN(CC5=CC=C(OC)C=C5)N=N4)=CC=C13,50.0,1.6989700043360187,5,0,17.104115522136947,18.579085210403473,4.912952703679702,2.691843511943948,1.0686733660632761,0.8917175992341543,0.691651192163354,-4.482508147813079,-9.699127417452837,3.864889733298356,1.6606867343084157,-10.902789390244616,7.3495045069529175,-4.2970108669594165,5.1272831954223825,7.472780813311393,-12.846620566744512,-1.6638089623394652,-2.975342609051623,1.791064989929153,-3.431921301150783,0.7993642746189142,6.110886146041689,-17.33380860866193,-3.510110467475958,3.3096926706391065,1.7992258980410485,1.1012069987836204,0.3916946511886578,-0.4408962047191233,-0.4591657591898997,-0.42757825269880056
CN1C2=C(C=CC=C2)SC3=CC(COCC4=CN(CC5=CC=C(F)C=C5)N=N4)=CC=C13,25.0,1.3979400086720375,5,0,18.641589901075992,17.09424282371301,6.138445748877946,2.144604972039,2.1266404224813913,2.02620545785411,0.5455908879970588,-5.937135381618184,-9.289105150461035,2.5194767932397153,2.8029192355235653,-11.477235110967797,7.833760186892356,-5.267420621801653,5.642663280344889,6.638743942604671,-12.799019432097543,-1.7132001552603011,-2.3431318773057805,1.9955456130176377,-4.312368404788296,1.1449560772603369,6.195523783062332,-16.481982691268932,-5.05838218346553,2.9286852440018585,0.7177385536662936,2.763289523106585,1.195043300048301,0.1290548969252818,-0.2452346091725763,-1.0141167877385147
CN(C1=C(SC2=C3)C=CC=C1)C2=CC=C3/C=N/OC4=C(NN=N4)CC5=CC=C(C=C5)C,25.0,1.3979400086720375,2,0,19.7366326560939,5.3917627939745865,3.449443204033353,5.648735339973087,-8.218672235502755,1.5802453914442607,0.153918311503579,-0.42917519220540673,-3.9449023136554247,3.1890033426022444,2.0236099765328506,-8.83313027796542,9.17253729153952,-8.601197399434117,11.340252479059625,15.699444609561745,-18.72967000135919,0.5083280460598071,-6.846702108492934,0.20646639957227272,12.577403141124814,-0.13876357169116446,-6.194976897852661,19.439190937658285,4.825711833102026,-2.449381767623581,1.4526463202110071,-0.7148468087891233,-0.8066472582971046,0.01889131081174046,1.444453047720437,0.8328459059901469
CN(C1=C(SC2=C3)C=CC=C1)C2=CC=C3/C=N/OC4=C(NN=N4)CC5=CC=C(C=C5)[N+]([O-])=O,25.0,1.3979400086720375,2,0,19.044843569985588,3.8480831270326865,1.5136649144583867,6.3667167232913,-6.997256437172255,0.18283069855622017,0.24545195477251422,-1.5354062534322672,-4.8686941502872765,5.431586525748944,0.8985652701600683,-8.037435381077595,7.393949290666682,-8.480374074303462,10.755692427153333,16.336342407142908,-16.95511982364295,-0.06958214481979072,-8.169683729940953,-0.8766714869673771,13.446043368890342,1.0867514645052359,-10.375538101780274,17.92470045282433,4.54920360700542,-4.086583390177738,-2.7295190606164654,0.20478037852127812,0.15976317798211354,1.4863789509124559,0.29018111518925177,0.22040604877738448
CN(C(/C=C\C)=CSC1=C2)C1=CC=C2/C=N/OC3=C(NN=N3)CC4=CC=CC=C4F,12.5,1.0969100130080565,1,0,6.138740566510282,-1.4277972384603537,3.754592263269861,0.12875809691993723,-1.5849934241977306,0.9541291189024281,-1.995075200078964,1.8267760183574768,0.37229106720081867,5.022355748991936,1.1587865323107163,-7.4176025791767275,4.605535036777126,-10.466151566533021,11.700830026044308,17.418000066884847,-13.068692548875815,4.632840920459418,-3.7642419172074457,1.148023211427189,18.995397403397025,2.0061007263629236,-12.572109577304943,35.270288720360995,16.23682571272241,-12.590682509589742,0.911777585987766,-0.8702863819544722,-3.8099053797633315,9.455258307494141,11.256294745274083,-5.233506718585242
CN(C1=C(SC2=C3)C=CC=C1)C2=CC=C3/C=N/OC4=CN(N=N4)CC5=CC=C(O)C=C5,50.0,1.6989700043360187,1,0,21.115970089064692,11.575527337220608,3.4694782836676956,5.614452485671318,-2.8555767038072624,1.1414976862546653,-0.730921841951252,-5.248419036613398,-6.548217434642549,3.6069222245334975,1.8529638543402804,-7.000381322562867,10.148875543319514,-4.536526848392486,5.9288153210817,10.092978191533694,-13.837651050036035,0.07366971312587252,-3.2225672627494384,0.26430393580910183,2.278822895890545,1.1056013525866517,0.9024523251756287,-2.474246732232071,0.9711651536942962,2.337905250149928,0.9428302071022479,0.3024909458985156,0.7152821439298211,-1.3861379803776708,-0.09721668019827491,1.7589702954053834
N#CC1=CC=C(CN2N=NC(CO/N=C/C3=CC=C4N(C)C5=C(C=CC=C5)SC4=C3)=C2)C=C1,12.5,1.0969100130080565,1,0,23.95496781212421,15.97145604257547,3.752850984007824,3.9828875116458136,-0.25310410231559627,0.9536411503692913,0.2521036541699395,-6.048010847683992,-9.20332467117014,2.474720300677734,1.5117226280499496,-9.540478005950114,8.102641214552353,-4.1316855012665545,3.3434284892435286,4.863786322764115,-8.718583781404215,-1.4252081155773848,-2.900303567045035,1.3439867588270322,0.05628737303014519,-0.4491537157532249,2.7299583180504423,-2.340341433283585,-0.9831397599443413,-0.31904994764003286,-0.43773207565305394,0.41077169878962727,0.534591784423562,-2.2562063259786576,-0.8359777798740667,-0.4155665149120267
COC1=CC=C(C=C1)CC2=C(CO/N=C/C3=CC=C4N(C)C5=C(C=CC=C5)SC4=C3)N=NN2,50.0,1.6989700043360187,2,0,18.623844541639514,8.62843208051733,0.6709376175639803,5.910283797480715,-6.654387217303681,2.401469268597537,-2.7805255763611867,0.7980434222264084,-4.124882417045618,3.624938502715346,3.017596883911519,-9.811490402518071,7.4239002555587605,-6.594358675824524,10.502036887681745,12.932408011689887,-17.7178205428897,0.09753436426978304,-8.177524115367278,1.576977575979262,9.840140528737859,-1.5810329441720548,-2.476423850936532,11.178777999078726,2.514178206316345,-0.815275334161354,1.09149835581366,-3.694247259792328,-2.591845255590678,-3.788203580664454,-3.488856105621085,-0.8300762205745397
FC1=CC=C(C=C1)CC2=C(CO/N=C/C3=CC=C4N(C)C5=C(C=CC=C5)SC4=C3)N=NN2,12.5,1.0969100130080565,2,0,20.27102181231224,7.081061427365938,2.403921423872723,5.192086826047595,-5.670832397177456,3.429950393769224,-2.6152200781952706,-0.32052876202140784,-3.9086433937558596,1.9952938798783149,4.317038368518017,-10.050776140054765,8.281284937454107,-7.457795788546962,11.230132124397747,12.316144652975,-17.663570236846244,0.0915968044541814,-7.8445596566156395,1.5395448240123577,9.222962403160441,-1.4137308088433655,-2.7704949259865193,12.461431448361449,0.9232077102133566,-1.2093181579702046,-0.2641150638776693,-1.903207491135798,-1.7389006855081628,-3.2358805817417498,-3.3393109479663003,-1.0709955484674487
O=C(N/N=C/C1=CC=C2N(CC3=CN(CC4=CC=C(C#N)C=C4)N=N3)C5=C(C=CC=C5)SC2=C1)C6=CN=CC=C6,12.5,1.0969100130080565,2,0,32.27497358108562,9.436270650293276,-2.8891373273820427,-2.419832747849378,-0.36164980482424147,-1.8769760258010761,1.6613297461749366,-6.507491335953109,-8.304752851443078,0.8851807173877576,-5.050054865961931,-9.423896031726134,6.506546555592333,0.06613930556796624,-7.524309089017013,-6.309120296633309,9.813594596422808,2.0769868959236892,0.36991211126232243,-1.3416275706180893,-2.7097390086082624,-3.608135066829909,0.8693542526993757,3.4122926908510642,-1.4383745123936171,0.5774131542414431,1.2732327696561734,-1.6633823881263732,-0.8423006161750208,-1.380410817898738,-0.05550881370478737,1.4511268520341711
O=C(C1=NC=CN=C1)N/N=C/C2=CC=C3N(CC4=CN(CC5=CC=C(C#N)C=C5)N=N4)C6=C(C=CC=C6)SC3=C2,50.0,1.6989700043360187,2,0,30.733217518795477,8.417820248629864,-1.9766777031380096,-2.715395501774188,-0.04408344248412485,-1.5327493029244323,1.4791884905145316,-7.349614842323356,-9.236025607770566,2.1836987458410366,-2.7838180217084076,-9.254592087919336,7.915642485215502,-0.8988774168966328,-6.011414681372347,-6.056627893523284,10.089272050440199,2.222143277043243,1.6559275056222962,-1.7997386050846997,-1.790110524972137,-3.198071375435579,0.3033176468423842,3.054067244974907,-1.8678821152714495,1.3660047372361088,1.47354542992498,-0.6477341688585833,-0.23457602837321495,-2.353664149116291,0.5117388503530376,0.26023568777397893
O=C(N/N=C/C1=CC=C2N(CC3=CN(CC4=CC=C(C#N)C=C4)N=N3)C5=C(C=CC=C5)SC2=C1)C6=CC=NC=C6,12.5,1.0969100130080565,2,0,32.76934993771666,9.077791662706302,-1.5908842299959076,-2.11236732577285,-0.4733178726043989,-1.3674595634652238,1.652101010414191,-7.319628118155702,-8.551869872905327,1.1445074094221777,-3.7321199006280086,-9.04471415177853,7.444682837569762,-0.4091426452180787,-6.468644488350112,-7.625997144081607,9.007719973881759,2.2559658983825654,0.666613720213434,-1.1700376654594418,-2.463351940157266,-3.0823249545278473,0.47508596685311366,3.7589718600503486,-0.749021851376576,0.6812857876236639,0.6438693162142812,-1.0759715788346231,-0.4778959922978554,-1.095690753804385,0.31422520079920047,1.2194260183541874
O=C(N/N=C/C1=CC=C2N(CC3=CN(CC4=CC=C(C#N)C=C4)N=N3)C5=C(C=CC(C(F)(F)F)=C5)SC2=C1)C6=CN=CC=C6,50.0,1.6989700043360187,2,0,34.55880307275802,6.634751173856747,-4.425484537419361,-5.06950184327999,-0.6090983318452622,-2.750195150430286,0.24286228533008905,-5.5938076274228345,-6.9781783464473985,0.3089714306889421,-4.627588113014699,-7.123604583670785,4.132050288396505,2.141388296226434,-9.119715011105056,-8.224092214140033,15.039211000588384,3.8540324296847386,1.3168162631423928,-1.069715760635633,-1.3346421227036154,-3.727910885639879,-0.9906356895721873,4.287325461212998,0.35314911817315087,-1.401026314414808,2.165021186825346,-1.4905968935256841,-1.4345923176040747,-0.17964658345385562,0.49817363640557666,0.10123882029083148
O=C(C1=NC=CN=C1)N/N=C/C2=CC=C3N(CC4=CN(CC5=CC=C(C#N)C=C5)N=N4)C6=C(C=CC(C(F)(F)F)=C6)SC3=C2,50.0,1.6989700043360187,2,0,33.04491964432265,5.721020373796482,-3.766581515227599,-5.3576678650986755,0.027429286190165304,-2.5403779902528996,-0.08637464054617801,-6.3512544005256055,-7.764761595442291,1.7445680664043908,-2.80502799815779,-6.9325292630434925,5.392491072684575,1.1533557055271377,-7.893453247984377,-7.727569533896392,15.2283509242086,3.970856523496633,2.32990848777814,-1.5078957704155114,-0.36172562369539407,-3.4734522647929267,-1.4780806217563236,3.799265069392164,-0.13643633338600525,-0.8217539271765586,2.398249843523447,-0.5688917574854013,-0.7605269922226473,-1.1263859059550205,0.969232176636436,-1.1761355510796232
O=C(N/N=C/C1=CC=C2N(CC3=CN(CC4=CC=C(C#N)C=C4)N=N3)C5=C(C=CC(C(F)(F)F)=C5)SC2=C1)C6=CC=NC=C6,50.0,1.6989700043360187,2,0,35.01797538899819,6.269404606745252,-3.337914467012429,-4.728564070766774,-0.7092549541719121,-2.335788318445237,0.36633002127437225,-6.286982524867589,-7.156570732175103,0.8076709868994436,-3.5962632757980404,-6.794983739041788,4.880926459622324,1.7495961403402285,-8.196081295379534,-9.411348856869218,14.510674341308134,4.127144811218123,1.5823798182308875,-0.7636581851401728,-1.0344880408705193,-3.2056646308315537,-1.2375498305255532,4.505408817303828,0.9649424691179124,-1.3818324446492025,1.5751562463249007,-0.9602191948888008,-1.1117428770761213,0.06182410015296071,0.9503645589547379,-0.30518659759837674
O=C(N/N=C/C1=CC=C2N(CC3=CN(CC4=CC=C(C#N)C=C4)N=N3)C5=C(C=CC=C5)SC2=C1)C6=CC=C([N+]([O-])=O)C=C6,25.0,1.3979400086720375,8,2,32.385605367894776,7.879094467542961,-4.090845275093173,-1.1707924739046545,0.276395173604107,-3.400671280361749,2.064860691484266,-7.400425051005844,-10.338441822668287,2.9533026637317827,-4.817007819268347,-7.5788519158894125,5.059514795137117,-0.06655296741664117,-5.626087141519455,-6.796132862264793,9.089570703699776,1.6675181599921585,-1.1664902569672873,-2.334527535112816,-1.163384979397093,-1.754025042035955,-3.435007845644664,3.069498662696271,-0.7044053781636668,-0.17757422628374797,-4.307285869502995,-0.2652678952367398,0.572127644311966,0.7817646070103493,-0.867989141913349,0.716403766638151
O=C(N/N=C/C1=CC=C2N(CC3=CN(CC4=CC=C(C#N)C=C4)N=N3)C5=C(C=CC=C5)SC2=C1)C6=CC=CC=C6,12.5,1.0969100130080565,8,2,33.03214668940741,9.871817851381469,-2.6862680860941297,-1.584285113499683,-0.49443660412173007,-1.720845539645545,1.6026400641796597,-6.702111879492789,-9.833647351851633,0.8812316515003887,-3.8860381243166238,-8.731540028647204,7.043128148254431,0.1694037062520408,-5.925739843989083,-8.655233385988542,7.78951887446904,1.8854624192965725,0.6739126148138594,-1.0504645598234048,-2.695263062273868,-3.2888129053196944,0.9165424818610756,4.127823236996759,-1.1491097589758896,0.725193335822837,-0.054000391542893746,-1.2788989669322777,-0.5639717486198053,-0.7453812861339982,-0.0568334384658696,1.1963954995110708
O=C(N/N=C/C1=CC=C2N(CC3=CN(CC4=CC=C(C#N)C=C4)N=N3)C5=C(C=CC=C5)SC2=C1)C6=CC=C(F)C=C6,6.25,0.7958800173440752,8,2,32.738711279753616,9.519857770870784,-3.2322549568770045,-2.9233717118263622,0.08556118681081529,-0.786450849644459,-0.08990207401661937,-6.438163042222286,-8.774403632671284,0.65684267113797,-4.089480818242233,-9.45911947844451,6.836466676017074,0.024324215176459177,-5.382649347235872,-8.57698681325782,7.673251094169105,2.1969283773183728,0.1883328088875528,-0.935870240629018,-2.5604465961708587,-2.9934060097527855,0.9135985954365662,4.030233271386606,-1.519682088989976,0.21140372021123743,-0.4506275866166537,-1.059344703209964,-0.044610431119293886,-0.3778882619154512,-0.40363323390056793,0.7992878964735951
O=C(N/N=C/C1=CC=C2N(CC3=CN(CC4=CC=C(C#N)C=C4)N=N3)C5=C(C=CC=C5)SC2=C1)C6=CC=C(C)C=C6,25.0,1.3979400086720375,8,2,33.03221481192031,10.100709233773792,-2.6836250259140817,-2.016924934449747,-0.2805530654069447,-1.5856538325438718,1.4413507069935527,-6.508859514108811,-9.690285609950308,0.5065393490566269,-3.7042904016060105,-8.866559004333965,6.886274715307788,-0.11115911746492385,-5.847829226388931,-8.498757829964845,7.806713713064281,1.9392362120605389,0.9134693775684327,-1.197865706709689,-2.4602023648970786,-3.5367641331405886,0.7152549472081423,4.117970334288858,-0.48895971821338974,0.9847805256626416,0.14961816641512418,-1.1654451370052283,-0.20835924219328258,-1.0357707990547669,0.13672512735315337,1.3651696896045187
O=C(N/N=C/C1=CC=C2N(CC3=CN(CC4=CC=C(C#N)C=C4)N=N3)C5=C(C=CC(C(F)(F)F)=C5)SC2=C1)C6=CC=C([N+]([O-])=O)C=C6,25.0,1.3979400086720375,8,2,34.539596377228456,5.21582420728078,-5.938489149062534,-3.9180593921036917,-0.021068496889863016,-4.246963904084649,0.6531107123132267,-6.250367975213042,-8.700116651662778,2.401395420715369,-4.569156631115626,-5.556137973411117,2.7506953913079726,2.069910613989671,-7.304940211549308,-8.552549831838759,14.466907132534342,3.5207234874472686,-0.17105581506054138,-1.7516298508010972,0.0008848305068953825,-2.111522399380438,-4.756657073553149,3.9804854206282063,1.0476042998412267,-2.131850828837776,-3.21778630814862,-0.30712510556433786,-0.04479361867718822,1.6843855408618233,-0.237162644600023,-0.9378505570828527
O=C(N/N=C/C1=CC=C2N(CC3=CN(CC4=CC=C(C#N)C=C4)N=N3)C5=C(C=CC(C(F)(F)F)=C5)SC2=C1)C6=CC=CC=C6,50.0,1.6989700043360187,8,2,35.295059317811095,7.020585908244143,-4.585495152709608,-4.354323048619635,-0.6656666706575295,-2.76004743004708,0.2892969713408166,-5.761227244457682,-8.162462367931179,0.46741588245126886,-3.7577065994470233,-6.518418628878222,4.457108128039637,2.2976019302786805,-7.68700521318071,-10.43545028242805,13.411344918249645,3.9130661586155844,1.5981353580008708,-0.6739283234668576,-1.2924778889029498,-3.457279683510978,-0.8908769614031204,4.919530174341189,0.6122343986497362,-1.3907566355642673,0.9557769986257104,-1.186010554797611,-1.1217549617795235,0.3958655498804546,0.4974378631422966,-0.35066632397379244
O=C(N/N=C/C1=CC=C2N(CC3=CN(CC4=CC=C(C#N)C=C4)N=N3)C5=C(C=CC(C(F)(F)F)=C5)SC2=C1)C6=CC=C(F)C=C6,6.25,0.7958800173440752,8,2,34.928304596582464,6.743794450881586,-4.995132906602079,-5.493220440186583,-0.07985329590063288,-1.9013522849094187,-1.1968576124922679,-5.547620051509546,-7.313925864866818,0.34612459365768167,-3.861925537074136,-7.085759185710566,4.285281080728336,2.058954204963731,-7.197617539809224,-10.313820791667041,13.155550448035788,4.092123516479556,1.2236758967427714,-0.6516901218017904,-1.1207658114529169,-3.1590896402328714,-0.8217498803100635,4.841325197771277,0.3201408227732555,-1.7048076588249443,0.5902019223370928,-0.9832782166647998,-0.6463941337874306,0.754112242201616,0.10274112821215857,-0.5242470036821182
O=C(N/N=C/C1=CC=C2N(CC3=CN(CC4=CC=C(C#N)C=C4)N=N3)C5=C(C=CC(C(F)(F)F)=C5)SC2=C1)C6=CC=C(C)C=C6,25.0,1.3979400086720375,8,2,35.27774911723025,7.207538284935137,-4.601376850906775,-4.7337191533854845,-0.4966051381703025,-2.6860486552204144,0.1385059453395112,-5.598097993034288,-8.046167484338087,0.08312694425173235,-3.540680538613535,-6.670047670961919,4.415029108540217,2.0018037271546847,-7.584646546558727,-10.279751630486446,13.396024908208384,3.9440590363819577,1.8568372780122215,-0.8129850097854138,-1.0417477481322641,-3.6471023384487395,-1.0338172889212707,4.873866372791575,1.2989234149547761,-1.0704575718352916,1.139932773450996,-1.0529364912968646,-0.7537687061177136,0.11833978655801722,0.6628889638357851,-0.1471847406175605
O=C(N1CCC2=C1C=CC=C2)CN(N=N3)C=C3CN4C5=CC=CC=C5N=C4C6=CC=CC=C6,12.6005,1.1003877786836411,3,0,-1.6042168791477633,-9.20068506506371,2.2382785376279744,-15.426590717593875,0.5298529430810368,-0.979767248781521,15.650162676135997,-1.2604775945465796,1.7307767924850637,18.21624856077923,3.3961367569256242,-3.6389562872067396,-6.947553499831346,-15.961802987736577,12.957230290607267,-7.65802230770018,14.7018882771278,-5.055069035466668,3.8094755734593866,1.491043729891711,13.416066272163516,33.36310213742524,12.52022367857945,2.723054243612553,-9.95170600738589,2.463048972141278,-0.3567782717904305,-2.6737086479330197,-5.4680772795790755,-0.5987092609755008,-0.8637036031510659,-2.1871123873081317
O=C(N1C(C)CC2=C1C=CC=C2)CN(N=N3)C=C3CN4C5=CC=CC=C5N=C4C6=CC=CC=C6,25.11768,1.3999795232129102,3,0,-1.4610365628978872,-9.921421939003004,1.3186346513723017,-16.94674813743448,0.7523990970026937,-1.616165590547482,14.47840136827966,-1.1022695039588655,2.2172901038112496,17.348462315074304,3.6285096602418876,-4.073238481687683,-6.112686168697055,-15.819727203218811,12.530813877914984,-6.079433125681178,14.784243505124335,-3.431437255366164,3.6483461999029156,3.0090291111219654,13.235322012677681,32.67397082697602,12.320163291654076,2.096211224386858,-9.60762863000423,3.003181855839643,0.8450377663465063,-3.882631481706515,-5.107776202084506,1.0445045555596253,0.04285868383392489,-0.6833690768124799
O=C(N1CCC2=C1C=C([N+]([O-])=O)C=C2)CN(N=N3)C=C3CN4C5=CC=CC=C5N=C4C6=CC=CC=C6,12.467,1.0957619594775003,3,0,-0.4960469604084314,-10.906868207993579,-0.11432704362727358,-15.667719458419247,2.4821941646794454,-2.2585606410872896,13.975989977418184,-1.4041566884791783,-0.5252026491443249,19.712217426040542,2.340863328834368,-2.6624435790755574,-8.156700966384834,-15.808320006553348,12.513306390997263,-5.460024619842918,16.426098562369326,-5.409070672230946,2.216259559624,0.6732492668759948,15.012922842557646,34.542200179312246,8.821880834749505,1.7507378601086905,-9.49215329464703,1.8416610607155408,-3.8413074962885676,-2.021313938653054,-4.750357460785484,0.7884260004320253,-1.144445384988124,-2.244555839232604
[H]C1=CC=C2C(N(CC3NNN(C4=CC=C(C#N)C=C4)C3)C(C=CC(/C=N/NC(C5=CC=NC=N5)=O)=C6)=C6S2)=C1,50.0,1.6989700043360187,2,0,34.029975109316396,-2.7409504969594263,-6.0555444913574785,3.18102775777398,-12.28464505416915,0.5053179765878859,-2.613077705975969,5.672408837572286,12.128102308216555,-3.444850108799737,5.34735922178404,13.608872440307072,-7.889545190977781,1.747352146989333,2.459347817936436,3.641212526350986,-4.905657397302449,-2.9826045608536744,1.4134984009201434,-0.3795521005785362,0.620382929292234,2.1188927013999828,1.6582927470240227,-3.682101179367525,-1.6605496889446842,1.1113933568507368,0.3027280564226795,0.7944438107372406,0.43442410836892603,-1.1423615412622734,0.7613447025311624,0.7826898626648268
[H]C1=CC=C2C(N(CC3NNN(C4=CC=C(C#N)C=C4)C3)C(C=CC(/C=N/NC(C5=CC=CN=C5)=O)=C6)=C6S2)=C1,12.5,1.0969100130080565,2,0,34.84246427667448,-1.6876784110466345,-7.202914435584503,3.5502989339795694,-12.219457820942777,-0.5274989349906047,-1.5417756918474546,6.599564141822391,12.227451355380254,-4.796741638788771,2.0397752795768938,11.951785843925183,-8.940318076782006,1.847500110086766,0.4196043973734257,3.7938962316376816,-3.6243480240057977,-3.4853592856803264,0.2624581318068597,-0.15637183044412872,-1.1857246934774768,0.7859888003416511,1.8567608833098321,-2.1594170319593315,-1.546038174158813,0.9893422599354277,0.4138143249475072,-0.39636786769324184,-0.24513429729583078,-0.5681361744788741,-0.6934757388555778,1.095270803125446
O=C(C1=CC=NC=C1)N/N=C/C2=CC3=C(C=C2)N(CC4NNN(C5=CC=C(C#N)C=C5)C4)C6=CC(C(F)(F)F)=CC=C6S3,50.0,1.6989700043360187,1,0,37.77270482864987,-3.6917937503516525,-7.7533923230790736,1.2478560023288425,-11.965242101560266,-0.5183899542091724,-2.4956154958322245,6.212246658262803,13.6733448349008,-5.048638062534173,4.259967225932268,14.564318204689815,-10.326480125425014,3.877648043281857,0.08873096820806649,0.7825422161274566,0.3575277680430713,-2.0517552219769093,1.4931216167888648,0.7369304571368692,0.43678929407506595,1.3298823614152937,0.40213652807448313,-1.292380346935214,0.6868052110904891,-1.091786380034172,0.6630769779105158,0.8777214627602266,-0.249273458761462,0.8265695432596301,1.1769847878490391,-0.8528208984773398
O=C(C1=CC=NC=N1)N/N=C/C2=CC3=C(C=C2)N(CC4NNN(C5=CC=C(C#N)C=C5)C4)C6=CC(C(F)(F)F)=CC=C6S3,50.0,1.6989700043360187,2,0,36.12990541530479,-4.317857792684054,-8.016983431708317,0.1120846439368965,-11.270984482048329,-0.44297521368476844,-3.262083681207427,6.021219450865956,13.34395731249113,-4.001703222332008,5.319202403751845,14.902834585268293,-9.721169088803173,3.7918831975669067,0.6632642893482346,1.5542397110742783,0.8194754721930261,-1.6225212671267744,2.133540475627802,0.3077385338069273,1.9829925223537868,2.157604924091318,0.4410010888120666,-3.146889247490199,0.10794703633576243,-0.8949915485023745,0.8744351669468651,1.5617862953197215,-0.39061387837341177,-0.039301237776816995,1.9663804826708355,-0.689984158256461
O=C(C1=CC=CN=C1)N/N=C/C2=CC3=C(C=C2)N(CC4NNN(C5=CC=C(C#N)C=C5)C4)C6=CC(C(F)(F)F)=CC=C6S3,50.0,1.6989700043360187,2,0,36.90846736889128,-3.1306393434784843,-8.635669448913992,0.5094267266798892,-11.366618714575509,-1.009323574794237,-2.3742205375458068,6.815831491111757,13.155741406179484,-5.414613579391076,2.604012801595641,13.484919346190631,-10.531898867032655,3.801527295044392,-1.2654050465652362,1.6646062999447546,1.6147819146303912,-2.1408446617223884,1.0588539821214087,0.4408932137810534,0.08497779517361954,0.6965172396011642,0.45668492597536897,-1.445803483490078,0.2438583170929615,-1.0193327421922562,1.0154539419573145,0.4662955678907628,-0.8467046348346576,0.5008367777041484,0.5695779321199967,-0.2647597529644102
[H]C1=CC=C2C(N(CC3NNN(C4=CC=C(C#N)C=C4)C3)C(C=CC(/C=N/NC(C5=CC=C([N+]([O-])=O)C=C5)=O)=C6)=C6S2)=C1,25.0,1.3979400086720375,8,2,35.14942131805137,-2.818972060071487,-8.693035461430329,5.4955514639081535,-11.770571430934917,-1.6952254650221328,-1.2419148023768942,5.32585832541013,10.123934348884418,-2.5838441581770333,3.2999529798163185,13.952254972447381,-10.877863141427484,1.9599961886879746,2.70861101284824,3.602961927067142,-4.96976807783592,-4.035077849257786,-1.004085027737024,-0.9908727920057209,0.2469111800214086,2.631628497240161,-1.9621960895969706,-2.9056969925859755,-0.540437218916175,0.056936038317001135,-4.727972924721569,0.9352805636702798,1.5234033243505463,1.4226277567024141,-1.2503323477366426,0.3418145676674311
[H]C1=CC=C2C(N(CC3NNN(C4=CC=C(C#N)C=C4)C3)C(C=CC(/C=N/NC(C5=CC=C([H])C=C5)=O)=C6)=C6S2)=C1,12.5,1.0969100130080565,8,2,35.81967323574169,-1.6782489791987643,-7.254723197025099,5.366948760477346,-13.308441763172215,-0.0026298110199844764,-1.732117365442989,6.524333504691116,11.737760995154328,-4.827196478920224,4.430014557225598,14.061426782692717,-9.448163962794368,2.265475680416146,2.7446325071470166,2.1159567827903,-6.634551903248172,-3.8703171020142544,0.4761535972549066,0.17936913520764522,-1.095553397879131,1.1023553229667977,2.2107166102358025,-1.689671499604181,-0.9838626142440753,0.9769645719501717,-0.4790940186073739,-0.14283472514197681,0.3847819966942389,-0.03951356239218151,-0.4561899846576,0.7756391435379223
[H]C1=CC=C2C(N(CC3NNN(C4=CC=C(C#N)C=C4)C3)C(C=CC(/C=N/NC(C5=CC=C(F)C=C5)=O)=C6)=C6S2)=C1,6.25,0.7958800173440752,8,2,35.60610320349431,-1.8629678838458763,-7.788528933039968,3.9607087088954778,-12.529124511129218,0.9166462584339319,-3.427478311258239,6.7772907090049355,12.593453045415185,-4.941565727250332,4.065888521665708,13.058991377581053,-9.45142496512364,2.12976756212229,3.293046862095112,2.069534130314479,-6.579944967986608,-3.443809982263507,0.010650806250549257,0.32196428684419787,-0.9563927127093318,1.4389043970073467,2.1754244637982976,-1.8113338324172295,-1.1083712250517905,0.3892794071049312,-0.8044850568428499,-0.048111927883977765,0.8768910447351969,0.18104593106535366,-0.806564205290041,0.36228184140508357
[H]C1=CC=C2C(N(CC3NNN(C4=CC=C(C#N)C=C4)C3)C(C=CC(/C=N/NC(C5=CC=C(C)C=C5)=O)=C6)=C6S2)=C1,25.0,1.3979400086720375,8,2,35.968021756863706,-1.4904452980142036,-7.121171012482343,4.593483656761588,-12.804365528219563,0.10562350041008499,-1.808392206217465,6.675845715177096,11.722475830771318,-5.16312722356617,4.491792299856209,13.665354516518773,-9.42094361177315,1.8396725940156822,2.6000020178371623,2.307080222319556,-6.433426723679912,-3.8557824626446586,0.737710339066352,0.1385650685337924,-0.878619169930483,0.5987213316847289,2.148766274757723,-1.6838350891900176,-0.3810852451938772,1.1760023538398896,-0.30215520145467994,0.03884394888895986,0.7819435583674097,-0.2434159079947492,-0.2080831821310847,0.9676119725693777
O=C(C1=CC=C([N+]([O-])=O)C=C1)N/N=C/C2=CC3=C(C=C2)N(CC4NNN(C5=CC=C(C#N)C=C5)C4)C6=CC(C(F)(F)F)=CC=C6S3,25.0,1.3979400086720375,8,2,37.1350598208153,-4.410302581029126,-10.503527609247923,2.2608193036567306,-10.932769172706152,-2.2842851551942402,-2.0097151857338775,5.608941443630829,11.425352912966638,-3.0686999896798337,3.5937272039408295,15.268953707164926,-12.452663026327551,4.009282522930847,0.9490564454757944,1.6220254952943627,0.5070918283367128,-2.4394389568019705,-0.15859744773242357,-0.16192646195043753,1.37946223690344,2.342873504341653,-3.1042748578402244,-2.2093255299198584,1.1924021941091754,-1.929584647607359,-4.04539308817284,1.587924513558457,0.9101240707050791,2.372640370851159,-0.033959974971429746,-1.2457984180631645
O=C(C1=CC=C([H])C=C1)N/N=C/C2=CC3=C(C=C2)N(CC4NNN(C5=CC=C(C#N)C=C5)C4)C6=CC(C(F)(F)F)=CC=C6S3,50.0,1.6989700043360187,8,2,37.95136998497063,-3.205132034001671,-9.086030914122077,2.096885043207568,-12.383990470748671,-0.7520410737803795,-2.4463599308925907,6.8230293487571085,13.124970360800216,-5.255781420112252,4.617742314600733,15.406588678510087,-11.143695773539664,4.353764507146399,0.8834326057706201,0.04032908466401773,-0.9160542148285251,-2.272535432419832,1.2417076928670352,0.9051278766250476,0.17766620610462294,1.0197215963815258,0.8843332027293211,-1.0960655300413278,0.7148622291676021,-1.0874486258058877,0.20163768192212245,0.5906356743855395,-0.20469447677783212,1.0256595801378476,0.7982391148045138,-0.7793935279256992
O=C(C1=CC=C(F)C=C1)N/N=C/C2=CC3=C(C=C2)N(CC4NNN(C5=CC=C(C#N)C=C5)C4)C6=CC(C(F)(F)F)=CC=C6S3,6.25,0.7958800173440752,8,2,37.62646729547516,-3.3467209993229012,-9.442299964831188,0.952570017069486,-11.609178387629171,0.06591275895812226,-3.851741494271957,7.036449380173709,13.714634992113744,-5.3515261782745505,4.421585393353889,14.589315018968593,-11.109933736966399,4.140739640487232,1.3799508124255573,0.021234055908749477,-1.0675249074839281,-1.9370565993011684,0.8812298609734747,0.8822942497695464,0.32012754159542056,1.3859732060948962,0.8735353100471474,-1.1632858769357963,0.6167253766514735,-1.4345844379859087,-0.1523563623903589,0.6877113694547542,0.23140728126814095,1.2645826394743764,0.4032725508838531,-0.90747921229793
O=C(C1=CC=C(C)C=C1)N/N=C/C2=CC3=C(C=C2)N(CC4NNN(C5=CC=C(C#N)C=C5)C4)C6=CC(C(F)(F)F)=CC=C6S3,25.0,1.3979400086720375,8,2,38.082351521785945,-3.05925790636376,-8.971023722632253,1.3766517611018376,-11.924733793819014,-0.7049969732855955,-2.512134556099022,6.944430877717997,13.082608424229091,-5.601297994854481,4.714811566494234,14.9939084888931,-11.001700372134568,3.912714521303316,0.763253105661981,0.23067257733767527,-0.7474423001247597,-2.280798994002722,1.5223862424289711,0.8726490596769104,0.41026878660837907,0.5742193726833809,0.8807207531009411,-1.126054484892055,1.3441946368620472,-0.8277028101053967,0.35912655700010376,0.7919374744460956,0.20483688828462984,0.8346200286596666,1.0182263595591239,-0.5527235852093175
O=C(NCCNC(N)=[NH2+])C1=CN(C(C=C2)=CC=C2OCC3=CC(C(C)(C)C)=CC(C(C)(C)C)=C3)N=N1,8.0,0.9030899869919436,2,2,-11.7321826945705,4.980563698623639,-10.598457441646218,5.3497853613886965,-7.042126864824528,-0.3584773683773053,3.832419490747038,7.9355988246395155,-1.3389608395642159,-6.39484514392235,-5.8245554334161085,-4.13496799698958,3.158749562300633,6.911662097209152,-5.575394786896558,-3.9860617536216703,-10.753209401141683,-1.488279703720012,37.40651049507693,2.283976189168793,16.590346039070813,-2.7369899449058996,-12.668150407385747,-5.516357275191089,-1.2443090453415007,11.455470831833061,5.7206479715260565,-14.0868629032158,-12.890270372118573,-5.856539375735976,-15.02957098603747,-9.114803413962797
C/C(C1=CN(CC2=CC(C(C)(C)C)=CC(C(C)(C)C)=C2)N=N1)=N\NC(N)=[NH2+],4.0,0.6020599913279624,2,2,-1.7587859219259887,9.209295473981749,12.71298241976503,8.897299411090552,6.524083614320029,3.1081331202607108,7.456084206964924,-3.3900675683941044,-0.48196748822857505,-3.0606554376814246,-3.297126702658854,-4.376642864351071,6.076852188373755,8.371885319243512,-4.977164475212434,-6.179169945444277,-11.392999004550123,-2.709703603205694,44.61821572321594,5.7854229785227,10.754098954367068,6.487320537166165,1.709573800101742,-1.7979467289604636,4.085670114749442,-17.224664707678492,-2.80046420950346,13.496892186987404,15.183455873967187,4.753379119785803,9.956485742639996,7.624241758432074
O=C1C=C(OCC2=CN(C3=CC=CC=C3OC)N=N2)C4=C(O1)C=CC=C4,200.0,2.3010299956639813,2,0,-16.709266718538185,14.703253066349484,-8.330418079535725,-1.6676554805254014,-3.1643501278632145,1.7869065806486824,-5.446428590456786,-3.674133177483588,0.2696060561593475,8.154629311965346,-0.6000199453199144,10.678557631405887,-1.404626196123538,8.8353756350149,-0.1023117787324827,1.8512134256804245,-2.6263605402602956,2.231262134324357,-3.769430357630652,0.6404855546064586,2.9726370487379725,-3.9984173422521536,-4.080563435795162,4.8585216253395815,-11.890605742073523,-0.17891707984094252,4.968302839240826,-1.7549651311227117,-2.275864678654848,0.10713670020448926,-2.0795861087725096,-0.5646743572728
O=C1C=C(OCC2=CN(C3=CC=C(F)C=C3)N=N2)C4=C(O1)C=CC=C4,1600.0,3.204119982655925,2,0,-18.377583212836516,17.003733536711692,-7.970683872367927,0.20065489033516112,-3.820803486361524,3.820282562764752,-6.884348455771026,-3.3602782026110227,1.5951524773681556,6.911306054999856,-0.8423318576962266,10.090717550476242,-0.9755487608859924,9.600634990595829,-0.5188602311779822,0.15728611305021514,-3.1178453124843593,1.6446769294692978,-2.827385318913093,-0.04043896960823647,1.6042973973132915,-3.6390482125720007,-3.623324348123146,5.900329507180655,-11.63337109347323,0.057694655892551086,4.136025890520106,-1.733300462652354,-1.252016118045373,-0.19155062819800664,-3.2639808859912285,-1.3188404847955462
O=C1C=C(NCC2=CN(C3=CC=CC([N+]([O-])=O)=C3)N=N2)C4=C(O1)C=CC=C4,100.0,2.0,1,0,-10.2022234476412,4.681255503573768,-7.610138307562744,0.24640933712344545,0.03881930007580235,-1.2865903562812642,0.9683853972297701,-5.328855133592981,-3.8185745759385252,2.2457593251326458,-4.922057794310201,5.57216218986578,-4.544055634460527,1.4789966889297435,-3.192365673421827,0.15818954482430542,2.786749608140517,5.856877095010785,0.8929667393087009,-4.03645416987332,8.828732907617935,-2.9853600579707606,-13.635989759671274,4.3103120742890075,-6.646427141801504,10.148413585257439,-6.579251213617388,-1.359283064051957,-4.649427650234158,2.2358960105124757,-8.064507726576492,4.719319258876957
O=C(N1CCN(C2=CC=CC=C2)CC1)CN3N=NC(COC4=CC=C(C5=CC=CC=C5)C=C4)=C3,24.99,1.39776625612645,3,0,-9.074749382885937,10.882392368141431,6.338162948419117,4.354069080167777,-6.140010704054517,5.770213880491424,5.852626746140106,13.4549486095915,-0.36716103360734426,23.152277858817765,1.053701405703993,-0.9409268572039102,-11.839790899644564,-14.954217901205686,12.35211023808686,-10.292213014831086,4.090379581081069,-10.675011028420318,5.3830965659951415,-4.0481696391291635,-4.474397978669776,-15.229200821198093,-2.616749571825581,0.9321936240739758,1.7244922131473837,3.181229184695701,4.2112224340824715,1.5700890935068712,1.1420427736207512,-2.3914377563931395,1.4841398450535253,2.1651508176954164
O=C(N1CCN(C2=CC=CC=C2)CC1)CN3N=NC(COC4=C5C=CC=CC5=CC=C4)=C3,24.99,1.39776625612645,3,0,-9.923384756500532,11.893615726327651,5.676719902862442,3.3830505270124114,-3.988051845294862,4.797655611044972,6.148403105260509,12.72512905127937,0.5649730924175839,24.90621352103209,-1.478647694479005,1.4285869642163034,-12.176325841007605,-14.169622120151589,13.45392038208385,-10.351158888029286,2.3738716401197477,-11.52450922543077,5.471292637320059,-4.248580295257021,-5.181652032758394,-16.226849452581472,-2.3640449711391476,0.9453179581867047,2.508544670377666,2.8572271957543975,3.9994348653845178,1.862153438916337,-0.24969885163563935,0.7357687667729975,1.747212804001979,1.5327194637141999
CC1=CC=C(N2CCN(C(CN3N=NC(COC4=CC=C(C5=CC=CC=C5)C=C4)=C3)=O)CC2)C=C1,48.43,1.6851144690465394,3,0,-7.444744580348615,10.97640325275202,6.051432864241178,3.639983417009372,-4.741571292068513,5.120649248756614,5.604766886888202,13.567117839860632,-0.22229278230023286,22.603069718847077,0.8147229227354816,-1.3613101694301812,-11.560157889108506,-14.205092386420253,12.738799831979367,-10.146300654753016,3.2478362947603716,-10.123212840459786,5.149017370610522,-3.5540191613790486,-2.9573598811548747,-14.134981307389525,-2.628503691467378,-0.018422694089406007,2.9252263341858487,2.9559266369531687,4.368810087258096,0.8901107497797043,1.1959379060955622,-3.275127171123127,1.9346621039339265,2.3062631633546125
CC1=CC=C(C=C1)N2CCN(CC2)C(CN3N=NC(COC4=C5C=CC=CC5=CC=C4)=C3)=O,48.04,1.6816029987308685,3,0,-8.429259512194482,12.022231141033638,5.387704668255692,2.7203737633295284,-2.974244446107722,4.228977133005267,5.839549215318698,12.736485887641217,0.6495355805880957,24.377137432348984,-1.5306517081979607,1.0266711520881375,-11.904729263865297,-13.6550488200052,13.641098136491822,-10.168800562655914,1.6337276833043446,-11.034795974963975,5.2417804955868865,-3.9171788126792064,-3.8629534747775423,-15.130768047979801,-2.4396388063034435,0.12773360225564093,3.5221322451724784,2.678761055611876,4.1602066280763506,1.31279462271389,-0.019874001001814905,-0.19719107310639142,2.2118521726248273,1.7229459160063452
O=[N+](C1=CC=C(N2CCN(C(CN3N=NC(COC4=CC=C(C5=CC=CC=C5)C=C4)=C3)=O)CC2)C=C1)[O-],40.53,1.607776603741693,3,0,-8.228336310396145,9.085560926800133,4.156716056122082,4.269637179919021,-4.70072743316037,4.041323460036497,5.9299652345717515,12.34354270347792,-1.6942994716951358,24.877639875168438,0.06743677936285812,-0.11664095191310958,-13.62349109280939,-15.028132171394347,12.244989456417334,-8.448353182448313,5.651539492810529,-10.75068921915804,3.8494194978051417,-4.73868532763465,-2.844451461113967,-13.55782943469113,-6.987623755006273,-0.3422692341199998,2.31590798028704,2.1799272210599803,-0.3354268370973576,2.224673412400986,2.065110130313046,-1.0731662257467562,0.4336514509215139,2.0394215942347573
O=[N+](C1=CC=C(N2CCN(C(CN3N=NC(COC4=C5C=CC=CC5=CC=C4)=C3)=O)CC2)C=C1)[O-],43.36,1.6370892735303304,3,0,-9.016225783646112,10.154797694239772,3.539441779501044,3.290143016147627,-2.6412030485558313,3.0334427902546883,6.220743116779569,11.625392525525482,-0.7680205142775444,26.62852902522098,-2.3299820310700294,2.3693193454905295,-13.954929527181038,-14.24794879289601,13.432909505756658,-8.451956833850435,4.047225751027054,-11.500706048534724,3.8993241644640078,-4.929873570700901,-3.5348956675304497,-14.613184554260272,-6.803760387345739,-0.3462582753998181,3.0226659587261557,1.86975622987261,-0.3802415222879187,2.5361400505294456,0.6964596870603955,1.9899379761524116,0.7574329677588659,1.4649919578160178
O=C1C(/N=N/C2=CC=C(C=C2)OCC3=CN(N=N3)C4=CC=C(C=C4)OC)=C(C(C)=CO1)O,32.0,1.505149978319906,4,0,-21.32475492335913,12.80827564143643,-15.621924981696715,2.4422527119894153,-11.404229319487646,-0.2914343006705051,-11.08601348306445,1.5900073030426296,-0.13670736798963853,1.1405084937387262,8.825869354470631,4.861351626792494,3.352816177925442,-8.951060548899909,-12.705701567058515,-0.9894434779051193,3.476334840498467,4.102478560550787,-3.5365794412147102,4.521317021428031,18.199045550436114,-10.354299594204809,16.749326724402383,-1.9883839483956565,0.6386677081007249,-0.5760885641086403,-2.800228793879566,0.04795332673186954,3.0122248332877506,-0.04338197117614726,-1.5414587111742513,-1.112298350307344
O=C1C(/N=N/C2=CC=C(C=C2)OCC3=CN(N=N3)C4=CC=CC=C4)=C(C(C)=CO1)O,32.0,1.505149978319906,4,0,-21.496035197452308,13.093778013841968,-14.947988401177273,2.693813514929885,-11.249477260080427,0.17844194163733193,-10.748783007474108,0.8209011109835475,-0.13215110002375144,1.5644693832290926,9.196982607680983,5.4938254386699255,3.2727721583082774,-8.951007429486369,-12.279761830936184,-1.6153152587888928,3.764111432709525,3.854833999798501,-4.198269762407309,4.241143022509548,18.247153278135258,-10.61366552724658,17.038252386643553,-1.8058041320315097,0.13049258663819324,-0.8674635059803508,-3.5097302623863262,0.8372625725194536,3.298999475119177,0.6018612182242407,-1.0657149913582264,-0.8461785153155983
O=C1C(/N=N/C2=CC=C(C=C2)OCC3=CN(N=N3)C4=CC(OC)=CC=C4)=C(C(C)=CO1)O,32.0,1.505149978319906,4,0,-20.19057219028104,11.72213599546494,-15.320749980736446,1.4439118348357463,-10.89553765527399,-0.18886956111722428,-10.83445922223007,1.9552656748147663,-0.3866859511015627,1.1733452837085885,8.808920874532525,5.146045762578912,3.361461249833124,-8.572816956989294,-12.74439897957758,-1.2900157716509335,3.7799133905758797,4.505442425965253,-4.55550115897797,3.7836525979570417,18.495438051667914,-10.324161275112504,16.579553079519034,-2.756090513447539,0.5963764968344452,-0.9001421116617363,-3.0194946780454326,1.1699227093705495,3.424645855212388,0.804311448606781,-0.529609723449604,-0.8702464111540764
O=C1C(N=NC2=CC=C(OCC3=CN(C4=CC=C(F)C=C4)N=N3)C=C2)=C(O)C(C)=CO1,256.0,2.4082399653118496,1,0,-20.949347700240622,12.654910948596177,-15.427297625577637,1.0030652611714945,-10.729409921428088,0.9596249423518094,-12.411483317191319,0.7444736349988116,0.6856943427700313,0.7006303915043417,8.93621797012323,4.6811662756888754,3.70344434873781,-8.735562763096098,-11.360444988154768,-1.8110341102141632,3.8591561021447665,4.064754350334431,-4.413683007067302,4.165702307387677,17.67091531710772,-10.149995107980152,16.618014088233664,-1.4691441091267865,0.39182734050882795,-1.570103696167661,-3.388512082994933,1.3154572749433482,3.9052513879019184,0.6048380194870857,-1.1142908405873209,-1.2808417320575758
O=C1C(/N=N/C2=CC=C(OCC3=CN(C4=C5C=CC=CC5=CC=C4)N=N3)C=C2)=C(O)C(C)=CO1,128.0,2.1072099696478683,1,0,-20.048105437513485,11.627494150445933,-15.524163007020462,-0.6646373835984497,-9.171933101431613,-0.6805824606697888,-10.006882887341556,1.839145479056589,-1.2717200034209222,1.7650407038178304,8.035327321306175,6.9047347321128845,4.944647649343971,-9.483925990173274,-11.307849319033403,-0.6567231180897417,3.7878984211709783,4.367367648459304,-5.035641274099806,3.130429430400176,17.338086144849782,-10.889224392567419,17.066336716273618,-2.0875313681036873,0.18403788791488984,-1.7545338721298491,-1.0980639147823452,1.8429209082199098,0.9850957027248055,1.776424664299197,1.7572915420816118,-0.16030714235626273
O=C1C(/N=N/C2=CC=C(OCC3=CN(C4=CC=C(Br)C=C4)N=N3)C=C2)=C(O)C(C)=CO1,128.0,2.1072099696478683,4,0,-20.9611390825077,12.272434533143088,-15.035646892314512,1.3916512784721027,-10.953461671443685,1.1551259859430643,-11.934456320644848,1.0011727496205518,0.7090040980757083,1.810642059436424,8.97824056800047,5.617805759038936,3.642913771082274,-8.488344056382966,-12.927855922726483,-1.8293394612182796,3.892214246681651,4.088988819151103,-4.3682843665132065,3.94237139340762,17.7623727522511,-10.324964256240486,17.32014322826128,-2.1833825049238813,0.4989289325498491,-0.8676169281759467,-3.9941611611496253,0.3705739094830972,2.4088613535351975,0.9650377974754891,0.04561601659387879,0.2304405070059011
OC1=C(/N=N/C2=CC=C(OCC3=CN(C4=CC=C(OC)C=C4)N=N3)C=C2)C=C(OCO5)C5=C1,32.0,1.505149978319906,8,0,-21.740864702091738,15.762784836091306,-17.883168441937936,6.912559985676913,-20.327501748878746,1.2317888423269878,-10.86057683062556,0.8631962510672516,-2.941482173729558,-2.1682034072997047,7.0984591926114105,-1.4618067756127124,2.365373051190613,-9.381853684813958,-9.750436146308472,-1.3904363190648654,-2.185241199089692,-1.1497639046060593,2.2405099495772602,-2.5879390031596534,-12.606778750280274,10.464219475479497,-5.6269625254566495,1.6374711243333668,1.901649306093471,-1.1092563649015097,1.6891264958841603,-0.08898935781360626,-0.8027639917253643,-0.4555117051712189,0.49011429015700514,-0.08514422822994408
OC1=C(/N=N/C2=CC=C(OCC3=CN(C4=CC=CC=C4)N=N3)C=C2)C=C(OCO5)C5=C1,64.0,1.806179973983887,8,0,-21.79420108800091,16.05590680438117,-17.23326965819282,7.241310455484417,-20.20347691919257,1.6828337507888929,-10.416120789626905,0.005501369121562528,-3.0239640035291755,-1.897854632740921,7.401307636821711,-0.9313392836134744,2.5106977476523618,-9.18561556854021,-9.425356079496117,-1.8665942694451332,-1.9048404743405758,-1.457109850332026,1.6983198565802153,-2.8467899631998566,-13.174869227092394,10.50146414759629,-5.7066134482235205,1.9092343722835399,1.617655707362824,-1.5034654151885016,1.0820983869746392,0.698614552766154,-0.5992536138269665,0.41126850094397854,1.0445403525272148,0.35421065217557735
OC1=C(C=C2OCOC2=C1)/N=N/C3=CC=C(C=C3)OCC4=CN(N=N4)C5=CC=C(C=C5)OC,128.0,2.1072099696478683,8,0,-21.740864702091738,15.7627848360913,-17.883168441937933,6.912559985676915,-20.327501748878746,1.2317888423269912,-10.860576830625561,0.8631962510672561,-2.941482173729556,-2.1682034072997034,7.098459192611407,-1.461806775612712,2.3653730511906135,-9.381853684813954,-9.750436146308472,-1.390436319064867,-2.1852411990896896,-1.1497639046060624,2.2405099495772567,-2.587939003159653,-12.606778750280274,10.464219475479496,-5.626962525456648,1.6374711243333635,1.9016493060934685,-1.1092563649015097,1.6891264958841592,-0.08898935781360481,-0.8027639917253625,-0.45551170517122064,0.490114290157003,-0.08514422822994408
OC1=C(/N=N/C2=CC=C(OCC3=CN(C4=CC=C(F)C=C4)N=N3)C=C2)C=C(OCO5)C5=C1,256.0,2.4082399653118496,8,0,-21.220209680174776,15.559396011996872,-17.673082333335124,5.4910280327357475,-19.503321824824503,2.344186448242361,-12.065248119156688,0.24335749291042866,-2.2700482375060655,-2.6596977891407207,7.294615455787943,-1.7394095736201798,2.904201560484251,-8.719677227858927,-8.713979276855431,-1.9443775969986492,-1.7882291106821808,-1.3508930722899641,1.3730976573483493,-2.623043304987796,-13.023630051808034,10.687964259881863,-5.717985347000059,2.2517197172537387,1.7091160211958907,-2.054058453419919,1.1113987853796328,1.1459668737605428,0.12037335700777291,0.20590985093632183,0.9715355349718382,-0.290015993178119
OC1=C(/N=N/C2=CC=C(OCC3=CN(C4=C5C=CC=CC5=CC=C4)N=N3)C=C2)C=C(OCO6)C6=C1,256.0,2.4082399653118496,1,0,-20.613608051428095,14.155985421510515,-17.739627582456254,3.754583205180852,-17.631815366156733,0.9996932571594946,-9.861227884105901,1.184581465773792,-4.327568961824834,-1.5639181750350977,6.385929983951176,0.6447707105713012,4.1892729543923215,-9.706837980563868,-8.734893213272052,-0.7920825337309337,-1.7585661553609615,-0.7600291791374972,0.8008617699666212,-3.851552553476992,-12.814044686008694,9.44354318913643,-4.942944173370063,1.7077756916010651,1.658671592464203,-2.4221229797698838,3.330199460804858,1.7711242449889426,-2.6113204386386766,1.5994535513167394,4.296782678352922,1.0104479018112174
OC1=C(/N=N/C2=CC=C(OCC3=CN(C4=CC=C([N+]([O-])=O)C=C4)N=N3)C=C2)C=C(OCO5)C5=C1,256.0,2.4082399653118496,8,0,-20.51299242740957,13.555605180482752,-18.633803469495017,7.427600594895094,-18.18436783701662,-0.19184379272386212,-9.799338403263445,-1.3633427498002844,-3.9327300015244977,0.41209818922317726,6.161405438054926,0.22991710416874545,0.29194137908862533,-8.634188050877373,-9.584902051827944,-0.2185819841710709,-0.3826733712879909,-1.2164810237009782,0.3400599789101399,-3.7594659177915863,-11.576399573094564,11.631170953428938,-9.183324816905483,0.4306186962058103,1.8055378174197314,-2.7266431301824907,-2.7418211400773957,1.55647695324867,0.6684867290939657,1.4614910366709457,0.32567754736633436,0.11528924549173163
OC1=C(/N=N/C2=CC=C(OCC3=CN(C4=CC(Cl)=C(F)C=C4)N=N3)C=C2)C=C(OCO5)C5=C1,256.0,2.4082399653118496,8,0,-20.59923324461865,13.736637909553087,-17.861532600121922,2.8300993121922904,-18.390447971757194,0.8675741111493191,-12.503592433726164,0.9783632964248224,-0.5430050092640621,-3.0085634836675057,6.452135243308759,-2.460679401074742,3.549827437079384,-8.038507631094765,-7.972101009665419,-1.2821593508181035,-0.3018531226796609,-1.0203690340934475,0.8992020454888806,-2.519234820882022,-13.259667775722056,11.808961036441653,-6.717398583513591,2.0148979065638177,1.8155371265929974,-2.8234915604013406,2.0906982177757256,1.689750625191491,1.2103973198124893,-0.5137026229035022,1.073593242155587,0.28110112091224726
OC1=C(/N=N/C2=CC=C(OCC3=CN(C4=CC=C(Br)C=C4)N=N3)C=C2)C=C(OCO5)C5=C1,256.0,2.4082399653118496,8,0,-21.148868785036957,15.201684000031927,-17.324772761249903,5.949505028488167,-19.818878521387536,2.6227428555424,-11.443031857292194,0.33033290490143696,-2.196166098906044,-1.569602220007988,7.050277476343912,-0.7326143807475333,2.9460079252343876,-8.601397015417973,-10.304120037155828,-2.1576722021312538,-1.7710602212307052,-1.1031729932349972,1.2209782430583573,-3.0857851962286067,-13.221225968111355,10.570439279915885,-5.103035119628431,1.6236990534978906,2.1201477569741267,-1.6654491087709997,0.7649847693052212,0.15583875138706296,-1.522920427078158,0.6396048283229558,1.9961665090007006,1.5043729955090723
OC1=C(C=C2OCOC2=C1)/N=N/C3=CC=C(C=C3)OCC4=CN(N=N4)C5=CC(OC)=CC=C5,128.0,2.1072099696478683,8,0,-20.30949321960855,14.64230038938576,-17.730764729971558,5.617882652931702,-19.898203604263944,1.4308088212366301,-10.594127721216868,1.2076368043613463,-2.8749549504326457,-2.1804275985949357,7.196884211115198,-1.2482615945105684,2.3160178740348862,-8.875887399526842,-10.149543122819065,-1.4105229174727654,-1.8162071431538738,-0.6271788288614111,0.9492092338187664,-3.017328693357242,-12.015000880465696,10.394945710758723,-5.687019427648773,0.8858007927168494,2.0208364425994083,-1.4430122554087779,1.4066975839917173,1.0218473269374089,-0.4301422981553956,0.4796063056674584,1.4364097296811755,0.2972359916367703
COC1=CC(O)=C(C(OC)=C1)C(/C=C/C2=CC=C(C(OC)=C2)OCC3=CN(N=N3)C4=CC=C(C=C4Cl)F)=O,6.25,0.7958800173440752,3,1,-14.778396289836568,8.15107208427673,-15.618071475163202,-5.519939927617617,-9.843763539392564,-3.132760520100906,-14.29622061841334,6.208180071086326,4.470349864575124,-8.320622992657533,-3.7586395669076333,-16.27363417406526,3.7945996721139768,20.63179820975366,25.15570300740699,0.40683377922752084,9.724794641909272,-5.34515409203473,-0.09843502124291255,3.5527662785011045,-2.3563336342284464,-0.8288022902465103,5.002380081958133,-0.39615567341256414,3.499798180226396,0.6081703103126244,-5.661069820995836,0.5816262232109185,-0.4601782726698693,2.3728151758805898,0.5504720748942497,1.4161722856824532
COC1=CC(OC)=C(C(=O)/C=C/C2=CC=C(OCC3=CN(C4=CC=C(F)C=C4F)N=N3)C(OC)=C2)C(O)=C1,12.5,1.0969100130080565,3,1,-14.576294232460253,7.745327496063865,-15.149312910581106,-5.092393302070035,-9.803152741896577,-2.819628039161341,-13.636832625971248,5.477646474069314,3.9574612954528527,-7.64750625259659,-2.9703435059156797,-14.620111370622778,3.087540769799442,18.593861937346325,23.538417587649487,-0.3296309638015377,8.309672177586007,-4.937252781104617,1.392786801754781,4.663469595729739,-2.769747130728004,-0.782032937650752,5.599310707258256,-0.2679832424361159,6.9372890570621095,1.8647991963837498,-7.604521075298545,-0.9905860335342312,-4.716358782723246,4.016497459286944,1.0196325804008717,0.485253804190397
COC1=CC(O)=C(C(OC)=C1)C(/C=C/C2=CC=C(C(OC)=C2)OCC3=CN(N=N3)C4=CC=CC=C4Cl)=O,12.5,1.0969100130080565,3,1,-15.648218969270514,8.519451647863582,-15.34575245077664,-3.826837420960763,-10.247083714890636,-3.7367537408063,-12.584774989933397,6.155562443632012,4.4122422637638605,-7.48918130761058,-3.379133972955333,-15.487661169172,3.4875640309405362,20.364218261695097,24.180434042809857,0.3848157421487168,8.999542250260353,-5.509905792937447,-0.07260367321211099,3.8046533573386654,-2.4551228816260626,-1.1115295730136006,5.2976800698954865,-0.5841893660584684,3.645036070243518,1.2258462724877803,-5.686613983390542,-0.5404337250942661,-1.3367560081531447,2.0814471886891135,0.550505096029455,1.6987985545800472
COC1=CC(O)=C(C(OC)=C1)C(/C=C/C2=CC=C(C(OCC3=CN(N=N3)C4=CC=C(C=C4Cl)F)=C2)OC)=O,100.0,2.0,3,0,-14.685506070558036,8.20450551275226,-15.524160299429617,-5.4482535430291215,-9.578667457856833,-3.0929788068340285,-13.946687610097351,5.991254300397777,4.188197137593311,-8.237292234152042,-3.694130048032488,-16.35709224057559,3.920027775979386,20.33020263386073,24.573736208720966,0.2757091706404924,9.539495476447856,-5.1780916319659145,0.43963608715621477,3.6227762994026893,-2.231706922143704,-0.6889426477685436,5.058953465100452,-0.43755309500620665,4.0735766162130655,0.5283635555217522,-6.22413220021431,0.17700863597696928,-1.1715054145968042,2.713856340134019,0.4400154289849431,1.4540878949943417
COC1=CC(OC)=C(C(=O)/C=C/C2=CC=C(OC)C(OCC3=CN(C4=CC=C(F)C=C4F)N=N3)=C2)C(O)=C1,100.0,2.0,3,0,-14.483404013181719,7.798760924539383,-15.05540173484752,-5.0207069174815375,-9.538056660360843,-2.77984632589447,-13.287299617655268,5.260720703380765,3.675308568471038,-7.5641754940910975,-2.9058339870405283,-14.703569437133106,3.212968873664863,18.292266361453418,22.956450788963465,-0.460755572388558,8.124373012124595,-4.770190321035804,1.9308579101539,4.733479616631331,-2.6451204186432675,-0.6421732951727821,5.655884090400564,-0.30938066402975595,7.511067493048776,1.7849924415928808,-8.167583454517018,-1.3952036207681815,-5.427685924650189,4.357538623540378,0.9091759344915635,0.5231694135022861
COC1=CC(OC)=C(C(O)=C1)C(/C=C/C2=CC=C(C(OCC3=CN(N=N3)C4=CC=CC=C4Cl)=C2)OC)=O,25.0,1.3979400086720375,3,0,-15.5553176129997,8.572895366188655,-15.251862051124386,-3.755162919500748,-9.981985351356427,-3.696988578776145,-12.235239950154446,5.938647829174379,4.130080104258057,-7.405838387021896,-3.31461171461238,-15.571116359720932,3.612993422305561,20.062608862322186,23.598470548523373,0.25368863059124674,8.814244020424516,-5.342861607248814,0.46544182557338054,3.8746428326410687,-2.33049802790466,-0.9716663105709794,5.35424421646347,-0.6256018516532754,4.218830927982367,1.146036076084946,-6.2496629821460665,-0.9450483410715104,-2.0480874763375163,2.4224873719101323,0.4400351109369914,1.7367030695149825
COC1=CC(OC)=C2C(=O)C=C(C3=CC=C(OCC4=CN(C5=CC=C(F)C=C5Cl)N=N4)C(OC)=C3)OC2=C1,50.0,1.6989700043360187,2,0,-12.42775401690259,8.177899469325904,-11.241647675424463,-12.114018530253718,-3.1408199945180986,0.6815820401811259,-11.38411585186386,2.024859075182244,3.875605178059055,0.20654917964228608,-1.456514648135044,-2.4943951514889786,2.5958495711942313,15.955677858304965,13.682963279851926,5.855058613836864,7.810769462295594,4.044004708182341,-4.496681127300625,-1.9463709368845807,5.02209556194068,0.5444349865401987,-7.894230087476617,6.598025297209978,-24.333961717213466,-4.109708794213163,23.64981669355473,9.890263580984884,20.98820688216022,-9.704336729755152,-4.9819827095471325,-2.4644805110649495
COC1=CC(OC)=C2C(C=C(OC2=C1)C3=CC=C(C(OC)=C3)OCC4=CN(N=N4)C5=CC=CC=C5Cl)=O,50.0,1.6989700043360187,2,0,-13.199897894017807,8.547343508677603,-10.967651000354463,-10.875445645056983,-3.45757875563523,0.10890068117220757,-9.823948789669053,1.6876831611264373,3.5498250284329047,0.9573019332797603,-1.058798565768324,-1.498234160412097,2.5128785671159517,15.556050010819392,12.701159882861688,5.994899565355123,7.282619938936727,4.0359044147441,-4.687877513272692,-1.7292330491885723,4.901488036972146,0.12126246887772671,-7.694663371145191,6.921400651037103,-24.618255083010467,-3.6200589570282315,23.88865442007182,9.07828597228871,20.501926548656275,-10.141695272666455,-5.038992042546699,-2.2632976097795705
