smiles,toxicity,aureus_MIC,ecoli_MIC
Cc1ccnc(NC(=O)c2cnn3c2NC(c2ccccc2)C3(C)C)c1,中毒,16.5899,0.5549
CC1=CC(=O)C2(C)CCC3C(C)(O)CCCC3(C)C2C1,高毒,39.6827,2.3676
CC(NC(=O)c1c(F)cccc1F)C(=O)NCC1CCCCC1,中毒,44.8449,0.1341
CC(C)CC1NC(=O)C2CCCN2C(=O)C(CC(C)C)NC(=O)C(Cc2ccccc2)NC(=O)C(CCCN=C(N)N)NC1=O,微毒,126.6097,0.1941
CCCCc1nc2ccc(NC(=O)c3ccc(Br)cc3)cc2n1Cc1ccc2c(c1-c1ccccc1-c1nn[nH]n1)c(=O)n2Cc1ccc(C(=O)O)cc1,低毒,17.4481,0.9527
CC(C)(C)OC(=O)N1CC2=C(C1)C(c1ccc(Cl)cc1)NC(=O)N2,中毒,26.2839,0.3596
N#Cc1ccc(-c2ccc(C3C4COC(C4)C34C(=O)NO)cc2)cc1,高毒,593.0783,2.4125
CCOC(=O)C1=C(C)NC(=S)NC1c1c(-c2ccc(OC)c(OC)c2)nn(-c2ccccc2)c1Nc1ccccc1,中毒,42.1987,3.125
O=C(Cc1cnccn1)N1CCCC(c2nncn2C2CC2)C1,微毒,24.615,0.2259
Cn1cnc(S(=O)(=O)N2CCC(C(=O)NC3CCN(Cc4ccccc4)CC3)CC2)c1,低毒,124.0003,0.6419
Cc1n[nH]c(=O)c2[nH]c(-c3cnn(CC(F)F)c3)nc12,微毒,94.4255,2.7928
CCOC(=O)C1CCN(C(=O)C=Cc2csc3ncnc(Nc4cc(OCc5ccc(F)c(F)c5)c(OC)c(Cl)c4)c23)CC1,中毒,41.6299,0.1631
COc1ccc(C(CNC(C)=O)N2CCCC(c3nncn3C3CC3)C2)cc1,微毒,19.9647,0.7797
Nc1ncc(-c2nnn(Cc3cc(F)c(F)cc3F)n2)cn1,微毒,61.3927,0.9857
Cc1cc(CN2CCN(c3ncnc4scc(-c5ccc6[nH]ncc6c5)c34)CC2)no1,高毒,133.3229,0.6297
COc1ccc(Nc2nnc(SCC(=O)Nc3ccccc3F)s2)cc1,中毒,18.3159,0.4292
CCC(C)OC(=O)C(C#N)=Cc1ccccc1[N+](=O)[O-],高毒,32.413,1.2552
COc1ccc(S(=O)(=O)N(CC(=O)NO)CC(C)C)cc1OC,高毒,53.6912,0.4307
CCOC1=C([N+](=O)[O-])C(c2ccc3nc(NC4CC4)n(Cc4ccccc4Cl)c(=O)c3c2)=CC(C)(C)N1,中毒,22.9275,3.1296
CC(C)Oc1cccc(-c2ncc3ncn(Cc4c(F)cccc4F)c(=O)c3n2)c1,中毒,55.763,2.2087
O=C(CN1CCN(Cc2cccc(F)c2)CC1)N1CCCC1,高毒,249.2709,0.1457
CCOC(=O)c1c(F)c(F)c(N2CC3CCC(C2)N3S(=O)(=O)c2ccc3c(c2)CCC3)c(F)c1F,中毒,12.8242,0.8493
CCCCCCCCn1cc(COC2CCNCC2)nn1,微毒,44.9455,0.4608
Cc1nn(C)c(C)c1CN1CCC(c2nncn2C2CC2)CC1,微毒,23.2425,0.6796
Cc1nn(C)c(C)c1CC(=O)Nc1nnc(CCCCc2nnc(NC(=O)C(C)c3ccncc3)s2)s1,高毒,15.2347,13.8043
CN1C(=O)C(Cc2ccccc2)N(C)C(=O)c2cccc(c2)OCc2cccc(c2)CC(C(=O)N(C)C)NC1=O,中毒,72.7696,0.325
CCCCC1C(=O)OC2C1C(=O)OC2C=CCCCCC,低毒,35.2688,0.2538
COc1ccc(C(=O)N2CCC3(CC2)CC(c2nncn2C2CC2)CCO3)cc1,低毒,15.9855,0.2221
Cc1noc(C)c1CN1CCC(Cc2noc(-c3cccs3)n2)CC1,低毒,18.7886,0.7339
Cc1nc2c(N3CCNCC3)nccn2c1N(C)C(=O)C1CC1,中毒,28.2968,0.2742
O=C(NNc1nonc1C(=NO)Nc1ccc(F)c(F)c1)N1CCC(c2nncn2C2CC2)CC1,中毒,9.1305,0.4248
CC(=O)C1CCC2C3CCC4=CC(=O)CCC4(C)C3CCC12C,高毒,64.5322,1.3428
CCCCNC(=O)COc1ccc(C=CC(=O)NCc2ccccc2)cc1OCC,高毒,34.8514,2.3768
CCN(C(=O)c1c(NC(=O)C2CC2)sc2c1CCCC2)c1c(N)n(Cc2ccccc2)c(=O)[nH]c1=O,中毒,28.5805,1.4731
CCCCCCCCCCCCCCCCCCCCCCNC(=O)C1CCCN1C(=O)C(CCC(=O)O)NC(=O)C(CC(C)C)NC(=O)C(N)Cc1ccc(O)cc1,微毒,83.3492,0.4398
COc1cc(C=CC(=O)NCC2CCC(c3nnn4cnc5[nH]ccc5c34)CC2)cc(OC)c1OC,中毒,11.5916,0.431
Cc1cc(C)n(-c2ncnc3sc(C(=O)NCCCN4CCC(C(N)=O)CC4)c(C)c23)n1,中毒,10.5029,0.2393
CC(C)COC(=O)NC1CCCCC1N1CCCCC1,高毒,134.5632,1.5775
COc1ccc(N2CCN(C(=O)c3cnn(-c4nn5cccc5c(=O)n4CC4CC4)c3C)CC2)cc1,中毒,15.3982,0.1351
Cc1nn(C)c(C)c1C(=O)N1CCCC2(COCCN(CC3CC3)C2)C1,低毒,29.8579,0.4458
COc1ccc(C(=O)NCCc2nncn2C2CC2)cc1F,高毒,79.3567,0.1935
CC(C)=CCCC(C)=CCCC(C)=CCc1c(O)c(CC=C(C)C)c(O)c(C(C(=O)O)c2ccc(Br)cc2)c1O,微毒,28.2985,0.3743
COc1cc(OC)c2c(O)c3c(c(OCC=C(C)C)c(=O)c2c1C(=O)c1cccc(O)c1C5=O)CCC(C)(C)O3,高毒,593.0783,2.4125
Cc1[nH]nc(C)c1C(=O)N1CCCC(c2nncn2C2CC2)C1,微毒,28.5513,0.2099
COc1ccc(-n2nnnc2SCC(=O)N2CCOCC2)cc1OC,高毒,17.8652,0.2367
O=C1NCCN1CCN1CCN(c2cccc(Cl)c2)CC1,高毒,64.0215,0.4311
Cn1c(SCC(=O)NC2CCCC2)nnc1-c1cc2ccccc2nc1Cl,中毒,15.7277,5.1609
COc1ccc(C=CC(=O)c2cc(OC)c(OC)c(OC)c2)cc1O,高毒,54.7756,1.7091
CC1=CC2CCCC(C)=C2C2C1C2=O,高毒,42.8544,1.774
O=C(OCCCCC(c1ccc(Cl)cc1)N1CCCCC1)c1ccc2c(c1Cl)OCO2,高毒,93.393,2.7405
COc1ccc(-c2nnc(SCC(=O)Nc3nc4ccccc4s3)n2-c2ccccc2F)cc1OC,中毒,107.9147,0.1688
CC(C)(C)OC(=O)NC1CCCCN(Cc2nc(-c3cccc(Cl)c3)no2)C1,高毒,96.232,0.388
O=C1C(=Cc2ccco2)SC(=S)N1Cc1ccccc1,低毒,84.9077,5.6931
COc1cc2ncnc(NCc3ccc(F)c(Cl)c3Cl)c2cc1OCCCN1CCC(C)CC1,低毒,41.0848,1.1803
COc1ccc(CCN2CCN(CC=Cc3ccccc3)CC2)cc1,高毒,91.6228,2.7545
CCOc1cccc(-n2nc(CN3CC(C)OC(C)C3)cc2-c2nnnn2C2CC2)c1,中毒,17.5176,2.6307
CCOC(=O)C1=C(C)NC(C)=C(C(=O)OCC)C1c1ccc2c(c1)OCO2,低毒,52.7549,2.2695
CCNC(=O)C(Cc1c[nH]cn1)NC(=O)C(CO)NC(=O)C(CC(C)C)NC(=O)C(COCc1ccccc1)NC(=O)OC(C)(C)C,中毒,38.0758,0.6209
COc1ccc(C2C(C#N)=C(N)Oc3c2ccc2ccccc32)cc1,中毒,10.2327,7.76
Cc1nn(C)c(Cl)c1CN1CCCC(c2nncn2C2CC2)C1,微毒,9.0006,0.1922
O=C(NN=Cc1ccc(C(F)(F)F)nc1)c1cccnc1,高毒,30.3233,4.6269
CC(C)(C)c1ccc(C2OC(CO)C(O)C(O)C2O)cc1,中毒,27.5794,2.6981
N=C(NO)NN=Cc1ccc(-c2ccc(OC(F)(F)F)cc2)o1,高毒,51.7624,0.2838
COc1cc2ncnc(Sc3ccc(NC(=O)C4(C(=O)N5CCCC5)CC4)cc3F)c2cc1OC,高毒,20.3073,0.2159
Cc1nn(C)c(Cl)c1CCCCCN1CCCC(c2nncn2C2CC2)C1,微毒,10.1511,0.8599
Cc1cc(N2CCCC2)nc2nc(-c3ccc(I)cc3)cn12,中毒,32.7437,0.9907
COc1ccccc1C(=O)OC1CC(C)=CC23CCC(C)C2(OC(=O)c2ccccc2)C(C2(C)CCC(C(C)CCC(=O)O)C2(C)CCC3(O)C1OC(C)=O)C,中毒,8.3535,6.7416
O=C(Nc1ccc(Cl)cc1)Nc1cccc(-c2nnn[nH]2)c1,高毒,102.3973,5.3824
COC(=O)c1cc(OC)cc(-c2cn(C3CC(O)C(CO)O3)c(=O)[nH]c2=O)c1,低毒,30.9482,1.8016
CCN(CC)CCCNC(=O)c1ccc(Cn2c(=O)n(-c3ccccc3)c(=O)c3c4c(sc32)CCCC4)cc1,中毒,28.5672,0.224
COc1cc(C=C2SC(=S)N(Cc3ccc4c(c3)OCO4)C2=O)cc(OC)c1OC,高毒,68.9207,7.3488
CCOc1ccc(NC(=O)Cn2nnc(C(=O)NC3CCCCC3)c2N)cc1,中毒,50.3749,0.367
COc1ncc(-c2nn(C3CCN(C(=O)c4ccc(OC(F)F)cc4)CC3)c3c2CS(=O)(=O)NC3=O)cc1F,中毒,82.8816,0.2021
CCOc1ccc(NC(=O)CN(C)C(=O)CCNS(=O)(=O)c2ccc(Br)cc2)cc1,高毒,34.4148,0.2587
COC(=O)c1ccc(NC(=O)Cn2nnc(-c3c(C)noc3C)n2)cc1,中毒,39.6828,1.179
CCn1c(SCC(=O)OCC(=O)c2cc(OC)c(OC)c(OC)c2)nnc1-c1cnn(C)c1,中毒,19.5224,1.8163
O=C(Nc1ccccc1C(=O)O)c1cn(Cc2ccccc2)c2ccccc2c1=O,高毒,13.448,0.2678
COc1cccc(-n2c(CN3CCC(C)CC3)nc3ccccc3c2=O)c1,低毒,14.69,0.6734
COc1ccc(C(=O)Nc2sc3c(c2C(N)=O)CCC3)cc1,低毒,60.6198,1.6621
O=C(O)c1cccc2c1C1(CCN(Cc3cccnc3)CC1)CN(CCc1ccccc1OCC(F)(F)F)C2,中毒,14.6299,3.2394
CCc1noc(N2CCC3(CC2)CCN(C(=O)c2ccc(C)nc2)C3)n1,高毒,29.045,0.1597
COc1ccc(CON=C2CCCC(=Cc3nccs3)C2=O)cc1,低毒,28.7548,0.6728
O=C(NN=Cc1cccc([N+](=O)[O-])c1)c1cncc2ccccc12,低毒,17.811,11.113
O=C(Nc1cccnc1Cl)c1ccc2nncn2n1,高毒,31.7854,1.5405
CC(=O)c1cc2ccccc2nc1C(C#N)=Cc1cccc([N+](=O)[O-])c1,低毒,13.0975,5.7208
CCn1c(C(O)(c2ccccc2)c2ccccc2)nc2cc(C(=O)N3CCC(c4nnc(C5CC5)o4)CC3)ccc21,中毒,21.8792,1.2474
Cc1nc(C(=O)N2CCCC(c3nncn3C3CC3)C2)cs1,中毒,34.9979,0.6205
COc1ccc(OC)c(C=Nc2nc3ccc(Cl)cc3nc2N2CCCCC2)c1,中毒,306.0972,4.4359
CNC(=O)C(CCCNC(=N)N)NC(=O)C(CCCNC(=N)N)NC(=O)C(Cc1ccc(O)cc1)NC(=O)C(CC(C)C)NC(=O)OCc1ccccc1,低毒,67.261,0.1314
CN(C)CC1CCCC23CCN(C)C(C2)C13,高毒,25.9124,0.7396
CC(=O)OC1CC2C3CC(O)C4CC(O)CCC4(C)C3CCC2(C)C1CC(=O)O,高毒,28.6217,4.2159
COc1cccc(CC2CN(C3CCOCC3)CC(=O)N2c2ccc(F)cc2F)c1,中毒,9.9968,1.6307
CC(=O)N1CCCC(c2nncn2C2CC2)C1,微毒,24.615,0.2138
CCOC(=O)c1c(-c2ccc(F)cc2)nsc1NC(=O)CN1CCCCCC1,中毒,13.6574,1.3199
COc1ccc2c(c1)n1nc(C(=O)N3CCOCC3)c(=O)n(C)c1c2=O,高毒,593.0783,2.4125
O=c1nc(SCc2ccc(Cl)cc2Cl)nc2sccn12,微毒,52.3841,1.2711
CNCc1ccc2c(c1)C1(CCN(CC=Cc3ccccc3)CC1)CC2,高毒,7.0988,0.7513
CCOC(=O)C1=C(C)N(C)C(C)=C(C(=O)OCC)C1c1c(-c2ccccc2)nc2sccn12,中毒,59.3353,0.6992
O=C(O)c1ccc(CN2C3CCC2CC(Oc2cccnc2)C3)cc1,微毒,28.8146,1.0128
COc1cc2ncnc(Nc3ccc(F)cc3F)c2cc1OCCCN1CCCCC1,低毒,12.2996,0.1609
CN(C)C(=O)c1coc(CN2CCCC(c3nncn3C3CC3)C2)n1,微毒,40.1492,0.638
Cc1nnc(C2CC23CCN(S(=O)(=O)c2cc(F)ccc2F)CC3)o1,高毒,15.7742,0.3775
CC(C)N(CCCCNc1nc2ccccc2n2c(=O)n(C)c(=O)nc12)Cc1ccc(F)cc1,中毒,36.5631,1.3646
O=C(CN1CCN(c2ccccc2F)CC1)N1CCN(c2nccs2)CC1,高毒,21.7373,0.1899
COCCNC1CCCc2c1[nH]c1ccccc21,中毒,14.8247,0.5682
CN(C)CCn1c(=O)n(C2CCCN(Cc3ccc(F)cc3)C2)c(=O)c2nc(C3CC3)sc21,中毒,18.3144,0.2259
CC(C)c1cc(NC(=O)CC2CCCCN2C(=O)c2cccnc2)no1,高毒,39.0377,0.6754
COc1ccc(CNC(=O)C2CCCN(S(=O)(=O)c3ccc4nc(C)ccc4c3)C2)cc1,高毒,17.226,0.6591
CC(C)(CC(=O)Nc1ccc(CN2CCCC2)cc1)NCC1CCCO1,高毒,33.6656,2.4355
Cc1ccc(NC(=O)CN2CCCC2=O)cc1,高毒,79.0566,0.4535
CC(=O)N1CCN(Cc2nc3ccccc3n2Cc2cc(C)no2)CC1,中毒,56.2447,1.1905
C#CCNC(=O)Oc1ccc(C(=O)c2cccc(Cl)c2)cc1,高毒,46.3671,3.7091
N#Cc1cn(CC(O)CN2CCC(Cc3ccccc3)CC2)c2nc(N)nc(O)c12,中毒,14.1462,1.9328
CC1CCC(Cn2cnc3c(NC4CC4)ncnc32)CC1,高毒,101.0564,0.5746
CCC(CC)CNc1[nH]cnc2nnnc1-2,高毒,148.293,2.2349
COCCN1CCCC(c2nncn2C2CC2)C1,微毒,13.5994,0.2094
COc1cccc(CNC(=O)Cn2nnc3ccc(Sc4ccc(F)cc4C)nn3c2=O)c1,高毒,593.0783,2.4125
COc1cc(C2c3cc4c(cc3C(Nc3ccccc3)C3COC(=O)C23)OCO4)cc(OC)c1O,中毒,119.0838,0.9399
COc1ccc(-c2nnc(CN3CCCC(c4nncn4C)C3)o2)cc1,高毒,12.8239,0.3487
Cc1nc(-c2ccc(-c3c(C)noc3C)cc2F)cc(C2=CCC(N)CC2)n1,中毒,26.2635,2.2546
CCOC(=O)C1=C(C)NC2=C(C(=O)CCC2)C1c1nc2cc(S(N)(=O)=O)ccc2n1CC,中毒,28.0727,0.1978
COc1ccc2nnc(C(=O)Nc3cccc(NC(=O)c4ccc5cnccc5c4)c3)n2c1,中毒,18.8925,0.8203
CCC1(c2ccccc2)CCN(Cc2ncnn2C2CC2)CC1,高毒,29.0927,0.6935
CCC1OC(=O)C(C)C(OC2OC(C)CC(N(C)C)C2O)C(C)(O)CC(C)C(=O)C(C)C2N(CCN3CCN(c4ccc(Cl)cc4Cl)CC3)C(=O)CC12C,中毒,13.3029,0.4512
CC(C(=O)O)n1nc(-c2ccc(Cl)cc2)c2c(N)ncnc21,低毒,23.85,0.1706
CCCC1CN(Cc2ccc3c(c2)OCO3)CCC1c1nncn1C,微毒,23.8966,1.5213
Cc1noc(C)c1CN1CCCC(c2nncn2C2CC2)C1,微毒,15.4294,0.2046
CCN=C1NC(c2ccccc2)C12CCN(Cc1ccccn1)CC2,高毒,11.8288,0.3515
O=C(Oc1ccc(Cl)cc1Cl)c1c[nH]nc1C(F)(F)F,高毒,74.4968,5.0676
Nc1nc(O)c2c(n1)N(c1ccc(OCCN3CCOCC3)cc1)C(=O)C2,中毒,22.8036,0.3684
COc1ccc(NC(=O)C(=O)NCCN(C)C)cc1NC(=O)C1CCCN1S(=O)(=O)c1ccc(C)cc1,中毒,21.605,0.5748
N#CCCCN(CCCC(=O)O)CC(=O)Nc1ccc(Cl)c(Cl)c1,高毒,47.5291,0.625
CC1CCCCC1Nc1nc2ccccc2n2cnnc12,中毒,54.0771,0.6828
COc1ccc2c(c1)c1cnc3ccc(C(=O)NCCNCCO)cc3n2c1N1CCCC(C)C1,中毒,17.3459,0.1918
COc1ccc(NC(=O)NN=C2CCCCCCC2)cc1,高毒,194.8964,2.3389
CC(C)c1nn2c(C(F)F)nnc2c2nc(C3CC3)nn12,中毒,25.0271,5.5533
CCN(CC)CCNC(=O)c1ccc(NC(=O)C23CC4CC(CC(C4)C2)C3)cc1,高毒,36.2362,0.5609
CC1(c2nc(-c3cnc(N)nc3F)c(-c3cncnc3)cn2)CCN(C2CCC2)CC1,中毒,19.2973,0.3678
CCC(=O)N(C)Cc1cc(OCCOc2ccc(OC)cc2)cc(-c2nc3cc(C)ccc3[nH]2)c1,中毒,88.0524,5.1604
CCN(CC)c1nc(C)nc2c1ncn2C1OC(COP(=O)(O)OP(=O)(O)OP(=O)(O)O)C(O)C1O,中毒,10.0126,0.3289
O=C1CCC(c2ccc(Br)cc2)N1S(=O)(=O)c1ccccc1,高毒,21.2085,1.4922
CCN1CCC(NC(=O)c2cn3c(n2)CCCC3)CC1,中毒,27.9249,2.2194
N#Cc1ccc(COc2cc(C34CC5CC(CC(C5)C3)C4)c3ccccc3n2)cc1,中毒,6.8572,2.3735
COc1ccc(CCN2CCCC3OCCC3(C(=O)O)C2)cc1,微毒,12.4623,0.4499
O=C(CCCCCCC(=O)N1CCN(Cc2ccccc2)CC1)NO,高毒,195.3999,0.3791
O=C(O)CNC(=O)c1c(F)cccc1C1CCCCC1,中毒,12.3482,1.1164
CCOC(=O)c1cc2c(=O)n3ccccc3nc2n(CCC)c1=N,高毒,22.8303,0.0941
CC(C)NC(=O)c1nn(-c2ccc(F)cc2)c(=O)c2c1c1ccccc1n2C,中毒,29.0814,1.2344
CC1CCC2(OC1)OC1CC3C4CC=C5CC(OC(=O)CNC(=O)CCN6CCN(C)CC6)CCC5(C)C4CCC3(C)C1C2C,低毒,13.2261,3.8629
O=C1N(Cc2cnnn2Cc2cn(-c3ccc(O)cc3)nn2)CCCC12CC2,高毒,24.8771,0.31
O=C(Nc1nncs1)c1cccc(Nc2ncnc3ccsc23)c1,低毒,27.7033,0.4263
O=C(NCc1ccc(F)cn1)c1cc(NC(=O)c2cc(-c3ncccc3F)c(Cl)cc2Cl)n(-c2ccccc2)n1,中毒,8.3507,0.304
COc1ccc(CN(CC(=O)NCc2ccco2)C(=O)CCC(=O)Nc2cc(F)cc(F)c2)cc1,中毒,81.055,0.1951
Cc1nc2c(c(C(F)(F)F)n1)C(c1ccc(Cl)cc1)N(Cc1ccc(C)c(C)c1)C(=O)Cn1nnnc1O2,中毒,64.3875,0.2587
CN(C)CCN(Cc1ccc(Br)cc1)C(=O)c1nc2ccccc2n(CC(=O)N2CCCCC2)c1=O,中毒,13.5472,0.4375
CN1CCC(c2nncn2C2CC2c2nc3ccccc3[nH]2)CC1,微毒,34.7437,0.6653
CCCCCOC(=O)C(c1cccc(OC)c1OC)C1CCCN1C(=O)C(Cc1ccccc1)NC(=O)OC1COC2OCCC12,中毒,85.1606,0.3217
CC(O)CN1CCC(CNS(=O)(=O)c2ccc(-c3ccsc3)cc2)CC1,高毒,9.0899,0.2408
Cc1csc(CN2CCCC(c3nncn3C3CC3)C2)n1,微毒,13.5158,0.3951
C=C(C)C1CCC2(C(=O)OCC(=O)NCCCCCCCC(=O)O)CCC3(C)C(CCC4C5(C)CCC(OC6OC(CO)C(O)C(O)C6O)C(C)(C)C5CCC43C),高毒,593.0783,2.4125
CCc1nn2cc(-c3nccs3)nc2c2c1ncn2CCN1CCCCC1,中毒,23.27,1.8886
CC(NC(=O)NC(c1cccnc1)c1ccccc1)c1ccccc1,高毒,59.3115,1.2999
CN(C)S(=O)(=O)c1ccc(-n2nc(C(=O)O)c3c2-c2ccccc2S(=O)(=O)C3)cc1,中毒,42.2961,0.224
O=C(C=Cc1ccccc1)c1cn(-c2ccc(F)cc2)nc1=O,高毒,593.0783,2.4125
CC(=O)OC1CCC2(C)C(CC12)C(=O)CC1C2CCC2(C)C(c3ccoc3)CCC12,高毒,593.0783,2.4125
COc1ccc(-n2nnnc2SCC(=O)NCC2CCCO2)cc1,高毒,31.4882,0.2908
Cc1c(S(=O)(=O)NCCN2CCCC2)sc2ncnc(Nc3ccc(F)cc3OC(C)C)c12,中毒,14.4131,0.1285
O=C(O)Cc1ccc(O)c(CN2CCC(N3CCN(c4ccc(Cl)cc4)CC3)CC2)c1,微毒,21.0621,2.0885
Cc1c(C)n(C)c2ncnc(N3CCC(Oc4cccnc4OC4CCN(C5CC5)CC4)C3)c12,中毒,13.7131,4.5453
Cc1cc2c(=O)n(Cc3ccc(Cl)cc3)nc(C(F)(F)F)nc2cc1Cl,高毒,593.0783,2.4125
COc1ccc(CNC(=O)CN2C(=O)NC3(CCCC3)C2=O)cc1OC,中毒,157.7899,0.5243
COc1nc(NCc2ccc(F)cc2)nc(N2CC3CC(C2)c2ccc(=O)n(CC(F)(F)F)c2-3)n1,中毒,17.8139,1.011
COc1cc2ncnc(Nc3ccc(F)c(F)c3)c2cc1OCCCN1CCCCCC1=O,中毒,12.2996,0.1211
Cc1ccc(COc2nc3c(cnn3-c3ccccc3)c(=O)n2-c2ccc(Cl)cc2)cc1,低毒,15.4457,1.4569
Cc1ccc(N2Cc3nc(NC(C)C)nc(N4CCN(c5cccc(F)c5)CC4)c3C2=O)cc1,中毒,5.4235,1.1165
CN1CCN(c2nnc(-c3ccc4c(c3)OCO4)c3c2CCCC3)CC1,中毒,39.2475,1.2366
CCCCCCCCCCCCCCCCCCOc1ccc2c(c1)C1=C(OC1=O)C(=O)c1c(O)ccc(O)c1C2=O,高毒,30.819,0.7185
CC1(C)CC(=O)C(C(N)=O)=C(O)C1,微毒,49.4945,3.7213
Cc1noc(C)c1CN1CCCC(c2nncn2C2CC2)C1,微毒,15.4294,0.2046
COc1ccc(N2CCN(CCCCOc3ccc4c(c3)CCC4)CC2)cc1,高毒,6.0924,2.4205
N#CC(=Cc1cc(O)c(O)c(Br)c1)C(=O)O,高毒,22.3903,1.0139
C=C(C)C1CCC2(C(=O)O)CCC3(C)C(CCC4C5(C)CCC(OC6OC(CO)C(O)C(O)C6O)C(C)(C)C5CCC43C)C12,高毒,24.6568,1.4075
CN1CCN(c2nnc3n(Cc4ccccc4F)c(=O)c4sccc4n23)CC1,中毒,34.0479,0.2787
CCc1nnc(N2CCN(C(=O)c3ccco3)CC2)s1,高毒,77.0348,1.1712
CCCC1CC(=O)N(c2nc(C)cs2)C1,高毒,105.0172,0.8987
CC(C)C(NS(=O)(=O)c1ccc(Cl)c(Cl)c1)C(=O)N1CCCC1C(=O)NC1CCCCC1,低毒,25.5052,0.6265
CN(C)Cc1ccc(-c2cnc3cnc(-c4cccnc4)cn23)cc1,中毒,119.9144,1.2585
Cc1nc2ccc(Cl)cc2n1C1CCN(CC2CCCCC2)CC1,高毒,89.2009,0.8979
Cc1ccc(C(=O)N2CCCCC2)cc1-c1nnc2n1CCN(C(C)C1CCOC1)C2,中毒,16.2666,1.4311
CN1CCC23c4c5ccc(O)c4OC2c2[nH]c4cc(O)ccc4c4CC2(O)CCC3(O)C1C5,高毒,593.0783,2.4125
COC(=O)c1ccc(N2CCN(S(=O)(=O)c3c(C)noc3C=Cc3ccccc3)CC2)cc1,高毒,67.2537,0.6068
O=[N+]([O-])c1ccc(C2=NOC3(C2)OCCCC3)cc1,微毒,18.0834,3.4388
Cc1nn(C)c(C)c1C1CCCN1C(=O)CCCn1ccnc1,中毒,129.0427,1.3923
CC(C)C1=CCC(C)(C2CCC3(C)C2CCC2C4(C)CCC(O)C(C)(C)C4CCC23C)C1(C)C,高毒,59.0155,4.1377
Cn1c(=O)n(CC(=O)NCCc2ccc(F)cc2F)c(=O)c2sccc21,中毒,56.6119,0.3689
COc1ccc(CNC(=O)c2ccc3nsnc3c2)cc1,低毒,157.7996,2.2797
CC(=O)OC(C)(C)CCC1C(O)CC2(C)C1CCC1C3(C)CCC(O)C(C)(C)C3CCC12C,高毒,28.6217,4.2159
CCCn1nc(C)cc1C(=O)N1CCCC(c2nncn2C2CC2)C1,中毒,53.7406,0.4346
COc1ccc(-c2noc(CCC(=O)Nc3ccc(S(=O)(=O)N4CCOCC4)cc3)n2)cc1,高毒,26.2721,1.5255
CC(=O)OC1CC=C2C(=O)C(C)C(OC(C)=O)CC(C)C3C4(C)CCCOC4=C(C1)C23,中毒,23.8538,0.7083
CCCCCCCCOc1cc2c(cc1OC)C(c1ccc3c(c1)OCO3)CC(CCc1ccc(OC(F)(F)F)cc1)N2C,中毒,5.4828,1.3676
COc1cccc(CC(C)NCc2ccc3cc(C#N)c(=O)oc3c2)c1,低毒,113.5361,0.6306
O=C1NC2CCCCC2(C(=O)Nc2ccc(Cl)cc2Cl)C1,高毒,32.5257,0.8342
COc1ccc(CNC(=O)c2cc(C)n[nH]2)cc1OC1CCCC1,高毒,21.2111,0.7426
CN1CCC(Nc2nc3ccccc3n2Cc2ccc(Cl)cc2)CC1,中毒,26.6138,2.8487
COc1ccc(Cl)cc1NC(=O)CC1SC(NNC(=O)c2ccccn2)=NC1=O,高毒,59.8447,0.1606
CC(C)(C)c1ccc(C=CCOc2ccc(C=C3SC(=Nc4nc5ccccc5s4)NC3=O)cc2)cc1,中毒,28.4489,2.9344
Cc1noc(C)c1CN1CCCC(c2nncn2C2CC2)C1,微毒,15.4294,0.2046
Cc1nsnc1CN1CCCC(c2nncn2C2CC2)C1,微毒,13.5158,0.2099
CCCCCCCCCCCCCCNC(=O)OCCCCCCCCCCCCCCCCC,高毒,157.9079,3.706
COc1cccc(-n2c(SCC(=O)Nc3nnc(C)s3)nnc2-c2ccncc2)c1,高毒,172.1085,0.5504
C=CCOC(=O)CC(=O)OCC12CCC(C)C(C)C1C1=CCC3C4(C)CCC(OC(=O)C=Cc6cn(-c7ccc(OC)cc7)nn6)C(C)(C)C5CCC4(C)C3,高毒,593.0783,2.4125
Cc1ccc(CN2CCCC(c3nncn3C3CC3)C2)nn1,微毒,23.7017,0.2302
CCc1nnc2n1CCN(Cc1nnc(C3CC3)n1C)C2,微毒,148.0864,0.3034
Cc1cc(OCCCCCCSc2nnc(-c3ccccn3)n2CC2CC2)cc(C)c1OCC(O)CNC(=O)C1CC1,高毒,14.6966,0.9014
COCCNc1ncnc2c1ncn2C1OC(COP(=O)(O)OP(=O)(O)OP(=O)(O)OP(=O)(O)O)C(O)C1O,中毒,10.077,0.3289
CCOC(=O)c1nnc(N)c2c1CCN(Cc1nc(C3CC3)no1)C2,中毒,76.3358,0.7486
CC1CCCCN1C1CCCN(C(=O)c2cnn3c2CCCC3)C1,低毒,43.2631,0.3848
CCC(CC)CSc1nnc2n1-c1ccc(Br)cc1CN(c1cc(Cl)ccc1C)C2=O,中毒,68.7859,0.2914
Cc1nnc(NC(=O)CSc2nc3ccccc3n2C)s1,高毒,303.8529,4.8103
O=C1NC(=O)C(=C(C=Cc2ccccc2)c2sc(-c3cccc(F)c3)nc2-c2ccccc2)C(=O)N1,中毒,36.7767,0.487
O=C(c1ccc(Cl)cc1F)N1CCCC(Cn2nnnc2C2CC2)C1,高毒,9.0949,1.1663
COc1cc(C=CC(=O)c2ccc(OCCCCN3CCN(c4cccc5c4OCO5)CC3)cc2)cc(OC)c1OC,高毒,9.8995,0.4468
Cc1ccc2ncc(S(=O)(=O)N3CCC(C(=O)N4CCCc5ccccc54)CC3)c(C)c2c1,中毒,6.6772,0.3564
C1=CCC2CCCC3CCCN4CCCC(CN12)C35,高毒,593.0783,2.4125
CC(=O)Oc1ccc2c(c1)OC(C)(C)C1OCCC12,中毒,15.5312,1.2967
COc1nc2cc(NS(C)(=O)=O)ccc2cc1C1CCCN(CCCc2ccccc2C#N)C1,高毒,74.3479,1.5482
CC1CCC2C(C)C(OC(=O)CCC(=O)O)OC3OC4(C)CCC1C32OO4,中毒,18.9305,0.3155
CNC(=O)CN1CCCC(c2nncn2C2CC2)C1,微毒,34.5143,0.2302
COc1ccc(CCNC(=O)C2CCCN(S(=O)(=O)c3ccc4c(c3)CCC(=O)N4)C2)cc1,高毒,4.6401,0.8927
CN1CC2CN(C)C(=O)CCC2C1,高毒,67.1436,0.4213
CCOc1ccc(S(=O)(=O)N2CCCCC2)cc1NC(=O)NCc1ccc(C)cc1,中毒,30.1959,0.5382
CCOC(=O)C1=C(C)NC(=S)NC1c1cc(OC)c(OC)c(OC)c1,中毒,50.4521,4.2184
COc1cc2c(cc1OC)CN(CCCc1nnc3n1CC(C)NC3)CC2,微毒,25.0314,1.2716
Cc1nc(NC(C)c2cccc(C#N)c2)c2nnn(C3CCCO3)c2n1,低毒,13.9014,0.4698
CN1CCC(Oc2ncc(Cl)c(Nc3ncc(Cl)c(OC4CC4C3)n3)n2)CC1,高毒,593.0783,2.4125
CN(C)C1CCN(C(=O)c2cnn3ccc(NCc4ccncc4)nc23)CC1,中毒,60.6226,0.3409
C=C1C(O)CC(OC(=O)C=CCCCCCCCCCCCCC)CC(O)C1O,高毒,94.2063,2.3534
COc1ccc(Nc2nn3nc(C)c(CCC(=O)N4CCN(C(=O)c5ccco5)CC4)c(=O)n3n2)cc1,高毒,593.0783,2.4125
O=C(O)C1CCN(C(=O)C2CCN(c3nnc(-c4ccc5c(c4)CCC5)n3C3CC3)CC2)CC1,中毒,57.585,1.1552
COc1ccc(C=NN=C2C(=O)Nc3ccc(F)cc32)cc1,高毒,10.831,1.8697
CCOC(=O)c1sc(NC(=O)c2ccccc2Cl)cc1C,高毒,68.4378,0.6478
C=CCOC(=O)CC1C=CCC(=O)NC(Cc2ccc(O)cc2)C(=O)NC(C)C(=O)NC(C(C)C)C(=O)N1,中毒,35.3513,0.4068
Cc1nc(CN(C)C(=O)c2coc3ccccc23)no1,高毒,88.9848,0.5626
CC(C)CC(NC(=O)C(CC(C)C)NC(=O)C(CC(C)C)NC(=O)OC(C)(C)C)C(=O)NC(Cc1ccccc1)C(O)CC(Cc1ccccc1)C(=O)NCc1c,高毒,593.0783,2.4125
CCOC1CN(C(=O)c2ccsc2)CCC1c1nncn1Cc1ccc(OC)cc1,低毒,11.6136,0.4485
COc1cccc(C=CC(=O)OC2CCC3(C)C(CCC4(C)C3CC(OC(=O)C=Cc3ccc(O)c(OC)c3)C3(C)CC5CC(C)(C)CCC5(C)C3CCC24C)C,高毒,593.0783,2.4125
CSc1nn2c(-c3cc4ccccc4o3)nnc2s1,高毒,15.7719,0.5123
CC(C)(C)OC(=O)N1CCN(CC(=O)N2c3cccc4cccc(c34)S2(=O)=O)CC1,高毒,53.6125,2.1554
CCSc1nnc(NC(=O)c2cnc3nncn3c2)s1,高毒,141.7278,4.505
Cn1ccc(C(=O)N2CC(O)CC2CC(C)C)n1,中毒,25.8392,1.4086
COc1ccc(C)cc1S(=O)(=O)NCC1CC1CN1CCCCC1,高毒,49.6319,0.292
COc1ccc(C=C2SC(=O)N(C3CCCCC3)C2=O)cc1,高毒,21.7827,2.1832
COC(=O)C1=C(C)OC(N)=C(C#N)C1c1cc2c(cc1Br)OCO2,中毒,40.0195,0.2169
COC(=O)C1=CN(Cc2ccccc2)C(=O)C2C(C(=O)OC)C2C(=O)N1C1CCCCC1,中毒,45.3661,0.3549
Nc1nnc(SCC(=O)N2CCN(c3ccc(F)cc3)CC2)s1,高毒,54.8433,0.2116
Cc1cc(C)nc(NS(=O)(=O)c2ccc(NC(=O)c3ccc(F)c(F)c3F)cc2)n1,中毒,42.7044,0.4716
COc1cc(C(=O)OC2CC3CCC(C2)N3C)cc2cc(-c3cn4nc(OC)sc4n3)oc12,中毒,33.3722,0.974
O=C(Nc1ccc(N2CCOCC2)cc1)c1cc2c([nH]c3ccccc32)c(=O)n1Cc1ccco1,中毒,97.5545,0.1478
CCN1CCCC1CNC(=O)CN(C)Cc1nc(C)no1,微毒,64.9157,0.6473
Cc1ccc(C)c(S(=O)(=O)Oc2ccc(CC3SC(=O)NC3=O)cc2)c1,高毒,43.0441,0.35
CC1CC(=O)N2CCCCC23COC(CN1Cc1cccc(Cl)c1F)C3,中毒,14.5173,0.3148
CCN(C(=O)c1cnn2c1n[n+]([O-])c1ccccc12)c1ccccc1,低毒,52.3363,0.1568
CCOC(=O)N1CCN(C(=O)c2cc3ncnc(Nc4ccc(F)c(Cl)c4)c3cc2OC)CC1,中毒,25.6356,0.2866
CCCCCCCCCCCCCCCOP(=O)([O-])OCC[N+](C)(C)C,高毒,593.0783,2.255
O=C(NC(=S)NC1CCS(=O)(=O)C1)c1ccc(F)cc1,高毒,60.3719,0.5573
Cc1cc(C)cc(CC(=O)NCCN2CCCC(CO)C2)c1,高毒,111.0022,2.8578
Cc1noc(C)c1CN1CCCC(c2nncn2C2CC2)C1,微毒,15.4294,0.2046
CC1(C)C=C(n2cnc3c(NCc4ccccc4)ncnc32)C(O)C1O,中毒,71.1363,0.1197
Cc1nn(C)c(C)c1CCC(=O)N1CCCC(c2nncn2C2CC2)C1,微毒,31.8529,0.7013
COc1cccc(CNc2nc(CN3CCCC3)nnc2-c2cc(OC)c(OC)c(OC)c2)c1,高毒,77.3335,1.0077
COC1=C(OC)C(=O)C(C)=C(NCCN2CCOCC2)C1=O,中毒,99.2599,0.8158
CCC1CN(Cc2ccc(-c3ccc(C=O)cc3F)cc2)CC(C)N1C1CCC(O)CC1,微毒,31.7183,0.1988
CC(NC(=O)N1CCCC(c2nncn2C2CC2)C1)c1cccs1,微毒,32.7067,0.192
CCC(CC)(CN1CCCC(c2nncn2C1)n1cc(C)c(=O)[nH]c1=O)OCC,中毒,13.5264,0.6937
COc1ccc(N2CCN(c3cc(C(C)C)nc(N)n3)CC2)cc1,高毒,30.2712,1.6916
COC(=O)c1cccc(OCC(=O)N2CCCC(c3nncn3C3CC3)C2)c1,微毒,24.9184,0.1777
CCN(CC)CCNc1ncnc2[nH]nc(-c3cc(OC)c(OC)c(OC)c3)c12,中毒,14.9542,1.3386
COc1cccc(CNC(=O)C2CCCN2c2nc(-c3ccsc3)nc3c2CCC3)c1,中毒,18.9886,1.2888
CN(C)CCOc1ccc(CNC(=O)Nc2cccc(-n3ccnn3)c2)cc1,高毒,20.5505,2.0507
CCOC(=O)C1=C(C)N=C2SCCN2C1c1cc(Br)cs1,中毒,29.0818,2.2143
CC(C)C12CCC3(C)C(CCC4C5(C)Cc6cnn(Cc7cn(-c8ccc(F)cc8)nn6)c7C(C)(C)C5CCC43C)C1CCC2O,高毒,593.0783,2.4125
O=C(O)CCc1nc2cc(NCc3ccc(C(F)(F)F)cn3)ncc2n1C1CCCC1,中毒,55.0824,0.4972
c1ccc(CN2CCN(C3CCCCC3)CC2)cc1,微毒,129.2248,0.62
CC(c1nncn1C1CC1)N1CCCC(c2nncn2C2CC2)C1,微毒,16.9364,1.6262
Cc1ccc2[nH]c(Cc3nnc(SCC(=O)Nc4nc(O)c5ccccc5n4)n3)nc2c1,高毒,593.0783,2.4125
COc1ccc(OC)c(C=CC(=O)c2c(O)c3ccccc3n(Cc3ccccc3OC)c2=O)c1,中毒,7.2126,0.2431
COc1cc2ncnc(Nc3cccc(Br)c3)c2cc1OCCCN1CCCC1,中毒,14.9752,1.0491
COc1ccc2c(OC3CCN(C4CC4)CC3)c(C#N)cnc2c1,微毒,11.7881,3.1933
O=C1C=CC(=O)c2c1ccc1c2OCCO1,高毒,103.8819,3.4586
CC1CN(C(C)CO)C(=O)c2cc(NC(=O)Nc3ccc(F)cc3)ccc2OC1CN(C)S(=O)(=O)c1ccc(F)cc1,中毒,5.8691,0.1982
Cc1nc(C2CCN(c3nn4nccnc4c3C)CC2)cs1,高毒,8.3621,0.2683
CC(=O)c1c(C)[nH]c(C)c1S(=O)(=O)N1CCC(n2nccc2NC(=O)c2cnn3cccnc23)CC1,中毒,8.9245,0.2918
COc1ccc(-n2nnnc2SCC(=O)NC2CCCCC2)cc1OC,高毒,17.8652,0.6903
COc1cccc(N(CC(=O)NC2CCCC2)C(=O)CCC(=O)Nc2nnc(C3CCCO3)s2)c1,中毒,24.8996,1.1467
O=S(=O)(Nc1nccs1)c1ccc2nc(O)c(O)nc2c1,微毒,61.6698,1.9402
Cc1ccccc1N1CC(C(=O)N2CCCC(c3nncn3C3CC3)C2)CC1=O,中毒,6.1048,0.6532
Cc1ccc(-c2nn(-c3ccccc3)cc2C=Nn2nnnc2-c2ccncc2)cc1,高毒,49.4202,9.4404
CC(C)(C)n1nnnc1CN1CCC(Cc2nncn2C2CC2)CC1,微毒,14.988,1.0287
COc1ccc(C=CC(=O)OCC(=O)NC(C)c2ccc(OC)c(OC)c2)cc1OC,高毒,43.1723,19.1212
COc1nc(N2CCN(c3nnc(OC)s3)CC2)nc2c1cnn2-c1ccccc1,中毒,8.3986,0.8278
COc1cc(C=C2CCCC(=Cc3ccc(OCC(=O)Nc4cc(Cl)ccn4)cc3)C2=O)cc(OC)c1OC,高毒,85.1291,5.2455
CC(=O)OC1CCC2(C)C(CCC3C2CCC2(C)C(n4ccnc4C(C)C)CCC32)C1,高毒,68.9265,0.6577
Cn1c(NC(=O)C2CCC2)nc2c1c(=O)n(Cc1ccccc1)c(=O)n2C,中毒,37.7971,0.3309
CNC(=O)c1cnc(Oc2ccc3oc(C)cc3c2)nc1NC1CCC(C)CC1,低毒,31.5049,0.4139
N#Cc1ccc(COc2ccc(CC(Nc3ccc(OC(F)(F)F)cc3)C(=O)O)c(Cl)c2)cc1,低毒,78.7495,1.7509
CCOC(=O)c1nn(-c2cccc(Cl)c2)c(=O)c2ccccc12,高毒,14.42,4.6534
CCN(CC)CCn1cnc2c3c(nccc31)C(=O)c1ccccc1-2,高毒,593.0783,2.4125
Cc1nc2ncnn2c(O)c1Cc1ccc([N+](=O)[O-])cc1,微毒,19.6352,5.7885
O=C(CCCOc1ccc(C=C2SC(=O)NC2=O)cc1F)Nc1nnc(C2CC2)s1,高毒,4.2004,2.5982
COc1ccc(CCc2nc3ccc(OC)cc3c(=O)n2-c2ccc(F)cc2)cc1,低毒,41.6234,0.543
C=C(C)C1CCC2(C(=O)O)CCC3(C)C(CCC4C5(C)CCC(=O)C(C)(C)C5CCC43C)C12,高毒,78.7074,5.8226
CC(C)CC(NC(=O)C1CCCN1C(=O)C(CC1CCCCC1)NC(=O)C(Cc1ccccc1)NC(=O)OC(C)(C)C)C(=O)NC(Cc1ccccc1)C(N)=O,微毒,182.456,0.5372
O=S(=O)(Nc1nncs1)c1ccc2c(OCC3CCC3)c(-c3ccc(F)c(C4CC4)c3)cnc2c1,中毒,8.8764,0.5441
Cn1ccnc1C(C)NC(=O)N1CCCC(n2nccn2)C1,高毒,44.2341,0.3481
CCOCc1ccc(NC(=O)Nc2ccc(CC(C)NC(C)=O)cc2)cc1,高毒,19.1434,5.4314
COc1ccc(-c2nnc(SCC(=O)Nc3nc4cc(C)ccc4s3)o2)cc1,中毒,47.4372,0.8766
Cc1noc(C)c1CN1CCCC(c2nncn2C2CC2)C1,微毒,15.4294,0.2046
COc1ccc(CCNc2ncnc3c2ncn3C2OC(CO)C(O)C2O)cc1,中毒,7.4688,0.3289
CCOc1ccc(NC(=O)c2nnn(CC#N)c2N)cc1,低毒,66.9054,0.4055
CN(C)c1ccc(C(=O)NCCCCCCNCCCNC(=S)Nc2ccc(Oc3ccnc4c3CCCC4)cc2)cc1,中毒,15.544,20.7918
CCCN1CCCC1CNC(=O)C1CCCN(c2nncn2C2CC2)C1,高毒,62.0017,0.2167
CC1(C)OC(=O)N(C2CCC(N3CCC(c4nnc5n4CCCC5)CC3)CC2)C1c1ccc(Cl)c(F)c1,中毒,10.3939,0.5975
O=C(CCN1CCN(c2ccc(F)cc2)CC1)Nc1ccc(F)cc1C(F)(F)F,高毒,4.5372,0.2708
COc1ccc(-c2nc(N)c([N+](=O)[O-])n2CC(=O)Nc2ccc(C)c(Cl)c2)cc1,高毒,9.5208,8.1548
CC1=CCCC2=C1C(c1ccc(N)c(Cl)c1O)C1=C(C(=O)CC(C)(C)C1)C2c1ccc(F)cc1,中毒,10.7721,2.6397
CC1CCCCC1NC(=O)c1ccc(-c2nn3c(C=Cc4ccccc4)nnc3s2)cc1,高毒,29.5636,0.2182
CCCCCN1C(=O)C2C(C(=O)N3CCCCC3)C3=C(C(=O)CCC3)C2C1c1ccc(C#N)c(C(F)(F)F)c1,中毒,8.902,0.5583
O=C(NN=Cc1ccc(C(F)(F)F)cc1)c1cc2ccccc2s1,高毒,15.732,0.8769
CNC(=O)c1cc(Cl)c(OCC2CC2)cc1-c1cncc(C=Cc2cncc(Cl)c2)c1,中毒,99.8103,1.9728
CC(=O)OC1C=C2C3CCC(C(C)(C)O)C3(C)CC(O)C2(C)C2(C)CCC3C4(C)CCC(O)C(C)(C)C4CCC3(C)C12,高毒,13.9106,1.2117
CCOC(=O)c1cnc2ccc(F)cc2c1Nc1ccc(OC)c(OC)c1,微毒,62.4491,0.549
O=C(CCCSc1nnc(Cc2ccc(Cl)cc2)n1-c1ccccc1)N1CCN(c2ccc(F)cc2)CC1,高毒,26.0544,0.2011
CCCCCCCC(C)(O)C#CC=CCCCCCCCCCCCCC,高毒,100.2338,1.5228
Cc1nc2c(c(Nc3cccc(NC(=O)CNC(=O)CNC(=O)C(N)Cc4ccccc4)n3)CCCCC2)n1,中毒,24.174,0.5102
Cc1nnc(CN2CCCC(c3nncn3C)C2)o1,微毒,13.5158,0.7179
CC(Nc1nccc(N2C(=O)OCC2C(C)C)n1)c1cnn(C2CCCCC2)c1,中毒,19.3305,2.9032
Cn1nnnc1SCC(=O)N1CCC(Cc2ccccc2)CC1,高毒,49.0471,0.7911
Cc1nc2nc(-c3ccc(C(=O)N4CCCC4CN4CCCC4)cc3)nn2c(O)c1C,中毒,13.5042,0.9181
Cc1cc2nnn(CCCC(=O)N3CCN(c4ccccc4F)CC3)c2cc1C,中毒,15.3356,0.205
CC(C)OC(=O)Cc1ccc(OCCCCCCN2CCN(S(=O)(=O)c3ccc4c(c3)OCO4)CC2)cc1,高毒,75.7385,1.0338
CC(=O)OC1CC(CO)(CO)C23CC(O)C4C5(C)CCC(O)C(C)(C)C5CCC4(C)C2(C)CCC13C,高毒,28.6217,4.2159
Cc1noc(C)c1CN1CCCC(c2nncn2C2CC2)C1,微毒,15.4294,0.2046
COc1ccc(CNc2nc(-c3ccccc3)nc3[nH]ncc23)cc1,高毒,202.281,6.4943
CC(C)OP(=O)(OCC1=C(COC(C)=O)C(C)CC2C3CCC4=CC(=O)C=CC4(C)C3(F)C(O)CC21C)OC(C)=O,中毒,45.9287,0.37
CC1=CC2Cc3[nH]c4ccccc4c3CC(C1)C2NC(=O)c1ccccc1,中毒,66.1888,1.2518
CCOc1ccc(-c2nn3c(c2-c2ccc(OCCN4CCCCC4)cc2)CCCC3)cc1,中毒,3.4547,0.1323
Cc1csc(NS(=O)(=O)c2ccc(NC(=O)c3ccc4c(=O)n5c(nc4c3)CCCC5)cc2)n1,低毒,46.6857,0.2911
COc1ccc2c3c1OC1C(=O)CCC4(O)C5(O)CCC6(O)C(C2)N(C)CCC351,高毒,593.0783,2.4125
CCSc1nnc(NC(=O)CSc2nnc(CC3CCCCC3)n2N)s1,微毒,38.977,0.5585
O=C1C(Cl)=C(N2CC2)C(=O)c2nc(Br)cn21,中毒,32.0553,0.2233
COc1ccc(CN2CCOCC2)cc1-c1nc2c(c(Nc3ccc(C(=O)Nc4c(C)nn(C)c4C)cc3)n1)CCN(C(C)C)C2,中毒,19.2723,0.7155
N#Cc1ncc(-c2cccc3ccccc23)nc1N1CCC(Oc2ncc(F)cn2)CC1,中毒,5.2495,2.8926
Cc1nc(C(C)C)ccc1C(=O)N1CCCC(c2nncn2C2CC2)C1,中毒,8.3758,0.3951
CC(=O)N1CCCC(c2nncn2C2CC2)C1,微毒,24.615,0.2138
CCCN1CCCC(n2nc(-c3cc(F)cc4c3CCC4NC(=O)c3cnn4cccnc34)nn2)C1,中毒,34.9878,0.4821
COc1ccc(-c2nnc(SCC(=O)c3cc4ccccc4o3)n2-c2ccc(Cl)cc2)cc1,中毒,90.472,1.5243
CC1CCC(C2CCC(c3cc(F)c4n[nH]cc4c3)=N2)CC1,高毒,50.8272,1.1201
CC(=O)OC1CC2C3(C)CCC4C(C)(C)C(OC5CN(C)CC(O)C5O)CCC4(C)C3CCC2(C)C2(C)CCC(=O)C=C12,中毒,17.5022,0.6594
Clc1ccc(-c2nn3c(C4CNCCO4)nnc3s2)cc1,中毒,10.1234,0.1564
CC1CN(C(C)CO)C(=O)c2cc(NC(=O)Nc3ccc(C#N)cc3)ccc2OC1CN(C)Cc1cnn(C)c1,中毒,4.7657,0.1854
CCC(NC(=O)NC(C)c1nnn[nH]1)c1nc(C(=O)NC(CCc2ccccc2)C(=O)O)cs1,中毒,81.985,0.2741
COc1ccccc1N1CCN(CCCCn2nc(-c3cccnc3)c3c(N)ncnc32)CC1,中毒,47.2042,0.2367
CN(CCc1ccc2nc(-c3ccc4c(c3)OCO4)c(CN(C)Cc3ccc(Cl)c(Cl)c3)c2c1)C1CCCC1,高毒,593.0783,2.4125
O=C(NC1CCCCC1)C1CCCN2CCCC(CN1S(=O)(=O)c1ccc(F)cc1)C2,中毒,50.8266,1.6595
CC(C)CC(NC(=O)C(CCCNC(=N)N)NC(=O)c1ccc(COCCC(=O)O)cc1-c1ccccc1)C(=O)O,低毒,26.7155,0.2027
O=C(C=Cc1ccc(OCCCCCCN2CCCCC2)cc1)c1ccc([N+](=O)[O-])cc1,高毒,11.904,1.138
CC(C)C(NC(=O)C(Cc1ccccc1)NC(=O)C(CCCN=C(N)N)NC(=O)C(N)CCCNC(=N)N)C(=O)NC(Cc1ccccc1)C(N)=O,微毒,91.0345,0.1579
CC(C)(C)OC(=O)N1CCCC(c2nnc3n2-c2cccnc2Oc2ccc(F)cc2-3)C1,中毒,42.5829,0.4054
CCN1CCN(Cc2ccc(CNC(=O)c3cc(Br)c4c(c3)CCC4)cc2)CC1,中毒,19.1915,0.5693
COc1ccc(NC(=O)C2CCN(c3nc(C)c4c(-c5cccs5)nn(C)c4n3)CC2)cc1,低毒,46.1807,0.2281
CCN(CC)C(=O)COC(=O)c1cc(OC)c(OC)c(OC)c1,高毒,64.9812,0.7301
CCN(CCCCCCCCCCOc1ccc(C(=O)c2cc(OC)c(OC)c(OC)c2)cc1)S(=O)(=O)c1ccc(C)cc1,高毒,47.1397,0.7412
O=C(Nc1nc2c(s1)CCCC2)c1nn2c(C(F)(F)F)cc(C(F)(F)F)nc2c1Cl,中毒,34.5451,1.1885
COCCCn1ccc(-c2noc(C3(c4ccc(C)nn4)CCOCC3)n2)n1,中毒,30.6051,0.1843
Cc1ccc2c(ccn2CCCN(C)Cc2ccc3c(c2)OCO3)c1,高毒,65.485,1.1055
Cc1c(C(=O)N2CC3CCCC(C2)N3C)cnn1-c1nn2cccc2c(=O)[nH]1,低毒,43.5797,0.1536
CN(C)C=Nc1nc(CCc2ccc(F)cc2)nc(NC2CCCC2)n1,高毒,44.3912,0.3725
O=C(C=Cc1ccc(F)cc1)NC1CC(c2c[nH]c3ccccc23)=NO1,中毒,22.9558,2.5072
CCN1CCN(C(=O)C2CCC3C4CC=C5CC(O)CCC5(C)C4CC(OC(=O)c4c(F)cccc4F)C3(C)C2)CC1,中毒,20.6048,0.6321
CCCCCCCCCCCCCCCOc1ccccc1C=CC(=O)c1ccc(O)cc1O,高毒,23.6594,1.7091
CCN(CC)CCOc1ccc2c(c1)C(=Cc1nnn[nH]1)C(=O)N2,中毒,13.2723,10.9066
CCn1nnnc1CN1CCCC(c2nncn2C2CC2)C1,微毒,9.8257,0.3405
O=S(=O)(Nc1nccs1)c1ccc2nc(CCc3ccccc3F)nc(NC3CCCCCC3)c2c1,高毒,15.0159,1.2405
CC12CCC(=O)C=C1CCC1C2CCC2(C)C(OC(=O)Cn3cnc4cccnc43)CCC12,中毒,23.2144,2.4505
CC(C)C(NC(=O)C(Cc1ccccc1)NC(=O)C(Cc1ccccc1)NC(=O)C(Cc1c[nH]cn1)NC(=O)OCc1cccnc1)C(=O)O,中毒,42.822,0.4316
CN(CC(=O)Nc1cc(Cl)ccc1F)C(=O)CSc1nnc(-c2ccncc2)n1C,高毒,19.5357,0.2944
O=C1C(=Cc2cc(Br)c(O)c(Br)c2)Oc2cc(O)cc(O)c21,高毒,20.41,0.5134
OC(CC1CCN(CCNc2nc3ccccc3[nH]2)CC1)c1ccccc1,中毒,17.4144,4.4168
COc1ccc2oc3c4c(ccc3c2c1)OCO5,高毒,593.0783,2.4125
CC(C)n1nnnc1CN1CCCC(c2nncn2C2CC2)C1,微毒,9.8257,0.3405
O=C(Cc1cccc2ccccc12)NCC1CCN(c2ncccn2)CC1,高毒,38.9249,1.3282
CC(C)CC(NC(=O)C(CC(C)C)NC(=O)OCc1ccccc1)C(=O)NC(CCCCN)C(=O)N1CCCC1C(=O)NC(CC(C)C)C(=O)CF,微毒,125.2126,0.699
CN1CCN(Cc2cn(C3CC3)c3nc(Nc4ccc(N5CCOCC5)c(F)c4F)nc(N4CCOCC4)c23)CC1,中毒,3.0016,0.6855
c1nc2ncnc(Nc3ccc(N4CCCC4)nc3)c2c(N2CCCC2)c1CC1CC1,中毒,5.4888,4.6487
COc1ccc(C=O)cc1OCc1nnc2n1CCC2,高毒,67.8221,0.2969
CC(C)c1nc2c(c(C(F)(F)F)c1O)CCN(C(=O)c1ccoc1)C2,中毒,40.2962,0.9894
CC(N1CCN(c2nnc(N)o2)CC1)c1ccccc1,低毒,114.8054,1.0395
NC(=O)c1cn(C2CC2)c2cc(N3CCN(CCn4c(=O)n(C5CC5)c(=O)[nH]c4=O)CC3)c(F)cc2c1=O,中毒,12.4603,0.2942
O=C1C(=Cc2ccc(O)cc2)CCc2ccccc21,高毒,78.5407,0.6979
CC(C)(C)c1ccc(-c2nnc3n2CCCC3C(=O)NC2CCCC2)cc1,中毒,16.8885,2.7911
COc1ccc2nc(Cl)c(C=C3C(=O)Nc4ccc(F)cc43)c(Nc3cccc(Cl)c3F)c2c1,中毒,3.5347,0.8408
CCCCCCCCCCCCCCCCCCCCN1C(=O)OC(=Cc2cc3ccccc3[nH]2)C1=O,高毒,62.2744,2.5606
CC1Cc2c(NCc3cccc(C(F)(F)F)c3)ncnc2O1,微毒,117.2307,3.776
CCOc1ccc(Cc2nnc(C3CC3c3nncn3C)n2C)cc1,微毒,116.7738,0.6237
CN(C)CCCOc1cccc(C=C2Cc3cc(O)ccc3C2=O)c1,高毒,32.1565,0.824
CC(C)(C)OC(=O)N1CCCC(CNS(=O)(=O)c2ccc3nc(O)sc3c2)C1,中毒,76.2869,1.8011
CCOc1ccccc1-n1nnnc1SCC(=O)N1CCCCC1,高毒,27.0751,0.1861
COc1cc2ncnc(Nc3ccc(F)c(Cl)c3)c2cc1OCCCN1CCCCC1,低毒,12.2996,0.5346
CC(C)C1CN(c2nc3c(cnn3C3CCCCC3)c(=O)[nH]2)CCN1C,中毒,21.4964,3.5923
O=C(CCN1CCC(c2nnc3n2CCCC3)CC1)NN=Cc1cc(Br)sc1Cl,微毒,11.0964,2.7807
CSCCC(NC(=O)C(CC(C)C)NC(=O)C1CCCN1C(=O)C(N)Cc1ccc(O)cc1)C(=O)NCC(=O)O,微毒,83.3492,0.5113
COc1cc(OC)c(-c2nnc3n2-c2ccccc2SC3)cc1,中毒,48,0.5343
COC(=O)C(CCSC)NC(=O)C(Cc1ccccc1)NC(=O)C(NC(=O)C(CO)NC(=O)C1NC(C)(C)C1C(=O)NO)C(C)C,中毒,30.8351,0.8625
Cc1nnc2n1-c1snc(C(=O)NCCN3CCOCC3)c1CCC2,中毒,13.6014,0.5255
CC12CCC(C(=O)Nc3ncnc4ccccc34)C1=CCC1C2CCC2(C)C(=O)CCC12,高毒,167.2594,4.5955
CCC(C)C1NC(=O)C(CCCNC(=N)N)NC(=O)C(Cc2cccc(Cl)c2)NC(=O)C(CC(C)C)NC(=O)C(Cc2c[nH]c3ccccc23)NC1=O,中毒,47.5466,1.1121
COc1ccc2nc(NC(=O)c3cnccn3)sc2c1,中毒,90.3643,1.0303
CCc1nnn(CC2CCCN2CC2CCCCC2)n1,高毒,21.6302,1.6903
CCCCn1c(S)nnc1CN1CCCC1,高毒,323.0732,2.8517
COc1ccc(C(=O)c2sc3nc4n(c(=O)c3c2C)CCCC4)cc1,中毒,51.1888,0.2077
CCOC(=O)CCC1=C(c2ccc(F)cc2)NC(=O)N(CC(=O)Nc2ccc(NC(C)=O)cc2)C1=O,中毒,7.794,1.5464
Cc1ccc(C(=O)CCC(=O)O)cc1NC(=O)c1ccc(F)cc1F,高毒,15.2124,0.3188
O=C(O)Cc1cccc(NCCc2ccc(O)cc2)c1,高毒,33.8135,3.8246
COc1ccc(S(=O)(=O)N2CCC(C(=O)NCCC3=NCCS3)CC2)cc1,高毒,81.0406,0.9449
O=C(CN1CCCCC1)N1CCCC(c2nncn2C2CC2)C1,微毒,34.5143,0.2138
CCn1nnnc1CN1CCCC(c2nncn2C2CC2)C1,微毒,9.8257,0.3405
O=[N+]([O-])c1ccc(OCC(O)CN2CCCCC2)cc1Cl,高毒,50.261,1.1277
Cc1cccc(CN2CC(C(=O)N3CCCC3)C(c3nnnn3C3CCCC3)C2)c1,高毒,13.0314,2.0462
O=C(c1cnco1)N1CC2COCC(C1)N(Cc1cccc(Cl)c1)C2,高毒,42.3839,0.1568
CN(CCC(=O)N1CCOCC1)C(=O)c1cccc(NC(=O)c2ccco2)c1,低毒,14.9692,0.2592
CCOC(=O)c1c(C)[nH]c(C)c1S(=O)(=O)N1CCCC(C(=O)NCc2cccs2)C1,中毒,13.4996,0.4694
CCCCn1nnnc1SCC(=O)N1CCC(c2nncn2C2CC2)CC1,微毒,42.9385,0.1737
O=C1NC(=O)C(=Cc2cnn3c(NC4CC4)cc(NC4CCCC4)nc23)N1,中毒,19.9373,2.3684
COc1cc2nc(N3CCN(C(=O)CCn4nnc5ccccc54)CC3)nc(N)c2cc1OC,中毒,27.5539,1.0859
CCc1nn(C)c(Cl)c1CN1CCCC(c2nncn2C2CC2)C1,微毒,10.2866,0.1631
CCOc1ccc(Br)c2c1CCC(C)N2Cc1ccc(Cl)cc1,高毒,34.784,0.4214
COc1cc2c(cc1OC)C(CCN1CCc3cc(OC)c(OC)cc3CC1CN(C)C)CC2,高毒,31.7677,2.8648
C#CCNC(=O)c1cccc(-n2nc(C#Cc3cccc(NC(=O)CC(C)(C)C)c3)c3c(N)ncnc32)c1,中毒,37.9183,0.4493
COc1ccc(Cc2nnc3n2N=C(c2ccc(F)cc2)CS3)cc1,微毒,117.3814,0.473
N#Cc1ccc(-c2cc(N3CCOCC3)nc(N3CCCN(C(=O)c4ccc(F)cc4)CC3)n2)cc1,中毒,36.5105,0.348
Cc1cc(N(C)C)nc(=O)n1Cc1cc(C(F)(F)F)ccc1C#N,高毒,10.1547,0.7965
COc1ccc(OC)c(C=Cc2ncc(C(F)(F)F)cc2Cl)c1,高毒,24.0489,0.5627
COc1cc2c(cc1OCCCN1CCCCC1)CN1CCCC1C2,中毒,22.7864,1.4622
CC(C)(C)c1ccc(NC(=O)CN2C(=O)NC3(CCCCC3)C2=O)cc1,高毒,91.5632,0.8056
CCc1ccc2nc(SCC(=O)Nc3ccc(S(=O)(=O)N(CC)CC)cc3)sc2c1,中毒,43.9959,2.0486
CC1CCC(C(C)C)C(OC(C)=O)C(OC(=O)c2ccccc2)C1,高毒,13.5321,0.731
COc1ccc(Cn2nnnc2C(C(=O)NC2CCCCC2)N2C(=O)C3CN(S(C)(=O)=O)CCN3C2=O)cc1,中毒,12.1567,0.2718
CCCN1CC(C)(c2nncn2Cc2ccc(F)cc2F)CC1c1ccc(Cl)cc1F,中毒,5.0273,2.547
Nc1ncnc2c1ncn2C1OC(CO)C(O)C1O,低毒,11.3024,0.1701
N#Cc1cc(N2CCCCC2)nc(NCCC(F)(F)F)n1,高毒,51.6282,0.8676
CCCCn1c(N)c(N(CCCC(=O)O)C(=O)c2cccc(Br)c2)c(=O)[nH]c1=O,中毒,16.4262,1.9216
O=C(CCN1CCCCC1)N1CCc2nn(C3CCCCC3)nc2C1,低毒,8.1228,0.3688
COc1ccc(CNC(=O)CCc2nnc3c(=O)n(CC4CC4)c(=O)n4ccnn23)cc1,高毒,593.0783,2.4125
COc1ccccc1CC1CCCN(Cc2nncn2C2CC2)C1,高毒,12.6833,1.3043
CC12CCC3c4ccc(O)cc4CCC3C1CCC2=O,高毒,34.6722,1.3563
COc1ccc2nc(O)c(CN(C(=O)C3CNCCC3c3ccc(-c4ccc5ncccc5c4)cc3)C3CC3)cc2c1,中毒,4.9506,0.5521
O=C(CN1CCCCCCC1)Nc1ccc(N2CCOCC2)cc1,高毒,94.0733,1.4607
C=CCN1CC2CCC1CN(C(=O)c1nncn1C)C2,高毒,59.7219,0.3511
CCOC(O)=C1C(CNC(=O)OCC)=Nc2nc3ccccc3n2C1c1ccc([N+](=O)[O-])cc1,中毒,73.4064,1.3074
COc1cccc(CNC(=O)C(c2cccs2)N(C(=O)c2snnc2C(C)C)c2ccc(C)cc2)c1,中毒,9.1665,0.5458
O=C1CCCCC(NC(=O)c2ccc3c(c2)CN(C2CCCC2)C(=O)CN3c2nccs2)C(=O)N1,中毒,13.0548,0.2714
CN(C)CCCCOc1cc(=O)c2ccccc2n1C,高毒,25.4542,1.176
CC(O)C1C(=O)N2C(C(=O)O)=C(CSc3nnnn3C3CCCC3)C(C)C12,中毒,22.2016,1.8426
CCC(c1nnnn1C1CCCCC1)N1CCN(Cc2cccnc2)CC1,低毒,9.0185,0.258
Nc1nc2c(o1)C(C(=O)N1CCCC1)CC(=O)N2,中毒,24.5822,0.2354
CCC(c1nnnn1CC1CCCO1)N1CCC(n2nnc3ccccc32)CC1,低毒,7.0928,1.0288
Cc1nn(C)c(C)c1C1CCCN1c1nc(N2CCCC(N)C2)nc2c1CN(c1ncc(C(F)(F)F)cn1)CC2,中毒,7.6177,1.501
COC(=O)C1=C(c2cccc(F)c2)CC2CCC1N2C(=O)N1CCC(C)CC1,中毒,41.9425,0.4379
Cc1nn(C)c(C)c1CNC(=O)C1CCCN(Cc2nncn2C2CC2)C1,低毒,15.5076,0.9681
O=C(Nc1nc(-c2ccccc2)cs1)c1ccc(Cl)nc1,中毒,155.446,5.5556
CCOC(=O)N1CCC(n2nnc3c(NCCc4ccc(Cl)cc4)nc(-c4cnc(N)nc4)nc32)CC1,中毒,101.5804,2.2255
CCC(C)C(NC(=O)C(Cc1ccccc1)NC(=O)C(CC(C)C)NC(=O)C(Cc1ccccc1)NC(=O)OC(C)(C)C)C(=O)NC(C)C(=O)NC(CCCN=C,高毒,593.0783,2.4125
COc1ccccc1NS(=O)(=O)c1cccc(NC(=O)CN2C(=O)NC3(CCCC3)C2=O)c1,低毒,386.4643,0.7885
NC1CCC(Nc2nc(Nc3ccc(F)c(Cl)c3)nc(N3CCC(F)CC3)n2)CC1,高毒,5.0322,1.5518
CC(C)C1=CC(=O)C(Br)=C1Cl,高毒,66.698,0.443
Cc1c(C(=O)N2CCCCC2)nn(-c2cc(Cl)cc(Cl)c2Cl)c1-c1ccc(Cl)cc1,中毒,18.0349,2.0399
CN(C)CCCCNc1nc2cc3c(cc2c(=O)n1-c1ccc(F)cc1)CCCC3,低毒,6.7052,2.3448
CCCCc1nn(CCCn2cc(Cc3cccc(S)n3)nn2)c(=O)n1Cc1ccc(-c2ccccc2-c2nn[nH]n2)cc1,中毒,10.8358,0.5814
CC(=O)NC1C(NC(=N)N)OC(COC2OC(CO)C(O)C(O)C2N)C(O)C1O,低毒,55.2267,0.6886
Cc1nn(C)c(N(C)C)c1CN1CCC(c2nncn2C2CC2)CC1,微毒,26.0606,0.7204
CCN(CC)CCCN=c1cc2n(-c3ccccc3)c3ccccc3nc-2nc2cc(NCCN3CCCC3=O)ccc12,高毒,593.0783,2.4125
CCOc1ccc(CNC(=O)C(CC2CCCCC2)NC(=O)C(NC(=O)c2ccco2)C(C)C)cc1,中毒,123.4774,0.6093
N#Cc1ccc(-c2nnc(S)n2N=Cc2cc(Br)ccc2O)cc1,微毒,119.5834,2.3336
NC(=O)c1nn(CCCO)c2c1CN(C(=O)CN1CCCCC1)C2,中毒,24.0974,0.5055
O=C(O)c1ccc(Cc2ccc(-c3ccc(F)cc3F)nn2)cc1F,中毒,4.2723,0.7301
CCOC(=O)c1sc2ncnc(Nc3ccc(Oc4cccc(F)c4)c(Cl)c3)c2c1C,中毒,17.1518,0.166
CSc1nnc(C=Cc2c(C)noc2C)n1NC(=O)c1ccc(C)c(Cl)c1,中毒,37.9625,0.4078
CC(=O)Nc1ccc(S(=O)(=O)Nc2nnc(CCn3c(=O)n4c5c(sc4n3)CCCC6)cc2)cc1,高毒,593.0783,2.4125
O=C(O)Cc1nn(Cc2ccccc2F)c(=O)c2ccc(N3CCCC3)cc12,中毒,10.4592,1.7273
CC(O)CC(=O)c1cc(O)ccc1O,高毒,30.9058,5.16
CN1CCN(Cc2coc(-c3ccc(NC(=O)Nc4ccc(F)c(Cl)c4)c(F)c3)n2)CC1,高毒,26.6566,0.5205
O=C(CCCN1CCN(c2nsc3ccccc23)CC1)NC1CCCCCC1,高毒,166.6064,0.8276
CC12CCC3c4ccc(O)cc4CCC3C1CCC2=O,高毒,34.6722,1.3563
O=C(Nc1nnc(SCCN2CCCCC2)s1)c1cc2ccccc2nc1O,高毒,27.7406,5.9678
CCOC(=O)c1cc(-c2cc(Cl)c(O)cc2O)c(C)nc1NC(=O)c1cccc(C)c1,中毒,42.9456,0.4331
CC(C)C1(C(=O)NS(=O)(=O)c2ccc(Cl)cc2)CCC1,高毒,13.9301,0.3589
CC(=O)Nc1ccc(-c2nnc(SCC(=O)N3CCc4ccccc43)n2N)cc1,高毒,8.2397,4.1872
CON=C(C(=O)NC1C(=O)N2C(C(=O)[O-])=C(C[n+]3ccc(C[n+]4csc(-c5cccc(O)c5)c4N)C3)cc3sccc33)CC12,高毒,593.0783,2.4125
Cc1cc(NC(=O)c2ccccc2F)no1,高毒,67.7909,2.1099
CC(C(=O)O)n1nc2c(c1C)CCCC2,微毒,38.3356,6.64
COc1ccc(Nc2ncnc3c2CN(C(=O)CCN2CCCC2)CC3)cc1OC,中毒,6.0926,0.3129
Cc1nc2c(s1)ncn2C1CC(O)C(COP(=O)(O)OP(=O)(O)OP(=O)(O)OP(=O)(O)O)CC1O,中毒,27.1334,0.231
Cc1cccc(C(=O)NCc2cccs2)c1,高毒,171.2106,2.0138
CCCCCCCCN=C(NC#N)Nc1nc(-c2ccccc2)cs1,中毒,152.9578,0.8159
Cc1nonc1CN1CCCC(c2nncn2C2CC2)C1,微毒,13.5158,0.2099
C#CCn1c(C#N)nc2ccccc21,高毒,198.5768,3.4078
CC(=O)OCC(OC(C)=O)C1C(C)(COC(C)=O)c2c(cc(O)c3nc(C)c(C4CC4)c(=O)c23)C1(C)C,高毒,593.0783,2.4125
COc1cccc2c1nc(CN1CCN(CCO)CC1)n2C,低毒,118.5806,0.2203
CC1CN(c2nc(=O)n(C)c3nc(-c4ccc5ncsc5c4)ccc23)CC(C)O1,中毒,44.7428,1.178
COc1ccccc1N1CCN(CCCCCCC(=O)Nc2nc3ccccc3nc2N2CCCCC2)CC1,中毒,73.0721,0.4491
COc1cc2ncnc(Nc3ccc(Cl)c(Cl)c3)c2cc1OCCCN1CCOCC1,中毒,12.2996,0.5603
CCOc1ccc(CCNC(=O)CCn2nc3c4ccccc4nn3c(=O)c2C)cc1,高毒,593.0783,2.4125
CCOC(=O)c1cn(Cc2ccc(F)cc2F)c2c(ccc3ccccc32)c1=O,中毒,94.2456,0.9088
CC1CCN(Cc2nccn2CC2CCCCO2)CC1,微毒,18.8034,1.6392
O=S(=O)(c1ccccc1)c1nnnn1Cc1cccs1,微毒,31.9743,0.2828
CC(C)Cc1nnc2n1N=C(c1cccc([N+](=O)[O-])c1)CC2c1cccs1,中毒,12.3442,0.6158
N#Cc1c(N)nc2c(c1-c1cccc(C(F)(F)F)c1)CCCC2,中毒,14.3455,0.7132
CCc1nnc2n1CCN(Cc1noc(C3CC3)n1)C2,高毒,28.8475,0.1782
COC(=O)c1ccc(CN(Cc2csc(-c3ccc(OC)cc3)n2)S(C)(=O)=O)cc1,低毒,9.1976,0.3906
O=C(c1ccco1)N1CCC(c2nncn2C2CC2)CC1,高毒,134.8969,0.5965
CC1OC(Oc2c(-c3cc(O)cc(O)c3)oc3cc(O)c(O)c(O)c3c2=O)C(O)C(O)C1O,低毒,41.4376,1.5359
COc1ccc(S(=O)(=O)N=C(N)Nc2nc(C)cc(C)n2)c(OC)c1,微毒,36.2362,1.527
COc1ccccc1-n1nnnc1SCC(=O)Nc1cc2n(n1)CCCC2,中毒,13.0772,0.976
COc1cccc(C(=O)Nc2ccc(C)c(S(=O)(=O)N3CCCC3)c2)c1,高毒,44.7239,0.1182
O=C(O)CCC(NC(=O)c1nn(-c2ccccc2)c(=O)c(C2CC2)c1CC1CC1)c1ccccc1,中毒,19.5312,1.4671
CN1CCN(CCCOc2cc3ncnc(Nc4ccc(F)c(Cl)c4)c3cc2OCCCn2cnc3ccccc32)CC1,中毒,93.2259,1.0773
CC(=O)Nc1nc(C)cc(COc2ccc(C(=O)NC3CCCc4ccccc43)cc2)n1,中毒,20.6479,0.6527
CCc1ncnc(-c2ccc(C(=O)N3CCCC(c4nncn4C4CC4)C3)c(Cl)c2)c1C#Cc1ccc(N)nc1,中毒,42.052,0.6086
Cc1cc(C)c(S(=O)(=O)Nc2ccc(S(=O)(=O)N3CCOCC3)cc2)c(C)c1,高毒,44.5589,1.7034
COc1cc(C=CC(=O)c2ccc(C(N)=O)cc2)ccc1O,高毒,54.7756,0.8517
COc1ccc(C(=O)OCCCn2nc(-c3ccccc3)c3c(N)ncnc32)cc1,中毒,88.3038,0.2001
O=C(NCC1(O)CCCCC1)c1ccc(Cl)c(Cl)c1,高毒,64.7703,0.9366
CCCCCCCCCCCCCCCCCC[n+]1cccc(CCCCCCCCCCCCC)c1,高毒,156.969,2.0895
O=C(Nc1nnc(SCc2ccc(C(F)(F)F)cc2)s1)c1ccccc1,低毒,91.936,0.3029
CC(=O)N1CCCC(Oc2nc(N3CCCCC3C)nc(N3CCN(c4nc(N)nc5c4CCN(C)C5)CC3)n2)CC1,中毒,30.3778,0.2367
Cn1cc(CCNC(=O)c2nnn(CC3CC3)n2)cn1,微毒,10.979,2.1913
O=C(Nc1nnc(COc2ccc(Cl)cc2)s1)c1cnn2c1OCC2,高毒,36.4017,1.1774
O=C(NO)C1CCN(c2ncnc3c2nc2n3CCCCC2)CC1,低毒,21.5541,1.3635
Cc1noc(C)c1CN1CCCC(c2nncn2C2CC2)C1,微毒,15.4294,0.2046
COc1ccc(OC)c(C(c2ccc(OC)c(OC)c2)n2ccc3cc(-c4cnn(Cc5ccccc5)c4)ccc32)c1,中毒,5.4058,0.2039
Cc1cc(C(N)=O)cc(C)c1Oc1nc(Nc2ccc(N3CCN(C)CC3)cc2)nc2c1CCN(Cc1cccnc1)C2,中毒,41.1858,0.3678
COc1cc2nc(N3CCN(C(C)=O)CC3)nc(N3CCCC3)c2cc1OC,中毒,89.3511,0.7876
NC1=NC(c2cc(NC(=O)c3cnc(OCC4CC4)cn3)ccc2F)(C(F)F)CC2CC2O1,中毒,16.3538,2.034
CC(F)CN1CCC(Oc2nc3ccc(C(F)(F)F)cc3[nH]2)CC1,微毒,66.5113,0.8053
COc1ccc2c(c1)C[S+]([O-])C2c1cccc2c1COC2,微毒,18.7275,1.0888
O=c1cc(-n2cnnn2)oc2cc(N3CCCC3)c(F)cc12,高毒,24.5071,3.2927
CC(=O)N1CCN(S(=O)(=O)c2cc(NC(=O)CC3NC(=O)NC3=O)ccc2Cl)CC1,高毒,90.9902,0.4762
CCOC(=O)C1CCN(C(=O)c2cc(-c3ccccc3)nc3ccccc23)CC1,中毒,37.0457,0.4116
CN(Cc1ccc2nc(C)nc(N)c2c1)c1nnn[nH]1,高毒,57.5136,1.0775
O=S1(=O)CCC2(CCN(c3ccnc4cc(Cl)ccc34)CC2)C1,高毒,4.7064,0.9252
Cc1ccc(NC(=O)C2CCN(S(=O)(=O)c3ccc4nnc(C)n4c3)CC2)cc1,高毒,31.5779,0.5541
COc1ccc2nc(N3CCCC3)nc(C3CCCN(C(=O)c4cc5ccccc5s4)C3)c2c1,中毒,27.628,0.6658
CCOc1ccccc1N1CCN(CCCCCC(=O)N2CCCCC2)CC1,高毒,63.6275,0.4153
CC(=O)c1cccc(NC(=O)Cn2nc3n(c2=O)CCCC3)c1,中毒,11.5901,16.6803
O=C(O)c1c(-c2ccccc2)ncn1Cc1ccc(C=CC=O)cc1,中毒,96.3866,2.8364
COc1ccc2c(c1)C(=O)N(CC1(C#Cc3ccc(S(=O)(=O)Nc4cnn(C)c4)cc3)NC(=O)NC1=O)C2,中毒,17.5101,0.2618
COc1ccc(C2=NN(c3nnnn3Cc3ccccc3)C(c3ccccc3F)C2)cc1,中毒,35.5935,3.5464
O=S(=O)(c1ccc(F)cc1)N1CCCC1c1nncn1C1CC1,微毒,20.9019,0.3776
O=C1OC(Cn2cnc3c(NCc4ccc(Br)cc4)ncnc32)C(O)C1O,中毒,5.7956,0.4701
CC12C=CC(=O)C=C1CCC1C2CCC2(C)C(C(=O)NC3CCCCC3)CCC12,高毒,92.9258,0.5669
COc1ccc(-n2nc3n(c2=O)CCCC3c2ccc(F)c(F)c2)cc1,中毒,11.2514,3.1305
CC(NC(=O)c1cnnn1C1CC1)C(=O)N1CCc2c(nnn2C2CC2)C1,中毒,14.0522,0.2014
CC=C(CCC(=O)O)C(=O)NC1CCCCC1,高毒,124.5204,0.8961
CCCNC(=O)c1ccc(CN2CCC3CN(CCc4cnn(C)c4)CCC3C2)cc1,低毒,48.9338,1.5308
CC(=Nn1cnnc1)c1cc2ccccc2n1C,高毒,22.931,0.737
O=C(O)c1ccc2nc3n(c(=O)c2c1)CCCCC3,中毒,85.3827,2.9283
CCc1nnc(NC(=O)C2CCN(S(=O)(=O)c3ccc(C)c(C)c3)CC2)s1,高毒,79.2854,1.6383
CCOc1ccc(NC(=O)c2cc3n(n2)CCCN(Cc2ccc(F)cc2)C3)cc1,中毒,28.076,1.8272
Cc1nc2ccc3ccccc3c2n1Cc1ccccc1,高毒,28.3493,5.8425
CCC(=O)Nc1cccc(CNc2ncnc(N3CCOCC3)n2)c1,高毒,98.1427,0.5471
CCc1nnc2n1CCN(Cc1ccc(C)s1)C2,微毒,233.9438,0.2336
COc1cc(C=CC(=O)OCC(=O)N2CCCc3ccccc32)cc(OC)c1OC,高毒,11.6494,8.2435
CC(=O)N1CCc2c(sc3ncnc(SCC(=O)NCCCN4CCCC4)c23)C1,中毒,15.1158,0.2876
O=C(CCCCCCN1CCCC1=O)N1CCC(c2nncn2C2CC2)CC1,微毒,62.135,0.2065
CCCCc1nn(Cc2ccc(-c3ccccc3-c3nn[nH]n3)cc2)c(=O)n1Cc1ccc(-c2ccccc2C(=O)O)cc1,中毒,10.0194,4.4491
CC(C)(C)c1ccc(COc2ccc(C3CC(c4ccc(C#N)cc4)=NN3c3ccc(S(N)(=O)=O)cc3)cc2)cc1,中毒,41.5239,0.6862
CC(=O)c1sc2ncnc(N3CCC(=O)N(C4CCCCC4)CC3)c2c1C,中毒,20.3521,0.4112
CCOC(=O)c1c(NC(=O)CSc2nncn2C)sc(C)c1C,高毒,12.547,2.4218
CC1(C(=O)NC(Cc2ccccc2)C(O)CNC2CCCCC2)CCCC1,高毒,42.7413,0.5968
Cc1cccc(C(=O)N2CCCC(c3nncn3C3CC3)C2)c1,微毒,15.2846,0.2214
Fc1ccc(-c2noc3ncnc(NCC4CCCO4)c23)cc1,中毒,218.0376,0.5535
CCOc1cc(C(=O)N2CCC(c3nncn3C3CC3)CC2)cc(OCC)c1OCC,高毒,36.4722,0.1795
O=C(O)c1noc(CCCC2CCCC(NS(=O)(=O)c3ccc(F)cc3)C2)n1,微毒,22.668,0.1379
CCOC(=O)c1nn(-c2ccccc2)cc(=O)c1-c1ccc(OCCN2CCCC2)cc1,高毒,593.0783,2.4125
CC(C)Nc1nc2cnc(-c3ccc(S(=O)(=O)N4CCc5ccccc5C4)cn3)cn2c(=O)c1CN(C)C,中毒,8.1452,0.9198
CCn1nc(C)c(CCC(=O)N2CCOC2Cn2nc(C)n(C)c2=O)c1C,中毒,12.0839,1.5421
COC(=O)C=CCOc1ccc2c(c1)C13CCCCC1(C)C(C2)N(CC1CCC1)CC3,高毒,17.9842,0.9325
Cc1cc(C(=O)NCCS(=O)(=O)c2ccc(Cl)cc2Cl)c(C)n1C,高毒,77.3171,0.8427
COc1cc(Nc2nc3c(c(N4CC5CCC(C3)N5CC3CC3)n2)CCCC4)ccc1NS(C)(=O)=O,中毒,9.5691,0.8935
COC(=O)C1C2CCC(O2)C1C(=O)Nc1ccc(Cl)cc1Cl,高毒,20.915,0.6271
CCOP(=O)(CCCCCn1cnc2c(N)ncnc21)OCCCCCC,高毒,64.0125,0.2583
CC1CC2COCC2N1S(=O)(=O)c1cccc(C#N)c1,高毒,23.1341,1.346
COc1ccc(OC)c(CN(C)Cc2nnc3n2CCCCC3)c1,低毒,87.8002,0.4091
CCN(CC)CCOc1ccc(-c2nnc(-c3ccc(OC)cc3OC)o2)cc1,高毒,151.2222,0.1446
Cc1cc(C)nc(N2CCN(C(=O)CNc3ccc(Cl)cc3)CC2)n1,高毒,66.5419,0.3671
O=C(O)Cn1c2c(c3cc(F)c(F)cc31)CCCC2,中毒,12.0993,0.254
CCN1CCCC1CNC(=O)c1cncc(-c2cnn(C(C)C)c2)c1,中毒,33.5632,0.144
CCCCCCCCCCCCCCCCNC(=O)Nc1cccc(C(=O)NCCCCCC(=O)NO)c1,高毒,13.1087,0.2949
COc1ccc(CNC(=O)c2nnn(CCOc3cc(C)cc(C)c3)c2C)cc1,高毒,11.6183,0.4518
COc1ccc2nccc(C(O)CN3CCC(NCCOc4ccc5c(c4)OCCO5)CC3)c2c1,高毒,12.3256,0.8606
CCOc1ccc(F)cc1C1CC(c2ccc3c(c2)OCO3)=NO1,中毒,22.2493,0.16
Cc1ccc(Sc2nnc(-c3ccncc3)n2-c2ccc(Cl)cc2)cc1,高毒,40.5396,1.5767
CCCCCCCCCCCCCCCCC(=O)OC1C(O)C(CO)OC2CCC(N)C21,高毒,14.6074,1.4829
CCOC(=O)c1sc(NS(=O)(=O)c2ccc3c(c2)n(C)c(=O)n3C)c(=O)c1C,高毒,593.0783,2.4125
CN(C)CCCNC(=O)c1cc2c(s1)-c1ccccc1CC2,中毒,10.1213,1.1709
C#CCN(Cc1cc2c(=O)n(Cc3ccc4ccccc4n3)c(=O)n(C3CC3)c2n1)c1ccc(C(=O)NC(CCC(=O)O)C(=O)O)cc1,高毒,593.0783,2.4125
CCCCCC(=O)NC1C(O)CC(O)C(O)C1O,微毒,143.5947,1.0007
CCC(=O)N1CCCC(n2nc(-c3c[nH]c4ncc(C#N)cc34)c3c(N)ncnc32)C1,中毒,28.9546,0.28
COCCOCCOc1nccn1C1CCN(C(=O)c2cncnc2-c2cccc(F)c2)CC1,高毒,77.0523,2.1002
O=C1CCC(C(=O)N2CCC3(CC2)OCCO3)CN1,微毒,101.7976,0.4519
CC(C)n1nnnc1SCC(=O)NC1CCCCC1,高毒,109.3442,0.765
CCN(CC)S(=O)(=O)c1ccc(C(=O)NCC2CCCO2)cc1,高毒,102.3137,0.3248
CCCCCCCCCCCCCCN1CCN(C(=N)N)CC1,高毒,175.0311,2.3476
CC1(C)CC(=O)C2=C(C1)N(c1cccc(C#N)c1)c1nc3cccnc3cc1C2c1ccc(Cl)c(Cl)c1,中毒,7.4993,0.2225
O=C1C(Nc2ccc3nc(NC(=O)c4ccc5ncsc5c4)nc(N4CCOCC4)c3c2)N=C(NC2CC2)N1,中毒,64.116,0.8087
O=c1[nH]c(N2CCCCC2)nc2c1CCNCC2,高毒,38.8203,1.985
Cc1nn(C)c(C)c1CN1CCCC(c2nncn2C2CC2)C1,微毒,9.0006,0.2333
Cc1ccc(NS(=O)(=O)c2ccc3nc(NC(=O)COc4ccc(C)cc4)sc3c2)cc1,中毒,76.8287,1.1392
CCOC(=O)c1cnn(CC2CCCO2)c1NC(=O)c1cccc(S(=O)(=O)N2CCOCC2)c1,低毒,17.4209,0.1673
CCCCCCCC[N+](C)(C)CCCCCCCCCC,高毒,170.2175,1.5842
CC(C)OP(=O)(NN=Cc1ccccc1)c1cccc2ccccc12,高毒,19.4758,3.0724
COc1cc(CC2=C(O)C(=O)c3ccccc3C2=O)ccc1OCC(=O)N1CCOCC1,中毒,28.1776,1.8285
O=C(O)CN1CCC(c2nnc(C3CC3)n2Cc2ccc(Cl)cc2)CC1,微毒,47.5293,1.8059
O=C1C(Cc2nnc(C3CC3)n2-c2ccc(Cl)cc2)CCN1c1ccc(F)cc1,低毒,26.7165,3.565
CN1CCCC(c2nnc(Sc3nc4ccccc4[nH]3)n2C2CC2)C1,微毒,19.8223,0.1999
COc1cc(-c2nnco2)ccc1Nc1ncc2ccnc(Nc3cccc(Br)c3)c2n1,中毒,8.3716,0.5408
Cc1nn(C)cc1C(=O)N1CCCC(c2nncn2C2CC2)C1,微毒,28.5513,0.2099
Cc1ccc(COc2cccc3nc(C4CCN(C5CN(C)CC5)CC4)nn23)cc1,中毒,21.7819,1.1477
CCCOc1cc2ncc(C(N)=O)c(Nc3ccc(F)c(Cl)c3F)c2cc1OCCOC,中毒,13.9764,0.3053
CC(C)(C)c1ccc(C(=O)Nc2sccc2C(N)=O)cc1,低毒,14.3197,2.5214
C=C(C)C1CC=C(C)C2CCC(C)=CCC3OC34C2CC1,高毒,593.0783,2.4125
COCCNC(=O)C1CCCN(Cc2nncn2C2CC2)C1,高毒,37.9992,1.0367
Cc1nc(CN2CCCC(c3nncn3C3CC3)C2)no1,微毒,18.4553,0.1549
COc1cc2ncnc(Nc3ccc(Oc4cccc([N+](=O)[O-])c4)c(Cl)c3)c2cc1OC,低毒,32.4248,1.6975
O=C(NC1CCCC1)c1cnn2c(N3CC4CC3CN4Cc3cccc(F)c3F)nc(C3CC3)nc12,中毒,7.2769,0.3142
CC(=O)Nc1cc(C)nc(N2CCC(NC(=O)c3ccc(C)o3)CC2)n1,高毒,51.4652,0.3967
Cc1ccc2c(c1)nc(Cn1c(=O)n(C)c(=O)n1C)n2CCc1ccccc1,中毒,25.9228,4.802
Cn1ncc2c(N3CCC(O)CC3)nc(-c3ccc(NC(=O)Nc4ccc(F)c(Cl)c4)cn3)nc21,中毒,9.3604,1.0299
C=CCOc1cc(C(=O)NC2CCN(C(=O)OC(C)(C)C)CC2)cc(OC)c1OC,高毒,21.7187,1.1434
CC[n+]1ccc(-c2c[nH]c(C(CC)NC(=O)c3cc(NC(=O)c4cc(NC(=O)c5cccc(Cl)c5)ccc4C)n(C)c3)c2)n(C)c1,高毒,593.0783,2.4125
CC1CN(C(=O)c2nc3nn(C)cc3c(=O)[nH]2)CCN1C,低毒,65.189,1.0117
Cc1nc(C(C)C)sc1CN1CCCC(c2nncn2C2CC2)C1,中毒,19.8306,0.6105
CC(C)(C)c1ccc(CCNC(=O)C2CCCN2C(=O)c2ccc(OCC3CC3)c(F)c2)cc1,中毒,16.8047,0.1488
O=C1NC2CCC(CCN2CCC(c2ccccc2)C2CCCCC2)C1,高毒,18.6602,2.845
COc1ccc(Cn2nnnc2CN(Cc2ccc(C)s2)CC2CCC2)cc1,微毒,10.2416,1.8586
Cc1nc2cc(OCc3cc4n(n3)CCOC4)ccc2n1Cc1cccnc1,中毒,24.315,1.9636
O=C1C(=Cc2ccc(O)c(O)c2)CN(c2ccc(Cl)cc2)CC1=Cc1ccc(F)cc1,高毒,7.0986,2.8467
COc1ccc2nc(N(C)C)nc(N3CCN(c4ncnc5sc6c(c45)CCCC5)CC4)c2c1,高毒,593.0783,2.4125
Cc1cc(S(N)(=O)=O)ccc1Nc1ncnc2cnc(N3CCC(C(=O)Nc4nnc(F)s4)CC3)cc12,中毒,10.8893,0.8801
Cc1nn(C)c(C)c1CN1CCCC(c2nncn2C2CC2)C1,微毒,9.0006,0.2333
COc1cccc(Nc2ncc3nc(-c4ccco4)n(CC4CCC4)c3n2)c1,中毒,12.4761,0.2074
COc1cccc(CNC(=O)c2cnn(C)c2)c1,低毒,136.2959,0.9776
COc1ccc2[nH]c(C)c(CCNC(=O)C34CC5CC(CC(C5)C3)C4)c2c1,高毒,23.0515,2.0403
CNn1c(SCC(=O)Nc2ccccc2OC)nnc1-c1ccco1,中毒,50.7448,0.6283
CC(=O)OC1CCC2(C)C(=CCC3C2CC(S(C)(=O)=O)C3(C)C)C1,低毒,18.8321,1.4994
CC(C)Cn1nnnc1CN1CCCC(c2nncn2C2CC2)C1,微毒,9.9597,0.3405
CC1(C)CCCC2(C)C1CCC13CC(CC=C(C)C)C(C2)C(=O)CCC31,高毒,593.0783,2.4125
COc1ccc(NC(=O)c2sc3ncnc(N4CCN(c5ccc(F)cc5)CC4)c(=O)c3c2C)cc1,中毒,14.4005,0.2152
COc1cc(-c2nnc(SCC(=O)NN=Cc3ccc(Br)o3)n2CC2CCCO2)cc(OC)c1OC,中毒,9.3647,0.6798
Cc1cc(C)c2cc(C(=O)NCC3(N4CCCC4)CCCCC3)oc2c1,中毒,161.234,3.7654
CCCCCCCCCCCCCCCCCCCCOC(=O)CCCON1C(=O)C(=Cc2ccc(OC)c(OC)c2)SC1=S,高毒,24.763,6.3888
COc1cc(N2CCN(C)CC2)ccc1Nc1ncc2c(n1)-c1c(nn(C)c1-c1ccccc1)CC2,中毒,22.4484,0.13
C=CCNC(=O)OC(C)(C)C,高毒,423.8401,3.706
COc1cc(C)nc(N2CCCC(c3nnc4n3CCCC4)C2)n1,微毒,42.1941,0.7163
CCCn1cc(C(=NO)NC(=O)Nc2cccc(C)c2)c(=O)c2cc(F)c(N3CCN(C)CC3)cc21,中毒,6.4269,0.2623
CCn1ccc(C(=O)N2CCCC(c3nncn3C3CC3)C2)n1,微毒,58.1462,0.6391
COc1cc(OC)c2c(c1)OC(c1ccc(OC)c(O)c1)C(OC(=O)c1ccc(O)c(O)c1)C2=O,中毒,21.2051,0.7
CC1CN(CC2CCOCC2)CCC1N1CCCC(c2nncn2C2CC2)C1,微毒,16.6862,0.3821
Cn1nc(C(C)(C)C)cc1C(=O)Nc1nnc(C2CCC2)s1,高毒,9.8922,1.0847
CC(=O)N1CCCC(c2nncn2C2CC2)C1,微毒,24.615,0.2138
CN1CCCC(c2nncn2C2CC2)C1,微毒,13.5158,0.2099
CC(=O)OC1C=C2C3CC(NC(=O)C(C)(C)C)CCC3(C)C3(O)CCC(C4(C)C3CC(C)C(C)C(O)C4C)C3(C)CCC2C2(C)CCC(O)C(C)(C,高毒,593.0783,2.4125
CC(C)CC1C(=O)NC(CO)Cc2nc(cs2)CCOCC(C(=O)N(C)C2CC2)NC(=O)CNC(=O)C(CCCNC(=N)N)NC1=O,中毒,15.7719,0.2564
COc1ccc(OC)c(CN2CCC(CNC(=O)C(Cc3cccc4ccccc34)NC(=O)C3CCN(C)CC3)CC2)c1,中毒,69.1004,0.4927
O=C1C2C3C=CC(C3)C2C(=O)N1c1ccc(CN2CCC(C3=NCCN3)CC2)c([N+](=O)[O-])n1,中毒,13.0555,6.5027
O=C(O)c1ccc(C(=O)C=Cc2ccc3ccccc3n2)cc1,高毒,23.8827,2.6902
CC1CCC(Cn2nnc3cc(-c4nnc5n4CCC(C(=O)NC5CC5)C5)nc(-c5ccc(F)cc5)c4n32)CC1,高毒,593.0783,2.4125
COC(=O)C1(CCCCCCCCCCCCCBr)CCC2C3CC=C4CC(O)CCC4(C)C3C(O)CC21C,高毒,25.2609,4.1128
COc1cc2ncnc(Oc3ccc(NC(=O)NN=Cc4ccc(F)cc4F)cc3F)c2cc1OC,中毒,18.1975,3.2437
CC(NC(=O)c1ccc(S(=O)(=O)NCC2CC2)cc1)C1CC1,高毒,60.7615,0.3421
CC(C)NC1CCCc2cc(OCCCN3CCCCC3)ccc21,高毒,17.7482,4.6966
O=C(O)c1csc(-n2nnc3c(F)cccc3c2=O)n1,低毒,20.9003,0.2017
O=C(Nc1cnn2c1NCCC2)c1cc(Cl)c(O)c(Cl)c1,低毒,36.0606,1.022
O=C1Nc2ccc(Br)cc2C1=NNc1nnc(-c2ccccc2)s1,中毒,32.7776,2.4955
O=C(O)c1csc(N2CCC(N3CCC(c4cccc(-c5nnn[nH]5)c4)CC3)CC2)n1,高毒,14.6554,4.3291
Cc1nc2n(c1C(=O)Nc1ccc(F)c(F)c1)CCCC2,中毒,29.9663,0.1917
CCOc1cc(C(=O)OCC(=O)Nc2nnc(C)s2)ccc1OCC,高毒,34.734,3.3748
O=C(O)CN1C(=O)C(=Cc2cnn3c(NC4CC4)cc(-c4ccc(N5CCOCC5)cc4)nc23)SC1=S,中毒,16.2375,6.6481
Cc1noc(C)c1CN1CCCC(c2nncn2C2CC2)C1,微毒,15.4294,0.2046
CCN(CC)CCNC(=O)c1ccc(Cl)cc1NC(=O)C1CCCN(S(=O)(=O)c2c(C)noc2C)C1,中毒,12.378,0.2298
CN(CCO)CC(=O)Nc1ccc(-n2nc(C(F)(F)F)cc2C(=O)O)cc1,高毒,61.3415,2.0393
O=C(Nc1nnc(SCc2nnc(SCc3ccccc3)o2)s1)c1ccc(Cl)cc1,中毒,209.087,5.0696
O=C(NO)c1cn2c3c(cccc3c1=O)OC(C(F)F)C2,中毒,14.4499,0.0877
CC(C)CC(NC(=O)C(CCC(=O)O)NC(=O)c1ccc(O)c(C(=O)O)c1)C(=O)NC(CCC(=O)O)C(=O)NC(Cc1ccccc1)C(=O)O,中毒,23.9189,0.3914
O=C(Nc1sc2c(c1C(=O)O)CCCC2)Nc1nncs1,中毒,12.1595,2.0899
CCCCCSC(=S)NCCCOC(=O)C(C)(C)C,高毒,66.0436,7.611
COc1ccc(Cc2nnc3n2NC(c2ccc(C)cc2)=NN3c2ccc(C)cc2)cc1,低毒,11.8471,3.046
Cc1ccc(Cc2nnc3n2N=C(c2ccc(Cl)cc2)CS3)cc1,微毒,108.8749,0.99
Cc1nn(-c2nc3nc4c(cc3s2)CCCC4)c(=O)[nH]1,中毒,18.871,0.5039
O=C(CN1C(=O)NC2(CCCCC2)C1=O)NCc1ccccn1,中毒,312.6856,0.6357
Cc1c(Cc2cccc(F)c2)nnn1CCN1CCOCC1,高毒,115.3109,0.4011
CC1CCc2c(sc3ncnc(NCCNC(=O)CN4CCCCC4)c23)C1,中毒,22.988,0.4165
COc1cccc(-n2nc3c(c2NC(=O)C2CCCCC2)CS(=O)(=O)C3)c1,高毒,11.1377,2.2511
Cc1c(C(=O)NN2CCCCC2)nn(-c2ccccc2Cl)c1-n1cc(COc2ccc(F)cc2)nn1,中毒,56.6753,2.0646
CCCC1Cc2ccccc2N1C(=O)c1nn2c(C)cc(C)nc2c1C,中毒,14.5387,0.414
CCOC(=O)C1=C(C)NC(=O)NC1c1ccc(NC(=O)c2cccs2)cc1,中毒,21.6188,0.2846
COc1cc(CC(O)C=CC2CCC(C(=O)O)CC2)ccc1OS(=O)(=O)c1ccccc1F,中毒,16.1478,0.5423
COC(=O)C12CCC(C)C(C)C1C1=CCC3C4(C)CCC(O)C(C)(C)C4CCC3(C)C1(C)CC2,高毒,22.8328,2.1735
CC(C)(C)c1ccc(OCC(=O)NCc2ccco2)cc1,高毒,262.8011,6.135
Cn1nccc1CN1CCCC(c2nncn2C2CC2)C1,微毒,25.1026,0.197
COc1ccccc1NC(=O)CSc1nnc(-c2ccncc2)n1-c1ccccc1,高毒,48.2313,1.2702
COc1ccccc1-n1cnc(CSc2nnc(CNC(=O)C3CCCC3)n2CC2CC2)n1,低毒,91.3807,2.1808
OC(COc1ccccc1)COc1ccc2c(c1)OCCO2,高毒,398.8296,3.2787
Cn1c(=O)ncc2cnn(CC(O)CN3CCCC3)c12,微毒,68.05,0.6811
CNC(=O)Nc1ncc2ncn(C3OC(COP(=O)(O)OP(=O)(O)OP(=O)(O)OC4CC(n5cnc6c(N)ncnc65)C(O)C4O)C3O)c2n1,中毒,11.5505,0.3289
CC(=O)OC1CCC2(C)C(CCC3(C)C2CC=C2C4C(C)C(C)CCC4(C(=O)N4CCC(C(N)=O)CC4)CCC23C)C1(C)C,高毒,13.1803,1.6307
CC(=O)c1sc2ncnc(N3CCN(c4cccc(C(F)(F)F)c4Cl)CC3)c2c1C,中毒,14.6779,0.411
Cc1cc2c(cc1N1C=C(c3cnn(C)c3)C(=O)NC1=O)CCC2,低毒,39.4559,0.7128
Cc1nnc(NC(=O)Cc2ccc(N3CCCCC3)nc2)s1,高毒,62.9538,6.3489
CN(C)CCNc1nc2c(S(=O)(=O)c3ccc(F)cc3)cccn2c(=O)c1-c1ccc(C#N)cc1,中毒,29.2051,0.1437
CCN(CC)c1nc2c(c(-c3ccc(C(F)(F)F)cc3)n1)CCN(CCCCN1CCN(c3cccc(C)c3C)CC1)C2,中毒,13.6855,0.4045
Cc1cc(-c2nncn2CC2CCN(C(=O)CN3CCOCC3)CC2)no1,中毒,17.9576,0.9806
CC(C)N1CCC(n2ccnn2)CC1,高毒,49.3121,1.1813
CCc1nnc2n1N=C(c1ccc(Br)o1)CS2,微毒,72.8081,0.64
CC(=O)N1CCCC(n2nnc3cnc(Oc4ccc(N5CCN(C)CC5)nc4)nc32)C1,中毒,91.8701,0.1632
COc1cc(C=CC(=O)NC2CCCCC2)cc(OC)c1OC,高毒,92.159,3.7854
O=c1c(Br)cnn(-c2ccc(Br)cc2)c1-c1ccc(Cl)cc1,高毒,593.0783,2.4125
COc1ccc(Nc2nc(NCCc3ccc(F)cc3)nc3[nH]cnc23)c(OC)c1,中毒,7.7132,0.8937
COc1ccc(NC(=O)CSc2nnc3nc(-c4ccccc4)nn23)cc1,高毒,593.0783,2.4125
CC(C)(CCN1CCN(c2nsc3ccccc23)CC1)c1ccccc1,高毒,41.627,2.628
O=C1NCCCCC1N1CCC2(CC1)CC(c1cccc(F)c1F)CO2,中毒,12.035,0.2881
CNC(=O)c1cc(-c2cnc(N)c(-c3nnc4n3CCC4)c2)ncc1OCC1CC1,中毒,64.1709,0.8436
CCCC1(c2cc(NC(=O)c3cnn4cccnc34)c(F)cc2F)CCS(=O)(=O)C2(CC2)C(N)=N1,中毒,52.0922,0.4052
Cc1cn2c(-c3cn[nH]c3)cnc2c(C(=O)N2CCCC2)n1,中毒,68.201,0.5099
CC(=O)c1ccc(NCc2ccccn2)cc1,高毒,59.6445,1.0505
CC(C)CCCC1(C2=NCCS2)CCCCC1,高毒,99.1188,3.0683
CCCCCCCCCCCCCCCCCCC(=O)N1CC2CC(C1)c1nncn1C2,微毒,18.5884,0.5933
CCOC(=O)c1cccc2c1CCN2S(=O)(=O)c1ccccc1,中毒,17.8062,1.274
COc1ccccc1OCCN1CCC(n2nnc3nnc(C)n32)CC1,微毒,10.4194,0.2612
Cc1cc(C)c(C2COC(=O)C2CC(=O)OCC(=O)Nc2cccc(C(F)(F)F)c2)c(C)c1,中毒,42.4481,0.7392
CCN1CCC(NC(=O)c2cnn(CC)c2Cl)CC1,高毒,111.9194,1.5441
O=C(CCCc1nnc(SCC(=O)N2CCOCC2)n1Cc1ccccc1)NCC1CCCO1,中毒,27.2574,0.1796
Cc1ccc2nc(NC(=O)c3cnn(-c4ccccc4)c3N)sc2c1,中毒,41.1436,9.1465
Cc1ccc(C)c(CN2CCC(=O)N(CCc3ccc(C(=O)N(C)Cc4cccs4)cc3)C2)c1,微毒,78.4252,0.4447
Cc1nnc(Cn2nnc3c(Cl)ncnc32)n1Cc1ccccc1,微毒,9.7195,1.0643
CC1CCCC(C)N1CCCCCOc1ccc2c(c1)CCCN2C(=O)C1CC1,高毒,11.7852,6.8834
N#Cc1cccc(Nc2nc(NCc3cccc(-n4ccnc4)c3)nc3c2CS(=O)(=O)CC3)c1,低毒,18.4795,0.6045
CCn1c(=O)c2ncn(CCc3ccc(NC(=N)N)cc3)c2n(CCC)c1=O,中毒,23.2626,1.2208
O=C(c1ccc(Cl)cc1)N1CCC2(CC1)CCN(c1nccs1)C2,高毒,29.3242,0.1346
CCCCCCCCCCCCCCCCC(=O)Oc1ccc(CC(=O)O)cc1,高毒,85.5282,3.8246
CC(C)(C)OC(=O)N1CCC(C(N)=O)CC1,高毒,67.9567,0.8576
COc1ccccc1C1CCC(=O)N1c1ncnc2c1ncn2C1OC(CO)C(O)C1O,中毒,5.6983,0.3289
CC(C)n1ncc(C(=O)c2cnc5[nH]ccc3c2)c1C1CCC(N)C(F)CO1,高毒,593.0783,2.4125
N#Cc1cc(-c2ccccn2)nn1C1CCN(CCc2ccc(S(=O)(=O)Nc3ncns3)cc2)CC1,中毒,56.1025,0.8118
COc1ccc(Oc2nc(-c3cccs3)nc(O)c2C#N)cc1,微毒,26.4246,0.5418
O=C1C(=Cc2ccc(F)cc2)CN(C(=O)CC2CNCC2c2ccccc2)CC1,高毒,27.737,1.2599
COc1ccc(-c2nnc3n2-c2cccnc2Nc2ccc(F)cc2-3)cc1,中毒,3.2628,0.2271
CCCCOc1ccc(CNc2ncnc3sc4c(c23)CCCC4)cc1,中毒,19.959,0.4674
CCCC(CCC)C(=O)N1CCCC(C2CCCN(c3nncn3C)C2)C1,高毒,47.1427,0.2131
Cn1nnc(C2CN(Cc3nccn3C)CC2O)n1,低毒,25.8354,5.3537
O=C(Nc1nc(-c2ccccc2)cs1)C1C(c2ccc3c(c2)OCO3)=Nc2ccccc2O1,中毒,49.1444,1.0626
Cc1nn2c(CN3CCOCC3)nnc2s1,微毒,26.2836,0.8772
Cc1c(CN2CCN(c3nc(=O)c4ccc(F)cc4o3)CC2)cnn1-c1nn2cccc2c(=O)[nH]1,中毒,6.6175,0.1746
CCOC(=O)c1nn2c(=O)cc(COC(=O)c3ccc(S(=O)(=O)N4CCCC4)cc3)nc2c2c1CCC2,中毒,37.4331,2.4997
CC1CN(CCC(O)Cn2c3c(c4ccccc42)CCCC3)CCO1,中毒,10.7746,0.8784
CCOc1nnc(C(C)C)n1-c1ccc(CN2CCC(Oc3cccc(C#N)c3)CC2)cc1,低毒,13.4063,1.6834
Cc1nnc(NC(=O)c2ccc(Cl)o2)s1,高毒,34.9552,1.1563
Cc1nc(C(C)C)c(C(=O)N2CCCC(c3nncn3C3CC3)C2)no1,高毒,593.0783,2.4125
COc1cc(OC)c(-c2cn3ccc(N4CCN(c5nc6c(cnn6C6CCCC6)c6ncc(C(F)(F)F)cc6n5C)CC4)c3n2)cc1Cl,高毒,593.0783,2.4125
Cc1nnc2n1CCN(C(=O)c1ccc3nsnc3c1)C2,中毒,106.244,0.148
Cc1ccc(Cl)c(-n2nc3c(Sc4ccc(S(=O)(=O)N5CCCCC5)cc4)ncnc3c2C)c1,中毒,20.3657,0.5041
CCN1CCN(C2=Nc3ccccc3C3CCc4c([nH]c5ccccc45)C32)CC1,中毒,12.8628,1.8076
CS(=O)(=O)c1ccc(C(=O)N=C(N)N)cc1,高毒,76.8059,0.7689
CCC=CCC=CCC=CC=CCC=CCC=CCCC(=O)NCC(O)CO,高毒,161.4223,3.7577
Cn1cc(-c2cnc3cnc(-c4ccc(NC(=O)C5CC5)cn4)cc3n2)cn1,中毒,59.8286,1.0474
CC(C)CN1CC(CN(C)Cc2ccncc2)CC2CCCC21,高毒,104.1252,1.0512
CN(C)c1ccc(C(=O)Nc2nc3cc(Cl)ccc3s2)cc1,中毒,124.8669,2.9657
COc1ccc2c(c1)c(CC(=O)NC1CCCCC1)cn2C,高毒,62.1311,0.8468
CCn1c(C)c(CC(=O)N2CCN3CCCC3C2)c2nc(C)n(CC3CCCCC3)c(=O)c21,中毒,48.4999,0.896
CC(=O)c1cccc(Nc2ncnc(N3CCCC(Nc4nccs4)C3)c2)c1,中毒,9.5432,5.7586
Cc1c(C(=O)N2CCCC2C(=O)N2CCCC(F)(F)C2)cnn1-c1nn2cccc2c(=O)[nH]1,中毒,39.8027,0.1244
CN(Cc1nncn1C1CC1)C(=O)c1snc2c1CCCC2,中毒,18.4132,0.317
N#Cc1c(O)nsc1Nc1nc(C2CC2)nc2c1CN(Cc1nccs1)CC2,中毒,35.2126,1.1192
CCN(CC)CCN1c2ccccc2Sc2ccc(NCc3ccc(F)cc3)cc21,低毒,18.5452,1.2531
O=C(Nc1nncs1)N1CCN(c2ncnc3ncsc23)CC1,高毒,12.8841,0.636
COc1cccc(COC(=O)C23CC4CC(CC(C4)C2)C3)c1,高毒,106.8702,6.1595
COc1cc2ncnc(Nc3ccc(F)c(Cl)c3F)c2cc1NC(=O)C=CCN(C)C,低毒,7.9477,0.4387
COc1ccc(C2C(C(=O)c3c(C)n(Cc4ccccc4)c4ccccc34)=C(O)C(=O)N2CCCN2CCOCC2)cc1OC,中毒,96.5212,1.1155
COC(=O)c1cc(OCc2cn(Cc3ccc(Cl)cc3)nn2)cc(OC)c1,高毒,81.093,0.1655
COc1cc(C=CC(=O)c2c(O)c3c(c(O)c2OC)C=CC(C)(C)O3)cc(O)c1OC,高毒,18.9617,0.824
COc1ccc(C=C2CCCC(=Cc3cccc(OC)c3OC)C2=O)cc1,高毒,50.5259,2.319
S=C(Nc1cccnc1)Nc1ccc2nsnc2c1,高毒,128.486,0.7339
Cc1nc(CC(=O)N2CCCC(c3nncn3C3CC3)C2)no1,微毒,35.0886,0.3318
CCCCCCCCCCCCCCCn1nnnc1CN1CCC(C(=O)NCCCCN)CC1,低毒,31.5439,0.7353
CN(C)C1CCN(Cc2nc(-c3ccc(Cl)c(Cl)c3)no2)CC1,微毒,42.2513,1.6731
N=C(N)N1CCCC(c2nnc(CNC(=O)C3CCC3c3ccc4ccccc4n3)n2)C1,高毒,593.0783,2.4125
O=C(Nc1cccc2[nH]ncc12)N1CCCC(c2nncn2C2CC2)C1,高毒,18.8148,0.319
N#Cc1ccc(Cn2nnc(-c3cccnc3)n2)cc1,微毒,234.235,5.0002
CCOC(=O)c1cnc2sc(N3CCOCC3)nn2c1=O,中毒,17.4483,2.4432
CC1=NC(=O)C(C2NC(=O)N(C)C2=O)=C1C,高毒,98.229,0.2222
CC(C)(COC(=O)c1cccnc1Oc1ccc(S(=O)(=O)Nc2nccs2)cc1)C(=O)O,高毒,14.1419,1.8905
COc1ccc(C=CC(=O)c2ccccc2)cc1,高毒,99.802,1.6646
CN1CCC(COc2cc(C#Cc3cnc(N)c4cc(C#N)cnc34)ncn2)CC1,高毒,5.0711,12.5092
CN1CC2CC(C1)C2N(Cc1cn(-c2ccccc2)nn1)Cc1ccc(Cl)c(F)c1,中毒,4.2318,0.2674
CCc1nncn1CCN1CCC(c2nncn2C2CC2)CC1,微毒,40.2715,0.2051
O=C(NN=Cc1c[nH]c2ccc(Cl)cc12)N1CCN(c2ccc(F)cc2)CC1,高毒,18.2994,1.8129
CCS(=O)(=O)N1CCCC(c2nncn2C2CCCC2)C1,微毒,18.2143,0.3551
COc1ccc(CCN(C)C(=O)Cn2cnc3sc4c(c3c2=O)CCCCCC4)cc1OC,中毒,30.9013,0.4003
CC(C)CC1NC(=O)C(CC(=O)O)NC(=O)C=CC(COC(=O)C(C)(C)C)NC(=O)C(Cc2ccccc2)NC1=O,中毒,81.1479,0.4868
Cc1nn(C)c(C)c1NS(=O)(=O)c1cc(Cl)c(N2CCN(C)CC2)c(F)c1,高毒,23.577,0.6543
COc1ccc(S(=O)(=O)Nc2cc(C(=O)Nc3ccccc3N3CCCCC3)ccc2OC)cc1,高毒,75.8821,0.56
CC12CCC(O)CC1=CCC1C2CCC2(C)C(n3nc(-c4ccncc4)nn3)=CCC3(C)C(CCC4C5(C)CCC(O)C(C)(C)C5CCC43C)C12,高毒,17.7697,1.5517
Cc1cccc(Cn2c(C(F)(F)F)nnc2SCC(=O)NC2CCCCC2)c1,高毒,59.7552,0.2988
O=C(c1ccc(Cl)cc1Cl)N1CCC(c2nncn2C2CC2)CC1,低毒,75.0781,0.2011
COc1ccc(-c2nnc(SCc3nnc(-c4ccc(C#N)cc4)o3)n2N)cc1,中毒,164.1951,0.6372
CCCCc1nn(C)c2c(=O)n(CC(=O)N3CCN(C(=O)c4ccoc4)CC3)c(C)nc12,中毒,25.6853,0.2851
COCCN(CCOC)C1CCc2nc(N)sc2C1,高毒,30.4622,0.1888
COC1CCC2(CC1)Cc1ccc(C#CC3CC3)cc1C21N=C(N)N(C)O1,中毒,15.766,0.1891
CC1CN(C(C)CO)C(=O)c2cc(NC(=O)Nc3cccc(F)c3)ccc2OC1CN(C)S(=O)(=O)c1cccc(C(F)(F)F)c1,中毒,7.1236,0.1644
O=C(COc1ccc(S(=O)(=O)N2CCOCC2)cc1)N1CCCCC1,高毒,57.7489,0.4197
COc1ccc(C2C3=C(COC3=O)Nc3nnc(SCc4nnc(-c5cc6cc(OC)ccc6o5)n4C)n32)cc1,中毒,121.0331,0.2134
O=C(c1cccc(NS(=O)(=O)c2cccc3nsnc23)c1)N1CCCC1,低毒,42.8391,1.7918
O=C(CCc1ccc(F)cc1)N1CCCC(n2nnc3cc(C(F)(F)F)ccc32)C1,中毒,5.996,0.4852
CC(C)CCn1c(Cc2ccc(C#N)cc2)nnc1SCC(=O)N1CCN(c2ccccc2OC(F)F)CC1,中毒,32.1784,0.2207
COc1ccc(N2CCN(C(=O)C=Cc3ccc4c(c3)OCO4)CC2)cc1,高毒,20.412,1.177
COCCn1c(Cn2nnc3ccccc32)nnc1SCC(=O)N1CCCCCC1,中毒,10.7844,0.1349
COc1cc2nc(N3CCN(C)CC3)nc(NCCCN3CCN(c4nsc5ccccc45)CC3)c2cc1OC,中毒,88.0306,3.3575
Cc1nn(C)c(Cl)c1CN1CCC2(CC1)NC(=O)N(CC(=O)N1CCOCC1)C2=O,中毒,66.5027,0.7676
COc1cc(C=Cc2nc3ccccc3n2CC(=O)NC2CCS(=O)(=O)C2)ccc1OCc1ccc(F)cc1,低毒,23.9068,0.0582
CC(=O)OC1CCC2(C)C(CC(O)C3C4(C)CCC(OC(C)=O)C(C)(C)C4CCC32C)C1(C)C,高毒,28.6217,4.2159
COc1cc(C=NNC(=O)c2nnn(-c3nonc3N)c2C)cc(OC)c1OC,中毒,6.6696,0.4628
CCCCCCCCCCCCCCCCCC(=O)NCCCCCNCCCNCCCN,高毒,477.773,2.4125
CCC(C)C(NC(=O)C(N)Cc1ccc(O)cc1)C(=O)NC(CC1CCCCC1)C(O)CC(Cc1ccccc1)C(=O)NC(Cc1ccccc1)C(=O)NC(C)C(N)=,高毒,593.0783,2.4125
COc1cc2ncnc(Nc3ccc(F)cc3F)c2cc1OCC1CN(C)CC1c1ccc(F)cc1F,中毒,4.3003,0.2539
Cc1n[nH]c(C)c1Cc1cc(C(F)(F)F)nn1CC(=O)N1CCC(C#N)CC1,中毒,25.1699,0.2224
Cc1nn(Cc2nc3ccccc3[nH]2)c(C)c1CCC(=O)N1CCCC1,中毒,38.7747,1.1651
O=C1CN(C2CCCC2)CCN1Cc1ccncc1,中毒,155.9374,0.5152
O=C1NC(=S)N(c2cccc(Cl)c2)C(=O)C1=CNc1nncs1,高毒,25.6904,27.5973
CN(C)CCN1CCN(c2nnc(C(F)(F)F)s2)CC1,高毒,28.7417,2.4768
CCCCCCCCCCCCCCCCC(=O)OC1C(C)C(=O)C=C2C=C(C)C(=O)C(OC(=O)CCC)C2(C)C1C1=CCC2C3(C)CCC(O)C(C)(C)C3CCC21,中毒,13.1803,0.9176
COc1ccc(C(C(=O)NC2CCCCC2)N(C(=O)c2snc(C(N)=O)c2N)c2ccccn2)cc1OC,中毒,40.6283,0.2049
CSc1nnc(SCC(=O)NCCSC)n1N,高毒,484.6443,0.2056
O=C1c2ccccc2C(=O)N1CCCCCCN1CCN(c2cccc(Cl)c2)CC1,高毒,4.7231,0.8452
CC1=CC2=CC(=O)C=C(C)C2=CC1=O,高毒,143.2816,0.9665
Cc1cc(Cl)ccc1NC(=O)CSc1nncn1C,高毒,44.339,1.0089
CCCCCCCCCCCCCCCCCCOc1c2ccccc2nc2cc(C)ccc12,高毒,41.9122,2.9217
Cc1nn(C)c(OCc2ccc(F)cc2)c1CN1CCC(n2c(=O)[nH]c3ccncc32)CC1,低毒,8.6684,3.1989
COc1cc(CN2CCN(CCCOc3ccnc4cc(Cl)ccc34)CC2)cc(OC)c1OC,高毒,13.1792,0.5778
O=C(O)CCCCCC=CCC1C(O)CC2C(O)CCC21C,高毒,41.9812,4.1377
CC1CC=CC=CC(=O)C(O)C(O)C(C)C=C(C)C=C(C)CCC1O,高毒,47.3137,0.5115
N#Cc1cnc2cc(C(=O)N3CCC(c4noc5cc(F)ccc45)CC3)c(F)cc2c1,中毒,34.8099,0.434
CCc1nc2c(C)cc(C)nc2n1Cc1ccc(C(F)(F)F)cc1S(=O)(=O)NCCc1ccccc1,中毒,5.3747,0.2894
O=C(CN1CCCCC1)NC1CCCC1,微毒,351.9358,3.135
CCCCNC(=O)CN(CCC1CCN(Cc2ccccc2)CC1)S(=O)(=O)c1ccc(Cl)c(Cl)c1,低毒,50.7348,0.2737
Cc1nnsc1CN1CCCC(c2nncn2C2CC2)C1,微毒,15.7019,0.2099
CCCCCCCCCCCCCCCCCC(=O)OCC1OC(n2cnc3c(N)ncnc32)C(O)C1O,中毒,12.4497,0.1838
CCOc1cc(CCc2nnc(SCC(=O)Nc3ccc(OCC)c(OCC)c3)n2N)cc(OCC)c1OCC,高毒,52.3562,0.5084
Cc1nn(-c2ccccc2)c(O)c1C(=O)NCCc1ccccc1,中毒,64.484,1.7386
CC(C)COc1nc(N)nc(N)c1C#N,高毒,69.3825,11.0171
COc1cc2ncnc(Nc3ccc(F)cc3Cl)c2cc1NC(=O)c1cc2cc(OC)c(OC)cc2nc1OC,低毒,42.1669,2.1867
Cc1nnc(NC(=O)C(C)Sc2nnc(C)n2Nc2ccc(Cl)cc2)s1,高毒,192.6492,1.1998
CN(C)c1ccc(C2=C(c3nnn[nH]3)C(=O)NC(=O)NC2=O)cc1,中毒,19.551,0.9934
COCCNc1ncnc2c1ncn2C1OC(COP(=O)(O)OP(=O)(O)OP(=O)(O)O)C(O)C1O,中毒,10.0126,0.3289
O=C(O)c1ccc(Oc2ccc(Cl)cc2)cc1,高毒,62.018,2.403
COc1ccc(-c2noc(C3CCOC3)n2)cc1,高毒,160.0171,5.1124
O=C1C(=O)N(Cc2ccc(F)c(-n3cnnn3)c2)c2cc(F)c(N3CCC(F)(F)CC3)cc2N1Cc1cccc(F)n1,中毒,5.1778,0.7611
Cc1cnn(CC2CCCN(C(=O)CCCOc3cccnc3)C2)c1,高毒,14.5596,0.3903
CCN1CCN(c2nn3c(N4CCOCC4)nccc3c(=O)c2C(C)C)CC1,高毒,593.0783,2.4125
CCCc1cc2c(cc1OC)CN(Cc1nnc3n1CCCC3)CC2,低毒,70.5732,0.7862
COc1ccc(N(C(=O)COC(=O)C=Cc2ccc(S(=O)(=O)N3CCOCC3)cc2)C(C(=O)NC2CCCCC2)C2CCCCC2)cc1,中毒,15.0858,0.3323
COc1ccc(N(C(=O)c2snnc2C)C(C(=O)NC2CCCCC2)c2ccncc2)cc1,中毒,10.5925,0.5013
COc1ccccc1N1CCN(CCCCCN2C(=O)CCC2=O)CC1,高毒,46.5333,0.4153
O=C(CN1CCN(S(=O)(=O)c2ccc3c(c2)OCCCO3)CC1)N1CCCCC1,高毒,92.6929,0.2785
CN(C)Cc1ccc(-c2nn(-c3ccccc3)cc2CN2CCCC(CO)C2)cc1,中毒,39.3167,0.8565
O=C1C=CCCC1(O)c1ccc(F)c(Cl)c1,微毒,39.4957,1.5364
COc1ccccc1N1CCN(CCCCNC(=O)c2cccc(Cl)c2Cl)CC1,高毒,24.5093,0.6208
COc1cc(N2CC3CN(C(=O)c4cc(F)cc(F)c4)CC3C2)ncn1,中毒,29.4114,2.4481
CC(C)C(NS(=O)(=O)Cc1ccc(Cl)cc1)C(=O)N1CCCC1C(=O)O,微毒,22.7748,1.0012
CC(NC(=O)c1ccc(Br)cc1)c1nnnn1C,低毒,30.8271,0.2772
CCCNC(=O)c1cc(Nc2cnc3ccc(-c4cnn(C)c4)cn23)ccn1,中毒,128.7587,0.2051
CC(C)c1cc(Cn2nc3c(c2C(F)(F)F)CCCC3)c2nnn(CC(C)(C)C)c2n1,中毒,37.8625,0.4815
Cn1c(-c2ccccc2)ncc1C=C1C(=O)NC(=O)N(Cc2ccccc2F)C1=O,中毒,133.9147,1.9221
COc1ccc(C(=O)NCc2nnc3n2CCCC3)cc1,低毒,188.7855,0.3149
COc1cccc(NC(=O)Cn2nnc3cc(S(=O)(=O)N4CCC(C)CC4)ccc32)c1,中毒,8.0588,0.1404
N#Cc1c(-c2ccc(Cl)cc2Cl)nn(-c2nc(-c3ccc(Cl)cc3)cs2)c1C1CCN(CC2CC2)CC1,中毒,21.2928,0.4132
CCC1(n2cc(C(N)=O)c(Nc3ccccc3)n2)CCN(Cc2ccccc2F)CC1,中毒,26.3594,0.3457
NC(=O)n1nnnc1SCc1csc(NC(=O)c2ccccc2C(F)(F)F)n1,低毒,20.0702,0.2961
O=C(O)C1CCCN(C2CN(Cc3nc4ccccc4s3)CC2c2ccco2)C1,中毒,38.3026,1.9335
Cc1ccccc1N1CCN(C(=O)CCC(=O)Nc2ccc(F)c(C(F)(F)F)c2)CC1,高毒,9.2388,0.217
N#Cc1cnn(CCCCN2CCC(Cc3cccc(F)c3)CC2)c1,高毒,5.7419,0.7491
CS(=O)(=O)Nc1ccc(OCC(=O)N2CCC(C(=O)Nc3ccccc3F)CC2)cc1,高毒,14.2828,0.1178
Cc1cc(C=C2CCC(=Cc3ccc(F)c(F)c3)C2=O)cc(C(C)(C)C)c1O,高毒,49.6505,2.8649
CCOC(=O)c1c(NC(=O)CSc2nncn2C)sc2c1CCC2,高毒,16.0624,1.2696
Cc1nc(C)c(C(=O)N2CCCC(c3nncn3C3CC3)C2)c(C)n1,微毒,28.9079,0.3824
CCCc1cc(=O)n(Cc2ccc(-c3ccsc3-c3nnn[nH]3)cc2)c(=O)n1Cc1ccc(-c2ccccc2-c2nn[nH]n2)cc1,高毒,13.9576,0.2191
Fc1ccccc1Cc1nnc(SCC(=O)N2CCN(c3ccccn3)CC2)n1N1CCCCC1,中毒,24.3056,0.2378
CCCSc1nnc(NC(=O)c2ccco2)s1,低毒,34.9552,6.0068
N#CC(C#N)=Cc1cc(F)c(F)c(F)c1,高毒,140.774,0.8146
Cc1cc(OC2CCN(Cc3nnc4n3CCCCC4)CC2)ncn1,低毒,31.8139,2.6002
CCCCCCCCCCCCCCCCCCCn1nnc(C(Cc2ccc(OC)cc2)NC(=O)OC(C)(C)C)n1,高毒,15.2215,0.5362
CC(N=C(S)Nc1cc(Br)cc(C#N)c1)c1ccccc1,高毒,34.4511,1.2576
O=C1NCCN1Cc1ccc2c3c([nH]c2c1)-c1ccccc1C3=O,中毒,37.6019,0.3984
Cc1nc2oc3ccccc3c(=O)c2c(C)c1CC(=O)NCCN1CCCC1,高毒,40.0838,7.2886
Cc1cc(Cl)cc(C)c1NC(=O)CCN1CCCC1=O,高毒,20.1581,0.4914
Oc1ccccc1C=Nc1nc2nc3ccccc3s2n1-c1ccc(Cl)cc1,高毒,593.0783,2.4125
COC(=O)C1C(OC(=O)c2ccccc2)CC2C3CC=C4CC(O)CCC4(C)C3CCC21C,高毒,20.1467,0.3846
O=C(N1CCOCC1)N1CCN(Cc2cn(C3CCCC3)nn2)CC1,低毒,93.3325,0.4695
Cc1cc2nc(-c3ccc(O)c(O)c3)cc(-c3ccc(F)cc3)c2cc1C,中毒,20.0557,0.9739
Cc1c[nH]c2ncnc(Oc3ccc(NC(=O)NC(C)(C)C(=O)NCc4cccc(F)c4)c(Cl)c3)c12,中毒,9.8215,0.1759
CCCNC(=O)N1CCc2nn(C)c(=O)c(Nc3ccc(N4CCOCC4)cc3)c2C1,中毒,42.0047,0.7079
COC(=O)C(CCSC)NC(=O)C(C)(CC(=O)C(F)(F)F)C(=O)NO,微毒,41.5779,0.4634
O=C(CN1CCN(c2ccc(Cl)cc2)CC1)NC1CCCCCCC1,高毒,106.3462,0.6384
O=C(c1ccc(Br)o1)N1CCN(c2nnc(C3CC3)c3ccccc23)CC1,中毒,36.7649,0.6686
O=C1NC(=S)SC1=Cc1ccc(OCCCN2CCCC2)c(Cl)c1,高毒,13.5302,5.8891
Cc1c(-c2ccc3c(c2)OCCO3)nc(SCc2ccc(Cl)c(Cl)c2Cl)[nH]c1=O,低毒,46.5504,0.5601
Cc1nc2cc(Cl)c(C(=O)N3CCC(N4CCCCC4)CC3)cc2s1,中毒,267.4093,1.174
CC(=O)c1ccc(NC(=O)Cn2nc3c4cc(-c5ccncc5)nn4ccn3c2=O)cc1,中毒,78.3711,3.0521
Cc1nn(C)c2nc(CNCc3ccnn3C3CC3)cn12,低毒,41.9258,0.8852
Cc1cc2c(c(Cl)c1F)-c1nn(C)c(=O)cc1C(N1CCN(c3ccc(Cl)nn3)CC1)C2,中毒,8.6638,0.1752
CN(C)C=C1C(=O)C=CC2(C)C1CC(O)C1(C)C3CCC4C(C)(C)C(=O)CCC4(C)C3CCC12C,高毒,24.5601,1.0611
OC(Cn1cncn1)(Cn1nnc2cc(F)c(F)cc21)c1nc2ccc(F)cc2s1,中毒,95.5951,0.7288
COc1ccc(-c2nn(Cc3ccccc3Cl)c(=O)c3cc4cc(Cl)ccc4n23)cc1OC,低毒,9.8264,0.6863
CC1CCN(CCNC(=O)COC(=O)c2csc3ncnc(Nc4ccc(F)c(Cl)c4)c23)CC1,中毒,33.6345,0.1517
CN1CCN(c2ncnc3c(C#Cc4ccc(F)cc4)noc23)CC1,中毒,84.8902,0.2597
CC(C)CC(NC(=O)c1ccc2c(c1)CCC2)C(=O)NCCCC(=O)N(CC(=O)NC(CCCNC(=N)N)C(=O)CC(C)C)C(C)C,中毒,39.3056,0.4401
CCOC(=O)c1cc(SC)nn(-c2nonc2N)c1=O,中毒,63.0746,1.6685
CC(C)(COC(=O)C(Cc1ccccc1)NC(=O)C(Cc1ccccc1)NC(=O)C1CCCN1C(=O)C(CC(=O)O)NC(=O)c1csc(N)n1)C(=O)O,中毒,47.1086,0.3234
CCCCCCCCCCCCCCCCCSc1nnc(COC(=O)c2cccc(C(=O)O)c2)o1,高毒,39.6555,1.5532
COC(=O)C(Cc1ccccc1)NP(=O)(OCC1OC(n2ccc(N)nc2=O)C(C)(O)C1O)Oc1ccccc1,中毒,4.6692,0.3815
CCC(NC(=O)C(CC(C)C)NC(=O)OCc1ccccc1)C(=O)C(=O)NC(C(N)=O)C(C)C,微毒,198.4063,0.5833
COc1cc(OC)c(C(C)=O)cc1C=C1SC(=S)N(c2cc(C)cc(C)c2)C1=O,中毒,49.5067,2.648
Cc1ccc(CN(C)C(=O)Cc2conc2C)c(C)c1,微毒,19.914,0.5266
COC(=O)C1=C(C)NC(C)=C(C(=O)OCCCN(CC)CC)C1c1ccncc1,低毒,27.5483,1.4379
CC(=O)N1CCCC(c2nncn2C2CC2)C1,微毒,24.615,0.2138
COc1ccc2c(Oc3ccc(NC(=O)C4CCCN(CC5CC5)C4)cc3F)ccnc2cc1OCCCN1CCC(C)CC1,高毒,593.0783,2.4125
Cc1ccc(N2CCc3ncnc(NCc4ccc(C(=O)NC5CC5)cc4)c3C2)cc1,中毒,70.4534,4.3517
CCC(N)C(=O)N1CCCC1C(=O)NCc1nncn1CC,微毒,140.2186,0.8039
COc1ccc(C=CC(=O)C=Cc2ccc(Cl)c(Cl)c2)cn1,高毒,62.3492,1.122
O=C(C=Cc1ccccc1)c1ccccn1,高毒,41.5467,0.6549
C=C1CC(n2cnc3c(NC)ncnc32)C(O)C1O,高毒,20.439,0.3218
O=C(Cc1cn[nH]c1)N1CCCCC1c1nc2ccccc2[nH]1,中毒,138.3408,0.3795
Cc1c(C)n(Cc2ccc(-c3cccc(C(=O)O)n3)cc2)c2ncnc(N)c12,中毒,43.9259,8.6998
Nc1ncc2cc(C3CC3)n(C3CC3)c2n1,高毒,21.7513,2.1824
COc1cc(C(F)(F)F)ccc1-c1ccc(F)c2c1CN(C(=O)OCc1cccc(F)c1)CC2,中毒,192.6031,0.2689
CCN1CCCC(C(=O)Nc2nnc(CC)s2)C1,高毒,37.5348,2.7859
COc1ccc(CN2CCC3(CC2)CC(=O)c2cccc(c2)O3)cc1OC,中毒,24.363,0.3984
COc1ccc(CCN2CCCC3CN(c4nccnn4)CC3C2)cc1,高毒,5.8254,0.5881
CC(C)CN1CCC2Cn3c(nc4ccccc43)C2CC1,中毒,17.1688,2.9085
O=c1cc(-c2ccccc2)oc2cc(OCCCN3CCCCC3)cc(O)c12,高毒,102.3623,1.1886
O=C1CCc2ccc(Nc3ncc(Cl)c(Nc4ccc(Cl)c(Cl)c4)n3)cc2N1,中毒,5.4067,1.1344
CC1CCCC(C)N1CCCOc1ccc(C(=O)C(C)(C)C)cn1,高毒,19.1522,0.6482
COc1cc(C=NNC(=O)C=Cc2ccc(OCC=C(C)C)cc2)cc(OC)c1OC,高毒,42.7747,16.3927
CCCN1CCCC2(CCN(C(=O)c3nnnn3C3CC3)C2)C1,低毒,13.3817,0.3602
CS(=O)(=O)Nc1ccc(F)c(C2=C(c3nnn[nH]3)C3CC32)c1F,中毒,8.3729,2.333
COc1cccc(C=NNC(=O)n2nnnc2C)c1,高毒,16.9394,18.5823
CC(=O)c1ccc(C)c(-n2ncc3cnc4cc(F)c(S(=O)(=O)NC5CC5)cc4c32)c1,中毒,16.5506,0.6527
Cc1ccc(NC(=O)c2sc3nc4n(c(=O)c3c2C)CCCCC4)cc1,中毒,26.3534,0.3542
O=C1OC(=Cc2ccc(O)c(O)c2)C(=O)C1=Cc1cccc(Oc2ccc(O)cc2)c1,微毒,23.925,0.6474
CC(=O)N1CCCC(c2nncn2C2CC2)C1,微毒,24.615,0.2138
O=C(Nc1nnc(SCc2nnnn2Cc2ccc(Cl)cc2)s1)c1ccccc1,高毒,20.888,0.8092
O=C(NCc1cn(-c2ccc(OC3CCNCC3)cc2)nn1)N1CCOCC1,高毒,41.2324,1.0144
CC(=O)N1CCc2c(sc3nc(SCC(=O)NCc4ccco4)nc(N)c23)C1,中毒,20.0018,0.5324
Cc1cc(C(=O)Nc2ccc([N+](=O)[O-])cc2Cl)no1,高毒,57.0482,0.451
Cc1ncnc(N2CCCC(c3nncn3C3CC3)C2)c1C,中毒,6.7973,0.694
COc1ccc(NC(=O)N2CCC(O)C(CN3CCOCC3)C2)cc1,微毒,21.2139,0.199
CC1CCN(c2nc(NC3CC3)n3ncc(C=C4NC(=O)NC4=O)c3n2)CC1,高毒,9.0465,2.1449
CN(C)CCN1CCN(c2nc(NCc3cccc(Cl)c3)nc3c2nnn3Cc2ccccc2C#N)CC1,中毒,30.618,0.9332
COc1cc(OC)cc(C(=O)OCc2c(C)noc2C)c1,高毒,46.8564,1.2569
CN(C)S(=O)(=O)c1cccc(C(=O)N2CCC(c3nncn3C3CC3)CC2)c1,低毒,43.9576,0.2316
CCCCCCCCCCCCCCCC(=O)Nc1nc(Nc2ccc(C(=O)NCCCC(=O)O)cc2)nc(N2CCOCC2)n1,高毒,9.0206,0.4246
N#CC(C#N)=Cc1c(N2CCOCC2)nc2n(c1=O)CCCC2,中毒,22.2163,1.251
CC(C)(C)OC(=O)N1CCCC(c2nncn2C2CC2)C1,微毒,15.4052,0.44
COc1ccccc1N1CCN(CCCCn2c(Cc3ccccc3F)nc3cc(Cl)ccc3c2=O)CC1,中毒,13.7278,0.8876
Nc1ccc(Oc2ncccc2NC(=O)N2CCC(c3nncn3C3CC3)CC2)c(Cl)c1,中毒,5.8207,0.1674
Cc1cc(C)cc(NS(=O)(=O)c2ccc3[nH]c(=O)oc3c2)c1,高毒,30.6838,6.1444
COc1ccc(-c2nnc3n2N=C(c2ccccc2Cl)CS3)cc1,高毒,172.7322,1.2954
CN(C)C1CCN(c2nc(-c3ccc4nncn4n3)c3c(n2)CCCC3)CC1,中毒,5.7744,2.791
CCCCC1CC(CC(=O)O)CC(c2cccc(Cl)c2)N(S(=O)(=O)c2ccc(C)cc2)C1C(=O)OCC,中毒,15.4727,3.8705
O=C(O)Cn1c(C2CC2)cc(-c2cccc(F)c2)c1C1CCCC1,中毒,12.0383,0.1791
COc1ccc(C2=NN(c3nc(C)cs3)C(=O)C3CC=CCC23)cc1OC,中毒,15.9069,1.0941
N#Cc1cccc(-c2cn(CC(F)F)c3ccnc(N)c23)c1,中毒,323.9264,0.9586
CC(C)CC1NC(=O)C(Cc2ccc(OP(=O)(O)O)cc2)NC(=O)CNC(=O)C(CCCN=C(N)N)NC(=O)C(CC(C)C)N(C)C1=O,微毒,21.4902,0.1314
CC(=O)N1CCc2c(sc3ncnc(Nc4ccc(C(C)(C)C)cc4)c23)C1,中毒,15.7518,0.4662
O=C(COC(=O)C(Cc1ccc2c(c1)OCO2)NC(=O)c1cccs1)NC1CC1,中毒,33.3577,10.4585
CN1CCCC(c2nncn2Cc2ccc(F)cc2)C1,微毒,8.9178,0.7119
N#Cc1ccc(CN2CCC3(CC2)CN(C(=O)c2ccco2)CCO3)cc1,高毒,63.4027,0.4184
Cc1nnc(SCC(=O)N(C)CC(=O)Nc2nnc(C3CC3)s2)s1,高毒,25.0507,0.2793
COC(=O)c1cccc2c(=O)n(Cc3cc(OC)cc(OC)c3)cnc12,高毒,56.9081,0.7494
COc1ccc(-c2nn(C)c(=O)c3c(N)ncnc23)c(OC)c1,低毒,25.3288,1.0498
Cc1cc(C)n2nc(C(=O)N3CCCC(n4nccn4)C3)nc2n1,中毒,86.076,1.2372
CCCCC(=O)NC(CCC(=O)O)C(=O)NC(Cc1ccccc1)C(=O)NC(Cc1c[nH]c2ccccc12)C(=O)NC(CC(C)C)C(=O)NC(C=O)CC,中毒,54.1312,1.6749
NC(=O)NN=Cc1ccc(N2CCN(c3cccc(Cl)c3Cl)CC2)c([N+](=O)[O-])c1,高毒,14.3852,6.4589
CC1CCCCC1NC(=O)COC(=O)c1cnc2ccccn12,中毒,17.2913,0.3919
CCOC(=O)C1(C)CCCC2(C)C3CCC4(C)CC3(CCC12)CC4(O)C(=O)O,高毒,28.6217,4.1128
C=C(C)C1CC=C(C)C(=O)CC2OC2(C)CC=C(C)CCC1,高毒,37.74,0.8275
CC1Cc2nnnn2CCN1C(=O)c1cc2ncccc2n1C,中毒,92.1146,0.9086
Cc1nc(C(=O)N2CCCC(c3nncn3C3CC3)C2)oc1C,中毒,47.0187,0.2723
O=C1N(C(=O)c2ccccc2)c2cc(I)ccc2C12CCN(CCCCN1CCc3cccc(-c4ccc(O)cc4)c3CC1)CC2,中毒,5.2253,0.7261
CN(C)CCNC(=O)c1cc(-c2ccsc2)nc2c1cnn2Cc1cccnc1,中毒,116.3806,0.3055
CCCCCCCCCCC(=O)NC1COP2(=O)OCc3cc(OC)c(OC)cc3C2O1,中毒,60.6423,0.1985
COc1ccc(Cc2nnc3ncn(-c4ccc(S(C)(=O)=O)cc4)c(=O)c23)cc1,高毒,593.0783,2.4125
CCOC(=O)c1cnn(-c2nn3c(-c4ccc(Cl)cc4C)nnc3s2)c1CC,中毒,36.237,0.8377
Cc1nnsc1C(=O)N1CCCC(c2nncn2C2CC2)C1,低毒,34.6653,0.9026
CC(C)(C)OC(=O)N1CCC2(CC1)CN(c1ccccn1)C(=O)C21CCN(C(=O)OC(C)(C)C)CC1,高毒,14.9829,0.1838
CCn1nnnc1SCC(=O)N1CCN(c2ncccn2)CC1,高毒,78.3375,0.5704
CC1CC(=O)NN=C1c1cc(F)c(OCC2CC2c2ccc(S(C)(=O)=O)c(F)c2)c(F)c1,中毒,4.3713,1.7828
CCCCCCCCC=CCCCCCCCCCCCCCCCOP(=O)([O-])OCC[N+](C)(C)C,高毒,593.0783,2.255
NS(=O)(=O)c1ccc(CCNC(=O)c2c(Cl)c(Cl)c(Cl)c(Cl)c2Cl)cc1,高毒,164.2846,0.4599
CNc1nc(Nc2cc(C(=O)N3CCC(F)C3)nc3[nH]cc(C#N)c23)cn2c(C3CC3)nnc12,中毒,71.5331,0.1255
Cc1ccc(C#CCn2nc(C)cc2NC(=O)N2CCCc3nccn3C2)cc1,中毒,72.2523,0.2172
Cc1nnc(NC(=O)c2cc(S(=O)(=O)N3CCCC3)cn2C)s1,中毒,79.4806,0.6986
COc1cc(C)ccc1Oc1nc(Nc2ccc(C#N)cc2)ncc1C(N)=O,低毒,9.46,0.9499
CC(C)=CCc1c(O)cc2oc3c(O)ccoc3c(=O)c2c1O,高毒,593.0783,2.4125
Cc1nn(-c2ccccc2)c(O)c1C=Nc1nc2ccc(C)cc2s1,中毒,137.038,14.0366
O=C(O)c1cc(N2CCCC2)c2cc(Cl)ccc2c1O,高毒,15.7424,3.6618
O=C1COCC2=C1C(c1ccccc1Cl)=NC(c1ccc(F)cc1)N2,中毒,31.5484,4.6693
CCOC(=O)c1nn(C)c2c1C(c1cn(-c3ccccc3)nn1)=NCC(=O)N2,中毒,18.3514,3.73
COc1cc(NC(=O)N2CCC(N3CCCCC3)CC2)cc(OC)c1OC,高毒,24.0405,0.9231
CC(C)(C)OC(=O)N1CCC(c2nnc(CCc3nnc(NC(=O)Cc4cccc(Cl)c4)s3)n2C)CC1,高毒,32.5724,1.5087
c1csc(-n2nnnc2-c2cnn(Cc3ccccc3Cl)c2)c1,高毒,9.4224,0.9152
Cc1nn(C)cc1CN1CCCC(c2nncn2C2CC2)C1,微毒,9.0006,0.2099
CCCNC(=O)c1nn(C)c2c1CN(S(=O)(=O)Cc1ccsc1)CC2,中毒,32.9703,0.0868
COc1ccccc1N1CCN(CCCCNC(=O)C2CCC=C2S(=O)(=O)c2ccc(F)cc2)CC1,高毒,15.6595,0.1505
NC(=O)c1cc(S(=O)(=O)Nc2nnc(-c3ccc(F)cc3)o2)ccc1F,高毒,407.6755,0.6128
COc1ccc(CC(=O)O)cc1-c1ccc(F)c2c1CCN(Cc1ccnc(N3CCC(F)(F)C3)c1)C2,中毒,11.9103,0.2826
CC(C)(C)c1cc(C(C)(C)C)c(OCC(O)Cn2cncn2)c(C(C)(C)C)c1O,高毒,26.0423,0.8129
CCOC(=O)C1=C(COC(=O)CC)NC(C)=C(C(=O)OCC)C1c1ccco1,低毒,28.8099,1.7941
CC12CCC3c4ccc(O)cc4CCC3C1CCC2=O,高毒,34.6722,1.3563
COc1ccc2c(c1)[nH]c(=O)n2Cc1ccc(OC(C)C)cc1,中毒,40.4941,8.6906
COc1ccc2nc3cc(Cl)cc(C(=O)NCc4ccc(F)cc4)c3c(N)c2c1,低毒,65.0473,2.5649
O=C1C=C(Nc2ccc(C#N)cc2)C(=O)c2ccccc21,高毒,39.9506,3.6098
O=C1c2ccccc2C(=O)N1C1CCCCCC1,高毒,72.9083,2.4729
CC(CC(C)C)NC(=O)c1nn2c(C(F)(F)F)cnc2c1-c1cccc(Cl)c1,高毒,593.0783,2.4125
CCCc1nn(C)c(C(=O)NCC(C)OC(C)C)c1Br,高毒,204.8057,4.631
COc1ccc(NC(=O)CSc2nc3nc(O)nn3c(=O)c2C)c(OC)c1,高毒,593.0783,2.4125
N#Cc1cccc(Cn2nc(C(=O)O)cc2-c2cccc(OCC3CCCC3)c2)c1,中毒,28.4918,0.7748
CC(C)Oc1ccc(CC(=O)Nc2nnc(C(C)C)s2)cc1,高毒,65.7092,1.374
CCc1nnc(NC(=O)C2CCCN(S(=O)(=O)c3ccc4c(c3)OCO4)C2)s1,高毒,21.7495,1.3521
CCOC(=O)CSc1nnc(CNC(=O)c2ccccc2C)n1N,高毒,20.4631,0.363
C=CCNC(=O)CNc1nc(N2CCOCC2C)nc(N2CCOCC2)n1,高毒,65.7771,1.5815
Cn1nnnc1Sc1nnc(O)n1-c1ccc(F)cc1,低毒,87.1429,0.306
CC(C)Nc1ncnc2sc(-c3cnco3)c(C3CCCCC3)c12,中毒,16.2459,0.884
Cc1nn(C2CCS(=O)(=O)C2)c(=O)c2c1ncn2C1CCCCC1,中毒,31.9189,0.2848
Cc1ccc(CN2CC3CCC4(CC3)OCCO4)nc2c1,高毒,593.0783,2.4125
Cc1cc(C)n(CC2CCCN2Cc2nncn2C2CC2)n1,中毒,34.4911,1.0826
CCCCc1nnc(SCC(=O)Nc2c(C)nn(C)c2C)n1Cc1ccc(-c2ccccc2-c2nnn[nH]2)cc1,中毒,46.7319,0.4936
COc1cc(C=CC(=O)c2ccccc2OCCCN2CCC(c3noc4cc(F)ccc34)CC2)cc(OC)c1OC,高毒,19.9611,0.6806
C=CC(=O)N1CCCC(c2nncn2C2CCCN(C(=O)c3ccccn3)C2)C1,中毒,58.9216,0.33
COc1cc2ncnc(N3CCN(Cc4cccc(Cl)c4)CC3)c2cc1OC,低毒,37.5739,0.8631
CCOc1nn2c(=O)c3cccnc3nc2s1,低毒,15.3305,0.6206
Cc1nc(C)c(CN2CCC(Oc3ncccn3)CC2)nc1N1CCC(F)(c2ccc(C#N)cn2)CC1,中毒,7.386,1.2918
O=C(O)CCCCN1C(=O)C2C3C=CC(C3)C2C1=O,高毒,61.4438,0.7805
CCCCCCCCCCCCCCOc1ccc(C=C2C(=O)ON=C2C)cc1OC,微毒,32.0618,1.999
O=C1CC(c2nncn2C2CC2)CCN1CCc1c[nH]cn1,微毒,34.018,0.821
COc1ccc(C=CC(=O)N2CCCN(C)CC2)cc1,高毒,51.4052,1.2227
CCc1cc2c(c(CCCO)c1OC)C(=O)OC2c1ccc(OCCN2CCN(C)CC2)cc1,中毒,35.12,0.4245
Cc1nc2ccc(C(=O)N(Cc3ccncc3)CC3CCN(C)CC3)cn2c1N(C)Cc1ccccc1F,中毒,53.8331,0.2626
CN1C(=O)CC2(CCN(C(=O)C3(Cc4ccccc4)CCCCCC3)CC2)c2ccccc21,高毒,17.3841,1.6254
COc1cc(C=C2SC(=O)N(c3ccc4ncnc(Nc5ccc6c(c5)OCO6)c4c3)C2=O)cc(OC)c1OC,中毒,4.0804,0.2782
COc1nc2c(c(Nc3ccc(Cl)cc3)c1C)CCN(C(=O)Cn1cncn1)C2,中毒,44.2934,0.2665
CC(=O)Nc1cc(F)c(Oc2ncnc3[nH]nc(OCC4CC4)c23)c(F)c1,中毒,14.5803,0.143
COc1cc(C=CC(=O)OC2CC(c3ccc(OCc4cn(Cc5ccc(-c6ccccc6)cc5)nn4)cc3)=NC3=C2C(=O)CC(C)(C)C3)cc(OC)c1OC,中毒,96.8661,0.113
Cc1nn(C)cc1CN1CCCC(CN(C)C)C1,微毒,34.4831,0.4679
COc1ccccc1-n1nnc(C(=O)NC(C)c2cccc(C)n2)c1=O,高毒,593.0783,2.4125
COc1ccc(F)cc1-c1nc(CNCC(C)C)c[nH]1,高毒,46.0415,1.0701
Cn1ncc2c(Oc3ccc4nc(N5CCNCC5)ncc4c3)ncnc21,中毒,15.7138,0.9766
O=S(=O)(Nc1ccc(N2CCCCC2)cc1)c1ccc(Cl)c(Cl)c1,高毒,28.6838,0.3763
CC1(C)CC(=O)C2=C(C1)N(c1ccccc1)C(=O)C(CC1=CCCCC1)C2,高毒,71.6962,3.0189
Cc1nc(C(C)NC(=O)C2CCCn3cnnc32)no1,中毒,105.7073,0.3342
COC(=O)C12CCC(C)C(C)C1C1=CCC3C4(C)CCC(OC(=O)C=Cc5ccc(Br)cc5)C(C)(C)C4CCC3(C)C1(C)CC2,高毒,15.6001,2.1735
CCCCCCCCCCCCCCCCCOP(=O)(O)OCC1OC(n2cnc3c(N)ncnc32)C(O)C1O,中毒,11.3024,0.1701
CSc1nc2sc(C(=O)N(CC(C)C)C(C)C(=O)NCc3ccccc3)c(N)c2cc1N1CCC(C)CC1,中毒,38.9304,0.2743
O=C(CN1CCC(c2nncn2C2CC2)CC1)N1CCCCC1,微毒,97.5376,0.2065
Cc1ccc(CN2CCN(c3nc(OCC4CC4)nc(N4CCOCC4)n3)CC2)cc1,微毒,43.5463,0.4668
COc1ccc(C=Cc2nn3c(-c4ccccc4)nnc3s2)cc1OC,高毒,150.1973,1.1818
Cn1ncc2c(N3CCCC3c3ccc4nc(C5CC5)nn4c3)nc(N3CCC(N4CCOCC4)CC3)nc21,中毒,50.2551,2.5767
Cc1ccc(-n2nc(C)c(CC3CCCCC3)c2NC(=O)Nc2ccc3c(c2)CCC3)cc1,中毒,7.3584,3.763
Cn1c(-c2ccc3oc(=O)ccc3c2)nnc1SCC(=O)NC1CCCC1,高毒,94.4822,0.3906
COc1ccccc1-c1c2nc3ccccc3nc2n(CC(=O)NN=Cc2ccc(C)cc2)c1=O,高毒,593.0783,2.4125
COc1ccc(CC(=O)Nc2nnc(C=Cc3c[nH]c4ccccc34)s2)cc1OC,高毒,136.2959,6.1704
COc1ccc2c(C)c(C)n(Cc3ccc(OCCCC(=O)NCc4ccccc4)cc3)c(=O)c2c1,高毒,15.2375,0.6617
O=C1c2ccccc2C(=O)N1CCN1CCN(c2nsc3ccc(Cl)cc23)CC1,高毒,25.3988,0.6366
CN1CCN(C(=O)Cc2cnn3ccc(N4CCCC4c4ncccn4)nc23)CC1,中毒,34.8033,0.894
CCCCCCCCCCCCCCCCCCNC(=NC#N)NCCCn1ccnc1,高毒,285.9323,8.0286
NC(=O)CCn1c(SCc2ccc(F)cc2)nc2cc(C(F)(F)F)ccc2c1=O,低毒,73.9462,0.5883
CC(C)CC1CN2CCC1CC2C(O)c1cc(-c2ccc(O)cc2)nc2ccc(-c3ccc(F)cc3)cc12,中毒,4.616,7.8569
COC1C=CC=C(C)C(=O)Nc2coc(n2)C(C)N(C(=O)C2CC2)CC(C)C(=O)N(C(C)CO)CC1C,中毒,11.8854,0.2241
O=[N+]([O-])c1ccc2oc(-c3ccc(OCc4cn(Cc5ccc(Cl)c(Cl)c5)nn4)nn3)cc2c1,高毒,8.1206,0.6815
Cc1cccc(C)c1-n1nnnc1SCC(=O)N1CCCCC1,高毒,61.083,0.2758
COc1cc(C)c2nc(C)nc(NCc3cccc(OC)c3)c2c1,低毒,28.5665,1.7472
FC(F)(F)Oc1ccc2c(c1)n(C1CC3CCC(C2)N3CCCCOc2ccc(Cl)cc2F)CC1,高毒,3.3697,0.8243
CC(=O)N1CCCC(c2nncn2C2CC2)C1,微毒,24.615,0.2138
COc1ccccc1CN1CCn2nc(CNC(=O)C3CCN(C)CC3)cc2C1,中毒,49.0837,0.8545
CC(=O)NCC1CN(c2ccc(N3CCN(CCN(C)C)CC3)c(F)c2)C(=O)O1,高毒,19.5381,0.5489
COc1ccc(S(=O)(=O)N(C)C)cc1-c1ccc(F)n2nc(NC3CCc4ccccc43)nc12,中毒,10.6792,0.2001
CCCC(c1nnnn1C1CCCCC1)N(CCCN1CCOCC1)C(=O)c1snc(C(N)=O)c1N,中毒,33.1078,1.0459
[O-][S+]1NCCC1CN1CCCCC1,高毒,50.395,0.3057
CCOC(=O)c1nnn(Cc2nnc(SCC(=O)N3CCCC3)n2CC)c1C,中毒,18.8031,0.1511
O=C(CN1CCCCCCC1)N1CCN(c2nnc(O)n2-c2ccccc2)CC1,中毒,28.3186,0.7805
COc1ccc(N2CCN(C(=O)c3c(C)nn4c(=O)n(CC5CC5)c(C)nc43)CC2)cc1,中毒,19.9611,0.7349
CC(C)C(=O)NC1CCN(CCCCn2nnc3ccccc32)CC1,高毒,35.623,0.6519
COc1ccccc1CN1CCC(O)(CN2CCN(c3ncccn3)CC2)CC1,微毒,49.195,0.805
CC(C)CC(NC(=O)C1CCCN1S(=O)(=O)c1ccc(-c2ccccc2)cc1)C(=O)O,低毒,37.4143,1.0318
N#Cc1c(N)ncnc1N1CCC(c2nncn2C2CC2)CC1,微毒,21.2869,1.2505
CCN(C(=O)c1ccc(Nc2nc(NC3CCCNC3)nc(NC3CCC(NC(=O)OC(C)(C)C)C3)n2)CC1)N(C)C,高毒,15.4225,0.7867
CC1(C)Cc2c(cccc2C(=O)Nc2nnc(-c3ccc(F)cc3)o2)C1,中毒,80.67,1.4112
COc1ccc2c(c1)c1c(n2Cc2ccccc2)C(=O)c2ccccc2C1=O,高毒,28.5604,1.1626
COc1cc(C=C2SC(=S)N(CCCCCC(=O)Nc3ccc4c(c3)OCCO4)C2=O)ccc1O,中毒,23.7122,3.9753
CC[N+](C)(C)Cc1c(-c2cc3ccccc3n2C)nc2ccc(Cl)cn12,中毒,25.8624,0.258
CC(c1ccccc1)n1cnc2c(NCc3cccnc3)ncnc21,低毒,36.507,0.7642
CCCOc1ccc(S(=O)(=O)N(CCC(C)C)CC(O)C(Cc2ccccc2)NC(=O)OC2COC3OCCC23)nc1,低毒,15.7879,0.8619
c1ccc(-n2nnc(C3CCN(CCc4ccccc4)CC3)n2)cc1,高毒,26.7425,1.215
O=C(C=Cc1cccnc1)Nc1ccc(N2CCS(=O)(=O)CC2)cc1,高毒,77.4492,5.5564
Cc1nn(-c2ccccc2)c2nc(C34CC5CC(CC(C5)C3)C4)cn12,低毒,82.3115,1.9334
Cc1ccc(C(=O)Nc2ccccc2C(=O)NC2CCCCC2)nc1,高毒,72.4738,0.8017
COc1cccc(C=CC(=O)Nc2ccc(CN3CCC(NC(=O)c4ccc(C(F)(F)F)cc4)CC3)cc2)c1,高毒,33.9184,0.4936
COc1cc(NC(=O)c2cccc(NC(=O)Nc3nnc(C4CC4)s3)c2)cc(OC)c1OC,高毒,5.9101,0.6832
CCCCCCCCCCCCCCCCCCCCC(=O)OC1C2CCC3(C)C(O)CCC3(C)C2CCC2(C)C(C(C)CCCC(C)C)CCC3C12,高毒,593.0783,2.4125
Cc1cc(C(=O)N2CCCC(c3nc4nc(C)cc(C)n4n3)C2)no1,中毒,96.7154,0.4777
O=C(c1ccc2[nH]ncc2c1)N1CCCC(c2nncn2C2CC2)C1,中毒,14.4029,0.2444
CC1Cc2nc3c(C(=O)N(C)c4ccccc4)nnn3c(O)c2CC1,中毒,27.1569,1.0384
Cc1cc(C(=O)Cc2ccc(C)s2)nn1C,高毒,271.0219,1.6539
CC(C)(O)C1CCC2C3=CC=C4CC(O)CCC4(C)C3CC(O)C12C,高毒,23.9781,4.1377
CCCCCOc1ccc(S(=O)(=O)N2CCC(c3nncn3C3CC3)CC2)cc1,微毒,29.7285,0.3533
O=C(c1cnccn1)N1CCCOC2(CCCC2)C1,中毒,34.6787,0.4367
COc1cc(C=C2C(=O)OC(C)(C)OC2=O)cc(OC)c1OC,高毒,35.7943,0.4079
CCN1c2ccccc2C(=O)N(C(C)CO)CC1c1ccc(C#N)cc1,中毒,44.474,0.421
N#Cc1cccc(Cn2cc(CN3CCCC3)c3cc(C#N)ccc32)c1,中毒,158.1805,2.0722
CCN(CC)CCNc1ccc(C(=O)Nc2nc(-c3ccc(F)cc3F)cs2)cc1,中毒,35.998,1.644
O=P(O)(O)C(O)(CCn1cnc2c(NCc3ccccc3)ncnc21)P(=O)(O)O,低毒,12.3005,0.4228
CCCCCCCCCCCCCCC(=O)OCC(COP(=O)([O-])OCC[N+](C)(C)C)OC(=O)C(C)CCCCCCCCCCCCC,高毒,70.3964,0.8171
COc1ccc(-c2noc(CN(C)C3CCCCC3)n2)cc1,微毒,142.1271,0.5139
O=C(NCc1cccnc1)Nc1ccc(C(=O)N2CCCCCC2)cc1,高毒,19.3486,0.5586
Cc1ccccc1C=CC(=O)NN=Cc1ccco1,高毒,201.1872,7.0937
CN1CCN(Nc2cc3c(cc2F)c(=O)c(C(=O)O)cn3C2CC2)CC1,中毒,32.1096,0.6087
CC1CCCC2(C)OC3OC4(C)CCC1C32OO4,中毒,23.6166,1.4008
CCOc1nn2c(C)cc(C)nc2c1Cc1ccc(-c2cc(C(F)(F)F)nn2-c2ccccc2)cc1,中毒,10.8253,3.1917
CN1CCN(c2nc(NC3CC3)c3sc(CC(F)(F)F)nc3n2)CC1,中毒,4.8403,0.651
COc1ccc(NC(=O)C2CCN(S(=O)(=O)c3cn(C)c(=O)c4ccccc34)CC2)cc1,高毒,20.0243,0.3417
Cc1cncc(CN2CCCC(c3nncn3C3CC3)C2)n1,微毒,13.5158,0.2636
CCCc1nc2ccc(C(=O)NCC3CCC(C)CC3)cn2c1N(CCC(C)C)C(=O)c1ccc(C)cc1,中毒,20.6918,0.3733
CN(C)C(=O)C1CCCN(Cc2nc3nc(C#Cc4cccs4)cn3c2CN2CCCC2)C1,高毒,593.0783,2.4125
CC(=O)N1CCCC(c2nncn2C2CC2)C1,微毒,24.615,0.2138
CCC1CCCCN1C(=O)CN1CCCC1c1nc(C)no1,微毒,35.6018,0.492
CCCN(CCC)c1nc(NC)nc2c1ncn2C1OC(CO)C(O)C1O,中毒,8.6619,0.3289
COC(=O)c1ccc[n+](CCCCCCC[n+]2ccc(C(C)(C)C)cc2)c1,高毒,75.1281,0.684
COc1cc2ncnc(Nc3cccc(Cl)c3)c2cc1OC,低毒,32.4248,2.2212
Clc1ccccc1-c1nnc(SCC(=O)Nc2nnc(C3CCCC3)s2)o1,高毒,11.1494,0.3727
COc1ccc(CN2C(=O)CCN(c3nc4ccccc4s3)C2=O)cc1,中毒,21.7421,0.3499
NS(=O)(=O)c1ccc(Nc2nc(Nc3ccc(C(=O)O)cc3Cl)c3ncn(C4OC(CO)C(O)C4O)c3n2)cc1,中毒,7.6829,0.1642
O=C(CSc1nnc(COc2ccccc2F)n1-c1ccc(Cl)cc1)NCC1CCCO1,高毒,359.6056,0.2354
CC(C)(C)c1c[nH]c(C(=O)N2CCC(O)C2)n1,微毒,48.8825,1.1086
Cc1sc2ncnc(SCC(=O)c3ccccc3F)c2c1C,高毒,31.0227,0.5894
Cc1cccc(CN2CCCN(Cc3cnn(C)c3)CC2C)c1,高毒,34.0325,0.4339
CCOC(=O)N1CCN(Cc2ccc(-c3cccc(C#N)c3)s2)CC1,高毒,94.0389,0.4283
CCC(C)C(NC(=O)C(CC(C)C)NC(=O)C(N)Cc1ccc(O)cc1)C(=O)NC(CC(C)C)C(=O)NC(CC(C)C)C(=O)NC(CC(C)C)C(N)=O,微毒,146.013,0.3595
CCOc1ccc(CN2CCN(Cc3cccc(NS(=O)(=O)c4cccc5nsnc45)c3)CC2)cc1,低毒,26.4571,1.2107
COc1cc2ncnc(Nc3ccc(F)c(Cl)c3)c2cc1OCCCN1CCCCC1,低毒,12.2996,0.5346
COc1ccc(CN2CC3CCCN4CCCC(C2C3)C45)cc1OC,高毒,593.0783,2.4125
CCOc1ccc(C=CC(=O)c2ccc(Br)s2)cc1OCC,高毒,41.5112,0.3548
Cc1ccc(NC(=O)c2cc3c(C)nn(C)c3cc2Cl)cc1S(=O)(=O)N1CCCCCC1,中毒,12.9999,0.1775
Clc1ccc(CNc2nc3nonc3nc2Nc2ccc(Cl)c(Cl)c2)cc1,微毒,32.465,2.1549
COc1ccc(OC)c(C(=O)c2ccc(C#N)cc2)c1,高毒,57.7064,2.7553
COc1ccc(C2=CC(c3cccs3)=NN2c2ccc(S(N)(=O)=O)cc2)cc1,高毒,17.4455,0.5525
CC(=O)c1ccc2nc(O)c(CN(CC3CCCO3)C(=O)CCC(=O)Nc3ccccc3)c(C)c2c1,中毒,30.8861,1.8626
O=C(O)COc1cc(F)c([N+](=O)[O-])cc1Br,微毒,81.5003,2.5394
Cc1nnc(SCC(=O)Nc2nnc(SCc3ccc(F)cc3)s2)s1,高毒,219.6684,2.718
Cc1cccc(C(C)C)c1NC(=O)CC(=O)Nc1nnc(C2CC2)s1,高毒,4.9823,5.4106
CCN(CC)CCNC(=O)C1CCCN(S(=O)(=O)c2cn(C)cn2)C1,高毒,31.3696,0.4524
CCCCCCCCc1cc(Cl)c(O)c(C2OC(CO)C(O)C(O)C2O)c1,中毒,26.8351,4.2765
Cc1nc(Cc2nnc3n2N=C(c2cccnc2)CS(=O)(=O)C3)sc1C,中毒,64.0413,1.6798
CC1(C(=O)N2CCC(CN)CC2)CCN1C(=O)C1CCCO1,中毒,53.2128,0.3455
COc1cccc(C(F)(F)F)c1C1CCCC(=O)N1Cc1ccc(C#N)cc1C(F)(F)F,中毒,41.9347,0.6727
CC(c1ccc(F)cc1)N(C)C(=O)c1ccc(Br)c(S(=O)(=O)N2CCCCC2)c1,低毒,67.391,0.5326
COc1cccc(-c2nc3nc(C)nn3c(N3CCCC(C)C3)n2)c1,中毒,87.5583,6.2711
COc1cc(NC(=O)COC(=O)c2ccco2)c(OC)c(OC)c1,高毒,61.1741,0.6239
COc1ccc(Nc2nc(C#N)nc3c2nnn3Cc2cccc(F)c2)cc1,中毒,27.8048,1.3297
Cc1nnnn1CCCN1CCCCC(Nc2ncnc3c2ncn3C2OC(COP(=O)(O)OP(=O)(O)OP(=O)(O)OC2CC(n4cnc5c(N)ncnc54)C4OC(C)C(O,高毒,593.0783,2.4125
O=C(O)CCC=CCC1OC(n2cnc3c(NC4CC4)ncnc32)C(O)C1O,低毒,11.3024,0.3289
COc1cc(C2c3cc4c(cc3C(n3cc(CCN5CCCC5)nn3)C3COC(=O)C23)OCO4)cc(OC)c1O,中毒,17.9932,0.2552
COc1ccc(C2CC(C(=O)Nc3ccc(C(=O)c4cc(C)no4)cc3)=NN2)cc1OC,高毒,37.3161,3.9947
COc1cc(C2Oc3cc(-c4ccc(CN5CCCCC5)cc4)ccc3OC2CO)cc(OC)c1OC,中毒,86.1212,4.3376
Cn1cc(CN2CCCC(c3nncn3C3CC3)C2)nn1,微毒,6.0399,0.2313
COc1cc2ncnc(Nc3cccc(F)c3F)c2cc1OCCCCN1CCCCC1,低毒,7.6074,0.1609
CCOC(=O)c1ccc(NC(=O)CN2C(=O)NC3(CCCCC3)C2=O)cc1,高毒,31.6251,0.7664
CN1CCN(Cc2nncn2C2CC2c2cccc(C#N)c2)CC1,低毒,25.7615,1.7427
CC(C)(C)OC(=O)N1CCC(CC2(C3CCCCC3)C(N)CCN(Cc3cccc(C#N)c3)C2=O)CC1,高毒,19.0983,0.399
Cc1nnc2n1CCN(CCCCCCN1CCC(n3c(=O)n(Cc4ccc(F)cc4)c(=O)c4ccccc43)CC1)C2,中毒,20.7295,0.6558
COc1cc(C2c3cc4c(cc3C(Nc3ccc(OCc5ccc(F)c(F)c5)nc3)C3COC(=O)C23)OCO4)cc(OC)c1OC,中毒,49.9999,0.1037
O=C(NO)C1CC(Sc2nc3cccnc3[nH]2)CN1S(=O)(=O)c1ccc(F)c(Cl)c1,中毒,5.4358,0.4441
O=C1OC(=Cc2ccc(O)c(Br)c2)C(O)=C1Br,高毒,31.2736,0.4486
Cc1ncc(CN2CCCC(c3nncn3C3CC3)C2)cn1,微毒,11.6615,0.2099
COc1ccccc1CCCCN1CCCCC1,高毒,76.0138,3.4064
Cc1nn(Cc2nc3ccccc3n2C)c(=O)c2cc(F)c(N3CCCCC3CN3CCCC3)cc12,中毒,8.4491,0.2921
CC(C)CC1C(=O)OC2CC3(C)CCC4C(C)(C(=O)O)CCCC4(C)C3CCC12C,高毒,28.6217,4.1128
COc1ccc2cc3[n+](cc2c1OCCOCCN1CCCC1)CCc1cc2c(cc1-3)OCO2,中毒,4.9364,0.5521
O=[N+]([O-])c1ccc2nc(N3CCCCC3)sc2c1,中毒,94.5469,7.1708
CC(NCCc1ccc(Cl)c(Cl)c1)C(O)c1ccccn1,高毒,20.6593,1.4255
COc1ccc(CCNC(=O)Nc2ccc(C(C)=O)c(OC)c2)cc1,高毒,13.0087,1.8654
CCCCC(=O)N1CCCC(c2nncn2C2CC2)C1,微毒,24.615,0.1646
CC1COCCN1c1nc(N2CCOCC2C)c2cc(C(=O)NCC3CCC3)nc(-c3cnc(C4CC4)cn3)c2n1,中毒,79.0273,0.2693
CN(C)CCCOc1ccc(C2=C(c3cc(OC(F)(F)F)cc(C(F)(F)F)c3)CCCC2)cc1,中毒,12.3773,0.988
COc1ccc2c(c1)nc(-c1cnn(C)c1)n2Cc1ccccc1Cl,中毒,21.3126,5.3035
CN(C)C(=O)c1ccc(Nc2ncnc3[nH]c(-c4cnn(C)c4)cc23)cc1,中毒,23.4589,0.6346
COc1cc(NC(=O)Cn2cnc3ccccc32)cc(OC)c1OC,高毒,29.5139,4.2866
COc1cc2c(cc1OC)CN(c1ncnc(N3CCCC(N4CCN(C)CC4)C3)c1C)C2,低毒,68.551,1.1304
COc1ccc(C=C2CN=C(c3ccc(OC)c(OC)c3)OC2=O)cc1,高毒,49.1296,4.4577
O=[N+]([O-])c1ccc(C=Cc2nc3ccccc3o2)cc1,微毒,10.0864,8.8695
CC1CCCCN1CCCOc1ccc2nc(Cl)n3c(c2c1)CCC3,高毒,593.0783,2.4125
COc1ccc(-c2cc3nc(Nc4ccc(N5CCN(C)CC5)c(OCC(=O)O)c4)ncc3s2)cc1,中毒,7.1967,0.5169
O=c1[nH]c2ccccc2n2cncc12,高毒,142.8734,3.4419
CCOc1ccccc1N1CCN(Cc2nnc3n2CCCC3)CC1,低毒,13.0278,1.2421
CCN(CC)c1ccc(NC2N=C(c3ccccc3)c3ccccc3N(C)C2=O)cc1,中毒,131.9809,4.5804
COc1ccc(NC(=O)N2CCN(c3nc4cc(OC)c(OC)cc4nc3C(F)(F)F)CC2)cc1F,中毒,16.3136,0.8303
CC(C)n1nnnc1CN1CCCC(c2nncn2C2CC2)C1,微毒,9.8257,0.3405
CC(C)(C)OC(=O)N1CCCC(Nc2nn3c(-c4ccco4)nnc3s2)C1,中毒,39.9329,0.5793
COc1ccc(C=CC(=O)Nc2ccccc2C(=O)c2ccccc2)cc1,高毒,12.8737,6.9086
Brc1ccc2c(NC3CCCC3)nc(NCc3ccncn3)nc2c1,高毒,59.9439,3.2461
CCC(C)(C)CC(C)C1CCC2C3CC=C4CC(O)CCC4(C)C3CCC12C,高毒,134.7537,2.0378
COc1ccc(CC(=O)NCC(c2ccco2)N(C)C2CCS(=O)(=O)C2)cc1,中毒,57.4419,0.6479
N#Cc1ccc(OCCCn2ccn3nc(C(N)=O)cc3c2=O)cc1,中毒,33.4863,0.5482
COc1cc(C(=O)N2CCCC(c3nncn3C3CCCC3)C2)ccc1OCC(C)C,中毒,9.9395,0.3343
Cc1nnc(C)n1CCNC(C)Cc1ccccc1Cl,微毒,85.5419,1.6588
CC(O)C#Cc1cncc(-c2nc3ccc(N4CCCC4c4nc5c(cc4F)OCCn6C(C)C5)nc3s2)c1,高毒,593.0783,2.4125
c1ncnc2c1nc1n2CCCCC1,微毒,82.447,1.1144
O=[N+]([O-])c1c(O)nc2ccc(Cl)cc2c1O,高毒,9.2267,6.7205
CCN(Cc1nnc2n1CCC2)C(=O)c1nn(C)c2c1CS(=O)(=O)c1ccccc1-2,中毒,35.3346,0.2241
O=C1NC2(CCCCCC2)C(Cc2ccccc2)C(O)C(Cc2ccccc2)N1Cc1ccccc1F,中毒,15.442,0.4195
Cn1c(=O)c2[nH]c(-c3cnn(CC(O)CN4CCCCC4)c3)cc2n(CCCO)c1=O,中毒,48.0671,0.9556
CCOC(=O)C1=C(C)N=c2sc(=Cc3ccc(OCC(=O)OC)c(OC)c3)c(=O)n2C1c1ccc(OC)c(OC)c1,中毒,13.3405,1.559
O=C(O)C1CCC(CN(Cc2nncn2C2CC2)C(=O)NCCc2c[nH]cn2)CC1,微毒,17.7605,3.1438
Cc1nn(C)c(Cl)c1CN1CCCC(c2nncn2C2CC2)C1,微毒,9.0006,0.1922
COc1cccc(-n2nnnc2SCC(=O)Nc2ccc(OC)cc2)c1,高毒,9.8903,0.8883
CCCN(Cc1ccc(Cl)cc1)C(=O)c1cc(-c2csc3ccccc23)nc2nc(C(F)(F)F)ccc12,中毒,14.8206,1.5858
Cn1nnnc1SCC(=O)N1CCC(N2CCCCC2)CC1,高毒,123.354,0.6302
CC(C)Cn1c(=O)c2c(nc(SCC(=O)Nc3cccc(C#N)c3)n2Cc2ccccc2)n(C)c1=O,中毒,25.9297,0.9173
COc1cc(C=Nn2cnnc2)cc(OC)c1OC,高毒,185.2888,16.3927
O=C(c1ccco1)N1CCCC(c2nncn2C2CC2)C1,微毒,49.5955,0.7489
Cc1nnc2n1N=C(c1ccc(F)cc1)CS2,微毒,108.8749,3.0471
COc1cc2ncnc(N(C)Cc3ccccc3Cl)c2cc1OC,低毒,180.1965,4.5261
N=C(N)NCCCC(NC(=O)C(CCCCN)NC(=O)C1CCCN1C(=O)C(N)Cc1ccc(O)cc1)C(=O)O,微毒,75.4942,0.2931
CC1CN(C(C)CO)C(=O)c2cc(NC(=O)Nc3ccccc3)ccc2OC1CN(C)S(=O)(=O)c1ccc(F)cc1,低毒,5.8691,0.1982
COC(=O)c1ccc(Cl)c(Nc2ncnc(N3CCC(Oc4ccc(C)cc4)CC3)n2)c1,高毒,11.6973,0.9042
CC1(C)CCC2(COC(=O)C=Cc3ccc(O)cc3)CCC3(C)C(=CCC4C5(C)CCC(O)C(C)(C)C5CCC43C)C2C1,高毒,15.3267,4.4648
COc1ccc(-c2nnc(SCC(=O)c3ccc(OC)c(OC)c3)n2C)cc1,高毒,125.5531,2.0863
CC1=CC(OC(C)=O)C2(C)CCC3C(C)C4=C(CCC3(C)C2(C)C1=O)C(=O)OC4,中毒,35.1321,0.6297
O=C1C(Cl)=C(Nc2ccc(F)cc2)C(=O)c2ncccc21,中毒,12.2435,1.2294
COc1ccc2nccc(CCC3CCN(c4ncnc(N)c4C(N)=O)CC3)c2c1,高毒,24.3108,2.4497
CC(C)N1CCC2(CC1)NC(c1ccccc1F)C(=O)N2C,中毒,39.1813,0.2482
COc1ccc(C(=O)N2CCCC3(CCN(Cc4ccoc4)C3)C2)cc1,高毒,63.2996,0.4335
Cc1nn(-c2ccccc2)c(OCc2ccccc2)c1C=NNC(=O)CN1CCN(c2ccccc2F)CC1,中毒,24.393,1.2586
Cc1nc2ncnn2c(C)c1CCC(=O)N1CCCc2nccn2C1,低毒,100.6308,0.957
CC1CN(S(=O)(=O)c2ccc(C(=O)NCc3ccccc3Cl)cc2)CC(C)O1,高毒,57.1777,0.3111
O=C(c1ccnnc1)N1CCC(Cn2ccnn2)CC1,高毒,54.993,0.2716
Cc1nccn1CCCN1CCC(c2nncn2C2CC2)CC1,微毒,88.3201,1.9816
COc1cc2ncnc(Nc3ccc(F)c(Cl)c3)c2cc1NC(=O)C=CCN1CCCCC1,中毒,5.0352,1.1633
COc1cc(N2CCN(C(=O)c3cc(=O)c4cc(C)c(C)cc4o3)CC2)cc(OC)c1OC,中毒,62.0412,2.7764
O=C(c1ccc2[nH]nc(-c3cc4c(-c5cnn6ncccc56)ccnc4[nH]3)c2c1)N1CCC(F)C1,中毒,14.9729,0.7936
COc1ccc(C2OC(c3ccc(OC(C)=O)cc3)=C(C)NC2c2ccc(OC)cc2)cc1,中毒,41.3306,19.1212
CC(C)CC(NC(=O)C(N)CS)C(=O)NC(Cc1ccccc1)C(O)CC(Cc1ccccc1)NC(=O)OC(C)(C)C,中毒,68.1131,0.988
O=C(Nc1ccc(Cl)c(O)c1)c1cn(CCCn2nnc3ccccc32)c2ccccc2c1=O,中毒,8.55,0.1529
COCCCNS(=O)(=O)c1cccc(NC(=O)C2CCCN(S(=O)(=O)c3ccc4c(c3)CC(C)N4C(=O)C3CC3)C2)c1,中毒,19.2763,0.5345
Nc1nc2c(ncn2C2OC(COP(=O)(O)OP(=O)(O)OP(=O)(O)OP(=O)(O)OP(=O)(O)O)C(O)C2O)c(=O)n1,高毒,593.0783,2.4125
Cc1cc(C(=O)NC2CCC3(CC2)CC(C(F)(F)F)CC(=O)N3)no1,高毒,121.2527,1.0715
Cc1nn(C)c(C)c1CN1CCCC(c2nncn2C2CC2)C1,微毒,9.0006,0.2333
COc1ccc2nc3c(c(NCCCN(C)C)c2c1)-c1ccccc1C3=O,中毒,12.3552,0.3954
CC(C)CN1CCCC(c2nncn2C2CC2)C1,微毒,10.8224,0.2237
Cc1cc(C)n(CC(=O)N2CCCC(c3nncn3C3CC3)C2)n1,微毒,27.6673,0.1806
CN(c1nc2ccsc2c(=O)n1-c1ccc(N2CCS(=O)(=O)CC2)c(F)c1)S(C)(=O)=O,中毒,35.6894,1.8904
CSc1nnc(NC(=O)CSCC(=O)N2CCCC2)s1,高毒,194.1481,0.4446
O=C(c1cc2c(s1)CCCC2)N1CCC(n2nccn2)CC1,中毒,10.8517,3.5379
CC1CN(C(=O)c2ccc(C#Cc3ccc(Cl)cc3)cc2)CCc2cc(S(=O)(=O)Nc3nccs3)ccc2O1,中毒,45.2223,0.5111
COc1cc(OC)c2c(c1OC)-c1cc(cc(OC)c1OC)C(CO)N(C)CC2,中毒,44.3439,0.6736
Cn1c(=O)c2nc(-c3cnn(CC(=O)Nc4ccc(S(=O)(=O)N5CCOCC5)cc4)c3)[nH]c2n(CCC)c1=O,中毒,18.5086,0.3037
CCOc1ccc(S(=O)(=O)N2CCN(CC(=O)NCc3ccco3)CC2)cc1,高毒,210.6658,2.006
COc1cc2ncnc(Nc3cccc(Br)c3F)c2cc1OCCN1CCC(O)CC1,低毒,23.0058,0.1801
COc1cc2ncc3c(NCCCN)ncnc3c2cc1OC,高毒,47.989,5.1763
CC1(C#N)CCN(C(=O)C2CCC(Cn3nnc4cc(F)ccc43)CC2)CC1,中毒,18.4479,0.2957
O=C(c1cc(CC(O)CN2CCC(c3noc4cc(F)ccc34)CC2)cc(C(F)(F)F)c1)N1CCC(O)(C2CC2)CC1,中毒,17.4256,0.5405
COc1ccc(Cl)cc1N1CCN(CCn2nnc3c(N4CCCC4)nc(C4CC4)nc32)CC1,中毒,19.0256,1.9936
CC1Cc2c(O)ncnc2S1,微毒,242.5222,18.6424
COc1cc(NC(=O)CN(C)C(=O)CCNC(=O)c2ccco2)cc(OC)c1OC,高毒,39.4873,0.7696
CC1CN(C(C)CO)S(=O)(=O)c2ccc(C#Cc3cccc(C(F)(F)F)c3)nc2OC1CN(C)Cc1ccc(F)cc1,中毒,14.0271,0.8651
Cc1nc(C)c(CN(C)C2CCCN(CC3CCCCC3)C2)no1,高毒,593.0783,2.4125
Cn1ncc2c(Oc3ccc(NC(=O)c4nn(-c5ccc(F)cc5)c(=O)c5ccccc45)cc3F)ccnc21,中毒,31.3819,1.2407
CCCOC(=O)C1=C(C)NC(=O)NC1c1coc2ccc(Br)cc12,中毒,13.1385,0.6333
CCC(Nc1ncnc(N)c1C#Cc1ccc(N)nc1)c1nc2ccc(F)cc2c(=O)n1-c1cccc(F)c1F,低毒,22.9085,1.3493
CC(=O)N1CCCC(c2nncn2C2CC2)C1,微毒,24.615,0.2138
COc1ccc2ncc(F)c(CCC3(CCC(N)Cc4ccc5c(n4)NC(=O)CO5)CC3)c2n1,中毒,38.3779,1.2658
CC1CCC2(OC1)OC1CC3C4CC=C5CC(OC(C)=O)CCC5(C)C4CCC3(C)C1C2C,低毒,17.572,7.3297
COc1ccc(C(O)c2cc(C(=O)Nc3ccc4nc(C)sc4n3)c3cc(C)ccc3n2)c(Cl)c1,中毒,44.4102,0.4596
CC1=CC(=O)C2=C(C1=O)C1CC(O)C3C(O)CCC(C)C3(C)CCC12C,高毒,24.0951,0.3864
O=C(O)COC1CCC2(CC1)OCCO2,高毒,121.999,2.3534
Cc1cc(Cl)ccc1N1CCN(CCCCCn2nc(-c3cnn(C)c3)c3c(N)ncnc32)CC1,中毒,14.0963,0.1566
Cc1nn(-c2ccc(F)cc2)c(C)c1C1CCCC(=O)N1c1ccc2[nH]ncc2c1,中毒,10.8509,0.6218
CC(C)=CCCC(C)=CCSc1nnc(NC(=O)C(O)c2ccccc2)s1,中毒,110.6898,1.9835
C=C(C)C1CCC2(C(=O)OCCBr)CCC3(C)C(CCC4C5(C)CCC(OC(=O)C=Cc6ccc(O)cc6)C(C)(C)C5CCC43C)C12,高毒,15.3267,2.6629
O=C(c1cnnc(SCC(=O)N2CCCC2)n1)N1CCN(c2ccc(Cl)c(Cl)c2)CC1,中毒,17.297,0.1821
COc1ccc(OC)c(S(=O)(=O)N2CCCC(c3nncn3C3CC3)C2)c1,微毒,5.2643,0.1254
CCCCCOC(=O)c1ccc(OCCCN2CCN(Cc3ccccc3)CC2)c(F)c1,高毒,68.6107,0.3329
CCOC(=O)c1cnn(CC(=O)NCCN2CCOCC2)c1N,高毒,23.9237,0.2189
COc1cc(C=CC(=O)C=Cc2ccc(OC)c(OC)c2)ccc1O,高毒,74.1069,6.5556
COc1ccccc1CN1CCCCC(N2CCN(CCc3c[nH]c4ccc(Cl)cc34)CC2)C1,中毒,40.0621,0.5146
CCCCN(Cc1ccc2nc(N)nc(N)c2c1)c1ccc(C(=O)NC(CCC(=O)O)C(=O)O)cc1,中毒,41.0118,3.7179
CCCCC=CCC=CCC=CCC=CCC=CCC=CCC=CCC=CCCC(=O)O,高毒,237.1677,2.3168
Cc1ncsc1CN1CCCC(c2nncn2C2CC2)C1,微毒,15.4722,0.2099
COc1cc(C2c3cc4c(cc3C(Nc3ccc(=O)[nH]n3)C3COC(=O)C23)OCO4)cc(OC)c1OC,中毒,104.1673,0.8979
COCCN1CCCC(c2nncn2C2CC2)C1,微毒,13.5994,0.2094
CC1CCCN(c2nncn2C2CN(c3ccc4ccccc4n3)C2)C1,高毒,102.3514,0.7051
COc1ccc(CCNC(=O)c2cc(=O)c3ccc(C)c(C)c3o2)cc1OC,低毒,235.0614,11.1411
CCCCc1nc2ccc(-c3nn(Cc4ccccc4)c(=O)n3Cc3ccccc3)cn2c1N(C)c1nc2cc(C(=O)O)ccc2s1,中毒,23.8234,3.1304
Cc1nn(C)c(C)c1CCN1CCCC(c2nncn2C2CC2)C1,微毒,6.2329,0.2099
CC(O)C(NC(=O)c1ccc(-c2cccc(F)c2F)c(F)c1)C(=O)NO,中毒,12.7122,0.2222
COc1cc2ncnc(Nc3ccc(F)c(Cl)c3)c2cc1OCCCN1CCC(C)CC1,低毒,8.506,0.5346
CCNC(=O)C1CCN(c2nc(NC3CC3)n3ncc(C=C4NC(=O)NC4=O)c3n2)CC1,高毒,17.488,1.8211
COc1cc2c(cc1OC)CN(C(=O)CC1CCCN(S(=O)(=O)c3ccc4c(c3)OCO4)C1)C2,高毒,66.3309,0.3226
COc1ccccc1COCC(=O)N1CCCC(c2nncn2C2CC2)C1,微毒,17.6229,0.1952
O=C(Nc1nnc(-c2cccc3ncsc23)s1)c1nc2ccccc2[nH]1,中毒,291.9997,1.1128
Cc1nnc(-c2nn3c(-c4ccccc4F)nnc3s2)c2c1CCC2N,中毒,10.1475,1.012
CCC(CC)OC1C=C(C(=O)NN=Cc2ccc(Cl)cc2)CC(NCC23CC4CC(CC(C4)C2)C3)C(N)C1O,低毒,40.8368,3.7476
CC1CN(c2nc3ccccc3nc2C(=O)N2CCNCC2)CC(C)N1,中毒,214.7507,0.2682
Cn1cc(CN2CCCC(c3nncn3C3CC3)C2)nn1,微毒,6.0399,0.2313
CC1CCCC(=O)C=CC(=O)OCC2OC(OC3OC(CO)C(O)C(O)C3O)C(O)C(O)C12,低毒,38.2838,0.2029
O=C1NCCCN1c1cc(Oc2ccc(NC(=O)c3nc(-c4ccc(F)cc4F)c(F)cc3Cl)cn2)ncn1,中毒,28.1099,0.4952
CCOC(=O)c1c(NC(=O)CCn2nnc(-c3ccc(OC)cc3)n2)sc2c1CCCC2,中毒,15.0341,1.4232
N#Cc1ccc(OCCCCN2CCC(n3nnc4cc(F)ccc43)CC2)cc1,高毒,3.289,0.928
CC1(C)CC2(C(=O)Nc3ccc(Cl)cc3)CCC3(C)C(=CCC4C5(C)CC(O)C(O)C(C)(CO)C5CCC43C)C2C1,高毒,23.9781,3.4013
CC1CN(c2nc3c(c(=O)n(C)c(=O)n3C)n2CC2CC2)CCN1C,中毒,31.27,0.4006
CCCC1(CCC)CCCCN1C(=O)Cc1ccccc1,高毒,101.2324,0.4639
Nc1nc(N)c2nc(COC(c3ccc(C(F)(F)F)cc3F)P(=O)(O)O)[nH]c2n1,中毒,9.9747,0.2329
CCN(CC)CCCNc1nc(-c2ccc(C)cc2)nc2c1c(=O)n(Cc1cccs1)c(=O)n2C,中毒,11.0814,0.7583
CC(C)(C)c1nn(CCO)c2nc(N3CCC(c4nncn4C4CC4)CC3)ncc12,中毒,39.5564,2.591
O=C(Nc1cccc(Br)c1)c1cc(-c2ccc(F)cc2)nn1-c1ccc(-c2nc3ccccc3[nH]2)cc1,中毒,40.8281,0.9188
CN(C(=O)C(=O)NC1CCCC1)c1nc(-c2cccnc2)n(C)c1C,中毒,100.5643,2.8093
N#Cc1ccccc1NC(=O)N1CCC(NC(=O)c2ccc(Cl)c(Cl)c2)CC1,高毒,7.7669,0.3143
O=C1N(Cc2ccncc2)Cc2cnncc2C12CC2,中毒,29.3453,3.1896
CC(C)CCN1CCC(C(=O)Nc2nc3ccc(Sc4ccc(C)cn4)cc3s2)CC1,中毒,40.7571,2.7148
COC(=O)c1sc(N2CCN(c3nccs3)CC2)nc1C,高毒,26.9712,5.5733
CCOC(=O)c1c(Cc2ccc(Cl)cc2)nc2ccccn2c1=O,低毒,63.1279,0.5299
CC1CCCCN1c1nnc(NC(=O)c2cccs2)s1,高毒,45.5642,2.3649
CC1(C)CN(c2nc(N3CCOCC3)nc(N3CCCCC3)n2)CCN1C(=O)c1ccccn1,中毒,51.6566,0.405
C=CCOc1c(OC)cccc1C=NNC(=O)c1cc2ccccc2oc1=O,高毒,126.1716,0.8994
CN(C)C1Cc2ccccc2CC1C(=O)NCCc1ccc(-c2ccccc2)cc1,高毒,45.9455,0.5641
O=C(CCc1ccon1)N1CCCC(c2nncn2C2CC2)C1,微毒,38.2944,0.1646
CCCCCCCCCCCCCCCC(=O)OC1C(CO)OC(n2cnc3c(N)ncnc32)C1O,中毒,12.4497,0.1838
O=c1n(Cc2ccccc2)c(NC2CCCCC2)nc2n1CCN2c1ccccc1,高毒,593.0783,2.4125
Cn1c2c(c3cc(F)ccc31)C1(COC(N)=N1)c1cc(-c3cccnc3F)ccc1OC21CCC1,中毒,39.2851,0.2191
COc1ccc(NC(=O)CN2CCN(S(=O)(=O)c3ccc4c(c3)CCCN4C(=O)c3cc(C)cc(C)c3)CC2)cc1,中毒,8.7072,0.1913
COc1ccc(-c2c(C#N)c(N)nc3sc(C(=O)c4ccc(C)s4)c(N)c23)cc1OC,中毒,29.6946,0.4537
O=C(O)C1CCCCN1C(=O)C1CCCN1S(=O)(=O)c1cccc2nsnc12,中毒,92.57,0.3431
COc1ccccc1N1CCN(CCC(c2ccc(F)cc2)c2ccc(F)cc2)CC1,高毒,9.4211,1.0768
CCOC(=O)N1CCC(NC(=O)c2cnn3ccc(-c4cnn(Cc5cccc(F)c5)c4=O)cc23)CC1,高毒,593.0783,2.4125
COc1ccc2nccc(C(O)CCC3CCCN(c4ncnc5[nH]cnc45)C3)c2c1,中毒,14.2908,0.474
CCC(C)C(NC(=O)C(NC(=O)C(CC(C)C)NC(=O)C(CC(C)C)NC(C)=O)C(C)C)C(=O)NC(CCCNC(=N)N)C(=O)CF,微毒,56.9427,0.231
O=C(OCCOCCOc1ccc(Cl)cc1)c1nnnn1C1CC1,微毒,57.948,0.234
Cc1cn(C2CC(O)C(COP(=O)(O)OP(=O)(OCC3OC(n4cnc5c(N)ncnc54)C(O)C3O)O2)c(=O)[nH]c1=O)c1ccccc1,中毒,7.7735,0.1118
Cc1nn(C)c(C)c1CCNC(=O)c1cnn(C)c1,低毒,103.8399,0.6964
CCOc1ccc(C(=O)Nc2ccc(-n3nc(C)cc3C)c(F)c2)cc1,高毒,21.4002,0.8969
O=C(Cn1c(-c2cnn3c(NCC4CC4)nc(C4CC4)nc23)nc2ccccc21)NO,中毒,5.5844,1.07
O=c1n(Cc2nc3ccc(F)cc3[nH]2)nc2cnccn12,微毒,77.0883,0.4382
COC(=O)c1ccc(OCCCN2CCN(c3nsc4cc(F)ccc34)CC2)cc1,高毒,51.3492,0.6093
O=C(CCCCCCSCC(NC(=O)CCS(=O)(=O)c1ccccc1F)C(=O)O)NO,中毒,45.6859,0.4615
Cc1nn(Cc2ccccc2)c(=O)c2c1nc1n2CCCC1C(=O)N1CCC(c2nncn2C2CC2)CC1,中毒,43.5757,0.2551
CCCCCCCCCS(=O)(=O)CCNC(=O)C(CC(C)C)NC(=O)C(CO)NC(=O)C(CCCNC(=N)N)NC(=O)OCc1ccccc1,中毒,64.3784,0.215
CCCCCOc1cc(C(C)=O)cc2[nH]c3cc(O)ccc3c(=O)c12,高毒,39.9513,4.4782
O=C(CN1CCCCC1)N1CCCN(c2nnc(C3CC3)s2)CC1,高毒,16.3193,1.5639
COC(=O)c1cc2cnc3c(OC)cccc3c2n1C1CCN(C(=O)c2ccco2)CC1,中毒,57.8626,0.8935
COc1cc2ncnc(N3CCCC(c4nncn4C4CC4)C3)c2cc1OC,中毒,81.6463,0.5851
COCCOCCOCCOc1cc2c(Nc3ccc(Br)c(Cl)c3)ncnc2cc1OCCCN1CCCCC1,中毒,14.9752,2.2221
Cc1nn(-c2ccccc2)c(=O)c2c(Nc3ccc(C(F)(F)F)cc3)nnnc12,中毒,6.4434,4.0844
O=c1onc2c(O)nc3ccccc3c12,高毒,593.0783,2.4125
CCN(CC)CCNC(=O)c1cc2ccc(C(=O)C=Cc3cccc(OC)c3OC)cc2c(=O)n1C,高毒,80.3684,0.237
Fc1ccc(Nc2nnc(SCC(=O)Nc3nncs3)s2)cc1,高毒,61.8269,2.4307
CCS(=O)(=O)c1ccc(OCC2CC(F)CN2Cc2ccc(F)cc2F)cc1,高毒,25.2847,0.5526
O=C(Cc1ccc(O)cc1Cl)N1CCC(c2nncn2C2CC2)CC1,微毒,29.828,0.221
Cc1noc(C)c1C(=O)N1CCCC(c2nncn2C2CC2)C1,低毒,27.1052,0.4769
COc1ccc(CC(=O)N2CC=C(c3nncn3C3CC3)CC2)cc1,高毒,42.515,0.2755
CC(=O)c1ccc(NC(=O)Cn2nc3c4c5c(sc4ncn3c2=O)COC5)cc1,中毒,19.025,0.5477
Cc1cccc(-c2nnc(SCC(=O)Nc3ccc(F)cc3F)n2C2CC2)c1,中毒,36.1288,4.734
Cc1ccc(CN(C(=O)c2snc(C(N)=O)c2N)C(C(=O)NC2CCCC2)c2ccco2)cc1,中毒,21.9732,0.4566
C=CCN1C(=O)C2CN(C)C(=O)CC2(c2ccc(F)cc2)C1,高毒,15.6171,0.4088
CCCC(C)C(=O)N1CCCCC(n2nnnc2C2CC2)C1,微毒,49.9681,1.4665
Cc1nnc(CCn2nc(C3CC3)c3c2-c2cc(NC(=O)c4cc(C)sn4)ccc2CC3)n1C(C)C,中毒,21.6927,4.0779
Nc1nnc(SCC(=O)N2CCN(c3ccc(F)cc3F)CC2)s1,高毒,14.7649,0.2116
CCN1CCN(C(=O)c2cnn(C)c2)C(c2nncn2C2CC2)C1,低毒,128.1318,0.1793
CCOC(=O)C1=C(c2ccc(F)cc2)OC(N)=C(C#N)C1c1ccco1,中毒,62.5303,2.9644
COC1CC2CC(C)C(CCC3(C)OC3C(C)C(=O)OC3C)C2(C)C2CCC(=O)C12,高毒,593.0783,2.4125
CCCC(=O)N1C(c2cccc(F)c2)CC1C(=O)Nc1ccc(OC)cc1,中毒,27.9661,0.949
CC1(C(O)CC(=O)O)CCC2(C)CCC3(C)C(=CC(=O)C4C5(C)CCC(O)C(C)(C)C5CCC43C)C2C1,高毒,19.0434,2.3676
Cc1csc(C(C)(OCCN(C)C)c2ccc3ncc(-c4cnn(CCCN5CCCC5)n4)n3c2)n1,中毒,8.7451,0.3185
Cc1nncn1CCN1CCCC(c2nncn2C2CC2)C1,微毒,13.5158,0.2161
Cc1noc(C)c1C(=O)N1CCCC(c2nncn2C2CC2)C1,低毒,27.1052,0.4769
CCc1nn(-c2ccccc2)c(Oc2ccc(C#N)cc2)c1C=C1C(=O)NC(=O)NC1=O,中毒,28.1367,4.2184
CCCOc1ccc(C(=O)NC(CC(=O)O)C(=O)OCC)cc1,高毒,32.7524,2.5282
C=C1C(=O)OC2C1CCC(COC(=O)Cc1ccc(Cl)s1)=CCCC1(C)OC21,低毒,185.4723,2.1946
CCCCn1c2ccccc2c2cc(NC(=O)c3ccc(Br)cc3)ccc21,高毒,51.3211,3.4849
CC(C)CC1COC(=O)C(C)NC(=O)C(C(C)O)NC(=O)C(CC(C)C)NC(=O)C(C(C)C)NC(=O)C(Cc2ccccc2)NC1=O,中毒,43.8115,0.8625
Cc1cc(COc2ccc(S(=O)(=O)N3CCCc4cc(N5CCN(C)CC5)ccc43)nc2)no1,中毒,42.95,0.2
CCCCCCCCCCCCCCCCCCCOC(COP(=O)([O-])OCC[N+](C)(C)C)OC(C)=O,高毒,58.783,2.2337
Cc1ccc(C2CC2COc2nc(N3CCOCC3C)nc(N3CCC(F)C3)n2)nc1,中毒,28.8123,1.9351
Cc1nc(C2CCCN2CC(=O)NCC2CCCO2)no1,高毒,53.8298,0.2524
CC(C)(C)OC(=O)N1CCC2(CC1)CC(=O)N(c1ccc(C3CC3)cc1)C2=O,高毒,10.2218,1.1741
COc1ccc(C2CC(=O)c3c(O)c(C)c(OC4OC(CO)C(OC5OC(CO)C(O)C(O)C5O)C(O)C4O)c3oc2=O)cc1O,高毒,593.0783,2.4125
Cn1ncc2cc3ncn(CC(=O)NCCCCCCCNc4c5c(nc6ccccc46)CCCC5)c(=O)c3nc21,中毒,19.5669,0.2858
CCC(C)C(NC(=O)OC(C)(C)C)C(=O)NC(CC(C)C)C(O)CC(CC(C)C)C(=O)NC1c2ccccc2CC1O,中毒,31.2848,0.5333
COc1ccc(-c2nn3nnnc3c3c2CCC3)cc1OC,中毒,16.3327,6.609
CCOC(=O)CN1C(=O)C2CCCN2c2nc3nonc3nc21,中毒,79.2363,0.5987
CCOC(=O)c1nn(-c2ccc(C(C)C)cc2)c(=O)cc1Nc1cccc(F)c1,低毒,29.6679,0.6949
CC(=O)N1CCCC(c2nnnn2C2CC2)C1,微毒,30.5969,3.0193
CCCCn1nc(Cc2c[nH]c3ccccc23)c2cc(C3CCCN3C(=O)C3CCCO3)[nH]c2c1=O,中毒,20.2197,0.1929
CC(C)Oc1cc2ncnc(Nc3ccc(F)c(Cl)c3)c2cc1OCCCN1CCCC1,低毒,12.2996,0.5346
COc1ccc(OC)c(C2C(C(=O)c3ccc4nnsc4c3)=C(O)C(=O)N2CC(C)C)c1,中毒,15.0399,0.3602
CCCc1nn(CCN2CCCC(c3nncn3C3CC3)C2)c(=O)n1Cc1ccc(-c2ccccc2-c2nnn[nH]2)cc1,中毒,10.6175,0.8492
Cc1nc[nH]c(=O)c1C#Cc1ccc(N(Cc2ccncc2)C(=O)C=C(C)C)cc1,中毒,22.7018,13.7256
CCCCCC1(c2ccc(OC3CCC(C(=O)O)CC3)cc2)CCCCC1,高毒,53.6968,4.0793
O=C(O)c1cc(-c2ccc(O)c(CO)c2)nc2ccc(F)cc12,中毒,17.5732,0.2777
COc1ccccc1CNC(=O)CSc1nnc(CNC(=O)Nc2ccc(F)cc2)n1C,高毒,14.7347,0.8533
CN(C)C(=O)N1CCCC(c2nncn2C2CC2)C1,微毒,24.8555,0.197
N#CCNc1nc(Nc2ccc(C#N)cc2)nc(NC2CCCNC2)n1,高毒,4.2117,0.5308
CC(C)(C)NC(=O)C(c1ccccn1)N(C(=O)Cn1nnc2ccccc21)c1ccc(F)cc1,中毒,47.186,0.211
CC(=O)OC1(CCCCC(=O)O)CCC2(C)CCC3(C)C(=CC(=O)C4C5(C)CCC(O)C(C)(C)C5CCC43C)C2C1,高毒,45.3591,5.3435
Cc1ccc(Cn2nnc(C3(O)CCN(Cc4cn(C)nc4C)CC3)n2)cc1,微毒,16.6071,1.4394
CCOC(=O)C1CCCN(C(=O)c2nn(C)c(=O)c3ccccc23)C1,低毒,25.2253,0.4511
Cn1ncc2c1CCN(Cc1csc(-c3cccs3)n1)C2,低毒,16.4935,0.1194
Cc1cc(C)n2nc(CSc3nnc(Cc4ccccc4)n3-c3cccs3)nc2n1,中毒,19.3625,0.2979
CSCCC(NC(=O)c1c(Cl)ccc2nc(-c3ccco3)nn12)C(=O)O,中毒,37.9204,1.4759
N#Cc1ccc(Nc2nccc(Nc3ccc(C4CC(=O)N(C5CC5)CC4)n3)n2)cc1,高毒,593.0783,2.4125
O=C1CSC(c2ccccc2)N1CC(O)CN1CCCC1,中毒,18.0069,0.8746
CC1(C)C2CCC1(CS(=O)(=O)N1CCN(Cc3cncn3-c3ccc(F)cc3)CC1)C(=O)C(CC1CCCCC1)C2,低毒,15.5812,0.3598
Cc1ccc(-[n+]2nnn(CC3CCCN3c3nc4ccccc4nc3N3CCCC3)c2C)cc1,中毒,52.1394,0.8159
COc1ccc(CNc2ncnc(N3CCCCC3)c2-c2nc3ccccc3s2)cc1,中毒,121.6813,0.2569
CC(C)CC(N)C(=O)N1CCCC1C(=O)NC(CCCNC(=N)N)C(=O)NC(CCCNC(=N)N)C(=O)NC(CC(N)=O)C(=O)N1,高毒,593.0783,2.4125
O=C(CN1CCCCC1)Nc1nc(-c2ccc(F)cc2)cs1,中毒,53.964,0.7861
COc1cc(C=CC(=O)OCCCCN2CCOCC2)cc(OC)c1OC,高毒,40.6014,4.0521
CC(C)Nc1nc(NC2CC2)n2ncc(C=C3NC(=O)NC3=O)c2n1,高毒,14.0468,2.2253
CC1(C)OC(=O)c2c1ncn2Cc1ccc(F)cc1,中毒,18.7699,0.3261
CCOC(=O)C1=C(CN2CCN(C(C)=O)CC2)NC(=O)NC1c1ccc(Cl)cc1Cl,中毒,8.6989,0.5499
CCOC(=O)N1CCC(CN(C)Cc2ccnn2C)C1,高毒,181.8254,1.0445
O=C(NCc1nnc2n1CCCC2)c1ccc(OC2CCN(c3ncnc4[nH]ccc34)C2)cc1,低毒,54.8343,0.7548
COc1ccc(C(=O)Nc2ccc(Nc3ncc4nc(N5CC6CCC(C5)N6)n(C5CC5)c4n3)cc2)cc1Cl,中毒,16.2498,0.2632
O=C(O)CCCC=CCC1C(COCC2CCCCC2)CCCC1CC(F)F,高毒,150.1138,7.3248
COCC(C)Oc1cc(N(C)S(C)(=O)=O)ccc1Nc1ncc(Cl)c(Nc2ccccc2NS(C)(=O)=O)n1,低毒,8.3697,1.0838
COc1ccc(S(=O)(=O)c2c(C)ncn2C(C)C)cc1,低毒,45.7709,0.2252
CCOC(=O)c1c(C)nc2c(cnn2-c2ccc(F)cc2)c1N,中毒,4.9982,2.6023
Cn1cnc2c1CCN(Cc1nc3c(cnn3C3CCOC3)c1=O)CC2,中毒,15.2044,0.2129
CC(C)CC(NC(=O)C(NC(=O)C(CCCSC)NC(=O)C(N)CCCN=C(N)N)C(=O)NC(Cc1ccc(O)cc1)C(N)=O)C(=O)O,微毒,55.9855,0.2545
Cc1nc(CN2CCCC(c3nncn3C3CC3)C2)cs1,微毒,13.5158,0.6205
Cc1nc(C2CC2c2nnc3n2CCCC3)no1,微毒,31.3822,0.1796
COc1ccc(C#Cc2nnc(N3CCCCC3)nc2-c2ccncc2)cc1OC,高毒,111.1264,9.6245
CC1CCCCN1CCc1sc2ncnc(N3CCCC3c3cc(F)cc(F)c3)c2c1C,中毒,11.8742,0.2304
CC(c1ccccc1)N(C)CC(O)c1ccc(O)c(NS(=O)(=O)c2ccc(Br)s2)c1,微毒,48.9372,0.4356
Cn1cc(C2=NOC(COC3CCN(C(=O)C4CC4)CC3)C2)c2ccccc21,中毒,12.0827,3.1346
COc1ccc(C(=O)Nc2ccc(C(=O)N3CCC(C(N)=O)CC3)cc2)cc1Nc1nccc(-c2c(-c3cccc(C(=O)Nc4c(F)cccc4F)c3)nc3cccc,高毒,593.0783,2.4125
CCOC(=O)c1cnc2c(cnn2C2CCCCC2)c1N,高毒,39.0247,0.2551
CC(C)c1nnc(CN2CCCC(c3nncn3C3CC3)C2)o1,微毒,13.9969,0.2099
O=c1[nH]c2cc(Cl)ccc2n1CCN1CCC(c2nncn2C2CC2)CC1,微毒,24.7191,2.3522
N#CC1CCCN1C(=O)CNC(=O)C(Cc1c[nH]c2ccccc12)NC(=O)c1ccc2c(c1)CCCC2,中毒,65.3024,0.6249
COc1ccc(CNC(=O)CC2CCN(Cc3ccccc3)CC2)cc1,高毒,56.6354,0.7195
O=C(O)c1ccc(Nc2nc(-c3ccc(F)cc3)cs2)cc1,中毒,11.4048,0.5079
O=C(NCCc1nnc2n1CCCC2)c1ccc2c(c1)OCO2,高毒,48.5657,0.3798
O=S(=O)(Nc1ncns1)c1cc(F)c(OC2CCOCC2c2ccc(F)cc2F)cc1F,低毒,13.4712,0.2876
CC(Oc1ccccc1)C(=O)N1CCC(Cn2cncn2)C1,高毒,31.2491,0.7416
COc1ccc(C=CC(=O)c2sc(Nc3c(Cl)cccc3Cl)nc2C)cc1OC,中毒,5.3048,0.1893
CCc1nn2c(-c3ccc(OCC)cc3)nnc2s1,高毒,51.1068,1.7061
CCNC(=O)c1nn(-c2ccc(OC)cc2)c2c1CCN(C(=O)c1ccc3c(c1)OCO3)C2,中毒,11.0397,0.5944
Cc1ccc(C)c(NS(=O)(=O)c2ccc3c(c2)CC(=O)N3C)c1,中毒,10.4133,2.6137
CCC(C(=O)OCC(=O)NC1CCCCC1)c1c(N)n(Cc2ccccc2)c(=O)[nH]c1=O,中毒,21.9417,2.8326
CC(=O)N1CCCC(c2nncn2C2CC2)C1,微毒,24.615,0.2138
Cc1cc(OCCCCCN2CCN(c3nsc4ccccc34)CC2)c2cc(F)ccc2n1,低毒,25.774,0.1879
[O-][S+](Cc1ccc(C(F)(F)F)cn1)c1ccc2nncn2c1,高毒,2.7616,0.9087
CC1CCCCN1c1nc(NC2CCCC2)c2ncn(C3CCN(CCO)CC3)c2n1,中毒,88.0689,0.3195
CCOc1nc(-c2ccc(F)cc2F)nc2c1C(c1ccc(C#N)cc1)C(C#N)=C(N)O2,中毒,36.3137,1.0539
CC(C)CC(CO)NC(=O)C1CCCN1C(=O)C(N)Cc1ccc(O)cc1,微毒,36.9612,0.4748
CC(=O)N1CCc2c(ncn2C2CCCN(S(=O)(=O)c3cccc(F)c3)C2)C1,中毒,85.8668,0.2816
CCN(CC)c1ccc2nc(CN3CCCC(C(=O)c4cccs4)C3)oc2c1,中毒,11.3497,3.5248
CCN(CC)c1ccc(NC(=O)c2nn(-c3ccccc3)c(=O)c3ccccc23)cc1,高毒,15.2117,3.0265
O=C1CCc2cc(NC(=O)C3CCCN(c4ccnc5cc(Cl)ccc45)C3)ccc2N1,中毒,2.9122,0.4192
CC1CCCCC1NC(=O)CN1CCCC(Cn2nc(C3CC3)c3cc(F)ccc32)C1,中毒,15.4999,1.5405
Cc1ccc(C2=NOC(C(=O)N(C)c3ccccc3)C2)cc1,中毒,8.8746,24.6937
O=C(NCc1cccs1)c1cc(C(F)(F)F)nn1-c1ccc2nc(N3CCCC3)c(=O)n(CC3CC3)c2c1,中毒,40.0966,0.6113
Cc1nn(Cc2cccc(F)c2)c(=O)c2[nH]c(C3CCN(CCC4CCCCC4)CC3)nc12,中毒,4.0013,0.7377
Cc1onc(-c2ccccc2)c1COc1ccc2c(c1)C(NCC1CC1)CC2,中毒,46.3696,2.8251
CN1CCN(c2ccc(C(=O)NCCCN3CCCC3=O)cc2F)CC1,高毒,17.5425,0.2115
Cc1nn(C)c(C)c1CN1CCCC(c2nncn2C2CC2)C1,微毒,9.0006,0.2333
O=C(Nc1nnc(Cc2ccc(F)cc2)s1)c1cccnc1,高毒,126.9461,8.9531
N#Cc1ccc(OCc2cn(C3COC(n4cc(Br)c(=O)[nH]c4=O)CC3O)nn2)cc1,低毒,11.5514,0.1926
COc1ccc(N2C(=O)C3C4C=CC(C4)C3C2=O)cc1,高毒,54.6512,8.1478
OC(CN1CCCC1)(c1ccccc1)c1ccccc1,高毒,110.5765,2.2741
COc1ccc(OC)c(C(=O)CN2C(=O)C3C4C=CC(C4)C3C2=O)c1,高毒,29.4204,0.5038
CC1=C2C=CC3(C)C(=CCC4C5(C)CCC(OC6OC(CO)C(O)C(O)C6O)C(C)(C)C5CCC43C)C2CC(O)C1O,低毒,23.7187,1.1865
CCC(C)NC(=O)C1CCCN(Cc2nccn2C)C1,高毒,96.3475,1.4492
COC(=O)c1c(CN2CCCC2)csc1NC(=O)c1cccc(S(=O)(=O)N2CCOCC2)c1,中毒,10.3261,0.2052
O=C(NC1CCCCC1)C1CCN(Cc2nncn2Cc2ccc(F)cc2)CC1,高毒,44.2506,1.832
Cc1ccc(NC(=O)CCCCN2C(=O)NC3(CCCc4ccccc43)C2=O)c(C)c1,中毒,15.3279,0.6878
C#CCN1CCCC(c2nncn2C2CC2)C1,微毒,13.5158,0.2302
CN1CCN(c2nnc(C3CC3c3nc4cc(F)c(F)cc4[nH]3)o2)CC1,中毒,10.0712,3.034
CCCN(CCC)S(=O)(=O)c1ccc2nc(O)c(O)nc2c1,微毒,67.1139,0.3617
CCOC(=O)Cc1csc(NC(=O)CN(C)C(=O)c2ccc(OCC)cc2)n1,高毒,10.5624,0.1265
CC(C)C(=O)c1cn(C2CC2)c2nc(N3CCN(C4CCC(C)CC4)CC3)nc(-c3cnc(N)nc3)c2c1=O,中毒,16.3568,0.3172
CCCCC(CC)NC(=O)c1ccc(F)cc1,高毒,202.6854,0.3399
CCOC(=O)c1nn(C)c(C)c1NS(=O)(=O)c1ccc(Cl)c(C(=O)NCC2CCC(C(=O)O)CC2)c1C,中毒,48.1773,0.1586
COc1ccc(CNc2ncnc3c2CCN(c2nncn2-c2ccc(C)cc2)C3)cc1,中毒,23.3884,1.5133
CC(C)(C)c1ccc(-n2nc(C(=O)N3CCOCC3)cc2-c2nnn[nH]2)cc1,中毒,29.8647,2.4452
COc1cccc(-c2nnc(SCC(=O)NC3CCCC3)n2C)c1,高毒,378.0035,1.9906
COc1ccc(Nc2nc(C)c(C(=O)c3cccs3)s2)cc1,中毒,30.0973,1.7048
Cn1nc(-c2ccc(F)cc2)nc1C1CCN(C(=O)N2CCC(c3nncn3C3CC3)CC2)CC1,高毒,27.9248,4.6546
CC(=O)Nc1ccc2c(c1)C1CCCC1C(c1ccc(Cl)cc1)N2,中毒,31.2294,4.1614
CCCCn1nnc(Cn2nnc3ccccc32)n1,中毒,4.3396,0.2922
CC12CCC3C(CCC4CC(OC(=O)c5ccc6nccn6n5)CCC43C)C1CCC2=O,高毒,58.3469,0.6871
COC(=O)C1=C(C)NC(C)=C(C(=O)OC)C1c1cc(OC)cc(OC)c1OC,低毒,67.8833,2.5535
O=C(c1nn(C23CC4CC(CC(C4)C2)C3)c(=O)c2ccccc12)N1CCN(c2ccccn2)CC1,中毒,25.014,0.4218
Cc1ccc(NC(=O)Nc2cc(Cl)cc(CNc3ncnc4cnc(NCCN5CCCC5)nc34)c2)cc1,中毒,38.1811,3.1062
CC1CN(C(C)CO)C(=O)c2cc(C#CC3CC3)ccc2OC1CN(C)S(=O)(=O)c1ccccc1,中毒,21.5943,0.2402
COc1ccc(N2C(=O)CC(SCC(=O)NCc3cccs3)C2=O)cc1,高毒,51.0622,8.0731
COCCN(CCOC)C(=O)c1c(C)nc2nc(NCc3ccc(OC)cc3OC)c3ccccn3c2c1=O,高毒,593.0783,2.4125
CS(=O)(=O)OCC1OC(n2cc(C3CCCCC3)nn2)C(O)C1O,高毒,6.4683,0.2803
C=C1C(=O)OC2C1CCC1(COC(=O)N3CCN(c4ccc(OCC(=O)c5ccccc5O)cc4)CC3)CCC3(C)C(CCC4C5(C)CCC(O)C(C)(C)C5CCC,高毒,593.0783,2.4125
CCn1nnnc1C(c1cc2c(C#N)cc(C)nc2[nH]1)N1CCN(Cc2ccc3c(c2)OCO3)CC1,中毒,6.7096,0.4388
COc1cc(C=C2C(=O)Nc3ccc(-c4ccon4)cc32)cc(OC)c1OC,高毒,24.4607,14.8146
CC(=O)N1N=C(c2cc(F)cc(F)c2)CC1c1ccc(Cl)c(Cl)c1,中毒,17.094,3.0555
COc1ccc(N2CCN(CCCCN3CCC(Cn4cnc5ccccc54)CC3)CC2)cc1,高毒,37.9736,2.9983
Cc1nn(C)c(C)c1CN1CCCC(c2nncn2C2CC2)C1,微毒,9.0006,0.2333
COc1cc2c(cc1O)C1(CCCCC1)NC(=O)N2,中毒,13.3609,0.9937
O=C(O)C1CN=C2c3cc(Cl)c(N4CCCCC4)cc3OCC2C1,中毒,11.3156,1.6408
COc1cc(N2CCN(C)CC2)ccc1Nc1ncc2c(n1)N(C1CCC(=O)NC1=O)C(=O)CCC(N1CCC(c3ccccc3)CC1)C2,中毒,5.7014,1.0716
Cc1ncc([N+](=O)[O-])n1CCOC(=O)c1ccc(F)cc1F,微毒,48.7041,2.5308
COc1ccc(-n2nnc3c(ccn3Cc3ccc(F)cc3)c2=O)cc1,中毒,15.5145,1.1291
COc1ccc(C=NNC(=O)CSCc2cccn2C)cc1OC,高毒,23.9259,18.4398
O=S(=O)(Nc1cc(Cl)ccc1C(F)(F)F)c1cccs1,高毒,34.0017,0.4698
COC(=O)c1cnc2ccc(-c3cc(Cl)c(O)c(Cl)c3)cc2c1Nc1ccc(N2CCOCC2)c(F)c1,中毒,4.3267,0.3814
CN(C)c1ccc(C=Nn2cnnc2)cc1,高毒,218.5554,14.0299
Nc1nc(N2CCOCC2)nc2c1ncn2C1OC(COP(=O)(O)OP(=O)(O)OP(=O)(O)O)C(O)C1O,中毒,8.6619,0.3289
COc1ccc(CNC(=O)c2ccc(CCNC(=O)C3CC3)cc2)cc1OC,高毒,69.6092,1.0799
COc1cccc2[nH]c(-c3nn(CCO)c4ncnc(N)c34)cc12,中毒,29.2419,0.6615
COc1ccc(COc2c(CN3CCCCC3)c(O)cc3c2-c2c(cc(OC)cc2OC)CCC3)cc1,中毒,43.5982,1.7959
CC(C)CC(NC(=O)C(Cc1ccccc1)NC(=O)OC(C)(C)C)C(=O)CNC(=O)C(Cc1ccccc1)NC(=O)OCc1ccccc1,中毒,137.1348,0.4891
CCOc1ccc(OCC(=O)Nc2ccc(N(C)C(=O)c3cccs3)cc2)cc1,高毒,24.6294,5.2155
CC(C)c1ccc(C(=O)Nc2ccc3c(c2)N(Cc2ccncc2)C(=O)CC3)cc1,中毒,34.3392,4.3894
COc1ccc(Nc2nnc(SCC(=O)N3CCCCCC3)s2)cc1OC,中毒,28.6927,0.4175
N#Cc1ccc(NC(=O)N2CCCC(c3nncn3C3CC3)C2)cc1F,中毒,9.9714,0.2205
Cc1ccc2nc(NC(=O)c3[nH]c4ccccc4n3)sc2c1,中毒,90.3643,7.917
CCOC(=O)c1c(-c2ccccc2)nc2sc(C(C)=O)c(-c3ccco3)c2c1N,中毒,50.3489,0.3793
CCCCCCCN(CCCCCCCCCCC)C(=O)CCCCCCCCCCCCC,高毒,258.877,0.6959
C=CC1(C)CC(OC(=O)NS(=O)(=O)c2ccc3nsnc3c2)C2(C)C(C)CCC3(CCC(=O)C32)C(C)C1O,微毒,22.7684,0.3546
CCCCCCOC(=O)CCCCCCCCCCCCCCC(=O)O,高毒,79.0369,2.3534
CCOC(=O)CN(Cc1cccn1CC(=O)N1CCCCC1)C(=O)Cn1nnc2ccccc21,中毒,22.4102,0.2788
Cc1nnc(SCC(=O)c2c(N)n(Cc3ccccc3)c(=O)[nH]c2=O)n1-c1ccccc1,中毒,29.2643,0.4913
CC1=CC(=O)C23C(OC(C)=O)C(OC(=O)C=Cc4ccccc4)C4(C)CCC1C23OO4,高毒,593.0783,2.4125
Cc1noc(C)c1CC(=O)Nc1ccc(S(=O)(=O)N2CCCCC2C)c(F)c1,高毒,9.1572,0.2622
COc1ccc(-c2nnc(SCC(=O)Nc3nncs3)n2-c2ccc(C)cc2)cc1,高毒,52.5375,1.5085
CCc1nnc(NC(=O)C23CC4CC(CC(C4)C2)C3)s1,高毒,168.9528,4.2184
Clc1ccccc1CN1CCN(c2cnc(N3CCC(Oc4ncnc5scc(-c6ccccc6)c55)CC4)nn23)CC1,高毒,593.0783,2.4125
CS(=O)(=O)c1ccc(C(=O)N2C3CCC2CC(n2c(=O)[nH]c4cc(Cl)cc(F)c42)C3)cc1,中毒,29.8039,0.4411
COc1ccc2[nH]c3c(c2c1)CCC3c1nnc2n1CCCC2,中毒,14.8932,8.0218
O=C(C=Cc1ccc(Oc2ccc(F)cc2F)cc1)NO,高毒,21.9644,4.1282
CC1CCCCS(=O)(=O)c2ccc(NC(=O)c3cn4c5c(sc4n3)CCCC5)cc21,中毒,15.0863,1.5741
O=C(COc1ccccc1Cl)Nc1nc2ccnn2c(=O)n1CCc1ccccc1Cl,中毒,45.69,1.395
Cc1ccc2c(c1)CCC1CN(C(=O)c3cc4ccccc4n3C)CC21C,中毒,36.6909,0.438
CCCCC(NC(=O)OCC(C)(C)C)C(=O)C(=O)NC(CO)c1ccccc1,微毒,89.4467,1.5866
CC(C(=O)NCc1ccc(F)cc1)N(C)C,高毒,249.2709,0.2664
CN1CC(=O)N(Cc2cccs2)C(C2CC2)C1=O,微毒,24.6506,0.4855
COc1cccc2cc(Cn3nnnc3CN3CCC(NC4CCC(c5noc6cc(F)ccc56)CC4)CC3)c(=O)oc12,低毒,8.4434,0.2375
CCc1c(O)nc(Sc2c(O)nc3ccccc3c2O)nc1CCC,中毒,19.7269,1.5876
O=C1N2CCCCC2C(c2cnc(C3CC3)nc2)N1Cc1ccco1,中毒,39.5947,1.2169
CC1=C(C(=O)Nc2nc3ccccc3s2)C(c2ccc(Br)cc2)NC(=O)N1C,中毒,35.3162,0.7641
O=C(C=Cc1ccc(OCC=CCn2cncn2)cc1)c1ccccc1,高毒,92.9625,1.6767
COc1cccc(C(=O)N2CCC(n3nccn3)CC2)c1,高毒,94.8401,0.8488
Cc1ccc(C2=Nc3ccccc3NC(=O)C2)cc1,高毒,310.7471,22.4628
CCN(CC)CCCNc1nc2nonc2nc1Nc1ccccc1,中毒,30.9006,0.9491
COc1cc(Nc2ncc3ncn(-c4cccc(-n5nnc6ccccc6c5=O)c4=O)c3n2)cc(OC)c1OC,高毒,593.0783,2.4125
COc1ccc(CCNC(=O)Cc2ncc(CN3CCCC3)n2Cc2ccc(C)cc2)cc1,中毒,8.7893,0.9426
CC1(C)CCN(c2ncnc(N3CCC(Oc4ncccn4)CC3)c2C(N)=O)CC1,低毒,70.1741,2.8934
CCCCn1nnnc1SCC(=O)c1cnn2ccc(Br)cc12,中毒,19.5861,1.0779
Clc1cccc(-n2nc(CN3CCOCC3)nc2-c2ccncc2)c1,高毒,16.6215,15.5496
CCOC(=O)c1nn(Cc2ccccc2)c(=O)c2c1CCCC2,低毒,58.0124,0.3905
CC(=O)Oc1ccc(C#N)cc1,高毒,295.1501,2.3389
O=C(NN=Cc1c(-c2cccs2)nc2sc(C(F)(F)F)nn12)Nc1ccc(F)cc1F,中毒,3.6585,1.0477
CCCOc1cc2ncnc(Nc3ccc(F)c(Cl)c3)c2cc1NC(=O)C=CCN1CCN(C)CC1,中毒,5.0352,1.1633
CCN(CC)c1nc(C)nc(NN=Cc2ccc3c(c2)OCO3)n1,微毒,60.201,9.5277
Cc1ccc2nc(N3CCN(CCN4CCN(C(=O)c5ccco5)CC4)CC3)sc2c1,中毒,67.2516,1.8484
O=C(COc1ccccc1)N1CCC(C(O)CC2CCCC2)CC1,高毒,19.1856,0.1549
Cc1nn(C)c(C)c1CNC1CCCC(c2nncn2C2CC2)C1,微毒,83.5428,0.3827
CCCn1c(C)nnc1Sc1nc2ccc(F)cc2c(=O)n1-c1cccc(F)c1,低毒,147.4331,1.2115
O=C(NCc1cccnc1)C1CCCN(Cc2nncn2C2CC2)C1,高毒,22.6097,0.8475
O=c1[nH]c2cccc(Br)c2c(=O)n1-c1ccccc1,低毒,68.0039,1.2303
CN1CCN(c2ncc3c(n2)-c2c(nn(Cc4ccc(F)cc4)c2CN2CCCC2)C3)CC1,中毒,13.5555,0.2526
Cc1cccc(C(=O)NCC(=O)Nc2nnc(C3CC3)s2)c1,高毒,20.2287,0.2798
CC(C)n1nnnc1CN1CCCC(c2nncn2C2CC2)C1,微毒,9.8257,0.3405
CC(C)C1NC(=O)C(CC(C)C)NC(=O)C(Cc2ccc(O)cc2)NC(=O)C(C(C)C)NC(=O)C(CCCNC(=N)N)NC1=O,微毒,45.1969,0.1314
COc1cc(Cn2cnc3c(OC)ncnc32)ccc1O,高毒,4.0983,1.0343
CC(=O)Nc1nc(-c2ccc(Cl)c(S(=O)(=O)NC3CCCCC3)c2)c(C(=O)OC2CCCCC2)s1,中毒,34.7588,0.9744
COc1ccc(CCNC(=O)Cc2c(-c3ccc(Cl)cc3)nn3c2CCCCC3)cc1OC,中毒,20.3138,0.2104
Cc1nn(C)c(C)c1CN1CCCC(c2nncn2C2CC2)C1,微毒,9.0006,0.2333
CCCCCCN(CCCCCC)C(=O)c1ccc(COc2ccc(C3(NC(=O)c4c(F)cccc4F)CCCC3)cc2)cc1,中毒,18.6312,0.524
CCCCNC(=O)C1(C(=O)OCC)CCN(Cc2nncn2CC2CC2)CC1,高毒,16.9961,1.8446
CC1=CC2OC(=O)C(CC3C=CC4OC67CC=CC(C3)C5(O4)C4OC47CCC5(O)C6CCCC35O6)N2C(=O)CC(O)C1,高毒,593.0783,2.4125
O=[N+]([O-])c1cn2c(n1)OCC(OCc1ccc(-c3nc(C4CC4)no3)cc1)C2,中毒,38.8219,3.1708
Cc1cc(=O)n2nc(C)c(-c3ccccc3Cl)c2[nH]1,低毒,4.3702,0.2807
O=[N+]([O-])c1ccc(SSc2nnc3c4ccccc4n(C4CCCCC4)c3n2)cc1,中毒,42.8038,1.5297
C=CC(=O)Nc1cccc(Cn2nc(C(=O)NC3CC3)c3c2-c2c(nn(C)c2C(c2cccc(F)c2)C2(C)CCCCC2)C3)c1,中毒,16.078,0.5574
COc1cccc(N2CCN(C(=O)Cn3c(=O)n4nc(C(C)=O)cn4c4ccccc43)CC2)c1,高毒,593.0783,2.4125
CCCCOCn1c(-c2ccccc2)nc2c1c(=O)n(C)c(=O)n2C,中毒,103.053,0.3116
O=C(Nc1ccccc1F)c1ccc(-n2nnnc2SCc2ccccc2Cl)cc1,高毒,27.8858,0.3554
COc1ccc(C2Nc3ccccc3C(=O)N2NC(=O)CCCCCCC(=O)NO)cc1OC,低毒,9.4071,0.5211
CCOC(=O)c1nn(CCN2CCOCC2)c2ncnc(Nc3ccc(F)c(Br)c3)c12,中毒,83.3388,0.4814
COc1ccc(CNC(=O)Cn2nc3c4cc(-c5ccccc5)nn4ccn3c2=O)cc1,中毒,118.4199,2.7729
Oc1nc(CSc2nnc(C3CC3)n2Cc2ccccc2)nc2ccsc12,中毒,112.9962,0.266
CCCCCCCCCCCCCCCCCC(=O)O,高毒,237.1677,2.3168
Cc1c(S(C)(=O)=O)cc(-c2ccccc2)n1-c1ccccc1,中毒,809.85,2.7259
CCCCCCCCCCCCCn1c2ccccc2c2ccnc(C)c21,中毒,42.2248,4.4425
COc1ccc(CNc2nc(NCc3ccccn3)nc3c2CCN(S(C)(=O)=O)C3)cc1OC,中毒,20.6124,0.6582
Cc1cccc(N2C(=O)C(=CN3CCCCC3)SC2=S)c1,高毒,16.4485,2.9571
COc1ccc(CCN(CC(F)(F)F)S(=O)(=O)c2ccccc2C(=O)NCCCN2CCOCC2)cc1,高毒,45.1201,0.3588
Cc1cc(C)c2oc(-c3ccc(N=Cc4cc(O)c(O)c(O)c4)cc3)cc(=O)c2c1,高毒,41.5081,4.2421
COc1ccc(F)c(Nc2nc(C)nc3c2ncn3C2CCCC2)c1,中毒,62.4325,0.169
CC(=O)N1CCCC(c2nncn2C2CC2O)C1,微毒,16.5351,0.1492
Oc1ccc2nc(N3CCN(c4nsc5ccccc45)CC3)sc2c1,中毒,76.6205,2.2846
Cn1cnnc1CN1CCCC(c2nncn2C2CC2)C1,微毒,16.9364,0.9966
COc1cc(OC)c2nc3ccccc3c(NCCC3CCNCC3)c2c1,高毒,153.5633,3.3693
CCc1nn(CCC(=O)O)c(=O)c2cc(C(F)(F)F)ccc12,中毒,26.8376,1.122
O=C(CCCc1nnc(NC(=O)c2cccnc2)s1)N1CCCC1,高毒,16.447,1.5309
CCN(CC)CCNC(=O)c1cccc(NC(=O)C2CCCN(S(C)(=O)=O)C2)c1,高毒,10.4331,0.3125
CCc1c(C)sc(NC(=O)c2ccc(S(=O)(=O)N3CCCC3)cc2)c1C,中毒,43.9725,0.371
COc1cc(NC(C)=O)ccc1Nc1ncc(Cl)c(Nc2ccccc2NS(=O)(=O)c2ccc(N3CCCCC3=O)cc2)n1,中毒,6.9525,0.3911
COc1cc(O)c2c(=O)cc(-c3cc(O)c(O)c(OC)c3)oc2c1,高毒,39.4253,1.3593
CC(=O)Nc1nc2c(s1)CCc1nn(CC3CCN(C4CCC4)CC3)c(=O)cc1-2,中毒,25.2009,0.3802
COc1ccc(C(=O)Nc2cc(C(F)(F)F)ccn2)cc1Nc1ncnc2cnc(NCCCN3CCOCC3)nc12,中毒,26.0526,1.1254
CCCCNC(=O)C(Cc1c[nH]c2ccccc12)NC(=O)C(Cc1ccc(O)cc1)NC(=O)C(C)C,中毒,86.861,1.7751
Cc1onc(-c2c(F)cccc2Cl)c1COc1ccc(C(=O)N2CCCC(O)(Cn3cnnn3)C2)cc1,中毒,38.1971,0.7856
O=C(c1ccccc1Br)N1CCC2(CC1)CCN(S(=O)(=O)c1ccc(F)cc1)C2,高毒,22.6055,0.2392
O=C(O)c1cc2n(n1)CCN(CCc1nncn1C1CC1)C2,高毒,64.0863,0.3226
CCCCCCN(CCCCCCCCC)Cc1nc2cc(C)ccc2nc1N1CCc2c([nH]c3ccccc23)C1,中毒,20.2163,0.8182
O=C(CCN1CCCC(c2nncn2C2CC2)C1)N1CCCCC1,微毒,21.0909,0.2138
Cc1ccc(-n2nnnc2Sc2nnc(COc3ccc4c(c3)OCCO4)n2C)cc1,高毒,51.173,0.3962
Cc1cc(C(=O)N2CCCC(C3OCCO3)C2)ccc1F,高毒,39.7558,0.1732
CC(=O)NC1C(O)CCC(COc2ccc(C(=O)NC(CCC(=O)O)C(=O)O)cc2)N1,高毒,44.1717,0.7131
Cc1csc(Cc2nncn2CC2CC2)n1,高毒,18.639,0.5327
COc1cc(C=C2C(=O)N3C(C(=O)O)=C(CN4CCOCC4)CSC3=NC2=O)cc(OC)c1OC,中毒,81.0524,0.9638
CCCS(=O)(=O)N1CCCC(c2nncn2C2CC2)C1,微毒,29.0411,0.2353
CCN1CCN(Cc2nc3c(c(=O)n(C)c(=O)n3C)n2Cc2ccccc2F)CC1,中毒,4.4362,0.9799
CCc1nn(C)c(Cl)c1CN1CCCC(c2nncn2C2CC2)C1,微毒,10.2866,0.1631
O=c1n2nc(-c3ccccc3)cc2ncn1-c1ccc(F)cc1F,低毒,36.8253,1.4869
O=C(c1c(F)c(F)c(OC2CC3CCC(C2)N3Cc2ccccc2)c(F)c1F)c1c[nH]c2nnc(C3CC3)nc12,中毒,17.9081,0.7768
COc1cc(C2Oc3nc4ccc(Br)cc4nc3C(C#N)=C(N)O2)cc(OC)c1OC,中毒,24.6611,5.5134
CCOC(=O)c1c(C)n(Cc2nc(C)cs2)c2ccc(OC)cc2c1=O,中毒,7.5454,0.3678
COc1cccc(NC(=O)c2nn(C3CCN(Cc4ccc5c(c4)OCO5)CC3)c(=O)c3c2CCC3)c1,中毒,32.8235,0.0712
Clc1cccc(-c2nnc(N3CCC(Oc4ncnc5c4nc4n5CCCCC5)CC3)o2)c1,高毒,593.0783,2.4125
COC1=C(OC)C(=O)c2c(c(CO)cn2C)C1=O,中毒,13.3267,2.6826
COc1ccc(CCNC(=O)C(C)n2nnc3c(oc4ccccc43)c2=O)cc1OC,中毒,33.6745,2.6521
COc1ccc(-n2nnnc2SCC(=O)N2CC3CCC(C2)N3CCc2ccccc2)cc1,中毒,27.6181,0.4214
CCNC(=O)n1nc2ccc(Nc3ncnc4c3cnn4-c3cccc(Cl)c3)cc2n1,低毒,96.5529,10.5893
CCCC1CCN(Cc2ccc(S(=O)(=O)Nc3ccccn3)cc2)CC1,高毒,74.8936,1.2664
CN(C)CCN1CCCC(c2nncn2C2CC2)C1,微毒,13.5158,0.2302
Cc1nnsc1CN1CCCC(c2nncn2C2CC2)C1,微毒,15.7019,0.2099
COc1ccc(CNC(=O)COc2cc(C)nc3ccc(S(=O)(=O)N4CCCC4)cc23)cc1OC,高毒,11.9786,0.2139
CCOC(=O)c1cnc2sc3c(c2c1-c1ccc(F)cc1)CCCC3,中毒,16.403,0.1773
CCC(C)C1NC(=O)C(C)NC(=O)C(C)NC(=O)C(C)OC(=O)C(CC(C)C)NC(=O)C(CO)NC(=O)C(Cc2ccccc2)NC1=O,中毒,56.6757,0.4868
Cc1nn(C)cc1CN1CCCC(c2nncn2C2CC2)C1,微毒,9.0006,0.2099
COc1ccc(CN(C(=O)c2snnc2C)C(C(=O)NC2CCCCC2)c2cc(OC)c(OC)c(OC)c2)cc1OC,中毒,42.2343,0.6229
C=CC(=O)Nc1cccc(Nc2nc(Nc3ccc(N4CCN(C(C)=O)CC4)cc3OC)ncc2Cl)c1,中毒,3.7339,0.3603
O=C1NC(=O)C(=Cc2nnn3c(NC4CC4)nc(Nc4ccc(N5CCNCC5)cc4)nc23)N1,中毒,12.5464,0.4972
COc1cccc(CC(=O)Nc2nnc(SCc3ccccc3F)s2)c1,高毒,206.2454,2.2843
COc1ccc2nc3ccccc3c(NCCCSc3nncn3C3CC3)c2c1,低毒,107.8976,1.2571
CC1(C)CCCC2(C)C1CCC13CC(CC(C)(C)C1C2)C3,高毒,200.519,2.1693
Cc1nnc2n1-c1ccc(S(=O)(=O)N3CCCCC3)cc1C(c1ccc(Cl)cc1)N(Cc1ccccn1)C2=O,中毒,29.9414,0.2529
CCCCCCCCCCCCCCCCCCCC(=O)OC1=CC(=O)C(OC)=C(CC(OC(C)=O)C(C)C2=CC(=O)C(O)=CC2=O)C1=O,低毒,29.933,0.2749
CCS(=O)(=O)N1CCC(OCc2cc3c(-c4cncc(NCc5ccncc5)n4)n[nH]c3cn2)CC1,中毒,77.0668,0.6759
CN1CCN(c2nc(-c3ccc(Cl)cc3Cl)nc3c2C(=O)c2ccccc2-3)CC1,中毒,30.8481,0.6125
CC(C)(C)OC(=O)N1CCCC(c2nncn2C2CC2)C1,微毒,15.4052,0.44
NS(=O)(=O)c1ccc(CCN=C(S)Nc2cccc(S(=O)(=O)N3CCCCC3)c2)cc1,高毒,82.9282,1.0205
O=S1(=O)CCC(Nc2ncnc3onc(-c4ccc(F)cc4)c23)CC1,中毒,103.9427,0.461
Cc1nc2n(n1)CCCC2c1nc(CCC(F)(F)F)nn1C,中毒,33.0287,3.656
COC1CCN(Cc2nncn2C2CC2)CC1,微毒,86.8375,1.0004
O=C(NC1CCCC1)c1cc(-c2ccc(F)cc2)ncc1C1CCCNC1,中毒,12.1003,7.2841
CSC12CCC(C(=O)NCc3ccc(C#N)c(C(F)(F)F)c3)(S(=O)(=O)c3c(F)cccc3F)(CC1)C2,高毒,593.0783,2.4125
CCOC(=O)N1CCN(C(=O)CSc2nc3ccccc3n(C)c2=O)CC1,中毒,31.6364,1.1402
Clc1ccc2nc(-c3ccc(-c4nn[nH]n4)cc3)[nH]c2c1,高毒,178.8653,8.9118
CC1(C)CC(=O)c2sc(C(=O)O)c(Nc3ccnc4[nH]c(=O)[nH]c34)c2C1,中毒,9.2413,0.4249
Cc1noc(C)c1CN1CCCC(c2nncn2C2CC2)C1,微毒,15.4294,0.2046
O=C(O)c1ccc(C=C2CCC3C4CCC5=CC(=O)C=CC5(C)C4C(O)CC3(C)C2(C)C)cc1,高毒,18.9325,2.556
CC12CCC(=O)C=C1CCC1C2CCC2(C)C(n3nc(C4CC4)nn3)=C(C3CCCC3)CC12,微毒,20.3462,0.4672
COc1cc(-c2nnc(Nc3nc4cc(OC)c(OC)c(OC)c4s3)c3ccccc23)cc(OC)c1OC,中毒,18.2193,0.4042
COc1ccc2c(Nc3cccc(F)c3)ncnc2c1,低毒,34.9978,0.2098
CCC(C)C(NC(=O)c1cccc(CCNCC(O)c2ccc(O)c3[nH]c(=O)ccc23)c1)C(=O)OCC,低毒,83.3519,2.9687
CC(C)c1cn(CCC(=O)NCc2cccs2)nn1,高毒,110.8809,0.7087
Cc1nn(C)c(Cl)c1C1CCCN1C(=O)Nc1ccc(-n2cnnn2)cc1,中毒,50.6676,1.7253
CC(=O)N1CCCC(c2nnc3n2N=C(c2cccs2)C3)C1,中毒,21.9322,0.5583
COC1=CC(=O)c2c(c(COC(=O)c3ccccc3C)[nH]c2=O)C1=O,高毒,593.0783,2.4125
CN1CCN(c2nnc(Cn3nnc4ccccc43)c3ccccc32)CC1,中毒,5.2868,0.623
Cc1nn(C)c2ncnc(N3CCC(Oc4ccc(C#N)cc4F)C3)c12,低毒,63.5619,0.3902
CC(C)CNC(=O)c1nnc(N2CCOCC2)nc1N1CCOCC1,中毒,117.3025,0.8536
CCOc1ccc(N2CCN(CCCn3nnnc3SCC(=O)N3CCCCC3)CC2)cc1,高毒,48.9317,0.834
Cc1nn(C)c(C)c1CN1CCCC(c2nncn2C2CC2)C1,微毒,9.0006,0.2333
N#CC1CCCN1C(=O)C1CCCN1C(=O)C(CC1CCCCC1)NC(=O)C(CC1CCCCC1)NC(=O)C(Cc1c[nH]c2ccccc12)NC(=O)C1CCCN1,中毒,114.2998,0.8527
CCCCN1CCCC(c2nncn2C2CC2)C1,微毒,13.5158,0.2302
Cc1nn2c(c1C)CCN(Cc1nncn1Cc1ccc3[nH]ncc3c1)C2,中毒,25.8016,7.7341
O=C1CCCN1c1ncnc2c1nnn2CCOCP(=O)(O)O,中毒,22.5726,6.9543
CCOC(=O)C1CCN(C(=O)c2cc(S(=O)(=O)N3CCCC3)ccc2N2CCCC2)CC1,高毒,152.9397,0.5776
CC(C)N1CCC(Oc2ccc3[nH]nc(-c4nnc(-c5ccc(Cl)cc5)o4)c3c2)CC1,低毒,57.0963,0.9231
CCC1CN(C(=O)c2cnccn2)CCC1n1ncc2c(NCc3cc(C(C)C)ccc3C)nc(C3CCCCC3)nc21,中毒,90.7808,0.454
CC1=C(C(=O)OCC2CCCCC2)C(c2ccc(Br)cc2)NC(=O)N1,中毒,34.4792,0.8162
CC1CCCCC1NC(=O)c1nnn(CC(=O)N2CCCC2)c1C,高毒,21.5041,0.3292
COc1ccc(C(=O)Nc2nnc(C3CCN(S(=O)(=O)C4CC4)CC3)s2)cc1,高毒,24.8328,9.0285
COc1ccc(CCC(=O)Nc2nc3ccc(Cl)cc3s2)cc1,中毒,37.7252,2.3931
CCCCCCCCCCCCCCCCCC(=O)NCC1CC(F)C(CNC(=O)CCCCCCCCCCCCCCCCCCCCCCCC)O1,高毒,75.9128,0.6345
Cc1cc(=O)oc2cc(OCC(=O)NCC(=O)Nc3ccc(F)c(Cl)c3)ccc12,高毒,18.649,1.9811
NC1(C(=O)O)CC(OCc2ccccc2)C1,高毒,68.0034,2.3534
C=CCNC(=S)NNc1nc(-c2ccc(C)cc2)cs1,高毒,98.6804,1.9831
CCCCCCCCCCCCCCCCCCOCC(O)COP(=O)([O-])OCC[N+]1(C)CCCCC1,微毒,174.2537,1.7745
COc1ccc(C2Nc3ccccc3N=C3CCCCC32)cc1,高毒,104.1278,0.4707
CC(=O)N1CCCC1c1nnc2n1CCCC2,低毒,111.2941,0.3402
CN(C)c1ccc2ncnc(Nc3ccc4[nH]nc(-c5ccc6[nH]ncc6c5)c4c3)c2c1,低毒,2.2445,7.2341
CCN(CC)C(=O)N(C)c1nc2ccc(C(=O)NCCc3ccc(Cl)cc3)cc2s1,中毒,27.7186,1.339
CCN(CC)Cc1cc(Cl)cc2nc3c(C(C)C)cccc3nc12,高毒,102.1822,5.7
O=C(CSc1nc2c(N3CCOCC3)nccn2c1=O)Nc1ccccc1,高毒,593.0783,2.4125
Cc1nnc(Sc2nnc3n2CCCC3)s1,低毒,98.1971,1.3471
CN(C)CCNC(=O)c1cc(C(=O)c2ccc3c(c2)OCCO3)nn1C,高毒,16.3053,1.1683
Cc1cc(C)c(NC(=O)CSc2nnc(CNC(=O)c3ccco3)n2C)c(C)c1,高毒,9.0752,1.1711
O=C(Nc1ccc(Cl)cc1Cl)NN=C(c1ccccc1)c1cccnc1,高毒,37.8368,32.1709
CCN1CCCC1CNC(=O)c1cnn(-c2ccc(F)cc2)c1N,低毒,246.977,0.2112
CCOC(=O)c1ccc(NC(=O)CN(C)S(=O)(=O)c2c(C)noc2C=Cc2ccc(F)cc2)cc1,高毒,15.5304,0.2782
CCC(N)C(=O)NCc1cc(F)c(F)c(F)c1F,中毒,185.8062,0.2664
O=C1NC(=O)C(=Cc2cnn3c(NC4CC4)nc(NCC4CCCC4)nc23)N1,高毒,9.0465,1.9108
Cc1nn(C)c(C)c1CNC1CCCC(c2nncn2C2CC2)C1,微毒,83.5428,0.3827
CCCCNC(C)C=C(C#N)C(=O)NCC1OC(n2cc(CP(=O)(O)O)nn2)C(O)C1O,中毒,18.8071,0.5053
CC1=C(C(=O)Nc2ccccc2F)C(c2ccc([N+](=O)[O-])cc2)NC(=O)N1,中毒,10.9121,1.6001
NS(=O)(=O)c1ccc(-n2nc(C(F)(F)F)cc2-c2ccnc3[nH]ccc23)cc1,中毒,8.8855,0.7485
COC(=O)C12CCC(C)(C)CC1C1=CCC3C4(C)Cc5cnn(-c6ccc(F)cc6)c5C(C)(C)C4CCC3(C)C1(C)CC2,中毒,50.4901,0.4617
CCOc1cc2ncn(CC(=O)N3CCN(Cc4ccc(F)cc4)CC3)c(=O)c2cc1OCC,高毒,22.7465,0.1545
COc1cc2c(cc1OC)C(CCc1ccc(CN3CCC(Oc4cccc(C)c4)CC3)cc1)N(C)CC2,微毒,30.0791,1.3263
CC(C)(c1nncn1C1CC2CCC(C1)N2Cc1cnn(C)c1)N1CCCC1,微毒,20.7206,1.2448
COc1ccc(-c2nnc3sc(C)nn23)cc1,高毒,79.4793,1.8548
O=C1OCC2=C1C(c1cccc(O)c1)C1=C(CCCC1=O)N2,中毒,20.0692,4.2367
O=C(CCOc1ccc(F)cc1F)N1CCN(CC=Cc2cccc(F)c2)CC1,高毒,28.0869,0.1589
CCCCCC=CCC=C(C)CCC=C(C)CCC=C(C)C,高毒,237.1677,2.4125
Cc1nc(C(=O)N2CCC=C(c3nnnn3C3CCCC3)C2)cs1,中毒,68.4358,0.6043
COc1cc2nccc(Oc3ccc(NC(=O)c4nn(-c5ccccc5F)c(=O)cc4F)c(F)c3F)c2cc1OC,中毒,65.8959,3.3212
O=C(c1csnn1)N1CCCC(c2nncn2C2CC2)C1,微毒,37.8402,0.9931
CCCCCCOc1nc2nonc2nc1Nc1cc(Cl)c2c(c1)OCO2,微毒,10.9884,0.2525
Cn1nc(C(C)(C)C)cc1NC(=O)N1CCC(c2nncn2C2CC2)CC1,微毒,67.1814,0.1744
CC(=O)N1c2ccccc2CC1C1CC2CCC1C2,中毒,6.8039,3.4886
Cc1ccc(S(=O)(=O)NCCCCOc2ccc3ncnc(Oc4ccc(C#N)c(C(F)(F)F)c4)c3c2)cc1,中毒,24.9413,0.6264
Cc1ccc(NC(=O)Cn2nnc3c4c(ccc32)OCCO5)cc1,高毒,593.0783,2.4125
COc1ccc(OC)c(NC(=O)c2sc3nc(C)nc(N4CCOCC4)c3c2C)c1,中毒,8.2558,0.2484
C=CCc1cccc(C(C)C)c1OC,高毒,227.0504,5.263
CCn1cnnc1CN1CCCC(c2nncn2C2CC2)C1,微毒,16.9364,0.9966
Cc1nc2c(C)cc(C)cc2n1Cc1ccc(-c2cccc(C#N)c2)cc1,中毒,88.8431,4.5951
CC(C)=CCCC(C)=CCOc1cc(O)c2c(=O)c(-c3ccc(O)cc3)coc2c1,高毒,63.0681,1.1886
CCN1C(=O)C(=Cc2cn(Cc3ccccc3)c3ccccc23)N=C1N,中毒,24.4789,0.2157
COc1ccc(S(=O)(=O)N(CCCN2CCCC2=O)CCCN2CCN(c3nsc4ccccc34)CC2)cc1,高毒,48.5073,0.2662
COc1ccc(CN(C)CCn2c3c(c4ccccc42)CCN(C(C)=O)C3)cc1,中毒,73.9989,0.3639
CC(CC(=O)O)C1CCC2C3CC=C4CC(O)CCC4(C)C3CC(=O)C12C,高毒,60.4526,2.0647
CN(C(=O)Cn1nnc(-c2ccco2)n1)c1cccc(Cl)c1,高毒,60.7812,3.2131
CC1=CC(C)(O)C2CC(=O)C3(C)CC4OC(=O)C(C)=C4C2CC13,中毒,121.2731,0.1646
CN(C)Cc1cn(CCCNc2ncnc3c2ncn3C2OC(CO)C(O)C2O)c(=O)[nH]c1=O,中毒,7.0235,0.2386
Cc1noc(C)c1CN1CCCC(c2nncn2C2CC2)C1,微毒,15.4294,0.2046
Cc1ccc(CN2CCCC(c3nncn3C(C)C)C2)o1,微毒,19.7127,0.4324
O=C(NCC1CCN(CCCCNC(=O)c2ccc(Cl)cc2Cl)CC1)c1ccc(Cl)c(Cl)c1,高毒,39.0297,0.8073
COc1cc2c(cc1OCc1ccccc1)CN(Cc1ccc(CN3CCCC3=O)cc1)C2,中毒,214.7841,0.5148
COc1ccc(CCN(C)C)cc1,高毒,307.511,3.8246
COc1ccc(S(=O)(=O)CC(=O)Nc2cnccc2C(N)=O)cc1,高毒,20.5918,0.3256
CCOC(CSc1nccn1C)C(=O)NC1CCCCCC1,中毒,49.9491,0.2673
Cc1nn(C)c(Oc2ccc(Cl)cc2)c1C=C1SC(=S)N(CCC(=O)O)C1=O,中毒,18.8736,1.4251
CC(C)CC(N)CNC(=O)C(Cc1ccccc1)CC(O)C(Cc1ccccc1)NC(=O)C(NC(=O)C(NC(=O)C1CCCN1C(=O)C(C)NC(=O)c1cccs1)C,高毒,593.0783,2.4125
COCCCNC(=O)CS(=O)(=O)c1ccc2c(c1)n(C)c(=O)c(=O)n2C,中毒,35.4164,1.1492
COc1ccccc1CNS(=O)(=O)c1ccc2nc(NC(=O)c3cccc(F)c3)sc2c1,中毒,53.5769,0.1643
CC(=O)OC1CCC2(C)C(CCC3(C)C2CC=C2C4CC(C)(CNC(=O)Cc5ccccn5)CCC4(C)CCC23C)C1(C)C,高毒,59.7001,2.8037
CN(Cc1ccccc1)C(=O)C1CCC(N2CCCc3cc(S(=O)(=O)Nc4ncc(C(F)(F)F)cn4)ccc32)CC1,中毒,14.4142,0.6236
Cc1nnc(SCc2nnc3n2N=C(c2ccc(C)o2)CS3)n1C,微毒,357.6398,0.6113
COc1ncc2ncnc(Nc3ccc(F)c(Cl)c3)c2c1NC1CCC(CN2CCCC2)CC1,中毒,2.9074,0.4207
CCOC(=O)C12CCC=C1N(Cc1ccccc1Cl)C(=O)C(CC(=O)NCc1ccc3c(c1)OCO3)C2,中毒,20.7092,0.9739
Cc1nonc1CN1CCCC(c2nncn2C2CC2)C1,微毒,13.5158,0.2099
Cn1nnc(NC(=O)c2nnc(C3CC3)n2C2CC2)c1=O,高毒,593.0783,2.4125
O=C(Nc1ccc(N2CCNCC2)cc1)c1nnc(CCN2CCN(c3cccc(Cl)n3)CC2)o1,高毒,68.9346,0.7709
COc1ccc(-n2nc(C(=O)N3CCCCC3)c3c2-c2ccccc2S(=O)(=O)C3)cc1,中毒,78.5561,0.2504
Cc1ccc(CN2CCCCC2CNC(=O)c2cccc(F)c2F)nc1,中毒,175.5009,0.2277
O=C(Nc1ccc(F)c(F)c1)N1CCN(c2nnnn2C2CC2)CC1,中毒,38.02,0.1751
CCC1(OC(=O)C(C)C)C(=O)OCc2c1cc1n(c2=O)Cc2c-1nc1ccccc1c2C=CC(C)=O,中毒,22.0521,0.7712
COC1C=CC=C(C)C(=O)NC2=CC(=O)C(NCCCN(C)C)=C(CC(C)CC(OC)C(OC)C(C)C=C(C)C1OC(N)=O)C2=O,低毒,15.6869,0.2253
COc1cc(OC)c2c(=O)c(OC)c(-c3cccc(O)c3)oc2c1,高毒,125.3253,0.9758
CCOC(=O)c1[nH]c2ccc(C)cc2c1CCN1CCCC(c2nncn2C2CC2)C1,中毒,20.561,1.4103
CC1CCCCC1N1CCC2(CC1)CN(c1nccc(C(F)(F)F)n1)C2,高毒,12.9108,0.4035
COc1ccc(C(=O)C=Cc2cnc3[nH]ccc3c2)cc1OC1CCCC1,高毒,94.6646,1.2359
CCCCN1CCCC(c2nncn2C2CC2)C1,微毒,13.5158,0.2302
CCCN(CCC)C(=O)c1cc(-c2ccc(Cl)cc2Cl)nc2ccccc12,中毒,36.0458,0.313
COc1ccc(N2CCN(CCCNc3ncnc4c3ncn4C3CC3)CC2)cc1,低毒,27.897,0.5
O=C1CSC(=NN=C(S)Nc2cccc(S(=O)(=O)N3CCOCC3)c2)N1c1ccc(F)cc1,中毒,30.6722,1.8181
CCCCc1noc(C2CCN(CCC3CCN(Cc4ccc(C(F)(F)F)cc4)CC3)CC2)n1,微毒,16.2909,0.3848
CC(C)CN(C(=O)C1CCCO1)c1nnc(N2CCC3(CC2)OCCO3)s1,中毒,41.3118,3.0526
C=C1CCC2C(C)(COC(C)=O)CCCC2(C)C1CC(OC(C)=O)c1c(Cl)ncnc1Cl,高毒,24.8167,7.1224
COc1ccc(C=CC(=O)c2ccc(OCCN3CC(C)OC(C)C3)c(OC)c2)cc1,高毒,52.7991,1.0287
COC1CCCCC1Nc1nc(Nc2ccc3oc(=O)[nH]c3c2)ncc1Cl,中毒,10.5191,2.0303
Cc1cccc(C)c1NC(=O)CCS(=O)(=O)c1ccc2c(c1)oc(=O)n2C,中毒,27.3724,1.3703
O=C1NC(=O)C(=Cc2cnn3c(NC4CC4)nc(NCc4ccc(Cl)c(CC(F)(F)F)n4)nc23)N1,中毒,9.3505,1.4127
O=C(Nc1nc(-c2cnccn2)cs1)C1CC1c1cccs1,中毒,37.4759,0.4194
CC(=O)Nc1nnc(SCC(=O)N2CCN(c3ccc(F)cc3)CC2)s1,高毒,34.0473,0.2116
CN(CC1=CCCCC1)C(=O)c1ccc(Cn2cnc3c(sc4nc(N(C)C)nc(C)c43)c2=O)cc1,中毒,29.1074,0.3138
O=C(NC1CCN(c2ncnc3[nH]ccc23)CC1)c1ccc(Cl)c(OC(F)F)c1,高毒,41.5034,2.0885
CC1(NCC(O)c2cccc(Cl)c2)CCC(c2ccc(Cl)c(Cl)c2)CC1,高毒,9.817,0.4045
COc1nn2c(-c3ccccc3)nnc2c(N2CCCC(CNS(=O)(=O)c3ccccc3Cl)C2)c1C,中毒,32.2333,0.3849
COc1ccc(S(=O)(=O)N(C)c2ccc(OC)c(C3c4cc5c(cc4C(c4cc(OC)c(OC)c(OC)c4)CC23)OCO5)O4)cc1,高毒,593.0783,2.4125
Cc1cc(NC(=O)c2cc(Cl)c(CN3CCCC3)cc2Cl)no1,低毒,39.3139,3.0591
CC(=O)N1CCC2(CC1)CC(NCc1ccc(C#N)cn1)CCO2,高毒,142.0807,0.8646
CCN1CCN(C(=O)c2cccc3c2N(Cc2ccc(OC)cc2OC)C(=O)c2ccccc2S3(=O)=O)CC1,中毒,37.3988,1.1099
Cc1c(N2CCN(Cc3ccc(F)cc3)CC2)c(=O)c1=O,高毒,31.6545,1.2088
CCC(C)N(CCCOC)Cc1c(C)nc2n(Cc3ccc(OC)cc3)c3nc(C)ccn3c-2c1=O,高毒,593.0783,2.4125
COc1nccnc1CN1CCCC(c2nncn2C2CC2)C1,微毒,17.412,0.5679
CCN(CC)c1nc(C)cnc1CNC1CCCC1,中毒,394.4388,0.5664
O=C(Nc1nc2c(s1)-c1nccn1CC2)c1ccc(F)cc1,中毒,33.3779,0.8697
Cn1ncc2cc(S(=O)(=O)Nc3ccnn3C3CCCC3)c(Oc3cccc(C(=O)Nc4cc(C(F)(F)F)ccn4)c3)cc21,中毒,21.032,0.6554
Cc1nccn1C1CCCN(CCCCCN(C)C)C1,高毒,121.9248,3.3361
CON=C(C(=O)NC1C(=O)N2C(C(=O)[O-])=C(c3ccc(CN4CCCC4)cc3)C(C)C12)c1csc(N)n1,中毒,17.077,0.2838
Cc1cc(C)nc(CN2CCCC(c3nncn3C3CCCC3)C2)n1,微毒,8.9178,0.7494
Cc1cc(Nc2nnc(SCc3ccccc3)nc2N)c(C)n1C,中毒,35.8727,0.863
Cc1noc(C)c1C(=O)N1CCCC(c2nncn2C2CC2)C1,低毒,27.1052,0.4769
C=C(C)C1CCC2(C(=O)O)CCC3(C)C(CCC4C5(C)CCC(O)C(C)(C)C5CCC43C)C12,高毒,38.4859,4.0365
COc1ccc2cc(CCCC3CCN(CCCc4cccc5ccccc45)CC3)cnc2c1,高毒,12.0099,6.3438
Cn1c(COc2ccc(Cl)cc2)nnc1SCC(=O)c1ccc(F)cc1,中毒,127.4966,1.0847
COc1cccc(C=CC(=O)c2cc(OC)cc(OC)c2)c1,高毒,185.742,1.7091
CCn1c(N2CCOCC2)nc2c1c(=O)n(Cc1ccc(Cl)cc1)c(=O)n2C,中毒,39.9516,0.3697
CCOC(=O)C(=O)Nc1ccc(C(N)=O)cc1,高毒,50.7199,2.2201
COc1cccc(CN2CCCC(N3CCCCCC3)C2)c1,高毒,91.6228,0.842
Oc1nc2c(-c3ccco3)nn(Cc3ccc(F)cc3)c2c2ncccc12,中毒,18.9062,0.5892
Cc1ccnc2c1C(=O)N(C1CCN(CCC(c3ccccc3)c3ccccc3)CC1)C2,中毒,59.0516,0.491
Cc1nc2sc3c(c2c(=O)n1N)CCCC3,中毒,23.2059,0.6141
N#Cc1ccc(Cn2nc(C3CCN(CC4CC(=O)N(C5CCCCC5)C4)CC3)c3c2-c2ccccc2CC3)cc1,中毒,20.0092,2.548
CCC(C)C(NC(=O)C(N)Cc1ccc(O)cc1)C(=O)NC(CC(=O)O)C(=O)CNC(=O)CCC1CCN(C(=O)CCCc2ccccc2)CC1,微毒,48.0025,0.5731
O=C1NC(=O)C(=Cc2cnn3c(NC4CC4)nc(N4CCCC(N5CCCC5)C4)nc23)N1,高毒,14.0468,2.1449
O=C1c2ccccc2-c2nc3ccc(F)cc3n21,中毒,12.7478,0.6106
O=C(CCCN1CCOCC1)N1CCCC(c2nncn2C2CC2)C1,微毒,21.0909,0.1519
COc1cccc(CCNC(=O)c2ccc3nc4cccc(C)c4n3n2)c1,中毒,32.6201,1.0667
CC(O)C1OC(n2cnc3c(N)ncnc32)C(O)C1O,低毒,11.3024,0.1701
CCOc1ccc(CCNC(=O)CCCn2nc3c4ccccc4n(CCC)c3c(=O)n2)cc1,高毒,593.0783,2.4125
COc1cccc(C=Cc2nnn[nH]2)c1,高毒,43.5131,2.8309
COc1ccc2c(c1)N(CCCCCCCCCCNC(=O)C1CSC3(C)C(=Cc4ccc(OC5CCN(C)CC5)c(F)c4)CC31)C(=O)N(C(C)CO)C2=O,中毒,19.8721,0.2633
O=[N+]([O-])c1ccc(NC(=S)NCCN2CCOCC2)cc1,高毒,77.5186,1.5649
O=C(NC1CCC(c2nncn2C2CC2)CC1)c1cc(F)c(OCC2CCCCC2)cc1F,中毒,18.68,0.3275
CN(C)S(=O)(=O)c1ccc(-n2nnnc2SCC(=O)N2CCCC2)cc1,高毒,70.2427,0.2227
COc1cc(CNC(CCN2CCC(c3noc4cc(F)ccc34)CC2)c2ccc(F)c(F)c2)cc(OC)c1OC,高毒,9.036,0.3866
COc1ccc(C(=O)NCCCCCCN(C)C)cc1,高毒,230.8264,3.5831
O=C(O)CCc1nnc(NC(=O)N2CCCC(Cc3cnccn3)C2)s1,中毒,19.3727,0.6006
COc1ccc(-c2nsc(-c3sc(C)nc3C)c2CN2CCCC(NCc3ccc(C#N)cc3)C2)cc1,中毒,3.461,0.3156
N#Cc1ccc(-c2nnc3sc(-c4cccs4)nn23)cc1,低毒,80.5784,0.301
Cc1nonc1C(=O)N1CCCC(c2nncn2C2CC2)C1,微毒,49.5515,0.2099
Cc1cc(OC(C)C)n2nc(C(=O)O)cc2n1,中毒,52.015,0.5719
CN(C)c1nccnc1CN1CCCC(c2nncn2C2CC2)C1,微毒,13.5158,0.1742
CC1=C(C)C2C(C)C(=O)N(CCCN3CCN(c4nc5c(cc4F)c(=O)c(C(=O)O)cn5C4CC4)CC3)C2CC1,中毒,12.5586,0.1736
CCOC(=O)C1CCN(C(=O)c2cc([N+](=O)[O-])c(N3CCCC3)cc2OCC)CC1,中毒,30.6027,1.0503
O=C(O)Cn1cc(C2=C(c3cnn(Cc4ccc(Cl)c(Cl)c4)c3=O)C(=O)NC2=O)c2ccccc21,高毒,593.0783,2.4125
COc1ccc2nccc(CCC3NCCN(c4ccc5[nH]ncc5c4)C3)c2c1,高毒,10.7518,4.2763
CCCCCCNC1CCc2c(Cl)c(O)c(OC)c(C(=O)OCCCCC(=O)O)c2C1,中毒,18.0803,5.2831
CCOc1ccccc1NC(=O)C1CCCN(S(=O)(=O)c2cn(C)cn2)C1,高毒,10.3897,0.2857
Cc1nn(C)c(C)c1CC(=O)N1CCCC(CCc2cccs2)C1,高毒,8.601,0.4169
COc1ncc(-c2ccc3ncnc(Nc4ccc5c(ccn5C)c4)c3c2)cc1NS(=O)(=O)c1ccc(F)cc1F,中毒,11.3943,0.1946
CC(=O)Nc1ccc(C(=O)Nc2nnc(SCc3nc4ccccc4[nH]3)o2)cc1,低毒,25.424,2.3687
CCC(CO)Nc1nc(Nc2ccc(C#N)cc2)nc2[nH]cnc12,低毒,7.9763,0.6469
CC(=O)OC1CC2C(C=C(C)C)C3C4C(C)CC5C(C)(C)C(=O)CCC5(C)C4(O)C(=O)C3(OC=O)C2C(O)CC1O,高毒,46.5746,7.9578
CC1(C)N=C(N)N=C(N)N1c1ccc(OCCCCCC(=O)NCC(=O)O)c(Cl)c1,高毒,7.434,0.2189
CCn1nnnc1SCC(=O)N1CCCC1,高毒,78.3375,0.3452
Cc1ccccc1C(=O)N1CCc2nncn2CC1,高毒,58.1265,0.1559
CC(C)(C)c1nn(CC(=O)N2CCN(C(=O)CC3CCCCC3)CC2)c(=O)c2cc3sccc3n12,中毒,20.1031,0.1796
COc1ccc(C(=O)COC(=O)c2c(C)oc3c2ccc2ccccc23)cc1,高毒,45.7885,31.8811
CN1CCCC(c2nncn2C2CC2)C1,微毒,13.5158,0.2099
COc1ccc(CCN2CCCCC2CN2CCc3c([nH]c4ccc(OC)cc34)C2)cc1OC,中毒,10.7627,0.5773
CC(Nc1nc(NC2CCNC2)nc(N2CC(F)(F)C2)n1)c1nnn(Cc2cccc(F)c2)c1=O,高毒,593.0783,2.4125
COc1ccc(N2CCC(CNC(=O)c3cc(-c4cccc(OC)c4)nn3-c3ccccc3C)CC2)cc1,中毒,25.1542,0.9955
CC1(C2CCCCC2)CC(c2ccc(Cl)c(Cl)c2)=NN1c1c(Cl)cc(Cl)cc1Cl,高毒,26.0426,1.333
CC1CC(C)CN(C(=O)N2CCC(C(=O)Nc3ccc(F)cc3)CC2)C1,高毒,31.1591,0.1766
Cn1nc(C(F)(F)F)cc1S(=O)(=O)N1CCCC(c2nncn2C2CC2)C1,中毒,21.0901,0.2225
Cc1nn(C)c(C)c1CCN(Cc1cc(C2CC2)no1)C(=O)C1CCCCC1,中毒,67.4615,0.6457
N#Cc1ccc(C2SCC(=O)N2C2CCCCC2)cc1,中毒,37.4647,0.9174
CCCN1CCCC(c2nncn2C2CC2)C1,微毒,13.5158,0.2302
CC(C)Cn1nc(C(F)(F)F)cc1C(=O)N1CCNC(=O)C1,中毒,147.6295,1.5533
CC1CCN(c2noc3c2CCCCC3)CC1,高毒,52.1476,2.559
CN(C)CCNc1nc(Nc2cc(F)cc(F)c2)nc2c1ncn2C1OC(CO)C(O)C1O,中毒,12.4128,0.3135
CC1CN(c2ncnc3ncn(-c4ccc(F)c(F)c4)c23)CC(C)O1,中毒,26.0544,0.6142
COc1cc(N2CCOCC2)ccc1Nc1ncc2c(n1)N(C1CCC(OC)CC1)C(=O)CO2,中毒,23.5142,0.4267
NC(=O)C1CCCN1C(=O)c1ccc(-n2nc(C(F)(F)F)cc2-c2cccc(N3CCCC3)n2)cc1,中毒,10.0968,1.6259
CC(C)(CN)CCCNC(=O)c1cncc(-c2cccc(-c3n[nH]c4cnc(-c5nn[nH]n5)cc34)c2)c1,中毒,25.6436,1.2363
O=C(C=CC=Cc1cccc(O)c1)OCC=Cc1ccccc1,高毒,192.6122,2.8128
CC(=O)N1CCC(c2nnc3n2CCCCC3)CC1,微毒,62.135,0.3671
N#CC(=Cc1ccc(-c2ccc(Cl)c(Cl)c2)o1)C(=O)Nc1ccc2nc(N3CCCCC3)sc2c1,中毒,29.0137,3.9651
CN(C)CCNc1nccc2c1nc1n2CCCC1,低毒,100.6495,2.8512
CC(C)C(NS(=O)(=O)c1ccc(NC(=O)Nc2cccc(C(F)(F)F)c2)cc1)C(N)=O,高毒,8.6672,1.3464
COc1ccc(NC(=O)C2(NC(=O)COc3ccc(Cl)cc3F)CCCCC2)cc1,高毒,31.3418,1.5697
CN1CCN(c2nc(N)nc(CN(C3CC3)C3CCCCC3)n2)CC1,微毒,58.1981,0.3369
CCN1CCN(c2ncccc2C(=O)Nc2ccc(Cl)c(C(=O)Nc3cnc4ccccn34)c2)CC1,中毒,18.7314,0.2337
COC1CCCCC1NC(=O)C1CCCN(C(=O)Nc2nccs2)C1,中毒,49.3665,0.7074
Cc1nc(CCNC(=O)c2cccn(Cc3c(F)cccc3F)c2=O)no1,中毒,78.2476,0.2081
COc1cc(C=C2SC(=S)N(CC(=O)NCCc3ccc(OC)c(OC)c3)C2=O)cc(OC)c1OC,中毒,17.3877,7.3727
CCSC(=O)OC1CCC2(O)C3(O)CCC4CC(O)CCC4(C)C3CCC2(C)C1CC(=O)OC,高毒,28.6217,0.497
COc1cc(OC)c(C(=O)C=Cc2ccc(OCc3cn(-c4ccc(C(=O)OC)cc4)nn3)cc2)cc1,高毒,27.1754,1.4006
CC(C)(C)n1nnnc1CN1CCCC(Cn2ncnn2)C1,微毒,18.1731,0.2236
CC(C)C(CNCCO)NC(=O)C(Cc1ccc(OP(=O)(O)O)cc1)NC(=O)C(Cc1ccccc1)NC(=O)OC1COC2OCCC12,低毒,34.5643,0.3168
COc1ccc(Cl)c(Cn2nc(C)c3c2CCCN(Cc2nncn2C2CC2)C3)c1,低毒,12.3783,0.1446
Cc1ccccc1C=C1C(=O)N(C)c2ccc(-c3cc(F)c(S(C)(=O)=O)cc3F)cc21,中毒,22.8743,1.6711
S=C(N1CCCC1)N1CCCC1c1nc2ccccc2n1Cc1cccc(F)c1,中毒,51.5469,5.7959
CC(C)C1CN(C(=O)c2ccc3c(c2)CCN3C(=O)NC2(C#N)CC2)CC(C)O1,高毒,16.2598,0.4877
CC(C(=O)O)N1CCCC(c2nncn2C2CC2)C1,微毒,16.5351,0.2003
CC(C)C1=CC(=O)C2(C)OC2(C)C1=O,高毒,30.1057,0.8275
CC(C)C(CC(=O)N(CCc1ccccc1)Cc1cccc(NS(=O)(=O)c2ccc(Cl)cc2)c1)NC(=O)OC(C)(C)C,高毒,68.1639,1.1304
CC(=O)N1CCCC(c2nncn2C2CCCC2)C1,微毒,24.615,0.4113
COCCN(CCOC)C(=O)c1ccc2ncsc2c1,中毒,308.9258,0.5907
N#Cc1ccc(NC(=O)c2cccc3c(NCc4cccc(C(F)(F)F)c4)nccc23)cc1,高毒,50.9329,0.4166
Cc1cccc(C)c1NC(=O)CSc1nncn1C,高毒,44.339,0.9664
CCCCCNC(=O)c1nn(-c2ccccc2)c(=O)c2c1c1c(n2CCCN(CC)CC)CCCC1,中毒,15.0371,1.0312
Cc1nc2cnc(Nc3ccc(N4CCN(C)CC4)cn3)nc2n2cncc12,中毒,15.6352,0.5352
CCCCCCCCCCCCCCCCCCNC(COP(=O)([O-])OCC[N+](C)(C)C)CC[N+](C)(C)CCCCCCCCCCCC,高毒,41.395,0.3961
O=C1Nc2ccccc2C1=NNC(=O)C1CCCC1,高毒,29.9974,22.0055
O=C(O)c1ccc(Oc2ncccc2C(=O)N2CCCC(c3nncn3C3CC3)C2)cc1,中毒,4.3907,0.5427
O=C(CCc1nnc(NC(=O)C2CCCCC2)s1)N1CCCCC1,高毒,37.167,1.7411
O=C1CN(S(=O)(=O)c2ccc(Cl)cc2)CCC12CCN(Cc1ccccn1)CC2,高毒,43.9896,0.3119
CCNC(=O)N1CCC(c2nncn2C2CC2)CC1,微毒,62.135,0.176
Cc1cc(C)c2ncc(NC(=O)C3CCCN3C(=O)OC(C)(C)C)nc2c1,中毒,47.741,1.9051
Cc1cc(O)cc(C)c1CC(N)C(=O)N1CCCC1C(=O)NC(CCCSC)C(=O)NC(CCC(=O)O)C(=O)O,微毒,48.5559,0.5366
N#Cc1ccc(Cn2nnc3cnc4[nH]c(-c5ccc6c(c5)OCO6)nc4c32)cc1,中毒,5.5942,0.2482
O=C(CCCCCN1C(=O)c2cccc3cccc(c23)C1=O)NN=Cc1cccs1,低毒,46.0554,0.9686
COc1cccc(OC)c1C(=O)Nc1nn(CC(=O)N2CCCCC2)c(=O)c2ccccc12,中毒,50.2003,0.4113
CCC(=O)N1CCC(C(N)CC(Cc2cc(F)ccc2F)c2ccc(F)cc2F)CC1,微毒,20.5073,1.4376
O=C1C=C(c2oc3ccc(O)cc3c(=O)c2O)OC(CBr)C1O,中毒,60.0355,5.144
CCC(=O)N1CCCC(n2nc(C#Cc3ccc(OC)nc3)c3c(N)ncnc32)C1,中毒,34.5494,0.2612
Cc1nc2nc3n(c(=O)c2c(=O)n1C)CCC3,高毒,138.463,2.1248
O=C1Nc2ccccc2C1=C1Nc2ccccc2NC1=O,中毒,20.3577,16.796
CC(C)(C)n1nnnc1CN1CCCC(c2nncn2C2CC2)C1,微毒,9.9597,0.3405
CC1=NN(c2ccccc2)C(=O)C1=Cc1ccc(N2CCOCC2)s1,中毒,12.0512,4.6416
O=C(COc1ccccc1F)Nc1nnc(-c2ccccc2)s1,高毒,307.824,0.3264
CCCCCCCCCCCCCCCCC(=O)OC1C(CO)OC(n2cnc3c(N)ncnc32)C1O,中毒,12.4497,0.1838
CCOC(=O)c1cnc2cc(OC(F)F)c(OCC3CCN(C4CCCC4)CC3)cc2c1Nc1cccc(F)c1,中毒,6.1462,0.2717
Cc1nnc(SCC(=O)N2CCC(c3nncn3C3CC3)CC2)c(=O)n1CC1CCCO1,中毒,8.2171,0.2254
CCC(CC)C(=O)N1CCCC1c1nncn1C1CC1,低毒,63.0715,0.6548
Cc1ccc(-c2nn(-c3ccccc3)cc2C2=NOC3(C2)C(=O)Nc2ccc(F)cc23)cc1,中毒,3.7551,1.9161
N=C(N)c1ccc(-c2c(C=C3C(=O)N4CN(c5ccc(C(=N)N)cc5)C(=O)N(Cc5ccc6c(c5)OCO6)C4=O)noc3c2C)cc1,高毒,593.0783,2.4125
O=C1C2=C(C=CC2=O)C(=O)c2ccccc21,高毒,43.4088,0.2052
COc1ccc(-n2nccn2)c(C(=O)N2CCCC(c3nncn3C3CC3)C2)c1,低毒,20.0207,0.1864
O=C1CCC(=O)N1c1cccc(CN2CCN(c3cccc4[nH]ncc34)CC2)c1,高毒,17.6962,0.1201
COc1cccc(CNC(=O)C2CCCCN2C(=O)c2cc3ccccc3n2C)c1,中毒,157.2581,0.105
CC1CN(CCCc2ccncc2)CCC1(C)c1ccc(C#N)cc1,微毒,49.3045,2.6958
CCCCCCCC=CCCCCCCCCCC(=O)NCC(=O)O,高毒,161.4223,2.3168
COc1ccccc1CN1CCN(Cc2nc3cc(C)ccc3[nH]2)CC1,微毒,119.3162,0.842
Cc1ccc(C(=O)NCCc2nnc3n2CCCC3)cc1C,低毒,40.2255,0.5164
CCOCCn1c(N)c(N(CCC(C)C)C(=O)Cn2nnc3cc(C)ccc32)c(=O)[nH]c1=O,中毒,12.9069,1.1339
Cc1nc(-c2ccccn2)n(CC2CCCN(C(=O)c3ccc(C)s3)C2)n1,中毒,26.4907,1.0448
CCCCNC(=O)C1CC=CCC1,高毒,245.439,4.2766
Cc1nn(C)c(C)c1CNC1CCC(CCN2CCC(c3coc4cc(F)ccc34)CC2)CC1,中毒,4.0455,0.3784
CC(=O)Nc1cc(C(=O)Nc2cc(C3CC3)[nH]n2)n(C)n1,高毒,16.6318,2.4592
CC1=C(C(=O)OCC(C)C)C(c2csc(Nc3nnc(SCc4cc(=O)n5ccccc5n4)n3)n2)NC(=O)N1,高毒,593.0783,2.4125
COc1cc(CCNCCCCNCCCNc2c3c(nc4cc(Cl)ccc24)CCCC3)cc(OC)c1OC,高毒,2.8245,3.2948
CC(C)(C)C(=O)OCS(=O)(=O)C(F)(F)C(F)(F)F,高毒,54.7928,0.217
C#CCOc1ccc(CNC(C)=O)cc1,高毒,286.5056,3.2787
O=C(CSc1nnc(Cc2nncn2Cc2ccccc2)n1-c1ccccc1)NCc1ccco1,高毒,32.2812,1.5304
CC(=O)OC1C(OC2OC(CO)C(O)C(O)C2O)OC2CC(O)C(=O)C2(O)C1C=CC1=CCOC1=O,低毒,23.2986,0.1949
Cc1ccc(N2C(=O)CN(Cc3cn(CCCN4CCN(c5cccc6c5OCO6)CC4)nn3)CC2)cc1,中毒,16.1688,0.2015
Nc1nc(N)c2c(OCCCCN3CCN(c4ccc(Cl)cc4Br)CC3)c[nH]c2n1,高毒,14.7159,4.7931
Cc1cc(C(=O)c2ccc(F)cc2F)ccc1-n1c(=O)ccc2cnc(Nc3ccc(N4CCN(C)CC4)cc3OCCCN3CCOCC3)nc21,中毒,8.7139,0.3679
COc1cc(OC)c(C2=C(C(=O)NCc3ccc(N(C)C)cc3)C(=O)N(C(C3CCCCC3)C3CCCCC3)C2)cc1,中毒,13.8228,0.5546
COc1ccc2c(N)c3nc(C=Cc4ccc(F)cc4)cnc3cc2c1,高毒,10.7399,1.8175
CC(C)Nc1nc(Nc2ccc(F)c(C3(CF)CC(C(F)(F)F)OC(N)=N3)n2)nc(N2CCOCC2)n1,中毒,91.3931,0.6478
O=C(NCCc1cccs1)c1ccc2[nH]nc(-c3cc(F)c(O)c(Cl)c3)c2c1,中毒,6.2648,1.6101
Cc1ccc(O)c(C(O)CNCc2ccc(OC3CCCCC3)cc2)c1,高毒,24.0354,7.3806
CN(C)CC(=O)Nc1nc2cc3c(cc2s1)OCO3,中毒,44.8055,2.3961
CC1=C(C(=O)OCc2ccccc2)C(c2ccc(O)cc2)NC(=O)N1,中毒,29.4339,0.6685
CC(C)CC1CN(C(C)CO)C(=O)CCCn2nnc(C3CC3)c2OC1CN(C)S(=O)(=O)c1ccc(F)cc1,中毒,50.6809,0.2609
CCCCCCCCCC(=O)CC(=O)C=Cc1cn(CC(=O)N2CCCC2)c2ccc(F)cc12,高毒,27.3859,0.4526
Cc1cccc(N2CCN(S(=O)(=O)c3ccc4nncn4c3)CC2)c1C,高毒,5.4888,0.7889
N#CC1=C(N)Oc2c(cc(NC(=O)COc3ccc4c(C5CCCCC5)noc4c3)c2=O)C1c1ccncc1,中毒,25.2446,0.2718
[O-][S+]1CC(c2ccccc2)C2C(=O)N(Cc3ccccc3)C(=O)C2C1c1ccccc1,中毒,6.9084,0.3337
CCN(CC)CCCNC(=O)c1snc(-c2ccc(F)cc2)c1C(=O)NC1CC1,中毒,7.8346,1.2959
Cc1nnc(NC(=O)C2CCCCN2S(=O)(=O)c2ccc3c(c2)OCCO3)s1,高毒,58.5267,2.1943
COc1ccc2oc(=O)c(CN3CCN(Cc4ccccc4)CC3)cc2c1,高毒,6.7597,0.2388
CC(c1ccc(Cl)cc1Cl)N1CCCC(n2nnc3cnc(N4CCC(COC(C)C)CC4)nc32)C1,中毒,36.4412,0.7094
CCOc1cc(CN2CCCC(c3nncn3C3CCCC3)C2)ncn1,微毒,18.5178,2.3519
Nc1ncnc2c1ncn2C1OC(COP(=O)(O)OP(=O)(O)OP(=O)(O)OP(=O)(O)O)C(O)C1O,中毒,10.077,0.1701
CC(=O)NC(C(=O)NC(CC1CCCCC1)C(O)C(O)C(Cc1ccccc1)NC(=O)C(Cc1ccc(OCc2nc3ccccc3[nH]2)cc1)NC(=O)OC(C)(C),高毒,593.0783,2.4125
O=C1CCN(Cc2ccc3c(c2)OCO3)C(=O)C1,高毒,91.6228,0.5425
Cc1cccc2nc(-c3csc(NC(=O)c4cccs4)n3)nn12,中毒,11.1014,1.9804
CC(=O)Nc1cc(Nc2ncc3c(n2)-c2c(nn(C)c2Cc2ccc(F)cc2)CC3)ccc1C,中毒,24.614,0.4889
O=C(O)C1CN(Cc2ccccc2)C(=O)C2CCCCC21,高毒,60.505,1.137
COc1ccc(C=CC(=O)c2cc(OC)c(OC)c(OC)c2)cc1O,高毒,54.7756,1.7091
O=c1[nH]c(=O)n(C2OC(COP(=O)(O)OP(=O)(O)OP(=O)(O)OP(=O)(O)OP(=O)(O)O)C(O)C2O)cc1F,低毒,8.3282,0.7122
Cc1noc(C)c1CN1CCCC(c2nncn2C2CC2)C1,微毒,15.4294,0.2046
COc1ccc(-n2ncc(C(=O)NCC3CCCN(CC4CC4)C3)c2=O)cc1,高毒,593.0783,2.4125
CC(=O)N1CCC(N2CCC(Oc3ccc(C(C)NC(C)=O)cc3)C2)C1,微毒,100.8788,0.8188
CC1(C)CC(=O)C2=C(C1)OC1=C(C(=O)CC(C)(C)C1)C2c1cc(-c2cc(Cl)cc(Cl)c2)no1,中毒,42.7496,1.2516
Cc1sc2ncnc(N3CCC(Cc4nnnn4C4CCCCC4)CC3)c2c1C,中毒,13.5975,0.3742
Cn1cc(NC(=O)c2cnn3cccnc23)c(-c2cc(Cl)ccc2F)n1,低毒,5.8912,0.2208
COc1ccc(C(=O)Nc2nnc(SCC(=O)N3CCCC3)s2)c(OC)c1,高毒,28.081,0.2534
Cc1cccc(OCCOCCCCCCCCCN=C(S)N2CCCC(CO)C2)c1,高毒,68.622,1.7709
COC(=O)C1CCCN(C(=O)CCC(=O)Nc2nnc(S(N)(=O)=O)s2)C1,高毒,33.5301,0.3455
COc1ccc(C2=NN(c3ccccc3)C(c3ccc(OC)cc3)C2)cc1,高毒,33.7901,2.9443
CC(C)NC(=O)C1CCCCN1c1nc(-c2cn[nH]c2)nc2cnc(Nc3ccc(N4CCN(CCO)CC4)cc3)nc12,中毒,12.496,0.2906
C=CCOC1C(OC2CCC3(C)C(CCC4(C)C3CC=C3C5C(C)C(C)CCC5(C(=O)O)CCC43C)C2(C)C)C(O)C(O)C1O,低毒,23.9781,4.0473
CC1CC(N(C)Cc2nncn2C2CC2)CCN1C1CC1,微毒,78.1136,1.4936
COc1cc2ncnc(Nc3ccc(OCCCOc4c(F)cccc4F)c(Cl)c3)c2cc1OC,中毒,24.2848,0.1957
COc1ccc(C2C=NNC2c2ccccc2OC2CCN(C)CC2)cc1OC,低毒,153.3967,0.6038
CN1CCN(c2ncc(C3CCCN(C(=O)CCc4ccccc4)C3)nn2)CC1,微毒,38.3231,0.747
CC(=O)c1cccc(NC(=O)c2nnn(CC(=O)N3CCOCC3)c2C)c1,高毒,5.615,0.3712
Nc1ncnc2c1ncn2C1OC(COP(=O)(O)OP(=O)(O)OP(=O)(O)OP(=O)(O)OP(=O)(O)OP(=O)(O)O)C(O)C1O,中毒,10.077,0.1701
CC(=O)N1CCCC(c2nncn2C2CC2)C1,微毒,24.615,0.2138
COc1ccc(CCNC(=O)CCn2nc3c4ccccc4n(Cc4ccc(C)cc4)c(=O)c3n2)cc1,中毒,69.0429,0.708
CC(=O)C=Cc1c(C)nn(C)c1Cl,高毒,114.7675,3.8717
O=C(Nc1nn(C2CC2)c2ncnc(N3CCCC3c3cc(F)ccc3F)c12)c1ccncc1,中毒,85.8179,0.5047
Cc1cc(COc2ccc3ncnc(N4CCN(c5cnc(C6CC6)nn5)CC4)c3c2)cc(C)c1F,中毒,24.1986,1.0453
CC1CCOCC1Nc1nc(N2CCOCC2C)c2cc[nH]c2n1,中毒,78.7555,2.407
Cc1cccc(OCC(=O)Nc2nnc(-c3ccc4c(c3)OCO4)o2)c1,高毒,278.1347,4.7346
CCOC(=O)c1n[nH]c(C(=O)NCc2ccc(F)cc2)c1C,高毒,12.5421,1.457
Cc1nc(CN(C)C(=O)N2CC3CN(C(C)C)CC3C2)no1,高毒,81.5604,0.3291
COc1cc(CNC2CCCN(Cc3ccc(F)cc3)C2)c(C)cc1OC,微毒,35.0645,0.3265
CN(C)S(=O)(=O)N1CCCC(n2nccc2NC(=O)c2ccncc2F)C1,高毒,17.5389,0.52
Cc1noc(C)c1Cn1nc(C)c(COc2ccc(C#N)cc2)c1=O,高毒,593.0783,2.4125
Cn1ncc2c(N3CCC(c4nncn4C4CCC(F)(F)C4)CC3)ncnc21,微毒,10.6681,0.5617
COc1cc(O)c2c(=O)c3cc(OC)ccc3oc2c1,高毒,286.0701,6.7809
Cn1ncc(C(=O)N2CCCC(c3nncn3C3CC3)C2)c1C1CC1,低毒,30.7554,0.8531
Cc1nn(C)c(C)c1CN1CCCC(c2nncn2C2CC2)C1,微毒,9.0006,0.2333
Cn1cc(CN2CCC(O)(c3cnc(C4CC4)nc3)CC2)cn1,低毒,39.7777,2.2993
CCCCCCC(=O)OC(Cn1ccnc1)C(O)CCCC(C)CCCC(C)C,高毒,24.6861,2.9523
COc1ccc(OC)c(C(=O)CC(C)OC(=O)c2ccncc2)c1,高毒,24.6725,5.6281
CC(=O)Nc1nc2c(s1)CC(NCc1nc(-c3cccs3)no1)CC2,中毒,35.0669,0.3331
Cc1ccc(CN2CCC(n3nnc4cccnc43)CC2)nn1,低毒,40.4624,0.6667
CCC(=O)N1CCCC1C(=O)NCC1CCCO1,高毒,158.7502,0.4012
O=C1CSC(N2N=C(c3ccccc3)CC2c2ccc(Cl)cc2)=N1,中毒,22.4479,1.2627
COc1ccc2nnn(CC(=O)N3CCC4(CC3)OCCO4)c2c1,中毒,10.4741,0.1499
Cc1noc(C)c1COc1cc(F)c(S(=O)(=O)Nc2nccs2)cc1Cl,高毒,28.3541,0.0989
CC(C)(C)OC(=O)N1CCCC(c2nncn2C2CC2)C1,微毒,15.4052,0.44
COc1cc2c(c3c1c(=O)c1cc4ccccc4cc1n3C)C(=O)OC2,高毒,28.6194,8.1866
CCOc1ccc2nc(-c3nc4cccnc4s3)cn2c1,低毒,141.8542,0.1724
CC(C)C(c1ccc(C(F)(F)F)cc1)n1cnc2c(N3CCCC(N)C3)nc(-c3cnn(Cc4nccs4)c3)nc21,中毒,7.0877,0.4129
CC(C)n1nnnc1CN1CCCC(c2nncn2C2CC2)C1,微毒,9.8257,0.3405
COc1ccc2nc(Cl)c(C3CC(c4ccccc4)=NN3C3=NC(=O)CS3)cc2c1,中毒,25.9467,0.2085
COc1cc2ncnc(Nc3ccc(Cl)c(Cl)c3)c2cc1OCCCCC1CCN(CCCCNc2c3c(nc4ccc(Cl)cc24)CCCC3)CC1,中毒,9.0896,1.7936
C=CCC1C2CCCN3CCCC(CN1C(=O)CCCC(=O)OCC)C23,高毒,69.3257,0.7769
COc1cccc(CNC(=O)c2sc3ncnc(Nc4ccc(F)c(Cl)c4)c3c2C)c1,中毒,32.5357,0.1425
CCOC(=O)C1CCCN(c2nc(-c3ccc(S(C)(=O)=O)cc3)nc3c2CCN(c2ncccc2C)C3)C1,中毒,47.6397,0.468
CC(O)C(NC(=O)C(Cc1ccccc1)NC(=O)c1ccc(-c2ccc(Cl)cc2)cc1)C(=O)NC1CCCCC1,中毒,29.6079,0.36
CCCCCCCCCCCCCCCCCCCC(=O)NC(COP(=O)(O)OCCCCCCCCCCCCCCCCCCCC)C(=O)OC,微毒,106.5744,2.4117
CCCCc1nc2ncnn2c(O)c1=O,高毒,593.0783,2.4125
C#CCN(C)Cc1cnn2c(CC(F)(F)F)nc(-c3ccncc3)nc12,低毒,25.2449,2.1401
COc1ccc(C2CC(c3cccc(C)c3)=NN2C(=O)c2ccncc2)cc1OC,中毒,56.5963,0.2806
CC(C)n1ncnc1CN1CCCC(c2nncn2C2CC2)C1,微毒,17.2301,0.2032
N#Cc1ccc(Cn2cnc(C3=CCN(C(=O)c4cccc(Cl)c4)CC3)c2)cc1,中毒,65.0154,0.6062
O=c1cc(N2CCOCC2)oc2c(-c3cccnc3)cc(-c3ccco3)nn12,高毒,593.0783,2.4125
FC(F)(F)c1cc(Nc2nc3cc(-c4ccc5ncn(C6CCNC6)c5c4)ncc3[nH]2)ccn1,中毒,38.4853,2.0642
COc1ccc(-n2nnnc2SCC(=O)Nc2ccc3c(c2)OCO3)cc1,高毒,4.091,0.5605
CS(=O)(=O)N1CCC2(CC1)CN(Cc1ccc(F)c(F)c1)CC2c1ccccc1,高毒,5.7537,1.2218
C=C1C(=O)OC2C(C)(C)CCCC(C)C(OC(C)=O)C12,高毒,63.9375,3.9377
CCn1nc(C(C)(C)C)cc1C(=O)N1CCCC(c2nncn2C2CC2)C1,中毒,47.5348,0.5246
CC1CCN(S(=O)(=O)c2ccc(C(=O)N3CCC(C)CC3)cc2)CC1,高毒,99.0919,0.3986
C=CC1(C)CC(OC(=O)CSc2nnc(-c3cc(OC)c(OC)c(OC)c3)n2)C2(C)C(C)CCC3(CCC(=O)C32)C(C)C1O,高毒,593.0783,2.4125
COc1ccc(C=CC(=O)OCC(=O)NC2CCS(=O)(=O)C2)cc1,高毒,32.3158,7.8819
CCOC(=O)CN1C(=O)CCC1=O,高毒,176.3263,0.4119
O=C(O)c1ccc(CN2CCN(c3ccc(OC(F)F)c(F)c3)CC2)cc1,低毒,17.4279,0.123
COc1ccc(Nc2c3ccccc3nc3cc(OC)c(OC)cc23)cc1,低毒,28.9593,3.604
CCC(CC)NC1=NC(=O)C(=Cc2c(-c3ccccc3)nn3c2CCC3)S1,中毒,96.4395,0.4992
COc1cc2ncnc(Nc3ccc(F)c(Cl)c3)c2cc1OCCCCN1CCCC1,中毒,7.6074,0.5346
Cc1cccc(C)c1N1CCN(CCCCCCNC(=O)c2ccc(-c3ccccc3)cc2)CC1,高毒,47.5891,1.5523
CN1CCN(c2nc3ccccc3nc2NCCc2ccncc2)CC1,中毒,30.2302,0.4971
COc1ccc(C(=O)c2cn(Cc3ccccc3)c3ccc(OC4CCN(C)CC4)cc23)cc1,中毒,51.2118,0.7189
CCN(CC)S(=O)(=O)c1ccc(S(=O)(=O)N2CCN(c3nc4ccccc4n3CC)CC2)cc1C,中毒,19.6684,0.1956
COc1cc(-n2ncc3cc(N(C)C)c4c(ncn4C)c32)ccc1NC(=O)c1nnc2cnc(N3CCC(N4CCCC4)CC3)nc2c1,中毒,59.8545,1.0576
C#CCOc1cccc(S(=O)(=O)NC2CCCCC2)c1,高毒,74.2264,0.7204
CCc1nnc(NC(=O)CSc2nnc(C3CC3)n2Cc2ccc(C)cc2)s1,微毒,84.6501,0.8923
COc1cc(C2Oc3cc4c(cc3C(Nc3ccc(C(=O)O)cc3)C3COC(=O)C23)OCO4)cc(OC)c1OC,中毒,25.4753,0.4888
CN(NC(=O)c1ccccc1)C(=O)Cn1nnc2ccccc2c1=O,低毒,25.1219,0.5681
Cc1cccc(NC(=O)Cn2nc(C)c(C(=O)Nc3c(C)cc(C)cc3C)c2C)c1,高毒,16.9001,0.3321
N#Cc1cncc(N2CCCC(c3nncn3C3CCOC3)C2)c1,中毒,8.2098,0.7061
COC(=O)c1c(C)nc2nc(SCc3ccc(Cl)cc3Cl)nn2c1C,中毒,11.2893,0.8761
Cc1c(C(=O)NCc2ccc(F)c(F)c2)cnn1-c1nn2cccc2c(=O)[nH]1,低毒,31.7541,0.2727
CCOC(=O)C1CCN(C(=O)CN2C(=O)C3C4CCC(C4)C3C2=O)CC1,高毒,35.4525,0.4519
O=C(NNC(=O)c1ccccc1F)c1ccc(Oc2ccc(F)cc2F)cc1,高毒,24.1268,0.8251
COc1ccc(C=NNC(=O)Cn2nnc3sc4c(c3c2=O)CCC(C)C4)cc1,中毒,16.4131,0.2218
CCOC(=O)c1c(C)nc2nc(C)c(C3CCN(C4CCCCC4)CC3)n2c1N(CCC)C(=O)c1cccs1,中毒,25.2622,2.1323
COC(=O)sc1ccccc1=O,高毒,593.0783,2.4125
CC(=O)N1CCCC(c2nncn2C2CC2)C1,微毒,24.615,0.2138
CCn1c(CNc2ccccc2C)nnc1SCC(=O)Nc1ccc2oc(-c3cccs3)nc2c1=O,高毒,593.0783,2.4125
CCOC(=O)c1nc(C)n(C2CCCN(Cc3cccc(C)n3)C2)n1,中毒,153.0868,0.6534
O=C(C=Cc1ccccc1Cl)c1cc(O)ccc1O,高毒,52.0045,2.0368
CCCCCC=CCC=CCC=CCC=CCCCC(=O)NN1C(=O)NC(C)(C)C1=O,高毒,21.9419,0.337
CCOc1ccc(Cc2nnc(SCC(=O)NCC3CCCO3)n2C)cc1,中毒,83.309,0.6328
CCOC(=O)c1cnn(CC(O)CN2CCC(Cc3ccccc3)CC2)c1C,高毒,11.9507,0.7274
COc1ccc(-c2cc3nc(N4CCN(C)CC4)sc3c(=O)n2CC2CCCO2)cc1,中毒,52.803,0.5407
Cc1cccc(C)c1N1CCN(C(=O)c2cc3nc(C(F)(F)F)ccc3s2)CC1,中毒,43.4164,2.0799
CN1CCN(c2nc3c(c(=O)n(C)c(=O)n3C)n2CC2CC2)CC1,中毒,31.27,0.4006
COc1cccc(C=Cc2n[nH]c(-c3cc(OC)c(OC)c(OC)c3)n2)c1,高毒,57.0106,6.6277
COc1ccc2nc(O)cc(CCNC(=O)Cc3ccc(OC)cc3C)c2c1,高毒,41.503,4.6093
O=C(Nc1cnn(CCN2CCOCC2)c1)c1cc2ccccc2[nH]c1=O,低毒,45.9331,0.1908
O=C1NC(=O)C(=Cc2cnn3c(NC4CC4)nc(Nc4ccc(N5CCOCC5)cc4)nc23)N1,中毒,2.9322,1.8984
NC(=O)Cn1nnnc1CN1CCCC(c2nncn2C2CC2)C1,微毒,13.7032,0.3405
O=P(O)(O)C(F)(F)C(F)(F)C(F)(F)C(F)(F)C(F)(F)C(F)(F)C(F)(F)C(F)(F)C(F)(F)P(=O)(O)O,微毒,126.5953,0.3163
Cn1cc(-c2ncnc3[nH]cc(-c4ccc5c(c4)OCCO5)c23)cn1,中毒,27.2512,2.2179
CCOc1ccc(CCNC(=O)C2CCN(c3nnc(C4CC4)n3C)CC2)cc1,高毒,94.9444,0.5286
Cc1occc(=O)c1OC(C)C,高毒,525.8849,7.2019
Cc1nc2c(S(=O)(=O)c3ccc(F)cc3)cccn2c1N(C)C(=O)Cc1ccc(C(F)(F)F)cc1,中毒,54.2966,1.8465
CC(C)Oc1cccc(-n2ncc3c(N4CCC(C)(N)C4)nc(-c4cnn(C5CC5)c4)nc32)c1,中毒,40.4206,3.2838
CC1CCCC(C)N1S(=O)(=O)c1cn(CC(=O)NCc2cccs2)c2ccccc12,中毒,11.9568,0.4358
COc1ccccc1CN(CCC#N)C(=O)Cc1c[nH]c2ccccc12,高毒,57.2695,0.142
Nc1nnc(SCC(=O)c2ccc3c(c2)OCCO3)s1,高毒,230.8264,5.4593
COc1cc2c(cc1OC)C(c1ccc(OC)c(OC)c1)N(C(=O)c1ccccc1Br)CC2,高毒,38.5855,0.3537
Cc1cc2nc(N3CCN(C(=O)c4cccs4)CC3)nc(NCCCn3ccnc3)c2cc1C,中毒,208.6288,3.5497
CCN1CCCC(c2nncn2C2CC2)C1,微毒,13.5158,0.2302
O=C1CN(Cc2ccc3c(c2)OCO3)CCN1,高毒,112.4576,0.7493
CC(C)Oc1cc(-c2nnc(-c3ccc(F)cn3)o2)ccc1N1CC(C)(C)C1,中毒,65.1992,0.9713
O=C1CC(c2ccc(Cl)cc2)n2ncc(C(=O)Nc3ccc(Cl)cn3)c2N1,中毒,30.7442,0.3245
Cc1cc2c(cc1S(=O)(=O)N1CCCC1)C(=O)C(=O)N2CCN1CCOCC1,中毒,7.3968,0.9003
CCCCCCCCCCCCCCOP1(=O)OCC(O)C(O)C1O,高毒,19.679,0.3434
COc1cc(C=CC(=O)NCCCn2ccnc2)cc(OC)c1OC,高毒,179.7263,8.2934
O=C(Nc1cccnc1)N1CCCC(c2nncn2C2CC2)C1,微毒,24.8555,0.1713
COc1cccc(CNCCNC(=O)c2sc3nc4n(c(=O)c3c2C)CCCC4)c1,中毒,45.2147,0.1864
CCOC(=O)C1=C(CN2CCN(c3nc4ccccc4s3)CC2)NC(=O)NC1c1ccccc1,中毒,65.2911,0.273
COc1cc(OC)cc([N+](=O)[O-])c1OCC=C(C)CCC=C(C)CCC=C(C)C,高毒,85.5508,0.5118
Nc1ncc(-c2cn(C3OC(COP(=O)(O)OP(=O)(O)OP(=O)(O)O)C(O)C3O)c(=O)n2)c(=O)[nH]1,高毒,593.0783,2.4125
COc1ccc(-c2nnc3n2-c2ccc(F)cc2CC3)cc1OC,高毒,16.5757,0.2385
COC(=O)C1=C(C)NC(C)=C(C(=O)OC)C1c1ccc(C(=O)OC)cc1,低毒,27.5483,2.8725
COc1ccc(C2=C(c3ccc(O)cc3)C(=O)NC(c3ccc(OC)cc3)C2)cc1,中毒,5.1949,0.7486
COc1ccc(CN2CCCC2Cn2cncn2)cc1,高毒,47.2524,0.688
COCCN1CCN(C(=O)CCCn2nnc3ccccc32)CC1,高毒,35.623,0.2419
COc1cccc(CNC(=O)c2cc3c(-c4cnn(CCO)c4)nn(C)c3n(C3CC3)c2=O)c1,中毒,17.5674,0.239
O=C(NCc1ccc2c(c1)OCO2)N1CCC(n2ncc3cnc4[nH]ccc4c32)CC1,高毒,21.8039,0.266
O=C(O)Cn1cc(C2CCCN2Cc2nnc3n2CCCC3)cn1,低毒,16.7701,0.6168
CCCCCCCCCCCCCCCC(=O)OCC1OC(n2cnc3c(NCCc4ccccc4C)ncnc32)C(O)C1O,中毒,9.7464,0.3311
COCCN(CCOC)C(=O)c1c(C)nn(C)c1N(C)C,低毒,87.7508,0.833
Cc1nn(-c2ccccc2)c2nc(-c3ccc(NCCCN4CCN(C)CC4)cc3)nnc12,中毒,15.1187,6.8239
N#Cc1cc(-c2ccccc2)ncc1C(=O)N1CCCC1c1nncn1C1CC1,低毒,26.1922,0.1028
CC(C)C(C)C1=CC2CC34CC=C5CC(O)CCC5(C)C4CCC3(C)C2C1,高毒,129.3669,2.0378
Cc1nn(Cc2ccc(C(=O)O)cc2)c(=O)c2cc(S(=O)(=O)N3CCCCCCC3)ccc12,中毒,17.4683,1.2631
Cc1ccc(-n2nc(C(F)(F)F)c(C(=O)N3CCOCC3)c2C2CCCN(C(=O)c3cc(C(F)(F)F)ccn3)C2)cc1,中毒,38.2802,0.3241
COc1cc2c(cc1OC)C(c1cccc(OC)c1)NC(C)C2,高毒,81.5176,1.284
c1ccc(-n2nc(C3CC3)nc2CCN2CCCCC2)cc1,低毒,80.2146,0.6282
COC(=O)C(Cc1ccccc1)NC(=O)C(CCCCN)NC(=O)c1ccc(C)c(-n2nnnc2C(C)C)c1,中毒,22.9769,0.2081
CC1=CCC2C3CCC4Cc5nnn(-c6ccc(F)cc6)c5CC4(C)C3CCC12C,高毒,97.7327,0.3886
CCC(=O)Nc1nc2nc(C)c(C)c(O)n2n1,中毒,18.61,0.8673
COc1ccc(N=C(N)NCCCCCCCNc2c3c(nc4ccccc24)CCCC3)cc1,高毒,2.2803,3.0014
Cc1nn(C)c(C)c1CN1CCCC(c2nncn2C2CC2)C1,微毒,9.0006,0.2333
CN1C(=O)CCC2(C)CN(C(=O)NC3CCCCC3)CCC21,高毒,81.5604,0.7584
O=C1c2ccccc2C2(CCN(Cc3cn(-c4cccc(C(F)(F)F)c4)nn3)CC2)N1c1ccccn1,中毒,5.8202,0.2269
Cc1nn(C)c(C)c1CN1CCCC(c2nncn2C2CC2)C1,微毒,9.0006,0.2333
N#Cc1cnn2c(=O)n(Cc3ccco3)cnc12,高毒,18.8234,2.8685
CCOc1ccc(CNC(=O)c2cc3ccccc3s2)cc1,高毒,105.485,0.6385
NC(CNC(=O)Cc1cn(Cc2ccccc2F)c2cc(-c3ccccc3)ccc2c1=O)C(=O)O,中毒,17.9651,0.2732
O=C(C=Cc1ccc(O)c(O)c1)OC1C=C(CO)C(O)C(O)C1O,高毒,18.2835,5.1156
Cc1ccc(CN2C(=O)OC3(CCN(C(=O)c4nnn[nH]4)CC3)C2=O)cc1,中毒,10.3486,0.7457
COc1ccc(Cl)c3nc(C)nn3c(=O)c12,高毒,593.0783,2.4125
COc1ccc(CNC(=O)Cn2nnc(C(=O)NCc3cccc(C)c3)c2N)cc1,高毒,44.4755,0.3566
Cc1nnc2n1-c1ccccc1CC2c1nnc(C)n1C,高毒,24.3182,0.136
COc1ncc(-c2nc3c(n2C(C)C)C(c2ccc(C#N)c(C(F)(F)F)c2)N(c2ccc(S(N)(=O)=O)cc2)C3)cc1NS(C)(=O)=O,中毒,34.7833,0.1754
CC(=O)NC1C=C(C(=O)O)N2C(=O)C(NC(=O)c3cccc(C(F)(F)F)c3)C2SC1,中毒,31.5529,0.3218
CCN1CC2C3CCC(=O)C3(CCN2Cc2ccc(C)cc2)C1,微毒,26.0001,0.3685
O=C(CSc1nncn1C1CC1)NCC1CC1,高毒,241.4209,0.8057
COc1ccc(-c2cnc3nc(N4CCC(N5CCCCC5)CC4)sn23)cc1,低毒,3.6703,1.1689
CCN1CCCC1c1nn(CC2CC2)c2ccc(-c3cnc(N)nc3)cc12,中毒,20.7457,0.7274
COc1cc(C2c3cc4c(cc3C(OC3OC(CO)C(O)C(O)C3O)C3COC(=O)C23)OCO4)cc(OC)c1O,中毒,51.8281,1.1345
CC(=O)NN1C(=O)CC(C)(C)C1=O,高毒,45.8229,2.3174
CCCN1CCCC(c2nncn2C2CC2)C1,微毒,13.5158,0.2302
CC1CCCN(c2nc(C(F)(F)F)ncc2CNC(=O)c2cnn3cccnc23)C1,低毒,5.0038,0.3897
COc1ccc(C(=O)CC2C(=O)N(C)c3c(F)cccc32)cn1,中毒,6.6123,1.1494
Cc1ccc2c(Oc3nnc(SCC(=O)Nc4ccncc4)n3C)ncnc2c1,中毒,8.5903,1.3945
CC(N)c1ccc(C(=O)Nc2ccc(-c3ccccc3S(N)(=O)=O)cc2)cc1,高毒,76.1313,0.3848
CCOC(=O)c1[nH]c(O)nc1C(=O)c1cnc2ccc(-c3cnn(C)c3)cc2c1Nc1ccc(N2CCCC2)nc1,中毒,19.009,0.2084
CC1CC(N)CN1c1nc(-c2cnc(N)c(C#N)n2)ncc1C#N,中毒,12.5168,5.8632
COc1ccc(CCN2CCCC(=O)C2)cc1,高毒,91.6228,3.1638
COc1cc2c(cc1OC)CN(CCCCNC(=O)c1ccc(Nc3ncc4c5ccncc5n(C5CCCC5)c4n3)nc1)CC2,中毒,28.8795,0.9427
NC(=O)c1ccc(NC(=O)c2c(Cl)cccc2Cl)cc1Cl,高毒,41.7456,2.5195
CC1(C)C(OC(=O)N2CCC(CCO)CC2)CC2(C)C(CCC3(C)C2CC=C2C4C(C)C(C)CCC4(C(=O)O)CCC4(C)CCC23C)C1(C)C,高毒,593.0783,2.4125
O=C(NCCCN1CCCCC1)c1ccc2[nH]c(O)nc2c1,高毒,204.3894,1.699
CC1CN(c2ccc(C#N)cn2)CCC1(C)C(=O)Nc1cnn(C)c1,高毒,73.056,1.8648
COCCNCCC(=O)N1CCc2c(sc3ncn(CC(=O)O)c(=O)c23)C1,中毒,33.2182,0.2664
CCN(CC)CCNC(=O)c1cc2c(=O)n(-c3ccccc3)nnc2c2ccccc12,中毒,30.053,0.715
O=C(Nc1cnns1)N1CCC(c2nncn2C2CC2)CC1,微毒,72.2313,0.1583
N#CCc1cccc(Nc2nc3c(c(Nc4ccc5[nH]ncc5c4)n2)CCNC3)n1,中毒,17.7236,1.1379
COc1nsnc1CN1CCCC(c2nncn2C2CC2)C1,微毒,13.5158,0.2068
C=C(C)C1CCC2(C(=O)O)CCC3(C)C(CCC4C5(C)CC(=Cc6cccc(F)c6)C(=O)C(C)(C)C5CCC43C)C12,高毒,20.1411,1.3789
Cc1ccc(CS(=O)(=O)c2nnc(SCC(=O)NCc3ccco3)n2C)cc1,中毒,95.0303,0.3732
CCc1cnn(C)c(=O)c1NC(=O)c1csc(-c2nccs2)n1,低毒,66.9849,0.8723
CCOc1ccc(NS(=O)(=O)c2c(C)n(C)n(-c3ccc(F)cc3)c2=O)cc1,中毒,30.6994,0.6625
O=C(Cn1nnc2ccccc21)N1CCC2(CCNC2)C1,高毒,11.7942,0.1555
C[n+]1ccccc1N1CCN(CCOC(c2ccccc2)c2ccccc2)CC1,高毒,31.214,0.302
CCCCCCCCCCN1CCN(C(=O)C(Cc2ccc(OC(=O)C(C)CCCC)cc2)NC(=O)C(N)Cc2ccc(O)cc2)CC1,中毒,48.7453,0.4398
CC1CN(S(=O)(=O)c2ccc(C(=O)NCCc3ccccn3)cc2)CC(C)O1,高毒,44.1766,0.3248
CCn1cc(CN2CCCC(c3nncn3C3CC3)C2)cn1,微毒,11.6615,0.1999
CN1CCN(c2nc(-c3cccc([N+](=O)[O-])c3)nc3c2CN(C(=O)c2ccnc(F)c2)CC3)CC1,中毒,30.2585,2.2378
C=C1CCC2C(C)(COC(=O)c3ccc(OC)cc3)CCCC2(C)C1CC=C1C(=O)OCC1OC(=O)CCC,高毒,45.6115,0.2567
COc1ccc2ncc(F)c(Cc3cnc4nc(N)nc(Nc5ccc6c(c5)OCO6)c4c3)c2c1,中毒,33.213,0.3392
O=C1OCC(O)C1Cc1ccc(-c2ccc(F)cc2)cc1,高毒,23.7686,1.0572
Cn1nc(-c2ccncc2)c2c1CCN(c1ncnn3cc(Cl)ccc13)C2,高毒,593.0783,2.4125
O=C(CN1C(=O)c2cccc3cccc(c23)C1=O)NCCCn1nnc2ccccc21,中毒,13.4789,0.6668
O=C1COc2ccc(S(=O)(=O)Nc3cccc(Cl)c3)cc2N1,高毒,97.3518,0.5206
O=C(O)CCC(NC(=O)C(Cc1ccccc1)NC(=O)C(Cc1ccccc1)NC(=O)OCc1cncs1)C(=O)Nc1cccc(Cl)c1,中毒,184.7637,1.7276
Cc1cc(OCCOCC(=O)Nc2ccc(Cl)c(Cl)c2)ccc1-n1cnc(C)c1,低毒,15.9511,0.6934
CCCn1c(=O)c2nc(-c3cnn(Cc4nnc(SCC(=O)Nc5cccc(OC)c5)n4)n3)[nH]c2n(CCC)c1=O,高毒,593.0783,2.4125
CCOc1ccc(CN2CCC(N3C(=O)NC(C)(c4ccc(Br)cc4)C3=O)CC2)cc1,中毒,31.7371,0.494
COc1cccc(CN2CCCC(c3nncn3C3CC3)C2)c1,微毒,8.2682,0.2258
CC(C)CC1NC(=O)C2CCCN2C(=O)C(CC(=O)O)NC(=O)C(Cc2cnc[nH]2)NC(=O)C(CC(C)C)NC1=O,微毒,24.8478,0.3479
O=C(Cc1ccc(N2CCOCC2)cc1)NCC1CCCCN1Cc1ccccc1,高毒,57.07,1.3967
CCCCCCCCCCOC(=O)C(CO)NC(=O)C(CCCN=C(N)N)NC(=O)C(CCCNC(=N)N)NC(=O)C(Cc1cn(C)cn1)NC(=O)OC(C)(C)C,微毒,28.7028,0.4383
CC(C)c1nn(C)cc1CN1CCCC(c2nncn2C2CC2)C1,微毒,10.2866,0.2125
COc1cc(C=CC(=O)NCCOCCOCCNc2c3c(nc4ccccc24)CCCC3)cc(OC)c1OC,高毒,3.5932,5.0607
Cc1nc(-c2cccc(C#N)c2)sc1CN1CCC(c2nncn2C(C)C)CC1,中毒,54.7637,0.3147
Cc1nonc1C(=O)N1CCCC1c1nccn1C1CCCC1,中毒,109.8601,0.6876
CN(C)C1CCN(Cc2nnc(SCc3ccc(F)cc3)n2C)CC1,高毒,29.8361,3.8896
COc1cc2c(CC(C)=O)nn(-c3ccc4c(c3)OCO4)c2cc1OC,高毒,25.8817,0.9948
CCCN(CCC)c1nc(C)nc2c1ncn2C1OC(COS(N)(=O)=O)C(O)C1O,中毒,11.3024,0.3311
CCOC(=O)C1=C(C)NC2=C(C(=O)CC(C)(C)C2)C1c1ccc(NC(C)=O)cc1,中毒,17.9903,0.3777
CSC(=S)N1CCCC(NC(=O)Cn2nnc(C)n2)C1,高毒,41.3626,3.7792
CCn1nc(C)c2c(C(=O)Nc3ccc4c(c3)OCO4)nc(-c3ccc(C)o3)nc21,中毒,43.9603,0.309
NS(=O)(=O)c1ccc(NC(=O)CN2CCC(Cc3ccc(F)cc3)CC2)cc1,高毒,27.8251,1.4081
CCc1cccc(C)c1Oc1nc2c(c(=O)n(C)c(=O)n2C)n1Cc1ccc(-c2ccccc2-c2nn[nH]n2)cc1,中毒,8.4381,0.205
COCCS(=O)(=O)NC1CCCCC1c1nncn1C(C)C,微毒,32.1354,0.2288
CC(C)C(C(=O)NC1CCCCC1)N1C(=O)C2(CC2)C2CS(=O)(=O)CC21,中毒,15.8761,0.4466
CCOc1ccc(S(=O)(=O)N2CCOCC2)cc1NC(=O)CN1C(=O)NC2(CCCCC2)C1=O,中毒,85.302,0.5778
CC(C)C(=O)OCCC(O)C(C)C1CCC2C3C(O)CC4CC(O)CCC4(C)C3CCC12C,高毒,28.6217,4.2159
CC(=O)Oc1ccc(OCc2cc(C(=O)N3CCCCC3c3noc(C4CC4)n3)no2)cc1,高毒,57.1031,0.2745
COc1ccc2nc3cc(Cl)c(Cl)cc3c(NCCCCCCCCNc3c4c(nc5ccccc35)CCCC4)c2c1,高毒,6.9342,2.2245
CCOC(=O)c1sc(NC(=O)CSc2nnc(-c3ccncc3)n2N)c(C#N)c1C,中毒,13.6445,0.4645
CCCCc1nn2c(=O)c3c(C)c(C)nn3c2n(CCC)c1=O,高毒,593.0783,2.4125
CC(=O)Oc1ccccc1CCC1C(C)(CO)CCCC1(C)C,微毒,17.3171,12.6519
CC(C)C1=NN(c2ccc(Cl)cc2)C(N=Nc2cc(C)c(O)cc2O)C1,微毒,23.8209,0.5933
COc1ccc(C=C2Cc3ccccc3C2=O)cc1OC,高毒,58.4533,0.824
Cn1nccc1C(O)C1CCCN(Cc2nnnn2C2CC2)C1,低毒,11.3422,0.259
CCCCCCCCSc1nc2ccc(N)cc2c(=O)n1-c1ccccc1,低毒,324.6581,1.4136
O=C(Nc1nnc(SCC(=O)C(=O)N2CCOCC2)s1)c1ccc2c(c1)OCO2,高毒,42.9605,0.7915
Cc1noc(C)c1CN1CCCC(c2nncn2C2CC2)C1,微毒,15.4294,0.2046
Fc1cccc(-c2nc(CNc3ccc(N4CCCCC4)cc3)co2)c1,高毒,420.5796,0.6508
COc1ccc(S(=O)(=O)Nc2nnc(C(F)(F)F)s2)cc1,微毒,64.6568,2.3808
CC(=O)N1CCCC1c1nnc2n1CCCCC2,中毒,111.2941,0.2526
COc1cc(C=C(C#N)c2nc3ccccc3[nH]2)cc(OC)c1OC,高毒,66.9286,6.5556
COc1ccc(C)cc1S(=O)(=O)N1CCCC(C(=O)NCc2cccs2)C1,高毒,35.5221,0.6109
O=C(Nc1nnc(CC2CC2)s1)c1cc(OCc2ccc(F)cc2)ccc1F,高毒,9.55,0.4224
Cc1ccc(S(=O)(=O)N2CCC(n3nnc4nc(N5CCOCC5)ncc43)CC2)cc1,中毒,11.5908,1.0639
CC(C)C(C(=O)N1CCCCCC1)N(C(=O)c1snnc1C(N)=O)c1ccc(F)cc1,中毒,18.215,0.713
COc1ccc(C2C3=C(O)OC(c4ccoc4)CC3(O)C2=O)cc1,低毒,11.0048,1.1154
CC1CN(S(=O)(=O)c2ccc3c(c2)OCCO3)CCC1c1nncn1C,高毒,36.4928,0.5665
CC(C)(C)OC(=O)N1CCCC(c2nncn2C2CC2)C1,微毒,15.4052,0.44
CCC1OC2=C(C(=O)C(C)=C(C)C2=O)C2=C(CC(C)(C)CC2=O)C1=O,中毒,87.0489,1.4734
N#Cc1ccc(Oc2ccc3nc(C(F)(F)F)n(CC4CCCC4)c3c2)cc1,低毒,124.7537,4.3248
Cn1cnc(S(=O)(=O)N2CCCCC2c2nncn2C2CC2)c1,中毒,43.4605,1.4275
COc1ccc(-c2cc3ccccc3cc2-c2nnn[nH]2)cc1OC,高毒,8.228,2.0495
CC1OC(OC2C(CO)OC(OC3C(O)C(O)C(O)C(O)C3OC3OC(CO)C(O)C(O)C3O)C(O)C2O)C(O)C(O)C1O,低毒,80.8814,0.7758
O=C(O)C1CCC(=O)N(Cc2ccccc2)CCN(Cc2cccc(F)c2)CC1,高毒,30.1077,0.1216
C#CCN1CCCC(c2nncn2C2CC2)C1,微毒,13.5158,0.2302
Cc1nn(C)c(C)c1NS(=O)(=O)c1ccc(CCNC(=O)C2CC2)cc1,高毒,149.9169,0.8519
Clc1ccc2[nH]c(C3CC4CCC3N4)cc2c1,高毒,25.1096,3.9542
COc1cc(N2CCN(CCO)CC2)ccc1Nc1ncc(C(F)(F)F)c(Oc2cccc3c2C(=O)N(CC2CC2)C3=O)n1,中毒,4.6108,0.8142
Cc1ccc2cc(C=Cc3cc(O)cc(OCc4cccnc4)c3)c(=O)oc2c1,高毒,187.1831,1.2428
CCOC(=O)c1csc(NC(=O)Cc2csc(C3CC3)n2)n1,高毒,18.754,1.9365
N#Cc1ccc(Nc2nc(Nc3ccc(N4CCN(c5nc6ccccc6s5)CC4)cc3)ncc2Cl)cc1,中毒,18.9889,1.0309
O=C(c1cc(-c2ccccc2)nc2ccc(Cl)cc12)N1CCCCC1,中毒,54.2039,0.438
CCN(CC#CCOC(=O)c1ccc(Cl)c(Cl)c1)CCN1CCCCC1,高毒,30.433,0.5757
CCOC(=O)c1cc2c(n1Cc1ccc(C(=O)N(CC)CC)cc1)CC(C)(C)CC2=O,中毒,25.1075,0.5133
Fc1cccc(F)c1C=NNc1nc2ccc(Cl)cc2s1,中毒,42.3512,18.769
CCC1(c2ccccc2)OCC(=O)N(Cc2ccc(F)cc2)C1=O,中毒,12.5294,0.8607
CCS(=O)(=O)NC(=O)c1sc2nc3n(c(=O)c2c1Cl)CCCC3,低毒,98.8667,0.5799
O=C(Nc1ccc2[nH]nc(-c3ccc(OC4CCNC4)c(Cl)c3)c2c1)c1ccc(Br)o1,低毒,9.7606,1.3184
C=CCNC(=O)C1(C)CCCC2(C)C3CCC4CC(O)CCC4(C)C3CCC12,高毒,89.5278,0.4601
COc1ccc(CNC(=O)C2CC2c2ccc3c(c2)OCO3)c(OC)c1,高毒,26.3742,0.7294
CC1=CCC2C(C)(C)CCCC2(C)C1CC(O)C1(C)CCCO1,高毒,56.5912,4.2159
CCc1nnc(NC(=O)c2ccc(S(=O)(=O)N3CCCC3)cc2)s1,高毒,43.5805,0.6536
CCCCOC(=O)N(CCOC)C(=O)c1ccc(CN2CCC(n3nnc4c(C)nc5ccccc5c43)CC2)cc1,中毒,7.8874,1.391
COc1ccc(C2CC(=O)N(c3cccc(C)c3C)C2=O)cc1OC,中毒,10.0202,7.2657
CC1(C)c2nc(Cl)nc(NC3CCCCC3)c2CCN1C(=O)C1CCCO1,中毒,46.9928,0.3051
O=C(O)c1nc(-c2c[nH]c3ccccc23)c2c(s1)-c1ccccc1C2,高毒,593.0783,2.4125
Oc1ccc(CN2CCC3(CC2)c2ccccc2C3n2cnnn2)cc1,中毒,7.6179,2.2539
Cc1nn(C)c2ncnc(N3CCCC(c4nncn4C4CC4)C3)c12,中毒,49.2175,0.6059
CC(=O)NCC(O)c1cc(F)c(F)cc1F,微毒,110.6898,0.2797
CCC(CN1CCC(C(=O)c2ccccc2F)CC1)c1ccccc1,高毒,14.0818,1.3975
COc1cnc(Nc2cccc(C3CCCCN3C)c2)nc1N1CCC(C)C1,中毒,9.4091,1.9944
COc1ccc2[nH]c3ncnc(NC4CCC(NC5CC5)CC4)c3c2c1,高毒,66.3397,1.1413
Cc1nn(C)c(C)c1CCC(=O)N1CCCC(c2nncn2C2CC2)C1,微毒,31.8529,0.7013
O=C(NCC1CCCO1)NC1CCCC(N2CCCC2)C1,高毒,320.24,0.8307
CCN(CC)CCCOc1ccc(C=CC(=O)Nc2cccc(C(C)=O)c2)cc1OC,高毒,8.4786,4.3187
CC(C)C(=O)N1CCCC(c2nncn2C2CC2)C1,微毒,16.6651,0.1646
COC(=O)C1CCCN(Cc2nc(C3CC3)no2)C1,低毒,17.993,0.2348
COc1ccc(CNC(=O)C(c2ccc(OC)cc2)c2c[nH]c3ccc(Br)cc23)cc1,中毒,21.5986,1.0014
CCc1nnc2n1CCN(C(c1nnnn1C1CCCC1)C1CCCCC1)C2,低毒,14.1803,0.6968
O=C(NCC(=O)N1CCN(S(=O)(=O)c2cccc3nsnc23)CC1)c1cccs1,中毒,125.0315,0.3478
COC(=O)C1=C(C)N(C)C(=O)NC1c1cc2c([nH]c3cccc(Cl)c32)c(-c2ccc(OC)cc2)n1,中毒,31.8469,0.1695
CCn1nnc2c(N3CCCCCC3)ncnc21,中毒,217.9924,7.5711
Cn1nc(Cc2cc[n+](C)cc2)c2ccc(O)cc2c1=O,微毒,11.914,0.9532
Cc1ccccc1C(=O)N1CCCC(c2nncn2C2CC2)C1,中毒,18.5935,0.2214
Cn1c(=O)c2nc(C(C)(C)C)[nH]c2n(CCC2CC2)c1=O,中毒,36.9031,0.6347
O=C(O)C1(O)CCC(c2nncn2C2CCCCC2)CC1,微毒,35.8382,3.2676
COc1cc(C=C2CCCC(=Cc3cc(OC)c(OC)c(OC)c3)C2=O)cc(OC)c1OC,高毒,58.9157,2.319
Cc1cc(Cl)cc(Oc2c(C)cnn(C)c2=O)c1,高毒,30.5886,2.3655
Cc1ccc(S(=O)(=O)NCCN2CCCc3ccc(O)cc3C2)cc1,微毒,54.2019,0.5581
CCC(C)C1NC(=O)C(CC(C)C)NC(=O)C(CC(C)C)NC(=O)C(CC(C)C)NC(=O)C(CC(C)C)NC(=O)C(CCCCN)NC1=O,微毒,155.9643,0.4413
CCCCc1nc2cccc(C(=O)OC)c2n1Cc1ccc(-c2ccccc2S(=O)(=O)NC(=O)NC2=NCCCCC2)cc1F,中毒,37.4614,0.3327
COc1ccc2nc3cc(Cl)ccc3c(NCCCCN3CCN(CCNc4ncnc5scc(-c6ccccc6)c56)CC3)c2c1,高毒,593.0783,2.4125
COc1ccc2cc1Oc1ccc(cc1)CC1c3c(cc(OC)c(OC)c3OC)CCN1CC2,高毒,59.8203,0.5011
Cc1nn(-c2nc(C)cc(C)n2)c(C)c1CC(=O)N1CCC(c2nncn2C2CC2)CC1,低毒,26.1602,0.1905
COC(=O)Nc1nnc(Sc2nnc(N3CCOCC3)s2)s1,中毒,84.1273,3.5535
CN1CCC(n2nnc3c(Nc4nccc(-c5ccc6nonc6c5)n4)nc(-c4cnn(CC(C)C)c4)nc32)CC1,中毒,46.1111,1.6662
CCCCCc1c(OCCCCOc2ccc(C3=C(CCCC(=O)O)CCC3)cc2)ccc2c1OC(C)(C)C=C2,中毒,15.5751,0.9257
CC(C)CC1NC(=O)C(CCCN=C(N)N)NC(=O)CNC(=O)C(Cc2ccc(O)cc2)NC1=O,微毒,45.1969,0.1314
CN1CCCC(Oc2nc3c(s2)c(=O)n(C)c(=O)n3C)C1,高毒,12.0312,0.5003
Cc1onc(-c2c(Cl)cccc2Cl)c1C(=O)N1CCCC(c2nncn2C2CC2)C1,中毒,26.9994,0.2645
CC1OCCC1CNC(=O)c1ccc(C#Cc2ccc3ncnn3c2)cn1,中毒,28.3311,0.2144
O=C1NCc2ccc(CN3CCCC3)c3nc(cc4ccc1n23)OCO4,中毒,61.4666,0.1319
O=C(c1cccnc1)N1CCCC(c2nncn2C2CC2)C1,微毒,22.4232,0.2216
Cc1ccc(S(=O)(=O)N(C)C(C)C(=O)NC(CCC#N)C(=O)NC(Cc2ccccc2)C(O)CC(Cc2ccccc2)C(=O)N2CSC(C)(C)C2C(=O)NO),高毒,593.0783,2.4125
COc1cc(Nc2ncc3c(n2)N(C2CCCC2)CCS3)cc(OC)c1,中毒,5.8658,0.3237
CN(C)CCCNC(=O)c1cc(NC(=O)c2cc(-c3ccccn3)c(Cl)cc2Cl)n(-c2ccccc2)n1,中毒,9.1683,2.5645
Cc1noc(C)c1CN1CCCC(c2nncn2C2CC2)C1,微毒,15.4294,0.2046
O=C(NC1CCCC1)C1CCCN(S(=O)(=O)c2cnc3ccnn3c2)C1,中毒,13.7613,2.4388
CC(C)C(OC(=O)N1CCCCC1)c1nnc(NC(=O)c2cccc(F)c2)s1,中毒,8.5747,1.8998
CC(C)CN1CCN(c2ncnc3scc(-c4ccc(F)cc4)c23)CC1,高毒,75.2621,0.2418
COc1ccc(C2=NN(c3nc(-c4ccc(F)cc4)cs3)C(c3cc(OC)c(OC)c(OC)c3)C2)cc1OC,中毒,15.0122,0.2561
Cc1nc(CNc2ncnc3[nH]c(C4CC4)cc23)no1,高毒,108.037,0.8056
COc1cc(Nc2nc3c(c(Nc4ccc(C(F)(F)F)cc4)n2)CSCC3)ccc1N(C)S(C)(=O)=O,中毒,3.7807,0.4413
COc1cccc(Cn2cc(CNc3nnc(SCc4cc(=O)n5ccsc5n4)nn3)nn2)c1,中毒,6.2105,0.4514
CCOC(=O)c1nn(C)c(C)c1NS(=O)(=O)c1ccc(N)cc1,高毒,179.362,0.5368
COC(=O)c1cnc(NCc2ccccc2)nc1Nc1ccc2[nH]ncc2c1,低毒,15.8981,8.2309
Cc1nc(C)n(-c2ccccc2C(=O)c2ccc([N+](=O)[O-])cc2F)n1,高毒,31.2499,0.7461
CCN1CCN(Cc2nc(-c3cccc(C(F)(F)F)c3)no2)CC1,高毒,125.0327,0.9558
CN1CCN(c2ccc(Nc3nc(Nc4ccc(N5CCN(C)CC5)cc4)nc4ncnn34)cc2)CC1,中毒,8.4156,0.1782
CCOc1ccc(Cn2c(CN3CCCCCC3)nc3ccc(O)cc3c2=O)cc1,低毒,69.8163,2.788
COc1ccc(C=C2OC(=O)c3ccc(C)cc32)cc1OC,低毒,22.9339,0.4679
COc1ccc2cc3[n+](cc2c1OCCCOc1ccc(C=Cc2ccc(OC(C)=O)cc2)cc1)CCc1cc2c(cc1-3)OCO2,中毒,11.1328,0.5081
N#Cc1ccc(N2CC3(CCN(CCO)CC3)C2=O)cc1-c1nc2c([nH]1)CCCC2,中毒,7.8487,1.8642
NC(=O)C1CCCN1S(=O)(=O)c1ccc2cc(Br)ccc2c1,高毒,14.7131,1.3616
Cc1ccc(CN2CCCC3CCCCC32)c(C)c1,微毒,66.7686,1.2293
O=C1NC(=S)N(c2ccc3c(c2)C(=O)NC3=O)C(=O)C1=CNCc1ccccc1,中毒,13.9873,3.9198
O=C(O)C1Cc2c([nH]c3ccccc23)C(c2ccc(Br)cc2)N1,中毒,31.1421,0.5767
COc1ccc(C(=O)OC2CC(OC(C)=O)C(OC(C)=O)CC(C)C(OC(=O)c3ccc(F)cc3)C(C)C(OC3OC(C)CC(N(C)C)C3O)C2OC(C)=O),高毒,593.0783,2.4125
CC(C)C#CC1(O)CCC2C3CC=C4CC(O)CCC4(C)C3CCC21C,高毒,22.921,2.5633
Cc1onc(-c2c(Cl)cccc2Cl)c1COc1cc(C(=O)NC2CCC2)nn1C,中毒,34.3094,0.2137
O=C(O)CCN1CCC(c2nncn2CC2CC2)CC1,微毒,25.7305,1.1644
CC(=O)N1CCc2cc(S(=O)(=O)Nc3nc4ccccc4[nH]3)ccc21,中毒,9.9949,2.6137
N#Cc1ccc(C(=O)N2CCC(N3CCC(Oc4ccc(F)cc4F)CC3)CC2)cc1,低毒,55.5555,0.2526
Cc1ccc(NC(=O)c2sc3nc4n(c(=O)c3c2C)CCCC4)c(C)c1,中毒,23.6618,0.2352
CC(C)(C)c1[nH]nc(C(=O)N2CCCC(c3nncn3C3CC3)C2)c1C1CC1,中毒,20.464,0.9094
CC(C)N1CCC2(CCN(C(=O)c3cncnc3)CC2)C1,高毒,54.9555,0.4521
CC(C)c1nnc(CN(C)CC2CN(Cc3cscn3)CCO2)o1,高毒,23.0352,0.2242
CCCCc1nc2ccccc2n1Cc1ccc(-c2ccccc2-c2nn[nH]n2)cc1,中毒,13.6888,7.1558
CCCCN1C(=O)C2(CCN(C(=O)c3ccccc3-n3ccnn3)CC2)c2ccccc21,中毒,8.6598,0.3269
COc1cccc(Oc2nc(NC3CC3)n3ncc(C=C4NC(=O)NC4=O)c3n2)c1,中毒,6.8207,1.3325
CC(C)(C)OC(=O)N1CCC(Nc2nc(Nc3ccc(F)c(Cl)c3)nc3[nH]nc(O)c23)CC1,中毒,8.6607,0.5162
O=C1NC(c2cnn(C3CC3)c2)=CC2CCN=C12,低毒,24.6208,1.0755
CCCCCCCCCC[n+]1c(C)n(CCCC)c2ccccc21,高毒,684.474,7.6733
CCOC(=O)c1nn(CC)cc1CN1CCCC(c2nncn2C2CC2)C1,微毒,21.7275,0.4412
CC(=O)N1CCCC(c2nnc(CN3CCOCC3)n2C2CC2)C1,微毒,34.5628,0.6892
COc1ccc(-n2ncc3c2CCN(C(=O)c2cnc(N4CCOCC4)nc2C)C3)cc1OC,低毒,45.3462,0.3452
COc1ccc(C(=O)Nc2cnn(C3CCN(C)CC3)c2)c(F)c1,高毒,30.6824,0.2106
CCOC(=O)CS(=O)(=O)NCC=Cc1ccc(OCc2ccccc2)c(Cl)c1,高毒,87.1007,11.0241
O=C(NCc1cccnc1F)c1ccc(Cn2c(=O)n(Cc3c(F)c(F)cc(F)c3F)c(=O)n(C3CC3)c2=O)cc1,低毒,19.6796,0.7479
CCCN(CCC)C(=O)c1noc(COc2c(F)cccc2F)c1Cl,中毒,304.7279,0.2561
COc1cc(OC)c(C(=O)C=Cc2ccc(S(=O)(=O)N3CCCCC3)cc2)c(OC)c1,高毒,63.6431,0.6135
O=C(Nc1sc(C(F)(F)F)cc1C(=O)N1CCCC1)c1ccco1,中毒,36.9281,1.744
C=C(C)C12OC1C1OC13C1(C)CCC(=O)C(C)C3CCC1(C)C2,低毒,39.5137,10.0564
COC1C(O)C(COCC(=O)N2CCN(c3nc4ccccc4s3)CC2)OC1n1cnc2c(N)ncnc21,中毒,45.4787,0.1525
Cc1nn(-c2nc3ccc(Cl)cc3s2)c(C)c1CC(=O)O,低毒,14.8341,0.9256
CCN(CC)c1ncnc2c1ncn2C1OC(CS)C(O)C1O,中毒,16.9265,0.3289
Cc1n[nH]c(C)c1Cc1nnc(N)n1Cc1ccc(-c2ccccc2-c2nn[nH]n2)cc1,微毒,28.6741,1.1474
CC1=CC2Cc3oc4ccccc4c(=O)c3C(=O)C2C=C1O,中毒,76.2906,0.8681
CC(=O)N1CCCC1c1nc2ccc(CS(=O)(=O)c3ccc(Oc4ccccc4)cc3)cc2[nH]1,中毒,13.1199,0.1256
CC(=O)N1CCCC(CNc2ncnc3sccc23)C1,高毒,241.7117,0.6122
COc1ccc(CCNC(=O)c2cnn3ccc(C=CC(=O)NCC4CCCO4)cc23)cc1OC,低毒,165.2195,1.4509
CC1CCCCC(NC(=O)CN2CCOC(Cn3nc(C(F)(F)F)cc(Nc4ccc(F)cc4F)c3=O)C2)C1,中毒,13.0552,0.546
O=C(O)CSc1nnc(-c2ccoc2)n1NC(=O)Cc1ccccc1,高毒,14.1592,0.8009
CCC(c1nnnn1C1CCCC1)N1CCN(c2ncccn2)CC1,低毒,13.7774,0.3399
CCOc1ccc(C(=O)Nc2ccc3c(c2)S(=O)(=O)C=C(C(=O)NCCCN2CCCC2)C3)cc1,高毒,21.3697,0.2345
COCCN1CCCC(c2nncn2C2CCCC2)C1,微毒,13.5994,0.4022
Cc1ccc(-n2nnnc2SCC(=O)Nc2ccc(C)c(C)c2)cc1,高毒,11.9509,0.5626
CCCCCCCCCCOC(=O)C(CCCCN)NC(=O)c1cc(=O)c2ccccc2o1,微毒,59.707,15.5059
CC1(C)CC(NC(=O)Cc2csc(NC(=O)c3ccco3)n2)C(C)(C)N1,低毒,8.4637,1.0012
CCN(CC)c1ccc(C=NN2CCOCC2)cc1,高毒,56.3096,13.3842
Cc1noc(C)c1CN1CCCC(c2nncn2C2CC2)C1,微毒,15.4294,0.2046
O=C(c1ccc2c(c1)OCO2)N1CCCC(N2CCCC2=O)C1,高毒,130.9153,0.3216
COc1ccccc1CNC(=O)COc1ccc(C)cc1,高毒,260.909,3.6122
CC1=CCCC(C)(OC2CC(C)=C(C)C(O)C3(O)C(C)=CC2(O)C=CC(C)=CC3=O)C1,中毒,29.5796,0.4017
Nn1c(CSc2nncn2Cc2ccc(Cl)cc2)nnc1-c1ccncc1,高毒,168.1884,5.0499
COc1cc(CCNC2CCN(C)CC2)ccc1Nc1ncc2c(n1)-c1c(nn(C)c1-c1ccccc1C)CC2,中毒,3.3851,0.1559
COC1CCCC(Oc2cc(NC(=O)c3n[nH]c4cc(C(F)(F)F)ccn34)ccn2)C1,高毒,593.0783,2.4125
c1ccc(OCC2CCCN(c3nnc(-c4cnn5ccccc45)n3)C2)cc1,高毒,593.0783,2.4125
O=C1CCCN1C1CCC(CNC(=O)c2ccc(-c3noc(C4CC4)n3)cc2)CC1,高毒,49.5007,1.2345
Cc1c(C(=O)Nc2nnc(C3CC3)s2)sc2ncnc(Nc3ccc(OCc4ccccc4)c(Cl)c3)c12,中毒,14.027,0.2852
CC(C)n1nc(-c2cc(F)c(O)cc2O)c2c(N)ncnc21,中毒,19.3458,0.2747
COc1ccccc1N1CCN(CCCCN2C(=O)c3ccccc3C2=O)CC1,高毒,6.9828,0.8017
COc1ccccc1C=CC(=O)N1CCCC(c2nncn2C2CC2)C1,微毒,14.7064,0.6233
COc1cc(C)ccc1OCC(=O)Nc1nnc(S(N)(=O)=O)s1,高毒,180.7075,1.512
CC1CN(c2nncn2C)CCN1c1ncnc(N)c1C#Cc1ccc(N)nc1,中毒,46.7092,1.7869
CCOP(=O)(OCC)C(CC1OC(n2cnc3c(N4CCCC4)ncnc32)C(O)C1O)Oc1ccc(F)cc1,中毒,11.0754,0.3289
CS(=O)(=O)NCC1CCCCN1Cc1nc2ccccc2n1Cc1ccc(F)cc1,低毒,24.7429,1.5834
CCN(CC(=O)Nc1cc(C)on1)C(=O)Cn1nnc2ccc(Sc3ccc(F)cc3)cc21,中毒,13.403,0.2601
CC(C)Oc1nccc(-c2cnc3cnc(-c4cnn(C)c4)cn23)c1C#Cc1ccc(N)nc1,中毒,59.1001,0.4822
O=C1c2ccccc2C(=O)c2c(-c3cccc(Cl)c3)n[nH]c21,中毒,103.2109,1.1804
CC(NC(=O)C1CCC(=O)N(C2CCCCC2)C1)C(C)C,高毒,100.2338,0.7622
CCOc1ccc(C)cc1N1CCN(C(=O)Cn2nc(C)c(N(C)C(C)=O)c2C)CC1,中毒,18.8055,0.1449
Cc1ccc(S(=O)(=O)N2CCN(S(=O)(=O)c3cc4ccc(Br)cc4n4nnnc34)CC2)cc1,中毒,6.8826,0.4926
O=C(CC1CCCCC1)N1CCCC(c2nncn2C2CC2)C1,微毒,10.7423,0.1646
CCOC(=O)C1CCN(Cc2nnc(SCC(=O)Nc3ccc(C(F)(F)F)cc3)n2C)CC1,高毒,7.993,0.8623
COc1cc2c(cc1OC)C(c1cccc3ccccc13)N(CCN1CCCC1)CC2,高毒,49.5681,1.033
CC(C(=O)O)c1cccc(C(=O)N2CCCC(c3nncn3C3CC3)C2)c1,微毒,9.984,0.274
CCOC(=O)N1CCN(C(=O)c2ccc3nc(C(C)C)[nH]c(=O)c3c2)CC1,低毒,79.1347,0.286
Cc1nn(-c2ccc(F)cc2)c(=O)c2c(NCc3ccccc3)nc3ccccc3n12,高毒,593.0783,2.4125
Cc1cc(F)ccc1N1CCN(CCCCCNC(=O)c2nc(N3CCOCC3)nc3c2CCN3C(=O)C(C)C)CC1,中毒,23.7249,0.3735
CN(CCCNc1nc(NCc2ccccn2)nc(N2CCOCC2)n1)Cc1ccc2c(c1)OCO2,微毒,30.0424,0.262
O=C1c2ccccc2C(=O)c2c1nnn2-c1nc(-c2ccccc2F)ns1,中毒,8.9845,1.2689
COc1ccc(C(=O)Nc2nnc(CCC(=O)N3CCCCC3)s2)c(OC)c1,高毒,23.4891,0.7157
COc1ccc(C(=O)NNC(=O)c2ccc(N3C(=O)c4cccnc4C3=O)cc2)cc1,低毒,44.8961,0.3827
CCCCCOC(=O)N1CCC2(CC1)OC(c1ccc(Cl)cc1)(c1ccc(Cl)cc1)c1cc(Cl)c(NC(=O)CSC(F)F)cc12,中毒,67.9169,0.7421
CC1CCCCOC(CN(C)S(=O)(=O)c2ccccc2)C(C)CN(C(C)CO)C(=O)c2cc(NC(=O)Nc3ccccc3)ccc2O1,中毒,6.7205,0.2545
CCCCC(=O)Nc1nnc(S(=O)(=O)c2ccc3c(c2)CCC3)s1,高毒,26.7433,1.0694
CC(CCC(O)c1cccc(O)c1)C1CCC2C3CC=C4CC(O)CCC4(C)C3CC(O)C12C,高毒,14.9183,9.1283
COc1cc(C2c3cc4c(cc3C(n3cc(COCCOc5ccc6c(c5)CNC6=O)nn3)C3COC(=O)C23)OCO4)cc(OC)c1OC,中毒,10.6559,0.1826
CC(=O)N1CC2CCCC(C1)N(Cc1nc(C3CC3)no1)C2,微毒,11.1551,0.1501
CON=CC1CC(OCc2nc(-c3ccc(Cl)cc3)no2)C2CCC1C2,微毒,34.1385,6.535
COc1cc2ncnc(Nc3ccc(Br)c(Cl)c3)c2cc1OCCCN1CCCCC1,中毒,14.9752,2.0676
CN1CCCC1Cc1csc(-c2ccc3nncn3n2)n1,低毒,48.4748,0.4347
COc1ccc(-c2noc(C)c2C(=O)Nc2nnc(C3CCCCC3)s2)cc1,中毒,30.9966,0.9684
CCOc1ccc(NC=CC(=O)c2ccc(N3CCOCC3)cc2)cc1,高毒,42.2379,5.5438
FC(F)(F)c1csc(CCNC2CCCC(O)(c3ccccc3)C2)n1,中毒,18.6168,1.4341
COc1ccc(N(Cc2nnc3n2CCC3)C(=O)c2csnn2)cc1,低毒,39.7716,0.2733
O=C(NCCc1ccccc1Cl)c1nn(Cc2cn(CCN3CCCCC3)c3ccccc23)nc1-c1ccc(F)cc1,中毒,33.697,0.4328
CCCCNc1nc2c(c(Nc3ccc(C(=O)Nc4nnn[nH]4)cc3)n1)CCN(Cc1ccc(F)cc1)C2,中毒,6.9118,0.6373
COc1cccc(-n2nnnc2SCC(=O)N2CCCC2)c1,高毒,17.3594,0.1861
COc1ccc(C=Cc2cc(OC)c(OC)c(OC)c2)cc1OC,高毒,109.8094,2.8309
CN(C)c1ncnc2c1nc(S)n2C1OC(COP(=O)(O)OP(=O)(O)O)C(O)C1O,中毒,21.7758,0.3289
COc1ccc(CN2C(=O)N(Cc3ccccc3)C(CCO)C(O)C2Cc2cccnc2)cc1,中毒,63.0923,0.8053
Cc1nn(C)c(C)c1NS(=O)(=O)c1ccc2ncsc2c1,中毒,124.2498,0.6145
CCN(CC)c1ncnc2c1ncn2C1OC(CNC(=O)COC)C(O)C1O,中毒,26.2811,0.3289
O=c1nc(N2CCCCC2)oc2cc(OCCCCCCN3CCOCC3)cc(O)c12,高毒,15.4871,1.3831
COc1ccc(C=C2SC(=O)N(Cc3cc(C)n(C)n3)C2=O)cc1OC,中毒,41.3962,0.3165
CC(C)(C)N=C(N)N1CCCC(c2nncn2C2CC2)C1,微毒,15.5833,0.9996
Cc1cc(N(Cc2cn(Cc3ccccc3C(F)(F)F)nn2)S(=O)(=O)c2ccc(C#N)cc2)nc(N2CCOCC2)n1,中毒,9.3101,0.457
Cc1nc(NC(=O)N2CCC(Oc3ccc(C(F)(F)F)cn3)CC2)no1,高毒,40.9246,0.6163
COc1ccc2nccc(CC(NCc3ccc(C(C)C)cc3)C3CC3)c2c1,低毒,87.0943,3.7697
COc1ccc(C(=O)C=Cc2c(C)n[nH]c2C)cc1,高毒,223.8267,1.2791
NC(=O)NC1CCCCC1N1CCCC(c2nncn2C2CC2)C1,微毒,23.4162,0.4217
CCCc1nnnn1C1CCCN(C(=O)c2cnn(C)c2)C1,低毒,36.8151,0.4242
CC(=O)N1CCCC(c2nncn2C2CC2)C1,微毒,24.615,0.2138
CCOC(=O)c1sc2nc(SCCN3CCOCC3)nc(N)c2c1C,中毒,30.696,0.4616
Cc1cc(C)cc(-n2nnnc2CCNC(=O)c2cnn3cccnc23)c1,低毒,100.4849,0.1936
CCN(CC)Cc1ccccc1Oc1nc2c(c(=O)n(C)c(=O)n2C)n1C,低毒,9.7861,0.6127
COc1ccc2nc3ccc(F)cc3c(NCCCCc3ccccc3)c2c1,高毒,72.6406,0.5635
CC1(C)OCC(C2CC3CCC2N3CC(O)CC(C(=O)O)C(C(=O)O)C3)C1,高毒,593.0783,2.4125
COc1cccc2c1Oc1cccc(C3(c4ccccc4)CCN(C(=O)N4CCN(c5ncccn5)CC4)CC3)c1C2=O,中毒,34.2718,2.6085
COc1ccc(-c2nnc(-c3ccc(C(F)(F)F)c(Cl)c3)o2)cc1,高毒,30.7804,0.327
O=C(C=Cc1c(Cl)cccc1Cl)C1CCN(Cc2nnc(C3CC3)n2CC2CC2)CC1,高毒,13.5997,1.9777
CC(NC(=O)c1ncnnc1C1CC1)c1nc(C2CC2)cnc1Nc1cncnc1,中毒,26.0702,0.675
O=C(CCn1cnc([N+](=O)[O-])c1)NC1CCCCC1,高毒,272.8228,6.268
COc1ncccc1-c1nc2c(n1C(C)C)C(c1ccc(Cl)c(F)c1)N(c1cc(Cl)cn(C)c1=O)C2=O,中毒,26.7417,0.1754
CCCCn1nnnc1SCC(=O)NC1CCCCC1,中毒,109.3442,0.866
CN(CCN1CCCC1)C(=O)CSc1nnc(-c2cccnc2)n1C,高毒,271.5327,1.1205
COc1ccc(CCNC2CCCCC2)cc1OC,高毒,307.511,1.2428
CCOc1ccc(NC(=O)NCCc2csc3ncnc(N4CCC(c5ccccc5)CC4)c23)cc1,中毒,14.7761,0.4982
CN(C)CCNC(=O)c1ccc2nc(NC(=O)c3ccc(O)nc3)sc2c1,中毒,30.6639,2.1126
O=C(NC1CCCCC1)Nc1nnc(CCCCc2nnc(NC(=O)Cc3ccc4ccccc4n3)s2)s1,高毒,35.9066,1.2675
CCOc1ccc(CN2CCCC(CNC(=O)c3nnn(C)n3)C2)cc1,高毒,9.9254,0.542
COc1ccc(C(=O)NCCCN2CCN(CCCNc3nc4ccccc4nc3N3CCN(c4ccccc4F)CC3)CC2)cc1OC,中毒,12.3055,0.1795
CC(C)=CCCC(C)=CCCC(C)=CCCC1(C)C=Cc2cc(OCC=C(C)C)ccc2OC1,高毒,27.6401,2.4477
CC(O)c1ccccc1C=Cc1ccc(C=CC(=O)O)cc1,高毒,187.7091,13.2839
CC1(C)CC(=O)C2=C(C1)N(c1ccc(F)c(C(F)(F)F)c1)C(=O)C(CC(=O)NCc1cccs1)C2,高毒,48.4596,0.3761
COc1cc(C=CC(=O)OCc2nc3cc(C)c(C)cc3o2)cc(OC)c1OC,高毒,24.8602,4.9705
CN(Cc1nncn1CCC(C)C)C(=O)c1cc(F)c(F)c(F)c1,低毒,129.9498,0.297
CN(C)CCCNC(=O)C1CCCN(Cc2ccc3c(c2)CCC3)C1,微毒,37.6816,1.3645
CC(C)C(NC(=O)C(CC1CCCCC1)NC(=O)C(CC1CCNC1=O)NC(=O)C(CC(=O)NCCSCc1cscn1)C(C)C)C(=O)NC(CCCN=C(N)N)C(N,高毒,593.0783,2.4125
CCOC(=O)C(C#N)=Cc1ccc(OC(C)C(=O)OC)c(OC)c1,高毒,43.4292,1.6136
COc1ccccc1CNC(=O)c1cn2ccsc2n1,中毒,15.216,0.7588
CC1(c2cccc(NC(=O)c3nnc(-c4ccccc4)o3)c2)COC(N)=N1,高毒,76.8991,1.7767
CSc1ccc(NC(=O)N2CCCC(c3nncn3C3CC3)C2)cc1,微毒,18.5884,0.2052
C=CCOc1ccc2c(c1)c(C1=CCCCCC1)c(C)n2Cc1ccc(-c2ccccc2-c2nn[nH]n2)cc1,中毒,17.7033,4.2425
Cc1nccn1Cc1ccccc1,高毒,149.0063,1.782
NS(=O)(=O)c1ccc(-n2c(SCC(=O)Nc3nncs3)nnc2-c2cc3ccccc3nc2O)cc1,中毒,45.4394,0.2646
CN(c1nc(-c2ccnc(NCc3cccc(Cl)c3)n2)cs1)C1CCCN(C2CC2)C1,中毒,14.2881,0.8298
CC(C)CC(O)C(O)C(Cc1ccccc1)NC(=O)C(Cc1ccccc1)NC(=O)OC(C)(C)C,中毒,85.6528,0.4496
Cc1nnc(SCC2CCCN2Cc2nnc(S)n2-c2ccc3c(c2)OCO3)n1C,低毒,107.4919,0.1819
NC(CC(=O)N1CCCC1c1nncn1CCCF)c1ccccc1,低毒,48.3884,1.2005
COc1cc(F)cc(C(=O)Nc2nnc(C3CC3)s2)c1,高毒,8.6844,3.2887
CN(C)C(=O)c1nnc(C2CCCCC2)nc1NC1CCN(Cc2ccc(F)cc2)CC1,高毒,54.6586,0.34
CC1CN(C(=O)c2nnnn2C2CC2)CC(C)O1,低毒,30.5147,0.2314
CCC(C)C(NC(=O)C(CC(C)C)NC(=O)C(CC1CCCCC1)NC(=O)C(CC(C)C)NC(=O)C(N)Cc1ccccc1)C(=O)O,微毒,133.6911,0.4545
CC(C)Cn1nc(Cc2ccccc2)c(Cc2ccccc2)c(=O)c1C1OC(CO)C(O)C(O)C1O,高毒,593.0783,2.4125
CC1(O)CCC2(C)CCC3(C)C(=CC(=O)C4C5(C)CCC(O)C(C)(C)C5CCC43C)C2C1,高毒,45.3591,2.3676
CC(C)c1nnc(NC(=O)c2cc3c(s2)CCCC3)s1,中毒,7.3273,2.616
COc1ccc(O)c(-c2nnc(SCC(=O)N3CCOCC3)n2C)c1,高毒,95.4415,0.4442
N#Cc1cnc(Nc2ccc(C(=O)N3CCCCC3)c(OCC3CC3)c2)c2nccn12,中毒,10.6423,0.4062
Nc1nonc1C(=NO)NN=C1CCCCC1,微毒,95.8694,1.9106
CCN1CC(C(=O)NC2CCCCC2)C(c2cccs2)C1,高毒,24.5184,0.2121
O=C(O)C1=CCC(c2ccccc2)N(S(=O)(=O)c2cccc(Cl)c2)C1,微毒,26.2893,0.6724
Fc1ccc2[nH]c(-c3ccc4ncnc(Nc5ccc(F)c(Cl)c5)c4c3)nc2c1,中毒,9.7993,2.6548
CCNc1nc(SCc2ccc(F)cc2)nc2c1ncn2C1CC(O)C(CO)O1,中毒,6.4555,0.4229
CCCCc1nnc(SCC(=O)Nc2nnc(Cc3cccs3)n2C)n1Cc1ccc(-c2ccccc2-c2nnn[nH]2)cc1,中毒,86.8117,0.6573
COc1cc(Nc2ncc3c(n2)-c2c(nn(C)c2Cc2ccc(F)cc2F)CC3)cc(OC)c1OC,中毒,10.3117,0.4832
Cc1ncc(CN2CCCC(c3nncn3C3CC3)C2)nn1,微毒,17.412,0.2099
CC1CCC2(OC1)OC1CC3C4CCc5nc6ccccc6nc5CC4(C)C3CCC21C,中毒,19.4403,0.8208
CCCCCCCCCCCCCCCCCCCCCCCC(=O)OC1C(CO)OC(n2cnc3c(N)ncnc32)C1O,中毒,12.4497,0.1838
CS(=O)(=O)N1CCCC(c2nncn2C2CC2)C1,微毒,20.6404,0.2353
COc1cccc(Cn2ncc3c(N4CCCCC4)ncnc32)c1,高毒,54.9943,0.2772
Cn1nccc1CN1CCCC(c2nncn2C2CC2)C1,微毒,25.1026,0.197
Cc1cccc(OCC(=O)Nc2nnc(S(N)(=O)=O)s2)c1,高毒,180.7075,1.512
COc1ccc2ncc(F)c(CCC3CCC(NC(=O)c4cc(C5CC5)no4)CC3)c2c1,中毒,61.1379,0.7461
Cc1cccc(NC(=O)c2cccc(S(=O)(=O)N3CCN(C(=O)c4ccco4)CC3)c2)c1,低毒,22.8924,1.5555
CC(C)CN(CC(C)C)C(=O)C(CC(C)C)NC(=O)C(CC(N)=O)NC(=O)C(NC(=O)c1ccccc1)C(C)C,中毒,129.1246,0.3287
COCCN(CCOC)C(=O)c1cnc2ncnn2c1N1CCC(c2nncn2C2CC2)CC1,中毒,27.5144,0.3404
CN(C(=O)c1ccccc1)c1nnc(NC(=O)c2cccc(F)c2)s1,高毒,17.5973,1.3857
Clc1ccc(C(Cl)(Cl)Cl)c(Cl)c1,高毒,242.0398,2.6092
CN1CCN(C(=O)CC2CC2c2ccc(Cl)cc2Cl)CC1,高毒,27.026,1.0232
COc1ccc(N=C2SCC(=O)N2Cc2ccccc2)cc1,低毒,27.6346,0.789
CC1CN(CCCCOc2ccc(C#N)cc2)CCO1,高毒,38.0387,1.866
CS(=O)(=O)N1CCCC(Nc2ncccc2C(N)=O)C1,低毒,88.1153,0.6814
N#CC(=Cc1ccc(O)c(O)c1)C(=O)O,高毒,53.6696,1.4304
O=C(c1cncc(Br)c1)N1CCCC(c2nnn3cnc(N4CCCCC4)nc23)C1,中毒,28.0749,0.5714
Cc1ccc(C(=O)Nc2nnc(S(N)(=O)=O)s2)cc1,高毒,94.7236,0.4913
N#CC1CCN(C(=O)Cn2nnc3ccccc3c2=O)CC1,高毒,41.8731,0.3793
CC(C)(C)NC(=O)SCC(N)=O,高毒,217.7264,3.5981
CN1CCN(c2nc3cc(Nc4nccc(-c5ccc6c(n5)NC(=O)CO6)n4)ccnc3[nH]2)CC1,高毒,593.0783,2.4125
COc1ncccc1CN1CCCC(c2nncn2C2CC2)C1,微毒,11.6157,0.3091
O=C(Nc1sc2c(c1C(=O)N1CCOCC1)CCCC2)c1cccnc1,中毒,81.6294,1.3199
CC12CCC(OC(=O)c3ccc(Cl)cc3)C(C)(C)C1CCC1C2CCC2(C)C(c3ccoc3)CCC12,高毒,47.9637,4.2159
Nc1nnc(-c2ccc3nc(N4CCC(C(=O)N5CCCC5)CC4)nn3c2)s1,中毒,4.2844,0.3462
N#CN=C(N)c1ccc2[nH]nc(-c3ccc(CN4CCCC(N)C4)cc3)c2c1,低毒,25.201,4.2975
Cc1nncc(N2CCCC(c3nncn3C3CC3)C2)n1,微毒,29.3084,0.2652
CNc1nccc(-c2c(-c3ccc(F)cc3)nc3cc(-c4cc(F)c(O)c(Cl)c4)nnn23)n1,中毒,3.5606,0.1786
CCSc1nnc(NC(=O)c2nn(C)c(C)c2C)s1,高毒,70.521,6.7233
O=C(Nc1cccc(Cl)c1)C1CCCCN1S(=O)(=O)c1cccs1,高毒,27.5406,0.3324
CC(C)C(NC(=O)c1cccc(N)c1)C(=O)N1CCN(C(=O)c2ccc(F)cc2)CC1,低毒,17.9212,0.1664
O=C(NC1CCCCC1)C1CCCN(C(=O)c2ccon2)C1,高毒,42.1331,0.6183
COc1ccc(C(=O)CSc2nncn2C2CCCC2)cc1OC,高毒,157.2931,1.8481
CCCCCCCCOc1ccc(C(=O)C=Cc2ccc(C)cc2)cc1,高毒,94.6646,1.6264
O=C(O)CCC(NC(=O)c1c(F)c(F)c(F)c(F)c1F)C(=O)N1CCC(Oc2ccc(F)cc2F)CC1,中毒,51.3967,0.1319
COc1ccc2nc3[nH]c4cccnc4c3c(NCCN(C)C)c2c1,高毒,29.6179,2.7819
CNC1CCCC(Nc2nc(NC3CC3)n3ncc(C=C4NC(=O)NC4=O)c3n2)C1,高毒,14.0468,2.4537
Cc1ccccc1C(=O)Nc1nnc(-c2ccc(O)cc2)s1,高毒,52.3568,1.3158
COc1ccc(C=C(C#N)C(=O)NCC2CCCO2)cc1OC,高毒,49.1732,3.067
O=C(Nc1nnc(SCc2ccccc2)s1)c1cc(Br)ccc1O,高毒,23.5588,0.2358
CCCCCCCCCCCCCCSSCC(NC(=O)C(CC(C)C)NC(=O)C(Cc1ccccc1)NC(=O)C=Cc1ccc(O)cc1)C(=O)O,中毒,82.1087,0.5926
CN(C)c1ncnc2c1c(-c1ccc(F)c(F)c1)cn2C1OC(CO)C(O)C1O,中毒,6.0678,0.2386
COC(=O)C1=C(C)N=C(C)C(=C(O)OC)C1c1ccc(-c2ccc(-c3nnn[nH]3)cc2)cc1,中毒,28.4685,0.3691
COc1cc(Nc2nccc(N3C(=O)OCC3C(C)C)n2)ccc1Nc1ncc(Cl)c(Nc2ccccc2S(=O)(=O)NC(C)C)n1,中毒,18.5155,1.1593
Cc1nnc(CN(C)CC2COc3ccc(F)cc3O2)n1C,高毒,62.1256,3.4056
CCCCCOc1ccccc1NC(=O)c1cc(C)nc2ncnn12,低毒,37.4309,0.6298
CC(C)(C)c1cc(C(=O)NCC2CCC(C(=O)O)CC2)cc2c1OCC21CCN(Cc2ccccc2)CC1,高毒,18.0602,4.8142
CC(C)N1CCCC1CN1CCCC(c2nncn2C2CC2)C1,微毒,13.5158,0.2302
CCOC(=O)c1cnn2c(C#Cc3ccc(Cl)cc3Cl)cc(C=Cc3ccc(C#N)cc3)nc12,中毒,11.7988,0.3164
COc1cccc(CNCc2nncn2C2CC2)c1,低毒,101.4747,0.3395
Cc1nn(C)cc1CN1CCCC(c2nncn2C2CC2)C1,微毒,9.0006,0.2099
Cc1noc(C)c1CN1CCCCC(c2nncn2C2CC2)C1,微毒,15.4294,0.2047
CCCCCCCCCCCCCCCCCC(=O)OC1=C(C)C(=O)c2c(O)cc(O)cc2C1=O,中毒,34.2166,0.6398
O=C(c1nn(Cc2cccc(F)c2)c2c1CS(=O)(=O)CCS2)N1CCOCC1,中毒,49.0863,0.7096
COc1ccccc1N1CCN(C(=O)CN2CCN(c3nc4ccccc4s3)CC2)CC1,中毒,36.1033,0.4257
CCCn1nc(C)c2c(C)nn(CC(=O)Nc3nccs3)c(=O)c21,中毒,35.345,0.2082
CCOC(=O)c1c(NC(=O)c2cn(C)c3ccccc23)sc2c1CCN(C(=O)Cn1c(=O)n(C)c3ccccc31)C2,中毒,15.5406,0.9032
COC(=O)C1CN(S(=O)(=O)c2ccc(C(C)C)cc2)CCN1C(=O)C1CCC1,中毒,18.2288,0.4382
COc1ccc2nc(NCCN3CCOCC3)nc(NC3CCCCC3N3CCCC3=O)c2c1,中毒,34.8079,2.5313
Cc1nncn1CCCN1CCCC(c2nncn2C2CC2)C1,微毒,16.0082,0.6303
CN1CCN(c2nc3ccccc3nc2N2CCC(Cc3nccn3C)CC2)CC1,中毒,44.6575,0.3946
COc1ccccc1C1CC(C)C(=O)c2c1n(Cc1ccc(F)cc1F)c(=O)n2C,中毒,78.2479,0.2954
O=c1cc(N2CCOCC2)oc2c(CN3CCN(c4ncccn4)CC3)cccc12,低毒,12.8211,2.3456
O=C(Nc1nccs1)c1cccc(-c2nn(Cc3ccc(C(F)(F)F)nc3)c(=O)[nH]2)c1,中毒,54.6846,9.2731
CC1COC2(CCN(C(=O)c3cnn4cc(Cl)ccc34)CC2)O1,低毒,130.4102,0.1743
Cc1ccc(C)c(NC(=O)Cn2nc(-c3cccs3)c3c(N)n(Cc4ccccc4)nc3c2=O)c1,中毒,12.6767,0.1913
Cc1ccc(N=NC(=O)C2C=CC(c3ccccc3)=NN2C(C)=O)cc1,高毒,23.414,1.3539
CCCCCC(NC(=O)C(CC(C)C)NC(=O)OCc1ccccc1)C(=O)C(F)(F)C(=O)NC(C#N)CC,中毒,84.3583,0.4535
CCCCN(CCCC)CC(O)c1cc2c3ccccc3nc-2c2ccccc2c1-c1ccccc1,中毒,24.7588,2.3049
O=S(=O)(Nc1ccccn1)c1ccc2c(-c3ccc(F)nc3)nn(C3CCCC3)c2c1,中毒,5.5191,0.6651
CC(=O)OCC1OC(Oc2cnc3ccc(NC(=O)CCl)nc3n2)C(OC(C)=O)C(OC(C)=O)C1OC(C)=O,中毒,19.6009,0.5096
COc1cccc(-n2nnc3c(N(CCN4CCOCC4)C(=O)c4ccco4)ncnc32)c1,中毒,52.2554,0.9296
COc1ncnc(Nc2ccc(S(=O)(=O)Nc3nccs3)cc2)c1C#CCN1CCC(N2CCCC2)CC1,微毒,15.407,1.4351
CC12CCC3c4ccc(OC(=O)CN5CCN(C(=O)c6ccc(NS(C)(=O)=O)cc6)CC5)cc4CCC3C1CCC2O,中毒,10.0411,0.2486
Cc1cc(C)n2nc(COC(=O)C3CCCCN3C(=O)c3cnccn3)nc2n1,中毒,232.3116,1.053
CCCOc1ccccc1N1CCN(CCCNC(=O)c2ccc(NC(=O)c3ccc(Cl)c(Nc4ncnc5cnc(N6CCCC6)cc55)c3)cc2)CC1,高毒,593.0783,2.4125
O=C(Nc1nncs1)c1ccc2c(c1)nnn2C1CCCCC1,中毒,35.2899,0.2804
COc1ccc2nc3n(c(=O)c2c1)CCN(Cc1nc(C)no1)CC3,低毒,14.5023,0.3541
COc1ccc(C2(O)OC(=O)C(c3ccc(F)cc3)=C2O)cc1,高毒,20.3294,0.5649
Brc1ccc(-n2nnnc2SCCCOc2cccc3c2CCC3)cc1,高毒,22.5151,0.8996
COc1cc(C(C)=O)ccc1Nc1ncc2c(n1)N(C1CCC(C)CC1)C(=O)C(CC(=O)N1CCCCC1)C2,中毒,6.4824,0.7712
O=C(NCCO)c1cccc(C=CC(=O)c2ccc(O)c(O)c2)c1,高毒,54.7756,0.4818
CN1CCN(CCCNCC(=O)N(Cc2ccc(Cl)c(Cl)c2)c2ccc(C=Cc3ccc4c(c3)OCO4)cc2)CC1,高毒,22.124,0.5701
COC(=O)Cc1nnc(SCC(=O)Nc2ccc(OC)cc2)n1C,高毒,12.52,0.9771
O=C(COc1ccccc1Cl)NNC(=O)COc1cc(C(F)(F)F)ccc1Cl,高毒,27.7728,0.5491
COc1ccc(NC(=O)C2CCCN(S(=O)(=O)c3ccc4nc(C)sc4c3)C2)c(OC)c1,中毒,44.2353,1.6276
Cc1cc2ncn(CC(=O)NC3CCCC3)c(=O)c2cc1C,高毒,52.999,2.9374
Cc1nn(C)c(Cl)c1CN1CCCC(c2nncn2C2CC2)C1,微毒,9.0006,0.1922
COc1cc2c(cc1OC)CN(CCCCCCNc1nc3ccccc3n3cc(C)cc13)CC2,中毒,46.0383,3.1724
CC1CCCC(C)N1CCCNC(=O)C1CCN(S(=O)(=O)c2ccc3c(c2)oc(=O)n3C)CC1,高毒,47.9871,0.9368
CC1CN(CCC(NC(=O)CC2CC2)C(C)C)CC(C)O1,高毒,48.822,0.7811
CCN1CCN(CCCN(Cc2ccc(OC)c(OC)c2)Cc2nnc3n2CCCC3)CC1,低毒,23.6103,0.6196
CC(C)(CNC(=O)CCn1cncn1)c1ccccc1,高毒,64.5308,4.1127
CCCCCOC(=O)C(NP(=O)(O)OCC1OC(n2ccc(=O)[nH]c2=O)C(F)C1O)Oc1ccccc1,中毒,12.3898,1.6194
COc1ccc(C2CC(c3ccc(OCCN(C)C)cc3)=NN2C(=O)c2ccc(OC)c(OC)c2)cc1OC,中毒,33.1268,0.3358
O=C(O)CNS(=O)(=O)c1cc2ccnc(Nc3ccc(OCc4ccccc4)cc3)c2c(=O)n1O,中毒,40.2645,1.091
O=C(Nc1nnc(CCc2cccc3ccccc23)s1)c1ccc2ccccc2c1,高毒,52.775,3.6932
C1=CC2=C(CCCC2)C(c2cccc3ccccc23)C1,高毒,57.3203,4.0096
O=C1NC(=O)C(=Cc2cnn3c(N2CC4CC4C3)nc(NC3CCCCC3F)c2=O)N1,高毒,593.0783,2.4125
C=CCOc1cc2ncnc(Nc3ccc(F)c(Cl)c3)c2cc1OCC,低毒,48.4051,0.7506
COc1ccccc1OCC(O)CN1CCc2sccc2C1,微毒,16.8851,1.3089
CN1CCN(CC=Cc2ccc3[nH]nc(-c4cc5c(-c6cccc(N7CCOCC7)c6)ccnc5[nH]4)c3c2)CC1,中毒,25.0754,2.9218
O=C(C=Cc1cccc2ccccc12)NN=Cc1c(O)cc(O)cc1O,高毒,33.774,1.1018
O=C(O)c1cc(NC(=O)c2cccs2)ccc1Oc1ccc(-c2nn(C3CCC3)c(=O)c3ncccc23)cc1F,中毒,11.5892,0.8493
COc1ccc(C(=O)N2CCC(n3nnc4ccccc4c3=O)CC2)cc1,低毒,38.8929,1.2928
CCC(N)C(=O)Nc1nc(C)c(C)s1,高毒,78.4031,8.0286
CCOC(=O)CCC(CNC(=O)c1ccc(O)c(OC)c1)NC(=O)C(CC(C)C)NC(=O)C(Cc1ccc(O)cc1)NC(=O)OCc1ccccc1,中毒,48.4165,0.4598
Cc1cc(-n2nnnc2Sc2nnc(N)s2)n(C2CC2)c(=O)n1,高毒,28.6079,0.6769
CCS(=O)(=O)N1CCC(n2ncc(N3CCC(Oc4ccc(F)cn4)CC3)c(=O)c2Cl)CC1,高毒,593.0783,2.4125
CC(C)OP(=O)(OCC1OC(n2cnc3c(N)ncnc32)C(C)(O)C1O)Oc1cccc2ccccc12,中毒,12.9026,0.1717
O=C(NNC(=O)c1ccco1)Nc1nnc(-c2ccc(Br)s2)s1,中毒,31.5999,0.2053
COc1ccc2ncc3c(c2c1)CCN(S(=O)(=O)c1cccc(Cl)c1)C3,低毒,15.7741,0.4749
Cc1cc(=O)n(CC(=O)Nc2cccc(Cl)c2C)c(=O)n1Cc1cccs1,高毒,13.9146,0.1432
CCCC12CN3CCSC4(C5CC7(CC6C(=O)NC(C)C67)C(C8)c43)C1C2=O,高毒,593.0783,2.4125
NC(=O)c1cccc(Nc2ncnc(N3CC(Oc4ccc(Cl)cc4Cl)C3)n2)c1,低毒,7.9909,1.6111
COc1ccc(C=CC(=O)CC(=O)C=Cc2ccc(OC)cc2)cc1,高毒,74.1069,6.9086
CCCCOP(=O)(CCCCCCn1c(=O)n(C2CCCC2)c(=O)c2c1ncn2C1OC(CO)C(O)C1O)NCCCC(C)C,中毒,14.3043,0.3491
O=C1NC(=S)SC1=Cc1cc2c(cc1Br)OCO2,高毒,11.1556,7.1624
CC(=O)NCc1nnc2n1N=C(C(C)=O)CS2,微毒,27.8781,0.5808
CCN(CC)CCN1C(=O)CC2(CCCCC2)C1=O,高毒,25.9124,0.4535
CCN(CC)CCCNc1nc(Nc2ccc(S(=O)(=O)N3CCOCC3)cc2OC)ncc1C(F)(F)F,中毒,8.5049,0.9056
CC(C)N1CCCC(c2nncn2C2CC2)C1,微毒,13.5158,0.2302
C=CCn1nc(C#Cc2ccccc2)c2c(N)ncnc21,低毒,99.0311,0.9662
CCCCCNC(=S)NN=C1CC(c2ccccc2)=NO1,微毒,71.7165,8.2799
CC1=NC(c2ccc(Cl)cc2)C(c2ccccc2Cl)N1,低毒,83.0747,4.1324
N#Cc1cc(C(F)(F)F)ccc1Oc1nc(Nc2ccc(C#N)cc2)nc2c1CCCC2,低毒,4.7657,0.7947
COc1ccc2nc3c(cc4[nH]c5ccc(OC(C)=O)cc5c(=O)c4c32)c1,低毒,26.5623,0.8525
CC(C)C(=O)N1CCCC(c2nncn2C2CC2)C1,微毒,16.6651,0.1646
CC(C)(C)c1ccc(C(=O)N2CCCCC2c2nncn2C2CC2)nc1,低毒,38.425,0.4707
CC1=C(C(=O)N2CCCCC2)C(c2cccs2)NC(=O)N1,中毒,83.37,0.3642
O=C(Nc1ccncc1)Nc1nc2cc(C3(O)c4c(Cl)cccc4C(=O)N3c3ccc(F)cc3)ccc2[nH]1,中毒,5.6646,0.4689
Cc1cccc(C)c1NC(=O)CN(C)C(=O)c1ccc2c(c1)N(C)C(=O)CS2,中毒,14.8603,0.4643
N#CC1=C(N)OC(Nc2cccc3ccccc23)=C(C#N)C1c1cccc(Br)c1,中毒,5.9938,5.1046
CC(C)c1nc2nccnc2n1-c1ccc(OCCc2ccccn2)nc1,中毒,32.0801,0.5966
COc1ccc(C=CC(=O)c2ccc(OC3CCCC3)cc2)cc1OC,高毒,51.9927,2.0368
C#CCOc1cc2c(cc1OC)C(=O)C(Cc1cn(CCN3CCC(c4nnnn4C4CCCC4)CC3)nn1)C(C)(C)C2,中毒,46.3258,0.127
COc1ccccc1N1CCN(CCCCNC(=O)C2=C(C)OCCS2)CC1,高毒,27.2135,3.1102
CC(C)Oc1ccc(NC(=O)Cn2nnc3ccccc32)cc1Cl,高毒,28.9611,0.1961
COc1cc(OC)c2c(c1)OC(C)(C)C1=C2CCCC1,中毒,13.1019,0.4575
Cc1nn(C)c(C)c1CN1CCCC(c2nncn2C2CC2)C1,微毒,9.0006,0.2333
Cc1nc2sc(CCNc3nnc(C4CC4)o3)c(Cl)c2c(=O)n1C,中毒,128.8258,0.871
C=C1C(OC2OC(CO)C(O)C(O)C2O)OC=C(C(=O)O)C(C(=O)O)C1CCCCCCCC,低毒,51.7869,0.1391
Cc1nc(CC(=O)N2CC3CC(C2)c2cccc(=O)n2C3)no1,中毒,28.3041,1.373
CC1=C(C(=O)Nc2ccc(F)cc2)C(c2ccc(F)cc2)NC(=O)N1,中毒,23.0648,1.168
COc1cccc(F)c1CN1CCCC(c2nncn2C2CCOCC2)C1,微毒,11.4633,0.2167
O=C1C(Cl)=C(Nc2ccc(Br)cc2)C(=O)c2ccccc21,高毒,24.1881,5.1623
CN(C)CCNc1ncc2ncnc(Nc3cc(Cl)c(O)c(Cl)c3)c2n1,中毒,10.1517,2.3912
COc1cc2ncnc(Nc3ccc(F)c(Cl)c3)c2cc1OCCCN1CCCC(N2CCCCC2)CC1,低毒,12.2996,0.3518
O=C(CC1SC(=O)N(CCc2nc3c(c(=O)[nH]2)C(=O)CC3)C1=O)NCCc1ccccn1,中毒,11.0625,1.1354
CC12CCC(O)CC1=CCC1C2=CCC2(C)C1CCC2(O)C(=O)NCC12CC3CC(CC(C3)C1)C2,中毒,58.8694,11.9517
Cc1n[nH]c(C)c1CC(=O)N1CCC(n2ncc3c(NC(C)C)ncnc32)CC1,中毒,22.9799,1.0835
O=C(Nc1nccs1)Nc1ccc(Oc2ncnc3[nH]ccc23)c(F)c1,中毒,9.3915,0.2609
CCOC(=O)C1=C(C)N=C(C)C(=C(O)OCC)C1CCC,低毒,54.712,0.3891
COc1cccc(CCNC(=O)Cn2nnc3ccc(Sc4nnc(SCc5ccccc5Cl)n4C)nn3c2=O)c1,高毒,593.0783,2.4125
O=C1NC(=O)C(=Cc2cnn3c(NC4CC4)nc(N4CCCCC4)nc23)N1,高毒,14.0468,2.1449
COCCN1CCCC(C(=O)N2CCC(c3nncn3C3CC3)CC2)C1,高毒,26.812,0.1846
c1cncc(CN2CCCC3(CCN(Cc4nccn4C4CC4)C3)C2)c1,高毒,48.1412,0.9856
Cc1cccc(N2CCN(CCNCC(O)c3cc4cc(Br)ccc4nc3O)CC2)c1C,高毒,13.4195,0.1843
CCOc1nc2c(C)nn(C)c2c(=O)n1Cc1ccc(-c2ccccc2-c2nn[nH]n2)cc1,中毒,5.6511,0.3734
COc1ccc2nc3ccccc3c(O)c2c1CN1CCOCC1,高毒,50.5875,3.5408
CC(C)=CCc1c(O)c(CC=C(C)CCC=C(C)C)cc2oc3cc(O)cc(O)c3c(=O)c12,高毒,36.4964,12.2818
CCCNC(=O)CN1CCC(NS(=O)(=O)c2ccc3nc(C)n(C4CCCC4)c(=O)c3c2)CC1,中毒,127.8863,0.5178
CC#CC1(O)CCC2C3CCc4cc(O)ccc4C3CCC21C,中毒,8.1898,1.7187
CCOC(=O)c1c(C)n(Cc2ccccc2F)c2nc3c(cc12)CCC3,中毒,13.9413,1.5566
CN(C)C(=O)c1cnc2ccc(-c3cc(Cl)c(O)c(Cl)c3)cc2c1N1CCC(Cn2cncn2)CC1,中毒,7.1929,0.225
CCCP(=O)(OCC)C(C#N)c1ccc(Br)cc1,高毒,50.9443,1.6042
CCCCCCCCCCCCCCCCCCON=C1C(=Cc2cc(OC)c(OC)c(OC)c2)OC(=O)C(CO)=C1CCC,中毒,178.8341,0.8105
COC(=O)CC1=CCC(C)(O)CC=CC(OC(=O)C(C)C2CCC3C4CC=C5CC(O)CCC5(C)C4CCC32C)C1,低毒,29.3068,8.356
CCOc1ccccc1N=C(S)N1CCC(C(=O)NCCCN2CCOCC2)CC1,高毒,29.7618,0.5074
Clc1cccc2nc(CN3CCC(n4nnc5ccccc54)CC3)nn12,低毒,2.9238,0.7016
COc1nc(NC(=O)Nc2ccc(F)c(C3(C)CS(=O)(=O)CC(N)=N3)c2)ccc1NC(=O)C1CC1,中毒,8.9766,0.6993
Cc1nc2c(N)ncnc2n1C1OC(COP(=O)(O)OP(=O)(O)OP(=O)(O)O)C(O)C1O,中毒,10.0126,0.2386
CC1(C)CCCC2(C)C1CCC1(C)C2CCC2(C)C(c3ccoc3)C(O)CC12O,中毒,27.5053,2.823
CC(C)C(NC(=O)c1ccc(C(=O)NC2CCN(Cc3ccc(F)cc3)CC2)cc1)C(N)=O,高毒,43.6543,0.3128
COc1ccc(C2c3cc4c(cc3C(Nc3ncc(Cl)c(Nc5c(C)cccc5C)n3)C3COC(=O)C23)OCO4)cc1,中毒,60.8892,0.2378
CN(C)S(=O)(=O)c1ccc(-n2cccc2CN2CCCCC2)cc1,低毒,169.6089,0.5338
O=C1NN=C(c2cccnc2)C12CCN(Cc1cccnc1)CC2,中毒,61.2702,3.6338
CCn1nccc1CN1CCCC(c2nncn2C2CC2)C1,微毒,25.1026,0.197
O=C1c2ccccc2C(=O)N1CCCCO,高毒,76.6981,1.2693
CSc1nsc2nc(O)nc(O)c12,中毒,138.7015,0.5404
O=C(O)c1ccc2nc(COc3ccc(Cl)cc3)oc2c1,高毒,87.7404,15.4911
CCN1C(=O)NC(=O)C(=C2C(=O)Nc3ccc(C(=O)Nc4ccccc4Cl)cc32)C1=O,中毒,68.2629,1.5839
CC(=O)Nc1cc(Sc2nc3ccccc3n2Cc2cccc(F)c2)ccc1F,中毒,12.1192,0.5934
CC(O)(CS(=O)(=O)N1CCCC1)c1nc(C2CC2)no1,高毒,35.4982,0.2796
CC1(C)CCC2(C(=O)O)CCC3(C)C(=CCC4C5(C)CCC(O)C(C)(C)C5CCC43C)C2C1,高毒,23.9781,3.9723
COc1ccccc1N1CCN(CCCC(=O)NCCOc2ccc(Br)cc2)CC1,高毒,17.7347,1.4646
CCn1c(C(=O)OCC)nc2c(-n3nc(C)nc3C)nsc2c1=O,中毒,32.8614,0.3315
COc1cc(-c2nnc(SCC(=O)Nc3nnc(S(N)(=O)=O)s3)n2-c2ccc(C)cc2)ccc1O,高毒,25.7319,0.5238
CC1(C)CC(NC2CCCCC2)C2(C)CCC3(C)C(=CC(=O)C4C5(C)Cc6ccc(OCCN8CCCC8)cc7C(C)(C)C6CCC54C)C3C2C1,高毒,593.0783,2.4125
CCOCC1CCN(C(=O)C2CCCCC2)CC1,高毒,88.024,0.4519
O=C(NCCCOc1cccc2[nH]c(-c3ccncc3)nc12)C1CC1,中毒,33.3431,14.2388
CCN(CC)c1ncnc2sc(C(=O)c3c(F)cccc3Cl)c(-c3ccc4c(n3)-c3cc5c(F)cccc5n3CC4)c12,中毒,30.5656,0.2558
Cc1nnc2n1-c1sc(C#CC3CCCCO3)cc1CCC2,中毒,19.9949,1.2405
CC1CN(C(C)CO)C(=O)c2cc(NC(=O)NC3CCCCC3)ccc2OC1CN(C)Cc1ccc(F)cc1,中毒,6.7205,0.4255
Cc1ccc(NC(=O)CC2CCCCN2c2ncnc3[nH]ccc23)cc1,高毒,32.7171,0.8638
O=C(NCC1CCN(c2nc(NC3CC3)n3ncc(C=C4NC(=O)NC4=O)c3n2)CC1)c1ccccc1,中毒,17.488,0.51
CC(C)C1=C(O)C(=O)c2c(OC3OC(C(=O)O)C(O)C(O)C3O)cccc2C1=O,中毒,17.2643,3.5577
Cc1cc(C)cc(C(=O)Nc2nnc(CC3CCCC3)s2)c1,高毒,18.8023,10.5924
Cn1cc(Br)c(C(=O)N2CCCC(c3nncn3C3CC3)C2)n1,中毒,50.656,0.6108
CC(=O)NC(C)c1ccc(OC2CCN(c3nnc(C(F)F)cc3F)C2)cc1,中毒,34.7083,2.9032
O=C(NC(=S)Nc1ccc2c(c1)OCO2)c1cccc(Cl)c1,高毒,28.8386,4.8029
NCCCCN1CC2(CCN(C(=O)c3ccc(-n4nc(Cc5ccc(F)cc5)nn4)c4ccccc43)cc2)CC1,中毒,19.4675,0.5778
CC(C(=O)Nc1nnc(CCCCc2nnc(NC(=O)Cc3ccccc3)s2)s1)S(C)(=O)=O,高毒,36.9722,12.5076
O=C(O)COCC1(CO)CCCCC1,高毒,70.3964,2.0103
CCC(C)C(S)C(=O)NC(CC(C)C)C(=O)O,微毒,131.6428,0.8189
CCC(O)(c1ccc(OC)c(OCC(O)CN2CCN(c3ccc(F)cc3)CC2)c1)c1ccccc1,高毒,9.0262,0.4994
COc1nc(NC(C)C2CC2)ncc1Br,高毒,47.0167,1.0749
COc1cc(Nc2nc(C3CC3)nc(N3CCC(N4CCN(C)CC4)CC3)n2)cc(OC)c1OC,微毒,5.2148,0.7633
N#Cc1ccc(NC(=O)CN2CCCC(c3nncn3C3CC3)C2)c(Cl)c1,高毒,5.8876,0.4502
S=C(NCC1CCCO1)Nc1ccccc1,高毒,128.486,4.29
CC(C)(C)OC(=O)N1CCCC(c2nncn2C2CC2)C1,微毒,15.4052,0.44
CN(CCBr)Cc1coc(-c2cccc(C(F)(F)F)c2)n1,高毒,72.1811,0.2346
CCCCCCCCCCCCCCCCCCCCCC(=O)Nc1nnc(C(CC)CC)s1,高毒,28.475,10.5344
CCCCCCCCCc1cn(CC2CC(=O)N(COC(=O)c3cc(OC)c(OC)c(OC)c3)C2)nn1,高毒,11.4957,0.2147
CCC(C)C(NC(=O)C(CC(C)C)NC(=O)C(Cc1ccc(OP(=O)(O)O)cc1)NC(C)=O)C(=O)O,微毒,94.5689,0.4203
CC(C)(C)OC(=O)N1CCN(C2CCCC2CNC(=O)C2CCCNC2=O)CC1,高毒,106.2092,1.2983
NCCc1ccc(OCC(=O)O)c(C(=O)c2ccc(F)cc2)c1,高毒,17.6331,1.7839
Cc1nn(CC(=O)N2CCCC2)c(=O)c2ccccc12,高毒,33.2674,0.2128
ClC(Cl)=C(Cl)CNC1CCCCC1,高毒,237.1677,1.3248
CCOC(=O)C1=C(C)NC(C)=C(C(=O)OCC)C1c1ccc2c(c1)OCO2,低毒,52.7549,2.2695
CC(C)(C)c1ccc(C2CC(=O)OC(Cn3cc(-c4cc(=O)oc5ccccc45)nn3)C2)cc1,低毒,29.5109,0.2682
COc1ccc(S(=O)(=O)Nc2cc(C(=O)N3CCC(C)CC3)ccn2)cc1,高毒,80.5851,0.6337
COc1ccc2nc3[nH]c(=O)n(CCN4CCC(C(=O)NCc5ccc6c(c5)OCO6)CC4)c(=O)c3cc2c1,高毒,28.5846,0.2555
Cc1nn(Cc2ccccc2)c(=O)c2cc(S(=O)(=O)N3CCCC(C(=O)NCc4ccccc4)C3)cn12,中毒,12.2749,1.0266
COc1ccc2c(=O)c(C(=O)N3CCN(c4ccc(F)cc4)CC3)coc2c1,高毒,55.8793,1.3324
O=C(CN1CCN(CCOC(c2ccc(F)cc2)c2ccc(F)cc2)CC1)NO,高毒,39.2617,0.2139
C=C1C2=C(CCC2(C)C)CC23CC(OC(C)=O)C1(C)CCC(CO)C3(C)CCC(=O)OCC,高毒,593.0783,2.4125
CC(Cc1nnc(C2CC2)n1C)NCc1cccnc1,微毒,80.6113,2.4125
CCCCCCNC(=O)c1ccc(NC(=O)NCC(=O)OC)cc1,高毒,32.1219,0.5234
CCCCCCCCCCn1cc(CNC(=O)c2ccc3c(c2)OCCO3)nn1,低毒,34.7901,0.1727
CCOc1ccc(CN2CCCN(C(C)=O)C(C)(C)C2)cc1OCC,高毒,101.2324,0.2955
CC(C)(C)C(=O)NC1CCN(S(=O)(=O)c2ccc3[nH]c(=O)sc3c2)CC1,中毒,73.3561,2.4834
CCCCCCCCCCCCC=CCCCCCCOC1OC(CO)C(O)C(O)C1O,低毒,80.8814,0.7758
O=C(C=Cc1ccc(F)c(F)c1)NCCCCN1CCCC1=O,高毒,87.0462,0.8109
COc1cccc(-n2nnnc2SCC(=O)Nc2ccc(Cl)cc2C)c1,高毒,5.1901,0.8883
O=C1c2ccccc2-n2c1nc1c(c2=O)SCC(COCc2nc3ccccc3s2)N1Cc1ccc(F)c(F)c1,中毒,48.1827,0.4421
Clc1ccc(-c2nnc(SCc3cc4n(n3)CCCCC4)n2CCc2ccc(Cl)cc2)cc1,中毒,3.4657,0.8096
CCN1CCC(c2nnc3n2N=C(c2cccs2)S3)CC1,低毒,16.0175,0.0999
O=S(=O)(NC1CCCN(CCc2ccc(Cl)cc2)C1)c1cccc2cccnc12,高毒,27.3685,1.1755
Cc1nn(C)c(C)c1CCNC(=O)c1ccc2oc(C=C3CCNC3=O)nc2c1,中毒,69.3703,3.5697
Cc1ccc(Oc2ncnc3sc4c(c23)CCCC4)nc1,中毒,50.3175,0.6656
COc1ccc(C(=O)C(Cc2ccc(Cl)cc2)NC(=O)C2CCCN2S(=O)(=O)c2ccc3ccccc3c2)cc1,中毒,21.739,1.0655
COc1ccc(CCC(=O)Nc2nnc(SCC(=O)NCC3CCCO3)s2)cc1,高毒,36.708,5.6281
CC(C)c1ccc(C(=O)N2CCC(c3nnn4nnnc43)CC2)cc1,高毒,593.0783,2.4125
Cc1nc2c(-c3ccc(C(=O)O)cc3F)nc3cc(C(F)F)ccc3n2c1C(C)C,中毒,36.818,0.4385
CC1CN(Cc2ccc(Oc3ccccc3)cc2F)CCN1C(=O)c1ccccc1,中毒,34.3435,0.6907
COc1ccc(NC(=O)NC2CCCCC2)cc1OC,高毒,40.0438,1.0629
N#CC1=C(N)Oc2c3c(cc4c2N(C1=O)CCC4)C(=O)c1cc2ccccc2n1C3=O,中毒,6.7623,1.3586
Cc1c(C(=O)N2CCCC(c3nncn3C3CC3)C2)cnn1C,微毒,28.5513,0.2333
CC1CCCCC1NC(=O)Cn1nc2n(c1=O)CC(C)C2,微毒,31.2996,4.3832
O=C(CC1CCN(CCc2c[nH]c3ccccc23)CC1)NC1CCCC1,高毒,23.3917,3.8992
Nc1nc(Cl)nc2c1ncn2C1OC(COP(=O)(O)OP(=O)(O)OP(=O)(O)OP(=O)(O)O)C(O)C1O,中毒,12.4359,0.1701
Cc1cccc(N2CCN(c3nnc(Cc4cccs4)n3CC3CC3)CC2)c1,中毒,22.577,0.3933
COc1cc(COCC2CC2c2cccc(F)c2)cc(OC)c1OC,高毒,19.07,1.8761
N#CC1CCN(c2nnc(-c3nnc(C4CC4)o3)o2)CC1,高毒,72.6265,3.0565
COc1cc(C=CC(=O)OCC(=O)NCCCN2CCOCC2)ccc1OCc1ccccc1,高毒,39.3414,4.0521
COc1ccc(OC)c(C2=Nc3ccccc3C(=O)N2c2ccc(C)cc2)c1,低毒,23.9896,3.321
CCCn1c(=O)c2nc(C(=O)Nc3ccc(C(C)=O)c(C)c3)[nH]c2n(CCCC)c1=O,中毒,11.4468,0.5935
CC1CN(C(C)CO)C(=O)c2cc(NC(=O)Nc3ccc(F)c(F)c3)ccc2OC1CN(C)S(=O)(=O)c1cccs1,中毒,5.149,0.0958
Cc1ccc(S(=O)(=O)n2nc(-c3cccc4ccccc34)c(C(=O)NC3CCCC3)c2C)cc1,中毒,8.6211,0.4127
Cc1ccc(C2CC3=C(C2=O)C2CCC4(O)C5Cc6c([nH]c7ccccc76)C(C2)N(CC2CC2)CC55)cc2c1,高毒,593.0783,2.4125
CCCN(CCC)C1CCc2nc(NC(=O)c3ccc(N4CCN(C)CC4)c(C#N)c3)sc2C1,高毒,53.9676,0.1403
NNc1ncnc2[nH]c(-c3ccc(Cl)cc3)nc12,中毒,22.9714,0.7864
CS(=O)(=O)CCN1CCCC(c2nncn2C2CC2)C1,微毒,15.4294,0.2302
Cn1nc(C(=O)NCc2cccs2)c2c3c(ccc21)CCC3,中毒,18.7852,1.0424
COc1cc(F)ccc1C(=O)N1CCCC(c2nncn2C2CC2)C1,中毒,11.7154,0.2016
COc1ccc(-c2nnc(SCC(=O)Nc3nnc(S(N)(=O)=O)s3)n2C)cc1,高毒,154.0042,1.5078
CCOC(=O)C=CCN1CCC2(C)C(CCC3(C)C2CC=C2C4C(C)C(C)CCC4(C(=O)O)CCC23C)C1(C)C,微毒,19.6561,0.3833
COc1ccccc1N1CCN(CCCCNC(=O)C2CCN(S(=O)(=O)c3ccc4c5c(cccc5c3)C(=O)N5)CC2)CC1,高毒,593.0783,2.4125
O=C1N(Cc2cccc(F)c2)CCCCC12CCN(c1ncccn1)CC2,高毒,22.2772,0.1832
Cc1cc(C)c2nc(SCC(=O)NNC(=O)NC3CC3)n(-c3ccc(C)cc3)c(=O)c2c1,低毒,197.0454,1.6658
O=C(NC1CCCCC1)N1CCC(Oc2ccc(C(F)(F)F)cn2)CC1,高毒,130.2922,1.3093
O=c1[nH]ncc2nc(-c3ccc4[nH]ncc4c3)nn12,高毒,20.8624,7.7627
CC1=CCCC2(C)CC(OC(=O)C(C)=CCOC(C)=O)C2(C)CCC1,高毒,46.5746,0.6334
O=C1CC2(CO2)C(=O)N1c1nnc(CCCCc2nnc(NC(=O)Cc3ccccc3)nn2)s1,中毒,19.1828,16.1018
COC(=O)C(Cc1c[nH]cn1)NC(=O)C(CCCCNC(=O)Nc1cc(F)ccc1F)NC(=O)OC(C)(C)C,中毒,9.3566,0.1907
O=C(O)C1CCCN(CCCOc2cccc(-c3ccc4ncc(-c5ccc6ncccc6c5)n4n3)c2)C1,中毒,10.0718,1.047
CC(CCN1CCOCC1)NCc1nnc2n1CCC2,高毒,26.4251,0.8297
Cc1nn(Cc2c(Cl)cccc2Cl)c(=O)c2c(C)nn(CC(=O)N3CCN(c4ccc(F)c(F)c4)CC3)c12,中毒,22.7319,0.2071
O=C(O)Cc1ccc(NC(=O)C[N+]2(CC=Cc3nc(-c4cccs4)cs3)CCCCC2)cc1,中毒,44.2892,0.8711
O=C(c1cccc2ccccc12)N1CCCC(c2nncn2C2CC2)C1,微毒,25.9398,0.2214
CC(C)Oc1ccc(C(c2nnnn2C2CCCCC2)N2CCCCC2)cc1,低毒,5.5833,0.2492
COc1ccc(Cn2nc(C(=O)O)cc2C)cc1S(=O)(=O)N1CCCC1,中毒,59.7785,1.1036
Cn1cc(CN2CCCC2c2nncn2C2CC2)cn1,低毒,102.0975,0.1529
Cc1ccc(C(=O)NNC(=O)Nc2ccc3nc(N4CCCC4)sc3c2)cc1,中毒,42.7225,3.054
CC(=O)NC(C)(C)c1ccc(OC2CCN(c3ncnc(OC4CCCC4)c3F)C2)cc1,中毒,12.0011,4.2358
Cc1ccc2cc(C=C3C(=O)N(c4ccccc4)N(Cc4cccnc4)C3=O)c[nH]c2c1,高毒,593.0783,2.4125
CC(C)CC1NC(=O)C(Cc2c[nH]c3ccccc23)NC(=O)C2CCCN2C(=O)C(Cc2ccc3c(n2)N(C)CC3)NC1=O,中毒,25.0103,1.076
CCN(CC)S(=O)(=O)c1ccc2c(c1)C(=NNC(=O)C(C)Oc1ccc(Cl)cc1)C(=O)CO2,高毒,24.0967,1.9503
CC(C)=CCCC(C)=CCCC(C)=CCOc1cccc(O)c1C(=O)O,高毒,59.8757,2.319
COc1cc(CN2CCC(N3CCCC3)C2=O)cc(OC)c1OC,高毒,112.4576,0.3575
COc1cc(N2CCCC3(CCC(=O)N(C4CC4)C3)C2)ncn1,高毒,29.5395,1.9501
COc1cc2c(Oc3ccc(NC(=O)c4nn(-c5ccc(F)cc5F)c(=O)c5ccccc45)cc3F)ccnc2cc1OCCCN1CCN(C)CC1,中毒,56.8356,1.4487
CNC(=O)c1nc(C2CCCCC2)nc2c1cnn2-c1ccc(C)cc1,低毒,33.275,0.7263
COc1ccc(-c2noc(COc3ccc(C(C)=O)cc3)n2)cc1,高毒,44.944,3.8506
CCC(C(=O)NC1CC1)N(C(=O)c1snnc1C)C(C(=O)NC1CCCCC1)c1cccnc1,中毒,22.7494,0.9929
Cc1ccc(CN(Cc2nnc3n2CCCC3)C2CCS(C)(=O)=O)cc1,高毒,593.0783,2.4125
CC1CCN(C(=O)c2cc3nc(-c4ccc(F)cc4)c(-c4cccs4)n3n2)CC1,高毒,593.0783,2.4125
CC(C)(C)OC(=O)NC(Cc1ccccc1)C(=O)N1CCCC1C(=O)NC(Cc1ccccc1)C(=O)NC1c2ccccc2-c2ccccc21,中毒,57.0923,0.5997
COc1cc(OC)c(NC(=O)Cn2nnc(-c3cc(OC)c(OC)c(OC)c3)c2C)cc1Cl,中毒,35.38,0.634
CC(=O)Nc1ccc(S(=O)(=O)n2cc(-c3ccc(F)cc3)nn2)cc1,高毒,28.8006,0.5025
CCCCCCCCCCSC1=NCCN1,高毒,129.2248,14.5265
COc1ccc(C(=O)c2c(O)cc(OCc3cn(Cc4ccccc4F)nn3)c3ccccc23)cc1,高毒,25.2399,0.0981
CCn1nnnc1CN1CCCC(c2nncn2C2CC2)C1,微毒,9.8257,0.3405
N#CC1(NC(=O)C2CCC(CNS(=O)(=O)c3cn(Cc4ccc(OC(F)(F)F)cn4)nn3)CC2)CCN(C(=O)OC(C)(C)C)CC1,中毒,26.8385,0.8921
COc1cccc(CN2CCCC(Nc3ncnc4ccc(C#N)cc34)C2)c1,中毒,59.7359,0.8195
Cc1nc2ccc(C(F)(F)F)cc2nc1N1CCCC(c2nncn2C2CC2)C1,中毒,5.33,0.7303
COc1ccc(NC(=O)N2CCC(c3nncn3C3CC3)CC2)cc1,微毒,17.7864,0.1798
COc1ccc(C=C2SC(=O)N(CCCC(=O)N3CCN(c4ccc(Cl)c(Cl)c4)CC3)C2=O)cc1OC,高毒,9.0104,0.8712
Cc1cnc(-n2nnc3c(OCc4cccc(C(F)(F)F)c4)nc(-c4cnn(C)c4)nc32)cn1,中毒,38.6902,1.7708
O=C(NC1=NCCS1)c1ccc(Br)s1,高毒,155.584,20.5746
CC(C)CNC(=O)C1CCN(c2ncnc3c2nc(C)n3C2CC2)CC1,低毒,56.0523,1.1114
CC(=O)Nc1ccc2nc(NC(=O)c3cc(Cl)ccc3Cl)sc2c1,中毒,52.5081,5.2214
Nc1ncc(-c2cc(C3CC3)nn2C2CCCNC2)cc1-c1ccnn1C1CCCC1,中毒,7.0212,0.3093
CC(C)C1CCC2(C(=O)O)CCC3(C)C(=CCC4C5(C)Cc6nnnn6nc5C(C)(C)C5CCC43C)C12,高毒,593.0783,2.4125
CC(C)(C)c1ccc(NC(=O)Cn2nc3n(c2=O)CCC(c2ccccc2)C3)cc1,中毒,28.8764,4.2496
Cn1ncc(NC(=O)c2nn(C3CCOCC3)c(=O)c2N2CCCC2)c1C(F)F,高毒,593.0783,2.4125
COc1ccc(C2C(C(=O)c3cccs3)=C(O)C(=O)N2CC2CCCO2)cc1,中毒,16.1422,1.5745
CCCCCCc1ccc(C(C)C(=O)O)cc1-c1ccc(CNC(=O)C2CCN(C(=O)OC(C)(C)C)CC2)cc1,中毒,23.8937,1.0235
Cc1nn(C(C)C)c(N)c1CN1CCCC(c2nncn2C2CC2)C1,微毒,9.0006,0.3776
COc1ccc(NC(=O)c2nn(C)c(=O)c3ccc(Br)cc23)cc1,中毒,16.6896,0.4703
COC(=O)C1CCCCN1C(=O)CSc1nnc(Cn2nnc3ccccc32)n1-c1ccccc1,中毒,112.3828,0.418
CCOC(=O)N1CCN(C(=O)c2cc(-c3ccncc3)nc3ccccc23)CC1,中毒,24.9216,0.5575
CCOC(=O)C1CCN(C(=O)CCc2nnc3n2CCC3)CC1,高毒,16.8282,0.1307
Cc1ccc(C(=O)NC2CCCC2)cc1-c1ncc(C(F)(F)F)c(Oc2cccc3c2C(=O)N(C2CCC(=O)NC2=O)C3=O)n1,中毒,10.5493,1.7155
CCN(CC)CCCNC(=O)c1nc2cc3cc(OCC)ccc3nc2n1C,高毒,12.5759,1.3665
CC(C)(C)OC(=O)N1CCC(CNC(=O)COC(=O)c2cccc(S(N)(=O)=O)c2)CC1,中毒,39.8386,1.2577
COc1ccc(Br)cc1NC(=O)CSc1nnc(CCC(=O)Nc2nnc(C)s2)n1C,高毒,19.9012,4.523
NC(=O)C1CCN(S(=O)(=O)c2ccc3nc(O)c(O)nc3c2)CC1,微毒,53.6912,0.3552
CN1CCCC(c2nncn2C2CC2)C1,微毒,13.5158,0.2099
COC12CCC3(CC1COCc1ccccc1C)C1Cc4ccc(O)c5c4C3(CCN1CC1CC1)C2O5,中毒,16.9979,0.3963
COCCNc1ncc2ncnc(Nc3ccc(C(=O)NCCc4ccc(Cl)cc4Cl)cc3)c2n1,中毒,28.3844,1.7222
COc1cc(OC)cc(C2CC(c3ccccc3OC(C)=O)=NN2C(=O)CCC(=O)NCC2CCCO2)c1,中毒,31.1087,2.6577
CCCCCC=CCC=CCC=CCC=CCC=CCCC(=O)O,高毒,237.1677,2.3168
NCCCN1c2ccccc2C=Cc2ccc(O)cc21,高毒,16.8304,13.7917
COC(=O)c1cccc2c1ncn2CCC(=O)O,高毒,131.4827,5.6621
O=C(NO)C1CCCCC1,高毒,217.7264,2.5156
Cc1ccnc(NC(=O)c2cc(C3CC3)n[nH]2)c1,高毒,58.0518,0.7722
CCNC(CC(=O)NCc1ccc(F)cc1F)C(=O)Nc1ccc(F)cc1F,中毒,28.0932,0.7739
COc1cc(C2c3cc4c(cc3C(NC3CCCCC3)C3COC(=O)C23)OCO4)cc(OC)c1O,中毒,46.9873,0.8979
NC(=O)C(Cc1cnc[nH]1)NC(=O)C(CCC(=O)O)NC(=O)C(Cc1ccc(F)cc1)NC(=O)c1cnc2ccccn2c1=O,中毒,70.7403,0.222
O=C1C[n+]2c(sc3ncnc-3c2-c2cccc(F)c2)CN1,低毒,183.8219,0.1855
CC1CN(CCCCOc2ccc([N+](=O)[O-])cc2)CC(C)O1,高毒,66.5347,4.0521
COc1ccc(OC)c(CCNC(=O)CCC(=O)NCCc2ccc(S(N)(=O)=O)cc2)c1,高毒,141.146,0.5941
CC1CN(CC2CCCO2)CCCN1c1ncnc2c(C(N)=O)cc(F)cc12,中毒,33.587,0.4563
COc1ccc(OC)c(NC(=O)CSc2nnc(-c3ccncc3)n2Cc2ccccc2)c1,高毒,30.9584,0.8075
CCN1CCN(c2nc(NC3CC3)n3ncc(C=C4NC(=O)NC4=O)c3n2)CC1,高毒,14.0468,2.1449
CCC1(O)C(=O)OCc2c1cc1n(c2=O)Cc2c-1nc1ccccc1c2C=NOCCCO[N+](=O)[O-],中毒,28.0458,0.7595
O=c1ncn(C2CC(O)C(COP(=O)(O)OP(=O)(O)O)O2)c(=O)[nH]1,低毒,12.2507,6.3954
CC1CCCCCCCCC(=O)ON=C1,微毒,567.4648,3.7577
CCN1CCCC(c2nncn2C2CCCC2)C1,微毒,13.5158,0.4402
N=C(N)Nc1ccc(OCc2ccc(C(=O)Nc3ccc(C(=N)N)cc3)cc2)c(Cl)c1,中毒,12.6994,0.3065
CCOc1ccc(C2CC(c3ccco3)=NN2c2ccc3c(c2)OCCO3)cc1,中毒,25.5143,4.5722
CC(CO)CN1CCCC(c2nncn2C2CC2)C1,微毒,18.8148,0.1959
C=C1CC(OC(C)=O)C(OC(C)=O)C2(C)C(O)CC(C)(O)C(O)C2C2C(C)C(=O)C(=CCC3C(C)(CO)CCC(O)C32C)C1,高毒,24.0951,2.1857
CC(C)C1CN2CCC1CC2C(O)c1cnc2nc(N)nc(N)c2c1,中毒,16.6683,3.5794
O=C(CCn1cnc2sc3c(c2c1=O)CCCC3)NC1CC1,中毒,42.4798,0.5854
COc1cc(N2CCN(C)CC2)ccc1Nc1ncc(Cl)c(Nc2ccccc2S(=O)(=O)C(C)C)n1,中毒,10.8344,1.04
CC1=C(C)Cc2c(sc(NC(=O)c3ccc(Br)s3)c2C(N)=O)C1,中毒,15.3996,0.5992
Cc1noc(C)c1CS(=O)(=O)c1ccc2sc(C3CC3)nc2c1,中毒,37.5358,0.3245
CCCCCCCCCCCCCCCCCCOCC1CC(O)C(O)C1O,高毒,61.6158,0.731
CC(C)C1=CC2=C(C(=O)N(CCO)C2)CC(C(C)C)C1,高毒,62.8775,0.4189
Cc1nnc(NC(=O)c2sc(C)nc2C)s1,高毒,25.7967,5.8935
COc1ccc(CNC(=O)N2CCCC(c3nncn3C3CC3)C2)cc1,微毒,21.5979,0.2213
COc1ccc2nc(NC(=O)Cn3ncc4c(N5CCCCC5)nc(N5CCOCC5)nc43)sc2c1,中毒,97.1385,1.1645
Cn1nnnc1SCC(=O)Nc1nnc(Nc2ccc(F)cc2)s1,微毒,58.3396,1.0309
O=C(CN1CCCC1=O)Nc1ccc(F)cc1,高毒,127.873,0.1982
CC(C)N1CCC(Nc2nnc(C3CC3)c3n[nH]cc23)CC1,高毒,80.8208,0.8236
CCOC(=O)C1=CC(Nc2cc(C)nc(N)n2)=NC(c2ccc(OC)c(OC)c2)=C1Cl,中毒,20.4415,0.5362
CC(C)N1CCCC(CNC(=O)c2cnn3cccnc23)C1,高毒,11.4004,0.1883
COc1ccccc1N1CCN(CCCCC(=O)Nc2nc3ccc4c(c3s2)OCCO4)CC1,中毒,120.8667,1.3885
O=C1CCn2ncnc2CN1,高毒,151.978,4.2088
COc1ccc(C=NNC(=O)c2cc(-c3ccccc3)nc3c2c(C)nn3-c2ccccc2)cc1OC,中毒,76.3761,0.3336
CC1(c2ccc(F)cc2F)OC(=O)N(CC(O)CN2CCOCC2)C1=O,中毒,29.5842,0.3306
CCCN1CCCCC(O)C1,高毒,147.4521,1.7052
O=C(NO)C(Cc1c(Cl)cccc1Cl)C(=O)c1nn(CC(O)CN2CCCC=CC2)c2ccc([N+](=O)[O-])cc12,中毒,32.0514,0.3607
O=C(Nc1ccccc1)NC1CCN(Cc2ccc3c(c2)OCO3)CC1,高毒,33.3085,2.8396
COc1cc2ncnc(Oc3ccc(NC(=O)NN=Cc4ccncc4F)cc3F)c2cc1OC,中毒,18.1975,1.6276
COC(=O)C(Cc1ccccc1)NC(=O)C(O)C(CC(C)C)NC(=O)c1cc(=O)c2ccccc2o1,中毒,31.8358,2.8013
O=C(O)c1csc(-c2nnc(C3CCCCC3)o2)n1,高毒,15.3674,2.5975
CCn1cnnc1CN1CCCC(c2nncn2C2CC2)C1,微毒,16.9364,0.9966
Cc1nn(C)c(Cl)c1C1CCCN1C(=O)C1CCCN(C(=O)c2ccncc2)C1,中毒,15.6407,0.8882
COC(=O)Cc1cc2c(cc1[N+](=O)[O-])OCO2,微毒,12.165,8.4381
Cc1nn(C)c(C)c1C1CCCCN1C(=O)CC1CCCCC1,低毒,37.6898,1.5306
COc1ccc(OCC(O)CN2CCN(c3cccc(Cl)c3Cl)CC2)cc1,高毒,10.9362,0.5
O=C1NC(=S)N(c2ccc(Cl)c(Cl)c2)C(=O)C1=CNNc1ccc([N+](=O)[O-])cc1[N+](=O)[O-],高毒,42.7209,23.6017
O=C1CN(Cc2ccco2)CCN1CCCCN1C(=O)c2ccccc2C1=O,高毒,58.8879,1.3655
CC(C)Oc1cc2ncnc(Nc3ccc(F)c(Cl)c3)c2cc1NC(=O)NCc1ccncc1,中毒,5.5738,1.561
CC1CC23CCC(C)C4C(C)(C(=O)O)CCCC4(C)C2CCC1(O)C3,高毒,41.9812,4.0365
O=C(CSc1nncn1Cc1ccc(F)cc1)NCc1ccco1,高毒,316.5091,1.8314
COc1cccc(-c2nc3c(s2)C(=O)N(CCOC(C)C)CC3)c1,中毒,261.9795,0.9238
CC(C)n1c(=O)[nH]c2nc(-c3ccc(OCC(=O)N4CCN(c5ccc(F)cn5)CC4)cc3)[nH]c2c1=O,中毒,11.1727,0.2174
O=C(O)c1ccc(OCCCCN2CCC(c3noc4cc(F)ccc34)CC2)cc1,高毒,21.0468,0.1694
Nc1nc(N)c2c(O)nc(SCc3ccc(F)cc3)nc2n1,中毒,26.6773,1.0722
CC(C)(C)c1ccc(Oc2ccc(OCCCN3CCC(O)CC3)cc2)cc1,微毒,47.784,3.0305
N#Cc1ccc(CN2CCCC(c3nncn3C3CC3)C2)cc1,微毒,8.9178,0.2487
CCC1CCC(C)N(C(=O)CN2CCCC(COc3ncccn3)C2)C1,微毒,164.9729,0.5892
CC(C)CC(N)C(=O)N1CCCC1C(=O)NC(C)C(=O)NC(CCCNC(=N)N)C(=O)NC(CC1CCCCC1)C(=O)NC(CC(C)C)C(=O)C(F)(F)C(=,高毒,593.0783,2.4125
CNc1ccc(S(=O)(=O)N2CCOCC2)cc1NC(=O)c1nn(C)c2c1CSCC2,中毒,13.983,0.5728
COc1cc(C2c3cc4c(cc3C(CC(=O)N3CCCCC3)C3COC(=O)C23)OCO4)cc(OC)c1O,中毒,36.5746,0.8202
CCN(CC)CCNc1ncnc2sc3c(c12)CCCC3,中毒,15.9876,0.4165
Cc1n[nH]c(C)c1C(=O)N1CCCC(c2nncn2C2CC2)C1,微毒,28.5513,0.2099
CC1CN(Cc2ccc(S(C)(=O)=O)nc2)CCN1C(=O)c1csnn1,中毒,34.2311,0.4962
COc1ccc(C=C2CCCC3=C2C(=O)CC(C)(C)C3)cc1,高毒,8.9487,1.3989
O=C(O)c1sc(-c2cccnc2-c2cccc(F)c2)nc1-c1ccncc1,中毒,44.3837,0.2739
O=C1OCC2=C1C(c1cccc(F)c1)C(c1ccc3c(c1)OCO3)N2,中毒,18.6793,0.3493
Cc1cccc2c1c(C(=O)Nc1ccc3c(c1)OCO3)cn2C,微毒,31.601,2.034
CC(C)(C)c1ccc(Nc2nnc(-n3nnc4ccccc43)s2)cc1,中毒,26.2306,3.0232
CC#CCn1c(N2CCCC(N)C2)nc2c1c(=O)n(CCCCN1CCCC1)c(=O)n2C,中毒,31.27,0.4193
O=C(NC(CO)C(=O)c1cc(O)c2c(c1)OCO2)c1cc2ccccc2o1,中毒,21.2042,9.6107
CCCCCCCCCCCCCCC=CC(O)C(COC1OC(CO)C(O)C(O)C1O)NC(=O)CCCCCCCCCCCCCCCCCC,低毒,39.7686,0.9082
COc1cc(C2c3cc4c(cc3C(Nc3ccc(C#N)cc3)C3COC(=O)C23)OCO4)cc(OC)c1OC,中毒,104.1673,0.9399
O=C(NC1CC1)c1ccc(F)c(NC(=O)c2nn(C(CO)CO)c3ccnc(F)c23)c1,中毒,33.8529,0.3315
O=C(Nc1ccccc1N1CCCC1)c1ccc(-c2nnc(-c3ccc(Br)cc3)o2)cc1,高毒,108.0792,0.6973
CCOc1ccc(CN(CC)Cc2nncn2C)cc1,高毒,102.5876,0.7547
O=C1NC(=S)N(c2cccc(I)c2)C(=O)C1=Cc1ccc(O)cc1,高毒,15.5425,12.299
CCCN(CCC)CCOc1cccc2c1CCC1C2=CCC2(C)C(C(C)CC3(O)C(C)=CC(=O)C(C)(C)C3CCC23C)C1,高毒,593.0783,2.4125
CCCCCCCCCCCCCCCCCCCCCCNC(=O)C1CCN(CCN2CCN(C(=O)Nc3ccc(OC)cc3)CC2)CC1,高毒,18.8775,0.4622
COC(=O)C1CC2OC(C=CC=CC(C)C35OC56C1CC(O3)C5O)C2c1ccoc1,高毒,593.0783,2.4125
CCNC(=O)N1CCCc2cc(S(=O)(=O)Nc3nccs3)ccc21,中毒,9.9181,0.6805
Cc1noc(C)c1C(=O)N1CCCC(c2nncn2C2CC2)C1,低毒,27.1052,0.4769
CC1CCN(c2ncnc3sc4c(c23)CCCC5)CC1,高毒,593.0783,2.4125
O=C(NCCCN1CCC(N2C(=O)c3cccc4c3c(cn4CC(F)(F)F)C2=O)CC1)c1ccc(F)cc1,中毒,291.645,0.587
CCOC(=O)CNC(=O)c1ccc(NC(=O)Cc2nnc3n(Cc4ccccc4)c(=O)c4ccccc4n23)cc1,中毒,68.341,0.675
CC1(Oc2cc(N3CCCCCC3)nc(-n3nc(C(N)=O)c4c3CN(C(=O)OC(C)(C)C)CC4)cn2)CCCCC1,高毒,593.0783,2.4125
CC(C)C(N)C(=O)N1CCCC1c1nnc(C2CC2)n1Cc1c(F)cccc1F,中毒,11.4469,0.1262
O=C(O)COc1ccc2c(c1)c1c3c(ccc2n1CCN1CCCC1)CCC3,中毒,44.4203,0.3306
COc1cc(O)c2c(=O)c3c(O)ccc(C=O)c3oc2c1,高毒,59.8446,6.7809
COc1ccc(-n2c(SCC(=O)Nc3nnc(-c4cccs4)o3)nnc2-c2ccoc2C)cc1,高毒,34.2705,0.4844
COc1ncc(-c2cnc3[nH]cc(C(=O)C4CC4)c3c2)cc1NS(=O)(=O)c1cnc2ccccc2c1,低毒,24.11,0.1368
Cc1ccc(-n2nnnc2Sc2nnc(-c3ccc(F)cc3)n2CC(C)C)cc1,高毒,19.0135,1.2122
N#Cc1ccc(Cn2nncc2CN2CCCC(c3nncn3C3CC3)C2)cc1,微毒,4.498,0.1996
CC(C(=O)N1CCN(c2cnc(C(=O)c3cnc4cc(OC5CCCC5)ncn34)cc2)CC1)C(F)(F)F,中毒,80.5204,0.1454
O=C(O)C1=CCC2CCC1N2CCCN1CCC(c2nnc3n2CCCCC3)CC1,微毒,40.7721,0.244
CC(C)CC1CN(C(C)CO)C(=O)c2cc(NS(=O)(=O)c3ccc(Cl)cc3)ccc2OC1CN(C)Cc1ccccc1,低毒,23.0351,0.4087
COc1ccc(N2C(=O)c3ccccc3C2(O)C(=O)N2CCOCC2)cc1,中毒,21.3702,0.2899
CC(C)N1CCC(Oc2cccc(CNc3cncc(C#N)n3)c2)CC1,微毒,63.8238,0.181
COc1ccc2nc(C)cc(OCCCCN3CCN(c4nsnc4N)CC3)c2c1,高毒,4.3866,2.277
COc1ccc(Cl)cc1-c1nnc(C2CCCN(C(=O)c3cccc4ccccc34)C2)o1,中毒,20.3444,0.665
CSc1nnc(NC(=O)Cn2nnc3ccccc3c2=O)s1,高毒,145.4592,1.8991
CCCCCOC(=O)C1=C(C)NC(C)=C(C(=O)OCC)C1c1c[nH]c2ccc(Cl)cc12,低毒,20.7939,1.6783
CCCCN1CCCC(c2nncn2C2CC2)C1,微毒,13.5158,0.2302
COc1ccc(-n2nnc3c(C(F)(F)F)nc(C4CCCC4)nc32)cc1,中毒,112.6001,1.0405
COc1ccc(Nc2ncnc3c2c(-c2ccccc2)nn3-c2ccc(C)cc2)cc1,中毒,90.1086,4.2096
CC(C)(C)OC(=O)Nc1ccc(Oc2c(Cl)cnn(Cc3ccc(F)cc3)c2=O)cc1,低毒,23.3622,0.708
COc1ccc(CNCc2c(C(=O)N3CCCC3=O)nn(C3CC3)c2C)cc1OC,中毒,55.961,0.3354
Cc1cc(NC(=O)c2cnn3c2NC(c2ccc(Cl)cc2)C3(C)C)no1,中毒,22.0842,0.4263
COc1ccc(C=CC(=O)c2ccc(OCCCCN3CCCC3)cc2)cc1,高毒,25.5147,1.138
CN1CCN(c2ncnc3scc(-c4ccc(Cl)c(Cl)c4)c23)CC1,高毒,75.0197,0.2652
CC12CCC3c4ccc(O)cc4CCC3C1CCC2O,高毒,7.9166,2.75
CCCCc1nn(-c2ccc(C(=O)O)cc2)c(C)c1Cc1ccc(-c2ccccc2-c2nn[nH]n2)cc1,低毒,24.5477,1.7091
N#Cc1ccc(-n2nnnc2SCC(=O)Nc2cccc(S(=O)(=O)N3CCOCC3)c2)cc1,中毒,70.9755,0.3376
COCCNC(=O)c1ccc(-n2nc(C3CCC3)c3c(NCc4ccc5ccccc5n4)ncnc32)cc1,中毒,78.3995,0.4127
CCC(=O)c1nn(-c2c(Cl)cc(C3CC3)cc2F)c(C)c1C(=O)Nc1ccc(CCN2CCC(C)CC2)cc1,低毒,15.1464,1.9383
Cc1ccc(C=CC(=O)Nc2ccc3nsnc3c2)cc1,高毒,186.2479,2.0047
CC(=O)c1ccc(Nc2nc(CCn3nnc4ccccc43)nc3ccccc32)cc1,中毒,10.3831,1.3328
O=C(NC1CCCCC1)c1cc2c(n(CC3CCC3)c1=O)CCCC2,中毒,17.1449,0.6365
CCN(CC)CCNC(=O)CN1C(=O)NC2(CCCCC2)C1=O,高毒,239.7392,0.9533
CC1CCC(NC(=O)c2cnc(C3CC3)nc2)C1,高毒,111.9475,0.2955
COc1cc(N2CCN(C)CC2)ccc1Nc1ncc(Cl)c(Nc2ccccc2NS(C)(=O)=O)n1,中毒,3.1565,0.4628
CN1CC(=O)N(c2nnc(NS(=O)(=O)c3ccc4c(c3)CCC4)n2C)CC1c1cccs1,中毒,21.996,1.2067
O=C(NC1CCCC1)C1COc2ccccc2O1,微毒,82.7145,9.4975
Cn1ncc(NC(=O)c2nc(-c3ncccc3F)cnc2N)c1C1CCCC(N)C(F)CO1,中毒,60.2348,0.4222
Cc1nnc(NS(=O)(=O)c2cccc(-n3cc(C=C4SC(=S)N(CC(=O)O)C4=O)c3)c2)n1C,高毒,593.0783,2.4125
O=C(NC1CCCCCC1)c1ccc(NC(=O)N2Cc3ccncc3C2)cc1,高毒,10.3054,1.1891
COc1ccc(NCc2nnc3n2N=C(c2ccccc2)CS3)cc1OC,微毒,116.1717,1.5499
COc1cccc(C=NNC(=O)CSc2nnnn2-c2cccc(OC)c2)c1OC,高毒,26.041,1.4498
COc1cc(Cl)ccc1C=CC(=O)n1nc2ccccn2c1=O,高毒,21.9976,4.7264
COc1cc(OC)c(C2=Nn3cc(COCCOc4cc(=O)oc5ccccc45)nn3)cc2cc1OC,高毒,40.0611,0.1161
CC(C)CNC1CCCc2c1[nH]c1ccc(O)cc21,中毒,38.1747,0.5675
CC(C)=CCCC(C)=CCCC(C)=CCCC(C)=CCC1OC(=O)C(C)=CC1O,高毒,52.8693,1.8411
CC1CN(C(C)CO)S(=O)(=O)c2ccc(C#Cc3ccc(F)cc3)cc2OC1CN(C)C(=O)c1ccc(F)cc1,中毒,22.8318,0.3656
O=C(O)CCc1nnc(NC(=O)CC2CCCC2)s1,高毒,28.7268,15.7172
CCSCCC(NC(=O)c1ccc(CN2N=C(c3ccccc3)CC2c2ccc(F)cc2)cc1)C(=O)OCC,中毒,10.8091,1.0249
O=C(Cc1ccc(O)cc1)N1CCCC(c2nncn2C2CC2)C1,微毒,12.8659,0.2448
C=C1C(OC(C)=O)CC2C(C)(C)C(OC(C)=O)CCC2(C)C2CCC3(C)C(CCC4C(C)(C(=O)OC)CCCC43C)C12,高毒,24.6568,4.1128
COc1ccc(Oc2ccc(-c3nnn[nH]3)c(Cl)c2)cc1,高毒,48.2562,5.1044
COc1cc2c(Oc3ccc(NC(=O)c4nn(-c5ccccc5F)c(=O)c5ccccc45)cc3F)ccnc2cc1OCCCN1CCCCC1,中毒,56.8356,1.7358
O=C(Nc1ccc(F)cc1)c1cncc(Cl)c1F,高毒,63.6944,0.9375
Nc1nc2cc(CNc3ccc(C(=O)O)cc3)ccc2nc1-c1ccc(F)cc1,中毒,16.9022,2.0607
Cc1noc(C)c1CN1CCCC(c2nncn2C2CC2)C1,微毒,15.4294,0.2046
COc1ccc(NC(=O)C2CCCN2S(=O)(=O)c2ccc3nc(-c4ccco4)nn3c2)cc1,中毒,14.2954,1.7062
CCS(=O)(=O)N1CCCC(c2nncn2C2CC2)C1,微毒,29.0411,0.2353
COc1ncccc1CN1CCCC(c2nncn2C2CC2)C1,微毒,11.6157,0.3091
c1ccc(-c2nn3nnnc3nc2N2CCCCC2)cc1,高毒,188.2038,3.6841
Cc1nn(C)c(C)c1CN1CCCC(c2nncn2C2CC2)C1,微毒,9.0006,0.2333
Cc1noc(C)c1C(=O)N1CCC(Oc2nc(N3CCOCC3)nc(N3CCOCC3)n2)CC1,低毒,97.6247,1.1981
CCNC(=O)Nc1ncccc1-c1nc(NC2CC2)n2ncc(C=C3NC(=O)NC3=O)c2n1,中毒,20.7343,0.1805
O=C(O)CCCCC(=O)OCC1OC(=O)C2C1OC(=O)C2O,低毒,20.1241,0.2538
Cc1nn(Cc2csc(N)n2)c(C)c1CC(=O)NC1CCCC(C)C1,中毒,9.5442,1.4051
N#CC(=Cc1cccc(O)c1)c1nnn[nH]1,高毒,23.9606,4.6259
CCC(C)C(NC(=O)C(CC(C)C)NC(=O)C(Cc1ccccc1)NC(=O)COc1cccc2ccccc12)C(=O)NC(Cc1ccccc1)C(=O)O,微毒,54.1312,0.413
CCOC(=O)c1cc(C(=O)c2cc(C)on2)n(C)n1,高毒,25.7926,2.507
CC1CN(C(C)CO)S(=O)(=O)c2ccc(C#Cc3cccnc3)cc2OC1CN(C)C(=O)Nc1ccc(F)cc1F,中毒,11.8954,0.1534
O=C(O)C1CN(Cc2ccc3nc(C4(c5ccc(-c6cnc(N)nc6)nc5)CCC4)no3)CC2C1,高毒,593.0783,2.4125
Nc1c2c(nc3ccccc13)Sc1ccccc1-2,中毒,218.4394,1.3786
O=C(CN1CCCC1)Nc1nc(-c2cccnc2)cs1,中毒,181.8834,0.9925
O=C(COC(=O)CCc1nnc2c3ccccc3n(Cc3cccs3)c2n1)NCc1ccco1,中毒,65.0826,1.8934
CCOCC(=O)N1CCCC(c2nncn2C2CC2)C1,微毒,12.3231,0.1911
COc1ccc(CCC(C)C2CCC3C4CCC5CC(O)CCC5(C)C4CCC23C)cc1,高毒,44.6078,3.3281
Cc1cnc(NCc2ccnc(N3CCC(O)CC3)n2)nc1,微毒,63.2884,1.5069
Cc1ccc2nc(C)c(CN3CCCC(CNS(=O)(=O)c4ccc(F)cc4)C3)n2c1,中毒,4.1303,0.7659
O=C(CN1C(=O)SC(=Cc2ccc(C(F)(F)F)cc2)C1=O)NCc1ccccc1,中毒,144.184,0.3649
COc1ccc2nc(Cl)c(CC=Cc3ccc4nc(SC)n(-c5ccc(Br)cc5)c(=O)c4c3)c2c1,高毒,593.0783,2.4125
Cc1csc(CNC(=O)c2nncn2C2CC2)n1,高毒,51.875,0.5332
COc1ccc(C(=O)OCC(=O)N2CCN(Cc3ccc(Cl)cc3)CC2)c(OC)c1,高毒,27.7606,0.34
CCC(C)C(NC(=O)C(Cc1ccccc1)NC(=O)C(Cc1ccccc1)NC(=O)c1cccc(NC(=O)c2cc(OC)c(OC)c(OC)c2)n1)C(N)=O,中毒,75.6405,0.2217
Cc1c(C)n(Cc2ccc(-c3ccc(OC(F)(F)F)cc3)cc2)c2ccc(C(=O)NC3CCN(Cc4ccccc4)CC3)cc12,中毒,41.9747,4.9177
COCCOc1nn(Cc2cccc(Br)c2)c(=O)c2cc(S(=O)(=O)N(C)C3CCCCC3)ccc12,中毒,8.2072,0.4916
O=C(NC1CCCCC1)Nc1ccc(F)c(-c2nncn2C2CC2)c1,高毒,30.4892,0.3277
Cc1ccc(C(C#N)C(=O)NNC(=O)c2cc(Cl)ccc2OCc2ccccc2)cc1,中毒,23.2917,2.3111
CC1CN(C(C)CO)C(=O)Cc2cc(NS(=O)(=O)c3ccc(F)cc3)ccc2OC1CN(C)C(=O)N1Cc2ccccc2C1,中毒,14.4509,0.4214
Cc1ccccc1NC(=O)c1ccc[n+](CC(=O)c2ccc3c(c2)OCO3)c1,高毒,9.6646,0.3948
COC(=O)C(CCCNC(=N)N)NC(=O)c1ccc(NS(=O)(=O)c2cccc3nsnc23)cc1,中毒,33.9301,0.3606
O=C(O)c1cc2oc3ccc(O)cc3c(=O)c2cc1O,高毒,59.8446,7.7221
COC(=O)C1(C)CCCC2(C)C1CCC13C=C(C)C(C)C(CNCC4CC4)C(C)(CCC21)C3,高毒,60.4526,14.0227
CCn1nc(C)c(CCNC(=O)C2CCN(S(=O)(=O)c3cscn3)C2)c1C,中毒,5.6547,1.6999
O=C1c2ccc(Cl)cc2C(OC2CCCCC2)C(O)C(O)C1CO,中毒,35.0562,0.5134
CCOC(=O)c1c(-c2cccs2)nc2ccc(C)cn12,高毒,20.3562,0.2048
O=CC1CCCN1C(=O)C(CC1CCCCC1)NC(=O)c1nc2ccccc2s1,中毒,115.9768,0.9254
Cc1nonc1C(=O)N1CCCC(c2nncn2C2CC2)C1,微毒,49.5515,0.2099
CCCCCCOc1cc2c(c3oc4cc(OC)ccc4c3c1=O)C(=O)OC2,低毒,44.612,5.5318
CCCCCCCCCCCCCCC(=O)OC1C(=O)CC2C3CC=C4CC(O)CCC4(C)C3CCC12C,高毒,25.2609,4.1128
COc1ccc(C(=O)c2cnc3nc(NC4CCN(C)CC4)nn3c2N2CCOCC2)cc1,中毒,56.6193,1.0051
Cc1nn(C)c(Cl)c1CN1CCCC(c2nncn2C2CC2)C1,微毒,9.0006,0.1922
C=C(C)C1CCC2(C(=O)NCCCCCCCCCCCCCC(=O)O)CCC3(C)C(CCC4C5(C)CCC(OC(=O)C(C)(C)C(=O)O)C(C)(C)C5CCC43C)C1,高毒,593.0783,2.4125
CC1=C(C(=O)N2CCCC2)C(c2ccc(OCCN3CCOCC3)cc2)C2=C(CCCC2=O)N1,中毒,14.9565,1.837
CC(C)(C)CC(=O)N1CCCC(c2nncn2C2CC2)C1,微毒,17.3255,0.1802
O=C1NC(=S)SC1=Cc1cccc(OCc2csc(-c3ccc(Cl)cc3)n2)c1,中毒,13.3016,4.2448
CC1CN(CCC(=O)Nc2ccccc2C#N)CCC1(F)F,高毒,20.1581,0.5987
CCC(C)C(NP(=O)(OCC1OC(n2cnc3cncnc32)C(C)(O)C1O)Oc1ccccc1)C(=O)OCC,中毒,13.1473,0.2456
O=C(Nc1ccc(Oc2ncnc3c2ncn3C2OC(COC3OC(CO)C(O)C(O)C3O)C(O)C2O)cc1)c1ccc(Cl)cc1,中毒,5.6004,1.1274
CC(=O)Nc1nnc(SCC(=O)N2CCCC2c2nc3ccccc3n2C)s1,中毒,59.0834,0.6738
CCCCc1nnc(NC(=O)CCCCC2CCSS2)o1,高毒,33.2457,4.5798
Cc1nn(CC(C)C)c(=O)c2c(NC3CCCC(N)C3)nc(-c3ccc(NC(=O)N4CCN(C(C)CO)CC4)cc3)nc12,中毒,14.2789,0.6475
COc1ccc(CN(C)C(=O)C2CCCN(c3nncn3C(C)C)C2)cc1OC,高毒,39.9088,0.1875
O=C1NCCN1Cc1nnc(CN2CCCCC2)o1,高毒,27.5218,0.2667
Cc1nnc(NC(=O)c2nnc3ccc(S(=O)(=O)N4CCCCC4)cn23)s1,中毒,26.827,3.2109
COc1ccc(OC)c(NC(=O)Cn2nnc3sc4c(c3c2=O)CCC(C)C4)c1,中毒,19.0636,0.2055
COc1ccc(CN2CCCCC2)cc1NC(=O)c1cnn2cccnc12,高毒,9.7347,0.2446
CC(C)(C)C=Cc1cc(C(=O)O)ccc1O,高毒,74.4303,2.7553
COc1cccc(NC(=O)CSc2nnnn2-c2ccccc2)c1,高毒,11.3419,0.6894
CN1CCN(c2nc3c(c(=O)n(C)c(=O)n3C)n2Cc2ccccc2F)CC1,中毒,20.1305,0.3336
CN(C)C#CC1(c2ccccc2Br)CCN(Cc2cccnc2)CC1,高毒,29.5002,0.8286
Cc1nc2ccccc2n1CCCCCCCCn1ccnc1,高毒,684.474,7.6733
CN1CCCC(c2nncn2C2CC2)C1,微毒,13.5158,0.2099
CS(=O)(=O)c1ccc(Nc2nc(NC3CC3)n3ncc(C=C4NC(=O)NC4=O)c3n2)cc1,中毒,5.2536,1.7629
Cc1ccc(S(=O)(=O)Nc2nncn2C(C)C)cc1,高毒,26.4982,0.4768
Cc1c(S(=O)(=O)NC(=O)c2ccccc2Cl)sc2ncnc(Nc3ccc(F)cc3OC(C)C(=O)NC3CC3)c12,中毒,33.5911,0.1007
O=C(COc1ccc(F)cc1F)Nc1ccc(N2CCC3(CC2)N=C(c2ccc(F)cc2)N(O)C3)cc1F,中毒,8.6058,0.993
CNC(=O)C1CCCN(Cc2cncn2Cc2ccc(F)cc2F)C1,中毒,39.1587,1.4649
CC(=O)N1CCCC(c2nncn2C2CC2)C1,微毒,24.615,0.2138
CC(C)(C)OC(=O)NCCc1cn(CC2CCCCC2)nn1,高毒,52.0607,2.0262
CCCn1c(=O)c2nc(-c3cnn(CC(=O)Nc4nnc(C(F)(F)F)s4)c3)[nH]c2n(CCC)c1=O,中毒,42.8454,0.229
Cc1nc2nn(-c3ccccc3)cn2c(=O)c1C(=O)N1CCC(C)CC1,高毒,593.0783,2.4125
CCC(=O)Nc1cc(-c2ccncc2)c(C#N)c(OCC)n1,高毒,42.2145,7.6045
CCCCCCCCCC(=O)n1cnc2c(N)ncnc21,中毒,64.4243,0.3355
COc1ccccc1NC(=O)c1cnc(C2CC2)nc1N1CCCC1,高毒,33.9653,1.0943
CCOCCn1c(SCC(=O)Nc2cc(C(C)(C)C)nn2-c2ccccc2)nnc1C1CC1,中毒,24.1793,2.2152
CCC1OC(=O)C(C)C(OC2OC(C)CC(N(C)C)C2O)C(C)(OC)CC(C)C(=O)C(C)C2N(NCc3cccc(Cl)c3F)C(=O)OC12C,中毒,22.7758,1.8337
CC(O)Cn1cnc2c(N)nc(N)nc21,中毒,115.1956,0.2205
CCN(CC)C(=O)C1CCCN(c2nnc3n2CCCCCC3)C1,中毒,57.0594,0.399
COC(=O)c1c(OC2CCCC2)c(OC=C2C(=O)Nc3ccc(Br)cc32)cc(OC)c1OC,高毒,7.3929,0.5521
CC12CC(OC(=O)C1C(C(=O)O)N(C(=O)CSC(=O)c1ccc(Br)cc1)C1CCC3(C)C(=CCC4C5(C)CCC(O)C(C)(C)C5CCC43C)C1(C)C,高毒,593.0783,2.4125
CC(=O)N1c2ccccc2C=C(NC(=O)c2ccccc2)C1c1ccc2c(c1)OCO2,中毒,17.7513,0.7642
CC(C)(C)c1ccc(NC(=O)c2cc3cccc(NC4CC4)c3n(C3CCCC3)c2=O)cc1,中毒,41.611,0.4389
COc1ccc(Cn2c(CN3CCN(c4cccc(C(F)(F)F)c4)CC3)nc3ccccc32)cc1,中毒,7.4956,0.1134
COC1=Cc2cc([N+](=O)[O-])ccc2C(=O)C1=CNc1ccccc1Cl,中毒,43.1124,21.1442
CNc1nc(Nc2ccc(N3CCCCC3)cc2)nc2c1CCN(C(=O)Nc1c(F)cccc1F)C2,中毒,19.2565,0.3347
CN(CC(=O)NCc1ccc(F)cc1)Cc1nc2ccccc2n1C,低毒,185.8062,1.1565
COc1ccc(Nc2ncnc3cc(OCCCN4CCOCC4)c(OC)cc23)cc1NC(C)=O,中毒,17.6291,1.0859
COc1cc(OC)cc(C(=O)NC(C(=O)N2CCCC2C#N)c2ccc(Cl)cc2)c1,中毒,68.1327,0.2701
CCOc1ccc(OCC)c(NC(=O)COC(=O)c2cc3c(s2)CCCC3)c1,中毒,9.6085,2.0898
CN1CCc2nc(NC(=O)c3ccc(CNS(=O)(=O)c4cnn(C)c4)cc3)sc2C1,中毒,32.7816,2.0312
COC(=O)C1(C)CCCC2(C)C3CC=C4CC(=O)C=CC4(C)C3C(O)CC12C,低毒,22.8328,2.3015
CC12CCC3C(CC=C4CC(OC5OC(CO)C(O)C(O)C5O)CCC43C)C1CCC2=O,低毒,29.3068,0.6772
CCOc1cccc(-c2cnc3c(NC(=O)C4CC4)nnn3c2)c1,中毒,41.8718,0.6168
CC1(CNc2nc(N3CC4CC3CO4)nc(N3CCOCC3)n2)CN(c2nc(C(F)(F)F)cs2)CCO1,中毒,8.7304,1.0212
Nc1ccc2c(c1)CCCN2c1nnc(C2CC2)o1,中毒,40.7743,2.205
O=C(C=Cc1ccccc1)NN=Cc1ccc2c(c1)OCO2,高毒,66.9931,16.3307
Cc1nc2cc(C(=O)O)cc(NC3CCCCC3)c2n2c1nc1ccccc12,中毒,14.7997,2.0868
O=C(NCCO)c1cn(C2CC2)c2c(Cl)c(N3CCN(CCCn4c(=O)c5ccccc5n(C5CCCC5)c4=O)CC3)c(F)cc2c1=O,中毒,7.8624,0.1759
Cc1nnc(NC(=O)c2ccc(F)cc2)s1,高毒,77.5275,8.9531
Cc1nn(C2CCCCC2)c2c1C(c1ccc(C)cc1)N(c1cc(Cl)ccc1C)C2=O,低毒,14.4969,0.1791
CN(CC1CCCO1)S(=O)(=O)c1ccc2c(c1)C(O)CC(c1ccc(O)cc1)O2,高毒,18.6034,2.4431
C#CCN(CCCCC#C)C(=O)c1ccc(-c2ccc(CN3CCC(O)CC3)cc2)cc1,微毒,72.5868,0.8946
Cc1ccc2nc(Cl)n(CC(=O)OCC(=O)N(C)c3c(N)n(Cc4ccccc4)c(=O)[nH]c3=O)c2c1,中毒,12.6782,1.9216
NS(=O)(=O)c1cc(NC(=O)C=Cc2ccc3c(c2)OCO3)c(Cl)cc1Cl,高毒,41.1046,0.5112
Cc1cc(Nc2ncnc3cc(NC(=O)CN4CCCC(C(N)=O)CC4)c(C)cc23)c(C)cc1Cl,中毒,8.886,1.5134
CCc1sc(N2CCN(CC(C)c3cccnc3)CC2)nc1C,高毒,18.027,0.5547
COc1ccccc1N1CCN(CCCn2nnnc2C2CC2)CC1,高毒,26.3853,2.4589
CCCCCN(CCCCCC)C(=O)c1nn(-c2ccccc2)c(=O)c2c1Cc1c([nH]c3ncccc13)C2,中毒,107.5541,3.8825
O=C(Nc1nnc(-c2ccc(F)cc2)s1)c1nc2ccccc2s1,中毒,99.5864,2.6141
CN(C)C(=O)CCC(NC(=O)c1ccc(NS(=O)(=O)Cc2ccc(F)cc2)cc1-c1ccc(CN2CCCCC2)nc1)C(=O)O,中毒,25.0744,0.2697
CC(C)(C)NCC(O)COc1cccc2[nH]c3ccccc3c(=O)c12,高毒,80.5194,2.6502
O=C(CC12CC3CC(CC(C3)C1)C2)C(=O)Nc1ccc(OCCCN2CCCCC2)cc1,高毒,51.4516,1.3228
Cc1nc2ccc(CN3CCN(C(c4ccc(F)cc4Cl)c4nnnn4C4CC4)CC3)cc2s1,中毒,19.099,0.3281
Cn1nnnc1SCC(=O)Nc1cc(C2CC2)n[nH]1,高毒,129.1904,3.7682
O=C(NC1CC(=O)N(Cc2cccnc2)C1)c1cccc2[nH]ncc12,高毒,51.9672,0.3286
Cc1nc2c(n1Cc1ccc(C(=O)NC3CC3)cc1)CCN(Cc1nccn1C)C2,中毒,12.7975,0.3797
CN1CCCC(n2nc(-n3ccc4ncnc(N)c43)cc2=O)C1,高毒,593.0783,2.4125
CCCCCCCCCN(CCCCCCCC)C1CCc2c(OC)cc(OC)cc2C1,中毒,35.9433,1.1834
Cc1nn(CC(=O)N2CCN(c3ccccn3)CC2)c(=O)c2cc3sccc3n12,中毒,39.0445,0.1796
COc1ccc(C(=O)c2nc3ccc(C)cc3n2CCN2CCOCC2)cc1OC,高毒,24.9893,2.3301
O=C(O)C1CCCN(Cc2cn(-c3ccc(Cl)cc3)nn2)C1,低毒,12.09,2.3871
CC12CCC(O)CC1=CCC1C2CCC2(C)C(n3cnc4c(N)ncnc43)CCC12,高毒,79.3668,0.179
COc1ccc(OCc2nc(C)nn2C2CCCCC2)cc1,高毒,153.6466,1.134
CCn1nc(C)cc1C(=O)N1CCC(O)(Cn2cncn2)CC1,中毒,15.8047,0.7661
O=C(O)CCCCCCCCCC(=O)O,高毒,237.1677,2.3168
O=C(O)Cc1cc(-c2cnco2)c2c(n1)CCCC2,高毒,20.4032,0.2154
O=C(O)c1cn(C2CC2)c2c(F)c(N3CCN(Cn4cnnn4)CC3)c(F)cc2c1=O,低毒,8.0547,0.1659
Cc1nc2c(c(-c3ccc(OC(C)C(F)(F)F)cc3)c1CN1CCCC1)CCCN2,中毒,2.0149,3.1972
O=C(Nc1nnc(-c2cc(Cl)ccc2F)o1)C1CCCCC1,高毒,50.3961,1.2074
COC(=O)c1ccc2nc(N3CCN(C(C)=O)CC3)nc(NC3CCC(NCc4ccc(F)cc4)CC3)c2c1,中毒,22.6114,0.3596
COc1ccccc1N1CCN(CCCCN2C(=O)C(=O)c3c(Cl)cc(Cl)cc32)CC1,高毒,14.7215,2.9716
COc1ccc2c(=O)c(CC(=O)NC3CCCCC3)coc2c1,高毒,303.4443,1.5727
CC(C)CCCC(C)C1CCC2C3C=CC4CC(O)CCC4(C)C3CCC12C,高毒,175.6676,2.0378
CCCCOC(=O)C1=C(C)N(c2ccc(F)cc2)C(=O)NC1c1ccc(C#N)cc1C(=O)N1CCC(C(=O)O)CC1,中毒,23.6698,0.2649
Cc1nc(CNC(=O)CC(C)C)cs1,高毒,133.5163,1.2845
Fc1cccc(F)c1-c1nccn1CCN1CCCC(Nc2ncccn2)C1,中毒,14.3131,2.8494
O=C(c1cncnc1)N1CCCC(c2nncn2C2CC2)C1,微毒,28.9079,0.2099
COCCCN1CCCC(c2nncn2C2CC2)C1,微毒,21.44,0.2094
O=C1NC(=O)C(=Cc2cnn3c(NC4CC4)nc(NCc4ccc(OC(F)(F)F)cc4)nc23)N1,高毒,14.0699,2.3865
CCCCc1nnc(SCC(=O)N2CCC(c3nnc4n3CCCC4)CC2)n1Cc1ccc(-c2ccccc2-c2nnn[nH]2)cc1,中毒,30.6776,0.3744
Oc1ccc2nc(Cl)nc(NC3CCCCC3)c2c1,高毒,187.6293,5.1763
C=C1C(=O)OC2C1CCC(C)=CCC1C(OC(C)=O)CCC(C)C(OC)C12,低毒,63.9375,3.8855
CCN(CCN1CCOCC1)C(=O)c1sc2nc(C)cc(C)c2c1N,中毒,104.1087,0.2592
Fc1ccc(CCc2nnc(S)n2-c2ccc(Cl)cc2)cc1,高毒,43.5495,0.5498
O=C(NCC1CCN(Cc2cccc(C(F)(F)F)c2)CC1)C1CCCCN1Cc1nccs1,中毒,56.4033,1.2292
CCCC1C(=O)Nc2ccc(OC)cc21,高毒,39.5192,15.4418
COC(=O)c1ccc(N2CCN(C(=O)c3c(C)nn(-c4nc(-c5ccc(Cl)cc5Cl)cs4)c3Cn3cncn3)CC2)cc1,中毒,25.3844,0.288
CC1CCCCN1S(=O)(=O)c1ccc2c(c1)NC(=O)CS2,高毒,32.1969,1.441
CCOc1ccc(CN2CCCC(CCOc3ccc4c(c3)OCO4)C2)cc1,高毒,16.6797,1.6714
Cc1cc(C)c(S(=O)(=O)NCCCN2CCC(C(=O)N3CCN(S(C)(=O)=O)CC3)CC2)c(C)c1,高毒,102.0988,0.3107
NC(=O)NN=Cc1ccc(-c2ccccc2)o1,高毒,233.1066,0.839
COc1cccc(CNc2ncnc3ccc(-c4ccc(N5CCN(C)CC5)cc4)cc23)c1,高毒,31.9302,2.3574
COc1cccc(OC)c1C1CC(c2ccco2)=NN1C(=O)c1cccnc1,中毒,33.4508,0.2633
O=C(Nc1ccc(Cn2nnc3cc(-c4cccc(C(F)(F)F)c4)ncc32)cc1)c1ccc(F)cc1,中毒,36.8948,0.6694
CC(C)N1CCC(Oc2nc3ccc(CN4CCCCC4)cc3c3c2CS(=O)(=O)C3)CC1,中毒,25.1817,0.9894
CCOC(=O)c1cc(-c2ccc(C)cc2)nc2ccc(NCc3cccnc3)cc12,低毒,94.2201,6.0621
Cc1nn(-c2nc(C(=O)O)cs2)c(C)c1CC1CCC(=O)N(CCCN2CCOCC2)C1=O,低毒,14.0708,0.6608
CC(C)(C)C(=O)CC1CN(Cc2ccccc2)CCC1(O)c1ccc(F)cc1,微毒,7.3216,1.1351
Cc1nc(N)nc(C)c1Cc1ccc(C#Cc2ccc(C(=O)NC3CC3)cc2F)cc1,中毒,244.722,1.0101
Cc1nn(C)c(C)c1C1CCCN1Cc1nnnn1C1CCCC1,低毒,14.6583,5.6942
CC(C)C(=O)NC1COC(=O)C2(CCCCC2)C(C(=O)O)NC(=O)C(CC(=O)N2CCCCC2)NC(=O)C2(CCCCC2)NC(=O)C2CCCN2C1=O,中毒,29.3636,0.6155
CCn1nc(C)c2nc(N3CCN(Cc4nnc(C)n4C)CC3)ncc21,中毒,53.4681,5.3999
C#CCN(C)C(=O)C1CCC(CN2CCC(c3noc4cc(F)ccc34)CC2)CC1,高毒,21.9103,0.2065
O=C(Nc1nnc(CCCCc2nnc(NC(=O)Cc3ccccc3)s2)s1)c1ccccc1,高毒,15.8006,8.8363
N#Cc1cc(S(=O)(=O)Nc2ncns2)ccc1Oc1ccc(F)c(-c2cSCC(=O)N2CCCC(F)(F)C2)c1F,高毒,593.0783,2.4125
O=C(c1ccc(Oc2ccncc2F)cc1)C1CCN(C(=O)c2cccc3c2CCC3)CC1,中毒,17.4055,1.5141
CC(C)n1cc(C=C2C(=O)Nc3c(F)cc(F)cc32)cc1=O,高毒,593.0783,2.4125
COc1ccc(OC)c(NC(=O)C(=O)Nc2nnc(O)n2N)c1,高毒,16.0511,2.6583
CC(C)(C)c1ccc(C(=O)Nc2ccc(CN3CCN(CC(O)CN4CCN(c5cccc(C(F)(F)F)c5)CC4)CC3)cc2)cc1,高毒,25.8162,0.4119
CC(=O)N1c2ccccc2C(=O)c2c1nc(C)n2CC(O)CN1CC(F)(F)C1,中毒,22.4515,0.1119
O=C(COc1ccc(F)cc1F)N1CCC(n2ncc3c2CCCC3)CC1,中毒,9.502,0.7861
O=C(O)C1CCCCC1C(=O)N1CCCC1c1nncn1Cc1ccco1,微毒,16.1561,0.1149
CCCCCN(CCCCCC)c1cc(C)nc2ncnn12,高毒,48.7555,2.8816
O=C(Nc1nnc(C(F)(F)F)s1)C1CCS(=O)(=O)C1,高毒,22.0221,15.2836
NCCCC(NC(=O)C(Cc1ccc(O)cc1)NC(=O)CNC(=O)C1CCCN1C(=O)C(N)Cc1ccc(O)cc1)C(=O)O,微毒,201.244,0.4748
COc1ccc(NC(=O)C(C)N2C(=O)C(=Cc3ccc(OC)c(OC)c3)SC2=S)cc1Cl,高毒,12.6182,0.9863
COCCN(C(=O)c1ccc(-c2ccc(C#N)cc2)o1)C(CCSC)C(=O)O,低毒,42.3535,0.4084
COC1CCCN(Cc2nncn2C2CC2(F)F)C1,微毒,75.96,1.0004
O=C1NCc2c(N3CCC4(CC3)OCCO4)cccc21,低毒,5.9347,0.2078
CCC1CNCCN1c1nc(-c2cnn(C3CCOC3)c2)nc2ncc(-c3cnc(C)nc3)cn12,高毒,593.0783,2.4125
O=C(NC1CCCCC1)C1CCCN(S(=O)(=O)c2ccc(F)cc2[N+](=O)[O-])C1,微毒,6.7823,0.6314
O=C1CCC(C(=O)Nc2ccc(F)cc2F)N1Cc1cccc(F)c1,中毒,24.0877,0.7554
O=C(O)c1ccc(C(=O)c2ccc(Cl)cc2)cc1,高毒,132.4611,2.255
CN(C)C1CCN(C2CCC2c2nnc3n2CCCC3)C1,微毒,11.391,0.4402
Cc1nn(C)cc1CN1CCCC(C(=O)N2CCCC2)C1,高毒,17.3773,0.4853
CC1=NN(C(=O)c2ccccc2-c2nc3ccccc3s2)C(=O)C1,中毒,16.0423,0.9624
CC(C)c1noc(CN2CCC(n3nnc4nc(C5CC5)nn4c3=O)CC2)n1,低毒,13.4336,2.5368
O=C(C1CCCCC1)N1CCCC(c2nncn2C2CC2)C1,微毒,16.6651,0.1646
COc1cc(C(=O)NC2(C(=O)NC(Cc3ccc(F)cc3)C(=O)NCc3ccc(F)cc3)CCCC2)ccc1C=CC(=O)O,中毒,33.504,1.353
CC(=O)Oc1ccc2c(c1)C(=O)c1c-2nc2ccccc2c1=O,高毒,593.0783,2.4125
CC(C)COC(=O)N1CCN(Cc2cnnn2C)CC1,高毒,37.3928,0.3787
O=S(=O)(NCc1ccc2[nH]nc(-c3nc4c(-c5cccc(C(F)(F)F)c5)cccn4n3)c2c1)c1ccncc1,中毒,54.0856,0.8883
CCC(CC)Oc1ccc(CNC(=O)N2CCCC2C(=O)NC(C(=O)C2CCCN2C(=O)C2CCCCC2)C(C)C)cc1,微毒,123.0671,0.856
CC(C)=CCCC(C)=CCCC(C)=CCCc1ccoc1,高毒,182.1774,2.4125
COc1ccc(C(=O)Nc2nn[nH]n2)cc1OC,高毒,27.321,1.5082
COC(=O)c1c(O)c2c3ccccc3n(CC(=O)N3CC(=O)NC3=O)c2cc1C,中毒,8.3662,0.1546
CN1CCN(c2nnc(CNC(=O)COc3ccc([N+](=O)[O-])cc3)n2Cc2ccc(C(F)(F)F)cc2)CC1,中毒,32.3897,0.1953
Cc1ccc(C2=C(c3nnn[nH]3)C(=O)NC(c3nnc(C)o3)(c3ccc(Cl)cc3)C2)cc1,中毒,13.4532,1.0523
CC1CCCC(C2C(C#N)=C(N)Oc3[nH]nc(C(O)CNC(=O)CCc4cccc(F)c4)c32)C1,中毒,23.059,2.1263
COc1ccc(C=NNC(=O)c2ccncc2)cc1OC,高毒,209.2222,14.9612
CCOC(=O)C12CC1C(n1cnc3c(NCc4cccc(Cl)c4)nc(Cl)nc31)C(O)C2O,中毒,24.7849,0.2916
COc1ccc(-c2nn3c(-c4ccccc4Cl)nnc3s2)cc1,高毒,19.7879,0.3243
C#CCOCCOCCOCCOCCOCCOCCOCCOCCOCCOCCOCCOc1ccc(C(C)=O)cc1,高毒,160.878,4.2726
COc1cccc(CN2CCN(C3CCN(Cc4nc5ccccc5n4Cc4ccc(C(F)(F)F)cc4)CC3)CC2)c1,低毒,38.0387,0.4073
N#Cc1nccnc1Oc1ccc(Nc2ncnc3cccnc23)c(F)c1,中毒,45.4023,2.5643
O=C(Nc1ccc2oc(C3CC3)nc2c1)c1cc(Cl)ccc1Cl,高毒,138.1784,1.3046
CCOc1nn2cccc2c(=O)n1Cc1ccc(-c2ccccc2-c2nn[nH]n2)cc1,中毒,18.2661,0.811
O=C(O)CCC(NS(=O)(=O)c1ccc(-c2ccc3ccccc3c2)cc1)C(=O)O,高毒,10.0334,0.45
CC(=O)NC1CCc2nc(N)nc(N)c2C1,中毒,52.2284,6.6347
CCN(c1ccccc1)S(=O)(=O)c1ccc(NC(=O)Cn2c(=O)n(Cc3ccccc3)c(=O)c3sc4ccccc4c3c2=O)cc1,中毒,27.4762,0.1992
COc1ccc(-c2nnc(CNC(=O)c3cc4c(=O)n(C)c(=O)n(C)c4n3C)n2C)cc1,高毒,40.6956,0.8721
COc1cccc(-c2cc(NC3CC3)n3ncc(C=C4NC(=O)NC4=O)c3n2)c1,中毒,47.8767,1.0723
O=C(CN1CCS(=O)(=O)CC1)N1CCC(c2nncn2C2CC2)CC1,高毒,61.2172,0.2065
CC(C)CC1(Cc2ccccc2OCc2ccc(C(F)(F)F)cc2Cl)C(=O)NC(=O)NC1=O,中毒,11.7378,0.6774
CC1CCN(S(=O)(=O)c2cccc(C(=O)NN=C3CCCCC3)c2)CC1,高毒,115.7328,0.3486
CCCCCCCCCCCCCCCC(=O)NCC(=O)NC(Cc1cn(CC=CCOP(=O)(O)O)nn1)C(=O)NC(CP(=O)(O)O)C(=O)O,中毒,20.2342,0.1973
Cc1ccc(C)c(C(=O)Nc2nc3c(s2)CCCC3)n1,中毒,46.7038,0.7902
CCc1nn(C)c(C(=O)N2CCCC(c3nncn3C3CC3)C2)c1C,中毒,55.5389,0.4315
CC1CN(Cc2nncn2C2CC2)CCC1N1CCCC(CN2CCCC2)C1,高毒,68.18,1.5847
Cn1c2c(c3cc(S(=O)(=O)Cc4ccc(F)cc4)ccc31)CNCC2,中毒,3.852,0.4691
COc1ccc2nc(O)c(CN(Cc3cccnc3)C(=O)c3cncs3)cc2c1,中毒,36.8294,1.4561
O=C(NC1CCCCC1Nc1ncc(C(F)(F)F)c(-c2cn(C3CC3)nn2)n1)c1ccccc1,中毒,15.8658,1.4455
CC1=C(C(=O)OC2CCCC2)C(c2cccs2)NC(=O)N1,中毒,60.9131,0.9543
COc1cc(Nc2nc(Nc3ccc(N4CCN(C)CC4)cc3OC)nc3c2CCN(C)C3)c(OC)cc1Cl,中毒,5.5293,0.4455
Nc1ncnc2nc(C3CC3)nc(N3CCC(c4nncn4C4CC4)CC3)c12,高毒,211.7908,2.2825
CC1CCCCC1NC(=O)CN1CCN(S(=O)(=O)c2cccs2)CC1,微毒,53.2047,0.4553
Cc1nn(-c2ncnc3[nH]cnc23)c(C)c1CC(=O)Nc1cc(C2CC2)n[nH]1,中毒,18.2756,4.6337
Cc1ccc(-c2nnc(N)[nH]2)cc1Nc1ncnc2cnc(N3CCCC3c3ccccc3)nc12,中毒,38.6292,2.9604
CCc1ccc(NC(=O)CSc2nncn2C)cc1,高毒,88.6127,1.4327
Cc1ccc(O)c(C(=O)C=Cc2ccc(OCCC[n+]3csc(C)c3)cc2)c1,高毒,29.7986,1.6309
CCN(CC)S(=O)(=O)c1ccc(NC(=O)CCn2nnc(-c3ccco3)n2)cc1,高毒,46.1209,1.5434
CC1CCC2C(C)C(CCCCCCCCCCCCCCCCCCC(=O)O)OC3OC4(C)CCC1C32OO4,中毒,22.1827,1.4008
Cc1csc(NC(=O)c2cccc(Nc3nccc(-c4cn(Cc5ccccc5)nn4)n3)c2)n1,中毒,14.8885,1.1608
CC(=O)c1ccc2c(c1)CCN2CC(=O)N1CCCC(C(=O)O)C1,高毒,32.0709,2.1279
O=C(Nc1cccc(OC(F)(F)F)c1)C1CCCCCC1,高毒,254.7989,2.3838
CCCc1nnc2n1CCN(Cc1nncn1C)C2,高毒,148.0864,0.3034
CN1CCc2nc(-c3cccc(COc4ccc5c(c4)C(=O)N(C)C5=O)c3)sc2C1,中毒,140.7737,0.4258
Cc1cc2c(OC3CCN(CCN4CCCCC4)CC3)ncnc2cc1OCC1CCN(CC2CC2)CC1,中毒,31.1616,0.9174
C=CCn1c(=O)n(Cc2nc3cc(C)ccc3n2C)c(=O)c2sccc21,中毒,48.412,0.7916
O=C1CCN(Cc2c[nH]c3ncnc(N4CCCCCC4)c23)CC1,高毒,29.6284,1.7406
COc1ccc(N2CCN(C)CC2)cc1Nc1ncc(C(F)(F)F)c(Oc2ccccc2S(=O)(=O)C(C)C)n1,中毒,3.2911,0.9056
Cc1nn(C)c(Cl)c1CN1CCC2(CC1)CN(c1ncccn1)C2,高毒,9.0688,0.2012
CC1CCCCN1CCCOc1ccc(C(=O)N(C)Cc2nncn2C)cc1,高毒,64.6935,0.2857
CC1CN(C(C)CO)C(=O)c2cccc(NC(=O)c3cnccn3)c2OC1CN(C)Cc1ccc(C(F)(F)F)cc1,中毒,21.2519,0.3656
Cc1cc(NCc2ccnn2C)n2ncc(-c3cccc(F)c3)c2n1,中毒,41.4294,0.6597
CCOC(=O)C1=C(C)N=C(C)C(=C(O)OCC)C1c1ccccc1OC,中毒,28.4685,0.4873
O=C(NO)c1ccc(Cc2ccc[nH]2)c(CN2CCCC2)c1,微毒,94.3077,0.1561
CN(C)c1ncc(CNC2CCN(CCOCc3ccc(F)cc3F)CC2)cn1,微毒,10.2257,0.4241
Cc1nn(C)c(C)c1C1CCCN1C(=O)CN1CCCC1,中毒,59.8564,1.5543
c1ccc(Nc2nnc(-c3ccncn3)o2)cc1,低毒,17.0225,0.8487
CCn1nnnc1SCC(=O)NCc1ccc(Cl)cc1,低毒,86.313,1.9635
COc1ccc(CSc2nncn2C(C)C)cc1,高毒,250.33,1.688
CS(=O)(=O)c1ccc(CC(=O)N2CCC(C(=O)N3CCCC3)CC2)cc1,高毒,94.7912,0.6517
CN(C)CCNc1nc(-c2ccccn2)nc2ccccc12,中毒,98.7327,3.2496
Cc1nc2nc(Cn3nnc(C(=O)Nc4ccc(C)c(C)c4)n3)nc(Nc3ccc(F)cc3)c2s1,中毒,8.343,0.8962
CCn1nc(CC(=O)NCc2ccccn2)c(C)c1C,高毒,23.3201,0.2956
Cc1ccc(N(C)C(=O)CCc2nnc(CCCCc3nnc(NC(=O)Cc4ccccc4)n3C)s2)c(C)c1,中毒,29.0914,4.4474
CCc1nnc(NC(=O)C2CCC3CN2C(=O)N3OS(=O)(=O)O)s1,高毒,63.3503,1.1487
COC(=O)C1=C(C)NC(=O)NC1c1ccccc1Br,中毒,39.1351,0.8162
CCS(=O)(=O)Nc1ccc(F)c(C(=O)c2[nH]c3nccc(-c4cnn(C5CCNCC5)c4)c3c2F)c1F,中毒,48.1936,0.492
CC(C)(C)C(=O)NC1CCC(Nc2ccc3nnnn3n2)C1,高毒,43.8385,0.7853
COc1ccc(-c2nncn2CC(=O)NCC2(N3CCOCC3)CCCCC2)cc1,高毒,25.25,2.7812
CC(C)=CCc1c(O)ccc2c1OC(c1cc(O)c(O)c(O)c1)CC2=O,高毒,20.4196,0.804
CN(C)CCNc1ncnc2c1ncn2C1OC(CO)C(O)C1O,低毒,12.4128,0.3135
COc1ccc(S(=O)(=O)N2CCCC(C(=O)NCCN3CCCCCC3)C2)cc1,高毒,31.3696,0.6947
COc1cc(OC)c(C=Cc2ccc(OC)c(OC)c2)c(OC)c1,高毒,77.6347,0.454
C#CCNC(=O)C12CCC(C)(C)CC1C1=CCC3C4(C)CCC(OC(=O)CCCCC(=O)O)C(C)(C)C4CCC3(C)C1(C)CC2,高毒,23.9781,11.3636
O=C(NC1CCN(Cc2cscn2)CC1)c1cc2c(s1)CCOC2,中毒,14.632,0.9074
CN(C)CCN1CCN(C2CCN(Cc3nnc(C4CC4)n3C)CC2)CC1,微毒,48.7323,7.0356
O=C1N=C(N2CCOCC2)SC1=Cc1ccc(Br)s1,中毒,105.6448,13.3855
Cc1ccc(S(=O)(=O)N2CCC3CCC(C2)N3Cc2ccc(-n3cnnn3)cc2)cc1,中毒,45.6478,0.6612
COC(=O)c1cnc2cc(F)c(-n3ncc4cc(C(=O)NC5CC5)cnc43)cc2c1NC1CCC(NCc2ccc(F)cc2)CC1,中毒,9.8964,0.3004
COc1ccc(C(CNc2nc(-c3cccs3)nn2CC(=O)Nc2ccccc2OC)c2ccccc2)cc1OC,高毒,24.3496,0.3882
COc1ccc(C(=O)NC2CCN(CC(=O)N3CCC4(CC3)OCCO4)CC2)cc1,高毒,74.4921,0.7259
COc1ccccc1-n1cnc2c(NCCO)nc(-c3cccc(OC(F)(F)F)c3)nc21,中毒,35.2566,1.5472
CCN(CC1CCOCC1C)C(=O)C1(N)CCCC1,高毒,83.0239,0.7478
O=C(O)CC1CN(c2cnc3ncc(-c4cccs4)n3n2)CCN1,高毒,22.9901,0.1176
CC1=CCC2C(C)(C)CCCC2(C)C1CC(=O)OC1CC(=O)OC1OC(=O)c1ccccc1,中毒,47.4893,0.3389
CCN(CC)c1ccc(C=C(C#N)C(N)=O)c(F)c1,高毒,28.8073,0.8932
Cc1[nH]n(-c2ccccc2)c(=S)c1C(=O)NNc1nc2ccc(Cl)cc2s1,中毒,58.5598,8.4791
CCCCN1CCCC(c2nncn2C2CC2)C1,微毒,13.5158,0.2302
O=C(CCCCN1CCCC1)Nc1cc2c3c(c1)CCC(=O)N3CCC2,中毒,23.4921,3.0239
CCOCC1CN(Cc2nc(C)no2)CC1CCO,微毒,46.2512,0.2348
N#Cc1ccc(S(=O)(=O)Nc2nc3ccc(OC(F)(F)F)cc3s2)cc1,中毒,46.6807,0.5257
CCCCCCCCCCCCCCN1CCCCC1,高毒,170.2175,1.774
CC(=O)Nc1nnc(S(=O)(=O)Nc2sc3c(c2C(N)=O)CCCC3)s1,中毒,30.456,0.2907
NC(=O)c1nn(-c2ccc(Cl)cc2)c(=O)c2ccccc12,高毒,20.4994,3.6216
NC(=O)c1cnn(CC2CCc3ccccc3C2)c1=O,高毒,593.0783,2.4125
COc1ccccc1CN1CCCC(c2nncn2C2CC2)C1,微毒,10.7745,0.2258
CC(O)c1nc2ccccn2c1CN1CCCC(c2nncn2C2CC2)C1,中毒,30.1516,0.4974
CC(=O)C=CC=C(C)C=CC1=C(C)CCCC1(C)C,高毒,51.468,2.1969
N#CC1C(c2ccc(Cl)c(Cl)c2)=C(c2ccc(-c3nnn[nH]3)cc2)C(=O)N1C(=O)N1CCC(F)(F)C1,中毒,10.6795,0.7116
O=C(O)CCCOc1ccc(C2=NOC(CC(=O)O)C2)cc1,微毒,26.4305,29.2393
C=CCn1c(=O)n(-c2ccc(Cl)cc2)c(=O)c2sc3c(c21)CCCC3,中毒,25.2116,0.6227
Cc1cccc(OCC(=O)Nc2nnc(C3CC3)s2)c1,高毒,17.4323,1.9835
O=C(O)c1cn(C2CC2)c2cc(N3CCN(CN4CCN(c5ccccn5)CC4)CC3)c(F)cc2c1=O,中毒,8.7247,0.1867
O=C(NS(=O)(=O)c1ccc(F)c(F)c1)N1CCC(c2nncn2C2CC2)CC1,微毒,21.8962,0.7654
Cc1ccc(OCc2nnc(SCC(=O)NC3CCCCC3)n2N)cc1,中毒,134.8056,0.3547
O=C1Nc2ccccc2C1=Cc1nnc(COc2ccccc2F)n1Cc1ccco1,中毒,65.6249,0.7252
O=C(Nc1cnc2c(c1)CN(Cc1cccs1)CC2)c1cncn1Cc1ccc(F)cc1F,中毒,24.5594,0.3566
CC12CCC(OC(=O)c3cnc(Nc4ccc(F)cc4F)cn3)CC1CCC1C2CCC2(C)C(CSc3nnc(SCC(=O)Nc4ccccc4)nn3)CCC12,中毒,12.86,0.4097
CCC(C)C(NC(=O)C(Cc1ccccc1)NC(=O)C(NC(=O)OCCc1ccccc1)C(C)C)C(=O)C(=O)NCc1ccccc1,中毒,166.9876,0.5254
Cc1ccccc1N=C(S)N(CCN(C)C)C(C)c1ccccn1,中毒,33.854,0.7252
COc1ccc(-c2nc3cc(C(N)=O)ccc3s2)cc1F,中毒,73.4139,0.1342
CCOC(=O)c1sc2ncnc(NCC(C)C)c2c1C,中毒,31.1762,0.3914
O=C(CCC1CCCC1)Nc1nc(C2CC2)ns1,高毒,118.7434,0.7962
CCOc1ccc(-n2nc(C)c(COC(=O)c3cn(CC(=O)N4CCOCC4)c4ccncc34)c2=O)cc1,高毒,593.0783,2.4125
CCCCCn1ncc2c1NC=NC(C)(C)C2,微毒,28.3981,2.6043
CC12CCC(O)CC1=CCC1C2CCC2(C)C(c3nnnn3-c3ccccc3)=C(C=O)CCC12,高毒,182.3483,0.2654
CCCCCCCCCCCC[n+]1ccn(C2OC(COP(=O)(O)OP(=O)(O)OP(=O)(O)OP(=O)(O)O)C(O)C2O)c(=O)c1,高毒,11.0726,2.043
COC(=O)CC1CCCCN1C(=O)c1ccc2nnc(Cc3nncn3C)n2n1,中毒,60.7202,1.1489
CCOc1cccc(C(=O)N2CCCC3(CCN(Cc4ccccc4)C3)C2)c1,高毒,30.4809,0.5032
CON(C)C(=O)N1CCCC(c2nncn2C2CC2)C1,微毒,20.3826,0.2094
Cc1ccsc1CN1CCCC(c2nncn2C2CC2)C1,微毒,7.9585,0.2046
FC(F)(F)OCCCNc1ncnc2c1CN(Cc1nc3ccccc3s1)CC2,中毒,292.2993,4.0136
N#Cc1cc(NC(=O)c2nc(-c3nnc(C4CC4)cn3)cn2C2CC2)n(CC2CC2)c1,中毒,59.8712,0.381
CCOC(=O)OCC1OC(OC2CCC3(C)C(=CCC4C5(C)C=CC(O)C(C)(C)C5CCC43C)C2)C(O)C(O)C1O,低毒,13.9106,0.3955
CC1(C)CCC(C)(C)c2cc(C(=O)C3=C(O)C=C(O)C4(C)CCCC(C)(C)C4CCC32C)C1,高毒,593.0783,2.4125
COC1CCCCC1NCC1CCN(c2ncnc3sc(C)c(C)c23)CC1,中毒,33.7873,0.4741
CCN1CCC(N2CCC(c3nncn3C3CC3)C2)CC1,微毒,16.0082,0.3601
COc1ccc(CCN2CCN(CCOc3ccc(C)cc3C)CC2)cc1,高毒,85.5436,1.1654
CCc1nnc(NC(=O)CSc2nnc(CCCc3cn(Cc4ccc(-c5ccccc5)cc4)nn3)n2-c2ccc(OC)cc2)s1,高毒,92.0714,0.5085
O=C(NN=Cc1cccs1)C1CCCN1C(=O)c1ccccc1,高毒,82.0775,0.1439
Cc1nn(C)c(Cl)c1CN1CCCC(c2nncn2C(C)C)C1,微毒,9.0006,0.1922
O=C1CC(c2ccccc2)Oc2ccccc2N1C(=O)CN1CCCCC1,中毒,89.6533,1.2839
O=C(NC1CC1)c1cc(NCC2CC2)nc2c(-c3cccnc3)nccn12,高毒,593.0783,2.4125
CCN1CCN(c2nc3nonc3nc2NCCOc2ccccc2C(F)(F)F)CC1,中毒,52.8534,0.7971
O=C(O)c1csc(-n2nc(C(F)(F)F)cc2C(=O)N2CCC(c3nncn3C3CC3)CC2)c1,中毒,10.4626,0.5246
COc1cc(OC)c2c(c1C=CC(C)=O)CCC(C)(CCC=C(C)CCC=C(C)C)C2=O,中毒,37.0363,0.4509
Cn1cc(C(=O)O)c(=O)c2cc(F)c(N3CCN(C(=O)COc4nsnc4-c4ccc(F)cc4)CC3)cc21,中毒,14.326,0.1777
COc1cccc(CNC(=O)c2ccc(Nc3ncc4c5ccncc5n(C5CCCC5)c4n3)nc2)c1,中毒,28.0731,0.5909
O=C(OC1C[N+]2(CCCNC(=O)C=Cc3ccc(Cl)cc3Cl)CCCC1CC2)C(O)(c1ccc(F)cc1)c1ccc(F)cc1,中毒,17.059,4.7938
COc1ncc(-c2cnn3ccc(-c4nc(CCN5CCOCC5)ns4)c(C)c23)cc1NS(C)(=O)=O,中毒,6.2539,0.7849
C=CCn1c(S)nnc1CN1CCCC1,高毒,323.0732,4.8236
O=C(NCCc1c[nH]cn1)C(c1ccco1)N(C(=O)c1snc(C(N)=O)c1N)C1CCS(=O)(=O)C1,中毒,31.8795,0.5345
CC(C)CC(NC(=O)C(CC(C)C)NC(=O)C(CCCNC(=N)N)NC(=O)c1ccc(-c2ccccc2)cc1)C(=O)NC(CCCNC(=N)N)C(=O)c1nnc(C,高毒,593.0783,2.4125
COc1nc(CCc2nnc(SCC(=O)Nc3nnc(C(C)C)s3)n2C)cs1,高毒,38.4717,0.4132
Cc1c(C(=O)c2ccccn2)nn(-c2ccc(Cl)cc2Cl)c1-c1ccc(Cl)cc1,中毒,23.9845,16.5309
Brc1cc(CN2CCCC3(CCCN(Cc4cnn(C5CC5)n4)C3)C2)on1,低毒,19.3057,0.3703
O=C(NC1CC1)c1ccc(-n2nc3c(c2-c2cccc(Cl)c2F)CS(=O)(=O)CC3)c(F)c1,中毒,52.7858,1.087
CCS(=O)(=O)N1CCC(c2nncn2C2CC2)CC1,高毒,38.096,4.7105
CC(C)CC(=O)N1CCC2(CC1)NCC2c1nnc(C2CC2)n1C,微毒,14.6773,0.9791
CC1=CCCC2(C)C3CCC(C)(C)C3CC12,高毒,97.0733,2.1693
CCC(=O)N(c1ccc(Cl)cc1)C1CCN(CCCCNc2nc3ccccc3nc2N2CCCC2)CC1,中毒,49.2861,2.9886
Cc1nnnn1CCN(C)C(=O)c1c(C)[nH]c(C=C2C(=O)Nc3cc(NC(=O)c4cc(C)ccc4C)ccc32)c1C,中毒,23.8755,0.442
O=C(c1ccc(Cl)cc1)N1CCCC(c2nncn2C2CC2)C1,微毒,18.5935,0.2214
COc1cc2ncnc(Nc3ccc(F)c(Cl)c3)c2cc1OCCCN1CCCC1,低毒,12.2996,0.5346
Cc1cccc(C2CC(=O)c3c(O)cccc3O2)c1,高毒,56.794,1.8524
CCCCCCCCCCCCCCCCn1nnc(C(CC)NC(=O)c2cc(Br)c(Br)[nH]2)n1,中毒,27.6899,0.1138
Cc1ccc(C(=O)Cn2ncc3c(N4CCOCC4)ncnc32)cc1,中毒,66.6218,1.4269
CCn1cnnc1CN1CCCC(c2nncn2C2CC2)C1,微毒,16.9364,0.9966
O=C1CC(c2nnnn2C2CC2)CC2=NC(Cc3ccccc3)=NN12,中毒,21.6766,6.3691
CCOC(=O)C1(Cc2ccccc2)CCN(CCC#N)CC1,高毒,36.3774,3.2309
CC(C)CC1NC(=O)C(CC(C)C)NC(=O)C(Cc2ccc(O)cc2)NC(=O)C(Cc2c[nH]cn2)NC(=O)C2CCCCN2C1=O,微毒,69.94,0.4991
C=CCOc1ccc(OCC)c(CCC(=O)OCCCCC(=O)NO)c1,高毒,58.3278,5.9546
COC(=O)N1CCN(C(=O)N2CCCC2C#N)CC1C,微毒,85.9771,0.477
CC(=O)OC1C(C)CC2(O)C3C=C4CC(OC(=O)CCCCC(=O)O)CCC4(C)C3CCC2(C)C1C,高毒,14.166,4.2159
COc1cccc(CN2CCC(NCc3noc(C4CCC4)n3)CC2)c1,微毒,16.8064,1.1904
O=C(c1ccc(CN2CCCC2)cc1)N1CCCC(c2nncn2C2CC2)C1,微毒,18.5935,0.2214
CC12CCC3C(CCC4CC(N5CCCC5)CCC43C)C1CCC2=O,高毒,25.9124,0.8464
Cc1cc(Nc2ccc3nnn(Cc4ccc(C(=O)Nc5ccc(F)cc5)cc4)c3c2)ncn1,中毒,22.1284,0.7179
NC(=O)c1ccc(CN2CCCC(c3nncn3C3CC3)C2)cc1,微毒,18.5935,0.2214
CC(C)C1(O)CCC2C3CC=C4CC(O)CCC4(C)C3CCC21C,高毒,25.2609,4.1377
N=C(N)NCCCC(NC(=O)OCc1ccccc1)C(=O)C(N)Cc1ccc(O)cc1,微毒,60.8309,0.3268
O=C(Cn1nnnc1C1CC1)N1CCC(c2nncn2C2CC2)CC1,微毒,47.5617,1.0455
CC(C)CC(NC(=O)c1cccc(Cl)c1)C(=O)N1CCCC1C(=O)N1CCCC1C(=O)NCc1ccccc1,中毒,166.7091,0.3287
CC1C(=O)c2ccc(O)c(CN3CCCCC3)c2CCN1Cc1ccc(Cl)cc1,中毒,12.3891,4.4059
Cc1c[nH]c(C(F)(F)F)n1,高毒,593.0783,10.825
COc1ccc(CNC(=O)NCCCCn2nnc3ccc(C(F)(F)F)cc32)cc1OC,中毒,20.1589,0.3072
CCOC(=O)CC1=C(C)NC(C)=C(C(=O)OCC)C1c1cc(OC)ccc1OCC#CCN1CCC(O)CC1,中毒,44.4634,2.2439
CC1(C)OC(=O)C2=C1C1CCC3C4(C)CCC(O)C(C)(C)C4CCC3(C)C1(C)CC2O,中毒,24.7777,0.9583
COc1ccc2nc(O)c(CN(CCN3CCCCC3)c3ccc(C(F)(F)F)cc3)c(=O)c2c1,高毒,593.0783,2.4125
Cc1ccccc1CN1CCOC(CN(C)Cc2nncn2C)C1,微毒,44.2561,5.9958
Cc1nn(C2CCN(Cc3cccnc3)CC2)c(C)c1CC(=O)N1CCOCC1,中毒,22.7175,1.6453
N#Cc1c(-c2ccc(Cl)c(Cl)c2)cn(C2CC2)c1-c1nc2c(c(Nc3ccc(F)cc3C(N)=O)n1)CCC2,中毒,9.4787,1.115
CCc1ccc(C=C2SC(=S)N(Cc3nc4ccccc4n3CC)C2=O)cc1,中毒,41.0368,7.2282
CC(=O)OCC1OC(OC2CCC3(C)C(CCC4(C)C3CC=C3C5CC(C)(C)CCC5(C(=O)NCc5ccccc5)CCC34C)C2(C)C)C(O)C(O)C1O,中毒,16.9248,0.5529
CCn1nc2c3c(cccc31)CCN(Cc1ncc[nH]1)C2,中毒,15.3705,1.8978
COc1ccc(NC(=O)c2cc(Br)cc(Br)c2O)cc1,高毒,36.0621,0.433
O=C(c1ccn2c1CSC2c1cc2cc(Cl)ccc2nc1O)N1CCCC1,高毒,22.8958,0.7096
C=CCN1C(=O)C(C2=NS(=O)(=O)c3ccccc3N2)=C(O)c2ccccc21,中毒,31.1793,0.3852
CCCCCCCCCCCCCCC(=O)OC1C(O)C(O)C23CCC1(O)CC2C1(C)CCC(O)C(C)(C)C1CC3=O,高毒,24.2301,4.1128
O=C1NC(=O)C(=Cc2cnn3c(NC4CC4)cc(NC4CCCNC4)nc23)N1,中毒,19.9373,1.1192
CCCc1nc2c3ccccc3nc(SCc3ccc(OCC(=O)N4CCN(C)CC4)cc3)n2n1,中毒,28.0206,0.1611
N#Cc1ccc(C=NNC(=O)c2nnn(CC(=O)Nc3ccc(F)cc3)c2N)cc1,高毒,14.6103,0.6127
CCCCCCCCCCCCCCCCCCCCCC(=O)OCC(OP(=O)([O-])OCC[N+](C)(C)C)OC(=O)CCCCCCCCCCCCCCCCCC,高毒,20.8945,2.7672
COc1ccc2c(c1)C(=Cc1ccc[nH]1)C(=O)N2,高毒,23.3318,17.4248
Cc1nn2c3c(ccc2c1C)CCC3,高毒,13.938,6.429
CCCC1C(=O)NCCN1Cc1cccc(F)c1,高毒,95.6702,0.2971
COC(=O)C1C2C=CC(C2)C1C(=O)NCc1cccnc1,高毒,49.7099,3.5507
CC(C)CC(NC(=O)C(Cc1ccccc1)NC(=O)C(CC(C)C)NC(=O)OCc1ccccc1)C(=O)C1(C)CO1,低毒,80.1412,0.3808
COc1cc(C2c3cc4c(cc3C(NCc3ccc(C)o3)C3COC(=O)C23)OCO4)cc(OC)c1OC,中毒,104.1673,0.9629
O=C1C=C(N2CCCC2)C(=O)c2c(O)cccc2C1=O,中毒,19.6433,0.63
CC(C)C(Nc1ncnc2[nH]cc(-c3ccc(F)cc3)c12)C(=O)O,中毒,11.0948,2.2526
N#Cc1c(N)n(Cc2ccco2)c(=O)[nH]c1=O,中毒,42.9187,3.9511
CC(C)CC(NC(=O)C(Cc1ccccc1)NC(=O)C(NP(=O)(O)O)C(C)C)C(=O)NC(CC(=O)O)C(=O)c1nc2ccccc2s1,中毒,30.7518,0.3373
O=C(c1ccn(C2CC2)c1)N1CCCC(c2nncn2C2CC2)C1,微毒,10.8727,0.5952
COCC1CCCN1c1nc2c(cnn2C2CCCC2)c(=O)[nH]1,中毒,42.2648,2.5654
Cc1ccc(C(=O)C=Cc2cn(Cc3ccc(F)cc3)c3ccc(N)cc23)o1,中毒,123.7163,0.8634
c1ccc2c(c1)ncc1c(NCCCN3CCOCC3)nc(N3CCCC3)nc12,高毒,22.5571,3.7632
COc1ccc(-n2nnc(C(=O)N3CCN(c4ncccn4)CC3)c2=O)cc1,高毒,593.0783,2.4125
O=C(Nc1nnc(C(F)(F)F)s1)c1cc(F)cc(Oc2cccnc2)c1F,高毒,62.3384,2.9728
O=C(O)c1ccc(OC2CC(n3cnc4c(NC5CC5)ncnc43)C(COP(=O)(O)OP(=O)(O)OP(=O)(O)O)C(O)C2O)cc1,中毒,9.4229,0.3622
Cc1cnn(CCC(=O)Nc2nnc(C3CC3)s2)c1,低毒,18.9503,5.1174
COc1cc2ncnc(Nc3ccc(F)c(Cl)c3F)c2cc1OCCCN1CCCCC1,低毒,12.2996,0.1609
O=C(Nc1cccc(C2=CCN(Cc3cn(CCCCCC(=O)NO)nn3)CC2)c1)c1cc(Cl)cc(Cl)c1,低毒,8.1276,0.2588
CN(C)CCCN1CCCCC(c2nncn2C2CC2)C1,微毒,13.5158,0.224
Cc1cc2ncnc(Nc3ccc(F)c(Cl)c3)c2cc1NC(=O)C1CC1C,中毒,16.3639,1.8222
COc1cccc2c1C(=O)C(=Cc1cn(CC3CCN(Cc4ccccc4)CC3)c3ccc(F)cc13)C2=O,中毒,13.7593,0.1918
COc1cc(OC)c(C(=O)C=Cc2cc3ccccc3o2)cc1Cl,高毒,81.5926,0.9197
Cc1cc(O)c2nc(-c3ccc(S(N)(=O)=O)cc3)cnc2c1,微毒,64.9137,0.3753
CSc1nc(O)c2nnn(C3OC(CO)C(O)C3O)c2n1,中毒,8.5552,0.1985
NCCCn1c2ccc(F)cc2c2nncn2c1=O,低毒,37.8218,0.6327
O=C(c1nn(CCCN2CCOCC2)c2c1CS(=O)(=O)C2)N1CCCC1,中毒,8.5558,0.2737
N#CC1CCCN1C(=O)C1CC(Oc2cccc3ccccc23)CN1C(=O)C(N)Cc1ccc(O)c(O)c1,中毒,18.8812,0.5059
CC1(C)Oc2ccc(-c3noc(-c4cn[nH]c4)n3)cc2CN1c1ccc(F)c(Cl)c1,中毒,39.2615,1.1697
CC(=O)OC1C=C(C)C2C(O)CC3(C)C(CCC4C5(C)CCC(OC6OC(C)C(O)C(O)C6O)C(C)(C)C5CCC43C)C2C1,低毒,13.9441,0.818
NC(=O)c1nc(O)c2c3c(sc2n1)CCCC3,中毒,55.2939,0.442
O=C(NC1(C(F)(F)F)NC(=O)N(CCOc2ccc3c(c2)OCO3)C1=O)c1ccc2cc[nH]c2c1,中毒,50.5759,0.1856
O=C(NC1CCN(Cc2ccc(F)cn2)C1)c1cnn2c1CCCC2,中毒,32.6822,0.3885
Cn1cc(C2=C(c3nn[nH]n3)C(=O)NC(c3ccc(Cl)c(Cl)c3)(C(F)(F)F)C2)c2cc(C#N)ccc21,中毒,53.3335,0.2756
O=C(NN=Cc1ccco1)c1nn(-c2ccccc2Cl)c(=O)c2ccccc12,中毒,13.3061,3.0082
COc1cc(O)c2c(=O)c3c(O)c(O)c(O)cc3oc2c1O,高毒,80.429,6.7809
CC12CCCCC1CCC1C2CCC2(C)C(=O)C3CC=CCC3C12,高毒,200.519,2.1586
CC(C)c1ccc(NC(=O)N2CCc3nncn3C2)c(F)c1,高毒,9.9714,0.3675
CC1=C(C(=O)Nc2cccc(F)c2)C(c2cccs2)NC(=O)N1,中毒,42.0168,0.2914
O=C1CCC(O)(c2cccc(O)c2)CN1CCCCN1CCN(c2ccnc3cc(Cl)ccc23)CC1,中毒,5.0077,0.4235
O=C(NC1CCCCC1)Nc1ccc(C(F)(F)F)cc1,高毒,27.9815,0.84
O=C(O)C12CCC(C)C(C=Cc3ccc(F)cc3F)(CC1)C(O)C2,高毒,17.4711,0.849
Cc1ncc(CNC(=O)c2nccs2)cc1C(C)C,高毒,31.876,0.9182
CCCN(Cc1cc(Cl)no1)C(=O)c1nn(Cc2nnc(C3CC3)o2)c(C)c1CC,中毒,20.7537,0.7498
O=C(Nc1ccc(N2CCOCC2)nn1)N1CCCC2(CCCN(CC3CC3)C2)C1,高毒,64.0943,0.4438
CCC(CC)C(=O)N1CCCC(c2nncn2C2CC2)C1,微毒,16.6651,0.1646
O=c1ccoc2cc(CN3CCCCC3)ccc12,高毒,44.4447,0.693
CC1(C)CCC(C)(C)c2cc(C=CC(=O)c3ccc(O)c(C(=O)O)c3)ccc21,高毒,24.4133,1.6309
CC(C)C(NC(=O)C(N)Cc1ccc(O)cc1)C(=O)NC(Cc1ccc(O)cc1)C(=O)NCCCC(=O)O,微毒,74.6739,0.3595
O=C1C(Cl)=C(Nc2ccc(S(N)(=O)=O)cc2)C(=O)c2c1ccc1ccccc21,中毒,9.9224,1.3976
COc1ccc(-n2nnnc2SCC(=O)Nc2ccc(OC)cc2OC)cc1,高毒,6.4092,0.8883
O=C(COc1ccccc1)Nc1ccc2cnn(C3CCOCC3)c2c1,高毒,51.9811,0.3771
Cc1ccccc1OCC(=O)N1CCc2ncnc(N3CCN(C(C)C)CC3)c2CC1,中毒,34.0808,0.782
O=C1NCCN1CCCCN1CCCC(c2nncn2C2CC2)C1,微毒,16.0082,0.2228
CCCCOC(C(=O)NCNC(=O)c1ccc2nncn2n1)C(CCC)N(O)C=O,高毒,45.6167,0.9037
NC(=O)c1nn(Cc2ccccc2)c(=O)c2c1ncn2Cc1ccc(F)cc1,中毒,21.0951,0.4902
COc1ccc(C=C2SC(=S)N(CCCC(=O)Nc3cccc(F)c3)C2=O)cc1,高毒,19.2118,3.106
Cc1ccc2nc(C)cc(NN=Cc3cc(Br)cc(O)c3O)c2c1,高毒,12.5505,3.0158
Cc1cc2cc(C#N)ccc2n1CC(=O)N1CCN(C(=O)c2ccc3c(c2)OCO3)CC1,中毒,13.9386,0.327
O=C(CCc1nnc(SCc2c(F)cccc2F)o1)NC1CC1,中毒,15.2297,2.0641
CC(=O)NC1CCCN(c2nncn2C2CC2)C1,高毒,144.034,1.5897
Cc1nc(C)c(C(=O)N2CCCC(c3nncn3C3CC3)C2)s1,中毒,32.3769,3.5338
COc1cc(-c2nn(-c3ccccc3F)cc2CN2CCN(Cc3ccc4c(c3)OCO4)CC2)cc(OC)c1OC,中毒,3.9867,0.2186
O=C(O)c1nc2n(n1)CCCC2,微毒,52.5177,0.7758
COc1ccccc1OCCN1CCCC1,高毒,66.5347,1.796
COC(=O)C1=C(Nc2ccccc2)NC(c2nc3ccccc3[nH]2)=C(C#N)C1c1ccc(C)o1,中毒,38.3013,0.5708
O=C(C=Cc1cccc(F)c1)NN=Cc1cccc(O)c1O,高毒,35.6715,10.4392
CCc1ccccc1C(=O)N1CCCC(c2nncn2C2CC2)C1,中毒,18.5935,0.3532
COc1ccc2nccc(CCC34CCC(NCc5ccc6ccccc6n5)(CC3)CO4)c2n1,中毒,34.565,1.2462
Cc1ccc(S(=O)(=O)Cc2nnc3n2-c2cccnc2N=C(c2ccco2)CS3)cc1C,中毒,9.0832,0.1082
Cc1cc2nc(-c3ccc4nc(N5CCOCC5)oc4c3)n(Cc3ccco3)c(=O)c2cc1C,中毒,47.5706,2.1112
Clc1cccc(-c2nnnn2CC2CCCN2Cc2ccncc2)c1,中毒,54.7585,1.3223
O=C1OC(c2ccc3c(c2)OCO3)=CC1=Cc1ccc(Cl)c(C(F)(F)F)c1,低毒,11.0965,0.399
CCOC(=O)c1[nH]cnc1C(=O)N1CCCC(c2nncn2C2CC2)C1,中毒,25.1782,0.5543
Cc1nn(C)c(Cl)c1CN1CCCC(c2nncn2C2CC2)C1,微毒,9.0006,0.1922
Cc1ccc(Br)cc1NC(=O)CC(N)C(=O)N1CCCC1C(=O)NC(C(=O)NCc1ccccc1)C(C)C,中毒,21.8311,0.1452
CCOc1ccccc1CNC(=O)c1cc2c(s1)-c1ccccc1N(C)C2,中毒,12.607,0.7787
CS(=O)(=O)CCN1CCOCC12CCN(Cc1noc3ccc(F)cc13)CC2,高毒,25.817,0.387
Cn1cnc(S(=O)(=O)NC(C(=O)NC(Cc2ccccc2)C(O)C(O)C(Cc2ccccc2)NC(=O)OCc2cnnn2C)C(C)C)c1,中毒,10.6581,0.1352
N#Cc1c(N)nc(SCC(=O)NCc2ccc(F)cc2)c(C#N)c1-c1ccc(F)cc1,中毒,33.2794,2.9774
O=C(NCC1CC1)c1ccc(S(=O)(=O)N2CCN(c3ncnc4[nH]ccc34)CC2)cc1,高毒,54.8229,0.9626
Cc1cc(O)c2c(c1)-c1ccc(F)cc1C(O)C2,中毒,48.5402,1.5184
CC1CCC(NC(=O)Cn2nnc(C3CC3)n2)CC1,微毒,31.3622,1.4017
CCOc1ccc(S(=O)(=O)NCCCN2CCN(CCN3CCOCC3)CC2)cc1,高毒,72.723,0.5708
CC1CC(C)CN(S(=O)(=O)c2ccc3nc(O)c(O)nc3c2)C1,微毒,53.6912,0.4267
CCN(CC)C(=O)C1CCCN1C(=O)OCc1ccccc1,高毒,129.9232,0.4249
O=C1NCCC(=O)N(Cc2ccccc2Cl)CCCN(S(=O)(=O)c2cccs2)C1,高毒,17.4493,0.2169
Cc1nc(CCNC(=O)C2CCCO2)no1,高毒,89.919,0.7917
CC1(C)CCCC(C)(CO)C1CCC(=O)O,高毒,89.5278,5.7682
CC(=O)Nc1cc2c3c(c1)nc(NC(=O)C1CC3)nc1nn2-c1ccc(F)cc1F,高毒,593.0783,2.4125
COc1ccc(S(=O)(=O)N(CC(=O)NO)Cc2ccc(C#CC3(O)CC3)cc2)cc1,微毒,52.2325,0.4356
CCCCCCCCCCCCCCCCCOCC(COP(=O)([O-])OCC[N+](C)(C)C)OCC,高毒,435.6625,0.8171
COc1ccccc1N1CCN(CCCN2CCN(c3nsc4ccccc34)CC2)CC1,高毒,85.5981,1.3892
O=S(=O)(NCCCl)Nc1ccc(C(O)(C(F)(F)F)C(F)(F)C(F)(F)C(F)(F)C(F)(F)C(F)(F)C(F)(F)C(F)(F)F)cc1,高毒,25.9718,0.8428
CCOc1nc2cc(Cl)ccc2n2c(C(Cc3ccccc3)C(=O)O)nnc12,中毒,24.3644,0.6106
CCC(C)C(NC(=O)C(Cc1ccccc1)NC(=O)OCc1ccccc1)C(=O)NC(CC1CCCCC1)C(O)CC(C)C,中毒,107.0852,0.4545
Cc1nn(C2CC2)c(C)c1CCN1CCCC(c2nncn2C2CC2)C1,微毒,2.6615,0.2903
COc1cc2ncnc(Nc3cccc(Br)c3C)c2cc1OC,低毒,22.7773,2.2212
Cc1nn2ccnc2c(O)c1C(=O)c1ccc(C=CC#Cc2ccc(N3CCN(C)CC3)cc2)cc1,中毒,28.2851,0.8854
Cn1c(=O)n(CCCC(=O)NCc2ccccc2Cl)c(=O)c2sccc21,中毒,123.6422,0.2594
CC(=O)c1ccc(OCCCCCOc2ccc3c(c2)C2CC(=O)N(CCN(CC4CC4)C4=O)C(=O)C23)cc1,高毒,593.0783,2.4125
CCOc1ccc(C=CC(=O)C=C(O)c2ccco2)cc1,高毒,108.221,14.277
COc1ccc(Nc2nc3nonc3nc2Nc2ccc(C)cc2)cc1,微毒,36.1399,5.4593
CC1OC(=O)C2CC3CCC(C=CCCCCCC(=O)OCCO)C3CCC12,高毒,28.6217,4.3496
COc1ccc(NC(=O)c2nnn(CC(=O)N3CCCC3)c2C)c(OC)c1,高毒,8.3335,0.366
CCN(CC)C(=O)C1CCN(C(=O)C(CCC(=O)O)NC(=O)c2cc(N3CCC(CN4CCCCC4)CC3)nc(-c3ccccc3Cl)n2)CC1,中毒,28.2776,0.6222
COc1ccc(S(=O)(=O)N2CCCC(C(=O)NCC3CCCO3)C2)cc1,高毒,47.784,0.8023
CCCCCCCCCCCSCC(CC1OC(CO)C(O)C(O)C1O)Oc1ccc(C(=O)c2ccc(O)cc2)cc1,高毒,18.729,2.6486
CCNC(=O)c1cnn(CC2CCC3C4CCC5NC(=O)CCC7(C)C6CC(F)C5(C)C4CCC23C)c1,高毒,593.0783,2.4125
Cc1c(C(=O)N2CCOCC2)sc2ncnc(Nc3ccc(F)cc3OC(C)CN(C)C)c12,中毒,32.5357,0.2821
CCc1nccn1Cc1ccc(-c2ccc(S(=O)(=O)NCCCN3CCCC3=O)cc2)cc1,高毒,19.7452,0.3732
c1cnc(N2CCOCC2)nc1,高毒,238.7201,3.6157
CN(C)CCCNc1cc2c3c(cccc3c1)OCCN2C,高毒,12.3604,0.6477
C=CCN(CC=C)C(=O)C(CC(=O)O)NC(=O)C(CC(C)C)NC(=O)C(CC(C)C)NC(=O)C(Cc1c[nH]cn1)NC(=O)C(Cc1ccccc1)NC(=O,高毒,593.0783,2.4125
COc1ccc2c(c1)C(CC(=O)c1ccc(F)cc1)OC2,中毒,96.1116,1.1719
COc1ccc(C2OCc3csc(Nc4cccc(I)c4)c3C2=O)cc1,中毒,19.7347,3.3205
COc1ccc(S(=O)(=O)NCCc2c[nH]c3ccc(Cl)cc23)cc1,高毒,8.5905,0.4978
O=C(Cc1ccc(Cl)c(Cl)c1)N1CCCC1c1nncn1C1CC1,低毒,64.9016,1.1022
CCc1nc2n(n1)CCCCN2Cc1cncc(C2CC2)c1,中毒,98.7668,7.6449
Cc1ccc(C(=O)Nc2nnc(SCC(=O)c3c(N)n(C4CC4)c(=O)n(C)c3=O)s2)cc1,中毒,12.1824,0.1916
Clc1ccc2nc(-c3ccncc3)n3ncc(C4CC4)c3c2c1,中毒,10.6288,3.9155
Cc1nn(C)cc1C1CCCN(C(=O)CCN2CCC(c3ccc(C(F)(F)F)cc3)CC2)C1,中毒,8.601,1.0845
COc1ccccc1CN1CCC(Nc2ncnc3sc(C(C)C)cc23)CC1,中毒,82.9847,0.3944
CCCCCOc1ccc(CC(=O)NO)cc1,高毒,80.246,3.8246
COc1ccc(-c2nn(C)c3ncnc(N4CCC(NS(C)(=O)=O)CC4)c23)cc1,低毒,40.7496,0.3258
CC1CCCCN1c1nc(N2CCOCC2C)c2ccc(C#N)cc2n1,中毒,49.949,3.6852
COc1cccc(C2CCN(C3CCN(C(=O)OC(C)(C)C)CC3)CC2)c1,高毒,9.0003,0.9028
COc1cccc(-n2c(=O)n(CC(C)C)c(=O)c3c2ncn3C2CC2)c1,低毒,26.781,0.4963
CC1=C(C(=O)OC2CCCCC2)C(c2ccco2)C(C(=O)NCCN2CCOCC2)NC(=O)N1,低毒,44.8356,0.7296
Cc1ccc(NC(=O)CCN2CCN(Cc3cccc(C)c3C)CC2)c(C)c1,高毒,19.9071,0.8819
CCOc1ccc(N2CCN(c3nnc(Cn4nnc5ccccc54)n3CC)CC2)cc1,中毒,32.0813,0.5333
O=C(O)C1CCCN(C(=O)c2cn(C3CCCCC3)c3ncnc(N)c23)C1,低毒,29.0248,0.3684
O=C(O)c1cc2c([nH]c3ccccc32)c(-c2ccc3oc4ccc(O)cc4c3c2)n1,中毒,34.5678,3.4428
O=C1C2CCCN2C(c2ccc3ncsc3c2)N1c1nc2c(s1)CCCC2,中毒,47.7915,2.1017
CCN1CCCC(c2nncn2C2CC2)C1,微毒,13.5158,0.2302
Cc1c(CN2CCCC(c3nncn3C3CC3)C2)cnn1-c1nn2cccc2c(=O)[nH]1,中毒,9.4314,0.1786
CC1=CCCC2(C)C1CC1OC12C(=O)C2=CC(=O)CC(c3ccon3)C2(C)CCC1=O,高毒,593.0783,2.4125
Oc1nnc2n1-c1ccccc1C1Nc3ccccc3C(c3ccccc3)C1CN2,中毒,63.4451,0.3538
CCC(C)C(NC(C)=O)C(=O)NC(CC(C)C)C(=O)NC(C(=O)NC(CC(C)C)C(=O)C1(C)CO1)C(C)C,低毒,108.6421,0.6391
COc1cc2ncnc(Nc3ccc(Cl)c(Cl)c3)c2cc1OCCCCN1CCCC1,中毒,7.6074,0.5346
CCN(CC)Cc1c(C(=O)N2CCOCC2)nn(-c2ccc(C(F)(F)F)cc2Cl)c1-c1cc2cc(F)ccc2[nH]1,中毒,10.9896,0.2013
CC1=CC(=O)CC(C)C12CC(=O)OC2,高毒,45.4162,0.4115
O=C1OCC2(CCN(CC3CC3)CC2)N1c1ccc(Oc2ncccn2)cc1,中毒,12.6905,0.4042
O=C1CC(c2nncn2C2CC2)CN1Cc1ccc(F)cc1F,微毒,20.9308,1.1812
C=CC(=O)N1CCCC(n2nc(-c3ccc4c(c3)CCC4NC(=O)c3cnc(N)nc3N)C2)C1,中毒,93.2042,0.9241
CC(C)Nc1nc(-c2ccncc2)nc2cnc(C3(C)CCN(C(=O)C(C)C)CC3)cc12,中毒,41.0297,0.7712
COc1cc2ncnc(Sc3nnc(N)s3)c2cc1OC,高毒,66.0243,2.7997
CCC(CCC)Nc1nc(NCCCOC)nc(N2CCOCC2)n1,高毒,89.9208,2.6981
COc1ccc2c(c1)c(CC(=O)N1CCCC1CN1CCCC1)cn2C,中毒,30.9034,0.3566
CC(=O)c1cc2c(-c3ccc(C#N)cc3)ncc(C(=O)N3CCCN(C4CCCCC4)CC3)c2c(C)n1,中毒,47.6162,1.1177
CCC(C)C(N)C(=O)N1CCN(c2cncc(OCC3CC3)n2)CC1,高毒,46.8428,0.4286
CCN(CC)Cc1ccc(NC(=O)C2CC(N3CCC(C)CC3)C2)cc1,高毒,51.6399,2.5177
CC1(C)OC(=O)C(=Cc2ccccc2Br)C1,高毒,25.0779,2.5515
CS(=O)(=O)CCNC(=O)c1cc(NC(=O)c2nc(-c3ncccc3F)cnc2N)n(-c2ccccc2F)n1,中毒,41.0522,0.5673
CN1CCC(Nc2nc3cc(Oc4ccc5c(c4)CCN(C(=O)Nc5cc(F)cc(F)c5F)C5)ccc4n3C2)CC1,高毒,593.0783,2.4125
O=[N+]([O-])c1ccc(-n2c(SCc3ccccc3)nnc2-c2cc(F)cc(F)c2)cc1,高毒,62.5678,1.776
CCCCCCCCCCCCCCCc1ccc(CC2COC(c3ccc(OC)c(OC)c3)=N2)cc1,微毒,57.2669,10.5734
CC(C1=CC2C3CC=C4CC(O)CCC4(C)C3CCC21C)C(C)C,高毒,134.7537,0.5386
O=C(NC1CCCc2ccccc21)c1ccnn1C1CCN(Cc2nc3ccccc3n2Cc2ccc(Cl)cc2)CC1,中毒,25.1886,1.2066
O=C(c1ccc([N+](=O)[O-])cc1)N1CCCCC1c1nncn1CC1CC1,低毒,25.1389,1.0298
Cc1cc(C#N)cc(C)c1Oc1nc(NC2CCN(c3ccc(C#N)cc3)CC2)nc2c1CCN(Cc1cccnc1)C2,中毒,10.635,0.228
CC(C)C(NC(=O)OC(C)(C)C)C(=O)Nc1nnc(S(N)(=O)=O)s1,高毒,50.2322,0.7633
CCCCCCCCCCCCCCCCCCCCCCCCCCC(=O)NCC(O)CO,高毒,161.4223,2.3168
Cc1nnc2n1-c1sc(C#CCN3CCN(c4ncccn4)CC3)cc1C(c1cccc(S(N)(=O)=O)c1)N(c1ccc(C#N)cc1)C2,中毒,10.2181,0.6009
COc1ccc(OC)c(CCNS(=O)(=O)c2c[nH]cn2)c1,微毒,51.9367,1.165
CC(C)c1nnc2n1-c1sc(C#Cc3ccccn3)c(C=O)c1CCN(Cc1ccc(C(F)(F)F)cn1)C2,中毒,16.933,0.7709
N#Cc1cccnc1CN1CCCC(c2nncn2C2CC2)C1,微毒,6.5014,0.4035
O=C(Nc1ccc(F)c(I)c1)c1nnn2c1nc(N1CCCCC1)c1ccsc12,中毒,29.5392,0.3393
COc1ccc(N2C(=O)C(O)=C(C(=O)C(C)(C)C)C2c2ccc3c(c2)OCO3)cc1,中毒,14.596,0.9162
CC(C)OCCOCCOCCOCCOCCOCCOCCOCCn1cnc2c(NCC(C)O)ncnc21,低毒,51.6915,0.6933
CCCCCCCCCC(=O)NC(Cc1ccc(O)cc1)C(=O)NC(CC1CCCCC1)C(O)CC(=O)N1CSC(C)(C)C1C(=O)Nc1cccc(C(F)(F)F)c1,中毒,19.0805,0.4422
COc1ccc(NC(=O)C2CCCN(c3nnc(C)s3)C2)cc1,高毒,23.8649,1.9324
O=C(NC(=S)NN=Cc1ccco1)c1cccs1,高毒,199.5365,15.2908
Cc1c(C(=O)NCc2ccco2)sc2ncnc(Nc3ccc(S(=O)(=O)N4CCCC4)cc3)c12,中毒,45.0931,0.2151
Cc1cn(C2CC(N=[N+]=[N-])C(COP(=O)(O)OP(=O)(O)OP(=O)(O)OP(=O)(O)O)c(=O)n2n1)C(=O)O,高毒,593.0783,2.4125
N#Cc1c(N)nc(SCc2ccccc2F)c(C#N)c1-c1ccc(F)cc1,中毒,27.1217,3.5687
O=C(c1nnnn1C1CCCC1)N1CCCC(c2nncn2C2CC2)C1,微毒,15.5316,0.3405
CC(C)=CCCC(C)=CCCC(C)=CCCC(C)=CCCC(C)=CCCC(C)=CCSCCC(=O)N1CCCCC1,高毒,194.1481,0.4523
CCC(=O)c1sc(NC(=O)c2ccsc2)nc1C,高毒,35.2577,0.1581
O=C1C2C3C=CC(C3)C2C(=O)N1c1nnc(CCCCCCCc2nnc(NC(=O)Cc3cccc(Cl)c3)n2Cc2ccc(F)cc2)s1,中毒,39.5866,8.5558
COc1cc2nc(N3CCC(NCC4CCCc5c(F)cnc6[nH]ncc56)CC4C3)nc(N)c2cc1OC,中毒,10.8921,0.6082
COc1ccc(C(c2ccc3c(c2)OCO3)n2nnnc2N2CCN(S(=O)(=O)N3CCOCC3)CC2)cc1,高毒,5.2653,0.5773
NC(=O)c1cnc(N2CCN(CCCF)CC2)nc1N1CCC(Oc2ccc(Cl)cn2)CC1,低毒,127.1477,7.3036
Cc1nnc(CN2CCCC(c3nncn3C3CC3)C2)o1,微毒,13.5158,0.2099
Cc1cc2nc(SCc3nnc(SCC(=O)NCCc4ccc(Cl)cc4)n3Cc3ccco3)nn2cc1C,高毒,20.9191,0.5953
COc1ccc(-c2nnc3n2N=C(c2ccc(C)cc2F)CS3)cc1,高毒,124.5404,1.4333
O=C(COC(=O)CCc1c(F)cccc1F)NC1CCCC1,微毒,26.357,1.4361
CCCCCCCCCCCCCCCCCCOC(=O)C[N+]1(C)CCc2c(ccn(-c3ccc(F)cc3)c2=O)C1,中毒,17.7014,7.2949
CCOC(=O)C1=C(C)NC(=O)NC1c1ccco1,中毒,28.5484,1.2829
CN1CCCCCN(Cc2cc(C(F)(F)F)cc(C(F)(F)F)c2)C(=O)c2c(NC(=O)c3cnccn3)scc2C1=O,低毒,25.8173,0.3909
Cc1cccc(C)c1-n1nnnc1SCC(=O)N1CCN(c2cccc(Cl)c2)CC1,高毒,21.2911,0.1983
N#Cc1ccc(C=NNc2nc3ccccc3nc2Nc2cccc(C(F)(F)F)c2)cc1,微毒,5.275,1.7968
O=C(CCc1nnc(CNS(=O)(=O)c2ccccc2Cl)o1)NC1CCCCC1,高毒,21.3065,0.8987
Cc1cccc(N2CCN(CCc3nsc(NC(=O)c4ccc5c(c4)OCO5)n3)CC2)c1,高毒,28.8174,1.1741
CCCCCCCCCCCCCCCCCNC(=O)c1cc2c([nH]c3ccccc32)c(C)c1-c1cccnc1,中毒,30.2084,2.9166
Cc1cc(C)n(N=Cc2ccncc2)n1,高毒,70.7765,7.2639
Cn1cc(CN2CCCC(c3nncn3C3CC3)C2)cn1,微毒,11.6615,0.2099
O=c1ncn(C2OC(COP(=O)(O)OP(=O)(O)OP(=O)(O)OP(=O)(O)O)C(O)C2O)c(=O)[nH]1,低毒,7.4791,6.4808
O=C(Nc1cc(C2CC2)[nH]n1)N1CCN(c2ncnc3[nH]cnc23)CC1,高毒,25.4851,0.7762
CCOC(=O)C1CCCN(S(=O)(=O)c2cc3c(s2)CCC3)C1,中毒,10.3959,0.1523
CCCOc1ccc(C2NC(=O)NC(C)=C2C(=O)OCC)cc1,中毒,30.7136,0.6685
CCCC(NC(=O)C(CCCNC(=N)N)NC(=O)C(CCCCN)NC(=O)C(CC(C)C)NC(=O)C(Cc1ccccc1)NC(=O)OC(C)(C)C)C(=O)NC(CO)C,微毒,93.4912,0.3379
O=C(CSc1nnc(CNC(=O)c2cccs2)n1-c1ccccc1)Nc1ccccn1,高毒,47.3615,1.0083
CCOC(=O)C1=Nc2ccccc2NC1c1ccccc1Cl,中毒,80.4579,1.0119
O=C(CCC(=O)N1CCCCC1C1CCCCC1)NC1CC1,高毒,146.4992,1.0498
Fc1ccc(-c2nnc(SC3CCNCC3)n2-c2ccc(F)c(F)c2)cc1,高毒,81.6175,1.912
CC(=O)OCC1OC(Oc2ccc3c(c2)N(S(=O)(=O)c2ccc(C)cc2)CCN3C(C)=O)CC(OC(C)=O)C(OC(C)=O)C1OC(C)=O,中毒,18.9425,0.4119
CCOc1ccc(C(C#N)=C(N)Sc2nnc(O)n2C2CCCC2)cc1,微毒,17.4787,5.8429
CCC(O)(c1cccc(Cl)c1)c1nncn1C1CC1,微毒,17.104,1.3747
COCCN1CCCC(c2nncn2C2CC2)C1,微毒,13.5994,0.2094
Cc1cc(=O)oc2cc(NC(=O)COc3ccc(Br)cc3)ccc12,高毒,99.6294,1.2893
COc1ccc(OC)c(-c2nnnn2Cc2ccc(OC)c(OC)c2)c1,高毒,7.8934,0.3926
O=C(NN1C(=O)C2C3c4ccccc4C(c4ccccc43)C2C1=O)c1ccc(F)cc1,中毒,16.888,0.2764
CN1CCCC(c2nncn2C2CCCC2)C1,微毒,13.5158,0.3554
Nc1ccc(S(=O)(=O)c2ccc(C=C3SC(=S)NC3=O)cc2)cc1,高毒,161.2515,4.9637
Cc1nnc2sc(-c3ccc(F)c(Cl)c3)nn12,高毒,24.7552,0.1858
CC(C)Cc1nc(CN2CCCC2c2nnn3cnnc23)cs1,高毒,593.0783,2.4125
Cc1nn(C)c(C)c1CC(=O)N1CCCC(c2nncn2C2CC2)C1,微毒,24.4528,0.1545
COc1cccc(-c2cc3ncc(C(=O)C4CC4)c(NC4CCC(O)CC4)c3n2)c1,高毒,593.0783,2.4125
CCc1nc2cc(C)ccc2n1Cc1ccc(-c2ccccc2S(=O)(=O)NC(=O)NCc2ccco2)cc1,中毒,41.0868,0.3687
CC(=O)OCC1(n2cc(CN3CCN(C(c4ccccc4)c4ccccc4)CC3)nn2)C(OC(C)=O)C(OC(C)=O)C(OC(C)=O)C1OC(C)=O,低毒,8.2991,0.1822
Cc1cc(Nc2nc(NC3CC3)n3ncc(C=C4NC(=O)NC4=O)c3n2)cc(C)c1C,中毒,4.3832,1.7045
COc1cccc(C2Sc3ccccc3N(C)C2=O)c1OC,中毒,48.2176,2.121
CCC(O)CN1CCCC(c2nncn2C2CC2)C1,微毒,21.0909,0.2003
COc1ccc2nc(-c3nn(CC4CCCCC4)c4ncnc(N)c34)ccc2c1,中毒,108.6454,0.9955
COc1cc2ncnc(N3CCN(Cc4cccc(NC(C)=O)c4)CC3)c2cc1OC,中毒,49.2699,0.2727
CN1CCCN(c2nnc(C3CC3)s2)CC1,高毒,10.314,5.4368
COCCN1CCCC(c2nncn2C2CC2)C1,微毒,13.5994,0.2094
COc1ccc(CCN(CCCCCCCCn2c3ccc(N)cc3c3cc(OC)c(OC)cc3c2=O)Cc2cc(OC)c(OC)c(OC)c2)cc1,中毒,20.3004,3.2368
COc1cccc(NC(=O)Nc2ccc3ncnc(Nc4cccc(Br)c4)c3c2)c1,中毒,17.7377,4.272
Cc1nc(C(=O)N2CCCC(c3nncn3C3CC3)C2)cs1,中毒,34.9979,0.6205
COc1cccc(C=CC(=O)OC2CC=C(C)CC3OC3(C)C2OC(C)=O)c1,高毒,17.5643,9.5642
Cc1nc(N2CCCCC2)c2nc(C(F)(F)F)n(CCN)c2n1,中毒,73.6978,0.5333
CN1CCOCC1c1nncn1CC1CC1,高毒,78.0249,1.2063
O=C(CBr)N1CCN(C2CCC(c3nnc4n3CCCC4)CC2)CC1,微毒,50.2198,0.4326
Cc1nnc2n1CCN(C(=O)CC1CCCCC1)CC2,高毒,27.413,0.1204
O=C(NC(Cc1ccccc1)C(=O)N1CCCC1)c1cc(Cc2n[nH]c(=O)c3c2NCCC3)ccc1F,中毒,49.0158,0.538
CC(C)CNc1nc(Nc2cnn(C)c2)nc2c1ncn2C1OC(CO)C(O)C1O,中毒,11.0785,0.3247
O=C(O)c1nc(-c2ccccc2)nc2c1sc1nc(C3CC3)cc(-c3ccc(F)cc3)c12,中毒,47.5808,0.586
N#CC1=C(N)Oc2c(c(=O)oc3c2CCc2ccccc2-3)C1c1cccnc1,中毒,24.4347,0.4678
COc1cc2ncnc(Nc3ccc(OCc4ccc(F)c(F)c4)c(Cl)c3)c2cc1OC,低毒,15.6207,0.1059
CN(CCO)C(=O)c1cnc(-n2ncc3cc(C#N)cnc32)cc1NC1CCCCC1,中毒,21.664,1.0732
Oc1cc2cc(Cl)c3nccc(Oc4cccc(O)c4)c3c2cc1OCCCN1CCCCC1,高毒,17.8662,1.3314
Cc1ccc(-n2nc3n(c2=O)CCC(C)N3C(C)=O)cc1,中毒,120.0248,0.2554
Cc1cc(=O)n(CCCN2CCC(c3nnc4n3CCCC4)CC2)cn1,微毒,56.3702,2.9103
CCC(C)NC(=O)c1cnn2cc(O)c(Cc3cccc(F)c3)nc12,中毒,117.3439,1.0719
CN(C)S(=O)(=O)c1ccc(C(=O)Nc2ccc(CN3CCCCC3)cc2)cc1,高毒,74.9949,0.3547
CCCn1c(=O)c2[nH]c(-c3cnn(CCC(=O)Nc4ccc(C(=O)Nc5ccc(CC(=O)O)cc5)cc4)c3)c2n(CCC)c1=O,高毒,593.0783,2.4125
Cc1nn(Cc2ccccn2)c(=O)c2nn(CC3CC3)c(=O)cc12,中毒,14.4736,0.488
CCCCCCCCCCCCC1CCC(=CCCC(=O)O)C1,高毒,163.4779,2.5701
COc1ccc(CNC(=O)c2ccnc3c(C(F)(F)F)cccc23)cc1OC,高毒,167.6671,0.3307
COc1ccc(C2C(C#N)=C(N)Oc3c2c2ccccc4nc2Cl)cc1,高毒,593.0783,2.4125
CC(=O)NC1CCN(c2nc(N3CCN(C(=O)C4CNCCO4)CC3)nc3c2CCN3c2cc(F)ccc2F)CC1,中毒,6.2684,0.3018
Cc1cc(F)ccc1Oc1cncc(Cl)c1C=CC(=O)O,高毒,12.4664,10.4392
CC1Cn2nnnc2CN1C(=O)c1ccc(F)cc1F,中毒,29.8908,0.1338
COc1ccc(-c2nnc(CSc3nc4ccccc4n3C)n2C2CCCCC2)cc1OC,中毒,90.4748,2.5972
Cn1nc(C(F)(F)F)cc1C(=O)N1CCCC(c2nncn2C2CC2)C1,中毒,53.7406,1.4174
O=C(CCN1CCCCC1)Nc1nnc(CCCCc2nnc(NC(=O)CCCCc3ccccc3)s2)s1,高毒,35.1592,7.3554
Cc1ccc2nc(N3CCC(O)CC3)nc(NC3CCCCC3)c2c1,中毒,51.2184,5.6275
Cc1nn(CC(=O)Nc2ccc(C)nc2)c(=O)c2cc3sccc3n12,中毒,107.3343,0.1275
Cn1nc(-c2ccc(F)cc2F)c2c(NCCCN3CCCC3=O)ncnc21,低毒,9.6135,0.3524
CC(C)N1CCC(n2nccc2NC(=O)c2cnn3cccnc23)CC1,高毒,29.2113,0.6015
O=c1cc(-c2cccc(Cl)c2)oc2cc(OC3OC(CO)C(O)C(O)C3O)c(O)c(O)c12,低毒,25.8443,1.4394
CCCCCN(CCCCC)CC1OC(n2cnc3c(NC(C)=O)ncnc32)C(O)C1O,中毒,66.6817,0.5322
CC(C)(C)OC(=O)N1CCC(c2nnc(SCC#N)n2CC2CC2)CC1,微毒,26.812,0.6013
CCCC(C)C(O)C=CC1C(O)CC(=O)C1CC=CCCCCCC(=O)O,微毒,103.8749,0.7343
COc1ccc(Cl)cc1N1CCN(CCN2C(=O)c3ccccc3C2=O)CC1,高毒,7.367,0.6598
C=CCN1CCC(N(Cc2coc(-c3cccnc3)n2)S(=O)(=O)c2ccc(OC)cc2)CC1,高毒,315.9118,0.9715
CCCCCCCCCCCN1CC23CCC(C)(CCC2C1)C3,高毒,25.9124,1.5196
CC1CCCCN1c1nc2sc(C(=O)NCCN3CCCCC3)c(=O)c2nc1N1CCCCC1,高毒,593.0783,2.4125
CC1CCCN(CC(=O)NCCN2CCOCC2)C1,高毒,241.9605,0.4485
CCC(=O)Nc1ccc(-c2noc(C3CCCCC3)n2)cc1,高毒,145.273,4.2074
Cc1noc(C)c1CN1CCCC(c2nncn2C2CC2)C1,微毒,15.4294,0.2046
Cc1ncc(CN2CCCC(c3nncn3C3CC3)C2)no1,高毒,593.0783,2.4125
COc1ccc(CCN(C(=O)Cc2csc(NC(=O)c3ccc(C)cc3)n2)c2ccc(OC)c(OC)c2)cc1,中毒,9.113,0.9376
C#CCNC(=O)CC1CCCC(=NOCc2ccccc2OC)C1,高毒,40.3823,4.4127
Clc1ccc(OCCCCCCCCCCc2nnc3n2N=C(c2ccc(Br)cc2)CS3)cc1,微毒,10.291,0.8899
CC(C)Oc1cc(NCCCCN)n2ncc(C=C3NC(=O)NC3=O)c2n1,中毒,23.031,2.2856
Cc1nc(C(F)(F)F)nc(Oc2cccc3nncn23)n1,微毒,38.625,2.5662
CC(C)C(NC(=O)CCc1nc2ccccc2o1)C(=O)NCc1ccco1,高毒,63.1157,1.2733
CCNC(=O)c1cnc(Nc2ccc(N3CCN(C(C)=O)CC3)c(Cl)c2)nc1NC1CC(CO)C(O)C1O,中毒,11.5637,0.3199
CCOC(=O)C(=O)C1(O)CCCN(C(=O)c2ccc(CC)nc2)C1,低毒,31.0851,0.4843
CCOC(=O)N1CCN(c2nnc(CSc3nncn3C)n2CCc2ccccc2)CC1,中毒,84.7834,0.3715
COc1ccccc1N1CCN(CC(O)CN2C(=O)COc3ccc(S(=O)(=O)N4CCCC4)cc32)CC1,高毒,63.7322,0.1897
O=C1NC(=O)C(=Cc2cnn3c(NC4CC4)nc(Nc4ccc(OCc5ccccc5)c(F)c4)nc23)N1,中毒,1.7856,1.9838
O=C(CCn1cncn1)N1CCCC(Cn2nccn2)C1,高毒,59.5978,0.7807
O=C(O)CC1CCCC(CNc2ncnc3c2nc2n3CCCN2CCCO2)C1,高毒,593.0783,2.4125
O=C(O)c1cccc(NC(=O)Nc2cccc(Cl)c2)c1,高毒,6.2519,0.7177
Cc1nonc1CN1CCCC(c2nncn2C2CC2)C1,微毒,13.5158,0.2099
CC(C)(C)c1csc(NC(=O)N2CCCC(c3nnc4n3CCC4)C2)n1,中毒,20.2262,0.2054
Cn1c(=O)n(C2CCN(C)CC2)c(=O)c2c1nc(NC1CCOC1)n2C1CCCC1,中毒,26.2278,0.3353
COc1cc(N2CCCC2)cc2cc(C(=O)N(C)Cc3ccc(F)cc3F)oc12,中毒,28.5252,3.6144
Cn1nccc1CN1CCCC(c2nncn2C2CC2)C1,微毒,25.1026,0.197
CC1CN(C(C)CO)C(=O)c2cccc(NC(=O)Nc3cccc(Cl)c3)c2OC1CN(C)Cc1cnn(C)c1,中毒,5.5868,0.1852
N#Cc1cccc(Nc2ncnc3ccc(-c4cnn(C5CCOCC5)c4)cc23)c1,中毒,11.8098,4.6024
COc1ccc(CC2Nc3cc(OC)c(OC)cc3C2CC(=O)Nc2ccccc2OC)cc1,中毒,6.0165,0.9733
COc1cc2c3c(c1OC)-c1cc4c(cc1CC3N(CCCN1CCCC1=O)CC2)OCO4,中毒,26.0774,0.2037
Cc1cc(CN(Cc2cn(C)nc2C)C(=O)c2ccc(F)cc2)no1,低毒,233.5013,0.6984
CCOC(=O)c1c(NC(=O)c2ccc(OC)c(OC)c2)sc2c1CCCCC2,中毒,27.7628,1.221
CC(=O)N1CCC(Oc2ccc3nnc(C(F)(F)F)n3n2)CC1,中毒,40.1878,0.3739
COc1ccc2nccc(CCC3CCC(NCc4nnnn4C4CC4)CC3)c2c1,中毒,15.5497,1.2443
Cc1cn(CC2CC(N=[N+]=[N-])C(COP(=O)(O)OCC3OC(n4ccc(=O)[nH]c4=O)C(O)C3O)O2)c(=O)[nH]c1=O,中毒,7.871,0.4588
Cc1nn(C)c(Cl)c1C(=O)N1CCCC(c2nncn2C2CC2)C1,低毒,28.5513,0.1922
COc1ccc(CCN2CCN(c3nc4ccccc4nc3NS(=O)(=O)c3ccc(F)cc3F)CC2)cc1,中毒,33.2489,0.7099
CN1CCN(c2nn3c(-c4ccccc4)nnc3c3ccccc23)CC1,高毒,164.6617,1.2822
Cc1nn(-c2ccccc2)c(Cl)c1C=Nc1nncs1,中毒,149.2331,17.3884
Cc1cc(C)cc(C(=O)N2CCCC(CN(C)Cc3cc(F)ccc3OC)C2)c1,高毒,20.6055,0.1898
Cc1cccc(N2CCN(CCCOc3ccc4c(=O)cc(-c5ccc(OC(F)(F)F)cc5)oc4c3)CC2)c1,高毒,17.6919,1.1886
CCC(=C(c1ccccc1)c1cccc(OCCN2CCCC2)c1)c1ccccc1,高毒,36.2023,3.8263
CCCCCCC(CCO)n1cnc2c(N)ncnc21,高毒,115.1956,0.2091
Fc1ccc(Nc2ncnc3c2CN(c2ccc(-c4nn[nH]n4)cc2)CC3)cc1,低毒,17.0434,0.9103
CCOC(=O)C1CCCN(Cc2nnc(SCC(=O)Nc3nc(C)cc(C)n3)n2C2CCCC2)C1,中毒,24.4773,3.6211
Cc1nnc2c(SCC(=O)Nc3ccccc3F)nc(C)nn12,中毒,31.2683,0.1547
O=C(CCn1nnc2cc(F)ccc2c1=O)Nc1nnc(-c2ccccc2)s1,低毒,75.1825,0.2897
CCCCc1nnc2ccc(-c3cccc(OCC)n3)nn12,低毒,32.305,1.3967
C=CC1(C)CC(OC(=O)CSC2=C(C)C(=O)C(NCCCCCCNC(=O)C(C#N)=Cc3cc(OC)c(OC)c(OC)c3)C(C)(C)C2CCC2(C)C)C2(C)C,高毒,593.0783,2.4125
CC(C)N1CCN(C(=O)c2ccc(Nc3ncc(F)c(-c4cccc5cnccc45)n3)cc2)CC1,中毒,3.9237,0.1745
Cc1cnc(CN2CCCC(c3nc(C4CC4)no3)C2)n1C,微毒,14.1802,1.3039
Cn1c(C2CCCCC2)nnc1CN1CCCC(c2nncn2C2CC2)C1,微毒,11.5192,0.9017
COc1ncc(C(=O)N2CCCC(c3nncn3C3CC3)C2)cn1,微毒,18.1851,0.1827
COc1cc2ncnc(Nc3ccc(F)c(Cl)c3)c2cc1OCCCN1CCN(C)CC1,低毒,12.2996,0.5346
CC(=O)Nc1ccc(NC(=O)Cn2nnc3cc4c(cc3c2=O)OCCO4)cc1,高毒,59.8144,1.8842
CCCCCCCCCCCCCCCCCNC(=O)CCC(NC(=O)C(CCC(=O)O)NC(=O)C(CCCN=C(N)N)NC(=O)C(Cc1ccc(O)cc1)NC(C)=O)C(N)=O,微毒,96.2697,0.1314
N#Cc1cc(C=C2SC(=S)N(Cc3ccc(C(=O)O)cc3)C2=O)ccc1Cl,低毒,44.546,7.2727
CC1CN(c2nnc(C3CC3)n2CC2CC2)CCC1(O)c1ccc(C(F)(F)F)nc1,中毒,34.5257,7.6131
CCCCCCC1CCCC(=O)N1Cc1ccc(-c2ccccc2-c2nn[nH]n2)cc1,中毒,36.0893,0.6235
CC(C)n1nc(-c2ccc(C#N)cc2)cc1NC(=O)c1cnn2cccnc12,高毒,25.2262,0.4453
COc1cc2ncnc(N3CCCC(c4nnc(Cn5cnc6ccccc65)n4)C3)c2cc1OC,高毒,593.0783,2.4125
CCOC(=O)C1=CC(C)(OCC)C2C(=O)N(c3ccc(OC)cc3)C(=O)C2C1c1ccc(C#N)cc1,中毒,30.0015,1.3758
Cc1cc(C)n2nc(C(=O)N3CCC4(CC3)OCCO4)nc2n1,中毒,177.2714,0.9738
COc1cc(C=CC(O)=CC(=O)c2cc3ccccc3s2)cc(OC)c1OC,高毒,65.2356,1.1018
CCCOC(=O)c1nnc(NC(=O)C2CC2)s1,高毒,83.1238,18.9481
C=C1CCC2C(C)(COC(=O)C(=Cc3ccc(C(=O)O)cc3)C(=O)OC)CCC3(C)C(=CCC4C5(C)C=CC(=O)C(C)(C)C5CCC43C)C2C1C,高毒,39.2552,0.1795
C=CCNC(=O)c1ccc2nc(N3CCN(C)CC3)nc(NCCCc3ccccc3)c2c1,中毒,49.66,2.0554
COc1cccc(CNC(=O)NC2CCCCC2C(=O)NC(Cc2ccccc2)C(O)CNC(CC2CCCCC2)C(O)CN2CCCC2CN2C(=O)c3ccccc3C2=O)c1,中毒,7.8919,0.4039
CN(C)CCC(=O)Nc1sc2c(c1-c1nc3cnccc3s1)CCNC2,中毒,42.848,1.0965
C=CCn1nc(C(C)C)cc1C1CCCN1C(=O)c1cccc(C)n1,中毒,41.6492,0.405
CCN1CCCCC1CNC(=O)c1cnc2c(C)cc(C)nc2c1OC,高毒,32.2422,0.141
O=C(NC1CSSCC(C(=O)N2CCOCC2)NC(=O)C2CCCN2C(=O)CNC(=O)CNC1=O)NC1CCCCC1,微毒,243.8934,0.8965
CCOc1ccc(C#Cc2cnc3c(NC(=O)C4CC4)nc(C)nn23)cc1,中毒,5.8551,0.3629
CC(C)CC(NC(=O)C(NC(=O)NCC(N)=O)C(C)C)C(=O)NC(CCCCN)C(=O)NC(CC(C)C)C(=O)NC(CCCN=C(N)N)C(=O)O,微毒,125.2807,0.2317
CC1CCN(c2ncnc3c2ncn3C2OC(CO)C(O)C2O)CC1,中毒,11.0785,0.3289
CC#CCn1c(SCC(=O)N2CCCC2)nnc1-c1ccnc(NC2CC2)c1,高毒,34.0769,0.4793
COc1cc(C=NNC(=O)c2nc3ccsc3n2Cc2cccs2)cc(OC)c1OC,高毒,55.5057,0.8624
CCC(=O)N1CCCC(c2nncn2C2CC2)C1,微毒,24.615,0.1646
CN1CCN(c2ncc(CNc3ncnc4c3ncn4C3CC3)c(=O)n2C2CC2)CC1,低毒,12.9601,0.438
CC1CC(O)C2ON3CCC4(O)C5OC6OC7(C)CCC8C(C)CCC(C2C)C57OO6,高毒,593.0783,2.4125
Cc1nnc2n1N=C(c1ccc3c(c1)OCO3)CS2,微毒,57.9762,0.6053
CC1=C(C(=O)NC2CCCCC2)C(c2ccc(OCc3ccccc3)cc2)NC(=O)N1,中毒,35.4276,0.6647
COC(=O)c1cc(O)cc(OC2OC(CO)C(O)C(O)C2O)c1,低毒,14.7639,2.9924
CCOc1ccc(CCNC(=O)Cc2nn(Cc3ccccc3)c3nc(C)c(C)nc23)cc1OCC,中毒,57.7901,0.6381
O=C(NC1CC1)N1CCC(c2nncn2C2CC2)CC1,微毒,62.135,0.176
CN(C)CCn1nc(-c2ccc(F)cc2F)c2cccnc21,中毒,18.297,0.3052
COc1ccc(C2C3=C(CCC3=O)NC3=C2C(=O)CC(C)(C)C3)cc1,中毒,10.4369,0.677
CC(C)(C)OC(=O)N1CCCC(Cn2cnc3c(cnn3C3CC3)c2=O)C1,高毒,39.3881,1.5445
COc1ccc(-n2nnnc2SCC(=O)OCC(=O)Nc2nnc(CCCCNC(C)=O)s2)cc1,高毒,30.3158,0.4947
Cc1nn(CC(F)F)c(C)c1CN1CCCC(c2nncn2C2CC2)C1,微毒,9.0006,0.3277
COc1ccc(C(=O)C2CCN(S(=O)(=O)c3ccc4c(c3)oc(=O)n4C)CC2)cc1OC,中毒,45.0147,0.9783
CC1(C)CC=C(c2nnnn2C2CC2)CC1,微毒,38.0237,2.757
COC(=O)C(Cc1ccccc1)NC(=O)C(Cc1ccccc1)NC(=O)C(CC(C)C)NC(=O)OC(C)(C)C,微毒,78.0969,0.4657
COc1cccc(OC)c1C1=NN(C(C)=O)C(c2ccc(Cl)c(Cl)c2)C1,中毒,19.1949,1.7647
CC1(C)SC2C(NC(=O)CN3CCOCC3)C(=O)N2C1C(=O)O,中毒,34.4394,0.3565
CCCNC(=O)Oc1ccc(C(=O)C=Cc2cn(Cc3ccccc3F)c3ccccc23)cc1,高毒,86.4469,1.3063
CSc1nnc(CN2CCN(Cc3ccc(F)cc3F)CC2)o1,高毒,31.3459,0.2971
COc1ccc(-c2nc(CN3CCOCC3)co2)cc1,高毒,371.0146,0.635
N=C(N)NCCCC1NC(=O)C(Cc2nc3cc(Cl)ccc3[nH]2)C(=O)NC(Cc2c[nH]c3ccccc23)C(=O)NC(Cc2ccccc2)C(=O)N1,中毒,39.6062,1.1121
COc1ccc(CCNC(=O)Cn2nnc3ccccc3c2=O)cc1OC,高毒,79.475,3.1306
CCCN1CCC(Oc2ccc3[nH]c(-c4n[nH]c5cc(OC)c(OC)cc45)c(C)c3c2)CC1,中毒,15.8011,2.2879
Nc1nc(CC2CCCC2)nc2sc3c(c12)CCCC3,中毒,13.6169,0.1861
CC(C)(C)C(=O)OCCn1nc(C(F)(F)F)c(Cl)c1=O,高毒,593.0783,2.4125
O=C(NC1CCCC1)c1ccc(-c2csc(-c3ccccc3)n2)cc1,中毒,35.4447,0.5164
CCCCCCCC1c2[nH]c3ccccc3c2CCN1C(=O)c1ccc(F)cc1,中毒,163.3769,0.2856
Cc1ccc2oc(=O)n(CCC(=O)O)c(=O)c2c1,高毒,29.8355,1.3785
CC(=O)Oc1ccc2c(c1)C(=O)N(CC1(C#Cc3ccccc3)NC(=O)NC1=O)C2,中毒,40.2451,0.2239
COc1cc(OC)c2c(C(=O)N(C)Cc3nncn3C)n[nH]c2c1,低毒,18.9619,0.2542
Cc1cccc(S(=O)(=O)c2nnn3c2nc(N2CCCC(C)C2)c2sccc23)c1,中毒,18.9787,0.4785
COc1ccc(CCNC(=O)c2nn(C)c(=O)c3c2CCCC3)cc1OC,中毒,150.4576,0.3204
O=C(NC1CCS(=O)(=O)C1)c1cn(Cc2ccccc2F)c2ccc(-c3cnn(C4CC4)c3)cc12,中毒,100.7216,0.2636
O=C(NC(Cc1ccccc1)C(O)CC(Cc1ccc(Cl)cc1Cl)C(=O)N1CCCC1C(=O)NO)c1ccccc1,中毒,10.4388,0.3384
Cn1cnnc1CN1CCCC(c2nncn2C2CC2)C1,微毒,16.9364,0.9966
CC(C)(C)OC(=O)N1CCC(CN2CCC(Cc3c[nH]c4ccccc34)CC2)CC1,高毒,7.8782,2.3099
CC(=O)OC1CCC2(C)C(CCC3(C)C2CC=C2C4CC(C)(C)CCC4(C(=O)O)CCC23C)C1(C)C,高毒,23.9781,4.0473
O=C(CN1CCCC1c1nncn1C1CC1)N1CCCCC1,低毒,133.047,0.5923
O=c1cc(COCCCCCOc2ccc(F)cc2)c2ccc(O)c(OC3OC(CO)C(O)C(O)C3O)c2o1,微毒,26.5446,5.6094
CCN(CC)CC1Cc2ccccc2OC1C,高毒,28.0708,2.4541
O=C(NN=Cc1cc2ccccc2nc1Cl)c1ccncc1,高毒,24.9305,16.263
O=C(Nc1ccc(F)cc1)Nc1ccc(-c2noc(C3CC3)c2)cc1,高毒,20.6149,0.1671
COc1ccc(C2=NN(CC(=O)NCc3cccc4ccccc34)C(=O)C3CC=CCC23)cc1OC,中毒,15.6702,0.8052
C1=C(c2cccnc2)CCNC1,高毒,839.2421,5.1184
CC(C)(N)C(=O)NCc1ccc(OC2CCN(c3nnc(C4CC4)o3)C2)cc1,低毒,23.1265,3.1252
O=C(COC(=O)c1cc(S(=O)(=O)N2CCOCC2)ccc1F)NCc1ccc2c(c1)OCO2,中毒,11.687,0.1436
Cc1ccc(S(=O)(=O)N(C)CC2Oc3c(NC(=O)c4ncoc4C)nccc3C(=O)N(C(C)CO)CC2C)cc1,中毒,36.0362,0.3656
NC(=O)c1csc(-c2ccc(Oc3ncnc4cc(OCC(F)(F)F)c(OCC5CC5)cc34)c(F)c2)n1,中毒,9.552,0.3104
O=C(NCC1CC1c1ccc(Cl)cn1)c1cccnc1,中毒,10.451,2.0503
COc1ccc(OC)c(C(=O)N2CCCC(n3nnc4cc(C(F)(F)F)ccc43)C2)c1,中毒,17.3753,0.2554
CC(=O)Nc1nnc(SCC(=O)NC2CCCC2)s1,高毒,237.1677,5.6604
O=C1CN(CC(=O)N2CCC(c3nncn3Cc3ccccc3)CC2)CCN1,高毒,113.0316,0.4855
Cc1cc(C)nc(NCCCCN2CCN(c3cccc(Cl)c3)CC2)n1,高毒,15.4925,1.5685
CCCCCC(=O)NCC1CN(c2ccc(N3CCN(CCOC)CC3)c(F)c2)C(=O)O1,高毒,21.0642,0.5489
Cn1c(C=NNC(=S)Nc2cccc(Cl)c2)nc2cccnc21,高毒,48.9434,1.4061
Cc1ccccc1OCC(=O)N1CCCC(c2nncn2C2CC2)C1,微毒,13.7388,0.1777
CCOC(=O)C1CCN(C(=O)c2ccc(OC)c(OC)c2)CC1,高毒,30.3523,0.5667
COc1cc(OC)cc(C(C(=O)NC2CCCC2)N(C(=O)c2snc(C(N)=O)c2N)c2c(N)n(Cc3ccccc3)c(=O)[nH]c2=O)c1,中毒,15.4591,0.2097
NC1CCN(c2nncnc2Oc2ccc(NC(=O)c3c(Cl)cc4c(c3Cl)OCO4)cc2F)CC1,中毒,21.0341,0.1736
N#CC1(NC(=O)C2(S(=O)(=O)c3ccc4ccccc4c3)CCCCC2)CCC1,中毒,94.3675,0.62
COc1ccc(-c2ccccc2Nc2ncc(C(F)(F)F)c(Oc3cccc4nc(C)nn34)n2)cc1,中毒,3.5947,0.9371
CC1CCN(CCNS(=O)(=O)c2ccc3c(c2)NC(=O)CCS3)CC1,高毒,27.7578,0.231
CCOc1ccccc1N1CCN(CCCNC(=O)c2nn(-c3ccc(Cl)cc3Cl)c(C)c2C(=O)N2CCOCC2)CC1,中毒,8.3563,0.9598
CC(=O)N1CCC(n2nnc3cc(N4CCC(N5CCCC5=O)C4)ccc32)CC1,高毒,37.6091,0.7847
O=C(NCCc1ccccc1)c1c(C2CCCCC2)[nH]c2cc(Cl)ccc2c1=O,中毒,2.0555,0.4727
CCCCCC(=O)NCC1CN(c2ccc(N3CCN(C4CCNC4=O)CC3)c(F)c2)C(=O)O1,中毒,17.0598,0.5248
CNC(=O)N1CCN(c2nc(C)cc(Nc3ncnc4cnc(N5CCCC5)nc34)n2)CC1,中毒,34.4462,1.6931
COc1ccc2nccc(CCC3CCCN(C(=O)C4CC4)C3)c2c1,高毒,23.1934,0.9231
O=C(CCc1nnc2n1CCCC2)Nc1cccc(F)c1,高毒,106.4925,0.3327
Cc1cnn(CC2CCCN2CC(=O)Nc2ccncc2F)c1,高毒,17.3778,0.3432
CC12CCC3c4ccc(OCCCCCCCCCCCCCCCC(=O)O)cc4CCC3C1CCC21CC1,中毒,15.945,1.3563
Cc1cccc(CN2CC3CCCC(C2)N(CC2CC2)C3=O)c1,高毒,29.6514,0.4027
COc1ccc(Cc2nnc(NC(=O)c3ccc(Cl)cc3)o2)cc1,高毒,75.9982,1.8761
O=C(CCn1c(=O)c(-c2cccs2)nc2cccnc21)N1CCCCC1,中毒,61.8424,1.5957
CC1CCCN(CCNS(=O)(=O)c2ccc3c(c2)CC(C)N3C(=O)c2cc(=O)c3ccccc3o2)C1,中毒,17.0207,0.7773
COC(=O)C1Cc2cc(OC)c(OC)c(OC)c2-c2c(cc(OC)c(OC)c2OC)C1C[N+]1(C)CCCCC1,中毒,9.1252,1.8204
CC(=O)Nc1ccc(NC(=O)c2csc(S(=O)(=O)N3CCCCC3)c2)cc1,高毒,11.1997,0.2024
Cc1cc(-c2ncnc3sc4c(c23)CCCC4)cc(C)c1CCC(=O)O,中毒,13.4494,0.9642
O=C(CC1SC(=O)NC1=O)Nc1ccc(Cl)cc1C(F)(F)F,高毒,31.4991,0.4735
Cc1nn(CC(=O)Nc2nnc(C3CC3)o2)c(C)c1[N+](=O)[O-],高毒,54.2317,1.7562
COc1cccc(CN2CCCN(C(=O)Cc3ccc(Oc4ccccc4)cc3)CC2)c1,高毒,72.8135,0.4927
O=C(Nc1nncs1)OC1CC(O)C(O)C(O)C1O,高毒,76.4436,3.891
Cc1cn(C2CC(O)C(CO)O2)c(=O)[nH]c1=O,微毒,31.2868,1.5251
CC1CN(C(C)CO)S(=O)(=O)c2ccc(C#CCO)cc2OC1CN(C)C(=O)CCc1ccccc1,中毒,24.1599,0.5685
Cc1noc(C)c1CN1CCCn2nnc(C3CC3)c2C1,低毒,6.0624,0.5024
CC(C)(O)c1ccc(-c2nc3n(n2)CCCN2CCCCC32)cc1Cl,中毒,21.2635,1.6833
CCCC(O)CCCCCCCCCCCCCNC(=O)C1CCCN1,高毒,239.8707,0.4485
O=S1(=O)N=C(Nc2ccc(Br)cc2)Nc2ccc(Br)cc21,高毒,29.032,1.8171
C[n+]1ccc(-c2ccc3nc(Nc4ccc(N5CCCC5)cc4)nc(N4CCC(O)C4)c3c2)cc1,中毒,4.0805,0.3582
COc1ccc(Cn2c(=O)n(C)c(=O)n(Cc3ccc(C(=O)NCC4CC4)cc3)c2=O)cc1,高毒,30.7922,0.8311
CS(=O)(=O)c1nn2c(C(F)(F)F)nnc2s1,高毒,27.6111,0.4234
COCCn1nc(C)c2c1C(C)(C)C(=O)CC2c1ccncc1,中毒,59.092,0.4584
CCOC(=O)c1c(C)sc2ncnc(N3CCCC(C(=O)NCCC4=CCCCC4)C3)c12,中毒,24.4054,0.3272
CCC(CC)C(=O)Nc1cnc(-n2nc(C)c3ncc(N4CCC(O)C4)cc32)cc1NS(=O)(=O)c1ccc(F)cc1F,中毒,9.7164,0.2837
N=C(N)c1ccc(OCCCN(CCCc2cccc(C(=N)N)c2)C(=O)NCc2nc3ccccc3[nH]2)cc1,高毒,69.5004,1.3373
COc1ccc(NS(=O)(=O)c2cc(NC(=O)c3cnn4cccnc34)c(N3CCCCC3)cc2)cc1,低毒,30.1742,0.7357
COc1ccc2nc(SCC(=O)Nc3nnc(C4CC4)n3N)sc2c1,中毒,62.6343,0.9949
CCOC(=O)C(C#N)=Cc1cccs1,高毒,95.4415,3.0178
CC1(C)CC(=O)C2=C(C1)N(c1ccc(F)c(F)c1)C(=O)C(CC(=O)N1CCC3(CC1)OCCO3)C2,中毒,62.3384,1.1741
CC(C)c1noc(CN2CCC(Nc3nnc(C4CC4)n3C)CC2)n1,微毒,25.1044,0.3243
CC(COC(=O)c1cnccn1)NC(=O)C(C)(C)O,微毒,71.6971,0.3837
O=C1NCCN1CC(O)CN1CCC(c2nncn2C2CC2)CC1,微毒,45.8458,0.2591
COc1cccc(C2CN(c3nc(C)nc4c3ncn4C3CC3)CCO2)c1,中毒,42.4951,0.7593
Cc1ccc2c(c1C)c(CC(=O)N1CCCCC1)cn2Cc1ccco1,中毒,92.2158,0.348
Clc1ccc2[nH]c(c1)CCN2CCN1CCCC(c2nncn2C2CC2)CC1,微毒,24.1052,0.8094
Nc1ncnc2c1ncn2C1OC(COP(=O)(O)OP(=O)(O)OP(=O)(O)OP(=O)(O)O)C(O)C1O,中毒,10.077,0.1701
COc1cc(NC(=O)c2nc3n(n2)CCCC3)cc(OC)c1OC,中毒,68.7495,2.5723
CC1=CC(C)(C)N([O])C(C)(C)C1,高毒,92.8688,1.5853
Nc1nc(N)c2ncn(C3OC(COP(=O)(O)OP(=O)(O)OP(=O)(O)O)C(O)C3O)c2n1,中毒,10.0126,0.1701
N#Cc1c(N)ncnc1N1CCC(c2nnc(-c3noc(C4CC4)n3)CC2)CC1,中毒,11.913,0.4169
Cc1sccc1C(=O)N1CCC(F)(F)C1,高毒,147.5368,0.3717
CCc1nc2c(C#N)cnn2c(=O)n1Cc1ccc(-c2ccccc2S(=O)(=O)NC(=O)NCc2ccccc2)cc1,中毒,52.8072,0.3972
COc1ccc(S(=O)(=O)C2CCCN(c3nc4ccccc4nc3NC3CC3)C2)cc1,中毒,42.5184,0.9318
CCN1CCN(c2ccc(NC(=O)c3cc4ccccc4n(-c4ccc(C)c(F)c4)c3=O)cc2)CC1,中毒,41.14,0.6666
COc1ccc(-n2nnnc2SCc2nc(C3CC3)nn2-c2ccccc2)cc1,低毒,123.2771,0.2995
COc1ccc(CCC(=O)Nc2cc(C(F)(F)F)ccc2N2CCCC2)cc1,高毒,28.7327,0.8179
CCCCCCCCCCCCCCCCCCCC(=O)OC1C(O)C(O)C(O)C(O)C1O,高毒,70.3964,2.3534
CC1CCC2(OC1)OC1CC3C4CC=C5CC(OC6OC(CO)C(O)C(O)C6O)CCC5(C)C4CC(O)C3(C)C1(C)CC2,低毒,11.5691,1.4837
CN(C)C1=Nc2ccccc2C(c2ccccc2)C1c1cc2c(cc1Cl)OCCO2,低毒,10.1051,0.4465
O=C(CN1C(=O)NC(c2ccccn2)(c2ccccc2)C1=O)NN=Cc1ccccc1O,中毒,99.025,0.2976
COc1cc2nc(N3CCN(C(=O)c4cnn(-c5ccccc5)c4C)CC3)nc(N)c2cc1OC,中毒,93.8227,0.8274
O=C(CSc1nnc(CN2CCCC2)n1C1CC1)N1CCCCC1,高毒,79.0583,0.6302
CCOc1ccc(NC(=O)N2CCC(c3nncn3C3CC3)CC2)cc1,微毒,17.7864,0.1798
O=C(Cn1ncc2c3ccccc3n(Cc3cccc(Cl)c3)c2c1=O)NCCc1ccccc1,中毒,35.5102,0.798
COc1cc2c(cc1OC)-c1nn(CCN3CCCCC3)c(=O)c3ccc4cccc5ccc1c2c54,高毒,593.0783,2.4125
COc1nc(Oc2ccc3sc(C(=O)O)cc3c2)ncc1-c1cnco1,高毒,13.0201,0.3562
CC(C)CC(NC(=O)C(Cc1ccccc1)NC(=O)COc1ccc2c3c([nH]c2c1)CC1(Cc2ccccc2)CCN(CCc2ccccc2)C1)C3,中毒,40.3208,0.2979
Cc1nsc(NC(=O)COC(=O)C2CC3CCC2C3)n1,高毒,17.0794,4.3496
C1=CNC2(CCN(Cc3nncn3C3CC3)CC2)CC1,高毒,25.4807,1.7046
COc1ccc(Cc2nnc(SCC(=O)NNc3nc(C)cs3)n2N)cc1,微毒,11.3626,0.1856
CCc1nn(CC)c(Cl)c1CN1CCCC(c2nncn2C2CC2)C1,微毒,10.2866,0.8973
Cc1nn(C)c(C)c1C1CCCN(Cc2nc(-c3ccsc3)no2)C1,中毒,11.1014,0.8831
COc1ccc(C(=O)Nc2ccc(C)cc2C(=O)N2CCCCCC2)cc1,高毒,23.5163,0.3347
COc1ccc(NC(=O)C2CCCCN2C(=O)COc2ccc(F)cc2)cc1,高毒,39.6318,0.6314
COc1ccc(C(=O)C=Cc2cccn2C(C)C)cc1,高毒,179.3869,2.4704
CC(C)C(=O)N1CCCC(c2nncn2C2CC2)C1,微毒,16.6651,0.1646
O=C(Nc1noc2c1CCC2)c1ccc(C2CN(C(=O)c3cc(C4CC4)no3)C2)cc1,中毒,21.3755,1.1402
COc1ccc(S(=O)(=O)N2CCC(C(=O)OCC(=O)N3CCOCC3)CC2)cc1OC,高毒,36.5563,0.4492
O=C(OC1CCCCC1)c1ccc(N2CCCC(c3nncn3C3CC3)C2)nn1,中毒,43.8263,0.4905
CCn1nc2c3c(ccc2c1=O)CN(C(=O)Cn1sc2nc(C)nc(C)c2c1=O)CC3,高毒,593.0783,2.4125
Cc1ccc(NC(S)=NCC2CCCO2)c(C)c1,高毒,96.2379,5.1058
COc1ccc(C(=O)C(=O)C=Cc2ccc(OC)c(OC)c2)cc1,高毒,24.9467,13.5315
COc1cc2c(cc1OC)C(c1cccs1)N(c1ccc(-c3nc4cc(C)ccc4o3)cc1)C2,中毒,10.7167,0.2728
CCc1nc(CN2CCCC(c3nncn3C3CC3)C2)no1,微毒,13.1508,0.1506
CCCCC(CC)COc1nc(N2CCN(c3ncc(C(F)(F)F)cc3Cl)CC2)nc2c1CCN(Cc1ccc(OC(F)(F)F)cc1)C2,中毒,9.389,0.844
CC(C)(C)OC(=O)NC(C(=O)N1CCCC1C(=O)NC(CC(O)C(=O)NC(Cc1ccsc1)C(=O)CO)C(C)O)C(C)C,中毒,123.1519,0.3952
Cc1nc2nc(C)c3cc(C)sc3n2n1,低毒,38.0468,1.0917
CCC(C)NC(=O)Cn1c(=O)n2n(c1=O)C(c1ccc(OCC)c(OCC)c1)C(C)(C)CC2,中毒,36.8796,1.5103
O=C(NCc1ccc(F)cc1F)C1CCN(S(=O)(=O)c2ccc3c(c2)OCCO3)CC1,高毒,34.0142,0.1893
O=C(C1CCCN(Cc2noc3ccc(Cl)cc23)C1)N1CCOCC1,高毒,38.7449,0.122
C=CC1(C)CC(OC(=O)CSc2ncnc(N)c2-c2ccc(OC)c(P(=O)(O)O)c2)C2(C)C(C)CCC3(CCC(=O)C32)C(C)C1O,中毒,43.8733,1.8938
COc1cc2c(Oc3ccc(NC(=O)c4nn(-c5ccc(C)cc5)c(=O)c(C(F)(F)F)c4C)cc3F)ccnc2cc1OCCCN1CCCCC1,中毒,51.0701,0.9063
COc1ccc(-c2nn(Cc3ccc(OC)c(OC)c3)c(=O)c3ccccc23)cc1OCCCN1CCCCC1,中毒,5.5142,0.5506
Cc1nc(N2CCC(C(=O)O)CC2)c2sccc2n1,高毒,14.4352,0.7462
CSCCC(NC(=O)c1c(C)nn(C)c1C)C(=O)NC(CCCc1ccccc1)C(=O)NC(Cc1ccccc1)C(O)C(O)CC(C)C,中毒,23.9189,0.5056
Nc1nc(NCCNc2ccnc3cc(Cl)ccc23)nc2ncn(Cc3ccccc3)c12,中毒,5.0864,0.6343
O=C(NNC(=O)CCCc1nnc(O)n1Cc1ccccc1)c1cccc(Cl)c1,低毒,52.313,0.5187
CCn1c(=O)c2nscc2n(CCC)c1=O,中毒,133.0611,1.6178
O=C(O)c1ccccc1Nc1ncnc2c1ncn2C1COC(COP(=O)(O)OP(=O)(O)OP(=O)(O)OP(=O)(O)O)C(O)C1O,中毒,7.0974,0.176
CN1CCN(c2nc3c(c(=O)n(C)c(=O)n3C)n2CCc2ccccc2)CC1,中毒,21.3375,0.4066
CCN(CC)CCNC(=O)c1ccc(C(=O)NCCCN2CCOCC2)cc1,高毒,143.0638,0.5694
O=C(NCCCN1CCCC1=O)c1cc(-c2ccc(Cl)cc2)n[nH]1,高毒,49.3477,0.393
COc1cccc(N2CCN(CCCCNC(=O)c3cn(-c4ccccc4)nc3-c3ccccc3)CC2)c1,中毒,49.1962,0.8404
CCCCCCCCCCCCCCCCC(=O)OCCCCC(O)C1CCC(C2CCC(C(O)CCCCCCCCCCCCCCC)O2)O1,高毒,79.0369,2.3534
Cc1ccc(-c2nnc3n2N=C2CCCCC2=N3)cc1,中毒,11.5937,6.1676
CCOC(=O)c1[nH]c(C)c(C(c2cc3ccccc3s2)N2CCN(C)CC2)c1C,中毒,119.2145,0.2468
CC1(C)CCC2(C(=O)O)CCC3(C)C(=CCC4C5(C)Cc6nn(Nc7ccccc7)nc6C(C)(C)C5CCC43C)C2C1,中毒,15.3377,0.9551
Cc1nnc(CN2CCCC(c3nncn3C3CC3)C2)o1,微毒,13.5158,0.2099
COc1cc(C2c3cc4c(cc3C(OC(=O)CN3CCN(c5ccc(F)cc5)CC3C3CCC(=O)N32)OCO5)OCO4)cc(OC)c1O,高毒,593.0783,2.4125
CC(C)(C)c1ccc(C(=O)Nc2nnc(SCC(=O)Nc3cccc(F)c3)s2)cc1,高毒,17.0406,2.4979
COc1cc(C2c3cc4c(cc3C(OC(=O)C=Cc3cccs3)C3COC(=O)C23)OCO4)cc(OC)c1O,中毒,51.8281,0.9104
COc1cc(O)c2c(=O)cc(C)oc2c1,高毒,130.3897,13.9462
CC1(C)C(C(=O)c2ccccc2)n2c(nc3ccccc32)C1c1ccccc1,中毒,41.4921,0.3348
COCCCNC(=O)c1cn(C)c2ccc(S(=O)(=O)N3CCCC3)cc2c1=O,中毒,40.0924,0.2189
CC1CN(C(C)CO)C(=O)c2cc(NS(=O)(=O)c3cccc4cnccc34)ccc2OC1CN(C)S(=O)(=O)c1cccs1,低毒,21.2851,0.3356
CCCCCCCCn1nnnc1SCC(N)=O,微毒,109.3442,1.4815
CCC1CC(=O)NN=C1c1ccc2[nH]c(-c3ccc(C(=O)N(CC)CC)cc3)nc2c1,中毒,15.2247,7.3755
COc1ccc(C2C(C#N)=C(N)Oc3c2c(=O)n(C)c(=O)n3C)cc1,中毒,8.0179,0.5864
CCCN1C(=O)C(=O)N(Cc2cnn(-c3ccccc3)c2)C1=O,中毒,179.1764,0.6357
CC(=O)c1cccc(-c2nnc3n2NC(=O)CC32CCC(c3nncn3C3CC3)CC2)c1,中毒,41.4947,4.1598
CCN(CC)S(=O)(=O)c1ccc(C(=O)NCCCN2CCN(c3ccc(F)cc3)CC2)cc1,高毒,20.6438,0.2236
CC(C)CC(NC(=O)NCc1ccncc1)C(=O)NC(CC(=O)O)C(=O)COc1c(F)c(F)cc(F)c1F,中毒,36.3522,0.3636
Cc1nc(C(C)C)c(C(=O)NCCC(CO)Cc2ccccc2)c(C)c1O,中毒,34.7961,0.5365
COc1ccc(OC)c(-n2nc(C3CCN(c4ncnc5[nH]ccc45)CC3)c3ncnc(N)c23)c1,中毒,41.9725,1.0787
COc1ccc(CCNc2nc3nc(N)nc(N)c3c(=O)n2-c2ccc(OC)cc2F)cc1OC,低毒,17.8691,2.1416
COc1cc(OC)cc(C(=O)N(C)Cc2nncn2C2CC2)c1,低毒,276.1584,0.2526
CCCCc1nc(Cl)c(Cc2ccc(-c3ccccc3-c3nn[nH]n3)cc2)n1Cc1ccc(-c2ccccc2S(=O)(=O)NC(=O)OC(C)(C)C)cc1F,中毒,4.7905,0.1863
NC1CCC(Nc2nc(NC3CC3)n3ncc(C=C4NC(=O)NC4=O)c3n2)CC1,高毒,14.0468,2.2253
COc1ccc(-c2c(OC)nn3c(-c4ccc(Cl)cc4)cnnc23)cc1,中毒,8.6031,0.3167
CC(C)N1CCc2nc(N3CCC(c4nncn4C4CC4)CC3)nc(N3CCOCC3)c2C1,中毒,22.2744,2.2306
COc1ccc(CCn2nc(-c3ccc(OC)cc3)c(OCCN3CCN(CC(O)CN4CCC(C)CC4)CC3)c2=O)cc1,高毒,593.0783,2.4125
COC1C=CC=C(C)C(=O)NC2=CC(=O)C(Nc3ccc(N4CCCC4)c(OCC4CC4)c3)CC21,中毒,15.8777,1.3816
CCC1(CC)CC(=O)N(CC(O)Cn2c(=O)n(Cc3ccccc3F)c(=O)c3ccccc32)CC1,中毒,6.4437,0.5849
Cc1nccn1Cc1coc(-c2ccc(Cl)cc2)n1,高毒,72.8435,0.4323
Cc1ccc(OCC(=O)ON=CC(=O)Nc2ccc(Cl)cc2C)cc1,高毒,13.0415,1.3226
CN1C(=O)c2cc(-c3cnc(NC4CCCNC4)nc3)ccc2OCCCCCCCCCCCCCCN1C,中毒,8.1743,0.4892
CN1CCN(c2nc3ccccc3n2CCCOCCCCn2c3ccccc3c3cc(Br)ccc32)CC1,中毒,93.7893,1.3276
CCC(C)N1CCCC(c2nncn2C2CC2)C1,微毒,13.5158,0.2302
CCCCCCCCCCCCCCCCCCS(=O)(=O)NC1CCCc2ccccc21,高毒,152.5793,8.5437
COc1ccc(CNC(=O)C(Cc2ccc(OC)c(OC)c2)NC(=O)C(NC(=O)C(c2ccccc2)c2ccccc2)C(C)C)cc1,中毒,70.2341,1.0109
CCn1cnnc1CN1CCCC(c2nncn2C2CC2)C1,微毒,16.9364,0.9966
O=S(=O)(c1ccccc1F)n1nnnc1C(c1cccs1)N1CCCCC1,高毒,20.7517,1.7088
CC(=O)Nc1ccc(-c2nncn2CCCN2CCN(C(=O)c3ccc(Cl)c(Cl)c3)CC2)cc1,高毒,41.1909,1.6503
Cc1cc(C)nc(N2CCN(CC(O)c3ccn(C)n3)CC2)n1,微毒,33.7899,1.4211
O=C(Nc1nnc(-c2cccs2)o1)c1ccc(N2CCCCC2)c([N+](=O)[O-])c1,高毒,111.1322,2.1264
Cc1cc(C(=O)N2CCC3(CN(Cc4cccnn4)C3)CC2)ccn1,高毒,29.5038,0.4992
CC(C)(O)CN1CCN(Cc2nncn2Cc2cccc(F)c2)C1,微毒,32.7651,0.3396
CSc1nc(Nc2ccc(C)cc2)c2nn(Cc3ccccc3)c(=O)c2n1,高毒,593.0783,2.4125
C=C(C)C1CCC2(C(=O)O)CCC3(C)C(CCC4C5(C)CCC(OC(=O)CCCCC(=O)O)C(C)(C)C5CCC43C)C12,高毒,25.2609,4.1128
COc1ccccc1N1CCN(CCCCC(=O)Nc2nnc(C)s2)CC1,高毒,61.5,5.1178
COc1ccc2c(c1)nc(C)c1nnc(SCc3nc(C)ns3)n12,中毒,29.2053,0.8656
COc1ccc(-n2c(SCC(=O)Nc3nnc(C(C)C)s3)nnc2C2CC2)cc1,高毒,82.1951,0.678
Cc1nn(C)c(C)c1CCC(=O)N1CCCC(c2nncn2C2CC2)C1,微毒,31.8529,0.7013
CC(=O)NC1CCN(C(=O)c2cc3n(n2)CCCN(C)C3)C1,中毒,76.3936,0.724
Cc1c(C(=O)N2CCCC(c3nncn3C3CC3)C2)oc2ccccc12,中毒,133.2643,3.8063
Cn1nc(C(F)(F)F)cc1C1CCCN(C(=O)C2CCN(Cc3cccc(Cl)c3)CC2)C1,中毒,8.7934,0.506
COc1ccc(S(=O)(=O)N2CCC(C(=O)N3CCc4ccccc43)CC2)cc1OC,高毒,7.5922,0.4147
Cc1n[nH]c(C)c1CC(=O)N1CCC(c2nncn2C2CC2)CC1,微毒,82.2607,0.1581
Cc1nn(-c2nc3ccccc3s2)c(C)c1CC(=O)N1CCCCC1,中毒,15.8259,0.341
CCCCc1nc(Cl)c(CCc2ccc(-c3nnn[nH]3)cc2)n1Cc1ccc(-c2ccccc2-c2nn[nH]n2)cc1,高毒,7.3736,0.3243
O=[N+]([O-])c1cccc(N2CCN(CCCCN3C(=O)c4cccc5cccc(c45)C3=O)CC2)c1,高毒,11.4922,1.3332
COc1ccc(C(c2cc3cc(Br)ccc3nc2O)N2CCCC2)cc1OC,高毒,50.2276,0.7614
CC(C)(C)c1ccc(C(=O)NC2CC2c2ccccc2)cc1,高毒,53.1033,2.9443
Cc1c(-c2nnc(SCc3ccc(F)cc3)n2C2CC2)sc2ncnc(Nc3ccc(F)cc3OC(C)C(=O)N3CCCC3)c12,中毒,19.507,0.5739
COCC1CCCCN1c1nc(N2CCOCC2C)c2ncn(C(C)C(=O)O)c2n1,中毒,19.8465,0.3805
CCN(CC)CCCNC(=O)CN1C(=O)C(=O)N(CCCCc2ccccc2)C1=O,高毒,206.1161,1.1935
CC(=O)Oc1ccc2nc(C)nc(N3CCCN(C)CC3)c2c1,高毒,114.126,0.3005
CCCCCCCCCCCCn1c(SC)nnc1-c1ccc(N)cc1,高毒,170.2175,4.0822
Cc1nn2c(=O)cc(-c3ccc(NC(=O)Nc4ccccc4F)cc3)nc2s1,中毒,21.1906,5.2132
COc1ccc2c(c1OC)CN(CCCCOc1ccc(-c3nnn[nH]3)cc1)CC2,高毒,32.3671,5.6958
Cc1ccc(S(=O)(=O)CCC(=O)OCC(=O)NCC2CCCO2)cc1C,高毒,56.858,1.4109
CCOC(=O)c1sc(NN=Cc2cccnc2)nc1C,微毒,26.1419,2.7745
CCC1NC(=O)C(C)C(OC2CC(C)C(OC)C(O)C2NC(C)=O)C(C)(OC)CC(C)C(=O)C(C)C2N(CCc3ccc(-c4ccc(Cl)cc4)nc3)C(=O),高毒,593.0783,2.4125
CCCCCCCCCCCCCCCCCCCc1nnc(SCC(=O)Nc2cccc3ccccc23)n1CCCCCC,中毒,63.7332,1.0925
Cn1ncc(N2CCCC(c3nncn3C3CC3)C2)c(Cl)c1=O,中毒,5.5503,1.6185
COc1ccc(NC(=O)c2nn(C3OC(COC(C)=O)C(OC(C)=O)C(OC(C)=O)C3OC(C)=O)c(=O)n2C)cc1,中毒,29.7509,0.1668
O=C(O)c1cc(Cc2cccc(C(F)(F)F)c2)ccc1O,高毒,46.4104,0.3154
COc1ccc(CCNC(=O)CSc2nnc(-c3ccc4c(c3)OCO4)n2C2CC2)cc1,高毒,91.7637,0.4776
CCOC(=O)C1CCN(C(=O)c2nn(Cc3ccc(F)c(F)c3)c3ccccc23)CC1,中毒,15.1044,0.388
Cc1onc(-c2c(Cl)cccc2Cl)c1COc1ccc(C(O)(C(F)(F)F)C(F)(F)F)cc1,高毒,8.8757,0.8494
COc1ccc2nc3ccccc3c(NCCCCO)c2c1,高毒,134.5818,3.3693
O=C(Cc1nc2ccccc2n1Cc1ccccc1)NC1CCCCC1,中毒,21.0665,0.7776
O=C(c1ccc2nc(SCc3ccccc3C(F)(F)F)ncc2c1)N1CCC(Oc2ccc(F)cc2F)CC1,中毒,55.5555,0.1979
Cn1cc(-c2cn(C)c3ncnc(Nc4ccc5[nH]nc(N)c5c4)c23)cn1,中毒,11.0258,3.6427
CC(C)C(NC(=O)Nc1c(F)cc(F)cc1F)C(=O)NO,高毒,10.0412,0.3036
O=C1CCCC(c2ccccc2)N1,高毒,342.1341,1.8501
N=C(N)NCCCC(NC(=O)C(Cc1ccc(OP(=O)(O)O)cc1)NC(=O)CCCCCCCCCN)C(=O)NC(CC(=O)O)C(=O)O,微毒,96.2697,0.2545
CC(=O)N1CCCC1c1nnc(CN2CCC(c3nncn3C3CC3)C2)o1,高毒,28.0891,0.8733
CCOc1ccc(CCNC(=O)C2CCN(CC(=O)Nc3ccc(C)c(C)c3)CC2)cc1OCC,高毒,16.1353,0.9316
CCN(CC)CCOc1ccc(C(=O)N(CCN(CC)CC)Cc2cccc(Cl)c2)cc1,高毒,130.9153,0.3328
CC(O)CN1CCCC(c2nncn2C2CC2)C1,微毒,21.0909,0.2003
O=C1CC(NC(=O)c2cncc(Br)c2)CN1,高毒,39.1982,0.1415
N#Cc1cn(-c2ccc(C(=O)NO)cc2)nc1=O,高毒,593.0783,2.4125
COc1cc(C(=O)N2CCCC(c3nc4ccccc4n3CC3CC3)C2)cc(OC)c1OC,中毒,15.8445,0.8425
O=C(O)CN(Cc1ccc([N+](=O)[O-])cc1)c1ccc(CNCc2ccccn2)cc1,高毒,11.9775,0.5377
Fc1ccc(CNc2nnc(C3CCCO3)o2)cc1,高毒,28.2665,1.2271
COc1ccc(-c2nn(C3CCCCC3)cc2C=CC(=O)c2ccc(O)cc2)cc1,高毒,16.7266,1.0686
O=C1C(NCCCCc2cn(CCCC(=O)N3CCN(c4nsc5ccccc45)CC3)nn2)CCC2(CC1)OOC1(O2)C2CC3CC(C2)CC1C3,中毒,6.8994,0.3843
CCCCc1sc(CCCCC(=O)OC)c(C(=O)O)c1Oc1ccc(CC)cc1,中毒,25.2954,2.6333
CN(C)CCCNC(=O)c1sc2nc3n(c(=O)c2c1C)CCCCC3,中毒,45.2147,0.5005
Cc1nn(C)c1CN1CCCC(c2nncn2C2CC2)C1,高毒,593.0783,2.4125
CCCCCCCCOc1ccc(CCCCc2nnc(NC(=O)Cc3csc(N)n3)s2)nn1,高毒,14.2738,1.081
CC(Sc1nncn1C)c1nnnn1C1CCCC1,微毒,47.1804,0.8006
O=C(NC1CCCCC1)C1CCCN(C(=O)c2cc3n(n2)CCC3)C1,中毒,20.3975,2.4639
COc1cc2c(Oc3ccc(NC(=O)c4nn(-c5ccc(F)cc5F)c(=O)c5ccccc45)cc3F)ccnc2cc1OCCCN1CCCCC1,中毒,56.8356,1.4487
CC(=O)N1CCCC1c1nncn1C1CCCN(Cc2nc(C)no2)C1,中毒,87.7248,1.1022
O=C(Oc1cccc(-c2nncn2Cc2ccc(F)cc2)c1)c1cc2ccccc2o1,中毒,51.9692,5.5118
COc1ccc(-c2nc3nc(N(C)Cc4ccc(Cl)cc4)nc(O)c3c(=O)n2C)cc1,低毒,31.2045,1.7473
O=C(O)c1cccc2nc(-c3ccc(OC(F)(F)F)cc3)[nH]c12,中毒,75.6652,5.6543
CCOC(=O)C1=C(N)Oc2nc(C)nc(O)c2C1c1ccc(Br)cc1F,中毒,11.8992,2.7744
CC(C)c1ccc(NC(=O)CCN2CCN(C3c4ccccc4-c4ccccc43)CC2)cc1,高毒,11.8519,1.1844
COc1ccc2nc3cc(Cl)ccc3c(NCCCCCCCCCNc3c4c(nc5ccccc35)CCCC4)c2c1,高毒,4.2303,2.3774
Cn1ncc2c1CCN(Cc1nncn1C1CC1)C2,低毒,19.4107,0.3681
COc1cc2nccc(Oc3ccc(NC(=O)c4nn(-c5ccccc5Cl)c(=O)cc4Cl)cc3F)c2cc1OC,中毒,52.3466,2.8525
CCS(=O)(=O)N1CCOC(Cn2cnc3c(N4CCC5(CC4)OCCO5)ncnc32)C1,中毒,52.9679,0.7649
CN1CCN(c2nc3nc(C4CCCC4)nc(N4CCOCC4)c3c(=O)n2CC2CCCO2)CC1,中毒,15.9309,1.0369
O=C(Cn1nc(-c2ccc3ncccc3c2)ccc1=O)NCC1CCCO1,中毒,16.6213,0.2812
c1ccc(-c2nn3c(Cn4nnc5ccccc54)cnc3s2)cc1,中毒,33.0299,0.1628
CCOc1ccc(NC(=O)c2cnn3c2nc(N2CCCCC2)c2sccc23)cc1,中毒,50.8007,0.3249
CC(=O)OCC1OC(OC2CCC3C4CCC5=CC(=O)C=CC5(C)C4CCC23C)C(O)C(O)C1O,低毒,23.7187,0.2944
Cc1ccc(OCC(O)CN2CCCC3(CCN(c4ncccn4)C3)C2)cc1,高毒,20.6604,0.4181
COc1nc(NC(C)CCCN)c2ncc(C#CC(C)(C)O)c(N)c2n1,中毒,14.2826,4.5151
c1ccc(COc2ccc(C3CN4CCC3CC4)cc2)cc1,高毒,11.3913,3.8263
O=C(Nc1ccc(OCCCN2CCCC2)c(Cl)c1)c1cc2n(n1)CCCN2C(=O)c1ccco1,中毒,14.2029,1.0633
O=C1C=C(NC(=O)c2ccccc2F)C(=O)c2ncnc(Nc3ccc(Oc4ccc(C(F)(F)F)cn4)c(F)c3)c21,中毒,7.2099,0.1266
CSCCC(NC(=O)c1ccncc1)C(=O)N1CCCC1C(=O)NC(CC(C)C)C(O)CC(=O)NC(C)C(=O)NC(CC(=O)O)C(=O)NC(CC(C)C)C(N)=,高毒,593.0783,2.4125
COc1ccc(C(=O)N(Cc2ccc(F)cc2)CC2CCCO2)cc1,高毒,109.8832,0.2016
CCCCCCCCCC=CCCCCCCCC(=O)OCC(COP(=O)([O-])OCC[N+](C)(C)C)OC(C)=O,高毒,79.0369,0.8171
O=C(CN1CCCC1=O)N1CCC2(CC1)CSC(N1CCCC1)=N2,高毒,44.6962,1.8778
CCOc1ccc(NC(=O)Cn2nc3n(c2=O)CCCC3)cc1,微毒,70.2868,7.1586
CN1CCC(n2cnc3c(NCc4ccc(NC(=O)c5ccccc5C#N)cc4)nc(N4CCOCC4)nc32)CC1,中毒,26.4733,1.5664
N#Cc1cn(C2CC2)c(=O)n(CC2CC2)c1=O,高毒,80.2997,1.4686
COc1cc2c(cc1OC)CN(CCN(CC=Cc1cccc(C)c1)Cc1cccc(OC)c1)CC2,微毒,60.9379,1.2175
CCCCCC(O)C(CC1CCCCC1)NC(=O)CNC(=O)CNC(=O)C1CCCN1C(=O)C(NC(=O)C(N)Cc1ccc(O)cc1)C(C)C,微毒,53.7497,0.4748
C=CCOC(=O)C(c1cccc(OC(F)(F)F)c1)N(Cc1ccco1)C(=O)c1ccc(OCC(F)(F)F)c(Cl)c1,中毒,98.5259,1.3636
CCOC(=O)C1(C)CCCC2(C)C3=CCC4C5(C)CCC(OC(C)=O)C(C)(C)C5CCC4(C)C3(C)CCC12C,高毒,23.9781,4.1128
CN1CCN(CCCNC(=O)c2ccc(CN3C(=O)c4cccc5cccc(c45)C3=O)cc2)CC1,中毒,91.0647,3.4418
O=C(CCCCCCC(O)CC(O)CC(O)CCc1ccc(O)cc1)NO,高毒,139.8442,3.8246
COC(=O)C1(NC(=O)C(CC(=O)NC2CC2)NC(=O)c2nc(-c3ccc(F)c(F)c3F)n(CC(F)(F)F)n2)CC1,中毒,26.4669,0.4391
Cc1cnn(CCCNC(=O)C2CCC3CN(C(=O)NC4CCC(c5ccccc5)CC4)CC32)c1,高毒,36.9252,2.1702
CCOC(=O)C1=C(CN2CCOCC2)NC(=S)NC1c1ccccc1OCC,中毒,37.1153,3.0359
Nc1ncnc2c1ncn2C1OC(COP(=O)(O)OP(=O)(O)OP(=O)(O)OP(=O)(O)OP(=O)(O)O)C(O)C1O,中毒,10.077,0.1701
CCC(=O)OC1CC2(O)C3CCC(C(C)C)C3(C)CCC2C2(C)CCC(O)C(C)(C)C12,高毒,28.6217,4.2159
O=C(NC(Cc1ccccc1)C(O)C(=O)N1CCCC1)C(=O)NC(CCCNC(=N)N)C(=O)CF,中毒,19.422,0.4954
CCOC(=O)C(Cc1c[nH]c2ccccc12)NC(=O)C(CC(C)C)NC(=O)C(N)CC(C)C,中毒,30.2381,0.4878
COc1cc(C=CC(=O)OCCCCCCCCN2C(=O)c3ccccc3C2=O)cc(OC)c1OC,高毒,32.0757,1.232
Cc1nn(Cc2ccccc2)c(C)c1C(=O)N1CCN(c2ncnc3sc4c(c23)CCCC4)CC1,中毒,16.4802,0.2519
CC1=CCCC2(C)C(OC(=O)c3ccccc3)CCC2(C)C1CC#CC1=CC(=O)OC1O,中毒,46.3183,2.4068
CN(C)c1ncnc2c1ncn2C1OC(COP(=O)(O)OP(=O)(O)OP(=O)(O)OP(=O)(O)O)C(O)C1O,中毒,10.077,0.3289
CCCCN(C(=O)COC(=O)c1ccc(C)nc1O)C(C(=O)NC1CCCCC1)C1CCCCC1,中毒,36.7798,0.5575
COc1ccccc1CN1CCCC(c2nncn2C2CC2)C1,微毒,10.7745,0.2258
COc1cc(C2c3cc4c(cc3C(NC(=O)Cc3nncn3C3CC3)C3COC(=O)C23)OCO4)cc(OC)c1O,中毒,67.9706,0.6871
CC(C)n1cc(C(=O)c2cncc(NC(=O)Cn3nc(C(F)(F)F)c4cncn4c3=O)c2)c2cncnc21,中毒,17.3035,1.7112
CC(C)CC(NC(=O)c1ccc(-c2cccc(Cl)c2)cc1)C(=O)NO,高毒,39.7601,0.5178
COc1ccc(CCN2Cc3cn(CC4CCCO4)nc3CC2=O)cc1OC,中毒,31.2848,0.7839
O=C1c2ccccc2C(=O)c2c1nc(CCO)n2Cc1cccs1,高毒,27.0982,0.3758
COC(=O)c1sc(NC(=O)CC2CCN(c3nnc(C(F)(F)F)s3)CC2)c(C)c1[N+](=O)[O-],高毒,12.6291,0.3036
CC(C)Cn1nnnc1SCC(=O)Nc1nnc(Cc2ccccc2)s1,中毒,55.6987,2.5624
Nc1ncnc2c(C(=O)Nc3c(F)ncc(F)c3Cl)n[nH]c12,中毒,88.7676,0.911
CSc1nc2ncccc2n2nc(-c3ccco3)nc12,中毒,51.848,0.5304
CCc1ccc(OCC(=O)NCCCN2CCCC2=O)cc1,高毒,174.4961,0.8533
N#Cc1cccc(C(=O)N2CCCC(c3nncn3C3CC3)C2)c1,微毒,15.2846,0.2214
O=C(O)c1ccc(-c2ccc3ncn(CC(O)CN4CCC(n5c(O)c6cc(F)ccc6C5)CC4)c(=O)c3c2)cc1,高毒,593.0783,2.4125
O=C(O)CCCCCCCCCCSc1nc2ccccc2n2cnnc12,中毒,121.1418,0.3982
COc1ccccc1N1CCN(CCCNc2nc3ccccc3n3c(C)nnc23)CC1,中毒,103.3867,0.6279
O=C(Nc1cnn2ccc(N3CCCC3c3cc(F)ccc3F)nc12)C1CCCN1,中毒,16.6393,2.3736
CC1CN(c2nnc(NC(=O)C3CCCCC3)s2)CC(C)O1,高毒,173.385,3.0526
COc1ccc(C=C(C(=O)NCc2cccs2)c2ccc3nncn3n2)cc1OC,高毒,35.4957,2.397
CC(C)CC1(CO)CCN(Cc2nncn2C2CC2)CC1,微毒,20.1289,0.8252
CC(=O)Oc1cc(OC(C)=O)c2c(=O)c(O)c(-c3ccoc3)oc2c1,高毒,13.044,1.1805
CCCCCCCCCC=CCCCCCCCCCCCC(=O)n1c2ccc(OC)cc2c2nc3ccccc3nc21,中毒,101.4823,2.8144
Cc1ccc(NC(=O)NS(=O)(=O)c2ccc(NCCc3c[nH]c4ccccc34)cc2)cc1,高毒,12.0774,0.6338
COc1cc(CCCN2CCOCC2)ccc1Nc1ncc2c(n1)-c1c(nn(C)c1-c1cccc(F)c1)CC2,中毒,15.6273,0.1559
Cc1ccc(Cc2c(C(=O)N3CCNCC3)nn3c2CCCC3)nc1,中毒,43.5426,0.327
Nc1ncnc2c1ncn2C1OC(CO)C(O)C1O,低毒,11.3024,0.1701
c1ccc2oc(CCNC3=NCCN3)nc2c1,高毒,36.8497,0.9215
Cc1noc(C)c1CC(=O)N1CCCCC1c1nncn1C,低毒,16.7478,0.6553
O=C(O)CN(CCN1CCCCC1)Cc1ccccc1C#Cc1ccc(F)cc1F,微毒,41.3832,0.2221
CC=C1CCC2C(C)(C)C(O)CCC2(C)C1CC=C1CC(O)C(O)CC1=O,高毒,22.8328,2.1493
CC(C)CN(CC(O)C(Cc1ccccc1)NC(=O)C(Cc1ccccc1)NC(=O)OC1COC2OCCC12)S(=O)(=O)c1ccccc1,低毒,25.5131,0.3687
CCOc1cc(CCn2ncn3nc(C)c(S(=O)(=O)N4CCOCC4)c3c2=O)ccc1OCC,中毒,8.0213,0.2166
CCCC1CCCCN1C(=O)N1CCN(Cc2ccc(F)c(F)c2)CC1,高毒,124.6627,0.2123
COc1ccc(C2Cc3ccccc3CN2CC(=O)N2CCC(N3CCCC3)CC2)cc1OC,中毒,260.9732,0.5873
COc1cc2ncnc(-c3cnc4cc(F)c(C(=O)N5CCC(O)CC5)c(Cl)c4c3F)c2cc1OC,中毒,24.5759,0.1768
CC(C)(C)C(=O)NCC(c1ccco1)N1CCCC1,高毒,94.451,0.8118
O=C1CSC(NN=Cc2cccc(Br)c2)=N1,微毒,222.021,22.5536
COc1ccc(-n2nc(C(F)(F)F)c3c2C(=O)N(c2cc(C4CC4)n[nH]2)CC3)cc1,中毒,11.2504,1.19
Cc1nc(C#Cc2cc(F)cc(F)n2)cs1,微毒,104.14,0.4716
O=C(NC1CC1)C1CCCN(CCCc2cnn(CCO)c2)C1,微毒,20.4835,1.168
COc1ccccc1OCCN1CCCC(c2nncn2C2CC2)C1,微毒,9.9629,0.1994
CCCCCCCCCCCCC1C(=O)N2C(C(=O)OC(c3ccc(F)cc3)C3CC3)=C(C)CCC12,中毒,93.1874,1.4648
CCOc1ccccc1N1CCN(C(=O)Cn2nnc3sc4c(c3c2=O)CCCCC5)CC1,高毒,593.0783,2.4125
CC#CCn1c(N2CCCC(N)C2)nc2c1c(=O)n(Cc1ccc(C)cc1C(=O)OCC)c(=O)n2C,中毒,62.63,0.3637
Cc1nn(C)c(C)c1CCC(=O)Nc1nc(C)cs1,中毒,41.1375,4.8822
COCC(C)NC(=O)C1CCCCC1C(=O)NCc1ccc(Cl)c(Cl)c1,高毒,62.9671,0.3471
N=C(N)NCCCC(NC(=O)C(Cc1c[nH]cn1)NC(=O)C(Cc1ccccc1)NC(=O)C(N)Cc1ccc(O)cc1)C(=O)O,微毒,32.4297,0.2808
CCCCCc1cc(-c2nnc3n2NC(=O)CC3)cc(-c2ccccc2Cl)n1,中毒,12.3043,4.2319
CCN1CCN(CCCNC(=O)c2cc(=O)c3cccc(C)c3o2)CC1,中毒,244.7007,9.2634
COc1cccc(C2C(C#N)=C(N)Oc3c2c(=O)n(C)c(=O)n3C)c1,中毒,8.0179,0.3955
COc1ccc(C)c(Cn2c(=O)n(CC3CC3)c(=O)c3[nH]c(-c4cnn(C5CCN(C)CC5)c4)nc32)c1,中毒,13.2875,1.7378
CN(C)C(=O)CN1CCCC(C)(CNC(=O)c2nncn2C)C1,高毒,35.6185,0.9017
COc1c(C(C)=O)c(O)c(OC(C)=O)c2oc3c4c(ccc3c(=O)c12)OC(C)(C)C=C4,中毒,19.3276,3.2024
COC1=CC(=O)C(C)=C(C)C1=O,微毒,135.3265,1.9268
CCOC(=O)c1c(-c2cccs2)n(Cc2ccc(C)cc2)c2nc(Cc3ccc(OC)cc3)cnc12,中毒,13.4618,1.3189
CN1CCN(c2nc3ccccc3n3nnnc23)CC1,中毒,45.379,0.2233
O=C(Cn1nc(N2CCOCC2)c2cccnc21)Nc1nncs1,中毒,24.8826,1.3552
Cc1nnc(-c2cccc(-c3cc4c(OC5CC5)n[nH]c4cn3)c2)o1,中毒,174.004,0.6255
CC1CN(c2ncnc3sc(CCN4CCOCC4)c(Cl)c23)CCN1CC1CC1,中毒,76.4063,0.9568
COc1ccc2oc(=O)cc(CNCCCN3CCN(c4nsc5cc(OC)ccc45)CC3)c2c1,中毒,35.2629,0.5957
Cc1cc(N2CCOCC2)nc(N2CCCC2c2nncn2C2CC2)n1,中毒,59.0386,4.2414
C#CCN(C)C1CN(Cc2coc(-c3ccc(OC)cc3)n2)CC1O,低毒,74.9629,0.4778
Cc1nnc2sc(-c3ccc(C(N)=O)cc3)nn12,高毒,25.9255,0.1763
CC1CC(NC(=O)c2cccc(Cl)c2)CCO1,高毒,207.4377,0.8732
COc1ccc(-n2nnnc2SCC(=O)Nc2nccs2)cc1,高毒,25.6309,0.678
CCc1nc(C)c(C#N)c(N2CCC(NS(=O)(=O)CC)CC2)c1C#Cc1ccc(N)nc1,中毒,18.0539,1.5861
O=S(=O)(Cc1ccc(Cl)cc1)N1CCCC(c2nncn2C2CC2)C1,微毒,14.0159,0.3445
CC(C)N1CCN(Cc2noc(-c3ccncc3)n2)CC1,低毒,29.5071,1.2016
CCCCN(CCCC)C(=O)Cc1nnc(-c2cc(OC)c(OC)c(OC)c2)n1Cc1ccccc1,高毒,31.7751,0.523
CC(=Cc1cc(C(F)(F)F)cc(C(F)(F)F)c1)C(=O)N1CCC(n2ncc3cncnc32)CC1,高毒,42.2172,0.5754
O=P(O)(O)C(NP(=O)(O)OCC1OC(n2cnc3c(NC4CCCC4)ncnc32)C(O)C1O)C(O)CO,中毒,10.5713,0.3289
COc1ccc(NC(=O)CSc2nc3ccccc3n3cnnc23)cc1,中毒,225.9424,0.5258
OC12CCC3(OCc4ccccc4)CC1Cc1ccc(O)c(c1)C3N(CC1CC1)C2,中毒,11.7951,0.7819
COC(=O)C1=C(C)NC(c2nnc(C)n2N)=C(C#N)C1c1ccccn1,中毒,29.7509,0.1802
COc1cccc2nc(Nc3ccc(OCCN4CCOCC4)cc3)nc(N3CCC(F)(F)C3)c12,中毒,5.5756,0.996
COc1ccc(NS(=O)(=O)c2ccc(NC3=C(Cl)C(=O)N(C4CCCCC4)C3=O)cc2)cc1,中毒,6.8616,0.6347
COc1ccc(CNC(=O)CSc2nnc3n(c2=O)CCC3)cc1,高毒,121.8414,0.4116
CN1CCN(c2ccc(NC(=O)c3cc(-c4ccc(F)cn4)nc4c3CCC4)cc2)CC1,中毒,16.2493,0.5434
O=C(O)c1cc2ccc(-c3ccc4c(c3)C(=O)NC4=O)cc2o1,中毒,15.9628,2.1532
NC1=NC2(CCN(Cc3ccccc3)CC2)CCN1,高毒,22.2434,0.2817
Cc1cc(C(F)(F)F)nn1CCCNC(=O)c1ccc(Cl)c(Cl)c1,高毒,101.6582,13.5762
COc1cccc(NC(=O)c2sc3nc4c(c(N5CCCCC5)c(=O)c3c2C)CCCCC4)c1,中毒,14.0328,0.2692
O=C(Nc1nnc(SCC(=O)N2CCc3ccccc32)s1)c1ccccc1Cl,中毒,28.672,13.0178
CN(C)CCN1C(=O)c2cccnc2Oc2ccc(Nc3ncnc4c3oc3ccc(C#N)cc34)cc21,中毒,5.9831,1.8411
CC(=O)Nc1ccc(NC(=O)c2cc(C)nn2C2CCCC2)cc1,高毒,66.7196,1.129
CCOC(=O)c1c(NC(=O)CSCC(=O)Nc2ccc(N3CCOCC3)cc2)sc(C)c1CCC(=O)N1CCCC1,高毒,11.2444,1.2225
O=C(CSc1nnc(NC(=O)Cc2ccccc2)s1)NN=C1CCCCC1,高毒,128.759,6.6603
CCOC(=O)C1=C(CN2CCCCC2)NC2=C(C(=O)CC(c3ccc(OC)c(OC)c3)C2)C1c1ccc(OC)cc1,中毒,29.2808,1.3921
Cc1ccc(Nc2ncnc3c2CCCC3)cc1,微毒,29.6799,4.4778
CSc1nc(SC)n2nc(COc3ccccc3)nc2n1,微毒,139.0829,1.3857
O=C(c1nnc(SCc2ccc3c(c2)OCO3)o1)N1CCOCC1,高毒,170.3742,0.7301
Cc1nnc2n1N=C(c1ccccc1Cl)CS2,微毒,108.8749,3.0528
COC1=C(OC)C2C(=O)c3c(c(C)oc3=O)C2(O)C(C)C1=O,高毒,593.0783,2.4125
COc1cc(OC)nc(C(C)Nc2ncnc(N3CC(O)C(F)C3)n2)c1,微毒,34.0479,0.2986
CN(C)c1cnc(-n2ncc3cc(S(=O)(=O)Nc4ncns4)ccc32)nc1,高毒,37.7997,0.234
COc1cc(C=C2CN=C3C=CC=CN32)ccc1O,高毒,17.9508,0.2315
CCC(CC)Oc1cc(C=CC(=O)C=Cc2ccc(F)cc2)ccc1OC1OC(COC)C(O)C(O)C1O,低毒,18.2118,0.4553
Cn1c(=O)n(CC(=O)N2CCCCC2Cn2cncn2)c(=O)c2cc(F)c(N3CCN(C4COC4)CC3)cc21,中毒,23.881,0.2418
Nc1ncnc2c1ncn2C1CC(OP(=O)(O)OP(=O)(O)OP(=O)(O)O)C(O)C1O,高毒,12.5223,0.1863
CC(C)CCn1nnnc1CN1CCN(C(=O)CCCc2ccccc2)CC1,高毒,16.9122,0.8525
COc1ccc(C=CC(=O)N(C)C2CCS(=O)(=O)C2)cc1,高毒,48.0614,1.2227
O=C(Cc1cn(Cc2cccc(CN3CCCCC3)c2)nn1)NC1CC1,高毒,28.4046,0.2311
CN1CCN(c2nc3nc(-c4ccc(Cl)cc4)c(C)n3n2)CC1,高毒,593.0783,2.4125
CCn1cc(C(=O)O)c(=O)c2cc(F)c(N3CCN(CC(=O)Nc4c(F)cc(F)c(F)c4F)CC3)c(F)c21,中毒,9.6439,0.1778
COc1cc(Cn2ccn3nc(C(=O)N4CCCCC4)c(=O)c-3c2)cc(OC)c1OC,中毒,24.6679,1.0863
COc1ccc(S(=O)(=O)c2sc3nc(C)ccc3c2NC(=O)N2CCC(C)CC2)cc1,中毒,65.9615,0.2707
CC1CCN(C(=O)c2cc(COc3cccc(OC(F)F)c3)no2)CC1,高毒,90.6516,0.2232
O=C(Nc1nnc(-c2ccc3ncsc3c2)s1)c1c[nH]c2ccccc12,中毒,81.5883,2.373
O=C(O)CCCCCCCCCCCS(=O)(=O)N1CCOCC1,高毒,112.8663,2.1385
Cc1[nH]nc(Cc2c[nH]cn2)c1C=NOCCN1CCCCC1,高毒,16.8725,3.6027
N#CC1CCCN1C(=O)CSc1nnc(O)n1-c1ccccc1,中毒,202.8298,0.2192
CC(C)CC1NC(=O)C(Cc2ccccc2)NC(=O)C(C(C)C)NC(=O)C(Cc2ccccc2)NC(=O)CNC1=O,微毒,72.7124,0.3847
Cc1ccnn1Cc1nnc(SCC(=O)Nc2ccc(Br)cc2)n1-c1ccccc1,高毒,39.5659,0.4436
O=C1COC(C(c2ccccc2)c2ccccc2)N1c1nc2ccccc2[nH]1,中毒,6.7688,2.78
O=C(Nc1nnc(CCc2nnc(NC(=O)C3CCCC3)s2)s1)c1cccc(C(F)(F)F)c1,高毒,15.9924,1.1364
CC1CN(c2nc(N3CC4CCC(C3)O4)nc(N3CCCC(C)C3)n2)CC(C)O1,高毒,59.3518,1.1627
Cc1ccc(S(=O)(=O)N2CCN(c3nnc(Nc4ccc5c(c4)OCO5)s3)CC2)cc1,微毒,8.5401,0.1708
CCCn1c(=O)c(C(=O)NC23CC4CC(CC(C4)C2)C3)cc2cnccc21,中毒,44.7914,0.4786
O=C1C2C3C=CC(C4CC34)C2C(=O)N1CCCCn1nnnc1-c1ccncc1,高毒,15.3808,1.2188
Cc1nnc2n1CCN(Cc1ccc3[nH]nc(-c4ccc(F)cc4)c3c1)C2,中毒,3.0195,0.5317
Cc1cc(C=CC(=O)c2ccc(Cl)cc2)cc(C)c1O,高毒,54.7756,2.2624
COc1ccc(O)c(C(=O)c2ccc(O)cc2)c1,高毒,72.5869,2.8309
NC1=NC2(CO1)c1cc(-c3ccc(F)cc3F)ccc1Oc1cc(F)c(C#Cc3ccc(C(F)(F)F)nc3F)cc1C21CCC(F)(F)CC1,中毒,28.3454,0.17
O=C(Nc1n[nH]c2ncc(C3CC3)cc12)c1cncnc1,高毒,26.3006,2.3127
C#CCN(CCCCC)C(=O)Cn1ncc2c(NCc3cccc(Cl)c3)ncnc21,中毒,124.8965,1.1382
Cc1nc(NC2CC2)nc2c1CN(c1ncc(Cl)cc1Cl)CC2,中毒,15.6347,1.0839
CC(C)C(NC(=O)C(Cc1ccccc1)NC(=O)OCc1ccccc1)C(=O)C(=O)NCC(=O)NC(C(=O)NC(Cc1ccccc1)C(N)=O)C(C)C,中毒,193.1625,0.3502
Cc1nnc(NC(=O)CSc2nnc(CCC(C)C)n2CC2CCCCC2)s1,中毒,97.478,0.9624
CC1CCCCN1c1cc(NC(=O)C2CCCN(S(=O)(=O)c3cccnc3)C2)ncn1,高毒,14.7539,1.109
O=c1c2cc(Cl)ccc2nc(-c2ccccc2F)n1Cc1ccccc1Cl,中毒,55.7874,0.2831
COCC(C(=O)NCCSc1nnc(C)n1C1CC1)N1CCCCCC1,高毒,35.4901,0.49
CC(NC(=O)CC1CC2CCC1C2)c1nc(-c2ccc(Cl)cc2)no1,中毒,268.6107,1.2554
CC12CCC3c4ccc(OCCCCCCOc5ccc6c(O)cccc6n5)cc4CCC3C1CCC2=O,中毒,16.3617,1.5419
Fc1ccc(C2CN3CCC2CC3)cc1,高毒,7.8842,1.3975
CCCCN1C(=O)CCC1C(=O)Nc1ccc(N2CCCC2=O)cn1,高毒,60.5014,0.6701
Cn1c(=O)n(Cc2ccc(F)c(F)c2)c(=O)c2c1ncn2C1OC(COP(=O)(O)OP(=O)(O)OP(=O)(O)OP(=O)(O)O)C(O)C1O,中毒,28.8014,0.2556
CCOC(=O)c1ccc(NC(=O)c2ccc(OC3CCN(C(=O)C4CC4)CC3)cc2)cc1,高毒,126.8863,0.4466
O=C(c1ccccn1)N1CCC(F)(c2cnc(C3CC3)nc2)CC1,中毒,39.2291,0.1725
CCn1cc(C(=O)NC2CCCC2)c(=O)c2cc(F)c(N3CCN(CC(C)NC(=O)c4cccn(Cc5ccc(C(F)(F)F)cn5)c4=O)CC3)cc21,中毒,16.8263,0.2491
CSc1n[nH]c2ncc(C#CCNC(=O)c3ncc(C#N)cn3)cc12,高毒,60.066,1.3296
Cc1cccc(-c2nnc3sc(C(C)C)nn23)c1,高毒,141.6169,1.2413
O=C(O)c1ccc(Cl)c(OCc2ccccc2COc2ccc3ncc(Cl)cc3c2)c1,中毒,26.6322,0.3964
CC(O)CNC(=O)c1nn(-c2ccc(F)cc2F)c(=O)c2c1CCC2,中毒,39.9065,8.4687
O=C(Nc1nnc(C2CC2)s1)c1cc2ccccc2n1-c1ccc(F)cc1,中毒,33.6317,1.4824
Cc1ccc(N2CCN(C(=O)c3nn(C)c4c3CN(C(=O)c3ccccc3C)CC4)CC2)cc1,中毒,15.5906,0.284
CC(C)CC(NC(=O)C(CCCNC(=N)N)NC(=O)OCc1ccccc1)C(=O)NC(Cc1ccccc1)C(=O)C(F)(F)F,中毒,70.7652,0.3197
O=C(O)CSc1nnc(NC(=O)CCc2ccc(Cl)cc2)s1,微毒,66.1162,5.16
Cc1ccnc(Oc2ccc(NC(=O)Nc3cccc(C(F)(F)F)c3)cc2)n1,微毒,17.6526,0.7524
CC1=CC(C)(C)Nc2nc(N3CCOCC3)[nH]c(=O)c21,中毒,14.865,3.0052
O=C(CN1CCN(c2ccccc2F)CC1)Nc1nnc(COc2ccc3c(c2)OCO3)s1,高毒,20.8143,0.2519
CC1(C)CC(=O)C(C#N)=C(N2CCOCC2)C1,高毒,65.6786,1.4229
CCC(CNC(=O)c1ccc(Cl)cc1Cl)Nc1cc(Cl)ccc1C,高毒,32.0946,0.7938
CC1(C)CC(=O)C2=C(C1)OC1=C(C(=O)CC(C)(C)C1)C2c1ccc(C(=O)NC2CCCCC2)cc1,中毒,21.456,1.3037
Cc1nnsc1CN1CCCC(c2nncn2C2CC2)C1,微毒,15.7019,0.2099
COc1ccc(C(=O)O)cc1-c1cnc(Nc2ccc3c(c2)OCO3)n2ncnc12,中毒,6.0087,0.2707
CC(C)c1noc(CN2CCCCC2Cn2nnc3ccccc32)n1,中毒,16.3043,0.1729
COc1ccc(C(=O)c2nn(-c3ccc(F)c(Cl)c3)c(=O)c3c2CCC3)cc1S(=O)(=O)N1CCOCC1,中毒,31.9704,1.3872
CCN1CCCC(c2nncn2C2CC2)C1,微毒,13.5158,0.2302
CC1CCCC(NC(=O)c2cc3cc(C#N)ccc3nc2OCC2CCCO2)C1,中毒,24.5107,0.5205
N#CC(=Cc1cccc(O)c1)C(=O)NC1CCCCC1,高毒,113.6705,2.488
CCCCCCCCCCCCCCCCCC1=NOS1(=O)=O,微毒,160.4,2.2692
O=C(NCCN1CCCC1)C1CCCN(S(=O)(=O)c2ccc3c(c2)CCC(=O)N3)C1,高毒,4.6401,1.2186
O=C1NC2CCCCC2C(=O)N1CCCCN1CCC(c2ccccc2)CC1,高毒,70.4341,0.7814
O=S(=O)(CCC1CCCCO1)N1CCCC(c2nncn2C2CC2)C1,微毒,39.712,0.2195
C=CCc1cc(C=C(C#N)C(=O)NCCN2CCOCC2)cc(OCC)c1OCC,微毒,42.5116,0.4129
CC(C)C(NC(=O)C(Cc1ccccc1)NC(=O)C(N)CCC(=O)O)C(=O)NC(CC(=O)O)C(=O)COC(=O)CCCCC1CCSS1,低毒,80.1412,0.3808
C=CCN(CC=C)C(=O)c1nn2c(C)cc(C)nc2c1S(=O)(=O)c1ccc(C)cc1,中毒,27.8558,0.5786
CN1CCOC(CNC(=O)c2cc3ncc(-c4ccncc4)n3n2)C1,高毒,593.0783,2.4125
COc1nc2sc(C(=O)Nc3ccc(Cl)cc3)c(=O)c2cc1C,高毒,593.0783,2.4125
COc1cccc(CN(CCN(C)C)C(=O)c2ccc(CSc3nnnn3C(C)(C)C)cc2)c1,中毒,31.5532,0.3206
COC(=O)Nc1nc2ccccn2n1,高毒,16.4866,1.2717
Cc1cccc(C(=O)N2CCCC(n3nc(C)nc3C3CC3)C2)c1,中毒,32.3622,1.0936
O=C(O)c1c(O)c(=O)ccn1C1OC(CO)C(F)C1O,中毒,48.1821,0.258
CN1CCCC(N2CCCC(Oc3ncnc4c3ncn4C3CC3)C2)C1,高毒,22.2658,0.3618
CCC(=O)N1CCCC(c2nncn2C2CC2)C1,微毒,24.615,0.1646
COc1ccc(C=CC(=O)Nc2cc3c(cc2Nc2nccc(-c5cnn(CC(C)(C)C)c5)n2)CCOCC3)cc1,中毒,26.0771,2.9654
Cc1noc(C)c1CN(C)CC(=O)NCc1ccns1,高毒,123.3008,0.7023
COc1ccc(N2CCN(C(=O)CCC(=O)N3CCCC3)CC2)cc1,高毒,54.4176,0.4153
FC(F)(F)c1ccc(-c2nn3c(CN4CCN(c5ccccc5)CC4)nnc3s2)cc1,低毒,6.8906,0.1372
COc1ccc(NC(=O)c2cccc(COc3ccc(C(C)=O)cc3)c2)cn1,高毒,23.8001,0.3033
CCN(CC)S(=O)(=O)c1ccc(NC(=O)C(C)Sc2nnc(C)n2C)cc1,高毒,26.7638,1.3503
CCCCC1CC2(c3ccccc3)CCCCC1N2C,高毒,28.3324,2.2046
O=C(C=Cc1ccc(O)c(O)c1)CC(=O)c1ccc(OCCF)c(O)c1,高毒,24.9467,13.5315
COc1ccc(S(=O)(=O)Nc2cc(Cl)ccc2N2CCN(C)CC2)cc1,高毒,46.2482,0.3677
CCCCCCCCCC(=O)N1CCC(n2c(=O)n(CCCCN3CCN(c4ccc(F)cc4)CC3)c(=O)c3c4c(sc32)CCCC4)CC1,中毒,14.8453,0.1962
CCOC(=O)c1nn(-c2ccc([N+](=O)[O-])cc2)c2c1CCc1c-2noc1=O,高毒,593.0783,2.4125
CCCCCCCCCCCCCCCCCCCCCCC(=O)NCC(=O)OC1CCC2(C)C(CCC3(C)C2CC=C2C4CC(C)(C)CCC4(C(=O)O)CCC23C)C1(C)C,高毒,42.2616,4.0473
O=C(O)C(Cc1ccc(O)cc1)NC(=O)C1CCCN(Cc2ccc3c(c2)OCO3)C1,微毒,35.366,0.5352
COC(=O)CC12CCC(C)CC1C=C1C3CC=C4CC(O)CCC4(C)C3CC(O)C12C,高毒,23.9781,1.182
COc1ccc(C(=O)COC(=O)CCN2C(=O)C3CC=CCC3C2=O)cc1,高毒,44.0857,0.7769
CCCCCCCCCCNC(=O)N1CCC(OCCCCCOc2ccc(-c3nnn[nH]3)cc2)CC1,微毒,36.8904,1.593
COc1ccc(C(C)C)c(Oc2ncnc3cc(N=S(C)(=O)=O)c(NC4CC4)cc23)c1,高毒,593.0783,2.4125
CC(C)(C)c1ccc(CNC(=O)Nc2ccc(-n3cccn3)cc2)c(Cl)c1,高毒,55.2621,6.2687
CC(=O)Nc1cccc(C2CC3CCCC(N4CCCC4)N3C2)c1,高毒,26.9197,0.5226
Cc1ccc(C2NC(=O)C(=O)N2CC2CCCO2)cc1Cl,中毒,53.8275,0.378
Cc1noc(C)c1-c1ccc(C#Cc2ccc(C(=O)NCCO)cc2)cc1,微毒,77.7196,0.8475
O=C(c1cn(CCCc2ccccc2)nn1)N1CCC(c2nncn2C2CC2)CC1,低毒,19.1664,0.4483
Cc1cc(NC(=O)c2ccc(F)c(F)c2F)nn1-c1nn2cccc2c(=O)[nH]1,中毒,35.9314,0.2816
O=C(Nc1nnc(SCc2ccc(Cl)cc2)s1)c1ccccn1,高毒,57.4382,0.2859
COc1ccccc1CNC(=O)CC1CCCN1C(=O)c1ccc(C2CC2)c(OCC2CC2)n1,中毒,48.0792,0.6522
O=S(=O)(c1ccc(F)c(Cl)c1)N1CCCC(c2nncn2C2CC2)C1,微毒,7.8683,0.1886
CCCC(=O)Nc1nnc(SCC(=O)N2CCCCC2)s1,高毒,64.0902,0.4446
CN(C)Cc1ccc(Nc2ncnc3c2ncn3C2OC(COP(=O)(O)OP(=O)(O)OP(=O)(O)O)C(O)C2O)cc1,中毒,5.8687,0.1701
CC(C)C(=O)N1CCCC(c2nncn2C2CC2)C1,微毒,16.6651,0.1646
CCn1c(SCC(=O)N2CCCC2)nnc1-c1ccncc1,高毒,188.8343,0.3672
C=CC(=O)N1CCCC(n2nc(-c3cnc4ccccn4c3=O)c3c(N)ncnc32)C1,中毒,39.95,0.1777
Cc1cn(C2CC(O)C(COP(=O)(O)OP(=O)(O)OP(=O)(O)O)O2)c(=O)[nH]c1=O,低毒,11.4081,1.5251
COc1ccc(NC(=O)CN2CCOCC2)cc1OC1CCN(C(=O)c2ccco2)CC1,中毒,61.9994,0.6958
COc1cc2nccc(Oc3ccc(NC(=O)NCc4ccccc4)c(Cl)c3)c2cc1OC,高毒,28.1069,3.4479
CC(C)(C)c1ccc2c(c1)OCc1c-2n[nH]c1=O,高毒,593.0783,2.4125
CCCCCCCCCCCCCCCCCCCC(=O)OCC(COP(=O)([O-])OCC[N+](C)(C)C)OC(=O)CCCCCCCCCCCCCCCC,高毒,79.0369,0.8171
CCOC(=O)C1=C(C)NC(C)=C(C(=O)OCCCOC(=O)c2ccc(C)cc2)C1c1cccc(OCCN(C(C)C)C(C)C)c1,低毒,52.7549,2.4993
CCOc1ccc(S(=O)(=O)N2CCN(C(=O)c3ccco3)CC2)cc1,高毒,140.5509,1.0308
CC(C)Cn1cc(C2=C(c3cn(C4CC4)c4ccc(F)cc34)C(=O)NC2=O)c2cc(F)c(C3=CCOCC3)cc21,中毒,24.1883,0.7077
COc1cccc(-c2cn(-c3cccc(Cl)c3)nn2)c1,高毒,69.8812,6.3937
CCCCOC(=O)C1=C(C)NC(C)=C(C(=O)OCC)C1c1cccs1,低毒,33.3595,1.9924
CCOC(=O)C1(C)CCCC2(C)C3CCC4(C)CC3(CCC12)CC4(C)C,高毒,149.1139,5.9698
CCC1Oc2ccccc2-c2nc3n(c(=O)c21)CCCC3,中毒,5.6717,1.8032
O=C1Nc2ccccc2C12CCN(CCC(Oc1ccccc1)c1ccccc1)CC2,高毒,15.5613,4.978
Clc1ccc(-c2nnc(-c3ccc(-c4nnn[nH]4)cc3)o2)cc1,高毒,323.1209,1.3352
CCc1nn(C)c(O)c1Cc1ccc(-c2ccc3c(c2)OCCO3)cc1,微毒,43.0441,1.2397
CCOc1ccc(OCCNC(C)C)cc1,高毒,491.5958,2.3459
COc1ccc(CNc2nnc(SCC(=O)NCCc3ccc(SC)cc3)n2CC(F)(F)F)cc1,中毒,134.2293,0.3121
Cc1nn(C)c(C)c1CN1CCCC(c2nncn2C2CC2)C1,微毒,9.0006,0.2333
COc1ccc(CNC(=O)c2cnn3c2CCCC3)cc1,低毒,35.3943,0.4891
CN(C)CCOc1cccc2c1nc(C#N)n2CC1CCCO1,中毒,34.4777,1.4411
Nc1nc(O)c2nnn(C3OC(COP(=O)(O)OP(=O)(O)OP(=O)(O)OP(=O)(O)OC4C(O)C(O)C(O)C4O)c3n2)n1,高毒,593.0783,2.4125
O=[N+]([O-])c1ccc(-n2nnnc2SCc2nnc(-c3cccs3)n2Cc2ccco2)cc1,高毒,12.1625,0.2154
O=C(Cn1nnc(-c2cccs2)n1)N1CCc2ccccc2C1,中毒,26.2287,0.4392
COc1ccc(CNS(=O)(=O)c2cc(-c3ccc(C)cc3)nn2C)cc1OC,高毒,21.4081,1.3544
Cn1cc(-c2ccc3nnc(SCc4cn(CCN5CCN(C6CCC6)CC5)c5c4)nn3c2=O)cn1,高毒,593.0783,2.4125
CC(O)C1C(=O)N2C(C(=O)O)=C(CSc3nnc(-c4ccccc4)o3)C(C)C12,中毒,65.9386,1.7545
CC1CCCCC1NC(=O)c1cc2c(s1)CCCC2,中毒,13.3019,4.656
CC(C)NC(=O)C(NC(=O)C(CC(O)C(Cc1ccccc1)NC(=O)OC(C)(C)C)C(C)C)C(C)C,中毒,45.8119,3.668
CCCCNC(=O)NC(=O)CN1CCN(c2ncnc3sc(C)c(C)c23)CC1,中毒,33.6043,0.4165
O=C(Nc1cccc(C(=O)O)c1)c1ccc2c(c1)OC(F)(F)O2,高毒,14.7997,0.4258
CC(=O)N1CCCC(c2nncn2C2CC2)C1,微毒,24.615,0.2138
CN1CCN(c2nc(OCC3CC3)nc3c2cnn3C2CCCC2)CC1,中毒,21.6313,0.5021
CCCC(=O)Nc1cc2c(Nc3ccc(Br)c(Cl)c3)ncnc2cc1OCC1CCN(C(C)C)CC1,低毒,4.5264,1.8477
CC1(C)CCC23CCC4(C)C(C5=CC(=O)OC5)CCC4(C)C2CC(OC(=O)c2ccoc2)C13C,中毒,93.0526,1.0153
CC1(C(=O)NCCn2cnnn2)CCOCC1,高毒,59.5575,0.815
COc1cccc(C2CC(c3ccc(O)cc3)=NN2C(=O)CCn2nnc3ccccc32)c1,中毒,15.0403,2.5965
COc1ccc(-c2nn(CCCS(C)(=O)=O)c(=O)c3ccccc23)cc1,中毒,6.6732,0.4038
COC(=O)C1CCCCN1Cc1nc2cc(N3CCC(C)CC3)ccc2n2c(C)nnc12,中毒,131.3607,0.7692
Cc1[nH]ncc1CN1CCCC1Cn1ccnn1,微毒,31.3554,0.2691
COc1ccc(C(=O)NCC2(O)CCCN(C(=O)c3cncn3C)C2)cc1,中毒,41.7898,0.9557
OC1(CN2CCC3(CC2)OOC2(O3)C3CC4CC(C3)CC2C4)CCNCC1,微毒,19.7609,1.1136
COc1ccc(CNC(=O)CN2C(=O)C3Cc4ccccc4C3N(Cc3ccc(C)cc3)C2=O)cc1OC,中毒,17.2398,0.6808
CCC(C)c1nnc(NC(=O)C(CC2CC2)NC(=O)c2cnn3cc(C(F)(F)F)c(-c4cnn(C)c4)nc23)o1,中毒,16.7082,1.8403
CCN(CC)S(=O)(=O)c1ccccc1NC(=O)Cn1nc(C)c2[nH]c3ccc(C)cc3c(=O)c2c1=O,中毒,12.9539,0.3273
COc1ccc(C2CC(=O)c3ccc4ccccc4c3C2)cc1,高毒,61.1248,15.7492
CC12OCC3C(COC(=O)Cc4ccc(Cl)cc4)C(OC(=O)c4cccnc4)C(O)C(=O)C3C1CCC2O,高毒,32.8887,10.0424
COc1ccc2[nH]c(C(=O)N3CCCC(c4nncn4C4CC4)C3)cc2c1,中毒,29.7305,0.1633
CCOc1ccc(C#Cc2ccc(Cl)c(C(=O)N3CCNCC3)c2)cc1,高毒,16.618,0.5075
COc1ccc(NS(=O)(=O)c2ccc(N3CC(CNC(C)=O)OC3=O)c(F)c2)c(F)c1,中毒,24.2988,0.8381
CCOC(=O)c1cnc2c(OCc3ccccc3C(F)(F)F)nccn2c1=O,中毒,151.9473,0.7119
O=C(O)CC(Cc1cc2ccccc2c(=O)n1CC(=O)O)c1ccc2cccc(O)c2c1,高毒,6.6553,0.3553
CC1CCC(CN2CCCC(c3nnc4n3CCC4)C2)CC1,微毒,10.8224,0.213
CC(C)CCNc1nccc(-c2nn(C3CC(O)C(CO)O3)c(=O)n2)n1,高毒,593.0783,2.4125
CCCCCCCCCCCCCCOC(=O)C(CCCCN=C(N)N)NC(=O)OC(C)(C)C,高毒,46.3922,1.4381
CCCCCCCCCCN1CCC2(c3ccc(O)cc3)c3ccccc3CC1C2C,中毒,18.7199,0.398
O=c1oc2ccccc2c(O)c1CC1CCCCC1,高毒,63.5838,0.2336
CCc1nc(CN2CCCC(c3nncn3C3CC3)C2)cs1,微毒,8.7356,0.6205
O=C(c1nn(CC2CCCNC2)c2c1CS(=O)(=O)c1ccccc1-2)N1CCOCC1,中毒,43.7696,0.3174
COC(=O)CCn1nnc2c3c(ccc21)C(=O)c1ccccc1C3=O,中毒,37.3482,0.3563
Cc1nnc(SCC(=O)Nc2cccn(Cc3ccccc3)c2=O)n1C,高毒,57.8148,2.0126
O=C(O)C1(NC(=O)c2cccnc2Oc2ccc(F)c(-c3ccc(Cl)c(C(F)(F)F)n3)c2)CCOCC1,中毒,22.3046,0.405
C=CC(=O)Nc1ccc(-n2cc(-c3cnn(Cc4ccccc4)c3)c(=O)c3cnn(-c4ccc(F)cc4)c3c2=O)cc1,低毒,8.526,0.5656
CCC(CC)(C(=O)NC1CCCCCC1)N(CC)S(=O)(=O)c1ccc2c(c1)OCCO2,中毒,76.8794,1.6807
N#Cc1c(O)c(C2CCCCC2)nn(Cc2ccccc2)c1=O,低毒,24.6305,0.2469
COc1ccc(-n2nnnc2C(c2ccc(OC)cc2OC)N(C)Cc2nnnn2C2CCCC2)cc1,低毒,110.1504,1.5952
O=c1c2c(=O)n(Cc3ccc(F)cc3Cl)c3ccccc3nc-2nc(CO)n1-c1ccccc1,高毒,593.0783,2.4125
CC(C)Oc1ccccc1-c1nnc(SCC(=O)NC(C)(C)C)n1C,高毒,131.6195,1.9906
COc1cc(CN2CCC(c3nnc4n3CCCC4)CC2)c(OC)cc1OC,微毒,30.9177,0.4839
Cc1cc(=O)n(C2CCCN(C(=O)C3CCCO3)C2)nc1CC#N,中毒,14.7096,0.393
c1cnc2nnn3c(C4CCC5C6CCCN6CCCCC67)n6nc(c5c4c3c1)CC5,高毒,593.0783,2.4125
Nc1nc(O)c2ncn(C3OC(COP(=O)(O)OP(=O)(O)OP(=O)(O)OP(=O)(O)O)C(O)C3O)c2n1,中毒,4.6289,0.1932
COc1ccc(C2SC(=Nc3ccc(F)cc3)N(Cc3ccco3)C2=O)cc1,低毒,22.6528,0.5927
Cc1cccc(C)c1OCC(=O)Nc1ccc2nc(SCc3ccc(F)cc3)nn2c1,高毒,42.6544,0.2257
COc1ccccc1NC(=O)Cn1c(=O)n(CC2CCCO2)c(=O)c2cc3sccc3nc21,中毒,22.1077,0.1638
CCCCN(CCCC)C(=O)C1CCN(S(=O)(=O)c2c(C)noc2C=CC(=O)N2CCCC2)CC1,高毒,76.2345,0.6718
COc1ccc(C=C2N=C(S)N(CCCN3CCCC3=O)C2=O)cc1,高毒,9.1304,1.3283
COc1cc2ccc(=O)oc2cc1OCC(=O)Nc1nc(C)c(C(=O)Nc2nncs2)s1,中毒,18.9254,1.3938
Cc1nn(Cc2ccccn2)c(C)c1CN1CCCC(c2nncn2C2CC2)C1,微毒,5.6549,0.2295
CCN(CC)Cc1ccc2c(c1)NC(=O)C2=Cc1ccc(N2CCOCC2)c(NC(=O)COC2CCCCC2)c1,中毒,37.9148,1.8311
CCCCc1nc2c(c(=O)n1Cc1ccc(-c3ccccc3-c3nn[nH]n3)cc1)CC(C)(C)CCC2,中毒,16.7528,3.0909
Fc1ccccc1-c1nnc(-c2nnc3sc4c(c23)CCCCCC4)o1,高毒,593.0783,2.4125
CC(=O)C1=C(O)C=C2CC3CCC(C)CC3(C)C2=CC1(C)C,高毒,25.492,0.2814
Cc1nsc(-c2ccnc(Nc3ccc(C(=O)NC4CC4)cn3)n2)n1,中毒,35.1746,0.3088
Cc1nnc(SCC(=O)N2CCc3c([nH]c4ccccc34)C2)c(C)c1,中毒,46.9755,0.7086
CC(C)COC(=O)N1CCC(n2nnc3cnc4[nH]ccc4c32)CC1,低毒,16.042,0.9875
COc1ccc(C(O)C=C2C(=O)N(c3ccc(F)cc3)N=C(C3CCCC3)N(Cc3ccncc3)C2=O)cc1,中毒,17.5977,0.3541
COc1cccc(-c2nnc(CN3CCN(c4nnc(C)o4)CC3)n2C)c1,高毒,29.2676,16.7952
COc1ccc(-c2nn(C)c(=O)c3c2CCCC3)cc1S(=O)(=O)N1CCCCC1,中毒,5.0955,0.6379
COc1cc(-c2nc(CN3CCCCC3)no2)ccc1OCCO,高毒,40.8216,1.156
COc1cc(C=NNC(=O)CSc2nncn2C)ccc1OCc1ccc(F)cc1,高毒,39.9776,4.7114
CCOc1ccc(C2CC(c3cccnc3)=NN2c2nc3ccc(C)cc3c(=O)n2N=Cc2ccc(OC)c(OC)c2)cc1,中毒,58.9924,5.7347
CNC(=O)c1cn2c(n1)CN(Cc1nncn1C)CC2,中毒,94.6555,0.3907
CCOC(=O)c1nn(C)c(C(=O)OCC)c1C,微毒,46.0366,3.5337
COc1ccn2c(=O)c3ccc(C(N)=O)cc3nc2c1,低毒,60.9946,0.9793
CC(=O)NC1CC2CCCC(C1)N2Cc1cccc(C#N)c1,高毒,88.7794,1.0949
CC1CN(C(C)CO)C(=O)c2cc(NS(=O)(=O)c3cccs3)ccc2OC1CN(C)S(=O)(=O)c1ccc(F)cc1,低毒,20.3461,0.3475
O=C(O)CC1CC(c2cccc(Oc3ccccc3)c2)=NO1,微毒,34.7179,23.4922
CCCOc1ccc(OCc2csc(-c3ccc(-c4ccc(OC)c(OC)c4)nn3)n2)cc1,中毒,42.0297,10.2561
CC1CCCC(C)N1CCCOc1cc(NC(=O)Nc2nc3ccc(-c4cnn(C5CCN5)c4)cc3n2C)ccn1,中毒,17.4298,6.3839
CCCCNc1ncc2nc(-c3ccc(C)nc3)c(=O)n(CCC)c2n1,中毒,19.1752,1.2209
N#Cc1cnc(N2CCCC(c3nncn3C3CC3)C2)cc1Cl,中毒,12.7073,2.1761
Cc1nnnn1C1CCCN(CCCCn2cncn2)CC1,高毒,46.5809,2.4481
Cc1ccc(C)c(N2CCN(CCCCCC(=O)NCc3ccc4c(c3)OCO4)CC2)c1,高毒,12.3734,0.5684
CC(C)C1NC(=O)C(CC2CCCCC2)NC(=O)C(Cc2ccccc2)NC(=O)CNC(=O)C(Cc2ccc(F)cc2)NC(=O)C(CO)NC(=O)C1N,微毒,28.5253,0.1449
C=CCN1C(=O)C(=Cc2ccc(OCC(=O)N3CCCC3)cc2)SC1=S,高毒,9.7059,3.9753
Cc1cccc(C)c1N1CCN(CCCCNC(=O)C2CCCCC2C(=O)N2CCCC2)CC1,高毒,15.1143,0.4469
O=C1NCC(c2ccccc2)C12CCN(CCc1ccccc1)CC2,高毒,15.2397,1.1022
COc1cccc2c(=O)c3ccc(N)cc3sc12,高毒,66.405,3.9572
CCCCCNc1nc(NCc2cccnc2)nc(N2CCN(Cc3ccccc3)CC2)n1,高毒,54.5809,0.7915
CC(=O)OCC1OC(N2C(=O)C(=Cc3ccc(OCC=C(C)C)cc3)C(OC(C)=O)C(OC(C)=O)C2OC(C)=O)C(OC(C)=O)C1OC(C)=O,中毒,9.2348,1.2255
CC(C)=CCCC(C)=CCc1c(OC(=O)CC(c2ccccc2)c2ccccc2)c(O)cc(=O)c2c1OC1C(O)C3CC4(O)C(O)CC5(O)C(=O)C(C)(O)C,高毒,593.0783,2.4125
Cn1cnnc1CN1CCCC(c2nncn2C2CC2)C1,微毒,16.9364,0.9966
O=C(c1cccnc1)N1CCCC(c2nncn2C2CC2)C1,微毒,22.4232,0.2216
CC(=O)c1ccc(NC2=NC(=O)C(=Cc3n[nH]c4ccccc34)S2)cc1,高毒,32.1965,1.6634
CC(C)Cc1nn2c(=O)cc(N3CCCC3CO)nc2s1,中毒,14.4647,0.4585
COc1ccc(S(=O)(=O)N2CCCCC2)cc1NC(=O)c1cnn2c1NCCC2,中毒,39.4874,0.9077
O=C(Nc1nncs1)c1ccc(NC(=O)c2cc(-c3nncn3C(F)F)ccc2F)nc1,中毒,6.1053,8.5605
CC1(C)CCC(C)(C)c2nc(Nc3ccc4[nH]ncc4c3)nc(OC3CCCC3)c2C1,中毒,8.1675,0.5421
CC(C)(C)OC(=O)N1CCN(C(=O)CCCC2CCCC2)CC1,高毒,146.4992,0.5414
O=C(O)C1CCCC(C(=O)NC2CCCCC2)C1,高毒,218.1097,4.6096
CCN1CCCC(c2nnc3n2CCC3)C1,微毒,13.5158,0.2192
CCCCCCCCCCCCCCCCCCCCC(=O)O,高毒,237.1677,2.3168
CCN(CC(=O)NCc1ccccc1)C(=O)CCC(=O)Nc1cc(C)on1,高毒,74.8115,0.6067
COC(=O)c1nnc2n1CCN(C(=O)c1ccc3nc(C)sc3c1)C2,中毒,73.8903,0.3043
O=C(CC1SC(=S)N(CCCC(=O)O)C1=O)N1CCCCC1,高毒,52.5104,1.2868
COc1ccc(-c2nnc3c(n2)CCCC3)cc1,中毒,64.8132,2.8723
O=C1c2ccccc2C(=O)c2c1nc(CSc1nnc(C3CC3)n3-c3ccccc3)cn21,高毒,593.0783,2.4125
Cc1ccc(-n2nnnc2SCC(=O)Nc2ccc(Cl)c(Cl)c2)cc1C,高毒,25.12,0.2411
c1ccc(Nc2nnc3n2N=C(c2ccccc2)CS3)cc1,微毒,64.3301,2.5896
CC(C)(NC(=O)C1(c2ccccn2)CCCCC1)C(N)=O,高毒,23.4055,2.3761
CC(O)C(O)C(S)C=Cc1ccccc1F,高毒,44.8225,0.7343
CN(CC(=O)Nc1ccccc1F)C(=O)c1ccc(OC(C)C)cc1,高毒,18.2078,0.1156
CC(=O)n1nccc1CN1CCCC(c2nncn2C2CC2)C1,微毒,39.6218,0.197
CC1CCCC(C)N1CCCSc1nnc2c3ccccc3n(C)c2n1,中毒,6.7916,0.7473
CN(C)CC1CCN(c2c(F)cc3c(=O)c(C(=O)O)cn(C4CC4)c3c2F)C1,低毒,9.6439,0.1932
O=C(O)c1cnc(N2CCCC(c3nncn3C3CC3)C2)nc1,微毒,14.9547,0.7568
Cc1noc(C)c1CN1CCCCC1c1nncn1CC1CC1,低毒,16.8734,0.3867
Cc1c(NS(C)(=O)=O)ccc2cc(NC(=O)c3cnn4cccnc34)c(-c3cc(Cl)ccc3C(F)(F)F)nc12,中毒,25.8646,0.381
CN(C)c1ncnc2c1ncn2C1OC(COP(=O)(O)OP(=O)(O)OP(=O)(O)OP(=O)(O)O)C(O)C1O,中毒,10.077,0.3289
COc1ccc(C=Cc2cc(OC)c(OC)c(OC)c2)cc1CN1CCCCC1,高毒,41.2703,2.1962
CC1(C)CC(=O)C2=C(C1)N(c1ccc3c(c1)OCO3)C(=O)C(CC(=O)N1CCN(c3cccc(F)c3)CC1)C2,中毒,53.3063,1.0769
CSc1ccc(C2SCC(C(=O)O)N2S(=O)(=O)c2ccccc2)cc1,中毒,14.119,0.2319
COC(=O)c1ccc(S(=O)(=O)N2CCN(C(=O)c3cc4n(n3)CCCC4)CC2)cc1,中毒,79.3136,0.6679
CCn1cc(C(=O)O)c(=O)c2cc(F)c(N3CCN(C(S)=Nc4ccc(C)c(Cl)c4)CC3)cc21,中毒,8.4791,0.1778
O=C1C=C(Nc2ccc(F)cc2)C(=O)c2cnccc21,低毒,26.5904,0.8074
CC1CN(C(C)CO)S(=O)(=O)c2cc(CCCC(F)(F)F)ccc2OC1CN(C)C(=O)c1cc(-c2ccccc2)no1,中毒,17.709,0.6313
COc1cc2ncnc(Nc3ccc(Cl)c(Cl)c3)c2cc1OCCCN1CCC(N2CCCCC2)CC1,低毒,12.2996,0.3518
O=C(CCCCCCCCCn1nnc2cc(-c3nnco3)ccc21)NO,低毒,27.1623,0.1928
COc1cc(C=NNC(=O)C(=O)Nc2ccc(C(F)(F)F)cc2)cc(OC)c1OC,高毒,10.8137,1.2353
CCN(CC)CCNC(=O)c1cc(NC(=O)c2cc(-c3ncccc3F)c(F)cc2Cl)n(-c2ccccc2)n1,中毒,10.1549,0.2867
COc1ccc(C(=O)NC(C(=O)NC2CCCCC2)c2cccn2C)cc1,中毒,54.3868,0.8784
N#CCCn1ncnc1C1CCCN(C(=O)CCc2ccccc2)C1,微毒,24.7079,1.5116
Cc1nc2ccc(Cl)cc2n1CCN1CCCC(Cn2cncn2)C1,高毒,18.2879,0.5128
CCOc1ccc(-n2nc(C(=O)NC3CCCCC3)c3cccnc32)cc1,中毒,78.43,0.8172
CCS(=O)(=O)N(C)c1ccc(CN2CCCC(c3nncn3C3CC3)C2)cc1,微毒,10.0267,0.1857
COc1cc(OC)c2c(OC3CC4C(=O)NC5(C(=O)NS(=O)(=O)C6CC6)CC5C=CCCCCCCC(=O)NC(N)=N3)cc(-c3ccccn3)nc2c1,高毒,593.0783,2.4125
O=C(Nc1n[nH]c2cc(NC(=O)Cn3ccc4ccncc43)c(F)cc12)C1CC1,中毒,15.1608,0.3034
CC1(C(=O)Nc2ccc3nsnc3c2)CCN1C(=O)N1CCCC1,高毒,130.8182,0.8914
CCCCCCCCCCCCCCCCC(=O)N(O)CCC[N+](C)(C)C,高毒,122.5036,2.4125
COc1cc(C(=O)NCCOc2ccc(Br)cn2)ccc1O,高毒,61.6358,2.8424
CCCCCCCCCCCCCCCCCC(=O)OC1CCC2(C)C(CCC3(C)C2CC=C2C4CC(C)(C)CCC4(C(=O)O)CCC23C)C1(C)C,高毒,23.9781,4.0473
O=c1oc2cc(O)c(O)cc2cc1CN1CCCC1,高毒,32.2876,0.3496
COc1nn(-c2ccccc2)c2nc(-c3ccc(F)cc3)c(-c3ccncn3)c(C=NOCCCN3CCCCC3)c12,中毒,21.7606,0.8275
Cc1cn(C2CC(O)C(COP(=O)(NC(C)C(=O)OCc3ccccc3)Oc3ccccc3)O2)c(=O)[nH]c1=O,中毒,31.719,0.3004
CC(C)CC1CCCCN1CC(=O)N1CCCC(n2nccn2)C1,高毒,30.692,0.9924
CN1CCC2(CC1)OCCc1ccccc12,中毒,47.5418,2.6938
CCCCCCCCCCCCCCCCCC(=O)OCCCCCCCCCCCCCCCC,高毒,174.3346,2.3534
Cc1cccc(C)c1NC(=O)C(c1ccco1)N(C(=O)c1snnc1C)C(C(=O)NC1CCCC1)c1cccs1,中毒,14.8969,0.8069
CS(=O)(=O)c1nnc(Nc2ccc(F)cc2F)s1,高毒,58.909,0.313
CCc1nnc2n1N=C(c1cccn1C)CS2,微毒,121.019,0.7919
COc1ccc(C(=O)C(Cc2cccs2)C(=O)O)cc1,低毒,30.9343,0.7707
O=c1c(N2CCCC2)nc2cnc(Cl)nc2n1C1CCCCC1,中毒,67.9058,0.7774
CC1CCC(C(C)C)C(OC(=O)c2ccc(C(=O)Nc3cccc(C(F)(F)F)c3)cc2)C1,高毒,43.6469,0.2373
CN1CCCC(Nc2nnc3n2CCCC3)C1,微毒,32.8676,0.7318
CCCCOC(=O)N1CCCC(c2nncn2C2CC2)C1,微毒,37.6252,0.44
CC12CCC3c4ccc(O)cc4CCC3C1CCC2CC1CC1,高毒,34.6722,1.3563
O=C(CCCc1cnc2nc(NCC(=O)O)c3c(c2c1)CCCCC3)N1CCCC1,中毒,72.5224,1.5249
Cc1nn(Cc2ccc(Cl)cc2Cl)c(Cl)c1C=NNC(=O)c1nnn(-c2nonc2N)c1C,中毒,9.3693,0.1454
Cc1cc(NC(=O)CSC(=S)NCc2cccnc2)no1,高毒,51.8524,8.3766
O=C(Nc1ccccc1Cl)NC1CC1c1cccnc1,高毒,31.6583,1.5532
CNC(=O)NC1CCCC(c2nncn2C2CC2)C1,微毒,154.0244,0.4498
Cc1cnn(CC2CN(Cc3nccn3C)CCO2)c1,微毒,12.0427,1.4802
CC1CCN(c2nc(NCc3c(F)cc(F)cc3F)c3ncn(C4CCCC(NC(=O)OCc5ccccc5)C4)c3n2)CC1,中毒,56.0588,0.7371
O=C(NC1CCCCC1)c1nc(C2CCC2)c(C2CC2)o1,高毒,23.6491,1.0156
CC(Nc1ncc(F)c(N2C(=O)OCC2C(C)O)n1)c1nncn1C,中毒,8.7683,2.617
[11CH3]NC(=O)c1nn(C)c(=O)c2cc(NC(=O)NCC3CC3)ccc12,中毒,18.5629,0.4148
COc1ccc(C2CC(c3ccc(OC)c(OC)c3C)=NN2C(=S)Nc2ccc(C(F)(F)F)cc2)cc1,高毒,25.8117,0.6907
CCNC(=O)N1CCCC(c2nncn2C2CC2)C1,微毒,24.8555,0.197
COc1ccc(C2=NOC(CC(=O)Nc3nnc(-c4ccc(F)cc4)o3)C2)cc1,中毒,29.5009,7.5026
Cn1cc(-c2cnc3c(NC=O)c(NC4CCOC4)nc(-c4cnn(C)c4)c3n2)cn1,中毒,29.4249,0.5376
O=C(NCCO)c1ccc(N2CCC(NC(=O)N3CCC4(CC3)OCCO4)CC2)cc1,高毒,48.4797,0.664
CCN1CCN(CCN2CC(C(=O)c3ccc(C(C)C)cc3)=Nc3ccccc32)CC1,微毒,30.1981,0.9217
O=c1c2cccn2c(CO)nn1CCCCCCF,微毒,56.3149,0.655
O=C(O)c1cn(C2CC2)c2cc(N3CCCCC3)c(F)cc2c1=O,中毒,7.3153,0.2231
O=C(Nc1cnn(C2CCN(CC(F)(F)F)CC2)c1)c1cnc2nccn2c1,低毒,40.0604,0.3233
COc1cccc(-c2nn3cc(-c4nnc(S)n4-c4ccccc4OC)nn3c2C)c1,高毒,593.0783,2.4125
CC1(C)OC23CC(C=CC3(C)C)C1C(=O)C3=O,高毒,593.0783,2.4125
CCCNC(=O)c1cccc(Nc2cnc3c(cnn3Cc3ccc(F)c(F)c3)c2=O)c1,高毒,593.0783,2.4125
COc1ccc(C(=O)N2CCCCC23CCN(Cc2nnnn2C2CC2)CC3)cc1,高毒,15.531,0.7142
COc1ccc(C=CC(=O)c2sc3ncnc(Nc4ccc5ncccc5c4)c3c2C)cc1,中毒,14.2871,0.8126
Cc1cc(S(=O)(=O)Nc2nncs2)ccc1Oc1ccc(Nc2ncnc3cc(N=S(C)(=O)CC(C)(C)O)ccc23)cc1,中毒,11.2399,1.2135
CCN(CC)CCOc1ccc2c(c1)OCCCO2,高毒,491.5958,2.1356
CCCCCCCCCCCCCCCP(=O)(O)O,高毒,237.1677,2.4125
O=C(Nc1nnc(SCc2ccc(Cl)cc2)s1)N1CCCCC1,高毒,424.2759,0.7592
Cc1cc(C)nc(NC(=S)N2CCCCC2)n1,微毒,112.381,3.1598
CCC(CC)N1C(=O)C(=O)C(=C(O)C=Cc2cccc(O)c2)C1=O,微毒,37.6817,0.2905
CCCn1c2c(c3ccccc31)C(=O)c1ccc(Br)cc1-2,中毒,6.492,0.175
O=C(C1CCCC1)N(Cc1nnc2n1CCCC2)c1ccccc1,中毒,19.4384,3.6729
Cc1nn(C(C)C)c(Cl)c1C=CC(=O)c1ccc(CN2CCC(c3nnc4n3CCCC4)CC2)cc1,微毒,75.3577,0.8303
Cc1ccc(CN2CC=C(c3nn(-c4ccccc4C(F)(F)F)c4c3CC(C)CC4)CC2)cc1,中毒,20.1794,0.3321
O=C(O)CN1C(=O)C(=Cc2cnn3c(NC4CC4)nc(NCc4ccc(Cl)c(Cl)c4)nc23)N=C1N,中毒,28.9953,0.3009
CN1CCN(c2ccc(Nc3ncc4c(n3)N(C3CCCC(N)C3)CC4)cc2)CC1,中毒,4.6241,0.354
O=C(NN=Cc1cccc(Br)c1)c1cn(C2CC2)c2cc(N3CCNCC3)c(F)c(F)c2c1=O,中毒,8.5161,0.2901
COC(=O)C1CCCN1C(=O)C1CCCCN1C(=O)c1cnc2n(c1=O)CCCC2,中毒,57.2432,0.2354
N#Cc1cc(S(=O)(=O)Nc2ncns2)ccc1Oc1ccc(F)cc1-c1ccnn1C1CCC(N2CCCC2)CC1,中毒,20.0616,0.3971
COc1ccc2nccc(CCC3CC4CC5NC(C6CC6)C5C34)c2c1,高毒,41.7013,1.2056
CCCCN1C(=O)C(Cc2nc3ccccc3n2CCCC)NC(=O)C(CC(C)C)NC(=O)C(C)N(CC(=O)O)C1=O,中毒,34.2704,0.615
c1ccc(C=NNc2nc3c(s2)CCN(c2ncnc4[nH]ccc24)C3)cc1,中毒,20.6115,0.5052
COc1ccc(CC(=O)Nc2cccc(CN(C)Cc3ccc(F)cc3)c2)cc1,高毒,22.5247,0.4554
CN(CCc1ccccn1)C(=O)c1cn2cnccc2n1,中毒,43.5079,0.6713
Cc1c(CN2CCCCC2)nn(-c2nc3c(c(=O)[nH]2)CCCC3)c1C,中毒,6.8651,3.5559
COc1ccc(CNC(=O)c2ccc3nc(N4CCOCC4)cc(CN4CCOCC4)c3c2)cc1,中毒,36.2592,0.3118
O=C(CN1CCC(Oc2cccc(Cl)c2)CC1)NC1CCCCC1,微毒,106.2529,0.7209
O=C(c1cccs1)N1CCN(c2nnc(-c3cn(Cc4ccccc4)nc3-c3ccc(Cl)cc3Cl)c3ccccc23)CC1,中毒,13.9691,0.645
Cc1ccc2oc(-c3ccc(-c4nnc5sc(-c6ccc(F)cc6)nn45)nc3c2)nc1,中毒,21.9126,1.0531
Cc1cc(C)n(CC2CN(Cc3cncn3C)CCO2)n1,中毒,28.063,0.6795
COc1cc(OC)c2c(c1)C(=O)c1c-2cc(OC)c(OC)c1OC,高毒,17.5407,0.693
O=C(COc1ccc2ccccc2c1)N1CCN(S(=O)(=O)c2cccs2)CC1,高毒,13.0875,0.1112
Oc1nc2ccc(Cl)cc2nc1C(F)(F)F,微毒,291.6169,8.5155
C=C1CCC2C(C)(CO)C(O)CCC2(C)C1CC(O)C1(C)CCC(OC(=O)CCCCCCCCCCCCC)CC1,高毒,23.9781,4.2159
COc1ccc(C=CC(=O)c2ccc(Cl)cc2)cc1,高毒,99.802,1.6646
N#Cc1c(-c2nc(-c3ccccc3)no2)sc(C(=O)NCc2cccs2)c1N,中毒,175.6523,0.4178
CC1CCCC(C)N1CCCNC(=O)c1cn(CC2CC2)nc1-c1ccc(F)cc1,中毒,21.3487,0.7309
O=C1Nc2ccc(I)cc2C12NC(c1ccco1)=NC2(N1CC1)C1CCCC1,中毒,8.5961,0.7192
FC(F)(F)c1cc(Cl)cc(Oc2nc(Nc3ccccn3)nc(N3CCOCC3)n2)c1,中毒,5.6241,0.7359
O=C(c1nn(-c2ccccc2)c2c1CS(=O)(=O)c1ccccc1-2)N1CCCCC1,中毒,69.2434,0.2669
COc1ccc(C2c3[nH][nH]c(=O)c3CC3C(=O)N(C)C(=O)C32)cc1,中毒,15.5806,1.4429
CCOC(=O)c1c(C)[nH]c(C)c1S(=O)(=O)N1CCCC(c2nncn2C2CC2)C1,中毒,7.8158,0.1866
COc1ccc(NC(=O)CCn2nnc3ccc(S(=O)(=O)N4CCOCC4)cc3c2=O)cc1,高毒,35.9081,0.2901
Cc1cc(-c2nnc(SCC(=O)N3CCCCCC3)n2C2CC2)c(C)n1C,中毒,76.6208,0.4223
COC(=O)C1=C(C)NC(C)=C(C(=O)OC)C1c1ccc(Cl)c(Cl)c1,低毒,17.6357,2.2418
O=C1CSC(c2cccs2)N1c1nncs1,高毒,19.3943,1.0098
Clc1ccc(CC2NCCc3cc(OCCCCN4CCCC4)ccc32)cc1,高毒,67.2694,3.77
O=C(CSc1nnc(CNC(=O)c2ccco2)n1Cc1ccccc1)Nc1ccccc1,高毒,17.0637,1.1049
O=C(O)C1CCC(n2nnc(-c3ccc(C(F)(F)F)cc3)c2-c2ccncc2F)CC1,中毒,10.1472,0.2304
COc1ccc(-c2nc(C#N)c(NC(C)C#N)o2)cc1,高毒,59.1836,3.9744
CN(C)C1CCC(Nc2nc3c(c(-c4cc5c([nH]4)C2)CCC5)n3CCN2CCCC2)CC1,高毒,593.0783,2.4125
O=C1NCCCCC1N1CCC(n2ncc3cc(C#Cc4ccc(F)c(C(F)(F)F)c4)ncc32)CC1,中毒,11.8276,0.3757
O=C1CCCC(=O)N1c1ccc(CCCCCCP(=O)(O)O)cc1,高毒,36.0098,16.0022
CC(C)C1CN(C2CCN(C(=O)OC(C)(C)C)CC2)CCN1C(=O)C1CN(c2ncnc3[nH]ccc23)CCO1,中毒,34.4236,0.6373
CS(=O)(=O)N1CCCC(C(=O)N2CCCC(c3nncn3C3CC3)C2)C1,微毒,12.3231,0.1987
COc1cc(OC)c2c(=O)cc(CC3OC(COC(=O)c4ccccc4)C(OCc4ccccc4)C(OC(C)=O)C3OC(C)=O)oc2c1,低毒,42.5595,6.225
CC(=O)N1CCCN(c2nnc(C3CC3)o2)CC1,高毒,37.4103,0.8992
COc1cc(-c2nnc3n2N=C(c2cccc(Br)c2)CS3)cc(OC)c1OC,高毒,610.6071,1.4832
CC1(C)N=C(N)N=C(N)N1c1cccc(OCc2ccc(C(=N)N)cc2)c1,中毒,63.0109,1.4742
CCc1ncnc(-c2ccc(C(=O)N3CCC(CN4CCCC4)CC3)c(Cl)c2)c1C#Cc1ccc(N)nc1,中毒,57.1654,0.7961
COc1ccc2[nH]c(C(=O)N3CCC(C(=O)c4ccccc4Br)CC3)cc2c1,中毒,32.1625,0.4417
COc1ccc(C2CCCC2NC(=O)Cn2nnc(-c3ccccc3F)n2)cc1OC,中毒,10.2901,0.6882
CCCNC(=O)c1ccc(Cn2cnc3c2NC=NCC3OCCC(C)C)cc1,中毒,14.4174,1.6047
COc1ccc(NC(=O)Cn2nnc3c(Cl)nc(N4CCN(C)CC4)nc32)cc1,中毒,28.1995,3.5869
FC(F)(F)c1ccc(CCNc2nc(N3CCCCC3)c3ncn(C4CCCC4)c3n2)cc1,中毒,21.6234,0.7824
COc1cc(F)c(-c2nc3ccccc3n2C2CCOCC2)cc1NS(C)(=O)=O,中毒,355.3484,2.0031
CCC1CN(S(=O)(=O)c2ccc(F)cc2)CCN1Cc1noc2c1CCCC2,中毒,31.9923,0.1826
Cc1ccc(S(=O)(=O)N2CCCCC2)cc1NC(=O)COC(=O)CNC(=O)c1ccco1,高毒,20.6956,1.4795
COc1ccc(C=CC(=O)N2CCC(n3nc(C)c4c3CCCC4)CC2)cc1OC,中毒,35.4288,0.7861
COc1ccc(CCNc2ncnc3scc(-c4ccccc4)c23)cc1OC,中毒,107.1372,0.2429
O=C1C=C(c2ccccc2)C(=O)C2=C1C(c1ccc(Cl)cc1)C1=C(N2)C(=O)N(c2ccc(O)cc2)C1=O,中毒,33.6969,0.7689
COc1cc(OC)cc(N(CCN2CCCC(C(=O)c3cccs3)C2)C(C)=O)c1,高毒,12.0543,0.9318
CC(=O)Oc1ccc2cc1Oc1cc(ccc1O)CC1CCc3cc(OC)c(OC)c(c31)C(C2)N(C)CC3,高毒,593.0783,2.4125
CN(C)C(=O)c1ccc2nc(N3CCCCC3)cc(NC3CCCCC3)c2c1,高毒,42.0153,2.1004
CCS(=O)(=O)N1CCCC(c2nncn2C2CC2)C1,微毒,29.0411,0.2353
CC(=O)N1CCCC(n2nnnc2C2CCN(C(=O)c3cnccn3)CC2)C1,中毒,44.9606,0.6766
CC1=C(C(=O)N2CCCCC2)C(c2c(F)cccc2F)NC(=O)N1,中毒,17.8524,0.1977
CC(=O)Nc1cccc(C(=O)NCC(c2ccco2)N2CCCCC2)c1,高毒,16.3781,0.885
CSCCC(NC(=O)C(C)NC(=O)C(N)CCCNC(=N)N)C(=O)NC(CC(=O)O)C(=O)O,微毒,165.9637,0.2313
O=C(NCc1ccncc1)c1cc2n(n1)CCCN(Cc1ccccc1)C2,中毒,20.4542,0.8022
CCCCN1CNc2ccc(C(=O)O)cc2C1c1ccc(OCCNC(C)C)cc1,中毒,10.1137,1.7198
CCCCCCCCCCCCCCCCCCCCNC(=O)C(CC(O)C(CC1CCCCC1)NC(=O)C(Cc1c[nH]cn1)NC(=O)OC(C)(C)C)S(C)(=O)=O,中毒,58.3723,0.6587
CC(C)C(NC(=O)CC1c2ccccc2CCN1C(=O)C(NC(=O)OC(C)(C)C)C(C)C)C(=O)C(=O)NC1CCCCC1,中毒,14.1627,0.5997
O=C(C(=O)N1CCCCC1c1nnc2n1CCCC2)N1CCCCCC1,中毒,74.0225,0.255
Cc1ccc(Nc2nc3c(s2)CCN(C(=O)Cc2cccc(F)c2F)C3)cc1,中毒,10.0626,0.2614
Cc1c(S(=O)(=O)Nc2nc3ccc(Cl)cc3nc2C)sc2c1CCN(Cc1ccccc1)C2,中毒,21.9918,0.1276
CC1(C)CC2=NN(c3ccccc3)C(=O)C2C1,高毒,14.6677,1.269
COC1COCCC1NC(=O)c1cnn2cccnc12,低毒,11.7947,0.239
COc1ccc(NC(=O)N2CCN(C3CCC3)CC2)cc1NS(=O)(=O)c1ccc(F)cc1,低毒,11.5325,0.2349
COc1ccc(-n2c(C)nnc2SCC(=O)NCCc2ccccc2)cc1,高毒,94.7996,0.6121
CN(C)c1nnc(Nc2cc3nc(N4CCCC4)nc(Nc4ccc(F)cc4F)c3s2)nc1N1CCCC(N)C1,中毒,11.1967,0.8969
Nc1ncnc2c1ncn2C1OC(CSSCC(=O)O)C(O)C1O,低毒,20.4436,0.1701
Cc1cn2c(n1)CN(CCC(O)c1ccccn1)CC2,高毒,36.701,3.9531
COc1ccc(CCNC(=O)Cn2nc3ccc4nnn(Cc5cccc6ccccc65)c4n3c2=O)cc1,中毒,51.1622,0.7755
NC(CCC(=O)OC(Cc1ccc(O)cc1)C(=O)O)C(=O)O,低毒,39.7702,3.4089
CC(C)(C)OC(=O)N1CCC(c2nncn2C2CC2)CC1,微毒,26.812,0.393
Cc1nn(C)c(C)c1CN1CCCC(c2nncn2C2CC2)C1,微毒,9.0006,0.2333
CC(C)n1cnnc1CN1CCCC(c2nncn2C2CC2)C1,微毒,16.9364,0.9966
O=C(c1ccc2[nH]nc(-c3ccc4c(c3)CCO4)c2c1)N1CCC(Cc2ccccc2)CC1,中毒,14.2784,1.2006
Cc1cc(C)n(CCC(=O)N2CCCCCC2Cn2cncn2)n1,高毒,75.2779,0.8563
Cc1cc(O)nc(-c2ccc(CC(NC(=O)c3cnc(C#N)nc3)C(=O)O)cc2)n1,低毒,39.0567,1.634
COc1ccc(-c2nn(-c3ccccc3)cc2CN2CCC(NCc3ccc(S(C)(=O)=O)cc3)CC2)cc1,中毒,17.6556,1.2176
Cc1cc(C)c(S(=O)(=O)NC(CCCNC(=N)N)C(=O)N2CCC3(CC2)OCCO3)c(C)c1,高毒,50.9432,0.1905
CN1CCN(c2nc(N=Cc3cccc(OCC4CC4)c3)c3ccccc3n2)CC1,低毒,36.3278,9.5621
CCOC(=O)c1nc2n(n1)CCN(Cc1nc3ccccc3n1C)C2,中毒,175.7237,0.3166
COc1ccc(CNC(=O)c2sccc2S(=O)(=O)N2CCN(C)CC2)cc1Br,中毒,29.2322,4.1027
N#Cc1cc(F)cc(C(O)c2nc3cc(F)c(-c4cc(F)c(O)c(F)c4)nc3n2C2CCCCC2)c1F,中毒,19.9305,0.2523
CSc1nnc(CN2CCCC(c3nncn3C3CC3)C2)n1C,微毒,16.9364,0.7705
Cc1cncc2c1c(=O)n(CCOc1ccc(F)cc1)c(=O)n2C,中毒,68.6228,2.3371
COc1ccc(N2CCN(CC3CCN(C(=O)c4ccc(-n5cnnn5)nc4)CC3)CC2)cc1,中毒,11.4412,0.2008
CC1CCCCN1C(=O)CCS(=O)(=O)NC1CCCC1,高毒,54.0478,0.8354
CC1CN(C(C)CO)C(=O)CCCn2nncc2COC1CN(C)S(=O)(=O)c1ccc(F)cc1F,中毒,24.8337,0.2091
Cc1sc2ncnc(Nc3ccc4ncsc4c3)c2c1C,中毒,32.3291,0.2202
Cc1nn(C)c(C)c1CCC(=O)N1CCc2ncn(C)c(=O)c2C1,中毒,57.3729,1.2716
Nc1nc(O)c2ncn(C3CC(O)C(CO)O3)c2n1,低毒,4.791,0.1995
COc1ccccc1N1CCN(CCCCNC(=O)c2cc3nccc4c3n2CCCC4)CC1,中毒,43.0297,0.2501
CCc1ccc(NC(=O)C2CCN(S(=O)(=O)c3ccc4c(c3)CC(C)N4C(C)=O)CC2)cc1,中毒,8.1319,0.5841
CC(=O)OCC1OC(n2cc(C)c(=O)[nH]c2=O)CC1OC(=O)C1CCC2(C)C(CCC3C4CC=C(C)CCC4(C(=O)O)CCC32C)C1,中毒,22.0758,1.5251
COc1ccc(CC2CCCN2C(=O)Cc2cc(Cl)ccc2OC)cc1OC,高毒,77.3282,0.4398
CCCCn1c(O)nnc1SCC(=O)N1c2ccccc2CC1C,中毒,8.4354,6.1825
CC(=O)Nc1nc2ccc(C(=O)N3CCN(C(C)=O)CC3)cc2s1,中毒,29.7794,0.5296
CN1CCCC(c2nncn2C2CC2)C1,微毒,13.5158,0.2099
CC(C)CC(=O)N1CCCC(C(=O)N2CCCC3(CC2)OCCO3)C1,高毒,75.6929,0.4519
COc1ccc(N2CCN(CCCCNC(=O)C3CCCN(C(=O)c4ccccc4F)C3)CC2)cc1,高毒,6.1072,0.1898
COc1ccc(C(=O)c2sc3ncnc(Oc4cccc(N5CCCC5)c4)c3c2N)cc1,中毒,27.4301,0.2785
NC(=O)c1ccc(OCC2CCN(Cc3ccccc3)CC2)cc1,高毒,19.2139,1.5015
CCc1ccc(NC(=O)c2cn(CC(=O)Nc3ccccc3F)c3ccccc3c2=O)cc1,中毒,7.7801,0.7758
O=C(O)CCc1nc2c(cnn2C2CCN(S(=O)(=O)c3ccc(F)cc3F)CC2)c(=O)[nH]1,中毒,26.7958,3.3354
CC(C)NC(=O)c1cncc(-c2cnc3cc(CC(O)C4CC4)ncc3c2)c1,中毒,3.7683,0.3919
CC1CC2CCC3C4CCC(=O)C=C4CCC3C2(C)CC1=O,高毒,38.4821,1.3428
COc1ccc(C2CC(c3ccccc3)=NN2C(=O)c2cn(CC3OC(n4cnc5c(NC6CC6)nc(N)nc54)c(=O)[nH]c3=O)CC2O)cc1,中毒,21.5284,0.2021
CCCOc1ccc(N2C(=O)C(Cl)=C(Nc3ccc(OC)c(OC)c3OC)C2=O)cc1,中毒,7.0493,0.5929
N#Cc1c(F)ccc(-n2nnc3c(N4CCCC4COc4ccc(Cl)cc4Cl)ncnc32)c1F,中毒,33.7398,0.2175
O=C(O)c1ncc(-c2ccc(Cl)cc2Cl)s1,微毒,62.9947,1.3756
O=C(O)CC1CCCC(C(=O)Nc2cc(-c3ccc4c(c3)OCO4)no2)C1,高毒,68.7866,1.4088
Cc1ccc2nc(N3CCCC3c3nncn3C3CCCC3)sc2c1,中毒,16.5527,2.8017
Cc1nc(C)c(CS(=O)(=O)c2cccc(C(=O)N(C)Cc3ccco3)c2)s1,中毒,26.7358,1.6706
Cc1cc(NC(=O)NC2CC2c2n[nH]c(=O)c3c2CCCC3)n[nH]1,低毒,35.2555,0.1956
O=C(O)c1ccc(S(=O)(=O)N2CCOCC2)c(NC(=O)c2ccccc2O)c1,中毒,8.4136,0.4544
O=C(O)c1cn(C2CC2)c2nc(N3CCN(c4cccc(Cl)c4)CC3)c(F)cc2c1=O,中毒,11.8959,0.0952
COc1ccc(C(=O)NCCCN2CCN(Cc3ccc(F)cc3)CC2)cc1OC,高毒,94.4438,0.2713
Cc1nc(N)nc(-c2ccc3nc(C(F)(F)F)nc(N4CCN(Cc5ccccc5)CC4)c3c2)c1C,中毒,11.9882,0.4287
COc1ccc(C(=O)Nc2nnc(SCC(=O)NCCc3ccc(OC)c(OC)c3)s2)cc1,高毒,45.5973,9.7956
O=C(c1cnn2c1CCCC2)N1CCCCC1c1nccn1C1CC1,低毒,150.5159,0.2151
COc1cc2ncnc(Nc3ccc(F)c(Cl)c3)c2cc1OCCCN1CCCC1,低毒,12.2996,0.5346
Cc1cc2c(C(=O)N3CCCC3c3nnc(C)n3C)n[nH]c2cc1C,中毒,14.4886,0.3329
C#CCN(c1cccc(Cl)c1)S(=O)(=O)c1ccc(C(=O)NN=Cc2cccnc2)cc1,高毒,19.5211,0.4812
CCn1c(C(O)(c2ccccc2)c2ccccc2)nc2cc(C(=O)OCC)ccc21,中毒,45.585,5.1916
COc1ccc(N2CCN(C(=O)CCC(=O)Nc3c(F)cccc3F)CC2)cc1,高毒,16.9131,0.179
COc1cc(Cc2cnc(N)nc2N)cc(I)c1OCc1ccccc1,中毒,267.5347,3.5419
CC(C)c1nnc(NC(=O)N2CCCC(c3nncn3C3CC3)C2)s1,微毒,12.1557,0.3567
COc1cc(OC)cc(C(=O)Nc2c(C(=O)N3CCCCC3)sc3c2CCCC3)c1,中毒,69.3596,0.2884
CN(C(=O)C1CCCN(c2nnc(-c3cccnc3)n2C2CC2)C1)C(C)c1ccc(F)cc1,中毒,270.7606,1.6756
COc1ccc(OC)c(C(=O)N2CCCC(C(=O)Cn3nnc4ccccc43)C2)n1,中毒,69.0367,0.2574
COc1cc2ncnc(Oc3ccc(NC(=O)Nc4cc(OC)c(OC)c(OC)c4)cc3F)c2cc1OC,中毒,8.35,0.2914
O=C(NNc1nccs1)c1ccc(Nc2nc3ccccc3nc2Nc2ccc3c(c2)OCO3)cc1,中毒,11.6249,0.149
COC(=O)C(Cc1ccc(O)cc1)NC(=O)c1ccc(-n2ccnc2)cc1,低毒,33.6883,2.1431
Fc1ccc(-c2nnc3n2N=C(c2cccnc2)CS3)cc1,高毒,187.1311,1.7064
CCOC(=O)C1CCN(C2OC(CO)C(O)C(O)C2O)CC1,微毒,40.9491,1.7849
COc1ccc(C(=O)N(C)C2CCN(Cc3nncn3C)C2)cc1,高毒,145.31,0.9901
Cn1c(CC(=O)O)nnc1C1CCN(C(=O)c2cc3cc(F)ccc3nc2Oc2cccc(F)c2F)CC1,中毒,7.3123,0.7237
Cc1nn(C)c(C)c1CN1CCCC(c2nncn2C2CC2)C1,微毒,9.0006,0.2333
COc1cc(OC)cc(C(=O)Nc2nnc(SCC(=O)Nc3ccc(OC)cc3)s2)c1,高毒,36.0621,4.9134
Oc1nc2cccnc2n1CC=Cc1cccc(C(F)(F)F)c1,微毒,74.2346,0.1745
NCCCCC(NC(=O)C(Cc1ccccc1)NC(=O)C(Cc1ccccc1)NC(=O)C1CCCN1C(=O)C(N)Cc1ccc(O)cc1)C(N)=O,微毒,201.244,0.4398
Cn1c(SCC(=O)Nc2nccs2)nnc1-c1ccncc1,高毒,190.1692,2.1076
O=C(O)C1CCCN(C(=O)c2ccc(CCN3CCN(c4cccc(Cl)c4Cl)CC3)nc2)C1,高毒,12.5041,0.3785
CS(=O)(=O)N1CCCC(c2nncn2C2CC2)C1,微毒,20.6404,0.2353
Cc1nn(C)c(C)c1CN1CCCC(c2nncn2C2CC2)C1,微毒,9.0006,0.2333
Clc1cc(Cl)c(CNC2CNCC2c2ccccc2)c(Cl)c1,高毒,46.4092,0.8288
O=c1c2cnn(-c3ccc(C(F)(F)F)cc3)c2ncn1CC1CCCCC1,高毒,40.2515,3.2244
C=CCOc1ccc(Cl)cc1C(=O)c1cnc(N)nc1N1CCC(Oc2ccncc2)CC1,中毒,28.842,6.9699
CCC1CCN(c2nc3c(c(=O)n(C)c(=O)n3C)n2C2CC2)CC1,中毒,53.832,0.3925
Cc1cc(C)n(Cc2nnc(SCC(=O)Nc3ccc(F)cc3F)n2C2CC2)n1,中毒,7.7949,0.3288
O=S(=O)(Nc1ccccn1)c1cc(Cl)c(OCC2CCNCC2c2ccccc2)cc1F,微毒,11.6844,0.6836
CC(C)(C)OC(=O)N1CCc2nn(CCNC(=O)c3ccc(F)cc3)c(=O)cC2C1,高毒,593.0783,2.4125
Cc1nn(C)c(C)c1C1CCCN(c2ncnn3cc(C(=O)NCCN(C)C)cc23)C1,中毒,17.0534,0.6836
CC(=O)OC1C=C(C)CC23OC(=O)C(C)(C)C2C(O)CC(C)C2(CO2)CC(O2)C3(C)CC=CC(=O)C2C1(C)C,高毒,13.0585,2.588
O=C(O)c1ccc2nc(-c3ccc(OCC4CC4)cc3)[nH]c2c1,中毒,74.6027,4.599
NS(=O)(=O)c1nnc(NC(=O)COc2ccc(Cl)cc2-c2cccs2)s1,高毒,55.3041,0.5321
COc1ccc(-n2nc3c(N)nc(NC4CCCCC4)nc3c2=O)cc1OC,高毒,593.0783,2.4125
CCC(NC(=O)OCc1ccccc1)C(=O)NC(C(=O)NC(CCC(=O)O)C(=O)COC(=O)c1c(C)nn(C)c1C)c1ccccc1,中毒,42.3823,0.9277
CCCSC(=N)NCCCC(N)C(=O)NCCCNC(=N)N,高毒,180.3536,0.1576
Cc1ccccc1-n1ncc2c(N3CCC(O)CC3)nc(NCC(C)C)nc21,中毒,22.018,10.152
Cc1ccc(OCC(=O)Nc2nnc(-c3ccc(-n4cnnn4)cc3)o2)cc1,高毒,180.7674,3.3998
COCC(=O)N1CCCC(c2nncn2C2CC2)C1,微毒,12.3231,0.1911
Cc1nnc(SCC(=O)c2ccccc2S(C)(=O)=O)n1N,高毒,122.96,3.8969
CCCCOc1cc(C=C2SC(=S)N(CCCN3CCCC3=O)C2=O)ccc1O,高毒,23.7414,4.6136
O=C(CCNS(=O)(=O)c1cccc2nsnc12)NCc1cccs1,微毒,64.385,0.3591
O=C(Nc1ccc(C=CC(=O)c2ccc(Br)cc2)cc1)c1ccc(Br)cc1,高毒,33.8708,1.8279
COc1ccc(-c2noc3ncnc(SC)c23)cc1,高毒,212.2249,0.3066
Brc1ccc(-c2nncn2C23CC4CC(CC(C4)C2)C3)cc1,高毒,74.5057,6.0953
CCCCCn1c(N)c(N(CCOC)C(=O)C2CCCN(S(=O)(=O)c3c(C)nn(C)c3C)C2)c(=O)[nH]c1=O,中毒,25.6772,0.2017
Cc1ccc(C2CC(c3ccco3)=NN2C(=O)c2nn(C)c(=O)c3ccccc23)cc1,中毒,19.4214,0.718
Cc1ncccc1CN1CCCC(c2nncn2C2CC2)C1,微毒,6.812,0.2099
COc1cc(C=Cc2cc(OC)c(OC)c(OC)c2)cc(OC)c1OC,高毒,109.8094,2.8309
CC1(C(=O)NCCN2CCCCC2)CCCN1C(=O)C1CCCCC1,高毒,140.1431,0.4523
CC(C)c1cccc(C(C)C)c1OC(=O)N1CCCC1C(=O)N1CCCC(n2nc(-c3ccc(F)c(F)c3)c3c(N)ncnc32)C1,中毒,19.7492,0.1768
Cc1ccc(S(=O)(=O)N2CCN(CCNS(=O)(=O)c3ccc4nc(C)cc(C)c4c3)CC2)cc1,高毒,12.889,0.5384
COc1cccc(-n2c(SCc3nnc(-c4ccc(Cl)c(Cl)c4)n3C3CC3)nnc2-c2ccncc2)c1,高毒,56.9374,0.296
CC(C)=CCCC1(C)CCc2cc(OCCCCCn3cnc4c(=O)n(C)nnc43)cccc21,高毒,593.0783,2.4125
Cn1cnc2c(NCc3ccc(S(N)(=O)=O)cc3)ncnc21,高毒,30.5092,0.5067
COc1ccc(C=Cc2nsc3ncnc(Nc4cccc(CN5CCOCC5)c4)c23)cc1,低毒,12.2261,0.7711
O=C(c1ccc(F)cc1F)N1CCN(CC2CCCC2)CC1,高毒,36.4079,0.1657
CCCCCCCCCCCCCCCn1c(C)nc2c(sc3ncnc(Nc4ccc(OCc5cccc(F)c5)c(Cl)c4)c(=O)c23)c1=O,中毒,15.3037,0.1272
COc1ccc2ncc(F)c(CCC3CN(C4CCN(CC(F)(F)F)CC4)CCO3)c2c1,低毒,20.4755,0.6802
N#Cc1ccccc1N1CCCc2c(c(C3(C(F)(F)F)N=N3)n2)C1,中毒,19.4728,0.861
CCOc1ccc(CN2CCC(CCNCc3cc(=O)oc4cc(OC)c(OC)cc34)CC2)cc1,微毒,9.4295,2.7018
CC(=O)Oc1ccc2c(c1)OC(C1CCC(C)CC1)C(OC(C)=O)CC2=O,低毒,5.2229,0.6183
O=C(COc1ccc(F)cc1)N1CCC2(CC1)OCCO2,微毒,57.9306,0.1761
CCNC(=O)c1c(-c2ccc(F)cc2)oc2cc(N(C)S(C)(=O)=O)c(-c3ccc4ncc(-c5nnn(C)n5)nc4c3)cc12,中毒,40.6673,2.2402
COc1cc(N)c(Cl)cc1C(=O)N1CCC(Cc2nncn2C2CC2)CC1,中毒,8.7252,0.3703
COc1cc2c(cc1OC)CN(Cc1ccc(CN3CCN(c4cccc5c4CCO5)CC3)cc1)CC2,中毒,33.0558,0.5591
Cn1c(=O)n(C2OC(CO)C(O)C2O)c2nc3ccccc3nc21,中毒,13.3291,1.6194
O=C1NC(=O)C(=Cc2cnn3c(NC4CC4)nc(NC4CCC(O)CC4)nc23)N1,高毒,29.7743,2.3865
Cc1nnc(CCOc2ccc(C(C)=O)cn2)[nH]1,高毒,25.094,0.6009
COc1ccc(C2CC(c3ccc(OC)c(OC)c3)=NN2C(N)=S)cc1OC,高毒,33.1268,1.2825
COc1ccc2nc(NC(=O)N3CCSCC3)sc2c1,中毒,76.1161,1.0596
COc1cccc2sc(NC(=O)c3ccc(OCC4CC4)cc3)nc12,中毒,71.2941,1.9946
Cc1nn(C)c(C)c1CN1CCCC(c2nncn2C2CC2)C1,微毒,9.0006,0.2333
CC1CCCCN1c1nnc(NC(=O)c2ccc(Cl)c(S(=O)(=O)N3CCCC3)c2)s1,高毒,35.0783,0.2294
CCOC(=O)c1cn(CC)c2cc(N3CCN(C)CC3)c(F)cc2c1=O,中毒,29.7259,0.305
CCN(CC)c1nc2c(c(Nc3ccc(NC(=O)c4cc5c(s4)CCCC5)cc3)n1)CN(C1CCN(Cc3ccc(C#N)cc3)CC1)C2,中毒,8.0792,0.5289
O=C(O)Cc1nn(C2CC2)c2cc(N3CCC(c4nnn5nnc6[nH]ccc6c55)CC4)c(F)cc3c(=O)n12,高毒,593.0783,2.4125
Cc1cc2nc(C(C)C)c(CN3CCC(NC(=O)c4cc(C(F)(F)F)nc5ncccc45)CC3)c2cc1F,高毒,593.0783,2.4125
CC(O)Cc1nncn1CC1CCCN1Cc1ccsc1,中毒,7.2027,0.1469
Cc1c(Cc2cc(F)cc(F)c2)ncnc1N1CCC(c2nncn2C2CC2)CC1,微毒,37.7383,1.7634
Cc1nn(C)c2ncnc(N3CCCC(C(=O)NCc4ccc5c(n4)NC(=O)CO5)C3)c12,中毒,45.4641,0.9598
CC(C)(C)OC(=O)N1CCCC(Nc2cc(C3CC3)n3ncc(C=C4NC(=O)NC4=O)c3n2)C1,中毒,10.523,1.0265
CC(CCN1CCCC1)N1CCCC(c2nncn2C2CC2)C1,微毒,13.5158,0.2302
O=c1c2ccccc2ncn1C1OC(CO)C(O)C1O,中毒,6.1239,2.2498
CCCCN(c1nc2c(c(=O)n(C)c(=O)n2C)n1Cc1ccc2c(c1)OCO2)c1c(N)n(Cc2ccccc2)c(=O)[nH]c1=O,中毒,23.7915,0.2067
CCCCn1c(C)nc2ccccc21,高毒,684.474,7.6733
CC(=O)N1CCCC(c2nncn2C2CC2)C1,微毒,24.615,0.2138
CCOC(=O)C(=O)c1cnn(Cc2ccccc2F)c1C,高毒,32.9469,0.8418
CC1CN(Cc2csc3ncnc(N4CCCCC4)c23)CC(C)O1,中毒,26.9744,0.413
N#Cc1nn(Cc2ccccc2)c2nc(Cl)c(-c3ccc(Cl)cn3)cc12,中毒,38.2413,0.8028
Cc1nn(C)c(C)c1CCC(=O)N1CCCC(c2nncn2C2CC2)C1,微毒,31.8529,0.7013
Cc1ccc(CNC(=O)CCn2nnc3c4c(c5ccccc53)CCCC4)cc2c1,高毒,593.0783,2.4125
CC(NC(=O)c1ccc(Cl)cc1)C(=O)N1CCCC1c1nncn1C,中毒,56.5465,0.5431
COc1ccc2nc(NC(=O)N3CCC(O)C3)nc(NCC3CCCO3)c2c1,中毒,29.0653,1.5574
CN(C)c1nc(N)nc(NOC(=O)c2c(O)nn(Cc3ccccc3)c2=O)n1,高毒,593.0783,2.4125
COc1ccc2[nH]cc(CCCN3CCC(NC(=O)c4cc(-c5cccc(F)c5)no4)CC3)c2c1,中毒,56.2317,1.4377
CC1=CC(=O)OC(CC2CCCC(O)C2)C=CC=CC(O)CC(O)CCC(=O)O1,低毒,48.153,1.8411
O=C1C(=CNc2ccc(F)cc2)c2ccccc2C1=NNc1nc2ccc(Cl)cc2s1,中毒,30.9851,5.0894
Cc1ccccc1-n1nc(C2CC2)c2c(NC3CCN(C(=O)c4ccccn4)CC3)nc(C3CC3)nc21,中毒,71.1175,0.3244
CCCCOc1ccccc1CN1CCC(CC#N)CC1,高毒,49.6319,2.3984
Cc1ncsc1CN1CCCC(c2nncn2C2CC2)C1,微毒,15.4722,0.2099
Cc1nn(-c2ccccc2)c(=O)c2cc(-c3ccc(OCCCN4CCCCC4)cc3)ccc12,中毒,9.9023,11.1646
CC(C)(C)c1nn(Cc2ccncc2)c(=O)c2cc(S(=O)(=O)Nc3nccs3)ccc12,中毒,13.3849,0.6156
O=C(c1cnn(C(F)F)c1)N1CCCC(c2nncn2C2CC2)C1,微毒,28.9079,0.197
O=c1c(-c2nc3ccccc3s2)nc2ccccn2c1=O,高毒,593.0783,2.4125
CC(C)(C)OC(=O)N1CCCC(c2nncn2C2CCOCC2)C1,微毒,22.5667,0.44
CC(=O)N1CCC(Nc2ncnc3c2nc(-c2ccc4ccccc4c2)n3C2CCCC2)CC1,中毒,86.542,0.4321
O=C(NN=Cc1ccc(OCCCN2CCOCC2)cc1)c1c(F)cccc1F,高毒,12.6359,4.7695
CCN1CCN(CCCOc2ccc3c(C)cc(=O)oc3c2)CC1,高毒,9.6028,3.1821
CC(C)CNC(=O)C1CCCN(C(=O)c2nn(C)c(=O)c3ccccc23)C1,中毒,13.0078,0.532
c1cncc(COC2CCCN(CCCc3nncn3C3CC3)CC2)c1,微毒,20.7323,0.6176
CC(=O)Nc1nnc(SCc2nnc3n2CCCC3)s1,低毒,123.4099,0.6597
CCCCCCCC(=O)N1CCCC1C(=O)O,微毒,154.846,0.4561
COc1cc(C=C2CCCC(=Cc3ccc(OCCCN(C)C)cc3)C2=O)cc(OC)c1OC,高毒,38.2851,2.319
NS(=O)(=O)c1ccc(C(=O)N2CC=C(c3noc(C4CC4)n3)CC2)cc1,高毒,56.2667,0.3708
O=C(NCc1cn(Cc2ccc(C=Cc3nnn[nH]3)cc2)nn1)C1CCCN1C(=O)C1CCCN1C(=O)c1ccc(O)cc1,中毒,43.9228,0.1082
O=C(CN1CCCCCC1=O)N1CCCC(c2nncn2C2CC2)C1,微毒,37.7443,0.2138
CC1CC(N)CCN1c1nc(N2CCOCC2C)c2cc[nH]c2n1,中毒,66.7898,0.9769
CN(Cc1cccs1)C(=O)C1CCCN(c2nn3cnnc3n(Cc3ccc(F)cc3)c2=O)C1,中毒,24.3751,0.3665
COc1ccc(OC)c(CN2CCCC(C(=O)N3CCCC3)C2)c1,高毒,37.7552,0.6327
O=C(Nc1cccc(Oc2cnn(CCN3CCCCC3)c2)c1)c1cccn(Cc2ccccc2)c1=O,高毒,29.7817,0.5206
O=C(O)c1ccc(CN2CCCC(c3nncn3C3CC3)C2)cc1,微毒,11.4806,0.2068
C=CCn1c(SCC(=O)Nc2nnc(C)s2)nnc1-c1ccco1,高毒,90.5646,0.2023
O=C(Nc1ccc(-n2nnnc2SCc2ccc(F)cc2)c(Cl)c1)Nc1ccccc1,高毒,18.4838,0.31
COc1ccc2[nH]c3c(c2c1)CCN(C(=O)c1ccccc1)C3,中毒,63.3143,0.3504
CC(=O)c1ccc2nc(-c3ccc(Cl)cc3)c(C(=O)O)n2c1,中毒,14.5191,0.3655
Cc1ccccc1CN1CCC(c2nncn2C2CC2)CC1,微毒,17.6569,0.7467
COc1ccc(-c2cn3nc(-c4cccc(C)c4)ccc3n2)cc1OC,高毒,41.92,0.8246
OCC1CCN(c2ncnc3[nH]ncc23)CC1,高毒,72.2902,5.1709
COc1cc(C=CC(=O)c2ccc(O)c(O)c2)cc(OC)c1OC,高毒,54.7756,1.7091
Cc1cc([N+](=O)[O-])ccc1NC(=O)C1CCN(C(=O)c2ccno2)CC1,高毒,14.9949,0.9119
COc1ccc(C(=O)Nc2nnc(N3CCCCC3)s2)cc1F,高毒,50.733,3.6837
Cn1cnnc1CN1CCCC(c2nncn2C2CC2)C1,微毒,16.9364,0.9966
Nc1ncnc2c1ncn2C1OC(COP(=O)(O)OP(=O)(O)OP(=O)(O)O)C(O)C1O,中毒,10.0126,0.1701
CCOC(=O)C1CCN(C2CCN(S(=O)(=O)c3ccc4[nH]c(=O)sc4c3)CC2)CC1,中毒,137.7245,2.854
CC(C)(C)OC(=O)N1CCC(c2nnc3n2CCCN3C(=O)Cc2cccc(F)c2)CC1,中毒,74.3475,1.521
c1ccc(C2OC(c3ccc(OC4OC(CO)C(O)C(O)C4O)cc3)=NN2c2ccccc2)cc1,低毒,30.4155,3.4088
O=C(Nc1cccnc1)N1CCC2(CC1)OCCO2,微毒,73.2896,0.3507
Nc1nc(O)c2nnn(C3OC(COP(=O)(O)OP(=O)(O)O)C(O)C3O)c2n1,中毒,5.828,0.2655
CN(C)CCN(c1ccccc1)c1nc(C#N)ncc1C#N,高毒,4.3891,0.9013
CCn1nc(CC)cc1C(=O)N1CCCC1c1nncn1C,中毒,35.5888,0.4247
O=C1CC(c2ccc3c(c2)OCO3)c2c(nnn2-c2ccccc2)N1,中毒,52.871,0.8436
O=C(Cc1cccc2c1C(=O)N(Cc1cccc3c(=O)cc(-c4nn[nH]n4)oc23)C1=O)NO,中毒,17.3147,2.8504
O=C(O)C=Cc1ccc(NC(=O)c2ccco2)cc1,高毒,35.9295,5.1125
O=C(Nc1cccc(C(F)(F)F)n1)N1CCc2sccc2C1,中毒,13.8569,1.276
CCOc1ccc(CCNC(=O)CN(C)S(=O)(=O)c2ccc3[nH]c(=O)sc3c2)cc1OCC,中毒,102.4533,1.2022
Cc1noc(C)c1Cn1c(=O)n(CCCS(C)(=O)=O)c(=O)c2cccnc21,高毒,8.5826,1.1399
N#Cc1ccc(CN2CCCCC2c2nncn2C2CC2)o1,低毒,61.2695,0.3867
CC(C)CN1CCCC(c2nncn2C2CC2)C1,微毒,10.8224,0.2237
O=C(NCc1ccccc1C(F)(F)F)c1cc(S(=O)(=O)N2CCOCC2)c(Cl)cc1Cl,低毒,101.2776,0.2477
COC(=O)Nc1nc2ccc(C(=O)c3c(F)cccc3F)cc2n1C(C)C,中毒,36.8622,8.2324
COc1ccc(-c2nnc(SCc3nnc(NC(=O)c4ccco4)s3)n2-c2ccccc2)cc1,中毒,19.5141,1.1106
O=C1C2C3C=CC(C3)C2C(=O)N1CCCCCCN1CCN(c2nsc3ccccc23)CC1,高毒,70.7413,0.7969
COc1ccc(CN(CCCN2CCN(c3ccccc3OC)CC2)S(=O)(=O)c2ccc(C)cc2)cc1,高毒,33.9408,0.2493
Cc1nc(NC(C)c2nccn2C2CC2)c2cc(-c3noc(C4CC4)n3)cnc2n1,中毒,59.1922,0.5242
CCOC(=O)C1CCCN(Cc2nnc3n2CCOC3)C1,低毒,33.8684,3.1069
COc1ccc(-n2c(CC3CCC(C(=O)O)CC3)nc3cc(C(C)=O)ccc32)cc1,低毒,23.4883,0.8667
CN1CCN(c2ccccc2NC(=O)c2cccc(C#Cc3cccc(F)c3)n2)CC1,中毒,159.0401,0.2934
CN1CCc2nc(Nc3ncnc(NCc4ccc5c(c4)OCO5)n3)sc2C1,中毒,24.6098,0.7371
O=C(Nc1nnc(SCC(=O)N2CCCCCC2)s1)c1ccc(F)cc1,高毒,32.0681,0.9314
Cc1cccc(OCC(O)CN2CCC(n3nnnc3C3CCCC3)CC2)c1,微毒,20.5183,2.012
NCCCNc1nc(Oc2cccc3[nH]ncc23)nc2nc(N)nc(N)c12,高毒,28.3331,0.6814
C=C(C)C1CCC2(C(=O)OCCCCCCCCCCCCCCCCCCCCC)CCC3(C)C(CCC4C5(C)CCC(OC(=O)N6CCOCC6)C(C)(C)C5CCC43C)C12,高毒,25.2609,1.4845
[3H]c1nnc(NC(=O)C2CCN(C(=O)c3ccc4nn[nH]c4c3)CC2)s1,高毒,70.5892,0.4659
COc1ccc(-n2cc(CCc3cccc(Cl)c3)c3c(N)ncnc32)cc1,低毒,38.9452,2.6704
O=C1c2ccccc2C(=O)C1=CNCCCCCCN1CCN(c2nsc3ccccc23)CC1,高毒,39.0886,2.2885
C=CCn1c(SCC(=O)Nc2nnc(C3CC3)s2)nnc1-c1ccsc1,高毒,18.8555,0.3036
CN1CCCC(c2nncn2C2CC2)C1,微毒,13.5158,0.2099
CCCCc1nnc(SCC(=O)Nc2nnnn2C2CC2)n1Cc1ccccc1,中毒,34.3796,1.1747
CC(C)(C)N1CCN(Cc2nnnn2C2CCCCC2)CC1,低毒,33.0863,0.8684
C#Cc1ccccc1Nc1nc(Nc2cc(N3CC4CC4C3)ncc2C=CCN2CCC(F)CC2)nc2[nH]cnc12,中毒,10.2674,0.7242
COC(=O)CCCCCCCCCCCCCCCOc1ccc(C=CC(=O)c2cc(OC)c(OC)c(OC)c2)cc1,高毒,31.0574,2.2387
COC(=O)C1(C)CCCC2(C)C1CCC13CC(C)(CCC21)C(=O)C3=O,高毒,134.5464,5.9698
CCN(CCCCCN1C(=O)CCC1=O)Cc1cccc(OCc2nnc3n2CCCC3)c1,低毒,34.9366,0.3176
Cc1ccc(C(=O)NC(c2cccnc2)c2ccncc2)cc1NS(=O)(=O)c1ccc(F)cc1,低毒,28.0503,0.4739
CC(=O)N1N=C(c2cc(OCc3nnc4n3CCC4)ccc2F)CC1c1cccc(F)c1,中毒,20.2694,0.4277
O=C(NCC1CCCN1CC1CCCCC1)c1ccc2c(c1)CC(C(F)(F)F)O2,高毒,46.6811,2.1926
O=C(CCCN1CCCCC1)Nc1cccc(-n2cc(-c3ccncc3)nn2)c1,中毒,26.7703,1.3007
O=c1n(CCCCF)c2ccccc2n1CCc1ccccc1,高毒,47.2951,8.2181
CCOC(=O)c1cnc2c(cnn2CC)c1NC(=O)c1cccs1,高毒,16.2879,0.1985
CC(C)(C)N1CC(CNC(=O)c2cccc3nccnc23)CC1=O,高毒,106.3042,0.2179
Cn1c(=O)n(O)c(=O)c2c1ncn2C1OC(CO)C(O)C1O,中毒,9.5744,0.3352
CCCCCCCCCCCCCCCCCCC(=O)NCCCCCCCCCCCCC,高毒,477.773,2.4125
CCN(CC)CCOc1ccc(C(=O)N2CCc3c(sc4ncn(Cc5ccccc5)c(=O)c34)C2)cc1,中毒,94.8549,0.1888
COc1ccc(CN2CCCC2c2nncn2C2CC2)cc1,低毒,72.8795,0.2491
CC(C)CC1CN(C(C)CO)C(=O)c2cc(NS(=O)(=O)c3cnccn3)ccc2OC1CN(C)Cc1ccc2c(c1)OCO2,中毒,32.2673,0.7498
CC1CCCN(CCCNS(=O)(=O)c2ccc3c4c(c(=O)oc3c2)CCC4)C1,高毒,21.6252,1.262
CCOC(=O)c1c(-c2ccccc2)csc1NC(=O)c1cn(CC(=O)Nc2ccccc2)nn1,高毒,5.2293,0.7859
Cc1ccc(-n2nnnc2SCC(=O)N2CCN(c3ncccn3)CC2)cc1,高毒,39.7162,0.4358
Cc1noc(C)c1C(=O)N1CCCC(c2nncn2C2CC2)C1,低毒,27.1052,0.4769
CCCCCCCCCCCCCCCCCCC(=O)N1CC(N)CC(N)C1,高毒,258.877,0.4446
Cc1cc(S(=O)(=O)NC2CCCCC2)nn1C,高毒,25.2154,1.1791
CCCN(CCC)C(=O)N1CCC2(CC1)CC(c1ccccc1)=NN2C(=O)Nc1ccccc1,中毒,9.3297,3.2648
O=S1(=O)CCC(Nc2nc(C3CC3)nc3c2CCNC3)CC1,中毒,46.3236,1.6178
COc1ccc(-n2c(Cc3nnc(SCC(=O)Nc4ccccc4F)n3C)nnc2-c2ccc(OC)cc2)cc1,中毒,50.3061,0.8867
CCCCNC(=S)NN=Cc1sc2cc(Cl)ccc2c1Cl,高毒,321.3856,1.7301
O=[N+]([O-])c1cc2c(s1)C(c1cccnc1)=NCC2,中毒,258.6572,1.1228
Cc1nn2ccnc2c2nc(-c3ccccc3)nn12,中毒,131.9424,1.7843
COc1ccc(C2Nc3ccccc3-n3nncc3C2C(=O)Nc2cc(C)on2)cc1,中毒,50.244,0.223
CC(=O)C1=C(O)C(=Cc2ccccc2)CCC1=O,高毒,99.9576,1.0929
CC1CCCC(C)N1Cc1nnc(NC(=O)c2cccc(S(=O)(=O)N3CCCCC3)c2)s1,高毒,34.8278,0.917
CC(C)(C)OC(=O)N1CCC(n2nnc3c(Cl)nc4cc(Cl)c(Cl)cc4c32)CC1,中毒,4.6295,0.2332
C=CC(=O)Nc1ccc(Oc2nc(Nc3ccc(N4CCN(C(C)=O)CC4)cc3OC)ncc2F)cc1,中毒,6.2648,0.1328
O=C(CCCc1nc2sc(C(F)(F)F)nn2c(=O)c1-c1ccc(F)cc1)N1CCCC1,中毒,26.3792,0.3177
COc1ccc(-c2nn(CC#CCN3CCCCC3)cc2-c2ccnc3c(C(=O)O)c4sccc4n23)cc1OC,中毒,12.2774,0.1071
CN1CCN(C(=O)c2cnn(Cc3ccc4c(c3)OCO4)c2)CC1,低毒,76.5096,0.1246
CCCCc1c(C(=O)OCC(=O)Nc2ccc(Cl)cc2)nn(-c2ccc(NC(C)=O)cc2)c1C,中毒,13.865,1.8419
CC(C)CN1CC(CNc2ccccn2)SC1=S,高毒,22.4729,1.4397
Cc1nc2ccccc2n1C1CCN(CCCCNCc2nnn3cnc4c(c23)CCCC4)CC1,中毒,14.4631,0.7733
O=C(O)CCC(NC(=O)c1cn(Cc2ccccc2F)c2ccccc12)C(N)=O,中毒,100.764,0.1459
Nc1nc2sc(CNc3cccc(F)c3)nc2c(=O)[nH]1,中毒,118.1181,0.8665
COc1cc(C(O)CNCCc2c[nH]c3ccccc23)cc(OC)c1OC,高毒,117.0208,6.9253
O=C(c1cnn2c1OCCC2)N1CCC(c2nncn2C2CC2)CC1,低毒,16.2032,0.3458
CCCCCCCCCCCCCCCCC(=O)NC(Cc1c[nH]cn1)C(=O)NC(Cc1ccccc1)C(O)C(Cc1ccccc1)NC(=O)OC(C)(C)C,中毒,29.8318,1.6311
C=CC(C)(C)c1cc2c(cc1OCCCCCOc1ccc(CCCCCC)cc1)C(=O)C=CC2=O,高毒,28.3886,1.3842
COc1ccc(NC(=O)C2CCCN2S(=O)(=O)c2ccc3c(c2)CCCN3C(=O)c2cccc(F)c2)c(OC)c1,中毒,8.7072,0.2225
Cc1nc(C)n(CC2CN(CC3CCC3)CCO2)n1,高毒,23.2058,1.2688
CCN(CC)C(=O)c1nn(C)c2nc(C(=O)OC)n(-c3ccc(Cl)cc3)c(=O)c12,低毒,15.8005,0.7344
COc1cccc(C=NNC(=O)CCN2C(=O)c3ccccc3C2=O)c1,高毒,31.2186,2.3923
N#Cc1ccc(OC2CCN(C3CCC(NCC4COc5cc6c(cc5C(Nc5nc(=O)[nH]cn7)C3)C3)COCC5)CC2)cc1,高毒,593.0783,2.4125
CCOC(=O)c1cnc(NC(=O)C=Cc2cccc(OC)c2OC)s1,高毒,28.6812,9.5124
Cc1ccc(CNC(=O)Cc2nnc(SCc3ccc(Cl)cc3)n2C2CC2)cc1,微毒,107.856,0.2456
c1ccc(-n2nnnc2SCC(=O)NCC2CCCO2)cc1,高毒,47.2394,0.252
COc1nc2c(c(OC)n1)CCN(C(=O)c1ccc3ncsc3c1)C2,中毒,92.1789,1.786
COc1cc(F)ccc1CN1CCC(c2nncn2C2CC2)CC1,微毒,30.9177,0.6125
CCc1nnnn1CC1CCCCN1C(=O)CC1CCCC1,高毒,31.5439,0.4363
CCCn1c(=O)c2nc(-c3cnn(CC(=O)Nc4ccc(C=CC(=O)O)cc4)n3)[nH]c2n(CCC)c1=O,中毒,8.9086,2.545
COC1CCCCN(Cc2nc(C3CC3)no2)C1,微毒,29.8098,0.23
Cc1cc(C)n(CCn2ccc(=O)n(CC(=O)NC(C)c3ccc(F)cc3)c2=O)c(=O)c1=O,高毒,593.0783,2.4125
C=C1CCC2C(C)(COC(C)=O)CCCC2(C)C1CCC1=CC(=O)OC1OC(=O)CCCCCCCCCCCCCC,微毒,67.2711,1.3669
O=C(Cc1ccc(O)cc1)N1CCCC(c2nncn2C2CC2)C1,微毒,12.8659,0.2448
CC1(CO)CCCN(C2CCN(C(=O)c3ccccc3Cl)CC2)C1,高毒,45.8684,0.6671
CCOC(=O)c1cc(C=Cc2ccc(C)o2)n(CC)cc1=O,高毒,593.0783,2.4125
CCCN1CCCC(COc2ccc(OC(C)C)cc2)C1,高毒,44.9027,2.1132
CC(C)=CCCC(C)=CCc1c(O)cc2oc3ccc(O)cc3c(=O)c2c1O,高毒,67.5808,4.1729
COc1ccc(CN2CCCC(CN3CCC(CCc4ccccc4)CC3)C2)cc1,高毒,15.2524,1.9796
CCCCCCCCOc1cc(C(=O)C=Cc2cc(OC)c(OC)c(OC)c2)ccc1O,高毒,28.6595,1.0123
Cc1nn(C)c(C)c1CC(=O)N1CCCC1c1nncn1C,中毒,58.4442,0.5697
COc1cccc2c1N=C1c3ccccc3OC(c3cccnc3)C1C2,中毒,31.8422,0.4061
COc1ccc(C2CC(=O)c3cc(O)c(O)cc3C2CCN2CCCCC2)cc1OC,中毒,13.733,6.8117
CCOc1ccc(NC(=O)c2cccc(C(=O)NCc3cccnc3)c2)cc1,高毒,32.7558,1.9086
CCOC(=O)c1c(C)[nH]c(C)c1S(=O)(=O)Nc1nnc(SCC(=O)NCc2cccnc2)s1,中毒,21.0169,1.9632
Nc1nc(Nc2ccc(CN3CCOCC3)cc2)nc(Oc2cccc(C(F)(F)F)c2)n1,微毒,4.8511,0.31
Cn1c(CN2CCCCC2C)nnc1SCC(=O)N1CCCCC1,高毒,79.0583,0.5826
CC(C)(C)c1cc(C(C)(C)C)c(OCC(CS(C)(=O)=O)c2ccc(OCC(=O)O)c(C(C)(C)C)c2)c(C(C)(C)C)c1,高毒,30.0368,5.263
COc1ccc(CN(C)C(=O)c2cccc3c2CN(C2CCC(=O)NC2=O)C3=O)cc1,中毒,47.1576,0.1152
CCOC(=O)C1=C(C)NC(C)=C(C(=O)OCC)C1c1ccc(NC(=O)Nc2ccc(OC)cc2)cc1,低毒,27.7072,2.5756
CCOc1ccc(C(=O)NCCCN2CCC(Cc3ccccc3)CC2)c(OCC)c1,高毒,38.7644,0.4635
CCCCCCCCCCCCCCCOCC(COP(=O)([O-])OCC[N+]1(C)CCC(O)CC1)OC,微毒,174.2537,1.7745
Cc1cc(C)c(NC(=O)C2CCN(S(=O)(=O)c3ccc4c(c3)n(C)c(=O)n4C)CC2)c(C)c1,中毒,8.1166,0.4473
CC(C)(C)[N+]([O-])=Cc1cnn(Cc2cn(-c3ccc(Cl)cc3)c3ccc(Cl)cc23)c1,中毒,29.248,1.5181
CCOC(=O)c1c(-c2ccc(Br)cc2)nc2sc3c(c2c1N)CCCC3,中毒,40.6905,0.502
CCC1OC(=O)C(C)C(=O)C(C)C(OC2OC(C)CC(N(C)C)C2O)C(C)(OC2OC(C)CC(N(C)C)C2O)C(C)(O)CC(C)C2N(CC3CCC4(C)C,高毒,593.0783,2.4125
CN1C(=O)CCC1CC(C)(C)C(=O)O,微毒,36.4374,0.5827
Cc1cc(C)n2nc(SCC(=O)N3CCc4ccccc43)nc2n1,中毒,16.707,5.7896
COc1cc2ncc(C#N)c(Nc3ccc(Cl)cc3OC(C)C(=O)Nc3ccc(F)c(F)c3)c2cc1OC,中毒,16.8089,1.883
COc1cc(OC)cc(C(=O)NCCc2nncn2C2CC2)c1,高毒,79.3567,0.2451
COc1ccc(CCN(C)C(=O)c2cc(-c3nnn[nH]3)nn2-c2ccccc2)cc1,中毒,46.7484,0.689
COc1ccc(N2CCN(Cc3nnc4n3N=C(c3ccc(C)cc3)CC4)CC2)cc1,微毒,6.5074,6.251
O=c1cc(C(F)(F)F)nn(Cc2ccccc2Cl)c1O,高毒,593.0783,2.4125
COc1ccc(CNC(=O)c2sc3ncn(CC(=O)N4CCCCCC4)c(=O)c3c2C)cc1,中毒,37.9901,0.2041
Cc1cn2ccnc2c(=O)n1Cc1ccc(-c2nnnn2-c2ccccc2)cc1,中毒,17.168,0.5019
CCCCCc1ccc(-c2nn(CCCCC(=O)NO)c(=O)c3cc(Cl)c(OC)cc23)cc1,中毒,5.6451,0.9895
CN(C)C1CCCC(n2nnc3c(oc4ccc(F)cc43)c2=O)C1,中毒,11.1095,0.5666
CCOP(=O)(OCC)C(CCC(=O)O)c1ccc(OCc2ccccc2)cc1,高毒,24.7092,0.642
O=C(NO)c1ccc(Cn2nncc2S(=O)(=O)N2CCCC2c2nnc(C3CC3)n2C2CC2)cc1,中毒,20.5499,0.217
Cc1sc2nc(CC3CCCC3)nn2c(=O)c1C,中毒,17.2118,1.7108
CCC(C)C(NC(=O)C(CC(C)C)NC(=O)C(NC(=O)C(CCCNC(=N)N)NC(=O)OCc1ccccc1)C(C)C)C(=O)C(=O)NCCc1ccccc1,中毒,176.2713,0.1358
COc1cccc(Nc2nccc(Nc3ccc(C4CCN(Cc5ccccc5)CC4)c(F)c3)n2)c1,中毒,2.8719,0.3254
CCc1cc(CNC(=O)c2[nH]nc(Cn3cncn3)c2C)on1,中毒,33.6844,1.6993
Cc1ccccc1NC(=O)CN1CCN(c2nsc3ccccc23)CC1,高毒,54.16,1.4829
CCN(CC)CCOc1ccc(S(=O)(=O)N2CCC(C(=O)Nc3nnc(C)s3)CC2)cc1,高毒,79.7295,0.9022
CCCCCCCCCCCCCCC(=O)OC1CC2(C)C(CCC3(C)C2CC=C2C4CC(C)(C)CCC4(C(=O)O)CCC23C)C1(C)C,高毒,23.9781,4.0473
COc1ccc(CNc2nc(-c3ccncc3)nc(N3CCOCC3)n2)cc1,高毒,44.8006,6.2385
O=C(NCCCn1nnc2ccccc23)c1ccco1,高毒,593.0783,2.4125
CCCC(c1nnnn1C1CCCC1)N1CCC(O)(Cn2cncn2)CC1,微毒,19.9745,0.6618
CC(Oc1cnc(C(C)(C)C)cn1)C(=O)NC1CCC(F)(F)CC1,微毒,99.1123,1.181
CC(C)(C)OC(=O)N1CCCC1C(=O)N1CCCC1,高毒,99.5646,0.5414
O=C1CC(c2ccccc2)C(c2ccc(F)cc2)N1C(=O)c1ccoc1,中毒,47.9383,0.8532
CCc1nc2nc(O)nc(O)c2c2c1CCN2,中毒,13.2431,2.7583
COc1ccc(C(=O)OCC(=O)Nc2nnc(S(N)(=O)=O)s2)cc1OC,高毒,77.6292,0.637
CCCCCC(=O)NC1CCCCN(S(=O)(=O)c2c(C)noc2C=Cc2ccc(F)cc2)C1,高毒,56.4225,0.1215
Cc1ccccc1C(=O)N1CCC(C)(N2CCCCC2)C(CO)C1,高毒,35.3049,0.631
CC(C)Oc1ncnc2c1ncn2C1OC(CSC2CC2)C(O)C1O,中毒,6.7488,0.1932
O=C(Nc1cccc(Oc2cncc(-c3cccnc3)c2)c1)c1c(F)cccc1F,中毒,63.113,0.8805
COc1ccc(C2=NN(C(=O)c3ccccc3O)C(c3ccc(Cl)cc3)C2)cc1,中毒,19.0414,0.3639
CCOc1nc(NC)nc2c1c(S(=O)(=O)c1ccc(Cl)cc1)nn2CC1CC1,中毒,21.1121,0.2892
CC(C)N1CCC(Oc2cncc(-c3nncn3C3CC3)c2)CC1,微毒,58.6462,5.1729
COc1ccc(-c2noc(CCNC(=O)c3cnc4ncccn34)n2)cc1OC,中毒,251.0369,0.9389
CCOC(=O)c1c(NC(=O)c2cccs2)sc(C(=O)N2CCCCC2)c1C,中毒,12.3946,1.9621
COc1ccc(C2=CCN(Cc3noc(C4CC4)n3)CC2)cc1,高毒,19.4164,0.9525
N#Cc1c(N)nc(SCc2ccc(F)cc2)c(C#N)c1-c1ccnc(C(F)(F)F)c1,中毒,4.425,3.3496
Cc1nn(CC(F)F)c(=O)c2c1C(c1ccc(C(F)(F)F)cc1)N=C(N)C2,中毒,33.9322,1.1792
FC(F)(F)Oc1ccc(-c2nnc3n2N=C(c2ccccc2)CS3)cc1,高毒,672.6968,1.4832
CN1CCc2ncn(CC(=O)Nc3cc(F)c(F)c(F)c3)c(=O)c2C1,中毒,23.7404,0.2373
Cc1cn(C2CC(O)C(COS(=O)(=O)c3ccc(N)nn3)O2)c(=O)[nH]c1=O,中毒,63.4919,0.3509
CCCCN1C(=O)C(=Cc2ccccc2F)SC1=S,高毒,39.9821,3.7816
CC(C)CNC(=O)c1cc(S(=O)(=O)N2CCOCC2)cn1C,中毒,75.3168,0.4304
Cc1ccc(-n2nnnc2SCC(=O)Nc2ccc(C)c(S(=O)(=O)N3CCCCC3)c2)cc1,高毒,42.3319,0.4543
Cc1c2ccccc2nc2c1ncn2C1OC(CO)C(O)C1O,低毒,13.1497,0.1938
Cc1cn(C2CC(O)C(CSCCCC(=O)OCCO)O2)c(=O)[nH]c1=O,低毒,28.2276,1.5251
O=C(O)c1cccc(Oc2cc(Cl)cc(Cl)c2)c1,高毒,20.6561,6.4943
CCc1c(C)nc2c(OCCN3CCCCC3)cccn12,高毒,90.3965,0.2715
CN1CCC2(CC1)CCN(C(=O)c1cnn(C)c1)CC2,高毒,50.0205,0.4309
O=c1cc2n(n1)C1CCC(C2)C1Nc1cc(F)cc(F)c1F,高毒,593.0783,2.4125
Cc1ccc(OCc2nnc(SCC(=O)c3c(N)n(CC(C)C)c(=O)n(C)c3=O)n2C)cc1,中毒,33.1615,0.1303
COc1cc2ncnc(N3CCC(CNC(=O)c4ccc(OC)cc4)CC3)c2cc1OC,高毒,64.7045,3.5136
CC(C)(Cc1ccc(C2CCCNC2)cc1)NC(=O)N1CCCC1,高毒,70.6129,0.7017
CCOC(=O)c1c(-c2ccco2)c(CC)n(-c2ccccc2)c1N,中毒,43.3121,0.2081
O=C(Cc1ccc(F)c(F)c1)N1CCCC(n2nncc2-c2ccnc(N3CCCCC3)n2)C1,中毒,34.0952,0.3264
Cc1nn(C)cc1CN1CCCC(c2nncn2C2CC2)C1,微毒,9.0006,0.2099
O=C(CCN1CCC(c2noc3cc(F)ccc23)CC1)N1CCCC(Cn2cncn2)C1,高毒,25.0295,0.5941
CCCCCCOc1ccc(C=CC(=O)OCC)cc1,高毒,43.5762,7.5897
Cc1csc2ncnc(N3CCCC(c4nncn4C4CC4)C3)c12,中毒,7.9271,0.3184
CC(=O)N1CCCC(c2nnc3n2N=C(c2cc(C(F)(F)F)cc(C(F)(F)F)c2Cl)C3)C1,中毒,14.6097,0.5477
CCn1nnnc1CN1CCCC(c2nncn2C2CC2)CC1,微毒,19.5197,1.1439
CCCCc1nc2c(Cl)nc3ccccc3c2n1Cc1cccc2ccccc12,中毒,18.3702,0.4759
CSC1C(O)C(S)C(SCCC(=O)O)C(O)C1O,高毒,78.3907,2.3534
Cc1nccn1CC(=O)Nc1ccc(Oc2ncnc3c2ncn3C2CC2)c(F)c1,中毒,11.3923,0.1726
NC1(c2ccc(-c3nc4cc(-c5nn[nH]n5)ccc4[nH]3)cc2)CCC1,中毒,59.6876,8.2042
Cc1ccc(S(=O)(=O)C2CCC3C(CCC4CC(O)CCC43C)C2(C)C)cc1,微毒,21.9783,0.7082
CCCCCCCCc1nc2c3ccccc3nc-2n(CCC#N)c1=O,高毒,593.0783,2.4125
COc1cccc(C=CC(=O)c2cc(OC)c(OC)c(OC)c2)c1O,高毒,54.7749,1.7091
Cc1nn(C)c2nc(SCC(=O)NCc3cccs3)nnc12,中毒,81.3902,0.1865
COc1ccc(C(=O)N2CCC3(CC2)CN(Cc2nccn2C)C2CC2)cc1,高毒,593.0783,2.4125
COc1cccc(-c2nnc3sc(-c4ccc(F)cc4C)nn23)c1,中毒,146.3268,0.3243
O=C(C1CC1)N1CCCC(c2nncn2C2CC2)C1,微毒,16.6651,0.1646
CCCCCCC1CC(=O)Nc2ccc(NC(C)=O)cc21,高毒,42.8634,3.2107
CN1CCN(c2ccc(Nc3ncc4nc(-c5cccnc5C#N)c(=O)n(C5CCCC5)c4n3)nc2)CC1,中毒,7.9855,0.4464
COc1ccc(Nc2ncnc3c2oc2cccc(OC)c23)cc1,中毒,18.1384,4.5513
Cn1c(SCC(=O)NC2CCCC2)nnc1-c1ccncc1,高毒,316.153,2.1076
Cc1nc2c(CCl)cccn2c1N(C)C(=O)c1ccc(Cl)c(C(F)(F)F)c1,中毒,50.5505,0.511
O=C(O)c1ccc(Cn2nnnc2SCC(=O)Nc2ccc3c(c2)CCC3)cc1,中毒,26.8254,2.5722
O=C1CC(C(=O)N2CCCCCC2)CN1Cc1nccs1,高毒,96.3475,0.5837
Cc1ccc(C(=O)N2CCCC(c3nncn3C3CC3)C2)c(C)c1,中毒,18.5935,0.263
CC1=NN(c2ccccc2)C(=O)C1=CNc1nc2ccccc2s1,中毒,81.0822,2.0592
O=C(Nc1n[nH]c2nc(C3CC3)ncc12)C1CCCN(Cc2ccncc2)C1,高毒,31.9546,0.439
Cc1cccc(C)c1NC(=O)CN1C(=O)CCC1=O,高毒,33.5807,0.4156
COc1ccc(C2CC(=O)c3cc(OC)c(OC)c(OC)c3C2=O)cc1,中毒,64.089,1.2957
CCCc1nn(C)c2c(=O)n(CC(=O)NCCc3ccc(OC)cc3)c(=O)[nH]c12,中毒,18.0682,0.2645
CCOc1ccccc1N1CCN(CCCC(O)(c2ccccc2)c2ccccc2)CC1,高毒,8.7976,2.8934
CCOc1ccc(NC(=O)c2nn(-c3ccc(C)cc3)c(=O)cc2C)cc1,低毒,68.0669,9.3053
CN(C)CCCNC(=O)C1=CCc2ccccc2C1,高毒,62.0492,0.8606
O=C1c2cccc3ccc(c23)C(=O)N1Cc1nnc(S)n1CCO,高毒,593.0783,2.4125
CCN(CC)C(=O)c1nn(C)c2ncc(NC(=O)Nc3cc(C(C)(C)C)nn3C)cc12,中毒,46.8182,0.4052
CCCCCCCCCCCCOP(=O)([O-])OCC[N+](C)(C)C,高毒,593.0783,2.255
CCOC(=O)c1nn(-c2ccc(Cl)cc2)c(N)c1CN1CCCCC1,高毒,25.0405,3.2009
CCCCCCCCCCCCOC(=O)NC1C(O)C(CO)OC(n2cnc3c(N)ncnc32)C1O,中毒,11.0785,0.3311
O=C(NO)c1ccc2c(c1)sc1cc(OCCCN3CCCCC3)ccc12,高毒,68.8303,2.4209
CC(=O)Nc1ccc(S(=O)(=O)N=C(N)Nc2ccc(F)c(Cl)c2)cc1,高毒,10.6922,0.7595
Cc1noc(C)c1CC(=O)N1CCC(Oc2cncnc2)C1,低毒,52.1955,0.3438
Cc1cc(O)c2c(c1)CCC(C)(C)O2,高毒,49.4111,4.6345
CC(=O)NC1CCCN(c2ncnc(N3CC(F)CC3c3ccc(F)c(F)c3C)c2C#N)C1,中毒,35.313,1.4006
CCc1nnc2n1CCN(C(=O)Cc1ccsc1)C2,高毒,23.3272,0.6567
COc1cc(C2C(C(=O)O)=C(O)C(=O)N2Cc2ccc([N+](=O)[O-])cc2)ccc1O,中毒,15.5008,0.1563
O=C(NCC1CC1)c1sccc1S(=O)(=O)N1CCCC1,高毒,47.5744,3.3476
Cc1ccccc1OCC(=O)NC1CCCC1,高毒,60.3559,6.0849
N#Cc1c(NC(=O)c2csc(-c3ccc(F)cc3)n2)sc2nc3c(cc12)CCCC3,中毒,23.7456,0.3702
CCOC(=O)C1(CCC)CCN(C(=O)COC(=O)c2nn(C)c(=O)c3ccccc23)CC1,中毒,13.7105,0.282
O=C(O)C1C2CCC(C2)C1CC12CC3CC(CC(C3)C1)C2,高毒,89.5278,5.7682
O=C(Oc1ccc2c(c1O)C(=O)C(=Cc1cccc3c1OCO3)C2=O)c1ccccc1,中毒,15.2745,0.7426
Nc1nonc1C(=NO)N1CCCC(c2nncn2C2CC2)C1,微毒,19.7039,0.1618
CCN(CC)S(=O)(=O)c1ccc(CC(=O)N2CCCC(N3CCCCC3)C2)cc1,高毒,153.3426,0.6504
CC1CN(C(C)CO)C(=O)c2cc(NC(=O)c3cnn4cccnc34)ccc2OC1CN(C)C(=O)Nc1ccc2c(c1)OCO2,中毒,5.95,0.1878
Cc1nc2cc(F)ccc2n1Cc1ccc(C(=O)N2CCCC(n3nnnc3C(F)F)C2)cc1,中毒,30.437,0.8213
COc1cc(CNC(=O)N2CCC(CN3CCCC3)CC2)cc(OC)c1,高毒,59.698,0.6946
O=C(Nc1nncc2c1nnn2C1OC(COP(=O)(O)O)C(O)C1O)c1ccccc1,中毒,5.5222,0.0889
COc1cc(OC)nc(N2CCNC(=O)C2)n1,高毒,73.9589,0.7997
Clc1cnc(Nc2ccc3nc(-c4ccc5cc[nH]c5c4)n(C4CCCCC4)c3c2)cn1,中毒,85.0203,3.1596
C=CCn1c(SCC(=O)Nc2nncs2)nnc1-c1ccc(F)cc1,高毒,106.5372,1.6923
O=C(Nc1nncs1)c1ccc2c(c1)C(=O)N(CC1CCC1)C2=O,低毒,25.4399,0.4966
CC(C)CCN1CCCC(c2nncn2C2CC2)C1,微毒,6.3543,0.2302
Cc1nc2sc3c(c2c(=O)n1-c1ccccc1)CCCC3,低毒,18.0319,0.5012
C=CC(C)(Cc1ccc(O)cc1)C1CCC(=O)C1CCCCCCCCCC,高毒,19.2599,1.9207
Cc1nn2c(=O)cc(COc3ccc(Cl)cc3Cl)nc2s1,中毒,24.8744,1.4817
c1ccc(N2CCN(c3nn4ncnc4nc3-c3ccccc3)CC2)cc1,高毒,51.7606,0.5144
O=C(Cc1cccc(F)c1)N1CCC(O)(Cn2cncn2)CC1,高毒,11.3893,0.1636
O=C(NCc1nnc2n1CCCC2)c1ccc2c(c1)OCO2,低毒,188.7855,0.3643
CCNC(=O)C1CCN(S(=O)(=O)c2ccc3c(c2)NC(=O)CO3)CC1,高毒,69.1988,0.455
CCCCCCCCCCCCCCC(=O)NC(CO)C(O)C(O)CO,微毒,143.5947,2.5701
Cn1cc(C2=C(c3nnn[nH]3)C(=O)NC(c3nccs3)C2)c2ccc(C(F)(F)F)cc21,中毒,53.3335,0.4219
Cc1c(C)n(Cc2c(Cl)cccc2Cl)c2ccc(CC(=O)O)cc12,高毒,87.028,13.3632
O=C(O)c1ccc(NC(=O)c2cc(S(=O)(=O)N3CCOCC3)ccc2N2CCCC2)cc1,高毒,13.2527,0.469
COc1ccc(C(=O)CCC(=O)NC2CCC(O)CC2)c(OC)c1OC,高毒,13.8621,0.9019
Cn1c(=O)c2nc(-c3cnn(Cc4nc5ccccc5s4)n3)[nH]c2n(CCC2CCCCC2)c1=O,中毒,44.4565,1.0063
CCCCCCCCCCCCCCC(=O)OC1CC(CO)=CC2C(OC3OC(C)(CO)C(O)C(O)C3O)OC3OC4(C)CCC1C32OO4,中毒,5.6527,1.3946
COc1ccc(F)cc1C1CCCN1C(=O)Nc1ccc(-n2nccc2CN2CCCC2)cc1,中毒,24.7268,0.4902
CN1CCN(CC23CC4CC(CC(C4)C2)C3)CC1,高毒,49.177,1.5196
COc1cc2c(cc1OC)C(c1ccc(F)cc1)N(C(=O)CN1CCN(c3ccc(F)cc3)CC1)CC2,中毒,14.2715,0.146
COc1cc(OC)c(OC)cc1C=Cc1ccc(OC)c(OC)c1,高毒,77.6347,0.7168
O=C(NCCCN1CCC(c2noc3cc(F)ccc23)CC1)c1cc2n(n1)CCCC2,中毒,67.1594,0.7669
Cc1cnc(CNC(=O)CC2(C#N)CCCC2)cn1,高毒,175.6676,0.3376
CCCn1c(=O)c2[nH]c(-c3cnn(Cc4ccccc4F)n3)[nH]c2c1=O,高毒,593.0783,2.4125
CC(C)C1CCC(C)(C)C(N2CCN(Cc3ccc(Cl)cc3)CC2)C1,微毒,25.4797,0.4427
CCCCCCCCCCCCCCC(=O)OCC1CCCCC1,高毒,149.1139,2.3534
O=C(c1ccc(N2CCCC(N3CCCC3)C2)nc1)N1CCCC1,高毒,34.5676,1.5078
CN1CCCC(c2nncn2C2CC2)C1,微毒,13.5158,0.2099
COc1ccc(C=CC(=O)NCCCn2cnc3ccccc3c2=O)cc1OC,高毒,89.8164,4.2566
O=C1NCCCN1Cc1c(-c2nnn[nH]2)nc2ccc(F)cc2c1-c1cc(F)cc(C(F)(F)F)c1,中毒,25.8456,0.3401
COc1ccc(CN2CCCC2)c(OC)c1,高毒,297.1998,0.7168
CCCOC(=O)c1cn(CC(=O)N2CCN(S(=O)(=O)c3ccc(C)cc3)CC2)c2ccccc12,高毒,11.9075,0.1725
Cc1nn(C)c(C)c1CN1CCCC(c2nncn2C2CC2)C1,微毒,9.0006,0.2333
CC(=O)N1CCC(Oc2ncnc(Nc3ccc4c(c3)OCO4)c2C2CC2)CC1,微毒,10.3568,2.0965
CCCCCCCc1nn(-c2nc(C)cc(=O)[nH]2)c(=O)n1Cc1ccc(-c2ccccc2-c2nn[nH]n2)cc1,中毒,60.6466,0.7077
CC1(C)CC(=O)C(C#N)=C(c2ccccc2C(F)(F)F)C1,中毒,77.6133,0.7752
CCOC(=O)COc1ccc(CN2CCSCC2)cc1,高毒,193.6546,3.4321
O=C(c1cccnc1N1CCCC1)N1CCN(c2nncs2)CC1,高毒,109.6635,0.1726
CCOc1ccc2ncc(C#Cc3ccc(C4(NC(=O)C5CC5)CC4)cc3)c2c1,高毒,593.0783,2.4125
CC12CCC(O)C=C1CCCC1C2CCC2(C)C(n3cncn3)=CCC12,高毒,39.4372,1.0098
Cn1cc(C(=O)O)c(=O)c2cc(F)c(N3CCN(CC(O)Cn4nnc5ccc(Cl)nc54)CC3)cc21,中毒,23.5453,0.2935
CC1CN(c2nnc(O)nc2O)CCN1,微毒,146.3419,1.4076
O=C(NN=Cc1cccc([N+](=O)[O-])c1)c1cn(C2CC2)c2c(F)c(N3CCC(NCCc4c[nH]c5ccc(F)cc45)CC3)c(F)cc2c1=O,中毒,8.7715,0.2099
CC(=O)OC1C(OC2OC(CO)C(O)C(O)C2O)OC(COC(=O)c2ccc(O)cc2)C(OC(=O)c2ccccc2)C1OC(C)=O,低毒,28.5438,0.4649
CCCCCCCCCCCCCCCCCCCOCC(O)COP(=O)([O-])OCC[N+](C)(C)C,高毒,330.3525,2.2337
Cc1nn(Cc2ccc(-c3ccccc3C(=O)O)cc2)c(=O)c2cc(F)c(N3CCN(Cc4ccc5c(c4)OCO5)CC3)cc12,低毒,5.8139,0.2522
COc1cccc(CNC(=O)C2CCCN(S(=O)(=O)c3cn(C)nc3C)C2)c1,高毒,21.9174,0.321
Cc1cc(C)n(CC2CCCN2CCCOc2cccc3nsnc23)n1,高毒,24.8974,0.7528
COC1CCN(C(=O)Cn2nnc3cc4c(cc3c2=O)OCCO4)CC1,中毒,72.2092,0.3794
CN1C2CCC1CC(NC(=O)c1n[nH]c3ncc(-c4cnn(C5CC5)c4)cc13)C2,中毒,50.9878,0.7075
CN(Cc1noc(C2CC2)n1)C1CCCCC1,高毒,132.01,0.5155
CC1(C)Oc2ccc(C#N)cc2C(N=Cc2cccnc2)C1O,中毒,43.1117,2.0769
COc1ccc(Cn2nnnc2SCC(=O)Nc2ccc(OC)cc2)cc1,高毒,99.2271,2.2142
CCCCCCCCCCCCCCCCCC[n+]1csc(CCCCCCCCCCCCCC)c1,高毒,94.2174,0.4955
COc1ccc(CNC(=O)C(C#N)=Cc2cccnc2)c(OC)c1,高毒,73.3912,0.3478
CCC(=O)NC1CCCC(Cn2nnc3c(N4CCN(c5ccccn5)CC4)ncnc32)C1,中毒,117.7032,0.7174
O=C1NC(=S)SC1=Cc1ccco1,高毒,179.7154,5.5365
CCOc1cc(C)ccc1S(=O)(=O)N1CCCC(C(=O)N2CCCCC2)C1,高毒,31.3696,0.5231
Cc1nn(C)c(C)c1CC(=O)N1CCCC(c2nncn2C2CC2)C1,微毒,24.4528,0.1545
COc1cc(OC)c2c(c1OC)C1CC3CCCC(C2)N1CC3,中毒,16.9715,0.7908
COc1ccc2nc3n(c(=O)c2c1)CCC(c1ccc(Cl)cc1)N3,中毒,47.0098,1.0355
COc1ccc(C(=O)C2=C(O)C(O)=C(C(=O)C(C)CC(C)C)C3CCCCN3C23CC4CC(C)(CC(C4)C2)C3)cc1,高毒,593.0783,2.4125
COc1cc(Cn2nnc3c(C)nn(-c4ccccc4)c3c2=O)cc(OC)c1OC,低毒,32.2847,2.5864
Cc1nc(NC(C)c2ccc(-c3cnn(C)c3)cc2)c2ncn(C(C)C)c2n1,低毒,28.3153,0.7642
COc1cccc(-c2nc3nccn3c(=O)n2)c1,高毒,593.0783,2.4125
COc1ccc(-n2nnnc2SCC(=O)Nc2cccc(C#N)c2)cc1,高毒,13.2581,0.6891
COc1ccccc1CN1CCCC(n2nccn2)C1,高毒,33.5774,2.3984
N#Cc1csc(NC(=O)c2ccc(OC3CCNC3)cc2)n1,高毒,71.5676,0.7781
Cc1ccc2c(c1)C(N)(C(=O)OCCCCCC(=O)NO)CCS2,中毒,49.3744,1.7085
CN(Cc1cnn(C)c1)C(=O)CCC(=O)N1CCCCC1,高毒,121.9521,0.3498
COc1cc(-n2ncc3c(NCc4ccco4)ncnc32)cc(OC)c1OC,高毒,17.7462,8.4349
CCC(CC)(Cc1ccc(OCCN2CCCCC2)cc1)C(=O)O,微毒,19.5421,3.1498
COC(=O)C1CC2(COC(=O)Nc3ccc(Cl)c(F)c3)C(=O)C(C=NNc3c4nonc4nc4ccc(OC)cc34)CC2CN1C(=O)OCCN1CCCC1,中毒,22.2588,1.4453
COCCN1CCN(c2cc3ncnc(Nc4ccc(F)c(Cl)c4)c3cc2NC(=O)C=CCN(C)C)CC1,中毒,6.1427,0.2368
