smiles,toxicity,aureus_MIC,ecoli_MIC
O=C(Nc1cnc2c(c1)OCc1cc(-c3cn[nH]n3)ccc1-2)c1ccc2cc(C3CC3)cnc2c1,中毒,53.629395,14.821795
O=C1c2cc(-c3cn[nH]n3)n(-c3ccc(Cl)cc3)c2C(c2ccc(Cl)cc2)N1c1cc(Cl)cn(C2CC(O)(CO)C2)c1=O,中毒,14.882899,11.513729
O=C1c2cc(-c3cn[nH]n3)n(-c3ccc(F)cc3)c2C(c2ccc(Cl)cc2)N1c1cc(Cl)cn(C2CC(O)(CO)C2)c1=O,中毒,14.882899,11.513729
O=C1c2cc(-c3cn[nH]n3)cc(-c3c(Cl)cccc3Cl)c2CC(c2ccc(C(F)(F)F)cc2)N1c1cc(Cl)cn(C2CC(O)(CO)C2)c1=O,中毒,22.081963,19.79431
O=C1c2nc(-c3cn[nH]n3)sc2CC(c2ccccc2Cl)N1c1cc(Cl)cn(C2CC(O)(CO)C2)c1=O,中毒,41.769672,41.73536
O=C1c2c(nc3cnc4[nH]ccc4c3c2-c2cn[nH]n2)C(c2ccc(Cl)cc2F)N1c1cc(Cl)cn(C2CC(O)(CO)C2)c1=O,中毒,26.553892,12.110745
O=C1c2cc(-c3cn[nH]n3)n(-c3ccc(Cl)cc3F)c2C(c2cccc(Cl)c2)N1c1cc(Cl)cn(C2CC(O)(CO)C2)c1=O,中毒,12.488247,11.513729
O=C1c2cc(-c3cn[nH]n3)n(-c3ccc(F)cc3)c2C(c2ccc(Cl)c(F)c2)N1c1cc(Cl)cn(C2CC(O)(CO)C2)c1=O,中毒,12.488247,11.513729
FC(F)(F)c1cccc(-c2cnc(OC3CN(c4cnc(-c5cn[nH]n5)cn4)C3)c(C3CCC3)c2)c1,中毒,112.98511,36.39626
O=C1c2cc(-c3cn[nH]n3)n(-c3ccc(F)cc3F)c2C(c2ccc(Cl)cc2)N1c1cc(Cl)cn(C2CC(Br)(Br)C2)c1=O,中毒,17.272402,14.026334
Fc1cc(F)c(-c2cc3c(cc2-c2cn[nH]n2)C2c4ccc(Cl)cc4-c4nc(ccc42)N3C2CC2)cc1F,中毒,8.85832,28.733486
O=C1c2cc(-c3cn[nH]n3)n(-c3ccc(Cl)cc3F)c2C(c2ccc(Cl)cc2)N1c1cc(Cl)cn(C2CC(O)C(O)C2)c1=O,中毒,12.488247,11.513729
O=c1c(N2Cc3cc(-c4cn[nH]n4)n(-c4ccc(F)cc4F)c32)cc(Cl)cn1C1CC(O)(CO)C1,中毒,46.28395,33.69392
O=C1c2cc(-c3cn[nH]n3)n(-c3ccc(F)cc3F)c2C(c2ccc(Cl)cc2)N1c1cc(Cl)cn(C2CC(O)(CO)C2)c1=O,中毒,12.488247,11.513729
O=C1c2cc(-c3cn[nH]n3)n(-c3ccc(Cl)c(Cl)c3)c2C(c2ccc(Cl)cc2)N1c1cc(Cl)cn(C2CC(O)(CO)C2)c1=O,中毒,14.882899,11.513729
Fc1cccc(CNc2nc(-c3cn[nH]n3)cc3c2CN(c2cc(Cl)ccc2Cl)C3)c1,中毒,10.487097,16.929876
O=C1c2cc(-c3cn[nH]n3)n(-c3ccc(Cl)cc3)c2C(c2ccc(Cl)nc2C(F)(F)F)N1c1cc(Cl)cn(C2CC(O)(CO)C2)c1=O,中毒,51.50488,11.513729
O=C1c2cc(-c3cn[nH]n3)n(-c3ccc(Cl)cc3Cl)c2C(c2ccc(Cl)cc2)N1c1cc(Cl)cn(C2CC(O)(CO)C2)c1=O,中毒,18.205946,11.513729
O=C1c2cc(-c3cn[nH]n3)n(-c3ccc(Cl)cc3)c2C(c2ccc(Cl)cc2F)N1c1cc(Cl)cn(C2CC(O)(CO)C2)c1=O,中毒,14.882899,11.513729
Fc1ccc(Nc2cc(-c3cn[nH]n3)ncn2)cc1,中毒,43.575443,67.68148
O=C1c2cc(-c3cn[nH]n3)n(-c3ccc(F)cc3Br)c2C(c2ccc(Cl)cc2)N1c1cc(Cl)cn(C2CC(O)C(O)C2)c1=O,中毒,14.882899,11.513729
O=C1c2cc(-c3cn[nH]n3)n(-c3ccc(Cl)cc3F)c2C(c2ccc(Cl)cc2)N1c1cc(Cl)cn(C2CC(O)(CO)C2)c1=O,中毒,12.488247,11.513729
O=C1c2cc(-c3cn[nH]n3)n(-c3ccccc3)c2C(c2ccc(Cl)cc2)N1c1cc(Cl)cn(C2CC(O)(CO)C2)c1=O,中毒,14.882899,11.513729
O=C1c2cc(-c3cn[nH]n3)n(-c3ccc(F)cc3[N+](=O)[O-])c2C(c2ccc(Cl)cc2)N1c1cc(Cl)cn(C2CC(O)(CO)C2)c1=O,中毒,12.488247,11.513729
FC1(F)CCN2c3cc(c(s3)C1)-c1cc(-c3cn[nH]n3)n(-c3ccc(Cl)cc3Cl)c1C2c1ccc(Cl)cc1,中毒,21.243645,14.0600395
O=C1c2ncc(-c3cn[nH]n3)nc2CC2(COCc3cccc(F)c32)C(c2ccc(Cl)cc2)N1c1cc(Cl)cn(C2CC(O)(CO)C2)c1=O,中毒,58.040432,13.503714
Nc1nccc(C2=C(c3cc(C(F)F)nn3-c3ccc4[nH]ncc4c3)C3=CC(c4cn[nH]n4)=CC3=C2N2CCOCC2C(F)(F)F)n1,中毒,7.494668,14.778015
c1csc(CN2CCc3sc(-c4cn[nH]n4)nc3C2)n1,低毒,37.85775,30.866077
Clc1ccc(-c2nc3cc(-c4cn[nH]n4)n(-c4cc(Cl)ccc4Cl)c3[nH]2)cc1,中毒,8.953685,64.85083
c1ccc2c(c1)oc1ccc(-c3cn(-c4nc(-c5cn[nH]n5)cs4)nn3)cc12,低毒,24.636974,55.265434
O=C1c2cc(-c3cn[nH]n3)n(-c3cc(Cl)cc(Cl)c3)c2C(c2ccc(Cl)cc2)N1c1cc(Cl)cn(C2CC(O)(CO)C2)c1=O,中毒,14.882899,11.513729
O=C1c2nc(-c3cn[nH]n3)n(-c3ccc(F)cc3F)c2C(c2ccc(Cl)cc2)N1c1cc(Cl)cn(C2CC(O)(CO)C2)c1=O,中毒,24.818281,34.717995
OC1c2cc(F)cc(F)c2-n2cc(-c3cn[nH]n3)nc2C1CSc1ccc(Cl)c(C#Cc2ccns2)c1,中毒,24.80827,12.632798
c1ccc2c(c1)OCc1c(Nc3cc(-c4cn[nH]n4)cs3)nc(-c3c(C4CC4)[nH]c4ccccc34)nc1-2,中毒,10.807272,23.306538
O=C1c2cc(-c3cn[nH]n3)n(-c3cc(Cl)c(Cl)cc3F)c2C(c2ccc(Cl)cc2)N1c1cc(Cl)cn(C2CC(O)C(O)C2)c1=O,中毒,12.488247,11.513729
NC(=O)C1Cc2cc(-c3cn[nH]n3)n(-c3ccc(F)c(Cl)c3)c2C(c2ccc(Cl)cc2)N2Cc3c(C(=O)O)c(C(=O)O)c1c2c3C1CC1,中毒,15.540574,11.513729
O=c1c(N2Cc3cc(-c4cn[nH]n4)n(-c4ccc(F)cc4Br)c3C2c2ccc(Cl)cc2)cc(Cl)cn1C1CC(O)C(O)C1,中毒,19.24008,11.513729
O=c1c2cc(-c3cn[nH]n3)cc-2c(-c2cccs2)nc(NCCN2CCOCC2)n1-c1ccc(Cl)cc1,中毒,6.169519,30.089668
O=c1c(N2Cc3cc(-c4cn[nH]n4)n(-c4ccc(F)cc4F)c3C2c2ccc(Br)cc2)cc(Cl)cn1C1CC(O)(CO)C1,中毒,15.763229,11.513729
c1cc2ccc(-c3ccn4cc(-c5cn[nH]n5)cc4c3)cc2s1,中毒,12.759658,101.73343
C1=C(c2cc3cc(-c4cn[nH]n4)cnc3[nH]2)CCN(Cc2cscn2)C1,中毒,10.420809,50.482487
O=C1c2cc(-c3cn[nH]n3)n(-c3ccc(Cl)cc3)c2C(c2ccc(F)cc2)N1c1cc(Cl)cn(C2CC(O)(CO)C2)c1=O,中毒,14.882899,11.513729
O=C1c2cc(-c3cn[nH]n3)n(-c3ccc(Br)cc3)c2C(c2ccc(Cl)cc2)N1c1cc(Cl)cn(C2CC(O)(CO)C2)c1=O,中毒,18.205946,11.513729
OCC1(O)CC(CO)(CC2C3=NC(N4Cc5cc(-c6cn[nH]n6)n(-c6ccc(F)cc6F)c5C4c4cccnc4)=CC(Cl)=CN32)C1,中毒,9.915265,19.276184
O=c1c(-c2cn[nH]n2)cc2c(-c3ccncc3Br)nc(-c3ccnc(N4CCOC4)c3)nc2n1C1CCCC1,中毒,12.863224,74.652214
O=C1c2cc(-c3cn[nH]n3)n(-c3ccnc(Cl)c3F)c2C(c2ccc(Cl)cc2)N1c1cc(Cl)c(=O)n(C2CC(O)(CO)C2)c1,中毒,12.488247,13.213944
Clc1cccc(Cl)c1-c1cc(-c2cn[nH]n2)cc2c1CCC(c1nnnn1-c1ccc(Br)c(Br)c1)C2,中毒,30.165575,20.039293
O=C(O)c1cn(CCc2cccnc2)c2cc(N3Cc4cc(-c5cn[nH]n5)cc(-c5c(Cl)cccc5Cl)c4C3c3ccc(Cl)cc3)ncc2c1=O,中毒,23.725964,14.878985
O=C1c2cc(-c3cn[nH]n3)n(-c3ccc(F)cc3F)c2C(c2ccc(Cl)cc2)N1c1cc(Cl)cn(C2CC(O)C(O)C2)c1=O,中毒,12.488247,11.513729
O=C1c2cc(-c3cn[nH]n3)n(-c3ccc(F)cc3F)c2C(c2ccc(Cl)cc2)N1c1cc(Cl)cn(C2CC(O)=C(O)C2)c1=O,中毒,12.488247,11.513729
O=C1c2cc(-c3cn[nH]n3)n(-c3cc(Cl)cc(Cl)c3C(F)(F)F)c2C(c2ccc(Cl)cc2)N1c1cc(Cl)cn(C2CC(O)(CO)C2)c1=O,中毒,14.882899,11.513729
O=S(=O)(c1ccc(F)cc1)c1cc(Cl)ccc1C1CC2=NC=C(Cl)C=NC3=C(c4ccc(F)cc4F)C=C(c4cn[nH]n4)C=C4CC4=C3CN21,中毒,26.525837,23.20371
Clc1cccc(NC2=C3N=C4C(=C3C=C(c3cn[nH]n3)C2c2ccc(Cl)cc2Cl)CN(c2ccc(Cl)s2)C4c2cccnc2)c1,中毒,23.222723,11.049523
O=C1c2cc(-c3cn[nH]n3)n(-c3ccc(F)cc3I)c2C(c2ccc(Cl)cc2)N1c1cc(Cl)c(=O)n(C2CCOC2)c1,中毒,22.121504,17.379768
O=C1c2cc(-c3cn[nH]n3)n(-c3ccc(F)cc3)c2C(c2ccc(Cl)cc2)N1c1cc(Cl)cn(C2CC(O)C(O)C2)c1=O,中毒,14.882899,11.513729
O=C1c2nc(-c3cn[nH]n3)n(-c3cc(Cl)cc(Cl)c3F)c2C(c2ccc(Cl)cc2)N1c1cc(Cl)cn(C2CC(O)C(O)C2)c1=O,中毒,24.818281,34.717995
Clc1ccc(C2c3c(cc(-c4cn[nH]n4)n3-c3c(Cl)cccc3Cl)CN3CC4=CC=C(Sc5c[nH]cn5)C=C(C3)C4N2c2ccc(Cl)cc2)cc1,中毒,22.035963,19.9879
NC1=NC(C2=C3C=C(c4cn[nH]n4)C=C3N=C2c2ccc(Cl)c(F)c2)CCO1,中毒,40.303154,35.111286
Clc1cnc(-c2cc(Cl)c3c(c2)C(N2CCc4c(nc(-c5cn[nH]n5)nc4N4C=NCC4)C2)C3)cn1,中毒,27.586016,30.796303
O=C1c2cc(-c3cn[nH]n3)c(CO)n2C(c2ccc(Cl)cc2)N1c1cc(Cl)cn(C2CC(O)(CO)C2)c1=O,中毒,45.389744,28.945686
O=c1c(N2Cc3nc(-c4cn[nH]n4)n(-c4ccc(F)cc4F)c3C2c2ccc(Cl)cc2)cc(Cl)cn1C1CC(O)(CO)C1,中毒,15.534245,34.717995
CN1C=C(Cl)C=C2C(=O)N2C(c2ccc(Cl)cc2)c2c1cc(-c1cn[nH]n1)n2-c1ccc(OC(F)(F)F)cc1,中毒,21.07479,27.48857
O=C1c2nc(-c3cn[nH]n3)n(-c3ccc(Cl)cc3F)c2C(c2ccc(Cl)cc2)N1c1cc(Cl)cn(C2CC(O)(CO)C2)c1=O,中毒,24.818281,34.717995
O=C1c2nc(-c3cn[nH]n3)n(-c3c(Cl)cccc3Cl)c2C(c2ccc(Cl)cc2)N1c1cc(Cl)cn(C2CC(O)(CO)C2)c1=O,中毒,35.69709,13.466203
CS(=O)(=O)N1CC2CN(c3oc(-c4csc5cnccc45)nc3C3CC=C(c4cn[nH]n4)C3)CC2C1,中毒,35.17711,46.162807
NC(=O)c1nn2c3ncnc4[nH]ccc4c4ccc(-c5cnc6[nH]cc(-c7cn[nH]n7)c6c5)nc4c2c1CC3,中毒,10.648202,19.919924
c1cc(-c2ccc(-c3cc4c(cn3)Cc3sc(-c5cn[nH]n5)cc3-4)cc2)[nH]n1,高毒,23.13667,14.848701
O=C1c2cc(-c3cn[nH]n3)n(-c3ccc(Cl)cc3F)c2C(c2ccc(Cl)cc2)N1c1cc(Cl)cn(C2CC(O)(F)C2)c1=O,中毒,29.54402,11.513729
O=C1c2nc(-c3cn[nH]n3)n(-c3ccc(Cl)cc3)c2C(c2ccc(Cl)cc2)N1c1cc(Cl)cn(C2CC(O)(CO)C2)c1=O,中毒,23.043425,34.717995
N#Cc1ccc(C2c3cc(-c4cn[nH]n4)n(-c4ccc(F)cc4)c3C(c3ccc(Cl)cc3)N2c2cc(C(F)(F)F)ccn2)cc1C(F)(F)F,中毒,28.622856,20.807077
O=C1c2cc(-c3cn[nH]n3)n(-c3ccc(-c4cccc(F)c4)cc3)c2C(c2ccc(Cl)cc2)N1c1cc(Cl)cn(C2CC(O)(CO)C2)c1=O,中毒,40.89743,11.513729
Clc1cc(Cl)cc(Nc2ncnc3cc(-c4cn[nH]n4)cc(N4CCOCC4)c23)c1,中毒,18.332687,127.37737
Oc1ccc(C2c3c(cc(-c4cn[nH]n4)n3-c3ccc(F)cc3F)CN2C2=CC(F)(F)OC=C2)cc1,中毒,49.50048,25.921509
c1coc(-c2nn3c(CSc4cn[nH]n4)nnc3s2)c1,中毒,110.22351,17.582155
O=C1c2cc(-c3cn[nH]n3)n(-c3ccc(Cl)cc3)c2C(c2ccc(Cl)cc2)N1c1cc(Cl)cn(C2CC(O)C(O)C2)c1=O,中毒,14.882899,11.513729
O=c1c(N2Cc3nc(-c4cn[nH]n4)nc(-c4c[nH]c5cccnc45)c3C2)cc(Cl)cn1C1CCC(O)(CO)C1,中毒,7.019416,34.717995
Clc1cncc(NC2Cc3cc(-c4cn[nH]n4)cc(-c4c(Cl)cccc4Cl)c3CN(c3nc(Cl)ccc3Cl)C2)c1,中毒,6.34311,18.326727
O=C1c2c(c3cc(F)ccc3n2-c2cn[nH]n2)C(c2ccc(Cl)cc2Cl)N1c1cc(Cl)cn(C2CC(O)(CO)C2)c1=O,中毒,25.928497,13.503714
OCC1Cc2ccc(-c3cnc4cc(-c5cn[nH]n5)cn4c3-c3cnnc(Cl)c3)nc2-c2cc3c(F)cccc3n21,中毒,11.469187,14.911535
O=C1c2cc(-c3cn[nH]n3)n(-c3cc(F)c(Cl)cn3)c2C(c2ccc(Cl)cc2)N1c1cc(Cl)cn(C2CC(O)C(O)C2)c1=O,中毒,14.882899,11.513729
Clc1cnc(N2CCOC(Cc3c(Cl)cccc3Cl)C2)nc1N1CCCC1c1cn[nH]n1,中毒,58.20783,32.193577
O=C1c2cc(-c3cn[nH]n3)n(-c3ccc(Br)cc3F)c2C(c2ccc(Cl)cc2)N1c1cc(Cl)cn(C2CC(O)(CO)C2)c1=O,中毒,15.540574,11.513729
O=C1c2nc(-c3cn[nH]n3)n(-c3ccc(C(F)(F)F)c(Cl)c3)c2C(c2ccc(Cl)cc2F)N1c1cc(Cl)cn(C2CC(O)(CO)C2)c1=O,中毒,38.197144,34.717995
O=S1(=O)c2cnc(-c3ccc(OC4CCOC4)nc3)nc2-c2cc(-c3cn[nH]n3)c(-c3cc(OCF)c(F)cc3F)n21,中毒,19.245605,13.503714
O=C1c2cc(-c3cn[nH]n3)c(-c3ccc(Cl)c(Cl)c3)n2C(c2ccc(Cl)cc2)N1c1cc(Cl)cn(C2CC(O)C(O)C2)c1=O,中毒,19.951618,13.503714
c1nc2ccc(-c3nc(C4CCOCC4)cc4cc(-c5cn[nH]n5)cnc34)cn2n1,中毒,8.847472,43.88512
O=C1c2cc(-c3cn[nH]n3)n(-c3cc(F)c(F)c(F)c3)c2C(c2ccc(Cl)cc2)N1c1cc(Cl)cn(C2CC(O)C(O)C2)c1=O,中毒,14.882899,11.513729
NC1C2=CC(C(F)(F)F)=CC=C3C1c1cc(-c4cn[nH]n4)n(-c4ccc(F)cc4Br)c1C(c1ccc(Cl)cc1)N(c1cncc(Cl)c1)C23,中毒,17.272402,14.710186
NC1C2CC3(Cl)C(=NC(O)(C(F)(F)F)C12O)c1cc(-c2cn[nH]n2)cc(-c2c(Cl)cccc2Cl)c13,中毒,15.206654,14.2372675
O=C1c2cc(-c3cn[nH]n3)n(-c3ccc(Cl)cc3)c2C(c2ccc(I)cc2)N1c1cc(Cl)cn2nc(CO)cc12,中毒,35.920673,15.502344
O=C1c2cc(-c3cn[nH]n3)n(-c3ccnc(C4CC(Cl)C4)c3)c2C(c2ccc(Cl)cc2)N1c1cc(Cl)cn(C2CC(O)C(O)C2)c1=O,中毒,51.50488,12.110745
O=C1c2cc(-c3cn[nH]n3)nc(SCc3ccc4c(c3)OCO4)c2C(c2ccc(Cl)cc2)N1c1cc(Cl)cn(C2CC(O)(CO)C2)c1=O,中毒,7.8529835,12.110745
OCC12CC3=CC=C(C(F)(F)F)C=C(O1)C3N(NCc1ccc(Cl)c(Cl)c1)C(c1ccc(Cl)cc1)c1c2cc(-c2cn[nH]n2)n1-c1ccc(Cl)cc1F,中毒,53.967606,13.503714
O=c1c(N2Cc3cc(-c4cn[nH]n4)cc(-c4ccc(Oc5cccc(Cl)c5)cc4)c3C2c2ccc(Cl)cc2)cc(Cl)cn1C1CC(O)C(O)(CO)C1,中毒,6.3808517,8.960914
O=C1c2cc(-c3cn[nH]n3)n(-c3cc4cc(Br)ccc4s3)c2C(c2ccc(Cl)cc2)N1c1cc(Cl)cn(C2CC(O)(CO)C2)c1=O,中毒,18.205946,11.513729
O=c1c(-c2cc(-c3cn[nH]n3)co2)c[nH]c2c(F)cc(cc2F)c2c(Cl)cnc(Cl)c12,中毒,36.421143,27.512438
O=C1C2C3=CC=C(Cl)N=CCC4N(c5cccnc5)C(=O)C(c5ncc(Cl)cc5F)(c5sc(-c6cn[nH]n6)cc52)C34N1c1ccccn1,中毒,28.345415,14.3937645
c1cc(CNC2Cc3cc(-c4cn[nH]n4)nn3C2)c(-c2ccoc2)cn1,中毒,9.424535,15.408377
Fc1cc2c(cc1-c1cn[nH]n1)C1N(c3ccc(Br)cc3)C(c3cccnc3)NC21c1ccc(Cl)cc1,中毒,21.281744,16.859953
O=C1c2cc(-c3cn[nH]n3)n(-c3csc(COCC(F)(F)F)c3)c2C(c2ccc(Cl)cc2)N1c1cc(Cl)cn(C2CC(O)(CO)C2)c1=O,中毒,18.205946,13.503714
O=C1c2c(ncc3cc(F)c(-c4cn[nH]n4)cc23)C(c2ccc(F)cc2)N1c1cc(Cl)cn(C2CC(O)(CO)C2)c1=O,中毒,27.185892,12.110745
c1cnn2ncc(-c3nc(N4CCN(Cc5cn(CCN6CCOCC6)nn5)CC4)nc4cc(-c5cn[nH]n5)cn34)c2c1,中毒,10.187405,17.036274
O=C1c2cc(-c3cn[nH]n3)n(-c3ccc(C(F)(F)F)cc3)c2C(c2ccc(Cl)cc2)N1c1cc(Cl)cn(C2CC(O)(CO)C2)c1=O,中毒,14.882899,11.513729
O=C1c2nc(-c3cn[nH]n3)c(-c3ccc(Cl)cc3)c(-c3ccc(Cl)cc3)c2C(c2ccc(Cl)cc2)N1c1cc(Cl)cn(C2CC(O)(CO)C2)c1=O,中毒,67.017,12.110745
Clc1ccc(C2CC2CNc2nc(-c3cn[nH]n3)cc3c2SCC3)cc1,中毒,51.966064,15.158112
O=C1c2cc(-c3cn[nH]n3)n(-c3ccc(F)c(Br)c3)c2C(c2ccc(Cl)cc2)N1c1cc(Cl)cn(C2CC(O)(CO)C2)c1=O,中毒,14.882899,11.513729
CC1(CO)CC(n2cc(Cl)cc(N3C(=O)c4cc(-c5cn[nH]n5)n(-c5cccc(Cl)c5F)c4C3c3ccc(Cl)cc3)c2=O)C1,中毒,25.244574,11.513729
O=C1c2nc(-c3cn[nH]n3)cc(-c3c(F)cccc3Cl)c2C(c2ccc(Cl)cc2)N1c1cc(Cl)cn(C2CC(O)(CO)C2)c1=O,中毒,37.24519,12.110745
O=c1c(N2Cc3cc(-c4cn[nH]n4)n(-c4ccc(Cl)cc4F)c3C2c2ccc(Cl)cc2)cc(Cl)cn1C1CC(O)(CO)C1,中毒,15.763229,11.513729
O=C1c2cc(-c3cn[nH]n3)c(Nc3ccc(Cl)cc3)nc2C(c2ccc(Cl)cc2)N1c1cc(Cl)cn(C2CC(O)(CO)C2)c1=O,中毒,13.216523,12.087409
O=C1c2nc(-c3cn[nH]n3)n(-c3nc4nonc4nc3-c3ccc(Cl)cc3F)c2C(c2ccc(Cl)cc2)N1c1cc(Cl)cn(C2CC(O)(CO)C2)c1=O,中毒,26.797838,13.466203
c1n[nH]nc1-c1cc2c(cn1)cnn2C12CC3CC(CC(C3)C1)C2,中毒,30.63953,23.402203
O=C1c2cc(-c3cn[nH]n3)n(-c3ccc(Br)cc3)c2C(c2ccc(Cl)cc2)N1c1cc(Cl)cn(C2CC(O)C(O)C2)c1=O,中毒,18.205946,11.513729
O=C1c2cc(-c3cn[nH]n3)nc(-c3c(Cl)cccc3Cl)c2C(c2ccc(Cl)cc2)N1c1cc(Cl)cn(C2CC(O)(CO)C2)c1=O,中毒,7.4282966,12.110745
Clc1cccc(N2CCN(CCCOc3cc(-c4cn[nH]n4)cc4oc5ccc(Cl)cc5c34)CC2)c1,高毒,9.358701,42.57091
O=C1c2cc(-c3cn[nH]n3)n(-c3c(Cl)cccc3Cl)c2C(c2ccc(Cl)cc2)N1c1cc(Cl)cn(C2CC(O)(CO)C2)c1=O,中毒,18.205946,11.513729
O=C1c2cc(-c3cn[nH]n3)n(-c3ccc(Cl)cc3)c2C(c2cccc(Cl)c2)N1c1cc(Cl)cn(C2CC(O)(CO)C2)c1=O,中毒,14.882899,11.513729
O=c1c(-c2ccnc3[nH]ccc23)c(-c2ccnc(Br)c2)[nH]c2cc(-c3cn[nH]n3)c(NC3CC3)cc12,中毒,8.3238125,22.869045
O=C1c2cc(-c3cn[nH]n3)nn2-c2cc(Cl)cc(Cl)c2C(c2c(Cl)cccc2Cl)N1c1cc(Cl)cn(C2CC(O)(CO)C2)c1=O,中毒,8.37488,33.18647
O=S1(=O)c2cc(-c3cccnc3)c(-c3ccc(C(F)(F)F)cc3)cc2-c2cc(-c3cn[nH]n3)n(-c3ccc(Cl)cc3)c21,中毒,38.158936,26.023064
O=C1c2cc(-c3cn[nH]n3)n(-c3ccc(Cl)cc3)c2C(c2ccc(Cl)cc2)N1c1cc(Cl)cn(Cc2c(Cl)cccc2Cl)c1=O,中毒,22.121504,14.026334
Brc1csc(-c2nc(-c3ncnc4cn(-c5cn[nH]n5)cc34)no2)c1,中毒,17.958654,26.894917
O=C1C(c2cn(-c3ncnc4nc(OC5CC5)c(-c5cccnc5)cc34)nn2)=CN1c1cn[nH]n1,中毒,27.629673,21.3295
OC1(c2ccc(N3CCC4(CC3)Cc3ccc(-c5cn[nH]n5)cc3C3(CCCN3)O4)c(Oc3ccc(Cl)cc3)c2)C=C(F)C1,中毒,96.51575,38.27607
O=C1c2cc(-c3cn[nH]n3)n(Cc3ccc(Cl)cc3)c2C(c2ccc(Cl)cc2)N1c1cc(Cl)cn(C2CC(O)C(O)C2)c1=O,中毒,6.6767583,13.16881
O=C1c2cc(-c3cn[nH]n3)n(-c3ccc(Cl)cc3F)c2C(c2ccc(Cl)cc2F)N1c1cc(Cl)cn(C2CC(O)(CO)C2)c1=O,中毒,12.488247,11.513729
Fc1ccc(C2=C3C=C(c4cn[nH]n4)C=C3C(c3ccnc4[nH]ccc34)=N2)nc1,中毒,46.78029,19.181068
N#Cc1cc(-c2ncc(I)cn2)c(C2C(N)N(c3ccc(Br)cc3F)CC23CCc2cc(-c4cn[nH]n4)cc(-c4c(Cl)cccc4Cl)c23)cc1F,中毒,10.325164,36.510887
O=c1c2cc(-c3cn[nH]n3)cc-2c2c(cn1S(=O)(=O)c1ccc(Cl)c(Cl)c1)CN(Cc1ccc(Cl)cc1)C2c1cccc(Cl)c1,中毒,11.64819,19.67579
O=C1C2Cc3cc(-c4cn[nH]n4)n(-c4ccc(F)cc4F)c3C2=NC(c2ccc(Cl)c(Cl)c2)N1c1ccc(Cl)cc1,中毒,18.617636,24.842266
FC12CC(C1)N(Cc1cnsn1)Cc1nc(-c3cn[nH]n3)ncc12,中毒,46.95785,34.77629
O=C1c2cc(-c3cn[nH]n3)n(-c3ccc(Cl)cc3)c2C(c2ccc(Cl)cc2Cl)N1c1cc(Cl)cn(C2CC(O)(CO)C2)c1=O,中毒,15.540574,11.513729
O=c1c(N2C(=NO)c3cc(-c4cn[nH]n4)cc(-c4c(Cl)cccc4Cl)c3C23CCC3)cc(Cl)cn1C1CC1,中毒,11.509906,19.172379
O=S(=O)(c1ccc(C(F)(C(F)(F)F)C(F)(F)F)cc1)N1C(c2cn[nH]n2)C2=Nc3ccccc3C3(CCNC3)C21,中毒,29.764805,27.223124
O=C1c2cc(-c3cn[nH]n3)n(-c3ccc(Br)c(F)c3)c2C(c2ccc(Cl)cc2)N1c1cc(Cl)cn(C2CC(O)(CO)C2)c1=O,中毒,18.205946,11.513729
O=C1c2cc(-c3cn[nH]n3)n(-c3ccc(Cl)cc3Cl)c2C(c2ccc(Cl)c(Cl)c2)N1c1cc(Cl)cn(C2CC(O)(CO)C2O)c1=O,中毒,18.205946,11.513729
O=C1c2cc(-c3cn[nH]n3)n(-c3ccc(Cl)cc3)c2C(c2ccc(Cl)cc2)N1c1cc(Cl)cn(C2OC(CO)C(O)C2O)c1=O,中毒,14.882899,13.503714
O=C1OC(CI)CN1c1cc(F)c2c(c1)OC(c1cn[nH]n1)C2,中毒,10.031834,67.48336
O=C1c2nc(-c3cn[nH]n3)n(-c3cccc(Cl)c3F)c2C(c2ccc(Cl)cc2)N1c1cc(Cl)cn(C2CC(O)(CO)C2)c1=O,中毒,24.818281,34.717995
O=C1c2cc(-c3cn[nH]n3)n(-c3ccc(F)cc3F)c2C(c2ccc(Cl)cc2)N1c1cc(Cl)cn(C2CCC(O)(CO)C2)c1=O,中毒,12.488247,11.513729
O=C1c2nc(-c3cn[nH]n3)n(-c3ccc(Br)cc3F)c2C(c2ccc(Cl)cc2)N1c1cc(Cl)cn(C2CC(O)(CO)C2)c1=O,中毒,38.640644,34.717995
O=C1c2cc(-c3cn[nH]n3)[nH]c2C(c2ccc(Cl)cc2Cl)N1c1cc(Cl)cn(C2CC(O)(CO)C2)c1=O,中毒,7.8750753,11.513729
OC1C(O)N(c2ccc(OCCCOc3ccc(F)cn3)cc2)CC1n1c(-c2ccc3c(c2)N3c2cn[nH]n2)nnc1-c1ccon1,中毒,43.693382,54.706135
Clc1ccc(C2c3cc(-c4cn[nH]n4)cc(-c4cn[nH]c4)c3C(c3ccc(Cl)cc3)N2c2cncc(Cl)c2)cc1,中毒,6.837791,24.707447
O=C1c2cc(-c3cn[nH]n3)n(-c3ccc(Cl)cc3F)c2C(c2ccc(Cl)cc2)N1c1cc(Cl)cn(C2CCS(=O)(=O)C2)c1=O,中毒,17.272402,14.026334
O=c1c(N2Cc3cc(-c4cn[nH]n4)n(-c4ccc(Cl)cc4)c3C2c2ccc(Cl)s2)cc(Cl)cn1C1CC(O)(CO)C1,中毒,20.045097,11.513729
O=c1c(Cl)cc(N2Cc3cc(-c4cn[nH]n4)n(-c4ccc(F)cc4F)c3C2c2ccc(Cl)cc2)cn1C1CCC(O)(CO)C1,中毒,15.763229,13.213944
c1ccc2c(c1)CC(CN1CCc3occc3C1c1cn[nH]n1)C2,中毒,15.914258,49.103535
Clc1ccc2c(c1)OC21CC=C(c2cn[nH]n2)CO1,高毒,34.396275,94.82045
Clc1cccc(Cl)c1-c1cc(-c2cn[nH]n2)cc2c1CN(c1c(Cl)cncc1Cl)C2,中毒,11.407943,44.500195
O=c1c(N2C(CO)c3cc(-c4cn[nH]n4)n(-c4ccc(Cl)cc4)c3C2c2ccc(Cl)cc2)cc(Cl)cn1C1CC(O)(CO)C1,中毒,19.24008,13.466203
O=C(Nc1ccc(Oc2nc(NC3CCC(F)C3)nc3c2-c2cc(-c4cn[nH]n4)n(-c4ccc(F)cc4)c2-3)cc1)C(Nc1ccccc1)c1ccccc1,中毒,9.694756,8.731742
O=C1c2cc(-c3cn[nH]n3)n(-c3ccc(F)c(F)c3)c2C(c2ccc(Cl)cc2)N1c1cc(Cl)cn(C2CC(O)(CO)C2)c1=O,中毒,14.882899,11.513729
Nc1ncc2c(=O)n(C3CC(O)C(O)C3)cc(-c3c(N4CC(c5cn[nH]n5)C4)cc(-c4cn[nH]c4)nc3C3CC3)c2n1,中毒,22.24424,24.011366
Brc1cccc(CNc2nc3c(s2)CC(c2cn[nH]n2)CC3)c1,高毒,8.301,41.323273
O=C1c2cc(-c3cn[nH]n3)c(=O)n(-c3ccc(Cl)cc3)c2C(c2ccc(Cl)cc2)N1c1cc(Cl)cn(C2CC(O)(CO)C2)c1=O,中毒,51.50488,12.110745
O=C1c2cc(-c3cn[nH]n3)nc(-c3csc(COCc4ccsc4)c3)c2C(c2ccc(Cl)cc2)N1c1cc(Cl)cn(C2CC(O)(CO)C2)c1=O,中毒,14.775009,12.110745
O=C1c2cc(-c3cn[nH]n3)n(-c3c(F)cccc3F)c2C(c2ccc(Cl)cc2)N1c1cc(Cl)cn(C2CC(O)(CO)C2)c1=O,中毒,12.488247,11.513729
O=c1c(N2Cc3cc(-c4cn[nH]n4)c(Nc4cc5cc(-c6ccc(F)cc6F)ccc5o4)cc3C2c2ccc(Cl)cc2)cc(Cl)cn1C1CC(O)(CO)C1,中毒,7.487971,13.447941
Fc1cc(Cl)ccc1-n1nc(Cl)cc1-c1cc2c(cc1Cl)N(C1CCOCC1)Cc1[nH]c(-c3cn[nH]n3)cc1-2,中毒,24.890085,11.576103
O=C1c2cc(-c3cn[nH]n3)n(-c3ccccc3F)c2C(c2ccc(Cl)cc2Cl)N1c1cc(Cl)cn(C2CC(O)(CO)C2)c1=O,中毒,15.540574,11.513729
c1nc(N2CCOCC2)c2nc(-c3cnnc4cc(-c5cn[nH]n5)ccc34)nc(NC3CCN(C4CCC4)CC3)c2n1,中毒,1.8402917,25.277765
O=C1c2cc(-c3cn[nH]n3)c(-c3ccc(F)cc3F)n2C(c2ccc(Cl)cc2)N1c1cc(Cl)cn(C2CC(O)(CO)C2)c1=O,中毒,32.68572,13.503714
Fc1ccc(OC2CCN=NN(c3ccc(F)cc3F)C=C3CN4CC3c3cc(-c5cn[nH]n5)nn3CC(CCl)N3C(CC2)CC43)c(F)c1,中毒,21.243645,38.32968
O=C1c2cc(-c3cn[nH]n3)n(-c3ccc(Cl)c(Cl)c3F)c2C(c2ccc(Cl)cc2)N1c1cc(Cl)cn(C2CC2)c1=O,中毒,17.272402,14.026334
O=C1c2cc(-c3cn[nH]n3)n(-c3ccc(Br)cc3)c2C(c2cccc(Cl)c2)N1c1cc(Cl)cn(C2CC(O)(CO)C2)c1=O,中毒,18.205946,11.513729
O=C1c2nc(-c3cn[nH]n3)c(Nc3cncnc3)c(-c3ccsc3)c2C(c2ccc(Cl)cc2)N1c1cc(Cl)cn(C2CC(O)(CO)C2)c1=O,中毒,25.928497,12.110745
Fc1cc(C(F)(F)F)ccc1C1Cc2sc(-c3cn[nH]n3)nc2CN1c1ccc(Cl)cc1,中毒,36.488598,26.68726
NC1c2cc(-c3ccco3)c(Br)cc2-c2cc(-c3cn[nH]n3)cc(-c3cc(Cl)cc(Cl)c3)c21,低毒,18.293283,80.86203
O=C1c2cc(-c3cn[nH]n3)n(-c3ccc(Cl)cc3F)c2C(c2ccc(F)cc2)N1c1cc(Cl)cn(C2CC(O)(CO)C2)c1=O,中毒,12.488247,11.513729
O=C1c2nc(-c3cn[nH]n3)nc(C(F)(F)F)c2C(c2ccc(Cl)cc2F)N1c1cc(Cl)cn(C2C(O)C(O)C(O)C2O)c1=O,中毒,24.818281,13.466203
O=C1c2cc(-c3cn[nH]n3)n(NC3CCOCC3)c2C(c2ccc(Cl)cc2)N1c1cc(Cl)cn(C2CC(O)(CO)C2)c1=O,中毒,8.738106,13.466203
O=C1c2cc(-c3cn[nH]n3)cc(-c3c(Cl)cc(Cl)cc3Cl)c2CC(c2ccc(Cl)cc2)N1c1cc(Cl)cn(C2CC(O)(CO)C2)c1=O,中毒,22.081963,19.79431
Clc1ccc(C2COC3CC4c5cc(-c6cn[nH]n6)nn5C4CCC32Br)cc1,中毒,18.602663,20.822327
O=C1c2cc(-c3cn[nH]n3)c(-c3cc(F)cc(Cl)c3F)n2C(c2ccc(Cl)cc2)N1c1cc(Cl)cn(C2CC(O)C(O)C2)c1=O,中毒,32.68572,13.503714
O=C1c2cc(-c3cn[nH]n3)n(-c3ccc(Cl)cc3C(F)F)c2C(c2ccc(Cl)cc2)N1c1cc(Cl)cn(C2CC(O)(CO)C2)c1=O,中毒,14.882899,11.513729
O=c1c(N2CCc3cc(-c4cn[nH]n4)n(-c4ccc(Cl)cc4OCc4ccccc4F)c3C2)cc(Cl)cn1C1CC(O)(CO)C1,中毒,20.573853,33.69392
O=C1c2cc(-c3cn[nH]n3)n(-c3cccc(F)c3)c2C(c2ccc(Cl)cc2)N1c1cc(Cl)cn(C2CC(O)(CO)C2)c1=O,中毒,14.882899,11.513729
O=C1c2cc(-c3cn[nH]n3)n(-c3cc(F)c(F)cc3F)c2C(c2ccc(Cl)cc2)N1c1cc(Cl)cn(C2CC(O)(CO)C2)c1=O,中毒,12.488247,11.513729
c1nc(-c2ccon2)c2cc(-c3cn[nH]n3)cc(N3CC4(COC4)C3)c2n1,中毒,36.646584,185.05836
O=C1c2cc(-c3cn[nH]n3)n(-c3ccc(Cl)cc3)c2C(c2ccc(Cl)cc2)N1C1=COC2(CCOCC2)C1,中毒,15.856074,21.034548
c1cc2n[nH]cc2cc1-c1nc(N2CCC(N3CCOCC3)CC2)nc2cc(-c3cn[nH]n3)cn12,中毒,4.32053,78.38892
O=C(NC1CC2CCC(C1)N2Cc1nc(-c2cn[nH]n2)cs1)c1cc(-c2c(F)cccc2F)co1,中毒,45.682186,20.774725
O=C1c2cc(-c3cn[nH]n3)n(-c3ccc(Cl)cc3)c2C(c2cccc(Cl)c2)N1c1cc(Cl)cn(C2CC(O)C2)c1=O,中毒,31.338547,11.513729
Oc1c(Cl)cc2c(c1Cl)C(c1ccc(Cl)cc1)Nc1cc(-c3cn[nH]n3)n(-c3ccc(Cl)cc3)c1-2,中毒,73.43575,24.676445
O=C1c2cc(-c3cn[nH]n3)c(=O)n(-c3ccc(F)cc3)c2C(c2ccc(Cl)cc2)N1c1cc(Cl)cn(C2CC(O)(CO)C2)c1=O,中毒,51.50488,12.110745
O=C1c2cc(-c3cn[nH]n3)n(-c3ccc(Cl)cc3Cl)c2C(c2ccc(Cl)cc2)N1c1cc(Cl)cn(C2CS(=O)(=O)C2)c1=O,中毒,22.035963,14.026334
O=C(c1cccn2cnnc12)N1CCC(N2CCc3sc(-c4cn[nH]n4)cc3C2)C1,中毒,24.880112,13.76008
O=C1c2nc(-c3cn[nH]n3)n(-c3ccc(-c4cnc(Cl)[nH]4)cc3)c2C(c2ccc(Cl)cc2)N1c1cc(Cl)cn(C2CC(O)(CO)C2)c1=O,中毒,23.043425,34.717995
Fc1c(Cl)nc(NCc2ccc(Sc3cccnc3)cc2)c2ncn(-c3cn[nH]n3)c12,低毒,44.666542,40.31245
c1nn(C2CCN(Cc3nc(C4CC4)no3)CC2)cc1-c1cn[nH]n1,中毒,7.918107,50.9476
O=S(=O)(Nc1ccnn1-c1ccc(F)c(Cl)c1)c1ccc2[nH]c(-c3cn[nH]n3)cc2c1,中毒,44.959015,38.340435
OCc1nc(-c2cc(-c3cn[nH]n3)cs2)cn2c(-c3cnc(N4CCOCC4)nc3Cl)ccc12,中毒,7.6637697,66.00345
O=C1c2nc(-c3cn[nH]n3)sc2C(c2ccc(Cl)cc2)N1c1cc(Cl)cn(C2CC(O)(CO)C2)c1=O,中毒,59.929935,28.20462
O=C1OCCN1CCNc1c2c(cc3ncc(-c4cn[nH]n4)cc13)-c1c(cn(-c3cccc(Br)c3)c1Br)CCC2,中毒,6.643187,66.09878
OCc1cc(N2Cc3cc(-c4cn[nH]n4)n(-c4ccc(F)cc4F)c3C2c2ccc(Cl)cc2)cn1C1CC(O)(CO)C1,中毒,15.763229,14.878985
c1n[nH]nc1-c1nn(C23CC4CC(CC(C4)C2)C3)cc1-c1nc(N2CCOCC2)nc(N2CC3CCC2C3)n1,中毒,14.464883,12.227233
O=c1c(N2Cn3cc(-c4cn[nH]n4)c(-c4ccn[nH]4)c3C2c2c(F)cccc2F)cc(Cl)cn1C1CC(O)(CO)C1,中毒,10.697504,13.466203
O=C1c2cc(-c3cn[nH]n3)n(-c3ccc(F)cc3)c2C(c2cccs2)N1c1cc(Cl)cn(C2CC(O)(CO)C2)c1=O,中毒,15.111123,11.513729
O=C1c2nc(-c3cn[nH]n3)nc(Nc3ccc(C4CCOCC4)cn3)c2C(c2ccc(Cl)cc2)N1c1cc(Cl)cn(C2CC(O)(CO)C2)c1=O,中毒,27.094715,13.466203
O=C1c2cc(-c3cn[nH]n3)c(-c3ccc(Cl)cc3Cl)n2C(c2ccc(Cl)cc2)N1c1cc(Cl)cn(C2CC(O)(CO)C2)c1=O,中毒,19.951618,13.503714
Clc1cc2c(cc1-c1cn[nH]n1)OC1(C2)C2CC3CC(C2)CC1C3,中毒,6.418509,193.26717
c1ccc2oc(-c3nnc4sc(-c5cn[nH]n5)nn34)nc2c1,中毒,53.132282,21.990843
c1ccc2sc(C(c3ccsc3)N3CCn4cnc(-c5cc(-c6cn[nH]n6)cs5)c4C3)nc2c1,中毒,39.322098,19.079718
O=C1NC2CC2CN1Cc1cccc(C2=CCNSc3c(Oc4cc(-c5cn[nH]n5)ncn4)cccc32)c1,中毒,54.12202,29.58523
O=c1c(N2Nc3cc(-c4cn[nH]n4)cc(-c4c(Cl)cccc4Cl)c3C2c2ccc(Cl)cc2Cl)cc(Cl)cn1C1CC(O)(CO)C1,中毒,27.058037,10.425424
c1ccc2cc(OCC3OCCN(c4ccc(-c5cn[nH]n5)cn4)CC34NCC3CC34)ccc2c1,中毒,8.387206,18.318035
Fc1ccc(-c2nc3ccc2-c2c(csc2-c2cnn(CCN4CCC(F)(F)C4)c2)N2CCC4=CC(c5cn[nH]n5)=C(C(F)F)C4=C3C2)c(F)c1,中毒,17.45498,39.636826
O=c1c(N2Cc3cc(-c4cn[nH]n4)cc(-c4c(Cl)cccc4Cl)c3C2c2ccc(Cl)cc2)cc(Cl)cn1C1CC(O)(CO)C1,中毒,9.036046,9.912456
O=C1c2cc(-c3cn[nH]n3)n(-c3cccc(Cl)c3F)c2C(c2ccc(Cl)cc2)N1c1cc(Cl)cn(C2CC(O)(CO)C2)c1=O,中毒,12.488247,11.513729
O=C1N(c2cc(Cl)cn(C3CC(O)(CO)C3)c2=O)C(c2ccc(Cl)c(Cl)c2)c2c(-c3ccnc4cc(Cl)ccc34)c(-c3cn[nH]n3)nn21,中毒,9.5269375,13.503714
Fc1cc(Cl)cc(Oc2ccc(C3=c4c(Cl)cc(Cl)cc4=C4C=C(c5cn[nH]n5)N=C43)cc2)c1,中毒,12.034092,18.222574
O=C1c2cc(-c3cn[nH]n3)n(-c3ccc(Cl)cn3)c2C(c2ccc(Cl)cc2)N1c1cc(Cl)cn(C2CC(O)C(O)C2)c1=O,中毒,14.882899,11.513729
O=C1c2cc(-c3cn[nH]n3)n(-c3cc(F)ccc3F)c2C(c2ccc(Cl)cc2)N1c1cc(Cl)cn(C2CC(O)(CO)C2)c1=O,中毒,12.488247,11.513729
O=C1c2cc(-c3cn[nH]n3)n(-c3cccc(Cl)c3F)c2C(c2ccc(Cl)cc2)N1c1cc(Cl)cn(C2CC(O)C(O)C2)c1=O,中毒,12.488247,11.513729
O=C1c2cc(-c3cn[nH]n3)n(-c3ccc(F)cc3F)c2C(c2ccc(F)cc2)N1c1cc(Cl)cn(C2CC(O)(CO)C2)c1=O,中毒,12.488247,11.513729
Clc1cccc(Cl)c1-c1cc(-c2cn[nH]n2)cc2c1CN(c1nc(-c3ccoc3)nc3ccsc13)CC2,中毒,9.389388,25.808617
O=c1c(N2Cc3cc(-c4cn[nH]n4)n(-c4ccc(F)cc4F)c3C2c2ccc(Cl)cc2F)cc(Cl)cn1C1CC(O)(CO)C1,中毒,15.763229,11.513729
O=C1c2cc(-c3cn[nH]n3)n(-c3ccc(F)cc3F)c2C(c2cc3cc(Cl)ccc3oc2=O)N1c1cc(Cl)cn(C2CC(O)(CO)C2)c1=O,中毒,15.540574,11.513729
O=C1C2CC(O)(CO)Cc3cc(-c4cn[nH]n4)n(-c4ccc(Cl)cc4)c3C(c3ccc(Cl)s3)N1c1cc(Cl)cn2c1=O,中毒,21.501406,16.862432
O=C1c2cc(-c3cn[nH]n3)n(-c3ccc(F)cc3F)c2C(Cc2ccc(Cl)cn2)N1c1cc(Cl)cn(C2CC(O)C(O)C2O)c1=O,中毒,51.50488,33.968105
O=c1c(Cl)c(N2CC(F)C2)c(-c2cc(Nc3cc4s[nH]c4cn3)ncn2)cn1-c1cn[nH]n1,中毒,15.51569,52.0768
Clc1cnc2c(ccn2-c2cc3oc4ncc(-c5cn[nH]n5)cc4c3cc2Br)c1,低毒,16.129963,20.3489
O=C1c2cc(-c3cn[nH]n3)n(-c3c(Cl)cc(Cl)cc3Cl)c2C(c2ccc(Cl)cc2)N1c1cc(Cl)cn(C2CC(O)(CO)C2)c1=O,中毒,18.205946,11.513729
O=C1c2cc(-c3cn[nH]n3)n(-c3ccc(F)c(Cl)c3)c2C(c2ccc(Cl)cc2)N1c1cc(Cl)cn(C2CC(O)(CO)C2)c1=O,中毒,14.882899,11.513729
O=c1c(N2Cc3cc(-c4cn[nH]n4)cc(-c4ccc(Cl)cc4)c3C2c2ccc(Cl)cc2)cc(Cl)cn1C1CC(O)(CO)C1,中毒,9.036046,9.912456
O=C1c2cc(-c3cn[nH]n3)n(-c3ccccc3F)c2C(c2ccc(Cl)cc2)N1c1cc(Cl)cn(C2CC(O)(CO)C2)c1=O,中毒,12.488247,11.513729
O=c1c(N2Cc3cc(-c4cn[nH]n4)cc(-c4c(Cl)cccc4Cl)c3C2)cc(Cl)cn1C1CC(O)(CO)C1,中毒,9.204226,11.151921
O=C(O)C1(O)CC(n2cc(Cl)cc(N3Cc4cc(-c5cn[nH]n5)n(-c5ccc(Cl)cc5)c4C3c3ccc(Cl)cc3)c2=O)C1,中毒,19.24008,11.513729
O=C1NCCc2c(-c3cn[nH]n3)cc3c(oc4ccc(Cl)cc43)c21,中毒,8.972256,86.93579
O=c1c(N2C(O)c3cc(-c4cn[nH]n4)n(-c4ccc(Cl)c(Cl)c4F)c3C2c2ccc(Cl)cc2)cc(Cl)cn1C1CC(O)(CO)C1,中毒,26.991571,12.110745
O=C1c2cc(-c3cn[nH]n3)n(-c3ccc(F)c(Cl)c3F)c2C(c2ccc(Cl)cc2)N1c1cc(Cl)cn(C2CC(O)(CO)C2)c1=O,中毒,12.488247,11.513729
O=c1c(N2Cc3cc(-c4cn[nH]n4)cc(-c4cc(F)ccc4F)c3C2c2ccc3c(c2)OCO3)cc(Cl)cn1C1CC(O)(CO)C1,中毒,6.3808517,8.519041
O=C1c2cc(-c3cn[nH]n3)n(-c3cc(F)cc(F)c3)c2C(c2ccc(Cl)cc2)N1c1cc(Cl)cn(COC2CC(O)C(O)C2O)c1=O,中毒,14.882899,13.466203
OC(Cc1nc2cc(-c3cn[nH]n3)ccc2c2oncc12)(c1ccccc1)c1ccc[nH]1,中毒,11.302673,25.146395
O=C1c2cc(-c3cn[nH]n3)cc(-c3ccnc(Cl)c3)c2CC(c2ccc(Cl)cc2)N1c1cc(Cl)cn(C2CC(O)(CO)C2)c1=O,中毒,22.081963,19.79431
Cn1cc(Cl)cc(N2C(=O)c3cc(-c4cn[nH]n4)n(-c4ccc(F)cc4F)c3C2c2ccc(Cl)cc2)c1=O,中毒,17.272402,14.026334
Cn1cc(Cl)cc(N2C3C4=CC(Cl)=CC=C3N(CC4)c3cc(-c4cn[nH]n4)n(-c4ccc(F)cc4F)c3C2c2ccc(Cl)cc2)c1=O,中毒,17.475342,14.3937645
O=c1c(N2C(O)c3nc(-c4cn[nH]n4)n(-c4ccc(Br)cc4F)c3C2c2ccc(Cl)cc2)cc(Cl)cn1C1CC(O)(CO)C1,中毒,44.58338,34.717995
O=c1c2c(C3CC4NCC(O)(c5cc(F)cc(F)c5)C4C3)cc(-c3cn[nH]n3)cc2cnn1-c1ccc(F)cc1,中毒,10.7994375,24.134203
O=C1c2cc(-c3cn[nH]n3)c(-c3ccc(Cl)cc3)n2C(c2ccc(Cl)cc2OC(F)(F)F)N1c1cc(Cl)cn(C2CC(O)(CO)C2)c1=O,中毒,27.094715,13.503714
O=c1c(N2Cc3cc(-c4cn[nH]n4)n(-c4ccc(Cl)cc4)c3C2c2ccc(Cl)cc2)cc(Cl)cn1CCCl,中毒,28.622856,14.026334
O=c1c2ccc3nc2-c(cc2c(F)cccc2n1C1CCOCC1)c1cc2c(-c4cn[nH]n4)cnc-2cc3c1,中毒,7.334748,10.152753
O=c1c(N2Cc3cc(-c4cn[nH]n4)n(-c4ccc(F)cc4F)c3C2c2ccc(Cl)cc2)cc(Cl)cn1N1CCOCC1,中毒,21.327534,13.466203
O=c1c(N2Cc3nc(-c4cn[nH]n4)sc3C2c2ccc(Cl)cc2)cc(Cl)cn1C1CC(O)(CO)C1,中毒,25.39207,28.20462
O=C1c2cc(-c3cn[nH]n3)c(-c3ccc(Cl)cc3F)n2C(c2ccc(Cl)cc2)N1c1cc(Cl)cn(C2CC(O)(CO)C2)c1=O,中毒,32.68572,13.503714
O=C1c2cc(-c3cn[nH]n3)nc(OCc3ccc(F)c(F)c3)c2C(c2ccc(Cl)cc2)N1c1cc(Cl)cn(C2CC(O)(CO)C2)c1=O,中毒,6.1933956,13.503714
O=C1c2cc(-c3cn[nH]n3)n(-c3ccc(F)cc3F)c2C(c2cccc(Cl)c2)N1c1cc(Cl)cn(C2CC(O)(CO)C2)c1=O,中毒,12.488247,11.513729
Fc1ccc(OCCN2CCCCC2)cc1C1=CCc2sc(-c3cn[nH]n3)cc2C1,高毒,5.1087823,24.94476
O=C1c2nc(-c3cn[nH]n3)c(-c3ccc(Cl)cc3)n2C(c2ccc(Cl)cc2)N1c1cc(Cl)cn(C2CC(O)(CO)C2)c1=O,中毒,32.68572,13.447941
O=S1(=O)c2cc(-c3cc(Cl)ccc3F)c(-c3cn[nH]n3)cc2C(c2cccnc2)=CN(Cc2cccnc2)C1c1ccc(Cl)cc1,中毒,21.057436,9.729206
O=C1c2cc(-c3cn[nH]n3)[nH]c2C(c2ccc(Cl)cc2)N1c1cc(Cl)cn(C2CC(O)(CO)C2)c1=O,中毒,7.4282966,11.513729
ONc1nnccc1-c1c(Cl)cc(F)c2c(-c3cn[nH]n3)c(-c3ccc4c(c3)OCO4)oc12,低毒,18.710968,16.623083
Cn1cc(N2Cc3cc(-c4cn[nH]n4)n(-c4ccc(Cl)cc4F)c3C2c2ccc(Cl)cc2)cc(Cl)c1=O,中毒,21.327534,15.904917
O=c1c(N2Cc3cc(-c4cn[nH]n4)n(-c4ccc(F)cc4)c3C2c2ccc(Cl)cc2)cc(Cl)cn1C1CC(O)(CO)C1O,中毒,19.24008,11.513729
O=CN1c2cc(Cl)ccc2CC(N2c3cc(-c4cn[nH]n4)n(-c4ccc(Cl)cc4)c3C2c2ccc(Cl)cc2)=CC(Cl)=C2CC2=CCS1(=O)=O,中毒,18.617636,24.177322
O=c1c(N2C(c3ccc(Cl)cc3)c3nc(-c4cn[nH]n4)ccc3S2(=O)=O)cc(Cl)cn1C1CC(O)(CO)C1,中毒,22.435183,41.73536
O=C1c2cc(-c3cn[nH]n3)c(-c3ccc(F)cc3)n2C(c2ccc(Cl)cc2)N1c1cc(Cl)cn(C2CC(O)(CO)C2)c1=O,中毒,19.951618,13.503714
O=C1C2c3cc(F)ccc3-n3c(-c4cn[nH]n4)cc2c3C(c2ccc(Cl)cc2)N1c1cc(Cl)cn(C2CC(O)(CO)C2O)c1=O,中毒,20.18954,46.02951
Oc1c(Cl)cc2c(c1Cl)CCc1cc(-c3cn[nH]n3)cc(-c3c(Cl)cccc3Cl)c1-2,中毒,39.05789,94.43935
O=c1c(N2Cc3cc(-c4cn[nH]n4)n(-c4ccc(Cl)cc4F)c32)cc(Cl)cn1C1CCOC1CO,中毒,60.360245,14.2372675
O=C(O)c1cn(C2CC2)c2cc(Cl)c(C3=C4C=C(c5cn[nH]n5)C=C4CC3)c(Cl)c2c1=O,中毒,8.820978,17.960073
O=C1CCCC12CCC1C2=Nc2cc(-c3cn[nH]n3)n(-c3ccc(Cl)cc3)c2C(c2ccc(Cl)cc2)N1c1cc(Cl)cnn1,中毒,19.106346,22.349152
CC1(O)CC(n2cc(Cl)cc(N3C(=O)c4cc(-c5cn[nH]n5)n(-c5ccc(Cl)cc5F)c4C3c3ccc(Cl)cc3)c2=O)C1,中毒,25.244574,11.513729
O=S(=O)(O)c1ccc(-c2cc3c(cc2F)-c2[nH]c(-c4cn[nH]n4)cc2-3)nc1,高毒,56.572697,27.363947
O=c1c2cc(F)c(-c3cn[nH]n3)cc2c(Br)c(Br)n1-c1ccc2c(c1)OCO2,低毒,32.325584,13.405142
O=C1c2cc(-c3cn[nH]n3)n(-c3cc(F)cc(F)c3F)c2C(c2ccc(Cl)cc2)N1c1cc(Cl)cn(C2CC2)c1=O,中毒,17.272402,14.026334
O=C1c2cc(-c3cn[nH]n3)n(-c3ccc(Cl)cc3)c2C(c2ccc(Cl)cc2)N1c1cc(Cl)cn(C2CC(O)(C3CC3)C2)c1=O,中毒,31.338547,11.513729
O=C1c2nc(-c3cn[nH]n3)n(-c3cc(Cl)c(Cl)cc3F)c2C(c2ccc(Cl)cc2)N1c1cc(Cl)cn(C2CC(O)(CO)C2)c1=O,中毒,24.818281,34.717995
Clc1ccc(-n2c(-c3cn[nH]n3)cc3c2-c2cc(Br)c(Br)c(Br)c2Oc2ccc(-c4cnccn4)cc2-3)cc1,中毒,10.542008,15.213087
O=C1OCCOc2cc3ccc2-c2cc(-c4cn[nH]n4)n-3c2C(c2ccc(Cl)cc2)N1c1cc(Cl)cn(C2CC(O)C(O)C2)c1=O,中毒,33.083656,13.466203
O=C1c2cc(-c3cn[nH]n3)n(-c3ccc(Cl)cc3Cl)c2C(c2ccc(Cl)cc2)N1c1cc(Cl)cn(C2CC(O)C(O)C2)c1=O,中毒,18.205946,11.513729
O=C1c2nc(-c3cn[nH]n3)nc(-c3c[nH]c4ccc(Cl)cc34)c2C(c2ccc(Cl)cc2)N1c1cc(Cl)cn(C2CCOCC2)c1=O,中毒,29.078686,13.466203
Fc1ccc(Cl)cc1Nc1cc2[nH]cc(-c3cn[nH]n3)c2cc1-c1cccnc1,中毒,7.2658973,18.692324
Oc1ccc(-c2cc3c(nc2CCc2ccc(OC(F)(F)F)cc2)-c2cc(-c4cn[nH]n4)cc(-c4c(Cl)cccc4Cl)c2-3)cc1,低毒,13.589199,23.934889
CN1CC(n2cc(Cl)cc(N3C(=O)c4cc(-c5cn[nH]n5)nn4C3c3ccc(Cl)cc3)c2=O)CC1=O,中毒,7.859228,14.3937645
O=C1CC(n2cc(Cl)cc(N3Cc4cc(-c5cn[nH]n5)c(-c5ccc(Cl)cc5)n4C3c3ccc(Cl)s3)c2=O)CN1CCO,中毒,53.967606,13.503714
O=C1c2cc(-c3cn[nH]n3)sc2C(c2ccc(Cl)cc2)N1c1cc(Cl)cn(C2CC(O)(CO)C2)c1=O,中毒,8.738106,8.960914
O=S(=O)(Nc1cscn1)c1cc(F)c(Oc2cc3ncnc(-c4ccc5[nH]ccc5c4F)c3cc2-c2cn[nH]n2)cc1F,中毒,30.621866,9.088881
Clc1ccc(C2c3c(cc(-c4cn[nH]n4)cc3-c3c(Cl)cccc3Cl)CC2N2CCN(c3cccc4occc34)CC2)cc1,中毒,10.188604,15.2403755
O=C1c2cc(-c3cn[nH]n3)n(-c3ccc(Cl)c(Cl)c3)c2C(c2ccc(Cl)c(Cl)c2)N1c1cc(Cl)cn(C2OC(CO)C(O)C2O)c1=O,中毒,18.205946,13.503714
O=C1c2cc(-c3cn[nH]n3)c(-c3ccc(Cl)cc3)n2C(c2ccc(Cl)cc2)N1c1cc(Cl)cn(C2CC(O)(CO)C2)c1=O,中毒,19.951618,13.503714
O=C1c2cc(-c3cn[nH]n3)n(-c3ccccc3Br)c2C(c2ccc(Cl)cc2)N1c1cc(Cl)cn(C2CC(O)(CO)C2)c1=O,中毒,14.882899,11.513729
FC1(F)CC2(C1)C1=NC(N3Cc4cc(-c5cn[nH]n5)n(-c5ccc(Cl)cc5)c4C3c3ccc(Cl)cc3)=CC(Cl)=CN12,中毒,10.520923,16.291994
O=c1c(-c2ccc3c(c2)N=C(c2cn[nH]n2)C(c2ccc[nH]2)S3)nnc(Nc2ccc(F)cn2)c2ncnc(Oc3ccc(Br)cc3)c12,中毒,18.641792,27.78537
O=S(=O)(c1cc(Cl)cc(Cl)c1)N1CCCn2nc(-c3cn[nH]n3)cc2C1,中毒,51.08837,16.093014
O=c1[nH]nc2c(c1-c1cc(F)c(Cl)cc1F)OCc1c(-c3cc4ccccc4s3)cc(-c3cn[nH]n3)cc1-2,中毒,12.141088,12.616843
C1=C(Nc2nc(-c3cn[nH]n3)nc3c2CN(c2ccsc2)CC3)COCCC2OC1=NN1CCN(C3CCOCC3)CCC21,中毒,15.068687,41.2822
O=C1c2cc(-c3cn[nH]n3)n(-c3ccc(F)cc3C(F)(F)F)c2C(c2ccc(Cl)cc2)N1c1cc(Cl)cn(C2CC(O)(CO)C2)c1=O,中毒,14.882899,13.466203
O=C1c2cc(-c3cn[nH]n3)cc(-c3ccc4cnccc4c3)c2N1c1cc(Cl)cn(C2CC(O)(CO)C2)c1=O,中毒,19.569666,18.239529
O=C(O)C1(O)CC(n2cc(Cl)cc(N3Cc4nc(-c5cn[nH]n5)n(-c5ccc(F)cc5F)c4C3c3ccc(Cl)cc3)c2=O)C1,中毒,15.534245,34.717995
O=C1c2cc(-c3cn[nH]n3)n(-c3ccc(F)cc3F)c2C(c2ccc(Cl)cc2)N1c1cc(Cl)cn(C2CC(O)(C(=O)O)C2)c1=O,中毒,12.488247,11.513729
CC1c2cc(-c3cn[nH]n3)n(-c3ccc(Cl)cc3)c2C(c2ccc(Cl)cc2)N1c1cc(Cl)cn(C2CC(O)(CO)C2)c1=O,中毒,19.24008,13.466203
O=S1(=O)Cc2cc(-c3cn[nH]n3)nc(-c3cc(NC4CCOC4)nc4cc(C5CC5)ccc34)c2C1,中毒,6.9024677,47.27877
O=C1c2nc(-c3cn[nH]n3)c(F)c(-c3ccsc3)c2C(c2ccc(Cl)cc2)N1c1cc(Cl)cn(C2CC(O)(CO)C2)c1=O,中毒,39.425797,12.110745
O=C1c2cc(-c3cn[nH]n3)n(-c3ccc(Cl)cc3F)c2C(c2ccc(Cl)cc2)N1c1cc(Cl)cn(C2CCC(O)(CO)C2)c1=O,中毒,12.488247,11.513729
O=C1C2=CC(c3cn[nH]n3)=CC2=C2N1CCC21CCN(C2CC2)CC1,中毒,29.10694,24.22087
Fc1ccc(Nc2c(-c3ccccn3)cc3c(c2F)-c2cc(-c4cn[nH]n4)n(-c4ccc(F)cc4F)c2-3)nc1,中毒,9.208897,24.210772
O=c1c(N2C(=S)c3cc(-c4cn[nH]n4)n(-c4ccc(Cl)cc4C(F)(F)F)c3C2c2ccc(Cl)cc2)cc(Cl)cn1C1CC(O)(CO)C1,中毒,14.882899,38.727142
O=C1c2cc(-c3cn[nH]n3)n(-c3cccc(Br)c3)c2C(c2ccc(Cl)cc2)N1c1cc(Cl)cn(C2CC(O)C(O)C2)c1=O,中毒,14.882899,11.513729
Clc1ccc(C2c3ncsc3CCN2CC2C=CC(c3cn[nH]n3)=N2)c(Cl)c1,中毒,7.532239,48.820164
Fc1ccc(-n2c(-c3cn[nH]n3)cc3c2C(c2ccc(Cl)cc2)N(c2ccc(Cl)c(Cl)c2)C3)c(F)c1,中毒,21.327534,23.107658
O=C1c2cc(-c3cn[nH]n3)n(-c3ccc(Cl)cc3F)c2C(c2ccc(F)cc2F)N1c1cc(Cl)cn(C2CC(O)(CO)C2)c1=O,中毒,12.488247,11.513729
Clc1csc(N2C(c3ccc(Cl)s3)c3cc(-c4cn[nH]n4)nn3C2c2ccsc2)c1,中毒,6.774381,16.257463
O=C1c2cc(-c3cn[nH]n3)c(-c3cc(Cl)cc(Cl)c3)nc2C(c2ccc(Cl)cc2)N1c1cc(Cl)cn(C2CC(O)(CO)C2)c1=O,中毒,13.216523,12.087409
C1=C2C(Nc3ncnc4c3CCNC4)CC2c2cc(-c3cnc4ccccc4c3)c(-c3cn[nH]n3)cc21,中毒,8.966091,12.084443
O=C1c2nc(-c3cn[nH]n3)c(Cl)c(-c3cccc(Cl)c3)c2C(c2cccc(Cl)c2Cl)N1c1cc(Cl)cn(C2CC(O)(CO)C2)c1=O,中毒,61.03041,12.110745
N#Cc1ccc2c(c1)-c1cccnc1SN1C2c2cc(-c3cn[nH]n3)n(-c3ccc(Cl)cc3F)c2C1c1ccc(Cl)cc1,中毒,26.57514,22.077744
Fc1ccc(-n2c(-c3cn[nH]n3)cc3c2C2=CC(=CC4=C3OCCO4)C3CN3C=Cc3cnc(N4CCOCC4)cc32)cc1,中毒,18.339478,13.503714
O=C1c2cc(-c3cn[nH]n3)n(-c3ccc(Cl)cc3C(F)(F)F)c2C(c2ccc(Cl)cc2)N1c1cc(Cl)cn(C2CC(O)(CO)C2)c1=O,中毒,14.882899,11.513729
O=c1[nH]cnc2c1SC=C1CN1C(c1ccc(Cl)cc1)c1c-2cc(-c2cn[nH]n2)cc1-c1c(Cl)cccc1Cl,中毒,20.626932,25.714245
Clc1ccc(C2c3c(cc(-c4cn[nH]n4)n3-c3ccc(Cl)cc3)-c3cccc4c(scc3)N42)cc1,中毒,37.770084,24.006325
O=C1c2nc(-c3cn[nH]n3)n(-c3ccc(Cl)cc3Cl)c2C(c2ccc(Cl)cc2)N1c1cc(Cl)cn(C2CC(O)(CO)C2)c1=O,中毒,35.69709,13.466203
Fc1cc(Cl)ccc1-c1c2c(-c3cc[nH]n3)cnc-2nc(-c2cc3c(OC4CCOCC4)nccn3c2)n2cc(-c3cn[nH]n3)nc12,中毒,9.208961,69.87136
O=C1c2cc(-c3cn[nH]n3)n(-c3ccc(F)cc3Cl)c2C(c2ccc(Cl)cc2)N1c1cc(Cl)cn(C2CC(O)(CO)C2)c1=O,中毒,18.205946,11.513729
O=C1c2cc(-c3cn[nH]n3)n(-c3ccc(F)cc3F)c2C(c2ccc(Cl)o2)N1c1cc(Cl)cn(C2CC(O)(CO)C2)c1=O,中毒,10.762919,11.513729
O=C1C2=C3C=C(c4cn[nH]n4)N=C3N2N=C(c2c(O)cc(Cl)cc2Cl)c2c1oc1ccccc21,中毒,39.756958,21.079233
ClC1=CC=C2C3C=CC(=C1)C2N(c1ccc(Cl)c(Cl)c1)C(c1ccc(Cl)cc1)c1c3cc(-c2cn[nH]n2)n1-c1ccc(Cl)cc1Cl,中毒,22.035963,21.350851
O=S(=O)(C=Cc1cnccn1)c1cc(S(=O)(=O)C(F)F)ccc1C1=C2C=C(c3cn[nH]n3)C=C2C1,中毒,6.6759996,20.928234
O=c1c(N2Cc3cc(-c4cn[nH]n4)cc(-c4c(Cl)cccc4Cl)c3C2c2ccccc2Cl)cc(Cl)cn1C1CC(O)(CO)C1,中毒,8.459931,9.912456
Brc1cc2c(o1)C(N1CCc3c(c(-c4cn[nH]n4)nn3-c3ccccc3)C1)CC2,中毒,14.868383,15.046138
NC1=Nc2cc(-c3cn[nH]n3)n(-c3ccc(Cl)cc3)c2C(c2ccc(Cl)cc2)N1C1=CC(Cl)=CN2C(=C1)C2CC1(CO)C(O)C(O)C1O,中毒,24.817047,20.620869
O=C1c2cc(-c3cn[nH]n3)c(-c3ccc(Cl)c(Cl)c3)n2C(c2ccc(Cl)cc2)N1c1cc(Cl)cn(C2CC(O)(CO)C2)c1=O,中毒,19.951618,13.503714
O=C1N(c2cc(Cl)cn(C3CC(O)(CO)C3)c2=O)C(c2ccc(Cl)cc2)c2nc(-c3cn[nH]n3)cn21,中毒,13.0467615,31.16672
O=S1(=O)CCN(c2nc(NC3CCC3)nc3cc(-c4cn[nH]n4)cnc23)CC1,中毒,36.561684,130.27785
O=C1c2cc(-c3cn[nH]n3)[nH]c2C(c2ccc(Cl)cc2)N1c1cc(Cl)cn(C2CC(O)C(O)C2)c1=O,中毒,7.4282966,11.513729
O=C1c2nc(-c3cn[nH]n3)n(-c3ccc(Cl)c(Cl)c3)c2C(c2ccc(Cl)cc2)N1c1cc(Cl)cn(C2CC(O)(CO)C2)c1=O,中毒,23.043425,34.717995
c1ccc2nc(COc3cncc(-c4cc(-c5cn[nH]n5)cc5c4CNCC5)c3)ccc2c1,中毒,4.356474,89.04074
O=C(O)c1cn(C2CC2)c2cc(N3Cc4cc(-c5cn[nH]n5)n(-c5ccc(F)cc5F)c4C3c3ccc(Cl)cc3)c(F)cc2c1=O,中毒,15.763229,14.98376
O=c1c(N2C(c3ccc(Cl)cc3)c3c(cc(-c4cn[nH]n4)n3-c3ccc(Cl)cc3)P2(=O)O)cc(Cl)cn1C1CC(O)(CO)C1,中毒,23.909687,12.110745
O=C1c2cc(-c3cn[nH]n3)n(-c3ccc(Cl)cc3F)c2C(c2ccc(Cl)cc2Br)N1c1cc(Cl)cn(C2CC(O)(CO)C2)c1=O,中毒,15.540574,11.513729
c1cncc(-c2nnc3cc(-c4cn[nH]n4)cnc3c2-c2cn3ccsc3n2)c1,低毒,39.825146,21.265738
Fc1ccc(-n2c(-c3cn[nH]n3)cc3c2C(c2ccc4c(c2)OCN4)SC3c2ccco2)cc1,中毒,13.55587,62.720417
OCC1(O)CC(n2ccc(N3c4cc(-c5cn[nH]n5)n(-c5ccc(F)cc5F)c4C3c3ccc(Cl)cc3)c2)C1,中毒,14.801573,36.82845
O=C1c2cc(-c3cn[nH]n3)cc(c2)C(c2ccn(CC3CC3)c2)N1c1cc(Cl)cn(C2CC(O)C(O)C2)c1=O,中毒,9.378727,9.756463
O=C1c2cc(-c3cn[nH]n3)n(-c3ccc(F)cc3F)c2C(c2ccc(Cl)cc2F)N1c1cc(Cl)cn(C2CC(O)(CO)C2)c1=O,中毒,12.488247,11.513729
O=C1c2cc(-c3cn[nH]n3)n(-c3cc(F)cc(F)c3)c2C(c2ccc(Cl)cc2)N1c1cc(Cl)cn(C2CC(O)C(O)C2)c1=O,中毒,14.882899,11.513729
O=C1c2cc(-c3cn[nH]n3)n(-c3ccc(F)cc3F)c2C(c2ccc(Cl)cc2)N1c1cc(Cl)cn(C2CC(O)C(O)(CO)C2)c1=O,中毒,12.488247,11.513729
O=c1c(N2Cc3cc(-c4cn[nH]n4)n(-c4ccc(F)cc4F)c3C2c2ccc(Cl)cc2)cc(Cl)cn1C1CC(O)(CO)C1O,中毒,15.763229,11.513729
O=c1c(N2Cc3nc(-c4cn[nH]n4)cc(-c4ccc(OCc5ccsc5)cc4)c3C2c2ccc(Cl)cc2)cc(Cl)cn1C1CCC(O)(CO)C1,中毒,15.710358,13.489636
O=C1c2cc(-c3cn[nH]n3)n(-c3cc(F)cc(F)c3F)c2C(c2ccc(Cl)cc2)N1c1cc(Cl)cn(C2CC(O)(CO)C2)c1=O,中毒,12.488247,11.513729
Fc1cccc(C2(CN3CCOCC3)CC2)c1-c1nc(-c2cn[nH]n2)cc2c1CCN(c1ncccc1C(F)(F)F)C2,中毒,14.713893,15.547012
O=c1c(N2Cc3cc(-c4cn[nH]n4)n(-c4ccc(Cl)nc4F)c3C2c2ccc(Cl)cc2F)cc(Cl)cn1C1CC(O)(CO)C1,中毒,15.763229,11.513729
O=C1c2cc(c3cc4nccc(F)c4cc3c2-c2cnsn2)N=CN1c1cn[nH]n1,中毒,21.361614,24.60561
c1sc(-c2nncn2-c2ccc3nonc3c2)cc1-c1cn[nH]n1,低毒,3.913056,15.585342
O=C1c2nc(-c3cn[nH]n3)n(-c3ccc(Cl)cc3)c2C(c2ccc(Cl)cc2Cl)N1c1cc(Cl)cn(C2CC(O)(CO)C2)c1=O,中毒,25.928497,34.717995
O=C1c2cc(-c3cn[nH]n3)n(-c3ccc(Cl)c4ccc(F)cc34)c2C(c2ccc(Cl)cc2)N1c1cc(Cl)cn(C2CC(O)(CO)C2)c1=O,中毒,14.882899,11.513729
O=C1c2cc(-c3cn[nH]n3)c(Br)nc2C(c2ccc(Cl)cc2)N1c1cc(Cl)cn(C2CC(O)(CO)C2)c1=O,中毒,13.216523,12.087409
O=C1c2cc(-c3cn[nH]n3)n(-c3ccc(F)cc3F)c2C(c2cccc(Cl)c2Cl)N1c1cc(Cl)cn(C2CC(O)(CO)C2)c1=O,中毒,12.488247,11.513729
O=c1c(N2C(O)c3cc(-c4cn[nH]n4)cc(-c4ccc(F)cc4)c3C2c2ccc(Cl)cc2)cc(Cl)cn1C1CC(O)C(O)C1,中毒,6.1634517,8.960914
FC(F)(F)c1cc2c(c(C(F)(F)F)c1)C(c1ccc(Br)cc1)c1cc(-c3cn[nH]n3)n(-c3ccc(Cl)cc3)c1-2,中毒,12.137879,14.017816
O=C1c2cc(-c3cn[nH]n3)n(-c3c(Cl)cccc3Cl)c2S(=O)(=O)C(c2ccc(Cl)cc2)N1c1cc(Cl)cn(C2CC(O)(CO)C2)c1=O,中毒,7.1121993,13.466203
Fc1ccc(-c2c3c(cc(Cl)c2Oc2csc(-c4c(Cl)cccc4Cl)c2)-c2c(cc(-c4cn[nH]n4)n2-c2ccc(Cl)cc2)CC3)cc1,中毒,14.029707,17.294733
O=C1NC(=O)C12C(O)C(O)c1cc(-c3cn[nH]n3)n(-c3cccc(Cl)c3)c1C(c1ccc(Cl)cc1)N2C(c1cc(F)cc(F)c1)C1CC1,中毒,26.303608,17.294733
Clc1cc2c(-c3cn[nH]n3)nc3c(-c4ccc(N5CCOCC5)cc4Cl)ccnc3c2cc1Cl,中毒,4.8164525,34.559765
O=C1c2cc(-c3cn[nH]n3)n(-c3ccc(Br)cc3)c2C(c2ccc(Cl)cc2Cl)N1c1cc(Cl)cn(C2CC(O)(CO)C2)c1=O,中毒,15.540574,11.513729
O=C1c2cc(-c3cn[nH]n3)c(-c3ccccn3)nc2C(c2ccc(Cl)cc2)N1c1cc(Cl)cn(C2CC(O)(CO)C2)c1=O,中毒,14.775009,12.110745
O=C1c2cc(-c3cn[nH]n3)n(-c3cc(F)c(F)c(F)c3F)c2C(c2ccc(Cl)cc2F)N1c1cc(Cl)cn(C2CC(O)(CO)C2)c1=O,中毒,12.488247,11.513729
O=C1c2cc(-c3cn[nH]n3)n(-c3cc(F)c4c(c3)OCCO4)c2C(c2ccc(Cl)cc2)N1c1cc(Cl)cn(C2CC(O)(CO)C2)c1=O,中毒,38.99518,11.513729
O=C1c2cc(-c3cn[nH]n3)n(-c3ccncc3)c2C(c2ccc(Cl)ccc2=O)N1c1cc(Cl)cn(C2CC(O)(CO)C2)c1=O,中毒,12.488247,11.513729
O=c1c(N2C[S+]([O-])c3cc(-c4cn[nH]n4)cc(-c4c(Cl)cncc4Cl)c3C2c2ccc(Cl)cc2)cc(Cl)cn1C1CC(O)(CO)C1,中毒,9.983758,9.912456
O=C(O)C1([S+]([O-])Cc2cc(N3Cc4cc(-c5cn[nH]n5)n(-c5ccc(Cl)cc5F)c4C3c3ccc(Cl)cc3)sn2)CC1,中毒,20.18954,17.33289
C1=NC2=NC=C(c3ccc(-c4cn[nH]n4)cc3)C2=C1c1cccc2nc(NC3COC3)cnc12,中毒,35.173668,42.23308
O=C1c2cc(-c3cn[nH]n3)n(-c3ccc(F)cc3)c2C(c2ccc(Cl)cc2)N1c1cc(Cl)cn(C(F)Cl)c1=O,中毒,22.121504,14.710186
O=C1c2cc(-c3cn[nH]n3)c(=O)n(-c3ccc(Cl)nc3Cl)c2C(c2ccc(Cl)cc2)N1c1cc(Cl)cn(C2CC(O)(CO)C2)c1=O,中毒,51.50488,12.110745
NC1c2cc(-c3cn[nH]n3)cc(-c3c(Cl)cccc3Cl)c2C(c2ccc(Cl)cc2)N1c1cc(Cl)cn(C2CC(O)C(O)C2)c1=O,中毒,5.408574,9.576659
O=C1c2cc(-c3cn[nH]n3)n(-c3ccc(Cl)cc3F)c2C(c2ccc(S(=O)(=O)N3CCOCC3)cc2)N1c1ccc(Cl)cc1,中毒,17.272402,21.667473
Fc1ccc(ON2Cc3cc(-c4cn[nH]n4)n(-c4ccc(Cl)cc4)c3C2c2ccc(Cl)cc2F)cc1,中毒,18.412884,18.128628
O=S(=O)(CO)c1c[nH]c2nccc(-c3c(Nc4ccc(C(F)(F)F)c(F)c4)sc4c3SCC(c3cn[nH]n3)C4)c12,中毒,52.52959,13.503714
NC(=O)c1cc(-c2cc(-c3ccc4ncsc4c3)nc3[nH]cc(-c4cn[nH]n4)c23)cc(-c2cncc(Cl)c2)n1,中毒,81.213776,10.524048
O=C1c2cc(-c3cn[nH]n3)nc(-c3c(F)cccc3Cl)c2CC(c2ccc(Cl)cc2)N1c1cc(Cl)cn(C2CC(O)(CO)C2)c1=O,中毒,19.24008,17.379768
O=c1c(N2Cc3cc(-c4cn[nH]n4)cc(-c4c(Cl)ccnc4Cl)c3C2c2ccc(Cl)cc2)cc(Cl)cn1C1CC(O)(CO)C1,中毒,9.036046,9.912456
O=C1c2cc(-c3cn[nH]n3)n(-c3cc(Cl)cc(Cl)c3)c2C(c2ccco2)N1c1cc(Cl)cn(C2CC(O)(CO)C2)c1=O,中毒,12.423064,11.513729
O=C1c2ccc(-c3cn[nH]n3)nc2C(c2cccc(Cl)c2)N1c1cc(Cl)cn(C2CC(O)(CO)C2)c1=O,低毒,11.627486,12.110745
Fc1cc(C2C(c3cn[nH]n3)=C3CCCN3C2c2ccc3nncn3n2)ccc1Cl,中毒,7.9853835,23.439259
O=C1c2nc(-c3cn[nH]n3)n(-c3ccc(F)cc3F)c2C(c2ccc(F)cc2)N1c1cc(Cl)cn(C2CC(O)(CO)C2)c1=O,中毒,24.818281,34.717995
O=C1c2cc(-c3cn[nH]n3)n(-c3ccc(Cl)cc3F)c2C(c2ccc(Br)cc2)N1c1cc(Cl)cn(C2CC(O)C(O)C2)c1=O,中毒,12.488247,11.513729
O=C1c2nn(-c3cn[nH]n3)c(-c3cc(Cl)cc(Cl)c3)c2C(c2cccc(Cl)c2)N1c1cc(Cl)cn(C2CC(O)(CO)C2)c1=O,中毒,5.6417933,33.378986
Clc1ccc(N2c3cnc(-c4cn[nH]n4)cc3C2c2ccnc3[nH]c(-c4cnc5cn[nH]c5c4)c(-c4ccoc4)c23)cc1Cl,中毒,29.102097,13.889698
O=C1c2nc(-c3cn[nH]n3)c(Br)c(-c3ccc(Cl)cc3)c2C(c2ccc(Cl)cc2)N1c1cc(Cl)cn(C2CC(O)(CO)C2)c1=O,中毒,37.24519,12.110745
S=C(Nc1ccc(N2CCOCC2)cc1)Nc1ccc2c(c1)oc1cc(-c3ccncn3)c(-c3cn[nH]n3)cc12,中毒,20.299917,109.04093
O=C1NC(c2cc3cc(-c4cn[nH]n4)cnc3[nH]2)c2cc(Cl)ccc2C(=O)N1c1ccc(Cl)cc1,中毒,16.27179,17.135908
O=C1N=C2N(C1=O)c1cc(-c3cn[nH]n3)nn1C(c1ccc(Cl)cc1)N2c1cc(Cl)cn(C2CC(O)(CO)C2)c1=O,中毒,29.750935,12.110745
O=c1c(N2Cc3cc(-c4cn[nH]n4)n(-c4ccc(Cl)cc4)c3C2c2ccc(Cl)cc2)cc(Cl)cn1C1CC(O)(CO)C1,中毒,19.24008,11.513729
O=c1c(N2C(O)c3cc(-c4cn[nH]n4)n(-c4ccc(F)cc4F)c3C2c2ccc(Cl)cc2)cc(Cl)cn1C1CC(O)(CO)C1,中毒,26.991571,12.110745
O=C1c2nc(-c3cn[nH]n3)n(-c3ccc(Cl)cc3)c2C(c2ccc(Cl)cc2)N1c1cc(Cl)cn(C2CC(O)(CO)C2O)c1=O,中毒,23.043425,34.717995
O=C1c2cc(-c3cn[nH]n3)n(-c3ccc(Cl)c(Cl)c3F)c2C(c2ccc(Cl)cc2)N1c1cc(Cl)cn(C2CC(O)(CO)C2)c1=O,中毒,12.488247,11.513729
O=C1c2cc(-c3cn[nH]n3)n(-c3cccc(F)c3F)c2C(c2ccc(Cl)cc2)N1c1cc(Cl)cn(C2CC(O)(CO)C2)c1=O,中毒,12.488247,11.513729
O=C1c2nc(-c3cn[nH]n3)n(C3CC3)c2C(c2ccc(Cl)cc2)N1c1cc(Cl)cn(C2CC(O)CO2)c1=O,中毒,58.218452,14.418226
Fc1ccc(Cn2cc(-c3cc(-c4cc(-c5cn[nH]n5)cc5c4-c4ccsc4CC5)cs3)nn2)cc1F,中毒,5.340483,18.607738
O=S1(=O)Cc2cc(I)c(Nc3cn[nH]n3)cc2-c2cc(N3CCNC34Cc3ccccc3C4)c(Cl)cc21,中毒,7.9154005,16.521896
O=C1c2cc(-c3cn[nH]n3)c(-c3ccc(Cl)cc3)nc2C(c2cccc(Cl)c2)N1c1cc(Cl)cn(C2CC(O)(CO)C2)c1=O,中毒,13.216523,12.087409
FC(F)(F)Oc1ccc(-c2csc(-c3nc(-c4cn[nH]n4)cs3)n2)cc1,低毒,84.45614,20.372877
O=C1N(c2cc(Cl)cn(C3CC(O)(CO)C3)c2=O)C(c2ccc(Cl)cc2)c2c(-c3c(Cl)cccc3Cl)c(-c3cn[nH]n3)cn21,中毒,9.342797,16.230408
Clc1cc(-c2cc3c(-c4cn[nH]n4)cc4c(c3cn2)CN(C2CCOC2)C4)ccc1OCCOCc1cccnc1,中毒,4.379282,108.9031
O=C(O)c1cn(-c2ccc(Cl)cc2F)c2cc(-n3c(-c4cn[nH]n4)cc4c3C(c3ccc5c(c3)OCO5)C4)c(F)cc2c1=O,中毒,20.18954,17.408861
O=C1C2CCC(N3C(=O)c4cc(-c5cn[nH]n5)n(-c5ccc(Cl)cc5F)c4C3c3ccc(Cl)cc3)=CC(Cl)=CN12,中毒,15.856074,23.390354
O=C1c2cc(-c3cn[nH]n3)n(-c3ccc(Cl)cc3Cl)c2C(c2ccc(C(F)(F)F)cc2)N1c1cc(Cl)cn(C2CC(O)(CO)C2)c1=O,中毒,18.205946,11.513729
CC12C=CC(=O)C=C1C=CC1CCC3C(CCC45CC4(C#N)C4(CCC(c6cn[nH]n6)CC4)OO5)C3(C)CCC12,微毒,18.339462,82.01316
c1ncc(-c2cc3c(cc2-c2cn[nH]n2)C(c2ccsc2)CCCO3)cn1,中毒,20.82735,30.493114
O=C1c2nc(-c3cn[nH]n3)nc(-c3cc(Cl)ccc3OC(F)(F)F)c2C(c2ccc(Cl)c(Cl)c2)N1c1cc(Cl)cn(C2CC(O)(CO)C2)c1=O,中毒,27.185892,13.466203
O=C1c2cc(-c3cn[nH]n3)n(-c3ccc(F)cc3F)c2C(c2ccc(Cl)c(F)c2)N1c1cc(Cl)cn(C2CC(O)C(O)(CO)C2)c1=O,中毒,12.488247,11.513729
O=C1c2nc(-c3cn[nH]n3)n(-c3ccc(F)c(Cl)c3)c2C(c2ccc(Cl)cc2)N1c1cc(Cl)cn(C2CC(O)(CO)C2)c1=O,中毒,23.043425,34.717995
O=C1c2cc(-c3cn[nH]n3)n(-c3cc(F)c(Cl)cc3F)c2C(c2c(Cl)cccc2Cl)N1c1cc(Cl)cn(C2CC(O)C(O)C2)c1=O,中毒,12.488247,11.513729
O=C1c2cc(-c3cn[nH]n3)n(-c3cccnc3Cl)c2C(c2ccc(Cl)cc2)N1c1cc(Cl)cn(C2CC(O)(CO)C2)c1=O,中毒,18.205946,11.513729
Oc1c(-c2c(Cl)cncc2Cl)c(-c2cn[nH]n2)nc2c(-c3cccc(Cl)c3)nsc12,中毒,53.108982,35.813026
FC(F)(F)Oc1ccc(-c2nc(N3CCC(Oc4ccncc4)CC3)c3sc4nc(-c5cn[nH]n5)ccc4c3n2)cc1,中毒,13.94754,20.218866
Oc1c2c3c(c4cccnc14)C1=CC=CC=C3C(C1)c1cc(-c3cn[nH]n3)n(-c3ccc(Cl)cc3Cl)c1S2,中毒,34.63742,37.49479
O=C1NC=C2OC3(C=C(c4cn[nH]n4)C=C12)CCc1cccnc1-c1cc(Cl)c(OCCC(F)(F)F)cc13,中毒,34.499645,44.8436
O=C1c2cc(-c3cn[nH]n3)n(-c3ccc(Cl)c(Cl)c3)c2C(c2cccnc2)N1c1cc(Cl)cn(C2CC(O)C(O)C2)c1=O,中毒,14.882899,11.513729
O=c1c(N2Cc3cc(-c4cn[nH]n4)c(=O)n(-c4ccc(Oc5ccccc5)cc4)c3C2c2ccc(Cl)cc2)cc(Cl)cn1C1CC(O)C(O)(CCO)C1,中毒,42.251274,12.110745
O=c1c(N2Cc3nc(-c4cn[nH]n4)cc(-c4ccc(Oc5ccc6c(c5)OCO6)cc4)c3C2c2ccc(Cl)cc2)cc(Cl)cn1C1CC(O)(CO)C1,中毒,27.28717,13.489636
Brc1snc(-c2cn[nH]n2)c1CN1CCSc2cc[nH]c2C1,中毒,36.561726,36.698334
OC(c1cnc(Cl)c(-c2n[nH]c3ncnc(N4Cc5cc(-c6cn[nH]n6)sc5C4)c23)c1)c1c(F)cccc1F,中毒,16.413101,24.275974
Clc1ccc(C2c3c(cc(-c4cn[nH]n4)n3-c3ccc(Cl)cc3Cl)C3=C(C(c4ccc(C5CC5)nc4)Oc4ccccc43)N2c2cc(Cl)cc(Cl)c2)cc1,中毒,28.345415,14.911535
O=C1c2cc(-c3cn[nH]n3)[nH]c2C(c2ccc(Cl)cc2)N1c1cc(Cl)cn(C2CC(F)(F)C2)c1=O,中毒,10.031834,14.026334
O=C1c2cc(-c3cn[nH]n3)n(-c3cc(Cl)ccc3F)c2C(c2ccc(Cl)cc2)N1c1cc(Cl)cn(C2CC(O)(CO)C2)c1=O,中毒,12.488247,11.513729
c1nc(CNCc2c[nH]nc2C2CC2)n2cc(-c3cn[nH]n3)cc2n1,低毒,12.124739,14.433736
O=C1c2cc(-c3cn[nH]n3)nc(-c3cc(F)ccc3F)c2C(c2ccc(Cl)cc2)N1c1cc(Cl)cn(C2CC(O)(CO)C2)c1=O,中毒,7.4282966,12.110745
O=C1c2cc(-c3cn[nH]n3)n(-c3c(Cl)cc(Cl)cc3Cl)c2C(c2ccc(Cl)cc2)N1c1cc(Cl)cn(C2CC(O)C(O)C2)c1=O,中毒,18.205946,11.513729
Fc1cc(Cl)ccc1-n1c(-c2cn[nH]n2)cc2c1C(c1ccc(Cl)cc1)N(c1cc3c(s1)C3)C(c1ccc(Cl)cc1)C2c1ccc(Cl)cc1,中毒,32.733707,20.876442
O=C1c2cc(-c3cn[nH]n3)n(-c3ccc(Cl)cc3F)c2C(c2ccc(Cl)cc2)N1C1=CC(Cl)=CN2C(=N1)C2CC(O)(CO)C1(CO)CC1O,中毒,9.915265,21.28903
OCC1OCCOc2ccc(-c3cc(-c4cn[nH]n4)cc4c3C(c3ccc5c(c3)OCO5)C4(F)F)nc21,中毒,41.52934,14.547106
O=C1c2cc(-c3cn[nH]n3)n(-c3ccc(Cl)cc3)c2C(c2ccc(Cl)cc2)N1c1cc(Cl)cn(C2CC(F)(F)C2)c1=O,中毒,22.035963,14.026334
O=C1c2cc(-c3cn[nH]n3)c(-c3cc(Cl)c(Cl)cc3Cl)n2C(c2ccc(Cl)cc2)N1c1cc(Cl)cn(C2CC(O)(CO)C2)c1=O,中毒,19.951618,13.503714
O=C1c2nc(-c3cn[nH]n3)sc2C(c2ccc(Cl)cc2)N1c1cc(Cl)cn(C2CC(O)C(O)C2)c1=O,中毒,59.929935,28.20462
O=C1c2cc(-c3cn[nH]n3)n(-c3ccc4c(c3)OCCO4)c2C(c2ccc(Cl)cc2)N1c1cc(Cl)cn(C2CC(O)C(O)C2)c1=O,中毒,38.99518,11.513729
O=C(OC1(CO)C(O)C(O)C1O)C1C2=NC(N3Cc4cc(-c5cn[nH]n5)n(-c5ccc(Cl)cc5)c4C3c3ccc(Cl)cc3)=CC(Cl)=CN21,中毒,9.915265,18.807123
Fc1cc2nccc(OCc3cc(F)c(F)c(F)c3)c2nc1-c1ccc2oc(-c3cn[nH]n3)cc2c1,中毒,19.610954,11.398406
Cn1cc(N2C(=O)c3cc(-c4cn[nH]n4)n(-c4ccc(Cl)cc4)c3C2c2ccc(I)cc2)cc(Br)c1=O,中毒,22.121504,17.35497
Fc1cc2[nH]nc(-c3cc(N4C5CCC4OC5)c4cc(-c5cn[nH]n5)ccc4n3)c2cc1-c1cccnc1,中毒,25.523521,64.22769
O=C1c2cc(-c3cn[nH]n3)n(-c3ccc(F)cc3)c2C(c2ccc(NCc3cccnc3)cc2)N1c1cc(Cl)cn(C2CC(O)(CO)C2)c1=O,中毒,14.882899,11.513729
O=C1c2cc(-c3cn[nH]n3)n(-c3ccc(Cl)c(F)c3)c2C(c2ccc(Cl)cc2)N1c1cc(Cl)cn(C2CC(O)(CO)C2O)c1=O,中毒,14.882899,11.513729
O=C1c2cc(-c3cn[nH]n3)n(-c3ccc(Br)cc3)c2C(c2ccc(Cl)cc2)N1c1cc(Cl)cn(C2CC(O)(CO)C2O)c1=O,中毒,18.205946,11.513729
O=S1(=O)CCC2=CN=c3c(-c4ccnc(F)c4)ncnc3=CC3=CC(c4cn[nH]n4)=CC3=C2C1,中毒,28.853256,25.554478
O=C1c2cc(-c3cn[nH]n3)n(-c3ccc(F)cc3F)c2C(c2ccc(Cl)cc2Cl)N1c1cc(Cl)cn(C2CC(O)(CO)C2)c1=O,中毒,15.540574,11.513729
Clc1ccc(C(c2cccnc2)N2CCc3sc(-c4cn[nH]n4)nc3C2)cc1,中毒,40.939785,13.053123
O=c1c(N2Cc3cc(-c4cn[nH]n4)cc(-c4c(Cl)cccc4Cl)c3C2c2c(Cl)cccc2Cl)cc(Cl)cn1C1CC(O)(CO)C1,中毒,8.459931,9.912456
O=S1(=O)c2cc(-c3ccc(F)c(Cl)c3)c(-c3ccc(F)cc3F)cc2CCc2cc(-c3cn[nH]n3)n(-c3ccc(Cl)cc3)c21,中毒,32.421547,24.828352
O=c1c(N2Cc3cc(-c4cn[nH]n4)cc(-c4c(F)cccc4F)c3C2c2ccc(Cl)cc2)cc(Cl)cn1C1CC(O)(CO)C1,中毒,6.3808517,8.960914
Oc1cc2c3cc(I)c(OCC4CN(c5ncccn5)CC4c4ccc(F)cc4)cc3c3cc(-c4cn[nH]n4)n(-c4ccc(F)cc4)c3c2cc1Br,中毒,10.335525,9.127256
O=C1c2cc(-c3cn[nH]n3)cc(-c3ccncc3F)c2C(c2ccc(Cl)cc2)C(c2ccc(Cl)cc2)N1c1cc(Cl)cn(C2CC(O)(CO)C2)c1=O,中毒,22.081963,18.239529
O=C1c2nc(-c3cn[nH]n3)n(-c3cc(Cl)cc(Cl)c3)c2C(c2ccc(Cl)cc2)N1c1cc(Cl)cn(C2CC(O)(CO)C2)c1=O,中毒,23.043425,34.717995
O=C1c2c(nc3cc(Cl)ccc3c2-c2cn[nH]n2)C(c2ccc(Cl)cc2)N1c1cc(Cl)cn(C2CC(O)(CO)C2)c1=O,中毒,26.553892,12.110745
O=C1c2cc(-c3cn[nH]n3)nc(-c3cc(Cl)ccc3F)c2C(c2ccc(Cl)cc2)N1c1cc(Cl)cn(C2CC(O)(CO)C2)c1=O,中毒,7.4282966,12.110745
OC1=C2C(c3ccc4c(c3)OCO4)c3c(cc(-c4cn[nH]n4)cc3-c3c(Cl)cccc3Cl)CC2C(O)C(Cc2nc[nH]n2)O1,中毒,23.79914,13.341731
O=c1c(N2C(O)c3cc(-c4cn[nH]n4)cc(-c4cn(C5CC5)nn4)c3C2c2ccc(Cl)cc2F)cc(Cl)cn1C1CC(O)(CO)C1,中毒,12.808037,8.519041
O=C(O)c1ccsc1C1SCc2cc3c(cc2N1c1ccc(Cl)cc1)-c1cc(-c2cn[nH]n2)sc1C(c1ccc(Cl)cc1)O3,中毒,17.480696,33.522285
O=C1c2nc(-c3cn[nH]n3)c(-c3ccc(Cl)cc3Cl)n2C(=S)N1c1cc(Cl)cn(C2CC(O)C(O)C2O)c1=O,中毒,21.283024,37.998558
O=C1CC(N2C(=O)c3cc(-c4cn[nH]n4)n(-c4ccc(Cl)cc4F)c3C2c2ccc(Cl)cc2)=CN1c1cccnc1,中毒,25.896519,18.28731
Fc1ccc(-n2c(-c3cn[nH]n3)cc3c2-c2cc(C(F)(F)F)c(Oc4cncnc4)cc2-3)c(F)c1,中毒,15.095212,19.356245
O=C(O)c1cn(CC2CCN(CC(F)(F)F)CC2)c2cc(-c3cn[nH]n3)c(F)cc2c1=O,中毒,13.554535,17.541855
Clc1ccc(-c2c(-c3cn[nH]n3)nc3n2C(c2ccc(Cl)cc2)N(I)N3)cc1,中毒,15.656386,15.842805
O=C1c2cc(-c3cn[nH]n3)n(-c3ccc(F)cc3)c2C(c2cccc(Cl)c2)N1c1cc(Cl)cn(C2CC(O)(CO)C2)c1=O,中毒,14.882899,11.513729
Clc1ccc(C2c3c4cc(-c5cn[nH]n5)n3c(c3ccc(Cl)cc3nc3ccccc34)N2c2cc(Cl)cc(Cl)c2)cc1,中毒,44.875458,19.641558
Clc1c2c(nn1-c1ccccc1)CCc1ccc(COCn3cc(Br)c4cnc(-c5cn[nH]n5)cc43)nc1-2,中毒,54.407215,46.824856
O=C1OC(O)(CO)CC1Cn1cc(CN2CCCC(n3cc(-c4cn[nH]n4)c(=O)[nH]c3=O)CC2)nn1,低毒,14.504375,34.7625
Clc1cc2c(cn1)OCCN2CC1Cc2nc(-c3cn[nH]n3)sc2C1,中毒,17.399588,15.756775
O=C1c2cc(-c3cn[nH]n3)n(-c3ccc(F)cc3F)c2C(c2ccc(Cl)cc2)N1c1cc(Cl)cn(C2CC(O)(CO)C2)c1=S,中毒,12.488247,41.67566
Fc1ccc(C2ON=C=C(c3cn[nH]n3)C2c2ccc(Cl)cc2)cc1,微毒,14.468234,21.279903
O=C1c2cc(-c3cn[nH]n3)n(-c3ncc(Cl)c(Cl)c3Cl)c2C(c2ccc(Cl)cc2)N1c1cc(Cl)cn(C2CC(O)(CO)C2)c1=O,中毒,18.205946,11.513729
O=c1c(N2C(O)c3cc(-c4cn[nH]n4)cc(-c4c[nH]c5ccccc45)c3C2c2ccc(Cl)cc2)cc(Cl)cn1C1CC(O)(CO)C1,中毒,9.954332,9.719319
O=C1c2cc(-c3cn[nH]n3)cn2C(c2ccc(Cl)cc2)N1c1cc(Cl)cn(C2CC(O)(CO)C2)c1=O,中毒,29.989872,28.945686
O=C1c2cc(-c3cn[nH]n3)c(-c3cc(Cl)cc(Cl)c3)n2C(c2ccc(Cl)cc2)N1c1cc(Cl)cn(C2CC(O)(CO)C2)c1=O,中毒,19.951618,13.503714
Fc1ccc(-n2c(-c3cn[nH]n3)cc3c2C(c2ccc(Cl)cc2)N(c2csc(Cl)c2)C3)c(F)c1,中毒,26.889551,23.107658
Fc1ccc(-c2cc(-c3c(Cl)cccc3Cl)c3c(c2)-c2c(cc(-c4cn[nH]n4)cc2-c2cccnc2)C3)c(F)c1,中毒,69.13818,36.36497
O=c1c2cc(-c3cn[nH]n3)cnc2cnn1-c1ccc(N2CCNCC2)cc1,低毒,6.3030987,51.85351
O=C1c2cc(-c3cn[nH]n3)n(-c3cc(Cl)ccc3F)c2C(c2ccc(Cl)cc2)N1c1cc(Cl)cn(C2CC(O)C(O)C2)c1=O,中毒,12.488247,11.513729
FCCOc1cc2c(cc1Br)Cc1c-2cc(-c2cn[nH]n2)cc1-c1nccn1C1CC(Oc2ncnc3cc(F)ccc23)C1,中毒,36.74219,33.085762
Fc1occc1-c1nc(-c2cn[nH]n2)c2c(F)nccc2n1,中毒,26.565163,11.528475
O=S1(=O)Cc2cc(-c3cn[nH]n3)cc(-c3c(Cl)cccc3Cl)c2CC(c2ccc(Cl)cc2Cl)N1,低毒,31.598438,71.98514
NC1c2cc(-c3cn[nH]n3)n(-c3cc(Cl)cc(Cl)c3)c2C(c2ccc(Cl)cc2)N1c1cc(Cl)cn(C2CC(F)(F)C2)c1=O,中毒,17.475342,13.507514
O=C1c2cc(-c3cn[nH]n3)c(-c3ccc(Cl)cc3)nc2C(c2ccc(Cl)cc2)N1c1cc(Cl)cn(C2CC(O)(CO)C2)c1=O,中毒,13.216523,12.087409
O=C1c2cc(-c3cn[nH]n3)n(-c3ccc(Cl)cc3F)c2C(Nc2ccsc2)C(c2ccc(Cl)cc2)N1c1cc(Cl)cn(C2CC(O)(CO)C2)c1=O,中毒,51.50488,13.503714
OC1CCC23C=NC=CC4=C(C2)C(=C2C4=CC(c4cn[nH]n4)=C2C1)CC3,高毒,36.28441,20.29317
O=C1c2cc(-c3cn[nH]n3)n(-c3ccc(Cl)cc3)c2C(c2ccc(Cl)cc2P(=O)(O)O)N1c1cc(Cl)cn(C2CC(O)(CO)C2)c1=O,中毒,15.540574,11.513729
Fc1cc(Cl)ccc1-n1c(-c2cn[nH]n2)cc2c1-c1c(F)c(F)c(F)c(F)c1C2c1ccc(Cl)cc1,中毒,68.50843,41.420925
O=C1c2cc(-c3cn[nH]n3)n(-c3ccc(Br)cc3)c2C(c2ccc(Cl)cc2)N1c1cc(Cl)cn(C2CC2)c1=O,中毒,22.035963,14.026334
O=C1c2[nH]c3ncc(-c4cn[nH]n4)cc3c2N(c2ccc(F)cc2)C(c2cccc(Cl)c2)N1c1cc(Cl)cn(CC2CC2)c1=O,中毒,18.617636,14.3937645
c1cc2nonc2cc1-c1cc2c(cc1-c1cn[nH]n1)CSC2,低毒,21.526604,41.38471
O=C1N(c2cc(Cl)cn(C3CC(O)(CO)C3)c2=O)C(c2ccc(Cl)cc2)c2cccc3c(-c4cn[nH]n4)nn1c23,中毒,10.328205,13.466203
O=C1c2cc(-c3cn[nH]n3)n(-c3ccc(F)cc3)c2CC(c2cccnc2Cl)N1c1cc(Cl)cn(C2CC(O)(CO)C2)c1=O,中毒,51.50488,13.503714
Brc1cccc(C2CC2Nc2cc(C3=C4C=C(c5cn[nH]n5)C=C4C3)ncn2)c1,中毒,5.03058,17.897923
Fc1ccc(NC2=C(Cl)c3sc(-c4cn[nH]n4)cc3N=[N+]3CCCCCN23)cc1,中毒,42.66232,24.39648
O=c1cc2ccc(-c3cn[nH]n3)cc2cn1CCCOc1ccnc2cc(OS(=O)(=O)c3ccnnc3)ccc12,中毒,5.469227,17.756727
Clc1ccccc1Cn1c2cc(-c3cn[nH]n3)cnc2c2c(Cl)c(Cl)ccc21,中毒,5.4820914,265.42487
Nc1c(-c2cn[nH]n2)cnc2ccc(-c3cc(F)c(O)c(Cl)c3)cc12,中毒,6.7606244,46.893463
O=C1c2cc(-c3cn[nH]n3)n(-c3ccc(Cl)cc3F)c2C(c2cccc(F)c2F)N1c1cc(Cl)cn(C2CC(O)(CO)C2)c1=O,中毒,12.488247,11.513729
O=c1c(N2Cc3cc(-c4cn[nH]n4)n(-c4ccc(C(F)(F)F)cc4)c3C2c2ccc(Cl)cc2)cc(Cl)cn1C1CC(O)(CO)C1,中毒,19.24008,11.513729
O=C1c2cc(-c3cn[nH]n3)n(-c3ccc(OCC4CC4)c(F)c3)c2C(c2ccc(Cl)cc2)N1c1cc(Cl)cn(C2CC2)c1=O,中毒,43.942547,11.513729
Clc1cc2c(cc1Sc1nccc(N3CCOCC3)c1Cl)CCc1cc(-c3cn[nH]n3)ncc1-2,中毒,35.05373,12.270501
O=C1c2cc(-c3cn[nH]n3)n(-c3ccc(Cl)cc3)c2C(c2ccc(Cl)cc2)N1c1cc(Cl)c(=O)n(C2CC2)c1,中毒,22.121504,15.904917
O=C1c2nc(-c3cn[nH]n3)c(-c3ccc(F)cc3F)n2N1c1cc(Cl)cn(C2CC(O)(CO)C2)c1=O,中毒,13.346145,13.16881
O=c1c2c(Cl)nc(-c3c(Cl)cccc3Cl)cc2nc(N2CCCC2C(O)(CO)c2ccc(OCC(F)(F)F)cc2)n1-c1cn[nH]n1,中毒,8.681752,18.321918
O=C(Nc1ccc(-c2c(-c3cn[nH]n3)noc2-c2cc(F)c(O)c(Cl)c2)cc1)N1CCOCC1,中毒,9.359747,13.693382
O=C1c2cc(-c3cn[nH]n3)n(-c3cc(Cl)cc(Cl)c3F)c2C(c2ccc(Cl)cc2)N1c1cc(Cl)cn(C2CC(O)(CO)C2)c1=O,中毒,12.488247,11.513729
O=C1c2cc(-c3cn[nH]n3)n(-c3cc(Cl)cc(Cl)c3F)c2C(c2ccc(Cl)cc2)N1c1cc(Cl)cn(Cl)c1=O,中毒,17.272402,14.026334
O=C1c2cc(-c3cn[nH]n3)c(-c3ccnc(Cl)c3F)n2C(c2ccc(Cl)cc2)N1c1cc(Cl)cn(C2CC(O)(CO)C2)c1=O,中毒,32.68572,13.503714
Fc1cc(Br)ccc1-n1c(-c2cn[nH]n2)cc2c1C(c1ccc(Cl)cc1)N(c1ccsc1)C1OCOc3cc1ccc3-2,中毒,32.733707,11.513729
Fc1ccc(C2(c3c(F)cccc3F)Cc3nc(-c4cn[nH]n4)sc3CN2)c(F)c1,中毒,23.248491,54.844955
Clc1ccc(C2c3nc(-c4cn[nH]n4)sc3CCN2c2cc[nH]n2)cc1Cl,中毒,68.26613,28.483278
O=C1c2nc(-c3cn[nH]n3)nc(-c3ccc(F)c(Cl)c3)c2C(c2ccc(Cl)cc2)N1c1cc(Cl)cn(C2CC(O)(CO)C2)c1=O,中毒,16.880064,13.466203
O=C1c2nc(-c3cn[nH]n3)sc2C(c2ccoc2)N1c1cc(Cl)cn(C2CC(O)(CO)C2)c1=O,中毒,59.929935,34.347027
O=C1c2cc(-c3cn[nH]n3)c(-c3ccc(F)c(Cl)c3)n2C(c2csc(Br)c2F)N1c1cc(Cl)cn(C2CC(O)(CO)C2)c1=O,中毒,17.857702,13.466203
O=C1c2cc(-c3cn[nH]n3)n(-c3ccc(Cl)cc3)c2C(c2ccc(Cl)cc2Cl)N1c1cc(Cl)cn(C2CC(O)C(O)C2)c1=O,中毒,15.540574,11.513729
O=c1c(N2Cc3cc(-c4cn[nH]n4)cc(-c4ccncc4)c3C2c2ccc(Cl)cc2)cc(Cl)cn1C1CC(O)(CO)C1,中毒,9.036046,9.912456
O=C1c2nc(-c3cn[nH]n3)n(-c3ccc(F)cc3F)c2C(c2ccc(Cl)cc2F)N1c1cc(Cl)cn(C2CC(O)(CO)C2)c1=O,中毒,24.818281,34.717995
O=C1c2cc(-c3cn[nH]n3)n(-c3cc(F)c(F)c(Cl)c3F)c2C(c2ccc(Cl)cc2)N1c1cc(Cl)cn(C2CC(O)C(O)C2)c1=O,中毒,12.488247,11.513729
O=C1c2nc(-c3cn[nH]n3)c(F)c(Br)c2-c2cc(Cl)c(OC(F)(F)F)cc2C(c2ccc(Cl)cc2)N1c1cc(Cl)cn(C2CC(O)(CO)C2)c1=O,中毒,41.467842,13.489636
Clc1cnnc(N2C(c3cccnc3)c3c(cc(-c4cn[nH]n4)n3-c3ccc(Cl)cc3Cl)C2N2CCOCC2)c1,中毒,17.475342,16.854969
O=c1c(N2Cc3nc(-c4cn[nH]n4)nc(-c4ccsc4)c3C2c2cccs2)cc(Cl)cn1C1CC(O)C(O)C1,中毒,13.988135,13.503714
O=C1C2CC(Cl)(Cl)c3cc(-c4cn[nH]n4)n(-c4ccc(F)cc4F)c3C(c3ccnc(Cl)c3)N1c1cc(Cl)cn2c1=O,中毒,17.308577,14.3937645
O=C1c2nc(-c3cn[nH]n3)nc(Sc3cccc(Cl)c3)c2C(c2ccc(Cl)cc2)N1c1cc(Cl)cn(C2CC(O)(CO)C2)c1=O,低毒,26.303608,13.466203
O=C1C2CCc3cc(-c4cn[nH]n4)n(-c4cc(Cl)cc(Cl)c4)c3C(c3ccc(Cl)cc3)N1c1cc(Cl)cn2c1=O,中毒,28.622856,14.3937645
O=P(O)(CC1(n2cnc3c(Cl)ncnc32)CC1O)Oc1cc(F)c(-c2cn[nH]n2)cn1,中毒,10.381455,18.205706
Ic1cccc2c(CCn3cc(-c4cn[nH]n4)nn3)cn(-c3ccc4ccccc4c3)c12,中毒,15.124676,24.051268
Clc1cncc(-c2nccc(-c3cc(-c4cn[nH]n4)cc4c3C3=C(CCN(C5CCN(C6CCCC6)C5)C3)C4)n2)c1,中毒,21.226933,23.957882
O=c1[nH]ccnc1OC1CCCN(Cc2cnn(-c3cn[nH]n3)c2)CC1,低毒,72.117546,83.83246
O=C1c2cc(-c3cn[nH]n3)n(-c3ccc(Cl)cc3F)c2C(c2ccsc2)N1c1cc(Cl)cn(C2CC(O)(CO)C2)c1=O,中毒,12.488247,11.513729
FC1=c2cnn(nc3c(c4cc(Cl)cc(F)c24)=Nc2c-3cc(-c3cn[nH]c3)c(-c3ncc(F)cn3)c2OC2CC2)C=C1c1cn[nH]n1,中毒,34.63742,21.907202
O=C1c2nn(-c3cn[nH]n3)c(-c3ccc(F)cc3F)c2C(c2ccc(Cl)cc2)N1c1cc(Cl)cn(C2CC(O)(CO)C2)c1=O,中毒,5.6417933,14.418226
O=c1c(N2Cc3cc(-c4cn[nH]n4)cc(-c4c(Cl)cccc4Cl)c3C(c3ccc(Cl)cc3)C2c2ccc(Cl)cc2)cc(Cl)cn1C1CC(O)(CO)C1,中毒,22.081963,18.206211
O=C1c2cc(-c3cn[nH]n3)n(-c3ccc(Cl)cc3F)c2C(c2ccc(Cl)cc2Cl)N1c1cc(Cl)cn(C2CC2)c1=O,中毒,17.475342,14.026334
OCC1CN(c2nc(Nc3ccc(-c4ccc5nsnc5c4)c(F)c3)cc(-c3cn[nH]n3)n2)CCO1,中毒,13.659937,18.766819
Brc1cc2oc(-c3cn[nH]n3)cc2c(Br)c1Br,高毒,23.206003,49.67953
O=C1c2nc(-c3cn[nH]n3)n(-c3ccc(F)cc3)c2C(c2ccc(Cl)cc2)N1c1cc(Cl)cn(C2CC(O)(CO)C2)c1=O,中毒,23.043425,34.717995
O=C1c2nc(-c3cn[nH]n3)cc(-c3cc(F)cc(OC4CC4)c3)c2C(c2ccc(Cl)cc2)N1c1cc(Cl)cn(C2CC(O)(CO)C2)c1=O,中毒,37.24519,12.110745
O=C1c2cc(-c3cn[nH]n3)c(-c3ccc(Cl)cc3Br)n2C(c2ccc(Cl)cc2)N1c1cc(Cl)cn(C2CC(O)(CO)C2)c1=O,中毒,19.951618,13.503714
O=C(c1cc(F)ccc1F)N1CCN(c2ccc(-n3ccc(-c4c[nH]c5ncc(-c6cn[nH]n6)cc5c4=O)n3)cc2)CC1,中毒,5.5683002,13.084992
O=C1c2cc(-c3cn[nH]n3)n(-c3ccc(Cl)cc3F)c2C(c2ccc(Cl)cc2)N1c1cc(Cl)cc(Cl)c1,中毒,17.272402,23.107658
O=C1c2cc(-c3cn[nH]n3)n(-c3ccc(Cl)cc3)c2C(c2cccnc2)N1c1cc(Cl)cn(C2CC(O)(CO)C2)c1=O,中毒,14.882899,11.513729
O=C1c2cc(-c3cn[nH]n3)oc2C(c2ccc(Cl)cc2)N1c1cc(Cl)cn(C2CC(O)(CO)C2)c1=O,中毒,13.3429985,20.735756
Fc1cc(-c2nc(N3C4CCC3OC4)nc3c2CC(c2cn[nH]n2)N3)ccc1C1CC1,中毒,22.949984,61.582012
O=c1[nH]nc(-c2ccc(Cl)cc2Cl)c2c1-c1cc(-c3cn[nH]n3)cc(-c3c(Cl)cccc3Cl)c1C2,低毒,3.262109,72.37483
O=C1c2cc(-c3cn[nH]n3)n(-c3ccc(Cl)cc3F)c2C(c2ccc(Cl)cc2)N1c1cc(Cl)cn(C2CC2)c1=O,中毒,17.272402,14.026334
Fc1cc(Cl)ccc1-n1c(-c2cn[nH]n2)cc2c3ccc(Cl)cc3cc(-c3ccc(Cl)cc3)c21,中毒,11.231853,45.46939
O=C1c2cc(-c3cn[nH]n3)c(-c3cccnc3)cc2N1c1cc(Cl)cn(C2CC(O)(CO)C2)c1=O,中毒,24.96927,11.733231
O=S1(=O)Cc2ncnc(N3CC4CC4C3F)c3c(-c4cn[nH]n4)cc-3c2C1,中毒,8.6862135,24.045994
O=C1c2cc(-c3cn[nH]n3)n(-c3ccc(F)cc3)c2C(c2cc(Cl)cc(Cl)c2)N1c1cc(Cl)cn(C2CC(O)C(O)C2O)c1=O,中毒,14.882899,11.513729
O=C1CCC2=C1C(=O)C1(CF)CC3(Cc4[nH]c5ncc(-c6cn[nH]n6)cc5c43)N=C1NC(=S)N2c1ccc(Cl)cc1,中毒,17.302082,43.812977
Fc1ccccc1C1c2nc(-c3cn[nH]n3)sc2C2(Oc3ccc(Cl)cc3)c3cc(Cl)ccc3C1NC2c1ccc(Cl)cc1,中毒,47.20036,33.968105
O=C1c2cc(-c3cn[nH]n3)n(-c3ccc(F)cc3F)c2C(c2ccc(Cl)cc2)N1c1cc(Cl)cn(C2CCC(O)CC2)c1=O,中毒,25.244574,11.513729
O=S(=O)(c1cccc(Cl)c1F)N1Cc2[nH]c(C3=C4C=C(c5cn[nH]n5)C=C4C3)cc2CCC1COCC1CC1,中毒,17.770527,9.1555
O=C1c2cc(-c3cn[nH]n3)n(-c3cc(F)c(Cl)cc3F)c2C(c2ccc(Cl)cc2)N1c1cc(Cl)cn(C2CC(O)(CO)C2)c1=O,中毒,12.488247,11.513729
O=C1c2cc(-c3cn[nH]n3)n(-c3ccc(F)cc3F)c2C(c2ccc(Cl)s2)N1c1cc(Cl)cn(C2CC(O)(CO)C2)c1=O,中毒,13.346145,11.513729
O=c1c(N2Cc3cc(-c4cn[nH]n4)cc(-c4cn[nH]c4)c3C2c2ccc(Cl)cc2)cc(Cl)cn1C1CC(O)(CO)C1,中毒,9.036046,11.733231
Clc1ccc(-n2c(-c3cn[nH]n3)nc3c2-c2sccc2-3)cc1,中毒,8.987411,16.916502
O=C1c2cc(-c3cn[nH]n3)n(-c3ccc(Oc4ccc(Cl)cc4)cc3)c2C(c2ccc(Cl)cc2)N1c1cc(Cl)cn(C2CC(O)(CO)C2)c1=O,中毒,38.99518,11.513729
OC1CC1c1cc(Nc2nc(-c3cn[nH]n3)nc3c2CCNCc2cc(-c4ccco4)nc(-c4ccc(F)cc4)c2-3)n[nH]1,中毒,46.031418,49.28452
OCC1OC(Oc2cc3c(-c4cn[nH]n4)cc(Nc4ccc(Br)c(Cl)c4F)nc3cn2)C(O)C(O)C1O,低毒,12.268463,22.078695
O=C1c2cc(-c3cn[nH]n3)nn2C(c2ccc(Cl)cc2)N1c1cc(Cl)cn(C2CC(O)(CO)C2)c1=O,中毒,7.854498,13.503714
O=C1c2nc(-c3cn[nH]n3)cc(-c3cccc(F)c3Cl)c2C(c2ccc(Cl)cc2)N1c1cc(Cl)cn(C2CC(O)(CO)C2)c1=O,中毒,37.24519,12.110745
FC(F)(F)c1ccc(Oc2ccc3oc(-c4cn[nH]n4)nc3c2)nc1,高毒,15.577965,28.520697
O=C1c2nc(-c3cn[nH]n3)nc(N3CC4CCOC(C4)C3)c2CC(c2ccc(Cl)c(F)c2)N1c1cc(Cl)cn(C2CC(O)(CO)C2)c1=O,中毒,27.094715,13.466203
O=c1c(N2c3c(F)cc(F)cc3-c3cc(-c4cn[nH]n4)n(-c4ccccc4)c3C2c2ccc(Cl)cc2)cc(Cl)cn1C1CC(O)(CO)C1,中毒,13.591881,16.947666
c1n[nH]nc1-c1cc2c(c(N3CCC(OC4CC4)C3)c1)N=C1NN=C2C1C1CN(C2CC2)C1,中毒,12.826321,27.181108
O=C(Nc1ccc(-c2cc(-c3cn[nH]n3)cc3c2C(c2ccc(Cl)cc2)N(c2cc(Cl)cn(C4CCC(O)(CO)C4)c2=O)C3)cc1)Oc1ccccc1,中毒,9.036046,9.912456
O=c1c(N2C(CO)c3cc(-c4cn[nH]n4)n(-c4ccc(Cl)cc4F)c3C2c2ccc(Cl)cc2)cc(Cl)cn1C1CC(O)(CO)C1,中毒,15.763229,13.466203
O=c1c(N2C(O)c3cc(-c4cn[nH]n4)n(-c4ccc(Cl)cc4)c3C2c2ccc(Cl)cc2)cc(Cl)cn1C1CC(O)(CO)C1,中毒,26.991571,12.110745
O=C1c2nc(-c3cn[nH]n3)cc(-c3ccc(Cl)cc3)c2C(c2ccc(Cl)cc2[N+](=O)[O-])N1c1cc(Cl)cn(C2CC(O)(CO)C2)c1=O,中毒,37.24519,12.110745
O=C1c2cc(-c3cn[nH]n3)cc(-c3c(Cl)cccc3Cl)c2CC(c2ccc(Cl)cc2)N1c1cc(Cl)cn(C2CC(O)(CO)C2)c1=O,中毒,22.081963,19.79431
O=c1c(N2C(c3ccc(Cl)cc3)c3c(C4CC4)cc(-c4cn[nH]n4)nc3N2O)cc(Cl)cn1C1CC(O)(CO)C1,中毒,10.149779,12.110745
Brc1ncc2c(n1)CCN(c1cc(-c3cn[nH]n3)cc3c(-c4cccnc4)ncnc13)C2,中毒,30.639421,88.20312
Fc1ccc(-c2c[nH]nc2CN2CCn3c(nnc3-c3cn[nH]n3)C2)cc1F,中毒,25.363783,12.865658
O=c1c(-c2ccsc2)c(Oc2ccc(OC(F)(F)F)cn2)cc2n1Cc1c-2cc(-c2cn[nH]n2)n1-c1ccc(Cl)cc1F,中毒,24.268265,18.318035
Fc1cc(-n2c(-c3cn[nH]n3)cc3c2C(c2ccc(Cl)cc2)N(c2cc(Cl)cc(Cl)c2)CC3)c(F)cc1Cl,中毒,21.327534,40.64474
c1cnn2ncc(-c3ncnc4oc(-c5cn[nH]n5)cc34)c2c1,低毒,35.773323,79.144165
O=C1c2cc(-c3cn[nH]n3)n(-c3ccc(F)c(F)c3)c2C(c2ccc(Cl)cc2)N1c1cc(Cl)cn(C2CC(O)C(O)C2)c1=O,中毒,14.882899,11.513729
Fc1cc(Cl)ccc1-n1c(-c2cn[nH]n2)cc2c1C(c1cccnc1Cl)N(c1csc(OC3CCOCC3)c1)C2,中毒,29.078686,20.469048
OC1CC2CN(c3nc(-c4ccnc5[nH]ncc45)n4cc(-c5cn[nH]n5)nc4n3)CC2C1O,中毒,10.262656,26.097063
O=c1c(N2C(Cl)c3cc(-c4cn[nH]n4)cc(-c4cc(Cl)cnc4F)c3C2c2ccc(Cl)cc2)cc(Cl)cn1C1CC(O)(CO)C1,中毒,39.425797,17.240566
c1cc(Oc2nc3c(nc(NC4COC4)c4sc(-c5cn[nH]n5)nc43)[nH]2)cs1,中毒,24.59488,12.139685
O=C(O)c1ccc(N2CC3=CC(Cl)=C(Oc4cc(-c5cn[nH]n5)n(-c5ccc(F)cc5F)c43)C(c3ccc(Cl)c(Cl)c3)C2c2ccc(Cl)cc2)cc1,中毒,24.385923,38.09653
OC1Cc2cc(-c3cn[nH]n3)nc(-n3cc(-c4ccnc5cnc(F)cc45)c4nnc(C5CC5)cc43)c2C1O,中毒,66.54214,27.219328
Clc1ccc2c(c1)-c1c(cc(-c3cn[nH]n3)cc1-c1c(Cl)cccc1Cl)CC2,低毒,16.045399,105.816246
O=C(Nc1ccsc1)N1CCC2(CCn3nc(-c4cn[nH]n4)cc3C2c2cc(Cl)ccc2-n2cnnn2)C1,中毒,33.266026,19.555222
O=C1c2cc(-c3cn[nH]n3)n(-c3cc(F)cc(F)c3)c2C(c2cc(Cl)cc(F)c2F)N1c1cc(Cl)cn(C2CC(O)(CO)C2)c1=O,中毒,12.488247,11.513729
O=C1CC(n2cc(Cl)cc(N3C(=O)c4cc(-c5cn[nH]n5)n(-c5ccc(Cl)cc5)c4C3c3ccc(Cl)cc3)c2=O)CN1,中毒,17.272402,14.026334
O=C(C1C2CCC(C2)C1C1=C2N=C(c3cn[nH]n3)N=C2C(c2cccnc2)CC12CCC2)N1CCOCC1,中毒,54.74653,26.776537
O=C1c2cc(-c3cn[nH]n3)c(-c3cn[nH]c3)cc2N1c1cc(Cl)cn(C2CC(O)(CO)C2)c1=O,中毒,18.619787,11.733231
O=C1c2nc(-c3cn[nH]n3)c(Nc3cccc(Cl)c3F)nc2C(c2ccc(Cl)cc2)N1c1cc(Cl)cn(C2CC(O)(CO)C2)c1=O,中毒,15.174922,14.891448
O=c1[nH]c(-c2cn[nH]n2)cc2sc(COc3cnn(-c4ccc(F)cc4)c3N3CC4(CCOC4)C3)cc12,中毒,55.301216,37.559643
O=C1C2=CC(Cl)=CN3C(O)C3CC(O)c3cc(-c4cn[nH]n4)n(-c4ccc(Cl)cc4F)c3C(c3ccc(Cl)cc3)N12,中毒,9.915265,12.110745
Nc1ncnc2c1c(-c1cn[nH]n1)nn2C1OC(CO)C(O)C1F,中毒,18.277885,10.783679
O=C1c2cc(-c3cn[nH]n3)n(-c3ccc(Cl)cc3Cl)c2C(c2ccc(Cl)cc2)N1c1cc(Cl)cn(C2CC(F)(F)C2)c1=O,中毒,22.035963,14.026334
O=C1c2cc(-c3cn[nH]n3)n(-c3ccc(OC(F)(F)F)cc3F)c2C(c2ccc(Cl)cc2F)N1c1cc(Cl)cn(C2CC(O)(CO)C2)c1=O,中毒,23.909687,11.513729
O=C1c2cc(-c3cn[nH]n3)n(-c3ccc(Cl)cc3Br)c2C(c2ccc(Cl)cc2)N1c1cc(Cl)cn(C2CC(O)(CF)C2)c1=O,中毒,31.338547,11.513729
O=C1c2cc(-c3cn[nH]n3)c(=O)n(-c3ccc(F)cc3F)c2C(c2ccc(Cl)cc2)N1c1cc(Cl)cn(C2CC(O)(CO)C2)c1=O,中毒,32.17651,12.110745
Clc1ccc(Cl)c(-c2cc(-c3cn[nH]n3)nc3c2C2=C(Cc4nc5c(cc4-3)CNCCC5)C3=C2CCOC3)c1,中毒,10.858404,53.08201
O=C1c2cc(-c3cn[nH]n3)c(-c3ccc(Cl)cc3)nc2C(c2ccc(Cl)s2)N1c1cc(Cl)cn(C2CC(O)(CO)C2)c1=O,中毒,14.775009,12.110745
O=C1C2CCc3cc(-c4cn[nH]n4)cc(-c4cc(Cl)ccc4Cl)c3C(c3ccc(Cl)cc3)N1c1cc(Cl)cn2c1=O,中毒,21.214363,16.057194
O=c1c(N2C(c3ccc(Cl)cc3)c3c(cc(-c4cn[nH]n4)n3-c3ccc(F)cc3F)CP2(=O)O)cc(Cl)cn1C1CCC(O)(CO)C1,中毒,15.540574,13.447941
O=C(O)c1cn(C2(CO)CCOC2)c2cc(-c3cc4c(cc3-c3cn[nH]n3)CC4c3ccnc(Cl)c3F)c(F)cc2c1=O,中毒,11.972145,14.083535
O=c1c(N2Cc3cc(-c4cn[nH]n4)cc(-c4cccc(F)c4)c3C2c2ccc(Cl)cc2)cc(Cl)cn1C1CC(O)(CO)C1,中毒,8.93265,8.960914
O=C1c2cc(-c3cn[nH]n3)n(-c3cc(Cl)ccc3Cl)c2C(c2ccc(Cl)cc2)N1c1cc(Cl)cn(C2CC(O)(CO)C2)c1=O,中毒,18.205946,11.513729
Fc1ccc(Nc2nc(-c3cn[nH]n3)nc3c2CN(c2ccc(OCC4(CN5CCCC5)CC4)nc2)C3)cc1,中毒,21.453794,39.568275
O=C1c2cc(-c3cn[nH]n3)n(-c3ccc(O)cc3)c2C(c2ccc(Cl)cc2)N1c1cc(Cl)cn(C2CC(O)(CO)C2)c1=O,中毒,38.99518,11.513729
O=c1c(Nc2ccc(F)c(Cl)c2)c(-c2cn[nH]n2)c1=O,中毒,17.196598,47.62926
O=C1c2cc(-c3cn[nH]n3)n(OCCC3CCCN3)c2C(c2ccc(Cl)cc2)N1c1cc(Cl)cn(C2CC(O)(CO)C2)c1=O,中毒,8.803864,13.466203
O=C1NC(=O)C(C#Cc2ccc(C3NCC45C=CC(Cl)=CC=C4CC3Nc3cc(-c4cn[nH]n4)n(-c4ccc(F)cc4F)c35)cc2)S1,中毒,29.54402,56.49171
O=C1c2cc(-c3cn[nH]n3)n(-c3ccc(Cl)cc3)c2C(c2ccc(Cl)cc2Cl)N1c1cc(Cl)cn(C2CC(O)(CO)C2O)c1=O,中毒,15.540574,11.513729
Clc1cc(-c2c(-c3ncc(Br)cn3)c(-c3cnc4ncsc4c3)cc3ncn(-c4cn[nH]n4)c23)ccn1,中毒,22.81977,67.36502
O=C1N(c2cc(Cl)cn(C3CC(O)C(O)C3)c2=O)C(c2ccc(Cl)cc2)c2c(-c3ccnc(F)c3F)c(-c3cn[nH]n3)cn21,中毒,7.953227,16.230408
O=C1c2cc(-c3cn[nH]n3)n(-c3ccc(Cl)cc3F)c2C(c2ccc(Cl)cc2)N1c1cc(Cl)cn(C2CC(F)(F)C2)c1=O,中毒,17.475342,14.026334
Oc1ccc(F)cc1C1=C(c2ccc3c(n2)-c2cc4c(F)cccc4n2CC3)N=C2C(c3cn[nH]n3)=CN=C21,中毒,32.36665,18.774897
ON1c2cc(Cl)c(Cl)cc2-c2cc(-c3cn[nH]n3)n(-c3ccc(F)cc3F)c2C1c1ccc(Cl)cc1,中毒,24.925055,19.000793
O=c1c(N2Cc3cc(-c4cn[nH]n4)n(-c4cc(Cl)c(Cl)cc4F)c3C2c2ccc(Cl)cc2)cc(Cl)cn1C1CC(O)(CO)C1,中毒,15.763229,11.513729
OC(C1CC(N2CCCc3nc4c(F)cccc4c(-c4nc(-c5cn[nH]n5)no4)c32)CC2CN(CCN2C2CC2)CO1)C(F)(F)F,中毒,17.227741,16.279085
O=C1c2c(nc3ccccc3c2-c2cn[nH]n2)C(c2ccc3c(c2)OCO3)N1c1cc(Cl)cn(C2CC(O)(CO)C2)c1=O,中毒,26.553892,13.503714
Oc1nc(Br)nc2cc3c(c(-c4ccc(OCCN5CCCC5)cc4)c12)Cc1sc(-c2cn[nH]n2)nc1-3,中毒,20.152012,9.063432
O=C1NC(=O)c2cc(N3C(c4ccc(Cl)cc4F)c4cc(-c5cn[nH]n5)cc(-c5c(Cl)cccc5Cl)c4C3c3ccc(Cl)cc3)ncc21,中毒,8.593271,20.123856
O=C1c2cc(-c3cn[nH]n3)n(-c3cc(Cl)ccc3F)c2C(c2ccc(Cl)s2)N1c1cc(Cl)cn(C2CC(O)(CO)C2)c1=O,中毒,13.346145,11.513729
c1cc(CNc2nc3cc(-c4cn[nH]n4)cnc3[nH]2)co1,中毒,25.982708,94.52358
O=C1c2cc(-c3cn[nH]n3)c(C3CC3)n2C(c2ccc(Cl)cc2)N1c1cc(Cl)cn(C2CC(O)(CO)C2)c1=O,中毒,33.083656,28.945686
OC12Cc3cc(-c4cn[nH]n4)n(-c4cc(Cl)ccc4Cl)c3C(c3ccc(Cl)cc3)N(Cc3ccc(Cl)cc3)C3C1=CC=C(Cl)C=C32,中毒,17.328205,16.691847
NC1(CO)CC(n2cc(Cl)cc(N3C(O)c4cc(-c5cn[nH]n5)n(-c5ccc(F)c(F)c5F)c4C3c3ccc(Cl)cc3)c2=O)C1,中毒,26.991571,12.110745
O=C1c2cc(-c3cn[nH]n3)n(-c3cc(F)cc(F)c3)c2C(c2ccc(Cl)cc2)N1c1cc(Cl)cn(C2CC(O)(CO)C2)c1=O,中毒,14.882899,11.513729
O=C1c2cc(-c3cn[nH]n3)nc(SC3CCOC3)c2C(c2ccc(Cl)cc2)N1c1cc(Cl)cn(C2CC(O)C(O)C2)c1=O,中毒,19.24008,13.503714
Fc1cc(Cl)ccc1-n1c(-c2cn[nH]n2)cc2c1C(c1ccc(Cl)cc1)N(c1ccc3c(c1)OCO3)C2,中毒,21.327534,19.200811
O=C1c2cc(-c3cn[nH]n3)n(-c3cc(F)c(F)c(Cl)c3)c2C(c2ccc(Cl)cc2)N1c1cc(Cl)cn(C2CC(O)(CO)C2)c1=O,中毒,14.882899,11.513729
O=C1c2cc(-c3cn[nH]n3)n(-c3cccc(P(=O)(O)c4ccccc4)c3)c2C(c2ccc(Cl)o2)N1c1cc(Cl)cn(C2CC(O)(CO)C2)c1=O,中毒,10.762919,11.513729
FC1(F)Cc2[nH]c3ncc(-c4cn[nH]n4)cc3c2CC12OCc1cc(-c3cc(Cl)cnc3Cl)c(Cl)cc12,中毒,28.521034,35.36344
OC1(Cn2ncc3cc(Cl)cnc32)Cc2nc(-c3cn[nH]n3)nc(N3CCC(Oc4ccc(Cl)cc4)CC3)c21,中毒,39.096077,35.739864
O=C1c2cc(-c3cn[nH]n3)n(-c3ccc(Cl)cc3Br)c2C(c2ccc(Cl)cc2)N1c1cc(Cl)cn(C2CCC(O)(CF)C2)c1=O,中毒,31.338547,11.513729
O=C1c2cc(-c3cn[nH]n3)n(-c3ccc(Cl)cc3C(F)C(F)(F)F)c2C(c2ccc(F)cc2)N1c1cc(F)c(Cl)c2ncccc12,中毒,47.20036,15.210127
Fc1cc(Cl)ccc1-n1c(-c2cn[nH]n2)cc2c1N(c1ccc(Cl)cc1)C2c1ccc(Cl)cc1,中毒,45.154606,30.666346
O=C(C1CC1)N1CCN(CCOc2cc(Cl)c(-c3oc4ncnc5[nH]c6cc(-c7cn[nH]n7)cc-6cc5c3-4)cc2F)CC1,中毒,6.2310667,18.004591
O=C1c2cc(-c3cn[nH]n3)n(-c3ccc(C(F)(F)F)cc3)c2C(c2ccc(C(F)(F)F)cc2)N1c1cc(Cl)cn(C2CC(O)(CO)C2)c1=O,中毒,14.882899,11.513729
Fc1cc(Cl)cnc1NC12C(c3cccc(Cl)c3F)CN1CC(c1cn[nH]n1)=NC21CCOc2ncc(-c3ccnc(C(F)(F)F)c3)cc21,中毒,28.345415,13.503714
O=C(O)c1cn(-c2ccnc(-n3cnc4cc(-c5ncco5)ccc4c3=O)c2)c2cc(-c3cn[nH]n3)c(F)cc2c1=O,中毒,18.102795,18.024652
O=C1c2nc(-c3cn[nH]n3)sc2C(c2ccc(F)cc2)N1c1cc(Cl)cn(C2CC(O)(CO)C2)c1=S,中毒,59.929935,108.61817
O=C1N(c2cc(Cl)cn(C3CC(O)(CO)C3)c2=O)C(c2ccc(Cl)cc2)c2c(-c3ccc(F)c(Cl)c3F)c(-c3cn[nH]n3)cn21,中毒,4.780019,13.466203
Fc1cc(Cl)ccc1-n1c(-c2cn[nH]n2)cc2c1-c1nc(Nc3c(F)cccc3F)ncc1CC2,中毒,4.2827234,47.302692
O=S1(=O)N(c2cc3nc(-c4cn[nH]n4)cn3c(C3CCOC3)c2-c2ccoc2)CC1(COc1ccccc1)C1CC1,中毒,31.41851,35.111286
O=C1c2cc(-c3cn[nH]n3)c(-c3ccc(F)c(F)c3)n2C(c2ccc(Cl)cc2)N1c1cc(Cl)cn(C2CC(O)(CO)C2)c1=O,中毒,19.951618,13.503714
O=c1c(N2Cc3cc(-c4cn[nH]n4)n(-c4ccc(F)cc4F)c3C2c2ccc(Cl)cc2)cc(Cl)cn1C1CC(O)(CO)C1,中毒,15.763229,11.513729
Brc1ccc2oc3cc(-c4cn[nH]n4)cnc3c2c1,高毒,23.547653,191.32613
O=c1c(Cl)cc(N2Cc3cc(-c4cn[nH]n4)n(-c4ccc(F)cc4F)c3C2c2ccc(Cl)cc2)cn1C1CC(O)C(O)C1,中毒,15.763229,13.213944
O=C1c2nc(-c3cn[nH]n3)cc(-c3ccc4ccc(Cl)cc4c3)c2C(c2ccc(Cl)cc2)N1c1cc(Cl)cn(C2CC(O)(CO)C2)c1=O,中毒,37.24519,12.110745
FC(F)(F)c1cccc(Oc2cc3cc(-c4cn[nH]n4)c(-c4ccsc4)cc3nc2N2CCCOC2)c1,中毒,31.20685,17.408861
O=C(Cn1nc(-c2ccsc2)c2c1Cc1cc(F)c(-c3cn[nH]n3)cc1C2)N1CCOCC1Cl,中毒,20.616337,16.74218
FC(F)Oc1ccc(Cl)cc1N1C2=NCCN2C12CCCc1cc(-c3cn[nH]n3)cc(-c3ccsc3)c12,中毒,26.697495,14.911535
O=C1c2cc(-c3cn[nH]n3)n(-c3ccc4ncccc4c3)c2C(c2ccc(Cl)cc2)N1c1cc(Cl)cn(C2CC(O)(CO)C2)c1=O,中毒,14.882899,11.513729
O=C1c2cc(-c3cn[nH]n3)n(-c3ccc(Br)cc3F)c2C(c2ccc(Cl)cc2)N1c1cc(Cl)cn(C2CC(O)C(O)C2)c1=O,中毒,15.540574,11.513729
O=S1(=O)CCc2cc(-c3cn[nH]n3)cc(-c3c(Cl)ccnc3Cl)c2C1,中毒,17.989756,21.209984
O=C1c2c(cc(-c3cn[nH]n3)n2-c2ccc(Cl)cc2)CC1Nc1cc(Cl)cn(C2CC(O)C(O)C2)c1=O,中毒,17.214048,30.722694
O=C1c2cc(-c3cn[nH]n3)ncc2-c2c(cnn2-c2ccc(Cl)cc2)C(c2ccc(Cl)cc2)N1c1cc(Cl)cn(C2CC(O)(CO)C2)c1=O,中毒,18.515556,14.891448
O=C1c2nc(-c3cn[nH]n3)cc(-c3cc4ccccc4s3)c2C(c2ccc(Cl)cc2)N1c1cc(Cl)cn(C2CC(O)(CO)C2)c1=O,中毒,27.185892,13.503714
O=C1c2cc(-c3cn[nH]n3)n(-c3ccc(F)cc3F)c2C(c2ccc(Cl)c(Cl)c2)N1c1cc(Cl)cn(C2CC(O)(CO)C2)c1=O,中毒,15.540574,11.513729
Clc1cccc(Cl)c1COc1cc2c(cc1-c1nc(-c3cn[nH]n3)c[nH]1)CSC2,中毒,35.741856,121.07828
Oc1c(Cl)cc(C2(F)Cc3c4nc(-c5cn[nH]n5)c(CCc5cc(F)cc(Br)c5)c3CCc3cc(OCC5CC5)c(Cl)cc3C42)cc1Cl,中毒,59.727333,17.420132
Fc1c(Cl)cccc1C1c2c(cc(-c3cn[nH]n3)n2-c2ccc(Cl)cc2)CN1c1cc(Cl)ccc1Cl,中毒,28.622856,21.729755
O=S(=O)(c1ccc(CNC2=C(Cl)c3c(cc(-c4cn[nH]n4)n3-c3ccc(F)cc3F)C2)cc1)N1CCOCC1,中毒,10.520923,33.88593
O=S(=O)(c1c(-c2cn[nH]n2)cc2sc3c(c2c1Cl)C(Cc1ccoc1)O3)N1CCOC(C(F)(F)F)C1,中毒,12.2657795,12.22625
Clc1cccc(Cl)c1-c1cc(-c2cn[nH]n2)cc2c1CNC(c1cnccn1)C2,中毒,75.6806,20.307821
Clc1cccc(Cl)c1-c1cc(-c2cn[nH]n2)cc2c1C1Cc3ccoc3C1CN2,低毒,29.987278,174.20027
FC(F)(F)Cn1cc(-c2cccc(-c3n[nH]c4cc(-c5cn[nH]n5)cnc34)c2)cn1,中毒,22.909796,32.803165
FC(F)(F)CN(CC1CC1)c1ccc(C2c3cc(-c4cn[nH]n4)n(-c4ccc(Cl)cc4Cl)c3C(c3ccc(Cl)cc3)N2C2CCOCC2)cc1,中毒,28.501118,15.502344
On1c(-c2cn[nH]n2)cc2c1C(c1ccc(Cl)c(Cl)c1)N(c1cc(Cl)nc(Cl)c1)C2c1ccc2c(c1)OCO2,中毒,28.925179,10.556585
O=c1c(N2Cc3cc(-c4cn[nH]n4)cc(-c4c(Cl)cccc4Cl)c3C2c2ccc(Cl)cc2)cc(Cl)cn1C1CC(O)C(O)C1,中毒,6.8665094,9.912456
O=C1C2=C(c3ccnc4cc(Br)ccc34)C(c3cn[nH]n3)=CC2=[N+]([O-])c2c(F)ccc(F)c21,中毒,38.301895,57.79123
O=C1c2cc(-c3cn[nH]n3)c(=O)n(-c3ccc(Cl)cc3Cl)c2C(c2ccc(Cl)cc2)N1c1cc(Cl)cn(C2CC(O)(CO)C2)c1=O,中毒,51.50488,12.110745
Cn1cc(Cl)cc(N2C(=O)c3cc(-c4cn[nH]n4)c(-c4cc(F)c(OCC(O)CO)c(F)c4)nc3CS2(=O)=O)c1=O,中毒,8.758138,40.24703
CN(C)CC1(O)CCN2C=C(Cl)C=C3C4=C(C(=O)N3C(c3ccc(Cl)cc3)c3c(cc(-c5cn[nH]n5)cc3-c3c(Cl)cccc3Cl)C4)C2C1,中毒,40.254433,20.478607
OC1C(NCc2ccco2)CC(Nc2ncnc3c2c(-c2cncc(-c4ccc5c(c4)OCO5)c2)cn3-c2cn[nH]n2)C1O,中毒,18.645943,31.895329
Clc1cccc(Cl)c1-c1cc(-c2cn[nH]n2)cc2c1OC(c1ccc(OCCN3CCOCC3)cc1)CC2,中毒,18.939133,57.911724
Clc1ccc(C2c3cc(-c4cn[nH]n4)c(-c4ccncn4)cc3N2c2cc(Cl)cc(Cl)c2)cc1,低毒,16.248604,51.814342
Fc1ccc(Oc2cc3c(cc2-c2cn[nH]n2)C(c2cc(-c4ccsc4)no2)SC3)c(F)c1,中毒,69.68657,13.560392
OC1(C2CCN(CC3CCOCC3)CC2)CC2c3cc(-c4cn[nH]n4)cc(-c4c(Cl)cccc4Cl)c3COC(c3ccc(Cl)cc3Cl)C2C1,中毒,15.170137,44.767708
O=C1c2cc(-c3cn[nH]n3)c(=O)n(-c3cccc(Cl)c3Cl)c2C(c2ccc(Cl)cc2)N1c1cc(Cl)cn(C2CC(O)(CO)C2)c1=O,中毒,51.50488,12.110745
O=C1c2cc(-c3cn[nH]n3)c(-c3ccc(Cl)s3)n2C(c2ccc(Cl)cc2)N1c1cc(Cl)cn(C2CC(O)(CO)C2)c1=O,中毒,26.303608,13.503714
O=c1c2c(Nc3ccc(Cl)cc3)ncnc3ccc(c1-3)N1c3nnc(-c4cn[nH]n4)n3-c3ccc(Cl)cc3C(c3ccc(Cl)cc3)NP1(=O)NCCO2,中毒,32.733707,25.133615
O=S1(=O)N(c2cc(Cl)c(C#Cc3ccsc3)cc2F)Cc2cc(-c3cn[nH]n3)cn21,中毒,6.278346,30.837692
O=C1c2cc(-c3cn[nH]n3)n(-c3ccc(Br)cc3)c2C(c2ccc(Cl)cc2)N1c1cc(Cl)cn(C2CC(O)C(O)C2O)c1=O,中毒,18.205946,11.513729
OC(COc1c(-c2cn[nH]n2)c(Nc2ccc(Cl)cc2F)nc2oc3c(Nc4ccc(Cl)c(Cl)c4)nc(Cl)nc3c12)CN1CCOCC1,中毒,13.061793,33.968105
O=C1c2cc(-c3cn[nH]n3)c(Cl)c(=S)n2C(c2ccc(Cl)cc2)N1c1cc(Cl)cn(C2CC(O)(CO)C2)c1=O,中毒,38.640644,101.07964
O=C1c2nc(-c3cn[nH]n3)nn2C(Cc2ccoc2)CN1c1cc(Cl)cn(C2CC(O)(CO)C2)c1=O,中毒,44.851643,13.466203
Fc1cc(Br)ccc1-c1cc2c(cn1)-c1cc(-c3cn[nH]n3)sc1C2,中毒,16.568579,15.943352
O=S1(=O)CCN2c3cc2c(cc3F)OCCC(Nc2nc3c(cc2-c2cn[nH]n2)CC2CCC3N2Cc2c(F)cccc2F)C1,中毒,34.750565,18.318035
O=C1Cc2cc(-c3cn[nH]n3)n(-c3cc(F)c(F)cc3F)c2C(c2ccc(Cl)cc2)N1c1cc(Cl)c(=O)n(C2CC(O)C(O)C2)c1,中毒,15.763229,47.68054
CN1CC(n2cc(Cl)cc(N3C(=O)c4cc(-c5cn[nH]n5)n(-c5ccc(CC#N)cc5F)c4C3c3ccc(Cl)cc3)c2=O)CC1=O,中毒,17.272402,14.0600395
O=C1c2cc(-c3cn[nH]n3)n(-c3ccc(F)cc3F)c2C(c2ccc(Cl)cc2)N1c1cc(Cl)cn(C2CC(O)C(O)C2O)c1=O,中毒,12.488247,11.513729
O=C1c2cc(-c3cn[nH]n3)n(-c3ccc(F)cc3)c2C(c2ccc(Cl)cc2)N1c1cc(Cl)cn(S(=O)(=O)C2CC2)c1=O,中毒,22.035963,14.026334
c1ccc(C2CN(CCOc3ccc4c(n3)OCO4)C2)c(-c2nc3ccc(-c4cn[nH]n4)cc3s2)c1,中毒,27.730549,23.442848
O=C1c2cc(-c3cn[nH]n3)n(-c3cc(Cl)c(Cl)cn3)c2C(c2ccc(Cl)cc2)N1c1cc(Cl)cn(C2CC(O)(CO)C2)c1=O,中毒,14.882899,11.513729
O=S1(=O)CC=C(c2cc(-c3cccnc3F)c3cc(-c4cn[nH]n4)c(F)cc3n2)CC1,中毒,10.108008,35.233078
Fc1cc(Cl)ccc1-n1c(-c2cn[nH]n2)cc2c1C2c1ccc(Cl)cc1,中毒,6.672679,21.843842
Fc1ccc2oncc2c1-c1csc(N2Cc3cc(-c4cn[nH]n4)nc(Nc4ccc5c(n4)OCO5)c3C2)n1,中毒,28.695858,16.493427
O=c1c2ccnc(-c3ccoc3)c2nc(-c2cn[nH]n2)n1-c1ccc2[nH]ncc2c1,低毒,10.975076,55.7132
O=C1c2ccc(Cl)cc3cc(s2)C(c2c-3cc(-c3cn[nH]n3)n2-c2cccc(F)c2F)N1c1cc(Cl)cn(C2CC(O)(CO)C2)c1=O,中毒,20.18954,11.513729
c1cc(-c2ccc(-c3nc4cc(-c5cn[nH]n5)ccc4[nH]3)cn2)on1,中毒,58.28841,147.44421
Clc1nc2c(Br)cccc2cc1C1=C2C=C(c3cn[nH]n3)C=C2CN(c2ncc[nH]2)C1,中毒,11.053182,13.108662
O=C1c2c(nc3ccc(NC4CCCNCC4)cc3c2-c2cn[nH]n2)C(c2ccco2)N1c1cc(Cl)cn(C2CC(O)(CO)C2)c1=O,中毒,26.553892,12.110745
O=C1c2nc(-c3cn[nH]n3)c(Cl)c(-c3c(Cl)cccc3Cl)c2C(c2ccc(Cl)cc2)N1c1cc(Cl)cn(C2CC(O)(CO)C2)c1=O,中毒,37.24519,12.110745
Clc1ccc(-n2c(-c3cn[nH]n3)cc3c4c(Oc5ccc(Br)cc5)nccc4c4c(Cl)cc(Cl)cc4c32)cc1,中毒,12.07312,70.89804
O=C1c2nc(-c3cn[nH]n3)c(C(F)(F)F)nc2C(c2ccc(Cl)cc2)N1c1cc(Cl)cn(C2CC(O)(CO)C2)c1=O,中毒,22.72282,28.20462
c1cnc2c(-c3nc(N4Cc5cc(-c6cn[nH]n6)sc5C4)c4sccc4n3)c[nH]c2c1,中毒,18.19146,26.989082
O=C1c2cc(-c3cn[nH]n3)n(-c3ccc(Cl)cc3F)c2C(c2ccc(Cl)cc2)NN1c1cc(Cl)cn(C2CC(O)(CO)C2)c1=O,中毒,12.488247,12.110745
O=C1c2cc(-c3cn[nH]n3)n(-c3ccc(Cl)cc3)c2C(c2ccsc2)N1c1cc(Cl)cn(C2CC(O)C(O)C2)c1=O,中毒,14.882899,11.513729
Fc1ccc(-n2c(-c3cn[nH]n3)cc3c2C(c2ccc(Cl)cc2)N(c2cc(Cl)cn4nc(C5CC5)cc24)C3c2ccc(Cl)cc2)c(F)c1,中毒,32.733707,16.466494
O=C1c2nc(-c3cn[nH]n3)cc(NC3C4CC5CC(C4)CC3C5)c2C(c2ccc(Cl)cc2)N1c1cc(Cl)cn(C2CC(O)(CO)C2)c1=O,中毒,37.24519,33.968105
O=C1c2nc(-c3cn[nH]n3)cc(-c3ccn[nH]3)c2C(c2ccc(Cl)cc2)N1c1cc(Cl)cn(C2CC(O)(CO)C2)c1=O,中毒,37.24519,12.110745
O=C1c2cc(-c3cn[nH]n3)c(-c3c(Cl)cccc3Cl)nc2C(c2ccc(Cl)cc2)N1c1cc(Cl)cn(C2CC(O)(CO)C2)c1=O,中毒,13.216523,12.087409
O=C1Cc2c(cc(-c3cn[nH]n3)cc2-c2cc3ccc(F)nc3s2)NCCC2(C(F)(F)F)CN12,中毒,110.31044,18.626408
c1cnn2ncc(-c3ncnc4cc(N5C6CCC5CN(CC5CO5)C6)c(-c5cn[nH]n5)cc34)c2c1,中毒,28.611631,15.738002
O=C1CC(n2cc(Cl)cc(N3C(=O)c4nc(-c5cn[nH]n5)sc4C3c3cccc(Cl)c3F)c2=O)C(=O)O1,中毒,32.733707,13.466203
O=C1c2cc(-c3cn[nH]n3)n(-c3ccc(Br)cc3F)c2C(c2cccc(Cl)c2)N1c1cc(Cl)cn(C2CC(O)(CO)C2)c1=O,中毒,15.540574,11.513729
Clc1c(Cl)c(C(Cl)(Cl)Cl)c(Cl)c(Cl)c1-c1cn[nH]n1,高毒,38.126846,125.44532
O=C1c2cc(-c3cn[nH]n3)n(-c3cc(Cl)cc(Cl)c3F)c2C(c2ccc(Cl)cc2)N1c1cc(Cl)cn(C2CC(O)C(O)C2)c1=O,中毒,12.488247,11.513729
O=S(=O)(Nc1ccc(Cl)c(-c2cc(-c3cn[nH]n3)cc3c2CCSC3)c1F)c1ccc(Br)cc1,中毒,43.318752,40.197998
O=C1c2nc(-c3cn[nH]n3)sc2CC(c2ccc(Cl)cc2)(c2cccc(Cl)c2F)N1c1cc(Cl)cn(C2CC(O)(CO)C2)c1=O,中毒,51.50488,46.02951
O=C(NCCO)C1C(c2cn[nH]n2)=CC2=C(C(c3c(Cl)cccc3Cl)=C2)C(c2ccc(Cl)cc2)NC1c1cc(Cl)c(Cl)c(Cl)c1,中毒,5.102386,40.9941
C1=C2CC(c3nc(N4CCC(Oc5ccc6sccc6c5)C4)nc4cnc(N5CCOCC5)cc34)=C2C=C1c1cn[nH]n1,中毒,6.958889,25.26653
O=C(O)c1cn(C2(CO)CC2)c2cc(-n3c(-c4cn[nH]n4)cc4c3-n3ncc(C5CC5)c3-4)c(F)cc2c1=O,中毒,26.303608,24.456676
Fc1ccc(-n2c(-c3cn[nH]n3)cc3c2C(Nc2cc(Cl)c(Cl)cc2Cl)C(N2CC2)C3)c(F)c1,中毒,4.568017,16.725075
N#Cc1ccc(C2C3=C2C(c2ccc(C(F)(F)F)cc2)c2nc(-c4cn[nH]n4)ccc2CN(C(CO)C2CC2)C3=O)cc1,中毒,15.503136,13.269242
O=C1C(c2cn[nH]n2)=C(Oc2ccc(CN3CCN(CCO)CC3)cc2)c2cc(OCc3ccc(CO)n3-c3cc(C(F)(F)F)cc(C(F)(F)F)c3)ccc21,中毒,29.484905,26.058624
OCC1CCn2c3nc(-c4cncnc4)c2CC(=Cc2cnc4[nH]nc(-c5cn[nH]n5)c4c2F)NC1=C3,中毒,15.067017,35.111286
Oc1ccc(-c2coc3ccc(-c4nc(-c5cn[nH]n5)cs4)cc23)cc1O,中毒,28.21676,16.176332
O=C1c2cc(-c3cn[nH]n3)n(-c3ccc(F)c(Cl)c3F)c2C(c2ccc(Cl)cc2)N1c1cc(Cl)cn(C2CC(O)(CO)C2O)c1=O,中毒,12.488247,11.513729
O=C1c2cc(-c3cn[nH]n3)n(-c3ccc(Cl)cc3)c2C(c2ccc(Cl)cc2)N1c1cc(Cl)cn(C2CC(O)(CO)C2=O)c1=O,中毒,38.99518,11.513729
O=C1c2cc(-c3cn[nH]n3)n(-c3ccc(Cl)cc3F)c2C(c2ccc(Cl)cc2)N1c1cc(Cl)c[nH]c1=O,中毒,17.272402,14.026334
FC(F)(F)Oc1cc(-c2ncnc3cc(Oc4ccc(Nc5nc6ccccc6s5)cc4)c(-c4cn[nH]n4)cc23)ccn1,中毒,11.542968,12.110745
OC1CC(O)C(F)(CC2Oc3c2cc2cc(-c4cn[nH]n4)cc-2c2sc(-c4ccc(Oc5ccc(NCc6cnccn6)cc5)cc4)cc32)C1O,中毒,5.102386,13.265047
O=C1c2c(sc3nc(-c4ccccc4)c(-c4cn[nH]n4)nc23)C(c2ccc(Cl)cc2)N1c1cc(Cl)cn(C2CC(O)(CO)C2)c1=O,中毒,8.119709,12.110745
c1nc2ccc(-c3nc(NC4CC(N5CCOCC5)C4)nc4cc(-c5cn[nH]n5)ccc34)cc2s1,中毒,33.082195,36.668953
FC(F)(F)c1c(Cl)c(Cl)cc2c1Cc1cc(-c3cn[nH]n3)cc(-c3c(Cl)cccc3Cl)c1-2,中毒,5.4110365,10.71614
O=C(Nc1cccc(-c2cc3cc(-c4cn[nH]n4)cnc3c(-c3ccc(CS(=O)(=O)c4cccs4)s3)n2)c1)c1cccc(Cl)c1,中毒,25.22137,23.177338
OCC1(O)CC(n2cc(-c3cc(-c4nc(C5CC5)c[nH]4)c4c(c3)-c3c-4cc(-c4cn[nH]n4)n3-c3ccc(F)cc3)cn2)C1,中毒,15.148624,24.961891
O=C1c2nc(-c3cn[nH]n3)nc(N3CC(F)(F)C3)c2CC(c2ccc(Cl)cc2F)N1c1cc(Cl)cn(C2CC(O)(CO)C2)c1=O,中毒,16.880064,13.466203
O=C1c2cc(-c3cn[nH]n3)c(-c3ccc(Cl)cc3)n2C(c2ccc(Cl)cc2)N1c1cc(Cl)cn(C2CC(F)(F)C2)c1=O,中毒,23.152437,14.3937645
O=C1C2CCc3cc(-c4cn[nH]n4)cc(-c4c(Cl)cccc4Cl)c3C(c3ccc(Cl)cc3)N1c1cc(Cl)cn2c1=O,中毒,21.214363,16.057194
O=c1c(N2C(O)c3cc(-c4cn[nH]n4)n(-c4ccc(F)cc4)c3C2c2ccc(Cl)cc2Cl)cc(Cl)cn1C1CC(O)(CO)C1,中毒,39.08631,12.110745
O=C1c2cnc(-c3cn[nH]n3)nc2N(C2CCCC2)CC(c2ccc(Cl)cc2)N1c1cc(Cl)cn(C2CC(O)(CO)C2)c1=O,中毒,11.950813,15.303033
O=S(=O)(NCc1ccco1)c1cc2nc3c(c(-c4cn[nH]n4)c2cc1Cl)CN(C1CC(O)C(n2cnc4cc(I)cnc42)C1)C3,中毒,23.16632,15.5483055
O=C1N(c2cnc(-c3cn[nH]n3)cn2)CCC12CCCN2c1cnc2ncccc2c1,中毒,16.861092,42.78017
Clc1cccc(-c2cc(N3c4cc(-c5cn[nH]n5)oc4C(c4ccc5c(c4)OCO5)C3c3ccc4c(c3)OCO4)ccn2)c1,中毒,19.315119,14.40348
O=C1c2cc(-c3cn[nH]n3)c(-c3ccc(Cl)cn3)nc2C(c2ccc(Cl)cc2)N1c1cc(Cl)cn(C2CC(O)(CO)C2)c1=O,中毒,14.775009,12.110745
O=C1c2cc(-c3cn[nH]n3)n(-c3ccc(F)cc3)c2C(c2ccc(Cl)cc2)N1c1cc(Cl)cn(C2CC(O)(CO)C2=O)c1=O,中毒,38.99518,11.513729
OC1C2C3Cc4cc(-c5cn[nH]n5)cc(-c5c(Cl)cccc5Cl)c4C(c4cccc(Cl)c4Cl)N3CC12OF,中毒,20.616337,53.173923
O=C1c2cc(-c3cn[nH]n3)c(-c3ccc(F)cc3F)n2C(c2ccnc(Cl)c2)N1c1cc(Cl)cn(C2CC(O)(CO)C2)c1=O,中毒,32.68572,13.466203
O=C1c2cc(-c3cn[nH]n3)n(-c3ccc(F)cc3F)c2C(c2ccccn2)N1c1cc(Cl)cn(C2CC(O)(CO)C2)c1=O,中毒,24.817047,12.110745
FC(F)(F)Oc1ccc2cc(-c3cc4c(cn3)Cc3sc(-c5cn[nH]n5)nc3-4)sc2c1,中毒,6.3042226,8.497589
O=C(Nc1cc(C(F)(F)F)cc(C(F)(F)F)c1)C1=C(c2ccsc2)C(C2CCCN(C(=O)c3c(F)cccc3F)C2)=C2N=C(c3cn[nH]n3)C=C21,中毒,51.50488,19.648664
Fc1cc2c(cc1F)C(F)(F)CN(c1ncnc(OC3CCC(Oc4ccccn4)C3)c1Cl)CCC2c1cn[nH]n1,中毒,14.069409,25.832977
Fc1ccc(Nc2ncnc3nc(N4C5CCC4CC(Nc4cn[nH]n4)C5)nc(Nc4cccc(C(F)(F)F)c4)c23)cc1Cl,中毒,10.794278,17.77851
O=c1c2c([nH]c3ccc(-c4cn[nH]c4)cc13)Cc1sc(-c3cn[nH]n3)cc1-2,中毒,13.898558,14.083991
c1nocc1-c1nc(-c2cnoc2)c2cc(-c3cn[nH]n3)ncc2n1,中毒,75.187325,61.000816
FCCCOc1ccc(-c2ncnc3cc(NC4CCN(Cc5ccccc5Cl)CC4)c(-c4cn[nH]n4)cc23)cc1,中毒,12.750313,27.702446
O=C1c2cc(-c3cn[nH]n3)n(-c3ccc(F)c(Cl)c3)c2C(c2ccc(Cl)cc2)N1c1cc(Cl)cn(C2CC2)c1=O,中毒,22.121504,14.026334
O=S(=O)(C1CC1)N1CCC(Oc2cc3c(Nc4cccc(F)c4)c(NCc4ccsc4)c(-c4ccc(OCCn5cccn5)cc4)nc3cc2-c2cn[nH]n2)C1,中毒,46.517487,18.19616
FC(F)(F)c1ccc2c(c1)OCCN2c1cc2c(cc1Br)OC(c1ccc(Cl)cc1)c1c(-c3ccnc(Cl)n3)cc(-c3cn[nH]n3)cc1-2,中毒,9.151883,25.546967
O=C1c2cc(-c3cn[nH]n3)sc2C(c2cccnc2)N1c1cc(Cl)cn(C2CC(O)(CO)C2)c1=O,中毒,8.738106,8.519041
O=C1OCNCC1c1nc2cncc(-c3nc4cc(-c5cn[nH]n5)ccc4s3)c2n1F,中毒,36.321796,18.058743
OCC(Nc1ncc2cc(-c3cn[nH]n3)nc-2c2c1CCSCC2)c1ccc(-c2cocn2)cc1,中毒,35.237022,50.222828
Fc1cnccc1C1(c2nc(-c3ccnc(Nc4ccc(OCCN5CCCC5)cc4)c3)nc3c(-c4cn[nH]n4)c[nH]c23)CC1,中毒,19.886232,47.146404
O=C1OCC(C2(c3ncc(Cl)cc3N3Cc4c(cc(-c5cn[nH]n5)cc4-c4cc5cc(Br)ccn5c4)CC3O)CC2)O1,中毒,42.167137,33.72425
O=C1c2cc(-c3cn[nH]n3)n(-c3cc(Cl)cc(Cl)c3)c2C(c2ccc(Cl)cc2)N1c1cc(Cl)cn(C2CCC(O)(CO)C2)c1=O,中毒,14.882899,11.513729
Clc1ccc(C2NCC3=C(N=C2c2cn[nH]n2)c2nc(-n4cccn4)nc(-c4cc5c([nH]4)COCC5)c23)cc1Cl,中毒,25.562902,30.442167
Clc1ccc(Cl)c(-c2cc(-c3cn[nH]n3)cc3c2C2(CCN(C4CCCC4)CC2)C3)c1,中毒,15.0289,135.50533
O=C1C2CCC3(OCc4cc(Cl)ccc43)C(Cc3cc4ccn(cc(Cl)c3Cl)-c3cc(-c5cn[nH]n5)c-4cc32)N1C1CCS(=O)(=O)C1,中毒,26.276,16.882917
c1cc(-c2coc(OC3Cc4nc(-c5cn[nH]n5)nc(N5C6CCC5COC6)c4C3)n2)n[nH]1,中毒,8.447055,71.31878
c1sc(-c2cnncc2-c2cn[nH]c2)cc1-c1cc2c(cn1)CCc1sc(-c3cn[nH]n3)nc1-2,中毒,16.020798,15.859844
O=c1cc(C2=C(c3cn[nH]n3)C=C3CNCC(c4csc5cc(OCc6ccoc6)ccc5c4=O)=C32)cc[nH]1,中毒,8.617009,41.65394
O=C1c2nc(-c3cn[nH]n3)n(-c3ccc(F)cc3Cl)c2C(c2ccc(Cl)cc2)N1c1cc(Cl)cn(C2CC(O)(CO)C2)c1=O,中毒,35.69709,13.466203
O=c1c(N2Cn3cc(-c4cn[nH]n4)c(-c4ccnc(Cl)c4)c3C2c2ccc(Cl)cc2)cc(Cl)cn1C1CC(O)(CO)C1,中毒,7.7003746,16.230408
O=C1C(=Nc2cc(F)c(F)c(F)c2F)ON=C1C1=NNc2cc3ncc(-c4cn[nH]n4)cc3n2C=C1,中毒,15.881608,46.457767
O=C1C(c2ccc(F)cc2)=C(c2ccc3ccn(C4CCNCC4)c3c2)C=c2nc(-c3ccncc3)c3c(c21)C=C(c1cn[nH]n1)N=3,中毒,15.475131,21.442013
O=C1C2CCc3cc(-c4cn[nH]n4)cc(-c4c(Cl)cccc4Cl)c3C(c3cccc(Cl)c3)N1c1cc(Cl)cn2c1=O,中毒,21.214363,16.057194
O=C1c2cc(-c3cn[nH]n3)nn2CCC(CSc2cc(F)c(F)c(F)c2)N1c1cc(Cl)cn(C2CC(O)(CO)C2)c1=O,中毒,4.816553,33.968105
Clc1nc(NCc2cccc(Br)c2)c2cc(-c3cc(-c4cn[nH]n4)cs3)sc2n1,中毒,17.558254,45.63679
Fc1cccc(F)c2c3cc4n5ccnc5c5ccc(c2n5)n2cccc1CC(C(n1cnnc1N1Cc5nc(-c6cn[nH]n6)sc5C1)=CC=4)C(CC3)C2,中毒,16.799622,9.939742
Fc1cncc(-c2ccc(C34CN(c5cn[nH]n5)CC(C(F)(F)C3)C43CN(Cc4ccccn4)C3c3cccc(Cl)c3)cc2)c1,中毒,14.887593,18.289934
N#Cc1ccc(C2N(c3cc(Cl)cn(C4CC(O)(CO)C4)c3=O)C(=O)c3nc(-c4cn[nH]n4)c(-c4ccc(Cl)cc4)n32)cc1,中毒,32.68572,13.447941
O=c1c2c(Cl)cccc2nc(N2C(c3cn[nH]n3)CC23CCN(S(=O)(=O)c2ccc(F)cc2)CC3)n1-c1ccc(F)cc1F,中毒,7.0831,21.177448
Brc1cc2c(N3CCC(c4nc(-c5cn[nH]n5)cs4)CC3)ccnc2cn1,中毒,13.108651,13.332484
O=c1[nH]ccc2c1c(-c1cn[nH]n1)cn2-c1cccc(CCC(O)(c2ccc(F)cc2)c2ccc(F)cc2)c1,中毒,13.274831,35.842884
O=C1C(c2c(Oc3ccc(NC4=NCC(F)(F)C4)cc3F)ncc(Br)c2NS(=O)(=O)C2CCOCC2)=CN1c1cn[nH]n1,中毒,5.3448524,52.589146
OC1(c2ccc(Cl)cc2)c2cc(F)cc(F)c2-c2cc(-c3cn[nH]n3)cc(-c3ccncc3)c21,中毒,38.0346,17.349674
FC1=C(c2cc3c([nH]2)c(C(F)(F)F)nc2cc4c(cc23)OCO4)C(c2cn[nH]n2)=C1,中毒,14.150584,60.95462
C1=CC2(CC1=Cc1ccc3[nH]ncc3c1)CN(Cc1ccc(-c3cn[nH]n3)cc1)CCO2,高毒,10.124667,55.825775
O=C1c2nc(-c3cn[nH]n3)nn2C(c2cccs2)N1c1cc(Cl)cn(C2CC(O)(CO)C2)c1=O,中毒,28.832989,46.02951
O=C1c2cc(-c3cn[nH]n3)n(-c3ccc(Cl)cc3F)c2C(c2ccc(Cl)cc2)N1c1cc(Cl)cn(C2CC(O)C(O)(CO)C2)c1=O,中毒,12.488247,11.513729
Nc1ccc(Nc2nc(-c3ccccc3)c3c(-c4cn[nH]n4)c[nH]c3n2)cc1Cl,中毒,32.20924,24.927217
O=C1c2cc(-c3cn[nH]n3)cc(-c3ccoc3)c2CCC(c2ccc(Cl)cc2)N1c1cc(Cl)cn(C2CC(O)(CO)C2)c1=O,中毒,8.478291,18.239529
Oc1nc(NCc2ccco2)nc2cc(-c3cn[nH]n3)ccc12,中毒,17.197083,67.758736
O=C1c2cc(-c3cn[nH]n3)n(-c3cc(F)c(Cl)cc3Cl)c2C(c2ccc(Cl)cc2)N1c1cc(Cl)cn(C2CC(O)(CO)C2)c1=O,中毒,18.205946,11.513729
Clc1c(-c2cn[nH]n2)cn2c3c(c(N4CCN5CCCC5C4)nc12)CCC3,中毒,16.577873,10.364235
O=C1c2c(c(=O)nc(Sc3cccc(Cl)c3F)n2-c2cn[nH]n2)C(c2c[nH]c3cc(Cl)ccc23)N1c1cc(Cl)cn(C2CC(O)(CO)C2)c1=O,中毒,28.45149,18.300135
O=c1c(N2C(O)c3cc(-c4cn[nH]n4)n(-c4cc(Cl)cc(Cl)c4)c3C2c2ccc(Cl)cc2)cc(Cl)cn1C1CC(O)(CO)C1,中毒,26.991571,12.110745
c1coc(-c2ccc(CN3CCn4nc(-c5cn[nH]n5)cc4C3)s2)c1,中毒,13.9108095,12.789023
Fc1cc(-c2cccc3sc(-c4cn[nH]n4)nc23)ccc1N1CCNCN1,中毒,22.890593,55.929596
O=C1c2cc(-c3cn[nH]n3)n(-c3ccc(Cl)cc3F)c2C(c2ccc(Cl)c(Cl)c2)N1c1cc(Cl)cn(C2CC(O)(CO)C2)c1=O,中毒,15.540574,11.513729
O=C(O)c1cn(-c2ccc(Cl)cc2)c2cc(N3Cc4cc(-c5cn[nH]n5)n(-c5ccc(Cl)cc5)c4C3c3ccc(Cl)cc3)c(F)cc2c1=O,中毒,15.763229,14.922599
O=C1c2cc(-c3cn[nH]n3)n(-c3ccc(F)cc3F)c2C(c2ccc(Cl)cc2)N1c1cc(Cl)cn(C2CC(O)C(O)C(O)C2)c1=O,中毒,12.488247,11.513729
O=C1C(C2=C3C=C(c4cn[nH]n4)C=C3CCC2O)=CN1Cc1cn(CCc2cccc(-c3cncnc3F)c2)nn1,中毒,19.706827,11.948566
O=C1c2cc(-c3cn[nH]n3)n(-c3ccc(Cl)c(Cl)c3)c2C(c2cccc(Cl)c2)N1c1cc(Cl)cn(C2CC(O)(CO)C2)c1=O,中毒,14.882899,11.513729
O=C1c2cc(-c3cn[nH]n3)c(-c3ccc(Cl)cc3)n2C(c2cccs2)N1c1cc(Cl)cn(C2CC(O)(CO)C2)c1=O,中毒,36.83937,13.503714
O=c1c(N2C(O)c3cc(-c4cn[nH]n4)n(-c4cc(Cl)cc(Cl)c4)c3C(c3ccc(Cl)cc3)C2c2ccc(Cl)cc2)cc(Cl)cn1C1CC(O)(CO)C1,中毒,29.804464,13.503714
O=c1c2cccn2nc(-c2cn[nH]n2)n1-c1ccc(Cl)cc1,低毒,16.324678,45.352905
NC(=O)n1cc(-c2c(-c3cn[nH]n3)cc3n2C(c2ccc(Cl)cc2)N(c2cc(Cl)cn(C4CC(O)(CO)C4)c2=O)C3=O)cc1Cl,中毒,19.951618,13.503714
c1nc(Nc2ccc3sccc3c2)cc(Oc2cncc(-c3cn[nH]n3)c2)n1,中毒,30.084986,79.94016
O=C1c2cc(-c3cn[nH]n3)n(-c3cc(F)c(Cl)cc3Cl)c2C(c2ccc(Cl)cc2)N1c1cc(Cl)cn(C2CC(O)CC(O)C2)c1=O,中毒,18.205946,11.513729
N#Cc1ccc(C2c3c(cc(-c4cn[nH]n4)n3-c3ccc(F)cc3F)C(=O)N2c2cc(Cl)cn(C3CCOC3)c2=O)cc1,中毒,17.272402,13.466203
O=S(=O)(Oc1ccc2[nH]c(C3=C4CCCCC5C6CC(=NC(c7cn[nH]n7)=C4c4ccsc4)N3CC56)cc2c1)N1CCOCC1,中毒,18.641792,17.484896
O=c1c(N2C(Cl)c3cc(-c4cn[nH]n4)n(-c4ccc(Cl)cc4F)c3C2c2ccc(Cl)cc2)cc(Cl)cn1C1CC(O)(CO)C1,中毒,36.83937,24.562975
O=C1c2cc(-c3cn[nH]n3)n(-c3ccc(Cl)cc3Cl)c2C(c2ccc(Cl)cc2)N1c1cc(Cl)cn(C2CCCC2)c1=O,中毒,22.035963,14.026334
O=C1c2cc(-c3cn[nH]n3)n(-c3ccc(-c4cccnc4)nc3)c2C(c2ccc(Cl)cc2)N1c1cc(Cl)cn(C2CC(O)(CO)C2)c1=O,中毒,56.95321,11.513729
c1cnc2nc(COc3ccc(-c4c(-c5cn[nH]n5)nn5ccc(N6CCOCC6)cc45)cc3)ccc2c1,中毒,6.6910686,69.87136
O=C1c2cc(-c3cn[nH]n3)n(O)c2C(c2ccc(Cl)cc2)N1c1cc(Cl)cn(C2CC(O)(CO)C2)c1=O,中毒,11.688109,13.466203
O=C1c2cc(-c3cn[nH]n3)n(-c3cccc(Cl)c3)c2C(c2ccc(Cl)cc2)N1c1cc(Cl)cn(C2CC(O)(CO)C2)c1=O,中毒,14.882899,11.513729
O=[N+]([O-])c1cc2c(cc1Oc1cccnc1Br)-c1cc(-c3cn[nH]n3)n(-c3ccc(Cl)cc3)c1C2,中毒,15.552394,45.7924
Clc1ccc(Cl)c(-c2nccnc2Oc2ccc(-c3cc4c(cc3Br)-c3c(cc(-c5cn[nH]n5)n3-c3ccncc3)C4)cc2)c1,低毒,13.036605,8.372891
O=C1c2cc(-c3cn[nH]n3)n(-c3ccc(F)cc3)c2C(c2cccnc2)N1c1cc(Cl)cnc1C1CCC1,中毒,47.20036,14.1463
CC1(n2cc(Cl)cc(C3=C(C#N)n4c(cc(-c5cn[nH]n5)c4-c4ccc(Cl)cc4)C3)c2=O)CC1,中毒,13.195459,17.241938
O=C1c2cc(-c3cn[nH]n3)n(-c3ccc(Cl)cc3Cl)c2C(c2ccc(F)cc2)N1c1cc(Cl)cn(C2CC(O)(CO)C2)c1=O,中毒,18.205946,11.513729
FC1=NC=C2C3Cc4cc(-c5cn[nH]n5)nc(-c5c(Cl)cccc5Cl)c4CN2C3CCCC=C1c1cccc(F)c1,中毒,76.41338,18.314245
Clc1ccc(Nc2nc(Nc3cncnc3)nc3c2=C2C=C(c4cn[nH]n4)C=C2C=3c2ccnn2C2CC(c3ccc(Br)cc3)=NN2c2cccnc2)cc1,中毒,91.65269,14.3937645
O=c1c2c(sc3ccccc13)-c1c-2cc(-c2cn[nH]n2)n1-c1ccc(Cl)cc1,中毒,3.7099383,19.9879
c1cc2[nH]cc(C(c3ccc(-c4cn[nH]n4)cc3)C3CC3)c2cc1-c1cnn(C2(CN3CCOCC3)CC2)c1,中毒,3.3538034,68.33818
O=c1nc(N2CC2c2ccncc2)c2c(nc1-c1cn[nH]n1)CN(c1cc(Cl)cn(C3CC(O)(CO)C3)c1=O)C2c1ccc(Cl)cc1Cl,中毒,10.485148,28.219782
O=C1c2cc(-c3cn[nH]n3)n(-c3ccc(F)cc3Br)c2C(c2ccc(Cl)cc2)N1c1cc(Cl)cn(C2CC(O)(CO)C2)c1=O,中毒,14.882899,11.513729
O=C1c2cc(-c3cn[nH]n3)n(-c3ccc(F)cc3)c2C(c2ccc(Cl)s2)N1c1cc(Cl)cn(C2CC(O)(CO)C2)c1=O,中毒,15.111123,11.513729
Clc1cc2c(cc1I)Oc1cc(-c3ccncc3)c(-c3cn[nH]n3)cc1O2,中毒,29.657902,15.392575
Clc1ccc(C2c3cc(-c4cn[nH]n4)n(-c4ccc(Cl)cc4Cl)c3C(c3ccc(Cl)cc3)N2c2ccc(Cl)c(Cl)c2)cc1,中毒,29.275309,17.35497
Fc1cc(Cl)ccc1C1=C(c2ccncc2)Cc2sc(-c3cn[nH]n3)cc2C1,中毒,16.95715,37.21576
Oc1cc(-c2csc(-c3ccnc4[nH]cc(-c5cn[nH]n5)c34)c2)ccn1,中毒,6.347252,17.620966
Clc1ccc2ccc(Nc3nccn4c(-c5cn[nH]n5)cnc34)cc2n1,中毒,31.584694,58.072464
Clc1cccc(Cl)c1CN1Cc2nc(-c3cn[nH]n3)sc2C1,低毒,32.288235,15.9048605
O=C1c2nc(-c3cn[nH]n3)n(-c3ccc(Cl)cc3)c2C(c2ccc(Cl)cc2)N1c1cc(Cl)cn(C2CC(O)C(Cl)C2)c1=O,中毒,26.73113,34.717995
O=C1c2cc(-c3cn[nH]n3)c(=O)[nH]c2C(c2ccc(Cl)cc2)N1c1cc(Cl)cn(C2CC(O)C(O)C2)c1=O,中毒,13.216523,12.087409
OC1Cc2cc(-c3cn[nH]n3)cc(-c3cn(COC4Cc5ccccc5C4)c4c(N5CCOCC5)ncnc34)c21,中毒,18.775408,64.22769
O=C1c2cc(-c3cn[nH]n3)n(-c3ccc(F)cc3F)c2C(c2ccc(Cl)cc2Cl)N1c1cc(Cl)cn(C2CC(O)C(O)C2)c1=O,中毒,15.540574,11.513729
O=c1c(N2Cc3cc(-c4cn[nH]n4)n(-c4ccc(F)cc4Cl)c3C2c2ccc(Cl)cc2)cc(Cl)cn1C12CC3CC(CC(C3)C1)C2,中毒,29.275309,14.026334
c1cc(-c2cc3ncc(-c4cn[nH]n4)cc3s2)ns1,中毒,24.506977,39.21545
O=C(c1cccc2cnccc12)N1CC(C(NS(=O)(=O)c2ccc(Cl)s2)c2cn(-c3cn[nH]n3)nn2)CC1O,中毒,13.346145,19.505451
O=c1c(N2Cc3cc(-c4cn[nH]n4)cc(-c4cn[nH]c4C4CC4c4ccc(F)cc4)c3C2c2ccc(F)cc2)cc(Cl)cn1C1CC(O)(CO)C1,中毒,14.720647,16.862432
O=C1C2=C3C1Oc1cc(-c4cn[nH]n4)n(-c4ccc(F)cc4)c1C(c1ccc(F)cc1)N(c1cnc(Cl)c(Cl)c1)C3C(=O)c1ccccc1O2,中毒,32.733707,13.503714
c1cncc(CNc2cc(-c3cn[nH]n3)cc3c2CCN(c2nc(-c4cccnc4)ns2)C3)c1,中毒,89.39167,38.524815
O=C1c2nc(-c3cn[nH]n3)cc(-c3cccnc3)c2C(c2ccc(Cl)cc2)N1c1cc(Cl)cn(C2CC(O)(CO)C2)c1=O,中毒,71.77426,12.110745
O=CC1(c2ccc(Cl)cc2)C=c2c(nc(Nc3cc(F)c(F)c(F)c3)n(-c3cn[nH]n3)c2=O)=C1I,中毒,7.968274,35.858932
O=C1c2cc(-c3cn[nH]n3)n(-c3ccc(F)cc3F)c2C(c2ccc(Cl)cc2)N1c1cc(Cl)cn(C2CCOCC2)c1=O,中毒,17.272402,13.466203
O=C1Cc2nc(-c3cn[nH]n3)n(-c3ccc(Cl)cc3)c2C(c2ccc(Cl)cc2)N1c1cc(Cl)cn(C2CC(O)(CO)C2)c1=O,中毒,15.809174,34.717995
O=C1c2cc(-c3cn[nH]n3)n(-c3ccc(Cl)cc3)c2C(c2ccccc2Cl)N1c1cc(Cl)cn(C2CC(O)(CO)C2)c1=O,中毒,12.488247,11.513729
O=C1c2cc(-c3cn[nH]n3)n(-c3ccc(Cl)cc3)c2C(c2ccc3c(c2)OCO3)N1c1cc(Cl)cn(C2CC(O)(CO)C2)c1=O,中毒,14.882899,13.466203
Fc1ccc(Oc2ccc(C3=[S+]C4=CC(c5cn[nH]n5)=CC4=C3c3c(F)cccc3Cl)cc2)cc1,中毒,15.254489,81.653786
O=C1C2=CC(Cl)=CN3CC3CC(O)(CO)Cc3cc(-c4cn[nH]n4)cc(-c4c(F)cccc4Cl)c3C(c3ccc(Cl)cc3)N12,中毒,17.662836,12.521486
O=C1c2cc(-c3cn[nH]n3)n(-c3cccc(F)c3)c2C(c2ccc(Cl)cc2)N1c1cc(Cl)cn(C2CC(O)C(O)(CO)C2)c1=O,中毒,14.882899,11.513729
O=c1c(N2Cc3cc(-c4cn[nH]n4)n(-c4ccc(F)cc4F)c3C2c2ccc(Cl)cc2)cc(Cl)cn1C1CC(O)C1O,中毒,15.763229,11.513729
Fc1sccc1Nc1ncc(-c2nc3c(cc2N2CCN(C4CCOCC4)CC2)c(-c2cn[nH]n2)cc2sc(C4=CCCNC4)cc23)cn1,中毒,10.533189,11.09845
O=c1c(-n2c(-c3ccc(Cl)cc3)c(-c3ccc(Cl)cc3)c3c(cc(-c4cn[nH]n4)n3-c3ccc(Cl)cc3F)c2=O)cc(Cl)cn1C1CC(O)(CO)C1,中毒,10.328205,27.8403
Fc1ccc(C(OCCN2CCC3=C(C2)C(c2cccnc2)c2cc(-c4cn[nH]n4)c(Cl)nc23)c2ccc(F)cc2)cc1,中毒,61.559532,10.765333
O=C1c2cc(-c3cn[nH]n3)c(-c3cc(Cl)cc(Cl)c3)n2C(c2cc(Cl)cc(Cl)c2)N1c1cc(Cl)cn(C2CC(O)(CO)C2)c1=O,中毒,19.951618,13.503714
O=c1c(-c2cn[nH]n2)cc2c(-c3ccc4nonc4c3)nc(N3CCOCC3)nc2n1C1CCCC1,中毒,3.929872,66.4116
O=C1C2=CC(c3cnn(C4CC4)c3)=CC=Nc3cc(-c4cn[nH]n4)c(cc3C(c3ccc(Cl)cc3)N3C(=O)C3=CC(Cl)=CN1C1CC(O)(CO)C1)N2,中毒,24.611593,22.343626
O=C1OCCC1N1CC2CCC1CN(Cc1cnn(-c3cn[nH]n3)c1)C2,中毒,48.863937,22.757433
O=c1c(N2Cc3cc(-c4cn[nH]n4)n(-c4ccc(F)cc4)c3C2c2ccc(Cl)cc2)cc(Cl)cn1C1CC(O)(CO)C1,中毒,19.24008,11.513729
c1cc2c(cc1N1CCOCC1)oc1c(C3CC3)cc(-c3cn[nH]n3)cc12,高毒,3.5217545,89.32549
O=c1c(N2Cc3cc(-c4cn[nH]n4)n(-c4ccc(Cl)cc4)c32)cc(Cl)cn1C1CC(O)C(O)C1,中毒,33.35466,34.27415
FC(F)(F)c1cc(-n2nnnc2CN2CCC3=C2CCCC3c2cn[nH]n2)cc(C(F)(F)F)c1,中毒,11.705382,23.313646
O=C1c2cc(-c3cn[nH]n3)n(-c3ccc(Cl)cc3F)c2C(c2ccc(Cl)cc2)N1c1cc(Cl)cn(C2CCOC2)c1=O,中毒,17.272402,13.466203
O=C1N=C(c2cn[nH]n2)C=c2c1c1c3ccc(c(n3)sc2=O)C2CCC(=O)N(c3cc(Cl)cn2c3=O)C1c1ccc(Cl)cc1,中毒,35.092594,11.049523
O=C1c2cc(-c3cn[nH]n3)n(-c3ccc(F)cc3F)c2C(c2ccc3c(c2)OCO3)N1c1cc(Cl)cn(C2CC(O)(CO)C2)c1=O,中毒,12.488247,13.466203
Fc1ccc(F)c(OCCNc2cc(-c3scnc3N3CCc4nc5nc(-c6cn[nH]n6)cn5c(-c5cn[nH]c5)c4C3)ccn2)c1,中毒,27.939644,42.775826
c1cc(N2CCOCC2)ccc1CNc1nc2cc(-c3cn[nH]n3)ccc2[nH]1,中毒,58.890827,206.2259
O=C1c2cc(-c3cn[nH]n3)n(-c3cccc(Cl)c3F)c2C(c2ccc(Cl)cc2)N1c1cc(Cl)cn(C2CC(O)C(O)(CO)C2)c1=O,中毒,12.488247,11.513729
O=P(O)(O)CN(C1CC1)C1CCN(CC2(O)Cc3cc(-c4cn[nH]n4)cc(-c4c(Cl)cccc4Cl)c3C2)C1,中毒,27.786858,24.700075
O=c1c(-c2ccc(F)cc2)c(C2COc3ccc(Br)cc3C2)oc2ncc(-c3cn[nH]n3)cc12,中毒,43.3382,18.293756
O=C1c2nc(-c3cn[nH]n3)n(-c3ccc(Cl)cc3)c2C(c2ccc(Cl)cc2)N1c1cc(Cl)cn(C2CCC(O)C2)c1=O,中毒,26.73113,34.717995
Clc1cc(Cl)c2oc3ccc(CN4CCOc5cc(-c6cn[nH]n6)ccc54)nc3c2c1Cl,中毒,4.7126703,49.601334
O=c1c(N2Cc3nc(-c4cn[nH]n4)cc(-c4ncnn4-c4ccc(F)cc4)c3C2c2ccc(Cl)cc2)cc(Cl)cn1C1CC(O)(CO)C1,中毒,39.425797,28.945686
c1ccc(-c2ncc3cc(-c4cn[nH]n4)cnc3n2)nc1,中毒,20.496658,94.52358
O=c1c(N2Cc3cc(-c4cn[nH]n4)n(-c4ccc(F)cc4F)c3C2c2ccc(Cl)cc2)cc(Cl)cn1C1CC(O)(C(O)CO)C1,中毒,15.763229,11.513729
O=C1OCOc2cc3ccc2-c2cc(-c4cn[nH]n4)cc(-c4c(Cl)cccc4Cl)c2C(c2cc4c(cc2Br)OCO4)C3N1Cc1ccoc1,中毒,19.619282,26.135107
O=C1COC(c2cccc(Cl)c2)COc2c1cc(-c1cn[nH]n1)cc2-c1c(Cl)cccc1Cl,中毒,31.351728,49.239964
O=C1c2cc(-c3cn[nH]n3)c(-c3c(Cl)cccc3Cl)n2C(c2ccc(Cl)cc2)N1c1cc(Cl)cn(C2CC(O)(CO)C2)c1=O,中毒,32.68572,13.503714
O=C1c2cc(-c3cn[nH]n3)n(-c3ccc(Cl)cc3)c2C(c2ccc(Cl)cc2)N1c1ccc(Cl)c(Cl)c1O,中毒,31.338547,19.200811
O=C1c2cc(-c3cn[nH]n3)n(-c3ccc(F)cc3F)c2C(c2ccco2)N1c1cc(Cl)cn(C2CC(O)(CO)C2)c1=O,中毒,10.762919,11.513729
O=C1c2cc(-c3cn[nH]n3)n(-c3ccc(Cl)cc3)c2C(c2ccc(Cl)cc2)N1c1cc(Cl)c(=O)n(C2CCCCC2)c1F,中毒,22.035963,15.904917
O=c1c(N2Cc3cc(-c4cn[nH]n4)n(-c4ccc(F)cc4)c3C2c2ccc(Cl)cc2)cc(Cl)cn(C2CC(O)(CO)C2)c1=O,中毒,19.24008,11.513729
O=C1c2cc(-c3cn[nH]n3)n(-c3ccc(Cl)cc3F)c2C(c2ccc(Br)cc2)N1c1cc(Cl)cn(C2CC(O)(CO)C2)c1=O,中毒,12.488247,11.513729
O=C1c2nc(-c3cn[nH]n3)sc2C(c2ccsc2)N1c1cc(Cl)cn(C2CC(O)(CO)C2)c1=O,中毒,59.929935,13.872758
O=C1c2cc(-c3cn[nH]n3)n(-c3ccc(F)cc3)c2C(c2cccc(Cl)c2F)N1c1cc(Cl)cn(C2CC(O)(CO)C2)c1=O,中毒,14.882899,11.513729
Fc1cc(-n2c(-c3cn[nH]n3)cc3c2C(c2ccc(Cl)cc2)N(c2csc(Cl)c2)C3)c(F)cc1Br,中毒,29.142914,22.077744
O=C1C=CC2(CC1)C1=Cc3cc(-c4cn[nH]n4)n(-c4ccc(Cl)cc4Cl)c3C(c3ccc(Cl)cc3)N1C(=O)NC2c1ccc(Cl)cc1,中毒,18.339478,18.161255
N#Cc1ccc(C2CN(c3ncncc3C3CC3)Cc3c2cc(-c2cn[nH]n2)n3-c2ccc(F)cc2F)cc1,中毒,21.947083,42.96402
O=C1c2cc(-c3cn[nH]n3)c(-c3ccc(Br)cc3)n2C(c2ccc(Cl)cc2)N1c1cc(Cl)cn(C2CC(O)(CO)C2)c1=O,中毒,19.951618,13.503714
O=C1c2cc(-c3cn[nH]n3)nn2CC(c2ccco2)N1c1cc(Cl)cn(C2CC(O)C(O)C2)c1=O,中毒,21.754099,13.466203
N=c1c(N2C(=O)c3cc(-c4cn[nH]n4)c(-c4ccc(F)cc4F)n3C2c2ccc(Cl)cc2)cc(Cl)cn1C1CC(O)(CO)C1,中毒,36.83937,13.503714
O=C1c2nc(-c3cn[nH]n3)nc(Nc3ccc(F)c(Cl)c3)c2C(c2cccc(Cl)c2F)N1c1cc(Cl)cn(C2CC(O)C(O)C2)c1=O,中毒,16.921463,13.466203
O=C1c2cc(-c3cn[nH]n3)n(-c3cc(Cl)cnc3Cl)c2C(c2ccc(Cl)cc2)N1c1cc(Cl)cn(C2CC(O)(CO)C2)c1=O,中毒,18.205946,11.513729
c1csc(C2Oc3cnc(N4CCc5nc(-c6cn[nH]n6)sc5C4)cc32)c1,中毒,56.32588,39.03412
O=C1c2nc(-c3cn[nH]n3)sc2CC(c2ccncc2)N1c1cc(Cl)cn(C2CC(O)(CO)C2)c1=O,中毒,67.53135,41.73536
O=C(O)CC1CC=C(c2c(CN3CCOCc4ccccc43)sc3ncn(CCSc4ncc(-c5ccccc5Cl)n4-c4cn[nH]n4)c(=O)c23)CC1,中毒,81.76014,23.832972
O=C(O)C1=C(N2CCOCC2)N=c2c(cc(F)c3c2=CC(c2cn[nH]n2)=C3)C1=O,中毒,14.320681,19.407547
O=c1o[nH]c2ccc(Nc3cc(N4CCc5cc(-c6cn[nH]n6)c(Oc6ccc(Br)cc6)cc5C4)ncn3)cc12,中毒,43.138668,14.029076
O=C1c2cc(-c3cn[nH]n3)n(-c3cc(Cl)cc(Cl)c3)c2C(c2ccc(Cl)cc2)N1c1cc(Cl)cn(C2CC(O)C(O)C2)c1=O,中毒,14.882899,11.513729
O=C1c2cc(-c3cn[nH]n3)[nH]c2CC(c2cc(Cl)ccc2Cl)N1c1cc(Cl)cn(C2CC(O)(CO)C2)c1=O,中毒,26.415432,15.303033
O=c1c(N2Cc3cc(-c4cn[nH]n4)cc(-c4cncnc4)c32)cc(Cl)cn1C1CC(O)(CO)C1,中毒,18.619787,18.206211
Oc1ccc(-c2c(-c3cn[nH]n3)nc(N(C3CC3)C3CC3)nc2-c2cc(Br)n[nH]2)cc1F,中毒,3.9236734,30.35978
c1cn2ccc(Nc3nc(-c4ccc(N5CCC(N6CCNC6)CC5)nc4)nc(-c4cn[nH]n4)n3)cc2n1,中毒,19.118298,58.939667
C1=C(c2cn[nH]n2)C2=C(c3ccc(N4CCOCC4)cc3)N=C(c3nc4ccccc4[nH]3)C2=N1,中毒,29.52702,29.831743
O=C1c2cc(-c3cn[nH]n3)c(=O)[nH]c2C(c2ccc(Cl)cc2)N1c1cc(Cl)cn(C2CC(O)(CO)C2)c1=O,中毒,13.216523,12.087409
O=C1CCCC(N2C3CC4=CC=CC(Cl)=CN(C4)CC4Oc5c(-c6cn[nH]n6)cnc(c5C3)CC42)CC1,中毒,10.468103,18.720287
NC1NC(c2c[nH]c3ccccc23)CC2(N1)c1ccc(F)cc1C1(CN3CCCC(CS1)C3)c1c(-c3c(Cl)cccc3Cl)cc(-c3cn[nH]n3)cc12,中毒,9.562689,17.798532
FC1(F)CCN(c2nc(-c3cc(-c4cn[nH]n4)nc(C4CC4)n3)cnc2N2CCn3cnc(C4CCOC4)c3C2)C1,中毒,52.21997,14.2372675
O=C1c2cc(-c3cn[nH]n3)c(=O)n(CC3CC3)c(=O)c2C(c2ccc(Cl)cc2)N1c1cc(Cl)cn(C2CC(O)(CO)C2)c1=O,中毒,8.614452,12.087409
Fc1cc2ncnc(-c3ccc4oc(C5CCNC5)nc4c3)c2cc1-c1cn[nH]n1,中毒,4.1899304,90.748505
C1=C(c2cc(-c3cn[nH]n3)cs2)CCN(Cc2ccc3[nH]ccc3c2)C1,低毒,1.0880104,18.018646
O=c1c(N2Cc3cc(-c4cn[nH]n4)n(-c4cc(F)c(Cl)c(F)c4F)c3C2c2ccc(Cl)cc2)cc(Cl)cn1C1CC(O)(CO)C1,中毒,15.763229,11.513729
c1cc(-c2ccc(C3CC4(CC(c5ccc(C6CC6)nc5)O4)CN3c3cn[nH]n3)cc2)cs1,中毒,39.11954,87.82925
N#Cc1ccc(C2C(c3cn[nH]n3)=CC3=C(C(c4c(Cl)cccc4Cl)=C3)C(c3ccc(Cl)cc3)N2c2cc(Cl)cc(Cl)c2)cc1,中毒,77.90724,29.98132
O=C1c2cc(-c3cn[nH]n3)n(-c3ccc(F)cc3F)c2C(c2ccc(Cl)cc2)N1c1cc(Cl)cn2nc(CO)cc12,中毒,35.920673,15.502344
Oc1c(F)cc(-c2cc(-c3ccc4sc(-c5cn[nH]n5)nc4c3)ccn2)cc1Cl,中毒,104.93596,20.771713
O=C1c2cc(-c3cn[nH]n3)n(-c3ccc(C4CCN(C5CCOC5)C4)cc3)c2C(c2ccc(Cl)cc2I)N1c1cc(Cl)cn(C2CC(O)(CO)C2)c1=O,中毒,38.99518,13.466203
O=c1c(N2Cc3cc(-c4cn[nH]n4)n(-c4ccc(F)c(Cl)c4)c3C2c2ccc(Cl)cc2)nc(Cl)cn1C1CCC(O)(O)C1,中毒,14.882899,17.33289
O=C1c2nc(-c3cn[nH]n3)c(-c3ccc(Cl)cc3Cl)n2C(c2ccc(Cl)cc2)N1c1cc(Cl)cn(C2CC(O)(CO)C2)c1=O,中毒,32.68572,13.447941
Fc1ccc(-n2c(-c3cn[nH]n3)cc3c2Cc2cnc(C4CCCN4)nc2C3)c(F)c1,中毒,8.668396,44.643436
FC(F)CNc1cccc(Nc2ncnc3cc(-c4cn[nH]n4)ccc23)c1,中毒,18.752508,111.36681
O=C1c2cc(-c3cn[nH]n3)n(-c3cc4ccccc4s3)c2C(c2ccc(Cl)cc2)N1c1cc(Cl)cn(C2CC(O)(CO)C2)c1=O,中毒,18.205946,11.513729
O=C1c2c(cc(COc3cccc(Cl)c3Cl)c(=O)n2-c2cn[nH]n2)C(c2ccc(Cl)cc2)N1c1cc(Cl)cn(C2CC(O)(CO)C2)c1=O,中毒,47.680134,12.087409
OCCNc1cc(-c2cc(-c3cn[nH]n3)cc3c2CN(c2nccc4ccccc24)CC3)ncn1,中毒,104.47209,40.760433
O=S1(=O)Cc2ccc(nc2Nc2cc(Cl)ccc2Cl)C2=C3C=C(c4cn[nH]n4)C=C3CC2N1Cc1ccc(Cl)cc1,低毒,10.103878,26.09541
O=C1c2nc(-c3cn[nH]n3)n(-c3ccc(Oc4ccc(Cl)cc4)cc3)c2C(c2ccc(Cl)cc2)N1c1cc(Cl)cn(C2CC(O)(CO)C2)c1=O,中毒,23.043425,34.717995
O=c1c(-c2c(Cl)[nH]c3ccc(O)cc23)nc(-c2ccno2)nc2c(N3CCOCC3)nc(-c3cn[nH]n3)nc12,中毒,12.169936,10.916105
O=C1c2cc(-c3cn[nH]n3)n(-c3ccc(F)cc3F)c2C(c2ccc(Cl)cc2)N1c1cc(Cl)cn(C2CC(O)(CO)C2O)c1=O,中毒,12.488247,11.513729
O=c1c(N2C(O)c3nc(-c4cn[nH]n4)c(-c4ccc(F)c(Cl)c4F)n3C2c2ccc(Cl)cc2)cc(Cl)cn1C1CC(O)(CO)C1,中毒,51.18858,13.503714
O=C1c2nc(-c3cn[nH]n3)nc(-c3c[nH]c4ncccc34)c2C(c2ccc(Cl)cc2)N1c1cc(Cl)cn(C2CC(O)(CO)C2)c1=O,中毒,18.990976,13.466203
O=C1c2cc(-c3cn[nH]n3)nc(-c3cc(F)cc(Cl)c3)c2C(c2ccc(Cl)cc2)N1c1cc(Cl)cn(C2CC(O)(CO)C2)c(=O)c1=O,低毒,7.8750753,33.33846
FC(F)(F)c1ccc(CC2=C3N=c4oc(-c5cn[nH]n5)nc4=C3CN(c3nccs3)C2)c(Br)c1,中毒,20.767769,27.278784
O=C1c2nc(-c3cn[nH]n3)cc(-c3c(Cl)cccc3Cl)c2C(c2ccc(Cl)cc2)N1c1cc(Cl)cn(C2CC(O)(CO)C2)c1=O,中毒,37.24519,12.110745
O=C1c2cc(-c3cn[nH]n3)n(-c3ccc(I)cc3F)c2C(c2ccc(Cl)cc2)N1c1cc(Cl)cn(C2CCC(O)(CO)C2)c1=O,中毒,12.488247,11.513729
Cn1cc(Cl)cc(N2C(=O)c3cc(-c4cn[nH]n4)n(-c4ccc(F)c(Cl)c4)c3C2c2ccc(Cl)cc2)c1=O,中毒,22.121504,14.026334
O=C1c2cc(-c3cn[nH]n3)c(-c3ccc(C(F)(F)F)cc3)n2C(c2ccc(Cl)cc2)N1c1cc(Cl)cn(C2CC(O)(CO)C2)c1=O,中毒,32.68572,13.503714
O=C1c2cc(-c3cn[nH]n3)n(-c3nc(-c4ccsc4)ncc3F)c2CC(c2ccc(C(F)(F)F)cc2)N1c1cc(Cl)cn(C2CC(O)(CO)C2)c1=O,中毒,32.17651,13.503714
Fc1ccc(F)c(NC2=NC3(OCC(F)F)c4c(-c5cccnc5)cc(-c5cn[nH]n5)cc4C3C2=Cc2cccn2CCl)c1,中毒,28.37206,52.604206
O=C(O)C1(O)CC(n2cc(Cl)cc(N3Cc4cc(-c5cn[nH]n5)cc(-c5c(Cl)cccc5Cl)c4C3c3ccc(Cl)cc3)c2=O)C1,中毒,9.036046,9.912456
O=C1c2cc(-c3cn[nH]n3)n(-c3ccc(Cl)cc3F)c2C(c2ccc(Cl)cc2)N1c1cc(Cl)co1,中毒,20.956598,21.729755
O=C1c2nc(-c3cn[nH]n3)c(Br)c(-c3c(Cl)cccc3Cl)c2C(c2ccc(Cl)cc2)N1c1cc(Cl)cn(C2CC(O)(CO)C2)c1=O,中毒,37.24519,12.110745
FC(F)(F)c1ccc(C2=CC=C3C4C(=C2)CCN3c2cc(-c3cn[nH]n3)n(-c3ccc(Cl)cc3)c2C(c2ccc(Cl)cc2)N4c2ccc(Cl)cc2)cc1,中毒,17.272402,19.648664
S=C1C(c2cn[nH]n2)=NN=C(c2ccc(Br)cc2)c2ccccc2N1C1CCCC1,中毒,18.44529,59.166565
O=C1c2[nH]c3ccc(-c4cn[nH]n4)cc3c2C(c2ccncc2)N1c1cc(Cl)cn(C2CC(O)(CO)C2)c1=O,中毒,27.185892,33.968105
O=C1c2cc(-c3cn[nH]n3)n(-c3ccc(F)cc3)c2C(c2ccc(Cl)cc2)N1c1cc(Cl)cn(C2CCOCC2)c1=O,中毒,22.121504,13.466203
Brc1ccc(NC2=NC(c3ccsc3)C3C=C(c4cn[nH]n4)CN23)cc1,中毒,5.365962,44.25261
Clc1cc(Cl)c(-c2cn[nH]n2)c(OCC2CCCO2)c1,高毒,14.707663,127.42878
O=C1C2CC(O)(CO)Cc3nc(-c4cn[nH]n4)n(-c4ccc(F)cc4F)c3C(c3cccc(C(F)(F)F)c3)N1c1cc(Cl)cn2c1=O,中毒,15.763229,13.503714
Oc1c(Cc2ccc(-c3ccc(F)cn3)nc2)c(-c2cn[nH]n2)nn2c(-c3ccsc3)nnc12,中毒,10.357131,33.69392
O=C1c2cc(-c3cn[nH]n3)n(-c3ccc(Cl)cc3F)c2C(c2ccc(Cl)cc2)N1c1cc(Cl)cn(C2CC(O)C(O)C(O)C2)c1=O,中毒,12.488247,11.513729
O=C1C2CC(O)(CO)Cc3cc(-c4cn[nH]n4)cc(-c4cc(Cl)ccc4Cl)c3C(c3ccc(Cl)cc3)N1c1cc(Cl)cn2c(=O)c1=O,中毒,14.0745,35.111286
N#Cc1ccc(C2c3c(cc(-c4cn[nH]n4)n3-c3ccc(Cl)cc3F)C(=O)N2c2cc(Cl)cn(C3CC(O)(CO)C3)c2=O)cc1,中毒,12.488247,11.513729
O=c1c2c(-c3ccc(OCC4CC4)cc3)sc(C3C4CCCC43)c2nc(-c2cn[nH]n2)n1-c1cscn1,中毒,50.579563,19.102287
O=C1c2cc(-c3cn[nH]n3)c(-c3ccc(Cl)cc3)nc2C(c2ccc(Cl)cc2)N1c1cc(Cl)cn(C2CC(O)C(O)C2)c1=O,中毒,13.216523,12.087409
O=C1C(c2cn[nH]n2)=CC2=C(C(c3ccc(Cl)cc3)N1c1cc(Cl)cn(C3CC(O)(CO)C3)c1=O)n1nc(-c3c(F)cccc3F)cc12,中毒,32.17651,13.503714
Clc1ccc(Nc2cc(Cl)ccc2-n2c(-c3cn[nH]n3)cc3c2C2(CCOC2)C3)cc1,中毒,19.320389,60.916454
FC(F)(F)C1(c2ccnc3ccc(Cl)cc23)c2cc(-c3cn[nH]n3)nc(-c3ccn4ncnc4c3)c21,中毒,15.9660845,18.920126
Clc1ccc2c(C3CN(C4CC5CCOCC5C4)C#Cc4nc(-c5cn[nH]n5)sc43)c[nH]c2c1,中毒,28.572248,25.94438
NS(=O)(=O)c1ccc2cc(-c3ccc4c(c3)oc3cc(Br)c(-c5cn[nH]n5)cc34)sc2c1,高毒,23.296951,29.163288
O=C1c2cc(-c3cn[nH]n3)n(-c3ccc4c(c3)CCNC4)c2C(c2ccc(Cl)cc2)N1c1cc(Cl)cn(C2CC(O)(CO)C2)c1=O,中毒,14.882899,12.110745
O=C1c2cc(-c3cn[nH]n3)n(-c3ccc(Br)cc3)c2C(c2ccc(Cl)cc2C(F)(F)F)N1c1cc(Cl)cn(C2CC(O)(CO)C2)c1=O,中毒,18.205946,12.110745
Fc1cc(N2CCOCC2)ccc1Oc1nc(-c2ccnc(Nc3cccnn3)c2)nc2nc(-c3cn[nH]n3)oc12,中毒,4.081193,100.14399
O=C1N(c2cc(Cl)cn(C3CC(O)(CO)C3)c2=O)C(c2ccc(Cl)cc2)c2c(-c3ccc(Cl)cc3)c(-c3cn[nH]n3)cn21,中毒,7.7003746,16.230408
O=c1c(N2Cc3cc(-c4cn[nH]n4)n(-c4c(Cl)cccc4Cl)c3C2c2ccc(Cl)cc2)cc(Cl)cn1C1CC(O)(CO)C1O,中毒,24.385923,11.513729
O=C1c2cc(-c3cn[nH]n3)c(C3CC3)cc2N1c1cc(Cl)cn(C2CC(O)(CO)C2)c1=O,中毒,27.231516,19.23925
Oc1ccc2ncnc(N3CCOCC3)c2c1-c1c(F)c(-c2cn[nH]n2)cc2c1CNNC2c1ccco1,中毒,25.29343,29.350063
O=c1c(N2Cn3nc(-c4cn[nH]n4)c(-c4ccc(F)c(F)c4F)c3C2c2ccc(Cl)cc2)cc(Cl)cn1C1CC(O)(CO)C1,中毒,5.2253237,16.862432
O=c1c(N2C(O)c3cc(-c4cn[nH]n4)cc(-c4c(F)cccc4F)c3C2c2ccc(Cl)cc2)cc(Cl)cn1C1CC(O)(CO)C1,中毒,6.3808517,8.960914
O=C1c2cc(-c3cn[nH]n3)n(-c3ccc(Cl)cc3Cl)c2C(c2ccc(Cl)cc2F)N1c1cc(Cl)cn(C2CC(O)(CO)C2)c1=O,中毒,18.205946,11.513729
O=Cc1cc(Cl)c(Cl)cc1-n1c(-c2cn[nH]n2)cc2c1C(c1ccc(Cl)cc1)N(c1cc(Cl)cn(C3CC(O)(CO)C3)c1=O)C2=O,中毒,14.882899,11.513729
N#Cc1cccc(C2c3c(cc(-c4cn[nH]n4)n3-c3ccc(Cl)cc3)C3CCN=C3N2c2cc(Cl)cn(C3CC(O)(CO)C3)c2=O)c1,中毒,20.18954,17.379768
O=C1CCCC2=C1N(c1ccccc1C(=O)N1CCc3ccccc3C1)C1=C(CC(Cc3cn[nH]n3)=C1)C(c1ccc(Cl)cc1)N2c1ccccc1,中毒,78.130325,62.55354
Fc1ccc(-c2csc(N3Cc4cc(-c5cn[nH]n5)sc4C3)n2)cc1,中毒,21.724913,11.307266
O=[N+]([O-])c1cc2c(cc1F)-c1c(-c3ccc(F)cc3)cc(-c3cn[nH]n3)cc1C2c1ccc(Cl)cc1,低毒,61.70543,40.895317
c1cc(C2CN(Cc3cn(-c4nc(-c5cn[nH]n5)cs4)nn3)CCO2)no1,中毒,31.609064,18.520039
O=C1C2=C(O)C=C(O)C=C3C1Cc1cc(-c4cn[nH]n4)n(-c4ccc(Cl)cc4)c1C(c1ccc(Cl)cc1)N(c1cc(Cl)co1)C32,中毒,23.909687,13.466203
Clc1cc(Cl)cc(-c2cc3c(cc2-c2cn[nH]n2)CC2(COC2)C(c2cccc(Cl)c2Cl)N3C2=CC(NC3CC3)=N2)c1,中毒,36.607346,33.085762
Fc1ccc(-n2c(-c3cn[nH]n3)cc3c2C=C(c2cc(Cl)ccc2Oc2cccnc2)C2C=CCN32)c(F)c1,中毒,28.57584,49.135666
c1ccc(-c2nc(-c3nc(-c4cn[nH]n4)no3)cs2)nc1,中毒,28.15765,47.733746
O=C1c2cc(-c3cn[nH]n3)n(-c3ccc(I)cc3F)c2C(c2ccc(Cl)cc2)N1c1cc(Cl)cn(C2CC(O)(CO)C2)c1=O,中毒,12.488247,11.513729
O=C1c2cc(-c3cn[nH]n3)n(-c3c(Cl)cccc3Cl)c2C(c2cccc(Cl)c2)N1c1cc(Cl)cn(C2CC(O)(CO)C2)c1=O,中毒,18.205946,11.513729
Clc1ccc(C2c3c(cc(-c4cn[nH]n4)n3-c3ccc(Cl)cc3)N=C3C(=NC4CC(N5CC5)NC34CCc3ccccc3)N2c2ccc(Cl)cc2)cc1,中毒,17.475342,16.275211
O=C1c2nc(-c3cn[nH]n3)n(-c3ccc(C(F)(F)F)cc3)c2C(c2ccc(Cl)cc2)N1c1cc(Cl)cn(C2CC(O)(CO)C2)c1=O,中毒,38.197144,34.717995
Clc1ccc(Br)c2c1C(c1nc(-c3cn[nH]n3)no1)C2,低毒,67.57784,42.219326
O=C1Cc2cc(-c3cn[nH]n3)n(-c3ccc(Cl)cc3)c2C(c2ccc(Cl)cc2)N1c1ccc(OCC2CNC2)c(OC2CC(O)C(O)C2O)c1,中毒,15.763229,41.623837
O=C1c2cc(-c3cn[nH]n3)cn2CC(c2ccc(-c3cccnc3)cc2)N1c1cc(Cl)cn(C2CC(O)(CO)C2O)c1=O,中毒,40.795715,18.986786
O=S(=O)(c1ccc(F)c(F)c1)C(O)c1cnc2cc(F)c(F)cc2c1NCC1Cc2cc(-c3cn[nH]n3)sc2C1,中毒,9.81264,13.265047
c1ccc(CNc2nc(-c3cn[nH]n3)nc3c2Cn2nc(-c4ccoc4-c4cccs4)cc2-3)cc1,中毒,35.728695,14.993123
c1cc2c[nH]nc2cc1-c1cn[nH]n1,中毒,25.917553,95.4915
O=c1c(N2Cc3cc(-c4cn[nH]n4)c(-c4ccc(F)cc4)n3C2c2ccc(Cl)cc2)cc(Cl)cn1C1CC(O)(CO)C1,中毒,13.5253525,13.503714
O=c1c(N2CCOCC2)nc(Oc2ccc(Cl)cc2)c(CF)c2cc3c(cc12)OCc1cc(-c2cn[nH]n2)n(-c2ccc(F)c(Cl)c2F)c1-3,中毒,3.575275,18.318035
c1nc(NC2CC3CCC2C3)c2ncc(-c3cn[nH]n3)cc2n1,中毒,27.816292,197.72063
O=C1c2cc(-c3cn[nH]n3)n(-c3ccc(Cl)cc3Cl)c2C(c2ccc(Cl)cc2)N(c2cc(Cl)cc(Cl)c2)C2C3=CC(Cl)=CC=C2C1(C1CC1)O3,中毒,21.947083,13.466203
O=C1c2cc(-c3cn[nH]n3)n(-c3ccc(Cl)cc3)c2C(c2ccc(Cl)cc2)N1c1cc(Cl)cn(C2CC(O)(CO)C2O)c1=O,中毒,14.882899,11.513729
O=C1c2cc(-c3cn[nH]n3)n(-c3ccc(F)cc3F)c2C(c2ccc(Cl)cc2)N1c1cc(Cl)cn(C2CC2)c1=O,中毒,17.272402,14.026334
O=S1(=O)NC(c2cn[nH]n2)=Cc2c1ccc1[nH]c(=S)sc21,中毒,25.316797,37.89236
O=C1c2nc(-c3cn[nH]n3)n(-c3ccc(Cl)cc3F)c2C(c2ccc(Cl)cc2)N1c1cc(Cl)cn(C2CC2)c1=O,中毒,24.28114,36.180477
O=c1c2cc(-c3cn[nH]c3)cc(-c3ccnc(Cl)c3)c2nc(-c2cn[nH]n2)n1-c1cccc(Cl)c1,低毒,8.281235,89.964966
O=C1c2cc(-c3cn[nH]n3)n(-c3cccc(Cl)c3Cl)c2C(c2ccc(Cl)cc2)N1c1cc(Cl)cn(C2CC(O)(CO)C2)c1=O,中毒,18.205946,11.513729
O=c1c(N2Cc3cc(-c4cn[nH]n4)n(-c4ccc(Cl)cc4Cl)c3C2c2ccc(Cl)cc2)cc(Cl)cn1C1CC(O)(CO)C1,中毒,24.385923,11.513729
c1ccc(C2CC2CSc2nc(-c3cn[nH]n3)n3nc(-c4ccco4)nc3n2)cc1,中毒,13.71753,26.08577
O=c1c(N2Cc3cc(-c4cn[nH]n4)n(-c4ccc(F)cc4F)c3S2)cc(Cl)cn1C1CC(O)(CO)C1,中毒,8.309571,28.20462
Fc1cccc(F)c1-c1cc(-c2cn[nH]n2)cc2c1CN(c1c(Cl)ccc(Cl)c1Cl)C2,中毒,5.5637,40.899033
O=C1c2cc(-c3cn[nH]n3)n(-c3ccc(Cl)cc3F)c2C(c2ccc(Cl)cc2Cl)N1c1cc(Cl)cn(C2CC(O)(CO)C2)c1=O,中毒,15.540574,11.513729
FC(F)(F)c1cnc(NC2(c3cn[nH]n3)CC3CC32)nc1,高毒,6.835826,98.68069
OC12CCC(CC1c1ccnc3cc(-c4cn[nH]n4)cn13)C2(F)F,中毒,11.180309,33.505222
Nc1cc(-c2c(-c3ccc(C(F)(F)F)c(Oc4ccc(OCc5ccc(Cl)cc5Cl)cc4Cl)c3)ncc3ccc(-c4cn[nH]n4)cc23)ccn1,中毒,22.5578,21.83183
O=C1c2cc(-c3cn[nH]n3)n(-c3ccc(Cl)cc3)c2C(c2cc(O)cc(O)c2)N1c1cc(Cl)cn(C2CC(O)C(O)C2)c1=O,中毒,14.882899,13.466203
O=c1c(N2Cc3cc(-c4cn[nH]n4)n(-c4ccc(OC(F)(F)F)cc4)c3C2c2cccc(Cl)c2F)cc(Cl)cn1C1CC(O)(CO)C1,中毒,43.309574,11.513729
Clc1cc(-c2c(-c3cn[nH]n3)c(-c3ccncc3)nn2C2CC2)cc(N2CCOCC2)c1,中毒,24.631788,25.501217
O=C1c2cc(-c3cn[nH]n3)c(-c3cccnc3)nc2C(c2ccc(Cl)cc2)N1c1cc(Cl)cn(C2CC(O)(CO)C2)c1=O,中毒,13.718216,12.087409
Fc1ccc(-n2c(-c3cn[nH]n3)cc3c2C(c2ccc(Cl)cc2)N(c2ccc(Cl)c(Cl)c2)C2C4=CC(Cl)=C(Cl)C=C2C(C3)O4)c(F)c1,中毒,21.947083,13.466203
O=C1c2cc(-c3cn[nH]n3)n(-c3ccc(Br)c4ccccc34)c2C(c2ccc(Cl)cc2)N1c1cc(Cl)cn(C2CC(O)(CO)C2)c1=O,中毒,18.205946,11.513729
OC1CC(c2ccc(C(F)(F)F)cc2N2Cc3cc(-c4cn[nH]n4)n(-c4ccc(Cl)cc4F)c3C2c2ccc(Cl)cc2)C(O)C(O)C1O,中毒,15.763229,15.123783
c1ccc(Oc2cc(-c3c[nH]cc3-c3cn[nH]n3)cc(-c3ccco3)n2)nc1,中毒,25.01923,78.34199
Fc1cc2c(cc1N1CCN(C3CCSCC3)CC1)-c1c(-c3cc4ccccc4s3)cc(-c3cn[nH]n3)cc1-2,低毒,1.7722323,16.255991
CC1c2cc3c(cc2C(=O)c2sccc2N=C(OCc2cccnc2)C=C2CCC4CC(C23)N(C2CC2)C4)-c2cc(-c3ccncc3)c(-c3cn[nH]n3)cc21,中毒,33.32472,16.417507
c1ncc(-c2nc3cc(-c4cn[nH]n4)cc(N4C5CC6CC(C5)C4C6)c3[nH]2)cn1,中毒,15.8302555,27.989883
O=C1C2c3c(cc(-c4cn[nH]n4)cc3-c3c(Cl)cncc3Cl)OCCC2N1c1cc(Cl)cn(C2CC(O)(CO)C2)c1=O,中毒,28.184814,15.303033
OCC1(O)CC2(CC1O)C1=NC(N3Cc4cc(-c5cn[nH]n5)c(Br)cc4C3c3cccc(Br)c3F)=CC(Cl)=CN12,中毒,4.360406,17.09297
O=C(NNS(=O)(=O)Cc1cc(F)c(OCc2ccc(-c3cn[nH]n3)cn2)cc1F)c1cc2cccnc2[nH]1,高毒,342.99167,11.118813
Fc1cccc(-c2[nH]nc3c2CC2CN(C3)CC(CNC3CC3)N(c3ncc(-c4cn[nH]n4)cn3)C2)c1,中毒,42.66999,82.14183
O=C1c2cc(-c3cn[nH]n3)c(-c3cc(F)cc(F)c3)n2C(c2ccc(Cl)cc2)N1c1cc(Cl)cn(C2CC(O)(CO)C2)c1=O,中毒,19.951618,13.503714
O=C1c2cc(-c3cn[nH]n3)n(-c3cccc(F)c3)c2C(c2ccc(Cl)cc2)N1c1cc(Cl)cn(C2CC(O)C(O)C2)c1=O,中毒,14.882899,11.513729
O=c1c2[nH]ccc2c(CN2CCCC2C(O)C2CCN(Cc3nc(-c4ccc(Cl)s4)no3)CC2)cn1-c1cn[nH]n1,中毒,6.1438327,30.712408
O=C1c2c(c3cc(S(=O)(=O)F)ccc3n2-c2cn[nH]n2)C(c2ccc(Cl)cc2)N1c1cc(Cl)cn(C2CC(O)(CO)C2)c1=O,中毒,25.928497,13.503714
O=C1c2nc(-c3cn[nH]n3)cc(-c3ccc(C(F)(F)F)cc3)c2C(c2ccc(Cl)cc2)N1c1cc(Cl)cn(C2CC(O)(CO)C2)c1=O,中毒,37.24519,12.110745
O=C1c2cc(-c3cn[nH]n3)n(-c3ccc(F)cc3F)c2C(c2ccc(Cl)cc2Br)N1c1cc(Cl)cn(C2CC(O)(CO)C2)c1=O,中毒,15.540574,11.513729
Clc1cc(-n2nnnc2C2CCOc3cc(-c4cn[nH]n4)ccc32)ccc1Oc1ccc(N2CCOCC2)cc1,中毒,55.824028,110.3921
O=c1c(N2Cc3cc(-c4cn[nH]n4)cc(-c4ccc(Sc5ccc(-n6ccnc6)cc5)c(Cl)c4)c3C2)cc(Cl)cn1C1CC(O)(C(F)(F)F)C1,低毒,22.110231,15.526222
O=C1C2=C(O)C(F)(CF)C3C(C=CC3C3C2CC2(c4c(-c5c(Cl)cccc5Cl)cc(-c5cn[nH]n5)cc4C2(F)F)S3(=O)=O)C2CC12,中毒,24.490946,13.503714
O=S1(=O)c2c(cc(-c3cn[nH]n3)cc2-c2c(F)cccc2F)CC(c2ccc(F)cc2Cl)N1c1cc(Cl)cnc1F,中毒,16.004557,15.210127
O=C1c2cc(-c3cn[nH]n3)n(-c3ccc(Cl)cc3Cl)c2C(c2cccc(Cl)c2)N1c1cc(Cl)cn(C2CC(O)(CO)C2)c1=O,中毒,18.205946,11.513729
Fc1nccn1CC1(N2CCc3sc(-c4cn[nH]n4)nc3C2)CC1CN1CCSCC1,中毒,12.057277,22.572021
O=c1c(N2Cc3cc(-c4cn[nH]n4)n(-c4ccc(F)cc4)c3C2c2ccc(Cl)cc2)cc(Cl)cn1C1CC(O)(CO)C(O)(CO)C1,中毒,19.24008,11.513729
O=c1c(N2Cc3cc(-c4cn[nH]n4)cc(-c4c(Cl)cccc4C(F)(F)F)c3C2c2ccc(Cl)cc2)cc(Cl)cn1C1CC(O)(CO)C1,中毒,9.036046,14.297296
c1[nH]c(CN2CC3CCNC(C3)C2)cc1-c1cn[nH]n1,中毒,29.846437,50.35512
O=C1c2cc(-c3nsnc3-c3cn[nH]n3)n(-c3ccc(Cl)cc3F)c2C(c2ccc(Br)cc2)N1c1cc(Cl)cn(C2CC(O)(CO)C2)c1=O,中毒,23.909687,11.513729
O=c1c(N2Cc3cc(-c4cn[nH]n4)n(-c4ccc(Cl)cc4)c3C2c2cc3cc(Cl)ccc3o2)cc(Cl)cn1C1CC(O)(CO)C1,中毒,13.591881,11.513729
O=C1c2cc(-c3cn[nH]n3)n(-c3cc(Br)c(OCC4CC4)cc3F)c2C(c2ccc(Cl)cc2)N1c1cc(Cl)cn(C2CCC(O)(CO)C2)c1=O,中毒,23.909687,13.466203
Fc1cc(C(F)(F)F)ccc1COc1nc(C2CCC(OC(F)(F)F)CC2)cc2c(-c3cn[nH]n3)nsc12,中毒,23.635502,20.184027
Fc1cnc(NCCC2Cc3nccn3-c3ccccc32)cc1-c1nc(N2CCOCC2)c2c(c1C1CCCCc3ccc(Br)cc31)C=C2c1cn[nH]n1,中毒,42.75487,14.2372675
O=C1c2cc(-c3cn[nH]n3)n(-c3ccc(Cl)cc3)c2N1c1cc(Cl)cn(C2CC(O)(CO)C2)c1=O,中毒,23.68336,15.303033
O=C(c1cscn1)N1CC(N2CCc3c(-c4c(Cl)cccc4Cl)cc(-c4cn[nH]n4)nc3C2)CC(c2c(F)cccc2Cl)N1,中毒,62.115097,10.518278
O=S1(=O)c2cc(-c3cn[nH]n3)cnc2N(C2CCC(CN3CCC(O)C3)CC2)c2c(C(F)(F)F)cc(Cl)cc21,中毒,31.892668,31.494244
O=C1c2nc(-c3cn[nH]n3)n(-c3cc(F)ccc3F)c2C(c2ccc(Cl)cc2)N1c1cc(Cl)cn(C2CC(O)(CO)C2)c1=O,中毒,24.818281,34.717995
OC1(c2ccc(Cl)cc2)c2c(C3CCCC(NCc4ccc5nonc5c4)C3)cc(-c3cn[nH]n3)nc2C2C3(F)CC(C3)CC21c1ccc(Cl)cc1,中毒,46.56941,16.862432
O=C1c2cc(-c3cn[nH]n3)c(-c3cccc(Cl)c3Br)n2C(c2ccc(Cl)cc2)N1c1cc(Cl)cn(C2CC(O)(CO)C2)c1=O,中毒,19.951618,13.503714
O=c1c(N2Cc3nc(-c4cn[nH]n4)nc(-c4ccno4)c3C2c2ccc(F)cc2F)cc(Cl)cn1C1CC(O)(CO)C1,中毒,10.223469,34.717995
O=C1c2cc(-c3cn[nH]n3)n(-c3ccc(F)cc3)c2C(c2ccc(Cl)cc2)N1c1cc(Cl)cn(C2CCC(O)(CO)C2)c1=O,中毒,14.882899,11.513729
Fc1cc(F)cc(-c2cc(-c3cn[nH]n3)cc3c2C(c2ccc(Cl)cc2)N(c2cc(Cl)sn2)C3c2ccc(Cl)cc2)c1,中毒,58.57644,22.389204
Fc1ccccc1C1(Cc2cn[nH]n2)CCCN(Cc2coc(-c3ccc(Cl)cc3Br)n2)CC1,高毒,8.117719,18.592352
O=c1c(Cl)cn(N2Cc3cc(-c4cn[nH]n4)n(-c4ccc(F)cc4F)c3C2c2ccc(Cl)cc2)c(O)c1O,中毒,26.303608,19.356245
O=C1c2cc(-c3cn[nH]n3)n(-c3ccccc3)c2CC(c2ccc(Cl)cc2)N1c1cc(Cl)cn(C2CC(O)(CO)C2)c1=O,中毒,22.918835,15.303033
O=c1c(N2Cc3cc(-c4cn[nH]n4)n(-c4ccc(Cl)cc4F)c3C2c2ccc(Cl)cc2)cc(Cl)cn1C1CC(O)C(O)C1,中毒,15.763229,11.513729
O=C1c2cc(-c3cn[nH]n3)n(-c3ccc(F)cc3F)c2C(c2ccc(Cl)cc2)N1c1ccn(-c2ccc(Cl)nc2)c1O,中毒,29.54402,16.876019
O=C1c2sc(-c3cn[nH]n3)c(-c3nc4cc(O)cc(Cl)c4s3)c2C(c2ccc(Cl)cc2)N1c1cc(Cl)cn(C2CC(O)(CO)C2)c1=O,中毒,39.425797,13.503714
Fc1ccc(-n2c(-c3cn[nH]n3)cc3c2C(c2ccc(Cl)cc2)N2C3=CC=CC(Cl)=CC3CCCOC32)c(F)c1,中毒,18.339478,24.800432
O=c1c(N2Oc3cc(-c4cn[nH]n4)n(-c4ccc(Cl)cc4Cl)c3C2c2cscn2)cc(Cl)cn1C1CC(O)(CO)C1,中毒,41.65258,13.503714
O=C1c2cc(-c3cn[nH]n3)n(C3CC3)c2C(c2ccsc2)N1c1cc(Cl)cn(C2CC(O)(CO)C2)c1=O,中毒,19.24008,13.503714
O=S(=O)(Nc1nccs1)c1ccc(Oc2cc3c(cc2Cl)-c2c(cc(-c4cn[nH]n4)n2-c2ccc(F)cc2)CC3(F)F)c(Cl)c1,中毒,28.21656,12.3840065
N#Cc1cc2occ(C3C4=CC(CCc5cc(-c6cn[nH]n6)cc(-c6c(Cl)cccc6Cl)c53)C(=O)N4)c2cc1Cl,中毒,7.3167987,18.570267
O=C(O)c1cn(-c2cccc(Cl)c2F)c2cc(N3CCN(c4cc5oc(-c6cn[nH]n6)cc5s4)CC3)c(F)cc2c1=O,中毒,33.681667,14.340687
c1nc2c(c(N3CCOCC3)n1)CN(c1cc(-c3cn[nH]n3)c3c(n1)CC1CCC3N1)CC2,中毒,7.3983984,42.775826
O=C1c2cc(-c3cn[nH]n3)n(-c3ccc(F)cc3F)c2C(c2ccc(Cl)cc2)N1c1cc(Cl)cn(C2CC(O)(O)C2O)c1=O,中毒,12.488247,11.513729
O=c1[nH]c2cc(Cl)c(Cl)cc2nc1-c1cn[nH]n1,低毒,195.16554,76.3921
Fc1cc(Cl)ccc1C1c2c(cc(-c3cn[nH]n3)n2-c2ccc(Cl)cc2)C(c2ccc(Cl)cc2)N1c1cncc(Cl)c1,中毒,28.622856,15.110795
Clc1cc2c(cc1Oc1ccc(CN3CCCC3)cc1)CCc1cc(-c3cn[nH]n3)sc1-2,中毒,1.512604,15.753631
Fc1ccc(-c2c(-c3cn[nH]n3)cc3n2C(c2ccc(Cl)cc2)N(c2cncc(Cl)c2)C2NN=CCc4c-3cccc42)cc1,中毒,30.554008,34.839558
O=c1c(-c2cc(N3CCOCC3)ncn2)c[nH]c2ncc(-c3cn[nH]n3)cc12,中毒,31.486801,170.69897
O=C1c2cc(-c3cn[nH]n3)c(-c3ccc(-c4cn[nH]c4C(O)F)cc3)nc2C(c2ccc(Cl)cc2)N1c1cc(Cl)cn(C2CC(O)(CO)C2)c1=O,中毒,13.216523,14.418226
O=C1c2cc(-c3cn[nH]n3)n(-c3ccc(Cl)cc3Br)c2C(c2ccc(Cl)cc2)N1c1cc(Cl)cn(C2CC(F)(Br)C2)c1=O,中毒,22.035963,14.026334
O=C1c2nc(-c3cn[nH]n3)nc(-c3ccsc3)c2C(c2ccc(Cl)cc2)N1c1cc(Cl)cn(C2CC(O)(CO)C2)c1=O,中毒,16.880064,13.503714
Cn1ccc(N2CCC3=NC4=CC5Cc6ccccc6C5OC4=CC(c4cn[nH]n4)=C3C2)n1,中毒,17.475342,28.637056
O=c1c(N2Cc3nc(-c4cn[nH]n4)cc(-c4ccc(Cl)cc4Cl)c3C2c2ccc(Cl)cc2)cc(Cl)cn1C1CC(O)(CO)C1I,中毒,37.24519,12.110745
O=C1c2cc(-c3cn[nH]n3)n(-c3ccc(Cl)cc3Cl)c2C(c2ccc(Cl)cc2)N1c1cc(Cl)cn(C2CC2)c1=O,中毒,22.035963,14.026334
O=C1c2cc(-c3cn[nH]n3)n(-c3ccc(-c4cn[nH]c4)cc3)c2C(c2ccc(Cl)cc2)N1c1cc(Cl)cn(C2CC(O)(CO)C2)c1=O,中毒,38.99518,13.466203
Fc1cccc(F)c1-c1cc(-c2cn[nH]n2)cc2c1Cc1c(-c3ccsc3)n[nH]c1-2,高毒,11.677385,19.510807
O=C1c2cc(-c3cn[nH]n3)c(-c3ccc(Cl)cc3Cl)n2C(c2cc(Cl)cc(Cl)c2)N1c1cc(Cl)cn(C2CC(O)(CO)C2)c1=O,中毒,19.951618,13.503714
O=c1c(N2Cc3cc(-c4cn[nH]n4)n(-c4cc(Cl)cc(Cl)c4)c3C2c2ccc(Cl)cc2)cc(Cl)cn1C1CC(O)(CO)C1,中毒,19.24008,11.513729
c1n[nH]nc1-c1nc2c(s1)CC(N1CCOCC1)CC2,低毒,16.60032,14.988618
O=c1c2nc(Cl)nc(NC3CC3)c2cc2n1Cc1cc(-c3nc(-c4ccsc4-c4ccccc4)sc3-c3nc(-c4cn[nH]n4)co3)ccc1-2,中毒,24.820011,19.850483
O=C1c2cc(-c3cn[nH]n3)cc(-c3c(F)cc(F)cc3F)c2CC(c2ccc(Cl)cn2)N1c1cc(Cl)cn(C2CC(O)(CO)C2)c1=O,中毒,39.425797,16.862432
FC(F)(F)c1ccc(C2OCOc3cc4ccc3-c3cc(-c5cn[nH]n5)n(-c5ccc(Cl)cc5)c3C4N2c2ccsc2)cc1,中毒,57.01388,13.466203
N#Cc1ccc(C2c3c(cc(-c4cn[nH]n4)n3-c3ccc(Cl)cc3)C(=O)N2c2cc(Cl)cn(C3CC(O)(CO)C3)c2=O)cc1,中毒,14.882899,11.513729
O=c1c(N2Cc3cc(-c4cn[nH]n4)n(-c4cc(Cl)ccc4F)c3C2c2ccc(Cl)cc2)cc(Cl)cn1C1CC(O)(CO)C1,中毒,15.763229,11.513729
Fc1cc(Cl)ccc1-n1c(-c2cn[nH]n2)cc2c1C(c1ccsc1)N(c1csnc1C(F)(F)F)C2,中毒,21.327534,17.497643
O=C1Cc2cc(-c3cn[nH]n3)n(-c3ccc(Cl)cc3F)c2C(c2ccc(Cl)cc2)N1c1cc(Cl)cn(C2CC(O)(CO)C2)c1=O,中毒,15.763229,47.68054
CC1(C)CC(n2cc(Cl)cc(N3Cc4cc(-c5cn[nH]n5)n(-c5ccc(F)cc5F)c4C3c3ccc(Cl)cc3)c2=O)C(=O)N1,中毒,21.327534,14.026334
O=c1c(N2Cc3cc(-c4cn[nH]n4)n(-c4csc(C(F)(F)F)c4)c3C(c3ccc(Cl)cc3)S2(=O)=O)cc(Cl)cn1C1CC(O)(CO)C1,中毒,11.176486,13.503714
O=C1c2cc(-c3cn[nH]n3)n(-c3cccc(Br)c3Cl)c2C(c2ccc(Cl)cc2)N1c1cc(Cl)cn(C2CC(O)(CO)C2)c1=O,中毒,18.205946,11.513729
c1cncc(-c2nc3n(CC4COCCS4)c2c2cc(-c4cn[nH]n4)cn23)c1,中毒,40.87412,89.88623
Clc1ccc(C2c3c(cc(-c4cn[nH]n4)cc3-c3ccc4[nH]ccc4c3)CN2OC2CCOCC2)cc1,中毒,14.672899,17.088589
O=C1c2cc(-c3cn[nH]n3)n(-c3ccc(Cl)cc3F)c2C(c2ccc(Cl)cc2)N1c1cc(Cl)cn(C2COC(O)C2)c1=O,中毒,25.244574,13.466203
O=C1c2nc(-c3cn[nH]n3)c(-c3ccc(Cl)cc3)c(-c3ccncc3)c2C(c2ccc(Cl)cc2)N1c1cc(Cl)cn(C2CC(O)(CO)C2)c1=O,中毒,67.017,12.110745
O=S(=O)(Nc1ncccn1)c1ccc(C2CN(c3cc(Cl)cnn3)Cc3c(-c4c(Cl)cccc4Cl)cc(-c4cn[nH]n4)cc32)cc1,中毒,17.635605,20.87309
O=C1c2cc(-c3cn[nH]n3)n(-c3ccc(Cl)cc3Cl)c2C(c2ccc(Cl)cc2)C(c2ccc(Cl)cc2)N1c1cc(Cl)cn(C2CC(O)C(O)C2)c1=O,中毒,51.50488,13.503714
O=C1CCc2cc3c(cc2N1Cc1c(F)ccc(Cl)c1Cl)-c1cc(-c2cn[nH]n2)n(-c2ccc(Cl)cc2)c1C(c1ccc(Cl)cc1)O3,中毒,4.9336143,40.438072
Clc1ccc(C2c3cc(-c4cn[nH]n4)n(-c4ccc(Cl)cc4)c3C(c3ccc(Cl)cc3)N2c2ccc(Cl)cc2)cc1,中毒,28.622856,23.107658
O=S(=O)(c1cc(Cl)cc(Cl)c1)N1Cc2cc(-c3cn[nH]n3)cc(-c3cc(Cl)cnn3)c2C1,中毒,23.20243,35.248043
O=C1C(c2cn[nH]n2)=NC2=C(C(c3c[nH]c4cc(F)ccc34)=C2)C(c2ccc(F)cc2)N2CC2=CC(Cl)=CN1C1CC(O)(CO)C1,中毒,32.17651,18.318035
O=C1c2cc(-c3cn[nH]n3)nc(-c3cccc(C(F)(F)F)c3)c2C(c2ccc(Cl)cc2)N1c1cc(Cl)cn(C2CC(O)(CO)C2)c1=O,低毒,6.612076,12.110745
O=C(c1cnc(N2CCc3c(c(-c4cn[nH]n4)nn3C3CCCNC3)C2)c(Cl)c1)N(CCF)C(F)(F)F,中毒,26.995892,19.41803
O=C1c2nc(-c3cn[nH]n3)cc(-c3ccc(Cl)cc3F)c2C(c2ccc(Cl)cc2)N1c1cc(Cl)cn(C2CC(O)(CO)C2)c1=O,中毒,37.24519,12.110745
O=C1c2nc(-c3cn[nH]n3)cc(-c3c[nH]c4nc(Cl)ccc34)c2C(c2ccc(Cl)cc2)N1c1cc(Cl)cn(C2CC(O)(CO)C2)c1=O,中毒,39.425797,13.503714
Clc1ccc(C2=NC(c3ccc(Cl)cc3)(c3c[nH]c4cc(Br)ccc34)C(c3cn[nH]n3)=CC3=C2C(c2cc(Cl)ccc2Oc2cccnc2)=C3)cc1,中毒,37.22723,39.017387
O=S(=O)(c1ccc2c(c1)oc1cc(-c3ccc(Cl)c(Cl)c3)c(-c3cn[nH]n3)cc12)c1cnoc1Nc1ccncc1F,中毒,16.359522,23.37339
O=C1C2=C(c3c(cc(Cl)cccc4cc3OC4)C=NC(c3cn[nH]n3)=C2)C(c2ccc(Cl)cc2)N1c1cc(Cl)cn(C2CC(O)(CO)C2)c1=O,中毒,26.415432,15.303033
FC1(c2ccc(Cl)cc2)c2cc(-c3cn[nH]n3)n(-c3ccc(Cl)cn3)c21,中毒,32.211273,24.573832
FC(F)(F)CSc1cc(-c2n[nH]cc2-c2cncc3sc(-c4cn[nH]n4)cc23)ccn1,中毒,16.99335,11.392365
O=C1c2cc(-c3cn[nH]n3)n(-c3cccc(F)c3Cl)c2C(c2ccc(Cl)cc2)N1c1cc(Cl)cn(C2CC(O)(CO)C2)c1=O,中毒,18.205946,11.513729
O=c1c(N2C(O)c3cc(-c4cn[nH]n4)n(-c4ccc(F)c(Cl)c4)c3C2c2ccc(Cl)cc2)cc(Cl)cn1C1CC(F)(F)C1,中毒,57.358334,12.110745
c1nc(-c2ccc3ncc(-c4ccc5sc(-c6cn[nH]n6)cc5c4)cc3c2)cs1,中毒,2.5212595,19.411192
Fc1cccc(Cl)c1Oc1ccc(Cl)cc1-n1c(-c2cn[nH]n2)cc2c1Oc1cnc(Nc3ccccn3)cc1C2,中毒,12.998265,28.345493
O=C1c2cc(-c3cn[nH]n3)n(-c3ccc(F)cc3F)c2C(c2ccc(Cl)cc2)N1c1cc(Cl)cn(C2CCS(=O)(=O)C2)c1=O,中毒,17.272402,14.026334
O=C1C2CCC(O)Cc3cc(-c4cn[nH]n4)cc(-c4ccc(Cl)cc4)c3C(c3ccc(Cl)cc3)N1c1cc(Cl)cn2c1=O,中毒,33.84071,18.239529
Clc1ccc(C2c3c(cc(-c4cn[nH]n4)cc3-c3c(Cl)cccc3Cl)-c3ccc4cc3OCOC4N2c2ccoc2)cc1,中毒,75.69454,50.287067
N#CCC12CCC(n3c(-c4cn[nH]n4)cc4c3C3(c5cccc(Cl)c5)C5NC(=O)N(C6CC6)C(C4)C53)CN(CC1)C2,中毒,12.141088,19.648664
FC1(F)CCC(c2ccc(Cl)nc2)(N2CCc3cnc(-c4cn[nH]n4)nc3C2)C1,中毒,32.66269,12.7094965
O=C1c2cc(-c3cn[nH]n3)c3ccnn3c2C(c2ccc(Cl)cc2)N1c1cc(Cl)cn(C2CC(O)(CO)C2)c1=O,中毒,11.176486,13.503714
O=C1c2cc(-c3cn[nH]n3)n(-c3ccc(F)c(F)c3F)c2C(c2ccc(Cl)cc2)N1c1cc(Cl)cn(C2CC(O)(CO)C2)c1=O,中毒,12.488247,11.513729
O=c1c(N2Cc3cc(-c4cn[nH]n4)n(-c4ccc(Cl)cc4)c3C2c2ccc(F)cc2)cc(Cl)cn1C1CC(O)(CO)C1,中毒,19.24008,11.513729
Clc1ccc2c(Oc3ccc(C4=CC(C5=NC(NC6CCC(N7CCCCC7)CC6)=NC(c6cn[nH]n6)=CC6=C5C6)=C4)cc3Cl)ccnc2c1,中毒,12.118939,40.62634
c1n[nH]nc1-c1nc2c(s1)CN(C1CCNC3(CCOCC3)C1)C2,中毒,18.616348,35.786907
O=C1c2nc(-c3cn[nH]n3)n(-c3ccc(F)cc3)c(=O)c2C(c2ccc(Cl)cc2)N1c1cc(Cl)cn(C2CC(O)(CO)C2)c1=O,中毒,32.17651,13.503714
O=c1c(NC2Cc3cc(-c4cn[nH]n4)n(-c4ccc(Cl)cc4Cl)c32)cc(Cl)cn1C1CC(O)(CO)C1,中毒,45.389744,13.765845
O=c1c(N2Cc3cc(-c4cn[nH]n4)n(-c4ccc(Cl)cc4F)c3C2)cc(Cl)cn1C1CC(O)(CO)C1,中毒,5.65161,28.5412
O=C1c2cc(-c3cn[nH]n3)n(-c3ccc(F)cc3)c2C(c2ccc(Cl)cc2)N1c1cc(Cl)cn(C2CC(O)(CO)C2O)c1=O,中毒,14.882899,11.513729
O=C1c2cc(-c3cn[nH]n3)n(-c3ccc(Br)cc3F)c2C(c2ccc(Cl)cc2F)N1c1cc(Cl)cn(C2CC(O)(CO)C2)c1=O,中毒,15.540574,11.513729
[O-][n+]1c(C2Cc3cc(-c4cn[nH]n4)n(-c4ccc(F)cc4F)c32)ncc(Cl)c1OC1CC(O)C(O)C1,中毒,15.343638,14.677806
O=C1c2c3cc(-c4cn[nH]n4)cc2CC(c2ccc(Cl)cc2)(C3)N1c1cc(Cl)cn(C2CC(O)(CO)C2)c1=O,中毒,16.883947,45.520966
O=C1c2c(nc3ccccc3c2-c2cn[nH]n2)C(c2ccc(Cl)cc2)N1c1cc(Cl)cn(C2CC(O)(CO)C2)c1=O,中毒,26.553892,12.110745
O=C1N(C2CCOCC2)C=C(N2Cc3cc(-c4cn[nH]n4)n(-c4ccc(Cl)cc4)c3C2c2ccc(Cl)cc2)CC12COC2,中毒,36.22146,14.360036
OC1(C(F)(F)F)c2ccccc2-c2ccc(Nc3cn[nH]n3)cc21,中毒,29.092209,20.957685
O=C(O)c1cn(C2CCCC2)c2cc(-c3cn[nH]n3)c(F)cc2c1=O,中毒,13.554535,18.643522
O=c1c(N2Cc3cc(-c4cn[nH]n4)cc(-c4c(Cl)cc(Br)cc4Br)c3C2c2ccc(Cl)cc2)cc(Cl)cn1C1CC(O)(CO)C1,中毒,6.7043605,9.912456
Cn1cc(Cl)cc(N2C(c3ccc(Cl)cc3)c3cc(-c4cn[nH]n4)n(-c4cccc(Cl)c4)c3C2c2ccc(Cl)cc2)c1=O,中毒,28.622856,14.026334
Oc1cc(O)c2c(c1)Cc1cc(-c3cn[nH]n3)cc(-c3c(Cl)cccc3Cl)c1CO2,中毒,14.87928,32.74248
O=c1c(N2Cc3cc(-c4cn[nH]n4)n(-c4ccc(Cl)cc4)c3C2c2ccc(Cl)cc2)cc(Cl)cn1C1CC(O)C(O)C1,中毒,19.24008,11.513729
O=C1C2CCc3cc(-c4cn[nH]n4)n(-c4ccc(Cl)cc4Cl)c3C(c3ccc(Cl)cc3)N1c1cc(Cl)cn2c1=O,中毒,29.275309,14.3937645
CS(=O)(=O)Nc1cc(C2C(=O)N3CCCC3C3c4cc(-c5cn[nH]n5)c(-c5cc(Cl)ccc5Cl)cc4N(c4cc(Cl)ccc4F)C23)cc(Br)c1O,中毒,9.938879,35.111286
O=C1c2cc(-c3cn[nH]n3)n(-c3cc(F)c(F)cc3F)c2C(c2ccc(Cl)cc2)N1c1cc(Cl)cn(C2CC(O)=C(O)C2)c1=O,中毒,12.488247,11.513729
Clc1cccc(Cl)c1-c1ccc2c(n1)oc1cc(OCC3CC3)c(-c3cn[nH]n3)cc12,中毒,28.197212,132.86183
c1ccc2c(CCNC3CCc4sc(-c5cn[nH]n5)cc43)coc2c1,中毒,25.44051,14.385367
Clc1ccc(C2(c3c(-c4cn[nH]n4)cc4c(c3-c3c(Cl)cccc3Cl)CCC4)CC2)nc1,中毒,14.055386,14.071897
O=C1c2cc(-c3cn[nH]n3)c(OCc3ccnn3-c3ccc(Cl)cc3)nc2C(c2ccc(Cl)cc2)N1c1cc(Cl)cn(C2CC(O)(CO)C2)c1=O,中毒,13.216523,12.087409
c1cc(Nc2ccc3c(c2)OCO3)c2ncc(-c3nc(-c4cn[nH]n4)co3)cc2n1,中毒,9.740084,74.15329
Clc1cccc(Cl)c1-c1cc(-c2cn[nH]n2)cc2c1CCN(Cc1ccncc1)C2,中毒,13.859113,97.95479
O=S(=O)(c1ccc(Br)cc1F)N1Cc2cc(-c3ncc4nc(C5CC5)nc(-c5cn[nH]n5)c4n3)ccc2OCC1(F)F,中毒,7.060455,43.802334
O=C1c2cc(-c3cn[nH]n3)n(-c3ccc(F)cc3Cl)c2C(c2ccc(Cl)nc2)N1c1cc(Cl)cn(C2CC(O)(CO)C2)c1=O,中毒,18.205946,11.513729
Clc1ccc(C2c3cc(-c4cn[nH]n4)n(-c4ccc(Cl)cc4Cl)c3C(c3ccc(Cl)cc3)N2c2ccsc2)cc1,中毒,29.275309,17.35497
O=C1c2cc(-c3cn[nH]n3)cc(-c3ccc(F)nc3Oc3ccc(Cl)cc3F)c2N1c1cc(Cl)cn(C2CC(O)(CO)C2)c1=O,中毒,45.389744,13.503714
O=C1c2cc(-c3cn[nH]n3)c(-c3ccc(Cl)c(Cl)c3)nc2C(c2ccc(Cl)cc2)N1c1cc(Cl)cn(C2CC(O)(CO)C2)c1=O,中毒,13.216523,12.087409
O=C(Nc1ccc(Oc2cc(-c3cc(-c4cn[nH]n4)cc4c3CCN(C(=O)c3cccs3)C4)on2)c(F)c1)c1ccnc2c(Br)cc(F)cc12,中毒,22.75932,25.921509
O=c1c(N2c3ccc(Cl)cc3Cc3cc(-c4cn[nH]n4)n(-c4ccc(Cl)cc4F)c3C2c2ccc(Cl)cc2)cc(Cl)cn1C1CC(O)(CO)C1,中毒,17.742167,33.69392
c1cc(CN2CCOCC2)c2nc(-c3cc(-c4cn[nH]n4)cs3)sc2c1,低毒,36.20275,8.986151
O=C(Nc1ccc(OC2OC(COC3CC3)CN(c3cc(-c4cn[nH]n4)cs3)C(O)C2O)cc1)Nc1ccc(Cl)cn1,中毒,8.02899,11.728143
c1nc2[nH]c(CCCN3CCOCC3)nc2cc1-c1cn[nH]n1,中毒,6.8572774,43.2785
O=C(O)c1cn(C2CC2)c2cc(-c3cn[nH]n3)c(F)cc2c1=O,中毒,13.554535,18.643522
FC1(n2cc3c(n2)C2(CCN(Cc4ccc(Oc5nc(-c6cn[nH]n6)cs5)cc4)CC2)OC3)CCOC1,中毒,20.855045,11.626308
O=c1c(N2Cc3cc(-c4cn[nH]n4)n(-c4ccc(Cl)cc4F)c3C2c2ccc(Cl)nc2F)cc(Cl)cn1C1CC(O)(CO)C1,中毒,15.763229,11.513729
O=C1c2cc(-c3cn[nH]n3)n(-c3ccccc3)c2C(c2cc(Cl)cc(Cl)c2)N1c1cc(Cl)cn(C2CC(O)(CO)C2)c1=O,中毒,14.882899,11.513729
Brc1ccc(C2(c3cn[nH]n3)CC3CCN(CCc4cccs4)CC3C2)cc1,高毒,5.426574,37.552746
O=c1c(N2Cc3cc(-c4cn[nH]n4)cc(-c4cc(Cl)ccc4Cl)c3C(c3ccc(Cl)cc3)C2c2ccc(Cl)cc2)cc(Cl)cn1C1CC(O)C(O)C1,中毒,22.081963,18.206211
OC1=C2C(=Nc3cc(-c4cn[nH]n4)cc(-c4cc(Cl)cc(Cl)c4)c3C2c2cccc(Cl)c2)CO1,中毒,81.15512,23.04361
O=c1c(N2C(c3ccc(Cl)cc3)c3c(-c4c(Cl)cccc4Cl)cc(-c4cn[nH]n4)cc3C2P(=O)(O)O)cc(Cl)cn1C1CC(O)(CO)C1,中毒,22.081963,9.912456
O=c1c(N2Cc3cc(-c4cn[nH]n4)nc(-c4ccc(Cl)cc4)c3C2c2ccc(Cl)cc2)cc(Cl)cn1C1CC(O)(CO)C1,中毒,11.212927,28.219782
O=c1c(N2Cc3c(c(-c4sccc4Cl)cc4c3[nH]c3cc(-c5cn[nH]n5)cnc34)C2c2ccc(Cl)cc2)cc(Cl)cn1C1CC(O)(CO)C1,中毒,6.908737,13.503714
O=C1N2CC2=CC(Cl)=CN(C2CC(O)C(O)C2)C(=O)C2(Cc3cc(-c4cn[nH]n4)n(-c4cc(Cl)cc(Cl)c4)c3C2c2ccc(Cl)cc2)N1Cl,中毒,32.17651,16.417507
O=S(=O)(c1ccc(C2(c3ccc(F)cc3)Cc3cc(-c4cn[nH]n4)nn3C2)cc1)N(CC1CC1)c1ccncc1,中毒,37.38139,13.300946
O=S1(=O)N=C2C(=Nc3cc(-c4cn[nH]n4)n(-c4ccc(Br)cc4F)c3C(c3ccc(Cl)cc3)N2c2cc(Cl)cc(Cl)c2)Nc2ccsc21,中毒,21.243645,15.967391
c1cc2sc(C3NCCc4nnc(-c5cn[nH]n5)cc43)nc2cn1,中毒,25.001574,32.10131
O=C(NC1=CC=C2C3CC(=C1)C2N(c1ccc(Cl)cc1)Cc1c(cc(-c2cn[nH]n2)n1-c1ccc(Cl)cc1F)C3)c1ccc(C(F)(F)F)cc1,中毒,42.882984,25.844957
O=C1c2c(nc(-c3cc(O)nc(F)c3)c3cc(-c4cn[nH]n4)cn23)C(c2ccc(Cl)cc2)N1c1cc(Cl)cn(C2CC(O)(CO)C2)c1=O,中毒,16.921463,12.110745
Clc1cc(Cl)n(-c2cn[nH]n2)n1,低毒,96.84737,80.047516
O=c1c(N2Cc3cc(-c4cn[nH]n4)c(C#CCc4ccc(Oc5ccc(Br)nc5)nn4)cc3C2c2ccc(Cl)c(F)c2)cc(Cl)cn1C1CC(O)(CO)C1,中毒,7.8750753,9.173887
c1nnc(OCc2nnc(CC3CCN(C4CCCn5nc(-c6cn[nH]n6)cc54)CC3)o2)s1,中毒,34.983284,28.441645
O=C1c2cc(-c3cn[nH]n3)nc(NCc3cccnc3Cl)c2C(c2ccc(Cl)cc2)N1c1cc(Cl)cn(C2CC(O)(CO)C2)c1=O,中毒,14.775009,12.110745
O=C1c2cc(-c3cn[nH]n3)n(-c3ccsc3)c2C(c2ccc(Cl)cc2)N1c1cc(Cl)cn(C2CC(O)(CO)C2)c1=O,中毒,14.882899,12.110745
O=C1NC(=O)N(C2CCCO2)C2=C(F)C(C3=C4C=C(c5cn[nH]n5)C=C4C(c4ccc(OCc5cc(F)cc(F)c5)c(Cl)c4)=N3)=CCN12,中毒,16.335857,36.56022
O=C1c2cc(-c3cn[nH]n3)n(-c3ccc(F)cc3F)c2C(c2ccc(Cl)cc2F)N1c1cc(Cl)cn(C2CC(O)C(O)C2)c1=O,中毒,12.488247,11.513729
O=S(=O)(c1ccc(Cl)cc1)n1c2c(c3c(-c4cc(F)cc(Cl)c4)cc(-c4cn[nH]n4)cc31)CCC2,中毒,12.586559,11.492536
O=C1c2nc(-c3cn[nH]n3)c(-c3ccc(Cl)cc3)n2C(c2ccc3c(c2)OCO3)N1c1cc(Cl)cn(C2CC(O)(CO)C2)c1=O,中毒,32.68572,12.110745
O=C(NP(=O)(O)O)c1ccc(-c2ccc(-c3cc(-c4ccn5ccnc5c4)nc4[nH]cc(-c5cn[nH]n5)c4c3=O)cc2)cc1,低毒,5.7015777,54.562485
FC(F)(F)C1=CC=C2C3Cc4cc(-c5cn[nH]n5)n(-c5cc(Cl)cc(Cl)c5)c4C(c4ccc(Cl)cc4)N(c4ccc(Cl)cc4)C2C(=C1)C3c1cccs1,中毒,28.345415,26.66519
O=C1c2cc(-c3cn[nH]n3)nc(NC3CCN(Cc4cccnc4)CC3F)c2C(c2ccc(Cl)cc2F)N1c1cc(Cl)cn(C2CC(O)(CO)C2)c1=O,中毒,6.0494337,12.110745
O=C1c2cc(-c3cn[nH]n3)c(NCCCOc3ccc(-c4ccsc4)cc3)nc2C(c2ccc(Cl)cc2)N1c1cc(Cl)cn(C2CC(O)(CO)C2)c1=O,中毒,13.216523,12.087409
O=C1CC2c3cc(-c4cn[nH]n4)cc(-c4c(F)cccc4F)c3Oc3cc(c(Cl)cc3Cl)C(c3cccnc3)N2C1c1cc(Cl)cc(C(F)(F)F)c1,中毒,12.038771,26.135107
O=C1c2cc(-c3cn[nH]n3)c(-c3ccc(Cl)c(Cl)c3)n2C(c2ccc(Cl)cc2)N1Nc1cc(Cl)cn(C2CC(O)(CO)C2)c1=O,中毒,24.874512,14.891448
O=C1NC2CC(O)(c3ncc(Cl)cc3Cl)CCc3cc(C(F)(F)F)c4c5c(c(Cl)c=5c(-c5ccc(O)cc5)c3N12)C(c1cn[nH]n1)=N4,中毒,15.363429,13.503714
O=C1c2cc(-c3cn[nH]n3)c(Oc3ccc(Cl)cc3)cc2N1c1cc(Cl)cn(C2CC(O)(CO)C2)c1=O,中毒,24.079838,17.786665
O=c1c2c3c(sc2nc(-c2cn[nH]n2)n1-c1ccccc1)CC(O)C3,中毒,36.575073,20.421883
c1cc(-n2cc(-c3cc4ncc(-c5cn[nH]n5)cc4cc3-c3ccc4cn[nH]c4c3)cn2)ccn1,低毒,1.8832726,135.18121
O=S1(=O)CCN(c2nc(-c3cn[nH]n3)cc3c2CN(c2c(Cl)cncc2Cl)CC3)CC1,中毒,32.57829,46.346333
O=C1c2cc(-c3cn[nH]n3)n(O)c2C(c2cccc(Cl)c2F)N1c1cc(Cl)cn(C2CC(O)(CO)C2)c1=O,中毒,11.688109,13.466203
O=C1c2cc(-c3cn[nH]n3)n(-c3cc(F)c(F)cc3F)c2C(c2ccc3c(c2)OCO3)N1c1cc(Cl)cn(C2CC(O)(CO)C2)c1=O,中毒,12.488247,13.466203
O=c1c2c(ncn1-c1ccc(N3CCSS(=O)(=O)C3)c(Cl)c1)N=C1CCC(c3cn[nH]n3)=C12,中毒,21.883354,26.18617
O=C1c2cc(-c3cn[nH]n3)n(-c3ccc(Cl)cc3)c2C(c2ccc(Cl)cc2)N1c1cc(Cl)cn(C2CC2)c1=O,中毒,22.121504,14.026334
N#CC1=CC=C2C3C(=C1)CCN2Cc1cc(-c2cn[nH]n2)n(-c2c(Cl)cccc2Cl)c1C(c1ccc(Cl)cc1)N3c1ccc(Cl)c(Cl)c1,中毒,47.20036,21.244864
O=C1c2cc(-c3cn[nH]n3)nc(NCc3cccnc3)c2CC(c2cccs2)N1c1cc(Cl)cn(C2CC(O)(CO)C2)c1=O,中毒,32.639378,15.303033
Fc1ccc(Cl)c(Cl)c1-c1nc2c(cc1Cl)-c1nc(-c3cn[nH]n3)oc1C2,中毒,22.460693,11.590504
O=C1c2nc(-c3cn[nH]n3)c(-c3ccc(F)cc3)c(-c3ccsc3)c2C(c2ccc(Cl)cc2)N1c1cc(Cl)cn(C2CC(O)(CO)C2)c1=O,中毒,67.017,12.110745
O=c1c(N2C(O)c3cc(-c4cn[nH]n4)n(-c4ccc(F)cc4)c3C2c2ccc(Cl)cc2)cc(Cl)cn1C1CC(O)(CO)C1,中毒,26.991571,12.110745
N#Cc1ccc2c(c1)C1CC3CN(Cc4cn[nH]n4)CN(C3)C1CC2,中毒,13.62822,36.62242
O=C1c2nc(-c3cn[nH]n3)c([N+](=O)[O-])c(Nc3ccc(Cl)cc3)c2C(c2ccc(Cl)cc2)N1c1cc(Cl)cn(C2CC(O)(CO)C2)c1=O,中毒,25.928497,13.503714
O=C1c2cc(-c3cn[nH]n3)n(-c3cc(Cl)nc(Cl)c3)c2C(c2ccc(Cl)cc2)N1c1cc(Cl)cn(C2CC(O)(CO)C2)c1=O,中毒,14.882899,11.513729
OC1(C#Cc2ncc3c4ccc(-c5cncs5)nc4c4cc(-c5cn[nH]n5)n(-c5ccc(Cl)cc5)c4c3n2)CCSCC1,中毒,9.980164,66.031044
O=C1c2c(oc3c(-c4ccc5ncsc5c4)cc(-c4cn[nH]n4)nc23)C(c2ccc(Cl)cc2)N1c1cc(Cl)cn(C2CC(O)(CO)C2)c1=O,中毒,20.18954,12.110745
OCC1(CO)CC(N2CC(c3cn[nH]n3)=NC3=C(C2)c2c3nc(NC3CCOCC3)nc2-c2ccc(F)cc2)C1,中毒,24.817047,11.883197
O=C1c2cc(-c3cn[nH]n3)c(-c3ccc4c(c3)OCO4)n2C(c2ccc(Cl)cc2F)N1c1cc(Cl)cn(C2CC(O)(CO)C2)c1=O,中毒,19.951618,13.503714
O=C1c2cc(-c3cn[nH]n3)nn2CC(c2ccc(Cl)cc2)N1c1cc(Cl)cn(C2CC(O)(CO)C2)c1=O,中毒,23.909687,13.466203
O=C1c2cc(-c3cn[nH]n3)c(-c3cc(C(F)(F)F)ccc3F)n2C(c2ccc(Cl)cc2)N1c1cc(Cl)cn(C2CC(O)(CO)C2)c1=O,中毒,28.629448,13.503714
O=C1c2cc(-c3cn[nH]n3)n(-c3ccc(F)cc3F)c2C(c2cccnc2)N1c1cc(Cl)cn(C2CC(O)(CO)C2)c1=O,中毒,12.488247,11.513729
O=c1c(N2Cc3cc(-c4cn[nH]n4)n(-c4ccc(Cl)cc4F)c3C2c2ccc(Cl)cc2)cc(Cl)cn1C1CC(O[N+](=O)[O-])C1,中毒,21.327534,11.513729
O=c1c2c(oc3c(Br)c(Cl)c(Cl)c(Cl)c13)-c1cc(-c3cn[nH]n3)n(-c3ccc(Cl)cc3F)c1C(c1ccc(Cl)cc1)N2c1cccc(Cl)c1,中毒,32.733707,14.872902
c1ccc(-c2ocnc2CN2CCN(c3cn[nH]n3)CC2)cc1,中毒,191.7741,15.432063
O=C1c2cc(-c3cn[nH]n3)n(-c3ccc(F)cc3F)c2C(c2ccc(F)cc2)N1c1cc(Cl)cn(C2CC(O)(CO)C2)c1=S,中毒,12.488247,41.67566
C1=C2COCC(C3=CN=C4N=C(N5CCOCC5)C(Oc5cccnc5)=C34)=C2C=C1c1cn[nH]n1,中毒,10.461474,34.648613
Fc1cc(Cl)ccc1C1(c2ccc(Cl)cc2Cl)CN(c2ncc(-c3cn[nH]n3)cc2F)CC1c1ccc(OC(F)(F)F)cc1,中毒,9.778278,18.872894
CC1(C)Cc2cc(N3Cc4ccc(Cl)cc4-c4sc(-c5cn[nH]n5)cc4C3)c(F)cc2C(=O)C1=O,中毒,30.36999,43.91514
O=C1c2cc(-c3cn[nH]n3)c(-c3c(F)cccc3F)n2C(c2ccc(Cl)cc2)N1c1cc(Cl)cn(C2CC(O)(CO)C2)c1=O,中毒,32.68572,13.503714
O=C1c2cc(-c3cn[nH]n3)cc(-c3c(Cl)cccc3Br)c2CC(c2ccc(Cl)cc2)N1c1cc(Cl)cn(C2CC(O)(CO)C2)c1=O,中毒,16.692194,19.79431
Clc1cc2c3c(c(Cl)nc2cc1-c1cn[nH]n1)OCCO3,低毒,50.501015,202.77914
O=S1(=O)Cc2cc(-c3cnc4ncc(-c5ccncc5F)c(Cl)c4c3)c(-c3cn[nH]n3)cc2C1,中毒,11.480066,10.967053
Fc1cccc(F)c1-c1cc(Oc2ccnc(OC(F)(F)F)c2)c2c(c1)-n1c(nnc1-c1cn[nH]n1)CC2,中毒,19.129353,17.95569
O=C1c2nc(-c3cn[nH]n3)nc(Nc3ccc(Cl)c(Cl)c3)c2C(c2ccc(Cl)cc2)N1c1cc(Cl)cn(C2CC(O)(CO)C2)c1=O,中毒,16.880064,13.466203
CS(=O)(=O)Nc1ccc(C2c3cc(-c4cn[nH]n4)n(-c4ccc(Cl)cc4F)c3C(c3ccc(Cl)cc3)N2c2cc(Cl)c(Cl)c(Cl)c2)cc1Cl,中毒,21.327534,21.255344
Fc1ccc(-n2c(-c3cn[nH]n3)cc3c2C(c2ccc(Cl)cc2)N(c2ccc(Cl)c(Cl)c2)C3)cc1,中毒,28.622856,23.107658
O=C1c2cc(-c3cn[nH]n3)n(-c3c(F)cc(F)cc3F)c2C(c2ccc(Cl)cc2)N1c1cc(Cl)cn(C2CC(O)(CO)C2)c1=O,中毒,12.488247,11.513729
O=S1(=O)CCCN1CCOc1ccc(C2=C(C3=NCCN3)c3c4c(sc3=N2)=CC(c2cn[nH]n2)=C4)cc1,中毒,24.567081,16.348
CC(C)(C#N)n1cc(Cl)cc(N2C(=O)CC3=CC=C2C=C(O)C2=C(F)C3Cc3c2cc(-c2cn[nH]n2)n3-c2ccc(Cl)cc2F)c1=O,中毒,16.923288,13.503714
Brc1cnc2c(c1)COC(c1cn[nH]n1)=C2,中毒,75.247185,32.298855
O=C1c2cc(-c3cn[nH]n3)n(-c3ccc(Cl)cc3Cl)c2C(c2ccc(OC(F)(F)F)cc2)N1c1cc(Cl)cn(C2CC(O)(CO)C2)c1=O,中毒,18.205946,11.513729
O=C1c2cc(-c3cn[nH]n3)n(-c3ccc(F)cc3F)c2C(c2ccsc2)N1c1cc(Cl)cn(C2CC(O)(CO)C2)c1=O,中毒,12.488247,11.513729
O=C1NC(=O)C2(C(=O)N(c3ccsc3)C2=O)N(c2ccc(Cl)cc2)C(c2ccc(Cl)cc2)c2c1cc(-c1cn[nH]n1)n2-c1ccc(Cl)cc1Cl,中毒,28.345415,15.210127
O=C1c2nc(-c3cn[nH]n3)c(-c3ccc(Br)cc3F)nc2C(c2ccc(Cl)cc2)N1c1cc(Cl)cn(C2CC(O)(CO)C2)c1=O,中毒,21.438358,14.891448
O=C1c2cc(-c3cn[nH]n3)n(-c3cccnc3)c2C(c2ccc(Cl)cc2)N1c1cc(Cl)cn(C2CC(O)(CO)C3(CC3)C2)c1=O,中毒,14.882899,11.513729
O=c1c(N2C(c3ccc(Cl)cc3)c3c(cc(-c4cn[nH]n4)n3-c3ccc(F)cc3F)CC23CCCCC3)cc(Cl)cn1C1CC(O)(CO)C1,中毒,15.763229,17.379768
O=C1C2=C(C(F)(F)F)N=C(c3cccs3)C2=CN1c1nsc2cnc(-c3cc(-c4cn[nH]n4)c[nH]3)nc12,中毒,36.961697,17.634224
O=C1c2nc(-c3cn[nH]n3)n(-c3c(F)cccc3Cl)c2C(c2ccc(Cl)cc2)N1c1cc(Cl)cn(C2CC(O)(CO)C2)c1=O,中毒,38.640644,13.466203
O=c1c(N2C(O)c3cc(-c4cn[nH]n4)cc(-c4c(Cl)cccc4Cl)c3C2c2ccc(Cl)cc2)cc(Cl)cn1C1CC(O)(CO)C1,中毒,9.036046,9.912456
O=C1c2cc(-c3cn[nH]n3)n(-c3c(F)c(F)c(F)c(F)c3F)c2C(c2ccc(Cl)cc2)N1c1cc(Cl)cn(C2CC(O)(CO)C2)c1=O,中毒,12.488247,11.513729
Clc1ccc(-c2cnc3c(c2OCc2ccsc2)Cc2c(-c4cn[nH]n4)noc2-3)cc1,中毒,16.714785,13.888707
Oc1ccccc1N1Cc2cc(-c3c[nH]c4nc(-c5cn[nH]n5)sc34)[nH]c2C1,中毒,90.52199,12.652781
O=C(Nc1cnc(Cc2ccccn2)cn1)c1cc2c(cn1)-c1nc(-c3cn[nH]n3)ccc1CC2,中毒,58.274586,24.12948
O=S1(=O)Cc2c(cc(-c3cn[nH]n3)n2-c2c(F)cccc2F)C2=NOC(c3cc(Cl)cc(Cl)c3F)C(c3ccc(Cl)cc3)C1=CC(Cl)=C2C1COC1,中毒,18.617636,14.2372675
Clc1cnc(Cl)c(C2=C3SCc4c(cc(-c5cn[nH]n5)cc4-c4c(Cl)cccc4Cl)C3=N2)c1Cl,中毒,5.3017592,11.824668
SC(=[IH])CSc1[nH]c2ncc(-c3cn[nH]n3)cc2c1-c1ccc2c(c1)OCO2,中毒,9.603183,30.605572
O=c1c(N2N=Cc3cc(-c4cn[nH]n4)cc(-c4c(Cl)ccc(Cl)c4Cl)c3C2c2cccc(Cl)c2)cc(Cl)cn1C1CC(O)(CO)C1,中毒,15.809174,14.2372675
O=C(C1CC1)N1CCC(Nc2cc(C3=C4C(=CC(c5cn[nH]n5)=C4c4cn(-c5ccccc5)nc4-c4ccc(F)cc4)C3)ncn2)CC1,中毒,7.0563965,44.491318
O=c1[nH]c2ccc(-c3cn[nH]n3)cc2cc1-c1c[nH]c2nccc(N3CCCC3)c12,中毒,4.096685,50.919193
O=S1(=O)C2=NC3(CCCC31)Cc1cc(-c3cn[nH]n3)n(-c3ccc(F)cc3Br)c1C(c1ccc(Cl)cc1)N2c1ccc(Cl)cc1,中毒,17.272402,20.674168
c1cncc(CNc2cc(-c3ccc4c(c3)Cc3sc(-c5cn[nH]n5)cc3-4)ccn2)c1,中毒,65.07263,15.66427
O=C1c2cc(-c3cn[nH]n3)cc3snc(c23)C(c2ccc(Cl)cc2)N1c1cc(Cl)cn(C2CC(O)(CO)C2)c1=O,中毒,17.224394,12.110745
FC(F)(F)c1cnc(N2CCCC3c4c(-c5ccsc5)c(-c5nc(-c6cn[nH]n6)no5)cn4CC32)cn1,中毒,8.37027,45.48697
O=c1c(N2Cc3cc(-c4cn[nH]n4)n(-c4cc(F)cc(F)c4)c3C2c2ccc(Cl)cc2)cc(Cl)cn1C1CC(O)(CO)C1,中毒,19.24008,11.513729
O=C1c2cc(-c3cn[nH]n3)n(-c3ccc(Cl)c(Cl)c3)c2C(c2ccc(Cl)cc2F)N1c1cc(Cl)cn(C2CC(O)C(O)C2)c1=O,中毒,14.882899,11.513729
Oc1c(Br)cc(N2C(c3ccc(Cl)cc3)c3ccc(Cl)ccc4cc(-c5cn[nH]n5)n3c4C2c2ccc(Cl)cc2)cc1I,中毒,98.58596,21.917812
O=S(=O)(Nc1c(-c2ccc(F)c(F)c2)c(-c2cn[nH]n2)nc2cc(-c3ncc(Br)cn3)ccc12)C1CNCCO1,中毒,16.759054,13.446745
Fc1cc(Cl)ccc1C1ON(c2ccc(Cl)cc2)Cc2cc(-c3cn[nH]n3)cc(-c3c(F)cccc3F)c21,中毒,27.44951,27.656815
O=C1c2cc(-c3cn[nH]n3)n(-c3cc(Cl)cc(Cl)c3)c2C(c2ccc(Cl)cc2F)N1c1cc(Cl)cn(C2CC(O)(CO)C2)c1=O,中毒,14.882899,11.513729
Brc1c(-c2ccc(Oc3ccccc3)nc2)nc(N2CC3CCC(C2)N3CC2CC2)nc1-c1cn[nH]n1,中毒,8.282284,13.446745
O=C1c2cc(-c3cn[nH]n3)n(-c3cc(Cl)c(Cl)cc3F)c2C(c2ccc(Cl)cc2)N1c1cc(Cl)cn(C2CC(O)(CO)C2)c1=O,中毒,12.488247,11.513729
O=C1c2cc(-c3cn[nH]n3)c(-c3ccncn3)nc2C(c2ccc(Cl)cc2)N1c1cc(Cl)cn(C2CC(O)(CO)C2)c1=O,中毒,14.775009,12.110745
O=C1c2cc(-c3cn[nH]n3)c(-c3ccc(Cl)c(Cl)c3)nc2C(c2ccc(Cl)cc2)N1c1cc(Cl)cn(C2CC(O)C(O)C2)c1=O,中毒,13.216523,12.087409
Fc1ccc(-n2c(-c3cn[nH]n3)cc3c2C(c2ccc(Cl)cc2)N(c2csc(Cl)c2)C3c2ccc(Cl)cc2)c(F)c1,中毒,26.889551,23.107658
O=C1c2cc(-c3cn[nH]n3)n(-c3cc(Cl)ccc3F)c2C(c2ccc(Cl)cc2)N1c1cc(Cl)cn(C2CC(O)(Cl)C2)c1=O,中毒,25.244574,11.513729
O=C1c2cc(-c3cn[nH]n3)n(-c3ccc(Cl)cc3F)c2C(c2ccc(Cl)cc2)N1c1cc(Cl)cn(C2CC(O)C(O)C2O)c1=O,中毒,12.488247,11.513729
O=c1c(NC2Cc3cc(-c4cn[nH]n4)n(-c4ccc(Cl)cc4)c32)cc(Cl)cn1C1CC(O)C(O)C1,中毒,28.051815,32.91048
O=C(O)C1=CCC(Cl)=CC(N2CCc3cc(-c4cn[nH]n4)n(-c4ccc(F)cc4F)c3C2c2ccc(Cl)cc2)=C1,中毒,14.940432,12.599657
Cn1cc(N2C(=O)c3cc(-c4cn[nH]n4)n(-c4ccc(F)cc4F)c3C2c2ccc(Cl)cc2)cc(F)c1=O,中毒,17.272402,17.488447
c1ccc(C2(N(Cc3c4cc(-c5cn[nH]n5)c-4c3-c3ccncc3)c3nc(-c4ccncc4)cs3)CCN(C3CCCCCC3)CC2)cc1,中毒,9.290653,20.607561
O=C1c2cc(-c3cn[nH]n3)n(-c3c(Cl)cccc3Cl)c2C(c2ccc(Cl)cc2)N1c1cc(Cl)cn(C2CC(O)C(O)C2)c1=O,中毒,18.205946,11.513729
O=C1NN(c2cc(Cl)cn(C3CC(O)(CO)C3)c2=O)C(c2ccc(Cl)cc2)c2c1cc(-c1cn[nH]n1)n2-c1ccc(F)cc1F,中毒,12.488247,13.765845
OCC1CN(c2nc(-c3ccc(F)c(Cl)c3)c3cc(-c4cn[nH]n4)c(Cl)cc3n2)CCO1,中毒,7.065991,77.3263
c1nc(CNC2CC2)cc(Nc2nc(Nc3ccc(C4=NCCN4)cc3)nc3ccc(-c4cn[nH]n4)cc23)n1,中毒,4.2658906,52.52006
O=C1CCC(=O)N2C3Cc4c(cc(-c5cn[nH]n5)cc4-c4c(Cl)cccc4Cl)CC3N(C3CCS(=O)(=O)CC3)C2C1,中毒,85.8779,32.57318
O=C(NC1(c2ccc(C3Cc4nnc(-c5cn[nH]n5)n4C3)nc2)CC1)c1cnn(-c2ccc(F)cc2)c1,中毒,33.631725,27.184788
CC1(CC2C3=CC(N4C(=O)c5cc(-c6cn[nH]n6)n(-c6ccc(Br)cc6F)c5C4c4ccc(Cl)cc4)=CC(Cl)=CN32)CO1,中毒,18.339478,19.983128
O=C1c2cc(-c3cn[nH]n3)n(-c3cccc(Br)c3)c2C(c2ccc(Cl)cc2)N1c1cc(Cl)cn(C2CC(O)(CO)C2)c1=O,中毒,14.882899,11.513729
O=C1c2cc(-c3cn[nH]n3)n(-c3ccc(Cl)cc3)c2C(c2ccc(Cl)cc2)N1c1cc(Cl)cn(CC2CC(O)(CO)C2)c1=O,中毒,14.882899,11.513729
O=C(c1cc(Cl)ccc1-n1cnnn1)N(Cc1c2cc(-c3cn[nH]n3)c-2c1-c1cnc2ccc(C(F)(F)F)cc2c1)C1CC1,中毒,28.926886,16.33309
O=c1c2cc(-c3cn[nH]n3)cnc2nc(N2CC(COCc3ncn[nH]3)C2)n1-c1ccc(CO)c(F)c1,中毒,12.12035,23.503769
Fc1ccc2c(C3=NNc4cc(-c5cn[nH]n5)cc(-c5c(Cl)cccc5Cl)c4C3)coc2c1,中毒,11.500927,130.40062
O=C1c2cc(-c3cn[nH]n3)c(=O)n(-c3ccc(Cl)cc3F)c2C(c2ccc(Cl)cc2)N1c1cc(Cl)cn(C2CC(O)(CO)C2)c1=O,中毒,32.17651,12.110745
O=C1c2cc(-c3cn[nH]n3)n(-c3ccc(-c4cc(Cl)cc(Cl)c4)nc3)c2C(c2ccc(Cl)cc2)N1c1cc(Cl)cn(C2CC(O)(CO)C2)c1=O,中毒,51.50488,11.513729
Clc1cnc(N2CCc3cc(-c4cc5ccccc5s4)c(-c4cn[nH]n4)cc3C2)nc1,中毒,9.307949,21.589262
Fc1ccc(-c2cc(N3Cc4nc(-c5cn[nH]n5)nc(N5CCOc6ccccc6C5)c4C3)nc(NC3COC3)n2)cc1,中毒,15.75332,45.250767
O=S(=O)(NC1=C2Oc3ccc(Br)cc3NC(c3cn[nH]n3)=C2C(F)=C1F)c1sccc1C(F)(F)F,中毒,26.484629,12.605275
O=c1c(N2Cc3cc(-c4cn[nH]n4)nc(Nc4ccc(Cl)c(Cl)c4)c3C2c2ccc(Cl)cc2)cc(Cl)cn1C1CC(O)(CO)C1,中毒,7.8529835,33.968105
O=c1c2c(Cl)cc(nc2-c2ccc(CN3CCS(=O)(=O)CC3)cc2Oc2ccc(F)cc2F)c2c(-c3ccc(Cl)cc3)n(-c3cn[nH]n3)cc12,中毒,11.988051,9.127256
O=C1c2cc(-c3cn[nH]n3)c(N3CCC(F)C(Cl)C3)nc2C(c2ccc(Cl)cc2)N1c1cc(Cl)cn(C2CC(O)(CO)C2)c1=O,中毒,13.216523,12.087409
O=C1c2cc(-c3cn[nH]n3)n(-c3cc(Cl)cc(Cl)c3)c2C(c2ccc(F)cc2)N1c1cc(Cl)cn(C2CC(O)C(O)C2)c1=O,中毒,14.882899,11.513729
Fc1cc(Cl)ccc1-n1c(-c2cn[nH]n2)cc2c1C(c1ccc(Cl)cc1)N(c1cnc3c(c1)CCCC3)C2c1ccc(Cl)cc1,中毒,32.733707,15.59718
O=c1c(N2Cc3nc(-c4cn[nH]n4)n(-c4ccc(Cl)cc4F)c3C2c2ccc(Cl)cc2)cc(Cl)cn1C1CC(O)(CO)C1,中毒,15.534245,34.717995
Clc1cc2c(cc1-c1cccnc1Oc1ccc(-c3ccno3)cc1)-c1cnc(-c3cn[nH]n3)nc1-2,中毒,22.904377,139.37674
O=c1c(N2Cc3cc(-c4cn[nH]n4)n(-c4ccc(Cl)cc4F)c3C2c2cccnc2F)cc(Cl)cn1C1CC(O)(CO)C1,中毒,15.763229,11.513729
O=C(Cc1ccc(F)c(-c2cc(-c3cn[nH]n3)cc3c2CCP(=O)(O)O3)c1)c1ccoc1,中毒,58.864178,57.27264
CC1(O)CC(n2cc(Cl)cc(N3C(=O)c4cc(-c5cn[nH]n5)n(-c5ccc(F)cc5F)c4C3c3ccc(Cl)cc3)c2=O)C1,中毒,25.244574,11.513729
Sc1nn(-c2ccc(Cl)cc2)n1CCOc1ncc(-c2ncnc3sc(-c4cn[nH]n4)cc23)cc1Cl,中毒,20.877995,19.953716
O=C1c2cc(-c3cn[nH]n3)n(-c3c(F)cc(C(F)(F)F)cc3Cl)c2C(c2ccc(Cl)cc2)N1c1cc(Cl)cn(C2CC(O)(CO)C2)c1=O,中毒,15.540574,13.466203
O=C1c2cc(-c3cn[nH]n3)n(-c3ccc4ncc(F)c-4cc3F)c2C(c2ccc(Cl)cc2)N1c1cc(Cl)cn(C2CC(O)(CO)C2)c1=O,中毒,32.17651,11.513729
O=C1c2cc(-c3cn[nH]n3)n(-c3ccc(Br)cc3)c2C(c2cccnc2)N1c1cc(Cl)cn(C2CC(O)(CO)C2)c1=O,中毒,18.205946,11.513729
[O-][n+]1c(-c2ccc(Cl)cc2)c2c(cc(-c3cn[nH]n3)n2-c2ccc(Cl)cc2F)c2c(I)c(O)c(Cl)cc21,中毒,16.124004,18.39298
N#CN1Nc2cc(-c3cn[nH]n3)n(-c3ccc(Cl)cc3F)c2C1c1ccc(Cl)cc1,中毒,17.66621,19.931065
O=S1(=O)CCc2c(Cl)ccc(F)c2-c2cc(-c3cn[nH]n3)cc(-c3cc(Cl)c(Cl)cc3Cl)c21,中毒,7.5223217,35.26888
O=c1c(N2Nc3cc(-c4cn[nH]n4)nc(-c4c(Cl)cccc4Cl)c3C2c2ccc(OC(F)(F)F)cc2)cc(Cl)cn1C1CC(F)(F)C1,中毒,24.385729,13.503714
Fc1cc(F)c(C2=C3C(N4CCSCC4)=CC(c4cn[nH]n4)=C3c3cc(Cl)c(Cl)cc32)c(F)c1Cl,中毒,64.35514,52.826954
OC1=CC(Cn2cnc3cccnc32)OCC1COc1ccc(OC2=NC(c3ccc(-c4cn[nH]n4)cn3)=C2)c(Cl)c1,中毒,55.340286,30.847767
Oc1cc(F)cc(-c2c(-c3nsc(-c4ccco4)c3-c3ccncc3F)ccc3ncc(-c4cn[nH]n4)cc23)c1,中毒,33.413425,19.721552
c1cc(-c2cnc3cnc(-c4nc(-c5cn[nH]n5)cs4)cn23)co1,中毒,66.5234,12.39736
O=C1c2nc(-c3cn[nH]n3)n(-c3nc4cc(Cl)c(F)cc4s3)c2C(c2ccc(Cl)cc2)N1c1cc(Cl)cn(C2CC(O)(CO)C2)c1=O,中毒,26.797838,20.422
O=C1c2c(nc3cc(-c4cc5ccccc5s4)ccc3c2-c2cn[nH]n2)C(c2ccc3c(c2)OCO3)N1c1cc(Cl)cn(C2CCC(O)(CO)C2)c1=O,中毒,26.553892,13.503714
Oc1cc(-c2cc3[nH]nc(-c4cccnc4)c3cc2-c2cn[nH]n2)cnc1N1CCCc2n[nH]cc2C1,中毒,17.949467,43.654182
Fc1cc(I)ccc1-c1nc(Cl)nc2cc(OCCC3Cc4nnc(C5CC5)n4C3)c(-c3cn[nH]n3)cc12,中毒,7.787436,56.791153
O=c1c(N2C(c3ccc(Cl)cc3)c3c(-c4c(F)cccc4Cl)cc(-c4cn[nH]n4)cc3N2CO)cc(Cl)cn1C1CC(O)(CO)C1,中毒,29.989872,10.425424
O=C1c2cc(-c3cn[nH]n3)n(-c3ccc(Cl)cc3F)c2C(c2ccc(Cl)cc2)N1c1cc(Cl)cn(C2CC(O)(CO)C2O)c1=O,中毒,12.488247,11.513729
Nc1nc(N)c2c(-c3c4c(c5cc(-c6cn[nH]n6)cn35)=Cc3ccncc3C4=O)cn(-c3ccc4c(c3)OCO4)c2n1,中毒,42.5958,13.503714
O=c1c(N2Cc3c(n(-c4ccc(F)cc4F)c4cc(-c5cn[nH]n5)ncc34)C2c2ccc(Cl)cc2)cc(Cl)cn1C1CC(O)(CO)C1,中毒,20.18954,13.503714
O=C1c2cc(-c3cn[nH]n3)n(-c3ccc(Cl)cc3)c2C(C(F)F)N1c1cc(Cl)cn(C2CC(O)C(O)C2)c1=O,中毒,10.328205,33.968105
O=C1c2oc(-c3cn[nH]n3)c(-c3nc4ccc(Cl)cc4s3)c2C(c2ccc(Cl)cc2)N1c1cc(Cl)cn(C2CC(O)(CO)C2)c1=O,中毒,18.557116,20.422
O=C1c2cc(-c3cn[nH]n3)n(-c3ccc(Cl)cc3)c2C(c2ccc(Cl)cc2)N1c1cc(Cl)cn(C2CC(O)=C(O)C2)c1=O,中毒,14.882899,11.513729
O=C1c2cc(-c3cn[nH]n3)n(-c3ccc(Cl)cc3F)c2C(c2ccc(Cl)cc2)N1c1cc(Cl)cn(C2CC(O)(C(O)O)C2)c1=O,中毒,12.488247,11.513729
O=C1c2cc(-c3cn[nH]n3)c(-c3cc(Cl)ccc3F)n2C(c2ccc(Cl)cc2)N1c1cc(Cl)cn(C2CC(O)(CO)C2)c1=O,中毒,32.68572,13.503714
O=C1c2cc(-c3cn[nH]n3)n(-c3cc(Cl)c(Cl)cc3F)c2C(c2ccc(Cl)cc2)N1c1cc(Cl)cn(C2CC(O)=C(O)C2)c1=O,中毒,12.488247,11.513729
O=C1C2CC(O)(CO)CC(N3C(=O)c4cc(-c5cn[nH]n5)n(-c5ccc(Cl)cc5F)c4C3c3ccc(Cl)cc3)=CC(Cl)=CN12,中毒,14.940432,19.356245
O=C1c2cc(-c3cn[nH]n3)sc2CSC(c2ccc(Cl)cc2)N1c1cc(Cl)cn(C2CC(O)C(O)C2)c1=O,中毒,12.784601,12.264151
O=C1c2cc(-c3cn[nH]n3)n(-c3ccc(Cl)cc3Cl)c2C(c2ccc(Cl)cc2)NN1c1cc(Cl)cn(C2CC(O)C(O)C2)c1=O,中毒,15.540574,12.110745
O=c1c(N2Cc3cc(-c4cn[nH]n4)n(-c4ccnc(Cl)c4F)c3C2c2ccc(Cl)cc2)cc(Cl)cn1C1CC(O)C(O)(CO)C1,中毒,15.763229,11.513729
FC(F)(F)c1cc(Cl)ccc1-n1c(-c2cn[nH]n2)cc2c1C(c1ccc(Cl)cc1)=N2,中毒,5.810678,44.99684
c1c[nH]c(CNc2ccc(-c3ccnc4cc(OCc5cn[nH]n5)ccc34)cn2)n1,中毒,25.1666,70.38213
O=C1c2cc(-c3cn[nH]n3)n(-c3ccc(F)cc3)c2C(c2ccsc2)N1c1cc(Cl)cn(C2CC(O)(CO)C2)c1=O,中毒,14.882899,11.513729
Clc1c(-c2cn[nH]n2)cnc2c(OCc3ccc(Br)cn3)nccc12,低毒,4.8446465,172.02626
O=C1c2cc(-c3cn[nH]n3)n(-c3ccc(Cl)cc3Cl)c2C(c2ccc(Cl)cc2Cl)N1c1cc(Cl)cn(C2CC(O)(CO)C2)c1=O,中毒,15.540574,11.513729
O=c1c2cc(Cl)c(-c3cn[nH]n3)cc2ccn1C1CC(O)C(CO)O1,高毒,8.173519,66.68073
Clc1ccc(C2c3c(cc(-c4cn[nH]n4)n3-c3ccc(Cl)cc3)CCN2c2cc(Cl)c[nH]2)cc1,中毒,21.327534,41.673668
O=C1c2cc(-c3cn[nH]n3)c(-c3ccn[nH]3)nc2C(c2ccc(Cl)cc2)N1c1cc(Cl)cn(C2CC(O)(CO)C2)c1=O,中毒,14.775009,13.503714
O=c1c(C2CC2)nc(OCC2CC2)c2n1Cc1c(-c3ccsc3)cc(-c3cn[nH]n3)cc1-2,中毒,15.236833,21.071684
ClC1=CC=C2C3Cc4cc(-c5cn[nH]n5)n(-c5ccc(Cl)cc5)c4C(c4ccc(Cl)cc4)N(c4ccc(Cl)cc4)C2C(=C1)NC3c1ccc(Cl)cc1,中毒,22.121504,20.876442
O=C1c2cc(-c3cn[nH]n3)n(-c3ccc(Cl)cc3)c2C(c2ccc(Cl)cc2)N1c1cc(Cl)cn(CC2CCC(O)CC2)c1=O,中毒,31.338547,11.513729
O=C1c2cc(-c3cn[nH]n3)n(-c3ccc(F)cc3F)c2C(c2ccc(Cl)cc2)N1c1cc(Cl)cn(C2CC(O)(CO)C2F)c1=O,中毒,12.488247,11.513729
Fc1c(-c2cn[nH]n2)oc2c(F)c(N3CC(c4ccncc4-c4cn[nH]c4)C3)ccc12,中毒,3.0434651,21.627098
Fc1cc(Cl)ccc1C1c2c(cc(-c3cn[nH]n3)cc2-c2c(Cl)cccc2Cl)CN1c1cc(C2CCO2)on1,中毒,28.192621,20.604988
O=C1c2cc(-c3cn[nH]n3)n(-c3ccc(Cl)cc3F)c2C(c2ccc(OC(CO)CF)cc2)N1c1cc(Cl)cn(C2CC(O)(CO)C2)c1=O,中毒,12.488247,11.513729
O=C1c2ccccc2C(=S)c2cc(-c3cn[nH]n3)oc21,低毒,119.539795,129.19746
O=C1c2cc(-c3cn[nH]n3)n(-c3ccc(F)cc3F)c2C(c2ccc(Cl)cc2)N1c1cc(Cl)c(=O)n(C2CC(O)C(O)C2)c1O,中毒,15.540574,11.513729
FC(F)(F)c1cncc(Nc2cc(C3C4CCN3C(c3cn[nH]n3)C4)c3cc(C4CCNCC4)[nH]c3n2)c1,中毒,5.783975,35.92444
OC1C(O)C(O)C(O)(CC2C3=NC(N4Cc5cc(-c6cn[nH]n6)n(-c6ccc(F)cc6F)c5C4c4ccc(Cl)cc4)=CC(Cl)=CN32)C1O,中毒,9.915265,21.28903
O=C1c2cc(-c3cn[nH]n3)cc(-c3c(Cl)cccc3Cl)c2-c2c(Cl)c(O)c(Br)c(O)c21,中毒,10.098557,20.074417
O=C1c2cc(-c3cn[nH]n3)[nH]c2C2(c3ccccc32)C(c2ccc(Cl)cc2)N1c1cc(Cl)cn(C2CC(O)(CO)C2)c1=O,中毒,45.864647,15.303033
O=C1c2cc(-c3cn[nH]n3)c(=O)n(-c3ccc(Cl)cc3Cl)c2C(c2ccc(Cl)cc2F)N1c1cc(Cl)cn(C2CC(O)(CO)C2)c1=O,中毒,51.50488,12.110745
O=C1c2nc(-c3cn[nH]n3)c(-c3ccc(Cl)cc3)n2C(c2cccs2)N1c1cc(Cl)cn(C2CC(O)C(O)C2)c1=O,中毒,36.83937,13.447941
O=C1C2=C(C(=O)N1c1cc(Cl)cc(Cl)c1)N(c1ccc(Cl)cc1)C(c1ccc(Cl)cc1)c1c2cc(-c2cn[nH]n2)n1-c1ccc(Cl)cc1,中毒,28.345415,19.648664
O=c1c(Cl)c(-c2ccc(Cl)c(Cl)c2)c2sc(-c3cn[nH]n3)nc2n1-c1cccc(Oc2ccc(Cl)cc2)c1,低毒,30.840408,15.862107
c1oc(-c2cnsc2-c2ccc3[nH]ncc3c2)cc1-c1cn[nH]n1,高毒,7.966796,12.810624
c1cc(-c2nc3cc(-c4cn[nH]n4)cnc3[nH]2)ccc1Oc1cnoc1,中毒,7.1982317,112.59433
O=C1Cc2cc(-c3cn[nH]n3)cc(OCCN3CCOCC3)c2CN1c1ccc(Cl)c(C(F)(F)F)c1,中毒,33.337433,51.263245
Fc1cc(-c2cn[nH]n2)ccc1OC1CCN(c2ccc3ccccc3c2)CC1,中毒,16.631554,74.29588
O=S(=O)(c1cccc(Cl)c1)N1CCc2c(ccc3oc4ccc(Cl)cc4c23)C1c1cn[nH]n1,中毒,11.434289,67.59906
O=C1c2cc(-c3cn[nH]n3)c(-c3ccc(-c4ncccn4)cn3)nc2C(c2ccc(Cl)cc2)N1c1cc(Cl)cn(C2CC(O)(CO)C2)c1=O,中毒,14.775009,12.110745
c1cnc(-c2nc(N3CCOCC3)c3ccncc3n2)c(-c2csc(NC3CC4CCC(C3)N4c3cn[nH]n3)n2)c1,中毒,8.977141,20.286583
O=c1c(N2Cc3cc(-c4cn[nH]n4)cc(-c4c(Cl)ccc(F)c4F)c3C2c2ccc(Cl)cc2)cc(Cl)cn1C1C(Cl)C(O)C1CO,中毒,6.3808517,8.960914
FC1(F)CN(c2cc(-c3cn[nH]n3)cc(N3CC4CC3C4)n2)C1,中毒,32.79895,79.37484
O=C1c2cc(-c3cn[nH]n3)c(-c3ccc(F)cc3)n2C(c2ccsc2)N1c1cc(Cl)cn(C2CCC(O)(CO)C2)c1=O,中毒,27.094715,13.466203
O=c1c(N2C(O)c3cc(-c4cn[nH]n4)n(-c4ccc(Cl)cc4F)c3C2c2ccc(Cl)cc2)cc(Cl)cn1C1CC(F)(Br)C1,中毒,57.358334,12.110745
OCCOC1CCN(c2nc(-c3ccco3)cc3c2-c2cc(-c4cn[nH]n4)c(-c4cc(Cl)ccc4Cl)cc2OC3)CC1,中毒,9.983747,26.438253
Fc1ccc(Cl)cc1-n1c(-c2cn[nH]n2)nc2c1C(c1ccc(Cl)cc1)N(c1cncc(Cl)c1)C2c1ccc(Cl)cc1,中毒,17.897259,29.819971
O=C1c2cc(-c3cn[nH]n3)n(-c3ccc(Cl)cc3)c2C(c2ccc(Cl)cc2)N1c1cc(Cl)c(Cl)c(Cl)c1,中毒,22.121504,23.107658
O=C1c2cc(-c3cn[nH]n3)n(C3CCCC3)c2C(c2ccc(Cl)cc2)N1c1cc(Cl)cn(C2CC(O)C(O)(CO)C2)c1=O,中毒,19.24008,13.503714
O=C(O)c1cn(C2CC2)c2nc(N3Cc4scc(-c5cn[nH]n5)c4C3)c(F)cc2c1=O,中毒,34.90876,10.202183
Fc1ccc(-n2c(-c3cn[nH]n3)cc3c2C(c2cccc(Cl)c2)N(C2CC2)Cc2cn(Cc4ccc(Cl)c(Cl)c4)nc2-3)c(F)c1,中毒,21.947083,20.000929
O=c1c(N2Cc3ccc(Cl)cc4ccc(c3)-n3c(-c5cn[nH]n5)cc-4c3C2c2ccc(Cl)cc2)cc(Cl)cn1C1CC(O)(CO)C1,中毒,25.998018,14.297296
O=c1c(N2Nc3cc(-c4cn[nH]n4)n(-c4ccc(Cl)cc4Cl)c3C2c2ccc(Cl)cc2)cc(Cl)cn1C1CC(O)(CO)C1,中毒,17.224394,13.447941
O=c1c(N2Cc3cc(-c4cn[nH]n4)n(-c4ccc(Br)cc4F)c3C2c2cccc(Cl)c2)cc(Cl)cn1C1CC(O)(CO)C1,中毒,20.18954,11.513729
O=C1c2cc(-c3cn[nH]n3)n(-c3c(F)cc(F)cc3Cl)c2C(c2ccc(Cl)cc2)N1c1cc(Cl)cn(C2CC(O)(CO)C2)c1=O,中毒,15.540574,11.513729
O=C1c2cc(-c3cn[nH]n3)c(=O)n(-c3cc(Cl)c(Cl)c(Cl)c3)c2C(c2ccc(Cl)cc2)N1c1cc(Cl)cn(C2CC(O)C(O)(CO)C2)c1=O,中毒,51.50488,12.110745
Fc1ccc(-n2c(-c3cn[nH]n3)cc3c2-c2c(F)cc(-c4cnsc4)c(-c4ccc(-c5noc(-c6ccccn6)n5)cc4F)c2-3)c(F)c1,中毒,8.728808,20.01851
N#CC1=CC=C2CC3C4CC4c4cc(-c5cn[nH]n5)n(-c5ccc(Cl)cc5)c4C(c4ccc(Cl)cc4)N(c4cccc(Cl)c4)C2C(=C1)N3Cc1ccsc1,中毒,43.942547,19.648664
Sc1nc2cscc2n1NC1c2ccccc2C(Oc2cn[nH]n2)C1CC1CC2CCN1CC2,中毒,31.511805,36.690327
Clc1ccc(C2C3=CC4=CC(=Cc5cc(-c6cn[nH]n6)n(-c6ccc(Cl)cc6)c5C3N2c2ccc(Cl)cc2)CNCC4)cc1,中毒,6.762026,15.967391
c1cc(CNC2CCc3cc(-c4cn[nH]n4)nn3CC2)ccn1,中毒,14.420229,23.744415
O=C1c2nc(-c3cn[nH]n3)n(-c3cc(Cl)ccc3F)c2C(c2ccc(Br)cc2OCC(F)(F)F)N1c1cc(Cl)cn(C2CC(O)(CO)C2)c1=O,中毒,24.818281,33.968105
O=C1c2cc(-c3cn[nH]n3)nc(-c3cc(Cl)ccc3Cl)c2C(c2ccc(Cl)cc2)N1c1cc(Cl)cn(C2CC(O)(CO)C2)c1=O,中毒,7.4282966,12.110745
O=C1c2cc(-c3cn[nH]n3)nc(Nc3cccc4ccccc34)c2C(c2ccc(Cl)s2)N1c1cc(Cl)cn(C2CC(O)(CO)C2)c1=S,中毒,6.690411,41.98095
O=c1c(N2Cc3cc(-c4cn[nH]n4)n(-c4ccc(Cl)cc4)c3C2c2ccc(Cl)cc2)cc(Cl)cn1C1CC2C(O)C(O)C(O)C2(O)C1,中毒,19.24008,11.513729
O=c1c(N2Cc3cc(-c4cn[nH]n4)n(-c4ccc(Br)cc4F)c3C2c2ccc(Cl)cc2)cc(Cl)cn1C1CC(O)(CO)C1,中毒,20.18954,11.513729
O=C1c2cc(-c3cn[nH]n3)c(-c3cc(Cl)cc(Cl)c3OCC3CC3)n2C(c2ccc(Cl)cc2)N1c1cc(Cl)cn(C2CC(O)(CO)C2)c1=O,中毒,20.573853,13.503714
Oc1c(F)cc(-c2ncc3[nH]cc(-c4cn[nH]n4)c3c2-c2cc(Cl)c(O)c(Cl)c2)cc1Cl,中毒,5.1863713,35.59927
c1cc2c(cc1CNc1nc(C3CCC(N4CCCC4)CC3)nc3c(-c4cn[nH]n4)csc13)OCO2,中毒,16.410772,16.697477
O=C1C(Nc2cnc3c(c2)C(c2ccc(Cl)c(Cl)c2)N(c2cc(Cl)cn(C4CC(O)(CO)C4)c2=O)C3)=NN=C1c1cn[nH]n1,中毒,9.126797,12.110745
O=C1c2cc(-c3cn[nH]n3)n(-c3c(Cl)ccc(Cl)c3Cl)c2C(c2ccc(Cl)cc2)N1c1cc(Cl)cn(C2CC(O)(CO)C2)c1=O,中毒,18.205946,11.513729
OCC(CO)N1Cc2cc(-c3cn[nH]n3)cc(-c3nc4cc(Cl)c(Cl)cc4s3)c2C1c1ccc(Cl)cc1,中毒,44.584446,19.54971
CC(C)(C)C1CC(=O)C2=C(CC1=O)N(c1cc(Cl)cc(Cl)c1)C(c1ccc(Cl)cc1)c1c2cc(-c2cn[nH]n2)n1-c1cc(Cl)cc(Cl)c1,中毒,28.345415,19.755848
FC1=CC=C2C=C(OC(CBr)CI)C=C(Cl)C3=C4COCC5=C4C(=S)N(C2)C(=C(c2cn[nH]n2)C=C53)C=C1,中毒,17.258076,32.059467
CS(=O)(=O)NCC1C=C(Cl)C=C(Br)N1c1nc(-c2cn[nH]c2)cc2c(C3=C4C=C(c5cn[nH]n5)C=C4CCNC3)coc12,中毒,33.127174,9.939742
O=C1N(c2cc(Cl)cn(C3CC(O)(CO)C3)c2=O)C(c2cc(Cl)cnc2Cl)c2c(-c3cc(Cl)cc(Cl)c3)c(-c3cn[nH]n3)cn21,中毒,7.953227,16.230408
O=P1(c2ccc(Cl)cc2)CC2(NC=N1)c1sc(-c3cn[nH]n3)nc1-c1c(F)ccc(F)c12,中毒,47.20036,15.574545
Clc1ccc(Oc2nc(-c3cc4c(cc3-c3cn[nH]n3)CN3CCCC43)ncc2Cl)c(Cl)c1,中毒,19.256819,43.668564
O=S(=O)(Nc1cnn(CC2CC2)c1)c1ccnc2c(-c3cn[nH]n3)c(-c3ccccc3)c3cc(Cl)ccc3c12,中毒,149.59373,27.130392
Fc1ccc2n3c(-c4cn[nH]n4)cc(c(F)c1)c3C(c1ccc(Cl)cc1)N(C1CCOC1)c1cc(Cl)cnc1-2,中毒,31.41851,11.664629
Cc1cc(N2C(=O)c3cc(-c4cn[nH]n4)nc(-c4c(Cl)cccc4Cl)c3C2c2ccc(Cl)cc2)c(=O)n(C2CC(O)C(O)C2)c1,中毒,7.4282966,8.2014885
O=c1c(N2Cc3cc(-c4cn[nH]n4)c(-c4cncnc4)cc32)cc(Cl)cn1C1CCC1,中毒,14.571511,41.282166
O=c1[nH]c2ccc(C3c4cc(Br)c(-c5cn[nH]n5)cc43)cc2[nH]1,低毒,40.94593,44.173553
Brc1scnc1C#Cc1ccc(CN2CCc3cn(-c4cn[nH]n4)nc3C2)o1,中毒,22.915049,140.08269
O=c1c(N2Cc3cc(-c4cn[nH]n4)n(-c4ccc(Cl)c(Cl)c4F)c3C2c2ccc(Cl)cc2)cc(Cl)cn1C1CC(O)(CO)C1,中毒,15.763229,11.513729
O=S1(=O)Cc2nc(-c3cn[nH]n3)nc(N3OCC4COCC43)c2C1,中毒,3.5095913,41.656902
O=S(=O)(c1ccc(Oc2ccc(Cl)cc2-c2cc(-c3cn[nH]n3)cc3c2CN(c2ccsc2)C3)cc1)c1cncnc1,中毒,34.30301,22.466902
O=S(=O)(c1ccc(-c2cncnn2)s1)N1Cc2cc(Oc3ncc(-c4cn[nH]n4)cn3)cc(F)c2CC1C1CC1,中毒,12.696696,13.503714
OCCN(CCO)C1CCC(Nc2c(Cl)cccc2Cl)=c2sc3nc(-c4cn[nH]n4)cc2c3C1,中毒,13.132129,14.757054
Clc1ccc(-c2cc3c(o2)-c2cc(-c4cn[nH]n4)cc(-c4c(Cl)cccc4Cl)c2C3)cc1,中毒,22.59409,39.32942
O=C1c2cc(-c3cn[nH]n3)n(-c3ccc(Cl)c(Cl)c3)c2C(c2cccc(F)c2)N1c1cc(Cl)cn(C2CC(O)(CO)C2)c1=O,中毒,12.488247,11.513729
c1cc(CNCc2cncc(-c3cn[nH]n3)c2)cc(-c2ccoc2)n1,中毒,48.578106,54.433403
Fc1ccc(Oc2ccc(-c3nc(-c4ccncc4)oc3-c3cn[nH]n3)cc2-c2ccncc2)cc1,中毒,9.154282,17.878757
O=C1C2CCc3cc(-c4cn[nH]n4)n(-c4ccc(Cl)cc4)c3C(c3ccc(Cl)cc3)N1c1cc(Cl)cn2c1=O,中毒,28.622856,14.3937645
O=C1c2cc(-c3cn[nH]n3)c(-c3cc(F)c(F)c(F)c3)n2C(c2ccc(Cl)cc2)N1c1cc(Cl)cn(C2CC(O)(CO)C2)c1=O,中毒,19.951618,13.503714
O=C1c2nc(-c3cn[nH]n3)nc(N3CCCC4CCCCC43)c2C(c2ccc(Cl)cc2)N1c1cc(Cl)cn(C2CC(O)(CO)C2)c1=O,中毒,16.880064,13.466203
O=C1c2nc(-c3cn[nH]n3)c(-c3cc(F)c(Cl)c(Cl)c3F)n2C(c2ccc(Cl)cc2)N1c1cc(Cl)cn(C2CC(O)(CO)C2)c1=O,中毒,32.68572,16.862432
O=C(O)c1c(Nc2ccc(Br)c(F)c2)c2nc(C34C=CCC3C=N4)cn2c2cc(-c3cn[nH]n3)c(F)cc2c(=O)c1=O,中毒,20.18954,12.015652
Fc1ccc2nc(Nc3cc4c(c(-c5ccc(C(=S)Nc6cnccn6)cc5)c3)-c3c(Cl)nn(-c5cn[nH]n5)c3CO4)ncc2c1,中毒,11.908461,37.930916
O=C1c2cc(-c3cn[nH]n3)n(-c3ccc(F)cc3Br)c2C(c2ccc3c(c2)OCO3)N1c1cc(Cl)cn(C2CC(O)(CO)C2)c1=O,中毒,14.882899,13.466203
O=C1C2=CC=C(Cl)C3=NC(c4cn[nH]n4)=CC3=C(NNS2(=O)=O)C(c2ccc(Cl)cc2)N1c1ccn(C(F)F)c1,中毒,15.779294,15.643925
O=c1c2cn(-c3cn[nH]n3)sc-2c(Cl)c(N2CCNCC2)c1Br,中毒,16.301577,48.463875
C1=C(c2cnon2)Cc2nc(Sc3cn[nH]n3)sc21,高毒,18.563341,39.864693
O=C1c2cc(-c3cn[nH]n3)n(-c3ccc(Cl)cc3)c2C(c2ccc(Cl)cc2)N1c1cc(Cl)cn(C2CC(O)(F)C2)c1=O,中毒,36.175117,11.513729
Clc1ccc2c(c1)-c1ccsc1-c1ccc(-c3nc(-c4ccncc4)oc3-c3cn[nH]n3)cc1O2,中毒,9.718276,17.185598
O=C1c2nc(-c3cn[nH]n3)nc(-c3c(Cl)cccc3Cl)c2C(c2ccc(Cl)cc2)N1c1cc(Cl)cn(C2CC(F)(F)C2)c1=O,中毒,18.711868,14.710186
O=C1c2nc(-c3cn[nH]n3)n(-c3ccc(F)cc3F)c2C(c2ccc3c(c2)OCO3)N1c1cc(Cl)cn(C2CC(O)(CO)C2)c1=O,中毒,24.818281,13.466203
O=c1c2cc(-c3cn[nH]n3)ccc2nc(C(F)(F)F)n1CC(O)c1ccnnc1,中毒,21.607979,86.81361
O=C1C(c2cn[nH]n2)=CC2=C(C(c3c(Cl)cccc3Cl)=C2)C(c2ccc(Cl)cc2)N1C1CC(Oc2ccnc(NCCN3CCCC3)n2)C(O)C1O,中毒,18.795874,17.294733
O=C1c2cc(-c3cn[nH]n3)n(-c3ccc(Cl)cc3)c2C(c2ccc(Cl)cc2)N1c1cc(Cl)cn(C2CCC(O)C2)c1=O,中毒,31.338547,11.513729
Oc1cc(F)c2c(c1)C(NC1Cc3cc(-c4cn[nH]n4)[nH]c3C1)CCO2,中毒,56.642647,106.80865
O=C1c2cc(-c3cn[nH]n3)nc(N3CC4CC4C3)c2C(c2ccc(Cl)cc2F)N1c1cc(Cl)cn(C2CC(O)(CO)C2)c1=O,中毒,6.0494337,12.110745
O=C1c2nc(-c3cn[nH]n3)cc(Cc3c[nH]c4ccc(F)cc34)c2C(c2ccc(Cl)cc2)N1c1cc(Cl)cn(C2COCC2O)c1=O,中毒,53.967606,13.503714
O=c1c(N2Cc3nc(-c4cn[nH]n4)nc(-c4cc(Cl)ccc4Cl)c3C2c2cccs2)cc(Cl)cn1C1CC2CC(C1)N(C1CC1)C2,中毒,8.809639,42.668983
O=C1c2cc(-c3cn[nH]n3)cc(-c3c(Cl)cccc3Cl)c2SC(c2ccc(Cl)cc2[N+](=O)[O-])N1Cc1ccc(Br)o1,中毒,5.4784803,53.457497
Clc1ccc(Nc2cc3c(cc2Cl)c2c(Cl)cccc2c2cc(-c4cn[nH]n4)n(-c4ccc(Cl)cc4)c32)cc1,低毒,9.824885,71.56946
O=C(O)c1cn(CC2CCN(C3CC3)CC2)c2cc(-c3cn[nH]n3)c(F)cc2c1=O,中毒,13.554535,17.541855
O=C1c2cn(-c3cn[nH]n3)nc2CN(C(=S)NCCc2ccc(Cl)cc2F)C(c2ccc(Cl)cc2)N1c1cc(Cl)cn(C2CC(O)(CO)C2)c1=O,中毒,11.970029,22.464743
O=C(Nc1cc2c(cc1Br)-c1c(-c3cc(C(F)(F)F)cc(C(F)(F)F)c3)cc(-c3cn[nH]n3)cc1-2)c1ccn(C(F)(F)F)c1,高毒,25.565416,24.868
O=C1c2cc(-c3cn[nH]n3)oc2C(c2ccc(Cl)cc2)N1c1cc(Cl)cn(C2CC(O)(CO)C2)c(=O)c1=O,中毒,16.282593,29.770515
O=C1c2cc(-c3cn[nH]n3)c(-c3cc(Cl)cc(Cl)c3)n2C(c2ccc(Cl)cc2)N1c1cc(Cl)cn(C2CC(O)C(O)C2)c1=O,中毒,19.951618,13.503714
O=C1c2cc(-c3cn[nH]n3)n(-c3cnc(-c4ccncn4)cn3)c2C(c2ccc(Cl)cc2)N1c1cc(Cl)cn(C2CC(O)(CO)C2)c1=O,中毒,14.882899,11.513729
O=C1CC(n2cc(Cl)cc(N3C(=O)c4cc(-c5cn[nH]n5)nc(c4)-c4c3nn(C3CCOCC3)c4-c3ccncc3F)c2=O)C(=O)N1,中毒,5.933575,13.503714
O=C1c2cc(-c3cn[nH]n3)c(-c3cc(Cl)c(F)cc3F)n2C(c2ccc(Cl)cc2)N1c1cc(Cl)cn(C2CC(O)(CO)C2)c1=O,中毒,32.68572,13.503714
c1csc(C2Cc3sccc3C(c3cc(-c4cn[nH]n4)co3)N2C2CC2)c1,中毒,6.989699,29.470842
O=C1c2cc(-c3cn[nH]n3)n(-c3ccc(F)cc3F)c2C(c2ccsc2)C(c2ccc(Cl)cc2)N1c1cc(Cl)cn(C2CC(O)(CO)C2)c1=O,中毒,51.50488,13.503714
O=S1(=O)c2ccc3ncsc(c2)C(c2cccc(OC(F)(F)F)c2)N1COc1cc(Oc2cc(F)c(-c4cn[nH]n4)cn2)ccc1-3,中毒,21.025965,8.685516
O=C1c2cc(-c3cn[nH]n3)n(-c3ccc(Cl)cc3)c2C(c2ccc(C(F)(F)F)cc2)N1c1cc(Cl)cn(C2CC(O)(CO)C2)c1=O,中毒,14.882899,11.513729
O=C1c2cc(-c3cn[nH]n3)n(-c3c(Cl)cccc3Cl)c2C(c2ccc(Cl)s2)N1c1cc(Cl)cn(C2CC(O)(CO)C2)c1=O,中毒,15.111123,11.513729
Fc1cc(Cl)ccc1-n1c(-c2cn[nH]n2)cc2c1C(c1ccc(Cl)cc1)N(c1ccc(Cl)c(Cl)c1)C2c1ccc(C(F)(F)F)cc1,中毒,21.327534,23.107658
Clc1ccc(C2c3cc(-c4cn[nH]n4)n(-c4ccc(Br)cc4)c3C(c3cccnc3)N2c2ccc(Cl)cc2)cc1,中毒,29.275309,23.390354
OC12CC(F)(C1)c1cc(Cl)c(-c3ccc(Cl)cn3)cc1-c1ncc(-c3cn[nH]n3)cc12,中毒,9.561782,17.946507
O=C1c2cc(-c3cn[nH]n3)c(-c3ccc(F)cc3Cl)n2C(c2ccc(Cl)cc2)N1c1cc(Cl)cn(C2CC(O)(CO)C2)c1=O,中毒,19.951618,13.503714
Nc1c2c(-c3ccnc4nc(C(F)(F)F)ccc34)c3c(n2c(=O)n1Cc1ccncc1)=CC(c1cn[nH]n1)=C3,中毒,15.56721,67.82943
O=S(=O)(c1ccccc1)N1CC(c2cc(-c3cn[nH]n3)cs2)=NN2c3cccc(c32)C1,中毒,5.6734214,43.53997
O=C1C2=CC(Cl)=CN(C3CC(O)C(O)C3)C(=O)c3ccc(Cl)cc(F)c4cc(-c5cn[nH]n5)n3c4C(c3ccc(Cl)cc3)CN12,中毒,45.29901,12.632798
O=c1c(N2Cc3cc(-c4cn[nH]n4)cc(-c4ccnc5cc(Cl)ccc45)c3C2(C(F)(F)F)C(F)(F)F)cc(Cl)cn1C1CC(O)(CO)C1,中毒,5.360846,14.585049
O=P12OCC(COc3ccoc3)C1CCc1cc3cc(Cl)ccc3c(-n3c(-c4cn[nH]n4)cc4c3NCSC4)c12,中毒,29.078686,33.968105
O=C1c2cc(-c3cn[nH]n3)sc2C(c2ccc(Cl)cc2F)N1c1cc(Cl)cn(C2CC(O)(CO)C2)c1=O,中毒,8.738106,8.960914
FC1(F)CNCC(Nc2cccc(-c3nc4ccsc4nc4cc(-c5cn[nH]n5)cc3-4)c2)C1,中毒,68.33448,18.851112
O=C1c2cc(-c3cn[nH]n3)n(-c3ccc4c(c3)OCCO4)c2C(c2ccc(Cl)cc2)N1c1cc(Cl)cn(C2CC(O)(CO)C2)c(=O)c1=O,中毒,32.17651,11.513729
O=C1c2cc(-c3cn[nH]n3)n(-c3c(Cl)cccc3Cl)c2C(c2cccnc2)N1c1cc(Cl)cn(C2CC(O)(CO)C2)c1=O,中毒,18.205946,11.513729
O=C(Nc1ccc(-c2nc(C3COC(c4cnoc4)O3)c3[nH]cc(-c4cn[nH]n4)c3n2)cc1)c1cc(Br)cs1,中毒,20.147041,62.8842
O=C1c2cc(-c3cn[nH]n3)n(-c3ccc(Cl)cc3)c2C(c2ccc(Cl)cc2)N1c1cc(Cl)cn(C2CC(O)C(O)(CO)C2)c1=O,中毒,14.882899,11.513729
O=C1c2cc(-c3cn[nH]n3)n(-c3ccc(Cl)cc3Cl)c2C(c2ccc(Cl)cc2)C(c2ccc(Cl)cc2)N1c1cc(Cl)cn(C2CC(O)(CO)C2)c1=O,中毒,51.50488,13.503714
O=C1c2cc(-c3cn[nH]n3)n(-c3ccc(Cl)cc3)c2C(c2cccs2)N1c1cc(Cl)cn(C2CC(O)(CO)C2)c1=O,中毒,15.111123,11.513729
Clc1cnc(Nc2nc(-c3cn[nH]n3)cs2)[nH]1,高毒,377.20334,95.21887
Clc1ccc2[nH]c(-c3cc4ncc(-c5cn[nH]n5)cc4c(NC4CCOCC4)n3)nc2c1-c1ccccn1,中毒,8.308177,97.46923
O=C1c2nc(-c3cn[nH]n3)n(-c3nc4cc(Cl)c(Cl)cc4s3)c2C(c2ccc(Cl)cc2)N1c1cc(Cl)cn(C2CC(O)(CO)C2)c1=O,中毒,26.797838,20.422
O=C1c2cc(-c3cn[nH]n3)c(-c3cc4cc(Br)ccc4s3)nc2C(c2ccc(Cl)cc2)N1c1cc(Cl)cn(C2CC(O)(CO)C2)c1=O,中毒,14.775009,12.110745
O=c1c(N2C(=NO)c3cc(-c4cn[nH]n4)cc(-c4c(Cl)cccc4Cl)c3C2c2ccc(Cl)cc2)cc(Cl)cn1C1CC(O)(CO)C1,中毒,10.328205,16.862432
N#CC12CC(=C(O)CS1(=O)=O)N(c1ccc(Cl)c(F)c1)C1c3cc(cc(Cl)ccc2s3)-c2cc(-c3cn[nH]n3)n(-c3ccc(F)cc3)c21,中毒,53.967606,13.466203
OCC1C(O)C(O)C(CC2C3=NC(NC4c5c(cc(-c6cn[nH]n6)n5-c5ccc(F)cc5F)CC4c4ccc(Cl)cc4F)=CC(Cl)=CN32)C1O,中毒,51.50488,18.318035
O=C1c2cc(-c3cn[nH]n3)c(-c3ccc(F)cc3F)n2C(c2ccc(Cl)cc2Cl)N1c1cc(Cl)cn(C2CC(O)(CO)C2)c1=O,中毒,32.68572,13.503714
O=C1c2cc(-c3cn[nH]n3)c(-c3ccc(F)cc3Cl)nc2C(c2ccc(Cl)cc2)N1c1cc(Cl)cn(C2CC(O)(CO)C2)c1=O,中毒,13.216523,12.087409
O=C1c2cc(-c3cn[nH]n3)n(-c3ccc(F)cc3F)c2C(c2ccc(Cl)cc2)N1c1cc(Cl)cn(C2CCOC2)c1=O,中毒,17.272402,13.466203
O=C1c2nc(-c3cn[nH]n3)c(-c3ccn(-c4ccc5[nH]ncc5c4)c3)n2C(c2ccc(Cl)cc2)N1c1cc(Cl)cn(C2CC(O)(CO)C2)c1=O,中毒,41.15799,12.110745
NS(=O)(=O)c1ccc(Nc2nc(-c3ccc(F)cc3)c3c(n2)-c2c(-c4cn[nH]n4)sc(-c4ccsc4)c2C3c2cccc(F)c2)cc1,中毒,7.736752,19.388603
OC1COc2c(-c3ncnc4cc(F)c(-c5cn[nH]n5)cc34)ccc(F)c2C1,中毒,35.12451,9.334322
O=C1c2cc(-c3cn[nH]n3)n(-c3cnc(Cl)c4cccnc34)c2C(c2ccc(Cl)cc2)N1c1cc(Cl)cn(C2CC(O)(CO)C2)c1=O,中毒,18.205946,11.513729
O=C1c2cc(-c3cn[nH]n3)n(-c3ccc(Br)cn3)c2C(c2ccc(Cl)cc2)N1c1cc(Cl)cn(C2CC(O)(CO)C2)c1=O,中毒,14.882899,11.513729
Oc1c(Cl)cc2c(c1Cl)-c1cc(-c3cn[nH]n3)n(-c3cc(Cl)ccc3Cl)c1-2,低毒,5.9879675,35.59927
O=P(O)(O)Oc1cccc(-c2nnnc3c4c(c(-c5cn[nH]n5)cc23)C2CCN4C2)c1,中毒,9.307597,51.05387
Clc1ccc2[nH]cc3c2c1CCOC3c1cn[nH]n1,高毒,25.978193,125.46144
O=P1(c2cn[nH]n2)CCC(Cn2cnnn2)(NC2(c3nc4c(I)cccc4s3)CCc3ccc(-c4n[nH]cc4Cl)cc32)C1,中毒,47.20036,23.240572
O=C1c2cc(-c3cn[nH]n3)n(-c3ccc(Cl)cc3Br)c2C(c2ccc(Cl)cc2)N1c1cc(Cl)cn(C2CC(O)(CO)C2)c1=O,中毒,14.882899,11.513729
O=c1c(N2Cc3cc(-c4cn[nH]n4)n(-c4cnc(Cl)cn4)c3C2c2ccc(Cl)cc2)cc(Cl)cn1C1CC(O)(CO)C1,中毒,19.24008,11.513729
O=c1c(N2CCc3cc(-c4cn[nH]n4)n(-c4cccc(Cl)c4)c3C2c2ccc(Cl)cc2)cc(Cl)cn1C1CC(O)(CO)C1,中毒,15.763229,47.68054
O=S1(=O)CCC(NCC#Cc2ccc3c(c2)C(c2ccc(Cl)cc2)c2cc(-c4cn[nH]n4)cc(-c4c(Cl)cccc4Cl)c2-3)C1,中毒,23.331047,79.27368
OC1(C(F)(F)F)C2(F)CCc3ccc(-c4nc(-c5cn[nH]n5)no4)cc3OC1(CCc1ccsc1)C2,中毒,9.430586,45.58436
OCc1cc(Nc2nc3c(s2)-c2c-3nc(-c3cn[nH]n3)n2-c2ccc(Cl)cc2F)c(F)cc1F,中毒,8.452546,17.224163
O=C1c2cc(-c3cn[nH]n3)n(C(c3ccc(Cl)cc3)c3ccc(F)cc3F)c2C(c2ccc(Cl)cc2)N1c1cc(Cl)cn(C2CC(O)C(O)C2)c1=O,中毒,15.763229,13.503714
O=C1NCCc2cc(-n3nc(C4CC4)cc3N3Cc4cc(-c5cn[nH]n5)cc(-c5ccc6nn[nH]c6c5)c4C3)ccc21,中毒,23.20729,19.834368
O=C1CN(Cc2cc(-c3ccsc3)sc2-c2onnc2-c2nc(-c3cn[nH]n3)cs2)CCN1,中毒,8.260688,18.5013
O=C1c2cc(-c3cn[nH]n3)n(-c3cccc(F)c3F)c2C(c2ccc(Cl)cc2)N1c1cc(Cl)cn(C2CC(O)C(O)C2)c1=O,中毒,12.488247,11.513729
O=C1c2cc(-c3cn[nH]n3)cc(-c3cc(Cl)ccc3F)c2CC(c2ccc(Cl)cc2)N1c1cc(Cl)cn(C2CC(O)(CO)C2)c1=O,中毒,15.809174,17.379768
Oc1c(-c2cc(-c3cn[nH]n3)cc3c2CCN(c2nc(-c4cccc(F)c4)cs2)C3)ccc2ccoc12,中毒,84.64591,34.6529
O=C1c2nc(-c3cn[nH]n3)n(-c3cc(Cl)cc(Cl)c3)c2C(c2ccc(Cl)cc2)N1c1cc(Cl)cn(C2=COCC2)c1=O,中毒,38.86365,33.968105
O=C1c2cc(-c3cn[nH]n3)n(-c3ccc(Cl)cc3F)c2C(c2ccccc2F)N1c1cc(Cl)cn(C2CC(O)(CO)C2)c1=O,中毒,12.488247,11.513729
O=c1[nH]c(C2CC3CCC(C2)N3CCF)c(-c2cnn3c2-c2cc(-c4cn[nH]n4)c(-c4noc(C(F)F)n4)cc2C3)cc1Cl,中毒,18.276876,28.959236
O=C1c2cc(-c3cn[nH]n3)n(-c3ccc(Cl)cc3Br)c2C(c2ccc(Cl)cc2)N1c1cc(Cl)cn(C2CC(O)(CO)C2O)c1=O,中毒,14.882899,11.513729
O=C1c2cc(Cl)cc(Cl)cc3cc(-c4cn[nH]n4)n2c3C(c2ccc(Cl)cc2)N2C(=O)C2=CC(Cl)=CN1C1CC(O)(CO)C1,中毒,22.80562,12.652781
O=c1oc2c(nc1-c1cn[nH]n1)-c1c-2oc(-c2ccc(F)cc2)c1Cl,低毒,14.503989,10.851185
NC1CCc2cc(-c3cn[nH]n3)cc(-c3csc4c3CCOC4c3ccoc3)c21,中毒,60.82496,38.417652
O=C1c2cc(-c3cn[nH]n3)oc2C(c2ccc(Cl)s2)N1c1cc(Cl)cn(C2CC(O)(CO)C2)c1=O,中毒,12.727654,22.6077
Clc1ccc(C2c3c(-c4c(Cl)cccc4Cl)cc(-c4cn[nH]n4)cc3N2c2ccc(Cl)cc2C2=NCCC2)cc1,低毒,3.250238,50.777027
O=c1[nH]c(=O)c2c(nc1-c1cn[nH]n1)CCN(Cc1cc(Cl)cc(Cl)c1)CC2,中毒,11.6529255,40.51708
FC(F)(F)c1ccc2[nH]cc(CCCN3CCN(CC4CN(Cc5ccsc5)C4)CC3(c3ccsc3)c3cn[nH]n3)c2c1,中毒,3.594998,27.113537
c1nc(OC2CN(Cc3cn[nH]n3)C2)cs1,高毒,89.28762,36.781384
Clc1ccc(C2c3cc(-c4cn[nH]n4)n(-c4ccc(Cl)cc4Cl)c3C(c3ccc(Cl)cc3)N2c2cc(Cl)co2)cc1,中毒,39.064312,17.35497
OCC(Cc1ccsc1)N1Cc2ccc(-c3cn[nH]n3)nc2C1,中毒,86.163246,17.25565
O=C1c2cc(-c3cn[nH]n3)n(-c3cc(Cl)ccc3Cl)c2C(c2ccc(Cl)cc2)N1c1cc(Cl)cn(C2CC(O)C(O)C2)c1=O,中毒,18.205946,11.513729
OCc1ccc(C2Oc3ccc(Cl)cc3N3C(c4ccc(Cl)cc4)c4c(cc(-c5cn[nH]n5)cc4-c4ccc5[nH]ccc5c4)CC23)cc1,中毒,15.83501,55.43208
Fc1c(Cl)cccc1N1CCN2C(c3ccc(Cl)nc3)c3c(n(-c4cn[nH]n4)c4cc(Br)c(Br)cc34)C2C2(CCCC2)C1,中毒,24.260332,14.804141
O=C1c2nc(-c3n[nH]cc3-c3cn[nH]n3)sc2C(c2cccnc2)N1c1cc(Cl)cn(C2CC(O)(CO)C2)c1=O,中毒,59.929935,11.513729
O=C1c2cc(-c3cn[nH]n3)n(-c3ccc(Cl)cc3F)c2C(c2ccc(Cl)cc2)N1c1cc(Cl)cn(C(CO)C(O)CO)c1=O,中毒,12.488247,11.513729
O=C1C2=CC(N3Cc4cc(OCc5cn[nH]n5)c(C(c5ccc(F)cc5)c5cn[nH]c5)cc43)=CC(Cl)=CN1C2CC1CCN(C2COC2)C1,中毒,12.950305,15.718911
O=C(C1CC1)N1Cc2cc(NC(=S)c3cc4c(cn3)OCO4)cc3cc(-c4cn[nH]n4)cc-3c2C1,中毒,29.460876,40.987064
CC12CCC3c4nc(-c5cn[nH]n5)cc(-c5c(Cl)cccc5Cl)c4CCC3C1CCC2O,中毒,15.36369,44.014168
O=C1c2nc(-c3cn[nH]n3)n(-c3ccc(Cl)cc3)c2C(c2ccsc2)N1c1cc(Cl)cn(C2CC(O)(CO)C2)c1=O,中毒,23.043425,17.190475
Fc1ccc(COc2c3cc(-c4cn[nH]n4)c(C(F)(F)F)c-3c3c(nc2Oc2cccnc2)CCC3)cc1F,中毒,21.505526,16.417507
O=C1c2cc(-c3cn[nH]n3)n(-c3ccc(F)cc3-c3ccc(Cl)cc3)c2C(c2ccc(Cl)cc2)N1c1cc(Cl)cn(C2CC(O)(CO)C2)c1=O,中毒,12.488247,11.513729
O=c1[nH]c(CBr)nc2scc(-c3cn[nH]n3)c12,低毒,18.104126,14.50764
c1ccc(-n2cnc(-c3cn[nH]n3)c2)cc1,低毒,67.341805,71.19392
O=C1c2c(nc(NC3CC3)c3cc(F)c(-c4cn[nH]n4)cc23)C(c2ccc(Cl)cc2)N1c1cc(Cl)cn(C2CC(O)(CO)C2)c1=O,中毒,10.393873,12.110745
O=c1c(N2Cc3cc(-c4cn[nH]n4)c(-c4ccc(F)cc4F)n3C2c2ccc(Cl)cc2)cc(Cl)cn1C1CC(O)(CO)C1,中毒,19.349394,13.503714
c1cnc2ncc(-c3csc(N4CCn5nc(-c6cn[nH]n6)cc5C4)n3)cc2n1,中毒,7.2924013,37.75204
O=C1c2cc(-c3cn[nH]n3)c(=O)n(C3CCCC3)c2C(c2ccc(Cl)cc2)N1c1cc(Cl)cn(C2CC(O)(CO)C2)c1=O,中毒,51.258514,14.418226
c1coc(-c2cc(-c3cn(-c4cn[nH]n4)nn3)cs2)c1,中毒,23.46884,14.411044
O=C1c2c(nc3ccc(-c4cn[nH]c4)cc3c2-c2cn[nH]n2)C(c2ccc(Cl)cc2)N1c1cc(Cl)cn(C2CC(O)(CO)C2O)c1=O,中毒,26.553892,13.503714
Fc1cc(-c2cn[nH]n2)cnc1OC1Cc2c(N3CCOCC3)nc(OC3CCCO3)n2C1,中毒,10.423369,54.694756
O=c1c(C2=CC=C3C=C(CCN(c4ncnc(N5CC5)n4)C2)C3C23CC4CC(CC(F)(C4)C2)C3)c(-c2cn[nH]n2)cc2n1C2,中毒,46.947117,19.057838
OCC1OC(c2ccnc3c(O)c(-c4cn[nH]n4)nn23)C(F)(F)C1O,中毒,82.73735,35.05239
OC(Cn1cncn1)(c1ccc(F)cc1F)C(c1cn[nH]n1)c1cc2ncc(-c3cnsc3)cc2[nH]1,中毒,12.108791,40.450603
O=[N+]([O-])c1ccc(N2CCc3cc(-c4cn[nH]n4)cc(-c4c(Cl)cccc4Cl)c3C3(CCOCC3)CC2)nc1,中毒,13.34353,168.9128
O=C(O)c1cn(C2CC(CO)C(O)C2O)c2cc(-c3cn[nH]n3)c(F)cc2c1=O,中毒,9.68848,12.8427515
O=S(=O)(NCc1cccc2nonc12)c1ccc2sc(-c3cn[nH]n3)cc2c1,高毒,16.839293,20.299856
O=c1c(N2Cc3cc(-c4cn[nH]n4)n(-c4cc(F)c(F)cc4F)c3C2c2ccc(Cl)cc2)cc(Cl)cn1C1CC(O)C(O)C1,中毒,15.763229,11.513729
O=C1C(F)=CC2=CN2C(c2ccc(Cl)cc2)c2c(cc(-c3cn[nH]n3)n2-c2ccc(Cl)cc2F)C(O)CCC2CN12,中毒,20.92175,19.621717
OC1COC(Sc2cn[nH]n2)C2C(O)OC(Cc3ccc4c(c3)OCO4)OC12,中毒,15.374591,19.203869
O=C1c2cc(-c3cn[nH]n3)n(-c3ccc(C(F)(F)F)cc3)c2C(c2ccc(Cl)cc2)N1c1cc(Cl)cn(C2CC(O)C(O)C2)c1=O,中毒,14.882899,11.513729
O=C1c2cc(-c3cn[nH]n3)n(-c3ccnc(Cl)c3F)c2C(c2ccc(Cl)cc2)N1c1cc(Cl)cn(C2CC(O)C(O)C2)c1=O,中毒,12.488247,11.513729
OCC1(COc2cc3ncnc(Oc4ccc(Br)c(Br)c4)c3cc2-c2cn[nH]n2)CCN(c2cnc3cc(Cl)ccc3n2)CC1,中毒,8.561496,57.47326
O=C1c2cc(-c3cn[nH]n3)nn2C(c2ccc(Cl)cc2)N1c1cc(Cl)cn(P(=O)(O)O)c1=O,中毒,21.754099,36.510887
O=c1cc(C2CC2)[nH]c2cc(-c3cn[nH]n3)c(-c3cc(-c4cc(F)c(S(=O)(=O)Nc5nccs5)cc4Cl)nc(N4CCOCC4)c3)cc12,中毒,3.6265738,10.824438
O=C1C(CC23CN(C2=O)c2cc(-c4c[nH]c5ncc(-c6cn[nH]n6)cc45)[nH]c23)CN1NS(=O)(=O)Cc1ccc(Br)s1,中毒,4.6110234,19.887358
c1cncc(CCN2CCC3(CC2)CC(NCc2cn[nH]n2)CN3)c1,中毒,14.762576,50.487724
O=C1c2cc(-c3cn[nH]n3)n(-c3ccc(Cl)cc3F)c2C(c2ccc(Cl)cc2)N1c1cc(Cl)cn(C2CC(O)(CF)C2)c1=O,中毒,25.244574,11.513729
Fc1ncc(-c2cc(C3=CCN(C4CCOC(Cn5ccnc5)(c5ccc(Cl)cc5)C4)C3)cc3nc(-c4cn[nH]n4)cn23)c2ccccc12,中毒,35.18602,15.484768
O=C1c2cc(-c3cn[nH]n3)n(-c3ccc(Cl)s3)c2C(c2ccc(Cl)cc2)N1c1cc(Cl)cn(C2CCOC2)c1=O,中毒,22.121504,13.466203
O=C1c2cc(-c3cn[nH]n3)n(-c3cc(Cl)ccc3F)c2C(c2ccc(Cl)nc2)N1c1cc(Cl)cn(C2CC(O)(CO)C2)c1=O,中毒,12.488247,11.513729
Clc1ccc2c(c1)CCCc1nc(-c3cn[nH]n3)sc1-2,中毒,13.855709,50.965687
O=S(=O)(Nc1ncns1)c1c(-c2ccc(COc3ccc(-n4c(-c5cn[nH]n5)nc5cnc(Cl)nc54)c(Cl)c3)cc2F)ccc(F)c1F,中毒,8.312967,10.417216
O=c1c(N2Cc3cc(-c4cn[nH]n4)cc(-c4cc5cnccc5s4)c3C2c2ccc(Cl)cc2F)cc(Cl)cn1C1(CO)COC1,中毒,18.876085,16.862432
O=C1N(c2cc(Cl)cn(C3CC(O)(CO)C3)c2=O)C(c2ccc(Cl)cc2)c2c(-c3ccc(Cl)cc3F)c(-c3cn[nH]n3)nn21,中毒,5.2253237,13.503714
Fc1ccc(Nc2nc(-c3ccc(Cl)cc3)c3cc4cc(-c5cn[nH]n5)cnc4sc2-3)cc1Cl,中毒,27.966461,15.077467
Fc1cc(N2Cc3nc(-c4cn[nH]n4)nc(-c4coc(-c5ccco5)n4)c3C2)cc(F)c1F,中毒,17.115267,39.02313
O=C1c2cc(-c3cn[nH]n3)n(-c3cccnc3)c2C(c2ccc(Cl)cc2)N1c1cc(Cl)c(=O)n(C2CC(O)C(O)C2)c1Oc1cc(Cl)ccc1Cl,中毒,18.205946,11.513729
c1cnn2ncc(-c3nc(N4CCOCC4)cc4oc(-c5cn[nH]n5)cc34)c2c1,中毒,35.007145,112.51642
O=C1c2cc(-c3cn[nH]n3)nc(Nc3ccc(C(F)(F)F)cc3)c2C(c2ccc(Cl)cc2)N1c1cc(Cl)cn(C2CC(O)(C3CC3)C2)c1=O,中毒,15.055391,13.503714
Clc1cc(-c2cn[nH]n2)cc2c3c(nc(NCC4CCNC4)c12)OCC3,中毒,11.848896,32.598324
O=P(O)(Cc1ccc(Br)cn1)N1CCC2(C1)c1cc(-c3cnco3)c(-c3cn[nH]n3)cc1C(CF)(C1=CC=C(Cl)NN1)C2c1ccc(Cl)cc1,中毒,42.167137,9.741929
O=C1OCC(C(F)(F)F)N1c1cc(-c2cn[nH]n2)nc2c(C3(c4ccc[nH]4)CC3)nc(Cl)cc12,中毒,102.160736,12.34742
FC(F)(F)c1cccc(C2c3cc(-c4cn[nH]n4)n(-c4ccc(Cl)cc4Cl)c3C(c3ccc(Cl)cc3Cl)N2c2c(Cl)cc(Cl)cc2Cl)c1,中毒,21.947083,15.110795
O=c1nc2cc(-c3cn[nH]n3)ccc2c(Nc2ccc(F)nc2)[nH]1,中毒,34.69259,141.30249
N=C1c2cc(-c3cn[nH]n3)n(-c3cc(Cl)cc(Cl)c3)c2C(c2ccc(Cl)cc2)N1c1cc(Cl)cn(C2CC(O)(CO)C2)c1=O,中毒,19.24008,13.466203
O=C1c2cc(-c3cn[nH]n3)n(-c3ccc(F)cc3F)c2C(c2ccc3c(c2)OCC3)N1c1cc(Cl)cn(C2CC(O)(CO)C2)c1=O,中毒,12.488247,13.466203
O=C1CCCC2=C3CC(Cc4cc(-c5cn[nH]n5)n(-c5ccc(Cl)cc5F)c4C(c4ccc(Cl)cc4Br)N3c3ccc(Cl)c(Cl)c3)N12,中毒,17.475342,14.3937645
O=c1oc2ccc(F)cc2cc1-c1nsc(C2=NS(=O)(=O)c3cccnc3NC2c2ccc3c(c2)OCCO3)c1-c1cn[nH]n1,中毒,32.733707,16.697477
O=C1c2cc(-c3cn[nH]n3)n(-c3ccc(Cl)cc3[N+](=O)[O-])c2C(c2ccc(Cl)cc2)N1c1cc(Cl)cn(C2CC(O)(CO)C2)c1=O,中毒,12.488247,11.513729
O=c1c(N2C(c3ccc(OC(F)(F)F)cc3)c3c([nH]c4ncc(-c5cn[nH]n5)cc34)C2(F)F)cc(Cl)cn1Cl,中毒,8.892275,24.590742
O=c1c(N2Cc3cc(-c4cn[nH]n4)n(-c4ccc(Cl)cc4)c32)cc(Cl)cn1C1CC(O)(CO)C1,中毒,33.35466,34.27415
O=C(O)C1=C(C2CC2c2ccccc2)C=C2C(=CC(F)=C2c2cn[nH]n2)C1=O,中毒,12.890048,48.78208
OCC1Cc2ccc3nc2CN(Cc2cc(F)c(F)cc2F)CC2=CC(c4cn[nH]n4)=CC2=C3C(O)C1O,中毒,9.5269375,7.65363
Fc1c(N2Cc3cc(-c4cn[nH]n4)cc(-c4c(Cl)ncnc4-c4ncc(Cl)c(Cl)c4Cl)c3C2)ncnc1N1CC(F)(F)C1,中毒,27.070873,19.882292
Clc1cc(Cl)cc(C2=C(c3cn[nH]n3)N=c3c4c(ncn4n3-c3ccccc3)C2c2nc(-c3ccoc3)nn2-c2cccnc2)c1,中毒,28.345415,14.3937645
Oc1cc2c(nc1-c1cn[nH]n1)-c1c-2cc(F)c(OCCOc2ccc(-c3ccn[nH]3)nc2)c1Cl,中毒,174.27487,40.63245
O=c1c(N2Nc3cc(-c4cn[nH]n4)nn3CC2c2ccc(Cl)c(Cl)c2)cc(Cl)cn1C1CC(O)(CO)C1,中毒,26.858915,12.680216
O=C1c2cc(-c3cn[nH]n3)n(-c3ccc(F)cc3F)c2C(c2ccc(Cl)cc2)N1c1c(Cl)ccn(C2CC(O)(CO)C2)c1=O,中毒,12.488247,11.513729
NC1=NC12c1cc(Cl)ccc1-c1nc3c(nc1-c1cc(-c4cn[nH]n4)cc(-c4c(Cl)cccc4Cl)c12)C=CC(N)C3,中毒,18.94207,45.598015
O=c1c(N2Cc3cc(-c4cn[nH]n4)cc(-c4c(Cl)cccc4Cl)c3C2c2ccc(Cl)cc2Cl)cc(Cl)cn1C1CC(O)(CO)C1,中毒,9.166516,9.912456
c1n[nH]nc1-c1nc(N2CC3COCC32)ncc1SC1CC2CC3=C1CN(CC3)C2,中毒,29.708597,14.585561
Clc1ccc(Oc2cn(Cc3cnc4c(-c5cccnc5)c(-c5cc(-c6cn[nH]n6)cs5)ccn34)nn2)cc1,低毒,31.063368,12.422154
O=C1c2cc(-c3cn[nH]n3)n(-c3ccc(F)cc3F)c2C(c2ccc(Cl)cc2)C(c2ccc(Cl)cc2)N1c1cc(Cl)cn(C2CC(O)(CO)C2)c1=O,中毒,51.50488,13.503714
O=C1c2cc(-c3cn[nH]n3)n(-c3ccc(F)cc3)c2C(c2ccc(Cl)cc2)N1c1cc(Cl)cn(C2CC(O)C(O)C(O)C2O)c1=O,中毒,14.882899,11.513729
Clc1ccc(C2c3c(cc(-c4cn[nH]n4)n3-c3ccc(Cl)cc3)N2c2ccccc2Br)cc1,中毒,22.489527,50.925777
O=C1c2cc(-c3cn[nH]n3)n(-c3cc(F)c(F)c(F)c3)c2C(c2ccc(Cl)cc2)N1c1cc(Cl)cn(C2CC(O)(CO)C2O)c1=O,中毒,14.882899,11.513729
O=C1c2nc(-c3cn[nH]n3)nc(N3CCC(C4CCOCC4)CC3)c2C(c2ccc(Cl)cc2)N1c1cc(Cl)cn(C2CC(O)(CO)C2)c1=O,中毒,27.094715,13.466203
O=C1NC(c2cc(F)cc(F)c2)c2cc(-c3cc4[nH]c(=O)c(-c5cn[nH]n5)cc4s3)c(-c3ccc(Cl)c(F)c3)n21,中毒,38.730457,17.334517
O=C1NCCc2cc(Nc3cc(Nc4nc(-c5cn[nH]n5)cs4)c(Cl)cn3)ccc2O1,中毒,34.06482,18.715
c1cc2[nH]c(-c3csc(N4CCOCC4)n3)nc2cc1-c1cn[nH]n1,中毒,37.2164,144.65372
O=C1C2=CC=CC(=Cc3nc(OC4CCC(c5cn[nH]n5)C4)c(F)cc31)C2(F)F,中毒,7.0080533,18.045885
O=C1c2cc(-c3cn[nH]n3)n(-c3ccc(Cl)cc3F)c2C(c2ccc(Cl)cc2C(F)(F)F)N1c1ccc(Cl)cc1,中毒,17.272402,16.247234
FC(F)(F)c1ccc(Oc2cc(-n3cnc4ccc(NCCc5c(Cl)cccc5Cl)nc43)ncc2-c2cn[nH]n2)nc1,中毒,8.745164,40.546974
O=C1NCCc2[nH]c(-c3ccc(-c4cn[nH]c4)c4ncc(-c5cn[nH]n5)cc34)cc21,中毒,8.519578,73.763535
O=C1CSC2N(Cc3ccoc3)CC(c3cn[nH]n3)N12,低毒,17.563229,20.81247
c1ccc(Oc2ccc(-c3csc(-n4c5ccccc5c5nc(-c6ccco6)cnc54)c3-c3cn[nH]n3)cc2)cc1,中毒,7.38648,19.102287
O=C1c2cc(-c3cn[nH]n3)n(-c3ccc(Cl)cc3)c2C(c2ccc(Cl)cc2)N1c1cc(Cl)cn(C2CCCC2)c1=O,中毒,22.121504,14.026334
O=C1c2cc(-c3cn[nH]n3)c(-c3ccncc3F)nc2C(c2ccc(Cl)cc2Cl)N1c1cc(Cl)cn(C2CC(O)(CO)C2)c1=O,中毒,8.758138,14.418226
O=C1Cc2ccc3cc2OCN2C(=NC4=CC(c5cn[nH]n5)=CC=C3S4)C2CN1c1nc2sccc2[nH]1,中毒,75.1611,21.284958
Clc1cccc(Cl)c1-c1cc(-c2cn[nH]n2)cc2c1C(C(c1ccccc1)c1c[nH]c3cc(Br)cc(Br)c13)=NC2,中毒,6.9830365,17.162842
O=c1c(-c2ccc(C(F)(F)F)cc2)nc(-c2c(F)cc3c(c2Cl)OCCO3)nc2c1C1=C2CC(c2cn[nH]n2)=C1,中毒,7.1319275,15.02669
Fc1c(-c2cn[nH]n2)ccc2[nH]c(C(=S)N3CCOCC3)cc12,中毒,13.012274,20.945055
O=c1c(N2Cc3cc(-c4cn[nH]n4)n(-c4ccc(F)cc4F)c3C2c2ccc(Cl)cc2)cc(Cl)cn1C1CC(O)C(O)C1,中毒,15.763229,11.513729
O=C1c2cc(-c3cn[nH]n3)n(-c3ncc(Cl)cc3F)c2C(c2ccc(Cl)cc2)N1c1cc(Cl)cn(C2CC(O)(CO)C2)c1=O,中毒,12.488247,11.513729
O=C1c2cc(-c3cn[nH]n3)cc(-c3c(F)cccc3F)c2C#CC(c2ccc(Cl)c(Cl)c2)N1c1cc(Cl)cn(C2CC(O)(CO)C2)c1=O,中毒,8.9445715,13.466203
Fc1ccc2c(c1)C(Oc1cc3nc(-c4cnc(Nc5ccccn5)nc4)cnc3cc1-c1cn[nH]n1)CCN1CCC1C2,中毒,40.049984,32.388973
O=C(O)c1cn(C2CC2)c2cc(Nc3nc4c(cc3-c3cn[nH]n3)N(c3cccc(C(F)(F)F)c3)OC4c3ccc(O)c(F)c3)c(F)cc2c1=O,中毒,13.675123,13.466203
Clc1ccc(C2c3c(cc(-c4cn[nH]n4)n3-c3cc(Cl)cc(Cl)c3)CN2c2cc(Cl)co2)cc1,中毒,36.43954,23.107658
O=c1c(N2C(O)c3cc(-c4cn[nH]n4)c(-c4ccc(Cl)cc4)n3C2c2ccc(Cl)cc2)cc(Cl)cn1C1CC(O)(CO)C1,中毒,19.349394,13.503714
Fc1ccc(C2COCCC2NC2=C3C=C(c4cn[nH]n4)C=C3C(c3ccnc(NCC4CNC4)c3)=N2)nc1,中毒,71.23534,42.34145
O=S(=O)(N=C1C2=CC3=NC=C(C4=C5C(=CC(c6cn[nH]n6)=C5NC(=S)Nc5ccc(Cl)cn5)CC4c4ccc(Cl)cc4)C3=C1C=C2)C1CC1,中毒,46.909283,32.44051
Oc1c(Br)cc(-c2nn(-c3ccc(F)cc3)c3c2-c2cc(-c4cn[nH]n4)cc(-c4c(Cl)cccc4Cl)c2C3Nc2ccc(Cl)cc2)cc1Br,中毒,29.376951,20.838028
O=C1c2cc(-c3cn[nH]n3)n(-c3ccc(C4CCOC4)cc3)c2C(c2ccc(Cl)cc2)N1c1cc(Cl)cn(C2CC(O)(CO)C2)c1=O,中毒,14.882899,13.466203
O=C1c2cc(-c3cn[nH]n3)n(-c3ccc(Cl)cc3)c2C(c2ccc(Cl)c(Cl)c2)N1c1cc(Cl)cn(C2CC(O)(CO)C2)c1=O,中毒,18.205946,11.513729
O=C1c2cc(-c3cn[nH]n3)nc(-c3cc(Cl)cc(Cl)c3)c2C(c2cc(Cl)cc(Cl)c2)N1c1cc(Cl)cn(C2CC(O)(CO)C2)c1=O,中毒,7.4282966,12.110745
O=C(O)C1=C(c2cc(-n3cc(C4=C5C=C(c6cn[nH]n6)C=C5C(O)C(O)C4O)c4ncnc(N5CCOCC5)c43)cs2)CC1,中毒,7.1255918,16.729147
NC(=O)C1=c2nc(-c3cn[nH]n3)[nH]c2=C1N1Cc2nc(-c3cnc4ccc(Cl)cc4c3O)nc(Oc3ccc(F)cc3F)c2C1,中毒,18.137451,44.610058
c1cc(-c2nnccc2OCc2ccc3c(-c4cn[nH]n4)nc(OC4CCOc5ccncc54)nc3c2)ccn1,中毒,7.456131,49.208534
Fc1c(-c2c(-c3cn[nH]n3)cc3n2C(c2ccc(Cl)cc2)N(c2ccsc2)c2ccoc2-3)csc1Cl,中毒,31.016762,18.636288
O=c1cc(-c2ccccc2C(F)(F)F)sc2c1CN(Cc1cn[nH]n1)CC2,中毒,1.3339405,15.777389
O=C1c2nc(-c3cn[nH]n3)[nH]c(=O)c2C(c2ccc(Cl)cc2)N1c1cc(Cl)cn(C2CC2)c1=O,低毒,19.591078,21.76804
O=c1c(N2Cc3cc(-c4cn[nH]n4)n(P(=O)(O)O)c3C2c2ccc(Cl)c(Cl)c2)cc(Cl)cn1C1CC(O)(CO)C1,中毒,7.8750753,13.503714
O=C1c2cc(-c3cn[nH]n3)n(-c3ccc(Cl)cc3F)c2C(c2ccc(Cl)cc2)N1c1cc(Cl)cn(C2CC(O)(CO)C2=O)c1=O,中毒,23.909687,11.513729
N=c1c(N2C(=O)c3cc(-c4cn[nH]n4)nn3CC2c2ccc(-c3noc(C4CC4)n3)cc2)cc(Cl)cn1C1CC(O)C(O)C1CO,中毒,21.754099,20.365278
O=C1C2=C(c3ccc(C(F)(F)F)cc3)SC(=NC(c3csc(Nc4ccc(Cl)cc4)n3)=C1c1cn[nH]n1)C2,中毒,3.980548,25.299084
O=C1c2cc(-c3cn[nH]n3)n(-c3ccc(F)cc3)c2C(c2ccc(Cl)cc2)N1c1cc(Cl)cn(C2CCC(O)C(O)C2)c1=O,中毒,14.882899,11.513729
FC(F)(F)c1cc(-c2cc(-c3cn[nH]n3)cc3c2CN(c2cc(Cl)ccn2)C3c2ccc(Cl)c(Cl)c2)ccn1,中毒,48.960495,35.660374
O=c1c(N2Cc3cc(-c4cn[nH]n4)c(-c4cc(Cl)c(N5CCNCC5)c(C(F)F)c4)n3C2Cc2ccc(Cl)cc2)cc(Cl)cn1C1CC(O)(CO)C1,中毒,12.451072,13.466203
O=C1c2nnc(-c3cn[nH]n3)c(=O)n2C(c2ccc(Cl)cc2)N1c1cc(Cl)cn(C2CC(O)(CO)C2)c1=O,中毒,52.069153,33.968105
c1cc(-c2nccn2-c2cc(-c3cn[nH]n3)cc(NCc3ccc4c(c3)OCO4)n2)ncn1,中毒,41.65053,30.909452
O=C1c2cc(-c3cn[nH]n3)n(-c3ccnc(Nc4ccc(F)c(Cl)c4)c3)c2C(c2ccc(Cl)cc2Cl)N1c1cc(Cl)cn(C2CC(O)(CO)C2)c1=O,中毒,15.540574,11.513729
O=C1c2cc(-c3cn[nH]n3)n(-c3ccc(F)cc3)c2C(c2ccc(C(F)(F)F)cc2)N1c1cc(Cl)cn(C2CC(O)(CO)C2)c1=O,中毒,14.882899,11.513729
O=C1C2=C(CC3CCN13)N(c1cc(Cl)cn(C3CC(O)(CO)C3)c1=O)C(c1ccc(Cl)cc1)c1c2cc(-c2cn[nH]n2)n1-c1ccc(Cl)cc1,中毒,32.17651,13.503714
NC(=O)C1=C(c2cn[nH]n2)N=C2CC(O)C(c3cccc(Cl)c3)C(Nc3cnn(-c4cc(Cl)cc(OC(F)(F)F)c4)c3)=C21,中毒,15.363429,23.500324
O=C1c2cc(-c3cn[nH]n3)n(-c3ccc(Cl)cc3)c2C(c2ccc(Cl)cc2)N1c1cc(Cl)c(=O)n(C2CC(F)(F)C2)c1,中毒,22.035963,15.904917
O=P(O)(O)c1cc(Cl)ccc1C1c2c(cc(-c3cn[nH]n3)n2-c2ccc(F)cc2F)CN1C1CC1,中毒,24.211504,25.844957
O=C1c2cc(-c3cn[nH]n3)n(-c3ccc(F)cc3F)c2C(c2ccc(Cl)cc2)N1c1cc(Cl)cn(C2CC(O)C(NO)C2)c1=O,中毒,12.488247,11.513729
c1n[nH]nc1-c1c[nH]c(C2CN3CCC2CC3)n1,低毒,8.411448,23.930317
OCC1CN(c2nc(-c3ccc(F)c(F)c3)c3cc(-c4cn[nH]n4)c(OC4CCOCC4)cc3n2)CCO1,中毒,12.143261,85.08037
c1cnn2ncc(-c3c(-c4ccsc4)cnc4[nH]c(-c5cn[nH]n5)nc34)c2c1,中毒,6.5634375,20.803022
O=C(Nc1ccc2nc(Sc3ccc4c(c3)OCO4)ccc2c1)c1cncc(-c2cn[nH]n2)c1,中毒,72.00292,47.705425
Fc1cc(F)cc(-n2cc(-c3cn[nH]n3)nc2C2(c3ccc(F)cc3F)CCNCC2)c1,中毒,27.239471,43.16291
Clc1ccc(C2c3c(cc(-c4cn[nH]n4)cc3-c3c(Cl)cccc3Cl)CN2c2cc3c(cn2)CC2(CC2)C3)cc1,中毒,58.338703,50.129074
O=c1c(N2Cc3nc(-c4cn[nH]n4)n(-c4cc(F)c(F)c(F)c4)c32)cc(Cl)cn1C1OC(CO)C(O)C1O,中毒,12.993871,9.719373
O=C1c2cc(-c3cn[nH]n3)n(-c3ccc(Cl)cc3)c2C(c2ccco2)N1c1cc(Cl)cn(C2CC(O)(CO)C2)c1=O,中毒,12.423064,11.513729
O=C1c2cc(-c3cn[nH]n3)n(-c3ccc(OC(F)F)cc3F)c2C(c2ccc(Cl)cc2)N1c1cc(Cl)cn(C2CC(O)(CO)C2)c1=O,中毒,23.909687,11.513729
Fc1cc(-c2cnn(C(F)F)c2)ccc1Oc1ncnc2cc(OCCN3CCOCC3)c(-c3cn[nH]n3)cc12,中毒,9.886184,73.348885
O=c1c(N2Cc3cc(-c4cn[nH]n4)c(Br)c(-c4c(Cl)cccc4Cl)c3C2c2ccc(Cl)cc2)cc(Cl)cn1C1CC(O)(CO)C1,中毒,9.036046,9.912456
c1cc(-c2ccnc3c(-c4cn(C5CC5)nn4)c(-c4cn[nH]n4)cnc23)cc(-c2ccc3c(c2)OCO3)n1,中毒,8.533977,50.599518
Fc1cc(-c2nc3nc(Cl)on3c2-c2ccc(Br)nc2)ccc1Oc1cn[nH]n1,中毒,23.410452,14.878985
FC1(F)CC(Nc2nc(N3CCOCC3)nc3cc(-c4cn[nH]n4)cnc23)C1,中毒,26.083479,96.8907
O=C1c2cc(-c3cn[nH]n3)n(-c3ccc(Cl)cc3Cl)c2C([N+](=O)[O-])C(c2ccc(Cl)cc2)N1c1cc(Cl)cn(C2CC(O)(CO)C2)c1=O,中毒,34.834694,15.303033
O=C1N(c2cc(Cl)cn(C3CC(O)(CO)C3)c2=O)C(c2ccc(Cl)cc2)c2c(-c3cc(Cl)ccc3Cl)c(-c3cn[nH]n3)cn21,中毒,7.7003746,16.230408
NC1=NC2(CCc3cc(-c4cc5[nH]nc(-c6ccc(F)c(Cl)c6)c5cc4-c4cn[nH]n4)sc32)CC2(CCC2)O1,中毒,10.853562,58.672024
Fc1cccc(Nc2nc(-c3cnn(Cc4cccnc4)n3)cc3cc(-c4cn[nH]n4)cnc23)c1F,中毒,4.7298927,37.619797
FC(F)(F)Oc1ccc(N2Cc3cc(C4=NOC(c5ccc(-c6cnc(Cl)nc6)cc5)N(C5CCOCC5)C4)c(-c4cn[nH]n4)nc3C2)cc1,中毒,27.739517,11.384238
O=C(NC(c1ccccc1)c1cc(F)c(F)c(F)c1F)c1cnc2[nH]nc(-c3cn[nH]n3)c2c1,中毒,7.8015184,17.192556
O=C1c2cc(-c3cn[nH]n3)c(N3CCOCC3)nc2C(c2ccc(Cl)cc2)N1c1cc(Cl)cn(C2CC(O)(CO)C2)c1=O,中毒,14.775009,13.503714
Clc1ccc(Cn2c(C3Cc4cc(-c5cn[nH]n5)c(-c5cc(Cl)ccc5-c5ccsc5)n43)nc3cc(Cl)ccc32)cc1,中毒,11.034626,40.315804
c1ccc(C2(c3nc(-c4nc(-c5cn[nH]n5)cs4)no3)CC2)nc1,中毒,36.047417,31.683779
FC(F)(F)c1nc(CN2CC3CC(Nc4nc(-c5cn[nH]n5)cs4)C2(c2ccc(Br)cc2)C3)cs1,中毒,3.317579,27.461863
O=C1c2cc(-c3cn[nH]n3)n(-c3ccc(Cl)cc3F)c2C(c2ccc(Cl)cc2)N1c1cc(Cl)cn2nc(C(F)(F)F)cc12,中毒,25.896519,16.466494
O=C(c1ccc2c(C3CC3)nn(C3CC(O)C3O)c2c1)c1c[nH]c2cc(-c3cn[nH]n3)ccc12,中毒,30.731745,21.544243
S=C(Nc1ccc(Oc2ccnc3[nH]ccc23)cc1)N1Cc2nc(-c3cn[nH]n3)sc2C1,中毒,50.62529,44.653866
N#Cc1ccc(N2C(=O)c3nc(-c4cn[nH]n4)n(-c4ccc(F)cc4)c3C2c2ccc(Cl)cc2)cc1N1CCOCC1,中毒,19.891342,45.250767
O=C(c1snnc1-c1ccsc1)N1CCc2sc(-c3cn[nH]n3)nc2C1,中毒,22.226612,20.81127
O=C1NC(=O)C(=O)C(F)(CCN2C3C(=O)C2(c2ccc(Cl)c(C(F)(F)F)c2)c2c(-c4c(Cl)cccc4Cl)cc(-c4cn[nH]n4)cc23)N1,中毒,6.8189445,17.374432
c1ccc(OCc2cccc(-c3ccc4c(c3)Oc3ncc(-c5cn[nH]n5)cc3S4)c2)cc1,中毒,103.320305,96.251656
O=c1c(N2Oc3cc(-c4cn[nH]n4)n(-c4ccc(Cl)cc4F)c3C2c2ccc(Cl)cc2)cc(Cl)cn1C1CC(O)(CO)C1,中毒,20.573853,33.968105
O=C1c2cc(-c3cn[nH]n3)n(-c3ccc(F)cc3F)c2C(c2ccc(Cl)cc2C(F)(F)F)N1c1cc(Cl)cn(C2CC(O)(CO)C2)c1=O,中毒,12.488247,12.110745
O=C1c2cc(-c3cn[nH]n3)n(-c3ccc(Cl)cc3F)c2C(c2ccc(Cl)cc2)N1c1cc(Cl)cn(C2CC(O)C(Br)C2)c1=O,中毒,25.244574,11.513729
O=C1c2cn(-c3cn[nH]n3)nc2OC(c2ccc(Cl)c(Cl)c2Cl)N1c1cc(Cl)cn(C2CC(O)(CO)C2)c1=O,中毒,13.79532,14.418226
Oc1cc(-c2ccc(C(F)(F)F)cc2Cl)cc2sc(-c3cn[nH]n3)cc12,中毒,25.216843,12.792781
O=C1c2cc(-c3cn[nH]n3)n(-c3ccc(Cl)c(Cl)c3)c2C(c2ccc(Cl)cc2)N1c1cc(Cl)cn(C2CC(O)C(O)C2)c1=O,中毒,14.882899,11.513729
O=c1c(N2Cc3cc(-c4cn[nH]n4)c(-c4cncnc4)cc32)cc(Cl)cn1C(CO)CF,中毒,31.652658,41.418026
Clc1ccc(C2OCOc3cc4ccc3-c3cc(-c5cn[nH]n5)n(-c5cccnc5)c3C4N2c2ccc(Cl)cn2)cc1,中毒,28.345415,13.466203
O=c1c(N2C=Cc3cc(-c4cn[nH]n4)cc(-c4c(Cl)cccc4Cl)c3C2c2ccc(Cl)cc2)cc(Cl)cn1C1CC(O)C(O)C1,中毒,6.8665094,9.719319
O=c1[nH]c(-c2nc(-c3cn[nH]n3)cs2)nc2sc3c(c12)C(F)(F)CCSC3,中毒,38.825287,25.108006
O=S(=O)(N1CCC2(CCC2)C1)n1cnc2c(-c3cn[nH]n3)nc3cc(-n4ncc5c4COCC5)ccc3c21,中毒,21.567436,20.188454
Fc1ccc(-n2c(-c3cn[nH]n3)cc3c2C(c2ccco2)N(c2ccc(Cl)cc2)C3)c(F)c1,中毒,15.17975,23.390354
N#Cc1cccc(-c2csc(N3CCc4c(cc(-c5cn[nH]n5)cc4-c4c(Cl)cccc4Cl)C3)n2)c1Cl,中毒,16.455221,18.527687
O=c1c(N2c3c(-c4cn(Cc5ccc(Br)cn5)c5ccccc45)cc(-c4cn[nH]n4)nc3CC3CCOC32)cc(Cl)cn1C1CC(F)(F)C1,中毒,3.350538,16.862432
O=C1c2cc(-c3cn[nH]n3)nc(Nc3cccnc3)c2C(c2ccc(Cl)cc2)N1c1cc(Cl)cn(C2CC(O)(CO)C2)c1=O,中毒,7.8529835,13.503714
O=C(NCc1ccc(C(F)(F)F)cn1)C1Cc2cc(-c3cn[nH]n3)nn2C1,中毒,10.976679,28.992085
c1cc(-c2cc3c(cc2-c2cn[nH]n2)CN(C2COC4COCC42)C3)c2cc[nH]c2n1,中毒,10.66052,33.833454
CC1(O)CC(n2cc(Cl)cc(N3C(=O)c4cc(-c5cn[nH]n5)n(-c5ccc(Cl)cc5Cl)c4C3c3ccc(Cl)cc3)c2=O)C1,中毒,36.175117,11.513729
O=C1c2cc(-c3cn[nH]n3)n(-c3c(Cl)cccc3Cl)c2C(c2ccc(Cl)cc2Cl)N1c1cc(Cl)cn(C2CC(O)C(O)C2)c1=O,中毒,15.540574,11.513729
FC(F)(F)c1cccc2c(-c3nc4c(cc3C3CCOCC3)C3=C4C(c4ccc(Cl)cc4Cl)C(c4cccc(Cl)c4)NC(c4cn[nH]n4)=C3)c[nH]c12,中毒,11.960209,15.303033
O=c1c(N2Cc3cc(-c4cn[nH]n4)n(-c4ccc(Cl)cc4C4(c5ccc(F)cc5F)CC4)c32)cc(Cl)cn1C1CC(O)C(O)C1,中毒,37.92881,13.503714
Fc1cccc(-c2cc3cc(-c4cn[nH]n4)cnc3c(Nc3ccc4nccc(-c5cccnc5)c4c3)n2)c1,中毒,12.038635,61.837242
O=C1c2cc(-c3cn[nH]n3)n(-c3ccc(F)cc3F)c2-c2cc(c(Cl)cc2Cl)C(c2ccc(Cl)cc2)N1c1cc(Cl)cn(C2CC(O)(CO)C2)c1=O,中毒,6.282663,11.513729
O=C1c2nc(-c3cn[nH]n3)c(-c3ccc(Cl)cc3)n2C(c2ccc(Cl)cc2)N1c1cc(Cl)cn(C2CCC(O)(CO)C2)c1=O,中毒,44.58338,13.447941
O=C1C(=O)N(C2CC2)C=C1c1c(C(F)(F)C(F)(F)CF)c2c(c3cccc(F)c13)C(c1cn[nH]n1)=C2,中毒,25.73853,16.291994
ClC1=c2c(N3CCOCC3)c(Cl)cnc2=C2N=C(c3cn[nH]n3)N=C21,中毒,2.8866482,13.503714
c1cncc(-c2ccc(C3c4cc(-c5cn[nH]n5)cc(-c5coc(C6CCCO6)n5)c4C34COC4)cc2)c1,中毒,55.37432,38.417652
O=C1c2cc(-c3cn[nH]n3)c(-c3ccc(Cl)cc3)nc2C(c2ccccc2)N1c1cc(Cl)cn(C2CC(O)(CO)C2)c1=O,中毒,13.216523,12.087409
C1=NN2c3sc(-c4cn[nH]n4)nc3C(=N1)C2C1CN(C2COC2)C1,中毒,25.914019,17.693533
O=C1c2cc(-c3cn[nH]n3)n(-c3ccc(Cl)cc3)c2C(c2cccc(OCC(F)(F)F)c2)N1c1cc(Cl)cn(C2CC(O)(CO)C2)c1=O,中毒,14.882899,13.466203
c1cc(-c2cc(-c3c[nH]c4cncnc34)cc(N3CCOCC3)n2)c2c(c1)-c1ncc(-c3cn[nH]n3)nc1CCN2,中毒,88.664856,73.68124
O=C1c2cc(-c3cn[nH]n3)n(-c3ccc(Cl)cc3F)c2C(c2ccc(Cl)cc2)C(c2ccc(Cl)cc2)N1c1cc(Cl)cn(C2CC(O)(CO)C2)c1=O,中毒,51.50488,13.503714
OC1CC(Oc2ccc(C3c4cc(-c5cn[nH]n5)n(-c5ccc(F)cc5F)c4C(c4ccc(Cl)cc4)N3c3csc(Cl)c3)cc2Br)CC(O)C1O,中毒,19.391748,20.469048
Clc1ccc(-c2nc3c(cc2-c2cn[nH]n2)C(c2cccnc2)N3c2cc(Cl)ccc2Cl)cc1,中毒,69.60196,121.32793
O=C1CC(O)(CO)CC2OCOc3cc4ccc3-c3cc(-c5cn[nH]n5)cc(-c5c(Cl)cccc5Cl)c3C4N1c1cc(Cl)cn2c1=O,中毒,7.9002542,38.432915
c1n[nH]nc1C1Cc2c(ccc3c2OCO3)N1,高毒,31.755854,52.069912
Fc1cccc(OCc2c(C3CC3)nc(-n3ccnn3)c3[nH]cc(-c4scc(-c5cn[nH]n5)c4F)c23)c1,中毒,15.5300455,42.731243
O=c1c(N2Cc3nc(-c4cn[nH]n4)sc3C2c2ccc(Cl)cc2)cc(Cl)cn1C1CC2CC1CC2O,中毒,47.705437,28.20462
O=C1c2cc(-c3cn[nH]n3)oc2C(c2cccc(Cl)c2)N1c1cc(Cl)cn(C2CC(O)(CO)C2)c1=O,中毒,13.3429985,20.735756
O=C(O)c1cn(-c2ccc(F)cc2F)c2cc(-c3cn[nH]n3)c(F)cc2c1=O,中毒,35.48704,18.643522
O=C1c2cc(-c3cn[nH]n3)nn2CC(c2ccc(-c3cncc(F)c3)cc2)N1c1cc(Cl)cn(C2CC(O)(CO)C2)c1=O,中毒,23.909687,13.466203
Fc1ccc(-n2c(-c3cn[nH]n3)cc3c2C(c2ccc(Cl)cc2)N(C2=CC=C(Cl)OC=C2)C3)c(F)c1,中毒,18.264595,21.636366
CN1CC(n2cc(Cl)cc(N3C(=O)c4cc(-c5cn[nH]n5)n(-c5ccccc5F)c4C3c3ccc(Cl)cc3)c2=O)CC1=O,中毒,17.272402,14.0600395
Clc1cc(Cl)c2c(c1Cl)-c1cc(N3CCNCC3)c(-c3cn[nH]n3)cc1CN=C2,低毒,16.414322,11.131648
c1ccc(-c2cnc3cc(-c4cncc(-c5cn[nH]n5)c4)cnc3c2NCCC2CCOCC2)nc1,中毒,12.496023,52.739227
O=C1c2nc(-c3cn[nH]n3)n(-c3ccc(Cl)cc3)c2C(c2cc[nH]c2)N1c1cc(Cl)cn(C2CC(O)(CO)C2)c1=O,中毒,23.043425,17.190475
C1=C(n2cnc(-c3cn[nH]n3)c2)c2ncncc2NC2=NC(C3CC3)=NC2=C1c1ccnn1C1CCOCC1,中毒,11.370766,17.028948
O=C1c2cc(-c3cn[nH]n3)c(F)cc2N(Cc2ncc[nH]2)C(c2ccc(Cl)cc2Cl)N1c1cc(Cl)cn(C2CC(O)(CO)C2)c1=O,中毒,4.800094,8.911559
O=c1[nH]c2c([n+](-c3ccc(F)cc3)c1-c1cccs1)=C(c1c(F)cccc1Cl)C1=CC(c3cn[nH]n3)=CC=21,中毒,19.990215,37.71677
Fc1ccc(-n2nc(-c3nc4cccc(Cl)c4o3)cc2OCC2CC3(CCN(c4cn[nH]n4)CC3)C2)cc1,中毒,32.827934,85.89671
O=c1c2ccc(Br)cc2cc2n1C[n+]1cc(-c3ccc(SCc4cccc5cccnc45)cc3)c(-c3cn[nH]n3)cc1-2,中毒,12.136537,26.593609
Clc1nc2sc(-c3cn[nH]n3)nc2cc1-c1ccsc1,低毒,174.19662,16.273188
O=C1c2c(nc3c(c2-c2cn[nH]n2)CC3c2cnnn2-c2ccc(F)cc2F)C(c2ccc(Cl)cc2F)N1c1cc(Cl)cn(C2CC(O)(CO)C2)c1=O,中毒,39.425797,12.110745
O=C1c2cc(-c3cn[nH]n3)sc2C(CN2CCCC2)C(c2cccs2)N1c1cc(Cl)cn(C2CC(O)C(O)C2)c1=O,中毒,59.929935,9.173887
O=C1c2cc(-c3cn[nH]n3)n(-c3ccc(Cl)cc3)c2C(c2ccc(Cl)cc2)N1c1cc(Cl)cn(C2CC(O)C(O)C2O)c1=O,中毒,14.882899,11.513729
O=C1c2cc(-c3cn[nH]n3)n(-c3ccc(Cl)c(Cl)c3)c2C(c2cc(Cl)ccc2F)N1c1cc(Cl)cn(C2CC(O)(CO)C2)c1=O,中毒,14.882899,11.513729
O=c1c(N2Cc3cc(-c4cn[nH]n4)cc(-c4c(Cl)cc5cc(Br)cnc5c4OC(F)F)c3C2c2ccc(Cl)cc2)cc(Cl)cn1C1CC(O)(CO)C1,中毒,14.0745,12.110745
O=c1c(N2C(c3ccc(Cl)cc3)c3cc(-c4cn[nH]n4)n(-c4ccc(F)cc4)c3C2c2ccc(Cl)cc2)cc(Cl)cn1C1CC(O)(CO)C1,中毒,19.24008,11.513729
O=C1c2nc(-c3cn[nH]n3)oc2C(c2ccc(Cl)cc2)N1c1cc(Cl)cn(C2CC(O)C(O)C2O)c1=O,中毒,38.99518,34.717995
O=c1c2c3c(sc2nc(-c2cn[nH]n2)n1-c1ccc(Br)cc1)CCS(=O)(=O)C3,中毒,69.68657,18.740925
OCCN1CCN(c2ccc(Nc3ccc(-c4cnsn4)c(-c4cn[nH]n4)c3)cc2)CC1,高毒,25.592602,34.00237
C(=NNc1ccc2nc(-c3cn[nH]n3)sc2c1)c1ccns1,中毒,242.56337,26.875885
Clc1ccc(C2=Nc3cc(-c4cn[nH]n4)n(-c4ccc(Cl)cc4)c32)cc1,低毒,6.98504,105.971695
Cn1cc(Cl)cc(N2C(=O)C3c4cc(-c5cn[nH]n5)cc(-c5c(Cl)cccc5Cl)c4C3(c3ccc(Cl)cc3)C2c2ccc(Cl)cc2)c1=O,中毒,16.220997,11.049523
O=C1c2cc(-c3cn[nH]n3)nc(-c3c(F)cccc3F)c2C(c2ccc(Cl)cc2)N1c1cc(Cl)cn(C2CC(O)(CO)C2)c1=O,中毒,7.4282966,12.110745
O=C1c2cc(-c3cn[nH]n3)n(-c3cccc(Cl)c3)c2C(c2ccc(Cl)cc2)N1c1cc(Cl)cn(C2CC(O)C(O)C2)c1=O,中毒,14.882899,11.513729
O=C1c2cc(-c3cn[nH]n3)n(-c3ccc(F)cc3F)c2C(c2ccc(Cl)nc2)N1c1cc(Cl)cn(C2CC(O)(CO)C2)c1=O,中毒,12.488247,11.513729
Fc1ccc(-n2nc(-c3ccc(F)c4[nH]cnc34)nc2C2=C3C(=CC(c4cn[nH]n4)=C3c3ccncn3)CC2c2ccc(Cl)cc2F)cc1,中毒,28.345415,26.09541
c1ccc(-n2c(-c3cc4c(-c5cn[nH]n5)c[nH]c4c(NCc4cccc(-c5cnco5)n4)n3)cc3cccnc32)cc1,中毒,8.867987,17.542154
Clc1cccc2ncn(-c3nc(-c4cn[nH]n4)cc4c3Cc3c-4cnc4cc(Br)sc34)c12,中毒,30.329329,24.954128
O=S1(=O)c2nc(-c3cn[nH]n3)sc2C1c1cc(Cl)ccc1F,中毒,88.98504,19.41028
O=C1c2cc(-c3cn[nH]n3)n(-c3cc(Cl)c(Cl)cc3Cl)c2C(c2ccc(Cl)cc2)N1c1cc(Cl)cn(C2CC(O)(CO)C2)c1=O,中毒,18.205946,11.513729
O=C1c2c(cc(-c3cn[nH]n3)n2-c2ccc(Cl)cc2)N(c2ccc(Cl)c(C(F)(F)F)c2)C(c2ccccc2)C1OCc1cccnc1,中毒,36.961697,38.175415
O=C1c2cc(-c3cn[nH]n3)n(-c3cccc(Cl)c3Cl)c2C(c2ccc(Cl)cc2)N1c1cc(Cl)cn(C2CC(O)C(O)C2)c1=O,中毒,18.205946,11.513729
Fc1ccc(-n2c(-c3cn[nH]n3)cc3c2C(c2ccc(Cl)cc2)N(c2cc(Cl)cc(Cl)c2)C3c2ccc(Cl)cc2)c(F)c1,中毒,21.327534,23.107658
O=c1c(N2Cc3cc(-c4cn[nH]n4)n(-c4ccc(F)cc4F)c3C2c2ccc(Cl)cc2)cc(Cl)cn1C1CCC(O)(CO)C1,中毒,15.763229,11.513729
O=C1c2cc(-c3cn[nH]n3)n(-c3ccc(F)cc3)c2C(c2ccc(Cl)cc2Cl)N1c1cc(Cl)cn(C2CC(O)(CO)C2)c1=O,中毒,15.540574,11.513729
O=C1c2nc(-c3cn[nH]n3)c(F)c(-c3c(F)cccc3F)c2C(c2ccc(Cl)cc2)N1c1cc(Cl)cn(C2CC(O)(CO)C2)c1=O,中毒,39.425797,12.110745
c1cc(-c2nc(-c3ccnc(N4CCOCC4)c3)cc3ccc(-c4cn[nH]n4)cc23)ccn1,中毒,2.9136176,98.440994
Clc1cc(Cl)cc(N2Cc3cc(-c4cn[nH]n4)cc(-c4c(Cl)cccc4Cl)c32)c1,低毒,27.575817,28.756077
O=C1c2cc(-c3cn[nH]n3)n(Cc3ccc(Cl)cc3F)c2C(c2ccc(Cl)cc2)N1c1cc(Cl)cn(C2CC(O)(CO)C2)c1=O,中毒,6.6767583,13.16881
O=C1c2cc(-c3cn[nH]n3)n(-c3ccc(Cl)cc3)c2C(c2ccc(Cl)cc2)N1c1cc(Cl)cn(C2CCC(O)C(O)C2)c1=O,中毒,14.882899,11.513729
OCC12Cc3cc(-c4cn[nH]n4)cc(-c4ccc(Oc5ccccc5)cc4)c3C(=C(O)O1)CC2O,中毒,29.58886,20.090872
OC1CCN(Cc2cc(Cl)c[nH]2)CC1OCc1cn[nH]n1,微毒,286.38275,17.72594
Fc1sncc1N1CCC(Oc2csc3ncnc(Sc4cn[nH]n4)c23)CC1,中毒,15.887385,86.36586
c1nn(C2CCN(CN3CC3)CC2)cc1-c1nc(-c2nc(-c3cn[nH]n3)cs2)cs1,中毒,47.55104,13.365759
O=c1cc(N2Cc3cc(-c4cn[nH]n4)cc(CN4CCC(CS(=O)(=O)CO)CC4)c32)sn1-c1ccc(F)cc1,中毒,44.841805,55.273426
O=C1c2nc(-c3cn[nH]n3)nc(-c3ccc(-c4ccoc4)cc3)c2C(c2ccc(Cl)cc2)N1c1cc(Cl)cn(C2CC(O)(CO)C2)c1=O,中毒,16.880064,13.503714
O=C1c2cc(-c3cn[nH]n3)n(-c3cc(Cl)cc(Cl)c3)c2C(c2ccc(Cl)cc2)N1c1cc(Cl)cn(C2CCC(F)(F)C2)c1=O,中毒,22.035963,14.026334
O=c1c(N2Cc3nc(-c4cn[nH]n4)n(-c4ccc(Cl)cc4Br)c3C2c2ccc(Cl)cc2)cc(Cl)cn1C1CC(O)(CO)C1,中毒,12.620661,34.717995
c1sc(C2CCOCC2)nc1-c1csc(N2Cc3nc(C4CCCNC4)n(-c4cn[nH]n4)c3C2)n1,中毒,15.09087,20.734043
c1n[nH]nc1-c1csc(-c2cc3cc4c(cc3s2)OCCO4)n1,低毒,20.76211,9.914567
c1ccc2c(C3=c4c(OCC5CC5)ncnc4=C4N=C(c5cn[nH]n5)N=C43)c[nH]c2c1,中毒,14.595422,38.7812
S=C(Nc1ccc(N2CCOCC2)cc1)Nc1cccc(CNc2nc(C3CC3)cc3c(-c4cn[nH]n4)csc23)c1,中毒,25.833418,27.27599
Fc1cc(Cl)ccc1C1c2cc(-c3cn[nH]n3)c(Br)cc2N1c1cccc(Cl)c1Cl,中毒,27.296715,18.836975
O=C1Cc2cc(-c3cn[nH]n3)n(-c3ccc(Cl)cc3)c2C(c2ccc(Cl)cc2)N1c1csc2c(Cl)c(Cl)ccc12,中毒,21.947083,50.247593
O=C1c2nc(-c3cn[nH]n3)nc(-c3c[nH]c4ccccc34)c2C(c2ccc(Cl)cc2)N1c1cc(Cl)cn(C2CC(O)(CO)C2)c1=O,中毒,18.990976,13.466203
O=S(=O)(c1ccc(F)cc1)C(Nc1c2c(nc3ccc(-c4cn[nH]n4)cc13)CC2c1ccccn1)C1CO1,中毒,14.56752,36.802895
c1nc2[nH]c(C3CC3)nc2cc1-c1cn[nH]n1,中毒,6.517344,51.73195
O=C1C2CCc3cc(-c4cn[nH]n4)n(-c4ccc(Cl)cc4F)c3C(c3ccc(Cl)cc3Cl)N1c1cc(Cl)cn2c1=O,中毒,21.947083,14.3937645
O=C1c2cc(-c3cn[nH]n3)n(Oc3ccc(Cl)c(Cl)c3)c2C(c2ccc(Cl)cc2)N1c1cc(Cl)cn(C2CC(O)(CO)C2)c1=O,中毒,11.688109,13.466203
O=C1c2ncc(-c3cn[nH]n3)c(-c3ccc(CO)c(OC(F)(F)F)c3)c2C(c2ccc(Cl)cc2)N1c1cc(Cl)cn(C2CC(O)(CO)C2)c1=O,中毒,59.929935,12.110745
O=C1c2nc(-c3cn[nH]n3)n(-c3ccc(Cl)cc3)c2C(c2ccc(Cl)cc2)N1c1cc(Cl)cn(C2CC(O)(Br)C2)c1=O,中毒,47.1605,34.717995
O=C1c2cc(-c3cn[nH]n3)cc(-c3c(Cl)cccc3Cl)c2CC(c2cccnc2)N1c1cc(Cl)cn(C2CC(O)(CO)C2)c1=O,中毒,22.081963,16.230408
O=C1c2cc(-c3cn[nH]n3)oc2C(c2cccnc2)N1c1cc(Cl)cn(C2CC(O)(CO)C2)c1=O,中毒,13.3429985,12.087409
O=C1c2cc(-c3cn[nH]n3)n(-c3ccc(Cl)cc3I)c2C(c2ccc(Cl)cc2)N1c1cc(Cl)cn(C2CC(O)(CO)C2)c1=O,中毒,14.882899,11.513729
O=C1c2nc(-c3cn[nH]n3)n(-c3cc(Cl)cc(Cl)c3)c2C(c2ccc(Cl)cc2)N1c1cc(Cl)cn(C2CC(O)C(O)C2)c1=O,中毒,23.043425,34.717995
NC1CC(n2cc(C(=O)O)c(=O)c3cc(F)c(-c4cn[nH]n4)cc32)CC1(F)F,中毒,20.102776,23.163008
Clc1cc(Cl)c(C2C3=CC(c4cn[nH]n4)=CC3=C3CSCc4cc3[nH]c42)c(Cl)c1,中毒,4.028154,16.704473
Clc1ccc2[nH]c(C(c3cn[nH]n3)C3CN(C4=CCC(Cc5nccn5C5CC5)CC4)C3)cc2c1,中毒,10.808773,24.763494
Fc1ccc(-n2c(-c3cn[nH]n3)cc3c2C(c2ccc(Cl)cc2)N(c2cc(Cl)c4[nH]ncc4c2OCc2ccccc2Cl)C3)c(F)c1,中毒,29.078686,18.168888
O=C1c2nc(-c3cn[nH]n3)n(-c3ccc(Cl)cc3)c2C(c2ccc(Cl)cc2)N1c1cc(Cl)cn(CC2CC(O)(CO)C2)c1=O,中毒,26.797838,34.717995
O=C1c2cc(-c3cn[nH]n3)c(-c3ccc(Cl)c(Cl)c3Br)n2C(c2ccc(Cl)cc2)N1c1cc(Cl)cn(C2CC(O)(CO)C2)c1=O,中毒,19.951618,13.503714
O=C1c2nc(-c3cn[nH]n3)n(-c3ccccc3F)c2C(c2ccc(Cl)cc2)N1c1cc(Cl)cn(C2CC(O)(CO)C2)c1=O,中毒,24.818281,34.717995
Clc1ccc2c(c1)-c1nc(-c3cn[nH]n3)cnc1CC21CCN(c2ccc(C3CCN(Cc4ccnn4-c4cccnc4)CC3)cc2)C1,中毒,19.669586,10.560092
Fc1ccc(-n2c(-c3cn[nH]n3)cc3c4c(F)c5c(C6CC6)c6nc(nc4c32)c2ccnc(ccsc52)c2cc6C=Cc3[nH]nc(S)c3-2)c(F)c1,中毒,16.169798,12.268689
O=C1c2cc(-c3cn[nH]n3)n(-c3ccc(Cl)cc3F)c2CC(c2ccc(Cl)c(Cl)c2)N1c1cc(Cl)cn(C2CC(O)(CO)C2)c1=O,中毒,18.205946,13.503714
O=c1c(N2Cc3cc(-c4cn[nH]n4)cc(-c4ccnc(OCCCOc5ccccc5)c4)c3C2c2ccc(Cl)cc2)cc(Cl)cn1C1CC(O)(CO)C1,中毒,9.036046,9.719319
O=C1c2cc(-c3cn[nH]n3)cc(-c3c(Cl)ccnc3Cl)c2CC(c2ccc(Cl)cc2)N1c1cc(Cl)cn(C2CC(O)(CO)C2)c1=O,中毒,22.081963,19.79431
O=C1c2cc(-c3cn[nH]n3)n(-c3cc(F)c(F)c(F)c3F)c2C(c2ccc(Cl)cc2)N1c1cc(Cl)cn(C2CC(O)(CO)C2)c1=O,中毒,12.488247,11.513729
OC1C(Oc2ccc(C(F)(F)F)cc2)CC(Oc2cc3ncnc(Oc4ccc(OC(F)(F)F)cc4F)c3cc2-c2cn[nH]n2)C1O,中毒,7.8572307,63.13062
O=c1c2cc(F)c(Cl)cc2ncn1C1Cc2c(-c3c(Cl)cccc3Cl)cc(-c3cn[nH]n3)cc21,低毒,39.953835,35.528866
O=C1c2cc(-c3cn[nH]n3)n(-c3cc(F)c(F)c(Cl)c3)c2C(c2ccc(Cl)cc2)N1c1cc(Cl)cn(C2CC(O)C(O)C2)c1=O,中毒,14.882899,11.513729
O=c1c(N2Cc3cc(-c4cn[nH]n4)nn3-c3cc(Cl)c(Cl)cc32)cc(Cl)cn1C1CC(O)(CO)C1,中毒,6.414047,43.5244
FC(F)(F)C1CCc2c(cc(-c3cn[nH]n3)cc2-c2c[nH]c3ncc(-c4ccc(Cl)cc4)cc23)C1,中毒,8.1871195,31.36568
Clc1cnnc(N2Cc3c(-c4c(Cl)cccc4Cl)cc(-c4cn[nH]n4)cc3C(c3cc(Cl)c4c(c3)OCO4)C2)c1,中毒,16.868994,20.872793
O=C1c2nc(-c3cn[nH]n3)sc2C(c2ccc(Cl)cc2F)N1c1cc(Cl)cn(C2CC(O)(CO)C2)c1=O,中毒,59.929935,28.20462
Clc1cc(-c2ccon2)nc2[nH]c3ncc(-c4cn[nH]n4)cc3c12,中毒,36.30442,66.109825
O=C1c2nc(-c3cn[nH]n3)nc(-c3cc(F)cc(OC(F)(F)F)c3)c2C(c2ccc(Cl)cc2)N1c1cc(Cl)cn(C2CC(O)(CO)C2)c1=O,中毒,16.880064,13.466203
O=C1c2cc(-c3cn[nH]n3)n(-c3ccc(OC4CCOCC4)cc3)c2C(c2ccc(Cl)cc2)N1c1cc(Cl)cn(C2CC(O)C(O)C2)c1=O,中毒,38.99518,13.466203
O=S1(=O)NCc2c(Nc3ccc(Cl)cc3F)cc(-c3cn[nH]n3)cc2-c2c(Cl)cc(Cl)cc21,低毒,6.419902,22.662998
O=C1c2cc(-c3cn[nH]n3)n(-c3ccc(Cl)cc3)c2C(c2ccc(Cl)cc2)N1c1cc(Cl)cn(C2CCS(=O)(=O)C2)c1=O,中毒,17.272402,14.026334
O=c1c(N2C(O)c3cc(-c4cn[nH]n4)n(-c4ccc(Cl)c(Cl)c4)c3C2c2ccc(Cl)cc2)cc(Cl)cn1C1CC(O)(CO)O1,中毒,26.991571,13.503714
O=C1C(c2cn[nH]n2)=CC2=C(C(c3ccc(Cl)cc3)N1c1cc(Cl)cn(C3CC(O)C(O)C3)c1=O)n1ncc(-c3cc(Cl)c(O)c(Cl)c3)c12,中毒,51.50488,13.503714
c1cc(N2CCN(c3nc(N4CCCCC4)c4cc(N5CCCO5)c(-c5cn[nH]n5)cc4n3)CC2)ncn1,中毒,6.2179294,20.77768
O=C1N2Cc3cc(-c4cn[nH]n4)n(c3C(c3ccc(Cl)cc3)N1c1cccc(Cl)c1)-c1ccc(Cl)cc1-c1ccc(Cl)cc12,中毒,17.272402,22.860353
O=C1c2nc(-c3cn[nH]n3)sc2C(CF)N1c1ccc(Cl)c(Cl)c1,中毒,35.874725,28.212145
Fc1ccc(-c2nc(NC3CN4CCC3CC4)cn3nc(-c4cn[nH]n4)cc23)cc1,中毒,11.99934,15.821854
Fc1ccc(Oc2nc(Oc3ccc(Br)cc3F)cc3[nH]nc(-c4cn[nH]n4)c23)cc1,低毒,2.7275605,17.792833
O=S1(=O)Cn2c(nc3sc(-c4cn[nH]n4)c(COc4ccc(Cl)cc4)c3c2=S)-c2ccccc21,中毒,69.68657,37.998558
Clc1ccc(Nc2ncnc3sc(-c4cn[nH]n4)cc23)cc1Cl,低毒,35.990616,63.29054
O=C1c2nc(-c3cn[nH]n3)[nH]c2C(c2ccc(Cl)cc2Cl)N1c1cc(Cl)cn(C2CC(O)(CO)C2)c1=O,中毒,19.50858,35.333744
O=C1c2cc(-c3cn[nH]n3)n(-c3ccc(Cl)cc3)c2C(c2ccc(Cl)cc2)N1c1cc(Cl)cn(OC2CC(O)(CO)C2)c1=O,中毒,38.99518,11.513729
O=c1c(N2Cc3cc(-c4cn[nH]n4)n(-c4cc(F)c(Cl)cc4F)c3C2c2ccc(Cl)cc2)cc(Cl)cn1C1CC(O)(CO)C1,中毒,15.763229,11.513729
O=C1c2cc(-c3cn[nH]n3)n(-c3ccc(Cl)cn3)c2C(c2ccc(Cl)cc2)N1c1cc(Cl)cn(C2CC(O)(CO)C2)c1=O,中毒,14.882899,11.513729
O=c1c(N2Cc3cc(-c4cn[nH]n4)n(-c4ccc(Cl)cc4)c3C2c2ccc(Cl)cc2F)cc(Cl)cn1C1CC(O)(CF)C1,中毒,40.01299,11.513729
OCC1(CC2CC2)CC2=C(C1)N(c1ccc(Cl)c(Cl)c1)C(c1ccc(Cl)cc1F)c1c2cc(-c2cn[nH]n2)n1-c1ccc(Cl)cc1F,中毒,29.54402,14.911535
O=C(O)c1cn(C2CC(O)C(O)C(O)C2)c2cc(Nc3cn[nH]n3)c(F)cc2c1=O,中毒,37.888947,21.293238
C1=C2CC(CCc3ccsc3)NCC(c3csc(-c4cc5c(s4)CCO5)c3)=C2C=C1c1cn[nH]n1,中毒,5.5252094,56.549126
O=C1c2cc(-c3cn[nH]n3)c(-c3ccc(Cl)cc3)n2C(c2ccc(Cl)cc2F)N1c1cc(Cl)cn(C2CC(O)(CO)C2)c1=O,中毒,19.951618,13.503714
Fc1cccc2c1cc1n2CC2CCC3(CCC3c3ccc(-c4cc5c(-c6cn[nH]n6)nc6cn[nH]c6c5c(C5CCCCC5)n4)nc3-1)OC2,中毒,26.627281,16.862432
O=c1c(N2C(O)c3cc(-c4cn[nH]n4)n(-c4ccc(Cl)cc4)c3C2c2ccc(Cl)nc2F)cc(Cl)cn1C1CC(O)(CO)C1,中毒,26.991571,12.110745
O=C1c2nc(-c3cn[nH]n3)nc(Nc3ccc(F)cc3)c2C(c2cccs2)N1c1cc(Cl)cn(C2CC(O)(CO)C2)c1=O,中毒,32.68572,17.190475
O=C1c2cc(-c3cn[nH]n3)n(-c3ccc(F)cc3F)c2C(c2ccc(Cl)cc2)N1c1cc(Cl)c[nH]c1=O,中毒,17.272402,14.026334
Fc1cc(Cl)ccc1-n1c(-c2cn[nH]n2)cc2c1C(c1ccc(Cl)cc1)N(c1ccc(Cl)cc1)C2,中毒,21.327534,23.107658
Clc1cc2ccccc2c(Cl)c1-c1nc(-c2cn[nH]n2)nc2c1C(c1cccs1)=NCc1sccc1-2,中毒,7.053313,33.923145
Clc1ccc(-c2ccncn2)nc1N1CCc2cnc(-c3cn[nH]n3)nc2C1,中毒,35.8139,35.2556
O=C1c2cc(-c3cn[nH]n3)n(-c3ccc(I)cc3F)c2C(c2ccc(Cl)cc2)N1c1cc(Cl)cn(C2CC(F)(F)C2)c1=O,中毒,17.475342,14.026334
O=c1c(N2C(=Cc3ccncc3F)c3cc(-c4cn[nH]n4)n(-c4ccc(Cl)cc4)c3C2c2ccc(Cl)cc2)cc(Cl)cn1C1CC(O)(CO)C1,中毒,59.929935,12.110745
O=C1c2cc(-c3cn[nH]n3)n(-c3ccc(C(F)(F)F)c(F)c3)c2C(c2ccc(Cl)cc2)N1c1cc(Cl)cn(C2CC(O)(CO)C2)c1=O,中毒,14.882899,11.513729
Fc1ccc(F)c(-n2c(-c3cn[nH]n3)cc3c2C(c2ccc(Cl)cc2)Oc2cc(Cl)c(Cl)cc2-3)c1,中毒,4.7128367,14.809336
O=S(=O)(NC1CSc2c(sc(-c3cn[nH]n3)c2-c2nc3ncccc3s2)C1)N1CCN(c2ccc(I)cc2F)CC1,中毒,47.20036,46.267284
N#CC1Cc2nc(-c3cn[nH]n3)cc(-c3ccnc(C4CSC4)n3)c2CN1c1ncc(Cl)cn1,中毒,38.13839,14.889784
Oc1c(C=NNc2ccc(F)cc2)c2nc(N3CCOCC3)ncc2c2cc(-c3cn[nH]n3)cc(-c3c(Cl)cccc3Cl)c12,中毒,6.1531854,95.62664
O=c1c(N2C(c3ccc(F)c(F)c3)c3cc(-c4cn[nH]n4)cc(-c4c(F)cccc4Br)c3C2c2ccc(Cl)cc2)cc(Cl)cn1C1CC(O)(CO)C1,中毒,11.642886,13.447941
c1cncc(Oc2ncc3nc(N4CCC(n5cc(-c6cscn6)nn5)CC4)n(-c4cn[nH]n4)c3n2)c1,中毒,16.409794,46.05452
O=C1c2cc(-c3cn[nH]n3)n(-c3ccc(Oc4ccccc4)cc3)c2C(c2ccc(Cl)cc2)N1c1cc(Cl)cn(C2CC(O)(CO)C2)c1=O,中毒,38.99518,11.513729
c1cc(C2(CCN3Cc4sc(-c5cn[nH]n5)nc4N4CCCCC34)CCOCC2)co1,中毒,27.376005,19.35386
Nc1n[nH]c2c1C=CC1=CC1C1=C(c3ccc4c(n3)NCCc3ccc(Cl)cc3-4)CC(N3CCOCC3)CC(c3cn[nH]n3)=CC1=C2,中毒,4.155876,39.505592
O=c1c(N2Cc3cc(-c4cn[nH]n4)cc(-c4ccnc(Cl)c4)c3C2c2ccc(Cl)cc2)cc(Cl)cn1C1CC(O)(CO)C1,中毒,9.036046,9.912456
O=C1c2cc(-c3cn[nH]n3)c(-c3ccc(Cl)c(F)c3)n2C(c2ccc(Cl)cc2)N1c1cc(Cl)cn(C2CC(O)(CO)C2)c1=O,中毒,19.951618,13.503714
O=C1C=C(Cl)C(Cl)=CC=C2CCOCCC3C(=O)N4C(=CC(Cl)=CN1C1CC(O)(CO)C1)c1cc(-c5cn[nH]n5)n3c1C24,中毒,51.891346,13.503714
O=C1c2cc(-c3cn[nH]n3)n(-c3ccc(Cl)cc3Cl)c2C(c2ccc(Cl)c(Cl)c2)N1c1cc(Cl)cn(C2CC(O)(CO)C2)c1=O,中毒,18.205946,11.513729
Fc1cc(F)c2c(c1)OC(F)(F)Cc1sc(-c3cn[nH]n3)nc1-2,中毒,66.81914,9.907344
O=C1c2cc(-c3cn[nH]n3)n(-c3ccccc3)c2C(c2ccc(Cl)cc2Cl)N1c1cc(Cl)cn(C2CC(O)(CO)C2)c1=O,中毒,15.540574,11.513729
OC1COC(c2ncnc3cc(-c4cn[nH]n4)cn23)CC1O,微毒,10.724661,22.167208
O=P(O)(O)Oc1cccc(-c2cc3c(-c4cn[nH]n4)cc4cc(OCC5CCCO5)ncc4c3s2)c1,中毒,10.451027,30.78534
O=C1c2nc(-c3cn[nH]n3)nc(Nc3cccc(C(F)(F)F)c3)c2C(c2cccc(Cl)c2)N1c1cc(Cl)cn(C2CC(O)(CO)C2)c1=O,中毒,16.880064,13.466203
Fc1ccc(Cl)c2c1cc1n2COc2ccc(COC3=CC4=NN=C(c5cn[nH]n5)C4=C3)nc2-1,中毒,15.216905,15.02669
Cn1cc(N2C(=O)c3cc(-c4cn[nH]n4)n(-c4ccc(Cl)cc4)c3C2c2ccc(Cl)cc2)cc(Cl)c1=O,中毒,22.121504,15.904917
O=C1c2cc(-c3cn[nH]n3)n(-c3ccc(Cl)cc3F)c2C(c2cscn2)N1c1cc(Cl)cn(C2CC(O)(CO)C2)c1=O,中毒,10.762919,11.513729
c1cc(COc2ccc(-c3cn[nH]n3)cc2)c(-c2cnc3nonc3c2)s1,中毒,5.8160906,55.18985
Clc1ccc(C(c2ccccc2)N2CC3CN(Cc4cn[nH]n4)CC3C2)c(Cl)c1,高毒,10.778609,41.98095
N#CC12Cc3cc(-c4cn[nH]n4)n(-c4ccc(F)cc4F)c3C(c3ccc(Cl)cc3)N(c3ccc(Cl)cc3)C(C=C=C1O)C2,中毒,35.920673,25.683455
O=C1N(c2cc(Cl)cn(C3CC(O)(CO)C3)c2=O)C(c2ccc(Cl)cc2)C(c2cccc(Br)c2)c2nc(-c3cn[nH]n3)cn21,中毒,25.069427,46.02951
O=C(O)C1c2ccc(-c3ccc(-c4cn[nH]n4)cc3)cc2-c2[nH]c3ccccc3c2C1c1ccc2c(c1)OCO2,中毒,43.266243,28.710371
O=C1c2cc(-c3cn[nH]n3)n(-c3ccc(Cl)cc3)c2C(c2ccc(Cl)s2)N1c1cc(Cl)cn(C2CC(O)(CO)C2)c1=O,中毒,15.111123,11.513729
Clc1ccc(C2N=C(c3ccccc3)Nc3cnc(C#Cc4cc(-c5cn[nH]n5)cs4)nc32)cc1,中毒,198.83907,30.486042
O=S1(=O)c2ccc(F)cc2-c2cc(-c3cn[nH]n3)cc(-c3c(-c4ccncc4)nn4c3CCCC4)c2CN(C2CCOCC2)C1c1ccc(Cl)cc1,中毒,11.619194,14.637323
O=C1c2nc(-c3cn[nH]n3)c(-c3ccc(Cl)c(Cl)c3)n2C(c2ccc(Cl)cc2)N1c1cc(Cl)cn(C2CC(O)(CO)C2)c1=O,中毒,32.68572,13.447941
ClC1=C(c2cn[nH]n2)C=C2CCN(CC3CCOC3)CC(C3=CN=C4NC(c5n[nH]c6ncnc(N7CCOCC7)c56)=C34)=C21,中毒,37.745358,19.85764
Fc1ccc(Nc2ncc3sc(-n4nccc4Nc4cc(-c5cn[nH]n5)cs4)nc3n2)cc1,中毒,16.71801,22.122288
NC1=Nc2cc(-c3cn[nH]n3)cc(-c3c(Cl)cccc3Cl)c2CC(c2cccc(Br)c2)=N1,中毒,24.062983,99.58649
O=C1C2=C(C(=O)N1c1cc(Cl)nc(Cl)c1)N(c1ccc(Cl)cc1)C(c1ccc(Cl)cc1)c1c2cc(-c2cn[nH]n2)n1-c1ccc(Cl)cc1F,中毒,28.345415,14.3937645
Clc1ccc(CN2CCc3cc(-c4cn[nH]n4)nc(N4CCOCC4c4nnc[nH]4)c3C2)cc1,低毒,14.208195,21.546206
O=C1c2cc(-c3cn[nH]n3)n(-c3cc(F)cc(Cl)c3)c2C(c2ccc(Cl)s2)N1c1cc(Cl)cn(C2CC(O)(CO)C2)c1=O,中毒,15.111123,11.513729
Clc1cc(Cl)c2cc(-c3cn[nH]n3)c(Oc3ccc(Nc4ncc(Cl)c(-c5ccc(CN6CCCC6)cc5)n4)cc3)nc2c1,中毒,45.26944,29.635899
Fc1ccc(-c2cc(-c3c(F)ccc4[nH]ccc34)nc3c2Cc2cc(-c4cn[nH]n4)c(F)cc2-3)cc1F,中毒,49.773136,14.21958
S=c1oc2ccc(Br)cc2cc1-c1cn[nH]n1,高毒,11.7551155,56.6549
CC1Cc2cc(-c3cn[nH]n3)n(-c3ccc(Cl)cc3)c2C(c2ccc(Cl)cc2)N1c1cc(Cl)c(O)c(I)c1,中毒,31.276175,55.480976
O=C1c2cc(-c3cn[nH]n3)c(-c3cc(Cl)ccc3Cl)n2C(c2ccc(Cl)cc2)N1c1cc(Cl)cn(C2CC(O)(CO)C2)c1=O,中毒,19.951618,13.503714
O=c1cc(-c2cn[nH]n2)cc2c3ccccc3c(-c3ccsc3)[n+]([O-])c2c1N1CCOCC1,中毒,7.997604,57.25158
c1n[nH]nc1-c1nc2c(s1)C1(CCC2)N=N1,低毒,33.391384,20.235939
O=c1c(N2C(O)c3cc(-c4cn[nH]n4)cc(-c4cc5ccccc5s4)c3C2c2ccc(Cl)cc2)cc(Cl)cn1C1CC(O)(CO)C1,中毒,10.149779,16.862432
O=C1c2cc(-c3cn[nH]n3)c(-c3ccc(Cl)cc3)n2C(c2cccc(Cl)c2)N1c1cc(Cl)cn(C2CC(O)(CO)C2)c1=O,中毒,19.951618,13.503714
O=c1c(NC(c2ccc(F)cc2)c2c(Cl)c(Cl)c3c(O)c2C(c2ccc(Cl)cc2)c2sc(-c4cn[nH]n4)cc2-3)cc(Cl)cn1C1CC(O)(CO)C1,中毒,70.00132,12.680216
C1=NC2=CC(c3cn[nH]n3)=CC2=C1c1ccnc2c1cnn2-c1ccnc(N2C3CCC2COC3)c1,中毒,14.188408,38.267876
O=c1c(N2Cc3cc(-c4cn[nH]n4)n(-c4ccc(Cl)c(Cl)c4)c3C2c2ccc(Cl)cc2)cc(Cl)cn1C1CC(O)(CO)C1,中毒,19.24008,11.513729
O=C1c2nc(-c3ncc(-c4cn[nH]n4)cc3F)n(-c3ccc(F)cc3F)c2C(c2ccc(Cl)cc2)N1c1cc(Cl)cn(C2CC(O)(CO)C2)c1=O,中毒,24.818281,13.466203
c1sc(C2CC2)nc1CN1CC2CN(c3cc(-c4cn[nH]n4)nc(N4CCOCC4)n3)CC2C1,中毒,6.227375,28.042393
O=C1c2cc(-c3cn[nH]n3)c(-c3cccc(Cl)c3)n2C(c2ccc(Cl)cc2)N1c1cc(Cl)cn(C2CC(O)(CO)C2=O)c1=O,中毒,23.503395,13.503714
O=C1c2cc(-c3cn[nH]n3)n(-c3cc4ccccc4s3)c2C(c2ccsc2)N1c1cc(Cl)cn(C2CC(O)(CO)C2)c1=O,中毒,18.205946,11.513729
O=C1c2cc(-c3cn[nH]n3)nn2C(c2ccc(Br)cc2)N1c1cc(Cl)cn(C2CC(O)(CO)C2)c1=O,中毒,7.854498,13.503714
Fc1ccc(-c2cc3oc4cc(Cl)c(-c5ccncc5)cc4c3cc2-c2cn[nH]n2)nc1,中毒,4.075751,22.195848
Clc1ccc(C2c3c(cc(-c4cn[nH]n4)n3-c3ccc(Cl)cc3)C(c3ccnn3-c3ccc(Cl)cc3)N2c2cc(Cl)cc(Cl)c2)cc1,中毒,51.124954,19.36823
O=c1c(F)cc(N2Cc3cc(-c4cn[nH]n4)nc(Nc4ccc(Cl)c(Cl)c4)c3C2c2ccc(Cl)cc2)cn1C1CC(O)C(O)C1,中毒,6.37582,24.590742
Oc1ncnc2c(Cl)cc(N3C(c4ccc(Cl)c(C(F)(F)F)c4)c4cc(-c5cn[nH]n5)cc(-c5ncn[nH]5)c4C3c3ccsc3)cc12,中毒,31.012821,15.02669
O=c1c2cc(-c3cn[nH]n3)cc-2c2c(cn1S(=O)(=O)c1ccc(F)cc1)CN(c1ccc(F)cc1F)CC2c1ccc(Cl)s1,中毒,7.494668,14.604695
O=C1c2cc(-c3cn[nH]n3)n(-c3ccc(Cl)cc3)c2C(c2ccsc2)N1c1cc(Cl)cn(C2CC(O)(CO)C2)c1=O,中毒,14.882899,11.513729
O=C1c2cc(-c3cn[nH]n3)n(-c3ccc(F)cc3Cl)c2C(c2cccc(Cl)c2)N1c1cc(Cl)cn(C2CC(O)(CO)C2)c1=O,中毒,18.205946,11.513729
O=c1cc(-c2cn[nH]n2)cc2c(c1-c1ccc(I)nc1)-c1cc(-c3nccs3)ccc1-2,中毒,14.019913,15.8803005
O=C1c2cc(-c3cn[nH]n3)c(=O)n(-c3cc(F)cc(F)c3)c2C(c2ccc(Cl)cc2)N1c1cc(Cl)cn(C2CC(O)(CO)C2)c1=O,中毒,51.50488,12.110745
Clc1ccc(C2c3[nH]c4ncc(-c5cn[nH]n5)cc4c3CN2Cc2cccs2)c(Cl)c1,中毒,15.230669,24.035976
O=C1c2nc(-c3cn[nH]n3)nc(N3CCC4(CC3)OCCO4)c2C(c2ccc(Cl)cc2)N1c1cc(Cl)cn(C2CC(O)(CO)C2)c1=O,中毒,27.094715,13.466203
[O-][n+]1cc(Nc2nc(-c3cc(-c4cn[nH]n4)cc4c3C(c3ccccc3Br)C(CO)N4)cs2)cc(NCO)n1,中毒,62.15514,36.56022
O=C1N(c2cc(Cl)cn(C3CC(O)C(O)C3)c2=O)C(c2ccc(Cl)cc2)c2c(-c3ccc(Cl)c(Cl)c3)c(-c3cn[nH]n3)cn21,中毒,4.780019,13.466203
NC(=O)c1ccc(C2c3nc(Cl)ccc3-n3cc(-c4cn[nH]n4)cc3C(=O)N2c2cc(Cl)cn(C3CC(O)C(O)C3)c2=O)cc1,中毒,34.222336,14.297296
NC(=O)c1ccc(C2c3cc(-c4cn[nH]n4)n(-c4cc(Cl)c(Cl)cc4F)c3C(c3ccc(Cl)cc3)N2c2cc(OCC(F)F)cc(C(F)(F)F)c2)s1,中毒,37.44503,19.276184
Clc1cccc(Cl)c1-c1cc(-c2cn[nH]n2)cc2c1C1(C2)Cc2c(ccc3ccccc23)O1,中毒,69.29153,130.73982
Clc1cccc(Cl)c1-c1cc(-c2cn[nH]n2)cc2c1CN(c1cc(-c3ccno3)ccn1)C2,中毒,72.01925,35.445736
O=C1c2cc(-c3cn[nH]n3)n(-c3c(Cl)cc(OC(F)F)cc3Cl)c2C(c2ccc(Cl)cc2)N1c1cc(Cl)cn(C2CC(O)(CO)C2)c1=O,中毒,51.50488,11.513729
Clc1ccc(Oc2cc(-c3cn[nH]n3)cc3c2-c2cc(-c4cccnc4)cc(Cl)c2-3)cc1,中毒,39.168312,10.400648
O=C1c2cc(-c3cn[nH]n3)c(-c3ccc(F)cc3F)nc2C(c2ccc(Cl)cc2)N1c1cc(Cl)cn(C2CC(O)(CO)C2)c1=O,中毒,13.216523,14.418226
Clc1cc(N2CCc3ccc4nc3[nH]c3ccccc3c3c(c4C2)C=C(c2cn[nH]n2)C=3)ccn1,中毒,8.115726,59.09955
c1ccc(Cn2cnc(C3c4ccsc4CN3Cc3cn(-c4cn[nH]n4)cn3)n2)cc1,中毒,2.6665514,51.843777
O=C1c2cc(-c3cn[nH]n3)n(-c3ccc(Cl)cc3F)c2C(c2cccs2)N1c1cc(Cl)cn(C2CC(O)(CO)C2)c1=O,中毒,13.346145,11.513729
O=C1c2c(nc3cc(F)ccc3c2-c2cn[nH]n2)C(c2ccc(Cl)cc2)N1c1cc(Cl)cn(C2CC(O)C(O)C2)c1=O,中毒,26.553892,12.110745
N#CCC(Nc1nc(-c2ccncc2F)nc2cc(-c3cn[nH]n3)cnc12)(c1ccco1)C1CC1F,中毒,22.052391,50.476624
Fc1cc(Cl)ccc1-n1c(-c2cn[nH]n2)cc2c1Sc1cc(Cl)c(-c3ncc(Cl)cn3)cc1COc1c-2cc(F)c(-c2ccncc2)c1F,中毒,51.124954,18.778242
Clc1cc(Cl)cc(Oc2ncc(-c3ccsc3)c(-c3cn[nH]n3)n2)c1,高毒,9.916285,13.901781
Fc1ccc2oc3c(-c4c(F)cccc4F)cc(-c4cn[nH]n4)cc3c2c1,中毒,8.36967,26.862366
Fc1ccc(N2Cc3cc(-c4cn[nH]n4)nnc3CC2c2cc(F)c(F)cc2F)cc1,中毒,10.031834,12.685208
O=C1c2cc(-c3cn[nH]n3)c(-c3ccc(Cl)cc3)cc2N1c1cc(Cl)cn(C2CC(O)(CO)C2)c1=S,中毒,38.86924,34.182556
O=c1c(N2Cc3nc(-c4cn[nH]n4)cc(Nc4cc(C5CC5)[nH]n4)c3C2c2ccc(Cl)cc2)cc(Cl)cn1C1CC(O)(CO)C1,中毒,11.9282465,28.219782
Fc1ccc(Oc2ncnc3c2-c2c(-c4ccc(Cl)c(Cl)c4)cc(-c4cn[nH]n4)cc2-3)c(Cl)c1,中毒,2.2796834,43.304928
O=c1c2cc(Cl)c(S(=O)(=O)NCc3ccc4nonc4c3)cc2c2c(n1-c1cn[nH]n1)CC2(O)CCNC1CCC(O)CC1,中毒,39.969,42.64552
O=C1NC2=CC=C(O)C=CCCC3C(F)=C(c4cn[nH]n4)C=C4C(O)=C5C=C2C=C(O5)C(=C43)C(c2ccco2)C2=C(O)CCC1C2=O,中毒,32.17651,22.464743
Clc1ccc(-n2c(-c3cn[nH]n3)cc3c2-c2ncc(-c4cccnc4)c(-c4ccoc4)c2C3)c(Cl)c1,中毒,24.28775,25.660454
O=C1c2cc(-c3cn[nH]n3)n(-c3cccnc3F)c2C(c2ccc(Cl)cc2)N1c1cc(Cl)cn(C2CC(O)(CO)C2)c1=O,中毒,12.488247,11.513729
Fc1cc(Br)ccc1Oc1nc2cc3ccnc4cc(-c5ccco5)ccc4c-2cc(-c2cn[nH]n2)c13,低毒,13.388201,11.479247
Clc1ccc(C2=NN(C3=NC4c5cc(-c6cn[nH]n6)c(C6CC6)c(-c6ccc(C7=NCCN7)cc6)c5C4CS3)C2)cc1Cl,中毒,27.022425,20.589722
O=C1c2cc(-c3cn[nH]n3)n(C3CCCC3)c2C(c2ccc(Cl)cc2)N1c1cc(Cl)cn(C2CC2)c1=O,中毒,28.622856,14.3937645
O=C1c2cc(-c3cn[nH]n3)c(-c3ccc(F)nc3)nc2C(c2ccc(Cl)cc2)N1c1cc(Cl)cn(C2CC(O)(CO)C2)c1=O,中毒,13.216523,12.087409
O=c1c(N2C(c3ccc(Cl)cc3Cl)c3nc(-c4cn[nH]n4)n(-c4ccc(Cl)cc4)c3C2c2ccc(Cl)cc2)cc(Cl)cn1C1CC(O)C(O)C1,中毒,17.184578,34.717995
Clc1cc(Cl)cc(Sc2nc3cc(-c4cn[nH]n4)cnc3[nH]2)c1,中毒,29.454845,212.26392
O=C1c2cc(-c3cn[nH]n3)n(-c3ccc(Cl)cc3Cl)c2C(c2ccsc2)N1c1cc(Cl)cn(C2CC(O)(CO)C2)c1=O,中毒,18.205946,11.513729
O=C1c2cc(-c3cn[nH]n3)n(-c3ccc(Cl)cc3Br)c2C(c2cccc(Cl)c2)N1c1cc(Cl)cn(C2CC(O)(CO)C2)c1=O,中毒,14.882899,11.513729
O=P(O)(O)C1=C2C=C=C(O)c3cc(-c4cn[nH]n4)n(-c4ccc(Cl)cc4Cl)c3C(c3ccc(Cl)cc3)N21,中毒,11.976553,13.011195
Clc1ccc2c(-c3cn[nH]n3)c3c(nc2c1)CCN(CC1CCOCC1)C3,中毒,5.3645754,23.247074
O=C1CC2CCN(C3CCOCC3)CCc3cnc4nc3N2C(=O)C2=CC(c3cn[nH]n3)=CC2=C4CO1,中毒,23.481817,20.275845
O=C1c2nc(-c3cn[nH]n3)n(-c3cccc(Cl)c3F)c2C(N2CCOCC2)C(c2ccc(Cl)cc2)N1c1cc(Cl)cn(C2CC(O)(CO)C2)c1=O,中毒,51.50488,33.968105
c1ccc2c(-c3cc(-c4cn[nH]n4)sc3CN3CCCCC3)ccnc2c1,中毒,3.3491912,16.057978
O=C1c2cc(-c3cn[nH]n3)n(-c3ccc(Cl)cc3[PH](F)(F)F)c2C(c2ccc(Cl)cc2)N1c1cc(Cl)cn(C2CC(O)(CO)C2)c1=O,中毒,14.882899,12.110745
Fc1ccc(-n2c(-c3cn[nH]n3)cc3c2-c2cc(NCc4ccn[nH]4)nc(OC4CCOCC4)c2C3)cc1Cl,中毒,8.044048,43.387928
Fc1cc(F)c2c(c1F)CN(C1=C(c3cn[nH]n3)C=C3CC(c4cnc5nccc(-c6ccnc(Cl)c6)c5c4)=C31)CCO2,中毒,70.86156,35.111286
O=C1c2cc(-c3cn[nH]n3)cc(-c3c(Cl)cccc3Cl)c2CC(c2ccc(Cl)cc2)N1c1cc(Cl)cn(C2CC(O)C(O)C2)c1=O,中毒,22.081963,19.79431
Fc1cc(N2Cc3cc(-c4cn[nH]n4)cc(-c4c[nH]c5ncc(-c6cncnc6)cc45)c3C2)c(F)cc1-c1nc[nH]n1,中毒,2.4766834,21.07859
Fc1cc2cc(C3CC4CCC(C3)C4Nc3cn[nH]n3)c(-c3ccn[nH]3)nc2s1,中毒,37.04492,31.25581
Clc1cccc2c1CN(c1ccc(-c3csc(-c4cn[nH]n4)n3)cn1)C2,中毒,80.61641,20.903858
Fc1cccc(F)c1-c1cc(-c2cn[nH]n2)cc2c1Cc1cc(C3CC3)nc(I)c1-2,中毒,17.948166,22.303753
FC(F)(F)c1cc(-c2nc(-c3cn[nH]n3)cs2)cc(C(F)(F)F)c1,中毒,9.8216915,23.483332
Clc1cc(N2CCNCC2)ncc1-c1ncnc2cc(-c3cc(-c4cn[nH]n4)no3)ccc12,中毒,16.033234,14.039877
O=C1c2cc(-c3cn[nH]n3)n(-c3cccnc3)c2C(c2cccc(Cl)c2)N1c1cc(Cl)cn(C2CC(O)(CO)C2)c1=O,中毒,14.882899,11.513729
O=S(=O)(Nc1cn[nH]n1)c1ccc(Oc2cc3ccccc3s2)c(F)c1,中毒,37.112236,26.357662
O=C1c2cc(-c3cn[nH]n3)n(-c3cc(Cl)c(Cl)c(Cl)c3)c2C(c2cccs2)N1c1cc(Cl)cn(C2CC(O)(CO)C2)c1=O,中毒,15.111123,11.513729
O=C1c2nc(-c3cn[nH]n3)c(-c3ccc(Cl)cc3)c(-c3ccccn3)c2C(c2ccc(Cl)cc2)N1c1cc(Cl)cn(C2CC(O)(CO)C2)c1=O,中毒,59.929935,12.110745
CC(C(=O)O)n1ccc(N2C(=O)c3cc(-c4cn[nH]n4)n(-c4ncc(Cl)cc4Cl)c3C2c2ccc(Cl)cc2)c1,中毒,18.19037,19.356245
O=C1c2nc(-c3cn[nH]n3)c(-c3c(Cl)cccc3Cl)n2C(c2ccc(Cl)nc2)N1c1cc(Cl)cn(C2OC(CO)C(O)C2O)c1=O,中毒,36.83937,13.503714
O=c1c(N2Cc3cc(-c4cn[nH]n4)c(-c4cn[nH]c4C4=NC(c5cc(Cl)cc(Cl)c5F)=N4)cc32)cc(Cl)cn1C1CC(O)(CO)C1,中毒,28.629448,43.5244
Brc1sccc1C1=c2cnc3c(c2N=N1)C=C(c1cn[nH]n1)C=3c1ccncc1OCC1CC1,中毒,25.896519,15.033976
O=C1c2nc(-c3cn[nH]n3)sc2C(c2ccc(Cl)cc2)N1c1cc(Cl)cn(C2(CO)CC(O)C2)c1=O,中毒,59.929935,28.20462
O=C1CC(O)CCC1n1cc(Cl)cc(N2C(=O)c3cc(-c4cn[nH]n4)n(-c4ccc(Cl)c(Cl)c4)c3C2c2ccc(Cl)cc2)c1=O,中毒,60.214355,11.513729
O=C1c2cc(-c3cn[nH]n3)n(-c3ccc(Cl)cc3F)c2C(c2ccc(Cl)cc2)N1c1cc(Cl)cn(C2CCOCC2)c1=O,中毒,17.272402,13.466203
c1nc2[nH]c(C3=NCCN3)cc2cc1-c1cn[nH]n1,中毒,12.351443,27.262316
O=C(c1c(F)cccc1F)N1CCCC1c1c[nH]c2nccc(-c3cc4[nH]nc(-c5ccc6ccccc6c5)c4cc3-c3cn[nH]n3)c12,中毒,7.5073605,21.350851
O=C1c2cc(-c3cn[nH]n3)n(-c3ccc(Cl)cc3)c2C(c2ccc(C(F)(F)F)cc2)N1c1cc(Cl)cn(C2CC(O)C(O)C2)c1=O,中毒,14.882899,11.513729
O=C1N(Cc2nc(-c3ccnc4[nH]ccc34)cc3c2OCCN3c2cn[nH]n2)C(=O)N1c1cc(Cl)c(F)c(Cl)c1,中毒,9.030023,10.720184
O=C1c2cc(-c3cn[nH]n3)n(-c3c(Cl)cccc3Cl)c2C(c2ccc(Cl)cc2)C(c2ccc(Cl)cc2)N1c1cc(Cl)cn(C2CC(O)(CO)C2)c1=O,中毒,51.50488,13.503714
O=c1c2cc(-c3cc(O)c(O)c(F)c3)ncc2nnn1-c1cn[nH]n1,中毒,22.950186,21.925062
O=C1c2cc(-c3cn[nH]n3)c(-c3cncnc3)cc2N1c1cc(Cl)cn(C2CC(O)(CO)C2)c1=O,中毒,18.619787,18.239529
O=c1[nH]c(-c2cn[nH]n2)nc2c1CCN(c1cc(C3CCC3)[nH]n1)C2,中毒,11.877021,47.805798
Fc1ccc2sc(-c3cc4sc(-c5cn[nH]n5)nn4c3)nc2c1,中毒,39.464203,19.536219
FC1(F)CC(c2ncnc(N3CCc4sc(-c5cn[nH]n5)cc4C3)c2-c2ccoc2)C1,中毒,90.09352,30.025496
O=C1c2cc(-c3cn[nH]n3)cc(-c3ccc(O)cc3)c2N1c1cc(Cl)cn(C2CC(O)(CO)C2)c1=O,中毒,19.569666,18.239529
O=c1c(OCC2Cn3nc(-c4ccc(F)cc4)c(-c4cn[nH]n4)c32)ccc(-c2ccnn2C2CC2)c2ncsc12,中毒,37.324863,35.111286
N=C1N(c2ccc(Cl)c(C(F)(F)F)c2)C(=S)SC12c1cc(-c3cn[nH]n3)cc(-c3c(Cl)cccc3Cl)c1C2c1ccc(Cl)cc1,中毒,13.402883,46.962456
O=C1c2nn(-c3cn[nH]n3)c(-c3ccc(F)cc3F)c2C(c2ccc(Cl)cc2)N1c1cc(Cl)cn(C2CC(O)C2(O)CO)c1=O,中毒,5.6417933,14.418226
O=C1c2nc(-c3cn[nH]n3)nc(-c3c(Cl)cccc3Cl)c2C(c2ccc(Cl)cc2)N1c1cc(Cl)cn(C2CC(O)(CO)C2)c1=O,中毒,16.880064,13.466203
O=C1c2cc(-c3cn[nH]n3)n(-c3cc(Cl)cc(Cl)c3)c2C(c2ccc(F)cc2)N1c1cc(Cl)cn(C2CC(O)(CO)C2)c1=O,中毒,14.882899,11.513729
O=C1c2nc(-c3cn[nH]n3)c(-c3ccc(-c4ccon4)cc3)n2C(c2ccc(Cl)cc2Cl)N1c1cc(Cl)cn(C2CC(O)(CO)C2)c1=O,中毒,41.15799,13.447941
O=C1c2cc(-c3cn[nH]n3)n(-c3ccc(Cl)nc3Cl)c2C(c2ccc(Cl)cc2)N1c1cc(Cl)cn(C2CC(O)(CO)C2)c1=O,中毒,18.205946,11.513729
Fc1ccc(-n2c(-c3cn[nH]n3)cc3c2-c2cc(Cl)c(-c4cnc5c(Br)cncc5c4Cl)cc2-3)c(F)c1,中毒,7.0607057,19.323519
O=c1c(N2Cc3nc(-c4cn[nH]n4)n(-c4ccc(Cl)cc4)c3C2c2ccc(Cl)cc2)cc(Cl)cn1C1CC(O)(CO)C1,中毒,12.620661,34.717995
c1cncc(-c2n[nH]c3cc(-c4cn[nH]n4)cnc23)c1,中毒,28.727201,31.37114
O=C1c2cc(-c3cn[nH]n3)n(-c3ccc(Cl)cc3Cl)c2C(c2ccc(Cl)cc2)N1c1cc(Cl)cn(P(=O)(O)O)c1=O,中毒,18.205946,14.0600395
N=C1N(CCC2Cc3sc4cc(-c5ccccc5)c(-c5cn[nH]n5)cc4c3C2c2ccc(OCCN3CCOCC3)cc2)CC(c2ccc(Cl)cc2)N1C1CC1,中毒,14.612322,24.203503
O=C1c2nc(-c3cn[nH]n3)c(Nc3ccccn3)c(-c3cccs3)c2C(c2ccc(Cl)cc2)N1c1cc(Cl)cn(C2CC(O)(CO)C2)c1=O,中毒,38.640644,13.503714
O=C1c2cc(-c3cn[nH]n3)n(-c3ccc(F)cc3)c2C(c2ccc(Cl)cc2)N1c1cc(Cl)cn(C2CC(F)(F)C2)c1=O,中毒,22.035963,14.026334
O=C1c2cc(-c3cn[nH]n3)n(-c3ccc(F)cc3F)c2C(c2cccnc2Cl)N1c1cc(Cl)cn(C2CC(O)(CO)C2)c1=O,中毒,23.909687,11.513729
O=C1c2cc(-c3cn[nH]n3)n(-c3ccc(Br)cc3)c2C(c2ccsc2)N1c1cc(Cl)cn(C2CC(O)(CO)C2)c1=O,中毒,18.205946,11.513729
O=C1c2cc(-c3cn[nH]n3)n(Cc3ccc(Cl)cc3)c2C(c2ccc(Cl)cc2)N1c1cc(Cl)cn(C2CC(O)(CO)C2)c1=O,中毒,6.6767583,13.16881
O=C(c1ccc(CNC2=[N+]([O-])c3cc(-c4c(Cl)cccc4Cl)c(Oc4cn[nH]n4)cc3C2)c(F)c1)N1CCN(OS(=O)(=O)C2CC2)CC1,中毒,30.243261,17.553396
OC1(CNc2ccnc(C3=C4C(=CC(c5cn[nH]n5)=C4c4ccc(F)c(F)c4F)S3)c2)CCOCC1,中毒,60.224205,35.111286
O=C1c2cc(-c3cn[nH]n3)n(-c3ccc(Br)cc3F)c2C(c2cccnc2Cl)N1c1cc(Cl)cn(C2CC(O)(CO)C2)c1=O,中毒,32.17651,11.513729
O=c1c2c3c(sc2nc(-c2cn[nH]n2)n1-c1ccccc1Cl)CC(F)(CCO)CC3,中毒,28.572248,14.437889
O=C1c2nc(-c3cn[nH]n3)nc(N3CCNC(c4ccc(Cl)cc4)C3)c2C(c2ccc(Cl)s2)N1c1cc(Cl)cn(C2CC(O)(CO)C2)c1=O,中毒,32.68572,13.503714
O=C1c2cc(-c3cn[nH]n3)n(-c3ccnc4c(Br)c(Cl)ccc34)c2C(c2ccc(Cl)cc2)N1c1cc(Cl)cn(C2CC(O)(CO)C2)c1=O,中毒,51.50488,13.466203
c1sc(Cn2cnnn2)cc1-c1cn[nH]n1,高毒,4.171952,16.934166
O=C1c2nc(-c3cn[nH]n3)n(-c3cc(Cl)c(Cl)cc3Cl)c2C(c2ccc(Cl)cc2)N1c1cc(Cl)cn(C2CC(O)(CO)C2)c1=O,中毒,35.69709,13.466203
Fc1c2c(cc(Cl)c1-c1ccc(OC(F)(F)F)cc1OCc1cccnc1)-n1nc(-c3cn[nH]n3)cc1CC2,中毒,46.10433,13.011195
FC12CC1CC2Oc1ncc(-c2cn[nH]n2)cn1,微毒,65.14642,39.201202
O=C1c2cc(-c3cn[nH]n3)n(-c3ccc(F)cc3)c2C(c2ccc(Cl)cc2)N1c1cc(Cl)cn(C2CC(O)C(O)C2O)c1=O,中毒,14.882899,11.513729
Cc1c(Cl)cccc1C1c2c(cc(-c3cn[nH]n3)n2-c2cc(Cl)c3occc3c2)C(=O)N1c1cc(Cl)cn(C2CC(O)(CO)C2)c1=O,中毒,12.484977,12.110745
Fc1cc(N2C3C4=CC(C(F)(F)F)=CC=C3C(CC4c3ccc(Cl)cc3)c3cc(-c4cn[nH]n4)n(-c4ccsc4)c3C2c2ccc(Cl)cc2)ccc1Cl,中毒,22.121504,19.648664
Fc1c(-c2ccoc2)ncnc1N1CCc2c([nH]c3ncc(-c4cn[nH]n4)cc23)C1,中毒,47.166958,59.720547
O=c1c(N2Cc3c(-c4c(F)cccc4Cl)cc(-c4cn[nH]n4)cc3C2CO)cc(Cl)cn1C1OC(CO)C(O)C(O)C1O,中毒,6.7690926,39.646847
Clc1ccc(C2C(c3cc(Cl)cc(Cl)c3)=C(c3ccc(Cl)c(Cl)c3)Oc3cc(Br)c(-c4cn[nH]n4)cc32)cc1,中毒,22.598703,17.78876
O=S1(=O)CC2(C(F)(F)F)C3C(Cl)(Cl)CC31Cc1cc(-c3cn[nH]n3)n(-c3ccc(Cl)cc3)c1C(c1ccc(Cl)cc1)N2c1ccsc1,中毒,17.475342,14.710186
OCc1c(-c2cn[nH]n2)nc2c(-c3ccnnc3)ccnc2c1N1CC2COCC(C2)C1,中毒,11.734602,9.088881
c1cnc2c(c1)N=C(Nc1ccc(Oc3ccc(-c4cn[nH]n4)cc3)cc1)c1cccnc1N2,中毒,60.458294,224.08577
Fc1cncc(CN2CCc3c(nc(-c4cn[nH]n4)n3-c3ccc(Cl)cc3F)C2)c1,中毒,6.6244183,20.34455
Clc1cccc(Cl)c1-c1cc(-c2cn[nH]n2)cc2c1COC2c1ccc(C#Cc2cccs2)cc1,中毒,44.44885,30.20469
O=S1(=O)CCC2(O)C(C1)N=C1C2Cc2cc(-c3cn[nH]n3)n(-c3ccc(Br)cc3F)c2C(c2ccc(Cl)cc2)N1c1ccc(Cl)cc1,中毒,46.08258,17.294733
O=C1c2nc(-c3cn[nH]n3)nc(-c3ccoc3C3CCN(Cc4c[nH]cn4)CC3)c2C(c2ccc(Cl)cc2)N1c1cc(Cl)cn(C2CC2)c1=O,中毒,14.049677,14.3937645
c1cncc(COc2ccc(OC(CNc3cn[nH]n3)c3ccsc3)cn2)c1,高毒,21.033117,146.38219
O=C1c2cc(-c3cn[nH]n3)nc(-c3c(Cl)cccc3Cl)c2C(c2ccc(Cl)cc2)N1c1cc(Cl)cn(C2CC(O)(CO)C2=O)c1=O,中毒,11.688109,12.110745
c1n[nH]nc1-c1nc(N2CCOCC2)nc2c1C1CCCCN21,中毒,24.359764,103.75621
O=C1c2cc(-c3cn[nH]n3)c(-c3ccc(F)c(Cl)c3)n2C(c2ccc(Cl)cc2)N1c1cc(Cl)cn(C2CC(O)(CO)C2)c1=O,中毒,19.951618,13.503714
O=C1c2cc(-c3cn[nH]n3)nc(-c3cc(F)c(Cl)cc3Cl)c2C(c2ccc(Cl)cc2)N1c1cc(Cl)cn(C2CC(O)(CO)C2)c1=O,中毒,7.4282966,12.110745
O=c1c(-c2cn[nH]n2)c[nH]n1C1=CC=C(n2cnc3cnc(N4CCOCC4)c(C4CC4)c32)C(O)C1,中毒,48.666607,18.128134
O=C1N(c2cc(Cl)cn(C3CC(O)(CO)C3O)c2=O)C(c2ccc(Cl)cc2)c2c(-c3ccc(Cl)cc3)c(-c3cn[nH]n3)cn21,中毒,9.972998,16.230408
O=C1c2c(n(-c3ccc(C(F)(F)F)cc3)c3cc(-c4cn[nH]n4)ncc23)C(c2ccc(Cl)cc2)N1c1cc(Cl)cn(C2CC2)c1=O,中毒,22.035963,14.3937645
N#Cc1ccc(C2c3c(cc(-c4cn[nH]n4)n3-c3ccc(Cl)cc3F)C(=O)N2c2cc(Cl)cn(C3CC(O)(CO)C3)c2=O)nc1,中毒,24.817047,12.110745
O=C1c2cc(-c3cn[nH]n3)n(-c3ccc(F)cc3F)c2C(c2ccc(Cl)cc2)N1c1cc(Cl)cn(C2OC(CO)(CO)C2O)c1=O,中毒,12.488247,13.503714
O=C1c2cc(-c3cn[nH]n3)cn2CC(c2ccc(Cl)cc2)N1c1cc(Cl)cn(C2CC(O)(CO)C2O)c1=O,中毒,21.438358,18.986786
O=c1c(N2Cc3cc(-c4cn[nH]n4)cc(-c4ccc(C(F)(F)F)cc4Br)c3C2c2ccc(Cl)cc2)cc(Cl)cn1C1CC(O)(CO)C1,中毒,7.2678275,9.912456
O=C1CCc2cc(N3Cc4cc(-c5cn[nH]n5)n(-c5ccc(Cl)cc5Cl)c4C3c3ccc(Cl)cc3)cc(Cl)c2N1,中毒,29.275309,17.35497
O=S(=O)(Nc1ncns1)c1ccc2c(-c3cn[nH]n3)c(OCC3CC3)ccc2c1,高毒,15.77512,12.4480095
c1cc(CN(CCN2CCCCC2)Cc2cn[nH]n2)cs1,微毒,5.5190067,33.231045
O=[N+]([O-])c1c(Br)c(Cl)cc2c(-c3cn[nH]n3)c(C3CC3)oc12,中毒,31.151426,22.428528
NCC1(O)CC(n2cc(Cl)cc(N3C(=O)c4cc(-c5cn[nH]n5)n(-c5ccc(Cl)c(Cl)c5)c4C3c3ccc(Cl)cc3)c2=O)C1,中毒,31.338547,11.513729
O=C1c2cc(-c3cn[nH]n3)[nH]c2C(c2ccccc2)N1c1cc(Cl)cn(C2CC(O)(CO)C2)c1=O,中毒,7.4282966,11.513729
C1=C2CCC(N3CCCc4cnc5[nH]ccc5c43)=C2N=C1c1cn[nH]n1,中毒,6.574448,16.988008
O=c1[nH]c(=O)n(C2OC(COP3(=O)COC(Nc4cn[nH]n4)=NC(c4cc(F)c(CC5CC5)c(Cl)c4)N3)C(O)C2F)cc1F,中毒,37.44503,18.318035
Fc1cc(Cl)ccc1-c1cc2cc(-c3cn[nH]n3)c3cc(-c4ccoc4)cc(-c4ccsc4)c3c2o1,中毒,7.193059,78.78633
O=C1c2cc(-c3cn[nH]n3)c(Nc3ccc(Br)c(Cl)c3F)nc2C(c2ccc(Cl)cc2)N1c1cc(Cl)cn(C2CC(O)(CO)C2)c1=O,中毒,13.216523,14.418226
c1n[nH]nc1-c1cscc1-c1nnc(NC2=NCCN2)s1,中毒,27.55389,11.580079
SC(=NCc1ccco1)Nc1cccc2cc(-c3cc(-c4cn[nH]n4)co3)cnc12,中毒,14.9975605,18.034218
c1cc2c(cn1)OC(c1nc(-c3cn[nH]n3)cs1)N2,中毒,165.55104,81.35932
O=C1c2cc(-c3cn[nH]n3)n(-c3ccc(Br)cc3Br)c2C(c2ccc(Cl)cc2)N1c1cc(Cl)cn(C2CC(O)(CO)C2)c1=O,中毒,18.205946,11.513729
c1ccc(Oc2noc(-c3cccnc3)c2-c2cc(-n3cnnc3-c3nc(-c4cn[nH]n4)cs3)ccn2)cc1,中毒,44.041695,23.384287
O=C1c2cc(-c3cn[nH]n3)sc2C(c2ccc(Cl)s2)N1c1cc(Cl)cn(C2CC(O)(CO)C2)c1=O,中毒,6.7934685,8.519041
Fc1c2c3c(ncnc4[nH]c5cc(c1cc5OC(F)(F)F)OCCOC4)C3C(c1cn[nH]n1)=C2,中毒,19.188631,24.929071
c1nc(-c2cnc3ccsc3c2)c2cc(-c3cn[nH]n3)cn2n1,中毒,11.157132,19.379839
FC(F)(F)c1cc(N2Cc3cc(Cl)ccc3Oc3cc(-c4cn[nH]n4)ccc3C3CCCCCC32)ccn1,中毒,42.500954,24.814154
O=C1c2cc(-c3cn[nH]n3)n(-c3cc(F)c(F)cc3F)c2C(c2ccc(Cl)cc2)N1c1cc(Cl)c(=O)n(C2CC(O)(CO)C2)c1,中毒,12.488247,13.213944
O=C1c2cc(-c3cn[nH]n3)n(-c3ccc(OCCN4CCCCC4)cc3)c2C(c2ccc(Cl)cc2)N1c1cc(Cl)cn(C2CC(O)(CO)C2)c1=O,中毒,38.99518,11.513729
O=C1c2cc(-c3cn[nH]n3)n(-c3c(F)cccc3Cl)c2C(c2ccc(Cl)cc2)N1c1cc(Cl)cn(C2CC(O)(CO)C2)c1=O,中毒,15.540574,11.513729
O=C1c2cc(-c3cn[nH]n3)n(-c3ccc(Cl)cc3F)c2C(c2ccc(Cl)cc2)N1c1cc(Cl)cn(C2CC(O)(C[O-])C2)c1=O,中毒,25.244574,11.513729
O=C1c2cc(-c3cn[nH]n3)n(-c3ccc(Cl)cc3)c2C(c2ccc(Cl)cc2)N1c1cc(Cl)cn(C2CC(O)C(CO)C2)c1=O,中毒,14.882899,11.513729
O=C1c2cc(-c3cn[nH]n3)c(-c3c(Cl)cccc3Cl)n2C(c2ccc(Cl)cc2)N1c1cc(Cl)cn(C2CC(O)C(O)C2)c1=O,中毒,32.68572,13.503714
OC1CN(c2cc(Oc3cncnc3Cl)cc3c4cc(-c5c[nH]c6c(-c7cn[nH]n7)cc=6s5)ccnc-4cc23)C1,中毒,19.982689,32.193752
O=c1[nH]c(-c2cnoc2Br)cc2c1=C(c1c(Cl)cccc1Cl)C1=C(Nc3ccc(I)c(F)c3)C(c3cn[nH]n3)=NC=21,中毒,32.733707,15.574545
Clc1ccccc1Cn1cc(CCc2nc3c(o2)-c2cc(-c4cn[nH]n4)ccc2CC3)nn1,中毒,11.55857,14.907651
Fc1cc(F)c(C23CN(C4CCC(F)(F)CC4)C2c2cc(-c4cn[nH]n4)cc(-c4ccc(Cl)nc4)c23)cc1Br,中毒,13.994914,38.964268
c1cc(-c2nc(-c3cn[nH]n3)cs2)cc(-n2nnc3cnc4sccc4c32)n1,中毒,47.69453,21.379025
Fc1ccnc(OC2CCN(Cc3ccc(Cc4c(F)c5c(cc(-c6cn[nH]n6)n5-c5ccc(Cl)cc5)c5ccc(Cl)cc45)cn3)C2)c1,中毒,7.191666,14.103899
O=C(O)c1cn(C2CC2)c2cc(N3c4cc(Cl)cc(F)c4SC(c4cn[nH]n4)C3c3cc(F)c(F)cc3F)c(F)cc2c1=O,中毒,6.6767583,19.361778
O=C1c2cc(-c3cn[nH]n3)n(-c3cc(F)cc(Cl)c3)c2C(c2ccc(Cl)cc2)N1c1cc(Cl)cn(C2CC(O)(CO)C2)c1=O,中毒,14.882899,11.513729
Brc1cc2nc(-c3ccco3)nn2cc1C1(Oc2cc(-c3cn[nH]n3)c[nH]2)CCOC1,中毒,18.77866,35.223312
O=C1c2nc(-c3cn[nH]n3)n(-c3ccc(Oc4ccccn4)cc3)c2C(c2ccc(Cl)cc2)N1c1cc(Cl)cn(C2CC(O)(CO)C2)c1=O,中毒,23.043425,34.717995
ClC1=CC=C2C3CC(=C1)C2N(c1ccc(Cl)c(Br)c1)C(c1ccc(Cl)cc1)c1c(cc(-c2cn[nH]n2)n1-c1ccc(Cl)cc1Cl)C3,中毒,29.275309,18.28731
O=c1c(I)cc(N2Cc3cc(-c4cn[nH]n4)n(-c4ccc(F)cc4F)c3C2c2ccc(F)cc2F)cn1C1CCC(O)C1,中毒,31.276175,13.052643
OCCC(CO)CNC1=CN=C(c2ccc3[nH]c(-c4cn[nH]n4)nc3c2)C1Cc1cccnc1Cl,中毒,14.777999,20.935406
O=C1c2cc(-c3cn[nH]n3)n(-c3ccc(Cl)c(Cl)c3)c2C(c2ccc(Cl)cc2)N1c1cc(Cl)cn(C2CCC(O)(CO)C2)c1=O,中毒,14.882899,11.513729
O=C1c2nc(-c3cn[nH]n3)n(-c3ccc(F)cc3F)c2C(c2ccc(Cl)cc2Cl)N1c1cc(Cl)cn(C2CC(O)(CO)C2)c1=O,中毒,38.640644,34.717995
O=C1c2cc(-c3cn[nH]n3)n(-c3ccc(F)cc3)c2C(c2ccc(Cl)cc2F)N1c1cc(Cl)cn(C2CC(O)(CO)C2)c1=O,中毒,14.882899,11.513729
c1cc(-c2nn3cc(-c4cn[nH]n4)cc3s2)ccn1,低毒,20.123545,38.34472
Fc1cc(Oc2ccc(-c3cn[nH]n3)nc2)ccc1Nc1ncc(Cl)c(Nc2ccc(C3CCNCC3)cc2)n1,中毒,4.8351336,47.808105
O=c1c(N2Cc3cc(-c4cn[nH]n4)n(-c4ccc(Br)cc4F)c3C2c2ccc3c(c2)OCO3)cc(Cl)cn1C1CC(O)(CO)C1O,中毒,20.18954,13.466203
O=c1c(N2C(=S)n3cc(-c4cn[nH]n4)nc3-c3cc(Cl)ccc3C2c2cc(Cl)cc(Cl)c2Cl)cc(Cl)cn1C1CC(O)(CO)C1,中毒,19.349394,36.43178
O=C1c2nc(-c3cn[nH]n3)nc(Nc3cc(Cl)cc(Cl)c3)c2C(c2ccc(Cl)cc2)N1c1cc(Cl)cn(C2CC(O)(CO)C2)c1=O,中毒,16.880064,13.466203
CN1CCC12c1ccc(C(=O)OCc3ccc(F)cc3)cc1S(=O)(=O)c1c2cc(-c2cn[nH]n2)n1-c1cc(Cl)cc(Cl)c1,中毒,20.36648,21.048428
OCC(O)C(O)C(O)COc1ccc(-c2ccc3c(c2)C(c2ccc(Cl)cc2)C32CC(c3cn[nH]n3)=NO2)cc1F,中毒,16.521955,12.953605
O=C1c2cc(-c3cn[nH]n3)nc(NCCN3CCC(F)CC3)c2C(c2ccc(Cl)c(F)c2)N1c1cc(Cl)cn(C2CC(O)(CO)C2)c1=O,中毒,7.487971,12.110745
O=C1c2cc(-c3cn[nH]n3)c(NC3CC3(Cl)Cl)nc2C(c2ccc(Cl)cc2)N1c1cc(Cl)cn(C2CC(O)(CO)C2)c1=O,中毒,13.216523,12.087409
O=c1[nH]c(C2CC2CCC2CC2)nc(-c2cn[nH]n2)c1-c1ccc(O)c(F)c1,低毒,7.9920144,14.491242
O=C1c2cc(-c3cn[nH]n3)n(-c3ccc(Cl)cc3F)c2C(c2ccc(Cl)c([N+](=O)[O-])c2)N1c1cc(Cl)cn(C2CC(O)(CO)C2)c1=O,中毒,12.488247,11.513729
O=C1c2nc(-c3cn[nH]n3)oc2C(c2ccc(Cl)cc2)N1c1cc(Cl)cn(C2CC(O)(CO)C2)c1=O,中毒,38.99518,34.717995
O=C1c2nc(-c3cn[nH]n3)n(-c3ccc(Cl)cc3)c2C(c2ccc(Cl)cc2)N1c1cc(Cl)cn2nc(C(F)(F)F)cc12,中毒,16.83937,38.47729
O=C1c2cc(-c3cn[nH]n3)c3c(C(F)(F)F)cnn3c2C(c2ccc(Cl)cc2)N1c1cc(Cl)cn(C2CC(O)(CO)C2)c1=O,中毒,11.176486,13.503714
O=C1CCSC2COc3cc(-c4cn[nH]n4)cc(-c4c(Cl)cccc4Cl)c3C2=N1,中毒,9.624195,18.672873
OC(c1ccncc1)(c1ccc(F)cc1)c1ccc2c(c1)c(-c1cn[nH]n1)cn2Cc1ccccc1,中毒,3.5767438,20.700367
O=C1c2cc(-c3cn[nH]n3)c3c(Cl)c(C4CC4)nn3c2C(c2ccc(Cl)cc2)N1c1cc(Cl)cn(C2CC(O)(CO)C2)c1=O,中毒,9.5269375,13.503714
c1nc(OC2CCN(c3cc(C4CC4)nc(N4CC5COC(C4)N5)c3)C2)ncc1-c1cn[nH]n1,中毒,24.055315,26.47223
O=C1c2cc(-c3cn[nH]n3)n(-c3ccc(F)cc3)c2C(c2ccc(Cl)cc2)N1C1=Cc2sccc2S(=O)(=O)C=C1,中毒,28.345415,21.442013
O=[N+]([O-])c1ccc(C2c3cc(-c4cn[nH]n4)n(-c4ccc(F)cc4F)c32)c(Oc2cc(C(F)(F)F)cc(C(F)(F)F)c2)c1,低毒,7.332941,37.990963
O=C1OCCN1c1nc(-c2cn[nH]n2)cc2c1C(c1ccc(Cl)cc1Cl)N1CC(CC2)n2cc(Cl)cc1c2=O,中毒,16.220997,15.303033
OCC1(O)CC(Oc2cc(F)c(F)cc2N2Cc3cc(-c4cn[nH]n4)n(-c4ccc(Cl)cc4F)c3C2c2ccc(Cl)cc2)C1,中毒,12.488247,18.138817
O=S1(=O)C=CC2CSc3c(-c4c(Cl)cccc4Cl)cc(-c4cn[nH]n4)cc3C21,中毒,9.244274,23.708075
O=C1c2cc(-c3cn[nH]n3)n(-c3ccc(Cl)cc3)c2C(c2ccc(Cl)cc2)N1c1cc(Cl)cn(C2CCC(O)CC2)c1=O,中毒,31.338547,11.513729
N#Cc1ccc(C2c3c(cc(-c4cn[nH]n4)n3-c3ccc(F)cc3OC3CCC3)C(=O)N2c2cc(Cl)cn(C3CC(O)(CO)C3)c2=O)cc1,中毒,38.99518,11.513729
Clc1cccc(Cl)c1CN1CCc2cc(-c3cn[nH]n3)cc(-c3c(Cl)cccc3Cl)c2C1,中毒,24.76584,75.84918
Clc1ccc(C2=NN3C2c2c(-c4c(Cl)cccc4Cl)cc(-c4cn[nH]n4)cc2C(c2ccc(Cl)cc2)C3c2ccc(Cl)cc2)cc1,中毒,15.15077,15.331766
Fc1ccc(Nc2ncnc3cc(OC4CN(c5ccc6ccccc6n5)C4)c(-c4cn[nH]n4)cc23)cc1Cl,低毒,8.517652,79.10585
c1n[nH]nc1-c1nc(C2CCOC2)cc2c(CN3CCN4CCCCC4C3)nn(C3CCOC3)c12,中毒,64.70877,15.502344
O=C(O)c1cn(C2CC2)c2cc(-n3cc(-c4cc(-c5ccc(F)cc5F)c(Cl)c5cc(-c6cn[nH]n6)cnc45)cn3)c(F)cc2c1=O,低毒,9.643863,13.479305
OCC12C=CC(Cl)=CC=C3C(=Cn4cc(-c5cn[nH]n5)nc4-c4c(Cl)cc(-c5cccc6nsnc56)cc41)N(c1ccc(Cl)cc1)C32,中毒,24.483295,16.183968
Fc1ccc(-c2nc3cccc4c(-c5cn[nH]n5)nn2c34)c(F)c1,中毒,11.634114,23.043083
O=S1(=O)c2c(cc(-c3cn[nH]n3)n2-c2cc(F)c(F)c(F)c2F)C(c2ncccc2Cl)CN1c1cc(Cl)cnc1O,中毒,76.07368,28.51323
c1cc2c(cc1-n1cnnc1)OCCN2c1cc(-c2cn[nH]n2)nc2c1CSC2,中毒,1.7751722,28.532396
O=C1c2cc(-c3cn[nH]n3)n(-c3ccc(Oc4ccccc4F)cc3)c2C(c2ccc(Cl)cc2)N1c1cc(Cl)cn(C2CC(O)(CO)C2)c1=O,中毒,38.99518,11.513729
O=C1c2cccc(F)c2-c2cc(-c3cn[nH]n3)cc(-c3c(Cl)cccc3Cl)c2C1(O)C(F)(F)F,低毒,107.22995,38.36753
OCC1OC(n2cnc3nc(-c4cn[nH]n4)nc(-c4cccc(Cl)c4F)c32)C(O)C1O,中毒,5.795574,58.51871
Clc1cc(Nc2ncc(-c3cc4cc(-c5cn[nH]n5)cn4cc3N3CC4CCC(C3)O4)cn2)cc2cc[nH]c12,中毒,5.865634,68.13277
O=C1c2cc(-c3cn[nH]n3)nc(-c3cc(F)c(F)cc3F)c2C(c2ccc(Cl)cc2)N1c1cc(Cl)cn(C2CC(O)(CO)C2)c1=O,中毒,7.4282966,12.110745
OC(CC(O)(Br)C1CC1)C1C2C=CC(C2)C1c1cn[nH]n1,微毒,15.4197035,77.28637
O=S1(=O)C2=C(c3ccc(-c4cncnc4)cc3)N=C(c3cn[nH]n3)C(c3ccc(OC(F)(F)F)cc3)=C(S2)c2csc(NCC3CC3)c21,中毒,42.75487,16.862432
O=C1c2cc(-c3cn[nH]n3)n(-c3ccc(F)cc3Cl)c2C(c2ccc(Cl)cc2)N1c1cc(Cl)cn(C2CCOC(CO)C2)c1=O,中毒,36.175117,13.466203
N=C1c2cc(-c3cn[nH]n3)n(-c3ccc(Cl)cc3F)c2C(c2ccc(Cl)cc2)N1c1cc(Cl)cn(C2CC(O)(CO)C2)c1=O,中毒,15.763229,13.466203
O=C1C2CCc3cc(-c4cn[nH]n4)cc(-c4cnc5[nH]ccc5c4)c3C(c3ccc(Cl)cc3)N1c1cc(Cl)cn2c1=O,中毒,21.214363,16.057194
O=c1c(N2Cc3cc(-c4cn[nH]n4)n(-c4ccc(Cl)cc4)c3C2c2ccc(Cl)cc2)cc(Cl)cn(C2CC(O)(CO)C2)c1=O,中毒,19.24008,11.513729
c1nc2cc3c(-c4cnsc4)n[nH]c3cc2cc1-c1cn[nH]n1,低毒,1.2272843,28.77095
O=C1c2cc(-c3cn[nH]n3)nc(OCc3ccc(Cl)c(Cl)c3)c2C(c2ccc(Cl)cc2)N1c1cc(Cl)cn(C2CC(O)(CO)C2)c1=O,中毒,6.1933956,13.503714
O=c1c(N2Cc3cc(-c4cn[nH]n4)n(-c4ccc(Br)cc4F)c3C2c2ccc(Cl)cc2)cc(Cl)cn1C1CC(O)C(O)C1O,中毒,20.18954,11.513729
c1csc(N2CCc3onc(-c4nc(-c5cn[nH]n5)cs4)c3C2)n1,中毒,17.383095,21.364939
O=C1c2cc(-c3cn[nH]n3)c(-c3ccnc(-c4cscn4)c3)nc2C(c2ccc(Cl)cc2)N1c1cc(Cl)cn(C2CC(O)(CO)C2)c1=O,中毒,13.216523,12.087409
O=C1c2nc(-c3cn[nH]n3)nc(-c3noc(-c4cc[nH]n4)n3)c2C2(CC2c2ccc(F)cc2)C2(CCOCC2)N1c1ccc(Cl)cc1,中毒,17.475342,13.503714
O=C1c2nc(-c3c[nH]cc3-c3cn[nH]n3)n(-c3ccc(Cl)cc3F)c2C(c2ccc(Cl)cc2)N1c1cc(Cl)cn(C2CC(O)(CO)C2)c1=O,中毒,24.818281,34.717995
O=C1c2nc(-c3cn[nH]n3)cc(-c3ccnn3-c3ccc(Cl)cc3)c2C(c2ccc(Cl)cc2)N1c1cc(Cl)cn(C2CC(O)(CO)C2)c1=O,中毒,37.24519,12.110745
O=C1c2cc(-c3cn[nH]n3)n(-c3ccc(Cl)cc3F)c2C(c2cccnc2)N1c1cc(Cl)cn(C2CC(O)(CO)C2)c1=O,中毒,12.488247,11.513729
Clc1ccc(C2(N3Cc4cc(-c5cn[nH]n5)cc(-c5c(Cl)cccc5Cl)c4C3)CCC2)cc1,中毒,18.64556,49.12989
O=C1c2cc(-c3cn[nH]n3)n(-c3ccc(F)cc3F)c2C(c2ccccc2)N1c1cc(Cl)cn(C2CC(O)(CO)C2)c1=O,中毒,12.488247,11.513729
O=C1c2cc(-c3cn[nH]n3)cc(-c3c(Cl)cccc3Cl)c2CC(c2ccco2)N1c1cc(Cl)cn(C2CC(O)(CO)C2)c1=O,中毒,14.735986,19.79431
O=C1c2cc(-c3cn[nH]n3)n(-c3ccc(F)cc3F)c2C(c2ccc(Cl)cc2)N1c1cc(Cl)cn(C2CC(O)(F)C2)c1=O,中毒,29.54402,11.513729
O=C1c2nc(-c3cn[nH]n3)cc(-c3cc(Cl)ccc3Cl)c2C(c2ccc(Cl)cc2)N1c1cc(Cl)cn(C2CC(O)(CO)C2)c1=O,中毒,37.24519,12.110745
O=c1c(N2Cc3cc(-c4cn[nH]n4)n(-c4ccccc4F)c3C2c2ccc(Cl)cc2)cc(Cl)cn1C1CC(O)(CO)C1,中毒,15.763229,11.513729
O=C1c2nc(-c3cn[nH]n3)n(-c3ccc(Cl)cc3)c2CC(c2ccc(Cl)cc2)N1c1cc(Cl)cn(C2CC(O)(CO)C2)c1=O,中毒,38.195435,32.92288
Clc1ccc(C2=NN(c3ccccc3)C(c3c(-c4cn[nH]n4)cc4cc(-c5ccc6cn[nH]c6c5)cc5c(c3-4)CN(c3ccsc3)CC5)C2)cc1,中毒,15.905599,12.269447
O=C1c2cc(-c3cn[nH]n3)n(-c3ccc(F)cc3)c2C(c2ccc(Oc3ccccc3)cc2)N1c1cc(Cl)cn(C2CC(O)(CO)C2)c1=O,中毒,14.882899,11.513729
O=C1c2cc(Cl)ccc2-c2cc(-c3cn[nH]n3)n(-c3ccc(Cl)c(Cl)c3)c2C(c2ccc(Cl)cc2)N1c1cc(Cl)cn(C2CC(O)(CO)C2)c1=O,中毒,12.423064,11.513729
Fc1cc(Cl)ccc1-n1c(-c2cn[nH]n2)cc2c1C(c1ccc(Cl)cc1)N1C2C2(CCOC2)C(c2ccc(Cl)cc2)=NC12COC2c1ccc(Cl)cc1,中毒,18.339478,13.503714
O=C1c2c(-c3cn[nH]n3)c3ncccc3c(=O)n2C(c2ccc(Cl)c(Cl)c2)N1c1cc(Cl)cn(C2CC(O)(CO)C2)c1=O,中毒,32.17651,12.110745
O=C1c2cc(-c3cn[nH]n3)nc(-c3cc(Cl)cc(Cl)c3)c2C(c2ccc(Cl)cc2)N1c1cc(Cl)cn(C2CC(O)(CO)C2)c1=O,低毒,7.4282966,12.110745
O=C(CO)n1cc(Cl)cc(N2Cc3cc(-c4cn[nH]n4)n(-c4ccc(Cl)cc4)c3C2c2ccc(Cl)cc2)c1=O,中毒,43.309574,11.513729
NC(=O)c1cc(-c2n[nH]c3ncc(-c4cn[nH]n4)cc3c2=O)c2cn[nH]c2c1O,低毒,12.396961,59.241272
O=c1c2c3c(sc2nc(-c2cn[nH]n2)n1-c1ccc(-c2ccco2)nc1)CN(c1ccc(F)cc1)C3c1cccs1,中毒,47.20036,23.269756
O=C1N(c2cc(Cl)cn(C3CC(O)(CO)C3)c2=O)C(c2ccc(Cl)cc2)c2c(-c3ccnc(F)c3F)c(-c3cn[nH]n3)cn21,中毒,7.953227,16.230408
FC1(F)CC1COc1ccc(N2CC(c3nc(-c4cn[nH]n4)no3)C2)cc1-c1nccs1,中毒,8.29242,18.269093
OC1(c2ccc(-c3ccc4nc(-c5cn[nH]n5)sc4c3)cc2)Cc2cccnc2Oc2cncnc21,中毒,31.442762,61.65144
O=C1c2c(c3cc(F)ccc3n2-c2cn[nH]n2)C(c2ccc(Cl)cc2)N1c1cc(Cl)cn(C2CC(O)(CO)C2)c1=O,中毒,25.928497,13.503714
O=C1c2cc(-c3cn[nH]n3)n(-c3cc(F)c(F)cc3F)c2C(c2ccc(Cl)cc2)N1c1cc(Cl)cn(C2CC(O)C(O)(CO)C2)c1=O,中毒,12.488247,11.513729
O=C1c2cc(-c3cn[nH]n3)cn2C(c2ccc(Cl)cc2Cl)N1c1cc(Cl)cn(C2CC(O)(CO)C2)c1=O,中毒,32.68572,28.945686
O=c1c(N2Cc3cc(-c4cn[nH]n4)cc(-c4c(Cl)cccc4Cl)c3C2)nc(Cl)cn1C1COC(F)(F)C1O,中毒,11.036465,21.626516
O=C1c2nc(-c3cn[nH]n3)c(-c3cn[nH]c3)n2C(c2ccc(Cl)cc2)N1c1cc(Cl)cn(C2CC(O)(CO)C2)c1=O,中毒,41.15799,28.945686
O=C1c2cc(-c3cn[nH]n3)n(-c3ccc(Cl)cc3)c2C(c2ccc(Cl)cc2)N1c1cc(Cl)cn2nc(C(F)(F)F)cc12,中毒,25.896519,16.466494
c1csc(Nc2ccc(-c3nc(-c4cn[nH]c4)c4ccc(-c5cn[nH]n5)cc4n3)cc2)n1,中毒,6.2179294,64.94633
Clc1cccc(Cl)c1-c1nc(-c2cn[nH]n2)nc2c1oc1cc(Br)c(-c3ccoc3)cc12,中毒,5.6349106,39.17027
O=C1c2cc(-c3cn[nH]n3)c(-c3ccc(F)c(Cl)c3)nc2C(c2ccc(Cl)cc2)N1c1cc(Cl)cn(C2CC(O)(CO)C2)c1=O,中毒,13.216523,12.087409
O=C1c2nc(-c3cn[nH]n3)[nH]c(=O)c2C(c2ccc(Cl)cc2)N1c1cc(Cl)cn(C2CC(O)(CO)C2)c1=O,中毒,26.553892,20.422
O=C1c2cc(-c3cn[nH]n3)n(-c3cc(Cl)cc(Br)c3)c2C(c2ccc(Cl)cc2)N1c1cc(Cl)cn(C2CC(O)(CO)C2)c1=O,中毒,14.882899,11.513729
N#Cc1ccc(C2c3c(cc(-c4cn[nH]n4)n3-c3ccc(Br)cc3F)C(=O)N2c2cc(Cl)cn(C3CCC(O)(CO)C3)c2=O)cc1,中毒,15.540574,11.513729
O=C1c2cc(-c3cn[nH]n3)n(-c3ccc(Cl)cc3)c2C(c2ccc(Cl)cc2)N1c1cc(Cl)cn(C2CC(O)(CO)C2F)c1=O,中毒,14.882899,11.513729
O=C1CCCC2=C1c1cc(-c3cn[nH]n3)n(-c3cccnc3)c1C(c1ccc(Cl)cc1)N2c1cc(Cl)cn(C2CC(O)(CO)C2)c1=O,中毒,32.17651,13.503714
Fc1cc(Br)ccc1-n1c(-c2cn[nH]n2)cc2c1C(c1ccc(Cl)cc1)N(c1ccc(Cl)c(Cl)c1)C1=NC3C=CC=CC3=NC2C1,中毒,21.947083,15.967391
O=C1c2cc(-c3cn[nH]n3)n(-c3ccc(Cl)cc3F)c2C(c2ncc[nH]2)N1c1cc(Cl)cn(C2CC(O)(CO)C2)c1=O,中毒,4.147051,11.513729
O=c1c(N2Cc3cc(-c4cn[nH]n4)c(-c4c(Cl)cccc4Cl)cc32)cc(Cl)cn1C1CC(O)(CO)C1,中毒,18.619787,12.905452
O=C1c2nc(-c3cn[nH]n3)c(-c3ccncc3)n2C(c2ccc(Cl)cc2)N1c1cc(Cl)cn(C2CC(O)(CO)C2)c1=O,中毒,41.15799,13.447941
O=C(O)c1c(F)cc2c(N3Cc4cc(-c5cn[nH]n5)c(-c5c(Cl)cccc5Cl)n4C3c3ccc(Cl)cc3)cc(Cl)cn2c1=O,中毒,36.83937,13.503714
Fc1ccc(C23C(c4cn[nH]n4)=NC4=C2C(=C2OC4=CC=C2Cl)C(c2ccc(Cl)cc2)N3Cc2ccc(-c3cccnc3F)nc2)cc1,中毒,32.842438,9.114193
O=C(C1Cc2c(c(-c3cn[nH]n3)cc3c(-c4cn[nH]c4)[nH]c(=O)cc23)C1c1cc(F)c(Cl)cc1F)N1CC2COC(C1)O2,中毒,8.432312,36.56022
O=c1[nH]cc(Cl)cc1N1C2C3=CC(Cl)=CC=C2C(=N3)c2cc(-c3cn[nH]n3)n(-c3ccc(Cl)cc3)c2C1c1ccc(Br)cc1,中毒,22.121504,14.3937645
O=C1c2cc(-c3cn[nH]n3)n(-c3ccncc3)c2C(c2ccc(Cl)cc2)N1c1cc(Cl)cn(C2CC(O)C(O)C2)c1=O,中毒,14.882899,11.513729
O=C(Nc1cccc(Cl)n1)c1ccc(Cl)c(Oc2ncnc3ccc(-c4cc(Oc5cn[nH]n5)ccc4Oc4ccc(C(F)(F)F)cn4)cc23)c1,中毒,21.220297,37.97117
O=C1c2cc(-c3cn[nH]n3)n(-c3cc(Br)cc(Br)c3)c2C(c2ccc(Cl)cc2)N1c1cc(Cl)cn(C2CC(O)(CO)C2)c1=O,中毒,14.882899,11.513729
c1n[nH]nc1Cc1cc2n(n1)CCC2,高毒,16.39311,82.1364
O=C1c2cc(-c3cn[nH]n3)n(-c3ccc(OCC=C(Cl)Cl)c(F)c3)c2C(c2ccc(Cl)cc2)N1c1cc(Cl)cn(C2CC(O)C(O)C2)c1=O,中毒,38.99518,11.513729
O=c1c(N2Cc3nc(-c4cn[nH]n4)nc(Nc4cccc(Br)c4)c3C2c2ccc(Cl)cc2)cc(Cl)cn1C1CCOC1,中毒,13.288725,16.230408
O=C1C2CC(O)C(O)C(O)C(O)C3(O)CCc4cc(-c5cn[nH]n5)c(-c5ccc(Cl)cc5)n4C(c4ccc(Cl)cc4)N1c1cc(Cl)c(Cl)c3c1O2,中毒,10.547311,40.24703
O=C1c2nc(-c3cn[nH]n3)c(-c3ccc(F)cc3)c(-c3ccc(F)cc3)c2C(c2cccc(Cl)c2)N1c1cc(Cl)cn(C2CC(O)(CO)C2)c1=O,中毒,67.017,12.110745
N#CCCN(c1ccc(F)cc1)C(c1cn[nH]n1)C1CCOC1,中毒,22.88531,56.536213
O=C(Nc1cnn2cc(C(F)(F)F)ccc12)C12CCOC1CN(S(=O)(=O)c1cn[nH]n1)C2,中毒,11.642836,15.290675
OC1(c2ccc(Cl)s2)CN(c2nc(-c3cn[nH]n3)cc3c2CN(c2cc(Cl)cnc2C2CC2)C3)C1,中毒,12.159899,23.282656
O=C1c2cc(-c3cn[nH]n3)c(-c3ccsc3)cc2CC(c2ccc(Cl)cc2)N1c1cc(Cl)cn(C2CC(O)(CO)C2)c1=O,中毒,19.271835,16.862432
O=C1c2cc(-c3cn[nH]n3)c(=O)n(-c3ccc(Cl)cc3)c2C(c2ccc(Cl)cc2)N1c1cc(Cl)cn(C2CC(O)C(O)C2)c1=O,中毒,51.50488,12.110745
Oc1nc(-c2cn[nH]c2)c(Cl)c2c1-c1c(-c3ccc(Cl)cc3)cc(-c3cn[nH]n3)cc1-2,中毒,29.340382,46.829494
c1nc2nc(N3CC4CCC(C3)O4)sc2cc1-c1cn[nH]n1,中毒,9.984797,28.624954
OC1=CC=C2C3=NCCc4cc(-c5cn[nH]n5)n(-c5ccc(Cl)cc5Cl)c4C(c4ccc(Cl)cc4)N(c4ccc(Cl)cc4)C2C3=C1,中毒,29.54402,13.447941
O=C1c2cc(-c3cn[nH]n3)n(-c3ccc(Cl)cc3Cl)c2C(c2ccc(Cl)cc2)N1c1cc(Cl)cn(C2CC(O)(CO)C(CO)O2)c1=O,中毒,18.205946,13.503714
Clc1cccc(Cl)c1-c1cc(-c2cn[nH]n2)cc2c1oc1cc(I)c(Br)cc12,中毒,3.6637638,25.555271
NS(=O)(=O)NCC1COc2ccc(Cl)cc2C2C(CN2Cc2cn[nH]n2)c2c(-c3ccccn3)c(C3CC3)nn21,中毒,26.007381,10.292379
OC1CC(N2Cc3cc(-c4cn[nH]n4)n(-c4ccc(Cl)cc4Cl)c3C(c3ccc(Cl)cc3)C2c2ccc(C#Cc3ccc(Cl)cc3)cc2)CC1O,中毒,51.50488,13.447941
O=C1c2cc(-c3cn[nH]n3)n(-c3ccc(Br)cc3I)c2C(c2ccc(Cl)cc2)N1c1cc(Cl)cn(C2CC(O)(CO)C2)c1=O,中毒,18.205946,11.513729
O=C1c2nc(-c3cn[nH]n3)n(-c3ccc(Cl)cn3)c2OC(c2ccc(Cl)cc2)N1c1cc(Cl)cn(C2CC(O)(CO)C2)c1=O,中毒,30.422787,16.230408
O=c1[nH]cc2c3c1C2=CC1=C(c2cn[nH]n2)C2C(=CC=C3c3nc(CO)c(OCc4c(F)cccc4F)cc3Cl)N=C1CC2(F)F,中毒,46.08258,14.2372675
O=C1c2cc(-c3cn[nH]n3)c(-c3ccc(Cl)c(Cl)c3)n2C(c2ccc(Cl)nc2)N1c1cc(Cl)cn(C2CC(O)(CO)C2)c1=O,中毒,19.951618,13.503714
O=c1c2ccsc2nc(-c2cc(-c3cnn(C4CCOC4)c3)cc3cc(-c4cn[nH]n4)oc23)n1-c1ccc(F)cn1,中毒,179.15607,24.946692
O=C1c2cc(-c3cn[nH]n3)n(-c3ccc(Cl)cc3)c2C(c2ccc(Cl)cc2)N1c1cc(Cl)cn(C2CC(O)C(OC(F)F)C2)c1=O,中毒,31.338547,13.466203
O=C1c2cc(-c3cn[nH]n3)n(-c3ccc(F)cc3F)c2C(c2ccc(Cl)cc2)N1c1cc(Cl)cn(C2CC2(O)CO)c1=O,中毒,12.488247,11.513729
O=C1c2cc(-c3cn[nH]n3)n(-c3ccc(Cl)cc3Cl)c2C(c2ccc(Cl)s2)N1c1cc(Cl)cn(C2CC(O)(CO)C2)c1=O,中毒,15.111123,11.513729
O=C(c1ccc(-c2cc(OC3CCOC3)c(=O)c3cc(-c4cn[nH]n4)cnc3c2)cc1)N1CCCN(CCN2CCCC2)CC1,中毒,22.76073,75.11113
O=c1c2c([nH]c(=S)n1-c1ccccc1)c(-c1ccsc1)c(-c1ccc(C(F)(F)F)cc1)c1cnc(-c3cn[nH]n3)cc12,中毒,3.2909844,61.21619
O=c1c(N2Cc3cc(-c4cn[nH]n4)n(-c4ccc(Cl)cc4C(F)(F)P(=O)(O)O)c3C2c2ccc(Cl)cc2)cc(Cl)cn1C1CC(O)(CO)C1,中毒,14.882899,11.513729
O=C1C2C(=Nc3nccn31)N(Cc1ccc3c(c1)OCCO3)C(c1cn[nH]n1)C2c1cccc(F)c1,中毒,17.272402,21.907202
Clc1ccc(C2C(c3cc4cc(Cl)ccc4nc3Oc3ccc(Cl)c(Cl)c3)c3c(cc(-c4cn[nH]n4)n3-c3ccc(Cl)cc3)N2c2ccc(Cl)cc2)cc1,中毒,28.345415,37.990963
O=C(O)c1cn(C2CC2)c2nc(N3Cc4cc(-c5cn[nH]n5)nc(Nc5cccc(C(F)(F)F)c5)c4C3)c(F)cc2c1=O,中毒,16.244326,15.607578
O=c1c2c([nH]c3cc(S(=O)(=O)CC4CC4)c(F)cc13)C(c1ccc(Cl)cc1Cl)n1c-2cc(-c2cn[nH]n2)c1-c1cc(Cl)ccc1F,中毒,18.641792,14.3937645
Oc1ccc(C2=CC=C3CNC(Cn4nc(-c5cc6cc(-c7cn[nH]n7)ccc6[nH]5)cc4C=C2)C(O)C3)cc1,中毒,8.691149,34.046215
O=c1c(N2Cc3cc(-c4cn[nH]n4)n(-c4ccc(Cl)cc4F)c3C2)cc(Cl)cn1C1CC(O)C(O)C1,中毒,5.65161,28.5412
O=S1(=O)CCC(SCc2n[nH]c3c2C(c2ccc(Cl)cc2)c2c-3cc(-c3cn[nH]n3)cc2-c2c(Cl)cccc2Cl)C1,低毒,25.562902,23.27743
C1=C(c2cnn(C3CCNCC3)c2)C=C2N=C(c3cn[nH]n3)c3c1ncc(-c1ccoc1)c32,中毒,14.788431,16.680515
Clc1ccc(C2c3c(cc(-c4cn[nH]n4)n3-c3ccc(Cl)cc3)CN2c2ccc(Cl)cc2)cc1,中毒,28.622856,23.107658
O=C1C(Nc2cn[nH]n2)Cc2cc(F)c(F)cc2C12CCN(c1ccn3cccnc13)CC2,中毒,6.0029435,48.526676
O=C1c2cc(-c3cn[nH]n3)c(N3CCC(C(F)F)CC3)nc2C(c2ccc(Cl)cc2F)N1c1cc(Cl)cn(C2CC(O)(CO)C2)c1=O,中毒,13.216523,12.087409
O=c1c(N2C(=S)c3cc(-c4cn[nH]n4)cc(-c4ccc(Cl)c(Cl)c4Cl)c3C2c2ccc(Cl)cc2)cc(Cl)cn1C1CC(O)(CO)C1,中毒,6.3808517,27.614061
O=S(=O)(Nc1cscn1)c1ccc2c(c1)OC(c1ccc(Cl)cc1)c1c(-c3ccsc3)nc(-c3cn[nH]n3)nc1-2,中毒,6.7837334,19.43009
O=c1c(N2C(O)c3cc(-c4cn[nH]n4)n(-c4ccc(Cl)cc4F)c3C2c2ccc(Cl)cc2)cc(Cl)cn1C1CC(O)(CO)C1,中毒,26.991571,12.110745
O=C1c2cc(-c3cn[nH]n3)c(N3CCNC3)nc2C(c2ccc(Cl)cc2F)N1c1cc(Cl)cn(C2CC(O)(CO)C2)c1=O,中毒,14.775009,12.110745
O=C1c2cc(-c3cn[nH]n3)n(-c3ccc(Cl)cc3F)c2C(c2ccc3c(c2)OCO3)N1c1cc(Cl)cn(C2CC(O)(CO)C2)c1=O,中毒,12.488247,13.466203
O=C1c2cc(-c3cn[nH]n3)n(-c3ccc(Cl)c(Cl)c3Cl)c2C(c2ccc(Cl)cc2)N1c1cc(Cl)cn(C2CC(O)(CO)C2)c1=O,中毒,18.205946,11.513729
c1cc(-c2nc3ccc(CNCC4CCc5sc(-c6cn[nH]n6)nc5C4)cc3s2)co1,中毒,35.286095,26.115845
O=C1c2cc(-c3cn[nH]n3)n(-c3ccc(Cl)cc3)c2C(c2ccc(Cl)cc2)N1c1cc(Cl)cn(C2CC(O)(Br)C2)c1=O,中毒,31.338547,11.513729
O=C1c2cc(-c3cn[nH]n3)n(-c3ccc(F)cc3)c2C(c2ccc(F)cc2)N1c1cc(Cl)cn(C2CC(O)(CO)C2)c1=O,中毒,14.882899,11.513729
Fc1cc2[nH]c3nc(-c4cn[nH]n4)cnc3c2cc1Br,低毒,54.683495,52.925793
Fc1cnccc1-c1csc(N2Cc3cc(-c4cn[nH]n4)cc(-c4c(Cl)cccc4Cl)c3C2)n1,中毒,23.237913,14.913823
Fc1ccc2c(c1)c1ccc(OC(F)F)cc1n2CCCN1Cc2nc(-c3cn[nH]n3)sc2C1,中毒,28.415182,8.2014885
O=C1C2=C(C(=O)N1C1CC1)c1c(cc(-c3cn[nH]n3)cc1-c1c(Cl)cccc1Cl)CC2,中毒,6.359886,36.82775
O=C1c2nc(-c3cn[nH]n3)n(-c3ccc(F)cc3F)c2C(c2cccc(Cl)c2F)N1c1cc(Cl)cn(C2CC(O)(CO)C2)c1=O,中毒,24.818281,34.717995
O=C1OCc2c1c1c(-c3ccc(F)cc3F)cc(-c3cn[nH]n3)cc1c1scc(-c3ccco3)c21,中毒,46.718784,15.463547
OCc1ccc(-c2cnc(N3CC4CC(Oc5nncc6ccccc56)CC43)n2-c2cn[nH]n2)o1,中毒,13.061793,21.970697
O=C1c2cc(-c3cn[nH]n3)cc(-c3cc(Cl)ccc3Cl)c2C2=C(CCCC2)C(c2ccc(Cl)cc2)N1c1cc(Cl)cn(C2CC(O)(CO)C2)c1=O,中毒,11.968951,16.230408
Fc1cccc(C(C2CCOC2)N2CCc3nc(-c4cn[nH]n4)sc3C2)c1F,中毒,15.939667,32.207657
Oc1ccc(N2c3cc(-c4cn[nH]n4)cc(-c4c(Cl)cccc4Cl)c3C(c3ccc(Cl)cc3)c3c(O)nc4ccc(Cl)cc4c3C2c2ccc(F)cc2)cc1,低毒,21.494087,38.432915
Fc1ccc2cc(-c3nc4c(cc3-c3cn[nH]n3)C(c3ccc5sc(-c6cc(F)c(F)cc6F)cc5c3)NCC4)nn2c1,中毒,4.6110234,17.782564
O=S1(=O)CCc2oc3sc(-c4cn[nH]n4)nc3c2-c2cc(Br)cc(F)c21,中毒,59.528275,18.388681
O=C1c2cc(-c3cn[nH]n3)n(-c3ccc(Cl)c(Cl)c3)c2N1c1cc(Cl)cn(C2CC(O)(CO)C2)c1=O,中毒,18.782015,13.503714
Clc1cccc(Cl)c1-c1cc(-c2cn[nH]n2)cc2c1CN(c1cnc(OCc3ccc4c(c3)C4)nc1)CC2,中毒,17.559565,35.611034
O=C1c2cc(-c3cn[nH]n3)n(-c3ccc(Br)cc3F)c2C(c2ccc(Cl)cc2)N1c1cc(Cl)c(=O)n(C2CC2)c1,中毒,17.475342,14.026334
O=c1c(N2Cc3nc(-c4cn[nH]n4)cc(-c4ccc(Oc5cc(F)cc(F)c5)cc4)c3C2c2ccccc2)cc(Cl)cn1C1CC(O)C(O)C(O)C1,中毒,15.4189,12.110745
N#Cc1ncc(Cl)cc1N1Cc2c(cc(-c3cn[nH]n3)n2-c2ccc(Cl)cc2F)CC2C(=O)N(C3CC3)C(=O)C2(C(N)=O)C1c1ccc(Cl)cc1,中毒,46.08258,14.3937645
O=C1c2nc(-c3cn[nH]n3)cc(-c3ccsc3)c2C(c2ccc(Cl)cc2)N1c1cc(Cl)cn(C2CC(O)(CO)C2)c1=O,中毒,37.24519,12.110745
O=c1c(N2Cc3nc(-c4cn[nH]n4)n(-c4ccc(Cl)cc4F)c3C2c2ccc(Cl)cc2)cc(Cl)cn1Cl,中毒,17.897259,27.536945
Clc1cc(Cl)cc(-c2c(-c3cc(Cl)cs3)c(-c3ccncn3)nc3nc(-c4c(Cl)cccc4Cl)cc(-c4cn[nH]n4)c23)c1,中毒,5.345076,15.575032
Clc1ccc(C2c3nc(-c4cn[nH]n4)sc3C(c3ccc(Cl)cc3)N2c2ccc3c(c2)OCO3)cc1,中毒,34.810425,15.123783
FC(F)(F)c1ccc2c(n1)C(OC1=CCCC(N3CCC(N4COc5ccccc5C4)C3)N=C3N=C(c4cn[nH]n4)C=C13)CCC2,中毒,16.959538,17.022648
O=C1c2ccc(F)c(F)cc3cc(-c4cn[nH]n4)n2c3C(c2ccc(Cl)cc2)N2C(=O)C2=CC(Cl)=CN1C1CC(O)(CO)C1,中毒,22.80562,12.652781
O=C1c2nc(-c3cn[nH]n3)c(-c3ccc(Cl)cc3)c(-c3cccs3)c2C(c2ccc(Cl)cc2)N1c1cc(Cl)cn(C2CC(O)C(O)C2)c1=O,中毒,44.58338,13.503714
OCCN(CCO)c1ccc(C2c3cc(-c4cn[nH]n4)n(-c4ccc(Cl)cc4)c3C(c3ccc(Cl)cc3)N2c2cc(Cl)co2)cc1,中毒,22.219355,19.356245
O=S(=O)(C1=CCN(c2ncccc2C(F)(F)F)CC1c1nc2cc(Cl)cc(Cl)c2s1)c1cn[nH]n1,中毒,27.47232,15.967391
O=C1c2cc(Nc3cn[nH]n3)c(-c3ccc(Cl)c4cc(OCCO)ccc34)n2C(c2cccc(F)c2)N1c1cc(Cl)cn(C2CC(O)(CO)C2)c1=O,中毒,27.094715,13.503714
O=C1c2cc(-c3cn[nH]n3)n(-c3ccc(Cl)cc3)c2CC(c2ccc(Cl)cc2)N1C1CCC1,中毒,48.51858,23.177338
O=C1c2cc(-c3cn[nH]n3)n(-c3cc(F)c(F)c(F)c3)c2C(c2ccc(Cl)cc2)N1c1cc(Cl)cn(C2CC(O)(CO)C2)c1=O,中毒,14.882899,11.513729
O=c1c(N2Cc3cc(-c4cn[nH]n4)cc(-c4ccnc(Cc5nccn5C(F)(F)F)n4)c3C2c2ccc(Cl)cc2)cc(Cl)cn1C1CC(O)(CO)C1,中毒,15.809174,13.503714
O=C1N(c2cc(Cl)cn(C3CC(O)C(O)C3O)c2=O)C(c2ccc(Cl)cc2)OC12CCC(c1cn[nH]n1)CC2,中毒,34.65666,10.425424
O=C1CC2C(=N1)N(c1cc(Cl)cn(C3CC(O)(CO)C3)c1=O)C(c1ccc(Cl)cc1)c1c2cc(-c2cn[nH]n2)n1-c1ccc(Cl)cc1F,中毒,36.83937,17.379768
O=C1Cc2cc(-c3cn[nH]n3)cc(-c3c(Cl)cccc3Cl)c2C(c2ccc(Cl)cc2)N1c1cc(Cl)cn(C2CC(O)(CO)C2)c1=O,中毒,19.016203,18.239529
FC(F)(F)c1cc(-c2cn[nH]n2)cc(NC2CC2)n1,低毒,11.528172,108.877754
O=c1c2c([nH]c3cc(Cl)ccc13)-c1c-2cc(-c2cn[nH]n2)n1-c1ccc(Cl)cc1F,中毒,10.262443,24.00133
Clc1cccc(Cl)c1-c1n[nH]c2c(-c3cn[nH]n3)cc3c(-c4cc[nH]n4)nc(N4CCOCC4)cc3c12,中毒,9.8074665,84.516945
OCC1CC(N2c3cc(C(F)(F)F)cc(C4CC4)c3-c3cc(-c4cn[nH]n4)n(-c4ccc(Cl)cc4F)c3C2c2ccc(Cl)cc2)CC1O,中毒,20.18954,17.33289
OC12CCC1(F)CC(c1n[nH]c3cc(-c4cnc5c(c4)=NN(C4CC4)CC=5)c(-c4cn[nH]n4)cc13)C2,中毒,52.779053,9.114193
C1=C(c2ccc3c(c2)-c2nc(-c4cn[nH]n4)ncc2C3)CCN(C2COC2)C1,中毒,41.13801,83.330185
O=c1c(N2Cc3cc(-c4cn[nH]n4)c(-c4ccc(F)cc4F)n3C2c2cccc(Cl)c2)cc(Cl)cn1C1CC(O)(CO)C1,中毒,19.349394,13.503714
OC1CC(O)(CC2C3=CC(N4CCc5cc(-c6cn[nH]n6)n(-c6ccc(Cl)cc6)c5C4c4ccc(Cl)cc4)=CC(Cl)=CN32)C(O)C1O,中毒,14.940432,21.720108
O=c1c(-c2cn[nH]n2)csc2c1C2CN(c1ccc(-c2n[nH]c3ccccc23)cn1)C1COC1,中毒,5.1039467,45.1847
CC1(Oc2ccc(Cl)cc2-c2nc(-c3cn[nH]n3)cc3c2C2(CCOCC2)CO3)CN(c2ccc3ncccc3c2)C1,中毒,10.931148,14.373294
CN1CCC(n2cc(Cl)cc(N3C(=O)c4cc(-c5cn[nH]n5)n(-c5ccc(Cl)cc5F)c4C3c3ccc(Cl)cc3)c2=O)C1,中毒,17.272402,14.0600395
O=C1c2cc(-c3cn[nH]n3)n(Cc3ccc(Cl)cc3)c2C(c2ccc(Cl)cc2)N1c1cc(Cl)cn(C2CC(O)(CO)C2O)c1=O,中毒,6.6767583,13.16881
FC(F)n1cc(-n2cc(-c3nc4c(nc3-c3cn[nH]n3)CN(c3ccsc3)C4)cn2)cn1,中毒,136.98747,20.816086
Fc1cc(C(F)(F)F)c2nc3ccccc3c(Nc3ccc(Oc4cn[nH]n4)cc3)c2c1,低毒,7.782491,27.481197
O=c1c(N2Cc3cc(-c4cn[nH]n4)n(-c4ccc(Cl)cc4)c3C2c2sc(Br)c(Cl)c2Cl)cc(Cl)cn1C1CC(O)(CO)C1,中毒,17.224394,11.513729
O=c1c(N2Nc3cc(-c4cn[nH]n4)cc(-c4c(F)cccc4Cl)c3C2c2ccc(Cl)cc2)cc(Cl)cn1C1CC(O)(CO)C1,中毒,16.889458,10.425424
Oc1ccccc1N1CCN(CCON=Cc2c(-c3cn[nH]n3)sc(-c3cccnc3)c2CCCc2cccnc2)CC1,中毒,34.172977,12.149456
CC1(C)CC(CC2C3=CC(N4Cc5cc(-c6cn[nH]n6)n(-c6cc(F)c(F)cc6F)c5C4c4ccc(Cl)cc4)=CC(Cl)=CN32)C(=O)O1,中毒,18.264595,20.620869
Fc1cc2c(cc1-c1cnc3ccccc3c1)-c1cc(-c3cn[nH]n3)n(-c3ccc(Cl)cc3Cl)c1-2,低毒,5.7506576,40.006783
O=C(O)c1cn(-c2ccc(C3CC3)c(OCc3ccc(S(=O)(=O)Nc4nncs4)cc3F)c2)c2cc(-c3cn[nH]n3)c(F)cc2c1=O,中毒,53.494797,10.384517
O=C(O)c1cn(-c2cccnc2)c2cc(N3CCN(CCCN4C5CCC4CC(C4=C6C=C(c7cn[nH]n7)C=C6C4)C5)CC3)c(F)cc2c1=O,中毒,15.763229,15.154725
O=C(O)c1cc(N2C(c3ccc(Cl)c(F)c3)c3cc(-c4cn[nH]n4)cc(-c4c(Cl)cccc4Cl)c3C2c2ccc(Cl)cc2)c2ncccc2c1,中毒,15.363433,25.287947
O=C1c2cc(-c3cn[nH]n3)n(-c3ccc(F)cc3F)c2C(c2ccc(Cl)cn2)N1c1cc(Cl)cn(C2CC(O)(CO)C2)c1=O,中毒,24.817047,12.110745
O=C1N(c2ccc(C=CC3(O)CC(O)C(O)C3)cc2)C2Cc3cc(-c4cn[nH]n4)n(-c4ccc(Cl)cc4Cl)c3C1(c1cc(Cl)ccc1F)C2,中毒,5.4913397,12.110745
O=C1NN(c2cc(Cl)cn(C3CC(O)(CO)C3)c2=O)C(c2ccc(Cl)cc2)c2c1cc(-c1cn[nH]n1)n2-c1ccc(Cl)cc1,中毒,14.882899,13.765845
O=C1c2cc(-c3cn[nH]n3)cc(-c3c(Cl)cccc3Cl)c2CC(c2ccc(Cl)cc2Cl)N1c1cc(Cl)cn(C2CC(O)(CO)C2)c1=O,中毒,22.235992,19.79431
O=C1c2cc(-c3cn[nH]n3)c(Nc3ccc(Br)cc3)nc2CC(c2cccs2)N1c1cc(Cl)cn(C2CC(O)(CO)C2)c1=O,中毒,52.723274,14.418226
O=Cc1c(-c2ccc3c(c2)OCO3)oc2ccc(-c3cn[nH]n3)cc2c1=O,中毒,9.939189,49.59499
O=C1c2cc(-c3cn[nH]n3)c(=O)n(-c3ccc(F)cc3F)c2C(c2ccc(Cl)cc2)N1c1cc(Cl)cn(C2CC(O)(Br)C2)c1=O,中毒,46.08258,12.110745
O=C1c2nc(-c3cn[nH]n3)nc(-c3cc(OC(F)F)ccn3)c2C(c2ccc(Cl)c(C(F)F)c2)N1c1cc(Cl)cn(C2CC(O)(CO)C2)c1=O,中毒,26.303608,13.503714
Clc1ccc(-n2c(-c3cn[nH]n3)cc3c2-c2cc(-c4cncnc4)c(-c4ccc(-c5cnoc5)cc4)c(CBr)c2-3)cc1,中毒,12.427491,27.1327
O=C1c2nc(-c3cn[nH]n3)nc(N3CCOCC3)c2C(c2ccc(Cl)cc2Cl)N1c1cc(Cl)cn(C2CC(O)(CO)C2)c1=O,中毒,27.185892,13.466203
O=c1c2c(-c3cc(Cl)ccc3O)c3c(c(F)cc-2c(C(F)(F)F)n1-c1cnn(CCOCCOc2cc4ccccc4o2)c1C1CC1)C=C(c1cn[nH]n1)C3,中毒,33.571377,19.55125
O=S1(=O)CCc2cc(S(=O)(=O)Nc3ccc(C(F)(F)F)cc3)cc3cc(-c4cn[nH]n4)cc-3c2C1,中毒,16.182089,20.91172
Fc1cc(F)c(N2CCN(c3nc4nc(-c5cn[nH]n5)cn4c4c3CN(c3ncc[nH]3)CC4)CC2)cn1,中毒,5.638257,17.68054
Ic1ccc(C2=NN3Cc4ccc(-c5cn[nH]n5)cc4-c4nocc4C3C2)cc1,中毒,13.100975,21.28713
Oc1nc(OC2CCNC2)nc2c1=C1C=C(c3cn[nH]n3)C=C1C=2Oc1ccc(Cl)cc1,中毒,47.829147,60.746872
O=C1CC(c2ccc(Br)s2)C2CC(c3cn[nH]n3)=C=C3C1=C2NC3c1c[nH]c2ccc(Cl)cc12,中毒,42.75487,23.69942
O=C1c2cc(-c3cn[nH]n3)n(-c3ccc(C(F)(F)F)cn3)c2C(c2ccc(Cl)cc2)N1c1cc(Cl)cn(C2CC(O)(CO)C2)c1=O,中毒,12.488247,11.513729
O=C(Nc1ccc(-c2nc(-c3cn[nH]n3)nc3c2C(c2ccsc2)N(c2cc(Cl)cn(C4CC(O)(CO)C4)c2=O)C3=O)cc1)c1ccc(Br)cc1,中毒,16.880064,17.190475
O=C1c2cc(-c3cn[nH]n3)n(-c3ccc(Cl)cc3)c2C(c2ccc(Cl)cc2)C(c2ccc(Cl)cc2)N1c1cc(Cl)cn(C2CC(O)(CO)C2)c1=O,中毒,51.50488,13.503714
Fc1cnccc1OC1CCN(c2ncc(-c3cn[nH]n3)cc2C2CC3COCC(C3)N2)CC1,中毒,19.28109,231.6793
Clc1ccc2c(c1)-n1c(nnc1-c1cn[nH]n1)Cc1scc(-c3ccc(Cl)nc3)c1-2,中毒,9.089156,21.160015
O=C(O)C1(O)CC(n2cc(Cl)cc(N3Cc4cc(-c5cn[nH]n5)c(-c5ccncn5)cc4C(Cc4cc(F)cnc4F)C3c3ccc(Cl)cc3)c2=O)C1,中毒,11.679408,17.693075
O=S(=O)(Nc1ccc2ccccc2c1)c1ccc(-c2cn[nH]n2)cc1,高毒,13.877827,70.92852
O=C1c2nc(-c3cn[nH]n3)cc(N3CCOCC3)c2C(c2ccc(Cl)c(Cl)c2)N1c1cc(Cl)cn(C2CC(O)(CO)C2)c1=O,中毒,37.24519,33.968105
N#Cc1cnc2c(c1)-c1ccc(-n3c(-c4cn[nH]n4)cc4c3C(c3ccc(Cl)cc3)N(c3cc(Cl)cn(C5CC(O)(CO)C5)c3=O)C4=O)cc1CS2,中毒,38.99518,12.110745
O=C1c2cc(-c3cn[nH]n3)n(-c3ccc(OP(=O)(O)O)cc3F)c2C(c2ccc(Cl)cc2)N1c1cc(Cl)cn(C2CC(O)(CO)C2)c1=O,中毒,23.909687,11.513729
O=C1c2cc(-c3cn[nH]n3)n(-c3cc(F)c(Cl)c(Cl)c3)c2C(c2ccc(Cl)cc2)N1c1cc(Cl)cn(C2CC(O)(CO)C2)c1=O,中毒,14.882899,11.513729
O=c1c(N2Cc3cc(-c4cc5nc(-c6ccnc(F)c6)[nH]c5cc4-c4cn[nH]n4)[nH]c3S2(=O)=O)cc(Cl)cn1C1CC(O)(CO)C1,中毒,23.66135,13.503714
O=C1C2CCc3cc(-c4cn[nH]n4)n(-c4ccc(F)cc4)c3C(c3ccc(Cl)cc3)N1c1cc(Cl)cn2c1=O,中毒,28.622856,14.3937645
Clc1cccc(Cl)c1-c1c(Br)c(-c2cn[nH]n2)cc2c1C1=C(CCC3CCC13)C2,中毒,11.905885,51.92051
O=C1Nc2cc(-c3cn[nH]n3)n(-c3c(Cl)cccc3Cl)c2C(c2ccc(Cl)cc2)N1c1cc(Cl)cn(C2CC(O)(CO)C2)c1=O,中毒,16.49293,16.230408
O=C1C(c2cn[nH]n2)=CC2=C(C(c3ccc(Cl)cc3)N1c1cc(Cl)cn(C3CC(O)C(O)C3)c1=O)n1nc(-c3cnc4sccc4c3)cc12,中毒,32.17651,13.503714
Fc1ccc(C2c3ncc(-c4cn[nH]n4)cc3C(SCCOc3ccccc3Cl)N2c2cccc(C(F)(F)F)c2)cc1,中毒,73.020424,16.862432
Nc1ncnc2c3ncc(-c4cn[nH]n4)nc3n(Cc3ccc4nc(-c5ccc(CN6CCOCC6)cc5)ccc4c3)c12,中毒,11.44829,27.998344
O=C1C(Cc2ccc(C3NCc4c(-c5c(Cl)cccc5Cl)cc(-c5cn[nH]n5)cc43)cc2F)CCCN1Cc1cccs1,中毒,3.958373,12.969835
O=C(O)c1cn(-c2ccc3[nH]c(=O)oc3c2)c2cc(-c3cn[nH]n3)c(F)cc2c1=O,中毒,50.681072,23.163008
c1ccc2c(c1)nc(-c1nonc1NCCCN1CCCC1)n2-c1cn[nH]n1,中毒,29.049255,101.72086
OC1C=Cc2sc(NCc3ccc(-c4cn[nH]n4)c4ccccc34)nc2C1,低毒,39.59456,39.546646
O=C1c2nc(-c3cn[nH]n3)c(Cl)nc2C(c2ccsc2)N1c1cc(Cl)cn(C2CC(O)(CO)C2)c1=O,中毒,21.438358,11.901765
O=C1c2cc(-c3cn[nH]n3)n(-c3ccc(F)cc3F)c2C(c2ccc(Cl)cc2)N1c1cc(Cl)cn(C2CC(O)OC(CO)C2)c1=O,中毒,12.488247,13.466203
Fc1cc(Cl)ccc1-n1c(-c2cn[nH]n2)cc2c1C(c1ccc(Cl)cc1)N(c1ccc(-c3ccoc3)nc1)C2,中毒,21.327534,14.1463
O=C(Nc1ccncc1C(F)(F)F)N1CCC(c2cn[nH]n2)C1c1nn(-c2ccc(Cl)cc2Cl)c2c1COCC2,中毒,57.254925,15.055007
O=C1c2cc(-c3cn[nH]n3)n(-c3ccc(Cl)c(F)c3)c2C(c2ccc(Cl)cc2)N1c1cc(Cl)cn(C2CC(O)(CO)C2)c1=O,中毒,14.882899,11.513729
Clc1ccc(-n2c(-c3cn[nH]n3)cc3c2-c2cc(Br)c(Br)c(Cl)c2C3)cc1,低毒,18.33301,68.66742
O=C(NC1CC1)c1cc(N2C(=O)c3cc(-c4cn[nH]n4)n(-c4cc(Cl)cc(Cl)c4)c3C3(CCC3)C2c2ccc(Cl)cc2)cc(Cl)c1Cl,中毒,29.54402,21.263847
O=C1c2cc(-c3cn[nH]n3)n(-c3ccc(F)cc3F)c2C(c2ncc(Cl)cc2F)N1c1cc(Cl)cn(C2CC(O)(CO)C2)c1=O,中毒,24.817047,12.110745
Clc1cccc(Cl)c1-c1cc2cc(-c3cn[nH]n3)cn2c2c1CC2,中毒,21.762407,32.030327
O=C1c2cc(-c3cn[nH]n3)n(-c3ccc(F)cc3F)c2C(c2ccc(Cl)cc2)N1c1ccn(C2CC(O)(CO)C2)c1,中毒,15.540574,19.356245
O=c1c(-c2cn[nH]n2)cc2c(n1-c1ccc(F)cc1F)C1(CCCCN1c1ncccn1)C1(COC1)C2,中毒,69.26137,14.2372675
O=C1c2cc(-c3cn[nH]n3)n(-c3ccc(Cl)cc3)c2C(c2ccc(Cl)cc2)N1c1cc(Cl)c(=O)n(C(F)F)c1,中毒,22.121504,18.569365
O=c1c(N2Cc3nc(-c4cn[nH]n4)cc(-c4ccc(Cl)cc4)c3C2)cc(Cl)cn1C1CC(O)(CO)C1,中毒,19.10062,14.027231
O=c1cnc2cc(-c3ncc4c(c(-c5cn[nH]n5)cc5c(-c6cn[nH]c6)ncnc54)c3-c3cc(O)cc(F)c3)cnc2[nH]1,中毒,3.8433733,85.08037
O=c1cc(Cc2ccc(F)c(F)c2)oc2ccc(S(=O)(=O)N3Cc4cc(-c5cn[nH]n5)[nH]c4C3)cc12,中毒,36.85107,25.875465
O=P(c1ccccc1)(c1ccccc1)N1Cc2cc(-c3cn[nH]n3)cc(-c3c(Cl)cccc3Cl)c2C1,中毒,51.07732,75.05093
O=C1c2cc(-c3cn[nH]n3)n(-c3cc(Cl)cc(Cl)c3F)c2C(c2ccc(Cl)cc2)N1c1cc(Cl)cn(C2CC(O)(CO)C2O)c1=O,中毒,12.488247,11.513729
Fc1cnccc1-c1occc1-c1cc2c(cc1Cl)-c1cc(-c3cncnc3)c(-c3cn[nH]n3)cc1C1CCOCC1O2,中毒,41.445778,66.68073
O=c1oc2ccc(Br)cc2cc1-c1cc(-c2cn[nH]n2)cc2c1CN(c1cc(Cl)ncn1)C2c1ccc(Cl)cc1,中毒,50.51574,16.95431
c1sc(N2CCOC3(C2)OCCO3)cc1-c1cn[nH]n1,高毒,30.529312,48.3652
Clc1ccc(C2C3=CC(c4cn[nH]n4)=CC3=C2c2cc(Cl)c3c(c2)OCO3)cc1,中毒,9.637456,39.863304
O=c1c(-c2ccoc2)cc(OC(F)(F)F)cc2ncc(-c3cn[nH]n3)cc12,中毒,25.984127,35.12888
O=C1c2[nH]nc(-c3ccc(F)c(S(=O)(=O)NC(CCO)C(O)CO)c3Cl)c2CCC1c1cn[nH]n1,中毒,7.703933,29.934858
Fc1cc(F)cc(-n2c(-c3cn[nH]n3)cc3c2C(c2ccc(Cl)cc2)N(COc2ccon2)C3)c1,中毒,22.288795,18.067654
Clc1cnc(NCc2ccco2)cc1N1CCn2nc(-c3cn[nH]n3)cc2C1,中毒,7.907701,28.805237
Clc1cccc(Cl)c1-c1cc(-c2cn[nH]n2)cc2c1CCN(c1c(Cl)cncc1Br)C2,中毒,10.570692,44.204628
O=S1(=O)Nc2cc(-c3cn[nH]n3)c(-c3ccc(Cl)cc3)nc2C1c1ccc(Cl)cc1,中毒,4.023902,14.8944845
O=S1(=O)c2cc(C(F)(F)F)ccc2-c2cc(-c3cn[nH]n3)cc(-c3c(Cl)cccc3Cl)c21,中毒,8.720293,25.100557
c1cc2nc(Nc3cc(C4CC4)n[nH]3)ncc2cc1-c1cn[nH]n1,中毒,29.857615,68.11654
O=c1c2c(Cl)c(Oc3ccc(C(O)(C(F)(F)F)C(F)(F)F)cc3)ncc2nc(-c2ccc(C(F)(F)F)cc2)n1-c1cn[nH]n1,中毒,36.295914,80.22719
O=S1(=O)Cc2c(cc(-c3cn[nH]n3)n2-c2ccc(Cl)cc2)-c2cc(Br)c(Cl)cc21,中毒,11.725657,20.623796
O=C1c2nc(-c3cn[nH]n3)n(-c3ccc(Br)cc3F)c2C(c2ccc(Cl)cc2)N1c1cc(Cl)cn(C2CCOCC2)c1=O,中毒,31.41851,34.717995
c1ccc(C2(NCCCNc3nc(-c4cn[nH]n4)cc4[nH]ncc34)CCC2)cc1,中毒,9.826155,106.65414
O=C1c2cc(-c3cn[nH]n3)n(-c3ccc(F)cc3)c2C(c2ccccc2F)N1c1cc(Cl)cn(C2CC(O)(CO)C2)c1=O,中毒,14.882899,11.513729
O=C1c2cc(-c3cn[nH]n3)n(-c3ccc(Cl)cc3F)c2C(c2ccco2)N1c1cc(Cl)cn(C2CC(O)C(O)C2)c1=O,中毒,10.762919,11.513729
O=C1c2cc(-c3cn[nH]n3)nc(-c3cc(Cl)c(Cl)c(Cl)c3)c2C(c2ccc(Cl)cc2)N1c1cc(Cl)cn(C2CC(O)(CO)C2)c1=O,中毒,7.4282966,12.110745
O=C1c2cc(-c3cn[nH]n3)c(=O)n(-c3c(F)cccc3Cl)c2C(c2ccc(Cl)cc2)N1c1cc(Cl)cn(C2CC(O)(CO)C2)c1=O,中毒,32.17651,12.110745
O=c1c(N2Cc3cc(-c4cn[nH]n4)n(-c4c(Cl)cccc4Cl)c3C2c2ccc(Cl)cc2)cc(Cl)cn1C1CC(O)(CO)C1,中毒,24.385923,11.513729
O=C1c2cc(-c3cn[nH]n3)n(-c3ccc(F)c(F)c3)c2C(c2ccc3c(c2)OCO3)N1c1cc(Cl)cn(C2CC(O)(CO)C2)c1=O,中毒,14.882899,13.466203
O=C1c2cc(-c3cn[nH]n3)n(-c3cc(F)cc(F)c3)c2C(c2cccnc2)N1c1cc(Cl)cn(C2CC(O)(CO)C2)c1=O,中毒,14.882899,11.513729
O=C1c2cc(-c3cn[nH]n3)n(-c3cc(Cl)cnc3F)c2C(c2ccc(Cl)cc2)N1c1cc(Cl)cn(C2CC(O)(CO)C2)c1=O,中毒,12.488247,11.513729
O=C1c2cc(-c3cn[nH]n3)n(-c3ccc(F)cc3F)c2C(c2ccncc2F)N1c1cc(Cl)cn(C2CC(O)(CO)C2)c1=O,中毒,12.488247,11.513729
O=C1c2ccc(F)cc(F)c3cc(-c4cn[nH]n4)n2c3C(c2ccc(Cl)cc2)N2C(=O)C2=CC(Cl)=CN1C1CC(O)(CO)C1O,中毒,22.80562,12.652781
O=C1c2cc(-c3cn[nH]n3)c(Br)cc2P(=O)(Oc2ccc(Cl)cc2)N1c1cc(Cl)cn(C2CC(O)(CO)C2)c1=O,中毒,13.942599,28.945686
O=C1c2nc(-c3cn[nH]n3)cc(-c3ccc4[nH]cc(F)c4n3)c2C(c2ccc(Cl)cc2)N1c1cc(Cl)cn(C2CC(O)C(O)C2)c1=O,中毒,39.425797,12.110745
O=c1c(N2Cc3cc(-c4cn[nH]n4)n(-c4ccc(F)cc4F)c3C2c2ccc(Cl)cc2)cc(Cl)cn1C1CC(O)(CF)C1,中毒,31.276175,11.513729
O=C1CCc2cc(N3c4cc(-c5cn[nH]n5)n(-c5ccc(Cl)cc5)c4C3c3ccc(Cl)cc3)ccc2N1,中毒,21.33004,27.585833
N=C1C(n2cc(-c3cn[nH]n3)cn2)CN1c1ccc2ncccc2c1,中毒,6.013527,26.978682
Fc1cc(Cl)ccc1-n1c(-c2cn[nH]n2)cc2c1C(c1ccc(Cl)cc1)N(c1cc(Cl)c[nH]1)C2c1cccnc1Cl,中毒,29.078686,21.855152
Clc1ccc2c(-c3cn[nH]n3)c3c(nc2c1)CCC3,中毒,1.7411734,65.24352
O=C1c2nc(-c3cn[nH]n3)nc(SCCc3ccc(F)cc3)c2C(c2ccc(Cl)cc2)N1c1cc(Cl)cn(C2CC(O)(CO)C2)c1=O,中毒,18.990976,13.466203
O=C1c2cc(-c3cn[nH]n3)nc(Nc3ccnc(Cl)c3)c2C(c2ccoc2)N1c1cc(Cl)cn(C2CCS(=O)(=O)C2)c1=O,中毒,16.35918,14.3937645
O=C1c2nc(-c3cn[nH]n3)sc2C(c2cccc(Cl)c2F)N1c1cc(Cl)cn(C2CC(O)(CO)C2)c1=O,中毒,59.929935,28.20462
Oc1ccc(Cl)cc1-n1ncc2c(-c3ccsc3)c(-c3cn[nH]n3)n3nc(-c4ccco4)nc3c21,中毒,57.315025,16.092762
O=C1c2cc(-c3cn[nH]n3)c(-c3cc(F)c(Cl)cc3F)n2C(c2ccc(Cl)cc2)N1c1cc(Cl)cn(C2CC(O)(CO)C2)c1=O,中毒,32.68572,13.503714
Clc1ccc(C2c3c(-c4cn[nH]n4)sc(-c4cccc5cccnc45)c3C3=NCCN32)cc1,中毒,21.922915,15.055594
NC(=O)c1cc(-n2c(-c3cn[nH]n3)cc3c2C(c2ccc(Cl)cc2)N(c2cc(Cl)cn(C4CC(O)(CO)C4)c2=O)C3=O)cs1,中毒,18.205946,12.110745
O=c1c(N2C(O)c3cc(-c4cn[nH]n4)n(-c4ccc(F)cc4F)c3C2c2ccc(Cl)o2)cc(Cl)cn1C1CC(O)(CO)C1,中毒,19.37124,13.503714
O=C1c2cc(-c3cn[nH]n3)n(-c3c(Cl)cccc3Cl)c2C(c2ccc(Cl)cc2Cl)N1c1cc(Cl)cn(C2CC(O)(CO)C2)c1=O,中毒,15.540574,11.513729
O=S(=O)(c1ccc(F)cc1F)N1CCC(COc2cc3ncnc(-c4ccc(Cl)c(Cl)c4)c3cc2-c2cn[nH]n2)(c2ccc(Cl)cc2F)CC1,中毒,3.8680737,9.095899
O=c1[nH]cc(Cl)cc1N1C2CCC(c3cc(Cl)cc2c3)c2cc(-c3cn[nH]n3)n(-c3ccc(Cl)cc3Br)c2C1c1ccc(Cl)cc1,中毒,28.622856,14.710186
Clc1ccc(N(Cc2cn(-c3ccccc3Br)nn2)c2nccc(OCc3ccc(Br)cn3)c2-c2cn[nH]n2)c2c1OCCO2,中毒,11.705443,15.285337
[O]C1C(n2cc(Cl)cc(N3C(=O)c4cc(-c5cn[nH]n5)n(-c5ccc(Cl)cc5)c4C3c3ccc(Cl)cc3)c2=O)CC1(O)CO,中毒,14.882899,11.513729
O=S(=O)(c1ccc(F)cc1)N1CC2C(=C1c1cn[nH]n1)Sc1ccc(F)cc1NC2c1ccccc1Br,中毒,28.444283,20.115675
FC(F)(F)c1cnc(C2C3CN(Cc4cn[nH]n4)C3CN2Cc2ccc(-c3cccnc3)nc2)nc1,中毒,36.34663,37.75435
S=C1NCCN1c1cc2c3ccccc3n(-c3cn[nH]n3)c2cn1,中毒,19.609516,302.94415
NC(=S)N1CCC2(CC1)Cc1cc(-c3cn[nH]n3)c(F)cc1OC(c1ccc(Cl)cc1)=N2,中毒,82.46776,56.136
O=C1c2nc(-n3cn[nH]c3=O)cc3cc(-c4cn[nH]n4)cc-3c2C(c2ccc(Cl)cc2)N1c1cc(Cl)cn(C2CC(O)(CO)C2)c1=O,中毒,27.185892,12.110745
O=C1c2cc(-c3cn[nH]n3)n(-c3ccc(Cl)cc3Cl)c2CN1c1cc(Cl)cnc1Cl,低毒,4.4491954,15.811808
C(=NNc1nc(-c2nc(-c3cn[nH]n3)cs2)cs1)c1cccc2ccccc12,中毒,7.844483,22.913483
O=C1c2nc(-c3cn[nH]n3)sc2C(=NOC2(c3ccc(Br)cc3)CC2)C(c2ccc(Cl)cc2)N1c1cc(Cl)cn(C2CC(O)C(O)C2O)c1=O,中毒,67.53135,32.92288
NC1=Nc2cc(-c3cn[nH]n3)c(-c3cc(Cl)ccc3F)nc2C(c2ccc(Cl)cc2)N1[O],中毒,28.3201,18.863136
FC(F)(F)c1c(Br)c(Br)c(C(F)(F)F)c2cc(Oc3cc(-c4cn[nH]n4)cnc3Br)ccc12,中毒,8.269465,16.032654
Clc1ccc(-c2c(-c3cn[nH]n3)noc2CN2CCOCC2=Nc2ccc(Oc3ccccc3)cc2)cc1,中毒,15.832776,22.343735
Fc1cnc(F)c(-c2cc(CC(C#Cc3cn[nH]n3)(C(F)(F)F)C(F)(F)F)cn3cncc23)c1,中毒,33.42824,82.316345
O=C1c2cc(-c3cn[nH]n3)c(SCc3cc(Cl)ccc3Cl)nc2C(c2ccc(Cl)cc2)N1c1cc(Cl)cn(C2CC(O)(CO)C2)c1=O,中毒,13.216523,14.418226
Clc1cc(-c2ncnc3cc(-c4ccnc5[nH]ccc45)c(Nc4cn[nH]n4)cc23)ccn1,中毒,8.292436,69.087006
O=c1[nH]c(=O)n(CC2CCN(Cc3ccccc3-c3ccc(-c4cn[nH]n4)cc3)CC2)cc1F,高毒,26.96651,39.105766
ClC1COCCC1Nc1cc(-c2cc(-c3cn[nH]n3)nc3c2CN(Cc2cn[nH]c2)CC3)ccn1,中毒,7.787329,49.337498
O=C1C(c2cn[nH]n2)=Nn2c3c(c(C4CC4)c21)CN(C1=CC=C(OC(CCCN2CCCCC2)c2ccc(CO)o2)CC1)CC3,中毒,77.72311,9.114193
O=c1c(-c2cn[nH]n2)cnc2sc(-c3cnc4cc5n(c4c3)CC(O)c3ccccc3-5)cc(Cl)c1-2,中毒,18.876085,12.110745
O=c1c(N2Cc3cc(-c4cn[nH]n4)n(-c4ccc(Cl)cc4F)c3C2c2ccc(Cl)cc2)cc(Cl)cn1C1CC(O)(CO)C1O,中毒,15.763229,11.513729
NS(=O)(=O)C1CCCN(C2CC=C(c3nc4c(-c5cn[nH]n5)cc(C(F)(F)F)nc4[nH]3)C(c3cc(F)c(F)cc3F)C2)CC1,中毒,5.399888,36.510887
OCC12C3=CC(c4cn[nH]n4)=CC3=C3CC(CC(F)(F)CCc4cc3[nH]c41)C2O,中毒,32.17651,18.820578
O=c1[nH]cc2c(c1Br)-c1nc(-c3cn[nH]n3)c3nc(-c4cccnc4)nc(N4CC4)c3c1C(c1ccc(Cl)cc1)S2(=O)=O,中毒,41.255306,16.967695
O=C1c2nn(-c3cn[nH]n3)c(-c3ccc(C(F)(F)F)cc3)c2C(c2ccc(Cl)cc2)N1c1cc(Cl)cn(C2CC(O)(CO)C2)c1=O,中毒,8.399355,33.968105
O=C1c2cc(-c3cn[nH]n3)n(-c3c(Cl)cc(F)cc3Cl)c2C(c2ccc(Cl)cc2)N1c1cc(Cl)cn(C2CC(O)(CO)C2)c1=O,中毒,18.205946,11.513729
S=c1c2c(-c3cn[nH]n3)cc(n1CC13CCN(CC4CC4)C(C1)C3)CC1CCC23CC1C3,中毒,7.5102367,139.76813
O=C1c2cc(-c3cn[nH]n3)nc(Nc3cc(OC(F)(F)F)cc(C(F)(F)F)c3)c2C(c2ccc(Cl)cc2Cl)N1c1cc(Cl)cn(C2CCOC2)c1=O,中毒,7.909325,13.503714
O=c1c2ccc(OCC3=NCCO3)cc2[nH]c2ncc(-c3cn[nH]n3)cc12,中毒,28.396034,125.81941
CC1(O)CC(n2cc(Cl)cc(N3C(=O)c4cc(-c5cn[nH]n5)n(-c5ccc(F)cc5)c4C3c3ccc(Cl)cc3)c2=O)C1,中毒,31.338547,11.513729
O=C1c2cc(-c3cn[nH]n3)n(-c3ccc(F)cc3)c2C(c2ccccc2)N1c1cc(Cl)cn(C2CC(O)C(O)C2)c1=O,中毒,14.882899,11.513729
OC(CNF)COc1cc2ncnc(Oc3ccc(Br)cc3F)c2cc1-c1cn[nH]n1,中毒,6.685507,68.25243
O=C1c2nc(-c3cn[nH]n3)n(-c3cc(Cl)cc(Cl)c3F)c2C(c2ccc(Cl)cc2)N1c1cc(Cl)cn(C2CC(O)(CO)C2)c1=O,中毒,24.818281,34.717995
O=C1c2nc(-c3cn[nH]n3)c(C3CC3)c(-c3cc(Cl)sc3Cl)c2C(c2ccc(Cl)cc2)N1c1cc(Cl)cn(C2CC(O)(CO)C2)c1=O,中毒,36.83937,12.110745
O=c1c(N2Cc3cc(-c4cn[nH]n4)cc(-c4c(Cl)cncc4Cl)c3C2c2ccc(Cl)cc2)cc(Cl)cn1C1CC(O)(CO)C1,中毒,9.036046,9.912456
O=S(=O)(c1c(Cl)cccc1Cl)N1CCN(c2nc(N3CCCC3)cc(-c3cn[nH]n3)c2I)CC1,高毒,15.208286,16.008951
O=C1c2cc(-c3cn[nH]n3)c(-c3ccc(F)cc3Cl)n2C(c2ccc(Cl)cc2)N1c1cc(Cl)cn(C2CC(O)(Br)C2)c1=O,中毒,23.820852,13.503714
O=c1c(N2Cc3cc(-c4cn[nH]n4)n(-c4cccc(F)c4F)c3C2c2ccc(Cl)cc2)cc(Cl)cn1C1CC(O)(CO)C1,中毒,15.763229,11.513729
C1=C(Sc2cn[nH]n2)CCCC1,高毒,618.8688,22.906483
O=c1c(N2Cc3cc(-c4cn[nH]n4)cc(-c4c(Cl)cccc4Cl)c3CC2(c2cc(Cl)cc(Cl)c2)C(F)(F)F)cc(Cl)cn1C1CC(O)(CO)C1,中毒,12.691087,17.944153
O=C1c2cc(-c3cn[nH]n3)n(-c3ccc(Cl)cc3)c2C(c2ccc(Cl)cc2)N1c1cc(Cl)cn(C2CC(O)(O)C2)c1=O,中毒,14.882899,11.513729
O=c1c(N2C(=S)c3cc(-c4cn[nH]n4)n(-c4ccc(Cl)cc4Cl)c3C2c2ccc(Cl)cc2)cc(Cl)cn1C1CC(O)C(O)C1,中毒,24.385923,38.727142
O=C1OCCc2cc3cnc2-c2cc(-c4cn[nH]n4)cc(-c4c(Cl)cccc4Cl)c2C(c2ccc(Cl)cc2)N13,中毒,28.457497,30.554102
O=c1c(N2C=Cc3cc(-c4cn[nH]n4)cc(-c4c(Cl)cccc4Cl)c3C2c2ccc(Cl)cc2F)cc(Cl)cn1C1CC(O)(CO)C1,中毒,5.093859,8.519041
FC(F)(F)c1nc2cc(N3CCNc4nc(-c5cn[nH]n5)ccc43)cc(Br)c2n1C1CC1,中毒,35.194492,47.166157
OC1CNC(Cl)C(Nc2ncnc3c4c(cc(-c5cn[nH]n5)c23)CCN(c2cc(F)cc(F)c2Cl)C4)C1,中毒,9.905279,21.5994
O=c1[nH]c(-c2cn[nH]n2)nc2sc3c(c12)CN(C1CC2CCC(C1)N2)c1ccc(Oc2ccc4nonc4c2)cc1-3,中毒,24.536518,46.238262
O=c1c(N2Cc3cc(-c4cn[nH]n4)cc(-c4c(Cl)cncc4Cl)c3P2(=O)N2CC2)cc(Cl)cn1C1CC(O)(CO)C1,中毒,28.629448,10.631471
O=C(Nc1cc(C2c3c(cc(-c4cn[nH]n4)n3-c3ccc(Cl)cc3Cl)C(=O)N2c2cc(Cl)cn(C3CC(O)(CO)C3)c2=O)cs1)C1CC1,中毒,18.205946,12.110745
NC1=Nc2sc3nc(-c4ccc(-c5cn[nH]n5)cc4)n(-c4ccc(Cl)cc4)c(=O)c3c2C12CCOC2,中毒,26.276,17.462166
Fc1ccc(Nc2ncnc3cc(-c4cn[nH]n4)ccc23)cc1Cl,中毒,7.9499207,53.819008
O=C1c2cc(-c3cn[nH]n3)n(-c3ccc(F)cc3F)c2C(c2ccc(Cl)cc2)N1c1cc(Cl)cn(C2CC(F)(F)C2)c1=O,中毒,17.475342,14.026334
O=c1c(N2C(O)c3cc(-c4cn[nH]n4)n(-c4ccc(Cl)cn4)c3C2c2ccc(Cl)cc2)cc(Cl)cn1C1CC(O)(CO)C1,中毒,26.991571,12.110745
O=C1c2cc(-c3cn[nH]n3)nc(-c3c(F)cccc3Cl)c2C(c2ccc(Cl)cc2)N1c1cc(Cl)cn(C2CC(O)(CO)C2)c1=O,中毒,7.4282966,12.110745
O=S(=O)(c1ccc(Br)s1)C1(c2cc(-c3cn[nH]n3)c[nH]2)CCN(Cc2n[nH]c3cc(F)c(F)cc23)C(Cc2ccccc2)C(O)C1,中毒,21.926699,21.327347
O=C1c2cc(-c3cn[nH]n3)n(-c3ccc(F)cc3F)c2C(c2ccc(Cl)cc2)N1c1cc(Cl)cn(C2CCC(F)(F)C2)c1=O,中毒,17.475342,14.026334
O=C1c2cc(-c3cn[nH]n3)n(-c3ccc(F)cc3F)c2C(c2ccc(Cl)s2)N1c1cc(Cl)cn(C2CC(O)C(O)C2)c1=O,中毒,13.346145,11.513729
Fc1cc(-c2cn[nH]c2)n2cc(-c3cn[nH]n3)c(C(c3ccsc3)C(F)(F)F)c2c1,中毒,34.246674,27.561098
c1cnn2ncc(-c3nc(-c4ccsc4)cc4oc(-c5cn[nH]n5)cc34)c2c1,中毒,21.449348,40.90642
Nc1ncc(Cl)c2c1-c1cc(-c3cn[nH]n3)cc(-c3sccc3Cl)c1CS2,中毒,9.0625515,16.887266
O=C1C2=CC=C(Cl)C=Cc3cncncc4cc(-c5cn[nH]n5)c3cc4C2N1c1cc(Cl)cn(C2CC(O)(CO)C2)c1=O,中毒,8.459931,16.230408
O=C1c2cc(-c3cn[nH]n3)n(-c3ccc(F)cc3F)c2C(c2cccc(Cl)c2F)N1c1cc(Cl)cn(C2CC(O)C(O)C2)c1=O,中毒,12.488247,11.513729
c1ccc(CN2CCC(Oc3ccc(C4=C(c5ccccc5)NCc5cc(-c6cn[nH]n6)ccc54)cc3)CC2)cc1,中毒,60.66757,52.349407
Clc1ccc(C2c3c(cc(-c4cn[nH]n4)n3-c3ccc(Cl)cc3)CN2c2cc(Cl)cc(Cl)c2)cc1,中毒,28.622856,23.107658
FC1=CC2=NC=NC(Nc3ccc4[nH]ncc4c3)=C1C(c1cccc(Br)c1)c1sc(-c3cn[nH]n3)nc12,中毒,39.104393,13.618433
N=c1c(N2C(=O)c3cc(-c4cn[nH]n4)n(-c4ccc(Cl)cc4F)c3C2c2ccc(Cl)cc2)cc(Cl)cn1C1CC(O)(CO)C1,中毒,12.488247,13.466203
Fc1ccc(C2(c3cn[nH]n3)N=C(c3ccc(Br)cc3)O2)c(F)c1,中毒,39.702137,60.179707
O=C1C=CC2C(=C1)COC1C3CCOCCC3OCCCN(c3nc(C4CCOC4)nc(-c4cn[nH]n4)c3-c3ccsc3)C21,中毒,32.9426,31.01597
O=C1c2cc(-c3cn[nH]n3)n(-c3ccc(F)c(Cl)c3)c2C(c2ccc(Cl)cc2)N1c1cc(Cl)cn(C2CCC(O)(CO)C2)c1=O,中毒,14.882899,11.513729
[O-][n+]1ncc(-c2cn(C3OC(CO)C(O)C3O)c3nc(-c4cn[nH]n4)cn23)s1,中毒,38.70306,18.318035
O=c1c(-c2ccc(OC(F)(F)F)c(I)c2)c(-c2cn[nH]n2)sc2nc(O)cc(O)c12,中毒,125.41434,8.519041
Clc1ccccc1-c1ccnc(Oc2ncccc2N2N=C(c3cn[nH]n3)CC2c2ccco2)c1,中毒,20.673464,34.242687
Clc1nc(Nc2cc[nH]n2)c2ncc(-c3cn[nH]n3)cc2n1,中毒,45.48673,212.86453
O=c1cc(-c2sc3ncc(-c4cn[nH]n4)cc3c2-c2ccc(F)cc2)cnn1-c1cccc(OC(F)(F)F)c1,中毒,66.92744,17.408861
O=C1c2cc(-c3cn[nH]n3)n(-c3ccccc3Cl)c2C(c2ccc(Cl)cc2)N1c1cc(Cl)cn(C2CC(O)(CO)C2)c1=O,中毒,18.205946,11.513729
O=c1c(N2Cc3cc(-c4cn[nH]n4)nc(-c4cccnc4)c3C2)cc(Cl)cn1C1CC(O)(CO)C1,中毒,7.167422,30.722694
O=C1C2CCCc3cc(-c4cn[nH]n4)cc(CC4CCN(C5CCOCC5)CC4)c3C(c3ccc(Cl)cc3)N1c1cc(Cl)cn2c1=O,中毒,59.081234,15.303033
O=c1c(N2CCc3cc(-c4cn[nH]n4)cc(-c4c(Cl)cccc4Cl)c3C2c2ccc(Cl)cc2)cc(Cl)cn1C1CC(O)(CO)C1,中毒,19.016203,18.239529
CC12C(=O)NC(=O)N1c1ccc(-c3coc(C4CCC(Cc5cn[nH]n5)(c5ccc(Cl)cc5)CC4)n3)nc1N2C1CCCC1,中毒,27.376005,14.3937645
N#Cc1ccc(C2c3c(cc(-c4cn[nH]n4)n3-c3ccc(Cl)cc3F)CN2c2cc(Cl)cn(C3CC(O)(CO)C3)c2=O)cc1,中毒,15.763229,11.513729
Fc1ccc(Nc2cc(N3c4cc(-c5cn[nH]n5)n(-c5ccc(F)cc5)c4C3c3ccc(Cl)cc3)ccn2)cc1,中毒,15.17975,38.817986
O=C1c2cc(-c3cn[nH]n3)n(-c3c(Cl)ccc(F)c3F)c2C(c2ccc(Cl)cc2)N1c1cc(Cl)cn(C2CC(O)(CO)C2)c1=O,中毒,15.540574,11.513729
c1cc2n(n1)C(c1ccc3c(c1)OCO3)CC(c1cn[nH]n1)C2,高毒,19.192976,21.250317
O=C1c2cc(-c3cn[nH]n3)c(C(c3ccc(Cl)s3)N(F)c3ccc(Cl)cc3)cc2N1c1cc(Cl)cnc1F,中毒,19.619282,11.468353
Fc1cc2c(cc1F)-c1cc(-c3cn[nH]n3)n(-c3ccc(Cl)cc3Cl)c1C(c1ccc(Cl)cc1)N2,中毒,19.619282,14.25245
OCC1=CC=C2C3Cc4cc(-c5cn[nH]n5)n(-c5ccc(F)c(Cl)c5)c4C(c4ccc(Cl)cc4)N(c4ccc(Cl)c(Cl)c4)C2C(=C1)C3c1ccccc1,中毒,60.214355,17.379768
Fc1ccc2c(N3CC(Oc4cccc(-c5cn[nH]n5)c4)C3)nccc2c1,中毒,81.13132,104.42049
O=C1c2cc(-c3cn[nH]n3)n(C3CCCCC3)c2C(c2ccc(Cl)cc2)N1c1cc(Cl)cn(C2CC(O)(CO)C2)c1=O,中毒,19.24008,13.503714
O=c1c(N2Cc3cc(-c4cn[nH]n4)nc(-c4csc(-c5cncs5)c4)c3C2c2ccc(Cl)cc2F)cc(Cl)cn1C1CC(O)(CO)C1,中毒,10.328205,12.110745
OC1CCC(N2c3cc(Cl)ccc3-c3cc(-c4cn[nH]n4)n(-c4ccc(Cl)cc4F)c3C2c2ccc(Cl)nc2)CC1,中毒,31.276175,17.76804
O=c1c2c(c(-c3ccnc(Oc4ccc(F)c(F)c4)c3)nn1CC1CCOC1)c(-c1cn[nH]n1)nc1c(-c3cccs3)noc12,中毒,47.940884,15.6953535
O=C1N2C3(Br)c4c(-c5c(Cl)cccc5Cl)cc(-c5cn[nH]n5)cc4C4C5C6NC(=O)C23C15C64,中毒,29.52702,16.057194
O=c1c2c(C3CCN(CCS(=O)(=O)c4cccnc4)CC3)ncnc2[nH]n1-c1cn[nH]n1,中毒,104.71596,70.67331
Nc1nc2c(N3C(=O)c4cc(-c5cn[nH]n5)n(-c5cc(Cl)cc(Cl)c5)c4C3c3ccc(Cl)cc3)cc(Cl)cn2n1,中毒,25.896519,16.275211
BrSc1cc(-c2cn[nH]n2)cs1,高毒,10.658486,13.214194
O=c1c(Cl)cc(N2Cc3cc(-c4cn[nH]n4)n(-c4ccc(F)cc4F)c3C2c2ccc(Cl)cc2)cc2ccsc12,中毒,21.947083,21.729755
c1nc(COc2c3cc(-c4cn[nH]n4)cc-3c3c(nc2-c2ccc4[nH]ncc4c2)CCSC3)cs1,中毒,28.644949,12.110745
O=C1c2cc(-c3cn[nH]n3)n(-c3ccc(F)cc3F)c2C(c2ccc(Br)cc2)N1c1cc(Cl)cn(C2CC(O)(CO)C2)c1=O,中毒,12.488247,11.513729
OC1(Cc2ccc(Cl)c(F)c2)CCN(C2Cc3cc(CN4Cc5c(-c6ccsc6)cc(-c6cn[nH]n6)cc5C(C(F)(F)F)C4)nn3C2)CC1,中毒,10.759933,16.417507
FC(F)(F)c1cc(-c2cn[nH]c2)nc2[nH]c3c(-c4c(Cl)cccc4Cl)cc(-c4cn[nH]n4)cc3c12,中毒,5.922226,32.802635
O=C(O)c1cn(C2CC2)c2c(-c3cn[nH]n3)c(OC3NC(C(=O)NCCc4cc(Cl)c(O)c(I)c4)(C(F)(F)F)C4CCC34)c(F)cc2c1=O,中毒,19.01005,14.2372675
O=C1c2cc(-c3cn[nH]n3)sc2C(c2cccc(Cl)c2Cl)N1c1cc(Cl)cn(C2CC(O)(CO)C2)c1=O,中毒,7.8750753,8.960914
Fc1cccc(F)c1C1CN(Cc2ccco2)n2c(-c3nc(-c4cn[nH]n4)cs3)nnc21,中毒,9.969224,14.710186
Fc1cc(CN2c3[nH]nc(-c4ccsc4)c3CC2c2cn[nH]n2)cnc1N1CCn2nccc2C1,中毒,33.86092,20.805506
O=c1c2ccccc2c(-c2nc3c(s2)CN(c2cnn(C4CCNCC4)c2)CC3)cn1-c1cn[nH]n1,中毒,5.2582645,64.026886
O=C1c2cc(-c3cn[nH]n3)n(-c3ccc4c(c3)OCO4)c2C(c2ccc(Cl)cc2)N1c1cc(Cl)cn(C2CC(O)(CO)C2)c1=O,中毒,38.99518,11.513729
Fc1cc(Cl)ccc1-n1c(-c2cn[nH]n2)cc2c1C(c1ccc(Cl)cc1)N(c1cc(Cl)c[nH]1)C2c1ccc(Cl)cc1C(F)(F)F,中毒,21.327534,16.95431
O=c1c(N2C(O)c3nc(-c4cn[nH]n4)nc(Nc4ccc(Cl)c(Cl)c4)c3C2c2ccc(Cl)cc2)cc(Cl)cn1C1CC(O)(CO)C1,中毒,6.4269233,34.717995
O=C1c2cc(-c3cn[nH]n3)n(-c3ccc(Cl)cc3Cl)c2C(c2ccc(Cl)cc2)N1c1cc(Cl)cn(C2CC(O)(CO)C2O)c1=O,中毒,18.205946,11.513729
O=S(=O)(Nc1c(F)c(F)c(Br)c(F)c1F)C1=CC=C2N=C(c3ccc(Cl)cc3)c3c(ncc(-c4cn[nH]n4)c32)C(OCC(F)(F)F)=C1,中毒,69.68657,36.802895
CC1(c2cc(-c3cc(-c4cncc5sc(-c6cn[nH]n6)cc45)ccn3)ccn2)CNC(=O)N1,中毒,13.686941,15.51952
O=C1Cc2[nH]c(-c3cn[nH]n3)c(-c3ccc4c(c3)CCC4)c2C(c2ccncc2)N1c1cc(Cl)cn(C2CC(O)(CO)C2)c1=O,中毒,12.488247,13.466203
c1cc(-c2noc(-c3n[nH]c4c3CCN(c3cc5c(cc3-c3cn[nH]n3)CC53COC3)C4)n2)cs1,中毒,58.338703,11.209606
c1cncc(C2CC2c2nc(-c3cn[nH]n3)cc3c2CN(Cc2nc4c(s2)CCOC4)C3)c1,中毒,7.110432,12.7827835
Oc1cnccc1CN1CCc2nc(-c3cn[nH]n3)sc2C1,中毒,89.14693,74.578995
Fc1ccc(Oc2ccc(-c3cc(-c4cn[nH]n4)cc4c3CCN(c3c(Cl)cccc3Cl)C4)cc2)cc1,中毒,6.852346,44.129524
NC1=C2C(c3cnn(C4CCOCC4)c3)=NC(C3CCn4nc(-c5cn[nH]n5)cc4C3)=C2C(=O)N1C1CC1,中毒,7.494668,9.173887
O=C1c2cc(-c3cn[nH]n3)n(Cc3ccc(F)cc3F)c2C(c2ccc(Cl)cc2)N1c1cc(Cl)cn(C2CC(O)(CO)C2)c1=O,中毒,6.6767583,13.16881
O=C1c2cc(-c3cn[nH]n3)n(-c3ccc(Cl)cc3)c2C(c2ccc(F)cc2)N1c1cc(Cl)cn(C2CC(O)C(O)C2)c1=O,中毒,14.882899,11.513729
O=C1c2nc(-c3cn[nH]n3)[nH]c2C(c2ccc(Cl)cc2)N1c1cc(Cl)cn(C2CC(O)(CO)C2)c(=O)c1=O,中毒,23.056402,17.166372
O=C1c2cc(-c3cn[nH]n3)c(-c3ccc(F)cc3Cl)nc2C(c2ccc(Cl)cc2)N1c1cc(Cl)cn(C2CC(O)C(O)C2)c1=O,中毒,13.216523,12.087409
NN1C(c2ccc(Cl)cc2)c2cc(-c3cn[nH]n3)cc(-c3cc(Cl)ccc3OCc3cnc[nH]3)c2C1c1ccc(Cl)cc1,中毒,17.80508,24.634878
O=C1c2cc(-c3cn[nH]n3)[nH]c2C(c2ccc(Cl)cc2)N1c1cc(Cl)cn(C2CCC(O)(CO)C2)c1=O,中毒,7.4282966,11.513729
Cn1cc(Cl)cc(-n2c(=O)c(=O)c3cc4[nH]c3C(c3ccccc3)CC3=CC(c5cn[nH]n5)=CC3=c42)c1=O,中毒,16.646791,42.9646
FC(F)(F)Oc1ccc(-c2cc3ncc(-c4cn[nH]n4)cc3s2)cc1,中毒,11.924456,37.54856
O=C1c2nc(-c3cn[nH]n3)n(-c3ccc(F)cc3)c2C(c2ccc(Cl)cc2)N1c1cc(Cl)ccc1I,中毒,19.891342,46.92846
O=c1ccc(Oc2cc(Cl)ccc2-c2cc3c(cc2F)-c2nc(-c4cn[nH]n4)cnc2C3)co1,中毒,86.52577,21.322979
Oc1cccc(CN2CCc3c(cc(-c4cn[nH]n4)cc3-c3c(Cl)cncc3Cl)C2)c1,中毒,22.277437,100.7972
O=C1c2cc(-c3cn[nH]n3)n(-c3ccc(F)cc3F)c2C(c2ccc(Cl)cc2)N1c1cc(Cl)cn(C2CC(O)(Cl)C2)c1=O,中毒,25.244574,11.513729
Fc1cc(-c2cc(-c3cn[nH]n3)cc3c2C(c2ccc(Cl)cc2)=NN(c2cccc(Cl)c2F)C3)c(F)cc1Br,中毒,12.976177,42.095737
O=c1c(N2C(=NOCc3ccccn3)c3cc(-c4cn[nH]n4)n(-c4c(Cl)cccc4Cl)c3C2c2ccc(Cl)cc2)cc(Cl)cn1C1CC(O)(CO)C1,中毒,51.50488,13.466203
Fc1cc(Cl)ccc1-n1c(-c2cn[nH]n2)cc2c1-c1nc(Cl)c(c(Cl)c1Cl)-c1cc(Cl)ccc1-2,低毒,8.60835,21.492813
Clc1cc(NC2CCNCC2N2CCC3(CC2)OOC2(O3)C3CC4CC(C3)CC2C4)cc(-c2cn[nH]n2)c1,中毒,15.148724,38.07122
C(=Cc1n[nH]c2cc(-c3cn[nH]n3)ccc12)c1ccc2c(c1)OCO2,中毒,3.9553661,98.73206
O=C1c2cc(-c3cn[nH]n3)n(-c3ccc(Cl)cc3)c2C(c2ccccc2)N1c1cc(Cl)cn(C2CC(O)(CO)C2)c1=O,中毒,14.882899,11.513729
O=C1OCOc2cc3ccc2-c2cc(-c4cn[nH]n4)cc(-c4c(Cl)cccc4Cl)c2C([N+](=O)[O-])C3N1c1cc(Cl)n[nH]1,中毒,5.6190677,20.40741
Clc1ccc(C2c3c(cc(-c4cn[nH]n4)n3-c3ccc(Cl)cc3Cl)C(c3ccc(Cl)cn3)N2c2cc(Cl)on2)cc1,中毒,57.01388,15.046138
Brc1ccc(-c2c(Oc3ccc4c(Br)c(Br)ccc4c3)cc3[nH]nc(-c4cn[nH]n4)c3c2-c2ccc(Br)cc2)cc1,中毒,5.3656354,12.022493
O=C1c2cc(-c3cn[nH]n3)n(-c3ccc(Cl)cc3)c2C(c2ccc(Cl)cc2)N1c1cc(F)c(=O)n(C2CC(O)(CO)C2)c1F,中毒,18.205946,13.447941
O=C1c2cc(-c3cn[nH]n3)n(-c3ccc(Cl)cc3F)c2C(c2ccc(Cl)cc2)N1Oc1cc(Cl)cn(C2CC(O)(CO)C2)c1=O,中毒,16.123549,12.110745
O=c1c2cc(N3CC(COc4ccc5c(c4)OCCO5)C(Oc4ncon4)C3)ncc2c2cc(F)ccc2n1-c1cn[nH]n1,中毒,32.74911,30.63774
O=C1c2cc(-c3cn[nH]n3)n(-c3ccc(Cl)nc3)c2C(c2ccc3c(c2)OCO3)N1c1cc(Cl)cn(C2CC(O)(CO)C2)c1=O,中毒,14.882899,13.466203
O=C1C2=CC(c3cn[nH]n3)=CC2=C(P(=O)(O)O)N1c1ccc(Cc2cccc(Cl)c2)nn1,中毒,48.441532,35.48001
N#CC1=CC=C2C3OCC(=C1)C2N(Cc1cc(Cl)ccc1Cl)c1cc(-c2c(Cl)cccc2Cl)c(-c2cn[nH]n2)cc13,中毒,38.301895,27.547485
O=C1C2=C(c3ccccc31)N(c1cc(Cl)cn(C3CC(O)(CO)C3)c1=O)C(c1ccc(Cl)cc1)c1c2cc(-c2cn[nH]n2)n1-c1ccc(F)cc1F,中毒,32.17651,13.503714
NC1(CO)CC(n2cc(Cl)cc(N3C(=O)c4cc(-c5cn[nH]n5)n(-c5ccc(Br)cc5F)c4C3c3ccc(Cl)cc3)c2=O)C1,中毒,29.54402,11.513729
C1=C(Nc2cc(-c3c(N4C5CCC4COC5)[nH]c(-c4ccccn4)c3-c3cn[nH]n3)ccn2)C=C2SC(C3CCN(Cc4ncccn4)CC3)=C12,中毒,4.8347344,46.284676
O=c1[nH]c(=O)c(-c2nc3c(-c4ccsc4)c4nc(-c5cc(Cl)ccc5Cl)c(-c5cn[nH]n5)cc4c4cc(F)ccc4c-3n2)cs1,中毒,8.531887,19.302166
Fc1cc(C2c3cc(-c4cn[nH]n4)n(-c4ccc(Cl)cc4)c3C(c3ccc(Cl)cc3)N2c2ccc(Cl)cc2)ccc1N1CCC2(C=CCC2)C1,中毒,21.327534,21.855152
O=C1c2cc(-c3cn[nH]n3)n(-c3ccc4c(c3)OCCO4)c2C(c2ccc(Cl)cc2)N1c1cc(Cl)cn(C2CC(O)(CO)C2)c1=O,中毒,38.99518,11.513729
c1ccc(C(Nc2ccsc2)c2nc(-c3cn[nH]n3)nc3c2CN(c2ccsc2)C3)nc1,中毒,12.651971,39.430573
O=C1CC(n2cc(Cl)cc(N3C(=O)c4cc(-c5cn[nH]n5)n(-c5cc(F)c(Cl)cc5F)c4C3c3ccc(Cl)cc3)c2=O)C(=O)O1,中毒,17.272402,13.466203
Fc1ccc(C2(c3cn[nH]n3)CC3CN(C4CC4)N=CC4(CN(C5CC5)C4)C3=N2)cc1,中毒,13.256632,43.33721
c1cc(CN2C3CCC2CC(=C(c2ccc(OC4CCCc5nc(-c6cn[nH]n6)cnc54)cc2)c2ncc[nH]2)C3)ccn1,中毒,42.66998,32.793297
O=C1c2cc(-c3cn[nH]n3)n(-c3ccc(Cl)cc3F)c2C(c2ccc(Cl)cc2)N1C1=CCN2CC2CC1,中毒,14.706265,21.729755
O=c1c(N2Cc3nc(-c4cn[nH]n4)nc(N4Cc5ccncc5C4)c3C2c2ccc(Cl)cc2)cc(Cl)cn1C1CC(O)(CO)C1,中毒,12.773805,35.223312
O=C1c2cc(-c3cn[nH]n3)n(-c3ccc(Oc4cc(Cl)cc(Cl)c4)cc3)c2C(c2ccc(Cl)cc2)N1c1cc(Cl)cn(C2CC(O)(CO)C2)c1=O,中毒,38.99518,11.513729
O=C1c2cc(-c3cn[nH]n3)nn2CC(c2ccc(F)cc2)N1c1cc(Cl)cn(C2CC(O)(CO)C2)c1=O,中毒,23.909687,13.466203
Fc1c(-c2cccnc2)ccc2c1oc1cc(-c3cn[nH]n3)c(Cl)cc1sc1ccc(Cl)cc12,中毒,75.166466,27.221151
O=C1OCC2=C1c1c(cc(-c3cn[nH]n3)n1-c1cc(F)c(F)cc1F)C(=O)N(c1cc(Cl)cn(C3CC(O)(CO)C3)c1=O)C2c1ccc(Cl)cc1,中毒,38.99518,13.503714
O=C1C2=CC(c3cn[nH]n3)=NC2=C(Oc2ccc(C(F)(F)F)cn2)C(c2ccc(Cl)cc2)N1c1cc(Cl)cn(C2CC(O)(CO)C2)c1=O,中毒,11.447307,16.230408
O=C1c2nc(-c3cn[nH]n3)n(-c3ccc(Cl)cc3F)c2C(c2ccc(Cl)cc2)N1c1cc(CO)n(C2CC(O)(CO)C2)c1,中毒,32.17651,35.9111
O=C(Nc1ccc(-c2nc(-c3ccco3)nc3scc(-c4cn[nH]n4)c23)c(F)c1)Nc1ncnc2ccc(Cl)nc12,中毒,18.489557,14.3937645
Fc1cc(Cl)ccc1-n1c(-c2cn[nH]n2)cc2c1C(c1ccc(Cl)cc1)N2,中毒,17.66621,38.966076
O=C1c2cc(-c3cn[nH]n3)oc2C(c2ccc(Cl)cc2F)N1c1cc(Cl)cn(C2CC(O)(CO)C2)c1=O,中毒,13.3429985,9.043079
O=C1c2cc(F)cc(F)cc3cc(-c4cn[nH]n4)n2c3C(c2ccc(Cl)cc2)N2C(=O)C2=CC(Cl)=CN1C1CC(O)(CO)C1,中毒,22.80562,12.652781
O=C1c2cc(-c3cn[nH]n3)n(-c3ccc(Cl)cc3)c2C(c2ccc(Cl)cc2)N1Oc1cc(Cl)cn(C2CC(O)(CO)C2)c1=O,中毒,16.123549,12.110745
O=C1c2cc(-c3cn[nH]n3)n(-c3ccc(Cl)cc3Cl)c2N1c1cc(Cl)cn(C2CC(O)(CO)C2)c1=O,中毒,31.936749,15.303033
Oc1c2c(-c3ccc(Cl)cc3)c(-c3ccc(Cl)cc3)c3[nH]c(-c4cn[nH]n4)cc3[n+]3ncnc-3c-2c2ncc(F)cc12,中毒,54.277576,17.0183
BrC1=NCC2C(=N1)Sc1cn(-c3cn[nH]n3)c3cccc2c13,中毒,23.64495,72.26384
O=C1c2cc(-c3cn[nH]n3)c(-c3ccc(Oc4ccccn4)cn3)nc2C(c2ccc(Cl)cc2)N1c1cc(Cl)cn(C2CC(O)(CO)C2)c1=O,中毒,14.775009,12.110745
O=C1c2cc(-c3cn[nH]n3)n(-c3ccc(Cl)cc3F)c2C(c2ccc(Cl)cc2)N1c1cc(Cl)cn(Cc2ccc(Cl)cc2)c1=O,中毒,17.272402,14.026334
O=C(O)c1cn(C2CC2)c2cc(-n3c(-c4cn[nH]n4)nc4c3C4)c(F)cc2c1=O,低毒,8.724741,19.819424
Clc1ccc(CN2CCC(n3cc(C4=C5C(=CC(c6cn[nH]n6)=C5c5nc6ccccc6s5)CC45CCN(CC4CC4)CC5)nn3)CC2)cc1,中毒,26.276,21.261255
O=C1NC(=O)C(=Cc2c(F)c(F)cc3c(=O)n4c(cc23)-c2cc(-c3cn[nH]n3)cc(-c3c(Cl)cccc3Cl)c2C4)N1,中毒,14.208195,11.821997
Fc1ccc(-c2nc(-n3cnc4ccccc43)c(N3CCCC3c3ccnc(-c4cncc(Cl)c4)n3)cc2-c2cn[nH]n2)cc1,中毒,28.629456,15.233629
O=C1c2cc(-c3cn[nH]n3)c(=O)n(-c3cc(Cl)cc(Cl)c3)c2C(c2ccc(Cl)cc2)N1c1cc(Cl)cn(C2CC(O)(CO)C2)c1=O,中毒,51.50488,12.110745
O=C1c2cc(-c3cn[nH]n3)n(-c3cccc(Br)c3F)c2C(c2ccc(Cl)cc2)N1c1cc(Cl)cn(C2CC(O)(CO)C2)c1=O,中毒,12.488247,11.513729
Clc1ccc(C2c3c(cc(-c4cn[nH]n4)cc3-c3c(Cl)cccc3Cl)CN2c2ccc3c(c2)OCO3)cc1,中毒,19.92179,21.843962
Fc1cc2c(cc1-c1ccsc1)C(c1ccc(Cl)cc1)c1c(-c3ccc(Cl)cc3)cc(-c3cn[nH]n3)cc1-2,中毒,15.266322,16.100672
O=C1c2cc(-c3cn[nH]n3)c(-c3ncc(Cl)cc3Br)n2C(c2ccc(Cl)cc2)N1c1cc(Cl)cn(C2CC(O)(CO)C2)c1=O,中毒,17.857702,13.503714
Fc1c(-c2cn[nH]n2)cc2c(c1-c1c(Cl)cccc1Cl)CCC(c1cccnc1Cl)C2,中毒,13.143579,48.297146
Fc1cc(Oc2c(-c3cn[nH]n3)cc3c(c2-c2ccc(OC#CCOC(F)F)c(Cl)c2)C3)c(F)cc1Cl,中毒,8.587661,21.1156
O=C1c2cc(-c3cn[nH]n3)n(-c3ccc(Cl)cc3)c2C(c2ccncc2)N1c1cc(Cl)cn(C2CC(O)(CO)C2)c1=O,中毒,14.882899,11.513729
O=C1c2cc(-c3cn[nH]n3)cc(-c3c(Cl)cccc3Cl)c2CC(c2ccc(Cl)s2)N1c1cc(Cl)cn(C2CC(O)(CO)C2)c1=O,中毒,26.192316,19.79431
O=C1c2cc(-c3cn[nH]n3)n(-c3ccc(Br)cc3F)c2C(c2ccc(Cl)cc2)N1c1cc(Cl)cn(C2CC(O)(CO)C2=O)c1=O,中毒,32.17651,11.513729
O=S(=O)(Nc1ncn[nH]1)c1cnc2[nH]cc(-c3cc4ncnc(Nc5ccc(Cl)c(Cl)c5)c4cc3-c3cn[nH]n3)c2n1,中毒,5.6267343,18.96505
OC1C(OCc2nc(-c3cn[nH]n3)no2)C1c1ccccc1F,微毒,20.330677,132.86183
Clc1ccc(-c2ccc3c(N4CCNCC4)nc(Nc4cccnc4)c(-c4cn[nH]n4)c3c2)nc1,中毒,3.3947766,24.753103
O=C1C2=CC(c3cn[nH]n3)=CC2=C2CS(=O)(=O)CCc3ccc2cc3N1C1CC(O)(CO)C1,中毒,25.031677,16.846704
O=C1c2nc(-c3cn[nH]n3)nc(Nc3ccc(C(F)(F)F)cc3)c2C(c2ccc(Cl)cc2)N1c1cc(Cl)cn(C2CC(O)(CO)C2)c1=O,中毒,16.880064,13.466203
O=C1c2c(cc(C(F)(F)F)c(=O)n2-c2cn[nH]n2)C(c2ccc(Cl)cc2)N1c1cc(Cl)cn(C2CCC(O)(CO)C2)c1=O,中毒,27.185892,12.110745
Clc1cccc(Cl)c1-c1cc(-c2cn[nH]n2)cc2c1nc(N1CCOCC1)c1cscc12,中毒,3.2775097,98.86017
Cl[n+]1ccc(Nc2ccc3c(-c4cn[nH]n4)nsc3c2)cc1,中毒,20.805199,56.69348
OCC1(O)CC(n2ccc(N3Cc4cc(-c5cn[nH]n5)n(-c5ccc(Cl)cc5F)c4C3c3ccc(Cl)cc3)n2)C1,中毒,20.18954,21.28903
O=C1c2nc(-c3cn[nH]n3)cc(-c3ccncc3)c2C(c2ccc(Cl)cc2)N1c1cc(Cl)cn(C2CC(O)(CO)C2)c1=O,中毒,37.24519,12.110745
O=C1c2cc(-c3cn[nH]n3)n(-c3ccc(Cl)cc3)c2C(c2ccc(Cl)cc2)N1c1cc(Cl)cn(CC2CCC(O)(CO)C2)c1=O,中毒,14.882899,11.513729
OC1C(c2ccc(N3CCC(Oc4cc(-c5cn[nH]n5)cnc4Cl)C3)cc2)COC12CC2,中毒,37.433468,88.29245
O=C1c2cc(-c3cn[nH]n3)n(-c3ccc(Cl)cc3)c2C(c2cc(Cl)cc(Cl)c2)N1c1cc(Cl)cn(C2CC(O)C(O)C2)c1=O,中毒,14.882899,11.513729
O=C1c2cc(-c3cn[nH]n3)n(-c3ccc(F)c(Cl)c3)c2C(c2ccc(Cl)cc2)N1c1cc(Cl)c(=O)n(C2CC(O)(CO)C2)c1,中毒,14.882899,13.213944
c1cc(N2CCC(N3CC4CN(c5nc(-c6cn[nH]n6)co5)CC43)CC2)ccn1,中毒,29.588982,26.403435
O=C(O)c1cn(-c2ccc(F)c(Cl)c2)c2cc(-c3cn[nH]n3)c(F)cc2c1=O,中毒,22.577723,17.438675
O=S1(=O)CCC(c2[nH]c3cc(-c4cn[nH]n4)cc(-c4cn5nc(-c6ccccc6)cc5s4)c3c2-c2ccc(F)cc2F)CC1,低毒,87.1034,15.967391
O=C1c2cc(-c3cn[nH]n3)n(-c3ccc(Cl)c(Cl)c3)c2C(c2ccc(C(F)(F)F)cc2)N1c1cc(Cl)cn(C2CC(O)(CO)C2)c1=O,中毒,14.882899,11.513729
c1ccc2nc(CN3CC4CCC(c5nc(-c6cn[nH]n6)no5)C4C3)cnc2c1,中毒,25.402529,44.183086
O=C1c2cc(-c3cn[nH]n3)n(-c3c(F)cccc3F)c2C(c2ccc(Cl)cc2)N1c1cc(Cl)cn(C2CC(O)C(O)C2)c1=O,中毒,12.488247,11.513729
O=C1c2cc(-c3cn[nH]n3)nc(NCCCCN=C=S)c2C(c2ccc(Cl)cc2F)N1c1cc(Cl)cn(C2CC(O)(CO)C2)c1=O,中毒,6.0494337,19.97039
c1cc(-c2ccc3ncsc3c2)cc(-c2cc3cc(-c4cn[nH]n4)cn3c(-c3cn[nH]c3)n2)c1,中毒,143.19777,69.85132
O=C1c2cc(-c3cn[nH]n3)n(-c3cc(F)cc(Cl)c3)c2C(c2ccc(-c3cncnc3)cc2)N1c1cc(Cl)cn(C2CC(O)(CO)C2)c1=O,中毒,14.882899,11.513729
O=C1c2nc(-c3cn[nH]n3)nc(-c3cnc4cnccc4c3)c2C(c2ccc(Cl)cc2)N1c1cc(Cl)cn(C2CC(O)(CO)C2)c1=O,中毒,18.990976,13.466203
O=C1c2cc(-c3cn[nH]n3)nc(Nc3cc(C4CC4)[nH]n3)c2C(c2ccc(Cl)cc2F)N1c1cc(Cl)cn(C2CC(O)(CO)C2)c1=O,中毒,6.0494337,13.503714
O=C1c2cc(-c3cn[nH]n3)n(-c3ccc(Cl)cc3Cl)c2C(c2ccc(Cl)cc2)NC(c2ccc(Cl)cc2)N1c1cc(Cl)cn(C2CC(O)(CO)C2)c1=O,中毒,15.540574,11.513729
Fc1cccc(F)c1-c1nc2c3nc=2c(-c2cn[nH]n2)nn13,中毒,14.811242,19.172379
O=C1c2ncc(-c3cn[nH]n3)c(-c3ccc(Cl)cc3Cl)c2C(c2ccc(Cl)cc2)N1c1cc(Cl)cn(C2CC(O)(CO)C2)c1=O,中毒,59.929935,12.110745
O=C1C(c2cn[nH]n2)=NNC2=CC1=C(c1c[nH]nc1-c1nc3cc(F)ccc3s1)C=C1NC(=O)C3(CC3)c3n[nH]c2c31,中毒,31.242146,16.18105
O=c1c2c(Cl)c(-c3ccc(Oc4ccc(F)cc4)cc3)c(-c3cnco3)cc2nc(CCN2C=NCC2CF)n1-c1cn[nH]n1,中毒,6.2294216,50.599518
O=C1c2cc(-c3cn[nH]n3)n(-c3ccc(Br)cc3F)c2C(c2ccc(Cl)cc2)N1c1cc(Cl)cn(C2CC(O)(C(O)CO)C2)c1=O,中毒,15.540574,11.513729
Clc1ccc(OC2=Nc3ccc(-c4cnc5[nH]ncc5c4)cc3-c3cc2cc(-c2cn[nH]n2)c3)nc1,低毒,15.77169,49.142906
O=C(O)c1cn(-c2ccc(F)cc2Cl)c2cc(N3CC(c4cn[nH]n4)C3)c(F)cc2c1=O,中毒,23.660961,15.700602
O=C1c2cc(-c3cn[nH]n3)n(-c3ccc(F)cc3)c2C(c2ccc(Cl)cc2)N1c1cc(Cl)cn(C2CC(O)(CCl)C2)c1=O,中毒,31.338547,11.513729
O=C1c2cc(-c3cn[nH]n3)nc(SCc3ccc(Br)cc3F)c2C(c2ccco2)N1c1cc(Cl)cn(C2CC(O)(CO)C2)c1=O,中毒,7.8529835,12.110745
O=C1c2cc(-c3cn[nH]n3)nc(-c3ccc(F)cc3Cl)c2C(c2ccc(Cl)cc2)N1c1cc(Cl)cn(C2CCC(O)(CO)C2)c1=O,中毒,7.4282966,12.110745
O=C1c2cc(-c3cn[nH]n3)n(-c3cc(Cl)c(Cl)c(Cl)c3)c2C(c2ccc(Cl)cc2)N1c1cc(Cl)cn(C2CC(O)(CO)C2)c1=O,中毒,14.882899,11.513729
O=C1c2cc(-c3cn[nH]n3)n(-c3ccc(Cl)cc3)c2C(c2ccc(Cl)cc2)N1c1cc(Cl)cn(C2CCC(O)(CO)C2)c1=O,中毒,14.882899,11.513729
O=C1c2cc(-c3cn[nH]n3)n(-c3ccc4c(c3)COC4)c2C(c2cccnc2)N1c1cc(Cl)cn(C2CC(O)(CO)C2)c1=O,中毒,14.882899,12.110745
Fc1c(F)c(F)c(-c2nc3c(c(Br)c2Br)-c2ccc(-c4cn[nH]n4)cc2C3)c(F)c1F,中毒,6.405937,40.66837
O=C(O)c1cn(C2CC2)c2cc(N3Cc4nc(-c5cn[nH]n5)nc(N5CCOCC5)c4C3c3ccc(Cl)cc3)c(F)cc2c1=O,中毒,12.00966,18.16599
Fc1cc(Nc2cc(-c3cn[nH]n3)ncn2)cc(F)c1F,中毒,43.575443,22.450996
CC12CCC(Br)(C(Br)I)C(C#N)(C1)C1(CC3CC(C3)C1)c1cc(-c3cn[nH]n3)n(-c3c(Cl)cccc3Cl)c12,中毒,24.206135,65.89166
OCCNc1cnc(C(F)(F)F)c(Oc2cc3ncnc(Nc4ccc(Cl)cc4F)c3cc2-c2cn[nH]n2)c1,中毒,25.879301,26.588243
O=C1c2cc(-c3cn[nH]n3)c(=O)n(-c3ccc(F)nc3)c2C(c2ccc(Cl)cc2)N1c1cc(Cl)cn(C2CC(O)(CO)C2)c1=O,中毒,51.50488,12.110745
Fc1cccc2c(-c3ccnc(Cl)c3)c(CSc3nc4cc(-c5cn[nH]n5)cnc4[nH]3)oc12,中毒,5.4906073,28.355228
O=C1c2cc(-c3cn[nH]n3)n(-c3cc(Cl)ccc3F)c2N1c1cc(Cl)cn(C2CC(O)(CO)C2)c1=O,中毒,23.669764,13.503714
Clc1cc2[nH]nc(C3C=C4C=C(c5cn[nH]n5)N=C4C(N4CCOCC4)=N3)c2cc1Br,中毒,36.24066,49.27513
c1coc(-c2nc3c4cccnc4nc-3c(-c3ccc(N4CCOCC4)cc3)n2-c2cn[nH]n2)c1,中毒,36.628925,23.166334
O=c1c(N2Cc3cc(-c4cn[nH]n4)cc(-c4c(Cl)cccc4Cl)c3C2)cc(Cl)cn2c(=O)c(O)c(Cl)cc12,中毒,37.132504,104.17691
O=C1c2cc(-c3cn[nH]n3)c3cc(-c4cnoc4)nn3c2C(c2ccc(Cl)cc2Cl)N1c1cc(Cl)cn(C2CC(O)(CO)C2)c1=O,中毒,36.83937,13.503714
O=C1c2nc(-c3cn[nH]n3)n(-c3ccc(Cl)cc3F)c2C(c2ccc3c(c2)OCO3)N1c1cc(Cl)cn(C2CC(O)(CO)C2)c1=O,中毒,24.818281,13.466203
O=C(c1cccc2ncccc12)N(CCC1CCCC1)c1nc(-c2cn[nH]n2)cs1,中毒,14.340955,139.9027
O=C(N=C1N=C2C(=O)N(c3cn[nH]n3)C=C2S1)C1CCCC1,中毒,73.1074,9.849148
O=c1c(N2C(Cl)c3cc(-c4cn[nH]n4)n(-c4ccc(F)cc4F)c3C2c2ccc(Cl)cc2)cc(Cl)cn1C1CC(O)(CO)C1,中毒,36.83937,24.562975
O=c1c(N2Cc3cc(-c4cn[nH]n4)n(-c4ccc(Cl)cc4)c3C2c2ccc(Cl)nc2)cc(Cl)cn1C1CC(O)C(O)C1,中毒,19.24008,11.513729
NC1CC(n2cc(N3Cc4cc(-c5cn[nH]n5)n(-c5ccc(F)cc5F)c4C3c3ccc(Cl)cc3)c(=O)c3[nH]c(=O)[nH]c(=O)c32)CC1O,中毒,31.276175,12.714086
Clc1ccc(Oc2nccnc3c(-c4ccnc(Oc5cccnc5)c4)c(-c4cn[nH]n4)nc2-3)cc1Cl,低毒,33.446064,18.238428
O=C1c2cc(-c3cn[nH]n3)n(-c3cccnc3)c2C(c2ccc(Cl)cc2)N1c1cc(Cl)cn(C2CC(O)(CO)C2)c1=O,中毒,14.882899,11.513729
O=C1c2nc(-c3cn[nH]n3)cc(-c3ccc(Oc4ccccc4)cc3)c2C(c2ccc(Cl)cc2)N1c1cc(Cl)cn(C2CC(O)C(O)C2)c1=O,中毒,37.24519,12.110745
O=C1Cc2cc(-c3cn[nH]n3)n(-c3ccc(F)cc3F)c2C(c2ccc(Cl)cc2)N1C1=C(O)c2ncncc2C(F)(F)C=C1,中毒,28.572248,23.371365
O=c1c(N2CCc3cc(-c4cn[nH]n4)cc(-c4ccncc4)c3C2c2ccc(Cl)cc2)cc(Cl)cn1C1CC(O)(CO)C1,中毒,19.016203,18.239529
O=C1N(c2cc(Cl)cn(C3CC(O)(CO)C3)c2=O)C(c2ccc(Cl)cc2)c2c(-c3ccnc(Nc4ccc(Br)cc4)c3)c(-c3cn[nH]n3)cn21,中毒,7.953227,16.230408
O=C(O)C1=C(O)C(F)=C(F)C2=C(C=C2c2cn[nH]n2)C2=C(c3cc(F)c(F)c(F)c3)C(O)=C(C1=O)C21CCS(=O)(=O)CC1,中毒,6.6364617,35.546013
Brc1ccn2c(-c3ccnc(-c4ccc5nc(-c6ccncc6)sc5c4)c3)c(-c3cn[nH]n3)nc2c1,中毒,53.530724,22.328665
O=C1c2c(c(-c3cn[nH]n3)cc3cc(-c4ccc5nccnc5c4)nn23)C(c2ccc(Cl)cc2)N1c1cc(Cl)cn(C2CC(O)(CO)C2)c1=O,中毒,26.553892,33.968105
c1ccc2[nH]c(-c3cncc(-c4nccs4)c3-c3cnc4[nH]cc(-c5cn[nH]n5)c4c3)cc2c1,中毒,5.5711927,23.455374
O=C1c2cc(-c3cn[nH]n3)n(-c3nc4ccccc4s3)c2C(c2ccc(Cl)cc2)N1c1cc(Cl)cn(C2CC(O)(CO)C2)c1=O,中毒,14.882899,12.110745
Fc1c(Cl)cccc1N1CCN(Cc2c(-c3cn[nH]n3)cc3c(c2-c2ccc(Br)cc2)C=CC(C2CC2)C3)CC1,中毒,14.9370365,14.072692
Fc1ccc(-n2c(-c3cn[nH]n3)cc3c2C(c2ccc(Cl)cc2)N(c2ccc(Br)cc2)C3)c(F)c1,中毒,21.327534,23.107658
O=C1c2cc(-c3cn[nH]n3)c(=O)[nH]c2C(c2ccc(Cl)cc2Cl)N1c1cc(Cl)cn(C2CC(O)(CO)C2)c1=O,中毒,8.758138,12.087409
O=c1c(Cl)cc(N2Cc3cc(-c4cn[nH]n4)n(-c4ccc(F)cc4F)c3C2c2ccc(Cl)cc2)cn1Cl,中毒,21.327534,15.110795
Clc1nc2cc(-c3cn[nH]n3)c(-c3cc4ccnc(N5CCOCC5)c4cc3Br)cc2nc1-c1cn[nH]c1,中毒,4.8990707,21.576797
c1ccc(OCc2ccc3c(c2)CN(CC2Cc4cc(-c5cn[nH]n5)nn4C2)CC3)cc1,中毒,5.891078,15.940472
Fc1ccc(-n2c(-c3cn[nH]n3)cc3c2C(c2ccc(Cl)cc2)C3(c2ccc(Cl)cc2)c2csc3cc(-c4cn[nH]c4)ccc23)c(F)c1,中毒,14.446059,18.007704
O=C1c2c(nc3ccc(-c4nnc[nH]4)cc3c2-c2cn[nH]n2)C(c2ccc(Cl)cc2)N1c1cc(Cl)cn(C2CC(O)(CO)C2)c1=O,中毒,26.553892,13.503714
Fc1cc(Cl)ccc1-n1c(-c2cn[nH]n2)nc2c1C(c1ccc(Cl)cc1)N(c1ccsc1)C1OCOc3cc1ccc3-2,中毒,36.138412,13.503714
O=C1c2nc(-c3cn[nH]n3)nc(-c3ccoc3)c2C(c2ccc(Cl)cc2)N1c1cc(Cl)cn(C2CC(O)(CO)C2)c1=O,中毒,16.880064,13.503714
Fc1ccc(-n2c(-c3cn[nH]n3)cc3c2C(c2ccc(Cl)cc2)N(c2ccc(Cl)cc2)c2ccc(Cl)cc2-3)c(F)c1,中毒,15.17975,17.275219
Clc1ccc(-c2cc(-c3cn[nH]n3)cc3c2C(c2ccc(Cl)cc2)Nc2cc(Cl)c(Cl)cc2-3)cc1,低毒,6.8617096,53.682194
Fc1ccc(C(c2ccc(F)cc2)N2CCc3cc(-c4cn[nH]n4)cc(-c4c(Cl)cncc4Cl)c3CC2)cc1,中毒,36.518356,41.191658
OC1=C2CC(Nc3nc(-c4cn[nH]n4)cc(-c4cc(F)c(Cl)cc4Cl)c3C2c2ccc3c(c2)OCCCO3)C(c2ccon2)O1,中毒,36.175117,9.088881
O=c1c(N2C(c3cccc(F)c3)c3c([nH]c4ncc(-c5cn[nH]n5)cc34)S2(=O)=O)cc(Cl)cn1C1CC(O)(CO)C1,中毒,12.233928,13.503714
O=C1c2nc(-c3cn[nH]n3)n(-c3ccc(F)c(Cl)c3F)c2C(c2ccc(Cl)cc2)N1c1cc(Cl)cn(C2CC(O)(CO)C2)c1=O,中毒,24.818281,34.717995
Fc1ccc(-n2c(-c3cn[nH]n3)cc3c2C(c2ccc(Cl)cc2)N(c2c(F)c(F)c(F)c(F)c2F)C3)c(F)c1,中毒,21.327534,23.107658
O=S1(=O)Cc2c(cc(-c3cn[nH]n3)cc2-c2c(Cl)cccc2Cl)CC12Cc1cc(Cl)ccc1-c1cnn(C3CCNCC3)c1C2,中毒,6.4061327,49.668907
O=S(=O)(c1cccc2nsnc12)N1CCC(=Cc2cn[nH]n2)CC1c1ccc(F)cc1,中毒,8.441868,55.7463
Fc1ccc(F)c(-c2cc(-c3nccc4c3C(c3ccn(CC5CC=CC5)c3)c3cc(-c5cn[nH]n5)nn3-4)ccn2)c1,中毒,18.729252,16.016321
NC(=O)C1C2=NC(C3CC3)C1CC(N1Cc3cc(-c4cn[nH]n4)n(-c4ccc(Cl)cc4)c3C1c1ccc(Cl)cc1)=CC1=Nc3ccccc3NC=C12,中毒,41.923553,23.368452
Fc1ccc(-c2sc3c(F)c(F)c(-c4nc(Cl)c(NCC5CC5)c5cc[nH]c45)cc3c2CNCCCc2cn[nH]n2)cc1,中毒,5.096495,36.510887
O=c1c(N2Cc3cc(-c4cn[nH]n4)n(-c4ccc(Cl)cc4)c3C2c2ccc(Cl)c(Cl)c2)cc(Cl)cn1C1CC(O)(CO)C1,中毒,24.385923,11.513729
O=C1C2CC(O)(CO)Cc3cc(-c4cn[nH]n4)cc(-c4ccc5[nH]ncc5c4)c3C(c3ccc(Cl)cc3)N1c1cc(Cl)cn2c1=O,中毒,22.34452,18.239529
c1ccc2sc(Nc3ccc(Oc4ncc(-c5cn[nH]n5)cn4)cc3)nc2c1,中毒,75.81173,17.915287
O=C1c2nc(-c3cn[nH]n3)nn2C(c2ccc(Cl)cc2)N1c1cc(Cl)cn(C2CC(O)(CO)C2)c1=O,中毒,28.832989,46.02951
O=C1c2nc(-c3cn[nH]n3)sc2CC(c2ccc(Cl)cc2F)(C(F)F)N1c1cc(Cl)cn(C2CC(O)C(O)C2)c1=O,中毒,36.83937,16.862432
OC1CC(c2cc(Cl)ccc2N2Cc3cc(-c4cn[nH]n4)n(-c4ccc(Cl)cc4)c3C2c2ccc(Cl)cc2)C(O)C1O,中毒,15.763229,15.123783
O=C1c2cc(-c3cn[nH]n3)n(-c3ccc(Cl)cc3F)c(=O)c2C(c2ccc(Cl)cc2)N1c1cc(Cl)cn(C2CC(O)(CO)C2)c1=O,中毒,14.882899,12.110745
O=C1c2cc(-c3cn[nH]n3)sc2C(c2ccc(Cl)cc2)N1c1cc(Cl)cn(C2CC(O)(CO)CO2)c1=O,中毒,8.738106,11.664629
Oc1cnc(Nc2ncc3cc(-c4cn[nH]n4)cnc3n2)cc1Cl,中毒,20.393488,42.707508
c1csc(C2(c3cn[nH]n3)CC3CNCC(C3)N2)c1,中毒,11.328223,29.125488
O=S(=O)(c1cn[nH]n1)N1CC(c2ccc(Cl)c(Cl)c2F)C(OCCn2cncn2)(C2CC2)C1,中毒,14.98132,23.946388
O=C1c2cc(-c3cn[nH]n3)n(-c3cc(Cl)c(F)c(Cl)c3)c2C(c2ccc(Cl)cc2)N1c1cc(Cl)cn(C2CC(O)(CO)C2)c1=O,中毒,14.882899,11.513729
O=C1c2cc(-c3cn[nH]n3)c(-c3ccc(Cl)cc3)n2C(c2ccc(Cl)cc2Cl)N1c1cc(Cl)cn(C2CC(O)(CO)C2)c1=O,中毒,32.68572,13.503714
Fc1cccc(C2=NCC(c3ccncc3)c3cc(-c4cn[nH]n4)c(-c4cc(Cl)ccc4F)c(-c4c(F)cccc4F)c32)c1,中毒,40.360523,49.36833
O=C(c1cn[nH]c1-c1cncc(Cl)c1)N1CCC(c2cnc(NCCC(F)(F)F)c(F)c2)(c2cn[nH]n2)CC1,中毒,23.632875,31.478712
O=c1c2c(-c3cnc(N4CCNCC4)c(F)c3)c(-c3cn[nH]n3)sc2nc(O)n1-c1cccc(OCC2CC(O)(CO)O2)c1,中毒,52.2942,39.470722
O=C(C1CC1)N1CCC2(O)c3cc(-c4cnc5ccc(-c6cnc(Cl)c(F)c6)cc5c4)c(-c4cn[nH]n4)cc3C2C1,中毒,11.808862,51.228416
O=C1c2cc(-c3cn[nH]n3)[nH]c2C(c2ccc(Cl)cc2)N1c1cc(Cl)cn(C2CC(O)=C(CO)C2)c1=O,中毒,8.738106,11.513729
O=C1c2cc(-c3cn[nH]n3)n(-c3ccc(F)cc3)c2C(c2ccc(Cl)cc2)N1c1cc(Cl)cn(C2CS(=O)(=O)C2)c1=O,中毒,22.121504,14.026334
Fc1ccc2c(c1)CCCc1cnc(-c3nc(-c4cn[nH]n4)co3)nc1-2,中毒,14.922983,62.376595
O=C1c2cc(-c3cn[nH]n3)n(-c3ccc(Cl)cc3)c2C(c2ccc(Cl)cc2)N1c1cc(Cl)cc(Cl)c1,中毒,22.121504,23.107658
Oc1ccc(N2Cc3cc(-c4cn[nH]n4)n(-c4ccc(Br)cc4)c3C2c2ccc(Cl)cc2)cc1Cl,中毒,47.705437,19.356245
C(#CC1CC1)c1c(-c2ccc3ncsc3c2)nc(-c2cc[nH]c2)c2ncc(-c3cn[nH]n3)cc12,中毒,45.34103,28.047112
O=C1C=C(c2cc(Cl)cc(N3Cc4cc(-c5cn[nH]n5)n(-c5ccc(Cl)cc5)c4C3c3ccc(Cl)cc3)c2Cl)C(=O)N1,中毒,57.01388,24.842266
Nc1c(-c2cn[nH]n2)sc2nc(-c3cccs3)cc(-c3ccc(Br)cc3)c12,中毒,14.100648,6.5706
Clc1cc(Cl)cc(Nc2nc(NC3CCOC3)nc3cc(-c4cn[nH]n4)cnc23)c1,中毒,19.08176,181.85533
O=C1Cc2cc(-c3cn[nH]n3)n(-c3c(Cl)cccc3Cl)c2C(c2ccc(Cl)cc2)N1c1cc(Cl)cn(C2CC2)c1=O,中毒,21.947083,18.569365
O=C1c2nc(-c3cn[nH]n3)n(-c3ccc(Cl)c(Cl)c3F)c2C(c2ccc(Cl)cc2)N1c1cc(Cl)cn(C2CC(O)(CO)C2)c1=O,中毒,24.818281,34.717995
Cn1cc(Cl)cc(N2C(=O)c3nc(c4c(-c5cn[nH]n5)c3-c3cnn(C5CCOCC5)c3-4)C2c2ccc(Cl)cc2)c1=O,中毒,30.71352,13.503714
O=C1c2cc(-c3cn[nH]n3)nc(-c3cnc4[nH]ccc4c3)c2C(c2ccc(Cl)cc2)N1c1cc(Cl)cn(C2CC(O)(CO)C2)c1=O,低毒,7.4282966,12.110745
Fc1ccc2c(C3CCN(Cc4ccc(CNc5cn[nH]n5)cc4)CC3)noc2c1,中毒,13.238101,17.094002
Clc1cccc(Cl)c1-c1cc(-c2cn[nH]n2)cc2c1Cc1c(CSc3ccccn3)n[nH]c1-2,中毒,11.972697,22.96611
Clc1cccc(C=NNc2nc3c(cc2-c2cn[nH]n2)C(c2ccc4c(c2)OCO4)C2=C3CCCC2)c1,中毒,9.951022,23.381836
Fc1ccc(C2c3c(cc(-c4cn[nH]n4)n3-c3ccc(Cl)cc3)OC=C(Cl)C=C3C(c4ccc(Cl)cc4)C(c4ccc(Cl)cc4)N32)cc1,中毒,25.896519,18.977041
O=C1OCCC12c1ccc3c(c1C(c1ccccc1Cl)N2C1CC1)NC(c1ccc(Cl)cc1)c1c-3cc(-c2cn[nH]n2)cc1-c1c(Cl)cccc1Cl,中毒,50.255096,40.36939
CC1=CCC(n2cc(Cl)cc(N3Cc4cc(-c5cn[nH]n5)cc(-c5c(Cl)ccc(Cl)c5Cl)c4C3c3ccc(Cl)cc3)c2=O)C1=O,中毒,10.028316,9.91435
O=P(O)(O)C(F)(F)C1=CC=C2c3c[nH]c4c5cc(-c6cn[nH]n6)cc-5cc-4c(c32)C(O)CCC=C1,中毒,29.897644,107.04527
Brc1ccc2c(c1)C(OCc1onc(-c3cn[nH]n3)c1Br)(c1cscn1)C2,中毒,6.2061906,56.045086
Clc1ccc(C2N(Cc3cn[nH]n3)CCCN2Cc2cc3ccccc3o2)cc1Cl,中毒,10.06982,42.90142
O=C1c2cc(-c3cn[nH]n3)n(-c3ccc(F)c(Cl)c3)c2C(c2ccc(Cl)cc2Cl)N1c1cc(Cl)cn(C2CC(O)(CO)C2)c1=O,中毒,15.540574,11.513729
O=C1c2cc(O)cc3c2-c2cc(-c4cn[nH]n4)n(-c4ccc(Cl)c(Cl)c4)c2C3=CN1C1CC(O)C(O)C1O,中毒,5.6871157,37.49479
O=C1Cc2cc(-c3cn[nH]n3)n(-c3ccc(Cl)cc3)c2C(c2ccc(Cl)cc2)N1c1cc(Cl)cn(C2CC(O)(CO)C2)c1=O,中毒,15.763229,47.68054
O=C1c2cc(-c3cn[nH]n3)c(=O)n(-c3ccc(Cl)cc3)c2C(c2ccc(Cl)cc2)N1c1cc(Cl)cn(C2CC(CO)(CO)C2)c1=O,中毒,51.50488,12.110745
O=C1c2cc(-c3cn[nH]n3)n(-c3cc4ccc(Cl)cc4s3)c2C(c2ccc(Cl)cc2)N1c1cc(Cl)cn(C2CC(O)C(O)C2)c1=O,中毒,18.205946,11.513729
[O-][S+]1Cc2nc(-c3cn[nH]n3)c(-c3cccnc3)c(-c3ccsc3)c2C1,中毒,45.199795,19.096767
O=C1c2nc(-c3cn[nH]n3)c(F)c(C(F)(F)F)c2C(c2ccc(Cl)cc2)N1c1cc(Cl)cn(C2CC(O)(CO)C2)c1=O,中毒,51.50488,12.110745
Fc1ccc(-n2c(-c3cn[nH]n3)cc3c2C3)c(F)c1,中毒,6.672679,21.463772
c1cc(Nc2nc(-c3cn[nH]n3)c3oc4c(c3n2)CC4)cc(NC2CCNC2)n1,中毒,9.728395,56.948486
O=C1c2nc(N3N=C(c4ccco4)CC3c3cn[nH]n3)[nH]c(=O)c2C(c2ccc(Cl)cc2)N1c1cc(Cl)cn(C2CC(O)(CO)C2)c1=O,中毒,32.17651,20.422
c1cc(-c2nsc3cc(-c4cn[nH]n4)cnc23)cs1,中毒,11.544844,17.4781
Clc1cccc(Cl)c1-c1cc(-c2cn[nH]n2)cc2c1OC(c1ccccc1)C2,中毒,36.00198,48.67048
Cn1cc(Cl)cc(N2C(=O)c3cc(-c4cn[nH]n4)c(-c4ccc(Cl)cc4F)n3C2c2ccc(Cl)cc2)c1=O,中毒,23.152437,14.3937645
c1cnc2sc(-c3cn[nH]n3)cc2c1,高毒,268.848,16.581099
O=C(c1cnn(C2CCOCC2)c1)N1Cn2nc(-c3cn[nH]n3)cc2C(=O)N(c2cc(Cl)cn(C3CC(O)(CO)C3)c2=O)C1c1ccc(Cl)cc1,中毒,32.17651,13.466203
Fc1ccc(-n2c(-c3cn[nH]n3)cc3c2C(c2ccc(Cl)cc2)N(c2ccc(Cl)cc2)C3c2cccnc2)c(F)c1,中毒,21.327534,23.107658
O=C1c2cc(-c3cn[nH]n3)c(=O)n(CC3CCOC3)c2C(c2ccc(Cl)cc2)N1c1cc(Cl)cn(C2CC(O)(CO)C2)c1=O,中毒,51.258514,14.335602
O=C1c2cc(-c3cn[nH]n3)n(-c3c(Cl)cccc3Cl)c2C(c2ccc3c(c2)OCO3)N1c1cc(Cl)cn(C2CC(O)(CO)C2)c1=O,中毒,18.205946,13.466203
Clc1ccc(N2CC3CC2CN(n2c(-c4cn[nH]n4)cc4c2C(c2ccc(Cl)c(Cl)c2)C4)C3)cn1,中毒,9.733816,15.35297
OC(CN1CCc2cc(-c3cn[nH]n3)ncc2C1)c1cc(F)c(-c2cncnc2)cc1F,中毒,45.033142,44.127686
O=c1c(N2Cc3nc(-c4cn[nH]n4)c(C4CC4)c(-c4ccco4)c3C2c2ccc(Cl)cc2)cc(Cl)cn1C1CC(O)(CO)C1,中毒,41.769672,13.489636
O=C1c2nc(-c3cn[nH]n3)n(-c3c(Cl)cccc3Cl)c2C(c2ccc(Cl)cc2)N1c1cc(Cl)cn(C2CC(O)C(O)C2)c1=O,中毒,35.69709,13.466203
N#Cc1ccc(C2c3c(cc(-c4cn[nH]n4)n3-c3ccc(F)cc3F)C(=O)N2c2cc(Cl)cn(C3CC(O)(CO)C3)c2=O)cc1,中毒,12.488247,11.513729
NC1(CO)CC(n2cc(Cl)cc(N3C(=O)c4cc(-c5cn[nH]n5)n(-c5ccc(Cl)cc5)c4C3c3ccc(Cl)cc3)c2=O)C1,中毒,31.338547,11.513729
Brc1cnn2c1c1c(c3ncc(-c4cn[nH]n4)cc32)CCN(c2ccsc2)C1,中毒,4.1237764,39.02313
c1coc(C2Nc3cc(-c4nc(-c5cn[nH]n5)cs4)cc4c3CC2CS4)c1,中毒,36.478683,15.696168
c1nc(NC2CCOCC2)c2sc3ncc(-c4cn[nH]n4)cc3c2n1,中毒,7.181119,66.93063
O=C1NC=CC2=C(C=C1c1cn[nH]n1)CC1Cc3cc4c(nc3C1n1cc(C(O)CO)nn1)CN2CC4,中毒,7.703933,12.110745
Clc1ccc(C2=NN(C3=NCCS3)Cc3ccc(-c4cn[nH]n4)cc32)cc1,中毒,33.168163,162.71996
O=S(=O)(c1cccc(-c2cnoc2)c1)N1CCC(OCCc2c[nH]c3ccc(-c4cn[nH]n4)cc23)CC(C2CCCC2)C1CN1CCOCC1,中毒,28.866674,42.87843
O=C1c2cc(-c3cn[nH]n3)n(-c3c(Cl)cccc3Cl)c2C(c2ccc(Cl)c(Cl)c2)N1c1cc(Cl)cn(C2CC(O)(CO)C2)c1=O,中毒,18.205946,11.513729
O=C1c2ccc(F)ccc3nc(-c4cn[nH]n4)n2c3C(c2ccc(Cl)cc2)N2C(=O)C2=CC(Cl)=CN1C1CC(O)C(O)C1,中毒,27.301,11.734699
Clc1ccc(-n2c(-c3cn[nH]n3)cc3c2-c2cc(Cl)c(N4CCN(c5ccccn5)CC4)cc2CC3)cc1,低毒,11.109441,126.25283
O=S1(=O)CCNCc2ccncc2CN(c2nc(-c3cn[nH]n3)cs2)Cc2cc(Cl)ccc21,中毒,56.654434,24.996056
O=C1c2nc(-c3cn[nH]n3)n(-c3ccc(Br)cc3)c2C(c2ccc(Cl)cc2)N1c1cc(Cl)cn(C2CC(O)C(O)C2O)c1=O,中毒,35.69709,34.717995
O=C1c2nc(-c3cn[nH]n3)c(-c3cc4c(s3)CCOO4)n2C(c2ccc(Cl)cc2)N1c1cc(Cl)cn(C2CCC(O)(CO)C2)c1=O,中毒,36.83937,13.447941
O=c1c(N2C(Br)c3cc(-c4cn[nH]n4)n(-c4ccc(Cl)cc4)c3C2c2ccc(Cl)cc2)cc(Cl)cn1C1CC(O)(CO)C1,中毒,15.763229,11.513729
O=P(Nc1cn[nH]n1)(OCCCl)OCSCCCl,高毒,74.826164,118.22746
O=C1c2nc(-c3cn[nH]n3)sc2C(c2ccc(F)cc2F)N1c1cc(Cl)cn(C2CC(F)(F)C2)c1=O,中毒,57.01388,32.988235
O=C1c2cc(-c3cn[nH]n3)n(-c3ccc(Cl)cc3F)c2C(c2ccc(Cl)cc2)N1c1c(Cl)ccn(C2CC(O)(CO)C2)c1=O,中毒,12.488247,11.513729
O=C1c2cc(-c3cn[nH]n3)n(-c3cc(Cl)ccc3Cl)c2C(c2ccc(Cl)cc2)N1c1cc(Cl)cn(C2CCS(=O)(=O)C2)c1=O,中毒,17.475342,14.026334
O=c1c(N2C(=NO)c3cc(-c4cn[nH]n4)cc(-c4ccc(Cl)cc4)c3C2c2ccc(Cl)cc2)cc(Cl)cn1C1CC(O)(CO)C1,中毒,10.328205,16.862432
O=S(=O)(c1ccc(F)c(-c2cc3c(cc2Cl)OCc2sc(-c4cn[nH]n4)nc2-3)c1)N1CCOCC1,中毒,5.65122,15.382274
O=C1c2cc(-c3cn[nH]n3)n(-c3ccc(Cl)c(C(F)(F)F)c3)c2C(c2ccc(Cl)cc2)N1c1cc(Cl)cn(C2CC(F)(F)C2)c1=O,中毒,22.035963,14.0600395
O=C1C2=C(Nc3ccc4[nH]cnc4c3)N=C(c3cn[nH]n3)C=C3CC4CCC(N4)N1CC3=C2CI,中毒,26.83672,17.760828
O=C1c2cc(-c3cn[nH]n3)c(-c3ccc(Cl)cc3)n2C(c2ccc(Br)cc2)N1c1cc(Cl)cn(C2CC(O)(CO)C2)c1=O,中毒,19.951618,13.503714
O=C1c2cc(-c3cn[nH]n3)n(-c3ccc(Cl)cc3F)c2C(c2ccc(Cl)cc2)N1c1cc(Cl)cn(C2CC(O)C(F)(F)C2)c1=O,中毒,29.54402,11.513729
O=C1C=CC(Cl)=CC=C2c3cc(-c4cn[nH]n4)n(-c4ccc(Cl)c(Cl)c4)c3C2N2C(=O)C2=CC(Cl)=CN1C1CC(O)(CO)C1,中毒,23.693678,21.158436
O=C1c2nc(-c3cn[nH]n3)n(-c3ccc(F)cc3F)c2C(c2ccc(Cl)cc2)N1c1cc(Cl)cn(C2CC(O)C(O)C2)c1=O,中毒,24.818281,34.717995
C1=c2c(c3n(CC(Oc4ccnc5c(C6CC6)cccc45)C4CCC5(CC4)Cc4nccn4C5)c2=N3)N=C1c1cn[nH]n1,中毒,25.284275,46.824856
O=C1c2cc(-c3cn[nH]n3)n(-c3ccc(C4CC4)cc3)c2C(c2ccc(Cl)cc2)N1c1cc(Cl)cn(C2CC(O)(CO)C2)c1=O,中毒,14.882899,11.513729
O=C1c2cc(-c3cn[nH]n3)n(-c3ccc(Cl)cc3F)c2C(c2ccc(Cl)cc2)(c2ccc(Cl)cc2F)N1c1cc(Cl)cn(C2CC(O)(CO)C2)c1=O,中毒,12.488247,11.513729
Fc1cc(C(F)(F)F)cc(F)c1-c1cc(-c2cn[nH]n2)cc2c1C(c1ccc(Cl)cc1)N2c1ccc(N2CCN(C3CC=C(Cl)CC3)CC2)cc1,低毒,4.355759,23.06981
OCc1cnc(F)c(COc2cc(Cl)c3sc4c(-c5cccc6ccccc56)cc(-c5cn[nH]n5)cc4c3c2)n1,中毒,60.217083,13.76925
Clc1nc(-c2ccco2)cc2cc(-c3cn[nH]n3)n3nc(-c4cnoc4)nc3c12,中毒,38.92254,14.77323
O=C1CC1(C(=O)NO)C(O)(CO)CC1C2=CC(N3Cc4cc(-c5cn[nH]n5)n(-c5ccc(Cl)cc5F)c4C3c3ccc(Cl)cc3)=CC(Cl)=CN21,中毒,16.123549,19.0332
O=C1c2cc(-c3cn[nH]n3)n(-c3ccc(Cl)cc3F)c2C(c2ccc(Cl)cc2)N1c1ccn(C2CCCO2)c1,中毒,17.475342,21.28903
c1n[nH]nc1-c1cc(OC23CC4CC(CC(C4)C2)C3)nc(NC2C3CC4CC(C3)CC2C4)n1,中毒,8.358371,28.578703
Cc1c(Cl)cnc(N2CCc3c(nc(-c4cn[nH]n4)nc3Nc3c(F)cccc3F)C2)c1Cl,中毒,14.985594,16.64262
O=C1c2nc(-c3cn[nH]n3)n(-c3ccc(-c4ccsc4Cl)c(F)c3)c2C(c2ccc(Cl)cc2)N1c1cc(Cl)cn(C2CC(O)(CO)C2)c1=O,中毒,23.043425,13.503714
Fc1cc2ncnc(-c3ccc(-n4ccnn4)nc3)c2cc1-c1cn[nH]n1,中毒,3.1431904,163.46524
O=C1c2nnc(-c3cn[nH]n3)n2CC(c2ccc(Cl)cc2)N1c1cc(Cl)cn(C2CC(O)(CO)C2)c1=O,中毒,32.935894,25.941496
O=C1c2cc(-c3cn[nH]n3)n(-c3ccc(F)cc3F)c2C(c2cccc(Cl)c2)N1c1cc(Cl)cn(C2CC(O)(CO)C2O)c1=O,中毒,12.488247,11.513729
O=C(O)Oc1ccc(-c2csc3ncnc(N4C=C(c5cn[nH]n5)C4=O)c23)cc1,中毒,14.702814,15.607107
O=S1(=O)NC2CNC(c3cn[nH]n3)Cc3cccc(c32)-c2ccc(-c3sccc3-c3nc[nH]n3)nc21,中毒,25.355032,9.544459
O=C1c2cc(-c3cn[nH]n3)cc(-c3c(F)cccc3F)c2N1c1cc(Cl)cn(C2CC(O)(CO)C2)c1=O,中毒,16.502348,16.862432
OCC(CO)c1sc(Cl)cc1N1CCc2cc(-c3cn[nH]n3)n(-c3ccc(Cl)cc3)c2C1c1ccc(Cl)cc1,中毒,15.540574,36.62935
O=c1c(N2Cc3cc(-c4cn[nH]n4)nn3C2c2ccc(Cl)cc2F)cc(Cl)cn1C1CC(CO)(CO)C1,中毒,12.488247,16.947666
O=c1c(N2Cc3cc(-c4cn[nH]n4)n(-c4ccc(Br)cc4F)c3C2c2ccc(Cl)cc2)cc(Cl)cn1C1CC(O)C(O)C1,中毒,20.18954,11.513729
O=C1c2nc(-c3cn[nH]n3)cc(-c3cc(F)ccc3F)c2C(c2ccc(Cl)cc2Cl)N1c1cc(Cl)cn(C2CC(O)(CO)C2)c1=O,中毒,27.185892,12.110745
O=C1c2cc(-c3cn[nH]n3)sc2C(c2cccc(Cl)c2)C(c2ccc(Cl)cc2F)N1c1cc(Cl)cn(C2CC(O)(CO)C2)c1=O,中毒,18.205946,16.862432
c1n[nH]nc1-c1csc(-c2cc3scc(-c4cc(CN5CCOC5)no4)n3c2)n1,中毒,86.27535,18.357166
FC(F)(F)Oc1cc(N2Cc3sc(-c4cn[nH]n4)cc3C2c2nnc[nH]2)cc(C(F)(F)F)c1,中毒,5.5770063,24.820358
O=c1[nH]c(CN2C3CCC2CC(c2cn[nH]n2)C3)nc2c1c(=O)[nH]c(=O)n2C1CC(O)C(CO)C1,中毒,11.645754,36.413525
O=C1c2cc(-c3cn[nH]n3)n(-c3ccc(Cl)cc3)c2C(c2ccc3c(c2)OCCO3)N1c1cc(Cl)cn(C2CC(O)(CO)C2)c1=O,中毒,14.882899,13.466203
O=C1c2nc(-c3cn[nH]n3)n(-c3ccc(Cl)cc3Cl)c2C(c2cccs2)N1c1cc(Cl)cn(C2CC(O)(CO)C2)c1=O,中毒,35.69709,17.190475
Fc1ccc(C2C(N3CCOCC3)=C(c3cccs3)CC(c3ccc(-c4ccccc4C(F)(F)F)cc3)=Nc3cc(-c4cn[nH]n4)ccc32)cc1,中毒,9.865066,42.041363
Clc1ccc(CNNc2nn3c(-c4cn[nH]n4)nnc3c3c(Br)ccnc23)cc1,中毒,31.20918,40.23098
O=C1c2nc(-c3cn[nH]n3)n(-c3ccc(-c4cccnc4)cc3)c2C(c2ccc(Cl)cc2)N1c1cc(Cl)cn(C2CC(O)(CO)C2)c1=O,中毒,49.112957,34.717995
Fc1cc(-c2cc(-c3cn[nH]n3)cc3c2CCN(CC(F)(F)F)C3)ccc1OCc1ccc(F)c(F)c1F,中毒,15.91397,30.619656
O=c1c(N2Cc3cc(-c4cn[nH]n4)n(-c4ccc(Cl)cc4C(F)(F)F)c3C2c2ccc(Cl)cc2)cc(Cl)cn1C1CC(O)(CO)C1,中毒,14.882899,11.513729
Clc1ccc(-n2nc(-c3ccsc3)nc2N2CCc3nc(-c4cn[nH]n4)sc3C2)c(Br)c1,中毒,42.25261,13.03931
O=c1c(N2CCc3cc(-c4cn[nH]n4)cn3-c3cc(Cl)c(cc3NCc3cccc(Cl)c3Cl)C2c2ccc(Cl)cc2)cc(Cl)cn1C1CC(O)(CO)C1,中毒,19.349394,90.94605
O=C1c2cc(-c3cn[nH]n3)n(-c3ccc(Cl)c(C(F)(F)F)c3)c2C(c2ccc(Cl)cc2)N1c1cc(Cl)cn(C2CCC(O)C2)c1=O,中毒,31.338547,12.110745
FC(F)(F)c1cnc(N2Cc3c(C4=C5C=C(c6cn[nH]n6)C=C5CSC4)ccnc3-c3ccccc32)nc1,中毒,10.385565,21.429476
Clc1ccc(-n2c(-c3cn[nH]n3)cc3c2C(c2ccc(Cl)c(Cl)c2)N3c2ccc(I)cc2)cc1,中毒,29.617764,41.63892
c1cnc(N2Cc3cc(-c4cn[nH]n4)cc(-c4csc(CNCC5CC5)n4)c3C2)nc1,中毒,46.818596,16.459408
O=C(O)C1=C(c2ccc3c(n2)-c2cc4c(F)cccc4n2CC3)N=C2C1=CC=C2c1cn[nH]n1,中毒,14.451389,14.911535
OC1(Cl)CCN(c2cc(-c3ccc4nc(-c5cn[nH]n5)cn4c3-c3cn[nH]c3)ccn2)C1,中毒,13.115957,68.13277
O=c1c(N2CCc3cc(-c4cn[nH]n4)cc(-c4ccc5cc(Cl)ccc5c4)c3C2c2ccc(Cl)cc2)cc(Cl)cn1C1CC(O)(CO)C1,中毒,19.016203,18.239529
Fc1cncc(-c2cc3cnc(Nc4nc(-c5cn[nH]n5)cs4)cc3cn2)c1,中毒,66.39317,72.11119
O=C1N(Cc2cnc(-c3cccnc3)cn2)CCC2=C3C=C(c4cn[nH]n4)C=C3C2=C(C2(C3CC3)CC2)CN1c1cc(Cl)ccc1C(F)(F)F,中毒,51.286762,23.196152
Fc1ccc(-n2c(-c3cn[nH]n3)cc3c2C(c2ccc(Cl)cc2)N(c2cncc(Cl)c2)C3)c(F)c1,中毒,21.327534,15.110795
O=[N+]([O-])c1ccc(C2c3ccc(-c4cn[nH]n4)cc3OP(=O)(N3CC3)N2C2=NC3=NN(C4CCCC4)C=NN3c3ccc(Cl)cc32)cc1,中毒,5.44157,8.2014885
O=C1Cc2cc(-c3cn[nH]n3)cc(-c3ccc4c(c3)CNC4)c2CN1C1CN(c2ccc(Cl)cc2)CCO1,中毒,17.060814,15.385411
O=[N+]([O-])c1ccc(-n2cnc(-c3ccc4occc4c3)c2-c2cn[nH]n2)cc1Nc1ccc(F)cc1,低毒,34.11783,147.37527
c1cc2c(cc1-c1cn[nH]n1)OCCO2,高毒,121.95551,96.78677
OCC1(O)CCC(Oc2cc3c(Nc4ccc(Cl)c(Cl)c4)nc(Sc4csc(I)n4)nc3cc2-c2cn[nH]n2)C1,中毒,16.687893,43.37558
Fc1ccc(-c2cc(-c3cn[nH]n3)cc3c2Oc2ccc(Br)cc2C3c2ccc(Cl)cc2)cc1,中毒,20.042175,25.231058
O=C1CC(C(F)(F)F)CC2=C1c1cc(-c3cn[nH]n3)c(F)cc1C(c1ccc(Cl)cc1)N2c1cc(Cl)cn(C2CC(O)(CO)C2)c1=O,中毒,18.990976,13.503714
O=c1c(N2Cc3cc(-c4cn[nH]n4)cc(-c4cccc(OCc5cc(Cl)cc(Cl)c5)c4)c3C2c2ccc(Cl)cc2)cc(Cl)cn1C1CC(O)(CO)C1,中毒,11.985034,9.912456
c1ncc(-c2ncc3c(n2)CCN(C2Cc4cc(-c5cn[nH]n5)cn4C2)C3)o1,中毒,6.707068,22.74031
c1n[nH]nc1-n1cc2c(n1)CCC2,低毒,83.450195,32.98396
O=c1c(-c2cn[nH]n2)nn2c3c(cccc13)C2(CCl)c1ccc(Br)cc1F,中毒,4.0155883,20.805506
Fc1cc(Br)c(C2=c3c(-c4cn[nH]n4)cc(NC4CCC4)nc3=CCC2c2cc(C(F)(F)F)ccn2)cc1-c1nnco1,中毒,4.046534,15.168571
O=c1c(N2Cc3cc(-c4cn[nH]n4)cc(-c4ccc(Cl)cc4)c3C2)cc(Cl)cn1C1CC(O)(CO)C1,中毒,6.4584956,11.151921
OC1CC(n2ccc(N3Cc4cc(-c5cn[nH]n5)n(-c5ccccc5)c4C3c3cc(Br)cs3)c2)CC1O,中毒,17.224394,19.356245
O=C1c2cc(-c3cn[nH]n3)c(=O)[nH]c2C(c2ccc(Cl)cc2F)N1c1cc(Cl)cn(C2CC(O)(CO)C2)c1=O,中毒,13.216523,12.087409
O=C1c2cc(-c3cn[nH]n3)cc(-c3ccc4ncoc4c3)c2N1Cc1cc(Cl)cc(Cl)c1O,中毒,14.504901,16.846704
NC1CCCCC(n2c(-c3ccoc3)nc3c(-c4cn[nH]n4)cc4cc(Cl)c(-n5ccc(-c6cnc(Nc7ccc8nc[nH]c8c7)nn6)c5)cc4c32)C1,中毒,13.992556,44.446007
O=C1c2cc(-c3cn[nH]n3)n(-c3ccc(Cl)cc3F)c2C(c2ccc3c(c2)CNC3)N1c1cc(Cl)cn(C2CC(O)(CO)C2)c1=O,中毒,12.488247,11.513729
c1n[nH]nc1-c1cc2[nH]nc(C3CC3)c2c(N2CCOCC2)n1,中毒,17.75031,72.6951
BrC1CN=CC(c2ccc(-c3cnnc4sc(-c5cn[nH]n5)cc34)cc2)C1,高毒,6.789345,15.536334
Fc1cc2nccc(-c3ccc4[nH]ncc4c3)c2cc1-c1cn[nH]n1,高毒,1.5763811,43.004395
O=S(=O)(c1ccc(F)cc1)N(CCCN1CCC1)C1=C2C=C(c3cn[nH]n3)C=C2CSC2(CC2)S1(=O)=O,中毒,41.52607,15.046406
Fc1ccc(C2c3cc(-c4cn[nH]n4)n(-c4ccc(Cl)cc4Cl)c3C(c3cccc(Cl)c3)N2c2ccc(Cl)cc2)c(OC2CCC(OC(F)(F)F)CC2)c1,中毒,21.947083,15.02669
c1cc(NC2CCOCC2)n2ncc(-c3cc(-c4cn[nH]n4)no3)c2n1,中毒,27.768284,33.448727
O=C1c2nc(-c3cn[nH]n3)n(-c3ccc(-c4ccncc4Cl)cc3Cl)c2C(c2ccc(Cl)cc2F)N1c1cc(Cl)cn(C2CC(O)(CO)C2)c1=O,中毒,35.69709,13.466203
O=C1c2cc(-c3cn[nH]n3)n(-c3cc(F)cc(C(F)(F)F)c3)c2C(c2ccc(Cl)cc2)N1c1cc(Cl)cn(C2CC(O)(CO)C2)c1=O,中毒,14.882899,13.503714
O=C1c2nc(-c3cn[nH]n3)n(-c3ccc(C(F)(F)F)cn3)c2C(c2ccc(Cl)cc2)N1c1cc(Cl)cn(C2CC(O)(CO)C2)c1=O,中毒,16.921463,34.717995
Clc1ccc(Nc2ncnc3cc(OC4COC4)c(-c4cn[nH]n4)cc23)cc1,中毒,7.509856,198.31232
O=c1[nH]c2cncnc2n1CCOc1ccc(Cl)cc1-c1cc(-c2cn[nH]n2)cc2c1COC(c1ccc(Cl)cc1)C2,中毒,13.09432,17.785278
O=C1c2cc(-c3cn[nH]n3)n(-c3c(Cl)ccc(Cl)c3Cl)c2C(c2ccc(Cl)cc2)N1c1cc(Cl)cn(C2CC(F)(F)C2)c1=O,中毒,22.035963,14.026334
c1sc(C2CN3CCC2CC3)cc1-c1cn[nH]n1,高毒,2.7564478,13.19601
O=C1c2cc(-c3cn[nH]n3)n(-c3cc(F)c(Cl)c(F)c3Cl)c2C(c2ccc(Cl)cc2)N1c1cc(Cl)cn(C2CC(O)(CO)C2)c1=O,中毒,18.205946,11.513729
O=C1C(c2cn[nH]n2)=Cc2c1[nH]c1cc(Oc3c(F)cc(F)cc3F)nc(C3(C(O)CO)CCOCC3)c21,中毒,15.4264345,15.661377
O=C1c2cc(-c3cn[nH]n3)n(-c3ccc(F)cc3)c2C(c2ccc(Cl)cc2)N1c1cc(Cl)cn(C2CC2)c1=O,中毒,22.121504,14.026334
O=C1c2nc(-c3cn[nH]n3)n(-c3ccc(F)cc3F)c2C(c2cc(Cl)ccc2OC(F)F)N1c1cc(Cl)cn(C2CC(O)(CO)C2)c1=O,中毒,24.818281,33.968105
Oc1ccc(-c2ncc3[nH]cc(-c4cn[nH]n4)c3c2-c2cc(O)ccc2O)nc1,中毒,12.751216,35.813026
O=C1c2cc(-c3cn[nH]n3)nc(SC3CCCCC3)c2C(c2ccc(Cl)cc2F)N1c1cc(Cl)cn(C2CC(O)(CO)C2)c1=O,中毒,12.808037,12.110745
c1cc(-c2cc3nc(-c4cn[nH]n4)c4onc(-c5cn[nH]c5)c4c3s2)co1,中毒,28.657831,63.493862
O=C1c2nc(-c3cn[nH]n3)n(Cc3cc(F)cc(F)c3F)c2C(c2cccnc2)N1c1cc(Cl)cn(C2CC(O)(CO)C2)c1=O,中毒,21.438358,14.891448
O=C1c2cc(-c3cn[nH]n3)n(-c3ccc(F)cc3F)c2C(c2cccc(Br)c2)N1c1cc(Cl)cn(C2CC(O)(CO)C2)c1=O,中毒,12.488247,11.513729
O=C1c2cc(-c3cn[nH]n3)cc(=O)n2C(c2ccc(Cl)cc2)N1c1cc(Cl)cc(Cl)c1,中毒,33.06196,18.518732
Oc1ccccc1Oc1cc(-c2n[nH]nc2N2CCN(Cc3nc(-c4cn[nH]n4)no3)CC2)ccn1,中毒,18.572632,21.81126
Fc1ccc(-c2cc(-c3cc(-c4cn[nH]n4)cc4c3-c3cc(Cl)sc3-4)on2)cc1,中毒,22.483084,16.100672
O=c1c(N2Cc3cc(-c4cn[nH]n4)n(-c4ccc(Cl)s4)c3C2c2ccc(Cl)cc2)cc(Cl)cn1C1CC(O)(CO)C1,中毒,19.24008,11.513729
O=C1c2cc(-c3cn[nH]n3)n(-c3ccc(F)cc3F)c2C(c2ccc(Cl)cc2)N1c1cc(Cl)cn(C2CC(F)(Br)C2)c1=O,中毒,17.475342,14.026334
Oc1cc2ccc(-c3n[nH]c4cc(-c5cn[nH]n5)ccc34)cc2cc1O,低毒,4.8312464,77.69586
O=C1c2c(c(-c3cn[nH]n3)nn3c(C4CCOC4)nnc23)C(c2ccc(F)cc2)N1c1cc(Cl)cn(C2CC(O)(CO)C2)c1=O,中毒,36.83937,9.173887
O=c1c(-c2cn[nH]n2)cc2c(n1-c1cc(F)cc(F)c1)Cc1c(-c3c(Cl)cccc3Cl)n[nH]c1-2,中毒,6.147932,18.094145
c1cc2c(-c3cnc4c(C5CC5)nsc4c3)n[nH]c2cc1-c1cn[nH]n1,中毒,38.8166,95.0839
O=C1c2cc(-c3cn[nH]n3)n(-c3ccc(Cl)cc3)c2C(c2ccc(Cl)cc2)N1c1cc(Cl)cn(C2CC(O)(CO)C2)c1=S,中毒,14.882899,41.67566
N#Cc1c(N2CCOCC2)c2oc(-c3cn[nH]n3)cc2n(-c2ccc(C(N)=O)c(F)c2)c1=O,中毒,75.00155,41.80999
CN(c1cc(Cl)cn(C2CC(O)C(O)C2)c1=O)C(c1ccc(Cl)cc1)c1c2nc(-c3cn[nH]n3)c-2c1-c1ccc(OCc2ccc(F)c(Cl)c2)cc1,中毒,4.5930023,11.513729
c1sc(C2CNCCO2)cc1-c1cn[nH]n1,低毒,6.7468534,11.402487
Clc1ccc(C2c3c(cc(-c4cn[nH]n4)cc3-c3c(Cl)cccc3Cl)CN2c2ccc(Cl)cc2)cc1,中毒,19.92179,34.763874
N#Cc1ccc(C2c3c(cc(-c4cn[nH]n4)n3-c3cc(Cl)ccc3F)C(=O)N2c2cc(Cl)cn(C3CC(O)(CO)C3)c2=O)cc1,中毒,12.488247,11.513729
O=C1c2cc(-c3cn[nH]n3)c(-c3cc(Cl)cc(Cl)c3O)n2C(c2ccc(Cl)cc2)N1c1cc(Cl)cn(C2CC(O)(CO)C2)c1=O,中毒,20.573853,13.503714
Fc1ccccc1N1C2SC3=NC(=C2C1c1nc(-c2cn[nH]n2)n(-c2ccccc2)n1)CS3,中毒,28.345415,39.647686
O=C1c2cc(-c3cn[nH]n3)c(-c3cc(Cl)ccc3F)n2C(c2ccc(Br)cc2)N1c1cc(Cl)cn(C2CC(O)(CO)C2)c1=O,中毒,32.68572,13.503714
O=C1c2cc(-c3cn[nH]n3)n(-c3ccc(F)cc3[N+](=O)[O-])c2C(c2ccccc2)N1c1cc(Cl)cn(C2CC(O)(CO)C2)c1=O,中毒,12.488247,11.513729
O=c1c(N2Cc3nc(-c4cn[nH]n4)n(-c4ccc(F)cc4F)c3C2c2ccc(Cl)cc2)cc(Cl)cn1C1CC(O)C(O)C1,中毒,15.534245,34.717995
O=C1c2cc(-c3cn[nH]n3)n(-c3ccnc(Cl)c3)c2C(c2ccc(Cl)cc2)N1c1cc(Cl)cn(C2CC(O)(CO)C2)c1=O,中毒,14.882899,11.513729
FC1(F)COC(c2cn[nH]n2)C1,高毒,59.058907,70.06653
c1ccc2c(c1)CC(Nc1nc(-c3cn[nH]n3)cs1)C2,高毒,27.764816,95.21887
Fc1cccc(F)c1-c1csc(N2Cc3cc(-c4cn[nH]n4)cc(-c4c(Cl)cccc4Cl)c3C2)n1,中毒,23.237913,45.77619
O=C1c2cc(-c3cn[nH]n3)n(-c3ccc(Cl)cc3F)c2C(c2ccc(Cl)cc2)N1c1cc(Cl)cnc1OC1CC(C2CC2)CO1,中毒,17.475342,15.502344
O=C1c2cc(-c3cn[nH]n3)n(-c3ccc(F)cc3Br)c2C(c2ccc(Cl)cc2)N1c1cc(Cl)cn(Cl)c1=O,中毒,22.121504,14.026334
O=S1(=O)CCC(N2CC3=C4C=C(c5cn[nH]n5)C=C4C(F)(F)C(C(F)(F)F)c4nc3ccc4C2)C1,中毒,18.641792,44.491318
O=C1c2cc(-c3cn[nH]n3)n(-c3ccc(Cl)cc3)c2C(c2cc3c(cc2F)OCO3)N1c1cc(Cl)cn(C2CC(O)(CO)C2)c1=O,中毒,14.882899,13.466203
O=C1N(c2cc(Cl)cn(C3CC(O)(CO)C3)c2=O)C(c2ccc(Cl)cc2)c2c(-c3cn(CC(F)(F)F)nn3)c(-c3cn[nH]n3)cn21,中毒,10.697504,35.304676
Clc1ccc2[nH]cc(-c3nc4c(c5cc(-c6cn[nH]n6)cc-5c3-c3cccnc3)CCC4)c2c1,中毒,14.385873,43.735294
Fc1cncc(Nc2cc(-c3nc(-c4cn[nH]n4)cc4c3CN(c3ncc(Br)cc3F)C4)ccn2)c1,中毒,8.59125,29.662706
O=C1c2cc(-c3cn[nH]n3)n(Cc3ccc(Cl)c(Cl)c3)c2C(c2ccc(Cl)cc2)N1c1cc(Cl)cn(C2CC(O)(CO)C2)c1=O,中毒,6.6767583,13.16881
COC1=C(c2cn[nH]n2)C=C2CC(c3ccc4c(c3)COC4)C(c3ccc(OCc4ccc(C5CC5)nc4)cc3)=C21,中毒,31.016108,24.082165
O=C1c2cc(-c3cn[nH]n3)n(-c3c(Cl)cccc3Cl)c2C(c2ccc(Cl)cc2)N1c1cc(Br)cn(C2CC(O)(CO)C2)c1=O,中毒,18.205946,11.513729
O=C(O)c1cn(CC2(CF)CC2)c2cc(-c3cn[nH]n3)c(F)cc2c1=O,中毒,22.577723,18.643522
Fc1cccc(F)c1-c1nnc(-c2nc3ccsc3s2)c2scc(-c3cn[nH]n3)c12,中毒,54.740265,34.47888
O=C1c2cc(-c3cn[nH]n3)n(-c3ccc(F)cc3F)c2C(c2ccoc2)N1c1cc(Cl)cn(C2CC(O)(CO)C2)c1=O,中毒,12.488247,11.513729
ClC1(c2ccccc2)Cc2c1n(Cc1ccc(-c3cccc(-c4ncon4)c3)cc1)c1cc(-c3cn[nH]n3)cnc21,中毒,89.75405,44.96258
OC1CCN(c2cc(-c3ncccc3-c3ccc4c(c3)-c3cc(-c5cn[nH]n5)n(-c5ccc(Cl)cc5Cl)c3CO4)ccn2)CC1,中毒,9.1802435,14.635459
Fc1cc(Cl)ccc1-n1c(-c2cn[nH]n2)nc2c1C(c1ccc(Cl)cc1)N(c1cc(Cl)cnn1)C2,中毒,17.897259,29.819971
Fc1cc(F)c(C(Oc2cc(-c3cn[nH]n3)c[nH]2)c2nnnn2-c2ccc3ncnn3c2)cc1F,中毒,34.45527,19.06997
O=C1c2ccc(F)ccc3cc(-c4cn[nH]n4)n2c3C(c2ccc(Cl)cc2)N2C(=O)C2=CC(Cl)=CN1C1CC(O)(CO)C1,中毒,22.80562,12.652781
O=C1c2cc(-c3cn[nH]n3)n(-c3ccc(F)cc3F)c2C(c2sccc2Cl)N1c1cc(Cl)cn(C2CC2)c1=O,中毒,12.1550665,14.026334
O=C1c2cc(-c3cn[nH]n3)n(-c3cnc(Cl)cc3F)c2C(c2ccc(Cl)cc2)N1c1cc(Cl)cn(C2CC(O)(CO)C2)c1=O,中毒,23.909687,11.513729
C1=C(c2cn(-c3cn[nH]n3)nn2)CCNC1,高毒,18.781324,52.331493
Clc1c(-c2nc(C3CCC4C5=C(Br)C(=CN(c6cn[nH]n6)C5)C5(CC3)COCC45)no2)cnc2c1OCO2,中毒,36.618935,15.055007
O=c1c(N2Cc3cc(-c4cn[nH]n4)cc(-c4c(Cl)cccc4Cl)c3C2)cc(Cl)cn1C1CC(O)C(O)C1,中毒,6.7611756,11.151921
O=C(O)c1cn(Cc2ccc(OC(F)F)c(-c3nc(-c4ccc(F)cn4)cs3)c2)c2cc(-c3cn[nH]n3)c(F)cc2c1=O,中毒,12.083162,13.765845
O=C1c2cc(-c3cn[nH]n3)c(-c3cccc(Cl)c3F)n2C(c2ccc(Cl)cc2)N1c1cc(Cl)cn(C2CC(O)(CO)C2)c1=O,中毒,32.68572,13.503714
FC(F)(F)C1=CC(C(F)(F)F)=C2OC3Cc4cc(-c5cn[nH]n5)n(-c5ccc(Cl)cc5)c4C(c4ccc(Cl)cc4)N(c4ccc(Cl)cn4)C2C3=C1,中毒,57.01388,13.466203
Oc1cc(F)c(-c2c(-c3c4c(nc5ccoc35)CCN(CC3CCOCC3)C4)c(-c3cn[nH]n3)nc3ccsc23)cc1F,中毒,58.218517,16.092762
OC12CCOCC1Cc1cc(-c3cn[nH]n3)cc(-c3c(Cl)ccc(F)c3I)c12,中毒,57.294247,64.09288
O=C1c2cc(-c3cn[nH]n3)n(-c3ccnc(OC4CC4)c3)c2C(c2ccc(Cl)cc2)N1c1cc(Cl)cn(C2CC(O)(CO)C2)c1=O,中毒,38.99518,11.513729
O=c1c(N2Cc3nc(-c4cn[nH]n4)c(Nc4cccnc4)c(-c4cc[n+]([O-])cc4)c3C2c2ccc(Cl)cc2)cc(Cl)cn1C1CC(O)(CO)C1,中毒,12.1341715,13.489636
CS(=O)(=O)N1CCC(c2c(-c3cn[nH]n3)sc3nccc(Sc4cccnc4OCC(O)CN4CCOCC4)c(=O)c23)CC1,中毒,91.657394,11.973459
O=C1c2nc(-c3cn[nH]n3)n(-c3cccnc3)c2C(c2ccc(Cl)cc2)N1c1cc(Cl)cn(C2CC(F)(F)C2)c1=O,中毒,25.632505,36.180477
O=C1c2cc(-c3cn[nH]n3)c(N3CCCN(Cc4ccc(Cl)cc4)CC3)nc2C(c2ccc(Cl)cc2)N1c1cc(Cl)cn(C2CC(O)(CO)C2)c1=O,中毒,14.775009,12.110745
O=c1n(-c2ccc(NC3CCC(O)CC3)cc2)cc(-c2ccc(O)cc2F)n1-c1cn[nH]n1,中毒,16.237055,36.931313
O=c1c(N2Cc3cc(-c4cn[nH]n4)n(-c4ccc(Cl)cc4F)c32)cc(Cl)cn1C1CC(O)C(O)C1,中毒,46.28395,33.69392
c1csc(CN2CCc3cc(-c4cn[nH]n4)c(-c4ccsc4)cc3C2)c1,中毒,6.2085485,19.025955
Brc1ccc(-c2nc(CN3CCc4sc(-c5cn[nH]n5)nc43)cs2)o1,中毒,54.03472,15.419457
S=C1Nc2ccccc2OCC1=NCc1cn[nH]n1,微毒,31.019733,615.8984
O=C1c2cc(-c3cn[nH]n3)n(-c3cc(F)ccc3F)c2C(c2ccc(Cl)cc2)N1c1cc(Cl)cc(Cl)c1,中毒,17.272402,23.107658
O=C1c2nc(-c3cn[nH]n3)cc(-c3ccc(Oc4ccccc4)cc3)c2C(c2ccc(Cl)cc2)N1c1cc(Cl)cn(C2CC(O)(CO)C2)c1=O,中毒,37.24519,12.110745
O=C1c2cc(-c3cn[nH]n3)sc2CN1c1cc(Cl)ccc1-n1cnnn1,中毒,4.6354256,16.777132
O=c1c2cc(-c3cn[nH]n3)cnc2nc(N2CCOC2c2cc(F)c(F)cc2F)n1-c1cc2cc(F)cc(F)c2s1,中毒,66.2295,12.384921
O=C1c2cc(-c3cn[nH]n3)ncc2CN(C2CCCOC2)C(c2ccc(Cl)cc2)N1c1cc(Cl)cn(C2CC(O)(CO)C2)c1=O,中毒,5.933443,16.230408
Fc1cc2c(-c3ccco3)nc3c(N4CCN(CC5CN6CCC5CC6)CC4)nc(Cl)nc3c2cc1-c1cn[nH]n1,中毒,3.6323407,24.48554
Brc1cc(Br)c2c(c1)Cc1sc3sc(-c4cn[nH]n4)nc3c1-2,中毒,85.28812,23.710112
O=c1c(N2Cc3cc(-c4cn[nH]n4)cc(-c4c(F)cccc4Cl)c3C2c2ccc(Cl)cc2)cc(Cl)cn1C1CC(O)(CO)C1,中毒,6.3808517,8.960914
Fc1ccc(-n2c(-c3cn[nH]n3)cc3c2Sc2cc(Cl)c(-c4cc(Cl)co4)cc2C3)cc1,中毒,10.579101,13.453475
O=c1c2c3c(sc2nc(-c2cn[nH]n2)n1-c1ccc(Br)cc1)CSC3,中毒,38.567265,25.108006
O=C1c2c(c3cc(Br)ccc3n2-c2cn[nH]n2)C(c2ccc(Cl)cc2)N1c1cc(Cl)cn(C2CC(O)(CO)C2)c1=O,中毒,25.928497,13.503714
c1n[nH]nc1-c1nonc1C1NC2CCCC21,中毒,104.45306,76.36922
FC(F)(F)c1ccc(Cl)c(N2C(c3cccc(Cl)c3)c3cc(-c4cn[nH]n4)c(Cl)c(-c4c(Cl)cccc4Cl)c3C2c2ccc(Cl)cc2)c1,中毒,12.85932,26.824
O=C1c2cc(-c3cn[nH]n3)n(-c3ccc(-c4csnn4)cc3)c2C(c2ccc(Cl)cc2)N1c1cc(Cl)cn(C2CC(O)(CO)C2)c1=O,中毒,38.99518,11.513729
C=C1c2cc(-c3cn[nH]n3)n(-c3ccc(Cl)cc3F)c2C(c2ccc(Cl)cc2)N1c1cc(Cl)cn(C2CC(O)(CO)C2O)c1=O,中毒,20.18954,11.513729
O=C(C1CC1)N1CC(c2ccc(-c3cn[nH]n3)cc2)OC12CCOCC2,中毒,41.899742,78.99432
O=c1oc2ccccc2cc1N(N=Nc1ccc(C2CC2)cc1)c1nc(-c2cn[nH]n2)cs1,中毒,9.218335,54.55468
O=C(CNCCc1cccc(F)c1F)N(CC1CN(c2cn[nH]n2)C1)c1ccc(-c2ccnc3c2OC(F)(F)O3)cc1,中毒,33.40654,39.521267
O=C(O)c1cn(-c2ccc(Cl)c(C(F)(F)F)c2C(F)(F)F)c2cc(-c3cn[nH]n3)c(F)cc2c1=O,中毒,35.48704,14.054348
c1nc(-c2cc3[nH]cc(-c4cn[nH]n4)c3c(-c3cc(C4CCNCC4)nc4[nH]ccc34)n2)c[nH]1,中毒,16.694056,55.075787
NS(=O)(=O)N1CCc2sc(-c3cn[nH]n3)cc2C1,中毒,61.759144,106.71803
O=C1c2cc(-c3cn[nH]n3)n(-c3ccccc3)c2C(c2ccc(C(F)(F)F)cc2)N1c1cc(Cl)cn(C2CC(O)(CO)C2)c1=O,中毒,14.882899,11.513729
O=c1c(N2Nc3cc(-c4cn[nH]n4)c(-c4ccc(Cl)cc4)n3C2c2ccc(Cl)cc2)cc(Cl)cn1C1CC(O)(CO)C1,中毒,15.058086,13.503714
O=c1c(N2Cc3cc(-c4cn[nH]n4)cc(-c4c(Cl)cccc4Cl)c32)cc(Cl)cn1C1CC(O)(CO)C1,中毒,18.619787,18.206211
O=C1c2cc(Cl)ccc2-c2cc(-c3cn[nH]n3)cc(-c3c(Cl)cccc3Cl)c21,中毒,9.939931,79.27368
N#Cc1ccccc1-c1cnc(N2CCC(Nc3ccc(F)cc3F)CC2)c2c1-c1cc(-c3cn[nH]n3)sc1CS2,中毒,4.175652,14.357292
O=C1c2cc(-c3cn[nH]n3)c(-c3ccc(Cl)cc3F)nc2C(c2ccc(Cl)cc2)N1c1cc(Cl)cn(C2CC(O)(CO)C2)c1=O,中毒,13.216523,14.418226
Clc1cc(Cl)cc(N2Cc3cc(-c4cn[nH]n4)cc(-c4ccco4)c3C2)c1,中毒,10.320287,38.160076
N#Cc1ccc(C2c3c(cc(-c4cn[nH]n4)n3-c3cccc(Cl)c3Cl)C(=O)N2c2cc(Cl)cn(C3CC(O)(CO)C3)c2=O)cc1,中毒,18.205946,11.513729
Cn1nccc1C(=O)N1CCC2=C(C1)c1c(-c3c(Cl)cccc3Cl)cc(-c3cn[nH]n3)cc1C2c1ccc(Cl)cc1,中毒,25.778873,16.03122
c1ncc(-c2cn[nH]n2)cc1OC1CCOC1,高毒,82.24573,409.07535
FC(F)(F)c1ncccc1C1Cc2cc(-c3cn[nH]n3)c(OC3CC4COC(C4)C3)nc21,中毒,12.395093,49.591774
O=C1c2cc(-c3cn[nH]n3)n(-c3ccc(F)cc3F)c2C(c2cccs2)N1c1cc(Cl)cn(C2CC(O)C(O)C2)c1=O,中毒,13.346145,11.513729
O=c1c(Sc2ccc3ccccc3c2)c(Sc2ccsc2)[nH]c2ncc(-c3cn[nH]n3)cc12,中毒,14.12175,150.7133
FC(F)(F)Oc1ccc(C#Cc2cc3c(cc2Cl)-c2c(cc(-c4cn[nH]n4)n2-c2ccc(Cl)cc2)CC3)cc1,中毒,9.834646,150.46942
O=S(=O)(c1cccc(F)c1)n1cc(-c2c3c(-c4cn[nH]n4)cc-3c2C(F)(F)Br)c2cc(-c3cccc(Cl)c3)sc21,中毒,34.24259,11.145522
O=C1c2cc(-c3cn[nH]n3)n(-c3ccc(Cl)cc3F)c2C(c2ccc(Cl)cc2)N1c1cc(Cl)c(=O)n(C2CC(O)(CO)C2)c1,中毒,12.488247,13.213944
O=C1c2cc(-c3cn[nH]n3)n(-c3ccc(Cl)cc3F)c2N1c1cc(Cl)cn(C2CC(O)(CO)C2)c1=O,中毒,23.669764,13.503714
C1=C(c2cn[nH]n2)NCc2cc(-c3ccc4c(c3)OCO4)ncc21,低毒,35.88305,47.970303
O=C1C(=O)N(c2ccc(N3CCN(c4nssc4=S)CC3)cc2F)C=C1c1cn[nH]n1,中毒,15.574053,123.256836
O=C1c2cn(-c3cn[nH]n3)nc2-c2cc(Cl)ccc2C(c2ccc(Cl)cc2)N1c1cc(Cl)cn(C2CC(O)(CO)C2)c1=O,中毒,29.099829,11.703885
O=C1c2cc(-c3cn[nH]n3)n(-c3cc(Cl)c(F)cc3F)c2C(c2ccc(Cl)cc2)N1c1cc(Cl)cn(C2CC(O)(CO)C2)c1=O,中毒,12.488247,11.513729
O=C1c2cc(-c3cn[nH]n3)n(-c3cc(F)c(F)cc3F)c2C(c2ccc(Cl)cc2)N1c1cc(Cl)cn(C2CC(O)C(O)C2)c1=O,中毒,12.488247,11.513729
O=C([O-])c1ccc(N2Cc3c4cc(-c5cn[nH]n5)cc-4c(=O)c(-c4ccnc(OC5CC5)c4)nn3C(C3CCOC3)C2)cc1,中毒,36.49571,12.391787
Fc1cnccc1-c1cc2sc(-c3cn[nH]n3)nn2c1,中毒,63.14625,12.454483
O=c1c(N2Cc3cc(-c4cn[nH]n4)n(-c4ccccc4)c3C2c2ccc(Cl)cc2)cc(Cl)cn1C1CC(O)(CO)C1,中毒,19.24008,11.513729
Fc1cc(F)cc(CN2Cc3cc(-c4cn[nH]n4)cc(-c4ccnn4Cc4ccc(F)c(F)c4)c3C2)c1,中毒,7.1630316,16.300856
Clc1ccc(-n2c(-c3cn[nH]n3)cc3c2-c2sc(Br)c(Br)c2-3)cc1,中毒,18.070381,19.912594
C1=C(COCc2cn[nH]n2)CC2CCC1N2c1cccc(-c2ccc3[nH]ncc3c2)n1,中毒,38.602257,57.032616
Fc1ccc(C(c2ccc(Cl)cc2)c2ncc3c(c2-c2cccnc2)-c2cc(-c4cn[nH]n4)nn2C3)cc1,中毒,83.215256,24.66205
O=C1c2cc(-c3cn[nH]n3)sc2-c2c(Cl)cc(Cl)cc2C(c2ccccc2)N1c1cc(Cl)cn(C2CC(O)(CO)C2)c1=O,中毒,10.747536,10.425424
O=c1c(N2Cc3cc(-c4cn[nH]n4)n(-c4ccc(Cl)cc4F)c3C2c2ccc(C(F)(F)F)cc2)cc(Cl)cn1C1CC(O)C(O)C1,中毒,15.763229,11.513729
Fc1cccc(F)c1-c1cc(N2CCC(NC3=CC4=NN=C(c5cn[nH]n5)C4=N3)CC2)ccc1Br,中毒,16.032116,23.20371
c1cc2c(c(N3CC4(CNCCO4)C3)n1)OC(c1cn[nH]n1)C2,中毒,8.899378,37.193504
Oc1ccc(C(=NNC(=S)c2cc(C3CC3)sc2-c2cn[nH]n2)c2ccccc2)cc1,低毒,7.7094,80.66805
O=C1c2cc(-c3cn[nH]n3)n(-c3ccc(Cl)cc3Cl)c2C(c2ccc(Cl)cc2)N1c1ccc(Cl)c(C(F)(F)F)c1,中毒,22.035963,15.110795
O=C1c2cc(-c3cn[nH]n3)n(-c3ccc(F)c4cc(Cl)ccc34)c2C(c2ccc(Cl)cc2)N1c1cc(Cl)cn(C2CC(O)(CO)C2)c1=O,中毒,14.882899,13.466203
Clc1ccc(C(c2c3cc(-c4cn[nH]n4)c-3c2-c2ccc[nH]2)N(c2cc(Cl)n[nH]2)C2Cc3c(Cl)cc(Cl)cc32)cc1,中毒,32.04833,25.387102
O=c1c(N2Cc3cc(-c4cn[nH]n4)n(-c4ccc(Cl)cc4F)c3C2c2ccc(Cl)cc2)cc(Cl)cn1C12CC3CC(CC(C3)C1)C2,中毒,21.327534,14.026334
Clc1ccc(-c2cc(-c3c[nH]c4cc(-c5cn[nH]n5)cnc34)on2)cc1,中毒,21.026865,127.540054
Clc1ccc(C2c3c(cc(-c4cn[nH]n4)cc3-c3c(Cl)cccc3Cl)-c3ccc4cc(scn3)C4N2c2ccsc2)cc1,中毒,34.810425,19.182495
O=C1c2cc(-c3cn[nH]n3)sc2C(c2ccsc2)N1c1cc(Cl)cn(C2CC(O)(CO)C2)c1=O,中毒,8.401452,8.960914
Fc1cc(Cl)ccc1C1c2cc(-c3cn[nH]n3)n(-c3cc(Cl)ccc3Cl)c2C(c2ccc3c(c2)OCO3)N1c1cn(Cl)cn1,中毒,22.035963,17.388487
O=c1c(N2C=Cc3cc(-c4cn[nH]n4)cc(-c4c(Cl)cccc4Cl)c3C2c2ccc(Cl)cc2)cc(Cl)cn1C1CC(O)(CO)C1,中毒,9.036046,9.719319
O=C1c2cc(-c3cn[nH]n3)n(-c3ccc(F)c(Cl)c3)c2C(c2ccc(Cl)cc2)N1c1cc(Cl)cn(C2CC(F)(F)C2)c1=O,中毒,22.035963,14.026334
O=c1c(N2Cc3nc(-c4cn[nH]n4)n(-c4ccc(F)cc4F)c3C2c2ccc(Cl)cc2)cc(Cl)cn1C1CC(O)(CO)N1,中毒,17.389776,9.088881
O=C(O)Cc1ccc(Oc2cc3c(cc2Cl)-c2nc(-c4cn[nH]n4)ncc2C2(CSC2)O3)cc1,中毒,5.048505,14.491629
OCC1(CN2CCc3nc(-c4cn[nH]n4)nc(C4CC4c4cccc(F)c4)c3C3(CCCCN3)C2)CC1,中毒,44.239674,17.50468
O=S(=O)(Nc1ccc(-c2cn[nH]n2)cc1)c1coc(C2=C(Br)COC(CO)CN2Cc2c[nH]c3ccccc23)n1,中毒,28.307394,82.11888
O=c1c(N2Cc3cc(-c4cn[nH]n4)c(-c4ccc(Cl)c(Cl)c4)n3C2c2ccc(Cl)cc2)cc(Cl)cn1C1CC(O)(CO)C1,中毒,13.5253525,13.503714
O=C1c2nc(-c3cn[nH]n3)cc(-c3ccccc3Br)c2C(c2ccc(Cl)cc2)N1c1cc(Cl)cn(C2CC(O)(CO)C2)c1=O,中毒,35.69709,12.110745
Fc1cnccc1-c1cnc2c(-c3c[nH]c4ccccc34)nc(-c3cn[nH]n3)cn12,中毒,18.102983,46.420994
O=C1C2CC(O)(CO)CC(N3C(=O)c4cc(-c5cn[nH]n5)n(-c5ccc(F)nc5)c4C3c3ccc(Cl)cc3)=CC(Cl)=CN12,中毒,14.940432,20.012468
Clc1ccc(-n2c(-c3cn[nH]n3)cc3c2Oc2cc(Nc4c(Cl)cncc4Cl)ncc2C3)cc1,中毒,5.6525416,35.264347
O=c1c(N2Cc3cc(-c4cn[nH]n4)n(-c4ccc(Cl)c(Cl)c4)c3C2c2ccc(Cl)cc2)cc(Cl)cn1CC1CC(O)(CO)C1,中毒,19.24008,11.513729
O=C1c2nc(-c3cn[nH]n3)nn2CC(c2ccc(Cl)s2)N1c1cc(Cl)cn(C2CC(O)(CO)C2)c1=O,中毒,44.851643,13.466203
Clc1ccc(Cl)c(-c2cc(-c3cn[nH]n3)cc3c2C2=C(CCCC2)C3)c1Cl,中毒,15.383194,43.062737
O=C(Nc1ccc(OC(F)(F)F)nc1)c1cc2cc(-c3cn[nH]n3)cc-2c2c(n1)CC(c1cc(F)ccc1F)S(=O)(=O)C2,中毒,37.07675,15.625574
C1=C(c2nc(-c3cn[nH]n3)cc3ncnc(N4CCOCC4)c23)CCCC1,中毒,29.85087,114.749054
O=C1c2cc(-c3cn[nH]n3)oc2C2(c3ccc(Cl)cc3)CCCC2C(c2ccc(Cl)cc2)N1c1cc(Cl)cn(C2CC(O)(CO)C2)c1=O,中毒,9.827812,17.786665
Fc1cnccc1CNc1cc(-c2nc3cc(OC4COC5(CCCC5)C4)ccc3c3cc(-c4cn[nH]n4)c(F)cc23)ccn1,中毒,5.734178,13.040417
c1cc(-c2n[nH]cc2-c2ccnc(Nc3cncc(-c4cn[nH]n4)c3)c2)ccn1,中毒,11.576201,161.73798
OCC1CN(c2cc(-c3cn[nH]n3)cc3c(N4Cc5cccnc5C4)nc(Nc4ccccn4)nc23)CCO1,中毒,12.209129,25.293299
O=C1CC(O)(CO)CC2c3c(sc4c(=O)n(-c5ccc(Cl)cc5)c(-c5cn[nH]n5)nc34)C(c3ccc(C(F)F)cc3)N1c1cc(Cl)cn2c1=O,中毒,14.665749,13.503714
Oc1cc(C(On2c(-c3c(Cl)cccc3Cl)nc3c(-c4cn[nH]n4)cnnc32)c2ccccc2F)ccc1OCCN1CCOCC1,中毒,18.303444,87.61237
N#CC1CN(c2cc(Cl)cn(COCCO)c2=O)Cc2cc3[nH]c2-c2ccccc2C2=CC(c4cn[nH]n4)=CC(=O)C2=C31,中毒,17.150127,13.16881
N#Cc1ccc(C2c3c(cc(-c4cn[nH]n4)n3-c3ccc(F)cc3)C(=O)N2c2cc(Cl)cn(C3CC(O)(CO)C3)c2=O)cc1,中毒,14.882899,11.513729
O=C1c2cc(-c3cn[nH]n3)n(-c3cc(F)cc(Cl)c3)c2C(c2ccc(Cl)cc2)N1c1cc(Cl)cn(C2CC(O)(CCO)C2)c1=O,中毒,14.882899,11.513729
O=C(O)c1cn(-c2cccc(-c3ccoc3)c2)c2nc(-c3cn[nH]n3)c(F)c(Cl)c2c1=O,中毒,67.709854,9.118349
C1=Nc2nc(c3cc(C4CN(c5ccncn5)C4)n(-c4cccnc4)c3n2)C=C1c1cn[nH]n1,中毒,13.182799,82.49701
O=c1c(N2Cc3cn(S(=O)(=O)c4ccc(F)cc4)c(=O)c4cc(-c5cn[nH]n5)cc-4c32)cc(Cl)cn1C1CC1,中毒,5.9831038,15.055594
OC1COCC(Oc2cnccc2-c2cc3sc(-c4cn[nH]n4)cc3s2)C1,低毒,136.24707,53.99137
Fc1c(Cl)cccc1C1Oc2cc(NC3CC3)ncc2-c2nc(-c3cn[nH]n3)sc21,中毒,14.2305,11.852068
Fc1cccc(Cl)c1-c1nccn2cc(-c3ccsc3)c(-c3cn[nH]n3)c12,中毒,3.142683,18.456959
Clc1cccc(Cl)c1-c1cc(-c2cn[nH]n2)cc2c1CN(c1nsc3ccccc13)C2,中毒,29.60683,35.757824
O=C1c2sc(C3CC3)c(-c3ccc(F)cc3)c2-c2cc(-c3cn[nH]n3)n(-c3ccc(Cl)cc3)c21,中毒,10.848776,42.048378
O=c1oonc1-c1cc2c(cc1F)C(c1ccc(C(F)(F)c3cncnc3)c(F)n1)c1cc(-c3cn[nH]n3)c(Br)cc1O2,中毒,11.794666,13.847877
Clc1cccc(Cl)c1-c1cc(-c2cn[nH]n2)cc2c1CN(C1CCCOC1)CC2,中毒,14.822121,79.02783
Fc1cc(F)cc(-n2c(Nc3ccc4c(c3)OCO4)nc3cc(-c4cn[nH]n4)cc(Cl)c32)c1,中毒,4.3470755,22.565722
FC(F)(F)C1=NOC(COc2cc3ncnc(-c4cnc5[nH]ccc5c4)c3cc2-c2cn[nH]n2)C1,中毒,8.176878,80.43063
O=C1c2cc(-c3cn[nH]n3)cc(-c3c(Cl)cccc3Cl)c2CC(c2ccc(F)cc2)N1c1cc(Cl)cn(C2CC(O)(CO)C2)c1=O,中毒,15.809174,17.379768
Fc1cc(Nc2nc(-c3ccc(Cl)cc3)nc3cc(-c4cn[nH]n4)c(OC4CCNC5(CCCO5)C4)cc23)ccc1Br,中毒,12.41914,24.104822
Fc1ccc(-c2nc(N3CCOCC3)nc3sc(-c4cn[nH]n4)cc23)nc1,中毒,21.506374,27.017195
O=c1c(N2Cc3cc(-c4cn[nH]n4)cc(-c4ncc(Cl)cc4Cl)c3C2c2ccc(Cl)cc2)cc(Cl)cn1C1CC(O)(CO)C1,中毒,22.081963,9.719319
Clc1cccc(C2c3c(cc(-c4cn[nH]n4)nc3Nc3ncc4ccsc4n3)-c3nc(-c4ccno4)cn32)c1,中毒,30.58635,23.240705
O=c1[nH]cc(Cl)cc1N1Cn2ncc3nc(-c4cn[nH]n4)cc-3c2C1c1ccc(Cl)cc1,中毒,49.523827,16.057194
O=C1c2cc(-c3cn[nH]n3)n(-c3cc(Cl)ccc3Br)c2C(c2ccc(Cl)cc2)N1c1cc(Cl)cn(C2CC(O)(CO)C2)c1=O,中毒,14.882899,11.513729
O=P(O)(CCc1ccccc1)NCC(NC1=c2scc(-c3cn[nH]n3)c2=N1)c1nc2c(s1)CN(S(=O)(=O)c1ccccc1)CC2,中毒,18.876085,15.967391
O=c1[nH]c2cc(Cl)cc(Cl)c2nc1-c1cn[nH]n1,低毒,215.85565,93.93582
N#CC1=CC=C2C3OC(=C1)C2N(c1ccc(Cl)c(F)c1)C(c1ccc(Cl)cc1)c1c(cc(-c2cn[nH]n2)n1-c1cc(Cl)ccc1Cl)CC3O,中毒,91.657394,13.466203
O=C1c2cc(-c3cn[nH]n3)n(-c3ccc(Cl)cc3Cl)c2C(c2ccc(Cl)cc2)N1c1cc(Cl)cn(C2CC(O)(CO)C2=O)c1=O,中毒,51.50488,11.513729
c1nc2c(cc1-c1cn[nH]n1)ncn2C1CC2CNCC(C2)C1,中毒,18.826384,61.91413
O=c1[nH]cc(Cl)cc1N1Cc2cc(-c3cn[nH]n3)n(-c3cc(F)c(F)cc3F)c2C1c1ccc(Cl)cc1,中毒,21.327534,14.026334
O=c1c(N2Cc3cc(-c4cn[nH]n4)n(-c4ccc(F)cc4)c32)cc(Cl)cn1C1CC(O)(CO)C1,中毒,28.74248,33.69392
Clc1ccc2c(N3Cc4nc(-c5cn[nH]n5)cc(-c5c(Cl)cccc5Cl)c4C3)nsc2c1,中毒,28.441347,14.328993
Fc1ccc(OCCCOc2ccc3c(c2)-c2c(c4cc(F)ccc4n2-c2cn[nH]n2)C(c2ccc(Cl)cc2)N3c2ccc(Cl)cc2)cc1,中毒,10.373568,29.23957
S=c1[nH]nc(Sc2ccc(-c3nsc4cc(-c5cn[nH]n5)ccc34)cc2)n1Br,中毒,12.459366,91.106415
O=C1c2nc(-c3cn[nH]n3)n(-c3cc(Cl)cc(Cl)c3)c2C(c2ccc(Cl)cc2)N1c1cc(Cl)cn(C2CCC(O)CC2)c1=O,中毒,26.73113,34.717995
OC1COCCC1Oc1cc(-c2cncc(F)c2)nc2c1-c1cc(-c3cn[nH]n3)cc(-c3c(Cl)cccc3Cl)c1-2,低毒,13.589199,51.762016
O=C1c2c(nc3ccsc3c2-c2cn[nH]n2)C(c2ccc(Cl)cc2)N1c1cc(Cl)cn(C2CC(O)(CO)C2)c1=O,中毒,26.553892,13.503714
O=C1c2cc(-c3cn[nH]n3)c(=O)c(Cl)c(N3CCOCC3)c2C(c2ccc(Cl)cc2)N1c1cc(Cl)cn(C2CC(O)(CO)C2)c1=O,中毒,17.66382,44.127552
O=S(=O)(NCc1ccc(Br)c(-c2nc(-c3cn[nH]n3)cs2)c1)c1ccsc1,中毒,20.604591,49.40714
O=C1c2nc(-c3cn[nH]n3)c(-c3ccc(Cl)cc3F)n2C(c2ccc(Cl)cc2)N1c1cc(Cl)cn(C2CC(O)(CO)C2)c1=O,中毒,32.68572,16.862432
O=C1c2cc(-c3cn[nH]n3)n(-c3ccc(F)cc3F)c2C(c2ccc(Cl)cc2)N1c1cc(Cl)cn(C2C=C(CO)C(O)C2)c1=O,中毒,12.488247,11.513729
Fc1cncc(-c2cc(-c3cn[nH]n3)cc3ncnc(Oc4ccc(C(F)(F)F)cn4)c23)c1,中毒,20.886541,18.182178
O=C1c2cc(-c3cn[nH]n3)n(-c3ccc(F)cc3Cl)c2C(Cc2ccc(Cl)cc2)N1c1cc(Cl)cn(C2CC(O)(CO)C2)c1=O,中毒,51.50488,13.503714
O=S(=O)(O)CC12CN(c3cn[nH]n3)N=C1c1ccccc1-c1nnnn1C2,中毒,40.281677,10.559315
c1ccc(C2(c3cc4cnc(-c5cn[nH]n5)cc4c4cc(-c5ccoc5)ncc34)CC2)nc1,中毒,9.480279,33.513103
OCC1CCC(CN2C3=NC2Cc2cc(-c4cn[nH]n4)cc(-c4c(F)cccc4Cl)c2OC3c2ccc(Cl)cc2)C1,中毒,111.17775,21.48465
O=c1c(N2Cc3nc(-c4cn[nH]n4)n(-c4ccc(Cl)cc4Cl)c3C2c2ccc(Cl)cc2)cc(Cl)cn1C1CC(O)(CO)C1,中毒,18.259663,13.466203
O=c1c(N2Cc3cc(-c4cn[nH]n4)n(-c4ccc(Cl)cc4Cl)c3C2c2ccc(Cl)cc2)cc(Cl)cn1C1C=C(CO)CC(O)C1,中毒,24.385923,11.513729
O=C(c1ccc(Br)s1)N1CCc2c(sc3nc(-c4nc(-c5cn[nH]n5)cs4)n(-c4cccc(F)c4)c(=O)c23)C1,中毒,30.514273,24.67719
O=C1Cc2c3c4c(ccn(-c5ccc(F)cc5)c(c2-3)C(=O)N1)CN4c1nc(-c2cn[nH]n2)cs1,中毒,42.462635,17.555294
Brc1cnc2c(c1)-c1nc3ccc1CCN(CC1CCCN1)CC3=C1C=C(c3cn[nH]n3)C=C12,中毒,10.460796,21.847828
Clc1cccc(Cl)c1-c1csc(Cn2cc(Oc3ccc(-c4cc5cc(-c6cn[nH]n6)cn5c(C5CC5)n4)cc3)nn2)n1,中毒,3.2606938,34.23718
c1ccc2[nH]c(-c3c(-c4ccsc4)ncc4c3CC(COc3cc(-c5cn[nH]n5)cc5cc(-c6cnoc6)ncc35)CO4)nc2c1,中毒,24.997696,14.605818
O=c1c(N2Cc3cc(-c4cn[nH]n4)n(-c4ccc(F)cc4)c3C2c2ccc(Cl)nc2)cc(Cl)cn1C1CC(O)(CO)C1,中毒,19.24008,11.513729
c1nc(Nc2ccc3c(c2)OCO3)c2cc3ncc(-c4cn[nH]n4)cc3cc2n1,中毒,5.697316,125.66382
N#Cc1cc(Cl)ccc1C1c2c(cc(-c3cn[nH]n3)n2-c2ccc(F)cc2F)C(=O)N1c1cc(Cl)cn(C2CC(O)(CO)C2)c1=O,中毒,23.909687,12.110745
O=c1c2ccsc2nc(-c2ccc(Cl)cc2F)n1-c1cn[nH]n1,低毒,41.190662,28.404522
O=c1c2c(cnn1-c1cccc(F)c1)CC(CNc1ncc(-c3ccc(Cl)cn3)n1-c1cn[nH]n1)C2,中毒,11.213071,48.616257
O=C1N2C3CCC1(C(F)F)N(c1ccc(Cl)cc1)C(c1ccc(Cl)cc1)c1c(cc(-c4cn[nH]n4)n1-c1ccc(F)cc1)C32,中毒,21.327534,19.648664
O=C1c2cc(-c3cn[nH]n3)n(-c3ccc(Cl)cc3Cl)c2C(c2ccc(Cl)cc2)CN1c1cc(Cl)cn(C2CC(O)(CO)C2)c1=O,中毒,51.50488,13.466203
Clc1cc2oc3ccc(-c4cnc(Oc5ccnc6cnccc56)s4)cc3c2cc1-c1cn[nH]n1,中毒,7.5023713,21.158436
O=c1c(-c2cn[nH]n2)cc2c(-c3ccc(-c4ccoc4)nc3)cncc2c(Nc2cccc(CN3CCOCC3)c2)c1C1CCNC1,中毒,41.16557,35.58047
c1cnc2nc(N3CCC(Nc4cc5c(c6cc(-c7cn[nH]n7)cc-6n4)C5)CC3)cnc2c1,中毒,6.072466,38.601864
c1ccc2c(CNc3ccc(-c4cn[nH]n4)cn3)c3c(nc2c1)CCC3,低毒,18.879324,105.5215
NC(=O)C12C3=CSC(c4ccc(C(F)(F)F)cc4)=CC(=C3c3cc(-c4cn[nH]n4)cc(-c4c(F)cccc4F)c31)C(F)=C2F,中毒,29.54402,17.334517
O=C1C=NN(C2=C3C=C(c4cn[nH]n4)C=C3c3nc4c(OCC5(N6CCOCC6)CC5)ncnc4n3C2)C1=O,中毒,26.578539,10.854751
Fc1ccc(-n2nccc2-c2cc3c(cc2-c2cn[nH]n2)Cc2c(-c4cscn4)cc(-c4cocn4)nc2O3)c(F)c1,中毒,12.189273,21.864645
O=C1c2cc(-c3cn[nH]n3)n(-c3ccc(F)cc3F)c2C(c2ccc(Cl)cc2)N1c1cc(Cl)cn(C2CNC(O)(CO)C2)c1=O,中毒,15.540574,11.513729
O=C1C(=Cc2cnn3c(NC4CC4)nc(NCc4ccc(-c5ccc(-c6cn[nH]n6)cc5)cc4)nc23)Nc2ccccc21,中毒,4.1192784,32.422295
O=C1c2cc(-c3cn[nH]n3)n(-c3ccc(C4CCC5(CCCN5)C4)cc3)c2C(c2ccc(Cl)cc2)N1c1cc(Cl)cn(C2CC(O)(CO)C2)c1=O,中毒,14.882899,11.513729
O=C1c2cc(-c3cn[nH]n3)n(-c3ccc(F)nc3F)c2C(c2ccc(Cl)cc2)N1c1cc(Cl)cn(C2CC(O)(CO)C2)c1=O,中毒,12.488247,11.513729
N#Cc1ccc(-c2cc3cc(OCc4c(Cl)cccc4Cl)c(Br)cc3c3c2cc(-c2cn[nH]n2)n3-c2ccc(F)cc2F)cc1,中毒,7.045073,15.819835
O=C1c2nc(-c3cn[nH]n3)sc2C(c2ccc(Cl)cc2)N1c1cc(Cl)cn(C2CC(O)(CO)O2)c1=O,中毒,59.929935,33.968105
O=C1c2cc(-c3cn[nH]n3)n(-c3c(Cl)cccc3Cl)c2C(c2ccc(Cl)cc2)N1c1cc(Cl)cn(CC2CC(O)(CO)C2)c1=O,中毒,18.205946,11.513729
O=C1c2cc(-c3cn[nH]n3)cc(-c3ccc4ncc(Cl)cc4c3)c2CC(c2ccc(Cl)cc2Cl)N1c1cc(Cl)cn(C2CC(O)(CO)C2O)c1=O,中毒,22.235992,19.79431
Clc1ccc(-c2nc(C=Cc3csc(-c4cn(Cc5ccc6c(c5)OCO6)nn4)c3)nc3nc(-c4cn[nH]n4)cn23)cc1,中毒,6.575047,16.810455
O=C1c2nc(-c3cn[nH]n3)nn2C2(CCOC2)C(c2ccc(Cl)cc2)N1c1cc(Cl)cnc1C1CC2CC(C2)C1,中毒,47.20036,15.02669
O=C1c2cc(-c3cn[nH]n3)n(-c3ccc(Cl)cc3)c2C(c2ccc(Cl)cc2O)N1c1cc(Cl)cn(C2CC(O)(CO)C2)c1=O,中毒,12.488247,13.503714
Fc1cc(Cl)ccc1C1(F)C=CN(CCOC2=CC=C(n3c(-c4cn[nH]n4)cc4c3C3COC(C4)C3)CC2N2CCOCC2)CC1,中毒,26.627281,14.2372675
O=C1NC(Cl)(CCc2nc(-c3cc(-c4cn[nH]n4)cs3)no2)CN1c1ccccc1F,中毒,19.590622,39.268566
O=S1(=O)CCc2nc(Nc3ccc(S(=O)(=O)N4CCOCC4)cc3)nc3cc(-c4cn[nH]n4)cc-3c2C1,中毒,28.186943,14.152756
O=C1c2cc(-c3cn[nH]n3)n(-c3ccc(Cl)cc3F)c2C(c2ccc(Cl)cc2)N1c1ccsc1,中毒,17.272402,23.107658
O=C1c2cc(-c3cn[nH]n3)n(-c3ccc(Cl)cc3)c2C(c2ccc(Cl)cc2)N1c1cc(Cl)cn(C2CC(O)C(O)C(O)C2)c1=O,中毒,14.882899,11.513729
O=c1[nH]c(-c2cn[nH]n2)nc2sc3c(c12)CN(Cc1cscn1)C3,中毒,26.200953,24.67719
O=c1c(N2Nc3cc(-c4cn[nH]n4)cc(-c4c(Cl)cncc4Cl)c3C2c2ccc(Cl)cc2)cc(Cl)cn1C1CC(O)(CO)C1,中毒,16.889458,10.425424
OCCN(CO)c1nc2nc(N3CCOCC3)nc(-c3cncc(Br)c3)c2cc1-c1cn[nH]n1,中毒,4.313839,86.3629
N#CC1=CC=C2C3C(=C1)C2N(c1ccc(Cl)cc1)C(c1ccc(Cl)cc1)c1cc(Br)c(-c2cn[nH]n2)cc1CCc1c3[nH]c(=O)c(C#N)c1O,中毒,45.06454,19.163403
Fc1ccc(-n2c(-c3cn[nH]n3)cc3c2-c2cc(N4CCc5cc(C(F)F)ccc5C4)cc(F)c2-3)cc1,中毒,7.815271,21.570675
O=C1c2cc(-c3cn[nH]n3)cc(-c3cc(Cl)cc(Cl)n3)c2CC(c2ccc(Cl)cc2)N1c1cc(Cl)cn(C2CC(O)(CO)C2)c1=O,中毒,16.692194,19.79431
O=C1CC(n2cc(Cl)cc(N3C(=O)c4cc(-c5cn[nH]n5)n(-c5ccc(F)cc5F)c4C3c3ccc(Cl)cc3)c2=O)CC1O,中毒,35.920673,11.513729
FC(F)(F)c1cc(Cl)ccc1-n1c(-c2cn[nH]n2)nc2c1C(c1ccc(Cl)cc1)N2Cl,中毒,14.842103,40.088688
O=S1(=O)NCC(=Cc2c[nH]c3ncc(-c4cn[nH]n4)cc23)c2ccccc21,中毒,10.312158,11.597072
Fc1cc(C2CC2)ccc1Oc1nccnc1N1CCn2nc(C(CBr)=Nc3cn[nH]n3)cc2C1,中毒,24.313217,36.537186
O=C1c2cc(-c3cn[nH]n3)n(-c3cc(F)cc(F)c3)c2C(c2ccc(Cl)cc2)N1c1cc(Cl)cn(Cl)c1=O,中毒,22.121504,14.026334
O=C1c2cc(-c3cn[nH]n3)n(-c3ccccn3)c2C(c2ccc(Cl)cc2)N1c1cc(Cl)cn(C2CC(O)(CO)C2)c1=O,中毒,14.882899,11.513729
O=C1c2c(nc3[nH]c(CC(Cl)Cl)cc3c2-c2cn[nH]n2)C(c2cccs2)N1c1cc(Cl)cn(C2CC(O)(CO)C2)c1=O,中毒,59.929935,13.503714
O=C1c2c3cc(Cl)cc2-c2sc(Cl)cc2C(CN1C1CC1)N(c1cc(Cl)cnc1C(F)(F)F)c1c-3cc(-c2cn[nH]n2)n1-c1ccc(Cl)cc1,中毒,26.276,15.055594
CC1(C)CC(n2cc(Cl)cc(N3Cc4cc(-c5cn[nH]n5)cc(-c5c(Cl)cccc5Cl)c4C3c3ccc(Cl)cc3)c2=O)CC1(O)CO,中毒,15.809174,8.960914
O=c1c2cc(N3CCOCC3)sc2cc(Sc2cn[nH]n2)n1-c1cccc(F)c1,中毒,43.716717,137.42458
O=C1C2=CC(c3cn[nH]n3)=CC2=C(c2c[nH]c3ncc(-c4nnc[nH]4)cc23)C(=O)N1CCO,中毒,28.820272,29.29136
O=C1c2cc(-c3cn[nH]n3)c(=O)n(-c3ccc4c(c3)OCO4)c2C(c2cccc(Cl)c2)N1c1cc(Cl)cn(C2CC(O)(CO)C2)c1=O,中毒,51.50488,12.110745
O=C1c2cc(-c3cn[nH]n3)n(-c3ccc(Cl)cc3F)c2C(c2ccc(Cl)cc2)N1c1cc(Cl)cn(C2CC(O)(CO)C2Br)c1=O,中毒,12.488247,11.513729
O=C1c2nc(-c3cn[nH]n3)n(-c3cc(F)cc(C(F)(F)F)c3)c2C(c2ccc(Cl)cc2)N1c1cc(Cl)cn(C2CC(O)(CO)C2)c1=O,中毒,38.197144,33.968105
O=c1c(N2Cc3cc(-c4cn[nH]n4)n(-c4cccc(Cl)c4F)c3C2c2ccc(Cl)cc2)cc(Cl)cn1C1CC(O)(CO)C1,中毒,15.763229,11.513729
O=C1c2cc(-c3cn[nH]n3)cc(-c3c(Cl)cccc3Cl)c2C(c2cccs2)C(c2ccc(Cl)cc2)N1c1cc(Cl)cn(C2CC(O)(CO)C2)c1=O,中毒,51.50488,13.503714
O=C1c2cc(-c3cn[nH]n3)n(NC3CC3c3ccc(Cl)cc3F)c2C(c2ccc(Cl)cc2)N1c1cc(Cl)cn(C2CC(O)(CO)C2)c1=O,中毒,8.738106,13.466203
O=C1c2cc(-c3cn[nH]n3)n(-c3ccc(Cl)cc3)c2C(c2ccc(Cl)c(O)c2)N1c1cc(Cl)cn(C2CC(O)C(O)C2)c1=O,中毒,14.882899,13.466203
N#Cc1cn(-c2ccccc2)c(=O)c2c1Cc1ncc(-c3cn[nH]n3)cc1C(c1ccc(Cl)cc1)=N2,中毒,45.650322,59.740677
OC1COCC(c2[nH]ncc2-c2coc3cc(-c4cn[nH]n4)ccc23)C1,中毒,93.20105,26.943153
O=C1CCC2OCOc3cc4ccc3-c3cc(-c5cn[nH]n5)cc(-c5c(Cl)cccc5Cl)c3C4C(c3ccc(Cl)cc3)N1c1cc(Cl)cn2c1=O,中毒,51.124954,38.432915
O=S(=O)(Nc1cc(F)c(-c2c(I)cnn3ncc(-c4cn[nH]n4)c23)cc1Cl)c1ccc(Br)s1,低毒,28.744389,31.420296
Clc1cccc(Cl)c1-c1cc(-c2cn[nH]n2)cc2c1COc1cc(OCCCn3ccnc3)ccc1-2,中毒,24.857435,47.575245
O=C1c2cc(-c3cn[nH]n3)[nH]c2C(c2cccc(Cl)c2)N1c1cc(Cl)cn(C2CC(O)(CO)C2)c1=O,中毒,7.4282966,11.513729
O=C1c2cc(-c3cn[nH]n3)n(-c3ccc(Cl)cc3)c2C(c2ccc(Cl)s2)N1c1cc(Cl)cn(C2CC(O)C(O)C2)c1=O,中毒,15.111123,11.513729
O=C1c2nc(-c3cn[nH]n3)n(-c3ccc(Cl)cc3Cl)c2C(c2ccc(Cl)cc2)N1c1cc(Cl)cn(C2CC(O)C(O)C2)c1=O,中毒,35.69709,13.466203
O=c1c2c(ccc3cccc(F)c32)ccn1-c1nc(-c2cn[nH]n2)co1,中毒,32.80937,24.624771
O=C1N(c2cc(Cl)cn(C3CC(O)(CO)C3)c2=O)C(c2ccc(Cl)cc2)c2c(-c3ccnc(Nc4cc(Cl)c(Cl)cc4Cl)c3)c(-c3cn[nH]n3)cn21,中毒,5.3341017,13.466203
c1cnc(N2Cc3cc4ncc(-c5cn[nH]n5)cc4nc3C2)nc1,中毒,8.5748005,47.685066
O=C1c2cc(-c3cn[nH]n3)[nH]c2C(c2ccc(Cl)c(Cl)c2F)N1c1cc(Cl)cn(C2CC(O)(CO)C2)c1=O,中毒,8.738106,11.513729
O=c1c(N2Cc3nc(-c4cn[nH]n4)n(-c4cc(F)c(F)c(F)c4)c3C2c2ccc(Cl)cc2)cc(Cl)cn1C1CC(O)(CO)C1,中毒,12.620661,34.717995
O=c1c(-c2ccc(Cl)c(-c3nc(-c4cn[nH]n4)no3)c2Br)cc(=O)n(S(=O)(=O)C(F)(F)F)c2c(C(F)(F)F)c[nH]c12,中毒,27.335817,20.115246
O=c1[nH]c2ccc(-c3cc(-c4cn[nH]n4)cc4c3c(=O)n(C3CC(O)C(O)C3)c(=O)n4O)cc2c(=O)n1C1CCOCC1,中毒,15.604131,13.2275715
O=c1cc2[nH]cc1C(c1cn(-c3ccccc3)nc1Cl)c1c(cc(-c3cn[nH]n3)n1-c1ccc(F)cc1F)Nc1ccc(Cl)cc1S2,中毒,13.1119795,20.464985
O=C1c2cc(-c3cn[nH]n3)n(-c3cc(Cl)cc(Cl)c3)c2CN1c1cc(Cl)cn(C2CC(O)(CO)C2)c1=O,中毒,4.3543735,28.20462
S=C1c2cc(-c3ccc(Cl)cc3)ccc2-c2cc(-c3cn[nH]n3)cc(-c3c(Cl)cccc3Cl)c21,中毒,4.331029,78.75498
OCC1NCc2cc(-c3cn[nH]n3)cc(-c3cc(F)cc4c3OCN(c3ccc(F)cc3F)CC4)c21,中毒,27.351225,17.7645
C1=NC(OC2CCOC2)C=C1c1cc2cc(-c3cn[nH]n3)cn2c(-c2ccno2)n1,中毒,40.79616,20.4063
OCC(CO)(c1cn(-c2scc(-c3c(Cl)cccc3Cl)c2-c2cn[nH]n2)nn1)c1cccnc1F,中毒,7.352901,23.736452
Fc1cc(NC(=S)Nc2ccc(Cl)c(C(F)(F)F)c2)ccc1Oc1ncnc2cc(OCCCN3CCN(C4CCCC4)CC3)c(-c3cn[nH]n3)cc12,中毒,5.0803676,34.639217
c1nc(NCc2ccc(-c3nc4nonc4nc3Sc3cn[nH]n3)cc2)c2c3c(sc2n1)CCC3,中毒,16.401325,24.531824
O=c1cc(OCCNc2nc3c(c4cc(-c5cn[nH]n5)c(OCCN5CCOCC5)cc24)CC3)nnn1Cc1cc2c(cn1)OCCO2,中毒,20.020407,25.26653
FC(F)(F)Oc1ccn(CC2CC(c3ccnc4cc(-c5cn[nH]n5)ccc34)CCN2)c1,中毒,29.769732,298.42908
Clc1ccc(C2=C3C=C(c4cn[nH]n4)CC4=C2N(Cc2cccc(Cl)c2)CCCC(NCc2c(Cl)ccc5c2OCO5)=C34)cc1,中毒,14.73529,19.23989
O=C1c2cc(-c3cn[nH]n3)c(-c3ccnc(N4CCOCC4)c3)n2C(c2ccc(Cl)cc2)N1c1cc(Cl)cn(C2CC(O)(CO)C2)c1=O,中毒,17.857702,13.503714
O=P1(OCc2cn(Cl)cn2)NC(c2nonc2-c2cn[nH]n2)C(n2cnc3c(NC4CCCO4)ncnc32)ON1[O-],中毒,47.20036,14.757054
FC1=C(c2ccn(-c3c(Cl)cncc3Cl)c2)N=C2C(c3cn[nH]n3)=CN=C21,中毒,10.904545,35.616814
O=C1c2cc(-c3cn[nH]n3)n(C(c3ccc(Cl)cc3)c3ccc(F)cc3F)c2C(c2ccc(Cl)cc2)N1c1cc(Cl)cn(C2CC(O)(CO)C2)c1=O,中毒,15.763229,13.503714
O=C1c2cc(-c3cn[nH]n3)n(-c3cc(Cl)ccc3Cl)c2C(c2ccc(Cl)cc2)N1c1cc(Cl)cn(C2CCOCC2)c1=O,中毒,22.035963,13.466203
O=C1c2cc(-c3cn[nH]n3)n(C3CC(Br)(Br)C(Cl)(Br)C3O)c2C(c2ccc(Cl)cc2Cl)N1c1cc(Cl)c[nH]1,中毒,29.54402,18.318035
Fc1cccc(-c2ncnc3sc(-c4cn[nH]n4)cc23)c1,高毒,142.67712,20.768476
O=C1c2nc(-c3cn[nH]n3)nc(OC3CCOC3)c2C(c2ccc(Cl)cc2)N1c1cc(Cl)cn(C2CC(O)(CO)C2)c1=O,中毒,27.094715,13.503714
O=c1c(N2Cc3cc(-c4cn[nH]n4)n(-c4cc(F)c(F)cc4F)c3C2c2ccc(Cl)cc2F)cc(Cl)cn1C1CC(O)(CO)C1,中毒,15.763229,11.513729
[O-][n+]1cc(Cl)cc(N2C3C4=CC(Cl)=CC=C3C(c3ccc(Cl)cc3)(Cc3cc(-c5cn[nH]n5)n(-c5ccc(Cl)cc5F)c3C2c2ccc(Cl)cc2)O4)c1,中毒,21.947083,13.466203
c1nc2ncc(-c3cc(-c4cn[nH]n4)cs3)cn2n1,低毒,6.1209865,13.076759
O=C1Cc2cc(-c3cn[nH]n3)cc(-c3ccnc(C(Cl)(Cl)Cl)c3)c2C(c2ccc(Cl)cc2)N1c1cc(Cl)cn(C2CC(O)(CO)C2)c1=O,中毒,25.494274,18.239529
O=C1c2nc(-c3cn[nH]n3)c(-c3cccnc3)c(-c3c(F)cccc3F)c2C(c2ccc(Cl)cc2)N1c1cc(Cl)cn(C2CC(O)(CO)C2)c1=O,中毒,83.921906,13.503714
O=C1c2nc(-c3cn[nH]n3)n(-c3cc(Cl)cc(Cl)c3)c2C(c2ccc(Cl)cc2)N1c1cc(Cl)cn(C2CC(O)(CO)C2O)c1=O,中毒,23.043425,34.717995
O=C1c2nc(-c3cn[nH]n3)nc(Nc3ccc(F)cn3)c2C(c2ccc(Cl)cc2)N1c1cc(Cl)cn(C2CC(O)C(O)C2)c1=O,中毒,16.880064,13.466203
O=P(O)(O)c1ccc(-n2c(CNc3cn[nH]n3)nc3cc(Br)cnc32)cc1,低毒,35.150486,75.36382
O=C1c2nc(-c3cn[nH]n3)nc(-c3c(F)cc(F)cc3Cl)c2C(c2ccc(Cl)cc2)N1c1cc(Cl)cn(C2CC(O)(CO)C2)c1=O,中毒,16.880064,13.466203
Clc1ccc(-c2nc(-c3nc4cc(-c5cn[nH]n5)ccc4[nH]3)cs2)cc1Cl,中毒,11.220531,28.00434
O=C1c2cc(-c3cn[nH]n3)c(-c3cc(Cl)ccc3O)n2C(c2ccc(Cl)cc2)N1c1cc(Cl)cn(C2CC(O)(CO)C2)c1=O,中毒,20.573853,13.503714
Clc1cccc2sc(-c3ncnc4sc(-c5cn[nH]n5)cc34)nc12,中毒,77.37308,41.907356
NC(=O)C12Cc3c4cc(-c5cn[nH]n5)cc-4cnn3-n3c(c(c4ccccc43)CN1Cc1ccc(Cl)o1)OC2c1ccc(Cl)cc1,中毒,46.909283,17.028948
Clc1ccc(-n2c(-c3cn[nH]n3)cc3c2-c2cc(Cl)c(Oc4ccc(Nc5ccccn5)cc4)cc2CC3)cc1,低毒,6.68385,130.73982
Clc1ccc(-n2ncc3c2CCCC3N(Cc2ccco2)C(c2cn[nH]n2)c2c[nH]c3ccccc23)c(Cl)c1,中毒,18.179934,30.927073
Clc1ccc(Nc2nc(C3CC3)nc3cc(-c4cn[nH]n4)cnc23)cc1Cl,中毒,6.0743046,102.66088
O=C1c2nc(-c3cn[nH]n3)n(-c3ccc(Oc4ccccc4)cc3)c2C(c2ccc(Cl)cc2)N1c1cc(Cl)cn(CC2CC(O)(CO)C2)c1=O,中毒,26.797838,34.717995
[O-][S+]1Cc2c(-c3ccc(Oc4ccc(F)cc4)cc3)cc(-c3cn[nH]n3)cc2C1c1ccc(Cl)cc1,中毒,28.981884,17.217638
O=C1C(c2cn[nH]n2)=CC2=C(C(c3ccc(Cl)cc3)N1c1cc(Cl)cn(C3CC(O)(CO)C3)c1=O)n1nc(-c3c(F)cc(F)cc3F)cc12,中毒,32.17651,13.503714
O=C1C2C3C(CC4=C(c5ccc(F)cc5)C(c5cn[nH]n5)=NC423)N(c2ccc(Cl)c(Cl)c2)C1(c1ccc(Cl)cc1)c1cc(Cl)cc(Cl)c1,中毒,21.947083,14.3937645
O=c1c(N2Cc3cc(-c4cn[nH]n4)n(-c4ccc(Cl)cc4Cl)c32)cc(Cl)cn1C1CC(O)(CO)C1,中毒,55.788013,16.023859
O=C1c2cc(-c3cn[nH]n3)n(-c3ccc(Cl)cc3F)c2C(c2ccc(Cl)cc2C(F)(F)F)N1c1cc(Cl)cn(C2CC(O)C(O)C2)c1=O,中毒,12.488247,12.110745
O=C1c2nc(-c3cn[nH]n3)sc2CC(c2ccc(Cl)cc2)N1c1cc(Cl)cn(C2CC(O)(CO)C2)c1=O,中毒,67.53135,41.73536
O=C(O)CCc1c(-c2cn[nH]n2)cc2sc(-c3cc4cc(Cl)ccc4s3)cc2c1CS(=O)(=O)c1ccc(F)cc1,中毒,16.582027,31.389486
O=c1c(N2Cc3nc(-c4cn[nH]n4)nc(NCC4CC4)c3C2c2ccc(Cl)cc2)cc(Cl)cn1C1CC(O)C(O)C1,中毒,9.62564,35.223312
O=c1cc(-c2cc3c([nH]2)CCN(c2ccc(F)c(Cl)c2)C3)ncc2ncc(-c3cn[nH]n3)cc12,中毒,23.89827,70.958824
O=C1c2cc(-c3cn[nH]n3)n(-c3cnc(Cl)cc3F)c2C(c2ccc(Cl)cc2)N1c1cc(Cl)cn(C2CC(F)(F)C2)c1=O,中毒,28.345415,14.026334
O=C1c2nc(-c3cn[nH]n3)n(-c3ccc(Cl)cc3F)c2C(c2ccc(Cl)cc2)N1c1cc(Cl)cn(C2CC(O)C(O)C2)c1=O,中毒,24.818281,34.717995
O=C1c2cc(-c3cn[nH]n3)c(F)nc2CC(c2ccc(Cl)cc2)N1c1cc(Cl)cn(C2CC(O)(CO)C2)c1=O,中毒,52.723274,14.418226
O=C(CC1(CO)CCN(S(=O)(=O)c2cccs2)C1)NC1CCc2sc(-c3cn[nH]n3)cc2C1,中毒,26.742447,10.468517
S=C1N2CCN=C2C(c2ccc(Cl)cc2)(c2cc3[nH]ncc3cc2-c2cn[nH]n2)N1c1ccc2[nH]ncc2c1,中毒,27.939644,107.67266
O=P(O)(O)OCCC1(C(F)(F)F)c2ccc3c4ccc(N5CCNCC5)c(nc5c6scc(oc54)C=C(c4cc(-c5cn[nH]n5)cs4)C=6)c3nc1c2,中毒,7.1121993,14.670165
O=C1c2cc(-c3cn[nH]n3)n(-c3ccc(Cl)cc3F)c2C(c2ccc(OC3CC3)cc2)N1c1cc(Cl)cn(C2CC(O)(CO)C2)c1=O,中毒,12.488247,11.513729
CC1(CO)c2cc(-c3cn[nH]n3)cc(-c3ccc(-n4ccnc4Cl)cc3)c2C(c2ccc(Cl)cc2F)N1c1cc(Cl)cn(C2CC(O)(CO)C2)c1=O,中毒,12.808037,16.862432
OCC1Cc2nc3n(-c4ccc(Cl)c(F)c4)c2CC2=CC(c4cn[nH]n4)=CC2=C3CO1,中毒,69.95217,24.22188
FC1(F)CC2CN(c3cn[nH]n3)C1(COc1cn(-c3ccccn3)nn1)O2,中毒,126.71389,24.351809
O=C1c2cc(-c3cn[nH]n3)n(-c3ccc(F)cc3)c2C(c2ccc(Cl)cc2)N1c1cc(Cl)cn(C2CCC(O)C2)c1=O,中毒,31.338547,11.513729
O=C1c2cc(-c3cn[nH]n3)[nH]c2C(c2ccc(Cl)cc2)N1c1cc(Cl)cn(C2CC(O)(CO)C2)c(=O)c1=O,中毒,7.8750753,12.452852
O=c1c(N2Cc3cc(-c4cn[nH]n4)n(-c4ccc(F)cc4)c3C2c2ccc(Cl)cc2)cc(Cl)cn1C(CO)C(F)(F)F,中毒,40.01299,11.513729
FC(F)(F)c1ccc(CCC2NC3Cc4c(cc(-c5cn[nH]n5)cc4-c4c(Cl)cccc4Cl)CC2N3)cn1,中毒,13.488758,117.54173
O=C1c2cc(-c3cn[nH]n3)c(-c3ccc(F)cc3F)n2C(c2ccc(Cl)cc2)N1c1cc(Cl)cn(C2CC(O)C(O)C2)c1=O,中毒,32.68572,13.503714
O=C1c2cc(-c3cn[nH]n3)n(-c3ccc(F)cc3)c2C(c2ccc(Cl)cc2)N1c1cc(Cl)cn(C2C=C(c3ccc(F)cc3)N=N2)c1=O,中毒,43.942547,14.026334
Clc1cnc2c(n1)c1ncc(-c3cn[nH]n3)cc1c1[nH]cnc21,高毒,5.0366554,97.44141
OC1(Cn2cncn2)CCC(N2Cc3ncc(-c4cn[nH]n4)c(C(c4ccc(Cl)cc4)(c4cccnc4)c4cc(F)c(F)cn4)c32)CC1,中毒,80.52571,20.287334
O=C1c2cc(-c3cn[nH]n3)n(-c3cc(Cl)cc(Cl)c3Cl)c2C(c2ccc(Cl)cc2)N1c1cc(Cl)cn(C2CC(O)(CO)C2)c1=O,中毒,18.205946,11.513729
Fc1ccc(-n2c(-c3cn[nH]n3)cc3c2-c2cc(-c4nnc(-c5cccc(C(F)(F)F)c5)c5cccnc45)ncc2CC3)cc1,中毒,19.768942,15.055594
O=c1[nH]c(C2(c3cccc(Cl)c3)CC2)nc2c3ccncc3c3cc(-c4cn[nH]n4)cnc3c12,中毒,15.8460455,18.576206
O=C1c2cc(-c3cn[nH]n3)n(-c3ccoc3)c2C(c2ccc(Cl)cc2)N1c1cc(Cl)cn(C2CC(O)C(O)C2)c1=O,中毒,14.882899,11.513729
O=S(=O)(c1ccc(Cc2cc3cc(-c4cn[nH]n4)cc-3c3c(n2)CN(C2CCC2)C3)cc1)C(F)(F)F,中毒,43.221443,25.219578
O=C1c2cc(-c3cn[nH]n3)n(-c3ccc(F)cc3F)c2C(c2ccc(Cl)cc2)N1c1cc(Cl)c(=O)n(C2CC(F)(F)C2)c1,中毒,17.475342,15.904917
Brc1cncc2c1-c1cc(-c3cn[nH]n3)sc1CO2,低毒,9.373656,37.146645
O=C1C2CC(O)(O)Cc3cc(-c4cn[nH]n4)cc(-c4c(Cl)cccc4Cl)c3C(c3ccc(Cl)cc3)N1c1cc(Cl)cn2c1=O,中毒,19.016203,18.239529
O=C1c2cc(-c3cn[nH]n3)n(-c3ccc(Br)cc3F)c2C(c2ccc(Cl)s2)N1c1cc(Cl)cn(C2CC(O)(CO)C2)c1=O,中毒,13.346145,11.513729
O=C1c2cc(-c3cn[nH]n3)n(-c3ccccc3)c2C(c2ccc(Cl)cc2)N1c1cc(Cl)cn(C2CC(O)C(O)C2)c1=O,中毒,14.882899,11.513729
c1cc(-c2cnc(-n3ncc4c(Nc5nc(-c6cn[nH]n6)cs5)nc(-c5ccoc5)cc43)c(-c3ccoc3)c2)co1,中毒,43.236824,53.71253
O=C1c2cc(-c3cn[nH]n3)n(-c3ccc(Cl)cc3)c2C(c2cccc(Cl)c2F)N1c1cc(Cl)cn(C2CC(O)(CO)C2)c1=O,中毒,14.882899,11.513729
Fc1cc2c(cc1Cl)cc(-c1cn[nH]n1)n2-c1ccsc1,中毒,11.706253,34.6653
Fc1ccc(-n2cc3c(c2)-c2cc(-c4cc5cncc(Br)c5nc4-c4cn[nH]n4)[nH]c2CC3)c(F)c1,中毒,10.487097,18.479334
Fc1ccc(-n2c(-c3cn[nH]n3)cc3c2C(c2ccc(Cl)cc2)N(c2cc(Cl)cs2)C3)c(F)c1,中毒,28.501118,23.074959
Fc1cccc(-c2cc(Br)c3c(c2)-c2c(-c4cn[nH]n4)cnn2C(c2ccc(Cl)cc2)N=C3c2ccccc2)c1F,中毒,51.033512,29.344908
O=C1c2cc(-c3cn[nH]n3)n(-c3ccc(Cl)cc3F)c2C(c2c(F)cccc2Cl)N1c1cc(Cl)cn(C2CC(O)(CO)C2)c1=O,中毒,12.488247,11.513729
O=C1c2c(nc3cc(F)ccc3c2-c2cn[nH]n2)C(c2ccc(Cl)cc2)N1c1cc(Cl)cn(C2CC(O)(CO)C2)c1=O,中毒,26.553892,12.110745
O=C1c2cc(-c3cn[nH]n3)n(-c3ccc(F)s3)c2C(c2ccc(Cl)cc2Cl)N1c1cc(Cl)cn(C2CC(O)(CO)C2)c1=O,中毒,15.540574,11.513729
O=C1c2cc(-c3cn[nH]n3)c(-c3cccc(-c4cc5ccsc5nn4)c3)n2C(c2ccc(Cl)cc2)N1c1cc(Cl)cn(C2CC(O)(CO)C2)c1=O,中毒,44.09037,13.503714
O=c1nc(Nc2ccc(CN3CCCC(O)C3)cc2)c2ncc(C3CCOC3)n2cc1-c1cn[nH]n1,中毒,17.42535,47.27877
Clc1cc(-c2c(-c3cncnc3)[nH]c3ncc(-c4cn[nH]n4)cc23)ccn1,中毒,16.787544,61.430927
O=C(Cc1cc(-c2ccoc2)cc2c1Cc1cc(-c3cn[nH]n3)ccc1-2)Nc1ncns1,高毒,44.675457,38.977673
O=S(=O)(Nc1ccc(F)c(-c2c(-c3c(Cl)cccc3Cl)nc3c(OC(F)(F)F)cccc3c2Cl)c1)c1cn[nH]n1,中毒,20.008623,68.06396
O=C1c2cc(-c3cn[nH]n3)n(-c3ccc(Cl)cc3F)c2C(c2ccncc2)N1c1cc(F)c(=O)n(C2CC(O)C(O)C2)c1,中毒,12.488247,13.447941
Brc1ccc(-c2nc(CSc3nc(-c4cn[nH]n4)cc4c3C3=NCCCN34)co2)s1,中毒,11.439061,54.937756
O=C1c2nc(-c3cn[nH]n3)cc(-c3ccc(F)cc3F)c2C(c2ccc(Cl)cc2)N1c1cc(Cl)cn(C2CC(O)(CO)C2)c1=O,中毒,37.24519,12.110745
O=C1CCc2ccc(-c3cc(C4=CN=C5C=C(c6cn[nH]n6)C(c6ccc(COC7CC7)cc6)=C45)ccn3)nc2N1,中毒,23.782757,36.232723
O=C1c2cc(-c3cn[nH]n3)n(C(CCl)c3ccc(Cl)cc3)c2C(c2ccc(Cl)cc2)N1c1cc(Cl)cn(C2CC(O)(CO)C2)c1=O,中毒,26.303608,13.503714
O=c1c(N2Cc3nc(-c4cn[nH]n4)cc(-c4cn[nH]c4)c3C2c2ccc(Cl)cc2)cc(C2CC2)cn1C1CC(O)(CO)C1,中毒,43.079205,10.292379
O=C1c2cc(-c3cn[nH]n3)n(-c3cc(Cl)ccc3F)c2C(c2ccc(Cl)cc2)N1c1cc(Cl)cc(C2CC2)c1,中毒,17.272402,23.107658
O=C1c2nc(-c3cn[nH]n3)n(-c3ccc(Cl)cc3Cl)c2C(c2ccc(Cl)cc2)SN1c1cc(Cl)cn(C2CC(O)(CO)C2)c1=O,中毒,38.640644,17.484896
O=C1c2cc(-c3cn[nH]n3)n(-c3ccc(F)cn3)c2C(c2ccc(Cl)cc2)N1c1cc(Cl)cn(C2CC(O)(CO)C2)c1=O,中毒,14.882899,11.513729
O=c1c(Cl)c(Oc2ccc3oc4ncccc4c3c2)c2cnc(-c3cn[nH]n3)cc2n1C1CC(O)C(COP(=O)(O)O)O1,中毒,31.656734,57.24515
O=C1N(c2cc(Cl)cn(C3CC(O)(CO)C3)c2=O)C(c2ccc(Cl)cc2)c2c(-c3ccc(F)cc3F)c(-c3cn[nH]n3)cn21,中毒,4.780019,13.466203
O=C1C2=C3CN=C(c4ccccc4)C3=C1c1c(cc(-c3cn[nH]n3)n1-c1ccc(F)cc1F)N(S(=O)(=O)c1ccc(Cl)cc1)C(=S)SC2,中毒,27.586363,41.41191
O=C1c2nc(-c3cn[nH]n3)c(-c3ccc(Cl)cc3)c(-c3ccco3)c2C(c2ccc(Cl)cc2)N1c1cc(Cl)cn(C2CC(O)(CO)C2)c1=O,中毒,67.017,12.110745
O=C1c2cc(-c3cn[nH]n3)n(-c3ccc(Cl)cc3)c2C(c2ccc(Cl)cc2)N1c1cc(Cl)n(C2CC(O)(CO)C2)c1,中毒,18.205946,19.356245
O=c1[nH]c(=O)n(-c2cc(-c3cn[nH]n3)cc3c2CN(c2cnc(Cl)c(Cl)c2)C3)cc1Br,中毒,5.4402742,20.584772
Clc1ccc(-n2c(-c3cn[nH]n3)cc3c4ccccc4c4c(c32)C(c2ccnc3ccccc23)NCC4)cc1,中毒,13.345911,29.950533
Clc1ccc(-c2c(-c3cn[nH]n3)cc3n2C(c2ccc(Cl)cc2)N(c2ccc(Cl)cc2)C2(c4ccc(OCc5c(Cl)cccc5Cl)cc4)NC2C3)cc1,中毒,16.977365,13.503714
O=c1c2cc(-c3cn[nH]n3)cc3c2n(c(=O)n1CC(O)N1CCCC1)C(c1ccc(Cl)cc1)C3,中毒,9.693106,50.12719
Clc1ccc(C2c3cc(Cl)cc(Cl)c3-c3cc(-c4cn[nH]n4)cc(-c4cn[nH]c4)c32)cc1,低毒,11.664331,80.18212
Clc1ccc(C2NC3c4ccc(c(c4)OCOCN2C2CCCC2)-c2cc(-c4cn[nH]n4)cc(-c4c(Cl)cccc4Cl)c23)c(Cl)c1,中毒,25.710533,26.051308
Clc1cccc(Cl)c1-c1cc(-c2cn[nH]n2)cc2c1C(c1ccc3sc(NCc4cccnc4)nc3c1)C(N1CCOCC1)C2,中毒,30.567608,21.146196
Fc1cc(Cl)ccc1-n1c(-c2cn[nH]n2)nc2c1-c1sc(-c3cc(Cl)ccc3OC(F)F)c(-c3ccc4ncsc4c3)c1-2,中毒,54.740265,15.3558445
O=c1c(-c2cccc(I)c2)c(-c2nc(-c3ccccc3F)no2)[nH]c2ncc(-c3cn[nH]n3)cc12,中毒,45.575565,27.1327
Fc1cc(Cl)ccc1-n1c(-c2cn[nH]n2)cc2c1C(c1ccc(Cl)cc1)N(c1ccc(Cl)cc1)C2c1ccc(Cl)cc1,中毒,21.327534,23.107658
O=c1c(N2Cc3cc(-c4cn[nH]n4)cc(-c4c(Cl)cccc4Cl)c3C2c2cccc(Cl)c2)cc(Cl)cn1C1CC(O)(CO)C1,中毒,9.036046,9.912456
O=C1c2nc(-c3cn[nH]n3)sc2C(c2cccc(Br)c2)N1c1cc(Cl)cn(C2CC(O)(CO)C2)c1=O,中毒,59.929935,28.20462
Fc1ccc(C2Cc3cc(-c4cn[nH]n4)cc(-c4c(Cl)cccc4Cl)c3C2Nc2ccccc2)c(F)c1,中毒,17.378763,43.942776
O=c1[nH]c(=S)[nH]c2ncc(-c3cn[nH]n3)cc12,低毒,19.671736,179.25543
c1cc2cc(-c3cn4cc(-c5cn[nH]n5)cc4c(-c4ccc5ocnc5c4)n3)cnc2cn1,中毒,17.887726,37.998764
NC1CC(n2cc(Cl)cc(N3C(=O)c4cc(-c5cn[nH]n5)n(-c5ccc(Cl)cc5)c4C3c3ccc(Cl)cc3)c2=O)CC1O,中毒,31.338547,11.513729
O=C1N=C(c2cn[nH]n2)C=C2SC(c3cc(NCc4csnn4)c(Cl)cc3Cl)=C12,中毒,25.443987,13.714507
O=C1Nc2nc3ccc2C2=NC4=C(CCNC4)SC4=CC=CN=CCCCCN(CC3=C3C=C(c5cn[nH]n5)N=C3C1=O)c1cc(F)c(nc14)N2,中毒,28.345415,14.3937645
OCC1(O)CC(n2cc(-c3c4c(F)c(F)c(F)ccc5c(c6cc(-c7cn[nH]n7)n5c36)=C3CCNCC3=N4)cn2)C1,中毒,14.496844,20.365278
OCCC1CC2(Cc3c(nc4n3CC(c3cn[nH]n3)C4)CN(Cc3ccsc3)C2)O1,中毒,32.529053,11.877686
O=C1c2ccc(F)cc(F)c3cc(-c4n[nH]cc4-c4cn[nH]n4)n2c3C(c2ccc(Cl)cc2Cl)N2C(=O)C2=CC(Cl)=CN1C1CC(O)(CO)C1,中毒,13.79532,15.146704
O=C1c2cc(-c3cn[nH]n3)c(N3CCC(c4noc(C(CO)(CO)c5ccc(F)cc5)n4)CC3)cc2CCN1c1ccccc1,中毒,16.367086,25.854904
c1cnc(N2CCc3nc(-c4cn[nH]n4)nc(-c4csc(-c5cccnc5)n4)c3C2)nc1,中毒,19.406382,34.40111
Fc1ccc(-n2c(-c3cn[nH]n3)cc3c2-c2nc(-c4ccoc4)nc(Oc4ccnc(F)c4)c2-3)c(F)c1,中毒,6.97191,14.491859
Cn1c(O)c(N2C(=O)c3cc(-c4cn[nH]n4)n(-c4ccc(Cl)cc4)c3CC2c2ccc(Cl)cc2)cc(Cl)c1=O,中毒,42.307957,15.303033
Fc1ccc(-c2[nH]ncc2-c2ccc3c(c2)-c2nc(-c4cn[nH]n4)nn2C2(CCNC2)C3)cc1,中毒,15.777934,35.983723
O=C1c2cc(-c3cn[nH]n3)n(-c3ccc(F)cc3F)c2C(c2ccc(Cl)nc2)N1c1cc(Cl)cn(C2CC(O)(C(O)CO)C2)c1=O,中毒,12.488247,11.513729
O=C1c2nc(-c3cn[nH]n3)[nH]c2C(c2ccc(Cl)cc2)N1c1cc(Cl)cn(C2CC(O)(CO)C2)c1=O,中毒,21.438358,35.333744
Clc1ccc(C2c3c(cc(-c4cn[nH]n4)n3-c3ccc(Cl)cc3)C(c3ccnc4nc(NCC5CC5)[nH]c34)CN2c2cc3c(s2)CCC3)cc1,中毒,28.345415,14.0600395
c1nc(-c2cnc3ccsc3c2)c2cc(-c3cn[nH]n3)c(NC3CCC(N4CCN(C5CCC5)CC4)C3)cc2n1,中毒,15.469911,26.686916
Fc1ccc(-n2c(-c3cn[nH]n3)cc3c2C(c2ccc(Cl)cc2)N(c2ccc(Cl)cc2F)C3c2ccc(Cl)cc2)c(F)c1,中毒,21.327534,21.729755
Fc1ccc(C2c3cc(F)c(Cl)cc3Oc3cnc(-c4cn[nH]n4)cc3N2c2ccc(Oc3ccccn3)cc2)cc1,中毒,46.73623,10.720184
O=C1c2cc(-c3cn[nH]n3)n(-c3cccc4ccccc34)c2C(c2ccc(Cl)cc2)N1c1cc(Cl)cn(C2CC(O)(CO)C2)c1=O,中毒,14.882899,11.513729
Cn1cncc1-c1cc(-c2ccc(-c3c(-c4cnoc4)ncc4c3-c3cc(-c5cn[nH]n5)n(-c5ccc(F)cc5F)c3-4)o2)ccn1,中毒,26.15946,67.70887
c1cc(-c2nc3c(NC4CCN(C5CCOCC5)CC4)nc(Nc4cc(-c5cn[nH]n5)cs4)cc3[nH]2)ccn1,中毒,18.7336,20.275845
O=C(O)c1cn(C2CC(N3CCOCC3CO)C2)c2cc(-c3cn[nH]n3)c(F)cc2c1=O,中毒,18.468676,17.70231
O=C1c2cc(-c3cn[nH]n3)n(-c3ncc(Cl)c(Cl)c3F)c2C(c2ccc(Cl)cc2)N1c1cc(Cl)cn(C2CC(O)(CO)C2)c1=O,中毒,12.484977,11.513729
O=C1C2=CC(c3cn[nH]n3)=CC2=C2CN(Cc3ccccn3)CCc3ncc2cc3N=C1NC1CCOCC1,中毒,26.484629,23.750425
C1=C(c2cn[nH]n2)C(c2cnc(-c3ccnc(N4CCOCC4)c3)nc2)OC12CCN(c1ccsc1)CC2,中毒,20.608286,59.326313
FC(F)(F)c1onc(-c2ccsc2)c1CN1CCc2nc(-c3cn[nH]n3)sc2C1,中毒,26.902124,14.301248
O=C1c2cc(-c3cn[nH]n3)c(-c3ccc(Cl)cc3)n2C(c2ccc(Cl)cc2)N1c1cc(Cl)cn(C2C=CC(O)C2)c1=O,中毒,23.820852,13.503714
O=c1c(N2Cc3cc(-c4cn[nH]n4)cc(-c4cccc(Cl)c4)c32)cc(Cl)cn1C1CC(O)(CO)C1,中毒,24.96927,18.206211
c1cc(-c2ccc3c(C4NCCCc5sc(-c6cn[nH]n6)cc54)nn4ccnc4c3n2)ccn1,中毒,5.6021295,26.527351
c1ccc2c(CN3CCC3(c3ccsc3)c3cn[nH]n3)coc2c1,中毒,6.0242734,35.964645
O=C1c2cc(-c3cn[nH]n3)n(-c3ccc(Cl)cc3F)c2C(c2ccc(Cl)nc2)N1c1cc(Cl)cn(C2CC(O)(CO)C2)c1=O,中毒,12.488247,11.513729
O=C1c2nc(-c3cn[nH]n3)sc2C(c2ccc(Cl)s2)N1c1cc(Cl)cn(C2CC(O)(CO)C2)c1=O,中毒,39.425797,34.347027
Fc1ccc2c(c1)C(c1ccc(F)c(F)c1)C13CNCC1(C2)C(c1cn[nH]n1)C3,中毒,56.233826,56.134415
O=C1c2cc(-c3cn[nH]n3)c(-c3ccc(Cl)c(Cl)c3F)n2C(c2ccc(Cl)cc2)N1c1cc(Cl)cn(C2CC(O)(CO)C2)c1=O,中毒,32.68572,13.503714
NS(=O)(=O)c1ccc(-n2c(-c3cn[nH]n3)cc3sc(-c4cc5ccc(C6=NCCN6)cc5s4)cc3c2=O)nc1,中毒,6.525532,25.159044
O=C1c2cc(-c3cn[nH]n3)cc(-c3c(Cl)cccc3Cl)c2C2CC2N1c1cc(Cl)cn(C2CC(O)(CO)C2)c1=O,中毒,22.081963,19.79431
Clc1ccc(C2c3c(cc(-c4cn[nH]n4)n3-c3cc(Cl)cc(Cl)c3)CN2c2ccc(Cl)cc2)cc1,中毒,28.622856,23.107658
O=C1c2cc(-c3cn[nH]n3)n(-c3ccc(-c4ccsc4)cc3)c2C(c2ccc(Cl)cc2)N1c1cc(Cl)cn(C2CC(O)(CO)C2)c1=O,中毒,38.99518,12.110745
c1nc2nc(N3CC(OCC4CNC4)C3)ncc2cc1-c1cn[nH]n1,中毒,50.281532,55.939545
Brc1cc(-c2cn[nH]n2)cs1,高毒,14.349582,12.325373
S=C1N=C2c3c(cc(-c4cn[nH]n4)cc3-c3c(Cl)cccc3Cl)CC2C(N2CCOCC2)N1,中毒,13.217964,57.02387
O=c1c(N2Cc3cc(-c4cn[nH]n4)cc(-c4c(F)cccc4Cl)c3C(c3ccc(Cl)cc3)C2c2ccc(Cl)cc2)cc(Cl)cn1C1CC(O)(CO)C1,中毒,15.809174,16.947666
O=c1[nH]c(-c2cccs2)cc2ncc(-c3cn[nH]n3)cc12,中毒,27.17306,38.528484
c1cncc(C2(c3cn[nH]n3)CC3CCC(C2)N3C2CCN(Cc3conn3)C2)c1,中毒,24.458597,46.61865
Cn1cc(Cl)cc(N2C(=O)c3cc(-c4cn[nH]n4)n(-c4ccc(F)cc4F)c3C2c2cccnc2)c1=O,中毒,17.272402,14.026334
c1ncc(Oc2nc(-c3cn[nH]n3)c(-c3nccs3)c(N3CC4CNCC4C3)n2)cn1,低毒,21.38504,14.441496
N#Cc1cc(N2Cc3cc(-c4cn[nH]n4)c(-c4ccc(F)c(Cl)c4)n3C2c2ccc(Cl)cc2)c(=O)n(C2CC(O)C(O)(CO)C2)c1,中毒,15.534245,13.503714
Clc1ccc(C2c3cc(-c4cn[nH]n4)n(-c4ccc(Cl)cc4)c3C(c3ccc(Cl)cc3)N2c2cc[nH]n2)cc1,中毒,28.622856,23.390354
N=S(=O)(Nc1ccsn1)c1ccc2c(c1)oc(=S)n2-c1cn[nH]n1,低毒,42.843945,58.100048
c1n[nH]nc1-c1csc(NC23CC4CC(CC(C4)C2)C3)n1,高毒,155.02034,91.29908
O=C1c2nc(C3c4c(cc(-c5cn[nH]n5)cc4-c4c(F)cccc4F)CC3(O)C(F)(F)F)ncc2CCN(O)CCC2C(=O)N12,中毒,17.8276,20.43348
Fc1ccc(N=C2c3[nH]c(-c4cn[nH]n4)cc3-c3c2sc(-c2ccc(Cl)cc2Cl)c3Cl)cc1,中毒,50.186226,13.245807
O=C1c2c(nc3cc(OC(F)(F)F)ccc3c2-c2cn[nH]n2)C(c2ccc(Cl)c(Cl)c2)N1c1cc(Cl)cn(C2CC(O)(CO)C2)c1=O,中毒,26.553892,12.110745
NC(=O)OCc1ccc(C(=O)c2ccc(N3Cc4cc(-c5cn[nH]n5)cnc4C3)cc2)cc1,中毒,95.11703,39.19011
O=C1c2cc(-c3cn[nH]n3)n(-c3ncc(Br)c(F)c3F)c2C(c2ccc(Cl)cc2)N1c1cc(Cl)cn(C2CC(O)(CO)C2)c1=O,中毒,12.484977,11.513729
O=C1c2nc(-c3cn[nH]n3)n(-c3cc(Cl)c(O)c(Cl)c3)c2C(c2ccc(Cl)cc2)N1c1cc(Cl)cn(C2CC(O)(CO)C2)c1=O,中毒,23.043425,34.717995
O=c1c2c3c(sc2nc(-c2cn[nH]n2)n1-c1cccc(Cl)c1)CN(NC(=S)Nc1ccc(Br)cc1)C(c1ccc(Oc2ccccc2)cc1)C3,中毒,30.528154,35.451847
O=C1c2nc(-c3cn[nH]n3)n(-c3ccc(Cl)cc3)c2C(c2ccc(Cl)cc2)N1c1cc(Cl)cn(C2CC2)c1=O,中毒,19.891342,36.180477
O=C1c2cc(-c3cn[nH]n3)c(-c3ccc(Cl)cc3)cc2N1c1cc(Cl)cn(C2CC(O)(CO)C2)c1=O,中毒,18.619787,11.733231
c1n[nH]nc1-c1cc2n(n1)CCCC2,低毒,20.368683,13.646191
O=C1c2cc(-c3cn[nH]n3)n(-c3ccc(Cl)cc3)c2C(c2cc(Cl)ccc2OCC2CC2)N1c1cc(Cl)cn(C2CC(O)(CO)C2)c1=O,中毒,12.488247,13.503714
O=c1[nH]ccc2ccc(N3CCc4onc(-c5cn[nH]n5)c4C3)cc12,中毒,20.08322,16.400806
FC1COCC(N2CC=C3C2C32CCN(c3nnc(OC(F)(F)F)cc3Cl)CCN(c3cn[nH]n3)C2)C1,中毒,26.751999,21.048647
O=C1c2nc(-c3cn[nH]n3)n(-c3cn(-c4cc(Cl)c(Cl)cn4)nn3)c2C(c2ccc(Cl)cc2)N1c1cc(Cl)cn(C2CC(O)(CO)C2)c1=O,中毒,35.69709,34.717995
FC(F)(F)Oc1cccc(-c2ncnc3sc(-c4cn[nH]n4)cc23)c1,中毒,105.3401,21.453182
c1cc(-c2cc(-c3cnc4cc[nH]c4c3)c3cc(-c4cn[nH]n4)cnc3c2)c2cn[nH]c2n1,中毒,3.0232432,43.593807
O=S1(=O)c2cc(Cl)ccc2-c2cc(-c3cn[nH]n3)nnc2-c2cc(Cl)c(Cl)cc21,低毒,7.2409267,9.0819025
c1cc(-c2c(-c3cnc4[nH]nnc4c3)nc(N3CCOCC3)c3ccc(-c4cn[nH]n4)cc23)cs1,中毒,1.8748701,16.199434
O=C(Nc1cccc(-c2csc(N3CCc4nc(-c5cn[nH]n5)sc4C3)n2)c1F)C1CC1F,中毒,45.208855,19.426958
BrC1=NC(c2cccs2)c2ncc(-c3cn[nH]n3)cc2S1,中毒,37.60495,25.508812
Clc1ccc(-n2c(-c3cn[nH]n3)cc3c2Cc2cnc(Cl)cc2-3)cc1,中毒,8.46145,28.34095
O=C1c2cc(-c3cn[nH]n3)cc(-c3c(Cl)cccc3Cl)c2C12CCC2,中毒,10.268636,102.7366
O=C1c2cc(-c3cn[nH]n3)n(-c3ccccc3)c2C(c2ccc(F)cc2)N1c1cc(Cl)cn(C2CC(O)(CO)C2)c1=O,中毒,14.882899,11.513729
O=C1c2nc(-c3cn[nH]n3)sc2CC(c2ccc(Cl)c(Cl)c2)N1c1cc(Cl)cn(C2CC(O)(CO)C2)c1=O,中毒,59.929935,46.02951
O=S(=O)(Cc1ncno1)c1cc(F)c(-c2cc3ncc(-c4cn[nH]n4)cc3c(N3CCON(c4ncccn4)CC3)c2-c2ccc(F)cc2)c(F)c1,中毒,2.4083543,36.890865
Clc1cncc(-c2c(-c3ccncc3)sc3c2-c2cc(-c4cn[nH]n4)n(-c4ccnc(Cl)c4)c2-3)c1,中毒,32.047142,22.878061
Clc1cc(Cl)cc(-c2coc(Nc3c4ccccc4nc4c(I)csc34)c2-c2cn[nH]n2)c1,中毒,13.25312,17.094875
FC(F)(F)c1ccc(C2c3cc(-c4cn[nH]n4)n(-c4ccc(Cl)cc4)c3C(c3ccc(Cl)cc3)N2c2cn(C3CC3)nn2)c(-c2ccc(Cl)cc2)c1,中毒,28.622856,23.390354
Sc1ncnn1-c1ccc2c(c1)ncn2-c1nc(-c2cn[nH]n2)cc2c1CN(Cc1cscn1)C2,中毒,26.78769,10.178566
N#CC12CN(Cc3sc(C4c5c(cc(-c6cn[nH]n6)n5-c5ccc(Cl)cc5F)C4(CF)C(F)(F)F)c(C(F)(F)F)c31)C(NCl)=C2Br,中毒,45.23948,19.648664
O=C1c2c(nc3ccc(Cl)cc3c2-c2cn[nH]n2)C(c2ccc(Cl)cc2)N1c1cc(Cl)cn(C2CC(O)(CO)C2)c1=O,中毒,26.553892,12.110745
Clc1ccc(Cl)c(-c2cc(-c3cn[nH]n3)cc3c2C2(CCC(CC4CC4)CC2)C3)c1,中毒,13.559591,102.7366
O=C1c2nc(-c3cn[nH]n3)n(-c3ccc(Cl)cc3Cl)c2C(c2ccc(Cl)cc2)N1c1cc(Cl)cn(C2CC(O)(C(=O)O)C2)c1=O,中毒,35.69709,13.466203
O=c1c(N2Cc3cc(-c4cn[nH]n4)cc(C4=CCCCC4)c3C2c2ccc(Cl)cc2)cc(Cl)cn1C1CC(O)(CO)C1,中毒,7.4282966,13.447941
O=C1c2cc(-c3cn[nH]n3)n(-c3ccccc3F)c2C(c2ccc(Cl)c(Cl)c2)N1c1cc(Cl)cn(C2CC(O)(CO)C2)c1=O,中毒,15.540574,11.513729
c1cnc2[nH]cc(CN3CCC4(CCCN(c5cn[nH]n5)C4)CC3)c2c1,高毒,10.537211,20.378172
O=C(NC1CC1)c1cc2c(N3C(c4ccc(Cl)c(F)c4)c4nc(-c5cn[nH]n5)n(-c5ccc(F)cc5F)c4C3c3ccc(Cl)cc3)cc(Cl)cn2n1,中毒,40.667263,10.851185
c1ccc2c(c1)sc1c2c(Nc2nc(-c3cn[nH]n3)cs2)nn2nc(-c3ccncc3)cc12,中毒,14.215002,35.663662
O=C1c2c(ccc(=O)n2-c2cn[nH]n2)C(c2ccc(Cl)cc2Cl)N1c1cc(Cl)cn(C2CC(O)(CO)C2)c1=O,中毒,19.50858,12.087409
OC1CC(Nc2nc(-c3cn[nH]n3)nc3c2CN(Cc2ccc(Cl)c(Cl)c2)CC3)CC1O,中毒,8.747524,17.571074
Clc1cccc(N2CCc3cc(-c4cn[nH]c4)n4cc(-c5cn[nH]n5)nc4c3C2)c1,中毒,20.885498,36.80655
c1cc(-c2cc(N3CC4CN(Cc5cc(-c6cn[nH]n6)cs5)N=C43)ccn2)ncn1,中毒,10.798483,19.602343
O=C1c2cc(-c3cn[nH]n3)n(-c3ccc(-c4ccccn4)cc3)c2C(c2ccc(Cl)cc2)N1c1cc(Cl)cn(C2CC(O)(CO)C2)c1=O,中毒,38.99518,11.513729
O=C1c2cc(-c3cn[nH]n3)oc2C(c2ccccc2Cl)N1c1cc(Cl)cn(C2CC(O)C(O)C2)c1=O,中毒,13.3429985,20.735756
Brc1ccc(C(CCN2CCCOC(c3c(Br)sc4ccc(-c5cn[nH]n5)cc34)CC2)N2CCCCC2)cc1,中毒,17.11958,22.343142
c1cc(-c2csc(N3Cc4cc(-c5cn[nH]n5)nc(N5C6CCC5COC6)c4C3)n2)ccn1,中毒,17.68303,16.697477
O=C1c2cc(-c3cn[nH]n3)nc(N3CCC(F)(F)C3)c2C(c2ccc(Cl)cc2)N1c1cc(Cl)cn(C2CC(O)(CO)C2)c1=O,中毒,7.8529835,12.110745
O=c1o[nH]c2cc(-c3cn[nH]n3)cc(-n3ccnn3)c12,中毒,51.97642,25.223967
Fc1cc(F)cc(CN2CCc3cc(C4=C5N=C(c6cn[nH]n6)C=C5C4)cn32)c1,中毒,49.12528,27.023655
O=C1c2cc(-c3cn[nH]n3)n(CC(c3cc(Cl)ccc3-c3ncc(Cl)cc3F)N3CC3)c2C(c2ccc(Cl)cc2)N1c1cc(Cl)cn(C2CC2)c1=O,中毒,28.622856,13.92006
O=C1C2Cc3cc(-c4cn[nH]n4)n(-c4cc(Cl)ccc4Cl)c3C(c3ccc(Br)cc3)N(c3ccc(Cl)cc3)C2CC(c2ccoc2)N1c1ccc(Cl)cc1,中毒,47.20036,14.3937645
O=C1c2cc(-c3cn[nH]n3)n(-c3ccc(Cl)cc3F)c2C(c2ccc(Cl)cc2)N1c1cc(Cl)cn(C2CC(O)(CO)O2)c1=O,中毒,12.488247,13.503714
O=c1c(N2Cc3cc(-c4cn[nH]n4)cc(-c4cc(Cl)c(Cl)cc4F)c3C2c2cccc(Cl)c2F)cc(Cl)cn1C1CC(O)(CO)C1,中毒,5.093859,8.960914
c1cc(-c2cc(N3CCOC3)n3cc(-c4cn[nH]n4)cc3n2)ns1,中毒,15.101292,57.67266
Fc1cnc(N2Cc3cc(-c4cn[nH]n4)cc(-c4c(Cl)cccc4Cl)c3C2)nc1OC(F)F,中毒,13.507006,17.074078
O=C1c2cc(-c3cn[nH]n3)c(=S)sc2C(c2ccc(Cl)cc2)N1c1cc(Cl)cn(C2CC(NO)C(O)C2O)c1=O,中毒,59.929935,36.43178
Clc1ccc(C2Nc3cc(-c4cn[nH]n4)cc(-c4c(Cl)cccc4Cl)c3C(c3ccc4c(c3)OCO4)C2c2ccc(Cl)cc2)cc1,中毒,5.7048664,52.53594
O=C1c2nc(-c3cn[nH]n3)n(-c3ccc(Cl)cc3)c2C(c2ccc(Cl)cc2)N1c1cc(Cl)cn(C2CC(O)C(O)C2O)c1=O,中毒,23.043425,34.717995
O=C1c2nc(-c3cn[nH]n3)cc(-c3ccccc3F)c2C(c2ccc(Cl)cc2)N1c1cc(Cl)cn(C2CC(O)(CO)C2)c1=O,中毒,37.24519,12.110745
Oc1ccc(CN2CCN(N3Cc4cc(-c5cn[nH]n5)n(-c5cc(Cl)c(Cl)cc5Cl)c4C3c3ccc(Cl)cc3)CC2)cc1,中毒,65.556114,15.382274
O=C1c2cc(-c3cn[nH]n3)c(-c3ccc(Cl)cc3)n2C(c2ccc(Cl)cc2Br)N1c1cc(Cl)cn(C2CC(O)(CO)C2)c1=O,中毒,32.68572,13.503714
Clc1ccn2nc(-c3cc4c(C5CN6CC(c7cn[nH]n7)NCC6CO5)c[nH]c4nc3-c3ccn4ccsc34)cc2c1,中毒,10.334719,24.325834
O=S1(=O)c2cc(C(F)(F)F)c(-c3ccc(F)cc3F)cc2OCc2cc(-c3cn[nH]n3)n(-c3cc(Cl)ccc3Cl)c21,中毒,4.8171005,11.504128
O=C1c2ccc3cc2C(N2CCCC2)Oc2nc(-c4cn[nH]n4)n(-c4ccc(Cl)cc4Cl)c2C3N1c1cc(Cl)cn(C2C=CC(O)(CO)C2)c1=O,中毒,20.665174,13.503714
c1ccc(-c2nc(Cc3nc(-c4cc(-c5cn[nH]n5)cc5c4CN(c4ccco4)CC5)cs3)co2)cc1,中毒,59.611977,16.988731
O=c1c(N2Cc3cc(-c4cn[nH]n4)n(-c4ccc(F)cc4F)c3C2c2ccc(Cl)cc2)cc(Cl)cn1C1CC(O)(COO)C1,中毒,15.763229,11.513729
CC1c2cc(-c3cn[nH]n3)n(-c3ccc(Cl)cc3F)c2C(c2ccc(Cl)cc2)N1c1cc(Cl)cn(C2CC(O)(CO)C2)c1=O,中毒,15.763229,13.466203
N#Cc1ccc(C2=NC3=C4OCCC4c4cc(-c5cn[nH]n5)cc(-c5ccc(OC6CCCCC6)cn5)c4C3=C2OCC2CC2)cc1,中毒,61.865307,25.610767
O=C1c2nc(-c3cn[nH]n3)c(Nc3ccc(Cl)cc3F)nc2C(c2ccc(Cl)cc2)N1c1cc(Cl)cn(C2CC(O)(CO)C2)c1=O,中毒,15.174922,11.901765
O=C1c2sc(-c3cn[nH]n3)c(C(=S)N3CCCCC3)c2C(c2ccc(Cl)cc2)N1c1cc(Cl)cn(C2CC(O)(CO)C2)c1=O,中毒,8.738106,22.464743
Fc1cc(Cl)ccc1-n1c(-c2cn[nH]n2)cc2c1C(c1ccc(Cl)cc1)N(c1cc(Cl)cc(Cl)c1)C2c1ccc(Cl)cc1,中毒,21.327534,23.107658
O=C1c2cc(-c3cn[nH]n3)n(-c3ccc(Cl)cc3Oc3ccc(F)cc3)c2C(c2ccc(Cl)cc2)N1c1cc(Cl)cn(C2CC(O)(CO)C2)c1=O,中毒,38.99518,12.110745
CC1c2cc(-c3cn[nH]n3)n(-c3ccc(Cl)cc3Cl)c2C(c2ccc(Cl)cc2)N1c1cc(Cl)cn(C2CC(O)(CO)C2)c1=O,中毒,24.385923,13.466203
O=C1c2cc(-c3cn[nH]n3)n(-c3ccc(Cl)cc3Cl)c2C(c2ccc(Cl)o2)N1c1cc(Cl)cn(C2CC(O)(CO)C2)c1=O,中毒,15.111123,11.513729
O=C1c2cc(-c3cn[nH]n3)n(-c3ccc(Cl)cc3F)c2C(c2ccc(Cl)cc2)N1c1cc(Cl)[nH]n1,中毒,17.475342,17.497643
O=c1c2cc3c(F)ccc(F)c3n1-c1ccc(-c3cc(-c4cn[nH]c4)n4cc(-c5cn[nH]n5)cc4c3)nc1-2,中毒,8.984515,21.244864
O=c1ccc(-n2c(-c3cn[nH]n3)cc3c2C(c2ccc(Cl)cc2)N(c2cc(Cl)cn(C4CCC(O)(CO)C4)c2=O)C3)c[nH]1,中毒,19.24008,11.513729
Clc1cc2c(cc1OC1CCN(CCN3CCCCC3)CC1)-c1cc(-c3cn[nH]n3)c(Br)cc1Oc1cnc(I)nc1-2,低毒,29.539852,14.103899
O=C1c2cc(-c3cn[nH]n3)n(-c3ccc(N4CCOCC4)cc3)c2C(c2ccc(Cl)cc2)N1c1cc(Cl)cn(C2CC(O)(CO)C2)c1=O,中毒,14.882899,13.466203
O=C1c2cc(-c3cn[nH]n3)c(-c3c(Cl)c(Cl)cn3-c3ccc(Cl)cc3)nc2C(c2ccc(Cl)cc2)N1c1cc(Cl)cn(C2CC(O)(CO)C2)c1=O,中毒,11.176486,12.110745
O=C1c2cc(-c3cn[nH]n3)cc(-c3ccc(Cl)cc3)c2N1c1cc(Cl)cn(C2CCC(O)(CO)C2)c1=O,中毒,24.72199,18.239529
O=C1c2cc(-c3cn[nH]n3)c(-c3cnc4[nH]ccc4c3)cc2SCC(c2ccc(Cl)cc2)N1c1cc(Cl)cn(C2CC(O)C(O)C2)c1=O,中毒,6.3808517,16.862432
S=C(NCCCc1cn[nH]n1)NC12CC3CC(CC(C3)C1)C2,高毒,197.40858,102.81649
c1nocc1-c1nc2c(s1)Cc1c(-c3cc4c(s3)CCCC4)cc(-c3cn[nH]n3)cc1-2,中毒,35.95746,17.019144
O=C1c2cc(-c3cn[nH]n3)n(-c3ccc(Cl)cc3C(F)(F)F)c2C(c2ccc(Cl)cc2)N1c1ccc(C(F)(F)F)nc1,中毒,47.20036,15.59718
NC(=O)C1=C(c2cn[nH]n2)N=C2CC(c3ccccn3)C(Nc3cc(C4CC4)[nH]n3)=C21,中毒,15.93056,25.416632
O=C1c2cc(-c3cn[nH]n3)n(-c3ccc(F)cc3F)c2C(c2ccc3c(c2)OCCO3)N1c1cc(Cl)cn(C2CC(O)(CO)C2)c1=O,中毒,12.488247,13.466203
O=C1c2cc(-c3cn[nH]n3)nc(SCc3ccc(F)cc3)c2CS(=O)(=O)C(c2ccc(Cl)cc2)N1c1cc(Cl)cn(C2CC(O)C(O)C2O)c1=O,中毒,6.4028664,13.466203
O=c1c(N2Cc3cc(-c4cn[nH]n4)n(-c4ccc(F)cc4F)c3C2c2cccc(Cl)c2)cc(Cl)cn1C1CC(O)C(O)(CO)C1,中毒,15.763229,11.513729
O=[N+]([O-])c1cc2c(cc1-c1cn[nH]n1)CCCc1cc(Cl)ccc1O2,低毒,29.531858,40.334286
Fc1ccc2c(c1)-c1cc(-c3cn[nH]n3)cc(-c3cc(Cl)cc(Cl)c3)c1C(=CC1=CC=CC3(C1)SCCS3)N2,低毒,28.283705,38.51532
O=S(=O)(CC1CCC(c2c3cc(-c4cn[nH]n4)c-3c2-c2ccnc3[nH]c(-c4ccc(F)c(Cl)c4F)cc23)CC1)N1CCOC1,中毒,3.853883,113.49468
O=C1Cc2cc(-c3cn[nH]n3)n(-c3ccc(Br)cc3)c2C(c2ccc(Cl)cc2)N1c1ccc(OCN2CCOCC2)c(Cl)c1,中毒,21.947083,39.53844
OCC1OC2C(C(c3cnc(-c4cn[nH]n4)cc3F)CN2c2ccc3ccncc3c2)C(O)C1O,中毒,8.233526,13.466203
O=C1c2cc(-c3cn[nH]n3)c(-c3cc(Cl)ccc3F)n2C(c2ccc(Cl)cc2)N1c1cc(Cl)cn(C2CC(O)C(O)C2)c1=O,中毒,32.68572,13.503714
O=C1NC2CC(c3ccc(Cl)cc3F)(S1)c1cc(-c3ccnnc3)c(-c3cn[nH]n3)cc1C2=O,中毒,27.074648,18.071333
O=S1(=O)Cc2cc(-c3cn[nH]n3)cc(-c3c(Cl)cccc3Cl)c2C1,中毒,10.5336895,24.726858
O=C1c2nc(-c3cn[nH]n3)[nH]c(=O)c2C(c2ccc(Cl)cc2)N1c1cc(Cl)cn(C2CC(O)C(O)(CO)C2)c1=O,中毒,26.553892,20.422
O=C1c2cc(-c3cn[nH]n3)nnc2C(c2ccc(Cl)cc2Cl)N1c1cc(Cl)cn(C2CC(O)(CO)C2)c1=O,中毒,7.8750753,13.503714
Fc1ccc(-n2c(-c3cn[nH]n3)cc3c2C(c2ccc(Cl)cc2)n2c4nc(c2=CC(Cl)=CC=4)C3)c(F)c1,中毒,18.346708,17.68054
Fc1ccc(-n2c(-c3cn[nH]n3)cc3c2C(c2ccc(Cl)cc2)N(c2ccc(Cl)cc2)C2C4=CC(Cl)=C(Cl)C=C2C3O4)c(F)c1,中毒,21.947083,13.503714
O=c1cc2c(-c3ccco3)c(-c3c(Cl)cccc3Cl)c3cnc(-c4cn[nH]n4)cc3c2nn1-c1cccnc1,中毒,15.677747,37.033028
O=C(O)c1cn(Cc2ccc(-n3cccc3Cn3cncn3)cc2)c2cc(-c3cn[nH]n3)c(F)cc2c1=O,中毒,12.74947,17.023518
Clc1ccc2c(c1)Oc1cc(Cl)c(Cl)cc1-c1nc(-c3cn[nH]n3)cnc1C2,中毒,36.87831,34.526974
Oc1c(COc2ccc(-c3cc(-c4cn[nH]n4)cc4c3C3CCC(C4)N3)cc2)ccc2ncccc12,中毒,42.478336,45.61599
Fc1cc2c(-c3onc(-c4ccsc4)c3-c3cn[nH]n3)coc2cn1,中毒,85.51321,23.466173
O=C1c2nc(-c3cn[nH]n3)nc(Nc3ccc(Br)cc3)c2C(c2ccc(Cl)cc2)N1c1cc(Cl)cn(C2CC(O)(CO)C2)c1=O,中毒,16.880064,13.466203
c1cc2c(C3CCCC3)nc(N3CCOCC3)nc2cc1OCc1cc(-c2cn[nH]n2)cs1,低毒,3.8728113,12.632833
On1c(-c2cn[nH]n2)cc2c1CN(c1nc(-c3cccnc3Cl)ns1)C(c1ccc(Cl)cc1)C2,中毒,38.992462,23.494738
Fc1cc(-c2cn[nH]n2)cs1,高毒,16.836678,15.894317
O=c1c2c(-c3cn[nH]n3)noc2ccn1-c1ccc(Cl)c(O)c1,中毒,91.45692,40.114094
O=C1c2cc(-c3cn[nH]n3)n(-c3ccnc(-c4c(F)cccc4F)c3)c2C(c2ccc(Cl)cc2)N1c1cc(Cl)cn(C2CC(O)(CO)C2)c1=O,中毒,38.99518,11.513729
Fc1cc2c(cc1-c1cncs1)-c1cc(-c3cn[nH]n3)cc(-c3ccc4oc(C5CCCNC5)cc4c3)c1CO2,中毒,21.394064,16.77185
O=c1c2cc(F)c(-c3cn[nH]n3)cc2[nH]c2cc3c(c(Cl)c12)CN(Cc1ccc2ncccc2c1)C3,中毒,5.788782,23.77822
Fc1cc2c(cc1Cl)CCc1c-2c(-c2cn[nH]n2)nn1C1CCc2ccc(Cl)cc21,中毒,10.625539,16.291994
N#CC1(c2cc(-c3nccc4c3CCc3cc(-c5cn[nH]n5)sc3-4)cc(F)n2)CCOCC1,中毒,7.6665483,42.752293
O=C(O)c1ccc2c(N3C(=O)c4cc(-c5cn[nH]n5)n(-c5ccc(Cl)c(F)c5)c4C3c3ccc(Cl)cc3)cc(Cl)cn2c1=O,中毒,12.488247,13.052643
O=C1c2nc(-c3cn[nH]n3)cc(Nc3nc4c[nH]cc4s3)c2C(c2ccc(Cl)cc2)N1c1cc(Cl)cn(C2CC(O)(CO)C2)c1=O,中毒,67.017,33.968105
Clc1cc2c(cc1Cl)-c1c(cc(-c3cn[nH]n3)cc1-c1c(Cl)cccc1Cl)CC2,低毒,5.275062,53.682194
O=c1c(-c2c(-c3cn[nH]n3)cc3n2N(c2cc(Cl)cn(C4CC(O)(CO)C4)c2=O)C3)cn(-c2ccc(F)nc2)c(=O)c2cc(I)c(F)cc12,中毒,5.391095,13.503714
O=C1c2cc(-c3cn[nH]n3)n(-c3ccc(Cl)cc3)c2C(c2ccc3c(c2)OCO3)C(c2ccccc2)N1c1cc(Cl)cn(C2CC(O)(CO)C2)c1=O,中毒,51.50488,13.503714
Clc1cnc(N2Cc3nc(-c4cn[nH]n4)nc(N4CC5(COC5)C4)c3C2)c(-c2cncnn2)c1,中毒,50.677315,33.968105
O=c1n(Nc2ccccc2F)c(=S)c2[nH]c(-c3cn[nH]n3)nc2n1Cc1cccnn1,中毒,10.522523,90.03207
c1n[nH]nc1-c1csc2c1CCNC2,中毒,12.037631,16.48304
O=C(Nc1cccc(-c2cc(-c3nc(-c4cn[nH]n4)cc4c3CCN(c3ncccc3F)C4)co2)c1F)c1cccnc1,中毒,17.556047,42.292538
O=S(=O)(c1ccc(Cl)cc1)n1c(C(c2ccc(Cl)cc2)N2CCOCC2)c(Cl)n2c(Cl)c(-c3cn[nH]n3)cc12,中毒,56.137726,34.56781
Clc1ccc2oc3c(-c4c(Cl)cccc4Cl)cc(-c4cn[nH]n4)cc3c2c1,中毒,3.3706906,74.535385
O=C(O)c1cn(C2CC(O)C(O)C(O)C2)c2cc(-c3cn[nH]n3)c(F)cc2c1=O,中毒,13.554535,13.649303
O=C1c2cc(-c3cn[nH]n3)n(-c3ccc(Cl)cc3Cl)c2C(c2cccc(Cl)c2)N1c1cc(Cl)cn(C2CC(O)C(O)C2)c1=O,中毒,18.205946,11.513729
O=C1c2cc(-c3cn[nH]n3)n(-c3ccccn3)c2C(c2ccc(Cl)cc2)N1c1cc(Cl)cn(C2CC(O)C(O)C2)c1=O,中毒,14.882899,11.513729
O=c1c(N2Cc3cc(-c4cn[nH]n4)cc(-c4cncnc4)c3C2c2ccc(Cl)cc2)cc(Cl)cn1C1CC(O)(CO)C1,中毒,9.036046,14.297296
FC(F)(F)c1ccc(-c2c(-c3cn[nH]n3)nc3sccn23)cc1OCCN1CCOCC1,中毒,41.141373,18.934568
FC(F)(F)c1cc2c(c(Nc3ccc4[nH]ncc4c3)n1)C(C1CCOCC1)=C1C=C(c3cn[nH]n3)N=C2S1,中毒,4.155876,9.114193
OCc1cc(N2C(c3ccc(Cl)cc3Cl)c3cc(-c4cn[nH]n4)n(-c4ccc(Cl)cc4)c3C2c2ccc(Cl)cc2)ccc1Cl,中毒,37.44503,18.138817
O=C1c2cc(-c3cn[nH]n3)n(-c3ccc(F)c(Cl)c3)c2C(c2ccc(Cl)cc2)N1c1cc(Cl)cn(C2CC(O)C(O)C2)c1=O,中毒,14.882899,11.513729
O=C1c2cc(-c3cn[nH]n3)n(-c3cc(Cl)cc(Cl)c3)c2C(c2ccc(Cl)cc2)N1c1cc(Cl)cn(C2CC2)c1=O,中毒,22.121504,14.026334
O=C(NC1(C(=O)Nc2ccc(F)cc2)CC1)c1nc(-c2c[nH]c3ncnc(-c4cn[nH]n4)c23)cc(F)c1O,中毒,48.48949,7.65363
O=C1c2cc(-c3cn[nH]n3)c(C(c3ccc(Cl)cc3)S(=O)(=O)c3ccc(Cl)cc3)nc2N1c1cc(Cl)cn(C2CC(O)(CO)C2)c1=O,中毒,28.801418,14.418226
O=C1c2cc(-c3cn[nH]n3)n(-c3ccc(Cl)cc3Br)c2C(c2ccc(Cl)cc2)N1c1cc(Cl)cn(C2CCC(O)(CO)C2)c1=O,中毒,14.882899,11.513729
c1coc(-c2nnc3sc(-c4cn[nH]n4)nn23)c1,高毒,56.108334,24.414522
CN1CC(n2cc(Cl)cc(N3C(=O)c4cc(-c5cn[nH]n5)n(-c5ccc(Cl)cc5)c4C3c3ccc(Cl)cc3)c2=O)CC1=O,中毒,17.272402,14.0600395
OCC(CO)N1Cc2cc(-c3cn[nH]n3)n(-c3ccc(Cl)cc3C3CCCCN3)c2C1c1ccc(Cl)cc1,中毒,9.724241,16.794304
O=C1c2cc(-c3cn[nH]n3)n(-c3cc(Cl)cc(Cl)c3)c2C(c2ccc(Cl)cc2)N1c1cc(Cl)cn(C2CC(O)(O)C2)c1=O,中毒,14.882899,11.513729
O=C1c2cc(-c3cn[nH]n3)n(-c3ccc(Cl)cc3)c2C(c2cccs2)N1c1cc(Cl)cn(C2CC(O)C(O)(CO)C2)c1=O,中毒,18.205946,11.513729
O=C1C2=C(C(=O)N1N1CC1)c1c(cc(-c3cn[nH]n3)cc1-c1ccc(C(F)(F)F)c(F)c1)C2,中毒,6.1585374,29.45386
O=C1c2cc(-c3cn[nH]n3)n(-c3ccc(Cl)cc3F)c2C(c2ccc(Cl)cn2)N1c1cc(Cl)cn(C2CC(O)(CO)C2)c1=O,中毒,24.817047,12.110745
Clc1ccc2[nH]oc3cc(-c4cn[nH]n4)ccc3c3ccnnc3c2c1,高毒,15.894068,53.219395
FC(F)(F)Oc1cc2c(Cl)cc1-c1nc(-c3cn[nH]n3)ccc1C(c1ccn3c1N=C3c1cnn(C3CCNCC3)c1)=C2,中毒,25.094652,18.027714
Oc1cccc(Cl)c1-c1nn2c(c3cc(-c4cn[nH]n4)cc1-3)c1c3c(c=1cnn2-c1ccccc1)=CC(C1=NCCN1)C=3,中毒,23.363365,52.604206
O=c1c(N2Cc3cc(-c4cn[nH]n4)c(-c4cc(Cl)ccc4Cl)nc3S(=O)(=O)c3cc(C(F)(F)F)ccc32)cc(Cl)cn1C1CC(O)(CO)C1,中毒,20.665174,14.2372675
O=C1c2cc(-c3cn[nH]n3)n(-c3cc(Cl)c4sccc4c3Cl)c2C(c2ccc(Cl)cc2)N1c1cc(Cl)cn(C2CC(O)(CO)C2)c1=O,中毒,18.205946,11.513729
O=C1c2cc(-c3cn[nH]n3)n(-c3ccc(F)cc3F)c2N1c1cc(Cl)cn(C2CC(O)(CO)C2)c1=O,中毒,23.669764,13.503714
O=c1c(N2Cc3nc(-c4cn[nH]n4)c(Cl)c(-c4c(Cl)cccc4Cl)c3C2c2ccc(Cl)cc2Cl)cc(Cl)cn1C1CC(O)(CO)C1,中毒,13.76832,13.489636
OCC1(O)CC(n2ccc(N3Cc4cc(-c5cn[nH]n5)n(-c5ccc(Cl)cc5)c4C3c3ccc(Cl)cc3)c2)C1,中毒,19.24008,19.356245
O=c1c(N2C(=CCl)c3cc(-c4cn[nH]n4)n(-c4ccc(Cl)c(Cl)c4)c3C2c2ccc(Cl)cc2)cc(Cl)cn1C1CC(O)(CO)C1,中毒,24.385923,11.513729
c1cc(NC2=NC3CC(C2)C3)cc(-c2ccnc3sc(-c4cn[nH]n4)cc23)c1,中毒,90.32578,10.847585
Clc1cc2c(s1)CCCc1cc(-c3cn[nH]n3)cc(-c3c(Cl)cccc3Cl)c1-2,中毒,3.953968,29.957144
O=c1c(N2Cc3cc(-c4cn[nH]n4)cc(-c4csc(C5CCCN5)n4)c3C2c2ccc(Cl)cc2)cc(Cl)cn1C1CC(O)(CO)C1,中毒,27.530386,12.110745
O=C1c2cc(-c3cn[nH]n3)c(-c3cc(F)cc(F)c3F)n2C(c2ccc(Cl)cc2)N1c1cc(Cl)cn(C2CC(O)(CO)C2)c1=O,中毒,32.68572,13.503714
O=c1cc(-c2cc3c(cc2-c2cn[nH]n2)NC(CO)C=C3)oc2ccc(F)cc12,中毒,23.050657,48.86057
O=c1c(N2C(c3ccc(Cl)cc3)c3nc(-c4cn[nH]n4)n(-c4cc(Cl)ccc4Cl)c3C2c2ccsc2)cc(Cl)nn1C1CC(O)C1,中毒,47.705437,15.78
O=c1ccc2c(n1-c1cn[nH]n1)CN(c1ccc(Cl)cc1)C(c1ccc(Cl)cc1)C2c1ccc(F)cc1,中毒,30.490143,48.081406
O=C(O)c1cn(C2CC(O)(Cn3cncn3)C(COS(=O)(=O)CO)O2)c2cc(-c3cn[nH]n3)c(F)cc2c1=O,中毒,7.854498,17.931808
c1cc(-c2cc3cc(-c4cn[nH]n4)ccn3c2-c2cn[nH]c2)c2cc[nH]c2n1,低毒,19.383621,79.65529
O=C1CC2=CC(Cl)=CN=c3cc(-c4cn[nH]n4)[nH]c3=C(N3CCNS(=O)(=O)c4ccccc43)C(c3ccc(Cl)cc3)N12,中毒,26.484629,17.760828
O=C1c2c(cnc3cc(F)c(-c4cn[nH]n4)cc23)C(c2ccc(Cl)cc2Cl)N1c1cc(Cl)cn(C2CC(O)(CO)C2)c1=O,中毒,10.393873,9.173887
O=C1c2nc(-c3cn[nH]n3)n(-c3ccc(Cl)cc3)c2C(c2ccc(Cl)cc2F)N1c1cc(Cl)cn(C2CC(O)C(O)C2O)c1=O,中毒,23.043425,34.717995
NC1c2cc(-c3cnco3)ccc2-c2cc(-c3cn[nH]n3)n(-c3ccc(Cl)c(Cl)c3)c21,中毒,15.552394,21.902344
C[N+]1(C2CCC(c3cc4cc(-c5ccoc5)ccc4cc3-c3cn[nH]n3)CC2)CCC(O)(c2ccncc2)CC1,中毒,17.52617,52.91529
Clc1cc(Cl)cc(-c2cc3oc4cc(Cl)c(Cl)cc4c3cc2-c2cn[nH]n2)c1,高毒,8.36967,86.71993
O=c1nc2cc(-c3cnn(C4CCCNC4)c3)cc1-c1c(cc(-c3cn[nH]n3)n1-c1ccc(F)cc1F)C1CC3=CC(c4cn[nH]c4)=CC=C1C=C32,中毒,4.8899903,22.351294
O=C1c2cc(-c3cn[nH]n3)n(-c3ccc(Cl)cc3C(F)(F)F)c2C(c2ccc(Cl)cc2)N1c1cc(Cl)cn(C2CC2)c1=O,中毒,22.121504,14.026334
Fc1cc(F)c2nc(C3Sc4cc(-c5cccnc5)cc(F)c43)n3cnc(-c4cn[nH]n4)c3c2c1,中毒,148.26256,27.324362
Fc1cc(Cl)ccc1-n1c(-c2cn[nH]n2)cc2c1C(c1ccc(Cl)cc1)N(c1c(F)c(F)c(F)c(F)c1F)S2,中毒,36.22146,51.91189
O=c1c(N2Cc3cc(-c4cn[nH]n4)n(-c4ccc(Cl)cc4F)c3C2c2cnn(-c3ccccc3)c2)cc(Cl)cn1C1CC(O)(CO)C1,中毒,26.303608,13.466203
c1n[nH]nc1-n1cnnc1,高毒,201.24408,82.97624
Fc1ccc(F)c2c1CCN2c1ncc(-c2cccc3cnncc23)nc1C1CN(Cc2cn[nH]n2)C1,中毒,2.2420788,54.30816
O=C1c2cc(-c3cn[nH]n3)n(-c3ccc(F)cc3F)c2C(c2ccc(Cl)cc2)N1c1cc(Cl)cn(CC2CC(O)C(O)C2)c1=O,中毒,12.488247,11.513729
Fc1ccc(-n2c(-c3cn[nH]n3)cc3c2-c2ccc(-c4cnc5ccsc5c4)cc2-3)cc1,中毒,12.562651,50.94243
O=c1c(N2Cc3nc(-c4cn[nH]n4)nc(-c4c(F)cccc4Cl)c3C2c2ccc(Br)cc2)cc(Cl)cn1C1CC(O)(CO)C1,中毒,6.4269233,13.466203
OCC1OC(CC2C3=C(Cl)C(NC4=Nc5cc(Oc6ccc(Cl)cn6)c(-c6cn[nH]n6)cc5C4)=CC(Cl)=CN32)C(O)C1O,中毒,12.870998,13.24188
Fc1ccc(-c2nccn3cc(-c4cn[nH]n4)cc23)cc1F,中毒,10.449871,27.56436
Fc1cc(Nc2nc(-c3ccnc(Br)c3)c3cc(N4CCN(c5cn[nH]n5)CC4)cnc3n2)ccc1SC(F)(F)F,中毒,3.6445303,48.047512
NC(=O)COc1ccc2c(-c3ccc4c(c3)-c3c-4cc(-c4cn[nH]n4)n3-c3ccc(F)cc3)noc2c1,中毒,16.974417,49.57917
Fc1cc(N2Cc3cc(-c4cn[nH]n4)n(-c4ccc(Cl)cc4Cl)c3C2c2ccc(Cl)cc2)ccc1Cl,中毒,29.275309,15.110795
O=c1c(N2C(c3ccc(Cl)cc3)c3sc(-c4cn[nH]n4)nc3C23C2C4CCC(C4)C23)cc(Cl)cn1Cl,中毒,29.275309,14.710186
Clc1cc(Cl)cc(Cn2cc(-c3cn[nH]n3)nn2)c1,高毒,92.56695,22.513405
O=C1c2cc(-c3cn[nH]n3)n(-c3ccc(F)cc3)c2C(c2ccc(Cl)cc2)N1c1cc(Cl)cn2c(Cl)ccc12,中毒,43.942547,15.110795
FCCOCN1C2CCC1CC(c1ccnc3cc(-c4cn[nH]n4)cn13)C2,低毒,7.5211067,18.978954
Oc1cc(-c2ccnc3ccccc23)cc(-c2c3c(cc(-c4cn[nH]n4)c2-c2ccncc2)COC3)c1Cl,中毒,67.90622,75.44202
O=C1c2cc(-c3cn[nH]n3)[nH]c2C(c2ccc(F)cc2)N1c1cc(Cl)cn(C2CC(O)CC2I)c1=O,中毒,40.01299,11.513729
O=C(c1cc2cc3cn[nH]c3nc2s1)N1CCC(N2CCC3OC(c4ccc(Oc5ccc(Cl)cc5F)cc4)=C(c4cn[nH]n4)C3C2)CC1,中毒,33.50637,36.621075
O=C1c2cc(-c3cn[nH]n3)n(-c3ccc(Br)cc3)c2C(c2ccc(Cl)cc2)N1c1cc(Cl)cn(C2CC(F)(F)C2)c1=O,中毒,22.035963,14.026334
O=C1c2cc(-c3cn[nH]n3)n(-c3cccc(Cl)c3Cl)c2C(c2ccc(Cl)cc2CF)N1c1cc(Cl)cn(C2CC(O)(CO)C2)c1=O,中毒,18.205946,12.110745
Brc1ccc2c(c1)CCC2OCCSc1nc(-c2ccco2)nn1-c1cn[nH]n1,中毒,109.588234,79.979164
O=c1c(N2Cc3cc(-c4cn[nH]n4)n(-c4ccc(Cl)cc4F)c3C2c2ccc(Cl)cc2)cc(Cl)cn1C1CC1,中毒,21.327534,14.026334
O=C1c2cc(-c3cn[nH]n3)n(-c3ccc(Cl)cc3Cl)c2C(c2ccc(Cl)cc2)NN1c1cc(Cl)cn(C2CC(O)(CO)C2)c1=O,中毒,15.540574,12.110745
O=C1c2cc(-c3cn[nH]n3)n(-c3ccc(F)c(F)c3)c2C(c2ccc(Cl)cc2)N1c1cc(F)c(=O)n(C2CC2)c1,中毒,22.121504,17.488447
c1n[nH]nc1-c1nc2c(c(N3CCOCC3)n1)CCOC2,中毒,69.63144,102.26629
O=c1c(N2C(=NO)c3cc(-c4cn[nH]n4)cc(-c4ccsc4)c3C2c2ccc(Cl)cc2F)cc(Cl)cn1C1CC(O)(CO)C1,中毒,10.328205,16.862432
O=C1c2cc(-c3cn[nH]n3)n(-c3cc(Cl)c(Cl)c4ccccc34)c2C(c2ccc(Cl)cc2Cl)N1c1cc(Cl)cn(C2CC(O)(CO)C2)c1=O,中毒,15.540574,11.513729
Clc1cccc(C2=NN(Cc3cn[nH]n3)C(c3ccc(-c4ccco4)cc3)C2)c1,中毒,98.98988,120.28762
O=Cc1cn(-c2ccc(Cl)cc2)c2cc(-c3cn[nH]n3)c(Br)cc2c1=O,中毒,5.673257,15.460666
O=c1c(N2C(c3ccc(Cl)cc3)c3cc(-c4cn[nH]n4)n(-c4ccc(Cl)cc4)c3C2c2ccc(Cl)cc2)cc(Cl)cn1C1CC(O)(CO)C1,中毒,19.24008,11.513729
O=c1c(N2Cc3cc(-c4cn[nH]n4)n(-c4ccc(Br)cc4)c3C2)cc(Cl)cn1C1CC(O)(CO)C1,中毒,8.9590025,30.722694
O=C1c2cc(-c3cn[nH]n3)n(-c3cc(Cl)ccc3F)c2C(c2ccc(Br)cc2)N1c1cc(Cl)cn(C2CC(O)(CO)C2)c1=O,中毒,12.488247,11.513729
N#Cc1ccc(C2c3cc(-c4ccc(Cl)cc4Cl)c(cc3C#N)S(=O)(=O)c3c2cc(-c2cn[nH]n2)n3-c2ccc(Cl)cc2)cc1,中毒,8.011326,22.401505
O=c1c(N2Cc3cc(-c4cn[nH]n4)cc(-c4cc(F)cc(Cl)c4)c3C2c2ccc(Cl)cc2)cc(Cl)cn1C1CC(O)(CO)C1,中毒,6.3808517,8.960914
c1cn(-c2nc(N3Cc4cc(-c5cn[nH]n5)sc4C3)n[nH]2)cn1,中毒,36.42705,31.311668
Clc1cccc(-c2cccnc2N2CCn3c(nc4cc(-c5cn[nH]n5)cnc43)C2)c1,中毒,28.087666,39.336864
O=c1c(N2Cc3c(c(-c4cn[nH]n4)cc4nc(-c5cnn(C6CCCC6)c5)cnc34)C2c2cccc3cc(F)ccc23)cc(Cl)cn1C1CC(O)(CO)C1,中毒,17.66382,12.087409
OCC1OC(C2=Nc3nc(-c4cn[nH]n4)cn32)CC1O,低毒,9.362308,32.106396
Fc1cc(Cl)ccc1-n1c(-c2cn[nH]n2)cc2c1C1(c3ccc(Cl)cc3)C(c3ccc(Cl)cc3)N=C(c3ccsc3)N(c3ccc(Cl)cc3)C21,中毒,28.345415,14.3937645
O=S(=O)(c1ccc(F)cc1Cl)N1CCN(Cc2n[nH]c3cc(Br)ccc23)CC1c1ccc(-c2cn[nH]n2)cc1,中毒,10.273229,27.577225
Brc1ccc(Nc2nccc(Nc3nc(-c4cn[nH]n4)cs3)n2)cc1,中毒,23.911558,34.997017
Fc1c(Cl)cccc1C1=NC2(CCN(c3ncnc4[nH]ccc34)CC2)c2scc(CNc3cn[nH]n3)c2C1,中毒,45.07612,40.574463
c1ccc(N=C(c2ccc3c(c2)OCO3)N2CCC(c3cc(-c4cn[nH]n4)no3)CC2)cc1,高毒,32.089314,23.178005
FC(F)(F)c1cc(-c2c(-c3cn[nH]n3)[nH]c3ccc(-c4cnc5[nH]cc(-c6nccs6)c5c4)cc23)ccn1,中毒,10.767621,47.773567
O=C1c2cc(-c3cn[nH]n3)c(=O)n(-c3ccc(Cl)cc3Cl)c2C(c2ccc(Cl)cc2)N1c1cc(Cl)cn(C2CC2)c1=O,中毒,47.20036,14.0600395
O=c1c(N2Cc3nc(-c4cn[nH]n4)nc(-c4csc(Nc5cc(CO)cc(C(F)(F)F)c5)n4)c3C2)cc(Cl)cn1C1CC(O)(CO)C1,中毒,5.933443,16.023859
FC1(F)CCC(OC2CCn3nc(-c4cn[nH]n4)cc3C2)CC1,低毒,22.23548,18.216145
FC(F)(F)c1cc(Nc2ncc(-c3ccnc4[nH]ccc34)c3cc(-c4cn[nH]n4)cc-3n2)cc(N2CCNCC2)c1,中毒,4.5942264,21.750744
Clc1ccc(-n2c(-c3cn[nH]n3)cc3c2-c2cc(Br)c(Cl)cc2-3)c(Cl)c1,低毒,5.7506576,97.78737
Clc1cccc(Cl)c1CN1CCCC12COC1=Nc3cc(-c4cn[nH]n4)ccc3-c3ccccc3CN12,中毒,30.735077,36.11667
O=c1c(N2Cc3cc(-c4cn[nH]n4)cc(-c4c(Cl)cccc4Cl)c3C2c2ccc(Cl)cc2)cc(Cl)cn1C12CC3CC(CC(C3)C1)C2,中毒,10.563423,10.819605
Fc1cccc(C2N(c3cc(-c4cn[nH]n4)nc4c(Cl)c(-c5cnsn5)cnc34)CC23CNC3)c1,中毒,27.948902,69.33649
O=C1N(c2cc(Cl)cn(C3CC(O)(CO)C3)c2=O)CC2(CCOCC2)c2c(-c3cn[nH]n3)c(-c3ccc(Cl)cc3)cn21,中毒,24.818281,13.466203
O=C1c2cc(-c3cn[nH]n3)n(-c3ccc(Cl)cc3F)c2C(c2ccc(Cl)cc2)N1c1cc(Cl)cn(C2(CO)CC2O)c1=O,中毒,12.488247,11.513729
c1cncc(-c2nc(-c3nc(-c4nc(-c5cn[nH]n5)nc5c4CCNC5)cs3)cs2)c1,中毒,63.112427,31.26081
OCC#CC1=CC=C2C3CC(=C1)C2N(Cc1ccc(Cl)cn1)C(c1ccc2c(c1)OCO2)c1c(cc(-c2cn[nH]n2)n1-c1cc(Cl)cc(Cl)c1)C3,中毒,33.50637,13.888707
Cc1cc(Cl)ccc1C1C2=CC(Cl)=CN(C)c3cc(-c4cn[nH]n4)n(-c4ccc(F)cc4)c3C(c3ccc(Cl)cc3)N21,中毒,14.025818,22.51581
Fc1cc(Oc2cc(Cl)c(N3CCC(NCC45CC6CC(CC(C6)C4)C5)C3)c(I)c2)c(Cl)cc1-c1cn[nH]n1,中毒,9.870981,59.30015
Ic1ncnc2c1nc(N1CCOCC1C1CCCCC1)c1oc(-c3cn[nH]n3)cc12,中毒,77.41871,53.34472
O=C1c2nc(N3CCc4sc(-c5cn[nH]n5)nc4C3)sc2C(c2ccc(Cl)cc2Cl)N1c1cc(Cl)cn(C2CC(O)(CO)C2)c1=O,中毒,32.17651,33.968105
O=C1c2cc(-c3cn[nH]n3)n(-c3ccc(Cl)c(Cl)c3)c2C(c2ccc(Cl)cc2F)N1c1cc(Cl)cn(C2CC(O)(CO)C2)c1=O,中毒,14.882899,11.513729
O=c1c(N2Cc3cc(-c4cn[nH]n4)n(-c4cc(Cl)c(F)cc4F)c3C2c2ccc(Cl)cc2)cc(Cl)cn1C1CC(O)(CO)C1,中毒,15.763229,11.513729
c1ccc(CN2CCc3c(nc4c(-n5ccnn5)cccc4c3-c3cn[nH]n3)C2)cc1,中毒,7.2614264,21.378267
O=C1c2cc(-c3cn[nH]n3)nc(-c3cc(Cl)ccc3Cl)c2C(c2ccc(Cl)s2)N1c1cc(Cl)cn(C2CC(O)(CO)C2)c1=O,中毒,6.690411,12.110745
Clc1cc2cc(-c3ccc4cc(-c5cn[nH]n5)cnc4c3)ccc2cc1-c1cnn(-c2ccccc2)c1,中毒,3.0232432,70.58068
c1nc2[nH]cc(-c3cc4c([nH]3)CNCC4)c2cc1-c1cn[nH]n1,中毒,28.31633,59.550385
O=c1c(Nc2ccc(F)cc2)c(Cl)n(-c2ccc(Br)nc2F)c2c1C(c1cn[nH]n1)=N2,中毒,16.687916,42.78017
O=C1c2ccc(C3Cc4cc(-c5cn[nH]n5)c(-c5ccc(Cl)cc5F)n43)cc2CN(c2ccsc2)N1C1CC2CC2(CO)C1,中毒,39.573025,20.43348
O=C1c2nc(-c3cn[nH]n3)nc(-c3c(F)cccc3F)c2C(c2ccc(Cl)cc2)N1c1cc(Cl)cn(C2CC(O)(CO)C2)c1=O,中毒,16.880064,13.466203
Fc1ccc(OC2=c3c(c4c(c(-c5ccc(Cl)cc5)c3-c3ccccc3)=NC(c3cn[nH]n3)=C4)C(c3ccc(Cl)cc3)=N2)cc1,中毒,46.639893,17.484896
O=C1c2cc(-c3cn[nH]n3)n(-c3ccc(Cl)cc3)c2C(c2ccc(Cl)cc2)N1c1cc(Cl)c(=O)n(O)c1,中毒,31.338547,15.110795
O=C1Cc2nc(-c3cn[nH]n3)n(-c3ccc(F)c4cc(Cl)cnc34)c2C(c2ccc(Cl)cc2)N1c1cc(Cl)cn(C2CC(F)(F)C2)c1=O,中毒,30.490143,36.180477
O=c1c(N2Cc3cc(-c4cn[nH]n4)c(-c4ccc(Br)s4)n3C2c2ccc(Cl)cc2)cc(Cl)cn1C1CC(O)C(O)C1,中毒,15.763229,13.503714
O=C1c2cc(-c3cn[nH]n3)nn2C(c2ccc(Cl)cc2C(F)(F)F)N1c1cc(Cl)cn(C2CC(O)(CO)C2)c1=O,中毒,7.854498,13.503714
O=C1c2cc(F)cc(Cl)cc3cc(-c4cn[nH]n4)n2c3C(c2ccc(Cl)cc2)N2C(=O)C2=CC(Cl)=CN1C1CC(O)(CO)C1,中毒,22.80562,12.652781
c1cnc(N2Cc3cc(-c4cn[nH]n4)nc(-n4ccc5cc(OCCN6CCCC6)ccc54)c3C2)cn1,中毒,25.58491,19.945251
Oc1c(Cl)c(-c2cn[nH]n2)c2ccc(-c3cccs3)cc2c1Cl,低毒,3.2341273,41.54136
N#CN1CCc2c(nc(-c3cn[nH]n3)nc2-c2coc(-c3ccncc3)n2)C1,中毒,15.107353,44.71069
O=C1c2cc(-c3cn[nH]n3)n(-c3ccc(F)cc3F)c2C(c2ccc(Br)cc2)N1c1cc(Cl)cn(C2CC(O)C(O)C2)c1=O,中毒,12.488247,11.513729
O=C1c2cc(-c3cn[nH]n3)n(-c3ccc(Cl)cc3F)c2C(c2ccc(Cl)nc2)N1c1cc(Cl)c(=O)n(C2CCS(=O)(=O)C2)c1,中毒,17.272402,15.904917
O=C1c2cc(-c3cn[nH]n3)n(-c3ccc(Cl)cc3F)c2C(c2ccc(F)cc2)N1c1cc(Cl)cn(Cl)c1=O,中毒,17.272402,14.026334
CN(CCN1CC2C3=CC=C(Cl)C=C1C3N(c1ccc(F)cc1F)C(c1ccc(Cl)cc1)c1c2cc(-c2cn[nH]n2)n1-c1ccc(Cl)c(Cl)c1)C1CCOC1,中毒,17.272402,18.318035
Fc1ccc(C(c2cn[nH]c2)N(Cc2c[nH]c3ccccc23)c2cc(-c3cn[nH]n3)cc(N3CCOCC3)n2)cc1,低毒,39.942802,57.09922
c1cc2c(cc1Nc1nc3c(c(-c4cn[nH]n4)n1)CCNC3)OCCO2,中毒,7.2177777,14.435512
O=C1c2cc(-c3cn[nH]n3)c(-c3ccc(Cl)nc3)nc2C(c2ccc(Cl)cc2)N1c1cc(Cl)cn(C2CC(O)(CO)C2)c1=O,中毒,13.216523,12.087409
FC(F)(F)C1=Cc2c(sc3ncc(-c4cn[nH]n4)cc23)NC1(c1ccc(Cl)cc1)c1ccccc1Cl,中毒,21.822248,19.641558
O=c1[nH]c(=S)[nH]cc1-c1cc(-c2nc(-c3cn[nH]n3)co2)c2ccncc2n1,中毒,51.883125,74.75719
O=C1c2cc(-c3cn[nH]n3)n(S(=O)(=O)N3CCOCC3)c2CC(c2ccc(Cl)cc2)N1c1ccc(Cl)cc1,中毒,42.060753,13.577666
Clc1ccc(-n2nc(-c3cccs3)c(-c3cn[nH]n3)c2-c2ccc(Br)cc2)c(Cl)c1,低毒,23.478712,54.536297
Brc1cc(Oc2cc(-c3cn[nH]n3)cs2)c(Br)cc1OCc1cc2cccnc2s1,中毒,19.896187,13.589646
O=c1c(N2Cc3cc(-c4cn[nH]n4)n(-c4ccc(F)cc4F)c3C2c2cccnc2)cc(Cl)cn1C1CC(O)(CO)C1,中毒,15.763229,11.513729
O=C1c2cc(-c3cn[nH]n3)n(-c3ccc(F)cc3F)c2C(c2ccc(Cl)cc2CO)N1c1cc(Cl)cn(C2CC(O)(CO)C2)c1=O,中毒,12.488247,12.110745
c1cc(-c2ccc(NC3C4CNCC3(c3cc(-c5cn[nH]n5)no3)C4)cc2)co1,中毒,29.689987,26.737713
Fc1ccc(NCc2c(-c3ccccc3)sc3c4c(cc(-c5cn[nH]n5)c23)CNC4)cc1,中毒,98.98602,19.62258
N#CC1=C(N2Cc3cc(-c4cn[nH]n4)cc(-c4c(Cl)cccc4Cl)c3C2c2ccc(Cl)cc2Cl)C(=O)N(C2(CF)CC2)C1=O,中毒,15.94993,20.692068
Fc1cc2c(cc1-c1cn[nH]n1)C1C=CC3=CC(c4cccnc4)=CC=C1C3N(c1cc(Cl)ccn1)C2c1ccc(Cl)cc1,中毒,22.964245,36.510887
O=C(O)c1cn(C2CC2F)c2cc(-c3cn[nH]n3)c(F)cc2c1=O,中毒,13.554535,23.163008
O=S1(=O)CCC(O)(c2cc3c(cc2F)-c2nnc(-c4nc(Oc5ccnc6cc(Br)ccc56)ncc4-c4cn[nH]n4)cc2-3)C1,中毒,28.178858,9.956799
O=C1c2nc(-c3cn[nH]n3)cc(Nc3c(Cl)cccc3Cl)c2C(c2ccc(Cl)cc2)N1c1cc(Cl)cn(C2CC(O)C(O)C2)c1=O,中毒,37.24519,33.968105
O=C1c2cc(-c3cn[nH]n3)n(-c3nc4ccc(Cl)cc4s3)c2C(c2ccc(Cl)cc2)N1c1cc(Cl)cn(C2CC(O)(CO)C2)c1=O,中毒,14.882899,18.315401
Fc1ccc2c(c1)c1ccccc1c1nnc(-c3ccc4nc(N5CCC6(COc7cncnc7C6)C5)nc(-c5cn[nH]n5)c4c3)n21,中毒,30.685207,16.862432
Clc1cccc(Cl)c1-c1cc(-c2cn[nH]n2)cc2c1C1=C(CCCCC1)C2,中毒,24.845804,82.772285
O=C1c2cc(-c3cn[nH]n3)n(-c3ccc(Cl)cc3F)c2C(c2ccc(C(F)(F)F)cc2)N1c1cc(Cl)cn(C2CC(O)(CO)C2)c1=O,中毒,12.488247,11.513729
O=C1c2nc(-c3cn[nH]n3)nc(C3CC3c3ccc(Br)cc3)c2C(c2ccc(Cl)cn2)N1c1cc(Cl)cn(C2CC(O)(CO)C2)c1=O,中毒,37.214664,13.503714
c1ccc(-c2cn3nc(-c4cn[nH]n4)sc3n2)cc1,中毒,222.42688,15.319326
Fc1ccc2nc(Nc3occ(-c4ccc(Cl)cc4)c3-c3cn[nH]n3)sc2c1,中毒,29.021664,21.890953
O=c1c(N2Cc3cc(-c4cn[nH]n4)n(-c4ccc(Cl)cc4Cl)c3C2c2ccc(Cl)cc2)cc(Cl)cn1Cl,中毒,29.275309,14.026334
NC1(CO)CC(n2cc(Cl)cc(N3C(=O)c4cc(-c5cn[nH]n5)nc(Nc5ncc(Cl)c6ccoc56)c4C3c3cccc(Cl)c3)c2=O)C1,中毒,17.860971,13.503714
FC1(F)Oc2cccc(n2)-c2cc(-c3nnco3)ccc2-c2ccc(-c3cc(-c4cn[nH]n4)co3)cc2O1,中毒,15.980773,23.6792
FC(F)(Cl)C1(c2ccc(Cl)cc2)Nc2cc(-c3cn[nH]n3)cc(-c3ccc4[nH]ccc4c3)c2C1c1cccc(Cl)c1,中毒,10.819643,17.606434
O=C1C2CCc3ncc(-c4cn[nH]n4)c(Nc4ccc(F)cc4F)c3C(c3ccc(Cl)cc3)N1c1cc(Cl)cn2c1=O,中毒,64.67622,15.456023
O=C1c2cc(-c3cn[nH]n3)n(-c3ccc(P(=O)(O)O)cc3)c2C(c2ccc(Cl)cc2)N1c1cc(Cl)cn(C2CCCC2)c1=O,中毒,12.488247,14.026334
O=C1c2cc(-c3cn[nH]n3)n(-c3ccc(F)cc3F)c2C(c2ccc(Cl)cc2)N1c1cc(Cl)c(=O)n(C2CC2)c1,中毒,17.272402,15.904917
O=S(=O)(c1cc(C(F)(F)F)ccc1F)N1Cc2nn(-c3cn[nH]n3)cc2CC1c1ccc(Cl)cc1,中毒,6.741201,34.786762
O=C1c2cc(-c3cn[nH]n3)sc2C(c2ccc(Cl)c(Cl)c2)N1c1cc(Cl)cn(C2CC(O)(CO)C2)c1=O,中毒,8.738106,8.960914
O=C1c2nc(-c3cn[nH]n3)cc(-c3cnc(C4CC4)c(Cl)c3)c2C(c2ccc(Cl)cc2)N1c1cc(Cl)cn(C2CC(O)(CO)C2)c1=O,中毒,59.929935,12.110745
O=C1c2cc(-c3cn[nH]n3)c(Nc3ccc(F)c(Br)c3)nc2C(c2ccc(Cl)cc2)N1c1cc(Cl)cn(C2CC(O)C(O)C2)c1=O,中毒,13.216523,12.087409
O=C1NN=C2C1=CC(c1cn[nH]n1)=C2c1c2c3nc(c1-c1sccc1C(c1ccc(F)cc1F)N2)C1(CCCCC1)C(=O)N3,中毒,28.345415,14.0600395
O=c1[nH]c(-c2cn[nH]n2)nc2c1CN(c1cc(Cl)cc(Cl)c1Cl)C(c1ccc(Cl)cc1)C2,中毒,5.9900227,20.720844
Fc1ccc2c(c1)ncc1nnc(Sc3cn[nH]n3)n12,中毒,39.89542,38.557377
O=C1c2cc(-c3cn[nH]n3)n(-c3ccc(C(F)(F)F)cc3)c2C(c2cccnc2)N1c1cc(Cl)cn(C2CC(O)(CO)C2)c1=O,中毒,14.882899,11.513729
N#Cc1ccc(Nc2nnc(CN3Cc4sc5ncc(-c6cn[nH]n6)cc5c4C3)s2)cc1,中毒,13.315024,23.170513
Clc1csc(-c2ncc3cc(-c4cn[nH]n4)cn3c2-c2cnn3ncccc23)c1,中毒,14.488339,8.996754
O=C(Nc1cc[nH]n1)c1c(-c2cn[nH]n2)cc2c(c1-c1c(Cl)cccc1Cl)CCN(c1ncc(Cl)s1)CC2,中毒,84.60143,12.084443
O=C1c2cc(-c3cn[nH]n3)cc(-c3c(Cl)cccc3Cl)c2C2(CCOCC2)C(c2ccc(Cl)cc2)N1c1cc(Cl)cn(C2CC(O)(CO)C2)c1=O,中毒,26.303608,17.379768
O=c1c(N2C3=NC(C4CC4)N=C3Cc3cc(-c4cn[nH]n4)n(-c4ccc(Cl)cc4)c3C2c2ccc(Cl)cc2)cc(Cl)cn1C1CC(O)(CO)C1,中毒,15.540574,16.862432
Fc1ccc(-n2c(-c3cn[nH]n3)cc3c2C(c2ccc(Cl)cc2)C(c2ccc(Cl)cc2)N3)c(F)c1,中毒,37.908485,24.100529
O=C1c2cc(-c3cn[nH]n3)oc2C(c2ccc(Cl)c(Cl)c2)N1c1cc(Cl)cn(C2CC(O)(CO)C2)c1=O,中毒,16.282593,20.735756
O=C1N2c3cc(-c4cn[nH]n4)n(-c4ccc(Cl)cc4Cl)c3-c3cc(Cl)c(Cl)c(Cl)c3CC2(c2ccc(Cl)cc2)COC12CC2,中毒,9.303227,38.432915
O=c1c(N2C(=S)c3cc(-c4cn[nH]n4)n(-c4ccc(F)cc4F)c3C2c2ccc(Cl)cc2)cc(Cl)cn1C1CC(O)(CO)C1,中毒,15.763229,38.727142
Fc1cnc(N2CCN(Cc3ccc4c(c3)OCc3oc(-c5cn[nH]n5)cc3-4)CC2)nc1,中毒,6.0692873,25.795118
OC1CC(c2nc3cccc4c(-c5cn[nH]n5)nn2c34)C(O)C1O,低毒,12.058651,16.904968
Fc1ccc(C2c3c(cc(-c4cn[nH]n4)n3-c3ccc(Cl)cc3F)C3N2C(S)=NC(c2ccc(Cl)cc2)N3c2ccc(F)cc2)cc1,中毒,17.272402,17.54973
Clc1cscc1Oc1ncc(-c2ncc(-c3cc4cc(-c5cn[nH]n5)ccc4[nH]3)o2)nn1,中毒,9.502433,73.07725
O=C1C(c2cn[nH]n2)=CC2=C(C(c3cc(Cl)ccc3Cl)=C2)C(c2ccc(Cl)cc2)N2C(=O)C2=CC(Cl)=CN1C1CC(O)(CO)C1,中毒,42.229237,23.141388
O=C1c2nc(-c3cn[nH]n3)nc(Nc3ccc(C(F)F)c(F)c3)c2C(c2ccc(Cl)cc2)N1c1cc(Cl)cn(C2CC(O)C(O)C2)c1=O,中毒,16.880064,13.466203
Clc1cc(-c2cn[nH]n2)cc2c(-c3ccncc3)nn(C3CCN(C4COCCO4)C3)c12,中毒,6.6469564,9.114193
c1cc(-c2c(N3CCC(c4cn[nH]n4)C3)cnc3c(-c4ccoc4)csc23)c2cc[nH]c2n1,中毒,12.694749,11.209147
O=C1c2nc(-c3cn[nH]n3)nc(N3CCC4(CCN(c5nccs5)C4)C3)c2C(c2ccc(Cl)cc2)N1c1cc(Cl)cn(C2CC(O)(CO)C2)c1=O,中毒,18.990976,13.503714
O=C1C(N2Cc3cc(-c4cn[nH]n4)n(-c4ccc(Cl)cc4)c3C2c2ccc(Cl)cc2)=CC(NC2CC2)=C1C1CC1,中毒,18.264595,23.220709
O=C1N(c2cc(Cl)cn(C3CC(O)(CO)C3)c2=O)C(c2ccc(Cl)cc2)c2c3cc(-c4cn[nH]n4)cc-3c(-c3cc(OP(=O)(O)O)no3)nn21,中毒,28.468481,15.303033
O=C1c2cc(-c3cn[nH]n3)cc(-c3c(F)cccc3F)c2CC(c2ccc(Cl)cc2Cl)N1c1cc(Cl)cn(C2CC(O)C(O)C2)c1=O,中毒,18.215044,17.379768
O=C1c2cc(-c3cn[nH]n3)n(-c3ccc(Cl)cc3)c2C(c2ccc(Cl)nc2)N1c1cc(Cl)cn(C2CC(O)(CO)C2)c1=O,中毒,14.882899,11.513729
Clc1cc2c(cc1CN1CCSC(c3c[nH]c4ccccc34)C1)-c1nc(-c3cn[nH]n3)ccc1C2,中毒,8.045578,18.08429
FC(F)(F)c1ccc(CN2CCC3(CCc4oc(-c5cn[nH]n5)nc43)CC2C2CC2)nc1,中毒,31.838018,25.108006
OCC(Nc1cc(-c2snc3c2-c2cc4sc(-c5cn[nH]n5)nc4cc2CC3)ccn1)c1ccsc1,中毒,31.564413,26.768673
Clc1nn(-c2ccsc2)cc1CN1CC2CCC(C1)N2c1ccc(-c2cn[nH]n2)cn1,中毒,23.590508,25.31923
Clc1cccc(Cl)c1-c1c(I)sc(-c2cn[nH]n2)c1Cl,中毒,30.204485,30.353338
O=C1c2nc(-c3cn[nH]n3)c(F)c(C(F)Cl)c2C(c2ccc(Cl)cc2)N1c1cc(Cl)cn(C2CC(O)(CO)C2)c1=O,中毒,51.50488,12.110745
O=C1c2cc(-c3cn[nH]n3)[nH]c(=O)c2C(c2ccc(Cl)cc2)N1c1cc(Cl)cn(C2CC(O)(CO)C2)c1=O,中毒,6.3808517,18.315401
Clc1ccc2nc3c(c(Nc4cc(-c5cn[nH]n5)cs4)c2c1)CCC3,中毒,5.7153897,62.49862
N=c1c(N2C(=O)c3cc(-c4cn[nH]n4)n(-c4ccc(Cl)cc4)c3C2c2ccc(Cl)cc2)cc(Cl)cn1C1CC(O)(CO)C1,中毒,14.882899,13.466203
O=c1cc(N2CCNCC2c2ccc(OC(F)(F)F)cc2)c(=O)c2cc(F)c(-c3cn[nH]n3)cc2[nH]1,中毒,17.493916,11.117732
O=C1c2cc(-c3cn[nH]n3)nn2-c2cc(Br)cc(Cl)c2C(c2ccc(Cl)cc2)N1c1cc(Cl)cn(C2CC(O)(CO)C2)c1=O,中毒,20.573853,28.20462
c1cc(-c2cncc(-c3cnc4nc(-c5cn[nH]n5)cn4n3)c2)cc(C2CCOC2)n1,中毒,6.7833924,37.88556
O=c1c(N2Cc3cc(-c4cn[nH]n4)c(C4COC5(CCN(Cc6cccs6)C5)C4)c(-c4ccc(Cl)cc4)c32)cc(Cl)cn1C1CC(O)(CO)C1,中毒,27.539825,16.862432
O=C1c2cc(-c3cn[nH]n3)n(-c3c(F)cc(Cl)cc3Cl)c2C(c2ccc(Cl)cc2)N1c1cc(Cl)cn(C2CC(O)(CO)C2)c1=O,中毒,15.540574,11.513729
Fc1cccc(F)c1-c1cc(-c2cn[nH]n2)cc2c1C(c1ccc(Cl)cc1)N(c1cc(Cl)cn3nc(C(F)(F)F)cc13)C2c1ccc(Cl)cc1,中毒,17.27492,17.883131
O=C1c2cc(-c3cn[nH]n3)c(-c3ccnc(Cl)c3)n2C(c2ccc(Cl)cc2)N1c1cc(Cl)cn(C2CC2)c1=O,中毒,17.655811,14.3937645
Fc1ccc(Oc2cc3c(cc2Cl)C(c2ccc(Cl)cc2)=NC32CCN(C3(C4CC4)CC(c4cn[nH]n4)=N3)CC2)c(F)c1,中毒,5.639542,33.33846
Clc1cccc(-n2c(-c3cn[nH]n3)cc3c2-c2nc(Cl)c(Cl)c(I)c2-3)c1Cl,中毒,13.4272375,19.05265
Fc1ccc(-c2n[nH]c(-c3cc4c(s3)COC4)c2-c2cn[nH]n2)c(F)c1,低毒,8.311006,46.69098
O=C(c1ccnn1C1CCN(Cc2ccon2)CC1)N1CCc2cc(-c3ccc(Cl)s3)c(-c3cn[nH]n3)cc2C1,中毒,87.074524,44.813885
O=c1c(N2Cc3cc(-c4cn[nH]n4)cc(-c4cccc(OC(F)(F)C(F)(F)F)c4)c3C2c2ccc(Cl)cc2)cc(Cl)cn1C1CC(O)(CO)C1,中毒,11.985034,18.239529
Fc1ccc2c(-c3cn[nH]n3)nn3c(-c4cn[nH]c4)cnc3c2c1,中毒,4.6545386,18.992598
OC(Cn1cc(-c2csc(N3CCc4cc(-c5cn[nH]n5)cc(-c5c(Cl)cccc5Cl)c4C3)n2)cn1)C(F)(F)CF,中毒,40.846786,15.217089
O=S1(=O)C2=C(OC(CO)C(Oc3cccc(Cl)c3)C(N3CCOCC3)=C2)c2cc(-c3cn[nH]n3)cc(-c3cnsc3Cl)c21,中毒,35.580013,24.936914
O=C1c2cc(-c3cn[nH]n3)n(-c3ccc(Cl)cc3F)c2C(c2ccc3[nH]ccc3c2)N1c1cc(Cl)cn(C2CC(O)(CO)C2)c1=O,中毒,12.488247,11.513729
Fc1c(Cl)cccc1C1Cc2[nH]cc(-c3cn[nH]n3)c2CN1C1CC(F)(F)CC12CC2,中毒,13.864817,18.140604
O=c1c(N2C(O)c3cc(-c4cn[nH]n4)n(-c4ccc(Cl)cc4)c3C2c2cccc(Cl)c2)cc(Cl)cn1C1CC(O)C(O)C1,中毒,26.991571,12.110745
O=c1c(N2C(c3ccc(Cl)cc3)c3c(-c4c(Cl)cccc4Cl)cc(-c4cn[nH]n4)cc3P2(=O)O)cc(Cl)cn1C1CC(O)C(O)C1,中毒,33.735203,11.513729
Oc1c(Cl)cc2cc1C1CC(Cc3cc(-c4cn[nH]n4)cc(-c4ccc(F)cc4)c3-2)N1,中毒,34.104084,44.038494
Clc1ccccc1-n1ncc2c1CN(c1cn[nH]n1)C2,低毒,42.230602,35.162144
c1nc(Nc2cc3c(cn2)OCCO3)c2nc(C3CCOC3)cc(-c3cn[nH]n3)c2n1,中毒,55.013416,81.83419
c1n[nH]nc1-c1noc(C2CCN2C2CCOCC2)n1,中毒,21.42918,84.24341
O=c1c(N2Cc3cc(-c4cn[nH]n4)cc(-c4c(F)cccc4F)c3C(c3ccc(Cl)cc3)C2c2ccc(Cl)cc2)cc(Cl)cn1C1CC(O)(CO)C1,中毒,15.809174,16.947666
Fc1cc(F)c2sc(NCc3noc(-c4cc(-c5cn[nH]n5)cs4)n3)nc2c1,低毒,21.039862,19.302166
Clc1ccc(C2c3c(cc(-c4cn[nH]n4)n3-c3ccc(Cl)cc3)N2c2ccc3c(c2)OCO3)cc1,中毒,20.749205,26.976913
O=C(NC1CC1)c1cc(C2CC2)c(N(C(=S)NC2CC2)C(c2ccc3c(c2)OCO3)c2cc(-c3cn[nH]n3)cs2)s1,中毒,8.922948,19.999897
OC1CCC(n2c(Sc3ccc(-c4cscn4)cn3)nc3cc(-c4cn[nH]n4)ccc32)CC1,中毒,57.821663,35.130646
O=C1c2cc(-c3cn[nH]n3)n(-c3ccc(F)cc3F)c2C(c2cccc(Cl)c2Br)N1c1cc(Cl)cn(C2CC(O)(CO)C2)c1=O,中毒,15.540574,11.513729
Clc1c(-c2cn[nH]n2)ccc2c1sc1nccc(-c3ccncc3)c12,中毒,5.538424,26.357656
O=C1c2nc(-c3cn[nH]n3)nc(N3CCC(Oc4ccc(F)c(Cl)c4)CC3)c2C(c2ccc(Cl)cc2)N1c1cc(Cl)cn(C2CC(O)(CO)C2)c1=O,中毒,16.880064,13.466203
Fc1c(Nc2nc(Oc3ccc(Cl)cc3Oc3ccccc3)c3c(n2)-c2c-3cc(-c3cn[nH]n3)n2-c2ccc(Cl)nc2)ccc2[nH]ncc12,中毒,4.190737,18.88558
Oc1cc(O)cc(-c2sc3cc(-c4cn[nH]n4)cn3c2-c2cn[nH]c2)c1,中毒,24.623703,18.937593
O=C1c2cc(-c3cn[nH]n3)n(-c3cc(Cl)cc(Cl)c3)c2C(c2ccc(Cl)cc2)N1c1cc(Cl)cn(C2CC(O)(CO)C2O)c1=O,中毒,14.882899,11.513729
FC1(F)CC(CNc2cc3ncnc(-c4cnc5ccsc5c4)c3cc2-c2cn[nH]n2)CN(C2CCOCC2)C1,中毒,16.275703,13.466203
Clc1cncnc1N1CCc2cc(-c3cn[nH]n3)cc(-c3c(Cl)cccc3Cl)c2CC1,中毒,16.357574,84.30223
O=C1c2cc(-c3cn[nH]n3)n(-c3cc(Cl)ccc3F)c2C(c2ccc(Cl)cc2)N1c1cc(Cl)cn(C2CCOC2)c1=O,中毒,17.272402,13.466203
FC1CCN(c2cc(-c3cn[nH]n3)cnc2Oc2cccnc2-n2ccc3cc(C(F)(F)F)ccc32)C1,中毒,8.9471,19.769388
O=C(c1ncco1)N(CCC1c2c(-c3c(-c4cn[nH]n4)noc3-c3ccc4[nH]nc(O)c4c3)cnn21)C1CC1,中毒,26.842958,14.2189665
O=C1c2cc(-c3cn[nH]n3)n(-c3ccccc3F)c2C(c2ccc(Cl)cc2O)N1c1cc(Cl)cn(C2CC(O)(CO)C2)c1=O,中毒,12.488247,13.503714
OCC1(Cn2cc(-c3c(-c4cc(OC(F)(F)F)ccn4)ncc4c3-c3sc(-c5cn[nH]n5)cc3C4)cn2)CC1,中毒,17.093054,23.602232
Fc1ccc(-n2c(-c3cn[nH]n3)cc3c2C2c4ccc-3c(c4)OCOC(c3ccc(Cl)cc3)N2c2ccc(Cl)cc2)cc1,中毒,32.733707,13.466203
O=c1c(Cl)c(-c2cnc(-c3ccsc3)nc2)cnc2[nH]cc(-c3cn[nH]n3)c12,低毒,13.295755,23.587614
O=c1c(N2Cc3cc(-c4cn[nH]n4)cc(-c4c(Cl)cccc4Br)c3C2c2ccc(Cl)cc2)cc(Cl)cn1C1CC(O)(CO)C1,中毒,6.7043605,9.912456
Oc1cc2cc(-c3cn[nH]n3)cnc2c(-c2ccsc2)n1,中毒,7.59871,14.605818
O=S(=O)(Nc1cc(Oc2cc3ncnc(Sc4ccc(Br)cc4F)c3cc2-c2cn[nH]n2)cc(Cl)c1O)c1cccc(Cl)c1,中毒,20.358414,37.990963
O=c1c(N2Cc3cc(-c4cn[nH]n4)c(=O)n(-c4ccc(F)cc4)c3C2c2ccc(Cl)cc2)cc(Cl)cn1C1CC(O)C(O)C1,中毒,42.251274,12.110745
OCCOc1cccc(Cl)c1-c1cc(-c2cn[nH]n2)cc2c1CCC2,中毒,36.444843,21.172228
Fc1c(N2CCc3snc(-c4cn[nH]n4)c3C2)cnc2ccccc12,中毒,6.6008945,12.733521
O=c1c2cc(Cl)cn1C1CCc3cc(-c4cn[nH]n4)cc(-c4c(Cl)cccc4Cl)c3C(c3ccc(Cl)cc3)N2C1c1ccc(Cl)c(Cl)c1,中毒,19.998795,14.3937645
Brc1sc(Br)c2c1Cc1cc(-c3cn[nH]n3)[nH]c1C2,中毒,21.06583,14.154663
Clc1ccc(Cl)c(Nc2c(-c3ccc(Br)cc3)n3nc(-c4cn[nH]n4)nc3c3c(Cl)cc(Cl)nc23)c1,中毒,10.268489,46.375107
O=c1c(N2Cc3cc(-c4cn[nH]n4)cc(-c4cccc(NCc5ccc(F)c(F)c5)c4)c3C2c2ccc(Cl)cc2)cc(Cl)cn1C1CC(O)(CO)C1,中毒,8.93265,8.960914
Oc1c(-c2cn[nH]n2)nc2sc3c(NN=Cc4ccc(C(F)(F)F)cc4)ncnc3c(N3CCOCC3)c1-2,中毒,56.586643,13.888707
O=c1c(N2C(c3ccc(Cl)cc3)c3cc(-c4cn[nH]n4)n(-c4ccc(F)cc4F)c3C2c2ccc(Cl)cc2)cc(Cl)cn1Br,中毒,21.327534,14.026334
O=C1c2cc(-c3cn[nH]n3)n(-c3ccc(Cl)cc3Cl)c2C(c2ccc(Cl)cc2)N1c1cc(Cl)cn(C2CCOCC2)c1=O,中毒,22.035963,13.466203
O=C1c2cc(-c3cn[nH]n3)n(-c3cc(Cl)ccc3F)c2C(c2ccc(Cl)cc2)N1c1cc(Cl)cn(C2CC(O)C(O)(CO)C2)c1=O,中毒,12.488247,11.513729
Fc1cc(N2CC(c3cn[nH]n3)SC3COCC32)cnc1C1=NC2(CCNC2)C1,中毒,26.415918,11.666832
O=C1c2cc(-c3cn[nH]n3)c(-c3ccc(Cl)cc3Cl)n2CC(c2cc(Cl)ccc2OC(F)F)N1c1cc(Cl)cn(C2CC(O)(CO)C2)c1=O,中毒,19.818737,14.891448
O=C1c2cc(-c3cn[nH]n3)n(-c3nc4ccc(-c5cnco5)cc4s3)c2C(c2ccc(Cl)cc2)N1c1cc(Cl)cn(C2CC(O)(CO)C2)c1=O,中毒,14.882899,18.315401
O=C1c2cc(-c3cn[nH]n3)n(-c3ccc(F)cc3F)c2C(c2ccc(Cl)cc2P(=O)(O)O)N1c1cc(Cl)cn(C2CC(O)(CO)C2)c1=O,中毒,15.540574,11.513729
Fc1cccc(Oc2cc3nc(-c4cn[nH]n4)sc3cc2F)c1,中毒,53.1475,21.453453
O=C1c2cc(-c3cn[nH]n3)n(-c3cc(Cl)ccc3C(F)(F)F)c2C(c2ccc(Cl)cc2)N1c1cc(Cl)cn(C2CC(O)(CO)C2)c1=O,中毒,14.882899,11.513729
ClC1=CC=C2C3=Nc4cc(-c5cn[nH]n5)n(-c5ccc(Cl)cc5)c4C(c4ccc(Cl)cc4)N(c4ccc(Cl)cc4)C2C(=C1)O3,中毒,27.786415,16.230408
O=c1c2cnccc2c(-c2ccc3c(-c4cn[nH]n4)n[nH]c3c2)nn1Br,低毒,2.0099807,62.997223
O=C1c2cc(-c3ccsc3-c3cn[nH]n3)n(-c3cccnc3)c2C(c2ccc(Cl)cc2Cl)N1c1cc(Cl)cn(C2CC(O)(CO)C2)c1=O,中毒,32.17651,12.110745
c1coc(-c2nnc(Sc3nnc(-c4ccc5[nH]c(-c6cn[nH]n6)cc5c4)c4c[nH]cc34)o2)c1,中毒,15.894295,54.834675
O=c1c(N2Cc3cc(-c4cn[nH]n4)cc(-c4cc(F)c(Cl)cc4F)c3C2c2ccc(Cl)cc2)cc(Cl)cn1C1CC(O)(CO)C1,中毒,6.3808517,8.960914
FC(F)(F)c1sccc1CNc1ccc(Oc2cc3ncnc(-c4cc[n+](-c5ccsc5)cc4)c3cc2-c2cn[nH]n2)cc1Cl,中毒,12.438808,9.256967
O=c1c(N2Cc3cc(-c4cn[nH]n4)n(-c4ccc(F)cc4F)c3C2c2ccco2)cc(Cl)cn1C1CC(O)(CO)C1,中毒,13.591881,11.513729
O=C1C2c3cc(-c4cn[nH]n4)n(-c4ccc(Cl)cc4)c3C(c3ccc(Cl)cc3)C2(CCl)N(c2ccc(Cl)cc2)C(=O)N1C1CCC1,中毒,28.345415,37.472656
O=C(O)c1c(-c2ccc(Cl)cc2)c2nc(-c3ccc(O)nc3)cn2c2nc(-c3cn[nH]n3)c(F)cc2c1=O,中毒,28.803331,16.312897
C1=CC(C2=NCCN2)Cc2cc(-c3cn[nH]n3)sc2C1,高毒,11.730686,11.473536
O=S(=O)(c1cncc(-c2cn[nH]n2)c1)N1CCN(c2cncnc2)CC1,高毒,10.3296795,37.96834
O=C1c2cc(-c3cn[nH]n3)nc(-c3ccc(Cl)s3)c2C(c2ccc(Cl)cc2)N1c1cc(Cl)cn(C2CC(O)(CO)C2)c1=O,中毒,5.6871157,13.503714
Fc1ccc(-n2c(-c3cn[nH]n3)cc3c2-c2cc(-c4cnn5ncccc45)c(-c4cc(Cl)ccc4Oc4ccc(Cl)cc4)cc2-3)cc1,中毒,37.974617,12.444949
c1cc(Cc2ccsc2)cc(-c2noc(-c3[nH]c4nc(NC5CCOC5)nc(-c5cn[nH]n5)c4c3-c3ccco3)n2)c1,中毒,57.12029,45.758514
O=C1c2cc(-c3cn[nH]n3)n(-c3ccc(Cl)cc3Cl)c2C(c2ccc3c(c2)OCO3)N1c1cc(Cl)cn(C2CC(O)(CBr)C2)c1=O,中毒,36.175117,13.466203
N#CC1(Oc2cc3c4c(c(-c5c(Cl)cccc5Cl)nc3c(=O)c(-c3cn[nH]n3)c2C2CC2)C(N)CC4)COC1,中毒,7.3482423,86.27175
O=C1c2c(sc3nc(-c4ccc(Cl)cc4)c(-c4cn[nH]n4)cc23)C(c2ccc(Cl)s2)N1c1csc(Cl)c1,中毒,13.962223,14.026334
O=C1C2CCC(O)Cc3cc(-c4cn[nH]n4)cc(-c4c(Cl)cccc4Cl)c3C(c3ccc(Cl)cc3)N1c1cc(Cl)cn2c1=O,中毒,33.84071,18.239529
O=C1c2cc(-c3cn[nH]n3)c(Br)c(-c3c(Cl)cccc3Cl)c2C(c2ccc(Cl)cc2)C(c2ccc(Cl)cc2)N1c1cnc2ccccc2c1,中毒,26.265089,9.934137
O=C1C(n2cc(Cl)cc(N3Cc4cc(-c5cn[nH]n5)n(-c5ccc(F)cc5F)c4C3c3ccc(Cl)cc3)c2=O)CCC1(O)CO,中毒,26.303608,11.513729
Fc1cccc(-c2cc3c(cc2-c2cn[nH]n2)c2cc(OC(F)F)ccc2n3Cc2ccc(Cl)cc2F)c1,中毒,12.281311,30.496212
c1ccc(N2CCc3cc(N4CCC(Oc5cc6ncnc(-c7ccoc7)c6cc5-c5cn[nH]n5)CC4)cnc32)nc1,中毒,5.1761703,39.646847
C1=C2CSCC(C3=CC(OC4CCN(c5nccs5)CC4)=N3)=C2C=C1c1cn[nH]n1,中毒,47.33033,13.458358
Clc1cc(Cl)cc(-c2c(-c3ccnc(SCCN4CCOCC4)c3)nc(NC3CCOCC3)c3nnn(-c4cn[nH]n4)c23)c1,中毒,10.742466,36.37219
O=C1c2nc(-c3cn[nH]n3)n(S(=O)(=O)c3ccc(Cl)cc3)c2C(c2ccc(Cl)cc2)N1c1cc(Cl)cn(C2CC(O)(CO)C2)c1=O,中毒,51.50488,13.466203
Fc1ccc(-n2c(-c3cn[nH]n3)cc3c2C(c2ccc(Cl)cc2)N(c2ccc(Cl)cc2)C3)cc1,中毒,28.622856,23.107658
O=C1C=C2OC3N4C(=O)c5ccc(Cl)cc5N5C6=CC=C7C=CC=CC(=C72)C2(F)OC3(OO)C5(c3cn[nH]n3)C(=CC62O)C2C(=C24)OC1,中毒,32.17651,13.503714
FC1CCC1CN1CCc2cc(-c3cn[nH]n3)cc(-c3c(Cl)cncc3Cl)c2C1,中毒,21.82658,47.647556
O=C1c2cc(-c3cn[nH]n3)n(-c3ccc(Cl)cc3)c2C(c2ccc(F)cc2)N1c1cc(Cl)cn(C2CC(F)(F)C2)c1=O,中毒,22.035963,14.026334
O=C1c2cc(-c3cn[nH]n3)n(-c3ccc(Cl)cc3Br)c2C(c2ccc(N3CCNCC3)cc2)N1c1cc(Cl)cn(C2CC(O)(CO)C2)c1=O,中毒,14.882899,11.513729
FCC1CN(C2n3c(nc(-c4cn[nH]n4)c3-c3ccc(Cl)cc3)NC3=NC2(Br)c2ccccc23)CCO1,中毒,37.052406,18.129099
COc1c(F)cc(-n2c(-c3cn[nH]n3)cc3c2C(c2ccc(Cl)s2)N(c2cc(Cl)cn(C4CC(O)(CO)C4)c2=O)C3=O)cc1F,中毒,38.834198,11.513729
Brc1cc2c(cc1OCCN1CCC(c3cnc4ccccc4n3)CC1)CC(c1cn[nH]n1)CC2,中毒,28.61438,101.86029
Fc1cc(Cl)cc2c1N=C(c1cc3ccccc3s1)C(c1cn[nH]n1)N2Cc1ccc(-c2cccnc2)cc1,中毒,93.92154,29.10689
ClC1=CC=C2C3COC(=C1)C2N(c1ccc(Cl)c(I)c1)C(c1ccc(Cl)cc1)c1c(cc(-c2cn[nH]n2)n1-c1cc(Cl)cc(Cl)c1)C3,中毒,22.035963,18.807123
O=C1c2nc(-c3cn[nH]n3)c(-c3cccnc3F)c(-c3ccoc3)c2C(c2ccc(Cl)cc2)N1c1cc(Cl)cn(C2CC(O)(CO)C2)c1=O,中毒,67.017,13.503714
O=C1c2cc(-c3cn[nH]n3)n(-c3ccc(Cl)cc3)c2C(c2ccc(Cl)cc2)N1c1cc(Cl)cn(C2CC(O)(C(=O)O)C2)c1=O,中毒,14.882899,11.513729
C1=C(c2cn[nH]n2)c2[nH]ccc2Sc2ncccc21,中毒,107.60027,16.368807
Fc1ccc(Oc2ccc(C3(c4cccc(-n5cncn5)c4)OCCCc4nn(-c5cn[nH]n5)cc43)cc2Cl)c(F)c1,中毒,41.879997,29.420374
O=c1c(N2C(c3ccc(OC(F)(F)F)cc3)c3c(cc(-c4cn[nH]n4)n3-c3ccc(Br)cc3F)S2(=O)=O)cc(Cl)cn1C1CC(O)(CO)C1,中毒,48.445587,33.968105
O=c1sccc2c1C(c1ccc(Cl)cc1)c1c(-c3c(F)cccc3F)cc(-c3cn[nH]n3)cc1N2c1ccc(N2CCC(Oc3cccnc3)CC2)cc1,中毒,4.6382017,23.677588
Clc1cccc(Cl)c1-c1cccc2cc(C3CC(c4cc5sc(Nc6ccc(Br)cc6)nc5cc4-c4cn[nH]n4)C=N3)sc12,中毒,28.345415,22.754652
O=C1c2cc(-c3cn[nH]n3)c(-c3cc(Cl)nc(Cl)c3)n2C(c2ccc(Cl)cc2)N1c1cc(Cl)cn(C2CC(O)(CO)C2)c1=O,中毒,19.951618,13.503714
O=C1c2cc(-c3cn[nH]n3)n(-c3cccc(Cl)c3F)c2C(c2ccc(Cl)cc2)N1c1ccsc1,中毒,17.272402,21.729755
O=C1c2cc(-c3cn[nH]n3)n(-c3ccc(Cl)c(Cl)c3)c2C(c2ccc(Cl)cc2)N2C(=O)C2=CC(Cl)=CN1C1CC(O)(CO)C1,中毒,8.756417,18.720287
Fc1ccc(-n2ccc3c(-c4cn[nH]n4)c(-c4ccc(CN5CCOCC5)nc4)cnc32)c(F)c1,中毒,61.849785,15.617984
Clc1cccc(Cl)c1-c1nc(-c2cn[nH]n2)cc2c1CCNC2,中毒,23.372608,71.43461
O=C1C(c2cn[nH]n2)=NN=C1c1noc(CC2(NCc3cn(C4CC4)nn3)CC2CCO)n1,中毒,39.77472,10.70364
O=C1c2cc(-c3cn[nH]n3)n(-c3ccc(F)cc3Br)c2C(c2ccc(Cl)cc2)N1c1cc(Cl)cn(C2CC(O)N(O)C2)c1=O,中毒,15.540574,11.513729
Fc1ccc(-n2c(-c3cn[nH]n3)nc3c2C(c2ccc(Cl)cc2)N(c2ccc(Cl)c(Cl)c2)C3c2ccc(Cl)cc2)c(F)n1,中毒,11.541055,41.932545
O=C1c2cc(-c3cn[nH]n3)n(-c3cc(F)ccc3Cl)c2C(c2ccc(Cl)cc2)N1c1cc(Cl)cc(Cl)c1,中毒,22.035963,23.107658
OC1(C(F)F)c2ccccc2-c2cc(-c3c[nH]c4ncc(-c5cn[nH]n5)cc34)[nH]c21,中毒,13.062729,70.89214
c1n[nH]nc1N1CC(c2nnnn2CC2CC2)C1,高毒,33.149498,92.95575
NC1Cc2cc(F)c(O)cc2-c2cc(-c3cn[nH]n3)cc(-c3cc(Cl)cnc3Oc3ccc(Cl)cc3)c21,中毒,50.78062,40.85798
O=C1c2nc(-c3cn[nH]n3)sc2C(CN2CCCC(N3CCOCC3)CC2)(c2ccc(Br)cc2)N1c1cc(Cl)cn(C2CC(O)(CO)C2)c1=O,中毒,51.50488,33.968105
O=c1[nH]c(-c2cn[nH]n2)cc2ncc(C3CC(N4CCOC(CF)C4)CC3c3noc4cc(OCC5CC5)ccc34)cc12,中毒,13.62302,46.309635
O=C1c2cc(-c3cn[nH]n3)n(-c3ccc(Cl)nc3F)c2C(c2ccc(Cl)cc2)N1c1cc(Cl)cn(C2CC(O)C(O)C2)c1=O,中毒,12.488247,11.513729
O=c1c(NC2Cc3cc(-c4cn[nH]n4)n(-c4ccc(Cl)cc4F)c32)cc(Cl)cn1C1CC(O)(CO)C1,中毒,28.051815,32.91048
OC(C1=CC2=Nc3cc(-c4cc(Cl)ccc4OC(F)(F)F)c(-c4cn[nH]n4)cc3C2=C1c1ccc2occc2c1)(c1ccncc1)c1ccc(Cl)cc1,中毒,39.56494,134.20944
Fc1ccc(-c2cc(C(F)(F)F)c3ncnc(NC4CN(Cc5cn[nH]n5)C4)c3c2)cc1,中毒,3.4566157,79.58814
OC1CCC2(CC1)Cc1cc(-c3cn[nH]n3)cc(-c3cnc4cc(C(F)(F)F)ccc4c3)c12,中毒,19.79092,15.890761
Fc1ccccc1CNC1=NC2=C(c3cn[nH]n3)C(c3cc(Cl)cc(Cl)c3)N2N1,中毒,20.992996,39.670948
O=C1c2nc(-c3cn[nH]n3)n(-c3cc(Cl)ccc3F)c2C(c2ccc(Cl)cc2)N1c1cc(Cl)cn(C2CC(O)(CO)C2)c1=O,中毒,24.818281,34.717995
Clc1ccc(-c2c(NCc3ccncc3)c3noc(-c4c[nH]cn4)c3c3cc(-c4cn[nH]n4)ncc23)cc1,中毒,20.639534,55.007286
O=C(NCCc1ccc(Nc2nc3nnc(Sc4cnc5ccccc5c4)cc3cc2-c2cn[nH]n2)cc1)N1CCC1,中毒,16.246655,50.333164
c1cc(-c2cc3c(cn2)CCc2ncc(-c4cn[nH]n4)nc2-3)cc(N2CCOCC2)n1,中毒,18.75203,67.92083
NCC1C2Nc3cc(-c4cn[nH]n4)sc3C(c3ccncc3)N(c3cncc(Cl)c3)c3cc(c4cn[nH]c4c3)C2CC2CC3ON=CC3C(=O)N21,中毒,7.494668,14.882184
O=C1c2cc(-c3cn[nH]n3)n(-c3ccc(Cl)cc3F)c2C(c2ccc(Cl)cc2C(F)(F)F)N1c1cc(Cl)cn(C2CC(O)(CO)C2)c1=O,中毒,12.488247,12.110745
O=C(NC(S)=NCc1cccs1)Nc1ccc2c(-c3cn[nH]n3)n[nH]c2c1,低毒,35.52985,61.071033
O=c1c(N2Cc3cc(-c4cn[nH]n4)c(-c4cccc(Cl)c4F)nc3C2c2ccc(Cl)cc2)cc(Cl)cn1C1CC(O)(CO)C1,中毒,13.216523,14.418226
O=C1c2c(ccnc2Nc2cccc(Cl)c2F)OC1N1Cc2cc(-c3cn[nH]n3)ccc2CC1C1CC2C(=O)N(C3CC3)C(=O)C21,中毒,19.536438,14.585049
O=c1c(N2Cc3cc(-c4cn[nH]n4)cc(-c4ccc(Br)cc4)c3C2c2cccc(F)c2)cc(Cl)cn1C1CC(O)(CO)C1,中毒,6.1933956,8.960914
OC1=C(Cl)C=C2C3C(=C1)C2(O)Cc1cc(-c2cn[nH]n2)n(-c2ccc(Cl)cc2F)c1C(c1ccc(Cl)cc1)N3c1ccc(Cl)cc1,中毒,12.488247,17.379768
O=C1c2sc(-c3cn[nH]n3)c(-c3nnc(-c4cc[nH]n4)cc3F)c2C(c2ccc(Cl)cc2)N1c1cc(Cl)cn(C2CC(O)(CO)C2)c1=O,中毒,39.425797,9.173887
O=S(=O)(c1cccnc1)n1cc2ccc(CN3CCC(COc4nc(Nc5cccnn5)c5c(-c6ccsc6)cn(-c6cn[nH]n6)c5n4)CC3)cc2n1,中毒,26.627281,17.95569
O=C1c2cc(-c3cn[nH]n3)n(-c3nc4cc(F)c(Cl)cc4s3)c2C(c2ccc(Cl)cc2)N1c1cc(Cl)cn(C2CC(O)(CO)C2)c1=O,中毒,38.99518,18.315401
O=C1N(c2cc(Cl)cn(C3CC(O)(CO)C3)c2=O)C(c2ccc(Cl)cc2)c2c(-c3ccc(F)c(F)c3)c(-c3cn[nH]n3)cn21,中毒,4.780019,13.466203
Oc1c2ccc(C(F)(F)F)cc2nc2c(-c3ccnc(Cl)c3)c(-c3c(Cl)cccc3Cl)c3cnc(-c4cn[nH]n4)cc3c12,中毒,7.2612042,16.652193
O=C1c2cc(-c3cn[nH]n3)n(-c3ccc(F)cc3F)c2C(c2ccc(Br)cc2)N1c1cc(Cl)cn(C2CC(O)(CO)C2Br)c1=O,中毒,12.488247,11.513729
O=C1c2cc(-c3cn[nH]n3)n(-c3cc(F)c(Cl)cc3F)c2C(c2ccc(Cl)cc2)N1c1cc(Cl)cn(C2C=C(CO)C(O)C2)c1=O,中毒,12.488247,11.513729
O=C1c2cc(-c3cn[nH]n3)n(-c3cnc(Cl)c(Cl)c3)c2C(c2ccc(Cl)cc2)N1c1cc(Cl)cn(C2CC(O)C(O)C2)c1=O,中毒,14.882899,11.513729
OC1(c2ccccc2C(F)(F)F)c2cc(Cl)c(-c3cnc4onc(-c5cn[nH]n5)c4c3)c1c2,中毒,32.22086,37.515812
N#Cc1cnn2cc(Cl)cc(N3Cc4c(nc5ncnn5c4-c4cn[nH]n4)C3c3cccc(Cl)c3Cl)c12,中毒,19.591078,16.466494
Fc1cc(Cl)ccc1-n1c(-c2cn[nH]n2)cc2c1C1=C(CCN(CC3CC3)C1)c1cc(Cl)cnc1-c1ccncc1-2,中毒,12.976177,21.442013
O=C1c2cc(-c3cn[nH]n3)c(-c3ccc(F)c(Cl)c3)n2C(c2cccc(Cl)c2)N1c1cc(Cl)cn(C2CC(O)(CO)C2)c1=O,中毒,19.951618,13.503714
Fc1cccc(F)c1-c1c(-c2ccc(Oc3cccnn3)nc2Cl)c(Cl)cc2c1-c1nc(-c3cn[nH]n3)nn1CS2,低毒,11.273919,15.233939
O=C(c1ccc2ccsc2n1)N1CCc2cc(-c3cn[nH]n3)c(-c3ccnc4[nH]ccc34)cc2C1,中毒,74.96153,14.771246
O=c1c(N2Cc3nc(-c4cn[nH]n4)n(-c4ccc(Cl)cc4C(F)(F)F)c3C2c2ccc(Cl)cc2)cc(Cl)cn1C1CC(O)(CO)C1,中毒,14.069506,34.717995
Clc1ccc(N2C(c3ccccc3)c3c(cc(-c4cn[nH]n4)n3-c3ccccc3)CC23CC3)cc1,中毒,21.327534,24.842266
O=c1c(N2Cc3cc(-c4cn[nH]n4)n(-c4cc(F)ccc4F)c3C2c2ccc(Cl)cc2)cc(Cl)cn1C1CC(O)(CO)C1,中毒,15.763229,11.513729
OCC1SC(Oc2ccc(Oc3cc4sc(-c5cn[nH]n5)cc4cc3Br)c(Cl)c2)C(O)C(O)C1O,高毒,11.298504,12.349491
Fc1ccc(-n2c(-c3cn[nH]n3)cc3c2C(c2ccc(Cl)cc2)N(c2ccc(Cl)cc2)C3F)c(F)c1,中毒,21.327534,23.107658
O=C1c2nc(-c3cn[nH]n3)c(-c3cc(Cl)cc(Cl)c3)n2C(c2ccc(Cl)cc2)N1c1cc(Cl)cn(C2CC(O)(CO)C2)c1=O,中毒,41.15799,13.447941
O=C1c2cc(-c3cn[nH]n3)c(Br)n2C(c2ccc(Cl)cc2)N1c1cc(Cl)cn(C2CC(O)(CO)C2)c1=O,中毒,29.989872,28.945686
O=C1c2cc(-c3cn[nH]n3)n(-c3ccc(Cl)cc3Cl)c2C(c2ccc(Cl)cc2)N1c1cc(Cl)cn(C2CC(O)C(O)(CO)C2)c1=O,中毒,18.205946,11.513729
Fc1ccc(OCC2CN(c3ncnc4[nH]cc(-c5cn[nH]n5)c34)CC2(F)F)c(Br)c1,中毒,9.415993,32.363735
N#Cc1ccc(-n2c(-c3cn[nH]n3)cc3c2C(c2ccc(Cl)cc2)N(c2cc(Cl)cn(C4CC(O)(CO)C4)c2=O)C3=O)cc1,中毒,14.882899,11.513729
O=C1c2cc(-c3cn[nH]n3)n(-c3cc(F)cc(Cl)c3F)c2C(c2ccc(Cl)cc2)N1c1cc(Cl)cn(C2CC(O)(CO)C2)c1=O,中毒,12.488247,11.513729
N#Cc1ccc(-n2c(-c3cn[nH]n3)cc3c2C(c2ccc(Cl)cc2)N(c2cc(Cl)cn(C4CC(O)(CO)C4)c2=O)C3=O)cc1C(F)(F)F,中毒,38.99518,12.110745
O=S(=O)(Nc1cnon1)c1cc(F)c2c3cc(-c4cn[nH]n4)cc-3c(-c3ccc(F)c(Cl)c3)c(F)c(Br)c2c1,中毒,35.06445,11.197969
OC1COC12CC1(COc3cc(c(-c4cn[nH]n4)cn3)N3CC(CN(CC4CCOC4)C1)c1ccc(-c4noc(=S)[nH]4)cc13)C2,中毒,19.725607,46.604485
Brc1ccc(CNCC2C3CCc4oc(-c5cn[nH]n5)cc4C32)cn1,中毒,54.739708,35.522896
FC(F)(F)Oc1ccc(-n2ccc(C3=NC4=CC(Oc5cc6ncnc(-c7cn[nH]c7)c6cc5-c5cn[nH]n5)=CC4=C3)c2)cc1,中毒,11.19891,82.11888
O=C1c2cc(-c3cn[nH]n3)n(-c3cccc(C(F)(F)F)c3)c2C(c2ccc(Cl)cc2Cl)N1c1cc(Cl)cn(C2CC(O)(CO)C2)c1=O,中毒,15.540574,12.110745
O=C1c2cc(F)c(F)c(F)cc3cc(-c4cn[nH]n4)n2c3C(c2ccc(Cl)c(Cl)c2)N1c1cc(Cl)cn2nc(O)c(Br)c12,中毒,30.752192,15.146704
O=C1c2cn(-c3cn[nH]n3)nc2N(Cc2ccc(F)cc2F)C(c2ccc(Cl)cc2)N1c1cc(Cl)cn(C2CCC(CO)S2)c1=O,中毒,14.099227,15.420639
c1cc2cc(-c3cn[nH]n3)ccc2c(-c2cnc3cc(-c4ccsc4)ccc3c2)n1,中毒,1.3344774,26.641867
c1ccn2ncc(CN3CC(c4cc(-c5cn[nH]n5)c[nH]4)C4CC43)c2c1,中毒,7.904596,117.63747
O=C1c2cc(-c3cn[nH]n3)nc(-c3c(Cl)cccc3Cl)c2CC(c2ccc(Cl)cc2)N1c1cc(Cl)cn(C2CC(O)(CO)C2)c1=O,中毒,28.184814,19.79431
O=C(Nc1cccc(-c2cc(-c3cn[nH]n3)cc3c2CN(S(=O)(=O)c2ccc(Cl)s2)C(CN2CCC(O)CC2)C3)c1)c1cccnc1,中毒,28.373915,15.858076
O=C1c2nc(-c3cn[nH]n3)nc(-c3cccc(Cl)c3)c2C(c2cccc(Cl)c2)N1c1cc(Cl)cn(C2CC(O)(CO)C2)c1=O,中毒,34.59281,13.466203
Oc1c(F)cc(-c2cc(-c3c[nH]c4ncnc(OCC(F)(F)F)c34)c3ccc(OC4CCOCC4)c(-c4cn[nH]n4)c3c2)cc1Cl,中毒,12.264773,11.559316
O=c1c(N2C(O)c3cc(-c4cn[nH]n4)cc(-c4cnc5[nH]ccc5c4)c3C2c2ccc(Cl)cc2F)cc(Cl)cn1C1CC(O)(CO)C1,中毒,5.093859,13.447941
Clc1c(N2CCCCC2c2nc[nH]n2)c2ccc(Br)cc2c2cc(-c3cn[nH]n3)cn12,中毒,8.498258,12.22175
O=C(c1ccccc1)C(CO)N1C2CCC1c1c(cc(-c3cn[nH]n3)cc1-c1c(Cl)cccc1Cl)C2,中毒,27.619785,101.81696
O=C(O)c1cn(C2OC(COP(=O)(O)O)C(O)C2O)c2cc(-c3cn[nH]n3)c(F)cc2c1=O,中毒,10.550047,13.788823
Fc1cc(N2C(c3ccc(Cl)cc3)c3nc(-c4cn[nH]n4)sc3C2c2c(F)cccc2F)c(F)cc1Cl,中毒,26.039412,39.1424
O=C1c2cc(-c3cn[nH]n3)n(-c3ccc(Cl)cc3F)c2C(c2ccsc2Cl)N1c1cc(Cl)cn(C2CC(O)(CO)C2)c1=O,中毒,12.488247,11.513729
O=C1c2cc(-c3cn[nH]n3)n(-c3ccc(Cl)cc3I)c2C(c2cccc(Cl)c2)N1c1cc(Cl)cn(C2CC(O)(CO)C2)c1=O,中毒,14.882899,11.513729
Clc1cccc(C2C3=Nc4cc(-c5cn[nH]n5)c5c(n4)C5CC4COC3CCC2C4)c1,中毒,7.323369,122.54913
O=[N+]([O-])c1ccccc1-c1ccnc(N2CCc3sc(-c4cn[nH]n4)nc3C2)n1,中毒,12.091354,24.708857
C1=CC2=CC(NCC3C4CC5CC(C4)CC3C5)=CC=C3CSC(C4=C5N=C(c6cn[nH]n6)C54)=NC2=NC3=CO1,中毒,7.819376,18.584457
O=C1c2cc(-c3cn[nH]n3)n(-c3cc(F)c(F)c(F)c3)c2C(c2ccc(Cl)cc2)N1c1cc(Cl)cn(C2CCC(O)C2)c1=O,中毒,31.338547,11.513729
O=c1c2c(Cl)c(Cl)c(Cl)c(Cl)c2cnn1-c1ccc(Oc2ncnc(NC3CNC3)c2-c2cn[nH]n2)c(F)c1,中毒,2.8324692,15.297132
O=C1c2cc(-c3cn[nH]n3)n(-c3ccc(Cl)cc3F)c2C(c2ccc(Cl)cc2)N1c1ccn(C2CC(O)(CO)C2)c1,中毒,15.540574,19.356245
O=C1c2cc(-c3cn[nH]n3)n(-c3ccc(Cl)cc3)c2C(c2ccc(Cl)cc2)N1c1cc(Cl)cn(CC2CC(O)C(O)C2)c1=O,中毒,14.882899,11.513729
O=C1c2cc(-c3cn[nH]n3)n(-c3ccc(Cl)cc3F)c2C(c2ccc(Cl)cc2)N1c1cc(Cl)c(=O)n(C(F)F)c1,中毒,17.272402,18.569365
Fc1cc(Cl)ccc1-n1c(-c2cn[nH]n2)cc2c1C(c1ccc(Cl)cc1)N(c1cc(Cl)cs1)C2c1ccc(Cl)cc1,中毒,28.501118,23.074959
O=C1c2cc(-c3cn[nH]n3)c(-c3ccncc3)nc2C(c2ccc(Cl)cc2)N1c1cc(Cl)cn(C2CC(O)(CO)C2)c1=O,中毒,13.216523,12.087409
c1cnc2[nH]c(-c3ccc(-c4ccc5oc(-c6cn[nH]n6)cc5c4)cn3)nc2c1,中毒,6.614581,81.12064
CN(C)c1ccc(C2c3c(cc(-c4cn[nH]n4)n3-c3cc(F)cc(F)c3)C(=O)N2c2cc(Cl)cn(C3CC(O)(CO)C3)c2=O)cc1,中毒,14.882899,11.513729
c1ccc(C2Cc3c2nc2cc(NC4COc5sccc5C4)nc(-c4ccc(OC5CCCC5)cc4)c2c3-c2cn[nH]n2)nc1,中毒,6.3097043,10.292379
Cn1nccc1-n1cccc1C1=C2C(=Nc3cc(F)c(-c4cn[nH]n4)cc32)N=C1C1CC1c1ccc(C(F)(F)F)cc1Cl,中毒,2.8108032,19.648664
O=C1c2cc(-c3cn[nH]n3)n(-c3ccc(Cl)cc3)c2C(c2ccncc2)N1c1cc(Cl)cn(C2CC(O)C(O)C2)c1=O,中毒,14.882899,11.513729
FC12CCC(Nc3ccnc4cc(-c5cn[nH]n5)cnc34)CC1COC2,中毒,29.708696,77.89831
O=C1c2cc(-c3cn[nH]n3)cc(-c3c(Cl)cccc3Cl)c2CC(c2cc(Cl)cc(Cl)c2)N1c1cc(Cl)cn(C2CC(O)(CO)C2)c1=O,中毒,22.081963,19.79431
O=c1c2cc(F)c(-c3cn[nH]n3)cc2c2c(n1CC1CC1)N(c1cc(Cl)cc(Cl)c1)C(c1ccc(Cl)cc1F)C2,中毒,5.5318894,20.928234
Oc1ccc(-c2cnc3[nH]cc(C4=CC(Nc5cn[nH]n5)CC4c4ccc(F)cc4)c3c2Cl)cc1F,中毒,23.061415,19.424463
O=C1c2cc(-c3cn[nH]n3)n(-c3ccc(C(F)(F)F)cc3)c2N1c1cc(Cl)cn(C2CC(O)C(O)C2)c1=O,中毒,31.936749,15.303033
O=C1c2cc(-c3cn[nH]n3)n(-c3ccc(Cl)cc3F)c2C(c2ccc(Cl)cc2)N1c1cc(Cl)cn(CC2CCOC2)c1=O,中毒,17.272402,13.466203
Fc1c(-c2nnc3c(N4CCOCC4)cc(-c4cn[nH]n4)cn23)cnn1C1CC1,中毒,10.765605,32.553024
Clc1ccc(C2c3c(cc(-c4cn[nH]n4)n3-c3ccc(Cl)cc3)CN2c2csc(Cl)c2)cc1,中毒,37.139153,23.107658
O=c1c2cc(C3=CCOCC3)ccc2c2cc(-c3cn[nH]n3)c(C3CC3)cc2n1-c1ccc(F)c(Cl)c1,中毒,13.626985,52.582523
O=C1c2cc(-c3cn[nH]n3)n(-c3ccc(F)cc3)c2C(c2ccc3c(c2)OCO3)N1c1cc(Cl)cn(C2CC(O)(CO)C2)c1=O,中毒,14.882899,13.466203
c1cc(-c2c(-c3cc(-c4cn[nH]n4)cs3)cn3ccsc23)nc(NCCc2cscn2)n1,中毒,16.32872,20.596375
O=C1c2ncc(-c3cn[nH]n3)cc2-c2n[nH]c(Cc3c(Cl)cccc3Cl)c2C(c2ccccc2)N1c1cc(Cl)cn(C2CC(O)(CO)C2)c1=O,中毒,36.83937,13.503714
O=C1c2cc(-c3cn[nH]n3)n(-c3cccc(F)c3)c2C(c2ccc(Cl)nc2)N1c1cc(Cl)cn(C2CC(O)(CO)C2)c1=O,中毒,14.882899,11.513729
O=c1c(N2Cc3cc(-c4cn[nH]n4)n(-c4ccc(F)cc4F)c3C2c2ccc(Cl)s2)cc(Cl)cn(C2CC(O)(CO)C2)c1=O,中毒,17.224394,11.513729
O=C1c2cc(-c3cn[nH]n3)n(-c3cccc(Cl)c3)c2C(c2ccc(Cl)cc2)N1c1cc(Cl)cn(CC2CC(O)(CO)C2)c1=O,中毒,14.882899,11.513729
O=c1c(N2Cc3cc(-c4cn[nH]n4)n(-c4ccc(F)cc4F)c3C2c2ccc(Cl)cc2)cc(Cl)cn1C1CC(O)(CCO)C1,中毒,15.763229,11.513729
NC(=O)C1=C(N)Oc2cc(-c3c(Cl)cncc3N3Cc4cnc(-c5cn[nH]n5)cc4C3)ccc2C1,中毒,22.235668,48.464977
Fc1ccc2c(-c3scc(-c4ccc(Oc5ccccc5)cc4)c3-c3cn[nH]n3)nc(N3CCC(F)(F)C3)nc2c1,中毒,5.8814836,12.616843
O=C(c1cc(N2C(=O)c3nc(-c4cn[nH]n4)c(-c4ccc(Cl)cc4F)n3C2c2ccc(Cl)cc2)ccc1Cl)N1CCOCC1,中毒,55.548985,16.862432
OCC12CC(CN(c3nc(Cc4ccoc4)nc4c3Cc3cc(-c5cn[nH]n5)cc-4c3)C1)N2,中毒,39.54962,21.1156
FC(F)(F)C1(C(Cl)(Cl)Cl)C(c2cn[nH]n2)=Cc2c1ccc1[nH]ncc21,中毒,24.225477,64.807495
[O-][S+]1Sc2c(cc(-c3cn[nH]n3)n2-c2ccccc2)-c2ccc(-c3c(Cl)cccc3Cl)cc21,低毒,10.623736,30.503914
O=C1c2nc(-c3cn[nH]n3)cc(-c3ccc(F)cc3F)c2C(c2ccc(Cl)cc2)N1c1cc(Cl)cn(C2CC(O)(CF)C2)c1=O,中毒,41.904915,12.110745
Fc1cc(Cl)ccc1-n1c(-c2cn[nH]n2)cc2c1C(c1ccc(Cl)s1)N2c1ccc(Cl)cc1,中毒,28.554083,41.63892
O=C1c2cc(-c3cn[nH]n3)n(-c3ccc(Br)cc3F)c2C(c2ccc(Cl)cc2)N1c1cc(Cl)cn(C2OC(CO)C(O)C2O)c1=O,中毒,15.540574,13.503714
O=C1c2cc(-c3cn[nH]n3)n(-c3ccc(F)cc3F)c2C(c2ccc(Cl)cc2)N1c1cc(Cl)cn(C2CC(O)(CO)C2=O)c1=O,中毒,23.909687,11.513729
O=C1c2c(ccc(=O)n2-c2cn[nH]n2)C(c2ccc(Cl)cc2)N1c1cc(Cl)cn(C2CC(O)(CO)C2)c1=O,中毒,30.485231,12.087409
O=C1c2cc(-c3cn[nH]n3)nnc2C(CS)N1c1cc(Cl)cn(C2CC(O)(CO)C2)c1=O,中毒,8.738106,33.968105
O=c1c(N2Cc3cc(-c4cn[nH]n4)n(-c4c(F)cccc4F)c3C2c2ccc(Cl)cc2)cc(Cl)cn1C1CCC(O)(CO)C1,中毒,15.763229,11.513729
Clc1cnc2c(c1-c1ccnc3[nH]ccc13)CCN2c1cc(-c2cn[nH]n2)nc(N2CCOCC2)n1,中毒,2.3012564,14.988618
O=c1c(N2Cc3cc(-c4cn[nH]n4)cc(-c4c(Cl)ccnc4Cl)c3C2)cc(Cl)cn1C1CC(O)(CO)C1,中毒,9.204226,11.151921
O=C1c2cc(-c3cn[nH]n3)n(-c3cc(Br)ccc3F)c2C(c2ccc(Cl)cc2)N1c1cc(Cl)cn(C2CC(O)(CO)C2)c1=O,中毒,12.488247,11.513729
O=P(O)(Oc1c(Br)c(C(F)(F)F)cc2c1S(=O)(=O)c1c(-c3cn(-c4cccc(Cl)c4)nn3)cc(-c3cn[nH]n3)cc1-2)C(F)(F)F,中毒,22.383919,18.504242
O=C1c2cc(-c3cn[nH]n3)n(-c3cc(F)c(Cl)cc3F)c2C(c2ccc(Cl)cc2)N1c1cc(Cl)cn(C2CC(O)C(O)(CO)C2)c1=O,中毒,12.488247,11.513729
Fc1cnc(C2CCC3(CC2)CC(N2Cc4nc(-c5cn[nH]n5)sc4C2)CO3)c(F)c1,中毒,35.886604,31.630537
O=C1c2nc(-c3cn[nH]n3)c(-c3c(Cl)cccc3Cl)n2C(c2ccc(Cl)cc2)N1c1cc(Cl)c(=O)n(C2CCS(=O)(=O)C2)c1Cl,中毒,23.152437,14.0600395
Nc1c(Cl)c(-c2cn[nH]n2)cc2c(-c3ccncc3)nn(C3CC(O)C(O)C3)c12,中毒,9.532339,9.114193
Fc1ccc(C2OCc3c(-c4ccno4)cc(-c4cn[nH]n4)cc3C2c2ccc(Br)s2)cc1,中毒,20.56115,14.8981285
O=C1c2nc(-c3cn[nH]n3)c(I)c(-c3c(Cl)cccc3Cl)c2C(c2ccc(Cl)cc2Cl)N1c1cc(Cl)cn(C2CC(O)(CO)C2)c1=O,中毒,36.83937,12.110745
O=C(O)OC1(O)CC2(C3=NC(N4Cc5cc(-c6cn[nH]n6)n(-c6c(Cl)cccc6Cl)c5C4c4ccc(Cl)cc4)=CC(Cl)=CN32)C1O,中毒,21.37365,15.502344
c1cc(-c2c[nH]cc2-c2cn[nH]n2)cnn1,低毒,32.019188,70.30827
O=C1c2cc(-c3cn[nH]n3)n(-c3ccc(Cl)cc3F)c2C(c2ccnc(Cl)c2)N1c1cc(Cl)cn(C2CC(O)(CO)C2)c1=O,中毒,12.488247,11.513729
O=S1(=O)CC(c2ccc(Br)cc2)c2nc(-c3cn[nH]n3)ncc2-c2cc(-c3ccc(C(F)(F)F)cc3)ccc21,中毒,66.28353,41.81759
c1ccc2c(c1)[nH]c1c(-c3ccc4c(n3)-c3cc(C5=NCCN5)ccc3OC4)cc(-c3cn[nH]n3)cc12,中毒,4.7321978,10.263556
O=C1c2cc(-c3cn[nH]n3)n(-c3ccc(Cl)cc3)c2C(c2ccc(Cl)cc2)N1c1cc(Cl)cn(C2CC2(O)CO)c1=O,中毒,14.882899,11.513729
O=C1c2cc(-c3cn[nH]n3)n(-c3ccc(F)cc3)c2C(c2ccc(F)cc2)N1c1cc(Cl)cn(C2CC(O)C(O)C2)c1=O,中毒,14.882899,11.513729
O=C1c2cc(C(F)F)cnc2Oc2ccc(F)cc2N1c1ccc(-c2cn[nH]n2)cc1F,中毒,42.324684,38.85465
CC1(c2cc(N3Cc4cc(-c5cn[nH]n5)n(-c5cc(F)c(F)cc5F)c4C3c3ccc(Cl)cc3)ccc2Cl)CC(O)(C(=O)O)C1,中毒,15.763229,13.052643
Fc1cc(Cl)ccc1-n1c(-c2cn[nH]n2)cc2c1C(c1ccc(Cl)cc1)N(c1ccc(Cl)cc1)C1C3=CC=C(Cl)N=C1C=C3OCC2,中毒,32.733707,22.28211
O=C1c2cc(-c3cn[nH]n3)nc(C3CC4CNCC(C3)C4O)c2C(c2ccc(Cl)cc2F)N1c1cc(Cl)cn(C2CC2)c1=O,中毒,14.099227,12.110745
O=C1NCCCN1c1cc2cc(N3CC(=Nc4cc(-c5cn[nH]n5)cs4)N=C3C3CCCCC3)ccc2cn1,中毒,9.593152,33.477055
Cn1nnc2c(Cl)cc(N3C(=O)c4nc(-c5cn[nH]n5)cc(-c5cc(F)c(Cl)c(Cl)c5)c4C3c3ccc(Cl)cc3)cc21,中毒,36.138412,10.518278
O=C1c2cc(-c3cn[nH]n3)n(-c3ccc[nH]c3=O)c2C(c2ccc(Cl)cc2)N1c1cc(Cl)cn(C2CC(O)(CO)C2)c1=O,中毒,38.99518,13.466203
O=C1c2nc(-c3cn[nH]n3)c(-c3cc(Cl)c(Cl)c(Cl)c3)n2C(c2cccc(Cl)c2)N1c1cc(Cl)cn(C2CC(O)C(O)C2)c1=O,中毒,32.68572,13.447941
Clc1cccc(Cl)c1-c1cc(-c2cn[nH]n2)cc2c1COC(c1ccccn1)C2,中毒,16.515394,23.821192
OCC1Cc2ccccc2N1Cc1cn[nH]n1,高毒,11.1555395,153.91548
O=C1OC(CO)CC1n1cc(Cl)cc(N2C(=O)c3cc(-c4cn[nH]n4)n(-c4ccc(Cl)cc4F)c3C2c2ccc(Cl)cc2)c1=O,中毒,25.244574,13.466203
c1cc2c(cc1-c1cnc(Nc3nc(-c4cn[nH]n4)cs3)c3cnnn13)OCO2,中毒,21.633463,20.250153
O=C1c2cc(-c3cn[nH]n3)n(-c3ccc(F)cc3I)c2C(c2ccc(Cl)cc2F)N1c1cc(Cl)cn(C2CC(O)(CO)C2)c1=O,中毒,14.882899,11.513729
O=C1c2nc(-c3cn[nH]n3)nc(-c3cc(Cl)sc3Cl)c2C(c2ccc(Cl)cc2)N1c1cc(Cl)cn(C2CC(O)C(O)(CO)C2)c1=O,中毒,18.990976,13.503714
O=C1N=C(NC2CCC(OC3CCCCC3)CC2)N=C2C(=O)N(c3cn[nH]n3)C=C12,中毒,7.5607357,24.56203
O=C1C(c2cn[nH]n2)=CN=C2N=C(c3cnn4ncccc34)C(c3cc(Cl)cnc3Oc3c(Cl)cncc3Br)=C12,中毒,37.458755,17.608501
O=C1c2cc(-c3cn[nH]n3)nc(Nc3cc(Cl)cc(Cl)c3)c2C(c2ccc(Cl)cc2)N1c1cc(Cl)cn(C2CC(O)(CO)C2)c1=O,中毒,7.8529835,13.503714
OC12CC3CC(C1)C(Nc1cc(-c4cn[nH]n4)cc(Nc4cnc5[nH]cnc5c4)n1)C(C3)C2,中毒,4.0870132,107.0448
O=C1c2cc(-c3cn[nH]n3)n(-c3ccc(F)cc3)c2C(c2ccc(Cl)c(C(F)(F)F)c2)N1c1cc(Cl)cn(C2CC(O)C(O)C2)c1=O,中毒,14.882899,11.513729
N#CC1=C2N=NC(c3ccc(Cl)cc3)c3c(cc(-c4cn[nH]n4)n3-c3c(Cl)cccc3Cl)CN2C(C2=NCCC2)C(c2ccoc2)=C1,中毒,33.297523,15.865679
O=C1OCCC1Nc1cnc(-c2ccc3c(n2)NC(c2cn[nH]n2)C3)cn1,中毒,13.39506,37.296467
O=S(=O)(Cc1nc2ccccc2n2cnnc12)Nc1ccc(-c2cc3c(-c4cn[nH]n4)n[nH]c3cn2)cc1,中毒,18.6338,50.51976
O=S(=O)(c1ccccc1)N1CCCn2nc(CN(Cc3cn[nH]n3)c3ccc4ccc(Cl)cc4c3)cc2C1,中毒,86.99934,132.99588
Fc1cc(-c2cc(-c3csnn3)ccc2OCn2c3cc(-c4cn[nH]n4)c=3c2=S)ccc1OCCC1CC1,中毒,14.64266,164.16885
c1cc(COc2ncc(-c3cn[nH]n3)cn2)n[nH]1,高毒,162.45798,127.609184
O=C1c2cc(-c3cn[nH]n3)cc3ccnc(c23)C(c2ccc(Cl)cc2)N1c1cc(Cl)cn(C2CC(O)(CO)C2)c1=O,中毒,6.865159,32.92288
O=C1c2cc(-c3cn[nH]n3)n(-c3ccc(F)cc3F)c2C(c2ccc(Cl)nc2)N1c1cc(Cl)cn(C2CC(O)C(O)C2)c1=O,中毒,12.488247,11.513729
O=C1c2cc(-c3cn[nH]n3)n(-c3ccnc(Cl)c3F)c2C(c2ccc(Br)cc2)N1c1cc(Cl)cn(C2CC(O)(CO)C2)c1=O,中毒,12.488247,11.513729
Fc1cc2c(cc1-c1cn[nH]n1)C(c1ccc(Cl)cc1)N(c1cc(Cl)cnc1Cl)N=C(c1ccc(Cl)cn1)N2,中毒,11.224021,14.267097
Cn1cc(Cl)cc(N2CCN(N3C(c4ccc(Cl)cc4)c4c(cc(-c5cn[nH]n5)n4-c4ccc(Cl)cc4)CN4C(=O)CCC43)CC2)c1=O,中毒,21.947083,17.422136
Fc1cccc(Cl)c1C1C2=C(CCc3cc(-c4cn[nH]n4)cc(-c4c(Cl)cccc4Cl)c32)Oc2[nH]ncc21,中毒,29.078686,60.717583
O=C1c2cc(-c3cn[nH]n3)c(-c3ccc(Br)c(F)c3F)n2C(c2ccc(Cl)cc2)N1c1cc(Cl)cn(C2CC(O)(CO)C2)c1=O,中毒,32.68572,13.503714
Fc1ccc(-n2c(-c3cn[nH]n3)cc3c2-c2cc(Br)c(Oc4ccsc4CBr)cc2-3)cc1,中毒,8.816736,111.879105
O=c1c(N2Cc3cc(-c4cn[nH]n4)n(-c4ccc(Nc5cccnn5)cc4)c3C2c2ccc(Cl)cc2)cc(Cl)cn1C1CC(O)(CO)C1,中毒,19.24008,11.513729
Fc1cc(F)c(CN2CCN3CC(c4nc5cc(-c6cn[nH]n6)ccc5[nH]4)CC3C2)cc1F,中毒,3.1309404,29.636517
c1coc(-c2nc(N3Cc4cc(-c5cn[nH]n5)cc(-c5ccns5)c4C3)c3sccc3n2)c1,中毒,7.604545,28.909796
c1cc(OC2CCNC2)c2cn(-c3ccc(OCc4cn[nH]n4)cc3)c(-c3ccc(-c4nnco4)nc3)c2c1,中毒,41.671207,81.70585
Clc1occc1-c1nn2c(CNc3cn[nH]n3)nnc2s1,低毒,10.730577,24.933985
O=S1(=O)CCC(Oc2c(Oc3ccc(F)cc3F)c(S(=O)(=O)Cl)cc3c2-c2cc(-c4cn[nH]n4)n(-c4ccc(Cl)cc4F)c2-3)C1,中毒,9.341425,17.727095
O=C1c2cc(-c3cn[nH]n3)n(-c3ccc(Cl)cc3Cl)c2C(c2ccc(Cl)cc2)N1c1cc(Cl)cn(C2CC(O)(CCO)C2)c1=O,中毒,18.205946,11.513729
O=C1c2cc(-c3cn[nH]n3)n(-c3ccc(Cl)cc3Cl)c2C(c2ccc(Cl)cc2)N1c1cc(Cl)cn(C2CC(O)C(O)C2O)c1=O,中毒,18.205946,11.513729
C(=C(c1ccc2c(c1)OCO2)c1cn[nH]n1)N1CC2CCC1C2,微毒,28.939728,33.65432
Fc1c(Nc2ncnc3cc(Oc4cncc5oc(-c6cnn(C7CCNCC7)c6)cc45)c(-c4cn[nH]n4)cc23)ccc(Cl)c1Cl,中毒,11.195283,34.717995
O=C1c2cc(-c3cn[nH]n3)n(-c3ccc(Cl)cc3Cl)c2C(c2ccc(Cl)cc2)N1c1ccsc1,中毒,22.035963,17.35497
O=C1c2cc(-c3cn[nH]n3)n(-c3ccc(F)cc3F)c2C(c2ccc(Cl)cc2)N1c1cc(Cl)cn(COC2CC(O)(CO)C2)c1=O,中毒,12.488247,13.466203
Clc1cc(-c2cc3n(c2)C2=C3C=C(c3cn[nH]n3)C2c2ccc(C=CC3CNCCO3)cc2)ccn1,中毒,23.825352,15.094574
O=C1c2cc(-c3cn[nH]n3)n(-c3ccc(Cl)cc3)c2C(c2ccc(Cl)cc2F)N1c1cc(Cl)cn(C2CC(O)(CCO)C2)c1=O,中毒,14.882899,11.513729
Fc1ccc(C2Nc3ncccc3-c3nc(-n4cc(-c5cn[nH]n5)cn4)ncc32)cc1F,中毒,93.764694,56.495975
O=C1N(c2cc(Cl)cn(C3CC(O)(CO)C3)c2=O)C(c2ccc(Cl)cc2)c2c(-c3cnn(C4CC(O)C(O)C4)c3)c(-c3cn[nH]n3)cn21,中毒,6.9783845,35.223312
O=c1c2cc(Cl)cn1C1(C=CC=CC=C3CC34Cc3cc(-c5cn[nH]n5)n(-c5ccc(Cl)cc5F)c3C(c3ccc(Cl)cc3)N24)CCC(O)(CO)C1,中毒,15.763229,17.379768
O=c1c(N2Cc3cc(-c4cn[nH]n4)n(-c4ccc(F)cc4F)c3C2c2ccc(Cl)cc2Cl)cc(Cl)cn1C1CC(O)(CO)C1,中毒,20.18954,11.513729
O=S1(=O)c2cc(OC3(Cn4cncn4)Cc4ccccc4O3)ccc2-c2cc(-c3cn[nH]n3)cc(-c3ccc(Cl)cc3Cl)c21,中毒,6.203061,16.871258
Clc1c(-c2cnc(Nc3ccc4csnc4c3)nc2)c(-c2cn[nH]n2)cc2ccsc12,中毒,4.9480367,37.53193
O=C1c2cc(-c3cn[nH]n3)c(-c3ccc(Cl)cc3)n2C(c2ccc(Cl)s2)N1c1cc(Cl)cn(C2CC(O)(CO)C2)c1=O,中毒,36.83937,13.503714
Sc1nc(OCc2cn(-c3cn[nH]n3)nn2)cc2ccccc12,中毒,41.068386,82.84766
Clc1cccc(-c2c(-c3cnc4ccc(Cl)cn34)c(-c3[nH]nnc3-c3cccs3)nc3occ(-c4cn[nH]n4)c23)c1,中毒,60.998825,17.334517
O=S(=O)(N1CCN(c2cccnn2)CC1)N1Cc2cc(-c3cnc(Nc4ccc(Cl)cc4)cc3-c3cn[nH]n3)oc2C1,中毒,22.413338,53.798462
NC1CN(c2nc3nc(Nc4ccc(N5CCNCC5)cc4OC(F)F)ncc3cc2-c2cn[nH]n2)CC1O,中毒,7.2532487,46.506226
O=C1c2cc(-c3cn[nH]n3)n(-c3ccc(Cl)cc3)c2C(c2ccc(Cl)nc2)N1c1cc(Cl)cn(C2CC(O)C(O)(CO)C2)c1=O,中毒,14.882899,11.513729
c1cc(-c2nc(CNc3nc(-c4cn[nH]n4)cn4c(-c5cn[nH]c5)cnc34)n[nH]2)ccn1,中毒,6.413051,62.43636
O=S(=O)(N1CC(c2ccc(F)cc2-n2cnnn2)C(C2=C(F)C(F)=C2c2cn[nH]n2)=CCC1c1ccc(F)c(F)c1)C(F)(F)F,中毒,11.339052,36.510887
c1cc(C2CC3CCCC(C2)N3Cc2ccc3c(n2)NCCO3)ccc1-c1nc2c(cc1-c1cn[nH]n1)CC2N1CCSCC1,中毒,8.984515,19.149141
FC1(F)CCCc2cc(Oc3ccc4cnn(Cc5ccccc5)c4c3)nc3cc(-c4cn[nH]n4)cc-3c21,中毒,2.6455007,13.602335
Clc1ccc(C2c3c(cc(-c4cn[nH]n4)n3-c3ccc(Cl)cc3)N2c2ccc(Cl)cc2)cc1,中毒,20.749205,50.925777
OC1CN(c2cc3ncc(Oc4ccc(-c5cnn(-c6ccccc6Cl)n5)cc4)c(-c4cn[nH]n4)c3cc2F)CC1COc1nsc2ccccc12,中毒,69.55488,14.448046
O=C(O)c1cn(C2CC(O)C(CO)C2)c2cc(Nc3cn[nH]n3)c(F)cc2c1=O,中毒,24.368399,21.293238
O=C(O)c1cn(C2CC2)c2nc(N3CC(c4cn[nH]n4)C3)c(F)cc2c1=O,中毒,6.9104404,8.637239
O=C1c2nc(-c3cn[nH]n3)c(-c3ccc(Cl)cc3)c(-c3ccc(F)cc3)c2C(c2ccc(Cl)cc2)N1c1cc(Cl)cn(C2CC(O)(CO)C2)c1=O,中毒,67.017,12.110745
Fc1cc2c(-c3ccc(Cl)c(Cl)c3)c(Cl)c3c(cc(-c4cn[nH]n4)n3-c3ccc(Cl)cc3)c2cc1-c1ccc(OC(F)(F)F)cc1,低毒,6.943613,22.318384
OC(CSc1nnc(-c2cn[nH]n2)n1N1CCOCC1)c1c(F)cccc1F,中毒,32.585335,65.05347
O=C1c2nc(-c3cn[nH]n3)n(-c3cc(F)cc(F)c3)c2C(c2ccc(Cl)cc2)N1c1cc(Cl)cn(C2CC(O)(CO)C2)c1=O,中毒,23.043425,34.717995
c1cnc2cc3n(c2c1)Cc1ccc(-c2cc4c(-c5cn[nH]n5)nnnc4nc2C2CC2)nc1-3,中毒,29.680674,54.39812
O=C1c2nc(-c3cn[nH]n3)n(-c3ccc(Cl)cc3F)c2C(c2ccc(Cl)cc2)N1c1cc(Cl)cn(C2CC(O)C2(O)CO)c1=O,中毒,23.909687,34.717995
Clc1ccc2c(c1)CCc1ccc(-c3cn[nH]n3)nc1-2,中毒,40.753464,119.98859
O=C1c2cc(-c3cn[nH]n3)sc2C(c2ccc(Cl)cc2Cl)N1c1cc(Cl)cn(C2CC(O)(CO)C2)c1=O,中毒,7.8750753,8.960914
O=C1c2cc(-c3cn[nH]n3)n(-c3c(F)cccc3F)c2C(c2nccs2)N1c1cc(Cl)cn(C2CC(O)(CO)C2)c1=O,中毒,4.147051,11.513729
Fc1cccc(F)c1CN1Cc2cc(-c3cn[nH]n3)cc(-n3cc(-c4nc5cc(Br)cc(Br)c5o4)c4cncnc43)c2C1,中毒,12.526732,11.092286
Fc1cccc(F)c1CNc1cc(-c2cc(-c3cn[nH]n3)cc3c2C2(CCOCC2)CN3)ncn1,中毒,43.57401,52.866684
Clc1ccc(OCC2CCOCC2)c(-c2cc(-c3cn[nH]n3)cc3c2C(NCc2sccc2-c2cccs2)C3)c1,中毒,8.053179,18.934849
O=c1[nH]c2ccc(-c3csc(Br)c3)cc2nc1-c1cn[nH]n1,中毒,93.28479,20.248497
O=C1c2cc(-c3cn[nH]n3)n(-c3cc(Cl)ccc3Cl)c2C(c2ccc(Cl)cc2Cl)N1c1cc(Cl)cn(C2CC(O)(CO)C2)c1=O,中毒,15.540574,11.513729
O=C1c2cc(-c3cn[nH]n3)c(-c3ccc(Cl)cc3)nc2N1c1cc(Cl)cn(C2CC(O)(CO)C2)c1=O,中毒,13.782432,14.418226
O=C1OCC2=C1N(c1ccc(Cl)cc1)C(c1ccc(Cl)cc1)c1c(cc(-c3cn[nH]n3)n1-c1ccc(Cl)cc1F)N2,中毒,21.243645,18.807123
FCC1N=C2NC(Cc3cc(-c4cn[nH]n4)cc(-c4c(Cl)cccc4Cl)c32)C1c1c[nH]c2ccc(S)cc12,中毒,8.093506,75.47408
O=c1c(N2Cc3cc(-c4cn[nH]n4)n(-c4ccc(F)cc4F)c32)cc(Cl)cn1C1CC(O)C(O)C1,中毒,46.28395,33.69392
O=c1c(N2Cc3cc(-c4cn[nH]n4)c(N4CCN(c5nc6cc(F)ccc6[nH]5)CC4)cc3C2c2ccc(Cl)cc2)cc(Cl)cn1C1CC(O)(CO)C1,中毒,8.399355,12.110745
O=C1c2cc(-c3cn[nH]n3)c(-c3ccc(Cl)c(Cl)c3)n2C(c2ccc(Cl)cc2F)N1c1cc(Cl)cn(C2CC(O)(CO)C2)c1=O,中毒,19.951618,13.503714
O=c1cc(CN2CCC(Oc3ccc(-c4cn[nH]n4)cn3)CC2Cn2cncn2)n2cncc2n1-c1ccc(Br)cc1,中毒,14.660211,18.706306
NC1=Nc2nc(-c3cn[nH]n3)[nH]c2CN(c2cccnn2)C1c1ccc(F)cc1F,中毒,23.742811,23.797834
O=C1c2sc(-c3cn[nH]n3)c(-c3nc4cnccc4s3)c2C(c2ccc(Cl)cc2)N1c1cc(Cl)cn(C2CC(O)(CO)C2)c1=O,中毒,59.929935,13.503714
O=C1c2nc(-c3cn[nH]n3)cc(Nc3ccc(Oc4ccccn4)c(Cl)c3)c2C(c2cccs2)N1c1cc(Cl)cn(C2CC(O)(CO)C2)c1=O,中毒,48.16768,33.968105
Ic1csc2cc(-c3cn[nH]n3)cnc12,中毒,40.946674,94.33188
O=C1c2nc(-c3cn[nH]n3)n(-c3cc(F)c(F)c(F)c3F)c2C(c2ccc(Cl)cc2)N1c1cc(Cl)cn(C2CCC(O)CC2)c1=O,中毒,30.001505,34.717995
O=c1c(N2Cc3cc(-c4cn[nH]n4)cc(-c4c(F)cccc4F)c3C2c2ccc(Cl)cc2)cc(Cl)cn1C1CC(O)C(O)(CO)C1,中毒,6.3808517,8.960914
Fc1cc(Cl)ccc1-n1c(-c2cn[nH]n2)cc2c1C(c1ccc(Cl)cc1)N(c1ccc(Cl)c(Cl)c1)C2,中毒,21.327534,23.107658
O=C1c2nc(-c3cn[nH]n3)sc2C(C2CC2)C(c2ccc(Cl)cc2)N1c1cc(Cl)cn(C2CC(O)(CO)C2)c1=O,中毒,36.83937,16.862432
Fc1c(-c2ccc3c(c2)c(-c2cn[nH]n2)nn3C2CCCNCN2)ccc2cc[nH]c12,中毒,14.3447895,10.98179
O=C1c2cc(-c3cn[nH]n3)cc(-c3c(Cl)cccc3Cl)c2CC(c2ccccc2)N1c1cc(Cl)cn(C2CC(O)(CO)C2)c1=O,中毒,22.081963,19.79431
O=C1c2cc(-c3cn[nH]n3)n(-c3ccc(Cl)cc3F)c2C(N2CC(F)(F)C2)N1c1cc(Cl)cn(C2CC(O)(CO)C2)c1=O,中毒,5.2253237,28.20462
O=C1c2nc(-c3cn[nH]n3)c(C=NOCc3ccco3)c(-c3cccs3)c2C(c2ccc(Cl)cc2)N1c1cc(Cl)cn(C2CC(O)(CO)C2)c1=O,中毒,32.17651,13.503714
O=C(NCc1cncnc1)c1ccc(Oc2ncc3c(n2)-c2cc(-c4cn[nH]n4)cc(-c4c(Cl)cccc4Cl)c2C3)cc1,中毒,32.19612,47.901566
O=C1C2=C(CS(=O)(=O)CC23c2cc(-c4cn[nH]n4)n(-c4ccc(Cl)cc4F)c2C(c2ccc(Cl)cc2)N3c2ccc(Cl)cc2)c2cc(Cl)ccc21,中毒,17.475342,14.3937645
Oc1ccc(-c2ccc3ncc(-c4cn[nH]n4)c(C4CC(c5ccc(C(F)(F)F)nc5)c5c(Cl)cnn54)c3n2)cc1,中毒,9.192651,23.383049
Fc1nccc(C2N(c3ccc(-c4n[nH]c5cccnc45)cc3)CC(c3cn[nH]n3)C2(F)F)c1F,中毒,15.204926,15.647648
Clc1ccc(C2c3cc(-c4cn[nH]n4)n(-c4ccc(Cl)cc4)c3C(c3ccc(Cl)cc3)N2c2ccc(Cl)c(Cl)c2)cc1,中毒,28.622856,23.107658
OCC1(N2CC3Cc4ccc(-c5cccc(F)c5CCn5cc(-c6cn[nH]n6)cn5)cc4C3(F)C2)CC1,中毒,6.1750836,17.927368
Fc1ccc2c(C3=Nn4c(nnc4-c4cn[nH]n4)CC4=C3N(c3cnccn3)CCC4)c[nH]c2c1,中毒,20.586327,14.3937645
OC(COc1cc2nc(N3CCOCC3)nc(-c3ccc(F)c(F)c3)c2cc1-c1cn[nH]n1)CN1CCN(c2cccc(F)c2)CC1,中毒,6.8793406,14.585049
O=c1cc(CC(c2ccc3cc4n(c3c2)CCCNC4)(c2ccccn2)n2ccnc2)ccc2occ(-c3cn[nH]n3)c12,中毒,45.22814,12.268689
O=C1c2cc(-c3cn[nH]n3)n(-c3ccc(F)c(Cl)c3)c2C(c2ccc(Cl)s2)N1c1cc(Cl)cn(C2CC(O)C(O)C2)c1=O,中毒,15.111123,11.513729
O=C1Cc2nnc(-c3cn[nH]n3)n2-c2sc(-c3cncc(Cl)c3)cc21,中毒,18.733818,22.689245
Clc1ccc(-n2c(-c3cn[nH]n3)cc3c2-c2nsc(Cl)c2-3)cc1,中毒,8.810417,22.898123
O=C1c2nc(-c3cn[nH]n3)c(-c3cccc(Cl)c3F)n2C(c2ccc(Cl)cc2)N1c1cc(Cl)cn(C2CC(O)(CO)C2)c1=O,中毒,41.15799,16.862432
O=C1c2cc(-c3cn[nH]n3)n(C3CC3)c2C(c2ccc(Cl)cc2)N1c1cc(Cl)cn(C2CC(O)(CO)C2)c1=O,中毒,19.24008,13.503714
O=c1c(N2Cn3nc(-c4cn[nH]n4)c(-c4ccc(Cl)cc4Cl)c3C2c2ccc(Cl)cc2)cc(Cl)cn1Cl,中毒,7.048923,47.378452
O=c1c2cc(-c3cnco3)c(-c3cn[nH]n3)cc2c(Br)cn1-c1ccc(OC(F)(F)F)cc1,中毒,8.248408,27.80871
Brc1cc2c(cc1OCC1CC1)-c1cc(-c3cn[nH]n3)nn1C2N1CC2(CNC2)C1,中毒,32.387817,26.31536
O=C(O)C1CC(n2cc(Cl)cc(N3C(=O)c4cc(-c5cn[nH]n5)n(-c5ccc(Cl)cc5F)c4C3c3ccc(Cl)cc3)c2=O)C1,中毒,12.488247,11.513729
NC1(CO)CC(n2cc(Cl)cc(N3C(=O)c4nc(-c5cn[nH]n5)n(-c5ccc(Cl)cc5F)c4C3c3ccc(Cl)cc3)c2=O)C1,中毒,30.001505,34.717995
Clc1cccc(Cl)c1-c1cc(-c2cn[nH]n2)cc2c1Cc1ccc(CSc3cccc(-c4cn[nH]c4)c3)cc1-2,中毒,54.55928,26.618015
O=C1c2cc(-c3cn[nH]n3)n(-c3ccc(F)cc3F)c2C(c2ccc(Cl)cc2)N1c1cc(Cl)cn(C2CCC(O)C2)c1=O,中毒,25.244574,11.513729
O=C1c2cc(-c3cn[nH]n3)n(-c3ccc(Cl)cc3F)c2C(c2ccc(Cl)cc2)N1c1cc(Cl)cn(C2CC(Cl)(Cl)C2O)c1=O,中毒,29.54402,11.513729
O=C1c2cc(-c3cn[nH]n3)n(C3CCCN(C4COC4)C3)c2C(c2ccc(Cl)cc2)N1c1cc(Cl)cn(C2CC(O)(CO)C2)c1=O,中毒,43.309574,13.503714
O=C1c2ccc(Cl)cc(F)c3cc(-c4cn[nH]n4)n2c3C(c2ccc(Cl)cc2)N2C(=O)C2=CC(Cl)=CN1C1CC(O)(CO)C1,中毒,22.80562,12.652781
BrN1Cc2nc(CN3CCc4onc(-c5cn[nH]n5)c4C3)sc2C1,中毒,14.372323,14.841382
O=C1NCCN1CCCNC1Cc2c1ccc1c(O)c([PH](c3ccccc3)(c3cn[nH]n3)c3ccccc3F)cnc21,中毒,5.15656,18.573778
O=c1[nH]cc(Cl)cc1N1C(c2cccc(Cl)c2)c2nc(-c3cn[nH]n3)sc2C1c1ccsc1,中毒,37.66717,16.563322
c1cnc2ccc(N3CC(COc4ccc(-c5cn[nH]n5)cc4)C3)nc2c1,高毒,66.51661,44.81801
O=C1N(c2cc(Cl)cn(C3CC(O)(CO)C3)c2=O)C(c2ccco2)Sc2nc(-c3cn[nH]n3)cn21,中毒,11.426574,25.921446
OCC1CC(Nc2cc3c(cc2-c2cn[nH]n2)C3)CCC1C1CCN(c2ccnc(-c3ccc(Cl)cc3)n2)C1,中毒,32.25017,18.345886
O=C1c2cc(-c3cn[nH]n3)c(=O)n(-c3ccc(Cl)cc3)c2C(c2ccc(Cl)cc2)N1c1cc(Cl)cn(C2CCC(O)(CO)C2)c1=O,中毒,51.50488,12.110745
O=c1c(N2Cc3cc(-c4cn[nH]n4)n(-c4ccc(Br)cc4)c3C2c2ccc(Cl)cc2)cc(Cl)cn1C1CC(O)(CO)C1,中毒,24.385923,11.513729
Clc1ccc(C2=C3C(c4cn[nH]n4)=NN=C3c3[nH]cc(Br)c32)c(Cl)c1,中毒,5.669302,38.76856
c1ccc(NC2=NC(Cc3cn[nH]n3)C(c3ccc4c(c3)OCO4)=N2)cc1,中毒,8.23797,11.6381035
N=C1c2nc(-c3cn[nH]n3)c(-c3cc(F)c(O)c(OC(F)F)c3)nc2C(c2ccc(Cl)cc2)N1c1cc(Cl)cn(C2CC(O)(CO)C2)c1=O,中毒,19.24008,13.503714
Oc1cc2c(cc1Cl)c1c(Br)c(Cl)sc1c1c2cc(-c2cn[nH]n2)n1-c1ccc(Cl)cc1,中毒,31.352528,14.455397
c1coc(-c2cc(CN3CCOCC3)cc(-c3nc(-c4cn[nH]n4)co3)c2)c1,中毒,21.13259,30.694338
CN1CCC(n2cc(Cl)cc(N3C(=O)c4cc(-c5cn[nH]n5)n(-c5ccc(Cl)cc5F)c4C3c3ccc(Cl)cc3)c2=O)CC1,中毒,17.272402,14.0600395
Clc1cc2c(cc1Oc1cncc3ccc(-c4cnn(C5CCNCC5)n4)cc13)-c1ccc(-c3cn[nH]n3)nc1-2,中毒,19.93605,60.552727
O=C1c2cc(Cl)sc2-c2c1cc(-c1cn[nH]n1)n2-c1ccc(Cl)cc1,中毒,5.639542,13.402431
O=C1c2cc(-c3cn[nH]n3)cc(-c3ccsc3)c2CC(c2ccc(Cl)cc2)N1c1cc(Cl)cn(C2CC(O)(CO)C2)c1=O,中毒,27.530386,16.862432
O=C1c2nc(-c3cn[nH]n3)cc(OCc3ccccc3-c3ccccc3)c2C(c2ccccc2)N1c1cc(Cl)cn(C2CC(O)(CO)C2)c1=O,中毒,51.7656,33.968105
CC1(NC(=O)Nc2ccc3c(-c4cc5c(-c6cc7[nH]nc(-c8ccco8)c7cc6-c6cn[nH]n6)ccnc5[nH]4)n[nH]c3c2)CNC1,中毒,11.312972,193.23184
O=C(O)c1c(Oc2ccc(F)cc2F)c2cnn(-c3cccnc3)c2c2cc(-c3cn[nH]n3)c(F)cc2c1=O,中毒,32.17651,42.27448
O=C1c2cc(-c3cn[nH]n3)n(-c3cccnc3)c2C(c2ccc(F)cc2F)N1c1cc(Cl)cn(C2CC(O)C(O)C2)c1=O,中毒,14.882899,11.513729
O=C1c2cc(-c3cn[nH]n3)n(-c3cc(Cl)cc(F)c3F)c2C(c2ccc(Cl)cc2)N1c1cc(Cl)cn(C2CC(O)(CF)C2)c1=O,中毒,25.244574,11.513729
O=C1c2cc(-c3cn[nH]n3)oc2C(c2cccc(F)c2)N1c1cc(Cl)cn(C2CC(O)(CO)C2)c1=O,中毒,13.3429985,9.043079
Oc1c(-c2ccnc(NCC3(O)CCN(Cc4ccccn4)CC3)c2)c(-c2cn[nH]n2)nc2c(Cl)cc(Cl)cc12,中毒,22.249924,14.035565
c1ncc(-c2ccc3c(c2)Cc2sc(-c4cn[nH]n4)cc2-3)cn1,中毒,59.07371,13.42904
c1ccc(C2(c3cncn3-c3nc(-c4cn[nH]n4)co3)CC3CNCC32)cc1,中毒,23.977362,33.113945
O=c1c(N2Cc3cc(-c4cn[nH]n4)cc(-c4c(Cl)cccc4Cl)c3C2c2ccc(Br)cc2)cc(Cl)cn1C1CC(O)(CO)C1,中毒,9.036046,9.912456
O=C1c2cc(-c3cn[nH]n3)n(-c3ccc(F)cc3F)c2C(c2c(Cl)cccc2Cl)N1c1cc(Cl)cn(C2CC(O)(CO)C2)c1=O,中毒,12.488247,11.513729
NS(=O)(=O)c1ccc(-n2c(-c3cn[nH]n3)cc3c(-c4cc[nH]c(=O)c4)nc(N4CC5COCCC54)nc3c2=O)cc1,中毒,10.486579,20.569803
Clc1cc2nccc(-c3c(-c4cccnc4)nn4cc(-c5cn[nH]n5)cnc34)c2cc1Br,中毒,42.26124,21.359938
Cn1cc(Cl)cc(N2C(=O)c3cc(-c4cn[nH]n4)n(-c4ccc(Cl)cc4F)c3C2c2ccc(Cl)cc2)c1=O,中毒,17.272402,14.026334
N#Cc1ccc(C2c3c(cc(-c4cn[nH]n4)n3-c3ccc(F)cc3F)C(=O)N2c2cc(Cl)cn(C3CC(O)C(O)C3)c2=O)cc1,中毒,12.488247,11.513729
O=C1c2cc(-c3cn[nH]n3)n(-c3cnc(Cl)c(Cl)c3)c2C(c2ccc(Cl)cc2)N1c1cc(Cl)cn(C2CC(O)(CO)C2)c1=O,中毒,14.882899,11.513729
Clc1ccc(C2=NCc3sc4nc(-c5ccc(Cl)cc5)c(-c5cn[nH]n5)c(-c5c(Cl)cc(Cl)cc5Cl)c4c32)cc1,中毒,7.326005,14.804141
Fc1cccc2c1Sc1nsnc1N2c1cc2ncnc(-c3ccc(Cl)c(-c4cccc(Br)c4)c3)c2cc1-c1cn[nH]n1,中毒,18.31692,21.77049
O=c1c(N2Cc3cc(-c4cn[nH]n4)c(-c4cc(C(F)(F)F)cc(C(F)(F)F)c4)n32)cc(Cl)cn1C1CC(O)(CO)C1,中毒,4.800094,14.2372675
Fc1ccc(-c2c(-c3cc(Oc4cnc(C5CC5)nn4)ncn3)[nH]c3ccc(-c4cn[nH]n4)cc23)cc1,中毒,2.404956,31.025593
O=S(=O)(Nc1ncnc2sc(-c3cccnc3Cl)cc12)c1ccc2c(c1)-c1cc(-c3cn[nH]n3)c(C(F)(F)F)cc1C2(C(F)(F)F)C(F)(F)F,中毒,11.991352,14.0600395
c1ccc(COCCC2Nc3ncc2c(-c2cc4cc(-c5cn[nH]n5)cnc4[nH]2)n3)nc1,中毒,9.757782,183.21878
c1cc(-c2cc(-c3cn[nH]n3)cc(Nc3ccc4[nH]ccc4c3)n2)cc(N2CC3COCC3C2)n1,中毒,8.4201565,69.24512
O=c1c(N2Cc3cc(-c4cn[nH]n4)n(-c4cccnc4)c3C2)cc(Cl)cn1-c1cc(F)ccc1F,中毒,3.8209896,33.117775
O=C1c2cc(-c3cn[nH]n3)n(-c3ccc(Cl)cc3)c2C(c2c(Cl)cccc2Cl)N1c1cc(Cl)cn(C2CC(O)(CO)C2)c1=O,中毒,12.488247,11.513729
Clc1cccc(Cl)c1-c1cc(-c2cn[nH]n2)cc2c1CNc1cc3c(cc1-2)OCO3,中毒,13.513128,57.07766
O=c1c(N2Cc3cc(-c4cn[nH]n4)c(=O)n(-c4ccc(F)cc4)c3C2c2cccs2)cc(Cl)cn1C1CC(O)(CO)C1,中毒,51.50488,12.110745
O=C1c2cc(-c3cn[nH]n3)n(-c3ccc(F)c(Cl)c3F)c2C(c2ccc(Cl)cc2)N1c1cc(Cl)cn(C2CC2)c1=O,中毒,17.272402,14.026334
c1cc(-c2ncc(N3CCc4cc(-c5cn[nH]n5)sc4C3)cn2)ccn1,中毒,26.052517,33.146484
O=c1c(N2C3=C(COC3)c3cc(-c4cn[nH]n4)n(-c4ccccc4)c3C2c2ccc(Cl)cc2)cc(Cl)cn1C1CC(O)(CO)C1,中毒,18.205946,13.503714
O=c1oc2ccccc2c(Cl)c1-c1cc(-c2cn[nH]n2)cc2c1C2c1cc2c(cc1Br)OCO2,中毒,8.164086,67.50741
Nc1cc(C2c3c(cc(-c4cn[nH]n4)n3-c3ccc(F)cc3)C(=O)N2c2cc(Cl)cn(C3CC(O)(CO)C3)c2=O)ccc1Cl,中毒,14.882899,11.513729
O=C1c2nc(-c3cn[nH]n3)c(Cl)c(-c3c(F)cccc3Cl)c2C(c2ccc(Cl)cc2)N1c1cc(Cl)cn(C2CC(O)(CO)C2)c1=O,中毒,37.24519,12.110745
Clc1nc(-c2nc(-c3cc4c(cc3Oc3cn[nH]n3)NC4)no2)cs1,中毒,5.068892,32.781715
O=C(O)c1cn(C2CC2)c2nc(N3CCc4nc(-c5cn[nH]n5)sc4C3)c(F)cc2c1=O,中毒,13.4187,14.010757
Brc1cc(Br)c2c(c1)Cn1nc(-c3cn[nH]n3)cc1-2,中毒,5.6580186,15.587003
OCC(Oc1ccc(C2=C(Cl)C3=C4C=C(c5cn[nH]n5)N=C4N3C(C3CC3)=N2)cc1Cl)c1cccnc1,中毒,53.967606,18.9409
O=c1[nH]c2c3c(cc(-c4cn[nH]n4)n3-c3ccc(Cl)cc3)c3occc3c(Cl)cc1=2,中毒,15.143062,207.36412
O=c1[nH]cc(Cl)cc1N1C2C3=CC(Cl)=C(Cl)C=C2C(O)(Cc2cc(-c4cn[nH]n4)n(-c4c(F)cccc4F)c2C1c1ccc(Cl)cc1)O3,中毒,37.44503,13.503714
O=c1c(N2Cc3cc(-c4cn[nH]n4)n(-c4cccc(Cl)c4)c3C2c2ccc(Cl)cc2)cc(Cl)cn1C1CC(O)(CO)C1,中毒,19.24008,11.513729
FC(F)c1c(C2=NC3=NC=C(C4=C5C=C(c6cn[nH]n6)C=C5CCN(C5CCC5)CC4)C3=N2)ccnc1C1CC1,中毒,18.641792,25.318556
O=C1c2cc(-c3cn[nH]n3)sc2C(c2ccc(Cl)nc2)N1c1cc(Cl)cn(C2CC(O)(CO)C2)c1=O,中毒,8.738106,8.519041
O=C1C2CCc3cc(-c4cn[nH]n4)n(-c4ccc(F)cc4F)c3C(c3ccc(Cl)cc3)N1c1cc(Cl)cn2c1=O,中毒,21.327534,14.3937645
O=c1c(N2Cc3cc(-c4cn[nH]n4)n(-c4ccc(Cl)cc4)c3C2c2ccc(Cl)cc2Cl)cc(Cl)cn1C1CC(O)(CO)C1,中毒,20.18954,11.513729
O=C1c2nc(-c3cn[nH]n3)n(-c3ccc4cc(-c5ccn[nH]5)ccc4c3)c2C(c2ccc(Cl)cc2)N1c1cc(Cl)cn(C2CC(O)C(O)C2)c1=O,中毒,26.797838,34.717995
Fc1cc(F)c(-c2cccc(F)c2C(CN2Cc3cc(-c4nc(-c5cn[nH]n5)co4)sc3C2)n2ccnc2)c(F)c1,中毒,17.836391,28.54446
O=C(O)C(c1ccc2ccccc2c1)C(CCc1cccs1)Sc1ncnc2[nH]cc(-c3cn[nH]n3)c12,中毒,44.203697,32.67415
Brc1ccc2c(c1)Oc1ncccc1-n1c(-c3cc(-c4cn[nH]n4)cs3)nnc1-2,中毒,13.329582,18.050745
c1ccc2c3c(c(-c4ccsc4)nc2c1)-c1nc(-c2cn[nH]n2)sc1CS3,中毒,46.20203,17.54973
O=C1c2cc(-c3cn[nH]n3)cc(=O)n2C(c2ccc(Cl)cc2)N1c1cc(Cl)cn(C2CC(O)C(O)C2)c1=O,中毒,37.358086,34.172764
O=S(=O)(c1ccc2c3c(-c4[nH]c5ncc(-c6cn[nH]n6)cc5c4C(F)(F)F)cc(cc1)n3C(c1ccc(Cl)cc1)C2)c1sccc1F,中毒,6.106106,21.679789
O=C(O)c1cn(C2CCC([N+](=O)[O-])C2)c2cc(-c3cn[nH]n3)c(F)cc2c1=O,中毒,35.48704,26.367983
O=C1c2cc(-c3cn[nH]n3)c(-c3ccncc3)n2C(c2ccc(Cl)nc2F)N1c1cc(Cl)cn(C2CC(O)(CO)C2)c1=O,中毒,19.951618,13.503714
Fc1c(NC2CC2)nnc(CSc2nnc(-c3cn[nH]n3)[nH]2)c1-c1ccsc1Br,中毒,42.914047,20.416895
O=C1c2nc(-c3cn[nH]n3)nc(Nc3ccc(C(F)(F)F)cn3)c2C(c2ccc(Cl)cc2)N1c1cc(Cl)cn(C2CC(O)(CO)C2)c1=O,中毒,16.880064,13.466203
O=C1C2=CC(c3cn[nH]n3)=NC2=C(c2ccoc2)N=C1O,中毒,56.86673,18.023746
OC1C(c2cn[nH]n2)OC2C(c3cc(NCCc4nc5sccc5[nH]4)ccn3)COC2C1O,中毒,23.894093,37.553684
c1ccc(-n2cc(-c3cc4c(cn3)Cn3nc(-c5cn[nH]n5)cc3-4)c3c(N4CCCC4)ncnc32)cc1,中毒,5.310307,22.200527
[O-][n+]1cc(Cl)cc(N2Cc3cc(-c4cn[nH]n4)n(-c4ccc(F)cc4F)c3C2c2ccc(Cl)cc2)c1,中毒,21.327534,15.110795
Fc1cc(F)c2c(c1)C1(CC1)c1cc(-c3ccc4nccnc4n3)cc3cc(-c4cn[nH]n4)cc-3c1-c1c(F)ccc(F)c1-2,中毒,13.507006,175.15576
C1=CC2Cc3c([nH]c4ncc(-c5cn[nH]n5)cc34)CCCCC(c3nc(-c4c[nH]cn4)cs3)=CC=C1CN2,中毒,39.922295,27.173344
O=C1N(c2cc(Cl)cn(C3CC(O)(CO)C3)c2=O)C(c2ccc(Cl)cc2)c2c(-c3ccc(Cl)c(Cl)c3Cl)c(-c3cn[nH]n3)cn21,中毒,4.780019,13.466203
Brc1cccc(C2=NCc3ccc(-c4cn[nH]n4)nc3-c3ccc(Br)cc32)c1,低毒,79.774254,98.416565
O=C1c2cc(-c3cn[nH]n3)n(-c3ccc(F)cc3F)c2C(c2cccc(Cl)c2)N1c1cc(Cl)cn(C2CC(O)C(O)C2)c1=O,中毒,12.488247,11.513729
c1csc(Oc2ccc(-c3cc(-c4cncs4)cc4[nH]c5cc(-c6cn[nH]n6)cnc5c34)cc2)n1,中毒,4.590503,19.512691
O=C1c2cc(-c3nc[nH]c3-c3cn[nH]n3)n(-c3ccc(F)cc3F)c2C(c2ccc(Cl)cc2)N1c1cc(Cl)cn(C2CC(O)C(O)C2)c1=O,中毒,12.488247,11.513729
O=C1c2nc(-c3cn[nH]n3)nc(N3CCCC3c3cccnc3)c2C(c2ccc(Cl)cc2)N1c1cc(Cl)cn(C2CC(O)(CO)C2)c1=O,中毒,27.094715,13.466203
O=C1c2nc(-c3cn[nH]n3)n(-c3cc(F)c(F)c(F)c3F)c2C(c2ccc(Cl)cc2)N1c1cc(Cl)cn(C2CC(O)(CO)C2)c1=O,中毒,24.818281,34.717995
O=c1c(N2COc3cc(-c4cn[nH]n4)cc(-c4cccc(I)c4)c3C2c2ccc(Cl)cc2)cc(Cl)cn1C1CC(O)(CO)C1,中毒,14.578789,9.719319
O=P(O)(O)c1ccc(Cn2cc(-c3cn[nH]n3)nn2)cc1,高毒,71.03535,22.513405
O=C(O)c1cn(-c2ccc3cc[nH]c3c2)c2cc(N3CC(c4cn[nH]n4)C3)c(F)cc2c1=O,中毒,27.866562,16.68009
c1cc2c3c(n1)COCC(O3)C1CN(CCn3nc(-c4cn[nH]n4)cc31)C2,中毒,32.842438,36.660126
c1ccc2c(c1)CN(CCn1cc(-c3cn[nH]n3)[n+]3cnccc13)O2,中毒,123.555534,42.299107
c1nn2c(-c3cn[nH]n3)nnc2cc1-c1noc(C2CC2)n1,低毒,36.694096,67.34825
O=S(=O)(c1ccc(Cl)cc1Cl)c1nc(Br)c(F)cc1CNc1cn[nH]n1,中毒,75.800186,32.368828
S=C(NCCc1c[nH]cn1)N1CCc2cc(-c3cn[nH]n3)cc(-c3c(Cl)cccc3Cl)c2CC1,中毒,32.45418,55.135612
Fc1ccc(-n2cnnc2-c2ccc(Oc3cc(-c4cncnc4)cc4cc(-c5cn[nH]n5)ccc34)cc2)cc1Cl,中毒,3.6972694,65.033134
O=C1c2cc(-c3cn[nH]n3)c(=O)n(-c3ccc(-c4ccoc4)cc3)c2C(c2ccc(Cl)cc2F)N1c1cc(Cl)cn(C2CC(O)(CO)C2)c1=O,中毒,51.50488,12.110745
O=c1c(N2Cc3cc(-c4cn[nH]n4)cc(-c4ccc5cc[nH]c5c4)c3C2c2ccc(Cl)cc2)cc(Cl)cn1C1CC(O)(CO)C1,中毒,9.036046,9.912456
Clc1cccc(Cl)c1-c1cc(-c2cn[nH]n2)cc2c1-c1ccnc(Oc3ccsc3)c1-2,中毒,45.809776,33.274937
O=C1c2cc(-c3cn[nH]n3)n(-c3ccc(Cl)cc3F)c2C(c2ccc(Cl)cc2)N1c1cc[nH]n1,中毒,17.475342,23.390354
Clc1ccc(-n2c(-c3cn[nH]n3)cc3c2-c2cc(-c4cccnc4)cc(C4CC4)c2CC3)cc1,中毒,67.24844,98.21627
O=C1c2nc(-c3cn[nH]n3)c(-c3ccc(Br)c(F)c3)n2C(c2ccc(Cl)cc2)N1c1cc(Cl)cn(C2CC(O)(CO)C2)c1=O,中毒,41.15799,12.110745
O=C1C(c2cn[nH]n2)=NC2=C(C(F)(F)F)C(c3cc4c([nH]3)CC3COC(=CN(c5ccc(Cl)cn5)N=N4)C(O)C(O)C3O)=CC2=C1O,中毒,41.774292,14.911535
O=c1c(N2C(=NCCN3CCOCC3)c3cc(-c4cn[nH]n4)n(-c4ccc(F)cc4F)c3C2c2ccc(Cl)cc2)cc(Cl)cn1C1CC(O)(CO)C1,中毒,15.763229,13.466203
O=C1c2nc(-c3cn[nH]n3)n(-c3ccc(Cl)cc3Cl)c2C(c2ccc(Cl)s2)N1c1cc(Cl)cn(C2CC(O)(CO)C2)c1=O,中毒,35.69709,17.190475
O=C1c2cc(-c3cn[nH]n3)sc2CN(C(S)=Nc2ccccc2C2CC2)C(c2ccc(Cl)cc2)N1c1cc(Cl)cn(C2CC(O)(CO)C2)c1=O,中毒,8.084938,13.463638
O=c1c2cc(Cl)cn1C1C=C(Cl)C(Cl)=CC=C1CC1Cc3cc(-c4cn[nH]n4)n(-c4ccc(Cl)cc4F)c3C(c3ccc(Cl)cc3)N21,中毒,21.327534,14.710186
O=c1c2cc(Cl)cn1C1CCc3cc(-c4cn[nH]n4)n(-c4ccc(Cl)cc4F)c3C(c3ccc(Cl)cc3)N2C1,中毒,21.327534,14.710186
Fc1cccc(Cl)c1-c1cc(-c2cn[nH]n2)cc2c1C(c1ccc(Cl)cc1)N1C(c3ccc(Cl)cc3)=NC2c2ccc(Cl)cc2C1c1ccc(Cl)s1,中毒,25.602516,13.879641
c1n[nH]nc1C1N=C2OCC3CC3N21,中毒,41.859013,33.329994
Fc1cc(Cl)ccc1-n1c(-c2cn[nH]n2)cc2c1C(c1ccc(Cl)cc1)N(C1=CC3=C4C=NC(COC1)(C4)C3)C1(COC1)C2,中毒,18.339478,17.379768
O=C(Nc1ccnc2c3cc(-c4cn[nH]n4)c4cc3c(-c3ccoc3)nc4cn(Cc3nccs3)c12)C1CC1,中毒,18.470856,23.810707
Clc1ccc(-c2nc(Nc3c4ccccc4nc4ccsc34)sc2-c2nc(-c3cn[nH]n3)co2)cc1,中毒,11.19264,11.557914
O=C1c2cc(-c3cn[nH]n3)nn2C(c2ccc(Cl)cc2)(c2ccc(Cl)cc2Cl)N1c1cc(Cl)cn(C2CC(O)(CO)C2)c1=O,中毒,32.17651,13.503714
O=c1c2c(sc3cc(OCCN4CCOCC4)c(Br)cc13)-c1c-2cc(-c2cn[nH]n2)n1-c1ccc(F)cc1,中毒,3.7099383,19.102287
Fc1cc(F)c(F)c(-c2ncnc3sc(-c4cn[nH]n4)nc23)c1,中毒,109.40399,14.844947
FC(F)(F)c1cc(-c2cn[nH]n2)cc2c1C1c3ccc-2c(c3)OCOC2=NCCNC2N1c1ccc(Cl)cc1,中毒,15.731001,14.40348
O=c1c(N2C(O)c3cc(-c4cn[nH]n4)cc(-c4c(Cl)cccc4Cl)c3C2c2ccc(F)cc2)cc(Cl)cn1C1CC(O)(CO)C1,中毒,15.809174,8.960914
N#CC1C2CCc3cn(-c4cn[nH]n4)nc3C2N2C(=O)N(c3cccc(C(F)(F)F)c3)C(=O)C1C2c1ccc(Cl)c(Cl)c1,中毒,28.345415,19.648664
FCCS(c1cc(-c2cn[nH]n2)cc2c1oc1cc(F)c(-n3cc(-c4ccc(F)c(Cl)c4F)nn3)cc12)(C(F)(F)F)C(F)(F)F,中毒,8.728932,43.573074
O=S(=O)(c1ccc(F)cc1)c1cc(Nc2ccc3c(n2)c2c(c4cc(-c5cn[nH]n5)sc43)CCC2)cs1,中毒,13.643472,23.797834
O=C1C2c3cc(-c4cn[nH]n4)n(-c4ccc(Cl)cc4)c3C(c3ccc(Cl)cc3)N2CC(c2ccc(Cl)cc2)N1c1ccc(Cl)cc1,中毒,21.327534,22.678667
c1ccc2nc(N3CCOC(c4nc(-c5cn[nH]n5)cs4)C3)ccc2c1,中毒,41.52827,39.97687
O=C1C2=NC(C(F)F)=C(c3cnn(C4CCOCC4)n3)C2=c2cc(-c3cn[nH]n3)ncc2=C1Oc1c(Cl)cccc1Cl,中毒,4.568017,21.53136
c1cc2c(cc1C1NCCc3sc(C4NCCC4c4cn[nH]n4)nc31)OCCCO2,中毒,13.96736,48.056496
O=C1c2cc(-c3cn[nH]n3)n(-c3cc(F)c(Cl)c(F)c3Cl)c2C(c2cccc(Cl)c2)N1c1cc(Cl)cn(C2CC(O)(CO)C2)c1=O,中毒,18.205946,11.513729
O=C1c2nc(-c3cn[nH]n3)c(-c3ccnn3C3CCN(Cc4ccccc4F)CC3)n2C(c2ccc(Cl)cc2)N1c1cc(Br)cn(C2CC(O)(CO)C2)c1=O,中毒,28.629448,9.256967
O=C1c2cc(-c3cn[nH]n3)n(-c3cc(Cl)c(=O)n(C4CC4)c3)c2C(c2ccc(Cl)cc2)N1c1cc(Cl)cn(C2CC(O)(CO)C2)c1=O,中毒,14.882899,12.110745
c1ccc(-c2cn3cc(-n4nnc(CN5CC(c6cn[nH]n6)C6COCC65)n4)ccc3n2)cc1,中毒,35.20616,61.827297
Fc1cc(F)c(Nn2cc(-c3cn[nH]n3)nn2)cc1F,微毒,17.863403,13.013109
CC1(COC2(CO)C(O)C(O)C(O)C2CO)C2=NC(N3Cc4cc(-c5cn[nH]n5)n(-c5ccc(Cl)cc5)c4C3c3ccc(Cl)cc3)=CC(Cl)=CN21,中毒,9.915265,14.014961
Fc1cc(Cl)ccc1-n1c(-c2cn[nH]n2)cc2c1C(c1ccc(Cl)cc1)N(c1ccc(Cl)c(Cl)c1)C2c1ccc(Cl)cc1,中毒,21.327534,23.107658
O=C(C1=CC(O)=C(O)C=C2N=CC(Cl)=CC=C3c4cc(-c5cn[nH]n5)n(-c5ccc(Cl)cc5)c4C(c4ccc(Cl)cc4)N3C21)N(CC1CC1)C1CC1,中毒,14.940432,18.318035
Fc1cc(Cl)ccc1-n1c(-c2cn[nH]n2)cc2c1C(c1ccc(Cl)cc1)N(c1ccsc1)C2,中毒,21.327534,23.107658
O=c1c(N2Cc3cc(-c4cn[nH]n4)cc(-c4ccc(Cl)c(Cl)c4)c3C2)cc(Cl)cn1C1CC(O)(CO)C1,中毒,4.586443,9.69984
O=C1c2[nH]cnc2C1(Cc1cc2cc(-c3cn[nH]n3)c(Cl)cc2s1)CN1CCC(CF)=N1,中毒,9.064844,22.257902
O=C1C2=CC(N3Cc4cc(-c5cn[nH]n5)cc(-c5c(F)cccc5F)c4C3c3ccc(Cl)cc3)=CC(Cl)=CN1C2CC1(O)CC(O)C(O)C1F,中毒,44.770546,15.884826
O=C1c2cc(-c3cn[nH]n3)cc(-c3ccc(Br)cc3)c2CC(c2ccc(Cl)cc2)N1c1cc(Cl)cn(C2CC(O)(CO)C2)c1=O,中毒,22.081963,19.79431
O=C1c2cc(-c3cn[nH]n3)n(-c3cc(Cl)cc(OCC(F)(F)F)c3)c2C(c2ccc(Cl)cc2)N1c1cc(Cl)cn(C2CC(O)(CO)C2)c1=O,中毒,38.99518,13.466203
Fc1ccc(Oc2cc3ncnc(-c4ccc5cn[nH]c5c4)c3cc2-c2cn[nH]n2)c(-c2cncnc2)c1,中毒,4.75412,12.022493
O=C1c2cc(-c3cn[nH]n3)n(C3CC3)c2C(c2ccc(Cl)cc2)N1c1cc(Cl)cn(C2CC2)c1=O,中毒,28.622856,14.3937645
O=c1c(N2Cc3cc(-c4cn[nH]n4)n(-c4ccc(Cl)cc4F)c3C(c3ccc(Cl)cc3)C2c2ccc(Cl)c(Cl)c2)cc(Cl)cn1C1CC(O)(CO)C1,中毒,51.50488,13.503714
c1n[nH]nc1-c1cc2c(c3cnn(CCOCc4nc5c(s4)CCCC5)c13)CN(C1CCCOC1C1CC1)C2,中毒,9.682907,69.64929
O=c1c(NC2Cc3cc(-c4cn[nH]n4)n(-c4ccc(Cl)c(Cl)c4)c32)cc(Cl)cn1C1CC(O)(CO)C1,中毒,28.051815,32.91048
O=C1c2cc(-c3cn[nH]n3)n(-c3ccc(F)cc3F)c2C(c2ccc(Cl)c(C(F)(F)F)c2)N1c1cc(Cl)cn(C2CC(O)(CO)C2)c1=O,中毒,12.488247,11.513729
O=C1c2cc(-c3cn[nH]n3)n(-c3ccc(F)cc3)c2C(c2ccc(Cl)cc2)N1c1cc(Cl)cn2nc(Cl)cc12,中毒,43.942547,16.466494
O=C1c2cc(-c3cn[nH]n3)n(-c3ccc(Cl)cc3)c2C(c2csc(Cl)c2)N1c1cc(Cl)cn(C2CC(O)C(O)C2)c1=O,中毒,17.070913,11.513729
Clc1cccc(Cl)c1NCc1ncnc2c(-c3cn[nH]n3)coc12,中毒,116.72156,32.161983
c1cc2sc(-n3ncnc3C3OCC4ON=C(c5cn[nH]n5)C43)nn2c1,中毒,18.339478,33.968105
c1nc2cc(-c3cn[nH]n3)cnc2[nH]1,中毒,18.752508,94.52358
O=c1[nH]cc(Cl)cc1N1C2C3=CC(Cl)=C(Cl)C=C2C(CO)(Cn2cc(-c4cn[nH]n4)c(-c4c(Cl)cccc4Cl)c2C1c1ccc(Cl)cc1)O3,中毒,95.92642,16.230408
O=C1OC2(CN(c3ncc(Br)cn3)C2)N2Cc3c(cc(-c4cn[nH]n4)cc3-c3c(Cl)cccc3Cl)C2=C1Cc1ccc(Cl)cc1,中毒,16.042858,23.66721
O=C1c2cc(-c3cn[nH]n3)n(-c3ccc(Cl)cc3F)c2C(c2ccc(Cl)cc2)N1c1cc(Cl)cn(C2CC(CO)(CO)C2)c1=O,中毒,12.488247,11.513729
O=C1c2cc(-c3cn[nH]n3)n(-c3ccc(F)cc3)c2C(c2ccsc2)N1c1cc(Cl)cn(C2CC(O)C(O)C2)c1=O,中毒,14.882899,11.513729
O=C1c2cc(-c3cn[nH]n3)n(-c3ccc(Br)cc3F)c2C(c2ccc(Cl)nc2)N1c1cc(Cl)cn(C2CC(O)(CO)C2)c1=O,中毒,15.540574,11.513729
O=C(CNCC(F)(F)F)N1CCc2c(sc3c(-c4ccc(Oc5ccccc5)cc4Cl)nc(-c4ccccc4)c(Nc4nc(-c5cn[nH]n5)cs4)c23)C1,中毒,34.015007,15.02669
Oc1cc(OC(F)F)c(-c2ncc(Cl)nc2N2Cn3nc(-c4cn[nH]n4)cc3C2c2ccc(Cl)s2)cc1Cl,中毒,20.28416,14.911535
Clc1cc2nc(Nc3ccccc3)c(NCC3CNC3)nc2cc1-c1cn[nH]n1,中毒,6.1991053,110.896675
O=C1c2cc(-c3cn[nH]n3)c(-c3cc(F)cc(F)c3)nc2C(c2ccc(Cl)cc2)N1c1cc(Cl)cn(C2CC(O)C(O)C2)c1=O,中毒,13.216523,12.087409
O=c1c(-c2cn[nH]n2)cc2cc(-c3cc(-c4c(F)cccc4Cl)nc(N4CCOCC4)c3)c(-c3ccnc(C4(O)CCC(O)C4)c3)nc2n1CC1CC1,中毒,4.210146,18.331446
O=C1c2nc(-c3cn[nH]n3)c(-c3cccnc3F)c(-c3cscn3)c2C(c2ccc(Cl)cc2)N1c1cc(Cl)cn(C2CC(O)(CO)C2)c1=O,中毒,59.929935,13.503714
O=C1c2cc(-c3cn[nH]n3)cn2C(c2cc(Cl)ccc2Cl)N1c1cc(Cl)cn(C2CC(O)(CO)C2)c1=O,中毒,19.951618,28.945686
OCc1cc(Cl)c(F)cc1N1Cc2cc(-c3cn[nH]n3)n(-c3ccc(Cl)cc3Cl)c2C1c1ccc(Cl)cc1,中毒,47.705437,13.052643
O=C1c2cc(-c3cn[nH]n3)c(C3CC3)c(-n3cnc(-c4cc5ccc(-c6cccnc6)cc5s4)c3)c2C(N2CC2)C2CCCN12,中毒,36.22263,22.773836
O=C1c2nc(-c3cn[nH]n3)c(-c3ccc(Oc4ccc(Br)cc4)cc3)c(=O)n2C(c2ccc(Cl)cc2)N1c1cc(Cl)cn(C2CC(O)(CO)C2)c1=O,中毒,48.16768,16.862432
O=c1cc(CO)nc2n1-c1cc(-c3cn[nH]n3)cn1-c1c(cc(-c3ccon3)nc1-c1ccc(F)cc1F)N1CCCC21,中毒,100.2687,13.949317
O=C1c2cc(-c3cn[nH]n3)c(-c3cc(Cl)cc(Cl)c3)nc2C(c2ccc(Cl)cc2)N1c1cc(Cl)cn(C2CC(O)C(O)C2)c1=O,中毒,13.216523,12.087409
Clc1ccc(N2Cc3cc(-c4cn[nH]n4)n(-c4ccc(Cl)cc4)c3C2c2cccnc2)cc1,中毒,28.622856,23.107658
O=C1c2cc(-c3cn[nH]n3)c(SCc3ccc(Br)cc3F)nc2C(c2ccc(Cl)cc2)N1c1cc(Cl)cn(C2CC(O)(CO)C2)c1=O,中毒,13.216523,14.418226
OC1(CN2CCOCC2)COC=C(c2ccc(-c3ccc(F)cc3F)c3cc(-c4cn[nH]n4)cnc23)C1,中毒,5.067828,58.23669
Fc1cc(-c2nc(N3CCNCC3)c3c(-c4ccccc4Cl)oc(-c4cn[nH]n4)c3n2)cc2cn[nH]c12,中毒,21.185266,14.906395
N=C1N(C2CCC2)C(=O)C2(C=NCC2)C(=O)N2c3cc(-c4cn[nH]n4)cc(-c4c(Cl)cccc4Cl)c3C(c3cccc(Cl)c3F)N12,中毒,26.687788,17.334517
O=c1c(N2c3cc(Cl)ccc3-c3cc(-c4cn[nH]n4)cc(-c4c(F)cccc4Cl)c3C2c2ccc(Cl)cc2)cc(Cl)cn1C1CC(O)(CO)C1,中毒,5.0974956,16.947666
[O-][S+]1Cc2cc(-c3cn[nH]n3)nc(-c3c(F)cccc3Cl)c2C1,中毒,13.569444,44.03992
O=S1(=O)C=C2c3cc(O)c(Cl)cc3C(c3ccc(F)cc3)=C(c3cn[nH]n3)C2NC(O)=N1,中毒,49.49817,45.181995
Clc1ccc(C23Cc4cc2nc2c4CNCCc4c(Cl)ccc-2c4CCc2cc(-c4cn[nH]n4)c(-c4cc(Cl)c(Cl)cc4Cl)n23)cc1,中毒,21.243645,15.055594
O=C1OCC2=C1N(c1ccc(Cl)c(Cl)c1)C(c1ccc(Cl)cc1)c1c2cc(-c2cn[nH]n2)n1-c1ccc(Cl)cc1F,中毒,17.475342,18.318035
O=C1c2cc(-c3cn[nH]n3)c(NCCn3cc(-c4ccc(F)cc4)nn3)nc2C(c2ccc(Cl)cc2)N1c1cc(Cl)cn(C2CC(O)(CO)C2)c1=O,中毒,13.216523,12.238062
O=C(Nc1nccc(Oc2cc(Nc3c(F)c(-c4cn[nH]n4)nc4cc(F)c(Cl)cc34)cc3ncsc23)c1Cl)c1ccc(Cl)cc1Cl,中毒,61.948418,13.602335
O=c1c(N2Nc3nc(-c4cn[nH]n4)nc(-c4ccnnc4)c3C2c2ccc(Cl)cc2)cc(Cl)cn1C1CC(O)(CO)C1,中毒,14.195639,14.2372675
O=c1c(N2Cc3cc(-c4cn[nH]n4)n(NCc4ccc(Cl)cc4Cl)c3C2c2ccc(Cl)cc2)cc(Cl)cn1C1CC(O)(CO)C1,中毒,11.885829,13.526629
O=c1c(N2c3cc(-c4cn[nH]n4)cc(-c4c(Cl)cccc4Cl)c3C2c2ccc(Cl)cc2)cc(Cl)cn1C1CC(O)(CO)C1,低毒,7.149518,16.023859
OC1CC(N2c3cc(C(F)(F)F)cc(C(F)(F)F)c3-c3cc(-c4cn[nH]n4)n(-c4ccc(Cl)cc4F)c3C2c2ccc(Cl)cc2)CC1O,中毒,20.18954,18.168888
O=C1N(Cc2ccc(F)cc2)C(c2cccnc2)CC1(c1ccc(Br)cc1)c1cn[nH]n1,中毒,26.539623,37.845314
O=C1CC(n2cc(Cl)cc(N3C(=O)c4cc(-c5cn[nH]n5)n(-c5ccc(Cl)cc5)c4C3c3ccc(Cl)cc3)c2=O)CO1,中毒,17.272402,13.466203
O=C1c2nc(-c3cn[nH]n3)nc(-c3c[nH]c4ccccc34)c2C(c2ccc3c(c2)OCO3)N1c1cc(Cl)cn(C2CC(O)C(O)C2)c1=O,中毒,18.990976,13.466203
c1cc(Nc2nc(-c3cnn(-c4cn[nH]n4)c3)cs2)cs1,高毒,81.22519,42.203545
O=C1CCC(n2cc(Cl)cc(N3C(=O)c4cc(-c5cn[nH]n5)n(-c5ccc(Cl)cc5)c4C3c3ccc(Cl)cc3)c2=O)N1,中毒,22.121504,14.026334
Cn1cc(N2C(=O)n3nc(-c4cnn(-c5cccnc5F)c4)c4cc(-c5cn[nH]n5)cc-4c3C2c2cccc(Cl)c2)cc(Cl)c1=O,中毒,8.011326,9.939742
O=C1c2cc(-c3cn[nH]n3)n(-c3ccc(Cl)cc3Cl)c2C(c2ccc(Cl)cc2)N1c1cc(Cl)cn(C2CC(CO)(CO)C2)c1=O,中毒,18.205946,11.513729
O=C(O)c1cnc2c(N3Cc4cc(-c5cn[nH]n5)n(-c5ccc(F)cc5F)c4C3c3ccc(Cl)cc3)cc(Cl)cn2c1=O,中毒,15.763229,13.052643
O=C1c2cc(-c3cn[nH]n3)n(-c3ccc(F)c(F)c3F)c2C(c2ccc(Cl)cc2)N1c1cc(Cl)cn(C2C(O)C(O)C(O)C2CO)c1=O,中毒,12.488247,11.513729
O=C1c2cc(-c3cn[nH]n3)n(-c3cc(F)c(F)c(F)c3)c2C(c2cc(Cl)ccc2OCCl)N1c1cc(Cl)cn(C2CC(O)(CO)C2)c1=O,中毒,12.488247,13.503714
Clc1cccc(Cn2cc(Nc3nc(Nc4ccnc5ccsc45)c4c(n3)-c3sc(-c5cn[nH]n5)cc3-4)cn2)c1-c1nnc[nH]1,中毒,30.490143,17.854427
c1ccc(C(c2ccccc2)N2CCc3nc(-c4cn[nH]n4)sc3CC2)cc1,中毒,40.563248,26.732267
O=C1c2ccc(-c3cn[nH]n3)cc2N1Cc1ccccc1S(=O)(=O)N1CCN(Cc2csnn2)CC1,中毒,21.214363,9.360475
O=c1c(N2C3OCOc4cc3ccc4-c3cc(-c4cn[nH]n4)n(-c4ccc(F)cc4F)c3C2c2ccc(Cl)cc2)cc(Cl)cn1Cl,中毒,32.733707,11.513729
N#Cc1c[nH]c2ncc(-c3nc(-c4cn[nH]n4)nc4c3C(c3ccc(Cl)cc3)N(c3cc(Cl)cn(C5CC(O)(CO)C5)c3=O)C4=O)cc12,中毒,18.990976,13.466203
Clc1ccc(-n2c(-c3cn[nH]n3)cc3c2Nc2cc(Cl)c(I)cc2Cc2noc(-c4ccccc4)c2-3)cc1,低毒,72.611046,25.001389
Clc1ccc(C2(c3cn[nH]n3)CCNCC2)c(Cl)c1,高毒,177.09163,63.20566
O=C1C2=CC=C(Cl)C=Cc3cc(-c4cn[nH]n4)n(-c4cnc5cc(Cl)ccc5c4)c3C2N2C(=O)C2=CC(Cl)=CN1C1CC(O)(CO)C1,中毒,9.05095,16.709005
O=C1c2cc(-c3cn[nH]n3)nn2C(c2cccc(Cl)c2)N1c1cc(Cl)cn(C2CC(O)(CO)C2)c1=O,中毒,7.854498,13.503714
O=C1c2cc(-c3cn[nH]n3)n(-c3ccc(F)cc3F)c2C(c2ccc(Cl)cc2)N1c1cc(Cl)cn(C2C(O)C(O)C(O)C2O)c1=O,中毒,12.488247,11.513729
O=C(Nc1ccc(Oc2ncnc3cc(OCCCN4CCC(F)(CO)CC4)c(-c4cn[nH]n4)cc23)cc1)Nc1ccc(F)c(F)c1,中毒,7.020859,18.573778
O=c1c(-c2ccc(F)cn2)c(-c2cnn(C3CCCS3(=O)=O)c2)[nH]c2cc(-c3cn[nH]n3)c(-c3ccc(N4CCOCC4)nc3)cc12,中毒,41.140335,18.909477
O=C1c2cc(-c3cn[nH]n3)n(-c3ccc(Cl)cc3F)c2C(c2cc(Cl)cc(Cl)c2)N1c1cc(Cl)cn(C2CC(O)(CO)C2)c1=O,中毒,12.488247,11.513729
O=C1c2cc(-c3cn[nH]n3)n(-c3cc(Cl)ccc3F)c2C(c2cccnc2)N1c1cc(Cl)cn(C2CC(O)(CO)C2)c1=O,中毒,12.488247,11.513729
O=C1c2cc(-c3cn[nH]n3)n(-c3ccccc3Br)c2C(c2ccc(Cl)cc2)N1c1cc(Cl)cn(C2CC(O)C(O)C2)c1=O,中毒,14.882899,11.513729
O=c1c2cc(-c3cn[nH]n3)cc-2c2n(nc1-c1cc(C(F)(F)F)c(Cl)cc1F)CSC2,中毒,7.3910108,13.610813
Oc1ccc(-c2nnc3cc(-c4ccc(-c5cn[nH]n5)cc4)ccn23)cc1O,低毒,10.426253,69.68169
O=C1c2cc(-c3cn[nH]n3)n(-c3ccc(Cl)cc3Cl)c2C(c2ccc(Cl)s2)N1c1cc(Cl)cn(C2CC(O)(O)C2=O)c1=O,中毒,15.111123,11.513729
O=C1c2cc(-c3cn[nH]n3)n(-c3ccc(Cl)cc3)c2C(c2cc(Cl)ccc2Cl)N1c1cc(Cl)cn(C2CC(O)C(O)C2)c1=O,中毒,12.488247,11.513729
O=c1[nH]c(-c2cc3c(cc2F)c(-c2cc(Cl)c(O)cc2Cl)c(Cl)c2c3cc(-c3cn[nH]n3)n2-c2ccc(F)cc2F)no1,中毒,27.838152,17.681356
O=C1c2cc(-c3cn[nH]n3)nc(NCc3ccnc(Cl)c3)c2CN1C1CCCCC1,中毒,10.206197,20.711496
O=C1c2cc(-c3cn[nH]n3)n(-c3cc(Cl)cc(Cl)c3)c2C(c2ccc(Cl)c(F)c2)N1c1cc(Cl)cn(C2CC(O)(CO)C2)c1=O,中毒,12.488247,11.513729
O=C1CCCC2=C1c1c[nH]c(-c3cccc(Br)c3)c1-c1cc(-c3cn[nH]n3)cnc1C2,中毒,40.185356,146.458
O=C1c2cc(-c3cn[nH]n3)n(-c3cccc(C(F)(F)F)c3)c2C(c2ccc(Cl)cc2)N1c1cc(Cl)cn(C2CC(O)(CO)C2)c1=O,中毒,14.882899,12.110745
O=c1c(N2Cc3cc(-c4cn[nH]n4)n(-c4ccc(F)cc4)c3C2c2ccc(Cl)cc2)cc(Cl)cn1C1CC(O)C(O)(CO)C1,中毒,19.24008,11.513729
Fc1ccc(C2c3c(cc(-c4cn[nH]n4)n3-c3cc(Cl)cc(Cl)c3Cl)CN2c2cncnc2)cc1,中毒,29.275309,17.35497
FC(F)(F)c1nnc(N2CCOCC2c2nc3ncc(-c4cn[nH]n4)cc3cc2S(F)(F)(F)(F)F)o1,中毒,35.610672,26.785166
N#Cc1ccc(N2Cc3cc(-c4cn[nH]n4)cc(-c4cc(Cl)ccc4OC(COc4cncnc4)C4CC4)c3C2)nc1,中毒,36.46905,57.27264
O=C1c2cc(-c3cn[nH]n3)n(-c3ccccc3Cl)c2C(c2ccc(Cl)cc2)N1c1cc(Cl)cn(C2CC(O)C(O)C2)c1=O,中毒,18.205946,11.513729
O=C1N(c2cc(Cl)cn(C3CC(O)(CO)C3)c2=O)C(c2ccc(Cl)cc2Cl)c2nc(-c3cn[nH]n3)cn21,中毒,12.530133,31.16672
O=C1NC(n2cc(Cl)cc(N3Cc4nc(-c5cn[nH]n5)c(OC5CCOCC5)c(-c5cccc6[nH]ncc56)c4C3c3ccc(Cl)cc3)c2=O)CC1O,中毒,14.099227,13.503714
O=C1c2nc(-c3cn[nH]n3)cc(C(F)(F)F)c2C(c2ccc(Cl)cc2)N1c1cc(Cl)cn(C2CC(O)(CO)C2)c1=O,中毒,59.929935,12.110745
Fc1ccc(C2(c3ccc(Cl)cc3)Cc3cc(-c4cn[nH]n4)cc(-c4c(Cl)cccc4Cl)c3O2)c(F)c1,中毒,29.160662,101.251976
O=C1c2cc(-c3cn[nH]n3)n(-c3ccc(Cl)c(Cl)c3)c2C(c2ccc(Cl)cc2Cl)N1c1cc(Cl)cn(C2CC(O)(CO)C2)c1=O,中毒,15.540574,11.513729
O=c1c(N2Cc3cc(-c4cn[nH]n4)n(-c4ccc(F)cc4)c3C2c2cc[nH]c2)cc(Cl)cn1C1CC(O)(CO)C1,中毒,19.24008,11.513729
FC1(F)CC(Nc2nc(N3CCOCC3)nc(N3Cc4cc(-c5cn[nH]n5)cc(-c5c(Cl)cccc5Cl)c4C3)n2)C1,中毒,11.890355,20.18175
O=c1c(N2C3c4cc(cc(Cl)ccc(s4)C2(O)C(F)(F)F)-c2cc(-c4cn[nH]n4)n(-c4ccc(F)cc4F)c23)cc(Cl)cn1C1CC(O)(CO)C1,中毒,36.83937,13.466203
O=CC1=CSC=C2N=C1c1cc(-c3cn[nH]n3)cc(-c3c(Cl)cccc3Cl)c1C(c1ccc(Cl)cc1)N2c1cc(Cl)cn(C2CC(O)(CO)C2)c1=O,中毒,8.228554,15.303033
S=c1[nH]c(C2(c3cnc4c(n3)c3ccccc3n4-c3cn[nH]n3)CC2)no1,中毒,37.72752,62.25453
O=C1c2nc(-c3cn[nH]n3)n(-c3cc4cc(Cl)ccc4s3)c2C(c2ccc(O)cc2)N1c1cc(Cl)cn(C2CC(O)C(O)C2)c1=O,中毒,36.832283,13.466203
O=C1C=c2ccc(c(F)c2)=CC=C1Cn1cc(C(=O)O)c(=O)c2cc(F)c(-c3cn[nH]n3)cc21,中毒,8.586027,19.434158
Fc1c(N2C(c3ccc(C(F)(F)F)cc3)c3cc(-c4cn[nH]n4)n(-c4ccc(Cl)cc4)c3C2c2ccc(Cl)cc2)nc(C2CC2)c2ncsc12,中毒,91.111465,21.244864
Clc1c(CC2CC2)nc(-c2ccc3ncsc3c2)c2ccc(-c3cn[nH]n3)c(C3CCN(Cc4cc5c(cn4)OCCO5)CC3)c12,中毒,32.937782,12.015652
O=C1c2cc(-c3cn[nH]n3)c(-c3cccnc3)n2C(c2ccc(Cl)cc2)N1c1cc(Cl)cn(C2CC(O)(CO)C2)c1=O,中毒,23.503395,13.503714
O=C1c2nc(-c3cn[nH]n3)nc(N3CCCCC3)c2C(c2ccc(Cl)cc2)N1c1cc(Cl)cn(C2CC(O)(CO)C2)c1=O,中毒,16.880064,13.466203
O=c1c(N2Cc3cc(-c4cn[nH]n4)cc(-c4ccccc4)c32)cc(Cl)cn1C1CC(O)(CO)C1,中毒,26.591244,18.206211
O=C1c2cc(-c3cn[nH]n3)n(-c3ccc(Cl)cc3)c2C(c2ccc(Br)cc2)N1c1cc(Cl)cn(C2CC(O)(CO)C2)c1=O,中毒,14.882899,11.513729
O=C1c2cc(-c3cn[nH]n3)nc(-c3cccc(Cl)c3F)c2C(c2ccc(Cl)cc2)N1c1cc(Cl)cn(C2CC(O)(CO)C2)c1=O,中毒,7.4282966,12.110745
O=[N+]([O-])C1C2=C(CCCCC2)c2c(-c3c(Cl)cccc3Cl)cc(-c3cn[nH]n3)cc21,中毒,15.866811,154.68675
Fc1c(N2CCN3C=C(O2)C3=NC2=NCC3(CN3)C2)cc2sc(-c3cn[nH]n3)cc2c1F,中毒,4.7536,57.079853
c1cc(Cn2cnc3c(Nc4ccc5c(c4)OCCO5)cc(-c4cn[nH]n4)cc32)ccn1,中毒,12.087741,293.4746
Oc1cc(Br)ccc1-c1ncnc2cc(F)c(-c3cn[nH]n3)cc12,中毒,7.014995,11.091032
c1cc(CN2CCc3cc(-c4cn[nH]n4)[nH]c3C2)cc(-c2ccoc2)c1,中毒,58.38133,22.787016
O=C1c2cc(-c3cn[nH]n3)c(-c3ccc(F)cc3Cl)nc2C(c2cc(Cl)ccc2O)N1c1cc(Cl)cn(C2CC(O)C(O)C2)c1=O,中毒,8.758138,14.418226
CNC(CO)C1=C2CC(c3ccc(F)cc3)N(C3CCCCC3)CC(C3=Nc4cnc(Oc5cc(F)c(F)c(F)c5)cc43)=C2C2=C1C(c1cn[nH]n1)=C2,中毒,8.553341,13.503714
O=C1C(c2cn[nH]n2)=C(c2ccnn2-c2ccc(S(=O)(=O)Nc3nccs3)cc2Cl)c2cc(Br)ccc21,中毒,27.91011,50.031185
O=C1c2cc(-c3cn[nH]n3)n(-c3ccc(Cl)cc3)c2C(c2ccc(N(CCCl)CCCl)cc2)N1c1cc(Cl)cn(C2CC(O)(CO)C2)c1=O,中毒,14.882899,11.513729
O=C1c2cc(-c3cn[nH]n3)c(-c3cccc(Cl)c3)n2C(c2ccc(Cl)cc2)N1c1cc(Cl)cn(C2CC(O)C(O)C(O)C2)c1=O,中毒,23.503395,13.503714
O=c1c(Cl)cc(N2Cc3cc(-c4cn[nH]n4)n(-c4ccc(Cl)cc4)c3C2c2ccc(Cl)cc2O)nn1C1CC(O)C(O)C1O,中毒,20.18954,13.503714
c1cc(-c2nc(-c3cc(-c4cn[nH]n4)co3)no2)no1,中毒,48.28597,33.26197
O=C1OCOc2cc3ccc2-c2cc(-c4cn[nH]n4)c(-c4ccc5cn[nH]c5c4)cc2C3NC(c2ccc(Cl)cc2)N1c1ccc(Cl)c(Cl)c1,中毒,5.638257,62.241104
c1cc2c(cn1)CCCC2OCc1cc(-c2cncnc2)c(-c2cn[nH]n2)s1,高毒,85.967,32.7454
O=S(=O)(c1ccc(Cl)cc1Cl)N1Cc2cc(-c3cn[nH]n3)c(-c3ccc(Cl)c(Cl)c3F)cc21,中毒,27.35091,17.070127
O=C1N(c2cc(Cl)cn(C3CC(O)(CO)C3)c2=O)C(c2ccc(Cl)cc2)c2c(-c3cc(Cl)cc(Cl)c3)c(-c3cn[nH]n3)cn21,中毒,7.7003746,16.230408
O=C1c2cc(-c3cn[nH]n3)n(C3CC(O)C(OCc4cc(F)cc(F)c4)C3)c2C(c2ccc(Cl)cc2)N1c1cc(Cl)cn(C2CC(O)(CO)C2)c1=O,中毒,19.24008,13.503714
O=C1c2nc(-c3cn[nH]n3)c(-c3nc4cc(Cl)ccc4s3)n2C(c2ccc(Cl)cc2)N1c1cc(Cl)cn(C2CC(O)(CO)C2)c1=O,中毒,44.58338,13.447941
Clc1ccc(-c2ncnc3sc(-c4cn[nH]n4)cc23)c(Cl)c1,中毒,10.896518,23.638176
Clc1ccc2sc(-c3cc(C4=C5C(=CC(c6cn[nH]n6)=C5c5nc(C6CC6)ns5)O4)ccn3)nc2c1,中毒,32.842438,22.074562
O=c1[nH]c2cc(-c3c(O)c4cc(Cl)c(OCc5ccccc5Cl)cc4c4cc(-c5cn[nH]n5)ncc34)ccc2o1,中毒,8.300462,52.682945
Clc1ccc(-n2c(-c3cn[nH]n3)cc3c2C2(c4ccc(Cl)cc4)N=C(Nc4c5ccccc5nc5cc(Cl)ccc45)C2C2CC=CN32)cc1,中毒,29.52702,26.817787
O=c1c(N2C(O)c3cc(-c4cn[nH]n4)cc(-c4ccc(-c5ccccc5)cc4F)c3C2c2ccc(Cl)cc2)cc(Cl)cn1C1CC(O)(CO)C1,中毒,9.046125,8.960914
O=C1c2c(nc3cc(Cl)cc(Cl)c3c2-c2cn[nH]n2)CC(c2ccc(Cl)cc2)N1c1cc(Cl)cn(C2CC(O)(CO)C2)c1=O,中毒,26.553892,13.503714
O=c1c(N2Cc3c(nc4cc(Cl)ccc4c3-c3cn[nH]n3)C2c2ccc(Cl)cc2Cl)cc(Cl)cn1C1CC(O)(CO)C1,中毒,26.553892,12.110745
c1ccc(-c2nnc3sc(-c4cn[nH]n4)nn23)cc1,高毒,219.28162,53.439747
Fc1[nH]ncc1-c1cc(C2(c3cc(-c4cnn(C5COC5)c4)sn3)CC2)nc2[nH]cc(-c3cn[nH]n3)c12,中毒,15.15077,26.009495
O=c1c(N2Cc3cc(-c4cn[nH]n4)nn3C2c2ccco2)cc(Br)cn1C1CC(O)C(O)C1,中毒,5.4892664,14.2372675
O=c1c2c(sc3ccc(Cl)cc13)-c1c-2cc(-c2cn[nH]n2)n1-c1ccc(Cl)cc1F,中毒,3.7099383,19.9879
c1cc(N2CCN(C3CCN(Cc4cn[nH]n4)CC3)CC2)c2ncsc2n1,低毒,36.26368,20.222507
Fc1cc(-c2cc(OC3CC3)[nH]n2)cc2cnn(-c3cn[nH]n3)c12,中毒,17.427172,39.324978
c1n[nH]nc1-c1coc2c(NC3CCC3)nsc12,中毒,39.573895,17.241697
Clc1ccc(C2Cc3cc(-c4cn[nH]n4)cc(-c4c(Cl)cccc4Cl)c3CO2)cc1,中毒,25.760279,36.89139
OC1CC(NCC2c3c(ccc4cccn34)NC2c2cn[nH]n2)C1,中毒,17.46203,54.240314
O=c1c2cc(Cl)cn1C1CN2C(c2ccc(Cl)cc2)c2c(cc(-c3cn[nH]n3)n2-c2ccc(F)cc2)CC(O)(CO)C1,中毒,19.24008,17.379768
OC1(CCl)C2=CC(Cl)=CC=C3C2N(c2ccc(Cl)c(Cl)c2)C(c2ccc(Cl)cc2)c2c(cc(-c4cn[nH]n4)n2-c2ccc(Cl)cc2F)C31,中毒,40.667263,14.870113
O=c1c(N2Cc3cc(-c4cn[nH]n4)n(-c4ccc(Cl)cc4Cl)c32)cc(Cl)cn1C1CC(O)(CO)C1O,中毒,50.905373,16.023859
O=c1c(N2Cc3cc(-c4cn[nH]n4)cc(-c4c(Cl)cccc4Cl)c3C2)cc(Cl)cn1C1CC(O)CN(CCO)C1,中毒,6.9198174,11.08457
O=C1c2cc(-c3cn[nH]n3)nc(-c3c(Cl)cccc3Cl)c2C(c2ccc(Cl)cc2Cl)N1c1cc(Cl)cn(C2CC(O)(CO)C2)c1=O,中毒,7.8750753,12.110745
O=C1C(c2cn[nH]n2)=CC2=C(C(c3cccs3)=C2)C(c2ccc(Cl)cc2)C(c2ccc(Cl)cc2)N2C(=O)C2=CC(Cl)=CN1C1CC(O)(CO)C1,中毒,36.49571,24.602787
O=C1c2cc(-c3cn[nH]n3)n(-c3cc(F)ccc3F)c2C(c2ccc(Cl)cc2)N1c1cc(Cl)cn(C2CC(O)C(O)C2)c1=O,中毒,12.488247,11.513729
O=C(O)c1cc(=O)c2cc3cn2C(c2ccc(F)c(F)c2)C2(CO)C(O)C(O)C(O)C2C2=CC(c4cn[nH]n4)=CC2=c13,中毒,32.17651,31.285362
Fc1cc(Cl)ccc1C1=NC(c2ccc(C3CNCC3Br)cc2Cl)c2[nH]c3ccc(-c4cn[nH]n4)cc3c2CN1c1nc(Cl)ccc1F,中毒,20.235445,14.3937645
O=C1N=C2C(c3cc(-c4cn[nH]n4)n(-c4ccc(F)cc4)c3C(c3ccc(Cl)cc3)N2c2cc(Cl)cn(C3CC3)c2=O)C1CS,中毒,32.733707,17.334517
O=c1c(N2COc3cc(-c4cn[nH]n4)n(-c4ccc(F)cc4F)c3C2c2ccc(Cl)cc2)cc(Cl)cn1C1CC(O)(CO)C1,中毒,26.303608,46.02951
O=c1c(N2Cc3cc(-c4cn[nH]n4)cc(-c4cc(Cl)cc(Cl)c4)c3CC2c2ccc(Cl)cc2)cc(Cl)cn1C1CC(O)(CO)C1,中毒,17.933256,20.569803
O=C1c2cc(-c3cn[nH]n3)n(-c3ccc(Cl)cc3F)c2C(c2ccc(Cl)cc2F)N1c1cc(Cl)c[nH]c1=O,中毒,17.272402,14.026334
COc1ccc(-n2c(-c3cn[nH]n3)cc3c2C(c2ccc(Cl)cc2)N(c2cc(Cl)cn(C4CC(O)C(O)C4)c2=O)C3=O)cc1,中毒,38.99518,11.513729
NS(=O)(=O)OCC1OC(N2CCc3cc(Oc4ncc(-c5cn[nH]n5)cc4-c4cnn(-c5ccc(F)cc5)c5ncnc4-5)ccc32)C(F)C1O,中毒,44.18146,35.111286
O=c1c(N2Cc3cc(-c4cn[nH]n4)cc(-c4c(Cl)cccc4Cl)c3C2)cc(CO)cn1C1CC(O)(CO)C1,中毒,9.204226,8.402617
O=C1c2cc(-c3cn[nH]n3)n(-c3cccc(Cl)c3F)c2C(c2ccc(Cl)cc2)N1c1cc(Cl)cn(C2CC(O)(C(=O)O)C2)c1=O,中毒,12.488247,11.513729
Clc1ccc(OCCCN2CCCc3cn(-c4cn[nH]n4)nc3C2)cc1,中毒,16.450068,59.631336
Clc1cc(Nc2cc3onc(-c4cn[nH]n4)c3cn2)c2c(c1)OCO2,中毒,55.311172,16.127888
O=C1c2nc(-c3cn[nH]n3)n(-c3ccc(Cl)cc3Br)c2C(c2ccc(Cl)cc2)N1c1cc(Cl)cn(C2CC(O)(CO)C2)c1=O,中毒,23.043425,34.717995
O=S(=O)(c1ccc(Br)cc1)C(CC1CC1)Oc1ccc(-c2cc3c(-c4cn[nH]n4)c(-c4ccc(Cl)cc4)oc3cc2F)cc1,中毒,24.731445,18.318035
Fc1ccc(Nc2nc3cc(-c4ccsc4)ccn3c2-c2cn[nH]n2)cc1,低毒,5.4516635,22.8396
Fc1cc(F)cc(C23CN(F)CCn4nc(-c5cn[nH]n5)cc4C2CC3(F)c2ccc(Br)cc2)c1,中毒,6.106106,18.21115
Fc1ccc(-n2c(-c3cn[nH]n3)cc3c2-c2sc(-c4cnccn4)c(Br)c2-3)c(Cl)c1,中毒,10.973278,19.912594
Brc1cnc(N2CCN(C3Cc4cc(-c5cn[nH]n5)nn4C3)CC2)nc1,中毒,16.78459,19.869612
Clc1cnc2c(c1)-c1nc(-c3sc(Cl)cc3Cl)c(-c3cn[nH]n3)cc1-2,低毒,4.025987,14.709168
Brc1cc2nc(-c3cn[nH]n3)[nH]c2cc1Br,微毒,26.865057,75.2058
O=c1c(N2Cc3nc(-c4cn[nH]n4)n(-c4cc(Cl)ccc4F)c3C2c2ccc(Cl)cc2)cc(Cl)cn1C1CC(O)(CO)C1,中毒,15.534245,34.717995
Fc1cc(Oc2cc3c(cc2Cl)-c2c(cc(-c4cn[nH]n4)n2-c2ccc(Cl)cc2)CC3)ccc1-c1cnoc1,中毒,15.175939,16.00436
Fc1ccc2c3c(c(-c4cccs4)nc2c1)CC(CN1CCOCC1)c1nn(-c2cn[nH]n2)cc1-3,中毒,3.7687438,33.002716
C1=C2NN=C(c3cc(-c4cn[nH]n4)sc31)C2CC1CN(Cc2cccnc2N2CCOCC2)C1,中毒,10.839952,45.1847
c1cn2nc(-c3cn[nH]n3)c3cc(-c4cnn(C5CCOCC5)c4)ncc3c2n1,中毒,11.8629,33.988857
O=C1c2nc(-c3cn[nH]n3)cc(-c3cc(F)cc(Cl)c3O)c2C(c2ccc(Cl)cc2)N1c1cc(Cl)cn(C2CC2)c1=O,中毒,41.904915,12.110745
O=c1c(N2Cc3cc(-c4cn[nH]n4)n(-c4ccc(F)cc4F)c3C2c2ccc(Cl)cc2F)nc(Cl)cn1CC1CC(O)C(O)C1,中毒,12.488247,17.765177
FC1(c2cccc(-c3nc(Oc4cccc(-c5cn[nH]n5)c4)cs3)c2)CN2CCC1CC2,中毒,28.694338,22.96727
O=C1Cc2c(Nc3cccnc3)cc3c(c2C(c2ccc(Cl)cc2Cl)N1c1cc(Cl)cn(C2(CO)CCC(O)C2)c1=O)CC(c1cn[nH]n1)=C3,中毒,22.902227,16.339403
O=C1c2cc(-c3cn[nH]n3)cn2C(c2ccc(Cl)cc2)c2c(Nc3ccc(Cl)cc3I)n[nH]c2N1c1cc(Cl)cn(C2CC(O)(CO)C2)c1=O,中毒,21.751549,13.463638
c1ccc(CN2CCC(Nc3cccc4c3nc(-c3cc(-c5cn[nH]n5)cs3)c3nc(N5CCOCC5)ncc34)C2)cc1,中毒,21.783539,12.616843
O=C1CCc2ccc(CCNc3cc4c(c5nc(-c6cn[nH]n6)cc-5n3)CSC4)nc2N1,中毒,7.3662195,56.495384
Fc1ccc(-c2nocc2C(=S)N2CCN(c3ccc(-c4cn[nH]n4)nc3)CC2)c(F)c1,中毒,33.368416,31.17151
O=C1c2cc(-c3cn[nH]n3)n(-c3ccc(Cl)cc3F)c2C(c2ccc(Cl)cc2Cl)N1c1cc(Cl)cn(C2CCOC2)c1=O,中毒,17.475342,13.466203
c1cc2c(-c3cnoc3)c3cc(-c4cn[nH]n4)nc-3c3c(c2s1)CNCC3,中毒,16.753414,17.085892
O=C1c2cc(-c3cn[nH]n3)[nH]c2C(c2ccc3c(c2)OCO3)N1c1cc(Cl)cn(C2CC(O)(CO)C2)c1=O,中毒,7.4282966,13.466203
c1ncc(-c2noc3cc(-c4cn[nH]n4)cnc23)cn1,中毒,165.38844,47.11697
O=C1c2cc(-c3cn[nH]n3)n(-c3ccc(F)cc3Br)c2C(c2ccc(Cl)cc2)N1c1cc(Cl)c(=O)n(C2CC(O)C(O)C2)c1,中毒,14.882899,11.513729
O=[N+]([O-])c1ccc(F)c(Oc2ccnc(Cl)c2-c2cn[nH]n2)c1,高毒,7.3884645,18.497757
Fc1ccc(F)c(COc2ccc(C3COc4nc(-c5cn[nH]n5)cn4C3)cc2)c1,低毒,28.187654,18.820112
Clc1ccc(-c2nsnc2-c2nc(C3(c4cc(I)c5cc(-c6cn[nH]n6)sc5c4)CC3)no2)cc1,中毒,47.517117,15.796946
O=C1c2cc(-c3cn[nH]n3)nc(-c3c(Cl)cccc3Cl)c2C(c2ccc(Cl)cc2)N1c1cc(Cl)cn(C2CCS(=O)(=O)C2)c1=O,中毒,21.327534,14.0600395
O=C1C2CCc3cc(-c4cn[nH]n4)cc(-c4c(Cl)cccc4Cl)c3C(c3ccsc3)N1c1cc(Cl)cn2c1=O,中毒,21.214363,16.057194
O=[N+]([O-])c1cc(F)ccc1-n1c(-c2c(-c3cn[nH]n3)nc3ccoc3c2Cl)cc2c1C(c1ccc(Cl)cc1)N(O)C2,中毒,37.44503,14.967156
O=C1c2cc(-c3cn[nH]n3)n(-c3ccc(F)cc3F)c2C(c2cccc(Cl)c2F)N1c1cc(Cl)cn(C2CC(O)(CO)C2O)c1=O,中毒,12.488247,11.513729
O=c1c(I)c(-c2ccc(Br)cc2)c2[nH]c(-c3cn[nH]n3)cc2c2c1nnn2-c1ccc(Cl)cc1F,中毒,21.289124,22.831413
O=C1c2cc(-c3cn[nH]n3)n(-c3cc(F)cc(Cl)c3F)c2C(c2ccc(Cl)cc2Cl)N1c1cc(Cl)cn(C2CC(O)(CO)C2)c1=O,中毒,15.540574,11.513729
O=C1c2c(nn(-c3cccc(Cl)c3F)c2-c2cn[nH]n2)C(c2ccc(Cl)cc2)N1c1cc(Cl)cn(C2CC(O)(CO)C2)c1=O,中毒,6.1933956,13.503714
O=c1c(N2Cc3cc(-c4cn[nH]n4)cc(-c4cc[nH]n4)c3C2)cc(Cl)cn1-c1ccc(O)cc1,中毒,23.791296,89.98814
O=C1c2nc(-c3cn[nH]n3)nc(NCc3cccs3)c2C(c2ccc(Cl)cc2)N1c1cc(Cl)cn(C2CC(O)(CO)C2)c1=O,中毒,44.58338,13.466203
O=C(OCC1CC1)N1CCCC(N2c3cc(Cl)ccc3-c3c(-c4cn[nH]n4)cc2c(C(O)(Cn2cncn2)c2ccc(F)cc2F)c3-c2ccc(F)cc2)CC1,中毒,15.363429,13.028946
c1cc2c(-c3cn[nH]c3)c[nH]c2cc1-c1cn[nH]n1,中毒,5.697316,60.888386
O=c1c(N2C(O)c3cc(-c4cn[nH]n4)cc(-c4cc(Cl)ccc4Cl)c3C2c2ccc(Cl)cc2)cc(Cl)cn1C1CC(O)(CO)C1,中毒,9.036046,9.912456
c1cc(-c2c(-c3nc(-c4cn[nH]n4)co3)cc(-c3ccc4cn[nH]c4c3)nc2CCN2CCOCC2)co1,中毒,12.891548,33.421772
Fc1ccc(Sc2sc(Cl)cc2-c2cc3c(-c4cn[nH]n4)c(-c4ccc(Cl)cc4)[nH]c3c(Nc3cc(Cl)cc(Cl)c3)n2)cc1,中毒,35.56848,16.95431
c1nc(N2CCC3(COC3)C2)ncc1-c1cn[nH]n1,高毒,179.23389,34.421993
O=C(O)C1CNCCC12Cc1ccc(-c3cnc4[nH]cc(-c5cn[nH]n5)c4c3)cc12,中毒,13.286438,25.253105
O=C1C(c2cn[nH]n2)=Nc2c1ncn2N1CC(Oc2cccnc2)C2OC2C1,中毒,44.77798,41.0584
O=c1c([SH]2Cc3cc(-c4cn[nH]n4)n(-c4ccc(F)cc4F)c3C(c3ccc(Cl)cc3)N2)cc(Cl)cn1C1CC(O)C(O)C1,中毒,48.445587,35.9111
C1=C(c2cn[nH]n2)OC2=NOC(c3ccsc3)C12,低毒,17.726044,18.491919
O=C1c2c(cc(-c3cn[nH]n3)n2-c2ccc(Cl)cc2)CN1c1cc(Cl)cn(C2C=C(O)C(O)(CO)C2)c1=O,中毒,28.629448,11.513729
O=C1c2cc(-c3cn[nH]n3)n(-c3ccc(F)cc3F)c2C(c2ccc(Cl)cc2)N1c1cc(Cl)cn(C2CC(O)(CF)C2)c1=O,中毒,25.244574,11.513729
O=C1c2nc(-c3cn[nH]n3)cc(-c3c(F)cccc3F)c2C(c2ccc(Cl)cc2)N1c1cc(Cl)cn(C2CC(O)(CO)C2)c1=O,中毒,37.24519,12.110745
Fc1ccc(Cl)cc1-n1c(-c2cn[nH]n2)cc2c1C(c1ccc(Cl)cc1)N(c1ccc(Cl)cc1)C1C3=CC(Cl)=CC=C1C(C2)C(c1ccc(Cl)cc1)O3,中毒,17.475342,18.807123
O=C1c2cc(-c3cn[nH]n3)c(-c3ccccc3)n2C(c2ccc(Cl)cc2)N1c1cc(Cl)cn(C2CC(O)(CO)C2)c1=O,中毒,25.156427,13.503714
Fc1ccc(-n2c(-c3cn[nH]n3)cc3c2Cc2cc(Cl)ccc2-3)c(Oc2ccc(Cl)cc2)c1,中毒,12.061262,40.330456
O=C1c2cc(-c3cn[nH]n3)c(-c3ccc(Cl)cc3)n2CC(c2ccc(Cl)cc2)N1c1cc(Cl)cn(C2CC(O)(C(=O)O)C2)c1=O,中毒,33.671444,14.891448
NC(Cc1nc(-c2cn[nH]n2)cs1)c1cn(-c2ccc(F)cc2Cl)nn1,中毒,46.181614,20.186377
O=C1c2cc(-c3cn[nH]n3)ncc2N(c2cc(Cl)cn(C3CCOC3)c2=O)C(c2ccc(Cl)cc2)N1c1cc(Cl)cn(C2CC(O)(CO)C2)c1=O,中毒,16.49293,15.303033
c1ccc2oc(C3(c4cncc(-c5cn[nH]n5)c4)CO3)cc2c1,中毒,25.057423,102.98851
O=C1c2cc(-c3cn[nH]n3)n(-c3ccc(Cl)cc3F)c2C(c2ccc(Cl)cc2)N1c1cc(Cl)c(=O)n(C2CCCC2)c1F,中毒,17.475342,15.904917
O=c1c(NC(C2=C3C=C(c4cn[nH]n4)C=C3C(Cl)=C2c2c[nH]c3cc(F)c(F)cc23)c2ccc(Cl)cc2)cc(Cl)cn1C1CC(O)(CO)C1,中毒,32.17651,13.503714
O=S(=O)(c1cccc(F)c1)N1CCc2cc(-c3cn[nH]n3)nc(NCCCc3ccc(Cl)c(F)c3)c2C1,中毒,12.519984,17.642988
Fc1cc2ncnc(-c3ccc(-c4cnoc4C(F)(F)F)cn3)c2cc1-c1cn[nH]n1,中毒,27.438957,54.30765
O=C1NCC2(Cc3ncc(-c4cn[nH]n4)c(-c4ccsc4)c32)CN1C1CC1,高毒,4.155876,23.222034
c1cc(-c2cc(-c3cn[nH]n3)cs2)n[nH]1,高毒,8.395572,11.875335
Cn1cc(N2C(=O)c3cc(-c4cn[nH]n4)n(-c4ccc(F)c(Cl)c4)c3C2c2ccc(Cl)cc2)cc(Cl)c1=O,中毒,22.121504,15.904917
O=C1C2=CC=C(Cl)C=Cc3ccc(F)c(Cl)cc4cc(-c5cn[nH]n5)n3c4C2N1c1cc(Cl)cn(C2CC(O)(CO)C2)c1=O,中毒,12.535862,17.786665
Fc1ccc(-c2nn(C3CC3)c3c2oc2c(-c4ccc5cc(C#[SH])cc(F)c5c4)cc(-c4cn[nH]n4)cc23)cc1,中毒,3.4583018,16.557308
c1ccc2nc(N3CC4(CN(Cc5cn[nH]n5)C4)C3)ncc2c1,中毒,24.403856,34.195778
O=C1c2cc(-c3cn[nH]n3)c(-c3ccc(Cl)cc3)c(=S)n2C(c2ccc(Cl)cc2)N1c1cc(Cl)cn(C2CC(O)(CO)C2)c1=O,中毒,51.50488,36.43178
O=C(Nc1cc(Cl)ccc1C1Sc2c(cc(-c3cn[nH]n3)cc2-c2c(Cl)cccc2Cl)CC1O)c1cnn2cccnc12,中毒,40.213203,51.02938
c1nc(Nc2nc(-c3cn[nH]n3)cs2)cc(C2CCNCC2)n1,高毒,159.80405,70.70824
O=C1c2cc(-c3cn[nH]n3)n(-c3ccc(Cl)cc3F)c2C(c2ccc(C(F)(F)F)cc2)N1c1cc(Cl)cn2nc(Cl)c(Cl)c12,中毒,25.896519,16.466494
O=C1c2cc(-c3cn[nH]n3)n(-c3cccc(Cl)c3)c2C(c2ccsc2)N1c1cc(Cl)cn(C2CC(O)C(O)C2)c1=O,中毒,14.882899,11.513729
O=c1[nH]c(-c2cc(Cl)cc(N3c4nc(-c5cn[nH]n5)n(-c5ccc(Cl)cc5C(F)(F)F)c4C3c3ccc(Cl)cc3)c2)no1,中毒,21.341997,54.090237
O=C1c2cc(-c3cn[nH]n3)[nH]c2C(c2cc(Cl)c[nH]2)N1c1cc(Cl)cn(C2CC(O)(CO)C2)c1=O,中毒,6.690411,11.513729
Fc1ccc(C2C(c3ccc(Cl)cc3)CN(c3cc(F)c(F)cc3F)CN2C(=S)CN2CCn3nc(-c4cn[nH]n4)cc3C2)cc1,中毒,27.692106,26.039227
NC1(CO)CC(n2cc(Cl)cc(N3C(=O)c4nc(-c5cn[nH]n5)n(Cc5ccc(Cl)cc5Cl)c4C3c3ccc(Cl)cc3)c2=O)C1,中毒,40.9634,33.378986
CC1C(c2ccc(Cl)cc2)c2cc(-c3cn[nH]n3)n(-c3ccc(F)c(Cl)c3F)c2C(c2ccc(Cl)cc2)N1c1ccc(Cl)cc1,中毒,21.947083,50.247593
Fc1c(N2CCc3ccccc3O2)cc2c(c1Br)-c1cc(-c3cn[nH]n3)cc(-c3c(Cl)cccc3Cl)c1C2c1ccc(Cl)cc1,中毒,27.06929,19.276184
O=c1c(N2CCCC(O)C2)nc(Nc2cc(C3CC3)n[nH]2)nc2ccc(-c3cn[nH]n3)cc12,中毒,8.403562,108.032234
Clc1cc(NC2c3c(-c4c(Cl)cccc4Cl)cc(-c4cn[nH]n4)cc3C3C(NBr)=CC(Cl)C23Br)cc(Cl)n1,中毒,31.0648,24.766111
Fc1ccc(-n2ncnc2SCc2sccc2-c2nc3cc(Cl)c(Oc4cccnc4Cl)cc3c3cc(-c4cn[nH]n4)ncc23)c(F)c1,中毒,5.230031,12.211362
O=C1c2nc(-c3cn[nH]n3)n(-c3ccc(Cl)cc3)c2C(c2ccccc2)N1c1cc(Cl)cn(C2CC(O)(CO)C2)c1=O,中毒,23.043425,34.717995
Fc1cc(Cl)ccc1-n1c(-c2cn[nH]n2)cc2c1C(F)(c1ccc(Cl)cc1)c1cc(cc(-c3cnn(CC(F)(F)F)c3)c1Br)C2,中毒,11.191203,26.890274
c1ccc(CSc2nc3cc(N4CCCCC4)c(-c4cn[nH]n4)cc3[nH]2)nc1,中毒,4.369972,39.00127
O=C1c2cc(-c3cn[nH]n3)n(-c3ccc(Cl)cc3F)c2C(c2ccc(Cl)cc2)N1c1cc(Cl)[n+]([O-])cc1F,中毒,28.345415,17.35497
O=C1c2cc(-c3cn[nH]n3)cc(-c3c(F)cccc3Cl)c2CC(c2ccc(Cl)cc2)N1c1cc(Cl)cn(C2CC(O)(CO)C2)c1=O,中毒,15.809174,17.379768
O=c1c(N2C(c3ccc(Cl)cc3)c3c(cc(-c4cn[nH]n4)n3-c3ccc(F)cc3F)[S+]2[O-])cc(Cl)cn1C1CC(O)(CO)C1,中毒,32.17651,46.02951
c1nc(NCC2CCOCC2)c2c(-c3cn[nH]n3)c[nH]c2n1,中毒,58.3593,105.02696
Fc1cc(C2=CC3=NN=C(c4cn[nH]n4)C3=C2OCC(COc2cnc(-c3ccc(ON4CCOCC4)cc3)nn2)C2CC2)cnc1Cl,中毒,7.853158,24.590742
O=C1c2cc(-c3cn[nH]n3)nc(-c3c(F)cccc3Br)c2C(c2ccc(Cl)cc2)N1c1cc(Cl)cn(C2CC(O)(CO)C2)c1=O,中毒,5.6871157,12.110745
OCC1(O)CC(n2cc(-c3cnc4ccc(-c5c(-c6cn[nH]n6)cc6c(-c7ccc(F)c(Cl)c7)noc6c5F)cc4c3)cn2)C1,中毒,13.519157,14.2189665
O=c1c2cc(OCCN3CCC(F)(F)CC3)c(-c3cn[nH]n3)cc2nc(Oc2ccc(F)cc2F)n1C1CC1,中毒,26.541992,15.3558445
Clc1ccn2c1C(c1cn[nH]n1)c1c(nc3c4c(sn13)CCOC4)C2,中毒,11.779166,23.696898
O=C1c2cc(-c3cn[nH]n3)c(Cl)nc2C(c2ccc(Cl)cc2)N1c1ccc(Cl)cn1,中毒,32.801094,15.250381
OCC(O)(CC1C2=NC(N3Cc4cc(-c5cn[nH]n5)c(-c5ccc(Cl)cc5F)nc4C3c3ccc(Cl)cc3)=CC(Cl)=CN21)C1(CO)CC(O)C1O,中毒,42.260345,16.776133
Clc1ccc(C2(c3ccncc3)CN(CC3Cc4nc(-c5cn[nH]n5)sc4C3)CCO2)cc1,中毒,12.222257,22.21658
O=C1c2cc(Cl)ccc3c(F)ccc2-n2c(-c4cn[nH]n4)cc-3c2C(c2ccc(Cl)cc2)N1c1cc(Cl)cn(C2CC(O)(CO)C2)c1=O,中毒,20.573853,13.213944
Fc1ccc(-n2c(-c3cn[nH]n3)cc3c2C(c2ccc(Cl)cc2)N(C2=COC4(CC2)CC4)C2(CCOCC2)C3)c(F)c1,中毒,18.346708,17.944153
O=c1c2c(c3c(n1C1CCC(O)CC1)=NC(c1ccnn1C1OC(CO)C(O)C1O)=C3)C=C(c1cn[nH]n1)N=2,中毒,31.666267,11.894851
Oc1cc2c(cc1Cl)=Cc1c(-c3cn[nH]n3)cc3c(c1-c1ccc(Br)cn1)C(c1ccc(C(F)(F)F)cc1)N(C3)C1=CC=2NN=C1,中毒,115.59662,17.028948
O=C(O)c1cn(C2CC2)c2cc(N3CC(c4ccc[nH]4)=NC3c3cn[nH]n3)c(F)cc2c1=O,中毒,18.557116,14.103891
O=c1c(N2C(CO)c3cc(-c4cn[nH]n4)n(-c4ccc(F)cc4F)c3C2c2ccc3c(c2)OCO3)cc(Cl)cn1C1CC(O)(CO)C1,中毒,15.763229,13.466203
c1nc(-c2cn[nH]n2)cs1,高毒,567.4648,94.52358
FC(F)(F)c1cc(CSC(c2ncc(-c3cn[nH]n3)cn2)c2ccnc3ccccc23)cc(Oc2ccc(Cl)cn2)c1,高毒,8.148146,23.35383
Fc1ccc(-n2nc(-c3nc4ccccc4s3)c3c(-c4ccncc4)cc(-c4cn[nH]n4)cc32)cc1,中毒,18.426363,27.392834
O=C1c2cc(-c3cn[nH]n3)c(-c3cc(F)cc(F)c3)n2C(c2ccc(Cl)cc2)N1c1cc(Cl)cn(C2CC(O)C(O)C2O)c1=O,中毒,19.951618,13.503714
O=C(c1cnsn1)N1Cc2cc(-c3cn[nH]n3)n(-c3ccc(F)cc3)c2C1c1ccc(Cl)cc1,中毒,49.50048,22.041262
c1nc(-n2nnnc2-c2noc(CN3C4CCCC3CC(c3cn[nH]n3)C4)n2)cs1,中毒,74.03984,39.858906
O=c1c(N2C(=S)c3cc(-c4cn[nH]n4)n(-c4cc(Cl)ccc4C(F)(F)F)c3C2c2ccc(Cl)cc2)cc(Cl)cn1C1CC(O)(CO)C1,中毒,14.882899,38.727142
N=c1c(-c2cn[nH]n2)cc2c(n1-c1ccc(Cl)cc1)C(c1ccc(Cl)cc1)N(c1cc(Cl)cn(C3CC(O)(CO)C3)c1=O)C2=O,中毒,51.50488,12.110745
Fc1cc(Cl)ccc1-n1c(-c2cn[nH]n2)cc2c1C(c1ccc(Cl)cc1)N(c1cc(Br)cc(Br)c1F)S2,低毒,36.22146,41.753864
Nc1ccc(C2C(c3ccc(Cl)cc3)c3sc(-c4cn[nH]n4)nc3C(=O)N2c2cc(Cl)cn(C3CC(O)(CO)C3)c2=O)cc1,中毒,51.50488,46.02951
O=c1c(N2Cc3nnc(-c4cn[nH]n4)n3N(c3cc(Cl)cn(C4CC(O)C(O)C4O)c3=O)C2c2ccc(Cl)cc2)cc(Cl)cn1C1CC(O)(CO)C1,中毒,32.17651,33.968105
c1cncc(-c2nc3c(cc2-c2cn[nH]n2)CCSC3)c1,中毒,25.166504,66.97595
O=C1c2cc(-c3cn[nH]n3)n(-c3ccc(Cl)cc3F)c2C(c2ccc(Cl)cc2F)N1c1ccn(C2CCOCC2)c1,中毒,17.475342,21.28903
O=C1c2cc(-c3cn[nH]n3)nc(-c3c(F)cccc3Cl)c2C(c2ccc(Cl)cc2)N1c1cc(Cl)cn(C2CC(O)C(O)C2)c1=O,中毒,7.4282966,12.110745
Oc1ccc2oc(-c3cnc4[nH]cc(-c5cn[nH]n5)c4c3C3CC3)cc2c1,中毒,24.336374,61.658596
O=C(c1ccc2[nH]ccc2c1)N1CCOCC2(CC1)Cc1nc(-c3cn[nH]n3)[nH]c12,中毒,15.119167,51.89401
O=C1c2cc(-c3cn[nH]n3)nc(-c3c(Cl)ccc(F)c3Cl)c2C(c2ccc(Cl)cc2Br)N1c1cc(Cl)cn(C2CC(O)(CO)C2)c1=O,中毒,8.738106,12.110745
O=S(=O)(c1ccc(Cl)cc1)n1ccc(-c2ncnc3c(N4CCOCC4)cc(-c4cn[nH]n4)cc23)c1,中毒,10.842244,20.569803
O=c1c(N2Cc3cc(-c4cn[nH]n4)n(-c4ccc(Cl)cc4F)c3C2c2ccc(F)cc2)cc(Cl)cn1C1CC(O)(CO)C1,中毒,15.763229,11.513729
O=C1c2cc(-c3cn[nH]n3)n(-c3ccc(Cl)cc3)c2C(c2ccc3c(c2)OCO3)N1c1cc(Cl)cn(C2CCOC2)c1=O,中毒,22.121504,13.466203
Fc1cc(F)cc(C2=NN3C(c4ccc(Cl)cc4)c4cc(-c5cn[nH]n5)cc(-c5ccc6ncccc6c5Cl)c4C(c4ccc(Cl)cc4)N3C2)c1,中毒,11.75832,38.72441
O=c1c(N2Cc3cc(-c4cn[nH]n4)n(-c4ccc(C(F)(F)F)cc4)c3C2c2ccc(Cl)cc2)cc(Cl)cn1C1CC(O)(COCCO)C1,中毒,19.24008,13.466203
Clc1ccc2c(Nc3nc(-c4cc(-c5cn[nH]n5)cc(Nc5ccc6ccccc6c5)n4)c[nH]3)ccnc2c1,中毒,2.2796834,56.439835
c1cnc(N2CCN(c3c4cc(-c5ccc(OCC6CC6)cn5)ccc4nc4ncc(-c5cn[nH]n5)cc34)CC2)cn1,中毒,21.380943,45.61599
O=C1c2cc(-c3cn[nH]n3)n(-c3nc4cc(Cl)c(Cl)cc4s3)c2C(c2ccc(Cl)cc2)N1c1cc(Cl)cn(C2CC(O)(CO)C2)c1=O,中毒,14.882899,18.315401
Fc1ccccc1-c1ccc(C2C(c3cn[nH]n3)N=C(CS)SC2c2ccccc2Cl)o1,中毒,62.12536,24.191807
Fc1cccc(Cl)c1-c1cc2cc(-c3cn[nH]n3)cn2c2c1C(c1ccc(Cl)cc1)N(c1cc(Cl)sn1)C2,中毒,57.86585,16.35344
O=C1c2nc(-c3cn[nH]n3)c(F)c(-c3c(Cl)cccc3Cl)c2C(c2ccc(Cl)cc2)N1c1cc(Cl)cn(C2CC(O)(CO)C2)c1=O,中毒,39.425797,12.110745
O=C1CCC2=C1Cc1cc(-c3cn[nH]n3)n(-c3ccc(Cl)cc3F)c1C(c1ccc(Cl)cc1)N2c1ccc(Cl)cc1,中毒,32.733707,25.844957
O=C1c2cc(-c3cn[nH]n3)n(-c3cc(Cl)ccc3Cl)c2C(c2ccc(Cl)cc2)N1c1cc(Cl)cn(C(=O)CO)c1=O,中毒,51.50488,11.513729
O=C1c2cc(-c3cn[nH]n3)n(-c3c4ccccc4cc4ccsc34)c2C(c2ccc(Cl)cc2Cl)N1c1cc(Cl)cn(C2CC(O)C(O)C2)c1=O,中毒,15.540574,12.110745
Clc1cccc(Cl)c1-c1cc(-c2cn[nH]n2)cc2c1CN(c1ccn3c(-c4cc5c([nH]4)CCCC5)ncc3c1)C2,中毒,26.703754,184.57611
O=C1c2cc(-c3cn[nH]n3)n(-c3cc(F)c(Cl)cc3Cl)c2C(c2ccc(Cl)cc2)N1c1cc(Cl)c(=O)n(C2CC(O)(CO)C2)c1,中毒,18.205946,13.213944
O=C1CC(n2cc(Cl)cc(N3Cc4cc(-c5cn[nH]n5)cc(-c5nc6cnc(-c7ccncc7F)cc6s5)c4C3c3ccc(Cl)cc3)c2=O)CC1O,中毒,40.667263,20.422
O=C1c2cc(-c3cn[nH]n3)nc(Oc3ccc4ccccc4c3)c2C(c2ccc(Cl)cc2)N1c1cc(Cl)cn(C2CC(O)(CO)C2)c1=O,中毒,6.6767583,13.503714
O=C1c2cc(-c3cn[nH]n3)cc(-c3ccc(Cl)cc3)c2-c2ccc(cc2)C(c2ccc(F)cc2)N1c1cc(Cl)cn(C2CC(O)(CO)C2)c1=O,低毒,12.423064,8.335111
NC(=O)c1csc(Nc2nc(SCCCN3c4cc(-c5cn[nH]n5)cc3n4)nc(N3CC4CC4C3)n2)c1,中毒,7.4940343,82.9926
OCCOc1cc(F)c2c(c1)oc1c(-c3cccc(Cl)c3F)cc(-c3cn[nH]n3)cc12,高毒,22.11581,18.683876
O=C1c2cc(-c3cn[nH]n3)n(-c3ccc(Cl)cc3)c2C(c2ccc(Cl)cc2)N1c1cc(Cl)c[nH]1,中毒,17.272402,23.390354
O=P(O)(O)c1c(C2=CN=[SH]C2=S)ncc2c1CCc1cc(-c3cn[nH]n3)sc1-2,中毒,35.402126,91.92679
O=C1c2cc(-c3cn[nH]n3)n(-c3c(Cl)cccc3Cl)c2C(c2ccc(Cl)cc2F)N1c1cc(Cl)cn(C2CC(O)(CO)C2)c1=O,中毒,18.205946,11.513729
N=C1c2cc(-c3cn[nH]n3)n(-c3ccc(Cl)cc3Cl)c2C(c2ccc(Cl)cc2)N1c1cc(Cl)cn(C2CC(O)(CO)C2)c1=O,中毒,24.385923,13.466203
Fc1cc2nc(-c3cn[nH]n3)sc2cc1-c1ccc(Oc2ccc(Cl)cc2)cc1Cl,中毒,86.65968,31.142056
O=C1c2nc(-c3cn[nH]n3)cc(-c3ccnc4[nH]ccc34)c2C(c2ccc(Cl)cc2)N1c1cc(Cl)cn(C2CC(O)(CO)C2)c1=O,中毒,37.24519,12.110745
O=C1c2cc(-c3cn[nH]n3)n(-c3ccnc4cc(Cl)ccc34)c2C(c2cccnc2F)N1c1cc(Cl)cn(C2CC(O)(CO)C2)c1=O,中毒,14.882899,11.513729
Clc1ccc(-c2ncnc3cc(-c4cn5ccsc5n4)c(-c4cn[nH]n4)cc23)cc1,低毒,9.985756,99.997696
Clc1ccc2c(-c3csc(NC4(c5cn[nH]n5)CC5CNCC(C5)C4)n3)ccnc2c1,中毒,2.3115015,56.742695
C#Cn1cc(N2C3C4=CC(Cl)=CC=C3C(=Nc3cc(-c5cn[nH]n5)n(-c5ccc(Br)cc5F)c3C2c2ccc(Cl)cc2)CO4)cc(Cl)c1=O,中毒,21.947083,13.466203
OCC1CC(n2cnc3ncc(-c4cc5c(cc4-c4cn[nH]n4)CN(c4nc(C6CCOCC6)no4)C5)cc32)CCO1,中毒,161.8514,54.650814
O=C1c2cc(-c3cn[nH]n3)n(-c3ccc(Cl)cc3Cl)c2C(c2ccc(Cl)cc2)N1c1cc(Cl)cn(C2CC(O)(C(=O)O)C2)c1=O,中毒,18.205946,11.513729
O=c1c(N2C=Cc3cc(-c4cn[nH]n4)n(-c4ccc(F)cc4F)c3C2c2ccc(Cl)cc2)cc(Cl)cn1C1CC(O)(CO)C1,中毒,15.540574,28.945686
c1n[nH]nc1P(NCC1OCCO1)N1CCCC1,中毒,57.79805,68.786705
O=C1CC(n2cc(Cl)cc(N3C(=O)c4cc(-c5cn[nH]n5)n(-c5cc(F)cc(F)c5F)c4C3c3ccc(Cl)cc3)c2=O)CS1,中毒,17.272402,14.026334
Clc1ccccc1-c1nc2cc(OCC3Cc4nncn4C3)ccc2n1-c1cn[nH]n1,中毒,35.585083,63.823364
O=c1c(N2Cc3nc(-c4cn[nH]n4)n(-c4ccc(Cl)cc4)c3C2c2ccc(Cl)cc2CF)cc(Cl)cn1C1CC(O)(CO)C1,中毒,12.620661,33.968105
O=C1c2cc(-c3cn[nH]n3)nc(-c3c(Cl)csc3Cl)c2C(c2ccc(Cl)cc2)N1c1cc(Cl)cn(C2CC(O)(CO)C2)c1=O,中毒,11.688109,12.110745
O=C1c2cc(-c3cn[nH]n3)n(C3=CC=C4C=CCCC43)c2C(c2cc(Br)c(O)cc2Cl)N1c1cc(Cl)cn(C2CC(O)(CO)C2)c1=O,中毒,15.763229,13.503714
O=C1c2cc(-c3cn[nH]n3)n(-c3ccc(Cl)cc3)c2C(c2ccccn2)N1c1cc(Cl)cn(C2CC(O)(CO)C2)c1=O,中毒,38.834198,12.110745
c1nc(C2CCOC2)ncc1CNC1CCC(Cc2cn[nH]n2)C1,高毒,22.759844,23.250328
NC(=O)C(c1c(-c2cn[nH]n2)cnc2ccc(-c3cc(F)c(O)c(Cl)c3)cc12)C1CC1,中毒,11.736378,195.50203
Clc1ccc(C2C(c3ccc(Cl)nc3)c3cc(-c4cn[nH]n4)oc3CN2c2ccnnc2)cc1,中毒,6.309025,96.64103
O=C1N(Cc2ccccc2F)C(=O)C1(c1c[nH]c2ncccc12)N1Cc2cc(-c3cn[nH]n3)sc2C1,中毒,4.5467424,16.766264
O=C1c2cc(-c3cn[nH]n3)n(-c3ccc(Cl)cc3F)c2C(c2ccc(Cl)cc2)N1c1cc(Cl)cn(C2CCCC2)c1=O,中毒,17.272402,14.026334
Clc1ccc(C2NC3OC(CC45CNCCNc6nc4ccc6C5)OC3c3cc(-c4cn[nH]n4)cc(-c4c(Cl)cccc4Cl)c32)cc1,中毒,49.51154,39.646847
O=C1c2cc(-c3cn[nH]n3)n(-c3ccc(C(F)(F)F)cc3F)c2C(c2ccc(Cl)cc2)N1c1cc(Cl)cn(C2CC(O)(CO)C2)c1=O,中毒,12.488247,13.466203
c1cnc(Oc2ccc(Nc3cc(-c4cn[nH]n4)cs3)cc2)cn1,高毒,8.75004,12.031896
O=c1c(N2Cc3cc(-c4cn[nH]n4)cc(-c4cc(Cl)ccc4Cl)c3C2c2ccc(Cl)cc2)cc(Cl)cn1P1(=O)COCCO1,中毒,40.270355,40.207222
O=C1Cc2cc(-c3cn[nH]n3)n(-c3ccc(F)cc3)c2C(c2ccc(Cl)cc2)N1c1ccc(C2CCC(O)(CO)C2)c(Cl)c1,中毒,15.763229,34.717995
O=C1c2cc(-c3cn[nH]n3)c(-c3ccncn3)nc2C(c2ccc(F)cc2)N1c1cc(Cl)cn(C2CC(O)(CO)C2)c1=O,中毒,59.929935,12.110745
OCC(Cc1cccc(I)c1)Nc1ncnc2cc(-c3cn[nH]n3)ccc12,中毒,12.666516,165.21193
O=C1N2Cc3c(-c4c(F)cccc4F)cc(-c4cn[nH]n4)cc3C2CC12CCN(Cc1cnc3c(c1)OCO3)CC2,中毒,12.738384,33.33846
FC(F)(F)c1ccc(-c2cc(Oc3ccncc3)cnc2-c2ccc3sc(Cl)cc3c2)c2cc(-c3cn[nH]n3)cnc12,中毒,5.106772,26.096855
O=C1c2cc(-c3cn[nH]n3)n(-c3ccc(Cl)cc3)c2C(c2ccc(Cl)cc2)N1c1csc(C(F)(F)F)c1,中毒,22.035963,21.255344
O=C1c2cc(-c3cn[nH]n3)n(-c3ccc(Cl)cc3F)c2N1c1cc(Cl)cn(C2CC(O)(CO)C2)c1=S,中毒,19.780178,41.98095
O=C1c2cccc3c2N1N=C(c1cn[nH]n1)c1cc(-c2cc4ncsc4o2)ccc1-3,中毒,47.633183,38.998425
O=C1c2cc(-c3cn[nH]n3)n(-c3ccc(Cl)cc3Cl)c2C(c2cc(Cl)cc(Cl)c2)N1c1cc(Cl)cn(C2CC(O)(CO)C2)c1=O,中毒,18.205946,11.513729
Fc1cnc(C2CCCN2CC=Cc2cnc3[nH]cc(-c4cn[nH]n4)c3c2)c(F)c1,中毒,6.65437,26.903164
Fc1cnn2cc(Cl)cc(N3Cc4nc(-c5cn[nH]n5)nc(-c5ccc6cc[nH]c6c5)c4C3c3cccs3)c12,中毒,23.342289,41.46735
O=C1c2c(nc3c[nH]c(-c4cnsc4)c3c2-c2cn[nH]n2)C(c2ccc(Cl)cc2)N1c1cc(Cl)cn(C2CC(O)(CO)C2)c1=O,中毒,39.425797,12.110745
Clc1ccc(C2C(CCc3c[nH]c4ccccc34)=C3c4c(-c5c(Cl)cccc5Cl)cc(-c5cn[nH]n5)cc4C3N2Cc2cncn2C2CC2)cc1,中毒,26.513382,24.995102
Fc1c(Nc2ncc(Oc3cc(OCC4CC4)cc(-c4cn[nH]n4)c3)c3nncn23)cncc1C1CC1,中毒,9.223383,50.568085
FC(F)(F)c1cc2n(n1)-c1ccc(Cl)cc1C=C1CN1C(c1ccc(Cl)cc1)c1c(-c3c(Cl)cccc3Cl)cc(-c3cn[nH]n3)cc1-2,中毒,23.286728,61.455902
O=C1c2cc(-c3cn[nH]n3)n(-c3c(Cl)cc(C(F)(F)F)cc3Cl)c2C(c2ccc(Cl)cc2)N1c1cc(Cl)cn(C2CC(O)(CO)C2)c1=O,中毒,18.205946,11.513729
O=C1c2cc(-c3cn[nH]n3)c(Br)cc2CN(c2c(Cl)cccc2Cl)C(c2ccsc2F)N1c1cc(Cl)cn(C2CC(O)(CO)C2)c1=O,中毒,5.933443,9.719319
OCCn1cc(-c2ccc(Cl)cc2)c(-c2cn[nH]n2)c1Nc1cc(Cl)cc(Cl)c1,中毒,3.4322603,19.678185
Fc1cccc2ncc(CN3CCc4sc(-c5cn[nH]n5)nc4C3)nc12,中毒,22.70894,28.610994
O=c1c(N2Cc3nc(-c4cn[nH]n4)n(-c4cccc(Cl)c4Cl)c3C2c2ccc(Cl)cc2)cc(Cl)cn1C1CC(O)(CO)C1,中毒,20.665174,13.466203
O=c1[nH]cc(Cl)cc1N1C(c2ccc(Cl)cc2)c2cc(-c3cn[nH]n3)n(-c3ccc(Cl)cc3)c2C1c1ccc(Cl)cc1,中毒,28.622856,14.026334
OC(Cc1c[nH]nn1)c1nc(N2CC3CC(OC4CN(C5CC5)C4)C(O)C3C2)c(C2CC2)c2cc(-c3cn[nH]n3)ccc12,中毒,40.019535,74.37285
O=c1oc(NC2Cc3cc(-c4cn[nH]n4)cc(-c4c[nH]c5cc(F)ccc45)c32)nc2c1CN(C1CCOCC1)CC2,中毒,18.391846,18.318035
O=c1c(N2C(O)c3cc(-c4cn[nH]n4)n(-c4ccc(Cl)cc4)c3C2c2ccc(Cl)cc2)cc(Cl)cn1C1CC(O)C(O)C1,中毒,26.991571,12.110745
O=C1c2cc(-c3cn[nH]n3)nc(-c3cnc[nH]3)c2C(c2ccc(Cl)cc2)N1c1cc(Cl)cn(C2CC(O)(CO)C2)c1=O,中毒,7.4282966,12.110745
C1=C(N(CCCNCc2ccc(Oc3ccccc3)cc2)c2ccon2)C(CC2CC2)c2c(-c3cn[nH]n3)noc21,中毒,9.012482,12.542536
c1ccc2c(c1)oc1ccc(Oc3[nH]c4ncc(-c5cn[nH]n5)cc4c3-c3ccnc(NC4CCOCC4)c3)cc12,中毒,55.532913,195.08862
O=c1c2c(Cl)c(Cl)ncc2nc(-c2ccoc2)n1-c1cn[nH]n1,中毒,48.692795,48.37205
O=C1c2c(c(=O)[nH]c(=O)n2-c2cn[nH]n2)C(c2ccc(Cl)cc2)N1c1cc(Cl)cn(C2CC(O)(CO)C2)c1=O,中毒,28.45149,21.748821
O=C(Nc1cc(C2=C3C=C(c4cn[nH]n4)C=C3CS(=O)(=O)C2)ncn1)c1cc(C2CC2)c(C(F)(F)F)cn1,中毒,111.37788,33.991432
OC(COc1ccc2cc(-c3cn[nH]n3)cnc2c1)CN1CCN(c2cccc3nsnc23)CC1,高毒,14.311568,11.046673
Fc1cc(Cl)ccc1-c1nc2c(cc1-c1cn[nH]n1)N1c3cc(Cl)ccc3C3=C2CCCCC1C3,中毒,10.593374,105.967094
Clc1cc2c(-c3nc(C4CC4)cc4c(-c5cn[nH]n5)nc(N5CC5)nc34)cnn2cn1,中毒,4.55665,15.055594
Fc1cc(F)cc(-c2n[nH]c3cc(-c4cn(-c5ccccc5)nc4OC4CC4)c(-c4cn[nH]n4)cc23)c1,低毒,5.440578,69.87136
Fc1cc(Cl)ccc1-n1c(-c2cn[nH]n2)cc2c1C(c1ccc(Cl)cc1)N(c1cc(Cl)ccn1)C2c1ccc(Cl)nc1,中毒,21.327534,15.528323
O=c1c2c(-c3cccc(F)c3)csc2nc(-c2cn[nH]n2)n1O,低毒,39.444523,20.2871
Fc1cccc(COc2cc3c(cc2-c2cn[nH]n2)CCN(c2ccnc(Cl)c2)C3)c1,中毒,29.40589,45.90292
Cn1c(N)nc2c(Cl)cc(N3C(=O)Cc4cc(-c5cn[nH]n5)c(-c5ccc(Cl)cc5F)n4C3c3ccc(Cl)cc3)cc21,中毒,34.916092,23.314255
O=C1N(c2cc(Cl)cn(C3CC(O)(CO)C3)c2=O)C(c2ccc(Cl)cc2)C(c2ccc(Cl)cc2)c2nc(-c3cn[nH]n3)cn21,中毒,25.069427,46.02951
O=C1c2c(nc(NC3CCC(F)(F)CC3)c(=O)c(F)c2-c2cn[nH]n2)C(c2ccc(Cl)cc2)N1c1cc(Cl)cn(C2CC(O)(CO)C2)c1=O,中毒,39.425797,12.110745
BrCCC12CN(Cc3cc(-c4cn[nH]n4)sc31)C1CC12,中毒,9.761624,15.973585
O=C1c2nc(-c3cn[nH]n3)sc2C(c2ccc(Cl)cc2)C(c2ccc(Cl)cc2)N1c1cc(Cl)cn(C2CC(O)(CO)C2)c1=O,中毒,51.50488,46.02951
O=C1c2cc(-c3cn[nH]n3)n(-c3ccc(Cl)cc3C(F)(F)F)c2C(c2ccc(Cl)cc2)N1c1cc(Cl)cn(C2CC(O)C(F)C2)c1=O,中毒,36.175117,11.513729
O=C1c2cc(-c3cn[nH]n3)n(-c3ccc(F)cc3F)c2C(c2ccc(Cl)cc2)N1c1cc(Cl)cn(C2CC(O)(CO)C2)c(=O)c1=O,中毒,15.540574,11.513729
O=C1c2c(nc(S)c3cc(Oc4ccc(Cl)cc4)c(-c4cn[nH]n4)cc23)C(c2ccc(Cl)cc2)N1c1cc(Cl)cn(C2CC(O)(CO)C2)c1=O,中毒,38.640644,13.503714
O=C1c2cc(-c3cn[nH]n3)n(-c3cc(F)cc(Br)c3F)c2C(c2ccc(Cl)cc2)N1c1cc(Cl)cn(C2CC(O)(CO)C2)c1=O,中毒,12.488247,11.513729
c1n[nH]nc1-c1cc2c(nn1)CCNC2,中毒,9.388646,28.432005
Clc1cccc2c1NCc1c(sc3nc(-c4cn[nH]n4)c4cc(-c5cccnc5)ncc4c13)C2,中毒,30.345915,14.604695
c1ccc2c(N3CCc4nc(-c5cn[nH]n5)oc4C3)noc2c1,中毒,31.90807,41.380833
O=C1c2cc(-c3cn[nH]n3)c(-c3ccc(Cl)cc3Cl)nc2C(c2ccc(Cl)cc2F)N1c1cc(Cl)cn(C2CC(O)(CO)C2)c1=O,中毒,13.216523,12.087409
O=C1c2cc(-c3cn[nH]n3)[nH]c2C(c2ccn(-c3ccccc3)c2)N1c1cc(Cl)cn(C2CC(O)C(O)C2)c1=O,中毒,7.4282966,11.513729
Clc1ccc(C23COC(c4cccnc42)c2cc(-c4cn[nH]n4)cc(-c4ccc5ccccc5c4)c23)cc1,中毒,46.01161,18.001842
Fc1ccc2c(F)ccc(CNCC3Cc4cc(-c5cn[nH]n5)cn4C3)c2c1,低毒,10.810735,116.71605
c1ccc(C2Cc3cc(-c4cn[nH]n4)cc(-c4cc(-c5cnco5)sn4)c3CO2)cc1,中毒,36.52524,42.225933
S=c1[nH]ncc2[nH]cc(-c3cn[nH]n3)c12,低毒,14.138047,140.1921
O=C1c2nc(-c3cn[nH]n3)c(-c3ccc(Cl)cc3)c(-c3ccsc3)c2C(c2nccs2)N1c1cc(Cl)cn(C2CC(O)(CO)C2)c1=O,中毒,48.16768,12.110745
N#Cc1cc(N2Cc3cc(-c4cn[nH]n4)n(-c4ccc(OC5CCOCC5)cc4)c3C2c2ccc(Cl)cc2)c(=O)n(C2CC(O)(CO)C2)c1,中毒,43.309574,13.466203
Clc1ccc2c(N3CCCN(c4ccc5[nH]c(-c6cn[nH]n6)nc5c4)CC3)ccnc2c1,中毒,17.099577,49.34317
OCC1(O)COc2cc(-c3cc4ncnc(-c5cccc(Cl)c5)c4cc3-c3cn[nH]n3)c(F)cc21,中毒,8.161777,112.51642
O=S1(=O)CC(NCc2cn[nH]n2)C(N2CCc3snc(CF)c3C2)C1,中毒,13.727727,25.021126
O=C1c2cc(-c3cn[nH]n3)n(-c3ccc(F)cc3F)c2C(c2ccc(Cl)cc2)N1c1cc(Cl)c[nH]1,中毒,17.272402,23.390354
FC(F)c1c(-c2ccnc(-c3cccnc3)c2)c2cc(-c3cn[nH]n3)ccc2c2c(-c3ccn[nH]3)onc12,中毒,31.752863,47.018757
Clc1cc(C(Cl)(Cl)Cl)ccc1Oc1ccc2c(-c3cn[nH]n3)nsc2c1,中毒,18.255693,38.817825
c1sc(-c2cnc3nc(Nc4nnnn4C4CCOCC4)cnn23)cc1-c1cn[nH]n1,中毒,18.317442,17.271805
O=C1c2cc(-c3cn[nH]n3)n(-c3cc(F)c(F)cc3F)c2C(c2ccc(Cl)cc2F)N1c1cc(Cl)cn(C2CC(O)(CO)C2)c1=O,中毒,12.488247,11.513729
O=C1C(c2ccn(-c3ccco3)c2)=NN=C2N=CC(C3=C4N=C(c5cn[nH]n5)C=C4CCN(c4ncc(Cl)c(F)c4F)C3)=C12,中毒,10.448422,9.939742
c1n[nH]nc1-c1csc(N2C3CCC2COC3)n1,中毒,68.37048,97.0128
Clc1cccc(Cl)c1-c1c2c(-c3cn[nH]n3)cc(c1C1CNC1)COC2,中毒,51.756107,23.665007
OCCN1CCc2c(nc3ccc(C4=CN=C(CN5CCC(c6nnc(N7CCCC7)nc6C(F)(F)F)C5)CC4)cc3c2-c2cn[nH]n2)C1,中毒,17.04956,9.063432
Fc1ccc(N2c3nccc(Cl)c3N=C(c3cn[nH]n3)C23CCN(c2ncnc4[nH]ccc24)C3)c(Cl)c1,中毒,52.179993,14.710186
c1nn(C2CNC2)cc1-c1cc2c(NCC3CCOC3)nc(-c3nc(-c4cn[nH]n4)cs3)cn2c1,中毒,55.57096,15.756775
O=C1c2c(-c3ccc(F)cc3)nc(O)c3nc(-c4cn[nH]n4)cc-3c2CC(c2ccc(Cl)cc2)N1c1cc(Cl)cn(C2CC(O)C(O)C2)c1=O,中毒,15.763229,13.466203
Fc1cc2ccccc2nc1Cc1nc2cc(-c3nc(-c4cn[nH]n4)cs3)ccc2o1,中毒,59.043755,21.358812
OC1CCN(c2ccc(C3c4cc(-c5cn[nH]n5)n(-c5ccc(Br)cc5)c4C(c4cccnc4)N3c3ccc(Cl)cc3)cc2F)C1,中毒,53.967606,19.356245
FC1=CN=C2CCN2CCC2(Cc3cc(-c4cn[nH]n4)cc(-c4c(Cl)cccc4Cl)c32)N=C1,中毒,9.495867,94.38161
FC(F)(F)c1ccc(C2CCCc3cnc4cc3-c3cc(-c5cn[nH]n5)n(-c5cc(Cl)cc(Cl)c5)c3C(c3ccc(Cl)cc3)N42)cn1,中毒,31.466972,27.236069
O=C1c2cc(-c3cn[nH]n3)nc(Nc3ccc(-n4ccnn4)cc3)c2C(c2ccc(Cl)cc2)N1c1cc(Cl)cn(C2CC(O)(CO)C2)c1=O,中毒,7.8529835,13.503714
O=P1(C2CC3CC(C2)N3)Cc2cc(-c3cn[nH]n3)n(-c3ccc(F)cc3)c2C(c2ccco2)N1,中毒,69.68657,25.109833
O=c1c2cc(-c3cc[nH]n3)ncc2nc(-c2ccsc2)n1-c1cn[nH]n1,中毒,13.18192,62.262615
O=c1c(-c2cn[nH]n2)cnc2n1-c1cc(C=CC3CC3)ccc1-2,中毒,13.28643,21.206491
C1=C(N2CCOCC2)CCC(CSc2ncc(-c3cn[nH]n3)cn2)C1,中毒,13.039744,59.472076
c1n[nH]nc1-c1cc2nc(C(C3CC3)N3CCNCC3)nc3c(c-2c1)CSC3,中毒,2.8844163,24.762136
O=c1c(N2Cc3cc(-c4cn[nH]n4)n(-c4ccnc(Cl)c4)c32)cc(Cl)cn1C1CC(O)C(O)C1,中毒,33.35466,34.27415
Cn1cc(Cl)cc(N2COCOc3cc4ccc3-c3cc(-c5cn[nH]n5)n(-c5c(Cl)cccc5Cl)c3C42)c1=O,中毒,36.543884,13.466203
c1cnc(N2CC(c3nc(-c4cc(-c5cn[nH]n5)cs4)no3)C2)cn1,中毒,12.244137,17.102041
OCC1OC(n2nc(-c3cn[nH]n3)c3c(-c4cc(F)c(O)c(Cl)c4)ncnc32)C(O)C1O,中毒,18.277885,14.911535
O=c1[nH]c2ccc(-c3nc(-c4ncccc4F)nc4c3Cc3cc(-c5cn[nH]n5)c(-c5ccc(Cl)cc5)n3-4)cc2s1,中毒,24.181902,20.740635
O=C1c2cc(-c3cn[nH]n3)c(-c3ccc(Cl)cc3)c3ncnc(c23)C(c2ccc(F)cc2Br)N1c1cc(Cl)cn(C2CC(O)(CO)C2)c1=O,中毒,17.224394,13.503714
O=c1c(N2C(=S)c3cc(-c4cn[nH]n4)cc(-c4c(Cl)cccc4Cl)c3C2c2ccc(Cl)cc2)cc(Cl)cn1C1CC(O)(CO)C1,中毒,9.036046,33.013264
O=S(=O)(c1cn[nH]n1)N(c1ccc2c(c1)CCO2)c1ccc2c(c1)-c1nn(Cc3ccc(-n4ncnn4)cc3)cc1CC2,中毒,5.420736,107.56283
O=C1c2cc(-c3cn[nH]n3)n(-c3ccc(C=CC4CCCC4)cc3)c2C(c2ccc(Cl)cc2)N1c1cc(Cl)cn(C2CC(O)(CO)C2)c1=O,中毒,14.882899,11.513729
Clc1cccc(Cl)c1-c1cc(-c2cn[nH]n2)cc2c1C(c1ccc3c(c1)OCO3)N2,低毒,9.570948,64.64648
N#Cc1ccc(Cl)cc1N1CCC(OCCCN2CCN(c3ccccc3)CC2)c2cc(-c3cn[nH]n3)cc(-c3c(Cl)cccc3Cl)c21,中毒,36.21581,17.472916
Fc1ccc(Sc2nc3cc4c(cc3s2)CN(CC2CCCO2)C4)nc1-c1cn[nH]n1,中毒,11.954905,34.27913
O=C1c2nc(-c3cn[nH]n3)n(-c3ccc(Cl)cc3Cl)c2C(c2ccc(Cl)cc2)N1c1cc(Cl)cn(C2CC(O)C(O)(Cl)C2)c1=O,中毒,58.040432,13.466203
O=C1c2c(-c3cn[nH]n3)cc3c(c2Cl)C(c2ccc(Cl)cc2C(F)(F)F)N2C(=O)C(=C3)C2=CC(Cl)=CN1C1CC(O)(CO)C1,中毒,37.395767,13.888707
Fc1[nH]ncc1-c1nc(N2CCOCC2)nc2cc(Oc3ccc(N4CCN(CC(F)(F)F)CC4)cc3)c(-c3cn[nH]n3)cc12,中毒,4.7143817,12.022493
N#Cc1cnn(-c2ccccc2)c1C1=NC2=C(N3CCC(F)(F)CC3)C(c3cn[nH]n3)=CC2=C1N1CCCCC1=O,中毒,13.941111,14.804141
O=C(NP(=O)(O)C1CC1)C1(NC2CCOC2)CC2=C(C=C1c1cn[nH]n1)c1nc(C(F)(F)F)c(-c3c(F)cccc3Cl)nc12,中毒,32.17651,19.823862
Brc1cnc2c3c(cc(-c4cn[nH]n4)c2c1)CC31CCN(c2nccc(-c3cocn3)n2)CC1,中毒,3.8655932,56.233624
O=C1c2nc(-c3cn[nH]n3)nc(-c3c(Cl)ccc(Cl)c3Cl)c2C(c2ccc(F)c3ccccc23)N1c1cc(Cl)cn(C2CC(O)(CO)C2)c1=O,中毒,16.880064,13.466203
O=C1c2cc(-c3cn[nH]n3)n(-c3cc(F)c(F)c(Cl)c3F)c2C(c2ccc(Cl)cc2)N1c1cc(Cl)cn(C2CC(O)(CO)C2)c1=O,中毒,12.488247,11.513729
O=C1c2nc(-c3cn[nH]n3)n(-c3ccc4ccccc4c3)c2C(c2ccc(Cl)cc2)N1c1cc(Cl)cn(C2CC(O)(CO)C2)c1=O,中毒,26.797838,34.717995
O=C1c2cc(-c3cn[nH]n3)n(-c3ccc(Cl)cc3[N+](=O)[O-])c2C(c2ccc(Cl)cc2)N1c1cc(Cl)cn(C2CC(O)(CO)C2=O)c1=O,中毒,23.909687,11.513729
c1cc(-c2nc3ncc(-c4cn[nH]n4)cc3[nH]2)co1,中毒,9.602376,39.372246
O=C1c2cc(-c3cn[nH]n3)sc2CN1C1CCC(CF)CC1,中毒,51.258587,13.321857
OC1Cc2ccc(CC3=CC=C4C(C5CN(C6CCOCC6)C5)=c5nc4c(-c4cn[nH]n4)cc5=C3)cc2C1O,中毒,8.812681,27.41744
O=c1c(N2Cc3cc(-c4cn[nH]n4)n(-c4ccc(Cl)cc4Cl)c3C2c2ccc(Cl)cc2)nc(Cl)cn1C1CC(O)(CO)C1,中毒,18.205946,11.513729
O=c1c(N2C(c3ccc(Cl)cc3)c3c(cc(-c4cn[nH]n4)n3-c3ccc(F)cc3)CC23COC3)cc(Cl)cn1C1CC(O)C(O)C1,中毒,15.763229,17.379768
Fc1ccc(F)c(C2c3cc(-c4cn[nH]n4)oc3C(c3cc4c(cn3)OCO4)N2Cc2ccoc2)c1,中毒,24.696354,21.457869
FC(F)(F)c1ncc(Cl)cc1N1Cc2nc(-c3cn[nH]n3)nc(-c3cn[nH]c3Nc3cccc(Cl)c3)c2C1,中毒,5.013855,47.151165
Fc1ccc(-n2c(-c3cn[nH]n3)cc3c2C(c2ccc(Cl)cc2)N(c2cncc(Cl)c2)C3c2ccc(Cl)cc2)c(F)c1,中毒,21.327534,15.110795
O=C(O)c1ccc2c(=O)n3c(nc2c1)-c1cc(-c2cn[nH]n2)cc(-c2c(Cl)ccc(Cl)c2Cl)c1C3,低毒,20.422596,50.81286
Oc1cc(Nc2nc3ccc(F)cc3s2)cc(-c2c(Br)c(-c3cn[nH]n3)cc3c2C(NC2CC2)C3)c1,中毒,23.27849,21.897072
O=c1c2cc(Cl)cn1C1CCc3cc(-c4cn[nH]n4)n(-c4ccc(Cl)cc4F)c3C(c3ccc(Cl)cc3)N2C1O,中毒,53.967606,13.466203
Clc1cc(C#Cc2cc(Br)c3c(c2)oc2c(-c4c(Cl)cccc4Cl)cc(-c4cn[nH]n4)cc23)on1,中毒,11.92474,26.69858
O=CC(c1ccc(O)cc1)N1C(=O)C(C(c2ccc(Cl)c(Cl)c2)c2c(F)ccc(F)c2F)=C2C3=C4C1=C(C=C(c1cn[nH]n1)COCCC42)C3,中毒,46.08258,27.383047
Clc1ccc(-c2cc3c(c(Nc4ccc5[nH]ncc5c4)n2)-c2nc(-c4cn[nH]n4)n(-c4ccc(Cl)cc4Cl)c2-3)c(Cl)c1,中毒,4.8944497,14.767691
O=C1c2cc(-c3cn[nH]n3)n(-c3ccc(Cl)cc3F)c2C(c2ccc(Cl)cc2)N1c1cc(Cl)c(=O)n(C2CC(O)(CO)C2)n1,中毒,15.540574,13.466203
O=c1cc(-c2cccc(O)c2)oc2ccc(-c3cn[nH]n3)cc12,高毒,44.532845,42.206627
c1cn2cc(-c3cc(-c4cn[nH]n4)cs3)nc2s1,中毒,20.766172,15.242606
O=C1CC2CN2C=C(Cl)C=C2C(=O)N2C(c2cccnc2)c2c1cc(-c1cn[nH]n1)n2-c1cc(Cl)cc(Cl)c1,中毒,10.264135,23.15831
O=C1c2cc(-c3cn[nH]n3)n(-c3ccc4ccccc4c3)c2C(c2ccc(Cl)cc2)N1c1cc(Cl)cn(C2CC(O)(CO)C2)c1=O,中毒,14.882899,11.513729
NC1CC2=CC(=C1c1cc(Cl)cc(Cl)c1)c1cncnc1C=C(F)c1cc(-c3cn[nH]n3)n(-c3ccc(F)cc3)c1C(C(F)(F)F)O2,中毒,8.984515,16.862432
Fc1nc(N2CCOCC2)c(N2CCCC2)cc1-c1cn[nH]n1,中毒,27.645035,35.16724
N#Cc1cc(Cl)cc(Cl)c1N1C(c2ccc(Cl)cc2)c2cc(-c3cn[nH]n3)c(-c3ccc(F)c(Cl)c3)n2C1c1ccc(Cl)cc1F,中毒,21.115606,15.456023
Clc1ccc(C2(CCc3cn[nH]n3)CCN(Cc3noc(-c4cccnc4)n3)CC2)cc1,高毒,45.545662,52.09291
O=C1N(c2cc(Cl)cn(C3CC(O)C(O)C3O)c2=O)C(c2ccc(Cl)cc2)c2cccc3c(=O)c(-c4cn[nH]n4)nn1c23,中毒,9.5269375,13.466203
O=C1c2cc(-c3cn[nH]n3)n(-c3ccc(Cl)cc3Cl)c2C(c2ccc(OC(F)F)cc2)N1c1cc(Cl)cn(C2CC(O)(CO)C2)c1=O,中毒,18.205946,11.513729
Clc1c(I)cc2c(c1Cl)CCCN2C1=C2N=C(c3cn[nH]n3)N=C2C1,中毒,12.132533,47.642063
O=C1c2cc(-c3cn[nH]n3)n(C3CCCC(O)(C4CC4)C3)c2C(c2ccc(Cl)cc2)N1c1cc(Cl)cn(C2CC(O)(CO)C2)c1=O,中毒,19.24008,13.503714
Fc1ncccc1-c1cc(-c2c(-c3ccsc3)cnc3cc(-c4cn[nH]n4)cnc23)ccc1N1CCC1,中毒,4.9732795,18.23035
O=c1c(N2Cc3cc(-c4cn[nH]n4)n(-c4ccc(Cl)cc4)c3C2c2ccc(Cl)cc2Cl)cc(Cl)cn1C1CC(O)(Br)C1,中毒,37.44503,11.513729
Oc1ccc2ncc(C3c4cc(-c5cn[nH]n5)n(-c5ccc(Br)cc5F)c4C3c3ccc(Cl)nc3)cc2c1,中毒,20.358414,18.766998
Oc1ccc(C2c3cc(F)c(Cl)c(F)cc4cc(-c5cn[nH]n5)n3c4C(c3ccc(Cl)cc3)N(Cc3ccc(Cl)cc3)C2c2ccc(Cl)cc2)cc1,中毒,48.00629,17.341328
N#Cc1ccc(Oc2cc(-c3cn[nH]n3)cc(-n3cc(-c4cn[nH]c4F)nn3)c2)nc1,中毒,46.076725,192.97339
Fc1ccc(Nc2nc3nc(N4CCOCC4)nc(-c4cnc5cc(F)ccc5c4)c3c3cc(-c4cn[nH]n4)[nH]c23)cc1,中毒,5.5095453,68.66689
O=C1c2cc(-c3cn[nH]n3)n(-c3cccc(Cl)c3F)c2C(c2ccc(Cl)cc2)N1c1cc(Cl)cn(C2CCC(O)C2)c1=O,中毒,25.244574,11.513729
O=C1c2nc(-c3cn[nH]n3)n(-c3ccc(Cl)cc3F)c2C(c2ccc(Cl)cc2)N1c1cc(Cl)cn(P(=O)(O)O)c1=O,中毒,24.818281,34.541336
O=C1c2cc(-c3cn[nH]n3)n(-c3ccc(F)cc3F)c2C(c2ccc(-c3ccc(Cl)cc3)c(Cl)c2)N1c1cc(Cl)cn(C2CC(O)(CO)C2)c1=O,中毒,12.488247,11.513729
OCC1CC(n2cc(-c3cc(Cl)c4c(c3)-c3cc(-c5cn[nH]n5)nn3CC4)cn2)CCO1,中毒,21.784866,14.585561
c1nn(Cc2nc3c(s2)CC(N2CCOC2)CCC3)nc1Nc1nc(-c2cn[nH]n2)cs1,中毒,18.871035,19.84892
O=c1ccc2cc(S(=O)(=O)Nc3cncc(-c4c(-c5ccc(-c6ncc(Cl)cn6)cc5F)onc(-c5cn[nH]n5)c4=O)c3)ccc2[nH]1,中毒,49.584152,13.069109
Clc1cnc(C2CCOC2)c(N2Cc3nc(-c4cn[nH]n4)nc(OCC4CN5CCC4CC5)c3C3(CC3)C2)c1,中毒,46.843895,25.133615
O=C1c2cc(-c3cn[nH]n3)c(-c3ccc(Cl)cc3)n2C(c2ccc(Cl)cc2)N1c1cc(Cl)cn(C2CC(O)C(O)C2)c1=O,中毒,19.951618,13.503714
CC12C(c3ccoc3)=NN(c3cccc(Br)c3)N3OC1C(Oc1cc(-c4cn[nH]n4)cc(-c4c(Cl)cccc4Cl)c12)C3C#N,中毒,32.733707,12.110745
Fc1ccc(-n2c(-c3cc(-c4cn[nH]n4)co3)nc3c2C(C2=CC=CCC2)Nc2cc(cc(Cl)c2Cl)C3)cc1,中毒,45.7417,21.22469
OCC1(O)CC(n2ccc(CN3Cc4cc(-c5cn[nH]n5)n(-c5ccc(F)cc5F)c4C3c3ccc(Cl)cc3)c2)O1,中毒,11.643404,19.989294
Fc1cc(I)ccc1Nc1nc2ncc(-c3cn[nH]n3)cc2s1,中毒,23.947178,19.001854
c1cncc(-c2ccc(Oc3ncnc4sc(-c5cn[nH]n5)nc34)cc2)c1,低毒,178.55133,67.32685
O=C1CC2(C(=O)N1Cc1ccc(F)cc1)c1c(F)cc(F)cc(F)c3cc(-c4cn[nH]n4)n1c3C(c1ccc(Cl)cc1)N2c1ccc(Cl)cc1,中毒,28.345415,20.876442
O=C1c2nc(-c3cn[nH]n3)nc(=O)c(-c3ccc(F)cc3)c2C(c2ccc(Cl)cc2)N1c1cc(Cl)cn(C2CC(O)C(O)C2)c1=O,中毒,39.425797,34.717995
Fc1cc(Cl)ccc1-n1c(-c2cn[nH]n2)cc2c1C(c1ccc(Cl)cc1)N(c1ccc(Cl)c(Cl)c1)C1C3=CC(Cl)=CC=C1C(=N2)N3,中毒,17.475342,20.231218
Fc1ccc(-n2c(-c3cn[nH]n3)cc3c2C(c2cccc(Cl)c2)C(c2ccc4c(c2)COC4)N3)c(F)c1,中毒,37.908485,33.70304
Fc1cc2c3cc(Oc4ccc(Cl)cn4)c(Cl)cc3c3c(cc(-c4cn[nH]n4)n3-c3ccc(Cl)cc3F)c2cn1,中毒,25.498375,40.85798
O=C1c2cc(-c3cn[nH]n3)c(N3CCOCC3CF)n2C(c2ccc(Cl)cc2)N1c1cc(Cl)cn(C2CC(O)(CO)C2)c1=O,中毒,48.16768,13.503714
Fc1cc(Br)cc(-n2c(-c3cn[nH]n3)cc3c2C(c2ccc4c(F)cccc4c2)N(c2ccc(Cl)cc2)C3)c1,中毒,21.327534,22.860353
N#Cc1cc(-c2cc(-c3cn[nH]n3)cc3c2N(c2cc(Cl)cc(Cl)c2)C2CC4CCN(CC5CC5)C4C2CC3)ccn1,中毒,11.400045,19.881365
O=c1c2c(-c3cn[nH]n3)sc-2nc(=S)n2c(-c3ccc(F)cc3Cl)c3c4ccoc4cc-3sc2c1-c1ccc(Br)cc1Br,中毒,8.698626,43.812977
O=C1c2cc(-c3cn[nH]n3)n(-c3ccc(Br)cc3)c2C(c2ccc(F)cc2)N1c1cc(Cl)cn(C2CC(O)(CO)C2)c1=O,中毒,18.205946,11.513729
O=C1c2nc(-c3cn[nH]n3)cc(-c3ccc(Cl)c(Cl)c3F)c2C(c2ccc(Cl)cc2)N1c1cc(Cl)cn(C2CC(O)(CO)C2)c1=O,中毒,37.24519,12.110745
O=C1c2cc(-c3cn[nH]n3)c(-c3ccc(Br)cc3F)nc2C(c2ccc(Cl)cc2)N1c1cc(Cl)cn(C2CC(O)(CO)C2)c1=O,中毒,13.216523,14.418226
C(=NNc1nc(-c2cn[nH]n2)cs1)N1c2ccccc2C2CC1CO2,中毒,18.94729,13.693051
O=c1c2c(N3CC(F)(F)C3)c(N3CCC(N4CCOCC4)CC3)c(-c3ccnc(F)c3)cc2nc(-c2ccc(N3CCNCC3)cc2)n1-c1cn[nH]n1,中毒,27.18743,81.79085
O=c1[nH]c(-c2cn[nH]n2)nc2c1-c1cn(CC3CN4CCC3CC4)c(-c3ccccc3F)c1-2,中毒,9.861986,36.510887
O=C1N(c2cc(Cl)cn(C3CC(O)C(O)C3)c2=O)C(c2ccc(Cl)cc2)c2cccc3c(-c4cn[nH]n4)cn1c23,中毒,7.3614655,15.303033
Clc1ccc(-n2c(-c3cn[nH]n3)nc3c2C3(c2ccc(Cl)cc2)c2cc(Cl)c(Cl)c(Cl)c2)cc1,中毒,3.0406673,31.248251
Fc1ccc(CNC2CCC3c4c(-c5c(Cl)cccc5Cl)cc(-c5cn[nH]n5)cc4C3C2)nc1,中毒,10.707489,26.463818
O=C1c2cc(-c3cn[nH]n3)[nH]c2C(c2ccc(F)cc2)N1c1cc(Cl)cn(C2CC(O)(CO)C2)c1=O,中毒,19.24008,11.513729
O=c1c(N2Cc3cc(-c4cn[nH]n4)n(-c4ccc(Cl)cc4)c3C2c2ccc(Cl)cc2F)cc(Cl)cn1C1CC(O)(CO)C1,中毒,19.24008,11.513729
O=C1C2CCC(N3C(=O)c4cc(-c5cn[nH]n5)oc4C3c3ccc(Cl)cc3)=CC(Cl)=CN12,中毒,24.883179,21.008743
NC(=O)c1nc(C2CC2)cc2cc(OCC3CCN(C4CC4)CC3)c(-c3cn[nH]n3)nc12,中毒,95.169044,21.787958
O=C1c2cc(-c3cn[nH]n3)n(-c3ccc(Br)cc3F)c2C(c2ccc(Cl)cc2)N1c1cc(Cl)cn(C2CC(O)(F)C2)c1=O,中毒,29.54402,11.513729
c1cc(-c2cc(NCCCOC3CCCO3)nc(-c3ccsc3)c2)c2ccc(-c3cn[nH]n3)cc2n1,中毒,4.539298,13.601167
O=S(=O)(Nc1ncc(N2CCOC2)nn1)c1ccc(Nc2ncc(C3=C4C=C(c5cn[nH]n5)N=C4C(N4CCOCC4)=N3)cn2)cc1Cl,中毒,7.7748003,24.936914
O=C1c2cc(-c3cn[nH]n3)nc(-c3cnc4ccc(Br)cn34)c2C(c2ccc(Cl)cc2)N1c1cc(Cl)cn(C2CC(O)(CO)C2)c1=O,中毒,7.4282966,12.110745
c1ccc2c(c1)CC2Nc1nc(-c2cn[nH]n2)c[nH]1,低毒,16.1536,33.046173
c1cc2c3c(c(-c4ccsc4)nc2cn1)NC(c1cn[nH]n1)C3,中毒,9.028102,11.458935
O=C1c2cc(-c3cn[nH]n3)c(Br)cc2C2(CCS2(=O)=O)C(c2ccc(Cl)cc2F)N1c1cc(Cl)cn(C2CC(O)C(O)C2O)c1=O,中毒,28.5805,33.378986
OC1=C(c2ccc3c(c2)OCO3)c2c(cc(-c3cn[nH]n3)cc2-c2c(Cl)cccc2Cl)C1,中毒,94.13775,20.356878
CN1C=C(N2C(c3ccc(Cl)cc3)c3c(cc(-c4cn[nH]n4)n3-c3ccc(Cl)cc3)CC3CCC32c2ccc(Cl)cc2)C2(CCC2)C1=O,中毒,15.856074,14.710186
Fc1ccc(Oc2nc(Nc3ccc4c(c3)OCO4)nc3c2cnn3-c2cn[nH]n2)c(Br)c1,中毒,14.024389,30.490286
O=c1c(N2COc3cc(-c4cn[nH]n4)n(-c4ccc(Cl)cc4Cl)c3C2c2ccc(Cl)cc2)cc(Cl)cn1C1CC(O)(CO)C1,中毒,59.929935,16.862432
O=C1c2nc(-c3cn[nH]n3)n(-c3cc(Cl)cc(Br)c3)c2C(c2ccc(Cl)cc2)N1c1cc(Cl)cn(C2CC(O)(CO)C2)c1=O,中毒,23.043425,34.717995
N#CCN1CCC(n2cc(Cl)cc(N3C(=O)c4cc(-c5cn[nH]n5)n(-c5ccc(F)cc5)c4C3c3ccc(Cl)cc3)c2=O)C1,中毒,22.121504,14.0600395
O=S1(=O)N=C(c2ccc(-c3ncc4c(n3)-c3cc(-c5cn[nH]n5)oc3C4)cc2)SC1c1cccnc1,中毒,12.139571,17.468637
O=C1c2c(Cl)c(Cl)c(Cl)c(Cl)c2CC2(c3ccc(Cl)cc3)N1c1cnc(-c3cn[nH]n3)cc1CC21CCCCC1,中毒,19.417976,10.712269
O=c1c(N2C(c3cccc(Cl)c3)c3c(-c4ccc(Cl)cc4)cc(-c4cn[nH]n4)cc3S2(=O)=O)cc(Cl)cn1C1CC(O)C(O)C1,中毒,9.825931,16.862432
NN1C(=O)N2CC(C3(O)CCOCC3)C1Cc1cc(-c3cn[nH]n3)cc(-c3cc(Cl)ccc3OCCCC3CCCN3)c1C2c1cccnc1,中毒,8.935674,21.906878
O=c1c(N2Cc3cc(-c4cn[nH]n4)c(=O)n(-c4ccc(Cl)cc4Cl)c3C2c2ccc(Cl)cc2)cc(Cl)cn1C1CC(O)(CO)C1,中毒,51.50488,12.110745
O=C1c2cc(-c3cn[nH]n3)n(-c3ccc(Cl)cc3)c2C(c2ccc(Cl)cc2)N1c1cc(Cl)cn(C2CCOCC2)c1=O,中毒,22.121504,13.466203
O=C1c2cc(-c3cn[nH]n3)n(-c3ccc(Cl)cc3F)c2C(c2ccc(Cl)s2)N1c1cc(Cl)cn(C2CC(O)C(O)C2)c1=O,中毒,13.346145,11.513729
O=S1(=O)CCC1(CCC1=C(c2nc3ccc(Br)cc3o2)c2sc(-c3cn[nH]n3)cc2C1)N1CCOCC1,中毒,28.345415,22.975733
Oc1nccc(-c2oc3ccc(-c4c(-c5ccc(Cl)cc5)cnc5occ(-c6cn[nH]n6)c45)cc3c2Br)n1,中毒,33.987904,17.474953
O=C1c2cc(-c3cn[nH]n3)cc(-c3c[nH]c4ccncc34)c2N1c1cc(Cl)cn(C2CC(O)C(O)C2)c1=O,中毒,19.569666,18.239529
c1nc2[nH]c(-c3c[nH]nn3)nc2cc1-c1cn[nH]n1,中毒,4.862613,122.39261
O=c1cc(Oc2cc3c(cc2-c2cn[nH]n2)CCN(c2ncc(Cl)cn2)C3)c2ccnc(Cl)c2n1C1CCS(=O)(=O)C1,中毒,15.063274,13.503714
O=C1c2cc(-c3cn[nH]n3)oc2C(c2ccc(Cl)cc2)(c2ccc(Cl)cc2C(F)(F)F)N1c1cc(Cl)cn(C2CC(O)(CO)C2)c1=O,中毒,11.642886,28.945686
O=C1c2cc(-c3cn[nH]n3)n(-c3ccc(Cl)c(Cl)c3)c2C(c2ccc(Cl)cc2)N1c1cc(Cl)cn(C2CC(O)C(O)C2O)c1=O,中毒,14.882899,11.513729
O=C1N(c2cc(Cl)cn(C3CC(O)(CO)C3)c2=O)C(c2ccc(Cl)cc2)c2cnn(-c3cc(Cl)cc(Cl)c3)c2C2CC12c1cn[nH]n1,中毒,14.720647,13.503714
Fc1ccc(-n2c(-c3cn[nH]n3)cc3c2Cc2nc(N4CCOCC4)nc(-c4cccc(Cl)c4)c2-3)cc1,中毒,13.864566,19.37167
Clc1ccc(-c2nc3ccnn3c(-c3ccc(Cl)cc3)c2-c2cn[nH]n2)cc1,中毒,6.2111635,45.479164
O=c1c(N2Cc3cc(-c4cn[nH]n4)cc(-c4ccncc4)c3C2c2ccc(Cl)cc2F)cc(Cl)cn1C1CC(O)(CO)C1,中毒,5.093859,8.960914
[O-][n+]1cc(Cl)cc(N2C3C4=CC(OC5CCOCC5)=CC=C3N(CC4)c3cc(-c4cn[nH]n4)n(-c4ccc(Br)cc4F)c3C2c2ccc(Cl)cc2)c1,中毒,17.475342,13.503714
Fc1cc(Cl)c(Nc2nc(C3CC3)nc3cc(-c4cn[nH]n4)ccc23)cc1F,中毒,8.282809,28.350302
Clc1cnc(N2CCc3c(-c4n[nH]c(-c5ccsc5)n4)cc(-c4cn[nH]n4)nc3C2)c(Cl)c1,中毒,17.823833,23.10993
O=C1c2cc(-c3cn[nH]n3)n(-c3ccc(Cl)cc3)c2C(c2ccc(Cl)cc2)N1c1cc(Cl)cn(C2CC(O)C(OO)C2)c1=O,中毒,14.882899,11.513729
O=C1c2cc(-c3cn[nH]n3)n(-c3ccc(Cl)cc3F)c2C(c2ccc(C#CC(F)F)cc2)N1c1cc(Cl)cn(C2CC(O)(CO)C2)c1=O,中毒,12.488247,11.513729
O=S(=O)(F)c1ccc(-n2cc(-c3cn[nH]n3)c3c(-c4cncc(Cl)c4)nc(N4CCC(F)(C(F)(F)F)SC4)c(F)c32)cc1,中毒,17.225803,12.992805
O=C1c2nc(-c3cn[nH]n3)sc2C(c2ccc(Cl)cc2Cl)N1c1cc(Cl)cn(C2CC(O)(CO)C2)c1=O,中毒,36.83937,28.20462
ClC1=CC=C2C3c4cc(-c5cn[nH]n5)n(-c5ccccc5)c4C(c4ccc(Cl)cc4)N(c4ccc(Cl)cc4)C2C(=C1)C3c1ccc(Cl)cc1,中毒,29.275309,22.077744
O=c1c(N2C(O)c3cc(-c4cn[nH]n4)n(-c4ccc(F)cc4F)c3C2c2ccc(Cl)cc2)cc(Cl)cn1C1CC(O)(CO)C1O,中毒,26.991571,12.110745
O=c1c(N2Cc3cc(-c4cn[nH]n4)n(-c4ccc(F)c(Cl)c4F)c3C2c2ccc(Cl)cc2Cl)cc(Cl)cn1C1CC(O)(CO)C1,中毒,20.18954,11.513729
N#Cc1cc(N2Cc3cc(-c4cn[nH]n4)n(-c4ncc(Cl)cc4F)c3C2c2ccc(Cl)cc2)c(=O)n(C2CC(O)(CO)C2O)c1,中毒,15.763229,11.513729
c1ccc2c(c1)N=C(c1nc3c(N4CCNCC4)cccc3s1)C1CC(c3cn[nH]n3)=C1N2,中毒,18.934282,16.553663
c1cc2c(-c3nc(N4CCOC5(COC5)C4)nc4cc(-c5cn[nH]n5)cn34)cnn2nn1,中毒,10.073204,158.35071
Clc1nc2ccc(Br)cc2cc1-c1nc(COc2cc(-c3cn[nH]n3)cc3[nH]c(C4CC4)nc23)cs1,中毒,10.361137,36.985058
COc1c(-c2cc(N3C=NCC3)nc(N3CCOCC3)c2)c(-c2cn[nH]n2)cn2c(-c3cn[nH]c3)cnc12,中毒,37.74671,35.608475
Oc1ccc(C2=C(c3cn[nH]n3)c3ncnc(-n4cnc(-c5ccnc(C6CC6)n5)c4)c3CC2)cc1,中毒,29.178156,44.86334
Fc1ncccc1-c1nc(-c2ccncc2)c(-c2cc3c(cc2-c2cn[nH]n2)CCNCC3)s1,中毒,8.3900175,21.346369
O=c1c(N2C[n+]3cc(-c4cn[nH]n4)sc3C2c2cccs2)cc(Cl)cn1C1CC(O)(CO)C1O,中毒,6.96068,11.513729
c1cc(CCOc2ccc3sc(-c4cn[nH]n4)nc3c2)cnn1,中毒,174.59923,30.827696
Clc1ccc(-n2c(-c3cn[nH]n3)cc3c2-c2sc(Br)c(Br)c2C3c2ccc(-c3ccncc3)cc2)cc1,中毒,19.619535,22.678667
Fc1ccc2c(Nc3ccc(-c4cn[nH]n4)cc3)nc3c(-c4csc(C(F)(F)F)c4)c(Cl)cnc3c2c1,中毒,6.8769007,11.313916
O=C1c2cc(-c3cn[nH]n3)n(-c3ccc(Cl)cc3)c2C(c2ccc(N(CCF)CCF)cc2)N1c1cc(Cl)cn(C2CC(O)(CO)C2)c1=O,中毒,14.882899,11.343716
O=C1c2cc(-c3cn[nH]n3)n(-c3ccc(Cl)nc3Cl)c2C(c2ccc(Cl)cc2)N1c1cc(Cl)cn(C2CC(O)C(O)C2)c1=O,中毒,18.205946,11.513729
O=C1c2cc(-c3cn[nH]n3)c(Cl)nc2C(c2ccc(Cl)cc2)N1c1cc(Cl)cn(C2CC(O)(CO)C2)c1=O,中毒,13.216523,12.087409
O=c1c2c([nH]c3cc(Cl)ccc13)-c1c(cc(-c3cn[nH]n3)n1-c1ccc(F)cc1F)CC1CCC(C2)N1,中毒,6.354971,44.721333
O=C1NCc2[nH]c(-c3cc(N4CC5C(O)C5C4)c(-c4c[nH]c5ncc(-c6cn[nH]c6)cc45)c4cc(-c5cn[nH]n5)ccc34)cc21,中毒,28.453318,22.804161
O=C1N=C(c2cn[nH]n2)C=C2SC(c3ccnc(Oc4cc(F)cc(F)c4)c3Cl)=C12,中毒,3.7849143,10.785887
c1ccc2c(c1)oc1cc(-c3nc4cc(-c5cn[nH]n5)ccc4[nH]3)ccc12,中毒,17.41666,203.6786
C1=C2COCCC3CCN3CC(c3cnc4[nH]nc(-c5cnn(CC6CC6)c5)c4c3)=C2C=C1c1cn[nH]n1,中毒,12.964112,22.878477
c1cc(-c2cc(-c3ccoc3)c3c(-c4cn[nH]n4)c[nH]c3n2)cc(Nc2ccc3[nH]ncc3c2)n1,中毒,9.804901,58.88032
O=C1c2ncc(-c3cn[nH]n3)c(-c3ccoc3)c2C(c2ccc(Cl)cc2)N1c1cc(Cl)cn(C2CC(O)(CO)C2)c1=O,中毒,59.929935,12.110745
Fc1ccc(F)c(C2c3cc(-c4cn[nH]n4)sc3CC2Nc2ccc(-c3cnn(C4CCNCC4)c3)nn2)c1F,中毒,4.948712,38.37457
O=C1c2cc(-c3cn[nH]n3)oc2C(c2cccs2)N1c1cc(Cl)cn(C2CC(O)(CO)C2)c1=O,中毒,12.727654,22.6077
Fc1ccc2n3c(-c4cn[nH]n4)cc(cc1Cl)c3C(c1ccc(Cl)cc1)N(c1cc[nH]n1)C21CCNCC1,中毒,45.997528,20.807077
O=C1c2cc(-c3cn[nH]n3)n(-c3ccc(Cl)cc3F)c2C(c2ccc(Cl)cc2)N1c1cc(Cl)cn2nc(-c3ccoc3)cc12,中毒,25.896519,14.872902
O=C(N1CCC(Oc2noc(-c3ccoc3C(F)(F)F)c2Cl)CC1)N1CCc2cc(-c3cn[nH]n3)cc(-c3c(Cl)cccc3Cl)c2C1,中毒,64.74736,18.60509
O=c1c(N2C(=NBr)c3cc(-c4cn[nH]n4)n(-c4ccc(Cl)cc4F)c3C2c2ccc(Cl)cc2)cc(Cl)cn1C1CC(O)C(O)C1,中毒,15.763229,13.466203
O=c1c(-c2cn[nH]n2)nc2cnc(NCc3cc4ccccc4o3)nc2n1C1CCCCC1,中毒,9.643097,36.69792
O=c1c(N2Cc3cc(-c4cn[nH]n4)n(-c4ccc(F)c(Cl)c4F)c3C2c2cccc(Cl)c2)cc(Cl)cn1C1CC(O)(CO)C1,中毒,15.763229,11.513729
O=C1c2ccc(F)c(Cl)cc3cc(-c4cn[nH]n4)n2c3C(c2ccc(Cl)cc2)N2C(=O)C2=CC(Cl)=CN1C1CC(O)(CO)C1,中毒,22.80562,12.652781
c1cc(-c2c(Nc3ccc(N4CCOCC4)cc3)nc(N3CCOC(c4ccsc4)C3)nc2-c2cn[nH]n2)[nH]n1,中毒,12.6198225,17.723036
FC(F)(F)CN1CCC(c2c3cc4n2CC2=CC(c5cn[nH]n5)=CC2=C4CNC3)CC1,中毒,12.970537,54.591965
O=S(=O)(O)Nc1ccc(N2Cc3c(-c4cn[nH]n4)coc3C2c2cc(Cl)cc(-c3cc[nH]n3)c2)cc1,中毒,56.02063,40.789173
O=c1c(N2Cc3cc(-c4cn[nH]n4)n(-c4ccc(Cl)cc4F)c32)cc(Cl)cn1C1CC(O)(CO)C1,中毒,46.28395,33.69392
FC(F)(F)c1cc(CN2Cc3cc(-c4cn[nH]n4)sc3CC2c2cnc(-c3cnc(N4CCOCC4)cn3)c(Cl)c2)cc(C(F)(F)F)c1,中毒,6.105985,22.960052
O=C1c2nc(-c3cn[nH]n3)nc(N(C3CCOCC3)C3CC3)c2C(c2ccc(Cl)cc2)N1c1cc(Cl)cn(C2CC(O)(CO)C2)c1=O,中毒,27.094715,13.466203
Fc1cccc(CCc2ccnc3c2Cc2sc(-c4cn[nH]n4)nc2-3)c1,中毒,8.086735,12.522095
O=C1c2cc(-c3cn[nH]n3)n(O)c2C(c2cccc(Cl)c2)N1c1cc(Cl)cn(C2CC(O)(CO)C2)c1=O,中毒,11.688109,13.466203
O=C1c2nc(-c3cn[nH]n3)cc(-c3c[nH]c4ncc(Cl)cc34)c2C(c2ccc(Cl)cc2)N1c1cc(Cl)cn(C2CC(O)(CO)C2)c1=O,中毒,39.425797,12.110745
O=C1c2cc(-c3cn[nH]n3)cc(-c3c(Cl)cccc3Cl)c2N1c1cc(Cl)cn(C2CC(O)(CO)C2)c1=O,中毒,38.86924,18.239529
Fc1ccc(N2CCN3C(c4ccc(Cl)cc4)c4c(cc(-c5cn[nH]n5)cc4-c4c(Cl)cccc4Cl)CC4(CCC34)C2Cl)cc1,中毒,6.931066,15.35297
O=c1c(N2Cc3cc(-c4cn[nH]n4)n(-c4cc(F)cc(Cl)c4Cl)c3C2c2ccc(Cl)cc2)cc(Cl)cn1C1CC(O)(CO)C1,中毒,24.385923,11.513729
O=C1c2cc(-c3cn[nH]n3)n(-c3ccc(I)cc3)c2C(c2ccc(Cl)cc2)N1c1cc(Cl)cn(C2CC(O)(CO)C2)c1=O,中毒,14.882899,11.513729
O=C1c2cc(-c3cn[nH]n3)n(-c3cc(Cl)cc(Cl)c3)c2C(c2ccccc2)N1c1cc(Cl)cn(C2CC(O)(CO)C2)c1=O,中毒,14.882899,11.513729
O=C1c2cc(-c3cn[nH]n3)c(-c3ccccc3Cl)nc2C(c2ccc(Cl)cc2)N1c1cc(Cl)cn(C2CC(O)(CO)C2)c1=O,中毒,13.216523,12.087409
c1cc(-c2nc(NC(c3ccncc3)C3CC3)c3ccc(-c4cn[nH]n4)cc3n2)ccn1,中毒,54.74049,196.97687
Clc1cccc(C2Cc3cc4nc(-c5cn[nH]n5)nc(Nc5cccnc5)c4cc3CO2)c1,中毒,18.310535,126.18769
Clc1ccc(-n2nc(-c3ccccc3)c(-c3cn[nH]n3)c2-c2cc3c(cc2Cl)OCCO3)cc1,中毒,54.122658,54.67383
O=c1[nH]c2cc(F)cc(OC3CCN(CCO)C3)c2nc1-c1cn[nH]n1,低毒,413.61697,22.278618
FC(F)(F)Oc1ccc(Cl)c(CN2Cc3nc(-c4cn[nH]n4)cc(-c4c[nH]c5ncccc45)c3C2)c1,中毒,4.3737464,18.001245
O=C1c2cc(-c3cn[nH]n3)cc(-c3ccc(Cl)cc3Cl)c2CC(c2ccc(Cl)cc2)N1c1cc(Cl)cn(C2CC(O)(CO)C2)c1=O,中毒,22.081963,19.79431
O=c1cc(-c2ccc(Cl)cc2)c2cnc(-c3cn[nH]n3)cc2n1C1CCC(Nc2ncc3ccc(-c4cncc(F)c4)cc3n2)C1,中毒,40.433697,59.18408
c1nc(N2CC3OCC(NC4CC4)C3C2)ncc1-c1cn[nH]n1,中毒,15.828435,30.16643
Clc1ccc(-n2c(-c3cn[nH]n3)cc3c2-c2cc(-c4cc(-c5cccs5)on4)nc(-c4cc(Cl)cc(Cl)c4)c2CC3)cc1,中毒,29.667698,54.7967
CC1COCCN1c1nc(-c2ccc3[nH]ncc3c2)nc2c(-c3cn[nH]n3)cc(NC3CCN(C4CCOC4)C3)cc12,中毒,7.413872,21.613455
FC1=C(c2cn[nH]n2)C=C2CN(C3CCOCC3)CC(c3nc4ccc(Cl)cc4s3)=C21,中毒,139.20752,18.300611
O=C1c2cc(-c3cn[nH]n3)cc(-c3c(Cl)cccc3Cl)c2CC(c2ccc(Cl)cc2F)N1c1cc(Cl)cn(C2CC(O)(CO)C2)c1=O,中毒,15.809174,17.379768
O=c1cc(C2=C3C=C(c4cn[nH]n4)C=C3C2)sc2cc(-c3ccco3)nn12,中毒,41.52607,37.104393
O=C1c2nc(-c3cn[nH]n3)c(-c3cc(Cl)ccc3Cl)n2C(c2ccc(Cl)cc2)N1c1cc(Cl)cn(C2CC(F)(F)C2)c1=O,中毒,32.89926,15.210127
Fc1cc(-c2c3cc(-c4cn[nH]n4)oc3nc3cccc(F)c23)ccc1Oc1cccc2c1CCN(C1COC1)C2,中毒,23.324587,23.176523
Fc1cc2ncnc(NC3C=C4C=C=CSC4C3)c2cc1-c1cn[nH]n1,中毒,14.156578,42.654274
Clc1ccc(C2CN(c3cc(Cl)c4nonc4c3)C(c3ccc(Cl)cc3)c3c(-c4c(Cl)cccc4Cl)cc(-c4cn[nH]n4)cc32)cc1,中毒,12.664851,21.979149
O=C1c2cc(-c3cn[nH]n3)n(-c3c(Cl)cccc3Cl)c2C(c2ccccn2)N1c1cc(Cl)cn(F)c1=O,中毒,54.277576,14.0600395
c1n[nH]nc1-c1cc2nc3c(c(-c4cc(C5CC5)no4)n2c1)CCNC3,中毒,25.66563,29.114138
O=C1c2cc(-c3cn[nH]n3)n(-c3ccc(C(F)(F)F)cc3)c2C(c2ccncc2)N1c1cc(Cl)cn(C2CC(O)(CO)C2)c1=O,中毒,14.882899,11.513729
O=C1c2cc(-c3cn[nH]n3)[nH]c2C(c2ccc3c(c2)OCO3)N1c1cc(Cl)cn(C2CC(O)C(O)C2)c1=O,中毒,7.4282966,13.466203
Clc1cc(Cl)cc(C2(c3c4c(-c5cn[nH]n5)nc-4c3C(c3ccco3)N3NCCCS3)CC3C=NCC3C2)c1,中毒,13.06042,14.0600395
O=C1c2cc(-c3cn[nH]n3)c(-c3cc(Cl)ccc3Cl)nc2N1c1cc(Cl)cn(C2CC(O)(CO)C2)c1=O,中毒,13.782432,14.418226
O=C1c2[nH]nc(-c3cn[nH]n3)c2C(c2ccc(C(F)(F)F)cc2)N1c1cc(Cl)cn(C2CC(O)(CO)C2)c1=O,中毒,6.532791,13.466203
Fc1cc(OCCc2nnc[nH]2)cc2c(-c3cn[nH]n3)cc3c(-c4ccc5c(c4)OCO5)ncnc3c12,中毒,15.469614,11.8578825
O=C1c2cc(-c3cn[nH]n3)c(Nc3ccc(Cl)c(Cl)c3)nc2C(c2ccc(Cl)cc2)N1c1cc(Cl)cn(C2CC(O)(CO)C2)c1=O,中毒,13.216523,14.418226
O=C1c2cc(-c3cn[nH]n3)n(-c3ccc(F)cc3)c2C(c2ccccc2)N1c1cc(Cl)cn(C2CC(O)(CO)C2)c1=O,中毒,14.882899,11.513729
O=C1c2nc(-c3cn[nH]n3)nc(-c3c[nH]c4ccccc34)c2C(c2cccnc2)N1c1cc(Cl)cn(C2CC(O)(CO)C2)c1=O,中毒,18.990976,13.466203
c1cc(-c2ccc3c(c2)C2(c4ccsc4)CCN(CC4CC4)C2Cc2nnc(-c4cn[nH]n4)n2-3)co1,中毒,10.599549,24.54533
O=S1(=O)CC(c2ccc(Cl)cc2)c2cc(-c3cn[nH]n3)c(Nc3ccc(Cl)cc3)nc21,中毒,48.476116,49.39617
O=C1c2cc(-c3cn[nH]n3)n(-c3c(F)cc(C(F)(F)F)cc3Cl)c2C(c2ccc(Cl)cc2Cl)N1c1cc(Cl)cn(C2CC(O)(CO)C2)c1=O,中毒,15.540574,13.466203
c1ccc2c(CCN3CC4CC(CN(Cc5ncon5)c5ncc6cc(-c7cn[nH]n7)ccc6n5)C4C3)c[nH]c2c1,中毒,2.4692307,47.670147
O=C1c2nc(-c3cn[nH]n3)n(-c3cccnc3)c2C(c2ccc(Cl)cc2)N1c1cc(Cl)cn(C2CC(O)(CO)C2)c1=O,中毒,23.043425,34.717995
O=C1c2cc(-c3cn[nH]n3)n(-c3cc(Cl)cc(I)c3)c2C(c2ccc(Cl)cc2)N1c1cc(Cl)cn(C2CC(O)(CO)C2)c1=O,中毒,14.882899,11.513729
O=C1c2cc(-c3cn[nH]n3)n(-c3ccc(Cl)c(Cl)c3)c2C(c2ccc(Cl)cc2)N1c1cc(Cl)cn(C2CC(O)C(O)C(O)C2)c1=O,中毒,14.882899,11.513729
O=C1c2cc(-c3cn[nH]n3)cc(-c3c(Cl)cccc3Cl)c2CCC(c2ccc(F)cc2)N1c1cc(Cl)cn(C2CC(O)(CO)C2)c1=O,中毒,5.550741,16.862432
c1cc(CNC2CN(Cc3nc(-c4cn[nH]n4)no3)C2)co1,微毒,46.037014,38.296513
O=C1c2cc(-c3cn[nH]n3)sc2C(c2cccs2)N1c1cc(Cl)cn(C2CC(O)(CO)C2)c1=O,中毒,6.7934685,8.519041
O=C1c2nc(-c3cn[nH]n3)nc(N3C4CCC3COC4)c2C(c2ccc(Cl)cc2)N1c1cc(Cl)cn(C2CC(O)(CO)C2)c1=O,中毒,27.094715,13.466203
O=C1c2nc(-c3cn[nH]n3)n(-c3ccc(Cl)c(OCc4c(F)cccc4F)c3)c2C(c2ccc(Cl)cc2F)N1c1cc(Cl)cn(C2CCOCC2)c1=O,中毒,38.86365,13.466203
Clc1ccc(-n2c(-c3cn[nH]n3)cc3c4ccc(Cl)cc4c(-c4ccc(Oc5ccnn5-c5ccccc5)cc4)c(Cl)c32)cc1,中毒,17.229662,34.14515
O=c1c(N2Nc3cc(-c4cn[nH]n4)cc(-c4c(Cl)cccc4Cl)c3C2c2ccc(Cl)cc2)cc(Cl)cn1C1CC(O)(CO)C1,中毒,16.889458,10.425424
O=c1c(N2Cc3cc(-c4cn[nH]n4)n(-c4ccc(F)cc4F)c3C2c2ccc(Cl)cc2)cc(Cl)cn1C1CC(O)C(O)C1O,中毒,15.763229,11.513729
O=c1c(N2C(O)c3cc(-c4cn[nH]n4)n(-c4cc(F)c(F)cc4F)c3C2c2ccc(Cl)cc2)cc(Cl)cn1C1CC(O)(CO)C1,中毒,26.991571,12.110745
O=C1c2cc(-c3cn[nH]n3)n(-c3ccc(F)cc3OCC(F)(F)CF)c2C(c2ccc(Cl)cc2)N1c1cc(Cl)cn(C2CC(O)C(O)C2O)c1=O,中毒,38.99518,13.466203
O=C1c2cc(-c3cn[nH]n3)n(-c3ccc(C(F)(F)F)cc3F)c2C(c2cccc(F)c2)N1c1cc(Cl)cn(CC2CC2)c1=O,中毒,17.272402,14.710186
O=C1c2cc(-c3cn[nH]n3)c(-c3ccc(F)c(C4CCOCC4)c3)nc2C(c2ccc(Cl)cc2)N1c1cc(Cl)cn(C2CC(O)(CO)C2)c1=O,中毒,13.216523,14.418226
O=c1c(N2Cc3cc(-c4cn[nH]n4)n(-c4ccc(-c5csc(-c6cccnc6)c5)cc4)c3C2c2ccc(Cl)cc2)cc(Cl)cn1C1CC(O)(CO)C1,中毒,43.074,12.110745
O=C1c2nc(-c3cn[nH]n3)c(CO)c(-c3c(Cl)cccc3Cl)c2C(c2ccc(Cl)cc2)N1c1cc(Cl)cn(C2CC(O)(CO)C2)c1=O,中毒,51.50488,13.503714
c1cc(CN2CCc3cc(-c4cn[nH]n4)[nH]c3CC2)n[nH]1,中毒,38.677826,71.43461
O=C1N(c2cc(Cl)cn(C3CC(O)(CO)C3)c2=O)C(c2ccc(Cl)cc2)c2c(-c3ccc(Cl)cc3F)c(-c3cn[nH]n3)cn21,中毒,4.780019,13.466203
O=C1N(c2cc(Cl)cn(C3CC(O)(CO)C3)c2=O)C(c2ccc(Cl)cc2)c2c(-c3ccnc(-c4cc5ccccc5s4)c3)c(-c3cn[nH]n3)cn21,中毒,9.342797,15.303033
NC(=O)c1cc(N2C3C4=CC(Cl)=CC=C3C(=N4)c3cc(-c4cn[nH]n4)n(-c4ccc(Cl)cc4)c3C2c2ccc(Cl)cc2)cs1,中毒,36.175117,15.967391
O=C1c2nc(-c3cn[nH]n3)cc(-c3ccc(Cl)cc3Cl)c2C(c2ccc(Cl)cc2)N1c1cc(Cl)cn(C2CC(O)(CO)C2)c1=O,中毒,37.24519,12.110745
Clc1ccc(Nc2cc(-c3cn[nH]n3)nc3c4c(sc23)C(c2ccc3nonc3c2)ON=C(c2csc(C3CCCCC3)c2)C4)cc1,中毒,30.598307,52.437134
Fc1cncc(-c2cc3c(-c4cn[nH]n4)cn(-c4ccc5c(c4)OCO5)n3n2)c1N1CCOCC1,中毒,37.03991,21.1504
N=c1c(N2C(=O)c3cc(-c4cn[nH]n4)n(-c4ccc(F)cc4)c3C2c2ccc(Cl)cc2F)cc(Cl)cn1C1CC(O)(CO)C1,中毒,14.882899,13.466203
O=C1c2c(c3nc(Cc4cn[nH]c4)nc(Cl)c3c(=O)n2-c2cn[nH]n2)C(c2ccc(Cl)cc2F)N1c1cc(Cl)cn(C2CC(O)(CO)C2)c1=O,中毒,23.352907,14.418226
Fc1ccc(OC2CNCC(C(Nc3cn[nH]n3)c3ccc(-c4cc5ccccc5[nH]4)cc3)C2)nc1,中毒,9.252719,32.648792
c1n[nH]nc1-c1cc2n(n1)CCCN(C1CC1)C2c1nc(C2CCOC2)no1,中毒,19.709143,12.521975
O=c1c2c3c(sc2nc(-c2cn[nH]n2)n1-c1ccc(F)cc1F)CC(NCc1cc(C(F)(F)F)ccc1F)C3,中毒,15.736784,21.952528
O=C1c2ccc(-c3cn[nH]n3)cc2C(=Nc2ccc(F)c(Cl)c2)C(c2ccc(Cl)cc2)N1c1cc(Cl)cn(C2CC(O)(CO)C2)c1=O,中毒,18.215044,34.717995
O=C1c2cc(-c3cn[nH]n3)n(-c3ccc(Cl)cc3)c2C(c2ccc(-c3ccccn3)cc2)N1c1cc(Cl)cn(C2CC(O)(CO)C2)c1=O,中毒,14.882899,11.513729
Fc1ccc2c(c1)-c1cc(-c3cn[nH]n3)n(-c3ccc(Cl)cc3F)c1C(c1ccc(Cl)cc1)N2,中毒,15.17975,21.750744
O=C1NCCCc2c1[nH]c1ccc(S(=O)(=O)N3CCC(Cc4cn[nH]n4)C3)cc21,中毒,13.300034,7.985802
FC(F)(F)Oc1nc(-c2cc(Cl)c3c(c2)OCc2sc(-c4cn[nH]n4)nc2-3)no1,中毒,3.5200157,9.673041
O=C1c2cc(-c3cn[nH]n3)nc(-c3c(Cl)cccc3Cl)c2C(c2ccc(Cl)cc2)N1c1cc(Cl)cn(C2CC(O)C(O)C2)c1=O,中毒,7.4282966,12.110745
O=C1c2cc(-c3cn[nH]n3)c(-c3ccc(F)c(Cl)c3)n2C(c2ccc(Cl)cc2)N1c1cc(Cl)cn(C2CC(O)C(CO)C2)c1=O,中毒,27.094715,13.503714
O=C(c1coc2c(-c3cn[nH]n3)nc3cc(-c4ccsc4)ccc3c12)N1CCC2(CCNC2)CC1,中毒,30.065948,61.108677
O=C1c2cc(-c3cn[nH]n3)n(-c3ccc(Cl)cc3)c2C(c2ccc(Cl)cc2)N1c1cc(Cl)cn(C2(CF)CCOC2)c1=O,中毒,22.121504,13.466203
O=C1c2cc(-c3cn[nH]n3)n(-c3ccc(F)cc3F)c2C(c2ccc(Cl)cc2)N1c1cc(Cl)cn(C2CC(O)(O)C2)c1=O,中毒,12.488247,11.513729
Clc1ccc(C2NCc3nc(-c4cn[nH]n4)c(Cc4cc5ccccc5s4)c(-c4cccs4)c3S2)cc1,中毒,8.161001,18.157457
Clc1ccc(C2c3cc(-c4cn[nH]n4)n(-c4cc(Cl)c(Cl)cc4Cl)c3N2c2cc(Cl)nc(Cl)c2)cc1,中毒,68.50843,48.463875
Clc1cc(I)cc2c1nc(-c1ccnc3ccccc13)c1c(Br)c(-c3cn[nH]n3)ccc12,低毒,8.770797,8.021737
O=c1c(N2Cc3nc(-c4cn[nH]n4)n(C4CC4)c3C2c2ccc(Cl)cc2)cc(Cl)cn1C1CC(O)(CO)C1,中毒,12.939539,14.891448
O=C(CO)N1CCC(n2cc(Cl)cc(N3C(=O)c4cc(-c5cn[nH]n5)n(-c5ccc(Cl)cc5)c4C3c3ccc(Cl)cc3)c2=O)C1=O,中毒,38.99518,12.110745
OC1(c2cc(C3=C4C=C(c5cn[nH]n5)N=C4C4CC34)c3ccncc3n2)CCOCC1,中毒,17.379845,22.396967
O=c1c(N2Cc3cc(-c4cn[nH]n4)n(-c4ccc(Cl)cc4)c3C2c2ccc(Cl)c3c2OCO3)cc(Cl)cn1C1CC(O)(CO)C1,中毒,15.763229,13.503714
Clc1cc2c(cc1Nc1ccc(-c3cccnc3)cn1)CCc1nnc(-c3cn[nH]n3)nc1-2,中毒,79.10479,70.47417
c1cnnc(Nc2nccc(-c3c(Oc4cc(-c5cn[nH]n5)cs4)coc3-c3ccco3)n2)c1,中毒,9.406326,19.823862
O=C1c2cc(-c3cn[nH]n3)c(-c3ccnc(Cl)c3)n2C(c2ccc(Cl)cc2)N1c1cc(Cl)cn(C2CC(O)C(O)C2)c1=O,中毒,19.951618,13.503714
OC1CCN(c2nc(-c3cn[nH]n3)cc(N3CCn4cnc(C5CCS5)c4C3)n2)C1,中毒,86.06876,13.441368
O=c1c2cc(-c3cn[nH]n3)ccc2ncn1-c1ccc(Oc2c(F)ccc(F)c2Br)cc1,低毒,5.0408297,137.38368
CN1CCC(n2cc(Cl)cc(N3C(=O)c4cc(-c5cn[nH]n5)n(-c5ccc(F)c(Cl)c5)c4C3c3ccc(Cl)cc3)c2=O)CC1,中毒,22.121504,14.0600395
O=C1c2cc(-c3cn[nH]n3)sc2C(Nc2ccn(Cc3ccncn3)n2)C(c2ccc(Cl)cc2Cl)N1c1cc(Cl)cn(C2CC(O)(CO)C2)c1=O,中毒,41.769672,14.79773
Oc1cnc2nc(-c3cn[nH]c3)n3cc(-c4cn[nH]n4)nc3c2c1O,中毒,16.756376,59.04168
O=C1c2cc(-c3cn[nH]n3)c(Nc3cccc(Cl)c3)nc2C(c2ccc(Cl)cc2)N1c1cc(Cl)cn(C2CCC(O)(CO)C2)c1=O,中毒,13.216523,14.418226
Clc1cc2nc(NCCc3cn[nH]c3)cc(C3=C4C=C(c5cn[nH]n5)C=C4CNC3)c2cc1OC1CCOCC1,中毒,31.794142,42.36754
O=c1c2c(N3CC4COCC4C3)nc(-c3ccc(C(F)(F)F)cn3)cc2nc(-c2cn[nH]n2)n1-c1ccc(-c2ncn[nH]2)cc1,中毒,10.760594,19.983128
O=C1c2nc(-c3cn[nH]n3)cc(-c3cc(F)c4nc[nH]c4c3)c2C(c2ccc(Cl)cc2)N1c1cc(Cl)cn(C2CC2)c1=O,中毒,26.902124,14.0600395
O=C1c2cc(-c3cn[nH]n3)cc(-c3c[nH]c4ncccc34)c2CC(c2cccnc2)N1c1cc(Cl)cn(C2CC(O)(CO)C2)c1=O,中毒,33.033947,16.230408
O=C1c2cc(-c3cn[nH]n3)c(-c3c(Cl)cccc3Cl)n2C(c2cccc(Cl)c2)N1c1cc(Cl)cn(C2CC(O)(CO)C2)c1=O,中毒,32.68572,13.503714
Fc1nc2c(cc1Cl)oc1c(-c3c(Cl)cc(Cl)cc3Cl)cc(-c3cn[nH]n3)cc12,中毒,5.7463117,72.176125
Clc1ccc(C2c3c(cc(-c4cn[nH]n4)n3-c3cc(Cl)cc(Cl)c3)C3(Cc4ccc(I)cc4C3)N2c2ccc(Cl)cc2)cc1,中毒,22.035963,23.107658
O=C1C=C(N2Cc3cc(-c4cn[nH]n4)n(-c4cc(Cl)cc(C(F)(F)F)c4)c3C2c2ccc(Cl)cc2)CCC2CN12,中毒,18.264595,18.626408
O=C1c2ccccc2Cc2oc3cc4oc(-c5cn[nH]n5)c(Cc5ccco5)c4c(Cl)c3c21,中毒,12.435627,61.2679
O=c1c2nc(-c3nc(CCO[N+](=O)[O-])cs3)sc2c2cc(-c3cn[nH]n3)[nH]c2c(=O)n1C1CC1,中毒,33.856895,54.246105
NCC1(O)CC(n2cc(Cl)cc(N3C(=O)c4cc(-c5cn[nH]n5)n(-c5ccc(Cl)cc5F)c4C3c3ccc(Cl)cc3)c2=O)C1,中毒,25.244574,11.513729
FC(F)(F)C(C#Cc1ncc(-c2ccns2)s1)c1ncnc2[nH]cc(-c3cn[nH]n3)c12,低毒,4.251937,31.366222
O=C1c2cc(-c3cn[nH]n3)n(-c3ccc(Oc4cccc(F)c4F)cc3)c2C(c2ccc(Cl)cc2)N1c1cc(Cl)cn(C2CC(O)(CO)C2)c1=O,中毒,38.99518,11.513729
OC1C=C(c2ccc3c(c2)oc2cc(-c4ccc(Cl)cn4)c(-c4cn[nH]n4)cc23)CC(O)C1O,中毒,9.093737,21.723547
O=C1c2nc(-c3cn[nH]n3)c(-c3ccc(Cl)cc3)n2C(c2ccc(C(F)(F)F)cc2)N1c1cc(Cl)cn(C2CC(O)(CO)C2)c1=O,中毒,32.68572,13.447941
O=c1c(N2Cc3cc(-c4cn[nH]n4)n(-c4cc(F)c(F)cc4F)c3C2c2ccc(Cl)cc2)cc(Cl)cn1C1CC(O)(CO)C1,中毒,15.763229,11.513729
O=c1[nH]c(-c2cn[nH]n2)nc2c1CN(c1c(Cl)cncc1Cl)C2,低毒,9.487071,28.326904
O=C1c2nc(-c3cn[nH]n3)c(Oc3ccc(Cl)cc3)c(-c3ccc(Cl)cc3)c2N1c1cc(Cl)cn(C2CC(O)C(O)C2)c1=O,中毒,28.629448,13.503714
O=C1c2nc(-c3cn[nH]n3)c(-c3cccc(C(F)(F)F)c3Cl)c(=S)n2C(c2ccc(Cl)cc2)N1c1cc(Cl)cn(C2CC(O)(CO)C2)c1=O,中毒,36.558434,36.43178
c1coc(-c2cc(Oc3ccsc3)ccc2-c2cc(NCn3nnnc3-c3ccncc3)cc3[nH]cc(-c4cn[nH]n4)c23)c1,中毒,22.80294,42.3919
c1cc2c(cn1)CC(c1ncn(-c3cnn(C4CCNCC4)c3)c1-c1cn[nH]n1)C2,低毒,13.143019,89.597725
O=C1c2cc(-c3cn[nH]n3)n(S(=O)(=O)c3cc(Cl)ccc3F)c2C(c2ccc(Cl)cc2)N1c1cc(Cl)cn(C2CC(O)(CO)C2)c1=O,中毒,18.205946,13.466203
O=S(=O)(c1c(Cl)ccc(N2Cc3cc(-c4cn[nH]n4)n(-c4ccc(Cl)cc4)c3C2c2ccc(Cl)cc2F)c1O)C(F)(F)F,中毒,31.276175,14.922599
O=c1c(N2Cc3nc(-c4cn[nH]n4)n(-c4ccc(F)cc4)c3C2c2ccc(Cl)cc2)cc(Cl)cn1C1CC(O)(CO)C1,中毒,12.620661,34.717995
Clc1cccc(Cl)c1-c1cc(-c2cn[nH]n2)cc2c1-c1cc3c(cc1CC2)OCCO3,中毒,5.7006707,105.75602
O=S(=O)(c1ccc(C(F)(F)F)nc1)N1CCN(c2ncc3c(n2)=c2c(-c4nc(-c5cn[nH]n5)cs4)c[nH]c2=3)CC1,中毒,136.43771,21.305351
O=C1c2cc(-c3cn[nH]n3)n(-c3ccc(Cl)nc3F)c2C(c2ccc(Cl)cc2)N1c1cc(Cl)cn(C2CC(O)(CO)C2)c1=O,中毒,12.488247,11.513729
Fc1cc2c(cc1OCCC1CCOC1)CCc1ncn(Cc3cn[nH]n3)c1-2,中毒,4.741463,71.97684
O=C1c2cc(-c3cn[nH]n3)n(-c3cc(Cl)ccc3F)c2C(c2ccc(Cl)cc2)N1c1cc(Cl)cn(C2CC(O)C(O)C2O)c1=O,中毒,12.488247,11.513729
O=c1c(N2Cc3cc(-c4cn[nH]n4)cc(-c4cc(Cl)ccc4Oc4ccc(Cl)cc4)c3C2c2ccc(Cl)cc2)cc(Cl)cn1C1CC(O)(CO)C1,中毒,19.24008,13.447941
CN1CC(n2cc(N3C(=O)c4cc(-c5cn[nH]n5)n(-c5cc(Cl)cc(Cl)c5F)c4C3c3ccc(Cl)cc3)cc(F)c2=O)CC1O,中毒,29.54402,13.447941
O=C1c2cc(-c3cn[nH]n3)c(C3CC3c3ccc(Cl)cc3)n2C(c2ccc(Cl)cc2)N1c1cc(Cl)cn(C2CC(O)(CO)C2)c1=O,中毒,18.427805,28.945686
O=c1c(N2c3cc(Cl)ccc3-c3cc(-c4cn[nH]n4)cc(-c4c(Cl)cccc4Cl)c3C2c2ccccc2)cc(Cl)cn1C1CC(O)(CO)C1,中毒,7.8973217,18.206211
O=C1C(c2cn[nH]n2)=CC2=C(C(c3cc(Cl)ccc3Cl)=C2)C(c2ccc(Cl)cc2)N1c1cc(Cl)cn(C2CC(O)(CO)C2)c1=O,中毒,54.66274,16.339403
FC(F)(F)c1ccc(N2C(c3ccc(Cl)cc3Cl)c3cc(-c4cn[nH]n4)n(-c4ccc(Cl)cc4Cl)c3C2c2ccc(Cl)cc2)cc1,中毒,21.947083,15.528323
c1cncc(-c2cc(-c3cc(-c4cn[nH]n4)cs3)cc3c(-c4ccc5[nH]ccc5c4)onc23)c1,中毒,21.487293,56.210197
O=c1c2cc(F)ccc2ncn1-c1ccc(-c2nc3[nH]c(NCc4ccc(F)cc4)nc3c(=O)n2-c2cn[nH]n2)cc1,中毒,19.383793,52.941906
O=C1c2cc(-c3cn[nH]n3)n(-c3ccc(S(=O)(=O)c4cccnc4)cc3)c2C(c2ccc(Cl)cc2)N1c1cc(Cl)cn(C2CC(O)(CO)C2)c1=O,中毒,14.882899,11.513729
N#Cc1ccc(N2CC(c3csc(N4CC5(CC[S+]([O-])CC5)N4)n3)=C3C=C(c4cn[nH]n4)C=C3C2=O)cc1,中毒,4.859469,45.48697
FC(F)(F)c1cscc1Nc1cc2c(cn1)-c1nc(nnc1-c1cn[nH]n1)C2,中毒,20.612965,18.717678
O=C1c2cc(-c3cn[nH]n3)n(-c3ccc(Cl)c(Cl)c3)c2C(c2ccc(Cl)cc2)N1c1cc(Cl)cn(C2CC(F)(F)C2)c1=O,中毒,22.035963,14.026334
c1nc2nnoc2cc1-c1cn[nH]n1,高毒,60.267567,41.055492
O=c1oc2c(c3c(-c4c(Cl)cccc4Cl)cc(-c4cn[nH]n4)cc13)CC21CCc2ccccc21,中毒,22.975739,9.94629
FC(F)(F)c1cnc(NCc2nnc3c(n2)oc2cnccc23)nc1N1CC(c2cn[nH]n2)C1,中毒,3.5392313,67.80026
Clc1ccc2[nH]cc(CNC3Cc4cc(-c5cn[nH]n5)nn4C3)c2c1,中毒,4.70007,31.441242
O=C1c2cc(-c3cn[nH]n3)n(-c3ccc(Cl)cc3)c2C(c2cccc(Cl)c2)N1c1cc(Cl)cn(C2CC(O)(CO)C2O)c1=O,中毒,14.882899,11.513729
O=C(Nc1c(Cl)cccc1Cl)OC1CC2(CCC(n3cc(-c4cn[nH]n4)nn3)CC2)C(O)C1O,低毒,24.302248,25.865068
O=c1c(N2C(Cl)c3cc(-c4cn[nH]n4)nn3C2c2ccc(Cl)cc2F)cc(Cl)cn1C1CC(O)(CO)C1,中毒,9.5269375,23.685068
O=S1(=O)c2cc(F)ccc2N(c2ccc(-c3cn[nH]n3)cc2F)c2ccc(Br)cc21,低毒,18.633413,19.245678
O=C1c2cc(-c3cn[nH]n3)n(Nc3ccc(Cl)cc3F)c2C(c2ccc(Cl)cc2)N1c1cc(Cl)cn(C2CC(O)C(O)C2)c1=O,中毒,24.385923,11.513729
O=C1c2cc(-c3cn[nH]n3)c(COc3ccc(Cl)c(C(F)(F)F)c3)cc2CC(c2ccc(Cl)cc2)N1c1cc(Cl)cn(C2CC(O)(CO)C2)c1=O,中毒,22.081963,35.223312
Nc1nc(-c2cccc(Cl)c2)c2c(-c3c(Cl)cccc3Cl)cc(-c3cn[nH]n3)cc2n1,中毒,48.853474,109.7814
NCC1(O)CC(n2cc(Cl)cc(N3C(=O)c4cc(-c5cn[nH]n5)n(-c5ccc(Cl)cc5F)c4C3c3ccc(Cl)cc3)c2=O)C1=O,中毒,25.244574,11.513729
CC1(C)CC(c2ccc(Cl)cc2)N2c3cc(c1cn3)-c1cc(-c3cn[nH]n3)cc(-c3c(Cl)cccc3Cl)c1C2c1ccc(Cl)cc1,中毒,28.317427,25.441835
Clc1cc(Cl)c2nc3c(c(-c4cn[nH]n4)c2c1)CN(Cc1cc(Br)co1)CC3,中毒,4.1707444,28.043362
OC1CC(n2cncc2C(Nc2cc(-c3cn[nH]n3)nc3c2C(c2ccc(F)cc2)c2c(F)cccc2-3)c2ccc(F)c(Cl)c2)CC1O,中毒,34.613506,41.775047
O=C1c2cc(-c3cn[nH]n3)n(-c3ccc(Cl)ccc3=O)c2C(c2ccc(Cl)cc2)N1c1cc(Cl)cn(C2CC(O)(CO)C2)c1=O,中毒,38.99518,13.466203
OC1(C=Cc2[nH]c3ncc(-c4cn[nH]n4)nc3c2-c2ccc3c4ccccc4n4c(cc5ccnc(F)c54)c3n2)CC2CC=CC(F)(F)CC2C1,中毒,11.212978,17.126047
FC(F)(F)c1c(Br)c2cc(Br)c(-c3cn[nH]n3)cc2n1C1CCN(c2cnc3ccc(-c4ccsc4)cc3c2-c2ccnc3[nH]ccc23)CC1,中毒,5.2737265,9.674791
Nc1ccc(-n2cc(-c3cc4nc(-c5cn[nH]n5)cn4c(-c4ccnc(-c5ccnc(C(F)(F)F)c5)c4)n3)nn2)cn1,中毒,22.051277,154.922
O=C1C(=Cc2c(-c3cc(F)c(F)c(F)c3)nc(N3CCOCC3)c3ccc(-c4cn[nH]n4)cc23)Oc2cc(I)c(O)c(F)c21,中毒,11.16926,9.114193
O=C1c2cc(-c3cn[nH]n3)c(=O)n(-c3ccccc3Cl)c2C(c2ccc(Cl)cc2F)N1c1cc(Cl)cn(C2CC(O)(CO)C2O)c1=O,中毒,51.50488,12.110745
C1=C2Cc3c(-c4cn[nH]n4)cnn3C2=NC(Cc2ccc3c(n2)NCCC3)C1,中毒,10.704894,81.964645
Clc1cccc(Oc2ccc(-c3ccc4c(-c5cn[nH]n5)nn(C5CCCN(Cc6ccco6)C5)c4c3)cc2)c1,中毒,15.429183,34.321712
O=C1c2cc(-c3cn[nH]n3)c(Nc3ccc(Cl)cc3)nc2C(c2ccc(Cl)cc2OC(F)(F)F)N1c1cc(Cl)cn(C2CC(O)(CO)C2)c1=O,中毒,8.758138,14.418226
O=C1c2cc(-c3cn[nH]n3)n(-c3cc(Cl)cc(Cl)c3)c2C(c2ccc(Cl)s2)N1c1cc(Cl)cn(C2CC(O)(CO)C2)c1=O,中毒,15.111123,11.513729
Fc1cc(F)cc(C[n+]2cc(Cl)c(C3=C(c4ccoc4)N=C4C3=Nc3nc(-c5cn[nH]n5)ccc34)c(Cl)c2)c1,中毒,23.452457,35.734215
O=C1c2cc(-c3cn[nH]n3)n(-c3cc(Cl)c(Cl)cc3F)c2C(c2ccc(Cl)cc2)N1c1cc(Cl)cn(C2CC(O)(CO)C2O)c1=O,中毒,12.488247,11.513729
O=c1c(N2Cc3cc(-c4cn[nH]n4)cc(-c4csc(-c5ccc(Cl)nc5)c4)c3C2)cc(Cl)cn1C1CC(O)(CO)C1,中毒,5.83041,13.765845
Fc1ccc(Nc2cc3c(cc2Cl)OCCCc2cc(-c4cn[nH]n4)cc(-c4cc(Cl)cs4)c2-3)cc1,中毒,1.7326448,22.199541
ClCCn1c2nc3cc(-c4cccnc4)c(-c4cn[nH]n4)cc3c1n2,高毒,14.2321415,37.421448
O=c1c(N2Cc3cc(-c4cn[nH]n4)cc(-c4c(Cl)c(Cl)cc(Cl)c4Cl)c32)cc(Cl)cn1C1CC(O)C(O)C1,中毒,16.502348,16.947666
O=C1c2cc(-c3cn[nH]n3)n(-c3ccc(Cl)cc3F)c2C(c2ccc(Cl)cc2)N1c1cc(Cl)cn(C2CCC(O)C(O)C2)c1=O,中毒,12.488247,11.513729
O=S(=O)(c1ccncc1F)N1CCc2c(cc(-c3cn[nH]n3)cc2-c2c(Cl)cccc2Cl)C1,中毒,19.666542,106.76831
O=C1c2cc(-c3cn[nH]n3)n(-c3ccc(F)cc3)c2C(c2ccc(F)cc2)N1c1cc(Cl)cn(C2CC(F)(F)C2)c1=O,中毒,22.035963,14.026334
O=C1c2cc(-c3cn[nH]n3)c(Br)cc2NC(c2ccc(Cl)cc2)(c2ccc(Cl)cc2Cl)N1c1cc(Cl)cn(C2CC(F)(F)C2)c1=O,中毒,6.106106,23.180437
CC1(C)CCN2c3cc(c(cn3)C1)-c1cc(-c3cn[nH]n3)n(-c3ccccc3)c1C2c1ccc(Cl)cc1,中毒,31.466972,27.236069
O=C1c2cc(-c3cn[nH]n3)n(-c3ccc(Cl)cc3OCc3ccc(F)cc3)c2C(c2ccc(Cl)cc2)N1c1cc(Cl)cn(CC2CC(O)(CO)C2)c1=O,中毒,38.99518,12.110745
c1csc(CNCc2nc3cc(OCc4cn(-c5cn[nH]n5)nn4)ccn3n2)c1,中毒,13.111987,34.263813
O=c1c(N2Cc3cc(-c4cn[nH]n4)cc(-c4c(F)cccc4F)c32)cc(Cl)cn1C1CC(O)(CO)C1,中毒,16.502348,16.947666
Clc1cccc(Cl)c1-c1cc(-c2cn[nH]n2)cc2c1CCC2,中毒,27.137228,36.358353
Clc1cc(C2CC2c2cn[nH]n2)cc2c1CN(c1nccnc1N1CCOc3ccncc31)CC2,中毒,5.668402,22.779005
Fc1ccc(-n2nc3ccc(Nc4nc(-c5cn[nH]n5)cs4)cc3n2)cc1,中毒,8.443122,31.07801
O=C1C2CCc3cc(-c4cn[nH]n4)n(-c4ccccc4)c3C(c3ncc(Cl)cc3Cl)N1c1cc(Cl)cn2c1=O,中毒,28.345415,14.3937645
Brc1cncc(-c2ccc3sc(-c4cn[nH]n4)cc3c2)c1,高毒,5.5680275,28.989378
O=c1c(N2Cc3cc(-c4cn[nH]n4)n(-c4ccc(Cl)c(Cl)c4)c3C2c2ccc(Cl)cc2Cl)cc(Cl)cn1C1CC(O)(CO)C1,中毒,20.18954,11.513729
C(#Cc1cc[nH]n1)c1cccc(-n2c(CN3CCCC3c3cn[nH]n3)nc3c(-c4ccco4)ncnc32)c1,低毒,11.991504,55.868176
O=C1SC(=Cc2c[nH]c3ncc(-c4cn[nH]n4)cc23)c2c(c3cc(Cl)ccc3n(Cc3cc(F)cc(F)c3)c2=O)N1CCOc1cccnc1,中毒,60.013626,8.904544
O=c1c(N2C(c3ccc(Cl)cc3)c3c(cc(-c4cn[nH]n4)n3-c3cc(Cl)cc(Cl)c3)C23CC(Br)=N3)cc(Cl)cn1C12CC(F)(C1)C2,中毒,17.475342,14.3937645
Fc1cc2c(cc1N1CCOCC1)-c1cc(-c3cn[nH]n3)cn1CC2(c1ccc(Cl)cc1)c1cccnc1,中毒,2.1683836,16.041172
O=C1c2nc(-c3cn[nH]n3)c(-c3ccc(F)cc3)n2C(c2ccc(Cl)cc2)N1c1cc(Cl)cn(C2CC(O)(CO)C2)c1=O,中毒,41.15799,13.447941
O=C1c2cc(-c3cn[nH]n3)c(-c3ccc(Cl)cc3F)n2C(c2ccc(Cl)s2)N1c1cc(Cl)cn(C2CC(O)(CO)C2)c1=O,中毒,36.83937,13.503714
O=C1c2cc(-c3cn[nH]n3)n(-c3ccc(OC(F)(F)F)cc3)c2C(c2ccc(Cl)cc2)N1c1cc(Cl)cn(C2CC(O)(CO)C2)c1=O,中毒,38.99518,11.513729
OC(c1ccc(Cl)cc1)(c1[nH]c2ncc(-c3cn[nH]n3)cc2c(=S)c1-c1ccoc1)c1nnnn1-c1cccc(Cl)c1,中毒,30.42399,39.525345
Clc1cccc(Cl)c1-c1cc(-c2cn[nH]n2)cc2c1Cc1c(-c3cccs3)ncnc1-2,低毒,31.836157,32.167183
Cn1cc(N2C3=C(C(=O)CCC3=O)c3nc(-c4cn[nH]n4)n(-c4ccc(Cl)cc4F)c3C2c2cccc(Cl)c2)cc(F)c1=O,中毒,28.345415,14.3937645
Nc1ncnc2c1c(-c1[nH]c3cc1C(Oc1cccc(OC(F)(F)F)c1)=C(c1ccc(Cl)cc1F)C(c1cn[nH]n1)=C3)nn2C1CCC1,中毒,26.074673,16.348
Fc1cc(-c2cnccn2)ccc1C1=NCCn2nc(-c3cn[nH]n3)cc2C1,中毒,4.42497,49.462273
Fc1cc(Cl)cc(-c2nc(-c3cnnc4cc(-c5cn[nH]n5)ccc34)cs2)c1,中毒,1.5226278,19.158106
O=c1c2cc(OC3CCOCC3)c(-c3cn[nH]n3)cc2ncn1-c1ccc(Nc2ncccn2)c(F)c1,低毒,8.278848,26.455538
O=C1c2nc(-c3cn[nH]n3)c(F)c(-c3ccc(Cl)cc3)c2C(c2ccc(Cl)cc2)N1c1cc(Cl)cn(C2CC(O)(CO)C2)c1=O,中毒,39.425797,12.110745
Fc1cc(Cl)ccc1Sc1nc2cc(SC(F)F)c(-c3ccc(Cl)cc3)cc2cc1-c1cn[nH]n1,中毒,21.483719,28.772957
O=C1c2cc(-c3cn[nH]n3)n(-c3nc4ccc(F)cc4s3)c2C(c2ccc(Cl)cc2)N1c1cc(Cl)cn(C2CC(O)(CO)C2)c1=O,中毒,14.882899,18.315401
Clc1cncc2c(-c3ccc(-c4cn[nH]n4)cc3)cn3c(-c4cnn(-c5ccccc5)c4)cnc3c12,中毒,17.031042,13.46753
O=c1c2c3c(sc2nc(-c2cn[nH]n2)n1-c1ccc(Cl)o1)CC(C(F)(F)F)C3,中毒,28.345415,16.779398
O=C(Nc1ccc(Oc2ccc3sc(-c4cn[nH]n4)cc3c2)cc1Br)N1Cc2cc(-c3nc4cccn4c(=O)c4ccccc34)sc2C1,中毒,11.837914,20.734528
O=C1CCC2=C1c1cc(-c3cn[nH]n3)n(-c3ccc(Cl)cc3Cl)c1C(c1ccc(Cl)cc1)N2c1cc(Cl)cn(C2CC(O)(CO)C2)c1=O,中毒,32.17651,13.503714
O=C1c2cc(-c3cn[nH]n3)c(-c3cc(Cl)cc(Cl)c3)c(=O)n2C(c2ccc(Cl)cc2)N1c1cc(Cl)cn(C2CC(O)(CO)C2)c1=O,中毒,38.834198,13.503714
Clc1cccc(Cl)c1-c1cc(-c2cn[nH]n2)cc2c1COc1cc(-c3ccoc3)ccc1-2,中毒,13.038119,23.853561
O=C1c2nc(-c3cn[nH]n3)nc(C3CC3)c2C(c2ccc(Cl)cc2)N1c1cc(Cl)cn(C2CC(O)(CO)C2)c1=O,中毒,31.783663,13.466203
c1cc2c(cc1C1CNCCO1)CC(c1cn[nH]n1)N2,高毒,83.737175,101.724945
Fc1ccc(Oc2ccc3cc(-c4nnc(-c5ccncc5F)o4)c(-c4cn[nH]n4)cc3c2)c(F)c1,中毒,1.3344774,16.713037
O=C1c2cc(-c3cn[nH]n3)n(-c3cc(F)cc(Cl)c3)c2C(c2ccc(Cl)cc2)N1c1cc(Cl)cn(C2CC(O)C(O)C2)c1=O,中毒,14.882899,11.513729
Clc1ccc(C2c3c(cc(-c4cn[nH]n4)n3-c3cc(Cl)ccc3Cl)-c3ccc(-c4ccco4)cc3N2C2CCOCC2)cc1,中毒,37.5265,18.357166
O=C1c2cc(-c3cn[nH]n3)c(F)cc2C(=Nc2cc(C3CC3)on2)C(c2ccc(Cl)cc2)N1c1cc(Cl)cn(C2CC(O)(CO)C2)c1=O,中毒,59.929935,13.466203
O=C1c2cc(-c3cn[nH]n3)sc2C(c2ccc(Cl)cc2)N1c1cc(Cl)cn(C2CC(O)C(O)C2)c1=O,中毒,8.738106,8.960914
Clc1cnc2cc(-c3cn[nH]n3)cn2c1C1CC1,低毒,16.928724,51.616943
Fc1cccc2c1c(Cc1ccnn1C1CCCCC1)c(Oc1ccc(Cl)cc1)c1cc(Cl)c(-c3cn[nH]n3)cc12,中毒,7.678098,11.981593
O=C1c2ccccc2-c2sc3c(c21)c(=O)[nH]c1cc(-c2cn[nH]n2)ccc13,中毒,2.375765,19.920612
Fc1ccc(-n2c(-c3cn[nH]n3)cc3c2C(c2ccc(Cl)cc2)N(c2ccc(Cl)nc2)C3)c(F)c1,中毒,21.327534,17.35497
N#CCC1(c2oc(C3CC3)nc2-c2ccc3c(c2)S(=O)(=O)c2c-3cc(-c3cn[nH]n3)n2-c2cccc(F)c2)CC1,中毒,18.312475,28.093973
O=C1c2nc(-c3cn[nH]n3)n(-c3ccc(Cl)cc3Cl)c2C(c2ccc(Cl)cc2)N1c1cc(Cl)cn(C2CC(F)(F)C2)c1=O,中毒,25.632505,14.710186
O=c1c(N2Cc3cc(-c4cn[nH]n4)n(-c4ccc(F)cc4)c3C2c2ccc(Cl)cc2F)cc(Cl)cn1C1CC(O)(CO)C1,中毒,19.24008,11.513729
O=C1c2ccc(-c3cn[nH]n3)cc2CCN1Cc1c[nH]cn1,中毒,43.30696,71.821045
O=C1c2nc(-c3cn[nH]n3)c(-c3csc(-c4ccc5cn[nH]c5c4)c3)n2C(c2ccc(Cl)cc2)N1c1cc(Cl)cn(C2CC(O)(CO)C2)c1=O,中毒,41.15799,16.862432
O=C1c2cc(-c3cn[nH]n3)n(CCCn3ccnc3)c2C(c2ccc(Cl)cc2)N1c1cc(Cl)cn(C2CC(O)(CO)C2)c1=O,中毒,19.24008,13.16881
Fc1ccc(Cn2cncc2CN2CCC(c3cncc(-c4cn[nH]n4)c3)(c3c[nH]c4ncccc34)C2)cc1,中毒,3.0529156,46.358524
Brc1ccccc1CN1CCc2nnc(-c3cn[nH]n3)n2CC1,微毒,22.998951,21.383303
O=c1[nH]c(Oc2cncc(F)c2)nc2ccc(-c3cn[nH]n3)cc12,高毒,63.39846,101.27816
O=C1c2cc(-c3cn[nH]n3)c(-c3ccn[nH]3)n2C(c2ccc(Cl)cc2)N1c1cc(Cl)cn(C2CC(O)(CO)C2)c1=O,中毒,19.951618,13.503714
O=S(=O)(c1cc(Cl)cc(Oc2cc3ncnc(-c4ccc(I)cc4Cl)c3cc2-c2cn[nH]n2)c1)C1CC1,中毒,19.199194,11.513729
c1n[nH]nc1-c1csc(NCc2noc3c2CCCC3)n1,中毒,73.4541,59.632614
O=c1[nH]cc(Cl)cc1N1C(c2ccc(Cl)cc2)c2c(cc(-c3cn[nH]n3)n2-c2ccc(F)cc2)C12COC2,中毒,29.275309,13.466203
N#Cc1ccc(C2c3c(-c4ccc(C5CC5)nc4)c(-c4cn[nH]n4)cn3C(=O)N2c2cc(Cl)cn(C3CC(O)(CO)C3)c2=O)cc1,中毒,13.074555,16.230408
O=c1c2c3c(sc2nc(-c2cn[nH]n2)n1-c1ccccc1F)CC(CO)N(Cc1ccc(Cl)cc1)C3,中毒,22.34227,19.55125
O=C1c2cc(-c3cn[nH]n3)n(-c3ccc(Cl)cc3F)c2C(c2ccc(Cl)cc2)N1c1cc(Cl)cn(C(CO)CO)c1=O,中毒,12.488247,11.513729
c1nc(-c2cc(-c3cnn(C4COC4)c3)on2)c2cc3c(nc2n1)C(c1cn[nH]n1)C3,中毒,8.125883,14.892122
O=c1cc2ccn(-c3ccc4c(c3)-c3sc(-c5cn[nH]n5)nc3-4)c2ccc1OCC1CC[S+]([O-])C1,中毒,2.4452038,15.502344
O=C1C2CC(N3C(=O)c4cc(-c5cn[nH]n5)n(-c5ccc(Cl)cc5)c4C3c3ccc(Cl)cc3)=CC(Cl)=CN1C2Cc1c(Cl)cc(F)cc1Cl,中毒,28.345415,20.807077
NC(=O)C1=C2C3=CC(F)=CC(F)=C2C3Oc2c(Cl)cc(Cl)cc2-c2nc(-c3cn[nH]n3)ccc21,中毒,36.037773,27.639162
O=C1C2Cc3cc(-c4cn[nH]n4)c(-c4ccncn4)cc3C2(c2ccc(Cl)cc2F)C(=O)N1c1cc(Cl)cc(Cl)c1,中毒,4.47642,36.510887
O=c1c(N2Cc3nc(-c4cn[nH]n4)cc(-c4cc(Cl)ccc4F)c3C2c2c[nH]c3ccc(Cl)cc23)cc(Cl)cn1C1CC(O)(CO)C1,中毒,10.393873,13.503714
O=C1C2=C(c3ccsc31)C(c1ccc(Cl)cc1)N(c1cc(Cl)cn(C3CC(O)(CO)C3O)c1=O)C(=O)c1cc(-c3cn[nH]n3)oc1C2c1cccs1,中毒,32.17651,13.503714
CC(CC(=O)O)n1cc(Cl)cc(N2C(=O)c3cc(-c4cn[nH]n4)c(-c4ccc(Cl)cc4)nc3C2c2ccc(Cl)cc2)c1=O,中毒,8.758138,12.087409
O=C1c2nc(-c3cn[nH]n3)c(F)c(-c3c(F)cccc3F)c2C(c2ccc(Cl)s2)N1c1cc(Cl)cn(C2CC(O)(CO)C2)c1=O,中毒,45.389744,12.110745
c1csc(-c2coc3nc(-c4cn[nH]n4)nc(NCCc4ccncc4)c23)c1,中毒,17.947515,30.55765
O=C1c2cc(-c3cn[nH]n3)n(-c3cc(Cl)cc(Cl)c3)c2C(c2ccc(Cl)cc2Cl)N1c1cc(Cl)cn(C2CC(O)(CO)C2)c1=O,中毒,15.540574,11.513729
O=C1C2=CC(c3cnn(CC4CC4)c3)=C(c3ccc4[nH]c(-c5cc[nH]n5)cc4c3C3CCOCC3)C2=CC(c2cn[nH]n2)=C1O,中毒,40.72346,8.8142395
O=C1c2cc(-c3cn[nH]n3)c(-c3ccc(Cl)c(Cl)c3)n2C(c2ccc(Cl)cc2)N1c1cc(Cl)cn(C2CC(O)(CO)C2=O)c1=O,中毒,19.951618,13.503714
O=C1C2=Cc3cc(Br)ccc3Oc3cc(-c4cn[nH]n4)cc2c3C(c2ccc(Cl)cc2)N1c1cc(Cl)cn(C2CC2)c1=O,中毒,35.915714,32.92288
O=C1c2c(c(=O)n(CCc3ccccc3)c(=O)n2-c2cn[nH]n2)C(c2ccc(Cl)cc2)N1c1cc(Cl)cn(C2CC(O)(CO)O2)c1=O,中毒,28.801418,14.418226
O=C1Cc2cc(-c3cn[nH]n3)n(-c3ccc(Br)cc3)c2C(c2ccc(Cl)c(Cl)c2)N1c1cc(Cl)cn(C2CC(O)C(O)C2)c1=O,中毒,20.18954,34.717995
BrCC1=CCc2[nH]c3ccc(-c4cn[nH]n4)cc3c2C(c2ccc(Oc3ccccc3)cc2)N1,中毒,4.939899,63.63278
O=C1c2cc(-c3cn[nH]n3)nc(-c3ccnc(Cl)c3)c2C(c2ccc(Cl)cc2)N1c1cc(Cl)cn(C2CC(O)(CO)C2O)c1=O,低毒,7.4282966,12.110745
O=c1nc(-c2cn[nH]n2)n(-c2ccc(F)cc2F)c2c1CN(c1cc(Cl)cn(C3CC(O)(CO)C3)c1=O)C2c1ccc(C(F)(F)F)nc1,中毒,36.83937,13.466203
Clc1ccc(-c2nsc3c2Cc2sc(-c4cn[nH]n4)nc2-3)s1,中毒,9.571658,19.312578
N#CCC1(c2ccn(C3CCCO3)c2)c2cccc(Cl)c2-c2c1cc(-c1cn[nH]n1)n2-c1ccc(Cl)cc1Cl,中毒,6.972872,15.5483055
OCC1(CO)CC(n2cnc3cc(-c4cn[nH]n4)cnc32)C(O)C1O,中毒,10.82169,20.232069
O=C1c2cc(-c3cn[nH]n3)n(-c3cccc(OC(F)(F)F)c3)c2C(c2ccc(Cl)cc2)N1c1cc(Cl)cn(C2CC(O)(CO)C2)c1=O,中毒,38.99518,11.513729
O=C1c2cc(-c3cn[nH]n3)nc(NC3CC3c3ccc4ccoc4c3)c2C(c2ccc(Cl)cc2)N1c1cc(Cl)cn(C2CC(O)(CO)C2)c1=O,中毒,11.539581,12.110745
O=c1c(N2Cc3cc(-c4cn[nH]n4)n(-c4ccc(Cl)cc4)c3C2c2ccc(Cl)cc2)cc(Cl)cn1C1CC(O)(CO)C1CO,中毒,19.24008,11.513729
c1cc(-c2nc(C3(c4cncs4)CC3)nc3scc(-c4cn[nH]n4)c23)cc(C2CCCCC2)n1,中毒,22.628412,13.227466
Fc1cc2c3cc-3cnn3ccc(-c4cnn(C5CCOC5)c4)cc3c2cc1-c1cn[nH]n1,中毒,20.130655,36.99258
C1=C2N=C(c3ccc4nc[nH]c4c3)C(c3ccnc(-c4nnc(-c5cncnc5)[nH]4)c3)=C2C=C1c1cn[nH]n1,中毒,9.282326,43.929653
O=C1C=C(c2ccnc3n[nH]cc23)C=c2[nH]c3c(c21)C=C(c1cn[nH]n1)N=3,中毒,6.994599,8.39129
O=C1OC23OCC2Cc2cc(-c4cn[nH]n4)n(-c4ccc(Cl)cc4F)c2-c2cc(Cl)c(Br)cc2C13c1ccc(Cl)cc1,中毒,28.444283,12.022493
O=S1(=O)CCC2(CCC(N3Cc4cc(-c5cn[nH]n5)n(-c5ccc(Cl)cc5)c4C3c3ccc(Cl)cc3)=CCO2)C1,中毒,22.288795,25.683455
Clc1cccc(Cl)c1-c1cc(-c2cn[nH]n2)cc2c1C1C=CCN1C2,中毒,22.156107,123.20806
FC(F)(F)c1ccc2c(-c3cn[nH]n3)nc(CN(CC3CNCCC3c3ccccc3)c3cccc(Cl)c3)cc2c1,中毒,5.5616465,15.997793
Clc1ccc(-c2nc3sccn3c2Cc2cn[nH]n2)cn1,中毒,17.655321,180.24944
O=[N+]([O-])c1ccc(F)c(N2N=Cc3sc(-c4cn[nH]n4)cc3C2c2ccco2)c1,中毒,34.961308,12.287872
O=C1c2cc(-c3cn[nH]n3)n(-c3ccc(Cl)cc3C(F)(F)F)c2C(c2ccc(=O)n(C3CC3)c2)N1c1cc(Cl)cn(C2CC(O)(CO)C2)c1=O,中毒,14.882899,12.110745
O=S(=O)(CC1CS1(=O)=O)c1ccc(Cl)cc1-c1cc2c(cc1F)oc1c2cc(-c2cn[nH]n2)n1-c1ccc(F)cc1,中毒,23.109753,16.517525
Fc1cc(Cl)ccc1-n1c(-c2cn[nH]n2)nc2c1C(c1ccc(Cl)cc1)N2c1ccc(Cl)cc1Cl,中毒,17.897259,34.57433
O=C1N(c2cc(Cl)cn(C3CC(O)(CO)C3)c2=O)C(c2ccc(Cl)cc2)c2c(Cl)cc(Cl)c(Cl)c2-c2nc(-c3cn[nH]n3)nn21,中毒,14.720647,13.466203
Nc1ncc(-c2c[nH]c(=O)c(C3(c4ccc(Nc5cc(C6CC6)[nH]n5)cc4-c4cn[nH]n4)COC3CO)n2)c(SC(F)(F)F)n1,中毒,15.634158,27.317942
O=C1c2cc(-c3cn[nH]n3)n(-c3ccc(Cl)c(Cl)c3)c2C(c2ccccn2)N1c1cc(Cl)cn(C2CC(O)(CO)C2)c1=O,中毒,38.834198,12.110745
O=c1c(N2Cc3cc(-c4cn[nH]n4)cc(-c4c(Cl)cccc4Cl)c3C2c2cccnc2)cc(Cl)cn1C1CC(O)(CO)C1,低毒,9.036046,9.719319
O=C1C(Nc2c(Cl)cccc2Cl)=NC(N2CCN(Cc3ccccc3)CC2)=C2N=C3C(=C12)Cc1sc(-c2cn[nH]n2)cc13,中毒,29.52702,16.057194
FC(F)(F)C1(C(F)(F)F)c2nc(-c3cn[nH]n3)sc2COC1c1nncs1,中毒,31.054417,19.875029
Clc1cc(Nc2c(C3CC3)nn3ccnc(N4CCN(Cc5cn[nH]n5)CC4)c23)cc(Cl)c1Cl,中毒,9.952339,19.578306
OC1(c2ccc(Cl)cc2)c2cc(C3CC3)ccc2-c2cc(-c3cn[nH]n3)cc(-c3c(Cl)cccc3Cl)c2C1c1ccc(Cl)s1,中毒,126.97836,24.331564
O=C1c2cc(-c3n[nH]cc3-c3cn[nH]n3)oc2C(c2ccc(Cl)cc2)N1c1cc(Cl)cn(C2CC(O)(CO)C2)c1=O,中毒,16.282593,10.897169
O=C1c2cc(-c3cn[nH]n3)nn2C(c2ccc(Cl)c(Cl)c2)C(c2ccc(Cl)c(Cl)c2)N1c1cc(Cl)cn(C2CC(O)(CO)C2)c1=O,中毒,32.17651,13.503714
CC(C)C(C)(CO)n1cc(Cl)cc(N2C(=O)c3cc(-c4cn[nH]n4)n(-c4cc(F)c(F)cc4F)c3C2c2ccc(Cl)cc2)c1=O,中毒,25.244574,11.513729
O=S(=O)(c1cn[nH]n1)N1CC=C(c2cnc(Nc3cc(-c4ccoc4)cs3)nc2-c2ccc(F)cc2)CC1,中毒,49.743977,46.606045
O=C1c2cc(-c3cn[nH]n3)n(-c3ccc(F)cc3F)c2C(c2cc(Cl)cc(Cl)c2)N1c1cc(Cl)cn(C2CC(O)(CO)C2)c1=O,中毒,12.488247,11.513729
O=C(c1ccc(Cl)c(F)c1)N1c2cc(-c3cn[nH]n3)sc2C(c2ccc(Cl)cc2)N1c1cc(Cl)cn(C2CC(O)(CO)C2)c1=O,中毒,5.9541664,10.425424
Clc1ccc(C2Nc3cc(-c4cn[nH]n4)n(-c4ccc(Cl)cc4)c32)cc1,中毒,20.749205,48.88842
O=C1c2cc(-c3cn[nH]n3)n(-c3ccc(Br)cc3F)c2C(c2ccc(Cl)cc2)N1c1cc(Cl)cn(C2CC(O)C(O)(CO)C2)c1=O,中毒,15.540574,11.513729
O=C1c2cc(-c3cn[nH]n3)n(-c3ccc(Cl)cc3-c3cccnc3)c2C(c2ccc(Cl)cc2)N1c1cc(Cl)cn(C2CC(O)C(O)C2)c1=O,中毒,12.484977,11.513729
O=C1c2nc(-c3cn[nH]n3)cc(-c3cc(F)cc(C(F)(F)F)c3)c2C(c2ccc(Cl)cc2)N1c1cc(Cl)cn(C2CC(O)(CO)C2)c1=O,中毒,37.24519,13.503714
O=C1C2=CC(c3ccc(COC4CN(C5COC5)C4)cc3F)=CC2=NN1c1cn[nH]n1,中毒,9.642651,24.881369
OCc1cnc2sc(-c3cn[nH]n3)nc2c1-c1cccc(Br)c1,中毒,96.47488,18.939127
O=C1c2nc(-c3cn[nH]n3)c(O)c(Nc3ccc(Br)cc3)c2C(c2ccc(Cl)cc2)N1c1cc(Cl)cn(C2CC(O)C(O)C2)c1=O,中毒,59.929935,33.968105
C(CN1Cc2scc(-c3cn[nH]n3)c21)=C(c1c[nH]c2ccccc12)C1CC1,中毒,3.6441777,48.1335
O=C1C2=NC(N3CCC(C4CCOC4)N(c4cccc(Cl)c4)CC3)=NC2=NN1c1cn[nH]n1,中毒,26.26927,35.111286
O=c1[nH]ccc2cc(-c3cn[nH]n3)c(-c3cc(-c4ccccn4)nc4ccsc34)c(Oc3ccc(Oc4ccccc4)cc3)c12,中毒,43.89284,18.318035
O=C1c2c(sc3c(-c4cn[nH]n4)c(-c4ccoc4)cnc23)C(c2ccc(Cl)cc2)N1c1cc(Cl)cn(Cc2ccc(O)cc2O)c1=O,中毒,11.176486,12.110745
Fc1ccc(-c2cn(C3CCC3)c(C3CCN(c4cc5c(cc4-c4cn[nH]n4)C(c4ccc(Cl)cc4)N(c4cc(Cl)ccc4Cl)C5)CC3)n2)c(Cl)n1,中毒,7.33439,15.852431
O=c1c(N2C(c3ccc(Cl)cc3)c3c(cc(-c4cn[nH]n4)n3-c3ccc(F)cc3F)C3COCC32)cc(Cl)cn1C1CC(O)(CO)C1,中毒,20.18954,47.68054
O=C1c2cc(F)ccc(F)c3cc(-c4cn[nH]n4)n2c3C(c2ccc(Cl)cc2)N2C(=O)C2=CC(Cl)=CN1C1CC(O)(CO)C1,中毒,22.80562,12.652781
O=C(O)C1(O)CC(n2cc(Cl)cc(N3Cc4cc(-c5cn[nH]n5)n(-c5ccc(Cl)cc5F)c4C3c3ccc(Cl)cc3)c2=O)C1,中毒,15.763229,11.513729
Fc1ccc(-n2c(-c3cn[nH]n3)cc3c4sc(Cl)cc4c4c(-c5ccco5)c(-c5ccsc5)c(-c5cn[nH]c5)nc4c32)cc1,中毒,17.523842,17.782564
c1cc(-c2ncnc3cc(-c4cn[nH]n4)ccc23)ccn1,中毒,15.074836,143.60596
O=S1(=O)c2c(C3=CCOC3)cc(-c3cn[nH]n3)cc2C(c2ccc(F)cc2)N1c1cc(F)c(Oc2cncc(F)c2Cl)cc1F,中毒,23.70622,14.40348
O=C1c2cc(-c3cn[nH]n3)n(-c3ccc(F)cc3F)c2C(c2ccc(Cl)s2)N1Nc1cc(Cl)cn(C2CC(O)(CO)C2)c1=O,中毒,13.346145,19.55125
O=C1c2cc(-c3cn[nH]n3)c(-c3cc(F)ccc3F)c(=O)n2C(c2ccc(Cl)cc2)N1c1cc(Cl)cn(C2CC(O)(CO)C2)c1=O,中毒,38.834198,13.503714
O=C1c2c(cc(-c3cn[nH]n3)n2-c2ccc(Cl)cc2Cl)CN1c1cc(Cl)cn(C2CC(O)C(O)C2)c1=O,中毒,45.389744,11.513729
Fc1cc(Cl)ccc1-n1c(-c2cn[nH]n2)cc2c1C(c1ccc(Cl)cc1)N(c1ccc(Cl)c(Cl)c1)C1C3=CC(Cl)=CC=C1C(C3)C2,中毒,21.327534,27.741467
O=C1c2cc(-c3cn[nH]n3)cc(-c3csc(C(F)(F)F)c3)c2C#CC(c2ccccc2Cl)N1c1cc(Cl)cn(C2CC(O)(CO)C2)c1=O,中毒,9.723633,13.503714
O=C1c2cc(-c3cn[nH]n3)n(-c3ccc(Cl)cc3)c2-c2cc(Cl)c(O)cc2C(c2ccc(Cl)cc2)N1c1cc(Cl)cn(C2CC(O)(CO)C2)c1=O,中毒,53.63172,13.526629
O=C1c2nc(-c3cn[nH]n3)n(-c3ccc(Cl)cc3)c2C(c2ccc(Cl)cc2)N1c1cc(Cl)cn(C2CC(O)(CO)C2=O)c1=O,中毒,23.043425,13.466203
O=C1c2cc(-c3cn[nH]n3)n(-c3cc(F)c(Cl)cc3F)c2C(c2cccc(Cl)c2F)N1c1cc(Cl)cn(C2CC(O)(CO)C2)c1=O,中毒,12.488247,11.513729
O=c1c(N2Cc3cc(-c4cn[nH]n4)n(-c4ncc(Cl)cc4F)c3C2c2ccc(Cl)cc2F)cc(Cl)cn1C1CC(O)(CO)C1,中毒,15.763229,11.513729
O=C1c2cc(-c3cn[nH]n3)n(-c3cc(Cl)c(Cl)c(Cl)c3)c2C(c2ccc(Cl)cc2)N1c1cc(Cl)cn(C2CC(O)C(O)C2O)c1=O,中毒,14.882899,11.513729
Fc1cccc(-c2cc3cc(Cl)ccc3o2)c1C(Nc1csc(-c2cc3c(cc2Cl)OCO3)n1)c1cn[nH]n1,中毒,14.719048,81.289536
Clc1cc2c(cc1-c1cn[nH]n1)N=C1N3CCCC3CN1C21CCCCC1,低毒,4.4473753,111.56759
Clc1cnc(NCCSC2(c3cc(-c4cn[nH]n4)cc(Nc4cn[nH]c4)n3)CC2)nc1,中毒,6.7742386,39.884354
Fc1cc2c(N3C4=COCC3CO4)cnc(-c3ccnc(Cl)c3)c2cc1-c1cn[nH]n1,中毒,11.394255,74.83432
O=C1c2cc(-c3cn[nH]n3)n(-c3ccc(Cl)cc3F)c2C(c2ccc(Cl)cc2)N1c1cc(Cl)cn(O)c1=O,中毒,25.244574,14.026334
O=C1C2=CC=C(Cl)C=C(F)c3cc(-c4cn[nH]n4)c(F)cc3C2N2C(=O)C2=CC(Cl)=CN1C1CC(O)(CO)C1,中毒,17.384426,14.254915
O=C1c2cc(-c3cn[nH]n3)cc(-c3c(Cl)cccc3Cl)c2CC(c2cccc(Cl)c2)N1c1cc(Cl)cn(C2CC(O)(CO)C2)c1=O,中毒,22.081963,19.79431
O=C1c2nc(-c3cn[nH]n3)n(-c3cc(C(F)(F)F)cc(Cl)c3F)c2C(c2ccc(Cl)cc2)N1c1cc(Cl)cn(C2CC(O)(CO)C2)c1=O,中毒,24.818281,33.968105
Fc1cc(F)c(-n2c(-c3cn[nH]n3)cc3c2C(c2ccc(Cl)nc2)N(c2cc(Cl)cc(Cl)c2)C2C4=CC(Cl)=CC=C2C3CO4)cc1F,中毒,32.733707,13.466203
O=C1c2cc(-c3cn[nH]n3)c(Nc3ccc(Cl)cc3Cl)nc2C(c2ccc(Cl)cc2)N1c1cc(Cl)cn(C2CC(O)(CO)C2)c1=O,中毒,13.216523,12.087409
O=C1c2cc(-c3cn[nH]n3)n(-c3ccc(CO)cc3F)c2C(c2ccc(Cl)cc2)N1c1cc(Cl)cn(C2CC(O)(CO)C2)c1=O,中毒,12.488247,11.513729
c1n[nH]nc1-c1noc(C2CNC3(C2)CN2CCC3CC2)n1,微毒,10.622296,44.93334
OC1CN(c2cc3ncnc(-c4ccc5ncc(C6CC6)cc5c4)c3cc2-c2cn[nH]n2)CC1O,中毒,14.4391575,33.335136
O=c1ccnc(N2Cc3c(-c4ccnc5ccnn45)cc(-c4cn[nH]n4)cc3C(Cl)C2)cn1,中毒,14.62607,24.661238
Fc1ccc(-n2c(-c3cn[nH]n3)cc3c2-c2cc(I)c(OCC4CCCc5cc(C(F)(F)F)ccc54)cc2-3)c(F)c1,中毒,4.8997,18.138817
O=C(NC(CO)c1ccsc1)C1CCN(c2nc(Oc3cnc(C(F)(F)F)cn3)cc3c2C(c2cn[nH]n2)=N3)CCN1,中毒,18.718073,18.355059
Fc1cccc(F)c1-c1cc(-c2cn[nH]n2)cc2c1oc1cc(Br)ccc12,中毒,9.626349,27.987526
O=c1c(N2Cc3cc(-c4cn[nH]n4)n(-c4ccc(F)cc4F)c3C2c2ccc(Cl)s2)cc(Cl)cn1C1CC(O)(CO)C1,中毒,17.224394,11.513729
O=C1c2cc(-c3cn[nH]n3)cc(-c3ccc(Cl)c(Cl)c3)c2-c2cc(I)c(OC(F)(F)F)cc2C(c2ccccc2)C2CCCN12,中毒,9.233702,46.394257
O=c1c(N2C3=NCCN3c3cc(-c4cn[nH]n4)n(-c4ccc(Cl)cc4F)c3C2c2ccc(Cl)cc2)cc(Cl)cn1C1CC(O)(CO)C1,中毒,12.488247,13.466203
O=c1c(-c2cn[nH]n2)cn(-c2cccc(O)c2)c2ccc(-n3cnc4cccnc43)cc12,中毒,27.416214,90.46215
Clc1ccc2c(c1)-c1nc(-c3cn[nH]n3)nc(N3CCOCC3)c1CO2,中毒,16.545637,32.150986
O=C1c2cc(-c3cn[nH]n3)n(-c3ccc(Cl)cc3F)c2C(c2ccc(Cl)c(F)c2)N1c1cc(Cl)cn(C2CC(O)(CO)C2)c1=O,中毒,12.488247,11.513729
O=C1c2cc(-c3cn[nH]n3)cc(-c3c(Cl)cncc3Cl)c2CC(c2ccc(Cl)cc2)N1c1cc(Cl)cn(C2CC(O)(CO)C2)c1=O,中毒,22.081963,19.79431
O=C(c1ccnc2ccccc12)N1CCCC(C(=O)N2CCN(c3ccc(N4CCc5cc(-c6nc(-c7cn[nH]n7)cs6)cnc54)cc3)CC2O)CC1,中毒,25.779575,15.812932
O=C1c2nc(-c3cn[nH]n3)nc(C(F)(F)F)c2C(c2ccc(Cl)cc2)N1c1cc(Cl)cn(C2CCS(=O)(=O)C2)c1=O,中毒,26.741713,14.710186
Fc1cc(-c2cc3cc(-c4cn[nH]n4)ccc3c(-c3cn[nH]c3)n2)c(F)c(F)c1F,高毒,4.7044334,43.43538
O=C1NC(c2ccc(Cl)cc2)c2c1cc(C1=C3C=C(c4cn[nH]n4)C=C3CC1c1ccc(Cl)cc1)n2-c1ccc(Cl)cc1,中毒,13.941111,21.73331
O=c1c(N2Nc3cc(-c4cn[nH]n4)cc(-c4ccc(Cl)cc4F)c3C2c2ccc(Cl)cc2)cc(Cl)cn1C1CC(O)C(O)C1,中毒,6.6298738,10.425424
O=C1c2cc(-c3cn[nH]n3)c(-c3cc(Cl)c(Cl)c(Cl)c3)n2C(c2ccc(Cl)cc2)N1c1cc(Cl)cn(C2CC(O)(CO)C2)c1=O,中毒,19.951618,13.503714
Fc1cccc(-n2c(-c3cn[nH]n3)cc3cc(Br)cnc32)c1,中毒,9.793984,56.643116
O=c1c(N2C(c3ccc(Cl)cc3)c3c(-c4c(Cl)cncc4Cl)cc(-c4cn[nH]n4)cc3S2(=O)=O)cc(Cl)cn1C1CC(O)(CO)C1,中毒,9.825931,16.862432
O=C1c2cc(-c3cn[nH]n3)c(-c3cc(F)c(Cl)cc3F)n2C(c2ccc(Cl)cc2)N1c1cc(Cl)cn(CC2CC(O)(CO)C2)c1=O,中毒,36.83937,13.503714
c1cncc(-c2cnc3c(Nc4ccc(CN5CCOCC5)cc4)c(-c4cnccn4)c(-c4cn[nH]n4)cn23)c1,中毒,14.902493,14.230043
Fc1cc(Br)cc(I)c1-c1cc2c(Cl)c(C3=NN=C4C=C(c5cn[nH]n5)C=C43)ccn2c1,中毒,61.094456,71.72016
O=C1c2cc(-c3cn[nH]n3)nc(-c3cn(-c4c(Cl)cccc4Cl)oc3=O)c2C(c2ccc(Cl)cc2)N1c1cc(Cl)cn(C2CC(O)(CO)C2)c1=O,中毒,19.24008,12.110745
O=C1c2ncc(-c3cn[nH]n3)cc2C(c2ccc(Cl)cc2)N1c1cc(Cl)cn(C2CC(O)(CO)C2)c1=O,中毒,52.723274,26.588243
O=c1c(N2C(c3ccc(Cl)cc3)c3c(cc(-c4cn[nH]n4)n3-c3ccc(Cl)cc3Cl)C2(O)C(F)(F)F)cc(Cl)cn1C1CC(O)(CO)C1,中毒,36.83937,13.503714
FC(F)(F)c1nc2ccc(-c3cc(-c4ccc(N5CCOCC5)nc4)cc4cc(-c5cn[nH]n5)cnc34)cc2s1,中毒,37.38892,134.887
O=c1c(N2Cc3cc(-c4cn[nH]n4)c(-c4cc(Cl)ccc4Cl)nc32)cc(Cl)cn1C1CC(O)(CO)C1,中毒,26.529194,17.529741
O=C1C(c2cn[nH]n2)=Nn2c1c(-c1ccsc1)c(-c1ccncc1)c2-c1ccc(OC(F)(F)F)cc1,中毒,21.671394,16.854969
O=S1(=O)Cc2c(cc(-c3cn[nH]n3)n2-c2ccc(Cl)cc2)C1c1ccc(Cl)cc1-c1ccc(Cl)cc1,低毒,27.422527,21.109474
O=C1c2ncc(-c3cn[nH]n3)cc2C(c2cccc(Cl)c2)N1c1cc(Cl)cn(C2CC(O)(CO)C2)c1=O,中毒,52.723274,26.588243
Fc1cc(Cl)ccc1-n1c(-c2cn[nH]n2)cc2c1C(c1ccc(Cl)cc1)Nc1cc(Nc3cc[nH]n3)c(Cl)c(Cl)c1-2,中毒,19.488192,17.421988
O=S1(=O)Cc2cc(F)ccc2NC1c1cn[nH]n1,高毒,32.605404,45.059296
O=C1C(C#CC2(Oc3ccc(Br)cc3)COC2=O)=CN=C2C1=C(c1cn[nH]n1)N2c1ccc(F)cc1,中毒,57.80024,63.52259
O=C1c2cc(Cl)c(F)cc2-c2cc(-c3cn[nH]n3)n(-c3cccc(Cl)c3)c21,中毒,12.061262,20.554188
O=C1c2cc(-c3cn[nH]n3)c(-c3cc4c(s3)CCC4)n2C(c2ccc(Cl)cc2)N1c1cc(Cl)cn(C2CC(O)(CO)C2)c1=O,中毒,32.17651,13.503714
O=C1C2c3cc(-c4cn[nH]n4)cn3C2(c2ccc(Cl)cc2)C(c2ccc(Cl)cc2)N1c1cc(Cl)cc(Cl)c1,中毒,29.869984,16.825068
O=C1c2cccc3cccc(c23)-c2[nH]c3cc(-c4cn[nH]n4)cc(-c4c(Cl)cccc4Cl)c3c21,中毒,5.53874,29.0844
