smiles,toxicity,aureus_MIC,ecoli_MIC,QED,SA
Cc1n[nH]nc1-c1ccc2c(Nc3ccc(Br)cc3)ncnc2c1,中毒,23.939896,84.3351,0.555332397,2.478275441
Cc1n[nH]nc1-c1ccc2c(-c3ccc(Oc4ccc5cnc(Cl)cc5c4)cc3)ccnc2c1,中毒,7.6600933,54.366684,0.284954953,2.713797554
Cc1n[nH]nc1-c1c(COc2cccc(F)c2)c(=O)c1=O,低毒,12.919413,10.16419,0.726094799,2.767494729
Cc1n[nH]nc1Nc1cc2c(cc1F)c(=O)c(C(=O)O)cn2C1CC1,中毒,34.817905,28.471107,0.670067175,2.799385015
Cc1n[nH]nc1-c1cc2c(-c3ccc(Cl)c(Cl)c3)ncnc2cc1OCCC(N)=O,中毒,12.48849,80.43063,0.465765144,2.805709327
Cc1n[nH]nc1-c1cc2c(=O)c(-c3ccc(Cl)cc3)cn(C3CC3)c(=O)c2cc1Cl,中毒,6.0093484,42.22615,0.499114505,2.808499307
Cc1n[nH]nc1-c1cc(-c2c(Cl)cccc2Cl)c2c(-c3ccc(Cl)cc3)nc(N)nc2c1,中毒,10.320919,109.7814,0.302665459,2.824294456
Cc1n[nH]nc1-c1ccc2c(c1)S(=O)(=O)c1cc(-c3ccc(-c4cccs4)cc3)ccc1-2,高毒,6.0621834,12.555728,0.355658838,2.825264472
Cc1n[nH]nc1S(=O)(=O)c1ccc2c(c1)c(=O)n(CC(=O)O)c(=O)n2C,中毒,7.3112206,10.748518,0.586867796,2.83852883
Cc1n[nH]nc1-c1cc2c(-c3ccc(Br)c(Cl)c3)ncnc2s1,低毒,18.15647,23.638176,0.515618682,2.905287325
Cc1n[nH]nc1-c1cc(O)c2c(=O)c(C(=O)O)cn(C3CC3)c2c1,中毒,7.55039,9.046096,0.674954539,2.918858678
Cc1n[nH]nc1-c1cc2c(cc1F)c(=O)c(C(=O)O)cn2-c1ccc(C#N)cc1F,中毒,41.335503,14.222077,0.538013535,2.918894422
Cc1n[nH]nc1-c1cc2c(c(-c3c(Cl)cccc3Cl)c1)C(c1ccc(Cl)cc1)=N2,中毒,3.8222857,188.9466,0.332597986,2.922834152
Cc1n[nH]nc1-c1c(F)cc2c(=O)c(C(=O)O)cn(C3CC3)c2c1F,中毒,14.714939,14.585629,0.758334552,2.925601236
Cc1n[nH]nc1-c1cc(-c2c(Cl)cccc2Cl)c2c(-c3ccc(Cl)cc3)c(O)n(-c3ccc(Cl)cc3)c2c1,中毒,47.209713,52.316025,0.218444764,2.929078275
Cc1n[nH]nc1-c1cc(-c2c(Cl)cccc2Cl)c2c(c1)-c1c(Cl)cc(Cl)cc1C2=O,中毒,10.21779,69.9476,0.292249874,2.933591066
Cc1n[nH]nc1-c1cc(-c2cncc(-c3ccc(O)c(F)c3)c2)c2c(N)ncnc2c1,中毒,12.161831,25.671183,0.409585159,2.935308889
Cc1n[nH]nc1S(=O)(=O)N1CCC(Oc2ccc(N3CCN(S(=O)(=O)c4c(F)cccc4Cl)CC3)cc2)CC1,中毒,9.139862,12.478919,0.439496255,2.936770979
Cc1n[nH]nc1-c1cc2c(c(-c3c(Cl)cccc3Cl)c1)CN(Cc1ccc(-c3cncnc3)cc1)CC2,中毒,24.76584,50.3613,0.273272471,2.937048227
Cc1n[nH]nc1-c1cc2c(c(-c3c(Cl)cccc3Cl)c1)C(=O)c1cc(C=CC(=O)O)ccc1-2,中毒,27.65705,140.09677,0.307468486,2.937297621
Cc1n[nH]nc1-c1c(C)c2cc(Cl)c(O)cc2oc1=O,中毒,33.438812,42.672882,0.672239145,2.941539572
Cc1n[nH]nc1-c1cc2c(=O)n(-c3cccc(F)c3)cc(-c3c(Cl)cccc3Cl)c(=O)c2cc1Cl,中毒,4.40884,76.57623,0.302410454,2.947290358
Cc1n[nH]nc1-c1cc2c(c(-c3c(Cl)cccc3Cl)c1)-c1nc3cc(Cl)ccc3nc1-2,低毒,21.944105,55.344128,0.299492229,2.953753833
Cc1n[nH]nc1N1C(=O)c2cc(C(=O)Nc3cc(C(F)(F)F)nn3-c3cccnc3)ccc21,中毒,23.939522,44.808636,0.488276913,2.955915487
Cc1n[nH]nc1-c1cc2c(-c3ccc(NS(=O)(=O)c4ccc(Cl)cc4)cc3)ncnc2cc1OC1CC(C)(C)C1,中毒,12.584297,9.6744995,0.230027239,2.973126893
Cc1n[nH]nc1-c1cc2c(c(-c3c(Cl)cccc3Cl)c1)CN(Cc1ccc(C#N)c3ccccc13)CC2,中毒,14.111431,82.772285,0.267218625,2.974605859
Cc1n[nH]nc1-c1c(F)cc2c(=O)c(C(=O)O)cn(CC3CCC3)c2c1F,中毒,14.714939,14.585629,0.731296227,2.979027833
Cc1n[nH]nc1-c1cc2c(c(-c3c(Cl)cccc3Cl)c1)CN(c1nc(-c3ccc(F)cc3)cs1)C2,中毒,16.273787,14.913823,0.265066233,2.98088832
Cc1n[nH]nc1-c1ccc2c3ccc(S(=O)(=O)Nc4ccon4)cc3c(=O)n(Cc3ccc(Cl)c(Cl)c3)c2c1,中毒,25.937716,12.632777,0.251810714,2.982896396
Cc1n[nH]nc1-c1cc(-c2c(Cl)cccc2Cl)nc2c(C(=O)O)c(-c3ccc4ccccc4c3)sc12,中毒,11.688109,13.503714,0.241469247,2.987977124
Cc1n[nH]nc1-c1cc2c(c(-c3c(Cl)cccc3Cl)c1)CN(S(=O)(=O)c1cc(Cl)cc(Cl)c1)CC2,中毒,27.06655,41.35289,0.293661527,2.989792399
Cc1n[nH]nc1-c1cc2c3ccc(Cl)cc3c(C)c(C(N)=O)c2n1-c1cccc(Br)c1,中毒,14.396032,35.33362,0.336998798,2.996947735
Cc1n[nH]nc1-c1cc(-c2c(Cl)cccc2Cl)c2c(c1)-c1c-2[nH]c2ccccc2c1=O,中毒,11.659181,23.520329,0.331270847,2.998086418
Cc1n[nH]nc1-c1cc(C(=O)c2cc(NC(=O)c3cc(-c4ncccn4)ccc3Cl)c(Cl)cc2Cl)cn1C,中毒,5.4575424,47.565987,0.242712977,3.009610302
Cc1n[nH]nc1-c1csc(-c2c(Nc3ccc(F)c(Cl)c3)c(=O)c2=O)c1,低毒,13.057262,14.672626,0.520989157,3.015297772
Cc1n[nH]nc1N(C)c1cc2c(cc1F)c(=O)c(C(=O)O)cn2C1CC1,中毒,15.456545,23.577955,0.742803487,3.029567084
Cc1n[nH]nc1-c1cc2ccc(S(C)(=O)=O)c3c(c-2c1)c(=O)c(C(=O)O)cn3C1CC1,中毒,12.642022,16.42101,0.499913495,3.034135378
Cc1n[nH]nc1-c1ccc2c(-c3ccc(Cl)cc3)nc(-c3cnc(C(N)=O)c(NS(=O)(=O)c4cccc(Br)c4)c3)nc2c1,中毒,112.92111,11.870245,0.19160521,3.036739698
Cc1n[nH]nc1-c1cc2c(c(-c3c(Cl)cccc3Cl)c1)CN(Cc1ccoc1)C2,低毒,25.232574,61.179253,0.444883647,3.039593493
Cc1cc2nc(N3CCN(C)CC3)nc(-c3ccc4cc(Br)ncc4c3)c2cc1-c1n[nH]nc1C,中毒,7.0830503,33.47811,0.337455289,3.040380171
Cc1n[nH]nc1-c1cc2c(c(-c3c(Cl)cccc3Cl)c1)CN(Cc1ccc(-c3ccccc3C#N)nc1)C2,中毒,6.72958,61.179253,0.256418999,3.043306876
Cc1n[nH]nc1-c1cc2c(c(-c3c(Cl)cccc3Cl)c1)CN(S(=O)(=O)c1ccc(-c3cccnc3)nc1)CC2,中毒,55.84257,41.35289,0.276615361,3.045769161
Cc1n[nH]nc1C1(c2ccc(Cl)cc2Cl)CCN(C(=O)c2c(F)ccc(F)c2Cl)CC1,中毒,19.14301,32.87608,0.49315554,3.054508355
Cc1n[nH]nc1-c1cnc2c3cc(OCc4c(Cl)cccc4Cl)c(Cl)cc3c(=O)n(Cc3cccc(Cl)c3Cl)c2c1,中毒,13.104675,99.16331,0.183608324,3.064931492
Cc1n[nH]nc1-c1cc(-c2c(Cl)cccc2Cl)c2sc3cc(Br)c(Br)cc3c2c1,中毒,6.7358212,13.172107,0.23180601,3.065719706
Cc1n[nH]nc1NC1=C(Br)C(=O)N(c2ccc(I)cc2)C1=O,高毒,11.932527,28.305622,0.526952339,3.066675942
Cc1n[nH]nc1-c1cc2c(c(-c3c(Cl)cccc3Cl)c1)COc1cc(Br)c(C(N)=O)cc1-2,中毒,11.214971,30.35978,0.331297316,3.067843281
Cc1n[nH]nc1-c1cc(-c2c(Cl)cccc2Cl)c2oc3cc(Cl)c(-c4cncc(Cl)c4)cc3c2c1,中毒,3.3706906,48.071613,0.243342864,3.068849755
Cc1n[nH]nc1-c1cc2c(c(-c3c(Cl)cccc3Cl)c1)C(=O)c1c(Cl)cc(Cl)c(Cl)c1C2=O,中毒,11.948032,12.969835,0.23681812,3.070304105
Cc1n[nH]nc1-c1cc2c(-c3cccc(Br)c3)nc(N3CCOCC3)nc2cc1NC(=O)C1(C)CC1,中毒,73.872406,35.372528,0.371375117,3.071798782
Cc1n[nH]nc1-c1c(C2(S(=O)(=O)c3ccc(Cl)cc3)CC2)c1=O,中毒,15.868444,28.094482,0.778461819,3.072405707
Cc1n[nH]nc1-c1c(F)cc2c(=O)c(C(=O)O)coc2c1F,中毒,24.027723,14.622489,0.747637791,3.076047973
Cc1n[nH]nc1-c1cc2c(c(-c3c(Cl)cccc3Cl)c1)C(c1ccc3c(c1)OCO3)=NCC2,中毒,27.037685,72.64984,0.400379927,3.076764122
Cc1n[nH]nc1-c1cc(-c2c(Cl)cccc2Cl)c2c(-c3ccc(Cl)cc3)nc3nc(-c4ccncc4)ncc3c2c1,中毒,3.4883673,60.631927,0.205069821,3.077536497
Cc1n[nH]nc1-c1cc(-c2c(Cl)cccc2Cl)c2c(-c3ccc(Cl)cc3)nc3c(Cl)cc(-c4cc(Cl)cc(Cl)c4)cc3c2c1,中毒,4.075751,65.49796,0.186588307,3.082119679
Cc1n[nH]nc1-c1ccc2c(C(=O)N3CCC(F)(F)CC3)nsc2c1,中毒,312.91074,26.395319,0.758307903,3.082142244
Cc1n[nH]nc1-c1cc2c(cc1-c1c(Cl)cccc1Cl)CN(C(=O)Nc1ccc(Br)s1)CC2,中毒,52.34652,28.106306,0.277804416,3.086829589
Cc1n[nH]nc1-c1cc(-c2c(Cl)cccc2Cl)c2c(-c3ccc(Cl)cc3)nc3c(C(=O)Nc4cccc(F)c4)c(F)ccc3c2c1,中毒,13.017653,14.387081,0.178595455,3.08730671
Cc1n[nH]nc1C1CN(c2c(F)cc3c(=O)c(C(=O)O)cn(C4CC4)c3c2F)C1,中毒,6.836479,15.665938,0.695540882,3.090532107
Cc1n[nH]nc1-c1cc2c(c(-c3c(Cl)cccc3Cl)c1)C(c1ccc3c(c1)OCCO3)=NCC2,中毒,27.037685,72.64984,0.386401327,3.091178295
Cc1n[nH]nc1-c1cc2c(c(-c3c(Cl)cccc3Cl)c1)NN(c1ccc(Cl)cc1)C2,中毒,48.060913,8.787474,0.35766434,3.091385124
Cc1n[nH]nc1-c1cc2c(c(-c3c(Cl)cccc3Cl)c1)CCN(c1c(Cl)cncc1Cl)C2,中毒,12.417998,44.204628,0.325376597,3.093020914
Cc1n[nH]nc1-c1cc2c(c(-c3c(Cl)cccc3Cl)c1)CN(C(=O)NC1(c3ccc(Cl)cc3)CC1)CC2,中毒,74.31498,24.49085,0.281939271,3.094045296
Cc1n[nH]nc1-c1cc2c(cc1-c1c(Cl)cccc1Cl)N(c1cc(Cl)cnc1Cl)C2=O,中毒,14.571511,21.051918,0.322135609,3.099380627
Cc1n[nH]nc1C1(c2cc(NC(=O)c3ccc(F)c(Cl)c3)cc3c(Cl)cc(Cl)cc23)COC1,中毒,30.09256,152.16562,0.359972249,3.10147449
Cc1n[nH]nc1-c1cc(-c2c(Cl)cccc2Cl)c2oc3cc(Cl)c(Cl)c(Cl)c3c2c1,中毒,3.1828396,46.490223,0.248437102,3.102738318
Cc1ncc(Cl)cc1N1C(=O)c2cc(-c3n[nH]nc3C)cc(-c3c(Cl)cccc3Cl)c21,中毒,25.389584,17.403862,0.375641329,3.113619884
Cc1n[nH]nc1-c1cc2c(c(-c3c(Cl)cccc3Cl)c1)Cc1cnc(NCc3ccc(NS(C)(=O)=O)cc3)nc1-2,中毒,35.990665,39.9682,0.204631259,3.119939945
Cc1n[nH]nc1-c1cc2c(c(-c3c(Cl)cccc3Cl)c1)Oc1cc(Br)c(O)cc1C2,中毒,44.09653,17.252827,0.274591081,3.120103354
Cc1n[nH]nc1-c1cc(-c2c(Cl)cccc2Cl)c2c(-c3ccc4c(c3)OCO4)nnc(-c3c(Cl)cccc3Cl)c2c1,中毒,1.8876137,91.86474,0.211496003,3.124010607
Cc1ccc(-c2c(-c3ccncc3)c(SCc3ccc(Cl)cc3)nc3cc(-c4n[nH]nc4C)cc(-c4c(Cl)cccc4Cl)c23)cc1,中毒,1.8876137,24.978395,0.169959598,3.126216341
Cc1n[nH]nc1-c1cc(-c2c(Cl)cccc2Cl)c2sc3cc(Cl)c(=O)n(-c4ccc(F)cc4)c3c2c1,中毒,46.135242,14.206573,0.240129383,3.132889236
Cc1n[nH]nc1-c1cc2c(c(-c3c(Cl)cccc3Cl)c1)-c1cc3c(c(=O)n1C2)CCCC3,中毒,12.025834,61.572124,0.358767654,3.135187662
Cc1n[nH]nc1-c1cc2c(c(-c3c(Cl)cccc3Cl)c1)-c1cc(Cl)c(O)c(Cl)c1C2,中毒,62.745747,59.28425,0.279860534,3.135565242
Cc1n[nH]nc1-c1cc2c(c(-c3c(Cl)cccc3Cl)c1)-c1cc3c(c(=O)n1C2)CCC3,中毒,9.288832,61.572124,0.390861701,3.137378725
Cc1n[nH]nc1-c1cc2c(-c3c(Cl)cccc3Cl)oc3cc(S(=O)(=O)NCc4cnn(C)c4)ccc3c-2c1,低毒,39.3044,16.443811,0.262049989,3.140251352
Cc1n[nH]nc1-c1cc2c(cc1-c1cc(Cl)ccc1Cl)oc1cc(Cl)c(S(=O)(=O)Nc3ccncn3)cc12,低毒,159.05904,10.809126,0.225292904,3.140509044
Cc1n[nH]nc1-c1cc(-c2c(Cl)cccc2Cl)c2c(c1)N(c1ccc(Cl)cc1)C2(c1ccc(Cl)cc1)c1ccc(Cl)cc1,低毒,3.7002773,45.224552,0.199802317,3.14220859
Cc1n[nH]nc1-c1cc2c(c(-c3c(Cl)cccc3Cl)c1)CS(=O)(=O)C2,中毒,10.5336895,24.726858,0.707594915,3.146946841
Cc1n[nH]nc1-c1ccc2c(c1)oc1cc(Cl)c(-c3cncc(NS(=O)(=O)c4ccc(F)c(F)c4Cl)c3)cc12,中毒,4.4276323,9.991621,0.207973039,3.151055314
Cc1n[nH]nc1Sc1c(Cl)cncc1Cl,高毒,39.374763,29.726332,0.902418412,3.151392459
Cc1n[nH]nc1-c1cc2c(c(-c3c(Cl)cccc3Cl)c1)CN(S(=O)(=O)c1ccc3c(c1)c(=O)n(C)c(=O)n3C)C2,中毒,51.91119,24.979067,0.33422653,3.152918378
Cc1n[nH]nc1-c1cc(-c2c(Cl)cccc2Cl)c2oc3ccc(-c4nc5cccnc5n4-c4cccnc4)cc3c2c1,中毒,8.59125,45.900856,0.22157847,3.154946825
Cc1n[nH]nc1-c1cc2c(c(-c3c(Cl)cccc3Cl)c1)CN(C(=O)NCCCNS(=O)(=O)c1ccc3c(c1)OCO3)CC2,中毒,49.21814,22.869007,0.231917797,3.161389453
Cc1n[nH]nc1-c1csc(-c2c(Nc3cccc(Cl)c3CO)c(=O)c2=O)c1,低毒,16.279179,14.18511,0.444318706,3.164407743
Cc1n[nH]nc1-c1cc2c(c(-c3c(Cl)cccc3Cl)c1)C(=O)c1cc(Cl)c(NC(=O)Cc3cccc(Cl)c3F)cc1CC2,中毒,34.75728,16.887266,0.198596322,3.168457207
Cc1n[nH]nc1-n1c(=O)ccc2cc(S(=O)(=O)Nc3cncnc3)c(-c3cc(Cl)cc(Cl)c3)cc2c1=O,中毒,13.464555,22.85157,0.334444931,3.169154785
Cc1n[nH]nc1-c1cc2c(c(-c3c(Cl)cccc3Cl)c1)Cc1c(-c3ccco3)n[nH]c1-2,中毒,14.753624,71.69229,0.332499242,3.171202165
Cc1n[nH]nc1-c1cc2c(c(-c3c(Cl)cccc3Cl)c1)N(c1cc(Cl)cn(Cc3ccc(F)cc3)c1=O)C2=O,中毒,25.68394,17.334517,0.241487744,3.173094615
Cc1n[nH]nc1-c1cc(-c2c(Cl)cccc2Cl)c2c(c1)-n1c(N)nc(-c3ccc(F)cc3)c1C2,中毒,18.379461,12.361643,0.307350321,3.176044534
Cc1n[nH]nc1C1=C(C2(c3ccc(Cl)cc3Cl)CC2)c2c(Cl)ccc(Cl)c2C1=O,中毒,20.278059,20.443094,0.476569535,3.179547037
Cc1n[nH]nc1N(Cc1cccc(C(=O)NCc2ccncc2)c1)c1nc2c(cc1F)c(=O)c(C(=O)O)cn2C1CC1,中毒,7.6961308,8.637239,0.241181287,3.183978947
Cc1n[nH]nc1C1(c2ccc(Cl)nc2)CCOCC1,中毒,31.588448,22.44659,0.856069799,3.189253699
Cc1n[nH]nc1CN(C)Cc1nnc2c(Br)cc(Cl)cn12,低毒,68.58185,24.967907,0.761866144,3.189499683
Cc1n[nH]nc1-c1ccc2c(c1)S(=O)(=O)c1cc(C#Cc3cccc(F)c3Cl)ccc1-2,低毒,26.4833,14.4069395,0.373366774,3.189812795
Cc1n[nH]nc1-c1cc(-c2c(Cl)cccc2Cl)c2c(c1)c1c(Cl)c(O)c(Cl)cc1c(=O)n2Cc1cccc(Cl)c1,中毒,13.379013,47.951794,0.190601655,3.190497811
Cc1n[nH]nc1-c1cc2c(c(-c3c(Cl)cccc3Cl)c1)COc1c(Cl)cc(C=Cc3ccc(F)c(F)c3)cc1-2,中毒,12.848309,44.223476,0.215475511,3.191375813
Cc1n[nH]nc1-c1cc2c(c(-c3c(Cl)cccc3Cl)c1)CN(C(=O)NCc1cc([N+](=O)[O-])ccc1OC(F)(F)F)C2,中毒,47.01282,104.19745,0.183781646,3.197331653
Cc1n[nH]nc1-c1cc2c(Cl)cc(Cl)c3c(c-2c1C)c(=O)c(C(=O)O)cn3C1CC1,中毒,15.956555,10.171913,0.471666344,3.198186603
Cc1n[nH]nc1-c1cc2c(c(-c3c(Cl)cccc3Cl)c1)C(=O)c1c-2cc(OCCN)c(F)c1Cl,中毒,24.568031,30.240894,0.293929258,3.198222226
Cc1n[nH]nc1-c1c(Oc2ccc(NC(=O)NC(c3ccc(F)cc3)c3ccc(F)cc3)cc2)c(Cl)cc2c(=O)c(C(=O)O)cn(C3CC3)c12,中毒,17.578623,18.16599,0.120593979,3.198952266
Cc1n[nH]nc1-c1cc2c(c(-c3c(Cl)cccc3Cl)c1)CN(C(=O)NC1(c3ccc(S(N)(=O)=O)cc3)CC1)CC2,中毒,82.22866,23.323427,0.292393989,3.200834212
Cc1n[nH]nc1N=C(S)N(Cc1cncnc1)c1ccc(OCc2cccc(Cl)c2)c(F)c1,中毒,3.6281953,56.60808,0.220554706,3.201451896
Cc1n[nH]nc1-c1cc2ccnc(-c3cc(Cl)cc(Cl)c3Oc3ccc(NS(=O)(=O)c4ccc(F)cc4)cc3)c2cc1-c1c(Cl)cccc1Cl,中毒,11.468148,8.42565,0.159400351,3.202304823
Cc1n[nH]nc1-c1cc(-c2c(Cl)cccc2Cl)c2c(c1)-c1c(c(C(=O)O)cn1C1CC1)C2=O,低毒,6.141577,19.632944,0.33941881,3.203284356
Cc1n[nH]nc1-c1cc(-c2c(Cl)cccc2Cl)c2sc3c(=O)c(C(=O)O)cn(C4CC4)c3c2c1,中毒,12.233928,14.761275,0.294310826,3.20664506
Cc1n[nH]nc1-c1cc(-c2c(Cl)cccc2Cl)c2oc3cc(Br)c(S(=O)(=O)Nc4ncccc4F)cc3c2c1,中毒,43.160187,16.988008,0.197941228,3.209141189
Cc1n[nH]nc1C1=Cc2c1c(-c1ccc(N)cc1)nn(C1CCN(C(=O)c3cccs3)CC1)c2=O,中毒,13.813489,24.335232,0.376459555,3.209506142
Cc1n[nH]nc1-c1cc2c(Cl)nc(-c3ccc(Cl)cc3F)c3c(c-2c1)c(=O)c(C(=O)O)cn3C1CC1,中毒,9.76028,8.335111,0.31005442,3.211538186
Cc1n[nH]nc1-c1cc2c(c(-c3c(Cl)cccc3Cl)c1)COC(N)=C(C(=O)N1CCN(c3ccccc3)CC1)C2,中毒,81.97231,20.785044,0.340711966,3.214262068
Cc1n[nH]nc1N(Cc1cn(-c2ccc([N+](=O)[O-])cc2)nn1)c1cc2cc(Br)ccc2oc1=O,中毒,18.468325,82.160835,0.199201197,3.220573479
Cc1n[nH]nc1-c1cc2c(c(-c3c(Cl)cccc3Cl)c1)C(c1ccnc(Nc3c(Cl)cccc3Cl)c1)=NCC2,中毒,10.423939,48.374004,0.213739531,3.223577265
Cc1n[nH]nc1-c1cc(-c2c(Cl)cccc2Cl)c2oc3cc(-c4cn[nH]c4)c(Br)cc3c2c1,中毒,3.6637638,18.493614,0.240478458,3.223904527
Cc1n[nH]nc1-c1cc2c3ccc(S(=O)(=O)Nc4nccs4)cc3c(=O)c3c(Cl)nccc3cc-2c1C,中毒,29.875116,19.804213,0.29061737,3.225602219
Cc1n[nH]nc1-n1c2c(c(=O)n(Cc3ccc(Cl)cc3)c1=O)-c1cc(Br)c(-c3ccc(Cl)cc3F)c(C)c1-2,中毒,11.212591,34.810616,0.252947493,3.227399828
Cc1n[nH]nc1-c1cc2c(c(-c3c(Cl)cccc3Cl)c1)S(=O)(=O)c1cc(Cl)c(F)cc1-2,中毒,6.973956,9.181984,0.289745732,3.229071324
Cc1n[nH]nc1-c1cc2c(c(-c3c(Cl)cccc3Cl)c1)C(=O)c1c(Cl)cc(-c3ccnc(F)c3C)cc1-2,中毒,10.24225,64.894455,0.226249364,3.229380229
Cc1n[nH]nc1-c1csc2c(=O)n(C)c(-c3cc(Br)cc(C(=O)Nc4cc(Cl)cc(Cl)c4)c3F)cc12,中毒,47.16925,15.78805,0.234685958,3.229547879
Cc1n[nH]nc1-c1cc(-c2c(Cl)cccc2Cl)c2c(c1)N(c1ccc(I)cc1)C2(c1ccc(Cl)cc1)c1ccc(Cl)cc1,低毒,3.7002773,45.224552,0.178351056,3.232530542
Cc1n[nH]nc1C=C1N=C(c2cccs2)c2cc(Br)ccc2NC1=O,中毒,10.593967,65.931015,0.62668457,3.238649313
Cc1n[nH]nc1-c1c(-c2ccc(F)cc2F)c(C2(c3ccc(Cl)cc3)CC2)c2c(N)ncnc2c1-c1ccc(F)cc1,中毒,3.8652442,42.59727,0.216333787,3.238672419
Cc1n[nH]nc1-c1cc(-c2c(Cl)cccc2Cl)c2c(c1)-c1c(c(-c3cc(Cl)cc(Cl)c3)nn(-c3ccc(F)cc3)c1=O)C2,中毒,2.0593567,25.483757,0.206646356,3.239062649
Cc1n[nH]nc1-c1cc2c(c(-c3c(Cl)cccc3Cl)c1)C(N)=C(C#N)CC2,中毒,41.234703,92.48578,0.645044101,3.240301063
Cc1n[nH]nc1C1CC(c2ccc(-c3cc(Cl)ccc3Cl)cc2)=NN1C(=O)c1ccc(C#N)cc1,中毒,12.12035,24.503298,0.373713807,3.241835288
Cc1n[nH]nc1C1=Cc2c1cc1c(-c3ccccc3)c(-c3ccc(Cl)cc3)c(-c3c(Cl)cccc3Cl)nc1c2C(N)=O,中毒,54.29604,32.233738,0.204366778,3.241875428
Cc1n[nH]nc1-c1cc2c(c(-c3c(Cl)cccc3Cl)c1)CN(c1nc(Cl)cn(-c3ccc(F)cc3)c1=O)C2,中毒,7.9800787,69.92067,0.264266356,3.245182121
Cc1n[nH]nc1-c1cc2c(c(-c3c(Cl)cccc3Cl)c1)C(c1ccc(Cl)cc1)=NC(N)=NN2,中毒,5.5935507,127.40024,0.328274423,3.245250211
Cc1n[nH]nc1-c1cc2c(c(-c3c(Cl)cccc3Cl)c1)CSc1cc(S(=O)(=O)Nc3ccncn3)ccc1-2,中毒,35.09882,19.834368,0.239934049,3.245603433
Cc1n[nH]nc1-c1cc2c(c(-c3c(Cl)cccc3Cl)c1)CN(c1nc(Nc3ccc(Cl)c(Cl)c3)nc3ccsc13)C2,中毒,13.067162,23.173801,0.195739245,3.247226122
Cc1n[nH]nc1-c1cc2c(cc1-c1c(Cl)cccc1Cl)N(c1c(Cl)cnc(Cl)c1Cl)C2,低毒,21.189257,16.0285,0.285653194,3.249407682
Cc1n[nH]nc1-c1cc2c(c(-c3c(Cl)cccc3COc3ccc(C(=O)NCc4ccc(F)cc4)cc3)c1)CN(C(=O)c1c(Cl)ccc(Cl)c1Cl)C2,中毒,36.10098,21.987114,0.142591863,3.253062926
Cc1n[nH]nc1-c1cc2c(Oc3ccc(Br)cc3F)c(F)c(F)c3c(=O)c(C(=O)O)cn(C4CC4)c3c-2c1,中毒,17.876152,16.862432,0.254159845,3.253082341
Cc1n[nH]nc1-c1cc2c(c(-c3c(Cl)cccc3Cl)c1)C[N+](C)(C)CC2,中毒,27.59705,82.772285,0.635664258,3.254422746
Cc1n[nH]nc1-c1ccc2c(c1)c(=O)c(C(=O)Nc1cncc(Cl)c1)cn2-c1cccc(OCCN2CCC(O)(C(=O)O)CC2)c1,中毒,25.563725,39.65367,0.185370405,3.25465809
Cc1n[nH]nc1-c1cc2c(c(-c3c(Cl)cccc3Cl)c1)CN(c1nc(-c3c(C)noc3C)cs1)C2,中毒,45.145386,13.417934,0.273089012,3.256268524
Cc1n[nH]nc1C1CC(c2ccc(-c3c(Cl)cccc3Cl)cc2)=NO1,微毒,7.710887,108.72299,0.706431849,3.256735076
Cc1n[nH]nc1-c1cc(-c2c(Cl)cccc2Cl)c2c(c1)-c1c(cc(Cl)c(Oc3ccc(Cl)c(Cl)c3Cl)c1C)C2=O,中毒,8.927994,15.465585,0.192961105,3.256871808
Cc1n[nH]nc1-c1cc2c(c(-c3c(Cl)cccc3Cl)c1)C(c1ccc(Cl)cc1)N2,低毒,7.1754513,56.697605,0.362535237,3.256963359
Cc1n[nH]nc1-c1cc2c(c(-c3c(Cl)cccc3Cl)c1)C[N+](C)(C)C2,中毒,22.156107,61.179253,0.652213861,3.258940467
CC1=C(c2n[nH]nc2C)c2c1cc(-c1ccc(C)c(NS(=O)(=O)c3ccc(C#N)cc3)c1)cc1c(=O)n(-c3ccc(Cl)cc3)nc2-1,中毒,14.475953,16.680515,0.214291544,3.259759564
Cc1n[nH]nc1-c1ccc2cc3c(S(=O)(=O)c4ccccc4F)c(Cl)cc4c(=O)c(C(=O)O)cn(C5CC5)c4c-3c2c1,中毒,8.194167,13.425221,0.246557103,3.259851256
Cc1n[nH]nc1-c1cc2c(c(-c3c(Cl)cccc3Cl)c1)CN(c1cc(Cl)nn(-c3ccc(O)cc3)c1=O)C2,中毒,50.315456,83.387985,0.269966359,3.260591095
Cc1n[nH]nc1-c1c(Oc2ccc(S(=O)(=O)Nc3nccs3)cc2F)c(F)cc2c(=O)c(C(=O)O)cn(C3CC3)c12,中毒,44.024487,12.452852,0.232809423,3.261659183
Cc1n[nH]nc1C(=O)N1CC(=O)c2noc(C)c2C1,低毒,12.803189,23.287802,0.788335929,3.261703806
Cc1n[nH]nc1-c1cc2c(c(-c3c(Cl)cccc3Cl)c1)Cc1c(O)cc(-c3cc(Cl)ccc3CO)cc1C2,中毒,44.399525,43.048935,0.204969248,3.262757762
Cc1n[nH]nc1-c1cnc2c(c1)Cc1c(Cl)cc(-c3c(Cl)cc(C#N)cc3Cl)cc1-2,中毒,18.336569,74.49448,0.343439804,3.264324892
Cc1n[nH]nc1Sc1nc(C)c(C)c(-c2ccc3ncsc3c2)c1-c1ccc(NC(=O)N2CCC(Oc3ccc(Cl)cc3)CC2)cc1,中毒,81.16085,15.850935,0.173134321,3.26540064
Cc1n[nH]nc1C(C)(C)C(=O)N1Cc2cc(-c3noc(-c4cc(F)cc(Cl)c4)n3)c(Cl)cc21,中毒,17.187286,144.92468,0.430021293,3.266422818
Cc1n[nH]nc1Sc1cc(Nc2ccc3c(c2)OCCCO3)nc2ncnc(O)c12,中毒,14.491343,55.434547,0.449465437,3.267464767
Cc1n[nH]nc1-c1csc(-c2c(NCc3ccc4ncsc4c3)c(=O)c2=O)c1C,中毒,33.211372,17.019144,0.42038599,3.268922938
Cc1n[nH]nc1-c1cc2c(C3CC(O)(CNc4ccccn4)C3)c(Cl)cnc2cc1F,中毒,8.555478,97.47742,0.430772975,3.269543039
Cc1n[nH]nc1-c1ccc2c(c1)oc1cc(-c3ccnc4[nH]c(=O)[nH]c(=O)c34)c(Cl)c(Cl)c12,中毒,10.190559,36.97976,0.333090313,3.269625333
Cc1n[nH]nc1-c1cc(-c2c(Cl)cccc2Cl)c2c(c1)-c1c(c(=O)n(-c3ccc(F)cc3F)c(=O)n1Cc1ccc(F)cc1)C2=O,中毒,9.25229,20.660048,0.22040089,3.269739058
Cc1n[nH]nc1-c1cc(-c2c(Cl)cccc2Cl)c2oc3cc(F)c(S(=O)(=O)Nc4ncc(F)cc4F)cc3c2c1,中毒,28.418568,10.926954,0.214126514,3.269841217
Cc1n[nH]nc1-c1cc2c(c(-c3c(Cl)cccc3Cl)c1)S(=O)(=O)c1cc(-c3nccs3)ccc1-2,中毒,6.2098184,12.515744,0.278156715,3.270184106
Cc1n[nH]nc1-c1cc2c(c(-c3c(Cl)cccc3Cl)c1)-c1cnc(Nc3ccc(N4CCNCC4)nc3)nc1CCC2,中毒,2.9892123,45.980854,0.218132885,3.270329189
Cc1n[nH]nc1Nc1cc2c(cc1-c1c(Cl)cccc1Cl)N(c1cc3c(cc1F)c(=O)c(C(=O)O)cn3C1CC1)CC2,中毒,5.6417933,21.77511,0.190703049,3.270977442
Cc1n[nH]nc1-c1cc2c(c(-c3c(Cl)cccc3Cl)c1)C(c1ccc(Cl)cc1)=NNC(N)=N2,中毒,7.912984,132.48941,0.337774009,3.271892273
Cc1n[nH]nc1-c1ccc2c(c1)S(=O)(=O)c1cc(-c3ccc(C(N)=O)c(-c4ccncc4F)c3)cc(F)c1-2,中毒,26.963558,12.146721,0.340329149,3.274866377
Cc1n[nH]nc1-c1cc(-c2c(Cl)cccc2Cl)c2c(c1)-c1c(Cl)cc(Cl)cc1S(=O)(=O)C2,中毒,14.723646,21.399157,0.305528602,3.275429331
Cc1n[nH]nc1-c1cc2c(c(-c3c(Cl)cccc3Cl)c1)N(c1c(Cl)c(Cl)c(Cl)c3cc(Cl)ccc13)C2=O,中毒,18.943521,19.466566,0.207369837,3.280839514
Cc1n[nH]nc1-c1cc(-c2c(Cl)cccc2Cl)c2c(c1)N(c1ccc(Cl)cc1)C2c1ccc(Cl)cc1,低毒,3.7002773,39.13532,0.241792178,3.283850472
Cc1n[nH]nc1-c1cc2c(cc1NC(=O)c1ccc(F)c(Cl)c1)S(=O)(=O)c1cc(Cl)c(-c3cncnc3)cc1-2,中毒,35.53787,10.408259,0.27121963,3.28395951
Cc1n[nH]nc1-c1cc(-c2c(Cl)cccc2Cl)c2oc3cc(NC(=O)CC#N)c(Cl)c(Cl)c3c2c1,中毒,7.5073605,48.64421,0.239607931,3.284489416
Cc1ccc(Cl)cc1-c1c(Nc2ccc(C#N)cc2)cc2c(c1O)-c1ccc(-c3n[nH]nc3C)cc1S2(=O)=O,中毒,20.074677,12.137815,0.225536896,3.285788461
Cc1n[nH]nc1-c1cc(-c2c(Cl)cccc2Cl)c2c(c1)N(c1ccc(F)cc1)C2c1ccc(Cl)cc1,低毒,3.4427266,19.619003,0.250038888,3.28732142
Cc1n[nH]nc1-c1cc2c(c(-c3c(Cl)cccc3Cl)c1)CN(C(=O)OCc1ccc(F)cn1)C(C)(C)C2,中毒,21.72514,27.62346,0.30928047,3.293455968
Cc1n[nH]nc1-c1cc(-c2c(Cl)cccc2Cl)c2oc3cc(Br)c(Cl)c(I)c3c2c1,中毒,4.075751,14.732127,0.156440203,3.293780626
Cc1n[nH]nc1C1=Cc2c(C(=O)N3CCN(c4ccc(O)cc4)CC3)c([N+](=O)[O-])c(=O)n(C3CC3)c21,中毒,18.210054,23.415613,0.319499148,3.294166097
Cc1n[nH]nc1-c1c(Cl)c(Cl)c2c(=O)c(-c3c(Cl)cccc3Cl)n[nH]c2c1F,中毒,2.6531153,106.5019,0.3914493,3.294197754
Cc1n[nH]nc1-c1cc2c(-c3c(Cl)cccc3Cl)c3nc(-c4cncc(Cl)c4)c(-c4cccs4)c-3cc3ccccc3c-2c1,中毒,3.153256,14.76635,0.206148605,3.295722028
Cc1n[nH]nc1C1=Cc2c(C(N)=O)c(-c3c(Cl)cccc3Cl)c3cnc(Nc4ccc(Oc5cccc(Cl)c5)cc4)cc3c21,中毒,11.679427,40.332794,0.160344212,3.299464919
Cc1n[nH]nc1-c1cc2c(c(-c3c(Cl)cccc3Cl)c1)CN(C(=O)c1cc(OCC(C)(C)O)ccc1-c1cncnc1)CC2,中毒,24.269098,26.359074,0.209514815,3.300703926
Cc1n[nH]nc1-c1ccc2c(c1)nc(Nc1ccc(Cl)c(O)c1)c1c(NC3CC3)nc(Oc3cccc(Cl)c3F)nc12,中毒,10.684052,26.350191,0.13664996,3.302842351
Cc1n[nH]nc1-c1cc2c(c(=O)[nH]c1=O)C(c1ccccc1)N(C(=O)CCc1ccc(F)cc1)CC2,中毒,31.745152,21.289772,0.451324871,3.302982361
Cc1n[nH]nc1-c1cc(-c2c(Cl)cccc2Cl)c2c(c1)-c1c(F)cc(-c3ccccc3F)cc1OC(N)=C2C#N,中毒,24.867323,68.06396,0.228913553,3.304460453
Cc1n[nH]nc1-c1cc(-c2c(Cl)cccc2Cl)c2sc3cc(Cl)c(-c4nc(C(=O)O)cnc4Cl)cc3c2c1,中毒,36.673462,11.504128,0.209827985,3.306778526
Cc1n[nH]nc1-c1cc2c(c(-c3c(Cl)cccc3Cl)c1)C(=O)c1c(c(C(=O)O)cn(C3CC3)c1=O)C2,中毒,5.9206457,13.381334,0.340564117,3.306981109
Cc1n[nH]nc1-c1cc(-c2c(Cl)cccc2Cl)c2oc3cc(N(C)C)nc(C#N)c3c2c1,中毒,4.42497,41.121933,0.353485122,3.309712512
Cc1n[nH]nc1-c1cc(Cl)c(Oc2ccc(NS(=O)(=O)c3cc4nc(Cl)ccn4n3)cc2F)cc1F,低毒,28.334408,44.127686,0.283995691,3.309790316
CC(=CCOc1cc2c(cc1Cl)-c1c(cc(-c3n[nH]nc3C)cc1-c1c(Cl)cccc1Cl)CCC2)C(=O)NO,中毒,17.305536,78.37734,0.124796984,3.310984685
Cc1n[nH]nc1C1=CSC(=NNc2ccccc2C(F)(F)F)C1=O,高毒,47.492943,44.67997,0.82814811,3.312430278
Cc1n[nH]nc1-c1cc2c(c(-c3c(Cl)cccc3Cl)c1)-c1c3c(c(=O)n(Cc4cccc(CO)c4)c(=O)c1C2)CCC3,中毒,12.388923,25.08623,0.258809541,3.313285812
Cc1n[nH]nc1-c1cc2c(c(-c3c(Cl)cccc3Cl)c1)C(=O)c1cc(C#CC3CC3)c(OCc3ccc(Cl)cc3Cl)cc1-2,中毒,7.267623,59.28425,0.189774668,3.315561514
Cc1n[nH]nc1-c1cc2c(c(-c3c(Cl)cccc3Cl)c1)S(=O)(=O)c1cc(F)c(NCc3ccc(F)c(Cl)c3)cc1-2,中毒,9.625814,12.660799,0.20406116,3.315566904
CNC(=O)Oc1cc2c(c(F)c1F)Cc1cc(-c3n[nH]nc3C)cc(-c3c(Cl)cccc3Cl)c1C2=O,中毒,76.00111,9.6840925,0.304183068,3.317044494
Cc1n[nH]nc1[N+](=O)[O-],高毒,322.9849,147.15933,0.426433645,3.317212623
Cc1n[nH]nc1-c1cc2c(c(-c3c(Cl)cccc3Cl)c1)C(c1ccc(Cl)cc1)=C2Nc1ccc(N2CCC(N(C)S(C)(=O)=O)CC2)cc1,中毒,14.635431,23.993782,0.166906985,3.317432044
Cc1n[nH]nc1C1=Cc2c(-c3cnc4ccc(-c5ccc(NS(=O)(=O)c6ccc(F)cc6Cl)cc5)cc4c3)nn(-c3ccccc3)c2C1=O,中毒,8.984515,14.3937645,0.177018315,3.319264755
Cc1n[nH]nc1-c1cc(-c2c(Cl)cccc2Cl)c2c(c1)N(c1ccc(Br)cc1)C2c1ccc(Cl)cc1,低毒,3.7002773,39.13532,0.224818964,3.319908276
COc1cc(-c2c(-c3n[nH]nc3C)coc2-c2c(Nc3ccc(F)c(Cl)c3F)c(=O)c2=O)cc(OC)c1OC,低毒,23.53827,12.593883,0.200172233,3.323135827
Cc1n[nH]nc1-c1cnc(OC2CC(F)(F)C2)c(-c2ccc(NC(=O)c3cc(C(F)(F)F)c(Cl)cc3Cl)c(Br)c2)c1,中毒,46.945263,20.504553,0.200338324,3.324054759
Cc1n[nH]nc1-c1cc2c(cc1-c1c(Cl)cccc1Cl)-n1c-2c(Oc2ccc(NC(=O)Nc3cc(Cl)cc(Cl)c3)cc2)c(=O)[nH]c1=O,中毒,42.167137,14.98376,0.136776794,3.325807893
Cc1n[nH]nc1-c1cc(-c2c(Cl)cccc2Cl)c2c(c1)C(c1ccc(Cl)cc1)N2c1ccc(Cl)cc1,低毒,14.571511,23.337517,0.241792178,3.326570561
Cc1n[nH]nc1-c1cc(-c2c(Cl)cccc2Cl)c2c(c1)-c1c(Cl)cc(Br)cc1S2(=O)=O,中毒,40.162174,12.121368,0.254942365,3.330050036
Cc1n[nH]nc1C1=C(C(=O)C2CC2)c2ccc(C(=O)Nc3cc(Cl)c(O)cc3OCC3(C)COC3)cc21,中毒,69.65765,13.252212,0.375815288,3.330719275
Cc1n[nH]nc1-c1cc2c3c(cc(S(=O)(=O)c4ccc(F)cc4)c2cc1OCCOc1ccc(C(=O)O)c(OCCOCCF)c1)CC3,中毒,9.851475,12.171866,0.106925991,3.333717542
Cc1n[nH]nc1-c1cc2c(c(-c3c(Cl)cccc3Cl)c1)CN(c1nc(-c3ccc(F)cc3Cl)cn3cc(-c4ccccc4)cc13)CC2,中毒,45.187202,22.290087,0.196740588,3.336815233
Cc1n[nH]nc1-c1cc(-c2c(Cl)cccc2Cl)c2c(c1)-c1c(C)c(Cl)nc(-c3ccsc3)c1C2,中毒,4.328028,14.339105,0.236865676,3.339346358
Cc1n[nH]nc1-c1cc2n(c1)C(=O)c1cc(-c3ccn(S(=O)(=O)c4cc(Cl)cc(Cl)c4)c3)ccc1-2,中毒,26.899715,24.840124,0.338933947,3.34011686
Cc1n[nH]nc1-c1cc2c(c(-c3c(Cl)cccc3Cl)c1)S(=O)(=O)c1cc(C#N)c(F)cc1-2,中毒,9.590363,14.429339,0.329407575,3.340860965
Cc1n[nH]nc1-c1cc2c(o1)c(Cl)c(Cl)c(=O)n2Cc1c(F)ccc(OCC(=O)O)c1Br,中毒,5.482456,98.09767,0.367590611,3.341352651
Cc1n[nH]nc1-c1cc2c(c(-c3c(Cl)cccc3Cl)c1)CN(c1cnc(OCc3ccc(C(F)(F)F)cn3)nc1)CC2,中毒,9.412181,25.801073,0.218783959,3.34171312
Cc1n[nH]nc1-c1cc2c(c(-c3c(Cl)cccc3Cl)c1)C(=O)C(C#N)=C(NCCCN(C)C1CC1)C2=O,中毒,12.057988,44.362564,0.391027947,3.344150044
Cc1n[nH]nc1-c1cc2c(-c3c(Cl)cccc3Cl)c3cc(F)c(-c4c(Cl)cc(C(=O)O)cc4Cl)c-3cc3sccc3c-2c1,中毒,18.037426,22.696396,0.195847883,3.345447671
Cc1n[nH]nc1-c1cc2c(c(-c3c(Cl)cccc3Cl)c1)-c1c(C)nn(-c3cccc4c3CCO4)c(=O)c1C2,中毒,20.459846,45.62995,0.291604818,3.346068077
Cc1n[nH]nc1-c1cc(-c2c(Cl)cccc2Cl)c2c(c1)N(c1ccc(N)cc1)C2c1ccc(Cl)cc1,低毒,3.7002773,39.13532,0.228685514,3.346855849
Cc1n[nH]nc1-c1cc(-c2c(Cl)cccc2Cl)c2c(-c3ccc(Cl)cc3)n[nH]c3cc(Cl)c(=O)oc3n(C)c2c1,中毒,3.3600006,25.043795,0.209853696,3.35365596
Cc1n[nH]nc1-c1c[nH]c(=O)c2c(Nc3ccc(F)cc3)nc(-c3cnc4cnsc4c3)nc12,中毒,9.64576,89.39383,0.351148795,3.355217456
Cc1n[nH]nc1-c1cc(C2CCC2)c(OCl)c2c(=O)c(C(=O)O)cn(C3CC3)c12,中毒,7.912318,14.448046,0.65408244,3.355521268
Cc1n[nH]nc1-c1cc2c(c(-c3c(Cl)cccc3Cl)c1)CN(c1nc(NCCN(C)C)ncc1-c1c(Cl)cccc1Cl)C2,中毒,37.93434,29.542147,0.175419502,3.360158613
Cc1n[nH]nc1-c1csc(F)c1,高毒,5.0985837,15.894317,0.734036643,3.361526177
Cc1n[nH]nc1-c1cc2c(c(-c3c(Cl)cccc3Cl)c1)C(c1ccc(Cl)cc1)N(C)C2,中毒,20.233252,36.358353,0.353214646,3.362264117
Cc1n[nH]nc1C1=Cc2c(C(N)=O)c(-c3c(Cl)cccc3Cl)c3c(oc4cc(OCc5ccccc5)c(Br)cc43)c21,中毒,27.541414,51.33834,0.189044101,3.362313465
Cc1n[nH]nc1C1CCCN1S(=O)(=O)c1ccc2c3c(cccc13)C(=O)N2,中毒,29.764805,26.841124,0.721754457,3.365005656
Cc1n[nH]nc1-c1cc(-c2c(Cl)cccc2Cl)c2c(c1)N(c1ccc(NC(=O)c3ccc(F)cc3)cc1)C2c1ccc(Cl)cc1,低毒,7.4193234,16.856524,0.187482073,3.365450065
Cc1n[nH]nc1-c1cc2c(c(-c3c(Cl)cccc3Cl)c1)-c1c(c(=O)c3cc(Br)ccc3n1C1CNC1)CC2,中毒,14.83965,23.023605,0.238409754,3.366955198
Cc1n[nH]nc1-c1cc2c(c(-c3c(Cl)cccc3Cl)c1)Oc1cc(-c3ccoc3)c(Cc3c(Cl)cccc3Cl)cc1C2,中毒,52.53125,16.29671,0.204941619,3.367351114
Cc1n[nH]nc1-c1cc2c(c(-c3c(Cl)cccc3Cl)c1)CSC1=C2C(=O)N(c2ccc(OC(F)F)c(F)c2)C1=O,中毒,1.6946838,36.39355,0.246790402,3.36977336
Cc1n[nH]nc1-c1cnc2cc3c(c(-c4cn[nH]c4)c2c1)-c1c(Cl)cc(Cl)cc1C(=O)C3,中毒,3.1205451,56.76603,0.365209568,3.371091508
Cc1n[nH]nc1-c1cc(N2CC(C)(O)C2)c(F)c2c(=O)c(C(=O)O)cn(C3CC3)c12,中毒,4.4011865,16.348,0.596051143,3.371537281
Cc1n[nH]nc1-c1cc2sc(-c3c(Cl)cccc3Cl)cc3c(=O)c(C(=O)O)c(C(F)(F)F)c3c12,中毒,10.113759,12.935686,0.276107707,3.374429728
Cc1n[nH]nc1-c1cnc2c(c1)CCC(=O)N(N(C(=O)c1ccc(Oc3ccccc3)cc1[N+](=O)[O-])C(C)(C)C)C2,中毒,41.134476,9.235777,0.257994394,3.375134983
Cc1n[nH]nc1-n1c2c(c(=O)n(C)c1=O)-c1cc(-c3ccc(Cl)cc3)c(-c3cc(Cl)cnc3Cl)c(Cl)c1-2,中毒,17.963333,19.13538,0.264489691,3.376790671
Cc1n[nH]nc1-c1cc2c3c(c(N(C)C(=O)c4ccc(F)c(F)c4)c(Cl)c2cc1OCCCOc1ccc(F)c(Cl)c1)C(=O)CC3,中毒,10.919842,18.661026,0.160369757,3.378314371
Cc1ccc(Cl)cc1N1c2cc(-c3n[nH]nc3C)cc(-c3c(Cl)cccc3Cl)c2C1c1ccc(Cl)cc1,低毒,4.1606507,39.13532,0.235715553,3.380699576
Cc1n[nH]nc1C1=CC2=C(c3c(Cl)cccc3Cl)c3c(nn(-c4cccc(F)c4)c3N)C2=C1,中毒,29.008991,29.086596,0.401080726,3.382113549
Cc1n[nH]nc1C1=CC2=C(P(=O)(c3ccccc3)c3ccccc3)N=C(c3ccc(Cl)cc3)C2=C1,中毒,30.690834,42.59727,0.355366278,3.382398678
Cc1n[nH]nc1-c1cc2c(c(-c3c(Cl)cccc3Cl)c1)C(c1ccc(Cl)cc1)=NS(=O)(=O)c1ccc(N3CCC(Oc4ccccc4)CC3)cc1-2,中毒,55.482086,19.953716,0.18185863,3.382569069
Cc1n[nH]nc1-c1cc(-c2c(Cl)ccc(Cl)c2Cl)c2c(c1)N(c1ccc(Cl)cc1)C2c1ccc(Cl)cc1,低毒,3.4427266,19.272306,0.213225626,3.383106169
Cc1n[nH]nc1-c1cc2c(c(-c3c(Cl)cccc3Cl)c1)S(=O)(=O)c1cc(Cl)c(-c3cc(Cl)cc(Cl)c3Cl)cc1-2,中毒,6.973956,7.875738,0.192615916,3.383738391
Cc1n[nH]nc1-c1csc(NC2=C(c3c[nH]c4ccc(C(=O)O)cc34)C(=O)N(CCCl)C2=O)c1,中毒,10.904315,9.173887,0.226356304,3.385595515
Cc1n[nH]nc1-c1cc(-c2c(Cl)cccc2Cl)c2oc3cnc(Nc4ccc(N5CCN(C)CC5)cc4OC(F)F)nc3c2c1,中毒,8.9999695,45.907345,0.181053407,3.386247531
Cc1n[nH]nc1C1=Cc2c1cc1c(-c3ccc(Cl)cc3)c(-c3ccc(Cl)cc3)c(-c3c(Cl)cccc3Cl)nc1c2C1CCN(C)CC1,中毒,6.3097043,55.968987,0.194556153,3.386701673
Cc1n[nH]nc1-c1cc2c(c(-c3c(Cl)cccc3Cl)c1)C(c1ccc(Cl)cc1)c1cc(Cl)c(Cl)cc1-2,低毒,11.1433325,38.542576,0.229671684,3.386904524
Cc1n[nH]nc1-c1cc2c3c(c(C(=O)N(C)Cc4cccnc4)c(F)c2cc1OC1CCN(C(=O)c2ccc(F)c(F)c2)CC1)C3,中毒,8.165435,10.78748,0.247354453,3.387287332
Cc1n[nH]nc1-c1cc2c(c(-c3c(Cl)cccc3Cl)c1)CN(c1c(Cl)cncc1Cl)C(C)(C)C2,中毒,16.07033,24.27662,0.292160456,3.38809089
Cc1n[nH]nc1-c1cc2c(Oc3ccc(Cl)c(Cl)c3)nc(Cl)c3c(c-2c1)C(=O)N(C(C)(C)c1ccc(F)cc1)C3=O,中毒,14.857102,13.466203,0.204695239,3.390469709
Cc1n[nH]nc1Sc1ccc2c(c1)-c1nc(N(C)C3CCOCC3)nc(-c3ccc(-c4nc(C(N)=O)cs4)cc3)c1-2,中毒,49.830635,18.406683,0.26004602,3.390506116
Cc1n[nH]nc1-c1cc(-c2c(Cl)cccc2Cl)c2c(c1)N(c1ccc(F)cc1F)C2c1ccc(Cl)cc1,低毒,3.4427266,19.619003,0.241591333,3.391639356
Cc1n[nH]nc1-c1cc(-c2c(Cl)cccc2Cl)c2c(c1)N(c1ccc(I)cc1)C2c1ccc(Cl)cc1,低毒,3.7002773,39.13532,0.198716119,3.391710666
Cc1n[nH]nc1C1=CC2=C(O)C(=O)C(c3c(Cl)cccc3Cl)=C2C(c2ccc(Cl)cc2)=C(c2ccc(S(N)(=O)=O)cc2)C1,中毒,21.043581,40.396843,0.213082557,3.394325776
Cc1n[nH]nc1-c1cc(-c2c(Cl)cccc2Cl)c2c(c1)-c1c(c(=O)c(C(=O)O)cn1C1CC1)SC2,中毒,9.435932,16.417507,0.328131939,3.396791614
Cc1n[nH]nc1-c1cc(-c2c(Cl)cccc2Cl)c2c(c1)N(c1ccc(C(F)(F)F)cc1)C2c1ccc(Cl)cc1,低毒,3.7002773,34.64441,0.228350824,3.400516427
Cc1n[nH]nc1C1=Cc2sc(Cl)c(-c3c(Cl)cccc3Cl)c2C1=O,中毒,22.120708,25.108006,0.618531636,3.402388946
Cc1n[nH]nc1-c1cc(-c2c(Cl)cccc2Cl)c2c(c1)N(c1ccc(S(N)(=O)=O)cc1)C2c1ccc(Cl)cc1,低毒,6.670073,37.02531,0.221551068,3.4026437
Cc1n[nH]nc1-c1cc2c(s1)C(c1ccc(Cl)cc1)N(c1cc(Cl)cc(Cl)c1)C2=O,中毒,9.678603,6.9967437,0.365224555,3.406286244
Cc1n[nH]nc1-c1cc(-c2c(F)cccc2Cl)c2c(c1)N(c1ccc(I)cc1)C2c1ccc(Cl)cc1,低毒,3.4427266,19.619003,0.202921153,3.408883929
Cc1n[nH]nc1-c1cc(-c2c(Cl)cccc2Cl)c2sc3c(C(N)=O)c(C(N)=O)n(C4CC4)c(=O)c3c2c1,中毒,39.771507,15.046138,0.285387977,3.409764365
Cc1n[nH]nc1C1=Cc2c([nH]c3ccc4c(c23)CCCN(CCC2CCC2)C4=O)C1=O,中毒,12.038771,27.694958,0.675400179,3.411993073
Cc1n[nH]nc1-c1cn2c(-c3cc[n+](Cc4ccc(N5CCN(C)CC5)cc4)nc3)csc2n1,中毒,27.214613,29.951527,0.396231111,3.413470015
Cc1n[nH]nc1C1=CC(Cl)=C2C(=O)C(C(=O)O)=C(c3ccc(C(N)=O)cc3)C(c3ccc(Cl)cc3F)=C12,中毒,11.835829,19.361778,0.410806919,3.414644456
Cc1n[nH]nc1-c1cc2c(C3CC3)c(Cl)c(=O)n(C3CC3)c2s1,中毒,25.255192,13.294391,0.778534815,3.415786167
Cc1n[nH]nc1-c1cc(-c2c(Cl)cccc2Cl)c2c(c1)-c1c(Cl)cc(Cl)cc1C2c1ccc(Cl)cc1,中毒,11.664331,69.9476,0.229671684,3.416964253
Cc1n[nH]nc1-c1cc(F)c2c(c1)-c1ncc(-c3cn(-c4ccc(C#N)cc4)c4c(N)ncnc34)nc1-2,中毒,35.071285,39.339134,0.377301569,3.418297448
Cc1n[nH]nc1-c1cc(C2CCC2)c(O)c2c(Nc3ccc(Br)c(Cl)c3)nc(-c3cncc(NC4CCOCC4)c3)cc12,中毒,9.205465,49.337498,0.138183822,3.419555776
Cc1n[nH]nc1C1=C2C(=O)C(=O)C(C3CC3)=C21,中毒,3.585545,33.42235,0.596837624,3.420301279
Cc1n[nH]nc1-c1cc2c(c(-c3c(Cl)cccc3Cl)c1)S(=O)(=O)c1cc(C#N)c(C#N)cc1-2,中毒,19.769783,15.32476,0.356288293,3.421699908
Cc1n[nH]nc1C1=CC(Cl)=C2C(=O)C(C(=O)O)=C(c3ccc(F)cc3)C=C12,中毒,29.473455,52.978615,0.793397275,3.422177654
Cc1n[nH]nc1-c1cc(-c2c(Cl)cccc2Cl)c2c(c1)N(c1ccc(O)c(Cl)c1)C2c1ccc(Cl)cc1,低毒,7.7598443,38.570515,0.227220489,3.423779576
Cc1n[nH]nc1-c1csc(S(=O)(=O)N2Cc3cc(C#N)ccc3N(Cc3ccc(Oc4ccccc4)cc3)C(=O)S2(=O)=O)c1,中毒,4.0482483,12.927742,0.251035994,3.427339741
Cc1n[nH]nc1-c1cc(-c2c(Cl)cccc2Cl)c2c(c1)-c1c(cc(-c3ccc(F)cc3)c(=O)n1Cc1ccc(F)cc1F)S2(=O)=O,中毒,16.217533,17.54973,0.199896105,3.428939773
Cc1n[nH]nc1-c1ccc2c(c1)S(=O)(=O)c1cc(C(F)(F)F)c(Oc3ccc(S(=O)(=O)Nc4ccccc4F)cc3F)c(Cl)c1-2,中毒,15.376242,14.439569,0.178671888,3.431912857
Cc1n[nH]nc1-c1cc(-c2c(Cl)cccc2Cl)c2c(c1)-c1c(cc(-c3ccc(Cl)cc3F)c(Cl)c1Cl)S2(=O)=O,中毒,5.7761745,12.197211,0.209429969,3.432652494
Cc1n[nH]nc1-c1cc2c(-c3c(Cl)cccc3-c3cc(Cl)ccc3OC(Cl)(Cl)Cl)c3c(Cl)cnn3c3ccccc3c-2c1,中毒,5.406307,12.444949,0.187034417,3.436252308
Cc1n[nH]nc1-c1cc2c(c(-c3c(Cl)cccc3Cl)c1)N(c1cc(Cl)cn(C3CS(=O)(=O)C3)c1=O)C2,中毒,14.571511,18.614723,0.367354202,3.437013109
CC(=O)N1CCC2=C(C1)C1=C(C2=O)c2c(cc(-c3n[nH]nc3C)cc2-c2c(Cl)cccc2Cl)CC1,中毒,42.44463,30.261072,0.49304641,3.439052524
Cc1n[nH]nc1-c1csc(-c2c(Nc3cc(NS(=O)(=O)c4ccon4)ccc3F)c(=O)c2=O)c1,低毒,32.133324,28.227894,0.285500123,3.439912823
Cc1n[nH]nc1-c1cc2c(c(-c3c(Cl)cccc3Cl)c1)C(=O)N(Cc1ccc(-c3cccnc3-c3ncn(C)n3)c(F)c1)C(=O)C2,中毒,7.0244346,52.13142,0.204442493,3.440814872
Cc1n[nH]nc1-c1cc2c(c(-c3c(Cl)cccc3Cl)c1)CN(c1cc(Cl)cnc1-c1cnn(C3COC3)c1)CC2,中毒,16.411821,40.41854,0.241639027,3.441007887
Cc1n[nH]nc1-c1coc(C2=C(NCc3ccc(NC(=O)c4ccc(O)c(N(C)C)c4)cc3)c3c(N)ncnc32)c1,中毒,9.410277,10.371715,0.191749707,3.441248376
Cc1n[nH]nc1C1=C(Oc2cc(NC(=O)c3nc(-c4c(Cl)cccc4Cl)sc3N)ccc2F)C(=O)N(C)C1=S,中毒,51.445763,58.068848,0.258403242,3.441452494
Cc1n[nH]nc1-c1cnc2c(c1)S(=O)(=O)c1cc(NC(=O)c3cnn4cccnc34)cc(-c3cnc4ccccc4c3)c1-2,中毒,43.191986,16.95431,0.30297523,3.442444853
Cc1n[nH]nc1-c1cc2c(c(-c3c(Cl)cccc3Cl)c1)CN(c1c(Cl)cnn(CSc3nc4ccccc4s3)c1=O)C2,中毒,34.567497,9.255038,0.183303101,3.443245202
Cc1n[nH]nc1C1(c2ccc(Cl)cc2F)CCN(C(=O)c2co[nH]c2=O)CC1,中毒,49.003384,33.338478,0.69526751,3.443652725
Cc1n[nH]nc1-c1cc2c(c(-c3c(Cl)cccc3Cl)c1)CN(c1cc(N3CCN(S(=O)(=O)c4ccccc4F)CC3)nc(Oc3ccccc3Cl)n1)C2,中毒,21.803375,13.61264,0.162886675,3.445337787
Cc1n[nH]nc1-c1cc2c(c(-c3c(Cl)cccc3Cl)c1)C(C(N)=O)=C(Nc1cc3c(cn1)OCCO3)C2,中毒,39.729095,64.34419,0.335507496,3.445779963
Cc1n[nH]nc1-c1cc(-c2c(Cl)cccc2Cl)c2c(c1)N(C(N)=O)C2c1ccc(Cl)cc1,中毒,9.7715025,62.844376,0.352732979,3.447209429
Cc1n[nH]nc1-c1cc2c(c(-c3c(Cl)cccc3Cl)c1)CN(c1cc(Cl)cn3nc(Br)cc13)C2,中毒,7.6988754,77.11699,0.245012433,3.44754049
Cc1n[nH]nc1-c1cc2c(-c3cc4ccc(Cl)cc4s3)ncnc2cc1Oc1cc(NC(=O)Nc2ccccn2)ccc1P(=O)(O)O,中毒,23.177828,8.2014885,0.1105744,3.447822699
Cc1n[nH]nc1-c1cc2c(c(-c3c(Cl)cccc3Cl)c1)C(c1ccc(Cl)cc1)C(c1ccc(Cl)cc1)=N2,中毒,9.277521,22.288055,0.236613135,3.449177229
Cc1n[nH]nc1-c1cc2c(c(-c3c(Cl)cccc3Cl)c1)C(c1ccc(Cl)cc1)Oc1ccc(NC(=O)COc3ccccc3)cc1-2,中毒,6.756549,18.483234,0.177028396,3.449634276
Cc1n[nH]nc1C1=CC(c2c(=O)c(S(=O)(=O)Nc3cnccc3Cl)ccc3c2cnn3-c2ccc(F)cc2)=C1F,中毒,4.383091,17.645971,0.300482882,3.450471209
Cc1n[nH]nc1C1=C(c2ccc(Cl)c(Cl)c2)C2=CNC(=O)C(=O)C2=C1,中毒,22.062374,22.062254,0.792884197,3.451040027
Cc1n[nH]nc1C1=Cc2cc(NC(=O)c3cc(-c4cccnc4Cl)c(Cl)cn3)cc3c(=O)n(-c4ccc(S(N)(=O)=O)cc4)nc-3c21,中毒,43.705727,32.15149,0.215862336,3.451181576
Cc1n[nH]nc1-c1cc2coc(-c3ccc(NS(=O)(=O)c4c(F)c5ccc(F)cc5oc4=O)cc3F)c(F)c-2c1,高毒,68.59518,16.058397,0.203541432,3.451677069
Cc1n[nH]nc1C1=Cc2c(-c3ccc(P(=O)(O)O)cc3)nc(-c3cncc(Cl)c3)c(-c3ccc(F)cc3)c2C1=O,中毒,22.75932,13.503611,0.242455729,3.452747859
CC(=O)N1c2ccc(Cl)cc2-c2cc(-c3n[nH]nc3C)cc(-c3c(Cl)cccc3Cl)c2C1c1ccc(Cl)cc1,中毒,59.105484,212.03844,0.226685393,3.457668315
Cc1n[nH]nc1CN(C)c1cc2nc(-c3cnn(-c4ccccc4)c3)n(-c3ccc(C(=O)N(CCO)CCO)cc3)c(=O)c2cc1NS(C)(=O)=O,低毒,7.498332,18.087,0.136519596,3.457954253
Cc1n[nH]nc1-c1cc2n(c1)C(c1cn[nH]c1-c1ccc(F)cc1)=C(c1ccc(NC(=O)N(C)Cc3cc(F)cc(F)c3)cc1)C2=O,中毒,44.88779,18.942034,0.181100725,3.458680563
Cc1n[nH]nc1-c1cc(-c2c(Cl)cccc2Cl)c2c(c1)N(c1ccc3c(c1)OCCO3)C2c1ccc(Cl)cc1,低毒,3.7002773,44.50892,0.233015649,3.460189318
Cc1n[nH]nc1-c1cc2c(c(-c3c(Cl)cccc3Cl)c1)C(c1ccc(Cl)cc1F)N(c1ccc(Cl)cc1)C2,中毒,11.3712435,20.358839,0.22911499,3.462428781
Cc1n[nH]nc1-c1cc2c(c(-c3c(Cl)cccc3Cl)c1)S(=O)(=O)c1cc(C#N)c(-c3ccnc(Cl)c3)cc1-2,中毒,19.769783,11.971941,0.223099177,3.464633738
Cc1n[nH]nc1-c1cc(-c2c(Cl)cccc2Cl)c2c(c1)-c1c(cc(Cl)c(-c3nc4ccccc4s3)c1Cl)S2(=O)=O,中毒,41.39809,13.510547,0.207347814,3.466315865
Cc1n[nH]nc1-c1cc2c(c(-c3c(Cl)cccc3Cl)c1)C(c1ccc(Cl)cc1)Oc1cc(Cl)c(Cl)cc1-2,中毒,5.8929176,21.637436,0.228571351,3.466842433
Cc1n[nH]nc1-c1cc2c(c(-c3c(Cl)cccc3Cl)c1)C(N)=C(C(=O)OC(C)(C)C)C(C#N)=C(N)O2,中毒,115.70213,68.16279,0.410379437,3.46687689
Cc1n[nH]nc1-c1cc(-c2c(Cl)cccc2Cl)c2c(c1)N(c1ccc(NC(=O)C3CC3)c(F)c1)C2c1ccc(Cl)cc1,低毒,7.4193234,22.404192,0.199033412,3.467989969
Cc1n[nH]nc1-c1cc(-c2c(Cl)cccc2Cl)c2c(c1)N(c1ccc(I)cc1)C2c1ccc(Cl)c(Cl)c1,低毒,3.6873226,19.619003,0.192703607,3.469999356
Cc1n[nH]nc1-c1cc2c(cc1-c1cc(Cl)ccc1Cl)N(c1cc(Cl)cn(C3CC(O)(CO)C3)c1=O)C2=O,中毒,18.619787,11.733231,0.311865849,3.470573769
Cc1cc(Cl)ccc1COc1ccc(N2c3cc(-c4n[nH]nc4C)cc(-c4c(Cl)cccc4Cl)c3C2c2ccc(Cl)cc2)cc1,低毒,3.7002773,38.570515,0.183430555,3.471026451
Cc1n[nH]nc1-c1cnc2c(c1)c(Cl)c(C(=O)c1ccc(Cl)c(Cl)c1)c1c(Cl)c(Cl)c(C#N)c(C#N)c12,中毒,6.193464,37.71677,0.170724707,3.473208257
Cc1n[nH]nc1-c1c[nH]c(=O)c2c(Nc3ccc(Cl)c(Cl)c3)nc(-c3c(Cl)cncc3Cl)c(-c3ccc4ncsc4c3)c12,中毒,193.84969,35.091198,0.167866396,3.475344801
Cc1n[nH]nc1C1(c2ccc(Cl)cc2F)COC(c2ccc(Cl)cc2)=N1,中毒,37.40587,185.87137,0.725117607,3.475777259
Cc1n[nH]nc1C(=O)N(c1ccc(C2(O)CN(c3ccc(C#N)cc3F)C2)c(F)c1)C1CC(NC(=O)OCc2cccnc2)C1,中毒,11.365894,18.368668,0.270026489,3.475954456
Cc1n[nH]nc1C1=Cc2c(C(N)=O)c(-c3c(Cl)cccc3Cl)c3c(=O)c(C(=O)O)cn(C4CC4)c3c21,中毒,10.241126,11.329585,0.311498555,3.476320746
Cc1n[nH]nc1-c1cc(-c2c(Cl)cccc2Cl)c2c(c1)-c1c(-c3ccc(F)cc3)nc(-c3cccnc3)c(C#N)c1S2(=O)=O,中毒,56.810516,12.379816,0.209224369,3.476443741
Cc1n[nH]nc1-c1cc2c3ccc(S(=O)(=O)Nc4ccon4)cc3n(Cc3ccc(-c4ccccc4C#N)cc3Br)c2cc1-c1c(Cl)cccc1Cl,中毒,25.411303,13.777416,0.155608669,3.476814436
Cc1n[nH]nc1-c1c(-c2ccc(F)cc2)ccc2c1N=C2C=Cc1c(Sc2ccc(Cl)cc2)ccc2cc(C(N)=O)cnc12,中毒,22.924831,15.301449,0.187871898,3.476842275
Cc1n[nH]nc1-c1cc2c(c(-c3c(Cl)cccc3Cl)c1)-c1nc(-c3cnccn3)nc(C(Cl)(Cl)Cl)c1CC2,中毒,14.796004,45.598015,0.21366324,3.477914172
Cc1n[nH]nc1-c1cc(-c2c(Cl)cccc2Cl)c2c(c1)=C1C(=O)N(c3ccc(F)cc3)N=C1C(=O)C=2Nc1ccc(Cl)c(Cl)c1,中毒,7.0210133,40.934525,0.21951776,3.478805836
Cc1n[nH]nc1-c1nc2c(c(-c3c(Cl)cccc3Cl)c1Cl)CN(c1cc(Cl)cn(C3CCN(C)CC3)c1=O)C2=O,中毒,36.543884,14.0600395,0.299080378,3.478944102
Cc1n[nH]nc1-c1cc2c(c(-c3c(Cl)cccc3Cl)c1)S(=O)(=O)Cc1cc(F)c(Oc3ccc(-c4nnco4)cc3)cc1-2,中毒,23.67435,17.643341,0.204789122,3.479172193
Cc1n[nH]nc1-c1cc2c(Cl)cc(Cl)c3c(c-2c1C#Cc1ccc(N)nc1)c(=O)c(C(=O)O)cn3C1CC1,中毒,19.266087,9.938043,0.27366498,3.479838725
Cc1n[nH]nc1C1=C(F)C=C2C(=O)C(C(=O)O)=C(c3ccc(OC(F)F)cc3)C=C21,中毒,17.37467,48.78208,0.725757278,3.480676257
Cc1n[nH]nc1-c1cc(-c2c(Cl)cccc2Cl)c2c(c1)N(c1cc(Cl)c(Cl)cc1Cl)C2c1ccc(Cl)cc1,低毒,3.2701137,22.086472,0.203293987,3.482019196
Cc1n[nH]nc1C1=C(F)C=C2C(=O)C(C(=O)O)=CC(c3cccc(Cl)c3)=C21,中毒,7.791289,13.989383,0.791416138,3.484036731
Cc1n[nH]nc1-c1cc2c(c(-c3c(Cl)cccc3Cl)c1)CN(c1sc(Br)nc1C#N)CC2,中毒,7.870938,38.82458,0.321528236,3.484139764
Cc1n[nH]nc1-c1cc2c(c(-c3c(Cl)cccc3Cl)c1)CN(c1cc(Cl)cnc1Oc1ccc(N3C(=O)c4ccsc4C3=O)cc1)C2,中毒,10.592237,28.67781,0.173142685,3.484293468
Cc1n[nH]nc1-c1cc(-c2c(Cl)cccc2Cl)c2c(c1)-c1c(-c3cc(Cl)cc(OCC(F)F)c3)nc(C(=O)O)n1C2,中毒,22.73075,14.393405,0.190951358,3.484818194
Cc1n[nH]nc1-c1ccc2c(c1)N=C(Oc1ccc(-c3cccc(C(N)=O)c3)c3nc(-c4ccc(Cl)cc4)cc([N+](=O)[O-])c3c1=O)C2=O,中毒,65.763504,112.075935,0.159591303,3.485464284
CC(=O)N1CCc2cc(-c3n[nH]nc3C)cc(-c3c(Cl)cccc3Cl)c2C1c1ccc2c(c1)OCCO2,中毒,71.27578,24.987488,0.347245568,3.485472439
Cc1n[nH]nc1-c1cc2c(c(-c3c(Cl)cccc3Cl)c1)C(c1ccc(Cl)cc1)N(C(=O)Nc1cccc(C(F)(F)F)c1)C2,中毒,8.834983,27.16022,0.205067588,3.485648898
Cc1n[nH]nc1-c1cc2c(c(-c3c(Cl)cccc3Cl)c1)C(c1ccc(Cl)cc1)(c1ccc(Cl)cc1)c1ccc(Nc3cncn3C)cc1O2,中毒,18.44045,102.90351,0.178467253,3.487044788
Cc1n[nH]nc1C1=Cc2c(P(=O)(O)O)nn(-c3ccc(Cl)cc3Cl)c(=O)c21,中毒,66.703064,30.167637,0.424565652,3.488841346
Cc1n[nH]nc1-c1cc2c(C(N)=O)c(-c3c(Cl)cccc3-c3cc(S(=O)(=O)NCc4cccs4)cc4ncn(C)c34)c1-2,中毒,9.591628,26.207094,0.211921789,3.489472807
Cc1n[nH]nc1-c1cc2c(c(-c3c(Cl)cccc3Cl)c1)C(c1ccc(Cl)cc1)c1cc(Br)c(O)cc1-2,中毒,22.277437,67.13631,0.213998123,3.491657465
Cc1n[nH]nc1C1=CC(Cl)=C2C(=O)C(c3nnc(SCc4ccc(F)cc4)n3Cc3ccc(F)cc3F)=CN=C12,中毒,7.553942,14.207181,0.293546775,3.491828204
Cc1n[nH]nc1-c1cc2c(c(-c3c(Cl)cccc3Cl)c1)C(C(N)=O)=C1C=C(c3cc(Cl)cc(Cl)c3)N=C12,中毒,16.039644,59.1055,0.27408438,3.493566175
Cc1n[nH]nc1-c1cc2c(c(-c3c(Cl)cccc3Cl)c1)C(c1ccc(Cl)cc1)N(Cc1ccc3c(c1)OCO3)C2,中毒,20.233252,43.048935,0.223664578,3.493796031
Cc1n[nH]nc1C1=C(F)C=C2C(=O)C(C(=O)O)=C(c3ccc(-c4cnccn4)cc3)C(Cl)=C21,中毒,49.60065,42.450012,0.566372359,3.494242038
Cc1n[nH]nc1C1=CC=C2C1=NC(c1ccc(F)cc1)=C2c1cnc2ccc(-c3cc(F)c(O)c(Cl)c3)nc2c1,中毒,18.725334,17.886194,0.259035157,3.494342068
Cc1n[nH]nc1C1=CC2=C(C(N)=O)C(c3c(Cl)cccc3Cl)=C2COc2ccc(S(=O)(=O)Nc3nccs3)cc21,中毒,121.52197,24.042917,0.283765621,3.495786117
Cc1n[nH]nc1-c1cc2c(C3CC3)n(Cc3ccc(-c4ccc(-n5cncn5)cc4)cc3F)c(=O)c3c(F)c(F)c(F)c(F)c3c-2c1,中毒,8.287418,15.492692,0.11941768,3.496046875
Cc1n[nH]nc1-c1cc2c(c(-c3c(Cl)cccc3Cl)c1)CN(c1cn(S(=O)(=O)c3ccccc3F)c(=O)c3c1OCC3)CC2,中毒,7.494668,12.599657,0.25612315,3.496756603
Cc1n[nH]nc1-c1cc2c(cc1-c1c(Cl)cccc1Cl)N(c1cc(Cl)cn(C3CC(O)(CO)C3)c1=O)C2=O,中毒,18.619787,11.733231,0.311865849,3.497585637
Cc1n[nH]nc1-c1cc2c(c(-c3c(Cl)cccc3Cl)c1)C(c1ccc(Cl)cc1)Nc1cc(Cl)c(Cl)cc1-2,低毒,6.591169,49.999966,0.221224607,3.497721994
Cc1n[nH]nc1-c1cc2c(c3c(-c4ccc5c(c4)OCO5)c(F)c(N)c(Cl)c3c1=O)C(C)(C)CC2,中毒,5.830786,14.521413,0.368540869,3.498525523
Cc1n[nH]nc1-c1cc2c(c(-c3cc(Cl)ccc3F)c1)N(c1cc(Cl)cn(C3CC(O)(CO)C3)c1=O)C2,中毒,16.502348,16.947666,0.335781741,3.499589924
Cc1n[nH]nc1C1=C(Oc2ccc(NS(=O)(=O)c3ccc(Cl)cc3C(F)(F)F)c(F)c2)C(=O)c2c(Cl)c(Cl)c(Cl)c(Cl)c2C1,中毒,11.654097,33.968105,0.116810153,3.499894201
Cc1n[nH]nc1-c1coc(C2=C(c3ccc(F)cc3Oc3ccc(S(=O)(=O)Nc4nccs4)cc3)c3c(N)ncnc32)n1,中毒,37.324863,16.348,0.215850378,3.499981831
Cc1n[nH]nc1-c1cc2c(c(-c3c(Cl)cccc3Cl)c1)C(c1ccc(Cl)cc1)NN2,低毒,48.760338,112.974495,0.332355281,3.5030712
Cc1n[nH]nc1-c1csc(-c2c(NC3CC(O)(CO)C3)c(=O)c2=O)c1-c1cc(Cl)cc(Cl)c1,中毒,18.239244,12.04681,0.295983015,3.504327774
Cc1n[nH]nc1-c1cc2c(c(-c3c(Cl)cccc3Cl)c1)S(=O)(=O)C=C(c1cc(Cl)c(Oc3ccc(F)cc3F)cc1F)C2,中毒,6.8396926,19.2996,0.20311009,3.504998084
Cc1n[nH]nc1-c1ccc2c(c1)CC(c1ccc(-c3c(O)ccc4cc(S(=O)(=O)F)ccc34)cc1)C(=O)N2,中毒,15.533976,9.506433,0.274012363,3.505419807
Cc1n[nH]nc1C1=C(Cl)C=C2C(=O)C(C(=O)O)=CC(c3cccc(-c4cncnc4)c3)=C21,中毒,24.500689,20.676886,0.591411894,3.505669773
Cc1n[nH]nc1C1=CC(C(F)(F)F)=C2C(=O)NC(=O)C(N3CCC(C(=O)Nc4ccc(Oc5ccc6cc(Cl)ccc6n5)cc4)CC3)=C12,中毒,30.055073,25.184706,0.223613648,3.505934193
Cc1n[nH]nc1-c1cc2c(c(-c3c(Cl)cccc3Cl)c1)C(c1ccc(Cl)cc1)N(c1ccc(Oc3ccccc3Br)cc1)C2,中毒,19.657389,21.814056,0.187719154,3.509127902
Cc1n[nH]nc1-c1cc(-c2c(Cl)cccc2Cl)c2c(c1)-c1c(Cl)cc(Cl)cc1NC2c1ccc(Cl)cc1,中毒,10.320287,94.12615,0.221224607,3.509139136
Cc1n[nH]nc1C1=Cn2cc(-c3cnc(NC(=O)c4cc(OCC5CC5)c5cnccc5c4)c(Cl)c3)cc2C1=O,中毒,52.50591,52.863377,0.276477894,3.509383807
Cc1n[nH]nc1-c1cc(-c2c(Cl)cccc2Cl)c2c(c1)-c1c(Cl)nc3ccc(C#N)cc3c1[N+]2=O,低毒,4.712632,11.049523,0.190016292,3.509505671
Cc1n[nH]nc1-c1cc2c3ccccc3cc3c(Nc4c(Cl)ccc(S(=O)(=O)O)c4F)ncc-3c(-c3c(Cl)cccc3Cl)c-2c1F,低毒,19.293016,25.495918,0.153386173,3.509982707
Cc1n[nH]nc1C1(c2cc(NC(=O)c3cc(-c4nccc5[nH]ccc45)c(Cl)cc3F)c(F)cc2F)CS(=O)(=O)C1,中毒,31.338547,108.10717,0.27348528,3.510137921
Cc1n[nH]nc1-c1cc2c(c(-c3c(Cl)cccc3Cl)c1)C(c1ccc(Cl)cc1)Oc1ccc(N3CCOCC3)cc1-2,中毒,2.509182,19.864525,0.223513317,3.510201689
Cc1n[nH]nc1S(=O)(=O)c1ccc(C(=O)Nc2cnc(-c3sc(C(N)=O)c4cc(N5CCN(C)CC5)c(Cl)c-4c3C)cc2F)cc1,中毒,12.479074,14.0600395,0.225731055,3.510499481
Cc1n[nH]nc1-c1cc2c(c(-c3c(Cl)cccc3Cl)c1)C(c1ccc(Cl)cc1COc1ccc(F)cc1F)N2,中毒,14.242928,17.058956,0.209715129,3.510964123
Cc1n[nH]nc1-c1cc2c(c(-c3c(Cl)cccc3Cl)c1)N(c1cc(Cl)cn(C3CC(O)(C(=O)O)C3)c1=O)C2,中毒,18.619787,18.206211,0.293575627,3.511096846
Cc1n[nH]nc1-c1cc2c(cc1S(=O)(=O)c1ccc(Cl)cc1)N(c1cc(Cl)cn(C3CC(O)(CO)C3)c1=O)C2=O,中毒,29.920984,11.26672,0.302947207,3.512897501
Cc1n[nH]nc1-c1cc2c(c(-c3c(Cl)ccc(Cl)c3Cl)c1)C(=O)N(C(C)CO)CC2,中毒,46.279568,13.677432,0.542977215,3.51334133
Cc1n[nH]nc1-c1cc2c(-c3c(Cl)cccc3Cl)c3c(Cl)c(Cl)c(Cl)c(Cl)c3c3nc(Nc4cccnc4Cl)ncc3c-2c1,中毒,3.4188411,13.911489,0.106832168,3.513524331
Cc1n[nH]nc1-c1c(-c2ccc(F)cc2)nc2c(c1-c1cc(Cl)cc(Cl)c1)S(=O)(=O)c1cc(-c3ccc(Cl)s3)cc(Cl)c1-2,中毒,6.63494,19.59414,0.199005253,3.513544556
Cc1n[nH]nc1-c1cc(-c2c(Cl)cccc2Cl)c2c(c1)-c1c(ccc(-c3cn[nH]c3)c1-c1ccc(F)cc1F)S2(=O)=O,中毒,5.9889455,13.996566,0.208254374,3.513610492
Cc1n[nH]nc1-c1cc2c(c(-c3c(Cl)cccc3Cl)c1)CN(c1cc(Cl)cn(C3CC(O)(CO)C3)c1=O)C2,中毒,9.204226,11.151921,0.305449348,3.513670365
Cc1n[nH]nc1-c1cc(-c2c(Cl)cccc2Cl)c2c(c1)N(c1ccc(N3CCOCC3)c(F)c1)C2c1ccc(Cl)cc1,低毒,3.4427266,18.118902,0.213203939,3.5141573
Cc1n[nH]nc1-c1c(C(=O)C(=O)N2CCCC(c3cc(F)ccc3F)C2)cnn1-c1ccc(F)cc1F,中毒,4.145329,35.983723,0.246706367,3.515326199
Cc1n[nH]nc1-c1cc2c(c(-c3c[nH]c4ccccc34)c1)N(c1cc(Cl)cn(C3CC(O)(CO)C3)c1=O)C2,中毒,19.569666,18.239529,0.267076764,3.515539813
Cc1n[nH]nc1-c1cc2c(c(-c3c(Cl)cccc3Cl)c1)C(c1ccc(Cl)cc1)Oc1cc(Cl)c(Cl)cc1C2=O,中毒,7.184218,14.690983,0.219588498,3.515590553
Cc1n[nH]nc1-c1cc2c(c(-c3c(Cl)cccc3Cl)c1)-c1cnc(Nc3ccc(N4CCN(C(=O)N5CCN(C)CC5)CC4)cc3OCC3CC3)nc1-2,中毒,44.511814,20.855566,0.166390733,3.516174754
Cc1n[nH]nc1C1=C(C(=O)O)C(c2ccc(Cl)cc2)=C2C1=CC(c1ccnc3cc(Cl)ccc13)=C2S(=O)(=O)Nc1cccnc1,中毒,32.17651,18.332573,0.180791281,3.516282135
Cc1n[nH]nc1-c1cc(-c2c(Cl)cccc2Cl)c2c(c1)C(c1ccc(-c3ccc4ccccc4n3)cc1)COC2=O,中毒,40.98567,17.194387,0.21343973,3.516983977
Cc1n[nH]nc1-c1cc2c(c(-c3c(Cl)cccc3Cl)c1)C(c1ccc(Cl)cc1)N(Cc1ccc3c(c1)OCCO3)C2,中毒,20.233252,43.048935,0.219011528,3.518109122
Cc1n[nH]nc1-c1cc2c(c(-c3c(Cl)cccc3Cl)c1)C(c1ccc(Cl)cc1)N(O)c1ccc(Cl)cc1-2,中毒,41.554474,222.2499,0.228079569,3.519128147
Cc1n[nH]nc1-c1cc2c(c(-c3c(Cl)cccc3Cl)c1)CN(c1cc(Cl)c(=O)n(C3CC3)c3cc(S(=O)(=O)c4ccc(Cl)cc4)cc1-3)CC2,中毒,32.004875,21.188587,0.182404654,3.519241408
Cc1n[nH]nc1-c1cc2c(c(-c3c(Cl)cccc3Cl)c1)C(c1ccc(Cl)cc1)N(N)c1cc(Cl)ccc1-2,中毒,13.567738,33.20297,0.214631024,3.519356279
Cc1n[nH]nc1C1=Cc2c(C(C)C)c(-c3c(Cl)cccc3Cl)c3c(=O)c(C(=O)O)cn(-c4ccc(-c5ccco5)cc4)c3c21,中毒,69.992775,17.395782,0.192432472,3.519535125
Cc1n[nH]nc1-c1cc2c(C3CC(O)(c4ccc(F)cn4)C3)c(F)cc3c(=O)c(C(=O)O)cn(C4CC4)c3c-2c1,中毒,8.385542,15.391595,0.29328574,3.519832723
Cc1n[nH]nc1-c1cc2c(c(-c3c(Cl)cccc3Cl)c1)N(c1cc(Cl)cn(C3CC(O)(CO)C3)c1=O)C2,中毒,18.619787,18.206211,0.307696675,3.52116976
Cc1n[nH]nc1N1C(=O)C(c2ccc(Cl)cc2)=C(c2nnnn2Cc2ccccc2)C1c1ccc(O)c(O)c1,中毒,49.60065,16.10335,0.274698081,3.522002177
Cc1n[nH]nc1C1=NC2=C3CCCCCC3=C(c3ccccc3[N+](=O)[O-])C(=O)C(=O)C2=C1,中毒,48.51858,16.057194,0.450676895,3.522892258
Cc1n[nH]nc1-c1cc(-c2c(Cl)cccc2Cl)c2c(c1)N(c1ccc(NC(=O)NC3CC3)c(F)c1)C2c1ccc(Cl)cc1,低毒,6.6185803,17.211058,0.174137653,3.523238607
Cc1n[nH]nc1-c1cc(-c2c(Cl)cccc2Cl)c2c(-c3ccc(Cl)cc3)nn(-c3cc(Cl)cn(C4CC(O)(CO)C4)c3=O)c(=O)c2c1,中毒,14.020782,29.796072,0.176109251,3.524081184
Cc1n[nH]nc1-c1cc(-c2c(Cl)cccc2Cl)c2c(c1)N(c1ccc(NS(C)(=O)=O)c(F)c1)C2c1ccc(Cl)cc1,低毒,3.4427266,14.823802,0.198014962,3.524132235
Cc1n[nH]nc1-c1cc2c(c(-c3c(Cl)cccc3Cl)c1)N(c1cc(Cl)cc(Cl)c1)C(=O)C(C)C2,中毒,14.086272,24.335518,0.291768553,3.525196228
Cc1n[nH]nc1-c1cc(-c2c(Cl)cccc2Cl)c2c(c1)N(c1ccc(N3CCN(C)CC3)c(F)c1)C2c1ccc(Cl)cc1,低毒,3.4427266,16.275814,0.210260007,3.525456502
Cc1n[nH]nc1NC(=O)C1=Cc2c(c3c(-c4cccnc4)c(-c4ccco4)nc-3cn(-c3ccc(S(C)(=O)=O)cc3)c2=O)C1=O,中毒,19.748804,24.529037,0.260714781,3.525936582
Cc1n[nH]nc1C1=C(Cl)C=C2C(=O)C(C(=O)O)=CC(c3ccc(-c4c(Cl)cncc4Cl)cc3)=C21,中毒,26.266365,20.676886,0.452840517,3.526393562
CC(=O)OCP(c1ccccc1)(c1ccccc1)(c1ccc(Br)cc1)c1n[nH]nc1C,高毒,60.451405,138.17183,0.327731886,3.530019866
Cc1n[nH]nc1-c1cc2c(c(-c3c(F)cccc3Cl)c1)CN(c1cc(Cl)cn(C3CC(O)(CO)C3)c1=O)C2,中毒,5.2941203,9.69984,0.331055364,3.530357592
Cc1n[nH]nc1NP(=O)(OCOC(=O)OCc1ccccc1)OC(C)C,高毒,51.191277,189.62993,0.380048174,3.530480716
Cc1n[nH]nc1-c1cc2c(c(-c3c(Cl)cccc3Cl)c1)S(=O)(=O)c1cc(C#CC(=O)N3CCC(O)CC3)ccc1-2,中毒,28.214779,13.657252,0.281512065,3.531657458
Cc1n[nH]nc1-c1cc2c(c(-c3c(Cl)cccc3Cl)c1)N(c1cc(Cl)cn(C3CC(O)(C(=O)O)C3)c1=O)C2=O,中毒,38.86924,18.239529,0.298381631,3.531929621
Cc1n[nH]nc1-c1cc2c(c(-c3c(F)cccc3F)c1)N(c1cc(Cl)cn(C3CC(O)(CO)C3)c1=O)C2,中毒,16.502348,16.947666,0.35946953,3.533925697
Cc1n[nH]nc1C1=C(F)C=C2C(=O)C(C(=O)O)=C(c3ccc(F)cc3F)C=C21,中毒,11.431352,48.78208,0.792082166,3.533928624
Cc1n[nH]nc1-c1cc(-c2c(Cl)cccc2Cl)c2c(c1)C(C)(c1ccc(Cl)cc1)N=C2c1ccc(Cl)cc1,中毒,15.681302,49.51105,0.231311062,3.53465314
Cc1n[nH]nc1-c1cc2c(c(-c3c(Cl)cccc3Cl)c1)CN(c1c(Cl)cnn(Cc3ccc(F)c4c3OCCO4)c1=O)C2,中毒,26.257116,6.6231947,0.236307174,3.534700898
Cc1n[nH]nc1-c1c[nH]c(=O)c2c(Nc3c(F)ccc(Cl)c3Cl)nc(-c3cn(C)c4ccc(-n5cnnc5)cc34)cc12,中毒,9.118203,19.302166,0.207796679,3.535125428
COc1cccc(Nc2ncc3c(n2)c2cc(-c4n[nH]nc4C)cc-2c(-c2cc(Cl)ccc2Cl)c2c(=O)n(-c4c(Cl)cccc4Cl)nc(Cl)c23)c1,中毒,5.6630197,48.348557,0.171177913,3.535271833
Cc1n[nH]nc1-c1cc2c(c(-c3c(Cl)cccc3Cl)c1)CN(c1cc(Cl)cn(C3CC(S(=O)(=O)O)C3)c1=O)C2,低毒,37.169533,12.695466,0.280420993,3.536576853
Cc1n[nH]nc1-c1csc(-c2c(Nc3ccc(F)c(Cl)c3F)c(=O)c2=O)c1CSc1ccc(Nc2ccc(=O)n(C)c2)cc1,中毒,4.5552816,17.334517,0.091948104,3.539048152
Cc1n[nH]nc1-c1cc2c(c(-c3c(Cl)cccc3Cl)c1)C(N)=C(C(N)=O)C(c1ccc(Cl)cc1)C2,中毒,128.85243,99.01143,0.308396245,3.539745234
Cc1n[nH]nc1-c1cc2c(sc3cc(-c4ccsc4CC(=O)O)cc(C(F)F)c32)c(-c2c(Cl)cccc2Cl)c1F,中毒,73.970856,12.700339,0.194930118,3.540252893
Cc1n[nH]nc1-c1cc2c(c(-c3c(Cl)cccc3Cl)c1)N(c1cc(Cl)cn(C3CC(O)(CO)C3)c1=O)C2=O,中毒,38.86924,18.239529,0.311865849,3.540784319
Cc1n[nH]nc1-c1cc2c(c(-c3c(Cl)cccc3Cl)c1)C(c1ccc(Cl)cc1)c1cc(-c3ccncc3)cnc1-2,中毒,29.556463,50.389175,0.22550011,3.54127879
Cc1n[nH]nc1-c1cc2c(c(-c3c(Cl)cccc3Cl)c1)C(c1ccc3c(c1)OCO3)C(C#N)=C(N)O2,中毒,12.620373,112.51642,0.357119539,3.541462869
Cc1n[nH]nc1-c1cc2c(c(-c3c(Cl)cccc3Cl)c1)C(c1ccc(Cl)cc1)NC(c1ccc(Cl)cc1)=N2,低毒,8.247228,188.9466,0.223711206,3.541500435
Cc1n[nH]nc1-c1cc2c(c(-c3c(Cl)cccc3Cl)c1)CN(c1cc(Cl)ccc1C(=O)OC1CCC(c3cn(C(C)C)nn3)CC1)CC2,中毒,58.56165,11.804766,0.168784645,3.541776722
Cc1n[nH]nc1-c1cc2c(c(-c3c(Cl)cccc3Br)c1)C(c1ccc(Cl)cc1)Oc1cc(Cl)c(Cl)cc1-2,中毒,9.715614,21.637436,0.215565331,3.543809906
Cc1n[nH]nc1-c1cc2c(cc1-c1c(Cl)cccc1Cl)Oc1cc(NC(=O)Nc3cc(Cl)sc3Cl)c(Cl)c(Cl)c1C2,中毒,32.71138,44.286232,0.172167702,3.544300067
Cc1n[nH]nc1C1=CC2=C(c3c(-c4cc(Cl)cc(S(=O)(=O)Nc5ccc(Cl)cc5)c4)c(=O)c3=O)CSCC2=C1,中毒,20.186327,30.397112,0.299966784,3.544518951
Cc1n[nH]nc1-c1cc2c(cc1-c1cc(Cl)ccc1Cl)N(c1nc(Cl)cn(C3CC(O)(CO)C3)c1=O)C2,中毒,26.704355,17.693075,0.324839361,3.546182904
Cc1n[nH]nc1C1=CC=C2C1=NC(c1ccc(OC3CCN(C4CCOCC4)CC3)cc1)=C2C(=O)c1cc(Cl)cc(Cl)c1,中毒,27.541414,15.285988,0.304392837,3.546501468
Cc1n[nH]nc1-c1cc2c(c(-c3c(Cl)cccc3Cl)c1)-c1cc(Nc3ccnc(F)c3)nc(Oc3cc(F)c(O)c(Cl)c3)c1CC2,中毒,39.64711,37.47778,0.150738444,3.546650221
Cc1n[nH]nc1-c1cc2c(c(-c3c(Cl)cccc3Cl)c1)C(c1ccc(Cl)cc1)=Nc1cc(Cl)c(Nc3cccc(Cl)c3Cl)c(Cl)c1NC2=O,中毒,7.852107,13.879641,0.162127347,3.546730037
Cc1n[nH]nc1-c1cc(-c2c(Cl)cccc2Cl)c2c(c1)-c1c3c(c4c(c(=O)c1C2=O)CCN(C(=O)N1CCOCC1)C4)CC3,中毒,103.945206,25.08623,0.286892199,3.546804479
Cc1n[nH]nc1-c1cc2c(c(-c3c(Cl)cccc3Cl)c1)C(c1cc(Cl)ccc1OCC1CC1)N(C)C2,中毒,32.164482,15.425638,0.272311146,3.546814027
Cc1n[nH]nc1-c1ccc(-c2ccc3c(c2)OCN(C2CC(=O)N(c4cc(Cl)cc(Cl)c4)C2=O)C3=O)c(Cl)c1,中毒,10.599165,16.023859,0.317036252,3.548351812
Cc1n[nH]nc1-c1cc2c(c(-c3c(Cl)cc(Cl)cc3Cl)c1Oc1ccc(S(C)(=O)=O)cc1)C2c1ccc(Cl)cc1,中毒,15.810758,14.98376,0.198805491,3.548773959
Cc1n[nH]nc1-c1cc2c(c(-c3c(Cl)cccc3Cl)c1)C(c1ccc(Cl)cc1)N(Cl)c1cc(Cl)ccc1-2,中毒,7.1657753,94.12615,0.214104604,3.54893562
Cc1n[nH]nc1C1=Cc2sc(-c3c(Cl)cccc3Cl)c(-c3cccc(P(=O)(O)O)c3)c2C1=O,中毒,11.092435,49.17432,0.313712874,3.549048403
Cc1n[nH]nc1C1=CC2=C(P(=O)(O)O)C=C(c3cn(-c4ccccc4)nc3-c3ccc(Cl)cc3)C(=O)C2=C1,中毒,22.043343,71.17293,0.300128207,3.549750069
Cc1n[nH]nc1C(=O)N1CCN(c2nc(Cl)c3c(-c4ccnc(N)c4)c(-c4cnc(N)nc4)nc(O)c3c2F)CC1,中毒,38.149918,21.249342,0.227398444,3.551264516
Cc1n[nH]nc1-c1cc2c(c(-c3c(Cl)cccc3Cl)c1)C(c1ccc(Cl)cc1)N(Cl)c1ccc(Cl)cc1-2,中毒,7.1657753,94.12615,0.214104604,3.551541334
Cc1n[nH]nc1-c1cc2c(c(-c3c(Cl)cccc3Cl)c1)C(c1ccc(Cl)cc1)N(c1cncc(Cl)c1)C2,中毒,7.7644997,32.294476,0.236527571,3.551664892
Cc1n[nH]nc1-c1cc2c(cc1-c1cc(F)cc(Br)c1)N(c1cc(Cl)cn(C3CC(O)(CO)C3)c1=O)C2=O,中毒,16.502348,10.425424,0.30964941,3.552291132
Cc1n[nH]nc1-c1cc(-c2c(Cl)cccc2Cl)c2c(c1)N(c1ccc(N3CCC(N(C)C)CC3)cc1)C2c1ccc(Cl)cc1,低毒,3.7002773,39.68917,0.199979467,3.553033924
Cc1n[nH]nc1-c1cc(-c2c(Cl)cccc2Cl)c2c(c1)N(c1ccc(NC(=O)c3ccc(F)cc3F)c(Cl)c1)C2c1ccc(Cl)cc1,低毒,6.6185803,20.277514,0.18077217,3.555005353
Cc1n[nH]nc1-c1cc2c(c(-c3c(Cl)cccc3Cl)c1)C(=O)C(=O)N(c1cc(Cl)cn(C3CC(O)(CO)C3)c1=O)C2=O,中毒,14.1313,19.79431,0.221046384,3.555194575
Cc1n[nH]nc1-c1cc2c(c(-c3c(Cl)cccc3Cl)c1)C(c1ccc(Cl)cc1)N(c1ccc(OCC(F)(F)F)cc1)C2,中毒,19.92179,35.44376,0.20331719,3.556906711
Cc1n[nH]nc1-c1cc(-c2c(Cl)cccc2Cl)c2c(c1)C(c1ccc(Cl)cc1)C2c1ccc(Cl)cc1,中毒,11.298771,36.358353,0.24194169,3.557391319
Cc1n[nH]nc1-c1cc2c(c(-c3c(F)cccc3Cl)c1)N(c1cc(Cl)cn(C3CC(O)(CO)C3)c1=O)C2=O,中毒,38.74793,16.862432,0.33485469,3.557630472
Cc1n[nH]nc1-c1cc2c(c(-c3c(Cl)cccc3Cl)c1)C(c1ccc(Cl)cc1)c1c-2cnn1-c1cccc(F)c1,中毒,27.887934,30.158705,0.224022415,3.557774905
Cc1n[nH]nc1C1=CC2=C(c3c(Cl)c4cc(Cl)ccc4c(=O)c4ccccc4c3=O)C(N)=NCC2=C1,中毒,6.176409,61.77447,0.406197069,3.55892453
Cc1n[nH]nc1-c1cc(-c2c(Cl)cccc2Cl)c2oc3ccc(Nc4ccc(-c5ncnc6[nH]cc(F)c56)cc4F)c(Cl)c3c2c1,中毒,3.1828396,50.51976,0.167920286,3.561611882
Cc1n[nH]nc1C1=C2C(=O)C(N3CCN(S(=O)(=O)c4ccc(F)cc4)CC3)=NC(Cc3cc(F)c4c(c3)OCCO4)=C2C=C1,中毒,5.7982693,14.911535,0.461145994,3.563862721
Cc1n[nH]nc1-c1cc2c(c(Oc3ccc(OC(F)(F)F)cc3)c1)N(c1cc(Cl)cn(C3CC(O)(CO)C3)c1=O)C2,中毒,29.578693,34.70875,0.275104325,3.563946228
CC(=O)c1c2c(c3c(c1-c1c(Cl)ccc(Cl)c1Cl)c(=O)c(C(=O)O)cn3C1CC1)C(c1n[nH]nc1C)=C2,中毒,10.939964,11.329585,0.197082267,3.564191156
Cc1n[nH]nc1C1=Cc2c(Cl)c(=C3C(=O)NC(=O)N(c4ccc(Cl)c(Cl)c4)C3=O)[nH]c2=C1,中毒,4.5959167,20.925718,0.508924024,3.564652149
Cc1n[nH]nc1C1=Cc2c(c(-c3c(Cl)ccc(Cl)c3Cl)c3cc(-c4nnc(-c5ccccc5)s4)cc-3c3c(Cl)cc(Cl)cc23)C1,中毒,67.198845,15.821854,0.185152873,3.565180625
CC(=O)N1CCN(c2ccc(N3c4cc(-c5n[nH]nc5C)cc(-c5c(Cl)cccc5Cl)c4C3c3ccc(Cl)cc3)cc2F)CC1,低毒,7.4193234,16.275814,0.204775289,3.565613811
Cc1n[nH]nc1-c1cc2c(cc1-c1c(F)cccc1Cl)N(c1cc(Cl)cn(C3CC(O)(CCO)C3)c1=O)C2=O,中毒,21.313284,10.425424,0.306270376,3.565996084
Cc1n[nH]nc1-c1cc2c(s1)c(Br)c(Nc1ccc(Cl)nn1)c1nc(Cl)c(-c3ccc(Cl)cc3C#N)cc12,中毒,8.258454,12.8298235,0.185764786,3.56642571
Cc1n[nH]nc1C1=C(F)C=C2C(=O)C(C(=O)O)=C(c3ccc(C(=O)NC4CCN(Cc5c(Cl)cncc5Cl)CC4)cc3)C=C21,中毒,17.37467,44.622917,0.312412991,3.566907953
Cc1n[nH]nc1C1=CC(c2c(-c3c(Cl)cnn3-c3ccc(F)cc3)n(C(C)(C)C)cc(C(=O)O)c2=O)=C1F,中毒,24.396027,13.503714,0.362542669,3.568773837
Cc1n[nH]nc1-c1cc2c(c(-c3c(Cl)cccc3Cl)c1)CN(c1nc(Cl)cn(C3CC(O)(CO)C3)c1=O)C2,中毒,13.169985,17.262386,0.320523966,3.568774138
Cc1n[nH]nc1-c1cc2c(c(-c3c(Cl)cccc3Cl)c1)N(c1c(Cl)cccc1Cl)C1=C(C2)C(=O)C(F)(F)C1,中毒,23.279078,13.8238325,0.258946345,3.569467752
Cc1n[nH]nc1-c1cc(-c2c(Cl)cccc2Cl)c2c(-c3ccsc3)c(-c3cc(Cl)cc(Cl)c3)n(-c3cc(Cl)c4nonc4c3)c(=O)c2c1,中毒,4.135421,13.188102,0.187860907,3.57096583
Cc1n[nH]nc1-c1cc(-c2c(Cl)cccc2Cl)c2c(c1)-c1c(cc(I)c(=O)n1C1CC1)S2(=O)=O,中毒,26.780329,16.016321,0.261016064,3.572918081
Cc1n[nH]nc1-c1cc2c(=O)c3c(cc4c(-c5cc(Cl)c(Cl)cc5Cl)c(-c5ccc(Cl)cc5)c(-c5c(Cl)cccc5Cl)nc4c-2c1)CSC3,中毒,3.8209896,68.3308,0.180125799,3.573111948
Cc1n[nH]nc1C1=CC2=C(P(=O)(O)O)C(c3cccc(Oc4ccccc4)c3)=C(CN(C)Cc3ccc(OCc4ccccc4)c(Cl)c3)C2=C1N,中毒,35.247326,31.331064,0.094965573,3.574120995
Cc1n[nH]nc1-c1cc2c(cn1)c(Cl)c(Cc1c(F)cccc1Cl)c1c(O)nn(-c3ccc(-c4nc(C(=O)O)cs4)cc3F)c12,中毒,8.0253315,92.46146,0.167328832,3.575080215
Cc1n[nH]nc1-c1cc2c(c(-c3c(Cl)cccc3Cl)c1)C(c1ccc(Cl)cc1)=NC(N)N2,中毒,8.0223875,188.9466,0.337509949,3.575257036
Cc1n[nH]nc1C1=C(Cl)C=C2C(=O)C(C(=O)O)=C(c3ccc(F)cc3Br)C=C21,中毒,64.43836,54.410786,0.673477768,3.575648704
Cc1n[nH]nc1-c1cc2c(=O)n(-c3cc(Cl)cn(C4CC(O)(CO)C4)c3=O)c(-c3ccc(Cl)cc3Cl)nc2cc1-c1c(Cl)cccc1Cl,中毒,7.537263,28.06984,0.162757504,3.575756731
CC(=O)NN1Cc2cc(-c3n[nH]nc3C)cc(-c3c(Cl)cccc3Cl)c2C1c1ccc(Cl)cc1,中毒,44.98822,32.61805,0.333426525,3.576041856
Cc1n[nH]nc1-c1cc(-c2c(Cl)cccc2Cl)c2c(c1)N(c1ccc(Cl)cc1)N(N)C2c1ccc(Cl)cc1,中毒,23.354248,17.565065,0.208397967,3.576873653
Cc1n[nH]nc1-c1cc2c(c(-c3c(Cl)cccc3Cl)c1)C(N)c1cc(Cl)c(O)cc1-2,低毒,39.09867,67.13631,0.337137968,3.577412818
Cc1n[nH]nc1-c1cc(-c2c(Cl)cccc2Cl)c2c(c1)-c1c(cnc(-c3ccc(-c4noc(=O)[nH]4)cc3)c1Cl)C2,中毒,42.441055,45.332546,0.222039489,3.578177519
Cc1n[nH]nc1-c1cc2c(c(S(=O)(=O)c3ccc4c(c3)OCO4)c1)CN(c1nccc(-c3c[nH]nc3C(C)C)n1)C2,中毒,17.415241,40.25434,0.304272014,3.578564583
Cc1n[nH]nc1-c1cc2c(cc1-c1cc(Cl)cc(Cl)c1Cl)N(c1cc(Cl)cn(C3CC(O)(CO)C3)c1=O)C2=O,中毒,16.502348,10.425424,0.255051788,3.578961253
Cc1n[nH]nc1-c1cc2c(cc1-c1cc(Cl)cc(Cl)c1C)N(c1cc(Cl)cn(C3CC(O)(CO)C3)c1=O)C2=O,中毒,18.619787,11.733231,0.294278668,3.579282173
Cc1n[nH]nc1-c1cc(-c2c(Cl)cccc2Cl)c2c(-c3ccc(Cl)cc3)nc3c(CN(C)C)c(C)n(C4CC(O)(CO)C4)c3c2c1,中毒,4.8570743,90.86087,0.158496392,3.580596716
Cc1n[nH]nc1-c1cc(-c2c(Cl)cccc2Cl)c2[nH]n(-c3cc(Cl)cn(C4CC(O)(CO)C4)c3=O)c(=O)c2c1,中毒,16.830318,63.094254,0.242108441,3.580752494
Cc1n[nH]nc1-c1cc(-c2c(Cl)cccc2Cl)c2c(c1)-c1c(cc(Cl)c(Cl)c1Cl)OC2c1ccc(Cl)cc1,中毒,5.8929176,21.637436,0.203907828,3.581103308
Cc1n[nH]nc1-c1cc(-c2c(Cl)cccc2Cl)c2c(c1)N(c1ccc(S(=O)(=O)Nc3nccs3)cc1)C2c1ccc(Cl)cc1,中毒,22.061394,46.622833,0.174689849,3.583128429
Cc1n[nH]nc1-c1cc2c(c(-c3c(Cl)cccc3Cl)c1)C(c1ccc(Cl)cc1)N(c1ccc(S(=O)(=O)N3CCOCC3)cc1)C2,中毒,14.584148,17.088589,0.199386481,3.583166344
Cc1n[nH]nc1-c1cc2c(c(-c3c(Cl)cccc3Cl)c1)C(c1ccc(Cl)cc1)C1=C(C2)c2cc(Cl)ccc2C1=O,中毒,31.214329,13.388167,0.223658111,3.585928846
Cc1n[nH]nc1C1(c2ccc(Cl)cc2F)CCN(C(=O)N(C)CC2CCCO2)CC1,中毒,20.368286,26.205498,0.796915003,3.587506334
Cc1n[nH]nc1-c1cc2c(c(-c3c(Cl)cccc3Cl)c1)C(N)c1cc(-c3ccc(Cl)cc3)sc1-2,中毒,2.3238165,15.993859,0.250523595,3.588591538
Cc1n[nH]nc1-c1cc2c(c(-c3c(Cl)cccc3Cl)c1)S(=O)(=O)c1cc(Cl)c(N3CCC(Oc4ncc(Cl)cn4)CC3)cc1-2,中毒,8.171097,8.551761,0.196067389,3.588656295
Cc1n[nH]nc1-c1cc2c(c(-c3ncccc3Cl)c1)N(c1cc(Cl)cn(C3CC(O)(CO)C3)c1=O)C2=O,中毒,36.574112,18.239529,0.352120114,3.588964831
CC1=C(c2n[nH]nc2C)C=C2SC(=O)C(c3cc(Cl)c(OS(=O)(=O)c4ccc(F)cc4F)c(Cl)c3)=C21,中毒,7.9071736,19.989498,0.384746835,3.58993613
Cc1n[nH]nc1-c1cc(-c2c(Cl)cccc2Cl)c2c(c1)N(c1ccnc(OCC3CC3)c1)C2c1ccc(Cl)cc1,低毒,12.423955,42.785797,0.205703766,3.590094236
Cc1n[nH]nc1-c1cc2c(c(-c3c(Cl)cccc3Cl)c1)CN(c1c(Cl)cnn(C3CC(O)(CO)C3)c1=O)C2,中毒,44.137352,9.732115,0.320523966,3.590206939
Cc1n[nH]nc1-c1cc2c(c(-c3c(Cl)cccc3Cl)c1)C(c1ccc(Cl)cc1)c1c(cnn1-c1ccccc1)N2,中毒,12.908251,19.329142,0.217118678,3.592072689
Cc1n[nH]nc1C1=C(F)C=C2C(=O)C(C(=O)O)=C(c3ccc(Oc4cccc(C(C)(C)O)c4)nc3)C=C21,中毒,15.1464205,46.033134,0.428372569,3.592097019
Cc1n[nH]nc1-c1cc2c(c(-c3c(Cl)cccc3Cl)n1)CN(c1cc(Cl)cn(C3CC(O)(CO)C3)c1=O)C2,中毒,8.534664,30.722694,0.320523966,3.592334806
Cc1n[nH]nc1C1Cc2cc(Cl)c(O)cc2C(c2ccc(NC(=O)Nc3ccc(C(F)(F)F)cn3)cc2)=N1,中毒,22.690754,26.533848,0.26473528,3.592338103
Cc1n[nH]nc1-c1cc2cc(-c3cnn4cccc(F)c34)nc3c(c-2c1Br)CSCC3,中毒,7.126609,16.557627,0.360724624,3.592394473
Cc1n[nH]nc1-c1cc2c(c(-c3c(Cl)cccc3Cl)c1)C(c1ccc(Cl)cc1)C1=C(C2=O)c2c(Cl)cccc2C1=O,中毒,17.621548,12.502154,0.219331023,3.594202865
Cc1n[nH]nc1C1=CC(c2c(=O)c(C#Cc3ccnc4cc(Cl)ccc34)cnc3cc(-c4nnn(C)n4)ccc23)=C1,中毒,7.1055555,13.083467,0.320192288,3.595981402
Cc1n[nH]nc1-c1csc(-c2c(NC3CC3)nc3cc(N(C)S(C)(=O)=O)c(-c4ccc(S(=O)(=O)NCc5ccccn5)cc4)nc3c2C)c1,中毒,6.9686184,17.561222,0.160247028,3.596050438
Cc1n[nH]nc1-c1cc2c(c(-c3c(Cl)cccc3Cl)c1)N(c1cc(Cl)cn(C3CC(O)(CN(C)C)C3)c1=O)C2,中毒,30.357563,18.206211,0.295151728,3.596128135
Cc1n[nH]nc1-c1cc2c(c(-c3c(Cl)cccc3Cl)c1)N(c1cc(Cl)cn(C3CC(O)(F)C3)c1=O)C2=O,中毒,50.718243,18.239529,0.325653792,3.596502827
Cc1n[nH]nc1N1CCc2c(c(-c3c(Cl)cccc3Cl)c(-c3ccnc(Cl)c3)c(N3CCC(F)(F)CC3)c2C(N)=O)C1,中毒,18.867651,16.892931,0.237477862,3.597052018
Cc1n[nH]nc1-c1cc2c(c(-c3c(Cl)cccc3Cl)nn(-c3ccc(C(=O)O)cc3)c3c1C(=O)CCC3)C2,中毒,11.426574,21.732035,0.278173213,3.597149294
Cc1n[nH]nc1-c1cc2c(c(-c3c(Cl)cccc3Cl)c1)Cc1c(cc(NC(=S)Nc3cccc(C#N)c3)c3c1C(=O)C(C)(C)C3)CC2,中毒,37.96981,24.648561,0.163237367,3.597334093
Cc1n[nH]nc1-c1cc(-c2c(Cl)cccc2Cl)c2c(=O)c(C(=O)O)c(C3CC3)c3cnc(-c4cnoc4)nc3c2c1,中毒,18.601305,56.65148,0.233150494,3.597412792
Cc1n[nH]nc1-c1cc(-c2c(Cl)cccc2Cl)c2c(c1)N(c1ccc(-c3cnn(C)c3)c(F)c1)C2c1ccc(Cl)cc1,低毒,3.4427266,19.272306,0.210032734,3.597810422
Cc1n[nH]nc1-c1cc2c(cc1OCC(C)(C)OC(=O)c1nn(-c3cccc(Cl)c3)c(=O)c3c1CSCN3)CC2,中毒,61.177658,11.990141,0.299978102,3.598104722
Cc1n[nH]nc1-c1cc2c(c(-c3c(Cl)cccc3Cl)c1)CN(c1cc(Cl)cn(C3(CO)COC3)c1=O)C2,中毒,17.895113,13.535332,0.36509414,3.598249755
Cc1n[nH]nc1-c1cc2c(c(-c3c(Cl)cccc3Cl)c1)C(C(F)(F)F)=C1C=C(Cl)C(Oc3ccc(S(=O)(=O)N4CCOCC4)cc3)=C12,中毒,13.9221735,16.681267,0.216687579,3.598303119
Cc1n[nH]nc1-c1cc(-c2c(Cl)cccc2Cl)c2c(C3=CN(Cc4ccc(F)cc4F)C3=O)c(Sc3ccc(Cl)cc3)c3ccc(Cl)cc3c2c1,中毒,20.323769,18.793428,0.163880785,3.598583133
Cc1n[nH]nc1-c1cc(-c2c(Cl)cccc2Cl)c2c(c1)C(C)(C)N([O])C2c1ccc(Cl)cc1,中毒,35.094444,20.307821,0.320048766,3.599220538
Cc1n[nH]nc1C1=Cc2c(C(N)=O)c(-c3c(Cl)cccc3Cl)c3cc(-c4cc(Cl)c(Cl)cc4Cl)nc(-c4cncc(Cl)c4)c3c21,中毒,7.9945903,63.507755,0.172686999,3.599719291
Cc1n[nH]nc1-c1cc2c(c(-c3c(Cl)cccc3Cl)c1)C(c1ccc(Cl)cc1)SC(N)=N2,中毒,10.066432,10.88548,0.311825404,3.600329226
Cc1n[nH]nc1C1=Cc2sc(-c3c(Cl)cncc3Cl)c(-c3cc(Cl)c(O)c(Cl)c3)c2C1=O,中毒,7.7632422,48.903652,0.302523341,3.600372114
Cc1n[nH]nc1-c1c[nH]c2c1C(=O)C(c1ccc3occc3c1)=C(C(=O)OCC(=O)N(Cc1ccc(F)cc1)c1ccco1)C2=O,中毒,57.593895,46.45027,0.172177502,3.601695449
Cc1n[nH]nc1C1=CC2=C3CCN(Cc4ccsc4)CCC3=C(S(=O)(=O)c3ccc(Cl)cc3)C(=O)C(=O)C2=C1,中毒,12.88552,21.594799,0.439361532,3.601841926
Cc1n[nH]nc1-c1cc2c(c(-c3c(Cl)cccc3Cl)c1)C(c1ccc(Cl)cc1)C1=C(C2)c2c(Cl)cccc2C1=O,中毒,31.214329,12.502154,0.223658111,3.603779453
Cc1n[nH]nc1C1=Cc2c(C(F)(F)F)c(-c3c(Cl)cccc3Cl)c3c(ccc4c(O)c(CNC(=O)C(C)(C)O)ccc43)c21,中毒,6.8970156,23.20729,0.148935187,3.604269922
Cc1n[nH]nc1-c1cc2c(c(-c3c(Cl)cccc3Cl)c1)C(c1ccc(Cl)cc1)N(O)c1cc(Cl)c(Cl)cc1-2,中毒,23.803963,163.65613,0.215812949,3.604410138
Cc1n[nH]nc1C1=CC2=C(C(=O)Nc3cccc(Cl)c3F)C(c3ccnc(OC(C)C)c3)=C(c3ccnc(Cl)c3)C2=C1,中毒,9.027269,10.542552,0.220755758,3.604614629
Cc1n[nH]nc1-c1cc2c(c(-c3c(Cl)ccc(Cl)c3Cl)c1)C(c1ccc(Cl)cc1)N(c1ccc(N3CCN(C)CC3)cc1)C2,中毒,12.55759,15.297123,0.190371271,3.604762495
Cc1n[nH]nc1-c1cc2c(c(-c3c(Cl)cccc3Cl)c1)C(c1ccc(Cl)cc1)N(C(=O)NC1(C(=O)O)CC1)C2,中毒,19.089043,19.792002,0.244290164,3.605023819
Cc1n[nH]nc1-c1cc(-c2c(Cl)cccc2Cl)c2c(c1)N(c1ccc(Cl)cc1)N(Cl)C2c1ccc(Cl)cc1,低毒,24.837315,41.08053,0.208448982,3.605024935
Cc1n[nH]nc1-c1cc2c(c(-c3c(Cl)cccc3Cl)c1)C(c1ccc(Cl)cc1)N([O])N2,低毒,68.82525,112.974495,0.358144334,3.605489117
Cc1n[nH]nc1-c1cc2c(c(-c3c(Cl)cccc3Cl)c1)OC(c1ccc(Cl)cc1)C(C#N)=C(N)O2,中毒,5.8458204,94.22578,0.311795283,3.605591959
Cc1n[nH]nc1C1Cc2c(F)cc3c(=O)c(C(=O)O)cn(C4CC4)c3c2C1,中毒,26.998833,24.345661,0.739635158,3.60652811
Cc1n[nH]nc1-c1ccc2c(c1)C(O)(C(F)(F)F)c1cc(-c3cncc(Oc4cccc(F)c4)c3F)ccc1-2,中毒,18.576782,40.274082,0.250177785,3.606663001
Cc1n[nH]nc1-c1cc(-c2c(Cl)cccc2Cl)c2c(c1)C(c1ccc(Cl)cc1)S2(=O)=O,中毒,28.105597,23.096714,0.366343179,3.609283698
Cc1n[nH]nc1C1(c2cc(NC(=O)c3cnc4cc(Cl)ccc4c3)ccc2F)CSC(N)=N1,中毒,40.11892,34.690285,0.404536557,3.609894853
Cc1n[nH]nc1-c1cc(-c2c(Cl)cccc2Cl)c2c(-c3ccc(Cl)cc3)nc3cc(C#CCN4CCC(C#N)(c5ccc(Cl)cc5)CC4)c(Cl)cc3c2c1,中毒,8.966091,149.54405,0.13836726,3.611053581
Cc1n[nH]nc1C1=Cc2c(cc(-c3ccc(Cl)cc3)cc2-c2ccc3nc(-c4cnc(N5CCOCC5)o4)nc(N4CCOCC4)c3c2)C1=O,中毒,27.786415,12.922679,0.217447618,3.611328785
Cc1n[nH]nc1-c1cc(-c2c(Cl)cccc2Cl)c2c(c1)N(c1ccc(OCC3CC3)c(OC3CC3)c1)C2c1ccc(Cl)cc1,低毒,12.423955,28.823547,0.173201885,3.612026232
Cc1n[nH]nc1-c1cc(-c2c(Cl)cccc2Cl)c2c(-c3ccc(Cl)cc3)nn(-c3cc(Cl)cn(C4CC(O)(CO)C4)c3=S)c(=O)c2c1,中毒,6.570829,191.4334,0.148778037,3.612191343
Cc1n[nH]nc1-c1cc2c(c(-c3c(Cl)cccc3Cl)c1)S(=O)(=O)N(Cc1ccc(-c3cnn(Cc4ccncc4OC(F)(F)F)c3)cc1)C2,中毒,39.915905,17.92669,0.171139267,3.612235799
Cc1n[nH]nc1C1=Cc2c(C(=O)NCc3cccnc3)c(-c3c(Cl)cccc3Cl)c3c(sc4ncc(-c5cn[nH]c5)cc43)c21,中毒,46.08258,15.52211,0.174180907,3.612964455
Cc1n[nH]nc1-c1cc2c3nc(-c4c(Cl)cccc4Cl)c(-c4ccc(Cl)cc4Br)c(-c4ccc(Cl)cc4)c3cc[n+](-c3ccc(I)cc3)c-2c1,中毒,12.976177,43.735294,0.138247072,3.613390374
Cc1n[nH]nc1C1=CC2=C(c3c4sc5c(cc-4ccc3=O)CN(C)CCC5)CC2=C1,中毒,2.760054,18.073744,0.682766934,3.613557322
Cc1n[nH]nc1C1=CC2=c3c(-c4cc(Cl)cc(Cl)c4)nn(-c4cccnc4)c(=O)c3=C(c3c(Cl)cccc3Cl)C2=C1,中毒,23.670134,33.676407,0.278551066,3.613724116
Cc1n[nH]nc1-c1cc2c(C3CC3)nc(-c3cnc(NC4CC4)c(-c4cncc(S(=O)(=O)Nc5cc(C(F)(F)F)ccn5)c4)c3)nc2s1,中毒,15.034875,15.957971,0.151066531,3.614097089
Cc1n[nH]nc1C1Cc2c(-c3cc(Cl)ccc3F)n[nH]c21,中毒,2.9454725,24.564837,0.764350436,3.614662845
Cc1n[nH]nc1-c1cc2c(cc1Cc1cc(Cl)ccc1C#N)N(c1cc(Cl)cn(C3CC(O)(CO)C3)c1=O)C2,中毒,37.720684,28.196995,0.316619719,3.614726676
Cc1n[nH]nc1-c1cc2c(c(-c3c(Cl)cccc3Cl)c1)C(=O)C(C(=O)O)=C(c1cc(NS(=O)(=O)c3ccccc3Cl)c(Cl)c3c1CCC3)C2,中毒,29.976925,9.790468,0.141332846,3.615015319
Cc1n[nH]nc1-c1cc2c(c(-c3c(Cl)cccc3Cl)c1)-c1c(cc(C(N)=S)c(=O)c3cc(Cl)c(N=S)cc13)CC2,中毒,6.3940454,156.2427,0.199615227,3.615119789
Cc1n[nH]nc1-c1cc2c(c(-c3c(Cl)cc(Cl)cc3Cl)c1)N(c1cc(Cl)cn(C3CC(O)(CO)C3)c1=O)C2=O,中毒,38.86924,18.239529,0.272648419,3.615187708
Cc1n[nH]nc1-c1cc2c(c(-c3c(Cl)cccc3Cl)c1)C[N+](c1cccnc1)=NC2,中毒,6.893427,22.721317,0.403159125,3.616245386
Cc1n[nH]nc1C1=CC2=C(c3ccc(F)cc3F)N=C(c3cnn(C)c3)C(=O)C2=C1c1ccc(C(=O)N2CCOCC2)c(F)c1,中毒,25.069427,14.911535,0.363730463,3.61677925
Cc1n[nH]nc1-c1cc2c(c(-c3c(Cl)cccc3Cl)c1)C(c1ccc(Cl)cc1)S(=O)(=O)C2,中毒,54.009544,24.726858,0.348929403,3.616949429
Cc1n[nH]nc1-c1cc2c(c(-c3c(Cl)cccc3Cl)c1)C(c1ccc3c(c1)OCO3)N(C(=O)N1CCOCC1)CC2,中毒,89.81002,26.363132,0.319523185,3.617232458
Cc1n[nH]nc1-c1cc2c(c(-c3c(Cl)cccc3Br)c1)N(c1cc(Cl)cn(C3CC(O)(CO)C3)c1=O)C2=O,中毒,38.86924,18.239529,0.288931811,3.617751791
Cc1n[nH]nc1-c1cc2c(-c3ccc(Cl)c(Cl)c3)nc(Cl)c(-c3cc(Cl)c(O)c(Cl)c3)c3c(=O)c(C(=O)O)cn(C4CC4)c3c-2c1=O,中毒,4.573189,8.335111,0.160408498,3.617931822
Cc1n[nH]nc1C1=Cc2c(C(C)C)c(-c3c(Cl)cccc3Cl)c3c(F)c(C(=O)O)c(-c4ccc(Cl)cn4)c(-c4ccc(F)cc4)c3c21,中毒,39.502415,29.779375,0.181530525,3.61874237
Cc1n[nH]nc1-c1cc2c(c(-c3c(Cl)cccc3Cl)c1)C(c1ccc(Cl)cc1)Oc1cc3c(cc1-2)CN(C)CC3,中毒,5.8929176,21.474463,0.229785792,3.6188834
Cc1n[nH]nc1-c1cc2c(Cl)cc(Cl)c3c(c-2c1C1CCC(Nc2nccc(C(F)(F)F)n2)CC1)c(=O)c(C(=O)O)cn3C1CC1,中毒,8.194167,15.123783,0.168784094,3.620806812
Cc1n[nH]nc1-c1cc2c(c(-c3c(Cl)cccc3Cl)c1)C(c1ccc(Cl)cc1)Oc1cc3c(cc1-2)N(C)CC3,中毒,4.605816,18.697168,0.234919348,3.620937891
Cc1n[nH]nc1-c1c(-c2cn(-c3ccncc3F)c3cc(F)ccc3c2=O)c(-c2ccc(Cl)cc2)cn(S(=O)(=O)c2ccc(Cl)s2)c1=N,中毒,94.41721,14.3937645,0.190050698,3.621162715
Cc1n[nH]nc1-c1cc2c(c(-c3c(Cl)cccc3Cl)c1)C(c1ccc(Cl)cc1)N=NCC2,中毒,10.846319,24.549541,0.328235732,3.621283375
Cc1n[nH]nc1-c1cc(-c2c(Cl)cccc2Cl)c2c(c1)N(c1ccc(NS(=O)(=O)c3cccnc3)c(F)c1)C2c1ccc(Cl)cc1,中毒,5.8923936,24.575344,0.17325747,3.621436674
Cc1n[nH]nc1-c1cc2c(s1)C(c1cc(Cl)c(Cl)cc1Cl)N(c1cc(Cl)cc(Cl)c1)C2=O,中毒,10.808773,6.5706,0.267170049,3.621746058
Cc1n[nH]nc1-c1cc2c(c(-c3c(Cl)cccc3Cl)c1)C(c1ccc(Cl)cc1)Oc1cc(N3CCOCC3)c(Cl)cc1-2,中毒,8.882048,27.252035,0.212965029,3.622603581
Cc1n[nH]nc1-c1cc2c(c(-c3c(Cl)cccc3Cl)c1)C(c1ccc(Cl)cc1)c1c(c3cc(Cl)ccc3oc1=O)C2,中毒,40.778316,19.971844,0.20032187,3.622650856
Cc1n[nH]nc1-c1cc2c(c(-c3c(Cl)cccc3Cl)c1)C(c1ccc(Cl)cc1)N(N)c1c(Cl)cc(Cl)cc1-2,中毒,21.373444,33.20297,0.202381731,3.622681885
Cc1n[nH]nc1-c1cc2c(c(-c3c(Cl)cccc3Cl)c1)C(C#N)=C(c1cc(Oc3cccc(C#N)c3)c(Cl)c3c1OCC3)C2,中毒,51.236656,71.35618,0.206276445,3.623246238
Cc1n[nH]nc1-c1cc2c(c(-c3c(Cl)cc4cc(Cl)ccc4c3OCc3ccc(Cl)cc3)c1)C(=O)N(C(C)CO)CC2,中毒,13.114935,10.300719,0.196182157,3.623285638
Cc1n[nH]nc1-c1cc2c(S(=O)(=O)c3cc(NS(=O)(=O)c4ccc(F)c(F)c4Br)cc4c3C(C)(C)CCC4(C)C)cc1-2,中毒,12.750988,14.604695,0.191206547,3.623287351
Cc1n[nH]nc1-c1cc2c(c(-c3c(Cl)cccc3Cl)c1)C(c1ccc(Cl)cc1)=C(Nc1cc(Cl)cn(C3CC(O)(CO)C3)c1=O)C2=O,中毒,21.458858,14.2372675,0.138996504,3.624836792
Cc1n[nH]nc1-c1cc2c(c(-c3c(Cl)cccc3Cl)c1)C(c1cc(Cl)cc(Cl)c1)=C1C(O)=C3CC(C)(C)CC(=O)C3=C12,中毒,140.33076,31.41456,0.235019941,3.625457173
Cc1n[nH]nc1-c1csc(-c2c(CO)cnc3ncnc(N4CC(OCc5ccnc(C(C)C)n5)C4)c23)c1,中毒,11.118667,18.050745,0.306084295,3.626334555
Cc1n[nH]nc1-c1cc2c(c(-c3c(Cl)cccc3Cl)c1)C(c1ccc(Cl)cc1)OC(N)=N2,中毒,17.519812,31.11561,0.348448029,3.626516715
Cc1n[nH]nc1-c1cc2c(c(-c3c(Cl)cccc3Cl)c1)C(c1ccc(N(C)C)c(S(=O)(=O)N3CCOCC3)c1)C2,中毒,4.3132744,26.225712,0.314111845,3.62687108
Cc1n[nH]nc1C1=Cc2c(-c3ccc(Cl)c(Cl)c3)nc(N3CCN(c4ncnc5cc(OCC6CC6)ncc45)CC3)c(Cl)c2C1=O,中毒,19.849455,9.114193,0.209469503,3.627910833
Cc1n[nH]nc1-c1cc(-c2c(Cl)cccc2Cl)c2oc(-c3ccc(Cl)cc3)c(Nc3cc(Cl)cn(C4CC(O)(CO)C4)c3=O)c(=O)c2c1,中毒,9.404992,16.862432,0.130516128,3.628374097
Cc1n[nH]nc1-c1cc(-c2c(Cl)cccc2Cl)c2c(c1)N(c1ccc(-c3nc4cc(Cl)c(Cl)cc4o3)cc1)C2c1ccc(Cl)cc1,低毒,3.6873226,14.202915,0.193205761,3.630432086
Cc1n[nH]nc1C1=CC2=NC(c3cnc4ccc(-c5ccnc(NS(=O)(=O)c6ccc(F)c(F)c6)c5)c-4cc3Cl)=CC2=C1,中毒,9.340865,11.197969,0.233929043,3.631032981
Cc1n[nH]nc1-c1cc2c(c(-c3c(Cl)cccc3Cl)c1)C(c1ccc(Cl)cc1)N(c1cc3c(cc1Cl)OCCO3)C2,中毒,14.584148,18.458017,0.216455638,3.632297511
Cc1n[nH]nc1-c1cc2c3c(c(S(=O)(=O)c4ccc(Cl)cc4)c(=O)c4c(c-2c1)OCCS4)CCS(=O)(=O)C3,中毒,14.857645,12.110745,0.379204976,3.633506348
Cc1n[nH]nc1-c1cc2c(c(-c3c(Cl)cccc3Cl)c1)C(c1ccc(Cl)cc1)C(c1ccc(Cl)cc1)N2,中毒,7.1754513,75.29793,0.228025095,3.633716069
Cc1ccc(C2C(c3n[nH]nc3C)=C3CC(c4ccc(Cl)cc4)N(c4ccc(Cl)cc4)C(=O)N32)cc1,中毒,24.28841,15.697555,0.310383522,3.63398878
Cc1n[nH]nc1-c1cnc2c(c1)C(c1ccc(Cl)cc1)N(c1cc(Cl)cn(C3CC3)c1=O)C2=O,中毒,64.67622,29.586155,0.443638305,3.634047144
Cc1n[nH]nc1-c1cc2c(Nc3ccc(Cl)c(Cl)c3)ncnc2cc1OCC1(C(=O)NCc2cn(C3CC3)nn2)CCC(CN2CCOCC2)CC1,中毒,20.168465,10.232682,0.13942334,3.634407514
Cc1n[nH]nc1-c1cc2c(c(-c3c(Cl)cccc3Cl)c1)C(c1ccc(Cl)cc1)Oc1cnc(NC3CC3)cc1-2,中毒,4.3519115,40.324768,0.219979643,3.634770446
Cc1n[nH]nc1-c1cc2c(c(-c3c(Cl)cccc3Cl)c1)S(=O)(=O)C=C(C(Cl)(Cl)Cl)c1ccc(-c3ccc(OC(F)(F)F)cc3)cc1-2,中毒,36.16502,22.484726,0.185229447,3.634813369
Cc1n[nH]nc1-c1c2c3c(C(N)=O)c(-c4c(Cl)cccc4Cl)cc4c(=O)c(-c5cnn(Cc6cccc(Cl)c6)c5)c(Cl)cc4c(F)c-3c12,中毒,31.658125,11.7658205,0.17828712,3.636092972
Cc1n[nH]nc1-c1cc(-c2c(Cl)cccc2Cl)c2c(c1)-c1c(Cl)cc(Cl)cc1N(O)C2c1ccc(Cl)cc1,中毒,38.437904,216.29337,0.215812949,3.636335228
Cc1n[nH]nc1C1=Cc2sc(=O)c(-c3cc(Cl)ccc3OCC3(C(=O)O)CC3)c(Cl)c2C1=O,中毒,19.01687,48.903652,0.507347413,3.637072829
Cc1n[nH]nc1-c1cc2c(c(-c3c(Cl)cccc3Cl)c1)CN(c1cc(-c3ccoc3C)c(=O)c3ncc(F)cc3c1CO)CC2,中毒,45.66168,27.185205,0.201508655,3.637108216
Cc1n[nH]nc1-c1cc2c(c(-c3c(Cl)cccc3Cl)c1C)N(c1cc(Cl)cn(C3CC(O)(CO)C3)c1=O)C2=O,中毒,64.70861,18.239529,0.294278668,3.637812583
Cc1n[nH]nc1-c1cc2c(c(-c3c(Cl)cccc3Cl)c1)C(c1cccc(Cl)c1)N(C(=O)C1(c3ccc(Cl)cc3)CCC1)C2,中毒,15.385943,83.44411,0.206575212,3.638235455
Cc1n[nH]nc1-c1cc2c(c(-c3c(Cl)cccc3Cl)c1OCc1ccc(Cl)cc1)N(c1cc(Cl)cn(C3CC(O)(CO)C3)c1=O)C2=O,中毒,67.219284,16.862432,0.155611547,3.639705024
Cc1n[nH]nc1P(=O)(O)O,微毒,63.330994,107.84996,0.456890666,3.64034629
Cc1n[nH]nc1-c1cc2c(c(-c3c(Cl)cccc3Cl)c1)C(c1ccc(Cl)cc1)Nc1cc(N3CCOCC3)c(F)cc1-2,中毒,7.464359,18.222586,0.210746917,3.64062189
Cc1n[nH]nc1C1=CC2=C(C3CC3)N=C(c3ccnc(NS(=O)(=O)c4cc(F)cc(F)c4)c3)C(=O)C2=C1F,中毒,58.805588,9.729206,0.489050369,3.641321453
Cc1n[nH]nc1C1=CC2=C(c3cnn(Cc4ccc(OC(F)(F)F)cn4)c3)C(c3ccc(Cl)cc3)=C(c3ccc(NS(C)(=O)=O)cc3)C2=C1,中毒,28.470184,47.2362,0.168014064,3.642211228
Cc1n[nH]nc1-c1cc2c(cc1-c1cc(Cl)nc(Cl)c1)N(c1cc(Cl)cn(C3CC(O)(CO)C3)c1=O)C2=O,中毒,18.619787,11.733231,0.302533436,3.643743
Cc1n[nH]nc1-c1cc2c(c(-c3c(Cl)cccc3Cl)c1)C(c1ccc(Cl)cc1)Oc1cc(Cl)c(Nc3ccc(F)c(Cl)c3)cc1-2,低毒,2.8526342,17.511408,0.18833094,3.64374398
Cc1n[nH]nc1-c1cc2c(c(-c3c(Cl)cccc3Cl)c1)C(c1ccc(Cl)cc1)Nc1cc(Br)c(-c3ccc(C(=O)O)cc3)cc1-2,中毒,20.265005,87.23155,0.165223763,3.64380023
Cc1n[nH]nc1-c1cc(C(=O)N2CCOC(c3cccc(C(F)(F)F)c3)C2)c2c3c(Cl)cccc3n(O)c2c1,中毒,31.48159,67.383835,0.265763016,3.644029994
Cc1n[nH]nc1-c1cc2c(c(-c3c(Cl)cccc3Cl)c1)C(c1ccc(Cl)cc1)N(c1ccc(S(=O)(=O)NC3CC3)cc1F)C2,中毒,6.888974,13.752815,0.182977509,3.64451363
Cc1n[nH]nc1-c1cc2c(c(-c3c(Cl)cccc3C(F)(F)F)c1)N(c1cc(Cl)cn(C3CC(O)(CO)C3)c1=O)C2,中毒,23.97708,18.206211,0.276946422,3.644670089
Cc1n[nH]nc1-c1cc(-c2c(Cl)cccc2Cl)c2c(c1)-c1c(cc(Cl)nc1Cl)NC2c1ccc(Cl)cc1,中毒,10.104933,54.549065,0.206531424,3.646641994
Cc1n[nH]nc1C1=Cc2c(P(=O)(O)O)nn(-c3cc(F)ccc3Oc3ccc(S(=O)(=O)Nc4nccs4)cc3F)c(=O)c21,中毒,79.26407,21.780886,0.176976398,3.646815007
Cc1n[nH]nc1-c1cc(-c2c(Cl)cccc2Cl)c2c(c1)N(c1ccc(C(=O)NCCN3CCOCC3)c(O)c1)C2c1ccc(Cl)cc1,中毒,5.345146,17.509283,0.155783715,3.647985257
Cc1n[nH]nc1-c1cc(-c2c(Cl)ccc(Cl)c2Cl)c2c(c1)N(c1ccc(Cl)cc1)OC2c1ccc(Cl)cc1,低毒,12.4296,40.1072,0.208112391,3.648449294
Cc1n[nH]nc1-c1cc2c(c(-c3c(Cl)cccc3Cl)c1)CN(C(=O)NC(CO)c1ccc(C#N)cc1Cl)C2,中毒,7.676243,189.89964,0.271801073,3.648473258
Cc1n[nH]nc1C(Cc1cc2ccccc2c(=O)n1-c1ccc(CNS(N)(=O)=O)cc1)C1CC(O)C1,中毒,13.9911995,45.01788,0.284372753,3.649288817
Cc1n[nH]nc1-c1cc2c(c(-c3c(Cl)cccc3Cl)c1)C(c1ccc(Cl)cc1)=Nc1cc(Cl)c(N=NOCCN3CCCC3)cc1C2,中毒,39.42937,13.984838,0.096972926,3.649306636
Cc1n[nH]nc1-c1cc2c(c(-c3c(Cl)cccc3Cl)c1)CN(c1cc(Cl)cn(C3CC(O)(CO)C3)c1=O)C2=N,中毒,7.1867456,17.944153,0.26149982,3.650675571
Cc1n[nH]nc1C1Cc2[nH]nc(-c3cc(NC(=O)c4ccn(C)n4)ccc3Cl)c21,中毒,14.877278,33.7608,0.479635972,3.650916463
Cc1n[nH]nc1-c1cc2c(c(-c3c(Cl)ccc(Cl)c3Cl)c1)C(c1ccc(Cl)cc1)N(c1ccc(C(=O)N(C)Cc3ccc(F)cc3)cc1)C2,中毒,28.174992,16.09023,0.166129238,3.652424205
Cc1n[nH]nc1C1=CC2=C3C(=O)c4c(-c5ccc(Cl)cc5)ncn4CCC3=C(Sc3ccc4ccccc4c3)C(=O)C2=C1,中毒,28.345415,17.58299,0.232602236,3.652759068
Cc1n[nH]nc1-c1cc2c(c(-c3csc(C(=O)NC(C)(C)C(=O)NC(CO)(CO)CO)c3)c1)C(C)(C)CCC2,中毒,7.1895022,16.367706,0.236426179,3.65439691
Cc1n[nH]nc1-c1cc(-c2c(Cl)cccc2Cl)c2c(c1)N(c1ccc(C(=O)O)c(NS(=O)(=O)c3ccccc3Cl)c1)C2c1ccc(Cl)cc1,中毒,10.019687,28.187902,0.141306064,3.654859864
Cc1n[nH]nc1-c1cc(-c2c(Cl)cccc2Cl)c2c(c1)C(c1ccc(C#N)cc1)C2c1ccc(Cl)cc1,中毒,11.298771,36.358353,0.247768662,3.655734067
Cc1n[nH]nc1-c1cc(-c2c(Cl)cccc2Cl)c2c(c1)C(C)(C)N2c1cc(Cl)cn(C2CC(O)(CO)C2)c1=O,中毒,18.619787,18.206211,0.264244153,3.655791878
Cc1n[nH]nc1-c1cc(-c2c(Cl)cc(Cl)cc2Cl)c2c(-c3ccncc3)nn(-c3cc(Cl)cn(C4CC(O)(CO)C4)c3=O)c(=O)c2c1,中毒,14.020782,29.796072,0.189259131,3.656070967
Cc1n[nH]nc1-c1cc2c(c(-c3c(Cl)cccc3Cl)c1)C(c1cc(Cl)cc(Cl)c1)=C1C=C(c3nccc(Cl)c3F)C(Cl)=C12,中毒,104.921844,16.290081,0.204681638,3.65713947
COc1cnc2nc(C(F)(F)F)sc(N3Cc4c(cc(-c5n[nH]nc5C)cc4-c4c(Cl)cccc4Cl)CC3=O)c1-2,中毒,28.020102,56.354797,0.241461271,3.658411272
Cc1n[nH]nc1CN1C(=O)N(c2ccc(OCC(Cl)(Cl)Cl)c(Cl)c2)C(=O)C12CCC2,中毒,5.8406143,12.247323,0.492692761,3.659651212
CC(=O)N1CCc2nc(-c3ccncc3F)nc(N3Cc4c(cc(-c5n[nH]nc5C)cc4-c4c(Cl)cccc4Cl)S3)c2CC1,中毒,15.796369,47.997856,0.214677965,3.660448435
Cc1n[nH]nc1C1=Cc2c1cc(-c1ccc3c(n1)-c1cc4c(F)cccc4n1CC3)c(-c1ccc(Cl)cc1)c2C(=O)c1cc(Cl)c(O)c(Cl)c1,中毒,27.111074,18.058743,0.172806269,3.660757775
Cc1n[nH]nc1-c1cc2c(c(-c3c(Cl)cccc3Cl)c1)C(c1ccc(Cl)cc1)N(F)c1cc(Cl)c(Cl)cc1-2,中毒,6.852346,68.65057,0.208506843,3.661495113
Cc1n[nH]nc1C1=C(F)C=C2C(=O)C(C(=O)O)=C(c3ccc4ncc(C5CC5)nc4c3)C=C21,中毒,54.712322,46.033134,0.593364461,3.661896629
Cc1n[nH]nc1-c1cc2c(c(-c3c(Cl)cccc3Cl)c1)C(c1ccc(Cl)cc1)N(C(=O)NC1(C#N)CC1)C2,中毒,25.726246,20.20904,0.277197028,3.662769735
Cc1n[nH]nc1-c1cc(-c2c(Cl)cccc2Cl)c2c(c1)-c1c(ccc(-c3cncc(-n4cnnc4)c3)c1Br)S2(=O)=O,中毒,6.486725,10.704075,0.215734288,3.663121749
Cc1n[nH]nc1-c1cc2c(c(-c3c(Cl)cccc3Cl)c1)C(c1ccc(Cl)cc1)N=NN2,低毒,7.102645,130.25954,0.330494514,3.663600552
Cc1n[nH]nc1-c1cc(-c2c(Cl)cccc2Cl)c2c(c1)C(c1ccc(Cl)cc1)[N+]([O-])=C2c1ccc(Cl)cc1,中毒,8.493201,70.50902,0.171282218,3.664194166
Cc1n[nH]nc1N(c1ccc(C(=O)N(C)CC(F)(F)F)c(F)c1)c1cc2c(cc1F)c(=O)c(C(=O)O)cn2-c1ccc(Oc2ccncc2F)c(F)c1,中毒,18.347921,13.61264,0.150208193,3.66451378
Cc1n[nH]nc1-c1cc2c(c(-c3c(Cl)cccc3S(=O)(=O)c3ccc(F)cc3)c1)N(c1cc(Cl)cn(C3CC(O)(CO)C3)c1=O)C2=O,中毒,26.553892,16.862432,0.195166152,3.666157374
Cc1n[nH]nc1-c1cc2c(c(-c3c(Cl)cccc3Cl)c1)N(c1cc(Cl)cn(C3CC(O)(CO)C3)c1=N)C2=O,中毒,47.24788,13.888707,0.26658482,3.666268714
Cc1n[nH]nc1C1=NC(c2c(F)cc3c(=O)c(NC(=O)NS(C)(=O)=O)cn(-c4ccc(F)c(Cl)c4)c3c2Cl)=C1C(N)=O,中毒,38.768547,17.334517,0.249545427,3.666448484
Cc1n[nH]nc1-c1cc2c(c(-c3c(Cl)cccc3Cl)c1)C(c1ccc(Cl)cc1)Oc1cc(N(C)C)c(C(N)=O)cc1-2,中毒,7.574122,19.813385,0.214053982,3.666920997
CC1=C2C(=CC(Cl)=C2c2c(C#N)cnc3ccc(-c4cc(F)c(O)c(F)c4)cc23)C=C1c1n[nH]nc1C,中毒,34.62395,39.470722,0.327483021,3.667967803
Cc1n[nH]nc1C1=CN=C2C=C(S(=O)(=O)NCCc3noc(-c4cc(OC5CCC5)ccc4Cl)n3)C=C12,中毒,16.047941,13.503714,0.419247774,3.669443679
Cc1n[nH]nc1-c1cc2c(c(-c3c(Cl)cccc3Cl)c1)C(c1ccc(Cl)cc1)S(=O)(=O)N2,低毒,44.297634,29.592205,0.344267515,3.670358659
Cc1n[nH]nc1-c1cc2c(c(-c3c(Cl)cccc3Cl)c1)C(c1ccc3c(c1)OCO3)C1=C(N2)c2ccccc2C(=O)C1=O,中毒,15.506911,22.728453,0.208800778,3.670437135
Cc1n[nH]nc1-c1cc2c(c(-c3cc(Cl)ccc3OC(C)C)c1)C(c1ccc(Cl)cc1)[N+](C)(C)CC2,中毒,23.703142,20.216896,0.280774783,3.671025908
Cc1n[nH]nc1-c1cc2c(c(-c3c(Cl)cccc3Cl)c1)CN(C(=O)C(N)=O)C(c1ccc(Cl)c(F)c1)C2,中毒,96.15836,18.52034,0.316707421,3.671443406
Cc1n[nH]nc1-c1cnc2c(c1)=C(c1ccc(Cl)cc1)C(=O)C1=NC(c3c(F)cccc3F)=C(c3ccoc3)C=21,中毒,8.984515,14.710186,0.350487105,3.672166416
Cc1n[nH]nc1P(=O)(OCc1ccc2c(c1)OCO2)Oc1cccc2ccc(O)nc12,微毒,64.45402,21.62229,0.434302652,3.672523698
Cc1n[nH]nc1-c1cc2c(-c3cc(O)cc(O)c3)ncnc2c2cc(S(=O)(=O)NC(C)c3cccc(C(F)(F)F)c3)ccc12,中毒,5.577258,28.49629,0.165116945,3.673064023
Cc1n[nH]nc1C1=Cc2sc(-c3cnc(Cl)c(Br)c3)c(-c3cc(Cl)c(O)cc3O)c2C1=O,中毒,7.192919,48.903652,0.265257087,3.673302451
Cc1n[nH]nc1-c1cc(-c2c(Cl)cccc2Cl)c2c(c1)-c1c(C3CCC(O)CC3)c(=O)c3c(=O)c(C(=O)O)cn(C4CC4)c3c(=O)n1C2,中毒,11.176486,14.585049,0.209218024,3.673343098
Cc1n[nH]nc1-c1cc2c(c(-c3n[nH]c4cc(Cl)ccc34)c1)N(c1cc(Cl)cn(C3CC(O)(CO)C3)c1=O)C2=O,中毒,38.86924,18.239529,0.244574781,3.673630915
Cc1n[nH]nc1-c1cc2c(c(-c3c(Cl)cccc3Cl)c1)CN(c1nc(=O)c(-c3cnn(C)c3)nc3c1Cc1cc(Cl)ccc1C3)C2,中毒,34.806286,20.92407,0.21611203,3.674118176
Cc1n[nH]nc1-c1cc2c(c(-c3c(Cl)cccc3Cl)c1)N(c1cc(Cl)cn(C3CC(O)=C(O)C3)c1=O)C2=O,中毒,38.86924,18.239529,0.25643103,3.67418125
Cc1n[nH]nc1-c1cc2c(c(-c3c(Cl)cccc3Cl)c1)CN(CC(=O)NCc1cccnc1Cl)C(CO)C2,中毒,16.383255,18.23552,0.274223576,3.674298012
Cc1n[nH]nc1-c1cc2c(c(-c3c(Cl)cccc3Cl)c1)C(c1ccc(Cl)cc1)N(P(=O)(O)O)C2,中毒,45.749825,18.95448,0.261217033,3.67500141
Cc1n[nH]nc1-c1cc2c(c(-c3c(Cl)cccc3Cl)c1)C(c1cc3cc(Cl)ccc3nc1OCCCN1CCOCC1)C2,中毒,14.988556,28.071728,0.176041852,3.675160478
Cc1n[nH]nc1C1=CC2=c3ncnc(OC(=O)NC4CC4)c3=C(c3c(Cl)ccc4c3ccn4Cc3ccc(F)cc3)C2=C1,中毒,46.08258,38.432915,0.30402928,3.675262972
Cc1n[nH]nc1C1=Cc2c1cc(-c1ccc3c(n1)-c1cc4c(F)cccc4n1CC3)nc2P(=O)(O)O,中毒,36.83937,18.778511,0.316770494,3.675366071
Cc1n[nH]nc1-c1cc(-c2c(Cl)cccc2Cl)c2c(c1)-c1c(-c3ccc(C(=O)NC(C)(C)C(=O)O)nc3)c(-c3cnc(N)nc3)cn1C2,中毒,32.2444,18.961624,0.150897164,3.675476562
Cc1n[nH]nc1-c1cc(N2CCOC(c3c(F)cccc3F)C2)c2c(=O)c3c(F)cccc3n(C)c2c1,中毒,6.884302,34.136612,0.357411915,3.675534301
Cc1n[nH]nc1-c1cc2c(c(-c3c(Cl)cccc3Cl)c1)C(c1ccc(Cl)cc1)S(=O)(=O)N(Cc1ccc(Cl)cc1)C2,中毒,52.6011,48.834557,0.208250129,3.676561221
Cc1n[nH]nc1-c1cc(-c2c(Cl)cccc2Cl)c2c(c1)-c1c(Cl)cc(Cl)cc1N([O])C2c1ccc(Cl)cc1,中毒,13.462966,216.29337,0.223946528,3.676738822
Cc1n[nH]nc1-c1cc(-c2c(Cl)cccc2Cl)c2c(c1)C2(c1ccc(Cl)cc1)c1c[nH]c2cc(N(C)C)ccc12,中毒,9.617872,112.79534,0.212810473,3.676878643
Cc1n[nH]nc1-c1cc(-c2c(Cl)cccc2Cl)c2c(c1)-c1c(cc(Cl)c(O)c1Cl)N(C)C2c1ccc(Cl)cc1,中毒,50.754745,109.10093,0.211883919,3.677342662
Cc1n[nH]nc1C1=Cc2c1c1cc(S(=O)(=O)Nc3cn(Cc4ccccc4F)nn3)cc-1c(Cl)c(=O)c(Cl)c2C1CC1,中毒,37.049152,41.46964,0.247954298,3.678519033
Cc1n[nH]nc1C1=CC2=c3c(c(=O)n(CC4CC4)c(=O)n3Cc3ccsc3)=C(c3c(Cl)cccc3Cl)C2=C1,中毒,25.896519,40.32707,0.389073291,3.678937249
Cc1n[nH]nc1C1=CC2=C(c3cnc(Cl)c(-c4ccc(OC(F)(F)F)cc4)c3)N=C(c3cncn3C)C2=C1,中毒,83.97898,14.0671425,0.330933159,3.679626993
Cc1n[nH]nc1-c1cc(-c2c(Cl)cccc2Cl)c2c(c1)N(c1ccc(N3CCOCC3)c(OCC3CCC3)c1)C2c1ccc(Cl)cc1,中毒,3.7002773,44.50892,0.175404831,3.679992964
Cc1n[nH]nc1-c1cc2c(c(-c3c(Cl)cccc3Cl)c1)C(c1ccc(Cl)cc1)N(O)c1cc(Cl)cnc1-2,中毒,58.06824,155.72873,0.228211889,3.68054529
Cc1n[nH]nc1C(=O)N1CC(F)C(CNCC2CCCC2)C1,高毒,30.14249,27.754347,0.859718314,3.681557182
Cc1n[nH]nc1-c1cc2c(c(-c3c(Cl)cccc3Cl)c1)C(c1ccc(Cl)cc1)C1=C(CN2)c2cc(Cl)ccc2C1=O,中毒,7.894946,26.662468,0.211584072,3.682121862
Cc1n[nH]nc1-c1ccc2c(Nc3ccc(Cl)c(Cl)c3)nc3c(c2c1)C(c1ccccc1Cl)Oc1ccc(N(C)C(=O)c2ccccc2)cc1-3,中毒,6.0758686,13.40445,0.177779997,3.682648319
Cc1n[nH]nc1-c1c(-c2c(Cl)cccc2Cl)sc2nc(-c3c(Cl)ccc(C(N)=O)c3Cl)c(-c3cc4c([nH]3)CCNCC4)cc12,中毒,17.04956,14.328993,0.14615474,3.682766941
Cc1n[nH]nc1-c1cc2c(c(-c3c(Cl)ccc(Cl)c3Cl)c1)CN(c1cc(Cl)cn(C3(CO)COC3)c1=O)C2,中毒,10.381219,11.571468,0.298759839,3.683874864
Cc1n[nH]nc1-c1cc2c(c(-c3c(Cl)cccc3Cl)c1)C(c1ccc(Cl)cc1)N(c1ccc(-c3cnoc3)cc1)C2,中毒,47.67203,34.763874,0.214199934,3.684316491
Cc1n[nH]nc1-c1cc2c(c(-c3c(Cl)cccc3Cl)c1)C(c1ccc(Cl)cc1)Oc1cc(Cl)c(O)c(Cl)c1C2=O,中毒,7.1272817,24.987488,0.207388041,3.6848322
Cc1n[nH]nc1-c1cc2c(c(-c3c(Cl)cccc3Cl)c1)C(c1ccc(Cl)c(Cl)c1)C(C#N)=C(N)Oc1cc(Cl)c(Cl)cc1-2,中毒,11.454838,86.77501,0.196589553,3.685969616
Cc1n[nH]nc1C1=CC2=C(c3csc(-c4c5c(nc(-c6cc(Cl)cc(Cl)c6)c4-c4ccccc4)OCO5)n3)CC2=C1,中毒,185.0986,39.18428,0.220303492,3.688347726
Cc1n[nH]nc1-c1cc2c(c(-c3c(Cl)cccc3Cl)c1)C(c1ccc(Cl)cc1)S(=O)(=O)NC2=O,中毒,40.529736,48.834557,0.358155402,3.688452584
Cc1n[nH]nc1-c1cc2c(C(C)C)c(N3CN=C(c4cccnc4)C3)c(F)cc3c(=O)c(C(=O)O)cn(C4CC4)c3c1-2,中毒,9.044517,13.447941,0.291033443,3.689417598
Cc1n[nH]nc1-c1c2c(c(I)c3ccc(-c4ccc(C(=O)O)c5ncnc(N6CCN(C(=O)NCCC7CC7)CC6)c45)cc13)C(C)(C)CC2=O,中毒,14.286742,50.518875,0.160332237,3.689762086
Cc1n[nH]nc1-c1nc2c(c(-c3c(Cl)cccc3Cl)c1F)CN(c1cc(Cl)cn(C3CC(O)(CO)C3)c1=O)C2,中毒,7.926252,12.680216,0.308219248,3.690646084
Cc1n[nH]nc1-n1c(=S)c(-c2cc3ccccc3[nH]2)c(O)c2c(N3CCN(C)C(=O)C3)nc(-c3ccnc4[nH]ccc34)cc2c1=O,中毒,47.1511,55.87348,0.208514794,3.693818526
Cc1n[nH]nc1-c1cc(-c2c(Cl)cccc2Cl)c2c(c1)N(c1ccc(C#N)c(C(F)(F)F)c1)C2c1ccc(Cl)c(F)c1,低毒,3.4427266,23.610544,0.201293341,3.696918824
Cc1n[nH]nc1C1=CC(c2c(-c3cn(CC4CCOCC4)c4ncnc(N)c34)n(C3CC3)cc(C(=O)O)c2=O)=C1,中毒,11.939089,15.95398,0.31880084,3.697712053
Cc1n[nH]nc1C(CO)(c1ccc(Oc2ccc(S(=O)(=O)Nc3ncns3)cc2Cl)cc1)c1ccc(Cl)cc1F,微毒,24.316528,18.185509,0.200539307,3.69775236
Cc1n[nH]nc1-c1cc2c(cc1-c1cc(Cl)cc(Cl)c1)S(=O)(=O)N(c1cc(Cl)cn(C3CC(O)(CO)C3)c1=O)C2=O,中毒,10.061904,18.239529,0.296838123,3.698517808
Cc1n[nH]nc1C1=Cc2c(c(-c3c(Cl)cccc3Cl)c3c(O)c(-c4c(F)cccc4Cl)nc(-c4cncc(Cl)c4)c3c2F)C1,中毒,24.925055,21.158436,0.195571611,3.699388847
Cc1n[nH]nc1-c1cc2c(c(-c3c(Cl)cccc3Cl)c1)C(c1ccc3c(c1)OCCCO3)N(C)C(C)(C)C2,中毒,14.696718,25.763304,0.291284582,3.699545448
Cc1n[nH]nc1-c1cc2c(c(-c3c(Cl)cccc3Cl)c1)C(c1ccc(Cl)cc1)NS(=O)(=O)N2,低毒,20.694044,183.83336,0.319820902,3.699660742
COc1cc(N2Cc3c(-c4ccc(Br)cc4)cc4c(c3CN(c3cnc(OC5CC5)c(Cl)c3)C2)C(=O)C(c2n[nH]nc2C)=C4)cc(OC)c1OC,中毒,31.466972,19.722992,0.158881755,3.700342814
Cc1n[nH]nc1C1=CC2=C3COC(C)(C)CC3=C(Sc3ccc(F)cc3)C(=O)C(=O)C2=C1,低毒,83.20359,12.998558,0.704802108,3.700604819
Cc1n[nH]nc1-c1cc2c(c(-c3c(Cl)cccc3Cl)c1)C(c1ccc(Cl)cc1)(c1cc(Cl)c(Cl)c(Cl)c1)C2,中毒,9.816912,25.44873,0.203365131,3.700728901
Cc1n[nH]nc1-c1cc2c(c(-c3c(Cl)cccc3Cl)c1)C(NC(=O)NC1(c3ccncc3)CCC1)C2,中毒,67.80616,36.27143,0.295923648,3.700940987
Cc1n[nH]nc1-c1cc2c(c(-c3c(Cl)cccc3Cl)c1)C(c1ccc(Cl)cc1)Oc1cc(N(C)C)c(C#N)cc1-2,中毒,3.636828,25.357052,0.228422547,3.701360937
Cc1n[nH]nc1-c1cc2c(c(-c3c(Cl)cccc3Cl)c1)C(c1ccc(Cl)cc1)N(C(=O)Nc1cc(C3(O)CCC3)ccc1F)C2,中毒,4.3583636,20.604988,0.175063053,3.701494613
Cc1n[nH]nc1-c1cc2c(c(-c3c(Cl)cccc3Cl)c1)C(c1cc(Cl)c(O)c(Cl)c1)=C1C(=Cc3nocc31)CC2,中毒,133.78998,73.345665,0.213494713,3.702281241
Cc1n[nH]nc1C1=C(Oc2ccc(N(C)C(=O)Br)cc2)C2=CC(c3ccc(-c4ccc(C#N)cc4Cl)cc3)=C(C(=O)O)C(=O)C2=C1,中毒,89.41947,33.69392,0.118958669,3.70311938
Cc1n[nH]nc1-c1cc2c(c3nc(SCC(=O)Nc4ccc(F)c(Cl)c4)nc(-c4ccc(OCc5c(F)cccc5F)nc4)c13)C(C)(C)N(O)C2,中毒,29.972696,18.988937,0.100480085,3.703733099
Cc1n[nH]nc1-c1cc2c(c(-c3c(F)cc(OC(C)C)cc3Cl)c1)N(c1cc(Cl)cn(C3CC(O)(CO)C3)c1=O)C2=O,中毒,37.54408,16.862432,0.260960844,3.703745745
Cc1n[nH]nc1-c1cc(-c2c(Cl)cccc2Cl)c2c(c1)S(=O)(=O)N2c1cc(Cl)cn(C2CC(O)(CO)C2)c1=O,中毒,8.199063,16.947666,0.303583394,3.705992597
Cc1n[nH]nc1C1=Cn2c1nc(-c1ccc(-c3cnn(C(C)(C)O)c3)cc1)c2-c1cn[nH]c1,中毒,36.40585,74.145355,0.378436337,3.707485094
Cc1n[nH]nc1-c1cc2c(c(-c3c(Cl)cccc3Cl)c1)-c1c(ncn3nc(-c4cnoc4)c(-c4ccc(Cl)cc4)c13)C(=O)C2,中毒,23.082865,40.039795,0.206721276,3.707713262
Cc1n[nH]nc1-c1cc2c(c(-c3nc(-c4ccc(OC(F)(F)F)cc4)cs3)c1)N(c1cc(Cl)cn(C3CC(O)(Cl)C3)c1=O)C2=O,中毒,108.67472,16.862432,0.188936858,3.709362562
Cc1n[nH]nc1-c1cc(-c2c(Cl)cccc2Cl)c2c(c1)-c1c(cc(N(C)C)nc1Cl)OC2c1ccc(Cl)cc1,中毒,6.4673862,43.136215,0.210195021,3.709597826
Cc1n[nH]nc1-c1cc(-c2c(F)cccc2Cl)c2c(c1)C(c1ccc(Sc3ccccc3)cc1)C2c1ccc(Cl)cc1,中毒,9.625814,21.655012,0.204613857,3.709814763
Cc1n[nH]nc1C1=C(Cl)C(c2cc(OCC(=O)N(C)c3ccc(F)cc3)c(C(=O)NO)c3cc(F)c(-c4cc5cccc(F)c5o4)cc23)=C1Cl,中毒,20.93128,50.023937,0.107694549,3.710767199
Cc1n[nH]nc1-c1cc2c(cc1C(F)(F)Cl)N(c1cc(Cl)cn(C3CC(O)(CO)C3)c1=O)C2=O,中毒,19.747839,10.897169,0.451367777,3.711046979
Cc1n[nH]nc1C1(c2cc(NC(=O)c3ccc(Br)cn3)ccc2F)CCSC(N)=N1,中毒,42.519085,32.29155,0.515838416,3.711131312
Cc1n[nH]nc1-c1cc2c(c(-c3c(Cl)cccc3Cl)c1)C(c1ccc(Cl)cc1)=Nc1c(c(Cl)cn(C3CC(O)(CO)C3)c1=O)C2,中毒,48.54802,22.140148,0.176047178,3.712978632
Cc1n[nH]nc1-c1cc2c(c(C3CCS(=O)(=O)CC3)c1)-c1cc(-c3cnc4c(Br)cnn4c3)c(-c3cc(F)c(F)cc3F)cc1C2,中毒,33.239082,64.383095,0.194410522,3.713196199
Cc1n[nH]nc1-c1cc2c(c(-c3c(Cl)cccc3Cl)c1)C(c1ccc(Cl)cc1)N(C1(C)COC1)C2,中毒,22.156635,36.17334,0.308638306,3.713591959
Cc1n[nH]nc1-c1cc(-c2c(Cl)cccc2Cl)c2c(c1)N(c1ccc(Cl)cc1F)S(=O)(=O)C2c1ccc(Cl)cc1,低毒,18.379461,37.172207,0.214515778,3.714511184
Cc1n[nH]nc1P(c1ccc(Cl)cc1)c1cc2c(o1)c(=O)n(Cc1ccccc1)c(=O)n2C,中毒,11.203949,47.128807,0.389549541,3.714934133
Cc1n[nH]nc1-c1cc(-c2c(Cl)cccc2Cl)c2c(c1)N(Cc1ccc3c(c1)OCO3)CN(O)C2c1ccc(Cl)cc1,中毒,14.096313,59.75649,0.206592452,3.715250371
Cc1n[nH]nc1-n1c2c(c3cc(Br)ccc3c1=O)C(c1ccc(Cl)cc1)N(N)c1cc(Cl)cnc1-2,中毒,11.463726,25.18895,0.278717834,3.71553042
Cc1n[nH]nc1-c1cc(-c2c(Cl)cccc2Cl)c2c(c1)C2(C)c1ccc(Cl)cc1-c1nc2cccnc2s1,中毒,112.94994,15.140638,0.228508052,3.716556469
CC(=O)C1(N2Cc3cc(-c4n[nH]nc4C)cc(S(=O)(=O)N(C)Cc4ccccc4)c3C2c2ccc(Cl)cc2)CC1,中毒,38.09819,40.482895,0.306768081,3.717003492
Cc1n[nH]nc1-c1cc2c(c(-c3c(Cl)cccc3Cl)c1C)C(c1ccc(Cl)cc1)N(O)c1cc(Cl)c(Cl)cc1-2,中毒,23.803963,163.65613,0.211763319,3.717062069
Cc1n[nH]nc1-c1cc2c(c(-c3c(Cl)cccc3Cl)c1)C(c1ccc3c(c1)OCO3)C(c1ccc(Cl)cc1)C2,中毒,20.964785,25.763304,0.23342303,3.720319489
Cc1n[nH]nc1-c1csc(-c2c(Nc3ccc(O)c(NS(=O)(=O)c4ccc(F)cc4)c3)cn3c2C(=O)N(c2cc[nH]n2)CC3)c1,中毒,82.88162,15.5483055,0.112516814,3.7219427
Cc1n[nH]nc1P(c1ccc(C#N)cc1)N1CCN(c2ccccn2)CC1,中毒,28.091505,24.573238,0.694748293,3.722694466
Cc1n[nH]nc1-c1cc2c(c(-c3c(Cl)cccc3Cl)c1)C(c1ccc3c(c1)OCO3)C1=C(CCCC1=O)NC2,中毒,23.213114,25.763304,0.289669884,3.722852082
Cc1n[nH]nc1-c1cc2c(c(=O)[nH]c1=O)C(c1ccc(Cl)cc1)N(c1cc(Cl)cn(C3CC3)c1=O)C2=O,低毒,17.925278,21.132242,0.410187625,3.724261778
C#Cc1c2c(c(-c3c(Cl)cccc3Cl)c3c(-c4ccc(Cl)cc4)c(-c4cc(Cl)cc(Cl)c4)nc(OCc4cccc(F)c4)c13)CC(c1n[nH]nc1C)=C2,中毒,15.063274,22.372992,0.163215923,3.724316836
Cc1n[nH]nc1-c1cc2c(c(-c3c(Cl)cccc3Cl)c1)CN(c1cc(Cl)cnc1Oc1ccc3oc(C(=O)NC4CCC(F)(F)CC4)nc3c1)C2,中毒,29.58899,53.524715,0.165530831,3.724628687
Cc1n[nH]nc1-c1cc2c3cccn3c3sc(Cl)c(Cl)c3c(-c3c(Cl)ccc(C(=O)c4c(Cl)ccc(Cl)c4Cl)c3F)c-2n1,中毒,152.1652,9.939742,0.145779039,3.72578193
Cc1n[nH]nc1-c1cc2c(c(-c3c(Cl)cccc3Cl)c1)C(c1ccc(Cl)cc1)Nc1cc(Cl)c(C=NNc3ccc(Cl)cc3)cc1-2,中毒,10.13683,157.08115,0.119121932,3.726189778
Cc1n[nH]nc1-c1cc2c(c(-c3c(Cl)cccc3Cl)c1)S(=O)(=O)N=C(c1c(O)c3cc(F)c(Br)cc3n(C3CC3)c1=O)C2,中毒,60.856155,12.110745,0.213297605,3.728968737
Cc1n[nH]nc1-c1cc2c(c(-c3c(Cl)cccc3Cl)c1)C(c1ccc(Cl)cc1)Oc1cc(S(=O)(=O)Nc3ccon3)ccc1-2,中毒,18.113884,13.362967,0.183454733,3.729028429
Cc1n[nH]nc1C1=Cc2c1cc(-c1cn(S(=O)(=O)c3ccc(Cl)cn3)c3cnc(Br)cc3c1=O)nc2-c1ccc(Cl)cc1F,中毒,6.9686184,15.055594,0.205868639,3.729677308
Cc1n[nH]nc1C1=CC2=CC(c3cc(Cl)c(O)c4c(=O)c(C(=O)O)cn(-c5ccc(F)cc5)c4c3=O)=C(F)C2=C1,中毒,9.291444,19.032093,0.330992534,3.730236881
Cc1n[nH]nc1C1=Cc2cc(-c3ccc(Oc4ccc(S(=O)(=O)N5CC(F)(F)C5)cc4Cl)c(F)c3)cc3c(=O)n(Nc4ccc(O)cc4)nc-3c21,中毒,10.181053,9.260838,0.156094134,3.730808994
Cc1n[nH]nc1-c1cc2c(c(-c3c(Cl)cccc3Cl)c1)C(c1ccc3c(c1)OCO3)N1C(=O)CSC1=N2,低毒,6.369986,44.50892,0.329180083,3.731203826
Cc1n[nH]nc1C1=CC(c2c(S(=O)(=O)P(=O)(O)O)cnc3cc(Cl)c(-c4cc(Cl)c(O)c(Cl)c4)cc23)=C1F,中毒,9.4095745,22.50468,0.207338184,3.732611994
Cc1n[nH]nc1-c1cc(-c2c(Cl)ccnc2Cl)c2c(c1)N(c1ccc(NC(=O)NCc3ccncc3)cc1F)C2c1ccc(Cl)cc1,中毒,6.6185803,16.275814,0.144812527,3.733563719
Cc1n[nH]nc1-c1cc(-c2c(Cl)cccc2Cl)c2c(c1)N(Cc1ccc(F)cc1F)S(=O)(=O)C2c1ccc(Cl)cc1,中毒,61.057354,13.867904,0.212499474,3.734106148
Cc1n[nH]nc1-c1cc(-c2c(Cl)cccc2Cl)c2c(-c3ccc(Cl)cc3)c(-c3ccsc3)n(-c3cc(Cl)cn(C4CC(O)(CO)C4)c3=O)c(=O)c2c1,中毒,6.248029,12.616843,0.148087171,3.735600465
Cc1n[nH]nc1-c1cc2c(c(-c3c(Cl)cccc3Cl)c1)C(c1ccc(Cl)cc1)c1c(c3ccc(Cl)cc3sc1=O)N2,中毒,2.3077006,22.443806,0.202660599,3.735732512
Cc1n[nH]nc1-c1cc2c(c(S(=O)(=O)c3ccc(F)c(C(F)(F)F)c3)c1)C(c1ccc(Cl)cc1)N(Cl)C2,中毒,7.2215695,48.01413,0.172381618,3.737305445
Cc1n[nH]nc1P(=O)(c1ccc2cc(F)ccc2c1)c1c(O)c2ccccc2n(O)c1=O,低毒,17.372677,16.89366,0.286592173,3.737386352
Cc1n[nH]nc1C1=Cc2sc3c(-c4cc(Cl)c(OCC(=O)O)cc4I)c(-c4ccc(Oc5cccc(Cl)c5)cc4)c(-c4c(F)cccc4Cl)nc3c2C1,中毒,28.5805,40.24703,0.138879122,3.737801706
Cc1n[nH]nc1-c1cc2c(c(-c3c(Cl)cccc3Cl)c1)S(=O)(=O)c1cc(C#CC3=NCCN3)ccc1-2,中毒,19.769783,11.971941,0.313441057,3.738007147
Cc1n[nH]nc1-c1cc2c(cc1-c1c(Cl)cccc1Cl)N=C1C(=O)C(N(C)S(=O)(=O)c3ccc(F)cc3Cl)=CC(Cl)=C1C2,中毒,46.20203,24.210772,0.220928991,3.738371322
Cc1n[nH]nc1C1=Cc2c1nc(-c1cnc(Nc3ccc(N4CCN(C)CC4)cc3Cl)nc1)nc2N1CCC(CNS(=O)(=O)C2(C)CC2)CC1,中毒,16.399857,22.224314,0.190183988,3.739070847
Cc1n[nH]nc1C1=Cc2c(C(F)(F)F)c(-c3c(Cl)cccc3Cl)c3c(F)cc(C#Cc4cnc(NC(=O)c5ccccn5)c(Cl)c4)cc3c21,中毒,114.060455,37.167004,0.139658538,3.739250773
Cc1n[nH]nc1-c1cc2c(c(-c3c(Cl)cccc3Cl)c1)C(c1ccc(Cl)cc1)Nc1cc(S(=O)(=O)Nc3ccon3)ccc1-2,中毒,81.23957,23.31851,0.163430109,3.740331726
Cc1n[nH]nc1-c1cc2c(c(-c3c(Cl)cccc3Cl)c1)CC(c1ccc(Cl)cc1)N(c1cc(Cl)cn(C3CC3)c1=O)C2=O,中毒,26.265089,21.405653,0.206696211,3.740661867
Cc1n[nH]nc1-c1cc2c(c(-c3c(Cl)cccc3Cl)c1)C(c1ccc(Cl)cc1)N(c1cc(Cl)c3ncn(C)c3c1)C2,中毒,15.97045,54.790653,0.213734701,3.740691092
Cc1n[nH]nc1-c1cc2c(c(-c3c(Cl)cccc3Cl)c1)-c1cc3c(cc1C(Nc1ccc(Cl)cc1)CC2)C(C)(C)CC3=O,中毒,21.100016,33.20297,0.208009187,3.740699263
Cc1n[nH]nc1-c1c(-c2c(Cl)cccc2Cl)c(-c2cc(Cl)ccc2OC(F)(F)F)nc2cc(O)c(N3Cc4ccnc(Cl)c4C3)c(F)c12,中毒,14.887046,13.466203,0.134322302,3.740831732
Cc1n[nH]nc1-c1cc(-c2c(Cl)cccc2Cl)c2c(c1)C2(C)c1ccc(P(=O)(O)O)cc1,中毒,37.62533,57.567265,0.343629178,3.741269481
Cc1n[nH]nc1-c1cc2c3c(nc(SCc4ccc(Cl)cn4)nc(-c4ccc(Cl)cc4)c1-2)CCC3N(C)C,中毒,5.9826994,43.897926,0.225875845,3.741924147
Cc1n[nH]nc1-c1cc2c(-c3c(Cl)cccc3Cl)c3c(F)c(-c4c(Cl)cc(Cl)c(Cl)c4Cl)c(Cl)c(Cl)c3c3cc(Cl)c(O)cc3c(=O)c-2c1,中毒,19.28589,13.1143875,0.137280887,3.742461924
Cc1n[nH]nc1-c1cc(-c2c(Cl)cccc2Cl)c2c(c1)-c1c(Cl)nc(-c3c(Cl)cccc3Cl)n1C2c1ccc(Cl)cc1,中毒,28.119425,25.60759,0.202529257,3.742596433
Cc1n[nH]nc1-c1cc2c(o1)C(c1ccc(Cl)cc1)(c1ccc(Cl)cc1)N(c1cc(Cl)cn(C3CC(O)(CO)C3)c1=O)C2=O,中毒,11.642886,22.6077,0.22014637,3.74270129
Cc1n[nH]nc1C1=CC2=C(P(=O)(O)O)C(c3ccc(F)cc3F)=C(Cl)C2=C(Oc2cc(Cl)cc(Cl)c2)C1=O,中毒,10.631846,19.29637,0.303493483,3.742993067
Cc1n[nH]nc1-c1cc2c(c(-c3c(Cl)cccc3Cl)c1)C(c1ccc(Cl)cc1)N(C1CC(O)(CO)C1)C2,中毒,25.766665,32.20255,0.27307602,3.743454897
Cc1n[nH]nc1C1(C)c2cc(N3CCN(c4ccccc4)CC3)c(F)cc2-c2c1n(C1CC1)cc(C(=O)O)c2=O,中毒,13.655311,25.65182,0.392400095,3.743841672
Cc1n[nH]nc1-c1cc2c(c(-c3c(Cl)cccc3Cl)c1)C(c1ccc(Cl)cc1)c1c(O)nc3ccc(Cl)cc3c1C(=O)C2,中毒,184.38228,45.406643,0.200123894,3.744242517
Cc1n[nH]nc1-c1cc2c(c(-c3c(Cl)cccc3Cl)c1)S(=O)(=O)N(c1cc(Cl)cn(C3CC(O)(CO)C3)c1=O)C2=O,中毒,7.4861026,18.239529,0.296838123,3.744467259
Cc1n[nH]nc1C1=Cc2c(C(C)C)c(-c3c(Cl)cccc3Cl)c3c(N)nc(-c4cn[nH]c4)c(-c4ccc(S(=O)(=O)N5CCOCC5)cc4)c3c21,中毒,4.030072,12.284372,0.154306095,3.747572212
Cc1n[nH]nc1-c1cc2c(c(-c3c(Cl)cccc3Cl)c1)C(c1ccc(Cl)cc1)N(c1cnc3c(c1)c(=O)n(C)c(=O)n3C)C2,中毒,6.9070234,14.84456,0.236368516,3.747573679
Cc1n[nH]nc1-c1cc2c(c(-c3c(Cl)cccc3Cl)c1)-c1ccc(C(=O)NC(C)(CO)CC(=O)N3CCOCC3)cc1CC2,中毒,10.5580225,28.1769,0.255651343,3.747635058
Cc1n[nH]nc1-c1cc(-c2c(Cl)cccc2Cl)c2c(c1)N1C(=O)C(c3cc(Cl)ccc3F)=C1C2c1ccc(Cl)cc1,中毒,9.855625,43.000088,0.217636075,3.747879656
Cc1n[nH]nc1-c1cc2c(c(-c3c(Cl)cccc3Cl)c1)C(c1ccc(Cl)cc1)Oc1ccc(C=C3SC(=O)NC3=O)cc1O2,中毒,16.787613,14.731335,0.185207436,3.748594364
Cc1n[nH]nc1-c1cc2c(c(-c3c(Cl)cccc3Cl)c1)C(c1ccc(Cl)cc1)N(c1cc(Cl)cn(C3CC3)c1=O)C2,低毒,7.7644997,10.819605,0.212910501,3.748716393
Cc1n[nH]nc1C1=CC2=C(C3CCC(O)CC3)N=C(c3cnc4cc(F)c(-c5nc6ccc(F)cc6s5)cc4c3)C(=O)C2=C1,中毒,20.635756,52.55108,0.244030495,3.749886248
Cc1n[nH]nc1C1=CC2=C3CCN(C(=O)NC4CC4)C3=C(c3ccc(C(=O)Nc4cc(F)cc(F)c4)c(C(F)(F)F)c3)C(=O)C(=O)C2=C1,中毒,49.60065,15.574545,0.246574102,3.750913701
Cc1n[nH]nc1C1=CC2=C(C(c3c(Cl)cccc3Cl)=C2)C(c2ccc(Cl)cc2)N(c2cc(Cl)cc(Cl)c2)C1=O,中毒,78.05556,36.176228,0.249685854,3.752612791
Cc1n[nH]nc1-c1cnc2c(c1)c(Cc1c(Cl)cccc1Cl)c(Cl)c(=O)n2CC(O)CN1CCN(c2ncccn2)CC1,中毒,14.424148,10.476255,0.258488129,3.753157065
COc1c(-c2n[nH]nc2C)cc2c3ccc(O)cc3c3c(-c4cc(Cl)c(O)c(I)c4)c(O)c(Br)c(F)c3c(-c3c(Cl)cccc3Cl)c1-2,中毒,54.033257,10.556585,0.131179038,3.753430746
Cc1n[nH]nc1C1=C(C(=O)NCc2ccc(-c3cnc(O)c(F)c3)c(F)c2)C(CO)=C(N(C)c2ncc(F)cn2)C1=O,中毒,15.1464205,12.412539,0.242894889,3.753510428
Cc1n[nH]nc1-c1cc2c(c(-c3c(Cl)cccc3C(F)(F)F)c1)C(c1ccc(Cl)cc1)(c1cc(Cl)cc(Cl)c1)C2,中毒,13.396714,29.231682,0.217691006,3.753971486
CC1=C2C(=O)C(c3ccc(OS(=O)(=O)c4ccc(I)cc4)cc3C)=NC(P(=O)(O)O)=C2C=C1c1n[nH]nc1C,中毒,64.43836,10.263556,0.198295191,3.754932928
Cc1n[nH]nc1-c1cc2c(c(-c3c(Cl)cccc3Cl)c1)C(N(Cc1ccc(Cl)cc1)S(C)(=O)=O)C(C#N)=C(N)O2,中毒,30.782637,16.85873,0.27140854,3.755663029
Cc1n[nH]nc1-c1cc(-c2c(Cl)cccc2Cl)c2c(c1)N(c1ccc(S(=O)(=O)NP(=O)(O)O)cc1)C2c1ccc(Cl)cc1,低毒,7.412331,46.622833,0.134503638,3.755908847
Cc1n[nH]nc1-c1cc2c(c(-c3c(Cl)cccc3Cl)c1)C(c1ccc(Cl)cc1)N(c1cc(Cl)c3nc[nH]c3c1)C2,中毒,19.657389,34.763874,0.210127454,3.756032564
Cc1n[nH]nc1-c1cc2c(c(-c3c(Cl)cccc3Cl)c1)C(c1ccc(Cl)cc1)N(c1ccc3c(=O)c(C(=O)O)cn(C4CC4)c3c1)CC2,中毒,13.646041,10.367351,0.180313411,3.756107513
Cc1n[nH]nc1-c1cc2c(c(-c3c(Cl)cccc3Cl)c1)C(c1ccc(Cl)cc1)(N(Cl)Cl)c1ccc(Cl)cc1-2,低毒,7.4009624,70.1036,0.203392523,3.75711898
Cc1n[nH]nc1-c1cc2c(c(-c3c(Cl)cccc3Cl)c1)C(c1ccc(Cl)cc1)Oc1ccc(N3CCN(C(=O)c4cccc(C#N)c4)CC3)cc1C2,中毒,9.513022,19.93384,0.189002934,3.757399818
Cc1n[nH]nc1-c1cc(-c2c(Cl)cccc2Cl)c2c(c1)N(c1ccc(NN3CCC(C(=O)O)CC3)c(Cl)c1)C2c1ccc(Cl)cc1,低毒,5.53824,31.377598,0.156252023,3.757495747
Cc1n[nH]nc1C1=Cc2c(-c3ccc(F)c(Cl)c3)[nH]c(=O)c3c(NC(=O)C4CC4)c(C#CC4CC4)nc-3c21,中毒,22.862173,14.710186,0.291562572,3.758284781
Cc1n[nH]nc1-c1cc2c(c(-c3c(Cl)cccc3Cl)c1)C(c1ccc(Cl)cc1)Oc1ccc(-c3cnc(C#N)cc3F)cc1-2,中毒,6.230562,16.896515,0.207739856,3.759232825
Cc1n[nH]nc1-c1cc(-c2c(Cl)cccc2Cl)c2c(c1)N(c1ccc(-c3cnco3)cc1)N(C)C2c1ccc(Cl)cc1,低毒,27.555334,14.2137375,0.208985434,3.759266264
CC1=C2C(=C=C(c3ccc(Nc4ccc(N5CCN(C)CC5)c(F)c4)nc3)N=C2Nc2cccc(Cl)c2)C=C1c1n[nH]nc1C,中毒,6.350184,12.257585,0.209273643,3.760004465
Cc1n[nH]nc1-c1cc2c(c(-c3c(Cl)cccc3Cl)c1)C(c1ccc(Cl)cc1)Oc1cc(Br)c(Br)c(Br)c1O2,中毒,29.757076,16.278156,0.185657241,3.76017405
Cc1n[nH]nc1C1=CC2=C(CC2)C(c2c(Cl)cccc2Cl)=c2c(=O)c(C(=O)O)cn(C3CC3)c2=C1Br,中毒,14.196866,16.149704,0.469266114,3.760301417
CC(=O)N1CCC(O)(C#Cc2c3c(cc(Cl)c2OCC(F)(F)F)-c2c(cc(-c4n[nH]nc4C)cc2-c2c(Cl)cccc2Cl)C3)CC1,中毒,17.271961,17.43209,0.189409476,3.760633495
Cc1n[nH]nc1-c1cc(-c2c(Cl)cccc2Cl)c2c(c1)N(c1ccc(Cl)cc1)C(c1ccc(Cl)cc1)C2c1ccc(Cl)cc1,低毒,5.05958,26.015821,0.197644316,3.76112292
Cc1n[nH]nc1-c1cc(-c2c(Cl)cccc2Cl)c2c(c1)-c1c(Cl)ncc(Cl)c1N(N)C2c1ccc(Cl)cc1,中毒,21.373444,19.554943,0.159693704,3.761708916
Cc1n[nH]nc1C1=CC2=C(c3c(Br)cc(Br)cc32)C(c2ccc(Cl)cc2)N(c2cc(Cl)cc(Cl)c2)C1=O,中毒,46.74901,82.834496,0.23617725,3.761835666
Cc1n[nH]nc1-c1cc2c(c(-c3c(Cl)cccc3Cl)c1C(F)(F)F)N(c1cc(Cl)cn(C3CC(O)(CO)C3)c1=O)C2=O,中毒,52.9482,18.239529,0.248215287,3.764631075
Cc1n[nH]nc1-c1cc2oc(N)c(C#N)c2c(-c2c(Cl)ccc(Cl)c2Cl)c1-c1cn(-c2cccc(F)c2)c(=O)c(=O)c2c1CC2,中毒,16.038797,11.487227,0.152842878,3.764809401
Cc1n[nH]nc1C1=Cc2c(C(F)(F)F)c(-c3c(Cl)cccc3Cl)c3nc(-c4cncc(Cl)c4)c(C(N)=O)c(-c4ccc5ncccc5c4)c3c21,中毒,14.906178,21.679789,0.182005699,3.765853084
Cc1ncc(NC(=O)c2cc(C(F)(F)F)no2)cc1C1=C2C=C(c3n[nH]nc3C)C=C2C=C1c1ccnc(Cl)c1,中毒,26.587887,26.065142,0.285547539,3.765919677
Cc1n[nH]nc1-c1cc(-c2c(Cl)cccc2Cl)c2c(c1)N(c1ccc(-c3nc4cc(OC5CC5)ccc4o3)cc1F)C2c1ccc(Cl)cc1,低毒,12.352888,14.144662,0.177519322,3.765945895
Cc1n[nH]nc1C1CN(c2c(F)cc3c(=O)c(C(=O)O)cn(C4CC4)c3c2Cl)C(=O)O1,中毒,7.1809955,21.50438,0.628216892,3.766076458
Cc1n[nH]nc1-c1cc(-c2c(Cl)cccc2Cl)c2c(c1)C(c1ccc(Cl)cc1)N(O)C2c1ccc(Cl)cc1,中毒,69.0841,21.655012,0.222184442,3.766282063
Cc1n[nH]nc1-c1cc2c(c(-c3c(Cl)cccc3Cl)c1)C(c1ccc3c(c1)OCO3)C(N)=NC(C)(C)C2,中毒,17.513687,28.32101,0.321261534,3.766693422
Cc1n[nH]nc1-c1cc2c(c(-c3c(Cl)cccc3Cl)c1)C(c1ccc3c(c1)OCO3)Oc1cnc(N)nc1-2,中毒,27.05701,16.750462,0.283143494,3.767414143
Cc1n[nH]nc1C1=CC2=C(c3ccc(Cl)c(Cl)c3)N=C(c3ccnc(NC4CC(O)(CO)C4)c3)C(=O)C2=C1c1ccc(N(C)C)cc1,中毒,20.635756,9.114193,0.192839181,3.768013958
Cc1n[nH]nc1-c1cc2c(c(-c3c(Cl)cccc3Cl)c1)C(c1ccc(Cl)cc1)N(O)c1cc(Cl)c(=O)[nH]c1-2,中毒,58.06824,149.02798,0.201590737,3.768104027
Cc1n[nH]nc1C1(c2ccc(Cl)c(Cl)c2)CC1(C)c1ccc(Cl)c(Cl)c1,中毒,15.870426,34.73259,0.527683771,3.768341611
Cc1n[nH]nc1C1=CC2=C3C(=C(S(=O)(=O)c4ccc(OC(F)(F)F)cc4)C(=O)C(=O)C2=C1)COC(N)=C3c1ccc(Cl)cc1,中毒,48.51858,15.303033,0.3823092,3.76869313
Cc1n[nH]nc1C1=CC1(F)c1cc(Cl)cc(Cl)c1,高毒,85.582664,63.465355,0.913491238,3.770416651
Cc1n[nH]nc1-c1cc2c(c(-c3c(Cl)cccc3Cl)c1)C(c1ccc3c(c1)OCO3)C(c1ccc(Cl)cc1)N2,中毒,7.1754513,84.05308,0.22497279,3.771234125
Cc1n[nH]nc1-c1cc(-c2c(Cl)cccc2Cl)c2c(c1)-c1c(cc(Cl)c(O)c1Cl)N(O)C2c1ccc(Cl)cc1,中毒,20.531277,211.63559,0.187617648,3.771735323
Cc1n[nH]nc1-c1cc2c(c(=O)[nH]c1=O)C(c1ccc(Cl)cc1)N(S(=O)(=O)c1ccccc1)C2c1ccc(Cl)cc1,中毒,7.522336,29.333206,0.289306526,3.771952699
Cc1n[nH]nc1-c1c#cc2cc(NC(=O)c3ccc(OC(F)(F)F)cn3)c(Cl)cc2c1-c1cc(N2CCOCC2)ncn1,中毒,56.56855,16.023859,0.272529608,3.772016095
Cc1n[nH]nc1-c1c(F)c(C(=O)NC2(CO)CC2)c2c(I)c(Cl)c(C#N)cc2c1Br,中毒,29.431795,5.8418646,0.386248503,3.772333862
CC1=C(c2coc3cc(S(=O)(=O)Nc4ncccn4)c(-c4cncnc4)c-3c2)C(c2cc(F)c(F)cc2F)=C1c1n[nH]nc1C,中毒,3.980548,17.15921,0.212919714,3.772547399
Cc1n[nH]nc1-c1cc(-c2c(Cl)cccc2Cl)c2c(-c3ccoc3)c(-c3ccc(Cl)cc3)n(-c3cc(Cl)cn(C4CC(O)(CO)C4)c3=O)c(=O)c2c1,中毒,14.620968,18.90902,0.147615245,3.772590559
Cc1n[nH]nc1C1=C(C2CC2)C(=O)C(=O)C2=CC(S(=O)(=O)N3CCN(C(=O)c4cc5ccccc5n4O)CC3)=CC2=C1F,中毒,26.272257,18.990053,0.332072073,3.773293853
Cc1n[nH]nc1-c1cc2c(c(-c3c(Cl)cccc3Cl)c1)S(=O)(=O)c1cc(C#CC(=O)N3CCS(=O)(=O)CC3)c(F)cc1-2,中毒,27.480247,18.851841,0.223752799,3.774000369
COc1nccc(N2CCN(c3ncccc3P(N)(=O)c3n[nH]nc3C)CC2)c1Cl,中毒,24.665827,29.47368,0.551004381,3.774030316
Cc1n[nH]nc1-c1cc2c(c(-c3c(Cl)cccc3Cl)c1)C(c1ccc(Cl)cc1)N(c1cc3c(cn1)c(=O)n(C)c(=O)n3C)C2,中毒,48.467613,68.234314,0.236368516,3.774124796
Cc1n[nH]nc1-c1cc2c(c(-c3c(Cl)cccc3Cl)c1)C(c1ccc(Cl)cc1)N(c1ccsc1)c1ccsc1C2=O,中毒,36.757736,13.547698,0.209860755,3.774194773
Cc1n[nH]nc1-c1cc(-c2c(Cl)cccc2Cl)c2c(c1)-c1c(cc(Cl)c(Cl)c1Cl)N([O])C2c1ccc(Cl)cc1,中毒,7.82105,163.46524,0.200636716,3.774339416
Cc1n[nH]nc1-c1cc2c(c(-c3c(Cl)cccc3Cl)c1)C(c1ccc(Cl)cc1)N(c1cc3c(cc1F)c(=O)c(C(=O)O)cn3C)C2,中毒,13.495939,19.311916,0.191102649,3.775411001
Cc1n[nH]nc1-c1cc(-c2c(Cl)cccc2Cl)c2c(c1)C(c1ccc(Cl)cc1)C2(c1ccccc1)c1ccc(Cl)cc1,中毒,16.398003,42.14949,0.206728325,3.775457594
Cc1n[nH]nc1-c1cc(-c2c(Cl)cccc2Cl)c2c(c1)-c1c(cc(Cl)c(-n3cc(-c4cnn(C)c4)c4cc(F)ccc43)c1Cl)S2(=O)=O,低毒,8.979082,10.179193,0.19518534,3.776049972
Cc1n[nH]nc1-c1cc2c3c(c(O)c(-c4c(Cl)cccc4Cl)c-3cc1-c1ccc(Cl)cc1)C(=O)N(Cc1cc(Cl)cn(C3CC(O)(CO)C3)c1=O)C2,中毒,7.1121993,15.3558445,0.129011761,3.776137713
Cc1n[nH]nc1C1=Cc2cc(-c3cnc(N4CCN(C(=O)c5cc[n+]([O-])cn5)CC4)cn3)nc(-c3cc(F)c(O)c(Cl)c3)c21,中毒,55.16374,30.934883,0.218371222,3.777168216
Cc1n[nH]nc1-c1cc2c(c(-c3c(Cl)cccc3Cl)c1)C(c1ccc(Cl)cc1)c1c-2nc2cc(Cl)ccc2c1-c1c(Cl)cc(Cl)cc1Cl,中毒,25.402597,38.97595,0.194020215,3.777283984
Cc1n[nH]nc1-c1cc2ccn(-c3cc(Cl)cn(C4CC(O)(CO)C4)c3=O)c2c(-c2c(Cl)cccc2Cl)c1C(c1ccc(Cl)cc1)c1ccc(Cl)cc1,中毒,8.468101,63.094254,0.132622337,3.777742546
Cc1n[nH]nc1-c1cc2c(c(-c3c(Cl)cccc3Cl)c1)S(=O)(=O)N(c1cc(Cl)cn(C3CC(O)(CO)C3)c1=O)C2,中毒,8.100274,18.239529,0.300746977,3.781447431
Cc1n[nH]nc1C1=CC2=C=C(c3cc(NC(=O)NCc4ccnc(-c5ccc(F)cc5F)c4)c(Cl)cc3Cl)OC(=O)C2=C1,中毒,31.276175,11.770892,0.166801808,3.782283582
Cc1n[nH]nc1-c1cc2c(c(-c3c(Cl)cncc3Cl)c1)C(c1ccc(Cl)cc1)C(c1ccc(Cl)cc1)N2,中毒,7.1754513,75.29793,0.228007129,3.782378043
Cc1n[nH]nc1C1=Cc2c(c(-c3c(Cl)ccc(Cl)c3Cl)c3c(=O)c(C=O)c(-c4ccc(Oc5ccccc5)cc4)c(C=O)c-3c3c(F)cccc23)C1,中毒,4.3975945,24.926355,0.128684161,3.782576335
Cc1n[nH]nc1-c1cc2c(c(-c3c(Cl)cccc3Cl)c1)C(c1ccc(Cl)cc1)Oc1cc(N(C)C)cc(C(F)(F)F)c1C2,中毒,8.546229,15.375191,0.2119601,3.782709232
Cc1n[nH]nc1C1=CC2=C(c3cc(Cl)cc(Cl)c3)N=C(c3c(Cl)cnn3C3CCOCC3)C(=O)C2=C1C(N)=O,中毒,104.3114,13.503714,0.458473211,3.783093217
Cc1n[nH]nc1-c1cc(-c2c(Cl)cccc2Cl)c2c(c1)N(C)C(=O)c1c(c3c(c4cc(O)ccc14)CC(C)(C)O3)C(c1cc(Cl)cc(Cl)c1)=N2,中毒,19.89894,9.468315,0.187863923,3.784290276
Cc1n[nH]nc1-c1cc2c(c(-c3c(Cl)cccc3Cl)c1)C(c1ccc(Cl)cc1)(c1ccc(S(=O)(=O)NCCS(N)(=O)=O)cc1)C2,中毒,18.024578,23.312489,0.175240108,3.784679505
Cc1n[nH]nc1-n1c2c(c(=O)c(=O)c3c1c(=O)n(C)c(=O)n3C)C(c1ccccc1Cl)C2,中毒,6.8738756,14.604695,0.441874077,3.785301876
Cc1n[nH]nc1-c1cc(-c2c(Cl)ccc(F)c2Cl)c2c(-c3ccc(Cl)cc3)[n+]([O-])c3cc(Cl)c(N4CCC(Oc5ccon5)CC4)cc3c2c1,中毒,10.634987,44.286232,0.078080596,3.785575527
Cc1n[nH]nc1C1=Cc2c(C(C)C)c(-c3c(Cl)cccc3Cl)c3c(Cl)c(-c4ccco4)nc(-c4cnc(OCc5ccc(Cl)cc5)cn4)c3c21,中毒,9.887941,60.289787,0.165404399,3.78587472
Cc1n[nH]nc1-c1cc2c(c(-c3c(Cl)cccc3Cl)c1)C(c1ccc(Cl)cc1)Oc1cnc(Nc3ccc(N4CCN(C)CC4)cc3)nc1-2,中毒,13.957962,14.046314,0.177244039,3.786308109
Cc1n[nH]nc1-c1cc2c(c(-c3c(Cl)cccc3Cl)c1)C(c1ccc(Cl)cc1)(c1ccc(Cl)cc1)C(N(C)C)c1ccc(Cl)cc1-2,中毒,6.582486,82.444496,0.194290821,3.786437428
Cc1n[nH]nc1-c1cc2c(c(-c3c(Cl)cccc3Cl)c1)S(=O)(=O)c1cc(Cl)c(-c3ocnc3C(=O)NC(=O)C3(C)CC3)cc1-2,中毒,29.359194,8.29186,0.187967534,3.786672701
Cc1n[nH]nc1C1=CC2=C(C(c3c(Cl)cccc3Cl)=c3c(F)c(C(=O)O)cc(Cl)c3=C1O)C(C)(C)CCC2,中毒,13.911405,60.463337,0.337154386,3.786838778
Cc1n[nH]nc1-c1cc2c(c(-c3c(Cl)cccc3Cl)c1)C(c1ccc(Cl)cc1)Oc1cc(F)c(S(=O)(=O)Nc3nccs3)cc1-2,中毒,7.122771,15.755451,0.179786614,3.787424869
Cc1n[nH]nc1-c1cc2c(c(-c3c(Cl)cccc3Cl)c1)C(c1ccc(Cl)cc1)N(C1CC(Oc3ccc(C#N)c(Cl)c3)C1)C2,中毒,29.250431,33.89336,0.196283372,3.788562073
Cc1n[nH]nc1C1=Cc2c(C(C#N)=C(N)Oc3ccc(Cl)cc3)c(-c3c(Cl)cccc3Cl)c3c(=O)c(C(=O)O)cn(C4CC4)c3c21,中毒,15.663359,9.114193,0.118456514,3.789022437
Cc1n[nH]nc1-c1cc2c(C(=O)Nc3cc(Cl)cn(C4CC4)c3=O)c(-c3c(Cl)ccc4cc(S(=O)(=O)N(C)C(C)(C)O)c(Cl)cc34)c1-2,中毒,14.620968,9.719319,0.149767628,3.789440848
Cc1n[nH]nc1-c1cc2c(c(-c3c(Cl)cccc3Cl)c1)C(c1ccc(Cl)cc1)Oc1cc(F)c(C(=O)Nc3c(Cl)cncc3Cl)cc1-2,中毒,40.904705,13.901781,0.18457578,3.78984341
Cc1n[nH]nc1C1=CC2=C(CC2)C(c2c(Cl)cccc2Cl)=c2c(O)c(C(=O)O)c(-c3ccc(Cl)c(Cl)c3)c(-c3ccc(I)cc3)c2=C1,中毒,7.702377,31.08039,0.153898441,3.790319902
Cc1n[nH]nc1-c1cc(-c2c(Cl)cccc2Cl)c2c(c1)-c1c(Cl)cc(Cl)cc1N(OCCO)C2c1ccc(Cl)cc1,中毒,38.437904,49.36028,0.19246302,3.791000876
Cc1n[nH]nc1-c1cc2c(c(-c3c(Cl)cccc3Cl)c1)S(=O)(=O)N(c1cc(Cl)cn(C3CC(O)(CO)C3)c1=O)CC2,中毒,29.454716,18.239529,0.295283282,3.792346779
Cc1n[nH]nc1-c1cc(C(=O)c2cc(S(=O)(=O)Nc3ccon3)ccc2F)c2c(Cl)c(OCC3CC3)c(F)cc3c(=O)c(C(=O)O)cnc-3c1-2,中毒,20.244556,7.797183,0.156329429,3.792947815
Cc1n[nH]nc1-c1cc2c(c(-c3c(Cl)cccc3Cl)c1)-c1c(c(C(=O)O)cn(C3CC(O)(CO)C3)c1=O)C(C#N)=C(N)O2,中毒,16.576416,14.585049,0.21779383,3.793045802
Cc1n[nH]nc1-c1cc2c(c(-c3c(Cl)cccc3Cl)c1)C(c1ccc(Cl)cc1)=Nc1c(c(C(F)(F)F)cn(C3CC(O)(CO)C3)c1=O)C2,中毒,28.18271,16.882917,0.169206,3.793602538
Cc1n[nH]nc1-c1cc2c(c(-c3c(Cl)cccc3Cl)c1)C(c1ccc(Cl)cc1)N(c1cc(Cl)cn3ncnc13)C2,中毒,7.018976,21.498354,0.218752227,3.793695306
Cc1n[nH]nc1C1=Cc2c3c(c(C(=O)c4ccc(OC(F)(F)F)cc4)c(I)c2=C1)=NC(c1c(Cl)cccc1Cl)=C3,中毒,18.55653,32.2266,0.18846587,3.794382976
CC(=O)c1c2c(c3c(-c4ccc(Cl)cc4Cl)c(C(=O)Nc4c(Cl)cc(OC(F)(F)F)cc4Cl)sc3c1-c1c(Cl)cccc1Cl)C(c1n[nH]nc1C)=C2,中毒,7.192919,51.416313,0.155812826,3.794833459
Cc1n[nH]nc1-c1cc2c(c(-c3c(Cl)cccc3Cl)c1)C(c1ccc(Cl)cc1)(c1ccc(Cl)cc1)N(c1cc(Cl)cn(C3CC(O)(CO)C3)c1=O)C2,低毒,9.036046,9.912456,0.148903497,3.794990981
Cc1n[nH]nc1C1=CC2=CC(c3cc(Cl)cc(Cl)c3)N(c3ccc(C(=O)NCCN4CCOCC4)cc3)C(=O)C2=C1,中毒,96.97901,21.408957,0.419151165,3.79585227
Cc1n[nH]nc1-c1cc(-c2c(Cl)cccc2Cl)c2c(c1)-c1c(cc(Cl)c(=O)n1C)N(O)C2c1ccc(Cl)cc1,中毒,58.06824,92.59805,0.221852309,3.796377666
Cc1n[nH]nc1P(=O)(NN(C)C)c1ccccc1,中毒,40.75183,60.09217,0.618402278,3.796824035
Cc1n[nH]nc1-c1cc(-c2c(Cl)cccc2Cl)c2c(c1)-c1c(-c3ccc(Cl)cc3)nc(Cc3c(F)cccc3Cl)n1C2c1ccc(Cl)cc1,中毒,7.736752,62.396904,0.184347397,3.797221803
Cc1n[nH]nc1C1=Cc2cc3c(=O)n(Cc4cccs4)c(-c4cn(-c5cccc(F)c5F)nc4N)nc3c(-c3c(Cl)cccc3Br)c2C1,中毒,6.849905,23.269756,0.179309375,3.798036689
Cc1n[nH]nc1C1=Cc2c3nc(Nc4cccc(C(F)(F)F)c4)nc-3c3ccc(-c4c(Cl)cc(Cl)cc4Cl)c(Br)c3c(-c3c(Cl)cccc3Cl)c2C1,中毒,10.925707,15.055594,0.180206945,3.798064637
Cc1n[nH]nc1-c1cc2c(c(-c3c(Cl)cccc3Cl)c1)C(c1ccc(Cl)cc1)n1c(CCl)c3ccc(Cl)cc3c1C2=O,中毒,33.360603,26.638693,0.192611608,3.798320803
Cc1n[nH]nc1-c1cc2c(c(-c3c(Cl)cccc3Cl)c1C(c1ccc(Cl)cc1)c1ccc(Cl)cc1)N(c1cc(Cl)cn(C3CC(O)(CO)C3)c1=O)C2=O,中毒,64.65609,18.239529,0.131792266,3.798689393
Cc1n[nH]nc1-c1ccc2c(c1)-c1nc(Nc3c(Cl)ccc(NS(=O)(=O)c4cccc(F)c4)c3Cl)nc3c1C(C2)N(C)CC3,中毒,11.72551,27.675442,0.1949199,3.798833704
Cc1n[nH]nc1-c1cc2c(c(-c3c(Cl)cccc3Cl)c1)C(c1ccc(Cl)cc1)Oc1cc(Cl)c(N3CC=CC3)cc1-2,中毒,2.255274,29.206306,0.203502928,3.799047446
Cc1n[nH]nc1-c1cc2c(cc1-c1c(Cl)cccc1Cl)N=C1C=C(C(=O)NS(C)(=O)=O)C(c3cnc4cccnn34)=C12,中毒,71.533104,37.486298,0.287772882,3.800002477
Cc1n[nH]nc1-c1cc(-c2c(Cl)cccc2Cl)c2c(c1)C(c1ccc(Cl)cc1)N([O])C2c1ccc(Cl)cc1,中毒,29.906696,21.655012,0.23065103,3.800064114
COc1ncc(C2=NC(C3CCN(S(=O)(=O)c4ccc(F)c(F)c4)CC3)=C3C=C(c4n[nH]nc4C)C=C3C2=O)c(OCC2CC2)n1,中毒,39.708973,13.503714,0.365522946,3.800319801
Cc1n[nH]nc1-c1cc2c(c(-c3c(Cl)cc(Cl)cc3Cl)c1)C(c1ccc(COC(=O)c3ccc(Cl)cc3)cc1)C(c1ccc(Cl)cc1)C2,中毒,42.938496,22.164993,0.165915421,3.800463423
Cc1n[nH]nc1C1=CC2=C(C3CC3)N(c3ccc(NC(=O)Nc4cc(I)cc(F)c4-c4cc(N)ncn4)cc3F)C(=O)C2=C1,中毒,50.82223,19.648664,0.187435198,3.800873338
Cc1n[nH]nc1C1=CC2=C(P(=O)(O)O)N=C(c3c(Cl)ccc(Cl)c3Cl)C(=O)C2=C1NCCCCCN1CCc2ccccc2C1,中毒,32.664936,39.31248,0.115440897,3.80106798
Cc1n[nH]nc1-c1cc2c(c(-c3c(Cl)cccc3Cl)c1)C(c1ccc(Cl)cc1)N1c3cc(Cl)ccc3C1C2,中毒,55.585773,21.527815,0.2322215,3.801850647
Cc1n[nH]nc1-c1cc2c(c(-c3c(Cl)cccc3Cl)c1)N(c1cc(Cl)cn(C3CC3)c1=O)C(=O)C(c1ccc(Cl)cc1)C2,中毒,8.593906,16.057194,0.206530415,3.802618256
Cc1n[nH]nc1C1=CC2=C(c3ccc(Cl)cc3Cc3cc(F)ccc3F)C(C(=O)NC3(CO)CCN(C(C)C)CC3)=NC2=C1Cl,中毒,27.381918,18.820578,0.287659007,3.802991819
Cc1n[nH]nc1C1=CC2=C=C(c3cc(NC(=O)c4ccnc(N(C)C)c4)c(Cl)cc3Cl)SC2=C1,中毒,36.035316,26.922276,0.4277112,3.803400323
Cc1n[nH]nc1-c1cc2c(c(-c3c(Cl)cccc3Cl)c1)C(c1ccc(Cl)cc1)N(c1cc(C(=O)O)cn3ccnc13)C2,中毒,21.15887,18.398602,0.204814726,3.803627729
Cc1n[nH]nc1-c1cc2c(c(-c3c(F)cccc3F)c1)C(c1ccc(Cl)cc1)(c1ccc(Cl)cc1)N(c1cc(Cl)cn(C3CC(O)(CO)C3)c1=O)C2,中毒,6.3808517,8.960914,0.151535089,3.803990033
Cc1n[nH]nc1-c1cc(-c2c(Cl)cccc2Cl)c2c(c1)-c1c(cc(N(C)C)nc1N1CCOCC1)OC2c1ccc(Cl)cc1,中毒,3.71937,45.62995,0.208125474,3.8040581
Cc1n[nH]nc1-c1cc2n(c(=O)c1-c1ccc(Cl)cc1)C(c1ccc(Cl)cc1)N(c1cc(Cl)cn(C3CC3)c1=O)C2=O,中毒,30.71352,14.3937645,0.249559885,3.804229666
Cc1n[nH]nc1C1=C(F)C=C2C(=O)C(C(=O)O)=C(c3cc(F)c(O)c(F)c3F)C=C21,中毒,11.431352,48.78208,0.400332452,3.804234716
Cc1n[nH]nc1-c1cc2c(c(-c3c(Cl)cccc3Cl)c1)C(c1ccc(Cl)cc1)Oc1cc(Br)c(NC(=O)I)cc1-2,中毒,12.03355,18.483234,0.108481677,3.805129896
Cc1n[nH]nc1-c1cc2c(c(-c3c(Cl)cccc3Cl)c1)C(c1ccc(Cl)cc1)N(C1(C#N)COC1)C2,中毒,32.625214,36.17334,0.31767555,3.806134841
Cc1n[nH]nc1-c1cc2c(c(-c3c(Cl)cccc3Cl)c1)S(=O)(=O)N(c1cc(C#CC3(O)CCCC3)nc3ccc(Br)cc13)C2,中毒,28.654402,28.888712,0.18870121,3.806262449
Cc1n[nH]nc1-c1cc2c(c(-c3c(Cl)cccc3Cl)c1)C(c1ccc(Cl)cc1)Oc1cc(Cl)c(N=[N+]=[N-])cc1-2,中毒,4.521082,12.311212,0.127326289,3.806802793
Cc1cc(-c2cnc3c4c(c(C(C)C)c(-c5sc6cc(Cl)ccc6c5Cl)c(=O)c3c2F)C=C4c2n[nH]nc2C)ccc1S(N)(=O)=O,中毒,4.598489,16.32854,0.188017006,3.80696031
Cc1n[nH]nc1-c1cc2c(c(-c3c(F)cccc3Cl)c1)C(c1ccc(Cl)cc1)(c1ccc(Cl)cc1)N(c1cc(Cl)cn(C3CC(O)(CO)C3)c1=O)C2,中毒,6.3808517,8.960914,0.149828728,3.807106366
Cc1n[nH]nc1-c1cc2c(c(-c3c(Cl)cccc3Cl)c1)C(c1ccc(Cl)cc1)c1c3c(c4cc(Cl)ccc4c1C2)CCO3,中毒,20.658266,9.331676,0.208582249,3.807388996
CCS(=O)(=O)c1c(-c2cc(Cl)ccc2OC(F)F)c(I)c2c(=O)c(C(=O)O)cn(-c3ccc(OCC#N)c(F)c3)c2c(=O)c1-c1n[nH]nc1C,中毒,20.18954,12.110745,0.168649894,3.807885576
Cc1n[nH]nc1-c1cc2c(n1-c1ccc(Cl)c(Cl)c1)C(c1ccc(Cl)cc1)N(c1cc(Cl)cn(C3CC3)c1=O)C2=O,中毒,22.121504,14.026334,0.219916181,3.808162603
Cc1n[nH]nc1-c1cc2c(c(-c3c(Cl)cccc3Cl)c1)C(c1ccc(Cl)cc1)Nc1cc(Cl)c(N3CCOCC3)c(Cl)c1C2,中毒,13.496432,9.938267,0.197318924,3.80819766
Cc1n[nH]nc1C1(c2ccc(Cl)cc2F)CCN(C(=O)c2cc(OCC3CO3)c(S(C)(=O)=O)cc2Oc2cccnc2)CC1,中毒,21.856424,18.259556,0.261726476,3.808242166
Cc1n[nH]nc1-c1cc2c(c(S(C)(=O)=O)c1)C(c1ccc(Cl)cc1)N(c1ccc(Cl)cc1)C2c1ccc(S(C)(=O)=O)cc1,中毒,18.424082,97.809494,0.220008642,3.809142129
Cc1n[nH]nc1-c1cc2c(c(-c3c(Cl)cccc3Cl)c1)C(c1ccc(Cl)cc1)N(Cc1ccc(S(=O)(=O)Nc3ccon3)cc1Cl)C2,中毒,62.26764,14.944963,0.160909287,3.809260213
Cc1cc(N2Cc3cc(-c4n[nH]nc4C)cc(-c4c(Cl)cccc4Cl)c3C2(c2ccc(Cl)cc2)c2ccc(Cl)cc2)c(=O)n(C2CC(O)(CO)C2)c1,中毒,9.036046,7.3154764,0.149737127,3.80958919
Cc1n[nH]nc1-c1cc2c(c(-c3c(Cl)cccc3Cl)c1)N(c1cc(Cl)cn(C3CC(F)(F)C3)c1=O)C(=O)C(N)=CC2,中毒,11.400045,18.648798,0.268105667,3.809772103
Cc1n[nH]nc1C1=CC2=C(C3(C(=O)c4ccc(F)cc4)CCC3)C(=O)N(c3ccc(Oc4ccccc4)cc3)C(c3ccc(Cl)cc3)C2=C1,中毒,29.54402,11.033915,0.166661122,3.810124946
Cc1n[nH]nc1-c1cc2c(c(=O)[nH]c1=O)C(c1ccc(Cl)cc1)N(c1ccc(Cl)cn1)C2c1ccc(Cl)cc1,中毒,20.845213,27.227636,0.276101359,3.811983621
Cc1cc2c(N3Cc4cc(-c5n[nH]nc5C)cc(-c5c(Cl)cccc5Cl)c4C3c3ccc(Cl)cc3)cc(Cl)cn2n1,中毒,20.5794,48.85047,0.213663303,3.812686359
Cc1n[nH]nc1-c1cc2c(c(-c3c(Cl)cccc3Cl)c1)CN(c1cc(Cl)cn3c(=O)c(C(=O)O)c(-c4ccc(-c5nnco5)cc4OCCO)c-3c1)C2,中毒,7.753959,20.981676,0.134477723,3.813277916
Cc1n[nH]nc1-c1cc(-c2c(Cl)cccc2Cl)c2c(c1)C(c1ccc(Cl)cc1)N(c1ccc(Cl)c(Cl)c1)C2c1ccc(Cl)cc1,中毒,12.55759,26.957453,0.193666925,3.81357118
Cc1n[nH]nc1C1(c2cc(NC(=O)c3ccc(Cl)c(Cl)c3)ccc2F)CN(C(=O)OCC#N)CC(F)(F)C1,中毒,8.399355,31.271273,0.442483275,3.813650466
CC1=NC(C)(C)Cc2cc3c(cc21)-c1cc(-c2n[nH]nc2C)cc(-c2c(Cl)cccc2Cl)c1C[N+]3(C)C,中毒,25.865772,47.32567,0.270345244,3.814081784
Cc1n[nH]nc1-c1cc2c(c(-c3c(Cl)cccc3Cl)c1)C(c1ccc(Cl)cc1)N(c1ccc(-c3cnn(C)c3)c(OC(F)F)c1)C2,中毒,12.55759,15.882624,0.182290068,3.814293515
Cc1n[nH]nc1-c1cc2c(cc1F)C(=O)C(C(=O)NCCS(=O)(=O)c1ccc(F)cc1F)=C1C2=CC2=C1C(C)(C)CCC2(C)C,中毒,70.46407,21.679789,0.259892407,3.814909374
Cc1n[nH]nc1-c1cc(-c2c(Cl)cccc2Cl)c2c(c1)C(C)(c1ccc(N(C)C)cc1)C2c1ccc(Cl)cc1,中毒,15.884743,26.361462,0.228236516,3.815027961
Cc1n[nH]nc1-c1cc2cc(-c3cc(F)cc(F)c3)nc3c(c-2c1)C(c1ccc(Cl)cc1)N(c1cc(Cl)cn(C)c1=O)C3=O,中毒,19.591078,9.741929,0.22710646,3.815457798
Cc1n[nH]nc1-c1cc2c(c(-c3c(Cl)cccc3Cl)c1)C(c1cccc(Cl)c1)N1C(=O)c3ccc(C(=O)O)cc3C(C)(C)C1=C2,中毒,29.972696,13.348358,0.2013718,3.81764434
Cc1n[nH]nc1-c1cc2c(c(-c3c(Cl)cccc3Cl)c1)C(c1ccc(Cl)cc1)N(c1ccc(Cl)cc1)c1cc3c(cc1-2)C(C)(C)CC3=O,中毒,11.437861,20.683573,0.197858508,3.819182853
Cc1n[nH]nc1-c1c(C(c2ccc(Cl)cc2)N(O)c2cc(Cl)cc(Cl)c2)c2cc(Br)c(Cl)cc2oc1=O,中毒,83.734375,13.706134,0.148380202,3.819297476
Cc1n[nH]nc1-c1cc(-c2c(Cl)cccc2Cl)c2c(c1)-c1c(cc(N(C)C)c(=O)c(Cl)c1Cl)OC2c1ccc(Cl)cc1,中毒,1.5961059,80.34339,0.208486761,3.819369712
Cc1n[nH]nc1-c1cc(-c2c(Cl)cccc2Cl)c2c(c1)C(c1cccnc1)N=C(c1ccsc1)N2,中毒,5.668815,85.69924,0.26493213,3.81938003
Cc1n[nH]nc1C1=CC2=NC(c3cnn(-c4ccc(F)cc4)c3)=C(Nc3ccc4c(n3)-c3cc5c(F)cccc5n3CC4)C2=C1,中毒,6.706113,15.967391,0.239979016,3.819703157
Cc1n[nH]nc1-c1cc2c(c(-c3c(Cl)cccc3Cl)c1Cc1ccc(Cl)c(Cl)c1)C(c1ccc(Cl)cc1)N2c1cc(Cl)c(N)c(Cl)c1,低毒,5.6190677,25.730265,0.165896652,3.82048521
Cc1n[nH]nc1C1(O)CC(c2cc(-c3cnc(N)c(-c4cc(Cl)c(O)cc4O)c3)c(NS(C)(=O)=O)c3cncnc23)C1,中毒,7.589686,51.865627,0.163777116,3.820516661
Cc1n[nH]nc1-c1cc2cc(C#Cc3ccc(N(C)C)n(-c4cnn(CC(F)F)c4)c3=O)cc3c(=O)n(-c4cccc(F)c4)c(=O)c3cc12,中毒,33.16781,51.667377,0.264305427,3.82122502
Cc1n[nH]nc1P(=O)(Oc1cccc2ccccc12)C(N=[N+]=[N-])c1ccccc1,中毒,17.9796,33.84998,0.204134069,3.821289406
Cc1n[nH]nc1-c1cc2cc(F)c(OCC3COC(=O)N3)c3c(c-2c1)c(=O)c(C(=O)O)cn3C1CC1,中毒,51.2901,7.368007,0.371347528,3.822962084
Cc1n[nH]nc1-c1cc(-c2c(Cl)cccc2Cl)c2c(c1)C(c1ccc(Cl)cc1)N(S(C)(=O)=O)C2c1ccc(Cl)cc1,中毒,17.084326,68.72122,0.20819529,3.822969496
Cc1n[nH]nc1-c1cc2c(c(=O)[nH]c1=O)C(c1ccc(Cl)cc1)N(c1cc(Cl)cn(C3CCOCC3)c1=O)C2=O,低毒,17.983763,21.748821,0.376209149,3.823256104
Cc1n[nH]nc1-c1cc2c(c(-c3c(Cl)cccc3Cl)c1)S(=O)(=O)c1cc(C#Cc3cnc(N4CCC(CCN(C)C)CC4)cc3F)c(Cl)cc1-2,低毒,11.204463,11.477045,0.171288713,3.823334262
Cc1n[nH]nc1-c1cc(-c2c(Cl)cccc2Cl)c2c(c1)-n1ncc(Cl)c1-c1ccc(C(F)(F)F)cc1NC2c1ccc(Cl)cc1,中毒,21.869314,25.131533,0.194473791,3.823698368
Cc1n[nH]nc1-c1cc2c(c(-c3c(Cl)cccc3Cl)c1)C(c1ccc(Cl)cc1)Oc1cc(N(C)S(C)(=O)=O)c(C#N)cc1-2,中毒,4.9507704,21.845856,0.20757081,3.824505001
Cc1n[nH]nc1-c1c(C(=O)O)cn2c(Cl)c(-c3cc(F)cc(Cl)c3)c(-c3ccc4c(n3)-c3sc5ccc(F)c(F)c5c(=O)c3-4)cc12,中毒,47.822056,13.503714,0.181157598,3.824661777
Cc1n[nH]nc1-c1cc2ncc(-c3ccc(Br)cc3)c3c(c-2c1)C(c1ccc(Cl)cc1)N(c1cc(Cl)cn(C2CC2)c1=O)C3=O,低毒,17.272402,9.674791,0.195695496,3.824831119
Cc1n[nH]nc1-c1cc2c(c(-c3c(Cl)cccc3Cl)c1)C(c1ccc(Cl)cc1)Nc1cc(Cl)c(=O)n(Cc3ccco3)c1C2,中毒,10.858404,24.935888,0.192361279,3.824942715
Cc1n[nH]nc1-c1cc2c(c(-c3c(Cl)cccc3Cl)c1)C(c1ccc(Cl)cc1)N(c1ccc(-c3cnn(C)c3)nc1)C(N)=N2,中毒,6.561619,28.107973,0.199118961,3.825304254
Cc1n[nH]nc1C1=Cc2sc(-c3c(Cl)cn4c(=O)c(C(=O)O)cnc4c3O)c(C)c21,中毒,63.64901,16.348,0.391307327,3.825864209
Cc1n[nH]nc1-c1cc2c(cc1P(=O)(O)O)N(c1cc(Cl)cn(C3CC(O)(CO)C3)c1=O)C2,中毒,21.650358,13.8211155,0.327191208,3.825988738
Cc1n[nH]nc1-c1cc2c(c(-c3c(Cl)cccc3Cl)c1)C(c1cccc(Cl)c1)C1=C(c3c(F)cc(F)cc3C1=O)N(C)C2,中毒,7.7485423,16.517525,0.215631924,3.826017112
Cc1n[nH]nc1-c1cc(-c2c(Cl)cccc2Cl)c2c(c1)N(c1ccc(NC(=O)NC(C)(C)C(=O)O)c(F)c1F)C2c1ccc(Cl)cc1,中毒,4.7405562,20.383123,0.134736798,3.826556539
CC(=O)c1c(O)c(N(C)C)cc2c1-c1cc(-c3n[nH]nc3C)cc(-c3c(Cl)cccc3Cl)c1C(c1ccc(Cl)cc1)O2,中毒,12.019181,21.426476,0.191666765,3.827142493
Cc1n[nH]nc1C1=CC2=c3c(-c4cnoc4)nn(-c4ccc(Cl)c(F)c4)c(=O)c3=C(c3c(Cl)cccc3Cl)C2=C1,中毒,17.43961,14.3937645,0.32221084,3.827593791
Cc1n[nH]nc1-c1cc2c(c(-c3c(Cl)cccc3Cl)c1)CN(C(=O)c1cc(Cl)ccc1OCC(C)(C)O)C(C#N)C2,中毒,9.668607,35.300415,0.252677187,3.828520958
Cc1n[nH]nc1C1=CC2=C(c3ccc(Br)cc3F)C(I)=C(c3cnc4c(c3)nnn4Cc3ccc(Br)cc3F)C(=O)C2=C1F,中毒,6.600964,36.510887,0.183240331,3.828897283
Cc1n[nH]nc1C1=CC2=C=C(c3ccc(-c4ccc(Cl)c(Cl)c4)nc3)C(c3ccc(Cl)cc3)=Nc3cc(S(=O)(=O)NC4CC4)ccc3C2=C1,中毒,32.90861,13.619076,0.163110573,3.829122359
Cc1n[nH]nc1-c1cc2c(c(-c3c(Cl)cccc3Cl)c1)C(c1ccc(Cl)cc1)c1c(C)nc(SCC(=O)Nc3ccc(Cl)cc3)c(C#N)c1C2,中毒,63.846527,33.249393,0.156881105,3.830325012
CC(=O)c1cn(C)c2cc(N3CCc4cc(-c5n[nH]nc5C)cc(-c5c(Cl)cccc5Cl)c4C3c3ccc(Cl)cc3)ncc2c1=O,中毒,61.550545,23.121115,0.186930973,3.830687605
Cc1n[nH]nc1-c1cc2c(c(-c3c(Cl)cccc3Cl)c1)C(c1ccc(Cl)cc1)N(C1=CCN(C(=O)c3ccccc3C(N)=O)CC1)C2,中毒,97.59674,16.301443,0.189655797,3.832202463
Cc1n[nH]nc1-c1cc2c(c(-c3c(Cl)cccc3Cl)c1)C(c1ccc(Cl)cc1)N(C1=Cc3c(ccc4ncccc34)C1=O)C2,中毒,4.535384,10.7391815,0.209379035,3.832231718
Cc1n[nH]nc1-c1cc2c(c(-c3c(Cl)cccc3Cl)c1)C(c1ccc(Cl)cc1)N(Cl)Nc1cc(Cl)cnc1-2,中毒,21.33004,14.944963,0.201779107,3.833673653
Cc1n[nH]nc1-c1cc2c(c(-c3c(Cl)cccc3Cl)c1)C(c1ccc(Cl)cc1)N1C(=C2N)N(C)c2cc(Cl)c(Cl)cc21,中毒,9.753868,22.661722,0.202869234,3.833983642
Cc1n[nH]nc1-c1cc2c(c(-c3c(Cl)cccc3Cl)c1)C(c1ccc(Cl)cc1)N(c1cc(Cl)cn3nnnc13)C2,中毒,7.018976,21.299143,0.221832381,3.834790691
Cc1n[nH]nc1C1=CC2=C(P(=O)(O)O)N=C(Nc3ccc(S(C)(=O)=O)cc3)C(=O)C2=C1c1cc(F)c(-c2cc(Cl)cc(Cl)c2)cc1F,中毒,25.069427,14.3937645,0.171793708,3.83492252
Cc1n[nH]nc1-c1cc2c(c(-c3c(Cl)cccc3Cl)c1)C(c1cccn1C)S(=O)(=O)C2,中毒,31.34597,21.664055,0.448554991,3.835555316
Cc1n[nH]nc1P(=O)(CI)Oc1cccc(Cl)c1,微毒,16.834726,78.16323,0.488911796,3.836166497
Cc1n[nH]nc1-c1cc(-c2c(Cl)cccc2Cl)c2c(c1)N(c1ccc(OCC(O)CN3CCOCC3)cc1)C2c1ccc(Cl)cc1,低毒,13.756398,26.164486,0.1653722,3.836248431
Cc1n[nH]nc1-c1cc2c(c(-c3c(Cl)cccc3Cl)c1)C(c1ccc(Cl)cc1)C1=C(CCN2)C2=C(CCC2)C1=O,中毒,25.925253,82.750885,0.251446014,3.836782129
Cc1n[nH]nc1[PH](c1ccccc1)(c1cccs1)c1c(F)cccc1F,低毒,7.636198,15.502992,0.547429875,3.836904566
Cc1n[nH]nc1-c1cc2c(c(-c3c(Cl)cccc3Cl)c1)C(c1ccc(Cl)cc1)Oc1cc(Nc3ccn4c(C)nnc4c3)ccc1-2,中毒,6.808046,24.716522,0.190366089,3.837143356
Cc1n[nH]nc1-c1cc2c(c(-c3c(Cl)cccc3Cl)c1)C(c1ccc(Cl)cc1)N(c1c(Cl)cc(C3CC3)cc1Cl)N=C2c1ccc(Cl)cc1,中毒,98.85857,28.687487,0.183753066,3.837808267
Cc1n[nH]nc1-c1cc2c(c(-c3c(Cl)cccc3Cl)c1)C(c1ccc(Cl)cc1)N(c1cc3c(cc1F)c(=O)c(C(=O)O)cn3C1CC1)CC2,中毒,8.946273,14.878985,0.178509284,3.83869866
Cc1n[nH]nc1-c1cc2c(c(-c3c(Cl)cccc3Cl)c1)C(c1ccc(Cl)cc1)N(C1=CC(NC3CC3)=N1)C(=O)C2,中毒,12.664222,21.37974,0.26551875,3.8392527
Cc1n[nH]nc1-c1cc2c(c(-c3c(Cl)cccc3Cl)c1)C(c1ccc(Cl)cc1)N(c1cc3c(cc1F)c(=O)c(C(=O)O)cn3C1CC1)C2,中毒,8.946273,14.878985,0.179803285,3.839658607
Cc1n[nH]nc1-c1cc2c(c(-c3c(Cl)cccc3Cl)c1)C(c1ccc(Cl)cc1)N(N1CCC(O)(c3ccc(Cl)cc3)CC1)C2,中毒,45.95538,59.367855,0.196460828,3.840273484
Cc1n[nH]nc1-c1cc(-c2c(Cl)cccc2Cl)c2c(c1)-c1c(cc(Cl)cc1S(=O)(=O)NCC(F)(F)F)NC2c1ccc(Cl)cc1,中毒,12.664851,24.471746,0.163169208,3.840680033
Cc1n[nH]nc1C1=Cc2cc(-c3ccc(Cl)cc3)c3c(c2C1)OCCN(C(=O)c1ccc(Cl)cc1)CC3c1ccc(Cl)s1,中毒,140.33076,37.990963,0.21220398,3.840696812
Cc1n[nH]nc1-c1cc2c(c(-c3c(Cl)cccc3Cl)c1)C(c1ccc(Cl)cc1)Nc1cnc(Nc3ccc(N4CCN(CCO)CC4)cc3)nc1-2,中毒,112.1312,14.103891,0.122523047,3.841360936
Cc1n[nH]nc1-c1cc2c(c(-c3c(Cl)cccc3Cl)c1)CN(c1ncc(Cl)c(-c3ccc(S(C)(=O)=O)cc3)c1C#N)C(C)C2,中毒,9.644466,20.412188,0.204918749,3.84179573
Cc1n[nH]nc1-c1cc2c(c(-c3c(Cl)cccc3Cl)c1)C(c1ccc3c(c1)OCO3)Oc1cc(NS(C)(=O)=O)c(C#N)cc1-2,中毒,8.842053,20.309532,0.210897516,3.842404781
Cc1n[nH]nc1C1=CC2=C(c3ccc(Br)cc3)N=C(c3ccc(=O)n(Cc4nc(N)co4)c3)C(=O)C2=C1C(C)(C)C,中毒,36.575073,8.147813,0.326914382,3.843006154
Cc1n[nH]nc1-c1ccc2c(c1)OC(c1ccc(N(C)c3ncc(-c4cccnc4)s3)cc1)C(c1ccccc1)C2,中毒,39.137917,16.608652,0.228476368,3.843100849
Cc1n[nH]nc1-c1cc2c(c(-c3c(Cl)cccc3Cl)c1)C1=C(C(C#N)=C(N)O)N=C(Nc3c(Cl)cccc3Cl)C1=C2N,中毒,45.858162,34.379097,0.116603518,3.843537647
CC(=O)N1C(c2ccc(Cl)cc2Cl)c2cc(-c3n[nH]nc3C)cc(-c3c(Cl)cccc3Cl)c2C1c1ccc(Cl)cc1,中毒,43.16791,20.289734,0.21234767,3.843837456
Cc1n[nH]nc1-c1cc2c(cc1Nc1cc3c(cc1F)c(=O)c(C(=O)O)cn3C1CC1)C(C(F)(F)F)C2,低毒,12.667251,22.43057,0.315896574,3.843973771
Cc1n[nH]nc1-c1cc2c(c(-c3c(Cl)cccc3Cl)c1)C(c1ccc(Cl)cc1Cl)N(c1cc3c(cc1F)c(=O)c(C(=O)O)cn3C)C2,中毒,13.895334,16.717745,0.185490046,3.844133756
Cc1n[nH]nc1-c1cc2c(c(-c3c(Cl)cccc3Cl)c1)C[N+](C)([O-])C2,中毒,27.252312,61.179253,0.521103425,3.844759362
Cc1n[nH]nc1C1(c2ccc(Cl)cc2Cl)CC1N,中毒,22.583145,36.154976,0.889098292,3.845498231
Cc1n[nH]nc1C1(c2ccc(Cl)cc2F)COC(c2ccc(NS(=O)(=O)S)cc2)=N1,低毒,42.547573,185.87137,0.394059647,3.847452378
Cc1n[nH]nc1-c1cc2c(c(-c3c(Cl)cccc3Cl)c1)C(c1ccc(Cl)cc1)C1=C(Nc3ccccc3)N(c3ccc(Cl)cc3)C(=O)C1=C2,中毒,6.9940724,47.607944,0.179602201,3.847641149
Cc1n[nH]nc1-c1cc2c3c(c(N(C)C(=O)c4ccc(OC(F)(F)F)c(F)c4)c(Cl)c2cc1OCC1CCCO1)CC3,中毒,24.925055,18.52987,0.240496118,3.849256654
Cc1n[nH]nc1C1(c2cc(NC(=O)c3cc(-c4ncccc4C(F)(F)F)ccc3F)ccc2F)N=C(N)C1(F)F,中毒,35.920673,18.31875,0.296125427,3.849618334
Cc1n[nH]nc1C1=Cc2c1nc(-c1ccc3ccccc3c1)c1c2C(c2ccccc2)N(c2cc(Cl)cn(C)c2=O)C1=O,中毒,12.976177,14.3937645,0.261421494,3.849882172
Cc1n[nH]nc1-c1cc2c(c(-c3c(Cl)cccc3Cl)c1)C(c1ccc(Cl)cc1)N(c1cc(Cl)c3nnnn3c1)C2,中毒,8.20812,21.299143,0.221832381,3.849905875
Cc1n[nH]nc1-c1cc2c(c(-c3c(Cl)cccc3Cl)c1)C(c1ccc(Cl)cc1)N(c1cc(Cl)c3c(=O)n(C)c(=O)oc3c1)C2,中毒,14.520592,31.85633,0.205285127,3.850102215
Cc1n[nH]nc1-c1cc2c(c(-c3c(Cl)cccc3Cl)c1)C(c1ccc(Cl)cc1)Nc1ccc(-c3cnn(C(F)(F)F)c3)cc1-2,中毒,10.104933,92.82948,0.199067151,3.850413397
Cc1n[nH]nc1C1(c2cc(NC(=O)c3sccc3Br)ccc2F)CCN(C(=O)c2cnn(CC(F)F)c2)C1,中毒,7.3476906,44.331635,0.318518764,3.850603811
Cc1n[nH]nc1-c1cc2c(c(-c3c(Cl)cccc3Cl)c1)C(c1cn(C)c(=O)c3cc(Cl)ccc13)C(N)=NC2,中毒,11.914303,21.209984,0.2703442,3.850671101
Cc1n[nH]nc1C1(C)C(=O)N(c2cc(Cl)c(Cl)c(Cl)c2)C(=O)c2cc(S(=O)(=O)N3CC(Oc4cccnc4)C3)ccc21,中毒,5.290411,29.24474,0.23994908,3.851184454
Cc1n[nH]nc1-c1cc2c(c(-c3c(Cl)cccc3Cl)c1)-c1ccc(S(=O)(=O)Nc3ncc(Cl)cn3)cc1C(C(F)(F)F)CC2,中毒,7.48125,27.702454,0.193436397,3.851793104
Cc1n[nH]nc1-c1cc2c(c(-c3c(Cl)cccc3Cl)c1)C(N)=NC(c1cc(Cl)cnc1OC1CC1)C2,中毒,111.66477,161.17699,0.307752786,3.852009049
Cc1n[nH]nc1C1=C(Cl)C=C2C(=O)C(C(=O)O)=CN=C21,低毒,12.907305,13.132096,0.789761891,3.8526316
Cc1n[nH]nc1-c1cc2c3c(cc(F)c(-c4cn5nc(-c6cc7ccccc7s6)c(Cl)c5c(=O)c5ccsc45)c-2c1)C(=O)N(CC(N)=O)C3=O,中毒,6.5243754,34.543755,0.191636848,3.852874162
Cc1n[nH]nc1C1(c2ccc(Cl)c(Cl)c2)CCN(C(=O)C(CC(N)=O)N2CCN(c3cccc4c3COC4=O)CC2)CC1,中毒,27.815008,22.83938,0.382153026,3.85415374
Cc1n[nH]nc1-c1cc2c(c(-c3c(Cl)cccc3Cl)c1)C(c1ccc(Cl)cc1)N(c1cc3ccc(Cl)cc3n3c(C)nnc13)C2,中毒,35.59155,25.740755,0.201806355,3.854164555
Cc1n[nH]nc1-c1cc2c(c(-c3c(Cl)cccc3Cl)c1)C(c1ccc(Cl)cc1)N(c1cc3c(cc1F)c(=O)c(C(=O)O)cn3Cc1ccc(F)cc1)C2,中毒,13.495939,19.311916,0.167424983,3.854797445
Cc1n[nH]nc1-c1cc(-c2c(Cl)cccc2Cl)c2c(c1)N(c1ccc(N(C)C)cc1)C(c1ccc(Cl)cc1)C2c1ccc(Cl)cc1,低毒,5.05958,19.39878,0.189623303,3.854971136
Cc1n[nH]nc1C1=CC2=C3C(=O)N(C4CCOCC4)CC3=C(Sc3ccc(Cl)nc3)C(=O)C(=O)C2=C1,中毒,23.298933,28.451826,0.48163069,3.855005803
Cc1n[nH]nc1-c1cc2c(cc1-c1c(Cl)cccc1Cl)N(c1nc(Cl)cn(C3CCS(=O)(=O)C3)c1=O)CC2,中毒,9.751314,16.680515,0.354540763,3.855161396
Cc1n[nH]nc1C1=CC2=C(c3cc(=O)c(=O)[nH]nc3-c3c[nH]c4ccccc34)C(c3cc(OC(F)F)c(Cl)cc3Cl)=NC2=C1,中毒,8.011326,13.503714,0.200686384,3.855398572
Cc1n[nH]nc1-c1cc2c(c(-c3c(Cl)cccc3Cl)c1)C(c1ccc(Cl)cc1)N(c1ccc(Cl)cc1)c1ccc(OC(C)C(=O)O)cc1-2,中毒,12.878946,43.343517,0.170924796,3.855615659
Cc1n[nH]nc1-c1cc2c(c(-c3c(Cl)cccc3Cl)c1)C(c1ccc(Cl)cc1)Oc1cc(Cl)c(NS(=O)(=O)c3ccc(Cl)cn3)cc1C2=O,中毒,10.103878,13.61264,0.172721536,3.856469897
Cc1n[nH]nc1-c1cc(-c2c(Cl)cccc2Cl)c2c(c1)C(C)CN(c1nc(C(F)(F)F)nc3ccsc13)C2,中毒,5.595398,28.34326,0.236921447,3.856681885
Cc1n[nH]nc1-c1cc2c(c(-c3c(Cl)cccc3Cl)c1)CN(c1ccc(S(=O)(=O)Nc3ncns3)cc1Cl)C(C)C2,中毒,38.54248,33.47811,0.20381643,3.856682972
Cc1n[nH]nc1-c1cc(-c2c(Cl)cccc2Cl)c2c(c1)-c1c(cc(Cl)c(O)c1Cl)N(c1ccsc1)C2c1ccc(Cl)cc1,中毒,24.97256,13.312543,0.193968535,3.856784509
Cc1n[nH]nc1C1=CC2=C(NCc3ccc(Oc4cccc(F)c4)cc3)C(c3ccc(Cl)cc3)c3c(N)ncnc3C2=C1,中毒,17.859795,92.989334,0.192504931,3.856848601
Cc1n[nH]nc1-c1cc2c(c(-c3c(Cl)cccc3Cl)c1)C(c1ccc(Cl)cc1)Nc1cc(Cl)c(NC(=O)c3cc(Cl)cc(Cl)c3)c(Cl)c1C2,中毒,16.57991,12.19113,0.162458158,3.857924746
Cc1n[nH]nc1-c1cc2c(-c3c(Cl)cccc3Cl)c3c(sc(=O)c-2c1)CN(C(=O)c1c(F)cccc1F)C(C)C3,中毒,16.13026,16.887266,0.239814288,3.859171349
Cc1n[nH]nc1-c1cc2c(c(-c3c(Cl)cccc3Cl)c1)C(c1ccc(Cl)cc1)Nc1cc(Cl)c(S(=O)(=O)Nc3ccon3)cc1-2,中毒,56.879593,21.542309,0.158541426,3.859279917
Cc1n[nH]nc1-c1cc(-c2c(Cl)cccc2Cl)c2c(c1)C(c1ccc(Cl)cc1)c1cc(Cl)ccc1NC2c1cccnc1,中毒,52.97133,43.70995,0.200745376,3.859455181
Cc1n[nH]nc1-c1cc2c(c(-c3c(Cl)cccc3Cl)c1)C(c1ccc(Cl)cc1)N(NC#N)N2,中毒,36.894127,12.801277,0.232588399,3.860399763
Cc1n[nH]nc1-c1cc2c(c(-c3c(Cl)cccc3Cl)n1)C(c1ccc(Cl)cc1)(c1ccc(Cl)cc1)N(c1cc(Cl)cn(C3CC(O)(CO)C3)c1=O)C2,中毒,11.212927,28.219782,0.148090501,3.860402677
Cc1n[nH]nc1-c1cc2c(c(-c3c(Cl)cccc3Cl)c1)-c1cc(Cl)c(OCC(=O)O)c(C3(c4cc(-c5ccno5)on4)CC3)c1CC2,中毒,24.739912,33.77595,0.161388598,3.86081007
Cc1n[nH]nc1-c1cc2c(c(-c3c(Cl)cccc3Cl)c1)C(c1ccc(Cl)cc1)N(c1cc3c(cc1F)c(=O)c(C(=O)O)cn3C(C)C)C2,中毒,13.495939,14.878985,0.179389804,3.861277971
Cc1n[nH]nc1C1=C(F)C=C2C(=O)C(C(=O)O)=C(c3ccc4c(c3)S(=O)(=O)CCC4)C=C21,中毒,54.712322,17.563566,0.683071627,3.86183106
CC(=O)N1CCC(Oc2cc(CN3c4cc(-c5n[nH]nc5C)cc(-c5c(Cl)cccc5Cl)c4C3c3ccc(Cl)cc3F)ccc2C2CCC2)CC1,中毒,17.685385,21.368282,0.17126019,3.862110288
Cc1n[nH]nc1-c1cc(-c2c(Cl)cccc2Cl)c2c(c1)S(=O)(=O)CN(C(F)(F)F)C2c1ccc(Cl)cc1,中毒,16.87273,31.619349,0.259648211,3.862488251
Cc1n[nH]nc1C1=Cc2c(Cl)c(Cl)c(Cl)c3nc(O)c(C(=O)C=CNc4cc(O)cc(Cl)c4)c-3c21,中毒,11.644324,31.073755,0.148887521,3.863444753
Cc1n[nH]nc1C1=Cc2c(P(=O)(Nc3ccccc3)OC(C)C)nn(-c3ccc(F)cc3)c(=O)c21,中毒,57.076263,21.079233,0.32946383,3.863944406
Cc1n[nH]nc1-c1cc2c(c(-c3c(Cl)cccc3Cl)c1)C(c1ccc(Cl)cc1)N(NC(S)=NC(=O)c1ccc(Cl)cc1)C2,中毒,39.712437,15.826159,0.099289066,3.863962945
Cc1n[nH]nc1-c1cc2c(c(-c3c(Cl)cccc3Cl)c1)C(c1ccc(Cl)cc1)N(c1cc(Cl)cn3c(=O)c(C(=O)O)cnc13)C2,中毒,14.1086855,19.183922,0.190681479,3.86449001
Cc1n[nH]nc1P(=O)(Nc1ccsc1)Oc1cccnc1,微毒,120.61189,71.78821,0.701683996,3.864783514
Cc1n[nH]nc1-c1cc2c(c(-c3c(Cl)cccc3Cl)c1)C(c1ccc3c(c1)OCCO3)C(c1ccc(Cl)cc1)NC2=O,中毒,21.76295,9.331676,0.214875354,3.864820213
Cc1n[nH]nc1-c1cc(-c2c(Cl)cccc2Cl)c2c(c1)C(c1ccc(Cl)cc1F)N([O-])S2(=O)=O,中毒,16.258173,10.196707,0.337594381,3.86482328
Cc1n[nH]nc1-c1cc2c(c(-c3c(Cl)cccc3Cl)c1)C(c1cc(Cl)c(OC(C)(C)C(=O)O)c(Br)c1)C(C#N)=C(N)O2,中毒,11.258624,63.104458,0.187304525,3.866058181
Cc1n[nH]nc1-c1cc2c(c(-c3c(Cl)cccc3Cl)c1)C(c1ccc(Cl)cc1)N(c1cc3c(cc1F)c(=O)c(C(=O)O)cn3-c1ccc(Cl)cc1)C2,中毒,27.866562,19.254667,0.17450566,3.86623524
Cc1n[nH]nc1C1=C2C(=O)C(c3ccc4ncsc4c3)=C(c3cc(Cl)c4[nH]c(=O)oc(=O)c4c3)C=C2N=C1,中毒,38.158894,74.43256,0.350086689,3.867284308
Cc1n[nH]nc1-c1cc(-c2c(Cl)cccc2Cl)c2c(c1)-c1c(ccc3nc(-c4cnn(C)c4)cc-3c1O)C2C(N)=O,中毒,15.146013,9.440037,0.234887887,3.867332574
Cc1n[nH]nc1-c1cc2c(c(-c3c(Cl)cccc3Cl)c1)C(c1ccc(Cl)cc1)N(c1cc3c(cn1)C(C)(C)C(=O)N3C)C2,中毒,21.903101,61.326756,0.217023781,3.867870258
Cc1n[nH]nc1C1=Cc2cc3c(C(F)(F)F)c(-c4cncc(Cl)c4F)c(C)c(C(=O)NCc4ccc5c(c4)N(C)C(=O)CC5)nc-3c2C1,中毒,56.927715,18.740925,0.199691199,3.86931164
Cc1n[nH]nc1-c1cc2c(c(-c3c(Cl)cccc3Cl)c1)C(c1ccc(Cl)cc1)Oc1cc3c(cc1-2)CCN(Cc1ccc(Cl)cc1C(F)(F)F)C3,中毒,5.3814554,20.476982,0.189863443,3.869371402
Cc1n[nH]nc1-c1cc2c#cc(-c3cnc(Nc4ccc(N(C)S(C)(=O)=O)cc4F)nc3)c(Cl)c2cc1O,中毒,11.650827,12.754685,0.277709392,3.869456431
Cc1n[nH]nc1-c1cc2c(c(-c3c(Cl)cccc3Cl)c1Oc1cc(N(C)S(C)(=O)=O)c(F)cc1C(N)=O)C(c1ccc(Cl)cc1)C2,中毒,24.942446,16.697477,0.17220361,3.869910262
Cc1n[nH]nc1-c1cc(O)c2c(Cl)c(-c3c(Cl)cccc3Cl)c3c(c2c1)CCN(C(=O)Cc1ccsc1)C3c1ccc(Cl)cc1,中毒,9.900341,12.511922,0.188397865,3.870274629
Cc1n[nH]nc1-c1cc(-c2c(Cl)cccc2Cl)c2c(c1)N(c1ccc(OC(F)(F)F)cc1P(=O)(O)O)C2c1ccc(Cl)cc1,低毒,26.901651,26.164486,0.15455751,3.870364297
Cc1n[nH]nc1-c1cc2c(c(-c3c(Cl)cccc3Cl)c1)C(c1cc(Cl)c(O)c(Cl)c1)=C1C=C(c3c(Cl)cc(C#N)c(Cl)c3F)C=C12,中毒,22.205477,12.83099,0.180566277,3.87076126
Cc1n[nH]nc1-c1cc2c(c(-c3c(Cl)cccc3Cl)c1)Oc1cc(Br)c(Cl)c(OCC(C)C(=O)O)c1CC2,中毒,29.079395,9.5266905,0.221486058,3.870904785
Cc1n[nH]nc1C1=Cc2c(c3nc(-c4c(Cl)cccc4Cl)c(-c4ccc(Cl)cc4)cc(=O)c3c3[nH]c(CC(C)(C)C(N)=O)c(Cl)c23)C1,中毒,55.567345,100.518425,0.159940296,3.870999211
Cc1n[nH]nc1-c1cc(-c2c(Cl)cccc2Cl)c2c(c1)-c1c(cc(Cl)c(=O)n1C1CC1)N(O)C2c1ccc(Cl)cc1,中毒,58.06824,18.875458,0.209212927,3.871268556
Cc1n[nH]nc1-c1cc2c(c(-c3c(Cl)cccc3Cl)c1)C(c1c(Cl)c3cccnc3c3ccccc3c1=O)N(C#N)CC2,中毒,16.74862,23.233097,0.201317829,3.871799466
Cc1n[nH]nc1-c1cc(-c2c(Cl)cccc2Cl)c2c(c1)C(c1ccc(Cl)cc1)N(N=O)C2c1ccc(Cl)cc1,中毒,29.721134,25.44873,0.205730056,3.8723778
Cc1cc(Cl)cc(NC(=O)N2Cc3c(-c4c(Cl)cccc4Cl)cc(-c4n[nH]nc4C)cc3C3CC2C3)c1,中毒,19.573008,29.064219,0.270262647,3.872472972
Cc1n[nH]nc1-c1cc(-c2c(Cl)cccc2Cl)c2c(c1)-c1c(cc(Cl)c(Cl)c1Cl)S(=O)(=O)C2c1ccc(Cl)cc1,中毒,25.93484,16.99785,0.194091802,3.872580701
Cc1n[nH]nc1-c1cc2c(c(-c3c(Cl)cccc3Cl)c1)C(c1ccc(Cl)cc1)C(c1ccc(Cl)cc1)N(c1ccc(Cl)c(Cl)c1)C2,中毒,18.721136,9.180737,0.192482095,3.872698441
Cc1n[nH]nc1-c1cc2c(c(-c3c(Cl)cccc3Cl)c1)C(c1ccc3c(c1)OCO3)C(c1ccc(Cl)cc1)N(C)C2=O,中毒,21.76295,14.630964,0.220462572,3.872702165
Cc1n[nH]nc1-c1cc2c(c(-c3c(Cl)cccc3Cl)c1)C(c1ccc(Cl)cc1)N(NCc1ccc(S(=O)(=O)NC(=O)Cc3ccccc3)c(F)c1)C2,中毒,43.69902,17.878733,0.128402492,3.873477639
Cc1n[nH]nc1-c1cc2c(c(-c3c(Cl)cccc3Cl)c1)C(c1ccc(Cl)cc1)N(c1cc3c(cn1)c(=O)c(C(=O)O)cn3C1CC1)C2,中毒,16.14284,14.878985,0.181551993,3.874272676
Cc1n[nH]nc1-c1cc2c(c(-c3c(Cl)cccc3Cl)c1)C(c1ccc(Cl)cc1)N(c1cc(Cl)c(=O)n(C3CC3)c1)CC2=O,中毒,18.457617,18.648798,0.206665706,3.874598803
Cc1n[nH]nc1-c1cc2c(c(-c3c(Cl)cccc3Cl)c1)C(c1ccc(Cl)cc1)N(c1cc(=O)c3cc(Cl)c(O)cc3oc1=O)C2,中毒,114.56375,35.270164,0.192857104,3.875360876
Cc1n[nH]nc1-c1cc(-c2c(Cl)cccc2Cl)c2c(c1)C(c1ccc(Cl)cc1)N(N(C)C)C2c1ccc(Cl)cc1,中毒,29.721134,25.44873,0.216155455,3.875409692
CC(=O)Oc1c(F)ccc(Cl)c1-c1cc(-c2n[nH]nc2C)cc2c1C(c1ccc(Cl)cc1)C(c1ccc(Cl)cc1)N2,中毒,53.47759,36.715332,0.15421263,3.875573256
Cc1n[nH]nc1-c1cc2c(c(-c3c(Cl)cccc3Cl)c1)-c1c3c(c(=O)n(Cc4cccc(Cl)c4)c(=O)c1C2)C(C)CO3,中毒,44.080845,16.279085,0.229113218,3.875685897
Cc1n[nH]nc1-c1cc2c(c(-c3c(Cl)cccc3Cl)c1P(=O)(c1ccccc1)c1ccccc1)N(c1cc(Cl)cn(C3CC(F)(F)C3)c1=O)C2=O,中毒,25.457323,18.648798,0.164646622,3.875884733
Cc1n[nH]nc1-c1cc2c(c(-c3c(Cl)cccc3Cl)c1)C(c1ccc(Cl)cc1)N(c1cc3c(cc1F)c(=O)c(C(=O)O)cn3Cc1cccc(Cl)c1)C2,中毒,13.495939,19.311916,0.166799797,3.875906368
Cc1n[nH]nc1-c1cc2c(c(-c3c(Cl)cccc3Cl)c1)-c1cc(Cl)c(O)c(Cl)c1C(NCCCNC(=N)N)CC2,中毒,13.154052,59.9247,0.075857554,3.876806651
Cc1n[nH]nc1C1=CC=C2C(c3ccc(Cl)cc3Oc3cnc(NCc4nc(C(=O)NO)co4)nc3)=NC(c3cc(Cl)cc(Cl)c3)=C21,中毒,42.59519,25.461502,0.09732726,3.877733468
Cc1n[nH]nc1-c1cc2c(c(-c3c(Cl)cccc3Cl)c1)C(c1ccc(Cl)cc1)S(=O)(=O)N(C1CCN(C(=O)C3CC3)CC1)C2=O,中毒,37.532867,42.34426,0.250736155,3.877781703
Cc1n[nH]nc1-c1cc2c(c(-c3c(Cl)cccc3Cl)c1)C(c1ccc(Cl)cc1)=N[PH](N1CC1)(N1CC1)N2,中毒,4.3104033,57.867817,0.206100142,3.877944637
Cc1n[nH]nc1-c1cc2c(c(-c3c(Cl)cccc3Cl)c1)C(c1ccc3cc(Br)ccc3c1)C(c1ccc(Cl)cc1)N(C)C2,中毒,18.622011,12.806209,0.200524648,3.879087551
Cc1n[nH]nc1-c1cc2c(c(-c3c(Cl)cccc3Cl)c1)C(c1ccc(Cl)cc1)C(c1ccc3c(c1)OCO3)N(C)C2,中毒,21.76295,9.698114,0.223294795,3.879104834
Cc1n[nH]nc1-c1cc(-c2c(Cl)cccc2Cl)c2c(n1)CN(c1cc(Cl)cn(C3CC(O)(CO)C3)c1=O)C2(c1ccc(Cl)cc1)c1ccc(Cl)cc1,中毒,11.9282465,13.489636,0.148090501,3.879208789
Cc1n[nH]nc1-c1cc2c(c(-c3c(Cl)cccc3Cl)c1)C(c1ccc(Cl)cc1)N(c1cncn3c(=O)c(C(=O)O)cnc13)C2,中毒,21.15887,11.966123,0.214320405,3.879904597
Cc1n[nH]nc1C1(c2ccc(Cl)cc2)CCN(C(=O)N2CCc3c([nH]c4cc(C(F)(F)F)ccc34)C2CC(C)(C)C)CC1,中毒,113.42025,39.91321,0.247635563,3.880305001
Cc1n[nH]nc1-c1cc2c(c(-c3c(Cl)cccc3Cl)c1)C(c1ccc(Cl)cc1)N(C(=O)CC1(c3ccc(Cl)cc3)CC1)C(N)=N2,低毒,30.055073,66.695526,0.187507749,3.880654031
Cc1n[nH]nc1-c1cc2c(c(-c3c(Cl)cccc3Cl)c1)C(c1ccc(Cl)cc1)N(c1cc3c(cc1F)c(=O)c(C(=O)O)cn3CC1CC1)C2,中毒,8.946273,14.878985,0.171068142,3.880816051
Cc1n[nH]nc1-c1cc2c(c(-c3c(Cl)cccc3Cl)c1)C(c1ccc(Cl)cc1)Oc1cc(N(C)C)c(Nc3ccnc4cc(Cl)ccc34)cc1-2,中毒,2.0602503,17.330568,0.176860939,3.881215553
COc1cc2c(N3C(=O)Cc4cc(-c5n[nH]nc5C)cc(-c5c(Cl)cccc5Cl)c4C3c3ccc(Cl)cc3)cc(Cl)cn2n1,中毒,20.5794,75.078354,0.200123618,3.881249335
Cc1n[nH]nc1C1=CC2=c3ccc(Cl)c([N+](=O)[O-])c3=C(NC(=O)c3cc(-c4c(F)cncc4Cl)ccc3Oc3cncnc3)C2=C1,中毒,42.307957,99.07858,0.184712499,3.882883457
Cc1n[nH]nc1-c1cc2c(c(-c3c(Cl)cccc3Cl)c1)C(c1ccc(Cl)cc1)N(c1cnc(OCc3ccccn3)cc1OCC1CC1)C2,中毒,41.292015,14.16903,0.151541736,3.88352176
Cc1n[nH]nc1-c1cc2c(c(-c3c(Cl)cccc3Cl)c1P(=O)(O)O)N(c1cc(Cl)cn(C3CC(O)(CO)C3)c1=O)C2=O,中毒,34.274105,18.239529,0.193950001,3.884042007
Cc1n[nH]nc1C1=CC2=C(C3CCN(S(=O)(=O)c4cnc(-c5cnn(C)c5Cl)cn4)CC3)SC2=C1,低毒,22.496492,18.38058,0.534628454,3.885560986
Cc1n[nH]nc1-c1cc(-c2c(Cl)cccc2Cl)c2c(c1)N(c1ccc(-c3cnn(C)c3)cc1F)S(=O)(=O)C2c1ccc(Cl)cc1,低毒,18.379461,18.158283,0.19710553,3.886164146
CC(=O)NC1=C(C#N)C(c2ccc(Cl)cc2)c2cc(-c3n[nH]nc3C)cc(-c3c(Cl)cccc3Cl)c2C(C(C)C)=N1,中毒,34.576008,25.557158,0.24199529,3.886541201
Cc1n[nH]nc1C1=CC2=c3ccc(Cl)c(OCCN4CCC(F)(F)CC4)c3=NC(=O)C2=C1C#Cc1ccc(N)nc1,中毒,10.490385,62.720417,0.448482983,3.887261394
Cc1n[nH]nc1-c1cc2c3c(n(-c4ccc(Cl)cc4Cl)c(=O)c2cc1F)C(c1ccc(Cl)cc1)N(c1cc(Cl)c(=O)n(C)c1)C3=O,中毒,18.641792,15.210127,0.208652855,3.88811373
Cc1n[nH]nc1C1=CC2=C3CCCN(CC4CCOCC4)CC3=C(c3cccc(C#CC(=O)N(C)C)c3)C(=O)C(=O)C2=C1,中毒,107.01131,17.028948,0.438910517,3.888422849
Cc1n[nH]nc1-c1cc2c(c(-c3c(Cl)cccc3Cl)c1)C(c1ccc(Cl)cc1)c1c(c3ccc(Cl)cc3c3ccsc13)C(N)=N2,中毒,2.3870883,39.997627,0.194306163,3.889179224
Cc1n[nH]nc1-c1cc2c(c(-c3c(Cl)cccc3Cl)c1)C(N(O)C=O)c1cc(Cl)ccc1OC(C)(C)C2,中毒,20.856373,15.287771,0.159229932,3.89048015
Cc1n[nH]nc1-c1cc2c(cc1-c1cc(Cl)ccc1F)N=C1C=C(c3ccc(S(=O)(=O)Nc4ncncn4)cc3F)C(c3cncn3C)=C12,中毒,6.5455575,9.939742,0.200318136,3.891215436
Cc1n[nH]nc1-c1cc2c(c(-c3c(Cl)cccc3Cl)c1)C(c1ccc(Cl)cc1)N(C1C(=O)N(C3CCC(=O)CC3)C1=O)C2,中毒,24.131739,25.555243,0.197216805,3.892396363
Cc1n[nH]nc1C1=C(c2cc(NC(=O)CBr)c(Cl)cc2Cl)C(c2ccc(Cl)cc2)N(C(CO)CO)C(=O)c2cc(-c3ccc(Cl)cc3)ccc21,中毒,10.328205,35.420097,0.110998293,3.892484116
Cc1n[nH]nc1-c1cc2c(c(-c3c(Cl)cccc3Cl)c1)C(C(=O)NCc1ccc(F)cc1)C(c1c(C)n(C)n(-c3ccc(F)cc3)c1=O)=N2,中毒,12.014603,28.601627,0.181610207,3.892537121
Cc1n[nH]nc1-c1cc2c(c(-c3c(Cl)cccc3Cl)c1)C(c1ccc(Cl)cc1)N(c1cc3c(cn1)c(=O)c(C(=O)O)cn3-c1ccc(Cl)cc1)C2,中毒,67.269936,20.309532,0.173757265,3.893061694
Cc1n[nH]nc1-c1ccc2c(c1)S(=O)(=O)C=C(c1cc(Cl)c(N=Nc3sc(=O)oc3C)cc1Cl)C2=O,中毒,6.9666657,50.627415,0.307507314,3.894906802
Cc1n[nH]nc1C1=Cc2c(-c3ccoc3)c3c(=O)c(C(=O)N4CCc5cc(F)ccc54)c(C(F)(F)F)c(O)cn3c21,中毒,27.714228,15.02669,0.294413378,3.89593699
Cc1n[nH]nc1-c1cc2c(c(-c3c(Cl)cccc3Cl)c1)C(c1ccc(Cl)cc1)N(c1cc3c(cn1)c(=O)c(C(=O)O)cn3C(C)C)C2,中毒,29.713947,14.878985,0.180559099,3.896739756
Cc1n[nH]nc1-c1ccc2c(n1)C(c1ccc(Cl)cc1)N(c1cc(Cl)cn(C3CC(O)(CO)C3)c1=O)C2=O,中毒,10.149779,12.110745,0.34439471,3.897498544
Cc1n[nH]nc1-c1cc(-c2c(Cl)cncc2Cl)c2c(c1)-c1c(cc(Cl)c(O)c1Cl)N(C(=O)OCc1ccccc1)C2c1ccc(Cl)cc1,中毒,61.920944,92.28726,0.182531989,3.89817007
Cc1n[nH]nc1-c1cc(-c2c(Cl)cccc2Cl)c2c(c1)-c1c(ccc(-c3cnn(-c4ccc(Cl)cn4)c3)c1Br)OC2c1ccc(Cl)cc1,中毒,6.8696275,23.782024,0.188303386,3.898549688
Cc1n[nH]nc1C1=CC2=C(C(c3c(Cl)cccc3Cl)=c3c(OCc4ccc(-c5ccsc5)cc4)ncnc3=C1C#N)C(C)(C)CN2,中毒,33.227478,40.396843,0.217030812,3.898786708
Cc1n[nH]nc1C1=CC=C2C1=NC(c1ccc3c(n1)-c1cc4c(F)cccc4n1CO3)=C2c1cnn(C)c1,中毒,7.355731,18.318035,0.385714771,3.899858212
Cc1n[nH]nc1-c1cc2c(c(-c3c(Cl)cccc3Cl)c1)C(c1ccc(Cl)cc1C(=O)N1CCOC(CO)C1)C2,中毒,50.069996,15.963977,0.303978773,3.900050149
Cc1n[nH]nc1C1=C(F)C=C2C(=O)C(C(=O)O)=CN=C21,低毒,8.608463,14.303917,0.772502067,3.900541809
Cc1n[nH]nc1C1=C(CC(=O)OCC(=O)Nc2nccs2)C2=C(c3c(Cl)cccc3Cl)c3c(nn(Cc4c(F)cc(F)c(F)c4F)c3N)C2=C1,中毒,38.768547,14.590619,0.066999741,3.90096588
Cc1n[nH]nc1-c1cc2c(c(-c3c(Cl)cccc3Cl)c1)C(c1ccc3c(c1)OCO3)C(P(=O)(O)O)=CC2,中毒,31.163187,37.24872,0.255191711,3.902507049
Cc1n[nH]nc1-c1cc2c(c(-c3c(Cl)cncc3Cl)c1)C(c1ccc(Cl)cc1)(c1ccc(Cl)cc1)N(c1cc(Cl)cn(C3CC(O)(CO)C3)c1=O)C2,低毒,9.036046,9.912456,0.148090501,3.902923647
Cc1n[nH]nc1-c1cc(-c2c(Cl)cccc2Cl)c2c(c1)C(c1ccc(Cl)cc1)N(Cc1ccc(C(F)(F)F)cc1)C2c1cccc(Cl)c1,中毒,17.80508,18.029026,0.186030899,3.903372673
Cc1n[nH]nc1-c1cc2c(c(-c3c(Cl)cccc3Cl)c1)C(c1ccc(Cl)cc1)N(OC1CC(O)(CO)C1)C2,中毒,18.630539,15.042557,0.257764767,3.903560821
Cc1n[nH]nc1C1=C(F)C=C2C(=O)C(C(=O)Nc3cc(Cl)c4c(c(C(=O)O)cn4C4CC4)c3F)=C(F)C=C21,中毒,32.17651,13.503714,0.394518127,3.903749576
Cc1n[nH]nc1-c1cc2c(c(-c3c(Cl)cccc3Cl)c1)C(c1ccc(Cl)cc1)N(NC(=O)NC1CC(O)(CO)C1)C2,中毒,34.873985,30.099482,0.197950292,3.904354843
Cc1n[nH]nc1-c1cc2c(c(-c3c(Cl)cccc3Cl)c1)C(C(=O)N1CCC(c3cc4c(cc3F)c(=O)c(C(=O)O)cn4C3CC3)CC1)C2,中毒,6.1933956,13.75741,0.193693812,3.904390914
Cc1n[nH]nc1-c1cc2c(c(-c3c(Cl)cccc3Cl)c1)C(c1ccc(Cl)cc1)N(c1cc(Cl)cn3c(=O)c(C(=O)O)c(C)c-3c1)CC2,中毒,9.5269375,31.0911,0.185935455,3.904762134
Cc1n[nH]nc1-c1cc2c(c(-c3c(Cl)cccc3Cl)c1)C(c1ccc(Cl)cc1)N(c1cc3oc4c(Cl)cc(Cl)cc4c(=O)c3cn1)C2,中毒,66.32168,38.073864,0.182278118,3.905159295
Cc1n[nH]nc1-c1cc2c(c(-c3c(Cl)cccc3Cl)c1)C(c1ccc(Cl)cc1)N(c1cc3ccccc3s1)C(C)C2,中毒,23.12036,40.45542,0.214584697,3.905668329
Cc1n[nH]nc1-c1cc2c(c(-c3c(Cl)cccc3Cl)c1)C(c1ccc(Cl)cc1)N(c1cc(Cl)cn(C3CCN(C(=O)c4ccc(F)cc4)CC3)c1=O)C2,中毒,15.932488,9.91435,0.181715582,3.906806662
Cc1n[nH]nc1C1=Cc2cc(-c3c(Cl)cccc3Cl)c3nc(-c4cn[nH]c4)c(-c4cnc(N(C)CC#N)c(F)c4)c(-c4ccc(Cl)cc4)c3c21,中毒,10.24136,47.607944,0.157468786,3.906897851
Cc1n[nH]nc1-c1cc(-c2c(Cl)cccc2Cl)c2c(c1)-c1c(Cl)nc(-c3cnc4ccc(Br)cc4c3)c(=O)n1C2c1ccc(Cl)cc1,中毒,46.653557,19.941713,0.192961391,3.906949995
Cc1n[nH]nc1-c1cnc2c(c1)CN(C(=O)NCC1CCCO1)C(CN(C)C)C2,中毒,30.975132,31.69459,0.787481671,3.908636334
Cc1n[nH]nc1-c1cc(-c2c(Cl)cccc2Cl)c2c(c1)C(C)(C)C2c1ccc(N2CC(C)(C)OC2=O)c(Cl)c1,中毒,14.926175,61.543922,0.262010492,3.908669667
Cc1n[nH]nc1C1=C(F)C=C2C(=O)C(Br)=C(c3cnn(S(=O)(=O)c4cccs4)c3)C=C21,中毒,7.494668,12.142095,0.56374531,3.909979035
CC1=Nc2cc(N3Cc4cc(-c5n[nH]nc5C)cc(-c5c(Cl)cccc5Cl)c4C3c3ccc(Cl)cc3Cl)c(F)cc2C1=O,中毒,8.471948,20.239634,0.210155384,3.910519845
Cc1n[nH]nc1-c1cc(-c2c(Cl)cccc2Cl)c2c(c1)C(c1ccc(Cl)cc1)N(C#N)C2c1ccc(Cl)cc1,中毒,35.36153,21.655012,0.211940163,3.910671771
Cc1n[nH]nc1-c1cc2c(c(-c3c(Cl)cccc3Cl)c1)C(c1ccc(Cl)cc1)N(c1cc(Cl)cn(C3CC(C(=O)O)C3)c1=O)C2,中毒,9.036046,9.912456,0.18677838,3.910908077
Cc1n[nH]nc1-c1cc2c(c(-c3c(Cl)cccc3Cl)c1)CN(c1cc(Cl)ccc1F)C(Cc1ccc(Cl)cc1)C1=C(C2)C(=O)OC1,中毒,6.1343675,33.988857,0.185952574,3.911156345
Cc1n[nH]nc1C1=CC2=C(C3CCOC3=O)N(c3ccc(-c4ccc(S(=O)(=O)NC(=O)C5CC5)cc4)cc3)C(=O)C2=C1,中毒,18.710558,9.114193,0.402670489,3.911471805
Cc1n[nH]nc1-c1cc2c(c(-c3c(Cl)cccc3Cl)c1)C(c1ccc3c(c1)OCO3)C(c1ccc(Cl)cc1)N(c1ccc(Cl)cc1)C2=O,中毒,26.265089,9.331676,0.192351357,3.911541933
Cc1n[nH]nc1-c1cc2c(c(-c3c(Cl)cccc3Cl)c1)C(c1ccc(Cl)cc1)N(c1cncn3nc(C)c(Cl)c13)C2,中毒,29.391914,13.127577,0.213725248,3.911713578
Cc1n[nH]nc1-c1cc2c(c(-c3c(Cl)cccc3Cl)c1)C(c1ccc(Cl)cc1)N(N)c1cc(-c3ccoc3)sc1-2,低毒,60.193287,58.141415,0.196029249,3.912196711
Cc1n[nH]nc1C1=Cc2c(Sc3ccc(Cl)c(Cl)c3Cl)nc(Cl)c3ncc(-c4cnc(O)nc4)c-3c21,中毒,9.541816,16.933306,0.21996057,3.912501001
Cc1n[nH]nc1C1=C(O)c2cc(Cl)c(Cl)cc2-c2c(C3=C(O)C(=O)N(CCF)C3=O)c(F)c(F)c3c(=O)c(C(=O)O)cn1c23,中毒,10.019687,13.503714,0.230630765,3.91314139
Cc1n[nH]nc1-c1cc(-c2c(Cl)cccc2Cl)c2c(c1)N(c1cc(Cl)cn(C3CC(C)(O)C3)c1=O)C2c1ccc(Cl)cc1,低毒,7.3055263,16.023859,0.19865073,3.913360386
Cc1n[nH]nc1-c1cc(-c2c(Cl)cccc2Cl)c2c(c1)-c1c(cc(C(F)(F)F)cc1C(F)(F)F)CN(C)C2c1ccc(Cl)c2ccccc12,低毒,12.204378,35.54301,0.184375616,3.913423817
Cc1n[nH]nc1-c1cc(-c2c(Cl)cccc2Cl)c2c(-c3cccnc3)c(-c3cc(Cl)cs3)n(-c3cc(Cl)cn(C4CC(O)(CO)C4)c3=O)c(=O)c2c1,中毒,8.121085,13.128179,0.14748526,3.913498884
Cc1n[nH]nc1C1CCN(C(=O)c2cc3n(n2)C(C)(C)c2cc(C(N)=O)c(-c4cc(Cl)cc(Cl)c4)cc2-3)C1,中毒,5.7514596,17.211708,0.378935627,3.913695932
Cc1n[nH]nc1-c1cc2c(c(-c3c(Cl)cccc3Cl)c1)C(c1ccc(Cl)cc1)N(c1cc3c(cn1)c(=O)c(C(=O)O)cn3CC1CC1)C2,中毒,15.407666,14.878985,0.172285282,3.913870183
Cc1n[nH]nc1-c1cc2c(c(-c3c(Cl)cccc3Cl)c1)C(c1ccc(Cl)cc1)N(N(COC(=O)c1cccs1)c1ccc(Cl)cc1)C2,中毒,83.62968,57.146935,0.124635643,3.914213975
Cc1n[nH]nc1C1(c2ccc(Cl)cc2)CCn2c(-c3cn[nH]c3)cnc2C1=O,中毒,93.79332,23.57901,0.556377117,3.914392667
Cc1n[nH]nc1-c1cc2c(c(-c3c(Cl)cccc3Cl)c1)C(c1ccc(Cl)cc1)c1c(cc3c(-c4ccco4)noc3c1Cl)C2,中毒,67.59201,21.258816,0.203599148,3.915417665
Cc1n[nH]nc1-c1cc2c(c(-c3c(Cl)cccc3Cl)c1)C(n1cnc3c(NCc4ccc(N5CCN(C)CC5)c(Cl)c4)ncnc3c1=O)C2,中毒,11.991352,10.98179,0.193271806,3.916768808
Cc1n[nH]nc1-c1cc2c(c(-c3c(Cl)cccc3Cl)c1)C(c1ccc(Cl)cc1)Oc1cc(N(C)C(=O)CC(C)(C)C(=O)O)c(Cl)cc1-2,中毒,49.80274,53.80313,0.174232031,3.91698151
Cc1n[nH]nc1-c1cc(-c2c(Cl)cccc2Cl)c2c(c1)-c1c(Oc3ccc(Cl)cc3)nc(-c3cnc4ccccc4c3)c(=O)n1C2c1ccc(Cl)cc1,中毒,16.336246,18.684507,0.180610489,3.917223527
Cc1n[nH]nc1-c1cc(-c2c(Cl)cccc2Cl)c2c(c1)C(c1ccc(Cl)cc1)N(NC(N)=O)C2c1ccc(Cl)cc1,中毒,90.26085,25.44873,0.18390594,3.918156147
Cc1n[nH]nc1C1=CC2=CC(c3cnc(Nc4ccc(N5CCN(C(=O)CO)C5=O)cn4)cc3Oc3ccc(Cl)cc3F)=C(F)C2=N1,中毒,5.943091,14.778015,0.23380733,3.918575397
Cc1n[nH]nc1-c1cc(-c2c(Cl)cccc2Cl)c2c(c1)-n1c(cc3c(c1=O)COC3)N(c1ccc(Cl)cc1)C2c1ccc(Cl)cc1,中毒,29.69129,25.285788,0.199953078,3.918949219
Cc1n[nH]nc1C1=C(F)C=C2C(=O)C(C(=O)O)=C(OC3CC3)N=C21,中毒,11.205136,21.555067,0.801897257,3.918991545
Cc1n[nH]nc1-c1cc(-c2c(Cl)cccc2Cl)c2c(c1)C(c1ccc(-c3ccco3)cc1)N([O])C2c1ccc(Cl)cc1,中毒,40.08035,21.655012,0.210297212,3.919378637
Cc1n[nH]nc1C1=C(C(=O)N2CCC(c3cnc(C(F)(F)F)nc3-c3cncnc3)CC2)C(c2cc(Cl)cc(Cl)c2Oc2cncnc2)=C1F,中毒,44.4895,15.95398,0.177273085,3.919420533
Cc1n[nH]nc1-c1cc2c(c(-c3c(Cl)cccc3Cl)c1)C(c1ccc(Cl)cc1)N(C1=COC(C)(C)C1)C2,中毒,34.72746,22.710617,0.276823247,3.919543092
Cc1n[nH]nc1C1=CC(F)=C2C(=O)C(c3c(O)nc4c(F)cc(F)cc4c3Cl)=CN=C12,中毒,60.856155,12.245858,0.623051533,3.919632147
Cc1n[nH]nc1-c1cc2c(c(-c3c(Cl)cccc3Cl)c1)C(c1ccc(Cl)cc1)(c1ccc(Cl)c(N(C)C(=O)c3ccsc3)c1)C2,中毒,22.110231,32.19825,0.189307881,3.920670302
Cc1n[nH]nc1-c1cnc2c(c1)C(c1ccc(Cl)cc1)N(c1cc(Cl)cn(C3CC(O)(CO)C3)c1=O)C2=O,中毒,52.723274,26.588243,0.34439471,3.921543827
Cc1n[nH]nc1-c1cc(-c2c(Cl)cccc2Cl)c2c(c1)-c1c(cc(Cl)c(OCCCN3CCOCC3)c1Cl)N(O)C2c1ccc(Cl)cc1,中毒,24.407827,33.998325,0.153071923,3.921803207
Cc1n[nH]nc1-c1cc(-c2c(Cl)cccc2Cl)c2c(c1)C(c1ccc(Cl)cc1)N(Cc1ccc3c(c1)OCCO3)C2c1ccc(Cl)cc1,中毒,17.80508,23.758667,0.186139256,3.923175705
Cc1n[nH]nc1C(=O)N1CCC(C(=O)NCc2ccc(C#N)c(Cl)c2)C1c1cc(F)c(F)cc1-c1cncnc1,中毒,3.5068638,26.741228,0.363015455,3.923207105
Cc1n[nH]nc1-c1cc2c(c(-c3c(Cl)cccc3Cl)c1)C(c1ccc(Cl)cc1)N(C1CC(O)(CO)C1)c1cc(Cl)c(O)cc1-2,中毒,30.598618,92.28726,0.15051036,3.923222372
Cc1n[nH]nc1-c1cc2c(c(-c3c(Cl)cccc3Cl)c1)C(c1ccc(Cl)cc1Cl)N(c1cc(=O)c(C(=O)O)cn1C1CC1)C2,中毒,10.108114,11.092264,0.188718976,3.924521434
Cc1n[nH]nc1-c1cc2c(c(-c3c(Cl)cccc3Cl)c1)CC(c1ccc(C#N)c(=O)c3occc13)N(C)C2,中毒,65.843445,25.239931,0.281009987,3.925141602
CC(=O)N1c2c(cc(Br)c(O)c2Br)CC1c1n[nH]nc1C,中毒,23.022354,110.57886,0.749455497,3.927420376
Cc1n[nH]nc1-c1cc2c(c(-c3c(Cl)cccc3Cl)c1)C(c1ccc(Cl)cc1)N(c1cc(Cl)cn3c(=O)c(C(=O)O)c(C)c-3c1)C2,中毒,9.5269375,29.056448,0.187466678,3.927657513
Cc1n[nH]nc1-c1cc2c(c(-c3c(Cl)cccc3Cl)c1)C(c1ccc3c(c1)OCO3)N(Cc1ccc(-c3ccc(Cn4cncn4)nc3)cc1)C(=O)C2,中毒,9.91551,27.155842,0.167099128,3.927998666
Cc1n[nH]nc1-c1cc2c(c(-c3c(Cl)cccc3Cl)c1)C(c1ccc(Cl)cc1)Nc1cc(Cl)c(C#Cc3ccc(S(C)(=O)=O)cc3F)cc1-2,中毒,18.464554,18.936367,0.175400636,3.929377924
Cc1n[nH]nc1-c1cc2c(c(-c3c(Cl)cccc3Cl)c1)C(c1ccc(Cl)cc1)Oc1cc(NS(C)(=O)=O)c(F)c([N+](=O)[O-])c1C2,中毒,23.722162,47.0098,0.136527401,3.931774433
Cc1n[nH]nc1-c1c(P(=O)(O)c2ccc(Cl)cc2)c(C(C)C)c2c(=O)c(C(=O)O)cn(C3CC3)c2c1F,中毒,36.036247,16.876019,0.308168514,3.931900785
Cc1n[nH]nc1-c1cc2c(c(-c3c(Cl)cccc3Cl)c1)C(c1ccc(Cl)cc1)C(c1ccc(Cl)cc1)N(N)N2,中毒,6.777034,112.15878,0.18152137,3.931934973
Cc1n[nH]nc1-c1cc2c(c(-c3c(Cl)cccc3Cl)c1)C(c1ccc(Cl)cc1)C(c1ccccc1)(c1ccc(Cl)cc1F)N2,中毒,5.3152065,132.48941,0.1935661,3.931966876
Cc1n[nH]nc1-n1c2c(c(=O)n(Cc3ccc(F)cc3)c1=O)C(c1c[nH]c3cc(Br)ccc13)Nc1cc(Cl)nnc1-2,中毒,8.713354,32.20906,0.259877731,3.933852039
Cc1n[nH]nc1C1=NC(c2c(Cl)cccc2Cl)=C(c2cc(Cl)ccc2OC(COc2ccc(S(N)(=O)=O)c(F)c2)C(C)C)C1=O,中毒,28.444283,30.025965,0.198600399,3.934331933
Cc1n[nH]nc1C1=CC2=C(C3CCN(S(=O)(=O)c4cccc(S(=O)(=O)c5cc(F)cc(F)c5)c4C4CCOCC4)CC3)C(C(F)(F)F)=NC2=C1,中毒,4.155876,9.886435,0.302819202,3.934352913
Cc1n[nH]nc1C1(c2cc(NC(=O)c3cc(-c4ncccn4)c(Cl)cc3Cl)ccc2F)CC(F)(F)C(N)=N1,中毒,53.967606,14.184218,0.317177746,3.934354132
Cc1n[nH]nc1-c1cc2c(c(-c3c(Cl)cccc3Cl)c1)C(c1ccc(Cl)cc1)N(c1cnc(Cl)c3cc(F)c(F)cc13)C(=O)C(C)(C)C2,中毒,25.724848,19.422438,0.183856161,3.934539625
Cc1n[nH]nc1-c1cc2c(c(-c3c(Cl)cccc3Cl)c1)C(c1ccc3c(c1)OCO3)C(c1ccc(Cl)cc1)N(c1ccc(Cl)cc1)C2,中毒,26.265089,9.331676,0.194011734,3.934566834
Cc1n[nH]nc1-c1cc2c(c(-c3c(Cl)cccc3Cl)c1)C(c1ccc(Oc3ccc(F)cc3)cc1)(C(F)F)Oc1ccc(Oc3ccc(C#N)cc3)cc1-2,中毒,23.930855,86.77501,0.165730511,3.934841417
Cc1n[nH]nc1-c1cc2c(c(-c3c(Cl)cccc3Cl)c1)C(c1ccc(Cl)cc1)N(c1cc(Cl)cn3nc(N4CCOCC4)nc13)C2,中毒,7.018976,28.15166,0.195773625,3.935017966
Cc1n[nH]nc1-c1cc2c(c(-c3c(Cl)cccc3Cl)c1)C(c1ccc(Cl)cc1Cl)Oc1cc(N(C)CC(C)(C)N)c(Cl)cc1-2,中毒,8.882048,17.775255,0.185798036,3.935693175
Cc1n[nH]nc1-c1cc2c(c(-c3c(Cl)cccc3Cl)c1)C(C(F)(F)C(N)=O)=C1C=C(Cl)C(Oc3ccc(S(=O)(=O)Nc4cncnc4)cc3F)=C12,中毒,30.181204,21.906878,0.140472734,3.935853888
Cc1n[nH]nc1-c1cc2c(c(-c3cc(S(=O)(=O)Cl)ccc3Cl)c1C(=O)Nc1cc(Cl)cn(C3CC(O)(CO)C3)c1=O)C(F)(F)C2,中毒,21.268074,17.404646,0.199594487,3.936784649
Cc1n[nH]nc1-c1cc(-c2c(Cl)cccc2Cl)c2c(c1)N(c1cncc(Cl)c1)C(c1ccc(Cl)cc1)C2c1ccc(Cl)cc1,低毒,5.05958,26.015821,0.197295687,3.93681303
Cc1n[nH]nc1-c1cc(-c2c(Cl)cccc2Cl)c2c(c1)C(c1ccc(Cl)cc1)N(c1ccoc1)C2c1ccc(Cl)cc1,中毒,35.212917,26.957453,0.205573077,3.93701589
Cc1ccc(N2C(=O)C3=C(Oc4cc(N5CCOCC5)c(F)cc4F)C(=O)C(c4n[nH]nc4C)=CC3=C2c2cnn3ncc(I)c3c2)cc1,中毒,8.54394,20.66985,0.238694987,3.937279612
Cc1n[nH]nc1C1(c2ccc(-c3nc4cc(-c5cc(F)c(Cl)c(Cl)c5)ccc4o3)cc2)CCN1C(=O)C=Cc1cc(Cl)cc(Cl)c1,中毒,21.51834,20.805506,0.138772592,3.937489405
Cc1n[nH]nc1-c1cc2c(c(-c3c(Cl)cccc3Cl)c1)C(=O)C(C#N)=C1C=C(C#Cc3ccc(N4CCOCC4)cc3OC3CCOCC3)C=C12,中毒,11.754225,31.837196,0.211031953,3.937888843
Cc1n[nH]nc1-c1cc(-c2c(Cl)cccc2Cl)c2c(c1)C(c1ccc(O)c(O)c1)C(C#N)=C(N)N=C2c1ccc2c(c1)OCO2,中毒,28.883423,42.96172,0.160889426,3.93799422
Cc1n[nH]nc1-c1cc2c(c(-c3c(Cl)cccc3Cl)c1)C(c1ccc(Cl)cc1)N(Cc1csc(C3(C#N)CC3)c1)C2,中毒,1.5375062,40.34558,0.206556038,3.938560915
Cc1n[nH]nc1-c1cc2c(c(-c3c(Cl)cccc3Cl)c1)C(c1ccc(Cl)cc1)N(c1cc(Cl)cn3nc(Cl)c(Cl)c13)C(=O)CC2,中毒,17.27492,17.232428,0.197011212,3.939603759
Cc1n[nH]nc1-c1cc2c(c(-c3c(Cl)cccc3Cl)c1)C(c1ccc(Cl)cc1)N(c1cc(=O)c(C(=O)O)c(C)c3ccsc13)C2,中毒,18.873613,32.975136,0.189445266,3.94022411
Cc1n[nH]nc1-c1cc(-c2c(Cl)cccc2Cl)c2c(c1)C(C)(C)Oc1c(Cl)cccc1C2N(O)F,中毒,40.828213,15.287771,0.208434301,3.940977641
Cc1n[nH]nc1-c1cc(-c2c(Cl)cccc2Cl)c2c(c1)N1C(=O)NC(c3ccc(Cl)cc3)(c3ccc(Cl)cc3)C21c1ccc(Cl)cc1,中毒,38.938683,28.015333,0.186470648,3.941219226
Cc1n[nH]nc1-c1cc2c3c(c(Cl)ccc3c1)C(c1ccc(Cl)cc1)N(c1cc(Cl)cn(C3CC(O)(CO)C3)c1=O)C2=O,中毒,6.339412,19.778664,0.221959144,3.942553847
Cc1n[nH]nc1-c1cc2c(c(-c3c(Cl)cccc3Cl)c1)C(c1ccc(Cl)cc1)N(c1cc(Cl)cn3c(=O)c(C(=O)O)cc(C4CC4)c13)C2,中毒,14.0745,45.14306,0.178092989,3.942826812
Cc1n[nH]nc1-c1cc2c(c(-c3c(Cl)cccc3Cl)c1)C(c1cc3cc(Br)ccc3nc1OCCC1CCN(C(CO)CO)CC1)C2,中毒,8.603043,13.430216,0.135725453,3.944086796
Cc1n[nH]nc1-c1cc2c(c(=O)[nH]1)C(c1ccc(Cl)cc1)N(c1cc(Cl)cn(C3CC(O)(CO)C3)c1=O)C2=O,中毒,6.3808517,18.315401,0.287928454,3.944461975
Cc1n[nH]nc1-c1cc2c(c(-c3c(Cl)cccc3Cl)c1)C(c1ccc3c(c1)OCO3)N(C1CC(F)(F)C1)C(=O)c1cc(Cl)c(F)cc1-2,中毒,13.737478,15.3558445,0.202587263,3.944556189
Cc1n[nH]nc1-c1cc2c(c(-c3c(Cl)cccc3Cl)c1)C(c1ccc(Cl)cc1)N(c1ccc(Cl)cc1F)c1cc3c(cc1-2)C(c1ccc(Cl)cc1)=NC3,中毒,7.4792395,23.708075,0.188755457,3.944766364
Cc1n[nH]nc1-c1cc2c(c(-c3c(Cl)cccc3Cl)c1)C(c1ccc(Cl)cc1)N(C1=CCN(S(=O)(=O)c3c(F)cccc3F)C1)C2,中毒,8.279697,9.128274,0.193547418,3.945586185
Cc1n[nH]nc1-c1cc2c(c(-c3c(Cl)cccc3Cl)c1)C(c1ccc(Cl)cc1)c1c(cnn3c(C)c(-c4ccsc4)cc13)C2,中毒,6.859356,18.064322,0.205831812,3.946205188
Cc1n[nH]nc1-c1cc2c(c(-c3c(Cl)cccc3Cl)c1)C(c1ccc(C#N)cc1)N(c1cc(Cl)cn3c(=O)c(C(=O)O)cnc13)C2,中毒,14.1086855,19.183922,0.198382976,3.946299795
Cc1n[nH]nc1C1=CC2=C(O)C(C(=O)NC3CCN(C)CC3)=C(c3cc(Cl)ccc3OC(=O)NC(C)c3ccc(F)cc3)C2=C1,中毒,28.867126,38.424625,0.268361626,3.946507211
Cc1n[nH]nc1-c1cc2c(Cl)cc(Cl)c3c(c-2c1C)c(=O)c(C(=O)O)cn3C1(C)CO1,中毒,9.851475,10.783679,0.443925902,3.947016115
Cc1n[nH]nc1-c1cc2c3c(c(F)ccc3c1)C(c1ccc(Cl)cc1)N(c1cc(Cl)cn(C3CC(O)(CO)C3)c1=O)C2=O,中毒,3.826307,18.968138,0.243570421,3.947428847
Cc1n[nH]nc1-c1cc(-c2c(Cl)cccc2Cl)c2c(c1)C(C)(c1ccc(Cl)c(Cl)c1)N(O)C2c1ccc(Cl)cc1,中毒,28.325994,13.503473,0.207527333,3.947564466
Cc1n[nH]nc1-c1cc2c(c(-c3c(Cl)cccc3Cl)c1)C(c1ccc(Cl)cc1)c1cc3c(-c4ccc(F)cc4)c(C(=O)O)c(=O)n-3ncc1C2,中毒,15.849434,16.58275,0.18341889,3.948305944
Cc1n[nH]nc1-c1cc2c(c(-c3c(Cl)cccc3Cl)c1)C(c1ccc(S(=O)(=O)N3CC(C)(C)N([O])C(C)(C)C3)c(Cl)c1)C2,中毒,4.7096696,21.258816,0.242238825,3.948312107
Cc1n[nH]nc1-c1cc2c(c(-c3c(Cl)cccc3Cl)c1)C(c1ccc(Cl)cc1)C(c1ccc(Cl)cc1)N(Cl)N2,中毒,5.2633877,44.38622,0.197726134,3.948429359
Cc1n[nH]nc1-c1cc(-c2c(Cl)cccc2Cl)c2c(c1)C(c1ccc(S(=O)(=O)Nc3nccs3)cc1F)N(Cc1cc(Cl)ccc1CO)C2,中毒,94.02761,26.337507,0.135457201,3.948471908
COc1ccc(Cl)cc1C1=N[PH](N2CC2)(N2CC2)N(C)Cc2cc(-c3n[nH]nc3C)cc(-c3c(Cl)cccc3Cl)c21,中毒,9.018613,116.79123,0.188436006,3.948723344
Cc1cc(N2Cc3cc(-c4n[nH]nc4C)cc(-c4c(Cl)cccc4Cl)c3C2c2ccc(Cl)cc2)c(=O)c2ncc(C(=O)O)c(=O)n2c1,中毒,34.867516,55.36613,0.200478303,3.949319476
Cc1n[nH]nc1-c1cc(-c2c(Cl)cccc2Cl)c2c(c1)C(CO)N(c1ccc(C#N)cc1F)C2c1ccc(Cl)cc1,中毒,15.909179,17.550116,0.211826521,3.950675511
Cc1n[nH]nc1C1=C(F)C=C2C(=O)C(C(=O)NCCOc3ccc(Cl)cc3F)=C(c3cc4cc(P(=O)(O)O)cnc4cn3)C=C21,中毒,17.37467,42.450012,0.125110877,3.950713797
Cc1n[nH]nc1-c1cc(-c2c(Cl)cccc2Cl)c2c(c1)C1C(=O)N(c3ccc(Cl)cc3)C(c3ccc(Cl)cc3)(c3ccc(Cl)cc3)N=C21,中毒,9.395252,25.171097,0.191989532,3.951132797
Cc1n[nH]nc1-c1cc2c(c(-c3c(Cl)cccc3Cl)c1)C(c1ccc(Cl)cc1)N(c1cc(C(=O)O)cn3nc(C4CC4)cc13)C2,中毒,41.774292,31.0911,0.18618731,3.951223787
Cc1n[nH]nc1-c1cc(-c2c(Cl)cccc2Cl)c2c(c1)C(c1ccc(C(F)(F)F)cc1)C(c1cccc(Cl)c1Cl)OC2,中毒,22.070484,14.152756,0.21090202,3.951641552
Cc1n[nH]nc1-c1cc2c(c(-c3c(Cl)cccc3Cl)c1)C(c1ccc(Cl)cc1)N1N=C(c3ccc(Cl)cc3)C1CO2,中毒,32.845215,12.263299,0.218335747,3.951852292
Cc1n[nH]nc1-c1cc2c(c(-c3c(Cl)cccc3Cl)c1)C(c1ccc(Cl)cc1)N(C1=CC(=O)N(C3CCC(O)CC3)C1=O)C2,中毒,16.179468,19.548931,0.229198916,3.952454012
Cc1n[nH]nc1C1CC(c2ccc(Cl)cc2)N(c2ccc(Cl)cc2)C1c1ccc(C#N)c(C(F)(F)F)c1,中毒,23.27601,39.76485,0.285979748,3.95280501
Cc1n[nH]nc1-c1cc2c(c(-c3c(Cl)cccc3Cl)c1)C(c1ccc(Cl)cc1)N(c1cc(Cl)cn3nc(C(=O)O)c(Cl)c13)C2,中毒,18.990976,27.265347,0.187956181,3.953586583
Cc1n[nH]nc1-c1cnc2c(c1)C(c1cccc(Cl)c1)N(c1cc(Cl)cn(C3CC(O)(CO)C3)c1=O)C2=O,中毒,52.723274,26.588243,0.34439471,3.953924234
Cc1n[nH]nc1C1=CC2=C(C3CCN(C(=O)NC(C)(C)c4cc(C#N)nc5ccc(F)cc45)CC3)C(c3ccc(-c4ccco4)cn3)=CC2=C1,中毒,14.099227,25.161268,0.193015842,3.953966402
Cc1n[nH]nc1-c1cc2c(n1-c1ccc(Cl)cc1F)C(c1ccc(Cl)cc1)N(N(C)C)C2c1ccc(Cl)cc1,中毒,26.57514,17.421988,0.231733462,3.95396908
Cc1n[nH]nc1-c1cc2c(c(-c3c(Cl)cccc3Cl)c1)C(c1ccc(Cl)cc1)NS(=O)(=O)C(C)(C)c1ccc(C(C)(C)C)cc1-2,中毒,21.30231,73.65998,0.198824352,3.954290494
COc1nc(N2Cc3cc(-c4n[nH]nc4C)cc(-c4c(Cl)cccc4Cl)c3C2)c([N+](=O)[O-])c(OC(C)C(=O)O)c1Cl,中毒,17.92236,22.4871,0.17463533,3.95623855
Cc1n[nH]nc1-c1cc2c(c(-c3c(Cl)cccc3Cl)c1)C(c1ccc(Cl)cc1)N(c1cc(Cl)cn(C3CC(N(C)C)C3)c1=O)C(=O)C2,中毒,25.650932,18.648798,0.192496015,3.957975564
Cc1n[nH]nc1-c1cc2c(c(-c3c(Cl)cccc3Cl)c1)C(c1ccc(Cl)cc1)N(c1cc(C#N)cc(C3(O)CCC(O)CC3)c1)C2,中毒,20.19443,45.36558,0.173033826,3.958021877
Cc1n[nH]nc1-c1cc(-c2c(Cl)cccc2Cl)c2c(c1)N(c1ccc3c(c1)OCC3)C(c1ccc(Cl)cc1)C2c1ccc(Cl)cc1,中毒,17.69564,15.737156,0.196428728,3.958129981
COc1c(N2Cc3cc(-c4n[nH]nc4C)cc(-c4c(Cl)cccc4Cl)c3C2c2ccc(Cl)cc2F)cc(Cl)c2ncsc12,中毒,19.962755,20.171299,0.197743535,3.958191697
Cc1n[nH]nc1-c1cc2c(c(-c3c(Cl)cccc3Cl)c1)CC(c1ccc(Cl)cc1)N(c1cc(Cl)cn(C3CC(C)(O)C3)c1=O)C2=O,中毒,39.76092,19.79431,0.19285059,3.958223946
Cc1n[nH]nc1C1(c2ccc(Cl)cc2F)CN(c2cc(-c3cc4n(n3)CCN(C3COC3)C4)c(=O)c3cc(S(=O)(=O)NCC(F)F)ccc3n2)C1,中毒,6.774381,35.05239,0.230581366,3.958303238
Cc1n[nH]nc1-c1cc2c(o1)C(c1ccc(Cl)cc1)N(c1cc(Cl)cn(C3CS(=O)(=O)C3)c1=O)C2=O,中毒,13.402883,24.014807,0.414219538,3.958740334
Cc1n[nH]nc1C1=Cc2c1cc1c(Br)c3c(N)nc(-c4cc5scnc5cc4Cl)c-3cc(-c3cnc(N)nc3)c(C(N)=O)c2-1,中毒,31.904373,15.273648,0.171830589,3.959081895
Cc1n[nH]nc1C1=CC(c2c(Cl)cccc2Cl)=C2C=C(c3nnc(SC(=O)N4CC(F)(F)C4)n3C)C=C12,中毒,28.750647,21.046412,0.418912798,3.959884473
Cc1n[nH]nc1-c1cc2c(c(-c3c(Cl)cccc3Cl)c1)C(c1ccc(Cl)cc1)N(c1cc3c(cc1F)c(=O)c(C(=O)O)cn3C1CCOCC1)C2,中毒,10.550047,16.854969,0.175063352,3.960963233
Cc1n[nH]nc1-c1cc2c(c(-c3c(Cl)cccc3Cl)c1)C(c1ccsc1)N(c1cc3c(cc1F)c(=O)c(C(=O)O)cn3C1CC1)C2,中毒,8.946273,14.878985,0.184230176,3.961498611
Cc1n[nH]nc1-c1cc2c(c(-c3c(Cl)cccc3Cl)c1)C(c1ccc(Cl)cc1)N(c1ccc(S(=O)(=O)N3CCN(C4CCOCC4)CC3)nc1)C2,中毒,40.270355,25.287947,0.182927159,3.962225672
Cc1n[nH]nc1-c1cc(-c2c(Cl)cccc2Cl)c2c(c1)C(c1ccc(C#N)cc1)C(c1ccc(Cl)cc1)C(C(N)=O)=C2N,中毒,51.84765,56.89196,0.18752316,3.963144869
Cc1n[nH]nc1-c1cc2c(c(-c3c(Cl)cccc3Cl)c1)C(c1ccc(Cl)cc1)N(c1cc(F)c(=O)c(C(=O)O)c3ccsc13)C2,中毒,13.07704,15.09534,0.189097159,3.964524655
Cc1n[nH]nc1-c1oc2c(c1-c1ccc(F)cc1)C(c1ccc(Cl)cc1)N(c1cc(Cl)cn(C3CC(O)(CO)C3)c1=O)C2=O,中毒,11.642886,8.960914,0.225330232,3.965334942
Cc1n[nH]nc1-c1cc2c(c(-c3c(Cl)cccc3Cl)c1)C(c1ccc(Cl)cc1)N(c1cc(Cl)cn(C3CC(C)(O)C3)c1=O)C2,中毒,16.57991,9.912456,0.196669436,3.965814492
Cc1n[nH]nc1-c1cc2c(c(-c3c(Cl)cccc3Cl)c1)CN(c1cnc(N3CCC(N4CCN(C)CC4)C3)c(Nc3ccc(C#N)cc3)n1)CC2,中毒,3.6875143,55.403576,0.191955758,3.965938899
Cc1n[nH]nc1-c1cc2c(c(-c3c(Cl)cccc3Cl)c1)C(c1ccc(Cl)cc1)N(c1ccc(C3=C(Br)C(=O)N(C)C3=O)c3cc(F)ccc13)C2,中毒,25.73853,18.544146,0.176114074,3.966516548
Cc1n[nH]nc1-c1cc2c(c(-c3c(Cl)cccc3Cl)c1)CN(c1cc(N3C(=O)OCC3c3ccc(F)c(F)c3F)ncn1)C2,中毒,39.1847,23.705935,0.203755054,3.966670135
Cc1n[nH]nc1-c1cc2c(c(-c3c(Cl)cccc3Cl)c1)C(c1ccc(Cl)cc1)N(c1cc(C3CC3)nn3cc(C(=O)O)cc13)C2,中毒,41.774292,29.347164,0.18618731,3.966876432
Cc1n[nH]nc1-c1cc2c(c(-c3c(Cl)cccc3Cl)c1)C(c1ccc(Cl)cc1)N(C1CC(=O)N(c3ccc(Cl)c(Cl)c3)C1)C2,中毒,3.3354528,74.21132,0.200566966,3.967165355
Cc1n[nH]nc1-c1cc(-c2c(Cl)cccc2Cl)c2c(c1)-c1c(cc(N(C)C(=O)N(C)C)c(Cl)c1F)OC2c1ccc(Cl)cc1,中毒,34.298424,14.670165,0.206707714,3.967289644
Cc1n[nH]nc1-c1cc(-c2c(Cl)cccc2Cl)c2c(c1)-c1c(cc(N(C)C)nc1-c1cc(Cl)c(O)cc1O)OC2c1ccc(Cl)cc1,中毒,5.708165,13.847877,0.164002692,3.967613182
Cc1n[nH]nc1-c1cc2c(c(=O)o1)C(c1ccc(Cl)cc1)N(c1cc(Cl)cn(C3CC(O)(CO)C3)c1=O)C2=O,中毒,6.6194143,18.775484,0.331004654,3.968556847
Cc1n[nH]nc1-c1cc(-c2c(Cl)ccc(Cl)c2Cl)c2c(c1)C(c1ccc(Cl)cc1)C(c1ccc(Cl)cc1)C(C#N)=C2N,中毒,21.292507,54.771915,0.189335881,3.969361109
Cc1n[nH]nc1-c1cc2c(c(-c3c(Cl)cccc3Cl)c1)C(c1ccc(Cl)cc1F)N(c1ccc(N3CCN(C(=O)COCC(F)(F)F)CC3)c(Cl)c1)C2,中毒,29.8101,10.147208,0.157590198,3.969657387
Cc1n[nH]nc1-c1cc(-c2c(Cl)cccc2Cl)c2c(c1)N(c1ccc(Cl)cc1)c1c(C#N)c(=O)n(-c3cccc(Cl)c3)n1C2c1ccc(Cl)cc1,中毒,4.155876,15.055594,0.188037569,3.969742649
Cc1n[nH]nc1C1=CC2=C(c3ccc(Br)cc3)N=C(c3cnn(-c4ccc(C5(N)COC5)nc4)c3)C(=O)C2=C1OCC1CC1,中毒,78.130325,10.263556,0.288457209,3.971268216
Cc1n[nH]nc1-c1cc2c3c(Br)c(Br)c(Br)c(Br)c3c3c(Br)nc(-c4c(Cl)ccc(Cl)c4Cl)c(F)c3c(-c3c(Cl)cccc3Cl)c-2c1C,中毒,5.946346,9.441529,0.108985485,3.972045456
Cc1n[nH]nc1C1(c2cc3c(Nc4ccc(F)c(C(F)(F)F)c4)c(Cl)nc(N)c3cn2)CCN(Cc2cc3c(cc2P(=O)(O)O)OCO3)CC1,中毒,7.1121993,13.358463,0.082666766,3.972343792
Cc1n[nH]nc1C1=Cc2c3nc(OCSc4cccc(Cl)c4)c(Cl)c-3c3nc(-c4c(Cl)cccc4Cl)nc(N)c3c(-c3c(Cl)cccc3Cl)c2C1,中毒,13.576552,35.111286,0.120745824,3.972758729
Cc1n[nH]nc1C1=C(c2cc(S(=O)(=O)c3ccc(Cl)cn3)c(F)cc2F)C(c2ccc(Cl)cc2)N(C(CO)CO)C1=O,中毒,9.474141,19.73523,0.247711658,3.973032995
Cc1n[nH]nc1-c1cc2c(c(-c3c(Cl)cccc3Cl)c1)C(c1ccc(Cl)cc1)N(Cc1cn(C3CC(O)(CO)C3)nn1)C2,低毒,11.64056,16.807457,0.195916767,3.973274925
Cc1n[nH]nc1-c1cc(-c2c(Cl)cccc2Cl)c2c(c1)N(c1cc(Cl)cn(C3CC(O)(CO)C3)c1=O)C2c1ccc(Cl)cc1,中毒,5.345146,16.023859,0.172782292,3.973333066
Cc1n[nH]nc1-c1cc(-c2c(Cl)cccc2Cl)c2c(c1)N(c1cc(Oc3ccc(Cl)cn3)c(Cl)cc1F)S(=O)(=O)C2c1ccc(Cl)cc1,中毒,47.897068,35.111286,0.181353203,3.97409553
Cc1n[nH]nc1C1(c2cc(NC(=O)c3ccc(Cl)cn3)c(C(F)(F)F)cc2F)C(=O)ON=C1N,中毒,59.727333,44.688713,0.370449354,3.974234536
Cc1n[nH]nc1C1(c2cc(NC(=O)c3cc(-c4ncco4)c(F)cc3Cl)ccc2F)COC(=O)N(CC(F)(F)F)C1,中毒,32.866905,22.173464,0.291102806,3.975206384
Cc1n[nH]nc1C1=CC2=C(P(=O)(c3ccccc3)c3cccnc3)C(c3ccccc3)=C(Nc3ccc(Cl)cc3Cl)C2=C1,中毒,65.33872,28.816721,0.180642638,3.975316293
Cc1n[nH]nc1-c1cc(-c2c(Cl)cccc2Cl)c2c(c1)C(c1ccc(Cl)cc1)c1c(cc[nH]c1=O)NC2c1ccc(Cl)cc1,中毒,42.88987,48.389595,0.176092703,3.975372371
Cc1n[nH]nc1-c1cc2c(c(-c3c(Cl)cccc3Cl)c1)C(c1ccc(Cl)cc1)N(c1cc(N(C)C)cc3c(=O)c(C(=O)O)cn(C4CC4)c13)C2,中毒,14.0745,10.367351,0.169290761,3.975718292
Cc1n[nH]nc1-c1cc2c(c(-c3c(Cl)cccc3Cl)c1)C(c1ccc(Cl)cc1)N(c1cc3c(cn1)c(=O)c(C(=O)O)cn3C(C)(C)C)C2,中毒,21.271955,14.878985,0.184948817,3.976371542
Cc1n[nH]nc1-c1cc(-c2c(Cl)cccc2Cl)c2c(c1)C(c1ccc(Cl)cc1)N(c1ccc(-c3ncco3)cc1)C2c1ccc(Cl)cc1,中毒,17.815489,25.510983,0.18613587,3.976414665
Cc1n[nH]nc1-c1cc2c(c(-c3c(Cl)cccc3Cl)c1)C(c1ccc(Cl)cc1)N1C(Cl)=CC1=CC(Cl)=N2,中毒,17.551306,26.409132,0.243380129,3.976631444
Cc1n[nH]nc1-c1cc(-c2c(Cl)cccc2Cl)c2c(c1)C(c1ccc(Cl)cc1)N(NC(=O)c1ccc(F)cc1Cl)C2c1ccc(Cl)cc1,中毒,54.268074,18.063368,0.178504796,3.977600275
Cc1n[nH]nc1P(=O)(NN1CCOCC1)N1CCN(c2noc3cc(Cl)ccc23)CC1,中毒,6.8871126,36.312145,0.534114657,3.977919082
Cc1n[nH]nc1P(c1ccc(Cl)cc1)c1cc2cc(Br)ccc2nc1Oc1ccc(N2C(=O)CSC2=O)c(F)c1,中毒,7.2517686,65.387596,0.225041701,3.977957186
Cc1n[nH]nc1-c1cc(-c2c(Cl)cccc2Cl)c2c(c1)N(c1ccn(C3CC(O)(CO)C3)c1)C2c1ccc(Cl)cc1,中毒,5.345146,24.500076,0.186140497,3.978443184
Cc1n[nH]nc1-c1cc2c(c(=O)n(-c3ccccc3)c1=O)C(c1ccc(Cl)cc1)N(c1cc(Cl)cn(C3CC(O)(CO)C3)c1=O)C2=O,中毒,51.50488,12.110745,0.24648843,3.978870573
Cc1n[nH]nc1-c1cc(-c2c(Cl)cccc2Cl)c2c(c1)-c1c(cc(Cl)c(N3CCCC3)c1F)S(=O)(=O)C2c1ccc(Cl)cc1,中毒,10.808773,16.99785,0.203727476,3.978928394
Cc1n[nH]nc1C1=C(C(=O)NC(C)(C)C)C(c2ccc(Cl)cc2)N(c2cc(Cl)cn(C3CC(O)(CO)C3)c2=O)C1=O,中毒,55.294598,15.303033,0.338802364,3.979035183
Cc1n[nH]nc1C1=Cc2c(C(C)C)c(-c3c(Cl)cccc3Cl)c3c(F)c(C(=O)O)c(-c4ccsc4)c(-c4ccc5c(n4)NC(=O)CO5)c3c21,中毒,49.49817,16.579243,0.156763473,3.979286893
Cc1n[nH]nc1C1CN(C)CC(F)(c2cc(NC(=O)c3ccc(OCc4ccc(F)cc4F)cn3)ccc2F)C1,中毒,23.003069,18.21043,0.310997559,3.979873409
Cc1n[nH]nc1-c1cc2c(c(-c3c(Cl)cccc3Cl)c1)C(N)c1c(Cl)cc(-n3ncc4cc(C#N)ccc4c3=O)nc1-2,中毒,40.84451,33.36631,0.23594205,3.980205742
Cc1n[nH]nc1-c1cc(-c2c(Cl)cccc2Cl)c2c(c1)C(c1ccc(Cl)cc1F)N=C(c1ccc(Cl)cc1)C2c1ccc(Cl)cc1,中毒,9.28435,48.297146,0.19401011,3.981396034
Cc1n[nH]nc1-c1cc2c(c(-c3c(Cl)cccc3Cl)c1)C(c1ccc(Cl)cc1)N(c1cc3c(cn1)c(=O)c(C(=O)O)c(C)n3C(C)C)C2,中毒,57.25103,14.878985,0.178458602,3.982120796
Cc1n[nH]nc1C1=CC2=C(c3nc4c(Cl)cc(OCc5ccccn5)cc4c(=O)n3-c3ccc(F)nc3)CCN(c3cc(Cl)cn(CCO)c3=O)CCC2=C1,中毒,7.1180186,39.646847,0.170555598,3.982256699
Cc1n[nH]nc1-c1cc2c(cc1-c1cc(Cl)cnc1-c1cc(Cl)cc(Cl)c1)C(c1ccc(Cl)cc1)C2(C)N,中毒,6.3693066,26.583223,0.2233303,3.98230357
Cc1n[nH]nc1C1=Cc2c(C(C)(F)F)c(-c3c(Cl)cccc3Cl)c3nc(-c4cnn(C)c4)nc(-c4cnc(NCc5ccc(F)c(F)c5)nc4Cl)c3c21,中毒,5.53874,14.3937645,0.115636679,3.982308782
Cc1n[nH]nc1-c1cc2c3c(c(Br)ccc3c1)C(c1ccc(Cl)cc1)N(c1cc(Cl)cn(C3CC(O)(CO)C3)c1=O)C2=O,中毒,6.6971984,9.440244,0.210129274,3.982536924
Cc1n[nH]nc1-c1cc(-c2c(Cl)cccc2Cl)c2c(c1)N(C)C1=C(C2c2ccc(Cl)cc2)C(C)(C)C(=O)N1c1cc(Cl)cc(Cl)c1,中毒,21.243645,47.378452,0.20177218,3.982559643
Cc1n[nH]nc1-c1ccc(C(=O)c2cnc3c(c2)-c2c(F)c(F)c(C)c(C(N)=O)c2C(c2ccc(Cl)cc2F)C3)c(OC(C)C)c1,中毒,47.746365,40.36193,0.183293993,3.982857809
Cc1n[nH]nc1-c1cc2c(c(-c3c(Cl)cccc3Cl)c1)C(c1ccc(S(=O)(=O)N(C)C(=O)OC(C)(C)C(=O)O)cc1)C(C#N)=C(N)O2,中毒,11.258624,23.80968,0.217242851,3.984335626
Cc1n[nH]nc1-c1cc2c(c(-c3c(Cl)cccc3Cl)c1)CS(=O)(=O)C(C(=O)NCc1ccc(C#N)c3ccc(F)cc13)C2,中毒,29.545586,15.636279,0.241507459,3.984577315
Cc1n[nH]nc1-c1cc2c(c(-c3c(Cl)cccc3Cl)c1)C(Nc1cc(Cl)cn(C3CC(O)(CO)C3)c1=O)C2,中毒,21.183878,25.913172,0.247994487,3.985087224
Cc1n[nH]nc1C1(c2ccc(Cl)cc2F)CC(c2ccc(Cl)cc2)(c2ccc(Br)cc2)C(N)=N1,中毒,4.852975,17.635386,0.307710046,3.985088407
Cc1n[nH]nc1-c1cc2c(c(-c3c(Cl)cccc3Cl)c1)C(c1ccccc1)N(c1cc(Cl)cn(C3CC(O)(CO)C3)c1=O)C2,中毒,9.036046,9.912456,0.188407002,3.98524626
Cc1n[nH]nc1-c1cc2c(c(-c3c(Cl)cccc3Cl)c1)C(c1ccc(Cl)cc1)N1C(=NC1(c1ccc(Cl)cc1)c1ccc(Cl)cc1)NC2,中毒,22.665493,84.706665,0.185327313,3.985515574
Cc1n[nH]nc1C1=CC2=c3c(Br)c(I)nc(N)c3=C(c3c(Cl)ccc(Cl)c3Cl)C2=C1,中毒,18.624008,64.362495,0.241569771,3.986219352
Cc1n[nH]nc1-c1cc(-c2c(Cl)cccc2Cl)c2c(c1)-c1c(nc(Cl)c(=O)n1-c1ccc(OC(F)(F)F)cc1)OC2c1ccc(Cl)cc1,中毒,42.102024,16.199781,0.18989495,3.986804248
Cc1n[nH]nc1-c1c(NC2(c3ccc(Cl)cc3F)CCN(S(=O)(=O)c3ccc4sc(C5CC5)cc4c3F)CC2)nc(=O)c(Cl)c(C2CC2)c1Cl,中毒,24.294966,14.710186,0.162102902,3.987082845
Cc1n[nH]nc1-c1cc(-c2c(Cl)cccc2Cl)c2c(c1)C(c1ccc(Cl)cc1)C2c1ccc(Cl)cc1C(=O)N1CCN(Cc2ccccn2)CC1,中毒,44.069496,16.667955,0.175765341,3.987190335
Cc1n[nH]nc1-c1cc2c(c(-c3c(Cl)cccc3Cl)c1)C(c1ccc(Cl)cc1)N(c1cc(Cl)cn(C3CC(OC(=O)O)C3)c1=O)C2,低毒,8.394659,11.733231,0.170755849,3.987420304
Cc1n[nH]nc1-c1cc(-c2c(F)cccc2Cl)c2c(c1)N(c1cc(Cl)cn(C3CC(O)(CO)C3)c1=O)C2c1ccc(Cl)cc1,中毒,4.889129,14.2372675,0.182290626,3.987713929
Cc1n[nH]nc1C1(C(F)(F)F)C(=O)N(c2cc(Cl)cc(Cl)c2)C(=O)C1c1ccc(S(=O)(=O)N2CCN(C)CC2)cc1,中毒,15.477221,18.049908,0.428480084,3.988752732
Cc1n[nH]nc1-c1cc2c(c(=O)n1-c1ccc(Cl)cc1)C(c1ccc(Cl)cc1)N(c1cc(Cl)cn(C3CC(O)(CO)C3)c1=O)C2=O,中毒,14.882899,12.110745,0.232385593,3.988820701
Cc1n[nH]nc1-c1cc2c(c(-c3cc(Cl)ccc3F)c1)S(=O)(=O)c1cc(Cl)c(NCC(O)Cc3ccc(F)cc3)c(Cl)c1O2,中毒,70.873856,10.119925,0.159024693,3.989704173
CC1=C(C(=O)N(C)c2n[nH]nc2C)C(C)(Cc2cc(C(F)(F)F)cc(C(F)(F)F)c2)C(=O)N1c1ccc(Cl)c(C(F)(F)F)c1,中毒,50.854942,15.174459,0.292057882,3.990208081
Cc1n[nH]nc1-c1cnc2c(c1)C(c1ccc(Cl)c(Cl)c1)N(c1cc(Cl)cn(C3CC(O)(CO)C3)c1=O)C2=O,中毒,52.723274,26.588243,0.319605723,3.990313257
Cc1n[nH]nc1-c1cc2c(c(=O)cc1F)C(c1ccc(Cl)cc1)N(c1cc(Cl)cn(C3CC(O)(CO)C3)c1=O)C2=O,中毒,14.0745,8.519041,0.319177745,3.990334398
Cc1n[nH]nc1-c1cc2c(c(-c3c(Cl)cccc3Cl)c1)C(c1ccc(Cl)cc1)N(c1cc(Cl)cn(C3CC(F)(F)C3)c1=O)C2,低毒,6.9052386,10.819605,0.20209978,3.99067453
Cc1n[nH]nc1-c1cc2c(s1)C(c1ccc(Cl)cc1)N(c1cc(Cl)cn(C3CC(O)(CO)C3)c1=O)C2=O,中毒,8.738106,8.960914,0.33874549,3.990695385
Cc1n[nH]nc1-c1cc2c(c(-c3c(Cl)cccc3Cl)c1)C(c1ccc(Cl)cc1)N(c1cc(Cl)cn(C3CC(OC(N)=O)C3)c1=O)C2,中毒,16.649076,11.733231,0.185171595,3.990756261
Cc1n[nH]nc1-c1c2c(c(-c3c(Cl)cccc3Cl)c3c(c1=O)CN(c1cc(Cl)cn(C4CC(O)(CO)C4)c1=O)C3)C(=O)C(C)(C)C2,中毒,25.730745,17.529741,0.258610955,3.992396098
Cc1n[nH]nc1-c1cc(Cl)c(O)c(C=C2CC3C(c4ccc(Cl)cc4)N(c4ccc(F)cc4F)CCN3C2=O)c1,中毒,22.005594,37.197834,0.275512262,3.992415819
Cc1n[nH]nc1-c1cc2c(c(-c3c(Cl)cccc3Cl)c1)C(c1ccc(Cl)cc1)N(c1cc(Cl)cn(C3CC(O)(Cc4ccccc4)C3)c1=O)C2,中毒,16.57991,14.297296,0.170198302,3.993327396
Cc1n[nH]nc1-c1cc2c(c(-c3c(Cl)cccc3Cl)c1)C(c1ccc(Cl)cc1)N(c1ccc(Cl)c(C3(C)CC(O)(CO)C3)c1)C2,中毒,19.600853,42.3919,0.16687117,3.993526758
Cc1n[nH]nc1-c1cc2c(C3CCC(=O)N(C4CCC(F)(F)CC4)C3)nc(N3CCOCC3)c(=O)nc2cc1OCc1ccc(F)cc1,中毒,3.7874615,52.55108,0.293267887,3.994602865
Cc1n[nH]nc1-c1cc2c(cc1-c1cc(Cl)ccc1Cl)S(=O)(=O)CC2(O)c1ccc(-c2cncnc2)c(OCC2CC2)c1,中毒,18.715237,14.2372675,0.222275375,3.994754623
Cc1n[nH]nc1-c1cc2c(c(-c3c(Cl)cccc3Cl)c1)C(c1ccc(Cl)cc1)N(c1ccn(C3CC(F)(F)C3)c1)C(=O)C2,中毒,18.457617,21.287207,0.209164069,3.994790284
Cc1n[nH]nc1-c1cc(-c2c(Cl)cccc2Cl)c2c(c1)C(c1c[nH]c3ccccc13)N(N=O)C2c1ccc(Cl)cc1,中毒,36.804268,28.13438,0.193449593,3.994865721
Cc1n[nH]nc1-c1cc(-c2c(Cl)cccc2Cl)c2c(c1)-c1c(cc3c(c1Cl)CCC3)-c1cc(Cl)c(Cl)cc1N(N)C2c1ccc(Cl)cc1,中毒,11.899648,20.768476,0.176666624,3.997265771
Cc1n[nH]nc1-n1c2c(ccc1=O)C(c1ccc(Cl)cc1)N(c1cc(Cl)cn(C3CC(O)(CO)C3)c1=O)C2=O,中毒,40.14942,12.087409,0.334920498,3.997579924
Cc1n[nH]nc1-c1c2c(c(-c3c(Cl)cccc3Cl)c3c1C(=O)C(c1ccc(Cl)cc1)N(c1cc(Cl)cn(C)c1=O)C3=O)C2,中毒,37.458755,14.553252,0.21661925,3.998866155
Cc1n[nH]nc1-c1cc(-c2c(Cl)cccc2Cl)c2c(c1)C(c1ccc(Cl)cc1)N2c1cc(Cl)cn(C2CC(O)(CO)C2)c1=O,中毒,18.619787,16.023859,0.172782292,3.999273779
Cc1n[nH]nc1-n1c2c(c(=O)n(Cc3ccccc3)c1=O)C(c1ccc(Cl)cc1)N(c1cc(Cl)cn(C3CC(O)(CO)C3)c1=O)C2=O,中毒,28.801418,14.418226,0.236626109,3.999681025
Cc1n[nH]nc1-c1cc2c(c(=O)c(C(=O)O)c1)C(c1ccc(Cl)cc1)N(c1cc(Cl)cn(C3CC(O)(CO)C3)c1=O)C2=O,中毒,13.782432,18.775484,0.250907281,4.000271559
Cc1n[nH]nc1C1=CC2=C(P(=O)(O)O)C(C#CCOc3ccc(OC4CCN(S(C)(=O)=O)CC4)nc3)=CC2=C1F,低毒,133.6872,16.953236,0.322202486,4.000628855
COc1cc(-c2c(C3=C4C=C(c5n[nH]nc5C)C=C4C(C)(C)C3c3cccnc3)c(=O)c2=O)cc(OC)c1OC,中毒,16.220997,38.097282,0.345738382,4.001126569
Cc1n[nH]nc1-c1cc(-c2c(Cl)cccc2Cl)c2c(c1)N(c1ccc(S(=O)(=O)CC(=O)Nc3ccc(Cl)o3)cc1Br)C2c1ccc(Cl)cc1,中毒,28.038044,46.622833,0.156894411,4.001479262
Cc1n[nH]nc1-c1cc2c(c(=O)oc1=O)C(c1ccc(Cl)cc1)N(c1cc(Cl)cn(C3CC(O)(CO)C3)c1=O)C2=O,中毒,7.266821,9.706391,0.311982732,4.001538754
Cc1n[nH]nc1-c1cc2c(c(-c3c(Cl)cccc3Cl)c1)C(c1ccc3c(c1)OCC(c1ccc(Cl)cc1)N(c1ccc(Cl)cc1)C3=O)C2=O,中毒,11.848896,12.926103,0.19115483,4.002071459
Cc1n[nH]nc1-c1cc2c(c(=O)n(C)c1=O)C(c1ccc(Cl)cc1)N(c1cc(Cl)cn(C3CC(O)(CO)C3)c1=O)C2=O,中毒,8.614452,12.087409,0.309129048,4.002439184
Cc1n[nH]nc1-c1cc2c(c(-c3c(Cl)cccc3Cl)c1)C(c1ccc(S(=O)(=O)NC3(C)CCCC3)cc1)C(N)=C(C#N)C2,中毒,13.498608,11.444595,0.213891763,4.002841651
Cc1n[nH]nc1C1CN(c2c(F)c(N3CCOCC3C)c(F)c3c(=O)c(C(=O)O)cn(C4CC4)c23)C1,中毒,14.862111,24.335625,0.549270495,4.002993048
Cc1n[nH]nc1-c1cc(F)c(Oc2ccc(NC(=O)NC3=NC(=O)C(C)SC3c3ccc(F)cc3)cc2F)c(F)c1,中毒,3.755632,23.001293,0.245667126,4.00365458
Cc1n[nH]nc1-c1cc2c(C#N)c(-c3cc(F)c(O)c(Cl)c3)cc3c(c-2c1)C(c1ccc(Cl)cc1)N(c1cc(Cl)cn(C)c1=O)C3=O,中毒,12.278992,33.72721,0.196023674,4.003735517
Cc1n[nH]nc1C1=C(c2c(F)cccc2Br)C(c2ccc(Cl)cc2)N(c2cc(Cl)cn(C3CC(O)(CO)C3)c2=O)C1=O,中毒,32.17651,33.968105,0.257084076,4.004007796
Cc1n[nH]nc1-c1cc2c3ccc(Cl)cc3cc(Cl)c1c1c(=O)n(-c3c(Cl)c(Cl)cc(Cl)c3Cl)c(=O)c21,中毒,5.0244613,33.239727,0.200545934,4.004328637
Cc1n[nH]nc1[S+]([O-])=C1N=C(c2ccc(Oc3ccccc3)cc2)OC1c1ccc(S(N)(=O)=O)cc1,中毒,28.63965,78.35506,0.291162331,4.004396248
Cc1n[nH]nc1-c1cc2c(c(-c3c(Cl)cccc3Cl)c1)C(c1ccc3c(c1)OCO3)C(c1ccc3c(c1)OCO3)N(C)C2,中毒,21.76295,9.698114,0.224497531,4.004643637
Cc1n[nH]nc1-c1cc2c(c(=O)[nH]c1=O)C(c1ccc(Cl)cc1)N(c1cc(Cl)cn(C3CC(O)(CO)C3)c1=O)C2=O,中毒,8.614452,18.232977,0.270686067,4.004674357
Cc1n[nH]nc1-c1cc(-c2c(Cl)cccc2Cl)c2c(c1)C(c1ccc(Cl)cc1)S(=O)(=O)NC2c1ccc(Cl)cc1,中毒,41.85662,49.061245,0.209833678,4.005263334
Cc1n[nH]nc1-c1cc(-c2c(Cl)cccc2Cl)c2c(c1)-c1c(cc(Br)c(C#Cc3ccc(F)cn3)c1Cl)OC2c1ccc(Cl)cc1,中毒,7.1948185,18.483234,0.18298776,4.005979246
Cc1n[nH]nc1C1=Cn2c(C3COC(=O)N3c3ccc4c(c3)OCO4)cnc2C1=O,中毒,42.75487,10.501898,0.699612271,4.0062153
Cc1n[nH]nc1-n1c2c(c3cc(Br)ccc31)C(c1ccc(Cl)cc1)N(c1cc(Cl)cn(C3CC(O)(CO)C3)c1=O)C2=O,中毒,25.069427,13.503714,0.239012505,4.006238351
Cc1n[nH]nc1C1=C(Cl)C(Cl)=C1C1(c2ccc(Cl)cc2)CCCN(C(=O)Cc2c(C#N)cnn2-c2ccc(F)cc2F)CC1,中毒,14.099227,15.574545,0.247791671,4.00657827
Cc1n[nH]nc1-c1cc2c(c(=O)n(Cc3ccc(Cl)cc3)c1=O)C(c1ccc(Cl)cc1)N(c1cc(Cl)cn(C3CC(O)(CO)C3)c1=O)C2=O,中毒,6.9793477,12.087409,0.224377277,4.006870084
Cc1n[nH]nc1-c1cc2c(c(-c3c(Cl)cccc3Cl)c1)C(c1ccc(Cl)cc1)N(c1cc(F)c(N(C)S(C)(=O)=O)c(Cl)c1)S2,中毒,5.7373867,17.027975,0.177237948,4.007061018
Cc1n[nH]nc1-c1cc2c(c(-c3c(Cl)cccc3Cl)c1)CN1CC1(c1ccc(Cl)cc1F)CC2,中毒,10.341518,25.30582,0.294545726,4.007398468
Cc1n[nH]nc1-c1cc(-c2c(Cl)cccc2Cl)c2c(c1)-c1c(cc[n+](Cc3ccc(F)nc3)c1F)NC2c1ccc(Cl)cc1,中毒,20.872522,20.347387,0.145413882,4.007780078
Cc1n[nH]nc1-c1cc(-c2c(Cl)cccc2Cl)c2c(c1)-n1c(cn(-c3c(Cl)cncc3Cl)c1=O)NC2c1ccc(Cl)cc1,中毒,10.883562,31.96548,0.196257534,4.007951596
Cc1n[nH]nc1C1=Cc2c(c(O)c3c(-c4ccccc4)c(-c4ccc(Cl)cc4)c(-c4c(Cl)cccc4Cl)nc3c2C(C)OC(=O)CCc2ccccc2)C1=O,中毒,45.280003,33.177044,0.139894532,4.00796211
Cc1n[nH]nc1-c1cc(-c2c(Cl)cccc2Cl)c2c(c1)-c1c(cc(P(=O)(O)O)c(Cl)c1I)NC2c1ccc(Cl)cc1,中毒,27.238522,41.254448,0.107977759,4.009362659
Cc1n[nH]nc1-c1cc2c([nH]1)C(c1ccc(Cl)cc1)N(c1cc(Cl)cn(C3CC(O)(CO)C3)c1=O)C2=O,中毒,7.4282966,11.513729,0.305547525,4.00946835
Cc1n[nH]nc1-c1cc2c(c(=O)n(Cc3ccc(F)cc3)c1=O)C(c1ccc(Cl)cc1)N(c1cc(Cl)cn(C3CC(O)(CO)C3)c1=O)C2=O,中毒,6.9793477,12.087409,0.23062363,4.009498817
Cc1n[nH]nc1-c1cc2c(C3CC(O)C(O)C3)ncnc2s1,中毒,20.956556,46.78571,0.658905101,4.010741798
Cc1n[nH]nc1-c1cc2c(n1-c1ccc(Cl)cc1)C(c1ccc(Cl)cc1)N(c1cc(Cl)cn(C3CC(O)(CO)C3)c1=O)C2=O,中毒,14.882899,11.513729,0.222449825,4.01109029
Cc1n[nH]nc1-c1cc2c(c(-c3c(Cl)cccc3Cl)n1)C(c1ccc(Cl)cc1)N(c1cc(Cl)cn(C3CC(F)(F)C3)c1=O)C2=O,低毒,10.031834,14.0600395,0.200412423,4.01111511
Cc1n[nH]nc1-c1cc2c(c(-c3cc(Cl)ccc3Cl)c1)C(c1ccc(Cl)cc1)N(c1cc(Cl)cn(C3CC(O)(CO)C3)c1=O)C2,中毒,9.036046,9.912456,0.172460008,4.011241044
Cc1cc(N2C(=O)c3cc(-c4n[nH]nc4C)sc3C2c2ccc(Cl)cc2)c(=O)n(C2CC(O)(CO)C2)c1,中毒,8.738106,6.7362556,0.355784728,4.011387992
Cc1cc(N2C(c3ccc(C#N)cc3)c3cc(-c4n[nH]nc4C)cc(-c4c(Cl)cccc4Cl)c3C2c2ccc(Cl)cc2)ccc1C#N,中毒,17.993559,19.727442,0.196911121,4.011560051
Cc1n[nH]nc1C1=Cc2c1c1c(-c3ccccc3)c(-c3ccc(Cl)cc3)c(-c3ccc(Cl)cc3)c(-c3c(F)cccc3Cl)nc-1c2C(C#N)C(N)=O,中毒,22.011135,48.20417,0.168411321,4.01162951
Cc1n[nH]nc1C1=CP(=O)(Oc2ccccc2)Oc2c1c(=O)n(C)c(=O)n2C,中毒,19.380669,43.500977,0.661299094,4.011674521
Cc1n[nH]nc1-c1cc2c(c(-c3c(Cl)cccc3Cl)c1)C(n1c(=O)n(C)c(=O)n(C3CC(O)(CO)C3)c1=O)C2,中毒,13.356696,130.28049,0.331922189,4.01214024
Cc1n[nH]nc1-c1cc2c(c(-c3c(Cl)cccc3Cl)c1)CN(C1=NC(=O)C(C)(c3cc(Cl)ccc3OCc3ccccn3)C1)C2,中毒,3.8178785,101.4108,0.198935314,4.012699796
Cc1n[nH]nc1-c1cc(-c2c(Cl)cccc2Cl)c2c(c1)C(c1ccc(C#N)cc1OC(F)(F)F)CC(c1ccc(OCC#N)c(Cl)c1)=C2,中毒,29.83701,25.763304,0.180518249,4.013027838
Cc1n[nH]nc1C1=C(F)C=C2C(=O)C(C(=O)O)=C(S)N=C21,低毒,4.573189,12.118217,0.55740824,4.013047669
Cc1n[nH]nc1-c1cc2c(c(-c3c(Cl)cccc3Cl)c1)C(c1ccc(Cl)cc1)N(c1cc(Cl)c3c(=O)c(C(=O)O)cn(C4CC4)c3c1Cl)C2,中毒,13.646041,14.878985,0.175642011,4.013367238
Cc1n[nH]nc1-c1csc2c1C(c1ccc(Cl)cc1)N(c1cc(Cl)cn(C3CC(O)(CO)C3)c1=O)C2=O,中毒,40.14942,8.597157,0.33874549,4.013792921
Cc1n[nH]nc1-c1cc2c(c(-c3c(Cl)cccc3Cl)c1)C(c1ccc(Cl)cc1)C(c1ccc(Cl)cc1)N(CCl)N2,中毒,8.477617,185.91371,0.150137049,4.013911075
Cc1n[nH]nc1-c1cc2c(c(-c3c(Cl)cccc3Cl)c1)C(c1ccc(Cl)cc1)Nc1cc(Cl)c(OCC3CC3)c(C(=O)N=O)c1C2,中毒,85.90119,10.100626,0.164387552,4.014125712
Cc1n[nH]nc1-c1cc2c(c(-c3c(Cl)cccc3Cl)c1)C(c1ccc(Cl)cc1)N(c1cc(Cl)cn(C3CC(O)(CO)C3)c1=O)CC2,中毒,19.016203,18.239529,0.170507306,4.014325849
Cc1n[nH]nc1-c1cc2c(C=Cc3ccc(Nc4ccnc(Cl)c4)cc3)ncnc2cc1OCC1CC1CN,中毒,26.093252,35.961853,0.205067907,4.015014785
Cc1n[nH]nc1-c1cc2c(c(=O)c3c(Cl)cccc13)C(c1ccc(Cl)cc1)N(c1cc(Cl)cn(C3CC(O)(CO)C3)c1=O)C2=O,中毒,18.990976,20.21546,0.233896312,4.015356463
Cc1n[nH]nc1-c1cc2c(c(-c3c(Cl)cccc3Cl)c1)C(c1ccc(Cl)cc1)Oc1cc(Br)c(N(C)S(C)(=O)=O)c(F)c1-c1ccc(Cl)cc1-2,中毒,17.982243,43.500977,0.186896137,4.015743083
CC(=O)N1CCN(c2ccc(Nc3ncc4c(n3)-c3cc(-c5n[nH]nc5C)c(F)c(-c5c(Cl)cccc5Cl)c3C(c3ccc(Cl)cc3)N4)cc2F)CC1,中毒,70.39463,17.68054,0.153746785,4.016693773
CC1=C2C(=C3C2=C(c2ccc(Cl)cc2)N=C(c2cnc(C(=O)C#N)s2)C(C)=C3c2c(Cl)cccc2Cl)C=C1c1n[nH]nc1C,中毒,36.575073,19.648664,0.171350068,4.016760559
Cc1n[nH]nc1N1Cc2cc(Br)c(O)c(Cl)c2C(c2ccc(N(C)C3CC3)cc2)C1c1ccc(Cl)cc1,中毒,50.325123,29.331064,0.250762074,4.016805812
Cc1n[nH]nc1-c1cc2c(c(-c3c(Cl)cccc3Cl)c1)C(c1ccc(Cl)cc1)N(C1CC(c3ccc(Cl)cc3)=NO1)C2,中毒,15.492369,71.91001,0.209335249,4.017063824
Cc1n[nH]nc1-c1cc2c3c(n(-c4ccc(Cl)c(Cl)c4Cl)c(=O)c2cc1F)C(c1ccc(Cl)cc1)N(c1cc(Cl)cn(C)c1=O)C3=O,中毒,18.641792,14.0600395,0.185607481,4.017328847
Cc1n[nH]nc1-c1cc2c(c(-c3cc(Cl)ccc3Cl)n1)C(c1ccc(Cl)cc1)N(c1cc(Cl)cn(C3CC(O)(CO)C3)c1=O)C2=O,中毒,7.4282966,12.110745,0.186116676,4.017477912
Cc1n[nH]nc1-c1cc2c(c(Nc3ccc(Cl)c(Cl)c3)n1)C(c1ccc(Cl)cc1)N(c1cc(Cl)cn(C3CC(O)(CO)C3)c1=O)C2=O,中毒,7.8529835,13.503714,0.149435135,4.017489716
Cc1n[nH]nc1-c1cc2c(c(-c3c(Cl)cccc3Cl)c1)CC(c1ccc(Cl)cc1)N(c1cc(Cl)cn(C3CC(O)(CO)C3)c1=O)C2=O,中毒,22.081963,19.79431,0.170951398,4.018327884
Cc1n[nH]nc1-c1cc(-c2c(Cl)cccc2Cl)c2c(c1)C(c1ccc(C#N)cc1)N(c1cc(C(F)(F)F)ccc1F)C2c1ccc(Cl)cc1,中毒,10.225739,17.61061,0.180226211,4.018473848
Cc1n[nH]nc1-c1cc2c(c(-c3c(Cl)cccc3Cl)c1)C(c1ccc(Cl)cc1)S(=O)(=O)c1cc(Cl)c(N3CCN(c4ccc(F)cn4)CC3)cc1-2,中毒,32.721886,14.993123,0.1863773,4.018956654
Cc1n[nH]nc1-c1cc2c(c(-c3c(Cl)cccc3Cl)c1)C(c1ccc(Cl)cc1)N(c1cc(NS(C)(=O)=O)c(F)c3c1C(=O)OC3)C2,中毒,40.75897,12.384955,0.174666508,4.019358765
Cc1n[nH]nc1-c1cnc2c(c1)C(c1ccc(Cl)cc1Cl)N(c1cc(Cl)cn(C3CC(O)(CO)C3)c1=O)C2=O,中毒,28.801418,26.588243,0.319605723,4.019394026
Cc1n[nH]nc1C1=Cc2oc(N)c(C#N)c2C(c2c(Cl)cccc2Cl)=C2C(=O)C(C=Cc3ccc(Br)cc3)=CN=C2C1,中毒,27.104391,15.821133,0.232123475,4.01997481
Cc1n[nH]nc1-c1cc2c(c(-c3c(Cl)cccc3Cl)c1)C(c1ccc(Cl)cc1)N(c1cc3c(cc1F)c(=O)c(C(=O)O)cn3C1CC1)C(C)(C)C2,中毒,10.550047,14.878985,0.176173507,4.02121503
Cc1n[nH]nc1-c1cc2c(c(-c3c(Cl)cccc3Cl)c1)C(c1ccc(Cl)cc1)n1c(cc3cc(NC(=O)NCc4cccc(Cl)c4Cl)ccc31)C(N)=N2,中毒,17.04956,17.747854,0.133564032,4.021227243
Cc1n[nH]nc1-c1cc2c3c(nc(-c4c(Cl)cccc4Cl)c(C#N)c(=O)c-2c1)C(=O)N(c1cc(Cl)c[nH]c1=O)C3c1ccccc1,中毒,19.591078,14.0600395,0.215989518,4.021280978
Cc1n[nH]nc1-c1cc2c(c(-c3c(Cl)cccc3Cl)c1)C(c1ccc(Cl)cc1)N(c1cc(Cl)cn(C3CC(O)(CO)C3)c1=O)C(=O)C2=O,中毒,19.016203,18.239529,0.167685396,4.021745401
Cc1n[nH]nc1-c1cc(Nc2ccc(Oc3ccccc3)cc2)c2c(n1)C(=O)N(c1cc(Cl)cn(C3CC(O)(CO)C3)c1=O)C2c1ccc(Cl)cc1,中毒,39.425797,33.968105,0.122839241,4.02175872
Cc1n[nH]nc1-c1cc(-c2c(Cl)cccc2Cl)c2c(c1)N(c1ccc(-c3csc(N4CCN(C(=O)OC(C)(C)C)CC4)c3)nc1)C2c1ccc(Cl)cc1,中毒,6.6185803,13.071793,0.17980927,4.022228567
Cc1n[nH]nc1-c1cc2c(c(-c3c(Cl)cccc3Cl)c1)CC(c1ccc(Cl)cc1)N(c1cc(Cl)cn(C3CC(O)(C(=O)O)C3)c1=O)C2=O,中毒,22.081963,19.79431,0.166700123,4.022643839
Cc1n[nH]nc1-c1cc2c(c(-c3c(Cl)cccc3Cl)c1)C(c1ccc(Cl)cc1)Nc1cc3c(cc1-2)C(C)(C)N(C(=O)c1cc(F)ccc1F)C3,中毒,35.598526,24.850525,0.189677837,4.022724076
CCC1(O)CCc2c(N3CCN(C(=O)c4cccnc4Cl)CC3)nc(-c3ccc(Cl)cc3)c(-c3ccc(Cl)cc3)c3cc(-c4n[nH]nc4C)c(=O)c-3c21,中毒,11.189965,35.111286,0.164331887,4.023916697
Cc1n[nH]nc1-c1cc2c(c(=O)n(-c3ccc(F)cc3)c1=O)C(c1ccc(Cl)cc1)N(c1cc(Cl)cn(C3CC(O)(CO)C3)c1=O)C2=O,中毒,51.50488,12.110745,0.242846329,4.024021167
Cc1n[nH]nc1-c1cc(-c2c(Cl)cccc2Cl)c2c(c1)C(c1ccc(Cl)cc1)N(C(=O)CC1(O)CC1)C2c1ccc(Cl)cc1,中毒,27.585758,18.20147,0.189961697,4.02403242
Cc1n[nH]nc1C1=C(c2c[nH]c3ccc(Cl)cc23)C(c2ccc(Cl)cc2)N(c2cc(Cl)cn(C3CC(O)(CO)C3)c2=O)C1=O,中毒,34.834694,15.303033,0.191949114,4.024160834
Cc1n[nH]nc1-c1cc2c(c(-c3c(Cl)cccc3Cl)c1)C(c1ccc(Cl)cc1)N(c1cc(Cl)cn(C3CC(O)(CO)C3)c1=O)C2,中毒,9.036046,9.912456,0.172460008,4.024863022
Cc1n[nH]nc1-n1c2c(c(=O)c3cc(Cl)ccc31)C(c1ccc(Cl)cc1)N(c1cc(Cl)cn(C3CC(O)(CO)C3)c1=O)C2=O,中毒,23.488405,12.087409,0.25572696,4.025325457
COc1c2c(c(N3Cc4cc(-c5n[nH]nc5C)cc(-c5c(Cl)cccc5Cl)c4C3c3ccc(Cl)cc3)cc(Cl)c1=O)CCN(C)C2=O,中毒,46.244698,14.746753,0.198364629,4.025974721
Cc1n[nH]nc1-c1cc2c(c(-c3c(Cl)cccc3Cl)c1)C(c1ccc(Cl)cc1)N(c1cc(Cl)cn(C3CC(O)(C(=O)O)C3)c1=O)C2,中毒,9.036046,9.912456,0.168136826,4.026553633
Cc1n[nH]nc1-c1cc2c(c(-c3c(Cl)cccc3Cl)c1)C(c1ccc(Cl)cc1)N1C(=O)NN=C(c3ccc(Cl)cc3)C1C2,中毒,12.26841,73.05251,0.205032098,4.026649277
Cc1n[nH]nc1-c1cc2c(s1)C(c1ccc(Br)cc1)N(c1cc(Cl)cn(C3CC(O)(CO)C3)c1=O)C2=O,中毒,8.738106,8.960914,0.314184848,4.02675319
Cc1n[nH]nc1-c1cc2c(o1)C(c1ccc(Cl)cc1)N(c1cc(Cl)cn(C3CC(O)(C(=O)O)C3)c1=O)C2=O,中毒,13.3429985,20.735756,0.336002064,4.027828049
Cc1n[nH]nc1-c1cc2c(c(-c3c(Cl)cccc3Cl)c1)C(c1ccc(Cl)cc1)N(c1ccn(C3CC(O)(CO)C3)c1)C2,中毒,20.19443,12.884042,0.184363456,4.027890034
Cc1n[nH]nc1-c1cc2c(c(-c3c(Cl)cccc3Cl)c1)C[S+]([O-])C2=O,低毒,6.7187586,31.980427,0.664438631,4.027894527
Cc1n[nH]nc1-c1cc2c3c(c(Cl)ccc3c1C)C(c1ccc(Cl)cc1)N(c1cc(Cl)cn(C3CC(O)(CO)C3)c1=O)C2=O,中毒,6.339412,19.778664,0.209018514,4.028158244
Cc1n[nH]nc1-c1cc2c(c(-c3c(F)cccc3F)c1)CC(c1ccc(Cl)cc1)N(c1cc(Cl)cn(C3CC(O)(CO)C3)c1=O)C2=O,中毒,15.809174,17.379768,0.196745898,4.028357361
Cc1n[nH]nc1-c1cc2c(c(-c3c(Cl)cccc3Cl)c1)C(c1ccc(Cl)cc1)N(c1cc(Cl)cn(C3CC(O)(O)C3)c1=O)C2,中毒,6.8665094,9.912456,0.169170623,4.028835881
Cc1n[nH]nc1-c1cn2c3c(c4cc(-c5cc(Cl)cc(Cl)c5)c(-c5cnc(N)nc5)cc4c(-c4c(Cl)cc(C#N)c(Cl)c4Cl)c-2c1=O)COC3,中毒,4.155876,10.454929,0.168946479,4.029589909
Cc1n[nH]nc1-c1cc(-c2cc(Cl)ccc2Cl)c2c(n1)C(=O)N(c1cc(Cl)cn(C3CC(O)(CO)C3)c1=O)C2c1ccc(Cl)cc1,中毒,39.425797,12.110745,0.186116676,4.029699306
Cc1n[nH]nc1-c1cc2c(c(-c3c(Cl)cccc3Cl)c1)N(c1cc(Cl)c(=O)n(C3CC(O)(CO)C3)c1)C(c1ccc(Cl)cc1)C2,中毒,19.569666,18.206211,0.169358412,4.030405879
Cc1n[nH]nc1-c1cnc2c(c1)C(c1ccc(F)cc1F)N(c1cc(Cl)cn(C3CC(O)(CO)C3)c1=O)C2=O,中毒,51.258514,26.588243,0.344623873,4.030522232
Cc1n[nH]nc1-c1cc2c3c4c(ccc(Cl)ccc-4c(-c4ccc(Cl)cc4)c1)C3N(c1cc(Cl)cn(C3CC(O)(CO)C3)c1=O)C2=O,中毒,6.1933956,8.960914,0.184490622,4.030599546
Cc1n[nH]nc1-c1cc2c(c(-c3c(Cl)cccc3Cl)c1)C(c1ccc(Cl)cc1)(c1ccc(S(=O)(=O)N(C)CC3CCCO3)cc1)C2,中毒,12.943845,22.857674,0.177550422,4.031155517
COCCOc1c(-c2n[nH]nc2C)cc2c(c1-c1c(Cl)ccc(S(=O)(=O)c3cc(F)cc(F)c3)c1C(F)(F)F)CC(N)CC2,中毒,5.995754,14.997799,0.174471876,4.031519121
Cc1n[nH]nc1-c1cc2c(c(-c3c(Cl)cccc3Cl)c1)C(c1ccc(Cl)cc1)N(c1cc(Cl)cn(C3CC(O)(CO)C3)c1=O)C(=O)C2,中毒,19.016203,18.239529,0.175124275,4.031762881
Cc1n[nH]nc1-c1cc2c(c(-c3c(F)cccc3Cl)c1)CC(c1ccc(Cl)cc1)N(c1cc(Cl)cn(C3CC(O)(CO)C3)c1=O)C2=O,中毒,15.809174,17.379768,0.181604099,4.031830526
Cc1cn[n+]([O-])c(NC(=O)c2ccc(Sc3c(C4=C5C(=CC(c6n[nH]nc6C)=C5F)CCN(c5ccc(F)cc5F)CC4)c(=O)c3=O)cc2)c1,中毒,29.54402,46.527485,0.134673144,4.03291495
Cc1n[nH]nc1-c1cc2c(c(-c3c(Cl)cccc3Cl)c1)C(c1ccc(Cl)cc1)N(c1cc(Cl)c3c(=O)c(C(=O)O)cn(C4CC4)c3c1O)C2,中毒,21.366123,9.063432,0.155974531,4.032959041
Cc1n[nH]nc1-c1cc2c(c(-c3c(Cl)cccc3Cl)c1)C(c1ccc(Cl)cc1)N(c1cc(Cl)cn(C3CCN(C(=O)F)CC3)c1=O)C2,中毒,16.649076,10.819605,0.145250442,4.033229645
Cc1n[nH]nc1-c1cc2c(c(-c3c(Cl)cccc3Cl)c1)C(c1ccc(Cl)cc1)N(C1=C(Cl)C(=O)N(C3CC(O)(CO)C3)C1=O)C2,中毒,27.907055,19.548931,0.212506624,4.033472771
Cc1n[nH]nc1-c1cc2c(c(-c3c(Cl)cccc3Cl)c1)C[S+]([O-])CC2,中毒,8.707723,21.209984,0.650649898,4.033566658
Cc1n[nH]nc1-c1cc2c(c(-c3c(Cl)cccc3Cl)c1)C(c1ccc(Cl)cc1)N(c1cc(Cl)cn3nc(O)c(I)c13)C(=O)C2,中毒,30.741566,75.078354,0.174773241,4.034135466
Cc1n[nH]nc1-c1csc(C2=C(C(N)=O)C(N)=C2c2ccc(C3(O)CCN(C(=O)c4cncc(Cl)c4)C3)cc2F)n1,中毒,10.752906,14.911535,0.263930756,4.034170362
Cc1n[nH]nc1-c1cc(-c2c(Cl)cccc2Cl)c2c(c1)C(c1ccc(F)cc1)Nc1nc3ccc(Cl)cc3n1C2c1ccc(Cl)cc1,中毒,41.2942,44.721333,0.191789499,4.034512641
COc1cc(OC)cc(N2C(c3cc(OC)c(OC)c(OC)c3)c3cc(-c4n[nH]nc4C)cc(-c4c(Cl)cccc4Cl)c3C2c2ccc(Cl)cc2)c1,中毒,12.55759,17.328533,0.147744713,4.034655476
Cc1n[nH]nc1-c1cc2c(O)nc(-c3c(F)cccc3Cl)c3c(c-2c1)C(c1ccc2c(c1)OCO2)N(c1cncnc1)C3,中毒,14.93217,10.862635,0.250507399,4.034803801
Cc1n[nH]nc1-c1cc2c(c(=O)[nH]c1=O)C(c1cccc(Cl)c1)N(c1cc(Cl)cn(C3CC(O)(CO)C3)c1=O)C2=O,中毒,8.614452,18.232977,0.270686067,4.035048897
Cc1n[nH]nc1-c1cc2c(c(-c3c(F)cccc3F)c1)C(c1ccc(Cl)cc1)N(c1cc(Cl)cn(C3CC(O)(CO)C3)c1=O)C2,中毒,6.3808517,8.960914,0.197568297,4.035290494
Cc1n[nH]nc1C1=C(F)C=C2C(=O)C(C(=O)O)=C(O)C(c3ccc(-c4cnn(C(C)C(=O)O)c4)cc3)=C21,中毒,11.341123,13.989383,0.368746623,4.035600468
Cc1n[nH]nc1-c1cc2c(c(=O)n(Cc3cccc(F)c3)c1=O)C(c1ccc(Cl)cc1)N(c1cc(Cl)cn(C3CC(O)(CO)C3)c1=O)C2=O,中毒,6.9793477,12.087409,0.23062363,4.035664993
Cc1n[nH]nc1-c1cc2c(c(-c3c(Cl)cccc3Cl)c1)C(c1ccc(Cl)cc1)N(c1cc(Cl)cn(C3CC(O)(C(=O)O)C3)c1=O)C(=O)C2,中毒,19.016203,18.239529,0.170432235,4.035876806
Cc1n[nH]nc1-c1cc2c(c3c(Cl)cccc3c1=O)C(c1ccc(Cl)cc1)N(c1cc(Cl)cn(C3CC(O)(CO)C3)c1=O)C2=O,中毒,24.260992,22.6077,0.233896312,4.036057017
Cc1n[nH]nc1-c1cnc2c(c1-c1cc(Cl)ccc1OC(F)F)C(c1ccc(Cl)cc1)N(c1cc(Cl)cn(C3CCOCC3)c1=O)C2=O,中毒,57.01388,13.503714,0.184167455,4.036142921
Cc1n[nH]nc1-c1cc2c(c(=O)[nH]1)C(c1ccc(Cl)cc1)N(c1cc(Cl)cn(C3CC(O)(CO)C3)c1=O)C2,中毒,9.036046,42.47603,0.296794896,4.037393029
Cc1n[nH]nc1-c1cc2c(c(-c3c(Cl)cccc3Cl)c1)C(c1ccc3c4cc(F)ccc4c(=O)n(-c4cc(Cl)cn(C(C)(C)C)c4=O)c3c1)C2,中毒,3.363923,13.612229,0.183358904,4.037464226
Cc1n[nH]nc1C1=CC2=C(c3cc4[nH]nc(N)c4c(-c4ccc(Oc5cccc(C#N)c5)cc4)n3)C(N)CC2=C1,中毒,9.900968,27.983799,0.253471413,4.037848419
Cc1n[nH]nc1-c1cc2c(c(-c3c(Cl)cccc3Cl)c1)C(c1ccc(Cl)cc1)N(c1cc(C3=CC(=O)OC3=O)cc3sccc13)C2,中毒,14.232192,91.86474,0.144039578,4.037969499
Cc1n[nH]nc1-c1cc2c(c(-c3c(F)cccc3Cl)c1)C(c1ccc(Cl)cc1)N(c1cc(Cl)cn(C3CC(O)(CO)C3)c1=O)C2,中毒,6.3808517,8.960914,0.182576601,4.038901483
Cc1n[nH]nc1-c1cc2c(n1-c1cccc(Cl)c1)C(c1ccc(Cl)cc1)N(c1cc(Cl)cn(C3CC(O)(CO)C3)c1=O)C2=O,中毒,14.882899,11.513729,0.222449825,4.03904376
Cc1n[nH]nc1-c1cc2c(c(-c3c(Cl)cccc3Cl)c1)C(c1ccc(Cl)cc1)N(c1ccn(CC3CC(F)(F)C3)c1)C(=O)N2,中毒,6.9031672,64.83501,0.191683177,4.039206062
Cc1n[nH]nc1-c1cc2c(o1)C(c1ccc(Cl)cc1)N(c1cc(Cl)cn(C3CC(O)(CO)C3)c1=O)C2=O,中毒,13.3429985,20.735756,0.350192471,4.039841166
Cc1n[nH]nc1-c1cc2c(c(-c3c(Cl)cccc3Cl)c1)C(c1ccc(Cl)cc1)c1c3c(c4cccc(Cl)c4c1C(Cl)=NC2)OCO3,中毒,12.586559,12.927742,0.19885264,4.040121946
Cc1n[nH]nc1-c1cc2c(c(-c3c(O)ccc4ccccc34)c1)C(c1ccc(Cl)cc1)N(c1cc(Cl)cn(C3CC(O)(CO)C3)c1=O)C2,低毒,7.6477833,12.110745,0.150130907,4.040156269
Cc1n[nH]nc1-c1cc2c(c(-c3c(F)cccc3Cl)c1)C(c1ccc(Cl)cc1)N(c1cc(Cl)cn(C3CC(O)(C(=O)O)C3)c1=O)C2,中毒,6.3808517,8.960914,0.177025007,4.040372744
Cc1n[nH]nc1-c1cc2c(c(-c3c(Cl)cccc3Cl)c1)C(c1ccc(Cl)cc1)N1C(c3cc(Cl)cc(Cl)c3)=NCC1C2,中毒,41.167706,45.46089,0.210282218,4.040395242
Cc1n[nH]nc1-c1cc2c(c(-c3c(Cl)cccc3Cl)c1)C(n1cnc3c(NCc4cccc(Cl)c4)nc(Cl)nc31)C(C)C2,中毒,11.212591,18.717678,0.175417301,4.040696932
Cc1n[nH]nc1-c1cc2c(c(-c3c(Cl)cccc3Cl)c1)C(c1cc3cc(Cl)cnc3nc1Oc1ccc(Cl)cc1)C(C#N)=C(N)C2,中毒,11.05165,10.779784,0.185314519,4.040901149
Cc1n[nH]nc1-c1cc2c(c(-c3c(Cl)cccc3Cl)c1)C(n1cnc3c(NCc4cccc(Cl)c4)nc(Cl)nc31)C(O)C2,中毒,62.115097,16.63892,0.161562307,4.041171979
Cc1n[nH]nc1-c1cc2c(n1-c1ccc(Br)cc1)C(c1ccc(Cl)cc1)N(c1cc(Cl)cn(C3CC(O)(CO)C3)c1=O)C2=O,中毒,18.205946,11.513729,0.211915114,4.041285036
Cc1cc(N2Cc3cc(-c4n[nH]nc4C)cc(-c4c(Cl)cccc4Cl)c3C2c2ccc(Cl)cc2)c(=O)n(C2CC(O)(CO)C2)c1,中毒,9.036046,7.3154764,0.180045026,4.041778406
Cc1n[nH]nc1-c1cc2c([nH]c1=O)C(c1ccc(Cl)cc1)N(c1cc(Cl)cn(C3CC(O)(CO)C3)c1=O)C2=O,中毒,13.216523,12.087409,0.287928454,4.042761975
Cc1n[nH]nc1-c1cc2c([nH]1)C(c1cccc(Cl)c1)N(c1cc(Cl)cn(C3CC(O)(CO)C3)c1=O)C2=O,中毒,7.4282966,11.513729,0.305547525,4.042791875
Cc1n[nH]nc1-c1cc(-c2c(Cl)cccc2Cl)c2c(c1)C(c1ccc(Cl)cc1)N(N)C2c1ccc(Cl)cc1OC(F)(F)F,中毒,46.661816,9.5266905,0.183098468,4.04288136
Cc1n[nH]nc1-c1cc(-c2c(Cl)cccc2Cl)c2c(n1)C(=O)N(c1cc(Cl)cn(C3CC(O)(CO)C3)c1=O)C2c1ccc(Cl)cc1,中毒,39.425797,12.110745,0.186116676,4.043108441
Cc1n[nH]nc1-n1c2c(c(=O)n(Cc3ccc(Cl)cc3)c1=O)C(c1ccc(Cl)cc1)N(c1cc(Cl)cn(C3CC(O)(CO)C3)c1=O)C2=O,中毒,28.801418,14.418226,0.231071568,4.044383342
Cc1n[nH]nc1C1=Cc2c(c3nc(NC(=O)c4ccc(Oc5ccc(F)c(Cl)c5)cc4)c(-c4ccoc4)c-3c(O)c3ccccc23)C(O)C1,中毒,7.1121993,19.55125,0.137336777,4.044622818
COc1cc(C2=C(C(=O)O)C=C(N3Cc4cc(-c5n[nH]nc5C)cc(-c5c(Cl)cccc5Cl)c4C3c3ccc(Cl)cc3)C2=O)cc(OC)c1OC,中毒,53.746273,38.191032,0.15322066,4.045099154
Cc1n[nH]nc1-c1cc(-c2c(Cl)cccc2Cl)c2c(n1)C(=O)N(c1cc(Cl)cn(C3CC(O)(C(=O)O)C3)c1=O)C2c1ccc(Cl)cc1,中毒,39.425797,12.110745,0.179989506,4.045684705
Cc1n[nH]nc1-c1cc2c(-c3c(S(=O)(=O)c4ccc(Cl)cc4)c(Cl)c4c(=O)c(C(=O)O)cn(C5CC5)c4c3OC(C)CN(C)C)c-2c1,中毒,22.659994,9.063432,0.170013125,4.045723981
Cc1n[nH]nc1-c1cc2c(c(-c3c(Cl)cccc3Cl)n1)C(c1ccc(Cl)cc1)N(c1cc(Cl)cn(C3CC(O)(CO)C3)c1=O)C2=O,中毒,7.4282966,12.110745,0.186116676,4.045759763
Cc1n[nH]nc1-c1cc2c(c(-c3c(Cl)cccc3Cl)c1)C(c1ccc(Cl)cc1)C(c1ccc(Cl)cc1)N(C#N)N2,中毒,8.477617,185.91371,0.199693214,4.045780306
Cc1n[nH]nc1-c1cc2c(c(-c3c(Cl)cccc3Cl)c1)C(c1ccc(Cl)cc1)N1C(=O)c3c(Cl)c(Cl)c(Cl)c(I)c3C(=O)C1=C2,中毒,14.595422,14.0600395,0.11163407,4.04589554
Cc1n[nH]nc1NC(=O)c1cc2c(n1-c1ccc(Cl)cc1)C(c1ccc(Cl)cc1)N(c1cc(Cl)cn(C3CC(O)(CO)C3)c1=O)C2=O,中毒,23.909687,11.513729,0.184899785,4.046282317
Cc1n[nH]nc1-c1cnc2c(c1)C(c1cc(Cl)ccc1Cl)N(c1cc(Cl)cn(C3CC(O)(CO)C3)c1=O)C2=O,中毒,28.801418,26.588243,0.319605723,4.046513257
Cc1n[nH]nc1-c1cc2c(c(-c3c(Cl)cccc3Cl)c1)CC(c1ccc(Br)cc1)N(c1cc(Cl)cn(C3CC(O)(CO)C3)c1=O)C2=O,中毒,22.081963,19.79431,0.166833472,4.046678677
Cc1n[nH]nc1-c1cc2c(c(-c3c(Cl)cccc3Cl)c1)CC(c1cccc(Cl)c1)N(c1cc(Cl)cn(C3CC(O)(CO)C3)c1=O)C2=O,中毒,22.081963,19.79431,0.170951398,4.046742094
Cc1n[nH]nc1-c1cc(-c2c(Cl)cccc2Cl)c2c(c1)-c1c(cc(F)c(OCc3ccc(Cl)cn3)c1F)C(=O)N(N)C2c1ccc(N(C)C)cc1,中毒,71.95157,15.48005,0.124056553,4.046786836
Cc1n[nH]nc1-c1cc2c(c(-c3c(F)cccc3Cl)c1)C(c1ccc(Cl)cc1)N(c1cc(Cl)cn3nc(C(C)(C)O)c(=O)c-3c1)C2,中毒,46.08258,32.193752,0.193033302,4.047219588
CC1=C2C(=O)C(c3cnc(OC4CCOCC4)nc3)=NC(C3CCN(C(S)=NNc4ccc(Cl)c(Cl)c4)CC3)=C2C=C1c1n[nH]nc1C,中毒,32.17651,35.111286,0.119727936,4.047264009
Cc1n[nH]nc1-c1cc2c(c(-c3c(Cl)cccc3Cl)c1)C(c1ccc(Cl)cc1)N(C1=Cc3ccc(Cl)cc3S(=O)(=O)C=C1)C2,中毒,35.757618,15.468769,0.204825024,4.04763912
Cc1n[nH]nc1-c1cc2c(c(-c3c(Cl)cccc3Cl)c1)C[S+]([O-])C2,中毒,10.582876,31.020763,0.667317972,4.047774789
Cc1n[nH]nc1-c1cc2c(c(-c3c(Cl)cccc3Cl)n1)C(c1ccc(Cl)cc1)N(c1cc(Cl)cn(C3CC(O)(C(=O)O)C3)c1=O)C2=O,中毒,7.4282966,12.110745,0.179989506,4.048295237
Cc1n[nH]nc1-c1cc2c(c(-c3c(F)cccc3Cl)n1)C(c1ccc(Cl)cc1)N(c1cc(Cl)cn(C3CC(O)(CO)C3)c1=O)C2=O,中毒,7.4282966,12.110745,0.202684843,4.049002792
Cc1n[nH]nc1-c1cc2c(c(-c3c(Cl)cccc3Cl)c1)C1=C(C3=C(C=CC(C)(C)O3)C1=O)C(N1CC1)C2,中毒,9.345008,22.61323,0.423348528,4.049802382
Cc1n[nH]nc1-c1cnc2c(c1N)C(c1ccc(Cl)cc1)N(c1cc(Cl)cn(C3CC(O)(CO)C3)c1=O)C2=O,中毒,52.723274,33.378986,0.285546865,4.049850437
Cc1n[nH]nc1-c1cc(-c2c(Cl)cccc2Cl)c2c(c1)C(c1ccc(Cl)cc1)N(c1cc3c(nn1)CCC3)C2c1ccc(Cl)cc1,中毒,18.026196,26.906008,0.195841657,4.050391173
Cc1n[nH]nc1-c1cc2c(c(-c3c(Cl)cccc3Cl)c1)C(c1ccc(Cl)cc1)N(c1cc(Cl)cn(C3(C)COC3)c1=O)C2,中毒,16.310873,11.733231,0.207755049,4.050463265
Cc1n[nH]nc1-c1cnc2c(c1)C(c1cccc(Cl)c1Cl)N(c1cc(Cl)cn(C3CC(O)(CO)C3)c1=O)C2=O,中毒,28.801418,26.588243,0.319605723,4.050570949
Cc1n[nH]nc1-n1c2c(c(=O)[nH]c1=O)C(c1ccc(Cl)cc1)N(c1cc(Cl)cn(C3CC(O)(CO)C3)c1=O)C2=O,中毒,28.801418,21.748821,0.269674317,4.051434838
Cc1n[nH]nc1C1=CC2=C(P(=O)(O)O)C(C(=O)N3CCCC3c3ccc4c(c3)OCO4)=CC2=C1,中毒,17.027163,47.099373,0.568290885,4.051709699
Cc1n[nH]nc1-c1cc2c(c(-c3c(Cl)cccc3Cl)c1)C(c1cccc(Cl)c1)N(c1cc(Cl)cn(C3CC(O)(CO)C3)c1=O)C2,中毒,9.036046,9.912456,0.172460008,4.052103681
Cc1n[nH]nc1-c1cc2c(c(-c3c(Cl)cccc3Cl)c1)C(c1ccc(Cl)cc1)N(c1cc(Cl)cn(C3CC(S(=O)(=O)O)C3)c1=O)C2,中毒,39.76092,10.819605,0.171320528,4.052604955
Cc1n[nH]nc1-c1cc(-c2c(Cl)cccc2Cl)c2c(c1)C(C)N(c1cc(Cl)cn(C3CC(O)(CO)C3)c1=O)C2,中毒,9.204226,20.569803,0.276620584,4.052692744
Cc1n[nH]nc1-n1c2c(c(=O)c3cc(Br)ccc31)C(c1ccc(Cl)cc1)N(c1cc(Cl)cn(C3CC(O)(CO)C3)c1=O)C2=O,中毒,23.488405,12.087409,0.245937515,4.053032519
Cc1n[nH]nc1-c1cc2c(c(-c3c(Cl)cccc3Cl)c1)C(c1ccc(Cl)cc1F)N(c1ccn(C3CC(O)(CO)C3)c(=O)c1)C2,中毒,14.076698,14.151563,0.182576601,4.053066318
Cc1n[nH]nc1-c1cc(-c2c(Cl)cccc2Cl)c2c(c1)N(c1cc(Cl)cn(C3CC(O)(CO)C3)c1=O)C2c1ccc(C#N)cc1,中毒,5.345146,16.023859,0.184026483,4.053120164
Cc1n[nH]nc1-c1cc(-c2c(F)cccc2F)c2c(n1)C(=O)N(c1cc(Cl)cn(C3CC(O)(CO)C3)c1=O)C2c1ccc(Cl)cc1,中毒,39.425797,12.110745,0.221122924,4.053372984
Cc1n[nH]nc1-c1cc2nc3ccc(Cl)cc3c3c(c-2c1)C(c1ccc(Cl)cc1)N(c1cc(Cl)cn(C2CC(O)(CO)C2)c1=O)C3=O,中毒,14.0745,9.173887,0.191790769,4.054036259
Cc1n[nH]nc1C1=C(Cl)C(=O)C2=C(C(F)(F)F)N(c3cc(Cl)cn(C4CC(O)(CO)C4)c3=O)C(=O)C2=C1,中毒,37.433098,10.648614,0.523266378,4.054217924
Cc1n[nH]nc1-c1cc2c(c(-c3c(Cl)cccc3Cl)c1)C(c1ccc(Br)cc1)N(c1cc(Cl)cn(C3CC(O)(CO)C3)c1=O)C2,中毒,9.036046,9.912456,0.167393214,4.054338846
Cc1n[nH]nc1-c1cc(-c2c(Cl)cccc2Cl)c2c(c1)N1C(=O)N(c3ccc(Cl)cc3)C(c3ccc(Cl)cc3)C21c1ccc(Cl)cc1,中毒,79.36652,28.015333,0.193065245,4.05440563
Cc1n[nH]nc1-c1cc2c(c(-c3c(Cl)cccc3Cl)c1)C(Nc1nc(Cl)cn(C3CC(O)(CO)C3)c1=O)C2,中毒,23.42224,20.826511,0.262395435,4.054453842
Cc1n[nH]nc1-c1cc2c(c(-c3c(Cl)cccc3Cl)c1)C(c1ccc(Cl)cc1)N(c1csc(C3(C(F)F)CC3)c1)C2,中毒,6.100246,12.947526,0.203804404,4.054765332
Cc1n[nH]nc1-c1cc(-c2c(Cl)cccc2Cl)c2c(c1)C(c1ccc(N)cc1)C(c1ccc(Cl)cc1)NC2c1ccc(Cl)cc1,中毒,21.347406,12.121368,0.159503983,4.055192134
Cc1n[nH]nc1-c1cc2c(c(-c3c(Cl)cccc3Cl)c1)C(c1ccc(Cl)cc1)N(c1cc3c(s1)C(=O)C(N)=N3)C2,中毒,14.343474,15.440376,0.218029632,4.055409413
Cc1n[nH]nc1-c1cc2c(cc1-c1c(Cl)cccc1Cl)C(c1ccc(Cl)cc1)N(C(CS(=O)(=O)c1ccccc1)N1CCOCC1)C2,中毒,46.149124,40.84644,0.179209383,4.055531103
Cc1n[nH]nc1-c1cc(-c2c(Cl)cccc2Cl)c2c(c1)C(c1ccc(Cl)cc1)C2c1cc2c(Cl)cccc2nc1Oc1ccc(N(C)C)cc1,中毒,7.4699874,22.733452,0.176423799,4.055567194
Cc1n[nH]nc1-c1cc2c(c(-c3c(Cl)cccc3Cl)c1)C(c1ccc(Cl)cc1)N(c1cc(Cl)cn(C3CC(O)(CN)C3)c1=O)C2,中毒,16.57991,9.912456,0.172695975,4.055850934
Cc1n[nH]nc1-c1cc2c(c(-c3c(Cl)cccc3Cl)c1)C(c1ccc(Cl)cc1)N(c1cc(Cl)cn(C3CC(O)(CO)C3)c1=O)C(=O)N2,中毒,10.435232,10.801412,0.144756729,4.055890068
Cc1n[nH]nc1-c1cc(-c2c(Cl)cccc2Cl)c2c(c1)-c1c(cc(F)c(N3CCOCC3)c1Cl)N(P(=O)(O)O)C2c1ccc(Cl)cc1,中毒,6.761504,16.947666,0.153774495,4.056054441
Cc1n[nH]nc1-c1cc2c(c(-c3c(Cl)cccc3Cl)c1)C(c1ccnc3ccccc13)N(C(=O)c1cnc3cc(F)ccc3c1)C(C)C2,中毒,19.01208,11.458935,0.201426364,4.056088756
CC(=O)n1c(C)c(C(=O)O)c(=O)c2cc(F)c(N3Cc4cc(-c5n[nH]nc5C)cc(-c5c(Cl)cccc5Cl)c4C3c3ccc(Cl)cc3F)cc21,中毒,9.394011,14.878985,0.181693312,4.056302793
Cc1n[nH]nc1-c1cc2c(c(-c3c(F)cccc3F)n1)C(c1ccc(Cl)cc1)N(c1cc(Cl)cn(C3CC(O)(CO)C3)c1=O)C2=O,中毒,7.4282966,12.110745,0.221122924,4.056384523
Cc1n[nH]nc1-c1cc2c(c(-c3c(Cl)cccc3Cl)c1)C(c1ccc(Cl)cc1)N(C1=CC3=NN(C)C3=C1)C2,中毒,22.471762,24.20953,0.283071881,4.056469384
Cc1n[nH]nc1S(=O)(=O)c1ccc2c(c1)c(=O)c(C(=O)O)cn2C1CCC(O)C(C)O1,中毒,7.003804,12.945515,0.528156566,4.056483239
Cc1n[nH]nc1C1=Cc2c(c(-c3c(Cl)cccc3Cl)c3c(=O)[nH]c(=O)n(Cc4c(F)ccc(F)c4F)c3c2Cl)C(C)C1,中毒,10.79688,62.69224,0.2040075,4.056827292
Cc1n[nH]nc1-c1cc2c(c(-c3c(Cl)cccc3Cl)c1)C(c1cccc(F)c1)N(c1cc(Cl)cn(C3CC(O)(CO)C3)c1=O)C2,中毒,6.1933956,8.960914,0.182576601,4.056903681
Cc1n[nH]nc1-c1cc(-c2c(F)cccc2Cl)c2c(n1)C(=O)N(c1cc(Cl)cn(C3CC(O)(CO)C3)c1=O)C2c1ccc(Cl)cc1,中毒,39.425797,12.110745,0.202684843,4.056927552
Cc1n[nH]nc1-c1cc2c(c(-c3c(Cl)cccc3Cl)c1)C(c1ccc(Cl)cc1)N(c1cc(Cl)cn(C3CC([N+](=O)[O-])C3)c1=O)C2,低毒,31.73474,10.777793,0.142589219,4.057427857
Cc1n[nH]nc1-c1cc(-c2c(Cl)cccc2Cl)c2c(c1)N1C(=O)N(Cc3ccc(Cl)cc3)C(c3ccc(Cl)cc3)C21c1ccc(Cl)cc1,中毒,43.942547,19.93801,0.185475667,4.057935181
Cc1n[nH]nc1-c1cc2c(c(-c3c(Cl)cccc3Cl)c1)C(c1cccc(Cl)c1)N(c1cc(Cl)cn(C3CC(O)(CO)C3)c1=O)C(=O)C2,中毒,19.016203,18.239529,0.175124275,4.05796382
Cc1n[nH]nc1-c1cc2c(c(-c3c(Cl)cccc3Cl)c1)C(c1ccc(Cl)cc1)S(=O)(=O)C(c1ccc(Cl)cc1)N2,中毒,36.91782,32.14778,0.20757502,4.058020856
Cc1n[nH]nc1-c1cc2c(s1)C(c1ccc(Cl)c(Cl)c1)N(c1cc(Cl)cn(C3CC(O)(CO)C3)c1=O)C2=O,中毒,8.738106,8.960914,0.306667503,4.058379258
Cc1n[nH]nc1-c1cc2c(c(-c3c(Cl)cccc3Cl)c1Cc1ccc(Cl)cc1F)C(c1ccc(Cl)cc1)C(c1ccc(Cl)cc1Cl)N2,中毒,13.026886,33.36631,0.178623994,4.058925581
Cc1n[nH]nc1-c1cc(-c2c(Cl)cccc2Cl)c2c(c1)C(c1ccc(Cl)cc1)N(c1cc3c(=O)c(=O)c3cc1F)C2c1ccc(Cl)cc1,中毒,5.290411,17.265495,0.17983766,4.059336361
Cc1n[nH]nc1-n1c2c(c(=O)n(C)c1=O)C(c1ccc(Cl)cc1)N(c1cc(Cl)cn(C3CC(O)(CO)C3)c1=O)C2=O,中毒,28.801418,14.418226,0.307593009,4.059396291
Cc1n[nH]nc1-c1cnc2c(c1-c1ccc(Cl)c(Cl)c1)C(c1ccc(Cl)cc1)N(c1cc(Cl)cn(C3CC(O)(CO)C3)c1=O)C2=O,中毒,59.929935,12.110745,0.186116676,4.059558321
Cc1n[nH]nc1C1=CC2=C1C(c1ccc(Cl)cc1)N(c1cc(Cl)cn(C3CC(O)(CO)C3)c1=O)C2=O,中毒,15.540574,13.503714,0.469572109,4.059846334
Cc1n[nH]nc1-c1cc2c(c(-c3c(Cl)cccc3Cl)c1)C(c1ccc3c(c1)OCO3)N1CCCC1C=N2,中毒,2.9735172,84.05308,0.315947577,4.059989195
Cc1n[nH]nc1-c1cc2c(c(-c3c(Cl)cccc3Cl)c1)C(c1ccc(Cl)cc1)N(c1cnc3cc(Cl)ccc3c1)C1=C2NOC1(C)C,中毒,20.583145,16.85873,0.190685675,4.060123588
Cc1n[nH]nc1-c1cc2nc3ccccc3c3c(c-2n1)C(c1ccc(Cl)cc1)N(c1cc(Cl)cn(C2CC(O)(CO)C2)c1=O)C3=O,中毒,6.6767583,13.503714,0.232418952,4.060371866
Cc1n[nH]nc1-c1cc(-c2cc(Cl)cc(Cl)c2)c2c(n1)C(=O)N(c1cc(Cl)cn(C3CC(O)(CO)C3)c1=O)C2c1ccc(Cl)cc1,中毒,39.425797,12.110745,0.186116676,4.060548105
Cc1n[nH]nc1-c1ccc2c3c(-c4cc5c(cc4F)C(=O)N5)c(-c4nccc(OC5CCCO5)c4CO)c(Cl)cc3n(C)c2c1,中毒,10.919842,19.275644,0.192497659,4.060623589
Cc1n[nH]nc1-c1cc2c(c(=O)[nH]c1=O)C(c1ccc(Cl)cc1)N(c1cc(Cl)cn(C3CC(O)(C(=O)O)C3)c1=O)C2,中毒,11.576205,38.91602,0.269609668,4.061002471
Cc1n[nH]nc1-c1cc2c(c(=O)c(C#N)c1)C(c1ccc(Cl)cc1)N(c1cc(Cl)cn(C3CC(O)(CO)C3)c1=O)C2=O,中毒,13.782432,18.775484,0.311920978,4.06154692
Cc1n[nH]nc1-c1cc2c(c(-c3c(Cl)cccc3Cl)c1)C(c1ccc(Cl)cc1)N(c1cc(Cl)cn(C3CC(F)(F)C3)c1=O)N2,中毒,21.886074,10.663213,0.194567658,4.061871903
Cc1n[nH]nc1-c1cc2c(c(-c3cc(Cl)c(OCc4ccc(F)cc4)cc3Cl)c1C(c1ccccc1)c1c(O)c3c(oc1=O)CCC3)C=CC2,中毒,130.78468,8.780477,0.163668868,4.062086781
Cc1n[nH]nc1-c1cc2c(c(-c3c(Cl)cccc3Cl)c1)C(c1ccc(Cl)cc1)N(c1c(Cl)c(OCCN(C)C)c(Cl)c3c1C(=O)CC3)C2,中毒,16.443052,22.22737,0.170790633,4.062174504
Cc1n[nH]nc1-c1cc2c(c(-c3c(Cl)cccc3Cl)c1)C(c1ccc(Cl)cc1)N(c1cn(C3CC(O)(CO)C3)nn1)C2,中毒,18.730532,14.245691,0.20752185,4.06297898
Cc1n[nH]nc1-c1cc(-c2c(Cl)cccc2Cl)c2c(c1)-c1c(cc(N3CCn4cc(Br)c(=O)n4C3)nc1-c1c(Cl)cccc1Cl)S(=O)(=O)C2,中毒,3.0227516,31.339725,0.190347447,4.063280873
Cc1ccc(Cl)cc1CN1C(c2ccc(NS(C)(=O)=O)c(F)c2)c2cc(-c3n[nH]nc3C)cc(C(=O)O)c(=O)c2C1c1ccc(Cl)cc1,中毒,38.02489,18.31042,0.162407989,4.063407098
Cc1n[nH]nc1-c1cc2c(c(-c3c(Cl)cccc3Cl)c1)C(c1ccc3c(c1)OCO3)N(c1cc(Cl)c3nc(NS(=O)(=O)N(C)C)sc3c1)C2,中毒,24.664629,32.634953,0.167729934,4.063734664
Cc1n[nH]nc1C1=C(C(N)=O)C(c2cc3ccccc3[nH]2)N(c2cc(Cl)c(Cl)c(Cl)c2)C1c1ccc(Cl)c(F)c1,中毒,49.60065,18.526995,0.177189119,4.064576828
Cc1n[nH]nc1-c1cc2c(c(-c3c(Cl)cccc3Cl)c1)C(c1ccc(Cl)cc1)CN(c1cc(Cl)cn(C3CC(O)(CO)C3)c1=O)C2=O,中毒,22.081963,18.239529,0.173205438,4.064609974
Cc1n[nH]nc1-c1cc2c(c(-c3cc(Cl)ccc3Cl)c1)C(c1ccc3c(c1)OCO3)C(c1ccc(Cl)cc1)N(Br)N2,中毒,7.6679077,148.50237,0.186247625,4.065123218
Cc1n[nH]nc1-c1cc2c(c(-c3c(Cl)cccc3Cl)c1)C(c1ccc3c(c1)OCO3)C(c1ccc(Cl)cc1)N(C#N)C2,中毒,32.457253,9.698114,0.204963434,4.065432674
Cc1n[nH]nc1-c1cc2c(c(-c3cc(Cl)ccc3Cl)c1)C(c1ccc(Cl)cc1)N(c1ccc(Cl)c(C3(CF)C(=O)NC(=O)NC3=O)c1)C2,中毒,27.388887,25.948162,0.154287628,4.065891427
Cc1n[nH]nc1-c1cc2c(c(-c3c(Cl)cccc3Cl)c1)C(c1ccc(Cl)cc1)S(C)(=O)=N2,中毒,21.330742,29.592205,0.320162765,4.06604348
Cc1n[nH]nc1-c1cc2n(c1-c1ccc(Cl)cc1)C(c1ccc(Cl)cc1)N(c1cc(Cl)cn(C3CC(O)(CO)C3)c1=O)C2=O,中毒,20.573853,13.503714,0.218158593,4.066204736
Cc1n[nH]nc1C1=CC2=C(Oc3ccc(F)cc3)C(=O)C(c3c(Cl)ccc(Cl)c3Cl)=C2C(c2ccc(Cl)cc2)C1(C#N)C#N,中毒,18.617636,22.862907,0.214447859,4.066294792
Cc1n[nH]nc1-c1cc2c(cc1-c1c(Cl)cccc1Cl)C(c1ccc(Cl)cc1)N(C1=CC(=O)N(C3CC(O)(CO)C3)C1=O)C2,中毒,34.725697,19.548931,0.237329768,4.066541321
Cc1n[nH]nc1-c1cc2c(c(-c3c(Cl)cccc3Cl)c1)C(c1ccc(Cl)cc1)Oc1cc(Cl)c(N3CCC(Oc4ccc(F)cn4)CC3)c(Cl)c1C2,中毒,5.575748,14.775354,0.180924651,4.067115649
Cc1n[nH]nc1-c1cc2c(c(-c3c(Cl)cccc3Cl)c1)C(c1ccc(Cl)cc1)N(c1nc(Cl)cn(C3CC(O)(CO)C3)c1=O)C2,中毒,12.952971,12.65508,0.180386738,4.067331153
Cc1n[nH]nc1C1=CC2=C(C(c3c(Cl)cccc3Cl)=C2)C(c2ccc(Cl)cc2)N(c2cc(Cl)cn(O)c2=O)C1=O,中毒,63.183285,17.242203,0.249868776,4.067856376
Cc1n[nH]nc1-c1cc2c(c(-c3c(Cl)cccc3Cl)c1)P(=O)(Oc1ccc(Cl)cc1)C(C#N)=C(N)N2,中毒,17.834257,26.225712,0.24529543,4.06789095
Cc1n[nH]nc1-c1cc2c(c(-c3cc(Oc4ccc(Cl)cc4)ccc3Cl)c1)C(c1ccc(Cl)cc1)N(c1cc(Cl)cn(C3CC(O)(CO)C3)c1=O)C2,中毒,22.081963,9.912456,0.141274996,4.067911535
Cc1n[nH]nc1-c1cc2c(c(=O)[nH]c1=O)C(c1ccc(Cl)cc1)N(c1cc(Cl)cn(C3CC(O)(CO)C3)c1=O)C2,中毒,11.576205,38.91602,0.279233938,4.068099619
Cc1n[nH]nc1-c1cc2c(s1)C(c1ccc(Cl)cc1Cl)N(c1cc(Cl)cn(C3CC(O)(CO)C3)c1=O)C2=O,中毒,7.8750753,8.960914,0.306667503,4.068265411
Cc1n[nH]nc1-c1cc2c(c(-c3c(Cl)cccc3Cl)c1)C(c1ccc(Cl)cc1)N(c1nc(Cl)cn(C3CC(O)(C(=O)O)C3)c1=O)C2,中毒,12.952971,12.65508,0.174746038,4.068358201
Cc1n[nH]nc1-c1cc2c3c(C(c4ccc(Cl)cc4)N(C)c4ccc(Cl)c(Cl)c4)c4[nH]c(=O)n(C)c(=O)c4c(-c4ccc(Cl)c(Cl)c4)c3c1-2,中毒,15.204809,16.834795,0.165155047,4.068743769
Cc1n[nH]nc1-c1cnc2c(c1)C(c1cccc(Cl)c1F)N(c1cc(Cl)cn(C3CC(O)(CO)C3)c1=O)C2=O,中毒,51.258514,26.588243,0.333100258,4.068797873
Cc1n[nH]nc1-c1cc2c(c(-c3c(Cl)cccc3Cl)c1)C(c1ccc3c(c1)OCO3)CC(c1ccccc1)N(COC(=O)C1CC1)C2,中毒,46.164482,11.666832,0.174287303,4.068899979
Cc1n[nH]nc1-c1cc(-c2c(Cl)cccc2Cl)c2c(c1)C(c1ccc(N(CCCl)CCCl)cc1)C(c1cc(Cl)cc(Cl)c1)O2,中毒,18.63506,42.74491,0.15506818,4.068904678
Cc1n[nH]nc1-c1cc2c(c(=O)n(C3CC3)c1=O)C(c1ccc(Cl)cc1)N(c1cc(Cl)cn(C3CC(O)(CO)C3)c1=O)C2=O,中毒,8.614452,12.087409,0.290731643,4.069031899
Cc1n[nH]nc1-c1cc2c3c(c(F)cc(Br)c3c1)C(c1ccc(Cl)cc1)N(c1cc(Cl)cn(C3CC(O)(CO)C3)c1=O)C2=O,中毒,4.147051,18.968138,0.20354404,4.069592292
Cc1n[nH]nc1-c1cc(-c2c(Cl)cccc2Cl)c2c(n1)C(=O)N(c1cc(Cl)cn(C3CC(O)(CO)C3)c1=O)C2c1cccc(Cl)c1,中毒,39.425797,12.110745,0.186116676,4.069923465
Cc1n[nH]nc1-c1cc2c3c(c(-c4c(Cl)cccc4Cl)ccc3c1)C(c1ccc(Cl)cc1)N(c1cc(Cl)cn(C3CC(O)(CO)C3)c1=O)C2=O,中毒,6.339412,19.778664,0.157996715,4.070284556
Cc1n[nH]nc1-c1cc2c(c(-c3c(Cl)cccc3Cl)c1)C(c1ccc3c(c1)OCO3)C(Nc1cc(Cl)cc(Cl)c1)C(=O)C2,中毒,5.783975,23.566387,0.19800063,4.071376857
Cc1n[nH]nc1-c1cc2c(c(-c3c(Cl)cccc3Cl)c1)C(c1ccc(Cl)cc1)N(c1cc(Cl)cn3c(=O)c(C(=O)O)c(O)c-3c1F)C2,中毒,20.93128,21.731676,0.16443355,4.071539393
Cc1n[nH]nc1C1=CC2=C(C2)C(c2cc(Oc3c(Cl)cc(Cl)cc3OC(C)(C)C#N)ccc2Cl)=c2c(O)cc(C=O)cc2=C1Cl,中毒,36.2443,42.153366,0.195200172,4.071778439
Cc1n[nH]nc1-c1cc2c(c(-c3c(Cl)cccc3Cl)c1)C(c1c(Cl)cc3c(c1Br)OCO3)C(N1CC1)=NC2,中毒,10.841203,38.432915,0.241138601,4.071915961
Cc1n[nH]nc1-c1cc2c(c(=O)[nH]c1=O)C(c1ccc(Cl)c(Cl)c1)N(c1cc(Cl)cn(C3CC(O)(CO)C3)c1=O)C2=O,中毒,8.614452,18.232977,0.260119547,4.072033566
Cc1n[nH]nc1-c1cc(-c2c(Cl)cccc2Cl)c2c(n1)C(=O)N(c1cc(Cl)cn(C3CC(O)(CO)C3)c1=O)C2c1ccc(Br)cc1,中毒,39.425797,12.110745,0.179940003,4.072123705
Cc1n[nH]nc1-c1cc2c(c(-c3c(Cl)cccc3Cl)c1)C(n1cnc3c(NCc4ccccc4)nc(Cl)nc31)C(C1CCCC1)C2,中毒,11.212591,17.540133,0.164657991,4.072180817
Cc1n[nH]nc1-c1cc2c(c(-c3c(Cl)cccc3Cl)c1)C(c1ccc(Cl)cc1)N(C1=CN(C(=O)c3cccc(C(F)(F)F)c3)C(C)(C)C1)C2,中毒,48.285732,15.949178,0.196169427,4.072192168
Cc1n[nH]nc1-c1cc2c(c(-c3c(Cl)cccc3Cl)n1)C(c1ccc(Cl)cc1)N(c1cc(Cl)cn(C3CC(O)(Cl)C3)c1=O)C2=O,中毒,16.045275,12.110745,0.182087266,4.072373817
Cc1n[nH]nc1-n1c2c(c(=O)n(-c3ccc(Cl)cc3)c1=O)C(c1ccc(Cl)cc1)N(c1cc(Cl)cn(C3CC(O)(CO)C3)c1=O)C2=O,中毒,32.17651,13.503714,0.24302138,4.072506835
Cc1n[nH]nc1-c1cc2c(c(-c3c(Cl)cccc3Cl)c1)C(n1cnc3c(NC4CCCC4)nc(Cl)nc31)C(O)C2,中毒,41.129498,16.63892,0.201071009,4.072515845
Cc1n[nH]nc1-c1cc2c(c(-c3c(Cl)cccc3Cl)n1)C(c1cccc(Cl)c1)N(c1cc(Cl)cn(C3CC(O)(CO)C3)c1=O)C2=O,中毒,7.4282966,12.110745,0.186116676,4.072574787
Cc1n[nH]nc1-c1cc2c(c(-c3c(Cl)cccc3Cl)c1)C(c1ccc(Cl)cc1)N(c1cc(Cl)cn3c(=O)c(C(=O)O)c(OC4CC4)c-3c1)C2,中毒,27.714228,21.731676,0.168468163,4.072721736
Cc1n[nH]nc1-c1cc2c(c(-c3c(Cl)cccc3Cl)c1)C(c1ccc(Cl)cc1)OP(=O)(O)C2,中毒,53.029026,18.340862,0.278633881,4.072835239
Cc1n[nH]nc1-c1cc2c(c(-c3c(Cl)cccc3Cl)c1)C(c1ccc(Cl)cc1)S(=O)(=O)N(Cc1ccc(N3CCc4c(cnn4C)C3)cc1)C2,中毒,18.997969,42.9646,0.184980845,4.073307215
Cc1n[nH]nc1-c1cc2c(c(=O)n1-c1ccc(F)cc1F)C(c1ccc(Cl)cc1)N(c1cc(Cl)cn(C3CC(O)(CO)C3)c1=O)C2=O,中毒,14.882899,12.110745,0.239609764,4.073497368
Cc1n[nH]nc1C1=CC2=C(c3c(S(=O)(=O)c4ccc(F)cc4F)c(=O)c(C(=O)O)cn3C3CC3)C(c3ccc(Cl)cc3)CC2=C1,中毒,25.069427,20.934618,0.233458751,4.073820463
Cc1n[nH]nc1-c1cc(-c2c(Cl)cccc2Cl)c2c(c1)C(c1ccc(-c3cn[nH]c3)cc1)NNC2c1ccc(Cl)cc1,中毒,29.721134,20.625937,0.157898384,4.074379454
Cc1n[nH]nc1-c1cc2c(c(-c3c(Cl)cccc3Cl)n1)C(c1ccc(Br)cc1)N(c1cc(Cl)cn(C3CC(O)(CO)C3)c1=O)C2=O,中毒,7.4282966,12.110745,0.179940003,4.074775028
Cc1n[nH]nc1-c1ccc2c(c1)OC(c1ccc(NC(=O)N(C)c3cccc(Cl)c3Cl)cc1)C(O)(Cn1cncn1)C2,中毒,9.253144,52.91988,0.234295593,4.074978319
Cc1n[nH]nc1-c1cc2c(c(=O)c(C(=O)N3CCC3)c1)CC(c1ccc(Cl)cc1)N(c1cc(Cl)cn(C3CC(O)(CO)C3)c1=O)C2=O,中毒,19.892046,35.424923,0.27977027,4.075123758
Cc1n[nH]nc1-c1cc2c(o1)C(c1ccc(Br)cc1)N(c1cc(Cl)cn(C3CC(O)(CO)C3)c1=O)C2=O,中毒,13.3429985,20.735756,0.323792309,4.07589897
Cc1n[nH]nc1-c1cc2c(c(-c3c(Cl)cccc3Cl)c1)C(=O)C(c1ccc(Cl)cc1)N(c1cc(Cl)cn(C3CC(O)(CO)C3)c1=O)C2=O,中毒,14.735986,19.79431,0.173694257,4.075909889
Cc1n[nH]nc1-c1cc2c(c(-c3c(Cl)cccc3Cl)c1)C(c1ccc(N)cc1)N(c1cc(Cl)cn(C3CC(O)(CO)C3)c1=O)C2,中毒,9.036046,9.912456,0.15636776,4.076367417
Cc1n[nH]nc1-c1cc2c(c(-c3c(Cl)cccc3Cl)c1)C(c1ccc(Cl)cc1)N(c1cc(Cl)cn3c(=O)c(C(=O)O)c(C)c-3c1O)C2,中毒,32.17651,29.056448,0.164284055,4.076928823
Cc1n[nH]nc1-c1cc2c(c(-c3c(Cl)cccc3Cl)c1)C(n1cnc3c(NCc4ccc(F)cc4)nc(Cl)c(-c4ccc(Cl)cc4)c3c1=O)C(C)(C)C2,中毒,65.23908,19.183485,0.156110465,4.076946061
Cc1n[nH]nc1-c1cc2c(c(-c3c(Cl)ccnc3Cl)c1)C(c1ccc(Cl)cc1)N(c1cc(Cl)cn3nc(Br)cc13)C2,中毒,31.60013,26.184927,0.187620853,4.077347897
Cc1n[nH]nc1-c1nc2c(c(-c3c(Cl)cccc3Cl)n1)C(c1ccc(Cl)cc1)N(c1cc(Cl)cn(C3CC(O)(CO)C3)c1=O)C2=O,中毒,18.990976,13.466203,0.200837319,4.077718417
Cc1n[nH]nc1C1(c2ccc(Cl)cc2F)CCN(C(=O)c2cc(F)cc3c2OCC3CNC(=O)c2cn(-c3ccc(F)cc3F)nn2)CC1,中毒,7.4311366,19.426958,0.228659401,4.077800962
Cc1n[nH]nc1-c1cn2c(c1-c1ccc(Cl)cc1)C(c1ccc(Cl)cc1)N(c1cc(Cl)cn(C3CC(O)(CO)C3)c1=O)C2=O,中毒,6.4584956,16.230408,0.206424083,4.07821149
Cc1n[nH]nc1-c1cc2c(c(-c3cc(Cl)ccc3Cl)c1)C(c1ccc(Cl)cc1)N(c1cc(Cl)cn(C3CC(O)(CO)C3)c1=O)C2=S,中毒,9.036046,33.013264,0.156043513,4.078921302
Cc1n[nH]nc1-n1c2c(c(=O)n(Cc3ccccc3F)c1=O)C(c1ccc(Cl)cc1)N(c1cc(Cl)cn(C3CC(O)(CO)C3)c1=O)C2=O,中毒,28.801418,14.418226,0.233876104,4.079222555
Cc1n[nH]nc1-c1cc2c(c(-c3c(Cl)cccc3Cl)c1)C(c1cccc(Br)c1)N(c1cc(Cl)cn(C3CC(O)(CO)C3)c1=O)C2,中毒,9.036046,9.912456,0.167393214,4.079255329
Cc1n[nH]nc1-c1cc(-c2c(Cl)cccc2Cl)c2c(c1)C1C(=O)N(c3ccc(OCC(F)(F)F)cc3)C(=O)C21c1ccc(Cl)cc1,中毒,5.783975,10.292379,0.182059085,4.079628952
Cc1n[nH]nc1-c1cc2c(c(-c3c(Cl)cccc3Br)c1)CC(c1ccc(Cl)cc1)N(c1cc(Cl)cn(C3CC(O)(CO)C3)c1=O)C2=O,中毒,16.692194,19.79431,0.166833472,4.080019369
Cc1n[nH]nc1-c1cc2c(c(-c3c(Cl)cccc3Cl)c1)C(c1ccc(Cl)cc1)N(c1cc(Cl)cn(C3CC(O)(CO)C3)c1=O)c1ccc(Cl)cc1-2,中毒,5.629333,18.206211,0.155493689,4.080180273
Cc1n[nH]nc1-c1cc2c(n1-c1ccc(Cl)c(Cl)c1)C(c1ccc(Cl)cc1)N(c1cc(Cl)cn(C3CC(O)(CO)C3)c1=O)C2=O,中毒,14.882899,11.513729,0.196593461,4.08069591
Cc1n[nH]nc1-c1cc2c(c(-c3c(Cl)cccc3Cl)c1)C(c1ccc(Cl)c3cc(Cl)c(S(=O)(=O)Nc4ncc(Br)s4)cc13)C(C)(C)C2,中毒,23.979902,15.840222,0.174529159,4.080719076
Cc1n[nH]nc1-c1cc2c(c(-c3c(Cl)cccc3Cl)c1)C1(c3ccc(Cl)cc3)C2=CN(c2ccc(Cl)cc2)C1c1ccc(Cl)cc1,中毒,17.094236,24.43597,0.194700484,4.080727326
Cc1n[nH]nc1-c1cc2c(c(-c3c(Cl)cccc3Cl)c1)C(c1ccc(Cl)cc1)N(c1c(Cl)cnn(C3CC(O)(CO)C3)c1=O)C2,中毒,47.592762,7.9141917,0.180386738,4.081413571
Cc1n[nH]nc1C(C)C(=O)c1cc2c(cc1-c1cc(Cl)ccc1Cl)N(c1cc(Cl)cn(C3CC(O)(CO)C3)c1=O)C2=O,中毒,5.9372888,15.303033,0.237802622,4.081695773
CC(=CCOc1ccc2c(C3c4c(cc(-c5n[nH]nc5C)cc4-c4c(Cl)cccc4Cl)CC3(C)C)csc2c1)C(=O)N1CCN(C)CC1,中毒,13.475003,18.171053,0.171998741,4.081761925
Cc1n[nH]nc1-c1cc2c(c(-c3c(Cl)cccc3Cl)c1)C(c1ccc(Cl)cc1)N(c1cc(Cl)cn3c(=O)c(C(=O)O)c(O)c-3c1Cl)C2,中毒,35.431194,21.731676,0.162181291,4.081809857
Cc1n[nH]nc1C1=Cc2c(C(CO)C(N)=O)c(-c3c(Cl)cccc3Cl)c3c(=O)c(C(=O)O)cn(C4CC4)c3c21,中毒,23.634348,10.198761,0.232080599,4.082381649
Cc1n[nH]nc1-c1cc2c(c(-c3c(Cl)cccc3Cl)c1)C(c1ccc(Cl)cc1)Oc1cc(Cl)c(N=Nc3ccc(N4CCOCC4)nn3)cc1-2,中毒,2.8430762,14.585561,0.1689458,4.083013366
Cc1n[nH]nc1-c1cc2n(c1)C(c1ccc(Cl)cc1)N(c1cc(Cl)cn(C3CC(O)(CO)C3)c1=O)C2=O,中毒,33.083656,28.945686,0.355736824,4.083016968
Cc1n[nH]nc1-c1cnc2c(c1-c1cc(Cl)ccc1Cl)C(c1ccc(Cl)cc1)N(c1cc(Cl)cn(C3CC(O)(CO)C3)c1=O)C2=O,中毒,59.929935,12.110745,0.186116676,4.083593297
Cc1n[nH]nc1-c1cc(-c2c(Cl)cccc2Cl)c2c(c1)C(c1ccc(Cl)cc1Cl)NS(=O)(=O)C2c1ccc(Cl)cc1,中毒,10.478128,42.664463,0.201056415,4.083644413
Cc1n[nH]nc1-c1cc2c(c(-c3c(Cl)cccc3Cl)c1)C(c1cccc(Br)c1)N(c1cc(Cl)cn(C3CC(O)(CO)C3)c1=O)C(=O)C2,中毒,19.016203,18.239529,0.170507615,4.084079146
Cc1n[nH]nc1-c1cc2c(n1-c1ccc(Cl)cc1Cl)C(c1ccc(Cl)cc1)N(c1cc(Cl)cn(C3CC(O)(CO)C3)c1=O)C2=O,中毒,18.205946,11.513729,0.196593461,4.085052463
Cc1n[nH]nc1N1C(=O)C(=O)C2=C1C(=O)N(c1cc(Cl)cn(C3CC(O)(CO)C3)c1=O)C2c1ccc(Cl)cc1,中毒,9.007298,13.503714,0.389372765,4.085132764
Cc1n[nH]nc1-c1cc2c(c(-c3c(Cl)cccc3Cl)c1)C(c1ccc(Cl)cc1)N(c1cc(Cl)cn(C3CC(O)(CCO)C3)c1=O)C(=O)C2,中毒,19.016203,18.239529,0.161336339,4.085576364
Cc1n[nH]nc1-c1cc2c(s1)C(c1ccc(Cl)cc1F)N(c1cc(Cl)cn(C3CC(O)(CO)C3)c1=O)C2=O,中毒,8.738106,8.960914,0.326417864,4.085918598
Cc1n[nH]nc1-c1cc(-c2c(Cl)cccc2Cl)c2c(c1)-c1c(Cl)cc(Cl)cc1[S+]([O-])=C2c1ccc2c(c1)OCO2,中毒,10.333732,24.744144,0.161189485,4.086470951
Cc1n[nH]nc1-c1cc2c(c(-c3c(Cl)cccc3Cl)c1)C(c1ccc(Cl)cc1)N(c1cc(Cl)cn3c(=O)c(C(=O)O)c(O)c-3c1O)C2,中毒,35.431194,22.484726,0.141658441,4.086702517
Cc1n[nH]nc1-c1cc2c(c(-c3c(Cl)cccc3Cl)c1)CC(c1ccc(Cl)c(Cl)c1)N(c1cc(Cl)cn(C3CC(O)(CO)C3)c1=O)C2=O,中毒,20.665174,17.379768,0.162591837,4.087003469
Cc1n[nH]nc1-c1cc2c(c(-c3c(Cl)cccc3Cl)c1)C(c1ccc(Cl)cc1)(c1ccc(S(=O)(=O)NCC(C)C(=O)NO)cc1)C2,中毒,13.0963545,21.196424,0.099838465,4.087147736
Cc1n[nH]nc1-c1cc2c(c(C(=O)N3CCN(c4cccc(Cl)c4)CC3)c1)C(c1ccc(Cl)cc1)N(c1cc(Cl)cn(C3CC(O)(CO)C3)c1=O)C2,中毒,11.212927,26.33771,0.183474317,4.087176527
Cc1n[nH]nc1-c1c(C)c2c(c(=O)[nH]c1=O)C(c1ccc(Cl)cc1)N(c1cc(Cl)cn(C3CC(O)(CO)C3)c1=O)C2=O,中毒,6.9793477,21.748821,0.266264217,4.087390756
Cc1n[nH]nc1-c1cc2c(c(-c3c(Cl)cccc3Cl)c1)C(c1ccc(Cl)cc1)N(c1cc(Cl)cn(C3CC3)c1=O)C1=C2C(=O)CC(C)(C)C1,中毒,17.27492,14.3937645,0.194628529,4.087718053
Cc1n[nH]nc1-c1nc2c(c(-c3c(F)cccc3F)n1)C(c1ccc(Cl)cc1)N(c1cc(Cl)cn(C3CC(O)(CO)C3)c1=O)C2=O,中毒,18.990976,13.466203,0.234285217,4.088343177
Cc1n[nH]nc1-c1cc2c(c(-c3c(Cl)cccc3Cl)c1)OC(c1nc(-c3ccsc3)no1)C(c1ccc3c(c1)OCO3)C2,中毒,49.79407,20.217712,0.203909979,4.088457184
Cc1n[nH]nc1C1=CC2=C3C(C(C)(C)O)=CC(c4cnc(OC(F)(F)F)c(Cl)c4)=C(Cl)C(=O)N3C(=O)C2=C1,中毒,140.33076,38.424625,0.527777191,4.088521329
Cc1n[nH]nc1-c1cc2c(c(-c3c(Cl)cccc3Br)c1)C(c1ccc(Cl)cc1)N(c1cc(Cl)cn(C3CC(O)(CO)C3)c1=O)C2,中毒,6.7043605,9.912456,0.167393214,4.089002582
Cc1n[nH]nc1-c1cc2c(c(=O)n(Cc3ccc(F)c(Cl)c3)c1=O)C(c1ccc(Cl)cc1)N(c1cc(Cl)cn(C3CC(O)(CO)C3)c1=O)C2=O,中毒,6.9793477,12.087409,0.221056165,4.089425201
Cc1n[nH]nc1-c1cc2c(c(-c3c(Cl)cccc3Cl)c1)C(c1ccc(Cl)cc1Cl)N(c1cc(Cl)cn(C3CC(O)(CO)C3)c1=O)C2,中毒,9.166516,9.912456,0.164244612,4.089822984
Cc1n[nH]nc1-c1cc2c(n1-c1ccc(F)cc1F)C(c1ccc(Cl)cc1)N(c1cc(Cl)cn(C3CC(O)(CO)C3)c1=O)C2=O,中毒,12.488247,11.513729,0.233379239,4.09002711
Cc1n[nH]nc1-c1cc2c(c(-c3c(Cl)cccc3Cl)c1)C(c1ccc(N(C)C)cc1)N(c1cncn(C3CC(O)(CO)C3)c1=O)C2,中毒,15.814125,14.759801,0.208361227,4.090473255
Cc1n[nH]nc1-c1cc(-c2c(Cl)cccc2Cl)c2c(c1)-c1c(C#CC3=C(O)C(=O)NC3=O)cc(Cl)cc1NC2c1ccc(Cl)cc1,中毒,10.460943,147.20999,0.112599302,4.090569262
Cc1n[nH]nc1-c1cc2c(c(-c3c(Cl)cccc3Cl)c1)C(c1ccc(Cl)c(Cl)c1)N(c1cc(Cl)cn(C3CC(O)(CO)C3)c1=O)C2,中毒,7.8529835,8.960914,0.164244612,4.091162167
Cc1n[nH]nc1-c1cnc2c(c1-c1c(Cl)cccc1Cl)C(c1ccc(Cl)cc1)N(c1cc(Cl)cn(C3CC(O)(CO)C3)c1=O)C2=O,中毒,59.929935,12.110745,0.186116676,4.0912076
Cc1n[nH]nc1-c1cc2c(c(-c3c(Cl)cccc3Cl)c1)C(c1ccc3c(c1)OCO3)C(c1ccc(N(C)C)cc1)N=C(N)N2,中毒,9.128805,27.175484,0.189741418,4.091282261
Cc1n[nH]nc1-c1cc2c3c(c(Br)cc(Br)c3c1)C(c1ccc(Cl)cc1)N(c1cc(Cl)cn(C3CC(O)(CO)C3)c1=O)C2=O,中毒,6.6971984,9.440244,0.18263118,4.091395444
Cc1cc(N2c3cc(-c4n[nH]nc4C)cc(-c4c(Cl)cccc4Cl)c3C2c2ccc(Cl)cc2)ccc1N1CCN(CC2CCN(S(C)(=O)=O)C2)CC1,低毒,3.7002773,53.298996,0.169574895,4.091413353
Cc1n[nH]nc1-c1cc2c(c(-c3c(Cl)cccc3Cl)c1)C(c1ccc(Cl)cc1)N(c1ccc(C3(C(F)(F)F)CCO3)cc1)C(=O)C2,中毒,32.58908,78.25543,0.200560904,4.091544158
Cc1n[nH]nc1C1=CC2=C(C3CCC(c4ccc5ncn(C6CCN(c7cccc(C(F)(F)F)c7)C6)c5c4)CC3)C=NC2=C1,中毒,11.377766,21.33073,0.258331767,4.091574497
Cc1n[nH]nc1-c1cc2c(c(-c3c(Cl)cccc3Cl)c1)C(c1ccc(Cl)cc1Cl)N(c1cc(Cl)cn(C3CC(O)(C(=O)O)C3)c1=O)C2,中毒,9.166516,9.912456,0.161153949,4.091680563
COCC1(O)CC(n2cc(Cl)cc(N3C(=O)c4c(c(=O)[nH]c(=O)n4-c4n[nH]nc4C)C3c3ccc(Cl)cc3)c2=O)C1,中毒,40.690453,21.748821,0.301602371,4.091861014
C=C1c2cc(-c3n[nH]nc3C)cc(-c3c(Cl)cccc3Cl)c2C(c2ccc(Cl)cc2)N1c1cc(Cl)cn(C2CC(O)(CO)C2)c1=O,中毒,9.036046,9.912456,0.167109686,4.091984282
Cc1n[nH]nc1-c1cnc2c(c1Nc1ccc(Cl)c(Cl)c1)C(c1ccc(Cl)cc1)N(c1cc(Cl)cn(C3CC(O)(CO)C3)c1=O)C2=O,中毒,52.723274,33.378986,0.149435135,4.09204227
Cc1n[nH]nc1-c1cc2c(c(-c3c(Cl)cccc3Cl)c1)C(c1ccc(Cl)cc1)N(c1cc(Cl)cn(C3CC(O)(CO)C3)c1=O)C2=S,中毒,9.036046,33.013264,0.156043513,4.092330436
Cc1n[nH]nc1-c1cc2c(c(-c3c(F)cccc3Br)c1)C(c1ccc(Cl)cc1)N(c1cc(Cl)cn(C3CC(O)(CO)C3)c1=O)C2,中毒,5.093859,8.960914,0.175566789,4.092827857
Cc1n[nH]nc1-c1cc2c(c(-c3c(Cl)cccc3Cl)c1)C(c1ccc(Cl)c(Cl)c1)N(c1cc(Cl)cn(C3CC(O)(C(=O)O)C3)c1=O)C2,中毒,7.8529835,8.960914,0.161153949,4.092999143
Cc1n[nH]nc1-c1cc2c(c(=O)[nH]c1=O)C(c1ccc(Cl)cc1Cl)N(c1cc(Cl)cn(C3CC(O)(CO)C3)c1=O)C2=O,中毒,7.266821,18.232977,0.260119547,4.093033967
Cc1n[nH]nc1-c1cc2c(c(-c3c(Cl)cccc3Cl)c1)C(c1ccc3c(c1)OCO3)C(c1ccc(-c3ccc(Cl)cc3)cc1)N(C#N)C2,中毒,32.457253,9.698114,0.181299366,4.093138738
Cc1n[nH]nc1-c1cc2c(c(-c3c(Cl)cccc3Cl)c1)C(c1ccc(Cl)cc1F)N(c1cc(Cl)cn(C3CC(O)(CO)C3)c1=O)CC2,中毒,11.642886,16.862432,0.167577188,4.09355055
Cc1n[nH]nc1-c1cc2c(c(-c3c(Cl)cccc3Cl)c1)C(c1cccnc1)N(c1cc(Cl)cn(C3CC(O)(CO)C3)c1=O)C2,低毒,9.036046,9.719319,0.20240942,4.093621446
Cc1n[nH]nc1-c1cc2c(c(-c3c(Cl)cccc3Cl)c1)C(c1ccc(Cl)cc1)N(c1cc(C(=O)O)cn3nc(C4(O)CC4)cc13)C2,中毒,41.774292,31.0911,0.165030399,4.09366228
Cc1n[nH]nc1-c1cc2c(c(-c3c(Cl)cccc3Cl)c1)OC(c1ccc(Cl)cc1)N(c1cc(Cl)cn(C3CC(O)(CO)C3)c1=O)C2=O,中毒,5.545212,13.503714,0.172367002,4.09370698
Cc1n[nH]nc1-c1cc2c(c(-c3c(Cl)cccc3Cl)c1)C(c1ccc(Cl)cc1)N(c1cc(Cl)cn(C3CC(O)(CO)C3)c1=O)N2,中毒,20.823978,10.425424,0.149262443,4.094365219
Cc1n[nH]nc1-c1cc2nc3cc(Br)ccc3c3c(c-2c1)C(c1ccc(Cl)cc1)N(c1cc(Cl)cn(C2CC(O)(CO)C2)c1=O)C3=O,中毒,14.0745,9.173887,0.184872445,4.094473322
Cc1n[nH]nc1-c1cnc2c(c1OCc1ccc(Cl)c(Cl)c1)C(c1ccc(Cl)cc1)N(c1cc(Cl)cn(C3CC(O)(CO)C3)c1=O)C2=O,中毒,28.801418,14.418226,0.167989758,4.094840888
Cc1n[nH]nc1-c1cc2c(c3c(c1=O)C(c1ccc(Cl)cc1)N(c1cc(Cl)cn(C(C)(C)C)c1=O)C3=O)C2(C)C,中毒,37.88063,14.009461,0.334748541,4.09495927
Cc1n[nH]nc1-c1cc2c(c(=O)cc1F)C(c1ccc(Cl)cc1F)N(c1cc(Cl)cn(C3CC(O)(CO)C3)c1=O)C2=O,中毒,11.642886,8.519041,0.310722243,4.095061525
Cc1n[nH]nc1-c1cc2c(n1-c1ccc(Cl)cc1F)C(c1ccc(Cl)cc1)N(c1cc(Cl)cn(C3CC(O)(CO)C3)c1=O)C2=O,中毒,12.488247,11.513729,0.214747503,4.095241017
Cc1n[nH]nc1-c1cc2c(c(-c3c(Cl)cccc3Cl)c1)CC(c1ccc(Cl)cc1Cl)N(c1cc(Cl)cn(C3CC(O)(CO)C3)c1=O)C2=O,中毒,22.235992,19.79431,0.162591837,4.095297627
Cc1n[nH]nc1-c1cc(-c2c(Cl)cccc2Cl)c2c(c1)C(c1ccc(-c3cc(F)c(F)cc3-c3nnn(C)n3)cc1)NS(=O)(=O)C2,中毒,10.787696,42.664463,0.215337329,4.095652931
Cc1n[nH]nc1C1CC(c2cc(NC(=O)c3ncc(C(=O)Nc4cc(C5CC5)on4)cn3)ccc2F)N(C)C1,中毒,15.74078,70.25571,0.324493473,4.096089235
Cc1n[nH]nc1-c1cc2c(c(-c3c(Cl)cc(Cl)cc3Cl)c1)C(c1ccc(Cl)cc1)N(c1cc(Cl)cn(C3CC(O)(CO)C3)c1=O)C2,中毒,9.036046,9.912456,0.164244612,4.096152191
Cc1n[nH]nc1-c1cc2c(s1)C(c1cc(Cl)ccc1Cl)N(c1cc(Cl)cn(C3CC(O)(CO)C3)c1=O)C2=O,中毒,7.8750753,8.960914,0.306667503,4.096159477
Cc1n[nH]nc1-c1cc(-c2c(Cl)cccc2Cl)c2c(c1)-c1c(-c3cnn(C)c3)nc(Nc3cc(Cl)cc(Cl)c3)n1NC2c1ccc(Cl)cc1,中毒,18.738888,15.967391,0.156601466,4.096167188
Cc1n[nH]nc1-c1cc2c(n1-c1ccc(F)c(Cl)c1)C(c1ccc(Cl)cc1)N(c1cc(Cl)cn(C3CC(O)(CO)C3)c1=O)C2=O,中毒,14.882899,11.513729,0.214747503,4.096222433
Cc1n[nH]nc1-c1cc2c(c(-c3c(Cl)cccc3Cl)c1)C(c1ccc(S(=O)(=O)Nc3ccc(Cl)cn3)s1)C(c1ccc(Cl)cc1)N2,中毒,26.398855,15.576828,0.151013738,4.0965453
Cc1n[nH]nc1-c1cc2c(c(-c3c(Cl)cccc3Cl)c1)CC(c1ccc(C#N)cc1)N(c1cc(Cl)cn(C3CC(O)(CO)C3)c1=O)C2=O,中毒,22.081963,19.79431,0.184512984,4.097077971
Cc1n[nH]nc1-c1ccc2c(c1)Nc1c(Cl)c(Cl)c(Cl)c(Cl)c1C(=O)C(C#N)C2c1ccc(Cl)cc1,低毒,6.518842,28.525387,0.18475775,4.098002539
Cc1cc(S(N)(=O)=O)cc(OCC2CC2)c1NC(=O)N1CCN(c2c(F)cc3c(c2F)C(c2ccc(Cl)cc2F)(c2n[nH]nc2C)C3=O)CC1,中毒,31.276175,14.911535,0.232699373,4.098228545
Cc1n[nH]nc1-c1cc2c(c(-c3c(Cl)cccc3Cl)c1)C(c1ccc(Cl)cc1)N(c1cc(Cl)cn(C3CC(O)(CO)C3)c1=O)C=C2,中毒,9.036046,9.719319,0.167109686,4.098334436
Cc1n[nH]nc1-c1cc2c(c(=O)[nH]c1=O)C(c1cccc(Cl)c1)N(c1cc(Cl)cn(C3CC(O)(CO)C3)c1=O)C2,中毒,11.576205,38.91602,0.279233938,4.099021449
Cc1n[nH]nc1-c1cc2c(c(-c3c(Cl)cccc3Cl)c1)C(c1ccc(Cl)cc1)Oc1cc(N(C)C)c(OCCSc3nc(=O)c4cccnc4s3)cc1-2,中毒,11.493703,19.311916,0.11283549,4.09926849
CC1=c2c(c(=O)c(C(=O)O)cn2C2CC2)=c2cc(F)c(-c3nc4ccccc4s3)c(O)c2=C(c2c(Cl)cccc2Cl)C2=C1C=C(c1n[nH]nc1C)C2,中毒,32.17651,13.503714,0.169947901,4.09983587
Cc1n[nH]nc1-c1cc2c(c(-c3c(Cl)cccc3Cl)c1)C(c1ccc(Cl)cc1C1CC(c3ccc(Cl)cc3)=NN1c1cc(Cl)cc(Cl)c1)N2,中毒,28.13055,20.37942,0.177174556,4.100316843
Cc1n[nH]nc1-c1cc2c(c(-c3c(Cl)cccc3Cl)c1F)C(c1ccc(Cl)cc1)N2c1cc(Cl)cn(C2CC(O)(CO)C2)c1=O,中毒,4.889129,14.2372675,0.169360218,4.100578986
Cc1n[nH]nc1-c1cc2c(c(-c3c(Cl)cccc3Cl)c(=O)c1)C(c1ccc(Cl)cc1)N(c1cc(Cl)cn(C3CC(O)(CO)C3)c1=O)C2=O,中毒,17.66382,9.5705185,0.184335179,4.100712202
Cc1n[nH]nc1-c1cc2c(c(-c3c(Cl)cccc3Cl)c1)C(c1ccc(Cl)cc1)N(c1cc(Cl)cn(C3CC(O)(CO)C3)c1=O)c1cc(Cl)ccc1-2,中毒,6.339412,18.206211,0.155493689,4.100884631
Cc1n[nH]nc1-c1cc2c(c(-c3c(Cl)cccc3Cl)c1)C(c1ccncc1)N(c1cc(Cl)cn(C3CC(O)(CO)C3)c1=O)C2,中毒,9.036046,9.912456,0.20240942,4.101628766
Cc1n[nH]nc1-c1cc2c(c(-c3c(Cl)cccc3Cl)c1)C(c1ccc3ncnc(Nc4ccc(Cl)cc4)c3c1)NC(C)(CO)C2,中毒,25.346773,41.935005,0.143427671,4.102400037
Cc1n[nH]nc1C1=CC=C2C1=CC(c1cnc3c(n1)-c1cc4c(F)c(F)cnc4n1CO3)=C2c1ccc(F)c(Cl)c1,中毒,28.895927,19.823862,0.277379217,4.102979447
Cc1n[nH]nc1-c1cc2c(c(-c3c(Cl)cccc3Cl)c1)C(c1ccc(C#N)cc1)N(c1cc(Cl)cn(C3CC(O)(CO)C3)c1=O)C2,低毒,9.036046,9.912456,0.184951823,4.103315831
Cc1n[nH]nc1-c1cc2c(c(=O)n(Cc3ccc(F)cc3F)c1=O)C(c1ccc(Cl)cc1)N(c1cc(Cl)cn(C3CC(O)(CO)C3)c1=O)C2=O,中毒,6.9793477,12.087409,0.227824775,4.103517174
Cc1n[nH]nc1-c1cc2c(c(-c3c(Cl)cccc3Cl)c1)C(c1ccc(Cl)cc1)N(C1=CC(=O)N(C3CC(O)(CO)C3)C1=O)C2,中毒,26.951933,19.548931,0.237329768,4.103673779
Cc1n[nH]nc1-c1cc2c(c(-c3c(Cl)cccc3Cl)c1)C(=O)C(c1ccc(Br)cc1)N(c1cc(Cl)cn(C3CC(O)(CO)C3)c1=O)C2=O,中毒,14.735986,19.79431,0.169437191,4.103834354
Cc1n[nH]nc1-c1cnc2c(c1-c1ccc(Cl)cn1)C(c1ccc(Cl)cc1)N(c1cc(Cl)cn(C3CC(O)(CO)C3)c1=O)C2=O,中毒,59.929935,12.110745,0.225187467,4.104050934
Cc1n[nH]nc1-c1cc2c(c(=O)n(-c3ccc(F)cc3F)c1=O)C(c1ccc(Cl)cc1)N(c1cc(Cl)cn(C3CC(O)(CO)C3)c1=O)C2=O,中毒,51.50488,12.110745,0.239616577,4.104267444
Cc1n[nH]nc1-c1cc2c(c(-c3c(Cl)cccc3Cl)c1)C(c1ccc(Cl)cc1F)N(c1cc(Cl)cn(C3CC(O)(CO)C3)c1=O)C2,中毒,5.093859,8.960914,0.169143241,4.104304114
Cc1n[nH]nc1-c1cc2c(c(-c3c(Cl)cccc3Cl)c1)C(c1ccc(Cl)cc1)N(c1cc(Cl)cn(C3CC(O)(C(F)(F)F)C3)c1=O)C2,中毒,16.57991,9.912456,0.189398011,4.104326362
COc1c(-c2n[nH]nc2C)nc2c(c1-c1c(Cl)cccc1Cl)C(c1ccccc1)N(c1cc(Cl)cn(C3CC(O)(CO)C3)c1=O)C2=O,中毒,32.17651,12.110745,0.194533699,4.10469089
Cc1n[nH]nc1C1=Cc2c(-c3ccc(Cl)c(I)c3O)nc(-c3cnn(C)c3)c(=O)c3c(Cl)cc(-c4cnoc4)c-3c21,中毒,23.23788,14.193211,0.207499391,4.104734675
Cc1n[nH]nc1-c1cc2c(c(-c3c(Cl)cccc3Cl)c(=O)c1)C(c1ccc(Cl)cc1)N(c1cc(Cl)cn(C3CC(O)(C(=O)O)C3)c1=O)C2=O,中毒,17.66382,9.5705185,0.17858396,4.104900265
Cc1n[nH]nc1-c1cnc2c(c1-c1cc(Cl)cc(Cl)c1)C(c1ccc(Cl)cc1)N(c1cc(Cl)cn(C3CC(O)(CO)C3)c1=O)C2=O,中毒,59.929935,12.110745,0.186116676,4.104944499
Cc1n[nH]nc1C1=c2c(cc[nH]c2=O)=C1c1cc(NC(=O)c2ccc(F)cn2)ccc1OCC1CCCN1C(=O)C1(O)CCCCC1,中毒,66.84616,12.110745,0.227493446,4.105095001
Cc1n[nH]nc1-c1csc2c1=CC=2NC(=O)c1cc(-c2ccccc2F)n2ncc(C=CC(O)(CO)CO)c2c1CO,中毒,18.427805,14.911535,0.147305097,4.105172871
Cc1n[nH]nc1-c1cc(-c2c(Cl)cccc2Cl)c2c(c1)c1cc(F)c(Cl)cc1n2C1=CP(=O)(c2ccccc2)C1(C)C,中毒,5.5023975,15.210127,0.196177111,4.105372951
Cc1n[nH]nc1-c1cc2c(c(-c3c(Cl)cc(Oc4ccc(Cl)cc4Cl)c4c(Cl)cc(Cl)cc4c3=O)c1)C(N)C(O)CC2,中毒,13.227198,14.510862,0.178372528,4.105587195
Cc1n[nH]nc1-c1nc2c(c(-c3c(Cl)cccc3Cl)c1Cl)C(c1ccc(Cl)cc1)N(c1cc(Cl)cn(C3CC(F)(F)C3)c1=O)C2=O,中毒,30.490143,14.0600395,0.195458189,4.105599057
Cc1n[nH]nc1-c1cc2c(c(-c3c(Cl)cccc3Cl)c1)C(c1ccc(Cl)nc1)N(c1cc(Cl)cn(C3CN(C(=O)OC(C)(C)C)C3)c1=O)C2,中毒,16.57991,10.648614,0.180169398,4.105667482
Cc1n[nH]nc1-c1cc2c(c(-c3c(Cl)cccc3Cl)c1)C(=O)C(c1ccc(Br)cc1)N(c1cc(Cl)cn(C3CC(O)(CO)C3)c1=O)C2,中毒,12.481081,20.569803,0.165864349,4.105669634
Cc1n[nH]nc1-c1cc2c3c(c(-c4ccc(Cl)cc4)c(Cl)c(Cl)cc-2c1=O)C(c1cccc(F)c1F)=NS(=O)(=O)C3c1ccc(Cl)cc1,中毒,53.5943,14.3937645,0.194180503,4.105729751
Cc1n[nH]nc1-c1cc2c(c(-c3c(Cl)cccc3Cl)c1)C(c1ccccn1)N(c1cc(Cl)cn(C3CC(O)(CO)C3)c1=O)C2,中毒,8.132904,14.297296,0.20240942,4.105731248
Cc1n[nH]nc1-c1cc(-c2c(Cl)cccc2Cl)c2c(c1)N(c1ccc(C#N)c(NC3=NCC(F)(F)C3)c1)C2c1ccc(Cl)cc1,低毒,3.4427266,16.6511,0.195985925,4.105744701
Cc1n[nH]nc1-c1cc2c(c(-c3c(Cl)cccc3Cl)c1)C(c1cccc(Br)c1)C(c1ccc(Cl)cc1)N(C#N)N2,中毒,8.477617,185.91371,0.189721094,4.10611067
Cc1n[nH]nc1-c1cc2c(c(-c3c(F)cccc3Cl)c1)C(c1ccc(Cl)cc1)N(c1cc(Cl)cn(C3CC(O)(CO)C3)c1=O)C2=S,中毒,6.3808517,27.614061,0.163456231,4.106149547
Cc1n[nH]nc1-c1cc2c(c(=O)n(C)c1=O)C(c1ccc(Cl)cc1F)N(c1cc(Cl)cn(C3CC(O)(CO)C3)c1=O)C2=O,中毒,7.5964036,12.087409,0.302859326,4.106469202
Cc1n[nH]nc1-c1cc2c(o1)C(c1ccc(Cl)c(Cl)c1)N(c1cc(Cl)cn(C3CC(O)(CO)C3)c1=O)C2=O,中毒,16.282593,20.735756,0.322001621,4.106588928
Cc1n[nH]nc1-c1cc2c(c(-c3c(Cl)ccc(Cl)c3Cl)c1)C(c1ccc(Cl)cc1)N(c1cc(Cl)cn(C3CC(O)(CO)C3)c1=O)C2,中毒,6.3808517,8.960914,0.153644324,4.10667635
Cc1n[nH]nc1-c1cc2c(c(-c3c(Cl)cccc3Cl)c1)C(c1ccc(Cl)cc1)N(c1cc(Cl)cn(C3CC(O)(CO)C3)c1=O)C2=N,中毒,7.4282966,16.862432,0.148459407,4.107066855
Cc1n[nH]nc1-c1cc2c(c(-c3c(Cl)cccc3Cl)c1)C(c1ccc(C#N)cc1)N(c1cc(Cl)cn3nc(C(F)(F)F)c(O)c13)C2,中毒,30.741566,23.130903,0.192908023,4.107282916
Cc1n[nH]nc1-c1cc2c(c(-c3c(Cl)cccc3Cl)c1)C(c1ccc(Cl)cc1)N(c1cc(Cl)cn(C3CC(O)(CO)C3)c1=O)CO2,中毒,8.459931,9.719319,0.171412558,4.10735805
Cc1n[nH]nc1C1=C(F)C=c2c1c1c(c(C)c(-c3ccc(-n4cccc4)cc3)c(=O)c2=O)=C(C#CCO)C(c2ccoc2)=N1,中毒,46.909283,18.345097,0.247581824,4.107526457
Cc1n[nH]nc1-c1cc2c(c(-c3c(Cl)cccc3Cl)c1)C(c1ccc(Cl)cc1)N(c1cc(Cl)cn(C3CC(O)(CN(C)C)C3)c1=O)C2,中毒,16.57991,9.912456,0.178315873,4.107526709
Cc1n[nH]nc1-c1cc2c(c(-c3c(Cl)cccc3Cl)n1)C(c1ccc(Cl)cc1)N(c1cc(Cl)cn(C3CC(O)(CO)C3)c1=O)C2,中毒,11.212927,28.219782,0.180386738,4.107655329
Cc1n[nH]nc1-c1cc2c(c(N3CCOCC3)c(=O)c1)C(c1ccc(Cl)cc1)N(c1cc(Cl)cn(C3CC(O)(CO)C3)c1=O)C2=O,中毒,17.66382,33.378986,0.281794342,4.107780948
COC1(O)CC(n2cc(Cl)cc(N3C(=O)c4cc(-c5n[nH]nc5C)nc(-c5c(Cl)cccc5Cl)c4C3c3ccc(Cl)cc3)c2=O)C1,低毒,16.045275,13.503714,0.182412194,4.109129715
Cc1n[nH]nc1-c1cc2c(c(=O)c(C(=O)O)c1F)C(c1ccc(Cl)cc1)N(c1cc(Cl)cn(C3CC(O)(CO)C3)c1=O)C2=O,中毒,14.0745,8.519041,0.2457765,4.109149089
Cc1n[nH]nc1-c1cc2c(c(=O)[nH]c1=O)C(c1ccc(Cl)cc1F)N(c1cc(Cl)cn(C3CC(O)(CO)C3)c1=O)C2=O,中毒,7.5964036,18.232977,0.264570642,4.109152094
Cc1n[nH]nc1-c1cc(-c2c(Cl)cccc2Cl)c2c(n1)CN(c1cc(Cl)cn(C3CC(O)(CO)C3)c1=O)C2c1ccc(Cl)cc1,中毒,11.9282465,13.489636,0.180386738,4.109676208
Cc1n[nH]nc1-c1cc2c(c(C(=O)N(C)Cc3cccc(C(=O)O)c3)c1)C(c1ccc(Cl)cc1)N(c1cc(Cl)cn(C3CC(O)(CO)C3)c1=O)C2,中毒,10.022393,19.67712,0.155842722,4.110025431
Cc1n[nH]nc1-c1ccc2c(c1)C(c1ccc(Cl)c(Cl)c1)=c1c(=O)n(-c3ccsc3)n(-c3ccc(Cl)cc3Cl)c1=NC2c1ccc(Br)cc1,中毒,48.721325,13.336166,0.188595962,4.110312023
Cc1n[nH]nc1-c1cc2c(c(-c3c(Cl)cccc3Cl)c1)C(c1cccs1)N(c1cc(Cl)cn(C3CC(O)(CO)C3)c1=O)C2,中毒,6.690411,8.519041,0.186026556,4.110754683
Cc1n[nH]nc1-c1cc2c(c(-c3c(Cl)cccc3Cl)c1)C(c1ccc(Cl)cc1)N(c1cc(Cl)cn(C3CC(O)(CO)C3)c1=O)CC2=O,中毒,19.016203,18.239529,0.172199301,4.111405746
Cc1n[nH]nc1-c1cc2c(c(-c3c(Cl)cccc3Cl)n1)C(c1ccc(Cl)c(Cl)c1)N(c1cc(Cl)cn(C3CC(O)(CO)C3)c1=O)C2=O,中毒,8.738106,12.110745,0.169793918,4.111909794
Cc1n[nH]nc1-c1cc2c(c(-c3c(F)cccc3Cl)c1)C(c1ccc(Cl)cc1)N(c1cc(Cl)cn(C3CC(O)(CO)C3)c1=O)C=C2,中毒,6.3808517,8.519041,0.173502434,4.112046422
Cc1n[nH]nc1-c1cc2c(c(-c3cc(Cl)c(Oc4ccccc4)cc3Cl)c1)C(c1ccc(Cl)cc1)N(c1cc(Cl)cn(C3CC(O)(CO)C3)c1=O)C2,中毒,9.036046,9.912456,0.141274996,4.112163655
Cc1n[nH]nc1-c1cc2c(c(-c3c(Cl)cccc3Cl)c1)C(c1cc(Cl)ccc1F)N(c1cc(Cl)cn(C3CC(O)(CO)C3)c1=O)C2,中毒,5.093859,8.960914,0.169143241,4.112517696
Cc1n[nH]nc1-c1cc2c(c(-c3c(Cl)cccc3Cl)c1)C(c1cc(Cl)ccc1Cl)N(c1cc(Cl)cn(C3CC(O)(CO)C3)c1=O)C2,中毒,8.459931,9.912456,0.164244612,4.112704835
Cc1n[nH]nc1-c1cc2c(c(-c3c(Cl)cccc3Cl)c1)C(c1cccc(Cl)c1)N(c1cc(Cl)cn3c(=O)c(C(=O)O)c(O)c-3c1O)C2,中毒,35.431194,22.484726,0.141658441,4.112903456
Cc1n[nH]nc1-c1cc2c(c(-c3c(Cl)ccc(Cl)c3Cl)c1)C(c1ccc(Cl)cc1)N(c1cc(Cl)cn(C3CC(O)(CO)C3)c1=O)C(=O)C2,中毒,14.0745,16.862432,0.153862878,4.11298739
Cc1n[nH]nc1-c1cc2c(c(-c3c(Cl)cccc3Br)n1)C(c1ccc(Cl)cc1)N(c1cc(Cl)cn(C3CC(O)(CO)C3)c1=O)C2=O,中毒,5.6871157,12.110745,0.179940003,4.113202431
Cc1n[nH]nc1-c1cc2c(c(-c3c(Cl)cccc3Cl)c1)S(=O)(=O)c1cc(-c3cnn(C)c3)c(-c3ccc(Cl)cc3)c3c1C(C2)N(C)CC3,中毒,41.788136,18.648798,0.197050177,4.113271088
Cc1n[nH]nc1-c1cc2c(c(-c3c(Cl)cccc3Cl)c1)CC(c1ccc(Cl)cc1F)N(c1cc(Cl)cn(C3CC(O)(CO)C3)c1=O)C2=O,中毒,15.809174,17.379768,0.167894984,4.113508963
Cc1n[nH]nc1-c1cc2c(c(-c3c(Cl)cccc3Cl)cc1=O)C(c1ccc(Cl)cc1)N(c1cc(Cl)cn(C3CC(O)(CO)C3)c1=O)C2=O,中毒,7.266821,9.043079,0.184335179,4.114449044
Cc1n[nH]nc1-c1cc2c(c(-c3c(F)cccc3F)c1)C(c1ccc(Cl)cc1F)N(c1cc(Cl)cn(C3CC(O)(CO)C3)c1=O)C2,中毒,5.093859,8.960914,0.190866246,4.114568657
Cc1n[nH]nc1-c1cc2c(c(-c3c(Cl)cccc3Cl)c1)C(c1ccc(Cl)cc1)c1c(F)c3c(N4CCOCC4)c(Cl)nc-3c3cc(Cl)ccc3c1C2,中毒,9.847658,59.9247,0.192332078,4.114725974
Cc1n[nH]nc1-c1cc(-c2c(Cl)cccc2Cl)c2c(c1)S(=O)(=O)N(c1cc(Cl)cn(C3CC(N(C)C)C3)c1=O)C2c1ccc(Cl)cc1,中毒,10.700394,17.334517,0.19150213,4.11486861
Cc1n[nH]nc1-c1cc2c(c(-c3c(Cl)cccc3Cl)c1)C(c1ccc(Cl)cc1)N(C1=CC(=O)N(C3CC(O)(CO)C3)C1)C2,中毒,44.71345,17.749989,0.242613832,4.114949724
Cc1n[nH]nc1-c1cc2c(c(-c3c(Cl)cc(F)cc3Cl)c1)C(c1ccc(Cl)cc1)N(c1cc(Cl)cn(C3CC(O)(CO)C3)c1=O)C2,中毒,6.3808517,8.960914,0.169143241,4.1153951
Cc1n[nH]nc1-c1cc2c(c(=O)n(Cc3c(F)cccc3Cl)c1=O)C(c1ccc(Cl)cc1)N(c1cc(Cl)cn(C3CC(O)(CO)C3)c1=O)C2=O,中毒,6.9793477,12.087409,0.221056165,4.115500117
Cc1n[nH]nc1-c1cc2c(c(-c3c(Cl)cccc3Cl)c1)C(N)=NC1(CCC(Oc3ccc(F)cn3)CC1)C(N)=N2,中毒,2.8280911,21.176453,0.28106684,4.115510222
Cc1n[nH]nc1C1=Cc2c(c(=O)n(C)c(=O)n2C(CO)c2cc(Cl)ccc2-c2cn(CC(=O)N3CCOCC3)nn2)C1=O,中毒,47.746365,16.9057,0.291243516,4.116464791
Cc1n[nH]nc1-c1cc2c(c(-c3c(Cl)cccc3Cl)c1)C(c1ccc(Cl)cc1)N(c1cc(Cl)cn(C3CC(O)(CO)C3)c1=S)C2,中毒,9.036046,30.35853,0.153734874,4.116469615
Cc1n[nH]nc1-c1cc2c(c(-c3c(Cl)cccc3Cl)c1)C(c1ccc3c(c1)OCO3)C(c1ccc(Cl)cc1)N(c1ccnc3cc(Cl)ccc13)C2=O,中毒,25.443987,9.331676,0.187559247,4.116506177
CC(=O)Oc1cc(Cl)ccc1-c1c(C#N)ccc2c1-c1cc(-c3n[nH]nc3C)cc(N3CCC(Oc4cccc(C(F)(F)F)c4)C3)c1S2(=O)=O,低毒,12.583261,15.02669,0.137964831,4.116611808
Cc1n[nH]nc1-c1cc2c(c(-c3c(Cl)cccc3Cl)c1)C(n1cnc3c(N(C)C)nc(Cl)nc31)C(C)C2,中毒,6.4591002,18.717678,0.259317837,4.116725783
Cc1n[nH]nc1-c1cc2c(c(-c3c(Cl)cccc3Cl)c1)C(Nc1cc(Cl)cn(C3CC(O)=C(O)C3)c1=O)C2,中毒,21.183878,25.913172,0.206508419,4.116980519
Cc1n[nH]nc1-c1cc2c(c(-c3c(Cl)cccc3Cl)c1)C(c1ccc(Cl)cc1)N(c1cc(Cl)cn(C3CC(O)(CO)C3)c1=O)O2,中毒,7.2407365,13.489636,0.173460231,4.117117967
Cc1n[nH]nc1-c1cc2c(c(-c3c(Cl)cccc3Cl)c1)C(c1ccc(Cl)cc1)N(c1cc(I)cn(C3CC(O)(CO)C3)c1=O)C2,中毒,10.324251,7.3154764,0.15608563,4.117445439
Cc1n[nH]nc1-c1cc2c(c(-c3c(Cl)cccc3Cl)c1)C(c1ccc(Cl)cc1)N(C(=O)NCC1CC3(CC3)C1)C2,中毒,44.041332,11.560413,0.24521701,4.117446309
CC(=O)N(c1ccc(C2=NC(P(=O)(O)O)=C3C=C(c4n[nH]nc4C)C(C(F)(F)F)=C3C2=O)cc1)C1(O)CCCCC1,中毒,49.60065,35.111286,0.300423738,4.117508605
Cc1n[nH]nc1-c1cc2c(n1-c1ccc(Br)cc1F)C(c1ccc(Cl)cc1)N(c1cc(Cl)cn(C3CC(O)(CO)C3)c1=O)C2=O,中毒,15.540574,11.513729,0.205707888,4.117875602
Cc1n[nH]nc1-c1cc2c(cc1-c1c(Cl)cccc1Cl)N(c1cc(Cl)cn(C3CC(O)C(O)C3)c1=O)C2=O,中毒,18.619787,11.733231,0.318958191,4.117885861
Cc1n[nH]nc1-c1cc2c(c(-c3c(Cl)cccc3Cl)c1)C(c1ccc(Cl)cc1)N(c1cc(C#N)cn(C3CC(O)(CO)C3)c1=O)C2,中毒,9.036046,7.3154764,0.184951823,4.117925134
Cc1n[nH]nc1-c1ccc2c(c1)C(=O)C(n1cc(-c3ccc(Br)c(Cl)c3)c3c(N)ncnc31)C(c1ccc(Cl)cc1)c1c(F)cccc1-2,中毒,22.962095,44.03825,0.186120012,4.118099246
Cc1n[nH]nc1-c1cc2c(nc1-c1c(F)cccc1Cl)C(c1ccc(Cl)cc1)N(c1cc(Cl)cn(C3CC(O)(CO)C3)c1=O)C2=O,中毒,13.216523,14.418226,0.202684843,4.118223826
Cc1n[nH]nc1-c1cc2c(c(-c3c(Cl)cccc3Cl)c1)C(c1ccc(Cl)cc1)N(c1cc(Cl)cn3c(=O)c(C(=O)O)cn13)C2,低毒,15.357197,30.257002,0.196563549,4.118246384
Cc1n[nH]nc1-c1cc2c(c(-c3c(Cl)cccc3Cl)cc1=O)C(c1ccc(Cl)cc1)N(c1cc(Cl)cn(C3CC(O)(C(=O)O)C3)c1=O)C2=O,中毒,7.266821,9.043079,0.17858396,4.118433598
Cc1n[nH]nc1-c1cc2c(c(-c3c(Cl)cccc3Br)c1)C(c1ccc(Br)cc1)N(c1cc(Cl)cn(C3CC(O)(CO)C3)c1=O)C2,中毒,6.7043605,9.912456,0.164241759,4.118478406
Cc1n[nH]nc1-c1cc2c(c(C(=O)NC(Cc3ccccc3)C(O)CNS(=O)(=O)c3cc(Cl)ccc3Cl)c1)C(C(=O)NO)C2,中毒,18.70302,14.566165,0.104818604,4.118494674
Cc1n[nH]nc1C1=Cc2c(C(C)C(N)=O)c(-c3c(Cl)cccc3Cl)c3c(=O)c(C(=O)O)cn(C4CCC(O)CC4)c3c21,中毒,8.8799925,10.198761,0.209116792,4.11856204
Cc1n[nH]nc1-c1cc2c3c(n(-c4cccc(Cl)c4F)c(=O)c(O)c-2c1)C(c1ccc(Cl)cc1)N(c1cc(Cl)cn(C(C)C)c1=O)C3=O,中毒,29.54402,12.110745,0.193506808,4.118734065
Cc1cc(F)cc(F)c1-c1cc(-c2n[nH]nc2C)cc2c1C(c1ccc(Cl)cc1)N(c1cc(Cl)cn(C3CC(O)(CO)C3)c1=O)C2,中毒,6.3808517,8.960914,0.187347327,4.118741975
Cc1n[nH]nc1-c1cc(-c2c(Cl)cccc2Cl)c2c(c1)C(C(=O)O)Oc1ccc(Cl)cc1C2N(C(=O)c1ccc(Cl)cc1)C1CC1,中毒,14.372449,14.179344,0.183819269,4.118933782
Cc1n[nH]nc1C1=Cc2c(cc(C(N)=O)cc2C2CC(O)CN(C(=O)c3ccc4nonc4c3)C2)C1=O,中毒,52.67638,18.299622,0.374416372,4.119092308
Cc1n[nH]nc1-c1cc2c(n1-c1ccc(Cl)cc1F)C(c1ccc(Cl)cc1)N(c1cc(Cl)cn(C3CC(O)(CO)C3)c1=O)C2,中毒,15.763229,11.513729,0.207010899,4.119110552
Cc1n[nH]nc1-c1cc2c(c(Nc3ccc(OCC(F)(F)F)cc3)n1)C(c1ccc(Cl)cc1)N(c1cc(Cl)cn(C3CC(O)(CO)C3)c1=O)C2=O,中毒,7.8529835,13.503714,0.139362695,4.119349158
Cc1n[nH]nc1CNc1c2c(nc3c(F)cccc13)C(c1ccc(Cl)cc1)N(c1cc(Cl)cn(C3CC(O)(CO)C3)c1=O)C2=O,中毒,8.399355,12.110745,0.19839362,4.119415769
Cc1n[nH]nc1-c1cc2c(n1-c1c(Cl)cccc1Cl)C(c1ccc(Cl)cc1)N(c1cc(Cl)cn(C3CC(O)(CO)C3)c1=O)C2=O,中毒,18.205946,11.513729,0.196593461,4.119492833
Cc1n[nH]nc1-c1cc2c(c(-c3c(Cl)cccc3Cl)c1)C(c1ccc(Cl)cc1)N(c1cc(C#N)cn(C3CC(O)(C(=O)O)C3)c1=O)C2,中毒,9.036046,7.3154764,0.178666028,4.11959823
Cc1n[nH]nc1-c1cc2c(n1-c1ccc(F)cc1F)C(c1ccc(Br)cc1)N(c1cc(Cl)cn(C3CC(O)(CO)C3)c1=O)C2=O,中毒,12.488247,11.513729,0.22292921,4.11973874
Cc1n[nH]nc1-c1cc2c(c(-c3c(Cl)cccc3Cl)c1F)CC(c1ccc(Cl)cc1)N(c1cc(Cl)cn(C3CC(O)(CO)C3)c1=O)C2=O,中毒,15.809174,17.379768,0.167894984,4.120083284
Cc1n[nH]nc1C1=C2C(F)=C3C(C4CC4)=NC(C#Cc4ccc5nc6ccccc6n5c4)=C3C(Cl)=CC(I)=C21,中毒,6.849905,13.389337,0.191102691,4.120255424
Cc1n[nH]nc1-c1cc2c(n1-c1cccc(Cl)c1Cl)C(c1ccc(Cl)cc1)N(c1cc(Cl)cn(C3CC(O)(CO)C3)c1=O)C2=O,中毒,18.205946,11.513729,0.196593461,4.120438802
Cc1n[nH]nc1-c1cc2c(c(-c3c(Cl)cccc3Oc3ccc(Cl)cc3)n1)C(c1ccc(Cl)cc1)N(c1cc(Cl)cn(C3CC(O)(CO)C3)c1=O)C2=O,中毒,19.24008,12.110745,0.139905117,4.120743087
Cc1n[nH]nc1-c1cc2c(cc1C(=O)NCCCN(C)C)C1(C)C(=C(F)c3cc(N4CCN(C(=O)c5cccnc5F)CC4)ccc31)S2,中毒,6.074794,22.150566,0.198809729,4.121271314
Cc1n[nH]nc1-c1cc2c(c(-c3c(Cl)ccc4ccccc34)c(=O)c1)C(c1ccc(Cl)cc1)N(c1cc(Cl)cn(C3CC(O)(CO)C3)c1=O)C2=O,中毒,26.553892,8.871968,0.168953024,4.12144278
Cc1n[nH]nc1-c1nc2c(c(-c3c(Cl)cccc3Cl)c1C)C(c1ccc(Cl)cc1)N(c1cc(Cl)cn(C3CC(O)(CO)C3)c1=O)C2=O,中毒,59.929935,12.110745,0.177589795,4.121541391
Cc1n[nH]nc1-c1cc2c(c(-c3c(Cl)cccc3Cl)c1)C(c1cccc(Cl)c1)N(c1cc(Cl)cn(C3CC(O)(CO)C3)c1=O)N2,中毒,20.823978,10.425424,0.149262443,4.121605879
Cc1ccc(C2c3c(n(-c4n[nH]nc4C)c(=O)n(Cc4ccc(Cl)cc4Cl)c3=O)C(=O)N2c2cc(Cl)cn(C3CC(O)(CO)C3)c2=O)cc1,中毒,28.801418,14.418226,0.228414533,4.121710521
Cc1n[nH]nc1NC(=O)c1cc2c(nc1N1CCOc3cc(-c4cnn(CC(=O)N5CCNC5=O)c4)ccc31)C(C(=O)NC(C)(C)C)C2,中毒,36.83937,13.16881,0.230016889,4.122249708
Cc1n[nH]nc1-c1cc2c(c(=O)[nH]c1=O)C(c1cccc(Cl)c1Cl)N(c1cc(Cl)cn(C3CC(O)(CO)C3)c1=O)C2=O,中毒,7.266821,18.232977,0.260119547,4.122313164
Cc1n[nH]nc1-c1cc(-c2c(Cl)cccc2Cl)c2c(c1)C1C(=O)N(c3ccsc3)C(=O)C21c1ccc(Cl)cc1,中毒,4.7793036,10.680396,0.220584215,4.12232832
Cc1n[nH]nc1C1=Cc2c(cc(-c3c(F)cccc3Cl)nc2Sc2ccc(Cl)cc2)C1(CO)c1ccc(S(=O)(=O)NC(=O)C2CC2)cc1F,中毒,19.520567,13.888707,0.147631487,4.122683128
Cc1n[nH]nc1-c1cc2c(n(-c3ccc(F)cc3F)c1=O)C(c1ccc(Cl)cc1)N(c1cc(Cl)cn(C3CC(O)(CO)C3)c1=O)C2=O,中毒,32.17651,12.110745,0.239609764,4.123399971
CC1=c2c(Cl)c(Cl)c(Cl)c(Cl)c2=C(c2c(Cl)cccc2Cl)C2=C(C=C1c1n[nH]nc1C)CC2c1ccc(Cl)cc1,中毒,3.575275,42.056953,0.174586288,4.12361147
Cc1n[nH]nc1-c1cc2c(c(-c3c(Cl)cccc3Cl)c1)C(c1ccc(Cl)cc1)N(c1cc(Cl)cn(C3=C(O)C(=O)N(C)C3=O)c1=O)C2,中毒,15.752506,49.18511,0.187577699,4.123748906
Cc1n[nH]nc1-n1c2c(c(=O)[nH]c1=O)C(c1ccc(Cl)cc1)N(c1cc(Cl)cn(C3CC(O)(CO)C3)c1=O)C2,中毒,5.6983395,49.923813,0.280399298,4.124395308
Cc1n[nH]nc1-c1cc(-c2c(Cl)ccc(Cl)c2Cl)c2c(n1)C(=O)N(c1cc(Cl)cn(C3CC(O)(CO)C3)c1=O)C2c1ccc(Cl)cc1,中毒,39.425797,12.110745,0.158835479,4.124574764
Cc1n[nH]nc1-c1cc2c(c(=O)n(Cc3c(F)cccc3F)c1=O)C(c1ccc(Cl)cc1)N(c1cc(Cl)cn(C3CC(O)(CO)C3)c1=O)C2=O,中毒,6.9793477,12.087409,0.227824775,4.124719849
Cc1n[nH]nc1-c1cc2c(c(=O)n(Cc3ccc4c(c3)OCO4)c1=O)C(c1ccc(Cl)cc1)N(c1cc(Cl)cn(C3CC(O)(CO)C3)c1=O)C2=O,中毒,6.9793477,12.087409,0.224663497,4.124755206
Cc1n[nH]nc1-c1cc2c(n1-c1cc(Cl)cc(Cl)c1)C(c1ccc(Cl)cc1)N(c1cc(Cl)cn(C3CC(O)(CO)C3)c1=O)C2=O,中毒,14.882899,11.513729,0.196593461,4.124878433
Cc1n[nH]nc1-c1cc2c(c(-c3c(Cl)cccc3Cl)c1)C(c1ccc(Cl)cc1F)NN(c1cc(Cl)cn(C(C)(C)C)c1=O)C2=O,中毒,17.272402,13.381985,0.198220612,4.124907492
Cc1n[nH]nc1-c1cc2c(c(-c3c(F)cccc3Cl)c1)C(c1ccc(Cl)cc1)N(c1cc(Cl)cn(C3CC(O)(CO)C3)c1=O)CC2=O,中毒,14.0745,16.862432,0.184022814,4.124908389
Cc1n[nH]nc1-c1cc2c(c(-c3c(Cl)cccc3Cl)c1)C(c1cccc(Cl)c1)N(c1cc(Cl)cn(C3CC(O)(CO)C3)c1=O)C=C2,中毒,9.036046,9.719319,0.167109686,4.124941592
Cc1n[nH]nc1-c1cc2c(c(-c3c(Cl)cccc3Cl)n1)C(=O)C(c1ccc(Cl)cc1)N(c1cc(Cl)cn(C3CC(O)(CO)C3)c1=O)C2=O,中毒,15.763229,17.379768,0.18543214,4.125344822
Cc1n[nH]nc1-c1cc2c(c(-c3c(Cl)cccc3Cl)c1)C(c1ccc(Cl)cc1)N(c1cc(Cl)cn(C3CC(O)(Cl)C3)c1=O)C=C2,中毒,12.565841,9.719319,0.178910687,4.125721263
Cc1n[nH]nc1-c1cc2c(c(-c3c(Cl)cccc3Cl)c1)C(c1ccc(Cl)cc1)Nc1c(c(Cl)cn(C3CC(O)(CO)C3)c1=O)C2=O,中毒,10.009384,19.287458,0.155150666,4.12592034
Cc1n[nH]nc1-c1cc2c(c(-c3c(Cl)cccc3Cl)c1)C(c1ccc(-c3ccc(C#N)cc3)cc1)N(c1cc(Cl)cn(C3CC(O)(CO)C3)c1=O)C2,低毒,9.036046,9.912456,0.149797732,4.126047485
Cc1n[nH]nc1C1=CC2=C1C(c1ccc(Cl)c(Cl)c1)N(c1cc(Cl)cn(C3CC(O)(CO)C3)c1=O)C2=O,中毒,15.540574,13.503714,0.436352504,4.126390513
Cc1n[nH]nc1-c1cc(-c2c(Cl)cccc2Cl)c2c(c1)C(c1ccncc1)N(c1cc(Cl)cn(C3CC(O)(CO)C3)c1=O)C2,中毒,6.3808517,8.960914,0.20240942,4.126514995
Cc1n[nH]nc1C1=CC2=C(c3nc(-c4cccc(F)c4)n[nH]3)C(c3ccc(Cl)cc3)N(c3ccc(Cl)cc3)C3=C(C(=O)CC(C)(C)C3)C2=C1,中毒,116.47806,21.778236,0.190877109,4.127072792
Cc1n[nH]nc1-c1cc2c(c(-c3c(Cl)cccc3Cl)c1)C(c1ccc(Br)cc1)N(c1cc(Cl)cn(C3CC(O)(CO)C3)c1=O)C=C2,中毒,9.036046,9.719319,0.163227033,4.127124776
Cc1n[nH]nc1-c1cc2c(c(-c3c(Cl)cccc3Cl)c1)C(c1ccco1)N(c1cc(Cl)cn(C3CC(O)(CO)C3)c1=O)C2,中毒,6.4584956,9.719319,0.198814592,4.12741584
Cc1n[nH]nc1-c1cc2c(c(-c3c(Cl)cccc3Cl)c1C)C(c1ccc(Cl)cc1)N(c1cc(Cl)cn(C3CC(O)(CO)C3)c1=O)C2,中毒,11.212927,9.912456,0.168042164,4.12747046
Cc1n[nH]nc1-c1cc2c(c(-c3c(Cl)ccc(F)c3Cl)c1)C(c1ccc(Cl)cc1)N(c1cc(Cl)cn(C3CC(O)(CO)C3)c1=O)C2,中毒,6.3808517,8.960914,0.158226797,4.127573225
Cc1n[nH]nc1-c1cc2c(n(-c3ccc(Cl)cc3F)c1=O)C(c1ccc(Cl)cc1)N(c1cc(Cl)cn(C3CC(O)(CO)C3)c1=O)C2=O,中毒,32.17651,12.110745,0.226453474,4.128413344
Cc1n[nH]nc1-c1cc2c(c(-c3c(Cl)cccc3Cl)c1)C(c1ccc(Cl)cc1)S(=O)(=O)N(c1cc(Cl)cn(C3CCOCC3)c1=O)C2=O,中毒,8.984515,21.252083,0.195885019,4.128478094
Cc1n[nH]nc1NC(=O)c1cc2c(n1-c1ccc(Cl)cc1F)C(c1ccc(Cl)cc1)N(c1cc(Cl)cn(C3CC(O)(CO)C3)c1=O)C2=O,中毒,23.909687,11.513729,0.180088325,4.128846962
Cc1n[nH]nc1-c1cc(-c2c(Cl)cccc2Cl)c2c(c1)C(c1ccc(Cl)cc1)N(C1=C(Cl)C(=O)N(C3CC3)C1=O)C2c1cccc(Cl)c1,中毒,16.315226,14.339105,0.175849001,4.129088555
Cc1n[nH]nc1-c1cc(Cl)c2c3c(c(NC(=O)c4cc5cccnc5s4)cc2c1)C1C(=O)NC(=O)C31,中毒,44.728024,11.134148,0.307948834,4.129203865
Cc1n[nH]nc1-c1cc2c(c(-c3c(Cl)cccc3Cl)nc1=O)C(c1ccc(Cl)cc1)N(c1cc(Cl)cn(C3CC(O)(CO)C3)c1=O)C2=O,中毒,8.614452,12.087409,0.199001558,4.129206129
Cc1n[nH]nc1-c1cc(-c2c(Cl)cccc2Cl)c2c(c1)C1NC(N)=Nc3ccc(Cl)cc3N1C2c1ccc(Cl)cc1,中毒,9.753868,17.012405,0.188828407,4.129293191
COc1ccc(Cl)cc1-c1ccc(C2c3c(cc(-c4n[nH]nc4C)cc3-c3c(Cl)cccc3Cl)CN2c2cc(Cl)cn(C3CC(O)(CO)C3)c2=O)cc1,中毒,6.3808517,13.447941,0.140993477,4.129303541
Cc1n[nH]nc1-c1cc(-c2c(Cl)cccc2Cl)c2c(c1)C(c1ccc(Cl)cc1)N(N1C(=O)CSC1=O)C2c1ccc(Cl)cc1,中毒,7.106441,25.44873,0.199365286,4.129648309
Cc1n[nH]nc1C1=C(C2CC(c3cc(F)cc(F)c3F)=NOC2(C)C)c2c(F)cc(F)c(F)c2C1=O,中毒,12.929804,13.503714,0.387672255,4.129716852
Cc1n[nH]nc1-c1cc(-c2c(Cl)cccc2Cl)c2c(c1)C(C)(C)C(=O)N(c1cc(Cl)cn(C3CC(O)(CO)C3)c1=O)C2c1ccc(Cl)cc1,中毒,19.016203,18.239529,0.164155999,4.129954624
Cc1n[nH]nc1-c1cc(Oc2ccc(Cl)cc2)c2c(c1)C1=CC(Cl)=CN(C3CC(O)(CO)C3)C(=O)C(=O)N1C2c1ccc(Cl)cc1,中毒,53.697037,22.22737,0.214592456,4.130121556
Cc1n[nH]nc1-c1cc2c(c(-c3c(Cl)cccc3Cl)n1)C(c1ccc(Cl)cc1Cl)N(c1cc(Cl)cn(C3CC(O)(CO)C3)c1=O)C2=O,中毒,7.8750753,12.110745,0.169793918,4.130487072
Cc1n[nH]nc1C1=CC2=C(N3CCC(O)C3)C(c3ccc(S(=O)(=O)N(CC(C)C)c4cc(Cl)c(O)c(Cl)c4)cc3)=CC(=O)C2=C1,中毒,17.646664,8.8142395,0.294583448,4.130545386
Cc1n[nH]nc1-c1cc2c(c(S(=O)(=O)c3ccc(F)c(Cl)c3)c1)C(c1ccc(Cl)cc1)N(c1cc(Cl)cn(C3CC(O)(CO)C3)c1=O)C2,中毒,5.600352,26.52157,0.172288616,4.13065425
Cc1n[nH]nc1C1C=C(c2cc(Cl)cc(Cl)c2)N(c2cc(Cl)cn(C3CC(O)(CO)C3)c2=O)C1=O,中毒,28.468481,35.223312,0.458688588,4.130710884
Cc1n[nH]nc1-n1c2c(c(=O)n(Cc3ccco3)c1=O)C(c1ccc(Cl)cc1)N(c1cc(Cl)cn(C3CC(O)(CO)C3)c1=O)C2=O,中毒,28.5805,14.418226,0.234964491,4.130841133
Cc1n[nH]nc1-c1cc2c(c(-c3c(Cl)cccc3Cl)c1)C1(COC(N)=O)C(=O)N(c3ccc(Cl)c(Cl)c3)C(=O)C1C2,中毒,17.227741,58.23669,0.254707161,4.130918572
Cc1n[nH]nc1C1(c2cc(NS(=O)(=O)c3cccnc3)ccc2F)C(=O)N(C(CO)CO)C1c1ccc(Cl)cc1Cl,中毒,9.6421585,21.97898,0.207611872,4.132736791
Cc1n[nH]nc1-c1cc2c(c(-c3c(Cl)cccc3Cl)c1)C(c1ccc(Cl)cc1)S(=O)(=O)c1ccc(N(C)C3CCN(CCl)CC3)cc1C2,中毒,14.698573,14.1463,0.138340149,4.133195296
Cc1n[nH]nc1C1=C(c2cc(Br)ccc2Oc2ccc(NS(=O)(=O)c3ccc(Cl)cn3)cc2F)C(c2ccc(Cl)cc2)N(C(CO)CO)C(=O)C1(C)C,中毒,32.17651,19.032093,0.107560624,4.133197615
Cc1n[nH]nc1-c1cc2c(c(-c3c(Cl)cccc3Cl)c1)C(c1c(Cl)cccc1Cl)N(c1cc(Cl)cn(C3CC(O)(CO)C3)c1=O)C2,中毒,8.459931,9.912456,0.164244612,4.133839691
Cc1n[nH]nc1-c1cc2c(c(-c3c(Cl)cccc3Cl)c1)C(c1ccc(Cl)cc1)Nc1c(c(Cl)cn(C3CC(O)(CO)C3)c1=O)C2,中毒,8.922982,18.526705,0.153717416,4.133853131
Cc1n[nH]nc1-c1cc(-c2c(Cl)cccc2Cl)c2c(c1)-c1c(cc(C(F)(F)F)nc1C(F)(F)F)P2(=O)c1ccccc1,中毒,50.026093,43.4009,0.158552715,4.133938432
Cc1n[nH]nc1-c1cc2c(c(-c3c(Cl)cccc3Cl)c1)C(c1ccc(Cl)cc1F)N(c1cc(Br)n(C(C)(C)C#N)c1)C2,中毒,15.376347,10.880404,0.200251866,4.134022966
Cc1n[nH]nc1-c1cc2c(c(-c3c(Cl)cccc3Cl)c1)CN(c1cc(Cl)cn(C3CC(O)C(O)C3)c1=O)C2,中毒,6.7611756,11.151921,0.312404333,4.134197172
Cc1n[nH]nc1-c1cc2c(c(-c3c(Cl)cccc3Cl)c1)C(c1ccc(Cl)cc1)N(c1cc(Cl)n(C3CC(O)(CO)C3)n1)C2,中毒,46.709217,20.985355,0.175871856,4.134396133
Cc1n[nH]nc1-c1cc2c(c(-c3c(Cl)cccc3Cl)c1)C(c1ccc3c(c1)OCO3)N(c1cc(Cl)cn(C3CC(O)(CO)C3)c1=O)C2,中毒,9.036046,9.719319,0.185137591,4.134463769
Cc1n[nH]nc1-c1cc(-c2c(Cl)cccc2Cl)c2c(c1)C1COCCN1C(c1ccc(Cl)cc1)C2c1ccc(Cl)cc1,中毒,22.87688,12.76638,0.213759343,4.13473882
Cc1n[nH]nc1C1=CC2=C(c3c(Cl)cccc3Cl)C(=O)c3c(oc4cc(OCc5cccnc5)c(Br)cc4c3=O)C(C)CC2=C1,中毒,29.52702,14.456214,0.195824346,4.134810807
Cc1n[nH]nc1-c1cc(-c2c(Cl)cccc2Cl)c2c(c1)C(c1ccc(Cl)cc1)C(c1ccc(Cl)cc1)NC2c1ccc2c(c1)OCO2,中毒,18.233282,10.100626,0.187387718,4.135084271
Cc1n[nH]nc1-n1c2c(c(=O)n(C3CC3)c1=O)C(c1ccc(Cl)cc1)N(c1cc(Cl)cn(C3CC(O)(CO)C3)c1=O)C2=O,中毒,28.801418,14.418226,0.292309984,4.135417061
Cc1n[nH]nc1-c1cc2c(c(-c3c(Cl)cccc3Cl)c1)C(c1ccc(Cl)cc1)N(c1cc(Cl)cn(C3CC(O)(C4CC4)C3)c1=O)C2=S,中毒,12.849881,27.614061,0.170288453,4.135508624
Cc1n[nH]nc1-c1cc2c(c(-c3c(Cl)cccc3Cl)n1)C(c1ccc(Cl)cc1)N(c1cc(Cl)cn(C3CC(O)(CO)C3)c1=S)C2=O,中毒,7.4282966,37.016857,0.153715726,4.135935004
Cc1n[nH]nc1-c1cc2n(c1)C(c1ccc(Cl)cc1)N(c1cc(Cl)cn(C3CC(O)(Cl)C3)c1=O)C2=O,中毒,39.48392,28.945686,0.366618874,4.136329719
Cc1n[nH]nc1-c1cc(-c2c(Cl)cccc2Cl)c2c(c1)-c1c(cc(I)c(=O)n1C1CC(O)(CO)C1)OC2c1ccc(Cl)cc1,中毒,17.981668,22.014084,0.161325452,4.136379971
Cc1n[nH]nc1-c1cc2c(c(=O)c(C(=O)N(C)C3CC3)c1)C(c1ccc(Cl)cc1)N(c1cc(Cl)cn(C3CC(O)(CO)C3)c1=O)C2=O,中毒,16.282593,18.775484,0.267257109,4.136520403
Cc1n[nH]nc1-c1cc2c(c(-c3c(Cl)cccc3Cl)c1)C(c1ccc(-c3ccc(Cl)cc3)c(Cl)c1)N(c1cc(Cl)cn(C3CC(O)(CO)C3)c1=O)C2,中毒,9.036046,9.912456,0.148710652,4.136664547
CCn1c2c(c3cc(F)c(F)c(F)c3c1=O)C(=O)c1c-2cc(-c2n[nH]nc2C)c2c(=O)n(C(C)c3ccc(Cl)cc3)c(=O)c(=O)n(C)c12,中毒,46.20203,15.492692,0.215789562,4.136750523
Cc1n[nH]nc1-c1cc2c(c(-c3c(Cl)cccc3Cl)c1)C(c1cccc(Cl)c1)N(c1cc(Cl)cn(C3CC(O)(CO)C3)c1=O)CC2=O,中毒,19.016203,18.239529,0.172199301,4.137606686
Cc1n[nH]nc1-c1cc(-c2c(Cl)cccc2Cl)c2c(c1)C(C)(C)N(c1cc(Cl)cn(C3CC(O)(CO)C3)c1=O)C2c1ccc(Cl)cc1,中毒,9.036046,18.239529,0.164366139,4.137619971
Cc1n[nH]nc1-c1cc2c(c(=O)c(C(=O)O)c1F)C(c1cccc(Cl)c1)N(c1cc(Cl)cn(C3CC(O)(CO)C3)c1=O)C2=O,中毒,14.0745,8.519041,0.2457765,4.137751781
Cc1n[nH]nc1-c1cc2c(o1)C(c1ccc3c(c1)OCO3)N(c1cc(Cl)cn(C3CC(O)(CO)C3)c1=O)C2=O,中毒,13.3429985,8.597157,0.339147934,4.137758665
Cc1n[nH]nc1-c1cc2c(c(-c3c(Cl)cccc3Cl)c1)C(c1ccc(Cl)c(-c3ccc(Cl)cc3)c1)N(c1cc(Cl)cn(C3CC(O)(CO)C3)c1=O)C2,中毒,9.036046,9.912456,0.148710652,4.13821892
Cc1n[nH]nc1-c1cc2c(c(-c3c(Cl)cccc3Cl)c1)CC(c1cccc(Cl)c1Cl)N(c1cc(Cl)cn(C3CC(O)(CO)C3)c1=O)C2=O,中毒,18.215044,17.379768,0.162591837,4.138315441
Cc1n[nH]nc1-n1c2c(c(=O)n(CC(=O)N3CCCCC3)c1=O)C(c1ccc(Cl)cc1)N(c1cc(Cl)cn(C3CC(O)(CO)C3)c1=O)C2=O,中毒,36.83937,13.503714,0.256534679,4.138559224
Cc1n[nH]nc1-n1cc2c(c(-c3c(Cl)cccc3Cl)c1=O)C(c1ccc(Cl)cc1)N(c1cc(Cl)cn(C3CC(O)(CO)C3)c1=O)C2=O,中毒,17.04069,14.418226,0.210270977,4.138694646
Cc1n[nH]nc1-c1cc2c(c(-c3c(Cl)ccc(Cl)c3Cl)n1)C(c1ccc(Cl)cc1)N(c1cc(Cl)cn(C3CC(O)(CO)C3)c1=O)C2=O,中毒,7.4282966,12.110745,0.158835479,4.13886932
Cc1n[nH]nc1-c1nc2c(c(-c3c(Cl)cccc3Cl)c1Cl)C(c1ccc(Cl)cc1)N(c1cc(Cl)cn(C3CC(O)(CO)C3)c1=O)C2=O,中毒,39.425797,12.110745,0.169793918,4.13898222
Cc1n[nH]nc1-c1cc2c(c(-c3c(Cl)cccc3Cl)c1)C(c1ccc(Cl)cc1)N(c1cc(Cl)nn(C3CC(O)(CO)C3)c1=O)C2,中毒,24.56957,14.797535,0.180386738,4.13902456
Cc1n[nH]nc1-c1cc2c(c(=O)[nH]c1=O)C(c1cccc(Cl)c1F)N(c1cc(Cl)cn(C3CC(O)(CO)C3)c1=O)C2=O,中毒,7.5964036,18.232977,0.264570642,4.139430622
Cc1n[nH]nc1-c1cc2c(c(-c3c(Cl)cccc3Cl)c1)-c1c(cnn1-c1ccc(OCC(N)=O)cc1)C(c1ccc(Cl)cc1)C(c1ccc(Cl)cc1)N2,中毒,16.852009,34.3908,0.141096094,4.13954414
Cc1n[nH]nc1-c1cc2n(c1-c1ccc(Cl)c(Cl)c1)C(c1ccc(Cl)cc1)N(c1cc(Cl)cn(C3CC(O)(CO)C3)c1=O)C2=O,中毒,20.573853,13.503714,0.192756946,4.139618494
Cc1n[nH]nc1-c1cc(-c2c(Cl)cccc2Cl)c2c(c1)C(C)(C)N(c1cc(Cl)cn(C3CC(O)(C(=O)O)C3)c1=O)C2c1ccc(Cl)cc1,中毒,9.036046,18.239529,0.161242017,4.139903245
Cc1n[nH]nc1-c1cc2c(c(-c3c(Cl)cccc3Cl)c1)N(c1cc(Cl)cn(C3CC(O)C(O)C3)c1=O)C2,中毒,18.619787,18.206211,0.314707145,4.140156404
Cc1n[nH]nc1-c1cc2c(c(-c3c(Cl)cccc3Cl)cc1=O)C(c1cccc(Cl)c1)N(c1cc(Cl)cn(C3CC(O)(CO)C3)c1=O)C2=O,中毒,7.266821,9.043079,0.184335179,4.140255985
Cc1n[nH]nc1-c1cc2c(c(-c3c(Cl)cccc3Cl)c1)C(c1ccc(Cl)cc1)N(c1nc(Cl)cn(C3CC(O)(C#N)C3)c1=O)C2,中毒,63.41639,12.65508,0.18678576,4.140321263
Cc1n[nH]nc1-c1cc2c(c(-c3c(Cl)cccc3Cl)c1)C(c1ccc(Cl)cc1)N(c1cc(Cl)cn(C3CC(O)(COCCO)C3)c1=O)C2,中毒,11.212927,11.733231,0.13559102,4.140336556
Cc1n[nH]nc1-c1cc2c(c3c(Cl)c4cc(Cl)ccc4c-3c1)C(c1cccc(Cl)c1)N(c1cc(Cl)cn(C3CC(O)(CO)C3)c1=O)C2=O,中毒,6.532791,8.519041,0.168391752,4.140676823
Cc1n[nH]nc1-n1c2c(c(=O)n(Cc3ccc(F)cc3F)c1=O)C(c1ccc(Cl)cc1)N(c1cc(Cl)cn(C3CC(O)(CO)C3)c1=O)C2=O,中毒,28.801418,14.418226,0.231593347,4.141207957
COc1nn2cc(C3=CC4=NC(c5n[nH]nc5C)=CC4=C3C3CCC(c4cc(C(F)(F)F)cnn4)CC3)nc2s1,中毒,10.925707,17.484896,0.353387893,4.141257252
Cc1n[nH]nc1-c1cc2c(c(-c3c(Cl)cccc3Cl)c1)C(c1ccc(Cl)cc1)[PH](N)(c1ccc(Cl)cc1)N2,低毒,59.74668,15.448342,0.180821718,4.14159673
Cc1n[nH]nc1C1=CC2=C1C(c1ccc(Cl)cc1Cl)N(c1cc(Cl)cn(C3CC(O)(CO)C3)c1=O)C2=O,中毒,15.540574,13.503714,0.436352504,4.141968794
Cc1n[nH]nc1-c1cc2c(c(-c3c(Cl)cccc3Cl)cc1=O)C(c1ccc(Br)cc1)N(c1cc(Cl)cn(C3CC(O)(CO)C3)c1=O)C2=O,中毒,7.266821,9.043079,0.179193515,4.142373509
CC1=C(C2=C3C=C(c4n[nH]nc4C)C=C3C3=C(CCCC3=O)N(c3ccc(Cl)cc3)C2c2ccc(Cl)cc2)C(=O)C(=O)N1C,中毒,47.697018,25.043795,0.32775197,4.142834473
Cc1n[nH]nc1-c1nc2c(c(-c3c(F)cccc3F)c1Cl)C(c1ccc(Cl)cc1)N(c1cc(Cl)cn(C3CC(O)(CO)C3)c1=O)C2=O,中毒,39.425797,12.110745,0.196331474,4.143077486
Cc1n[nH]nc1-c1cc(-c2c(Cl)cccc2Cl)c2c(c1)C(c1ccc(Cl)cc1)N(c1cc3c(cn1)c(=O)n(C)c(=O)n3C)C2c1ccc(Cl)cc1,中毒,55.93302,53.944515,0.18876965,4.143177914
Cc1n[nH]nc1-c1cc(-c2c(Cl)cccc2Cl)c2c(c1)N1N=C(c3ccc(Cl)cc3)C(c3ccc(Cl)c(Cl)c3)N1C2c1ccc(Cl)cc1,中毒,57.559948,13.503611,0.190566539,4.143325523
Cc1n[nH]nc1-c1cc2c(c(=S)n(Cc3ccccc3F)c1=O)C(c1ccc(Cl)cc1)N(c1cc(Cl)cn(C3CC(O)(CO)C3)c1=O)C2=O,中毒,6.9793477,37.584106,0.196215101,4.143329021
Cc1n[nH]nc1-c1cc2c(c(-c3c(Cl)cccc3Cl)c1)C(c1ccc(Cl)cc1)N(c1cnn(C3CCS(=O)(=O)C3)c1)C2,中毒,34.54641,17.668663,0.220952688,4.143358703
Cc1n[nH]nc1-c1cc2c(c(-c3c(Cl)cccc3Cl)c1)C(c1ccc3c(c1)OCO3)N(c1cc(Cl)cn(C3CC(O)(CO)C3)c1=O)C(=O)C2,中毒,19.016203,15.303033,0.193017581,4.143527757
Cc1n[nH]nc1-c1cc2c(c(-c3c(Cl)cccc3Cl)c1)C(c1ccc(Cl)cc1)N(C(=O)c1cc(Cl)cn1-c1ccc(F)cc1F)C1=C2C(=O)CCC1,中毒,111.37788,16.157087,0.189019518,4.143531316
Cc1n[nH]nc1C1=CC2=C(c3c(S(C)(=O)=O)cnc4ccc(Br)cc34)C(c3ccc(Cl)cc3)N(C(=O)c3cn(C)cn3)CC2=C1,中毒,70.738815,14.3937645,0.242177471,4.143552154
Cc1n[nH]nc1-c1cc2c(c(-c3c(F)cccc3Cl)c1)C1=CC(=C(c3cc(OC(F)(F)F)ccc3F)C1=O)C2,中毒,17.937899,21.389214,0.269287291,4.143999296
Cc1n[nH]nc1NC(=O)C1=C(c2cc(-c3ccc(Cl)cc3)oc2C)C(c2ccc(Cl)cc2)N(c2cc(Cl)cn(C3CC(O)(CO)C3)c2=O)C1=O,中毒,26.091692,13.503714,0.140050756,4.144159685
Cc1cc2cc(-c3n[nH]nc3C)cc-2c2c(c1S(C)(=O)=O)C(=O)N(c1cc(Cl)cn(C3CC(O)(CO)C3)c1=O)C2c1ccc(Cl)cc1,中毒,6.1933956,10.425424,0.227199698,4.144677827
Cc1n[nH]nc1-c1cc2c(c(-c3c(Cl)cccc3Cl)n1)C(c1ccc(Cl)cc1F)N(c1cc(Cl)cn(C3CC(O)(CO)C3)c1=O)C2=O,中毒,5.6871157,12.110745,0.181043101,4.144745415
Cc1n[nH]nc1-c1cc2c(c(-c3c(Cl)cccc3Cl)c1)C(c1ccncc1)N(c1nc(Cl)cn(C3CC(O)(CO)C3)c1=O)C2,中毒,12.952971,12.65508,0.218696942,4.144781868
Cc1cc(C2CC(=O)N(C)C2=O)cc(N2Cc3cc(-c4n[nH]nc4C)cc(-c4c(Cl)cccc4Cl)c3C2c2ccc(Cl)cc2Cl)c1,中毒,9.643097,61.34329,0.186297119,4.145407843
Cc1n[nH]nc1-c1cc2c(c(-c3c(Cl)cccc3Cl)c1)C(c1ccc(Cl)cc1)N(c1cc(Cl)cn(C3CC(S(=O)(=O)CC(=O)O)C3)c1=O)C2,低毒,14.031398,9.912456,0.165688444,4.14555764
Cc1n[nH]nc1-c1cc2c(c(-c3c(Cl)cccc3Cl)c1)C(c1ccc(Cl)cc1)N(c1cc(Cl)cn(C3CC(O)(CO)C3)c1=O)NC2=O,中毒,19.24008,13.120062,0.157185975,4.145578265
Cc1n[nH]nc1-c1cc2c(c(S(=O)(=O)c3ccc(Cl)c(Cl)c3)n1)C(c1ccc(Cl)cc1)N(c1cc(Cl)cn(C3CC(O)(CO)C3)c1=O)C2=O,中毒,19.24008,13.503714,0.191272461,4.145859239
Cc1n[nH]nc1-c1cc2c(c(-c3c(Cl)cccc3Cl)c1)C(c1ccc(Cl)cc1S(=O)(=O)N1CCC(Oc3ccc(Cl)c(Cl)c3)CC1)C(N)C2,中毒,13.395769,7.752348,0.170684939,4.145883547
Cc1n[nH]nc1-c1cc2c(c(-c3c(Cl)cccc3Cl)c1)C(c1ccc(Cl)cc1F)N(c1nc(Cl)cn(C3CC(O)(CO)C3)c1=O)C2,中毒,10.1953945,11.092264,0.175771019,4.146108681
Cc1n[nH]nc1-c1cc(-c2c(Cl)cccc2Cl)c2c(c1)N(C)N(c1cc(Cl)cn(C3CC(O)(CO)C3)c1=O)C2c1ccc(Cl)cc1,中毒,33.083656,10.425424,0.171600511,4.146305556
Cc1n[nH]nc1-c1cc2c(c(-c3c(Cl)cccc3Cl)c1)C(c1ccco1)N(c1cc(Cl)cn(C3CC(O)(CO)C3)c1=O)C(=O)C2,中毒,16.46912,15.303033,0.205282033,4.146464121
Cc1n[nH]nc1-c1cc2c(c(-c3c(Cl)cccc3Cl)c1)SC(c1ccc(Cl)cc1)N(c1cc(Cl)cn(C3CC(O)(CO)C3)c1=O)C2=O,中毒,7.357538,11.733231,0.163505742,4.146638395
Cc1n[nH]nc1-n1c2c(c(=O)n(-c3ccc(Cl)cc3)c1=S)C(c1ccc(Cl)cc1)N(c1cc(Cl)cn(C3CC(O)(O)C3)c1=O)C2=O,中毒,32.17651,41.98095,0.177065947,4.146900934
Cc1n[nH]nc1-n1c2c(cc(-c3c(Cl)cccc3Cl)c1=O)C(c1ccc(Cl)cc1)N(c1cc(Cl)cn(C3CC(O)(CO)C3)c1=O)C2=O,中毒,52.723274,12.087409,0.210270977,4.147603048
Cc1n[nH]nc1-c1cc2c3c(c(-c4c(Cl)cccc4Cl)cnc3c1)C(c1ccc(Cl)cc1)N(c1cc(Cl)cn(C3CC(O)(CO)C3)c1=O)C2=O,中毒,6.339412,22.995966,0.159825249,4.147623237
Cc1n[nH]nc1-c1cc2c(c(-c3c(Cl)cccc3Cl)c1)C(c1ccc(Cl)cc1)N(c1cc(Cl)cn(C3CC(P(=O)(O)O)C3)c1=O)C2,中毒,8.394659,10.819605,0.151363328,4.147655556
Cc1n[nH]nc1-c1cc2c(c(-c3c(Cl)cccc3Cl)c1)C(c1cc(Cl)ccc1OCc1ccc(Cl)cc1)N(c1cc(Cl)cn(C3CC(O)(CO)C3)c1=O)C2,中毒,6.1933956,9.173887,0.133067396,4.147676407
Cc1n[nH]nc1-c1nc2c(c(-c3c(Cl)cccc3Cl)c1C)C(c1cccc(Cl)c1)N(c1cc(Cl)cn(C3CC(O)(CO)C3)c1=O)C2=O,中毒,59.929935,12.110745,0.177589795,4.147943876
Cc1n[nH]nc1C1=C(c2cc(Cl)cc(Cl)c2)C(c2ccsc2)N(c2cc(Cl)cn(C3CC(O)(CO)C3)c2=O)C1=O,中毒,34.834694,15.303033,0.277772024,4.148203985
Cc1n[nH]nc1-c1cc2c(c(-c3c(Cl)cccc3Cl)c1)C(c1ccc(Cl)cc1)N(c1cc(Cl)cn(C3CC(C#N)(CO)C3)c1=O)C2,中毒,39.76092,9.912456,0.18588717,4.148528354
Cc1n[nH]nc1C1=C2C(=O)N(c3cc(Cl)cn(C4CC(O)(CO)C4)c3=O)C(c3ccc(Cl)cc3)C2=C(c2c(Cl)cccc2Cl)C1=O,中毒,9.251968,13.503714,0.240693003,4.148740183
Cc1n[nH]nc1-c1cc2c(c(=O)[nH]c1=O)C(c1ccc(Cl)cc1F)N(c1cc(Cl)cn(C3CC(O)(CO)C3)c1=O)C2,中毒,7.5964036,39.767086,0.272076159,4.149073812
Cc1n[nH]nc1-c1cc2c(c(-c3c(Cl)cccc3Cl)c1)C(c1ccc(Cl)cc1)N(C1=CC(Cl)=CN3C(=O)C(C(=O)O)=C13)C2,中毒,32.47867,41.791943,0.217315951,4.149083354
Cc1n[nH]nc1-c1cc2c(c(-c3c(Cl)cccc3Cl)c1)SC(c1ccc(F)cc1)N(c1cc(Cl)cn(C3CC(O)(CO)C3)c1=O)C2=O,中毒,5.2137513,10.425424,0.169929754,4.149367461
Cc1n[nH]nc1-c1cc2c(c(-c3c(Cl)cccc3Cl)c1)C(=O)C(c1ccc(Cl)cc1Cl)N(c1cc(Cl)cn(C3CC(O)(CO)C3)c1=O)C2=O,中毒,17.041746,19.79431,0.162719734,4.149413085
Cc1n[nH]nc1-c1cc2c(c(-c3c(Cl)cccc3Cl)c1)C(c1ccc(Cl)cc1)N(C(=O)c1cnc3cnc(-c4ccc(F)cc4)cc3c1)C(O)C2,中毒,16.920214,14.56892,0.182573024,4.149501741
Cc1n[nH]nc1-c1cc2c(c(-c3c(Cl)cncc3Cl)c1)C(c1ccc(Cl)cc1)N(c1cc(Cl)cn(C3CC(O)(C(=O)O)C3)c1=O)C2,中毒,9.036046,9.912456,0.174746038,4.14966433
Cc1n[nH]nc1-c1cc2c(c(-c3c(Cl)cccc3Cl)c1)CN(c1cc(Cl)cc(C#CCN3CC(O)C(O)C3)c1)C2,中毒,26.468685,58.715103,0.277496065,4.149860873
Cc1n[nH]nc1-c1cc2c(c(-c3c(Cl)cncc3Cl)c1)C(c1ccc(Cl)cc1)N(c1cc(Cl)cn(C3CC(O)(CO)C3)c1=O)C2,中毒,9.036046,9.912456,0.180386738,4.149927857
Cc1n[nH]nc1-c1cc2c(c(-c3c(Cl)cccc3Cl)c1)C(c1ccc(Cl)cc1)N(c1cc(=O)c(C(=O)O)cn(C3CC(O)(CO)C3)c1=O)C2,中毒,6.3808517,6.3003907,0.163020918,4.150368161
CC1=CN(c2cc(Cl)cn(C3CC(O)(CO)C3)c2=O)C(c2ccc(Cl)cc2)c2c1cc(-c1n[nH]nc1C)cc2-c1c(Cl)cccc1Cl,中毒,9.036046,13.489636,0.164053843,4.150873627
Cc1n[nH]nc1-c1cc2c(c(=O)c(C#N)c1-c1ccc(Cl)cc1)C(c1ccc(Cl)cc1)N(c1cc(Cl)cn(C3CC(O)(CO)C3)c1=O)C2=O,中毒,14.0745,9.173887,0.204230838,4.150912844
Cc1n[nH]nc1C1=C(C(N)=O)C2=C(C1=O)C(c1ccc(Cl)cc1)N(c1cc(Cl)cn(C3CC(O)(CO)C3)c1=O)C2=O,中毒,29.750935,13.503714,0.329813126,4.150958928
Cc1n[nH]nc1-c1cc2c(c(=O)c(C(=O)Nc3ccncc3F)c1)C(c1ccc(Cl)cc1)N(c1cc(Cl)cn(C3CC(O)(CO)C3)c1=O)C2=O,中毒,16.282593,18.775484,0.191653441,4.150964223
Cc1n[nH]nc1-c1cc2c(n(-c3c(Cl)cccc3Cl)c1=O)C(c1ccc(Cl)cc1)N(c1cc(Cl)cn(C3CC(O)(CO)C3)c1=O)C2=O,中毒,51.50488,12.110745,0.210270977,4.151732397
Cc1n[nH]nc1-n1c2c(c(=O)n(-c3ccc(Cl)cc3Cl)c1=O)C(c1ccc(Cl)cc1)N(c1cc(Cl)cn(C3CC(O)(CO)C3)c1=O)C2=O,中毒,32.17651,13.503714,0.235725245,4.151913735
Cc1n[nH]nc1-c1cc2c(c(-c3c(Cl)cccc3Cl)c1)C(c1ccc3c(c1)OCO3)=NN1C(=O)CSC1=NCc1sccc1-2,中毒,8.3252325,20.980875,0.216431247,4.151992406
Cc1n[nH]nc1-c1cc2c(c(=O)n1-c1ccc(C#N)cc1F)C(c1ccc(Cl)cc1)N(c1cc(Cl)cn(C3CC(O)(CO)C3)c1=O)C2=O,中毒,14.882899,12.110745,0.238271961,4.152775823
Cc1n[nH]nc1-c1cc2c(c(-c3c(Cl)cccc3Cl)c1)C(c1cccc(Cl)c1)C(c1ccc(Br)cc1)N1CCCOC=C21,中毒,27.284452,17.70682,0.203793032,4.15279265
Cc1n[nH]nc1-c1cc2c(c(-c3c(Cl)cccc3Cl)c1F)C(c1ccc(Cl)cc1)N(c1cc(Cl)cn(C3CC(O)(CO)C3)c1=O)C2,中毒,6.3808517,8.960914,0.169143241,4.152847864
CC1=NN(c2cc(Cl)cn(C3CC(O)(CO)C3)c2=O)C(c2ccc(Cl)cc2)c2c1cc(-c1n[nH]nc1C)cc2-c1c(Cl)cccc1Cl,中毒,15.809174,16.882917,0.166995428,4.152945265
Cc1n[nH]nc1-c1cc2c(c(-c3c(Cl)cccc3Cl)c1)C(c1ccc(S(=O)(=O)N(C)C)cc1)N(c1cc(Cl)cn(C3CC(O)(CO)C3)c1=O)C2,中毒,9.036046,9.912456,0.175418454,4.152973027
Cc1n[nH]nc1-c1cc(-c2c(Cl)cccc2Cl)c2c(n1)C(=O)N(c1cc(Cl)cn(C3CC(O)(CO)C3)c1=O)C2c1ccc2c(c1)OCO2,中毒,39.425797,12.110745,0.207493875,4.153196043
Cc1n[nH]nc1-c1cc2c3c(cnc(-c4cccc(Cl)c4Cl)c3c1)C(c1ccc(Cl)cc1)N(c1cc(Cl)cn(C3CC(O)(CO)C3)c1=O)C2=O,中毒,4.6614413,7.924102,0.159825249,4.15331005
Cc1n[nH]nc1C(c1cc2c(cn1)c(C(=O)c1cc(Cl)cc(Cl)c1F)c(=O)c(C(=O)N1CCOCC1)c1c(F)cccc12)c1cccc(Cl)c1F,中毒,12.000783,17.259178,0.138917209,4.153332506
Cc1n[nH]nc1-c1cc2c(SC3CC3)c(=O)c(-c3c(O)ccc(F)c3F)c(O)c3cc(F)c(-c4cc(Cl)c(O)c(Cl)c4)cc3c(=O)c-2c1,中毒,16.146362,15.718911,0.140705345,4.153579469
Cc1n[nH]nc1-n1c2c(c(=O)[nH]c1=O)C(c1ccc3c(c1)OCO3)N(c1cc(Cl)cn(C3CC(O)(CO)C3)c1=O)C2=O,中毒,28.801418,21.748821,0.248868475,4.153605215
Cc1n[nH]nc1-c1cc2c(c(-c3c(Cl)cccc3Cl)c1)C(c1ccc(Cl)cc1)c1c(cnn3c(C(F)(F)F)c(-c4ccc(Cl)cc4Cl)cc3c1=O)C2,中毒,10.364796,12.269447,0.19240572,4.15365833
Cc1n[nH]nc1-c1cc2c(c(-c3c(Cl)cccc3Cl)c1F)C(c1ccc(Cl)cc1)N(c1cc(Cl)cn(C3CC(O)(C(=O)O)C3)c1=O)C2,中毒,6.3808517,8.960914,0.16532625,4.153735829
Cc1n[nH]nc1C1=C(c2cc(Cl)ccc2Cl)C(O)(c2ccc(Cl)cc2)C(c2ccc(Cl)cc2)N1Cc1ccc(CO)c(C2CCN(C)CC2)c1,中毒,7.32466,14.373294,0.146876848,4.154126669
Cc1n[nH]nc1-c1cc2c(c(-c3c(Cl)cccc3Cl)c1)C(c1ccc(Cl)cc1)N(c1nc(Cl)cn(C3CC(O)(CO)C3)c1=O)C2=S,中毒,14.070425,31.94258,0.161695679,4.154849066
Cc1n[nH]nc1-c1cc2c(c(-c3c(Cl)cccc3I)n1)C(c1ccc(Cl)cc1)N(c1cc(Cl)cn(C3CC(O)(CO)C3)c1=O)C2=O,中毒,19.24008,12.110745,0.170099829,4.155002672
Cc1n[nH]nc1-c1cc2c(c(-c3c(Cl)cccc3Cl)c1)C(c1ccc(Cl)cc1)N(c1cc(Cl)cn(C3CC(F)(Br)C3)c1=O)C=C2,中毒,9.98095,10.777793,0.182009868,4.155026758
Cc1n[nH]nc1-c1cc2c(c(-c3c(Cl)cccc3Cl)c1)C(Nc1cc(Cl)cn(C3CC(O)(CO)C3)c1=O)(c1ccc(Cl)cc1)C2=O,中毒,18.542925,14.53508,0.146594973,4.155111927
Cc1n[nH]nc1-c1cc2c(c(-c3c(Cl)cccc3Br)c1)C(c1ccc(Cl)cc1)N(c1cc(Cl)cn(C3CC(O)(CO)C3)c1=O)C2=S,中毒,6.7043605,33.013264,0.152761419,4.155467816
Cc1n[nH]nc1C1=C2Oc3c(Cl)cc(Cl)cc3C(c3ccc(Cl)cc3)NC2=C(C(F)c2ccc(Cl)cc2)C1=O,中毒,17.778904,19.73523,0.249828893,4.155555234
Cc1n[nH]nc1-c1cc2c(n1-c1ccc(Cl)cc1Cl)C(c1cccnc1)N(c1cc(Cl)cn(C3CC(O)(CO)C3)c1=O)C2=O,中毒,18.205946,11.513729,0.237017432,4.155621622
Cc1n[nH]nc1-c1cc2c(c(-c3c(Cl)cccc3Cl)c1)C(c1ccc3c(c1)OCO3)C(c1cccs1)N(C#N)C2,中毒,36.128933,9.698114,0.217187427,4.155657536
Cc1n[nH]nc1-c1cc2c(c(-c3c(Cl)cccc3Cl)c1)C(c1ccc(Cl)cc1)N(c1cc(N(C)C3CC3)c(Cl)c3c1C(=O)C(C)(C)C3)C2,中毒,48.159336,22.90122,0.189481886,4.156020222
Cc1n[nH]nc1-c1nc2c(c(-c3c(Cl)cccc3Cl)c1O)C(c1ccc(Cl)cc1)N(c1cc(Cl)cn(C3CC(O)(CO)C3)c1=O)C2=O,中毒,32.17651,12.110745,0.163706655,4.156423048
CC1=NN(c2cc(Cl)cn(C3CC(O)(O)C3)c2=O)C(c2ccc(Cl)cc2)c2c1cc(-c1n[nH]nc1C)cc2-c1c(Cl)cccc1Cl,中毒,15.809174,16.882917,0.163257961,4.156556037
Cc1n[nH]nc1-n1c2c(c(=O)n(-c3ccc(F)cc3F)c1=O)C(c1ccc(Cl)cc1)N(c1cc(Cl)cn(C3CC(O)(CO)C3)c1=O)C2=O,中毒,32.17651,13.503714,0.243414957,4.156624574
Cc1n[nH]nc1C1=C(C#Cc2ccc(NN)nc2)C2=C(Nc3ccc4c(c3)OCO4)C(c3ccc4c(c3)OCCO4)CC2=C1,中毒,7.494668,52.913563,0.149259624,4.157085894
Cc1n[nH]nc1C1=CC2=CC(c3cc(NC(=O)c4ccc(Cl)cc4-n4cc(Cl)cn4)c(Cl)cc3F)C(Cl)=CC2=C1,中毒,16.331297,47.894638,0.240101287,4.157195927
Cc1n[nH]nc1-c1cc2c(c(-c3c(Cl)cccc3C(F)(F)F)c1)C(c1ccc(Cl)cc1)N(c1cc(Cl)cn(C3CC(O)(CO)C3)c1=O)C2,中毒,9.036046,14.297296,0.165981752,4.157230537
Cc1n[nH]nc1-c1cc2c(c(-c3c(Cl)cccc3Cl)c1)C(c1ccc(Cl)cc1)N(c1cc(Cl)cn(C3CC(O)(C(=O)OCC4CC4)C3)c1=O)C2,中毒,28.184814,11.733231,0.153385331,4.157328402
Cc1ccc(S(=O)(=O)Nc2nc(Cl)cc3c2ncn3C2c3c(cc(-c4n[nH]nc4C)cc3-c3c(Cl)cccc3Cl)CC2O)cc1,中毒,56.131454,15.625574,0.165158225,4.157380753
Cc1cc(N2Cc3cc(-c4n[nH]nc4C)cc(-c4c(Cl)cccc4Cl)c3C2c2c(Cl)cccc2Cl)c(=O)n(C2CC(O)(CO)C2)n1,中毒,10.592455,14.797535,0.173265106,4.157422504
Cc1n[nH]nc1-c1cc2c(c(-c3c(Cl)cccc3Cl)c1F)C(c1ccc(Cl)cc1)N(c1cc(Cl)cn(C3CC(O)(CO)C3)c1=O)C(=O)C2,中毒,14.0745,16.862432,0.171483494,4.157423133
Cc1n[nH]nc1-c1cc2c(c(-c3nc(NC(=O)c4cc(-c5c(F)cccc5F)c(Cl)cn4)c4c(N)ncnn34)c1C)C(C)C2,中毒,71.533104,17.54973,0.224718697,4.157653208
Cc1n[nH]nc1-c1cc2c(c(-c3cc(Cl)ccc3OCc3ccc(F)cc3F)c1)C(c1ccc(Cl)cc1)N(c1cc(Cl)cn(C3CC(O)(CO)C3)c1=O)C2,中毒,6.3808517,13.447941,0.134426237,4.157691184
Cc1n[nH]nc1-c1cc2c(c(-c3c(Cl)cccc3Cl)c1)C(c1ccc3c(c1)OCO3)N(P(=O)(O)O)C(c1ccc(Cl)cc1)N2,中毒,12.414015,17.092989,0.138624453,4.157980863
Cc1n[nH]nc1-c1cc2c(c(-c3c(Cl)cccc3Cl)c1)C(c1ccc(Cl)cc1)N(c1cc3c(cc1F)c(=O)c(C(=O)O)cn3CC(C)O)CC2,中毒,8.946273,14.878985,0.151615656,4.15801553
Cc1n[nH]nc1-c1cc2c(c(-c3c(Cl)cccc3Cl)c1)C(c1ccc(Cl)cc1)N(c1cc(Cl)cn(C3CC(O)(CO)C3)c1=O)c1ccc(C#N)cc1-2,中毒,6.3365364,16.023859,0.154109607,4.158151691
Cc1n[nH]nc1-c1cc2c(c(-c3c(Cl)cccc3Cl)c1Cl)C(c1ccc(Cl)cc1)N(c1cc(Cl)cn(C3CC(O)(CO)C3)c1=O)C2,中毒,9.036046,9.912456,0.164244612,4.158197023
COc1cc(C2=C3C(=O)N(c4cc(Cl)cn(C)c4=O)C(c4ccc(Br)cc4)C3=C3C=C(c4n[nH]nc4C)C=C3C2=O)cc(OC)c1OC,中毒,40.51827,10.292379,0.256971833,4.158275905
Cc1n[nH]nc1-c1cc(-c2c(Cl)cccc2Cl)c2c(c1)C(c1ccc(Cl)cc1)NC(c1ccc(Cl)cc1)C2c1ccc2c(c1)OCO2,中毒,20.477898,8.497589,0.187387718,4.15855961
Cc1n[nH]nc1-c1cc2c(n1-c1ccc(Cl)cc1Cl)C(c1ccc(Cl)cc1Cl)N(c1cc(Cl)cn(C3CC(O)(CO)C3)c1=O)C2=O,中毒,15.540574,11.513729,0.176956636,4.158833702
Cc1n[nH]nc1-c1cc2c(c(-c3c(Cl)cccc3Cl)c1)C(c1ccc(Cl)cc1)OC1=C(C2)c2cc(Cl)c(OCCCCOc3ccc(C=NO)cc3)cc2C1=O,中毒,50.501167,16.709005,0.057763476,4.158949294
Cc1n[nH]nc1-c1cc2c(c(-c3c(Cl)ccc(F)c3Cl)n1)C(c1ccc(Cl)cc1)N(c1cc(Cl)cn(C3CC(O)(CO)C3)c1=O)C2=O,中毒,7.4282966,12.110745,0.169358644,4.159444705
Cc1n[nH]nc1-c1cc2c3c(c4cnc(-c5c(Cl)ccc(F)c5F)c(F)c4c(-c4c(Cl)cccc4Cl)c-2c1)CNCC3O,中毒,9.984077,11.384238,0.169583461,4.159917684
Cc1n[nH]nc1-c1cc2c(c(-c3c(Cl)cccc3Cl)c1)C(c1ccc3c(c1)COC3)N(c1ccc(C3=CC(=O)C=CC3=O)cc1OCC1CC1)C2,中毒,55.323914,18.087755,0.160557892,4.160005264
Cc1n[nH]nc1C1=CC2=C1C(c1ccc(Cl)cc1F)N(c1cc(Cl)cn(C3CC(O)(CO)C3)c1=O)C2=O,中毒,15.540574,13.503714,0.453283776,4.160141192
Cc1n[nH]nc1-n1c2c(c(=O)n(Cc3ccc(Cl)c(Cl)c3)c1=O)C(c1ccc(Cl)cc1)N(c1cc(Cl)cn(C3CC(O)(CO)C3)c1=O)C2,中毒,8.758138,33.378986,0.222868841,4.160437014
Cc1n[nH]nc1-c1cc2c(c(-c3c(Cl)cccc3Cl)c1)N(c1cc(Cl)cn(C3CC(O)C(O)C3)c1=O)C2=O,中毒,38.86924,18.239529,0.318958191,4.160677008
Cc1n[nH]nc1C1=CC2=C(P(=O)(O)O)C=C(c3cc(Cl)ccc3OC(C)C(=O)O)C2=C1F,中毒,32.17553,57.454678,0.457948069,4.160857386
Cc1n[nH]nc1-c1cc2c(c(-c3c(Cl)cccc3Cl)c1)C(c1ccc(Cl)cc1)N(c1cc(Cl)cn(C3CC(S(=O)(=O)C(C)(C)C)C3)c1=O)C2,低毒,26.265089,10.819605,0.185485941,4.160886932
Cc1n[nH]nc1-c1cc2c(cc(-c3c(Cl)cccc3Cl)c1=O)C(c1ccc(Cl)c(Cl)c1)N(c1cc(Cl)cn(C3CC(O)(CO)C3)c1=O)C2=O,中毒,7.487971,8.960914,0.168682039,4.161002829
Cc1n[nH]nc1-c1cc2c(OC(F)(F)F)c(S(=O)(=O)c3ccccc3)nc3c(c-2c1)C(c1ccc(OC(F)(F)F)cc1)(C(F)(F)F)CC3,中毒,40.249195,15.382274,0.180852769,4.161231567
Cc1n[nH]nc1C1=Cc2c(c(Cl)c(-c3cc(Cl)c(Cl)cc3Cl)c3c2C(c2ccc(Cl)cc2)NN=C3)C1=O,中毒,37.049152,26.09541,0.238895188,4.161277234
Cc1n[nH]nc1-c1cc2c(c(-c3c(Cl)cccc3Cl)c1)C(c1ccc(Cl)cc1)N(C1=Cc3sccc3S(=O)(=O)C=C1)C(=O)CC2,中毒,9.2847185,61.326756,0.203295388,4.161642057
Cc1n[nH]nc1C1=C(C(C)C)C2=C(C1=O)C(c1ccc(Cl)cc1)N(c1cc(Cl)cn(C3CC(O)(CO)C3)c1=O)C2=O,中毒,32.17651,13.503714,0.394050031,4.161809615
Cc1n[nH]nc1-c1cc(-c2c(Cl)cccc2Cl)c2c(c1)N(c1ccc(-c3ccsc3Cl)cc1)C(c1ccc(F)cc1)C2(O)c1ccc(Cl)cc1,中毒,6.900299,16.882917,0.177254327,4.162026689
Cc1n[nH]nc1-c1cc2c([nH]1)C(c1ccc(Cl)c(Br)c1)N(c1cc(Cl)cn(C3CC(O)(CO)C3)c1=O)C2=O,中毒,7.4282966,11.513729,0.264593421,4.162530027
Cc1n[nH]nc1-c1cc(-c2c(Cl)cccc2Cl)c2c(c1)N(c1cc(Cl)cn(C3CC(O)(CO)C3)c1=O)OC2c1ccc(Cl)cc1,中毒,30.4506,17.693075,0.170093472,4.162659725
Cc1n[nH]nc1-c1cc2c(c(=O)n(C3CCOCC3)c1=O)C(c1ccc(Cl)cc1)N(c1cc(Cl)cn(C3CC(O)(CO)C3)c1=O)C2=O,中毒,6.9793477,14.418226,0.276762124,4.16266294
Cc1n[nH]nc1-c1cc2c(c(-c3c(Cl)cc(Cl)cc3Cl)c1)C(c1ccc(Cl)cc1)N(c1cc(Cl)cn(C3CC(O)(CO)C3)c1=O)C2=S,中毒,9.036046,33.013264,0.150430565,4.162677249
Cc1n[nH]nc1-n1c2c(c(=O)n(Cc3c(F)cccc3F)c1=O)C(c1ccc(Cl)cc1)N(c1cc(Cl)cn(C3CC(O)(CO)C3)c1=O)C2=O,中毒,28.801418,14.418226,0.231593347,4.162881803
Cc1n[nH]nc1-c1nc2c(c(-c3c(Cl)cccc3Cl)c1F)C(c1ccc(Cl)cc1)N(c1cc(Cl)cn(C3CC(O)(CO)C3)c1=O)C2=O,中毒,39.425797,12.110745,0.181043101,4.162957368
Cc1n[nH]nc1-c1cc2c(Cc3cn(S(=O)(=O)c4ccc(Cl)cc4Cl)c(=O)c4ccc(F)cc34)c(-c3c(Cl)cccc3Cl)c1c1ccc(Cl)cc21,中毒,7.083726,8.100245,0.180700348,4.16308533
Cc1n[nH]nc1-c1cc2c(c(-c3c(Cl)cccc3Cl)c1)C(c1ccc(Cl)cc1)N([O])c1cc(Cl)c(-c3cnoc3CC#N)cc1-2,中毒,38.79303,57.15608,0.194955163,4.1631316
Cc1n[nH]nc1-c1cc2c(c(-c3c(Cl)cccc3Cl)c1)C(c1ccc(Cl)c(Cl)c1)N(c1cc(Cl)cn(C3CC(O)(CO)C3)c1=O)C=C2,中毒,7.8529835,8.519041,0.161894174,4.163435576
Cc1n[nH]nc1-c1cc2c(c(-c3c(Cl)cccc3Cl)c1)C(c1ccc(Cl)cc1)NC1=CN(c3ccc(Cl)c(Cl)c3)C(=O)C1C2,中毒,9.805329,69.7785,0.198296896,4.163543694
Cc1n[nH]nc1-c1cc2c(c(-c3c(Cl)cccc3Cl)c1)C(c1ccc(Cl)cc1OCc1ccc(Cl)cc1)N(c1cc(Cl)cn(C3CC(O)(CO)C3)c1=O)C2,中毒,6.1933956,9.173887,0.133067396,4.163589464
Cc1n[nH]nc1-c1cc2c(c(-c3c(Cl)cccc3Cl)c(=O)c1)C(c1ccc(Cl)cc1)N(c1cc(Cl)cn(C3CC(O)(CF)C3)c1=O)C2=O,中毒,47.142933,9.5705185,0.188622942,4.163904799
COP1(=O)Cc2cc(-c3n[nH]nc3C)cc(-c3c(Cl)cccc3Cl)c2C(c2ccc(Cl)cc2)N1,中毒,21.301182,16.683702,0.266527982,4.163976387
Cc1n[nH]nc1C1=C2C(=O)N(c3cc(Cl)cn(C4CC(O)(CO)C4)c3=O)C(c3ccc(Cl)cc3)c3c(O)c(Cl)cc(c32)C1=O,中毒,36.83937,33.968105,0.248510595,4.164041689
Cc1n[nH]nc1-c1cc2c(c(-c3c(Cl)cccc3Cl)c1)C(c1ccc(Cl)nc1)N(c1cc(Cl)cn(C3CC(O)(C(=O)O)C3)c1=O)C2,中毒,9.036046,9.719319,0.163467992,4.16446998
Cc1n[nH]nc1-c1cc2c(c(-c3c(Cl)cc(Cl)cc3Cl)c1)C(c1ccc(Cl)cc1)N(c1cc(Cl)cn(C3CC(O)(CO)C3)c1=O)N2,中毒,20.823978,10.425424,0.141162764,4.164568417
Cc1n[nH]nc1-c1cc2c(c(-c3c(Cl)cccc3Cl)c1)C(c1ccc(Cl)nc1)N(c1cc(Cl)cn(C3CC(O)(CO)C3)c1=O)C2,低毒,9.036046,9.719319,0.168744643,4.164968516
Cc1n[nH]nc1-c1cc2c(c(-c3c(Cl)cccc3Cl)c1)C(c1ccc(Cl)cc1)N(C1=Cc3ccsc3S(=O)(=O)C=C1)C(=O)CC2,中毒,13.093796,24.024057,0.203295388,4.165171744
Cc1n[nH]nc1-c1cc(-c2c(Cl)ccc(O)c2Cl)c2c(n1)C(=O)N(c1cc(Cl)cn(C3CC(O)(CO)C3)c1=O)C2c1ccc(Cl)cc1,中毒,39.425797,12.110745,0.163706655,4.165215356
Cc1n[nH]nc1-n1c2c(c(=O)n(CC3CC3)c1=O)C(c1ccc(Cl)cc1)N(c1cc(Cl)cn(C3CC(O)(Cl)C3)c1=O)C2=O,中毒,40.690453,14.418226,0.306138847,4.165297765
Cc1n[nH]nc1-c1cc2c(c(-c3c(Cl)cccc3Cl)c1)C(c1ccc(Cl)cc1OCc1ccc(F)cc1)N(c1cc(Cl)cn(C3CC(O)(CO)C3)c1=O)C2,中毒,6.1933956,9.173887,0.133550285,4.165941488
Cc1n[nH]nc1-c1cc2c(n1-c1ccc(Cl)cc1)C(c1ccsc1)N(c1cc(Cl)cn(C3CC(O)(CO)C3)c1=O)C2=O,中毒,14.882899,11.513729,0.2467212,4.166487293
Cc1n[nH]nc1-c1cc2c(c(-c3c(Cl)cccc3Cl)c1)C(c1ccc(Cl)cc1)N(C1(C)C(=O)Nc3ncc(Cl)cc31)C2,中毒,2.8572242,10.518278,0.20770846,4.166781616
Cc1n[nH]nc1-c1cc2c(o1)C(c1cc(Cl)cc(Cl)c1)N(c1cc(Cl)cn(C3CC(O)(CO)C3)c1=O)C2=O,中毒,13.3429985,20.735756,0.322001621,4.166927829
Cc1n[nH]nc1-c1cc2c(c(-c3c(Cl)cccc3Cl)c1)C1(c3ccc(Cl)cc3)N(CC2)C(=O)C1(C(N)=O)c1ccc(Cl)cc1,中毒,39.91137,33.631123,0.15435183,4.167019641
Cc1n[nH]nc1-c1cc2c(c(-c3c(Cl)cccc3Cl)c1)C(c1ccc(Cl)cn1)N(c1cc(Cl)cn(C3CC(O)(CO)C3)c1=O)C2,中毒,8.132904,14.297296,0.180386738,4.167206978
Cc1n[nH]nc1-c1nc2c(c(-c3c(F)cccc3Cl)c1F)C(c1ccc(Cl)cc1)N(c1cc(Cl)cn(C3CC(O)(CO)C3)c1=O)C2=O,中毒,39.425797,12.110745,0.196331474,4.167697012
Cc1n[nH]nc1-c1cc2c(c(-c3c(Cl)cccc3Cl)c1)C(c1ccc(Cl)cc1)c1c(cc(Cl)c3c(=O)c(C(=O)O)cn(-c4cccs4)c3c1=O)C2,中毒,61.475914,16.353354,0.180046696,4.167830401
Cc1n[nH]nc1-c1cc(-c2c(Cl)cccc2Cl)c2oc3cc(-c4ccncc4)cc(P4(=O)OCOC4=O)c3c2c1,中毒,9.328025,45.758514,0.206826663,4.167905072
Cc1n[nH]nc1C1=CC2=C1C(c1cc(Cl)c(NC(=O)c3ccc(Cl)cc3)cc1F)N(c1cc(Cl)cn(C3CC(O)(CO)C3)c1=O)C2=O,中毒,15.540574,13.503714,0.208019836,4.168243403
Cc1n[nH]nc1-c1cc2c(c(-c3c(Cl)cc(Cl)cc3Cl)c1)C(c1ccc(Cl)cc1)N(c1cc(Cl)cn(C3CC(O)(CO)C3)c1=O)C=C2,中毒,9.036046,9.719319,0.161894174,4.168311325
Cc1cc(N2Cc3cc(-c4n[nH]nc4C)cc(-c4c(Cl)cccc4Cl)c3C2c2ccc(S(=O)(=O)N(C)C)cc2)c(=O)n(C2CC(O)(CO)C2)c1,中毒,9.036046,7.3154764,0.185843678,4.168417508
Cc1n[nH]nc1-c1cc2c(c(-c3c(Cl)cccc3Cl)c1)C(c1ccc(Cl)cc1)N(c1cc(Cl)cn(C3CC(O)(CO)C3)c1=O)C=CC2=O,中毒,9.036046,14.078186,0.165054519,4.168444562
Cc1n[nH]nc1-c1cc2c(c(-c3c(Cl)ccnc3Cl)c1)C(c1ccc(Cl)cc1)N(c1cc(Cl)cn(C3CC(O)(CO)C3)c1=O)C2,中毒,9.036046,9.912456,0.168744643,4.168953131
Cc1n[nH]nc1-c1cc2c(-c3ccc(Cl)c(Cl)c3)ncnc2cc1OC1CC2(C(=O)O)CC12,中毒,9.331526,80.43063,0.414296614,4.168995469
Cc1n[nH]nc1-c1cc2c(c(=O)[nH]c1=O)C(c1ccc(Cl)cc1)N(C1=CC(=O)N(C3CC(O)(CO)C3)C1=O)C2,中毒,41.549374,28.89538,0.330342571,4.169185052
Cc1n[nH]nc1-c1cc2c(c(-c3c(Cl)cccc3Cl)c1)C(c1ccc(Cl)cc1)N(c1cc(Cl)cn(C3CC(O)(CO)C3)c1=O)C=N2,低毒,18.307278,19.79431,0.168810124,4.169228891
Cc1n[nH]nc1-c1cc2c(s1)C(c1cc(Cl)c(Cl)cc1Cl)N(c1cc(Cl)cn(C3CC(O)(CO)C3)c1=O)C2=O,中毒,7.8750753,8.960914,0.253998172,4.169642181
Cc1n[nH]nc1-c1cc2c(c(-c3c(Cl)cccc3Cl)c1)C(c1ccc3c(c1)OCO3)CP(=O)(O)O2,中毒,30.184502,36.37002,0.304326521,4.169815954
Cc1n[nH]nc1-c1cc2c(c(-c3c(Cl)cccc3Cl)c1Br)C(c1ccc(Cl)cc1)N(c1cc(Cl)cn(C3CC(O)(CO)C3)c1=O)C2,中毒,9.036046,9.912456,0.161368527,4.170561205
Cc1n[nH]nc1-c1cc2c(c(-c3c(Cl)cccc3Cl)c1)C1(Sc3ccc(Cl)cc3)C(C2)C(=O)N1c1cc(Cl)cc(Cl)c1,中毒,16.165062,14.3937645,0.188939901,4.17059338
Cc1n[nH]nc1C1=CC2=C3C(=O)N(c4cc(Cl)cn(C)c4=O)C(c4ccc(Cl)cc4)C3=C(c3cc(Cl)c(Cl)c(Cl)c3)C2=C1,中毒,6.106106,9.939742,0.22372337,4.170762693
Cc1n[nH]nc1-c1cc2c(c(-c3c(Cl)cc(Cl)cc3Cl)c(=O)c1)C(c1ccc(Cl)cc1)N(c1cc(Cl)cn(C3CC(O)(CO)C3)c1=O)C2=O,中毒,17.66382,9.5705185,0.168682039,4.170890008
Cc1n[nH]nc1-c1csc(S(=O)(=O)N2CCOCC2C(=O)NC2CC2c2cccs2)c1,低毒,6.0089383,15.4396305,0.558223365,4.170904487
Cc1n[nH]nc1-c1cc(-c2c(Cl)cccc2Cl)c2c(c1)C(c1ccc(Cl)cc1Cl)N(c1cc3c(cn1)C(=O)N(C)C3=O)C2c1ccc(Cl)cc1,中毒,10.700394,18.140604,0.175939119,4.17187924
Cc1n[nH]nc1-c1cc2c(c(-c3c(Cl)cccc3Cl)c1)C(c1ccc(Cl)cc1)N(c1cc(Cl)cn(C3CC(O)(CO)C3)c1=O)N=C2c1ccc(Cl)cc1,中毒,59.929935,16.882917,0.148070422,4.171998947
CC(C)=C1c2cc(-c3n[nH]nc3C)cc(-c3c(Cl)cccc3Cl)c2C(c2ccc(Cl)cc2)N1c1cc(Cl)cn(C2CC(O)(CO)C2)c1=O,中毒,11.212927,9.912456,0.162046909,4.172133371
Cc1n[nH]nc1-c1cc2c(n1-c1ccc(Cl)cc1F)C(c1ccc(C#N)cc1)N(c1cc(Cl)cn(C3CC(O)(CO)C3)c1=O)C2=O,中毒,12.488247,11.513729,0.235306131,4.172393657
Cc1n[nH]nc1-c1cc2c(c(-c3c(Cl)ccc(Cl)c3Cl)c1)C(c1ccc(Cl)cc1)N(c1cc(Cl)cn(C3CC(O)(CO)C3)c1=O)C2=S,中毒,6.3808517,27.614061,0.118784082,4.173039498
Cc1n[nH]nc1-c1cc2n(c(=O)c1C(=O)NCc1cccc(Cl)c1)C(c1ccc(Cl)cc1)N(c1cc(Cl)cn(C3CC(O)(CO)C3)c1=O)C2=O,中毒,51.50488,13.503714,0.18285486,4.173350166
Cc1n[nH]nc1-c1cc2c(c(-c3c(Cl)cccc3-c3cc(Cl)cc(Cl)c3)c1)C(c1ccc(Cl)cc1)N(c1cc(Cl)cn(C3CC(O)(CO)C3)c1=O)C2,中毒,9.036046,9.912456,0.148710652,4.173448846
Cc1n[nH]nc1-n1c2c(cc(I)c1=O)C(c1ccc(Cl)cc1)N(c1cc(Cl)cn(C3CC(O)(CO)C3)c1=O)C2=O,中毒,39.425797,12.110745,0.272269619,4.173630922
Cc1n[nH]nc1-c1cc2c(c(-c3c(Cl)cccc3Cl)c(=O)c1Cl)C(c1ccc(Cl)cc1)N(c1cc(Cl)cn(C3CC(O)(CO)C3)c1=O)C2=O,中毒,17.66382,9.706391,0.168682039,4.173714624
COc1ccc(C2NN(c3cc(Cl)cn(C4CC(O)(CO)C4)c3=O)C(=O)c3cc(-c4n[nH]nc4C)cc(-c4c(Cl)cccc4Cl)c32)cc1,中毒,15.763229,8.960914,0.163959056,4.17387556
Cc1n[nH]nc1-c1cc2c(c(-c3c(Cl)cccc3Cl)c1)C(c1ccc(Cl)cc1)N(c1cc(Cl)cn(C3CC(O)(CO)C3)c1=O)N=C2,中毒,15.809174,16.882917,0.172570859,4.173927996
Cc1n[nH]nc1-c1cc2c(c(-c3c(Cl)cccc3Cl)c(O)c1=O)C(c1ccc(Cl)cc1)N(c1cc(Cl)cn(C3CC(O)(CO)C3)c1=O)C2=O,中毒,7.266821,12.087409,0.162554889,4.174008983
Cc1n[nH]nc1-c1cc2n(c(=O)c1C#N)C(c1ccc(Cl)cc1)N(c1cc(Cl)cn(C3CC(O)(CO)C3)c1=O)C2=O,中毒,59.929935,46.02951,0.316637928,4.174278713
Cc1n[nH]nc1-c1cc2c(c(-c3c(Cl)cccc3Cl)c1)C(c1ccc3c(c1)CCO3)N(c1cc(Cl)cn(C3CC(O)(CO)C3)c1=O)C2,中毒,11.212927,13.489636,0.182286192,4.174327158
Cc1n[nH]nc1-c1cc2c(c(-c3c(Cl)cccc3Cl)c1)C(c1ccc3c(c1)OCO3)N(c1nc(Cl)cn(C3CC(O)(CO)C3)c1=O)C2,中毒,12.952971,9.719319,0.19966757,4.174696736
Cc1n[nH]nc1-c1cc2c(c(-c3c(Cl)cccc3Cl)c1)C(c1ccc3c(c1)OCO3)CN(c1cc(Cl)cn(C3CC(O)(CO)C3)c1=O)C2=O,中毒,22.081963,15.303033,0.189782052,4.17470167
Cc1n[nH]nc1-c1cc2c(s1)C(c1cc(Cl)c(Cl)cc1F)N(c1cc(Cl)cn(C3CC(O)(CO)C3)c1=O)C2=O,中毒,8.738106,8.960914,0.275995173,4.174845488
Cc1n[nH]nc1-c1cc2c(c(-c3c(Cl)cccc3Cl)c1)C(c1ccc(Cl)cc1)N(C1=CC(=O)N(C3CC(O)(CO)C3)C1=O)N2,中毒,49.60065,11.347833,0.207123485,4.174871153
Cc1n[nH]nc1-c1cc2c(c(-c3c(Cl)cccc3Cl)c1)C(c1ccc(C#N)cc1)N(c1cc(Cl)cn(C3CC(O)(CO)C3)c1=O)C=C2,中毒,9.036046,9.719319,0.17415064,4.175022273
Cc1n[nH]nc1-c1cc2n(c1-c1cc(Cl)ccc1Cl)C(c1ccc(Cl)cc1)N(c1cc(Cl)cn(C3CC(O)(CO)C3)c1=O)C2=O,中毒,20.573853,13.503714,0.192756946,4.175064648
Cc1n[nH]nc1-c1cc2c(c(-c3c(Cl)ccc(Cl)c3Cl)c1)C(c1ccc(Cl)cc1)N(c1cc(Cl)cn(C3CC(O)(CO)C3)c1=O)N2,中毒,20.823978,10.425424,0.13205217,4.175092576
Cc1n[nH]nc1-c1cc2n(c(=O)c1-c1ccc(F)cc1F)C(c1ccc(Cl)cc1)N(c1cc(Cl)cn(C3CC(O)(CO)C3)c1=O)C2=O,中毒,38.834198,13.503714,0.237201393,4.175330504
Cc1n[nH]nc1-c1cc(-c2c(Cl)cccc2Cl)c2c(c1)C(c1ccc(Cl)cc1)N(c1cc(C#N)cs1)C2c1ccc2c(c1)OCO2,中毒,9.644667,25.949253,0.194853512,4.175596841
Cc1n[nH]nc1-c1nc2c(c(-c3c(Cl)cccc3Cl)c1Br)C(c1ccc(Cl)cc1)N(c1cc(Cl)cn(C3CC(O)(CO)C3)c1=O)C2=O,中毒,39.425797,12.110745,0.166155854,4.175773581
C=C1c2cc(-c3n[nH]nc3C)cc(-c3c(Cl)cccc3Cl)c2C(c2ccc(Cl)cc2Cl)N1c1cc(Cl)cn(C2CC(O)(CO)C2)c1=O,中毒,9.166516,9.912456,0.161894174,4.176000444
Cc1n[nH]nc1-c1cc2c(c3nnc(-c4ccc(F)c(Cl)c4)c-3c1)C(c1ccc(Cl)cc1)N(c1cc(Cl)cn(C3CC(O)(CO)C3)c1=O)C2=O,中毒,6.532791,9.173887,0.177906162,4.176156204
Cc1n[nH]nc1-c1cc2c(c(-c3c(Cl)cccc3Cl)c1)C(c1ccc(Cl)cc1Cl)N(c1cc(Cl)cn(C3CC(O)(CO)C3)c1=O)C2=S,中毒,9.166516,33.013264,0.150430565,4.176341273
Cc1n[nH]nc1-c1cc2c(c(-c3cc(Br)c(-c4ccccc4)cc3Br)c1)C(c1ccc(Cl)cc1)N(c1cc(Cl)cn(C3CC(O)(CO)C3)c1=O)C2,中毒,9.874316,9.912456,0.14801689,4.176365016
Cc1n[nH]nc1-n1c2c(c(=O)c3c(Cl)cc(Cl)cc31)C(c1ccc(Cl)cc1)N(c1cc(Cl)cn(C3CC(O)(CO)C3)c1=O)C2=O,中毒,23.488405,12.087409,0.235718853,4.176582678
CCOc1c(-c2n[nH]nc2C)nc2c(c1-c1c(Cl)cccc1Cl)C(c1ccc(Cl)cc1)N(c1cc(Cl)cn(C3CC(O)(CO)C3)c1=O)C2=O,中毒,32.17651,12.110745,0.157052172,4.176642256
Cc1n[nH]nc1-c1cc2c(c(-c3c(Cl)cccc3Cl)c1)C(c1ccc(Cl)cc1)NC(c1ccc3c(c1)CSC3)N(C)C2,中毒,20.233252,16.749262,0.207142683,4.176671072
Cc1n[nH]nc1-c1cc(OCC2(C)CC2)c2c(c1)C(=O)N(c1cc(Cl)cn(C3CC(O)(CO)C3)c1=O)C(c1ccc(Cl)cc1)C2=O,中毒,22.79976,35.223312,0.236418126,4.176687609
Cc1n[nH]nc1-c1cc2c(c(=O)c(C(=O)Nc3cccc(Cl)c3Cl)c1C)C(c1ccc(Cl)cc1)N(c1cc(Cl)cn(C3CC(O)(CO)C3)c1=O)C2=O,中毒,13.3429985,18.775484,0.149480707,4.177457778
Cc1n[nH]nc1-c1cc2c(c(-c3c(Cl)cccc3Cl)c1)C(c1ccc(-c3ccc(Cl)cc3)c(Br)c1)N(c1cc(Cl)cn(C3CC(O)(CO)C3)c1=O)C2,中毒,9.036046,9.912456,0.147927292,4.177489837
Cc1n[nH]nc1-c1cc2c(c(-c3c(Cl)cccc3Cl)c1)C(c1ccc(Cl)cc1)N(C1=Cc3sccc3S(=O)(=O)C=C1)C2,中毒,16.52317,42.278934,0.210318179,4.177815422
Cc1n[nH]nc1-c1cc2c(n1-c1ccc(I)cc1F)C(c1ccc(Cl)cc1)N(c1cc(Cl)cn(C3CC(O)(CO)C3)c1=O)C2=O,中毒,12.488247,11.513729,0.193797381,4.178194986
Cc1n[nH]nc1-c1cc2c(n1-c1ccc(F)cc1F)C(c1ccc(Cl)cc1F)N(c1cc(Cl)cn(C3CC(O)(CO)C3)c1=O)C2=O,中毒,12.488247,11.513729,0.225960381,4.178325162
Cc1n[nH]nc1-c1cc2c(c(-c3c(Cl)ccc(Cl)c3Cl)c1)C(c1ccc(Cl)cc1)N(c1cc(Cl)cn(C3CC(O)(CO)C3)c1=O)C=C2,中毒,6.3808517,8.519041,0.151445582,4.178594472
Cc1n[nH]nc1-c1cc2c(c(-c3c(Cl)cccc3Cl)c1)C(c1ccc(Cl)cc1)N(c1cc(Cl)cn(C3CC(O)(CO)C3)c1=O)OC2=O,中毒,13.42377,14.850775,0.172119896,4.178857655
Cc1n[nH]nc1N1C(=O)C(=O)C(=O)C2=C1C(=O)N(c1cc(Cl)cn(C3CC(O)(CO)C3)c1=O)C2c1cccc(Cl)c1,中毒,9.007298,13.503714,0.363218512,4.17971195
Cc1n[nH]nc1-c1cc2c(c(-c3c(Cl)cccc3-c3cc(F)cc(F)c3)c1)C(c1ccc(Cl)cc1)N(c1cc(Cl)cn(C3CC(O)(CO)C3)c1=O)C2,中毒,6.3808517,8.960914,0.150450218,4.180260016
Cc1n[nH]nc1-c1cc2c(c(-c3c(Cl)cccc3Cl)c1)CC(c1ccc(C#N)c(Cl)c1)N(c1cc(Cl)cn(C3CC(O)(CO)C3)c1=O)C2=O,中毒,33.033947,19.79431,0.168584445,4.180661713
Cc1n[nH]nc1-c1cc2c(c(-c3c(Cl)cccc3OCc3ccc(Cl)cc3Cl)c1)C(c1ccc(Cl)cc1)N(c1cc(Cl)cn(C3CC(O)(CO)C3)c1=O)C2,中毒,6.3808517,12.110745,0.133067396,4.180698573
Cc1n[nH]nc1-c1cn2c(c1-c1c(Cl)cccc1Cl)C(c1ccc(Cl)cc1)N(c1cc(Cl)cn(C3CC(O)(CO)C3)c1=O)C2=O,中毒,6.9783845,16.230408,0.183383737,4.180769263
Cc1n[nH]nc1-c1cc2c(c(-c3c(Cl)cccc3Cl)c1)C(c1ccc(Cl)cc1)N(c1cc(Cl)cn(C3CC(O)(CO)C3)c1=O)N(C)C2,中毒,19.24008,13.120062,0.170429682,4.181021248
Cc1n[nH]nc1-c1cc2n(c(=O)c1-c1cc(Cl)ccc1Cl)C(c1ccc(Cl)cc1)N(c1cc(Cl)cn(C3CC(O)(CO)C3)c1=O)C2=O,中毒,38.834198,13.503714,0.206201493,4.181469675
Cc1n[nH]nc1-c1cc2c(c(=O)n(C3CCC(O)CC3)c1=O)C(c1ccc(Cl)cc1)N(c1cc(Cl)cn(C3CC(O)(CO)C3)c1=O)C2=O,中毒,8.614452,12.087409,0.235596192,4.181671601
Cc1n[nH]nc1-c1cc(-c2c(Cl)cccc2Cl)c2c(c1)N(O)N(c1cc(Cl)cn(C3CC(O)(CO)C3)c1=O)C2c1ccc(Cl)cc1,中毒,29.087914,10.425424,0.149094995,4.181677071
Cc1n[nH]nc1-c1sc(-c2cc(Cl)c(O)c(Cl)c2)c(C(=O)Nc2ccc(C(=O)N3CCS(=O)(=O)CC3)cc2)c1C1=CC(CO)N(C)C1,中毒,30.463934,10.727032,0.217517973,4.181827708
Cc1n[nH]nc1-c1nc2c(c(-c3c(Cl)cccc3Cl)c1C#N)C(c1ccc(Cl)cc1)N(c1cc(Cl)cn(C3CC(O)(CO)C3)c1=O)C2=O,中毒,59.929935,13.503714,0.18415251,4.181889183
Cc1n[nH]nc1C1=Cc2c(C(Cc3ccc(Cl)cc3)c3ccc(C(C)(C)C#N)cc3)c(-c3c(Cl)cccc3Cl)c(=O)c3cc(Cl)c(O)c(Cl)c3c21,中毒,37.848026,58.090576,0.167910967,4.182022506
Cc1n[nH]nc1N1C(=O)C(=O)C(=O)C2=C1C(=O)N(c1cc(Cl)cn(C3CC(O)(CO)C3)c1=O)C2c1ccc(Br)cc1,中毒,9.007298,13.503714,0.345473795,4.182226511
Cc1n[nH]nc1-c1c(Cc2ccc(Cl)cc2Cl)oc(=O)c2c1C(=O)N(c1cc(Cl)cn(C3CC(O)(CO)C3)c1=O)C2c1ccc(Cl)cc1,中毒,18.215044,22.638172,0.187050699,4.182353498
Cc1n[nH]nc1-c1cc2c3c(c(-c4c(Cl)cccc4Cl)c(Cl)cc3c1)C(c1ccc(Cl)cc1)N(c1cc(Cl)cn(C3CC(O)(CO)C3)c1=O)C2=O,中毒,6.339412,20.186857,0.155248502,4.182606579
Cc1n[nH]nc1-c1cc(-c2c(Cl)cccc2Cl)c2c(c1)C(c1ccc(Cl)c(Cl)c1)N(c1cc(Cl)c3ncc(Cl)cc3n1)C2c1ccc(Cl)cc1,中毒,19.553736,19.598932,0.187807467,4.182764805
Cc1n[nH]nc1-c1c(Cl)c(-c2c(Cl)cccc2Cl)nc2c1C(=O)N(c1cc(Cl)cn(C3CC(O)(CO)C3)c1=O)C2c1ccc(Cl)cc1,中毒,40.14942,12.087409,0.169793918,4.183241983
Cc1n[nH]nc1-c1cc2c(c(-c3c(F)cccc3Br)c1)C(c1ccc(Cl)cc1)N(c1cc(Cl)cn(C3CC(O)(CO)C3)c(=O)c1=O)C2,中毒,9.858612,25.850527,0.173728692,4.183306392
Cc1n[nH]nc1-c1cc2c(c(-c3c(Cl)cccc3Cl)c1)C(c1ccc(Cl)cc1)N(Cc1nc(-c3cccnc3)ns1)C(c1ccc(Cl)cc1)C2,中毒,169.17664,27.598156,0.174413585,4.183656117
Cc1n[nH]nc1-c1cc2c(c(-c3c(Cl)cccc3Cl)n1)C(c1ccc(Cl)nc1)N(c1cc(Cl)cn(C3CC(O)(CO)C3)c1=O)C2=O,中毒,7.4282966,12.110745,0.187875351,4.183676109
Cc1n[nH]nc1-c1cc2c(c(-c3c(Cl)cccc3Cl)c1)C(c1ccc(Cl)cc1)NN(c1cc(Cl)cn(C3CC(O)(CO)C3)c1=O)C2=O,中毒,15.763229,12.095076,0.157185975,4.183833815
Cc1n[nH]nc1-c1cc2c(c(-c3c(Cl)cc(Cl)cc3Cl)cc1=O)C(c1ccc(Cl)cc1)N(c1cc(Cl)cn(C3CC(O)(CO)C3)c1=O)C2=O,中毒,7.266821,9.043079,0.168682039,4.184423342
Cc1n[nH]nc1-c1cc2c(c(-c3c(F)cccc3F)c1)C(c1ccc3c(c1)OCO3)N(c1nc(Cl)cn(C3CC(O)(CO)C3)c1=O)C2,中毒,10.1953945,8.519041,0.233745872,4.184575394
Cc1n[nH]nc1C1=C2C(=O)N(c3cc(Cl)cn(C4CC(O)(CO)C4)c3=O)C(c3ccc(Cl)cc3)C2=C(C#N)C1=O,中毒,9.251968,13.503714,0.415117816,4.185025048
Cc1n[nH]nc1C1=C2C(=O)N(c3cc(Cl)cn(C4CC(O)(CO)C4)c3=O)C(c3ccc(Cl)cc3)c3c(F)cc(Cl)c(c32)C1=O,中毒,32.17651,33.968105,0.283449181,4.185185109
Cc1n[nH]nc1-c1cc2c(c(-c3c(Cl)cccc3Cl)c1)C(c1ccc(Cl)cc1)N(c1cc(Cl)cn(C3CC(N(C)S(=O)(=O)C4CC4)C3)c1=O)C2,中毒,31.73474,10.819605,0.169965465,4.185672247
Cc1n[nH]nc1-c1cc2c(c(-c3c(Cl)ccc(Cl)c3Cl)c(=O)c1)C(c1ccc(Cl)cc1)N(c1cc(Cl)cn(C3CC(O)(CO)C3)c1=O)C2=O,中毒,17.66382,9.5705185,0.157795361,4.185674624
Cc1n[nH]nc1-c1cc2c(c(=O)n1-c1ccc(Cl)cc1C(F)(F)F)C(c1ccc(Cl)cc1)N(c1cc(Cl)cn(C3CC(O)(CO)C3)c1=O)C2=O,中毒,38.99518,12.110745,0.196781167,4.186104362
Cc1n[nH]nc1-c1cc2c(c(-c3c(Cl)cccc3Cl)c1)C(c1ccc(Br)cc1OCc1ccc(Cl)cc1)N(c1cc(Cl)cn(C3CC(O)(CO)C3)c1=O)C2,中毒,6.1933956,13.503714,0.132603853,4.186243411
Cc1n[nH]nc1-c1cc2c(c(-c3c(Cl)cccc3Cl)n1)C(c1ccc(Cl)cc1Br)N(c1cc(Cl)cn(C3CC(O)(CO)C3)c1=O)C2=O,中毒,8.738106,12.110745,0.166155854,4.186467072
Cc1n[nH]nc1C1=CC2=C(C(c3c(Cl)cccc3Cl)=c3c(O)c(C(N)=O)c(-c4cnc(Nc5ccnn5C)nc4)c(Cl)c3=C1)C(C)(C)C2,中毒,15.0644655,62.94822,0.177756045,4.186617955
Cc1n[nH]nc1-c1cc2c(c(-c3cc(Cl)cc(Cl)c3)c(=O)c1Cl)C(c1ccc(Cl)cc1)N(c1cc(Cl)cn(C3CC(O)(CO)C3)c1=O)C2=O,中毒,17.66382,9.706391,0.168682039,4.186739239
Cc1n[nH]nc1-c1cc2c(c(-c3c(Cl)cccc3Cl)c1)C(c1ccc(Cl)cc1)N(C1=CC(=O)N(C3CC(O)(CN4CCOCC4)C3)C1=O)C2,中毒,37.11176,20.785044,0.230992511,4.186943519
Cc1n[nH]nc1-c1cc2c(c(-c3c(Cl)cccc3Cl)c1)C(c1ccc(Cl)cc1Cl)N(c1cc(Cl)cn(C3CC(O)(CO)C3)c1=O)C=C2,中毒,9.166516,9.719319,0.161894174,4.186956069
Cc1n[nH]nc1C1=Cc2c(OCC(C)O)cc3c(-c4cccc5ccccc45)c(-c4c(Cl)ccc(Cl)c4Cl)nc-3c(-c3c(Cl)cccc3Cl)c2CC1=O,中毒,9.027269,51.762016,0.155726705,4.187107907
Cc1n[nH]nc1C1=CC(c2cc3c(cc2C#N)OCO3)C2=C(c3c(Cl)cccc3Cl)c3sc4ccccc4c(=O)c3C(=O)C2=C1,中毒,17.475342,14.2372675,0.216458894,4.187118401
Cc1n[nH]nc1-c1cc2c(c(-c3c(Cl)cccc3Cl)c(C)c1=O)C(c1ccc(Cl)cc1)N(c1cc(Cl)cn(C3CC(O)(CO)C3)c1=O)C2=O,中毒,7.266821,10.897169,0.176143669,4.187337188
Cc1n[nH]nc1C1=C(C(c2ccc(Cl)cc2)N2CCOCC2)C(c2cc(F)c(S(=O)(=O)Nc3cnccn3)cc2F)C=C1,中毒,8.241877,16.869743,0.285609002,4.18754271
Cc1n[nH]nc1-c1cc2c(c(-c3c(Cl)cccc3Cl)c1)C(c1ccc(Cl)cc1)N(c1cc(Cl)cn(C3CC(O)(CO)C3)c1=S)C=C2,中毒,9.036046,30.424683,0.152336637,4.187810644
Cc1n[nH]nc1-c1cc2c(c(-c3c(Cl)cccc3Cl)c1)C(c1ccc(Cl)cc1)N(c1cc(Cl)cn(C3CC(O)(CO)C3)c1=O)c1ccsc1-2,中毒,4.4730525,16.947666,0.156762827,4.188283944
Cc1n[nH]nc1-c1cc2n(c(=O)c1Cc1ccc(Cl)c(Cl)c1)C(c1ccc(Cl)cc1)N(c1cc(Cl)cn(C3CC(O)(CO)C3)c1=O)C2=O,中毒,59.929935,46.02951,0.198669553,4.188324001
Cc1n[nH]nc1-c1cc2c(c(N3C(=O)c4cccnc4C3=O)c1)C(c1ccc(Cl)cc1)N(c1cc(Cl)cn(C3CC(O)(CO)C3)c1=O)C2,中毒,40.14942,20.735756,0.217415015,4.188440145
Cc1n[nH]nc1-c1cc(-c2c(Cl)cccc2Cl)c2c(c1)N(C)C(C)Oc1cc(Cl)ccc1C2c1cc[nH]c(=O)c1,中毒,11.132598,34.310543,0.227217188,4.18850554
Cc1n[nH]nc1-c1cc2c3c(c(Cl)ccc3c1)C(c1cccn1Cc1ccc(F)cc1)N(c1cc(Cl)cn(C3CC(O)(CO)C3)c1=O)C2=O,中毒,4.6614413,34.717995,0.182187555,4.188615047
Cc1n[nH]nc1-c1cc2c(c(-c3c(Cl)cccc3Cl)c1)CN(c1nc(Cl)cn(C3CC(O)C(O)C3)c1=O)C2,中毒,11.283166,17.262386,0.327797183,4.188785957
Cc1n[nH]nc1-c1cc2n(c1-c1cc(Cl)cc(Cl)c1)C(c1ccc(Cl)cc1)N(c1cc(Cl)cn(C3CC(O)(CO)C3)c1=O)C2=O,中毒,20.573853,13.503714,0.192756946,4.188929633
Cc1n[nH]nc1-c1c(F)cc(-c2c(Cl)cccc2Cl)c(=O)c2c1C(=O)N(c1cc(Cl)cn(C3CC(O)(CO)C3)c1=O)C2c1ccc(Cl)cc1,中毒,18.215044,8.519041,0.179734103,4.189048983
Cc1n[nH]nc1C1=C2C(=N)C(c3ccc4c(n3)-c3cc5c(F)cccc5n3CO4)=C(C(N)=O)C(c3ccc(P(=O)(O)O)c(F)c3)=C2C=C1,中毒,15.1464205,13.503714,0.1714678,4.189052972
Cc1n[nH]nc1-c1cc(-c2c(Cl)cccc2Cl)c2c(c1)S(=O)(=O)N(c1cc(Cl)cn(C3CC(O)(CO)C3)c1=O)C2c1ccc(Cl)cc1,中毒,9.825931,16.862432,0.179182388,4.189223521
Cc1n[nH]nc1-c1cc2c(c(-c3c(Cl)cccc3Cl)c1)C(c1c(Cl)cccc1Cl)N(c1c(Cl)cnn(C3CC(O)(CO)C3)c1=O)C2,中毒,22.235992,7.9141917,0.167034827,4.189506638
Cc1n[nH]nc1-c1cc2c(c(-c3c(Cl)cccc3Cl)c1)C(c1ccc(Cl)cc1CO)N(c1cc(Cl)cn(C3CC(O)(CO)C3)c1=O)C2,中毒,9.036046,9.912456,0.144890231,4.190085723
Cc1n[nH]nc1-c1cc2c(c(-c3c(Cl)cccc3Cl)n1)C(c1ccsc1)N(c1cc(Cl)cn(C3CC(O)(CO)C3)c1=O)C2=O,中毒,7.4282966,12.110745,0.206837887,4.190157081
Cc1n[nH]nc1-c1cc2c(c(-c3c(Cl)cccc3Cl)c1)CC(c1ccnc(Cl)c1)N(c1cc(Cl)cn(C3CC(O)(CO)C3)c1=O)C2=O,中毒,22.081963,19.79431,0.168468077,4.190400696
Cc1n[nH]nc1-c1cc2c(c(-c3c(Cl)cccc3Cl)c1Oc1ccc(Cl)cc1)C(c1ccc(Cl)cc1)N(c1cc(Cl)cn(C3CC(O)(CO)C3)c1=O)C2,中毒,15.763229,12.110745,0.140249742,4.19045429
Cc1n[nH]nc1C1=Cc2c3c(sc2=C1c1c(Cl)cccc1Cl)=C(Cl)N=C3c1c(Cl)cc(=O)n(Cc2ccc(S(=O)(=O)N3CCOCC3)nc2)c1I,中毒,28.345415,13.503714,0.133640115,4.191128292
Cc1n[nH]nc1-c1cc(-c2c(Cl)cccc2Cl)c2c(c1)C(c1ccc(Cl)cc1)N(C1=COC(C)(C)C1)C2c1ccc(Cl)cc1,中毒,28.066742,15.104152,0.203576213,4.191488555
Cc1n[nH]nc1-c1cc2c(c(-c3c(Cl)cccc3Cl)c1)C(c1ccc(Br)cc1)N(c1cc(F)c(=O)c(C(=O)O)c3c1CS(=O)(=O)C3)C2,中毒,6.614128,17.224163,0.191772419,4.191543268
Cc1n[nH]nc1-c1cc2c(c(-c3c(Cl)cccc3Cl)c1OCc1ccc(Cl)cc1)C(c1ccc(Cl)cc1)N(c1cc(Cl)cn(C3CC(O)(CO)C3)c1=O)C2,中毒,6.6767583,12.110745,0.133067396,4.191808289
CN=C1c2cc(-c3n[nH]nc3C)cc(-c3c(Cl)cccc3Cl)c2C(c2ccc(Cl)cc2)N1c1cc(Cl)cn(C2CC(O)(CO)C2)c1=O,中毒,7.4282966,16.862432,0.17073301,4.191961824
Cc1n[nH]nc1-c1cc2c(c(-c3c(Cl)cccc3OCc3ccc(F)cc3F)c1)C(c1ccc(Cl)cc1)N(c1cc(Cl)cn(C3CC(O)(CO)C3)c1=O)C2,中毒,6.3808517,13.447941,0.134426237,4.191979545
Cc1n[nH]nc1-c1cc2c(c(-c3c(Cl)cccc3Cl)c1)C(c1ccc(Cl)cc1)NC1=CN(c3cc(F)c(Cl)c(Cl)c3)C(=O)C1=CO2,中毒,39.429813,23.335651,0.181394268,4.192321451
Cc1n[nH]nc1C1=CC2=C(C(c3c(Cl)cccc3Cl)=c3c(=O)c(C(=O)O)cn(-c4ccc(F)c(Cl)c4)c3=C1Cl)C(C)C2,中毒,15.540574,35.111286,0.282402565,4.192687902
CC(=O)NC1Cc2c(S(=O)(=O)c3ccc(F)c(F)c3)c(N)c3cc(OC4CCOC4)c(-c4n[nH]nc4C)cc3c2C1,中毒,5.8483295,13.191313,0.23104364,4.193059128
Cc1n[nH]nc1-c1c(C)c2c(c(=O)n1-c1cccc(Cl)c1F)C(c1ccc(Cl)cc1)N(c1cc(Cl)cn(C3CC(O)(CO)C3)c1=O)C2=O,中毒,14.882899,12.110745,0.216539098,4.193344155
COc1cc(Cl)c(Cl)cc1C1C2=C(C=C2c2n[nH]nc2C)C(=O)N1c1cc(Cl)cn(C2CC(O)(CO)C2)c1=O,中毒,15.540574,13.503714,0.397836029,4.193386394
Cc1n[nH]nc1-c1cc2c(c(-c3c(Cl)cccc3Cl)c1)C(c1ccc(Cl)cc1)N(c1cc(Cl)cn(C3CC(O)(CO)C3)c1=O)N(C)C2=O,中毒,19.24008,13.120062,0.174279353,4.193922844
Cc1n[nH]nc1-c1cc2c(c(-c3c(Cl)cccc3Cl)c1OCc1ccc(F)cc1)C(c1ccc(Cl)cc1)N(c1cc(Cl)cn(C3CC(O)(CO)C3)c1=O)C2,中毒,6.6767583,12.110745,0.133550285,4.194160314
Cc1n[nH]nc1-c1cc2c(c(-c3c(Cl)ccc(Cl)c3Cl)cc1=O)C(c1ccc(Cl)cc1)N(c1cc(Cl)cn(C3CC(O)(CO)C3)c1=O)C2=O,中毒,7.266821,9.043079,0.157795361,4.194401803
Cc1n[nH]nc1-c1cc2c(c(-c3c(Cl)cccc3Cl)c1)C(c1ccc(Cl)cc1)NP(=O)(N1CC1)N2,低毒,5.647174,38.97134,0.190323425,4.194600835
Cc1n[nH]nc1-c1cc2c(c(-c3c(Cl)cccc3Cl)c1F)C(c1ccc(Cl)cc1)N(c1nc(Cl)cn(C3CC(O)(CO)C3)c1=O)C2,中毒,10.1953945,11.092264,0.175771019,4.194652431
Cc1n[nH]nc1-n1c2c(c(=O)c3ncc(-c4ccc(Cl)cc4)cc31)C(c1ccc(Cl)cc1)N(c1cc(Cl)cn(C3CC(O)(CO)C3)c1=O)C2=O,中毒,23.352907,12.087409,0.20532654,4.194662578
Cc1n[nH]nc1-c1cc2c(Cl)c3ncc(-c4cnsn4)nc3c(O)c(-c3c(Cl)ccc(SCc4cc(Cl)cc(Cl)c4)c3F)c-2c1C#CC(C)(C)O,中毒,25.20885,13.503714,0.111101737,4.195007595
Cc1n[nH]nc1-c1cc2c(c(-c3c(Cl)cccc3OCc3ccc(Cl)cc3F)c1)C(c1ccc(Cl)cc1)N(c1cc(Cl)cn(C3CC(O)(CO)C3)c1=O)C2,中毒,6.3808517,13.447941,0.133550285,4.196267298
Cc1n[nH]nc1-c1cc2c(c(=O)c3[nH]ccc3c1=O)C(c1ccc(Cl)cc1)N(c1cc(Cl)cn(C3CC(O)(CO)C3)c1=O)C2=O,中毒,18.215044,20.21546,0.22498981,4.196403233
Cc1n[nH]nc1-c1cc2c(o1)C(c1ccc(Cl)cc1)N(c1cc(Cl)c(=O)n(C)c1)C1=NC(=O)C(=Cc3ccc(O)cc3)C1=N2,中毒,36.575073,57.445484,0.240695956,4.196474197
Cc1n[nH]nc1-c1cc2c(c(-c3c(Cl)cccc3Cl)c1)C(c1cccs1)N(c1cc(Cl)cn(C3CC(O)(CO)C3)c1=O)N2,中毒,45.389744,10.425424,0.162263034,4.196569941
Cc1n[nH]nc1-c1cc2c(c(-c3c(Cl)cccc3Cl)c1)C(c1ccc(Cl)cc1)N(c1cc(Cl)cn(C3CCS(=O)(=O)C3)c1=O)C2,中毒,21.214363,10.819605,0.201820527,4.196649318
Cc1n[nH]nc1-c1cc2c(c(-c3c(Cl)cccc3Cl)c(=O)c1O)C(c1ccc(Cl)cc1)N(c1cc(Cl)cn(C3CC(O)(CO)C3)c1=O)C2=O,中毒,14.647821,14.418226,0.162554889,4.19712488
Cc1n[nH]nc1C1=C(F)C=c2c1nc1nn(-c3cnoc3Br)c(=O)n1c2=O,中毒,28.345415,27.080074,0.453552804,4.19714499
Cc1n[nH]nc1-c1cc2c(c(-c3c(Cl)cccc3Cl)c1)C(c1ccc(Cl)cc1)Nc1cc(Cl)c(-c3nnc(SSCC(=O)O)s3)nc1-2,中毒,43.789963,31.11258,0.12901512,4.197333807
Cc1n[nH]nc1-c1cc2c(c(-c3c(F)cccc3Cl)c1)C(c1ccc(Cl)cc1)NN(c1cc(Cl)cn(C3CC(O)(CO)C3)c1=O)C2=O,中毒,15.763229,12.095076,0.170623674,4.197336457
Cc1n[nH]nc1-c1cc2c(c(-c3c(Cl)cccc3Cl)c1)C(n1cnc3c(NCc4ccoc4)nc(Cl)nc31)C(O)C2,中毒,62.115097,16.63892,0.189237862,4.197429085
Cc1n[nH]nc1-c1cc(Cl)c(Nc2ncc3c(n2)N(C2CCC(=O)N(C(C)CO)CC2)C3)c(N2CCN(c3ccc(F)cc3F)CC2)c1,低毒,10.048995,16.279085,0.242187831,4.197446803
Cc1n[nH]nc1-c1cc2c(c(-c3c(Cl)cccc3Cl)cc1=O)C(c1ccc(Cl)cc1Cl)N(c1cc(Cl)cn(C3CC(O)(CO)C3)c1=O)C2=O,中毒,7.266821,9.043079,0.168682039,4.197581291
Cc1n[nH]nc1-c1cc2c(c(-c3c(Cl)cccc3Cl)c1)C(c1ccc(Cl)cc1COc1ccc(Cl)cc1)N(c1cc(Cl)cn(C3CC(O)(CO)C3)c1=O)C2,中毒,9.036046,9.912456,0.133067396,4.197724787
Cc1n[nH]nc1-c1cc(-c2c(Cl)cccc2Cl)c2c(c1)-c1c(cnc(-c3csc(OC(C)(C)C#N)c3Cl)c3c(Cl)c(OC4CC4)c(C=O)c1-3)C2=O,中毒,7.261261,15.3558445,0.151000537,4.198096141
Cc1n[nH]nc1-c1cc2c(c(-c3c(Cl)cccc3Cl)c1)C(c1ccc(Cl)cc1)N(c1csc(N3C(=O)C(O)(C(=O)O)C3=O)c1)C2,中毒,15.962702,39.367477,0.140975118,4.198205879
Cc1n[nH]nc1-c1cc2n(c(=O)c1-c1c(Cl)cccc1Cl)C(c1ccc(Cl)cc1)N(c1cc(Cl)cn(C3CC(O)(CO)C3)c1=O)C2=O,中毒,38.834198,13.503714,0.206201493,4.198270385
Cc1n[nH]nc1-c1cc2c(c(-c3c(Cl)cccc3Cl)c1)C(c1ccc(Cl)cc1)(c1ccc(OCC3CC3)c3csc(C)c3c1=O)C(C#N)=C(N)O2,中毒,25.351519,9.956799,0.166359313,4.198531363
Cc1n[nH]nc1-c1cc2c(c(-c3c(Cl)cccc3Cl)c1)C(c1ccc(Cl)cc1)N(c1cc(Cl)cn(C3CC(O)(CO)C3)c1=O)C=C2c1ccc(Cl)cc1,中毒,9.036046,13.489636,0.148405433,4.198949695
Cc1n[nH]nc1-c1cc2c(c(-c3c(Cl)cc(Cl)cc3Cl)nc1=O)C(c1ccc(Cl)cc1)N(c1cc(Cl)cn(C3CC(O)(CO)C3)c1=O)C2=O,中毒,8.614452,12.087409,0.178853141,4.198961803
Cc1n[nH]nc1-c1cc(-c2c(Cl)cc(Cl)cc2Cl)c2c(c1)C(C)(C)C(=O)N(c1cc(Cl)cn(C3CC(O)(CO)C3)c1=O)C2c1ccc(Cl)cc1,中毒,19.016203,18.239529,0.159480173,4.199824183
Cc1n[nH]nc1-c1cc2c(c(-c3c(Cl)cccc3Cl)c1)C(c1ccc(Cl)cc1NCc1ccc(Cl)cc1)N(c1cc(Cl)cn(C3CC(O)(CO)C3)c1=O)C2,中毒,10.009384,11.733231,0.114745741,4.199850901
Cc1n[nH]nc1-c1cc(-c2c(Cl)cccc2Cl)c2c(n1)C=CN(c1cc(Cl)cn(C3CC(O)(CO)C3)c1=O)C2c1ccc(Cl)cc1,中毒,11.9282465,13.489636,0.17110982,4.200029606
Cc1n[nH]nc1-c1cc(-c2c(Cl)cccc2Cl)c2c(c1)C(c1ccc(Cl)cc1)N(c1cc(C#N)cn3ncnc13)C2c1ccc(Cl)cc1,中毒,8.449116,44.046917,0.191304316,4.200221197
Cc1n[nH]nc1-c1cc2c(c(-c3c(Cl)cccc3Cl)c1)C(c1ccc3c(c1)OCO3)N(c1cc(Cl)cn(C3CC(O)(CO)C3)c1=O)N2,中毒,20.823978,9.173887,0.161678783,4.200307956
Cc1n[nH]nc1-c1cc2c(c(-c3c(Cl)cccc3Cl)c1)C(c1ccc(Cl)cc1)N(c1cc(Cl)cn(C3CC(O)(CO)C3)c1=O)C2=NO,中毒,10.328205,16.862432,0.109595136,4.200470338
Cc1n[nH]nc1-c1nc2c(c(-c3c(Cl)cccc3Cl)c1C(N)=O)C(c1ccc(Cl)cc1)N(c1cc(Cl)cn(C3CC(O)(CO)C3)c1=O)C2=O,中毒,51.50488,12.110745,0.168282453,4.200645906
Cc1n[nH]nc1-c1nc2c(c(-c3c(Cl)cccc3Cl)c1I)C(c1ccc(Cl)cc1)N(c1cc(Cl)cn(C3CC(O)(CO)C3)c1=O)C2=O,中毒,59.929935,12.110745,0.156582428,4.201033226
Cc1n[nH]nc1-c1cc2c(c(-c3c(Cl)cccc3Cl)c1)C(c1ccc(Cl)cc1F)N(c1cc(Cl)cn(C3CC(O)(CO)C3)c1=O)C=C2,中毒,5.093859,8.519041,0.164785082,4.20110557
Cc1n[nH]nc1-c1cc2c(n1-c1ccc(Cl)cc1F)C(c1ccc3c(c1)OCO3)N(c1cc(Cl)cn(C3CC(O)(CO)C3)c1=O)C2=O,中毒,12.488247,13.466203,0.233873315,4.201427518
Cc1n[nH]nc1-c1cc2c(c(-c3c(Cl)cccc3Cl)c1)C(c1cc3c(cc1Cl)N(c1cc(Cl)cn(C4CC(O)(CO)C4)c1=O)C3)C2,中毒,8.459931,16.023859,0.168876044,4.201602057
Cc1n[nH]nc1-c1cc2c(c(S(=O)(=O)c3ccnc(Cl)c3)c1)C(c1ccc(Cl)cc1)N(c1cc(Cl)cn(C3CC(O)(CO)C3)c1=O)C2,中毒,26.140747,25.020584,0.190831666,4.201640391
Cc1n[nH]nc1-c1cc2c(c(-c3c(Cl)cccc3Cl)c1)C(c1cccc(Cl)c1N)N(c1cc(Cl)cn(C3CC(O)(CO)C3)c1=O)C2,中毒,26.192316,9.912456,0.140878343,4.202467936
Cc1n[nH]nc1-c1cc2c(c(-c3c(Cl)cccc3Cl)c1)C(c1ccc(Cl)cc1)N(c1cc(Cl)cn(C3CC(O)=C(O)C3)c1=O)C2=S,中毒,6.8665094,33.013264,0.156211218,4.202955545
Cc1n[nH]nc1N(C)c1cc(-c2c(Cl)cccc2Cl)c2c(n1)C(=O)N(c1cc(Cl)cn(C3CC(O)(CO)C3)c1=O)C2c1ccc(Cl)cc1,中毒,39.33054,26.588243,0.172164502,4.203238287
Cc1n[nH]nc1-c1cc2c(c(-c3c(Cl)cccc3Cl)c1)C(Nc1cc(Cl)cn(C3CC(O)(CO)C3)c1=O)(c1ccc(Cl)cc1)C2,中毒,22.193691,18.526705,0.144430538,4.203399285
Cc1cc2c(-c3n[nH]nc3C)c[nH]c2c(-c2cc(NCC(O)c3cc(I)c(O)c(I)c3)nc(N(CCO)CCO)n2)c1C,中毒,8.208444,46.61554,0.095807625,4.203945001
Cc1n[nH]nc1-c1c(Cl)cncc1C1=C(c2ccc(Cl)cc2Cl)C(c2ccc(Cl)cc2)N(c2cc(Cl)cn(C3CC(O)(CO)C3)c2=O)C1=O,中毒,37.765812,17.736376,0.157825901,4.204038297
Cc1n[nH]nc1-c1cc(-c2c(Cl)cccc2Cl)c2c(c1)-c1c3c(=O)nc(n1C2)CCN(C(=O)NS(=O)(=O)c1ccc(F)cc1)C3=O,中毒,17.685385,17.134182,0.27393093,4.204277611
Cc1n[nH]nc1-c1cc2c(c(-c3c(Cl)cccc3Cl)c1)C(c1ccc(Cl)cc1F)N(c1cc(Cl)cn(C3CC(O)(CO)C3)c1=O)C2=N,中毒,5.6871157,16.862432,0.145561184,4.20510932
Cc1n[nH]nc1C1=C2C(c3ccc(C=CC(=O)NO)cc3)SC(Nc3ccc(F)c(Cl)c3)=NC2(c2ccc(F)cc2)C1,低毒,15.759638,20.774977,0.112371366,4.205191011
Cc1n[nH]nc1-c1cc(-c2c(Cl)cccc2Cl)c2c(c1)C1C(=O)N(c3ccc(Cl)cc3)C(c3ccc(Cl)cc3)C21c1ccc(Cl)cc1,中毒,16.220997,9.544459,0.193200003,4.205210816
Cc1n[nH]nc1-c1cc2c(c(-c3c(Cl)cccc3Cl)c1)C(c1ccc3c(c1)OCO3)N(c1cc(Cl)cn(C3CC(O)(CO)C3)c1=O)C=C2,中毒,9.036046,9.719319,0.173767055,4.205269617
Cc1n[nH]nc1-c1cc2c(c(-c3c(Cl)ccc(F)c3Cl)c(=O)c1)C(c1ccc(Cl)cc1)N(c1cc(Cl)cn(C3CC(O)(CO)C3)c1=O)C2=O,中毒,17.66382,9.5705185,0.168134129,4.205487957
Cc1n[nH]nc1-c1nc2c(c(-c3c(Cl)cccc3Cl)c1Cl)C(c1ccc(Cl)cc1)N(c1nc(Cl)cn(C3CC(O)(CO)C3)c1=O)C2=O,中毒,25.069427,12.110745,0.179765452,4.205621628
Cc1n[nH]nc1-c1cc(-c2c(Cl)cccc2Cl)c2c(c1)-c1c(ccc(C#CC3(O)CCCC3)c1F)CS(=O)(=O)C2c1ccc(Cl)cc1,中毒,73.081116,20.486877,0.182865473,4.205957812
Cc1n[nH]nc1-c1cc2c(c(-c3c(Cl)cccc3Cl)c1)C(c1ccc(Cl)cc1)N(c1cc(N(C)C)nc(C3CC(O)(CO)C3)c1O)C2,中毒,20.493902,28.022955,0.140539259,4.206233932
Cc1n[nH]nc1-c1cc2c(c(-c3c(Cl)cccc3Cl)c1)C(c1ccc(Cl)cc1OCc1ccc(N)cc1)N(c1cc(Cl)cn(C3CC(O)(CO)C3)c1=O)C2,中毒,6.1933956,9.173887,0.106630229,4.206283897
Cc1n[nH]nc1-c1cc2c(c(-c3c(Cl)cccc3Cl)c1)C1=C(C3=C(CCN(CCC4CCOCC4)C3)C1=O)C1(CCOCC1)C2,中毒,41.512497,22.61323,0.314798765,4.206291551
Cc1n[nH]nc1-c1cc2c(n1-c1ccc(Cl)c(Cl)c1)C(c1ccc(-c3cccc(C#N)c3)cc1)N(c1cc(Cl)cn(C3CC(O)(CO)C3)c1=O)C2,中毒,16.818426,11.513729,0.15537803,4.207089055
Cc1n[nH]nc1-c1cc2c(c(=O)n(Cc3c(F)cccc3F)c1=O)C(c1ccc(Cl)cc1Cl)N(c1cc(Cl)cn(C3CC(O)(CO)C3)c1=O)C2=O,中毒,5.6983395,12.087409,0.217776689,4.207223286
Cc1n[nH]nc1-c1nc2c(c(-c3c(Cl)cccc3Cl)c1C#N)C(c1cccc(Cl)c1)N(c1cc(Cl)cn(C3CC(O)(CO)C3)c1=O)C2=O,中毒,59.929935,13.503714,0.18415251,4.207696124
Cc1n[nH]nc1-c1cc2c(cc1-c1c(Cl)cccc1Cl)C(c1ccc(Cl)cc1)N(c1cc(Cl)cn(C3CC(O)(CO)C3)c1=O)N=C2N,中毒,7.1517186,16.882917,0.157204432,4.208121659
Cc1n[nH]nc1-c1nc2c(c(-c3c(Cl)cc(Cl)cc3Cl)c1Cl)C(c1ccc(Cl)cc1)N(c1cc(Cl)cn(C3CC(O)(CO)C3)c1=O)C2=O,中毒,39.425797,12.110745,0.160934742,4.208734364
Cc1n[nH]nc1-c1cc2c(c(-c3c(Cl)cccc3Cl)c1)CC(c1cc(Cl)c(O)c(Cl)c1)N(c1cc(Cl)cn(C3CC(O)(CO)C3)c1=O)C2=O,中毒,22.081963,19.79431,0.139678925,4.208961803
Cc1n[nH]nc1-c1c2c(c(=O)n(C3CC3)c(=O)c1Cl)C(c1ccc(Cl)cc1)N(c1cc(Cl)cn(C3CC(O)(CO)C3)c1=O)C2=O,中毒,19.841763,8.597157,0.280233799,4.209495372
Cc1n[nH]nc1C1(c2ccc(-c3ccc(F)cc3)cc2)C(=O)N(c2cc(Cl)cn(C3CC(O)(CO)C3)c2=O)C1c1ccc(Cl)cc1,中毒,20.665174,13.503714,0.19773268,4.210104802
Cc1n[nH]nc1-c1cc2c(c(-c3c(Cl)cccc3Cl)c1)C(c1ccc(Cl)s1)N(c1cc(Cl)cn(C3CC(O)(CO)C3)c1=O)C2,中毒,6.690411,8.519041,0.17110989,4.210163085
Cc1n[nH]nc1-c1cc2c(c(-c3c(Cl)cccc3Cl)c1)C(c1ccc3c(c1)OCO3)C(c1ccc(Cl)cc1)N(C1CC(O)(CO)C1)C2=O,中毒,59.607918,14.775354,0.169178211,4.210277763
Cc1n[nH]nc1-c1cc2c(c(-c3c(Cl)cccc3Cl)c(Cl)c1=O)C(c1ccc(Cl)cc1)N(c1cc(Cl)cn(C3CC(O)(CO)C3)c1=O)C2=O,中毒,7.266821,9.043079,0.168682039,4.210295137
Cc1n[nH]nc1-c1cc2c(c(-c3c(Cl)cccc3Cl)c1)C(c1ccc(Cl)cc1C(F)(F)F)N(c1cc(Cl)cn(C3CC(O)(CO)C3)c1=O)CC2,中毒,19.016203,18.239529,0.160321583,4.210386405
Cc1n[nH]nc1-c1cc(-c2c(Cl)cccc2Cl)c2c(c1)C1C(=O)N(Cc3cn(C)c4ccccc34)c3cc(Cl)c(Cl)cc3N1C2c1ccc(Cl)cc1,中毒,10.7664385,17.334517,0.188696614,4.21061564
Cc1n[nH]nc1-c1cc(-c2c(Cl)cccc2Cl)c2c(c1)C(c1ccc(Cl)cc1)N(c1cc(Cl)cn3c(=O)c(C(=O)O)cnc13)C2c1ccc(Cl)cc1,中毒,14.1086855,25.287947,0.172356007,4.210836952
Cc1n[nH]nc1-c1cc2c(c(-c3c(Cl)cccc3Cl)c1)C(c1ccc(Cl)cc1)N1C(=O)C(=O)N(C3CC(O)(CO)C3)C=C(Cl)C=C21,中毒,16.105612,21.597063,0.205257908,4.211097984
Cc1n[nH]nc1-c1cc2c(c(-c3c(Cl)cccc3Cl)c1)C(c1ccc(OS(N)(=O)=O)cc1)N(c1cc(Cl)cn(C3CC(O)(CO)C3)c1=O)C2,中毒,10.009384,9.912456,0.163925776,4.211437844
Cc1n[nH]nc1-c1cc2c(c(-c3c(Cl)cccc3Cl)c1)C(c1ccc(-c3ccc4sccc4c3)cc1)N(c1cc(Cl)cn(C3CC(O)(CO)C3)c1=O)C2,中毒,10.009384,9.912456,0.148829927,4.211470646
Cc1n[nH]nc1-c1cc2c(n1-c1ccc(F)cc1F)C(c1ccc(S(=O)(=O)N(C)C)cc1)N(c1cc(Cl)cn(C3CC(O)(CO)C3)c1=O)C2=O,中毒,12.488247,11.513729,0.217773269,4.212121993
Cc1n[nH]nc1-c1nc2c(c(-c3c(Cl)cccc3Cl)c1-c1ccc(F)cc1)C(c1ccc(Cl)cc1)N(c1cc(Cl)cn(C3CC(O)(CO)C3)c1=O)C2,中毒,14.775009,12.110745,0.148598523,4.212734937
Cc1n[nH]nc1-c1cc(-c2c(Cl)cccc2Cl)c2c(c1)C1C(=O)N(c3ccc(Cl)cc3)C(c3ccc(Cl)cc3)N1C2c1ccc(Cl)cc1,中毒,22.079004,16.988008,0.191731354,4.212865627
Cc1n[nH]nc1-c1cc2c(c(-c3c(Cl)cccc3Cl)c1)C(c1ccc(Cl)cc1)N(c1cc(Cl)cn(C3CC(O)(P(=O)(O)O)C3)c1=O)C2,中毒,8.394659,14.297296,0.13122406,4.213155001
Cc1n[nH]nc1-c1cc2c(c(-c3c(Cl)cccc3Cl)c1)C(c1ccc(Cl)cc1)N(NC(=O)c1csc3cc4ccccc4c-3c1)C(c1ccc(Cl)cc1)C2,中毒,106.90063,15.51133,0.175528137,4.213237147
Cc1n[nH]nc1C1=C2C(=O)N(c3cc(Cl)cn(C4CC(O)(CO)C4)c3=O)C(c3ccc(Cl)c(Cl)c3)C2=C(c2c(Cl)cccc2Cl)C1=O,中毒,9.251968,13.503714,0.215111647,4.213543659
Cc1n[nH]nc1-c1cc2c(c(-c3c(Cl)ccc(O)c3Cl)c1)C(c1ccc(Cl)cc1)N(c1cc(Cl)cn(C3CC(O)(CO)C3)c1=O)C2=S,中毒,9.036046,33.013264,0.134571543,4.213680089
Cc1n[nH]nc1-c1cc2c(c(-c3c(Cl)cccc3Cl)c1)C(c1ccc3c(c1)OCO3)N(c1cc(Cl)cn(C3CC(O)(CO)C3)c1=O)C2=N,中毒,7.4282966,13.503714,0.161103774,4.213838094
Cc1n[nH]nc1-c1cc2c(c(-c3c(Cl)cccc3Cl)c1)C(c1ccc(F)cc1)(c1ccc(Cl)cc1)N(c1cc(Cl)cn(C3CC(O)(CO)C3)c1=O)C2,低毒,15.809174,8.960914,0.149828728,4.214250427
Cc1n[nH]nc1-c1cc(-c2c(Cl)cccc2Cl)c2c(c1)C(c1ccc3c(c1)C(C)(C)CCC3(C)C)N(C)C2c1ccc2c(c1)OCO2,中毒,6.973956,8.857406,0.207121761,4.214821822
COc1cc(Cl)ccc1C1c2c(-c3c(Cl)cccc3Cl)cc(-c3n[nH]nc3C)cc2C(C)(C)N1c1cc(Cl)cn(C2CC(O)(CO)C2)c1=O,中毒,6.1933956,13.503714,0.154343543,4.214839752
Cc1n[nH]nc1-c1cc2c(c(-c3c(Cl)cccc3Cl)c1)C(c1ccc(Cl)cc1)N(c1cc(Cl)cc(C3(C)COC(=O)C3)c1)C2,中毒,103.54738,47.502472,0.18977232,4.214846463
Cc1n[nH]nc1-c1cc2c(c(-c3c(Cl)cccc3Cl)c1)C(c1nc3c(Cl)cccc3o1)C(C(=O)NC1(CO)CCC1)C2,低毒,53.337223,16.732311,0.190016157,4.214930161
Cc1n[nH]nc1-c1cc(-c2c(Cl)cccc2Cl)c2c(c1)S(=O)(=O)N(c1cc(Cl)cn(C3CC(O)(CO)C3)c1=O)C2c1cccc(Cl)c1,中毒,9.825931,16.862432,0.179182388,4.215626007
Cc1n[nH]nc1C1=C(c2cc(Br)c(Br)c(-c3ccc(Cl)c(Cl)c3)c2)C(c2ccc(Cl)cc2)N(c2cc(Cl)cn(C3CC(O)(CO)C3)c2=O)C1=O,中毒,32.17651,33.968105,0.150234544,4.2156349
Cc1n[nH]nc1-c1cc2c(c(-c3c(Cl)cccc3Cl)c1)C(c1ccc(Cl)cc1)N(c1cc(Cl)cn(C3CC(O)(COS(=O)(=O)O)C3)c1=O)C2,中毒,9.036046,9.912456,0.139341691,4.215740333
Cc1n[nH]nc1-c1cc2c(c(=O)c(C(=O)O)c1-c1cc(Cl)ccc1Cl)C(c1ccc(Cl)cc1)N(c1cc(Cl)cn(C3CC(O)(CO)C3)c1=O)C2=O,中毒,11.642886,9.173887,0.152565001,4.216036363
Cc1n[nH]nc1C1=CC2=C(c3ccc(F)c(Cl)c3)N=C(c3cnc4ccc(NC(=O)NC(C)(C)C)nc4c3)C2=C1C(C)C=O,中毒,14.099227,40.233345,0.221889043,4.216121434
Cc1n[nH]nc1-c1cc(-c2c(Cl)cccc2Cl)c2c(n1)C(=O)N(c1cc(Cl)cn(C3CCS(=O)(=O)C3)c1=O)C2c1ccc(Cl)cc1,中毒,19.591078,14.0600395,0.213638949,4.216131636
Cc1n[nH]nc1-c1cc2c(c(-c3c(Cl)cccc3Cl)c1OCc1ccc(Br)cc1)C(c1ccc(Cl)cc1)N(c1cc(Cl)cn(C3CC(O)(CO)C3)c1=O)C2,中毒,6.6767583,12.110745,0.132603853,4.216242196
Cc1n[nH]nc1-c1coc2c1C(=O)C(c1ccnc(N3CCC(O)C3)c1)=C2c1cnc(-c2cn(C)nc2-c2ccc(OC(F)(F)F)cc2)c(Cl)c1,中毒,73.73896,11.894851,0.187567234,4.216249068
Cc1n[nH]nc1C1=Cc2c(C(Cc3ccc(-c4ccno4)cc3)C(N)=O)c(-c3c(Cl)cccc3Cl)c3c(=O)c(C(=O)O)cn(C4CC4)c3c21,中毒,23.634348,10.232682,0.148204206,4.216291302
Cc1n[nH]nc1-c1cc2c(c(-c3c(Cl)cccc3Cl)c1)C(c1ccc(N(C)S(C)(=O)=O)cc1)N(c1cc(Cl)cn(C3CC(O)(CO)C3)c1=O)C2,中毒,9.036046,10.648614,0.171649475,4.216417508
Cc1n[nH]nc1-c1cc2c(c(-c3c(Cl)cccc3Cl)c1)C(c1ccc(Cl)cc1)N(C1=Cc3cscc3S(=O)(=O)C=C1)C2,中毒,16.52317,48.3424,0.210318179,4.217063499
Cc1n[nH]nc1-c1cc2c(c(=O)[nH]c1=O)C(c1ccc3cc(Cl)ncc3c1)N(c1cc(Cl)cn(C3CC(O)(CO)C3)c1=O)C2=O,中毒,8.614452,18.232977,0.207947763,4.217173571
Cc1n[nH]nc1C1=C(C(C)c2ccc(Cl)cc2)C(=O)c2c1c(Cl)c(C1=CCN(S(=O)(=O)C3CC3)CC1)n(C1CC1)c2=O,中毒,45.23948,14.3937645,0.380563244,4.217271987
Cc1n[nH]nc1-c1cn2c(c1-c1cc(Cl)cc(Cl)c1)C(c1ccc(Cl)cc1)N(c1cc(Cl)cn3nc(Cl)c(Cl)c3c1=O)C2=O,中毒,3.957058,10.233767,0.197708511,4.217288789
Cc1n[nH]nc1-c1cc2c(c(-c3c(Cl)cccc3Cl)c1)C(c1ccc(OC(C)(C)C(=O)O)cc1)N(c1cc(Cl)cn(C3CC(O)(CO)C3)c1=O)C2,中毒,9.036046,9.912456,0.125017825,4.217410127
Cc1n[nH]nc1-c1cc2c(c(-c3c(Cl)cccc3Cl)c1)C(c1ccc(Cl)cc1)N1COC(Cl)(Cl)C1c1ccc(Cl)cc1-2,中毒,19.87289,47.750244,0.193308694,4.217479482
Cc1n[nH]nc1-c1cc2c(c(-c3c(Cl)cccc3Cl)c1OCc1cccc(Cl)c1)C(c1ccc(Cl)cc1)N(c1cc(Cl)cn(C3CC(O)(CO)C3)c1=O)C2,中毒,6.6767583,12.110745,0.133067396,4.217577621
Cc1n[nH]nc1-c1cc2c(c(-c3c(Cl)cccc3Cl)c1)C(c1ccc(Cl)cc1)N(c1cc3c(cc1F)c(=O)c(C(=O)O)cn3C1CCOC1)C2,中毒,10.550047,16.854969,0.176470006,4.217938912
Cc1n[nH]nc1-c1c(F)c(F)c2c(c(=O)c1C1CC1)C(=O)N(c1cc(Cl)cn(C3CC(O)(CO)C3)c1=O)C2c1ccc(Cl)cc1,中毒,14.720647,13.503714,0.276226338,4.218039462
Cc1n[nH]nc1-c1cc2c(c(-c3c(Cl)cccc3Cl)c1)C(c1ccc3c(c1)OC(c1ccc(Cl)cc1)N(c1cc(Cl)cn(C)c1=O)C3=O)C2,中毒,9.915219,10.292379,0.191165183,4.218289468
CC(=O)N1c2c(cc(-c3n[nH]nc3C)cc2-c2c(Cl)cccc2Cl)C(=O)N(c2cc(Cl)cn(C3CC(O)(CO)C3)c2=O)C1c1ccc(Cl)cc1,中毒,8.335868,10.801412,0.1695458,4.218353963
Cc1n[nH]nc1-c1cc2c(c(-c3c(Cl)cccc3Cl)c1F)C(c1ccc(Cl)cc1)N(c1cc(Cl)cn(C3CC(O)(CO)C3)c1=O)N2,中毒,20.823978,10.425424,0.146142851,4.218486205
Cc1n[nH]nc1-c1cc2c(c(-c3c(Cl)cccc3Cl)c1)C(c1ccc(Cl)cc1C(F)(F)F)N(c1cc(Cl)cn(C3CC(O)(CO)C3)c1=O)C2,中毒,9.036046,9.912456,0.161007749,4.218698214
Cc1n[nH]nc1-c1cc2c(c3ncc(Cl)c(Cl)c3c1=O)C(c1ccc(Cl)cc1)N(c1cc(Cl)cn(C3CC(O)(CO)C3)c1=O)C2=O,中毒,7.487971,8.871968,0.224222827,4.219375192
Cc1n[nH]nc1-c1cc2c(c(-c3c(Cl)cccc3Cl)c1)C(c1nccs1)N(c1cc(Cl)cn(C3CC(O)(C(=O)O)C3)c1=O)C2,中毒,6.4584956,13.489636,0.192049595,4.219453517
Cc1n[nH]nc1C1(c2cc(NC(=O)c3ccc(F)cn3)c(F)cc2F)C(=O)N(C(C)CO)C(C)(C)C1=O,中毒,36.83937,19.649458,0.425937022,4.219872067
Cc1n[nH]nc1-c1cc2c(n1-c1c(Cl)ccc(Cl)c1Cl)C(c1ccc(Cl)cc1)N(c1cc(Cl)cn(C3CC(O)(CO)C3)c1=O)C2=O,中毒,18.205946,11.513729,0.165535918,4.22002171
Cc1n[nH]nc1-c1cc2c(c(-c3c(Cl)cccc3Cl)c1OCc1cccc(F)c1)C(c1ccc(Cl)cc1)N(c1cc(Cl)cn(C3CC(O)(CO)C3)c1=O)C2,中毒,6.6767583,12.110745,0.133550285,4.220158289
Cc1n[nH]nc1-c1cc2c(c(-c3c(Cl)cccc3Cl)c1)C(c1ccc(Cl)cc1)N(c1cc(Cl)cn(C3CCN(C)C3=O)c1=O)C2,中毒,16.310873,10.819605,0.205445681,4.220247743
Cc1n[nH]nc1-c1cc2c(c(OCC3(C(N)=O)CC3)c1)C(c1ccc(Cl)cc1)N(c1cc(Cl)cn(C3CC(O)(CO)C3)c1=O)C2,中毒,20.802595,21.884224,0.210970514,4.220270679
Cc1n[nH]nc1-c1cc2c(c(-c3c(Cl)cncc3Cl)c1)C(c1ccc(Cl)cc1)N(c1cc(Cl)cn(C3CC(O)(CO)C3)c1=O)C=C2,中毒,9.036046,9.719319,0.17110982,4.220490787
Cc1n[nH]nc1-c1cc2c(c(-c3c(Cl)cccc3Cl)c1)C(c1ccc(Cl)cc1C#N)N(c1cc(Cl)cn(C3CC(O)(CO)C3)c1=O)C2,中毒,9.954332,14.297296,0.169315907,4.220553603
Cc1n[nH]nc1C1=CC2=C(c3nc4c(O)cc(-c5ccc(Cl)cn5)cc4s3)C(c3ccc(Cl)cc3)C(c3ccc(Cl)cc3)C2=C1,中毒,36.575073,30.019512,0.19128374,4.220662415
Cc1n[nH]nc1-c1cc2c(c(-c3c(Cl)cccc3Cl)c1)C(c1ccc(Cl)cc1)N(c1nc3c(c(=O)n(C4CC(O)(CO)C4)c1=O)C3)C2,中毒,13.404387,13.847896,0.211686356,4.220779616
Cc1n[nH]nc1-c1cc2c(c(-c3c(Cl)cccc3Cl)c1)C(c1ccc(Cl)cc1)N(c1cc(Cl)cn(C3CC(O)(CO)C3)c1=O)c1cc(Cl)cnc1-2,中毒,25.998018,16.023859,0.154223245,4.221320994
Cc1n[nH]nc1-c1cc2c(c(-c3c(Cl)cccc3Cl)c1F)C(c1ccc(Cl)cc1)N(c1cc(Cl)cn(C3CC(O)(CO)C3)c1=O)C=C2,中毒,6.3808517,8.519041,0.164785082,4.221813497
Cc1n[nH]nc1-c1cc2c(c(-c3c(Cl)cccc3Cl)c1)C(c1ccc(Cl)cc1COc1ccc(Br)cc1)N(c1cc(Cl)cn(C3CC(O)(CO)C3)c1=O)C2,中毒,9.036046,9.912456,0.132603853,4.222158694
Cc1n[nH]nc1C1=Cc2cc(S(=O)(=O)c3ccc(F)cc3F)c3c(c2C(=O)C1)C(c1ccc(Cl)cc1)N(c1csc(C(N)=O)c1)C3,中毒,32.204067,34.541336,0.201913158,4.222379874
Cc1n[nH]nc1-c1cc2c(c(-c3c(Cl)cccc3Cl)c1)C(c1ccc(Cl)cc1)N(c1cc(Cl)cn(C3CC(I)(S(=O)(=O)O)C3)c1=O)C2,低毒,39.76092,10.819605,0.099760767,4.222693936
Cc1n[nH]nc1-c1cc2c(c(-c3c(Cl)cccc3Cl)c1)C(c1cc(Cl)c3c(c1)OCO3)C(c1ccc(Cl)cc1)C(c1ccc(Cl)cc1)N2,中毒,5.9564757,38.927803,0.184494664,4.222995568
Cc1n[nH]nc1-c1cc2c(c(-c3c(Cl)cccc3Cl)c1)C(c1ccc(Cl)cc1)N(O)N(c1cc(Cl)cn(C3CC(O)(CO)C3)c1=O)C2=O,中毒,15.763229,12.095076,0.152330863,4.22320798
Cc1n[nH]nc1C1=C(c2cc(-c3cnc(N)nc3)c(Cl)cc2F)C(c2ccc(Cl)cc2)N(c2cc(Cl)cn(C3CC(O)(CO)C3)c2=O)C1=O,中毒,32.17651,33.968105,0.176537553,4.2232366
Cc1n[nH]nc1-c1cc2c(c(-c3c(F)cccc3F)c1)C(c1ccc(Cl)cc1)N(c1cc(Cl)cn(C3CC(O)(P(=O)(O)O)C3)c1=O)C2,中毒,6.9868226,13.447941,0.14702567,4.223261628
Cc1n[nH]nc1-c1cc2c(c(-c3c(O)ccc4ccccc34)c(Cl)c1=O)C(c1ccc(Cl)cc1)N(c1cc(Cl)cn(C3CC(O)(CO)C3)c1=O)C2=O,中毒,8.399355,12.110745,0.147977626,4.223575213
Cc1n[nH]nc1-c1nc2c(c(-c3c(Cl)ccc(Cl)c3Cl)c1Cl)C(c1ccc(Cl)cc1)N(c1cc(Cl)cn(C3CC(O)(CO)C3)c1=O)C2=O,中毒,39.425797,12.110745,0.150548072,4.223854994
Cc1n[nH]nc1-c1cc2c(c(-c3c(Cl)cccc3Cl)c1-c1ccc(Cl)cc1)C(c1ccc(Cl)cc1Cl)N(c1cc(Cl)cn(C3CC(O)(CO)C3)c1=O)C2,中毒,9.166516,9.912456,0.147978064,4.223857433
Cc1n[nH]nc1-c1cc2c(c(-c3c(Cl)cccc3Cl)c1)C(c1ccc(Cl)cc1)N(C1=CC(C3CC3)=C(Oc3c(Cl)cc(C#N)cc3Cl)C1=O)C2,中毒,18.20796,40.974545,0.177533226,4.224152227
Cc1n[nH]nc1-c1cc2c(c(-c3c(Cl)cccc3Cl)c1)C(c1ccc(Cl)cc1OC(F)F)N(c1cc(Cl)cn(C3CC(O)(CO)C3)c1=O)C2,中毒,6.1933956,9.173887,0.147373027,4.224301532
Cc1n[nH]nc1C1=C(C(Nc2cc(Cl)cn(C3CC(O)(CO)C3)c2=O)c2ccc(Cl)cc2)c2cc(OCC(=O)Nc3ccc(F)cn3)c(Cl)cc2C1=O,中毒,34.744564,32.351887,0.109738902,4.224323337
Cc1n[nH]nc1-c1cc2c(c(-c3c(Cl)cccc3Cl)c1)CC(c1ccc(Cl)cc1)N(c1cc(Cl)cn(C3CC(=O)N(C)C3=O)c1=O)C2=O,中毒,29.764805,18.648798,0.19349058,4.225143825
Cc1n[nH]nc1-c1cc2c(c(-c3c(Cl)cccc3Cl)c1)C(c1ccc3c(c1)OCO3)C(c1c[nH]c3cc(OCCCBr)ccc13)N(C)C2,中毒,21.214363,12.061726,0.119322806,4.225229053
Cc1n[nH]nc1-c1cc2c(c(-c3c(Cl)cccc3Cl)c1)C(n1cnc3c(Nc4ccc(Cl)c(Cl)c4)nc(Cl)c(O)c31)C(O)C2,中毒,25.069427,27.948689,0.134203413,4.226211949
Cc1n[nH]nc1-c1cc2c(c(-c3c(Cl)cccc3Cl)c1)C(c1ccc(Cl)cc1Oc1ccc(Cl)cc1Cl)N(c1cc(Cl)cn(C3CC(O)(CO)C3)c1=O)C2,中毒,6.1933956,13.503714,0.139701263,4.226616279
Cc1n[nH]nc1-c1cc(-c2c(Cl)cccc2Cl)c2c(c1)C(CO)N(c1ccc(C#N)cc1)C(c1ccc(Cl)cc1)C2c1ccc(Cl)cc1,中毒,39.76092,9.28836,0.179596999,4.227699203
Cc1nc(CN2C(=O)C(C)(c3cc(N4Cc5cc(-c6n[nH]nc6C)cc(-c6c(Cl)cccc6Cl)c5C4c4ccc(Cl)cc4)cs3)C2=O)cs1,中毒,3.9554129,14.1463,0.129439427,4.227988898
Cc1n[nH]nc1-c1cc(-c2c(Cl)cccc2Cl)c2c(c1)C(c1ccc3c(c1)N(C)C(=O)CC3)N(COCO)C2c1ccc(Cl)cc1,中毒,14.440465,11.120409,0.171701958,4.228262387
Cc1n[nH]nc1C1=Cc2nc3c(Cl)cc(Cl)cc3c(c2-c2ccc3nc(C(C)C)c(-c4ccc(Cl)cc4)c(Cl)c3c2)C=C1,中毒,6.4713774,20.035244,0.207631484,4.228495105
Cc1n[nH]nc1-c1cc(-c2cc(Cl)ccc2OC(C)c2cccc(Cl)c2)c2c(c1)C(c1ccc(N(C)C)cc1)N(O)C2c1ccc(Cl)cc1,中毒,29.518908,23.758667,0.163743884,4.228530486
CON=C1c2cc(-c3n[nH]nc3C)cc(-c3c(Cl)cccc3Cl)c2C(c2ccc(Cl)cc2)N1c1cc(Cl)cn(C2CC(O)(CO)C2)c1=O,中毒,10.328205,16.862432,0.151492612,4.228660865
Cc1n[nH]nc1-c1cc2c(c(-c3c(Cl)cccc3Cl)c1)C(n1cnc3c(OCc4cccc(Cl)c4F)nc(F)nc31)C(O)C2,中毒,35.590164,15.864446,0.187665576,4.228691509
Cc1n[nH]nc1-c1cc2c(c(-c3c(Cl)cccc3Cl)c1N)C(c1ccc(Cl)cc1)N(c1cc(Cl)cn(C3CC(O)(CO)C3)c1=O)C=C2,中毒,9.166516,13.489636,0.134726367,4.228742916
Cc1n[nH]nc1C1=CC2=C(C3CC(c4ccc(Cl)cc4)=NN3c3ccc(Cl)cc3F)N=C(Sc3nc4cc(Cl)ccc4o3)C(=O)C2=C1,中毒,13.965262,36.510887,0.195805033,4.228787308
Cc1n[nH]nc1-c1cc2c(c(-c3c(Cl)cccc3Cl)c1)C(c1ccc(Br)cc1)N(c1cc(Cl)cn(C3CC(O)(CO)C3)c1=O)C2=NO,中毒,10.328205,16.862432,0.106790874,4.228821131
Cc1n[nH]nc1-c1cc2c(n1-c1ccc(Cl)cc1F)C(c1cccc(OC(F)F)c1)N(c1cc(Cl)cn(C3CC(O)(CO)C3)c1=O)C2=O,中毒,12.488247,13.466203,0.19194762,4.228858877
Cc1cc(Br)cc(Br)c1-c1cc(-c2n[nH]nc2C)cc2c1C(c1ccc(Cl)cc1)N(c1cc(Cl)cn(C3CC(O)(CO)C3)c1=O)C=C2,中毒,6.7043605,9.719319,0.159502568,4.22920375
Cc1n[nH]nc1-c1cc2c(c(-c3c(Cl)cccc3Cl)c1)C(c1ccc(Cl)cc1)N(C#N)N(C)c1cc(Cl)c(OC(C)C(=O)O)cc1-2,中毒,15.809174,22.66726,0.169462905,4.230079992
Cc1n[nH]nc1-c1cc2c(c(-c3c(Cl)cccc3Cl)c1)C(c1ccc(Cl)cc1)N(c1nc(Cl)cn(C3CC(O)(COCO)C3)c1=O)C2,中毒,16.658676,13.172034,0.150584948,4.23011528
Cc1n[nH]nc1-c1cc2c(c(-c3c(Cl)ncnc3Cl)c1)C(c1ccc(Cl)cc1)N(c1cc(Cl)cn(C3CC(O)(CO)C3)c1=O)C2,中毒,9.036046,14.297296,0.180727631,4.230721263
Cc1n[nH]nc1-c1cc2c(s1)C(c1c[nH]c3cc(Cl)c(Cl)cc13)N(c1cc(Cl)cn(C3CC(O)(CO)C3)c1=O)C2=O,中毒,7.8750753,9.173887,0.208867969,4.230865898
Cc1n[nH]nc1-c1cc2c(c(-c3c(Cl)cccc3Cl)c1)C(c1ccc(Cl)c(NS(C)(=O)=O)c1)N(c1cc(Cl)cn(C3CC(O)(CO)C3)c1=O)C2,中毒,9.036046,9.912456,0.134947143,4.231014164
CC(C)=C1c2cc(-c3n[nH]nc3C)cc(-c3c(Cl)cccc3Cl)c2C(c2cccc(O)c2)N1c1cc(Cl)cn(C2CC(O)(CO)C2)c1=O,中毒,11.212927,9.719319,0.142745121,4.231367841
Cc1n[nH]nc1-c1cc(-c2c(Cl)cccc2Cl)c2c(c1)C(CO)Oc1ccc(Cl)cc1C2N(C(=O)C1CC1)C(C)(C)C,中毒,11.537998,15.662035,0.234814732,4.231404446
COc1cc2c(=O)cc(-c3c(Cl)cccc3Cl)c3c(c2cc1-c1n[nH]nc1C)C(c1cc2n(n1)CCC2)=NC3c1c(Cl)ccc(Cl)c1Cl,中毒,4.583691,14.2372675,0.178069883,4.23143783
Cc1n[nH]nc1-c1cn2c(c(Br)c1=O)C(c1ccc(Cl)cc1)N(c1cc(Cl)cn(C3CC(O)(CO)C3)c1=O)C2=O,中毒,41.467842,15.303033,0.298548814,4.231720572
C=C1c2cc(-c3n[nH]nc3C)cc(-c3c(Cl)cccc3Cl)c2C(c2ccc(Cl)cc2Br)N1c1cc(Cl)cn(C2CC(O)(CO)C2)c1=O,中毒,10.009384,9.912456,0.159647209,4.231980444
Cc1n[nH]nc1-c1cc2c(cc1NC(=O)c1cc(-c3cccc(Br)c3)cnn1)C(c1ccc(Cl)cc1)N(c1cc(Cl)cn(C3CC(O)(CO)C3)c1=O)C2,中毒,11.961985,32.351887,0.128316162,4.232183599
Cc1n[nH]nc1-c1cc2c(c(-c3c(Cl)cccc3Cl)c1)C(c1ccc(Cl)cc1)N(c1cc(Cl)cn(C3CC(O)(CO)C3)c1=O)c1c(Cl)cncc1-2,中毒,5.629333,18.206211,0.154223245,4.232235249
Cc1n[nH]nc1-c1cc2c(c(-c3c(Cl)cc(Cl)cc3Cl)c1)C(c1cccc(NS(C)(=O)=O)c1)N(c1cc(Cl)cn(C3CC(O)(CO)C3)c1=O)C2,中毒,9.036046,9.912456,0.134947143,4.232782057
Cc1n[nH]nc1-c1cc2c(c(-c3c(Cl)cccc3Cl)n1)C(c1ccc(Cl)cc1)N(c1cc(Cl)cn(C3CC(O)(P(=O)(O)O)C3)c1=O)C2=O,中毒,7.4282966,12.110745,0.14015801,4.232917931
CC(=O)N1CCN(C2=CC=C3c4cc(-c5n[nH]nc5C)cc(-c5c(Cl)cccc5Cl)c4C(c4ccc(Cl)cc4O)N3C(Cc3ccc(Cl)cc3)=C2F)CC1,中毒,181.6164,33.33846,0.177860171,4.233436302
Cc1n[nH]nc1-c1cc2c(c(-c3c(Cl)cccc3Cl)c1)C(c1ccc3c(c1)CCn1cc4c(-c5ccnc(Cl)c5)nc(N5CCOCC5)c-4cc1-3)CO2,中毒,26.131456,39.98959,0.174908584,4.233887897
Cc1n[nH]nc1-c1cc2c(c(-c3c(Cl)cccc3Cl)c1)C(c1ccc(Cl)cc1)N(c1cc(Cl)cn(C3CC(O)(CO)C3)c1=O)C2=NCl,中毒,7.4282966,16.862432,0.164217638,4.234209504
Cc1n[nH]nc1-c1cc2c(c(-c3c(Cl)cccc3Cl)c1C(F)(F)F)CC(c1ccc(Cl)cc1)N(c1cc(Cl)cn(C3CC(O)(CO)C3)c1=O)C2=O,中毒,28.184814,19.79431,0.159627096,4.234517022
Cc1n[nH]nc1-c1cc2c(c(=O)c(C3(O)CCOCC3)c1)C(c1ccc(Cl)cc1)N(c1cc(Cl)cn(C3CC(O)(CO)C3)c1=O)C2=O,中毒,20.697372,33.378986,0.238377774,4.234573098
Cc1n[nH]nc1-c1cc2c(c(-c3c(Cl)cccc3Cl)c1)C(c1ccc(Cl)cc1)N(c1cc(Cl)cn(C3CC(O)(CO)C3)c1=O)c1ccoc1-2,中毒,7.69896,16.947666,0.156493656,4.234747823
Cc1n[nH]nc1-n1c2c(c(=O)n(Cc3ccco3)c1=O)C(c1cccs1)N(c1cc(Cl)cn(C3CC(O)(CO)C3)c1=O)C2=O,中毒,32.17651,13.503714,0.239416389,4.234837381
Cc1n[nH]nc1-c1c(F)c2c(Cl)c(F)c(Cl)c3c(c-2c(=O)c1C1CC1)C(c1ccc(NS(C)(=O)=O)c(F)c1)NC(=O)N3,中毒,17.488745,37.71677,0.228853124,4.235019167
Cc1n[nH]nc1-c1cc2c3c(c(-c4ccccc4I)[nH]c(=O)c-2c1)C(=O)N(c1cc(Cl)cn(C2CC(O)(CO)C2)c1=O)C3c1ccc(Cl)cc1,中毒,15.763229,9.173887,0.147603087,4.235872687
Cc1n[nH]nc1-c1cc2c(c(-c3c(Cl)cccc3Cl)c1-c1ccc(C#N)cc1)C(c1ccc(Cl)cc1)N(c1cc(Cl)cn(C3CC(O)(CO)C3)c1=O)C2,中毒,10.009384,9.912456,0.147424282,4.236252535
Cc1n[nH]nc1-c1cc2c(c(-c3c(Cl)cccc3Cl)c1)C(c1ccc(Cl)cc1)SC1=C2C(=O)C2=C1CCC(C)CC2=O,中毒,6.6557145,9.672197,0.227955438,4.236712837
Cc1n[nH]nc1-c1cc2c(c(-c3c(Cl)cccc3Cl)c1)C(n1cnc3c(N(C)C)nc(I)nc31)C(O)C2,中毒,34.63742,15.718911,0.207323259,4.236802558
Cc1n[nH]nc1-c1cc(-c2c(Cl)cccc2Cl)c2c(c1)C(C)Cc1c(O)c3cc(-c4ccc(C#N)cn4)ccc3n1C2c1ccc(Cl)cc1,中毒,39.1355,38.432915,0.190119175,4.237132668
Cc1n[nH]nc1-c1cc2c(c(-c3c(Cl)cccc3Cl)c1)C(c1ccc(Cl)cc1)(c1ccc(Br)cc1)N(c1cc(Cl)cn(C3CC(O)(CO)C3)c1=O)C2,中毒,9.036046,9.912456,0.148086433,4.237239784
Cc1n[nH]nc1-c1cc2c(c(-c3c(Cl)cccc3Cl)c1)C(c1ccc(Cl)cc1)N(C1CC(=O)N(c3cc(Cl)cc(C(F)(F)F)c3F)C1=O)C2,中毒,4.4381013,25.272562,0.143138631,4.237449384
Cc1n[nH]nc1-c1cc2c3c(c(-c4c(Cl)cc(Cl)cc4I)ccc3c1)C(c1ccc(Cl)cc1)N(c1cc(Cl)cn(C3CC(O)(CO)C3)c1=O)C2=O,中毒,8.459931,19.778664,0.143933843,4.237678194
Cc1n[nH]nc1-c1cc2c(c(-c3c(Cl)cccc3Cl)c1)C(c1ccc(Cl)cc1)N(c1ccc3cn(Cc4cc(Cl)cc(OC(C)C(=O)O)c4)nc3c1)C2,中毒,10.588621,15.48011,0.150010541,4.237853347
Cc1n[nH]nc1-c1cc2c(c(-c3ccc(Cl)nc3)c(Cl)c1=O)C(c1ccc(Cl)cc1)N(c1cc(Cl)cn(C3CC(O)(CO)C3)c1=O)C2=O,中毒,7.266821,9.043079,0.186158069,4.238011913
Cc1n[nH]nc1-c1cc2c(n1-c1ccc(Cl)cc1Cl)C(c1ccsc1)N(c1cc(Cl)cn(C3CC(O)(CO)C3)c1=O)C2=O,中毒,18.205946,11.513729,0.219317995,4.238104616
Cc1n[nH]nc1C1CC(N)C(O)C(Oc2ccc(-c3nc(-c4ccc(F)cc4)no3)cc2)C1C(=O)O,低毒,8.885112,71.60607,0.311327181,4.238605447
Cc1n[nH]nc1C1Cc2c(C#Cc3ccc(Cl)cc3F)nc(C3CCCO3)nc21,中毒,12.159187,22.941217,0.653821886,4.238909186
Cc1n[nH]nc1-c1cc2c(c(-c3c(Cl)cccc3Cl)c1)C(c1ccc(F)cc1)(c1ccc(Br)cc1)N(c1cc(Cl)cn(C3CC(O)(CO)C3)c1=O)C2,中毒,15.809174,8.960914,0.148719801,4.239688467
Cc1n[nH]nc1-c1cc(-c2c(Cl)cccc2Cl)c2c(c1)C(Cl)(Cl)C(c1ccc(Cl)cc1)(C(F)(F)F)NC2c1ccc(Cl)cc1,中毒,12.867572,25.989878,0.182107924,4.240342988
Cc1n[nH]nc1-c1cc2c(c(-c3c(Cl)cccc3Cl)c1)C(c1ccc(Cl)cc1)N(c1cc(Cl)cn(C3CC(=O)N(C)C3)c1=O)C2,中毒,12.656764,10.819605,0.205445681,4.240553618
Cc1n[nH]nc1C1=Cc2c(-c3ccc(Cl)cc3Cl)nc(OCC(F)F)nc2C1(CO)c1ccc(-c2cnco2)cc1F,中毒,13.065396,14.2372675,0.213341627,4.240754287
Cc1n[nH]nc1-c1cc2c(c(-c3c(Cl)cccc3Cl)c1)C(c1ccc(Cl)cc1)N(c1cc(Cl)cn(C3CC(O)(CO)C3)c1=O)C2=[IH],中毒,7.2327275,14.297296,0.153313178,4.240770941
Cc1n[nH]nc1-c1cc2c(c3c(oc4ccc(O)cc43)c1=O)C(c1ccc(Cl)cc1)N(c1cc(Cl)cn(C3CC(O)(CO)C3)c1=O)C2=O,中毒,7.8750753,34.172764,0.194132454,4.240878546
Cc1n[nH]nc1-c1cn2c(c(-c3c(Cl)cccc3Cl)c1=O)C(c1ccc(Cl)cc1)N(c1cc(Cl)cn(C3CC(O)(CO)C3)c1=O)C2=O,中毒,10.435232,15.303033,0.195100837,4.241145533
Cc1n[nH]nc1-c1cc2c(n1-c1ccc(Cl)c(Cl)c1F)C(c1ccc(Cl)cc1)N(c1cc(Cl)cn(C3CC(O)(CO)C3)c1=O)C2=O,中毒,12.488247,11.513729,0.178351029,4.241277191
Cc1n[nH]nc1-c1cc(-c2c(Cl)cccc2Cl)c2c(c1)N(c1ccc(N3CCOCC3)c(C3(C)COC(=O)C3)c1)C2c1ccc(Cl)cc1,低毒,29.078686,16.279085,0.177570908,4.241433572
Cc1n[nH]nc1-c1nc2c(c(-c3c(Cl)cccc3Cl)c1OC1CC1)C(c1ccc(Cl)cc1)N(c1cc(Cl)cn(C3CC(O)(CO)C3)c1=O)C2=O,中毒,32.17651,12.110745,0.154138824,4.241694383
CC(=O)N1C(c2ccc(Cl)cc2)c2c(cc(-c3n[nH]nc3C)cc2-c2c(Cl)cccc2Cl)C(=O)N1c1cc(Cl)cn(C2CC(O)(CO)C2)c1=O,中毒,26.303608,12.095076,0.173181121,4.241858311
Cc1n[nH]nc1-c1cc2c(c(-c3c(Cl)cccc3Cl)c1OCc1cccc(Cl)c1)C(c1ccc(Br)cc1)N(c1cc(Cl)cn(C3CC(O)(CO)C3)c1=O)C2,中毒,6.6767583,12.110745,0.132603853,4.242011528
Cc1n[nH]nc1-c1cc2c(c(-c3c(Cl)cccc3Cl)c1)C(c1ccc(Cl)cc1)N(c1cc(Cl)cn(C3CC(S(=O)(=O)N4CCCC4=O)C3)c1=O)C2,中毒,21.076138,10.819605,0.177727682,4.242088288
Cc1n[nH]nc1-c1cc(-c2c(Cl)cccc2Cl)c2c(c1)C(c1ccc(Cl)c(Cl)c1)C(c1ccc(Cl)s1)N2c1c(Cl)cncc1Cl,中毒,7.6683917,26.303377,0.190505112,4.242248955
Cc1n[nH]nc1-c1cc2c(c(-c3c(Cl)cccc3Cl)c1)C(c1ccc3c(c1)OCO3)N(c1cc(Cl)nn(C3CC(O)(CO)C3)c1=O)C2,中毒,24.56957,14.797535,0.19966757,4.242616805
Cc1n[nH]nc1-c1cc2c(c(-c3c(Cl)cccc3Cl)c1)C(c1ccc(Cl)cc1S(N)(=O)=O)N(c1cc(Cl)cn(C3CC(O)(CO)C3)c1=O)C2,中毒,9.036046,14.297296,0.15586609,4.242651034
Cc1n[nH]nc1-c1cc2c(c(-c3c(Cl)ccc(Cl)c3Cl)c1Cl)C(c1ccc(Cl)cc1)N(c1cc(Cl)cn(C3CC(O)(CO)C3)c1=O)C2,中毒,6.3808517,8.960914,0.150018612,4.242883758
Cc1n[nH]nc1C1=CC2=C1C(c1cc(Cl)c(Cl)cc1Cl)N(c1cc(Cl)cn(C3CC(O)(CO)C3)c1=O)C2=O,中毒,15.540574,13.503714,0.375460468,4.243104422
Cc1n[nH]nc1-c1cc2n(c1-c1cc(Cl)c(Cl)cc1Cl)C(c1ccc(Cl)cc1)N(c1cc(Cl)cn(C3CC(O)(CO)C3)c1=O)C2=O,中毒,20.573853,13.503714,0.163131276,4.243988639
Cc1n[nH]nc1-c1cc2c(c(-c3c(Cl)cccc3Cl)c1)C(c1ccc(Cl)cc1)N(c1cc(Cl)cn3c(=O)c(C(=O)O)c(O)c-3c1)C(C)C2,中毒,35.431194,21.731676,0.162963859,4.244068624
Cc1n[nH]nc1-c1cc2c(c(-c3c(Cl)cccc3Cl)c1)C(c1ccc(Cl)cc1)N1C(=O)c3c(Br)c(O)c(Cl)c(Cl)c3C(=O)C1C2,中毒,12.723886,12.83099,0.178557072,4.244414022
Cc1n[nH]nc1-c1cc2c(c3c(cnn3Cc3ccc(F)c(F)c3)c1=O)C(c1ccc(Cl)cc1)N(c1cc(Cl)cn(C3CC(O)(CO)C3)c1=O)C2=O,中毒,9.5269375,33.968105,0.203862337,4.244768423
Cc1n[nH]nc1-c1cc2c(c(-c3c(Cl)cccc3Cl)n1)C(c1ccc(Cl)s1)N(c1cc(Cl)cn(C3CC(O)(CO)C3)c1=O)C2=O,中毒,6.690411,12.110745,0.183968499,4.244777263
Cc1n[nH]nc1-c1cc2c(c(-c3c(Cl)cccc3Cl)c1)C(c1ccc(Cl)cc1)N(c1cc(Cl)nn(C3CC(OC(CO)CO)C3)c1=O)C2,中毒,27.660664,14.797535,0.151297886,4.245561171
Cc1n[nH]nc1-n1c2c(c(=O)n(C)c1=O)C(c1ccsc1)N(c1cc(Cl)cn(C3CC(O)(CO)C3)c1=O)C2=O,中毒,28.801418,14.418226,0.313516667,4.245568278
Cc1n[nH]nc1-c1cc2c(c(-c3c(Cl)cccc3Cl)c1)C(c1ccc(Cl)cc1)N(Cl)N(c1cc(Cl)cn(C3CC(O)(CO)C3)c1=O)C2=O,中毒,15.763229,13.368444,0.154665446,4.245853209
Cc1n[nH]nc1-c1cc2c(Cl)c3c(c4c(c-2c1)C(=O)N(c1cc(Cl)c(=O)n(C)c1)C4=O)C1(CC1)CN(C(=O)CBr)CC3,中毒,11.762449,14.026334,0.253345859,4.245903684
Cc1n[nH]nc1-c1cc2c(c(-c3c(F)cccc3F)c1)C(c1ccc(Cl)cc1)(c1ccc(Br)cc1)N(c1cc(Cl)cn(C3CC(O)(CO)C3)c1=O)C2,中毒,6.3808517,8.960914,0.149970783,4.246238836
Cc1n[nH]nc1-c1cc2c(c(-c3c(Cl)cccc3Cl)c1)C(c1ccc(Cl)cc1)Nc1cc(N(C)C3CC3)nc3c1C(C2)N(C)CC3,中毒,19.591078,23.233097,0.195005749,4.246439956
Cc1n[nH]nc1-c1cc2c(c(-c3c(Cl)cncc3Cl)c1)C(c1cccc(Cl)c1)N(c1cc(Cl)cn(C3CC(O)(CO)C3)c1=O)C=C2,中毒,9.036046,9.719319,0.17110982,4.247097942
Cc1n[nH]nc1S(=O)(=O)C(C(=O)NCC1(c2ccc(F)cc2F)CC1)C(O)(Cn1cncn1)c1ccc(F)cc1F,中毒,21.579796,23.00375,0.235406311,4.247104732
Cc1n[nH]nc1-c1cc2c(-c3cc4ncc(Br)cc4n3C)nc(N3CCOC(C)C3)c(C(N)=O)c2cc1Oc1ccc(NC(=O)c2cc[nH]n2)cc1,中毒,15.763229,9.114193,0.148417109,4.247277342
Cc1n[nH]nc1-c1cc2c(c(-c3c(Cl)cccc3Cl)c1)C(c1ccc(OCC(=O)NO)c3sc(-c4ccccc4)cc13)C(=O)N(C(C)CO)CC2,中毒,25.756128,10.300719,0.089336288,4.248156647
Cc1n[nH]nc1-c1cc2c(cc1-c1cc(Cl)ccc1Cl)S(=O)(=O)C(c1ccc(Cl)cc1)N(c1cc(Cl)cn(C3CC(O)(CO)C3)c1=O)C2=O,中毒,6.4201846,9.173887,0.179142963,4.248173085
Cc1n[nH]nc1-n1c2c(c(=O)n(Cc3cc(OC4CC4)ccc3F)c1=O)C(c1ccc(Cl)cc1)N(c1cc(Cl)cn(C3CC(O)(CO)C3)c1=O)C2=O,中毒,28.801418,14.418226,0.203792189,4.248494895
Cc1n[nH]nc1-c1cc2c(c(-c3c(Cl)cncc3Cl)c1)C(c1ccc(Br)cc1)N(c1cc(Cl)cn(C3CC(O)(CO)C3)c1=O)N2,中毒,20.823978,10.425424,0.151584042,4.248905879
Cc1n[nH]nc1-c1cc2c(c(-c3c(Cl)cccc3Cl)c1)C(c1ccc(Cl)cc1)N(c1cc(Cl)cn(C3CC(=O)N(C)C3)c1=O)C(=O)C2,中毒,29.764805,18.648798,0.206487157,4.248979052
Cc1n[nH]nc1-c1cc(-c2c(Cl)cccc2Cl)c2c(c1)C(c1cccnc1)C(c1ccc(Cl)cc1)N2c1cc(Cl)cn(Cl)c1=O,中毒,25.076027,28.357002,0.194492314,4.249226348
Cc1n[nH]nc1-c1cc2c(c(-c3c(Cl)cccc3Cl)c1)C(c1ccc(Cl)cc1)N(c1cc(Cl)cn(C3CC(O)(COP(=O)(O)O)C3)c1=O)C2,中毒,9.036046,9.912456,0.117709016,4.249483206
Cc1n[nH]nc1-c1cc2c(c(-c3c(Cl)cccc3Cl)c1)C(c1ccc(Cl)cc1)c1cnc(Nc3ccc(OCC(=O)NC(C#N)CCO)c(Cl)c3)cc1-2,中毒,8.321523,8.798434,0.101537378,4.249603321
Cc1n[nH]nc1-c1cc2c(c(-c3c(Cl)cccc3Cl)c1)C(c1ccc(Cl)cn1)N(c1cc(Cl)cn(C3CC(O)(CO)C3)c1=O)N2,中毒,29.087914,16.862432,0.157115761,4.249616868
Cc1n[nH]nc1C1=C(c2ccc(Cl)c(Cl)c2)C2(c3ccc(Cl)cc3)C(=C1)C(=O)N2c1cc(Cl)cn(C2CC(O)(CO)C2)c1=O,中毒,32.17651,13.503714,0.224910326,4.249862405
Cc1n[nH]nc1-c1cn2c(c1-c1c(Cl)cc(Cl)cc1Cl)C(c1ccc(Cl)cc1)N(c1cc(Cl)cn(C3CC(O)(CO)C3)c1=O)C2=O,中毒,6.9783845,16.230408,0.168797117,4.249898875
Cc1n[nH]nc1-c1cc2c(c(-c3c(Cl)cccc3Cl)c1)C(c1cccn(Cc3ccc(F)cc3)c1=O)N(c1cc(Cl)cn(C3CC(O)(CO)C3)c1=O)C2,中毒,6.3808517,8.519041,0.150800893,4.25002063
Cc1n[nH]nc1-c1cc2c(c(-c3c(Cl)cccc3Cl)c1)C(C1=Cc3ccc(Cl)cc3N3C1=COc1ccc(Cl)cc13)C(N)=N2,中毒,57.288128,38.927803,0.20152201,4.250257001
CC(=O)OC1CCC(Nc2nc3ncc(-c4ccnc(NC5CC(O)CC(O)C5)c4)n3cc2-c2n[nH]nc2C)CC1,中毒,14.025933,32.731407,0.209779543,4.250693361
Cc1n[nH]nc1N1CC(C2Cc3c(F)cc(F)cc3O2)C1c1ccc(OS(=O)(=O)c2ccc(F)cc2F)cc1,中毒,60.139034,21.1156,0.271628163,4.250864114
Cc1n[nH]nc1-c1cc2c(c(=O)c(C(=O)Nc3ccc(F)c(Cl)c3F)c1)C(c1ccc(Cl)cc1)N(c1cc(Cl)cn(C3CC(O)(CO)C3)c1=O)C2,中毒,13.3429985,18.775484,0.148612518,4.250913891
Cc1n[nH]nc1-c1cc2c(c(=O)[nH]c1=O)C(c1ccc(Cl)cc1)N(c1ccc3c(c1)OCC3)C2c1cc(Cl)c[nH]1,中毒,25.232735,22.126308,0.27546479,4.250962668
Cc1n[nH]nc1-c1cc2c(c(-c3c(Cl)cccc3Cl)c1-c1cc(Cl)ccc1Cl)C(c1ccc(Cl)cc1)N(c1cc(Cl)cn(C3CC(O)(CO)C3)c1=O)C2,中毒,10.009384,9.912456,0.147978064,4.250995894
Cc1n[nH]nc1-c1cc(-c2c(Cl)cccc2Br)c2c(c1)S(=O)(=O)N(c1cc(Cl)cn(C3CC(O)(CO)C3)c1=O)C2c1ccc(Cl)cc1,中毒,7.131002,16.862432,0.174634217,4.251389557
Cc1n[nH]nc1-c1cc2c(c(-c3c(Cl)cccc3Cl)c(C)c1=O)C(c1ccc(Cl)c(Cl)c1)N(c1cc(Cl)cn(C3CC(O)(CO)C3)c1=O)C2=O,中毒,7.266821,10.897169,0.163927441,4.251706833
Cc1n[nH]nc1-c1cc2c(c(-c3ccnc4cc(Cl)ccc34)c1)C(c1c[nH]c3cc(Cl)ccc13)N(c1cc(Cl)cn(C3CC(O)(CO)C3)c1=O)C2,中毒,8.389242,10.648614,0.136957146,4.251838458
Cc1n[nH]nc1-c1cc2c(c(N(C)Cc3cnc(Cl)c(Cl)c3)n1)C(c1ccc(Cl)cc1)N(c1cc(Cl)cn(C3CC(O)(CO)C3)c1=O)C2=O,中毒,8.738106,12.110745,0.167854113,4.252701419
Cc1n[nH]nc1-c1cn2c(c1-c1c(Cl)cccc1Cl)C(c1cccnc1)N(c1cc(Cl)cn(C3CC(O)(CO)C3)c1=O)C2=O,中毒,6.9783845,16.230408,0.22296021,4.252894792
Cc1n[nH]nc1-c1cc(-c2c(Cl)cccc2Cl)c2c(c1)N(Cc1cc(-c3ccco3)nc3cc(Cl)ccc13)C(c1ccc(Cl)cc1)NC2c1ccc(Cl)cc1,中毒,3.7309637,28.350534,0.166582252,4.253021117
Cc1n[nH]nc1-c1cn2c(c1-c1c(Cl)cccc1Cl)C(c1ccc(Cl)cc1Cl)N(c1cc(Cl)cn(C3CC(O)(CO)C3)c1=O)C2=O,中毒,6.6971984,16.230408,0.168797117,4.253043151
CN=C1c2cc(-c3n[nH]nc3C)cc(-c3c(Cl)cccc3Cl)c2C(c2ccc(Cl)cc2)N1c1nc(Cl)cn(C2CC(O)(CO)C2)c1=O,中毒,17.051586,15.303033,0.179547933,4.253048729
Cc1n[nH]nc1-c1cc2c(c(-c3c(Cl)cccc3Cl)c1)C(c1ccc(Cl)cc1OC(F)(F)F)N(c1cc(Cl)cn(C3CC(O)(C(=O)O)C3)c1=O)C2,中毒,6.1933956,9.173887,0.150110526,4.253305264
Cc1n[nH]nc1-c1cc2c(c(-c3cc(Cl)ccc3F)c1Cl)C(c1ccco1)N(c1cc(Cl)cn(C3CC(O)(CO)C3)c1=O)C2,中毒,4.586443,8.519041,0.191676122,4.253397982
Cc1n[nH]nc1C1=CC(F)=C2C(=O)C(C(=O)OCCBr)=C(C#Cc3cnc4c(n3)-c3cc5c(F)cccc5n3CC4)C=C12,中毒,78.130325,16.348,0.149569734,4.253595457
Cc1n[nH]nc1-c1cc(-c2c(Cl)cccc2Cl)c2c(c1)C(C)N(c1cc(Cl)cn3c(=O)c(C(=O)O)c(O)c-3c1)C2c1ccc(Cl)cc1,中毒,35.431194,22.484726,0.163786278,4.253947725
Cc1n[nH]nc1-c1cc2c(c(-c3c(Cl)cccc3Cl)c1)C(c1ccc(Cl)cc1)N(C1=Cc3sccc3S(=O)(=O)C(Cl)=C1)C2,中毒,53.48252,15.468769,0.204026655,4.253971647
Cc1n[nH]nc1C1=CC2=C(C(c3c(Cl)cccc3Cl)=C2)C(c2ccc3c(c2)OCO3)C(C(=O)OC(C)(C)C)N1,中毒,53.87747,34.9332,0.375807893,4.253995094
Cc1n[nH]nc1-c1cc2n(c(=O)c1-c1cc(Cl)ccc1Oc1ccccc1Cl)C(c1ccc(Cl)cc1)N(c1cc(Cl)cn(C3CC(O)(CO)C3)c1=O)C2=O,中毒,38.834198,13.503714,0.143436508,4.254075678
Cc1n[nH]nc1-c1cc2c(c(-c3c(Cl)cccc3Cl)c1)C(c1ccc(Cl)cc1)(c1cccc(Cl)c1)N(c1cc(Cl)cn(C3CC(O)(CO)C3)c1=O)C2,低毒,9.036046,9.912456,0.148903497,4.254194684
Cc1n[nH]nc1-c1cc(-c2c(Cl)cccc2Cl)c2c(c1)C1(C)C(=O)N(c3ccc(Cl)cc3)C(c3ccc(Cl)cc3)C21c1ccc(Cl)cc1,中毒,13.941111,9.741929,0.192092804,4.25497201
Cc1n[nH]nc1-c1cc2c(c(-c3c(Cl)cccc3Cl)c1Oc1ccc(Cl)cc1Cl)C(c1ccc(Cl)cc1)N(c1cc(Cl)cn(C3CC(O)(CO)C3)c1=O)C2,中毒,15.763229,12.110745,0.139701263,4.255250308
Cc1n[nH]nc1C1(C)CC(c2ccc(Cl)cc2)c2c(NBr)nc(Cl)nc21,中毒,11.165343,55.352486,0.440486047,4.25548737
Cc1n[nH]nc1C1=Cn2c(C3CC(=O)N(c4ccc5c(c4)CCC5)C3)nc(-c3cc(OC4CC4)nc(N4CC(F)(F)C4)n3)c21,中毒,7.261261,33.968105,0.297714495,4.255772386
Cc1n[nH]nc1-c1cc2c(o1)C(c1ccsc1)N(c1cc(Cl)cn(C3CC(O)(CO)C3)c1=O)C2=O,中毒,13.362017,9.043079,0.372629438,4.256297824
Cc1n[nH]nc1-c1cc2c(c(-c3c(Cl)cccc3Cl)c1)C(c1ccc(Cl)cc1)n1c(=S)sc(=C3C(=O)N(C4CCOCC4)C3=O)c1=N2,中毒,41.112835,56.45815,0.162585852,4.256350454
Cc1n[nH]nc1-c1cc2c(c(-c3c(Cl)cc(F)c(Cl)c3F)c1)C(c1ccc(Cl)cc1)N(c1cc(Cl)cn(C3CC(O)(CO)C3)c1=O)C2,中毒,6.3808517,8.960914,0.122959322,4.25640719
Cc1n[nH]nc1-c1cc2c3c(cnc(-c4ccsc4CO)c3c1)C(c1ccccc1)N(c1cc(Cl)cn(C3CC(O)(CO)C3)c1=O)C2=O,中毒,6.0879226,8.519041,0.17986045,4.256750839
Cc1n[nH]nc1-c1cc2c(c(-c3c(Cl)cccc3Cl)c1)C(c1ccc(Cl)cc1Cl)N(c1cc(Cl)cn(C3CC(O)(CO)C3)c1=O)C=N2,中毒,13.998675,19.79431,0.162145331,4.256768166
Cc1n[nH]nc1-c1cc(-c2c(Cl)cccc2Cl)c2c(c1)C(c1ccc(Cl)cc1)N(N)C(c1ccc(Cl)cc1)C2c1ccc2c(c1)OCO2,中毒,20.477898,8.497589,0.172906154,4.256857441
Cc1n[nH]nc1-c1cc2c(cc1NC(=O)c1cn(-c3cccc(F)c3F)nn1)C(c1ccc(Cl)cc1)N(c1cc(Cl)cn(C3CC(O)(CO)C3)c1=O)C2,中毒,7.266821,12.087409,0.156144325,4.256893526
Cc1n[nH]nc1-c1nc2c(c(-c3c(Cl)cccc3Cl)c1COc1ccc(Cl)cc1)C(c1ccc(Cl)cc1)N(c1cc(Cl)cn(C3CC(O)(CO)C3)c1=O)C2,中毒,14.620968,15.303033,0.131859356,4.257277824
Cc1n[nH]nc1-c1cc(C(=O)O)c(=O)c(-c2c(Cl)cccc2Cl)c2c1CN(c1cc(Cl)cn(C3CC(O)(CO)C3)c1=O)C2c1ccc(Cl)cc1,中毒,17.66382,9.706391,0.146414722,4.257306806
Cc1n[nH]nc1-c1cc2c(c(-c3c(Cl)cccc3Cl)c1)C(c1ccc(Cl)cc1)N(C1=CC(=O)N(C3CC(O)(CO)C3)C(C)(C)C1)C2,中毒,44.71345,17.749989,0.201166669,4.257389571
Cc1n[nH]nc1-c1cc2c(c(-c3c(Cl)cccc3C#Cc3ccc(Br)cc3)c1)C(c1ccc(Cl)cc1)N(c1cc(Cl)cn(C3CC(O)(CO)C3)c1=O)C2,中毒,8.459931,9.912456,0.144995774,4.257478676
Cc1n[nH]nc1-c1cc(-c2c(Cl)cc(Cl)cc2Cl)c2c(c1)S(=O)(=O)N(c1cc(Cl)cn(C3CC(O)(CO)C3)c1=O)C2c1ccc(Cl)cc1,中毒,9.825931,16.862432,0.165620172,4.258214434
Cc1n[nH]nc1-c1nc2c(c(-c3c(Cl)cccc3Cl)c1C(F)(F)F)C(c1ccc(Cl)cc1)N(c1cc(Cl)cn(C3CC(O)(CO)C3)c1=O)C2=O,中毒,36.83937,12.110745,0.163456662,4.258363093
Cc1n[nH]nc1-c1cn2c(c1-c1cc(C(F)(F)F)ccc1Cl)C(c1ccc(Cl)cc1)N(c1cc(Cl)cn(C3CC(O)(CO)C3)c1=O)C2=O,中毒,6.4584956,16.230408,0.173026893,4.258489259
Cc1n[nH]nc1-c1cc2c(c(-c3c(Cl)cccc3Cl)n1)C(c1ccc(Cl)cc1C(F)(F)F)N(c1cc(Cl)cn(C3CC(O)(CO)C3)c1=O)C2=O,中毒,7.4282966,12.110745,0.163456662,4.25906955
Cc1n[nH]nc1-c1cc2c(c(-c3c(Cl)cccc3Cl)c1)C(c1ccc(Cl)cc1F)N(c1cc(Cl)cn(C3CC(N(C)C#N)C3)c1=O)C2,中毒,7.7148004,9.91435,0.140331468,4.25911567
Cc1n[nH]nc1-c1cc2n(c1)C(C1CC(O)C(O)C1)=C(c1cc(Cl)cc(Cl)c1)C2=O,中毒,24.075026,16.85272,0.57192348,4.260047418
Cc1n[nH]nc1-c1cc2c(cc1-c1nc(-c3ccc(F)cc3F)c(Cl)cc1F)C(c1ccc(Cl)cc1)N(c1cc(Cl)cn(C3CC(O)(CO)C3)c1=O)C2,中毒,6.3808517,10.425424,0.149478519,4.260705042
Cc1n[nH]nc1C1=CC2=C=C(c3cn4nc(-c5c(F)cc(F)cc5F)n(-c5cccc(Br)c5)c4c3C(N)=O)C(F)=CC2=C1,中毒,67.21953,47.642063,0.172859413,4.26079516
Cc1n[nH]nc1C1=Cc2c3c([nH]c2=C1c1ccc(F)cc1)=C(Cl)C=C(c1ccc(OCC(N)Cc2cccs2)nc1)C3=O,中毒,24.536518,16.348,0.239894518,4.261069393
Cc1n[nH]nc1-c1cc2c(c(-c3c(Cl)ccc(Cl)c3Cl)c(=O)c1)C(c1ccc(C#N)cc1)N(c1cc(Cl)cn(C3CC(O)(CO)C3)c1=O)C2=O,中毒,17.66382,9.5705185,0.171225404,4.261267007
Cc1n[nH]nc1-c1cc2c(c(=O)n(Cc3c(F)cccc3F)c1=O)C(c1ccc(Cl)c(Nc3ccnc4c(OCCO)cccc34)c1)C(c1ccc(Cl)cc1)C2,中毒,56.532196,12.579511,0.126671102,4.261496465
Cc1n[nH]nc1-c1cc2c(c(-c3c(Cl)cccc3Cl)c1C(F)(F)F)C(c1ccc(Cl)cc1)N(c1cc(Cl)cn(C3CC(O)(CO)C3)c1=O)C2,中毒,11.212927,9.912456,0.161007749,4.26160488
Cc1n[nH]nc1-c1cc2c(c(-c3c(Cl)cccc3Cl)c1)C(c1ccc(Cl)cc1)N(c1cc(Cl)cn(C3CC(O)(CO)C3)c1=O)C=C2C#N,中毒,9.036046,13.489636,0.163556209,4.261704608
Cc1n[nH]nc1-c1cc2c(c(-c3c(Cl)cccc3Cl)c1)C(c1ccc(Cl)cc1)P(N)(=O)N(C1CCC(C(N)=O)CC1)C2,中毒,103.34946,16.6511,0.193009624,4.261855242
Cc1n[nH]nc1-c1cc2c(c(-c3c(Cl)cccc3Cl)n1)C(c1ccc(Cl)cc1)N(c1cc(Cl)cn(C3CC(=O)N(C)C3)c1=O)C2=O,中毒,8.943379,14.0600395,0.217091194,4.261986018
Cc1n[nH]nc1-c1cc2c(c3ncc(Br)c(Cl)c3c1=O)C(c1ccc(Cl)cc1)N(c1cc(Cl)cn(C3CC(O)(CO)C3)c1=O)C2=O,中毒,7.487971,8.871968,0.216929871,4.262184883
Cc1n[nH]nc1-c1cc2c(c(-c3c(Cl)cccc3Cl)c1)C(c1ccc(Cl)cc1)N(c1cc(Cl)cn(C3CN(C(=O)OCC4(O)CCOCC4)C3)c1=O)C2,中毒,11.212927,11.733231,0.17065924,4.262206676
Cc1n[nH]nc1-c1cc(-c2c(Cl)cccc2Cl)c2c(c1)-c1c(nc3cc(-c4cnc(N)nc4)c(-c4cnc(Cl)c(Cl)c4)cc3c1Cl)C2C(F)(F)F,中毒,1.2976553,17.81566,0.170561267,4.262519596
Cc1n[nH]nc1-c1nc2c(c(-c3c(F)cccc3Cl)c1C(F)(F)F)C(c1ccc(Cl)cc1)N(c1cc(Cl)cn(C3CC(O)(CO)C3)c1=O)C2=O,中毒,36.83937,12.110745,0.160277973,4.262860567
Cc1n[nH]nc1-c1cc2c(c(-c3c(Cl)cccc3Cl)c1)C(c1ccc(Cl)cc1C(=O)N1CCOCC1)N(c1cc(Cl)cn(C3CC(O)(CO)C3)c1=O)C2,中毒,10.009384,11.733231,0.162652131,4.263301786
Cc1n[nH]nc1-c1cc2c(c(-c3c(Cl)cccc3Cl)c1)C(=O)C(Cc1ccc(Cl)nc1)N(c1cc(Cl)cn(C3CC(O)(CO)C3)c1=O)C2=O,中毒,22.010965,15.303033,0.168605836,4.263390446
Cc1n[nH]nc1-c1cc2c(c(-c3c(Cl)cccc3Cl)c1)C(=O)C(c1cc(Cl)c(Cl)c(Cl)c1)N(c1cc(Cl)cn(C3CC(O)(CO)C3)c1=O)C2=O,中毒,14.720647,17.379768,0.147396159,4.264088529
Cc1n[nH]nc1-c1cc(-c2c(Cl)cccc2Cl)c2c(c1)S(=O)(=O)N(c1cc(Cl)cn(C3CC(O)(CO)C3)c1=O)C2c1ccc(C#N)cc1,中毒,9.825931,16.862432,0.19794369,4.264454944
Cc1n[nH]nc1-c1cc2c(c(-c3c(Cl)cccc3Cl)n1)C(c1ccc(Cl)cc1OC(F)F)N(c1cc(Cl)cn(C3CC(O)(CO)C3)c1=O)C2=O,中毒,6.6767583,13.503714,0.152841445,4.264547943
Cc1n[nH]nc1-c1cc2c(c(-c3c(Cl)cccc3Cl)c1)C(c1ccc(Cl)cc1)N(c1cc(Cl)cn(C3CC(O)(CS(=O)(=O)C4CC4)C3)c1=O)C2,中毒,41.099983,8.960914,0.164243287,4.264865274
Cc1n[nH]nc1C1(C)N=C(C2CC2)N(C)C(=O)OC1c1ccc(-c2ccc(O)nc2)cc1,中毒,26.65343,72.50008,0.648854515,4.264951172
Cc1n[nH]nc1-c1cc(-c2c(Cl)cccc2Cl)c2c(c1)c1cc(C(=O)NC3CC(O)C(O)C3)c(-c3c(Cl)cccc3Cl)nc1c(=O)n2C,中毒,7.154607,49.72933,0.14417547,4.26497425
Cc1n[nH]nc1-c1cc2c(c(-c3c(Cl)cccc3Cl)c1Oc1ccc(F)cc1F)C(c1ccc(Cl)cc1)N(c1cc(Cl)cn(C3CC(O)(CO)C3)c1=O)C2,中毒,15.763229,12.110745,0.140332215,4.265611083
Cc1n[nH]nc1-c1cn2c(c1-c1c(Cl)ccc(Cl)c1Cl)C(c1ccc(Cl)cc1)N(c1cc(Cl)cn(C3CC(O)(CO)C3)c1=O)C2=O,中毒,5.59523,13.466203,0.157903011,4.265614805
Cc1n[nH]nc1-c1cc(-c2c(Cl)cccc2Cl)c2c(c1)S(=O)(=O)CN(c1cc(Cl)cn(C3CC(O)(CO)C3)c1=O)C2c1ccc(Cl)cc1,中毒,6.7043605,9.912456,0.176149977,4.265626141
Cc1n[nH]nc1-c1cc2c(C(Nc3cc(Cl)cn(C4CC(O)(CO)C4)c3=O)c3ccc(Cl)cc3)c(-c3nc(S(=O)(=O)c4ccccc4)cs3)c1-2,中毒,44.84146,16.882917,0.123297815,4.265758446
Cc1n[nH]nc1-c1cc2c(c(-c3c(Cl)cccc3Cl)c1)C(c1ccc(C#N)c(C(F)(F)F)c1)c1c(cnn(C3CC(O)(CO)C3)c1=O)C2,中毒,20.798986,15.549227,0.191409448,4.266395487
Cc1n[nH]nc1-c1cc(-c2c(Cl)cccc2Cl)c2c(c1)C(c1ccc(Cl)cc1Cl)C(c1ccc(Cl)s1)N2c1cc(Cl)c2c(c1)OCO2,中毒,11.676594,16.230408,0.189545155,4.266616537
Cc1n[nH]nc1-c1cc2c(c(-c3c(Cl)cccc3Cl)c1)C(c1ccc(Cl)cc1)N(I)N(c1cc(Cl)cn(C3CC(O)(CO)C3)c1=O)C2=O,中毒,15.763229,21.252083,0.118858686,4.267264776
Cc1n[nH]nc1-c1cc2c(s1)-c1c(c(C(N)=O)nn1C)C(c1ccc(Cl)cc1)N(c1cc(Cl)cn(C3CC(O)(CO)C3)c1=O)C2=O,中毒,8.790556,11.26672,0.20941128,4.267360292
Cc1n[nH]nc1-c1cc2c(c3ncc(-c4c(Cl)cccc4Cl)c(=O)c-3c1)C(c1ccc(Cl)cc1)N(c1cc(Cl)cn(C3CC(O)(CO)C3)c1=O)C2=O,中毒,5.9177837,8.519041,0.165382724,4.267618396
Cc1cc(Cl)cc(F)c1-c1c2c(cc(-c3n[nH]nc3C)c(=O)c1O)C(=O)N(c1cc(Cl)cn(C3CC(O)(CO)C3)c1=O)C2c1ccc(Cl)cc1,中毒,17.66382,12.087409,0.16778396,4.267839118
Cc1n[nH]nc1-c1cc2c(c(-c3c(Cl)cccc3Cl)c1)C(c1ccc(Cl)cc1)N(c1c[n+]([O-])cn(C3CC(O)(CO)C3)c1=O)C2,中毒,15.0792265,14.759801,0.164048533,4.268133351
Cc1n[nH]nc1-c1cc(-c2c(Cl)ccc(Cl)c2Cl)c2c(c1)S(=O)(=O)N(c1cc(Cl)cn(C3CC(O)(CO)C3)c1=O)C2c1ccc(Cl)cc1,中毒,9.825931,16.862432,0.154931105,4.268419679
Cc1n[nH]nc1-c1cc2c(c(-c3c(Cl)cccc3Cl)c1)C(c1ccc[nH]1)C(=O)N(c1cc(Cl)cn(C3CC(O)(CO)C3)c1=O)C2=O,中毒,34.76664,18.239529,0.178082798,4.268695821
Cc1n[nH]nc1C1=CC2=C(c3c(NC(=O)c4ccc(F)c(Cl)c4F)c(=O)c(C(=O)O)cn3C3CC3)CC3(CCC3)C2=C1,中毒,51.50488,13.208875,0.308692228,4.268946788
Cc1n[nH]nc1-c1cc2n(c(=O)c1-c1c(F)cccc1F)C(c1ccc(Cl)c(Cl)c1)N(c1cc(Cl)cn(C3CC(O)(CO)C3)c1=O)C2=O,中毒,38.834198,13.503714,0.217107164,4.26918856
Cc1n[nH]nc1C1=CC2=C(C(c3c(Cl)cccc3Cl)=C2)C(c2ccc(Cl)cc2)N(c2cc(Cl)cn(C3CC(O)(CO)C3)c2=O)C1=O,中毒,60.922924,16.339403,0.211188498,4.269354595
Cc1n[nH]nc1C1=C(c2cc(Cl)nc(Nc3cncnc3)c2)C(c2ccc(Cl)cc2)N(c2cc(Cl)cn(C3CC(O)(CO)C3)c2=O)C1=O,中毒,34.834694,32.92288,0.16219256,4.269584761
Cc1n[nH]nc1-c1cc2c(c(-c3c(Cl)cccc3Cl)c1Oc1ccc(Cl)cc1F)C(c1ccc(Cl)cc1)N(c1cc(Cl)cn(C3CC(O)(CO)C3)c1=O)C2,中毒,15.763229,12.110745,0.139950385,4.269927231
Cc1n[nH]nc1-c1cc2c(c(-c3c(F)cccc3F)n1)C(c1ccc(Cl)cc1C#N)N(c1cc(Cl)cn(C3CC(O)(CO)C3)c1=O)C2=O,中毒,11.688109,12.110745,0.217351388,4.269985077
Cc1n[nH]nc1-c1cc2c(c(-c3c(Cl)cccc3Cl)c1)C(c1ccc(Cl)cc1)N(c1cc(Cl)nn(C3CCS(=O)(=O)C3)c1=O)C2,中毒,51.236656,16.885387,0.208239752,4.270243261
Cc1n[nH]nc1-c1cc(-c2c(Cl)cccc2Cl)c2c(c1)[N+](=O)N(c1cc(Cl)cn(C3CC(O)(CO)C3)c1=O)C2c1ccc(Cl)cc1,中毒,26.858915,10.425424,0.159928446,4.270454715
CC1=CN(c2cc(Cl)cn(C3CC(O)(CO)C3)c2=O)C(c2ccc(Cl)c(Cl)c2)c2c1cc(-c1n[nH]nc1C)cc2-c1cc(Cl)c(Cl)cc1Cl,中毒,7.8529835,12.110745,0.148417013,4.270863342
Cc1n[nH]nc1-c1sc2cc(S(=O)(=O)Nc3ccc(F)cc3F)c(Cl)cc2c1N1CC(Oc2ccc(I)cc2)C(C)(F)C1,中毒,2.4656422,12.110745,0.168845269,4.271019821
Cc1n[nH]nc1-c1cc2c(c(-c3c(Cl)cccc3Cl)c1)S(=O)(=O)C(c1ccc(Cl)cc1)N(c1cc(Cl)cn(C3CC(O)(CO)C3)c1=O)C2=O,中毒,6.4201846,9.173887,0.179142963,4.271062316
Cc1n[nH]nc1-c1cc2c(c(-c3c(Cl)cccc3Cl)c1)C(N1CCC(c3noc4cc(S(=O)(=O)Nc5ccsn5)ccc34)CC1)C(C)(C)C2,中毒,14.82759,20.118055,0.166791223,4.271142023
Cc1n[nH]nc1-c1cc2c(c(-c3c(Cl)cccc3Cl)c1)C(c1ccc(Cl)cc1)N(c1cc(Cl)cn(C3CC(O)(CO)C3)c1=N)C=N2,低毒,18.307278,16.230408,0.145152428,4.271367352
Cc1n[nH]nc1-c1cc2c(c(-c3c(Cl)cccc3Cl)c1)C(c1ccc(Cl)cc1)N(c1cc(Cl)cn(C3CC(O)(CO)C3)c1=O)C=C2N(C)C,中毒,9.036046,9.719319,0.156750923,4.271377437
Cc1n[nH]nc1-c1cc2c(c(-c3c(Cl)cccc3Cl)c1)S(=O)(=O)CC(c1ccc(Cl)cc1)N(c1cc(Cl)cn(C3CC(O)(CO)C3)c1=O)C2=O,中毒,12.237491,16.862432,0.177544108,4.271592425
Cc1n[nH]nc1-c1cc2c(c(-c3c(Cl)cccc3Cl)c1)CS(=O)(=O)CC(c1ccc(Cl)cc1)N(c1cc(Cl)cn(C3CC(O)(CO)C3)c1=O)C2=O,中毒,26.797838,16.862432,0.173817053,4.271766592
Cc1n[nH]nc1-c1cc2c3c(nc(-c4c(Cl)cccc4Cl)nc(Cl)c1-2)C(=O)N(c1cc(Cl)cn(C2CC(O)(CO)C2)c1=O)C3c1ccc(Cl)cc1,中毒,26.553892,13.503714,0.156604447,4.272562701
Cc1n[nH]nc1-c1cc2c(cc1O)C(=O)C(c1cccnc1OCC(F)(F)F)N(c1cc(Cl)cn(C3CC(O)(CO)C3)c1=O)C2=O,中毒,11.403078,14.418226,0.229428739,4.272626642
Cc1n[nH]nc1-c1cc2c(n1-c1ccc(F)c(Cl)c1F)C(c1ccc(Cl)cc1)N(c1cc(Cl)cn(C3CC(O)(CO)C3)c1=O)C2,中毒,15.763229,11.513729,0.186926579,4.272642371
Cc1n[nH]nc1-c1cc(-c2c(Cl)cccc2Cl)c2c(c1)C(c1ccc(Cl)cc1)N(c1ccc(Cl)cc1Cl)C2c1ccc2c(c1)CS(=O)(=O)N2,中毒,7.3167987,31.85633,0.182289348,4.272761632
Cc1n[nH]nc1-c1cc2c(c(-c3c(Cl)csc3Cl)c1)C(c1ccc(Cl)cc1)N(c1cc(Cl)cn(C3CC(O)(CO)C3)c1=O)C2,中毒,7.6477833,13.447941,0.17110989,4.273400609
Cc1n[nH]nc1-c1cc2c(c(-c3c(Cl)cccc3Cl)c1)C(c1ccc(Cl)s1)N1C(=O)CC(C)(C)C3=C(C=C21)C(=O)N(C)C3=O,中毒,24.536518,15.60461,0.229290729,4.273421296
Cc1n[nH]nc1C1=C(F)C2=C(c3nc(-c4ccc(Cl)c(Cl)c4)ns3)C(c3ccc(Cl)cc3)N(c3ccc(Cl)cn3)C3=C(C(=O)CCC3)C2=C1,中毒,28.345415,10.851185,0.190995612,4.273496858
CC1=C(c2c(Cl)cccc2Cl)C2=C1C=C(c1n[nH]nc1C)C(=O)N(c1cc(Cl)cn(C3CC(O)(CO)C3)c1=O)C2c1ccc(Cl)cc1,中毒,55.294598,15.303033,0.200047066,4.27350293
Cc1n[nH]nc1C1=Cc2c(Cl)c3cc(OC(F)F)c(OC(C)C)cc3c(=O)c3c(C(F)(F)F)cc(NC(C)C(=O)NCCN4CCCCC4)c(c23)C1,中毒,11.4874735,30.987488,0.136417196,4.273642972
Cc1n[nH]nc1-c1cc2c(c(-c3c(Cl)cccc3Cl)c1)S(=O)(=O)C(c1ccc(F)cc1)N(c1cc(Cl)cn(C3CC(O)(CO)C3)c1=O)C2=O,中毒,6.4201846,9.173887,0.194034205,4.273710521
Cc1n[nH]nc1-c1cc2c(c(-c3c(Cl)cccc3Cl)c1)C(c1ccc(Cl)cc1)C1=C(C=C2c2ccccc2)N(CN2CCCCC2)C(=O)C1F,中毒,50.326782,22.553541,0.189467135,4.273834293
Cc1n[nH]nc1-c1cc(-c2c(Cl)cccc2Cl)c2c(c1)N1C(=O)C(c3ccc(Cl)cc3)(c3c[nH]c4ccccc34)C21c1ccc(Cl)cc1Cl,中毒,26.115122,91.03422,0.172487858,4.274018821
Cc1n[nH]nc1-c1cc2c(c(-c3c(Cl)cccc3Cl)c1)C(c1ccc(Cl)cc1Cl)N(c1cc(Cl)cn(C3CC(O)(P(=O)(O)O)C3)c1=O)C2,中毒,8.9422035,14.297296,0.126745535,4.275645903
CC(=O)n1cc(Cl)cc(N2C(=O)c3ccc(C4Cc5cc(-c6n[nH]nc6C)cc(-c6c(Cl)cccc6Cl)c54)c(OCC#Cc4ccc(Cl)cc4)c32)c1=O,中毒,95.92642,15.303033,0.168875553,4.275774984
Cc1n[nH]nc1-c1sc2c(c1-c1nc3cnccc3s1)C(c1ccc(Cl)cc1)N(c1cc(Cl)cn(C3CC(O)(CO)C3)c1=O)C2=O,中毒,62.811436,13.503714,0.198673906,4.276273877
Cc1n[nH]nc1-c1cc2c(c(-c3c(Cl)cccc3Cl)c1)C(c1ccc(Cl)cc1CSc1ccc(Cl)cc1)N(c1cc(Cl)cn(C3CC(O)(CO)C3)c1=O)C2,中毒,11.9282465,9.912456,0.124515696,4.277020435
Cc1n[nH]nc1-c1cc2c(c(-c3c(Cl)cccc3Cl)c1)C(c1ccc(Cl)cc1)S(=O)(=O)N(c1cc(Cl)cn(C3CC(O)(CO)C3)c1=O)C2,中毒,16.842852,23.185871,0.175254825,4.277173625
Cc1n[nH]nc1-c1cc2c(c(-c3c(Cl)cccc3Cl)c1)C(c1ccc(Cl)cc1)N(C(N)=O)N(c1cc(Cl)cn(C3CC(O)(CO)C3)c1=O)C2=O,中毒,15.763229,12.095076,0.157055892,4.277181053
Cc1n[nH]nc1-c1cc2c(c(-c3c(Cl)cccc3Cl)c1)C(c1ccc(Cl)cc1OCc1ccc(Cl)nc1)N(c1cc(Cl)cn(C3CC(O)(CO)C3)c1=O)C2,中毒,6.1933956,9.173887,0.123349201,4.277189868
Cc1n[nH]nc1-c1cc2c(c(-c3c(Cl)cccc3Cl)c1)-c1c(c(C#N)c(N)n(C3CC(O)C(O)C3)c1=O)CC2,中毒,41.755764,42.752293,0.291507903,4.277333947
Cc1n[nH]nc1C1(c2ccc(-c3ncc(Cl)cc3Cl)cc2)C(=O)N(Cc2ccc(C(=O)O)c(O)c2)CC1(c1ccc(Cl)cc1)c1ccc(Cl)cc1F,中毒,11.245935,17.294733,0.141028854,4.277541801
Cc1n[nH]nc1C1=C(c2cc(C#Cc3cncc(Oc4cccc(F)c4)c3)c(Cl)c3c(Cl)c(Br)c(Cl)c(Cl)c3c2=O)C(O)CC1,中毒,10.1392565,18.063963,0.10839355,4.277757527
Cc1n[nH]nc1-c1cc2c(cc1-c1cc(Cl)ccc1Cl)S(=O)(=O)C(c1ccc(Cl)cc1)N(c1cc(Cl)[n+]([O-])c3ccsc13)C2=O,中毒,7.494668,14.3937645,0.111942383,4.27804434
Cc1n[nH]nc1-c1cc2c(=O)n(C3CC3)c(=O)c3c(Cl)cc(-c4cnc(N)c(OC(C)(C)C)c4)c-3c3c(=O)n(C4CC4)nc(Cl)c3c-2c1,中毒,10.863958,12.19109,0.220927527,4.278204294
Cc1n[nH]nc1-c1cc(-c2c(Cl)cccc2Cl)c2c(c1)C(c1cccs1)N(c1cc(Cl)cn3c(=O)c(C(=O)O)cnc13)C2c1ccc(Cl)cc1,中毒,20.18954,18.39298,0.17352913,4.278316918
Cc1n[nH]nc1-c1cc2c(c(-c3c(Cl)cccc3Cl)c1)C(c1ccc(Cl)cc1)N(c1cc(Cl)cn(C3CC(O)=C(O)C3)c1=O)C=N2,低毒,17.356686,19.79431,0.168894398,4.278411511
Cc1n[nH]nc1-c1cc2c(c(-c3c(Cl)cccc3Cl)c1)C(=Cc1ccncc1)C(c1ccc(Cl)cc1)N(c1cc(Cl)cn(C3CC(O)(CO)C3)c1=O)C2,中毒,28.184814,17.693075,0.147868781,4.278471291
Cc1n[nH]nc1-c1cc2c(c(-c3c(Cl)cccc3Cl)c1)C(c1ccc(Cl)cc1)N(c1ccn(-c3ccn(C4CC(O)(CO)C4)c3C)c1)C(=O)C2,中毒,10.816237,86.10111,0.154195735,4.278927022
Cc1n[nH]nc1-c1cc2c(cc1-c1nc(-c3c(Cl)cccc3Cl)c(Cl)cc1Cl)C(c1ccc(Cl)cc1)N(c1cc(Cl)cn(C3CC(O)(CO)C3)c1=O)C2,中毒,8.459931,9.912456,0.146648382,4.27904184
Cc1n[nH]nc1C1=C2C(=O)N(c3cc(Cl)cn(C4CC(O)(CO)C4)c3=O)C2(c2ccc(Cl)cc2)C(c2c(Cl)cccc2Cl)=C1,中毒,32.17651,13.503714,0.224910326,4.279101623
Cc1n[nH]nc1C1=C(I)C(c2ccc(F)cc2)C2=C3C(N)=NC(c4ccc(Cl)c(Cl)c4)=CC(CO)=C3C2=C1,中毒,104.65986,14.947762,0.281316385,4.279104746
Cc1n[nH]nc1-c1cc2c(n1-c1cc(Cl)cc(Cl)c1)C(c1ccsc1)N(c1cc(Cl)cn(C3CC(O)(CO)C3)c1=O)C2=O,中毒,14.882899,11.513729,0.219317995,4.279590001
Cc1n[nH]nc1-c1cc2c(c(-c3c(Cl)cccc3Cl)c1)C(c1cccc(Br)c1)N(C1=CC3=C(C(=O)N(C)C(=O)C3=O)N(C(=O)C3CC3)C1)C2,中毒,51.64608,19.131111,0.185505623,4.279761174
Cc1n[nH]nc1-c1cc2c(c(-c3c(Cl)cccc3Cl)c1)C(c1ccc(Cl)cc1)N(c1cc(Cl)cn(C3CC(O)(CO)C3)c1=O)C2=[N+]=[N-],中毒,7.4282966,16.862432,0.129830248,4.280139628
Cc1n[nH]nc1-c1cc(-c2c(Cl)cccc2Cl)c2c(c1)C(O)N(c1cc(Cl)cn(C3CS(=O)(=O)C3)c1=O)C2c1ccc(Cl)cc1,中毒,39.76092,9.912456,0.206870879,4.280276668
Cc1n[nH]nc1-c1cc2c(c(-c3c(Cl)cccc3Cl)c1)C(c1ccc(Cl)cc1)N(C1=CC(=O)N(C3CCS(=O)(=O)C3)C1)C2,中毒,16.329096,18.537016,0.274243336,4.280497627
Cc1n[nH]nc1-c1cc2c(c(-c3c(Cl)cccc3Cl)c1)C(c1ccc(Cl)cc1)N(c1cc(Cl)cn(C3CC(O)(CO)C3)c1=O)C=C2CF,中毒,9.036046,13.489636,0.156182636,4.280563276
Cc1n[nH]nc1C1(c2cc(NC(=O)c3ccc(Br)cc3F)ccc2F)C=C(Cl)C(=O)N(C(C)CO)CC1C,中毒,34.098186,29.872845,0.376674855,4.280747582
Cc1n[nH]nc1-c1cc2c(c(-c3c(F)cccc3F)c1)S(=O)(=O)C(c1ccc(Cl)cc1)N(c1cc(Cl)cn(C3CC(O)(CO)C3)c1=O)C2=O,中毒,6.4201846,9.173887,0.210279248,4.280794624
Cc1n[nH]nc1-c1cc(-c2c(Cl)cccc2Cl)c2c(c1)C(c1ccc(Cl)cc1)N(c1cc3c(cc1F)c(=O)c(C(=O)O)cn3Cl)C2c1ccc(Cl)cc1,中毒,16.582027,16.353354,0.173447647,4.281035992
Cc1n[nH]nc1-c1cc2c(c(-c3c(Cl)cccc3Cl)c1)C(c1cc(Cl)c(Cl)cn1)N(c1cc(Cl)cn(C3CC(O)(CO)C3)c1=O)C2,中毒,7.091366,13.447941,0.167034827,4.28209522
Cc1n[nH]nc1-c1cc2c(c(-c3c(Cl)cccc3Cl)c1)C(c1ccc(F)cc1)N(C1=CC(=O)N(C3(C(=O)O)CC(O)C3)C1=O)C(C)(C)C2,中毒,26.619724,16.45645,0.214374235,4.282241707
Cc1n[nH]nc1-c1c(C2(C)CCN(C(=O)N(C)C3CCOC3)C2)c(F)cc2c(=O)c(C(=O)O)cn(C3CC3)c12,中毒,8.803864,14.2372675,0.509998582,4.28239859
Cc1n[nH]nc1-c1cc2c3c(nc(Nc4ccc(Cl)c(Cl)c4)c-3s1)C(c1ccc(Cl)cc1)N(c1cc(Cl)cn(C3CC(O)(CO)C3)c1=O)C2=O,中毒,10.747536,13.503714,0.129370368,4.282563896
Cc1n[nH]nc1-c1cc2c(c(-c3c(Cl)cccc3Cl)c1)C(c1ccc(Cl)cc1Sc1ccc(Cl)cc1)N(c1cc(Cl)cn(C3CC(O)(CO)C3)c1=O)C2,中毒,11.212927,9.912456,0.140311654,4.282649231
Cc1n[nH]nc1C1=C(C(C)C)C(=O)C(=O)C2=C1C(c1ccc(Cl)cc1)N(c1cc(Cl)cn(C3CC(O)(CO)C3)c1=O)C2,中毒,24.817047,13.503714,0.283211246,4.282672094
Cc1n[nH]nc1-c1cc(-c2c(Cl)cccc2Cl)c2c(c1)N(C=O)N(c1cc(Cl)cn(C3CC(O)(CO)C3)c1=O)C2c1ccc(Cl)cc1,中毒,20.573853,10.425424,0.159148818,4.282727062
Cc1n[nH]nc1C1=CC2=CC(Cl)=CC=C3CN(c4cc(Cl)c(O)c(Cl)c4)C3C2=C1c1ccc(Cl)c(Cl)c1,中毒,11.34588,25.906359,0.323103631,4.282763921
Cc1n[nH]nc1OC1C(O)C(O)C1NCc1ccc(=O)[nH]c1,低毒,44.302025,42.781815,0.450550971,4.282964951
Cc1n[nH]nc1-c1cc(-c2c(Cl)cccc2Cl)c2c(c1)C(O)N(c1cc(Cl)cn(C3CC(N(C)C)C3)c1=O)C2c1ccc(Cl)cc1,中毒,16.649076,9.912456,0.186711872,4.282986362
Cc1n[nH]nc1-c1nc2c(c(-c3c(Cl)ccc(Cl)c3Cl)c1C(N)=O)C(c1ccc(Cl)cc1)N(c1cc(Cl)cn(C3CC(O)(CO)C3)c1=O)C2=O,中毒,51.50488,12.110745,0.141618701,4.284052257
Cc1n[nH]nc1-c1cc2c(-c3ccc4c(n3)-c3cc5c(F)cccc5nc3C(F)(F)C(C)C4)cc(F)c3c(=O)c(C(=O)O)cn1c23,中毒,29.52454,11.664629,0.21444619,4.284054293
Cc1n[nH]nc1-c1cc2c(o1)C(c1ccc(Cl)s1)N(c1cc(Cl)cn(C3CC(O)(CO)C3)c1=O)C2=O,中毒,12.727654,22.6077,0.345849088,4.28525618
Cc1n[nH]nc1-c1ccc2c(c1)S(=O)(=O)C(c1ccc(Cl)cc1Cl)N(c1cc(Cl)cn(C3CC(O)(CO)C3)c1=O)C=C2,中毒,8.937128,20.186857,0.276930959,4.285434454
Cc1n[nH]nc1-c1cc2c(c(-c3c(Cl)cccc3Cl)c1)C(c1ccc(Cl)cc1)N(c1cc(Cl)cn(C3CC(O)(CO)C3)c1=O)C1=C2C(=O)OC1,中毒,59.929935,13.503714,0.155894687,4.285739611
Cc1n[nH]nc1-c1cc2c(c(-c3c(Cl)cccc3Cl)c1)C(c1ccc(Cl)cc1)N(c1cc(Cl)cn(C3CC(O)(CO)C3)c1=O)C2=NCCO,中毒,7.4282966,13.16881,0.140158771,4.285813055
Cc1n[nH]nc1S(=O)(=O)N(C#N)c1ccc(-c2ccc3oc4c(c3c2)C(Cc2ccc(F)cc2)C(N)C4)nc1,中毒,17.272402,60.988663,0.240980939,4.28619069
Cc1n[nH]nc1-c1cc2c(c(-c3c(Cl)cccc3Cl)c1Oc1ccc(Br)cc1)C(c1cc3ccccc3nc1OCCN1CCOCC1)C(C#N)=C(N)S2(=O)=O,中毒,13.576552,13.503714,0.143721811,4.286641068
Cc1n[nH]nc1-c1cn2c(c1-c1c(Cl)ccc(F)c1Cl)C(c1ccc(Cl)cc1)N(c1cc(Cl)cn(C3CC(O)(CO)C3)c1=O)C2=O,中毒,5.59523,13.466203,0.166983738,4.286676222
Cc1n[nH]nc1-c1cc(-c2c(Cl)cccc2Cl)c2c(c1)C(c1ccc(Cl)cc1)N(C)C(c1ccc(Cl)cc1)NC2c1ccc2c(c1)OCO2,中毒,16.258173,23.758667,0.184101835,4.286686282
Cc1n[nH]nc1-c1cc2c(c(-c3c(Cl)cccc3Cl)c(O)c1=O)C(c1ccc(Cl)cc1)N(c1cc(Cl)cn(C3CC(O)(CO)C3)c1=O)C=C2,中毒,7.487971,12.110745,0.146939593,4.286738523
Cc1n[nH]nc1-c1c2c(cc3c(-c4cnn(C5CC5)c4)cccc3c1=O)C(c1ccc(Cl)cc1)N(c1cc(Cl)cn(C3CC(O)(CO)C3)c1=O)C2=O,中毒,18.215044,22.638172,0.186488732,4.286835569
Cc1n[nH]nc1-c1cc2c(c(-c3[nH]c4cc(Cl)c(Cl)cc4c3Cl)c1)C(c1ccc(Cl)cc1)N(c1cc(Cl)cn(C3CC(O)(CO)C3)c1=O)C2,中毒,15.809174,8.519041,0.135228862,4.286897502
Cc1n[nH]nc1-c1cc2c(c(-c3c(Cl)cccc3Cl)c1)C(c1ccc(Cl)cc1)S(=O)(=O)N(c1cc(Cl)cn(C3CC(O)(CO)C3)c1=O)C2=O,中毒,11.176486,21.252083,0.180478964,4.286974111
Cc1n[nH]nc1-c1cc2c(c(-c3c(Cl)cccc3Cl)c1)C(c1ccc3[nH]c(=O)n(C)c3c1)N(c1cc(Cl)cn(C3CC(O)(CO)C3)c1=O)C2,中毒,8.459931,9.912456,0.167478797,4.287227991
Cc1n[nH]nc1-c1cc(-c2c(Cl)cccc2Cl)c2c(c1)C(CO)N(C1CC1)C(c1ccc(Cl)cc1)C2c1ccc2c(c1)OCO2,中毒,70.89619,10.156895,0.190199147,4.287245086
Cc1n[nH]nc1-c1cc2c(c(-c3sc4cc(Cl)ccc4c3Cl)cc1=O)C(c1ccc(Cl)cc1)N(c1cc(Cl)cn(C3CC(O)(CO)C3)c1=O)C2=O,中毒,7.703933,16.862432,0.158104428,4.287293253
Cc1n[nH]nc1C1=CC2=C(c3nc(-c4c(Cl)cccc4Cl)c(Nc4ccc(OC(F)F)cc4)cc32)C(c2ccc(Cl)cc2)C(C(=O)O)C1,中毒,23.352907,10.982025,0.147290132,4.287508759
Cc1n[nH]nc1-c1cc2c(c(-c3c(Cl)ccc(Cl)c3Cl)c1C(N)=O)C(c1ccc(Cl)cc1)N(c1cc(Cl)cn(C3CC(O)(CO)C3)c1=O)C2,中毒,6.4201846,8.519041,0.128873924,4.287674624
Cc1n[nH]nc1-c1cc2c(c(-c3c(Cl)cccc3Cl)c1)C(c1ccc(Cl)cc1)(c1ccc(I)cc1)N(c1cc(Cl)cn(C3CC(O)(CO)C3)c1=O)C2,中毒,9.036046,9.912456,0.1382326,4.287894895
Cc1n[nH]nc1-c1cc2c(c(-c3c(CO)cnc4cc(Cl)ccc34)c1)C(c1ccc(Cl)cc1)N(c1cc(Cl)cn(C3CC(O)(CO)C3)c1=O)C=C2,中毒,8.389242,10.648614,0.134262553,4.288087132
Cc1n[nH]nc1-c1cc2c(c(-c3c(Cl)cccc3Cl)c1)CN(C(=O)CCl)C(c1ccc(Cl)cc1)N(c1cc(Cl)cn(C3CC(O)(CO)C3)c1=O)C2=O,中毒,7.220436,9.440244,0.147689163,4.288157395
Cc1n[nH]nc1-c1nc2c(c(-c3c(Cl)cccc3Cl)c1OC(F)(F)F)C(c1ccc(Cl)cc1)N(c1cc(Cl)cn(C3CC(O)(CO)C3)c1=O)C2=O,中毒,32.17651,12.110745,0.155766126,4.288422077
Cc1n[nH]nc1-c1cc(-c2c(Cl)cccc2Cl)c2c(c1)-c1c(c(=O)c(C(=O)O)cn1C1CC(O)C(O)C1)SC2,中毒,9.435932,16.417507,0.26398316,4.288576007
Cc1n[nH]nc1C1=CC2=C1C(c1cccnc1Cl)N(c1cc(Cl)cn(C3CC(O)(CO)C3)c1=O)C2=O,中毒,32.17651,9.173887,0.433934968,4.288683103
Cc1n[nH]nc1-c1cc2c(c(-c3c(Cl)cccc3Cl)c1)C(c1ccc3c(c1)N(c1cc(Cl)cn(C4CC(O)(CO)C4)c1=O)C3(C)C)C2,中毒,9.036046,18.206211,0.168855759,4.289431348
Cc1n[nH]nc1-c1cc(-c2c(Cl)cccc2Cl)c2c(c1)C1Nc3cc(N(C)C)ccc3C1N(c1ccc(Cl)cc1)C2c1ccc(Cl)cc1,中毒,46.244698,23.993782,0.186377161,4.289706727
Cc1n[nH]nc1-c1cc2c(c(-c3c(Cl)cccc3Cl)c1)C(c1ccc(C#N)c(Oc3cccnc3)c1)N(c1cc(Cl)cn(C3CC(O)(CO)C3)c1=O)C2,中毒,9.036046,13.489636,0.140913302,4.29016483
Cc1n[nH]nc1-c1cc2c(c(-c3c(Cl)cccc3Cl)c1C)C(c1ccc(Cl)cc1)N1c3cc(Cl)c[n+]([O-])c3C21,中毒,14.343352,16.899216,0.169520777,4.290913975
Cc1n[nH]nc1-c1cc2c(c(-c3c(Cl)cccc3Cl)c(=O)c1OC1CC1)C(c1ccc(Cl)cc1)N(c1cc(Cl)cn(C3CC(O)(CO)C3)c1=O)C2=O,中毒,14.647821,14.418226,0.153487005,4.291082395
Cc1n[nH]nc1-c1cc(-c2c(Cl)cccc2Cl)c2c(c1)C1C(=O)N(c3ccc(Cl)cc3F)C(c3ccc(Cl)cc3)C21c1ccc(Cl)cc1,中毒,13.941111,13.719847,0.19181868,4.291460697
CC(=O)Oc1cc2c(cc1Cl)-c1c(cc(-c3n[nH]nc3C)cc1-c1c(Cl)cccc1Cl)C(=O)C2Nc1cc(Cl)cn(C2CC(O)(CO)C2)c1=O,中毒,13.776948,14.643528,0.099398942,4.291790752
Cc1n[nH]nc1-c1cc2c(c(-c3c(Cl)cccc3Cl)c1P(=O)(Nc1ccc(Cl)c(Cl)c1)C(Cl)(Cl)Cl)C(c1ccc(Cl)cc1)C2,中毒,14.291402,13.495113,0.133383253,4.291923316
Cc1n[nH]nc1-c1cc2c(c(-c3c(Cl)cccc3Cl)c1)C(c1ccc(Cl)cc1)N(c1cc(Cl)cn(C3CCN(C(=O)C(O)CO)CC3)c1=O)C2,中毒,14.421551,9.719319,0.166027021,4.292472366
Cc1n[nH]nc1-c1cc2c(c(-c3c(Cl)cccc3Cl)cc1=O)C(c1cccnc1Cl)N(c1cc(Cl)cn(C3CC(O)(CO)C3)c1=O)C2=O,中毒,7.4723067,8.597157,0.186158069,4.292717755
Cc1n[nH]nc1-c1cc2c(c(-c3c(Cl)cccc3Cl)c1F)C(c1ccc(Cl)cn1)N(c1cc(Cl)cn(C3CC(O)(CO)C3)c1=O)C2,中毒,7.091366,13.447941,0.175771019,4.292967696
Cc1n[nH]nc1-c1cc2c(c(-c3c(Cl)cccc3Cl)c1)CS(=O)(=O)C(c1ccc(Cl)cc1)N(c1cc(Cl)cn(C3CC(O)(CO)C3)c1=O)C2=O,中毒,6.965843,10.648614,0.175225166,4.293024866
Cc1n[nH]nc1-c1cc2c(c(-c3c(Cl)cccc3Cl)c1)C(c1ccc(Cl)cc1)(N(C)c1cc(Cl)cn(C3CC(O)(CO)C3)c1=O)c1ccc(Cl)cc1-2,低毒,6.4584956,9.62783,0.148849914,4.293045664
Cc1n[nH]nc1-c1cc2c(c(-c3c(Cl)cccc3Cl)c1)C(c1cc3c(cc1Cl)OCO3)C1=C(CCC(O)=C1)C2=N[N+](=O)[O-],中毒,18.543087,10.779784,0.172318359,4.293113135
CNc1c(F)c2c(c(=O)n1C1CC(O)(C(=O)O)C1)NC(c1ccc(Cl)cc1)c1c(cc(-c3n[nH]nc3C)cc1-c1c(Cl)cccc1Cl)C2,中毒,14.271276,14.025436,0.126735445,4.293153961
Cc1n[nH]nc1-c1cc2c(c(-c3nc(Cl)c(Cl)cc3Cl)c1Nc1ccc3c(n1)OCC(C)N(C1CCOCC1)C3=O)C2,中毒,11.415545,15.02669,0.220017951,4.293224268
Cc1n[nH]nc1-c1cc(-c2c(Cl)cccc2Cl)c2c(c1)S(=O)(=O)N(c1cc(Cl)cn(C3CC(O)(CO)C3)c1=O)C2c1ccc2c(c1)OCO2,中毒,9.825931,13.503714,0.199766176,4.293260669
Cc1n[nH]nc1-c1cc2c(c(-c3c(Cl)ccc(Cl)c3Cl)c(Cl)c1=O)C(c1ccc(Cl)cc1)N(c1cc(Cl)cn(C3CC(O)(CO)C3)c1=O)C2=O,中毒,7.266821,9.043079,0.1497767,4.293560623
Cc1n[nH]nc1-c1cc2c(cc1-c1cc(Cl)ccc1Oc1ccc(Cl)cc1)N(c1cc(Cl)cn(C3CC(O)(CO)C3=O)c1=O)C2=O,中毒,33.571957,16.862432,0.192889933,4.29364219
Cc1n[nH]nc1C1CC(Oc2ccc(C(C)(C)C)cc2)C(=O)N(c2cc(Cl)cn(C3CC(O)(CO)C3)c2=O)C1,中毒,25.667223,16.339403,0.424892104,4.293664442
COc1cc2c(C)c(-c3ccc(OC(C)(CO)C(=O)O)c(Cl)c3)c(-c3cc(Cl)c(Cl)s3)nc2c2c1C=C(c1n[nH]nc1C)C2,中毒,15.540574,14.2372675,0.15343357,4.294256352
Cc1n[nH]nc1-c1cc2c(c(-c3c(Cl)cccc3Cl)c1)C(c1ccc(Cl)cc1)c1c(OCC3CC3)nc3cc(Cl)ccc3c1C(c1ccsc1)N2,中毒,46.842144,41.34102,0.168843332,4.294370555
Cc1n[nH]nc1-c1cc2c(c(-c3c(Cl)cccc3Cl)c1)C(c1ccc(Cl)cc1)N(c1ccc(Cl)cc1)C1c3cc(Cl)cnc3OC1C2,中毒,48.159336,25.461502,0.196474571,4.294778584
Cc1n[nH]nc1C1=NC2=C(Oc3cccc(Cl)c3)C(c3ccc(Cl)cc3)N(c3cc(Cl)cn(C4CC(O)(CO)C4)c3=O)C(=O)C2=C1,中毒,32.639378,15.303033,0.246429634,4.29516127
Cc1n[nH]nc1C1=Cc2c(C(=O)Nc3cnc4c(F)c(-c5ccc(CN6CC(F)(F)C6)c(Cl)c5)cnc4c3)cn(C3CCCO3)c(=O)c21,中毒,11.768821,10.5860195,0.224148699,4.295559776
Cc1ccc(Cl)cc1N1C(=O)C2c3cc(-c4n[nH]nc4C)cc(-c4c(Cl)cccc4Cl)c3C(c3cc4c(cc3Br)OCO4)C2C1=O,中毒,5.716955,44.463554,0.185767262,4.295984404
Cc1n[nH]nc1-c1cc(-c2c(Cl)cccc2Cl)c2c(c1)C1C(=O)N(c3ccc(Cl)cc3)C(c3ccc(Cl)cc3)C21c1ccc(Cl)c(Cl)c1,中毒,13.941111,9.091171,0.190809451,4.296230494
Cc1n[nH]nc1-c1cc2c(c(-c3c(Cl)cccc3Cl)c1F)C(c1ccc(Cl)cc1)N(c1cc(Cl)cn(C3CC(O)(CO)C3)c1=O)N=C2,中毒,15.809174,16.882917,0.169217694,4.296252957
Cc1n[nH]nc1C1=CC2=C1C(c1cc(Cl)c(Cl)cc1Oc1cc(Cl)cc(Cl)c1)N(c1cc(Cl)cn(C3CC(O)(CO)C3)c1=O)C2=O,中毒,15.540574,13.503714,0.189703098,4.296333642
Cc1n[nH]nc1-c1cc2c(c(-c3nc(-c4c(Cl)ccc(Cl)c4Cl)cs3)c1)C(c1ccc(Cl)cc1)N(c1cc(Cl)cn(C3CC(O)(CO)C3)c1=O)C2,中毒,27.530386,33.968105,0.137871127,4.296560801
Cc1n[nH]nc1-c1cc2c(c(-c3c(Cl)cccc3Cl)c1)S(=O)(=O)C(c1ccc(Cl)cc1)N(c1cc(Cl)cn(C3CC(O)(CO)C3)c1=O)C2,中毒,7.2678275,11.733231,0.172935803,4.296657142
Cc1n[nH]nc1-c1cc2c(c(-c3c(Cl)cccc3Cl)c1)S(=O)(=O)C(c1ccc(Cl)cc1)N(c1cc(Cl)cn(C3CC(O)(Cl)C3)c1=O)C2=O,中毒,13.220355,9.173887,0.175740494,4.296822127
Cc1n[nH]nc1-c1cc2c(=O)n3c4c(Cl)cc(c5c(=O)n(CCN(C)C)c(=O)c53)C(=O)CCc4c2c1Cl,低毒,37.214184,50.160458,0.372740781,4.296850356
Cc1n[nH]nc1-c1cc2c(c(-c3c(Cl)cccc3Cl)c1)C(c1ccc3c(c1)OC(c1ccccc1Cl)N(c1cc(Cl)c4nonc4c1)C3=O)C2,中毒,11.4221115,17.028948,0.187117561,4.296942947
Cc1n[nH]nc1C1=CC2=CC(=O)C(c3c(Cl)cccc3Cl)=C2C(c2ccc(Cl)cc2)N(c2cc(Cl)cn(C3CC(O)(CO)C3)c2=O)C1=O,中毒,52.703655,16.108849,0.218924704,4.297188084
Cc1n[nH]nc1-c1cc2c(c(-c3c(Cl)cccc3Cl)c1)S(=O)(=O)CC(c1cccc(Cl)c1)N(c1cc(Cl)cn(C3CC(O)(CO)C3)c1=O)C2=O,中毒,12.237491,16.862432,0.177544108,4.298565334
Cc1n[nH]nc1-c1cc2c(c(-c3c(Cl)cccc3Cl)c1)S(=O)(=O)C(c1ccc(Br)cc1)N(c1cc(Cl)cn(C3CC(O)(CO)C3)c1=O)C2=O,中毒,6.4201846,9.173887,0.175086157,4.298573085
Cc1n[nH]nc1-c1cc(-c2c(Cl)cccc2Cl)c2c(c1)C1C(=O)N(c3ccc(Cl)cc3)C(c3cc(Cl)ccc3Cl)N1C2c1ccc(Cl)cc1,中毒,22.079004,15.468769,0.189783452,4.298668726
Cc1n[nH]nc1-c1cc2c(c(-c3c(Cl)ccc4ccn(CC(=O)O)c34)c1)C(c1ccc(Cl)cc1)N(c1cc(Cl)cn(C3CC(O)(CO)C3)c1=O)C2,中毒,8.459931,9.719319,0.13336566,4.298805233
Cc1n[nH]nc1C1=C(C(C)(C)C)C2=C(F)C(F)=C(C3=NS(=O)(=O)c4cc(F)c(-c5cnn(C)c5)cc4C=N3)C(=O)C2=C1,中毒,10.325164,9.939742,0.470125504,4.300304274
Cc1n[nH]nc1C1=CC2=C3C(=O)N(c4cc(Cl)c(=O)n(C)c4)C(c4ccc(Cl)cc4)C3=C(c3cnn(Cc4ccnc(F)c4)c3)C2=C1,中毒,6.106106,9.612624,0.230511792,4.300321292
Cc1n[nH]nc1-c1cc2c(c(C3=C(Cl)C=CCc4ccccc43)c1)C(Nc1cc(Cl)cn(C3CC(O)(CO)C3)c1=O)C2,中毒,29.606066,31.16672,0.23267847,4.300376524
Cc1n[nH]nc1-c1cc2c(s1)C(c1ccc(Cl)cc1)C(c1ccc(Cl)cc1)N(c1cc(Cl)cn(C3CC(O)(CO)C3)c1=O)C2=O,中毒,18.205946,16.862432,0.186563017,4.300422347
CC1=C(c2n[nH]nc2C)C=C2C(=O)C(=O)C(SS(=O)(=O)c3ccc(Cl)cc3)=C3CN(c4ccc(F)cc4)C(c4ccc5c(c4)OCO5)C3=C21,中毒,17.475342,9.114193,0.176024344,4.300560674
Cc1n[nH]nc1-c1cc(-c2c(Cl)cccc2Cl)c2c(c1)C(c1ccc(C(F)(F)F)cc1)N(C)C(c1ccc(Cl)cc1)C2c1ccc2c(c1)OCO2,中毒,20.477898,13.348358,0.190245802,4.300621317
Cc1n[nH]nc1-c1cc2c(c(-c3c(Cl)cccc3Cl)c1)C(c1cc3c(cc1C#N)N(c1cc(Cl)cn(C4CC(O)(CO)C4)c1=O)C3=O)C2,中毒,22.767847,15.303033,0.183821143,4.300624699
Cc1n[nH]nc1-c1cc(-c2c(CO)cnc3c2cnn3-c2ccc(Cl)cc2)c2c(c1)C(c1ccc(Cl)cc1Cl)C(c1ccc(Cl)cc1)C(C#N)=C2N,中毒,41.27734,42.34145,0.153204347,4.30097115
Cc1n[nH]nc1C1=Cc2c(cc(-c3cnc(N)nc3OC3CC(O)(CO)C3)nc2C2CCOC2)C1=O,中毒,42.06066,12.22625,0.386571074,4.301069683
Cc1n[nH]nc1C1=NC2=C(c3cc(Cl)cc(Cl)c3)C(c3ccc(Cl)cc3)N(c3cc(Cl)cn(C4CC(O)(CO)C4)c3=O)C(=O)C2=C1,中毒,26.415432,15.303033,0.230459611,4.30144522
Cc1n[nH]nc1-c1cc2c(c(-c3c(Cl)cccc3Cl)c1)C(c1cccs1)N(c1cc(Cl)cn(C3CC(O)(CO)C3)c1=O)C2=NO,中毒,12.391358,13.503714,0.119426812,4.301493791
Cc1n[nH]nc1-c1cc2c(c(-c3c(Cl)cccc3Cl)c1)C(c1ccc3c(c1)S(=O)(=O)N(c1cc(Cl)cn(C4CC(O)(CO)C4)c1=O)C3=O)C2,中毒,7.4861026,18.239529,0.201337953,4.301860355
Cc1n[nH]nc1-c1cc(-c2c(Cl)cccc2Cl)c2c(c1)C(c1ccc(-c3ncnc4[nH]ccc34)cc1)NS(=O)(=O)C2c1ccc(Cl)cc1,中毒,34.404057,42.664463,0.164288531,4.302193104
Cc1n[nH]nc1-c1cc2c(c3c(c1=O)C(c1ccc(Cl)cc1)N(c1cc(Cl)cn(C4CC(O)(CO)C4)c1=O)C3=O)C(=O)C(C)(C)C2,中毒,28.5805,26.588243,0.287293233,4.302521147
CC1=C(c2c(Cl)cccc2Cl)C(c2ccc(Cl)cc2)c2nc(-c3ccc(F)cc3)c(C(C)(C)C(=O)N3CC(N)C3)n2C2=C1C=C2c1n[nH]nc1C,中毒,46.08258,15.055594,0.181881267,4.30279997
Cc1n[nH]nc1-c1cc2c(c(-c3c(Cl)cccc3Cl)c1)C(c1ccc(Cl)cc1)N(c1cc(Cl)cn(C3CC(O)(CO)C3)c1=O)C=C2OCC(N)=O,中毒,33.033947,15.303033,0.129171609,4.30303009
Cc1n[nH]nc1-c1cc(-c2c(Cl)cccc2Cl)c2c(c1)C1C(=O)N(c3ccc(Cl)cc3)C(c3ccc(Cl)cc3)C21c1cc(Cl)ccc1F,中毒,13.941111,13.719847,0.19181868,4.303384679
Cc1n[nH]nc1-c1cc2c(c(-c3cc(C(F)(F)F)ccc3Cl)c1Cl)C(c1ccc(Cl)c(Cl)c1)N(c1cc(Cl)cn(C3CC(O)(CO)C3)c1=O)C2,中毒,7.8529835,8.960914,0.158729859,4.303425755
Cc1n[nH]nc1-c1cc2c(c(-c3c(Cl)cccc3Cl)c1)C(c1ccc(Cl)cc1)N(c1cc(Cl)cn3c(=O)c(O)c(N(C)S(C)(=O)=O)c-3c1I)C2,中毒,82.413086,40.000984,0.161045081,4.303615167
Cc1n[nH]nc1-c1cc2c(C(c3ccc(Cl)cc3)N(C)c3cc(Cl)cn(C4CC(O)(CO)C4)c3=O)c(-c3ccc(OCCCN4CCOCC4)c(F)c3)c1-2,中毒,8.411596,8.911559,0.113975464,4.304392863
Cc1n[nH]nc1-c1cc2c(c(-c3c(Cl)cccc3Cl)c1)C1=C(CCCC1=O)C(c1ccc(Cl)cc1)N(c1cc(Cl)cn(C3CC(O)(CO)C3)c1=O)C2,中毒,16.816341,16.023859,0.157953956,4.304516918
Cc1n[nH]nc1-c1cc2c(c(-c3c(Cl)cccc3Cl)c1)C(c1ccc(Cl)cc1)N(c1cc(Cl)cn(C3CC(O)(C(O)(CO)CO)C3)c1=O)C2,中毒,6.3808517,8.960914,0.127970998,4.304529812
Cc1n[nH]nc1-c1cc2c(c(-c3c(Cl)cccc3Cl)c1)C(c1ccc(Cl)cc1)N(C#N)N(c1cc(Cl)cn(C3CC(O)(CO)C3)c1=O)C2=O,中毒,15.763229,13.368444,0.162504127,4.304983885
Cc1n[nH]nc1-n1c2c(c(=O)c(C(=O)O)c1-c1ccnc(Cl)c1)C(c1ccc(Cl)cc1)N(c1cc(Cl)cn(C3CC(O)(CO)C3)c1=O)C2=O,中毒,28.5805,12.087409,0.178479386,4.305037701
Cc1n[nH]nc1-c1cc2c(c(-c3c(Cl)cccc3Cl)c1)C(c1cccs1)N(c1cc(Cl)cn(C3CC(O)(CO)C3)c1=O)c1cc3c(cc1-2)CCCC3,中毒,6.282663,14.2372675,0.155885796,4.305278367
Cc1n[nH]nc1-c1cc2c(c(-c3c(Cl)cccc3Cl)c1OCc1ccc(Cl)nc1)C(c1ccc(Cl)cc1)N(c1cc(Cl)cn(C3CC(O)(CO)C3)c1=O)C2,中毒,6.6767583,12.110745,0.123349201,4.305408694
Cc1n[nH]nc1-c1cc2c(c(C(=O)N3CC(COc4ccc(F)nc4)C3)c1)C(c1ccc(Cl)cc1)N(c1cc(Cl)cn(C3CC(O)(CO)C3)c1=O)C2,中毒,16.279215,18.748926,0.175281224,4.30542166
Cc1n[nH]nc1-c1cc2c(c(-c3c(Cl)cccc3Cl)c1)C(c1ccc3c(cnn3Cc3cccnc3)c1)N(c1cc(Cl)cn(C3CC(O)(CO)C3)c1=O)C2,中毒,7.6477833,8.519041,0.144059052,4.305646968
Cc1n[nH]nc1-c1nc2c(c(-c3c(Cl)cccc3Cl)c1-c1ccc(Cl)cc1F)C(c1ccc(Cl)cc1)N(c1cc(Cl)cn(C3CC(O)(CO)C3)c1=O)C2,中毒,14.775009,13.503714,0.147106132,4.30581263
Cc1n[nH]nc1-c1cc2c(c(-c3c(Cl)ccc(F)c3Cl)c1CO)C(c1ccc(Cl)cc1)N(c1cc(Cl)cn(C3CC(O)(CO)C3)c1=O)C2,中毒,5.6871157,8.960914,0.13263335,4.30621307
Cc1n[nH]nc1-c1cc2c(c(-c3c(Cl)cccc3Cl)c1)C(c1ccc(Cl)cc1)N(c1cc(Cl)cn(C3CC(S(=O)(=O)CC(Cl)(Cl)Cl)C3)c1=O)C2,中毒,21.076138,10.819605,0.164079736,4.306250953
Cc1n[nH]nc1C1=C(Br)c2cc(Br)c(O)c(O)c2C(=O)C(c2c(Cl)ccc(S(=O)(=O)O)c2F)=C2CC2=C1,中毒,32.17651,35.37727,0.208068709,4.306268939
Cc1n[nH]nc1-c1cc(-c2c(Cl)cccc2Cl)c2c(c1)C(c1ccccc1)N(c1cc(Cl)cn(C3CC(O)(CO)C3)c1=O)C2c1ccc(Cl)cc1,中毒,6.3808517,13.447941,0.150140886,4.306271183
Cc1n[nH]nc1-c1cc2c(c(-c3c(F)cccc3Cl)c1)C(c1ccc(Cl)cc1S(=O)(=O)N1CC(O)C(O)C(O)C1)N2,中毒,5.948632,13.868021,0.227595643,4.306696904
Cc1n[nH]nc1-c1nc2c(c(-c3c(Cl)cccc3Cl)c1Oc1ccc(Cl)cc1Cl)C(c1ccc(Cl)cc1)N(c1cc(Cl)cn(C3CC(O)(CO)C3)c1=O)C2,中毒,9.5269375,12.110745,0.13819567,4.307188057
Cc1n[nH]nc1-c1csc(C2=C(NC(CO)c3ccc(Oc4ccc(F)cc4F)cc3)C(C(=O)Nc3cnccc3OC(=O)c3cn(C)cn3)=NC2=O)c1,中毒,51.50488,42.01974,0.123948832,4.307246468
Cc1n[nH]nc1-c1cc2c(c(-c3c(Cl)cccc3Cl)c1OCc1ccc(Cl)cn1)C(c1ccc(Cl)cc1)N(c1cc(Cl)cn(C3CC(O)(CO)C3)c1=O)C2,中毒,11.176486,12.110745,0.131859356,4.307665071
Cc1n[nH]nc1C1N2C(=O)OC(c3ccc(-c4ccc(C#N)cc4)cn3)C12c1ccc(Cl)cc1,中毒,7.494668,62.720417,0.429056903,4.308098901
Cc1n[nH]nc1-c1cc2c(c(-c3c(Cl)cccc3Cl)c1)C(P(=O)(c1ccccc1)c1ccccc1)N(c1cc(Cl)cn(C3CC(O)(CO)C3)c1=O)C2,中毒,44.34047,17.693075,0.135848274,4.30845973
Cc1cc(N2C(=O)c3cc(-c4n[nH]nc4C)cc(-c4c(Cl)cccc4Cl)c3CS(=O)(=O)C2c2ccc(Cl)cc2)c(=O)n(C2CC(O)(CO)C2)c1,中毒,6.965843,10.648614,0.184725657,4.308469348
Cc1n[nH]nc1-c1cc2c(c(-c3c(Cl)cccc3Cl)c1)C(c1ccc(Cl)cc1)N(c1cc(Cl)cn(C3CC(=O)N(C)C3)c1=O)N2,中毒,19.488192,10.663213,0.198812322,4.309508555
Cc1n[nH]nc1-c1cc2c(n1-c1ccc(Cl)cc1F)C(c1ccc(Cl)cc1)N(c1cc(Cl)cn(C3CC(=O)N(C)C3)c1=O)C2=O,中毒,17.272402,14.0600395,0.248205941,4.31014982
Cc1n[nH]nc1-c1cc2c(c(-c3c(Cl)cccc3Cl)c1F)C(c1ccc(Cl)cc1)N(c1cc(Cl)cn(C3CC(O)(CO)C3)c1=O)S2(=O)=O,中毒,9.825931,16.862432,0.17509533,4.310667231
Cc1n[nH]nc1-c1cc2c(c(-c3c(Cl)cccc3Cl)c1)S(=O)(=O)C(c1ccccc1F)N(c1cc(Cl)cn(C3CC(O)(CO)C3)c1=O)C2=O,中毒,6.4201846,9.173887,0.194034205,4.310825393
Cc1n[nH]nc1-c1cc(-c2c(Cl)cccc2Cl)c2c(c1)N1C(=O)N(c3ccsc3)C1(c1cc(Cl)ccc1F)C2c1ccc(Cl)cc1,中毒,42.75487,49.184025,0.194031707,4.3109049
Cc1n[nH]nc1-c1cc2c3c(c(-c4c(Cl)cccc4Cl)c(Cl)c-3cc1Br)C(c1ccc(Cl)cc1)N(c1cc(Cl)cn(C3CC(O)(CO)C3)c1=O)C2=O,中毒,7.445765,10.003344,0.153390395,4.311206433
Cc1n[nH]nc1-c1cc2c(-c3ccc(Cl)cc3OC(F)F)nc(C3(F)COC(C)(C)C3)cc3c(=O)c(C(=O)O)cn(C4CC4)c3c1-2,中毒,9.646512,13.503714,0.193621612,4.311733399
Cc1n[nH]nc1-c1cc(-c2c(Cl)cccc2Cl)c2c(c1)C(c1ccc(Cl)cc1)N(c1cc(Cl)cn3c(=O)c(C(=O)O)cc-3c1Br)C2c1ccc(Cl)cc1,中毒,11.205136,17.603432,0.172520973,4.311754939
Cc1n[nH]nc1-c1cc2c(c(-c3c(Cl)cccc3Cl)c1)C(c1ccc(Cl)cc1C(F)(F)F)N(c1cc(Cl)cn(C3CC(O)(CO)C3)c1=O)C=C2,中毒,9.036046,9.719319,0.15965218,4.312485736
Cc1n[nH]nc1-c1cc2c(c(-c3c(Cl)cccc3Cl)c1)C(c1ccc(Cl)cc1)N(c1cc(Cl)cn(C3CC(O)(CO)C3)c1=O)C(C)C2,中毒,19.016203,18.239529,0.165956613,4.312781195
Cc1n[nH]nc1-c1cc2c(c(-c3c(Cl)cccc3Cl)c1)C(c1ccc(Cl)cc1)C(Nc1cc(Cl)cn(C3CC(O)(CO)C3)c1=O)C2,中毒,16.692194,18.526705,0.140547896,4.313189954
Cc1n[nH]nc1-c1cc2c(c(-c3c(Cl)cccc3Cl)c1)C1(c3cc(Cl)ccc3F)C(=O)N(Cc3cnc4ccc(Cl)cc4c3O)C1C2,中毒,6.6778407,33.33846,0.17518466,4.313211758
Cc1n[nH]nc1C1=C(c2cc(-c3ccc4[nH]c(=O)n(-c5cc(Cl)ccc5F)c(=O)c4n3)cc3c2OCC3CC(=O)O)C(C)C1,中毒,17.438164,20.550255,0.244774305,4.313242842
Cc1n[nH]nc1-c1cc2c(c(-c3c(Cl)cccc3Cl)c1)CC(c1cccc(Br)c1OCCCBr)N(c1cc(Cl)cn(C3CC(O)(CO)C3)c1=O)C2=O,中毒,22.79976,16.230408,0.09466856,4.313308794
Cc1n[nH]nc1-c1csc(C2=C(NC(=O)C3CCOC3)C=CCn3nc(-c4cnn(C(C)C)c4)c(-c4ccc(Cl)cc4)c3C2=O)c1,中毒,69.29529,16.417507,0.216065654,4.313616002
Cc1n[nH]nc1C1=Cc2c(C(N)=O)c(-c3c(C#N)c(=O)n(C4CC(O)(COS(N)(=O)=O)C4)c(=O)n3Cl)c(=O)n(C3CC3)c21,中毒,37.15111,15.303033,0.178530292,4.313817749
Cc1n[nH]nc1-c1cc2c(c(-c3c(Cl)cccc3Cl)c1)C(c1ccc(Cl)cc1)N(c1cc(Cl)cn(C3CC(=O)N(C)C3)c1=O)C=C2,中毒,12.656764,10.777793,0.200812941,4.31436852
Cc1n[nH]nc1-c1cc2c(c(-c3c(Cl)cccc3Cl)c1)C(c1ccc(Cl)cc1)N(C=O)N(c1cc(Cl)cn(C3CC(O)(CO)C3)c1=O)C2=O,中毒,15.763229,12.095076,0.163873745,4.314747459
Cc1n[nH]nc1-c1cc2c(C(Oc3cc(N(C)C(=O)C4CC4)ccc3OCCCCC#N)c3ccc(Cl)cc3)c3c(=O)c(C(=O)O)c(O)c(F)c-3c1=2,中毒,35.52072,8.911559,0.109208784,4.314772667
Cc1n[nH]nc1-c1cc2c(c(-c3c(Cl)cccc3Cl)c1)C(c1ccc(Cl)cc1)N(c1cc(Cl)cn(C3CC(O)(CO)C3)c1=O)C2=NOC(C)(C)C,中毒,10.328205,13.503714,0.142061179,4.315167901
Cc1n[nH]nc1-c1cc2c(c(-c3c(Cl)cccc3Cl)c1)C(n1cnc3c(N(C)C)nc(Oc4ccc(Cl)c(C#N)c4)nc31)C(O)C2,中毒,62.115097,15.02669,0.195736149,4.315731834
Cc1n[nH]nc1-c1cc2c(c(-c3c(Cl)cccc3Cl)c1Cl)C(c1ccc(Cl)cc1)N(c1cc(Cl)cn(C3CC(O)(CO)C3)c1=O)S2(=O)=O,中毒,9.825931,16.862432,0.165620172,4.315854294
Cc1n[nH]nc1C1=CC2=C(C(=O)N(C)C(=O)C2=O)C(c2ccc(Cl)cc2)N(c2cc(Cl)cn(C3CC(O)(CO)C3)c(=O)c2=O)C1=O,中毒,32.17651,14.2372675,0.261319281,4.31601873
Cc1n[nH]nc1-c1cc2c(c(-c3c(Cl)cccc3Cl)c1)C(c1ccc(Cl)cc1)N(c1ccc(C3(C#N)CC3)cc1Cl)C(NCC1CCC1)C2,中毒,6.9830885,11.049523,0.166307457,4.316316253
Cc1n[nH]nc1-c1cc2c(c(-c3c(Cl)cccc3Cl)c1)C(c1ccc(Cl)cc1C(F)(F)F)N(c1cc(Cl)cn(C3CC(O)(CO)C3)c1=O)C2=N,中毒,7.4282966,16.862432,0.137907442,4.316349169
Cc1n[nH]nc1-c1cc2c(c(-c3c(Cl)cccc3Cl)c1)C(c1ccc(Cl)cc1)N(C(C)(C)C)P(=O)(OCC1CC1)C2,中毒,54.009544,19.241179,0.215066216,4.316382945
Cc1n[nH]nc1C1=CC2=C(C(c3c(Cl)cccc3Cl)=NC1)C(c1ccc(Cl)cc1)N(c1cc(Cl)cn(C3CC(O)(CO)C3)c1=O)C2=O,中毒,22.918835,15.303033,0.227349656,4.316694531
Cc1n[nH]nc1C1=CC2=C3C2=C(C=C(c2ccc(NC(=O)c4ccc(F)c(F)c4)nc2)C(=O)n2ncnc23)C(O)C(C)(C)C1,中毒,23.909687,29.998953,0.316341178,4.316774548
Cc1n[nH]nc1-c1cc2c(c(-c3c(Cl)ccc4c(Cl)cccc34)c1)C(c1cc3c(cc1Br)OCO3)N(c1cc(Cl)cn(C3CC(O)(CO)C3)c1=O)C2,中毒,11.9282465,13.489636,0.153164585,4.317898662
Cc1n[nH]nc1-c1cc2c(c(-c3c(Cl)cccc3Cl)n1)C(c1cccn1-c1cccnc1)N(c1cc(Cl)cn(C3CC(O)(CO)C3)c1=O)C2=O,中毒,16.018072,12.110745,0.182013945,4.31790149
Cc1n[nH]nc1C1=C2C(=O)N(c3cc(Cl)cn(C4CC(O)(CO)C4)c3=O)C(c3ccc(Cl)cc3)C(Cc3ccc(Cl)c(Cl)c3)=C2SC1=O,中毒,11.58919,13.503714,0.201572285,4.31807912
Cc1n[nH]nc1-c1cc2c(c(-c3c(Cl)cccc3Cl)c1)C(c1ccncc1)N(c1cc(Cl)cn(C3CC(O)(COP(=O)(O)O)C3)c1=O)C2,中毒,9.036046,9.912456,0.134188501,4.318728029
Cc1nc2c3c(ccc2s1)C(=O)N(C1=CN(C2CC(O)(CO)C2)C1)C(c1ccc(Cl)cc1)c1c(-c2c(Cl)cccc2Cl)cc(-c2n[nH]nc2C)cc1-3,中毒,49.24344,14.677806,0.155404693,4.319236518
Cc1n[nH]nc1-c1cc2c(c(-c3cc(=O)[nH]c(=O)c4ccc(Cl)cc34)c1)C(c1ccco1)N(c1cc(Cl)cn(C3CC(O)(CO)C3)c1=O)C2,中毒,11.525463,9.719319,0.189334539,4.319268559
Cc1n[nH]nc1-c1cc2c3c(cc(-c4noc(=O)[nH]4)nc-2c1-c1ccc(Cl)cc1Cl)C(=O)N(c1cc(Cl)cn(C)c1=O)C3c1ccc(Cl)cc1,中毒,21.327534,37.486298,0.185315342,4.319412783
Cc1n[nH]nc1-c1cc2c(c(-c3c(Cl)cccc3Cl)c1)C(c1ccc(Cl)[nH]c1=O)N(c1cc(Cl)cn(C3CC(O)(CO)C3)c1=O)C2,低毒,9.036046,9.719319,0.157620279,4.319422504
Cc1n[nH]nc1-c1cc2c(c(-c3c(F)cccc3F)c1)C(c1ccc(Cl)cc1)S(=O)(=O)N(c1cc(Cl)cn(C3(C)COC3)c1=O)C2=O,中毒,8.984515,21.252083,0.238025919,4.31989074
Cc1n[nH]nc1-c1cc2c(c(-c3c(Cl)cccc3Cl)c1)C(c1ccc(Cl)cc1)N(c1ccn(-c3cnn(C4CC(O)(C(=O)O)C4)c3Cl)c1)C(=O)C2,中毒,21.908945,20.969637,0.150280791,4.320370376
Cc1n[nH]nc1P(=O)(O)C(O)(c1ccc(-c2nc(-c3ccc(Cl)cc3)no2)cc1F)c1ccc2c(C(F)(F)F)cc(=O)oc2c1F,中毒,19.336231,17.388487,0.113220323,4.320831412
Cc1n[nH]nc1C1=CC2=C(C(c3c(Cl)ccc(Cl)c3Cl)=c3c(Cl)c(Cl)c(Cl)c(Cl)c3=C1Cl)C(c1ccc3c(c1)OCO3)C2,中毒,12.13543,17.95569,0.168501299,4.321093847
Cc1n[nH]nc1-c1cc2c(c(-c3c(Cl)cccc3Cl)c1)C(c1ccc(Cl)cc1)N(C1=CC(=O)N(C3CC(O)(COP(=O)(O)O)C3)C1=O)C2,中毒,26.951933,19.548931,0.132927562,4.321234585
Cc1cccc(C(=O)NC2CC(c3c(N4CCN(C)CC4)nc(-c4ccc(Cl)c(Cl)c4)c4ccc(-c5n[nH]nc5C)cc34)C(O)C2C)c1,中毒,9.299389,34.98338,0.183952073,4.321360874
Cc1n[nH]nc1-n1c2c(c(=O)c3c(F)cc(-c4ccc(Cl)cc4F)cc31)C(c1ccc(Cl)cc1)N(c1cc(Cl)cn(C3CC(O)(CO)C3)c1=O)C2,中毒,23.352907,14.418226,0.173891293,4.321706796
Cc1n[nH]nc1C1=C(c2cc3c(cc2Cl)c(=O)c(C(=O)O)cn3C2CC2)C(c2ccc(Cl)cc2)N(c2cc(Cl)cn(C3CC(O)(CO)C3)c2=O)C1,中毒,12.488247,13.503714,0.153108395,4.321958408
Cc1n[nH]nc1-c1cc2c(c(-c3c(Cl)cccc3Cl)c1)C(c1ccc(Cl)cc1)N1C(c3cc(Cl)ccc3Cl)=NC1C(Br)C2,中毒,29.123026,75.164795,0.187308578,4.322082914
Cc1n[nH]nc1-c1cc2c(c(-c3c(Cl)cccc3Cl)c1)C([N+](=O)[O-])C(c1ccc(Cl)cc1)N(c1cc(Cl)c3ncn(C)c3n1)C2=O,中毒,19.488192,15.859844,0.14247046,4.322358469
Cc1n[nH]nc1-c1cc2c(n1-c1ccc(Cl)cc1F)C(c1ccc(=O)n(C)c1)N(c1cc(Cl)cn(C3CC(O)(CO)C3)c1=O)C2=O,中毒,12.488247,12.110745,0.250251647,4.322614078
Cc1n[nH]nc1-c1cc2c(c(-c3cc(OC(F)F)ccc3Cl)c1Cl)C(c1ccc(Cl)cc1)N(c1ccc(C3=CC(=O)CC3)c(C#N)c3cncc1-3)C2,中毒,9.924842,20.924955,0.172912086,4.323159552
Cc1n[nH]nc1-c1cc2c(c(-c3c(Cl)cccc3Cl)c1)C(c1cc3c(s1)C(=O)N(c1cc(Cl)cn(C4CC(O)(CO)C4)c1=O)C3=O)C2,中毒,7.1121993,12.110745,0.179095092,4.323825829
Cc1n[nH]nc1-c1cc2c(c(-c3c(Cl)cccc3Cl)c1)C(c1ccc(Cl)o1)N(c1cc(Cl)cn(C3CC(O)(CO)C3)c1=O)N2,中毒,20.823978,10.425424,0.154578323,4.325198732
Cc1n[nH]nc1-c1cc(-c2c(Cl)cccc2Cl)c2c(c1)C(c1ccc(OCC3CN(C)CCN3)cc1)N(c1ccc(Cl)cc1)C2c1ccc(Cl)cc1,中毒,38.96524,13.255562,0.160729393,4.325405966
COCC1(O)CC(n2cc(Cl)cc(N3Cc4cc(-c5n[nH]nc5C)cc(-c5c(Cl)cccc5Cl)c4C3c3ccc(C#N)c(C(F)(F)F)c3)c2=O)C1,低毒,22.235668,11.733231,0.171643537,4.325525021
Cc1n[nH]nc1-c1cc2c(c(-c3c(Cl)cccc3Cl)c1)C(c1cccs1)N(c1cc(Cl)cn(C3CC(O)(COP(=O)(O)O)C3)c1=O)C2,中毒,6.690411,8.519041,0.124552633,4.325856246
Cc1n[nH]nc1-c1cc2c(-c3ccc(Cl)cc3)c3nc(=O)c(C(=O)O)cn3c(O)c2c(-c2cc(Cl)cc(Cl)c2)c1C1CC1c1ccc(Cl)cc1,中毒,12.092532,8.685516,0.144569789,4.32617253
Cc1n[nH]nc1-c1cc(-c2c(Cl)cccc2Cl)c2c(c1)C(C)N(c1cc(Cl)cn(C3CC(O)(CO)C3)c1=O)C2c1ccc(Cl)cc1,中毒,9.036046,18.239529,0.166395655,4.326249103
Cc1n[nH]nc1-c1cc2c(c(-c3cn(S(=O)(=O)c4ccc(F)cc4F)c4cc(Cl)ccc34)c1)C(N)C(=O)N(C(CO)CO)C(C)C2,中毒,16.185482,13.466203,0.203391511,4.326321902
Cc1n[nH]nc1-c1cc2c(n1N(C)c1ccc(Cl)c(F)c1)C(c1ccc(Cl)cc1)N(c1cc(Cl)cn(C3CC(O)(CO)C3)c1=O)C2=O,中毒,8.738106,11.513729,0.203155853,4.326475119
Cc1n[nH]nc1-c1cc2c(c(-c3c(Cl)cccc3Cl)c1)C(c1ccc(Cl)cc1)N(c1cc3c(c(=O)n(C(=O)N(C)C)c1=O)CC3)C(C)C2,中毒,41.27734,25.588198,0.214564457,4.326578268
Cc1n[nH]nc1C1(C)CC(=O)C(=Cc2ccc(Cl)cc2)C(c2ccc(Cl)cc2)N(C(COCCO)C(C)C)C1=O,中毒,45.5047,25.246756,0.259492795,4.326925767
Cc1n[nH]nc1-c1cc2c(c(-c3c(Cl)cccc3Cl)c1)C(C(C)(C)C)=NC(c1ccc(Cl)cc1)N(c1cc(Cl)cn(C3CC(O)(CO)C3)c1=O)C2,中毒,16.0266,14.027231,0.159021984,4.327879849
Cc1n[nH]nc1-c1cc2c(O)nc3ccc(Br)cc3c3c(c-2c1=O)C(c1ccc(Cl)cc1)N(c1cc(Cl)cn(C2CC(O)(CO)C2)c1=O)C3=O,中毒,20.18954,9.173887,0.175426931,4.328479884
Cc1n[nH]nc1C1=CC2=C(C(c3c(Cl)cccc3S(=O)(=O)c3ccc(S(N)(=O)=O)cc3)=c3cc(Cl)c(N4CCNCC4)cc3=C1Cl)C(C)C2,中毒,14.029707,17.58299,0.263864582,4.32871794
Cc1n[nH]nc1-c1cc(-c2c(Cl)cccc2Cl)c2[n+](c1)C(=O)N(c1cc(Cl)cn(C3CC(O)(CO)C3)c1=O)C2c1cccc(Cl)c1,中毒,10.435232,15.303033,0.182775655,4.328997984
Cc1n[nH]nc1C1Cc2c(-c3cncc(Cl)c3)nc(N3CCOCC3)c3c(Br)c(Br)c(Br)c(c23)C(=O)N1N(C)C1CC1,中毒,13.799398,9.719373,0.237494961,4.329131491
Cc1n[nH]nc1-c1cc2c(Cl)c(-c3ccc4c(n3)OCCO4)nc3c(c-2c1C)C(c1ccc(Cl)cc1Cl)N(c1cc(Cl)cn(C)c1=O)C3=O,中毒,32.733707,8.2014885,0.197504207,4.329802673
Cc1n[nH]nc1-c1cc2c3c(c(-c4cnc(N)nc4)cc(=O)n3c1)C(c1ccc(Cl)cc1)N(c1cc(Cl)cn(C3CC(O)(CO)C3)c1=O)C2=O,中毒,15.809174,12.110745,0.197595457,4.330354885
Cc1n[nH]nc1-c1cc2c(c(-c3c(Cl)cccc3Cl)c1)CN(c1ccsc1)C(c1ccc(Cl)cc1)N(c1cc(Cl)cn(C3CC(O)(CO)C3)c1=O)C2=O,中毒,7.220436,9.440244,0.147342352,4.330869158
Cc1n[nH]nc1-c1cc2c(c(-c3c(Cl)cccc3Br)c1)S(=O)(=O)C(c1ccc(Cl)cc1)N(c1cc(Cl)cn(C3CC(O)(CO)C3)c1=O)C2=O,中毒,6.4201846,9.173887,0.175086157,4.330925906
Cc1n[nH]nc1-c1cc2c(c(-c3c(Cl)cccc3Cl)c1)C(c1ccc(Cl)cc1)N(Cc1cc(Cl)ccc1OCC(O)C1(C)CO1)C2,中毒,47.204105,54.08497,0.150134755,4.331702155
Cc1n[nH]nc1C1=C2C(=C(Sc3cc(Cl)c(Cl)cc3Cl)C1=O)C(=O)N(c1cc(Cl)cn(C3CC(O)(CO)C3)c1=O)C2c1ccc(Cl)cc1,中毒,29.750935,13.503714,0.175274235,4.332010238
Cc1n[nH]nc1C1CC(c2cc(-c3cnc4ccccc4n3)ncc2F)C(C(F)(F)F)N1,中毒,14.590747,33.433914,0.465188474,4.332100429
Cc1n[nH]nc1-c1cc2c(cc1Oc1ccc(Cl)cc1)=C(c1c(Cl)cccc1Cl)C=2C(c1ccc(Cl)cc1)N(C)c1cc(Cl)cn(C2CC(C)(O)C2)c1=O,中毒,21.606283,13.466203,0.151107317,4.332227588
Cc1n[nH]nc1-c1cc2c(c(-c3c(Cl)cccc3Cl)c1)C(c1c(Cl)cccc1Cl)N(c1cc(Cl)cn(C3CC(O)(CO)C3)c1=O)C2=NO,中毒,7.854498,16.862432,0.103290712,4.33233233
Cc1n[nH]nc1C1=C(C(=O)c2cc3c(s2)C(c2ccc(Cl)cc2)N(c2cc(Cl)cn(C4CC(O)(CO)C4)c2=O)C3=O)N(C)C1=O,中毒,12.391358,13.503714,0.252507778,4.332613199
Cc1n[nH]nc1C1C2C(C#N)=C(N)OC(c3ccc(Cl)cc3)C(c3ccc(Cl)cc3)N2C1c1ccc(Cl)cc1,中毒,16.826508,21.900396,0.27677442,4.332720372
Cc1n[nH]nc1C1CC(Nc2ccc(C(F)(F)F)cn2)C(O)(c2ccc(Cl)cc2)C1c1ccc(C#N)cc1,中毒,15.951069,19.668571,0.300878193,4.332818518
Cc1n[nH]nc1-c1cn2c(Br)c3c(c(-c4c(Cl)cccc4Cl)c(=O)c2c1OCCc1ccoc1)C(C(=O)N1CCC(N(C)C)CC1)C3,中毒,29.54402,13.503714,0.192737903,4.332867702
Cc1n[nH]nc1-c1cc2c(c(-c3c(Cl)cccc3Cl)c1)CN(C(=O)C1C#Cc3cc(CP(=O)(O)O)ccc31)CC2,中毒,19.228333,22.42116,0.208854137,4.332959984
Cc1n[nH]nc1-c1cc2c(c(-c3c(Cl)ccnc3Cl)c1)C(c1ccc(Cl)nc1)N(C1=CC=C(Oc3ccc(S(=O)(=O)Nc4nccs4)cc3)CC1)C2,中毒,9.598523,11.245766,0.137491677,4.333397972
Cc1n[nH]nc1-c1cc2c(c(-c3c(Cl)cncc3Cl)c1)C(c1ccc(Cl)cc1)N(c1cc(Cl)cn(C3CC(O)(P(=O)(O)O)C3)c1=O)C2,中毒,8.394659,14.297296,0.135939558,4.334371687
Cc1n[nH]nc1-c1cnc2c(c1)C(c1ccc(Cl)c(Cl)c1)C(c1ccc(Cl)cc1)N(c1cc(Cl)cn(C3CC(O)(CO)C3)c1=O)C2=O,中毒,36.83937,33.968105,0.181901535,4.334827231
Cc1n[nH]nc1-c1cc2c(c(-c3c(Cl)cccc3Cl)c1)C(c1ccc(Cl)cc1)N(N=O)N(c1cc(Cl)cn(C3CC(O)(CO)C3)c1=O)C2=O,中毒,36.83937,13.368444,0.151757556,4.335024948
CNc1nc2c3c(cc(-c4n[nH]nc4C)cc-2c1-c1ccoc1)C(=O)N(c1cc(Cl)cn(C2CC(O)(CO)C2)c1=O)C3c1ccc(Cl)cc1,中毒,5.0387254,8.519041,0.160093524,4.335229763
CC1=C(N)c2c(cc(-c3n[nH]nc3C)cc2-c2c(Cl)cncc2Cl)C(=O)N(c2cc(Cl)cn(C3CC(O)(CO)C3)c2=O)C1c1ccc(Cl)cc1,中毒,16.05132,16.230408,0.147779798,4.33562587
Cc1n[nH]nc1-c1cc2c(c(-c3c(Cl)cccc3Cl)c1)C(c1ccc(Cl)cc1)N(N1CC(COc3cccc(C#N)c3)C(C)(C)C1)C2,中毒,8.164124,13.398049,0.184345952,4.337298053
Cc1n[nH]nc1C1(c2cc(NC(=O)c3ccc(Cl)cn3)c(Cl)cc2Cl)CN(CCN(CC(=O)NCc2c(F)cccc2F)C(C)C(N)=O)C1=O,中毒,24.17452,18.398298,0.149848493,4.337995706
Cc1n[nH]nc1-c1cc(-c2c(Cl)cccc2Cl)c2c(c1)C(Cl)N(c1ccc(Cl)cc1S(=O)(=O)C1(C#N)CC1)C2c1ccc(Cl)cc1,中毒,43.481888,23.4451,0.137968509,4.338158958
Cc1n[nH]nc1-c1cc(-c2c(Cl)cccc2Cl)c2c(c1)C1(c3ccc(Cl)cc3)C(=O)N(c3ccc(Cl)cc3)C(c3ccc(Cl)cc3)C21C#N,中毒,20.855045,15.468769,0.190626126,4.338206966
Cc1n[nH]nc1-c1cc2c(c3nc(-c4c(Cl)cccc4Cl)cc(=O)n3c1=O)C(c1ccc(Cl)cc1)N(c1cc(Cl)cn(C3CC(O)(CO)C3)c1=O)C2,中毒,24.385923,28.945686,0.191300436,4.33829203
Cc1n[nH]nc1-c1cc2c(c(-c3c(Cl)ncnc3OCc3ccc(F)cc3F)c1)C(c1ccc(Cl)cc1)N(c1cc(Cl)cn(C3CC(O)(CO)C3)c1=O)C2,低毒,6.3808517,12.110745,0.127923867,4.338801609
Cc1n[nH]nc1-c1cc2c(c(-c3c(Cl)ccnc3Cl)c1)C(c1ccc(Cl)cc1)N(c1cc(Cl)cn(C3CC(O)(CO)C3)c1=O)C2=NO,中毒,10.328205,16.862432,0.089420969,4.339060826
Cc1n[nH]nc1-c1c(Oc2ccc(NC(=O)Nc3ccc(F)cc3)cc2F)c(Cl)cc2c(=O)c(C(=O)O)cn(N3CC4CC4(CO)C3)c12,中毒,14.028409,18.16599,0.149463218,4.339281376
Cc1n[nH]nc1-c1cnc2c(c1)C1=C(C(C(=O)O)=C1C#N)C(c1ccc(Cl)cc1)N(c1cc(Cl)cn(C3CC(O)(CO)C3)c1=O)C2=O,中毒,41.769672,15.303033,0.233889402,4.339413817
Cc1n[nH]nc1-c1cc2c(c(-c3c(Cl)cccc3Cl)c1)N(c1cc(Cl)cn(C3CC(O)(CO)O3)c1=O)C2=O,中毒,37.883114,16.862432,0.320407866,4.339433528
Cc1n[nH]nc1C1=CC2=C(c3nc(-c4c(F)cccc4Cl)nn3C)C(c3ccc4c(c3)OCO4)C(c3ccc4c(c3)OCO4)C2=C1,中毒,16.335857,21.546206,0.232877061,4.339477717
Cc1n[nH]nc1-n1c2c(cc(-c3nc(-c4ccc(Cl)s4)no3)c1=O)C(c1ccc(Cl)cc1)N(c1cc(Cl)cn(C3CC(O)(CO)C3)c1=O)C2=O,中毒,51.50488,12.110745,0.20108433,4.340491259
Cc1n[nH]nc1-c1cc2c(c(-c3c(Cl)cccc3Cl)c1)C(c1ccc(C#N)o1)N(c1cc(Cl)cn(C3CC(O)(CO)C3)c1=O)C2,中毒,6.4584956,9.719319,0.194813901,4.341179505
Cc1ccc(C2c3cc(-c4n[nH]nc4C)cc(-c4c(Cl)cccc4Cl)c3C(c3ccc(Cl)cc3)N2c2cc(Cl)cn(C3CC(O)(CO)C3)c2=O)cc1,中毒,6.3808517,13.447941,0.149429617,4.341613456
COc1cc2c(cc1C1C(=O)N(C)Cc3cc(-c4n[nH]nc4C)cc(-c4c(Cl)cccc4Cl)c31)CN2c1cc(Cl)cn(C2CC(O)(CO)C2)c1=O,中毒,7.086197,15.303033,0.174363939,4.341867576
Cc1n[nH]nc1-c1c(C2CC2c2ccsc2)c(N(C)C(N)=O)c(F)c2c(=O)c(C(=O)O)cn(C3CC3)c12,中毒,6.2370462,16.348,0.347125039,4.342928184
Cc1n[nH]nc1-c1cc2c(c(-c3c(Cl)cccc3C#Cc3ccc(Cl)cn3)c1)C(c1ccc(Cl)cc1)N(c1cc(Cl)cn(C3CC(O)(CO)C3)c1=O)C2,中毒,9.718621,9.912456,0.145868314,4.343215907
Cc1n[nH]nc1-n1c2c(c(=O)n(C3CCCCC3)c1=O)C(c1ccc(Cl)s1)N(c1cc(Cl)cn(C3CC(O)(CO)C3)c1=O)C2=O,中毒,36.83937,13.503714,0.280199008,4.343482617
Cc1n[nH]nc1-c1cc2c(c(O)c1N(C)S(=O)(=O)c1ccc(Cl)cc1F)C(c1ccc(Cl)cc1)N(c1cc(Cl)cn(C3CC(O)(CO)C3)c1=O)C2,中毒,7.8750753,33.968105,0.15394352,4.343513945
Cc1n[nH]nc1-c1cc2c(c(-c3c(Cl)cccc3Cl)c1)C(c1ccc(Cl)nc1SCc1ccc(Cl)cc1)N(c1cc(Cl)cn(C3CC(O)(CO)C3)c1=O)C2,中毒,10.009384,9.719319,0.097323577,4.343832682
Cc1n[nH]nc1-c1cc(-c2c(Cl)cccc2Cl)c2c(c1)C(c1ccc(Cl)cc1)N(C1=COC(c3ccc(Cl)cc3)C1)C2c1ccc(Cl)cc1,中毒,33.274574,15.104152,0.184487923,4.344545529
Cc1n[nH]nc1-c1ccc2c(c1)C(c1cn(C)c3ccc(Cl)cc13)C(c1ccc(Cl)cc1)N(c1cc(Cl)cn(C3CC(O)(CO)C3)c1=O)C2=O,中毒,22.235992,18.239529,0.169690191,4.34498509
Cc1n[nH]nc1C1=C(c2cc(OC(=O)c3nc(-c4ccc(CO)cc4)oc3C)c(Cl)cc2Cl)C(c2ccc(Cl)cc2)N(C(C)CO)C(=O)C1(F)F,中毒,21.287102,42.51744,0.104120826,4.345070365
Cc1n[nH]nc1-c1cc2c(c(-c3c(Cl)cccc3Cl)c1)C(c1ccc(Cl)cc1)N(c1cc(Cl)cn(C3CC(O)(CO)C3)c1=O)C2=NCI,中毒,7.4282966,16.862432,0.086865579,4.345403574
CC[N+]([O-])=C1c2cc(-c3n[nH]nc3C)cc(-c3c(Cl)cccc3Cl)c2C(c2ccc(Cl)cc2)N1c1cc(Cl)cn(C2CC(O)(CO)C2)c1=O,中毒,10.328205,13.503714,0.091627657,4.345650853
Cc1n[nH]nc1-c1cc2c(c(-c3c(F)cccc3F)c1)C(c1ccc(-c3cnn(CC#N)c3)cc1)N(c1cc(Cl)cn(C3CC(O)(CO)C3)c1=O)C2,中毒,6.3808517,10.082321,0.171026043,4.345895209
Cc1n[nH]nc1-c1cc2c(C3CC(O)C4CC34)c(Cl)c(=O)n(-c3ccc(F)cc3F)c(=O)c2cc1F,中毒,33.571377,16.056797,0.430265786,4.3459965
Cc1n[nH]nc1-c1cc2c(c(=O)n(C3CC(O)(CO)C3)c1=O)C(c1ccc(Cl)cc1)N(c1cc(Cl)cn(C3CC(O)(CO)C3)c1=O)C2=O,中毒,8.614452,12.087409,0.188936053,4.346676184
Cc1n[nH]nc1C1(c2cc(NC(=O)c3cc(-c4ncsn4)c(Cl)cc3Cl)c(F)cc2F)CS(=O)(=O)NC1(C)C,中毒,29.54402,72.574165,0.301264349,4.34795088
Cc1n[nH]nc1-c1cc(-c2c(Cl)cccc2Cl)c2c(c1)C(c1ccc(Cl)cc1)N(c1cc(Cl)cn(C3CC(O)(CO)C3)c1=O)C2c1ccc(Cl)cc1,中毒,6.3808517,13.447941,0.14873319,4.348304183
Cc1n[nH]nc1-c1cc2c(c(N3CCCOC3=O)c(=O)c1)C(c1cccc(Cl)c1F)N(c1cc(Cl)cn(C3CC(O)(CO)C3)c1=O)C2=O,中毒,15.540574,33.968105,0.270457001,4.34881654
Cc1n[nH]nc1-c1cc2c(c(-c3csc(-c4c(Cl)ccc(F)c4Cl)c3)c1)C(c1ccc(Cl)cc1)N(c1cc(Cl)cn(C3CC(O)(CO)C3)c1=O)C2,中毒,7.6477833,13.447941,0.139530885,4.349294313
Cc1n[nH]nc1-c1cc2c(c(Oc3ccc(Cl)cc3)c1)C(c1ccc(Cl)cc1)C(c1ccc(Cl)cc1)N(c1cc(Cl)cn(C3CC(O)(CO)C3)c1=O)C2,中毒,28.184814,34.27415,0.140844446,4.349729958
Cc1n[nH]nc1C1(c2cc(NC(=O)c3ccc(Cl)cn3)cc(F)c2F)COC1(C)C(=O)NC1CCC(F)(F)CC1,中毒,32.57209,14.778015,0.370189937,4.349974003
Cc1n[nH]nc1P(=O)(OCC1OC(n2cc(F)c(=O)[nH]c2=O)CC1O)Oc1ccc(Br)cc1,中毒,20.400986,26.865242,0.369171905,4.350017406
Cc1n[nH]nc1-c1cc2c(c(-c3c(Cl)cccc3Cl)c1)S(=O)(=O)C(c1ccc(Cl)cc1Cl)N(c1cc(Cl)cn(C3CC(O)(CO)C3)c1=O)C2=O,中毒,5.9541664,9.173887,0.164808498,4.350046867
Cc1n[nH]nc1-c1cc2c(c(-c3c(Cl)cccc3Cl)c1)CN(c1cc(Cl)cn(C3CC(O)(CO)C3=O)c1=O)C2,中毒,9.221444,11.151921,0.31803043,4.350378124
Cc1n[nH]nc1-c1cc2c(c(-c3c(Cl)ccc(Cl)c3Cl)c1C(N)=O)C(c1cccnc1)N(c1cc(Cl)cn(C3CC(O)(CO)C3)c1=O)C2,中毒,6.4201846,8.519041,0.151106934,4.350806014
Cc1n[nH]nc1-c1cc(-c2c(F)cccc2F)c2c(c1)-c1c(cc(Cl)c(O)c1O)N(c1ccoc1)C(c1ccc(F)cc1)C2c1ccc(Cl)cc1,中毒,6.6767583,30.215828,0.152875534,4.35123792
CC1=C(c2n[nH]nc2C)C=C2C(=O)C(=O)C(S(=O)(=O)c3ccc(Cl)cc3F)=C3CN(c4cc(Cl)cc(Cl)c4)C(c4ccc(Cl)cc4Cl)C3=C21,中毒,17.475342,14.3937645,0.202022268,4.351280778
Cc1n[nH]nc1-c1cc2c(c(-c3c(Cl)cccc3Cl)c1)C(c1ccc(Cl)cc1)N1C=C3C(=NC(C#N)=C3N3CCN(C)CC3)SC=C21,中毒,54.009544,45.364487,0.230474204,4.351616026
Cc1n[nH]nc1-c1cc2c(c(-c3c(Cl)cccc3Cl)c1)C(c1ccc(Cl)c(Cl)c1)S(=O)(=O)N(c1cc(Cl)cn(C3CC(O)(CO)C3)c1=O)C2,中毒,15.357197,21.252083,0.163431678,4.351897188
Cc1n[nH]nc1-c1cc2c(c(C(=O)N3CCC(O)(C(F)(F)F)CC3)c1)C(c1ccc(Cl)cc1)N(c1cc(Cl)cn(C3CC(O)(CO)C3)c1=O)C2,中毒,11.212927,21.453482,0.217982826,4.352127876
Cc1n[nH]nc1-c1cc2c(c(=O)oc1=O)C(C#N)(c1ccc(Cl)cc1)N(c1cc(Cl)cn(C3CC(O)(CO)C3)c1=O)C2=O,中毒,16.282593,14.418226,0.296072123,4.35219268
Cc1n[nH]nc1-c1cc2c(c(-c3c(Cl)cccc3Cl)c1)C(C(c1ccc(Cl)cc1)N(C)c1cc(Cl)cc(Cl)c1)c1cn(-c3ccc(Cl)c(Cl)c3)cc1-2,中毒,4.8612423,88.776054,0.174169674,4.353879024
Cc1n[nH]nc1C1=C(c2cc(NC(=O)c3nc(-c4ccc(Cl)c(C(F)(F)F)c4)cn3C)cnc2N(C)C)C(O)C(CN(C)Cc2ccccc2)C1,中毒,28.80859,13.888707,0.153072129,4.353955257
Cc1n[nH]nc1-c1cc2c(c(-c3c(Cl)cccc3Cl)c1)C(c1ccc(Cl)cc1)N(C1=CC(Cl)C(=O)c3cc(S(=O)(=O)N4CCOCC4)ccc31)C2,中毒,4.7969046,18.60509,0.173320121,4.354159936
Cc1n[nH]nc1-c1cc2c(c(-c3c(Cl)cccc3Cl)c1)C(c1ccc(Cl)cc1)N(c1cc(Cl)cn(C3CC(O)(CO)C3)c1=O)C2=NOCCN(C)C,中毒,10.328205,13.503714,0.100804972,4.35449585
Cc1n[nH]nc1-c1cc2c(O)nc3cc(Cl)ccc3c3c(c-2c1=O)C(c1ccc(Cl)cc1)N(c1cc(Cl)cn(C2CC(O)(CO)C2)c1=O)C3,中毒,26.415432,10.648614,0.173377037,4.354817435
Cc1n[nH]nc1C12C(=O)N(c3ccc(Cl)c(C(F)(F)F)c3)C(=O)C1(c1ccc(Cl)cc1)C2c1ccc(C#N)c(OCC2CC2)c1,中毒,11.654097,24.936914,0.224116937,4.355252396
Cc1n[nH]nc1-c1cc(-c2c(Cl)cccc2Cl)c2c(c1)C1C(c3ccoc3)OC(=O)N1C2c1ccc2c(c1)OCO2,中毒,128.26842,22.688112,0.233589074,4.355260028
Cc1n[nH]nc1-c1cc(-c2c(Cl)cccc2Cl)c2c(c1)C(C)N(c1cc(Cl)cn(C3CC(O)(CO)C3)c1=O)C2c1ccc(Br)cc1,中毒,9.036046,18.239529,0.16268433,4.355264367
Cc1n[nH]nc1C1=c2c3c(c(C(Cl)S(=O)(=O)c4ccc(Br)cc4F)c(-c4ccc(Cl)cc4)c(=O)c2=C1)C(c1ccc(Cl)cc1)C3,中毒,25.562902,15.055594,0.194753523,4.35573993
Cc1n[nH]nc1-c1cc2c(c(=O)n(C3CC3)c1=O)C(c1ccc(C#N)nc1)N(c1cc(Cl)cn(C3CC(O)(CO)C3)c1=O)C2,中毒,13.338875,13.463638,0.289762124,4.355760514
Cc1n[nH]nc1C1CN(c2cc(NC(=O)C=CC(=O)N3CCOCC3)c(F)cc2F)C(=O)C(C)C1c1ccc(Br)cc1F,中毒,4.934938,40.437492,0.382695092,4.356203072
Cc1n[nH]nc1-c1cc(-c2c(Cl)cccc2Cl)c2c(c1)N(c1ccc(F)cc1F)C(N)=CC1=C(NC1c1ccc(Cl)cc1)C2c1ccc(Cl)cc1,中毒,8.628925,33.631123,0.163087932,4.356263597
Cc1n[nH]nc1C1=C(CO)C2=CC(c3cc(F)cc(F)c3)c3c(cc(N(C)C)c(Cl)c3NS(C)(=O)=O)-c3c(F)cccc3C2=C1,中毒,102.19316,11.033915,0.2285057,4.356456499
Cc1n[nH]nc1C1(c2ccc(Cl)cc2Cl)CC(c2ccc(Cl)cc2)N(c2cc(Cl)cn(C3CC(O)(CO)C3)c2=O)C1=O,中毒,14.735986,16.230408,0.2568338,4.356560547
CC1=C2C(=O)C(F)=CC(c3n[nH]nc3C)=C2C=C1c1ccc(-c2cnn3c2-c2cccnc2OC3c2ccc(F)cc2F)cc1F,中毒,17.475342,15.02669,0.217473754,4.356583944
Cc1n[nH]nc1-c1cc2c(c(-c3c(Cl)cccc3Cl)c1)C(c1ccc(Cl)cc1)(c1cncc(Cl)c1)N(c1cc(Cl)cn(C3CC(O)(CO)C3)c1=O)C2,中毒,9.036046,9.719319,0.148090501,4.356832619
Cc1n[nH]nc1-c1cc2c(c(-c3c(Cl)cncc3Cl)c1Oc1ccc(Cl)cc1)C(c1ccc(Cl)cc1Cl)N(c1cc(Cl)cn(C3CC(O)(CO)C3)c1=O)C2,中毒,20.18954,12.110745,0.13819567,4.357603645
Cc1n[nH]nc1-c1cc2c(n1-c1ccc(Cl)nc1)C(c1ccoc1)N(c1cc(Cl)cn(C3CC(O)(CO)C3)c1=O)C2=O,中毒,14.882899,11.513729,0.245849503,4.358400852
Cc1n[nH]nc1-c1cc(-c2c(Cl)cccc2Cl)c2c(c1)C(O)N(c1cc(Cl)cn(C3CC(O)(CO)C3)c1=O)C2c1ccc(Cl)cc1,中毒,9.036046,9.912456,0.152266772,4.358503069
Cc1n[nH]nc1-c1cc2c(c(-c3c(Cl)cccc3Cl)c1)C(c1ccc(Cl)cc1)N(c1cc(Cl)cn(C3CC(O)(CO)C3)c1=O)C2=NOCCF,中毒,10.328205,13.503714,0.104743167,4.359275545
Cc1n[nH]nc1C1=CC(c2c(Cl)cccc2Cl)=C2C1=C1C(=CC(S(=O)(=O)N(C)N=O)=C1c1ccc(F)cc1)OC2c1ccc(Cl)cc1,中毒,33.392788,20.999594,0.152295965,4.359662833
Cc1n[nH]nc1C1(c2cc(=O)c3cc(S(=O)(=O)N([O-])C(C)(C)C)ncc3s2)CCN1c1ccc(N2CCN(C)CC2)cc1,中毒,8.5925865,51.79233,0.318176537,4.359889616
Cc1n[nH]nc1-c1cc(-c2c(Cl)cccc2Cl)c2c(c1)C(c1ccc(N(C)C3CCN(C)C3)c(F)c1)NC2c1ccc(C#N)cc1,中毒,11.407723,14.276699,0.195853168,4.360161002
Cc1n[nH]nc1-c1cc2c(c(-c3c(Cl)cccc3Cl)c1)S(=O)(=O)C(c1ccc(Cl)c(Cl)c1)N(c1cc(Cl)cn(C3CC(O)(CO)C3)c1=O)C2,中毒,6.0494337,10.425424,0.161710897,4.360325906
Cc1n[nH]nc1-c1cc(-c2c(Cl)cccc2Cl)c2c(c1)C(O)N(c1cc(Cl)cn(C3CC(O)(CO)C3)c1=O)C2c1ccc(F)cc1,中毒,15.809174,8.960914,0.164049077,4.361296098
Cc1n[nH]nc1-c1cc(-c2c(Cl)cccc2Cl)c2c(c1)C(CO)N(c1cc(Cl)cn(C3CC(F)(F)C3)c1=O)C2c1ccc(Cl)cc1,中毒,17.45502,18.239529,0.184706508,4.361348021
Cc1n[nH]nc1-c1cc2c(c(-c3c(Cl)cccc3Cl)c1)S(=O)(=O)C(c1ccc(Cl)cc1Cl)N(c1cc(Cl)cn(C3CC(O)(CO)C3)c1=O)C2,中毒,6.8433347,10.648614,0.161710897,4.361419239
Cc1n[nH]nc1-c1cn2c(c1-c1c(Cl)cc(Cl)cc1Cl)C(c1cc(Cl)cc(Cl)c1)N(c1cc(Cl)cn(C3CC(O)(CO)C3)c1=O)C2=O,中毒,6.9783845,16.230408,0.161397518,4.362247058
Cc1n[nH]nc1-c1cc2c(c(-c3c(Cl)cccc3Cl)c1)C(c1ccc(Cl)cc1)N(C1=CN(c3cc(Cl)cn(C4CC(O)(CO)C4)c3=O)C1=O)C2,中毒,24.423162,15.303033,0.162462635,4.362324666
Cc1n[nH]nc1-c1cc2c(C(N)=O)c(-c3c(Cl)cccc3Cl)c1Cn1cc(-c3cn(C)c4ccc(-c5cn[nH]c5)cc4c3=O)nc1-2,中毒,11.935563,24.366419,0.208582772,4.36234389
Cc1n[nH]nc1-c1cc2c(c(-c3c(Cl)cccc3Cl)c1)C(c1ccc(Cl)cc1)N(c1cc(Cl)cn(C3CCN(C(=O)NC(C)(C)CO)C3)c1=O)C2,中毒,9.907732,11.733231,0.154314341,4.3623615
Cc1n[nH]nc1-c1cc2c(cc1-c1c(Cl)cccc1Cl)N(c1ccoc1)C(c1ccc(Cl)cc1)N(c1cc(Cl)cn(C3CC(O)(CO)C3)c1=O)C2=O,中毒,13.346145,8.911559,0.146952504,4.362905011
Cc1n[nH]nc1-c1cc(-c2c(Cl)cccc2Cl)c2c(c1)C1CCOCCC(=O)N1C=C1N(C(=O)C1(C)C)C2c1ccc(Cl)cc1,中毒,115.18334,48.43704,0.225354837,4.363111704
Cc1n[nH]nc1-c1cc(-c2c(Cl)cccc2Cl)c2c(c1)=C1N=C(c3cnc(OC(C)C#N)c(Cl)c3)C=C1C(=O)C=2c1ccc(Cl)cc1Cl,中毒,8.810673,15.303033,0.191212084,4.363317068
Cc1n[nH]nc1-c1cc2c(c(-c3c(Cl)cccc3Cl)c1)C(c1ccc(Cl)cc1OCCCCN1CC=C(c3c(F)cccc3F)CC1)C(CI)N2,中毒,20.868347,33.72425,0.078682259,4.363616388
Cc1n[nH]nc1-c1cc2c(cc1-c1c(Cl)cccc1Cl)N(c1cc(Cl)cn(C3CC(O)=C(O)C3O)c1=O)C2=O,中毒,20.117796,11.733231,0.247274995,4.363680642
Cc1n[nH]nc1C1=C(C23CC4CC(CC(C4)C2)C3)C(=O)N(Cc2ccc(-c3csnn3)cc2)C1=O,中毒,14.595422,46.145477,0.542921964,4.365158503
Cc1n[nH]nc1-c1cc2c(c(-c3c(Cl)cccc3Cl)c(=O)c1)C1(c3cc(Cl)cc(Cl)c3)C(=O)N(c3ccsc3)C(=O)C21,中毒,4.7793036,10.595817,0.203469118,4.365212087
Cc1n[nH]nc1C1=Cc2c(C3CNC(=O)C(F)(F)C3)nc(Cl)c3cc(-c4ncc(Cl)cn4)cc-3c21,中毒,8.022683,19.782366,0.366712726,4.36526049
Cc1n[nH]nc1-c1cc2c(c(-c3c(Cl)cccc3Cl)c1)C(c1ccc(Cl)cc1)N(C1=CC3=C(C=N3)C(=O)N(C3CC(O)(CO)C3)C1)C2,中毒,49.887497,17.749989,0.220325253,4.365340576
Cc1n[nH]nc1-c1cc2c(s1)C(c1ccc(Cl)cc1)N(c1cc(Cl)cn(C3CC(O)C(O)C3)c1=O)C2=O,中毒,8.738106,8.960914,0.346415444,4.365356489
Cc1n[nH]nc1-c1cc2c(c(-c3c(Cl)cccc3Cl)n1)C(c1ncc(Cl)cc1OCc1ccc(Cl)cc1)N(c1cc(Cl)cn(C3CC(O)(CO)C3)c1=O)C2,中毒,14.775009,33.968105,0.131050366,4.365629443
Cc1n[nH]nc1-c1cc2c(c(-c3c(Cl)cccc3Cl)c1)C(c1ccc(Cl)cc1)N(c1cc3c(c(=O)n(C(C)c4ccccc4)c1=O)C3(Cl)Cl)C2,中毒,7.315806,42.278934,0.171089726,4.365663528
Cc1n[nH]nc1-c1cc(-c2c(Cl)cccc2Cl)c2c(c1)C(N)N(c1cc(Cl)cn(C3CC(O)(CO)C3)c1=O)C2c1ccc(Cl)cc1,中毒,6.7043605,9.576659,0.152594339,4.366282877
Cc1n[nH]nc1-c1cc2c(c(=O)n(C3(C#N)CC3)c1=O)C(c1ccc(Cl)cc1)N(c1cc(Cl)cn(C3CC(O)(CO)C3)c1=O)C2=O,中毒,8.614452,12.087409,0.279004736,4.366426642
Cc1n[nH]nc1-c1cc2c(c(-c3c(Cl)cccc3Cl)c1)C(c1ccc3c(c1)OCO3)C1C(=O)N(c3ccc(Cl)cn3)C(=O)C1(C)C2,中毒,15.1296835,7.65363,0.198015531,4.366887485
Cc1n[nH]nc1-c1cc(-c2c(Cl)cccc2Cl)c2c(c1)C(C)C(=O)N(c1cc(Cl)cn(C3CC(O)(CO)C3)c1=O)C2c1ccc(Cl)cc1,中毒,19.016203,18.239529,0.166494873,4.366939776
CON=C1c2cc(-c3n[nH]nc3C)cc(-c3c(Cl)cccc3Cl)c2C(c2ccsc2)N1c1cc(Cl)cn(C2CC(O)(CO)C2)c1=O,中毒,10.328205,16.862432,0.163450429,4.367049642
Cc1n[nH]nc1-c1cc2c(c(-c3c(Cl)cccc3-c3ccnc(C#N)c3Cl)c1)C(c1ccc(Cl)cc1)N(c1cc(Cl)cn(C3CC(O)(CO)C3)c1=O)C2,中毒,10.149779,8.960914,0.146699374,4.367725018
Cc1n[nH]nc1-c1cc(-c2c(Cl)cccc2Cl)c2c(c1)C(c1ccc(Cl)cc1)N(C#N)C(c1ccc(Cl)cc1)C2c1ccc2c(c1)OCO2,中毒,33.847565,8.794319,0.178140577,4.368369752
Cc1n[nH]nc1-c1cc2c(c(-c3c(Cl)cccc3Cl)c1F)S(=O)(=O)C(c1ccc(Cl)cc1)N(c1cc(Cl)cn(C3CC(O)(CO)C3)c1=O)C2=O,中毒,6.4201846,13.503714,0.175134196,4.368381398
Cc1n[nH]nc1-c1cc(-c2c(F)cccc2F)c2c(c1)C(O)N(c1cc(Cl)cn(C3CC(O)(CO)C3)c1=O)C2c1ccc(Cl)cc1,中毒,6.3808517,8.960914,0.179112706,4.368767612
Cc1n[nH]nc1-c1cc2c(c(-c3c(Cl)cccc3Cl)c1)C(c1cn(C)c(=O)cn1)N(c1cc(Cl)cn(C3CC(O)(CO)C3)c1=O)C2,中毒,17.933256,13.489636,0.231664792,4.369060965
Cc1n[nH]nc1C1=CC2=C(C3=COC(c4ccc(C#N)cc4)C3)C(c3ccc(Br)cc3)=C(Cc3ccc(-c4ccccn4)s3)C(=O)C2=C1F,中毒,47.697018,46.309635,0.179522531,4.369475931
Cc1n[nH]nc1-c1cc(-c2c(Cl)cccc2Cl)c2c(c1)C1C(=O)N(c3cncc(Cl)c3)C(c3ccc(Cl)cc3)C21c1ccc(Cl)cc1,中毒,16.220997,10.840361,0.192688535,4.370411964
Cc1n[nH]nc1-c1cc2c(c(-c3c(Cl)cccc3Cl)c1)C(c1ccc(Cl)cc1)N1C(c3ccoc3C)=NC1c1ccc(-c3ccsc3)cc1C2,中毒,32.855766,43.573074,0.191244782,4.370423544
Cc1n[nH]nc1-c1cc2c(c(-c3c(Cl)cccc3Cl)c1)C(c1ccc(Cl)cc1)C(c1ccccc1)N(c1cc(Cl)cn(C3CC(O)(CO)C3)c1=O)C2=O,中毒,22.081963,18.239529,0.148682929,4.370838986
Cc1n[nH]nc1-c1cc2c(c(-c3c(Cl)cccc3Cl)c1)C(c1ccccc1)C(c1ccc(Cl)cc1)N(c1cc(Cl)cn(C3CC(O)(CO)C3)c1=O)C2=O,中毒,22.081963,18.239529,0.148682929,4.370838986
Cc1n[nH]nc1-c1cc2c(c(-c3c(Cl)cccc3Cl)c1)C1C(=CC=C(Cl)C=C2)C(=O)N1c1cc(Cl)cc(Cl)c1,中毒,27.939438,170.65643,0.234130379,4.370856142
Cc1n[nH]nc1-c1cc2c(c(-c3c(Cl)cccc3Cl)c1)C(c1ccc3c(c1)CC(C)(C)NC3=O)N(c1cc(Cl)cn(C3CC(O)(CO)C3)c1=O)C2,中毒,9.036046,23.982338,0.150172402,4.371045908
Cc1n[nH]nc1C1=C(C2CC2)C(=O)c2c3c(oc2=C1C#Cc1ccc2nc[nH]c2c1)=CC(N(C)C(=O)NCc1cnc(F)c(C(F)(F)F)c1)=N3,中毒,53.462574,17.969591,0.146686067,4.371592855
Cc1n[nH]nc1-c1cc2c(c(-c3c(Cl)cc(Cl)cc3Cl)c1-c1cnn(C)c1)C(c1ccc(Cl)cc1)N(c1cc(Cl)cn(C3CC(O)(CO)C3)c1=O)C2,中毒,10.009384,11.733231,0.148166911,4.371636433
Cc1n[nH]nc1-c1cc2c(c(-c3c(Cl)ccc(Cl)c3Cl)c1)C(c1ccc(N(C)C(=O)NN)cc1)N(c1cc(Cl)cn(C3CC(O)(CO)C3)c1=O)C2,中毒,6.3808517,8.519041,0.054862856,4.371709309
Cc1n[nH]nc1-c1cc2c(c(-c3c(Cl)cccc3Cl)c1)C(c1ccc(Cl)cc1)N(c1cc(Cl)cn(C3CC(O)(CO)C3)c1=O)C(O)C2,中毒,19.016203,18.239529,0.153418878,4.372256239
Cc1n[nH]nc1-c1cc(-c2c(Cl)cccc2Cl)c2c(c1)C(c1ccnc(CO)c1)N(c1cc3ccc(Cl)cc3nc1OCC#N)C2c1ccc(Cl)cc1,中毒,30.692165,19.23989,0.156299112,4.372460132
Cc1n[nH]nc1-c1cc2c(c(-c3c(Cl)cccc3Cl)c1)C(c1ccc(Cl)cc1)N(c1cc(Cl)cn3nc(OCC(O)CO)c(O)c13)C2,中毒,33.033947,12.061726,0.12983022,4.372469133
Cc1n[nH]nc1-c1cc2c(c(-c3c(Cl)cccc3Cl)c1)C(c1cccs1)S(=O)(=O)N(c1cc(Cl)cn(C3CC(O)(CO)C3)c1=O)C2,中毒,12.233928,16.417507,0.191954117,4.372612287
Cc1n[nH]nc1-c1cc2c(c(-c3c(Cl)cccc3Cl)c1)C(c1ccc(Cl)cc1)N(C1=c3ccccc3=C(Cl)OC=C1)C1=C2C(=O)CC(C)(C)C1,中毒,34.822712,35.111286,0.198914421,4.372869974
Cc1n[nH]nc1-c1cc2c(c(-c3c(Cl)cccc3Cl)c1)C(C(NN)c1cc3ccc(Cl)cc3s1)c1ccc(-c3ccc(OC(F)(F)F)c(Cl)c3)cc1-2,中毒,10.579867,15.992779,0.110403732,4.372912305
Cc1n[nH]nc1-c1cc(Cl)c2c(c1)-c1cc(F)ccc1C=C1C(=O)N(S(C)(=O)=O)C=C1P2(=O)c1ccc(F)cc1,中毒,19.591078,14.3937645,0.341218744,4.373137873
Cc1n[nH]nc1-c1cc2c(c(-c3c(Cl)cccc3Cl)c1)C(c1ccc3c(c1)C(O)(C(F)(F)F)c1ccccc1-3)C(c1cccs1)N2,中毒,7.574122,41.95967,0.174011209,4.373364525
Cc1n[nH]nc1C1(C)C(=O)N(c2ccc(Cl)c(C(F)(F)F)c2)C(=O)C1(C)c1ccc(NC2(C(=O)O)CCC(F)(F)CC2)cc1,中毒,11.575808,17.220755,0.222316764,4.373369268
Cc1n[nH]nc1-c1cc2c(c(-c3c(Cl)cccc3Cl)c1Cl)S(=O)(=O)C(c1ccc(Cl)cc1)N(c1cc(Cl)cn(C3CC(O)(CO)C3)c1=O)C2=O,中毒,6.4201846,9.173887,0.164808498,4.373379152
Cc1n[nH]nc1-c1cc2c(c(-c3c(Cl)cccc3Cl)c1)C(c1ccc(Cl)cc1)N(C1CN(C(C3CC3)C3CC3)C1=O)c1cc(C(F)(F)F)ccc1-2,中毒,17.38497,17.374432,0.168404306,4.373413249
Cc1n[nH]nc1-c1cc2c(c(-c3c(Cl)cccc3Cl)c1)S(=O)(=O)C(c1ccc(Cl)cc1F)N(c1cc(Cl)cn(C3CC(O)(CO)C3)c1=O)C2=O,中毒,6.4201846,9.173887,0.175134196,4.373795547
Cc1n[nH]nc1-c1cc2c(c(-c3c(Cl)cccc3Cl)c1)C(c1ccc(Cl)cc1)N1C(C2)C(=O)N(c2cc(Cl)c(Cl)cc2Cl)C1c1ccc(Cl)cc1,中毒,7.048923,15.055594,0.176103162,4.374176741
Cc1n[nH]nc1-c1cc2c(c(-c3c(Cl)cccc3Cl)c1)C(c1ccc(N(CC#N)CC3CCC3)cc1)N(c1cc(Cl)cn(C3CC(O)(CO)C3)c1=O)C2,中毒,6.1933956,8.519041,0.122316376,4.374288466
CC(=O)C1=C2C(c3cc(F)cc(Cl)c3)=C(c3n[nH]nc3C)C2C(CNC2CC2)C(N2CCN(c3ccc(F)cc3)CC2)=C1c1c(Cl)cccc1Cl,中毒,9.627651,47.460907,0.179289108,4.374321183
COc1c(C2c3c(-c4c(Cl)cc(Cl)cc4Cl)cc(-c4n[nH]nc4C)cc3C(c3cccc(I)c3)N2C#N)ccc2c1OCO2,中毒,47.318874,15.425638,0.141645697,4.374944555
Cc1n[nH]nc1-c1cc2c(c(-c3c(Cl)cccc3Cl)c1)C(C)C(c1ccc(Cl)cc1)N(c1cc(Cl)cn(C3CC(O)(CO)C3)c1=O)C2=O,中毒,22.081963,19.79431,0.164340611,4.375232893
COCC(=O)N1CC(n2cc(Cl)cc(N3Cc4cc(-c5n[nH]nc5C)cc(-c5c(Cl)cccc5Cl)c4C3c3ccc(Cl)cc3)c2=O)CC1=O,中毒,18.275661,11.733231,0.186889075,4.375294249
Cc1n[nH]nc1-c1cc2c3nc(-c4ccc(Br)s4)cn3c(=O)c3c(O)cc(O)c(Cl)c3c(=O)c(-c3c(Cl)ccc(C#N)c3F)c-2c1Cl,中毒,12.959331,35.111286,0.163498432,4.375887782
Cc1n[nH]nc1-c1cc2c(c(-c3c(Cl)cccc3Cl)c1)C(c1ccc(Cl)cc1)NP(=O)(CC1CC1)N(O)C2,中毒,22.264135,18.258038,0.205286872,4.376519099
Cc1ncc(C2=C=C3C=C(c4n[nH]nc4C)C3=C3N=C(Sc4c(Cl)ccc(Cl)c4Cl)N=C3C=C2Cl)cc1-c1ccc(N2C(=O)CCC2=O)cc1,中毒,7.494668,40.22844,0.123422131,4.377117824
Cc1n[nH]nc1-c1cc2c(c(S(=O)(=O)c3ccc(Cl)cc3)c1)C(c1ccc(Cl)cc1)N(c1cc(Cl)cn(C3CC(O)(CO)C3)c1=O)C2O,中毒,10.022393,25.020584,0.172192224,4.37747014
Cc1n[nH]nc1-c1cc2c(c(-c3c(Cl)cccc3Cl)c1)N(c1cc(Cl)cn(C3CC(O)(CO)C3=O)c1=O)C2=O,中毒,38.86924,18.239529,0.319690645,4.378067821
Cc1n[nH]nc1-c1cc(-c2c(Cl)cccc2Cl)c2c(c1)C(C)(C)C2c1cc2c(cc1Cl)N(c1cc(Cl)cn(C3CC(O)(CO)C3)c1=O)C2=O,中毒,9.166516,15.303033,0.162399079,4.378214111
Cc1n[nH]nc1-c1cc(-c2c(Cl)cccc2Cl)c2c(c1)N1C(=O)C(N(C)C(=O)C3CC3)C21c1cc(Cl)c(O)c(Br)c1,中毒,32.15946,42.34145,0.229358279,4.378216781
Cc1n[nH]nc1-c1cc(-c2c(Cl)cccc2Cl)c2c(c1)N(c1ccc(N3CC(c4ccc(F)cc4)C(C(F)(F)F)=N3)c(O)c1)C2c1ccc(Cl)cc1,中毒,10.868746,54.31263,0.165164617,4.379410578
Cc1n[nH]nc1-c1cc2c(c(-c3c(Cl)cccc3Cl)c1)C(c1ccc(Cl)cc1)S(=O)(=O)N(c1cc(Cl)cn(C3CC(O)(CO)C3)c1=O)C=C2,中毒,12.362858,15.303033,0.166514453,4.379540333
Cc1n[nH]nc1-c1cc2c(c(-c3c(Cl)cccc3I)c1)C(c1ccc(N(C)C(C)(C)C)cc1)N(c1cc(Cl)cn(C3CC(O)(CO)C3)c1=O)C2,中毒,28.184814,9.719319,0.143210761,4.379622525
Cc1n[nH]nc1-c1cc(-c2cc(Cl)ccc2Cl)c2c(c1)C(Cl)N(c1cc(Cl)cn(C3CC(O)(CO)C3)c1=O)C2c1ccc(Cl)cc1,中毒,39.425797,17.240566,0.12105023,4.379669295
Cc1n[nH]nc1C1=CC2=C(Cl)N=c3cc(Cl)ccc3=C3C(=O)N(c4cc(Cl)c(=O)n(C)c4)C(c4ccc(Cl)cc4)C3=C2C1(C)C,中毒,28.345415,36.510887,0.260820123,4.379778371
Cc1n[nH]nc1-c1cc2c(c(-c3c(Cl)cccc3Cl)c1)C(c1ccc(Cl)cc1)c1c(sc3c1C(=O)C=C3c1cccs1)C(c1ccc(Cl)cc1)N2,中毒,28.345415,17.375687,0.182420191,4.379819221
Cc1n[nH]nc1C1=CC(c2c(-c3cn(C(C)CO)c(=O)c4c3CN(C)CC4)cc(Br)c(Oc3ccccc3Cl)c2-c2ccnc(N)c2Cl)=C1,中毒,44.88779,18.589855,0.14837702,4.380187227
Cc1n[nH]nc1-c1cc2c(c(-c3c(Cl)cccc3Cl)c1)C(c1ccc3c(c1)N(C)C(=O)NC3)N(c1cc(Cl)cn(C3CC(O)(CO)C3)c1=O)C2,中毒,10.009384,10.648614,0.158612579,4.380500709
Cc1n[nH]nc1-c1cc2c(c(-c3c(Cl)cccc3Cl)c1)C(c1ccc(Cl)cc1)N(c1ccc(Cl)cc1)C1=NC3(COC3)C1=N2,中毒,35.915714,25.667976,0.208941708,4.380994138
Cc1n[nH]nc1-c1csc(-c2cc3nc(-c4c(Cl)ccc(S(=O)(=O)N=C5NC(=O)C(C)S5)c4Cl)cc-3ncc2NC(=O)c2cccs2)c1,中毒,18.467403,17.488447,0.155371869,4.382319165
Cc1n[nH]nc1-c1cc(-c2c(Cl)cccc2Cl)c2c(c1)C(c1ccc(Cn3cccn3)c(F)c1)N(c1ccc(Cl)n3ncnc13)C2c1ccc(Cl)cc1,中毒,13.327797,15.139658,0.161977777,4.382588799
Cc1n[nH]nc1-c1cc2c(c(-c3c(Cl)cccc3Cl)c1)C(c1ccc(Cl)cc1)N1C(c3ccc(Cl)cc3)N(c3ccc(Cl)cc3)C(C)(C)C1CC2,中毒,14.497656,14.4546585,0.189528908,4.38364572
Cc1n[nH]nc1C1(c2ccnc(NC3CC(Oc4ccc(F)cc4)CN(C(=O)c4cnc5ncccn45)C3)c2)CCN(C(=O)OC(C)(C)C)CC1,中毒,44.514183,11.8483305,0.242919731,4.383917126
Cc1n[nH]nc1-c1cc2c(c(=O)[nH]c1=O)C(c1ccc(Cl)cc1)N(c1cc(Cl)cn(C3CC(O)C(O)C3)c1=O)C2=O,中毒,8.614452,18.232977,0.276790695,4.384055608
Cc1n[nH]nc1C1=C2C(=O)OC3=C2C(=C1)C(=O)N(c1cc(Cl)cn(C2CC(O)(CO)C2)c1=O)C3c1ccc(Cl)cc1,中毒,32.17651,13.503714,0.381944218,4.384269137
Cc1n[nH]nc1-c1cc2c(c(=O)[nH]c1=O)C(c1ccc(Cl)cc1)N(c1cc(Cl)cn(C3CC(N)=C(O)C3)c1=O)C2=O,低毒,21.352335,18.232977,0.278222445,4.385101163
Cc1n[nH]nc1C1=CC2=C(O)N=c3cc(Cl)ccc3=C3C(=C2C1)C(c1ccc(Cl)cc1)N(c1ccc(Cl)cc1)C3c1cccnc1,中毒,31.67751,18.20841,0.204807853,4.385595106
Cc1n[nH]nc1-c1cc2c(c(-c3c(Cl)cccc3Cl)c1)C(O)C(c1ccc(Cl)cc1)N(c1cc(Cl)cn(C3CC(O)(CO)C3)c1=O)C2=O,中毒,16.692194,18.239529,0.152179921,4.386361869
Cc1n[nH]nc1C1=CC2=C(P(=O)(O)O)C(c3ccncc3)=C(c3cc(Cl)ccc3-c3cccnc3)C(=O)C2=C1CC1CCC(F)(F)C1,中毒,48.594563,19.505285,0.172751351,4.386828141
Cc1n[nH]nc1C1=CC2=C3C1=CC(Cl)=C3C(c1ccc(Cl)cc1)N(c1cc(Cl)cn(C3CC(O)(CO)C3)c1=O)C2=O,中毒,23.909687,13.503714,0.389365965,4.387481687
Cc1n[nH]nc1-c1cc2c(c(-c3c(Cl)cccc3Cl)c1)C(c1ccc(Cl)cc1)C(c1ccc(Cl)cc1)N(c1cc(Cl)cn(C3CC(F)(F)C3)c1=O)C2,中毒,25.443987,18.614723,0.182254769,4.387962982
Cc1n[nH]nc1-c1cc(-c2c(Cl)cccc2Cl)c2c(c1)-c1c3cc(c-3coc3ccccc3c1=O)OC2c1ccc(Cl)cc1,中毒,7.136081,80.68094,0.208819034,4.388178773
Cc1n[nH]nc1-c1cc2c(c(-c3c(Cl)cccc3Cl)c1)C(c1ccc(Cl)cc1)NC(c1ccc(Cl)cc1)N(C(C)CO)c1ccc(C(F)(F)F)cc1-2,中毒,16.334988,32.32155,0.156830554,4.388755395
Cc1n[nH]nc1-c1cc2c(c(-c3c(Cl)cccc3Cl)c1)S(=O)(=O)C(c1ccc(Cl)cc1)N(c1cc(Cl)cn(C3CC(O)(CO)C3)c1=O)C=C2,中毒,7.2678275,10.648614,0.16463627,4.389166464
Cc1n[nH]nc1C1C(=O)N(c2cc(Cl)cn(C3CC(O)(CO)C3)c2=O)C(c2ccc(Cl)cc2)c2ccc3nccnc3c21,中毒,22.081963,41.73536,0.268996201,4.38944506
Cc1n[nH]nc1-c1cc2c(c(-c3c(Cl)ccc(Cl)c3Cl)c1C(N)=O)C(c1ccc3c(c1)OCO3)N(c1cc(Cl)cn(C3CC(O)(CO)C3)c1=O)C2,中毒,6.4201846,8.519041,0.140576174,4.389541249
Cc1n[nH]nc1-c1c[n+]([O-])c2c3c(sc2c1-c1ccc(Cl)cc1)C(c1ccc(Cl)s1)N(c1coc(=O)c(Cl)c1)C3=O,中毒,8.984515,15.046138,0.163074568,4.390647958
CC1=CC(=CCCOP2(=O)Cc3cc(-c4n[nH]nc4C)cc(-c4c(Cl)cccc4Cl)c32)C(=O)NC1=O,中毒,10.312044,10.465842,0.193505936,4.391304202
Cc1n[nH]nc1C1=CC2=C(c3c(Cl)ccc4cc(Br)ccc34)C(=O)C3=C(OCC4CC34)C2=C1,中毒,41.112835,45.181587,0.454308288,4.391715657
Cc1n[nH]nc1-c1cc2c(c(-c3c(Cl)cccc3Cl)c1)C(c1ccc(Cl)cc1)C1=C(C3=C1CCC3)N(c1cc(Cl)cn(C3CC(O)(CO)C3)c1=O)C2,中毒,17.2525,18.239529,0.159009598,4.392001959
Cc1n[nH]nc1-c1cc2c(c(-c3c(Cl)cccc3Cl)c1)S(=O)(=O)C(c1ccc(Cl)nc1)N(c1cc(Cl)cn(C3CC(O)(CO)C3)c1=O)C2=O,中毒,6.4201846,13.503714,0.180782272,4.392288983
Cc1n[nH]nc1-c1cc(-c2c(Cl)cccc2Cl)c2c(c1)C(c1cccc(Cl)c1)N(C#N)C(c1ccc(Cl)cc1)C2c1ccc2c(c1)OCO2,中毒,33.847565,8.794319,0.178140577,4.392712468
Cc1n[nH]nc1-c1cc2c(c(-c3c(Cl)cccc3Cl)c1)C(c1ccc(Cl)cc1)N(C1Nc3cc(Cl)ccc3O1)C1=C2C(=O)CC(C)(C)C1,中毒,25.896519,20.55957,0.192644634,4.392863736
Cc1cc(NC(=O)c2ccc3c(c2)C2c4cc(-c5n[nH]nc5C)cc(-c5c(Cl)cccc5Cl)c4C(c4ccc(Cl)cc4)N(c4ccc(Cl)cc4)C32)on1,中毒,50.89639,10.417193,0.174372003,4.393025204
Cc1n[nH]nc1-c1cc(-c2c(Cl)cccc2Cl)c2c(c1)C(Cl)N(c1cc(Cl)cn(C3CC(O)(CO)C3)c1=O)C2c1ccc(Cl)cc1,中毒,39.425797,17.240566,0.12105023,4.39307843
Cc1n[nH]nc1C1CC(Nc2c(C(=O)C3CC3)c(Oc3ccc(Cl)cc3F)c(Cl)c3c(Cl)cc(F)c(F)c23)C(=O)N1,中毒,25.778873,21.781818,0.149943994,4.393450001
Cc1n[nH]nc1C1=CC2=C(c3ccc(Oc4ccc(C(F)(F)F)cn4)nc3C(F)(F)F)C(Cl)=NC2=C1OCCCN1CCC(F)C1,中毒,7.494668,18.977041,0.195503599,4.393705098
Cc1n[nH]nc1-c1cc2c(c(-c3c(Cl)cccc3Cl)c1)C(c1ccc(Cl)c(P(=O)(O)O)c1)N(c1cc(Cl)cn(C3CC(O)(CO)C3)c1=O)C2,中毒,12.247189,9.912456,0.121639315,4.394001803
Cc1n[nH]nc1-c1cc2c(c(-c3c(Cl)cccc3Cl)c1)CS(=O)(=O)C(c1ccc(Cl)c(F)c1)N(c1cc(Cl)cn(C3CC(O)(CO)C3)c1=O)C2,中毒,6.4028664,8.960914,0.16662562,4.394237241
Cc1n[nH]nc1-c1cc2c(c(-c3c(Cl)cccc3Cl)c1)S(=O)(=O)C(c1ccc(Br)cc1F)N(c1cc(Cl)cn(C3CC(O)(CO)C3)c1=O)C2=O,中毒,6.4201846,9.173887,0.171635992,4.39444754
Cc1n[nH]nc1-c1cc(-c2c(Cl)cccc2Cl)c2c(c1)C(CO)N(c1cc(Cl)cn(C3CC(O)(CO)C3)c1=O)C2c1ccc(Cl)cc1,中毒,9.036046,18.239529,0.144260371,4.394461876
Cc1n[nH]nc1-c1cc2c(c(-c3c(Cl)cccc3Cl)c1)C(c1ccc(Cl)cc1)N1C(=O)OC(c3ccoc3)(c3ccc(Cl)cc3Cl)C1=C2,中毒,55.4515,18.654308,0.190607266,4.394846467
Cc1n[nH]nc1-c1cc(-c2c(Cl)cccc2Cl)c2c(c1)C(c1ccc(Cl)cc1)C1C(=O)N(c3cc(Cl)cc(Cl)c3)C(=O)C21c1cc(Cl)ccc1Cl,中毒,12.88552,44.381382,0.175872882,4.395859891
Cc1n[nH]nc1-c1cc2c(c(-c3c(Cl)cccc3Cl)c1)C(Cl)C(c1ccc(Cl)cc1)N(c1cc(Cl)cn(C3CC(O)(CO)C3)c1=O)C2=O,中毒,24.385923,17.379768,0.151664733,4.396189515
Cc1n[nH]nc1-c1cc2c(Cl)c(c1F)C=c1c(=O)c(C(=O)O)cn(C3CC3)c1=C2Cl,中毒,57.137367,12.227233,0.642115743,4.396425038
Cc1n[nH]nc1C1=C2C(=O)N(c3cc(Cl)cn(C4CC(O)(CO)C4)c3=O)C(c3ccc(Cl)cc3)C3=C2C(=CC1=O)C(Cl)=C3Cl,中毒,9.5269375,13.16881,0.357144314,4.396644486
Cc1n[nH]nc1C1=CC(C(=O)NCC#Cc2cc(Cl)cc(C3(C(=O)O)CC3)c2)=C1C(OC(C)(C)C(=O)O)C(F)(F)F,中毒,12.488247,40.53385,0.322361117,4.397011286
Cc1n[nH]nc1-c1cc2c(C3CC(c4cc[nH]n4)=NO3)c(Cl)c(Cl)c3c(=O)c(C(=O)O)cn3c12,中毒,49.650288,12.538274,0.342745362,4.398641856
Cc1n[nH]nc1-c1cc2c(c(-c3c(Cl)cccc3Cl)cc1=O)C(c1cnco1)N(c1cc(Cl)cn(C3CC(O)(CO)C3)c1=O)C2=O,中毒,4.800094,8.519041,0.229663157,4.398693898
Cc1n[nH]nc1-c1cc2c(c(-c3c(Cl)cccc3Cl)c1)C(c1ccc(Cl)cc1)N(c1cc(Cl)cn(C3CC(O)C(O)C3)c1=O)CC2,中毒,16.57566,18.239529,0.17650453,4.399524877
Cc1n[nH]nc1-c1cc(-c2c(Cl)cccc2Cl)c2c(c1)C(c1ccc(Cl)cc1)N(c1cc(Cl)cn(C3CC(O)(CO)C3)c1=O)C2c1cccnc1,中毒,6.3808517,12.110745,0.149657124,4.39959426
Cc1n[nH]nc1-c1cc(-c2c(Cl)ccc(Cl)c2Cl)c2c(c1)C(O)C(O)C2n1cnc2c(N(C)C)ncnc21,中毒,29.52454,13.888707,0.266834119,4.400387972
Cc1n[nH]nc1-c1cc(-c2c(Cl)cccc2Cl)c2c(c1)C(C)N(c1cc(Cl)cn3c(=O)c(C(=O)O)c(Cl)c-3c1O)C2c1ccc(Cl)cc1,中毒,35.431194,16.97034,0.160891932,4.40126158
Cc1n[nH]nc1-c1cc2c(c(-c3c(Cl)cccc3Cl)c1)C(N)C(c1ccc(Cl)cc1)N(c1cc(Cl)cn(C3CC(O)(CO)C3)c1=O)C2=O,中毒,22.081963,18.239529,0.152504648,4.401335496
Cc1n[nH]nc1-c1cc(-c2c(Cl)cccc2Cl)c2c(c1)C(C)N(c1cc(Cl)cn(C3CC(O)(CO)C3)c1=O)C2c1ccncc1,中毒,9.036046,18.239529,0.185129952,4.401483886
Cc1n[nH]nc1-c1cc2c(c(-c3c(Cl)cccc3Cl)c1)C(c1ccc(Cl)cc1)NP(=O)(CC1CC1)N(CC1CC1)C2=O,中毒,51.98277,8.505882,0.197617339,4.401875059
Cc1n[nH]nc1-c1cc(-c2c(Cl)cccc2Cl)c2c(c1)N(C)S(=O)(=O)c1cc(Cl)ccc1C2N(C)C1=NCC(F)(F)CC1,中毒,13.180436,18.259386,0.246297594,4.402434833
Cc1n[nH]nc1-c1cc(-c2c(Cl)cccc2Cl)c2c(c1)C(F)N(c1cc(Cl)cn(C3CC(O)(CO)C3)c1=O)C2c1ccc(Cl)cc1,中毒,9.036046,9.912456,0.155819023,4.402963285
Cc1n[nH]nc1C1=C(C2CCC2c2cc(NC(=O)c3ccc(Cl)nc3)c(F)cc2F)N=C(N)C1(C(F)(F)F)C(F)(F)F,中毒,26.634964,21.944035,0.236129321,4.402963339
Cc1n[nH]nc1-c1cc2c(c(=O)[nH]c1=O)C(c1cc(Cl)c(O)cc1OCC(O)CO)=C1C=C(c3cn(-c4c(F)cccc4F)nn3)C=C12,中毒,12.897044,33.968105,0.163528946,4.402985786
Cc1n[nH]nc1-c1cc2c(c(-c3c(Cl)cccc3Cl)c1)P(=O)(N1CC1)N(c1cc(Cl)cn(C3CC(O)(CO)C3)c1=O)C2=O,中毒,28.629448,8.911559,0.203575856,4.40303388
Cc1n[nH]nc1-c1cc(-c2c(Cl)cccc2Cl)c2c(c1)C(C)N(c1cc(Cl)cn(C3CC(O)(CO)C3)c1=O)C2c1ccc(C#N)cc1,中毒,9.036046,18.239529,0.172547072,4.403627819
Cc1n[nH]nc1-c1cc2c(c(-c3c(Cl)ccc(S(=O)(=O)O)c3Cl)c1N)C(c1ccc(Cl)cc1)N(c1cc(Cl)cn(C3CC(O)(CO)C3)c1=O)C2,中毒,9.166516,13.489636,0.09382282,4.403709303
Cc1n[nH]nc1-c1cc2c(c(-c3c(Cl)cccc3Cl)c1)C(N)C(c1ccc(F)cc1)N(c1cc(Cl)cn(C3CC(O)(CO)C3)c1=O)C2=O,中毒,15.809174,16.862432,0.164791746,4.404023523
Cc1n[nH]nc1-c1cc2c(c(-c3c(Cl)cccc3Cl)c1)C(c1ccc(Cl)cc1)N(c1cc(Cl)cn(C3CC(C)(C)OC3=O)c1=O)C=C2,中毒,16.310873,10.648614,0.183417496,4.404105275
Cc1n[nH]nc1-c1cc2c(c(-c3c(Cl)cccc3Cl)c1)CC(c1ccc(Cl)cc1)N(c1cc(Cl)cn(C3CC(O)C(O)C3)c1=O)C2=O,中毒,22.081963,19.79431,0.176968792,4.404232337
Cc1n[nH]nc1-c1cc2c(c(-c3c(Cl)cccc3Cl)c1)C(c1ccc3c(c1)OCO3)C(c1ccc(Cl)cc1)C1C(=O)OCC1=N2,中毒,23.670134,34.143444,0.195305203,4.404334157
Cc1n[nH]nc1-c1cc2c(c(-c3c(Cl)cccc3Cl)c1)P(=O)(c1ccc(Cl)cc1)N(c1cc(Cl)cn(C3CC(O)(CO)C3)c1=O)C2=O,中毒,13.089674,9.173887,0.177584895,4.405161746
Cc1n[nH]nc1N1CCC(C2CC(N)=N2)c2c(F)cc(-c3cnnn3Cc3ccc(Cl)cc3Cl)c(Cl)c21,中毒,17.248045,27.656002,0.343536764,4.406254185
Cc1n[nH]nc1-c1cc2c(c(-c3c(Cl)cccc3Cl)c1)C(c1ccc(N3C(=O)OC(C)(C)C4(CC4)C3=O)c(Cl)c1)N2,中毒,49.51154,30.554102,0.243766491,4.406339414
Cc1n[nH]nc1-c1cc(-c2c(Cl)cccc2Cl)c2c(c1)S(=O)(=O)N(c1cc(Cl)cn(C3CC(O)(C(=O)O)C3)c1=O)C2c1ccc(Cl)cc1CF,中毒,9.825931,16.862432,0.157363921,4.406511886
Cc1n[nH]nc1-c1cc2c(=O)oc3c(c(-c4c(Cl)cccc4Cl)c-2c1O)C(=O)N(c1cc(Cl)cn(C2CC(O)(CO)C2)c1=O)C3c1ccc(Br)cc1,中毒,32.17651,13.447941,0.13928388,4.406646818
Cc1n[nH]nc1-c1ccc2c(-c3c(Cl)cccc3Cl)nc(-c3c(Cl)cncc3Cl)c(C3CC(O)(c4ccc(Cl)cc4Cl)C(N)=N3)c2c1,中毒,14.704659,49.715515,0.161498858,4.406953178
Cc1n[nH]nc1-c1cc(-c2c(Cl)ccc(Cl)c2Cl)c2c(c1)C(C)N(c1cc(Cl)cn(C3CC(O)(CO)C3)c1=O)C2c1ccc(Cl)cc1,中毒,6.3808517,16.862432,0.151158658,4.407110472
Cc1n[nH]nc1C1(C)C(c2cc(Cl)ccc2Cl)N(c2cc(Cl)cn(C3CC(O)(CO)C3)c2=O)C(=O)N1Cc1ccc(C(N)=O)cc1,中毒,19.275417,15.303033,0.211585077,4.407144209
Cc1n[nH]nc1-c1cc2c(c(-c3c(Cl)cccc3Cl)c1)C(c1ccc(Cl)cc1)NP(=O)(NC1CCC(OCc3ccncc3)CC1)O2,中毒,25.481276,29.210026,0.13683184,4.407317287
Cc1n[nH]nc1-c1cc2c(n1-c1ccc(Cl)cc1F)C(c1ccc(Cl)cc1)N(c1cc(Cl)cn(C3CC(O)(CO)C3)c1=O)C2C,中毒,15.763229,13.466203,0.188894362,4.407547191
Cc1n[nH]nc1C1(c2ccc(OCc3ccc(Br)cc3)c(Cl)c2)C(c2ccc(Cl)cc2)C([N+](=O)[O-])C1(O)C(F)(F)F,中毒,37.44503,9.114193,0.165362482,4.40787829
Cc1n[nH]nc1-c1cc2c(c(-c3c(Cl)cccc3Cl)c1)C(c1ccc(Cl)cc1)N1C(=C2)C=C2CN(C)CN2C1c1ccc(Cl)cc1,中毒,199.79135,10.19484,0.204221965,4.407906697
Cc1n[nH]nc1-c1cc2c(c(-c3c(Cl)cccc3Cl)c1)C(c1ccc(Cl)cc1)N(C1CC(O)(CO)OC1=O)C2,中毒,43.093777,36.17334,0.272311293,4.408005372
Cc1n[nH]nc1-c1cc2c(c(-c3c(Cl)cccc3Cl)c1)C(c1ccc(Cl)cc1)N(c1cc(F)c(=O)c(S(=O)(=O)C(C)C)c3c1C(C)C3)C2,中毒,33.543568,26.248499,0.188159547,4.408338735
Cc1n[nH]nc1-c1cc(-c2c(Cl)cccc2Cl)c2c(c1)C(c1ccc(Cl)cc1)N(P(=O)(O)O)C(c1ccc(Cl)cc1)NC2c1ccc(Cl)cc1,中毒,66.65917,21.929697,0.124348845,4.408509635
Cc1n[nH]nc1-c1cc2c(c(-c3c(Cl)ccnc3Cl)c1)C(c1ccc(Cl)cc1)N(C(N)=O)N(c1cc(Cl)cn(C3CC(O)(CO)C3)c1=O)C2=O,中毒,15.763229,12.095076,0.158687517,4.408741589
Cc1n[nH]nc1-c1cc(-c2c(Cl)cccc2Cl)c2c(c1)C(Br)N(c1cc(Cl)cn(C3CC(O)(CO)C3)c1=O)C2c1ccc(Cl)cc1,中毒,8.459931,9.912456,0.118856918,4.408768934
Cc1n[nH]nc1-c1cc2c(c(-c3c(Cl)cccc3Cl)c1)C(c1ccc(Cl)cc1)N(c1cc(Cl)cn(C3CC(O)C(O)C3)c1=O)C2,中毒,6.8665094,9.912456,0.178526819,4.408966672
Cc1n[nH]nc1-c1cc2c(c(-c3c(Cl)cccc3Cl)c1)C1(c3cc(Cl)c(Cl)cc3N(C(N)=O)c3cc(Cl)cc(Cl)c3)CN(C)C1C2,中毒,6.6778407,35.983723,0.188327779,4.409961002
Cc1n[nH]nc1-c1cc2c(c(-c3c4ccccc4nn3C)[n+](C)c1=O)C(c1ccc(Cl)cc1)N(c1cc(Cl)cn(C3CC(O)(CO)C3)c1=O)C2=O,中毒,10.149779,13.503714,0.218558648,4.41008036
Cc1n[nH]nc1-c1cc(C(C)(C)C)c(O)c(C(=O)N2CCC3(CC2)OCc2cc(C#Cc4cnc(C5=NCCN5)s4)ccc23)c1F,中毒,33.816017,16.763186,0.275180403,4.410113597
Cc1n[nH]nc1C1=CC2=C(C(c3c(Cl)cccc3Cl)=c3c(C(=O)O)cc(-c4cccc(O)c4)c(-c4ccc(Cl)cc4)c3=C1)C(NCP(=O)(O)O)C2,中毒,11.747667,54.88396,0.094542397,4.410485599
Cc1n[nH]nc1-c1cc2c(C(Nc3cc(Cl)cn(C4CC(O)(CO)C4)c3=O)c3ccc(Cl)cc3)c(-c3nc(C(F)(F)F)cc(Cl)c3C3CC3)c1-2,中毒,32.2444,12.82594,0.117856301,4.410938913
Cc1n[nH]nc1CC1(C(=O)Nc2cnc(-c3cn(C4CC4)c4ncc(-c5cnc6ccnn6c5)cc34)cn2)CCC1O,中毒,16.542763,15.727098,0.265167696,4.4110362
Cc1n[nH]nc1-c1cc2c(n1-c1ccc(Cl)cc1F)C(c1ccc(Cl)cc1)N(c1cc(Cl)cn(C3CN(C)C(=O)NC3=O)c1=O)C2=O,中毒,25.896519,14.710186,0.255964328,4.411050837
COC1c2cc(-c3n[nH]nc3C)cc(-c3c(Cl)cccc3Cl)c2C(c2ccc(Cl)cc2)N1c1cc(Cl)cn(C2CC(O)(CO)C2)c1=O,中毒,26.192316,9.912456,0.159741492,4.411694524
Cc1n[nH]nc1-c1cc2c(c(-c3c(Cl)cncc3Cl)c1)C(c1ccc(Cl)cc1)C(c1ccc(Cl)cc1)N(c1cc3c(s1)C(C)(C)CC3)C2=O,中毒,28.345415,18.42245,0.190666763,4.412369712
Cc1n[nH]nc1-c1cc2c(c(-c3c(Cl)ccc(Cl)c3Cl)c1)C(c1ccc(Cl)nc1)N(C(=O)NC1CC3(COC3)C1)C2,中毒,62.57501,9.018036,0.183088722,4.412736844
Cc1n[nH]nc1-c1cc2c(c(-c3c(Cl)cccc3Cl)c1)C(c1ccc(Cl)cc1)NNC1=CN(c3ccc(F)cc3F)C(c3ccc(Cl)cc3)C1=N2,中毒,21.243645,16.06142,0.163099077,4.412845155
Cc1n[nH]nc1-c1cc2c(c(-c3c(Cl)cccc3Cl)c1)C(Nc1cc(Cl)cn(C3CC(O)(CO)C3)c1=O)(c1ccc(C(C)(C)C#N)cc1)C2,中毒,22.081963,18.526705,0.131851719,4.413076532
Cc1n[nH]nc1-c1cc2c(c(-c3nc4ccc(-c5cnsc5)cc4s3)c1)C(c1ccc(Cl)cc1)N(c1cc(Cl)cn(C3CC(O)(CO)C3)c1=O)C2,中毒,43.309574,20.422,0.150181476,4.413489819
Cc1n[nH]nc1-c1cc2c(o1)C(c1ccc(Cl)cc1)N(c1cc(Cl)cn(C3CC(O)C(O)C3)c1=O)C2=O,中毒,13.3429985,20.735756,0.358108487,4.414029714
Cc1n[nH]nc1-c1cc2c(c(-c3c(Cl)cccc3Cl)c1)C(c1ccc(Cl)s1)N1C(=O)C(=O)N(C3CC(O)(CO)C3)C=C(Cl)C=C21,中毒,15.1464205,13.75741,0.202923393,4.414083602
Cc1n[nH]nc1-c1cc2c(c(-c3c(Cl)cccc3Cl)c1)C(F)C(c1ccc(Cl)cc1)N(c1cc(Cl)cn(C3CC(O)(CO)C3)c1=O)C2=O,中毒,15.809174,17.379768,0.164754646,4.414748567
Cc1n[nH]nc1-c1cc2c(c(-c3c(Cl)cccc3Cl)c1)C(c1ccc3c(c1)N(c1cc(Cl)cn(C(C)(CO)C(=O)O)c1=O)C3=O)C2,中毒,9.036046,18.239529,0.182683214,4.414756314
Cc1n[nH]nc1-c1cc2c(c(-c3c(F)cccc3Cl)c1Oc1ccc(Cl)cc1)C(c1ccc(Cl)cc1)N(c1cc(Cl)cn(C3CC(=O)N(C)C3)c1=O)C2,中毒,21.327534,12.110745,0.173164374,4.415288727
Cc1n[nH]nc1-c1cc2c(c(-c3c(Cl)cccc3Cl)c1)C(c1ccc(Cl)cc1)N(c1cc(Cl)cn(C3CC(O)(C(O)c4ccc(Cl)cc4)C3)c1=O)C2,中毒,9.036046,14.297296,0.148691718,4.415443804
Cc1n[nH]nc1-c1csc(C(=O)N2C=C3C=C(c4cnn(C5CC(C(N)=O)C5)c(=O)c4)C=C3C#CC2)c1,中毒,22.301805,11.308449,0.503550208,4.415716065
Cc1n[nH]nc1-c1cc2c(c(-c3c(Cl)cccc3Cl)c1)S(=O)(=O)C(c1ccc(Cl)cn1)N(c1cc(Cl)cn(C3CC(O)(CO)C3)c1=O)C2=O,中毒,32.17651,13.503714,0.193254872,4.415869496
COc1c2c3c(-c4c(Cl)cccc4Cl)c4c(cc(-c5n[nH]nc5C)c-3c(=O)c1C(=O)N(c1c(Cl)cc(C)cc1Cl)C(=O)N2C)CC4,中毒,6.700739,14.2372675,0.20341235,4.416351339
Cc1n[nH]nc1-c1cc(-c2c(Cl)cccc2Cl)c2c(c1)C(C)N(c1cc(Cl)cn(C3CC(O)(CO)C3)c1=S)C2c1ccc(Cl)cc1,中毒,9.036046,54.033077,0.152139573,4.416424343
Cc1n[nH]nc1-c1cc2c(c(-c3c(Cl)cccc3Cl)c1)C(c1ccc(Cl)cc1)N(c1ccn(C3CC(O)(CS(=O)(=O)C(C)(C)CF)C3)c1)C2,中毒,74.31381,11.760993,0.156978061,4.416853681
Cc1n[nH]nc1-c1cc(-c2c(Cl)cccc2Cl)c2c(c1)C(c1ccc(Cl)cc1)N(C1=CC(=O)N(C3CC(O)(CO)C3)C1)C2c1ccc(Cl)cc1,中毒,38.8281,11.777223,0.155304154,4.416928667
Cc1n[nH]nc1C1=CC2=C(c3ccc(OCC(=O)Nc4cc(C(=O)N5CCOCC5)c5ncc(Cl)cc5n4)c(Cl)c3)N=C(C3CC3)C(=C1)C2=O,中毒,30.612555,21.158436,0.255427829,4.417463052
Cc1n[nH]nc1-c1cc2c(c(-c3c(Cl)cccc3Cl)c1)C(c1ccc(Cl)cc1)N(c1cc(Cl)cn(C3CC(O)C(O)C3)c1=O)C(=O)C2,中毒,16.57566,18.239529,0.181294772,4.417565554
Cc1n[nH]nc1C1=CC2=C(C(c3c(Cl)cccc3Cl)=CC2)C(c2ccc3c(c2)OCCO3)C1C#Cc1ccc(N)nc1,中毒,3.8209896,19.306416,0.25333815,4.417865078
Cc1n[nH]nc1-c1cc2c3c-2c(Cl)cccc1C(=O)N(c1cc(Cl)cc(Cl)c1)C3c1ccc(Cl)cc1,中毒,24.64179,21.202948,0.24444898,4.417996753
Cc1n[nH]nc1-c1cc2c(o1)C(C1CC1)C(c1ccc(Cl)cc1)N(c1cc(Cl)cn(C3CC(O)(CO)C3)c1=O)C2=O,中毒,13.362017,17.786665,0.29101106,4.418272418
Cc1n[nH]nc1-c1c2c(c3c(c1F)c(=O)c(C(=O)O)cn3C1CC1)C(c1ccc(C#N)cc1)N(c1cc(Cl)cn(C3CC(O)(CO)C3)c1=O)C2,中毒,18.557116,13.503714,0.192452991,4.418744933
Cc1n[nH]nc1-c1cc2c(c(-c3c(Cl)cccc3Cl)c1)C(N1CC1)C(c1ccc(Cl)cc1)N(c1cc(Cl)cn(C3CC(O)(CO)C3)c1=O)C2=O,中毒,22.081963,18.239529,0.15239922,4.418853282
Cc1n[nH]nc1C1(C)CC(c2cc(Cl)ccc2OC(F)(F)F)N(C(=O)Nc2nc3c(cc2F)c(=O)c(C(=O)O)cn3-c2ccc(F)cc2F)C1=O,中毒,18.765804,18.807123,0.178467325,4.41920815
Cc1n[nH]nc1-c1cc2c(c(-c3c(Cl)cccc3Cl)c1)C(c1c[nH]c3ccc(F)cc13)C(c1cn3cccc3s1)NC2,中毒,32.907616,11.413324,0.186070504,4.419808079
Cc1n[nH]nc1C1=C(C(N)=O)C2=C3C(=CC2=C1)C(=O)N(c1cc(Cl)cn(C2CC(O)(CO)C2)c1=O)C3c1ccc(Cl)c(Cl)c1,中毒,6.4491625,13.503714,0.315892284,4.420305389
Cc1n[nH]nc1C1=CC2=C(O)N=c3cc(Cl)ccc3=C3C(=O)N(c4ccc(Cl)cc4)C(c4ccc(Cl)cc4)C3=C2C1C(C)(C)O,中毒,32.17651,35.05751,0.241846329,4.420565204
Cc1n[nH]nc1-c1cc2c(c(-c3c(Cl)cc(C#N)cc3Cl)c1C(F)(F)F)C(c1ccc(Cl)cc1)N(c1cc(Cl)cn(C3CC(O)(CO)C3)c1=O)C2,中毒,16.05132,9.912456,0.158304402,4.420705264
Cc1n[nH]nc1-c1cc2c(cc1N(C(=O)c1ccnc(F)c1)C(F)(F)F)CC(c1ccc(Cl)cc1)N(c1cc(Cl)cn(C3CC(O)(CO)C3)c1=O)C2,中毒,19.171915,16.272532,0.099747726,4.420986241
Cc1n[nH]nc1-c1cc2c(c(-c3c(Cl)cccc3Cl)c1)C(C(N)=O)C(c1ccc(Cl)cc1)N(c1cc(Cl)cn(C3CC(O)(CO)C3)c1=O)C2=O,中毒,33.033947,16.230408,0.152410174,4.421238181
Cc1n[nH]nc1-c1cc(-c2c(Cl)cccc2Br)c2c(c1)C(O)N(c1cc(Cl)cn(C3CC(O)(CO)C3)c1=O)C2c1ccc(Cl)cc1,中毒,6.7043605,9.912456,0.147753432,4.421640449
COCC1c2cc(-c3n[nH]nc3C)cc(-c3c(Cl)cccc3Cl)c2C(c2ccc(Cl)cc2)N1c1cc(Cl)cn(C2CC(O)(CO)C2)c1=O,中毒,10.009384,18.239529,0.151036998,4.421641414
Cc1n[nH]nc1-c1cc2c(c(-c3c(Cl)ccc(Cl)c3Cl)c(Cl)c1=O)C(c1c(Cl)cccc1Cl)N(c1cc(Cl)cn(C3CC(O)(CO)C3)c1=O)C2=O,中毒,7.266821,9.043079,0.146241828,4.421771332
Cc1n[nH]nc1-c1cc2c(c(-c3c(Cl)cccc3Cl)c1)C(c1ccc(Cl)cc1)N(C1=C(Cl)C(=O)N(C3CC(O)C(O)C3)C1=O)C2,中毒,39.46495,19.548931,0.22001128,4.422657301
Cc1n[nH]nc1-c1cc(-c2c(Cl)cccc2Cl)c2c(c1)C(C)CN(C)C(c1ccc(Cl)cc1)C2c1ccc(S(=O)(=O)NC(=O)c2ccc[nH]2)cc1,中毒,29.401556,9.501262,0.14960803,4.423580587
Cc1n[nH]nc1C1=C(C(=O)N2CCOCC2)c2cc(F)cc(Cl)c2C(=O)c2cc(Cl)c(N3CCN(Cc4ccn(C#N)c4)CC3)c3c2C(=C1)C3=O,中毒,34.63742,35.111286,0.312444651,4.424368219
Cc1n[nH]nc1-c1cc(-c2c(Cl)cccc2Cl)c2c(c1)C(CC(C)C)N(c1cc(Cl)cn(C3CC(O)(CO)C3)c1=O)C2c1ccc(Cl)cc1,中毒,9.036046,18.239529,0.146786755,4.424683999
Cc1n[nH]nc1-c1cc2c(c(-c3c(Cl)cccc3Cl)n1)C1(COC(N)=N1)c1ccc(-c3ccc(-c4cnn(C)c4)cn3)cc1-2,中毒,26.731873,37.696808,0.240551398,4.42473818
Cc1n[nH]nc1-c1cc(-c2c(Cl)cccc2Cl)c2c(c1)C(c1ccc(C#N)cc1)N(c1cc(Cl)cn(C3CC(O)(CO)C3)c1=O)C2c1ccc(Cl)cc1,中毒,6.3808517,13.447941,0.147508598,4.424985811
Cc1n[nH]nc1-c1cc2c(n1-c1ccc(Cl)c(Cl)c1)C(c1ccc(Cl)cc1)N(c1cc(Cl)cn(C3CC(O)(CO)C3)c1=O)C2O,中毒,26.991571,12.110745,0.172059447,4.426030145
Cc1n[nH]nc1-c1cc2c(c(-c3c(Cl)cccc3Cl)c1P(N)(=O)c1ccc(Cl)cc1)C(c1ccc(Cl)cc1)N(C#N)c1ccc(F)cc1-2,中毒,48.535458,17.888153,0.134926997,4.426079324
Cc1n[nH]nc1-c1cc(-c2c(Cl)cccc2Cl)c2c(c1)C(c1ccc(N3CCN(C(=O)N4C(C)CCC4CO)CC3)cc1)N2c1cc(Cl)cc(Cl)c1,中毒,22.360191,13.139426,0.178703855,4.426275409
Cc1n[nH]nc1-c1cc2c(c(-c3c(F)cccc3Cl)c1)[N+](=O)C(c1cccc(F)c1F)N(c1cc(Cl)cn(C3CC(O)(CO)C3)c1=O)C2=O,中毒,4.800094,13.466203,0.179022147,4.427015137
Cc1n[nH]nc1NC1=C2C(=O)N(c3cc(Cl)cn(C4CC(=O)N(C)C4=O)c3=O)C(c3ccc(Cl)cc3)C2=C(c2c(Cl)cccc2Cl)C1=O,中毒,8.011773,14.3937645,0.254295729,4.427154929
Cc1n[nH]nc1-c1cc2c(c(-c3c(Cl)cccc3Cl)c1)C(c1ccc(Cl)cc1)(c1ccc(Cl)cc1)N(c1cc(Cl)cn(C3CC(O)C(O)C3)c1=O)C2,中毒,6.8665094,9.912456,0.155353607,4.427719527
Cc1n[nH]nc1-c1cc(-c2c(Cl)cccc2Cl)c2c(n1)C(=O)N(c1cc(Cl)cn(C3CC(O)C(O)C3)c1=O)C2c1ccc(Cl)cc1,中毒,39.425797,12.110745,0.192685589,4.427839296
Cc1n[nH]nc1-c1cc2c(c(-c3c(Cl)cccc3Cl)c1)C(c1ccc(Cl)cc1)N(NC#N)N(c1cc(Cl)cn(C3CC(O)(CO)C3)c1=O)C2=O,中毒,36.83937,17.98656,0.111503353,4.428016796
Cc1n[nH]nc1-c1cc2c(c(-c3c(Cl)cccc3Cl)c1)C(c1ccc(Cl)cc1)C(c1ccc(Cl)cc1)N(c1cc(Cl)cn(C3CC(N)(O)C3)c1=O)C2,中毒,58.6958,18.206211,0.144919311,4.428495226
Cc1n[nH]nc1-c1cc2c(c(-c3c(Cl)cccc3Cl)c1)C(c1ccc(Cl)cc1)N(c1cc(Cl)cn(C3CC(O)(CO)C3)c1=O)C2=NCC1(C)CC1,中毒,19.24008,13.503714,0.146047293,4.42860983
Cc1n[nH]nc1-c1cc(-c2c(Cl)cccc2Cl)c2c(c1)C(N)N(c1nc(Cl)cn(C3CC(O)(CO)C3)c1=O)C2c1ccc(Cl)cc1,中毒,12.952971,12.750723,0.163019618,4.428801506
Cc1n[nH]nc1-c1cc(-c2c(Cl)cccc2Cl)c2c(c1)C(c1ccc(Cl)cc1)CN(c1cc(Cl)cn(C3CC(O)(CO)C3)c1=O)C2c1ccc(Cl)cc1,中毒,19.016203,18.239529,0.148426659,4.428872027
Cc1n[nH]nc1C1=CS2=NC(c3c(F)cccc3F)=C(c3ccnc(N(C)C)c3)C(=O)C2=C1CC(=O)NC1CCC(O)CC1,中毒,31.820797,13.888707,0.360295988,4.428928394
Cc1n[nH]nc1-c1cc(-c2c(Cl)cccc2Cl)c2c(c1)C(c1ccc(Cl)cc1)N(c1cc(Cl)cn(C3CC(O)(CO)C3)c1=O)C2c1ccc(Cl)cc1Cl,中毒,7.487971,13.447941,0.14798533,4.429746058
CC(=O)Nc1nccc(-c2c(C(=O)NCC3(O)CC(CO)N(CC(C)(C)c4n[nH]nc4C)C3)cnn2-c2ccc(Cl)cc2)c1F,中毒,8.345301,55.41854,0.174707845,4.429765284
Cc1n[nH]nc1-c1cc(-c2c(Cl)cccc2Cl)c2c(c1)C(F)N(c1cc(Cl)cn(C3CC(O)(CO)C3)c1=O)C2c1cccc(Cl)c1,中毒,9.036046,9.912456,0.155819023,4.429778309
Cc1n[nH]nc1C1=CC2=C(C(c3c(Cl)cccc3Cl)=CNC1=O)C(c1ccc(Cl)cc1)N(c1cc(Cl)cn(C3CC(O)(CO)C3)c1=O)C2=O,中毒,55.294598,15.303033,0.201328128,4.430222346
Cc1n[nH]nc1C1=CC2=C(c3nc(-c4ccc(F)o4)n[nH]3)C(c3ccc(Cl)cc3Cl)N(c3ccc(Cl)cc3)C3=C(C(=O)CC(C)(C)C3)C2=C1,中毒,46.20203,15.574545,0.186433854,4.43029814
Cc1n[nH]nc1-c1cc2c(c(-c3c(Cl)cccc3Cl)n1)C(c1ccc(Cl)cc1)N(c1cc(Cl)cn(C3CC(O)C(O)C3)c1=O)C2=O,中毒,7.4282966,12.110745,0.192685589,4.430470065
Cc1n[nH]nc1-c1cc2c(c(-c3c(Cl)cccc3Cl)c1)C(C(=O)O)C(c1ccc(Cl)cc1)N(c1cc(Cl)cn(C3CC(O)(CO)C3)c1=O)C2,中毒,12.691087,17.944153,0.137093455,4.430634791
Cc1n[nH]nc1-n1c2c(c(=O)n(Cc3ccc(Cl)cc3)c1=O)C(c1ccc(Cl)cc1)N(c1cc(Cl)cn(C3CC(O)C(O)C3)c1=O)C2=O,中毒,28.801418,14.418226,0.241084276,4.430808712
Cc1n[nH]nc1-c1cc2c(c(-c3c(Cl)cccc3Cl)c1)C(N)CC(c1ccc(Cl)cc1)N(c1cc(Cl)cn(C3CC(O)(CO)C3)c1=O)C2=O,中毒,8.478291,18.239529,0.14548786,4.430936148
Cc1n[nH]nc1C1=Cc2c(-c3ccc(Cl)cc3)nc(N3CCOCC3)c3c2N(C2CC2)C(=O)C3=C1,中毒,18.985065,44.463554,0.596801687,4.43157413
Cc1n[nH]nc1-c1cc(-c2c(Cl)cccc2Cl)c2c(c1)-c1c(cc(Br)c(Br)c1N1CC(O)C(O)C1)S2(=O)=O,中毒,11.124137,13.674008,0.223215618,4.431605396
Cc1n[nH]nc1-c1cc2c(c(C(=O)N3CCOC(c4ccc(Cl)cc4)C3)c1)C(c1ccc(Cl)cc1)N(c1cc(Cl)cn(C3CC(O)(CO)C3)c1=O)C2,中毒,21.751549,40.010826,0.176379727,4.431683106
Cc1n[nH]nc1C1=Cc2cc(-c3c(Cl)ccc(Cl)c3Cl)c(Cl)c3nc(SCC(=O)N4CCC(O)(S(=O)(=O)CC(=O)O)C4)nc-3c21,中毒,39.1544,54.50313,0.148867094,4.431748311
Cc1n[nH]nc1C1=C=C(SC(=S)N2CCCC2C)C(c2ccoc2)N1c1ccc(Cl)cc1,中毒,27.139948,87.01682,0.363229434,4.43241659
Cc1n[nH]nc1-c1cc2c(c(-c3c(Cl)ccnc3C#N)c1F)C(c1ccc(C#N)cc1)N(c1cc(Cl)cn(C3CC(O)(CO)C3)c1=O)C2,中毒,10.149779,8.960914,0.213467105,4.432543414
Cc1n[nH]nc1-c1cc(-c2c(Cl)cccc2Cl)c2c(c1)c(=O)n(-c1cc(Cl)cn(C3CC(O)(CO)C3)c1=O)p2-c1ccc(Cl)cc1,中毒,70.00132,39.98959,0.163551586,4.432742455
Cc1n[nH]nc1-c1cc2c(Cl)nc(-c3c(F)cccc3F)c3c(c-2c1)C(c1ccc2c(c1)OCO2)C(C(=O)N1CCN(C)CC1)C(C#N)=C(N)O3,中毒,29.54402,13.503714,0.253825253,4.43331601
Cc1n[nH]nc1-c1cc2c(c(-c3c(Cl)cccc3Cl)c1)C(c1ccc(Cl)cc1)N(c1cc(Cl)cn(C3CC(O)(CO)C3)c1=O)C=[SH]2,中毒,11.212927,11.733231,0.107427682,4.433422093
Cc1n[nH]nc1-c1cc2c(c(-c3c(Cl)cccc3Cl)c1)C(c1ccc(Cl)cc1)N1C(=N2)CC1(Nc1ccc(Cl)cc1)c1cc(Cl)ccc1CF,中毒,19.421621,26.70552,0.169918661,4.434771713
Cc1n[nH]nc1-c1cc(-c2c(Cl)cccc2Cl)c2c(c1)C(O)N(c1cc(Cl)cn(C3CC(O)(CO)C3)c1=O)C2c1ccc(C#N)cc1,中毒,9.036046,9.912456,0.167060844,4.435143144
Cc1n[nH]nc1-c1cc2c(n1-c1ccc(F)cc1F)C(c1ccc(Cl)cc1)N(c1cc(Cl)cn(C3CC(O)(CO)C3)c1=O)C2O,中毒,26.991571,12.110745,0.203095559,4.435361345
Cc1n[nH]nc1-c1cc(-c2c(Cl)cc(Cl)cc2Cl)c2c(c1)C(N)N(c1cc(Cl)cn(C3CC(O)(CO)C3)c1=O)C2c1ccc(Cl)cc1,中毒,6.7043605,9.576659,0.142168354,4.436166093
Cc1n[nH]nc1-c1cc2c(c(-c3c(Cl)cccc3Cl)c1)C(c1ccc(Cl)cc1)N(c1cc(Cl)cn(C3C=C(C(=O)O)C(=O)C3)c1=O)C2,中毒,7.045367,9.912456,0.172539071,4.437688492
Cc1n[nH]nc1-c1cc2c(c(-c3c(Cl)cccc3Cl)c1)C(N(C)C)C(c1ccc(Cl)cc1)N(c1cc(Cl)cn(C3CC(O)(CO)C3)c1=O)C2=O,中毒,22.081963,18.239529,0.159434111,4.438194703
CC1=C(c2ccc(Br)c(C)c2F)N=c2c(O)c(P(=O)(F)F)c3c(c21)C1=C(C=3c2c(Cl)cccc2Cl)C(C)(C)CC(c2n[nH]nc2C)=C1,中毒,46.08258,13.503714,0.20331434,4.438609117
Cc1n[nH]nc1-c1cc(-c2c(Cl)ccc(Cl)c2Cl)c2c(c1)C(O)N(c1cc(Cl)cn(C3CC(O)(CO)C3)c1=O)C2c1ccc(Cl)cc1,中毒,6.3808517,8.960914,0.132960837,4.438868223
Cc1n[nH]nc1-c1cc2c(c(-c3c(Cl)cccc3Cl)c1)S(=O)(=O)C(c1ccc(Cl)s1)N(c1cc(Cl)cn(C3CC(O)(CO)C3)c1=O)C2=O,中毒,5.9541664,9.173887,0.177391262,4.439495204
Cc1n[nH]nc1C1=Cc2c1c1c(-c3cc(Cl)c(O)cc3O)c(C(=O)N(c3ccc(F)cc3Cl)C(C)CO)c(O)c-1c(=O)n(C1CC1)c(=O)c2C,中毒,10.312834,15.382265,0.141433605,4.439873715
Cc1n[nH]nc1-c1cc2c(c(-c3c(Cl)cccc3Cl)c1)C(c1cc3c(cc1C#N)N(c1cc(Cl)cn(C4CC(O)(CO)C4)c1=O)C3)C(=O)C2,中毒,6.4223576,15.303033,0.183016979,4.44006022
Cc1n[nH]nc1-c1cc(-c2c(Cl)cccc2Cl)c2c(c1)C(CCl)N(c1cc(Cl)cn(C3CC(O)(CO)C3)c1=O)C2c1ccc(Cl)cc1,中毒,6.7043605,18.239529,0.145959787,4.440215487
Cc1n[nH]nc1-c1cc2c(c(-c3c(Cl)cccc3Cl)c1)C(c1cc(Cl)ccc1S(=O)(=O)NC#N)N(c1cc(Cl)cn(C3CC(O)(CO)C3)c1=O)C2,中毒,8.459931,14.297296,0.106169874,4.440559063
Cc1n[nH]nc1-c1cc2c(n1-c1ccc(Cl)cc1F)C(c1ccc(Cl)cc1)N(c1cc(Cl)cn(C3CC(O)(CO)C3)c1=O)C2O,中毒,26.991571,12.110745,0.187756055,4.440575253
Cc1n[nH]nc1-c1cc(-c2c(Cl)cccc2Cl)c2c(c1)-c1c(Cl)cn(C3CC(O)(CO)C3)c(=O)c1NC(c1ccc(Cl)cc1)C2c1ccc(Cl)cc1,中毒,19.016203,31.55259,0.133530353,4.44073295
Cc1n[nH]nc1C1=C(C2(S)CN(c3ccc(Cl)cc3)C2=O)C(Cl)=C2C(=CC(N3CCN(Cc4ccc([N+](=O)[O-])o4)CC3)=C2F)C1=O,中毒,25.896519,15.752057,0.156154489,4.440873255
Cc1n[nH]nc1-c1c#c2c(c(-c3c(Cl)cccc3Cl)c1)C(c1ccc(Cl)cc1)N(c1cc(Cl)cn(C3CC(O)(CO)C3)c1=O)C2,中毒,9.036046,9.912456,0.175997448,4.440886099
Cc1n[nH]nc1C1=CC2=C(C3CCC(O)C3)C(c3cc(Cl)cn(-c4cc(Cl)c(O)c(Cl)c4)c3=O)=CC2=C1,中毒,16.6271,25.104366,0.376994588,4.44136883
Cc1n[nH]nc1-c1cc(-c2c(F)cccc2Cl)c2c(n1)C(=O)N(c1cc(Cl)cn(C3CC(O)C(O)C3)c1=O)C2c1ccc(Cl)cc1,中毒,39.425797,12.110745,0.2098428,4.441551282
Cc1n[nH]nc1-c1cc(Cl)c(C(=O)c2cc(Cl)c(Br)cc2-c2ccsc2)nc1C1CN(c2ccc(-c3cc(N)ncn3)cc2)C(=O)C1C,中毒,76.07368,33.923145,0.155930134,4.441597107
Cc1n[nH]nc1-c1cc(-c2c(Cl)cccc2Cl)c2c(c1)c(=O)n(-c1cc(Cl)cn(C3CC(O)(CO)C3)c1=O)p2-c1cccc(Cl)c1,中毒,70.00132,39.98959,0.163551586,4.441681879
Cc1cc(N2Cc3cc(-c4n[nH]nc4C)cc(-c4c(Cl)cccc4Cl)c3C2(c2ccc(Cl)cc2)c2ccc(Cl)cc2)c(=O)n(C2CC(O)C(O)C2)c1,中毒,6.8665094,7.3154764,0.156224145,4.442218428
Cc1n[nH]nc1-c1cc(-c2c(Cl)cccc2Cl)c2c(c1)C(O)N(c1cc(Cl)cn(C3CC(O)(CO)C3)c1=O)C2c1ccc(Cl)cc1Cl,中毒,9.166516,9.912456,0.142134122,4.442228578
Cc1n[nH]nc1-c1cc(-c2c(Cl)cccc2Cl)c2c(c1)C(c1ccc(Cl)cc1)N(c1cc(Cl)cn(C3CC(O)(CO)C3)c1=O)C2c1ccc(Cl)cc1F,中毒,5.093859,13.447941,0.148328394,4.442270278
CC(=O)N1c2sc(-c3n[nH]nc3C)cc2C(=O)N(c2cc(Cl)cn(C3CC(O)(CO)C3)c2=O)C(c2ccc(Cl)cc2)C1c1ccc(Cl)cc1,中毒,29.750935,13.503714,0.179986798,4.442330719
CC(=O)OC1c2c(cc(-c3n[nH]nc3C)cc2-c2c(Cl)cccc2Cl)C(=O)N(c2cc(Cl)cn(C3CC(O)(CO)C3)c2=O)C1c1ccc(Cl)cc1,中毒,16.692194,18.239529,0.146250526,4.442395078
Cc1n[nH]nc1-c1cc(-c2c(Cl)cccc2Cl)c2c(c1)C(S)N(c1cc(Cl)cn(C3CC(O)(CO)C3)c1=O)C2c1ccc(Cl)cc1,中毒,7.2678275,9.912456,0.13374613,4.442508117
Cc1n[nH]nc1C1=CC2=C(c3ccc(-c4ncc5c(n4)CNCC5)nc3)C(c3cc(Cl)cnc3OC(C)CF)=NC2=C1,中毒,22.489527,10.292379,0.323297538,4.442950069
Cc1n[nH]nc1-c1cc2c(c(-c3c(Cl)ccc(C#N)c3Cl)c1C(F)(F)F)C(c1ccc(Cl)cc1)N(c1cc(Cl)cn(C3CC(O)(CO)C3)c1=O)C2,中毒,16.05132,9.912456,0.158304402,4.444535484
Cc1n[nH]nc1-c1cc2c(c(-c3c(Cl)cccc3Cl)c1)C(C(=O)O)C(c1ccc(F)cc1)N(c1cc(Cl)cn(C3CCOC3)c1=O)C2=O,中毒,19.24008,17.379768,0.190256287,4.44502937
Cc1n[nH]nc1-c1cc2c(c(-c3c(F)ccc(Cl)c3Cl)c1)C(c1ccc(Cl)cc1C(C)(C)C#N)N(c1cc(Cl)cn(C3CC(O)(CO)C3)c1=O)C2,中毒,6.3808517,13.447941,0.142043282,4.445298011
Cc1n[nH]nc1-c1cc(-c2c(Cl)cccc2Cl)c2c(c1)N(C1CC1)C=C(Cl)C=C1N(C(=O)C1(C)C)C2c1ccc(Cl)cc1,中毒,81.55684,46.607246,0.223598559,4.445673456
Cc1n[nH]nc1-c1cc2cc(c1NC(=O)CCC(=O)Nc1cc(Cl)ccn1)C(c1c(Cl)cccc1Cl)=c1c(=O)c(C(=O)O)cn(C3CC3)c1=C2Cl,中毒,8.8799925,12.412539,0.149333147,4.445831313
Cc1n[nH]nc1-c1cc2c(c(-c3c(Cl)cccc3Cl)c1)CP(c1ccc(Cl)cc1)N(c1cc(Cl)cn(C3CC(O)(CO)C3)c1=O)C2=O,中毒,25.538918,13.172034,0.159506444,4.445921425
Cc1n[nH]nc1-c1cc(-c2c(Cl)cccc2Cl)c2c(c1)N1N(c3cc(Cl)c(Cl)c(Cl)c3C1(c1ccc(Cl)cc1)c1cccnc1)C2c1ccc(Cl)cc1,中毒,36.543884,26.735813,0.175058359,4.446000468
Cc1n[nH]nc1-c1cc(-c2c(Cl)ccc(Cl)c2Cl)c2c(c1)C(N)N(c1cc(Cl)cn(C3CC(O)(CO)C3)c1=O)C2c1ccc(Cl)cc1,中毒,5.093859,8.730928,0.13299286,4.446528342
Cc1n[nH]nc1-c1cc(-c2c(Cl)cc(F)cc2Cl)c2c(c1)C(O)N(c1cc(Cl)cn(C3CC(O)(CO)C3)c1=O)C2c1ccc(Cl)cc1,中毒,6.3808517,8.960914,0.148786431,4.447452839
Cc1n[nH]nc1C1=C(Oc2ccc(F)c(Cl)c2F)C2=CC(N3CCOC(CF)C3)=C(c3c(Cl)cncc3Cl)C(=O)C2=C1,中毒,34.31513,22.638172,0.328671079,4.447585337
Cc1n[nH]nc1-n1c2c(c(=O)c(=O)c3ccc(F)cc31)C(c1cccs1)C(c1ccsc1)N(C)C2c1cccc(Br)c1,中毒,18.339478,16.797642,0.212768616,4.447613493
Cc1n[nH]nc1-c1cc2c(c(-c3c(Cl)cccc3Cl)c1)C(c1ccc(Cl)cc1)N(C1=CC(=O)N(C3CC(O)(CO)C3)C(C)C1)C2,中毒,44.71345,17.749989,0.211903055,4.447814655
Cc1n[nH]nc1-c1cc(-c2c(Cl)cccc2Cl)c2c(c1)-c1c(OC3CC(O)=C(CO)C3)nc(NC3CC3)nc1C2c1ccc(Cl)cc1,中毒,19.7436,18.292997,0.125874175,4.448535366
Cc1n[nH]nc1C1=C2C(=O)N(C)C(=O)N(C)N2C(c2c(Cl)cccc2Cl)=C2C(=C1)C(=O)N(c1cc(Cl)cn(C3CC3)c1=O)C2c1ccc(Cl)cc1,中毒,28.345415,14.3937645,0.236598438,4.448749898
Cc1n[nH]nc1-c1cc(-c2c(Cl)cccc2Cl)c2c(c1)C(c1ccc(Cl)cc1F)N(c1cc(Cl)cn(C3CC(O)(CO)C3)c1=O)C2c1ccc(Cl)cc1,中毒,5.093859,13.447941,0.148328394,4.448993147
Cc1n[nH]nc1-c1cnc2c(c1)C(COCc1ccco1)C(c1ccc(Cl)cc1)N(c1cc(Cl)cn(C3CC(O)(CO)C3)c1=O)C2=O,中毒,37.765812,32.351887,0.19526685,4.449110197
Cc1n[nH]nc1-c1cc2c(c(-c3c(Cl)cccc3Cl)c1-c1ccc(Cl)cc1)C1(CC(N)=N1)c1cc(-c3cncc(Cl)c3F)ccc1-2,中毒,6.861269,37.653477,0.193181397,4.449218724
Cc1n[nH]nc1-c1cc(-c2c(Cl)cccc2Cl)c2c(c1)C(c1ccco1)N(c1cc(Cl)c3nc(Cl)sc3n1)C2c1ccc2c(c1)OCO2,中毒,25.551735,16.717745,0.186546756,4.449242888
Cc1n[nH]nc1-c1cc(-c2c(Cl)cccc2Cl)c2c(c1)C(O)N(c1cc(Cl)cn(C3CC(O)(CO)C3)c1=O)C2c1ccc(Cl)c(F)c1,中毒,6.1933956,8.960914,0.148786431,4.45040633
Cc1n[nH]nc1-c1cc2c(c(-c3c(Cl)cccc3Cl)c1)C(c1ccc(Cl)cc1)N(c1nc(Cl)cn(C3CC(O)C(O)C3)c1=O)C2,中毒,11.558079,12.65508,0.186746673,4.451100409
Cc1n[nH]nc1-c1cc(-c2c(Cl)cccc2Cl)c2c(c1)N(c1ccc(OCC(O)CO)c(OCC3CC3c3ccc(Cl)cc3)c1)C2c1ccc(Cl)cc1,中毒,17.527802,26.184122,0.113465191,4.452199494
CC(=O)OC1c2cc(-c3n[nH]nc3C)cc(-c3c(Cl)cccc3Cl)c2C(c2ccc(Cl)cc2)N1c1cc(Cl)cn(C2CC(O)(CO)C2)c1=O,中毒,26.192316,11.733231,0.146658235,4.452220538
Cc1n[nH]nc1C1C(c2cc(NC(=O)c3cc(Br)c(F)cc3F)c(Cl)cc2F)N=C(N)OC1C(F)(F)F,中毒,53.967606,28.748215,0.273488817,4.45259924
Cc1n[nH]nc1C1=CC2=C(C(Nc3cc(Cl)cn(C4CC(O)(CO)C4)c3=O)c3ccccc3)C(c3cn(-c4ccc5ccccc5c4)nn3)=C(O)C2=C1,中毒,32.17651,13.503714,0.117083296,4.453734583
Cc1n[nH]nc1-c1cc2c(c(-c3c(Cl)cccc3Cl)c1)C(c1cc3c(cc1OC(O)c1ccc(Cl)cc1Cl)N(c1cc(Cl)cn(C)c1=O)C3=O)C2,中毒,22.323212,42.34145,0.15625322,4.454215723
Cc1n[nH]nc1-c1cc2c(c(-c3c(Cl)ccc(Cl)c3Cl)c1)C(C)C(c1ccc(Cl)cc1)N(c1cc(Cl)cn(C3CC(O)(CO)C3)c1=O)C2=O,中毒,15.809174,17.379768,0.149439964,4.454934316
Cc1n[nH]nc1-c1cc2c(c(N3CCCC3c3cc(F)ccc3F)n1)C(c1ccc(Cl)cc1)N(c1cc(Cl)cn(C3CC(O)(CO)C3)c1=O)C2=O,中毒,8.738106,12.110745,0.183192914,4.455396035
Cc1n[nH]nc1-c1cc2c(c(-c3c(Cl)ccc(S(=O)(=O)F)c3Cl)c1N)C(c1ccc(Cl)cc1)N(c1cc(Cl)cn(C3CC(O)(CO)C3)c1=O)C2,中毒,9.166516,14.297296,0.104746232,4.455610146
Cc1n[nH]nc1-c1cc2c(c(-c3c(Cl)cccc3Cl)c1)C(c1ccc(Cl)c(OC(C)(CO)CO)c1)N(c1cc(Cl)cn(C3CC(O)(CO)C3)c1=O)C2,中毒,9.036046,9.719319,0.106511784,4.455638164
Cc1n[nH]nc1-c1cc2c(c(-c3c(Cl)cccc3Cl)c1)C(c1cc(Cl)ccc1OCC(O)(CC1(CO)CCOCC1)C(Cl)(Cl)Cl)C2,中毒,23.185825,45.818565,0.148297448,4.455775285
Cc1n[nH]nc1-c1cc2c(c(=O)n(C3CCC3)c1=O)C(c1ccc(Cl)cc1)N(c1cc(Cl)cn(C3CC(O)=C(O)C3=O)c1=O)C2=O,中毒,8.614452,12.087409,0.283530178,4.45591209
Cc1n[nH]nc1C1=C(C2NC(Nc3ccncc3)=NN(c3ccc(Cl)cc3F)C3=C2C(=O)C(C)(C)C3)c2cc(C3=NCCN3)ccc21,中毒,32.06437,14.804141,0.236534374,4.455944231
CC(=O)CC1c2cc(-c3n[nH]nc3C)cc(-c3c(Cl)cccc3Cl)c2C(c2ccc(Cl)cc2)N1c1cc(Cl)cn(C2CC(O)(CO)C2)c1=O,中毒,9.036046,18.239529,0.147850141,4.456433434
Cc1n[nH]nc1-c1cc(-c2c(Cl)cccc2Cl)c2c(c1)C(O)N(c1cc(Cl)cn(C3CC(O)(CO)C3)c1=O)C2c1ccc(Cl)cc1F,中毒,5.093859,8.960914,0.148786431,4.456486921
Cc1n[nH]nc1C1=CC2=C(C3=C(S(=O)(=O)c4ccccc4)C(OCc4ccc(Cl)cc4Cl)=C3)C(c3ccc4c(c3)OCO4)C(C(C)C)C2=C1,中毒,28.345415,17.563566,0.185302727,4.456691129
Cc1n[nH]nc1-c1cc2c(nc1S(=O)(=O)c1ccc(F)cc1F)=C1C=2C(=O)N(c2cc(Cl)cn(C3CC(O)(CO)C3)c2=O)C1c1ccc(Cl)cc1,中毒,14.720647,33.968105,0.211638221,4.457445479
Cc1n[nH]nc1-c1cc2c(c(-c3c(Cl)cccc3Cl)c1)C(c1ccc(Cl)cc1)N(C1=CC(Cl)=CN3C(=O)C(C(=O)O)=C13)C(c1ccc(Cl)cc1)C2,中毒,32.47867,17.404646,0.166662849,4.458128875
CC(=O)NC1c2c(cc(-c3n[nH]nc3C)cc2-c2c(Cl)cccc2Cl)C(=O)N(c2cc(Cl)cn(C3CC(O)(CO)C3)c2=O)C1c1ccc(Cl)cc1,中毒,19.016203,18.239529,0.141214712,4.45853223
CC(=O)OCC1c2cc(-c3n[nH]nc3C)cc(-c3c(Cl)cccc3Cl)c2C(c2ccc(Cl)cc2)N1c1cc(Cl)cn(C2CC(O)(CO)C2)c1=O,中毒,10.009384,18.239529,0.138887065,4.458567837
Cc1n[nH]nc1-c1cc2c(c(-c3c(Cl)cccc3Cl)c1)CS(=O)(=O)C(C)(c1ccc(Br)cc1)N(c1cc(Cl)cn(C3CC(O)(CO)C3)c1=O)C2,中毒,27.643942,15.303033,0.163558788,4.458905803
Cc1n[nH]nc1N1Cc2cc(-c3noc4ncnc(OC5CC(CO)C(O)C5O)c34)ccc21,中毒,23.125431,34.424393,0.339450579,4.459619108
Cc1n[nH]nc1-c1cc2c(c(-c3c(Cl)cccc3Cl)c1)C(c1cccnc1)C(c1ccc(Cl)cc1)N(c1cc(Cl)cn(C3CC(O)(CO)C3)c1=O)C2=O,中毒,22.081963,18.239529,0.148387657,4.460726544
Cc1n[nH]nc1-c1cc2c(c(-c3c(Cl)cccc3Cl)c1)C(c1csc(NC(=O)c3cc(Cl)ccc3S(=O)(=O)C3(C(F)(F)F)CC3)c1)C(N)=N2,中毒,79.97556,19.855438,0.151308701,4.461126932
C=CC1c2cc(-c3n[nH]nc3C)cc(-c3c(Cl)cccc3Cl)c2C(c2ccc(Cl)cc2)N1c1cc(Cl)cn(C2CC(O)(CO)C2)c1=O,中毒,9.036046,15.303033,0.147548129,4.461263755
Cc1n[nH]nc1C1=CC2C(=C(c3c(Cl)cccc3Cl)c3c(F)cc(NC(=O)Nc4ccnc5cnn(C)c45)cc32)C(N)C1,中毒,21.498571,14.804141,0.189748416,4.461329531
Cc1n[nH]nc1-c1cc2c(c(-c3c(Cl)cccc3Cl)c1)C1=C(C2)C(=O)C(Cl)=C(N)C2(C)CC(=O)C(C)(C)C2C1,中毒,37.019684,44.026634,0.337076956,4.461399597
Cc1n[nH]nc1-c1cc2c(c(-c3c(Cl)cccc3Cl)c1)C(C(=O)N1CC1)C(c1ccc(Cl)cc1)N(c1cc(Cl)cn(C3CC(O)(CO)C3)c1=O)C2,中毒,25.201786,16.023859,0.152920459,4.461608128
Cc1n[nH]nc1-c1cc2c(c(-c3c(Cl)cccc3Cl)c1)C(c1ccc(Cl)cc1)C(c1cccnc1)N(c1cc(Cl)cn(C3CC(O)(CO)C3)c1=O)C2=O,中毒,22.081963,15.303033,0.148387657,4.461671614
CC(=O)NC1c2cc(-c3n[nH]nc3C)cc(-c3c(Cl)cccc3Cl)c2C(c2ccc(Cl)cc2)N1c1cc(Cl)cn(C2CC(O)(CO)C2)c1=O,中毒,6.8433347,9.912456,0.140842879,4.461839542
Cc1n[nH]nc1-c1cc2c(c(-c3c(Cl)cccc3Cl)c1)C(c1ccc(Cl)cc1)N(c1cc(C#N)cn3nc(OC4CCOC4)c(C)c13)C2,中毒,55.3799,44.186203,0.186221663,4.461991766
Cc1n[nH]nc1-c1cc2c(c(-c3c(Cl)cccc3Cl)c1)C(=O)C(c1ccc(Cl)cc1)N(c1cc(Cl)cn(C3CC(O)C(O)C3)c1=O)C2=O,中毒,14.735986,19.79431,0.1798165,4.462099986
Cc1n[nH]nc1-c1cc(-c2c(Cl)cc(Cl)cc2Cl)c2c(c1)C(Cl)N(c1cc(Cl)cn(C3CC(O)(CO)C3)c1=O)C2c1ccc(Cl)cc1,中毒,39.425797,17.240566,0.118364603,4.462549407
Cc1n[nH]nc1C1=Cc2cc(-c3ncc(Cl)c(Oc4ccc(C(N)=O)cc4)n3)nc(-c3cnc(OC(C)C4CC4)c(OC4CCN(C)C4)c3)c21,中毒,79.97556,35.429386,0.170165375,4.462910389
Cc1n[nH]nc1-c1cc2c(c(-c3c(Cl)cccc3Cl)c1)C(c1ccc(Cl)cc1)N(C1=CC(=O)N(C3CC(N)=C(O)C3)C1=O)C2,中毒,45.507385,19.548931,0.212307834,4.4633184
Cc1n[nH]nc1-c1cc2n(c1)C(=O)C(C1=C(Cl)N(Nc3ccccc3F)C(c3ccc(Cl)cc3)OC1c1ccc(Br)cc1)=N2,中毒,28.345415,50.141792,0.174495774,4.463447096
Cc1n[nH]nc1-c1cc2c(c(-c3c(Cl)cccc3Cl)c1)C(c1ccc3c(c1)OCO3)C1(CCOCC1)N(C1CCOCC1)C2=O,中毒,8.318218,19.02698,0.260326366,4.463464616
CC(=O)OCc1c(-c2n[nH]nc2C)cc2c(c1-c1c(O)ccc3c1OCO3)C(c1ccc(Cl)cc1Cl)N(c1cc(Cl)cn(C3CC(O)(CO)C3)c1=O)C2,中毒,20.18954,16.862432,0.131560474,4.463500676
Cc1n[nH]nc1-c1cc(-c2c(Cl)cccc2Cl)c2c(c1)C(c1ccc(Cl)cc1)N(C1=Cc3sccc3S(=O)(=O)C=C1)C2c1ccc(Cl)cc1,中毒,15.848699,37.486298,0.189210579,4.463702228
Cc1n[nH]nc1-c1cc2c(c(-c3c(Cl)cccc3Cl)n1)C(c1ccc(Cl)cc1)N(c1nc(Cl)cn(C3CC(O)(CO)C3)c1=O)C2C,中毒,7.975862,28.219782,0.177635987,4.463787925
Cc1n[nH]nc1-c1ccc(OC2CCN(c3nc(N4CC5CC5C4)nc4c3c3ccc(F)cc3c3n[nH]c(=O)n34)C(=O)C2)cc1,中毒,11.650201,29.499136,0.281643251,4.463860976
Cc1n[nH]nc1-c1cc2c(c(-c3c(Cl)cc(C#N)c(Cl)c3Cl)c1)C(c1ccc(C#N)c(F)c1)N(c1cc(Cl)cn(C3CC(O)(CO)C3)c1=O)C2,中毒,6.532791,8.960914,0.15317103,4.464815502
Cc1n[nH]nc1-c1cc2c(n1-c1ccc(F)cc1F)C(c1ccc(Cl)cc1)C(c1ccc(Cl)cc1)N(c1cc(Cl)cn(C3CC(O)(CO)C3)c1=O)C2=O,中毒,51.50488,13.503714,0.153564821,4.464907804
Cc1n[nH]nc1-c1cc2c(c(-c3c(Cl)cccc3Cl)c1)C(c1cccs1)C(c1ccc(Cl)cc1)N(c1cc(Cl)cn(C3CC(O)(CO)C3)c1=O)C2=O,中毒,51.50488,13.503714,0.148463828,4.464913456
Cc1n[nH]nc1-c1cc(-c2c(Cl)cccc2Cl)c2c(c1)C(O)C(O)C2n1cnc2c(NCc3ccoc3)nc(Cl)nc21,中毒,41.774292,16.798103,0.170055089,4.465057339
Cc1n[nH]nc1-c1cc2c(c(-c3c(Cl)cc(Cl)cc3Cl)c1)C(c1ccc(Cl)cc1-c1ccsc1)N(c1cc(Cl)cn(C3CC(O)(COCO)C3)c1=O)C2,中毒,11.688109,16.862432,0.124377597,4.465114589
Cc1n[nH]nc1C1=CC2=C(C(c3c(Cl)cccc3Cl)=c3c(F)c(N(C)S(C)(=O)=O)nc(-c4ccsc4)c3=C1)C(N)CC2,中毒,12.750988,17.02442,0.329229844,4.465318824
Cc1n[nH]nc1-c1cc2c(c(-c3c(Cl)cccc3Cl)c1)C#CC(c1ccc(Cl)cc1)N(c1cc(Cl)cn(C3CC(O)(CO)C3)c1=O)C2=O,中毒,11.07786,16.230408,0.161897622,4.465541691
CC(=O)n1cc(Cl)cc(N2C(=O)c3cc(C4c5c(cc(-c6n[nH]nc6C)cc5-c5c(Cl)cccc5Cl)CC4(O)C(=O)O)ccc32)c1=O,中毒,25.069427,35.111286,0.201895433,4.465891655
Cc1n[nH]nc1-c1cc2c(c(-c3c(Cl)cccc3Cl)c1)C(c1ccc(Cl)cc1)C(C(=O)N1CC1)N(c1cc(Cl)cn(C3CC(O)(CO)C3)c1=O)C2,中毒,17.041746,18.206211,0.158644471,4.465924812
Cc1n[nH]nc1C1=Cc2c(C3CC3)nc(-c3c(Cl)cncc3Cl)nc2C1(c1ccc(-c2cnoc2C(=O)O)c(F)c1)C(F)(F)F,中毒,49.227383,20.999594,0.183628294,4.466518433
Cc1n[nH]nc1-c1cc2c(c3nc(-c4c(Cl)cccc4Cl)cc(OC(C(N)=O)c4ccccc4)c13)C(c1ccc3c(c1)OCO3)C(c1ccc(Cl)cc1)N2,中毒,9.369255,20.878157,0.138873016,4.467254096
Cc1n[nH]nc1-c1cc2c(c(-c3c(Cl)cccc3Cl)c1)C(c1ccc(Cl)cc1)C(c1ccncc1)N(c1cc(Cl)cn(C3CC(O)(CO)C3)c1=O)C2=O,中毒,22.081963,18.239529,0.148387657,4.467694226
Cc1n[nH]nc1C1=Cc2c(C(Nc3cc(Cl)cn(C4CC(O)(CO)C4)c3=O)c3ccc(Cl)cc3)c(-c3c(Cl)cccc3Cl)c3c(oc(=O)n3C)c21,中毒,13.338875,17.529741,0.127300556,4.467921206
Cc1n[nH]nc1-c1cc(-c2c(Cl)cccc2Cl)c2c(c1)-c1c(nc3c(c1-c1ccco1)C(c1ccc(Cl)cc1)N(c1ccc(Cl)cc1)C3(C)C)C2C,中毒,26.249895,17.335436,0.189027704,4.468056804
Cc1n[nH]nc1-c1cc2c(n1-c1ccc(Cl)cc1Cl)C(c1ccc(Cl)cc1)N(c1cc(Cl)cn(C3CC(O)C(O)C3)c1=O)C2=O,中毒,18.205946,11.513729,0.203535396,4.46841884
Cc1n[nH]nc1-c1cc2c(c(-c3c(Cl)cccc3Cl)c1)C(c1ccc(Cl)cc1)C(N1CC1)N(c1cc(Cl)cn(C3CC(O)(CO)C3)c1=O)C2=O,中毒,14.735986,18.239529,0.157828265,4.469260255
Cc1n[nH]nc1-c1cc2c(C(N)=O)c(-c3nc4c(s3)C(c3ccc(Cl)c(Cl)c3)C(c3ccc(Cl)cc3)N(c3cc(Cl)cn(C)c3=O)C4=O)c1-2,中毒,76.07368,14.3937645,0.177759456,4.469615214
Cc1n[nH]nc1-c1cc(C(C)(P(=O)(O)O)S(N)(=O)=O)cc2c1NC(c1ccc(Cl)cc1)c1c-2n(C)c(=O)n(C)c1=O,中毒,20.18954,22.65623,0.203023272,4.469738064
Cc1n[nH]nc1-c1cn2c(c1-c1cc(C#CC(F)(F)F)ccc1Cl)C(c1ccc(Cl)cc1)N(c1cc(Cl)cn(C3CC(O)(CO)C3)c1=O)C2=O,中毒,6.4584956,16.230408,0.162137961,4.470184398
Cc1n[nH]nc1C1=CC2=C(C3CC(c4ccc(OCC5CC5)nc4)N(c4ccc(F)c(Cl)c4)C(=O)N3Cc3ccc(C#N)cc3)SC2=C1,中毒,42.75487,54.203625,0.191823356,4.471318856
Cc1n[nH]nc1-c1cc2c(c(=O)[nH]c1=O)C(c1ccc(C(F)(F)F)cc1)N(c1cc(Cl)cn(C3CC(O)C(O)C3)c1=O)C2=O,中毒,7.8529835,18.315401,0.266008549,4.471486146
Cc1n[nH]nc1C1Cc2c(F)cc(-c3cnc4[nH]ccc4c3)cc2N1c1cc(Cl)ccc1C(=O)N1CC(O)C(O)C(O)C1,低毒,6.690411,44.6164,0.209333412,4.471686067
Cc1n[nH]nc1-c1cc2c(c(-c3c(Cl)cccc3Cl)c1)CN(c1cc(Cl)cn(C3CC(O)C(O)C3O)c1=O)C2,中毒,9.204226,11.151921,0.28246872,4.471796365
Cc1n[nH]nc1C1=CC2=C(C3(S(=O)(=O)c4ccc(F)cc4)COC3)C(c3ccc(Cl)cc3)N(c3ccc(F)cc3)C3=C(C2=C1)C(O)CCC3,中毒,46.08258,14.911535,0.209359883,4.472487919
CON=C1c2cc(-c3n[nH]nc3C)cc(-c3c(Cl)ccc(Cl)c3Cl)c2C(c2ccsc2)N1c1cc(Cl)cn(C2CC(O)(CN)C2)c1=O,中毒,16.331297,16.862432,0.118874884,4.473012323
Cc1n[nH]nc1-c1cc2c(n1-c1ccc(F)cc1F)C(c1ccc(Cl)cc1)N(c1cc(Cl)cn(C3CC(O)C(O)C3)c1=O)C2=O,中毒,12.488247,11.513729,0.241609404,4.473354005
Cc1n[nH]nc1-c1cc2c(c(-c3c(Cl)cccc3Cl)c1)C1C(=CC=C(Cl)N(CCCl)CC2)C(=O)N1C,中毒,6.6607485,29.601866,0.227799427,4.474040174
Cc1n[nH]nc1-c1cc2c(C(c3ccc(Cl)cc3)C(Nc3cc(Cl)cn(C4CC(O)(CO)C4)c3=O)c3ccc(Cl)cc3)c(-c3c(Cl)cccc3Cl)c1-2,中毒,20.308239,25.913172,0.109652455,4.474695858
Cc1n[nH]nc1C1=CC2=C(C3(C)COC(N)=N3)c3c(ncc4c(Cl)c(-c5ccc(-c6nnc[nH]6)cc5)ccc34)C2=C1,中毒,28.345415,38.432915,0.277095392,4.474886498
Cc1n[nH]nc1C1=C(OCCO)C2=C(c3c(Nc4ccc(F)cc4F)c(=O)c3=O)C(c3ccc4c(c3)OCO4)C(N(C)C)CC2=C1,中毒,14.906178,18.621597,0.235121129,4.47540568
Cc1n[nH]nc1-c1cc(-c2c(Cl)cccc2Cl)c2c(c1)C(N)N(c1cc(Cl)cn(C3CC(O)=C(O)C3)c1=O)C2c1ccc(Cl)cc1,中毒,5.408574,9.576659,0.144983527,4.476674391
Cc1n[nH]nc1-c1cc2c(c(-c3c(Cl)cccc3Cl)c1)C(c1ccc(Cl)cc1)N(c1cc(Cl)cn(C3CC(O)C(O)C3)c1=O)C2=S,中毒,6.8665094,33.013264,0.161529567,4.476679725
Cc1n[nH]nc1C1(C)Cc2c(c(-c3ccc(Cl)cc3)c(-c3ccc(Cl)cc3)c3c(N)ncnc23)C(O)C(O)C1O,中毒,27.28338,64.10261,0.195873611,4.476892542
Cc1n[nH]nc1-c1cc2c(c(-c3c(Cl)cccc3Cl)c1)-c1cc(C#CC3(O)CC3)nc(C3=COC(O)(CO)C3)c1CC2,中毒,15.394282,26.793196,0.236256095,4.477040648
Cc1n[nH]nc1C1(c2cc(F)c(F)c(NC(=O)Nc3cc(F)cc(Cl)c3)c2)C(=O)N(C(=O)OC2CCC(F)(F)CC2)C1c1ccc(C#N)cc1,中毒,14.665749,17.408861,0.140201297,4.477410559
Cc1n[nH]nc1-c1cc(-c2c(Cl)cccc2Cl)c2c(c1)C(c1ccc(Cl)cc1Cl)N(C1=CC=[N+]([O-])C(C)(C)C1)C2c1ccc(Cl)cc1,中毒,4.535384,14.729815,0.144760277,4.479028702
Cc1n[nH]nc1-c1cc(-c2c(Cl)cccc2Cl)c2c(c1)C1N=C(N)N=C1N(c1cc(Cl)cn(Cl)c1=O)C2c1ccc(Cl)cc1,中毒,6.9070234,47.378452,0.202258094,4.479379939
COc1nn2cc(Cl)cc(N3Cc4cc(-c5n[nH]nc5C)cc(-c5c(Cl)cccc5Cl)c4C3c3ccc(C#N)cc3)c2c1OC1CCOC1,中毒,60.88917,24.693583,0.176271158,4.480064398
Cc1n[nH]nc1-c1cc2c(c(-c3c(Cl)cccc3Cl)c1)C(c1ccc(Cl)cc1)N(c1cc(Cl)cn(P3(=O)CCO3)c1=O)C2,中毒,11.314767,33.72721,0.188557543,4.48021518
Cc1n[nH]nc1-c1cc2c(c(-c3c(Cl)ccc(Cl)c3Cl)c1)C(N)C(c1ccc(Cl)cc1)N(c1cc(Cl)cn(C3CC(O)(CO)C3)c1=O)C2=O,中毒,15.809174,16.862432,0.132420942,4.480650213
Cc1n[nH]nc1-c1cc2c(c(-c3c(Cl)ccc(Cl)c3Cl)c1Cl)CN(c1nc(Cl)cn(C3C=CC(O)C3)c1=O)C2,中毒,16.72226,9.388007,0.194841932,4.481104871
Cc1n[nH]nc1-c1cc2c(s1)C(c1ccc(Cl)cc1)(c1cn(C)c(=O)c(F)c1F)N(c1cc(Cl)cn(C3CC(O)(CO)C3)c1=O)C2=O,中毒,5.9541664,9.173887,0.239503841,4.481225233
Cc1n[nH]nc1-c1cc(-c2c(Cl)cccc2Cl)c2c(c1)C(Cl)N(c1cc(Cl)cn(C3CC(O)(CO)C3)c(=O)c1=O)C2c1ccc(Cl)cc1,中毒,53.20594,45.80867,0.093544129,4.482665513
Cc1n[nH]nc1-c1cc2c(c(-c3c(Cl)cccc3Cl)c1)C(c1ccc(Cl)cc1)N(N1CC(O)(CO)C1CO)C2,中毒,18.508347,13.893457,0.260954712,4.48280733
Cc1n[nH]nc1-c1cc2c(c(-c3c(Cl)cccc3Cl)c1)C(c1ccc(Cl)cc1)N(c1cc(Cl)cn(C3CC(O)C(O)C3)c1=O)C=C2,中毒,6.8665094,9.719319,0.1729799,4.482887244
CC(=O)OCC1c2cc(-c3n[nH]nc3C)cc(-c3c(Cl)cccc3Cl)c2C(c2cccc(Cl)c2)N1c1cc(Cl)cn(C2CC(O)(CO)C2)c1=O,中毒,10.009384,18.239529,0.138887065,4.483260808
Cc1n[nH]nc1-c1cn2c(c1-c1c(Cl)cccc1Cl)C(c1ccc(Cl)cc1)N(c1cc(Cl)cn(C3CC(O)(CO)C3)c1=O)C2c1ccc(Cl)cc1,中毒,6.690411,13.503714,0.149272215,4.483403028
Cc1n[nH]nc1-c1cc2c(c(-c3c(Cl)cccc3Cl)c1)C(c1ccc(Cl)cc1)N(C1=CC(Cl)=NN3C(=O)C(C(=O)O)=CCC13)C2,中毒,57.007294,26.976854,0.212929901,4.483423879
Cc1n[nH]nc1-c1cc(-c2c(Cl)cccc2Cl)c2c(c1)C1C(=O)N(c3cc(Cl)cn(C4CC(O)(CO)C4)c3=O)C(=O)N1C2c1ccc(Cl)cc1,中毒,24.560682,15.303033,0.160318385,4.483791744
Cc1n[nH]nc1-c1cc2c(c(-c3nc4c(F)cc(C(F)(F)F)cc4s3)c1)C(c1ccc(Cl)s1)N(c1cc(Cl)cn(C3CC(O)(CO)C3)c1=O)C2,中毒,45.389744,13.503714,0.147636638,4.484021002
Cc1n[nH]nc1-c1cc2c(c(-c3c(Cl)cccc3Cl)c1)C(c1ccc(Cl)cc1)NC(c1ccc(Cl)cc1)N1C(=O)NC(C)(c3ccc(F)cc3)C1=C2,中毒,40.75692,17.385752,0.162964466,4.484393704
Cc1n[nH]nc1C1=CC2=C(c3ccc(OC4CCCCO4)cc3)C(c3ccnc(Nc4ccc(C(=O)N5CCC(C#N)C5)c(N)c4)c3)=NC2=C1,中毒,11.762449,32.193752,0.192365082,4.484409465
Cc1n[nH]nc1-c1cc(-c2c(Cl)cccc2Cl)c2c(c1)C(C)C(O)C2n1cnc2c(NC3CC3)nc(Br)nc21,中毒,41.129498,16.63892,0.196269756,4.484442435
Cc1n[nH]nc1C1=CC2=C3C(=CC(c4c(Cl)cccc4Cl)=C3C(c3ccc(Cl)cc3)N(c3cc(Cl)cn(C4CC(O)(CO)C4)c3=O)C2=O)C1=O,中毒,36.49571,15.303033,0.207589093,4.484942419
Cc1n[nH]nc1C1=CC2=C3C(=O)N(Cc4cc(F)c(Cl)c(F)c4)C(N)=C3C(=C2C(C)C)c2c1ccc(Cl)cc2=O,中毒,8.567896,9.612624,0.400533858,4.48517742
Cc1n[nH]nc1C1=CC2=C(C2)C(c2c(Cl)cccc2Cl)=NC2=C1C(c1ccc(Cl)cc1)N(c1cc(Cl)cn(C3CC(O)(CO)C3)c1=O)C2=O,中毒,12.488247,13.503714,0.204903516,4.485926363
Cc1n[nH]nc1C1=CC2=CN=C(c3ccc4ncc(Br)cc4c3)C=C3C(=O)N(c4cc(Cl)cn(C)c4=O)C(c4ccc(Cl)cc4)C3=C2C1(C)C,中毒,32.939228,15.456023,0.198383742,4.486047808
Cc1n[nH]nc1-c1cc2c(c(-c3c(Cl)cccc3Cl)c1)C(c1ccc(Cl)cc1)N(c1c[n+]([O-])cc3ncnc(OC4CCOC4)c13)C2,中毒,55.296738,43.54145,0.143832886,4.486409368
Cc1n[nH]nc1-c1cc2c(c(-c3c(Cl)cccc3Cl)c1)C(c1ccc(Cl)cc1)N(C1=CC(Cl)=CN3C(=O)C3CC1)C(=O)C2,中毒,12.725995,28.298344,0.228136607,4.486627429
Cc1n[nH]nc1-c1cc2c(c(-c3c(Cl)cccc3Cl)c(=O)c1)C(c1ccc(Cl)cc1)N(c1cc(Cl)cn(C3CC(O)C(O)C3)c1=O)C2=O,中毒,17.66382,9.5705185,0.190841721,4.486717208
Cc1n[nH]nc1-c1cc2c(c(-c3c(Cl)cccc3Cl)c1)C(c1ccc(Cl)cc1)N(c1cnn(C3CCC(O)C(O)C3)c1)C2,中毒,17.791245,16.009457,0.18941828,4.487310773
Cc1n[nH]nc1-c1cc2c(cc1-c1cnc3cc(-c4coc(-c5cc(F)cc(F)c5)c5c(=O)c(O)c(O)cc-5c4=O)ccc3c1)C(O)C(O)C2,中毒,34.934277,10.740558,0.151909779,4.488291352
Cc1n[nH]nc1-c1cc2c(c(-c3c(Cl)cccc3Cl)c1)C(c1ccc(Cl)cc1)N(c1ccc(Cl)cc1)C1(CC2)CCN(C(=O)c2ccc(F)cc2)C1,中毒,15.602657,14.001868,0.189576512,4.488548589
Cc1n[nH]nc1-c1cc(-c2c(Cl)cccc2Cl)c2c(c1)C(NC(=O)C1CC1)N(c1cc(Cl)cn(C3CC(O)(CO)C3)c1=O)C2c1ccc(Cl)cc1,中毒,6.8433347,9.719319,0.129191854,4.488682234
Cc1n[nH]nc1-c1cc2c(c(-c3c(Cl)cccc3Cl)c1)S(=O)(=O)C(c1ccc(Cl)cc1)N(c1cc(Cl)cn(C3COC(=O)C3)c1=O)C2=O,中毒,6.106106,9.173887,0.192722193,4.488962654
Cc1n[nH]nc1C1=CC2=CC(=O)C(c3c4ccccc4nc4cc(Cl)ccc34)=C2C(c2ccc(Br)cc2)C(CN(C)C)C1C#N,中毒,27.198341,46.369087,0.191930732,4.488964479
Cc1n[nH]nc1C1=CC(NC(=O)CCC2(C(=O)Nc3ccc(C#N)cc3C(F)(F)F)CC3CC32)=C1,高毒,23.343153,11.228458,0.553259543,4.489152719
Cc1n[nH]nc1-c1cc(-c2c(Cl)cccc2Cl)c2c(c1)C(c1nc3ccccc3s1)N(c1cc(Cl)cn(C3CC(O)(CO)C3)c1=O)C2c1ccc(Cl)cc1,中毒,15.809174,12.110745,0.14665899,4.490397955
Cc1n[nH]nc1-c1cc(-c2c(Cl)cccc2Cl)c2c(c1)C(Cl)N(c1cc(Cl)cn(C3CC(O)(CO)C3)c1=O)C2c1ccc(Cl)cc1F,中毒,36.832283,17.240566,0.11982271,4.490530353
Cc1n[nH]nc1-c1cc(-c2c(Cl)ccc(Br)c2Cl)c2c(c1)C(O)N(c1cc(Cl)cn(C3CC(O)(CO)C3)c1=O)C2c1ccc(Cl)cc1,中毒,9.036046,9.912456,0.130623362,4.490763608
Cc1n[nH]nc1C1(c2cncc(NC(=O)c3ccn4cc(-c5cnn(C6CC6)c5)cc4c3)c2)COC(C)(C)C1O,中毒,32.17651,19.210901,0.300200162,4.490990022
Cc1n[nH]nc1-c1cc(-c2c(Cl)cccc2Cl)c2c(c1)C(CO)N(c1cc(Cl)cn(C3CC(O)(CO)C3)c1=O)C2c1ccc(Cl)cc1F,中毒,5.093859,16.862432,0.141232196,4.491119995
Cc1n[nH]nc1C(C)(C)C(=O)N(C)C12CC3CC(CC(C3)C1)C2,高毒,8.900331,27.075556,0.932477096,4.492384779
Cc1n[nH]nc1-c1cc2c(c(-c3c(Cl)cccc3Cl)c1)C(c1ccc(Cl)cc1)N(c1cc(Cl)cn(C3CCC(O)(CO)C3)c1=O)C2,中毒,9.036046,9.912456,0.167444092,4.494497777
Cc1n[nH]nc1-c1cc2c(c(-c3c(Cl)cccc3Cl)c1)P(=O)(c1ccc(Br)cc1F)N(c1cc(Cl)cn(C3CC(O)(CO)C3)c1=O)C2=O,中毒,24.409435,9.173887,0.168744303,4.495503945
Cc1n[nH]nc1-c1cc2c(c(-c3c(Cl)cccc3Cl)c1)C(c1ccc(Cl)cc1)N(C1CC(O)C(O)(CO)C1)C2,中毒,15.157039,12.302537,0.24448332,4.495703153
Cc1n[nH]nc1-c1cc2c(c(-c3c(Cl)cccc3Cl)c1)C(c1cc3c(cc1Br)N(C)C(=O)NC3)N(c1cc(Cl)cn(C3CC(O)(CO)C3)c1=O)C2,中毒,7.487971,9.173887,0.142847313,4.495903112
Cc1n[nH]nc1-c1cc2c(c(-c3c(Cl)cccc3Cl)c1)C(c1ccc(Cl)cc1)N(c1cc(Cl)cn(C3CC(O)C(O)C3)c1=O)CC2=O,中毒,16.57566,18.239529,0.178264124,4.496605065
Cc1n[nH]nc1-c1cc2c(c(-c3c(Cl)cccc3Cl)n1)C(c1ccc(Cl)c(Cl)c1)N(c1cc(Cl)cn(C3CC(O)C(O)C3)c1=O)C2=O,中毒,8.738106,12.110745,0.175773889,4.496863955
Cc1n[nH]nc1-c1cc2c(c(-c3c(Cl)cccc3Cl)c1)CN(c1nc(N3CCOC(C)C3)nc3c1C(N)=NC(C)(CO)C3)C2,中毒,21.71997,35.111286,0.293064546,4.497787632
Cc1n[nH]nc1-c1cc(-c2c(Cl)cccc2Cl)c2c(-c3ccc(Cl)cc3)nn(-c3cc(Cl)cn(C4CC(O)C(O)C4O)c3=O)c(=O)c2c1,中毒,14.020782,29.796072,0.178437167,4.49804152
Cc1n[nH]nc1-c1cc2c(c(-c3c(Cl)cccc3Cl)c1)C(c1ccc(Cl)cc1)N(c1cc(Cl)cn(C3CC(CO)OC3=O)c1=O)C2,中毒,22.235668,11.733231,0.180914554,4.498644167
Cc1n[nH]nc1-c1cc(-c2c(Cl)cccc2Cl)c2c(c1)C1C(=O)N(c3cc(Cl)c(=O)n(C4(C)COC4)c3)C(=O)N1C2c1ccc(Cl)cc1,中毒,14.850045,15.303033,0.187357094,4.499222241
Cc1n[nH]nc1-c1cc(-c2c(Cl)cccc2Cl)c2c(c1)C(O)C(O)C2n1cnc2c(N(C)C)nc(-c3ccoc3)nc21,中毒,29.52454,13.888707,0.241919429,4.499549019
Cc1n[nH]nc1-c1cc2c(c(-c3c(Cl)cccc3Cl)c1)C(c1ccc(Cl)cc1)N(c1cc(Cl)cn(C3CC(O)C(O)C3)c1=O)O2,中毒,5.3585205,13.489636,0.179566877,4.5004952
Cc1n[nH]nc1-c1cc(-c2c(Cl)cccc2Cl)c2c(c1)C(C(=O)N1CCOCC1)N(c1cc(Cl)cn(C3CC(O)(CO)C3)c1=O)C2c1ccc(Cl)cc1,中毒,8.459931,18.239529,0.163977144,4.501447246
Cc1n[nH]nc1-c1cc2c3c(c(Cl)cc4c3c1C(=O)N(C)C(=O)N4C)C(c1ccsc1)N(c1cc(Cl)cn(C3CC(O)(CO)C3)c1=O)C2=O,中毒,5.5983415,13.466203,0.230556267,4.501518726
Cc1n[nH]nc1-c1cc(-c2cc(Cl)cc(Cl)c2)c2c(c1)N1C(=O)C(N)(c3ccc(F)cc3)C1(c1ccc(Cl)cc1)N(C)C2c1ccc(Cl)cc1,中毒,42.75487,20.641273,0.171927134,4.501956443
Cc1n[nH]nc1-c1cc2c(c(-c3c(Cl)cccc3Cl)c1)C(c1ccc(Cl)cc1)N(c1cc(C#N)cn(C3CC(O)C(O)C3)c1=O)C2,中毒,9.036046,7.3154764,0.191476446,4.502327244
Cc1n[nH]nc1-c1cc(-c2c(Cl)cccc2Cl)c2c(c1)C(COC(N)=O)N(c1cc(Cl)cn(C3CC(O)(CO)C3)c1=O)C2c1ccc(Cl)cc1,中毒,10.009384,18.239529,0.131460964,4.502640443
Cc1n[nH]nc1C(C)(C)c1cc2c(cc1Br)-c1nc(Nc3ccc(N4CCONC4=O)cc3F)nc(Oc3ccc(O)cc3OC(C)COC3CC3)c1C2,中毒,8.710711,23.78758,0.097670047,4.503654402
Cc1n[nH]nc1-c1cc2c(c(-c3c(Cl)cccc3Cl)c1)C(C(N)=O)C(c1ccc(Cl)cc1Cl)N(c1cc(Cl)cn(C3CC(O)(CO)C3)c1=O)C2=O,中毒,28.390984,16.230408,0.139159474,4.503655359
Cc1n[nH]nc1C1=NC2=C(S(=O)(=O)N(c3ccc(F)cc3)c3ccc(Cl)cc3)C(c3ccc(Cl)cc3)C3=C(CCC(N(C)C)C3)C(=O)C2=C1,中毒,45.23948,15.967391,0.212817729,4.504282209
Cc1n[nH]nc1-c1cc(-c2c(Cl)cccc2Cl)c2c(c1)C(c1ccc(Cl)cc1)N(c1nc(Cl)cn(C3CC(O)(CO)C3)c1=O)C2c1ccc(Cl)cc1F,中毒,10.1953945,15.625574,0.147155556,4.504512482
Cc1n[nH]nc1-c1cc2c(c(-c3c(Cl)cccc3Cl)c1)C(c1ccc(Cl)cc1)N(c1cc(Cl)cn(C3Cc4c(O)cc(F)c(Cl)c4C3=O)c1=O)C2,中毒,12.336376,12.110745,0.180626195,4.504580866
Cc1n[nH]nc1-c1cc2nc3cc(Cl)ccc3c3c(c-2c1)C(c1cc(Cl)c2c(c1)OCO2)C1(CCN(C(=O)Cc2c(F)cccc2Cl)CC1)C3,中毒,22.983427,35.111286,0.195169499,4.504789852
Cc1n[nH]nc1-c1cc(-c2c(Cl)cccc2Cl)c2c(c1)N(C)C=C(Cl)C=C1C(=O)N1C2c1ccc(Cl)cc1,中毒,9.429751,50.442013,0.250732226,4.505121523
Cc1n[nH]nc1C1=Cc2c(C(Nc3cc(Cl)cn(C4CC(O)(CO)C4)c3=O)c3cccc(Cl)c3)c(-c3c(Cl)cccc3Cl)c3c(sc(=O)n3C)c21,中毒,43.34536,17.552727,0.124469208,4.507296937
Cc1n[nH]nc1-c1cc2c(c(-c3c(Cl)cccc3Cl)n1)C(c1ccc(NC3CCCNC3)cc1)N(c1cc(Cl)cn(C3CC(O)(CO)C3)c1=O)C2=O,中毒,7.4282966,12.110745,0.129048854,4.507738993
Cc1n[nH]nc1-c1cc(-c2c(Cl)cccc2Cl)c2c(c1)-c1c(Cl)cc(F)cc1C(C)N(Cc1cn(OCC3CC3)nn1)C2c1ccc(Cl)cc1,中毒,17.953863,39.284264,0.166885213,4.508348337
Cc1n[nH]nc1-c1cc2c(c(-c3c(Cl)cccc3Cl)c1)C(c1ccc(Cl)cc1)N(C1=COC3(C)CC(C)(C)CC13)C2,中毒,18.153694,45.348824,0.25177455,4.509884584
Cc1n[nH]nc1C1=CC2=C(C3CC(c4cc(Cl)cc(Cl)c4)=NOC3=O)C(Nc3ccn4ncc(Cl)c4c3)=NC2=C1,中毒,7.7121634,42.34145,0.289813522,4.510149487
Cc1n[nH]nc1-c1cc2c3c(n(C4CC(=O)N(CCN(C)C5CCC5)C4=O)c(=O)c2cc1F)C(c1ccc(Cl)cc1)N(c1cc(Cl)cn(C)c1=O)C3,中毒,32.983852,14.3937645,0.216690148,4.51027685
Cc1n[nH]nc1-c1cc(-c2c(Cl)cccc2Cl)c2c3c(C)c(nn(C)c(=O)c4ncc(-c5cc(F)ccc5Cl)cc4c2c1)c3=O,低毒,19.87109,10.123941,0.207614045,4.510896847
Cc1n[nH]nc1-c1cc(-c2c(Cl)cccc2Cl)c2c(c1)C(CO)N(C)C(c1ccc(Cl)cc1)C2c1ccc(OC2CCN(Cc3cc4ccccc4o3)CC2)cc1,中毒,60.09684,8.731742,0.149883522,4.511240898
Cc1n[nH]nc1-c1cc2c(c(-c3c(Cl)cccc3Cl)c1)C(c1ccc3c(n1)N(c1cc(Cl)cn(C4CC(O)(CO)C4)c1=O)C3(C)C)C(=O)C2,中毒,7.9411206,14.2372675,0.177342575,4.511342482
Cc1n[nH]nc1-c1c(F)c2c(c(=O)c(C(=O)O)c1F)C(C(=O)NC1CC(F)(F)C1)c1ccc(C#Cc3cc(C(F)(F)F)c(C#N)cn3)cc1-2,中毒,32.256035,19.915205,0.203873128,4.511518958
Cc1n[nH]nc1-c1cc2c(c(-c3c(Cl)cccc3Cl)c1)C(c1ccc(Cl)cc1)C(c1ccsc1)N(c1cc(Cl)cn(C3CC(O)(CO)C3)c1=O)C2=O,中毒,22.081963,18.239529,0.148463828,4.512544225
Cc1n[nH]nc1C1(c2ccc(Oc3ccc(F)cc3F)c(Cl)c2)C(c2ccc(Cl)cn2)N(c2ccc(Cl)cc2)C(c2ccc(Cl)cc2)N1C(=O)CF,中毒,46.08258,15.02669,0.165442563,4.512761231
Cc1n[nH]nc1-c1cc2c(c(-c3c(Cl)cccc3Cl)c1)C(c1ccc(Cl)cc1)N(c1cc(Cl)cn(C3CC(O)(CO)C3)c1=O)C2=[N+](C)C[S+],中毒,7.4282966,16.862432,0.124867097,4.513545649
Cc1n[nH]nc1-c1cc2c(c(-c3c(Cl)cccc3Cl)c1)C(c1ccc(Cl)cc1)N1C(=O)C1=CC=C(Cl)C=C2,中毒,24.791992,26.583223,0.247908421,4.514017185
Cc1n[nH]nc1-c1cc(-c2c(Cl)cccc2Cl)c2c(c1)-c1c(cc(Cl)c(=O)n1C1CCC(O)(CO)C1)OC2c1ccc(Cl)cc1,中毒,18.247406,14.585561,0.174136672,4.514173456
Cc1n[nH]nc1-c1ccc2c(c1)C(=O)C(c1ccc(Cl)cc1)[N+]2([O-])c1cc(Cl)cn(C2CC(O)(CO)C2)c1=O,中毒,21.581743,62.43732,0.239450556,4.514975513
Cc1n[nH]nc1C1=Cc2c(nc(C(Cl)(Cl)Cl)c3c2C(=O)N(c2cc(Cl)cn(C4CC(O)(CO)C4)c2=O)C3c2ccc(Cl)cc2)C1=O,中毒,32.17651,9.173887,0.233287791,4.515153015
Cc1n[nH]nc1-c1cc2c(c(-c3c(Cl)cccc3Cl)c1)C(c1ccc(Cl)cc1)NC(c1ccc(Cl)cc1)N1c3ccc(Cl)cc3C(c3ccc(Cl)cc3)N1C2,中毒,51.135933,58.38561,0.180751525,4.51545174
Cc1n[nH]nc1-c1cc2c(c(-c3c(Cl)cccc3Cl)n1)C(c1ccc(Cl)cc1)N(c1cc(Cl)cn(C3CCC(O)(CO)C3)c1=O)C2=O,中毒,7.4282966,12.110745,0.175918586,4.515648771
Cc1n[nH]nc1-c1cc2c(c(-c3c(Cl)cccc3Cl)c1)C(c1ccsc1)C(c1ccc(Cl)cc1)N(c1cc(Cl)cn(C3CC(O)(CO)C3)c1=O)C2=O,中毒,22.081963,18.239529,0.148463828,4.515819884
Cc1n[nH]nc1-c1cc2c(c(-c3c(Cl)cccc3Cl)c1)C(c1ncc(Cl)cc1F)N([O])c1cc(Cl)c(OCC3CCC(F)(F)C3)cc1-2,中毒,11.238631,11.245766,0.18876696,4.516503527
Cc1ccc2c(n1)C=c1cc(-c3n[nH]nc3C)cc(NS(C)(=O)=O)c1=CC(C)C(=O)N2Cc1ccc(OC(F)(F)F)cc1,中毒,6.9686184,33.74058,0.340774264,4.517934672
Cc1n[nH]nc1-c1cc2c(cc1-c1cc(Cl)cc(Cl)c1)N(c1cc(Cl)cn(C3CC(O)(CO)C3O)c1=O)C2=O,中毒,23.97708,11.733231,0.276812685,4.518021456
Cc1n[nH]nc1-n1c(-c2cc(Cl)cc(Cl)c2)cc(=O)c2c(=O)[nH]c(C34CC5CC(CC(C5)C3)C4)cc21,中毒,7.494668,36.10524,0.369030924,4.518032381
Cc1n[nH]nc1C1=CC2=C(c3c4ccccc4nc4ccc(Cl)cc34)C(c3ccc(Cl)cc3)C(c3ccc4c(c3)OCO4)N3C(=O)OCC3C2=C1,中毒,31.016108,22.960052,0.182163496,4.518936537
Cc1n[nH]nc1-c1cc(-c2c(Cl)cccc2Cl)c2c(c1)C(O)N(c1cc(Cl)cn(C3CC(O)(COCO)C3)c1=O)C2c1ccc(Cl)cc1,中毒,11.212927,11.733231,0.127409997,4.519562654
Cc1n[nH]nc1C1=CC2=C(C3=C(S1)c1cc(Cl)c(Cl)cc1OCC3)C(c1ccc(Cl)cc1)N(c1cc(Cl)cn(C3CC(O)(CO)C3)c1=O)C2=O,中毒,15.540574,13.503714,0.192530556,4.519904775
Cc1n[nH]nc1-c1cc2c(c(-c3c(Cl)cccc3Cl)c1)C(c1ccc(Cl)cc1)N(c1cc(Cl)cn(C3CC3(O)CO)c1=O)C2,中毒,9.036046,9.912456,0.179908068,4.520181465
Cc1n[nH]nc1-c1cc2c(c(-c3c(Cl)cccc3Cl)c1)C(C(F)(F)F)C(c1ccc(Cl)cc1)N(c1cc(Cl)cn(C3CC(O)(CO)C3)c1=O)C2=O,中毒,22.081963,18.239529,0.159362106,4.520211403
Cc1n[nH]nc1-c1cc2c(c(-c3c(Cl)cccc3Cl)c1)C(C(C)(C)O)C(c1ccc(Cl)cc1)N(c1cc(Cl)cn(C3CC(O)(CO)C3)c1=O)C2=O,中毒,14.0745,16.862432,0.133989004,4.52025393
Cc1n[nH]nc1-c1cc2c(c(C(=O)N(C)CCCOc3ccc(F)c(F)c3)c1)C(c1ccc(Cl)cc1)N1C(=O)OC(c3ccoc3)(C3CC3)C1=N2,中毒,53.967606,13.16881,0.146902575,4.520791236
Cc1n[nH]nc1-c1cc(N2CCc3c(c(C(N)=O)nn3-c3cccc(Br)c3)C3CN(C(=O)OC(C)(C)C)CC32)nc(Cc2ccc(Cl)cc2Cl)c1CO,中毒,25.069427,14.585049,0.168848181,4.521026827
Cc1n[nH]nc1-c1cc(-c2c(Cl)cccc2Cl)c2c(c1)C(c1ccc(Cl)cc1Cl)N(c1nc3c(cc1Br)C(=O)NC3=O)N(N)C2c1ccc(Cl)cc1,中毒,57.01388,18.158283,0.115459237,4.521034004
Cc1n[nH]nc1-c1cc2c(c(-c3c(Cl)cccc3Cl)c1)C(c1ccc(Cl)cc1)N(C1=CC(Cl)C(=O)N(C3CC(O)(CO)C3)C1=O)C2,中毒,30.27124,19.548931,0.165381408,4.52121593
Cc1n[nH]nc1-c1cc2c(c(-c3c(Cl)cccc3Cl)c1)C(c1ccc(Cl)cc1)N(C1=CC(O)(c3cc(Cl)cc(Cl)c3)C(O)C1)C2,中毒,38.749813,30.86224,0.170564139,4.521400712
Cc1n[nH]nc1-c1cc2c(c(-c3c(Cl)cccc3Cl)c1)C(c1ccc(Cl)cc1)c1cnc(OCc3cccc(F)c3)c(OC3CC(O)C(O)C3)c1C2,中毒,14.1639595,16.518377,0.142014647,4.521917842
Cc1n[nH]nc1-c1cc(-c2c(Cl)cccc2Cl)c2c(c1)C(COCc1ccncc1)N(c1cc(Cl)cn(C3CC(O)(CO)C3)c1=O)C2c1ccc(Cl)cc1,中毒,26.192316,18.239529,0.125768647,4.522159041
Cc1n[nH]nc1-c1nc2c(c(-c3c(Cl)cccc3Cl)c1Cl)C(c1ccc(Cl)cc1)N(c1cc(Cl)cn(C3CC(O)C(O)C3)c1=O)C2=O,中毒,39.425797,12.110745,0.175773889,4.523729722
Cc1n[nH]nc1C1(C)CC(c2cc(Cl)cc(Cl)c2F)N(c2cc(Cl)cn(C3CC(O)(CO)C3)c2=O)C1=O,中毒,13.3429985,14.891448,0.400252348,4.524227143
Cc1n[nH]nc1C1C(c2ccc(Cl)nc2)N(c2ccc(Cl)cc2F)C(C)(O)C1c1ccc(C#N)nc1,中毒,34.63742,32.193752,0.358956625,4.52495579
CC(=O)Oc1cc2c(c(N(C)C)c1)C(=O)C(c1ccc(Cl)cc1)(c1c(Cl)cccc1Cl)C1=C(C=C2c2n[nH]nc2C)CC1C#N,中毒,36.73767,16.348,0.174388276,4.525184114
Cc1n[nH]nc1-c1cc2c(c(-c3c(Cl)cccc3Cl)c1)CN(c1nc(Cl)cn(C3CC(O)C(O)C3O)c1=O)C2,中毒,5.1176133,17.262386,0.283540826,4.525383521
Cc1cn(-c2ccc(Cl)c(F)c2)c(=O)c(-c2cc3c(cc2Cl)C(=O)C2=C(C=C(c4n[nH]nc4C)C2)C2=C(OC2)c2c(F)c(O)c(F)c(F)c2-3)n1,中毒,78.130325,41.92138,0.145522601,4.526298589
Cc1n[nH]nc1Sc1cc(C(=O)N2CCOC(CNc3ccnc(C(F)(F)F)n3)C2)c2c(c1)C(=O)N(C(C)CO)CC2C,中毒,13.415054,21.499298,0.343195402,4.526744995
Cc1n[nH]nc1-c1cnc2c(c1Cc1cc(Cl)cc(Cl)c1)C(c1ccc(Cl)cc1)N(c1cc(Cl)cn(C3CC(O)C(O)C3)c1=O)C2=O,中毒,52.723274,26.588243,0.186796884,4.527467302
Cc1n[nH]nc1C1=C(C(C)C)C(=O)C(C(=O)N2CCC(O)(Cc3cccc(S(C)(=O)=O)c3)C(C3CC3)C2)=C1C#Cc1ccc(N)nc1,中毒,43.962994,19.657486,0.255755052,4.528398519
Cc1n[nH]nc1-c1cc2c(c(-c3c(Cl)cccc3Cl)c1)C1=C(C2)C(c2ccoc2C)OC(N)=C(C#N)C1c1ccc(Br)cc1CCl,中毒,16.255241,43.302444,0.174024008,4.530879763
Cc1n[nH]nc1-c1cc2c(c(-c3c(Cl)cccc3Cl)c1)C(c1ccc(Cl)cc1)N(c1cc3c(cn1)c(=O)c(C(=O)O)cn3C1CC(O)C(O)C1)C2,中毒,16.14284,14.878985,0.141309759,4.530995972
Cc1n[nH]nc1C1=Cc2c(P(=O)(O)O)nc(N3CCCC3C(N)=O)c(=O)c3cc(I)c(-c4ccc(-c5cnn(C6CC6)c5)cn4)c-3c21,中毒,32.17651,17.798532,0.137429511,4.53100584
Cc1n[nH]nc1-c1cc2c3c(=O)c(c1F)C(=CC(C)(C)C2)c1cc(OC2CC2)c(F)cc1C3=O,中毒,28.795885,19.77944,0.485065215,4.531218938
Cc1n[nH]nc1C1=Cc2c(c2=O)C(c2c(Cl)cccc2Cl)=C2C(=O)N(c3cc(Cl)cn(C4CC(O)(CO)C4)c3=O)C(c3ccc(Cl)cc3)N2C1=O,中毒,34.834694,15.303033,0.216049913,4.531330913
Cc1n[nH]nc1C1CC(Oc2cc(NC3CC3)c(Cl)cc2F)C(O)C(O)C1Oc1ccc(Cl)cc1-c1ccsc1,中毒,10.641058,51.22926,0.195990351,4.53192311
Cc1n[nH]nc1-c1cc(-c2c(Cl)cccc2Cl)c2c(c1)C(COCC(N)=O)N(c1cc(Cl)cn(C3CC(O)(CO)C3)c1=O)C2c1ccc(Cl)cc1,中毒,11.9282465,18.239529,0.126490586,4.532171833
Cc1n[nH]nc1-c1cc2c(=O)n(-c3cc(Cl)cn(C4CC(O)(CO)C4)c3=O)p(-c3ccc(Cl)cc3)c2c(-c2c(Cl)cccc2Cl)c1Cl,中毒,70.00132,35.111286,0.157690983,4.53318222
Cc1n[nH]nc1-c1cc2c(c(-c3c(Cl)cccc3Cl)c1)C(c1ccc(Cl)cc1)N(c1cc(Cl)cn(C3=C(Cl)C(=O)C(N(C)C)C3=O)c1=O)C2,中毒,31.73474,50.63959,0.176470274,4.533664429
COC1=C2C=C(Cl)C(P(=O)(O)c3cn(Cc4ccoc4)c4ncnc(N5CCOCC5)c34)=C2C=C(c2n[nH]nc2C)C1=O,中毒,36.575073,13.941929,0.291551856,4.535175451
Cc1n[nH]nc1C1=CC2=C(c3c(=O)c4cc(Cl)c(OCc5cc(F)c(F)cc5F)cc4nc4ccccc34)C(O)C(O)C(O)C2=C1,中毒,26.266365,15.02669,0.201556059,4.535206022
Cc1n[nH]nc1-c1cc2c(c(-c3c(Cl)cccc3Cl)c1)C(C(=O)O)C(c1ccc(Cl)nc1)N(c1cc(Cl)cn(C3CC(O)(CO)C3)c1=O)C2=O,中毒,14.0745,13.466203,0.140147193,4.535473967
Cc1n[nH]nc1-c1cc2c(c(-c3c(Cl)cccc3Cl)c1)[SH](c1ccc(Cl)cc1)N(c1cc(Cl)cn(C3CC(O)(CO)C3)c1=O)C2=O,中毒,8.842199,18.239529,0.137092532,4.535700508
Cc1n[nH]nc1-c1cc2c(cc1-c1cnc(Cl)c(Cl)c1)C1(c3ccc(Cl)cc3)C(N)=NN(CC3(C)COC3)C(=O)C21,中毒,13.1119795,9.114193,0.295204068,4.536654446
Cc1n[nH]nc1-c1cc2c(c(-c3c(Cl)cccc3Cl)c1)N(c1cc(Cl)cn(C3CC(O)(CO)C3O)c1=O)C2,中毒,23.97708,18.206211,0.280602628,4.537502776
Cc1n[nH]nc1-c1cc2c(cc1-c1c(Cl)cccc1Cl)N(c1cc(Cl)cn(C3CC(O)C(O)(CO)C3)c1=O)C2,中毒,21.313284,11.675482,0.267468827,4.538125902
Cc1n[nH]nc1C1=NC2(c3ccc(Cl)cc3)C(=C1)C(=O)N(c1cc(Cl)cn(C3CC(O)(CO)C3)c1=O)C2c1ccc(Cl)cc1,中毒,20.062292,15.303033,0.276456377,4.539164866
Cc1n[nH]nc1-c1cc2c(c(-c3c(Cl)cccc3Cl)c1)C(c1ccc(P(=O)(O)OCc3ccccc3)cc1)(N(O)C=O)C(F)(F)C2,中毒,29.3068,20.521738,0.065598619,4.539695857
Cc1n[nH]nc1-c1cc2c(c(-c3c(Cl)cccc3Cl)c1)C(c1ccc(S(=O)(=O)N(C)C)cc1)N(c1cc(Cl)cn(C3CC(O)C(O)C3)c1=O)C2,中毒,6.8665094,9.912456,0.184035949,4.54020321
Cc1n[nH]nc1-c1cc2c(c(-c3c(Cl)cccc3Cl)c1)C(n1cnc3c(Nc4ccc(Cl)c(Cl)n4)nc(C#Cc4cccs4)nc31)C(O)C2,中毒,34.63742,16.63892,0.118587968,4.540942303
Cc1n[nH]nc1C1=C2C(=O)SCC2=C(C(c2cccc(Cl)c2)N(c2cc(Cl)cn(C3CC(O)(CO)C3)c2=O)C2CC2)C1=O,中毒,7.0634484,13.503714,0.333824584,4.541047632
Cc1n[nH]nc1-c1csc2c(C(N)=O)c(-c3ccc(O)c(Cl)c3)c(-c3ccc(C4=C5C=CN=CC5OC(c5c(Cl)ccc(O)c5Cl)=N4)cc3)nc12,中毒,32.17651,35.111286,0.132314171,4.5417244
Cc1cccc(OCC2CC3C=Nc4cc(-c5n[nH]nc5C)c(-c5cc(Cl)ccc5Oc5c(Cl)cc(Cl)cc5Cl)c(-c5c(Cl)cccc5Cl)c4C(=O)N3C2)c1F,中毒,10.128725,15.02669,0.164441809,4.541763026
Cc1n[nH]nc1C1=CC2=C(C3CCN(Cc4cc5c(cc4F)c(=O)c(C(=O)O)cn5C4CC4)CC3)N(C3CC(O)C(O)C3)C(=O)C2=C1,中毒,49.60065,23.613358,0.303385428,4.541952129
Cc1n[nH]nc1-c1cc2c(c(-c3c(Cl)c[n+]([O-])c(Cl)c3Cl)c1)C(c1ccc(Cl)cc1Cl)N(c1cc(Cl)cn(C3CC(O)(CO)C3)c1=O)C2,中毒,7.487971,8.960914,0.0936175,4.543534364
Cc1n[nH]nc1-c1cc2c3c(c(NCc4nc5c(Br)cccc5s4)c(Cl)c-3s1)C(c1ccc(Cl)cc1)N(c1cc(Cl)cn(C3CC(O)(CO)C3)c1=O)C2,中毒,18.75555,13.503714,0.118980344,4.544014676
Cc1n[nH]nc1-c1cc(-c2c(Cl)cccc2Cl)c2c(c1)C1C(=O)N(c3cc(Cl)cn(C4CC(O)(CF)C4)c3=O)C(=O)N1C2c1ccc(Cl)cc1,中毒,46.84522,15.303033,0.170235432,4.544256603
Cc1n[nH]nc1-c1ccc(=O)c(OC2CCN(C)C2=O)c2c1C(=O)N(c1cc(Cl)cn(C3CC(O)(CO)C3)c1=O)C2c1ccc(Cl)cc1,中毒,20.697372,9.706391,0.26337467,4.544509932
Cc1n[nH]nc1-c1csc(C2=C(c3cc(Cl)ccc3Cl)C(=O)N(Cc3cn(S(=O)(=O)c4ccc(Cl)cc4)c4c(Cl)cncc34)CC3C=CCC23)n1,中毒,7.0831,24.177322,0.160491771,4.544516859
Cc1n[nH]nc1C1=CC2=C(C3CC(c4ccoc4)=NOC3c3ccc(F)cc3F)C(c3ccc(C(=O)N(c4ccccc4)C4CC4)cc3)=CC2=C1,中毒,25.244574,57.445484,0.177080463,4.544798002
Cc1n[nH]nc1C1=CC2=C(c3c2cc(-c2cc(F)c(O)c(Cl)c2)nc3-c2c(Cl)cccc2Cl)C(c2ccc(Cl)cc2)N(C(CO)CO)C(=O)C1C,中毒,35.73959,15.02669,0.131269309,4.545315928
Cc1n[nH]nc1C1=CC2=C(C2)C(c2c(Cl)cccc2Cl)=C2C(=O)N(c3cc(Cl)cn(C4CC(O)(CO)C4)c3=O)C(c3ccc(Cl)cc3)N2C1=O,中毒,26.687933,15.303033,0.218348754,4.545646348
Cc1n[nH]nc1-c1cc2c(s1)C(c1ccc(Cl)cc1)N(c1cc(Cl)cn(C3CC(O)(CO)O3)c1=O)C2=O,中毒,8.738106,11.664629,0.33938272,4.548205924
Cc1n[nH]nc1CN1CC2(COC(=O)N3CCS(=O)(=O)CC32)C1,中毒,15.381024,30.8618,0.747238357,4.549185578
Cc1n[nH]nc1C1=CC2=C(C(c3c(Cl)cccc3Cl)=c3c(F)cc(O)c(C(=O)NCc4c(Cl)cc(OP(=O)(O)O)cc4Cl)c3=C1Cl)C(O)C2,中毒,16.213184,62.94822,0.128767965,4.549495535
Cc1n[nH]nc1-c1cc2c(c(-c3c(Cl)cc(C4(C#N)CCC4)nc3F)c1)C(c1ccc(Cl)cc1)N(c1cc(Cl)cn(C3CC(O)(CO)C3)c1=O)C2,中毒,18.307278,13.489636,0.148305945,4.549655442
Cc1n[nH]nc1-c1cc(-c2c(Cl)cccc2Cl)c2c(c1)=C1C(Cl)=C(OCC3CN(S(=O)(=O)c4ccc(F)cc4)CC3O)C(Cl)=C1C(=O)C=2,中毒,6.622819,11.056841,0.270930492,4.549938429
Cc1n[nH]nc1-c1cc2c(c(-c3c(Cl)cccc3Cl)c1)C(c1ccc(Cl)cc1)N(c1cc(Cl)cn(P3(=O)CC(C)(C)O3)c1=O)C2,中毒,11.314767,33.72721,0.183893047,4.550734145
Cc1n[nH]nc1-c1cc(-c2c(Cl)cccc2Cl)c2c(c1)C1(c3ccc(Cl)cc3)C(=O)N(c3ccsc3)C1(c1ccc(Cl)cc1)C2c1ccc(Cl)cc1,中毒,16.220997,43.897926,0.17048208,4.551267042
Cc1n[nH]nc1-c1cc2c(c(-c3c(Cl)cccc3Cl)c1)N(c1cc(Cl)cn(C3CC(O)C(O)(CO)C3)c1=O)C2,中毒,21.313284,16.947666,0.267468827,4.55141948
Cc1n[nH]nc1-c1cc2c(cc1-c1c(Cl)cccc1Cl)S(=O)(=O)N(c1cc(Cl)cn(C3CC(O)(CO)O3)c1=O)C2,中毒,7.146124,16.862432,0.302803835,4.551805113
Cc1n[nH]nc1-c1cc2cc(c1)C(c1ccc(Cl)cc1)N(c1cc(Cl)cn(C3CC(O)(CO)C3)c1=O)C2=O,中毒,9.378727,19.743975,0.343279993,4.552782836
Cc1n[nH]nc1C1=Cc2nc3c4cc(Cl)ccc4n(Cc4ccc(N)c(Cl)c4)c3c3c2C(=O)CCC3=C1,中毒,13.182821,133.19324,0.26207789,4.553480376
Cc1n[nH]nc1-c1cc2c(c(-c3c(Cl)cccc3Cl)c1)C(c1ccc(Cl)cc1)N(C1=CC3=C(C(=O)N(CC(O)C4CC4)C1)C(=O)N(C)C3=O)C2,中毒,33.240067,17.41116,0.174119418,4.553516079
Cc1n[nH]nc1-c1cc(-c2c(Cl)cccc2Cl)c2c(c1)P(=O)(O)N(c1cc(Cl)cn(C3CC(O)(CO)C3)c1=O)S(=O)(=O)C2,中毒,32.935894,13.503714,0.227466406,4.553581628
Cc1n[nH]nc1-c1cc2c(c(-c3c(Cl)cccc3Cl)c1)C(c1ccoc1)C(c1ccc(Cl)cc1)N(c1cc(Cl)cn(C3CC(O)(CO)C3)c1=O)C2=O,中毒,14.0745,16.862432,0.148113279,4.553961296
Cc1n[nH]nc1C1Cc2c(c(-c3c(Cl)cccc3Cl)nn2CCC(CO)(c2ccc(F)cc2)c2ccc(Cl)cc2)C(N(C)S(C)(=O)=O)C1,中毒,14.706609,19.875515,0.158298744,4.554538563
Cc1n[nH]nc1-c1cc2c(c(-c3c(Cl)cccc3Cl)c1)N(c1cc(Cl)cn(C3CC(O)(CO)C3O)c1=O)C2=O,中毒,44.42436,18.239529,0.276812685,4.55487402
Cc1n[nH]nc1-c1cc2c(c(C3(S(=O)(=O)F)CCC(F)(F)CC3)c1)C(c1ccc(Cl)cc1)N(c1cc(Cl)cn(C3CC(O)(CO)C3)c1=O)C2,中毒,51.50488,12.110745,0.192845507,4.554907444
Cc1n[nH]nc1-c1cc(-c2c(Cl)cccc2Cl)c2c(c1)S(=N)(=O)N(c1cc(Cl)cn(C3CC(O)(CO)C3)c1=O)C2c1ccc(Cl)cc1,中毒,9.825931,16.862432,0.145113993,4.556143016
Cc1n[nH]nc1-c1cc(P(=O)(OC(C)C)OC(C)COC(C)C)c(-c2c(Cl)cccc2Cl)n[n+]1C(C)C,中毒,9.750571,11.266426,0.219497092,4.556333605
Cc1n[nH]nc1-c1cc(-c2c(Cl)cccc2Cl)c2c(c1)C(O)(C(F)(F)F)N(c1cc(Cl)cn(C3CC(O)(CO)C3)c1=O)C2c1ccc(Cl)cc1,中毒,6.3808517,16.862432,0.140284384,4.556461715
Cc1n[nH]nc1-c1cc2c(c(-c3c(Cl)cccc3Cl)c1)C(c1ccc(Cl)cc1)N(c1cc(Cl)cn(C3CC(O)(CO)O3)c1=O)C2,中毒,6.9868226,47.54363,0.17760516,4.556690268
Cc1n[nH]nc1-c1cc2c(c(-c3c(Cl)cccc3Cl)c1)C(c1ccc(Cl)cc1)N(C1=CCS(=O)(=O)C3CC13)C2,中毒,6.4271555,17.441782,0.273698339,4.556745781
Cc1n[nH]nc1-c1cc2c(c(-c3c(Cl)cccc3Cl)c1)C(c1cccc(Cl)c1)N(c1cc(Cl)cn(C3C4C(=O)N(C)C(=O)C43)c1=O)C2,中毒,12.656764,10.777793,0.195496562,4.556968002
COc1cc2c(cc1-c1n[nH]nc1C)C(c1cc(C)c(=O)c(S(=O)(=O)N3CCC(O)(Cn4cccn4)C3)cc1F)C(c1ccc(F)cc1F)=C2O,中毒,32.17651,11.713944,0.210012703,4.557800869
Cc1n[nH]nc1-c1cc2c(c(-c3c(Cl)ccc(F)c3OC(C)C(N)=O)c1)C(c1ccc(Cl)cc1)N(c1cc(Cl)cn(C3CC(O)(CO)C3)c1=O)C2,中毒,15.809174,13.447941,0.140025596,4.558374784
Cc1n[nH]nc1-c1cc(-c2c(Cl)cccc2Cl)c2c(c1)P(=O)(O)N(c1cc(Cl)cn(C3CC(O)(CO)C3)c1=O)C2c1ccccc1,中毒,26.553892,11.513729,0.15709558,4.559004031
Cc1n[nH]nc1-c1cc(-c2c(Cl)cccc2Cl)c2c(c1)[N+]([O-])(c1cc(Cl)cn(C3CC(O)(CO)C3)c1=O)C2c1ccc(Cl)cc1,中毒,26.901651,16.023859,0.125436724,4.559333161
Cc1n[nH]nc1-c1cc2c(c(-c3c(Cl)cccc3Cl)c1)C(c1c(Cl)cccc1Cl)N(c1nc(Cl)cn(C3CC(O)C(O)C3)c1=O)C2,中毒,5.2864246,12.65508,0.172909793,4.559347704
Cc1n[nH]nc1-c1cc2c(c(-c3c(Cl)cccc3Cl)c1)C(c1ccc(Cl)s1)C(c1ccc(Cl)cc1)N(c1cc(Cl)cn(C3CC(O)(CO)C3)c1=O)C2,中毒,38.834198,14.2372675,0.148266397,4.559673308
Cc1n[nH]nc1-c1cc2c(c(-c3c(Cl)cccc3Cl)c1)C(N1CC(F)(F)C1)c1cc(Cl)ccc1OCC(O)C2,中毒,23.960999,15.287771,0.275970363,4.559881478
Cc1n[nH]nc1-c1cc2c(c(-c3c(Cl)cccc3Cl)c1)C(c1ccc(Cl)cc1)C(c1ccc(Cl)s1)N(c1cc(Cl)cn(C3CC(O)(CO)C3)c1=O)C2,中毒,19.48654,18.206211,0.148266397,4.560730737
Cc1n[nH]nc1-c1cc2c(c(-c3c(Cl)cccc3Cl)c1)C(c1ccc(Cl)cc1)N(c1cc(Cl)cn(C3CCC(O)(CO)C3)c1=O)C2=S,中毒,9.036046,33.013264,0.152550021,4.560808211
Cc1n[nH]nc1-c1cc2c(c(-c3c(Cl)cccc3Cl)c1)C(c1ccc(Cl)cc1)N(C1=CC=C(c3cnn(C4CCN(C(=O)OCC#N)C4)c3)C1=O)C2,中毒,28.705816,35.696384,0.177181523,4.56092337
Cc1n[nH]nc1-c1cc2c(s1)C(c1ccc(Cl)cc1C(F)(F)F)N(c1cc(Cl)cn(C3CC(O)C(O)C3)c1=O)C2=O,中毒,8.738106,8.519041,0.288585885,4.560941621
Cc1n[nH]nc1-c1cc2c(c(-c3c(Cl)cccc3Cl)c1)C(c1ccc(Cl)cc1)N(c1cc(Cl)cn(C3CCC(O)(CO)C3)c1=O)N2,中毒,27.530386,10.425424,0.144248042,4.561861445
Cc1n[nH]nc1-c1cc2c(c(-c3c(Cl)cccc3Cl)c1S(=O)(=O)N1CCOC3(CCS(=O)(=O)C3)C1)C2,中毒,45.693962,13.62707,0.400550585,4.56190019
Cc1n[nH]nc1-c1cc(-c2c(Cl)cccc2Cl)c2c(c1)C(F)N(c1cc(Cl)cn(C3CC(O)(COCO)C3)c1=O)C2c1ccc(Cl)cc1,中毒,11.212927,11.733231,0.110105752,4.562032114
CNCCC(=O)OCC1c2cc(-c3n[nH]nc3C)cc(-c3c(Cl)cccc3Cl)c2C(c2ccc(Cl)cc2)N1c1cc(Cl)cn(C2CC(O)(CO)C2)c1=O,中毒,11.885829,18.239529,0.103070198,4.562294914
Cc1n[nH]nc1C1=CC2=C(C(c3c(Cl)cccc3Cl)=c3nc(Sc4cnc(Cl)nc4Cl)nc(OCCOCc4ccc5ccccc5c4)c3=C1)C(N)CC2,中毒,37.487926,19.899649,0.080432858,4.562359605
Cc1n[nH]nc1-c1cc2c(c(-c3c(Cl)cccc3Cl)c1)C(c1cccc(Cl)c1)Oc1cc(F)c(C#N)c(c1)C2,中毒,8.9391575,12.739723,0.234038099,4.562829728
Cc1n[nH]nc1-c1cc2c(c(-c3c(Cl)cccc3Cl)c1)C(c1ccc(Cl)cc1)N(c1cc(Cl)cn(C3C(=O)N(C(CO)CO)C3(C)C)c1=O)C2,中毒,33.033947,9.912456,0.148100914,4.563436016
Cc1n[nH]nc1-c1cc(-c2c(Cl)cccc2Cl)c2c(c1)C(CF)COc1nc3cc(Cl)ccc3cc1C2C(c1ccc(Cl)cc1)N(C)C,中毒,25.650932,49.618164,0.185521611,4.563585471
CC(=O)OCC1(C)N2C(=O)C3=C(CCc4cc(-c5n[nH]nc5C)cc(-c5c(Cl)cccc5Cl)c4C3=O)C2CC(=O)CC1(C)C,中毒,82.47462,17.028948,0.271601408,4.564714392
Cc1n[nH]nc1-c1cc2c(c(-c3c(Cl)cccc3Cl)c1)C(c1ccc(Cl)cc1)N(Cc1ccc(Cl)cc1)c1cc-2c(C(C)(C)C)c(=O)n(C)c1=O,中毒,6.816566,42.683334,0.189376772,4.565310548
Cc1n[nH]nc1-c1cc(-c2c(Cl)cccc2Cl)c2c(c1)N(c1ccn(C3CC(O)C(O)C3O)c(=O)c1)C2c1ccc(Cl)cc1,低毒,6.044678,28.1769,0.188326372,4.565343556
Cc1n[nH]nc1-c1cc2c(c(-c3c(Cl)cccc3Cl)c1)S(=O)(=O)c1cc(F)c(C(=O)NC3CC4CN(C5COC5)CC43)cc1-2,中毒,6.211633,14.547106,0.269234408,4.566587296
Cc1n[nH]nc1-c1cc(-c2c(Cl)cccc2Cl)c2c(c1)N1C3CCN3C(=O)N(c3ccc(Cl)cc3F)C(c3ccc(Cl)cc3)C21c1ccc(Cl)cc1,中毒,42.75487,15.574545,0.188831813,4.567332165
Cc1n[nH]nc1-c1cc(-c2c(Cl)cccc2Cl)c2c(c1)C(O)N(c1cc(Cl)cn(C3CC(O)(CO)C3)c1=O)C2c1ccc(Cl)cc1C(F)(F)F,中毒,9.036046,9.912456,0.138459935,4.567340547
Cc1n[nH]nc1-c1cc2c(c(-c3c(Cl)cc4cccnc4c3OCCOc3ccc(F)c4c3C4(OC(C)(C)C(=O)N3CCOCC3)C(F)F)c1)C(N)=N2,中毒,62.630013,14.2372675,0.1535668,4.567732215
Cc1n[nH]nc1-c1cc2c(c(-c3c(Cl)cccc3Br)c1)C(c1ccc(Cl)cc1)N(C1CC(O)C(O)(CO)C1)C2,中毒,10.863657,12.302537,0.226802922,4.569172104
Cc1n[nH]nc1-c1cc(-c2c(Cl)cccc2Cl)c2c(c1)N(C)C2(c1ccc(Cl)cc1)c1ccc2cc1C=C2,低毒,13.235096,23.797422,0.236720958,4.569576301
Cc1n[nH]nc1-c1cc2c(c(-c3c(Cl)cccc3Cl)c1)N(c1cc(Cl)cn(C3CC(O)C(O)(CO)C3)c1=O)C2=O,中毒,47.24788,16.862432,0.266853826,4.569718699
Cc1n[nH]nc1-c1cc2c(c(-c3c(Cl)cccc3Cl)c1)C(c1ccc(Cl)cc1)N(c1ccn(C3(C)CN(C4CCS(=O)(=O)CC4)C3=O)c1)C2,中毒,32.58908,24.991192,0.181858963,4.570765727
Cc1n[nH]nc1-c1cc2c(c(-c3c(Cl)cccc3Cl)c1)C1(Br)C(N)=NC(N)=NC1(c1ccc(-c3cc(F)ccn3)cc1F)c1c(F)cccc1-2,中毒,13.753865,18.158283,0.15492356,4.571146343
Cc1n[nH]nc1-c1cc2c(c(-c3c(Cl)cccc3Cl)c1)CC(c1ccc(Cl)cc1)N(c1cc(Cl)cn(C3CC(N)C(O)C3)c1=O)C2=O,中毒,54.21077,19.79431,0.177184367,4.571508789
Cc1n[nH]nc1-c1cc2c(c(-c3c(Cl)cccc3Cl)c1)C(c1cccs1)OC(c1ccc(Cl)cc1)N(c1cc(Cl)cn(C3CC(O)(CO)C3)c1=O)C2=O,中毒,14.162774,8.519041,0.146875956,4.572717768
Cc1n[nH]nc1-c1cc(-c2c(Cl)cccc2Cl)c2c(c1)N(O)C=C(Cl)C=C1C(=O)N1C2c1ccc(Cl)cc1,中毒,17.470196,94.67117,0.243317815,4.572855096
Cc1n[nH]nc1-c1cc(-c2c(Cl)cccc2Cl)c2c(c1)S(=O)(=O)N(c1cc(Cl)cn(C3CC(O)C(O)C3)c1=O)C2c1ccc(Cl)cc1,中毒,9.825931,16.862432,0.185504029,4.573587502
Cc1n[nH]nc1-c1cc2c(c(-c3c(Cl)cccc3Cl)c1)CN(c1nc(Cl)cn(C3C(O)C(O)C(O)C3O)c1=O)C2,中毒,5.1176133,17.262386,0.235405542,4.573618218
COC1CC(N2C(C)Cc3cc(-c4n[nH]nc4C)cc(-c4c(Cl)cccc4Cl)c3C2c2ccc(Cl)cc2)=COC1c1ccc(Cl)cc1,中毒,33.274574,84.75342,0.190507654,4.574002521
Cc1n[nH]nc1-c1cc2c(cc1-c1cc(Cl)ccc1C#N)N(c1cc(Cl)cn(C3CC(O)(CO)C3O)c1=O)C2=O,中毒,23.97708,11.733231,0.27975753,4.575388137
Cc1n[nH]nc1-c1cc2c(cc1C1=C(Cl)C(=NOc3cc(S(=O)(=O)Nc4ccon4)ccc3Cl)C=C1Cl)C(O)C(O)C2,中毒,55.294598,26.083336,0.206910226,4.575462413
Cc1n[nH]nc1-c1cc2c(-c3ccc(F)c(Br)c3)nc3cc(c4cc5c(F)cccc5n(C5CCCC5)c(=O)c5ncc3nc5-4)c(=O)c-2c1,中毒,6.1835613,10.767044,0.197014997,4.575555465
Cc1n[nH]nc1C1=CC2=C(c3nc(C(C)F)nn3-c3c[nH]c4ncc(-c5cnn(C)c5)cc34)C(c3ccc(Cl)cc3)CC2=C1,中毒,17.475342,22.448198,0.220517253,4.576086241
Cc1n[nH]nc1-c1cc2c(c(-c3c(Cl)cccc3Cl)c1)C(c1cc(Cl)cc3c1OCO3)C(c1cccc(Cl)c1)N1C(=O)N(C)C(=O)C1(C)C2,中毒,25.896519,13.577666,0.185293687,4.576276647
Cc1n[nH]nc1-c1cc2c(c(-c3c(Cl)cccc3Cl)c1)C(c1ccc(Cl)cc1C(N)=O)N(c1cc(Cl)cn(C3CC(O)C(O)C3)c1=O)C2,中毒,6.8665094,9.912456,0.156368459,4.577066461
Cc1n[nH]nc1-c1cc2c(c(S(=O)(=O)c3ccccc3)c1)C(c1ccc(Cl)cc1)N(c1cc(Cl)cn(C3CC(O)(CO)C3)c1=O)P2(=O)O,中毒,32.17651,28.945686,0.173794541,4.577110857
Cc1n[nH]nc1-c1cc2c(c(-c3c(Cl)cccc3Cl)c1)[SH](c1ccc(Cl)cc1F)N(c1cc(Cl)cn(C3CC(O)(CO)C3)c1=O)C2=O,中毒,6.864598,16.862432,0.134791496,4.577192752
Cc1n[nH]nc1C1(C)C(=O)N(c2cc(Cl)cn(C3CC(O)(CO)C3)c2=O)C(c2ccc(Cl)cc2)C2=C1C(=O)N(Cc1c(Cl)cccc1Cl)C2=O,中毒,23.909687,13.503714,0.225499576,4.577526061
Cc1n[nH]nc1-c1cc2c(c(-c3c(Cl)cccc3Cl)c1)C(Nc1cc(Cl)cn(C3CC(O)(C(O)CO)C3)c1=O)(c1ccc(Cl)cc1)C2,中毒,17.649488,17.39623,0.123085168,4.578206679
Cc1n[nH]nc1C1=CC2=C(C3CCC(F)(F)C3)N=C(c3cc(Cl)cc(S(=O)(=O)NC4(C(=O)Nc5cc(Cl)cc(Br)c5)CC4)c3F)C2=N1,中毒,34.63742,18.040764,0.232420795,4.578230149
Cc1n[nH]nc1-c1cc2c(c(-c3c(Cl)cccc3Cl)c1)CN(c1cc(Cl)cn(C3OC(CO)C(O)C(O)C3O)c1=O)C2,中毒,6.7690926,39.646847,0.222631585,4.578725768
Cc1n[nH]nc1-c1cc(-c2c(Cl)cccc2Cl)c2c(c1)C(N(C)C=O)N(c1cc(Cl)cn(C3CC(O)(CO)C3)c1=O)C2c1ccc(Cl)cc1,中毒,6.8433347,9.912456,0.146700553,4.579071669
Cc1n[nH]nc1-c1cc2c(c(=O)c(-c3c(Cl)cccc3Cl)c1Cl)C(c1ccc(Cl)cc1)N(c1cc(Cl)cn(C3CC(O)C(O)C3)c1=O)C2=O,中毒,18.215044,8.519041,0.174623641,4.579382883
Cc1n[nH]nc1[S+]([O-])c1cc(Cl)c2oc(C(=O)NNS(=O)(=O)c3c(F)c(F)c(F)c(F)c3F)c(S(C)(=O)=O)c2c1Cl,中毒,25.95525,34.149162,0.086607134,4.579958745
Cc1n[nH]nc1-c1cc2c(c(-c3c(Cl)cccc3Cl)c1)Sc1cc(C#N)c(cc1C(c1ccccc1)N1CCOCC1)C2,中毒,24.28833,16.488321,0.208936542,4.580554461
Cc1n[nH]nc1-c1cc2c(c(-c3c(Cl)cccc3Cl)c1)C(c1ccc(Cl)cc1Cl)C(c1ccsc1)N(c1cc(Cl)cn(C3CC(O)(CO)C3)c1=O)C2=O,中毒,22.081963,15.303033,0.147393595,4.580725268
Cc1n[nH]nc1-c1cc2c(c3c4cc-4cc(Cl)ccc(=O)c-3c1)C(c1ccc(Cl)cc1)N(c1cc(Cl)cn(C3CC(O)(CO)C3)c1=O)C2=O,中毒,6.1933956,8.960914,0.190959437,4.581014161
Cc1n[nH]nc1-c1cc2c(c(Cl)c1-c1ccc(Cl)cc1)C1(c3cc(Cl)cnc3Cl)C(c3ccc(Cl)cc3)N(C)C(=O)N(C3CC3)C21,中毒,32.842438,13.612229,0.184399979,4.58214663
Cc1n[nH]nc1-c1cc2c(c(-c3c(Cl)cccc3Cl)c1OCc1ccc(Cl)cc1)C(c1ccc(Cl)cc1)N(c1cc(Cl)cn(C3CC(O)C(O)C3)c1=O)C2,中毒,6.8491526,12.110745,0.140083693,4.582398197
CC(=O)C1(O)c2cc(-c3n[nH]nc3C)cc(-c3c(Cl)cccc3Cl)c2C(c2ccc(Cl)cc2)N1C1=Cc2c(cnn2C2CCC(O)CC2)C1=O,中毒,49.60065,9.114193,0.163951417,4.582536523
Cc1n[nH]nc1C1(c2ccc(Cl)cc2F)CCN(C(=O)CC2(Oc3ccc(Cl)cc3Cl)CC(C3CC3)N(O)C2)C1,中毒,5.4236474,35.02005,0.351558195,4.583673321
Cc1n[nH]nc1-c1cc2c(c(-c3c(Cl)cccc3Cl)c1)C(c1ccc(Cl)cc1)N(C1=CN(C)C(=O)C3(C)COC(=O)C13)C2,中毒,26.23909,14.545181,0.248314802,4.58386551
Cc1n[nH]nc1-c1cc2c(c(-c3c(Cl)cccc3Cl)c1)C(c1ccc(Cl)cc1)N(C1=CC(=O)N(C3CCC(O)(CO)C3)C1)C2,中毒,44.71345,17.749989,0.225853781,4.584078437
Cc1n[nH]nc1-c1cc(-c2c(Cl)cccc2Cl)c2c(c1)C(O)C(O)C2n1cnc2c(NC3COC3)nc(Br)nc21,中毒,29.52454,16.798103,0.203790483,4.584910843
Cc1n[nH]nc1-c1nc2c(c(-c3c(Cl)cccc3Cl)c1I)C(c1ccc(Cl)cc1)N(c1cc(Cl)cn(C3CC(O)C(O)C3)c1=O)C2=O,中毒,59.929935,12.110745,0.16209813,4.585307056
Cc1n[nH]nc1-c1cc2c(c(-c3c(Cl)cccc3Cl)c1)C1C(=CC=C(Cl)C=C2)C(=O)N1c1cc(Cl)cn(C)c1=O,中毒,12.591622,155.33086,0.247269757,4.585941865
Cc1n[nH]nc1C1Cc2c(c(-c3ccc(S(=O)(=O)NCc4ccccc4)cc3)c3c(N)ncnn3c2=O)C(C(=O)NCc2ccnc(F)c2)C(C)N1,中毒,71.842575,40.01659,0.136662252,4.587286531
Cc1n[nH]nc1-c1cc2c(c(-c3c(Cl)cccc3Cl)c1F)C(N)C(c1ccc(Cl)c(Cl)c1)N(c1cc(Cl)cn(C3CC(O)(CO)C3)c1=O)C2=O,中毒,20.665174,16.862432,0.139707928,4.588341221
Cc1n[nH]nc1-c1cc2c(c(-c3c(Cl)cccc3Cl)c1)C(c1ccc(Cl)cc1)[N+]([O-])(c1cc(Cl)cn(C3CC(O)(CO)C3)c1=O)C2,中毒,7.975862,9.912456,0.12541286,4.588591531
Cc1n[nH]nc1-c1cc2c(c(-c3c(Cl)cccc3Cl)c1)C(c1ccc3c(c1)OCO3)C(c1cc3ccccc3nc1OC(=O)CCBr)N(C#N)N2,中毒,30.221228,10.292379,0.091886019,4.588777462
Cc1n[nH]nc1-c1cc2c(c(-c3c(Cl)cccc3Cl)c1)C(c1ccc(Cl)cc1)N(c1cc(Cl)cn(C3CC3CS(=O)(=O)C3CC3)c1=O)C2,中毒,18.721136,9.91435,0.171394119,4.589057062
Cc1n[nH]nc1-c1cc(C2=CC2)c(O)c(C(=O)Nc2cnc3[nH]c4ncc(-c5cnn(C)c5)cc4c3c2)c1C1CC(N)C(=O)O1,中毒,25.726933,33.910744,0.175059897,4.589467454
Cc1n[nH]nc1-c1cc(-c2c(Cl)ccc(Cl)c2Cl)c2c(c1)S(=O)N(c1cc(Cl)cn(C3CC(O)(CO)C3)c1=O)C2c1ccc(Cl)cc1,中毒,9.825931,16.862432,0.153970964,4.589700768
Cc1n[nH]nc1C1=Cc2sc(C(=O)N3C(C(=O)O)COC3c3ccc(Cl)s3)c(Cl)c2C1=O,中毒,8.729602,26.862226,0.544281357,4.590214854
Cc1n[nH]nc1-c1cc(-c2c(Cl)cccc2Cl)c2c(c1)C(c1ccc(Cl)cc1)Oc1ccc(Cl)cc1C2N(C)c1cc(Cl)cn(C2CC(O)(CO)C2)c1=O,中毒,5.0387254,12.110745,0.146923722,4.590653488
Cc1n[nH]nc1-c1cc(-c2c(Cl)cccc2Cl)c2c(c1)C1(C)CN(c3cc(Cl)cn(C4CC(O)(CO)C4)c3=O)C(=O)C21c1ccc(Cl)cc1,中毒,14.735986,15.303033,0.17464,4.591289881
Cc1n[nH]nc1-c1cc2c(c(-c3c(Cl)cccc3Cl)c1)C(c1cc(Cl)c(OCC3CC(F)(F)C3)c(Cl)c1F)=C1N=C(N3CCOC4(CC3)CC4)N=C12,中毒,55.942184,9.348104,0.196798266,4.591691839
Cc1n[nH]nc1C1=CC2=C(C(c3ccc(Cl)cc3)N(c3cc(Cl)cn(C4CC(O)(CO)C4)c3=O)C2=O)C1(CF)c1ccc(Cl)cc1,中毒,13.79532,14.418226,0.230499836,4.592110401
Cc1n[nH]nc1C1=CC2=C(C(c3ccc(Cl)cc3)N(c3cc(Cl)cn(C4CC(O)(CO)C4)c3=O)C2=O)C1(C)c1cc(Cl)cc(Cl)c1,中毒,13.79532,14.418226,0.214597371,4.593127475
Cc1n[nH]nc1-c1cc(-c2c(Cl)ccc(Cl)c2Cl)c2c(c1)N(C)C=C(Cl)C=C1C(=O)N1C2c1ccc(Cl)cc1,中毒,10.667212,32.461514,0.185250614,4.593191005
Cc1n[nH]nc1-c1cc(Oc2ccc(Cl)cc2Cl)c2cc1C(=O)N(c1cc(Cl)cn(C3CC(O)(CO)C3)c1=O)C2c1ccc(Cl)cc1,中毒,21.010157,32.351887,0.163157971,4.593781271
Cc1n[nH]nc1C1=C(F)C=C2C(=O)C(C(=O)O)=C(c3ccc(P(=O)(O)O)cc3)C(C3CC3F)=C21,中毒,11.431352,48.78208,0.370280616,4.593949318
Cc1n[nH]nc1C1CN(c2c(F)cc3c(=O)c(C(=O)O)cn(C4CC4)c3c2Cl)CC1c1ccc(C=CC(=O)NC(C=CC(=O)O)C(=O)O)cc1,中毒,8.049055,13.158075,0.141655004,4.594306532
Cc1n[nH]nc1C1(c2cc(F)cc(F)c2)C(c2ccc(C(C)(O)C(F)(F)F)cc2)N(c2ccc(Cl)c(Cl)c2)C1c1ccc(Cl)nc1,中毒,10.241612,12.521975,0.137300712,4.594547972
Cc1n[nH]nc1-c1cc(-c2c(Cl)cccc2Cl)c2c(c1)C1N(C(=O)C#CC3CC3)CCC1(C)C2c1ccc2c(c1)OCO2,中毒,22.567127,22.61323,0.245759903,4.594693532
Cc1n[nH]nc1-c1cc(-c2c(Cl)cccc2Cl)c2c(c1)P(=O)(O)N(c1cc(Cl)cn(C3CC(O)(CO)C3)c1=O)C2c1ccc(Cl)cc1,中毒,26.553892,11.513729,0.14129729,4.594706685
Cc1n[nH]nc1C1=CC2=C(c3c(Cl)cc4nc(-c5cccnc5Cl)sc4c3Cl)C(c3ccc4c(c3)OCO4)C(CO)NC2=C1,中毒,35.920673,41.92138,0.172941095,4.595129609
Cc1n[nH]nc1-c1cc(-c2c(Cl)cccc2Cl)c2c(c1)C1C(=O)N(n3cnc4cc(Cl)c(Cl)cc4c3=O)C(=O)C1C2c1ccc2c(c1)OCO2,中毒,16.217533,38.432915,0.190068951,4.595595689
Cc1n[nH]nc1C1=C(c2cc(-c3cnc(N4CC(O)C4)c(Cl)c3)nc3c(F)cc(-c4c(Cl)ccc(F)c4Cl)cc23)C(O)C1(O)CC(C)(C)O,中毒,36.83937,13.503714,0.127408889,4.596079873
Cc1n[nH]nc1-c1cc2c(c(-c3c(Cl)cccc3Cl)c1)C(c1cc(Br)cs1)C(c1ccc(Cl)cc1)N(c1cc(Cl)cn(C3CC(O)(CO)C3)c1=O)C2,中毒,24.817047,13.503714,0.147684382,4.596229051
Cc1n[nH]nc1-c1cc2c(c(-c3nc(-c4ccsc4)nc4sc(Br)cc34)c1)C(c1ccc(Cl)s1)N(c1cc(Cl)cn(C3CC(O)(CO)C3)c1=O)C2,中毒,38.834198,13.503714,0.145440292,4.59705745
Cc1n[nH]nc1C1=Cc2c(C(C)C=O)c(-c3c(Cl)cccc3Cl)c3c(=O)n(-c4ccc(Cl)cc4)c(C(C)C(=O)NCC(F)(F)F)c(C)c3c21,中毒,22.69816,11.134148,0.153279901,4.59785094
Cc1n[nH]nc1-c1cc(-c2c(Cl)cccc2Cl)c2c(c1)C1(CC1)N(c1cc(Cl)cn(C3CC(O)(CO)C3)c1=O)C2c1ccc(Cl)cc1,中毒,9.036046,18.239529,0.165756349,4.597913397
Cc1n[nH]nc1-c1cc2c(c(-c3c(Cl)cccc3Cl)c1)C1C(CC2)N1CC(Cl)(Cl)C(Nc1ccc(Cl)c(Cl)c1)C(N)=O,中毒,13.107028,20.239634,0.129613728,4.599214457
Cc1n[nH]nc1-c1cc2c(c(-c3c(Cl)cccc3Cl)c1)C(c1ccc(Cl)cc1)N(c1cc(Cl)cn(C3CC(O)(CO)C3=O)c1=O)C2,中毒,9.954332,9.912456,0.183514139,4.599875074
Cc1n[nH]nc1-c1cc2c(c(-c3c(Cl)cccc3Cl)c1)C(c1ccc(Cl)cc1)C(n1ccnc1)N(c1cc(Cl)cn(C3CC(O)(CO)C3)c1=O)C2=O,中毒,14.735986,18.239529,0.152794963,4.600026311
Cc1n[nH]nc1C1=C(C(Nc2cc(Cl)cn(C3CC3)c2=O)c2ccc(Cl)cc2)C2=C(Nc3cc(C4CC4)[nH]n3)C(c3ccc(OC(C)C)cc3)C2=C1,中毒,22.035963,13.503714,0.100887126,4.601565536
Cc1n[nH]nc1-c1cc2c(c(-c3c(Cl)cccc3Cl)c1)C(c1cc(Cl)cc(Cl)c1Oc1cc(Cl)c(Cl)c(Cl)c1)C1=C(C2)N(CC2CCC2)CC1(C)O,中毒,15.307032,18.39298,0.159789223,4.602321307
Cc1n[nH]nc1-c1cc2c(C3CC(C)(CO)C(O)C(O)C3O)ncnc2cc1F,中毒,31.184698,67.81498,0.422804141,4.603108191
Cc1n[nH]nc1-c1cc2c(c(-c3c(Cl)cccc3Cl)c1)C(c1ccc(Cl)cc1)NC(c1ccsc1)N(c1cc(Cl)cn(C3CC(O)(CO)C3)c1=O)C2=O,中毒,6.4223576,9.719319,0.127305735,4.603211831
Cc1n[nH]nc1C1CC(C2Cc3c(Cl)ccc(NS(=O)(=O)c4ccc(F)c(-c5ccc(C(F)(F)F)cc5)c4F)c3C(N)=N2)C(=O)N1,中毒,8.45896,14.3937645,0.2094856,4.603313878
Cc1n[nH]nc1-c1cc2c(cc1-c1cc(Cl)ccc1C(F)(F)F)N(c1cc(Cl)cn(C3CC(O)C(O)(CO)C3)c1=O)C2=O,中毒,18.244883,10.425424,0.249857112,4.603336559
Cc1n[nH]nc1-c1cc2c(c(-c3c(Cl)cccc3Cl)c1)C(c1ccc3c(n1)N(C)C(c1ccsc1)N(c1cc(Cl)cn(C)c1=O)C3=O)C2=O,中毒,28.345415,36.510887,0.19356201,4.603747761
Cc1n[nH]nc1-c1cc2c(c(-c3c(Cl)cccc3Cl)c1)C(c1ccc(OC(C)(C)C(=O)O)cc1)N(c1cc(Cl)cn(C3CC(O)C(O)C3)c1=O)C2,中毒,9.036046,9.912456,0.131630312,4.605054287
COC1=C(O)C(C(=O)O)=CC1n1cc(Cl)cc(N2Cc3cc(-c4n[nH]nc4C)cc(-c4c(Cl)cccc4Cl)c3C2c2ccc(Cl)cc2F)c1=O,中毒,9.5269375,10.425424,0.150817121,4.605199602
Cc1n[nH]nc1C1=CC2=C=C(c3cc(Cl)cc(Cl)c3)C(c3ccc(Cl)cc3)C3=C(C2=C1)C(c1cccc(Cl)c1)C(N)=N3,中毒,5.352581,56.916515,0.221529424,4.605401396
Cc1n[nH]nc1-c1cc2c(c(-c3c(Cl)cccc3Cl)c1)C(c1ccc(Cl)cc1)N(C1CC(Oc3cc(Cl)cc(Cl)c3)C(O)C1O)C2,中毒,25.866581,76.01221,0.163143891,4.605736325
Cc1n[nH]nc1-c1cc(-c2cc(-c3ccsc3)cnc2F)c2c(c1)C(N)N(c1cc(Cl)cn(C3CC(O)(CO)C3)c1=O)C2c1ccc(Cl)cc1,中毒,7.2728734,8.730928,0.131302693,4.606489388
Cc1ncc2c(n1)C=C(N1C(C)Cc3cc(-c4n[nH]nc4C)cc(-c4c(Cl)cccc4Cl)c3C1c1ccc(Cl)cc1)C=CS(=O)(=O)N2C,中毒,17.495298,17.374432,0.199777208,4.606999324
Cc1n[nH]nc1-c1cc2c(c(-c3c(Cl)cccc3Cl)n1)C(c1ccoc1)N(c1cc(Cl)cn(C3CC(O)C(O)C3)c1=O)C2=O,中毒,7.4282966,12.110745,0.229386436,4.607019182
Cc1n[nH]nc1-c1cc(-c2c(Cl)cccc2Cl)c2c(c1)N(C1CC(O)(CO)C1)C=C(Cl)C=C1C(=O)C(=O)N1C2c1ccc(Cl)cc1,中毒,16.751171,32.426426,0.159238099,4.607501897
Cc1n[nH]nc1-c1cc(-c2c(Cl)cccc2Cl)c2c(c1)N(C)C(c1cccnc1)[SH](c1ccc(Cl)cc1)C2c1ccc(Cl)cc1,中毒,29.09043,34.31999,0.176793246,4.607845801
Cc1n[nH]nc1-c1cc2c(c(-c3c(Cl)cccc3Cl)c1OCc1cccc(Cl)c1)C(c1ccc(Cl)cc1)N(c1cc(Cl)cn(C3CC(O)C(O)C3)c1=O)C2,中毒,6.8491526,12.110745,0.140083693,4.607999102
Cc1n[nH]nc1-c1cc2c(c(-c3c(Cl)cccc3Cl)c1)C(c1ccc(Cl)cc1)N(C1CC(Oc3ccc(Cl)c(Cl)c3)C(O)(CO)C1)C2,中毒,16.290956,46.899128,0.154912686,4.608261675
Cc1n[nH]nc1-c1cc(-c2c(Cl)cccc2Cl)c2c(-c3ccc(Cl)cc3)nc3cc(Nc4ccc(C#N)cc4F)nc(OC4CC45COC5)c3c2c1,低毒,15.552394,14.21714,0.1545888,4.609340041
Cc1n[nH]nc1-c1cc(-c2c(Cl)cccc2Cl)c2c(c1)C(c1ccc(Cl)cc1)Oc1cc(Cl)ccc1C2N(C)c1cc(Cl)cn(C2CC(O)(CO)C2)c1=O,中毒,5.0387254,12.110745,0.146923722,4.609531023
Cc1n[nH]nc1-c1cc2c(c(-c3c(Cl)cccc3Cl)c1)C(c1ccc(Cl)cc1)N(c1cc(Cl)cn(C3CC(O)(C(=O)O)C3=O)c1=O)C2,中毒,9.954332,9.912456,0.166230455,4.610324202
Cc1n[nH]nc1-n1cc(C(=O)N2CCOC(CF)C2)c(=O)c2c1C(=O)N(c1cc(Cl)cn(C3CC(O)(CO)C3)c1=O)C2c1ccc(Cl)cc1,中毒,36.832283,13.503714,0.25962647,4.610692823
Cc1n[nH]nc1-c1cc2c(c(-c3c(Cl)cccc3Cl)c1)C(c1cncn1C)C(c1ccc(Cl)cc1)N(c1cc(Cl)cn(C3CC(O)(CO)C3)c1=O)C2=O,中毒,15.809174,16.862432,0.151704175,4.611760299
Cc1n[nH]nc1-c1cc(-c2c(Cl)cccc2Cl)c2c(c1)C1N(C(=O)N(c3ccc(Cl)cc3)C(=O)C3(CC3)C1(C)C)C2c1ccc(Cl)cc1,中毒,9.775116,14.3937645,0.200689613,4.61310809
Cc1n[nH]nc1-c1cc2c(c(-c3c(Cl)cccc3Cl)c1)C(c1ccc(Cl)cc1)N(c1cc(Cl)cn(C3CC3(O)CO)c1=O)O2,中毒,9.907732,13.489636,0.182080715,4.613924393
Cc1n[nH]nc1-c1c2c(c(-c3c(Cl)cccc3Cl)c3c(c1=O)C(c1ccc(Cl)cc1)N(c1cc(Cl)cn(C4CC(O)(CO)C4)c1=O)C3=O)C2C,中毒,13.79532,14.418226,0.172346303,4.614550556
Cc1n[nH]nc1C1(c2cc(NC(=O)c3ccc(Br)cn3)c(F)cc2F)CN(Cc2cc3c(cn2)C(C)(C)CN(C(=O)NC2CCOC2)C3)C1=O,中毒,32.17651,31.078148,0.238382225,4.614769584
Cc1n[nH]nc1-c1cc(-c2c(Cl)cccc2Cl)c2c(c1)C1C(O)c3c(Cl)c(O)nc(I)c3C(=O)N1C2c1ccc(Cl)cc1,中毒,23.594244,12.110745,0.12645359,4.614924226
Cc1n[nH]nc1-c1cc2c(c(-c3c(Cl)cccc3Cl)c1)C(c1scnc1C)C(c1ccc(Cl)cc1)N(c1cc(Cl)cn(C3CC(O)(CO)C3)c1=O)C2=O,中毒,59.929935,13.503714,0.147038147,4.616380985
CC(=O)n1cc(Cl)cc(N2N3C(c4ccc(Cl)cc4)c4c(cc(-c5n[nH]nc5C)cc4-c4c(Cl)cccc4Cl)CC3C2(C)O)c1=O,中毒,38.768547,16.590155,0.202608306,4.616663074
Cc1n[nH]nc1-c1cc(-c2c(Cl)cccc2Cl)c2c(n1)C(=O)N(c1cc(Cl)cn(C3CC(O)(CO)C3=O)c1=O)C2c1ccc(Cl)cc1,中毒,39.425797,12.110745,0.205636451,4.616729369
Cc1n[nH]nc1-c1csc(C2(C(=O)O)CC(c3ccc(OCc4cc(F)cc(F)c4)cc3)C(O)(CCN(C)C3CC3)C2=O)c1F,中毒,8.041295,15.883963,0.192629671,4.616813996
Cc1n[nH]nc1-c1cc2c(c(-c3c(Cl)cccc3Cl)c1)C(c1ccc(Cl)cc1)N(C1=COC3(C)C(=O)N(C4CC4)C(=O)C13)C2,中毒,18.397161,33.522285,0.232966903,4.61725082
Cc1n[nH]nc1C1CC12CCN(S(=O)(=O)c1c(Cl)cccc1Cl)C(C(=O)N(C)c1ccccc1Cl)C2,高毒,16.524073,15.487612,0.463646937,4.618200784
Cc1n[nH]nc1-c1cc2cc(c1)C(c1ccc(Cl)cc1F)N(c1cc(Cl)cn(C3CC(O)(CO)C3)c1=O)C2=O,中毒,5.166372,20.163328,0.330691511,4.618202943
Cc1n[nH]nc1C1=CC2=C(c3c(-c4cc(Cl)cc(Cl)c4)nc(-c4cnn(Cc5cc(F)cc(F)c5)c4)c(Cl)c(=O)c32)C(O)C(C)(CO)C1,中毒,11.575808,16.16186,0.177807175,4.618397327
Cc1n[nH]nc1C1=CC2=C(C(c3c(Cl)cccc3Cl)=c3c(N)ncnc3=C1)C(c1ccc(Cl)cc1)N(c1cc(Cl)cn(C3CC(O)(CO)C3)c1=O)C2=O,中毒,32.17651,13.503714,0.193378358,4.618896622
Cc1n[nH]nc1-c1cc2c(c(-c3c(Cl)cccc3Cl)c1)C(C(C)(C)C#N)C(c1ccc(Cl)cc1)N(c1cc(Cl)cn(C3CC(O)(CO)C3)c1=O)C2,中毒,16.061716,18.206211,0.151245281,4.61940588
Cc1n[nH]nc1-c1cc(-c2c(Cl)cccc2Cl)c2c(c1)[S+](=O)N(c1cc(Cl)cn(C3CC(O)(CO)C3)c1=O)C2c1ccc(Cl)cc1,中毒,9.825931,16.862432,0.160780237,4.619827588
Cc1n[nH]nc1-c1cc2c(c(-c3c(Cl)cccc3Cl)c1)C(c1ccc(Cl)cc1F)c1cc(c(Cl)c3c(Cl)cc(Cl)cc3c1=O)N2,中毒,3.5154886,37.73658,0.190941721,4.620081462
Cc1n[nH]nc1C1=Cn2c(c(C=O)c(-c3cc(Cl)cc(Cl)c3)c2C2CC(O)C(CO)O2)C1=O,中毒,21.378708,28.374746,0.469868206,4.621093174
Cc1n[nH]nc1C1=CC2=C(C3(c4nc5cc(F)ccc5s4)CC(c4ccsc4)NC3=O)N(c3cccc(Br)c3)C(=O)C2=C1,中毒,28.345415,14.3937645,0.221941234,4.621152203
Cc1n[nH]nc1-c1cc2c(C3CCOC(C(=O)O)(c4ccon4)C3)c(F)c(F)c3c(=O)c(C(=O)O)cn(C4CC4)c3c-2c1,中毒,37.395767,16.862432,0.257231046,4.621268667
Cc1n[nH]nc1-c1cc2c(c(-c3c(Cl)cccc3Cl)c1)C(c1ccc(Cl)cc1)N(c1cc(Cl)cn(C3CC(O)(CO)C3)c1=O)P(=O)(O)O2,中毒,19.955666,11.08457,0.130426845,4.621969272
Cc1n[nH]nc1-c1cc2c(c(-c3c(Cl)cccc3Cl)c1)C(c1cccs1)C(c1ccc(Cl)s1)N(c1cc(Cl)cn(C3CC(O)(CO)C3)c1=O)C2=O,中毒,51.50488,13.503714,0.148264228,4.622463921
Cc1n[nH]nc1-c1cc2c(c(-c3c(Cl)cccc3Cl)c1)C(c1ccc(Cl)cc1)N(C1=CN(C3CCC(O)(CO)C3)C(=O)C1)C2,中毒,49.63576,14.118522,0.215581087,4.624184652
Cc1n[nH]nc1-c1cc2c(c(-c3c(Cl)cccc3Cl)c1)C(c1ccc(Cl)cc1)N1C(=C(Cl)C2)C2(CCCC2)C(=O)N1c1cc(Cl)cc2ccccc12,中毒,16.83937,17.334517,0.193296284,4.624448146
Cc1n[nH]nc1-c1cc(-c2c(Cl)cccc2Cl)c2c(c1)N1N(C2c2ccc(Cl)cc2)N(c2cc(Cl)nc(Cl)c2)C(=O)C12CCCC2,中毒,48.535458,12.268689,0.187217628,4.624942799
Cc1n[nH]nc1-c1nc2c(c(-c3c(Cl)cccc3Br)c1C#N)C(c1ccc(Cl)cc1)N(c1cc(Cl)cn(C3CC(O)C(O)C3)c1=O)C2=O,中毒,51.50488,13.503714,0.185178161,4.625218011
Cc1n[nH]nc1-c1cc2c(c(-c3c(Cl)cccc3Cl)c1)C(c1ccc(Cl)cc1)NS(=O)(=O)c1ccc(-c3cnn(CC4(O)CCOCCN4)c3)cc1-2,中毒,50.207073,39.513477,0.141290118,4.625306127
Cc1n[nH]nc1-c1cc2c(c(-c3c(Cl)cccc3Cl)c1)S(=O)(=O)c1cc(c(F)cc1F)N(c1cc(Cl)cn(C3CC(O)(CO)C3)c1=O)C2=O,中毒,12.808037,10.425424,0.183999827,4.625387221
Cc1n[nH]nc1C1=CC2=C(c3cc4ncnc(N)c4c(-c4ccc(OC(=O)c5cc(Cl)c(F)cc5C(F)(F)F)c(F)c4)n3)C(O)C(O)CC2=C1,中毒,28.867126,22.97729,0.099671204,4.625468777
Cc1n[nH]nc1-c1cc(-c2c(Cl)cccc2Cl)c2c(c1)C(Cl)N(c1cc(Cl)cn(C3Oc4cc(Cl)c(Cl)cc43)c1=O)C2c1ccc(Cl)cc1,中毒,28.345415,67.309685,0.139020616,4.625563938
Cc1n[nH]nc1-c1cc2c(c(-c3c(Cl)cccc3Cl)c1)C(c1ccc(Cl)cc1)N(c1cc(Cl)cn(C3CC(O)(CO)C3)c1=O)P(=O)(O)C2,中毒,16.914482,19.287458,0.130314192,4.625794142
Cc1n[nH]nc1-c1cc2c(c(-c3c(Cl)cccc3Cl)c1)C(c1ncc(Cl)cc1F)N(c1cc(Cl)cn3nc(O)c(OC4CC(O)(CO)C4)c3c1=O)C2,中毒,6.4028664,14.9876795,0.137437132,4.625864232
Cc1n[nH]nc1-c1cc2c(c(-c3c(Cl)cccc3Cl)c1)C(c1ccc(Cl)cc1)=C1c3cc(Cl)c(=O)n(C)c3C13CCC3=N2,中毒,28.345415,13.503611,0.213137177,4.626649497
Cc1n[nH]nc1-c1cc2c(c(-c3c(Cl)cccc3Cl)c1)C(c1ccc(Cl)cc1)N(C1C(O)C(O)C(O)C1CO)C2,中毒,15.956555,11.445001,0.229815918,4.626698531
Cc1n[nH]nc1-c1cc2c(c(-c3c(Cl)cccc3Cl)c1)C(c1ccc(Cl)cc1)N(c1cc(Cl)cn(C3C=C(C(=O)O)C(O)C3)c1=O)C2,中毒,6.8665094,9.912456,0.165568035,4.626713806
CC1=C(c2c(OC3CCOCC3O)c(OC3CC3)c3c(=O)c(C(=O)O)cn(C4CC4)c3c2Cl)C=C1Oc1n[nH]nc1C,中毒,21.946232,17.077208,0.33027944,4.627177727
Cc1n[nH]nc1C1=CC2=C(C3(S(=O)(=O)c4ccc(F)cc4)CC3)C(c3ccc(Cl)cc3F)N(c3cc(Cl)cnc3OCC(O)C3CC3)CC2=C1,中毒,29.54402,13.503714,0.165053454,4.627587068
Cc1n[nH]nc1-c1cc2c3c4nc(c(c-2c1)C(=O)CCC4)-c1c(sc(C)c1Cc1c(Cl)cccc1Cl)C(c1ccc(Cl)cc1)=C3Br,中毒,28.345415,37.486298,0.194966055,4.629044978
Cc1n[nH]nc1-c1cc2c(c(-c3c(Cl)cccc3Cl)c1)C(c1ccc(Cl)cc1)N(c1cc(Cl)cn(C3CC(O)(COP(=O)(O)CO)C3)c1=O)C2,中毒,9.036046,14.297296,0.111202185,4.629443321
Cc1n[nH]nc1-c1cc2c(c(-c3c(Cl)cccc3Cl)c1)C(c1ccc(Cl)cc1)N(C1=CC(Cl)C(=O)OC3CCC13)C(=O)C2,中毒,12.859998,19.899649,0.18006785,4.629577863
Cc1n[nH]nc1-c1cc2c(c(-c3c(Cl)cccc3Cl)c1)C(Nc1ccon1)C(c1ccc(Cl)cc1)N(c1cc(Cl)cn(C3CC(O)(CO)C3)c1=O)C2=O,中毒,32.453724,15.303033,0.120406913,4.629684934
Cc1n[nH]nc1C1=CC2=C(c3nc(C(F)(F)F)oc3C3Cc4cccc(Cl)c4C3)C(=O)c3c(ncc(C#N)c3SCC(N)=O)C2=C1,中毒,24.396027,65.876495,0.249183828,4.630594543
Cc1n[nH]nc1C1=CC2=C(C1)C(c1c(Cl)cccc1Cl)=Nc1c(cc(Cl)nc1OC(CF)c1ccc(Cl)cc1Cl)-c1cc(-c3c(O)noc3C)ccc12,中毒,35.598114,51.492863,0.153975252,4.631678368
Cc1n[nH]nc1-c1cc(-c2c(Cl)cccc2Cl)c2cc1C(=O)N(c1cc(Cl)cn(C3CC(O)(CO)C3)c1=O)C2c1ccc(Cl)cc1,中毒,17.933256,9.440244,0.175171043,4.63203102
Cc1n[nH]nc1-c1cc2c(c(-c3c(Cl)cccc3Cl)c1)C(c1ccc(Cl)cc1)N(c1cc(Cl)cn(C3CC(O)C(C)(C)S3)c1=O)C2,中毒,11.64802,62.04087,0.189110198,4.632515503
Cc1n[nH]nc1-c1cc2c(c(-c3c(Cl)cccc3Cl)c1)-c1cc(I)c(OC3CC(O)C(O)C(F)(F)C3)cc1C(C)(C)C2,中毒,22.261532,19.273046,0.187315596,4.632708877
Cc1n[nH]nc1-c1cc(-c2c(Cl)cccc2Cl)c2c(c1)[S+]([O-])N(c1cc(Cl)cn(C3CC(O)(CO)C3)c1=O)C2c1ccc(Cl)cc1,中毒,26.553892,17.98656,0.162866474,4.632971699
Cc1n[nH]nc1NC(=O)C1CC2C=CC1C2,高毒,190.54721,72.0271,0.734085085,4.633695418
Cc1n[nH]nc1S(=O)(=O)N1CCC(C(=O)N(C2CC2)C2CC2c2ccc(C#N)c(CO)c2)CC1c1ccc(C#N)c(Cl)c1,中毒,15.203378,22.847738,0.38481533,4.633756167
Cc1n[nH]nc1C1=CC2=C(C(c3c(Cl)ccc(Br)c3F)=C(Cl)C1(Cl)Cl)C(c1ccc(Cl)cc1)N(c1cc(Cl)cn(C3CC(O)(CO)C3)c1=O)C2=O,中毒,15.540574,13.503714,0.131972409,4.634101603
Cc1n[nH]nc1-c1cc2c(c(-c3c(Cl)cccc3Cl)c1)C(Nc1cc(Cl)cn(C3CC(O)C(O)C3O)c1=O)C2,中毒,22.466187,25.913172,0.234421674,4.634535112
Cc1n[nH]nc1-c1cc2c(c(-c3c(Cl)cccc3Cl)c1)C(c1ccc(Cl)cc1)N(c1cc(Cl)cn(C3CC(C)(CO)OC3=O)c1=O)C2,中毒,22.235668,11.733231,0.174864527,4.635148421
Cc1n[nH]nc1C1=CC2=C(C(c3ccc(Cl)cc3)N(c3cc(Cl)cn(C4CC(O)(CO)C4)c3=O)C2=O)C1(C)c1c(Cl)cc(Cl)cc1Cl,中毒,13.79532,14.418226,0.195470751,4.635284329
Cc1n[nH]nc1-c1cc(-c2c(Cl)ccc(Cl)c2Cl)c2c(c1)C(O)C(O)C2n1cnc2c(Br)c(Br)c(Br)nc21,中毒,29.52454,33.522285,0.130223632,4.635838372
Cc1n[nH]nc1-c1cc(-c2c(Cl)cccc2Cl)c2c(c1)C1C(=O)N(C3CC(O)(CO)C3)C(=O)N1C(c1ccc(Cl)cc1)C2c1ccc(Cl)cc1F,中毒,29.91879,16.862432,0.149677541,4.63652796
Cc1n[nH]nc1-c1cc2cc(-c3nc(C(C)(C)Oc4cccc(C(F)(F)F)c4)c(=O)c4c(Cl)cc(F)cc4c3OC3CC(O)C(O)C(O)C3)c1-2,中毒,21.537342,12.632798,0.144378192,4.63679069
Cc1n[nH]nc1-c1cc(-c2c(Cl)cccc2Cl)c2c(c1)C1COC(C)(C)CS(=O)(=O)N1C(c1ccc(Cl)cc1)C2c1ccc2c(c1)OCO2,中毒,16.343845,10.210239,0.197213474,4.637237071
Cc1n[nH]nc1-c1cc2c(c(-c3c(Cl)cccc3Cl)c1)C(c1ccc(Cl)cc1Br)N(c1ccn(C3CC(O)C(O)C3)c3ncnc1-3)C2,中毒,64.27221,35.300415,0.163447376,4.637540437
Cc1n[nH]nc1-c1cc2c(c(-c3c(Cl)cccc3Cl)c1)C(c1ccc(Cl)cc1)NC(c1ccoc1)N(c1cc(Cl)cn(C3CC(O)(CO)C3)c1=O)C2=O,中毒,6.4223576,9.719319,0.127522782,4.637787257
Cc1n[nH]nc1-c1cc2c(c(-c3c(Cl)cccc3Cl)c1OC(C)C(F)(F)F)C(c1ccc(Cl)cc1)N(c1cc(Cl)cn(C3CC(O)(CO)C3)c1=O)C2,中毒,6.6767583,13.503714,0.143974936,4.637788655
Cc1n[nH]nc1C1=Cc2c1c(OC1CC1)c(=O)n(C1CC(O)C(CNC(N)=O)C1)c2C1CC1,中毒,36.83937,20.113268,0.427676828,4.640203876
Cc1n[nH]nc1-c1cc2c(c(-c3c(Cl)cccc3Cl)c1)N(c1cc(Cl)cn(C3C=C(O)C(O)C(O)C3)c1=O)C2=O,中毒,24.3506,18.239529,0.258843232,4.640285435
Cc1n[nH]nc1-c1cc(-c2c(Cl)cccc2Cl)c2c(c1)C(N)N(c1cc(Cl)cn(C3CC(O)C(O)C3)c1=O)C2c1ccc(Cl)cc1,中毒,5.408574,9.576659,0.157973208,4.640762999
Cc1n[nH]nc1C1=Cc2c3c(cc4c(Cl)c(NC(=O)Nc5cccc6cn(C(F)(F)F)cc6c5=O)c(F)c(c24)CC1)N(C)CC3C,中毒,37.336742,33.07326,0.174852616,4.640890172
Cc1n[nH]nc1-c1cnc2c(c1)C(c1ccc(C#CC3(O)CCOC3)cc1)N(c1cc(Cl)cn(C3CC(O)(CO)C3)c1=O)C2=O,中毒,52.723274,33.378986,0.242553948,4.64161019
Cc1n[nH]nc1-c1cc2c(c(-c3c(Cl)cccc3Cl)c1)P(=O)(O)C(c1ccc(Cl)cc1)N(c1cc(Cl)cn(C3CC(O)(CO)C3)c1=O)C2=O,中毒,23.460732,16.230408,0.142080134,4.641947649
Cc1ccc(Cl)c(-c2cc(-c3n[nH]nc3C)cc3c2C(c2ccc(Cl)cc2)N(c2cc(Cl)cn(C4CC(O)(CO)C4)c2=O)C3n2ccnc2)c1Cl,中毒,10.328205,8.960914,0.150881251,4.641982157
Cc1n[nH]nc1C1=CC2=C(C(c3ccsc3)N(c3cc(Cl)cn(C4CC(O)(CO)C4)c3=O)C2=O)C1(C)c1ccc(Cl)cc1,中毒,13.79532,14.418226,0.269423723,4.64250059
Cc1n[nH]nc1-c1cc2c(c(-c3c(Cl)cccc3Cl)c1)C(c1ccc(Cl)cc1)N1C(=COC(c3ccc(Cl)cc3)C2)N=C1S,中毒,48.510365,36.17334,0.185780242,4.642887529
Cc1n[nH]nc1-c1cc2c(c(-c3c(Cl)cccc3Cl)c1)C(c1ccc(Cl)cc1)N(c1cc(=O)n(C3CC(O)C(O)C3)c3nc(Cl)cc(F)c13)C2,中毒,10.169002,15.02669,0.152491458,4.644421583
Cc1n[nH]nc1-c1c(C(C)CF)nc2c(c1C(=O)c1ccc(Cl)cc1F)C(c1ccc(Cl)cc1)N(c1cc(Cl)cn(C3CC(O)(CO)C3)c1=O)C2=O,中毒,36.83937,12.110745,0.142821501,4.64479113
Cc1n[nH]nc1-c1cc(-c2c(Cl)cccc2Cl)c2c(c1)C1N(C(=O)N(c3cc(Cl)c(Cl)c(Cl)c3)C(=O)C13CC3)C2c1ccc(Cl)cc1,中毒,14.609883,14.3937645,0.185848731,4.645135704
Cc1n[nH]nc1-c1cc2c(c(-c3c(Cl)cccc3Cl)c1)C(c1ccc(Cl)cc1)NC(c1ccc(Cl)cc1)N(C1CCC(O)(C3CCCCC3)C1)C2=O,中毒,17.863615,15.294088,0.159696734,4.64555277
COc1ccc(Cl)cc1C1CC2(C)c3cc(-c4n[nH]nc4C)cc(-c4c(Cl)cccc4Cl)c3OC(c3ccc(Cl)cc3)C2C1N1CCC1,中毒,10.02447,20.024832,0.189279226,4.647037169
Cc1n[nH]nc1-c1cc2c(c(-c3c(Cl)cccc3Cl)c1)C(c1ccc(Cl)cc1)N(c1cc(Cl)cn(C3CCC(O)(COCO)C3)c1=O)C2,中毒,11.212927,11.733231,0.140092152,4.64721624
Cc1n[nH]nc1-c1cc2c(c(-c3c(Cl)cccc3Cl)c1)C(c1cccc(Cl)c1)N(c1cc(Cl)cn(C3CC(O)(CO)C3)c1=O)P(=O)(O)O2,中毒,19.955666,11.08457,0.130426845,4.647776213
Cc1n[nH]nc1-c1cc(-c2c(Cl)cccc2Cl)c2c(c1)[N+]1=C(C#N)C(c3cc(-c4ccc(I)cc4)cs3)OC(=O)N1C2c1ccc(Cl)cc1,中毒,32.733707,21.900396,0.137792318,4.649407832
Cc1n[nH]nc1-c1cc2c(c(-c3c(Cl)cccc3Cl)c1)C(c1ocnc1C)C(c1ccc(Cl)cc1)N(c1cc(Cl)cn(C3CC(O)(CO)C3)c1=O)C2=O,中毒,22.34452,15.303033,0.146836009,4.650377035
Cc1n[nH]nc1-c1cc2c(c(-c3c(Cl)cccc3Cl)c1)N(c1cc(Cl)cn(C3CC(OCO)C(O)C3O)c1=O)C2,中毒,25.94975,18.206211,0.240267129,4.651077157
Cc1n[nH]nc1-c1cc2c(c(-c3c(Cl)cccc3Cl)c1)C1=C(N3CC3)C(=O)N(OCC3CC3)C(C1)C2,中毒,18.901464,45.422913,0.446361176,4.652515854
Cc1n[nH]nc1-c1cc2cc(c1)C(=O)C(C(=O)O)=C=C2,中毒,23.0168,41.422905,0.636050805,4.653189181
COP1(=O)c2cc(-c3n[nH]nc3C)cc(-c3c(Cl)cccc3Cl)c2C(c2ccc(Cl)cc2)N1c1cc(Cl)cn(C2CC(O)(CO)C2)c1=O,中毒,26.553892,11.513729,0.147330174,4.653609296
Cc1n[nH]nc1-c1cc2c3c(cnc(-c4ccc(S(=O)(=O)N(C)C)cc4)c3c1)C(c1ccc(Cl)cc1)N(C1CC(O)C(O)(CO)C1)C2,中毒,5.424446,12.947117,0.200085284,4.65542802
Cc1n[nH]nc1-c1cc2c(c(-c3c(Cl)cccc3Cl)c1)C(c1ccc(C#N)cc1)N(c1cc(Cl)cc3c1C(OC1CC1O)=C(C(=O)O)C3=O)C2,中毒,51.891346,13.53409,0.144683255,4.655902681
Cc1n[nH]nc1-c1c(C2C3C=C(Cl)C3(Cl)C2(Cl)Cl)c2c3ccncc3ccc2c2cc(F)cc(F)c2c1=O,中毒,6.9398937,33.698555,0.219720904,4.656011485
Cc1n[nH]nc1-c1cc2c(c(-c3c(Cl)cccc3Cl)c1)S(=O)(=O)C(c1ccc(Cl)cc1)N(c1cc(Cl)cn(C3CC(O)C(O)C3)c1=O)C2=O,中毒,6.4201846,9.173887,0.185465913,4.656519196
Cc1n[nH]nc1-c1cc2c3c(Cl)cccc4c(c4c(-c4c(Cl)cccc4Cl)c2c1)C(=O)c1cc(Cl)c(OCCN(C)C)c(F)c1OCCO3,中毒,16.096941,6.375512,0.182097597,4.657929761
Cc1n[nH]nc1-c1cc(-c2c(Cl)cccc2Cl)c2c(c1)C(C(=O)NC1CC(O)C(F)(F)C1)N(N)C2c1ccc(Cl)cc1,中毒,18.344362,10.100626,0.200205821,4.657980138
Cc1n[nH]nc1-c1cc(-c2c(Cl)cccc2Cl)c2c(c1)[PH](=O)N(c1cc(Cl)cn(C3CC(O)(CO)C3)c1=O)C2c1ccc(Cl)cc1,中毒,21.581743,11.132027,0.161923912,4.657982396
Cc1n[nH]nc1C1=CC2=C(C3CC(c4ccc5ccc(Cl)cc5c4F)C(C(C)C)=NN3Br)C=CC2=C1,中毒,9.428814,24.805573,0.335377717,4.658079299
Cc1n[nH]nc1-c1cc(-c2c(Cl)cccc2Cl)c2c(c1)C(c1ccc(-c3cc(O)ns3)cc1)[S+]([O-])C2c1ccc(Cl)cc1,中毒,38.60978,14.690983,0.179326706,4.658426365
Cc1n[nH]nc1-c1cc2c(c(-c3c(F)cccc3F)c1)C(c1ccc(Cl)cc1)N(c1cc(Cl)cn(C3OC(CO)C(O)C3O)c1=O)C2,中毒,6.9868226,47.54363,0.198452562,4.658466039
Cc1n[nH]nc1-c1cc2c(c(-c3c(Cl)cccc3Cl)c1)C1C(=CC=C(Cl)C(Cl)=C2)C(=O)N1c1cc(Cl)c(=O)n(C)c1,中毒,12.591622,155.33086,0.230308394,4.658753584
Cc1n[nH]nc1-c1cc2c(c3nc(-c4c(Cl)cccc4Cl)cc(C(C)Cl)c13)C(c1ccc(Cl)cc1)N(c1cc(Cl)cn(C3CC(O)(CO)C3)c1=O)C2,中毒,26.553892,33.968105,0.137908641,4.659189848
Cc1n[nH]nc1-c1c(C(O)C(O)CC(NC(=O)c2ocnc2C)C(C)C)c(-c2cc(F)cc(F)c2)cc2c(=O)c(C(=O)O)cn(C3CC3)c12,中毒,30.072147,13.466203,0.13179032,4.6593629
Cc1n[nH]nc1C1=CC2=C(C3CC(c4cccc(S(N)(=O)=O)c4)C(c4cccnc4)=NN3c3nc(Cc4ccccc4Cl)ns3)C=C(O)C2=C1,中毒,37.57415,13.503714,0.178941857,4.66080064
Cc1n[nH]nc1-c1cc2c(c(-c3c(Cl)cc(Cl)cc3Cl)c1)C(c1ccc(Cl)c(C(F)(F)F)c1)N(c1cc(Cl)cn(C3CC(O)C(O)C3)c1=O)C2,中毒,6.8665094,9.912456,0.164297437,4.660915563
Cc1n[nH]nc1-c1cc(-c2c(Cl)cccc2Cl)c2c(c1)C1C=CC1N(c1cc(Cl)cn(C3CC(O)(CO)C3)c1=O)C2c1ccc(Cl)cc1,中毒,19.016203,18.239529,0.154038788,4.661441678
Cc1n[nH]nc1-c1cc2c(c(-c3c(Cl)cccc3Cl)n1)C(c1ccc(Cl)cc1)N(c1c(Cl)cccc1Cl)C1=CN3C(=O)OC(C)(C)C3(C)C1=N2,中毒,28.345415,15.541516,0.195566031,4.661520035
Cc1n[nH]nc1C1=CC2=C(C3CCC(N(C)S(=O)(=O)c4ccco4)Cc4c(F)ccc(F)c4C3)N(C3CCC(O)CC3)C(=O)C2=C1,中毒,76.07368,22.047827,0.398549927,4.66176639
Cc1n[nH]nc1-c1cc2c(c(-c3c(Cl)cccc3Cl)c1)C(c1ccc(F)cc1)(c1ccc(Cl)cc1F)N(C1=CC3=NN(C4CCCC4)CC3C1)C2,中毒,43.942547,12.828595,0.188284261,4.661952031
Cc1n[nH]nc1C1=CC2=C(C3CC3)N(c3ccc(NC(=O)Nc4c(Cl)cccc4Cl)cc3Cl)C(=O)C2=C1OC1CC(O)=C(C(N)=O)C(=O)C1C,中毒,74.75501,9.114193,0.164722236,4.662814436
Cc1n[nH]nc1-c1cc2c(c(-c3c(Cl)cccc3Cl)c1)C(c1ccc(Cl)cc1)N(c1cc(Cl)cn(C3CC(O)(CO)C3)c1=O)P(=O)(O)S2,中毒,27.530386,17.39623,0.126198393,4.66377737
C=C1c2cc(-c3n[nH]nc3C)cc(-c3c(Cl)cccc3Cl)c2C(c2ccc(Cl)cc2)N1c1cc(Cl)cn(C2CC(O)(CO)C2=O)c1=O,中毒,9.954332,9.912456,0.172900692,4.664485917
Cc1n[nH]nc1-c1cc2c(c(-c3c(Cl)cccc3Cl)c1)C(c1ccc(Cl)cc1)N(c1cc(Cl)cn(C3CC(O)(CO)C3=O)c1=O)C2=S,中毒,9.954332,33.013264,0.164446719,4.664824143
Cc1n[nH]nc1-c1cc2c(c(-c3c(Cl)cccc3Cl)c1)C(c1ccc(Cl)cc1)N(c1cc(Cl)cn(C3CC([118I])C3=O)c1=O)C2,中毒,7.7644997,10.819605,0.143104897,4.665470051
Cc1n[nH]nc1C1=CC2=C(C2)C(c2c(Cl)cccc2Cl)=C2C(=O)N(c3cc(Cl)cn(CC(=O)NC(C)C)c3=O)C(c3ccncc3)C12O,中毒,15.540574,13.503714,0.239085557,4.665806971
Cc1n[nH]nc1-c1cc2c(c(-c3c(Cl)cccc3Cl)c1)C(c1ccc(Cl)cc1)N(c1cc(Cl)cn(C3C=C(C(=O)O)C(CO)C3)c1=O)C2,中毒,11.212927,9.912456,0.156074675,4.666507319
Cc1n[nH]nc1-c1cc2c(C)c3c(c(=O)c(C(=O)O)cn13)=C(c1ccc(Cl)cc1Cl)C(Nc1cc(F)ncn1)=NC=2C1CC1,低毒,45.29901,15.02669,0.247603929,4.667238412
Cc1n[nH]nc1-c1cc(-c2c(Cl)cccc2Cl)c2c(c1)C(Cl)N(c1cc(Cl)cn(C3CC(O)C(O)C3)c1=O)C2c1ccc(Cl)cc1,中毒,39.425797,17.240566,0.125300081,4.667350835
Cc1n[nH]nc1-c1cc2c(c(-c3c(Cl)cccc3Cl)c1)C(c1ccc(Cl)cc1)N(N1C(=O)CC(N(C)C3CCC(F)(F)C3)C1=O)C2,中毒,33.893623,26.583223,0.212117713,4.667978831
Cc1n[nH]nc1-c1cc2c(c(-c3c(Cl)cccc3Cl)c(=O)c1)C(c1ccc(Cl)cc1)N(c1cc(Cl)cn(C3CC(O)(CO)C3=O)c1=O)C2=O,中毒,23.488405,9.5705185,0.204109012,4.670340915
Cc1n[nH]nc1-c1cc2c(c(-c3c(Cl)cccc3Cl)c1)C(c1ccc(Cl)cc1)N(C1COC3(C)CCC(=O)C3(C)C1)C2,中毒,11.640056,15.104152,0.248584393,4.670399988
Cc1n[nH]nc1-c1cc2c(c(-c3c(Cl)cccc3Cl)c1)C(c1ccc(Cl)cc1)N(c1cc(Cl)cn(C3CC(O)C(C)(O)C3)c1=O)C2,中毒,6.3808517,8.960914,0.173327261,4.67116443
Cc1n[nH]nc1-c1cc2c(c(-c3c(Cl)cccc3Cl)n1)C(c1ccc(Cl)cc1)N(c1cc(Cl)cn(C3OC(CO)C(O)C3O)c1=O)C2=O,中毒,7.4282966,38.432915,0.188608703,4.671850914
Cc1n[nH]nc1-c1cc2c(c(-c3c(Cl)cccc3Cl)c1)C1(C)CN(C(=O)Cc3ccncc3)C(C2)C1(C)C,中毒,18.128885,18.537016,0.319702215,4.672193676
Cc1n[nH]nc1-c1cc2c(c(-c3c(Cl)cccc3Cl)c1)C(c1ccc(Cl)cc1O)N1C(c3ccoc3)=NC(c3ccc(Cl)cc3)(c3ccco3)N1CC2,中毒,238.69202,15.15728,0.172972186,4.673489252
Cc1n[nH]nc1-c1cc2c(OCC3CC3)c(-c3ccc4ccsc4c3)nc3c4c-2c1C4C(=O)N(c1ccc(Cl)c(Cl)c1)C(=O)C1=C(O)CCC13,中毒,46.08258,13.503714,0.16487867,4.673734058
Cc1cc(N2Cc3cc(-c4n[nH]nc4C)cc(-c4c(Cl)cccc4Cl)c3C2c2ccc(Cl)cc2)c(=O)n(C2CC(O)C2(C)O)c1,中毒,9.036046,7.3154764,0.186386844,4.673999737
Cc1n[nH]nc1-c1cc2ccc1c1c2=c2cnc(Oc3cc(F)cc(F)c3)nc2=C(C(=O)Nc2cncc(Cl)c2)C(=O)N(c2ccc(F)c(Cl)c2)C=1,中毒,11.792491,9.114193,0.214116723,4.674013665
Cc1n[nH]nc1-c1cc(-c2c(Cl)cccc2Cl)c2c(c1)N1C(=O)C(c3nc4ccccc4s3)(c3ccc(Cl)cc3Cl)C(C#N)C(=O)OC21,中毒,28.345415,13.503714,0.179919446,4.674040109
Cc1n[nH]nc1-c1cc2c(c(-c3c(Cl)cccc3Cl)c1)C1(CCCCC1)C(c1ccc(Cl)cc1)N(c1cc(Cl)cn(C3CC(O)(CO)C3)c1=O)C2=O,中毒,14.0745,17.379768,0.158286024,4.674061085
Cc1n[nH]nc1-c1cc2c(c(-c3c(Cl)cccc3Cl)c1)C(C(=O)Nc1cc(Cl)cn(C3CC(O)(CO)C3=O)c1=O)C(C)(C)C2,中毒,32.059547,19.287458,0.22526524,4.674122891
COC1c2c(-c3c(Cl)cccc3Cl)c3c(c(=O)c(-c4n[nH]nc4C)c21)C(c1ccc(Cl)cc1)N(c1cc(Cl)cn(C2CC(O)(CO)C2)c1=O)C3=O,中毒,13.79532,9.706391,0.171398246,4.674204243
Cc1n[nH]nc1C1=Cc2c1c(-c1cnc(Cl)c(Cl)c1)#cc1c2C(c2ccc(Cl)cc2)N(c2cc(Cl)cn(C3CC(O)(CO)C3)c2=O)C1=O,中毒,11.688109,46.02951,0.17864901,4.674217696
Cc1n[nH]nc1-c1cc2c(-c3ccc(Cl)c(Cl)c3)nc(N3CC4COCC43)c(F)c2c(=O)c2c(S(=O)(=O)Nc3cncnc3)cn(C3CC3)c12,中毒,76.07368,13.503714,0.213931237,4.674381273
Cc1n[nH]nc1-c1cc2c(c(-c3c(Cl)cccc3Cl)c1)C(c1ccc(Cl)cc1)N(C1=COC3(C)C(=O)N(C)C(=O)C3(O)C1)C2,中毒,80.25324,10.78748,0.258347783,4.674775724
Cc1n[nH]nc1C1=C=C(c2cc(Cl)cc(Cl)c2)C(c2ccc(Cl)cc2)N(c2cc(Cl)cn(C3CC(O)C(O)C3)c2=O)C1=O,中毒,21.604065,32.92288,0.232995198,4.675442303
Cc1n[nH]nc1C1=C(F)C=C2C(=O)C(C(=O)O)=C(N3CCC(=O)C(CO)S3(=O)=O)C=C21,中毒,37.395767,9.173887,0.513846022,4.675523258
Cc1n[nH]nc1-c1cc2c(c(-c3c(Cl)cccc3Cl)c1)C(c1ccc(Cl)cc1)N(N1C(O)C(O)C(O)C1CO)C2,中毒,40.25546,13.893457,0.232399704,4.675917399
Cc1n[nH]nc1-c1cc2c(c(-c3c(Cl)cccc3Cl)c1)C(c1ccc(Cl)cc1)=NC(c1ccncc1)N(c1cc(Cl)cn(C3CC(O)C(O)C3)c1=O)C2,中毒,6.1391025,14.027231,0.15503896,4.678000105
Cc1n[nH]nc1-c1cc2c(c(-c3cc(Cl)cnc3Oc3ccc(Cl)cc3Cl)c1)C(c1ccc(Cl)cc1)N(c1cc(Cl)cn(CC3CC(O)C(O)C3)c1=O)C2,低毒,28.184814,33.83888,0.138623994,4.67865883
Cc1n[nH]nc1-c1cc2c(c(-c3c(Cl)cccc3Cl)c1)C(c1ccc(Cl)cc1)N(c1cc(Cl)cn(C3CC(O)(CO)C3=O)c1=O)C2=N,中毒,11.688109,16.862432,0.159622101,4.679223086
Cc1n[nH]nc1-c1cc(-c2c(Cl)cccc2Cl)c2c(c1)N(C=O)C=C(Cl)C=C1C(=O)N1C2c1ccc(Cl)cc1,中毒,9.429751,50.442013,0.19817702,4.680198584
Cc1n[nH]nc1-c1c(C)c2c(c(=O)n(-c3cc(Cl)c(Cl)c(Cl)c3Cl)c(=O)n2CC(O)CO)c2cc(F)c3c(c12)CCC3(C)C(C)C,中毒,13.84945,41.14886,0.102781746,4.680310994
Cc1n[nH]nc1-c1cc2c(c(-c3c(Cl)cccc3Cl)c1C)C(c1ccc(Cl)cc1)N(c1cc(Cl)cn(C3CC(O)(CO)C3)c1=O)P2(=O)O,中毒,36.83937,11.513729,0.135974324,4.680930653
Cc1n[nH]nc1-c1cc2c(c3c(c(Cl)ccc1Cl)=c1ccccc1=3)C(c1ccc(Cl)cc1)N(c1cc(Cl)cn(C3CC(O)(CO)C3)c1=O)C2=O,中毒,6.1933956,27.917711,0.169296314,4.681220374
Cc1n[nH]nc1C1=C2OCCN(C)C2=C(C(=O)OCC(=O)Nc2cccc(OC(C)C(=O)O)c2)C(=O)C(c2c(Cl)ccc(F)c2F)=C2CCC2=C1,中毒,26.303608,52.7285,0.157984426,4.681674222
Cc1n[nH]nc1-c1cc2c(c(-c3c(Cl)cccc3Cl)c1)C(c1ccc(Cl)cc1)N(c1cc(Cl)cn(C3CC(O)C(OO)C3)c1=O)C2,中毒,6.8665094,9.912456,0.122015858,4.681685014
Cc1n[nH]nc1C1=CC2=C(C2)C(c2c(Cl)cccc2Cl)=NC(c2ccc(Cl)cc2)C2=C1C(c1ccc(Cl)cc1)N(c1ccc(Cl)cc1)C2=O,中毒,16.335857,9.939742,0.194772344,4.68172376
Cc1n[nH]nc1C1=C2C(=Cc3ccc(Cl)cc3N=C1OCC1CCOCC1)C(N(C)Cc1cc(Cl)ccc1-c1nc3cc(Cl)ccc3o1)C2c1cc(Cl)ccc1F,中毒,24.294966,19.232687,0.162764196,4.682190799
Cc1n[nH]nc1-c1cc2c(c(-c3c(Cl)cccc3Cl)c1)CN(c1c(Cl)cnn(C3C=C(C(=O)O)C(O)C(O)C3)c1=O)C2,中毒,21.860054,9.732115,0.254419959,4.683439646
Cc1n[nH]nc1C1=CC2=C(c3cc4ccc(-c5cnc(N6CC(F)(F)C6)nc5)c(Cl)c4n(C)c3=O)C(N)C(O)CC2=C1,中毒,20.758417,10.292379,0.3286883,4.68349252
Cc1n[nH]nc1C1=Cc2nc3c(C(=O)N4CC(=O)N(C)c5ccc(Cl)cc54)c(c2=C1)N(C)C(=O)N(C)C(=O)C=3,中毒,70.672455,9.729206,0.506651924,4.683799872
Cc1n[nH]nc1-c1cc2c(c(-c3c(Cl)cccc3Cl)c1)C(c1ccc(Cl)cc1)N(c1ccn(C3CC(=O)N(Cc4cc(F)ccc4F)C(O)C3)c1)C2,中毒,43.14551,11.355177,0.169484117,4.683800772
Cc1n[nH]nc1C1=CC2=C(C3CC3c3ccc(F)cc3F)N=C(c3c(F)cccc3-c3cnc(C(C)O)nc3)C(=O)C2=C1,中毒,27.449753,9.114193,0.311456149,4.68403159
Cc1n[nH]nc1-c1cc2cc(c1)C2(C(=O)Nc1c(C(F)(F)F)nc(N)n(C2CCCCC2)c1=O)c1ccc(-n2cc(C(F)(F)F)cn2)cc1Br,中毒,30.511074,23.132244,0.163227518,4.684244206
Cc1n[nH]nc1-c1cc2c(c(-c3c(Cl)cccc3Cl)c1)C(c1ccc(Cl)cc1S(=O)(=O)N1CN(c3cncnc3)C3(CCOCC3)C1)C2,中毒,9.360023,17.028948,0.201266514,4.68454306
Cc1n[nH]nc1-c1cc2c3cc1NC(=O)c1cc(c(cc1Cl)OCCO2)C(C)(C)CCC3(C)C,中毒,59.051,17.73255,0.45868678,4.684800688
Cc1n[nH]nc1-c1cc(-c2c(Cl)cccc2Cl)c2c(c1)C1COCC(c3ccc(O)c(Br)c3)N1C(c1ccc(Cl)cc1)C2c1ccc2c(c1)OCO2,中毒,40.854973,12.061726,0.178995375,4.685174291
Cc1n[nH]nc1-c1cc2c(c(-c3c(Cl)cccc3Br)n1)C(c1ccc(Cl)cc1)N(c1cc(Cl)cn(C3CC(O)(CO)C3=O)c1=O)C2=O,中毒,10.328205,12.110745,0.199173298,4.685218154
Cc1n[nH]nc1-c1cc2c3c(c1C)C(c1cc(S(=O)(=O)c4ccc(F)cn4)ccc1Cl)=C(Cl)C(=C2Cl)CCN3C,中毒,35.915714,72.36118,0.267940208,4.686131315
Cc1n[nH]nc1-c1cc2c(c3c1C(=O)C=C(Cc1ccco1)N=3)=C(C(C)C)C(c1ccc(Cl)cc1)N(c1cc(Cl)cn(C3CC(O)(CO)C3)c1=O)C2,中毒,5.093859,13.028946,0.191411697,4.686462123
Cc1n[nH]nc1-c1cc2c(c(-c3c(Cl)cccc3Cl)c1)C(c1ccc(Cl)cc1)N(c1cc(Cl)cn(C3CC(O)C(O)C3O)c1=O)C2,中毒,9.036046,9.912456,0.168286786,4.686736317
Cc1n[nH]nc1-c1cc2c(c(-c3c(Cl)cccc3Cl)c1)C(c1ccc(Cl)cc1)N(c1cc(Cl)cn(C3CC(N(C)CO)C3=O)c1=O)C2,中毒,16.649076,9.912456,0.173789834,4.686876393
Cc1n[nH]nc1-c1cc2c(c(-c3c(Cl)cccc3Cl)c1)CN(C1=CC(Br)=CN3C(=C1)C3c1cc(Cl)cc(Cl)c1C=O)C(=O)C2,中毒,9.76525,17.211708,0.164214569,4.686967284
Cc1n[nH]nc1-c1cc2c(c(-c3c(Cl)cccc3Cl)c1C(N)=O)C(c1ccc(Cl)cc1)N1C(=O)C1=CC(Cl)=CN2C,中毒,31.507507,49.54996,0.241137141,4.687407878
Cc1n[nH]nc1-c1cc2c3c(c(F)ccc3c1-c1ccnc(NC3CCOC3)c1)C(c1cccc(Cl)c1)N(c1cc(Cl)cn(C3CC(O)(CO)C3)c1=O)C2,中毒,4.147051,8.911559,0.129256301,4.687675425
Cc1n[nH]nc1C1=CC2=C(c3c2cc(-c2ccco2)nc3NC2CC2c2ccc(F)cc2)C(c2cccc(Cl)c2)C(C(=O)O)C1(C)C,中毒,18.765804,37.423225,0.162469084,4.687998733
Cc1n[nH]nc1C1=CC2=C(c3cc(Cl)ccc3OC(F)F)N=C(c3cnn(C4CCC(O)(CO)C4)c3)C(=O)C2=N1,中毒,32.22186,12.583092,0.394803956,4.688508535
Cc1n[nH]nc1-c1cc(-c2c(Cl)cccc2Cl)c2c(c1)P(=O)(O)N(c1cc(Cl)cn(C3CC(O)(CO)C3)c1=O)C2c1ccc2c(c1)OCO2,中毒,26.553892,11.513729,0.157089068,4.690483603
Cc1n[nH]nc1-c1cc(-c2c(Cl)cccc2Cl)c2c(c1)C1C(=O)C3(C(=O)N(C4CC4)C3=O)C(=O)N1C2c1ccc(Cl)cc1,中毒,6.244636,18.648798,0.235348215,4.690513277
Cc1n[nH]nc1C1=C(F)C=C2C(=O)C(S(=O)(=O)NC3CC(F)(F)C3)=CC(c3cncn3C3COC(=O)C3)=C21,中毒,24.294966,42.450012,0.52137211,4.690577499
Cc1n[nH]nc1-c1cc2c(c(-c3c(Cl)cccc3Cl)c1)C(c1ccc(Cl)cc1)N(C1C(=O)N(c3cc(F)c(F)c(F)c3)C(=O)C13CC3)CC2,中毒,8.081349,33.477055,0.145445401,4.691404417
Cc1n[nH]nc1-c1cc2c(s1)Cc1c3c(c(=O)n(C4CC(O)C(CO)O4)c1C2)CC(=O)N3,中毒,10.6603565,39.842793,0.354937154,4.692143032
Cc1n[nH]nc1C1=CC2=C3C(=c4cc(Br)ccc4=Nc4cc(F)ccc4C2=C1)C(=O)N(c1cc(Cl)cn(C)c1=O)C3c1ccc(Cl)cc1,中毒,17.475342,36.510887,0.222928878,4.69241477
Cc1n[nH]nc1-c1cc2c(c(-c3c(Cl)cccc3Cl)c1)C(c1ccc(Cl)cc1)N(COC1CC(N)C(O)C1F)C2,中毒,27.719994,40.522095,0.247204102,4.693321476
Cc1n[nH]nc1-c1cc2c(c(-c3c(Cl)cccc3Cl)c1)[S+]([O-])C(c1ccc(Cl)cc1)N(c1cc(Cl)cn(C3CC(O)(CO)C3)c1=O)C2=O,中毒,5.131299,11.733231,0.163124384,4.693375866
Cc1n[nH]nc1-c1cc(-c2c(Cl)cccc2Cl)c2c(c1)C1CC=CC1N(c1cc(Cl)cn(C3CC(O)(CO)C3)c1=O)C2c1ccc(Cl)cc1,中毒,19.016203,18.239529,0.151658669,4.693494373
Cc1n[nH]nc1-c1cc2nc(c1)C(c1ccc(Cl)cc1)N(c1cc(Cl)cn(C3CC(O)(CO)C3)c1=O)C2=O,中毒,61.999878,28.271767,0.34439471,4.694637988
CC(=O)OC1C(c2cc(C(C)(C)C)cc(C(F)(F)F)c2)CC(c2n[nH]nc2C)CC(OC(=O)N2CCOCC2)C1OC(=O)c1cccs1,中毒,20.391954,36.592026,0.183637122,4.695416242
Cc1n[nH]nc1C1=C(F)C2=C(c3nc(C4COc5ccc(C#N)cc54)no3)C(c3ccc(Cl)cc3F)(C3CC3)C(=O)NC2=C1,中毒,28.192621,13.503714,0.313729517,4.69629274
Cc1n[nH]nc1C1=c2c(=O)oc3cc(OS(=O)(=O)C4CC4)c(F)cc(c2=C(O)C(c2c(Cl)ccc4ccccc24)=C2CCC2=C1)c3=O,中毒,29.750519,20.5349,0.258234721,4.696365066
Cc1n[nH]nc1-c1cc2c(c(-c3c(Cl)cccc3Cl)c1)CC1=C3C=C(c4ccc(OC(=O)N(C)C)cc4Br)C4=C(CCC4)C(=C12)CNC3=O,中毒,46.702026,51.96177,0.216929782,4.696567498
Cc1n[nH]nc1-c1cc2c(c(-c3c(Cl)cccc3Cl)c1)C1(C)CN(C(=O)Oc3cccc(Br)c3)C(C2)C1(C)C,中毒,12.117077,18.025202,0.248840476,4.697843122
Cc1n[nH]nc1-c1cc2c(c(-c3c(Cl)ccc(Cl)c3Cl)c1)C(c1ccc(Cl)cc1)N(c1cc(Cl)cn(C3CC(O)(CO)C3)c1=O)P(=O)(O)O2,中毒,13.591881,9.892361,0.099070203,4.698015342
Cc1n[nH]nc1C1=CC2=C(Cl)C(=O)N(Cc3cccnc3)C(N)=C3C(=O)N(c4cc(Cl)cn(C5CC5)c4=O)C(c4ccc(Cl)cc4Cl)C3=C2C(C)C1,中毒,8.5925865,16.057194,0.211367992,4.69851006
Cc1n[nH]nc1-c1cc2c(c(-c3c(Cl)cccc3Cl)c1)C1C(C#N)C(c3ccc(Cl)cc3)N1C=Nc1c(NC3CC3)nc(Cl)nc1-2,中毒,11.401244,19.23705,0.177139994,4.700987778
Cc1n[nH]nc1C1=C(c2cc3c(cc2Cl)c(=O)c(C(=O)O)cn3C2CC2)C(C2(C(F)F)N=C(N)ON2c2ccc(F)c(F)c2)C1,中毒,32.17651,28.198946,0.236727692,4.701045017
Cc1n[nH]nc1-c1cc2c(c(-c3c(Cl)cccc3Cl)c1)C(c1ccc(Cl)cc1)N(c1cc(Cl)cn(C3C(O)C3(CO)CO)c1=O)N2,中毒,20.823978,10.425424,0.13852498,4.701734466
Cc1n[nH]nc1-c1cc2c(c(-c3c(Cl)cccc3Cl)c1)C(c1ccc(Cl)cc1)N(C1CC(c3cc(Cl)c(O)c(Br)c3)C(C)(C)C1O)C2,中毒,10.570866,13.550907,0.165666756,4.702575647
Cc1n[nH]nc1-c1cc2c(c(-c3c(Cl)cccc3Cl)c1)C(c1ccc(Cl)cc1)N1C(c3cc(Cl)c4c(c3)OCCO4)C(c3ccc(Cl)cc3)OC1(C)C2,中毒,12.355177,22.828537,0.18710364,4.702698279
Cc1n[nH]nc1-c1cc2c(c(-c3c(Cl)cccc3Cl)c1)C(c1ccc(Cl)cc1)N(c1cc(Cl)cc(Cl)c1)C1=C3C(=O)CCC3(O)C(O)C1C2,中毒,39.1544,39.503597,0.169330755,4.702722952
Cc1n[nH]nc1-c1cc2c(cc1F)C1=CCC(S(C)(=O)=O)(S(=O)(=O)c3ccccc3Cl)CC1(F)CN(C(=O)Cn1cc(C3CC3)nn1)CC2,中毒,53.462574,17.72689,0.293499017,4.703010017
Cc1n[nH]nc1C1=Cc2c(-c3ccc(Cl)cc3F)ncc3nc(OC4COC(CO)C(O)C4O)nc-3c21,中毒,20.453775,17.864689,0.264849291,4.704448599
Cc1n[nH]nc1-c1cc(-c2c(Cl)cccc2Cl)c2c(c1)[S+]([O-])CN(c1cc(Cl)cn(C3CC(O)(CO)C3)c1=O)C2c1ccc(Cl)cc1,中毒,7.975862,9.912456,0.1612346,4.704915898
Cc1n[nH]nc1-c1cc(C(=O)N(C)C2CCOC2)c2c(c1C)C(=S)N(c1cc(Cl)cn(C3CC(O)(CO)C3)c1=O)C2c1ccc2c(c1)OCO2,中毒,10.700899,53.5735,0.238935027,4.705986958
Cc1n[nH]nc1-c1nc(-c2c(Cl)cccc2Cl)c2cc1C(=O)N(c1cc(Cl)cn(C3CC(O)(CO)C3)c1=O)C2c1ccc(Cl)cc1,中毒,7.4282966,11.513729,0.186116676,4.70716263
CC(=O)N1CC(c2ccc(Cl)cc2F)C(N2Cc3cc(-c4n[nH]nc4C)cc(-c4c(Cl)cccc4Cl)c3C(C(=O)NC3(c4ccc(Cl)cn4)CC3)C2)C1,中毒,58.329285,18.190191,0.171847496,4.707273313
Cc1n[nH]nc1C1=CC2=C=C(c3cnc4cc(OC5CCN(C)CC5)c(Cl)cc4c3)C(c3ccc(Cl)cc3)N2C(=O)CC1(CO)c1ccc(C#N)cc1,中毒,18.467403,21.499628,0.167778129,4.708046266
Cc1n[nH]nc1C1=CC2=C(C3CC3c3cc(F)cc(F)c3)N=C(c3cnn(C)c3)C(=O)C2=C1C(c1ccc(Cl)cc1)N(C)C,中毒,78.130325,39.31248,0.280765769,4.708077123
Cc1n[nH]nc1-c1cc2c(c(-c3c(Cl)cccc3Cl)c1)N(C1=CC(Cl)=CN3C(=C1)C3(C)C1=CC(=O)OC1=O)C(=O)CC2,中毒,17.440168,35.111286,0.217238191,4.708347941
Cc1n[nH]nc1-c1cc(-c2c(Cl)cccc2Cl)c2c(c1)C(C)N(c1cc(Cl)cn(C3CN(C(C)(C)O)C3=O)c1=O)C2c1ccc(Cl)cc1,中毒,39.76092,18.239529,0.172060543,4.708779993
Cc1n[nH]nc1-c1cc(-c2c(Cl)cccc2Cl)c2c(c1)N(c1ccn(C3CC(O)C(O)(CO)C3)c1)C2c1ccc(Cl)cc1,中毒,6.4606347,17.820356,0.161983101,4.709050246
Cc1n[nH]nc1-c1cc(-c2c(Cl)cccc2Cl)c2c(c1)C1C(C#N)C(c3cc(Cl)cc(C#N)c3)OC(=O)N1C2c1ccc(Cl)c(Cl)c1,中毒,121.03308,29.934858,0.197451749,4.709594803
Cc1n[nH]nc1C1=NC(=O)C2(c3cc(Cl)ccc3F)C(=C1)C(=O)N(c1cc(Cl)cn(C3CC(O)(CO)C3)c1=O)C2c1cccc(Cl)c1,中毒,25.069427,13.503714,0.269803382,4.71105059
Cc1n[nH]nc1C1=CC2=C3OCOC3=CC(Cl)=C3C(=C2C1(C)C)C(c1ccc(Cl)cc1)N(c1ccc(Cl)cc1F)C3c1ccsc1,中毒,32.939228,14.418226,0.230883267,4.711782763
Cc1n[nH]nc1-c1cc2c(c(-c3c(Cl)cccc3Cl)c1)C(c1ccc(Cl)cc1)N(c1cc(Cl)cn(C3(C)CC(O)C3O)c1=O)C2,中毒,9.036046,9.912456,0.181470819,4.712398638
Cc1n[nH]nc1-c1cc(-c2c(Cl)cccc2Cl)c2c(c1)C1N(C(c3ccc(Cl)cc3)OC1(NC1CCCCC1)c1ccc(Cl)cc1)C2c1ccc(Cl)cc1,中毒,32.214252,29.519726,0.168007464,4.712774469
Cc1n[nH]nc1C1(c2ccc(-c3ccc(-c4cnc(-c5cnn6c(Cl)cc(F)c6c5)cn4)nn3)cn2)CC(O)C1O,中毒,7.1121993,17.742064,0.280537986,4.712777896
Cc1n[nH]nc1C1=C2CN(c3cc(Cl)cn(C4CC(O)(CO)C4)c3=O)C(c3ccc(Cl)cc3)C2(c2ccc(Cl)cc2F)C(c2c(Cl)cccc2Cl)=C1,中毒,15.540574,13.503714,0.152091803,4.712798336
Cc1n[nH]nc1-c1cc2c(c(-c3c(Cl)cccc3Cl)c1)C1(C)CCN(CC3CCOCC3)C(C2)C1,中毒,10.556866,81.30518,0.437035727,4.71330392
Cc1n[nH]nc1-c1cc2c(c(-c3c(Cl)cccc3Cl)c1)C(c1ccc3c(c1)OCO3)N(c1cc(Cl)cn(C3CC(O)(C(=O)O)C3=O)c1=O)C2,中毒,9.954332,9.719319,0.184821754,4.713884339
CNC1C(c2c(Cl)cc3cc(-c4cnc(O)c(CN5CCOCC5)c4)c(Cl)cc3c2O)=C2C(=CC(c3n[nH]nc3C)=C2C)OC1O,中毒,9.5269375,31.784369,0.192177664,4.714603313
Cc1n[nH]nc1C1=CC2=C3C(=C(C(=O)c4ccc(Cl)cc4)C(=O)C(=O)C2=C1)CC(C(=O)N1CCOC(CO)C1)C3C(=O)NCCO,中毒,24.396027,35.111286,0.179958738,4.714788491
Cc1n[nH]nc1-c1cc2c(n1-c1ccc(Cl)cc1F)C(c1ccc(Cl)cc1)N(c1cc(Cl)cn(C3OC(CO)C(O)C3O)c1=O)C2=O,中毒,12.488247,13.503714,0.205275035,4.714868529
Cc1n[nH]nc1-c1cc2c(c(-c3c(Cl)cccc3Cl)c1)C(c1ccc(Cl)cc1)N(C1=COC3(C)CCC(C)C3(C)C1)C2,中毒,74.30533,15.104152,0.247044095,4.715141681
Cc1n[nH]nc1C1Cc2c(cc3c(-c4cnn5ncccc45)cc(NS(=O)(=O)c4ccc(C(F)(F)F)cc4)c(=O)n(C4CC4)c2-3)C(O)C1O,中毒,29.448627,16.023859,0.200887798,4.715257171
Cc1n[nH]nc1-c1cc(-c2c(Cl)cccc2Cl)c2c(c1)C(C)(C)N(C1OC(C)(CO)C(O)C1O)C2c1ccc(Cl)cc1,中毒,15.222715,19.15136,0.218133848,4.715346377
Cc1n[nH]nc1-c1cc2c(c(-c3c(Cl)cccc3Cl)c1)C1c3ccc(c(c3)CC2)C(=O)N1c1cc(Cl)c(=O)n(C)c1,中毒,26.265089,11.118922,0.242140232,4.716331227
Cc1n[nH]nc1N1c2ccc(c3nc(-c4ccc5c(c4)OCO5)c(-c4ccc5ncsc5c4)c-3c2)C(CN2CCOCC2)C1(C)C,中毒,19.488192,14.2372675,0.224641941,4.71664098
Cc1n[nH]nc1-c1cc2c(c(-c3c(Cl)cccc3Cl)c1)C(c1cc(Cl)ccc1OCC1(C3(O)CCS(=O)(=O)C3)NC(=O)NC1=O)C2,中毒,40.667263,19.464365,0.203187335,4.717282945
Cc1n[nH]nc1-c1cc2cc(c1)C(c1c(Cl)ccc(Cl)c1Cl)N(c1cc(Cl)cn(C3CC(O)(CO)C3)c1=O)C2=O,中毒,5.4857187,20.163328,0.257966438,4.717785246
Cc1n[nH]nc1-c1cc2c(c(-c3c(Cl)cccc3Cl)c1)C(c1ccc(Cl)cc1)N(c1cc(Cl)cn(C3CC(O)(CO)C3C)c1=O)CC2,中毒,14.0745,16.862432,0.166978334,4.718165782
Cc1n[nH]nc1-c1cc2c(c(-c3c(Cl)cccc3Cl)c1)C[S+]([O-])C(c1ccc(Cl)cc1)N(c1cc(Cl)cn(C3CC(O)(CO)C3)c1=O)CC2,中毒,27.666555,18.206211,0.15518114,4.719452384
Cc1n[nH]nc1C1=Cc2c3nc(-c4noc(=O)[nH]4)cc-3n3cnc(S(=O)(=O)c4ccc(Cl)cn4)c3c(-c3c(Cl)cccc3Cl)c2C(O)C1,中毒,46.84522,15.303033,0.204600294,4.719724482
Cc1n[nH]nc1C1=CC2=C(C(c3ccncc3)N(c3cc(Cl)cn(C4CC(O)(CO)C4)c3=O)C2=O)C1(C(=O)Nc1ccc(Cl)cc1)C(F)(F)F,中毒,15.540574,13.503714,0.212643225,4.720255907
Cc1n[nH]nc1C1(C2=C(F)c3cccc(F)c3C(Nc3ncc(F)c4cncc(F)c34)C=C2)CC(C)(C)O1,中毒,6.974127,24.282185,0.321190175,4.72090023
Cc1n[nH]nc1C1=C(C2CC2c2ccc(NC(=O)Nc3cc4cc(F)c(OC5CCOC5)cc4cn3)c(F)c2)CC(c2ccc(Cl)cc2)N(C)C1=O,中毒,46.08258,18.318035,0.150308085,4.721205738
Cc1n[nH]nc1-c1cc2c(c(-c3c(Cl)cccc3Cl)c1)C(c1ccc(Cl)cc1)N(c1cc(Cl)cn(C3CCC(O)C(C)C3)c1=O)C2=NO,中毒,10.328205,16.862432,0.123340535,4.721979644
Cc1n[nH]nc1-c1cc2c(c(-c3c(Cl)cccc3S(=O)(=O)c3ccc(Cl)c(Cl)c3)c1)C(c1ccc(Cl)cc1)NC(c1ccc(Cl)cc1)C1(CC1)N2,中毒,10.117588,11.766208,0.155243692,4.722481946
Cc1n[nH]nc1-c1cc2c(c(-c3c(Cl)cccc3Cl)c1)C(C1=CC=C(Cl)C=[N+]1)N(c1cc(Cl)cn(C3CC(O)(CO)C3)c1=O)C2,中毒,6.4584956,16.023859,0.225412884,4.72262456
Cc1n[nH]nc1C1=C2CC1=C1CC(C)(C)C(O)C(c3cc(NC(=O)c4cccc(Cl)c4)ccc3F)=C1N(Cc1ccc(Cl)cc1F)C2=O,中毒,24.817047,35.111286,0.192879633,4.723037252
Cc1n[nH]nc1-c1cc2c(c(-c3c(Cl)cccc3Cl)c1)C1C(=CC=C(Cl)C=C2)CC(c2ccc(Cl)cc2)N1c1ccc(Cl)cc1F,中毒,12.569629,20.496675,0.202135139,4.724353479
Cc1n[nH]nc1-c1cc(-c2c(Cl)cccc2Cl)c2c(c1)P(=O)(OC(C)C)N(c1cc(Cl)cn(C3CC(O)(CO)C3)c1=O)C2c1ccc(Cl)cc1,中毒,26.553892,11.513729,0.134720139,4.724764937
Cc1n[nH]nc1-c1cc2c(c(-c3c(Cl)cccc3Cl)c1)N(c1cc(Cl)cn(C3CC(O)(S)C(O)(CO)C3)c1=O)C2,中毒,21.313284,16.947666,0.158712503,4.725303314
Cc1n[nH]nc1C1=CC2=CC=C(c3nc4c(I)cc(I)cc4c(=O)n3S(=O)(=O)C3(C)CO3)C(=O)C2=C1,中毒,46.20203,28.374746,0.320086758,4.725516124
Cc1n[nH]nc1-c1cc2c(c(-c3c(Cl)cccc3Cl)c1)C(c1ccc(Cl)cc1)N(c1cc(Cl)cn(C3CC(N)C(O)C3O)c1=O)C(=O)C2,中毒,22.79976,18.239529,0.176393818,4.726032774
Cc1n[nH]nc1-c1cc2c(c(-c3c(Cl)cccc3Cl)c1)C[S+]([O-])C(c1ccc(Cl)cc1)N(c1cc(Cl)cn(C3CC(O)(CO)C3)c1=O)C2=O,中毒,8.089398,9.912456,0.159928202,4.726095424
COc1nc2ccc(Cl)cc2cc1C(C1CCN(C(=O)C2CC2)C1)N(C1=C(c2n[nH]nc2C)C=C1c1c(Cl)cccc1Cl)c1cc(Cl)cn(Cl)c1=O,中毒,29.54402,13.503714,0.158949496,4.726567829
Cc1n[nH]nc1-c1cc2c(c(=O)[nH]c1=O)C(c1ccc(Cl)cc1)N(c1cc(Cl)cn(C3CC(O)(CO)C3O)c1=O)C2=O,中毒,8.614452,18.232977,0.218933892,4.727789718
Cc1n[nH]nc1-c1cc2c(c(-c3c(Cl)cccc3Cl)c1)CC(c1ccc(Cl)cc1)N(c1cc(Cl)cn(C3CC(O)(CO)C3O)c1=O)C2=O,中毒,22.081963,19.79431,0.163258479,4.727918672
Cc1n[nH]nc1-c1cc2c(C3CC(N)C(O)C(O)(C(C)C)C3)cc(F)cc2cc1-c1c(Cl)cnn1-c1ccc(F)cc1F,中毒,5.6969104,47.157185,0.199005742,4.728055194
Cc1n[nH]nc1-c1cc2c(c(-c3c(Cl)cccc3Cl)c1)C(n1cc(-c3cnn(-c4cccc(F)c4)n3)c3c1=NC=3N)C(F)(F)C(O)C2,中毒,59.089314,37.42081,0.241585759,4.72827989
Cc1n[nH]nc1-c1cc2c(c(-c3c(Cl)cccc3Cl)c1)C(c1ccc(Cl)cc1)N(c1cc(Cl)cn(C3CN(C(C)(O)CO)C3=O)c1=O)C2,中毒,22.081963,14.297296,0.165472534,4.729534315
Cc1n[nH]nc1-c1cc2c(c(-c3c(Cl)cccc3Cl)c1)C(c1ccc[nH]c3c(s1)=NC(c1ccc(Cl)cc1)(C(Cl)(Cl)Cl)N=3)c1c(Cl)cccc1C2=O,中毒,88.95834,13.872122,0.172642312,4.729876513
Cc1n[nH]nc1-c1cc2c(c(-c3c(Cl)cccc3Cl)c1)C(c1ccc(Cl)cc1)N(c1cc(Cl)cn(C3CC(O)(CO)C3C)c1=O)C2,中毒,6.3808517,8.960914,0.168546431,4.73028536
Cc1n[nH]nc1C1=CC2=c3nc(-c4cnc(Cl)c(Cl)c4)nc(NC4CCOC(C)(CO)C4)c3=C(c3c(Cl)cccc3Cl)C2=N1,中毒,26.984304,17.563566,0.249949044,4.731442032
Cc1n[nH]nc1-c1cc2c(s1)C(c1ccc(Cl)cc1)N(c1cc(Cl)cn(C3CC(O)C(O)(CO)C3)c1=O)C2=O,中毒,8.738106,8.960914,0.279512009,4.735415702
Cc1n[nH]nc1-c1cc(N2CCOC(C=C3NC(=O)N(C4CC4)C3=O)C2)nc2c1OCC(O)(C(F)(F)F)C2,中毒,24.834078,22.014084,0.388445137,4.735464816
COC1c2cc(Cl)ccc2C2c3cc(-c4n[nH]nc4C)cc(-c4c(Cl)cccc4Cl)c3C=C(c3ccc(Cl)cc3)C(c3ccc(Cl)cc3)N2C1c1ccncc1,中毒,31.899601,16.623083,0.180720639,4.736816731
Cc1n[nH]nc1-c1cc2c(c(-c3c(Cl)cccc3Cl)c1)C(c1ccc(Cl)cc1)N(c1cc(Cl)cn(C3CC(O)(CO)C3O)c1=O)C2,中毒,9.036046,9.912456,0.162548884,4.737251371
Cc1n[nH]nc1-c1cc2c(c(-c3c(Cl)cccc3Cl)c1)C(c1ccc(Cl)cc1)N(c1cc(Cl)cn(C3CC(C)C([N+](=O)[O-])C3)c1=O)C2,中毒,40.270355,15.468769,0.139266868,4.737631167
Cc1n[nH]nc1-c1cc2c(c(-c3c(Cl)cccc3Cl)c1)C(c1ccc(Cl)cc1)N1c3cc(Cl)c(=O)n(C)c3C(=O)C1c1ccc(Cl)cc1OCC2,中毒,28.345415,19.73523,0.192458106,4.737789638
CC(=O)OC1C(OC2=CC(Oc3n[nH]nc3C)=CC2=O)CC(C)(OC(N)=O)C(Oc2ccccc2)C1OCc1ccccc1,中毒,54.715626,107.83362,0.306836745,4.738089841
CCC1(CNCC(F)(F)F)CC2=C(C3CC3)N=C(F)C2=C(C(=O)N2CC(F)(F)C2)C(=O)c2c(-c3c(Cl)cccc3Cl)cc(-c3n[nH]nc3C)cc21,中毒,21.786463,42.092262,0.179765431,4.739521637
Cc1n[nH]nc1C1=CC2=C1C(c1ccc(Cl)c(Cl)c1)N(c1cc(Cl)cn(C3C=C(O)C(O)C3)c1=O)C2=O,中毒,14.665749,13.503714,0.434198943,4.740857007
Cc1n[nH]nc1-c1cc2c(c(-c3c(Cl)cccc3Cl)c1)C(c1ccc(Cl)cc1)N(c1cc(Cl)cn(C3CC(O)(CO)C3O)c1=O)C(=O)C2,中毒,19.016203,18.239529,0.169847478,4.741052886
Cc1n[nH]nc1-c1cc2c([nH]1)C(c1ccc(Cl)cc1)N(c1cc(Cl)cn(C3CC(O)(CO)C3O)c1=O)C2=O,中毒,7.4282966,11.513729,0.251854068,4.741150458
Cc1n[nH]nc1-c1cc2c(c(-c3c(Cl)cccc3Cl)c1)C(c1ccc(Cl)cc1)N(c1cc(Cl)cn(C3CC(O)(C(=O)O)C3O)c1=O)C2,中毒,11.822692,9.912456,0.15723008,4.742196786
Cc1n[nH]nc1-c1cc2c(c(-c3c(Cl)cccc3Cl)c1)C(c1ccc(Cl)cc1)N(C1CC(c3cc(Cl)cn(C4CC4)c3=O)C(C)C1=O)C2,中毒,5.761111,46.185192,0.189323705,4.742588875
Cc1n[nH]nc1-c1cc2c(c(-c3c(Cl)cccc3Cl)c1)C(c1ccc(Cl)cc1)N1c3ccc(c(Cl)c3)C(=O)C1c1cccnc1-2,中毒,35.651516,17.760828,0.203138134,4.742974011
Cc1n[nH]nc1-c1cc(-c2c(Cl)cccc2Cl)c2c(c1)C(O)N(c1cc(Cl)cn(C3CC3(O)CO)c1=O)C2c1ccc(Cl)cc1,中毒,9.036046,9.912456,0.161016906,4.743139297
Cc1n[nH]nc1-c1cc2c(c(-c3c(Cl)cccc3Cl)c1)C(c1cc3cc(Br)ccc3nc1OC1CC(O)C(O)C(O)C1O)C2,中毒,6.724578,13.339147,0.165474269,4.745367026
Cc1n[nH]nc1C1C(c2cc(Cl)c(O)c(Cl)c2)N=C(N)C1(c1ccc(F)cc1)C1C(=O)N(c2ccc(C(=O)O)c(F)c2)C(=O)C1(C)C,中毒,34.098186,13.503714,0.19415445,4.745476239
Cc1n[nH]nc1C1=CC2=C(C3CC(c4cc(OCS(N)(=O)=O)cc(Cl)c4Cl)=NOC3c3ccc(F)cc3F)C(c3ccncc3)=NC2=C1,中毒,17.272402,13.503714,0.227797199,4.745966112
Cc1n[nH]nc1-c1cc2c(c(-c3c(Cl)cccc3Cl)c1)C(c1ccc(C#N)cc1F)N(C1CC(O)C(O)C(C)(O)C1)C2,中毒,12.469079,12.302537,0.247422168,4.746254763
Cc1n[nH]nc1C1=Cc2cc(-c3ccc(F)cc3)c3cc2C(=O)C(C(=O)O)=C(C(=O)OCC2CC2)C1C3,中毒,64.05274,20.45926,0.385676285,4.746416767
Cc1n[nH]nc1-c1cc2c(c(N3CC4(COC4=O)C3)n1)C(c1ccc(Cl)cc1)N(c1cc(Cl)cn(C3CC(O)(CO)C3)c1=O)C2=O,中毒,24.385923,13.503714,0.261063237,4.747047329
Cc1n[nH]nc1-c1cc2c(c(-c3c(Cl)cccc3Cl)c1)C(c1ccc(Cl)cc1)N1CC(=O)NC(=O)c3sc1cc3-2,中毒,6.2956324,37.718502,0.210162765,4.748153611
Cc1n[nH]nc1-c1cc(-c2c(Cl)cccc2Cl)c2c(c1)P(=O)(O)N(c1cc(Cl)cn(C3CC(O)(CO)C3)c1=O)C2c1cc2ccccc2cn1,中毒,26.553892,13.503714,0.137912887,4.749611244
Cc1n[nH]nc1C1=CC2=C(c3ccc(F)cc3OC(F)F)C(Nc3ccnc(Br)c3)=C(c3cc4ccccc4n3C3COC(CO)C3)C(=O)C2=C1,中毒,46.08258,16.854969,0.135257248,4.750035988
Cc1n[nH]nc1C1CC(F)(F)C1C(=O)N1CCN(c2ccc(Sc3cncc(Cl)c3)c(Cl)c2)C(Cl)C1c1ccc(Cl)cc1,中毒,39.67343,46.527485,0.163910742,4.750042375
Cc1n[nH]nc1-c1cc2c(c(-c3c(Cl)cccc3Cl)c1)C(c1ccc(Cl)cc1)N(c1cc(Cl)cn(C3CC(O)(CO)C3)c1=O)P(=O)(OC1CC1)C2,中毒,16.914482,19.287458,0.133092086,4.750127846
Cc1n[nH]nc1-c1cc2c(c(-c3c(Cl)cccc3Cl)c1)C(N)C(c1ccc(Cl)cc1Cl)N(c1cc(Cl)cn(C3CC(O)C(O)C3)c1=O)C2=O,中毒,22.235992,18.239529,0.14653766,4.75038453
Cc1n[nH]nc1-c1cc(-c2c(Cl)cc(C#N)cc2Cl)c2c(c1)P(=O)(O)N(c1cc(Cl)cn(C3CC(O)(CO)C3)c1=O)C2c1ccc(Cl)cc1,中毒,26.553892,11.513729,0.140055436,4.750737393
Cc1n[nH]nc1C1(c2cc(F)c(O)c(F)c2)OC2C(=O)N(c3cc(Cl)cn(C4CC(O)(CO)C4)c3=O)C(=O)C21,中毒,30.072147,13.503714,0.327750275,4.751324794
Cc1n[nH]nc1-c1cc2c(c(-c3c(Cl)cccc3Cl)c1)C(c1ccc(Cl)cc1)NN(c1cc(Cl)cn(C3CC(O)(CO)C3=O)c1=O)C2=O,中毒,26.303608,12.095076,0.173645929,4.752462099
Cc1n[nH]nc1-c1cc(-c2c(Cl)cccc2Cl)c2c(n1)C(=O)N(c1cc(Cl)cn(C3CC(O)(CO)C3O)c1=O)C2c1ccc(Cl)cc1,中毒,39.425797,12.110745,0.182356867,4.754056915
Cc1n[nH]nc1-c1cc2c(c(-c3c(Cl)cccc3Cl)c1)C(c1ccc(Cl)cc1)N(c1cc(Cl)cn(C3CC(O)C(O)C3O)c1=O)C2=S,中毒,9.036046,33.013264,0.150526064,4.754081682
Cc1n[nH]nc1C1=Cc2c1nc(-c1cnc(N)c(Cl)c1)nc2C1CC(NS(=O)(=O)C=Cc2ccc(C#N)c(Cl)c2)C(Cl)(Cl)C1,中毒,44.962677,38.96259,0.182712886,4.754916085
Cc1n[nH]nc1-c1cc(-c2c(Cl)cccc2Cl)c2c(c1)-c1ccc(C(=O)O)c(=O)n1C=C(Cl)C=C1C(=O)N1C2c1ccc(Cl)cc1,中毒,17.492634,21.010433,0.185739303,4.755253311
CCC1(C)C(c2n[nH]nc2C)=Cc2c(Cl)ccc(Cl)c3c4nc(=O)n(Cc5ccc6c(c5)OCO6)c(N)c(c5ccccc54)c3c21,中毒,38.6367,41.48023,0.201646267,4.755738799
Cc1n[nH]nc1C1=CC2=CC(c3cc(S(=O)(=O)c4ccc(F)cn4)ccc3Br)N(c3ccc(N4CC(O)CC(O)C4)c(Cl)c3)C(=O)C2=C1,中毒,30.5796,21.499628,0.250681252,4.755786293
Cc1n[nH]nc1-c1cc(-c2c(Cl)cccc2Cl)c2c(c1)C1C(=O)N(C3CC(F)(F)C3)C(N)=C(c3nc(-c4cncnc4)no3)C21C#N,中毒,20.855045,37.68169,0.245005526,4.756429052
Cc1n[nH]nc1-c1cc2c(c(-c3c(Cl)cccc3Cl)n1)C(c1ccc(Cl)cc1)N(c1cc(Cl)cn(C3CC(O)(CO)C3O)c1=O)C2=O,中毒,7.4282966,12.110745,0.182356867,4.75664752
Cc1n[nH]nc1C1C(O)C(O)N(c2cc(Cl)cn(C3CC(O)(CO)C3)c2=O)C1(C)c1ccc(Cl)cc1,中毒,47.822056,13.503714,0.332016521,4.757029863
Cc1n[nH]nc1C1C=CC(c2c(Cl)nc3cc(Cl)c(-c4c(Cl)cc5c(c4Cl)CC(C)(C)O5)cc3c2Cl)C1C(=O)N(C)C,中毒,20.96651,35.135902,0.174765179,4.757235767
Cc1n[nH]nc1-c1cc2c(c(-c3c(Cl)cccc3Cl)c1)C(Nc1cc(Cl)cn(C3CC(O)(CO)C3F)c1=O)C2,中毒,24.918016,25.913172,0.242743424,4.757852822
Cc1n[nH]nc1-c1cc2c(c(-c3c(Cl)cccc3Cl)c1)C(c1ccc(Cl)cc1)N(c1cc(Cl)cn(C3CC(O)C(O)C3)c1=O)C2=NOCCl,中毒,11.418598,16.862432,0.114311018,4.757875978
Cc1n[nH]nc1-c1cc2c(c(-c3c(Cl)cccc3Cl)c1)C(c1ccc(Cl)cc1)N(C1=C(OC3CC3)C(=O)C3=C(O)C(N4CCOCC4CO)=NC3=C1)CC2,中毒,32.47867,42.752293,0.178902039,4.75806963
Cc1n[nH]nc1C1=CC2=C(c3c(Cl)ccc4c(=O)c(C(=O)O)cn(C5CC5)c4c3=O)C(C)(C)CC3(C)CC(=O)C(C)(C)C3C2=C1,中毒,9.291444,22.92848,0.346705375,4.758354053
Cc1n[nH]nc1-c1cc2c(c(-c3c(Cl)cccc3Cl)c1)C(c1ccc(Cl)cc1)N(c1cc(Cl)cn(C3CC(O)C(S(=O)(=O)O)C3)c1=O)C2,中毒,26.192316,25.144932,0.15404396,4.758376078
Cc1n[nH]nc1-c1cc(-c2c(Cl)cccc2Cl)c2c(c1)S(=O)(=O)N(c1cc(Cl)cn(C3CC(O)(CO)C3=O)c1=O)C2c1ccc(Cl)cc1,中毒,15.357197,16.862432,0.198040398,4.758615736
Cc1n[nH]nc1C(C1=C(F)C(CS(=O)(=O)c2cccn3cnnc23)C=C1)c1ccc(C(F)(F)C(F)(F)F)c(C(F)(F)F)c1,中毒,4.07879,42.96402,0.255653161,4.758936389
Cc1n[nH]nc1-c1cc2c(c(-c3c(Cl)cccc3Cl)c1)S(=O)(=O)C(c1ccc(Cl)cc1)N(c1cc(Cl)cn(C3CC3(O)CO)c1=O)C2=O,中毒,6.4201846,9.173887,0.190307673,4.759844192
Cc1n[nH]nc1-c1cc2c(c(-c3c(Cl)cccc3Cl)c1)C(c1ccc(Cl)cc1)N(c1cc(Cl)cn(C3CC(O)C(O)C3O)c1=O)C=C2,中毒,9.036046,9.719319,0.157517016,4.760197507
Cc1n[nH]nc1-c1cc2c(c(-c3c(Cl)cccc3Cl)c1)C(c1ccc(Cl)cc1)N(c1cc(Cl)cn(C3CC(O)C(O)(CO)C3)c1=O)C2,中毒,6.3808517,8.960914,0.153418878,4.760293754
Cc1n[nH]nc1-c1csc2c1C(C)(C)C1CN(Cc3ccccc31)C2=O,中毒,13.102967,50.691994,0.712852378,4.760500615
Cc1n[nH]nc1-c1cc2c1c1sc3c(Cl)c(OC4CCN(Cc5cccs5)CC4)c(c(=O)n(-c4cc(Cl)c(=O)n(C)c4)c1=O)c32,中毒,18.617636,14.585561,0.236475751,4.760590122
Cc1n[nH]nc1-c1cc2c(c(-c3c(Cl)cccc3Cl)c1)S(=O)(=O)N(C1=CC(c3ccc(Cl)cc3)C(=O)N(C3CC4OC4C3)C1=O)C2,中毒,11.692079,14.2372675,0.203985356,4.761335528
Cc1n[nH]nc1-c1cc2c(c(-c3c(Cl)cccc3Cl)c1)C(c1ccc(Cl)cc1)Nc1cc(OC3CC(CO)(CO)C(O)C3O)c(Cl)cc1-2,中毒,27.909237,77.631,0.104388768,4.76294785
Cc1n[nH]nc1-c1c2cc(c(-c3c(Cl)cccc3Cl)c1C)C(c1ccc(Cl)cc1)N(c1cc(Cl)cn(C3CC(O)(CO)C3)c1=O)C2=O,中毒,23.789501,9.440244,0.169484294,4.763229282
Cc1n[nH]nc1-c1cc2c(n1-c1cc(Cl)cc(Cl)c1Cl)C(c1ccc(Cl)cc1F)N(c1cc(Cl)cn(C3CCC(O)(CO)C3)c1=O)C2=O,中毒,18.205946,11.513729,0.155899817,4.763634706
Cc1nc2cc(CN(C(=O)C(C)S(=O)(=O)c3cc(-c4n[nH]nc4C)cs3)C(C)C(=O)N3CCC(NS(N)(=O)=O)C(C)C3)ccc2s1,中毒,21.438877,21.357744,0.221167941,4.764751269
Cc1n[nH]nc1C1=CC2=C(C3=CC(=O)C(C4(c5ccc(F)cc5)CC4)=N3)C(c3ccc(Cl)cc3)N(c3ccc(Cl)cc3)C3(CC3)CC2=C1,中毒,10.334719,13.92006,0.221672982,4.765064392
Cc1n[nH]nc1C1=CC2=C(Oc3ccc(Cl)cc3)N=c3ccc(C(F)(F)F)cc3=C3C(=C2C1(C)C)C1C(=O)N(C2CCC(=O)CC2)C(=O)C31,中毒,12.141088,17.484896,0.367114995,4.766486859
COc1cc2cc(c1)N(c1cc(Cl)cn(C3CC(O)(CO)C3)c1=O)C(c1ccc(Cl)cc1)c1c-2cc(-c2n[nH]nc2C)cc1-c1c(Cl)cccc1Cl,中毒,5.629333,11.733231,0.148169833,4.766915895
Cc1n[nH]nc1-c1cc(-c2c(Cl)cccc2Cl)c2c(c1)C(OOC1(C)CCCCC1)N(c1cc(Cl)cn(C3CC(O)(CO)C3)c1=O)C2c1ccc(Cl)cc1,中毒,6.3808517,8.960914,0.099359732,4.76712483
Cc1n[nH]nc1C1=Cc2c(c2=O)C(c2c(Cl)cccc2Cl)=C2C(=O)N(c3cc(Cl)cn(C4CC(O)(CO)C4)c3=O)C(c3ccc(Cl)cc3)C12O,中毒,32.17651,13.503714,0.187345459,4.76731778
Cc1n[nH]nc1C1=Cc2c(C(C)C)c(-c3c(Cl)cccc3Cl)c3c(=O)c(C(=O)O)cn(C4CC(O)C(O)(CO)C4)c3c21,中毒,10.72017,11.329585,0.186992529,4.767537305
Cc1n[nH]nc1-c1cc2c([nH]c1=O)C(c1ccc(Cl)cc1)N(c1cc(Cl)cn(C3CC(O)(CO)C3O)c1=O)C2=O,中毒,13.216523,12.087409,0.23511346,4.768986201
Cc1n[nH]nc1C1(c2cc(OCC3COc4ccc(F)cc4C3)ccc2F)CN(c2ccc(-c3cnn(C4(CO)CCNC4)c3)c(Cl)c2)C1=O,中毒,22.867514,27.34203,0.1910519,4.76994466
Cc1n[nH]nc1-c1cc2c(c(-c3c(Cl)cccc3Cl)c1)C(c1ccc(Cl)cc1)N(C1=CC(Cl)=C(Cl)C3(C(=O)O)C(=O)C(C)(C)C3C1)C2,中毒,11.816995,11.786159,0.19877365,4.770493575
Cc1n[nH]nc1-c1cc2c([nH]c1=O)C(c1ccc(Cl)cc1)N(c1cc(Cl)cn(C3C=C(O)C(O)(CO)C3)c1=O)C2=O,中毒,8.758138,12.087409,0.233234278,4.770652369
Cc1n[nH]nc1-c1cc2c(o1)C(c1ccc(Cl)cc1)N(c1cc(Cl)cn(C3CC(O)(CO)C3O)c1=O)C2=O,中毒,13.3429985,20.735756,0.29123613,4.770663665
Cc1n[nH]nc1-c1cc2c(c(-c3c(Cl)cccc3Cl)c1)C(c1ccc(Cl)cc1)NP(=O)(N1CC1)N(c1cc(Cl)cn(C3CC(O)(CO)C3)c1=O)C2,中毒,18.990976,12.489155,0.09820576,4.771527954
Cc1n[nH]nc1-c1cc2c(c(-c3c(Cl)cccc3Cl)c1)C(c1ccc(Cl)cc1)N(c1cc3c(cc1Cl)C(=O)N1CC(C(=O)O)(CC3)C1)C2,中毒,31.378149,13.489636,0.188690462,4.771835729
Cc1n[nH]nc1-c1cc2c(c(-c3c(Cl)cccc3Cl)c1)C(c1ccc(Cl)cc1)(c1ccc(Cl)cc1F)N(c1cc(Cl)cn(C3CC3(O)CO)c1=O)C2,中毒,5.093859,8.960914,0.149002377,4.772183846
Cc1n[nH]nc1C1=CC2=C(C(c3c(Cl)cccc3Cl)=C2)C(c2ccc(Cl)cc2Cl)C(Nc2ccc(Cl)c(Cl)c2)C(O)(Cc2cc(Cl)c3c(c2)OCO3)C1,中毒,11.762449,35.111286,0.15108872,4.77271067
Cc1n[nH]nc1-c1cc2c(c(-c3c(F)cccc3Cl)c1)C(c1ccc(Cl)cc1)N(c1cc(Cl)cn(C3CC(O)C(O)(CO)C3)c1=O)C2,中毒,6.3808517,8.960914,0.16568719,4.773694104
Cc1n[nH]nc1-c1cc2c(c(-c3c(Cl)cccc3Cl)c1)C(c1ccc(Cl)cc1)N(c1cc(Cl)cn(C3CC(O)C(OP(=O)(O)O)C3)c1=O)C2,中毒,6.8665094,9.912456,0.123473452,4.773715953
Cc1n[nH]nc1-c1cc2c(c(-c3c(Cl)cccc3Cl)c1)C(c1ccc(Cl)cc1)N(c1cc(Cl)cn(C3CC(O)(CO)C3F)c1=O)C2,中毒,9.036046,9.912456,0.171225405,4.773937239
Cc1n[nH]nc1-c1cc(-c2c(Cl)cccc2Cl)c2c(c1)P(=O)(OCC1CC1)N(c1cc(Cl)cn(C3CC(O)(CO)C3)c1=O)C2c1cccc(Cl)c1,中毒,36.83937,11.513729,0.127681765,4.774067066
Cc1n[nH]nc1-n1c2c(c(=O)[nH]c1=O)C(c1ccc(Cl)cc1)N(c1cc(Cl)cn(C3CC(O)(CO)C3O)c1=O)C2=O,中毒,28.801418,21.748821,0.211753362,4.775953171
Cc1n[nH]nc1-c1cc2c(c(-c3c(Cl)cccc3Cl)c1)C(c1ccncc1)N(c1cc(Cl)cn(C3CC(OC(=O)NC(CCO)C(O)CO)C3)c1=O)C2,中毒,8.394659,18.239529,0.113256611,4.776873004
Cc1n[nH]nc1-c1cc2c(c(-c3c(Cl)cccc3Cl)c1)C(c1ccc(Cl)cc1)N(c1nc(Cl)cn(C3C(O)C(O)C(O)C3O)c1=O)C2,中毒,5.1688232,12.65508,0.173449934,4.777372815
Cc1n[nH]nc1-c1cc2c(c(-c3c(Cl)cccc3Cl)c1)C(c1ccc(Cl)cc1)N(C1=CC(Cl)=CN3C(=NC1=O)C3C1(C(=O)O)CC1)C2,中毒,54.712322,11.2492695,0.197146432,4.779192477
Cc1n[nH]nc1-c1cc2c(c(-c3c(Cl)cccc3Cl)c1)C(c1ccc(Cl)cc1)N(C13CC4CC(CC(C4)C1)C3)C2,中毒,10.419607,30.75095,0.257948318,4.779221873
Cc1n[nH]nc1C1=CC2=C(c3nc(-c4cnc(C(=O)O)c(Cl)c4)nn3-c3ccc(Cl)cc3)C(c3ccc(Cl)cc3)C3CCS(=O)(=O)C3C2=C1,中毒,32.17651,24.590742,0.191868531,4.77934742
Cc1n[nH]nc1-c1cc2c(c(-c3c(Cl)cccc3Cl)c1)C1C(O)C(O)N1C=Nc1c(NCc3ccoc3)nc(Cl)nc1-2,中毒,102.66708,16.041172,0.178824245,4.779861185
Cc1n[nH]nc1-c1c2cc(c(-c3c(Cl)cccc3Cl)c1F)C(c1ccc(Cl)cc1)N(c1cc(Cl)cn(C3CC(O)(CO)C3)c1=O)C2=O,中毒,12.691087,7.924102,0.171415654,4.779927744
Cc1n[nH]nc1-c1cc(-c2c(Cl)cccc2Cl)c2c(c1)C(O)C(O)C(CO)Oc1cc(Cl)ccc1C2C(N)=O,中毒,18.525023,45.837585,0.239266621,4.779975571
Cc1n[nH]nc1-c1cc(-c2c(Cl)cccc2Cl)c2c(c1)C1C(=O)C(c3ccoc3)(c3ccc(Cl)s3)OC(=O)N1C2c1ccc2c(c1)OCO2,中毒,28.470184,14.911535,0.18678289,4.780354694
Cc1n[nH]nc1C1=CC2=C(C(=O)C(c3c(Cl)cccc3Cl)=C2C(c2ccc(Cl)s2)N(C)c2cc(Cl)cn(C3CC(O)(CO)C3)c2=O)N(C)C1(C)C,中毒,32.17651,13.16881,0.170155398,4.78041162
Cc1n[nH]nc1[IH](=O)c1cc2c(n1-c1ccc(Cl)cc1F)C(c1ccc(Cl)cc1)N(c1cc(Cl)cn(C3CC(O)(CO)C3)c1=O)C2=O,中毒,23.909687,11.513729,0.181674418,4.781279348
Cc1n[nH]nc1C1=C(F)C=C2C(=O)C(C(=O)O)=C(C34CC5CC(CC(C5)C3)C4)C(c3ccc(F)cc3F)=C21,中毒,11.341123,41.14886,0.50956009,4.781502486
Cc1n[nH]nc1-c1cc2c([nH]c1=O)C(c1ccc(Cl)cc1)N(c1cc(Cl)cn(C3CC(O)C(O)(CO)C3)c1=O)C2=O,中毒,13.216523,12.087409,0.231642334,4.783237084
Cc1cc(Cl)ccc1C1c2c(cc(-c3n[nH]nc3C)cnccc3c2=c2cc(Cl)ccc2=3)C(=O)N1c1cc(Cl)cn(C2CC(O)(CO)C2)c1=O,中毒,6.1933956,33.968105,0.186365504,4.784401912
Cc1n[nH]nc1-c1cc2c(c(-c3c(Cl)cccc3Cl)c1)C(c1ccc(Cl)cc1)N(c1cc(Cl)cn(C3CC(O)C(O)(CN)C3)c1=O)C2,中毒,6.3808517,8.960914,0.15378571,4.78486753
Cc1n[nH]nc1-c1cc2c(c(-c3c(Cl)cccc3Cl)c1)C(c1ccc(Cl)cc1)N1CCC(C)(C)C(=O)c3sc1cc3-2,中毒,17.438028,37.718502,0.218396743,4.785634074
Cc1n[nH]nc1-c1cc2c(c(=O)n(C3CCC(O)(CO)C3)c1=O)C(c1ccc(Cl)cc1)N(c1cc(Cl)cn(C3CC(O)(CO)C3)c1=O)C2=O,中毒,8.614452,12.087409,0.188785737,4.787014618
Cc1n[nH]nc1-c1cc2c(C(c3ccc(Cl)cc3Cl)N(C)c3cc(Cl)cn(C4CC(O)C(O)C4)c3=O)c(-c3nc(-c4ccc(Cl)c(F)c4)cs3)c1-2,中毒,24.817047,8.911559,0.141058914,4.78702342
Cc1n[nH]nc1-c1cc2c(s1)C(c1ccc(Cl)c(Cl)c1)N(c1cc(Cl)cn(C3CC(O)(CO)C3O)c1=O)C2=O,中毒,8.738106,8.960914,0.270142488,4.787041731
Cc1n[nH]nc1-c1cc(-c2c(Cl)cccc2Cl)c2c(c1)-c1ncc(C(=O)O)c(=O)n1C=C(Cl)C=C1C(=O)N1C2c1ccc(Cl)cc1,中毒,32.183743,32.52116,0.190523835,4.787930234
Cc1n[nH]nc1OC1CC(Oc2ccc(NC(=O)C3=Cn4ncc(-c5ccc6c(n5)OCCC6)c4C3=O)cc2)C(O)C1O,中毒,22.331724,40.036003,0.231268787,4.788454442
COC1Cc2cc(-c3n[nH]nc3C)cc(-c3c(Cl)cccc3Cl)c2C(c2ccc(Cl)cc2)NC1c1cc(Cl)ccc1OP1(=O)CCO1,中毒,19.90832,22.828537,0.161068277,4.79024178
Cc1n[nH]nc1-c1cc2c(c(-c3c(Cl)cccc3Cl)c1)C(c1ccc(Cl)cc1)C(c1ccc(Cl)cc1)N(c1cc(Cl)cn(C3CC3(O)CO)c1=O)C2,中毒,22.081963,18.206211,0.148805347,4.791014028
Cc1n[nH]nc1-c1cc2c(c(-c3cc(OC(F)(F)F)ccc3Cl)c1)C(c1ccc(Cl)cc1)N(c1cc(Cl)cn(C3CC(O)C(C)(O)C3)c1=O)C2,中毒,6.3808517,8.960914,0.161230132,4.791078502
Cc1n[nH]nc1-c1cc2c(c(-c3c(Cl)cccc3Cl)c1)C(c1ccc(Cl)cc1)C(c1ccsc1)N(c1cc(Cl)cn(C3CC(O)C(O)C3)c1=O)C2=O,中毒,22.081963,18.239529,0.154895762,4.791431296
Cc1n[nH]nc1C1(c2cc3c(cc2F)c(=O)c(C(=O)O)cn3C2CC2)N=C(N)C2(CCCC2)CC1c1cccc(O)c1,中毒,43.962994,9.719373,0.271606585,4.79152272
Cc1n[nH]nc1-c1cc2c(c3c(c(Cl)ccc1Cl)=c1ccc(Cl)cc=3c(=O)c3cc(NC(=O)C(F)(F)F)cc(Cl)c3o1)CC2,中毒,55.93511,209.12386,0.195783019,4.791557913
Cc1n[nH]nc1-c1cc2c(c(-c3c(Cl)cccc3Cl)c1)C(c1ccc(Cl)cc1)NC(c1ccc(Cl)cc1)N1CC3(CCOCC3)C1=N2,中毒,15.301579,11.2492695,0.19496886,4.79166391
Cc1n[nH]nc1C1=CC2=C(CC2)C(=O)c2c(S(=O)(=O)c3ccc(Cl)cc3)cnn2C2=C1C(C)CN(C(=O)c1cccnc1C(F)(F)F)CC2,中毒,14.099227,23.269756,0.272989632,4.791755655
Cc1n[nH]nc1-c1cc(-c2c(Cl)cccc2Cl)c2c(c1)-c1cc(Cl)nn1C=C(Cl)C=C1C(=O)N1C2c1ccc(Cl)cc1,中毒,28.42324,34.022964,0.197369498,4.792891538
COc1cc2cc(c(C(=O)O)c1=O)CC1Cc3cc(-c4n[nH]nc4C)cc(-c4c(Cl)cccc4Cl)c3C(c3ccc(Cl)cc3)N21,中毒,16.16276,32.975136,0.200588676,4.793210304
Cc1n[nH]nc1C1=CC2=C1C(c1ccc(Cl)cc1)N(c1cc(Cl)cn(C3CC(O)(CO)C3O)c1=O)C2=O,中毒,15.540574,13.503714,0.386594584,4.79325235
Cc1n[nH]nc1-c1cc2c(c(-c3c(Cl)cccc3Cl)c1)C(c1ccc(Cl)cc1)N(C1=CC(=O)N(C3CCC(O)(CO)C3)C(C)C1)C2,中毒,44.71345,17.749989,0.201166669,4.793469274
Cc1n[nH]nc1-c1cc2c(C3CC3)n(C3CC(N)C(O)C3(C)C)c(=O)c3c(F)cc(F)c(F)c3c(=O)c-2c1F,中毒,33.571377,14.585561,0.26753108,4.795031566
Cc1n[nH]nc1-c1cc(-c2c(Cl)cccc2Cl)c2c(c1)C1C3(COC3)C(=O)N(c3ccc(Br)cc3F)C(=O)C21c1ccc(Cl)c(Cl)c1,中毒,17.440168,35.111286,0.184527466,4.795273461
Cc1n[nH]nc1-c1cc2c(c(-c3c(Cl)cccc3Cl)c1)C(c1ccc(Cl)cc1)N(c1cc(Cl)cn(P3(=O)CC(C)(CO)O3)c1=O)C2,中毒,16.045275,33.72721,0.170602396,4.795406103
Cc1n[nH]nc1C1=CC2=C(C(c3c(Cl)cccc3Cl)=CP1)C(c1ccc(Cl)cc1)N(c1cc(Cl)cn(C3CC(O)(CO)C3)c1=O)C2=O,中毒,15.80907,13.503714,0.182046312,4.796575323
Cc1n[nH]nc1OC1CC(Cl)=C(C(N)=O)C1c1ccc(-c2cnc(N3CC(F)(F)C3)c(OCC3CCOC3)c2F)c(F)c1,中毒,8.058345,19.877468,0.339396166,4.796673456
Cc1n[nH]nc1-c1cc2c(c(-c3c(Cl)cccc3Cl)c1)S(=O)(=O)c1cc(C#N)c(Cl)c(c1)N(c1cc(Cl)cn(C3CC(O)(CO)C3)c1=O)C2,中毒,30.422787,11.733231,0.178332943,4.796917906
Cc1n[nH]nc1-c1cc2c(c(-c3c(Cl)cccc3Cl)c1)C(c1ccc(Cl)cc1)N(C1=CC(Cl)=CN3C(=N1)C3C1CC(C)(O)C1)C2,中毒,12.628683,16.63892,0.207188902,4.796936993
Cc1n[nH]nc1-c1cc(-c2c(Cl)cccc2Cl)c2c(c1)C(Cl)C(Cl)=C(Cl)C=C1C(=O)N1C2c1ccc(Cl)cc1,中毒,11.591098,18.805426,0.180127512,4.798024174
Cc1n[nH]nc1N1C(=O)C(C)C(c2ccc(-c3cn[nH]c3)nc2)C1C(=O)N1CCC(c2csc(C3(C(=O)NC(C)(C)C)CC3)n2)CC1,中毒,8.895571,20.805506,0.269955663,4.7988194
Cc1n[nH]nc1C1=CC12C(=O)N(c1cc(Cl)cn(C3CC(O)(CO)C3)c1=O)C2c1ccc(Cl)cc1,中毒,15.360645,13.503714,0.45022611,4.799786928
Cc1n[nH]nc1-c1cc(Nc2ccccc2O)c2c(n1)C(=O)N(c1cc(Cl)cn(C3CC(O)(CO)C3O)c1=O)C2c1cccc(Cl)c1,中毒,39.425797,33.968105,0.138124933,4.800209488
Cc1n[nH]nc1-c1cc2c(c(-c3c(Cl)cccc3Cl)c1)C(c1ccc(Cl)cc1)N(c1cc(Cl)cn(C3CC(O)(CO)C3O)c1=O)C2=S,中毒,9.036046,33.013264,0.145395818,4.802151689
Cc1n[nH]nc1-c1cc(-c2c(Cl)ccc(F)c2F)c2c(c1)-c1ccnn1C=C(Cl)C=C1C(=O)N1C2c1ccc(Cl)cc1,中毒,25.151966,20.347387,0.164978318,4.80254894
Cc1n[nH]nc1-c1cc2c(c(-c3c(Cl)cccc3Cl)c1)C(c1ccc(Cl)cc1)N1C(=O)C1=CC(Cl)=C[N+]([O-])=C2,中毒,47.79552,14.879697,0.153261423,4.80333243
Cc1n[nH]nc1C1=CC2(C(Cl)=C1)C1=C(CCCC1=O)N(c1ccnc(F)c1)C2c1ccc(Cl)cc1,中毒,49.51154,34.541336,0.434689998,4.80430764
Cc1n[nH]nc1-c1cnc2c(c1)C(c1c[nH]c3ccc(Cl)cc13)N(c1cc(Cl)cn(C3C(O)C(O)C(O)C3O)c1=O)C2=O,中毒,28.801418,14.418226,0.173189304,4.805694815
Cc1n[nH]nc1-c1cc2c(c3n[nH]c(=O)c-3c1)C(c1ccc(Cl)cc1F)N(c1cc(Cl)cn(C3CC(O)(CO)C3(C)C)c1=O)C2=O,中毒,18.557116,9.173887,0.218084207,4.805815513
Cc1n[nH]nc1-c1cc2c(c(-c3c(Cl)cccc3Cl)c1)C(c1ccc(Cl)cc1)N(c1cc(Cl)cn(C3CC(CP(=O)(O)O)C3O)c1=O)C2,中毒,11.212927,9.912456,0.125970211,4.806582392
Cc1n[nH]nc1-c1cc2c(n1-c1ccc(Cl)cc1F)C(c1ccc(Cl)cc1)N(c1cc(Cl)cn(C3CC(O)(CO)C3O)c1=O)C2=O,中毒,12.488247,11.513729,0.204020491,4.806977179
Cc1n[nH]nc1-c1cc2c(c(-c3c(Cl)cccc3Cl)c1)C(c1ccc(Cl)cc1)N(c1cc(Cl)cn(C3CC(O)(CO)C3O)c1=O)C=C2,中毒,9.036046,9.719319,0.152153388,4.807072775
Cc1n[nH]nc1C1=CC2=C(C3CON=C(c4ccc(F)cc4)C3)N=C(N3CC(O)C(O)C3)C(=O)C2=C1F,中毒,32.17651,13.503714,0.572840267,4.808064625
Cc1n[nH]nc1-c1cc2c(c(-c3c(Cl)cncc3Cl)c1)C(c1ccc(Cl)cc1)N(c1cc(Cl)cn(C3CC(O)C(O)C3O)c1=O)C2,中毒,9.036046,9.912456,0.181783365,4.808892667
Cc1n[nH]nc1-c1cc2c(c(-c3cc(Cl)c(C#Cc4cncn(C)c4=O)cc3Cl)c1)C(c1ccoc1)C1(C(=O)O)CC1C2,中毒,34.531242,42.731747,0.252459807,4.809314314
Cc1n[nH]nc1C1=C(Cl)C=C2C(=O)C(S(=O)(=O)c3ccc(F)cc3F)=C(c3ccc(F)nc3)C(C3=CC(C)(O)C(O)C3)=C21,中毒,15.8940935,9.57204,0.283716687,4.809968452
Cc1n[nH]nc1-c1cc(-c2c(Cl)cccc2Cl)c2c(c1)C(c1cc3c(cc1I)COC3)N(C1=COC(c3ccncc3)C1)C2c1ccc(Cl)cc1,中毒,48.648228,11.899468,0.168364122,4.809977417
Cc1n[nH]nc1-c1cc2c(c(-c3c(Cl)cccc3Cl)c1)C1c3ccc(C(=O)O)cc3C(=O)N(Cc3ccc(C#N)cc3)C(=O)C3CC31C2,中毒,13.07428,16.914877,0.188015054,4.810095669
CC(=O)NC1Cc2cc(-c3n[nH]nc3C)c(-c3cc4c(o3)C(=O)N(c3cc(Cl)cn(C)c3=O)C4c3ccoc3)c(-c3nc(C(C)C)no3)c21,中毒,22.983427,36.510887,0.214294074,4.810349433
Cc1n[nH]nc1-c1cc2c(c(-c3c(Cl)cccc3Cl)c1)C(c1ccc(Cl)cc1)N(c1cc(Cl)c3ncn(C4CC(O)C(O)(CO)C4)c(=O)c3c1)C2,中毒,12.951831,17.681356,0.138668142,4.811390605
Cc1n[nH]nc1-c1cc2c(c(-c3c(Cl)cccc3Cl)c1-c1ccc(Cl)cc1)C(c1ccc(Cl)cc1)N(c1cc(Cl)cn(C3CC(O)C(OO)C3)c1=O)C2,中毒,7.9789977,9.912456,0.108616984,4.811687611
Cc1n[nH]nc1-c1cc2c(c(-c3c(Cl)cccc3Cl)c1)C(c1ccc(Cl)cc1)N(c1cc(Cl)cn(C3CC(O)(O)C3O)c1=O)c1c(Cl)cncc1C2,中毒,8.459931,16.023859,0.128509112,4.812002918
Cc1n[nH]nc1-c1cc(-c2c(Cl)cccc2Cl)c2c(c1)C13CCN1C(C)(C)C(c1ccc(Cl)cc1)=C(c1ccc(Cl)cc1)N3C2c1ccc(Cl)cc1,中毒,29.69129,14.4546585,0.189164262,4.813473805
Cc1n[nH]nc1-c1cc2c(c(-c3c(Cl)cccc3Cl)c1)C(c1ccc(Cl)cc1)N(C1=CN(C3CC(O)C(O)(CO)C3)C1=O)C2,中毒,26.435946,14.254915,0.224483255,4.814030813
Cc1n[nH]nc1-c1cc2c(c(-c3c(Cl)cccc3Cl)n1)C1(C(=O)NC2=O)C(=O)N(c2cc(Cl)c(=O)n(C)c2)C1c1ccc(Cl)cc1,中毒,49.523827,85.77478,0.144717134,4.814303736
Cc1n[nH]nc1-c1cc2c(c(-c3c(Cl)cccc3Cl)c1)C(c1ccc(Cl)cc1)N(c1ccc(Cl)cc1)C1=NC3(CCS(=O)(=O)C3)C(=O)N1C2,中毒,42.75487,9.939742,0.199811675,4.814321261
Cc1n[nH]nc1C1(c2ccc3nc(-c4cnc5[nH]cnc5c4)nc(N4CCSCC4)c3c2)C(=O)N(C2CC2)C(c2cccc(Cl)c2)C1C(F)(F)F,中毒,42.75487,23.269756,0.199550199,4.815223448
Cc1n[nH]nc1C1=CC2=C(C3CC(c4c(Cl)cccc4Cl)=NN3c3ccc(F)cc3F)N=C(N3C(=O)OC(C)(C)C3CO)C(=O)C2=C1F,中毒,76.07368,13.16881,0.342496964,4.815321962
Cc1n[nH]nc1-c1cc2c(c(-c3c(Cl)cccc3Cl)c1)C(c1ccc(Cl)cc1)N(c1cc(Cl)cn(C3CC(O)(CO)C3O)c1=O)C2=N,中毒,7.4282966,16.862432,0.141006051,4.816550632
Cc1n[nH]nc1-c1cc(-c2c(Cl)cccc2Cl)c2c(c1)C1N(C(=O)NC3CCOC3)C(c3cncc(Cl)c3)c3cc(Br)ccc3N1C2c1ccc(Cl)cc1,中毒,39.1355,18.90328,0.179122153,4.817407781
Cc1n[nH]nc1-c1cc(-c2c(Cl)cccc2Cl)c2c(n1)C(=O)N(c1cc(Cl)cn(C3CC(O)(CO)C3O)c1=O)C2c1ccc(Cl)c(Cl)c1,中毒,39.425797,12.110745,0.163600579,4.817774539
Cc1n[nH]nc1-c1cc2c(nc1-c1cc(F)cc(F)c1)C(=O)N(c1cc(Cl)cn(C3CC(O)(CO)C3O)c1=O)C2c1ccc(Cl)cc1,中毒,52.723274,12.087409,0.205978732,4.817884514
Cc1n[nH]nc1-c1cnc2c(c1)C(c1cn[nH]c1)=NC(C1=C(Cl)C(c3ccc(Cl)cn3)C(N)=C1Cl)(c1ccc(Cl)cc1Cl)c1cc(Cl)c(Cl)cc1-2,中毒,9.787783,15.456023,0.158695004,4.818095221
Cc1n[nH]nc1-c1cc(-c2c(Cl)cccc2Cl)c2c(c1)N(C1CC(O)(CO)C1)C=C(Cl)C=C1C(=O)N1C2c1ccc(Cl)cc1,中毒,16.751171,12.793111,0.19774038,4.81919364
Cc1n[nH]nc1-c1cc2c(c(-c3c(Cl)cccc3Cl)n1)C(c1ccc(Cl)c(Cl)c1)N(c1cc(Cl)cn(C3CC(O)(CO)C3O)c1=O)C2=O,中毒,8.738106,12.110745,0.163600579,4.820326188
Cc1n[nH]nc1-c1cc(-c2c(Cl)cccc2Cl)c2c(c1)C1C3(CCCC3)C(=O)N(c3ccc(Cl)cc3)C(c3ccc(Cl)cc3)C21c1ccc(Cl)cc1,中毒,13.402883,9.741929,0.189354545,4.820529844
Cc1n[nH]nc1-c1cc2c(c(-c3c(Cl)cccc3Cl)c1)C(c1ccc(Cl)cc1Cl)N(c1cc(Cl)cn(C3C=C(C(=O)O)C(O)(CO)C3)c1=O)C2,中毒,10.485148,9.912456,0.132039435,4.822751411
Cc1n[nH]nc1-c1cc2c(c(N3CC(N)C(COc4cc(F)ccc4F)C3)c1)C(c1ccc(Cl)cc1)N(c1cc(Cl)cn(C3CC(O)(CO)C3)c1=O)C2,中毒,10.149779,20.21546,0.152194988,4.823404444
Cc1n[nH]nc1-c1cc2c(c(-c3c(Cl)cccc3Cl)c1)C(c1ccc(Cl)cc1)N(c1cc(Cl)cn(C34CC(CO)(C3)C4)c1=O)C2,中毒,39.76092,19.01266,0.189089579,4.823608935
Cc1n[nH]nc1-c1cc2c(c(-c3c(Cl)cccc3Cl)c1)C(c1ccc(Cl)cc1)N(c1cc(Cl)cn(C3CC(C)C(S(=O)(=O)C(C)C)C3)c1=O)C2,中毒,26.199442,18.475008,0.177054719,4.823714583
Cc1n[nH]nc1-c1cc2cc(c(O)c1=O)C(c1ccc(Cl)cc1)N(c1cc(Cl)cn(C3CC(O)(CO)C3)c1=O)CC2,中毒,23.079983,32.351887,0.27409485,4.8243014
Cc1n[nH]nc1-c1cc2c(o1)C(c1ccc(Cl)cc1F)N(c1cc(Cl)cn(C3C(O)C(O)C(O)C3O)c1=O)C2=O,中毒,13.3429985,9.043079,0.236149267,4.824788323
Cc1n[nH]nc1-c1cc2c(c(-c3c(Cl)cccc3Cl)n1)C(c1ccc3c(cnn3C3CC(O)C(O)C3)c1)=NP(N)(=O)N2,中毒,15.869824,20.75693,0.174162964,4.824976686
Cc1n[nH]nc1-c1cc2c(c(-c3c(Cl)cccc3Cl)c1)C(c1ccc(C#N)cc1)N(c1cc(Cl)cn(C3CC(O)(CO)C3)c1=O)c1cc-2ccc1F,中毒,4.8492465,11.675482,0.155427877,4.826963629
Cc1n[nH]nc1-c1cc2c(c(-c3c(Cl)cccc3Cl)c1)C(c1ccc(Cl)cc1)N(c1cc(Cl)cn(C3CC(O)(CO)C3O)c1=O)O2,中毒,9.907732,13.489636,0.165555098,4.827360852
Cc1n[nH]nc1-c1cc2c(c(-c3c(Cl)cccc3Cl)c1)CC(c1ccc(Cl)cc1)N(c1cc(Cl)cn(C3CC(OO)C(O)C3O)c1=O)C2=O,中毒,22.081963,19.79431,0.110909825,4.827611154
Cc1n[nH]nc1-c1cc2c(n1-c1ccc(Cl)cc1F)C(c1ccc(Cl)cc1)N(c1cc(Cl)cn(C3CC(O)C(O)(CO)C3)c1=O)C2=O,中毒,12.488247,11.513729,0.194954674,4.828339945
Cc1n[nH]nc1-c1cc(-c2c(Cl)cccc2Cl)c2c(c1)C(N)N(c1cc(Cl)cn(C3CC(O)(CO)C3=O)c1=O)C2c1ccc(Cl)cc1,中毒,8.952052,9.576659,0.166915879,4.828450926
Cc1n[nH]nc1-c1cc(-c2c(Cl)cccc2Cl)c2c(c1)C(C)N(C1CC(Oc3cc(F)c(F)cc3F)C(O)C1O)C2c1ccc(Cl)cc1,中毒,24.198761,9.256967,0.153513531,4.829341303
Cc1n[nH]nc1-c1cc2c(c(-c3c(Cl)cccc3Cl)c1)C(c1ccc(Cl)cc1)N(c1cc(Cl)cn(C3SC(CO)C(O)C3O)c1=O)C2,中毒,12.754422,33.72721,0.152877947,4.829681074
Cc1n[nH]nc1-c1cc2c(c(-c3c(Cl)cccc3Cl)c1)C(c1ccc(Cl)cc1)N(c1cc(Cl)cn(C3CC(O)C(O)(CO)C3)c1=O)C=C2,中毒,6.3808517,8.519041,0.145662564,4.829708875
Cc1n[nH]nc1-c1cc2c(c(-c3c(Cl)cccc3Cl)c1)C(c1ccc(Cl)cc1)C(c1ccc(Cl)cc1)N1C2=Cc2cnn(C3CC(O)(CO)C3)c2C1C,中毒,41.769672,19.68197,0.155481282,4.829732824
Cc1n[nH]nc1-c1nc2c(c(-c3c(Cl)cccc3Cl)c1C)C(c1ccc(Cl)cc1)N(c1cc(Cl)cn(C3CC(O)(CO)C3O)c1=O)C2=O,中毒,59.929935,12.110745,0.173462246,4.829740531
Cc1n[nH]nc1-c1cc2c(c(-c3c(Cl)cccc3Cl)c1)C(c1ccc(S(=O)(=O)N3CCC4(CC3)OCO4)c(F)c1)C(O)(C(F)(F)F)C2,中毒,40.36047,11.181512,0.231437833,4.83124585
Cc1n[nH]nc1-c1cc2c(c(-c3c(Cl)cccc3Cl)c1)C(c1ccc(Cl)cc1Cl)N(c1cc(Cl)cn(C3CC(CO)C([N+](=O)[O-])C3)c1=O)C2,中毒,45.618305,13.489636,0.125614794,4.831357391
Cc1n[nH]nc1-n1c2c(c(=O)oc1=O)C(c1ccc(Cl)cc1)N(c1cc(Cl)cn(C3CC(O)(CO)C3O)c1=O)C2=O,中毒,26.553892,28.945686,0.248838911,4.832879243
Cc1n[nH]nc1-c1cc2c(c(-c3c(Cl)cccc3Cl)c1)C(c1ccc(Cl)cc1)N(c1cc(Cl)cc(Cl)c1)C1=NC3(CCOC3=O)C1=N2,中毒,35.915714,20.713009,0.186609799,4.834717197
CC(=O)OC1CC2=CC(c3n[nH]nc3C)=Cc3cccc(Cl)c3C(c3cn(C(C)(C)C#N)c(=O)c4cc(Cl)cc(Cl)c4c3=O)=C2C1OC(C)=O,中毒,10.280419,33.476616,0.224649201,4.834766375
Cc1n[nH]nc1-c1cc2c(c(-c3c(Cl)cccc3Cl)c1)S(=O)(=O)C(c1ccc(Cl)cc1)N(c1cc(Cl)cn(C3CC(O)(CO)C3=O)c1=O)C2=O,中毒,12.391358,9.173887,0.198596204,4.8361567
Cc1n[nH]nc1-c1cc(-c2c(Cl)cccc2Cl)c2c(c1)C(C)N(c1cc(Cl)cn(C3CC(O)C(O)C3O)c1=O)C2c1ccc(Cl)cc1,中毒,9.036046,18.239529,0.155838315,4.837103955
COc1cc(Cl)ccc1C1c2c(cc(-c3n[nH]nc3C)cc2-c2c(Cl)cccc2Cl)CN1c1cc(Cl)cn(C2CC(O)(CO)C2F)c1=O,中毒,6.1933956,9.173887,0.160460963,4.837451049
Cc1n[nH]nc1N1C(=O)C(C)(c2cc(-c3cncc(Cl)c3F)c(F)cc2Cl)C(c2ccc(Cl)cc2)C(Nc2ccnc(Cl)c2)C1C#N,中毒,21.671394,16.892462,0.171430149,4.838496258
Cc1n[nH]nc1-c1cc2c(c(-c3c(Cl)cccc3Cl)c1)S(=O)(=O)C(c1ccc(Cl)cc1)N(c1cc(Cl)cn(C3CC(O)(CO)CO3)c1=O)C2=O,中毒,6.4201846,13.503714,0.187517173,4.839239291
Cc1n[nH]nc1-c1cc(-c2c(Cl)cccc2Cl)c2c(c1)C1CN1C1C(=O)N(c3ccc(Cl)c(Cl)c3)C(c3ccc(Cl)cc3)C21c1cc(Cl)ccc1F,中毒,21.947083,36.510887,0.17620761,4.83966624
Cc1n[nH]nc1-c1cc2c(c(-c3c(Cl)cccc3Cl)c1)C(c1ccc(Cl)cc1)=Nc1c(c(Cl)nn(C)c1=O)C1=C(C2)OC(N2CC2)C1=N,中毒,11.674517,18.128134,0.188381019,4.840364755
Cc1n[nH]nc1-c1cc2c(c(-c3c(Cl)cccc3Cl)c1)C(c1ccc(Cl)cc1)N(c1cc(Cl)cn(C3CC(S(=O)(=O)N(C)C)CC3O)c1=O)C2,中毒,39.76092,9.912456,0.178150078,4.841134838
Cc1n[nH]nc1-c1c2cc(c(=O)n1-c1ccc(Cl)nc1)C(c1ccc(Cl)cc1)N(c1cc(Cl)cn(C3CC(O)(CO)C3)c1=O)C2=O,中毒,19.24008,11.513729,0.224594051,4.841423808
Cc1n[nH]nc1C1=CC2=C3C=C(NC(=O)c4ccc(Cl)cn4)C=CC(F)=C(C(N(C(N)=O)c4cc(Cl)cn(C5CC(O)(CO)C5)c4=O)=C1F)C32,中毒,36.832283,13.503714,0.23917662,4.841664666
Cc1n[nH]nc1-c1cc(-c2c(Cl)cccc2Cl)c2c(c1)C1N(C(=O)N(c3cc(Cl)c(=O)n(C)c3Cl)C(=O)C13CC3)C2c1ccc(Cl)cc1,中毒,9.064844,14.3937645,0.18566436,4.841808607
Cc1n[nH]nc1-c1cc2c(c(-c3c(Cl)cccc3Cl)c1)C(c1ccc(Cl)cc1)N(C1(C#N)CCC3(C)C(=O)N(C4CC4)C(=O)C3C1)C2,中毒,16.919392,20.692068,0.214168565,4.842295502
Cc1n[nH]nc1-c1cc(-c2c(Cl)cccc2Cl)c2c(c1)C(C)(C)N(NC(=O)CCN1C(=O)C(C)C3(CC3)C1=O)C2c1ccc(Cl)cc1,中毒,20.530132,17.627333,0.1976268,4.842421827
Cc1n[nH]nc1-c1cc2c(c(-c3c(Cl)cccc3Cl)c1)C(c1ccc(Cl)cc1)N(C1=COC3(C)CC(C)(CC1)C3)C2,中毒,49.879585,22.710617,0.2516709,4.842467839
Cc1n[nH]nc1-c1cc2c(c(-c3c(Cl)cccc3Cl)c1)C(c1ccc(Cl)cc1)N(c1cc(Cl)cn(C3CC(O)(CO)C3CO)c1=O)C2=S,中毒,6.3808517,27.614061,0.134504306,4.844386525
Cc1n[nH]nc1C1=CN2CC(C)(C)C2=C(c2c(Cl)ccc(Cl)c2Cl)C(=O)c2c1oc1cc(-c3cnoc3)cc(Br)c2c1=O,中毒,32.733707,34.541336,0.188780795,4.844457129
Cc1n[nH]nc1-c1cc2c(s1)C(c1ccc(Cl)cc1)(C(F)(F)F)C(c1ccc(C#CBr)cc1)N(c1cc(Cl)cn(C3CC(O)(CO)C3)c1=O)C2=O,中毒,18.205946,16.862432,0.154459628,4.845055962
Cc1n[nH]nc1CC1C=CC(c2cc(Nc3ccc4n3CC(=O)N4)c(F)c3nc(Nc4cnn(C)c4)nc(N4CCOCC4)c23)C1,中毒,4.8125343,25.256315,0.186824593,4.846061988
Cc1n[nH]nc1-c1cc2c(c(-c3c(Cl)cccc3Cl)c1)C(c1ccc(Cl)cc1)N(c1cc(Cl)cn(C3CC(O)(CO)C3Br)c1=O)C=C2,中毒,6.3808517,8.519041,0.150270009,4.846281516
Cc1n[nH]nc1-c1nc2c(c(-c3c(Cl)cccc3Cl)c1Cl)C(c1ccc(Cl)cc1)N(c1cc(Cl)cn(C3CC(O)(CO)C3O)c1=O)C2=O,中毒,39.425797,12.110745,0.163600579,4.846787958
Cc1n[nH]nc1-c1cc2cc(c1I)C(c1cccc(Cl)c1)N(c1cc(Cl)cn(C3CC(O)(CO)C3)c(=O)c1=O)C2=O,中毒,18.515556,35.488533,0.210494532,4.847172404
Cc1n[nH]nc1-c1cc2c(c(C3=C(Cl)C(Cl)C=CC=C3Cl)c1)C(c1ccc(Cl)cc1)N(c1cc(Cl)cn(C3CC(O)(CO)C3)c1=O)N2,中毒,36.832283,16.862432,0.151810417,4.849816427
Cc1n[nH]nc1-c1cc2c(c(-c3c(Cl)cccc3Cl)c1)C(c1cc(Cl)cc(C3(F)C4C(=C(Cl)C3(F)F)N(C)C(=O)N4C)c1)N2,中毒,41.788136,19.529457,0.226674328,4.849848892
Cc1n[nH]nc1-c1cc2c(c(-c3c(Cl)cccc3Cl)c1)C(c1ccc(Cl)cc1)N(C1=CC3=C(C(=O)N(C)C3=O)C(C)(C)CC3NC(=O)NC13)C2,中毒,26.130445,21.433928,0.195250157,4.852542791
Cc1n[nH]nc1C1=Cc2c(C(C)C)c(-c3c(Cl)cccc3Cl)c3c(=O)c(C(=O)O)cn(C4CC(O)C(O)C(F)C4)c3c21,中毒,10.72017,11.329585,0.20461255,4.852637591
Cc1n[nH]nc1C1=C(c2c(F)cccc2Cl)C(c2ccc(Cl)cc2)N(Cc2ccc(-c3c(F)cccc3F)cc2F)C(=O)C1CC(O)(Cn1cncn1)[SH]=O,中毒,16.997915,13.16881,0.092799211,4.853222608
Cc1n[nH]nc1-c1cc2c(c(-c3c(Cl)cccc3Cl)c1)C(c1ccc(Br)cc1F)N(c1cc(Cl)cn(C3CC(O)C(S(=O)(=O)O)C3)c1=O)C2,中毒,16.247639,22.093523,0.149668629,4.855196861
Cc1n[nH]nc1-c1cc2c(c(-c3c(Cl)cccc3Cl)cc1=O)C(c1ccc(Cl)cc1)N(c1cc(Cl)cn(C3CC(O)(CO)C3F)c1=O)C2=O,中毒,7.266821,9.043079,0.184502241,4.855784304
Cc1n[nH]nc1-c1cc2c(c(-c3c(Cl)cccc3Cl)c1)C(c1ccc(Cl)cc1)Nc1c(c(Cl)cn(C3CC(O)C(O)(CO)C3)c1=O)C2=O,中毒,7.8529835,13.447941,0.139790845,4.856898695
Cc1n[nH]nc1C1=CC(C(O)Cn2cncn2)=C(OC(C2CC2)S(C)(=O)=O)C1(C)c1ccc(Oc2ccc(S(=O)(=O)C(F)(F)F)cc2Cl)cc1,中毒,46.08258,41.921436,0.200768175,4.857398337
Cc1n[nH]nc1-c1cc2c(c(F)c1O)C1c3ccc(Cl)cc3C(N)=NC1(c1ccc(F)cc1F)C1C(=O)N(C)C(=O)C21,中毒,29.54402,13.888707,0.300801326,4.858009214
Cc1n[nH]nc1-c1cc2c(c(-c3c(Cl)cccc3Cl)c1)C(c1ccc(Cl)cc1)N(C1=CC(=O)N(C3CC(O)(CO)C3CO)C1=O)C2,中毒,24.624514,13.75741,0.206504507,4.858129368
Cc1n[nH]nc1-c1c(C)c2cc(-c3c(Cl)ccc(Cl)c3Cl)c(=O)n(CCc3ccc(-c4noc(=O)[nH]4)cc3)c(=O)c2n1C1CC(O)C(O)C1O,中毒,11.078666,35.111286,0.149780724,4.859822165
Cc1n[nH]nc1-c1cc2c(C(=O)ON3CCC(C)(N(C)Cc4nc5ccccc5o4)CC3)c(Cl)c(Cl)c3c(=O)c(C(=O)O)cn(C4CC4O)c3c-2c1F,中毒,8.385542,12.110745,0.16866342,4.860225386
Cc1n[nH]nc1-c1cc2c(c(-c3c(Cl)cccc3Cl)c1)C(c1ccc(Cl)cc1)N1C(=O)C1=CC(Cl)=CN(C1CC(O)(CO)C1)C2=O,中毒,13.760016,15.884826,0.201144557,4.86047525
Cc1n[nH]nc1C1=CC2=C=C(c3cc(NS(=O)(=O)c4ccc(Cl)cc4F)c(Cl)cc3Cl)C(c3ccc(Cl)cc3)N3C(=O)OC(C)(C)C3CC21,中毒,5.443258,18.318035,0.189592448,4.86180777
Cc1n[nH]nc1-c1cc2c(c(-c3c(Cl)cccc3Cl)c1)C(c1ccc(Cl)cc1)N(c1cc(C#N)cn(C3CC(O)(CO)C3F)c1=O)C2,中毒,9.036046,7.3154764,0.183971931,4.862070327
Cc1n[nH]nc1C1=C2C=C(NC(=O)c3ccc4cc(Br)ccc4c3)C(Cl)=Cc3c(n(C4CC4)cc(C(=O)O)c3=O)C(=O)C21CC1CCC(=O)CC1,中毒,32.17651,13.888707,0.182538549,4.863574253
Cc1n[nH]nc1-c1cc2c(c(-c3c(Cl)cccc3Cl)c1)C1(S(C)(=O)=O)C(=O)N(Cc3ccc(C#N)cc3)C(=O)C3(C)CC3C1(Cl)C2,中毒,13.402883,17.798532,0.200087833,4.86409879
Cc1n[nH]nc1C1=CC2=C(C3CCC(O)C(O)(C(=O)NCc4nncc(-c5ccc(Cl)c(Cl)c5)n4)C3)N(c3ccc(F)cc3F)C(=O)C2=C1,中毒,40.109745,13.503714,0.217794736,4.865098386
Cc1n[nH]nc1C1=Cc2c3c(Cl)cccc(Cl)cc-3c2C(c2ccc(Cl)cc2)N(c2cc(Cl)cn(C3CC(O)(CO)C3O)c2=O)C1=O,中毒,18.215044,22.638172,0.183075726,4.865704478
Cc1n[nH]nc1-c1cc(-c2c(Cl)cccc2Cl)c2c(c1)C(O)N(c1cc(Cl)cn(C3CC(O)C(O)C3O)c1=O)C2c1ccc(Cl)cc1,中毒,9.036046,9.912456,0.152401043,4.868619281
Cc1n[nH]nc1-c1cc2c(c(-c3c(Cl)cccc3Cl)c1)C(c1ccc(Cl)cc1Cl)Nc1c(c(Cl)cn(C3CC(O)C(O)C3O)c1=O)C2,中毒,10.009384,18.526705,0.134166887,4.871457959
Cc1n[nH]nc1C(=O)N1CC2(CN(C(=O)c3ccc4c(c3)OCCO4)C2c2cccc(F)c2F)C(C)C1O,中毒,12.450357,18.423643,0.539008918,4.871987872
Cc1n[nH]nc1-c1cc2c(c(-c3c(Cl)cccc3Cl)c1)C(c1ccc(Cl)cc1)N(c1cc(Cl)cn(C3CC4(C(=O)O)C3CC4(C)C)c1=O)C2,中毒,22.081963,9.912456,0.180231727,4.872322804
Cc1n[nH]nc1-c1cc2c(c(-c3c(Cl)cccc3Cl)c1)C(c1ccc(Cl)cc1)N(C1=CCS(=O)(=O)C3(C)CC(C)(C)C3(Cl)C1)C2,中毒,28.24886,12.379816,0.214792031,4.872374119
Cc1n[nH]nc1-c1cc(-c2c(Cl)cccc2Cl)c2c(c1)C(Cl)(Cl)C(Cl)=C(Cl)C1(N3CC3Br)c3ccccc3C21C,中毒,18.641792,34.582737,0.130609143,4.872792472
Cc1n[nH]nc1-c1cc2c(c(-c3c(Cl)cccc3Cl)c1)C(c1cc3ccccc3nc1OC1CC(O)C(O)C(O)C1O)C(N)=N2,中毒,11.794747,41.34102,0.164056074,4.87321984
Cc1n[nH]nc1-c1cc2c(c(-c3c(Cl)cccc3Cl)c1)C1(C(N)=N2)c2cc(Cl)ccc2OC2CN(C)CC21,中毒,20.373592,35.111286,0.310143316,4.874091333
Cc1n[nH]nc1C1=CC12CC(c1cc(NC(=O)c3ccnc(Cl)c3)c(Cl)cc1Cl)C(=O)N(c1ccc(Cl)nc1)C(=O)C2C,中毒,34.278744,14.3937645,0.184093503,4.874878835
CCc1cc(F)c2cc1-c1cc(-c3n[nH]nc3C)cc(-c3c(Cl)cccc3Cl)c1C(c1ccc(Cl)cc1)N2c1cc(Cl)cn(C2CC(O)(CO)C2)c1=O,中毒,4.8492465,14.2372675,0.148725924,4.876243723
Cc1n[nH]nc1C1=NC2=C(c3c(Cl)cccc3Cl)C3=C=C(c4c(Cl)ccc(Cl)c4Cl)C(=O)C(C)(C)C3C(N)CC2=C1,中毒,22.035963,9.939742,0.222345833,4.876782472
Cc1n[nH]nc1C1=C=C(c2cc3c(-c4cnc(N)nc4)nc(-c4cnc(OC5CC(O)C(O)C5)c(C(F)(F)F)c4Cl)nc3cn2)C1,中毒,10.336019,55.613014,0.193519828,4.877252208
Cc1n[nH]nc1C1=CC(c2cc(C(=O)N3CC(Oc4cc(F)cc(F)c4)C(C4CCOC4)CN3)ccc2F)C=C1,中毒,9.223277,87.72001,0.474139453,4.877537325
COC1c2c(cc(-c3n[nH]nc3C)c3c(c2=O)C(=O)N(c2cc(Cl)cn(C4CC(O)(CO)C4)c2=O)C3c2cccc(Cl)c2Cl)CC1O,中毒,28.5805,33.378986,0.23438107,4.878127589
Cc1n[nH]nc1-c1cc(-c2c(Cl)cccc2Cl)c2c(c1)-c1c(Br)c(Cl)nn1C=C(Cl)C=C1C(=O)N1C2c1ccc(Cl)cc1,中毒,29.624592,34.022964,0.187537115,4.878921811
Cc1n[nH]nc1-c1cc(-c2c(Cl)cccc2Cl)c2c(c1)-c1c(Cl)c(O)nn1C=C(Cl)C=C1C(=O)N1C2c1ccc(Cl)cc1,中毒,39.90379,36.37219,0.187677931,4.879223909
Cc1n[nH]nc1-c1cc2c(c(-c3c(Cl)cccc3Cl)c1)C(c1ccc(Cl)cc1)C1=C(C2)C(=O)N(C2CC(O)(CO)C(O)C2O)C1=O,中毒,20.916283,11.777223,0.197975219,4.879541837
Cc1n[nH]nc1-c1cc(-c2c(Cl)cccc2Cl)c2c(c1)-c1c(C3CC(O)C(CO)O3)c(=O)c3c(F)c(N4CCC(F)C4)c(F)cc3n1C2,中毒,12.479074,19.2996,0.199212186,4.879624773
CCn1nc2cc1c1c(F)c(F)cc(OC3CCN(c4cc5c(cc4F)c(=O)c(C(=O)Cl)cn5C4CC4)CC3)c3cc(-c4n[nH]nc4C)c2c-3c1=O,中毒,40.541576,14.585561,0.179869754,4.879743442
Cc1n[nH]nc1C1=C(C2CC2C(=O)NC2CN(C3CC(F)(F)C3)C(=O)N(c3cnc(Cl)c(Cl)c3)C2=O)c2nc(-c3cnn(C)c3)ncc21,中毒,14.084657,36.510887,0.274235774,4.880000675
Cc1n[nH]nc1-c1cc2c(c(-c3c(Cl)cccc3Cl)c1)-c1c(OCC(O)COc3ccc(Cl)cc3)c-2nc(-c2ccc(Cl)cc2)c1C(N)c1ccc(Cl)cc1,中毒,24.195612,9.127256,0.118736181,4.880049893
Cc1n[nH]nc1-c1cc(-c2c(Cl)cccc2Cl)c2c(c1)C1C3(CC3)C(=O)N(c3cc(Cl)c(C#N)c(Cl)c3)C(=O)C21c1ccc(Cl)c(Cl)c1,中毒,9.320643,39.31248,0.184190331,4.880319654
Cc1n[nH]nc1-c1cc2c(c(-c3c(Cl)cccc3Cl)c1)C(c1ccc(Cl)cc1)NC(c1ccsc1)N(c1cc(Cl)cn(C3CC(O)C(O)C3)c1=O)C2=O,中毒,6.4223576,9.719319,0.132823026,4.882291919
Cc1n[nH]nc1-c1cc2c(c(N3CC4CC4(F)C3)n1)C(c1ccc(Cl)c(Cl)c1)N(c1cc(Cl)cn(C3CC(O)(CO)C3)c1=O)C2=O,中毒,10.149779,12.110745,0.266416128,4.882350214
Cc1n[nH]nc1-c1cc2c(c(-c3c(Cl)cccc3Cl)c1)C(c1nc3c(Nc4ccc(Br)cc4F)ncnc3cc1OCC1COC(C)(O)C1O)C2,中毒,51.50488,14.882184,0.121893114,4.882845897
Cc1n[nH]nc1-c1cc(-c2c(Cl)cccc2Cl)c2c(c1)C(c1ccc(Cl)cc1Cl)N(C1=COC(F)(F)C3(C)CC(C)(C)N=C13)C2c1ccc(Cl)cc1,中毒,17.393728,16.590155,0.192268043,4.882913297
Cc1n[nH]nc1-c1cc2c(c(-c3c(Cl)cccc3Cl)c1)C(c1ccc(Cl)cc1)N(c1cc(Cl)cn(C3C(O)C(O)C3(O)CO)c1=O)C2,中毒,9.036046,9.912456,0.158631345,4.883982915
Cc1n[nH]nc1-c1cc2c(c(-c3c(Cl)cccc3Cl)c1)C(c1ccc(Cl)cc1)N(c1cc(Cl)cn(C3CC(O)(P(=O)(O)O)C3O)c1=O)C2,中毒,11.212927,14.297296,0.121929262,4.884057015
Cc1n[nH]nc1C1=CC2=C(C34CC5CC(CC(C5)C3)C4)N=C(N3CC(NS(=O)(=O)c4ccc(I)cc4F)C3)C2=C1,中毒,18.7699,21.263847,0.447948319,4.885420275
Cc1n[nH]nc1SCc1c(-c2ccc(Cl)cc2)sc2c1C(c1ccc(Cl)cc1Cl)N(c1cc(Cl)cn(C3CC(O)(CO)C3O)c1=O)C2=O,中毒,11.176486,13.447941,0.128114208,4.885494103
Cc1n[nH]nc1-c1cc2c(c(-c3c(Cl)cccc3Cl)c1)C(c1ccc(Cl)cc1[N+](=O)[O-])N(c1cc(Cl)cn(C3CC(O)(CO)C3O)c1=O)C2,中毒,26.192316,9.719319,0.110846369,4.885752064
Cc1n[nH]nc1-c1cc(-c2c(Cl)cccc2Cl)c2c(c1)C1C3C(O)C(CO)N3C(=O)N(Cc3ccc(Cl)cc3)C(=O)C21c1cc(Cl)cc(Cl)c1,中毒,15.363429,13.503714,0.163115652,4.88575948
Cc1n[nH]nc1C1=CC2=C(C3CC(N)C(O)C3O)C(c3ccnc(F)c3)=C(Cl)C(=O)C2=C1,低毒,21.794874,56.276196,0.51512605,4.885777945
Cc1n[nH]nc1-c1coc(C(=O)N2CC3C(=O)C3(C(=O)N(C)C(=O)N(C(C)C)C3CC3)C(c3cc(S(C)(=O)=O)ccn3)C2)c1,中毒,32.915268,41.44978,0.382831992,4.886054467
Cc1n[nH]nc1-c1cc(-c2c(Cl)cccc2Cl)c2c(c1)N(COC1(CO)C=CC1(C)C)N(C(C)(C)C)C(c1ccc(Cl)cc1)C2c1ccc(Cl)cc1,中毒,35.388912,48.43704,0.15284813,4.887173138
Cc1n[nH]nc1C1=C(c2cc(C(=O)NC3=NCCS3(=O)=O)ccc2F)C(c2ccc(Cl)cc2)N(c2cc(Cl)cn(C3CC(O)C(O)C3)c2=O)C1=O,中毒,32.17651,33.968105,0.228463486,4.887504125
Cc1n[nH]nc1-c1cc2c(c(-c3c(Cl)cccc3Cl)c1)C(Nc1cc(Cl)cn(C3CC(O)(CO)C(O)C3O)c1=O)C2,中毒,14.692624,13.895338,0.191202749,4.889040671
Cc1n[nH]nc1C(C1=c2c(c(=O)[nH]c(=O)n2C2CC(O)(CO)C2)=C1c1ccc(Cl)cc1)C1CCC(F)(F)C(O)C1,中毒,7.868588,22.64878,0.288244299,4.889049098
Cc1n[nH]nc1-c1cc(-c2c(Cl)cccc2Cl)c2c(c1)C(N1CCC(O)CC1)N(c1cc(Cl)cn(P3(=O)CCO3)c1=O)C2c1ccc(Cl)cc1,中毒,12.336376,8.960914,0.165636577,4.889554479
Cc1n[nH]nc1-c1cc2c(c(-c3c(Cl)cccc3Cl)c1)C(c1ccc(Cl)cc1)C1=C3CNC3=C(CCC2)C1=O,中毒,14.779626,28.87116,0.264572898,4.890092919
Cc1n[nH]nc1-c1cc2c(c(-c3c(Cl)cccc3Cl)c1)C(=O)c1c3ccc(OC(C)(C)C(=O)Nc4ccccc4Cl)c1C(C3)N(C)C2,中毒,38.139847,19.273046,0.185940103,4.890112559
COC1=CC2Oc3c(Cl)cc(Cl)cc3C3c4c(cc(-c5n[nH]nc5C)cc4-c4c(Cl)cccc4Cl)CN(C)C(=O)C3C2=CC(OC)=C1OC,中毒,17.288805,13.888707,0.219205345,4.8906273
CC(=O)OC1C(N2Cc3cc(-c4n[nH]nc4C)cc(-c4c(Cl)cccc4Cl)c3C2c2ccc(Cl)cc2)=COC(c2cc(Cl)cnc2Cl)C1OC(C)=O,中毒,30.826942,45.210094,0.126868721,4.891256614
Cc1n[nH]nc1-c1cc2c(c(-c3c(Cl)cccc3Cl)c1)C(c1ccc(Cl)cc1)N(c1cc(Cl)cn(C3CC(O)(CO)C3)c1=O)c1cc(O)c-2cn1,中毒,6.6767583,12.680216,0.132994512,4.892608089
COc1c2c(O)c(cc(F)c1=O)N1C(Cc3cc(-c4n[nH]nc4C)cc(-c4c(Cl)cccc4Cl)c3C1c1ccc(Cl)cc1)C2,中毒,32.052128,24.79835,0.207440324,4.893658376
Cc1n[nH]nc1C1=CC2=C(CC(=O)NC3C4CC5CC(C4)CC3C5)N=C(c3cc(F)c(N)c(Cl)c3)C(=O)C2=C1,中毒,39.110264,36.510887,0.477008505,4.894559645
Cc1cc(CO)c2cc1-c1cc(-c3n[nH]nc3C)cc(-c3c(Cl)cccc3Cl)c1C(c1ccc(Cl)cc1)N2c1cc(Cl)cn(C2CC(O)(CO)C2)c1=O,中毒,5.629333,12.229073,0.127230682,4.89469653
Cc1n[nH]nc1-c1cc2c(c(-c3c(Cl)cccc3Cl)c1)C(c1cc(Cl)c(=O)n(C)c1)N(c1cc(Cl)cn(C3CC(O)(CO)C3=O)c1=O)C2,中毒,9.954332,9.719319,0.214646556,4.895462584
Cc1n[nH]nc1-c1cc(-c2c(Cl)cccc2Cl)c2c(c1)S(=O)(=O)N(c1cc(Cl)cn(C3CC(O)(CO)C3O)c1=O)C2c1ccc(Cl)cc1,中毒,7.8750753,16.862432,0.175872791,4.895895997
Cc1n[nH]nc1-c1cc(-c2c(Cl)cccc2Cl)c2c(c1)C1CC3NC(=O)C(=O)N(C)CCC3c3c(ccc4cc5c(cc34)C5)N1C2c1ccc(Cl)cc1,中毒,19.669586,23.568573,0.175642984,4.896456984
Cc1n[nH]nc1-c1cc2c(o1)C(c1ccc(Cl)cc1)N(c1cc(Cl)cn(C3CC(O)(COO)C3O)c1=O)C2=O,中毒,13.3429985,9.043079,0.199887087,4.897268348
Cc1cc(O)c(Cl)cc1C1=C=c2cc(-c3n[nH]nc3C)c(OCCCN3CC(O)C(CO)C3)cc2=C(C=O)C1c1ccc2c(c1)OCO2,中毒,15.8940935,64.22769,0.146562316,4.897684268
CC(=O)Oc1cc(Nc2c(C(N)=O)nc3cc(-c4n[nH]nc4C)c(OC4CC(n5cnc6c(N(C)C)nc(Cl)nc65)C(O)C4O)cc3c2C)ccc1F,中毒,34.90876,11.051935,0.0810022,4.899929621
Cc1n[nH]nc1-c1cc2c(c(-c3c(Cl)cccc3Cl)c1)CN(c1c(Cl)cnc3cc(S(=O)(=O)N(C)C4CC(F)(F)C5OC45)cc(Cl)c3c1=O)C2,中毒,19.453934,13.503714,0.178463823,4.900542889
Cc1n[nH]nc1-c1cc(-c2c(Cl)cccc2Cl)c2c(c1)S(=O)(=O)N(c1cc(Cl)cn(C3CC(O)(C(=O)O)C3O)c1=O)C2c1ccc(Cl)cc1,中毒,7.8202257,16.862432,0.170391054,4.900654123
Cc1n[nH]nc1C1=CC2=C(C3CC(Nc4cc(Cl)ccc4C(F)(F)F)C(N)=NC3(F)c3cc(F)ccc3F)SC2=C1,中毒,51.124954,18.778511,0.213767748,4.901170588
Cc1n[nH]nc1-c1cc2c(c(-c3c(Cl)cccc3Cl)c1)C(c1ccc(Cl)cc1)N(c1cc(Cl)cn(C3CC(O)(CO)C3)c1=O)C(=O)c1cc-2cs1,中毒,7.091366,13.447941,0.155422181,4.901509326
Cc1n[nH]nc1-c1cc(F)c2c(c1)-c1cc(Cl)ccc1S(=O)(=O)N(C(C)CO)P2(=O)OC1CCOCO1,中毒,25.244574,10.263556,0.440398269,4.901554393
Cc1n[nH]nc1N1CC(c2nc(-c3cc(F)cc(F)c3)cnc2N2CCC(F)(c3cnc(C4CC4(F)F)nc3)CC2)CC1c1ccc(C(F)(F)F)cc1,中毒,19.511278,13.849845,0.167862248,4.90175416
Cc1n[nH]nc1-c1cc2c(c(-c3c(Cl)cccc3Cl)cc1=O)C(c1ccc(Cl)cc1)N(c1cc(Cl)cn(C3C=C(O)C(O)C(O)C3)c1=O)C2=O,中毒,7.266821,9.043079,0.159551125,4.901768042
Cc1n[nH]nc1-c1cc(-c2c(Cl)cccc2Cl)c2c(c1)C(C)N(c1cc(Cl)cn(C3CC(O)(CO)C3O)c1=O)C2c1ccc(Cl)cc1,中毒,9.036046,18.239529,0.150533533,4.902113978
CCc1cc(F)c2cc1-c1cc(-c3n[nH]nc3C)cc(-c3c(Cl)cccc3Cl)c1C(c1ccc(Cl)cc1)N2c1cc(Cl)cn(C2CC(O)(CN)C2)c1=O,中毒,9.348989,14.2372675,0.148520194,4.902625324
Cc1n[nH]nc1C1=CC2=C(C3CC(O)C4CCCN4C3)N=C(c3ccnc(NC4CC(O)(CO)C4)c3)C(=O)C2=C1F,中毒,36.832283,35.111286,0.352985436,4.902795459
Cc1n[nH]nc1-c1cc2c(c(-c3c(Cl)cccc3Cl)c1)C(c1ccc(Cl)cc1)Nc1cc(c(Cl)c3ncccc13)NC2=O,中毒,4.7265024,14.0872,0.178176035,4.903074556
Cc1n[nH]nc1-c1cc2c(c(-c3c(Cl)cccc3Cl)c1)C(c1ccc(Cl)cc1)[SH](c1ccc(Cl)cc1)N(c1ccc(Cl)c3c1OC(CO)C3)C2=O,中毒,32.866905,13.503714,0.146070417,4.90322503
Cc1n[nH]nc1-c1cc2c(cc1-c1c(Cl)cccc3cc(Sc4ncnc(OC(F)(F)F)c4F)c(Cl)c-3c1=O)C(O)C(O)C(C#N)C2,中毒,13.943326,38.961178,0.140300642,4.903652036
CC(=O)C1=C(C)C(=O)C2(COC2)C2c3cc(-c4n[nH]nc4C)cc(-c4c(Cl)cccc4Cl)c3C2(C(N)=O)C1=O,中毒,22.700533,13.272365,0.362954991,4.903767989
Cc1n[nH]nc1-c1nc2c(c(-c3c(Cl)cccc3Cl)c1C(N)=O)C(c1ccc(Cl)cc1)N(c1cc(Cl)cn(C3CC(O)(CO)C3O)c1=O)C2=O,中毒,51.50488,12.110745,0.158677734,4.904439126
Cc1n[nH]nc1-c1ccc2c(=O)c(N(C#N)Cc3ccc(F)cc3)c(C#N)c(C3CC(COC(=O)Nc4c(Cl)cncc4Cl)C(O)(C(=O)O)C3)nc2c1,中毒,6.046389,43.311478,0.108410045,4.904446782
Cc1n[nH]nc1-c1cc2c(c(-c3c(Cl)cccc3Cl)c1)C(c1ccc([N+](=O)[O-])cc1)N(c1cc(Cl)cn(C3CC(OO)C(O)C3O)c1=O)C2,中毒,9.036046,9.912456,0.086868107,4.906031929
Cc1n[nH]nc1-c1cc2c(c(-c3c(Cl)cccc3Cl)c1)C(c1ccc(Cl)cc1)N(c1cc(Cl)cn(C3CC(O)C(O)(CO)C3O)c1=O)C2,中毒,6.3808517,8.960914,0.149218044,4.906992705
Cc1n[nH]nc1-c1cc2c(c(-c3c(Cl)cccc3Cl)c1)C(c1ccc(Cl)cc1)N(c1cc(Cl)cn(C3CC(O)(CO)C3)c1=O)C1=CC2=N1,中毒,8.228554,15.303033,0.16696053,4.908551948
CC(=O)N1CCc2c(-c3c(Cl)cccc3OC(c3cccnc3)c3ccc(Cl)c(Cl)c3)c(c3c(c2C(C)(C)C#N)C(c2n[nH]nc2C)=C3)C1,中毒,6.7436843,18.133938,0.17743843,4.908817052
COc1nc2ccc(Cl)cc2cc1C1NC(c2ccc(Cl)cc2)c2c(-c3c(Cl)cccc3Cl)cc(-c3n[nH]nc3C)cc2C2C(CO)C(O)CC12,中毒,12.125917,12.008816,0.133889753,4.909155167
Cc1n[nH]nc1C1=CC2=C3C(=C(Cl)C(Cl)=C3C(c3ccc(Cl)cc3)N(Nc3ccc(Cl)c(Cl)c3)C(=O)C1C)C=C2F,中毒,24.181902,15.752057,0.296251781,4.909653222
Cc1n[nH]nc1-c1cn2c(c1-c1c(Cl)ccc(Cl)c1Cl)C(c1ccc(Cl)s1)N(c1cc(Cl)cn(C3CCC(O)(CO)C3)c1=O)C2=O,中毒,7.8529835,13.466203,0.152755219,4.91052281
Cc1n[nH]nc1-c1cc2c(c(-c3cc(Cl)ccc3F)c1)N(c1cc(Cl)cc(Cl)c1)C1C=C(N(C)C)C=C3C=C1N(CC2)C3=O,中毒,17.70528,18.21115,0.24573571,4.910587352
Cc1n[nH]nc1-c1cc2c(c(-c3c(Cl)cccc3Cl)c1)C(c1ccc(Cl)cc1)N(c1cc(Cl)cn(C3CC(O)(CO)C3)c1=O)c1cc-2c(CN)cc1F,低毒,4.8492465,10.727032,0.127098825,4.911709524
Cc1n[nH]nc1C1=CC2=C(c3c(O)ccc4c3CCCN4C(=O)c3ccncc3)C(c3cccnc3)C3(C(=O)O)CC(C3)C2=C1,中毒,15.540574,42.655293,0.28224654,4.912868761
Cc1n[nH]nc1-c1cc2c(c(-c3c(Cl)cccc3Cl)c(Cl)c1=O)C(c1ccc(Cl)cc1)N(c1cc(Cl)cn(C3CC(O)(CO)C3O)c1=O)C2=O,中毒,7.266821,9.043079,0.163087121,4.913878591
Cc1n[nH]nc1-c1cc2c(C(Nc3cc(Cl)cn(C4CC(O)(CO)C4)c3=O)c3ccc(Cl)cc3)c(-c3c(Cl)cccc3Cl)c1c1cc(Cl)cc(Cl)c21,中毒,7.412331,11.132027,0.121435598,4.914972706
Cc1n[nH]nc1C1=CC2=C(C(c3c(Cl)cccc3Cl)=C2)C(c2ccc(Cl)cc2)N(C(CS(=O)(=O)c2ccc(Cl)cc2)C(C)CO)C(C)C1C,中毒,28.311785,19.657486,0.17688544,4.915128812
Cc1n[nH]nc1N1c2c(c(=O)c2=O)C=C(c2nc(=O)oc3c(Cl)c(N4CCC(Cc5ccc(F)cn5)CC4)ccc23)C(O)C(O)C1O,中毒,5.53824,17.220755,0.197908628,4.916071149
Cc1n[nH]nc1-c1cc2c(c(-c3c(Cl)cccc3Cl)c1)C(c1ccc(Cl)cc1)N(C1=COC3(C(=O)N(C)c4ccc(Cl)cc4)C(C1)C3(C)CO)C2,中毒,51.2901,39.505592,0.171879068,4.916411759
Cc1n[nH]nc1-c1cc(-c2c(Cl)cccc2Cl)c2c(c1)S(=O)(=O)N(c1cc(Cl)cn(C3CC(O)C(O)(CO)C3)c1=O)C2c1ccc(Cl)cc1,中毒,9.825931,16.862432,0.165383865,4.917555458
Cc1n[nH]nc1-c1cc2c(c(-c3c(F)cccc3Cl)c1)C(c1ccc(Cl)cc1)N(c1cc(Cl)cn(C3CC(O)C(O)(CO)C3O)c1=O)C2,中毒,6.3808517,8.960914,0.161381625,4.92019305
Cc1n[nH]nc1-c1cc2c(c(-c3c(Cl)cccc3Cl)c1)C(c1ccc(Cl)cc1)N(c1cc(Cl)cn(C34CC(C)(O)CC3(C)C4)c1=O)C2,中毒,39.76092,9.912456,0.190583892,4.920216831
Cc1n[nH]nc1-c1cc2c(c(-c3c(Cl)cccc3Cl)c1)C(c1ccc(Cl)s1)N(c1cc(Cl)cn(C3CC(O)(CO)C3O)c1=O)C2,中毒,8.738106,8.519041,0.160647889,4.920221715
Cc1n[nH]nc1-c1cc2c(c(-c3c(Cl)cccc3Cl)c1)C(c1ccc(Cl)cc1)C1C2=Cc2ccc(Cl)cc2N=CN1C=C(Cl)C(N)c1cc(Cl)cc(Cl)c1,中毒,27.541414,43.644993,0.174829599,4.922038921
Cc1n[nH]nc1-c1cc2c(c(-c3c(Cl)cccc3Cl)c1)C(c1ccc(Cl)cc1)N(c1cc(Cl)cn(C3CC(O)(CO)C(O)C3O)c1=O)C2,中毒,6.3808517,8.960914,0.149218044,4.922078813
Cc1n[nH]nc1-c1cc(-c2c(Cl)cccc2Cl)c2c(c1)-c1c(N3CC4CC43)c(Br)c(C3=NC(=O)C(F)(F)C3)n1C2c1ccc(Cl)cc1,中毒,8.011326,14.872902,0.190564865,4.922892808
Cc1n[nH]nc1-c1cc2c(c(-c3c(Cl)cccc3Cl)c1)C(c1ccc(Cl)cc1)N(c1cc(Cl)cn(C3CC4C(O)C(O)CC43)c1=O)C2,中毒,6.3808517,8.960914,0.173373401,4.92364821
Cc1n[nH]nc1-c1cc(-c2c(Cl)cccc2Cl)c2c(c1)C1CC3N(C(=O)N(c4ccc(Cl)c(C#N)c4)C(c4ccc(Cl)cc4)C21C)C3(C)C,中毒,42.75487,16.291994,0.186684888,4.923871233
Cc1n[nH]nc1-c1cc(-c2c(Cl)cccc2Cl)c2c(c1)C(C)N(c1cc(Cl)cn(C3CC(O)C(O)(CO)C3)c1=O)C2c1ccc(Cl)cc1,中毒,6.3808517,16.862432,0.144541698,4.924991672
Cc1n[nH]nc1-c1cc2c(c(-c3c(Cl)cccc3Cl)c1)C(c1ccc(Cl)cc1)S(=O)(=O)c1cc-2c2cc1CCNC2,中毒,11.937421,31.619349,0.216681563,4.925185655
Cc1n[nH]nc1-c1cc(-c2c(Cl)cccc2Cl)c2c(c1)C(O)N(c1cc(Cl)cn(C3CC(O)(CO)C3C)c1=O)C2c1ccc(Cl)cc1,中毒,6.3808517,8.960914,0.147589805,4.926769645
Cc1n[nH]nc1C1=CN=C2C1=NC(c1ccnc(NC3CC4COCC4(F)C3)c1)=C2c1cc(NS(=O)(=O)c2cccs2)ccc1Cl,中毒,38.753044,10.292379,0.214701686,4.927143709
Cc1n[nH]nc1-c1cc2c(c(-c3c(Cl)cccc3Cl)c(=O)c1F)C(c1ccc(Cl)cc1)N(c1cc(Cl)cn(C3CC(O)(COCO)C3=O)c1=O)C2=O,中毒,36.83937,9.173887,0.167719467,4.92870662
Cc1n[nH]nc1-c1cc2c(c(-c3c(Cl)cc(Cl)cc3Cl)c1)C(c1ccc(Cl)cc1)N1C(=O)C1=CC(Cl)=CN(C1CC(O)(CO)C1)C2=O,中毒,13.760016,13.348358,0.18542675,4.929167981
Cc1n[nH]nc1-c1cc2c(c(-c3c(Cl)cccc3Cl)c1)C(c1ccc(Cl)cc1)N(c1cc(Cl)cn3nc(C4=COC(C)C(O)C(O)C4)cc13)C2,中毒,41.769672,28.8623,0.161864052,4.929871308
Cc1n[nH]nc1C1=CC2=C(C(c3c(Cl)ccc(Cl)c3Cl)=C2)C(c2ccc(Cl)cc2)N(c2cc(Cl)cn(C3CC(O)(CO)N3)c2=O)C1=O,中毒,41.98634,14.418226,0.171508545,4.930510379
Cc1ncc(Cl)cc1N1C2=CC=C(Cl)C=Cc3cc(-c4n[nH]nc4C)cc(-c4c(Cl)cccc4Cl)c3C(c3ccc(Cl)cc3)C2N1C,中毒,6.502495,42.34426,0.20030131,4.930572088
Cc1n[nH]nc1-c1cc2c(c(-c3c(Cl)cccc3Cl)c1)C(c1ccc(Cl)cc1)N(c1cc(Cl)cn(C3CC(O)(CO)C3n3ccnc3)c1=O)C2,中毒,9.036046,18.239529,0.155085116,4.931464591
Cc1n[nH]nc1OC1=C2C(=O)C(c3ccc(F)cc3)=C(c3ccc(F)cc3)C(c3ccnc(Cl)c3)=C2C(C2(C(F)F)N=C(N)OC3CC32)=C1,中毒,28.345415,13.503714,0.17019018,4.933031759
Cc1n[nH]nc1-c1cc(-c2c(Cl)cccc2Cl)c2c(c1)C(O)N(c1cc(Cl)cn(C3CC(O)(CO)C3O)c1=O)C2c1ccc(Cl)cc1,中毒,9.036046,9.912456,0.147202541,4.933629304
Cc1n[nH]nc1C1=CC2=C1C(Cl)=C1N=C(n3c(=S)oc4cc(-c5cn(S(=O)(=O)c6ccc(F)cc6)nn5)cc(Br)c4c3=O)C=C2S1,中毒,7.494668,31.312784,0.221484275,4.934097869
Cc1n[nH]nc1-c1cc(-c2c(Cl)cccc2Cl)c2c(c1)C1C3(COC3)C(=O)N(c3ccc(Cl)cc3)C(c3ccc(Cl)cc3F)C21c1ccc(Cl)cc1,中毒,28.345415,9.114193,0.188790654,4.935117991
Cc1n[nH]nc1-c1cc2c(c(-c3c(Cl)cccc3Cl)c1)C(c1ccc(Cl)cc1)N(C1=CN(C3CC(O)(CO)C(O)C3O)C1=O)C2,中毒,22.161465,14.254915,0.205517441,4.935807836
Cc1n[nH]nc1-c1cc2c(c(-c3c(Cl)cccc3Cl)c1)C(c1ccc(Cl)cc1)c1cc-2c(CNc2nc(Cl)cn(C3CC(O)(CO)C3)c2=O)cc1CO,中毒,17.246284,13.079179,0.099040047,4.93598945
Cc1n[nH]nc1-c1cc2c(c(-c3c(Cl)cccc3Cl)c1)C(c1ccc(Cl)cc1)N(c1ccc(Cl)cc1)C1CCCc3cc(Cl)c1cc3-2,中毒,7.0296226,32.422295,0.19752494,4.93703316
Cc1n[nH]nc1-c1cc2c(c(-c3c(Cl)cccc3Cl)c1)C(c1ccc(Cl)cc1)N(c1cc(Cl)cn(C3CC(O)(COP(=O)(O)O)C3O)c1=O)C2,中毒,9.036046,9.912456,0.10981923,4.93915963
Cc1n[nH]nc1-c1cc(-c2c(Cl)cccc2Cl)c2c(c1)C1C(=O)n3cc(Cl)cc(c3=O)N1C2c1ccc(Cl)cc1,中毒,17.27492,12.268689,0.228843684,4.940264438
Cc1n[nH]nc1-c1cc(-c2c(Cl)cccc2Cl)c2c(c1)C(N)N(c1cc(Cl)cn(C3CC(O)(CO)C3O)c1=O)C2c1ccc(Cl)cc1,中毒,6.7043605,9.576659,0.1476641,4.941230948
Cc1n[nH]nc1-c1cc2c(c(-c3c(Cl)cccc3Cl)c1)C(c1ccc(Cl)cc1)N1C(=CO2)C2C(CC1c1cc(Cl)c(O)c(Cl)c1)SC(=O)N2C,中毒,60.710033,13.489636,0.187341397,4.941300913
Cc1n[nH]nc1-c1cc2c(c(-c3c(Cl)cccc3Cl)c1)C(c1ccc(Cl)cc1)N(C1=COC(c3cccnc3)C3C1C(=O)N(C)C3O)C2,中毒,30.699865,17.182343,0.197721337,4.942900576
Cc1n[nH]nc1-c1cc2cc(c1C(=O)NCc1c(F)ccnc1Cl)C(c1ccc(Cl)cc1)N(c1cc(Cl)cn(C3CC(O)(CO)C3)c1=O)C2=O,中毒,7.6487203,8.597157,0.158326539,4.943266591
Cc1n[nH]nc1-c1cc2c(c(-c3c(Cl)cccc3Cl)c1)C(c1ccc(N=C3N=CC(=NO)C(=O)N3)c(=O)n(C3CC(O)C(O)C3)c1=O)=C2,中毒,9.578246,11.545775,0.136591363,4.943961376
Cc1n[nH]nc1-c1cc2c(c(-c3c(Cl)cccc3Cl)c1)C(c1ccc(Cl)cc1)N(C1=COC3(C)CC(C)N(O)C(=O)C3(C)C1)C2,中毒,95.00811,40.753418,0.213099254,4.944282154
Cc1n[nH]nc1-c1cc2c(c(-c3c(Cl)cccc3Cl)c1)C(c1ccc(Cl)cc1)c1cc(ncn1)N(c1cc(Cl)cn(C3CC(O)(CO)C3)c1=O)C2=O,中毒,10.485148,13.489636,0.157165894,4.94456679
Cc1n[nH]nc1-c1cc2c3c(ccc(C4CC(N(C)C)C(O)(C(F)(F)F)C(F)(F)C4(F)F)c3c1)N=C2c1c(F)cccc1Cl,中毒,19.99471,15.95398,0.203395244,4.944732664
Cc1n[nH]nc1-c1cc2c(c(-c3c(Cl)cccc3Cl)c1)CC(c1ccc(Cl)cc1)N(c1cc(Cl)cn(C3OC(CO)C(O)(CO)C3O)c1=O)C2=O,中毒,19.24008,11.664629,0.150165321,4.945633192
Cc1n[nH]nc1S(=O)(=O)N1CC2C(c3ccc(Cl)c(Cl)c3)C1CCN2C(=O)c1cc(C(C)C)nn1C,中毒,45.843376,18.608986,0.519125018,4.946282191
Cc1n[nH]nc1C1=Cc2c(C3CC(O)C(O)C(C)(C)C3)c(-c3c(Cl)cccc3Sc3ccc(Cl)cc3)c(=O)c3c(F)cc(-c4cnoc4)cc3c21,中毒,19.316364,15.2779045,0.154274678,4.947452703
Cc1n[nH]nc1-c1cc2nc3cc(Cl)ccc3c3c(c-2c1)C(c1ccc(Cl)cc1)N(c1c(Cl)cc(Cl)c(Cl)c1OC1CC(N(C)C)C(O)C1O)CC3,中毒,35.73959,35.111286,0.143817047,4.947797876
Cc1n[nH]nc1-c1cc2c(c(-c3c(Cl)cccc3Cl)c1)C(c1ccc(Cl)cc1)=Nc1c(OC3CC(O)C(O)C3O)cc(Cl)c3c1C(C2)N(C)C3,中毒,41.769672,21.801102,0.146555174,4.948185257
Cc1n[nH]nc1-c1c2cc(c(O)c1C(=O)N(C)Cc1ccsc1)C(c1ccc(Cl)cc1)N(c1cc(Cl)cn(C3CC(O)(CCO)C3)c1=O)C2=O,中毒,20.802595,11.26672,0.154525728,4.949106879
Cc1n[nH]nc1-c1cc2c(c(-c3c(Cl)cccc3Cl)c1)C(c1ccc(Cl)cc1)N(C1=CN(C3CC(O)(C(=O)O)C(O)C3O)C1=O)C2,中毒,22.161465,14.254915,0.199558183,4.950709986
Cc1n[nH]nc1-c1cc2c(c(-c3c(Cl)cccc3Cl)c1)C(c1ccc(Cl)s1)N(c1cc(Cl)cn(C3CC(O)C(O)C3O)c1=O)C=C2,中毒,6.690411,8.519041,0.156029995,4.951007873
Cc1n[nH]nc1-c1cc2c(c(-c3c(Cl)cccc3Cl)c1)C(c1ccc(Cl)cc1)N1C(=O)C1=CC(Cl)=CN1C(=O)C1CC2,中毒,16.916502,21.679873,0.236733978,4.951462593
Cc1n[nH]nc1C1=CC2=C(C3CNC(S(=O)(=O)c4ccc(-c5cn[nH]c5)nc4)C3)N=C(c3cnc(NC4CCOCC4)cn3)C(=O)C2=C1,中毒,48.51858,15.303033,0.214049401,4.953385918
Cc1n[nH]nc1C1C(C)CN(C(C)CO)C(=O)N1C1CC(Oc2ccc(C(=O)Nc3ccc(F)cc3C(=O)N3CCOCC3)cc2)C(CO)C1O,中毒,35.218266,17.1984,0.20788466,4.95577017
Cc1n[nH]nc1C1=CC2=C(C3CC(n4cc(-c5cc6ccccc6o5)nn4)C(c4ccc(Cl)cc4)NC3c3ccc(Br)cc3)C=C(F)C2=CC1=O,中毒,28.345415,12.741105,0.174337937,4.9569944
Cc1n[nH]nc1-c1cc(-c2c(Cl)cccc2Cl)c2c(c1)C1N(c3cc(Cl)c(Cl)cc3N(Cc3nn(C)c(=O)n3C)C13CC3)C2c1ccc(Cl)cc1,中毒,22.738081,18.040764,0.187846862,4.957339343
Cc1n[nH]nc1-c1cc2c(c(-c3c(Cl)cccc3Cl)c1)C(c1ccc(Cl)cc1)N(C1Cc3ccc(Cl)cc3C3(CC(=O)N(C)C3=O)C1=O)C2,中毒,5.761111,27.211731,0.149839905,4.957989417
Cc1n[nH]nc1-c1cc2c(c(-c3c(Cl)cccc3Cl)c1)C(c1cc(Cl)ccc1OC(F)(F)F)N(c1cc(Cl)cn(C3CC(O)C(O)(CO)C3)c1=O)C2,中毒,6.1933956,9.173887,0.131986536,4.958542599
Cc1n[nH]nc1-c1cc2c(c(-c3c(Cl)cccc3Cl)c1)C(c1ccc(Cl)cc1)N1C2=CC=C(Cl)C=CC12CC(=O)N(c1ccc(Cl)c(Cl)c1)C2=O,中毒,23.845274,14.3937645,0.183296575,4.958706946
Cc1n[nH]nc1C1=Cc2c(-c3ccc(Cl)c(Cl)c3)nc(N3CC4CC(C3)N4)c(Br)c2C1=O,中毒,26.069628,9.939742,0.515974241,4.959120602
Cc1n[nH]nc1-c1cc2c(c(-c3c(Cl)cccc3Cl)c1)C(c1ccc(Cl)cc1)N(c1nc(Cl)cn(C3C(O)C(O)C(O)C3F)c1=O)C2,中毒,5.1688232,12.65508,0.181587942,4.959525094
Cc1n[nH]nc1C1=CC2=C(P(=O)(O)OC3CCCCCC3)N=C(OC3CC(OC(=O)c4cc(Cl)ccc4Cl)C(C(=O)O)C3)C2=C1,低毒,27.714228,9.133222,0.161279396,4.96080755
Cc1n[nH]nc1-c1cc2c(c(-c3c(Cl)cccc3Cl)c1)C(c1ccc(Cl)cc1)C(N1CC3(CO)OC(N)=NC3(c3ccc(F)cc3Br)C1)C2,中毒,46.08258,13.503714,0.163295424,4.962159403
Cc1n[nH]nc1-c1cc2c(c(-c3c(Cl)cccc3Cl)c1)C(c1ccc(Cl)cc1)N1CC(=O)N(c3c(F)cc(Cl)cc3Cl)C(=O)c3sc1cc3-2,中毒,8.161001,37.486298,0.180618892,4.962532561
Cc1n[nH]nc1C1=NC2=C(c3c4ccc(Cl)cc4nc4ccn(CC#N)c34)C(c3ccc4c(c3)OCS4)C3CC3C2=C1,中毒,13.941111,13.503714,0.247605543,4.963768727
Cc1n[nH]nc1-c1cc2c(c(-c3c(Cl)cccc3Cl)c1)C(c1ccc(Cl)cc1)N(c1cc(Cl)cn(P3(=O)CC(O)C(C)O3)c1=O)C2,中毒,16.045275,30.11305,0.176591652,4.966652087
[2H]C1(Cl)C2c3cc(-c4n[nH]nc4C)cc(-c4c(Cl)cccc4Cl)c3C(c3ccc(Cl)cc3)=NC(c3ccc(Cl)cc3)C2(C(=O)O)C1(C)Cl,中毒,54.85834,16.023859,0.175291502,4.966997618
Cc1n[nH]nc1-c1cc(-c2c(Cl)cccc2Cl)c2c(c1)C1C3C(=O)C(CO)N3C(=O)C(C)(c3ccc(Cl)cc3)NC(=O)C21c1cccc(Br)c1,中毒,12.65699,15.303033,0.181131588,4.967353875
Cc1n[nH]nc1-c1cc(-c2c(Cl)cccc2Cl)c2c(c1)C(Cl)N(c1cc(Cl)cn(C3CC(O)(CO)C3O)c1=O)C2c1ccc(Cl)cc1,中毒,39.425797,17.240566,0.108389999,4.967412862
Cc1n[nH]nc1-c1cc2c(c(-c3c(Cl)cccc3Cl)c1)C(c1ccc(Cl)cc1)N1C(=O)C1=CC(Cl)=CN1CC1C2,中毒,22.617588,24.136225,0.244004795,4.967501483
Cc1n[nH]nc1C1=CC2=CC(c3cn(-c4ccc(Cl)nn4)c(=O)c4ccccc34)C(N3CCC(N(C)C)CC3)=C(N3CC(O)C(CO)C3)C2=C1,中毒,28.024641,21.499628,0.263950129,4.968729167
Cc1n[nH]nc1-c1cc2c(n1-c1ccc(Cl)c(Cl)c1)C(Nc1cc(Cl)cn(C3CC(O)(CO)C3O)c1=O)C(c1ccc(Cl)cc1)C2,中毒,44.965862,12.680216,0.143017146,4.9690068
Cc1n[nH]nc1-c1cc2c(c(=O)[nH]1)C1(c3ccc(Cl)cc31)C(c1ccc(Cl)cc1)N(c1cc(Cl)cn(C3CC(O)(CO)C3)c1=O)C2=O,中毒,25.019312,15.303033,0.208205477,4.97105197
CC1=Nc2cc(-c3n[nH]nc3C)c(Cl)c(-c3c(Cl)cccc3Cl)c2C(c2ccc(Cl)cc2)N1C1CC(N=C(N)N)C(O)C1O,低毒,10.211871,65.52204,0.135017086,4.971966488
CC1=C2C=C(Cl)C(Cl)C=C2C(=O)C2=C(C=C1c1n[nH]nc1C)C(=O)N(c1cc(Cl)cn(C3CC(O)(CO)C3)c1=O)C2c1ccc(Cl)cc1,中毒,15.540574,13.503714,0.287647965,4.972242192
Cc1n[nH]nc1-c1cc(-c2c(Cl)cccc2Cl)c2c(c1)C(O)N(c1cc(Cl)cn(C3CC(Cl)C(O)C3O)c1=O)C2c1ccc(Cl)cc1,中毒,9.036046,9.912456,0.142101341,4.972455922
CCCNC(=O)C1=C2C=C(c3n[nH]nc3C)C2COC2=C1c1c(F)cccc1C2C(=O)N(C)C(=O)N(C(=O)C1(C)COC1)c1cc(F)cc(Cl)c1,中毒,19.01687,13.503714,0.344614146,4.972812754
Cc1n[nH]nc1-c1cc2c(c(-c3c(Cl)cccc3Cl)c1)S(=O)(=O)C(c1ccc(Cl)cc1)N(c1cc(Cl)cn(C3CC(O)(CO)C3O)c1=O)C2=O,中毒,6.4201846,9.173887,0.176188735,4.973324744
Cc1n[nH]nc1-c1cc(-c2c(Cl)cccc2Cl)c2c(c1)C1C=C(Cl)C(Cl)=C3C=C(C3=O)N1C2c1ccc(Cl)cc1,中毒,10.363541,19.131111,0.246694293,4.973388883
Cc1n[nH]nc1-c1cc2c(c(-c3c(Cl)cccc3Cl)c1)C1c3ccc-2c(c3)OCOC(=O)N1Cc1ccc(Cl)cc1,中毒,12.629002,104.17691,0.222877003,4.973844317
Cc1n[nH]nc1C1=CC2=C(N3Cc4ccccc4C4(C)C(=O)N(C(=O)N(C)C5CC5)C(=O)C34)C(C)(C)C(O)C2=C1c1cc(Cl)cc(Cl)c1,中毒,32.17651,35.111286,0.34066654,4.973946876
Cc1n[nH]nc1C1=Cc2c(C3=C=CC(C)(C)C(O)C3)c(-n3cc(-c4ccc(-c5cn(-c6cccnc6)nn5)nn4)cc3F)c3c(N)ncnc3c21,中毒,69.46734,16.854969,0.203180952,4.976644824
Cc1n[nH]nc1-c1cc2c3c(-c4c(Cl)cccc4Cl)c1CN(CC2)C(=O)N(c1cc(Cl)cc(Cl)c1)C3c1ccc(Cl)cc1,中毒,13.950753,30.680769,0.207265784,4.976847267
Cc1n[nH]nc1-c1cc(-c2c(Cl)cccc2Cl)c2c(c1)N(O)N(c1cc(Cl)cn(C3CC(O)C(O)(CF)C3)c1=O)C2c1ccc(Cl)cc1,中毒,29.087914,10.425424,0.142820914,4.9782654
Cc1n[nH]nc1-c1cc2c(Cl)cc3c(Cl)c(c(=O)c-2c1NC(C=C1CC1)C(=O)N1CCOCC1)n3CCCl,中毒,33.889027,26.134268,0.24761204,4.978487878
Cc1n[nH]nc1-c1cc2c(c(-c3c(Cl)cccc3Cl)c1)C(c1ccc(Cl)cc1)N(c1cc(Cl)cn(C3CC(O)C(O)(COP(=O)(O)O)C3)c1=O)C2,中毒,6.3808517,8.960914,0.104437119,4.979203904
Cc1n[nH]nc1C(=O)N1CC2(CC(OC(=O)N3c4ccc(Cl)cc4Sc4ccc(Br)cc43)C(=O)O2)CC1c1cc(Cl)cc(Cl)c1,中毒,27.896791,126.574486,0.210197306,4.97936835
Cc1n[nH]nc1-c1cc2c(c(-c3c(Cl)cccc3Cl)c1)C(c1ccc(Cl)cc1)N1C(=O)c3cccnc-2c(Cl)cc1c3O,中毒,65.2264,36.82071,0.203918285,4.979726635
Cc1n[nH]nc1-c1cc2c(c(-c3c(Cl)cccc3Cl)c1)C1CCN(Cc3ccc(Cl)cc3)CCc3nc1ccc3-2,中毒,11.895363,125.30877,0.229848795,4.979753326
Cc1n[nH]nc1-c1cc2c(c(-c3c(Cl)cccc3Cl)c1)C(c1ccc(Cl)cc1)N(c1ccc(Cl)cc1)C1CCCc3cc(Br)c1cc3-2,中毒,10.13683,28.538498,0.194584918,4.979766494
Cc1n[nH]nc1-c1cc2c3c(c(O)c(Br)c4ccccc4c-3c1=O)C(c1ccc(Br)cc1)N(c1cc(Cl)cn(C3CC(O)(CO)C3O)c1=O)C2=O,中毒,11.387995,10.648614,0.155597011,4.979921564
Cc1n[nH]nc1-c1c(C)c(C(O)(C(F)(F)F)C(F)(F)F)c(F)c(-c2cc(F)c(F)cc2F)c1C(c1ccc(Cl)s1)N1CC2(COC2)C1=O,中毒,72.346565,14.509862,0.12376538,4.982698176
Cc1n[nH]nc1-c1cc(-c2c(Cl)cccc2Cl)c2c(c1)C1CC(c3cc(Cl)ccc3OC3CC4CC43)=C(C(=O)O)CN1C2c1ccc2c(c1)OCO2,中毒,96.35351,9.103245,0.169359036,4.983137863
Cc1n[nH]nc1-c1cc2c(c(-c3c(Cl)cc(Cl)cc3Cl)c1)C1CC(=O)N(C(CO)CO)C(c3ccc(C(C)(O)CO)nc3)C1C(=O)N(C)C2=O,中毒,9.225139,16.023859,0.166541016,4.983297996
Cc1n[nH]nc1-c1cc2c(c(-c3c(Cl)cccc3Cl)c1)C(c1ccc(Cl)cc1)N1C(=O)N(C(=O)NC3CC(O)C(C)(N)C3)C(=O)C1(C)CC2,中毒,8.141882,14.761275,0.177245891,4.984047025
Cc1n[nH]nc1C1=CC2=CC(c3cn(C)c(=O)c4cnc(NC5CC(F)(F)C5)c(C=O)c34)C(c3cc(Cl)ccc3OC(C)CO)=NC2=C1,中毒,23.71375,41.80999,0.203238248,4.985714089
Cc1n[nH]nc1-c1cc2c(c(-c3c(Cl)cccc3Cl)c1)C1(COC3(C2)C(=O)Nc2nc(Cl)cc(Cl)c23)C(=O)N(C)C1=O,中毒,12.950305,57.03451,0.176300433,4.986484348
Cc1n[nH]nc1-c1cc2c(c(-c3c(Cl)cccc3Cl)c1)C(c1ccc(Cl)cc1)N(c1cc(Cl)cn(P3(=O)CC(O)C(CO)O3)c1=O)C2,中毒,6.6767583,30.11305,0.15724821,4.986840957
Cc1n[nH]nc1-c1cc2c(c(-c3c(Cl)cccc3Cl)c1)S(=O)(=O)C1CC3=CC=C(c4ccc5ccn(C)c5c4)C=CCC3CN(CC3CC3)C1C2,中毒,24.536518,23.297123,0.19486688,4.987791098
Cc1n[nH]nc1-c1cc2c(c(-c3c(Cl)cccc3Cl)c1)C(c1ncc(Cl)cc1Br)N(c1cc(Cl)cn(C3CC(O)(CO)C3O)c1=O)C2,中毒,11.9282465,14.297296,0.152944165,4.988144643
Cc1n[nH]nc1-c1cc2c(c(-c3c(Cl)cccc3Cl)c1)C(c1ccc(Cl)cc1)N(C1=CC(=O)N(Cc3ccn(C)n3)C3CC(O)C(O)C13)C2,中毒,39.1544,13.318215,0.194698905,4.989290823
Cc1n[nH]nc1-c1cc2c(c(-c3c(Cl)cccc3Cl)c1)C(c1ccc(Cl)c(OC3CC(O)C(O)C(O)C3O)c1)C(C#N)(c1ccc(Cl)cc1)C2,中毒,17.348644,9.148664,0.126885756,4.989785862
Cc1n[nH]nc1-c1cc2c(c(-c3c(Cl)cccc3Cl)c1)C(c1cccn1C1CC(F)(F)C(N)=N1)N(c1cc(Cl)cn(C3CC(O)(CO)C3)c1=O)C2,中毒,23.789501,18.239529,0.149526003,4.990466849
Cc1n[nH]nc1-c1cc(-c2c(Cl)cccc2Cl)c2c(c1)C1C3(CCO3)C(=O)N(c3ccc(Cl)cc3)C(c3ccc(Cl)cc3)C21c1ccc(Cl)cc1,中毒,28.345415,9.114193,0.18942103,4.991668544
Cc1n[nH]nc1C1(c2ccc(Cl)c(F)c2F)CC2CCC(C1)N2Cc1ccc(-c2nnno2)cc1,中毒,5.141219,34.634037,0.402256451,4.994480919
Cc1n[nH]nc1-c1cc(Cl)c2cc1C(CCS(=O)(=O)c1cc(F)c(OCC(O)CN3CCC(c4c(F)ccc(F)c4F)CC3)cc1F)O2,中毒,91.05328,18.969772,0.142788697,4.997217227
Cc1n[nH]nc1-c1cc2c(s1)-c1c(nsc1-c1cc(Cl)c(O)c(Cl)c1)CC1=CC(F)=C(OCC3(C(=O)O)CCN(CC4CCCO4)CC3)CC12,中毒,37.395767,15.5483055,0.162839916,4.997717598
Cc1cccc(NS(=O)(=O)n2cc(C3=NC(c4ccc(Br)cc4)=C4C=C(c5n[nH]nc5C)C(OC5CC(O)C(O)(C(=O)O)C5)=C4C3=O)cn2)c1,中毒,27.714228,9.114193,0.166772626,4.998076747
Cc1n[nH]nc1C1=CC1(c1cc(F)c(S(=O)(=O)c2c[nH]cn2)cc1F)C(c1ccc(Cl)cc1)N(C)c1cc(Cl)cn(C2CC(O)(CO)C2)c1=O,中毒,14.720647,13.503714,0.158597388,4.999467613
Cc1n[nH]nc1-c1cc2c3c(c1)C(=C(Cl)C=C2Cl)C(=O)N(c1cc(Cl)cn(C(C)C)c1=O)C3c1ccc(Cl)cc1,中毒,19.709482,34.541336,0.258422253,5.001913804
Cc1n[nH]nc1-c1cc2c(c(-c3c(Cl)cccc3Cl)c1)C1c3ccc-2c(c3)OCOC(=O)N1Cc1cccc(Cl)c1,中毒,12.629002,104.17691,0.222877003,5.00370742
Cc1n[nH]nc1-c1cc(-c2c(Cl)cccc2Cl)c2c(c1)-c1c(F)cc(C#N)nc1C2c1ccc(Cl)cc1N1C(=O)NC2(CC(F)(F)C2)C1(C)C,中毒,8.984515,43.2895,0.187576955,5.003736298
Cc1n[nH]nc1-c1cc2nc3ccccc3c3c(c-2c1)C1C(=CC(Br)=C(OCc2ccc(Cl)cc2)C(Cl)=C3)C(c2ccc(Cl)cc2)C1c1ccc(Cl)cc1,中毒,29.69129,15.463598,0.181014069,5.00403912
Cc1n[nH]nc1-c1cc2c(c(-c3c(Cl)cccc3Cl)c1)C(Nc1ccc(Cl)c(Cl)c1)C1CN1CC1NC1C2,中毒,10.7664385,12.900058,0.22967401,5.004202872
Cc1n[nH]nc1-c1cc2c(c(-c3c(Cl)cccc3Cl)c1)C(c1ccc(Cl)cc1)N1C(=O)C1=CC(Cl)=CN1C(=O)C1C2=O,中毒,21.63174,65.41319,0.199058077,5.004817468
Cc1n[nH]nc1-c1cc2c(C(Nc3cc(Cl)cn(C4CC(O)(CO)C4)c3=O)c3ccc(Cl)cc3)c(-c3c(Cl)ccc(Cl)c3Cl)c1c1ccnc(Cl)c21,中毒,6.322703,9.388007,0.08883654,5.008810478
Cc1n[nH]nc1-c1cc2c(c(=O)n(C3CC(O)C(O)C3O)c1=O)C(c1ccc(Cl)cc1)N(c1cc(Cl)cn(C3CC(O)(CO)C3)c1=O)C2=O,中毒,8.614452,12.087409,0.162402274,5.010796147
Cc1n[nH]nc1-c1cc2c(c(-c3c(Cl)cccc3Cl)c1)C(c1ccc(Cl)cc1)N(c1cc(Cl)cn(C3CC(O)(CO)C3)c1=O)C1=CC2=C(O)C1=O,中毒,25.069427,13.503714,0.138342211,5.011379021
Cc1n[nH]nc1-c1cc2c(c(-c3c(Cl)cccc3Cl)c1)C1c3ccc(Cl)cc3S(=O)(=O)C3(C(=O)NO)C(=O)C(N)=C(O)C3CC1C2,中毒,51.50488,13.503714,0.110567351,5.011801273
Cc1n[nH]nc1-c1nc2c(c(-c3c(Cl)cccc3Cl)c1C(c1ccc(Cl)cc1)N(c1cc(Cl)cn(C3CC(O)(CO)C3)c1=O)C1CC(O)C(O)C1)C2,中毒,10.435232,16.230408,0.11750464,5.012858974
Cc1n[nH]nc1-c1cc2[nH]c(=O)c3c4ccc5c(=O)n(C6CC(O)C(O)C6)c6cc(F)cc(F)c6cc(c5n4)c3c(Cl)cc2c1=O,中毒,19.0824,8.503937,0.218320904,5.01396035
COC1CC(OC2=C(c3n[nH]nc3C)C=C3C(=O)C(S(=O)(=O)c4ccc(Cl)cc4)=C(c4ccc(OC(F)(F)F)cc4)C=C32)C(C)(CO)CC1O,中毒,32.17651,16.348,0.264615294,5.014246149
Cc1n[nH]nc1C1=CC2=C(OC3CCN(C(=O)NC4(c5ccc(Cl)cc5)CC4)C(Cl)C(O)C3O)C(C(N)=O)=CC2=C1,中毒,34.03886,19.143187,0.251383922,5.014565019
Cc1n[nH]nc1-c1cc(-c2c(Cl)cccc2Cl)c2c(c1)C(O)C(O)C2c1cc2cc(Cl)ccc2cc1OCC1CC(O)C(O)C(O)C1O,中毒,49.60065,38.191032,0.128791549,5.014997135
Cc1n[nH]nc1-c1cc2c(c(-c3c(Cl)cccc3Cl)c1)C(c1ccc(Cl)cc1)N1C(=O)CCc3c-2cc1c(=O)n(C)c3=O,中毒,7.315806,33.95102,0.244826097,5.016668626
Cc1n[nH]nc1C1=Cc2c3c(c(N)c(-n4c(=O)c(Cl)cn4Cc4ccc(Cl)cc4F)c2=C1F)=CC(OCC1CC1c1ccc(C(F)(F)F)cc1)=N3,中毒,12.141088,13.503714,0.147412797,5.016795605
Cc1n[nH]nc1-c1cc(-c2c(Cl)cccc2Cl)c2c(c1)C(C)COc1c(ccnc1Cl)C2C(NC(=O)C1CC1)C(O)(Cn1cncn1)c1ccc(F)cc1F,中毒,7.703933,27.276575,0.12583965,5.018269226
Cc1n[nH]nc1-c1cc2c(c(-c3c(Cl)cccc3Cl)c1)S(=O)(=O)C(c1ccc(Cl)cc1)N(c1cc(Cl)cn(C3CC(O)C(O)(CO)C3)c1=O)C2,中毒,6.0494337,10.425424,0.15896915,5.019759188
CON1c2cc(-c3n[nH]nc3C)c(c(-c3c(Cl)cccc3Cl)c2N2C(=O)C(Br)=C(c3ccc(Cl)cc3)C2c2ccc(Cl)cc2)C1c1ccc(Cl)cc1,中毒,28.345415,13.466203,0.173149028,5.020689302
Cc1n[nH]nc1-c1cc2c(c(-c3c(Cl)cncc3Cl)c1)C(c1ccc(Cl)cc1C(F)(F)F)N(c1cc(Cl)cn(C3C=C(O)C(O)(CO)C3)c1=O)C2,中毒,9.166516,9.912456,0.136688828,5.021280792
CCc1oc2cc1-c1cc(-c3n[nH]nc3C)cc(-c3c(Cl)cccc3Cl)c1C(c1ccc(Cl)cc1)N2c1cc(Cl)cn(C2CC(O)(CO)C2)c1=O,中毒,4.8492465,9.173887,0.14829788,5.021914706
Cc1n[nH]nc1C12CCC(C)(C(=O)O1)C2(C)C,中毒,15.871485,54.98093,0.752038631,5.023324438
Cc1n[nH]nc1-c1cc2c(C(Nc3cc(Cl)cn(C4CC(O)(CO)C4)c3=O)c3ccc(Cl)cc3)c(-c3c(Cl)cncc3Cl)c1c1cc(Cl)cc(Cl)c21,中毒,7.412331,11.132027,0.120266337,5.023649736
Cc1n[nH]nc1-c1cc2c(c(-c3c(Cl)cccc3Cl)c1)C(c1ccc(Cl)cc1)N1C(=O)Cc3c-2cc1c(=O)n(C)c3=O,中毒,21.391685,42.683334,0.263069379,5.024093762
Cc1n[nH]nc1-c1cc2c(c(-c3c(Cl)cccc3Cl)c1)C(c1ccc(Cl)cc1)Nc1c(c(Cl)cn(C3CC(O)(CO)C(O)C3O)c1=O)C2,中毒,6.3808517,13.765845,0.134330853,5.024562051
COc1c(OC2CC(O)C(F)(OF)C2)cc(N2Cc3cc(-c4n[nH]nc4C)cc(-c4c(Cl)cccc4Cl)c3C2c2ccc(Cl)cc2)c2c1CCC2=O,中毒,37.810665,14.775354,0.161037928,5.02533993
Cc1n[nH]nc1-c1cc2c(c(-c3c(Cl)cccc3Cl)c1)C(c1ccc(Cl)cc1)N1CCc3c-2cc1c(=O)n(C)c3=O,中毒,20.816189,42.683334,0.251643994,5.02546435
Cc1n[nH]nc1-c1cc2c(c(OC3CC(O)C(O)(CO)C3)c1)C(c1ccc(Cl)c(Cl)c1)N(c1cc(Cl)cn(C3CC(O)(CO)C3)c1=O)C(=O)C2,中毒,16.282593,33.378986,0.15592666,5.0263515
Cc1n[nH]nc1-c1cc2c(c(-c3c(Cl)cccc3Cl)c1)C(c1ccc(Cl)cc1)N1CCCc3c-2cc1c(=O)n(C)c3=O,中毒,6.816566,33.95102,0.236288373,5.026443121
Cc1n[nH]nc1-c1cc2c(c(-c3c(Cl)ncc(CN)c3OC3CCOCC3O)c1)C(c1ccc(Cl)cc1)N(c1cc(Cl)cn(C3CC(O)(CO)C3)c1=O)C2,中毒,7.4282966,13.503714,0.124903798,5.028502757
Cc1n[nH]nc1-c1cc2c(c(-c3c(Cl)cccc3Cl)c1)C(c1ccc(Cl)cc1)N1CN(C)C(=O)N(C)C(=O)c3ccc1cc3-2,中毒,6.854375,65.94933,0.214901149,5.030170361
Cc1n[nH]nc1-c1cc2c(c(-c3c(Cl)cccc3Cl)c1)C1c3ccc(c(c3)N(C)CC2)C(=O)N1c1cc(Cl)cc(Cl)c1,中毒,17.38497,10.417193,0.215361764,5.030372516
Cc1n[nH]nc1C1C(c2ccc(Cl)cc2Cl)=NN2C(=N)N(c3ccc(C#N)cc3)C(=O)C(Cl)=C3C(C(=O)C(C)(C)C)=C(O)C312,中毒,29.804464,13.503714,0.324098681,5.030495826
Cc1n[nH]nc1-c1cc2c(c(-c3c(Cl)cccc3Cl)c1)C(N)=C(C(N)=O)C(c1ccc(Cl)cc1)C1(C2)CC(C)(CO)NC1=O,中毒,67.58782,14.017104,0.200444267,5.030836769
Cc1n[nH]nc1-c1cc2c(c(-c3c(Cl)cccc3Cl)c1)C(c1ccc(Cl)cc1)N(c1ccc(Cl)cc1)C1CCCc3cc(C#N)c1cc3-2,中毒,19.92179,42.866707,0.198055448,5.031032173
Cc1n[nH]nc1OC1CC(Oc2cc(N3C(=O)c4scc(F)c4C3=O)c(F)c3nc(N)oc23)C(C)C1O,中毒,18.29347,12.10392,0.32470774,5.032481626
Cc1n[nH]nc1-c1cc2c(c(-c3c(Cl)cc(Cl)cc3Cl)c1)C(c1ccc(Cl)cc1)N(C1=C(Cl)N(C3CC(O)(CO)C(O)C3O)C1=O)C2,中毒,23.634348,13.348358,0.164851516,5.034177211
Cc1n[nH]nc1-c1cc2c(c(-c3c(Cl)cccc3Cl)c1)C(=O)c1c(c3ccc(F)cc3n(CC3CCC4(CC4CO)OC3)c1=O)C2,中毒,7.3878446,18.335516,0.218227145,5.036590321
Cc1n[nH]nc1-c1cc2c(c(-c3c(Cl)cccc3Cl)c1)C(c1ccc(Cl)cc1)N1C(=O)c3cc1cc(Cl)c-2ncn3C,中毒,56.921326,19.381754,0.215588568,5.037541199
Cc1n[nH]nc1-c1cc2c(c(-c3c(Cl)cccc3Cl)c1)C(c1ccc(Cl)cc1Cl)N1C(=O)C1=CC(Cl)=CN1C(=O)C1CC2,中毒,9.780467,21.679873,0.223295727,5.038144556
Cc1n[nH]nc1C1(c2ccc(=O)n(C3COC4(CCN(C5CCOCC5)CC4)N(C)C3)c2)CC(C)(C)N1,中毒,8.204376,27.708742,0.640765354,5.038567247
Cc1n[nH]nc1-c1cc(-c2c(Cl)cccc2Cl)c2c(c1)C1C3(CC(=O)N3)C(=O)N(c3ccc(Cl)cc3)C(c3ccc(Cl)cc3)C21C#N,中毒,28.192621,14.0600395,0.184795736,5.038642979
Cc1n[nH]nc1-c1cc2c(c(-c3c(Cl)cccc3Cl)c1)C1c3cc(c(cc3OCC3CC3)C2)-c2[nH]nc(C)c2N1c1ccc(Cl)cc1F,中毒,17.975866,18.962057,0.181056033,5.040123606
Cc1n[nH]nc1C1=CC12C(=O)N(c1cc(Cl)cn(C3CC(O)(CO)C3)c1=O)C(c1ccc(Cl)cc1)C2C,中毒,18.683338,13.503714,0.453971192,5.040516565
Cc1n[nH]nc1-c1cc2c(c(-c3c(Cl)cccc3Cl)c1)C1c3ccc-2c(c3)OCOCN1c1ccc(Cl)cc1,中毒,18.494425,90.252525,0.234378725,5.041035336
Cc1n[nH]nc1-c1c(C2CC2)c(Cl)c(=O)n(CC2(C)N=C(N)OC3(C(=O)NS(=O)(=O)C4CC4)C(=O)C23)c1Cl,中毒,60.856155,67.48475,0.311645405,5.041696407
Cc1n[nH]nc1-c1cc(-c2c(Cl)cccc2Cl)c2c(c1)-c1ncc(C(=O)O)c(=O)n1C=C(Cl)C=C1C(c3ccc(Cl)cc3)N1C2c1ccc(Cl)cc1,中毒,23.183197,20.543358,0.167142072,5.042510456
Cc1n[nH]nc1-c1cc2c(c(=O)n(C3CC(O)C(O)(CO)C3)c1=O)C(c1ccc(Cl)cc1)N(c1cc(Cl)cn(C3CC(O)(CO)C3)c1=O)C2=O,中毒,8.614452,12.087409,0.157567885,5.043865318
Cc1n[nH]nc1-c1cc2c(c(-c3c(Cl)cccc3Cl)c1)C1c3ccc-2c(c3)OCOC(=O)N1c1ccc(Cl)c(Cl)c1,中毒,11.9069605,90.252525,0.216696413,5.045951447
Cc1n[nH]nc1-c1cc(-c2c(Cl)cccc2Cl)c2c(c1)C(Cl)N(c1cc(Cl)cn(C3CC(O)(CO)C3O)c1=O)C2c1ccc(Cl)cc1Cl,中毒,26.553892,17.240566,0.102844774,5.047786282
Cc1n[nH]nc1-c1cc2c(c(-c3c(Cl)cccc3Cl)c1)C(c1ccc(Cl)cc1)N(C1=CC(Cl)=CN3C(=N1)P3(=O)OCC1(C(=O)O)CC1)C2,中毒,38.42248,37.824158,0.135535983,5.050145267
Cc1n[nH]nc1-c1cc(-c2c(Cl)cccc2Cl)c2c(c1)C1N(C2c2ccc(Cl)cc2)C(c2cccoc2=O)N(c2ccc(F)cc2)C(=O)C12COC2,中毒,42.75487,13.503714,0.187855263,5.050356546
Cc1n[nH]nc1-c1cc2c(c(-c3c(Cl)cccc3Cl)c1)C(c1ccc(Cl)cc1)N(c1cc(Cl)cn(C3CC4C(O)C(O)C(O)C43)c1=O)C2,中毒,6.3808517,8.960914,0.160825339,5.05104321
Cc1n[nH]nc1C1CC(c2ccc(Cl)cc2)C2=C(c3cnsc32)C(c2ccoc2)N(C(=O)c2ccnn2C)C1c1ccc(-c2ccccc2)[nH]1,中毒,40.245472,27.864527,0.180038757,5.05196727
Cc1n[nH]nc1-c1cc2c(c(-c3c(Cl)cccc3Cl)c1)C(c1ccc(Cl)cc1)Nc1cc(c3c(c1)OCCO3)N=C2,中毒,25.162186,32.712734,0.216465797,5.052396762
COC1Cc2cc(-c3n[nH]nc3C)cc(-c3c(Cl)cccc3Cl)c2C(c2ccc3c(c2)OCO3)N2CC2CC1N(C)C,中毒,22.869291,26.164486,0.273483264,5.053168691
Cc1n[nH]nc1-c1cc2c(c(-c3c(Cl)cccc3Cl)c1)C(c1ccc(Cl)cc1)N(C1=CC(=O)N(C3CC(O)(CO)C3)C3CC(O)(C1)C3)C2,中毒,44.71345,17.749989,0.188039253,5.053346552
Cc1n[nH]nc1-c1cc2c(c(-c3c(Cl)cccc3Cl)c1)C(c1ccc(Cl)cc1)N(S(=O)(=O)c1ccc(Cl)cc1)C1CCN(C)Cc3c-2cccc31,中毒,5.362301,56.988987,0.188615704,5.055828112
Cc1n[nH]nc1-c1cc2c(c(-c3c(Cl)cccc3Cl)c1)C(c1ccc(Cl)cc1)N1C(=O)C1=CC(Cl)=CN1C(=O)C1(C)C2,中毒,64.68499,18.326727,0.236733978,5.057287351
Cc1n[nH]nc1-c1cc2c(c(-c3c(Cl)cccc3Cl)c1)C(c1ccc(Cl)cc1)N(C1=CC3(O)C(C)C(O)C(O)C3C1)C(c1ccc(Cl)cc1)C2,中毒,21.655136,24.323685,0.143395322,5.057554768
Cc1n[nH]nc1-c1c(-c2ccc(Cl)cc2)csc1NC(=O)Nc1cnc(C(F)(F)F)c(C2(C)C3CS(=O)(=O)C=CC3(CO)S2(=O)=O)c1Cl,中毒,32.17651,13.503714,0.188409762,5.057649014
Cc1n[nH]nc1C1=Cc2cc(-c3cccc(Br)c3)c3cc2C(=O)C(N(C)c2cc(Cl)ccc2Oc2ccc(Cl)cc2)C13,中毒,28.361277,11.514658,0.197348476,5.059077556
Cc1n[nH]nc1-c1cc2c(c(-c3c(Cl)cncc3Cl)c1)CN(c1cc(Cl)cnc1OC1=CC=C3C=C(C1)N3CC1(COP(=O)(O)O)CC1)C2,低毒,45.389744,10.470791,0.140088987,5.059437337
Cc1n[nH]nc1-c1cc2c(c(-c3c(Cl)cccc3Cl)c1)C(c1ccc(Cl)cc1)N1C(C2)C2(C(N)=O)C(=O)C(c3cc(Cl)cnc3C(F)(F)F)CC12,中毒,13.203855,42.9646,0.173473348,5.059718674
Cc1n[nH]nc1-c1cc(-c2c(Cl)cccc2Cl)c2c(c1)C(F)C(c1ccc3c(c1)C1C(=O)N(N)C(=O)C1(C)N3C)NC2c1ccc(Cl)cc1,中毒,43.786263,14.604695,0.100858142,5.064283361
Cc1n[nH]nc1-c1cc(-c2c(Cl)cccc2Cl)c2c(c1)C1(c3ccc(Cl)cc3F)CC2(c2cccc(Cl)c2)C(N)=NC(N)=N1,中毒,11.415545,46.887657,0.181500191,5.068424753
Cc1n[nH]nc1-c1cc2c(c(-c3c(Cl)cccc3Cl)c1)C1(c3ccc(Cl)cc3)C(=O)N(C3CC(O)(CO)C3)C=C(Cl)C=C2N1C(N)=O,中毒,42.21418,17.028948,0.193975115,5.069445495
Cc1n[nH]nc1-c1cc2c(c(-c3c(Cl)cccc3Cl)c1)C(c1ccc(Cl)cc1)N(c1cc(Cl)cn(C34CC(C)C(C3)C4)c1=O)C2,中毒,10.563423,10.819605,0.201390082,5.069743072
Cc1n[nH]nc1-c1cc2c(c(-c3c(Cl)cccc3Cl)c1)C(c1cc3ccc(-c4nc(=O)o[nH]4)cc3n(C3CC(O)(CO)C(O)C3O)c1=O)C2,中毒,10.570866,8.382097,0.149095392,5.070489962
Cc1n[nH]nc1C1=CC2=C=C(c3cnc4ccc(-c5cncn(C6OC(CO)C(O)C6O)c5=O)cc4c3)C(Cl)=CC2=C1,中毒,7.098098,63.22553,0.259347549,5.072327741
Cc1n[nH]nc1C1=NC(c2cnc3c(-c4cc(C#N)c5c(F)cccc5c4)cnn3c2C2CC(O)C3(C)C(O)CCC23)=C1Cl,中毒,19.01687,23.800644,0.259263628,5.072379195
Cc1n[nH]nc1-c1cc2c(c(-c3c(Cl)cccc3Cl)c1)C(c1ccc(Cl)cc1)N(C1=CC(Cl)=CN3C(C4CC(=O)N(C)C4=O)C3(C)C1=O)C2,中毒,23.845274,15.574545,0.16965563,5.073585551
Cc1n[nH]nc1-c1cc2c(c(-c3c(Cl)cccc3Cl)c1)C(c1ccc(Cl)cc1)N(c1cc(OC3CC(O)(CO)C(O)C3O)c3nc(Br)[nH]c3c1)C2,中毒,11.18095,27.032936,0.102406728,5.074599254
Cc1n[nH]nc1-c1cc2c(c(-c3c(Cl)cccc3Cl)c1)C(=O)C(C(=O)O)=C1CC(c3ccc(Cl)cc3)C(=C1Cl)C(Cl)=C2Cl,中毒,23.931019,18.314566,0.207822127,5.075242705
Cc1n[nH]nc1-c1cc2c(c(-c3c(Cl)cccc3Cl)c1)C(c1ccc(Cl)cc1)NC(c1cccnc1)N(c1cc(Cl)cn(C3CC(O)C(O)C3O)c1=O)C2,中毒,6.4223576,11.08457,0.119409199,5.075956762
Cc1n[nH]nc1C1OC2C(C1C)C1(O)C(=O)N(c3ccc(Cl)c(Cl)c3)C(=O)N1C(c1ccc(Cl)cc1)C2(c1ccc(Cl)cc1)c1ccc(Cl)cc1F,中毒,17.227741,13.503714,0.171721832,5.077213504
Cc1n[nH]nc1-c1cc2c3c-2c(Cl)cc(Cl)cc1C(=O)N(c1cc(Cl)cn(C2CC(O)(CO)C2)c1=O)C3c1ccc(Cl)cc1,中毒,17.923113,9.440244,0.196980804,5.078186457
Cc1n[nH]nc1-c1cc2c(c(-c3c(Cl)cccc3Cl)c1)C(c1ccc(Cl)cc1)N(C1=CC(Cl)=CN3C(=N1)C31CC(O)(C3CC3)C1)C2,中毒,19.56798,16.63892,0.205187961,5.07830449
Cc1n[nH]nc1-c1cc2c(c(-c3c(Cl)cccc3Cl)c1)C(c1ccc(Cl)cc1)N1c3cc-2cc(n3)C(=O)NC(=O)C1c1ccc(C(F)(F)F)cc1,中毒,63.867527,14.0600395,0.17444456,5.078562902
Cc1n[nH]nc1-c1ccc2c(c1)C(c1ccc(Cl)cc1)N1C(=O)C(CC2)n2cc(Cl)cc1c2=O,中毒,61.85286,17.242203,0.432874956,5.078871223
Cc1n[nH]nc1C1Nc2c(OC3CCOC3)cc(CO)cc2C2(C(=O)N3CCC3)C(=O)C(C)(C)C(C=NOCc3ccccc3)C12,中毒,11.341123,13.503714,0.183884778,5.07951261
Cc1n[nH]nc1-c1cc2c(c(-c3c(Cl)cccc3Cl)c1)C(c1ccc(Cl)cc1)N1C3=C(CC1c1ccc(Cl)cc1)C(=O)NN=C2C(Cl)=C3,中毒,53.424816,11.049523,0.192750034,5.079857255
Cc1n[nH]nc1C1=C(Cc2cc(Cl)c(=O)n(C)c2)C2=C(c3cc(Cl)c4cc3CN(c3cc(Cl)cn(C)c3=O)C4c3ccc(Cl)cc3)CC2=C1,中毒,5.5059752,14.3937645,0.191316363,5.080010698
Cc1n[nH]nc1-c1cc2c(c(-c3c(Cl)cccc3Cl)c1)C(c1ccc(Cl)cc1P(=O)(O)O)N(c1cc(Cl)cn(C3CC(O)(CO)C3O)c1=O)C2,中毒,13.998675,14.297296,0.12065615,5.083262203
Cc1n[nH]nc1-c1cc2c(c(-c3c(Cl)cccc3Cl)c1)C(c1ccc(Cl)cc1)N(c1cnc(C#N)c(C34CC5CC(CC(C5)C3)C4)c1)C2,中毒,7.706766,54.790653,0.198400348,5.083408146
Cc1n[nH]nc1-c1cc2c(c(-c3c(Cl)cccc3Cl)c1)C(c1ccc(Cl)cc1)N(C1=CC(Cl)=CN3C(=N1)C31CC(O)(CO)C1)C2,中毒,10.999837,16.63892,0.192759372,5.083757234
Cc1n[nH]nc1-c1cc2c(c(-c3c(Cl)cccc3Cl)c1P(=O)(O)O)C(c1ccc(Cl)c(Cl)c1)N(c1cc(Cl)cn(C3CC(O)C(O)C3O)c1=O)C2,中毒,11.176486,10.425424,0.114352998,5.084509419
Cc1n[nH]nc1-c1cc2c(c(-c3c(Cl)cccc3Cl)c1)C(c1cn(C3CC(O)(CO)C(O)C3O)c3c(NC4CC4)c(Cl)c(Cl)cc3c1=O)C2,中毒,23.330585,9.063432,0.118175695,5.086315124
Cc1n[nH]nc1C1=NC2=C(C3(S(=O)(=O)c4ccc(F)cc4F)C(=O)c4c(F)cc(F)c(F)c43)C(O)C(O)(CC3CC3)CC2=C1,中毒,32.17651,13.503714,0.213755427,5.086354083
Cc1n[nH]nc1-c1cc(-c2c(Cl)cccc2Cl)c2c(c1)C1C3(CCN(Cc4ccccn4)C3)C(=O)N(c3ccc(Cl)cc3)C(c3cccnc3)C21C,中毒,18.641792,14.3937645,0.182870178,5.086830901
Cc1n[nH]nc1-c1cc2c(c(-c3c(Cl)cccc3Cl)c1)C(c1ccc(Cl)cc1)N(c1cc(Cl)cn(C3CC4(O)CC3C4)c1=O)N2,中毒,29.376951,10.425424,0.173073879,5.08755555
Cc1n[nH]nc1-c1cc2c(c(-c3c(Cl)cccc3Cl)c1)C1c3ccc-2c(c3)OCOC(=O)N1Cc1cccc(C#N)c1,中毒,12.629002,104.17691,0.228924338,5.08833683
Cc1n[nH]nc1C1=CC2=C(C(c3cc(Cl)cnc3Cl)=C2)C(c2ccc(Cl)cc2)N2C(=O)C(C)(C)C2=CC(Cl)=CN(C2CC(O)(CO)C2)C1=O,中毒,42.187492,19.657486,0.199670845,5.088371541
Cc1n[nH]nc1-c1cc2c(Cl)cc(Cl)c3c(c-2c1)c(=O)c(C(=O)O)cn3C1CC12CC(CO)C(F)(F)C2,中毒,18.161749,9.4437475,0.323025847,5.08871747
Cc1n[nH]nc1C1=CC12CC1=C(C(c3ccc(Cl)cc3)N(c3cc(Cl)cn(C4CC(O)(CO)C4)c3=O)C2=O)N(c2ccccc2F)C1=O,中毒,32.17651,13.503714,0.26768772,5.089959295
Cc1n[nH]nc1-c1cc2c(c(-c3c(Cl)cccc3Cl)c1)C1(C)CC(C#N)=C(N)OC3(c4ccc(F)cc4C(F)(F)F)CC3(C(N)=O)C1C2,中毒,35.920673,16.417507,0.192197929,5.09117053
Cc1n[nH]nc1-c1cc2c(c(-c3c(Cl)cccc3Cl)c1)C1c3ccc-2c(c3)OCOC(=O)N1c1cc(Cl)cc(Cl)c1,中毒,11.9069605,90.252525,0.216696413,5.095984583
Cc1n[nH]nc1-c1cc2c(c(-c3c(Cl)cccc3Cl)c1)C(c1ccc(Cl)cc1)N1c3cc(Cl)cn(c3=O)CC1NC2=O,中毒,16.220997,44.381382,0.224323931,5.096935269
Cc1n[nH]nc1-c1cc2c(c(-c3c(F)cccc3Cl)c1)C(c1ccc(Cl)cc1)N(C1=Cc3c(cnn3C3CC(O)C(O)(CO)C3)C1=O)C(N)=N2,中毒,49.60065,16.85873,0.160080928,5.098908442
Cc1n[nH]nc1-c1cc2c(c(-c3c(Cl)cccc3Cl)c1)C(c1ccc(Cl)cc1)N(C1=CC(Cl)=CN3C(C1)C3C1C(=O)C(=O)N(C)C1=O)C2,中毒,7.0636897,14.072692,0.103488386,5.101638806
Cc1n[nH]nc1-c1cc2c(c(-c3c(Cl)cccc3Cl)c1)C(c1cc(Cl)cc(Cl)c1)N1C3=CNC(=O)C(Cl)=CC(=O)CC(C)(C)C(=C31)C2,中毒,11.931554,26.361462,0.205626607,5.101748036
Cc1n[nH]nc1C1=CC2=C(C(OC3CC(N)=NO3)=C(Cl)C=C1F)C(c1ccc(Cl)cc1)N(c1cc(Cl)cn(C3CC(O)(CO)C3)c1=O)C2=O,中毒,51.50488,13.503714,0.272993607,5.102081624
Cc1n[nH]nc1-c1cc2c(c(-c3c(Cl)cccc3Cl)c1)C(c1ccc(Cl)cc1)C(c1ccc(Cl)cc1)N1C(=O)OC3(CCC(F)(F)C3)C1=N2,中毒,4.6110234,17.85456,0.19893138,5.10274147
Cc1n[nH]nc1C1=CC2=C(Cn3cnnc3)c3c(cc(S(C)(=O)=O)c(S(=O)(=O)C(C)C)c3F)C(=C1F)N=C2P(=O)(O)O,中毒,25.069427,34.541336,0.318426174,5.104928557
Cc1n[nH]nc1P(=O)(OCC1OC(n2ccc(N)nc2=O)C(F)(F)C1O)C(O)C(O)CO,中毒,28.761467,52.01651,0.21404264,5.107842392
Cc1n[nH]nc1-c1cc2c(c(-c3c(Cl)cccc3Cl)c1)C(c1ccc(Cl)cc1)N(C1=COC(c3ccc(Cl)c(F)c3)C3(CCOC3)C1)C2,中毒,34.822712,17.242403,0.195738376,5.108051148
Cc1n[nH]nc1-c1cc(-c2c(Cl)cccc2Cl)c2c(c1)C1C(C)n3cc(Cl)cc(c3=O)N1C2c1ccc(Cl)cc1,中毒,18.721136,17.334517,0.223070884,5.108134123
Cc1n[nH]nc1-c1cc2c(c(-c3c(Cl)cccc3Cl)c1)C(c1ccc(Cl)cc1)N1c3cc-2c(o3)C(=O)NC(=O)C1c1ccc(Cl)cc1,中毒,20.683975,10.680396,0.177774834,5.108201669
Cc1n[nH]nc1-c1cc2c(c(-c3c(Cl)ccnc3Cl)c1)C(c1ccc(Cl)cc1)N(C1=C(Cl)N(C3CC(O)(CO)C(O)C3O)C1=O)C2,中毒,23.634348,15.884826,0.146789324,5.108963952
Cc1n[nH]nc1-c1cc2c(c(-c3c(Cl)cccc3Cl)c1)C(c1ccc(Cl)cc1)N(c1cc(Cl)cn(P3(=O)OC(CO)C(O)C3O)c1=O)C2,中毒,15.763229,40.573658,0.143706828,5.109256081
Cc1n[nH]nc1-c1cc2c(c(-c3c(Cl)cccc3Cl)c1)C(c1ccc(Cl)cc1)N1c3cc-2c(s3)C(=O)OCC1c1ccc(Cl)cc1F,中毒,11.720107,21.900396,0.183526136,5.112289384
COc1cc(-c2nnn(C)n2)ccc1-n1c2c(ncc1=O)-c1cc(F)c(F)c(c1I)C(=O)c1cc(-c3n[nH]nc3C)cc-2c1,中毒,10.178991,29.343498,0.209491379,5.112810931
Cc1n[nH]nc1-c1cc2c(C(c3ccc(Cl)cc3)N(C)c3cc(Cl)cn(C4CC(O)(CO)C4)c3=O)c(-c3c(Cl)cccc3Cl)c1SCc1ccc(F)cc1-2,中毒,4.9827113,9.173887,0.14038496,5.112874746
Cc1n[nH]nc1-c1cc2c(c(-c3c(Cl)cccc3Cl)c1)C(c1ccc(Cl)cc1)N1c3cc(Cl)c[n+]([O-])c3OC3(CCC(O)(CO)CC3)CC1C2,中毒,41.769672,43.71739,0.125589455,5.113897779
Cc1n[nH]nc1C1=CC2=C=C(c3cc(Cl)cc(Cl)c3)C(c3ccc4c(c3)OCO4)C(C2)N1C,中毒,6.8144455,33.597023,0.495890869,5.114154318
Cc1n[nH]nc1-c1cc(-c2c(Cl)cccc2Cl)c2c(c1)C1(CO)C(=O)n3cc(Cl)cc(c3=O)N1C2c1ccc(Cl)cc1,中毒,26.863443,11.664629,0.227767592,5.114247694
Cc1n[nH]nc1-c1cc2c(c(-c3c(Cl)cccc3Cl)c1)C(c1ccc(Cl)cc1)N(c1ccc(Cl)cc1)C1OCOc3cc(Br)c1cc3-2,中毒,64.35514,67.4882,0.19364545,5.115382904
Cc1n[nH]nc1-c1cc2c(c(-c3c(Cl)cccc3Cl)c1)C1(C)CCC(O)C(C)(COc3ccc(-c4ccccc4)cc3)C(C1)N2,中毒,42.698963,31.432415,0.172700215,5.115884086
Cc1n[nH]nc1C1=CC2=C(C3CCOC3)N=C(c3cnc4c(c3)C(c3ccc(Cl)cc3)(C(F)(F)F)C(c3ccc(Cl)cc3F)N(C)C4)C(=O)C2=C1,中毒,36.575073,9.114193,0.211583643,5.11723251
Cc1n[nH]nc1-c1cc2c(c(-c3c(Cl)cccc3Cl)c1)C(c1ccc(Cl)cc1)C(c1ccc(Cl)cc1)N1C(=O)C1=CC1=C(C=N2)C(C)(C)CC1,中毒,12.859006,49.069138,0.186560614,5.117275466
Cc1n[nH]nc1-c1cc2c(c(N3CC4C#CC4C3)n1)C(c1ccc(Cl)c(Cl)c1)N(c1cc(Cl)cn(C3CC(O)(CO)C3)c1=O)C2=O,中毒,7.8529835,12.110745,0.258373683,5.117475432
Cc1n[nH]nc1C1=CC12C(=O)N(c1cc(Cl)cn(C3CC(O)(CO)C3)c1=O)C2c1cc(C)c(=O)n(C)c1,中毒,14.720647,9.173887,0.424385049,5.117948638
Cc1n[nH]nc1-c1c(C(c2cccnc2)N(C)C2CC(O)C(O)C(O)C2)c(-c2ccc(Cl)cc2)nc2cnc(OCC(C)(O)C(O)CO)c(Cl)c12,中毒,54.872334,31.04689,0.103947648,5.119059194
Cc1n[nH]nc1-c1cc2c(c(-c3c(Cl)cccc3Cl)c1)C(c1ccc3c(c1)OCCO3)N1CC(C)(C2)SC1=S,中毒,25.55649,51.09938,0.250246193,5.119265309
Cc1cc2c3cc1C(CN(Cc1ccc(Cl)cc1)C2)N(c1ccc(Cl)cc1)C(c1ccc(Cl)cc1)c1c-3cc(-c2n[nH]nc2C)cc1-c1c(Cl)cccc1Cl,中毒,10.840054,25.213175,0.181510334,5.119702629
Cc1n[nH]nc1C1=CC2=C=C(c3cn(-c4ccccc4)nc3Cl)C(c3ccc(Cl)cc3)N(c3cc(Cl)ccc3F)C3(CC(=O)NC3=O)C2=C1,中毒,7.494668,14.3937645,0.145682443,5.121286727
Cc1n[nH]nc1C1=CC2=C(C(c3c(Cl)cccc3Cl)=C2)C(c2ccc(Cl)cc2)N2C(=O)C2=CC(Cl)=CN(C2CC(O)(CO)C2)C1=O,中毒,39.401554,23.23047,0.276300435,5.122590515
Cc1n[nH]nc1-c1cc2c(c(-c3c(Cl)cccc3Cl)c1)-c1ccc(cc1)C(c1ccc(Cl)cc1)N(c1cc(Cl)cn(C3CC(O)(CO)C3)c1=O)C2=O,低毒,6.286871,9.62783,0.155701633,5.123798417
Cc1n[nH]nc1-c1cc2c(c(-c3c(Cl)cccc3Cl)c1)C(c1ccc(Cl)cc1)N(c1cc(Cl)cn(C34CC5CC(CC(C5)C3)C4)c1=O)C2,中毒,10.563423,10.819605,0.19663138,5.123821534
Cc1n[nH]nc1-c1cc2c(c(-c3c(Cl)cccc3Cl)c1)C(c1ccc(Cl)cc1)N1c3cc(Cl)cn(c3=O)OC1C2=O,中毒,15.225963,35.111286,0.237753413,5.124049424
Cc1n[nH]nc1C1=CC2=C(C(c3cc(Cl)ccc3Cl)=C2)C(c2ccc(Br)cc2)N2C(=O)C2=CC(Cl)=CN(C2CC(O)(CO)C2)C1=O,中毒,39.401554,23.23047,0.266713641,5.126352775
Cc1n[nH]nc1C12CC(C(=O)N1)c1cc(NS(=O)(=O)c3cccc(F)c3F)c(F)cc1-c1c(Cl)cnc(F)c1C2=O,中毒,42.75487,23.91169,0.235941405,5.126886918
Cc1n[nH]nc1C1=CC2=C(C3CC(c4c[nH]c5ccccc45)=NOC3c3cc(F)cc(F)c3)N(C3CCC(O)C(CO)C3)C(=O)C2=C1,中毒,49.60065,17.881674,0.23461801,5.127265969
Cc1n[nH]nc1-c1cc2c(c(-c3c(Cl)cccc3Cl)c1)C(c1ccc(Cl)cc1)=NOC1=CC(N(C)C)C2=C1C(Nc1ccc(Cl)cc1)c1ccc(Cl)cc1,中毒,17.475342,34.281696,0.160028658,5.127803955
Cc1n[nH]nc1-c1cc(-c2c(Cl)cccc2Cl)c2c(c1)C13CC1C(=O)N(c1cc(Cl)cc(Cl)c1)C(c1ccc(F)cc1)C23COc1ccc(Cl)cc1,中毒,16.83937,16.85873,0.17481785,5.129182157
Cc1n[nH]nc1C1=CC12N=NN(C(=O)c1ccc3[nH]c(SCC(C)(C)C)nc3c1)C2(Br)CBr,中毒,77.71754,9.729206,0.237373446,5.130479566
Cc1n[nH]nc1-c1cc2c(c(-c3c(Cl)cccc3Cl)c1)C(c1ccc(Cl)cc1)N1CC(C)(C)C(=O)N(C)c3cc1cnc3-2,中毒,49.523827,54.57896,0.216927989,5.131357119
Cc1n[nH]nc1C1=CC2=C(C3CC(O)(CO)C(O)C3O)C(C(=O)NC3(C#N)CCC3)=CC2=C1,中毒,11.18095,26.384779,0.353545207,5.133164517
Cc1n[nH]nc1C1=CC2=C(C3CC(Oc4ccc(F)c(C(F)(F)F)c4)C(N)C(O)C3CO)C(c3ncc(Cl)cn3)=CC2=C1,低毒,14.882899,33.08322,0.302004123,5.1333202
Cc1n[nH]nc1-c1cc2c(c(-c3c(Cl)cccc3Cl)c1)C1c3ccc-2c(c3)OCOCN1S(=O)(=O)c1ccccc1F,中毒,21.693016,19.227335,0.232202573,5.134220037
Cc1n[nH]nc1-c1cc2c(c(-c3c(Cl)cccc3Cl)c1)C(c1ccc(Cl)cc1)N1CCOCCc3oc1cc3-2,中毒,18.608679,32.87528,0.234346918,5.135155713
Cc1n[nH]nc1C1c2c(c(-c3c(Cl)cccc3Cl)c3c(Cl)ccc(Cl)c3c2O)C(N)=NC12CCC(C(C)(C)C)C2=O,中毒,31.276175,9.719373,0.208286819,5.135172213
Cc1n[nH]nc1C1(c2ccc(F)cc2F)C(=O)N(C2CC(O)(CO)C2)C=C(Cl)C=C2C(=O)N2C1c1ccc(Cl)cc1,中毒,51.206654,19.253868,0.384059504,5.135553201
COc1cc(N2C(=O)OCOc3cc4ccc3-c3cc(-c5n[nH]nc5C)cc(-c5c(Cl)cccc5Cl)c3C42)cc(OC)c1OC,中毒,11.9069605,50.287067,0.19908381,5.136980278
Cc1n[nH]nc1-c1cc(-c2c(Cl)cccc2Cl)c2c(c1)N(c1ccc(NC3CC4C=CC3C4)cc1C(N)=O)C2c1ccc(Cl)cc1,低毒,12.428508,20.14746,0.150406598,5.13753964
Cc1n[nH]nc1-c1cc2c(c(-c3c(Cl)cccc3Cl)c1)C(c1ccc(Cl)cc1)N1c3cc(Cl)cn(c3=O)C(=O)C1c1cc(Cl)c(Cl)cc1O2,中毒,32.733707,9.114193,0.192652025,5.139668953
Cc1n[nH]nc1C1=Cc2c(C3CCN(C(=O)c4cccs4)CC3)nc(-c3cnc(N)nc3)c(N3CC4CC3CN4C)c2C1=O,中毒,60.710033,16.680515,0.345624032,5.140992957
Cc1n[nH]nc1-c1cc(-c2c(Cl)cccc2Cl)c2c(c1)C(c1ccc(Cl)cc1)C1(c3ccoc3)CC2(c2ccccc2)C(=O)N1,中毒,17.094236,11.089385,0.195112825,5.141007728
Cc1n[nH]nc1-c1cc2c(c(-c3c(Cl)cccc3Cl)c1)C(c1ccc(Cl)cc1)N1C(=O)CC(C)(C)c3c-2cc1c(=O)n(C)c3=O,中毒,7.315806,33.95102,0.220147362,5.141630951
Cc1n[nH]nc1C1=c2c(c(=O)n(C3CC(O)C(COP(=O)(O)O)C(O)C3O)c3cc(I)ccc23)=C(F)C1=O,中毒,6.852722,11.220183,0.139055963,5.142587063
Cc1n[nH]nc1-c1cc2c(c(-c3c(Cl)cccc3Cl)c1)C(c1ccc(Cl)cc1)N1C3=CC(Cl)=Cn4c(ncc(C(=O)O)c4=O)C31CC2,中毒,29.142754,9.235777,0.183243417,5.142744636
Cc1n[nH]nc1-c1cc2c(c(-c3c(Cl)cccc3Cl)c1)C(c1ccc(Cl)cc1)N1CN(C)C(=O)N(C)C(=O)c3cnc1cc3-2,中毒,12.586559,36.039165,0.218810482,5.143799269
Cc1n[nH]nc1-c1cc2c(c(-c3c(Cl)cccc3Cl)c1)C(c1ccc(Cl)cc1)N(C1=CC(Cl)=CN3C(=C1)C3(C)C(=O)OC1(C(=O)O)CC1=O)C2,中毒,30.435692,24.146496,0.111654842,5.145268098
Cc1n[nH]nc1-c1cc2c(c(-c3c(Cl)cccc3Cl)c1)C(c1ccc(Cl)cc1)C(c1ccc(Cl)cc1)N1C3C2=CC(Cl)=C2OCOC2=CC31C(N)=O,中毒,46.08258,13.503714,0.172001604,5.146674948
CCC1C2c3cc(-c4n[nH]nc4C)cc(-c4c(Cl)cccc4Cl)c3C(c3ccc(Cl)cc3)N2c2cc(Cl)cn1c2=O,中毒,18.721136,17.334517,0.217370844,5.147077745
Cc1n[nH]nc1-c1cc2c(c(-c3c(F)cccc3Cl)c1)C(c1ccc(Cl)cc1)N1C3=CC(=C(Cl)C(Cl)=CC1(O)C2)C3=O,中毒,35.590164,14.882184,0.240935182,5.147427175
Cc1n[nH]nc1C1=CC2=C(C(c3c(Cl)cccc3Cl)=C2F)C(c2ccc(Cl)cc2)N2C(=O)C2=CC(Cl)=CN(C2CC(O)(CO)C2)C1=O,中毒,39.401554,23.23047,0.262348439,5.149842655
Cc1n[nH]nc1-c1cc2c(c(-c3c(Cl)cccc3Cl)c1)C(C(c1ccc(Cl)cc1)N(C)C)(N(C)c1ccc(Cl)cn1)c1ccc-2c(OCC(F)(F)F)c1,中毒,19.93605,18.988937,0.157103383,5.150388273
Cc1n[nH]nc1C1=CC2=C(c3nc(-c4ccc(S(C)(=O)=O)cc4)cs3)C(C3CC4CCC3C4)CC2=C1,中毒,6.3091993,41.753864,0.457913149,5.150590569
Cc1n[nH]nc1-c1cc2c(c(-c3c(Cl)cccc3Cl)c1)C(c1ccc(Cl)cc1)N1C(=O)C1=CC(Cl)=CN1C(=C2O)C1C(=O)O,中毒,19.172798,11.474207,0.195253876,5.151960577
Cc1n[nH]nc1C1=CC2C(c3ccc(Cl)cc3)N(c3ccc(Cl)cc3)C(=O)C3(C(=O)Nc4cc(Cl)cnc43)C2C1C,中毒,24.536518,14.3937645,0.262699416,5.152630989
Cc1n[nH]nc1C1=CC2=C(P(=O)(O)c3ccc(F)cc3F)N=C(c3cnc4c(n3)N(c3ccc(F)cn3)C(O)C(C)O4)C2=C1,中毒,35.52072,42.51744,0.281261096,5.152702805
Cc1n[nH]nc1C12CC(c3ccoc3)(c3cc(F)ccc31)N(c1cc(Cl)ccc1F)C2c1ccc(C#N)cc1,中毒,11.271053,17.081755,0.274550145,5.152791545
Cc1n[nH]nc1-c1cc2c(c(-c3c(Cl)cccc3Cl)c1)C(c1ccc(Cl)cc1)N1c3cc(Cl)cn(c3=O)C(C)C1C2=O,中毒,17.094236,16.057194,0.217188481,5.153861558
Cc1n[nH]nc1-c1cc2c(c(-c3c(Cl)cccc3Cl)c1)C(c1ccc(Cl)cc1)NP(=O)(NC1C(=O)OC(C)(C)C1N=[N+]=[N-])N2,中毒,18.132837,23.335651,0.053359099,5.158380583
Cc1n[nH]nc1-c1cc2c(c(-c3c(Cl)cccc3Cl)c1)C(c1ccc(Cl)cc1)N(C1=CC(Cl)=CN3C(=O)C(C(=O)O)=CSC3c3ccsc3C1=O)C2,中毒,28.521957,42.34145,0.168660493,5.158874717
Cc1n[nH]nc1C1=CC2=C(C3CC(n4cc(-c5scnc5-c5ccnc(F)c5)nn4)C(CO)OC3c3ccc(F)cc3F)C(c3ccc(F)cc3)=CC2=C1,中毒,17.227741,16.697477,0.120811436,5.159943996
Cc1n[nH]nc1C1OC2C(O)C(O)C(O)C12c1cc(-c2cc(Cl)c(OCc3cccc(I)c3)cn2)c2c(N)ncnc2c1F,中毒,12.479074,13.503714,0.161734321,5.161656108
Cc1n[nH]nc1C1Cc2c(C)n[nH]c(=O)c2C(c2cc(Cl)c(OC3CC4CN(C5COC5)CC4C3)cc2Cl)c2c(Cl)c(Cl)c(Cl)c(F)c21,中毒,25.465626,56.276196,0.1631319,5.162870796
Cc1n[nH]nc1C1C2C(=O)OCC2C2(c3ccc(Cl)cc3F)C(=O)N(Cc3ccc(F)c(F)c3)C(=O)C3(Cl)c4cc(C#N)ccc4N3C12,中毒,28.345415,13.503714,0.140599577,5.164683783
Cc1n[nH]nc1-c1cc2c(c(-c3c(Cl)cccc3Cl)c1)C(c1ccc(Cl)cc1)N(C1CC3C(C)C(O)C(COC4(C(=O)O)CC4)N31)C2,中毒,15.777675,15.950145,0.186252654,5.165730125
Cc1n[nH]nc1C1=CC2=C=C(c3cn(C(C)C)nc3C3=CC(F)OC=C3)C(F)=C(c3cnc4cnc(-c5nnco5)cc4c3)C2=C1,中毒,27.061068,12.338384,0.214475628,5.165733871
Cc1n[nH]nc1C1N=C(N)C2(COC(N)=N2)C2=C1C(c1ccc(Cl)cc1)NC(=O)C1=C2c2cccnc21,中毒,12.141088,17.881674,0.404078835,5.166960584
Cc1n[nH]nc1C1CC(C)C(=O)C(C)(c2ccc(-c3cncc(C#Cc4ccoc4)c3)c(F)c2)C1C(=O)N1CC(Oc2ccc(Cl)cc2)C(C)(C)C1,中毒,46.56941,43.46689,0.180454157,5.167880368
Cc1n[nH]nc1-c1cc2c(c(-c3c(Cl)cccc3Cl)c1)C(c1ccc(Cl)cc1)N1c3cc(Cl)cn(c3=O)C(C)C1N2,中毒,29.52702,17.760828,0.212008593,5.168296976
Cc1n[nH]nc1-c1cc(-c2c(Cl)cccc2Cl)c2c(c1)N(C1CCC(O)(CO)C1)C=C(Cl)C=C1C(=O)N1C2c1ccc(Cl)cc1,中毒,16.751171,18.620396,0.189604697,5.169015649
Cc1n[nH]nc1-c1cc2c(c(-c3c(Cl)cccc3Cl)c1)C(c1ccc(Cl)cc1)N1CCC(C)(C)c3c-2cc1c(=O)n(C)c3=O,中毒,6.816566,33.95102,0.217432161,5.172401382
Cc1cc(Cl)cc(Cl)c1Oc1c(-c2n[nH]nc2C)cc2c(c1-c1c(Cl)cccc1Cl)C(c1ccoc1)N(c1cc(Cl)cn(C3CC(O)(CO)C3O)c1=O)C2,中毒,15.763229,12.110745,0.118211225,5.17455461
Cc1n[nH]nc1-c1cc2c(c(-c3c(Cl)cccc3Cl)c1)C1(c3ccc(Cl)cc3)C(=O)C(=O)NC3(C2)C(=O)OC31,中毒,34.750565,12.22625,0.270650542,5.174561655
Cc1n[nH]nc1-c1cc2c(c(-c3c(Cl)cccc3Cl)c1)CN(C1(c3ccc(Cl)cc3)CC3CC31)CC1(CC2)NC(=O)NC1=O,中毒,5.4367704,27.318182,0.214895342,5.177552831
Cc1n[nH]nc1-c1cc(OC2CC(N)C(O)C2O)c2c(c1)C(Cl)N(c1cc(Cl)cn(C3CC(O)(CO)C3)c1=O)C2c1ccc(Cl)cc1,中毒,11.176486,22.464743,0.12335629,5.178284601
Cc1n[nH]nc1-c1c(Oc2ccc(Cl)cc2Cl)nc(N2C3CC(COc4cccc(NC(=O)Nc5ccc(-c6cnco6)cc5)c4)C2C3)nc1-c1cccc(Cl)c1,中毒,11.113567,18.39298,0.114768107,5.179920959
Cc1n[nH]nc1-c1cc2c(c(-c3c(Cl)cccc3Cl)c1)C(c1ccc(Cl)cc1)N1C(c3ccc(Cl)cc3)=NCc3c-2cc1c(=O)n(C)c3=O,中毒,30.541397,42.61618,0.196329141,5.181396358
Cc1n[nH]nc1-c1cc2c(c(-c3c(Cl)cccc3Cl)c1)C(c1ccc(Cl)cc1)N(c1cc(Cl)cn(C3CC(O)(CO)C3)c1=O)C1=NC(C2)C1=O,中毒,7.2327275,18.239529,0.174134554,5.181541772
COc1cc(N2C(=O)OCOc3cc4ccc3-c3cc(-c5n[nH]nc5C)cc(-c5c(Cl)cccc5Cl)c3C42)cc(Cl)c1Cl,中毒,11.9069605,50.287067,0.208040302,5.181629906
Cc1n[nH]nc1-c1cc2C3=C4SCN(C(c5ccc(Cl)cc5)C(c5ccc(Cl)cc5)c2c(-c2c(Cl)cccc2Cl)c1)C(=C3)CC4(C)C,中毒,51.124954,9.741929,0.173658678,5.181813705
Cc1n[nH]nc1-c1cc2cn(C3CC4CCC3C4)c(-c3cnc(N)c(Br)c3)c(-c3cc(Cl)cc(Cl)c3O)c(=O)c-2c1,中毒,4.857547,15.808661,0.184986791,5.182341732
Cc1n[nH]nc1-c1cc2c(c(-c3c(Cl)cccc3Cl)c1)C(c1ccc(Cl)cc1)N1C(=C(C#N)C(N)=C3N=CC(C#N)=C32)C1c1ccc(Cl)cc1,中毒,23.685003,10.978981,0.177144989,5.183571241
Cc1n[nH]nc1C1=CC2=C(C(c3c(Cl)cccc3Cl)=C2C#N)C(c2ccc(Cl)cc2)N2C(=O)C2=CC(Cl)=CN(C2CC(O)(CO)C2)C1=O,中毒,39.401554,25.317862,0.273311523,5.183863783
Cc1n[nH]nc1-c1cc(-c2c(Cl)cccc2Cl)c2c(c1)C(O)(O)CC1C(=O)N1C=C(Cl)C=C1C(=O)N1C2c1ccc(Cl)cc1,中毒,63.435417,23.025064,0.180403466,5.185471646
Cc1n[nH]nc1-c1cc2c(c(-c3c(Cl)cccc3Cl)c1)C(c1ccc(Cl)cc1)N1C3=CC(=C(Cl)C(Cl)=CC1c1ccc(C#N)cc1C2)C3=O,中毒,10.363541,19.131111,0.199008185,5.187775788
Cc1n[nH]nc1-c1cc2c(c(-c3c(Cl)cccc3Cl)c1)C(c1ccc(Cl)cc1)N1C3=CS(=O)(=O)CC(CC3)C1c1ccc(Cl)cc1-2,中毒,8.531962,18.43801,0.202007677,5.188406051
Cc1n[nH]nc1-c1cc(-c2c(Cl)cccc2Cl)c2c(c1)C(O)CC1C(=O)N1C=C(Cl)C=C1C(=O)N1C2c1ccc(Cl)cc1,中毒,130.47037,20.759409,0.233292468,5.189610388
Cc1n[nH]nc1-c1cc2c(c(-c3c(Cl)cccc3Cl)c1)C(c1ccc3c(c1)OCO3)N1C(=O)N(CC3(C(=O)O)CC3)C(C)(C2)C1=O,中毒,41.610493,23.570864,0.239885539,5.191091266
Cc1n[nH]nc1C1=CC2=CC(=O)C(c3c(Cl)cccc3Cl)=C2C(c2ccc(Cl)cc2)N2CC2=CC(Cl)=CN(C2CC(O)(CO)C2)C1=O,中毒,54.872334,17.751568,0.270994912,5.19263271
Cc1n[nH]nc1C1=Cc2cc3c(NC(=O)c4ccc(Cl)nc4)c(c2C(=O)N(c2cc(Cl)cn(C)c2=O)C3c2ccc(Cl)cc2)C(=O)C1(C)C,中毒,34.63742,34.541336,0.188035173,5.192803551
Cc1n[nH]nc1-c1cc(-c2c(Cl)cccc2Cl)c2c(c1)P(=O)(O)N(c1cc(Cl)cn(C3OC(CO)C(O)C(O)C3O)c1=O)C2c1ccc(Cl)cc1,中毒,36.83937,9.114193,0.131515747,5.192885009
COc1cc(N2COCOc3cc4ccc3-c3cc(-c5n[nH]nc5C)cc(-c5c(Cl)cccc5Cl)c3C42)cc(OC)c1OC,中毒,18.494425,50.287067,0.204202926,5.193280078
Cc1n[nH]nc1-c1cc2c(c(-c3c(Cl)cccc3Cl)c1)C(c1ccc(Cl)cc1)N(c1cc3c(cc1F)C(=O)C1=NC(OCC4(C)CC4)=NC=C3C1)C2,中毒,21.947083,21.731676,0.186390858,5.195176715
CC1=C2CN3C2=CC(Cl)=C(C(=O)NC1=O)c1cc(-c2n[nH]nc2C)cc(-c2c(Cl)cccc2Cl)c1C3c1ccc(Cl)cc1,中毒,33.747208,21.11209,0.222963146,5.196327489
Cc1n[nH]nc1-c1cc2c3c(-c4c(Cl)cccc4Cl)c(c(F)c(C(=O)N4CC(C)C(=O)C(N)C4)c-2c1F)CCC3(C)C,中毒,50.511524,75.89625,0.280768382,5.197872029
Cc1n[nH]nc1C1=CC2=C(C3CC(O)C4(C(=O)NS(=O)(=O)C5CC5)C=CC=C(c5ccc(Cl)c(Cl)c5)C4C3)C(F)=CC2=C1,中毒,14.882899,55.03113,0.380594784,5.197888859
CC(=O)N1C(c2ccc(Cl)cc2)C(c2ccc(C(F)(F)F)nc2)c2cc(-c3n[nH]nc3C)ccc2N2C(=O)C3(C)C(=O)N(C)C(=O)C213,中毒,40.752254,36.510887,0.192061162,5.199654184
Cc1n[nH]nc1-c1cnc2c(c1-c1cc(Cl)cc(Cl)c1)C(c1ccc(Cl)cc1)N(c1cc(Cl)cn(C34CC5CC(CC(C5)C3)C4)c1=O)C2=O,中毒,57.01388,14.0600395,0.194437866,5.199962798
Cc1n[nH]nc1-c1cc2c(c(-c3c(Cl)cccc3Cl)c1)C(c1cccc(Cl)c1)N1CCC(C)(C)c3c-2cc1c(=O)n(C)c3=O,中毒,6.816566,33.95102,0.217432161,5.200306448
Cc1n[nH]nc1C1(c2cc(-c3cc(Cl)c(Cl)cn3)c(F)cc2F)N(C(C)CO)C(=O)C(C)(F)C12CCOCC2,中毒,16.923288,13.503714,0.448894447,5.200867734
CNc1nc(Cl)nc2c1ncn2CN1Cc2cc(-c3n[nH]nc3C)cc(-c3c(Cl)cccc3Cl)c2C1c1ccc(Cl)cc1OC1CC(Cl)(Br)C(O)C1O,中毒,5.1641912,9.348104,0.087537272,5.202332764
Cc1n[nH]nc1C1N=C(N)OCC2(C)C=C(C(F)(F)F)C=C(C(=O)O)C=C3C1C32,中毒,13.511756,68.66689,0.687373871,5.202405862
Cc1n[nH]nc1C1=CC2=C3C(c4cnc(N)nc4)=NC(c4cncc(Cl)c4)=C(C(=O)C2=C1)C3CCNF,中毒,20.855045,10.282304,0.423974478,5.202699256
Cc1n[nH]nc1-c1cc(-c2c(Cl)cccc2Cl)c2c(c1)C(c1ccc(Cl)cc1)N(c1ccc(Cl)c(Cl)c1)c1cc(Cl)c3cc1C(c1ccc(Cl)cc1)C32,中毒,15.523818,11.765688,0.18788019,5.202954183
Cc1n[nH]nc1C1=CC2=C(F)C(=O)C(c3c(Cl)cccc3Cl)=C2C(c2ccc(Cl)cc2)N2C(=O)C2=CC(Cl)=CN(C2CC(O)(CO)C2)C1=O,中毒,66.25756,18.914715,0.273076181,5.20441072
Cc1n[nH]nc1C1=Cc2c1c(C1CC1)c1c(=O)n(C3CC(O)C(O)C3O)cc(-c3cc(O)c(OC(F)(F)F)cc3F)c1c(=O)c2C(C)(C)S,中毒,3.8786194,21.405272,0.112332713,5.204449648
Cc1n[nH]nc1-c1cc2c(c(-c3c(Cl)cccc3Cl)c1)C(c1ccc(Cl)cc1)N(C1=CC(Cl)=CN3C(=C1)C3CC1(O)C(O)C(O)C1O)C2,中毒,49.968945,11.2492695,0.151649285,5.206353677
Cc1n[nH]nc1-c1cc2c(c(-c3c(Cl)cccc3Cl)c1)C(c1ccc(Cl)cc1)N(C1=Cc3c(ccn3C3CC4(COC4)C3)C1=O)C(O)(CO)C2,中毒,18.082964,10.292379,0.166666186,5.209125355
Cc1n[nH]nc1-c1cc(-c2c(Cl)cccc2Cl)c2c(c1)C(C)N1CC(C)(C)Oc3c(Cl)cc(Cl)cc3C2C1c1ccc(Cl)cc1,中毒,44.38583,10.156895,0.20378187,5.209522573
Cc1n[nH]nc1-c1cc2c(c(-c3c(Cl)cccc3Cl)c1)C(c1ccc(Cl)cc1)N1c3cc(Cl)cn(c3=O)OC1(O)C2,中毒,36.02636,35.111286,0.238518519,5.209899159
Cc1n[nH]nc1C1=CC2=C(C3CC4CC(F)(F)C4(c4ccc(Cl)cc4)C(c4cccc(Cl)c4)=NO3)C(F)=C(c3cnc(N)c(O)c3F)C(=O)C2=C1,中毒,70.672455,9.114193,0.179439484,5.211165001
Cc1n[nH]nc1-c1cc2-c3cc4c(OC(F)F)cc3C(=O)NC4N(Cc3cc(Cl)cc(Cl)c3)C(c3ccc(Cl)cc3Cl)c2c(-c2c(Cl)cccc2Cl)c1,中毒,21.308632,52.316025,0.135856306,5.212249934
Cc1n[nH]nc1-c1cc2c(c(-c3c(Cl)cccc3Cl)c1)C(c1ccc(Cl)cc1)NP(=O)(OC1CC(O)(CO)C(O)C1O)N(C)C2,中毒,19.266087,17.773909,0.153516183,5.214527602
Cc1n[nH]nc1-c1cc2c(c(-c3c(Cl)cccc3Cl)c1)C(c1ccc(Cl)cc1)N(c1cc(Cl)cn(C3CC(O)(CO)C3)c1=O)C1=NC(C2)N1,中毒,5.2253237,13.447941,0.152326095,5.21582196
Cc1n[nH]nc1-c1cc2c(c(-c3c(Cl)cccc3Cl)c1)C(c1ccc(Cl)cc1)N(c1cc(Cl)cn(C3CC(O)(CO)C3)c1=O)C1=NC(C1)C2,中毒,9.907732,18.239529,0.165311519,5.216872044
Cc1n[nH]nc1-c1cc2c(c(-c3c(Cl)cccc3Cl)c1)C(c1ccc(Cl)cc1)N1C(=N2)C(C)(CO)n2cc(Cl)cc1c2=O,中毒,57.254925,15.303033,0.208668946,5.217960674
Cc1n[nH]nc1-c1cc2c(c(-c3c(Cl)cccc3Cl)c1)C1C(=O)C(C)(C)Cc3ccc1cc3N(C)C(=O)C2=O,中毒,29.470623,49.35998,0.295429485,5.219682488
Cc1n[nH]nc1-c1cc(-c2c(Cl)cccc2Cl)c2c(c1)C(O)CC1CN1C=C(Cl)C=C1C(=O)N1C2c1ccc(Cl)cc1,中毒,130.47037,28.10417,0.22812902,5.220608184
Cc1n[nH]nc1-c1cc2c(c(-c3c(Cl)cccc3Cl)c1)C(c1ccc(Cl)cc1)N(C1=CC(Cl)=CN3C(=N1)C3CC1(O)C(O)C(O)C1O)C2,中毒,10.999837,17.67476,0.163209792,5.221349575
Cc1n[nH]nc1-c1cc2c3nc(-c4cccc(F)c4)c4c(c-2c(=O)c1)CC(=CC=C(NC(=O)c1cc(OC(C)C)c(F)cc1F)C=C4)O3,中毒,42.86792,15.876626,0.2109418,5.222929945
Cc1n[nH]nc1C1=C2C(=O)NCC3=CC(=C1)C2=C(N1C(=O)N=C(Cc2ccccc2)C1=O)C(c1ccc(Cl)cc1)N3c1ccc(Cl)cc1,中毒,116.47806,44.491318,0.248034162,5.224752972
Cc1n[nH]nc1-c1cc2c(c(-c3c(Cl)cccc3Cl)c1)C(c1ccc(Cl)cc1)N1C(c3ccc(Cl)cc3)=NC(C2)N(C)C1c1ccc(Br)cc1,中毒,26.325443,25.93017,0.188587748,5.224777195
Cc1n[nH]nc1-c1cc2c(c(-c3c(Cl)cccc3Br)c1)C(c1ccc(Cl)cc1)N(c1ccc(Cl)c(C(=O)O)c1)C1COCc3cc(F)c1cc3-2,中毒,28.029587,22.190828,0.180712907,5.225080261
Cc1n[nH]nc1-c1cc2c(c(-c3c(Cl)cccc3Cl)c1)C(c1ccc(Cl)cc1)N1C(=O)C1=CC(Cl)=CN1C(=O)C1CC(O)(O)C2,中毒,40.648537,26.425636,0.176325707,5.229589621
Cc1n[nH]nc1-c1cc(-c2c(Cl)cccc2Cl)c2c(c1)C(C(=O)O)C1CN1C=C(Cl)C=C1C(=O)N1C2c1ccc(Cl)cc1,中毒,23.07964,24.146496,0.226757217,5.231156859
Cc1n[nH]nc1-c1cc2c(c(-c3c(Cl)cccc3Cl)c1)C(c1ccc(Cl)cc1)N(C1=CC(Cl)=CN(C3CC(O)(CO)C3)P1(=O)O)P(=O)(O)O2,中毒,10.671276,9.114193,0.121977218,5.23137872
Cc1n[nH]nc1C1=C(Cl)C2=C(Nc3ccc4[nH]c(=O)cnc4c3)C(c3ccc(Cl)cc3Cl)C3(C(=O)NC(=O)NC3=O)C3CC3C2=C1,中毒,13.894758,20.039022,0.193614889,5.233921794
Cc1ccc(Cl)cc1C1=c2c(c(C3CC(O)C(O)C(O)C3O)c(Cl)c3c2=NC(Nc2ccc(F)cn2)=N3)-c2cc(-c3n[nH]nc3C)cc(Cl)c21,中毒,11.221529,17.220755,0.154046708,5.236914754
Cc1n[nH]nc1-c1cc2c(c(-c3c(Cl)cccc3Cl)c1F)C(c1ccc(Cl)cc1)N(c1cc(Cl)cn(C34CC5CC(CC(C5)C3)C4)c1=O)C2,中毒,7.468751,9.91435,0.195225692,5.243760161
Cc1n[nH]nc1-c1cc2c(c(-c3c(Cl)cccc3Cl)c1)C(c1ccc(Cl)cc1)N(c1ccc(Cl)cc1)C1CCCc3cc1ccc3-2,中毒,10.320287,14.240168,0.201321039,5.244213845
Cc1n[nH]nc1-c1cc2c(C(c3ccc(Cl)cc3)N3C(=O)C(C)(CO)n4cc(Cl)cc3c4=O)c(-c3c(Cl)cccc3Cl)c1-2,中毒,37.149307,19.79431,0.200738544,5.244630578
Cc1n[nH]nc1-c1cc2c(c(-c3c(Cl)cccc3Cl)c1)C(c1ccc(Cl)cc1)N(c1ccc(Cl)c(Cl)c1F)C1c3cc1c-2cc3Cc1ccc(Cl)cc1,中毒,7.5645947,19.602343,0.170075639,5.246119914
Cc1n[nH]nc1-c1cc(-c2c(Cl)cccc2Cl)c2c(c1)C1(c3c(F)c(F)c(F)c(F)c3F)C=C(CC(C)(C)C1=O)N(C)C2c1ccc(Cl)cc1,中毒,4.6633053,74.221,0.113136049,5.249925732
Cc1n[nH]nc1C1=CC2=Cc3nc(NC4CCCNC4)ncc3-c3ccc(-c4cnc5[nH]c(=O)[nH]c5c4)nc3C(=C2)C(F)=C1,中毒,5.422092,19.503555,0.208146493,5.250079377
COc1cc2c3cc1N(C3=O)C(c1ccc(Cl)cc1)c1c(cc(-c3n[nH]nc3C)cc1-c1c(Cl)cccc1Cl)NC(=O)C2(C)C,中毒,8.537285,56.18675,0.202057177,5.251427164
Cc1n[nH]nc1-c1oc(-c2c(Cl)cccc2Cl)c(-c2ccnc(Nc3cc(CN4CCOCC4)nn3C)c2)c1C1=CCN(C(=O)C2CCC3(CCOC3)OC2)C1,中毒,9.670179,20.980875,0.167744901,5.251514271
Cc1n[nH]nc1-c1cc2c(c(-c3c(Cl)cccc3Cl)c1)C(c1ccc(Cl)cc1F)N1CCC(C)(C)c3c-2cc1c(=O)n(C)c3=O,中毒,5.935473,28.167553,0.212713771,5.25326972
COc1cc2c3cc1C(C(=O)N(C)C3)c1c(cc(-c3n[nH]nc3C)cc1-c1c(F)cccc1Cl)CN2c1cc(Cl)cc(Cl)c1,中毒,12.586559,20.14906,0.212239115,5.253733729
Cc1n[nH]nc1C1=CC2=C(O)C(=O)C(c3c(Cl)ccc(Cl)c3Cl)=C2C(c2ccc(Cl)cc2)N2C(=O)C2=CC(Cl)=CN(C2CC(O)(CO)C2)C1=O,中毒,29.443165,16.420591,0.175375225,5.254005774
Cc1n[nH]nc1C1=C=C2CC(N1C)C(c1cccc(Cl)c1)(c1ccc(Cl)cc1F)c1c2cc(-c2cncnc2)nc1-c1ccc(Cl)cc1,中毒,6.565807,15.859844,0.181970477,5.254481731
Cc1n[nH]nc1-c1cc(-c2c(Cl)cccc2Cl)c2c(c1)C(c1ccc(F)cc1)n1cc(C(=O)O)c(=O)c3cc(F)c(cc31)N(C)C2c1ccc(Cl)cc1,中毒,27.866562,19.311916,0.180796778,5.259741027
Cc1n[nH]nc1-c1cc2c(c(-c3cc(Cl)c4c(c3)C3(C(=O)NC(=O)N(C5CC5)C3c3ccccn3)C(N3CCOCC3)C4)c1)C(C)(C)CC2=O,中毒,46.64293,28.420565,0.287878062,5.260101468
Cc1n[nH]nc1-c1cn2c(=O)c(c1C)C2CC1CCC(=O)N(Cc2ccc(-c3cnon3)c(F)c2)C1,中毒,17.913788,41.026146,0.441287343,5.260559372
Cc1n[nH]nc1-c1cc2c(c(-c3c(Cl)cccc3Cl)c1)C(c1ccc(Cl)cc1)N1C3=C(Cl)C=C(C3=O)C(C(F)(F)F)=CC1(O)CC2,中毒,24.490946,38.432915,0.222822727,5.26117084
Cc1n[nH]nc1-c1cc(-c2c(Cl)cccc2Cl)c2c(c1)C1(Cl)N3N(C(c4ccc(Cl)cc4)C2c2ccc(Cl)cc2)C3(C(N)=O)C(Cl)(Cl)C1(C)Cl,中毒,51.445763,17.334517,0.10464648,5.262357764
Cc1n[nH]nc1-c1cc2c(c(-c3c(Cl)cccc3Cl)c1)C(c1ccc(Cl)cc1)N1c3cc-2c(c(=O)n(C)c3=O)C(=O)OC1(C)C,中毒,6.0363426,27.225185,0.208673721,5.263648797
Cc1n[nH]nc1-c1cc(NCc2ccc(Cl)cc2)c2cc1C(=O)N(c1cc(Cl)cn(C3CC(O)C(O)C3)c1=O)C(c1ccc(Cl)cc1)S2(=O)=O,中毒,39.33054,35.333744,0.162700507,5.263672441
Cc1n[nH]nc1-c1cc(-c2c(Cl)cccc2Cl)c2c(c1)C1C=CC(=C1)N(c1cc(Cl)cn(C3CC(O)(CO)C3)c1=O)C2c1ccc(Cl)cc1,中毒,22.081963,18.239529,0.161885553,5.264532709
Cc1n[nH]nc1C1=CC2=C(c3nc(-c4cc(F)c(F)cc4F)no3)C(c3ccc(Cl)cc3)N(c3ccn(C)n3)C3(CCC(O)C3)CC2=C1,中毒,78.130325,42.51744,0.198466291,5.265085486
Cc1n[nH]nc1-c1cc2c(c(-c3c(Cl)cccc3Cl)c1)C1C(=CC=CO2)C(=O)N(C2CC(O)(CO)C2)C=C(Cl)C=C2C(=O)N21,中毒,21.675558,13.943284,0.331934943,5.266078819
Cc1n[nH]nc1-c1cc2c(c(-c3c(Cl)cccc3Cl)c1)C(c1ccc(Cl)cc1)N1c3cc-2c(c(=O)n(C)c3=O)CC1C,中毒,20.816189,42.683334,0.236325903,5.266185207
Cc1n[nH]nc1-c1cc2c(C3CC(O)CO3)c(C#Cc3ccc(F)cc3F)c(C3CC(O)C(CO)(c4cc(F)c(F)cc4F)C3)c(F)c2cc1F,中毒,39.1544,16.691847,0.096888816,5.266707948
Cc1n[nH]nc1-c1cc2-c3ccc4cc3C(O)(C(C)(C)C)CC4N(c3ccc(Cl)cc3)C(c3ccc(Cl)cc3)c2c(-c2c(Cl)cccc2Cl)c1,中毒,35.198982,10.740558,0.163083023,5.267744957
Cc1n[nH]nc1C1(c2cc(NS(=O)(=O)F)cc(Cl)c2F)CC1C(=O)NC(C(=O)N1CC2(C)CC2CC1C#N)C(C)C,中毒,11.361939,34.019928,0.387444721,5.267918172
Cc1n[nH]nc1C1=Cc2c(C3=C4N(OCC4(C)C)C4CC(CO)OC4C3O)c(-c3c(Cl)cccc3Cl)c3c(N)ncnc3c21,中毒,34.43894,45.1847,0.223743495,5.269199672
Cc1n[nH]nc1-c1cc2c(c(-c3c(Cl)cccc3Cl)c1)C1(c3cc(Cl)ccc3OCc3cccnc3)C(=O)N(C)C(C#N)(C2)C1c1ccc(Cl)cc1,中毒,13.1119795,12.680216,0.173620866,5.271116689
Cc1n[nH]nc1-c1cc2c(c(-c3c(Cl)cccc3Cl)c1)C1c3ccc(c(c3)OC(c3ccccc3)N2)C(=O)N1c1ccc(Cl)cc1,中毒,8.537285,8.510356,0.196114815,5.272124776
Cc1n[nH]nc1-c1cc2c(c(-c3c(Cl)cccc3Cl)c1)C(c1ccc(Br)cc1)N(O)C1=CC(Cl)=C(CN1)S2,中毒,40.146126,15.024763,0.207794544,5.272330513
CCC(C)(C)C1=C2C=C(c3n[nH]nc3C)C(=O)c3c(N4CCOCC4)nn(C(C)c4ccc(Br)s4)c3OC(c3cccnc3)C(c3ccc(Cl)c(Cl)c3)=C21,中毒,48.535458,20.834515,0.164454939,5.272487451
Cc1n[nH]nc1-c1cc2c(c(-c3c(Cl)cccc3Cl)c1)C(c1ccc(Cl)cc1)N1C(=O)C(C)(C)C(C)(C)c3c-2cc1c(=O)n(C)c3=O,中毒,13.941111,28.167553,0.208142803,5.272706839
Cc1n[nH]nc1-c1cc(-c2c(Cl)cccc2Cl)c2c(c1)C(O)CC1C(=O)N1C=C(Cl)C=C1C(=O)N1C2c1ccc(Cl)cc1Cl,中毒,66.18881,20.759409,0.216159754,5.274039676
Cc1n[nH]nc1-c1cc2c(c(-c3c(Cl)cccc3Cl)c1)C1c3ccc-2c(c3)OCOC(=O)N1c1cc(Cl)cn(C)c1=O,中毒,5.587402,90.252525,0.229487019,5.28141143
Cc1n[nH]nc1-c1cc2c(c(-c3c(Cl)cccc3Cl)c1)C(c1ccc(Cl)cc1)Oc1cc(C(=O)NCc3ccsc3)c(F)c(c1)C(C#N)=C(N)O2,中毒,9.6581955,15.5483055,0.153976462,5.287019235
CC1=C2C(=C(c3ccc(F)cc3F)C(F)=C(Cl)c3nn4c(=O)c(S(=O)(=O)c5ccc(F)cc5F)nnc4c(c3=O)=C2F)C=C1c1n[nH]nc1C,中毒,28.345415,35.50809,0.211822669,5.287345695
Cc1n[nH]nc1-c1cc2c(c(-c3c(Cl)cccc3Cl)c1)C(c1ccc(Cl)cc1)N1CCC(C)c3c-2cc1c(=O)n(C)c3=O,中毒,6.816566,33.95102,0.222590373,5.289093272
Cc1n[nH]nc1-c1cc2c(c(-c3c(Cl)cccc3Cl)c1)C(N1CCC3NC(=O)NC3C(O)C(O)C(Oc3ccc(S(N)(=O)=O)cc3)C1)C2,中毒,14.051949,31.970877,0.174124247,5.291741021
Cc1n[nH]nc1-c1cc2c(c(-c3c(Cl)cccc3Cl)c1)C1c3c[nH]c-2ccccc3C(=O)N1c1cc(Cl)cn(C2CC(O)(CO)C2)c1=O,中毒,15.763229,8.519041,0.158818817,5.293861877
Cc1n[nH]nc1-c1cc2c(c(-c3c(Cl)cccc3Cl)c1)C(c1ccc(Cl)cc1)N1c3ccc(c-2c3)C(=O)NC(=O)C1c1ccc(Br)cc1,中毒,29.83701,10.680396,0.175024882,5.295261126
Cc1n[nH]nc1-c1cc2c(c(-c3c(Cl)cccc3Cl)c1C(N)=O)C(c1ccc(Cl)cc1)N(c1cc(Cl)cn(C34CC5CC(CC(C5)C3)C4)c1=O)C2,中毒,15.645428,10.777793,0.179389784,5.296682125
Cc1n[nH]nc1-c1cc2c(c(-c3c(Cl)cccc3Cl)c1)C(c1ccc(Cl)cc1)N1c3cc-2c(cc3Cl)CC1c1ccnc2cc(Cl)ccc12,中毒,8.99657,29.714045,0.195259923,5.297683047
CC1=NC(C)(C)N2c3cc(c1c(=O)n(C)c3=O)-c1cc(-c3n[nH]nc3C)cc(-c3c(Cl)cccc3Cl)c1C2c1ccc(Cl)cc1,中毒,20.816189,56.173843,0.215612188,5.297759074
Cc1n[nH]nc1-c1cc2c(c(-c3c(Cl)cccc3Cl)c1)C1c3ccc-2c(c3)OCOC(=O)N1c1cc(Cl)sc1Cl,中毒,10.704603,90.252525,0.215135466,5.298065283
Cc1n[nH]nc1-c1cc2c(c(-c3c(Cl)cccc3Cl)c1)C(c1ccc(Cl)cc1)N1C(=O)C(C2)n2cc(Cl)cc1c2=O,中毒,21.214363,18.648798,0.226382394,5.298091
Cc1n[nH]nc1-c1cc2c(c(-c3c(Cl)cccc3Cl)c1)C1c3ccc-2c(c3)OCOC(=O)N1c1cc(Cl)c(=O)n(C)c1,中毒,5.587402,90.252525,0.229487019,5.299549892
Cc1n[nH]nc1-c1cc2c(c(-c3c(Cl)cccc3Cl)c1)C(c1ccc(Cl)cc1)N1CC(CC2)n2cc(Cl)cc1c2=O,中毒,26.265089,16.057194,0.219653226,5.299635134
Cc1n[nH]nc1-c1cc2c(c(-c3c(Cl)cccc3Cl)c1)C(c1ccc(Cl)cc1)N1c3cc-2c(c(=O)n(C)c3=O)CCC1c1ccc(Cl)cc1,中毒,6.816566,16.057194,0.195800242,5.30006571
Cc1n[nH]nc1-c1cc2c3c(c1)OC(CC2)C(=O)N(c1cc(Cl)cn(C2CC(O)(CO)C2)c1=O)C3c1ccc(Cl)cc1,中毒,8.790556,16.339403,0.310337293,5.300355039
Cc1n[nH]nc1C1=C(F)C2=NC(=C(CCCCN3CCCN(C4CC4)C(C)C3)c3c(nc4c(F)cc(F)cc4c3O)S2(=O)=O)C=C1F,中毒,78.130325,11.958115,0.248541218,5.300703526
Cc1n[nH]nc1-c1cc2c(c(-c3c(Cl)cccc3Cl)c1)C(C(N)=O)=C(C1=CC(OCC3CC3c3cccc(Cl)c3)=C(OC3CC(O)C(O)C3O)C1=O)C2,中毒,34.252415,18.710245,0.136793544,5.301904003
CC(=O)OC(C)C1=C2CC1=CC(c1n[nH]nc1C)=Cc1c2cc2c(c1-c1ccc(Cl)cc1F)C(c1ccc(Cl)cc1)N(c1cc(Cl)cc(Cl)c1)C2,中毒,28.76165,15.094574,0.174665134,5.302181382
Cc1n[nH]nc1-c1cc2-c3cc4c(C#N)cc3C(c3ccc(Cl)cc3)NC4N(c3ccc(Cl)cc3)C(c3ccc(Cl)cc3)c2c(-c2c(Cl)cccc2Cl)c1,中毒,4.749449,28.77392,0.151880119,5.303185729
Cc1n[nH]nc1-c1cc2c(c(-c3c(Cl)cccc3Cl)c1)C(c1ccc(Cl)cc1)N(c1ccc(Cl)cc1)C1C[N+](C)(C)Cc3cc(Cl)c1cc3-2,中毒,7.0296226,21.28899,0.182747798,5.304800454
Cc1n[nH]nc1-c1cc2c(c(-c3c(Cl)cccc3Cl)c1)C(c1ccc(Cl)cc1)N1c3cc-2c(s3)C(=O)N(c2cc(Cl)cn(C)c2=O)C(=O)C1C,中毒,7.494668,36.510887,0.180034189,5.306074309
Cc1n[nH]nc1-c1cc2c(cc1-c1c(Cl)cccc1Cl)N=C(C(C)C)OC1CC(O)(C(O)CO)C(O)(C(=O)O)C(C(N)=O)=CC21,中毒,28.629448,42.399265,0.196153764,5.310196595
Cc1n[nH]nc1-c1cc2c(c(-c3c(Cl)cccc3Cl)c1)C(c1ccc(Cl)cc1)N(c1cc(Cl)cn(C34CC(N)(F)C(O)(C3)C4)c1=O)C2,中毒,58.6958,14.297296,0.16215116,5.310657483
Cc1n[nH]nc1-c1cc2c(c(-c3c(Cl)cccc3Cl)c1)C(c1ccc(Cl)cc1)N1C(=O)C(CC2)n2cc(Cl)cc1c2=O,中毒,21.214363,16.057194,0.218594546,5.31159362
Cc1n[nH]nc1-c1cc2c(c(-c3c(Cl)cccc3Cl)c1)C1c3ccc(c(c3)CCC2)C(=O)N1c1cc(Cl)cn(C(C)(C)C)c1=O,中毒,7.9154005,16.13785,0.21056964,5.312058626
Cc1n[nH]nc1-c1cc2c3c-2c(-c2cc(Cl)cc(Cl)c2)ncnc1C(=O)N(c1cc(Cl)cn(C2CC(O)(CO)C2)c1=O)C3c1ccc(Cl)cc1,中毒,32.2444,15.303033,0.166143429,5.312755078
Cc1n[nH]nc1-c1cc(-c2c(Cl)cccc2Cl)c2C3c4cc(c(N(c5cc(Cl)cc(Cl)c5)C(c5ccc(Cl)cc5)c2c1)cn4)NC3c1ccc(Cl)cc1,中毒,30.061138,17.085892,0.151880882,5.312956658
Cc1n[nH]nc1-c1cc2c(c(-c3c(Cl)cccc3Cl)c1)C(c1ccc(Cl)cc1)N(C1=CC(Cl)=CN3C(=O)C(OC4CC(O)(CO)C(O)C4O)=C13)C2,中毒,28.186447,20.43348,0.162222751,5.313288132
COc1cc2c3cc1N(C3)C(c1ccc(Cl)cc1)c1c(-c3c(Cl)cccc3Cl)cc(-c3n[nH]nc3C)cc1C(C)(C)C2=O,中毒,55.585773,73.345665,0.214838958,5.313613904
Cc1cc(Cl)ccc1C1c2cc(-c3n[nH]nc3C)cc(-c3c(Cl)cccc3Cl)c2C(c2ccc(Cl)cc2)N1C1=COC2(C1)CC(F)(F)N(C)C2=O,中毒,18.153694,13.145015,0.180388433,5.31453273
Cc1n[nH]nc1-c1cc2c(c(-c3c(Cl)cccc3Cl)c1)C1C(=CC=C(Cl)C=C2)C(=O)N(C2CC(O)(CO)C2)C=C(Cl)C=C2C(=O)N21,中毒,21.735691,15.733679,0.271406862,5.314594481
Cc1n[nH]nc1-c1cc2c(c(-c3c(Cl)cccc3Cl)c1)C(c1ccc(Cl)cc1)N(c1cc(Cl)cn(C34CC(O)(CO)C(O)(C3)C4)c1=O)C2,中毒,6.3808517,8.960914,0.15395009,5.314881062
CC1=C(C(N)=O)C(=O)C2C(C)(C)C(=O)CCC3(C)c4c(-c5c(Cl)cccc5Cl)cc(-c5n[nH]nc5C)cc4C3C(=O)C12O,中毒,13.917672,15.002456,0.354967019,5.317541187
Cc1n[nH]nc1-c1cc(C2CC(O)C(COP(=O)(O)OP(=O)(O)OP(=O)(O)O)C(O)C2O)c(O)c2c(=O)cc(-c3ccc(F)cc3)oc2c1=O,中毒,10.313055,12.110745,0.102676177,5.317793371
Cc1n[nH]nc1-c1cc(-c2c(Cl)cccc2Cl)c2c(c1)C(C)(C)C(=O)c1cc(F)c3cc1CN3C2c1ccc(Cl)cc1,中毒,25.724848,44.633854,0.21932822,5.317967323
Cc1n[nH]nc1-c1cc2c(c(-c3c(Cl)cccc3Cl)c1)C(c1ccc(Cl)cc1)N(c1cc(Cl)c[n+]([O-])c1OC13CC4CC(CC(C4)C1)C3)C2,中毒,33.412785,32.312305,0.138865918,5.319286687
Cc1n[nH]nc1N1C(=O)C2(CC(=O)N(Cc3cc(N(C)CCOC(C)C)cc(C(=O)N(C)C)c3Oc3ccccc3F)C2c2ccc(Cl)cc2)C(C)C1O,中毒,25.069427,13.888707,0.185269884,5.319721971
Cc1cccc(Cl)c1-c1cc(-c2n[nH]nc2C)cc2c1C(c1ccc(Cl)cc1)N1C(=O)C(CC2)n2cc(Cl)cc1c2=O,中毒,21.214363,16.057194,0.227529009,5.319901312
Cc1n[nH]nc1C1=CC2=C(C(c3c(Cl)cccc3Cl)=C2)C(c2ccc(Cl)cc2)N2C(=O)C(C(C)(C)C)C2=CC(Cl)=CN(C2CC(O)(CO)C2)C1=O,中毒,20.643171,20.986519,0.228161251,5.320543814
Cc1n[nH]nc1-c1cc2c(c(-c3c(Cl)cccc3Cl)c1)C(c1ccc(Cl)cc1)N1c3cc(Cl)cn(c3=O)C(O)C1c1ccc(OCC3CC3)cc1-2,中毒,40.01299,11.664629,0.17575802,5.324362329
Cc1n[nH]nc1-c1cc2c(c(-c3c(Cl)cccc3Cl)c1)C(c1ccc(Cl)cc1)N1C(=O)Cc3cc1cc(Cl)c-2nc(N1CCOCC1)o3,中毒,38.18548,19.330627,0.198447867,5.325184319
Cc1n[nH]nc1-c1cc2c(c(-c3c(F)cccc3Cl)c1)C(c1ccc(Cl)cc1)N1C(=O)C(CC2)n2cc(Cl)cc1c2=O,中毒,15.523818,14.3937645,0.228939725,5.326457873
Cc1n[nH]nc1-c1cc2c(c(-c3c(Cl)cccc3Cl)c1)C(C(F)(F)F)c1ccc(Cl)cc1C(C(F)(F)F)NP(=O)(OCC1CC1)O2,中毒,20.474886,12.680216,0.157325447,5.327309707
Cc1n[nH]nc1C1=Cc2sc3nc(NCc4csc(C5(O)CCOC(C)(C)C5)c4)ncc3c2N=C(N2CC(O)C(O)C2)N=C1c1cc(Cl)ccc1OCF,中毒,8.584615,28.12066,0.131814002,5.327686602
Cc1n[nH]nc1-c1cc2c(c(-c3c(Cl)cccc3Cl)c1)C(c1ccc(Cl)cc1)N1C(=O)C1=CC(Cl)=CN1C(=O)C1CC(O)(CO)C2,中毒,17.838322,18.296808,0.219154022,5.328643681
Cc1n[nH]nc1-c1cnc2c(c1)N(Cc1ccc(C#N)c(Cl)c1)C(c1ccc(Cl)cc1)C1(C(=O)O)CCN(C(=O)c3cnc4c(c3)OCO4)CC2C1,中毒,32.17651,11.513729,0.199678452,5.329477266
CC1=CC=C2C3=NC(=C1)C2N(c1ccc(Cl)cc1)C(c1ccc(Cl)cc1)c1c3cc(-c2n[nH]nc2C)cc1-c1c(Cl)cccc1Cl,中毒,13.654074,12.269447,0.205473366,5.330443835
Cc1n[nH]nc1-c1cc2c(c(-c3c(Cl)cccc3Cl)c1)C(c1ccsc1)N(C1=CC(Cl)=CN3C(=N1)C3C1(C)CC(O)C(O)C(O)C1)C2,中毒,9.003121,16.63892,0.172036621,5.332756009
COc1cc2c3cc1N(C(=O)C(N)=C(C(C)=O)C3)C(c1ccc(Cl)cc1)c1c(-c3c(Cl)cccc3Cl)cc(-c3n[nH]nc3C)cc1C2(C)C,中毒,71.48248,35.300415,0.188884962,5.334600564
Cc1n[nH]nc1C1=CC2=CC(c3cc(S(=O)(=O)c4cccc(F)c4F)cnc3N3CCC(O)C3)C=C(C1=O)N(C1CC1)C2,中毒,78.262115,12.245858,0.434143038,5.335011171
Cc1n[nH]nc1-c1cc2c(c(-c3c(Cl)cccc3Cl)c1)C(c1ccc(Cl)cc1)C(c1ccc(Cl)cc1)N1CCc3c-2cc1c(=O)n(C)c3=O,中毒,20.816189,58.95994,0.196097194,5.335195096
Cc1n[nH]nc1-c1cc2c(c(-c3c(Cl)cccc3Cl)c1)C(c1ccc(Cl)cc1)N1C(=O)c3c(Cl)ccc1c3CC(=O)N2,中毒,4.255062,25.948162,0.208798179,5.335760025
Cc1n[nH]nc1-c1cc2c3cc(NC(=O)c4cc(-c5ccc(Cl)cn5)c(Cl)cn4)cn(C)c1C=C(Cl)C32,中毒,29.919662,14.7347555,0.310562495,5.335909686
Cc1n[nH]nc1C1=CC(F)=C2C(=O)C(C(=O)O)=C(O)C(c3ccc4c(c3)OCCN3CC(=CC=C(c5ccc(F)c(F)c5)C=N4)C3)=C12,中毒,11.341123,16.74218,0.324127967,5.336415689
Cc1n[nH]nc1-c1cc2-c3cc4c(C(C)(C)C#N)cc3N(C#N)CC4N(c3ccc(Cl)cc3)C(c3ccc(Cl)cc3)c2c(-c2c(Cl)cccc2Cl)c1,中毒,14.83965,25.588198,0.147428906,5.33641646
Cc1n[nH]nc1-c1cc(-c2c(Cl)cccc2Cl)c2c(c1)C1C2c2ccc(Cl)cc2N2CC1(C)C(=O)N(C)C2=N,中毒,49.51154,36.510887,0.272098401,5.339128547
Cc1n[nH]nc1-c1cc2c3c(N)sc4c3c(-c3c(Cl)cccc3Cl)c-2c(=O)c2nnc(C)n2c1N(Cc1ccc(F)c(F)c1)C4=O,中毒,22.081749,14.804141,0.209462396,5.339759244
Cc1cc2c3cc1C(C2c1ccc(Cl)cc1Cl)N(c1ccc(Cl)cc1)C(c1ccc(Cl)cc1)c1c-3cc(-c2n[nH]nc2C)cc1-c1c(Cl)cccc1Cl,中毒,29.828526,11.521142,0.188270066,5.340409922
Cc1n[nH]nc1-c1cc2c(c(-c3c(Cl)cccc3Cl)c1)C(c1cccc(Cl)c1)N1C(=O)C(CC2)n2cc(Cl)cc1c2=O,中毒,21.214363,16.057194,0.218594546,5.340436671
Cc1n[nH]nc1-c1cc2c(c(-c3c(Cl)cccc3Cl)c1)C(c1ccc(Cl)cc1)N(c1cc(Cl)cn(C34CC(O)(CO)CC(O)(C3)C4)c1=O)C2,中毒,9.036046,9.912456,0.146844423,5.340587934
Cc1n[nH]nc1-c1cc2c(c(-c3c(Cl)cccc3Cl)c1)C(c1ccc(Cl)cc1)N1C(=C1C(N)=O)C=CN(C1CC3(CCN(C)C3)C1)CC2,中毒,37.027367,15.6214485,0.226047175,5.341384923
Cc1n[nH]nc1-c1cc2c(c(-c3c(Cl)cccc3Cl)c1)C1C3=CC=c4c(cnn4Cc4ccccc4)=CC(=C32)C(=O)C(O)=C1C(C)C,中毒,46.08258,14.997799,0.210135754,5.34158596
COc1cc2cc3c1C(=O)OCCN2C(c1ccc(Cl)cc1)c1c-3cc(-c2n[nH]nc2C)cc1-c1c(Cl)cccc1Cl,中毒,48.159336,34.310543,0.205032091,5.342089473
Cc1n[nH]nc1-c1cc2c(c(-c3c(Cl)cccc3Cl)c1)C(c1ccc(Cl)cc1)N1CCc3ssc(=O)c3C(=O)c3cnc1cc3-2,中毒,11.149173,53.05784,0.187267665,5.342136737
Cc1n[nH]nc1-c1cc2c(c(-c3c(Cl)cccc3Cl)c1)C1CCN(c3cc(Cl)c(Cl)cn3)Cc3c-2nc1[nH]c3=O,中毒,18.244827,24.264969,0.226558161,5.342749494
Cc1n[nH]nc1-c1cc2c(c(-c3c(Cl)cccc3Cl)c1)C(c1ccc(Br)cc1)N1C(=O)C(CC2)n2cc(Cl)cc1c2=O,中毒,21.214363,16.057194,0.209599182,5.342803316
Cc1n[nH]nc1-c1cc2c(c(-c3c(Cl)cccc3Cl)c1)C(c1ccc(Cl)cc1)N1CCNC(=O)c3cnc1cc3-2,中毒,17.770527,14.531545,0.234666862,5.34518327
Cc1n[nH]nc1-c1cc(-c2c(Cl)cccc2Cl)c2c(c1)-c1c(ccnc1NCCNC1CC1)C1N=CC(Cl)=C3C=C(C3=O)N1C2c1ccc(Cl)cc1,中毒,16.651031,21.542309,0.135208774,5.346792655
Cc1n[nH]nc1C1=CC23CCC2=C(c2c(Cl)cccc2Cl)C(Cl)=C1C(=O)N3Cc1ccc(C=CC#N)c(Cl)c1,中毒,5.4861736,18.865612,0.309335935,5.354535222
Cc1n[nH]nc1-c1cc(-c2c(Cl)cccc2Cl)c2c(c1F)C1=NC(=O)NC(=O)C3=C(C=C1Cl)N(C3)C2c1ccc(Cl)cc1,中毒,35.708603,15.859844,0.240158133,5.356778093
Cc1n[nH]nc1-c1cc2c(c(-c3c(Cl)cccc3Cl)c1C)C1=C3C=C(OC(CO)Cc4ccc(Cl)cc4)C(Cl)=CCC(C3=O)C1CC2,中毒,24.620459,15.5483055,0.200086341,5.357134499
Cc1n[nH]nc1-c1cc2c(c(-c3c(Cl)cccc3Cl)c1)C(c1ccc(Cl)cc1)N(c1ccc(Cl)cc1)C1C3=CC(Cl)=CC=C1C2=N3,中毒,14.497656,12.269447,0.202939545,5.357320059
Cc1n[nH]nc1-c1cc2c(c(-c3c(Cl)cccc3Cl)c1)C(c1ccc(Cl)cc1)N(c1ccc(Cl)cc1)C1C3=CC(Cl)=CC(Cl)=C1N=C32,中毒,8.518059,11.148833,0.1999001,5.358576727
Cc1n[nH]nc1-c1cc2c(c(-c3c(Cl)cccc3Cl)c1)C1c3ccc-2c(c3O)Nc2ccc(Cl)cc2-c2cncc(Cl)c21,中毒,21.22881,18.684507,0.163353184,5.360540179
Cc1nn(C(C)C)cc1C1C2=C1C(c1c(Cl)cccc1Cl)=C1CN(C3=CCOCC3)C(c3ccc(Cl)cc3)C1=NC(=O)C(c1n[nH]nc1C)=C2,中毒,29.52702,62.154594,0.214178673,5.362079361
Cc1n[nH]nc1C1=CC2=C(C(Nc3cc(Cl)cn(C4CC(O)(CO)C4)c3=O)c3ccc(Cl)cc3)C(c3c(Cl)cccc3Cl)=c3c(N)ncnc3=C1OC2,中毒,32.17651,13.503714,0.145318892,5.364882894
Cc1n[nH]nc1-c1cc2c(c(-c3c(Cl)cccc3Cl)c1)C(c1ccc(Cl)cc1)N(Cc1cc(Cl)cs1)C1OCOc3cc(F)c1cc3-2,中毒,73.53516,55.594975,0.191815958,5.366223929
Cc1n[nH]nc1-c1cc2c(c(-c3c(Cl)cccc3Cl)c1)C1c3ccc-2cc(Cl)ccc(c3)C(=O)N1c1cc(Cl)cn(C2CC(O)(CO)C2)c1=O,中毒,6.339412,9.62783,0.166916335,5.366427944
Cc1n[nH]nc1[S+]([O-])CC(=O)N(c1cccc(Cl)c1)C(C(=O)NC1C=CCN(S(C)(=O)=O)C1)C1(C)CCS(=O)(=O)C1,中毒,29.436901,47.642063,0.287591133,5.366856221
Cc1n[nH]nc1-c1cc2c(c(-c3c(Cl)cccc3Cl)c1)C1(C)CC(NC(=O)c3cccnc3-n3ccc(C(F)(F)F)c3)C(C=C2)C1(C)C,中毒,36.463364,19.491573,0.192584897,5.368815868
Cc1n[nH]nc1-c1cc2c(c(-c3c(Cl)cccc3Cl)c1)C(c1ccc(Cl)cc1)N1CN(C(C)C)C=C(C(=O)O)C(=O)c3cc(F)c1cc3-2,低毒,5.70992,18.63779,0.1763952,5.369336553
Cc1n[nH]nc1-c1csc(C2=C(NC3CC4CC4(c4ccc(Cl)c(C=O)c4F)C(O)C4CC34)c3c(N)ncnc32)c1,中毒,31.855553,18.55682,0.242922452,5.370113118
CC(=O)OC1N=C(N2C=CC(Cl)=CC=C3C4=C(C(=O)C(c5n[nH]nc5C)=C4CC#N)C(c4ccc(Cl)c(Cl)c4)C32)C(=O)N1c1cc(Cl)cnc1Cl,中毒,35.920673,13.503714,0.21255227,5.371986898
Cc1n[nH]nc1-c1cc(-c2c(Cl)cccc2Cl)c2c(c1)C(O)CC1C(O)N1C=C(Cl)C=C1C(=O)N1C2c1ccc(Cl)cc1,中毒,63.435417,28.10417,0.21137769,5.372311664
Cc1n[nH]nc1-c1cc2c3c-2c(=O)c(C(=O)O)cn(C2CC2)c1C(=O)N(c1cc(Cl)cn(C2CC(O)(CO)C2)c1=O)C3c1ccc(Cl)cc1,中毒,32.17651,12.110745,0.191422684,5.374945586
Cc1n[nH]nc1-c1cc(-c2c(Cl)cccc2Cl)c2c(c1)N1C(=O)C(=NC3CC(C)(C)CC31)N(c1cc(Cl)cc(Cl)c1)C2c1ccc(Cl)cc1,中毒,53.141693,37.68169,0.198416915,5.376778135
Cc1n[nH]nc1-c1cc2c(c(-c3c(Cl)cccc3Cl)c1)C1C(=CC=C(Cl)S2)C(=O)N(C2CC(O)(CO)C2)C=C(Cl)C=C2C(=O)N21,中毒,45.32743,17.534933,0.267601337,5.378452231
Cc1n[nH]nc1-c1cc2c(c(-c3c(Cl)cccc3Cl)c1)C1(c3ccc(Cl)cc3)C(=CC=COC2)C(=O)N(C2CC(O)(CO)C2)C=C(Cl)C=C2C(=O)N21,中毒,18.082964,15.733679,0.183560393,5.380588813
Cc1n[nH]nc1-c1cc2c(c(-c3c(Cl)cccc3Cl)c1)C(c1ccc(Cl)cc1)N(c1cc(Cl)cn(C34CC(O)(CO)CC(CO)(C3)C4)c1=O)C2,中毒,22.081963,19.01266,0.137312472,5.380930344
Cc1n[nH]nc1-c1cc2c(o1)C(c1cc3cc(Cl)ccc3nc1OC1CC(O)C(O)C(O)C1O)N(c1cc(Cl)cn(C3CC(O)(CO)C3)c1=O)C2=O,中毒,13.3429985,14.418226,0.125585751,5.383168918
Cc1n[nH]nc1-c1cc2c(c(-c3c(Cl)cccc3Cl)c1)C1C(=CC=C(Cl)C(Cl)=C2)C(=O)N(C2CC(O)(CO)C2)C=C(Cl)C=C2C(=O)N21,中毒,21.735691,15.733679,0.249423366,5.384884312
Cc1n[nH]nc1C1=C=C2C(c3ccc(Cl)cc3)N(c3ccc(F)cc3F)C(=O)C(O)(c3cc(F)c(Br)c(I)c31)S2(=O)=O,中毒,39.756958,14.418226,0.15359486,5.385590959
Cc1n[nH]nc1-c1cc2c(c(-c3c(Cl)cccc3Cl)c1)C(c1ccc(Cl)cc1)N(c1ccc(Cl)cc1)C1OCOc3cc1ccc3-2,中毒,64.35514,50.287067,0.200043623,5.385693428
Cc1n[nH]nc1-c1cc(-c2c(Cl)cccc2Cl)c2c(c1)C1(F)C(=O)C2(c2ccc(Cl)cc2)N(Cc2ccc(F)cc2)C2C=CC(Cl)=CC=C21,中毒,4.2712936,14.3937645,0.195559804,5.385844365
Cc1n[nH]nc1-c1c(Cl)cc2[n+](c1Cl)C1(CCCO1)C(O)c1cc(Cl)c(OCC(C)(O)C(F)(F)F)cc1-2,中毒,13.79532,14.891448,0.299738798,5.387666401
Cc1n[nH]nc1C1=Cc2cc(c(C3=C(Cl)C(=O)N(c4ccnc(Cl)c4)C(=O)C3(C)C#N)c(-c3ccc(Cl)cc3)c2C2CCOC2=O)C=C1,中毒,47.20036,18.90328,0.131880736,5.388588754
Cc1n[nH]nc1-c1cc2c(c(-c3c(Cl)cccc3Cl)c1)C(c1ccc(Cl)cc1)N1c3cc-2c(c(=O)n(C)c3=O)S(=O)(=O)C1(C)C,中毒,28.787176,16.057194,0.229210691,5.388629167
Cc1n[nH]nc1-c1cc2c(c(-c3c(Cl)cccc3Cl)c1)C1c3ccc-2c(c3)OCOC(=O)N1c1cc(Cl)n[nH]1,中毒,10.997032,16.298235,0.234063416,5.391031435
Cc1n[nH]nc1-c1cc2c(c(-c3c(Cl)cccc3Cl)c1)C1c3ccc-2cc(Br)ccc(c3)C(=O)N1c1cc(Cl)cn(C2CC(O)(CO)C2)c1=O,中毒,6.339412,9.62783,0.164860508,5.392637724
Cc1n[nH]nc1-c1cc2c(c(-c3c(Cl)cccc3Cl)c1)C(c1ccc(Cl)cc1)N(c1ccc(Cl)cc1)C1CCC(C)(C)c3cc1ccc3-2,中毒,19.92179,14.240168,0.198109637,5.396431756
Cc1n[nH]nc1-c1cc2c(c(-c3c(Cl)ccc(Cl)c3Cl)c1)C(c1ccc(Cl)cc1)N1C(=O)C(CC2)n2cc(Cl)cc1c2=O,中毒,15.523818,14.3937645,0.1951223,5.397882978
Cc1n[nH]nc1C1=CC2=CC3(c4ccc(Cl)cc4)C(c4ccc(Cl)cc4)C(c4ccc(Cl)cc4)N3C(c3ccc(Cl)cc3)(C2)c2cc(Br)ccc21,中毒,16.101068,14.540794,0.188612915,5.39871615
Cc1n[nH]nc1-c1cc2c(c(-c3c(Cl)cccc3Cl)c1)C(c1ccc(Cl)cc1)N1C(=O)CN(C)C(c3ccc(Cl)cc3)Cc3cnc1cc3-2,中毒,15.349376,46.185192,0.195858305,5.398873419
Cc1n[nH]nc1-c1cc2-c3cc4c(F)cc3C(O)(C(F)(F)Cl)CC4N(c3ccc(Cl)cc3)C(c3ccc(Cl)cc3)c2c(-c2c(Cl)cccc2Cl)c1,中毒,31.997637,19.2996,0.143299447,5.398955055
Cc1n[nH]nc1-c1cc2c(c(-c3c(Cl)cccc3Cl)c1)C(c1ccc(Cl)cc1Cl)N1C(=O)C(CC2)n2cc(Cl)cc1c2=O,中毒,20.186327,16.057194,0.208584252,5.40143034
Cc1n[nH]nc1-c1cc2c3c(-c4c(Cl)cccc4Cl)c1c1c2=CC(=C(c2ccc(Cl)cc2)N(Cc2ccc(Cl)cc2)C=1)CC(N(C)C)C3=O,中毒,3.5136282,15.859844,0.186475594,5.401622007
Cc1n[nH]nc1-c1cc2c(c(-c3c(Cl)cccc3Cl)c1)C(c1ccc(Cl)cc1)N(c1ccc(Cl)cc1)C1C3=CC=CC(C#N)=C1N=C32,中毒,13.654074,12.269447,0.203391658,5.402818801
Cc1n[nH]nc1-c1cc2c(c(-c3c(Cl)cccc3Cl)c1)C1(C)CC(O)(C(=O)O)C(C(=O)NCCCl)(C2)C1(Cl)Cl,中毒,19.240438,15.858076,0.273231766,5.403108361
Cc1n[nH]nc1-c1cc2cc(c1)-c1c(c(=O)c(C(=O)O)cn1C1CC(O)C(O)C1N)C=C2O,中毒,18.826746,27.51789,0.332493053,5.404389889
Cc1n[nH]nc1-c1cc2c(c(-c3c(Cl)cccc3Cl)c1)C(c1ccc(Cl)cc1)N1c3ccc(c-2c3)C(=O)N(C)C(=O)N(C)C1c1ccc(Cl)cc1,中毒,6.854375,42.683334,0.193725515,5.404564049
Cc1n[nH]nc1-c1cc2c(c(-c3c(Cl)ccc(Cl)c3Cl)c1)C1C(=CC(CCC3(O)C(O)C(O)C(O)C3O)COc3nc4ccc(Cl)cc4cc31)C2,中毒,4.493484,18.4849,0.090242866,5.404869217
Cc1n[nH]nc1C1=Cc2c3c(C(N)c4ccc(Cl)cc4)c(n2C1=O)C(c1ccc(Cl)c(Cl)c1)N(c1cc(Cl)cn(C2CC(O)(CO)C2)c1=O)C3=O,中毒,18.205946,13.466203,0.162442638,5.405212396
Cc1n[nH]nc1-c1cc2c(c(-c3c(Cl)cccc3Cl)c1)C(c1ccc3c(c1)OCO3)N(C13CC4CC(CC1C4)C3)C2,中毒,10.419607,26.90499,0.263328453,5.405270797
CC(=O)n1cc(Cl)cc(N2C(=O)OCOc3cc4ccc3-c3cc(-c5n[nH]nc5C)cc(-c5c(Cl)cccc5Cl)c3C42)c1=O,中毒,22.205477,60.717583,0.218157723,5.406182116
Cc1n[nH]nc1C1=CC2=C(N3C(=O)CSC3c3ccc(Cl)c(Cl)c3)C(c3ccc(Cl)cc3)C(c3ccc(Cl)cc3)N3C(C(=O)C34CCOCC4)C2=C1,中毒,28.345415,16.092762,0.216042692,5.407471019
Cc1n[nH]nc1-c1cc2c(c(-c3c(Cl)cccc3Cl)c1)C(c1ccc(Cl)cc1)N1CC(=O)c3occc3C(=O)c3oc1cc3-2,中毒,30.90203,33.633747,0.206283792,5.408714565
Cc1n[nH]nc1-c1cc2c(c(-c3c(Cl)cccc3Cl)c1)C(c1ccc3c(c1)C1C(=O)N(C)C(=O)N(C(C)CO)C3(C)C1=O)C2,中毒,17.15116,15.303033,0.277436059,5.413162616
Cc1n[nH]nc1-c1cc(-c2c(Cl)cccc2Cl)c2c(c1)-c1c3cc(Cl)cnc4cc-4c(=O)c(C(=O)O)cn(C4CC4)c1CCN3C2,中毒,12.030229,15.382265,0.200513786,5.41348299
Cc1n[nH]nc1-c1cc2c(c(-c3c(Cl)cccc3OC(C)C)c1)C(c1ccc(Cl)cc1)N1C(=O)C(CC2)n2cc(Cl)cc1c2=O,中毒,15.523818,13.503714,0.206398645,5.413598483
Cc1n[nH]nc1-c1cc2c(c(-c3c(Cl)cccc3Cl)c1)C(c1ccc(Cl)cc1)n1c3c(nc(-c4c(Cl)cccc4Cl)c1=O)C1=CN=CC(Cl)=C3C1=C2,中毒,42.328934,12.178995,0.192263511,5.41406303
Cc1n[nH]nc1-c1cc2c(c(-c3c(Cl)cccc3Cl)c1)C(c1ccc(Cl)cc1)Nc1cc(ccn1)N(c1cc(Cl)cn(C3CC(O)(CO)C3)c1=O)C2=O,中毒,13.42377,10.648614,0.132146719,5.414160048
Cc1n[nH]nc1-c1cc(-c2c(Cl)cccc2Cl)c2c(c1)C(c1ccc(Cl)cc1)N(CC#N)c1cc3ccc1CNC(=O)C32C(F)(F)F,中毒,5.4784803,19.05265,0.184672563,5.414633673
Cc1n[nH]nc1-c1cc2c(c(-c3c(Cl)cccc3Cl)c1)C(c1ccc(Cl)cc1)Nc1cc(nc3ccc(Cl)cc13)C1CCC1N2,低毒,8.716061,33.237667,0.174457968,5.415163699
Cc1n[nH]nc1-c1cc(-c2c(Cl)cccc2Cl)c2c(c1)C1C3(CN(C4CCOC4)C3=O)C(=O)N(c3ccsc3)C(=O)C21c1cc(Cl)ccc1Cl,中毒,19.536438,35.111286,0.111746505,5.41626777
Cc1n[nH]nc1-c1cc2c(c(-c3c(Cl)cccc3Cl)c1)C(c1ccc(Cl)cc1F)N1C(=O)C(CC2)n2cc(Cl)cc1c2=O,中毒,13.402883,14.3937645,0.213776936,5.416749221
Cc1n[nH]nc1-c1cc2c(c(-c3c(Cl)cccc3Cl)c1)C(c1ccc(Cl)cc1)NC1=CC(Cl)=C2C(=O)N(C)C(=O)N(C2CC(O)(CO)C2)C1=O,中毒,25.563725,16.882917,0.187104008,5.417526932
Cc1n[nH]nc1-c1cc2c(c(-c3c(Cl)cccc3Cl)c1)C(c1ccc(Cl)cc1)N1c3cc(Cl)cn(c3=O)C(=O)C1c1ccc(C(C)(O)CO)cc1-2,中毒,18.990976,12.022493,0.161384521,5.41872922
Cc1n[nH]nc1-c1cc2c(c(-c3c(Cl)cccc3Cl)c1)C(c1ccc(Cl)cc1)N(C1=CC(Cl)=CN3C(C1)C3CC1(CO)C(=O)C1(O)C1CC1)C2,中毒,15.873902,13.259146,0.157934253,5.419183267
Cc1cc2c3cc1C(CN(S(C)(=O)=O)C2)N(c1cc(Cl)co1)C(c1ccc(Cl)cc1)c1c-3cc(-c2n[nH]nc2C)cc1-c1c(Cl)cccc1Cl,中毒,9.295885,18.477615,0.187853489,5.421295973
Cc1n[nH]nc1-c1cc2c(c(-c3c(Cl)cccc3Cl)c1)C(c1cccs1)N1C(=O)C(CC2)n2cc(Cl)cc1c2=O,中毒,21.947083,14.3937645,0.233792258,5.42148603
Cc1n[nH]nc1-c1cc2c(c(-c3c(Cl)cc(Cl)cc3Cl)c1)C1c3c[nH]c-2ccc(Cl)cc3C(=O)N1c1cc(Cl)cn(C2CC(O)(CO)C2)c1=O,中毒,15.763229,8.519041,0.142447544,5.422724726
Cc1n[nH]nc1-c1cc2c(c(-c3c(Cl)cccc3Cl)c1)C1(c3ccccc3)C3CN(C3)C(C2)N(CC2CC2)C1(c1ccc(Cl)cc1)c1ccc(Cl)cc1,中毒,17.475342,10.851185,0.175404148,5.42283611
Cc1n[nH]nc1-c1cc2c(c(-c3c(Cl)cccc3Cl)c1)C(c1ccc(Cl)cc1)N(c1ccc(Cl)cc1)C1C3=CC=C(C#N)C=C1C3=N2,中毒,7.602623,180.88246,0.203345611,5.422897776
Cc1n[nH]nc1-c1cc2c(c(N(C)C3CC4CCC(C3)N4C)n1)C(c1ccc(Cl)cc1)N(c1cc(Cl)cn(C3CC(O)(CO)C3)c1=O)C2=O,中毒,7.8529835,12.110745,0.253167525,5.423208105
Cc1n[nH]nc1C1OC(C2(c3noc(C4CC4(O)C(F)(F)F)n3)CC2)C(F)C(O)C1O,中毒,15.519059,16.375067,0.489628656,5.423427202
Cc1n[nH]nc1-c1cc2c(c(-c3c(Cl)cccc3Cl)c1)C(c1ccc(Cl)cc1)N(c1ccc(Cl)cc1)C1C3=CC(C(C)(C)C)=CC=C1C2=N3,中毒,35.704018,12.269447,0.200859855,5.425110581
Cc1n[nH]nc1-c1cc2c(c(-c3c(Cl)cccc3Cl)c1)C(c1cccc(Cl)c1Cl)N1C(=O)C(CC2)n2cc(Cl)cc1c2=O,中毒,15.523818,14.3937645,0.208584252,5.429257676
Cc1n[nH]nc1-c1cc2c(c(-c3c(Cl)cccc3Cl)c1)C(c1ccc(Cl)cc1)(c1ccc(Cl)cc1)N1C(=O)C(CC2)n2cc(Cl)cc1c2=O,中毒,21.214363,16.057194,0.194785709,5.429759346
Cc1n[nH]nc1C1=CC2=C(C(c3ccc(Cl)cc3)N(C)c3cc(Cl)cn(C4CC(O)(CO)C4)c3=O)C(c3c(Cl)cccc3Cl)=C1C2c1ccc(Cl)cc1F,中毒,4.800094,13.503714,0.136800479,5.433365086
Cc1n[nH]nc1-c1cc2c(c(-c3c(Cl)cccc3Cl)c1)C(c1ccc(Cl)cc1)N1c3cc(Cl)c(cc31)Cc1cscc1CS2,中毒,20.186327,28.540762,0.187608413,5.434192454
COc1cc2c(cc1N1C3OCOc4cc(Br)c3cc4-c3cc(-c4n[nH]nc4C)cc(-c4c(Cl)cccc4Cl)c3C1c1ccc(Cl)cc1)COC2=O,中毒,57.38366,50.287067,0.171833791,5.434640124
Cc1n[nH]nc1-c1cc2c(c(-c3c(Cl)cccc3Cl)c1)C(c1ccc(Cl)cc1)N1C(=O)CCCc3c-2cc1c(=O)n(C)c3=O,中毒,7.315806,33.95102,0.230207023,5.434940981
Cc1n[nH]nc1-c1cc2c(c(-c3c(Cl)cccc3Cl)c1)CN1CC(C2)C(C)(C)Cc2c(Cl)c(NCCc3cccc(C#N)c3)nc1c2C(N)=O,中毒,64.34006,15.046138,0.153935409,5.436499246
Cc1c[nH]c2c1C(F)=C(C(=O)Nc1cc(F)cc(F)c1F)C=C1CN(Cc3c-2cc(-c2n[nH]nc2C)cc3-c2c(Cl)cccc2Cl)C1=O,中毒,8.281139,14.3937645,0.100592768,5.438482688
Cc1n[nH]nc1-c1cc2c(c(-c3c(Cl)cccc3Cl)c1)C1c3ccc-2c(c3)OCCOCN(C)C1c1ccc(F)cc1,中毒,6.9945755,40.94418,0.226868556,5.43948493
Cc1n[nH]nc1-c1cc2c(c(-c3c(Cl)cccc3Cl)c1)C(c1ccc(Cl)cc1)N1CC(c3ccc4c(c3)OCO4)c3c-2cc1c(=O)n(C)c3=O,中毒,20.816189,53.08201,0.197361721,5.441019641
Cc1n[nH]nc1-c1cc2c(c(-c3c(Cl)cccc3Cl)c1)C(c1ccc(Cl)cc1)N(C1=CC(Cl)=CN3C(=N1)C3CC1(O)C(O)C(O)C(O)C1O)C2,中毒,10.999837,17.67476,0.150412739,5.442946741
Cc1n[nH]nc1-c1cc2c(c(-c3c(Cl)cncc3Cl)c1)C(c1ccc(Cl)cc1)N1C(=O)C(CC2)n2cc(Cl)cc1c2=O,中毒,21.214363,16.057194,0.224899028,5.44401521
CC(=O)NC1C(O)CC(Oc2c(N3CC(c4n[nH]nc4C)C(=O)OC3CN)c(Cl)cn3c(=O)c(C(=O)O)cnc23)C(O)C1O,中毒,26.303608,56.535934,0.133690566,5.445155231
Cc1n[nH]nc1-c1cc(-c2c(Cl)cccc2Cl)c2c(c1)C1COC3=CC=C(NC(=O)c4cnc5ccccc5c4)C=C1C3OC2=O,中毒,62.115097,36.357265,0.199822337,5.446349062
Cc1n[nH]nc1-c1cc2c(c(-c3c(Cl)cccc3Cl)c1F)C(c1ccc(Cl)cc1)N1C(=O)C(CC2)n2cc(Cl)cc1c2=O,中毒,15.523818,14.3937645,0.213776936,5.446725572
Cc1n[nH]nc1-c1cc2c(c(-c3c(Cl)cccc3Cl)c1)C(c1ccc(Cl)cc1)N1CCCCc3c-2cc1c(=O)n(C)c3=O,中毒,6.816566,42.683334,0.224953167,5.446884008
Cc1n[nH]nc1-c1cc2c(c(-c3c(Cl)cccc3Cl)c1)C(c1ccc(Cl)cc1)N(c1ccsc1)C1CC(C)(C)N(S(C)(=O)=O)c3ccc1c-2c3,中毒,17.69564,22.767984,0.189197758,5.447010539
Cc1n[nH]nc1C1=C2C(=CN(C3CC3)C=C(Cl)C=C3C(=O)N3C(=O)C2(O)C(F)(F)F)C(=O)C(c2c(Cl)ccc(Cl)c2Cl)=C2CCC2=C1,中毒,60.214355,15.02669,0.208870427,5.44737455
Cc1n[nH]nc1C(c1cc2c(cn1)c(C(=O)N(C)CC1(N)CC1)nn2-c1ccc(Cl)cc1)N(C(F)(F)F)C12CC3CC(CC(C3)C1)C2,中毒,27.55085,37.70258,0.223041886,5.447823049
Cc1n[nH]nc1-c1cc2c(c(-c3c(Cl)cccc3Cl)c1)C(c1ccc(Cl)cc1)N1c3cc-2c(c(=O)n(C)c3=O)C(C)(C)CC1c1ccc(Cl)cc1,中毒,6.816566,16.057194,0.193766444,5.448595658
Cc1n[nH]nc1-c1cc(-c2c(Cl)cccc2Cl)c2c(c1)C(C)(C)CC(Cl)C=C1CN1C(c1cc(Cl)ccc1CO)C2N1CCC(c2c(F)cccc2Cl)CC1,中毒,49.79407,8.789504,0.131678372,5.450061528
Cc1n[nH]nc1-c1cc2c(c(-c3c(Cl)cccc3Cl)c1)C1=c3ccc(Cl)cc3=C(OCC3(O)C4CC5CC(C4)CC3C5)C(=O)N(C)C1C2,中毒,25.244574,43.472412,0.254564508,5.450079923
CCC1n2cc(Cl)cc(c2=O)N2C(c3ccc(Cl)cc3)c3c(cc(-c4n[nH]nc4C)cc3-c3c(Cl)cccc3Cl)C(=O)C12OC(C)=O,中毒,34.28772,15.303033,0.183209704,5.450148353
Cc1n[nH]nc1-c1cc2c(c(-c3c(Cl)cncc3Cl)c1)C(c1ccc(Cl)cc1)N1C(=O)C1=CC(Cl)=CN1C(=O)C1CC(O)(CO)C2,中毒,17.838322,18.296808,0.237191773,5.450800031
Cc1n[nH]nc1-c1cc2c(c(-c3c(Cl)cccc3Cl)c1)C(c1ccc(Cl)cc1)N1c3cc-2c(c(=O)n(C)c3=O)C(C)(C)CC1c1ccc(F)cc1,中毒,5.935473,14.3937645,0.194868842,5.451095712
C=CC1(CCn2c3nc(-c4cnc5c(c4)C(=O)NC5)c2c2cc(-c4n[nH]nc4C)oc23)CC(C)N(Cc2ccccc2OC(N)=O)C1,中毒,46.08258,12.110745,0.187201005,5.451949251
Cc1n[nH]nc1C1=CC23C(=O)OC(=C2C(=O)N1)C(c1ccc(Cl)cc1)N(c1cc(Cl)cn(C2CC(O)(CO)C2)c1=O)C3=O,中毒,32.17651,13.503714,0.242572268,5.453001739
CC(=O)NN1COCOc2cc3ccc2-c2c(c(S(=O)(=O)c4ccc(Cl)cc4)c4c(F)cccc4c(=O)c2-c2n[nH]nc2C)C31,中毒,67.63095,20.980875,0.284495877,5.4533656
Cc1n[nH]nc1-c1cc2c(c(-c3c(Cl)cccc3Cl)c1)C(c1ccc(Cl)cc1)N(c1ccc(F)c(Cl)c1)C1OCCOc3cc1ccc3-2,中毒,16.497742,23.359934,0.196643071,5.454444943
CC(=O)N1CCC(n2ncc(C3=C(C#N)C4=COc5cc(-c6n[nH]nc6C)cc(-c6c(Cl)cc7cc(Cl)ccc7c6Cl)c5C5C=C5C=CC4=N3)n2)C1,中毒,14.099227,17.220755,0.195768487,5.454832636
Cc1n[nH]nc1-c1cc2c(c(-c3c(Cl)cccc3Cl)c1)C(c1ccc(Cl)cc1)N(c1ccc(Cl)c(Cl)c1)C1OCOc3cc1ccc3-2,中毒,64.35514,50.287067,0.196422972,5.456758795
CC(=O)NC1C2=CC=C(Cl)C=Cc3cc(-c4n[nH]nc4C)cc(-c4c(Cl)cccc4Cl)c3C2N(c2ccc(Cl)cc2)C(=O)N1C1CCC(O)(CO)C1,中毒,11.226761,18.684507,0.155965065,5.457380127
Cc1n[nH]nc1C1(c2ccc(Cl)cc2)CC2CCC1N2C(=O)N1CC(Oc2cnc(F)c(-c3ccc(F)cc3)c2)CC1c1ccc(C(F)(F)F)cc1,中毒,35.920673,19.833076,0.139464188,5.463176935
Cc1n[nH]nc1-c1cc2c(c(-c3c(Cl)ccnc3Cl)c1)C(c1ccc(Cl)cc1)N1C(=O)C(CC2)n2cc(Cl)cc1c2=O,中毒,21.214363,16.057194,0.210384126,5.464159619
Cc1n[nH]nc1-c1cc2c(c(-c3c(Cl)cccc3Cl)c1)C(c1ccc(Cl)cc1)N1CCCC(=O)c3c-2cc1[nH]c3=O,中毒,25.426136,36.039165,0.221208838,5.466752362
Cc1cc2c3-c4cc(-c5n[nH]nc5C)cc(-c5c(Cl)cccc5Cl)c4C(c4ccc(Cl)cc4)N(c4cc(Cl)cc(Cl)c4)C(CC2(O)CCN(C)C)c1c3,中毒,101.06067,32.712734,0.136527051,5.466914823
Cc1n[nH]nc1-c1cc2c(c(-c3c(Cl)cccc3Cl)c1)C(c1ccc(Cl)cc1)N(c1ccc(Cl)cn1)C1OCOc3cc1ccc3-2,中毒,97.03232,18.63779,0.198918666,5.470609912
Cc1n[nH]nc1C1=CC2=C(C3CC4CC(O)CC(C3)C4(F)F)C=C(c3nc(Nc4ccc(N5CCOCC5)cn4)ncc3Cl)C2=C1F,中毒,19.100698,8.139475,0.291971516,5.474504122
Cc1n[nH]nc1-c1cc2c(c(-c3c(Cl)cccc3Cl)c1)C(c1ccc(Cl)cc1)N1c3cc-2c(c(=O)n(C)c3=O)C(C)(C)CC1c1ccc(Br)cc1,中毒,6.816566,16.057194,0.192041996,5.474567363
Cc1n[nH]nc1-c1cc2c(c(-c3c(Cl)cccc3Cl)c1)C(c1ccc(Cl)cc1)N1C(=O)C(C)(C2)n2cc(Cl)cc1c2=O,中毒,21.214363,18.648798,0.22067433,5.476089162
Cc1n[nH]nc1-c1cc2c(c(-c3c(Cl)cccc3Cl)c1)C(c1ccc(Cl)cc1)N1C(=O)C1=CC(Cl)=CN1CC1CC#C2,中毒,23.550085,13.398936,0.185323135,5.476985043
Cc1n[nH]nc1-c1cc(-c2c(Cl)cccc2Cl)c2c(c1)C1C(C(N)=O)N(C2c2ccc(Cl)cc2)C1(N1CCOCC1)C(F)(F)F,中毒,20.87568,17.509283,0.255404358,5.477091112
Cc1n[nH]nc1-c1cc2c(c(-c3c(Cl)cccc3Cl)c1)C(c1ccc(Cl)cc1)n1c(=O)n3cc1cc(Cl)c-2ncn3,中毒,32.247837,61.326756,0.22143177,5.478151516
Cc1n[nH]nc1C1=C(c2ccc3[nH]ncc3c2)C(C2=CC(Cl)=CN(C3CC(O)C(O)C3O)C3=Cc4ncnc(N)c4C3=C2)=C1C=CC(=O)NN,中毒,8.296433,13.503714,0.062422383,5.47853588
Cc1ccc(C2CC(=O)c3c4cc(c(=O)n(C)c3=O)N2C(c2ccc(Cl)cc2)c2c-4cc(-c3n[nH]nc3C)cc2-c2c(Cl)cccc2Cl)o1,中毒,19.417976,9.729206,0.19594159,5.479109696
Cc1n[nH]nc1C1=CC12C(=O)N(c1cc(Cl)cn(C3CC(O)(CO)C3O)c1=O)C2c1ccc(Cl)cc1Cl,中毒,15.360645,13.503714,0.348438601,5.484523466
Cc1n[nH]nc1-c1cc2c(c(-c3c(Cl)cccc3Cl)c1)C(c1ccc(Cl)cc1)N1c3cc-2c(c(=O)n(C)c3=O)C(C)(C)C1c1ccncc1,中毒,20.816189,11.688898,0.197561673,5.486158191
Cc1n[nH]nc1-c1cc2c3c(-c4c(CO)cnc5cc(F)ccc45)c1NC(=O)COc1ccc(Cl)cc1C3C(c1cccnc1)N(C)C2,中毒,53.967606,9.114193,0.200121517,5.486963062
Cc1n[nH]nc1-c1cc2c(c(-c3c(Cl)cccc3Cl)c1)C1C(=CC=C(Cl)C3=C2OCO3)C(=O)N(C2CC(O)(CO)C2)C=C(Cl)C=C2C(=O)N21,中毒,34.65666,16.63892,0.274313775,5.487035747
Cc1n[nH]nc1-c1cc2c(c(-c3c(Cl)cccc3Cl)c1)C1C(=O)NC(c3ccc(Cl)cc3Cl)OCOc3cc1ccc3-2,中毒,26.491129,52.80721,0.207488043,5.488869088
Cc1n[nH]nc1-c1cc2c(c(-c3c(Cl)cccc3Cl)c1)C(c1ccc(Cl)cc1)N1CC(C)(C)c3c-2cc1c(=O)n(C1CC(O)(CO)C1)c3=O,中毒,19.48654,10.648614,0.181739314,5.490214978
Cc1n[nH]nc1C1=Cc2c1ccc(-c1ccc3c(n1)C1=Cc4c(F)cccc4N(C4CCC(O)C4)C3=C1F)c2C(=O)C(O)(F)F,中毒,34.361805,14.2372675,0.16682644,5.490573478
Cc1n[nH]nc1-c1cc2c(c(-c3c(Cl)cccc3Cl)c1)C(c1ccc(Cl)cc1)N(C1=CC(Cl)=CN(C(=O)O)C3CC(O)(CN1)C3)C(=O)C2=O,中毒,7.4942136,13.503714,0.164794841,5.49159591
Cc1n[nH]nc1C1=CC2=C(c3nc(Nc4ccc5[nH]ncc5c4)nc4cnc(NCc5cccc(F)c5Cl)nc34)C3(CCC(C)C3)C3CC3C2=C1,中毒,28.13055,44.491318,0.129947014,5.491657293
Cc1ccc2c(c1C1=C3C=C(c4n[nH]nc4C)C=C3C3CC13)CC(N1CCOCC1)C(C#N)=C(N)Oc1nc3c(F)ccc(F)c3c(=O)n1-2,中毒,28.345415,14.2372675,0.33071042,5.492422231
Cc1n[nH]nc1-c1cc2c(c(-c3c(Cl)cccc3Cl)c1)C1c3ccc-2c(c3)OCOC(=O)N1C1CCC(=O)NC1=O,中毒,11.340481,48.28826,0.30545682,5.492701475
Cc1n[nH]nc1-c1cc2c(c(-c3c(Cl)cccc3Cl)c1)C(c1ccc3c(Cl)cccc3c1OCCNC(=O)C1NC(=O)NC1=O)C1CN=C(C2)O1,中毒,32.23632,10.762783,0.089497824,5.493872794
Cc1n[nH]nc1-c1cn2c3cc(cc2c1F)-c1cnc2c(c1=CC3C1CN(c3ccc4c(n3)CCO4)C1)=C(Cl)C(c1cnn(C)c1)=C2,中毒,28.345415,18.710245,0.307134033,5.49392658
Cc1n[nH]nc1-c1cc(-c2c(Cl)cccc2Cl)c2c(c1)C1CC2c2ccc(Cl)cc2OCCCN1c1cc(Cl)ccc1C1=NCCN1C(=O)C1CC1,中毒,49.112164,43.786877,0.192351166,5.495642241
Cc1n[nH]nc1-c1cc2c(c(-c3cc(Cl)ccc3Cl)c1)C1c3cc-2ccccc(o3)C(=O)N1c1cc(Cl)cn(C2CC(O)(CO)C2)c1=O,中毒,8.966554,9.62783,0.178126131,5.495899102
Cc1n[nH]nc1-c1cc2c(c(-c3c(Cl)cccc3Cl)c1)C1c3cc-2ccccc(s3)C(=O)N1c1cc(Cl)cn(C2CC(O)(CO)C2)c1=O,中毒,7.8202257,7.924102,0.172566688,5.496056025
Cc1n[nH]nc1C12CC(C(c3ccc(N(C)Cc4ccc(C(F)(F)F)cn4)cc3)C(CC3CC3)O1)N(C(=O)C1CC1)C2C,中毒,60.710033,19.280819,0.358054637,5.496331168
Cc1n[nH]nc1-c1cc2c(c(-c3c(Cl)cccc3Cl)c1)C(c1ccc(Cl)cc1)N(C1=CC(Cl)=CN3C(=N1)C3C1C(O)C(O)C(O)C1(O)F)C2,中毒,10.999837,16.63892,0.164165516,5.497678108
Cc1n[nH]nc1-c1cc2c(c(-c3c(Cl)cccc3Cl)c1)C(c1ccc(Cl)cc1)N(C1=CC(Cl)=CN3C(=NC1=O)C3CC1(O)CC(O)C(O)C1O)C2,中毒,54.712322,12.308181,0.159784306,5.497692171
Cc1n[nH]nc1-c1cc2c(c(-c3c(Cl)cccc3Cl)c1)C(c1ccc(Cl)cc1)N1CCCC(=O)c3c-2cc1c(=O)n(C)c3=O,中毒,5.935473,32.200012,0.226630878,5.498958227
Cc1n[nH]nc1-c1cc2c(cc1-c1c(Cl)ccc(Cl)c1Cl)C(=O)c1c(Cl)cc(C(=O)NS(=O)(=O)c3ccco3)cc1C1CCC(C2)N1,中毒,33.00603,9.741929,0.159148022,5.4994133
Cc1n[nH]nc1-c1cc2c3c(-c4c(Cl)cccc4Cl)c1C(C(F)(F)F)(C2)C(=O)N(c1cc(Cl)cn(CC(N)=O)c1=O)C3c1ccc(Cl)cc1,中毒,34.28772,11.049523,0.190091505,5.502049706
Cc1n[nH]nc1-c1cc2c(c(-c3c(Cl)cccc3Cl)c1)C(c1ccc(Cl)cc1)N1COc3c(Cl)c(Cl)c(Cl)c(Cl)c3C(=O)c3sc1cc3-2,中毒,28.089863,33.33846,0.142714312,5.502418076
Cc1n[nH]nc1-c1cc(-c2c(Cl)cccc2Cl)c2c(c1)C1C(C=C(C(=O)O)C(=O)C3CC3)n3cc(Cl)cc(c3=O)N1C2c1ccc(Cl)cc1,中毒,15.809174,13.503714,0.097921337,5.502475535
Cc1n[nH]nc1C1=C(Cl)C2=C(C3=C(Cl)C=CC4=CC(=C3Cl)N(C(C(=O)O)C3CC3)C(=O)C(C)(C)NC4=O)SC2=C1,中毒,34.834694,31.344637,0.423677463,5.502647133
Cc1n[nH]nc1-c1cc2c(cc1N(Cc1cccc(Cl)c1)c1ccc(Cl)cn1)C(c1ccc(Cl)cc1)n1c3nc-2c1=CC(Cl)=CC=3,中毒,51.124954,15.897541,0.192523865,5.505566876
Cc1n[nH]nc1-c1cc2c(c(-c3c(Cl)cccc3Cl)c1)C(c1ccc(Cl)cc1)N1C3=CC(=C(Cl)C(=O)N(C)C(=O)C1NC2)C3=O,中毒,28.06149,24.045994,0.248698633,5.507661441
Cc1n[nH]nc1-c1cc2c(c(-c3c(Cl)cccc3Cl)c1)C1c3cc-2ccccc(o3)C(=O)N1c1cc(Cl)cn(C2CC(O)(CO)C2)c1=O,中毒,8.966554,9.62783,0.178126131,5.508612948
Cc1n[nH]nc1-c1cc2c(c(-c3c(Cl)cccc3Cl)c1)C(c1ccc(Cl)cc1)N(c1ccc(Cl)cc1)C1C3=CC(O)=C(C(C)(C)C)C=C1C2=N3,中毒,94.704124,11.474207,0.192399578,5.508788935
Cc1n[nH]nc1-c1cc2c(c(-c3c(Cl)cccc3Cl)c1)C(c1ccc(Cl)cc1)N1CC(c3ccc(Cl)cc3)C(C)(C)c3c-2cc1c(=O)n(C)c3=O,中毒,20.816189,42.9646,0.193849858,5.510851064
Cc1n[nH]nc1C1=C(F)C2=C3C(=C(OC4COCCS4(=O)=O)C(=O)C(=O)C2=C1)CC1(CCCCC1)C3c1cc(Cl)c(O)c(Cl)c1,中毒,76.07368,39.242275,0.407807334,5.512095748
Cc1n[nH]nc1-c1cc(-c2c(Cl)cccc2Cl)c2c(c1)C13CN(C(=CC(Cl)=C1Cl)CC(=O)N(C)C3=O)C2c1cccc(Cl)c1,中毒,5.5845976,19.168657,0.221070128,5.512488058
Cc1n[nH]nc1-c1cc2c(C3CC(N4CCOCC4)CO3)c(F)cc3c(=O)c(c(-c4ccoc4)c1OC3)c2=O,中毒,21.327534,40.753418,0.42277151,5.514347391
Cc1n[nH]nc1-c1cc2c(c(-c3c(Cl)cccc3Cl)c1)C(c1ccc(Cl)cc1)N1c3cc-2c(c(=O)n(C)c3=O)CCC1c1cc2c(cc1F)OCO2,中毒,5.935473,13.503714,0.19243059,5.515802691
Cc1n[nH]nc1-c1cc(-c2c(Cl)cccc2Cl)c2c(c1)C1C(CN(C)C(=O)C3(C)COC3)n3cc(Cl)cc(c3=O)N1C2c1ccc(Cl)cc1,中毒,69.46734,16.862432,0.190460219,5.519229381
Cc1n[nH]nc1-c1cc2c(c(-c3c(Cl)cccc3Cl)c1)C(c1cccc(Cl)c1)N(C1=CC(Cl)=CN3C(=NC1=O)C3CC1(O)CC(O)C(O)C1O)C2,中毒,54.712322,12.308181,0.159784306,5.52169443
Cc1n[nH]nc1C1=CC2=C3C(=O)c4c(ccc(Cl)c4S(=O)(=O)NCc4ccco4)C(=C1)C2C3C(=O)N1CCC(N)(Cc2ccccc2)CC1,中毒,16.331297,17.15921,0.240272228,5.521823333
Cc1n[nH]nc1-c1cc2c(c(-c3c(Cl)cccc3Cl)c1)C(c1ccc(Cl)cc1)N1c3cc-2c(c(=O)n(C)c3=O)C(C)CC1c1ccc(Cl)cc1,中毒,6.816566,16.057194,0.194603713,5.522948088
Cc1n[nH]nc1-c1cc2c(c(-c3c(Cl)cccc3Cl)c1)CN(c1cc(Cl)cnc1OC(F)F)C1N=CC=C(C(=O)N3CC(O)C3)C3=C2C1=C3,中毒,36.49571,24.877401,0.228640385,5.523360806
Cc1n[nH]nc1-c1cc2c(c(-c3c(Cl)cccc3Cl)c1)C(c1ccc(Cl)cc1)N(C1=CC(Cl)=CN3C(=C1)C31CC(=O)C(O)(C(=O)O)C1)C2,中毒,31.458155,16.882917,0.144035258,5.523640664
Cc1n[nH]nc1-c1cc2c(c(-c3c(Cl)cccc3Cl)c1)C1c3ccc-2[nH]ccc(c3)C(=O)N1c1cc(Cl)cn(C2CC(O)(CO)C2)c1=O,中毒,23.789501,9.440244,0.158818817,5.524605768
Cc1n[nH]nc1-c1cc2c(c(-c3c(Cl)cccc3Cl)c1)C1c3cc-2ccccc(oc3=O)C(=O)N1c1cc(Cl)cn(C2CC(O)(CO)C2)c1=O,中毒,9.948615,9.440244,0.186908085,5.524784428
Cc1n[nH]nc1C1=C(C2C3C=CC(C3)C2C(=O)Nc2cc(-c3cncs3)ccc2F)C(Cl)=C(OC2CCN(C(=O)c3ccoc3)CC2)C1=O,中毒,28.629448,18.318035,0.208409201,5.525264109
Cc1n[nH]nc1-c1cc2c3c(c1)S(=O)(=O)c1cc(-c4cnc(N)c(Cl)c4)c(Oc4ccc(Cl)c(Cl)c4)c4c(c5c(c-3c1-2)C(=O)NC5)CC4,中毒,8.6996155,16.854969,0.170081698,5.527455478
Cc1n[nH]nc1-c1cc(-c2c(Cl)cccc2Cl)c2c(c1)-c1c3c(cn(CC4CC4)c1=O)C(C(C)CO3)N(c1ccc(Cl)cc1)C2c1ccc(Cl)cc1,中毒,12.586559,13.503714,0.182573096,5.528240841
Cc1n[nH]nc1-c1cc2c(c(-c3c(Cl)cccc3Cl)c1)C(c1ccc(Cl)cc1)N1C(=O)C(C2)N2C=C(Cl)C=C1C2,中毒,50.865593,18.326727,0.260830678,5.529477528
Cc1n[nH]nc1-c1cc2c(c(-c3c(Cl)cccc3Cl)c1)C(N(Cc1cccc(Cl)c1)C(=O)N1CC3CC(C1)C(OC(=O)O)C3)C(C#N)C2,中毒,16.951475,25.541273,0.193266431,5.531301327
Cc1n[nH]nc1-c1cc2c(c(-c3c(Cl)cccc3Cl)c1)C(c1ccc(Cl)cc1)N1COC(=O)C3=C2C=C1CC(C)(C)N(C)C3=N,中毒,121.27738,12.412539,0.216080352,5.534246749
Cc1n[nH]nc1-c1cc2c(c(-c3c(Cl)cccc3Cl)c1)C1c3ccc-2sc(Cl)cc(c3)C(=O)N1c1cc(Cl)cn(C2CC(O)(CO)C2)c1=O,中毒,5.0685515,9.173887,0.166386605,5.534631308
Cc1n[nH]nc1-c1cc2c(c(-c3c(Cl)cccc3Cl)c1)CN1C(=O)N3CC(Oc4cccc(C(F)(F)F)c4)CCCC1C3C2,中毒,19.978472,26.225712,0.245488724,5.535119324
Cc1n[nH]nc1-c1cc2c(c(-c3c(Cl)cccc3Cl)c1)C(c1ccc(Cl)cc1)N(c1ccc(Cl)c(Cl)c1)C1C3=CC(C#N)=CC=C1C(=N3)C2,中毒,5.258699,40.40971,0.198910752,5.536148168
Cc1n[nH]nc1P1(=O)Nc2cc(Br)cc1c2C(c1ccc(Cl)cc1)N(c1cc(Cl)cn(C2CC(O)(CO)C2)c1=O)C1CC1,中毒,30.757854,13.503714,0.191895702,5.538242851
Cc1n[nH]nc1-c1cc2c(c(-c3c(Cl)cccc3Cl)c1)C(N1CC3(Cl)CC(c4ccc(C(F)(F)F)cc4F)C(CN3)C1=O)c1cc(Cl)ccc1-2,中毒,2.669335,20.935675,0.108753512,5.538374217
Cc1n[nH]nc1-c1cc2c(c(-c3c(Cl)cccc3Cl)c1)C(c1ccc(Cl)cc1)N(c1ccsc1)C1OCOc3cc1ccc3-2,中毒,87.84687,50.287067,0.204435554,5.538672611
Cc1n[nH]nc1C1=Cc2c1cc(-c1cnc3c(n1)C1=Cc4c(F)ccc(F)c4N(C4CC(O)C(O)C4)C3=N1)nc2C1CC1,中毒,10.149779,14.997799,0.291418662,5.538832928
Cc1n[nH]nc1-c1cc2c(c3c(NC(=O)Cc4ccc(Cl)cc4)c(Cl)ccc3c1=O)C(c1ccc(Cl)cc1)N1CC(CC2)n2cc(Cl)cc1c2=O,中毒,37.149307,16.057194,0.182924906,5.542969882
Cc1n[nH]nc1C1=Cc2c(C3CC4CC(C3)N4C3CN(S(C)(=O)=O)CC3C(F)(F)F)nn(-c3ccc(F)cc3)c(=O)c21,中毒,7.1128283,14.3937645,0.347998496,5.543978798
Cc1n[nH]nc1-c1cc(C2(c3ccc(Cl)cc3F)CC2)c(Cl)c2c(=O)c(C(=O)O)cn(C34CCC(CO)(C3)C(CO)C4)c12,中毒,9.325474,14.437889,0.22112214,5.544821632
Cc1n[nH]nc1-c1cc2c(c(-c3c(Cl)cccc3Cl)c1)C(c1ccc(Cl)cc1)N1C(=O)NCCCc3c-2cc1c(=O)n(C)c3=O,中毒,6.816566,11.117006,0.22395567,5.544870033
Cc1n[nH]nc1-c1cc2c(c(-c3c(Cl)cccc3Cl)c1)C(c1ccc(Cl)cc1)N(c1cc(Cl)cn(C34CC(=O)N(C3=O)C(C)C4=O)c1=O)C2,中毒,29.764805,15.468769,0.156625303,5.546207146
Cc1n[nH]nc1-c1cc2c(c(-c3c(Cl)cccc3Cl)c1)C(c1ccc(Cl)cc1)N1c3cc-2c(c(=O)n(C)c3=O)CS(=O)(=O)C1c1ccc(Cl)cc1,中毒,6.574448,42.9646,0.191397646,5.546405663
Cc1n[nH]nc1-c1cc2c(c(-c3c(Cl)cccc3Cl)c1)C(c1ccc(Cl)cc1)N(c1csc(Cl)c1)C1CC(C)N(c3ccc(F)cc3)c3ccc1c-2c3,中毒,9.736641,20.538553,0.188447617,5.546694401
Cc1n[nH]nc1-c1cc2c(c(-c3c(Cl)ccc(F)c3Cl)c1)C(c1ccc(Cl)cc1)N1C(=O)C(=O)N(C3CC(=O)OC3=O)C(=O)c3cc1cnc3-2,中毒,43.99008,9.173887,0.078586118,5.547649391
Cc1n[nH]nc1-c1cc2c(c(-c3c(Cl)cccc3Cl)c1)C(c1ccc(Cl)cc1)N(c1cc(Cl)c(=O)c(C#N)c3c1C1CC(C)OC(C3)C1)C2,中毒,19.59636,22.688112,0.198121046,5.549772783
Cc1n[nH]nc1-c1cc2c(c(-c3c(Cl)cccc3Cl)c1)C(c1ccc(Cl)cc1)N1CCNC(=O)c3c-2cc1c(=O)n(C)c3=O,中毒,11.499412,28.167553,0.257111028,5.552187755
Cc1n[nH]nc1-c1cc2c(c(-c3c(Cl)cccc3Cl)c1)C(c1ccc(Cl)cc1)N(c1ccc(Cl)c(Cl)c1)C1C3=CC=C(C(F)(F)F)N=C1N=C32,中毒,88.95834,19.931065,0.197847249,5.554931979
Cc1n[nH]nc1-c1cc2c(c(-c3c(Cl)cccc3Cl)c1)C(c1ccc(Cl)cc1)N1c3cc(Cl)cn(c3=O)C(CC2)C1Cl,中毒,31.60013,16.057194,0.155527906,5.55631413
Cc1n[nH]nc1-c1cc2c(c(-c3c(Cl)cccc3Cl)c1)C(c1ccc(Cl)cc1)N1C(=O)CN(C)C(=O)c3c-2cc1oc3=O,中毒,18.016163,34.069054,0.241485081,5.558961016
Cc1n[nH]nc1-c1cc(-c2c(Cl)cccc2Cl)c2c(c1)C(Cl)(Cl)C1C(=O)N(c3cc(Cl)cn1c3=O)C2c1ccc(Cl)cc1,中毒,16.35918,17.334517,0.192335493,5.560067327
Cc1n[nH]nc1-c1cc(-c2c(Cl)cccc2Cl)c2c(c1)C(c1ccc(Cl)cc1)C1CN(c3cc(Cl)ccc3N1c1ccc(Cl)cc1)C2c1ccc(Cl)cc1,中毒,10.254704,20.830444,0.187756543,5.560357949
Cc1n[nH]nc1-c1cc2c(c(-c3c(Cl)cccc3Cl)c1)C1c3cc-2cc(Cl)ccc(s3)C(=O)N1c1cc(Cl)cn(C2CC(O)(CO)C2)c1=O,中毒,7.8750753,7.924102,0.166386605,5.561742482
Cc1n[nH]nc1-c1cc2c(c(-c3c(Cl)cccc3Cl)c1)C(c1ccc(Cl)cc1)N(c1ccc(Cl)cc1)C1C3=CC(C(F)(F)F)=CC=C1C2=CC=N3,中毒,9.753868,20.447113,0.198422653,5.561861109
Cc1n[nH]nc1-c1cc2c(c(-c3c(Cl)cccc3Cl)c1)C(c1ccc(Cl)cc1)N(c1ccc(Cl)cc1)C1C3=CC=C(N(C)Cc4ccccc4)C=C1C3C2,中毒,59.377827,25.94228,0.175059556,5.562202801
Cc1n[nH]nc1-c1cc2c(c(-c3c(Cl)cccc3Cl)c1)C1c3ccc-2c(c3)OCONC(c2ccc(Cl)cc2)N1c1ccc(Cl)cc1,中毒,7.3561645,56.258926,0.190672101,5.563143305
Cc1n[nH]nc1-c1cc2c(c(-c3c(Cl)cccc3Cl)c1)C(c1ccc(Cl)cc1)N(Cc1ccc(Cl)cc1)C1=CC(Cl)=C(O2)C(O)C(O)C1,中毒,63.957977,14.607702,0.166312078,5.563904623
Cc1n[nH]nc1-c1cc(-c2c(Cl)cccc2Cl)c2c(c1)N1NC(c3cc4cc(Cl)ccc4nc3Cl)(C1=O)C(c1cc(Cl)ccc1O)NC2c1ccc(Cl)cc1,中毒,46.08258,16.85873,0.12739679,5.564988656
Cc1n[nH]nc1-c1cc2cc(-c3c(Cl)cncc3Cl)cc(Cl)c3c(=O)c-2c1C(c1ccc(F)cc1)C(NC(=O)O)C(C)(C)CN3C,中毒,25.774452,9.088881,0.178040232,5.565776268
Cc1n[nH]nc1-c1cc2c(c(-c3c(Cl)cccc3Cl)c1)C(c1ccc(Cl)cc1)N1C(=O)C3(C=CC(Cl)=CC=C13)C2,中毒,90.891,26.699678,0.238273875,5.56635713
Cc1n[nH]nc1-c1cc(-c2c(Cl)cccc2Cl)c2c(c1)C(O)CC1C(=O)N(c3cc(Cl)cn1c3=O)C2c1ccc(Cl)cc1,中毒,33.84071,15.303033,0.212284956,5.56835237
Cc1n[nH]nc1-c1cc2c(c(-c3c(Cl)cccc3Cl)c1)C(c1ccc(Cl)cc1)N1CN3C=C(Cl)C=C1C2=C(C(=O)O)C3=O,中毒,57.862133,12.22625,0.222822121,5.568673437
Cc1n[nH]nc1-c1cc2c(c(-c3c(Cl)cccc3Cl)c1)C1c3cc-2cc(Cl)ccc(o3)C(=O)N1c1cc(Cl)cn(C2CC(O)(CO)C2)c1=O,中毒,9.907732,9.62783,0.167993931,5.569026367
Cc1n[nH]nc1-c1cc2c(c(-c3c(Cl)cccc3Cl)c1)C(c1ccc(Cl)cc1)N1CC3=CC(c4c(Cl)cccc4Cl)=NC2=C(Cl)C=C1C3=O,中毒,185.47719,40.36274,0.197788866,5.569674314
Cc1n[nH]nc1C1=CC2=C(P(=O)(O)OCC3OC(n4ccc(Cl)c(Cl)c4=O)C(O)C3O)C(F)=C(c3cc(Cl)cnc3OC(C)CCl)C2=C1F,中毒,18.205946,18.318035,0.152250842,5.570128786
Cc1n[nH]nc1-c1cc2c(c(-c3c(Cl)cccc3Cl)c1)C(c1ccc(Cl)cc1)N(c1cc(Cl)c[nH]c1=O)C1C3=CN(c4ccccc4)N=C1C=C32,中毒,10.031834,36.510887,0.183179741,5.570901079
Cc1n[nH]nc1-c1cc2c(c(-c3c(Cl)cccc3Cl)c1)C1c3cc-2ccc(Cl)cc(s3)C(=O)N1c1cc(Cl)cn(C2CC(O)(CO)C2)c1=O,中毒,7.8750753,7.924102,0.166386605,5.571908793
Cc1n[nH]nc1-c1cc2c(c(-c3c(Cl)cccc3Cl)c1)C(c1ccc(Cl)cc1)C(c1ccc(Cl)cc1)N1C(=O)C(C)c3c-2cc1c(=O)n(C)c3=O,中毒,20.816189,42.9646,0.193586586,5.572083325
CC(=O)N1COCOc2cc3ccc2-c2cc(-c4n[nH]nc4C)cc(-c4c(Cl)cccc4Cl)c2C(c2ccc4c(c2)OCO4)C31,中毒,15.712078,52.80721,0.217809431,5.573223953
Cc1n[nH]nc1-c1cc2c(c(-c3c(Cl)cccc3Cl)c1)C(c1ccc(Cl)cc1)N1CC(=O)NC(=O)c3c-2cc1oc3=O,中毒,18.016163,34.069054,0.230785701,5.57481329
Cc1n[nH]nc1C1=CC2=C(c3ccc(F)c(Cl)c3)N=C(N3CCOCC3C)C(=O)C3=C(Cl)C(c4nc5ccc(Cl)cc5[nH]4)=C(C=C12)C3,中毒,28.848907,10.950731,0.235166664,5.575899947
Cc1n[nH]nc1-c1cc2c(c(-c3c(Cl)cccc3Cl)c1)C1NC(c3ccc(Cl)cc3)N(Cc3cccnc3)C(=O)OCOc3cc1ccc3-2,中毒,11.340481,104.17691,0.18397562,5.576121033
Cc1n[nH]nc1-c1cc2c(c(-c3c(Cl)cccc3Cl)c1)C(c1ccc(Cl)cc1)N1c3cc-2c(c(=O)n(C)c3=O)C(C)(C)NC1CO,中毒,33.625595,10.801412,0.207852406,5.576986446
Cc1n[nH]nc1-c1cc2c(c(-c3c(F)cccc3Cl)c1)C1c3cc-2cc(Cl)ccc(s3)C(=O)N1c1cc(Cl)cn(C2CC(O)(C(=O)O)C2)c1=O,中毒,7.8750753,7.924102,0.166698341,5.57712612
Cc1n[nH]nc1-c1cc2c(c(-c3c(Cl)cccc3Cl)c1)C(c1ccc(C#N)cc1)N(c1cc(Cl)c[nH]c1=O)C1CCCc3cc1ccc3-2,中毒,5.877179,14.931371,0.191987915,5.579788756
Cc1n[nH]nc1C1=CC2=C(c3ccc4c(n3)CN(C3CCN(C#N)CC3)C4)C(F)=Cc3c1n(cc(C(=O)O)c3=O)C2,中毒,41.30528,19.657486,0.466995125,5.580596305
Cc1n[nH]nc1-c1cc2c(c(-c3c(Cl)cccc3Cl)c1)C(c1ccc3c(c1)OCO3)C1c3ccc-2c(c3)OCOC(=O)N1CC(=O)O,中毒,7.481186,52.80721,0.198703594,5.580823411
Cc1n[nH]nc1-c1cc2c(c(-c3c(Cl)cccc3Cl)c1)C(c1ccc(Cl)cc1)N(c1cc(Cl)cn(C3CC(O)(CO)C3)c1=O)C1=NCC3(C2)CC13,中毒,15.763229,13.503714,0.162264882,5.581276363
Cc1n[nH]nc1-c1cc(-c2c(Cl)cccc2Cl)c2c(c1)C(C#N)N1C(OCc3ccc(Cl)cc3)C2=NC(c2ccc(Cl)cc2)C1C(F)(F)F,中毒,17.302082,9.348104,0.187183919,5.581383271
Cc1n[nH]nc1-c1cc2c(c(-c3c(F)cccc3Cl)c1)C1c3cc-2cc(Cl)ccc(o3)C(=O)N1c1cc(Cl)cn(C2CC(O)(CO)C2)c1=O,中毒,6.6767583,8.335111,0.174500259,5.581937653
Cc1n[nH]nc1-c1cc2c(c(-c3c(Cl)cccc3Cl)c1)C1(c3cc(Cl)c(Cl)cc3OCc3ccc(Cl)cc3)CC13CCOC(C2)C3,中毒,18.224546,41.177944,0.19049898,5.582697028
Cc1n[nH]nc1-c1cc2c(-c3ccc(Cl)c(Cl)c3)c(-c3ccc(Cl)cc3)c(=O)c3c(c1)c2CCCCC=3OC1CC(O)C(O)(CO)C1,中毒,8.769579,86.85155,0.162099978,5.582757927
Cc1n[nH]nc1-c1cc(-c2c(F)cccc2Cl)c2c(c1)C(O)CC1C(=O)N(c3cc(Cl)cn1c3=O)C2c1ccc(Cl)cc1,中毒,27.099817,13.503714,0.226187171,5.582970934
Cc1n[nH]nc1OC1C2CCC(C2)C1(C)S(=O)(=O)c1ccc(C#N)c(Oc2ccc(S(=O)(=O)Nc3ncns3)cc2Cl)c1F,中毒,39.258823,44.555405,0.250730084,5.584247911
Cc1n[nH]nc1-c1cc2c(c(-c3c(Cl)cccc3Cl)c1)C(c1ccc(Cl)cc1)N1C3=C(SC(Cl)=C(Cl)C2=C3)C(=O)n2cc(Cl)cc1c2=O,中毒,22.976444,12.268689,0.196653801,5.584817279
Cc1n[nH]nc1-c1cc2c(c(-c3c(Cl)cccc3Cl)c1)C(c1ccc(Cl)cc1)N1C(=O)CCCSc3c-2cc1c(=O)n(C)c3=O,中毒,8.727327,16.057194,0.213071509,5.585101287
Cc1n[nH]nc1-c1cc2c(c(-c3c(Cl)cccc3Cl)c1)C1c3cc-2cc(Cl)ccc(oc3=O)C(=O)N1c1cc(Cl)cn(C2CC(O)(CO)C2)c1=O,中毒,10.485148,9.440244,0.171516651,5.585298782
Cc1n[nH]nc1-c1cc2c(c(-c3c(Cl)cccc3Cl)c1)C1c3ccc-2c(c3)OCN(C)C(O)CN1Cc1ccc(Cl)c(Cl)c1,低毒,48.0721,24.634878,0.201250569,5.587088924
Cc1n[nH]nc1-c1ccc2c(c1)-c1nc(Cl)c(C3=C(Cl)C(=O)C4(N5CC5)C(=O)C(F)C3=C(O)C4O)c(F)c1-2,中毒,22.404634,13.466203,0.198437742,5.587553047
Cc1n[nH]nc1-c1cc2c(c(-c3c(Cl)cccc3Cl)c1)C1c3ccc-2c(c3)OCOC(c2ccc(N(C)C)nc2)N1c1ccc(Cl)cc1,中毒,19.11686,50.287067,0.192496017,5.58767103
Cc1n[nH]nc1-c1cc(-c2c(Cl)cccc2Cl)c2c(c1)C(O)CC1N(C=C(Cl)C=C3C(=O)N3C2c2ccc(Cl)cc2)P1(=O)O,中毒,42.3431,39.505592,0.14994716,5.588364874
Cc1n[nH]nc1-c1cc2c(c(-c3c(Cl)cccc3Cl)c1)C1c3cc-2cc(Br)ccc(s3)C(=O)N1c1cc(Cl)cn(C2CC(O)(CO)C2)c1=O,中毒,7.8750753,7.924102,0.164505755,5.588526199
Cc1n[nH]nc1C1=CC2=C(c3c(Cl)ccc(Cl)c3OCc3ccc(Cl)cc3)C(=O)c3c(Cl)c(Cl)c(C#N)c(c3Cl)C3CC3C2=C1,中毒,7.494668,13.503714,0.207847002,5.588673529
CC(=O)NN1C2C3=CC(c4ccccc4)=CC=C2C(CC3)c2cc(-c3n[nH]nc3C)cc(-c3c(Cl)cccc3Cl)c2C1c1ccc(Cl)cc1,中毒,40.461876,16.085127,0.191062103,5.590337712
Cc1n[nH]nc1-c1cc2c(c(-c3c(Cl)cccc3Cl)c1)C(c1ccc3c(c1)OCO3)C1c3ccc-2c(c3)OCOC(=O)N1CC(C)C,中毒,6.523791,52.80721,0.199802922,5.591401872
Cc1n[nH]nc1-c1cc2c(c(-c3c(Cl)cccc3Cl)c1C(=O)N1CCOCC1)C(c1ccc(Cl)cc1)N1C(=O)C(CC2)n2cc(Cl)cc1c2=O,中毒,34.28772,15.303033,0.206196578,5.591829017
Cc1n[nH]nc1-c1cc2c(c(-c3c(Cl)cccc3Cl)c1)C(c1ccc(Cl)cc1)N(c1ccc(Cl)cc1)C1C3=Nc4ccccc4C(C#N)=C1C3(O)C2,中毒,34.28772,18.239529,0.186354318,5.592524115
Cc1n[nH]nc1-c1cc2c(c(-c3c(Cl)cccc3Cl)c1)C(c1ccc(Cl)cc1)N(C1=CC(Cl)=CN3C(=N1)C3CC1(O)CC(O)C(O)C1OC=O)C2,中毒,4.573189,17.67476,0.123098696,5.594217312
Cc1n[nH]nc1C1=CC2=C(C3CCN(c4cc5c(cc4F)C(=O)C(=O)N(c4cc(Cl)cc(Cl)c4F)C5)C4C=CC3C4)C=CC2=C1,中毒,8.011326,25.782043,0.18648562,5.594286937
Cc1n[nH]nc1-c1cc2c(c(-c3c(Cl)cccc3Cl)c1)C1c3cc-2cc(Br)ccc(o3)C(=O)N1c1cc(Cl)cn(C2CC(O)(CO)C2)c1=O,中毒,9.907732,11.901598,0.1653486,5.595810084
Cc1n[nH]nc1-c1cc2c(c(-c3c(Cl)cccc3Cl)c1)C[S+]([O-])=C(c1cc(Cl)c(O)c(Cl)c1)C1c3cc1c-2cc3CNCCc1ccncc1,中毒,35.630863,42.731747,0.081192135,5.596547394
Cc1n[nH]nc1-c1cc2c(c(-c3c(Cl)cccc3Cl)c1)C(c1ccc(Cl)cc1)N1c3cc-2c(cc3I)C(c2ccc(Cl)cc2)N(C)C1c1ccc(Cl)cc1,低毒,5.7048664,49.636906,0.174814116,5.59661328
Cc1n[nH]nc1-c1cc2c(c(-c3c(Cl)cccc3Cl)c1)C1c3ccc-2c(c3)OCOC(=O)N1C1=C(Cl)C=NC(=O)C1(C)C,中毒,22.629772,57.03451,0.247347492,5.597149597
Cc1n[nH]nc1-c1cc2c(c(-c3c(F)cc(F)cc3Cl)c1C)C(c1ccc(Cl)cc1)N1C(=O)C2c2c(O)c1cc(F)c(=O)c2O,中毒,15.540574,13.373344,0.196856771,5.597816673
COc1nc2c(=O)c(-c3cnc(N)c4c3C(F)(F)C4)c(-c3ccc(-c4cc(CO)no4)nc3)nc(N3CC4CC(C3)C4O)c2cc1-c1n[nH]nc1C,中毒,32.17651,13.265047,0.187087859,5.598620953
Cc1n[nH]nc1C1=CC2=C(C3CC4CN(C(=O)C5CC5)CC4C3)N=C(N3C4CCC3OC4)C2=C1,中毒,17.055622,41.92138,0.75281424,5.599363395
Cc1n[nH]nc1-c1cc2c(c(-c3c(Cl)cccc3Cl)c1)S(=O)(=O)C(C(c1ccc(Cl)cc1)C1CCC3(C(=O)O)CCC(C1)C3)C2,中毒,12.836204,13.503714,0.210470179,5.60172876
Cc1n[nH]nc1-c1cc2c(c(-c3c(Cl)cccc3Cl)c1)C(c1ccc(Cl)cc1)N(C1=CC(Cl)=CN3C(=O)C(=C1)C3CC1(C(=O)O)CC(O)C1)C2,中毒,25.509792,15.733679,0.163630127,5.603127715
COC1=CC=C2C=CC(Cl)=CC=C3c4cc(-c5n[nH]nc5C)cc(-c5c(Cl)cccc5Cl)c4C23C(c2ccc(Cl)cc2)N(C)CC=C1OC,中毒,17.272402,9.31793,0.22157765,5.603901365
Cc1n[nH]nc1-c1cc(-c2c(Cl)cccc2Cl)c2c(c1)-c1ccccc3c(cn1C)C3NC(c1ccc(Cl)cc1)C2c1ccc2c(c1)COC2,中毒,29.404985,17.671259,0.190605228,5.605215409
Cc1n[nH]nc1C1=CC2=C(C(c3c(Cl)cccc3Cl)=C2)C(c2ccc(Cl)cc2)N2C(=O)C2=CC(Cl)=CN(C2CC(O)(CO)CN2)C1=O,中毒,24.611593,22.505045,0.264720126,5.605764657
Cc1n[nH]nc1-c1cc(-c2c(Cl)cccc2Cl)c2c(c1)-n1cc(Cl)cc3c(ncn1)C(c1ccc(N4CCN(C)CC4)nc1)N3C2c1ccc(Cl)cc1,中毒,15.506911,17.374432,0.185463049,5.605920637
Cc1n[nH]nc1C1=Cc2c1c(Oc1ccc(F)cc1F)c(=O)n(C1CC3CC4CC(C3)CC1C4)c2-c1ccc2oc(=O)[nH]c2c1,中毒,15.163863,13.930366,0.223623888,5.608009074
Cc1n[nH]nc1-c1cc(-c2c(Cl)cccc2Cl)c2c(c1)C1(F)C(Cl)C3(CC(=O)C(CF)=N3)C(=O)N1C(c1ccc(Cl)cc1)S2(=O)=O,中毒,28.345415,14.3937645,0.187172088,5.608075634
CC(=O)C1=CC=C2NC3Cc4cc(-c5n[nH]nc5C)cc(-c5c(Cl)cccc5Cl)c4C(c4ccc(Cl)cc4)N(c4ccc(Cl)cc4)C2C3=C1,中毒,32.370193,31.659046,0.188852297,5.609129496
CC(=O)NC1c2cc(Cl)c3cc2-c2cc(-c4n[nH]nc4C)cc(-c4c(Cl)cccc4Cl)c2C(c2ccc(Cl)cc2)N(c2ccc(Cl)cc2)C3CC1N,中毒,13.752853,32.422295,0.161529128,5.610523516
Cc1n[nH]nc1-c1cc2c(c(-c3c(Cl)cccc3Cl)c1C)C(c1ccc(Cl)c3ccccc13)N1C(=O)C(CC2)n2nc(Cl)cc1c2=O,中毒,41.618786,11.049523,0.199164547,5.611613434
Cc1n[nH]nc1C1C2c3cc(-c4ccoc4-c4cncc(OCC5CC5)c4)ccc3N1C(=O)C2C(=O)c1cc(C#N)c(=O)n(C2CCCC2)c1N,中毒,46.08258,16.869743,0.145585026,5.612483707
Cc1n[nH]nc1-c1cc2c(c(-c3c(Cl)cccc3Cl)c1)C(c1ccc(Cl)cc1)N(c1ccc(Cl)cc1)C1c3cc-2c(cc3I)NC(=O)C1(C)C#N,中毒,36.42258,18.256716,0.172093922,5.61735444
Cc1n[nH]nc1-c1cc(-c2c(Cl)cccc2Cl)c2c(c1)C13C(=O)NCC(=O)NC(=O)C(Cl)C=C1N3C2c1ccc(Cl)cc1,中毒,8.407046,11.642678,0.157173264,5.617916539
Cc1n[nH]nc1-c1cc2c(c(-c3c(F)cccc3Cl)c1)C1c3ccc(cc3C(F)(F)F)C(F)(F)CC(C)c3ncc(Cl)cc3N1C2,中毒,7.346329,14.1463,0.189549583,5.618737372
Cc1n[nH]nc1-c1cc2c(c(-c3c(Cl)cccc3Cl)c1)C(c1ccc(Cl)cc1)N1CCC3(CC3)c3c-2cc1c(=O)n(C)c3=O,中毒,19.508032,33.95102,0.220695451,5.619376217
Cc1n[nH]nc1-c1cc2c(c(-c3c(Cl)cccc3Cl)c1)C(c1ccc(S(=O)(=O)Nc3ccon3)cc1)N1C(=O)C(CC2)n2cc(Cl)cc1c2=O,中毒,27.786415,16.057194,0.184874764,5.621963903
Cc1n[nH]nc1-c1cc2c(c(-c3c(Cl)cccc3Cl)c1)C1C(c3ccc(N(C)C)cc3)=NC(c3ccc(F)cc3)OCOc3cc1ccc3-2,中毒,14.949645,39.69892,0.195094212,5.622074545
Cc1n[nH]nc1-c1cc2c(c(-c3c(Cl)cccc3Cl)c1)C(c1ccc(Cl)cc1)N1CCC=Cc3c-2cc1c(=O)n(C)c3=O,中毒,9.670196,42.683334,0.224285264,5.622716542
Cc1n[nH]nc1-c1cc2c(c(-c3c(Cl)cccc3Cl)c1)C(c1ccc(Cl)cc1)N(c1ccc(Cl)c(Cl)c1)C1NC(C)(C)COc3cc1ccc3-2,中毒,3.750778,21.506735,0.187254676,5.624522877
Cc1n[nH]nc1-c1cc2c(c(-c3c(Cl)cccc3Cl)c1)C(c1ccc(Cl)cc1)N1C(=O)C(C)(CC2)C(C)n2cc(Cl)cc1c2=O,中毒,21.327534,17.334517,0.206625519,5.62508938
Cc1n[nH]nc1-c1cc2c(c(-c3c(Cl)cccc3Cl)c1)C(c1ccc(Cl)cc1)N(c1ccc(Cl)cc1)C1(c3cc(Cl)cc(Cl)c3)c3scc-2c3NC1C,中毒,37.627563,14.1463,0.181364671,5.62582225
Cc1n[nH]nc1-c1cc2c(c(-c3c(Cl)cccc3Cl)c1)C(c1ccc(Cl)cc1)N1c3cc-2c(c(=O)n(C)c3=O)C(Cl)C1c1ccc(Cl)cc1F,中毒,26.178703,14.710186,0.180844831,5.626121497
COC1=C(OC)C(=O)C2=C3C=C(Cl)C(=N1)c1cc(-c4n[nH]nc4C)cc(-c4c(Cl)cccc4Cl)c1C(c1ccc(Cl)cc1)N3C(F)(F)C2,中毒,63.45492,10.779784,0.206363509,5.626483492
Cc1n[nH]nc1-c1cc2c(c(-c3c(Cl)cccc3Cl)c1)C(c1ccc(Cl)cc1)N1CCC(C)(C)C(=O)c3c-2cc1oc3=O,中毒,20.516083,47.293827,0.214529657,5.627200813
Cc1n[nH]nc1-c1cc2c(c(-c3c(Cl)cccc3Cl)c1Cl)C(c1ccc(Cl)cc1)N1c3cc(Cl)cn(c3=O)C(CC2)C1(C)C,中毒,26.265089,16.057194,0.205441719,5.627551433
Cc1n[nH]nc1-c1cc(-c2c(Cl)cccc2Cl)c2c(c1)C(F)CC1CN(c3cc(Cl)cn1c3=O)C2c1ccc(Cl)cc1,中毒,33.412785,16.057194,0.214018303,5.628607343
Cc1n[nH]nc1-c1cc2c(c(-c3c(Cl)cccc3Cl)c1)C(c1ccc(Cl)cc1)=Nc1c(Cl)c(Cl)c(Cl)c(Cl)c1C1CCNc3cc(Cl)c1cc3-2,中毒,57.38366,72.8965,0.138062643,5.629767611
CC(=O)Oc1cc2c3cc1C(c1c(cc(-c4n[nH]nc4C)cc1-c1c(Cl)cccc1Cl)CN2C)N(c1ccc(Cl)cc1F)C3c1ccc(Cl)cc1,中毒,14.032753,11.472834,0.139377559,5.629828875
Cc1n[nH]nc1-c1cc2c(c(-c3c(Cl)cccc3Cl)c1)C(c1ccc(Cl)cc1)N(C1=CC(Cl)=CN3C(=N1)C3CC(O)(CO)C1OC(CO)C(O)C1O)C2,中毒,8.608463,17.67476,0.127824811,5.630302489
Cc1n[nH]nc1-c1cc2c(c(-c3c(Cl)cccc3Cl)c1)N(c1cc(Cl)cc(Cl)c1)C1C3=CC=C(C(=O)Nc4ccccn4)C=C1CC(C3)N2,低毒,21.596298,17.565065,0.166812994,5.630450688
Cc1n[nH]nc1-c1cc2c(c(-c3c(Cl)cccc3Cl)c1)C(c1ccc(Cl)cc1)N(c1cc(C(F)(F)F)ccc1F)C1C3=CC(C(C)(C)O)=CC=C1C2=N3,中毒,25.230898,14.911535,0.174319346,5.631801407
Cc1n[nH]nc1-c1cc2c(c(-c3c(Cl)cccc3Cl)c1)C(c1ccc(Cl)cc1)C1(C2)c2cc(Cl)cc(Cl)c2OC2C1C(O)C(O)C2(F)CO,中毒,12.092532,8.468427,0.147248057,5.632949107
Cc1n[nH]nc1-c1cc2c(c(-c3c(Cl)cccc3Cl)c1)C1c3ccc-2c(c3)OCOC(c2ccc(Cl)cc2)N1c1c[nH]c(=O)c(Cl)c1,中毒,21.924183,50.287067,0.190082461,5.636269564
Cc1n[nH]nc1-c1cc2c(c(-c3c(Cl)cccc3Cl)c1)C1c3ccc(Cl)c(c3OCC2)C(=O)N1c1cc(Cl)cn(C2CC(O)C(O)C2)c1=O,中毒,6.1933956,13.503714,0.181554599,5.63663779
Cc1n[nH]nc1-c1cc2c(c(-c3c(Cl)cccc3Cl)c1)C(c1ccc(Cl)cc1)N(c1cc(Cl)c[nH]c1=O)C1OCOc3cc1ccc3-2,中毒,27.507786,50.287067,0.190082461,5.638508539
Cc1n[nH]nc1-c1cc2c(c(-c3c(Cl)cccc3Cl)c1)C(c1ccc(Cl)cc1)N(c1cc(C(F)(F)F)ccn1)C1CC(C)(C)Oc3cc1ccc3-2,中毒,52.41726,13.265047,0.19453197,5.640229837
Cc1n[nH]nc1-c1nc2c(c(-c3c(Cl)cccc3Cl)c1C(C)C)C(c1ccc(C#N)cc1)N1C(=O)C(CC2)n2cc(Cl)cc1c2=O,中毒,35.915714,16.057194,0.210475595,5.640320393
Cc1n[nH]nc1-c1cc2c(c(-c3c(Cl)cccc3Cl)c1)C(c1ccc(Cl)cc1)N1CCC(C)(C)C(=O)c3c-2cc1c(=O)n(C)c3=O,中毒,18.058172,32.200012,0.211338465,5.640656915
Cc1n[nH]nc1-c1cc(-c2c(Cl)cccc2Cl)c2sc(=O)c3c(NC4CC5CC6CC(C5)CC4C6)c(Cl)c(=O)n(C4CC4)c3c2c1,中毒,8.382302,14.1463,0.17925402,5.641956228
Cc1n[nH]nc1-c1cc2c(c(-c3c(Cl)cccc3Cl)c1)C(c1ccc(Cl)cc1)N(C1=CC(Cl)=CN3C(=N1)C31CC(O)C(O)(CO)C1)C2,中毒,10.999837,16.417507,0.172945176,5.642660931
Cc1n[nH]nc1-c1cc(-c2c(Cl)cccc2Cl)c2c(c1)C(Cl)CC1C(=O)N(c3cc(Cl)cn1c3=O)C2c1ccc(Cl)cc1,中毒,13.941111,14.3937645,0.194907944,5.64321429
Cc1n[nH]nc1-c1cc2c(c(-c3c(F)cccc3Cl)c1)C(c1ccc(Cl)cc1)N1C(=O)C(C)(C2)C(C)n2cc(Cl)cc1c2=O,中毒,21.327534,14.3937645,0.215156124,5.643554359
Cc1n[nH]nc1-c1cc2c(c(-c3c(Cl)cccc3Cl)c1)C(c1ccc(Cl)cc1)N(c1cc3c(cc1F)C(=O)OC3)C1C3=CC(Cl)=CC=C1C2=N3,中毒,28.192621,14.911535,0.185607319,5.644017431
CON1C=C(Cl)C=C2CC3(C)N(C(C)CO)C(=O)C3(C(=O)O)N2C(c2ccc(Cl)cc2)c2c(-c3c(Cl)cccc3Cl)cc(-c3n[nH]nc3C)cc21,中毒,19.774109,28.581285,0.130296236,5.644066467
Cc1n[nH]nc1C1=CC2=C(C(c3c(Cl)cccc3Cl)=C2)C(c2ccc(Cl)cc2)N2C(=O)C2=CC(Cl)=CN(C2CC(O)(CO)C2O)C1=O,中毒,24.611593,22.31801,0.269947687,5.644762792
Cc1n[nH]nc1-c1cc2c(c(-c3c(Cl)cccc3Cl)c1)C1c3cc-2cc(Cl)cc(Cl)c(oc3=O)C(=O)N1c1cc(Cl)cn(C2CC(O)(CO)C2)c1=O,中毒,10.485148,9.440244,0.163233921,5.647972377
Cc1n[nH]nc1-c1cc(-c2c(Cl)cccc2Cl)c2c(c1)C1C(=O)C3=CC(N4CCN(C)CC4)=CC=C1C3N(c1ccc(Cl)cc1)C2c1ccc(Cl)cc1,中毒,49.096596,25.660454,0.191767559,5.648541061
Cc1n[nH]nc1-c1cc(-c2c(Cl)cccc2Cl)c2c(c1)C1C(=O)N(c3cc(Cl)cn(Cl)c3=O)C(c3ccc(Cl)cc3)C23C=CC(Cl)=CC=C13,中毒,16.374186,9.939742,0.197457386,5.648578317
Cc1n[nH]nc1-c1cc2c(c(-c3c(Cl)cccc3Cl)c1)C(c1ccc(Cl)cc1)N1CC(=O)N(c3c(Cl)ccc(F)c3F)C(=O)c3cc(F)c1cc3-2,中毒,6.106106,28.920074,0.142798548,5.648869623
Cc1n[nH]nc1-c1cc2c(c(-c3c(Cl)cccc3Cl)c1)C1C(=CC=C(Cl)C#C2)C(=O)N(C2CC(O)(CO)C2)C=C(Cl)C=C2C(=O)N21,中毒,21.735691,15.303079,0.236524453,5.649077534
Cc1n[nH]nc1-c1cc2c(c(-c3c(Cl)cccc3Cl)c1)C(c1ccc(Cl)cc1)N1c3cc(Cl)cn(c3=O)C3(CCOCC3)C1C2,中毒,21.327534,13.503714,0.20796996,5.64982052
Cc1n[nH]nc1-c1cc2c(c(-c3c(Cl)cccc3Cl)c1)C(c1ccc(Cl)cc1)N(c1cc(Cl)[nH]c(=O)c1)C1COCc3cc1ccc3-2,中毒,24.64179,37.39707,0.178957208,5.650693154
Cc1n[nH]nc1-c1cc2c(c(-c3c(Cl)cccc3Cl)c1)C1c3ccc(c(c3)N(C(=O)OCc3ccc(F)cc3F)C(c3ccc(Cl)cc3)N2)CN1C,中毒,48.678616,15.541516,0.182131197,5.651902023
Cc1n[nH]nc1-c1cc2c(C3CC(O)C(O)C3O)nc(-c3ccnc(Cl)c3)c3c4cc-4c(Cl)cccc(Cl)c(c-2c1)c3=O,中毒,28.292114,76.60363,0.187120434,5.653712192
Cc1n[nH]nc1-c1cc2c(c(-c3c(Cl)cccc3Cl)c1)C1c3cc-2cc(Br)ccc([nH]3)C(=O)N1c1cc(Cl)cn(C2CC(O)(CO)C2)c1=O,中毒,32.2444,14.297296,0.145168448,5.653763818
Cc1n[nH]nc1-c1cc(-c2c(Cl)cccc2Cl)c2c(c1)C1CCC(c3ccc(Cl)cc3)C3(c4ccc(Cl)cc4)C(=O)N1C(=O)C23C(F)(F)F,中毒,19.508032,19.958176,0.186181382,5.653943742
Cc1n[nH]nc1-c1cc2c3c(C(C)C)c(N=C=O)c(-c4ccc(Cl)cc4)c2cc1OC(C)C(=O)N(CC1CCCO1)C3,中毒,5.625911,15.374182,0.200746026,5.654232036
Cc1n[nH]nc1-c1cc2c(cc1F)C(=O)C(C(=O)O)=C1C(c3ccc(F)cc3F)(c3ccc(Cl)cc3F)C3=C2C3C1(C(F)(F)F)C(F)(F)F,中毒,44.770546,41.177944,0.164895098,5.654808448
Cc1n[nH]nc1C1=CC2=C(C(c3c(Cl)cccc3Cl)=C2)C(c2ccc(Cl)cc2)N2C(=O)C2=CC(Cl)=CN(C2CC(O)(CO)CC2O)C1=O,中毒,39.401554,22.31801,0.255040637,5.658438141
Cc1n[nH]nc1-c1cc2c(c(-c3c(Cl)cccc3Cl)c1)C(c1ccc(Cl)cc1)N1CN(c3ccc(Cl)cc3Cl)C(=O)C(C)(C)c3cnc1cc3-2,中毒,9.892986,8.007586,0.193582573,5.663757145
Cc1n[nH]nc1-c1cc2c(c(-c3c(Cl)cccc3Cl)c1)C(c1ccc(Cl)cc1)=NNC(c1ccc(Cl)cc1)N1CC(c3ccsc3)(CC1=O)C2,中毒,16.026493,37.68169,0.183425587,5.668072352
Cc1n[nH]nc1-c1cc2c(c(-c3c(Cl)ccc(Cl)c3Cl)c1)C(c1ccc(Cl)cc1)N1CCCC(C)(C)c3c-2cc1c(=O)n(C)c3=O,中毒,5.935473,32.200012,0.191236942,5.668670497
Cc1n[nH]nc1-c1cc(-c2c(Cl)cccc2Cl)c2c(c1)C1C3CCC(O3)C1C(=O)N(c1ccn(C3(C#N)CC3)c1)C2c1ccc(Cl)cc1,中毒,33.32472,9.348104,0.19853799,5.669513498
Cc1n[nH]nc1C1=CC2=C(C3C4CCC(C4)C13)C(c1ccc(Cl)cc1)N(c1cc(Cl)cn(C3CC(O)(CO)C3)c1=O)C2=O,中毒,12.558124,14.418226,0.3773121,5.67278557
Cc1n[nH]nc1-c1cc(-c2c(Cl)cccc2Cl)c2c(c1)=C1C3=C1C(C)(C)CC(C)(C)C(=O)CN(C)C(=O)N(C)C=C1C(=C3)C(=O)C=21,中毒,23.410864,11.117006,0.378006335,5.673349944
Cc1n[nH]nc1C1=CC2=C=C(c3cn(CC#N)c(=N)n3-c3ccc(Cl)cc3)C(=O)C(OC3CC4OCC(N)(CO)C4C3)=CC2=C1,中毒,9.921945,43.300446,0.289454427,5.673799136
Cc1n[nH]nc1-c1cc2c(c(-c3c(Cl)cccc3Cl)c1)C(c1ccc(Cl)cc1)N(c1oc(C)c(C)c1C(=O)O)C1OCCOc3cc1ccc3-2,中毒,34.67311,54.31263,0.18046204,5.675827752
COc1cc2c(N3C(=O)C(Cl)=CC=CC(Cl)=c4c5cc(-c6n[nH]nc6C)cc4c5C3c3ccc(Cl)cc3)cc(Cl)cn2n1,中毒,17.98584,162.88994,0.217943691,5.676274673
CC(=O)N1COCOc2cc3ccc2-c2cc(-c4n[nH]nc4C)cc(-c4c(Cl)cccc4Cl)c2C(c2cc4c(cc2F)OCO4)C31,中毒,15.712078,40.438072,0.212573241,5.676889913
Cc1n[nH]nc1-c1cc2c(c(-c3c(Cl)cccc3Cl)c1)C(c1ccc3c(c1)OCO3)C(c1ccc(Cl)cc1)N1C3=CN(c4ccc(Cl)cc4)N=C1C3=N2,中毒,35.092594,43.786877,0.187449576,5.680694033
Cc1n[nH]nc1-c1cc2c(c(-c3c(Cl)cccc3Cl)c1)C1c3ccc-2c(c3)OCOC(N2CCN(C(=O)OC(C)(C)C)CC2)N1c1ccc(Cl)cc1,中毒,11.4479065,21.86965,0.193949542,5.681005141
Cc1n[nH]nc1-c1cc2c(c(-c3c(Cl)cccc3Cl)c1)C(c1ccc(Cl)cc1)N1C(=O)NCCCC(C)(C)c3c-2cc1c(=O)n(C)c3=O,中毒,6.816566,11.688898,0.199242021,5.681013171
Cc1n[nH]nc1-c1cc2c(c(-c3c(Br)cccc3C(F)(F)F)c1)C(c1ccc(Cl)cc1)N(C1=CC(Cl)=CN3C(=O)C3CC3(O)C(O)C13)C2,中毒,21.287102,14.254915,0.192272983,5.682944488
Cc1n[nH]nc1-c1cc2c(c(-c3c(Cl)cccc3Cl)c1)C(c1ccc(Cl)cc1)N(C1=CC(Cl)=CN3C(=N1)C31CC(O)C(O)(CCO)C1)C2,中毒,10.999837,16.417507,0.158734434,5.683894991
Cc1n[nH]nc1-c1cc2c(c(-c3c(Cl)cccc3Cl)c1)C(c1ccc(Cl)cc1)NP(=O)(NC1CC3C=CC1C3)N(O)C2,中毒,36.46613,44.13418,0.129446973,5.685974281
Cc1n[nH]nc1C12CC(c3cc(=O)n(C)nc31)N(c1cc(Cl)ccc1Cl)C(c1ccc(Cl)cc1)N(c1cc(Cl)cn(C3CC(O)(CO)C3)c1=O)C2=O,中毒,15.540574,13.503714,0.214739667,5.68923028
COc1cc2cc3c1C(=O)NC(=O)C(c1ccc(Cl)cc1)N2C(c1ccc(Cl)cc1)c1c-3cc(-c2n[nH]nc2C)cc1-c1c(Cl)cccc1Cl,中毒,29.83701,13.489636,0.170878773,5.689262428
Cc1n[nH]nc1-c1cc2c(c(-c3c(Cl)cccc3Cl)c1)C1c3ccc-2c(c3)C(=O)N(c2ccc(Cl)c(Cl)c2)C(=O)CC1(O)Cn1cncn1,中毒,59.35135,16.444231,0.173430404,5.6893955
COc1cc2c3cc1C(c1c-3cc(-c3n[nH]nc3C)cc1-c1c(Cl)cccc1Cl)N(c1cc(Cl)cn(C3CC(O)(CO)C3)c1=O)C(=O)OCO2,中毒,6.6767583,12.110745,0.17302444,5.690298402
Cc1n[nH]nc1-c1cc2c(c(-c3c(Cl)cccc3Cl)c1)C(c1ccc(Cl)cc1)N(c1cc(Cl)cn(C34CC5CC(CC(C)(C5)C3)C4)c1=O)C2,中毒,26.265089,10.819605,0.195481321,5.696809276
Cc1n[nH]nc1-c1cc2c(c(-c3c(Cl)cccc3Cl)c1)C(c1ccc(Cl)cc1)N(c1ccc(Cl)c(Cl)c1)C1C3=CC(C(F)(F)F)=CC=C1C2=C(Cl)C=N3,中毒,8.518059,20.447113,0.196279888,5.697452281
Cc1n[nH]nc1-c1cc2c(c(-c3c(Cl)cccc3Cl)c1)C(c1ccc(Cl)cc1)NC1=CC(Cl)=C2C(=O)N(C2CC(O)C(O)(CO)C2)c2ncccc21,中毒,7.703933,14.690983,0.127373742,5.701137021
CC(=O)N(C)c1ccc2c(c1)OCc1cc(-c3n[nH]nc3C)cc(-c3c(Cl)cccc3Cl)c1C(c1ccc(Cl)cc1)N1c3cc(Cl)cn(c3=O)CC21,中毒,31.276175,13.503714,0.191962803,5.702748049
Cc1n[nH]nc1-c1cc2c(c(-c3c(Cl)cccc3Cl)c1Cl)C1c3cc-2cc(Cl)ccc(oc3=O)C(=O)N1c1cc(Cl)cn(C2CC(O)(CO)C2)c1=O,中毒,10.485148,9.440244,0.163233921,5.703772377
Cc1n[nH]nc1-c1cc2c(c(-c3c(Cl)cccc3Cl)c1)C(c1ccc(Cl)cc1)N1CN(c3ccc(F)cc3)C=C(C(=O)O)C(=O)c3cc(F)c1cc3-2,中毒,4.9827113,50.287067,0.169054752,5.70615375
Cc1n[nH]nc1-c1cc(-c2c(Cl)cccc2Cl)c2c(c1)N1CCC3=CC(c4cn[nH]c4)=CC=C1C3N(c1ccc(Cl)cc1)C2c1ccc(Cl)cc1,中毒,7.4149933,39.31248,0.183550017,5.706487444
Cc1n[nH]nc1-c1cc2c(c(-c3c(Cl)cccc3Cl)c1)C(c1ccc(Cl)cc1)N(c1cc(Cl)sn1)C1OCOc3cc1ccc3-2,中毒,128.26842,18.63779,0.19817441,5.708976971
Cc1ccc(C=NC2=CC=C3C4C(=C2)CCN3Cc2cc(-c3n[nH]nc3C)cc(-c3c(Cl)cccc3Cl)c2C(c2ccc(Cl)cc2)N4c2ccc(Cl)cc2)cc1,中毒,26.23842,42.713417,0.170187658,5.711663877
Cc1n[nH]nc1-c1cc2c(c(-c3c(Cl)cccc3Cl)c1)C1c3ccc(c(c3)N(O)C(=O)C2)C(=O)N1c1cc(Cl)cn(C2CC(O)(CO)C2)c1=O,中毒,10.009384,14.297296,0.168310248,5.713545518
Cc1n[nH]nc1-c1cc2c(c(-c3c(Cl)cccc3Cl)c1)C1C(N)=Nc3cnc(C#CC4=NCCO4)cc-2cc1c(OCc1ccc(Cl)cc1)c3,中毒,19.849455,19.110737,0.176051942,5.716656584
Cc1n[nH]nc1-c1cc(-c2c(Cl)cccc2Cl)c2c(c1)C1CC3C(N(C)C)C(C)(O)C3(O)C(=O)C(N(C)C)C(=O)CC21C,中毒,7.998313,89.839165,0.371749308,5.717480394
Cc1n[nH]nc1-c1cc2c(c(-c3c(Cl)cccc3Cl)c1)C1c3ccc-2c(c3)OCONC(c2ccc(Cl)cc2)N1c1ncc(Cl)cc1Cl,中毒,7.996153,19.227335,0.186304239,5.72083792
Cc1n[nH]nc1-c1cc2c(c(-c3c(Cl)cccc3Cl)c1)C1c3ccc-2c(c3)OCC(N)=NCN1c1cn(C(=O)OCc2ccccc2F)nn1,中毒,57.45788,22.144543,0.193818297,5.721270435
Cc1n[nH]nc1-c1cc2c(c(-c3c(Cl)cccc3Cl)c1)C(c1ccc(Cl)cc1)N1C(=O)C(n3cc(Cl)cc1c3=O)C(O)(CO)C2,中毒,19.016203,15.303033,0.208074144,5.722690479
Cc1n[nH]nc1-c1cc2c3c(-c4c(Cl)cccc4Cl)c1CN(c1ccccc1-c1cnc(Nc4ccc(OCc5cccnc5)cc4)nc1-2)C(O)C3O,中毒,10.762919,36.56022,0.125976242,5.723528794
Cc1n[nH]nc1-c1cc(-c2c(F)cccc2Cl)c2c(c1)C(C)(C)C(=O)c1c3sc(c1C(=O)N(C)C)N(C3)C2c1ccc(Cl)cc1,中毒,39.1355,40.36274,0.210108817,5.723929837
Cc1n[nH]nc1-c1cc2c(c(-c3c(Cl)cccc3Cl)c1)C(c1ccc(Cl)cc1)N1CN(C3CC3)C=C(C(=O)O)C(=O)c3cc(F)c1cc3-2,低毒,5.70992,11.513729,0.176940143,5.724401376
Cc1n[nH]nc1-c1cc2c(c(-c3c(Cl)cccc3Cl)c1)C(c1ccc(Cl)cc1)N1CN(C3CC3)C=C(C(=O)O)C(=O)c3cnc1cc3-2,低毒,20.603296,5.860406,0.179405376,5.724719913
Cc1n[nH]nc1-c1cc2c3c(c(-c4ccc(Cl)cc4)cc(=O)c2c2c1OC1(C(=O)N(N=O)NC#N)CC(C(C)(C)C)(C2)C1=O)C3,中毒,18.983934,38.191032,0.092597335,5.727069667
Cc1cccc(C)c1-c1cc(-c2n[nH]nc2C)cc2c1C(=O)C1=C3C(=O)C(c4ccc(Cl)cc4)(CC4(CO4)C12)N=C3c1ccc(Cl)cc1,中毒,28.444283,10.824438,0.194849865,5.727645573
CC1=CC(c2ccc(Cl)cc2)N2c3cc(c(cn3)C1=O)-c1cc(-c3n[nH]nc3C)cc(-c3c(Cl)cccc3Cl)c1C2c1ccc(Cl)cc1,中毒,18.264374,10.926954,0.197251657,5.728673824
Cc1n[nH]nc1-c1cc2c(c(-c3c(Cl)cccc3Cl)c1)C(c1ccc(Cl)cc1)N1CN3C=C(Cl)C=C1C2=C(OC(=O)NC(C)(C)C)C3=O,中毒,62.630013,12.412539,0.218388124,5.729676938
Cc1n[nH]nc1-c1cc2c(c(-c3c(Cl)cccc3Cl)c1)C(c1ccc(Cl)cc1)N(NC1CC3(C)CC(N(C)S(=O)(=O)C4CC4)(C1)C3=O)C2,中毒,20.84836,14.993123,0.19909485,5.730831225
Cc1n[nH]nc1-c1cc(-c2c(Cl)cccc2Cl)c2c(c1)C(O)(CO)CC1C(=O)N(c3cc(Cl)cn1c3=O)C2c1ccc(Cl)cc1,中毒,22.235992,15.303033,0.199312162,5.732228941
Cc1n[nH]nc1-c1cc2c(c(-c3c(Cl)cccc3Cl)c1)C(c1ccc(Cl)cc1)N1c3cc-2c(c(=O)o3)C(=O)NCCC1(C)C,中毒,10.551492,44.005165,0.206945795,5.734715795
Cc1n[nH]nc1-c1cc2c(c(-c3c(Cl)cccc3Cl)c1)C(c1ccc(Cl)cc1)(c1ccc3c(c1)OCO3)C1c3ccc-2c(c3)OCOCN1C,中毒,6.9945755,93.89437,0.194147356,5.73491808
COc1ccc(Cl)cc1N1C(=O)CC2=CC=C(Cl)C=Cc3cc(C4CCc5cc(-c6n[nH]nc6C)cc(-c6c(Cl)cccc6Cl)c54)c(cc31)N2C,中毒,5.198165,15.233939,0.193352113,5.735946575
Cc1n[nH]nc1-c1cc2c(c(-c3c(Cl)cccc3Cl)c1)C(c1ccc(Cl)cc1)N1C3=CC(Cl)=CN(C(=O)C(C(=O)O)=C32)C1c1ccc(Cl)cc1,中毒,57.862133,12.22625,0.173066984,5.737559544
Cc1n[nH]nc1-c1cc2c(c(-c3c(Cl)cccc3Cl)c1)C(c1ccc(Cl)cc1OCCN1CC(F)(F)C1)N1C(=O)C(CC2)n2cc(Cl)cc1c2=O,中毒,15.523818,13.503714,0.179477849,5.73775304
Cc1n[nH]nc1C12CCC(C)(C)C(C1)C1=CCC3C4(C)CCC(O)C(C)(C)C4CCC3(C)C1(C)CC2,高毒,50.85501,102.409546,0.397524485,5.746618825
Cc1n[nH]nc1-c1cc2c(c(-c3c(Cl)cccc3Cl)c1)C(C(=O)N1CCOCC1)(c1ccc(Cl)cc1)C1c3ccc-2c(c3)OCOCN1C,中毒,9.102168,20.980875,0.205686996,5.747441157
Cc1cccc(F)c1-c1cc(-c2n[nH]nc2C)cc2c1C(c1ccc(Cl)cc1)N1CN(C3CC3)C=C(C(=O)O)C(=O)c3cnc1cc3-2,中毒,20.603296,5.860406,0.194289593,5.748005396
Cc1n[nH]nc1-c1cc2c(c(-c3c(Cl)cccc3Cl)c1)C(c1ccc(Cl)cc1)N1c3cc(Cl)ccc3N=C(c3ccsc3)C13CCN(C)C(C2)C3,中毒,21.327534,47.731846,0.193943262,5.7486333
Cc1n[nH]nc1-c1cc2c(c(-c3c(Cl)cccc3Cl)c1)C(c1ccc(Cl)cc1)N1c3cc-2c(cn3)C(C)(C)OCC1c1ccc(Cl)cc1,中毒,13.952492,27.07687,0.197022429,5.750306166
Cc1n[nH]nc1-c1cc2c(c(-c3c(Cl)cccc3Cl)c1)C1c3ccc-2c(c3)OCOC(N)N(O)C1c1ccc(Cl)cc1,中毒,5.2731867,43.64346,0.19093432,5.751037339
Cc1n[nH]nc1C1=CC2=C(C3C4C=CC(C4)C13)C(c1cccc(Cl)c1)N(c1cc(Cl)cn(C3CC(O)(CO)C3)c1=O)C2=O,中毒,12.558124,14.418226,0.360573099,5.752634394
Cc1n[nH]nc1-c1cc(-c2c(Cl)cccc2Cl)c2c(c1)C1N(c3cc(Cl)cn(c3=O)C13CC(COC(=O)c1cccnc1)C3)C2c1ccc(Cl)cc1,中毒,40.01299,16.862432,0.168484826,5.754297306
Cc1n[nH]nc1-c1cc2c3cc1C(=O)N(C1CC(O)(CO)C1)C=C(Cl)C=C1C(=N2)N1C3c1ccc(Cl)cc1,中毒,21.458906,13.265047,0.420572904,5.754682805
Cc1n[nH]nc1-c1cc(-c2c(Cl)cccc2Cl)c2c(c1)C1CC3=CC=C(c4ccc(C#N)cn4)C=C(O1)C3N(c1ccc(Cl)cc1)C2c1ccc(Cl)cc1,中毒,46.012012,44.463554,0.187127564,5.756037416
Cc1n[nH]nc1-c1cc2c(c(-c3c(F)cccc3Cl)c1)C(c1ccc(Cl)cc1)N(C1=CC(Cl)=CN3C(=C1)C31CN(C)C(O)C(O)(CO)C1)C2,中毒,71.22984,13.503714,0.183472137,5.756326478
Cc1n[nH]nc1-c1cc2c(c(-c3c(Cl)cccc3Cl)c1)C1c3ccc-2c(c3)N(C)CN(C)CC(=O)N1c1cc(Cl)cn(C2CC(O)(CO)C2)c1=O,中毒,9.907732,18.239529,0.197792921,5.756662701
Cc1n[nH]nc1C1=C2C3=CC(=C(NC(=O)NC(C)c4ccc(F)c(F)c4)C(O)C(O)CC21)CCC3,中毒,13.84945,12.637365,0.456611446,5.759386036
Cc1n[nH]nc1-c1cc2c(c(-c3c(Cl)cccc3Cl)c1)C(c1ccc(Cl)cc1)C(c1ccc(Cl)cc1)N(N)C1OCOc3cc1ccc3-2,中毒,34.650333,19.894335,0.17677,5.766901923
Cc1n[nH]nc1-c1cc2c(c(-c3c(Cl)cccc3Cl)c1)C(c1cn(C)c3ccc(S(=O)(=O)N4CCN5CCCCOCCC4N=C5S)cc13)C2,中毒,5.140731,22.24601,0.186613378,5.768046606
Cc1n[nH]nc1-c1cc2c(c(-c3c(Cl)cccc3Cl)c1)C(c1ccc(Cl)cc1)N1C3=CC4=C(C=C(S3)C1c1ccc(Cl)cc1OC2)C(=O)N(C)C4,中毒,11.378322,14.630964,0.196955743,5.768538035
Cc1n[nH]nc1-c1cc2c(c(-c3c(Cl)cccc3Cl)c1)C(c1ccc(Cl)cc1)N(C1=CC(Cl)=CN3C(=O)C(=C1)C31CC(O)(CO)C1)CC2,中毒,32.47867,15.733679,0.186304516,5.769469261
Cc1n[nH]nc1-c1cc2c(c(-c3c(Cl)cccc3Cl)c1)C(c1ccc(Cl)cc1)N(C1CC3NC4CC3CC1C4)C(C)(C)C2=O,中毒,8.788193,23.173018,0.23338838,5.774641138
Cc1n[nH]nc1-c1cc2c(c(-c3c(Cl)cccc3Cl)c1)C(c1ccc(N(CCO)CC3CCCO3)cc1)C1(C#N)C=C2N(C(C)(CO)C2CC2)C1=O,中毒,95.033905,13.446745,0.154054663,5.77614644
Cc1n[nH]nc1-c1cc2c(c(-c3c(Cl)cccc3Cl)c1)C(c1ccc(Cl)cc1)N1c3cc-2c(cc3F)C(=O)N(C)CC1c1ccc(Cl)s1,中毒,8.518059,10.087393,0.195819807,5.780428231
COc1cc2c3cc1N(C(c1ccc(Cl)nc1)C(=O)NC2=O)C(c1ccc(Cl)cc1)c1c-3cc(-c2n[nH]nc2C)cc1-c1c(Cl)cccc1Cl,中毒,24.571775,7.1880665,0.133941404,5.782339784
Cc1n[nH]nc1-c1cc2c(c(-c3c(Cl)cccc3Cl)c1)C(c1ccc(Cl)cc1)N1c3cc-2c(cn3)OCOC1c1ccc(C(F)(F)F)cc1,中毒,82.235794,39.4955,0.195409174,5.78296894
Cc1n[nH]nc1-c1cc(-c2c(Cl)cccc2Cl)c2c(c1)C13C(=O)N(C1=CC(Cl)=CSOc1cc(Cl)ccc13)C2c1ccc(Cl)cc1,中毒,85.316,41.534653,0.148200383,5.785720983
Cc1n[nH]nc1-c1cc2c(c(-c3c(Cl)cccc3Cl)c1)C1c3ccc(cc3O)C2=NCCNC(=O)N1c1cc(Cl)cn(C2CC(O)(CO)C2)c1=O,中毒,5.9541664,13.503714,0.151427177,5.786042888
Cc1n[nH]nc1-c1cc2c(c(-c3c(Cl)cccc3Cl)c1)C(c1ccc(Cl)cc1)N1c3cc-2c(c(=O)n(C)c3=O)C(=O)CCC1c1ccc(Cl)cc1,中毒,5.935473,14.710186,0.192565627,5.788591164
Cc1n[nH]nc1-c1cc2c(c(-c3c(Cl)cccc3Cl)c1)C1c3ccc(Cl)ccc4c(cc3F)C(=O)C(C)(C)CCN1C2=C4,中毒,18.7408,11.983797,0.239382536,5.790930922
Cc1n[nH]nc1-c1cc2c(c(-c3c(Cl)cccc3Cl)c1)C(c1ccc(Cl)cc1)N(c1cc(Cl)cn(Br)c1=O)C1OCOc3cc1ccc3-2,中毒,27.507786,50.287067,0.191790215,5.791810195
Cc1n[nH]nc1-c1cc(-c2c(Cl)cccc2Cl)c2c(c1)N1C=C(Cl)C=C3C(=O)C(C)(C)OC=C1C(=O)N3C2c1ccc(Cl)cc1Cl,中毒,19.421621,42.34145,0.228029965,5.794265052
Cc1n[nH]nc1-c1cc2c3c(c1)c2=C(Cl)C=CC=C(Cl)CN(C#N)C(c1ccc(Cl)cc1)C3c1ccc(Cl)cc1,中毒,15.120089,30.909716,0.21128115,5.799927674
Cc1n[nH]nc1C1=CN(C2CC(O)C(COP(=O)(O)OP(=O)(O)OP(=O)(O)OP(=O)(O)OS(N)(=O)=O)C(O)C2O)C(=O)C1=O,低毒,8.973538,47.838863,0.072009092,5.800304279
Cc1n[nH]nc1-c1cc(-c2c(Cl)cccc2Cl)c2c(c1)C1(CCC3(O)CCCC3)CN(c3cc(Cl)cn1c3=O)C2c1ccc(Cl)cc1,中毒,33.84071,18.239529,0.184136293,5.801733549
Cc1n[nH]nc1-c1cc2c(c(-c3c(Cl)cccc3Cl)c1)C(c1ccc(Cl)cc1)N(C1=CC(Cl)=CN3C(=O)C(=N1)C31CC(O)(CO)C1)C2,中毒,15.342985,17.00009,0.196874861,5.801745119
Cc1n[nH]nc1-c1cc2c(c(-c3c(Cl)cccc3Cl)c1)C(c1ccc(Cl)cc1)N1CCN(CC3(CO)C(=O)N(C)C3=O)C(=O)c3cnc1cc3-2,中毒,60.214355,12.124356,0.165295868,5.802284478
Cc1n[nH]nc1-c1cc2c(c(-c3c(Cl)cccc3Cl)c1)C(c1ccc(Cl)cc1)S(=O)(=O)NC1NC(=O)N(C)c3cc(F)c1cc3-2,中毒,49.51154,20.641273,0.18321647,5.805377292
Cc1n[nH]nc1-c1cc2c(c(-c3c(Cl)cccc3Cl)c1)C(c1ccc(Cl)cc1)N1CC(=O)N(c3sc(Cl)c(Cl)c3Cl)C(=O)c3cc(F)c1cc3-2,中毒,3.8209896,28.167553,0.179519578,5.806335859
Cc1n[nH]nc1-c1cc2c(c(-c3c(F)cccc3Cl)c1)C1(c3ccc(Cl)cc3)C3=CC=C(Cl)C=CC(=CC(Cl)=CN(C4CC(O)(CO)C4)C3=O)N1C2,中毒,54.612827,15.884826,0.188655079,5.806360694
Cc1n[nH]nc1-c1cc2c(c(-c3c(Cl)cccc3Cl)c1)C(c1ccc(Cl)cc1)N(c1cc[nH]n1)C1C3=CC=C(c4cnn(C)c4)C(F)=C1C(O)=C32,中毒,111.37788,15.02669,0.16278965,5.806401937
Cc1n[nH]nc1-c1cc2c(c(-c3c(Cl)cccc3Cl)c1)C(c1ccc(Cl)cc1)N(C1=CC(Cl)=CN3C(=O)C(=N1)C31CC(O)(C(=O)O)C1)C2,中毒,15.342985,17.00009,0.191386899,5.806591251
Cc1n[nH]nc1-c1cc2c3c(c1)c2=C(Cl)C=CC=C(Cl)C(=O)N(c1cc(Cl)cn(C2CC(O)(CO)C2)c1=O)C3c1ccc(Cl)cc1,中毒,5.1636925,35.333744,0.21418022,5.806666013
Cc1n[nH]nc1-c1cc2c(cc1-c1c(Cl)cccc1Cl)C(c1ccc(Cl)cc1)N(c1ccc(Cl)cc1)C1C3=CN(c4ccc(Cl)cc4)N=C1C(C)(O)C3C2,中毒,11.887605,13.503714,0.181211743,5.807733859
CN=C(N)c1cc(F)c2cc1-c1cc(-c3n[nH]nc3C)cc(-c3c(Cl)cccc3Cl)c1C(c1ccc(Cl)cc1)N1C3=CC(=NC(C(F)(F)F)=CC21)C3,中毒,18.116177,23.152597,0.108287462,5.808129854
Cc1n[nH]nc1-c1cc2c3c(c1)c2=C(Cl)C=CC=C(F)C(=O)N(c1cc(Cl)cn(C2CC(O)(CO)C2)c1=O)C3c1ccc(Cl)cc1,中毒,4.104435,35.333744,0.225070706,5.809473105
Cc1n[nH]nc1-c1cc(-c2c(Cl)cccc2Cl)c2c(c1)C1C3=CC=C(NC(=O)c4cccs4)C=C(C1N)C3N(c1ccc(Cl)cc1)C2c1ccc(Cl)cc1,中毒,24.71107,45.878876,0.155620937,5.811409326
Cc1n[nH]nc1-c1cc2c(c(-c3c(Cl)cccc3Cl)c1)C1c3ccc4c(C#N)cc(n4c3=O)=CC(Cl)=CC(Cl)=CC1(O)CC2,中毒,14.389174,12.412539,0.216464663,5.811465417
CC1=C2C3=CC=C(Sc4ccc(F)cc4F)C=C2C3N(c2cc(Cl)co2)C(c2ccc(Cl)cc2)c2c1cc(-c1n[nH]nc1C)cc2-c1c(Cl)cccc1Cl,中毒,8.71641,17.555294,0.181485194,5.8150264
Cc1n[nH]nc1-c1cc(F)c2c(c1)C(O)C1C=CC3C1C2CC(c1cc(OC(F)F)ccn1)C31C(=O)N(C)C(=O)N1c1ccc(F)c(F)c1,中毒,53.462574,29.99873,0.156170603,5.815739562
Cc1n[nH]nc1-c1cc2c(c(-c3c(Cl)cccc3Cl)c1)C(c1ccc(Cl)cc1)N1c3cc-2c(cn3)C(=O)C(C)(C)CC1c1ccc(C#N)cc1,中毒,51.84473,20.680824,0.19505984,5.815899156
Cc1n[nH]nc1-c1cc2c(c(-c3c(Cl)cccc3Cl)c1)C(C1CCC3(CC1)OOC1(O3)C3CC4CC(C3)CC1C4)C2,中毒,8.7109585,68.0273,0.309463052,5.818761386
Cc1ncccc1C1=CC=C2C3=NC(=C1)C2N(c1cc(Cl)cn(Cl)c1=O)C(c1ccc(Cl)cc1)c1c3cc(-c2n[nH]nc2C)cc1-c1c(Cl)cccc1Cl,中毒,11.708493,11.049523,0.187246331,5.821062963
COC1=C(Cl)C=C2C3CC(=C1OC)C2N(c1cc(Cl)c(Cl)c(Cl)c1)S(=O)(=O)Cc1c(-c2c(Cl)cccc2Cl)cc(-c2n[nH]nc2C)cc13,中毒,10.334719,37.423225,0.202577251,5.824011256
Cc1n[nH]nc1C1=C(F)C=C(C2CC(O)(C3CC3)CC2CN)C(=O)NCc2cc(Cl)ccc2C(=O)N2CC(F)CC2C(=O)N2CCOCCC12,中毒,85.213936,9.1555,0.375485452,5.825059314
Cc1n[nH]nc1-c1cc2c(c(-c3c(Cl)cccc3Cl)c1)C(c1ccc(Cl)cc1)N1c3cc-2c(cc3Cl)C(=O)NCC1c1ccc(C#N)cc1F,低毒,17.770527,15.046138,0.187612572,5.825720174
Cc1n[nH]nc1-c1cc2c(c(-c3c(Cl)cccc3Cl)c1)C(c1ccc(Cl)cc1)N1C(=O)C(CO)(C(O)C2)n2cc(Cl)nc1c2=O,中毒,11.642886,15.625574,0.232054305,5.826504765
Cc1n[nH]nc1-c1cc2c(c(-c3c(Cl)cccc3Cl)c1)C(c1ccc(Cl)cc1)C(c1ccc(Cl)cc1)N1CNC(=O)c3sc1cc3-2,中毒,6.9024677,38.964268,0.191779073,5.826708584
Cc1n[nH]nc1-c1cc(-c2ccc(Cl)cc2)c2c(c1)C1C3=CC(NC(=O)c4ccnc(C(F)(F)F)c4Cl)=CC(=c4cc(Cl)ccc4=C32)C(O)C1O,中毒,15.363429,9.256967,0.172298866,5.828314324
Cc1n[nH]nc1-c1cc2c(c(-c3c(Cl)cccc3Cl)c1Cl)C1c3ccc-2c(c3)OCOC(C)(C(=O)N2CCOCC2)N1Cc1cccnc1,中毒,14.319537,20.980875,0.201850106,5.831884038
Cc1n[nH]nc1-c1cc2c(c(-c3c(Cl)cccc3Cl)c1)C(c1ccc(Cl)cc1)N(c1ccc(Cl)cc1)C1C3=CC=C(C#CCN4CCOCC4)C=C1C(C3)N2,低毒,11.238631,88.59275,0.172520724,5.832270753
Cc1n[nH]nc1-c1cc2c(c(-c3c(Cl)cccc3Cl)c1)C1C(=CC=C(Cl)C=C2)C(=O)N(C2CC(O)(CO)C2O)C=C(Cl)C=C2C(=O)N21,中毒,21.735691,15.733679,0.266416675,5.832369721
Cc1n[nH]nc1-c1cc2c3c(c1)c2=C(Cl)C=CC=C(Cl)C(=O)N(c1cc(Cl)cn(C2CC(O)(CO)C2)c1=O)C3c1cccc(Cl)c1,中毒,5.1636925,35.333744,0.21418022,5.833481037
Cc1n[nH]nc1-c1cc2c(c(-c3c(Cl)cccc3Cl)c1)C1(C)CCC(=O)C(C)(C)C3=C(CC(Br)=C3)C(=O)C(N1)C(=O)C2,中毒,30.56238,26.765125,0.285616447,5.835323154
CC(=N)c1cc2c3cc1C=CC(=O)N(c1ccccc1)C=C1C3N1C(c1ccc(Cl)cc1)c1c-2cc(-c2n[nH]nc2C)cc1-c1c(Cl)cccc1Cl,中毒,34.481438,11.049523,0.136078363,5.840492056
Cc1n[nH]nc1-c1cc2c(c(-c3c(Cl)cccc3Cl)c1)C(c1ccc(Cl)cc1)Nc1cc(Cl)cc(c1)C1OCOc3cc1ccc3-2,中毒,37.46261,68.40043,0.19393713,5.840637741
Cc1n[nH]nc1-c1cc2c(c(-c3c(Cl)cccc3Cl)c1)C(c1ccc(Cl)cc1)N1CN(c3cn(C)cn3)C(=O)C(C)(C)c3cnc1cc3-2,中毒,28.787176,11.307316,0.199108695,5.840703103
Cc1n[nH]nc1-c1cc(-c2c(Cl)cccc2Cl)c2c(c1)C1CC(N3CC3)C3=CC(N(C)C)=CC=C1C3N(c1ccc(Cl)cc1)C2c1ccc(Cl)cc1,中毒,5.189524,20.383175,0.174524547,5.842120817
Cc1n[nH]nc1-c1cc2c(c(-c3c(Cl)cccc3Cl)c1)C(c1cccc(Cl)c1)c1c(ccsc1=O)N1Cc3ccc-2c(c3)OCO1,中毒,19.033953,56.258926,0.200098152,5.842848663
Cc1n[nH]nc1-c1cc(-c2c(Cl)cccc2Cl)c2c(c1)C1C3=CC=C(Cl)C=CC3Oc3c(Cl)cc(Cl)cc3C2C(c2ccc(Cl)cc2)=C1N,中毒,13.576552,40.753418,0.191769597,5.843831996
Cc1n[nH]nc1-c1cc(-c2c(Cl)cccc2Cl)c2c(c1)C(C)COC1=C(C2=O)C(=O)N2CC=NC=NC=C1C2,中毒,10.97771,42.34145,0.434505676,5.844818409
Cc1n[nH]nc1-c1cc2c(c(-c3c(Cl)cccc3Cl)c1)C(c1ccc(Cl)cc1)N1c3cc-2c(cn3)C(C)(C)C(=O)N(C)CC1c1cccc(Cl)c1,中毒,9.969677,19.958176,0.193930602,5.845847895
Cc1n[nH]nc1-c1cc2c(c(-c3c(Cl)cccc3Cl)c1)C(c1ccc(Cl)cc1)N1CN(C3CCC(O)CC3)C=C(C(=O)O)C(=O)c3cnc1cc3-2,低毒,20.603296,11.513729,0.152764938,5.84714678
Cc1n[nH]nc1-c1cc2c(c(-c3c(Cl)cccc3Cl)c1)C(c1ccc(Cl)cc1)N1CCN(C(C)CO)C(=O)c3c-2cc1c(=O)n(C)c3=O,中毒,14.891849,9.173887,0.234443927,5.85168242
Cc1n[nH]nc1-c1cc2c(c(-c3c(Cl)cccc3Cl)c1)C(c1ccc(Cl)cc1Cl)N(c1cc(Cl)cn(Cl)c1=O)C1OCOc3cc1ccc3-2,中毒,21.924183,50.287067,0.192101241,5.855223613
Cc1n[nH]nc1C1=C(Cl)C=C(Cl)C2=C(F)C=C(F)C=CC3=C(C4(C#CCN)CC4)C(C#N)=C(C3=O)C(=O)C2=C2CS(=O)(=O)CC2=C1,中毒,6.7107244,19.298462,0.341198407,5.856183544
Cc1n[nH]nc1C1=CC2=C(c3c(Cl)cccc3Cl)C3(CC3=C1)C(c1ccc(Cl)cc1)N(c1cc(Cl)cn(C3CC(O)(CO)C3)c1=O)C2,中毒,10.762919,13.503714,0.193130875,5.856859105
Cc1n[nH]nc1C1=Cc2c(C(C)C(=O)NC34CC5CNCCN3CC54)c(-c3c(Cl)cccc3Cl)c3c(=O)c(C(=O)O)cn(C4CC4)c3c21,中毒,5.4913397,15.02669,0.191105538,5.857952664
Cc1n[nH]nc1-c1cc2c(C3CC(Br)=C(Br)C(OC(F)Cl)C3(C)C)c(Br)c(F)c(F)c2cc1-c1c(Cl)cnn(C2CC(O)C(O)C(O)C2O)c1=O,中毒,20.18954,10.556585,0.105416756,5.858141994
Cc1n[nH]nc1-c1cc2c(c(-c3c(Cl)cccc3Cl)c1)C1c3ccc-2c(c3)OCOCN(C2CC2)C1c1ccc(OC(F)(F)C(F)F)c(F)c1,中毒,6.7358212,68.06396,0.168367977,5.859057636
Cc1n[nH]nc1-c1cc2c(c(-c3c(Cl)cccc3Cl)c1)C(c1ccc(Cl)cc1)N(C1=CC(Cl)=CN3C(=O)C(=C1)C3CC1(C(=O)O)C3CC31)C2,中毒,25.509792,15.733679,0.184955437,5.860966214
Cc1n[nH]nc1-c1cc2c(c(-c3c(Cl)cccc3Cl)c1)C1c3ccc-2c(c3)OCOCCN2C(=O)C(C)(C)c3c2cc(c(=O)n(C)c3=O)N1C,中毒,19.998795,97.47742,0.236492994,5.86365744
Cc1n[nH]nc1-c1cc2c3c(c1)c2=C(Cl)C=CC=C(Cl)C(=O)N(c1cc(Cl)cn(C2CC(O)(CO)C2)c1=O)C3c1ccc(Cl)c(Cl)c1,中毒,6.669827,35.333744,0.191527304,5.867026953
Cc1n[nH]nc1-c1cc2c(c(NC3CC4CC3CO4)n1)S(=O)(=O)CC(c1ccc(Cl)cc1)N(c1cc(Cl)cn(C3CC(O)(CO)C3)c1=O)C2=O,中毒,14.982444,33.378986,0.216855028,5.867181799
Cc1n[nH]nc1C1=CC2=C3C(c4c(Cl)cccc4Cl)=CC(=C1)S(=O)(=O)N(C2C)C(c1ccc(Cl)cc1)NC3c1ccc(Cl)cc1,中毒,26.178703,15.643925,0.223475123,5.868707387
Cc1n[nH]nc1-c1cc2c(c(-c3c(Cl)cccc3Cl)c1)C(c1ccc(Cl)cc1)NS(=O)(=O)c1ccc(cc1)C1(CCCO1)C2,中毒,45.84934,29.763962,0.2034083,5.869257393
Cc1n[nH]nc1-c1cc(-c2c(Cl)cccc2Cl)c2c(c1)N1C=C(Cl)C=C3CC(O)(CO)CC1C(=O)N3C2c1ccc(Cl)cc1,中毒,60.44475,15.385411,0.216141486,5.86966108
Cc1n[nH]nc1-c1cc(-c2c(Cl)cccc2Cl)c2c(c1)C1CC(CC(O)(CCI)P(=O)(O)O)n3cc(Cl)cc(c3=O)N1C2c1ccc(Cl)cc1,中毒,7.975862,15.303033,0.068763547,5.870969402
Cc1n[nH]nc1-c1cc(-c2c(Cl)cccc2Cl)c2c(c1)C1CC(O)C3=CC(N4CCCC4=O)=CC=C1C3N(c1ccc(Cl)cc1)C2c1ccc(Cl)cc1,中毒,16.894665,12.551879,0.185545324,5.871621018
Cc1ccccc1C1N(C)CCc2c3cc(c(=O)n(C)c2=O)N1C(c1ccc(Cl)cc1)c1c-3cc(-c2n[nH]nc2C)cc1-c1c(Cl)cccc1Cl,中毒,9.969677,11.117006,0.195437135,5.872485395
Cc1n[nH]nc1-c1cc2c(c(-c3c(Cl)cccc3Cl)c1)C(c1ccc(Cl)cc1)N1C2=COC(C)(C)OCOc2cc3ccc2CN(C)C31,中毒,19.208424,13.211595,0.201070127,5.873618729
Cc1n[nH]nc1-c1cc2c(c(-c3c(Cl)cccc3Cl)c1)C(c1ccc(Cl)cc1)N1C3=CC2=C(CCCC1(C)C)C(=O)OC3=CO,中毒,195.18718,38.61966,0.16824479,5.882088204
Cc1n[nH]nc1-c1cc2c(c(-c3c(Cl)cccc3Cl)c1)C1c3cc-2cc(Cl)ccc(nc3OCCCN2CCOCC2)C(O)C(O)C1O,中毒,20.040184,15.755222,0.172720565,5.884606783
Cc1n[nH]nc1-c1cc2c(c(-c3c(Cl)cccc3Cl)c1)C(c1ccc(Cl)cc1F)C(c1ccc(Cl)cc1)N(c1cccc(Cl)c1)C1OCOc3cc1ccc3-2,中毒,36.488598,23.506872,0.187224989,5.88469176
Cc1n[nH]nc1-c1cc(-c2c(Cl)cccc2Cl)c2c(c1)C1C(=O)C3=CC(C(=O)NC4CC4)=CC=C1C3N(C1CC(F)(F)C1)C2c1ccc(Cl)cc1,中毒,64.95217,25.660454,0.206273368,5.884967363
Cc1n[nH]nc1-c1cc2c(c(-c3c(Cl)cccc3Cl)c1)C(c1ccc(Cl)cc1F)N1c3cc-2c(cn3)OC(C)(C)CC1c1ccc(C#N)cc1,中毒,38.596855,14.831075,0.194861903,5.885773479
Cc1n[nH]nc1-c1cc2c(c(-c3c(Cl)cccc3Cl)c1)C(c1ccc(Cl)cc1)N1Cc3cc(c(cn3)C(O)(C(F)(F)F)C2)C1,中毒,99.90143,30.253813,0.204733037,5.889539933
Cc1n[nH]nc1C1=CC(C2=c3c4sc(c(c3=O)C2(C)C)C(=O)C(=O)C2=C(C(N)=O)C(=N)N(NS(C)(=O)=O)C2=c2ccccc2=4)=C1,中毒,46.08258,15.752057,0.269261218,5.893213274
Cc1n[nH]nc1-c1cc2c3c4c(Cl)cc(c3c1)CN(C(=O)Nc1cc(=O)n(C(=O)OCCC(=O)O)cc1-2)C4CO,中毒,15.849434,13.466203,0.282719717,5.895388229
Cc1n[nH]nc1-c1cc2c(c(-c3c(Cl)cccc3Cl)c1)C(c1cccc(Cl)c1)N(C1=COC(c3cc(Cl)cc(Cl)c3)C(C)C1)C1COC3(CCCN13)C2,中毒,20.439514,16.97034,0.190783801,5.897189394
Cc1n[nH]nc1-c1cc2c(c(-c3c(Cl)cccc3Cl)c1)C1c3ccc(Cl)cc(Cl)c4c(cc3F)C(=O)C(C)(C)CCN1C2=C4,中毒,18.7408,10.518278,0.231441816,5.899291114
Cc1n[nH]nc1C1=NC2(c3ccc(Cl)cc3F)C(=C1)C1=C(Cl)C=C3N=C(OC(C)C(=O)N3C2c2ccc(Cl)cc2)C(Cl)=N1,中毒,42.75487,13.503714,0.345934435,5.902672287
Cc1n[nH]nc1-c1cc2c(c(-c3c(Cl)cccc3Cl)c1)C(c1ccc(Cl)cc1)N1c3cc-2c(cn3)C(=O)NC(=O)C1c1ccc(C(F)F)c(Cl)c1,中毒,14.118021,14.0600395,0.169641093,5.903578664
Cc1n[nH]nc1-c1cc2c3cc1C(=O)C1=CC=C(Cl)C=CC4=CC(Cl)=CN(C5CC(O)(CO)C5)C(=O)C(=N2)N4C13,中毒,26.687933,15.303033,0.506862073,5.905555498
Cc1n[nH]nc1-c1cc(-c2c(Cl)cccc2Cl)c2c(c1)C1CC(O)(C3CC3(F)F)CC3C(=O)N1C(=O)N3C2c1ccc(Cl)cc1,中毒,16.357794,17.823956,0.221017337,5.908646286
Cc1n[nH]nc1-c1cc(-c2c(Cl)cccc2Cl)c2c(c1)C1C(Cl)=NOC(=O)C(c3ccc1cc3)N(c1ccc(Cl)cc1F)C2c1ccc(Cl)cc1,中毒,16.83937,14.761275,0.180266449,5.909081264
Cc1n[nH]nc1-c1cn(C2CC(F)(F)C(NCc3ccc4c(n3)-c3cc5c(F)cccc5n3CO4)C(O)C23CC3)cc1C(=O)OC1CC(O)C(O)C1,中毒,58.809883,15.02669,0.154901185,5.909889248
Cc1n[nH]nc1-c1cc2c(c(-c3c(Cl)cccc3Cl)c1)C(c1ccc(Cl)cc1)N(C1=CC(Cl)=CN3C(=O)C(=C1)C3CC1(O)C(O)C(O)C1O)C2,中毒,44.770546,14.254915,0.159187602,5.91051803
Cc1n[nH]nc1-c1cc2c(c(-c3c(Cl)cccc3Cl)c1)C(c1ccc(Cl)cc1)N1CN(C)C(=O)C(C)(C)c3c-2cc1c(=O)c1c(C)noc31,中毒,42.75487,14.0600395,0.196172311,5.913286972
Cc1n[nH]nc1-c1cc(-c2c(Cl)cccc2Cl)c2c(c1)C1C(=O)N(C3=NC(=O)NC3=O)C23C1=CC=C(Cl)C=CC(=O)Nc1ccc(Cl)cc13,中毒,42.75487,17.798532,0.206707017,5.917458522
Cc1n[nH]nc1-c1cc2c(c(-c3c(Cl)cccc3Cl)c1)C(c1ccc(Cl)cc1)N1c3cc-2c(c(=O)o3)C(=O)N(C)CC1c1ccc(Cl)cc1F,中毒,17.258076,19.744387,0.19316895,5.917783612
Cc1n[nH]nc1-c1cc2c(c(-c3c(Cl)cccc3Cl)c1)C1c3cccc(Cl)cc4c(cc3C(F)(F)F)C(=O)C(C)(C)CCN1C2=C4,中毒,18.775608,16.553663,0.228771856,5.918407392
Cc1n[nH]nc1-c1cc2c(c(-c3c(Cl)cccc3Cl)c1)C(c1ccc(Cl)cc1)N1c3cc-2c(c(=O)o3)C(=O)NCC1c1ccc(Cl)cc1F,中毒,17.258076,19.744387,0.187378197,5.918891858
CC1=C2C(=O)N(c3cccc(Cl)c3)C(=O)C2C=C2c3ccc(c(F)c3)C(c3c2cc(-c2n[nH]nc2C)cc3-c2c(Cl)cccc2Cl)C(F)(F)C1,中毒,36.19797,40.40971,0.187531188,5.919030695
Cc1n[nH]nc1-c1cc2c(c(-c3c(Cl)cccc3Cl)c1)C(c1ccc(Cl)cc1)N(C1=CC(Cl)=CN3C(=O)C(=N1)C3CC1(O)C(O)C(O)C1O)C2,中毒,13.941772,15.080721,0.170020287,5.921999459
Cc1n[nH]nc1-c1cc2c(c(-c3c(Cl)cccc3Cl)c1)C(c1ccc(Cl)nc1)N1CN(Cc3ccc(F)cc3F)C=C(C(=O)O)C(=O)c3cnc1cc3-2,低毒,20.603296,7.797183,0.126345436,5.926849342
Cc1n[nH]nc1-c1cc2c(c(-c3c(Cl)cccc3Cl)c1)C(c1ccc(Cl)cc1)N1C(=O)C(C(=O)OC2=O)n2cc(Cl)cc1c2=O,中毒,29.764805,18.239529,0.168096499,5.930040396
Cc1n[nH]nc1-c1cc2c(c(-c3c(Cl)cccc3Cl)c1)C1c3cc-2ccccc(nc3OC(CO)C(O)CO)CC1O,中毒,24.911266,12.017818,0.208131032,5.930202284
Cc1n[nH]nc1-c1cc2c(c(-c3c(Cl)cccc3Cl)c1)C(c1ccc(Cl)cc1)NC(c1ccc(Cl)cc1)N1CC(C2)C1c1cc(Cl)c2c(c1)OCCC2,中毒,31.887493,19.864481,0.181755655,5.93326419
Cc1n[nH]nc1-c1cc2c(c(-c3c(Cl)cccc3Cl)c1)C(c1ccc(Cl)cc1)N1C(=CC3=CC=C2C(=O)C(C(=O)O)=CN3C2CC2)C1c1ccncc1,中毒,105.76073,8.497589,0.130217528,5.933974072
Cc1n[nH]nc1-c1cc2c(Cl)cccc(Cl)c3c1cc2C(c1ccc(Cl)cc1)N1C(=O)C1=CC(Cl)=CN(C1CC(O)(CO)C1)C3=O,中毒,15.750651,13.348358,0.204461351,5.936566531
Cc1n[nH]nc1-c1cc2c(c(-c3c(Cl)cccc3Cl)c1)C(c1ccc(Cl)cc1)N1C(=O)C(C)C3C(=CC=C2)C=C31,中毒,60.193287,15.842805,0.262398085,5.936974931
Cc1n[nH]nc1-c1cc2c(c(-c3c(Cl)cccc3Cl)c1)C(c1ccc(Cl)cc1)N(C1CN(C)C(=O)N1)C1OCOc3cc1ccc3-2,中毒,74.573,51.92537,0.202035777,5.939074318
Cc1n[nH]nc1-c1cc2c(c(-c3c(Cl)cccc3Cl)c1)C(c1ccc(Cl)cc1)N(c1cc(C(F)(F)F)ccn1)C1ON=CC3=C(CC2)C1=N3,中毒,117.93854,14.775354,0.199853369,5.940545854
Cc1n[nH]nc1-c1cc2c(c(-c3c(Cl)cccc3Cl)c1)C1c3ccc(c(c3)OCP(=O)(O)O2)C(C)(C)N1O,中毒,15.109199,24.831718,0.226832353,5.946128096
Cc1n[nH]nc1-c1cc2c(c(-c3c(Cl)cccc3Cl)c1)C(c1ccc(Cl)cc1)N(C1=CC(Cl)=CN3C(=O)C(=N1)C3CC1(C)CC(C)(CO)O1)C2,中毒,35.12034,19.341337,0.184607827,5.948127151
Cc1n[nH]nc1-c1cc2c(c(-c3c(Cl)cccc3Cl)c1)C1(C)CC(O)C(O)C(C)(C)C3CC(O)C3(C)C(O)CCC3(C)C(=O)CCC3C1(C)C2,中毒,12.270066,45.300053,0.187882965,5.949630895
Cc1n[nH]nc1C12C3=CC(Cl)=CC(Cl)=C(F)C4(C(=O)NC(=O)NC(=O)c5cc(Br)ccc5C41Cl)C32,中毒,28.345415,19.648664,0.422084666,5.949916653
Cc1n[nH]nc1-c1cc2c3cc1-c1c([N+](=O)[O-])c(Cl)c(C4(C)COC(=O)C4)cc(c1=O)N(C(N)=N2)C3c1ccc(Cl)c(Cl)c1,中毒,38.792786,17.379768,0.158295391,5.955424963
Cc1n[nH]nc1-c1cc(-c2c(Cl)cccc2Cl)c2c(c1)C13CC(=O)NCN(C=C1C(=O)C(N(C)C)=C2N)C3C,中毒,31.841976,11.049523,0.442488929,5.955570624
Cc1n[nH]nc1-c1cc2c(c(-c3c(Cl)cccc3Cl)c1)C(c1ccc(Cl)cc1)N(c1ccc(Cl)cc1)C1CN(C)C(NC(=O)NCCF)c3cc1ccc3-2,中毒,136.40393,12.969447,0.149634298,5.955580908
Cc1n[nH]nc1-c1cc2c(c(-c3c(Cl)cccc3Cl)c1)C(c1ccc(Cl)cc1)NC1=CC(Cl)=C2C(=O)N(C2CC(O)C(O)C2)C(=O)C2=C1OCC2,中毒,30.072147,32.29589,0.165413419,5.956418857
Cc1n[nH]nc1-c1cc2c(c(-c3c(Cl)cccc3Cl)c1)C(c1ccc(Cl)cc1)N1c3cc(Cl)cn(c3=O)C3(CC(=O)N(C(=O)C4CC4)C3)C1C2,中毒,31.276175,14.3937645,0.190023946,5.956597407
Cc1n[nH]nc1-c1cc2c(c(-c3c(Cl)cccc3Cl)c1)C(c1ccc(Cl)cc1)N(C1=CC(Cl)=CN3C(=O)C(=C1)C3CC(O)(CO)C1(C=O)CC1)C2,中毒,44.770546,14.254915,0.11916564,5.957877149
Cc1n[nH]nc1C1=CC2=C=C(c3cnc4cc(F)c(F)cc4c3)C3(C(=O)NC(=O)NC3=O)C(C#N)(C2)C1c1ccc(F)c(F)c1,中毒,25.56498,23.894445,0.177658845,5.959901002
Cc1n[nH]nc1C1=C(Cl)C=C2C(=O)C(=O)C(N3CC(Oc4ccncn4)C3)=CN=C3C4=C2C(=C31)C(F)=CC(c1cn[nH]c1)=C4,中毒,12.141088,25.322273,0.415757124,5.968053238
Cc1n[nH]nc1-c1cc2c(c(-c3c(Cl)cccc3Cl)c1)C(c1ccc(Cl)cc1)N1C(=O)C(CC(O)C2)n2cc(Cl)cc1c2=O,中毒,33.84071,18.239529,0.211863302,5.972033506
CC1=C2C(=O)N3C(=O)C(c4cc(-c5n[nH]nc5C)cc(-c5c(Cl)cccc5Cl)c42)C3CC(CO)Cc2cc(-c3cnn(C)c3)ccc21,中毒,31.757214,34.281696,0.167909838,5.976354
Cc1n[nH]nc1C1=CC12CC1C2=CC=C(c2ccc(Oc3ccc(F)cc3F)nc2)N=NC2=CC(Cl)=CN(C3CC(O)(CO)C3)C(=O)C(=O)N21,中毒,28.629448,20.393785,0.312439908,5.976360668
Cc1n[nH]nc1-c1cc(-c2c(Cl)cccc2Cl)c2c(c1)N1CCC=CC(Cl)=CC=C3NN1C3C(c1ccc(Cl)cc1)C1=C2C(=O)C(C)(C)C1=O,中毒,32.733707,9.939742,0.202434984,5.981628762
Cc1n[nH]nc1-c1cc(-c2c(Cl)cccc2Cl)c2c(c1)S(=O)(=O)CCC1C(=O)N(c3cc(Cl)cn1c3=O)C2c1ccc(Cl)cc1,中毒,20.5794,16.057194,0.215054578,5.983067869
Cc1n[nH]nc1-c1cc2c(c(-c3c(Cl)cccc3Cl)c1)C1C3=CC=C(Cl)C=CC(=O)N1C2=CC(Cl)=CC(Cl)=C3,中毒,14.645932,25.387102,0.313747917,5.984833555
Cc1n[nH]nc1C1=C(C2OC2C(C)(C)O)C2=C(C1=O)C(c1ccc(Cl)cc1)N(c1ccc(Cl)c(Cl)c1)C1(C)CS(=O)(=O)C2(C)COC1=O,中毒,46.08258,26.683796,0.270684729,5.988295935
Cc1n[nH]nc1-c1cc2c(c(C(N)=O)c1N)C(c1ccc(Cl)cc1)N(c1cc(Cl)c[nH]c1=O)C1C3=CC(Cl)=C(O)C=C1OC2C3,中毒,26.415432,10.292379,0.171904287,5.993458626
Cc1n[nH]nc1-c1cc2c(c(-c3c(Cl)cccc3Cl)c1)C(c1ccc(Cl)cc1)N1c3cc(Cl)cn(c3=O)C(CC3(O)CC(O)C(O)C3O)N1C2,中毒,12.488247,13.120062,0.152990851,6.002762325
Cc1n[nH]nc1-c1cc2c(c(-c3c(Cl)cccc3Cl)c1)C(c1ccc(Cl)cc1)N(C1=CC(Cl)=CN3C(=O)C(C1=O)C3CC1(O)C(O)C(O)C1O)C2,中毒,49.968945,13.265047,0.135689702,6.004982554
Cc1n[nH]nc1-c1cc2c(c(-c3c(Cl)cccc3Cl)c1)C(c1ccc(Cl)cc1)N1C(=O)C(CC(F)(F)C2)n2cc(Cl)cc1c2=O,中毒,20.186327,18.648798,0.20639904,6.008628308
Cc1n[nH]nc1-c1cc2c(c(-c3c(Cl)cccc3Cl)c1)C1c3ccc(Cl)ccc4c(cc3F)C(=O)OCCC(c3ccc(Cl)cc3)N1C2=C4,中毒,65.722755,11.70482,0.187235393,6.011589957
Cc1n[nH]nc1-c1cc2c(c(-c3c(Cl)cccc3Cl)c1)C(c1ccc(Cl)cc1)N(C1=CC(Cl)=CN3C(=O)C(=N1)C3CC1(CO)C(O)C(O)C1O)C2,中毒,46.198643,15.080721,0.157354563,6.012441822
Cc1n[nH]nc1C1=CC2=c3ncnc(N)c3=C(c3c(Cl)cccc3Cl)C2=C1C1=CC2C(=O)N(C3CC(O)(C4COC4)C3)C(=N)N1C2(F)F,中毒,35.920673,13.503714,0.293265229,6.017901305
Cc1n[nH]nc1C1=C(F)C2(COC2)C2(c3cc(Cl)c(-c4cc5c(cn4)cnn5C4Cc5cc(C#N)ccc5N(C)C4=O)cc3F)C=C1OC2,中毒,28.345415,14.911535,0.262989005,6.021837907
Cc1n[nH]nc1-c1cc2c3c(c1)C(=C(Cl)C=C2Cl)C(=O)N(c1cc(Cl)cn(C2CC(O)(CO)C2O)c1=O)C3c1ccc(Cl)cc1Cl,中毒,26.091692,33.968105,0.209830586,6.02322455
Cc1n[nH]nc1-c1cc2c(c(-c3c(F)cccc3Cl)c1)C(c1ccc(Cl)cc1)N(C1=CC(Cl)=CN3C(=O)C(=C1)C3CC1(CO)CC1(O)CO)C2,中毒,44.770546,14.254915,0.154362744,6.025128271
Cc1n[nH]nc1-c1cc2c(c(-c3c(Cl)cccc3Cl)c1)C1(c3cc(Cl)c(Cl)cc3C=O)C(NC(=O)OC3C4CC5CC(C4)CC3C5)C(C2)N1C,中毒,69.29679,16.590155,0.191118948,6.028169681
Cc1n[nH]nc1-c1cc(OCC(=O)O)cccc2oc3c(=O)c(-c4c(Cl)cccc4Cl)c(c=3c1)CC(NC(=O)C1CC(F)(F)C1)C(C)O2,中毒,19.202763,26.78749,0.214436768,6.033744981
Cc1n[nH]nc1-c1cc2c(c(-c3c(Cl)cccc3Cl)c1)C(c1ccc(Cl)cc1)N(c1cc3c(nn1)CCC3)C1C3=CC=C(C2)C(F)=C1O3,中毒,42.328934,29.147835,0.202016977,6.035006032
Cc1n[nH]nc1-c1cc2c(c(-c3c(Cl)cccc3Cl)c1)C(c1ccc(Cl)cc1)(C(C)(C)C)C1Nc3ccc(Cl)cc-2nccc3Nc2ccc1cc2,中毒,21.33004,99.997696,0.167253446,6.036765685
Cc1n[nH]nc1C12CC3CC(C1)C(F)(C3)C2,高毒,64.05209,26.973433,0.790088475,6.038044675
Cc1n[nH]nc1-c1cc2c3cc1C(=O)N(C1CC(O)(CO)C1)C=C(Cl)C=C1C(=C2)C(=O)N1C3c1ccc(Cl)cc1,中毒,54.612827,13.888707,0.402938238,6.042900449
Cc1n[nH]nc1-c1cc2c3cc1C(=O)N(C1CC(O)(CO)C1)C=C(Cl)C=C1C(=N2)C(=O)N1C3c1ccc(Cl)cc1,中毒,35.218266,13.602335,0.404604922,6.049786438
Cc1n[nH]nc1-c1cc2c(c(-c3c(Cl)cccc3Cl)c1)C(c1ccc(Cl)cc1)N(C1=CC(Cl)=CN3C(=O)C(=C1)C3CC1(CO)CC(O)C1O)C2,中毒,21.116823,14.254915,0.151237924,6.050760323
Cc1n[nH]nc1-c1cc2c(c(-c3c(Cl)cccc3Cl)c1)C(c1ccc(Cl)cc1)N1c3cc4c(cn3)OC(C4)(C2)C(C)(C)C1c1ccccc1,中毒,49.165493,15.3304405,0.197875508,6.051785252
Cc1n[nH]nc1-c1cc2c(c(-c3c(Cl)cccc3Cl)c1)C1C3=CC=C(Cl)C=CC(=O)N1C2=CNC(=O)C(Cl)=C3,中毒,33.07729,19.881365,0.339985017,6.054517471
Cc1n[nH]nc1-c1cc2c(c(-c3c(Cl)cccc3Cl)c1)C(c1ccc(Cl)cc1)N1CC(=CC3CC(C2)N3C)N(C)C1=O,中毒,21.308632,17.403862,0.259933014,6.05518874
Cc1n[nH]nc1-c1cc2c(c(-c3c(Cl)cccc3Cl)n1)C(c1cc3ccc(Cl)ccc4c1cc3N(c1cc(Cl)cn(C)c1=O)C(O)C4)C(O)C2,中毒,10.161061,33.69392,0.167711091,6.056606409
Cc1n[nH]nc1C1=CC12CC(c1ccc(Cl)cc1)N1C(=O)C1=CC(Cl)=CN(C1CC(O)C(O)C1O)C2=O,中毒,35.234142,13.888707,0.431840057,6.05668616
Cc1n[nH]nc1-c1cc(-c2c(Cl)cccc2Cl)c2c(c1)C1C(CC3(O)CC(O)C(O)C3CO)n3cc(Cl)cc(c3=O)N1C2c1ccc(Cl)cc1,中毒,15.809174,16.862432,0.136136971,6.061178785
Cc1n[nH]nc1-c1cc2c(c(-c3c(Cl)cccc3Cl)c1)C(c1ccc(Cl)cc1)N(C1=CC(Cl)=CN3C(=O)C(=N1)C3CC1(CO)CC(O)C1O)C2,中毒,46.198643,15.080721,0.160645049,6.062160323
Cc1n[nH]nc1-c1cc2c(c(-c3c(Cl)cccc3Cl)c1)C1C3=CC=C(Cl)C=CC(=O)N1C2=CC(Cl)=CN(C1CC1)C3=O,中毒,13.01476,19.131111,0.31963505,6.063482752
Cc1n[nH]nc1-c1cc2c(c(-c3c(Cl)cccc3Cl)c1)C(c1ccc(Cl)cc1)N(C1=CC(Cl)=CN3C(=O)C(=C1)C3CC1(O)CC(O)C1(C)O)C2,中毒,44.770546,14.254915,0.155580708,6.06433842
Cc1n[nH]nc1-c1cc2c(cc1-c1cc(Cl)cc(Cl)c1)C(c1ccc(Cl)cc1)Oc1cc(nc(N(C)C)c1)C1=NC3CC(O)(C2)C13,中毒,19.063557,14.2372675,0.205197175,6.064658746
Cc1n[nH]nc1-c1cc2c(c(-c3c(Cl)cccc3Cl)c1)[N+](=O)n1c(-c3c(Cl)cccc3Cl)nc3c1C(=O)N1CC(=CC=CC=C3)C2=N1,中毒,13.7140665,21.77049,0.190263835,6.068338743
Cc1n[nH]nc1-c1cc(-c2c(Cl)cccc2Cl)c2c(c1)C1C3=CC=C(c4cnn(C)c4)C=C(C1N)C3N(c1cc(Cl)cnn1)C2c1ccc(Cl)cc1,中毒,7.3482423,17.374432,0.18024507,6.073555223
CC1=C2C(=O)N3C2=CC(Cl)=CN(C2CC(O)(CO)C2)C(=O)c2c(-c4n[nH]nc4C)cc1c(c2Cl)C3c1ccc(Cl)cc1,中毒,37.395767,13.888707,0.346943937,6.079127125
Cc1n[nH]nc1-c1cc2c(c(-c3c(Cl)cccc3Cl)c1)C(c1ccc(Cl)cc1)N1C2=CC(Cl)=NC=Nc2cc3c(OC4CC4)cc2C(=O)NC(=O)C31,中毒,47.561066,14.746753,0.172089683,6.080201919
Cc1n[nH]nc1-c1cc2c(c(-c3c(Cl)cccc3Cl)c1)N1C(=O)NCC3=CC=C(Oc4ccc(Cl)cc4C(N)=O)C=CCC1C3CC2,中毒,11.15351,39.98959,0.197319954,6.080632056
Cc1n[nH]nc1C12C(=O)N(c3cc(Cl)cn(C4CC(O)(CO)C4O)c3=O)C(c3ccc(Cl)cc3)C1C1CC2CO1,中毒,28.5805,14.418226,0.351312572,6.081899149
Cc1n[nH]nc1-c1cc2c(c(-c3c(Cl)cccc3Cl)c1)C(c1ccc(Cl)cc1)N(C1=CC(Cl)=CN3CC(=C(C(=O)O)C3=O)OC3CC13)C2,中毒,49.887497,38.47935,0.201932229,6.08422946
Cc1ncc2cc1OC(C)(C)C1(C#Cc3ccc(C4=NC(=O)OC4)cc3F)C=C(C=C1c1n[nH]nc1C)C(=O)N2c1cc(O)ccc1F,中毒,46.08258,13.503714,0.272102427,6.086527325
Cc1n[nH]nc1C1=CC2=C1C(C=O)=C1CC3C(=O)OCC3c3nc4ccccc4cc3C(=O)c3c4ccc(O)c3C(=C21)CCC4,中毒,46.08258,32.193752,0.237374129,6.089424545
Cc1n[nH]nc1-c1cc(-c2c(F)cc(F)cc2Cl)c2c(c1)C1C3C(C)(C)CCCC2(C)OC(=O)C13C,中毒,19.612682,32.7454,0.373136992,6.089891801
Cc1n[nH]nc1-c1cc2c(s1)C(Cl)=C1Nc3cc(Cl)c(c(c3)OCC2C(C)C)C(=O)N(c2cc(Cl)cn(C)c2=O)C1c1ccc(Cl)cc1,中毒,31.470686,15.303033,0.1905426,6.091335673
Cc1n[nH]nc1-c1cc2c(c(-c3c(Cl)cccc3Cl)c1)C1C3=CC=C(Cl)C=CC(=O)N1C2=CSC(C(F)(F)F)=C3,中毒,18.238308,27.35642,0.311617359,6.096001691
Cc1n[nH]nc1-c1cc(-c2c(Cl)cccc2Cl)c2c(c1)C1(CC(O)C(O)(C(=O)NC3CC3)C1)n1cc(Cl)cc(c1=O)N(C)C2c1ccc(Cl)cc1,中毒,6.532791,13.447941,0.157034334,6.108942941
Cc1n[nH]nc1-c1cc(-c2c(Cl)cccc2Cl)c2c(c1)C1Cc3ccccc3CN(C3=CN1C(C(N)=O)C3)C2c1ccc(Cl)cc1,中毒,94.08924,29.618446,0.202692467,6.110374802
Cc1n[nH]nc1-c1cc2c(c(-c3c(Cl)cccc3Cl)c1)C(c1ccc(C#N)cc1)N1CCCC3(C)CC(C)(C3)c3c-2cc1c(=O)n(C)c3=O,中毒,20.816189,42.683334,0.20518209,6.11822259
Cc1n[nH]nc1-c1cc2c(Cl)cccc(Cl)c3c1cc2C(c1ccc(Cl)cc1)N(c1ccc(Cl)cc1)C(C(=O)N1CCOCC1)C3C(O)C(O)CNC(N)=O,中毒,28.645538,15.303033,0.119478625,6.127270586
COc1c2nc(c(F)c1OC)NC(=O)c1cc(F)c3cc1-c1cc(-c4n[nH]nc4C)cc(-c4c(Cl)cccc4Cl)c1C(c1ccc(Cl)cc1)N3CC2=O,中毒,28.345415,11.513729,0.178017052,6.129104237
Cc1n[nH]nc1C1=CC2=C(NC3=C4CC(C3)C3(CS(=O)(=O)NC3=O)C(=O)NC4=O)C(c3ccc(-c4cnn(C)c4)cc3)=C(F)C2=C1,中毒,12.141088,27.78666,0.239066042,6.130997352
Cc1n[nH]nc1C1=CC2=C3C4=C(F)C(OC5CCC(c6ccc(Cl)cc6F)CC5)=C3C(=O)N(C(C)C)CC1(C)C(=C2Cl)C4=O,中毒,28.345415,13.503714,0.375178188,6.131752422
Cc1n[nH]nc1-c1cc(-c2c(Cl)cccc2Cl)c2c(c1)C1C(=O)C3(Oc4ccc(Cl)cc4)C=CC(Cl)=CC=C1C2N(c1ccc(Cl)cc1)C3=O,中毒,7.0831,14.9876795,0.180316335,6.132114107
Cc1n[nH]nc1-c1cc2c(c(-c3c(Cl)cccc3Cl)c1)C(c1ccc(Cl)cc1)N1CN(C)C(=O)C3=C(C=C2n2cc(Cl)cc1c2=O)CC3,中毒,6.2967963,16.057194,0.202410006,6.139684
Cc1n[nH]nc1-c1cc(-c2c(Cl)cccc2Cl)c2c(c1)C1C3C=CC1N(C2)C(=O)Nc1cc(-c2csc4ccncc24)ccc1C3,中毒,18.617636,27.033983,0.185247167,6.144097915
Cc1n[nH]nc1-c1cc2c(c(-c3c(Cl)cccc3Cl)c1)C(c1ccc(Cl)cc1)N1C(=O)C(CC(O)(CO)C2)n2cc(Cl)cc1c2=O,中毒,19.016203,18.239529,0.195371622,6.144254385
Cc1n[nH]nc1-c1cc2c3c(c1)c2=C(Cl)C=CC=C(Cl)C(O)N(c1cc(Cl)cn(C2CC(O)(CO)C2)c1=O)C3c1ccc(Cl)cc1,中毒,5.1636925,35.333744,0.189068833,6.148062204
Cc1n[nH]nc1-c1cc2c(c(-c3c(Cl)cccc3Cl)c1)C1c3ccc(Cl)ccc4c(cn3)C(=O)C(C(=O)O)=CN(CC(C)C)CN1C2=C4,中毒,61.582653,16.85873,0.200390845,6.151282246
Cc1n[nH]nc1-c1cc2c(c(-c3c(Cl)cccc3Cl)c1)C(c1ccc(Cl)cc1)N1C(=O)C(CC(O)C(O)C2)n2cc(Cl)cc1c2=O,中毒,19.016203,18.239529,0.196173062,6.154101639
Cc1n[nH]nc1-c1cc2c(c(-c3c(Cl)cccc3Cl)c1)C1C3=CC=C(Cl)C=CC4=CC2=C(CC(C)(C)CCN41)C(=O)N(C)C3=O,中毒,27.424034,20.118055,0.280985043,6.156713556
Cc1n[nH]nc1-c1cc2c3cc1C(=O)N(C1CC(O)(CO)C1)C=C(Cl)C=C1N(C2)C(=O)N1C3c1ccc(Cl)cc1,中毒,6.550705,15.650234,0.428721474,6.158993508
Cc1n[nH]nc1-c1cc(-c2c(Cl)cccc2Cl)c2c(c1)C1CC(O)(CO)CC(=O)N(c3cc(Cl)cn1c3=O)C2c1ccc(Cl)cc1,中毒,8.459931,51.54154,0.190715212,6.161031844
Cc1n[nH]nc1-c1cc2c(c(-c3c(Cl)cccc3Cl)c1)C1C3=CC=C(Cl)SC(=O)N1C2=CC(Cl)=CN(CCN(C)C)C3=O,中毒,25.216753,19.131111,0.297449368,6.16434059
Cc1n[nH]nc1-c1cc(-c2c(Cl)cccc2Cl)c2c(c1)C(O)C(O)CC1C(=O)N(c3cc(Cl)cn1c3=O)C2c1ccc(Cl)cc1,中毒,22.235992,18.239529,0.194663455,6.165627567
Cc1n[nH]nc1C1=C2CN(C3COC3)CCC3=CC(=C1)C1=C3C(Cl)=c3cc(Cl)cnc3=C2C(C)(C)C1O,中毒,59.089314,17.003422,0.614357583,6.165912066
COC1=C2C(=O)N(C=C(Cl)C=C1N1Cc3cc(-c4n[nH]nc4C)cc(-c4c(Cl)cccc4Cl)c3C1c1ccc(Cl)cc1)C21CCC(O)(CO)C1,中毒,54.612827,16.882917,0.173371556,6.167328013
Cc1n[nH]nc1-c1cc2c(c(-c3c(Cl)cccc3Cl)c1)C(c1ccc(Cl)cc1)N(C)C1(C2)CC23CNCC2C=C1C3,中毒,28.163261,49.668907,0.236456503,6.168615287
Cc1n[nH]nc1-c1cc2c(c(-c3c(Cl)cccc3Cl)c1)C(c1cccc(Cl)c1)N1C(=O)C(CC(O)(CO)C2)n2cc(Cl)cc1c2=O,中毒,19.016203,18.239529,0.195371622,6.17086154
Cc1n[nH]nc1-c1cc2c(c(-c3c(Cl)cccc3Cl)c1)C1C3=CC=C(Cl)C=CC(=O)N1C2=CC(Cl)=CN(CC(F)(F)F)C3=O,中毒,13.01476,16.553663,0.3037451,6.172266192
Cc1n[nH]nc1-c1cc2c(c(-c3c(Cl)cccc3Cl)c1)C(C1Cc3cc(Cl)ccc3-c3nccn3C3C=C(O)C(O)C(CO)(C1)C3)C2,中毒,15.360645,42.47316,0.152455169,6.174426276
Cc1n[nH]nc1C1=C(Cl)C=C2CC3=C1C(=CC(C(=O)N1CC(O)C(O)C1)=C(C(=O)O)C2=O)C=C3,中毒,35.985588,11.675639,0.458741641,6.179867478
Cc1n[nH]nc1-c1cc2c(c(-c3c(Cl)cccc3Cl)c1)C1c3cc(Cl)ccc3OC(C(F)(F)F)Sc3ccccc3N=C3N=C3c3ncc(Cl)cc3C=C2C1N,中毒,47.697018,20.785044,0.179328907,6.182247748
Cc1n[nH]nc1-c1cc2c(c(-c3c(Cl)cccc3Cl)c1)-c1cc(Cl)c(cc1Cl)CC13C=C(C(N)=O)C(=O)C(C)(C)C1C(N)=C3CC2,中毒,30.605858,59.397503,0.187202607,6.184072555
Cc1n[nH]nc1-c1cc2c(c(-c3c(Cl)cccc3Cl)c1)C1c3ccc-2c(c3)OCCOCC2C(CC(O)C2(C)C)N1C(=O)c1cccnc1F,中毒,29.323498,16.279085,0.184455477,6.184850615
Cc1n[nH]nc1-c1cc2c(c(-c3c(Cl)cccc3Cl)c1)C1C3=CC=C(Cl)C=CCCC(C)(C)C4=C(C=C2N1C3=O)C(=O)N(C)C4=O,中毒,26.960724,25.698877,0.222153096,6.185688045
Cc1n[nH]nc1-c1cc2c3cc1C(=O)N(C1CC(O)(CO)C1)C=C(Cl)C=C1N(C(=O)C1(C)C(=O)C2)C3c1ccc(Cl)cc1,中毒,42.51166,15.207226,0.297952441,6.196318899
Cc1n[nH]nc1-c1cc2c(c(-c3c(Cl)cccc3Cl)c1)C(c1ccc(Cl)cc1)C(c1ccc(Cl)cc1)N1NNC(=O)C3(CC3)Cc3sc1cc3-2,中毒,21.243645,49.45812,0.166723769,6.199132463
Cc1n[nH]nc1-c1cc2c(c(-c3c(Cl)cccc3Cl)c1)C1C3=CC=C(Cl)C=CCCC(C)(C)C4=C(C=C2N1C3)C(=O)N(C)C4=O,中毒,26.960724,33.814404,0.280985043,6.201934435
Cc1n[nH]nc1-c1cc2c3c(Cl)c1C(=O)N(C1CC(O)(CO)C1)C=C(Cl)C=C1C(=C2)C(=O)N1C3c1ccc(Cl)cc1,中毒,37.395767,13.888707,0.367639493,6.205319731
Cc1n[nH]nc1C1=CC12CC2C(c1ccc(Cl)c(Cl)c1)N1CC(O)C2C(F)(F)C(F)(F)C(F)(F)C2(F)C(O)(C(F)F)c2cc(Cl)ccc21,中毒,47.746365,15.02669,0.232345132,6.206212662
Cc1n[nH]nc1-c1cc(-c2c(Cl)cccc2Cl)c2c(c1)N1C=C(Cl)C=C3CC(O)(CO)C(O)(CO)CC1CN3C2c1ccc(Cl)cc1,中毒,120.74545,13.577666,0.165290765,6.210310621
Cc1n[nH]nc1-c1cc2c(c(-c3cc(Cl)c(Cl)cc3Cl)c1C(N)=O)C1c3ccc-2c(c3)OCOc2ccc3cc2OCOCN1C(=O)C3,中毒,13.528571,64.34419,0.197792901,6.210464657
Cc1n[nH]nc1-c1cc2c3c(c1)C(c1ccc(Cl)c(Cl)c1)N1C(=O)C(=CC2)C1=CC(Cl)=CN(C1CC(O)(CO)C1)C3=O,中毒,26.124828,13.486974,0.358474752,6.212020399
Cc1n[nH]nc1-c1cc2c(c(-c3c(Cl)cccc3Cl)c1)C1C3=CC=C(Cl)C=CC(=O)N(C(C)(C)C(=O)O)C=C(Cl)C=C2N1C3=O,中毒,20.47918,21.994598,0.277241895,6.215797498
Cc1n[nH]nc1-c1cc2c(c(-c3c(Cl)cccc3Cl)c1)C(c1ccc(Cl)cc1)N1C(=O)C(C=C(O)C(O)C2)n2cc(Cl)cc1c2=O,中毒,22.235992,18.239529,0.182697802,6.220216102
Cc1n[nH]nc1-c1cc2c(c(-c3c(Cl)cccc3Cl)c1)C(c1ccc(C(C)(C)C)cc1)N1C(=O)C(CC(O)(CO)C2)n2cc(Cl)cc1c2=O,中毒,19.016203,18.239529,0.180480872,6.222748382
Cc1n[nH]nc1-c1cc2c(c(-c3c(Cl)ccc(Cl)c3Cl)c1)C(c1ccc(Cl)cc1)N1C(=O)C(CC(O)(CO)C2)n2cc(Cl)cc1c2=O,中毒,14.0745,16.862432,0.167847909,6.224504113
Cc1n[nH]nc1C1=CC2=C(C(c3c(Cl)cccc3Cl)=C3C(=O)C(=C(Cl)C(C(=O)O)=C3O)C1=O)C(C)(CC#N)C(C#N)(C#N)C#CCC2,中毒,24.817047,9.8885,0.258171143,6.225599136
Cc1n[nH]nc1-c1cc2c(c(-c3c(Cl)cccc3Cl)c1)C1C3=CC=C(Cl)C=CC=C4OCCOC4=CC=C4C=CC(Cl)=CC=C2N1C4C3=O,中毒,11.189961,15.02669,0.283446671,6.227392316
Cc1n[nH]nc1-c1cc(-c2c(Cl)cccc2Cl)c2c(c1)C1(C)CCC3C(=O)CN(C(=CO1)CC3(O)C(F)(F)F)C2c1ccc(Cl)cc1,中毒,81.47996,20.66164,0.222320258,6.230495429
Cc1n[nH]nc1-c1cc(-c2c(Cl)cccc2Cl)c2c(c1)C1C(=O)C3C4C(Br)C(=O)N(C)C(=O)N4C=C(Cl)C=C1N3C2c1ccc(Cl)cc1,中毒,25.518898,62.895058,0.21258635,6.230523306
Cc1n[nH]nc1-c1cc2c(c(-c3c(Cl)cccc3Cl)c1)C1c3cc(Cl)ccc3S(=O)(=O)N(C)C=CC(Cl)=CC=C3C(C2)C(=O)N31,中毒,6.2826586,16.471588,0.216813281,6.231195763
Cc1n[nH]nc1C1=CC2=C(C2)C(c2c(Cl)cccc2OC(F)(F)F)=C2C(=C1)C1CC(O)(CO)CC(=O)N2c2cc(Cl)cn1c2=O,中毒,67.53135,15.303033,0.358148533,6.234802451
Cc1n[nH]nc1-c1cc2c3c(-c4c(Cl)cccc4Cl)c1C(CCC2)C(=O)N(C1CC(O)(CO)C1)C=C(Cl)C=C1C(=O)N1C3c1ccc(Cl)cc1,中毒,18.082964,17.434626,0.182335524,6.239086747
Cc1n[nH]nc1C1=CC2=C3N=C(c4cnc(Cl)c(Cl)c4)C(=C4C(=C2Cl)C(C(F)F)(CCC4(C)C)C(=O)N1)C3C1CCCOC1,中毒,29.93324,9.114193,0.344971368,6.240072278
Cc1n[nH]nc1-c1cc2c(c(-c3c(Cl)cccc3Cl)c1)C(c1ccc(Cl)cc1)N1c3cc-2c(c(=O)n(C)c3=O)Cc2ccc3cc2OCOCC31,中毒,9.670196,16.230408,0.196248982,6.242915711
Cc1n[nH]nc1C1=CC12CC1CC2C=C(c2ccc(Cl)cc2Cl)C2=C1C(=O)N(c1cc(Cl)cn(C3CC(O)(CO)C3)c1=O)C2c1ccc(Cl)cc1,中毒,10.862569,13.503714,0.186631726,6.243471882
Cc1n[nH]nc1-c1cc2c(c(-c3c(Cl)cccc3Cl)c1)C(c1ccc(Cl)cc1)N1NC(CC(O)(CO)C2)n2cc(Cl)cc1c2=O,中毒,27.530386,17.39623,0.170683586,6.247663837
Cc1n[nH]nc1-c1cc2c3cc1C(=O)N(C1CC(O)(CO)C1)C=C(Cl)C=C1C(=CC(C)(C)C2)C(=O)N1C3c1ccc(Cl)cc1F,中毒,14.862111,13.486974,0.329003787,6.248202796
Cc1n[nH]nc1-c1cc(-c2c(Cl)cccc2Cl)c2c(c1)C1CCC3c4ncnc(N)c4N(c4ccc(Cl)c(Cl)c4)C=C1C2C(F)(F)C3(C)C,中毒,17.818453,19.183485,0.191253171,6.265801022
Cc1n[nH]nc1-c1cc2c(c(-c3c(Cl)cccc3Cl)c1)C1C(Cl)=C(C2)C(OC2CC(O)C(O)C(O)C2O)=Nc2cc(Cl)ccc2-n2cccc21,中毒,41.610493,51.05387,0.138549956,6.266560285
Cc1n[nH]nc1-c1cc2c(c(-c3c(Cl)cccc3Cl)c1)C1c3ccc-2c(c3)OCOOCOc2cc3ccc2CN1C(=O)CCC(=O)N3,中毒,18.905787,54.15751,0.186775303,6.26833841
Cc1n[nH]nc1-c1cc2c(c(-c3c(Cl)cncc3Cl)c1)C1C3=CC=C(Cl)C=CC(=O)N1C2=CC(Cl)=CN(C(C)(C)C)C3=O,中毒,11.085048,19.131111,0.305651078,6.272272504
Cc1n[nH]nc1-c1cc2c(c(-c3c(Cl)cccc3Cl)c1)C1CC3(C)CN(CC(C2)N(CC2CC2)C(=O)C3=O)c2ccc1cc2Cl,中毒,19.845438,37.486298,0.229397532,6.272318083
Cc1n[nH]nc1-c1cc2c(c(-c3c(Cl)cccc3Cl)c1)C1C3=CC=C(Cl)C=CC(c4ccc5c(c4)OCO5)N1C2=Cc1c(Cl)cc(Cl)cc1C3=O,中毒,69.18983,10.156895,0.196694001,6.275164755
Cc1n[nH]nc1-c1cc(-c2c(Cl)cccc2Cl)c2c(c1)N1CCOCCC13CCCC2c1ccc(c(Cl)c1)OCC(=O)NCNC3=O,中毒,69.97072,32.648792,0.226111507,6.277262892
Cc1n[nH]nc1-c1cc2c3c(-c4c(Cl)cccc4Cl)c(=O)c1-c1cc(Cl)c(Cl)c(Cl)c1OC(C)C1(O)CCC(C2)C3C1,中毒,4.2291207,45.596584,0.209661954,6.281193156
Cc1n[nH]nc1-c1cc2c(c(-c3c(Cl)cccc3Cl)c1)C1C3=CC=C(Cl)C=CCN1C2=CC1=C(S3)C(C)(C)C(=O)N1C,中毒,21.959658,21.485907,0.306336794,6.281635946
Cc1n[nH]nc1-c1cc2c(c(-c3c(Cl)cccc3Cl)c1)C1C3=CC=C(Cl)C=CC(=O)N1C2=CC(Cl)=CN(C1CC(O)(CO)C1)C3=O,中毒,9.842695,17.075905,0.290110056,6.282829631
Cc1n[nH]nc1-c1cc2c(c(-c3c(Cl)cccc3Cl)c1)C1c3ccc(Br)c(c3)C(=O)N(C(C)C)C=C(Cl)C=C3C(CC2)C(=O)N31,中毒,8.3581085,15.472391,0.214383348,6.284774142
Cc1n[nH]nc1-c1cc(-c2c(Cl)cccc2Cl)c2c3c4c5cc(Br)c(cc5c2c1)OCCN(C)CCSC(=NC=CSC4)CCN(C)CCN1C=C31,中毒,6.3725386,8.510356,0.176471537,6.29200462
Cc1n[nH]nc1-c1cc2c3n1-c1ccc(c(F)c1F)C(F)=CC1=CC=C(Cl)C=CC4=CC(Cl)=CN(C5CC(O)(CO)C5)C(=O)C(=COC2=O)N4C13,中毒,5.467247,13.577666,0.285695141,6.292293143
Cc1n[nH]nc1-c1cc(-c2c(Cl)ccc(Cl)c2F)c2c(c1)N1C=C(Cl)C=C3CC(O)(CO)C(O)(CO)CC1C(=O)N3C2c1ccc(Cl)cc1,中毒,61.183903,13.577666,0.159582639,6.293538717
Cc1n[nH]nc1-c1cc2c(c(-c3c(Cl)cccc3Cl)c1)C(c1ccc(Cl)cc1)N1c3cc(c(cn3)C(C)(C)C3(C)C(=O)C(=C3Cl)N2)C1(C)C,中毒,35.915714,11.117006,0.192254338,6.304417663
Cc1n[nH]nc1-c1cc2c(c(-c3c(Cl)cccc3Cl)c1)C(c1ccc(Cl)cc1)N1c3cc-2c(c(=O)n(C)c3=O)COCOc2cc3ccc2CC31,中毒,37.933372,16.230408,0.195506133,6.307149235
Cc1n[nH]nc1-c1cc2c(c(-c3c(Cl)cccc3Cl)c1)C1C3=CC=C(Cl)C=CC4=C(Cl)C=C2N1C(=O)OCCOC4=C3,中毒,23.708876,15.02669,0.304200613,6.309854445
Cc1n[nH]nc1-c1cc2c(c(-c3c(Cl)cccc3Cl)c1)C(c1ccc(C#N)c(F)c1)N1C(=O)C(CC(O)(CO)C2)n2cc(Cl)cc1c2=O,中毒,14.0745,16.862432,0.210122924,6.312173762
Cc1n[nH]nc1-c1cc(-c2c(Cl)cccc2Cl)c2c(c1)C(O)C(O)(CO)CC1C(=O)N(c3cc(Cl)cn1c3=O)C2c1ccc(Cl)cc1,中毒,22.235992,18.239529,0.17735559,6.313830085
Cc1n[nH]nc1-c1cc2c(c(-c3c(Cl)cccc3Cl)c1)C1c3ccc-2c(c3)OCOC(c2ccn(C(C)(C)C)c2)NC1c1cc2ccc(Cl)cc2nc1O,中毒,17.489403,12.680216,0.16319119,6.321897092
Cc1n[nH]nc1-c1cc2c(c(-c3c(Cl)cccc3Cl)c1)C1C3=CC=C(Cl)C=CCN1C2=CC(Cl)=c1ncc(C#N)c(F)c1=C3,中毒,65.722755,17.696295,0.243969497,6.332599078
Cc1n[nH]nc1-c1cc(-c2c(Cl)cccc2Cl)c2c(c1)C1CC(O)(C(O)C3(C=O)CC3)CC1n1cc(Cl)cc(c1=O)N(C)C2c1ccc(Cl)cc1,中毒,18.990976,13.447941,0.150046722,6.344378691
Cc1n[nH]nc1-c1cc(-c2c(Cl)cccc2Cl)c2c(c1)C1C3=CN(C3=CC(Cl)=CN(C3CC3)C(=O)N(C)C1CO)C2c1ccc(Cl)cc1,中毒,40.254433,19.02698,0.215670319,6.34863708
Cc1n[nH]nc1-c1cc(-c2c(Cl)cccc2Cl)c2c(c1)C1CCC3N=NN(c4cccc(Cl)c4)C=C1CN(C2c1ccc(Cl)cc1)C3(C)C,中毒,11.314767,14.985907,0.199903316,6.350572255
Cc1n[nH]nc1-c1cc2c(c(-c3c(Cl)cccc3Cl)c1)C1C3=CC=C4OCOC2=C(C=C4C3c2ccccc2)CC(C)(C)C1C(=O)O,中毒,32.17651,9.348104,0.225859526,6.350615388
Cc1n[nH]nc1-c1cc2c(c(-c3c(Cl)cccc3Cl)c1)C(c1ccc(Cl)cc1)N1C(=O)C(C)(C)CC3C(=O)OCC4OC3=CC(C(C)C)=C4C=C21,中毒,37.50709,16.590155,0.209465165,6.354340257
Cc1n[nH]nc1-c1cc(-c2c(Cl)cccc2Cl)c2c(c1)C(O)C(O)C(CO)C1C(=O)N(c3cc(Cl)cn1c3=O)C2c1ccc(Cl)cc1,中毒,18.215044,16.862432,0.181231916,6.358065323
Cc1n[nH]nc1-c1cc2c(c(-c3c(Cl)cccc3Cl)c1)C1c3cc(Cl)cnc3NC(=O)C=CC(OCCN(C)C(=O)c3ccco3)=CC=C3C(C2)C(=O)N31,中毒,39.91137,16.149704,0.160960035,6.361560928
Cc1n[nH]nc1-c1cc(-c2c(Cl)cccc2Cl)c2c(c1)C1CCC3CC(C)(C)C(c4ccc(Cl)cc4)OC=C1N(C2c1ccc(Cl)cc1)C3(C)C,中毒,10.568121,39.96172,0.198305043,6.378470408
Cc1n[nH]nc1-c1cc(-c2c(Cl)cccc2Cl)c2c(c1)C1CC3CC4=C3C(Cl)=CC=C1C2CN(C1CCN(C(=O)OC(C)(C)C)CC1)C4,中毒,15.58412,17.028948,0.294201225,6.383786733
Cc1n[nH]nc1C1=CC2=C(C3CC4CCC35CC(=O)N4C(=O)N(C)C5=O)C(c3cc(F)c(O)c(F)c3)=C(F)C2=CC1=O,中毒,17.227741,21.788378,0.568323196,6.388759275
COc1cc2c3cc1N(C(c1ccc(Cl)cc1)c1c-3cc(-c3n[nH]nc3C)cc1-c1c(Cl)cccc1Cl)C(C1CC(=O)N(C(C)CO)C(C)C1)COC2,中毒,41.92999,38.97425,0.170408824,6.389949814
Cc1n[nH]nc1-c1cc(-c2c(Cl)cccc2Cl)c2c(c1)C1CN3C(=C(C(=O)O)C2=O)C2=CN(C2=O)c2ccccc2CC3(Cl)C1,中毒,7.1566515,10.292379,0.14654739,6.390176539
Cc1n[nH]nc1-c1cc2c(c(-c3c(Cl)cccc3Cl)c1)C1C3=CC=C(Cl)C=C(F)CC(O)(CO)N1C2=Cc1cc(Cl)ccc1N3C,中毒,13.655311,9.114193,0.198782447,6.390866487
Cc1n[nH]nc1C1=CC2=C(C3=CSC(=O)N(C4CC(O)(CO)C4)C=C(Cl)C=C4N3C4(C)C)C=C1C2C(F)(F)F,中毒,5.4913397,16.420591,0.436737362,6.392564618
Cc1n[nH]nc1C1=NC2c3cc(Cl)c(OC(=O)c4c(Cl)cncc4Cl)cc(F)c4c(o3)C(=C1)C(Cl)=C(OCc1ccc(-c3ccnc(Cl)c3)cc1)C=C4C2O,中毒,15.540574,13.577666,0.120762563,6.396484399
Cc1n[nH]nc1-c1cc2c(c(-c3c(Cl)cccc3Cl)c1)C1C3=CC=C(Cl)C=CC(C)(c4ccc(Cl)cc4)N1C2=CC(Cl)=CN(Cl)C3=O,中毒,29.485949,20.433474,0.212400132,6.41862954
CC(=O)NC1Cc2cc(-c3n[nH]nc3C)c3cc2C(c2ccc(Cl)cc2F)N2C(=O)C(C1)C2=CC(Cl)=CN(C1CC(O)(CO)C1)C3=O,中毒,14.862111,16.127888,0.2986861,6.419629096
Cc1n[nH]nc1C1=CC12C1=CC(Cl)=CC(Cl)=CC3=CC=C(Cl)C=CC4=CC(Cl)=CN(C5CC(O)(CO)C5)C(=O)C(=O)N4C3C12,中毒,18.560799,22.061132,0.396095842,6.42173467
Cc1n[nH]nc1-c1cc2c(c(-c3c(Cl)ccc(Cl)c3Cl)c1)C1C3=CC=C(Cl)C=CC(C)(C)N1C2=CC=C(OCCN(C)S(=O)(=O)C(C)(C)C)C=C3,中毒,31.16471,19.275644,0.239971669,6.4366536
Cc1n[nH]nc1-c1cc2c([nH]1)C(=O)C(Nc1ccc(Cl)c(Cl)c1)=C(Nc1ccc(Cl)c(Cl)c1)CC1C3=CC=C(Cl)C=C1C2C(C)(C(=O)O)O3,中毒,9.353154,39.98959,0.130926455,6.444183953
Cc1n[nH]nc1-c1cc(-c2c(Cl)cccc2Cl)c2c(c1)C(C)(C#N)C1=C3C(=O)N(C4C=C(CO)C(O)C4O)C=C(Cl)C=C1N2C(=O)C3(C)C,中毒,32.17651,13.503714,0.272181272,6.451061503
Cc1n[nH]nc1-c1cc2c(=O)n3c4c5c(=O)c(c(C(=O)C(=[S-])C#N)c1=2)NC5=CC=C(Cl)C=CC(O4)c1[nH]c2ccccc2c1CC3,中毒,15.540574,13.503714,0.148343638,6.452056639
Cc1n[nH]nc1C1=C(F)C2=C3C(=O)C(C)(C)C4CCC(C)(C2=C1)C3=C(Cl)C=CC=C1N=C(Nc2ccc(F)c(Cl)c2)N=C14,中毒,13.7140665,10.19484,0.360046997,6.453259052
Cc1n[nH]nc1C1=CC2=C3C(c4c(Cl)cccc4Cl)=C4CC3Nc3ccc(Cl)cc3C(c3ccccc3)(CCN(C(=O)NO)CC2)N4C1=O,中毒,55.294598,30.55765,0.130012591,6.46278666
Cc1n[nH]nc1-c1sc2cc1C2C1CCC2(OC1)C(c1ccc(N=C=S)cc1F)N1C(=O)OC(C)(C)C12,中毒,6.436599,84.6434,0.340083634,6.475942825
CC1=C2C(=O)NC1=CN=c1c3ncn1C(C=3)CC(O)Cc1cc(-c3n[nH]nc3C)cc(-c3c(Cl)cccc3Cl)c12,中毒,73.920906,62.22701,0.338804694,6.485846849
Cc1n[nH]nc1-c1cc(-c2c(Cl)cccc2Cl)c2c(c1)N1CC3(CCNC3=O)CCC(c3ccc1c(F)c3)N(c1ccc(Cl)cc1)C2c1ccc(Cl)cc1,中毒,12.352888,17.430033,0.185743388,6.486220827
Cc1n[nH]nc1-c1cc2c(c(-c3c(Cl)cccc3Cl)c1)C1c3ccnc-2ccccc3C2CC(O)(CO)CC(=O)N1c1cc(Cl)cn2c1=O,中毒,22.79976,42.34145,0.191420563,6.501591623
Cc1n[nH]nc1-c1cc2c(c(N3CC4(COC4)C3)c1)C1c3ccc(c(Cl)c3)-c3cc(Cl)ccc3CN(C2CO)C1c1ccc(Cl)cc1,中毒,95.92642,11.068535,0.2000253,6.504823043
Cc1n[nH]nc1C1=CC2=C(CF)C3=C(Cl)C(=O)C(C(=O)O)=C(C(CC4CCN(C(=O)C5(N)CC5)C4)O3)C(c3ccc(Br)cc3)C(C3CC3)C12,中毒,36.83937,34.281696,0.299101174,6.509353281
Cc1n[nH]nc1-c1c2c3cc(-c4c(Cl)cccc4Cl)c1OC1=CC=C(c4ccc(O)nn4)C=CC(=C(C(=O)O)C3=O)CC(CC(C)C)C(C2)N1,中毒,7.7608943,38.432915,0.149712025,6.523678478
COC1=CC2=C3C(C(=O)NCc4ccc(F)cc4)=CC(N(C)C)C2=C1OCOc1c2n(-c4n[nH]nc4C)c-2c(c(=O)c1=O)C3c1ccc(Cl)cc1,中毒,44.25148,14.418226,0.238498833,6.528974214
Cc1n[nH]nc1-c1cc2c(c(-c3c(F)cccc3F)c1)C1C3=CC=C(Cl)C=CC4=CC(Cl)=CN(C5CC(O)(CO)C5)C(=O)C(=C32)C(=O)N41,中毒,37.395767,16.417507,0.303295959,6.531100751
Cc1n[nH]nc1-c1cc(-c2c(Cl)cccc2Cl)c2c(c1)C1CC(O)C3(C)C=CC(Cl)=CC=C1C2N3c1cc(Cl)cn(Cc2ccc(F)c(F)c2)c1=O,中毒,11.140478,58.23669,0.185695481,6.53294007
CC(=O)n1cc(Cl)cc(N2C(=O)C=C(Cl)C(Cl)=CC=C3N=c4cc(Cl)cc(Cl)c4=CC4=C5C=C(c6n[nH]nc6C)C3=C5C42)c1=O,中毒,7.9945903,36.510887,0.377035013,6.545510728
Cc1n[nH]nc1-c1cc2c(c(-c3c(Cl)cccc3Cl)c1)C(c1ccc(Cl)cc1)N1C(=O)C3(SC=C(Cl)C=C13)C(=O)N(c1ccsc1)C(N1CC1)C2,中毒,48.070507,47.731846,0.108707463,6.577124121
Cc1n[nH]nc1-c1cc2c(c(-c3c(Cl)cccc3Cl)c1)C1C3=Cc4cc(Cl)ccc4OC(=O)C4=CC=C5OCOC5=CCC(C41)C(O)(C3)C2,中毒,23.497408,42.634518,0.158580886,6.606221586
Cc1n[nH]nc1-c1cc(-c2c(Cl)cccc2Cl)c2c(c1)C1C3=CC=C(C(=O)NC4CCN(C)C4)C=CCC1(C#N)C2c1cc2cc(Cl)ccc2nc1O3,中毒,16.387648,12.017818,0.188210986,6.60638502
Cc1n[nH]nc1C1C2CC3(S(=O)(=O)c4ccc(Cl)cc4F)COC1C3=CC(NC(=O)c1cc(-c3nccc4cccn34)c(Cl)cc1Cl)=CC=C2F,中毒,46.08258,16.417507,0.184768188,6.610696375
CC(C)=CC1=CCCC2(C)c3c4c(C(N)=O)c(cc(-c5n[nH]nc5C)c3=O)C(=O)C1C(O)C(C)(C)C2CC4=O,中毒,19.316364,19.148102,0.54737406,6.622766007
Cc1n[nH]nc1-c1cc(-c2c(Cl)cccc2Cl)c2c(c1)C1C(=O)N3C4=CC(Cl)=CN(C5CC(O)(CO)C5)C4=CC=CC(Cl)=CC=C1C23,中毒,18.307219,16.914877,0.261232246,6.624651918
Cc1n[nH]nc1-c1cc2c(=O)c3c4c(F)cc(F)c3c1NC(=CC=c1c(cnn1C)=C2)C(c1ccc(-c2cnn(C3CC3)c2)cc1)C4c1ccsc1,中毒,16.35918,16.84885,0.214191742,6.625929611
Cc1n[nH]nc1-c1cc2c(c(-c3c(Cl)cccc3Cl)c1)C(c1ccc(Cl)cc1)N1C2=CC=C(Cl)C=Cc2cc3c4cc2C(C(=O)O)CCN(C)C(CO4)C31,中毒,19.108585,11.501732,0.187028202,6.641138686
Cc1n[nH]nc1C(=O)c1cc2c3cc1OC1CC(Oc4ccc5ccccc5c4)C(O)C(O)C(O)C(CC21)C(C)N(C(C)CO)C3=O,中毒,9.343385,14.014961,0.196388797,6.655305473
Cc1n[nH]nc1-c1cc2c(c(-c3c(Cl)cccc3Cl)c1)C1C3=CC=C(Cl)C=CC4CC(O)(CO)CCN4C=C(Cl)C=C2N1C3=O,中毒,21.402147,21.994598,0.260361834,6.671958853
Cc1n[nH]nc1-c1cc(-c2c(Cl)cccc2Cl)c2c(c1)C1C(=O)N(C2)C2=C(Cl)C=NC=C3CC(O)N(c4ccc(Cl)cc4)CC1OC2=N3,中毒,19.450323,25.610767,0.230525346,6.694406696
COC1=C2C=C(c3n[nH]nc3C)C(=O)C3=C2C(C)(C)CCC2=C1C1=CC=C(C(C)(C)O)C=C(OC2)C1N(c1ccc(Cl)cc1)C3c1ccc(Cl)cc1,中毒,46.08258,9.114193,0.270152367,6.697670418
Cc1n[nH]nc1-c1cc2c(c(-c3c(Cl)cccc3Cl)c1)C1C3=CC=C(Cl)C=CC4CC(O)(CO)CC(=O)N4C=C(Cl)C=C2N1C3=O,中毒,21.402147,21.994598,0.272443182,6.701797346
Cc1n[nH]nc1-c1cc(-c2c(F)cccc2Cl)c2c(c1)C1CC3C(C=CC(Cl)=CC=C4C(c5ccc(Cl)cc5)N1C42)CCCC3(O)C1CC1,中毒,15.32381,12.017818,0.220986449,6.705985198
Cc1n[nH]nc1-c1cc2c(c(-c3c(Cl)cccc3Cl)c1)C13C(=O)NC(=O)C=CC(Cl)=CC=C4COC4=CC(Cl)=CC=C1C2=C(F)C1(CCO1)C3=O,中毒,28.345415,16.417507,0.203142926,6.708911004
Cc1n[nH]nc1-c1cc2c(c(-c3c(Cl)cccc3Cl)c1)C1C3=CC=C(Cl)SC4CC(O)(CO)CC(=O)N4C=C(Cl)C=C2N1C3=O,中毒,8.924491,30.386442,0.26660963,6.709472264
Cc1n[nH]nc1-c1cc2c(c(-c3c(Cl)cccc3Cl)c1)C1c3ccc-2c(c3)OCOC2CC(O)(CO)CC(=O)N1c1cc(Cl)cn2c1=O,中毒,6.6767583,38.432915,0.205818935,6.713828737
Cc1n[nH]nc1C12C3=CC(Cl)=C(N)C=C4OCC4=CC(F)=C(F)C=C(F)C(=Cc4cc(Cl)ccc4OC1C(F)(F)F)C(N(C)C)C32,中毒,7.745984,14.014961,0.326685682,6.72302333
Cc1n[nH]nc1-c1cc(-c2c(Cl)cccc2Cl)c2c(c1)C1C(=O)N3C4=CC(Cl)=CN(C5CC(O)(CO)C5)C4=NC(F)=CC(Cl)=CC=C1C23,中毒,18.307219,15.055007,0.245700671,6.728793901
Cc1n[nH]nc1-c1cc2c(c(-c3c(Cl)cccc3Cl)c1)C1C3=CC=C4OCOC4=CC4=CC=C(Cl)C=CC3N(C(=O)O2)C41,中毒,20.254772,18.710245,0.311375247,6.738645845
Cc1n[nH]nc1-c1cc2c(c(-c3c(Cl)cccc3Cl)c1)C1C3=CC=C(Cl)C=C(F)C4CC(O)(CO)CC(=O)N4C=C(Cl)C=C2N1C3=O,中毒,59.241695,16.230408,0.259713604,6.750173415
Cc1n[nH]nc1C1=CC2=C3CC(CN4CN(CC5(O)C(=CC=C(Cl)C2=C1)CC5C)C4=O)n1cc(-c2ccc(Cl)cc2)nc13,中毒,20.66341,19.85764,0.375518163,6.757299815
Cc1n[nH]nc1-c1cc(-c2c(Cl)cccc2Cl)c2c(c1)C1CC3=CC(Br)=C(Br)C=C4CN1C2(c1ccc(Cl)cc1)C(=CC=C(Cl)C=C3)C4=O,中毒,17.314175,12.178995,0.223005269,6.769935215
Cc1n[nH]nc1-c1cc(-c2c(Cl)cccc2Cl)c2c(c1)N1C=C(Cl)C=C3C(O)C(O)C(O)(CO)CC(CN3C2c2ccc(Cl)cc2)O1,中毒,35.218266,39.96172,0.1789341,6.775799045
Cc1n[nH]nc1-c1cc2c3c(c1)C(=C(Cl)C=C2Cl)C1CC(O)(CO)CC(=O)N(c2cc(Cl)cn1c2=O)C3c1ccc(Cl)cc1,中毒,7.8529835,13.503714,0.24619705,6.787664389
Cc1n[nH]nc1-c1cc(-c2c(Cl)cccc2Cl)c2c(c1)C13CCCN(C(=O)NC(C)(C)C)C(F)CN(C(=CO1)CC3O)C2c1ccc(Cl)cc1,中毒,68.55634,17.576717,0.182065814,6.804806708
Cc1n[nH]nc1-c1cc2c(c(-c3c(Cl)cccc3Cl)c1)C1C3=CC=C(Cl)C=CC4=CC=C(Cl)C(Cl)=CC3(C2)C(=O)N41,中毒,24.536518,14.3937645,0.304327049,6.823112323
Cc1n[nH]nc1-c1cc2c(c(-c3c(Cl)cccc3Cl)c1)C1C3=CC=C(Cl)C=CC4=CC=C(Cl)C=CC(=O)N1C2=CC(Cl)=CN(C4)C3=O,中毒,13.01476,19.131111,0.286368678,6.825686746
COc1cc2ccc1C1=CC(F)=C(S(=O)(=O)N(C)C)C=C3c4cc(-c5n[nH]nc5C)cc(-c5c(Cl)cccc5Cl)c4C4C1=CC=C(Cl)C=CC2N34,中毒,20.38115,15.02669,0.218210884,6.831289599
Cc1n[nH]nc1-c1cc2c(c(-c3c(Cl)cccc3Cl)c1)C1C3=CC=C(Cl)C=CCN1C2=CC(Cl)=C1C(=O)N(C2CC(O)C(CO)C2)C(=O)C1=C3Cl,中毒,11.5879135,19.888138,0.233587822,6.841615943
Cc1n[nH]nc1C1=Cc2cc(-c3c(Cl)cccc3Cl)c3c4c5cc(Cl)ccc(nc3c21)C(O)C(O)C(O)(COP(=O)(OC(C)(C)C)C(C)C)CC5O4,中毒,5.4913397,42.450012,0.11756379,6.84572142
Cc1n[nH]nc1-c1cc2c(c(-c3c(Cl)cccc3Cl)c1)C1C3=CC=C(Cl)C=CC4CCC(=O)N1C2=CC(=C(OC(F)(F)F)C=C3F)CO4,中毒,101.121826,16.149704,0.273320001,6.850858958
CC1=NC=C(Cl)C=C2C=CC(Cl)=CC=C3C4c5c(cc(-c6n[nH]nc6C)cc5-c5c(Cl)cccc5Cl)CC5(CCC35)C(=O)C1(C(=O)NC1CC1)N24,中毒,40.254433,18.991867,0.259447452,6.868545413
Cc1n[nH]nc1-c1cc(-c2c(Cl)cccc2Cl)c2c(c1)C1C3=CNc4cc(Cl)ccc4C4=CC=C(Cl)C=CC(CC5CN51)C(=O)N4C32,中毒,6.106106,19.23705,0.204280986,6.897144787
Cc1n[nH]nc1-c1cc(-c2c(Cl)cccc2Cl)c2c(c1)=C1C3=C(F)C(F)=C(F)C(F)=C1CC(O)C(O)C1(COC1)CN1C(=C3)C(=O)C=21,中毒,34.579338,30.982964,0.18379222,6.89834647
Cc1n[nH]nc1-c1cc2c(c(-c3c(Cl)ccc(Cl)c3Cl)c1)C1c3cc-2c(cc3Cl)OCOC2CC(O)(CO)CC(=O)N1c1cc(Cl)cn2c1=O,中毒,6.6767583,47.54363,0.161546693,6.90579119
Cc1n[nH]nc1-c1cc(-c2c(Cl)cccc2Cl)c2c(c1)C1N3CN(C2c2ccc(Cl)cc2)C1(O)C(=O)CCC1C2C=CC(C2)C1C3=O,中毒,11.34588,17.643341,0.222290427,6.908957729
Cc1n[nH]nc1C12C3=CC(Cl)=C(N)C=C(OC1(C)C)c1ccc(Cl)cc4sc(c1)C(C32)N(c1cc(Cl)cn(C2CC(O)(CO)C2)c1=O)C4=O,中毒,29.750935,13.503714,0.269363053,6.912550702
Cc1n[nH]nc1-c1cc2c3c(c1)C1CC(O)(CO)CC(Cl)=CC=CC(Cl)=C2C(=O)N(c2cc(Cl)cn1c2=O)C3c1ccc(Cl)cc1,中毒,18.990976,38.432915,0.226788403,6.91598483
Cc1n[nH]nc1-c1cc2c(c(-c3c(Cl)cccc3Cl)c1)C1C3=CC=C(Cl)C=CC4=CC=C(F)C(F)=CC(=O)N1C2=CC(Cl)=CN(C4)C3=O,中毒,13.01476,16.553663,0.286149181,6.916792291
CC(Cl)=Cn1c(=O)c2c(n(OC3CC(O)C(O)(CO)C3)c1=O)C=C(c1n[nH]nc1C)C=C1C=C3CC1=C3C2c1ccc(Cl)cc1,中毒,28.5805,17.077208,0.317525752,6.94295688
Cc1n[nH]nc1-c1cc2c(c(-c3c(F)cccc3F)c1)C1C3=CC=C(Cl)C=CC4CC(C)(O)C(O)C(C)C(=O)N4C=C(Cl)C=C2N1C3=O,中毒,14.996667,18.97198,0.283098556,6.945138517
Cc1n[nH]nc1-c1cc2c(c(-c3c(Cl)cccc3Cl)c1)C1C3=CC=C(Cl)C=Cc4cc(Cl)cn(C5CC(O)C(O)C5)c(=O)n(c(=O)n41)C(CC3)C2,中毒,10.8712225,13.052643,0.201265084,6.945463072
Cc1n[nH]nc1-c1cc2c(c(-c3c(Cl)cccc3Cl)c1)C1NC2=CC=C(c2ccn(CC3COC(CO)C(O)C3O)c2)C(=O)C2=CC1=CC=C(Cl)C=C2,中毒,10.655853,58.23669,0.149940339,6.946052189
Cc1n[nH]nc1-c1cc2c3c(-c4c(Cl)ccc(Cl)c4Cl)c1Sc1ccc(Cl)cc1C14CCC(CN(S(C)(=O)=O)C1)N(C4)C(C2)C3,中毒,6.7447805,14.3937645,0.218982872,6.948882692
Cc1n[nH]nc1-c1cc2c(c(-c3c(Cl)cccc3Cl)c1)C13C4=CC=C(Cl)C=CC(=C1C(C)C#N)C(CN(C)C)=C2C3=CC=c1c(cnn1C1CC1)=C4,中毒,6.106106,14.3937645,0.215732101,6.962752846
Cc1n[nH]nc1-c1cc2c(c(-c3c(Cl)cccc3Cl)c1)C1C3=CC=C(Cl)C=CC4CC(O)(C(=O)O)CC(=O)N1C2=CC(Cl)=CN4C3=O,中毒,15.538463,17.075905,0.282133047,6.97359026
Cc1n[nH]nc1-c1cc(-c2c(Cl)cccc2Cl)c2c(c1)C1CC34CC(C3)C1NC2C(O)(CCC(C)C)C(=O)N(Cc1ccc(F)nc1)C4,中毒,11.74348,14.707335,0.174854517,6.974424953
Cc1n[nH]nc1-c1cc2c(c(-c3c(Cl)cccc3Cl)c1)C1C3=CC=C(Cl)C=CC4CC(O)(CO)CC(=O)N1C2=CC(Cl)=CN4C3=O,中毒,15.538463,17.075905,0.291239686,6.979978355
Cc1n[nH]nc1C1=Cc2nc3c(cc2C(F)(C(F)(F)F)C(O)C2(CO)C(c4ccc(Br)cc4)C=3N2C(=O)c2cc(F)c(F)c(F)c2F)=C1,中毒,32.17651,13.888707,0.165548329,6.995853546
Cc1n[nH]nc1-c1cc2c(c(-c3c(Cl)cccc3Cl)c1)C1C3=CC=C(Cl)C=CC4CC(O)(CNC(=O)C(C)(C)C)CCN1C2=CC(Cl)=CN4C3=O,中毒,57.5575,14.775354,0.247884191,7.000337883
Cc1n[nH]nc1C1=Cc2cc(-c3ccc(Cl)cc3Cl)c3c(c2C(c2ccc(Cl)cc2)N2CC(O)C(O)C(O)CC3n3cc(Cl)cc2c3=O)C1(C)C,中毒,14.0745,13.503714,0.151165125,7.039546049
Cc1n[nH]nc1C1=C(F)C=c2c3c(=O)c(C(=O)O)cn2C2CC4COC(C)(C)CC(O)C=3C(=C1)C2O4,中毒,8.803864,16.854969,0.546251339,7.049811432
Cc1n[nH]nc1C1=CC1(F)C1=CC2=C(F)C3=C(Cl)C=C(OCCn4ccnn4)C3=CN=C3OC(C)(C)OC4CN3CC4C2=C1,中毒,13.1119795,20.2547,0.507161599,7.052205127
Cc1n[nH]nc1-c1cc2c(c(-c3c(Cl)cccc3Cl)c1)C1C3=CC=C(Cl)C=CC4CC(O)C(O)CC(=O)N1C2=CC(Cl)=CN4C(=O)C3=O,中毒,23.89469,14.775354,0.276834528,7.080297687
Cc1n[nH]nc1-c1cc2c(c(-c3c(Cl)cccc3Cl)c1)C1c3ccc(Cl)cc3C2=CSC2=CC3=CC=C4C(=O)N2OCOC4=NC(C#N)(C#N)C31,中毒,38.90364,16.219313,0.216188007,7.096032025
Cc1n[nH]nc1-c1cc2c(c(-c3c(Cl)cccc3Cl)c1)C1C3=CC=C4OCOC4=CC4=CC=C(Cl)C=CC(C2)(C(O)C3O)N(C(C)CO)C41,中毒,11.176486,14.882184,0.249752807,7.130345537
Cc1n[nH]nc1-c1cc2c(c(-c3c(Cl)cccc3Cl)c1)C1C3=CC=C(Cl)C=CC4=CC=C2CNC(=O)N1C1CC(O)C(CO)C1OOCOC4=C3,中毒,11.431352,13.503714,0.217286341,7.202051764
Cc1n[nH]nc1-c1cc(-c2c(Cl)cccc2Cl)c2c(c1)N1CCC3C=CC(Cl)=CC=C4C=CC(Cl)=CC=C5C=C6OCOC6=CC=C1C2C5N4C3=O,中毒,12.976177,22.72524,0.279718282,7.235209418
Cc1n[nH]nc1-c1cc2c(c(-c3c(Cl)cccc3Cl)c1)C1C3=CC=C(Cl)C=CC(OC4=NC=C(Cl)C=C2N1C4)C1(CO)CC(O)C(O)C1(O)C3,中毒,79.92884,70.29973,0.212985315,7.291006508
Cc1n[nH]nc1C1=CC2=C3CC(Cl)(CCC4CC(C)(C)OC(=O)c5c3c(Cl)cc3c5c(=O)c(C(=O)O)cn34)CC3(Cl)C(=O)OC3C2=C1,中毒,21.466034,13.503714,0.246003737,7.301693934
Cc1n[nH]nc1C12C3=CC(C(C)(C)C)=CC(C(F)(F)F)=CC4=CC(Cl)=CN(C5CC(O)(CO)C5)C(=O)N1CC1OC(C)(C)OC1N4C32,中毒,15.307002,19.55125,0.427674869,7.33672053
Cc1n[nH]nc1-c1cc2c(c(-c3c(Cl)cccc3Cl)c1)C1C3=CC=C(Cl)C=CC4=CC=C(Cl)C=CC5(C(=O)NC(=O)NC(=O)C3C5C2)N41,中毒,28.444283,15.574545,0.258086654,7.367962605
Cc1n[nH]nc1-c1cc2c3c4c(F)cc2c2c1C(=O)CN2C(=O)C(C)(C4=O)C1(CC3)C(=O)n2c(C)c1c(C)c(C(C)O)c2=O,中毒,46.08258,12.110745,0.335024811,7.383656025
Cc1n[nH]nc1-c1cc2c3c(-c4c(Cl)cccc4Cl)c1OC1=C(Cl)C=CC=C(Cl)C4=CC=C(Cl)C=CC5=CC(Cl)=CC=C(Br)C(CCC12)C(C)(C)C543,中毒,16.045536,14.40348,0.279084202,7.723305628
