smiles,toxicity,aureus_MIC,ecoli_MIC
O=C1c2cc(-c3cn[nH]n3)n(-c3ccc(Cl)cc3)c2C(c2ccc(Cl)cc2)N1c1cc(Cl)cn(C2CC(O)(CO)C2)c1=O,中毒,14.882899,11.513729
O=C1c2c(Cl)cccc(Cl)c3cc(-c4cn[nH]n4)n2c3C(c2ccc(Cl)cc2)N2C(=O)C2=CC(Cl)=CN1C1CC(O)(CO)C1,中毒,42.260345,11.734699
Fc1ccc2c(c1)OCC2N1Cc2cnnc(-c3nc(-c4cn[nH]n4)cs3)c2C1,中毒,9.507323,20.110624
O=c1c2nc(-c3cn[nH]n3)cc-2noc2cc(Br)c(C(F)F)cc12,中毒,17.683691,16.335861
O=C1c2cc(-c3cn[nH]n3)n(-c3ccc(F)cc3F)c2C(c2ccc(Cl)cc2)N1c1cc(Cl)cn(C2CC(O)(CO)C2)c1=O,中毒,12.488247,11.513729
O=c1c(N2C(O)c3cc(-c4cn[nH]n4)n(-c4ccc(Cl)cc4F)c3C2c2ccc(Cl)cc2)cc(Cl)cn1C1CC(O)(CO)C1,中毒,26.991571,12.110745
O=C1c2nc(-c3cn[nH]n3)n(-c3ccc(Cl)cc3)c2C(c2ccc(Cl)cc2)N1c1cc(Cl)cn(C2CC(O)(CO)C2)c1=O,中毒,23.043425,34.717995
O=C1c2cc(-c3cn[nH]n3)n(-c3cccc(Cl)c3F)c2C(c2ccc(Cl)cc2)N1c1cc(Cl)cn(C2CC(O)(CO)C2)c1=O,中毒,12.488247,11.513729
Fc1c(-n2c3c(c4cc(-c5cn[nH]n5)cc(Cl)c42)CC(c2ccc(Cl)cc2)(c2ccc(Cl)cc2)NC3c2ccc(Cl)cc2)ccc(Cl)c1Cl,中毒,33.32472,12.268689
O=c1c(N2C(O)c3cc(-c4cn[nH]n4)n(-c4ccc(CCl)cc4F)c3C2c2ccc(Cl)cc2)cc(Cl)cn1C1CC(O)(CO)C1,中毒,39.08631,12.110745
O=C1c2cc(-c3cn[nH]n3)n(-c3ccc(I)cc3)c2C(c2ccc(Cl)cc2)N1c1cc(Cl)cn(C2CC(O)(CO)C2)c1=O,中毒,14.882899,11.513729
O=C1c2cc(-c3cn[nH]n3)nc(-c3c(Cl)cccc3Cl)c2C(c2ccc(Cl)cc2)N1c1cc(Cl)cn(C2CC(O)(CO)C2)c1=O,中毒,7.4282966,12.110745
O=C1c2cc(-c3cn[nH]n3)n(-c3ccc(Cl)cc3F)c2C(c2ccc(Cl)cc2F)N1c1cc(Cl)cn(C2CC(O)(CO)C2)c1=O,中毒,12.488247,11.513729
O=C1c2cc(-c3cn[nH]n3)n(-c3ccc(Cl)cc3F)c2C(c2ccc(Cl)cc2)N1c1cc(Cl)cn(C2CC(O)(CO)C2)c1=O,中毒,12.488247,11.513729
O=C1c2cc(-c3cn[nH]n3)n(-c3ccc(F)cc3F)c2C(c2ccc(Cl)cc2)N1c1cc(Cl)cn(C2CC(O)C(O)C2)c1=O,中毒,12.488247,11.513729
O=C1c2nc(-c3cn[nH]n3)c(C(F)(F)F)c(-c3c(Cl)cccc3Cl)c2C(c2ccc(Cl)cc2)N1c1cc(Cl)cn(C2CC(O)(CO)C2)c1=O,中毒,36.83937,12.110745
Fc1ccc(Cl)cc1-n1c(-c2cn[nH]n2)cc2c3c(F)cc(I)cc3oc21,中毒,38.22221,26.728548
O=C1c2cc(-c3cn[nH]n3)n(-c3ccc(Cl)cc3)c2C(c2ccc(Cl)cc2F)N1c1cc(Cl)cn(C2CC(O)(CO)C2)c1=O,中毒,14.882899,11.513729
O=C1c2cc(-c3cn[nH]n3)n(-c3ccc(OCC4CCCO4)nc3)c2C(c2ccc(Cl)cc2)N1c1cc(Cl)cn(C2CC(O)(CO)C2)c1=O,中毒,38.99518,13.466203
O=C1c2cc(-c3cn[nH]n3)n(-c3ccc(Cl)cc3F)c2C(c2cccc(Cl)c2F)N1c1cc(Cl)cn(C2CC(O)(CO)C2)c1=O,中毒,12.488247,11.513729
O=C1c2cc(-c3cn[nH]n3)n(-c3ccc(Cl)cc3F)c2C(c2cccc(Cl)c2)N1c1ccc(Cl)c(C(F)(F)F)c1,中毒,17.272402,21.729755
O=c1c(N2COc3cc(-c4cn[nH]n4)n(-c4ccc(Cl)cc4F)c3C(c3ccc(Cl)cc3)[SH]2c2ccc(Cl)cc2)cc(Cl)cn1C1CC(O)(CO)C1,中毒,32.17651,33.968105
O=c1c(N2C(O)c3cc(-c4cn[nH]n4)cc(-c4ccc(Cl)cc4)c3C2c2ccc(Cl)cc2)cc(Cl)cn1C1CC(O)(CO)C1,中毒,9.036046,9.912456
O=C1c2cc(-c3cn[nH]n3)c(-c3cc(Cl)cc(Cl)c3)n2C(c2ccc(Cl)cc2)N1c1cc(Cl)cn(C2CC(O)(CO)C2)c1=O,中毒,19.951618,13.503714
O=C1c2nc(-c3cn[nH]n3)cc(-c3cnn[nH]3)c2C(c2ccc(Cl)cc2)N1c1cc(Cl)cn(C2CC(O)(CO)C2)c1=O,中毒,39.425797,12.110745
O=C1c2cc(-c3cn[nH]n3)n(-c3ccc(F)c(F)c3)c2C(c2ccc(Cl)cc2)N1c1cc(Cl)cn(C2CC(O)(CO)C2)c1=O,中毒,14.882899,11.513729
O=C1c2cc(-c3cn[nH]n3)n(-c3ccc(F)cc3F)c2C(c2ccc(Cl)cc2)N1c1cc(Cl)cn(C2CC(O)C(O)(CO)C2)c1=O,中毒,12.488247,11.513729
O=C1c2cc(-c3cn[nH]n3)n(-c3ccc(F)cc3I)c2C(c2ccc(Cl)cc2)N1c1cc(Cl)cn(C2CC(O)C(O)C2O)c1=O,中毒,14.882899,11.513729
c1csc(-c2cc3c(-c4cn[nH]n4)csc3c(-c3ccncc3)n2)c1,中毒,17.52692,13.804005
O=C1c2cc(-c3cn[nH]n3)n(-c3ccc(Cl)cc3)c2C(c2ccc(Cl)cc2F)N1c1cc(Cl)cn(C2CC(O)C(O)C2)c1=O,中毒,14.882899,11.513729
O=C(O)C1(NC2=C3N=C(Nc4ccc5c(c4)SCO5)C(C=Cc4cnccn4)=C3C=C2c2cn[nH]n2)CCc2ccc(Cl)cc21,中毒,25.494274,14.746753
O=C1c2nc(-c3cn[nH]n3)n(-c3ccc(Cl)cc3Cl)c2C(c2ccc(Cl)cc2)N1c1cc(Cl)cn(C2CC(O)(CO)C2)c1=O,中毒,35.69709,13.466203
O=C1c2cc(-c3cn[nH]n3)n(-c3ccc(Cl)c(Cl)c3)c2C(c2ccc(Cl)cc2)N1c1cc(Cl)cn2nc(Cl)cc12,中毒,43.942547,14.710186
O=C1c2cc(-c3cn[nH]n3)n(-c3cccc(Cl)c3)c2C(c2ccc(Cl)cc2)N1c1cc(Cl)cn(C2CC(O)C(O)C2)c1=O,中毒,14.882899,11.513729
O=C1c2cc(-c3cn[nH]n3)n(-c3ccc(F)cc3F)c2C(c2ccc(F)cc2)N1c1cc(Cl)cn(C2CC(O)(CO)C2)c1=O,中毒,12.488247,11.513729
O=C1c2cc(-c3cn[nH]n3)c(-c3ccc4cc(Cl)ccc4c3)n2C(c2ccc(Cl)cc2)N1c1cc(Cl)cn(C2CC(O)(CO)C2)c1=O,中毒,19.951618,13.503714
O=C1c2cc(-c3cn[nH]n3)n(-c3c(F)cccc3Cl)c2C(c2ccc(Cl)cc2)N1c1cc(Cl)cn(C2CC(O)(CO)C2)c1=O,中毒,15.540574,11.513729
O=c1c(N2Cc3nc(-c4cn[nH]n4)nc(N4C(O)C(O)C(O)C4COc4ccccc4)c3C2c2ccc(Cl)cc2Cl)cc(Cl)cn1C1CC(O)(CO)C1,中毒,18.215044,13.503714
OC1COC2C(c3ccnc(-c4cc(C5CC5)sc4-c4cc[nH]n4)c3)NCc3cc(-c4cn[nH]n4)cnc3C2C1O,中毒,5.4913397,17.717136
O=c1c(S(=O)(=O)N2CCC3(CC2)CC(c2cc(F)ccc2F)c2cc(-c4cn[nH]n4)cc(-c4c(Cl)cccc4Cl)c23)cccn1C(F)(F)F,中毒,3.7123735,26.31137
O=C1c2cc(-c3cn[nH]n3)c(Nc3ccc4c(c3)OCO4)nc2C(c2ccc(Cl)cc2)N1c1cc(Cl)cn(C2CC(O)(CO)C2)c1=O,中毒,13.216523,12.087409
O=C1c2cc(-c3cn[nH]n3)c(-c3ccc(Cl)c(Cl)c3)nc2C(c2ccc(Cl)cc2)N1c1cc(Cl)cn(C2CC(O)(CO)C2)c1=O,中毒,13.216523,12.087409
O=C1c2cc(-c3cn[nH]n3)n(-c3ccc(F)cc3F)c2C(c2ccc(Cl)nc2)N1c1cc(Cl)cn(C2CCCC2)c1=O,中毒,17.272402,14.026334
O=C1c2cc(-c3cn[nH]n3)c(-c3cc(Cl)ccc3C(F)(F)F)cc2N1c1cc(Cl)cn(C2CC(O)(CO)C2)c1=O,中毒,20.117796,11.733231
FC1(F)CCC(c2ccc(COc3c4c(n5cc(-c6cn[nH]n6)cc5c3-c3cc(Cl)cc(Cl)c3)C4)cc2)=NC1,中毒,14.704139,48.397526
O=C1NC(=O)C(=Cc2cn[nH]n2)N1,高毒,76.685715,20.640583
O=C1c2nc(-c3cn[nH]n3)nc(Nc3ccc(Cl)nc3)c2C(c2ccc(Cl)cc2)N1c1cc(Cl)cn(C2CC(O)(CO)C2)c1=O,中毒,16.880064,13.466203
O=c1c(N2C(O)c3cc(-c4cn[nH]n4)n(-c4cc(Cl)cc(Cl)c4)c3C2c2ccc(Cl)cc2)cc(Cl)cn1C1CC(O)(CO)C1,中毒,26.991571,12.110745
O=C1c2cc(-c3cn[nH]n3)n(-c3ccc(Cl)cc3Cl)c2C(c2ccc(Cl)cc2)N1c1cc(Cl)cn(C2CC(O)C(O)C2)c1=O,中毒,18.205946,11.513729
O=C1c2cc(-c3cn[nH]n3)cc(-c3cc(Cl)cnc3Cl)c2S(=O)(=O)C(c2cccs2)N1c1cc(Cl)cn(C2CC(O)(CO)C2)c1=O,中毒,5.9541664,9.173887
O=C1c2cc(-c3cn[nH]n3)n(-c3ccc(Cl)cc3)c2C(c2cccnc2)C(c2ccc(Cl)cc2)N1c1cc(Cl)cn(C2CC(O)(CO)C2)c1=O,中毒,51.50488,13.503714
O=C(NC(c1cc(-c2cn[nH]n2)cs1)c1ccc(Cl)s1)N1CCC2(CC1)OCO2,中毒,88.174644,16.245985
O=C1c2cc(-c3cn[nH]n3)c(-c3cc(Cl)ccc3Cl)nc2C(c2ccc(Cl)cc2)N1c1cc(Cl)cn(C2CC(O)(Cl)C2)c1=O,中毒,20.281445,12.087409
O=C1c2cc(-c3cn[nH]n3)n(-c3ccc(F)cc3)c2C(c2ccc(Cl)cc2)N1c1cc(Cl)cn(C2CC(O)C(O)C2)c1=O,中毒,14.882899,11.513729
O=C1c2cc(-c3cn[nH]n3)nn2C(c2ccc(Nc3ccc(Cl)cc3)cc2)N1c1cc(Cl)cn(C2CC(O)(CO)C2)c1=O,中毒,7.854498,13.503714
Clc1cc2c(cc1Nc1ncc3nc(-c4cn[nH]n4)c(-c4cncs4)nc3n1)CCSC2,中毒,6.3515162,11.651796
O=c1c(N2Cc3cc(-c4cn[nH]n4)nc(-c4cc5c([nH]4)CCCNC5)c3C2c2ccc(Cl)cc2)cc(Cl)cn1C1CC(O)(CO)C1,中毒,11.212927,28.219782
O=C1c2cc(-c3cn[nH]n3)n(-c3ccc(Cl)cc3F)c2C(c2ccc(Cl)cc2)N1c1cc(Cl)cn(C2CC(O)C(O)C2)c1=O,中毒,12.488247,11.513729
O=C1c2cc(-c3cn[nH]n3)c(-c3cccc(Cl)c3)n2C(c2ccc(Cl)cc2)N1c1cc(Cl)cn(C2CC(O)(CO)C2)c1=O,中毒,23.503395,13.503714
O=C1c2cc(-c3cn[nH]n3)c(=O)n(-c3ccc(Cl)cc3)c2C(c2ccc(Cl)cc2)N1c1cc(Cl)cn(C2CC(O)(CO)C2)c1=O,中毒,51.50488,12.110745
Cn1cc(N2C(c3ccc(Cl)cc3Cl)c3cc(-c4cn[nH]n4)n(-c4cc(=O)c(C(F)(F)F)ccc4F)c3C2c2ccc(Cl)cc2)cc(Cl)c1=O,中毒,21.947083,18.569365
N#Cc1scc2c1CCc1cc(-c3cn[nH]n3)n(-c3ccc(F)cc3F)c1-2,中毒,4.7571907,47.03901
c1cc2sc(C(Oc3cc(-c4cn[nH]n4)cs3)C3CC3)nc2c(-c2ccsc2)n1,中毒,80.17413,27.078468
O=C1c2cc(-c3cn[nH]n3)nc(-c3ccc(NCc4cccnc4)nc3)c2C(c2ccc(Cl)cc2)N1c1cc(Cl)cn(C2CC(O)(CO)C2)c1=O,低毒,7.4282966,12.110745
O=C1C2CC3(O)C(CO)C(O)C3C(N3Cc4cc(-c5cn[nH]n5)n(-c5ccccc5)c4C3c3ccc(Cl)cc3)=CC(Cl)=CN12,中毒,16.123549,21.720108
O=c1[nH]c2c(ccc3ccc(C(c4ccc(F)cc4)N4CCOCC4)cc32)cc1-c1cn[nH]n1,中毒,8.410964,47.13265
OCC1CC(c2nc(N3Cc4cc(F)c(C(F)(F)F)cc4C3)ccc2-c2nc(-c3cn[nH]n3)no2)CN1c1ncc2ccccc2n1,中毒,98.381996,15.502344
O=C1c2cc(-c3cn[nH]n3)n(-c3ccc(F)cc3F)c2C(c2ccc(Cl)cc2)N1c1cc(Cl)cn(C2CC(O)(CCl)C2)c1=O,中毒,25.244574,11.513729
O=c1c(N2Cc3cc(-c4cn[nH]n4)n(-c4ccc(Cl)cc4)c3C2c2ccc(Cl)cc2)cc(Cl)cn1C1CC(O)(CO)C1,中毒,19.24008,11.513729
O=C1c2cc(-c3cn[nH]n3)n(-c3ccc(Cl)cc3F)c2C(c2ccc(Br)cc2F)N1c1cc(Cl)cn(C2CC(O)C(O)C2)c1=O,中毒,12.488247,11.513729
O=C1c2cc(-c3cn[nH]n3)n(-c3cc(F)c(Cl)cc3F)c2C(c2ccc(Cl)cc2)N1c1cc(Cl)cn(C2CC(O)(CO)C2)c1=O,中毒,12.488247,11.513729
O=C1c2cc(-c3cn[nH]n3)n(-c3ccc(F)cc3)c2C(c2ccc(Cl)cc2)N1c1cc(Cl)cn(C2CC(O)(CO)C2)c1=O,中毒,14.882899,11.513729
O=C1c2cc(-c3cn[nH]n3)n(-c3ccc(F)cc3F)c2C(c2ccc(Cl)cc2)N(C2=Cc3sccc3S(=O)(=O)C=C2)C12CCCCC2,中毒,32.733707,21.442013
O=C1c2cc(-c3cn[nH]n3)n(-c3ccc(Cl)cc3Cl)c2C(c2ccc(Cl)cc2)N1c1cc(Cl)cn(C2CC(O)(CO)C2)c1=O,中毒,18.205946,11.513729
O=c1c(N2Cc3sc(-c4cn[nH]n4)c(-c4nc5c(Br)cccc5s4)c3C2)cc(Cl)cn1C1CC(O)(CO)C1,中毒,29.50567,14.2372675
O=S(=O)(Nc1ccc(C2CN(c3cc(F)ccc3F)Cc3c(-c4ccsc4Br)cc(-c4cn[nH]n4)cc32)cc1)c1cc(F)ccc1F,中毒,8.187438,15.821663
O=C1c2cc(-c3cn[nH]n3)n(-c3cccc(Cl)c3)c2C(c2ccc(Cl)nc2)N1c1cc(Cl)cn(C2CC(O)(CO)C2)c1=O,中毒,14.882899,11.513729
O=c1[nH]cc(Cl)cc1N1C(c2ccc(Cl)cc2)c2cc(F)c(-c3cn[nH]n3)cc2C1c1ccc(Cn2cccn2)cc1,中毒,17.241247,67.678635
Clc1ncc(-c2cn[nH]n2)c2ccc(C#Cc3ccc(Oc4ccc(Br)cc4)cc3)cc12,中毒,6.2179294,36.503414
O=C1COC2C(=N1)N(c1cc(Cl)cc(Cl)c1)c1cc(-c3ccc(F)cc3F)c(-c3cn[nH]n3)cc12,低毒,20.559216,115.96298
O=c1c(N2C(O)c3cc(-c4cn[nH]n4)n(-c4ccc(F)cc4F)c3C2c2ccc(Cl)cc2)cc(Cl)cn1C1CC(O)(CO)C1,中毒,26.991571,12.110745
O=C1c2cc(-c3cn[nH]n3)c(-c3ccc(Cl)cc3Cl)n2C(c2ccc(Cl)cc2)N1c1cc(Cl)cn(C2CC(O)(CO)C2)c1=O,中毒,19.951618,13.503714
O=c1c(N2C(O)c3cc(-c4cn[nH]n4)n(-c4ccc(Cl)cc4F)c3C2c2ccc(Cl)cc2)cc(Cl)cn1C1CC(O)C(O)(CO)C1,中毒,26.991571,12.110745
O=C1c2cc(-c3cn[nH]n3)n(-c3ccc(OCc4ccccc4Cl)cc3)c2C(c2ccc(Cl)cc2)N1c1cc(Cl)cn(C2CC(O)(CO)C2)c1=O,中毒,38.99518,11.513729
O=C1c2cc(-c3cn[nH]n3)n(-c3ccc(F)cc3F)c2C(c2ccc(Cl)cc2)N1c1cc(Cl)cn(C2CC(F)(F)C2)c1=O,中毒,17.475342,14.026334
c1n[nH]nc1-c1csc(N2CC3CN(c4cc5oncc5nn4)CC3C2)n1,中毒,21.424929,19.16629
O=C1OCC2c3nc4ccccc4c4c3CC(c3ccccn3)C(O)C4=C3C=C(c4cn[nH]n4)C=C3N12,中毒,56.95663,13.503714
O=C1c2cc(-c3cn[nH]n3)n(-c3ccc(F)cc3F)c2C(c2ccc(Cl)cc2)N1c1cc(Cl)cn(C2CCC(O)(CO)CC2)c1=O,中毒,12.488247,11.513729
Fc1ccc(-n2c(-c3cn[nH]n3)cc3c2-c2cc(Br)c(Nc4cnc5sccc5n4)cc2-3)cc1,中毒,8.721133,21.495409
O=c1c(N2C(O)c3cc(-c4cn[nH]n4)n(-c4ccc(F)cc4F)c3C2c2ccc(Cl)cc2)cc(Cl)cn1C1CCC(O)C1,中毒,26.991571,12.110745
FC(F)(F)C1(C(F)(F)F)c2cc(-c3cccnc3)ccc2-c2cc(-c3cn[nH]n3)sc21,中毒,84.922646,13.42904
O=C(NCc1ccsc1)c1ccc(N2CCCn3nc(-c4cn[nH]n4)cc3C2)cc1,中毒,9.417212,33.689537
O=CC1OC(=O)CC1n1cc(Cl)cc(N2C(=O)c3cc(-c4cn[nH]n4)n(-c4ccc(Cl)cc4)c3C2c2ccc(Cl)cc2)c1=O,中毒,17.272402,13.466203
O=C1C(c2cn[nH]n2)=CC2=C(C(c3cc(Cl)ccc3F)=C2)C(c2ccc(Cl)cc2)N2C(=O)C2=CC(Cl)=CN1C1CC(O)(CO)C1,中毒,28.719286,17.209267
O=C1c2nc(-c3cn[nH]n3)nn2C(c2c[nH]c3cc(Br)ccc23)C(c2ccc(Cl)cc2)N1c1ccc(OC(F)(F)F)cc1,中毒,48.38374,16.348
O=C1c2cc(-c3cn[nH]n3)n(-c3ccccc3)c2C(c2ccc(Cl)cc2)N1c1cc(Cl)cn(C2CC(O)(CO)C2)c1=O,中毒,14.882899,11.513729
Fc1ccc(Oc2ccc(N3CCC(Oc4cc(-c5cn[nH]n5)cc(C5CC5)n4)C3)cn2)cc1,中毒,4.841723,44.654552
O=C1c2cc(-c3cn[nH]n3)n(-c3cccc(Cl)c3)c2C(c2ccc(Cl)cc2)N1c1cc(Cl)cn(C2CC(O)(CO)C2)c1=O,中毒,14.882899,11.513729
O=c1c2c(Cl)c(SCc3ccc(OC4COC4)cc3)ncc2nc(-c2cccnc2)n1-c1cn[nH]n1,中毒,67.78519,147.30214
N#Cc1cc(N2Cc3cc(-c4cn[nH]n4)n(-c4ccc(Cl)cc4)c3C2c2ccc(Cl)cc2)c(=O)n(C2CC2)c1,中毒,28.622856,15.559786
O=c1c(N2C(O)c3cc(-c4cn[nH]n4)cc(-c4c(Cl)cccc4Cl)c3C2c2ccc(Cl)cc2)cc(Cl)cn1C1CC(O)(CO)C1,中毒,9.036046,9.912456
O=C1c2cc(-c3cn[nH]n3)[nH]c2C(c2ccc(Cl)cc2)N1c1cc(Cl)cn(C2CC(O)(CO)C2)c1=O,中毒,7.4282966,11.513729
O=C1c2cc(-c3cn[nH]n3)n(-c3cc(Cl)ccc3C(F)(F)F)c2C(c2ccc(Cl)cc2)N1c1cc(Cl)cn(C2CC(O)(CO)C2O)c1=O,中毒,14.882899,11.513729
O=C1c2cc(-c3cn[nH]n3)n(-c3ccc(Cl)cc3)c2C(c2ccc(Cl)cc2)N1c1cc(Cl)cn(C2CC(O)(Br)C2O)c1=O,中毒,14.882899,11.513729
O=C1c2cc(-c3cn[nH]n3)n(-c3c(Cl)cccc3Cl)c2C(c2ccc(Cl)cc2)N1c1cc(Cl)cn(C2CC(O)(CO)C2)c1=O,中毒,18.205946,11.513729
O=C1c2nc(-c3cn[nH]n3)n(-c3ccc(Cl)cc3F)c2C(c2ccc(Cl)cc2Cl)N1c1cc(Cl)cn(C2CC(O)(CO)C2)c1=O,中毒,38.640644,34.717995
O=C(NCCOc1cccc(Cl)c1)Nc1cc2[nH]cc(-c3cn[nH]n3)c2c(-c2ccc3c(c2)CNC3)n1,中毒,10.281398,64.062065
O=C1c2cc(-c3cn[nH]n3)nc(SCc3cc(Cl)cc(Cl)c3)c2C(c2ccc(Cl)cc2)N1c1cc(Cl)cn(C2CC(O)(CO)C2)c1=O,中毒,7.8529835,12.110745
c1nc2c(cnn2C2CCOCC2)cc1-c1c(N2CCCCC2)nc2c(c1-c1cn[nH]n1)CCCC2,中毒,17.440168,14.870113
O=C1c2nc(-c3cn[nH]n3)cc(-c3ccc(Cl)s3)c2C(c2ccc(Cl)cc2)N1c1cc(Cl)cn(C2CC(O)(CO)C2)c1=O,中毒,27.185892,13.503714
O=C1c2nc(-c3cn[nH]n3)n(-c3ccc(Cl)c(Cl)c3)c2C(c2ccc(Cl)cc2)N1c1cc(Cl)cn(C2CC(O)(CO)C2)c1=O,中毒,23.043425,34.717995
CN1C(=O)c2cc(-c3cn[nH]n3)n(-c3cc4ccccc4s3)c2C(c2ccc(Cl)cc2)N1c1cc(Cl)cn(C2CC(C)(O)C2)c1=O,中毒,36.175117,13.765845
O=C1c2nc(-c3cn[nH]n3)c(-c3ccc(F)cc3F)n2C(c2ccc(Cl)cc2)N1c1cc(Cl)cn(C2CC(O)C(O)C2)c1=O,中毒,41.15799,16.862432
O=c1c(N2Cc3cc(-c4cn[nH]n4)c(-c4cn[nH]c4)nc3C2c2ccc(Cl)cc2)cc(Cl)cn1C1CC(O)C(O)C1,中毒,17.728909,13.503714
O=C1c2cc(-c3cn[nH]n3)n(-c3ccc(Cl)cc3F)c2C(c2ccc(Cl)cc2)N1c1cc(Cl)cn(C2CC(F)(F)C2)c1=O,中毒,17.475342,14.026334
O=c1c(N2C(O)c3cc(-c4cn[nH]n4)n(-c4ccc(Cl)cc4)c3C2c2ccc(Cl)cc2)cc(Cl)cn1C1CC(O)(CO)C1,中毒,26.991571,12.110745
NC1Cc2cc(-c3n[nH]c4cc(-c5cn[nH]n5)c(-c5ccc(F)cc5)cc34)n(-c3ccc(F)cc3F)c2C1c1cc(Cl)ccc1O,中毒,7.668001,39.98959
O=C1c2cc(-c3cn[nH]n3)n(-c3ccccc3F)c2C(c2ccc(Cl)cc2Cl)N1c1cc(Cl)cn(C2CC(O)(CO)C2)c1=O,中毒,15.540574,11.513729
Fc1ccc2oc3c(-c4c(Cl)cccc4Cl)cc(-c4cn[nH]n4)cc3c2c1,中毒,3.1828396,64.32505
O=C1c2cc(-c3cn[nH]n3)n(-c3ccc(Cl)[nH]c3=O)c2C(c2ccc3c(c2)OCO3)N1c1cc(Cl)cn(C2CC(O)(CO)C2)c1=O,中毒,38.99518,13.466203
O=S(=O)(c1ccc(Cl)cc1F)N1Cc2cc(F)c(-c3cc4cc(-c5cn[nH]n5)ccc4[nH]3)nc2C1,中毒,6.4942484,36.448597
O=C1c2cc(-c3cn[nH]n3)n(-c3cccc(F)c3)c2C(c2ccc(Cl)cc2)N1c1cc(Cl)cn(C2CC(O)(CO)C2)c1=O,中毒,14.882899,11.513729
O=S(=O)(c1ccc(N2CC3CCC(C2)N3)cc1)c1cnn2cc(-c3cn[nH]n3)cnc12,中毒,11.682355,52.328964
Fc1cnc(N2CCc3nc(-c4cn[nH]n4)sc3C2)c(Br)c1,中毒,33.170605,86.77448
O=C1c2cc(-c3cn[nH]n3)n(-c3cc(Cl)cc(Cl)c3)c2C(c2ccc(Cl)cc2)N1c1cc(Cl)cn(C2CC(O)(CO)C2)c1=O,中毒,14.882899,11.513729
O=C1c2cc(-c3cn[nH]n3)n(-c3cc(Cl)c(Cl)cc3-c3ccsc3)c2C(c2ccc(Cl)cc2)N1c1cc(Cl)cn(C2CC(O)(CO)C2)c1=O,中毒,23.909687,12.110745
O=S(=O)(c1ccccc1)n1ccc(C2c3cc(-c4cn[nH]n4)n(-c4ccc(Cl)cc4)c3C(c3ccc(Cl)cc3)N2c2ccc(Cl)cc2)c1,中毒,29.275309,19.9879
O=C1CCON1c1nc(Nc2cc(F)cc(Cl)c2F)c2cc(-c3cn[nH]n3)ccc2n1,中毒,6.938165,31.414759
O=C1CCn2nc(-c3cn[nH]n3)nc2N1,中毒,15.410255,64.28705
O=C1c2cc(-c3cn[nH]n3)n(-c3ccc(F)cc3F)c2C(c2ccc(Cl)cc2)NN1c1cc(Cl)cn(C2CC(O)(CO)C2)c1=O,中毒,12.488247,12.110745
O=c1c(NC2Cc3cc(-c4cn[nH]n4)n(-c4ccc(F)cc4)c32)cc(Cl)cn1C1CC(O)C(O)C(O)C1,中毒,28.051815,32.91048
O=C1c2cc(-c3cn[nH]n3)c(=O)[nH]c2C(c2ccccc2)N1c1cc(Cl)cn(C2CC(O)C(O)C2)c1=O,中毒,13.216523,12.087409
O=C1c2cn(-c3cn[nH]n3)nc2C(c2ccc(Cl)cc2)N1c1cc(Cl)cn(C2CC(O)(CO)C2)c1=O,中毒,5.7900643,14.418226
O=C1c2cc(-c3cn[nH]n3)n(-c3ccc(Cl)cc3Cl)c2C(c2ccc(Cl)cc2)N1c1cc(Cl)cn(C2CC(O)C(O)(CO)C2)c1=O,中毒,18.205946,11.513729
OC1(c2ccc(-c3nc(C4(O)CCC4)ccc3COc3cc4c(cc3Cl)-c3c-4cc(-c4cn[nH]n4)n3-c3ccc(F)cc3F)cc2)CCOCC1,中毒,5.0606213,188.71893
O=C1c2cc(-c3cn[nH]n3)nc(-c3c(Cl)cccc3Cl)c2C(c2ccc(F)cc2)N1c1cc(Cl)cn(C2CC(O)(CO)C2)c1=O,中毒,19.24008,12.110745
O=c1c2cc(-c3cnn(C(F)F)c3)ccc2cnn1-c1cc(Cl)c2[nH]c(-c3cn[nH]n3)cc2c1,低毒,6.614581,74.3861
Fc1nc(F)c(-c2nccs2)cc1C1=NOC(c2cn3cc(-c4cncnc4)cc3s2)c2ncc(-c3cn[nH]n3)cc21,中毒,89.9152,26.495157
O=C1c2cc(-c3cn[nH]n3)n(-c3ccc(-c4ccsc4)cc3)c2C(c2ccc(Cl)cc2)N1c1cc(Cl)cn(C2CC(O)(CO)C2)c1=O,中毒,38.99518,12.110745
O=c1c(N2Cc3cc(-c4cn[nH]n4)cc(-c4cc5ccccc5o4)c3C2c2ccc(Cl)cc2)cc(Cl)cn1C1CC(O)(CO)C1,中毒,9.036046,14.297296
O=C1c2cc(-c3cn[nH]n3)nn2C(c2ccc(Cl)cc2)N1c1cc(Cl)cn(C2CC(O)(CO)C2)c1=O,中毒,7.854498,13.503714
Clc1ccc(C2Oc3cc(Cl)c(Cl)cc3-c3cc(-c4cn[nH]n4)cc(-c4c(Cl)cccc4Cl)c32)cc1,中毒,5.8929176,22.263811
O=C1c2cc(-c3cn[nH]n3)n(-c3cc(Cl)cc(C(F)(F)F)c3)c2C(c2ccc(Cl)cc2)N1c1cc(Cl)cn(C2CC(O)(CO)C2)c1=O,中毒,14.882899,12.110745
O=C1c2cc(-c3cn[nH]n3)c(-c3ccncn3)nc2C(c2ccc(Cl)c(Cl)c2)N1c1cc(Cl)cn(C2CC(O)(CO)C2O)c1=O,中毒,14.775009,12.110745
FC(F)(F)c1ccc2c(CN3CCC(Oc4ccc(-c5cn[nH]n5)cc4Cl)CC3)n[nH]c2c1,中毒,16.879416,25.108261
O=C1c2cc(-c3cn[nH]n3)n(-c3ccc(F)c(Cl)c3F)c2C(c2ccc(Cl)cc2)N1c1cc(Cl)cn(C2CC(O)(CO)C2)c1=O,中毒,12.488247,11.513729
O=C1c2cc(-c3cn[nH]n3)n(-c3cc(F)cc(F)c3)c2C(c2ccc(Cl)cc2)N1c1cc(Cl)cn(C2CC(O)(CO)C2)c1=O,中毒,14.882899,11.513729
O=c1cc2ncc(N3CCOCC3)nc2c(N2Cc3cc(-c4cn[nH]n4)n(-c4ccc(F)cc4F)c3C2c2ccc(Cl)cc2)cc1F,中毒,17.272402,16.854969
O=C(Nc1ccc(Oc2ccc3sc(-c4cn[nH]n4)nc3c2)cc1)Nc1cncs1,中毒,48.556416,30.827696
O=C1c2cc(-c3cn[nH]n3)n(-c3cnc(Cl)cc3F)c2C(c2ccc(Cl)cc2)N1c1cc(Cl)cn(C2CC(O)(CO)C2)c1=O,中毒,23.909687,11.513729
NC1(CO)CC(n2cc(Cl)cc(N3C(=O)c4cc(-c5cn[nH]n5)n(-c5ccc(Cl)cc5)c4C3c3ccc(Cl)cc3)c2=O)C1,中毒,31.338547,11.513729
O=c1[nH]nc(-c2cc3c(cc2-c2cn[nH]n2)CN(Cc2ccsc2)CC3)c2cccc(Cl)c12,中毒,2.7051866,106.97483
Ic1ccnc2[nH]c3c(c12)CCCC3CCNc1cn[nH]n1,中毒,47.808407,297.24023
O=C1CC(n2cc(Cl)cc(N3C(=O)c4nc(-c5cn[nH]n5)nc(-c5cc(C6CC6)on5)c4C3c3ccc(Cl)cc3)c2=O)C(=O)O1,中毒,29.078686,13.466203
O=C1c2cc(-c3cn[nH]n3)n(-c3ccc(Cl)cc3)c2C(c2cccc(Cl)c2)N1c1cc(Cl)cn(C2CC(O)(CO)C2)c1=O,中毒,14.882899,11.513729
O=C1c2cc(-c3cn[nH]n3)n(-c3ccc(Cl)cc3)c2C(c2ccc(Cl)cc2)N1c1cc(Cl)cn(C2CCS(=O)(=O)C2)c1=O,中毒,17.272402,14.026334
c1cc2ncc(-c3nc(-c4ncon4)c4ccc(-c5cn[nH]n5)cc4c3C3CC3)cc2[nH]1,中毒,22.419325,76.04031
O=C1c2cc(-c3cn[nH]n3)[nH]c2C(c2ccccc2)N1c1cc(Cl)cn(C2CC(O)(CO)C2)c1=O,中毒,7.4282966,11.513729
O=C1c2nc(-c3cn[nH]n3)n(-c3ccc(Cl)cc3F)c2C(c2ccc(Cl)cc2)N1c1cc(Cl)cn(C2CC(O)(CO)C2)c1=O,中毒,24.818281,34.717995
Clc1cccc(Cl)c1-c1cc(-c2cn[nH]n2)cc2c1CN(c1nccc(-c3cscn3)n1)CC2,中毒,16.405313,38.730022
O=C1c2c(nc3[nH]ccc3c2-c2cn[nH]n2)C(c2ccc(Cl)s2)N1c1cc(Cl)cn(C2CC(O)(CO)C2)c1=O,中毒,39.425797,13.503714
O=C1c2cc(-c3cn[nH]n3)nc(N3CC4CC3CO4)c2C(c2ccc(Cl)c(Cl)c2)N1c1cc(Cl)cn(C2CC(O)C(O)C2O)c1=O,中毒,24.385923,13.503714
c1cc(N2CCC3(CC2)CC(N2Cc4cc(-c5cn[nH]n5)sc4C2)CCO3)ccn1,中毒,22.698776,32.713596
O=C1c2nc(-c3cn[nH]n3)n(-c3ccc(F)cc3F)c2C(c2ccc(Cl)cc2)N1c1cc(Cl)cn(C2CC(O)(CO)C2)c1=O,中毒,24.818281,34.717995
N=c1c2c(cc(O)c3ncccc13)-c1cc(-c3cn[nH]n3)n(-c3ccc(Cl)cc3)c1-c1cc(Nc3ccccn3)c(Cl)cc1O2,中毒,29.620779,9.127256
O=c1c(N2C(c3ccc(Cl)cc3)c3cc(-c4cn[nH]n4)cc(-c4c(Cl)cccc4Cl)c3C2c2ccc(Cl)cc2)cc(Cl)cn1C1CC(O)(CO)C1,中毒,6.3808517,13.447941
COc1cc(N2C(CO)c3cc(Cl)c(O)cc3-c3cc(-c4cn[nH]n4)n(-c4ccccc4)c3C2c2ccc(Cl)cc2)cn1CC(N)=O,中毒,19.24008,17.33289
c1ccc2c(c1)CCC2n1cnnc1CNc1cc(-c2nc(-c3cn[nH]n3)cc3c2C2CCCN32)c2c(n1)CNCC2,中毒,65.23908,31.529922
O=C1c2c(nc3ccncc3c2-c2cn[nH]n2)N(c2ccc(Cl)cn2)C(c2ccc(Cl)cc2)N1c1cc(Cl)cn(C2CC(O)(CO)C2)c1=O,中毒,32.17651,13.503714
O=C1c2cc(-c3cn[nH]n3)c(-c3cn[nH]c3)cc2N1c1cc(Cl)cn(C2CC(O)(CO)C2)c1=O,中毒,18.619787,11.733231
Fc1cc(F)cc(N2Cc3c(cc(-c4cn[nH]n4)nc3N3CCOCC3)C2c2ccc(C(F)(F)F)nc2)c1,中毒,8.992535,13.888707
O=C1c2nc(-c3cn[nH]n3)sc2CC(c2ccoc2)C(c2cccc(Cl)c2F)N1c1cc(Cl)cn(C2CC(O)(CO)C2)c1=O,中毒,25.069427,33.968105
O=C1c2cc(-c3cn[nH]n3)n(-c3ccc(F)cc3)c2C(c2ccc(Cl)cc2)N1c1cc(Cl)cn(C2CC(O)C(O)C2O)c1=O,中毒,14.882899,11.513729
O=C1c2nc(-c3cn[nH]n3)c(NCc3ccc(C4CC4)cc3F)nc2C(c2ccc(Cl)cc2)N1c1cc(Cl)cn(C2CC(O)(CO)C2)c1=O,中毒,19.58252,12.087409
O=C1C(c2cn[nH]n2)=Cc2c3c(n(-c4ccc(F)cc4F)c21)C(c1ccc(Cl)cc1)N(c1cc(Cl)cn(C2CC(O)(CO)C2)c1=O)C3=O,中毒,32.17651,13.503714
OC1CC(n2cc(Cl)cc(N3C=Cc4cc(-c5cn[nH]n5)cc(-c5ccc(Oc6ccccc6)cc5)c4C3c3ccc(Cl)cc3)c2=S)CC1O,中毒,6.8665094,30.424683
O=C1c2cc(-c3cn[nH]n3)n(-c3ccc(F)cc3F)c2C(c2ccc(Br)cc2)N1c1cc(Cl)cn(C2CC(O)(CO)C2)c1=O,中毒,12.488247,11.513729
Fc1cc(-c2cc(-c3cnnc4sc(-c5cn[nH]n5)cc34)ccn2)ccc1NC1CCOC1,高毒,11.609572,12.563506
OC(C[N+]1Cc2cc(-c3cn[nH]n3)cc(-c3c[nH]cn3)c2C1)c1cccs1,中毒,13.598702,36.204113
c1nc2ccc(CNC3(c4nc5cc(-c6cn[nH]n6)cnc5s4)CC3)cc2s1,中毒,22.437567,30.798525
Fc1ccc(-n2c(-c3cn[nH]n3)cc3c4c(-c5ccncc5F)nc(-c5ccc(Br)cc5F)cc4oc32)c(F)c1,中毒,20.858864,43.114647
O=C1c2cc(-c3cn[nH]n3)n(-c3c(F)cccc3F)c2C(c2ccc(Cl)cc2)N1c1cc(Cl)cn(C2CC(O)(CO)C2)c1=O,中毒,12.488247,11.513729
O=C1c2cc(-c3cn[nH]n3)n(-c3ccc(F)cc3)c2C(c2ccc(Cl)cc2F)N1c1cc(Cl)cn(C2CC(O)(CO)C2)c1=O,中毒,14.882899,11.513729
O=C1c2cc(-c3cn[nH]n3)n(-c3ccc(F)cc3F)c2C(c2c(F)cccc2F)N1c1cc(Cl)cn(C2CC(O)(CO)C2)c1=O,中毒,12.488247,11.513729
O=C1c2cc(-c3cn[nH]n3)n(-c3ccc(Br)cc3F)c2C(c2ccc(Cl)cc2)N1Oc1cc(Cl)cn(CCOCCO)c1=O,中毒,39.195984,14.911535
Clc1cc(Cl)cc(NC2c3c(cc(-c4cn[nH]n4)cc3-c3cc(Cl)c(Cl)cc3Cl)CC23CCC3)c1,中毒,15.260092,18.570267
O=c1c(N2Cc3cc(-c4cn[nH]n4)cc(-c4c(Cl)cccc4Cl)c3C2c2ccc(Cl)cc2)cc(Cl)cn1C1CC(O)(CO)C1,中毒,9.036046,9.912456
O=S(=O)(c1cc(Br)cc2c1Cc1cc(-c3cn[nH]n3)sc1-c1cc(Cl)c(F)cc1-2)N1CCOCC1,中毒,3.6601112,16.380331
O=c1c2c(F)c(-c3cn[nH]n3)cc-2c2c(cn1C1CC(O)C(O)C1)CCN(C1CCOCC1)C2,中毒,21.053051,12.265033
O=C1c2cc(-c3cn[nH]n3)n(-c3ccc(F)cc3F)c2C(c2ccc(Cl)cc2F)N1c1cc(Cl)cn(C2CC(O)C(O)C2)c1=O,中毒,12.488247,11.513729
O=C1c2nc(-c3cn[nH]n3)n(-c3ccc(F)cc3F)c2C(c2ccc(Cl)cc2)N1c1cc(Cl)cn(C2CC(O)C(O)C2O)c1=O,中毒,24.818281,34.717995
c1n[nH]nc1-c1cc(N2CCOCC2)c2[nH]c(C3CCNCC3)nc2c1,中毒,9.637261,40.91344
Fc1cc2c(cc1OCC(F)(F)F)c1nc3nonc3nc1c1sc(Nc3cn[nH]n3)nc21,中毒,68.01636,12.294961
Clc1cncc(-c2c(C3CN(c4ccnc(C5CCOC5)n4)C3)ccnc3nc(-c4cn[nH]n4)nc2-3)c1,中毒,15.483765,63.823067
O=C1c2ccc(F)cc(F)c3cc(-c4cn[nH]n4)n2c3C(c2cccnc2F)N2CC2=CC(Cl)=CN1C1CC(O)(CO)C1,中毒,22.80562,12.652781
O=c1c(N2Cc3cc(-c4cn[nH]n4)n(-c4ccc(Cl)cc4Cl)c3C2c2ccc(Cl)cc2)cc(Cl)cn1C1CC(O)(CO)C1,中毒,24.385923,11.513729
c1cc2cc(-c3cn[nH]n3)c3nc(SC4=NCCCC4)sc3c2[nH]1,中毒,21.823004,33.38168
c1nc(N2CCOCC2)c2cc(-c3cc(-c4cn[nH]n4)nc4c3CN(c3ccon3)C4)ccc2n1,中毒,83.48197,22.48899
O=C1CCCC2=C1c1c(cc(-c3cn[nH]n3)n1-c1ccc(Cl)cc1F)-c1cnc(-c3ccsn3)cc1N2,中毒,23.55878,15.528323
O=C1c2cc(-c3cn[nH]n3)c(-c3ccc(F)cc3)nc2C(c2ccc(Cl)cc2)N1c1cc(Cl)cn(C2CC(O)(CO)C2)c1=O,中毒,13.216523,12.087409
O=C(c1cnn(C2CO2)c1)c1ccc(Cl)cc1N1CC2=Cc3ccccc3N=C3C=C(c4cn[nH]n4)CC2=C3C1,中毒,15.674722,10.263556
O=c1cc(N2Cc3cc(-c4cn[nH]n4)cc(-c4ccc(OC5CCOC5)cc4I)c3C2)cn[nH]1,中毒,84.92731,136.92409
Oc1c(-c2noc(-c3ccnc(Nc4cn[nH]c4)n3)n2)c(-c2nc(-c3cn[nH]n3)cs2)cc2ccsc12,中毒,34.124798,19.55125
O=c1[nH]nc(-c2ccns2)c2ncc(-c3cn[nH]n3)cc12,中毒,9.623996,99.4201
FC(F)(F)c1ccc(COc2ccn(-c3cc4sc(-c5c[nH]c(-c6cn[nH]n6)n5)nc4cc3Cl)c2Br)cc1,中毒,48.278908,27.112688
O=C1c2cc(-c3cn[nH]n3)n(-c3ccc(Cl)cc3F)c2C(c2ccc(Cl)cc2)N1c1cc(Cl)cn(CC2CCC(O)C2)c1=O,中毒,25.244574,11.513729
O=C1c2nc(-c3cn[nH]n3)n(-c3cc(F)c(F)c(F)c3)c2C(c2ccc(Cl)cc2)N1c1cc(Cl)cn(C2CC(O)(CO)C2)c1=O,中毒,23.043425,34.717995
Fc1ccc(-n2c(-c3cn[nH]n3)cc3c2C(c2ccc(Cl)o2)N(Oc2cc(Cl)ccc2Cl)C3c2ccc(Cl)cc2)c(F)c1,中毒,16.048214,17.726078
O=C1c2cc(-c3cn[nH]n3)c(-c3cc(Cl)cc(Cl)c3)nc2C(c2ccc(Cl)cc2)N1c1cc(Cl)cn(C2CC(F)(F)C2)c1=O,中毒,14.760996,14.009461
O=C1c2cc(-c3cn[nH]n3)n(-c3ccc(F)cc3)c2C(c2ccc(Cl)cc2)[SH](c2ccc(Cl)cc2)N1c1cc(Cl)cn(C2CC(O)(CO)C2)c1=O,中毒,9.5269375,33.968105
O=C1c2cc(-c3cn[nH]n3)n(-c3ccc(Cl)c(Cl)c3)c2C(c2ccc(Cl)cc2)N1c1cc(Cl)cn(C2CC(O)(CO)C2)c1=O,中毒,14.882899,11.513729
OC1C(O)C(O)C(n2ncc(-c3cc(-c4ccc(F)cc4)c4c(c3)-c3c(cc(-c5cn[nH]n5)n3-c3ccc(Cl)cc3)C4)n2)C1O,中毒,18.151646,16.75055
O=C1c2cc(-c3cn[nH]n3)n(-c3ccc(Cl)c(Cl)c3)c2C(c2ccc(Cl)s2)N1c1cc(Cl)cn(C2CC(O)(CO)C2O)c1=O,中毒,18.205946,11.513729
O=C1c2cc(-c3cn[nH]n3)n(-c3cc(F)cc(F)c3F)c2C(c2ccc(Cl)cc2)N1c1cc(Cl)cn(C2CC(O)(CO)C2)c1=O,中毒,12.488247,11.513729
Fc1ccc(Br)c(N=Nc2ncnc3c2[nH]c2ncc(-c4cn[nH]n4)cc23)c1F,中毒,20.85407,67.78202
Nc1ncnc(N2Cc3cc(-c4cn[nH]n4)cc(-c4csc(CN5CCN(c6ccccn6)CC5)n4)c3C2)c1Cl,中毒,62.122017,15.66427
O=C1c2cc(-c3cn[nH]n3)nc(-c3cc(Cl)ccc3Cl)c2C(c2ccc(Cl)cc2)N1c1cc(Cl)cn(C2CC(O)(CO)C2)c1=O,中毒,7.4282966,12.110745
O=C1c2cc(-c3cn[nH]n3)n(-c3c(F)cc(F)cc3F)c2C(c2ccc(Cl)c(Cl)c2)N1c1cc(Cl)cn(C2CC(O)C(O)C2)c1=O,中毒,15.540574,11.513729
OCCCNc1cc(Sc2ncc(F)c(-c3nc(-c4cn[nH]n4)cs3)n2)ccc1F,中毒,19.85904,17.642252
Oc1cc(N2CCN(c3cc4c(cc3Cl)-c3c(cc(-c5cn[nH]n5)n3-c3ccc(F)cc3F)CC4)CC2)ncn1,中毒,8.281139,90.96593
O=c1c(N2Cc3cc(-c4cn[nH]n4)n(-c4ccc(F)cc4F)c3C2c2ccc(Cl)cc2)cc(Cl)cn1C1CC(O)(CO)C1,中毒,15.763229,11.513729
O=C1c2cc(-c3cn[nH]n3)n(-c3cc(F)c(F)cc3F)c2C(c2ccc(Cl)cc2)N1c1cc(Cl)cn(C2CC(O)C(O)C2)c1=O,中毒,12.488247,11.513729
O=C1c2cc(-c3cn[nH]n3)n(-c3ccc(Cl)cc3)c2C(c2ccc(Cl)cc2)N1c1cc(Cl)cn(C2CC(O)C(O)C2)c1=O,中毒,14.882899,11.513729
O=C1c2nc(-c3cn[nH]n3)nc(Nc3ccc4nccc(Cl)c4c3)c2C(c2ccco2)N1c1cc(Cl)cn(C2CC(O)C(O)C2)c1=O,中毒,19.951618,17.190475
c1nc2[nH]ncc2cc1-c1cn[nH]n1,高毒,64.5037,64.32442
O=C1c2cc(-c3cn[nH]n3)c(-c3cnco3)cc2CCN1c1ccc(-c2nc[nH]n2)cc1,中毒,19.167517,105.72369
O=C1c2c(C3CC3)ccc(Cl)c2-n2cc(-c3cn[nH]n3)c(OCc3cccc(OCC(O)C4CCOC4O)c3)c21,中毒,38.99518,16.90277
O=C1c2cc(-c3cn[nH]n3)n(-c3ccc(Cl)cc3Cl)c2C(c2ccc(Cl)cc2)N1c1cc(Cl)cn(C2CCS(=O)(=O)C2)c1=O,中毒,17.475342,14.026334
O=C(O)c1cn(CC2CC2)c2c(c1=O)=C(F)C=C1OC(CC3CN(OS(=O)(=O)c4cccnc4-n4cnnn4)C3)C=2C=C1c1cn[nH]n1,中毒,8.895571,33.968105
C1=C(c2cn[nH]n2)Nc2ncnn2C1c1ccc2c(c1)OCCO2,中毒,5.523516,19.890463
Clc1ccc(Oc2ncc(Br)cc2N2Cc3cc(-c4cn[nH]n4)cc(-c4c(Cl)cccc4Cl)c3C2)cc1,中毒,4.73647,26.445518
c1cnc2cc(-c3noc(CN4CCc5sc(-c6cn[nH]n6)cc5C4)n3)ccc2n1,中毒,30.501286,46.51593
O=C1c2cc(-c3cn[nH]n3)n(-c3cc(Cl)cc(Cl)c3Cl)c2C(c2ccc(Cl)cc2)N1c1cc(Cl)cn(C2CC(O)(CO)C2)c1=O,中毒,18.205946,11.513729
O=C1c2cc(-c3cn[nH]n3)n(-c3c(Cl)cccc3Cl)c2C(c2ccc(Cl)cc2)N1c1cc(Cl)cn(C(CO)C(O)C(CO)CO)c1=O,中毒,18.205946,11.513729
O=C(c1cccc(C(F)(F)F)c1)N1CCc2c(C3=C4C=C(c5cn[nH]n5)C=C4CC3(CO)CO)cccc21,中毒,43.74449,21.8089
O=C1C(c2cn[nH]n2)=CC2=C(C(c3ccc(C#Cc4cccnc4F)cc3)C(c3cccnc3)N1C1CC(F)(F)C1)n1ncc(F)c12,中毒,48.51858,27.864527
NC1(CO)CC(n2cc(Cl)cc(N3C(=O)c4cc(-c5cn[nH]n5)n(-c5ccc(Cl)cc5Cl)c4C3c3ccc(Cl)cc3)c2=O)C1,中毒,36.175117,11.513729
O=C1c2ncc(-c3cn[nH]n3)cc2CN1Cc1ccoc1-c1ccsn1,中毒,49.16382,12.408046
O=c1c(N2Cc3cc(-c4cn[nH]n4)n(-c4cc(F)c(Cl)cc4Cl)c3C2c2ccc(Cl)cc2)cc(Cl)cn1C1CC(O)C(O)C1,中毒,24.385923,11.513729
CN(CCC1(O)C=Cc2c(-c3cn[nH]n3)cc3c(-c4cccc(NS(=O)(=O)c5cc(F)cc(Cl)c5)c4)coc3c2C1)Cc1cccs1,中毒,92.019745,14.9876795
Fc1cc2c(cc1-c1cn[nH]n1)C(c1ccc(Cl)cc1)N(c1cc(Cl)cnn1)C2c1ccc(Cl)cc1,中毒,62.122017,25.000406
O=C1c2nc(-c3cn[nH]n3)n(-c3ccc(F)cc3)c2C(c2ccc(Cl)cc2)N1c1cc(Cl)cn(C2CC(O)C(O)C2O)c1=O,中毒,23.043425,34.717995
O=C1c2cc(-c3cn[nH]n3)c(-c3ccc(F)cc3)n2C(c2ccc(Cl)cc2)N1c1cc(Cl)cn(C2CC(O)(CO)C2)c1=O,中毒,19.951618,13.503714
Clc1cnc2ccc(-c3nc(-c4ccncc4)oc3-c3cn[nH]n3)cc2c1,中毒,4.918754,43.0441
O=C1c2cc(-c3cn[nH]n3)c(-c3cc(Cl)cc(Cl)c3)cc2N1C1=CC(Cl)=CN2C(=N1)C2CC(O)(CO)C1(F)CC1,中毒,4.2968183,18.807123
O=C1c2cc(-c3cn[nH]n3)n(-c3cc(Cl)c(Cl)cc3Cl)c2C(c2ccc(Cl)cc2)N1c1cc(Cl)cn(C2CC(O)(CO)C2)c1=O,中毒,18.205946,11.513729
O=C1c2nc(-c3cn[nH]n3)n(-c3cc(F)cc(F)c3)c2C(c2ccc(Cl)cc2)N1c1cc(Cl)cn(C2CC(O)(CO)C2)c1=O,中毒,23.043425,34.717995
O=C1c2cc(-c3cn[nH]n3)c(-c3c(Cl)cccc3Cl)n2C(c2ccc(Cl)cc2)N1c1cc(Cl)cn(C2CC(O)(CO)C2)c1=O,中毒,32.68572,13.503714
c1nc(Nc2ccc3c(c2)OCCO3)c2ccc(-c3cn[nH]n3)cc2n1,中毒,18.752508,100.35009
Cn1cc(Cl)cc(N2C(=O)c3cc(-c4cn[nH]n4)n(-c4ccc(Cl)cc4)c3C2c2ccc(Cl)cc2)c1=O,中毒,22.121504,14.026334
O=c1c(N2Cc3cc(-c4cn[nH]n4)n(-c4cnc(Cl)c(F)c4)c3C2c2cccnc2)cc(Cl)cn1C1CC(O)(CO)C1,中毒,19.24008,11.513729
O=C1c2cc(-c3cn[nH]n3)n(-c3cc(F)c(F)c(F)c3)c2C(c2ccc(Cl)cc2)N1c1cc(Cl)cn(C2CC(O)(CO)C2)c1=O,中毒,14.882899,11.513729
O=C1c2cc(-c3cn[nH]n3)n(-c3ccc(Cl)c(Cl)c3Oc3ccc(Cl)cn3)c2C(c2ccc(Cl)cc2)N1c1cc(Cl)cn(C2CC(O)(CO)C2)c1=O,中毒,38.99518,12.110745
O=C1c2cc(-c3cn[nH]n3)n(-c3ccc(Br)cc3F)c2C(c2ccc(Cl)cc2)N1c1cc(Cl)cn(C2CC(O)(CO)C2)c1=O,中毒,15.540574,11.513729
Fc1cccc(F)c1C1c2cc(Nc3ccsn3)ncc2CN1C1=C(Cl)C=C2c3c(cc(-c4cn[nH]n4)n3-c3cccc(Cl)c3)CC2C1,中毒,28.345415,14.804141
NC1=NC(F)(c2ccc(F)cc2F)CC2C=C3CCC(O)(C(F)(F)F)c4c(cc(-c5cn[nH]n5)n4S(=O)(=O)c4ccc(-c5cscn5)cc42)N31,中毒,56.95663,16.348
O=C1c2cc(-c3cn[nH]n3)c(F)cc2N(Cc2cc3c(cc2Cl)OCCCO3)C(c2ccc(Cl)cc2)N1c1cc(Cl)cn(C2CC(O)(CO)C2)c1=O,中毒,4.800094,8.911559
O=C1c2nc(-c3cn[nH]n3)nc(-c3cc(Cl)ccc3Cl)c2C(c2ccc(Cl)cc2)N1c1cc(Cl)cn(C2CC(O)(CO)C2)c1=O,中毒,16.880064,13.466203
O=C1NCC=C1c1ccc2c(c1)-c1c-2cc(-c2cn[nH]n2)n1-c1ccc(Cl)cc1,中毒,4.7118115,48.56936
O=C1c2c(cc(-c3ccoc3)cc3c(=O)c(-c4cn[nH]n4)cnc2-3)C(c2ccccc2Cl)N1c1cc(Cl)cc(Cl)c1,低毒,11.237295,14.001868
O=c1c(N2Cc3cc(-c4cn[nH]n4)n(-c4ccc(Cl)c(Cl)c4)c3C2c2cccnc2)cc(Cl)cn1C1CC(O)(CO)C1,中毒,19.24008,11.513729
O=C1c2cc(-c3cn[nH]n3)nc(NCC(F)(F)F)c2C(c2ccc(Cl)cc2)N1c1cc(Cl)cn(C2CC(O)(CO)C2)c1=O,中毒,7.8529835,12.110745
c1ccc2oc(CN(Cc3cc4cc(-c5cnoc5)ccn4n3)Cc3cc(-c4cn[nH]n4)cs3)nc2c1,中毒,12.259109,24.392933
O=C1c2cc(-c3cn[nH]n3)c(-c3ccc(Cl)cc3)n2C(c2ccc(Cl)cc2)NC(c2ccc(Cl)cc2)N1c1cc(Cl)cn(C2CC(O)(CO)C2)c1=O,中毒,19.508497,14.891448
Fc1ccc(C2c3c(F)c(cc(-c4cn[nH]n4)c3F)CN2c2cc(Cl)cnn2)cc1,中毒,26.322763,33.169594
Fc1ccc(Nc2nc(-c3cn[nH]n3)nc3c2CN(c2nc(-c4c(F)cncc4Cl)cs2)CC3)cc1,中毒,4.2024508,25.962454
O=C1c2c(nc3cc(Cl)ccc3c2-c2cn[nH]n2)C(c2ccc(Cl)s2)N1c1cc(Cl)cn(C2CC(O)(CO)C2)c1=O,中毒,26.553892,12.110745
O=C1c2cc(-c3cn[nH]n3)n(-c3cc(F)cc(Cl)c3)c2C(c2ccc(Cl)cc2)N1c1cc(Cl)cn(C2CC(O)(CO)C2)c1=O,中毒,14.882899,11.513729
Clc1ccc(C2c3c(cc(-c4cn[nH]n4)cc3-c3c(Cl)cccc3Cl)CN2c2ccsc2)cc1,中毒,27.283419,34.763874
O=c1c2c3c(sc2nc(-c2cn[nH]n2)n1-c1cc2cc(Cl)ccc2o1)CCS(=O)(=O)C3,中毒,28.345415,18.740925
O=C1c2cc(-c3cn[nH]n3)n(-c3ccc(Cl)cc3)c2C(c2ccc(Cl)cc2)N1c1cc(Cl)cn(C2CC2)c1=O,中毒,22.121504,14.026334
Oc1c(F)cc(-c2cc3c(-c4cn[nH]n4)c[nH]c3nc2-c2ccsc2N2CCOCC2)cc1Cl,中毒,2.8289216,37.737865
O=C1c2cc(-c3cn[nH]n3)nc(Nc3ccc(OC(F)(F)F)cc3)c2C(c2ccc(Cl)cc2)N1c1cc(Cl)cn(C2CC(O)(CO)C2)c1=O,中毒,7.8529835,13.503714
c1n[nH]nc1OC1CC2CNc3cc4c(cc3C2C1)CCCCC4,中毒,21.618355,25.515863
O=C1c2nc(-c3cn[nH]n3)n(-c3c(Cl)cc(Cl)cc3Cl)c2C(c2ccc(Cl)cc2)N1c1cc(Cl)cn(C2CC(O)(CO)C2)c1=O,中毒,35.69709,13.466203
O=c1c(N2C(c3cccc(Cl)c3)c3c(cc(-c4cn[nH]n4)nc3-c3c(Cl)cccc3Cl)CC34CCN(C3)C24)cc(Cl)cn1Br,中毒,17.272402,14.3937645
O=C1c2cc(-c3cn[nH]n3)n(-c3ccc(Cl)cc3Cl)c2C(c2ccc(Cl)cc2F)N1c1cc(Cl)cn(C2CC(O)(CO)C2)c1=O,中毒,18.205946,11.513729
O=C1c2cc(-c3cn[nH]n3)n(-c3cc(F)c(Cl)cc3F)c2C(c2ccc(Cl)cc2)N1c1cc(Cl)cn(C2CC(O)C(O)C2)c1=O,中毒,12.488247,11.513729
O=C1c2cc(-c3cn[nH]n3)nc(-c3ccc4ncccc4c3)c2C(c2ccc(Cl)cc2)N1c1cc(Cl)cn(C2CC(O)(CO)C2)c1=O,中毒,7.4282966,12.110745
O=C1c2cc(-c3cn[nH]n3)n(-c3ccc(F)c(Cl)c3)c2C(c2ccc(Cl)cc2)N1c1cc(Cl)cn(C2CC(O)(CO)C2)c1=O,中毒,14.882899,11.513729
O=C1c2c(nc3ccc(Cl)cc3c2-c2cn[nH]n2)C(c2ccc(Cl)c(Cl)c2)N1c1cc(Cl)cn(C2CC(O)(CO)C2)c1=O,中毒,26.553892,12.110745
c1cc(C2CN3CCC2CC3)nc(-c2ccc(-c3cn[nH]n3)cc2)n1,中毒,14.774093,41.174747
O=C1c2cc(-c3cn[nH]n3)n(-c3ccc(F)cc3F)c2C(c2ccc(Cl)cc2)N1c1ccn(C2CC(O)(CO)C2)c1,中毒,15.540574,19.356245
O=C1c2cc(-c3cn[nH]n3)n(-c3ccc(Cl)cc3)c2C(c2ccc(Cl)cc2F)N1c1cc(Cl)c(Cl)s1,中毒,22.081749,23.074959
O=C1c2cc(-c3cn[nH]n3)n(-c3ccc(Cl)cc3Br)c2C(c2ccc(Cl)cc2)N1c1cc(Cl)cn(C2CC(O)(CO)C2)c1=O,中毒,14.882899,11.513729
O=S1(=O)c2cc(C#CCOc3coc(C(F)(F)F)c3)ccc2-c2cc(-c3cn[nH]n3)n(-c3ccc(Cl)c(Cl)c3)c21,中毒,6.30987,18.205706
O=C1c2cc(-c3cn[nH]n3)nc(Nc3cc(C4CC4)n[nH]3)c2C(c2ccc(Cl)cc2)N1c1cc(Cl)cn(C2CC(O)(CO)C2)c1=O,中毒,7.8529835,13.503714
Clc1ccc(C2SCc3c2nc(-c2cn[nH]n2)c(COc2cnc(Nc4ccccc4)nc2)c3-c2c(Cl)cccc2Cl)cc1,中毒,37.50709,14.56892
O=C1c2cc(-c3cn[nH]n3)n(-c3ccc(F)nc3F)c2C(c2ccc(Cl)cc2)N1c1cc(Cl)cn(C2CC(O)(CO)C2)c1=O,中毒,12.488247,11.513729
Clc1ccc(C2c3cc(-c4cn[nH]n4)n(-c4ccc(Cl)cc4)c3C(c3ccc(Cl)cc3)N2c2ccc(Cl)cc2)cc1,中毒,28.622856,23.107658
OC1(c2cc(Br)c(Cl)s2)CCC(N2CC(c3cccn3-c3ccc(F)cc3F)N=C3CC2c2[nH]c4ncc(-c5cn[nH]n5)cc4c23)C1,中毒,73.56382,13.503714
O=C1c2cc(-c3cn[nH]n3)n(-c3cccc(Cl)c3)c2C(c2cccc(Cl)c2)N1c1cc(Cl)cn(C2CC(O)(CO)C2)c1=O,中毒,14.882899,11.513729
O=C1c2cc(-c3cn[nH]n3)cn2C(c2cc(F)c(F)cc2F)N1c1cc(Cl)cn(C2CC(O)(CO)C2)c1=O,中毒,29.989872,12.110745
Clc1cc(Cl)c2c(c1)c(-c1cn[nH]n1)cc1c(-c3cccnc3)n[nH]c12,低毒,7.3117223,77.81378
O=C1C2=CC(c3cn[nH]n3)=CC2=C(C2CC3CN(C4CCOC4)CC32)C(c2ccc(Cl)cc2)N1c1ccc(F)cc1,中毒,10.081525,55.42767
Fc1ccc(C(F)(F)F)cc1N1c2c(nc(-c3cn[nH]n3)nc2N2CC3CC3C2)CC1c1ccc2c(c1)COC2,中毒,11.412676,43.35406
FC(F)(F)c1cncc(OC2CN(c3nc(-c4cn[nH]n4)cs3)C2)c1,中毒,5.404067,29.271757
O=C1c2cc(-c3cn[nH]n3)cc(-c3c(Cl)cccc3Cl)c2N1c1cc(Cl)cn(C2CC(O)(CO)C2O)c1=O,中毒,44.42436,18.239529
O=C1c2nc(-c3cn[nH]n3)cc(-c3c(F)cccc3F)c2C(c2cccc(Cl)c2)N1c1cc(Cl)cn(C2CC(O)(CO)C2)c1=O,中毒,37.24519,12.110745
Fc1cc(C2CC2)ccc1Nc1nc(NC2CCC(c3cn[nH]n3)C2)nc(N2CCOCC2)n1,中毒,4.567714,25.33049
O=C1Cc2cc(-c3cn[nH]n3)n(-c3ccc(Cl)cc3)c2C(c2ccc(Cl)cc2)N1c1cc(Cl)cn(C2CC(O)(CO)C2)c1=O,中毒,15.763229,47.68054
O=c1c(N2C(O)c3cc(-c4cn[nH]n4)cc(-c4c(Cl)cccc4Cl)c3C2c2ccc(Cl)o2)cc(Cl)cn1C1CC(O)(CO)C1,中毒,4.586443,9.173887
O=C1c2cc(-c3cn[nH]n3)c(C3CC3)n2C(c2ccc(Cl)cc2)N1c1cc(Cl)cn(C2CC(O)(CO)C2)c1=O,中毒,33.083656,28.945686
O=C1c2cc(-c3cn[nH]n3)n(-c3cc(Cl)ccc3Cl)c2C(c2ccc(Cl)cc2)N1c1cc(Cl)cn(C2CC(O)C(O)C2)c1=O,中毒,18.205946,11.513729
O=C1c2cc(-c3cn[nH]n3)n(-c3ccc(Cl)cc3C(F)(F)F)c2C(c2ccc(Cl)cc2)N1c1cc(Cl)cn(C2CC(O)(CO)C2O)c1=O,中毒,14.882899,11.513729
Oc1c(F)cc(Nc2nc3nc(-c4ccncc4F)ncc3nc2-c2cn[nH]n2)c(F)c1F,中毒,6.620376,32.77341
O=c1c(-c2ccc(Cl)c(Cl)c2)c(Cl)c2nc(-c3cn[nH]n3)ccc2n1CC(F)(F)F,中毒,40.08279,76.94624
NC(COc1cc2ncnc(Nc3ccc(Cl)c(Cl)c3)c2cc1-c1cn[nH]n1)CN1CCOCC1,中毒,3.4834893,65.033134
O=C1c2cc(-c3cn[nH]n3)n(-c3ccc(Cl)cc3I)c2C(c2cc3cc(Cl)ccc3nc2OC(F)(F)F)N1c1cc(Cl)cn(C2CC(O)(CO)C2)c1=O,中毒,12.488247,13.503714
O=C1c2cc(-c3cn[nH]n3)n(-c3ccc(F)cc3F)c2C(c2ccc(Cl)cc2)N1c1cc(Cl)cn2nc(C3CC3)cc12,中毒,28.345415,16.466494
Clc1cc(Cl)c2c(c1)-c1cncn1-c1cc(-c3cn[nH]n3)cc(-c3c(Cl)cccc3Cl)c1CO2,中毒,17.948132,8.514105
O=C1c2cc(-c3cn[nH]n3)sc2C(c2ccc(Cl)cc2)N1c1cc(Cl)cn(C2CC(O)(CO)C2)c1=O,中毒,8.738106,8.960914
N=c1c(NCc2ccoc2)nccn2cc(-c3cn[nH]n3)cc12,低毒,40.780106,60.27958
O=c1c(N2Cc3cc(-c4cn[nH]n4)cc(-c4c(Cl)cccc4Cl)c3C2c2ccc(Cl)cc2C(F)(F)F)cc(Cl)nn1C1CCOC1,中毒,44.177822,10.648614
O=C1c2cc(-c3cn[nH]n3)n(-c3ccc(Cl)cc3F)c2C(c2ccc(Cl)c(Cl)c2)N1c1cc(Cl)cn(C2CC(O)C(O)C2)c1=O,中毒,15.540574,11.513729
O=C1c2cc(-c3cn[nH]n3)n(-c3ccc(Cl)cc3F)c2C(c2ccc(Cl)cc2)N1c1cc(Cl)cn(C2CC2)c1=O,中毒,17.272402,14.026334
O=C1c2cc(-c3cn[nH]n3)c(=O)n(-c3ccccc3)c2C(c2ccc(Cl)cc2)N1c1cc(Cl)cn(C2CC(O)(CO)C2)c1=O,中毒,51.50488,12.110745
O=C(O)c1cn(O)c2cc(-c3cn[nH]n3)c(F)cc2c1=O,中毒,13.554535,14.660174
Brc1cccc(-c2ncnc3[nH]c(-c4cn[nH]n4)cc23)c1,中毒,213.35777,150.26265
OCC1OC(c2cn(C3CCC(Oc4cc(Cl)ccc4C4NCc5cc(-c6cn[nH]n6)cc(-c6c(Cl)cccc6Cl)c54)C3)nn2)C(O)C(O)C1O,中毒,5.7206526,9.114193
O=c1[nH]c(=O)c2c3cc(-c4cn[nH]n4)cc(Oc4cc(F)cc(Cl)c4)c=2c1=Cn1ncc(Br)c1C=3,中毒,20.613314,35.993343
O=C1c2cc(-c3cn[nH]n3)n(-c3ccc(F)cc3Cl)c2C(c2ccc(Cl)cc2)N1c1cc(Cl)cn(C2CC(O)(CO)C2O)c1=O,中毒,18.205946,11.513729
O=C1c2cc(-c3cn[nH]n3)n(-c3cc(Cl)ccc3F)c2C(c2ccc(Cl)cc2)N1c1cc(Cl)cn(C2CC(O)(CO)C2)c1=O,中毒,12.488247,11.513729
O=C1c2c(c3ccccc3n2-c2cn[nH]n2)C(c2ccc(Cl)cc2F)N1c1cc(Cl)cn(C2CC(O)(CO)C2)c1=O,中毒,25.928497,13.503714
O=C1c2cc(-c3cn[nH]n3)[nH]c2C(c2ccc(Cl)cc2)N1c1cc(Cl)cn(C2CC(O)C(O)C2)c1=O,中毒,7.4282966,11.513729
Clc1cc2nnc(-c3cn[nH]n3)cc2cc1I,中毒,6.155044,50.154316
O=C1NCC2(CCN(CCOc3cc(Cl)c(Oc4ccc(-c5cn[nH]n5)cc4F)cc3F)CC2)CN1,高毒,8.740091,33.496037
O=C1c2cc(-c3cn[nH]n3)c(-c3ccc(Cl)c(Cl)c3)nc2C(c2ccc(Cl)cc2OC(F)(F)F)N1c1cc(Cl)cn(C2CC(O)(CO)C2)c1=O,中毒,8.758138,14.418226
O=C1c2cc(-c3cn[nH]n3)n(-c3ccc(Cl)c(Cl)c3C(F)(F)F)c2C(c2ccc(Cl)cc2)N1c1cc(Cl)cn(C2CC(O)(CO)C2)c1=O,中毒,14.882899,11.513729
O=C1c2cc(-c3cn[nH]n3)nc(-c3csc(-c4ccoc4)c3Cl)c2C(c2ccsc2)N1c1cc(Cl)cn(C2CC2)c1=O,中毒,8.011326,14.0600395
Fc1cc(-c2cc(-c3cn[nH]n3)cc3c2CCN(c2nc(Nc4ccn(C5CCCNC5)n4)nc4cccc(F)c24)C3)ncc1Br,中毒,11.109417,21.743156
O=S(=O)(Nc1nccs1)c1ccc2c(-c3cn[nH]n3)cc3c(-c4ccc(F)c(Br)c4)ncnc3c2c1,中毒,7.1152515,24.278713
Fc1cc(Oc2ccc(Cl)cc2Br)cc2c1Cc1sc(-c3cn[nH]n3)nc1-2,中毒,19.181673,19.73056
O=C1c2cc(-c3cn[nH]n3)n(-c3cccc(Cl)c3F)c2C(c2ccc(Cl)cc2)N1c1cc(Cl)cn(C2CC(O)(CO)C2O)c1=O,中毒,12.488247,11.513729
CN1CCC(n2cc(Cl)cc(N3C(=O)c4cc(-c5cn[nH]n5)n(-c5ccc(F)cc5F)c4C3c3ccc(Cl)cc3)c2=O)CC1,中毒,17.272402,14.0600395
Fc1ccc(N2CCC(COc3cc4oc5cc(Cl)c(Cl)cc5c4cc3-c3cn[nH]n3)CC2)cc1,高毒,11.33632,63.89916
OCC1CCCCN1c1ccc(-n2cnc(-c3cn[nH]n3)c2)nn1,中毒,130.53764,59.519566
O=C1c2nc(-c3cn[nH]n3)nc(-c3cccs3)c2C(c2ccc(Cl)cc2F)N1c1cc(Cl)cn(C2CC(O)(CO)C2)c1=O,中毒,16.921463,13.503714
Fc1ccc(Cl)cc1-n1c(-c2cn[nH]n2)cc2c1C(c1ccc(Cl)cc1)N(C1=CCOCC1)C2c1ccc(Cl)cc1,中毒,22.288795,26.200974
O=C1c2cc(-c3cn[nH]n3)n(-c3cc4ccccc4s3)c2C(c2ccc(Cl)cc2)N1c1cc(Cl)cn(C2CC(O)(CO)C2)c1=O,中毒,18.205946,11.513729
O=C1c2cc(-c3cn[nH]n3)n(-c3cc4ccccc4s3)c2C(c2ccc(Cl)cc2Cl)N1c1cc(Cl)cn(C2CC(O)(CO)C2)c1=O,中毒,15.540574,11.513729
Clc1ccc(C2=NCc3c(cc(-c4cn[nH]n4)cc3-c3c(Cl)cccc3Cl)C2)c(Cl)c1,中毒,27.91519,74.45725
O=C1c2nc(-c3cn[nH]n3)sc2C(c2ccc(Cl)cc2)N1c1cc(Cl)cn(C2CC(O)C(O)C2)c1=O,中毒,59.929935,28.20462
Clc1ccc(-n2c(-c3cn[nH]n3)cc3c2-c2cc(Cl)c(-c4cnc5c(n4)SCO5)cc2-3)cc1,中毒,12.254318,50.757877
O=C1c2cc(-c3cn[nH]n3)c(=O)n(-c3ccccc3Cl)c2C(c2ccc(Cl)cc2)N1c1cc(Cl)cn(C2CC(O)(CO)C2)c1=O,中毒,51.50488,12.110745
O=C1c2cc(-c3cn[nH]n3)c(N3CCOCC3)nc2C(c2ccc(Cl)cc2)N1c1cc(Cl)cn(C2CC(O)(CO)C2)c1=O,中毒,14.775009,13.503714
O=c1c(N2Cc3cc(-c4cn[nH]n4)n(-c4ccc(F)cc4F)c3C2c2ccc(Cl)nc2)cc(Cl)cn1C1CC(O)(CO)C1,中毒,15.763229,11.513729
Clc1ccc2ncc(N3CCc4c(nc(-c5cn[nH]n5)nc4Nc4ccc5c(c4)OCO5)C3)nc2c1,中毒,10.183988,16.45649
O=C1c2ncc(-c3cn[nH]n3)c(-c3cccnc3)c2C(c2ccc(Cl)cc2)N1c1cc(Cl)cn(C2CC(O)(CO)C2)c1=S,中毒,62.811436,36.43178
c1cc(-c2cn3c(n2)N2C4CCC2CC(C4)Oc2nc(-c4cn[nH]n4)sc2C3)n[nH]1,中毒,42.076447,13.358463
c1cncc(Oc2ncc3c(n2)C(C2CC2)N(c2cn[nH]n2)C3)c1,中毒,21.974943,21.345953
O=C1c2cc(-c3cn[nH]n3)cc(-c3c(Cl)cccc3Cl)c2CC(c2ccc(Cl)cc2)N1c1cc(Cl)cn(C2CC(O)(CO)C2)c1=O,中毒,22.081963,19.79431
Fc1cccc2[nH]cc(CC3C(c4cn[nH]n4)=CC4=C(c5cc(-c6ccc7[nH]cnc7c6)ccc54)C3c3ccoc3)c12,中毒,32.06437,23.838741
Clc1ccccc1COc1nonc1-c1cc2c(cc1I)-n1nc(-c3cn[nH]n3)cc1CC2,中毒,57.126514,18.163393
O=C1c2cc(-c3cn[nH]n3)n(-c3ccc(F)cc3)c2C(c2ccc(F)cc2)N1c1cc(Cl)cn(C2CC(O)(CO)C2)c1=O,中毒,14.882899,11.513729
O=C1c2nc(-c3cn[nH]n3)n(-c3ccc(Cl)cc3F)c2C(c2ccc(Cl)cc2)N1c1cc(Cl)cn(C2CC2)c1=O,中毒,24.28114,36.180477
O=C1c2cc(-c3cn[nH]n3)cc(-c3c(Cl)cccc3Cl)c2C(c2ccc(Cl)cc2)N2C(=O)C2=CC(Cl)=CN1C1CC(O)(CO)C1,中毒,13.760016,15.884826
O=C1c2ccc(F)cc(F)c3cc(-c4cn[nH]n4)n2c3C(c2ccc(Cl)cc2Cl)N2C(=O)C2=CC(Cl)=CN1C1CC(O)(CO)C1,中毒,13.79532,12.652781
Oc1[nH]nc2cc(-c3cn[nH]n3)c(Oc3cccc4c(S)n(-c5ccc(N6CCOCC6)cc5)nc34)cc12,中毒,7.1885695,21.23448
O=Cc1ccc(Cl)cc1N1C(=O)c2cc(-c3csc4cc(-c5cn[nH]n5)nn34)[nH]c2C1c1ccc(Cl)cc1,中毒,13.44669,19.850483
O=C1c2cc(-c3cn[nH]n3)c(-c3ccc(Cl)c(Cl)c3F)n2C(c2ccc(Cl)cc2)N1c1cc(Cl)cn(C2CC(O)(CO)C2)c1=O,中毒,32.68572,13.503714
O=C1N(c2cc(Cl)cn(C3CC(O)(CO)C3)c2=O)C(c2ccc(Cl)cc2)c2c(-c3ccc(Cl)c(Cl)c3)c(-c3cn[nH]n3)cn21,中毒,4.780019,13.466203
O=C(CNC1CC2CNCC21)Nc1cc2scc(-c3cn[nH]n3)c2cc1-c1cc(Oc2cccc(C(F)(F)F)c2)ncc1Cl,中毒,43.904915,20.934618
O=C1c2nc(-c3cn[nH]n3)c(-c3ccc(Cl)c(Cl)c3)c(-c3ccncc3)c2C(c2ccc(Cl)cc2)N1c1cc(Cl)cn(C2CC(O)C(O)C2)c1=O,中毒,67.017,12.110745
O=c1c(N2Cc3cc(-c4cn[nH]n4)n(-c4ccc(F)cc4F)c3C2c2cccc(Cl)c2)cc(Cl)cn1C1CC(O)(CO)C1,中毒,15.763229,11.513729
O=c1c(N2Cc3cc(-c4cn[nH]n4)cc(-c4c(F)cccc4F)c3OC2(c2ccc(Cl)cc2)c2ccc(Cl)cc2)cc(Cl)cn1C1CC(O)(CO)C1,中毒,11.642886,13.503714
CC(CO)C1(C(=O)O)c2cc(-c3cn[nH]n3)cc(-c3c(Cl)cccc3Cl)c2C(c2ccc(Cl)cc2)N1c1cc(Cl)cn(C2CC(O)(CO)C2)c1=O,中毒,22.79976,18.239529
O=C1c2cc(-c3cn[nH]n3)n(-c3ccc4c(c3)OCO4)c2C(c2ccc(Cl)cc2)N1c1cc(Cl)cn(C2CC(O)C(O)C2)c1=O,中毒,38.99518,11.513729
Clc1nc(N2CCN(c3ccncn3)C(Br)C2)nc2cc(OC3CCN(C4CC4)CC3)c(-c3cn[nH]n3)cc12,中毒,8.354468,8.382097
O=C1c2cc(-c3cn[nH]n3)n(-c3c(F)cccc3C(F)(F)F)c2C(c2ccc(Cl)cc2)N1c1cc(Cl)cn(C2CC(O)(CO)C2)c1=O,中毒,12.488247,13.466203
O=C1c2nc(-c3cn[nH]n3)sc2C(c2ccc(Cl)cc2)N1c1cc(Cl)cn(C2CC(O)(CO)C2)c1=O,中毒,59.929935,28.20462
O=C1c2cc(-c3cn[nH]n3)n(-c3ccc(Cl)cc3Cl)c2C(c2ccc(Cl)cc2)N1c1cc(Cl)cn(C2CCOCC2)c1=O,中毒,22.035963,13.466203
O=C1c2cc(-c3cn[nH]n3)nc(-c3c(Cl)cccc3Cl)c2C(c2ccc(Cl)cc2Cl)N1c1cc(Cl)cn(C2CC(O)(CO)C2)c1=O,中毒,7.8750753,12.110745
Nc1ncnc2c1c(-c1cc(-c3cn[nH]n3)cc3c1CN(c1ccc(Br)cc1F)C3)cn2S(=O)(=O)c1ccc(Cl)cc1,中毒,6.877346,25.249002
O=C1c2cc(-c3cn[nH]n3)n(-c3ccc(Cl)nc3F)c2C(c2ccncc2)N1c1cc(Cl)cn(C2CC(O)(CO)C2)c1=O,中毒,12.488247,11.513729
O=C1c2cc(-c3cn[nH]n3)n(-c3ccc(Cl)cc3)c2C(c2ccc(Cl)cc2Cl)N1c1cc(Cl)cn(C2CC(O)C(O)C2)c1=O,中毒,15.540574,11.513729
N#Cc1ccc(Nc2ncnc3cc(OCC4COC(Cn5cnc6c(NC7CC7)nc(Cl)nc65)C4)c(-c4cn[nH]n4)cc23)cc1Cl,中毒,12.67802,22.378096
c1coc(-c2n[nH]c3c(-c4cn[nH]n4)cc(-c4ccc5ccccc5c4)nc23)c1,中毒,8.868185,86.74455
O=c1c(N2Cc3cc(-c4cn[nH]n4)n(-c4ccc(F)cc4)c3C2c2ccc(Cl)cc2)cc(Cl)cn1C1CC(O)(CO)C1,中毒,19.24008,11.513729
O=c1c(N2Cc3cc(-c4cn[nH]n4)cc(-c4c(F)cccc4Cl)c3C2c2ccc(Cl)cc2)nc(Cl)cn1C1CC(O)(CO)C1,中毒,10.1953945,11.092264
O=c1c(N2Cc3cc(-c4cn[nH]n4)n(-c4ccc(Cl)cc4F)c3C2c2ccc(Cl)cc2)cc(Cl)cn1C1CC(O)(CO)C1,中毒,15.763229,11.513729
O=C1c2cc(-c3cn[nH]n3)n(-c3ccc(Cl)cc3Cl)c2C(c2ccc(Cl)cc2)N1c1cc(Cl)cn(C2CC(O)C(CO)C2)c1=O,中毒,18.205946,11.513729
c1ccn2c(-c3cc(-c4cn[nH]n4)cc4c3CN(c3ncnc5c3CCCC5)C4)cnc2c1,中毒,41.35315,46.229546
O=C1c2cc(-c3cn[nH]n3)n(-c3ccc(Cl)cc3F)c2C(c2cccc(Cl)c2)N1c1cc(Cl)cn(C2CC(O)(CO)C2)c1=O,中毒,12.488247,11.513729
Fc1cc(Cl)ccc1-n1c(-c2cn[nH]n2)cc2c1C(c1ccc(Cl)cc1)N(c1ccc(Cl)cc1)C2,中毒,21.327534,23.107658
OC1CC(c2cc(N3Cc4cc(-c5cn[nH]n5)cc(-c5c(Cl)cc6ncsc6c5Cl)c4C3c3cccnc3)cs2)CC1O,中毒,51.891346,34.463593
Fc1cccc(-n2c(-c3cn[nH]n3)cc3c2C(c2ccc(Cl)cc2)N(c2cc(Cl)cn4nc(C5CC5)cc24)C3)c1F,中毒,32.733707,16.466494
Clc1ccc(C2(C3(c4ccc(Br)cc4)CC4CC43)c3cc(-c4cn[nH]n4)sc32)cc1,中毒,16.100737,13.750762
O=C1c2cc(-c3cn[nH]n3)n(-c3ccc(Cl)c(Cl)c3)c2C(c2ccc(Cl)cc2)N1c1cc(Cl)cn(C2CC2)c1=O,中毒,22.121504,14.026334
O=c1c(N2Cc3cc(-c4cn[nH]n4)n(-c4cc(Cl)cc(Cl)c4)c3C2c2ccc(Cl)cc2)cc(Cl)cn1C1CC(O)(CO)C1,中毒,19.24008,11.513729
c1cc(-c2cnnc3sc(-c4cn[nH]n4)cc23)c2cc[nH]c2n1,高毒,9.11559,11.8011465
OCC1CN(c2cc3c(Cl)c(Nc4ncnc5c4-c4cc(-c6cn[nH]n6)oc4-5)ccc3s2)CCS1,中毒,8.357919,15.06693
O=S1(=O)CCn2nc(-c3cn[nH]n3)cc2-c2cc(OCC3CC3c3cncc(F)c3)c(F)cc2C1,中毒,12.0505905,32.009907
Oc1c(F)cc(-c2nc(N3CCOCC3)n3cc(-c4cn[nH]n4)cc3n2)cc1F,中毒,14.792008,161.47307
O=C1c2cc(-c3cn[nH]n3)n(-c3ccc(F)cc3)c2C(c2cc3c(cc2Cl)OCO3)N1c1cc(Cl)cn(C2CC(O)(CO)C2)c1=O,中毒,12.488247,13.466203
O=C1c2cc(-c3cn[nH]n3)n(-c3cc4c(cc3Cl)COc3cc(Cl)ccc3-4)c2C(c2cccnc2)N1c1cc(Cl)cn(C2CC(O)C(O)C2O)c1=O,中毒,51.50488,11.513729
Fc1cccc2nc(CNc3ncnc4nc(Sc5cn[nH]n5)nc(Cl)c34)oc12,中毒,9.826386,56.88195
O=C1CC(CO)CC2=C1c1cc(-c3cn[nH]n3)n(-c3ccc(Cl)cc3)c1C(c1ccc(Cl)cc1)N2c1cc(Cl)cn(C2CC(O)(CO)C2)c1=O,中毒,32.17651,13.503714
O=c1c(N2Cc3cc(-c4cn[nH]n4)n(-c4ccc(F)cc4F)c3C3=c4cc(Cl)ccc4=C4C=C(Cl)C=CC(=C4)C32)cc(Cl)cn1C1CC(O)(CO)C1,中毒,36.83937,13.503714
O=c1c(N2Cc3cc(-c4cn[nH]n4)n(-c4ccc(F)cc4)c32)cc(Cl)cn1C1CC(O)(CO)C1,中毒,28.74248,33.69392
O=C1c2cc(-c3cn[nH]n3)n(-c3cc(Cl)cc(Cl)c3)c2C(c2ccc(Cl)cc2)N1c1cc(Cl)cn(C2CC(O)C(O)C2)c1=O,中毒,14.882899,11.513729
Fc1c(Cl)cccc1C1Oc2cc(NCC3CCOC(Cn4ccnn4)C3)nc(C(F)(F)F)c2-c2cc(-c3cn[nH]n3)oc21,中毒,4.6796317,9.040454
O=C1c2cc(-c3cn[nH]n3)c(-c3ccc(F)c(Cl)c3)n2C(c2ccc(Cl)cc2)N1c1cc(Cl)cn(C2CC(O)(CO)C2)c1=O,中毒,19.951618,13.503714
O=C1c2cc(-c3cn[nH]n3)n(-c3ccccn3)c2C(c2ccc(Cl)cc2)N1c1cc(Cl)cn(C2CCS(=O)(=O)C2)c1=O,中毒,17.272402,14.026334
O=CC1(O)CC(n2cc(Cl)cc(N3C(=O)c4cc(-c5cn[nH]n5)n(-c5ccc(Cl)cc5)c4C3c3ccc(Cl)cc3)c2=O)C1,中毒,31.338547,11.513729
O=C1c2cc(-c3cn[nH]n3)n(-c3ccc(Cl)cc3F)c2C(c2ccsc2)N1c1cc(Cl)cn(C2CC(O)(CO)C2)c1=O,中毒,12.488247,11.513729
O=C1c2cc(-c3cn[nH]n3)n(-c3cc(F)c(Cl)c(Cl)c3)c2C(c2ccc(Cl)cc2)N1c1cc(Cl)cn(C2CC(O)(CO)C2Cl)c1=O,中毒,14.882899,11.513729
O=C(O)c1nc(-c2ccc(F)cc2)c(N2Cc3cc(-c4cn[nH]n4)sc3CN(c3nc4ccccc4s3)C2)s1,中毒,42.246197,34.517803
S=C(S)N1Cc2nn(-c3cn[nH]n3)cc2CC1c1ccc(Cl)cc1,中毒,68.426414,194.98155
c1cc2nnsc2cc1-c1cnn(-c2cn[nH]n2)c1,低毒,90.72101,63.19279
O=S(=O)(CO)c1ccc2c(cc(-c3cn[nH]n3)c3oc4ccccc4c32)c1Br,中毒,29.968624,36.68352
Clc1cnc(C2Cc3cc(-c4cn[nH]n4)cc(-c4ccsc4)c32)nc1Nc1nc2c(s1)CCCC2,中毒,14.842042,18.717678
O=c1c(N2Cc3cc(-c4cn[nH]n4)n(-c4ccc(F)cc4F)c32)cc(Cl)cn1C1CC(O)C(O)C1O,中毒,37.92881,33.69392
O=C1c2cc(-c3cn[nH]n3)n(-c3ccc(Cl)cc3F)c2C(c2ccc(Cl)cc2)N1c1cc(Cl)c(=O)n(C2CC(O)(CO)C2)c1,中毒,12.488247,13.213944
O=C1c2cc(-c3cn[nH]n3)n(-c3ccc(F)cc3F)c2C(c2ccccc2Cl)N1c1cc(Cl)cn(C2CC(O)(CO)C2)c1=O,中毒,12.488247,11.513729
O=C1c2cc(-c3cn[nH]n3)n(-c3cc(F)ccc3F)c2C(c2ccc(Cl)cc2)N1c1cc(Cl)cn(C2CC(O)(CO)C2)c1=O,中毒,12.488247,11.513729
O=C1c2cc(-c3cn[nH]n3)c(Oc3ccc(Cl)cc3Cl)nc2C(c2ccc(Cl)cc2)N1c1cc(Cl)cn(C2CC(O)(CO)C2)c1=O,中毒,52.723274,12.087409
O=C1c2cc(-c3cn[nH]n3)cc(-c3c(F)cccc3F)c2CC(c2ccc(Cl)cc2)N1c1cc(Cl)cn(C2CC(O)(CO)C2)c1=O,中毒,15.809174,17.379768
N#Cc1ccc(-n2c(-c3cn[nH]n3)cc3c2C(c2ccc(Cl)cc2)N(c2cc(Cl)cn(C4CC(O)(CO)C4)c2=O)C3=O)cc1,中毒,14.882899,11.513729
O=C(O)c1cn(C2CC(n3cnc4c(NC5CCC(CO)C5)nc(Cl)cc43)C(O)C2O)c2nc(-c3cn[nH]n3)c(F)cc2c1=O,中毒,11.291368,8.094371
c1cc2c(cc1-c1cnoc1)N=C1c3[nH]c(-c4cn[nH]n4)nc3C3CC4CC(C3)CC(C4)C12,中毒,19.224264,27.223124
O=C1c2cc(-c3cn[nH]n3)c(-c3ccc(Cl)cc3)n2C(c2ccc(Cl)cc2)N1c1cc(Cl)cn(C2CC(O)(CO)C2)c1=O,中毒,19.951618,13.503714
O=C(n1cc(Cl)cc(N2Cc3cc(-c4cn[nH]n4)n(-c4ccc(Cl)cc4)c3C2c2ccc(Cl)cc2)c1=O)C1(CO)CC(O)C1,中毒,38.99518,11.513729
O=C1c2cc(-c3cn[nH]n3)n(-c3ccnc(C(F)(F)F)c3)c2C(c2ccc(Cl)cc2)N1c1cc(Cl)cn(C2CC2(O)CO)c1=O,中毒,51.50488,12.110745
Clc1ccc(CC2Cc3nc(-c4cn[nH]n4)nn3CS2)cc1,低毒,7.246651,43.589573
O=C1C2=CC(Cl)=Cn3nc(Cl)cc3-c3cc(-c4cn[nH]n4)cc(-c4c(Cl)ccc(Cl)c4Cl)c3C(c3ccc(Cl)cc3Cl)N12,中毒,12.271781,19.978615
Brc1c[nH]c2ncc(-c3cn[nH]n3)cc12,高毒,55.586308,103.28253
O=C1c2cc(-c3cn[nH]n3)n(-c3ccc(F)cc3F)c2C(c2ccc(Cl)cc2)N1c1cc(Cl)cn(C2CC(O)=C(Br)C2)c1=O,中毒,25.244574,11.513729
O=C(Nc1ccc2c(c1)-c1c(cc(-c3cn[nH]n3)n1-c1ccc(F)cc1F)CC2)c1ccc(Cl)cn1,中毒,58.729046,13.879641
O=C1c2cc(-n3cnnc3-c3cn[nH]n3)c(-c3ccc(Cl)cc3)cc2N1c1cc(Cl)cn(C2C=C(CO)C(O)C2)c1=O,中毒,9.709901,15.303033
O=CC1c2cc(-c3nc(NC4CC(F)(F)C4)ncc3-c3cn[nH]n3)c(=O)ncc2C(c2ccc(Cl)cc2)N1c1ccc(F)cc1F,中毒,6.565807,14.1463
O=C1c2cc(-c3cn[nH]n3)n(-c3cccc(Cl)c3Cl)c2C(c2cccc(Cl)c2)N1c1cc(Cl)cn(C2CC(O)(CO)C2)c1=O,中毒,18.205946,11.513729
O=C1c2cc(-c3cn[nH]n3)n(-c3ccc(Cl)cc3)c2C(c2ccc(Cl)cc2)N1c1cc(Cl)c(=O)n(C2CC(O)C(O)C2)c1Br,中毒,12.488247,11.513729
O=C1c2cc(-c3cn[nH]n3)n(-c3cc(F)c(Oc4ccccn4)cc3Cl)c2C(c2ccc(Cl)cc2)N1c1cc(Cl)cn(C2CC(O)(CO)C2)c1=O,中毒,51.50488,11.513729
c1ccc2c(c1)C(c1cn(-c3cn[nH]n3)nn1)CN1C3CCN(CC3)CC21,中毒,42.222187,28.208738
O=c1c(N2Cc3cc(-c4cn[nH]n4)cc(NC4CCC(F)C(CN5CC(F)(F)C5)C4)c3C2c2ccc(Cl)cc2)cc(Cl)cn1C1CC(O)(CO)C1,中毒,10.009384,31.16672
O=c1c(N2Cc3cc(-c4cn[nH]n4)n(-c4ccc(Cl)cc4F)c3C2c2ccc(Cl)cc2Cl)cc(Cl)cn1C1CC(O)(CO)C1,中毒,20.18954,11.513729
O=C1c2nc(-c3cn[nH]n3)n(-c3ccc(Cl)c(Cl)c3F)c2C(c2ccc(Cl)cc2)N1c1cc(Cl)cn(C2CC(O)(CO)C2)c1=O,中毒,24.818281,34.717995
O=C1c2cc(-c3cn[nH]n3)n(-c3ccccc3F)c2N1c1cc(Cl)cn(C2CC(O)(CO)C2)c1=O,中毒,23.669764,13.503714
O=C1c2cn(-c3cn[nH]n3)nc2-c2ccc(Cl)cc2C(c2ccccc2)N1c1cc(Cl)cn(C2CC(O)(CO)C2)c1=O,中毒,29.099829,11.703885
O=S1(=O)c2ccc(N3CCOCC3)cc2-c2nc(-c3cn[nH]n3)nc(SCc3ccc4nc[nH]c4c3)c2C1c1cccc(F)c1F,中毒,14.471408,14.2372675
Fc1ccc(Nc2nc3cnc(N4CCc5ccc(Br)nc54)nc3cc2-c2cn[nH]n2)cc1,中毒,4.7298927,45.12004
Clc1cncc(-c2cc(-c3scnc3Cl)nc3c2-c2cc(-c4cn[nH]n4)sc2-3)c1,低毒,6.322962,24.402596
Cn1nc(N2C(=O)c3cc(-c4cn[nH]n4)n(-c4ccc(Cl)cc4F)c3C2c2ccc(Cl)cc2)cc(Cl)c1=O,中毒,17.272402,14.026334
O=C1CC2(CCC2)C(=O)N1C1Cc2cc(-c3cn[nH]n3)cn2C1,低毒,16.493065,18.65525
O=c1c(N2Cn3cc(-c4cn[nH]n4)c(-c4nc(C5=CCOCC5)no4)c3CC2c2ccc(Cl)nc2)cc(Cl)cn1C1CC(O)(CO)C1,中毒,13.292209,33.968105
O=c1oc2cc(I)ccc2cc1Oc1c2ccc(c1Br)C(F)=CC(c1cn[nH]n1)=C2,中毒,18.651789,34.426918
O=c1c(N2CNc3cc(-c4cn[nH]n4)n(-c4ccc(Cl)cc4F)c3C2c2ccc(Cl)cc2)cc(Cl)cn1C1CC(O)(CO)C1,中毒,10.762919,13.466203
O=c1c(N2Cc3cc(-c4cn[nH]n4)cc(-c4ccnc(Cl)c4)c3C2c2ccc(Cl)cc2)cc(Cl)cn1C1CC(O)(CO)C1,中毒,9.036046,9.912456
O=C1c2nc(-c3cn[nH]n3)n(-c3ccc(F)c(Cl)c3)c2C(c2ccc(Cl)cc2)N1c1cc(Cl)cn(C2CC(O)(CO)C2)c1=O,中毒,23.043425,34.717995
Fc1ccc2[nH]cc(C(CC3CCN(CCSc4cn[nH]n4)CC3)N3CCN(Cc4ccccc4)C(C4CC4)C3)c2c1,中毒,5.864402,33.571117
O=C1c2cc(-c3cn[nH]n3)c(-c3ccc(Cl)cc3)c(=O)n2C(c2ccc(Cl)cc2)N1c1cc(Cl)cn(C2CC(O)(CO)C2)c1=O,中毒,38.834198,13.503714
O=C1Nc2cc(Nc3nc4cc(-c5cnn(-c6cn[nH]n6)c5)ccc4s3)c([N+](=O)[O-])cc21,中毒,65.3701,34.923836
O=C1CCC(C(=O)O)(N(c2cc(Cl)cn(C3CC(O)(CO)C3)c2=O)C(c2ccc(Cl)cc2)c2c3cc(-c4cn[nH]n4)n2c2ccc(Cl)cc32)N1,中毒,18.917582,19.23925
Fc1ccc(-c2c(C3=C4N=C(c5cn[nH]n5)C=C4C3)cc(NCCN3CCC(c4nc5ccccc5s4)CC3)nc2-c2ccoc2)cc1,中毒,55.199665,14.072692
O=C1c2cc(-c3cn[nH]n3)n(-c3ccc(F)c(F)c3F)c2C(c2ccc(Cl)cc2Cl)N1c1cc(Cl)cn(C2CC(O)(CO)C2)c1=O,中毒,15.540574,11.513729
O=c1c2cc(-c3cn[nH]n3)cnc2[nH]c2[nH]c(-c3ccc4nonc4c3)c(-c3cccs3)c12,中毒,4.1244907,57.222748
OCC1(O)CC(n2cc(Cl)cc(N3C(Cl)c4cc(-c5cn[nH]n5)cc(-c5ncn[nH]5)c4C3c3ccc(Cl)cc3)c2=S)C1,中毒,39.425797,41.98095
O=C1c2cc(-c3cn[nH]n3)n(-c3ccc(C(F)(F)F)nc3)c2C(c2ccc(Cl)cc2)N1c1cc(Cl)cn(C2CC(O)C(O)C2)c1=O,中毒,51.50488,11.513729
O=C1c2cc(-c3cn[nH]n3)n(-c3ncc(Cl)cc3F)c2C(c2ccc(Br)cc2)N1c1cc(Cl)cn(C2CC(O)(CO)C2)c1=O,中毒,12.488247,11.513729
O=C1c2cc(-c3cn[nH]n3)cn2C(c2ccc(Cl)cc2)N1c1cc(Cl)cn(C2CC(O)(CO)C2)c1=O,中毒,29.989872,28.945686
O=C1c2nc(-c3cn[nH]n3)c(Br)c(-c3ccoc3)c2C(c2ccc(Cl)cc2F)N1c1cc(Cl)cn(C2CC(O)(CO)C2)c1=O,中毒,25.928497,12.110745
O=C1c2cc(-c3cn[nH]n3)c(-c3cc(Cl)cc(Cl)c3)nc2C(c2ccc(Cl)cc2F)N1c1cc(Cl)cn(C2CC(O)(CO)C2)c1=O,中毒,13.216523,12.087409
CC12CCCC1COc1cc(Br)c3cc1C(=O)N(c1ccc(Cl)cc1NC1CC1)C(c1ccc(Cl)cc1)c1c2cc(-c2cn[nH]n2)n1-3,中毒,29.078686,13.503714
c1n[nH]nc1-c1cc2c(n1-c1nc(C3CC3)cc(-c3nc4c(s3)CCCO4)c3ncc(N4CCOCC4)c1-3)CCC2,中毒,26.335144,16.862432
CC12C(O)=C(C(N)=O)C(=O)C1c1cc(-c3cn[nH]n3)[nH]c1C(c1ccc(Cl)cc1)N2c1cncc(Cl)c1,中毒,8.803864,13.503714
O=C1c2cc(-c3cn[nH]n3)n(-c3ccc(F)cc3Cl)c2C(c2ccc(Cl)cc2)N1c1cc(Cl)cn(C2CC(O)C(O)(CO)C2)c1=O,中毒,18.205946,11.513729
Oc1cc(F)cc(OCc2csc3c2c(-c2cn[nH]n2)cn3Cl)c1,中毒,17.489878,15.384486
O=c1c(N2Cc3cc(-c4cn[nH]n4)n(-c4ccc(Cl)cc4)c3C2c2cc3c(cn2)OCCO3)cc(Cl)cn1C1CC(O)(CO)C1,中毒,45.389744,13.503714
Fc1ccc(Nc2ncnc3cc(OCC4(F)CN5CCC4C5)c(-c4cn[nH]n4)cc23)cc1Cl,中毒,3.4834893,60.749157
Fc1cc(F)c2sc(-c3cn4nc(-c5cn[nH]n5)sc4n3)cc2c1F,中毒,24.313417,13.560846
O=C1c2cc(-c3cn[nH]n3)n(-c3ccc(Cl)cc3F)c2C(c2ccc(Cl)s2)N1c1cc(Cl)cn(C2CC(O)(CO)C2)c1=O,中毒,13.346145,11.513729
CC(C)(C)c1ccc2c(-c3cc(-c4cn[nH]n4)cc4c3C(c3ccc(Cl)cc3)N(c3cc(Cl)cn(C5CC(O)(CO)C5)c3=O)C4)c[nH]c2c1,中毒,9.954332,13.489636
Fc1ncccc1-c1cncc2cc(-c3cn[nH]n3)ccc12,中毒,4.9186354,57.110867
c1nocc1Cn1cc(-c2ccc3ncc(-c4cc5c(cc4-c4cn[nH]n4)CCNC5)cc3c2)cn1,中毒,20.346437,23.711199
O=C1NC(c2cn[nH]n2)C2CC(c3ccon3)N(NS(=O)(=O)c3cccc4cccnc34)C12,中毒,34.750565,26.377052
Fc1ccc(-c2c(-c3cc(F)cc(Cl)c3)nc(NCc3cnoc3)c3nnn(-c4cn[nH]n4)c23)cc1,中毒,13.878711,23.060377
Cc1ncc(Cl)cc1N1C2C3=CC=C(Cl)C=C2C(c2ccc(Cl)cc2)C3=Nc2cc(-c3cn[nH]n3)n(-c3ccc(Cl)cc3Cl)c2C1c1ccc(Cl)cc1,中毒,35.915714,21.405653
Fc1ccc(-c2cc3cncnc3s2)c(C2CC2(c2ccc(Cl)cc2)c2c3nc(-c4cn[nH]n4)c-3c2-c2cccs2)c1,中毒,19.039516,23.074959
O=C1C2CC(O)(CO)CC(N3C(=O)c4cc(-c5cn[nH]n5)n(-c5ccc(F)cc5F)c4C3c3ccc(Cl)cc3)=CC(Cl)=CN12,中毒,14.940432,19.356245
O=C(O)c1c(-c2ccoc2)sc2c(F)c(NC3C=C(c4cn[nH]n4)C=CC3)c(F)cc2c1=O,中毒,6.223848,35.278755
O=C1C2CCc3cc(-c4cn[nH]n4)n(-c4ccc(Cl)cc4F)c3C(c3ccc(Cl)cc3)N1c1cc(Cl)cn2c1=O,中毒,21.327534,14.3937645
O=C1C(c2cn[nH]n2)=CC2=C(C(c3c(Cl)cccc3Cl)=C2)C(c2ccc(Cl)cc2)N2C(=O)C2=CC(Cl)=CN1C1CCC(O)(CO)C1,中毒,42.229237,23.141388
[O]N1c2cc(F)cc(F)c2-c2cc(-c3cn[nH]n3)n(-c3ccc(Cl)cc3)c2C1c1ccc(Cl)cc1,中毒,19.93605,26.445395
O=c1c(N2Cc3cc(-c4cn[nH]n4)cc(-c4c(Cl)cccc4Cl)c3C2c2ccc(Cl)cc2)cc(Cl)cn1C1CC(O)C(O)C1,中毒,6.8665094,9.912456
O=C1c2cc(-c3cn[nH]n3)n(-c3ccc(Cl)cc3)c2C(c2ccc(F)cc2)N1c1cc(Cl)cn(C2CC(O)C(O)C(O)C2)c1=O,中毒,14.882899,11.513729
N#Cc1csc(N2C(c3ccc(Cl)cc3)c3cc(-c4cn[nH]n4)n(-c4cc(F)cc(F)c4)c3C2c2ccc(Cl)cc2)c1,中毒,36.43954,23.074959
O=C1c2cc(-c3cn[nH]n3)cc(-c3c(Cl)cccc3Cl)c2CC(c2ncc[nH]2)N1c1cc(Cl)cn(C2CC(O)(CO)C2)c1=O,中毒,26.09472,18.239529
O=C1c2cc(-c3cn[nH]n3)n(-c3ccc(Br)cc3F)c2C(c2ccc(Cl)cc2)N1c1cc(Cl)cn(C2CC(O)C(O)C2)c1=O,中毒,15.540574,11.513729
O=C1c2nc(-c3cn[nH]n3)sc2C(c2ccc(Cl)cc2F)N1c1cc(Cl)cn(C2CC(O)(CO)C2)c1=O,中毒,59.929935,28.20462
O=C1c2cc(-c3cn[nH]n3)n(-c3cc(Cl)cc(Cl)c3)c2C(c2ccc(OCCN3CCOCC3)cc2)N1c1cc(Cl)cn(C2CC(O)(CO)C2)c1=O,中毒,14.882899,13.466203
O=C1c2cc(-c3cn[nH]n3)n(-c3ccc(F)cc3F)c2C(c2ccc(Cl)nc2)N1c1cc(Cl)cn(C2CC(O)(CO)C2)c1=O,中毒,12.488247,11.513729
O=C1N2Cc3cc(-c4cn[nH]n4)n(-c4ccc(Cl)cc4F)c3C(c3ccc(Cl)cc3)N(c3ccc(Cl)c(Cl)c3)C2=NC12CCOCC2,中毒,17.475342,25.235033
O=C1c2cc(-c3cn[nH]n3)n(-c3ccc(Cl)cc3)c2C(c2ccc(Cl)cc2)N1c1cc(Cl)cn(C2CC(O)C(O)(CO)C2)c1=O,中毒,14.882899,11.513729
O=c1c(N2c3cc(Cl)cc(Cl)c3-c3cc(-c4cn[nH]n4)c(-c4ccc(Cl)cc4F)n3C2c2ccc(Cl)cc2)cc(Cl)cn1C1CC(O)(CO)C1,中毒,15.025597,14.418226
Fc1ccc(-n2c(-c3cn[nH]n3)cc3c2C(c2ccc(Cl)cc2)N(c2cc(Cl)c4ncc(F)cc4c2)C3c2ccc(Cl)cc2)cc1,中毒,28.622856,23.107658
O=C(Nc1ccc(Cl)c(C2=C3C=C(c4cn[nH]n4)C=C3C2)c1)c1ccc2nccn2n1,中毒,12.091421,33.494392
O=C1c2cc(-c3cn[nH]n3)n(-c3ccc(F)cc3F)c2C(c2cccnc2)N1c1cc(Cl)cn(C2CC(O)C(O)C2)c1=O,中毒,12.488247,11.513729
O=S(=O)(c1ccc(F)c(F)c1)N1CC2=CC(c3cn[nH]n3)=CC2=C(c2cc3cc(Oc4ccccc4)ccc3s2)C1c1cccnc1,中毒,8.254531,9.114193
O=c1c(N2C(O)c3cc(-c4cn[nH]n4)n(-c4ccc(Cl)cc4Cl)c3C2c2ccc(Cl)cc2)cc(Cl)cn1C1CC(O)(CO)C1,中毒,39.08631,12.110745
Fc1cccc(Oc2ccc(OC3CC3)cc2C2=C3N=C(c4cn[nH]n4)C=C3C2)c1,中毒,48.42551,23.261257
O=C1c2nc(-c3cn[nH]n3)sc2C(c2ccc(Cl)c(Cl)c2F)N1c1cc(Cl)cn(C2CC(O)(CO)C2)c1=O,中毒,59.929935,28.20462
Fc1ccc(-c2nc(-c3c4cc(-c5cn[nH]n5)n3-c3ccnc(Cl)c3-c3cc(Cl)ccc3-4)c3ccc(-c4cncnc4)cc3n2)cc1,中毒,22.287872,21.492813
O=C1c2cc(-c3cn[nH]n3)n(-c3cc(Cl)cc(Cl)c3F)c2C(c2ccc(Cl)cc2)N1c1cc(Cl)cn(C2CC(O)(CO)C2)c1=O,中毒,12.488247,11.513729
O=c1[nH]c(=O)c(-c2cc(-c3cn[nH]n3)cc3c2CN(c2cc(Cl)cn(C4CC(O)C(O)C4)c2=O)C3)cs1,中毒,6.86183,13.895338
Fc1c(Cl)cccc1-n1c(-c2cn[nH]n2)cc2c1C(c1ccc(Cl)cc1)C(c1ccc(Cl)cc1)N2c1ccc(Cl)cc1,中毒,28.345415,44.10148
O=C1c2cc(-c3cn[nH]n3)n(-c3cc(F)c(F)cc3F)c2C(c2ccc(Cl)cc2)N1c1cc(Cl)cn(C2CC(O)C(O)(CO)C2)c1=O,中毒,12.488247,11.513729
O=C1c2cc(-c3cn[nH]n3)n(-c3ccc(F)cc3F)c2C(c2ccc(Cl)cc2)N1c1cc(Cl)c(=O)n(C2CC(O)C(O)C2)c1,中毒,12.488247,13.213944
Fc1cnc(-c2ccc3cnc(N4CCC(n5cc(-c6cn[nH]n6)cn5)C4)c(-c4cn(C(c5cccnc5)c5ccccn5)nn4)c3c2)cn1,中毒,57.01388,41.669903
O=c1c2c(ncc3nc(-c4cccc5[nH]ccc45)n(Cc4cn[nH]n4)c13)[nH]c1cc([N+](=O)[O-])ccc12,中毒,7.818881,94.459305
O=C1C2=c3cc(-c4cn[nH]n4)ncc3=C2C(c2ccc(Cl)cc2)(c2ccc(Cl)cc2F)N1c1cc(Cl)cn(C(F)(F)F)c1=O,中毒,23.97182,88.0784
OC1CC(c2nc(CN3CCC4(CCc5cc(-c6cn[nH]n6)oc54)CC3)cs2)C1,中毒,14.422026,18.447426
O=C1c2cc(-c3cn[nH]n3)n(-c3ccc(C(F)(F)F)cc3)c2C(c2ccc(Cl)cc2)N1c1cc(Cl)cn(C2CC(O)(CO)C2)c1=O,中毒,14.882899,11.513729
O=C1c2nc(-c3cn[nH]n3)cc(-c3c(Cl)cccc3Cl)c2C(c2ccc(Cl)cc2)N1c1cc(Cl)cn(C2CC(O)(CO)C2)c1=O,中毒,37.24519,12.110745
O=c1c(-n2c(-c3ccc(Cl)cc3)c(-c3ccc(Cl)cc3)c3c(-c4c(Cl)cccc4Cl)cc(-c4cn[nH]n4)cc3c2=O)cc(Cl)cn1C1CCC(O)C1,中毒,8.206697,25.800982
O=C1c2cc(-c3cn[nH]n3)c(-c3cc(F)cc(Cl)c3)n2C(c2ccc(Cl)cc2)N1c1cc(Cl)cn(C2CC(O)(CO)C2)c1=O,中毒,19.951618,13.503714
O=c1c(N2Cc3cc(-c4cn[nH]n4)cc(-c4c(Cl)cccc4Cl)c3C2c2ccc(Cl)cc2)cc(Cl)cn1C1CCC(O)(CO)C1,中毒,9.036046,9.912456
O=C1c2cc(-c3cn[nH]n3)n(-c3ccc(C(F)(F)F)cc3)c2C(c2ccc(Cl)cc2)N1c1cc(Cl)cn(C2CC(O)(C(=O)O)C2)c1=O,中毒,14.882899,11.513729
O=c1c(N2Cc3cc(-c4cn[nH]n4)n(-c4cc(Cl)cc(Cl)c4)c3C2c2ccc(Cl)cc2)cc(Cl)cn1C1CC(O)C(O)C1,中毒,19.24008,11.513729
O=C1c2cc(-c3cn[nH]n3)n(-c3ccc(Cl)cc3F)c2C(c2ccc(Cl)cc2)N1c1cc(Cl)cn(CC2CC(O)(CO)C2)c1=O,中毒,12.488247,11.513729
Fc1cnc(Cl)c2c1OCCN2c1nc(-c2cn[nH]c2)nc2c3c(cc(-c4cn[nH]n4)c12)N(c1ccccc1)CC3,中毒,9.004794,28.89696
O=C1c2nc(-c3cn[nH]n3)nn2CC(c2ccc(Cl)cc2)N1c1cc(Cl)cn(C2CC(O)(CO)C2)c1=O,中毒,44.851643,13.466203
O=c1c(N2C=Cc3cc(-c4cn[nH]n4)n(-c4ccc(Cl)cc4)c3C2c2ccc(Cl)cc2)cc(Cl)cn1C1CC(O)(CO)C1,中毒,18.205946,28.945686
OCCCN1CCC2=CC(c3cn[nH]n3)=CC2=C(c2cnc3[nH]cc(-c4ccnc(C(F)(F)F)c4)c3c2)C1,中毒,14.159404,73.33995
O=c1c(N2C(c3ccc(Cl)cc3)c3c(-c4c(Cl)cccc4Cl)cc(-c4cn[nH]n4)cc3S2(=O)=O)cc(Cl)cn1C1CC(O)(CO)C1,中毒,9.825931,16.862432
O=c1c(N2c3cc(Cl)ccc3-c3cc(-c4cn[nH]n4)c(s3)C2c2ccco2)cc(Cl)cn1C1CC(O)(CO)C1,中毒,35.25706,16.947666
Clc1ccc(C2C=C3c4c(cc(-c5cn[nH]n5)n4-c4ccc(Cl)cc4)CC3N(c3cccc(Cl)c3)C(c3ccccc3Cl)=N2)cc1,中毒,7.3482423,33.676407
O=S1(=O)C(c2ccc(Cl)cc2)n2c(cc(-c3cn[nH]n3)c2-c2ccc(Cl)cc2Br)CN1c1ccc(Cl)cc1,中毒,7.690394,20.747627
O=c1c(N2Cc3cc(-c4cn[nH]n4)cc(Oc4ccc(OCCCCN5CCOCC5)cc4)c3C2c2ccc(Cl)cc2)cc(Cl)cn1C1CC(O)(CO)C1,中毒,32.8437,32.92288
O=C1c2nc(-c3cn[nH]n3)nc(-c3cc(Cl)ccc3C(F)(F)F)c2C(c2ccc(Cl)cc2)N1c1cc(Cl)cn(C2CC(O)(CO)C2)c1=O,中毒,16.880064,13.466203
O=C1c2cc(-c3cn[nH]n3)n(-c3ccc(Cl)cc3F)c2C(c2ccc(Cl)cc2)N1c1cc(Cl)cn(C2CCC(O)C2)c1=O,中毒,25.244574,11.513729
[O-][S+]1Cc2nc(-c3cn[nH]n3)cc(-c3cc(F)c(-c4ccc5[nH]ccc5c4)c(F)c3F)c2C1,中毒,3.4422755,25.63767
OCC12CCCCC1C1=CC(c3cn[nH]n3)=CC1=C(c1cc(OCc3ccc(C4CC4)nc3)no1)C2,中毒,19.883488,42.951653
O=c1ccc(C2c3c(cc(-c4cn[nH]n4)n3-c3ccc(Cl)cc3)CN2c2cc(Cl)cn(C3CC(O)(CO)C3)c2=O)cn1C1CCS(=O)(=O)C1,中毒,15.763229,12.110745
Fc1cc(Cl)ccc1Nc1ccc(Oc2cc3c(cc2F)-c2c(cc(-c4cn[nH]n4)n2-c2ccc(Cl)cc2F)C2CCOC32)cn1,中毒,21.243645,39.98959
O=C1c2cc(-c3cn[nH]n3)cc(=O)n2C(c2ccc(Cl)cc2)N1c1cc(Cl)cn(C2CC(O)(CO)C2)c1=O,中毒,48.16768,34.172764
O=C1c2cc(-c3cn[nH]n3)n(-c3cc(F)c(Cl)cc3Cl)c2C(c2ccc(Cl)cc2)N1c1cc(Cl)cn(C2CC(O)(CO)C2)c1=O,中毒,18.205946,11.513729
O=C1c2nc(-c3cn[nH]n3)n(-c3ccc(Cl)c(Cl)c3)c2C(c2ccc(Cl)cc2Cl)N1c1cc(Cl)cn(C2CC(O)(CO)C2)c1=O,中毒,25.928497,34.717995
O=C1c2cc(-c3cn[nH]n3)nc(Nc3ccc(C(F)(F)F)cn3)c2C(c2cc(Cl)ccc2Br)N1c1cc(Cl)cn(C2CC(O)(CO)C2)c1=O,中毒,7.487971,13.503714
O=C1c2nc(-c3cn[nH]n3)c(-c3c(Cl)cccc3Cl)n2C(c2ccc(Cl)cc2)N1c1cc(Cl)cn(C2CC(O)(CO)C2)c1=O,中毒,32.68572,13.447941
O=C(O)C12CC1(O)Cc1nc(-c3cn[nH]n3)c(-c3ccc(Cl)c(Cl)c3OCc3ccc(Cl)cc3Cl)n1C2c1ccc(Cl)cc1,中毒,53.025196,14.2372675
Fc1c(F)c(F)c(N2C(c3ccc(Cl)cc3)c3nc(-c4ccnn4-c4ccc(Cl)cc4)c(-c4cn[nH]n4)cc3OCC34CC23C4)c(F)c1F,中毒,35.24187,26.059425
O=C1c2cc(-c3cn[nH]n3)n(-c3ccc(F)cc3)c2C(c2cccc(Cl)c2)N1c1cc(Cl)cn(C2CC(F)(F)C2)c1=O,中毒,22.035963,14.026334
O=C1c2cc(-c3cn[nH]n3)c(-c3ccc(Cl)cc3F)n2C(c2ccc(Cl)cc2)N1c1cc(Cl)cn(C2CC(O)(CO)C2)c1=O,中毒,32.68572,13.503714
O=C1c2cc(-c3cn[nH]n3)n(-c3ccccc3Cl)c2C(c2ccc(Cl)cc2)N1c1cc(Cl)cn(C2CC(O)(CO)C2)c1=O,中毒,18.205946,11.513729
O=C1CC(O)(CO)CC2c3cc4[nH]c(=O)c3CC3=CC(c5cn[nH]n5)=CC3=C4C(c3ccc(Cl)cc3Cl)N1c1cc(Cl)cn2c1=O,中毒,32.17651,9.114193
c1cncc(C2=NCCc3sc(-c4cn[nH]n4)cc3C2)c1,中毒,51.64472,49.23484
O=P(O)(O)C1=C2N=C(c3cn[nH]n3)C=C2C(Cc2ccc(S(=O)(=O)Nc3ccccc3)cn2)=N1,中毒,33.55645,55.73091
O=c1c(N2Cc3cc(-c4cn[nH]n4)c(O)c(-c4c(Cl)sc5ccccc45)c3C2)nc(Cl)cn1C1CC1,中毒,15.021461,13.847877
CC1(C)CC(=O)C2=C(C1)N(c1cc(Cl)cn(C3CC(O)(CO)C3)c1=O)C(c1ccc(Cl)cc1)c1c2cc(-c2cn[nH]n2)n1-c1ccc(Cl)cc1,中毒,32.17651,13.503714
O=S1(=O)c2cc(Cl)c(Cl)cc2Oc2cc(-c3cn[nH]n3)cc(-c3cn(-c4ccccc4)nn3)c2C1c1ccc(Cl)cc1,中毒,39.064312,15.377752
O=C1c2cc(-c3cn[nH]n3)n(-c3nc(Cl)cc(Nc4ccccc4Cl)n3)c2C(c2ccc(Cl)cc2)N1c1cc(Cl)cn(C2CC(O)(CO)C2)c1=O,中毒,12.488247,13.466203
O=C(Nc1cc2c(cc1Cl)-c1cc(-c3cn[nH]n3)n(-c3cc(F)c(F)cc3F)c1C(c1ccc(Cl)cc1)S2)c1ccc(F)c(Cl)c1,中毒,9.857113,12.542209
NC(COc1ccc(Sc2ncnc3[nH]cc(-c4cn[nH]n4)c23)cc1)C(=O)Nc1ccncc1,中毒,24.1315,70.5052
Clc1ccc(Nc2ncnc3sc(-c4cn[nH]n4)cc23)cc1Cl,低毒,35.990616,63.29054
O=C1c2nc(-c3cn[nH]n3)n(-c3ccc(Oc4cccnc4)cc3)c2C(c2ccc(Cl)cc2)N1c1cc(Cl)cn(C2CC(O)(CO)C2)c1=O,中毒,23.043425,34.717995
Clc1ccc(-n2c(-c3cn[nH]n3)cc3c2CN(c2ccc(Cl)c(Cl)c2)C3)c(Cl)c1,低毒,5.9057474,15.138681
FC(F)(F)c1cccnc1N1CCc2oc(-c3cn[nH]n3)c(-c3nc4ccc(Oc5ccccc5)cc4s3)c2CC1,中毒,15.254489,30.023518
O=c1c(N2COc3cc(-c4cn[nH]n4)n(-c4ccc(F)cc4)c3C2c2ccc(Cl)cc2)cc(Cl)cn1C1CC(O)(CO)C1,中毒,43.309574,46.02951
O=C1c2cc(-c3cn[nH]n3)n(-c3cnc(OCC4CCOCC4)c(Cl)c3)c2C(c2ccc(Cl)cc2)N1c1cc(Cl)cn(C2CC(O)(CO)C2)c1=O,中毒,38.99518,13.466203
Oc1ccc(-c2cc(C3=CC4=NC=C(c5cn[nH]n5)C4=C3c3cccnc3)cnc2CCl)cc1,中毒,72.31228,48.16095
Fc1cc(Br)ccc1-n1c(-c2cn[nH]n2)nc2c1C(c1ccc(Cl)cc1)N(c1csnn1)C2,中毒,20.882093,37.237175
O=c1c(N2Cc3cc(-c4cn[nH]n4)nc(N4CCOCC4)c3C(NCc3ccc(Cl)c(Cl)c3)C2c2ccc(Cl)cc2)cc(Cl)cn1C1CC(O)(CO)C1,中毒,16.095213,14.2372675
O=C1c2cc(-c3cn[nH]n3)n(-c3ccc(Cl)c(Cl)c3)c2C(c2ccc(Cl)cc2)N1c1cc(Cl)cn(C2CC(O)C(O)C2)c1=O,中毒,14.882899,11.513729
O=c1c(N2Cc3nc(-c4cn[nH]n4)n(-c4ccsc4)c(=O)c3C2c2ccc(Cl)cc2)cc(Cl)cn1C1CC(O)(CO)C1,中毒,13.998675,32.92288
O=C1c2cc(-c3cn[nH]n3)n(-c3cc(F)ccc3F)c2C(c2ccc(Cl)cc2)N1c1cc(Cl)cn(C2CC(O)C(O)C2)c1=O,中毒,12.488247,11.513729
CC1C(O)C(O)CC1n1cc(Cl)cc(N2C(=O)c3cc(-c4cn[nH]n4)n(-c4ccc(Cl)cc4C(F)(F)F)c3C2c2ccc(Cl)cc2F)c1=O,中毒,14.882899,11.513729
Nc1ncnc2scc(C(=O)C3=CC4=NN(c5cn[nH]n5)C(=O)C4=C3)c12,中毒,25.277765,43.734406
O=c1c(-c2ccsc2)nc(C(F)(F)F)cc2c1-c1cc(-c3cn[nH]n3)nn1CC2,中毒,12.195839,20.805506
O=c1c(N2Cc3cc(-c4cn[nH]n4)nc(NCc4cccnc4)c3C2c2c[nH]c3ccccc23)cc(Cl)cn1C1CC(O)(CO)C1,中毒,10.485148,15.303033
O=C1c2cc(-c3cn[nH]n3)n(-c3ccc(Cl)cc3)c2C(c2cccnc2)N1c1cc(Cl)cn(C2CC(O)(CO)C2)c1=O,中毒,14.882899,11.513729
Fc1cc(F)c(-c2n[nH]c3c2Cc2c(-c4ccc(Cl)cc4)cc(-c4cn[nH]n4)cc2-3)c(F)c1,中毒,8.130632,96.023186
O=C1c2cc(-c3cn[nH]n3)n(-c3ccc(F)cc3F)c2C(c2ccc(Cl)cc2)N1c1cc(Cl)cn(C2CC(O)(O)C2)c1=O,中毒,12.488247,11.513729
O=C1c2cc(-c3cn[nH]n3)c(-c3ccsc3)nc2C(c2ccc(Cl)cc2)N1c1cc(Cl)cn(C2CC(O)(CO)C2)c1=O,中毒,13.216523,12.087409
Clc1ccc(C2C(c3cn[nH]n3)=C3Oc4nncn4C3N2c2ccc(Cl)cc2)cc1,中毒,14.076154,37.990963
Fc1cc(Cl)ccc1-n1c(-c2cn[nH]n2)cc2c1C(c1ccc(Cl)cc1)N(c1ccc(Cl)cc1)C2c1ccc(Cl)cc1,中毒,21.327534,23.107658
Brc1ccc(-c2nn(C3CCc4nc(N5CCOCC5)nc(N5CCOCC5)c4C3)cc3cc(-c4cn[nH]n4)cc2-3)cc1,中毒,5.836454,9.956799
Fc1cc(Cl)ccc1-n1c(-c2cn[nH]n2)cc2c1C(c1ccc(Cl)cc1)N(c1cc(Cl)cn3nc(C4CC4)cc13)C2,中毒,32.733707,16.466494
FC(F)(F)c1ccc(C2c3cc(-c4cn[nH]n4)n(-c4ccc(Cl)cc4)c3C(c3ccc(Cl)cc3)N[SH]2c2ccc(Cl)cc2)cc1,中毒,46.11225,38.29446
[O-][S+]1CCC23C(c4cn[nH]n4)CCN(CCC1=NN=NN2C(F)F)C3c1ccc(-c2ncon2)cc1,中毒,13.331419,36.180477
O=C1c2cc(-c3cn[nH]n3)n(-c3cc(Cl)ccc3Cl)c2C(c2ccc(F)cc2)N1c1cc(Cl)cn(C2CC(O)(CO)C2)c1=O,中毒,18.205946,11.513729
FC(F)(F)c1ccc(C2c3cc(-c4cn[nH]n4)n(-c4ccc(Cl)cc4Cl)c3C(c3ccc(Cl)cc3)N2c2ccc(Cl)cc2)cc1,中毒,29.275309,17.35497
O=C1c2nc(-c3cn[nH]n3)c(F)cc2C(c2ccc(Cl)cc2F)N1c1cc(Cl)cn(C2CC(O)(CO)C2)c1=O,中毒,35.69709,12.110745
O=C1c2cc(-c3cn[nH]n3)n(-c3cc(Cl)c(Cl)c(Cl)c3F)c2C(c2ccc(Cl)cc2)N1c1cc(Cl)cn(C2CC(O)(CO)C2)c1=O,中毒,12.488247,11.513729
Fc1ccc(C2(c3ccc(Cl)cc3)c3cc(C4CC4)c(F)cc3-c3cc(-c4cn[nH]n4)cc(-c4ccc(Cl)cc4)c32)cc1,中毒,18.124422,53.682194
O=C1c2cc(-c3cn[nH]n3)c(-c3ccc(F)cc3F)n2C(c2ccc(Cl)cc2)N1c1cc(Cl)cn(C2CC(O)(CO)C2O)c1=O,中毒,44.58338,13.503714
O=C1c2cc(-c3cn[nH]n3)oc2C(c2ccc(Cl)cc2)N1c1cc(Cl)cn(C2CC(O)C(O)C2)c1=O,中毒,13.3429985,20.735756
Clc1ccc(C2c3c(cc(-c4cn[nH]n4)cc3-c3ccc(Cl)cc3Cl)CN2I)cc1,中毒,20.233252,38.26736
O=S1(=O)CCCc2c1c(N1CCC=CCC1)cc1cc(F)c(-c3cn[nH]n3)cc21,中毒,16.865526,34.28359
Fc1ccc2cc(-c3cc(-c4ccc(C5=C6C(=CC(c7cn[nH]n7)=C6c6ccsc6)C5)nn4)no3)oc2c1Br,中毒,22.035963,15.574545
O=C1c2nc(-c3cn[nH]n3)nn2C(c2cc(Cl)ccc2Cl)N1c1cc(Cl)cn(C2CC(O)C(O)C2)c1=O,中毒,24.709238,46.02951
O=C1c2cc(-c3cn[nH]n3)n(-c3cc(F)c(F)cc3F)c2C(c2ccc(Cl)cc2)N1c1cc(Cl)cn(C2CC(O)(CO)C2)c1=O,中毒,12.488247,11.513729
N#Cc1ccc(C2c3c(cc(-c4cn[nH]n4)n3-c3ccc(Cl)cc3F)C(=O)N2c2cc(Cl)cn(C3CC(O)(CO)C3)c2=O)cc1,中毒,12.488247,11.513729
O=C1N(c2cc(Cl)cn(C3CC(O)(CO)C3)c2=O)C(c2ccc(Cl)cc2)c2c(-c3ccnn3-c3ccc(Cl)c(Cl)c3)c(-c3cn[nH]n3)cn21,中毒,16.880064,13.466203
c1nocc1CN1CCc2oc(-c3cn[nH]n3)cc2C1,低毒,96.32569,21.640799
O=C1C2CCc3cc(-c4cn[nH]n4)cc(Nc4ccc5c(cnn5C5CCNCC5)c4)c3C(c3cccc(Cl)c3F)N1c1cc(Cl)cn2c1=O,中毒,23.97182,15.456023
FC(F)(F)c1cccc(C(c2ccccc2)(c2cn[nH]n2)n2cc(Cn3ccnn3)cn2)c1,中毒,33.2623,20.856905
c1n[nH]nc1NC12CC3CC(CC(C3)C1)C2,高毒,567.4648,173.32104
Fc1cnccc1-c1cc(C(F)(F)F)cc2cc(OCc3cn[nH]n3)cn12,中毒,37.340286,27.466928
O=c1c(N2Cc3cc(-c4cn[nH]n4)cc(-c4c(Cl)cccc4Cl)c3C2c2ccc(Cl)cc2F)cc(Cl)cn1C1CC(O)(CO)C1,中毒,5.093859,8.960914
O=C1C2CCc3cc(-c4cn[nH]n4)cc(-c4cccc(OCc5cccnc5)c4)c3C(c3ccc(Cl)cc3)N1c1cc(Cl)cn2c1=O,中毒,75.62912,15.303033
O=C1c2nc(-c3cn[nH]n3)n(-c3cc(Cl)cc(Cl)c3Cl)c2C(c2ccc(Cl)cc2)N1c1cc(Cl)cn(C2CC(O)(CO)C2)c1=O,中毒,36.832283,13.466203
O=C1c2cc(-c3cn[nH]n3)c(-c3ccncn3)nc2C(c2ccc(F)cc2F)N1c1cc(Cl)cn(C2CC(O)(CO)C2)c1=O,中毒,59.929935,12.110745
O=C1C(c2cccnc2)CN1c1cc2occ(-c3cn[nH]n3)c2c2cc(S(=O)(=O)Cc3ccns3)cc-2n1,中毒,7.706766,26.70552
O=c1c2cc(-c3cn[nH]n3)nc-2c(-c2ccco2)nc2sccn12,中毒,12.180563,9.501262
O=c1c(N2C(=S)c3cc(-c4cn[nH]n4)cc(-c4c(Cl)cccc4Cl)c3C2c2ccc(Cl)cc2)cc(Cl)cn1C1CC(O)(CO)C1,中毒,9.036046,33.013264
O=C1c2cc(-c3cn[nH]n3)n(-c3ccc(F)cc3F)c2C(c2ccc(Cl)cc2)C(c2ccc(Cl)cc2)N1c1cc(Cl)cn(C2CC(O)(CO)C2)c1=O,中毒,51.50488,13.503714
O=c1c(N2Cc3cc(-c4cn[nH]n4)n(-c4cc(F)cc(Cl)c4)c3C2c2ccc(Cl)cc2)cc(Cl)cn1C1CC(O)(CO)C1,中毒,19.24008,11.513729
O=C1c2cc(-c3cn[nH]n3)n(-c3ccc(F)cc3F)c2C(c2ccc(Cl)cc2)N1c1cc(Cl)cn(CC2CCOCC2)c1=O,中毒,17.272402,13.466203
c1nc2cc(-c3cc(C4CC4)nc(N4CC5CC4CO5)c3)nn2cc1-c1cn[nH]n1,中毒,11.898681,26.486382
O=C1c2nnc(C(c3ccc4c(c3)OCO4)C3CC3)n2CCN1c1cnc(-c2cn[nH]n2)cn1,中毒,7.634696,23.58259
N=c1c(N2C(=O)c3cc(-c4cn[nH]n4)n(-c4ccc(Cl)cc4)c3C2c2ccc(Cl)cc2)cc(Cl)cn1C1CC(O)(CO)C1,中毒,14.882899,13.466203
FC1(F)N(c2cccc(I)c2)Cc2c(CSc3cn[nH]n3)noc2C12CCCCC2,中毒,46.587334,34.53219
O=C(O)N(CCP(=O)(O)O)Cc1ccc(-c2c(-c3cn[nH]n3)nc3cc(-c4cncnc4)ccc3c2Oc2ccc(Cl)cc2)cc1,中毒,5.019175,19.983128
O=c1c(N2C(c3ccc(Cl)cc3)c3c(-c4c(Cl)cccc4I)cc(-c4cn[nH]n4)cc3S2(=O)=O)cc(Cl)cn1C1CC(O)(CO)C1,中毒,9.825931,16.862432
N#Cc1ccc(C2C(c3cn[nH]n3)CN2C(c2ccc(F)cc2F)C2CCOCC2)cc1,中毒,19.981049,28.509184
O=C1c2nc(-c3cn[nH]n3)n(-c3ccc(Cl)cc3Cl)c2C(c2ccc(Cl)cc2)N1c1cc(Cl)cn(C2CCC(O)(CO)C2)c1=O,中毒,35.69709,13.466203
O=C1C(c2ccc3c(c2)OCO3)c2c(cc(-c3cn[nH]n3)n2-c2ccc(Cl)cc2Cl)CN1C1CCC2(CCCC2)C1,中毒,27.608946,14.2372675
O=C1c2cc(-c3cn[nH]n3)c(-c3cc(Cl)ccc3F)nc2C(c2ccc(Cl)cc2)N1c1cc(Cl)cn(C2CC(O)(CO)C2)c1=O,中毒,13.216523,14.418226
O=C1C2CCS(=O)(=O)Cc3cc(-c4cn[nH]n4)n(-c4ccc(F)cc4Cl)c3C(c3ccc(Cl)cc3)N1c1cc(Cl)cn2c1=O,中毒,47.20036,17.334517
O=C1c2cc(-c3cn[nH]n3)oc2C(c2ccc(Cl)cc2)N1c1cc(Cl)cn(C2CC(O)(CO)C2)c1=O,中毒,13.3429985,20.735756
O=C1N(c2cc(Cl)cn(C3CC(O)(CO)C3)c2=O)C(c2ccc(Cl)cc2)C12Cc1nc(-c3cn[nH]n3)c(Cl)c(-c3c(Cl)ccc(F)c3F)c12,中毒,36.832283,13.503714
O=C1c2nc(-c3cn[nH]n3)c(-c3ccsc3)c(NCc3cccnc3)c2C(c2ccc(Cl)cc2)N1c1cc(Cl)cn(C2CC2)c1=O,中毒,58.227596,14.3937645
Fc1cccc(Nc2ccc(-c3cc(-c4cn[nH]n4)cc4c3C(c3c[nH]c5cc(Br)ccc35)C4c3ccc(Cl)cc3)c(F)c2)c1,中毒,6.565807,18.564058
O=C1c2nc(-c3cn[nH]n3)nc(-c3ccsc3)c2C(c2ccc(Cl)cc2)N1c1cc(Cl)cn(C2CC(O)(CO)C2)c1=O,中毒,16.880064,13.503714
S=C(NCCSc1cn[nH]n1)n1nnc2ccccc21,高毒,51.747257,19.293457
O=C1C2CC(O)(CO)c3cc(-c4cn[nH]n4)cc(-c4cc(Cl)cc(Cl)c4)c3CC(c3ccc(Cl)cc3)N3C(=O)C3=CC(Cl)=CN12,中毒,63.060734,27.179125
O=C1c2cc(-c3cn[nH]n3)n(-c3cc(F)c(F)c(Cl)c3)c2C(c2ccc(Cl)cc2)N1c1cc(Cl)cn(C2CCC(O)(CO)C2)c1=O,中毒,14.882899,11.513729
O=C1c2cc(-c3cn[nH]n3)n(-c3ccc(Cl)cc3)c2C(c2ccc(Cl)cc2)N1c1cc(Cl)cn(C2CC2(O)CO)c1=O,中毒,14.882899,11.513729
Nc1ncnc2[nH]cc(NC(=O)c3ccc(N4CCc5cc(-c6cn[nH]n6)n(-c6ccc(F)c(Cl)c6)c5C4c4ccc(Cl)cc4)o3)c12,中毒,37.44503,40.77318
O=c1c2nc(C3CCOC3)sc2nc(-c2cn[nH]n2)n1-c1ccc(N2CCOCC2)cc1,中毒,22.302883,35.264347
O=C1c2nc(-c3cn[nH]n3)nc(N3C4CCC3COC4)c2C(c2ccc(Cl)cc2)N1c1cc(Cl)cn(C2CC(O)(CO)C2)c1=O,中毒,27.094715,13.466203
O=C1c2cc(-c3cn[nH]n3)n(-c3ccc(Cl)cc3)c2C(c2ccc(C(F)(F)F)cc2)N1c1cc(Cl)cn(C2CC(O)(CO)C2)c1=O,中毒,14.882899,11.513729
N#Cc1ccc(C2Cn3cc(-c4cn[nH]n4)cc3C(=O)N2c2cc(Cl)cn(C3CC(O)(CO)C3)c2=O)c(Cl)c1,中毒,27.185892,17.379768
c1cc(-c2nc(-c3ccc4c(N5CCOCC5)nccc4c3)c3sc4cc(-c5cn[nH]n5)ccc4c3n2)cc(CN2CCN(C3CCC3)CC2)n1,中毒,16.485516,24.493856
O=c1c(N2Cc3nc(-c4cn[nH]n4)c(C4CCOCC4)c(-c4cccnc4F)c3C2)cc(Cl)cn1C1CC(O)(CO)C1,中毒,11.574142,16.023859
O=C(Nc1ccc(Oc2ccc(-c3cn[nH]n3)cc2)cc1)Nc1nc(-c2cc3c(cc2Cl)OCO3)cs1,中毒,7.7074304,13.834393
O=C1c2cc(-c3cn[nH]n3)n(-c3ccc(F)cc3F)c2C(C2=CC=COC3=C2OCC3)N1c1cc(Cl)cn(C2CC(O)C(O)(CO)C2)c1=O,中毒,12.391358,13.503714
c1nc(Nc2ccc3[nH]ncc3c2)c2ncc(-c3cn[nH]n3)cc2n1,中毒,4.601579,213.6684
O=C1c2cc(-c3cn[nH]n3)n(-c3ccc(Cl)cc3F)c2C(c2ccc(Cl)cc2Cl)N1c1cc(Cl)cn(C2CC(O)(CO)C2)c1=O,中毒,15.540574,11.513729
c1cc(C2NCCc3sc(-c4cn[nH]n4)cc32)cs1,低毒,20.459806,33.146484
Fc1ccc(C2(c3ccc(Cl)cc3F)CC(NC3=Nc4cnc(-c5cn[nH]n5)cc4C3)CCO2)cc1,中毒,35.71589,21.840933
O=C1CCC(=O)N1c1ncnc(N2CCC(c3cn[nH]n3)CC2)c1F,微毒,131.62822,147.87076
O=C1c2cc(-c3cn[nH]n3)n(-c3ccc(F)cc3Cl)c2C(c2ccc(Cl)cc2)N1c1cc(Cl)cn(C2CC(O)(CO)C2)c1=O,中毒,18.205946,11.513729
O=C1c2cc(-c3cn[nH]n3)n(-c3cc(Cl)ccc3F)c2C(c2cccc(Cl)c2)N1c1cc(Cl)cn(C2CC(O)(CO)C2)c1=O,中毒,12.488247,11.513729
O=C1N(Cc2cc3c(-c4cn[nH]n4)cn(-c4ccc(Nc5ncnc6ccsc56)c(C5CC5)c4)c(=O)c3cc2Cl)CCN1C(=S)Sc1ccccc1,中毒,7.842847,38.85323
O=C1c2nc(-c3cn[nH]n3)nc(N3CCOC(CF)C3)c2C(c2ccc(Cl)cc2)N1c1cc(Cl)cn(C2CC(O)(CO)C2)c1=O,中毒,16.880064,13.503714
O=C1c2cc(-c3cn[nH]n3)n(-c3ccc(F)cc3Br)c2C(c2ccc(Cl)cc2)N1c1cc(Cl)cn(C2CC(O)C(O)C2)c1=O,中毒,14.882899,11.513729
O=c1c(N2Cc3nc(-c4cn[nH]n4)n(-c4ccc(F)cc4F)c3C2c2ccc(Cl)cc2)cc(Cl)cn1C1CC(O)(CO)C1,中毒,15.534245,34.717995
O=C(O)c1cn(-c2ccc(F)c(Cl)c2)c2cc(-c3cn[nH]n3)c(F)cc2c1=O,中毒,22.577723,17.438675
O=c1c(N2C(O)c3cc(-c4cn[nH]n4)c(-c4c(F)cc(F)cc4F)n3C2c2ccc(Cl)cc2)cc(Cl)cn1C1CC(O)(CO)C1,中毒,19.349394,13.503714
O=C1c2cc(-c3cn[nH]n3)cc(-c3c(Cl)cc(Cl)cc3Cl)c2CC(c2ccc(Cl)cc2)N1c1cc(Cl)cn(C2CC(O)C(O)C2)c1=O,中毒,22.081963,19.79431
O=C1N(c2cc(Cl)cn(C3CC(O)(CO)C3)c2=O)C(c2ccc(Cl)cc2)c2c(-c3cnn(-c4cccnc4F)c3)c(-c3cn[nH]n3)cn21,中毒,7.7003746,35.223312
O=c1c(N2Cc3nn(-c4cn[nH]n4)c(-c4cc(Cl)cc(Cl)c4)c3C3(Cc4ccccc4C3)C2c2ccc(Cl)cc2)cc(Cl)cn1C1CC(O)(CO)C1,中毒,19.892046,16.339403
Clc1nnccc1-c1noc(-c2cn[nH]n2)n1,微毒,33.36622,86.31626
O=C1C2=C(c3cn[nH]n3)NCCCC3CCC(=C2N(c2ccc(Cl)cc2)C(c2ccc(Cl)cc2)N1c1cc(Cl)cn(C2CC(O)(CO)C2)c1=O)OC3,中毒,29.750935,13.503714
O=C1c2cc(-c3cn[nH]n3)n(-c3cc(F)c(F)cc3F)c2C(c2ccc(Cl)s2)N1c1cc(Cl)cn(C2CC(O)(CO)C2)c1=O,中毒,13.346145,11.513729
O=c1c(N2Cc3cc(-c4cn[nH]n4)n(-c4nc(Nc5ccc(Br)cc5)nc5c4CCOC5)c3C2c2ccc(Cl)cc2)cc(Cl)cn1C1CC(O)(CO)C1,中毒,20.18954,13.466203
O=C1c2cc(-c3cn[nH]n3)c(=O)n(-c3ccc(F)cc3F)c2C(c2ccc(Cl)cc2)N1c1cc(Cl)cn(C2CC(O)(CO)C2)c1=O,中毒,32.17651,12.110745
O=c1c(N2Cc3cc(-c4cn[nH]n4)cc(-c4cn[nH]c4)c3C2c2ccc(Cl)cc2)cc(Cl)cn1C1CC(O)C(O)(CO)C1,中毒,6.3808517,10.425424
O=C1c2nc(-c3cn[nH]n3)n(-c3cccnc3)c2C(c2ccc(Cl)s2)N1c1cc(Cl)cn(C2CC2)c1=O,中毒,25.632505,43.69433
O=C1c2cc(-c3cn[nH]n3)n(-c3ccc(F)cc3)c2CN1c1cc(Cl)cn(C2CC(O)(CO)C2)c1=O,中毒,4.3543735,28.20462
OC(Cn1c(-c2cn[nH]n2)nc2cncnc21)c1cccc(F)c1,中毒,22.383575,31.582344
O=C1c2cc(-c3cn[nH]n3)n(-c3ccc(Cl)cc3)c2C(c2ccc(Cl)cc2)N1c1cc(Cl)cn(C2CC(O)(CO)C2O)c1=O,中毒,14.882899,11.513729
c1cncc(CN2Cc3sc(-c4cn[nH]n4)nc3C2c2ccnc3cnccc23)c1,中毒,19.960838,18.60509
O=C1C=NN(C2=C3C(=CC(c4cn[nH]n4)=C3O)C(c3oc4ccc(O)cc4c3Br)C2c2ccc3c(c2)OCCO3)C1=O,中毒,25.069427,21.70366
O=C1c2cc(-c3cn[nH]n3)c(O)n2C(c2ccc(Cl)cc2)N1c1cc(Cl)cn(C2CC(O)(CO)C2)c1=O,中毒,29.989872,28.945686
O=C1c2cc(-c3cn[nH]n3)n(-c3ccc(Cl)cc3)c2C(c2cccc(Br)c2)N1c1cc(Cl)cn(C2CC(O)(CO)C2)c1=S,中毒,14.882899,41.67566
c1nnc(-c2cn[nH]n2)s1,高毒,54.456863,39.622654
O=C1c2cc(-c3cn[nH]n3)n(-c3cc(Cl)c(Cl)cc3Cl)c2C(c2ccc(Cl)cc2)N1c1cc(Cl)cn(C2CC(F)(F)C2)c1=O,中毒,22.035963,14.026334
O=c1c2cc(F)c(-c3cn[nH]n3)cc2c(-c2ccc3[nH]ccc3c2)nn1CCC1CC1,低毒,2.4766834,17.550987
O=c1c(N2C(=S)c3cc(-c4cn[nH]n4)cc(-c4ccc(C(F)(F)F)cc4)c3C2c2ccc(F)cc2)cc(Cl)cn1C1CC(O)(CO)C1,中毒,20.665174,27.614061
Fc1cccc(Cl)c1-c1cn2cc(-c3c(F)cccc3Cl)c(-c3cn[nH]n3)c2cc1CNC1CC(Cn2nccn2)(c2ccc(Cl)cn2)O1,中毒,46.08258,34.5444
O=C1Cc2cc(-c3cn[nH]n3)n(-c3ccc(Cl)cc3F)c2C(c2ccc(Cl)cc2)N1C1=CC(Cl)=CN2C(=C1)C2C1CC(O)N(C2COC2)C1,中毒,28.572248,19.0332
c1ccc(CN2CCN(C3Cc4sccc4-c4cc(-c5cn[nH]n5)sc43)CC2)nc1,中毒,9.02842,16.36289
O=C1c2cc(-c3cn[nH]n3)n(-c3cc(Cl)c(Cl)cc3F)c2C(c2ccc(Cl)cc2)N1c1cc(Cl)cn(C2CC(O)(CO)C2)c1=O,中毒,12.488247,11.513729
O=C1c2cc(-c3cn[nH]n3)n(-c3ccoc3)c2C(c2ccc(Cl)cc2)N1c1cc(Cl)cn(C2CC(O)(O)C2)c1=O,中毒,14.882899,11.513729
O=c1c(N2C(O)c3cc(-c4cn[nH]n4)n(-c4cc(F)c(F)c(Cl)c4)c3C2c2ccc(Cl)cc2)cc(Cl)cn1C1CC(O)(CO)C1,中毒,26.991571,12.110745
C1=NC2=C(c3cn[nH]n3)C=NC2C(Nc2ccc3ccccc3n2)=N1,中毒,8.357109,25.478737
c1ccc2c(c1)CC(N1CC(c3cn[nH]n3)C1)C(c1cn[nH]c1)N2,高毒,6.7956924,199.38814
O=C1c2cc(-c3cn[nH]n3)n(-c3ccc(Cl)cc3Cl)c2C(c2ccc(Cl)cc2)N1c1cc(Cl)cn(C2CC(CO)(CO)C2)c1=O,中毒,18.205946,11.513729
O=c1c(-c2ccc(O)c(F)c2)c(C23CC4CC(CC(C4)C2)C3)[nH]c2ncc(-c3cn[nH]n3)cc12,中毒,4.409546,89.61947
c1cncc(CN2Cc3nn(-c4cn[nH]n4)cc3CC2c2ccc(-c3ccoc3)cc2)c1,中毒,23.04273,50.487324
O=C1c2cc(-c3cn[nH]n3)c(-c3ccc(F)cc3F)n2C(c2ccc(Cl)cc2)N1c1cc(Cl)cn(C2CC(O)(CO)C2)c1=O,中毒,32.68572,13.503714
O=C1c2cc(-c3cn[nH]n3)n(-c3cc(F)cc(F)c3)c2C(c2cccnc2)N1c1cc(Cl)cn(C2(CO)CC(O)C2)c1=O,中毒,14.882899,11.513729
O=C1CC(n2cc(Cl)cc(N3C(=O)c4cc(-c5cn[nH]n5)n(-c5ccc(Cl)cc5F)c4C3c3ccc(Cl)cc3)c2=O)CO1,中毒,17.272402,13.466203
O=C1c2cc(-c3cn[nH]n3)n(-c3ccc(Cl)cc3)c2C(c2ccc(Cl)cc2)N1c1cc(Cl)cn(C2CC(CO)(CO)C2)c1=O,中毒,14.882899,11.513729
O=C1c2cc(-c3cn[nH]n3)c(-c3cc(Cl)ccc3F)n2C(c2ccc(Cl)cc2Cl)N1c1cc(Cl)cn(C2CC(O)(CO)C2)c1=O,中毒,32.68572,13.503714
O=C1c2nc(-c3cn[nH]n3)n(-c3c(Cl)cccc3Cl)c2C(c2ccc(Cl)cc2Cl)N1c1cc(Cl)cn(C2CC(O)(CO)C2)c1=O,中毒,25.928497,13.466203
N#Cc1ccc(C2C(c3cn[nH]n3)=CC3=C(c4c(Oc5ccc(Cl)cc5)ncnc43)C(c3ccc(F)cc3)N2c2cc(Cl)cc(Cl)c2)cn1,中毒,46.20203,13.333245
[O-][n+]1c(N2CCn3nc(-c4cn[nH]n4)cc3C2)ncc(Br)c1-c1cncc(F)c1,中毒,4.9516053,22.002628
OC1CCC2(CC1)Cc1cc(-c3cc(Cl)cc(Cl)c3)cc(Cl)c1-c1c2nc(-c2cn[nH]n2)n1-c1cccc(Cl)c1F,中毒,8.436985,34.281696
C1=C2SC(c3cnc4[nH]cnc4c3)=C2C=C1c1cn[nH]n1,低毒,12.049641,19.08689
Nc1cc(Cl)ccc1C1c2c(cc(-c3cn[nH]n3)n2-c2cc(OCCO)c(F)cc2Br)C(=O)N1c1cc(Cl)cn(C2CC(O)(CO)C2)c1=O,中毒,51.50488,11.513729
O=c1c2c([nH]c3ccc(-c4ccc(Cl)c(O)c4)cc13)CCc1c(-c3cn[nH]n3)nsc1-2,中毒,8.9393215,34.16072
OC(COc1cccnc1)CN1Cc2cc(-c3cn[nH]n3)cc(-c3c(Cl)cccc3Cl)c2C1,中毒,61.554684,71.2986
O=C1CC(C(=O)Nc2cc3cc(c2)C2(CC2)Cc2cc(-c4cn[nH]n4)n(-c4ccc(Cl)cc4F)c2C3)CN1,中毒,8.506025,67.75641
O=C1c2cc(-c3cn[nH]n3)n(-c3ccc(C(F)(F)F)cc3Br)c2C(c2ccc(Cl)cc2)N1c1cc(Cl)cn(C2CC(O)(CO)C2)c1=O,中毒,38.99518,11.513729
O=C1c2cc(-c3cn[nH]n3)n(-c3ccc(F)cc3F)c2C(c2ccc(Cl)c(Cl)c2)N1c1cc(Cl)cn(C2CC(O)(CO)C2)c1=O,中毒,15.540574,11.513729
O=C1c2cccc(Cl)c(F)c3cc(-c4cn[nH]n4)n2c3C(c2ccc(Cl)cc2)N2C(=O)C2=CC(Cl)=CN1C1CC2CC2(CN2CCC2)C1,中毒,33.80194,14.328993
OCC1CN(c2ccc(CNc3cc4ncnc(N5CCc6ccccc65)c4cc3-c3cn[nH]n3)cc2)CCN1,中毒,9.838681,35.10936
O=C1c2cc(-c3cn[nH]n3)sc2C(c2ccc(Cl)cc2Cl)N1c1cc(Cl)cn(C2CC(O)(CO)C2)c1=O,中毒,7.8750753,8.960914
O=C1c2cc(-c3cn[nH]n3)n(-c3ccc(F)cc3Cl)c2C(c2ccc(Cl)c(Cl)c2)N1c1cc(Cl)cn(C2CC(O)(CO)C2)c1=O,中毒,18.205946,11.513729
O=C1c2cc(-c3cn[nH]n3)n(-c3cc(F)c(F)c(F)c3)c2C(c2ccc(C(F)(F)F)cc2)N1c1cc(Cl)cn(C2CC(O)(CO)C2)c1=O,中毒,14.882899,11.513729
N#CCn1cncc(CN2Cc3cc(-c4cn[nH]n4)cn3-c3ccc(Cl)c(Br)c3C2(c2ccc(Cl)cc2)c2ccccc2OC(F)(F)F)c1=O,中毒,23.48455,13.185778
CC12C=CC(Cl)=CC=C3C=CC(Cl)=CC=C4C=CC(Cl)=CC=C5c6cc(-c7cn[nH]n7)c(-c7cccc(Cl)c7)nc6C(c6ccc(Cl)cc6)N5C4(C1)C32,中毒,82.13047,19.9879
CCC1(O)CCC(N2CC3c4cc(-c5cn[nH]n5)nn4CCC3(CN3CCN(c4cccnn4)CC3)CC2c2ccc(Cl)cc2F)C1Br,中毒,39.729095,34.717995
Fc1ccc(OC2=C(c3cn[nH]n3)N=C3Cc4cc(F)c(Cl)c(F)c4-c4nc5ccc4CCNCC5=C32)cc1,中毒,18.636927,9.114193
O=C1C2CC(CO)C(O)Cc3cc(-c4cn[nH]n4)cc(-c4c(F)cccc4Cl)c3C(c3ccc(Cl)cc3)N1c1cc(Cl)cn2c1=O,中毒,14.0745,16.862432
O=c1c(F)cc(N2Cc3cc(-c4cn[nH]n4)n(-c4ccc(F)cc4F)c3C2c2ccc(Cl)cc2)c(O)n1C1CC(O)C(O)C1,中毒,15.540574,12.110745
Fc1ccc(-c2nc3nc(Oc4ccc(-c5cccnn5)cc4Cl)c4cc(F)c5c(c4c3cc2-c2cn[nH]n2)CCCC5)c(F)c1,中毒,12.096729,29.570778
O=C1c2cc(-c3cn[nH]n3)n(-c3ccc(F)cc3F)c2C(c2ccc(Cl)cc2)N1c1cc(Cl)cn(C2CC(O)(C(=O)O)C2)c1=O,中毒,12.488247,11.513729
c1ccc2c(N3CC34CC(Oc3ccc(-c5cn[nH]n5)cn3)CCO4)noc2c1,中毒,106.836975,191.71053
O=C(O)c1cn(-c2ccc(F)cc2F)c2c(N3CCOCC3)ncc3cc(-c4cn[nH]n4)cc-3c2c1=O,中毒,23.27633,38.116467
O=C1c2cc(-c3cn[nH]n3)n(-c3ccc(Cl)cc3Cl)c2C(c2ccc(Cl)cc2)N1c1cc(Cl)cn(C2CC2)c1=O,中毒,22.035963,14.026334
O=C(O)c1cn(-c2nccs2)c2cc(N3CC4C(Cc5nc(-c6cn[nH]n6)no5)CC4(CO)C3)c(F)cc2c1=O,中毒,24.840614,15.78
O=C1c2nc(-c3cn[nH]n3)cc(-c3ccoc3-c3cc(F)cc(F)c3)c2C(c2ccc(Cl)cc2)N1c1cc(Cl)cn(C2CC(O)(CO)C2)c1=O,中毒,37.24519,12.110745
O=c1c(N2Nc3cc(-c4cn[nH]n4)n(-c4ccc(Cl)cc4F)c3C2c2ccc(Cl)cc2)cc(Cl)cn1C1CC(O)(CO)C1,中毒,13.591881,13.447941
O=c1c(N2C(c3ccc(Cl)cc3)c3c(cc(-c4cn[nH]n4)n3-c3ccc(F)cc3F)P2(=O)O)cc(Cl)cn1C1CC(O)(CO)C1,中毒,23.909687,12.110745
FC(F)(F)c1ccc(Cl)c(-c2cc(-c3cn[nH]n3)cc3c2CN(Cc2ccoc2)CC3)c1Cl,中毒,66.9105,31.817251
O=C1c2cc(-c3cn[nH]n3)n(-c3ccccc3Br)c2C(c2ccc(Cl)cc2)N1c1cc(Cl)cn(C2CC(O)(CO)C2)c1=O,中毒,14.882899,11.513729
O=C1c2cc(-c3cn[nH]n3)n(S(=O)(=O)c3ccc(Cl)cc3F)c2C(c2ccc(Cl)cc2)N1c1cc(Cl)cn(C2CC(O)(C(O)O)C2)c1=O,中毒,18.205946,13.466203
O=C1c2cc(-c3cn[nH]n3)n(-c3ccc(OC(F)F)c(F)c3)c2C(c2ccc(Cl)cc2)N1c1cc(Cl)cn(C2CC(O)(CO)C2)c1=O,中毒,38.99518,11.513729
O=c1c(N2Cc3cc(-c4cn[nH]n4)c(-c4cc(Cl)cc(Cl)c4)nc32)cc(Cl)cn1C1CC(O)(CO)C1,中毒,26.529194,17.529741
O=C1c2ccc(Cl)c(Cl)cc3cc(-c4cn[nH]n4)n2c3C(c2ccc(Cl)cc2)N2C(=O)C2=CC(Cl)=CN1C1CC(O)(CO)C1,中毒,22.80562,12.652781
O=C1c2sc(-c3cn[nH]n3)c(-c3ccc(Cl)cc3F)c2C(c2ccc(Cl)cc2)N1c1cc(Cl)cn(C2CC(O)(CO)C2)c1=O,中毒,10.149779,16.862432
Fc1cc(OCc2nnccc2-c2cc(-c3cn[nH]n3)cs2)cc(OCC23CC4CC(CC(C4)C2)C3)c1,低毒,5.877086,26.83943
O=C1c2cc(-c3cn[nH]n3)c(-c3ccc(F)cc3F)n2C(c2ccc(Cl)cc2)N1c1cc(Cl)cn(C2CC(O)C(O)(CO)C2)c1=O,中毒,44.58338,13.503714
O=C1c2cc(-c3cn[nH]n3)n(-c3ccc(F)cc3F)c2C(c2ccc(Cl)cc2)N1c1cc(Cl)cn(-c2ccc(Cl)cc2)c1=O,中毒,17.475342,14.0600395
O=c1c(N2Cc3cc(-c4cn[nH]n4)n(-c4ccc(Cl)cc4)c32)cc(Cl)cn1C1CC(O)(CO)C1,中毒,33.35466,34.27415
O=C1c2cc(-c3cn[nH]n3)n(-c3c(Cl)cccc3Cl)c2C(c2ccc(Cl)cc2Cl)N1c1cc(Cl)cn(C2CC(O)(CO)C2)c1=O,中毒,15.540574,11.513729
c1cc2ccc(-c3nc(N4CC5CCC54)c4[nH]cc(-c5cn[nH]n5)c4n3)cn2n1,中毒,3.0301154,26.13746
S=C(NC1CC=CCC1)N1CCN(c2ccc(-c3cc(-c4cn[nH]n4)nc(N4CCOCC4)n3)cc2)CC1,中毒,55.837498,44.361687
O=C1c2nc(-c3cn[nH]n3)c(Cl)c(-c3c(Cl)cccc3Cl)c2C(c2cccc(Cl)c2Cl)N1c1cc(Cl)cn(C2CC(O)(CO)C2)c1=O,中毒,27.185892,12.110745
Fc1ccc(C2CC3(CCNC3)CN2CCNc2cc(-c3cn[nH]n3)cs2)c(F)c1,中毒,3.223668,18.704607
O=C1c2cc(-c3cn[nH]n3)n(-c3ccc(F)cc3)c2C(c2cccc(Cl)c2)N1c1cc(Cl)cn(C2CC(O)(CO)C2)c1=O,中毒,14.882899,11.513729
Fc1ccc(C2(C(F)F)N=N2)c(Cl)c1-c1cc(-c2cc[nH]n2)c2ncc(-c3cn[nH]n3)cc2c1,中毒,5.4271975,141.98032
Clc1ccc(Nc2c3cc(-c4cn[nH]n4)cc2C=c2c(cnc4[nH]cnc24)=C3)cc1Cl,中毒,32.889946,16.424643
O=C1c2cc(-c3cn[nH]n3)nn2C(c2ccc(Cl)cc2C(F)(F)F)N1c1cc(Cl)cn(C2CC(O)(CO)C2)c1=O,中毒,7.854498,13.503714
O=C1c2cc(-c3cn[nH]n3)n(-c3cc(F)c(Cl)c(Cl)c3)c2C(c2ccc(Cl)cc2)N1c1cc(Cl)cn(C2CC(O)(CO)C2)c1=O,中毒,14.882899,11.513729
O=C1c2cc(-c3cn[nH]n3)n(-c3ccc(F)cc3F)c2C(c2ccc(Cl)cc2Cl)N1c1cc(Cl)cn(C2CC(O)(CO)C2)c1=O,中毒,15.540574,11.513729
c1nc(-c2ccc3[nH]cc(-c4ccsc4)c3c2)c2cc(-c3cn[nH]n3)c(OC3CCOC3)cc2n1,中毒,4.474764,42.731243
FC1(F)CCC(c2cc(Nc3nc(-c4ccc(OC5CCN(C6CC6)CC5)cc4)c4c(-c5cn[nH]n5)c[nH]c4n3)c(Cl)cn2)CC1,中毒,9.442462,42.731747
O=c1c(-c2cc(Cl)cc(Cl)c2)c(-c2cn[nH]c2)oc2c(Br)cc(-c3cn[nH]n3)cc12,中毒,4.2478814,21.518894
c1nc(-c2nc3ccsc3s2)c2ccc(-c3cn[nH]n3)cc2n1,低毒,50.68516,20.829432
O=C1c2cc(-c3cn[nH]n3)n(-c3ccc(Cl)cc3F)c2C(c2ccc(Cl)cc2)N1c1cc(Cl)cn(C2CCC(O)(CO)C2)c1=O,中毒,12.488247,11.513729
Oc1ccc(C2C(c3ccc(Cl)cc3)C(c3cn[nH]n3)CN2c2nnc(-c3cc(Cl)c(Cl)s3)o2)cc1,中毒,30.877213,18.222574
O=C1NC(=O)C(C#CC2=C(Cl)N=C3C(=O)N(c4cn[nH]n4)C=C3C2=S)S1,中毒,25.284948,119.10667
Clc1cc(-c2ncnc3[nH]cc(-c4cn[nH]n4)c23)ccc1OCc1ccc(Br)cc1,中毒,30.064852,125.58996
Nc1nc[nH]c2c(-c3cn[nH]n3)nc(-c3ccc(Oc4cccc(Cl)c4)cc3)c1-2,中毒,17.3277,38.97638
O=c1c(N2Cc3cc(-c4cn[nH]n4)n(-c4c(Cl)cccc4Cl)c3C2c2ccc(Cl)cc2)cc(Cl)cn1C1CC(O)(C(O)O)C1,中毒,24.385923,11.513729
O=C1c2cc(-c3cn[nH]n3)n(-c3ccc(Cl)cc3F)c2C(c2ccc(Br)cc2)N1c1cc(Cl)cn(C2CC(O)(CO)C2)c1=O,中毒,12.488247,11.513729
O=c1c(N2C=Cc3cc(-c4cn[nH]n4)cc(-c4c(Cl)cccc4Cl)c3C2c2ccc(Cl)cc2)cc(Cl)cn1C1CC(O)(CO)C1,中毒,9.036046,9.719319
O=C1c2cc(-c3cn[nH]n3)n(-c3cc(Cl)ccc3Cl)c2C(c2ccc(Cl)cc2)N1c1cc(Cl)cn(C2CC(O)(CO)C2)c1=O,中毒,18.205946,11.513729
O=C1c2cc(-c3cn[nH]n3)n(-c3ccc(Cl)cc3F)c2S(=O)(=O)C(c2ccc(Cl)cc2)N1c1cc(Cl)cn(C2CC(O)(CO)C2)c1=O,中毒,7.1121993,13.466203
O=C1c2cc(-c3cn[nH]n3)n(-c3cc(F)c(F)cc3F)c2C(c2ccc(Cl)cc2)N1c1cc(Cl)cn(C2CCC(O)(CO)C2)c1=O,中毒,12.488247,11.513729
O=c1c(N2C3=NCCN3c3cc(-c4cn[nH]n4)n(-c4ccc(Cl)cc4)c3C2c2ccc(Cl)cc2)cc(Cl)cn1C1CC(O)(CO)C1,中毒,12.488247,13.466203
FC(F)C1(Cc2cncc(-c3cn[nH]n3)c2)CCN(Cc2cnoc2-c2ccncc2)C1,中毒,56.66157,73.720566
O=C1N(c2cc(Cl)cn(C3CC(O)(CO)C3)c2=O)C(c2ccc(Cl)cc2)c2nc(-c3onc(-c4ccc(F)cc4)c3-c3cn[nH]n3)cn21,中毒,17.75127,16.862432
O=C1c2cc(-c3cn[nH]n3)n(-c3cc4ccc(Cl)cc4s3)c2C(c2ccc(Br)cc2)N1c1cc(Cl)cn(C2CC(O)(CO)C2)c1=O,中毒,18.205946,11.513729
Clc1ccc(C2c3cc(-c4cn[nH]n4)n(-c4ccc(Cl)cc4)c3C(c3cccnc3Cl)N2c2cc[nH]n2)cc1,中毒,51.124954,21.855152
O=C1c2cc(-c3cn[nH]n3)n(-c3ccc(Cl)cc3)c2C(c2cccc(Cl)c2F)N1c1cc(Cl)cn(C2CC(O)(CO)C2)c1=O,中毒,14.882899,11.513729
O=C1c2cc(-c3cn[nH]n3)cc(-n3cc(-c4ccncc4)nn3)c2CC(c2ccc(Cl)cc2)N1c1cc(Cl)cn(C2CC(O)(CO)C2)c1=O,中毒,47.00588,14.418226
FC1(F)CC(N2c3cc(Cl)ccc3-c3cc(-c4cn[nH]n4)n(-c4ccc(Cl)cc4)c3C2c2ccc(Cl)cc2)C1,中毒,40.270355,23.74433
O=C1CNC2=NC1=Nc1cc(-c3cn[nH]n3)nn1CN2C1CC(c2cc(F)cnc2F)Oc2ccc(Cl)cc21,中毒,20.439514,9.889469
Oc1cc(F)cc(-c2nc(-c3cn[nH]n3)nc3c2CC(Nc2nc(-c4csc5ccccc45)cs2)C3)c1O,中毒,11.588856,21.405272
O=C1c2cc(-c3cn[nH]n3)n(-c3ccc(Cl)cn3)c2C(c2ccc(Cl)cc2)N1c1cc(Cl)cn(C2CC(O)(CO)C2)c1=O,中毒,14.882899,11.513729
NC1CCC2=CC3=C(COC3)N=C3C=C(c4cn[nH]n4)N=C3C2=C(N2CCC3(CC2)c2ccc(S(=O)(=O)c4cnc5ccccc5c4)cc23)C1O,中毒,34.220726,15.303033
O=C1c2cc(-c3cn[nH]n3)n(-c3ccccc3)c2C(c2ccc(Cl)cc2)N1c1cc(Cl)cn(C2CC(CO)(OO)C2)c1=O,中毒,14.882899,21.325836
O=C1c2cc(-c3cn[nH]n3)n(-c3ccc(Cl)cc3-c3cc(F)c(Cl)cc3Cl)c2C(c2ccc(Cl)cc2)N1c1cc(Cl)cn(C2CC(O)(CO)C2)c1=O,中毒,12.488247,11.513729
O=C1c2cc(-c3cn[nH]n3)sc2C(c2ccc(Br)cc2)N1c1cc(Cl)cn(C2CC(O)(CO)C2)c1=O,中毒,8.738106,8.960914
O=C1c2cc(-c3cn[nH]n3)nc(N3CCc4ccc(Br)nc4C3)c2C(c2ccc(Cl)cc2)N1c1cc(Cl)cn(C2CC(O)(CO)C2)c1=O,中毒,14.775009,12.110745
N#CC1=CC=C2C3COC(=C1)C2N(c1cc(Cl)cc(C(F)(F)F)c1)C(c1cccc(Cl)c1)c1sc(-c2cn[nH]n2)cc13,中毒,32.733707,17.95569
Fc1cccc2ncc(N3CCn4cnc(-c5cn[nH]n5)c4C3)c(Cl)c12,中毒,59.08889,12.082556
O=c1c(-n2nc(-c3ccc(Cl)cc3)c3c(cc(-c4cn[nH]n4)n3-c3ccc(Cl)cc3)c2=O)cc(Cl)cn1C1CC(O)(CO)C1,中毒,14.620968,41.853634
O=C1c2cc(-c3cn[nH]n3)n(-c3ccc(F)cc3)c2C(c2ccc(Cl)cc2)N1c1cc(Cl)cn(C2CCOC2)c1=O,中毒,22.121504,13.466203
Fc1cc(Cl)ccc1-n1c(-c2cn[nH]n2)cc2c1C(c1ccc(Cl)cc1)N(c1ccc(Cl)cc1)C1C3=CC=C(c4cscn4)C=C1C(c1ccccc1)C2C3,中毒,21.947083,25.844957
O=C1c2cc(-c3cn[nH]n3)n(-c3cc(F)c(F)c(Cl)c3)c2C(c2ccc(Cl)cc2)N1c1cc(Cl)cn(C2CC(O)(CO)C2)c1=O,中毒,14.882899,11.513729
O=C1c2cc(-c3cn[nH]n3)n(-c3cc(Cl)cc(Cl)c3)c2C(c2ccc(Cl)cc2F)N1c1cc(Cl)cn(C2CC(O)(CO)C2)c1=O,中毒,14.882899,11.513729
O=C1c2cc(-c3cn[nH]n3)[nH]c2C(c2ccc(Cl)c(F)c2)N1c1cc(Cl)cn(C2CC(O)C(O)C2O)c1=O,中毒,6.6767583,11.513729
O=C1c2nc(-c3cn[nH]n3)[nH]c2C(c2ccc(Cl)cc2)N1c1cc(Cl)cn(C2CC(O)(CO)C2)c1=O,中毒,21.438358,35.333744
O=C1c2cc(-c3cn[nH]n3)n(-c3ccc(C(F)(F)F)nc3)c2C(c2ccc(Cl)cc2)N1c1cc(Cl)cn(C2CC(O)(CO)C2)c1=O,中毒,51.50488,11.513729
Clc1ccc(-n2c(-c3cn[nH]n3)cc3c2-c2cc(Br)c(-c4cnc5cncnc5c4)cc2-3)cc1,低毒,7.366326,125.4799
O=C1c2nc(-c3cn[nH]n3)cc(-c3c(Cl)cccc3Cl)c2CC(c2ccc(Cl)c(Cl)c2)N1c1cc(Cl)cn(C2CC(O)(CO)C2)c1=O,中毒,37.24519,16.862432
O=S(=O)(c1ccc(Cl)cc1)N1CCC2=CC(c3cn[nH]n3)=C(F)C2=C(c2nc3cc(-c4nc5ccncc5s4)ccc3s2)C1,中毒,43.129433,16.291994
Fc1ccc(CCNc2nc(OC3CCN(Cc4ccccn4)CC3)nc3cc(-c4cn[nH]n4)ccc23)cc1,中毒,21.964348,22.903282
O=c1c(N2Cc3cc(-c4cn[nH]n4)c(-c4cncnc4)cc32)cc(Cl)cn1C1CC(O)C(O)C1O,中毒,20.117796,41.418026
Fc1ccc(-n2ncc3c4cnc(-c5csc6ccc(OC(F)F)cc56)cc4c4c(cc(-c5cn[nH]n5)n4-c4ccc(Cl)cc4)c32)cc1,中毒,18.661478,16.574074
Clc1cc(-c2nnc(C3=CCN(Cc4cn[nH]n4)CC3)o2)sc1Cl,高毒,8.641488,30.140331
OCCN1CCC(n2ncc(-c3cc4ncc(F)cc(N5CCc6c(cc(-c7cn[nH]n7)cc6-c6ccsc6)C5)c-4c3)n2)C1,中毒,18.090868,20.192444
O=S1(=O)CCC(C#Cc2ccc(N3c4cc(-c5cn[nH]n5)n(-c5ccc(Cl)cc5F)c4C(Oc4ccc(Cl)cc4)C3c3ccc(Cl)cc3)cc2)CC1,中毒,28.345415,42.51744
Oc1[nH]c2ccc(Nc3cc4oc(-c5cnccc5Br)cc4cc3-c3cn[nH]n3)cc2c1Cl,中毒,26.546516,31.361729
Ic1cc2cc(-c3cn[nH]n3)sc2cc1OCCC1CCCNC1,高毒,15.777099,28.802502
O=c1c(N2Cc3cc(-c4cn[nH]n4)c(=O)n(-c4cc(Cl)cc(Cl)c4)c3C2)cc(Cl)cn1C1CC(O)C(O)C1,中毒,47.890995,29.1746
O=c1c(N2Cc3nc(-c4cn[nH]n4)c(-c4cncnc4)c(-c4ccsc4)c3CC2c2ccc(F)cc2)cc(Cl)cn1C1CC(O)(CO)C1,中毒,32.68572,16.862432
O=C1c2cc(-c3cn[nH]n3)c(=O)n(-c3cc(F)cc(Br)c3)c2C(c2ccc(Cl)cc2)N1c1cc(Cl)cn(C2CC(O)(CO)C2)c1=O,中毒,51.50488,12.110745
O=C1c2cc(-c3cn[nH]n3)n(-c3ccc(Cl)cc3F)c2C(c2cccs2)N1c1cc(Cl)cn(C2CC(O)(CO)C2)c1=O,中毒,13.346145,11.513729
SC1=NC(c2ccc(Cl)cc2)c2c(cc(-c3cn[nH]n3)cc2-c2c(Cl)cccc2Cl)N1,低毒,5.0778017,35.79469
O=C1c2cc(-c3cn[nH]n3)n(-c3ccc(Cl)cc3)c2C(c2ccc(Cl)cc2)N1c1cc(Cl)cn(C2CC(O)C(O)C2O)c1=O,中毒,14.882899,11.513729
O=C1c2nc(-c3cn[nH]n3)cc(C(F)(F)F)c2C(c2ccc(Cl)cc2)N1c1cc(Cl)cn(C2CC(O)(CO)C2)c1=O,中毒,59.929935,12.110745
O=Cc1cc2c(-c3ccccn3)ncnc2n1-c1cn[nH]n1,低毒,101.51786,81.81321
O=C1c2cc(-c3cn[nH]n3)n(-c3cc4ccccc4nc3Oc3ccccc3)c2C(c2ccc(Cl)cc2)N1c1cc(Cl)cn(C2CC(O)C(O)C2)c1=O,中毒,38.99518,12.110745
O=c1c(N2Cc3nc(-c4cn[nH]n4)n(-c4ccc(Br)cc4F)c3C2c2ccc(Cl)cc2)cc(Cl)cn1C1CC(O)(CO)C1,中毒,22.414772,34.717995
Clc1ccc(C2c3c(-c4ccc(Br)cc4Cl)cc(-c4cn[nH]n4)cc3N2Cc2ccncc2)cc1,低毒,9.252719,76.11971
c1cncc(-c2cccc(CN3CC4CN(c5ccnc(-c6cn[nH]n6)c5)CC43)c2)c1,中毒,114.264015,38.98221
N=C1c2nc(-c3cn[nH]n3)nn2C(c2ccc(Br)cc2)N1c1cc(Cl)cn(C2CC(O)C(O)C2)c1=O,中毒,11.380227,33.69392
O=C(C1CCOC1)N1CCc2c(nc(-c3cn[nH]n3)nc2Nc2cccc(Cl)c2Cl)C1,中毒,17.944271,16.653893
Clc1ccc(-c2cc(-c3cn[nH]n3)cc3c2C(c2ccc(Cl)cc2)N(c2cc(C4CC4)nn4cc(Br)cc24)C3)cc1,中毒,50.255096,48.85047
FS(F)(F)(F)(F)c1ccc(N2c3ccc(Nc4cn[nH]n4)cc3Oc3ccncc32)cc1,中毒,13.320775,39.58918
O=C1c2cc(-c3cn[nH]n3)n(-c3ccc(F)cc3)c2C(c2ccc(Cl)s2)N1c1cc(Cl)cn(C2CC(O)(CO)C2)c1=O,中毒,15.111123,11.513729
O=C1c2nc(-c3cn[nH]n3)c(-c3ccc(Cl)cc3)cc2CN1c1cc(Cl)cn(C2CC(O)(CO)C2)c1=O,中毒,48.16768,12.110745
O=C1c2nc(-c3cn[nH]n3)sc2C(c2ccc(Cl)cc2)N1c1cc(Cl)cn(C2C(O)C(O)C(O)C2O)c1=O,中毒,59.929935,28.20462
O=C1c2cc(-c3cn[nH]n3)oc2C(c2cccc(Cl)c2)N1c1cc(Cl)cn(C2CC(O)(CO)C2)c1=O,中毒,13.3429985,20.735756
O=C1c2cc(-c3cn[nH]n3)n(-c3ccc(Cl)cc3F)c2C(c2ccccn2)N1c1cc(Cl)cn(C2CC(O)(CO)C2)c1=O,中毒,24.817047,12.110745
O=c1c(N2Cc3cc(-c4cn[nH]n4)cc(-c4c(Cl)cccc4Br)c32)cc(Cl)cn1C1CC(O)(CO)C1,中毒,18.619787,18.206211
O=C1c2nc(-c3cn[nH]n3)n(-c3ccc4c(c3)OCO4)c2C(c2ccc(Cl)cc2)N1c1cc(Cl)cn(C2CC(O)(CO)C2)c1=O,中毒,23.043425,13.466203
O=S(=O)(c1cccc(F)c1-c1cccc2oc(-c3cn[nH]n3)nc12)N1CCC(N2CCOCC2)CC1,中毒,11.977019,19.061512
O=C(Nc1cc(Cl)cc(Cl)c1)C12C(c3cc(Cl)ccc3F)C3=NC(c4cn[nH]n4)N3C(c3cncnc3)C3(CCC31)C2Cl,中毒,43.562588,14.3937645
O=C1c2cc(-c3cn[nH]n3)c(-c3cncnc3)nc2C(c2ccc(Cl)cc2)N1c1cc(Cl)cn(C2CC(O)C(O)C2)c1=O,中毒,13.216523,12.087409
O=C1c2cc(-c3cn[nH]n3)n(-c3ccc(F)c(C(F)(F)F)c3)c2C(c2ccc(Cl)cc2)N1c1cc(Cl)cn(C2CC(O)C(O)C2)c1=O,中毒,14.882899,12.110745
O=c1c(N2Cc3cc(-c4cn[nH]n4)n(-c4ccc(Cl)cc4F)c3C2c2ccc(Cl)cc2)cc(Cl)cn1C1CCS(=O)(=O)C1,中毒,21.327534,14.026334
O=C1c2nc(-c3cn[nH]n3)c(Br)c(-c3ccc(Cl)cc3F)c2C(c2ccc(Cl)cc2)N1c1cc(Cl)cn(C2CC(O)(CO)C2)c1=O,中毒,37.24519,12.110745
O=C1c2cc(-c3cn[nH]n3)n(-c3ccccn3)c2C(c2ccc(Cl)cc2)N1c1cc(Cl)cn(C2CC(O)(CO)C2)c1=O,中毒,14.882899,11.513729
O=C1c2cc(-c3cn[nH]n3)n(-c3ccc(Cl)cc3Cl)c2C(c2cccc(Cl)c2)N1c1cc(Cl)cn(C2CC(O)C(O)C2)c1=O,中毒,18.205946,11.513729
O=C1C(c2cc(-c3cn[nH]n3)c[nH]2)=Nc2sc3c([N+](=O)[O-])c(F)cc(Cl)c3c(=O)c21,中毒,17.909092,29.320223
O=C1c2cc(-c3cn[nH]n3)n(-c3ccc(Cl)cc3[N+](=O)[O-])c2C(c2ccc(Cl)cc2)N1c1cc(Cl)cn(C2CC(O)(CO)C2)c1=O,中毒,12.488247,11.513729
O=C1c2nc(-c3cn[nH]n3)c(Cl)c(-c3c(Cl)cccc3Cl)c2C(c2ccc(Cl)cc2)N1c1cc(Cl)cn(C2CC(O)(CO)C2)c1=O,中毒,37.24519,12.110745
Clc1ccc2c(c1)CCc1cc(-c3cn[nH]n3)c(Nc3ccc(Cl)c(Cl)c3)nc1-2,中毒,16.104649,24.321215
Fc1cc(C(F)(F)F)cnc1C1Cc2c(cc(-c3cn[nH]n3)cc2-c2c(Cl)ccc(Cl)c2Cl)O1,中毒,20.452143,26.141106
O=C(c1c(F)cc(NS(=O)(=O)N(CF)c2ccc(Br)cc2F)c(F)c1F)c1ncnc2[nH]cc(-c3cn[nH]n3)c12,中毒,15.574335,22.306795
c1cc2snnc2cc1-c1cn[nH]n1,中毒,69.89315,96.95003
c1cc(-c2ccc3c(c2)-c2nc(-c4cn[nH]n4)cnc2-3)c2cnc(N3CCOCC3)cc2n1,中毒,93.58511,101.0822
O=C1c2cc(-c3cn[nH]n3)n(-c3ccc(F)cc3)c2C(c2ccc(Cl)c(F)c2)N1c1cc(Cl)cn(C2CC(F)(F)C2)c1=O,中毒,17.475342,14.026334
O=c1c(Cl)cc(N2Cc3cc(-c4cn[nH]n4)n(-c4ccc(Cl)cc4)c3C2c2ccc(Cl)cc2)cn1C1CC1,中毒,28.622856,15.904917
OCC1Nc2cc(-c3cn[nH]n3)nc(N3CC(Oc4cc(C(F)(F)F)cnc4C(F)(F)F)C3)c2C1c1ccon1,中毒,32.0448,34.717995
Fc1cc(-c2nsc(C3=C4C=C(c5cn[nH]n5)C=C4C4(COC4)CN(c4ncc(Cl)cn4)C3)n2)ccc1Cl,中毒,28.012243,17.484896
O=C1c2cc(-c3cn[nH]n3)n(-c3ccc(F)cc3F)c2C(c2ccsc2)N1c1cc(Cl)cn(C2CC(O)(CO)C2)c1=O,中毒,12.488247,11.513729
O=c1[nH]c(CN2CCn3cc(-c4cn[nH]n4)cc3C2)nc2ccccc12,低毒,53.700397,71.45651
c1cc2nc(CCNCC(c3cc(-c4cn[nH]n4)cs3)n3cnnn3)[nH]c2cn1,中毒,8.94964,24.269577
O=C1c2cc(-c3cn[nH]n3)n(-c3ccc(Cl)c(Cl)c3)c2C(c2ccc(Cl)cc2)N1c1cc(Cl)cn(C2CC(O)C(O)C2O)c1=O,中毒,14.882899,11.513729
Fc1ccc(C(OCC2=C(c3ccc(OC(F)F)cc3)c3cnc(-c4cn[nH]n4)cc3C2)(c2ccc(Cl)cc2)c2cccnc2)c(F)c1,中毒,28.500326,61.157074
FC(F)(F)c1nc(C2=CC(c3n[nH]c4cc(-c5cn[nH]n5)cc-4c3N3CCCC3)=C2)no1,中毒,12.950305,7.6420584
Fc1ccc(-n2c(-c3cn[nH]n3)cc3c2C(c2ccsc2)N(c2ccc(Cl)c(Cl)c2)C3)c(F)c1,中毒,21.327534,23.107658
Fc1ccc(C2C3=C(C=CN(c4ccc(C(F)(F)F)cn4)C(c4cn[nH]n4)=C3)N2c2ccc(Cl)cc2)cc1,中毒,33.86092,20.740635
S=c1n(-c2cn[nH]n2)nc2c3ccccc3nc-2n1-c1ccccc1,中毒,6.352602,254.35
Clc1ccccc1-c1c(-c2ccsc2)cc(-c2cncnc2)c2[nH]cc(-c3cn[nH]n3)c12,中毒,1.3842086,50.51976
O=c1c(N2Cc3cc(-c4cn[nH]n4)n(-c4ccc(F)cc4F)c3C2c2ccc(Cl)cc2)cc(Cl)cn1CC1CC(O)(O)C1,中毒,15.763229,11.513729
O=c1c(N2Cc3cc(-c4cn[nH]n4)cc(-c4c(F)cccc4F)c3C2c2ccc(Cl)cc2)cc(Cl)cn1C1CC(O)(CO)C1,中毒,6.3808517,8.960914
c1cc(-c2cn[nH]n2)co1,高毒,201.24408,27.01563
O=C1N(c2cc(Cl)cn(C3CC(O)(CO)C3)c2=O)C(c2ccc(Cl)cc2)c2nc(-c3cn[nH]n3)cn21,中毒,13.0467615,31.16672
O=C1c2cc(-c3cn[nH]n3)n(-c3cccc(Br)c3)c2C(c2ccc(Cl)cc2)N1c1cc(Cl)cn(C2CC(O)C(O)C2)c1=O,中毒,14.882899,11.513729
Clc1cc2sc(-c3cc(-c4cn[nH]n4)cc4c3CN(c3c(Cl)cncc3-c3cncnc3)CC4)cc2cn1,中毒,5.021293,12.781678
Clc1ccc(-c2nc3c(Cl)cc(Br)cc3c3c2CC2c4ncc(-c5cn[nH]n5)nc4CN2CC3)cc1,中毒,85.8779,12.75318
O=c1c(N2Cc3cc(-c4cn[nH]n4)cc(-c4ccc(Cl)cc4)c3C2c2cccnc2)cc(Cl)cn1C1CC(O)(P(=O)(O)O)C1,低毒,8.394659,13.489636
O=C1c2nc(-c3cn[nH]n3)n(-c3ccc(F)cc3F)c2C(c2cccc(Cl)c2)N1c1cc(Cl)cn(C2CC(O)(CO)C2)c1=O,中毒,24.818281,34.717995
O=C1C=C(Oc2ccc([S+]([O-])c3n[nH]c(=O)c4cc(Cl)ccc34)c(F)c2)C=C1c1cnn2cc(-c3cn[nH]n3)nc2c1,低毒,24.327778,84.38034
O=C1c2cc(-c3cn[nH]n3)n(-c3ccc(Cl)cc3F)c2C(c2ccc(Cl)cc2)N1c1cc(Cl)cn(C2CC(O)(CO)C2O)c1=O,中毒,12.488247,11.513729
O=c1c(N2Cc3cc(-c4cn[nH]n4)cc(-c4c(Cl)cccc4Cl)c3C2c2ccc(Cl)cc2)nc(Cl)cn1C1CC(O)C(O)C1,中毒,11.558079,12.65508
O=C1c2cc(-c3cn[nH]n3)cc(-c3c(Cl)cccc3Cl)c2CC2=C(CCCC2)C(c2ccc(Cl)cc2)N1c1cc(Cl)cn(C2CC(O)(CO)C2)c1=O,中毒,11.968951,16.230408
O=C1c2cc(-c3cn[nH]n3)nn2CC(c2ccc(Cl)cc2)N1c1cc(Cl)cn(C2CC(O)(CO)C2)c1=O,中毒,23.909687,13.466203
O=C1c2cc(-c3cn[nH]n3)n(-c3cccc(F)c3F)c2C(c2ccc(Cl)cc2)N1c1cc(Cl)cn(C2CC(O)(CO)C2)c(=O)c1=O,中毒,15.540574,11.513729
O=C1c2cc(-c3cn[nH]n3)n(-c3ccc(F)cc3F)c2C(c2cc(Cl)ccc2F)C(c2ccc(Cl)cc2)N1c1cc(Cl)cn(C2CC(O)(CO)C2)c1=O,中毒,51.50488,13.503714
C1=C2CCOCC(c3nc4cc(OC5COC5)cnc4s3)=C2C=C1c1cn[nH]n1,中毒,36.227333,31.422478
C1=C2CC(c3cc(NC4CCOCC4)ccn3)=C2N=C1c1cn[nH]n1,中毒,81.15945,32.684456
O=C1c2cc(-c3cn[nH]n3)n(-c3ccc(Cl)c(Cl)c3)c2C(c2ccc(Cl)cc2)N1c1cc(Cl)cn(C2CCOCC2)c1=O,中毒,22.121504,13.466203
O=c1c(N2Cc3cc(-c4cn[nH]n4)n(-c4ccc(F)cc4F)c3C2c2nccs2)cc(Cl)cn1Cl,中毒,5.5626554,14.026334
O=c1c2c3c(sc2nc(-c2nonc2-c2cn[nH]n2)n1-c1ccc(F)cc1)CS(=O)(=O)C3,中毒,28.345415,17.58299
O=C1c2cc(-c3cn[nH]n3)n(-c3cccc(Br)c3)c2C(c2ccc(Cl)cc2)N1c1cc(Cl)cn(C2CC(O)(CO)C2)c1=O,中毒,14.882899,11.513729
CC1OC1C(O)(CO)CC1C2=NC(N3C(=O)c4cc(-c5cn[nH]n5)n(-c5ccc(Cl)cc5)c4C3c3ccc(Cl)cc3F)=CC(Cl)=CN21,中毒,9.915265,22.881025
O=C1c2cc(-c3cn[nH]n3)n(-c3ccc(Cl)cc3Cl)c2C(c2ccc(Cl)cc2Cl)N1c1cc(Cl)cn(C2CC(O)(CO)C2)c1=O,中毒,15.540574,11.513729
Fc1cc(Br)ccc1-n1c(-c2cn[nH]n2)cc2c1-c1sc(-c3cncc(Cl)c3)c(Cc3ccc(-c4ncon4)cc3)c1-2,中毒,17.440168,20.807077
c1cn(CC2CC(c3occc3-c3cnc4sc(-c5cn[nH]n5)nc4n3)CCO2)nn1,中毒,37.15212,15.43594
O=C(c1coc(-c2ccnc(F)c2)c1)c1ccnc2c(-c3cnn(-c4cn[nH]n4)c3)ccnc12,低毒,11.070881,25.83192
O=C1c2nc(-c3cn[nH]n3)nn2C(c2ccccc2)N1c1cc(Cl)cn(C2CC(O)(CO)C2)c1=O,中毒,28.832989,46.02951
O=c1c2cc(-c3cn[nH]n3)ccc2c(-c2cnc3c(Br)cnc(C4CC4)c3c2)cn1C1CC1,中毒,7.698642,29.3303
O=C1C(c2cn[nH]n2)=Cc2sc(Cl)c(-c3c[nH]c4ncccc34)c21,中毒,22.120708,18.740925
Clc1ccc(-c2c(-c3cn[nH]n3)nnc3ncnn23)cc1,低毒,11.659283,35.44891
O=c1c(N2C3=Cc4cc(-c5cn[nH]n5)cc(c43)C2c2ccc(Cl)cc2)cc(Cl)cn1C1CC(O)(CO)C1,中毒,16.279215,18.748926
[O-][n+]1ocnc1-c1ccc(OCc2c(O)cc(F)c3c2-c2cc(-c4cn[nH]n4)nn2C3)cc1,中毒,20.828974,15.941352
O=C1c2cc(-c3cn[nH]n3)nn2C(c2ccc(Cl)cc2)N1c1cc(Cl)nc(Cl)c1,中毒,11.276934,12.081975
O=C1c2cc(-c3cn[nH]n3)n(-c3cccc(F)c3F)c2C(c2cccc(Cl)c2F)N1c1cc(Cl)cn(C2CC(O)(CO)C2)c1=O,中毒,12.488247,11.513729
O=c1c(N2Cc3cc(-c4cn[nH]n4)cc(-c4c(Cl)cccc4Cl)c3C2c2ccc(Cl)cc2)cc(Cl)cn1C12CC3CC(CC(C3)C1)C2,中毒,10.563423,10.819605
O=C(O)c1cn(-c2ccc(F)cc2)c2cc(-c3cn[nH]n3)c(F)cc2c1=O,中毒,22.577723,18.643522
O=C1c2cc(-c3cn[nH]n3)n(-c3ccc(Oc4ccc(Cl)cc4Cl)cc3)c2C(c2ccc(Cl)cc2)N1c1cc(Cl)cn(C2CC(O)C(O)C2)c1=O,中毒,38.99518,11.513729
Clc1ccc(Oc2cc3c(c(NC4COC5COC5C4)n2)-c2cc(-c4cn[nH]n4)n(-c4ccc(Cl)cc4)c2-3)cc1,中毒,8.728808,19.194767
O=C1c2cc(-c3cn[nH]n3)n(-c3cc(Cl)cc(Cl)c3F)c2C(c2ccc(Cl)cc2)N1c1cc(Cl)cn(C2CC(O)C(O)C2)c1=O,中毒,12.488247,11.513729
c1ccc(-n2nnnc2NCc2nc(-c3cc(-c4cn[nH]n4)cs3)cs2)cc1,中毒,11.515413,13.848541
Clc1cc(OC2CC2)cc2ncc(-c3cccc4c3OCC4Nc3cn[nH]n3)cc12,中毒,59.720234,38.249477
O=C1c2cc(-c3cn[nH]n3)n(-c3ccc(F)cc3)c2C(c2ccc(Cl)cc2Cl)N1c1cc(Cl)cn(C2CC(O)(CO)C2)c1=O,中毒,15.540574,11.513729
O=C1c2nccn2CCOCCC1Nc1nc(-c2ccc3[nH]ncc3c2)c2cc(-c3cn[nH]n3)cnc2c2c(C3CC3)c(-c3ccn[nH]3)nc1-2,中毒,32.733707,35.111286
O=C1c2cc(-c3cn[nH]n3)n(-c3ccccc3F)c2C(c2ccc(Cl)cc2)N1c1cc(Cl)cn(C2CC(O)(CO)C2)c1=O,中毒,12.488247,11.513729
O=C1c2cc(-c3cn[nH]n3)c(-c3ccc(F)cc3F)n2C(c2ccc(Cl)cc2F)N1c1cc(Cl)cn(C2CC(O)(CO)C2)c1=O,中毒,32.68572,13.503714
OC1=C2C=CC(Br)C=C2C2=C(C(c3cccc(Cl)c3)c3sc(-c4cn[nH]n4)cc31)N(C1CC1)C(c1ccc(Cl)cc1)N2c1ccc(F)cc1,中毒,46.08258,16.862432
O=C1c2cc(-c3cn[nH]n3)nc(-c3c(Sc4ncc(Cl)cn4)ccnc3Cl)c2C(c2ccc(Cl)cc2)N1c1cc(Cl)cn(C2CC(O)(CO)C2)c1=O,中毒,26.423431,12.110745
Clc1cnccc1CN1CCc2cc(-c3cn[nH]n3)cc(-c3c(Cl)cccc3Cl)c2CC1c1ncccn1,中毒,49.967068,18.795305
O=C1c2nc(-c3cn[nH]n3)n(-c3ccc(Cl)c(Cl)c3Br)c2C(c2ccc(Cl)cc2)N1c1cc(Cl)cn(C2CC(O)(CO)C2)c1=O,中毒,49.112957,34.717995
O=c1cc(-c2c(Cl)cccc2Cl)c2c3c(c1-3)N=C(Br)N=C(c1cn[nH]n1)C1(CCN(Cc3ccc(Cl)cc3)C1)C2,中毒,10.848776,18.335249
O=C1c2cc(-c3cn[nH]n3)n(-c3cccc(Cl)c3F)c2C(c2ccc3c(c2)OCO3)N1c1cc(Cl)cn(C2CC(O)C(O)C2)c1=O,中毒,12.488247,13.466203
BrC1=NC(c2cnn(-c3cn[nH]n3)c2)=COC1,低毒,101.480415,65.60335
c1cc(Sc2cn(Cc3ccc4ccc(-c5cccnc5)nc4c3)nn2)cc(-c2cc(-c3cn[nH]n3)cc(N3CC4COC(C3)N4)c2)c1,中毒,24.123203,9.964922
Cn1cc(N2C(c3ccc(Cl)cc3Cl)c3cc(-c4ccc(-c5cn[nH]n5)cn4)n(-c4ccc(Cl)cc4)c3C2c2ccc(Cl)cc2)cc(Cl)c1=O,中毒,21.947083,26.783028
c1cc2cncn2cc1CN1CCN2CCCC(c3cn(-c4cn[nH]n4)nn3)CC2C1,中毒,59.44704,34.238712
c1coc(-c2cc(N3CCOCC3)c3cc4cc(-c5cn[nH]n5)cnc4cc3n2)c1,中毒,9.614155,77.13271
Clc1cccc(Cl)c1-c1cc(-c2cn[nH]n2)c2cc(-c3nc4c([nH]3)COc3ccc(-n5cnc6cnc(C7CC7)cc65)cc3-4)ncc2n1,中毒,17.600456,10.232682
O=C1c2cc(-c3cn[nH]n3)n(C(C3CCC3)C3CC3)c2C(c2ccc(Cl)cc2)N1c1cc(Cl)cn(C2CC(O)C(F)C2)c1=O,中毒,47.705437,13.503714
O=C1c2cc(-c3cn[nH]n3)n(-c3ccc(Cl)cc3Cl)c2C(c2cccnc2)N1c1cc(Cl)cn(C2CC(O)(CO)C2)c1=O,中毒,18.205946,11.513729
O=c1c(-c2ccc(F)c(C3(Sc4cscn4)CC3)c2)cn(Cc2cn[nH]n2)c2ccc(S(=O)(=O)Nc3ccon3)cc12,中毒,37.675167,22.895626
O=S(=O)(Cc1ccc2nc(O)ccc2c1)NC1=C2C=C(F)C(c3cn[nH]n3)=C2c2nc(CCN3CCCC3)c(Sc3ccc(Cl)cc3)cc21,中毒,42.263676,17.484896
O=C1c2cc(-c3cn[nH]n3)c(=O)[nH]c2C(c2ccc(Cl)cc2)N1c1cc(Cl)cn(C2CC(O)(CO)C2)c1=O,中毒,13.216523,12.087409
O=C1c2nc(-c3cn[nH]n3)c(-c3ccc(Cl)cc3)n2C(c2ccc(Cl)cc2)N1c1cc(Cl)c(=O)n(C2CC(O)(CO)C2)c1,中毒,32.68572,13.447941
OCC1(CO)CC(COc2cc3ncnc(Nc4ccc(Cl)c(Cl)c4)c3cc2-c2cn[nH]n2)CO1,中毒,4.33607,198.31232
Clc1ccc(C2c3cc(-c4cn[nH]n4)cc(-c4c(Cl)cccc4Cl)c3CN2c2ccc(OC3COC3)cc2)cc1,中毒,12.55759,48.433647
O=S(=O)(Nc1onc(C2CC2)c1Cl)c1ccc2sc(-c3cn[nH]n3)cc2c1,中毒,28.680874,35.814865
O=c1c(-c2ccc3[nH]c(-c4cn[nH]n4)cc3c2-c2cnn3ncccc23)cnc2ccc(-c3cnn(C4CNC4)c3)cn12,中毒,4.742945,38.944447
CN1CC(n2cc(Cl)cc(N3C(=O)c4cc(-c5cn[nH]n5)n(-c5ccc(Cl)cc5)c4C3c3ccc(Cl)cc3)c2=O)CC1=O,中毒,17.272402,14.0600395
C1=C(c2cn[nH]n2)CCC(COCc2cccn2-c2nccs2)N(Cc2nsc3ccccc23)C1,中毒,85.78691,72.15302
NC1Cc2cc(C(F)(F)F)ccc2-c2cc(-c3cn[nH]n3)cc(-c3cn4[nH]c(C5CN6CCC5CC6)cc4c3Cl)c21,中毒,4.5907407,33.398857
O=C1c2cc(-c3cn[nH]n3)c3c4ccccc4c=3[nH]c2C(c2ccc(Cl)cc2Cl)N1c1cc(Cl)cn(C2CC(O)(CO)C2)c1=O,中毒,7.8750753,13.503714
Clc1ccc(C2c3cc(-c4cn[nH]n4)cc(-c4ccc(Br)cc4)c3CN2c2cc(Cl)cs2)cc1,中毒,29.39477,18.900194
O=C1c2cc(-c3cn[nH]n3)c3c(-c4ccc(Cl)cc4)cnn3c2C(c2ccc(Cl)cc2)N1c1cc(Cl)cn(C2CC(O)(CO)C2)c1=O,中毒,9.5269375,13.503714
O=C1c2cc(-c3cn[nH]n3)n(-c3ccc(F)cc3)c2C(c2cccs2)N1c1cc(Cl)cn(C2CC(O)(CO)C2)c1=O,中毒,15.111123,11.513729
CN1CC(n2cc(Cl)cc(N3C(=O)c4cc(-c5cn[nH]n5)n(-c5ccc(F)cc5F)c4C3c3ccc(Cl)cc3)c2=O)CC1=O,中毒,17.272402,14.0600395
O=c1c(N2C(O)c3cc(-c4cn[nH]n4)n(-c4ccc(F)cc4F)c3C2c2ccc(Cl)cc2)cc(Cl)cn1C1CC(F)(F)C1,中毒,57.358334,12.110745
O=C1c2cc(-c3cn[nH]n3)n(-c3ccc(F)c(Cl)c3)c2C(c2ccc(C(F)(F)F)cn2)N1c1cc(Cl)cn(C2CC(O)C(O)C2)c1=O,中毒,24.817047,12.110745
Fc1ccc(Nc2nc(C3CC3)nc3c(-c4cn[nH]n4)cc4c(-c5c(Cl)cccc5Cl)c(-c5ccncc5)cnc4c23)cc1,中毒,1.014924,36.693943
Clc1ccc(C2c3cc(-c4cn[nH]n4)n(-c4ccc(Cl)c(Cl)c4)c3C(c3ccc(Cl)cc3)N2c2ccc(Cl)cc2)cc1,中毒,28.622856,25.844957
Fc1cc(-c2nnc(-c3ccncc3)c3cnnn23)ccc1C1Cn2cc(-c3cn[nH]n3)nc2O1,中毒,11.77221,74.92481
O=C1c2nc(-c3cn[nH]n3)nc(Nc3ccc(Oc4ccc(F)nc4)cc3)c2C(c2ccc(Cl)cc2)N1c1cc(Cl)cn(C2CC(O)(CO)C2)c1=O,中毒,16.880064,13.466203
O=c1oc2c(cc1-c1cn[nH]n1)OC1CC(c3ccccc3)(CO1)N(Cc1ccccc1)C2,中毒,31.797354,47.15035
Clc1ccc(Oc2ncccc2N2CC3(CCN(Cc4cn[nH]n4)CC3)C2)cc1,中毒,18.664448,31.591457
Clc1ccc(-c2ncnc3cc(OC4CCCN5CC45)c(-c4cn[nH]n4)cc23)cc1,中毒,5.697123,60.717583
Clc1nc(-c2cnc(N3CCOCC3)nc2)c2cc(-c3cn[nH]n3)c(OC3CC4CNCC43)cc2n1,中毒,3.46975,85.08037
O=C1c2cc(-c3cn[nH]n3)cc(-c3c(Cl)cccc3Cl)c2CC(c2ccc(Cl)cc2Cl)N1c1cc(Cl)cn(C2CC(O)(CO)C2)c1=O,中毒,22.235992,19.79431
Fc1cc(Cl)ccc1C1c2c(-c3cn[nH]n3)nsc2CN1c1cc(OCc2cncnc2)ccc1F,中毒,19.96812,14.092805
O=C1c2cc(-c3cn[nH]n3)c(-c3ccn4ncc(-c5ccc(Cl)cc5)c4c3)n2CN1c1cc(Cl)cn(C2CC(O)C(O)C2O)c1=O,中毒,29.989872,13.503714
OCC1(O)CC(OC2N=C(c3ccc(Cl)cc3)CC3c4c(-c5c(F)cccc5Cl)nc(-c5cn[nH]n5)nc4C3C2Cl)C1,中毒,45.33681,35.696384
NS(=O)(=O)Oc1ccc(-c2c(-c3cnc4[nH]ccc4c3)nc(N3CC4COC(C3)O4)c3ccc(-c4cn[nH]n4)cc23)cc1,中毒,5.242294,20.438725
O=C1c2cc(-c3cn[nH]n3)n(-c3ccc(Cl)c(Cl)c3)c2N1c1cc(Cl)cn(C2CC(O)(CO)C2)c1=O,中毒,18.782015,13.503714
O=C1c2nc(-c3cn[nH]n3)n(-c3ccc(C(F)(F)F)cc3)c2C(c2ccc(Cl)cc2)N1c1cc(Cl)cn(C2CC(O)(CO)C2)c1=O,中毒,38.197144,34.717995
O=C1c2cc(-c3cn[nH]n3)n(-c3cc(F)c(Cl)c(F)c3)c2C(c2ccc(Cl)cc2)N1c1cc(Cl)cn(C(C2CC2)C2CC2)c1=O,中毒,22.121504,14.026334
O=c1c(N2C(c3ccc(Cl)cc3)c3c(nc(-c4cn[nH]n4)n3-c3ccc(F)cc3F)P2(=O)O)cc(Cl)cn1C1CC(O)(CO)C1,中毒,32.17651,57.851475
O=C(Nc1cccc(CNc2nc(-c3cc(-c4cn[nH]n4)cc4c3CNCC4)cs2)c1)C1CC1,中毒,20.006124,21.085009
Fc1cncc(-c2cc3oc(-c4cn[nH]n4)cc3cc2I)c1,高毒,21.45529,40.75012
c1cncc(CNc2ccc(C3OCc4cnc(-c5cn[nH]n5)cc43)cc2)c1,低毒,29.882572,27.461035
O=C1c2nc(-c3cn[nH]n3)c(-c3ccc(OC(F)F)c(F)c3)n2C(c2ccc(Cl)cc2)N1c1cc(Cl)cn(C2CC(O)(CO)C2)c1=O,中毒,32.68572,13.447941
O=C1c2cc(-c3cn[nH]n3)[nH]c2C(c2ccc(F)cc2)N1c1cc(Cl)cn(C2CC(O)(CO)C2)c1=O,中毒,19.24008,11.513729
Oc1cc(Cl)c(-c2ccc3nc(N4CC5CN(COc6onc(-c7cn[nH]n7)c6F)CC4O5)oc3c2)cc1Cl,中毒,41.313023,18.135141
O=C1c2cc(-c3cn[nH]n3)n(-c3ccc(F)cc3)c2C(c2ccc(Cl)cc2F)N1c1cc(Cl)cn(C2CC(O)C(O)C2)c1=O,中毒,14.882899,11.513729
O=C1C2CCc3nc(-c4cn[nH]n4)n(-c4cc(Cl)cc(Cl)c4)c3C(c3ccc(Cl)cc3)N1c1cc(Cl)cn2c1=O,中毒,18.721136,14.3937645
Oc1c(Cl)cc2c(c1Cl)CC(O)Cc1cc(-c3cn[nH]n3)cc(-c3c(Cl)cccc3Cl)c1-2,中毒,17.663296,65.75271
O=c1cc(-c2cn[nH]n2)cnc2[nH]ncc12,高毒,26.59406,63.139267
Fc1cc2c(COC3CN4CCC3C4)cn(C3CC(F)(F)C3)c2c(Cl)c1C1=C2C=C(c3cn[nH]n3)C=C2C1,中毒,9.303227,19.032093
O=C1c2nc(-c3cn[nH]n3)nc(Nc3ccc(Cl)cc3)c2C(c2ccc(Cl)cc2)N1c1cc(Cl)cn(C2CC(O)(CO)C2)c1=O,中毒,16.880064,13.466203
O=C1c2cc(-c3cn[nH]n3)n(-c3ccc(Cl)cc3)c2C(c2ccc(Cl)cc2)N1c1cc(Cl)cn(C2CC(O)(F)C2)c1=O,中毒,36.175117,11.513729
O=C1c2cc(-c3cn[nH]n3)ncc2C(c2ccc(Cl)cc2)N1c1cc(Cl)cn(C2CC(O)(CO)C2)c1=O,中毒,6.3808517,12.110745
O=C1c2cc(-c3cn[nH]n3)n(-c3ccc(F)cc3F)c2C(c2ccc(Cl)cc2)N1c1cc(Cl)cn(C2CCC(O)CC2)c1=O,中毒,25.244574,11.513729
FC1(F)CN(c2nc(-c3cn[nH]c3)c3ncc(-c4cn[nH]n4)cc3n2)C1,中毒,14.532347,79.34162
ClC1=C2C=C(c3cn[nH]n3)CC3=C2CN(Cc2ccco2)CC(NC2CCOCC2)C3=Nc2cnc(Br)cc21,中毒,38.82275,14.2372675
O=c1c(N2CCc3cc(-c4cn[nH]n4)nc(NCc4cccc(Br)c4)c3C2c2ccc(Cl)cc2)cc(Cl)cn1C1OC(CO)C(O)C1O,中毒,20.73898,38.432915
Clc1ccc(C2c3c(cc(-c4cn[nH]n4)cc3-c3ccc(Cl)c(Cl)c3)CN2c2cc(Cl)cn3nc(OCC4CC4)cc23)cc1,中毒,26.199442,27.175484
Clc1ccc2c(c1)-c1c(cc(-c3cn[nH]n3)cc1-c1c(Cl)cccc1Cl)CO2,中毒,5.044062,47.575245
O=c1c(N2Cc3cc(-c4cn[nH]n4)cc(-c4c(Cl)cccc4Cl)c3C(c3ccc(Cl)cc3)C2c2ccc(Cl)cc2)cc(Cl)cn1C1CC(O)(CO)C1,中毒,22.081963,18.206211
c1ccc(-c2nc(-c3ccoc3)sc2-c2nc(-c3cn[nH]n3)cs2)cc1,中毒,68.62335,12.572265
c1n[nH]nc1-c1c[nH]c2ncc(C3c4cscc4CN4CCC34)nc12,中毒,6.485864,18.627327
O=c1c(C2NCS(=O)(=O)CC2c2ccc(F)cc2F)c[nH]c2ncc(-c3cn[nH]n3)cc12,中毒,20.48438,32.02433
O=C(O)C1CN(Cc2cc3ccoc3cc2CS(=O)(=O)c2ccccc2)CC1CCOc1cc2nc(=S)[nH]c(-c3ccc4ccsc4c3)c2cc1-c1cn[nH]n1,中毒,11.907669,43.689724
O=C1c2nc(-c3cn[nH]n3)c(-c3ccc(F)cc3)c(-c3ccco3)c2C(c2ccc(Cl)cc2)N1c1cc(Cl)cn(C2CC(O)(CO)C2)c1=O,中毒,67.017,12.110745
O=C1C(C2=C3C=C(c4cn[nH]n4)C=C3CCN(c3cncnc3)C2)=NN1C1CCN(C2CCOCCO2)CC1,中毒,21.650827,16.023859
Oc1c(Cl)cc(-c2ccc3nc(-c4cc[nH]n4)c(-c4cn[nH]n4)c(O)c3c2)cc1Cl,中毒,9.221851,38.116467
OC1(c2c3n(c4cc(F)c(Cl)cc24)Cc2nc(-c4cc5cnccc5nc4OC4CCOCC4)c(-c4cn[nH]n4)nc2-3)CCCOC1,中毒,81.145905,9.114193
Clc1ccc(CN2CCc3cc(-c4cn[nH]n4)cc(-c4cc5ccccc5cc4Cl)c3C2)cc1,中毒,7.590851,35.066654
O=S(=O)(NCCCC1=C(C(F)(F)F)c2c(sc3c4c(oc23)=CC(c2cn[nH]n2)=C4)=C1)c1ccc(Cl)cc1,中毒,47.20036,17.430033
Brc1ccc(C2C3C(=Nc4ccccc4N=C3N3Cc4ccccc4N3)C=CC2C2c3ncc(-c4cn[nH]n4)c2n3)o1,中毒,20.3033,17.15921
O=C1c2cc(-c3cn[nH]n3)n(-c3ccc(Cl)cc3F)c2C(c2ccc(I)cc2F)N1c1cc(Cl)cn(C2CC(O)(CO)C2)c1=O,中毒,12.488247,11.513729
Fc1cc(Cl)ccc1-n1c(-c2cn[nH]n2)cc2c1C(c1ccc(Cl)cc1)N(c1ccc(Cl)cc1)C2c1ccnn1-c1ccc(Cl)cc1,中毒,29.078686,19.36823
c1n[nH]nc1N1CC23CC4CC(CC(C4)C12)C3,高毒,83.72421,20.507908
O=C1c2cc(-c3cn[nH]n3)n(-c3ccc(Cl)cc3C(F)(F)F)c2C(c2ccc(Cl)cc2)N1c1cc(Cl)cn(C2CC(O)(CO)C2)c1=O,中毒,14.882899,11.513729
O=C1c2ccccc3ccc(c2)-n2c(-c4cn[nH]n4)cc-3c2C(c2ccc(Cl)cc2)N1c1cc(Cl)cn(C2CC(O)(CO)C2O)c1=O,中毒,33.737007,14.297296
FC(F)(F)c1cccc(N2CCN(c3nc4sc(-c5cn[nH]n5)nc4c4c3CSC4)CC2)c1,中毒,49.513252,16.667078
O=C1c2cc(-c3cn[nH]n3)nc(-c3csc(C4CC(O)C(O)(CO)C4)c3)c2SC(c2ccco2)N1Cc1ccccc1F,中毒,8.567612,15.046324
O=c1[nH]ccc2c(C#Cc3cc4c(cc3Br)sc3cc(Cl)c(-c5cn[nH]n5)cc34)cncc12,高毒,6.1951647,44.530926
O=c1c(-c2cnon2)nc2c(n1C1CC(O)C(O)C1)-c1cc(-c3cn[nH]n3)c(-c3c(Cl)cccc3Cl)cc1-2,中毒,24.849972,29.796072
FC(F)(F)c1cc2c(c(C(F)(F)F)c1)-c1cc(-c3cn[nH]n3)n(-c3cc(Cl)cc(Cl)c3)c1C2,中毒,7.1057463,36.164425
c1cc2cc(-c3cc(-c4cn[nH]n4)cc4c3CN(c3nc(-c5cnoc5)ns3)C4)cnc2[nH]1,中毒,48.747265,18.073744
O=S(=O)(Nc1ncon1)c1ccc2c(Oc3cc4c(cc3Br)-c3c-4cc(-c4cn[nH]n4)n3-c3ccc(F)cc3)ccc(F)c2c1,中毒,17.445095,19.826305
O=C1c2ccc(Cl)cc3c([nH]n2)C(c2[nH]c(-c4cn[nH]n4)cc2-3)N1c1cc(Cl)cn(C2CC(O)(CO)C2)c1=O,中毒,7.6141915,15.303033
O=C1C2Cc3cc(-c4cn[nH]n4)n(-c4ccc(F)cc4F)c3C(c3ccc(Cl)cc3)N2C=NN1c1ccccc1,中毒,18.346708,20.876442
O=c1c(N2Cc3cc(-c4cn[nH]n4)cc(-c4c(Cl)cccc4Cl)c3C2c2ccccc2)cc(Cl)cn1C1CC(O)(CO)C1,中毒,9.036046,9.912456
O=c1c(N2C(c3ccc(Cl)cc3)c3c(cc(-c4cn[nH]n4)n3-c3ccc(F)cc3F)C2(O)C(F)(F)F)cc(Cl)cn1C1CC(O)(CO)C1,中毒,26.303608,13.503714
O=S(=O)(NC(C1CCC1)C1CCn2cc(-c3cn[nH]n3)cc2C1)c1ccc(Cl)cc1Cl,低毒,2.5800161,18.890038
O=C1C=C2C=C(c3cn[nH]n3)CC(c3cccc(Cl)c3)NC2=C1c1cn(-c2c(Cl)cnc3cc(F)ccc23)c2ncccc12,中毒,11.245262,15.2763405
O=c1c(N2Cc3cc(-c4cn[nH]n4)n(-c4ccc(-c5cncnc5)cc4OCc4ccccc4)c3C2c2ccc(Cl)cc2)cc(Cl)cn1C1CC(O)(CO)C1,中毒,43.309574,12.110745
O=C1c2cc(-c3cn[nH]n3)n(CC(F)(F)F)c2C(c2ccc(Cl)cc2)N1c1cc(Cl)cn(C2CC(O)(CO)C2)c1=O,中毒,19.24008,13.16881
NS(=O)(=O)c1ccc(-n2cc(C(=O)O)c(=O)c3cc(F)c(-c4cn[nH]n4)cc32)cc1,中毒,22.577723,17.438675
N#CC1(n2ccc(C(=O)N3Cc4nc(OC5CCC(F)(F)C5)nc(-c5cn[nH]n5)c4C3)c2F)CCC1,中毒,90.01877,27.339643
OC1(c2ccc(-c3cc4c(c(-c5ccc(Cl)cc5Cl)n3)COc3cc(-c5cn[nH]n5)n(-c5ccc(Cl)cc5)c3-4)cn2)CC2CC2C1,中毒,33.571377,16.862432
O=S1(=O)C(c2ccc(F)cc2F)CC2(c3cc(Cl)ccc3F)c3c(cc(-c4cn[nH]n4)nc3-c3ccnc(-c4cnoc4)c3)C2C12CCOC2,中毒,28.345415,9.114193
Clc1ccc2[nH]cc(-c3cc(-c4cn[nH]n4)cc4c3CN(c3nccc(-c5ccoc5)n3)CC4)c2c1,中毒,8.076571,24.766111
O=C1c2nn(-c3cn[nH]n3)c(-c3ccc(Cl)cc3[N+](=O)[O-])c2C(c2ccc(Cl)cc2)N1c1cc(Cl)cn(C2CC(O)(CO)C2)c1=O,中毒,5.6417933,33.378986
O=C1c2cc(-c3cn[nH]n3)cn2C(c2ccc(Cl)cc2)N1c1cc(Cl)cn(C2CC(O)C(O)C2)c1=O,中毒,24.386412,28.945686
O=S(=O)(c1cn[nH]c1)N1CCc2ccc3c(-c4cn[nH]n4)c(-c4cc(F)cc(F)c4)cnc3c21,中毒,7.5793505,52.89454
c1cc(-c2n[nH]c3cc(-c4cn[nH]n4)ccc23)cc(-c2ccoc2)n1,低毒,18.514397,44.40896
O=c1[nH]cnc2ccc(-c3cn[nH]n3)cc12,高毒,44.535534,139.52081
Clc1ccc(C2(c3ccc(Cl)cc3)Oc3c(cc(-c4cn[nH]n4)cc3-c3c(Cl)cccc3Cl)NC2c2cc3cnccc3s2)cc1,中毒,18.388903,25.077005
O=C1c2cc(-c3cn[nH]n3)oc2C(c2ccco2)N1c1cc(Cl)cn(C2CC(O)(CO)C2)c1=O,中毒,13.362017,18.775484
FC(F)(F)c1cc(-n2cc(C3N=C(NCCc4cc5cc(-c6cn[nH]n6)ccc5o4)CC3c3ccc(Cl)cc3)nn2)ccc1Cl,中毒,19.53631,17.719505
O=c1c(-c2cn[nH]n2)cnc(OCC2CN3CCC2CC3)n1Cc1ccc2c(Cl)cnc(O)c2c1,中毒,13.584995,41.222492
Nc1cc(Cl)ccc1C1c2cc(-c3cn[nH]n3)n(-c3ccc(Cl)cc3)c2C(c2ccc(Cl)cc2)N1c1ccc(Cl)cc1,中毒,29.275309,23.107658
Clc1nc2ccccc2c2c1nnn2CSc1cn[nH]n1,中毒,14.530073,12.529287
O=C1c2nc(-c3cn[nH]n3)n(-c3ccc(Cl)cc3Br)c2C(c2ccc(Cl)cc2)N1c1cc(Cl)cn(C2CC(O)(CO)C2)c1=O,中毒,23.043425,34.717995
O=C1c2cc(-c3cn[nH]n3)n(-c3ccc(COCC4CCOCC4)cc3)c2C(c2ccc(Cl)cc2)N1c1cc(Cl)cn(C2CC(O)(CO)C2)c1=O,中毒,14.882899,13.466203
Clc1ccc(C2c3c(cc(-c4cn[nH]n4)cc3-c3cc(Cl)cc4[nH]ccc34)CC3c4ccc(Cl)cc4N32)cc1,中毒,36.309055,23.96769
O=c1[nH]nc(-c2ccno2)c2ncc(-c3cn[nH]n3)cc12,中毒,13.535357,64.020615
O=C1c2cc(-c3cn[nH]n3)n(-c3nc4cnccc4s3)c2C(c2ccc(Cl)cc2)N1c1cc(Cl)cn(C2CC(O)(CO)C2)c1=O,中毒,14.882899,12.110745
O=c1c2cc(-c3cn[nH]n3)cc3c2c2c4ccsc4c(Cl)cc2n1C3(NCc1ccc(C2C=CCO2)c(Cl)c1)c1ccc(Cl)cc1,中毒,9.053398,24.973734
O=c1c(N2Cc3cc(-c4cn[nH]n4)cc(-c4cn[nH]c4)c32)cc(Cl)cn1C1CC(O)(CO)C1,中毒,18.619787,18.206211
O=C1c2cc(-c3cn[nH]n3)n(-c3ccc(Cl)cc3F)c2C(c2cccnc2)N1c1cc(Cl)cn(C2CC(O)(CO)C2)c1=O,中毒,12.488247,11.513729
O=C1c2cc(-c3cn[nH]n3)c(-c3ccc(Cl)c(Cl)c3)n2C(c2ccc(Cl)cc2)N1c1cc(Cl)cn(C2CC(O)(CO)C2)c1=O,中毒,19.951618,13.503714
O=C1c2cc(-c3cn[nH]n3)n(-c3ccc(F)cc3F)c2C(c2ccc(F)cc2F)N1c1cc(Cl)cn(C2CC(O)(CO)C2)c1=O,中毒,12.488247,11.513729
O=c1c(NC(C2=C3C=C(c4cn[nH]n4)C(=C2c2cc(OC4CCc5ccccc5C4)ccn2)C3)c2ccc(F)cc2)cc(Cl)cn1C1CCC(O)(CO)C1,中毒,9.5269375,13.503714
O=C(O)c1cn(-c2ccc(Cl)cc2)c2cc(-c3cn[nH]n3)c(F)cc2c1=O,中毒,22.577723,13.649303
O=C1c2cc(-c3cn[nH]n3)n(-c3ccc(Cl)cc3-c3ccnc(F)c3)c2C(c2ccc(Cl)cc2)N1c1cc(Cl)cn(C2CC(O)(CF)C2)c1=O,中毒,35.920673,11.513729
O=C1c2cc(-c3cn[nH]n3)n(-c3ccc(F)cc3F)c2C(c2ccc(Cl)cc2)N1c1cc(Cl)cn(CC2CC(O)(CO)C2)c1=O,中毒,12.488247,11.513729
O=C1c2cc(-c3cn[nH]n3)n(-c3cccc(Cl)c3)c2C(c2ccc(Cl)cc2)N1C1=CC(Cl)=CN2C(=N1)C2CC(O)(CO)C1OC(CO)C(O)C1O,中毒,9.915265,22.881025
Fc1ccc(-n2c(-c3cn[nH]n3)nc3c2C(c2ccc(Cl)cc2)N(c2cc(Cl)cc(Cl)c2)C3)c(F)c1,中毒,17.897259,37.237175
O=c1c2ccc(C#CC3COCCO3)cc2ncn1-c1cc(-c2cn[nH]n2)cc2c1[nH]c1ccccc12,低毒,7.9317923,109.3903
O=c1c2c(F)cc(Oc3ccc(-c4nccs4)cc3Cl)cc2c2ccc(-c3cn[nH]n3)cc2n1CCc1c[nH]cn1,中毒,3.0310879,15.554367
O=C1c2cc(-c3cn[nH]n3)n(O)c2C(c2ccc(Cl)cc2)N1c1cc(Cl)cn(C2CC(O)(CO)C2)c1=O,中毒,11.688109,13.466203
O=NN1c2ccc(Cl)c(C3CN(Cc4cccs4)c4cc(-c5cn[nH]n5)cnc43)c2N(CCO)CC1C1CCCCC1,中毒,28.533783,23.633205
O=C1c2cc(-c3cn[nH]n3)n(-c3ccc(F)c(Cl)c3Cl)c2C(c2ccncc2)C(c2ccc(Cl)cc2F)N1c1cc(Cl)cn(C2CC(O)(CO)C2)c1=O,中毒,51.50488,13.503714
O=C1c2cc(-c3cn[nH]n3)n(-c3ccc(F)cc3F)c2C(c2ccc(Cl)cc2)N1c1cc(Cl)cn(C2CC2)c1=O,中毒,17.272402,14.026334
O=C1c2cc(-c3cn[nH]n3)n(-c3ccc(Cl)cc3)c2C(c2ccc(Cl)cc2)N1c1cc(Cl)cn(C2CC(I)(CO)C2)c1=O,中毒,31.338547,11.513729
OC1CC2=NC(c3cn[nH]n3)=CC2=C(c2nc3cnc(-c4cnn(C5CC5)c4)cc3s2)C1O,中毒,75.33187,16.844027
O=C1c2cc(-c3cn[nH]n3)n(-c3cc(Cl)cc(Cl)c3)c2C(c2cccnc2)N1c1cc(Cl)cn(C2CC(O)(CO)C2)c1=O,中毒,14.882899,11.513729
Fc1ccc(-n2cc(CN3CCN(c4cncc(C#Cc5ccc(-c6cn[nH]n6)cc5)c4)CC3)nn2)cc1,中毒,4.7997637,32.3591
O=c1c(N2C=Cc3cc(-c4cn[nH]n4)n(-c4ccc(Cl)nc4Oc4ccc(Cl)cc4F)c3C2c2ccc(Cl)cc2)cc(Cl)cn1C1CC(O)(CO)C1,中毒,51.50488,28.945686
OC1(Cn2cncn2)CCC(NN2Cc3cc(-c4cn[nH]n4)c(-c4ccc(Cl)cc4)n3C2c2ccc(Cl)cc2)C1,中毒,12.356374,15.605412
Clc1ccc(C2c3c(cc(-c4cn[nH]n4)cc3-c3c(Cl)cccc3Cl)CN2c2cc(Cl)co2)cc1,中毒,28.869543,33.463028
O=C(O)C(F)(c1ccc2c3c1Cc1nc(Nc4cn[nH]n4)sc1CN(Cc1cc(Cl)c(Cl)cc1F)C(C2)C3)C(F)(F)F,中毒,7.2428865,41.57234
O=c1c(C(=S)N2CCC(c3ccoc3)CC2)c[nH]c2ncc(-c3cn[nH]n3)cc12,中毒,10.369926,146.8458
O=C1c2cc(-c3cn[nH]n3)n(-c3ccc(F)cc3F)c2C(c2ccc3c(c2)OCO3)N1c1cc(Cl)cn(C2CC(O)(CO)C2)c1=O,中毒,12.488247,13.466203
O=c1sc2c(n1-c1nc(-c3ccccc3)c(-c3ccccc3F)s1)CCC(c1cn[nH]n1)C2c1ccc(Cl)cc1,中毒,38.431637,18.388681
O=C1c2cc(-c3cn[nH]n3)n(-c3ccc(Cl)cc3F)c2C(c2ccc(Cl)c(Cl)c2)N1c1cc(Cl)cn(C2CC(O)(CO)C2)c1=O,中毒,15.540574,11.513729
O=S(=O)(c1cc(Cl)cc(Cl)c1)N1CCCc2c(cc(-c3cn[nH]n3)cc2-c2ccnc(C(O)CO)c2)C1,中毒,13.650195,54.210365
Clc1cccc(C2c3[nH]c(-c4cn[nH]n4)cc3N2c2ccc(Br)cc2)c1,低毒,21.582905,59.141075
O=C1C(c2cn[nH]n2)Cc2cc([N+](=O)[O-])cc(Br)c2N1c1ccnc2[nH]ccc12,中毒,6.2153554,54.907032
O=C1c2cc(-c3cn[nH]n3)n(-c3ccc(Cl)cc3)c2-c2sc(Cl)c(Br)c21,中毒,17.308577,14.01208
O=C1c2cc(-c3cn[nH]n3)n(-c3c(Cl)cccc3Cl)c2C(c2ccco2)N1c1ccc(Cl)c(C2CCCO2)c1,中毒,12.1550665,15.502344
O=C1c2cc(-c3cn[nH]n3)n(-c3ccc(Cl)cc3C(F)(F)F)c2C(c2ccc(Cl)cc2)N1c1cc(Cl)cn(C2CC(O)C(O)C2)c1=O,中毒,14.882899,11.513729
Fc1ccc(Oc2ccc(OC3CCn4nc(-c5cn[nH]n5)cc4C3)c(Cl)c2)c(Oc2cccnc2)c1,中毒,22.23548,29.24474
O=C1c2nc(-c3cn[nH]n3)n(-c3cc(F)c(F)cc3F)c2C(c2ccc(Cl)cc2)N1c1cc(Cl)cn(C2CC(O)(CO)C2)c1=O,中毒,24.818281,34.717995
Clc1cccc(Cl)c1-c1cc(-c2cn[nH]n2)cc2c1C1(CCNCC1)C2,中毒,19.769783,121.01833
O=C1c2cc(-c3cn[nH]n3)n(-c3ccc(Cl)cc3)c2C(c2ccc(Cl)cc2)N1c1cc(Cl)cn(C2CCC(O)C2)c1=O,中毒,31.338547,11.513729
O=C1c2cc(-c3cn[nH]n3)n(-c3ccc(F)cc3Br)c2C(c2ccc(Cl)cc2)N1c1cc(Cl)cn(C2CC(O)(CO)C2)c1=O,中毒,14.882899,11.513729
[O-][S+]1Cc2nc(-c3cn[nH]n3)c(C3=NCCc4ccc(Cl)cc43)c(-c3c(Cl)cccc3Cl)c2C1,中毒,11.008974,12.687248
Fc1ccc(-c2[nH]nnc2-c2cnc3[nH]cc(-c4cn[nH]n4)c3c2)c(C(F)(F)F)c1,中毒,3.8691616,20.957472
O=c1c(N2Cc3cc4[nH]nc(-c5cn[nH]n5)c4cc3C2)cc(Cl)cn1C(CO)c1ccc(C(F)(F)F)cc1,中毒,7.3651733,28.20462
O=C(c1csnn1)N1CCC(n2cc(-c3cccnc3)c3c(-c4cn[nH]n4)cc(Nc4ccc(I)cc4F)nc32)CC1,中毒,22.262125,41.109486
Fc1cc(N2c3cc(-c4cn[nH]n4)nn3C2c2ccc(Cl)cc2)cc(F)c1N1CCNCC1,中毒,8.34451,15.747392
Oc1ccc(-c2ncsc2-c2onc(-c3cn[nH]n3)c2C(O)(c2ccc(O)cc2)c2c[nH]cn2)cc1,中毒,18.37982,19.032093
C1=NC(c2ccnc(N3CCN(Cc4ccccn4)C3)c2)=C2C(c3cc(-c4cn[nH]n4)cs3)=CN=C12,中毒,28.705706,25.351505
O=C1c2cc(-c3cn[nH]n3)n(-c3ccc(F)cc3F)c2C(c2ccc(Cl)cc2F)N1c1cc(Cl)cn(C2CC(O)(CO)C2)c1=O,中毒,12.488247,11.513729
O=c1c(N2Cc3cc(-c4cn[nH]n4)cc(-c4ccc(S(=O)(=O)N5CCOCC5)s4)c3C2c2ccc(Cl)cc2)cc(Cl)cn1C1CC(O)(CO)C1,低毒,26.797838,16.862432
O=C1C(c2cn[nH]n2)=C(c2ccn(-c3ccccc3)n2)c2scc[n+]21,中毒,78.05556,53.525127
O=c1c2cc(Cl)cn1C1CC(O)(CO)CCN2C(c2ccc(Cl)cc2F)c2c3cc(-c4cn[nH]n4)cc-3c(=O)n(-c3ccc(F)cc3)c(=O)n21,中毒,32.17651,13.503714
Brc1ccc(OC2CC2N2CCC3(c4cc(-c5cn[nH]n5)no4)CCC2C3)cc1,高毒,20.621334,29.862959
O=C(c1ccc2c(F)c[nH]c2c1)N1CCC(Nc2cn[nH]n2)C1,高毒,132.3425,19.43242
S=c1c2sc3ccccc3c2nc(CNCc2ccncc2)n1-c1cn[nH]n1,中毒,14.497656,99.305
O=c1c(N2Cc3cc(-c4cn[nH]n4)cc(-c4c(Cl)cccc4Cl)c3C2(c2ccc(Cl)cc2)c2ccc(Cl)cc2Cl)cc(Cl)cn1C1CC(O)(CO)C1,中毒,9.166516,9.912456
O=C1c2cc(-c3cn[nH]n3)n(-c3ccc(Cl)cc3F)c2C(c2ccc(Cl)cc2)N1c1cc(Cl)cc(Cl)c1,中毒,17.272402,23.107658
O=C1c2cc(-c3cn[nH]n3)n(-c3ccc(Oc4cccc(Cl)c4F)cc3Cl)c2C(c2ccc(Cl)cc2)N1c1cc(Cl)cn(C2CC(O)(CO)C2)c1=O,中毒,51.50488,11.513729
Fc1cc(F)cc(Nc2nc(-c3oc(C4CC4)cc3Nc3cn[nH]n3)cs2)c1,中毒,32.73952,16.35344
O=c1c(N2Cc3cc(-c4cn[nH]n4)cc(-c4c(F)cccc4F)c3C(c3ccc(Cl)cc3)C2c2ccc(Cl)cc2)cc(Cl)cn1C1CC(O)C(O)C1,中毒,15.809174,16.947666
Clc1cccc(Cl)c1-c1cc(-c2cn[nH]n2)cc2c1CCN(Cc1ncc(Br)cn1)C2,中毒,14.553352,43.22033
O=C1c2cc(-c3cn[nH]n3)n(-c3ncc(Cl)cc3Cl)c2C(c2ccc(Cl)cc2)N1c1cc(Cl)cn(C2CC(O)(CO)C2)c1=O,中毒,18.205946,11.513729
O=C1c2cc(-c3cn[nH]n3)n(-c3ccc(F)cc3F)c2C(c2ccc(Cl)cc2)N1c1cc(Cl)cn(C2OC(CO)C(O)C(O)C2O)c1=O,中毒,12.488247,13.503714
O=C1c2sc(-c3cn[nH]n3)c(-c3nc4ccncc4s3)c2C(c2cscn2)N1c1cc(Cl)cn(C2CC(O)C(O)C2)c1=O,中毒,45.389744,13.503714
O=C1C(c2ccnc(Cl)c2)=C(C2CCN(S(=O)(=O)c3ccc(OC(F)(F)F)nc3Cl)CC2)N1c1cn[nH]n1,中毒,11.119667,22.273487
O=C1c2cc(-c3cn[nH]n3)n(-c3ccc(F)cc3F)c2C(c2ccc(Cl)cc2)N1C1=CC(Cl)=CN2CC2=C1,中毒,15.856074,21.729755
c1n[nH]nc1-c1csc(Nc2nc(C3CCOCC3)nc3c2CN(C2COC4CC42)C3)n1,中毒,29.440853,12.34742
O=C(c1cc(-c2cc(F)c(O)c(Br)c2)c2c(-c3cn[nH]n3)n[nH]c2c1)N(C1CC1)C1CC(O)C(O)C1,中毒,22.2266,20.855566
O=C1c2cc(-c3cn[nH]n3)n(-c3ccc(F)cc3F)c2C(c2ccc(Cl)cc2)N1c1cc(Cl)cn(C2CC(CO)(OO)C2)c1=O,中毒,12.488247,21.325836
O=C1c2nc(-c3cn[nH]n3)n(-c3cc(Cl)c(Cl)cc3F)c2C(c2ccc(Cl)cc2)N1c1cc(Cl)cn(C2CC(O)(CO)C2)c1=O,中毒,24.818281,34.717995
Clc1cc2c(cn1)C(N1Cc3cc(-c4cn[nH]n4)cc(-c4c(Cl)cccc4Cl)c3C1)c1ncncc1CC2,中毒,75.6806,20.457937
O=C1c2cc(-c3cn[nH]n3)n(-c3ccc(N4CCNCC4)cc3)c2C(c2ccc(Cl)cc2)N1c1cc(Cl)cn(C2CC(O)(CO)C2O)c1=O,中毒,14.882899,11.513729
Fc1ccc(C2CCN(C3=C(c4cn[nH]n4)C(c4cn[nH]c4)=C=Cc4cnc(-n5ccnc5)nc43)CC2)c(F)c1,中毒,5.8420115,21.282223
O=c1c(Cl)cc(N2C3=NC3(C(F)F)Cc3cc(-c4cn[nH]n4)n(-c4ccc(Cl)cc4F)c3C2c2ccc(Cl)cc2)cn1C1CC(F)(F)C1,中毒,21.947083,17.334517
OC1COC(c2cc(CN3CCCc4nc(-c5cn[nH]n5)cn4C3)ncn2)C1,中毒,92.47253,78.4175
O=C(CCNc1ccccc1-c1cc2c(cc1-c1cn[nH]n1)-c1c(F)cc(F)cc1-2)c1ccoc1,中毒,35.933945,38.32405
c1nc(N2CC3CNC3C2)c(-c2ccc3ncc(-c4cnoc4)nc3c2)cc1-c1cn[nH]n1,中毒,62.85573,53.075363
O=C1c2c(nc3nc(I)nc(F)c3c2Nc2cn[nH]n2)CC(c2ccc(Cl)cc2)N1c1cc(Cl)cn(C2CC(O)(CO)C2)c1=O,中毒,39.425797,13.503714
O=C1c2cc(-c3cn[nH]n3)c(-c3ccc(Cl)cc3)cc2N1c1cc(Cl)cn(C2CC(O)(CO)C2)c1=O,中毒,18.619787,11.733231
O=c1c(N2Cc3cc(-c4cn[nH]n4)n(-c4ccc(Cl)c(Cl)c4)c3C2c2ccc(Cl)cc2)cc(Cl)cn1C1CC(O)(CO)C1,中毒,19.24008,11.513729
O=C1c2cc(-c3cn[nH]n3)n(-c3ccc(F)cc3F)c2C(c2ccc(Cl)cc2Cl)N1c1cc(Cl)cn(C2CC(O)C(O)C2)c1=O,中毒,15.540574,11.513729
O=C1c2snc(-c3cn[nH]n3)c2C(c2ccsc2)C(c2ccccc2)N1c1cc(Cl)cn(C2CC(O)(CO)C2)c1=O,中毒,41.769672,16.230408
O=C1c2nc(-c3cn[nH]n3)n(-c3cccc(Cl)c3)c2C(c2ccc(C(F)(F)F)cc2)N1c1cc(Cl)cn(C2CC(O)(CO)C2)c1=O,中毒,23.043425,34.717995
O=c1c(N2Cc3nc(-c4cn[nH]n4)n(-c4cccc(Cl)c4Cl)c3C2c2ccc(Cl)cc2Cl)cc(Cl)cn1C1CC(O)(CO)C1,中毒,18.215044,13.466203
O=c1c(N2C(c3ccc(Cl)cc3)c3c(-c4ccc(Cl)cc4)cc(-c4cn[nH]n4)cc3P2(=O)O)cc(Cl)cn1C1CC(O)(CO)C1,中毒,26.553892,11.513729
c1cc2oc(-c3cnc4sc(-c5cn[nH]n5)cn34)cc2s1,低毒,53.488262,22.687857
O=C1c2cc(-c3cn[nH]n3)n(-c3ccc(Cl)cc3F)c2C(c2ccc(Cl)c(F)c2)N1c1cc(Cl)cn(C2CC(O)(CO)C2)c1=O,中毒,12.488247,11.513729
O=C1c2cc(-c3cn[nH]n3)n(-c3cccnc3)c2C(c2ccc(Cl)cc2)N1c1cc(Cl)cn(C2CC(O)(CO)C2)c1=O,中毒,14.882899,11.513729
Clc1ccc(N2c3nc(OC4=CC=C(N5Cc6cc(-c7cn[nH]n7)oc6C5)C4)ncc3C=C3CCOC3=CC=C3CC32)cc1Cl,中毒,29.866762,19.91993
O=c1c(N2Cc3cc(-c4cn[nH]n4)cc(-c4c(Cl)cccc4Cl)c32)cc(Cl)cn1C1CC(O)(CO)C1,中毒,18.619787,18.206211
O=c1c(N2Cc3cc(-c4cn[nH]n4)c(-c4ccsc4)cc32)cc(Cl)cn1C1CC(O)C(O)C1,中毒,38.74793,11.675482
O=C1c2c(sc3ncccc3c2=O)CN1c1cnn(-c2cn[nH]n2)c1,中毒,4.922739,26.982748
O=C1c2nc(-c3cn[nH]n3)nc(Nc3ccc(Cl)c(Cl)c3)c2C(c2cccc(Cl)c2)N1c1cc(Cl)cn(C2CC(O)(CO)C2)c1=O,中毒,16.880064,13.466203
Clc1cccc(Cl)c1Oc1nc(Nc2ccc3ncsc3c2)nc2c1ccc1cc(-c3cn[nH]n3)sc12,中毒,8.681034,12.921651
O=c1c(N2Cc3cc(-c4cn[nH]n4)cc(-c4c(Cl)cccc4Cl)c3CS2(c2ccc(Cl)cc2)c2ccc(Cl)cc2)cc(Cl)cn1C1CC(O)(CO)C1,中毒,9.718621,17.404646
c1cc(-n2nccc2-c2cc(-c3ncon3)nc3cc(-c4cn[nH]n4)ccc23)ncn1,中毒,18.533949,135.18121
O=C1c2cc(-c3cn[nH]n3)nc(SCc3cccnc3)c2C(c2ccc(Cl)cc2)N1c1cc(Cl)cn(C2CC(O)(CO)C2)c1=O,中毒,7.8529835,12.110745
O=C1c2cc(-c3cn[nH]n3)n(-c3ccc(Cl)cc3)c2C(c2ccc(Cl)cc2Cl)N1c1cc(Cl)cn(C2CC(O)(CO)C2)c1=O,中毒,15.540574,11.513729
O=C1c2cc(-c3cn[nH]n3)n(-c3ccc(C(F)(F)P(=O)(O)O)cc3F)c2C(c2ccc(Cl)cc2)N1c1cc(Cl)cn(C2CC(O)(CO)C2)c1=O,中毒,12.488247,13.503714
O=C1c2cc(-c3cn[nH]n3)n(-c3ccc(F)cc3F)c2C(c2ccc(Cl)s2)N1c1cc(Cl)cn(C2CC(O)(CO)C2)c1=O,中毒,13.346145,11.513729
O=C1c2nc(-c3cn[nH]n3)n(-c3cc(Cl)cc(Cl)c3)c2C(c2ccc(Cl)cc2)N1c1cc(Cl)cn(C2CC(O)(CO)C2)c1=O,中毒,23.043425,34.717995
O=C(O)c1c(NC23CC4CC(CC(C4)C2)C3)c2nc(Cl)c(F)n2c2cc(-c3cn[nH]n3)c(F)cc2c1=O,中毒,20.812178,35.945618
O=C1c2cc(-c3cn[nH]n3)n(-c3ccc(F)cc3F)c2C(c2ccc(Cl)cc2)N1c1cc(Cl)cn(C2CC([O-])(O)C2)c1=O,中毒,25.244574,11.513729
O=C1c2nc(-c3cn[nH]n3)n(-c3ccc(Cl)cc3F)c2C(C(F)(F)F)N1c1cc(Cl)cn(C2CC(O)(CO)C2)c1=O,中毒,32.400055,33.968105
O=C1c2nc(-c3cn[nH]n3)n(-c3ccc(Oc4ccccc4)cc3)c2C(c2ccc(Cl)cc2)N1c1cc(Cl)cn(C2CC(O)(CO)C2)c1=O,中毒,23.043425,34.717995
O=C1c2cc(-c3cn[nH]n3)c(C3CC3)cc2N1c1cc(Cl)cn(C2CC(O)(CO)C2)c1=O,中毒,27.231516,19.23925
NC(=O)C1(c2ccc(Cl)cc2)c2c(cc(-c3cn[nH]n3)n2-c2ccc(F)cc2F)CN1c1cc(Cl)cn(C2CC(O)(CO)C2)c1=O,中毒,23.909687,13.503714
Clc1cccc(Cc2c(-c3cncc(-c4cscn4)c3)cnc3[nH]cc(-c4cn[nH]n4)c23)c1,中毒,13.508738,54.406155
O=c1c(N2Cc3cc(-c4cn[nH]n4)cc(-c4cn(CC#Cc5nnco5)nn4)c3C2c2ccc(F)cc2F)cc(Cl)cn1C1CC(O)(CO)C1,中毒,12.808037,8.300397
O=C1c2cc(-c3cn[nH]n3)n(-c3ccc(Cl)cc3)c2S(=O)(=O)C(c2ccc(Cl)cc2)N1c1cc(Cl)cn(C2CC(O)(CO)C2)c1=O,中毒,7.1121993,13.466203
Cn1cc(N2C(=O)c3cc(-c4cn[nH]n4)n(-c4cc(F)cc(F)c4)c3C2c2ccc(Cl)cc2)cc(Cl)c1=O,中毒,22.121504,15.904917
O=c1c2c3ccc4ncc(Br)c-4c(F)c(c-2n1-c1cccc(Cl)c1)C(c1cccc(Cl)c1)c1c-3n[nH]c1Cc1cn[nH]n1,中毒,4.796863,18.407345
N#Cc1ccc(C2c3cc(-c4cn[nH]n4)n(-c4cc(F)c(F)c(F)c4)c3C(c3ccc(F)cc3)N2c2cc3n(n2)CCCC3)cc1,中毒,29.275309,22.860353
O=C1c2cc(-c3cn[nH]n3)n(C3CCN(Cc4nc5cnccc5s4)CC3)c2C(c2ccc(Cl)cc2)N1c1cc(Cl)cn(C2CC(O)(CO)C2)c1=O,中毒,19.24008,13.503714
OC1CCC(Nc2cc3cc(-c4cn[nH]n4)ccc3nc2Nc2cnn(-c3ccccc3C(F)(F)F)c2)C1,中毒,8.853944,34.526123
Fc1cc2nc(-c3cn[nH]n3)c(-c3cnco3)c(OCc3ccc(Cl)c(F)c3)c2cc1F,中毒,3.753824,28.51323
O=C1c2nc(-c3cn[nH]n3)nc(NCc3ccc(Cl)c(Cl)c3)c2C(c2ccc(Cl)cc2)N1c1cc(Cl)cn(C2CC(O)(CO)C2)c1=O,中毒,44.58338,13.466203
FC1=CC=C2OC(c3ccc(F)cc3F)=C(C(F)(F)F)C(c3ccc(Cl)cc3)C(=C1)C21c2cnccc2CN1Cc1cn[nH]n1,中毒,18.339478,10.482446
O=C1c2cc(-c3cn[nH]n3)cc(-c3c(Cl)cc(Cl)cc3Cl)c2CC(c2ccc(Cl)cc2)N1c1cc(Cl)cn(C2CC(O)(CO)C2)c1=O,中毒,22.081963,19.79431
O=C1c2cc(-c3cn[nH]n3)n(-c3ccc(Br)cc3)c2C(c2ccc(Br)cc2)N1c1cc(Cl)cn(C2CC(O)C(O)C2)c1=O,中毒,18.205946,11.513729
O=C1c2cc(-c3cn[nH]n3)cc(-c3c(Cl)cccc3Cl)c2CC(c2ccc(Cl)cc2)N1c1cc(Cl)cn(C2CC(O)C(O)C2)c1=O,中毒,22.081963,19.79431
O=S(=O)(c1ccc(F)cn1)C1(c2cc(COc3c(F)cccc3F)ccc2Cl)CC=C(c2cn[nH]n2)C1,中毒,11.195283,12.680216
O=C1c2cc(-c3cn[nH]n3)n(-c3ccc(Cl)cc3)c2N1c1cc(Cl)cn(C2CC(O)(CO)C2)c1=O,中毒,23.68336,15.303033
O=C1c2cc(-c3cn[nH]n3)n(-c3ccc(Cl)cc3Cl)c2C(c2ccc3c(c2)OCO3)N1c1cc(Cl)cn(C2CC(O)(CO)C2)c1=O,中毒,18.205946,13.466203
O=c1c(N2Cc3cc(-c4cn[nH]n4)n(-c4ccc(Cl)cc4)c3C2c2ccc(Br)cc2)cc(Cl)cn1C1CC(O)(CO)C1,中毒,19.24008,11.513729
O=C1c2cc(-c3cn[nH]n3)n(-c3ccc(Cl)cc3Cl)c2C(c2ccc(Cl)cc2)N1c1cc(Cl)cn(C2CC(F)(F)C2O)c1=O,中毒,36.175117,11.513729
O=C1c2nc(-c3cn[nH]n3)cc(-c3cc(Cl)ccc3Cl)c2C(c2ccc(Cl)cc2Cl)N1c1cc(Cl)cn(C2CC(O)(CO)C2)c1=O,中毒,27.185892,12.110745
Clc1ccc2nc(N3CCN(c4ncc(-c5cn[nH]n5)cc4Br)CC3)c(OC3CC3)nc2c1,中毒,11.550105,88.0194
Clc1cccc(Cl)c1-c1cc(-c2cn[nH]n2)cc2c1CSC2,中毒,18.806551,37.386982
O=C1c2nc(-c3cn[nH]n3)sc2C2(CC(F)(F)C2)C(c2ccc(Cl)cc2)N1c1cc(Cl)cn(C2CC(O)(CO)C2)c1=O,中毒,36.83937,16.862432
O=C1N(c2cc(Cl)cn(C3CC(O)(CO)C3)c2=O)C(c2ccc(Cl)cc2F)c2c(-c3ccnn3-c3ccc(Cl)cc3F)c(-c3cn[nH]n3)cn21,中毒,16.880064,13.466203
O=C1Cc2cc(-c3cn[nH]n3)n(-c3ccc(F)cc3F)c2C(c2ccc(Cl)cc2)N1c1cc(Cl)cn(C2CC(O)(CO)C2)c1=O,中毒,15.763229,47.68054
O=c1c(N2Cc3cc(-c4cn[nH]n4)c(-c4ccc(S(=O)(=O)N5CCCC5)c(F)c4)n3C2c2ccc(Cl)cc2)cc(Cl)cn1C1CC(O)(CO)C1,中毒,12.4398365,13.503714
Clc1ccc2sc(C(Oc3cc4onc(-c5cn[nH]n5)c4cc3-c3cnc4[nH]ccc4c3)C3CCOCC3)cc2c1,中毒,32.00514,15.883963
O=c1c(N2CCc3cc(-c4cn[nH]n4)n(-c4ccc(F)cc4F)c3C2c2ccc3c(c2)OCO3)cc(Cl)cn1C1CC(O)(CO)C1,中毒,15.763229,13.466203
O=C1c2cc(-c3cn[nH]n3)n(-c3ccc(Cl)cc3Cl)c2C(c2ccc(Cl)cc2)N1c1cc(Cl)c(=O)n(C2CC(O)C(O)C2)c1,中毒,18.205946,13.213944
O=C1c2cc(-c3cn[nH]n3)n(C(c3ccc(Cl)c(Cl)c3)C3CC3)c2C(c2ccc(Cl)cc2Cl)N1c1cc(Cl)cn(C2CC(O)(CO)C2)c1=O,中毒,36.83937,13.503714
Fc1ccc(Nc2cc(-c3nc(-c4cn[nH]n4)cs3)c(-c3cnc4ccsc4c3)s2)cc1Cl,中毒,37.770954,20.2871
O=S(=O)(Nc1ncns1)c1ccc(Oc2cc(F)c(-c3cn[nH]n3)c(F)c2)s1,低毒,8.625572,10.0963125
O=c1c(N2C(O)c3cc(-c4cn[nH]n4)n(-c4ccc(Cl)cc4C4CC4)c3C2c2ccc(Cl)cc2)cc(Cl)cn1C1CC(O)(CO)C1,中毒,26.991571,12.110745
O=C1C(COC2OC(CO)C(O)C(O)C2O)N1CC1C2CN1C=C(Cl)C=C2N1Cc2cc(-c3cn[nH]n3)c(N3CCOCC3)nc2C1c1ccc(Cl)cc1,中毒,61.183903,18.318035
O=C1c2cc(-c3cn[nH]n3)n(-c3ccc(F)cc3)c2C(c2ccc(Cl)cc2)N1c1csc(Cl)c1,中毒,26.137346,23.107658
c1n[nH]nc1-c1csc(-c2cc3[nH]nc(-c4nonc4N4CCC5(CNC5)C4)c3c(NC3CCOC3)n2)n1,中毒,10.779698,20.457403
NC(=O)c1nc(SSc2c3cc(-c4cn[nH]n4)cc-3c3c(nc2-c2ccc(Cl)cc2)CC(C(F)(F)F)CC3=O)c(Br)c2[nH]cnc12,中毒,42.274593,15.423365
O=c1c(N2Cc3nc(-c4cn[nH]n4)n(-c4ccc(Cl)cc4Cl)c3C2c2ccc(Cl)cc2)nc(Cl)cn1C1CC(O)(CO)C1,中毒,14.932589,13.466203
FC(F)(F)c1cc(C2CNC(N3Cc4nc(-c5cn[nH]n5)nc(C(F)(F)F)c4C3)C2)ccc1Cl,中毒,29.075293,28.190641
O=c1c(N2Cc3cc(-c4cn[nH]n4)cc(S(=O)(=O)c4cccs4)c3C2)cc(Cl)cn1C1CC(O)(CO)C1,中毒,13.100741,28.196995
O=C1c2cc(-c3cn[nH]n3)n(-c3ccc(Cl)cc3F)c2C(c2ccc(Cl)cc2)N1c1cc(Cl)cn(C2CS(=O)(=O)C2)c1=O,中毒,17.272402,14.026334
O=S1(=O)Cc2cc(-c3cn[nH]n3)c(-c3cc(Cl)cc(Cl)c3)nc2C1,中毒,10.106802,46.682198
O=c1c2ccc(-c3cc4cc[nH]c4cc3Cl)cc2nc(-c2cn[nH]n2)n1OCc1ccc(-c2ccc(C(F)(F)F)cc2)cc1,中毒,86.64094,41.601322
O=C1C2=CC=C(Cl)C=Cc3cc(-c4cn[nH]n4)n(-c4ccc(Cl)cn4)c3C2N2C(=O)C2=CC(Cl)=CN1C1CC(O)(CO)C1,中毒,34.276672,16.023859
Clc1ccc(C2c3cc(-c4cn[nH]n4)sc3C(c3cccs3)N2c2ccc(Cl)cc2)cc1,中毒,5.7373867,18.478477
O=C1c2cc(-c3cn[nH]n3)c(-c3cc(Cl)ccc3Cl)n2C(c2ccc(Cl)cc2)N1c1cc(Cl)cn(C2CC(O)(CO)C2)c1=O,中毒,19.951618,13.503714
O=C1c2cc(-c3cn[nH]n3)n(-c3ccc(Cl)c(Cl)c3)c2C(c2ccccc2)NN1c1cc(Cl)cn(C2CC(O)(CO)C2)c1=O,中毒,12.488247,12.110745
Fc1c(-c2ncnc3cc(Br)c(-c4cn[nH]n4)cc23)cnc2ccc(-c3cnsc3)cc12,中毒,7.6629663,16.517525
O=C1c2cc(-c3cn[nH]n3)sc2CN(c2cnc3cccnc3c2)C(c2ccc(Cl)cc2)N1c1cc(Cl)cn(C2CC(O)(CO)C2)c1=O,中毒,7.220436,9.719319
O=C1c2cc(-c3cn[nH]n3)n(-c3ccc(Cl)cc3F)c2C(c2ccc(Cl)cn2)N1c1cc(Cl)cn(C2CC(O)(CO)C2)c1=O,中毒,24.817047,12.110745
O=S1(=O)CCC2(CN(c3ccc(-c4cc(F)cn5c(F)ccc45)nc3)c3cc(-c4cn[nH]n4)sc32)C1,中毒,83.891685,40.996944
NC1CC(Oc2cc3ncnc(-c4cnc(Nc5cccnc5)nc4)c3cc2-c2cn[nH]n2)C(Nc2nccs2)CC1OC1CCNC1,中毒,3.994356,85.08037
O=C1c2cc(-c3cn[nH]n3)n(O)c2C(c2ccc(Cl)cc2C(F)(F)F)N1c1cc(Cl)cn(C2CC(O)(CO)C2)c1=O,中毒,11.688109,13.503714
O=C1c2cc(-c3cn[nH]n3)n(-c3cc(Cl)cc(Cl)c3)c2C(c2ccc(Cl)cc2)N1c1cc(Cl)cn(C2CC(F)(F)C2)c1=O,中毒,22.035963,14.026334
O=C1c2cc(-c3cn[nH]n3)n(-c3cccc4ccccc34)c2C(c2ccc(Cl)cc2)N1c1cc(Cl)cn(C2CC(O)(CO)C2)c1=O,中毒,14.882899,11.513729
O=C1c2cc(-c3cn[nH]n3)n(-c3ccc(Oc4ccccn4)nc3)c2C(c2ccc(Cl)cc2)N1c1cc(Cl)cn(C2CC(O)(CO)C2)c1=O,中毒,38.99518,11.513729
Fc1ccc(-n2c(-c3cn[nH]n3)cc3c2C(c2ccc(Cl)cc2)N(c2ccc(Cl)c(Cl)c2)C2C4=CC(Cl)=CC(Cl)=C2C(C3)N4)c(F)c1,中毒,17.272402,19.648664
O=c1c(N2C(c3ccc(Cl)cc3)(C3CC3)Cn3nc(-c4cn[nH]n4)cc3OP2(=O)O)cc(Cl)cn1C1CC(O)(CO)C1,中毒,10.59038,11.513729
O=C1C(=O)c2c(nc(-c3ccsc3)n2-c2ccccc2)C=C1c1cn[nH]n1,中毒,32.14514,47.782078
O=C1c2cc(-c3cn[nH]n3)n(-c3cnc(Br)c(F)c3F)c2C(c2ccncc2)N1c1cc(Cl)cn(C2CC(O)(CO)C2)c1=O,中毒,23.909687,11.513729
FC(F)COc1ccc2ncc(-c3cc(-c4cn[nH]n4)cc4c3CN(C3CCNC3)CC4)cc2c1,中毒,9.617872,23.848122
O=C1c2cc(-c3cn[nH]n3)n(-c3ccc(Cl)cc3Cl)c2C(c2cccc(Cl)c2)N1c1cc(Cl)cn(C2CC(O)(CO)C2)c1=O,中毒,18.205946,11.513729
O=C1c2cc(-c3cn[nH]n3)n(-c3ccc(F)cc3F)c2C(c2ccc(Cl)cc2)N1c1cc(Cl)cn(C2CCC(O)(CO)C2)c1=O,中毒,12.488247,11.513729
O=C1c2cc(-c3cn[nH]n3)n(-c3ccc(Cl)cc3)c2SC(c2ccc(Cl)cc2)N1c1cc(Cl)cn(C2CC(O)(CO)C2)c1=O,中毒,5.9372888,13.526629
O=C1C2CCc3cc(-c4cn[nH]n4)n(-c4ccc(Cl)cc4Cl)c3C(c3ccc(Cl)cc3)N1c1cc(Cl)cn2c1=O,中毒,29.275309,14.3937645
O=c1c2cc(-c3cccnc3)cnc2nc(-c2cn[nH]n2)n1-c1ccc(N2CC3CNC3C2)c(OCC2CC2)c1,中毒,81.44005,71.31878
O=c1[nH]c2ccc(Br)cc2cc1C1NC(c2ccoc2)=CC(c2cn[nH]n2)CC1NCC1CC2CCC(C1)N2Cc1ccc2c(c1)OCO2,中毒,14.988433,33.931576
N#Cc1cccc(C2c3cc(-c4cn[nH]n4)n(-c4ccc(F)cc4F)c3C(c3ccc(Cl)cc3)N2c2ccc(Cl)cc2)c1,中毒,21.327534,23.107658
O=C1c2cc(-c3cn[nH]n3)n(-c3ccc(Br)cc3)c2C(c2ccc(Cl)cc2)N1c1cc(Cl)cn(C2CC(O)(CO)C2)c1=O,中毒,18.205946,11.513729
O=c1c2cc(Br)c(O)cc2c(-c2cn[nH]n2)cc2sc(-c3ccncc3F)c(-c3ccncc3F)c12,中毒,15.180292,18.289413
NCC1(O)CC(n2cc(Cl)cc(N3C(=O)c4cc(-c5cn[nH]n5)n(-c5c(Cl)cc(Cl)cc5Cl)c4C3c3ccc(Cl)cc3Cl)c2=O)C1,中毒,29.54402,11.513729
Fc1cccc(F)c1Nc1nc(-c2cn[nH]n2)nc2c1C(c1cccc(Cl)c1F)N(c1cc(C(F)(F)F)cc(C(F)(F)F)c1)C2c1ccc(Cl)cc1,中毒,8.8119135,19.47019
[O-][N+]1=C(c2ccoc2)Cc2c(cc(-c3cn[nH]n3)cc2-c2c(Cl)cccc2Cl)C1,中毒,57.252537,161.52945
O=C1c2cc(-c3cn[nH]n3)n(-c3ccc4oc5ccccc5c4c3)c2C(c2ccc(Cl)cc2)N1c1cc(Cl)cn(C2CC(O)(CO)C2)c1=O,中毒,12.488247,11.513729
O=C1c2nc(-c3cn[nH]n3)c(-c3ccncn3)nc2C(c2ccc(Cl)cc2)N1c1cc(Cl)cn(C2CC(O)(CO)C2)c1=O,中毒,21.438358,11.901765
Fc1cccc(C2CN=C(Nc3ccc(Oc4ncc(-c5cn[nH]n5)cn4)cc3F)C2)c1,中毒,8.662874,45.3513
OC1CCN(c2cc3ncnc(-c4ccc(Br)c(Cl)c4)c3cc2-c2cn[nH]n2)CC1,中毒,19.21626,28.909344
O=C1c2cc(-c3cn[nH]n3)[nH]c2C(c2ccc(Cl)cc2Cl)N1c1cc(Cl)cn(C2CC(O)(CO)C2)c1=O,中毒,7.8750753,11.513729
c1n[nH]nc1-c1c[nH]c2c(NCC3COC3)nc(C3CCCOC3)nc12,中毒,8.335603,50.28937
O=C1C(c2ccc(-c3ncnc4[nH]ccc34)cc2)=CN1c1cnc2ccsc2c(=O)c2cc(-c3cn[nH]n3)cc1-2,中毒,11.95882,47.773567
NCC1(O)CC(n2cc(Cl)cc(N3C(=O)c4cc(-c5cn[nH]n5)n(-c5ccc(Cl)cc5F)c4C3c3ccc(Cl)cc3)c2=O)C1,中毒,25.244574,11.513729
C1=C(C2=NCCN2)C2C(c3ccc(-c4cn[nH]n4)cc3)=Nc3ccc(OC4CCNCC4)cc3C2C1,中毒,4.765861,56.828857
O=C1c2cc(-c3cn[nH]n3)c(-c3ccc(Cl)cc3)n2C(c2ccc(Cl)cc2)N1c1cc(Cl)cn(C2CC(O)C(O)C2)c1=O,中毒,19.951618,13.503714
Cn1cc(Cl)cc(N2C(=O)N3CCOC(=O)c4cc(-c5cn[nH]n5)n(c4C2c2ccc(Cl)cc2)-c2ccc3c(Cl)c2F)c1=O,中毒,28.345415,13.503714
O=C1c2cc(-c3cn[nH]n3)n(-c3ccc(F)cc3F)c2C(c2ccc(Cl)s2)N1c1cc(Cl)cn(C2CC(O)C(O)C2)c1=O,中毒,13.346145,11.513729
O=S1(=O)C=CC(N2C(c3ccc(Cl)cc3Cl)c3cc(-c4cn[nH]n4)n(-c4ccc(F)cc4I)c3C2c2ccccn2)=Cc2sccc21,中毒,46.11225,14.0600395
CS1(=O)=Nc2cc(-c3cn[nH]n3)c(Oc3ccc(Cl)cc3F)cc2C1c1ccc(Cl)cc1,中毒,13.654512,24.466152
Clc1cc2c(cc1Cl)-c1cc(-c3cn[nH]n3)cc(-c3coc4ccccc34)c1C(c1ccsc1)N2,低毒,3.2309253,18.531786
O=C1c2cc(-c3cn[nH]n3)c(-c3cncnc3Cl)cc2NC(c2ccc(Cl)cc2)N1c1cc(Cl)cn(C2CC(O)(CO)C2)c1=O,中毒,5.933443,35.223312
O=C1c2cc(-c3cn[nH]n3)n(-c3ccc(Cl)c(Cl)c3Cl)c2C(c2ccc(Cl)cc2)N1c1cc(Cl)cn(C2CC(O)(CO)C2)c1=O,中毒,18.205946,11.513729
Fc1cccc(Oc2ccc(-c3cc(-c4cn[nH]n4)cc4c3CN(c3nc(-c5nccs5)nc(OC5CCOCC5)c3-c3ccsc3)C4)cc2)c1,中毒,7.493365,40.437492
O=c1c(N2Cc3cc(-c4cn[nH]n4)n(-c4cc(F)cc(CF)c4)c3C2c2ccc(Cl)cc2)cc(Cl)cn1C1CC(O)(CO)C1,中毒,19.24008,12.110745
NCC1OCc2c(-c3ccc(OC4CC4)cc3)cc3c(-c4cn[nH]n4)noc3c21,低毒,12.267901,14.40348
c1cc(CN2CCN(c3cc(-c4cn[nH]n4)cc4c3CCC4)CC2)ncn1,中毒,15.467521,41.78873
O=C1c2cc(-c3cn[nH]n3)n(-c3ccc(-c4csc5ncncc45)cc3)c2C(c2ccc(Cl)cc2)N1c1cc(Cl)cn(C2CC(O)(CO)C2)c1=O,中毒,51.50488,12.110745
O=C1c2cc(-c3cn[nH]n3)n(-c3ccc(F)cc3F)c2C(c2ccc(Cl)cc2)N1c1cc(Cl)cn(C2CC(O)C(O)C2O)c1=O,中毒,12.488247,11.513729
O=C1c2cc(-c3cn[nH]n3)nc(-c3c(Cl)cccc3Cl)c2C(c2ccc(Cl)cc2)N1c1cc(Cl)cn(C2CC(O)C(O)C2)c1=O,中毒,7.4282966,12.110745
O=C1c2cc(-c3cn[nH]n3)n(-c3ccc(Br)cc3)c2C(c2ccc(Cl)cc2)ON1c1cc(Cl)cn(C2CC(O)(CO)C2)c1=O,中毒,70.00132,28.20462
O=C1c2ncc(-c3cn[nH]n3)cc2NC(c2ccc(F)cc2)=C(c2ccc(Cl)cc2)N1c1cc(Cl)cn(C2CC(O)(CO)C2)c1=O,中毒,52.723274,14.418226
Fc1cccc(F)c1-c1cc(-c2cn[nH]n2)cc2c1CN(c1nc(-c3ccco3)ns1)C2,中毒,19.889645,16.222656
Clc1ccc(-c2c3c(cc(-c4cncnc4)c2-c2cc4cc(Cl)cnc4n2C2CC2)-c2c-3cc(-c3cn[nH]n3)n2-c2ccc(Br)cc2)cc1,中毒,7.2173014,24.2759
O=C1N(c2cn[nH]n2)N=C2C(c3ccc(Cl)cc3)N(c3cc(Cl)cn(C4CC(O)(CO)C4)c3=O)C(c3ccc(Cl)cc3)C12C(F)(F)F,中毒,32.17651,13.503714
O=C1c2nc(-c3cn[nH]n3)n(-c3ccc(C(F)(F)F)cc3I)c2C(c2ccc(Cl)cc2)N1c1cc(Cl)cn(C2CC(O)(CO)C2)c1=O,中毒,38.99518,34.717995
c1csc(-c2nnn3c2-c2sc(-c4cn[nH]n4)cc2COCC3)c1,中毒,8.668718,71.704926
O=C1c2nc(-c3cn[nH]n3)nc(-c3cccs3)c2CC(c2ccc(Cl)cc2)N1c1cc(Cl)cn(C2CC(O)(CO)C2)c1=O,中毒,29.999546,18.239529
O=C1c2cc(-c3cn[nH]n3)c(-c3cccc(Cl)c3)cc2N1c1cc(Cl)cn(C2CC(O)(CO)C2)c1=O,中毒,24.96927,11.733231
c1n[nH]c(-c2occc2-c2ccc(OCc3c4nc(-c5cn[nH]n5)c-4c3-c3cnsc3)cc2)n1,中毒,7.5366516,17.271805
O=c1c(N2C(=S)c3cc(-c4cn[nH]n4)cc(-c4c(Cl)cccc4Cl)c3C2c2ccc(Cl)cc2)cc(Cl)cn1C1CC(O)C(O)C1,中毒,6.8665094,33.013264
Clc1ccc(C2c3cc(-c4cn[nH]n4)n(-c4ccc(Cl)cc4)c3C(c3ccc4c(c3)OCO4)N2c2nccs2)cc1,中毒,51.124954,16.326887
Clc1ccc(C2c3c(cc(-c4cn[nH]n4)cc3-c3c(Cl)cncc3Cl)CN2Cc2cc(Cl)c3ncccc3c2)cc1,中毒,24.131739,36.358353
O=C(Nc1cccc(C2([18F])c3c(cc(-c4cn[nH]n4)n3-c3ccc(Cl)cc3)CN2[O-])c1)c1ccc(C(F)(F)F)cc1,中毒,51.102085,24.544495
Fc1ccc(-n2c(-c3cn[nH]n3)cc3c2C(c2ccc(Cl)cc2)N(c2cc(Cl)c4nonc4c2)C3)c(F)c1,中毒,21.327534,17.35497
O=C1c2cc(-c3cn[nH]n3)nc(-c3csc(COc4ccc(F)cc4)c3)c2C(c2ccc(Cl)cc2)N1c1cc(Cl)cn(C2CC(O)(CO)C2)c1=O,中毒,14.775009,12.110745
c1cc(-c2coc3c2cc(-c2cn[nH]n2)c2cc(-c4cn[nH]c4)ncc23)on1,中毒,13.22487,80.12639
O=S(=O)(NC1Cc2cc(-c3cn[nH]n3)nn2C1)c1cc(Br)cs1,中毒,21.920284,11.899975
Clc1ccc(OCCCOC2c3c(cc(-c4cn[nH]n4)cc3-c3c(Cl)cccc3Cl)NC3CCC2C3)c(Cl)c1,中毒,15.251324,63.104458
Fc1cnccc1-c1noc2nc(-c3cn[nH]n3)cn12,中毒,31.130135,59.815437
O=C1c2nc(-c3cn[nH]n3)n(-c3ccc(-c4ccc(Cl)cn4)cn3)c2C(c2ccc(Cl)cc2)N1c1cc(Cl)cn(C2CC(O)(CO)C2)c1=O,中毒,35.69709,34.717995
O=C1c2cc(-c3cn[nH]n3)n(-c3ccc(Cl)cc3F)c2C(c2ncc(Cl)c(Cl)c2Cl)N1c1cc(Cl)cn(C2CC(O)(CO)C2)c1=O,中毒,24.817047,12.110745
O=C1c2cc(-c3cn[nH]n3)cn2-c2c(Cl)c(Cl)cc(Cl)c2C(c2ccccc2)N1c1cc(Cl)cn(C2CC(O)(CO)C2)c1=O,中毒,28.629448,33.18647
O=C1c2nccc(Cl)c2C(=O)N1CC1(N2CCc3nc(-c4cn[nH]n4)sc3C2)Cc2c1[nH]c(F)c2F,中毒,24.779814,14.3937645
O=C1c2cc(-c3cn[nH]n3)n(-c3cc(Cl)c(Cl)cc3Cl)c2C(c2cccc(Cl)c2)N1c1cc(Cl)cn(C2CC(O)(CO)C2)c1=O,中毒,18.205946,11.513729
Fc1cc2c3cc1-n1ncc4c1-c1cc(-c5cn[nH]n5)cnc1CN4CC(c1cccnc1)C(c1sccc1C(F)(F)F)(C3)SC2,中毒,31.41851,14.3937645
O=C1c2cc(-c3cn[nH]n3)n(-c3ccc(Cl)cc3)c2C(c2ccc(Cl)cc2)N1c1cc(Cl)cn(C2CC(O)(C(=O)O)C2)c1=O,中毒,14.882899,11.513729
O=c1c(N2Cc3cc(-c4cn[nH]n4)cc(-c4c(Cl)cccc4Cl)c3C2(c2ccc(Cl)cc2)c2ccc(Br)cc2F)cc(Cl)cn1C1CC(O)(CO)C1,中毒,5.093859,8.960914
O=C1c2cc(-c3cn[nH]n3)n(-c3cccc(Cl)c3)c2C(c2ccc(Cl)cc2Cl)N1c1cc(Cl)cn(C2CC(O)(CO)C2)c1=O,中毒,15.540574,11.513729
O=C1c2nc(-c3cn[nH]n3)c(Cl)c(-c3c(Cl)cccc3Cl)c2C(c2ccc(Cl)cc2C(F)(F)F)N1c1cc(Cl)cn(C2CC(O)(CO)C2)c1=O,中毒,37.24519,12.110745
O=C1c2c(O)cccc2C(Cc2ccccc2)C2Cc3nc(Nc4nc(-c5cn[nH]n5)cs4)sc3CN12,中毒,49.333096,20.959215
O=C1c2cn(-c3cn[nH]n3)nc2CC(N2CCOCC2)C(c2ccc(F)cc2)N1c1cc(Cl)cn(C2CC(O)(CO)C2)c1=O,中毒,5.9177837,13.503714
O=C1c2cc(-c3cn[nH]n3)n(-c3ccc(C(F)(F)F)cc3F)c2C(c2ccc(Cl)cc2)N1c1cc(Cl)cn(C2CC(O)(CO)C2)c1=O,中毒,12.488247,13.466203
FC(F)(F)c1ccc2c(-c3c(Cl)cccc3Cl)c(-c3nc(-c4cn[nH]n4)cs3)cn2n1,中毒,10.04819,21.939407
Fc1cc(C#CC(F)(F)F)nc2c1Cc1c(-c3c(Cl)cccc3Cl)cc(-c3cn[nH]n3)nc1-2,中毒,7.5619082,14.897511
O=C1c2nc(-c3cn[nH]n3)n(-c3ccc(Cl)cc3F)c2C(c2ccnc(Cl)c2)N1c1cc(Cl)cn(C2CC(O)(CO)C2)c1=O,中毒,24.818281,34.717995
c1nc2nc(N3CC4CCC(C3)O4)nc(N3C4CCC3COC4)c2cc1-c1cn[nH]n1,中毒,14.725743,72.54879
O=S(=O)(Nc1ccc2conc2c1F)c1cc(Br)nc2c1C(c1cn[nH]n1)c1cc[nH]c1-2,中毒,8.490266,47.302692
Fc1cc2c(N3CCN(C4=NCCCC4)CC3)cc1-c1nc(-c3cnc(N4C5CCC4COC5)nc3-c3cn[nH]n3)ncc1C2,中毒,7.146276,13.028946
c1cc(-c2cc3c(-c4cn[nH]n4)c[nH]c3cc2Oc2ccn3cncc3c2)ncn1,中毒,1.8185151,15.297132
FC(F)(F)C1CN(c2nc(-c3ccc4nc[nH]c4c3)c3ncc(-c4cn[nH]n4)cc3n2)CCO1,中毒,5.260458,36.965958
S=C1CC2CN(CCN2c2cccc(Cl)c2Cl)C2(CCN(c3cncc(-c4cn[nH]n4)c3)CC2)O1,中毒,4.4747896,48.75062
O=C1c2cc(-c3cn[nH]n3)n(-c3cc(Cl)cc(Cl)c3)c2C(c2ccc(Cl)cc2)N1c1cc(Cl)c(=O)n(C2CC(O)(CO)C2)c1CO,中毒,51.50488,13.447941
O=c1c(N2Cc3cc(-c4cn[nH]n4)n(-c4ccc(F)cc4F)c3C2c2ccc(Cl)cc2)cc(Cl)cn1C1CC(O)C(O)C1,中毒,15.763229,11.513729
c1nc(N2CCOC3(CCN(c4ccc5nonc5n4)CC3)C2)c2ccc(-c3cn[nH]n3)cc2n1,中毒,6.386387,91.64245
O=C1c2cc(-c3cn[nH]n3)n(-c3ccc(Cl)cc4[nH]c(=O)c(Cl)c3-4)c2C(c2ccco2)N1c1cc(Cl)cn(C2CC(O)C(O)C2)c1=O,中毒,15.540574,11.513729
O=C1c2cc(-c3cn[nH]n3)n(-c3ccc(Cl)cc3)c2C(c2ccc(Cl)cc2)N1c1cc(Cl)cn(C2CC(O)(CO)C2CO)c1=O,中毒,14.882899,11.513729
Fc1c(Cl)cccc1-c1c(-c2ccoc2)c2sc(-c3cn[nH]n3)nc2n2cc(-c3ccco3)nc12,中毒,55.793865,19.230417
O=C1c2cc(-c3cn[nH]n3)n(-c3ncc(Cl)c(Nc4ccc(F)cc4F)n3)c2C(c2ccc(Cl)cc2)N1c1cc(Cl)cn(C2CC(O)C(O)C2)c1=O,中毒,12.488247,13.466203
Fc1ccc(Oc2cc3c(cc2Cl)Oc2ncc(Cl)cc2-n2c(-c4cn[nH]n4)nnc2-3)cn1,中毒,49.58508,34.32748
O=S(=O)(Nc1ccc(Cl)nc1)c1cn[nH]n1,低毒,18.266876,37.709805
Fc1ccc(-n2c(-c3cn[nH]n3)cc3c2C(c2cccnc2)N(N2CCOCC2)C3c2ccc(Cl)cc2)c(F)c1,中毒,26.57514,18.504242
O=c1c(N2CCN(Cc3ccnc4cc(Br)ccc34)CO2)c(N2CCOCC2)c(NCc2ccc(F)c(Br)c2)cc2ncc(-c3cn[nH]n3)cc12,中毒,9.271946,60.02038
FC(F)(F)Oc1ccc(N2c3ncc(-c4cn[nH]n4)nc3-c3ccc(Cl)cc3C2c2ccc(Cl)cc2)cc1,中毒,33.786015,34.176937
O=C1c2cc(-c3cn[nH]n3)n(-c3ccc(F)c(F)c3)c2C(c2ccccc2)N1c1cc(Cl)cn(C2CC(O)(CO)C2)c1=O,中毒,14.882899,11.513729
O=[N+]([O-])c1ccccc1OP(=O)(Oc1ccccc1)C(Nc1ccc2cnsc2c1)c1ccc(OS(=O)(=O)c2ccc(-c3cn[nH]n3)cc2)cc1,低毒,22.960846,20.778534
FC(F)(F)c1cc(-c2cn[nH]n2)cc(C(c2noc(-c3cn[nH]c3)n2)C2CC2)c1,高毒,25.937723,43.894577
Fc1cc(N2C(c3ccc(Cl)cc3)c3oc(-c4cn[nH]n4)cc3CC23CO3)cc(F)c1F,中毒,11.732499,25.144083
O=C1c2cc(-c3cn[nH]n3)n(-c3ccc(=O)n(C4CC4)c3)c2C(c2ccc(Cl)cc2)N1c1cc(Cl)cn(C2CC(O)(CO)C2)c1=O,中毒,14.882899,12.110745
Ic1ccc2nc3c(c(-c4cn[nH]n4)c2c1)CN(Cc1ncc(COc2ccccn2)o1)CC3,中毒,7.8117967,18.459055
Clc1ccc(C2=NOCc3c2nc(-c2cn[nH]n2)nc3-c2cnn3ccccc23)cc1N1CCCCC1,中毒,5.5294156,29.819315
O=C1c2cc(-c3cn[nH]n3)c(=O)[nH]c2C(c2ccc(Cl)c(Cl)c2)N1c1cc(Cl)cn(C2CC(O)(CO)C2)c1=O,中毒,13.216523,12.087409
O=c1c(N2Cc3cc(-c4cn[nH]n4)n(-c4ccc(F)cc4F)c3C2c2ccc(Cl)cc2)cc(Cl)cn1C1CC(O)(CO)C1CO,中毒,15.763229,11.513729
O=C1c2cc(-c3cn[nH]n3)n(-c3ccc(Cl)c(Cl)c3F)c2C(c2ccc(Cl)cc2)N1c1cc(Cl)cn(C2CC(O)(CO)C2)c1=O,中毒,12.488247,11.513729
O=C(c1cc(Cl)ccc1C1c2cc(-c3cn[nH]n3)n(-c3ccc(F)c(Cl)c3)c2C(c2ccc(Cl)cc2)N1c1cc(Cl)sn1)N1CCSCC1,中毒,40.01299,15.046138
O=C1c2nc(-c3cn[nH]n3)cc(-c3ccc(Cl)cc3)c2C(c2ccc(Cl)cc2)N1c1cc(Cl)cn(C2CC(O)(CO)C2)c1=O,中毒,37.24519,12.110745
O=C1c2cc(-c3cn[nH]n3)n(-c3ccc(F)cc3F)c2C(c2ccc(Cl)cc2)N1c1cc(Cl)cn(C2CCC(O)C2)c1=O,中毒,25.244574,11.513729
Fc1cc(N2CCc3[nH]c(-c4cn[nH]n4)cc3C=C2c2cccc(C(F)(F)F)c2)ccc1-c1ccc2[nH]ncc2c1,中毒,35.071575,23.586863
O=c1cc(-c2cc3nccc(-c4ccnc(-c5ccsc5)c4)c3cc2-c2cn[nH]n2)cc[nH]1,中毒,2.1625345,14.470443
Fc1ccc(-c2c(-c3cn[nH]n3)cc3n2C(c2ccc(Cl)cc2)N(c2ccc(Cl)cc2)C3c2cccnc2)cc1,中毒,26.729017,15.456023
c1cc(-c2cn3c(-c4cn[nH]n4)c[nH]c3n2)ncc1OC1CCN(C2CC2)CC1,中毒,19.326155,44.416676
Clc1cccc(Cl)c1CSc1nc2c(c3cc(-c4cn[nH]n4)ccc13)CN(Cc1ccc3ncsc3c1)C2,中毒,25.384985,24.722528
c1cc2cc(Oc3ccc(-c4ccc(-c5cncc(-c6cn[nH]n6)c5)cc4OC4CNC4)cn3)ccc2[nH]1,中毒,6.3937397,46.964386
Fc1ccc(-n2c(-c3cn[nH]n3)cc3c2C(c2ccc(Cl)cc2)N(c2cc[nH]n2)C2C4=CC(OCC5CC5)=C(Cl)C=C2C(C4)C3)cc1,中毒,22.121504,14.870113
O=c1c(N2n3c(cc(-c4cn[nH]n4)c3-c3ccc(Cl)cc3F)S2(=O)=O)cc(Cl)cn1C1CC(O)(CO)C1,中毒,5.9541664,16.862432
O=C1c2cc(-c3cn[nH]n3)c(-c3ccc(Cl)cc3)n2C(c2ccc3c(c2)CCN3)N1c1cc(Cl)cn(C2CC(O)(CO)C2)c1=O,中毒,19.951618,13.503714
CC1(O)CC(n2cc(Cl)cc(N3C(=O)c4cc(-c5cn[nH]n5)n(-c5ccc(Cl)cc5)c4C3c3ccc(Cl)cc3)c2=O)C1,中毒,31.338547,11.513729
O=C1N(c2cc(Cl)cn(C3CC(O)(CF)C3)c2=O)C(c2ccc(Cl)cc2)c2c(-c3ccc(Cl)c(Cl)c3)c(-c3cn[nH]n3)cn21,中毒,7.0625334,13.466203
O=C1c2cc(-c3cn[nH]n3)n(-c3ccc(CC4CCOC4)cc3)c2C(c2ccc(Cl)cc2)N1c1cc(Cl)cn(C2CC(O)(CO)C2)c1=O,中毒,14.882899,13.466203
O=C1c2ncc(-c3cn[nH]n3)nc2-c2cc(Cl)cc(Cl)c2CC(c2ccc(Cl)cc2)N1c1cc(Cl)cn(C2CC(O)(CO)C2)c1=O,中毒,56.125477,35.424923
O=C1c2cc(-c3cn[nH]n3)c(-c3ccc(Cl)nc3)nc2C(c2ccc(Cl)cc2)N1c1cc(Cl)cn(C2CC(O)C(O)C2)c1=O,中毒,13.216523,12.087409
O=C1c2cc(-c3cn[nH]n3)n(-c3ccc(Br)cc3)c2C(c2ccc(Cl)cc2)N1c1cc(Cl)cn(C2CC(O)C(O)C2)c1=O,中毒,18.205946,11.513729
O=C(Nc1cc(-c2c(-c3cn[nH]n3)cc3n2C(c2ccco2)N(c2cc(Cl)cn(C4CC(O)(CO)C4)c2=O)C3=O)ccn1)c1ccccc1,中毒,18.427805,13.503714
c1csc(N2CCN(c3nc4cc(-c5cn[nH]n5)ccc4s3)CC2)n1,中毒,47.062206,61.091354
O=C1c2cc(-c3cn[nH]n3)c(-c3ccnc(Cl)c3F)n2C(c2ccc(Cl)cc2)N1c1cc(Cl)cn(C2CC(O)(CO)C2)c1=O,中毒,32.68572,13.503714
O=C1c2cc(-c3cn[nH]n3)c(=O)n(-c3ccc(F)cc3)c2C(c2ccc(Cl)cc2)N1c1cc(Cl)cn(C2CC(O)(CO)C2)c1=O,中毒,51.50488,12.110745
N#CCn1ccc(C2c3cc(-c4cn[nH]n4)n(-c4cc(Cl)cc(Cl)c4)c3C(c3ccc(Cl)cc3)N2c2ccc(Cl)cc2)c1,中毒,28.622856,23.390354
Fc1cc(Cl)ccc1-n1c(-c2cn[nH]n2)cc2c1-c1nc(Cl)c(cc1OC1CCOC1)C2,中毒,4.117895,15.710379
c1cc(-c2ncnc3cc(NCC4CCC4)c(-c4cn[nH]n4)cc23)cc(N2CCCO2)n1,中毒,7.7373414,9.128209
O=C1NCCOc2cc(-c3nc(N4CCOCC4)c4ccc(-c5cn[nH]n5)cc4n3)cc(Cl)c21,中毒,38.294262,46.623985
O=C1C2=CC(N3Cc4cc(-c5cn[nH]n5)n(-c5ccc(Cl)cc5)c4C3c3ccc(Cl)cc3F)=CC(Cl)=CN1C2CC1C(O)C(O)C(O)C1O,中毒,14.940432,13.40445
Fc1cc(Cl)cc2oc3c(-c4c(Cl)cccc4Cl)cc(-c4cn[nH]n4)cc3c12,中毒,3.1828396,19.887877
Clc1ccc(C2c3c(cc(-c4cn[nH]n4)n3-c3ccc(Cl)cc3)C(c3ccc(Br)cc3)N2c2csc(Cl)c2)cc1,中毒,37.139153,23.107658
SC1=NC(C2CC2)C2CC(CNc3ncnc4cc(-c5cn[nH]n5)ccc34)CCN12,中毒,15.074836,39.28738
Clc1ccc(C2CC(c3ncc(-c4cn[nH]n4)cn3)CN2c2ccnc(N=Cc3ccncc3)c2)cc1,中毒,12.572534,146.98929
Fc1c(Cl)cccc1-c1csc(N2CCc3cc(-c4cn[nH]n4)cc(-c4c(Cl)cccc4Cl)c3C2)n1,中毒,11.403463,18.527687
[O-][S+]1Cc2nc(-c3cn[nH]n3)cc(-c3c(Cl)cccc3Cl)c2C1,中毒,12.305833,22.870396
OC1c2ccccc2C(OCC2OC(Oc3cc(-c4ccc5sccc5c4)cc(-c4cn[nH]n4)n3)C(O)C(O)C2O)C(O)C1O,中毒,43.45168,88.76489
CC1=C(O)CC(n2cc(Cl)cc(N3C(=O)c4cc(-c5cn[nH]n5)n(-c5ccc(Cl)cc5)c4C3c3ccc(Cl)cc3)c2=O)C1,中毒,31.338547,11.513729
S=C1NCC(c2sc3c(c2Cl)-c2cc(-c4cn[nH]n4)n(-c4c(Cl)cccc4Cl)c2-3)CN1,中毒,4.155876,42.39837
O=P(O)(O)C(COc1ccc2nc(-c3ccc(Cl)c(Cl)c3)c(-c3c[nH]c4ncc(-c5cn[nH]n5)cc34)cc2c1)c1ccc(F)cc1,中毒,10.163549,27.877157
c1n[nH]nc1-c1csc(C2CCCN2C2CCOCC2)n1,低毒,140.57187,49.656628
O=C1CC(n2cc(Cl)cc(N3C(=O)c4nc(-c5cn[nH]n5)n(-c5ccc(Br)cc5F)c4C3c3ccc(Cl)cc3)c2=O)C(O)O1,中毒,46.08258,13.466203
Ic1coc2ncnc(N3C(c4cn[nH]n4)c4c(n[nH]c4-c4ccnc(NCc5ccco5)c4)C34CC4)c12,中毒,38.83181,33.280693
O=C1C(c2cn[nH]n2)=CC2=C(c3ccnc(-c4cnc5[nH]ncc5c4)c3Cl)C=NC2=C1Nc1cc(OC2COC2)ns1,中毒,23.4825,21.726702
O=c1c(Oc2nc3cnc(Nc4ccc(Oc5ccccc5)cc4)nc3c3ccc(-c4cn[nH]n4)cc23)ccc2oc3ccc(I)cc3cc1-2,中毒,24.731445,12.812256
O=C1c2sc(Cl)cc2-c2cc(-c3cn[nH]n3)cc(-c3c[nH]c4ccccc34)c21,中毒,8.860564,21.495409
Nc1ccc(Cn2ccc3ccc4c(c32)C2CCC3C(c5cn[nH]n5)=NOC(=N2)C3C4)c(F)c1,中毒,15.315757,15.094574
O=C1c2cc(-c3cn[nH]n3)c(-c3cc(Cl)cc(Cl)c3)n2C(c2ccc(Cl)cc2)N1c1cc(Cl)cn(C2CC(O)C(O)C2)c1=O,中毒,19.951618,13.503714
O=c1cnc2c(Cl)cc(-c3cn[nH]n3)cc2n1CC1COCCO1,中毒,24.33151,105.342476
OC1C=C(CSc2cc(-c3cn[nH]n3)cs2)SC(CCc2ccccc2)C1,高毒,33.231644,36.9951
O=C1c2cc(-c3cn[nH]n3)n(-c3ccc(F)c(F)c3F)c2C(c2ccc(Cl)cc2)N1c1cc(Cl)cn(C2CC(O)(CO)C2)c1=O,中毒,12.488247,11.513729
Fc1cnc(NC2CCOC2)c(C2(COCCc3cc(F)c(F)cc3F)c3cnn(-c4cn[nH]n4)c3C3OCCC32)c1,中毒,47.103107,21.906359
Fc1ccc(-n2c(-c3cn[nH]n3)nc3c2C(c2ccc(Cl)cc2)=NN(c2ccc(Cl)cc2)C3c2ccc(Cl)c(Cl)c2)c(F)c1,中毒,48.899773,26.09541
O=C(O)c1cn(C2CC(COc3ccnc(Br)n3)C2)c2cc(-c3cn[nH]n3)c(F)cc2c1=O,中毒,9.395991,16.41007
O=[N+]([O-])N=C(Cc1ccc(F)cc1)c1nc(C2=C3C=C(c4cn[nH]n4)C=C3C2)cs1,中毒,12.3573,31.114876
O=C1c2cc(-c3cn[nH]n3)n(-c3ccsc3)c2C(c2cccc(Cl)c2)N1c1cc(Cl)cn(C2CC(O)(CO)C2)c1=O,中毒,14.882899,12.110745
O=C1c2cc(-c3cn[nH]n3)n(-c3c(Cl)cc(Cl)cc3Cl)c2C(c2ccc(Cl)cc2)N1c1cc(Cl)cn(C2CC(O)(CO)C2)c1=O,中毒,18.205946,11.513729
O=C1c2cc(-c3cn[nH]n3)n(-c3ccc(F)cn3)c2C(c2ccc(Cl)cc2)N1c1cc(Cl)cn(C2CC(O)(CO)C2)c1=O,中毒,14.882899,11.513729
O=c1c(N2CCc3cc(-c4cn[nH]n4)cc(-c4c(Cl)cccc4Cl)c3C2c2ccc(Cl)cc2Cl)cc(Cl)cn1C1CC(O)(CO)C1,中毒,22.235992,18.239529
O=c1[nH]c(-c2cn[nH]n2)nc2scc(-c3cc4c([nH]3)C(c3ncc(F)cc3F)CO4)c12,中毒,72.68343,17.341328
Fc1ccc(OC2CCN(c3ncnc4scc(-c5cn[nH]n5)c34)CC2)c(Cl)n1,中毒,9.618233,12.633239
c1ccc(Nc2cc(-c3cn[nH]n3)cc3c2C(c2ccc4c(c2)OCO4)N(c2ccc(-c4ccsc4)cc2)C3)cc1,中毒,14.399724,18.251308
O=c1c(N2Cc3c(nc4cc(F)ccc4c3-c3cn[nH]n3)CC2c2ccnc(Br)c2F)cc(Cl)cn1C1CC(O)C(O)C1,中毒,26.553892,10.727032
OCCOc1cc(OC(F)(F)F)cc(N2Cc3cc(-c4cn[nH]n4)cc(-c4n[nH]c5ccc(-c6cncc(Cl)c6)cc45)c3C2)c1,中毒,39.613495,57.807774
Clc1c(I)cccc1-n1cc(CNc2ncnc3cc(-c4cn[nH]n4)ccc23)nn1,中毒,12.037108,72.05098
Clc1ccc(C2c3cc(-c4cn[nH]n4)n(-c4ccc(Br)cc4)c3C(c3ccc(Cl)cc3)N2c2ccc(Cl)cc2)cc1,中毒,29.275309,23.390354
Clc1cccc(Cl)c1-c1cc(-c2cn[nH]n2)cc2c1-c1c[nH]nc1CC2,中毒,22.946835,40.31382
O=C1C(=O)c2c(oc(-c3cccs3)c2Cl)C=C1c1cn[nH]n1,中毒,12.039534,81.56474
O=C1CCc2o[nH]c2C(c2cccc(Br)c2)=Cc2nc3ccccc3c(-c3cn[nH]n3)c21,中毒,47.467045,10.217782
O=C1c2cc(-c3cn[nH]n3)n(-c3cc(F)c(Cl)cc3F)c2C(c2ccc(Cl)cc2)N1c1cc(Cl)cn(C2CC(O)(CF)C2)c1=O,中毒,25.244574,11.513729
O=C1c2nc(-c3cn[nH]n3)c(-c3ccc(Cl)cc3F)n2C(c2ccc(Cl)cc2)N1c1cc(Cl)cn(C2CC(O)(CO)C2)c1=O,中毒,32.68572,16.862432
O=C1c2cc(-c3cn[nH]n3)[nH]c2C(c2ccc(Cl)c(Cl)c2)N1c1cc(Cl)cn(C2CC(O)(CO)C2)c1=O,中毒,8.738106,11.513729
O=c1c(-c2cc3ccc4cccnc4c3n2COC2CCCNC2)nc2ccccc2n1-c1cn[nH]n1,中毒,34.97493,9.114193
O=c1c2cc(-c3cn[nH]n3)cc-2c(-c2ccc3[nH]ncc3c2)[nH]c2ccnc(F)c12,中毒,7.6562023,15.660607
Clc1cccc(Cl)c1N1Cc2nc(-c3cn[nH]n3)cc(-c3cnc4[nH]nc(-c5cnsc5)c4c3)c2C1,中毒,3.8661258,15.967391
Fc1ncccc1-c1nc(N2Cc3cc(Br)c(-c4cn[nH]n4)cc3C2)ncc1Cl,中毒,4.4842854,21.497522
c1cncc(-c2nc(-c3nnc4c(n3)CC(N3CCc5[nH]cc(-c6cn[nH]n6)c5C3)C4)co2)c1,中毒,23.14172,29.751171
O=C(O)C1(CCC2Oc3ccc(-c4c(C(F)(F)F)ncc5c4c(-c4cn[nH]n4)nc4c6ccsc6c(F)cc54)c2c3)CC1,中毒,54.712322,7.797183
O=c1[nH]cc(Cl)cc1N1Cc2cc(-c3cn[nH]n3)n(-c3ccc(Cl)cc3)c2C1c1ccc(Cl)cc1,中毒,28.622856,14.026334
Clc1cc(Cl)c2c(c1)oc1c(-c3c(Cl)cccc3Cl)cc(-c3cn[nH]n3)cc12,中毒,3.3706906,74.535385
Brc1cc2c(cc1Br)-c1c-2nc(-c2cn[nH]n2)n1-c1ccc(OCC2CCCCO2)cc1,中毒,15.918819,145.30086
Clc1cccc(Cl)c1-c1cc(-c2cn[nH]n2)cc2c1Oc1ccc(cc1Br)CC2,中毒,29.852983,15.934947
CS(=O)(=O)Nc1ccc(C2c3cc(-c4cn[nH]n4)n(-c4ccc(OC(F)(F)F)cc4)c3C(c3ccc(Cl)cc3)N2c2cc(Cl)cs2)cc1,中毒,88.66508,19.621717
O=C1c2cc(-c3cn[nH]n3)n(-c3ccc(F)c(Cl)c3)c2C(c2cccc(Cl)c2)N1c1cc(Cl)cn(C2CC(O)(CO)C2O)c1=O,中毒,14.882899,11.513729
O=C1CCC(N2C(=O)c3ncc(-c4cn[nH]n4)cc3C(c3cc(Cl)ccc3F)C2c2ccc(Cl)cc2)CN1Cc1ccc(F)cc1,中毒,26.627281,14.0600395
O=C1c2cc(-c3cn[nH]n3)n(-c3ccc(F)cc3Cl)c2C(c2ccc(Cl)cc2)N1c1cc(Cl)cn(C2CC(O)C(O)C2O)c1=O,中毒,18.205946,11.513729
O=C1CC(n2cc(Cl)cc(N3C(=O)c4cc(-c5cn[nH]n5)n(-c5ccc(Cl)cc5)c4C3c3ccc(Cl)cc3)c2=O)CO1,中毒,17.272402,13.466203
O=C1c2cc(-c3cn[nH]n3)c(Nc3ccc(Cl)cc3)nc2C(c2ccc(Cl)cc2)N1c1cc(Cl)cc(Cl)c1,中毒,14.760996,22.212658
O=C1C2C(c3cccc(C#Cc4cccnc4)c3)NC(c3cn[nH]n3)C2C(=O)N1c1cccc(Cl)c1,中毒,4.352096,31.532503
O=S(=O)(c1ccc(Nc2cnc(-c3nc(Nc4cccc(O)c4)c4cc(-c5cn[nH]n5)cc-4o3)cn2)cc1)N1CCN(C2CC2)CC1,中毒,29.498812,20.02914
OC1(c2ccc(-c3cn[nH]n3)cc2)Cn2cc(-c3ncno3)nc2-c2ccnc(NC3CCOCC3)c21,中毒,38.933147,56.02783
Oc1ccc(C(F)c2c(C(F)(F)F)cc3c(I)c2C(CCN2CCCC2)C2c4cc(-c5cn[nH]n5)n(-c5ccc(Cl)cc5)c4CN2C(C2CC2)=N3)cc1,中毒,17.328205,13.503714
O=C1c2cc(-c3cn[nH]n3)nc(N3CCC(NCCCN4CCOCC4)CC3)c2C(c2ccc(Cl)cc2)N1c1cc(Cl)cn(C2CC(O)(CO)C2)c1=O,中毒,7.8529835,13.503714
O=C1C2=CC=C(Cl)C(Cl)=C(F)c3cc(-c4cn[nH]n4)cc(-c4ccc(Cl)cn4)c3C2N2CC2=CC(Cl)=CN1C1CC(O)(CO)C1,中毒,22.404634,14.254915
O=C(c1cccnc1)c1cnn(-c2ccc(F)cc2F)c1C1=C2C=C(c3cn[nH]n3)C=C2C(c2ccncc2)N1c1ccc(Cl)cc1,中毒,25.656496,10.851185
O=C1c2cc(-c3cn[nH]n3)n(-c3ccc(Cl)cc3Cl)c2C(c2ccsc2)N1c1cc(Cl)cn(C2CC(O)(CO)C2)c1=O,中毒,18.205946,11.513729
O=C1c2cc(-c3cn[nH]n3)n(-c3ccc(F)nc3F)c2C(c2ccc(Cl)cc2)N1c1cc(Cl)cn(C2CC(O)(CO)C2=O)c1=O,中毒,23.909687,11.513729
Fc1cc(Br)ccc1C1c2nc(-c3cn[nH]n3)sc2C(c2ccnc3c2CCCO3)N1c1ccc(C2CC2)cc1F,中毒,36.488598,31.968822
O=C1c2cc(-c3cn[nH]n3)n(-c3ccc(F)cc3F)c2C(c2cccc(Cl)c2)N1c1cc(Cl)cn(C2CC(O)(CO)C2)c1=O,中毒,12.488247,11.513729
O=S1(=O)CCCCN1c1nc(Oc2ccc(N3CCOCC3)nc2O)nc2nc(NCc3cccc(F)c3)c3cc(-c4cn[nH]n4)ccc3c12,中毒,35.4645,20.470041
O=C(Nc1ccsc1)c1ccc(Oc2cc(Cl)cc3c2c(-c2cn[nH]n2)nn3Cc2ccc(Cl)s2)cc1,中毒,8.044595,32.54877
c1cc2[nH]c3c(c2cc1-c1cn[nH]n1)CCCNC3,中毒,27.578398,17.988058
O=C1c2cc(-c3cn[nH]n3)n(-c3ccc(Cl)c(Cl)c3F)c2C(c2ccc(Cl)cc2)N1c1cc(Cl)cn(C2CC(O)C(O)C2)c1=O,中毒,12.488247,11.513729
Fc1ccc(-n2c(-c3cn[nH]n3)cc3c2C(c2ccc(Cl)cc2)N(c2csc(Cl)c2)C3)c(F)c1,中毒,26.889551,23.107658
N#Cc1ccc(C2N(c3cc(Cl)cn(C4CC(O)(CO)C4)c3=O)C(=O)c3nc(-c4cn[nH]n4)c(-c4ccc(Cl)c(Cl)c4)n32)cc1,中毒,32.68572,13.447941
O=C1c2cc(-c3cn[nH]n3)nc(-c3c(F)cccc3F)c2C(c2ccc(Cl)cc2)N1c1cc(Cl)cn(C2CC(O)(CO)C2)c1=O,中毒,7.4282966,12.110745
Clc1ccc(-n2c(-c3cn[nH]n3)cc3c2-c2cc(Cl)c(Oc4ccc(Cl)cc4Cl)cc2C2CCCN32)cc1,中毒,38.305058,26.359074
OCC1OC(OC2CC(C3C4=NC(C5=CC6=NC=C(c7cn[nH]n7)C6=N5)=CN3C=N4)C(O)C2O)C(O)C(O)C1O,中毒,22.727991,18.197403
O=C1CC(O)(CO)CC2c3c(cnc4cc(Oc5ccc(Cl)cc5)c(-c5cn[nH]n5)cc34)C(c3ccc(Cl)cc3)N1c1cc(Cl)cn2c1=O,中毒,15.763229,9.114193
O=C1c2cc(-c3cn[nH]n3)n(-c3cc(Br)c(F)cc3F)c2C(c2ccc(Cl)cc2)N1c1cc(Cl)cn(C2CC(O)(CO)C2)c1=O,中毒,12.488247,11.513729
Clc1cccc(Cl)c1N1CCc2c(cc(-c3cn[nH]n3)n2-c2ccnc(NC3CCOCC3)c2)C1,中毒,7.6215186,47.146286
N#Cc1ccc(C2c3c(cc(-c4cn[nH]n4)n3-c3cc(F)c(Cl)cc3Cl)C(=O)N2c2cc(Cl)cn(C3CC(O)(CO)C3)c2=O)cc1,中毒,18.205946,11.513729
O=C1c2cc(-c3cn[nH]n3)[nH]c2C(c2ccc(Cl)cc2Br)N1c1cc(Cl)cn(C2CC(O)(CO)C2)c1=O,中毒,8.738106,11.513729
Clc1ccc(C2c3c(cc(-c4cn[nH]n4)n3-c3ccc(Oc4ccccn4)cc3)CN2c2ccc(Cl)cc2)cc1,中毒,51.124954,19.356245
O=S(=O)(c1cccs1)N1C(c2ccc(Cl)cc2)c2cc(-c3cn[nH]n3)n(-c3ccc(Cl)cc3)c2C1c1ccc(Cl)cc1,中毒,14.188408,16.022839
O=c1c(N2Cc3cc(-c4cn[nH]n4)n(-c4ccc(F)c(Cl)c4)c3C2c2ccc(Cl)cc2)cc(Cl)cn1C1CC(O)(CO)C1,中毒,19.24008,11.513729
Fc1ccc2c(-c3cc(-c4cc5c(cc4-c4cn[nH]n4)C(c4cn(C6CC(F)(F)C6)nn4)OC5)ncn3)[nH]nc2c1,中毒,12.964365,10.119925
c1coc(CN2CCc3c(-c4cnc5nc(N6CCOCC6)sc5c4)c(-c4cn[nH]n4)cn3C2)c1,中毒,28.209002,41.80999
O=C1c2cc(-c3cn[nH]n3)n(-c3cc(F)c(F)cc3Cl)c2C(c2ccc(Cl)cc2)N1c1cc(Cl)cn(C2CC(O)(CO)C2)c1=O,中毒,18.205946,11.513729
NC(=O)C1c2cc3nc(-c4cn[nH]n4)sc3cc2C(c2ccc3scnc3c2)N1c1cccc(Cl)c1,中毒,67.58417,25.06395
O=C(C(Cc1c[nH]cn1)c1cnc2[nH]cc(-c3cn[nH]n3)c2c1Br)N(Cc1cccc(OC(F)(F)F)c1)C1CC(F)(F)C1,中毒,18.427876,23.714615
O=c1c(N2Cc3cc(-c4cn[nH]n4)cc(-c4c[nH]c5cc(F)ccc45)c32)cc(Cl)cn1C1CC(O)(CO)C1,中毒,37.54408,16.862432
Fc1cc(Nc2cc3c(cn2)C2=C3C=C(c3cn[nH]n3)CC(C3CC3)C2c2cccnc2Oc2cc(Cl)cc(Cl)c2)[nH]n1,低毒,31.350403,59.95483
O=C1c2cc(-c3cn[nH]n3)c(-c3ccc(F)s3)n2C(c2ccc(Cl)cc2F)N1c1cc(Cl)cn(C2CC(O)(CO)C2)c1=O,中毒,26.303608,13.503714
O=C1CCC2(CCC=C3C(Br)=CCC4(C5OCCCC5C5CCC(c6cn[nH]n6)C54)C34CCC2OC4)C1,中毒,64.48051,37.47639
O=C1c2c(n(-c3c(F)cc(F)cc3Cl)c3cc(Cl)c(-c4cn[nH]n4)cc23)C(c2ccc(Cl)cc2)N1c1cc(Cl)cn(C2CC(O)(CO)C2)c1=O,中毒,15.540574,13.503714
O=c1c(N2Cc3cc(-c4cn[nH]n4)cc(-c4cccnc4)c3C2c2ccc(Cl)cc2)cc(Cl)cn1C1CC(O)(CO)C1,中毒,11.985034,9.912456
O=c1c(N2Nc3cc(-c4cn[nH]n4)cc(-c4c(Cl)cccc4Cl)c3C2c2ccc(Cl)cc2Cl)cc(Cl)cn1C1CC(O)(CO)C1,中毒,27.058037,10.425424
O=C1c2cc(-c3cn[nH]n3)n(-c3ccc(CCCN4CCOCC4)cc3Cl)c2C(c2ccc(Cl)cc2)N1c1cc(Cl)cn(C2CC(O)(CO)C2)c1=O,中毒,18.205946,13.466203
Clc1cc(-c2ncccn2)nnc1OCC1CCC(c2nccn3cc(-c4ccc[nH]4)c(-c4cn[nH]n4)c23)CC1,中毒,21.741533,31.432415
OC(COc1ccc(C2c3nc(-c4cn[nH]n4)sc3CN2C2CCOCC2)cc1)Cn1cc(C2CC2)nn1,低毒,15.062865,18.738102
Nc1ncnc2c1c(COc1cc(-c3cn[nH]c3)n3cc(-c4cn[nH]n4)cc3c1)nn2CC1CC1,中毒,36.6424,71.43321
O=c1c(N2C(O)c3cc(-c4cn[nH]n4)c(-c4ccc(F)cc4F)n3C2c2ccc(Cl)c(Cl)c2)cc(Cl)cn1C1CC(O)(CO)C1,中毒,19.349394,13.503714
C1=C2CN(c3ccncc3)C(c3nc(-c4ccc(C5COC5)cc4)cs3)=C2C(c2ccncc2)=C1c1cn[nH]n1,中毒,13.515135,19.275644
O=C1c2cc(-c3cn[nH]n3)n(-c3cc(Cl)cc(Cl)c3OCC3CC3)c2C(c2ccc(Cl)cc2)N1c1cc(Cl)cn(C2CC(O)(CF)C2)c1=O,中毒,60.214355,11.513729
O=c1c(N2Cc3cc(-c4cn[nH]n4)nc(Oc4ccc(F)cc4F)c3C(c3ccc(Cl)cc3)C2c2ccc(Cl)cc2)cc(Cl)cn1C1CC(O)(CO)C1,中毒,15.557693,33.69392
O=C1c2cc(-c3cn[nH]n3)c(-c3ccc(F)c(C(F)(F)F)c3)n2C(c2ccc(Cl)cc2)N1c1cc(Cl)cn(C2CC(O)(CO)C2)c1=O,中毒,18.427805,13.503714
[O-][n+]1c(-c2c[nH]cn2)c2cnn(C3CC(O)C(O)C3O)c2c2ccc(-c3cn[nH]n3)cc21,中毒,19.273264,31.923155
c1cc2c(cn1)[nH]c1ncc(-c3cn[nH]n3)cc12,中毒,48.21718,209.50351
Clc1ccc(C2(CCCN3CCc4sc(-c5cn[nH]n5)nc4C3)CCNCC2)cc1,中毒,10.435831,15.245912
O=c1nc(N2CCc3cc(-c4cn[nH]n4)cc(-c4c(Cl)cccc4Cl)c3C2)c2c(cc1-c1c(Cl)cccc1Cl)CCO2,中毒,85.8779,22.660933
O=C1c2cc(-c3cn[nH]n3)n(-c3ccc(F)cc3)c2C(c2ccc(Cl)cc2)N1c1cc(Cl)cn(Br)c1=O,中毒,22.121504,14.026334
O=C1c2cc(-c3cn[nH]n3)n(-c3cc(F)c(F)cc3Cl)c2C(c2ccc(Cl)cc2)N1c1cc(Cl)cn(C2CCC(O)(CO)C2)c1=O,中毒,18.205946,11.513729
O=S(=O)(c1ccc(Br)cc1)N1Cc2c(cc(-c3cn[nH]n3)cc2-c2c(Cl)cccc2Cl)CC1(CNCc1ccccn1)c1cccc(F)c1,中毒,38.160046,15.791994
O=C1c2cc(-c3cn[nH]n3)n(-c3ccc(Cl)cc3Cl)c2C(c2ccc(Cl)cc2)N1c1cc(Cl)[n+]([O-])c(Br)c1I,中毒,47.20036,17.497643
[O-][n+]1cc(Cl)cc(N2C3C4=CC(Cl)=CC=C3C(Cc3cc(-c5cn[nH]n5)n(-c5ccc(F)c(Cl)c5)c3C2c2ccc(Cl)cc2)O4)c1,中毒,29.275309,13.466203
O=C1NC(c2nccs2)Cc2c(-c3c(F)cccc3Cl)cc(-c3cn[nH]n3)nc21,中毒,56.970737,8.526197
O=C1c2cc(-c3cn[nH]n3)n(-c3ccc(-c4cnoc4)cc3)c2C(c2ccc(Cl)cc2)N1c1cc(Cl)cn(C2CC(O)(CO)C2)c1=O,中毒,38.99518,12.110745
O=C1c2cc(-c3cn[nH]n3)n(-c3ccc(Cl)cc3F)c2C(c2ccccc2)N1c1cc(Cl)cn(C2CC(O)(CO)C2)c1=O,中毒,12.488247,11.513729
Fc1cc(Cl)ccc1-n1c(-c2cn[nH]n2)cc2c1C(c1ccc(Cl)cc1)N(c1cnc(Cl)c(Cl)c1)C2c1ccc(Cl)cc1,中毒,21.327534,15.110795
O=C1c2cc(-c3cn[nH]n3)[nH]c2C(c2ccc(Cl)cc2)N1c1cc(Cl)cn(C2CC(O)C(O)C2O)c1=O,中毒,7.4282966,11.513729
O=C1c2cc(-c3cn[nH]n3)n(Cc3ccc(Cl)cc3)c2C(c2ccc(Cl)cc2)N1c1cc(Cl)cn(C2CC(O)(CO)C2)c1=O,中毒,6.6767583,13.16881
NC1CCc2cc(-c3cn[nH]n3)c(Nc3cccc(Oc4ccc(C(F)(F)F)nn4)c3)c(-c3c(Cl)cccc3Cl)c21,中毒,14.207699,10.3931055
O=C1c2cc(-c3cn[nH]n3)n(-c3ccc(F)cc3F)c2C(c2ccc(Cl)c(F)c2)N1c1cc(Cl)cn(C2CC(O)(CO)C2)c1=O,中毒,12.488247,11.513729
Clc1cccc2c1=NC1=C(N3N=C(c4ccncc4)CC3c3ccc4[nH]ncc4c3)C(c3cn[nH]n3)=NC=21,中毒,49.523827,13.36574
O=C1c2cc(-c3cn[nH]n3)n(-c3ccc(F)cc3F)c2C(c2ccc(Cl)cc2)C(c2ccc(Br)cc2)N1c1cc(Cl)cn(C2CC(O)(CO)C2)c1=O,中毒,51.50488,13.503714
O=C(NCc1ccc(F)cc1)c1c(-c2cn[nH]n2)cc2n1C(c1ccc(Cl)cc1)N(c1cc(Cl)cn(C3CC(O)(CO)C3)c1=O)C2=O,中毒,29.989872,28.945686
O=C1c2cc(-c3cn[nH]n3)n(-c3ccc(Cl)cc3Cl)c2C(c2ccc(Cl)cc2)N1c1cc(Cl)cn(C2CC(F)(F)C2)c1=O,中毒,22.035963,14.026334
Nc1nc2c(N3C(=O)c4cc(-c5cn[nH]n5)n(-c5cc(Cl)ccc5F)c4C3c3ccc(Cl)cc3)cc(Cl)cn2n1,中毒,25.896519,16.275211
Fc1ccc(CNc2nccc3c(N4Cc5cc(-c6cn[nH]n6)[nH]c5C4)ncnc23)c(F)c1,中毒,24.52685,16.873318
O=C1c2cc(-c3cn[nH]n3)n(-c3c(O)cc(O)c(Cl)c3Cl)c2C(c2ccc(Cl)cc2)N1c1cc(Cl)cn(C2CC(O)(CO)C2)c1=O,中毒,51.50488,12.110745
c1cncc(-c2ccc(C3CCCn4nc(-c5cn[nH]n5)nc43)cc2)c1,中毒,31.306055,26.537148
c1nc(-c2cn[nH]n2)cs1,高毒,567.4648,94.52358
O=C1c2nc(-c3cn[nH]n3)sc2C(c2ccsc2O)N1c1cc(Cl)cn(C2CC(O)(CO)C2)c1=O,中毒,36.83937,17.484896
O=c1c(N2Cn3cc(-c4cn[nH]n4)c(-c4ccnc(Oc5ccc(C(F)(F)F)cc5)c4)c3C2c2ccc(Cl)cc2)cc(Cl)cn1C1CC(O)(CO)C1,中毒,17.171513,16.230408
c1n[nH]nc1-c1cc2nc(N3CC4CCC(C3)N4)cc(C3CC4CCCOC43)n2c1,中毒,4.480423,48.379475
O=C1C2=C(C(=O)c3cc(Br)ccc31)N1ON=C(c3cccc(Cl)c3)CC(C3=Nc4cc(-c5cn[nH]n5)ccc4C3)CCC1(O)C2=O,中毒,82.48367,45.758514
O=C1c2cc(-c3cn[nH]n3)n(-c3ccnc(Cl)c3)c2C(c2ccc(Cl)cc2)N1c1cc(Cl)cn(-c2ccsc2)c1=O,中毒,17.475342,14.0600395
NC1(O)CC(n2cc(Cl)cc(N3C(=O)c4cc(-c5cn[nH]n5)n(-c5ccc(Cl)cc5)c4C3c3ccc(Cl)cc3)c2=O)C1,中毒,36.175117,11.513729
c1cc(NC2CCc3ncc(-c4cn[nH]n4)cc3C2)ccn1,高毒,11.361559,272.99344
N#CC1(NC(=O)N2CCc3c(-c4cc(-c5cn[nH]n5)cc5c4CS(=O)(=O)C5)csc32)CC1,中毒,9.65908,49.36833
O=c1c(N2Cc3cc(-c4cn[nH]n4)n(-c4ccnc(Cl)c4)c3C2c2ccc(Cl)cc2)nc(Cl)cn1C1CC(O)C(O)C1,中毒,14.882899,17.33289
O=c1c(N2Cc3cc(-c4cn[nH]n4)n(-c4ccc(F)cc4)c3C2c2cccc(F)c2F)cc(Cl)cn1C1CC(O)(CO)C1,中毒,15.763229,11.513729
O=C1NN=C2CCN2Cc2c(cc(-c3cn[nH]n3)cc2-c2c(Cl)cccc2Cl)-c2cnncc21,低毒,13.994848,27.10884
O=c1c(N2Cc3cc(-c4cn[nH]n4)cc(-c4cccc(Br)c4)c3C2c2ccc(Cl)cc2)cc(Cl)cn1C1CC(O)(CO)C1,中毒,11.985034,9.912456
FC1(F)C2=C(CC(C3CC3)C1(F)F)N(c1ccnc(Cl)c1)C(c1ccc(Cl)cc1)c1c2cc(-c2cn[nH]n2)n1-c1ccc(Cl)cc1,中毒,22.035963,15.967391
O=C1c2nc(-c3cn[nH]n3)cc(-c3cnc4[nH]ccc4c3)c2C(c2ccc(Cl)cc2)N1c1cc(Cl)cn(C2CC(O)(CO)C2)c1=O,中毒,39.425797,12.110745
O=C1c2nc(-c3cn[nH]n3)cc(-c3cc(F)ccc3F)c2C(CN2CC2)C(c2ccc(Cl)cc2)N1c1cc(Cl)cn(C2CCC(O)(CO)C2)c1=O,中毒,37.24519,13.503714
Fc1ccccc1N1Cc2sc(Nc3nc(-c4cn[nH]n4)cs3)nc2CC1CN1CCOc2c(Cl)ccc(F)c21,中毒,31.20685,22.804161
Clc1cccc(-c2ncc3nc(-c4ccc5oc(-c6cn[nH]n6)cc5c4)[nH]c3n2)c1,中毒,37.133186,50.954357
O=C1c2cc(-c3cn[nH]n3)n(CC(F)(F)Cl)c2C(c2ccc(Cl)cc2Cl)N1c1cc(Cl)cn(C2CC(O)(CO)C2)c1=O,中毒,20.18954,19.915518
Fc1ccccc1C1C=C(c2cn[nH]n2)N=C2CN(c3cc(Cl)cnc3C3COC3)C2=C1c1cn2nc(-c3cnc[nH]3)nc2s1,中毒,28.345415,13.503714
O=C1c2nc(-c3cn[nH]n3)cc(-c3cc4ccccc4o3)c2C(c2ccc(Cl)cc2)N1c1cc(Cl)cn(C2CC(O)(CO)C2)c1=O,中毒,39.425797,12.110745
O=c1c(N2Cc3nc(-c4cn[nH]n4)nc(-c4ccoc4)c3C2c2ccc(Cl)cc2Cl)cc(Cl)cn1C1CC(O)(CO)C1,中毒,11.950813,32.92288
O=C1C2=C(c3cn[nH]n3)N=NC2=Cc2c(C(F)(F)F)ccc(-c3ncc(Oc4cc(F)c(F)c(F)c4)cc3Cl)c21,中毒,32.65125,18.332573
O=C1c2cc(-c3cn[nH]n3)n(-c3ccc(F)cc3F)c2C(c2ccc(Cl)cc2)N1c1cc(Cl)cn(C2CC(O)(CO)C2O)c1=O,中毒,12.488247,11.513729
O=C1c2cc(-c3cn[nH]n3)n(Cc3ccc(F)cc3F)c2C(c2ccc(Cl)cc2)N1c1cc(Cl)cn(C2CC(O)(CO)C2)c1=O,中毒,6.6767583,13.16881
O=C1c2cc(-c3cn[nH]n3)n(-c3ccc(F)c(Cl)c3)c2C(c2ccc(OC(F)(F)F)cc2)N1c1cc(Cl)cn(C2CC(O)(CO)C2)c1=O,中毒,14.882899,11.513729
Fc1cc(Cl)ccc1-n1c(-c2cn[nH]n2)cc2c1C(c1ccc(Cl)cc1)N(c1cc(Cl)c(Cl)s1)C2c1ccc(Cl)cc1,中毒,28.501118,23.074959
O=C1c2cc(-c3cn[nH]n3)n(-c3ccc(Cl)cc3)c2C(c2ccc(Cl)cc2)N1c1cc(Cl)cn(C2CC(O)(CO)C2)c1=S,中毒,14.882899,41.67566
Fc1ccc(-n2nc(F)cc2-c2cc(N3Cc4cc(-c5cn[nH]n5)sc4C3)ncn2)cc1,中毒,11.142302,52.966587
O=C1c2cc(-c3cn[nH]n3)n(-c3ccc(Cl)cc3)c2C(c2ccc(Cl)cc2)N1c1cc(Cl)cn2nc(Br)cc12,中毒,43.942547,16.275211
O=C(O)c1cn(C2CC(F)(F)C2)c2cc(-c3cn[nH]n3)c(F)cc2c1=O,中毒,13.554535,18.643522
c1ccc2c(c1)SC2c1cc(-c2cn[nH]n2)cs1,高毒,43.452194,13.465597
O=C1c2cc(-c3cn[nH]n3)n(-c3ccc(Cl)cc3F)c2C(c2ccc(F)cc2)N1c1cc(Cl)cn(C2CC(O)(CO)C2)c1=O,中毒,12.488247,11.513729
O=C(c1ncc(Cl)cc1N1C(=O)C(c2cn[nH]n2)=CC2=C(CC1c1cccc(Cl)c1)C(c1c(Cl)cccc1Cl)=C2)N1CCC1,中毒,60.827026,16.057194
O=C1c2nc(-c3cn[nH]n3)c(-c3ccc(Cl)cc3)n2C(c2ccc(Cl)cc2)N1c1cc(Cl)c(=O)n(C2CC2)c1,中毒,23.152437,15.210127
O=C1c2cc(-c3cn[nH]n3)n(-c3ccc(Cl)cc3F)c2C(c2ccc(Cl)cc2C(F)(F)F)N1c1cc(Cl)cn(C2CC2)c1=O,中毒,17.272402,14.0600395
O=C1c2cc(-c3cn[nH]n3)c(-c3ccc(Cl)cc3)n2C(c2ccc(Cl)cc2F)N1c1cc(Cl)cn(C2CC(O)(CO)C2)c1=O,中毒,19.951618,13.503714
O=c1c(N2Cc3cc(-c4cn[nH]n4)cc(-c4cc(-c5cc6ccc(F)cc6o5)cs4)c3C2c2ccc(Cl)cc2)cc(Cl)cn1C1CC(O)(CO)C1,中毒,6.532791,13.503714
O=C(Cc1c[nH]c2ccccc12)N1CCCN(Cc2ccc(COC3=C4N=C(c5cn[nH]n5)C=C4N=C3c3ccncc3F)cc2Cl)CC1,中毒,41.761864,15.303033
O=C1N(c2cc(Cl)cn(C3CC(O)(CO)C3)c2=O)C(c2ccc(Cl)cc2)c2c(-c3ccc(Cl)cc3)c(-c3cn[nH]n3)nn21,中毒,5.2253237,13.503714
O=c1c2c(NC3CCOCC3)cc3c(c2nc(-c2cn[nH]n2)n1-c1c(Cl)cccc1Cl)C1CCCC31,中毒,12.13543,81.16114
O=c1c(-c2cn[nH]n2)cc2c(N3CCCC3)nc(C3CC3)nc2n1-c1ccc(F)cc1F,中毒,7.902965,21.61642
O=C1c2c(cc(-c3cn[nH]n3)n2-c2ccc(Cl)cc2Cl)CN1c1cc(Cl)cn(C2CC2)c1=O,中毒,36.543884,14.026334
Clc1ccc(N2CCN(c3nc4cc(-c5cn[nH]n5)ccc4[nH]3)CC2)c(Cl)c1,中毒,14.532347,97.508026
Clc1cncc(Cl)c1-c1cc(-c2cn[nH]n2)cc2c1CSC2,中毒,18.806551,37.386982
O=C1c2cc(-c3cn[nH]n3)n(-c3ccc(F)cc3F)c2CC(c2ccc(Cl)cc2)N1c1cc(Cl)cn(C2CC(O)(CO)C2)c1=O,中毒,18.205946,13.503714
Clc1ccc(OC(COCc2ccccc2)c2c(-c3ccnc4[nH]ccc34)cc(Sc3cccnc3)nc2-c2nc(-c3cn[nH]n3)cs2)cc1,中毒,19.636173,16.64782
O=c1c2c(cnc(-c3ccc(-c4cc[nH]n4)nc3)c1-c1ccc(F)c(Cl)c1)Cn1cc(-c3cn[nH]n3)cc1-2,中毒,16.03124,21.527288
O=C1c2cc(-c3cn[nH]n3)n(-c3ccc(F)cc3)c2C(c2ncc(Cl)cn2)N1c1cc(Cl)cn(C2CC(O)(CO)C2)c1=O,中毒,4.3543735,11.513729
Fc1cc(Cl)ccc1-c1cc2c(n1-c1cn[nH]n1)CC(c1cccnc1)=NC2c1ccc(Cl)cc1,中毒,43.974907,42.096107
O=C1c2cc(-c3cn[nH]n3)n(-c3ccc(Cl)c(Cl)c3)c2CN1c1cc(Cl)cn(C2CC(O)C(OO)C2)c1=O,中毒,4.3543735,11.513729
Clc1ccc(C2c3c(-c4c(Cl)cccc4Cl)cc(-c4cn[nH]n4)cc3N2c2cc(Cl)cc(Cl)c2)cc1,低毒,6.202493,51.814342
O=c1c(Cl)cc(Cl)ccc2c3cc(-c4cn[nH]n4)cc4c-2c2c(n1C(c1cccc(Cl)c1)c34)=CC(Cl)=CN2C1CC(O)(CO)C1,中毒,10.485148,31.970877
O=C1c2cc(-c3cn[nH]n3)c(-c3cc(F)c(Cl)cc3Cl)n2N1c1cc(Cl)cn(C2CC(O)(CO)C2)c1=O,中毒,16.011526,14.418226
O=C1c2cc(-c3cn[nH]n3)n(-c3ccc(F)c(Cl)c3)c2C(C(F)(F)F)N1c1cc(Cl)cn(C2CC(O)C(O)C2)c1=O,中毒,10.328205,33.968105
O=C1c2cc(-c3cn[nH]n3)cc(-c3c(Cl)cccc3Cl)c2C(c2ccoc2)C(c2ccc(Cl)cc2)N1c1cc(Cl)cn(C2CC(O)(CO)C2)c1=O,中毒,14.0745,16.862432
O=C1c2cc(-c3cn[nH]n3)c(-c3ccsc3)cc2N1c1cc(Cl)cn(C2CC(O)(CO)C2)c1=O,中毒,38.74793,10.425424
N#Cc1ccnn1C1CCC(C2Cc3ncnc(N4Cc5cc(-c6cn[nH]n6)cc(-c6c(Cl)cccc6Cl)c5C4)c32)CC1,中毒,37.86112,16.680515
Clc1cc(Nc2ccsc2)ncc1-c1cn[nH]n1,高毒,12.276478,154.95142
O=C1c2cc(-c3cn[nH]n3)n(-c3ccc(Cl)cc3F)c2C(c2ccc3c(c2)OCO3)C(CO)N1c1cc(Cl)cn(C2CC(O)(CO)C2)c1=O,中毒,51.50488,13.466203
O=c1[nH]cc(Cl)cc1N1C2C3=CC(Cl)=CC=C2C(=N3)c2cc(-c3cn[nH]n3)n(-c3ccccc3)c2C1c1cccs1,中毒,22.035963,14.3937645
Oc1ccc2c(c1)cc(-c1cn[nH]n1)c1cncn12,中毒,7.074627,44.01854
O=S1(=O)c2cc(Cl)c(N3CCOCC3)cc2-c2cc(-c3cn[nH]n3)cc(-c3cc(Cl)cc(NCc4cc[nH]n4)c3)c21,高毒,24.321955,15.3824005
Clc1cccc(Cl)c1-c1cc(-c2cn[nH]n2)cc2c1CCN(Cc1ncco1)C2,中毒,14.553352,96.21441
c1n[nH]nc1-c1cc2cc(N3C4CCC3COC4)nc(C3CC3)n2c1,中毒,7.3026776,22.321974
O=C1c2cc(-c3cn[nH]n3)n(-c3cccc(Cl)c3Cl)c2C(c2ccc(Cl)cc2)N1c1cc(Cl)cn(C2CC(O)(CO)C2)c1=O,中毒,18.205946,11.513729
Fc1cc2oc3cc(-c4ccc5oc(C6CC6)cc5c4)cc(Cl)c3c2cc1-c1cn[nH]n1,中毒,9.605156,74.751274
Fc1cc(Cl)ccc1-n1c(-c2cn[nH]n2)cc2c1C(c1ccc3c(c1)OCCO3)N(c1cncnc1)C2,中毒,21.327534,17.388487
O=C1C2CC(O)(CO)CC(N3C(=O)c4cc(-c5cn[nH]n5)n(-c5ccc(Cl)cc5)c4C3c3ccc(Cl)cc3)=CC(Cl)=CN12,中毒,14.940432,20.012468
O=C1c2cc(-c3cn[nH]n3)n(-c3ccc(F)cc3F)c2C(c2ccc(C(F)(F)F)c(C(F)(F)F)c2)N1c1cc(Cl)cn(C2CC2)c1=O,中毒,17.272402,14.026334
O=C1c2cc(-c3cn[nH]n3)n(-c3ccc(Cl)cc3)c2C(c2ccc(Cl)cc2)N1c1cc(Cl)cn(C2CC(O)(CO)O2)c1=O,中毒,14.882899,13.503714
O=C1c2cc(-c3cn[nH]n3)n(-c3ccc(F)cc3)c2C(c2ccc(Br)cc2)N1c1cc(Cl)cn(C2CC(O)(CO)C2)c1=O,中毒,14.882899,11.513729
Clc1cncc(Oc2ncnc3cc(OC4CC5COC5C4)c(-c4cn[nH]n4)cc23)c1,中毒,11.604998,31.084614
O=C1Cc2cc(-c3cn[nH]n3)n(-c3ccc(Cl)cc3)c2C(c2ccc(Cl)cc2)N1c1coc(C2(C(F)(F)F)CC2)c1,中毒,21.327534,39.1424
O=C1C(c2cn[nH]n2)=Cc2c1[nH]c1cc(-c3cncnc3)ncc21,中毒,74.82076,82.02066
O=c1c(N2Cc3cc(-c4cn[nH]n4)cc(-c4c(Br)c(CO)nn4-c4ccc(Cl)cc4)c3C2c2ccc(Cl)cc2)cc(Cl)cn1C1CC(O)(CO)C1,中毒,30.422787,15.303033
O=C1c2cc(-c3cn[nH]n3)n(-c3ccc(Cl)cc3)c2C(c2ccc(Cl)cc2)N1c1cc(Cl)cn(C2CC(F)(F)C2)c1=O,中毒,22.035963,14.026334
O=C1c2nc(-c3cn[nH]n3)oc2C(c2ccc(Cl)cc2)N1c1cc(Cl)cn(C2CC(O)(CO)C2)c1=O,中毒,38.99518,34.717995
O=C1c2cc(Cl)cc(Cl)c2-c2cc(-c3cn[nH]n3)nc(C3CC3)c21,中毒,28.743214,38.35233
c1cc2sc(-c3cn[nH]n3)nc2cc1-c1cn[nH]c1,中毒,158.54938,29.915695
CN(c1cc(Cl)cn(C2CC(O)(CO)C2)c1=O)C(c1ccc(Cl)cc1Cl)c1c2cc(-c3cn[nH]n3)c-2c1-c1c(C#N)cnc2cc(Cl)c(Cl)cc12,中毒,7.3837323,7.924102
O=C1c2cc(-c3cn[nH]n3)n(-c3ccc(Cl)cc3F)c2C(c2ccc(Cl)cc2)N1c1cc(Cl)cn(C2CC(CO)(CO)C2)c1=O,中毒,12.488247,11.513729
O=C1c2cc(-c3cn[nH]n3)n(-c3ncc(Cl)cc3F)c2C(c2ccc(Cl)cc2)N1c1cc(Cl)cn(C2CC(O)(CO)C2)c1=O,中毒,12.488247,11.513729
O=C(O)c1cn(-c2ccc3[nH]cnc3c2)c2nc(N3CC(Nc4cn[nH]n4)C3)c(F)cc2c1=O,中毒,34.181477,17.625587
O=C(O)C1(CC2C3=NC(N4C(Br)c5nc(-c6cn[nH]n6)cc(-c6ccc(O)cc6F)c5C4c4ccc(Cl)cc4)=CC(Cl)=CN32)CC1,中毒,54.712322,20.934618
C1=C2c3cc(-c4cn[nH]n4)sc3C2(c2ccc3[nH]c(C4CCNC4)cc3c2)CO1,中毒,18.138134,15.252483
O=C1C(=O)N(c2ccc(OP(=O)(O)O)c3cc(Cl)ccc23)N=C1c1cn[nH]n1,中毒,6.8738384,108.54086
O=C1c2cc(-c3cn[nH]n3)n(-c3ccc(F)cc3)c2C(c2ccccn2)N1c1cc(Cl)cn(C2CC(O)(CO)C2)c1=O,中毒,38.834198,12.110745
O=C1c2cc(-c3cn[nH]n3)cc3[nH]cc(c23)C(c2ccc(Cl)cc2)N1c1cc(Cl)cn(C2CC(O)(CO)C2)c1=O,中毒,6.339412,10.801412
OCC(Oc1nc(-c2cncnc2)ccc1C1(c2nc(-c3cn[nH]n3)no2)CC1)c1ccccc1,中毒,33.94356,20.340137
O=S(=O)(c1cc(-c2cn[nH]n2)cnc1N1CCCNCC1)N1CCNc2ccnc(F)c2C1,中毒,23.781008,22.150566
O=C(O)C1CC(n2cc(Cl)cc(N3C(=O)c4cc(-c5cn[nH]n5)n(-c5ccc(Cl)cc5)c4C3c3ccc(Cl)cc3)c2=O)C1,中毒,14.882899,11.513729
O=C1CC2(CN1)Cc1cc(-c3cn[nH]n3)c(-c3ccncc3)cc1C(c1ccc(Cl)cc1)N(c1cc(Cl)cc(Cl)c1)C2,中毒,30.156923,33.477055
OCc1ccc2cc(N3CN(c4nc(-c5cn[nH]n5)cs4)CC34CCCCC4)cnc2c1,中毒,12.247054,16.070461
Fc1cc(-c2cn[nH]n2)cc2c(-c3cnn4ncccc34)c(-c3ccoc3)ncc12,中毒,3.9423385,9.258209
Clc1cc2[nH]ccc2c(C2=C(c3cncnc3)C3=CC(c4cn[nH]n4)=C(c4ccnc5[nH]cnc45)C3=N2)n1,中毒,8.5925865,24.618824
O=C1c2nc(-c3cn[nH]n3)cc(-c3c(F)cccc3Cl)c2C(c2ccc(Cl)cc2)N1c1cc(Cl)cn(C2CC(O)(CO)C2)c1=O,中毒,37.24519,12.110745
Fc1ccc(-n2c(-c3cn[nH]n3)cc3c2C(c2ccc(Cl)cc2)N(c2ccc(Cl)cc2)C3c2ccc(Cl)cc2)cc1,中毒,28.622856,23.107658
O=c1oc2cc(Br)c(Br)cc2cc1-c1cn[nH]n1,高毒,11.082629,22.459305
Clc1ccc(C(c2ccc(-c3cn[nH]n3)cc2)N2CCN(c3nnc(-c4ccc5[nH]ncc5c4)o3)CC2)cc1,中毒,6.405346,116.79238
OCC1CN(c2cc(-c3ccc(C(F)(F)F)cc3)nc3ncc(-c4cc5c(cc4-c4cn[nH]n4)CC4C5CC(N5CCOCC5)C(F)C4O)cc23)CCO1,中毒,5.4913397,16.763186
O=C1c2nn(-c3cn[nH]n3)c(-c3ccc(Oc4ccc(F)c(Cl)c4F)cc3)c2C(c2ccc(Cl)cc2)N1c1cc(Cl)cn(C2CC(O)(CO)C2)c1=O,中毒,5.865237,33.378986
O=C1c2cc(-c3cn[nH]n3)n(-c3ccc(C(F)(F)F)cc3F)c2C(c2ccc(Cl)cc2)N1c1cc(Cl)cn(C2CC(O)(C(=O)O)C2)c1=O,中毒,12.488247,13.466203
O=C1CC(n2cc(Cl)cc(N3C(=O)c4cc(-c5cn[nH]n5)nc(Oc5ccccc5)c4C3c3ccc(Cl)cc3)c2=O)CO1,中毒,8.943379,13.503714
O=C1NN=C2C1=CC(c1cn[nH]n1)=CC2c1ccn(-c2ccccc2)c1,中毒,14.472043,17.675537
O=C1c2cc(-c3cn[nH]n3)n(-c3ccc(Cl)cc3)c2C(c2ccco2)N1c1cc(Cl)cn(C2CC(O)(CO)C2)c1=O,中毒,12.423064,11.513729
O=C1c2cc(-c3cn[nH]n3)n(-c3ccccc3)c2C(c2ccc(Cl)cc2)(c2ccc(Cl)cc2)N1c1cc(Cl)cn(C2CC(O)(CO)C2)c1=O,中毒,14.882899,11.513729
Clc1ccc(Oc2ccc(Cl)cc2-c2cc(-c3cn[nH]n3)cc3c2C(c2cc(Br)cs2)=NCC2=C3CCCC2)cc1,中毒,36.757736,8.094371
c1cc2cc(CN3CCC(CNC4(c5cc(-c6cn[nH]n6)c[nH]5)CC4)CC3)ccc2[nH]1,中毒,11.040277,91.523445
O=c1onc(-c2cc(-c3cn[nH]n3)cc3c2CN(c2ccc(Cl)cc2)C3)n1-c1ccc(Br)cc1,中毒,32.25837,111.25053
Fc1cc2nc(CN3CCC4=C3c3nc5cc(OC(F)F)ccc5c(-c5cn[nH]n5)c3C4)sc2cc1Cl,中毒,34.261745,23.423172
c1n[nH]nc1C1COC2C1OOC1(CCCC1)CC2N1CCCC1,中毒,14.504077,74.74908
O=C1c2nc(-c3cn[nH]n3)cc(-c3ccc(Oc4ccccc4)cc3)c2C(c2ccccc2F)N1c1cc(Cl)cn(C2CC(O)(CO)C2)c1=O,中毒,35.69709,12.110745
Clc1cc2c(cc1-c1ccc(N3CCOCC3)cn1)CCn1cc(-c3cn[nH]n3)nc1-2,中毒,31.279161,64.26955
O=S1(=O)c2cc(Br)c(C#Cc3cccc(F)c3OC3CC3)cc2-c2cc(-c3cn[nH]n3)n(-c3ccc(Cl)cc3Cl)c21,中毒,25.896519,13.5537195
O=C1c2cc(-c3cn[nH]n3)c(-c3ccc(OCCN4CCOCC4)cc3)n2C(c2ccc(Cl)cc2)N1c1cc(Cl)cn(C2CC(O)(CO)C2)c1=O,中毒,19.951618,13.503714
O=C1c2nc(-c3cn[nH]n3)cc(-c3cc4cccnc4o3)c2C(c2ccc(Cl)cc2)N1c1cc(Cl)cn(C2CC(O)(CO)C2)c1=O,中毒,27.185892,13.503714
O=C1C(c2cn[nH]n2)=CC2=C(C(c3c(Cl)cccc3Cl)=N2)C(c2ccc(Cl)cc2)N1c1cc(Cl)cn(C2CC(O)(CO)C2)c1=O,中毒,42.371994,15.303033
O=C1c2nc(-c3cn[nH]n3)c(-c3ccc(Cl)cc3)n2C(c2cccc(Cl)c2F)N1c1cc(Cl)cn(C2CC(O)(CO)C2)c1=O,中毒,32.68572,13.447941
O=c1[nH]c(-c2cn[nH]n2)nc2sc3c(c12)CCN(CCCOc1ccc(Cl)c(Cl)c1)C3,中毒,25.220207,20.333221
O=c1c(N2Cc3cc(-c4cn[nH]n4)n(-c4ccc(F)cc4F)c3C2c2ccc(Cl)cc2)cc(Cl)cn1C1CC(COP(=O)(O)O)C1,中毒,15.763229,11.513729
O=C1c2nc(-c3cn[nH]n3)c(-c3ccc(F)c(Cl)c3)n2C(c2ccc(Cl)cc2)N1c1cc(Cl)cn(C2CC(O)(CO)C2Cl)c1=O,中毒,41.15799,13.447941
FC(F)(F)c1nccn1-c1ccc(-c2cc3c(cn2)CCc2sc(-c4cn[nH]n4)cc2-3)cc1,中毒,8.212578,47.03901
c1cn2cc(-c3cn[nH]n3)nc(N3CCN(CC4CC4)CC3)c2n1,中毒,50.76285,37.46404
O=C1c2cc(-c3cn[nH]n3)n(-c3ncc(Cl)cc3F)c2C(c2ccc(Cl)cc2)N1c1cc(Cl)cn(C2CC(O)C(O)C2)c1=O,中毒,12.488247,11.513729
Fc1ccc(-n2c(-c3cn[nH]n3)cc3c2C(c2ccc(Cl)cc2)N(C2=CC(F)(F)OC=C2)C3c2ccc(Cl)cc2F)c(F)c1,中毒,23.657877,25.921509
O=C1c2cc(-c3cn[nH]n3)n(-c3cccc(F)c3F)c2C(c2ccc(Cl)cc2)N1c1cc(Cl)cn(C2CC(O)(CO)C2)c1=O,中毒,12.488247,11.513729
c1ccc2c3c(cnc2c1)OC31CC(c2cc(-c3cn[nH]n3)cs2)=NO1,中毒,31.9534,15.75873
O=c1c(N2C3=NC(C3)Cc3cc(-c4cn[nH]n4)n(-c4ccc(Cl)cc4F)c3C2c2ccc(Cl)cc2)cc(Cl)cn1C1CC(O)(CO)C1,中毒,20.18954,17.379768
O=c1c(N2Cc3cc(-c4cn[nH]n4)n(-c4ccc(Cl)cc4)c32)cc(Cl)cn1C1CC(O)C(O)C1,中毒,33.35466,34.27415
O=C1c2nc(-c3cn[nH]n3)sc2CC(C(F)(F)F)C(c2ccc(Cl)cc2)N1c1cc(Cl)cn(C2CC(O)(CO)C2)c1=O,中毒,25.494274,18.239529
O=C1c2c(cc(-c3cn[nH]n3)n2-c2ccc(Cl)cc2C2(c3ccc(Cl)cc3)CC2)CN1c1cc(Cl)cn(C2CC(O)(CO)C2)c1=O,中毒,43.309574,28.945686
O=C1C(c2cn[nH]n2)=CC2=S3C=CC=C3NC2=C1Nc1ccc2c(c1)OCO2,中毒,7.487054,14.649772
O=c1c(Cl)cnc2cc(-c3cc4c(cc3-c3cn[nH]n3)CC3CN(CC3CCl)C43CCOCC3)ccn12,中毒,35.04406,66.623085
NC(=O)CN1CCN(c2cncc(-c3cn[nH]n3)c2)CC1C1CCN(c2ccccn2)CC1,高毒,29.52329,91.6593
Fc1cc(Cl)ccc1C1Cc2cc(-c3cn[nH]n3)cc(-c3ccnc(-c4nc(C5CC5)no4)c3)c2O1,中毒,20.022247,55.040062
O=c1c(N2Cc3cc(-c4cn[nH]n4)cn3C2c2ccc(Cl)cc2)cc(Cl)cn1C1CC(O)(CO)C1,中毒,6.470657,28.945686
Fc1cccc(F)c1-c1cc(-c2cn[nH]n2)c(-c2ccc(-c3cnco3)cc2)cn1,中毒,10.821393,45.824654
c1csc(C2(Cn3cc(CCN4c5cc(sc6cc(-c7cn[nH]n7)cc5-6)NC4c4ccsc4)cn3)CC2)c1,中毒,8.436989,15.601646
c1n[nH]nc1-c1c[nH]c2nsnc12,中毒,73.14709,109.78381
NC1(CCCl)CCCN([SH]2Cc3cc(-c4cn[nH]n4)n(-c4ccc(Cl)cc4F)c3C2c2ccc(Cl)cc2)C1,中毒,18.264595,33.273403
O=C1c2cc(-c3cn[nH]n3)c(-c3c(F)cccc3Cl)n2C(c2ccc(Cl)cc2)N1c1cc(Cl)cn(C2CC(O)(CO)C2)c1=O,中毒,32.68572,13.503714
ON1C2=NC=NC1(C(F)(F)F)C(c1ccc(-c3ccncc3)cc1)N1OC2C1c1cn[nH]n1,中毒,70.4804,12.110745
O=C1c2c(nc3ccc(Br)cc3c2-c2cn[nH]n2)C(c2ccc(Cl)cc2)N1c1cc(Cl)cn(C2CC(O)(CO)C2)c1=O,中毒,26.553892,12.110745
O=c1c(N2Cc3cc(-c4cn[nH]n4)c(-c4ccc(F)cc4)n3C2c2ccc(Cl)cc2)cc(Cl)cn1C1CC(O)(CO)C1,中毒,13.5253525,13.503714
[O-][S+]1CC(c2ccc(-c3cccnc3)cc2)c2cc(-c3cn[nH]n3)cc(-c3ccc4c(c3)OCO4)c21,中毒,26.551004,12.843587
BrCCN1c2cc(Oc3ccc(Oc4ccccc4)cn3)nc3cc(-c4cn[nH]n4)cc-3c21,中毒,16.161053,17.522934
O=C1c2cc(-c3cn[nH]n3)c(-c3nc(Oc4ccc(Cl)cc4)ncc3F)cc2CC(c2ccc(Cl)cc2Cl)N1c1cc(Cl)cn(C2CC(O)(CO)C2)c1=O,中毒,22.235992,19.79431
O=C1OCC2=C1C(c1ccc(C(F)(F)F)cc1)c1cc(-c3cn[nH]n3)c(-c3c(F)cccc3Cl)cc1N2c1cc(F)c(OCl)cc1Cl,中毒,12.950305,14.585049
O=C1c2cc(-c3cn[nH]n3)c(-c3ccc(O)cc3)nc2C(c2ccc(Cl)cc2)N1c1cc(Cl)cn(C2CC(O)(CO)C2)c1=O,中毒,13.216523,12.087409
O=C(OC1CCOCC1)N1CC(c2cnc3nc(-c4cn[nH]c4)cc(C(F)(F)F)c3c2)=C2C=C(c3cn[nH]n3)C=C2CC1C1CC1,中毒,17.636326,27.081776
O=C1c2cc(-c3cn[nH]n3)n(-c3ccc(F)cc3F)c2C(c2cccnc2)N1c1cc(Cl)cn(C2CC(O)(CO)C2)c1=O,中毒,12.488247,11.513729
OCC(O)COc1ccc(-c2nc(NCC3CC(F)C3)c3c(-c4ccco4)nc(Nc4ccc(Oc5ccccc5)cc4)c(-c4cn[nH]n4)c3n2)c(O)c1,中毒,11.1800785,19.498043
Fc1ccc(-c2c(N3CCC3)nc(-c3ccncc3)c3cc(-c4cn[nH]n4)nnc23)cc1F,中毒,10.216794,73.496956
c1cncc(CNc2ccc(-c3c(-c4ccncc4)[nH]c4ccc(-c5cn[nH]n5)cc34)cc2)c1,中毒,6.6816597,61.417336
O=C1C(COc2cccc([N+](=O)[O-])c2)=C(c2ccc(Cl)cc2)c2cnc(-c3cn[nH]n3)cc21,中毒,26.419167,12.823236
O=c1c(N2Cc3cc(-c4cn[nH]n4)n(-c4ccc(Cl)cc4)c3C2c2ccc(Cl)cc2)cc(Cl)cn1C1CC(O)C(O)C1,中毒,19.24008,11.513729
O=S1(=O)CC(c2ccc(Cl)cc2)(c2ccc(Cl)cc2Cl)SCC12c1scc(-c3cn[nH]n3)c12,中毒,50.989967,47.89941
CC1(O)CC(n2cc(Cl)cc(N3C(=O)c4cc(-c5cn[nH]n5)n(-c5cc(Cl)cc(Cl)c5)c4C3c3ccc(Cl)cc3)c2=O)C1,中毒,31.338547,11.513729
O=C1c2nc(-c3cn[nH]n3)nc(Nc3ccccc3Cl)c2C(c2ccc(Cl)cc2)N1c1cc(Cl)cn(C2CC(O)(CO)C2)c1=O,中毒,16.880064,13.466203
[O-][S+]1Cc2c(cc(-c3cn[nH]n3)cc2-c2noc(C3C4COC3C4)n2)CC1CO,中毒,54.914234,39.86615
O=C1CCC2C(=O)N3C(=CC(Cl)=CN12)c1cc(-c2cn[nH]n2)n(-c2cc(F)cc(F)c2)c1C3c1ccc(Cl)cc1,中毒,9.941943,20.805506
Clc1ccc(-c2cn[nH]c2)cc1Nc1ncnc2c1-c1cc(-c3cn[nH]n3)cc(-c3c(Cl)cccc3Cl)c1CN2C1CCN(C2CCC2)C1,中毒,18.680584,24.661001
O=C1c2cc(-c3cn[nH]n3)n(-c3cc(Cl)c(OCC(F)(F)F)cc3F)c2C(c2ccc(Br)cc2)N1c1cc(Cl)cn(C2CC(O)(CO)C2)c1=O,中毒,23.909687,13.466203
O=C1c2cc(-c3cn[nH]n3)n(-c3ccc(-c4cnccn4)cc3)c2N1c1cc(Cl)cn(C2CC(O)(CO)C2)c1=O,中毒,23.68336,15.303033
O=S1(=O)COc2c(-c3c(F)cccc3F)cc(-c3cn[nH]n3)cc21,中毒,7.5425506,22.00995
O=c1c(N2Cc3cc(-c4cn[nH]n4)cc(-c4cnn(Cc5nnco5)c4)c3C2c2ccc(Cl)cc2)cc(Cl)cn1C1CC(O)(CO)C1,中毒,9.036046,11.251453
O=C1c2cc(-c3cn[nH]n3)n(-c3ccc(F)cn3)c2C(c2ccc(Cl)cc2)N1c1cc(Cl)cn(C2CC(O)C(O)C2)c1=O,中毒,14.882899,11.513729
OC1CC(n2ccc(N3Cc4cc(-c5cn[nH]n5)n(-c5ccc(F)cc5F)c4C3c3ccc(Cl)cc3)c2)CC1O,中毒,15.763229,19.356245
O=P(O)(O)N1CCC2=C(C=C3C(c4conc4Cc4ccc(Cl)cc4)=CC(O)=C32)c2c(cc(-c3cn[nH]n3)cc2-c2cccc(Cl)c2Cl)C1,中毒,66.78135,35.36508
Clc1cc2c(nc(NC3CCC3)c3oc(-c4cn[nH]n4)cc32)c(Cl)n1,中毒,10.43114,106.41727
O=C1c2cc(-c3cn[nH]n3)nc(-c3csc(Oc4cccc(F)c4)c3)c2C(c2ccc(Cl)s2)N1c1cc(Cl)cn(C2CC(O)(CO)C2)c1=O,中毒,10.747536,12.110745
O=C1c2cc(-c3cn[nH]n3)n(-c3ccc(Cl)cc3)c2C(c2c[nH]cn2)N1c1cc(Cl)cn(C2CC(O)(CO)C2)c1=O,中毒,12.423064,13.466203
O=S1(=O)C=C(c2ccsc2)c2cnc(-c3cn[nH]n3)cc2CN1,中毒,22.883608,22.214731
Fc1cc(Br)ccc1-n1c(-c2cn[nH]n2)cc2c1C(c1ccc3c(c1)OCO3)N(Cc1ccc(Cl)cc1Cl)C2c1ccc(Cl)cc1Br,中毒,28.501118,19.0332
O=[N+]([O-])c1cc(-c2cn[nH]n2)ccc1OCC1CCN(Cc2cccc3nccnc23)CC1,中毒,5.4627814,154.68242
O=C1c2nc(-c3cn[nH]n3)n(-c3ccc(F)cc3)c2C(c2ccc(Cl)cc2)N1c1cc(Cl)cn(C2CC(O)(CO)C2)c1=O,中毒,23.043425,34.717995
Oc1c(-c2cn[nH]n2)n(-c2ccc(Cl)cc2)c2cc(F)ccc12,中毒,46.92577,66.27291
O=c1c(N2Cc3cc(-c4cn[nH]n4)cc(-c4c(F)cccc4F)c3CC2c2ccc(Cl)cc2)cc(Cl)cn1C1CC(O)(CO)C1,中毒,12.691087,17.944153
Clc1ccc(C2c3[nH]c4nc(-c5cn[nH]n5)c(Cl)cc4c3C(c3cccs3)N2c2ccc(Cl)cn2)cc1,中毒,12.303155,19.648664
O=C1c2c(sc3c(Br)c(-c4ccc(F)o4)c(-c4cn[nH]n4)nc23)C(c2ccc(Cl)s2)N1c1cc(Cl)cn(C2CC(O)(CO)C2)c1=O,中毒,11.176486,12.110745
c1cc(CN2CCC(Oc3ccc4oc(-c5cn[nH]n5)cc4c3)CC2)sn1,中毒,46.032085,73.184944
c1ccc2c(c1)CCc1onc(-c3nc(-c4cn[nH]n4)co3)c1-2,中毒,74.60412,31.024698
N#Cc1ccc(C2c3c(cc(-c4cn[nH]n4)n3-c3ccc(Cl)cc3)C(=O)N2c2cc(Cl)cn(C3CC(O)(CO)C3)c2=O)cc1,中毒,14.882899,11.513729
O=C1CCC2(CN1)Cc1cc(-c3cn[nH]n3)cc(-c3c(Cl)cccc3Cl)c12,中毒,7.601786,36.581177
O=C1c2cc(-c3cn[nH]n3)n(-c3cc(F)c(F)c(F)c3)c2C(c2ccc(Cl)cc2)N1c1cc(Cl)cn(C2CC(O)C(O)C2O)c1=O,中毒,14.882899,11.513729
O=C1c2cc(-c3cn[nH]n3)n(-c3ccc(Cl)cc3F)c2C(c2ccc(Cl)cc2)N1c1cc(Cl)cn(C2CC(O)(CO)C2=O)c1=O,中毒,23.909687,11.513729
O=C1c2cc(-c3cn[nH]n3)c(-c3ncc(Br)o3)cc2N1c1cc(Cl)cn(C2CC(O)(CO)C2)c1=O,中毒,18.619787,18.239529
O=c1c(N2Cc3cc(-c4cn[nH]n4)n(-c4ccc(F)cc4F)c3C2c2ccc(Cl)cc2)cc(Cl)cn1C1CC(F)(F)C1,中毒,21.947083,14.026334
O=C1c2nc(-c3cn[nH]n3)n(-c3cc(Cl)cc(Cl)c3)c2C(c2ccc(Cl)cc2)N1Oc1cc(Cl)cn(C2CCC(O)(CO)C2)c1=O,中毒,15.021646,37.990963
Clc1cnc2cc(-c3cn[nH]n3)cnc2c1-c1ccnc(N2CCC3COCC3C2)n1,中毒,8.264159,64.842995
O=C1c2cc(-c3cn[nH]n3)nc(N3CCCC3)c2C(c2ccc(Cl)cc2)N1c1cc(Cl)cn(C2CC(O)(CO)C2)c1=O,中毒,7.8529835,12.110745
O=C1c2cc(-c3cn[nH]n3)n(-c3ccc(Cl)cc3F)c2C(c2ccc(Cl)cc2)N1c1cc(Cl)cn(C2CC(F)(F)C2O)c1=O,中毒,29.54402,11.513729
O=C1C2CCc3cc(-c4cn[nH]n4)n(-c4cc(F)ccc4F)c3C(c3ccc(Cl)cc3)N1c1cc(Cl)cn2c1=O,中毒,21.327534,14.3937645
Fc1cc2c(cc1-c1cncc(C(F)(F)F)c1)Cn1nc(-c3cn[nH]n3)cc1-2,中毒,8.685612,18.105776
O=C1CC(n2cc(Cl)cc(N3C(=O)c4cc(-c5cn[nH]n5)n(-c5cc(Cl)cc(Cl)c5)c4C3c3ccc(Cl)cc3)c2=O)CO1,中毒,17.272402,13.466203
c1cnc(N2CCC(c3nc(N4Cc5ccc(Nc6cn[nH]n6)cc5C4)n[nH]3)CC2)nc1,微毒,16.271406,41.234554
Clc1cc(Nc2ncc(-c3ncnc4c3cc(-c3cn[nH]n3)n4C3CCOC3)cn2)ccc1OC1CCNC1,中毒,10.936361,13.888707
O=C1c2cc(-c3cn[nH]n3)n(-c3ccc(F)cc3)c2C(c2ccc3c(c2)OCO3)N1c1cc(Cl)cn(C2CC(O)(CO)C2)c1=O,中毒,14.882899,13.466203
Fc1cc(Nc2cc3[nH]nc(-c4cnc5cnn(C6CCOC6)c5c4)cc-3n2)cc2[nH]cc(-c3cn[nH]n3)c12,中毒,36.543884,25.039986
O=c1c(N2C(Cl)c3nc(-c4cn[nH]n4)n(-c4ccc(Cl)cc4F)c3C2c2ccc(Cl)cc2)cc(Cl)cn1C1CC(O)(CO)C1,中毒,27.094715,24.562975
CC1C(n2cc(Cl)cc(N3C(=O)c4cc(-c5cn[nH]n5)n(-c5ccc(Cl)cc5)c4C3c3ccc(Cl)cc3)c2=O)CC1(O)CO,中毒,14.882899,11.513729
S=c1ssc2cc(OCc3cn(-c4cn[nH]n4)nn3)ccc12,中毒,154.89708,181.82388
O=c1c(N2Cc3cc(-c4cn[nH]n4)cc(-c4ccsc4)c32)cc(Cl)cn1C1CC(O)(CO)C1,中毒,38.74793,16.947666
O=C1c2cc(-c3cn[nH]n3)nc(NC3CC3)c2C(c2ccc(Cl)cc2)N1c1cc(Cl)cn(C2CC(O)(CO)C2)c1=O,中毒,7.8529835,12.110745
O=C1c2nc(-c3cn[nH]n3)n(-c3ccccc3F)c2C(c2ccc(Cl)cc2)N1c1cc(Cl)cn(C2CC(O)(CO)C2)c1=O,中毒,24.818281,34.717995
O=c1c(N2Cc3cc(-c4cn[nH]n4)n(-c4ccc(Cl)cc4F)c3C2c2ccncc2)cc(Cl)cn1C1CC(O)(CO)C1,中毒,15.763229,11.513729
O=C1c2cc(-c3cn[nH]n3)n(-c3ccc(Cl)cc3)c2C(c2ccc(Cl)s2)N1c1cc(Cl)cn(C2CC(O)C(O)C2)c1=O,中毒,15.111123,11.513729
Fc1cnc(N2Cc3sc(-c4cn[nH]n4)cc3-c3sc(C4CC4)cc32)c(Cl)c1N1CC1Cc1cccnc1,中毒,8.840519,15.967391
c1ncc(C2=NOc3cc(-c4cn[nH]n4)sc3C2)cn1,高毒,32.73662,23.37409
O=C1c2cc(-c3cn[nH]n3)n(-c3ccc(Cl)cc3F)c2C(c2ccc(Cl)cc2Nc2cncnc2)N1c1cc(Cl)cn(C2CC(O)C(O)C2)c1=O,中毒,15.540574,11.513729
O=c1[nH]c(-c2ccc(Cl)cc2C2c3[nH]cc(-c4cn[nH]n4)c3CN2c2cc(Cl)c(Cl)c(Cl)c2)no1,中毒,52.572044,27.51647
O=C1c2cc(-c3cn[nH]n3)n(-c3ccc(Cl)cc3F)c2C(c2ccc(Cl)cc2)N1c1cc(Cl)cn(C2CC(CO)(OCO)C2)c1=O,中毒,12.488247,25.550066
O=C1COc2c(Cl)cc(N3CC(O)CC(c4cn[nH]n4)C3)cc2CN1,中毒,29.940372,28.89504
Clc1nc(Cl)c(-c2ccno2)c(N2CCc3cc(-c4cn[nH]n4)cc(-c4c(Cl)cccc4Cl)c3C2)n1,中毒,56.659676,29.064219
FC1(F)Cc2cc3ccnc(Nc4ccc5c(c4)-c4oc(-c6cn[nH]n6)cc4-5)c3n2CO1,中毒,3.5147934,9.114193
Fc1ccc(-n2c(-c3cn[nH]n3)cc3c2C(c2ccc(Cl)cc2)N2C4=CC(N5CCOCC5)=C(Cl)C=C2C3C4)c(F)c1,中毒,25.896519,19.55125
Clc1cc(-c2nncc3sc(-c4cn[nH]n4)cc23)cnc1-c1cnco1,中毒,14.482502,66.1334
O=c1c(N2C(CF)c3cc(-c4cn[nH]n4)n(-c4ccc(F)cc4)c3C2c2ccc(Cl)cc2Cl)cc(Cl)cn1C1CC(O)(CO)C1,中毒,20.18954,13.466203
OC(c1ccncc1)c1c(Nc2ccc(F)cc2F)ncnc1N1Cc2cc(F)c(-c3cn[nH]n3)cc2C1,中毒,33.958,22.541262
O=C1c2cc(-c3cn[nH]n3)[nH]c2C(c2cccc(Cl)c2)N1c1cc(Cl)cn(C2CC(O)(CO)C2)c1=O,中毒,7.4282966,11.513729
Fc1c(-c2ncnc3sc(-c4cn[nH]n4)cc23)ccc2c3c([nH]c12)CN1CC=CC=CC=C3CN2CCC1C2,中毒,16.33697,17.334517
c1cc2c(cc1-c1nc(-c3cn[nH]n3)co1)OCO2,中毒,45.049637,32.156193
O=C1c2cc(-c3cn[nH]n3)n(C3CC3)c2C(c2ccc(Cl)cc2F)N1c1cc(Cl)cn(C2CC(O)(CO)C2)c1=O,中毒,19.24008,13.503714
OCCC12CCC3=CC(c4cn[nH]n4)=CC3=C(CC1Cc1cccc(O)c1)c1ccc(c(-c3ccccc3CC3CC3)n1)C2,中毒,36.832283,59.578705
O=C1c2cc(-c3cn[nH]n3)c(-c3ccc(Cl)cc3)n2C(c2cccc(Cl)c2)N1c1cc(Cl)cn(C2CC(O)(CO)C2)c1=O,中毒,19.951618,13.503714
O=C1c2cc(-c3cn[nH]n3)n(-c3ccc(Cl)cc3)c2C(c2cc(Cl)cc(Cl)c2)N1c1cc(Cl)cn(C2CC(O)(CO)C2)c1=O,中毒,14.882899,11.513729
O=c1c(N2Cc3cc(-c4cn[nH]n4)n(-c4ccc(F)cc4F)c3C2c2ccc(Cl)cc2)nc(Cl)cn1C1CC(O)(CO)C1,中毒,12.488247,17.33289
O=C1c2nc(-c3cn[nH]n3)c(-c3cc(Cl)cc(Cl)c3)n2C(c2ccc(Cl)cc2)N1c1cc(Cl)cn(C2CC(O)C(O)C2)c1=O,中毒,41.15799,13.447941
O=C1c2cc(-c3cn[nH]n3)n(-c3ccc(F)cc3)c2C(c2ccc(Cl)nc2)N1c1cc(Cl)c(=O)n(C2CC2)c1,中毒,22.121504,15.904917
FC(F)(F)c1nocc1CN1CCc2c(nc(-c3cn[nH]n3)nc2N2CCC2)C1,中毒,35.485836,25.705303
Fc1cc(-c2ncc3ncc(-c4cn5ccc(N6CCC(c7cn[nH]n7)C6)cc5n4)cc3n2)cs1,中毒,13.979472,34.849323
NC1=NCCN1[n+]1c[nH]c2snc(-c3cn[nH]n3)c21,中毒,30.703642,41.214005
c1cc(Nc2nc(-c3cn[nH]n3)nc3c2C3)[nH]n1,微毒,39.140625,77.72142
O=C1c2cc(-c3cn[nH]n3)cc(-c3ccsc3)c2C(c2ccc(Cl)cc2)C(c2ccc(Cl)cc2)N1c1cc(Cl)cn(C2CC(O)C(O)C2)c1=O,中毒,27.530386,16.862432
O=c1c(-c2cc(O)ccc2Oc2ccc(Cl)cc2)c(-c2c(Cl)cncc2Cl)[nH]c2ncc(-c3cn[nH]n3)cc12,中毒,60.335415,18.631504
O=C1c2cc(-c3cn[nH]n3)c(-c3ccc(Cl)c(Cl)c3)n2C(c2ccc(Cl)cc2)N1c1cc(Cl)cn(C2CC2)c1=O,中毒,17.655811,14.3937645
O=C1c2cc(-c3cn[nH]n3)n(-c3cc4c(F)cc(F)nc4cc3F)c2C(c2ccc(Cl)cc2)N1c1cc(Cl)cn(C2CC(O)(CO)C2)c1=O,中毒,23.909687,13.466203
O=c1c(N2Cc3cc(-c4cn[nH]n4)[nH]c3C2c2c[nH]c3cc(C(F)(F)F)ccc23)cc(Cl)cn1C1CC(O)(CO)C1,中毒,9.907732,16.230408
O=C1c2cc(-c3cn[nH]n3)c(-c3c(F)cccc3Cl)nc2C(c2ccc(Cl)cc2)N1c1cc(Cl)cn(C2CC(O)(CO)C2)c1=O,中毒,13.216523,14.418226
c1n[nH]nc1CNCc1c[nH]c2c1SSC2,高毒,55.629826,83.290924
O=C1c2cc(-c3cn[nH]n3)n(-c3c(F)cc(Br)cc3Cl)c2C(c2ccc(Cl)cc2)N1c1cc(Cl)cn(C2CC(O)C(O)C2)c1=O,中毒,15.540574,11.513729
O=C1c2cc(-c3cn[nH]n3)n(-c3ccc(F)cc3F)c2C(c2ccc(Cl)cc2)N1c1cc(Cl)cn(C2CC(O)(CO)C2)c1=S,中毒,12.488247,41.67566
O=C1c2cc(-c3cn[nH]n3)c(-c3ccn(-c4ccc(F)cc4)c3)n2C(c2ccc(Cl)cc2)N1c1cc(Cl)cn(C2CC(O)(CO)C2)c1=O,中毒,19.951618,13.503714
Fc1c(-c2cc[nH]n2)c(-c2cn[nH]n2)cc2cc(-c3noc(C4CC4)n3)c(Oc3ccnc(C4CC4)c3)cc12,中毒,3.7201214,86.672386
O=C1c2cc(-c3cn[nH]n3)nc(Nc3cc(C4CC4)[nH]n3)c2C(c2cccc(Cl)c2)N1c1cc(Cl)cn(C2CC(O)(CO)C2)c1=O,中毒,7.8529835,13.503714
Fc1cc(Cl)cc2c1OCc1c-2cc(-c2cn[nH]n2)cc1-c1c(Cl)cccc1Cl,中毒,20.909786,44.129524
O=C1c2cc(-c3cn[nH]n3)n(-c3ccc(Cl)cc3Cl)c2C(c2ccc(Cl)cc2)N1c1cc(Cl)cn(C2CCC(O)(CO)C2)c1=O,中毒,18.205946,11.513729
S=c1[nH]c2cc(-c3cn[nH]n3)cnc2n1-c1ccc(Oc2ccccc2)nc1-c1cccnc1,中毒,102.1691,287.13806
Fc1ccc(Oc2ccc(Nc3nccc4c3-c3c(-c5cncnc5)nn(-c5cc(-c6cn[nH]n6)cs5)c3-4)cc2)cc1,中毒,7.273132,14.911535
O=C1c2cc(-c3cn[nH]n3)c(-c3ccc(Cl)cc3)nc2C(c2ccc(Cl)cc2)N1c1cc(Cl)cn(C2CC(O)(CO)C2)c1=O,中毒,13.216523,12.087409
c1cn2c(-c3ccc4c(c3)OCCO4)cnc2cc1-c1[nH]ncc1-c1nc(-c2cn[nH]n2)c[nH]1,中毒,33.092567,44.37729
Fc1ccc(-c2nc(Cl)nc3sc(-c4cn[nH]n4)cc23)c(F)c1,中毒,21.096737,20.768476
O=C1c2cc(-c3cn[nH]n3)n(-c3cc(Br)ccc3F)c2C(c2ccc(Cl)cc2)N1c1cc(Cl)cn(C2CC(O)(CO)C2)c1=O,中毒,12.488247,11.513729
O=c1c(N2Cc3cc(-c4cn[nH]n4)n(-c4ccc(Cl)cc4)c3C2c2ccc(Cl)cc2)cc(Cl)cn1C1OC(CO)(CO)C(O)C1O,中毒,19.24008,13.503714
Fc1ccc(-n2ncc3c2-c2nc(-c4cn[nH]n4)sc2CO3)cc1F,中毒,14.309023,9.71679
O=C1c2cc(-c3cn[nH]n3)nc(-c3cccc(Cl)c3)c2C(c2ccc(Cl)cc2)N1c1cc(Cl)cn(C2CC(O)C(O)C2)c1=O,中毒,6.612076,12.110745
O=C1c2cc(-c3cn[nH]n3)n(-c3cc(Cl)cc(Cl)n3)c2C(c2ccc(Cl)cc2)N1c1cc(Cl)cn(C2CC(O)(CO)C2)c1=O,中毒,14.882899,11.513729
Clc1ccc(C23CCNCC2Cc2cc(-c4cn[nH]n4)c(-c4ccsc4)cc23)cc1,中毒,3.486363,11.396898
O=c1c2c(-n3cnc(-c4ncccc4Cl)c3)c(Cl)cc3nc(-c4ccc(Cl)cc4)c(-c4cn[nH]n4)c-3c(F)c-2c(Cl)n1-c1ccnc(F)c1,中毒,9.345564,19.499184
O=C1c2ncc(-c3cn[nH]n3)nc2-c2cc(Cl)c(Cl)cc2C(c2cc(Cl)ccc2OC(F)(F)Cl)N1c1cc(Cl)cn(C2CC(O)(CO)C2)c1=O,中毒,36.83937,33.968105
Clc1ccc(C2c3sc(Cl)c(I)c3-c3nc(-c4cn[nH]n4)nn32)cc1,中毒,5.8194847,30.587717
O=C1c2nn(-c3cn[nH]n3)c(-c3ccc(Cl)c(Cl)c3)c2C(c2ccc(Cl)cc2)N1c1cc(Cl)cn(C2CC(O)(CO)C2)c1=O,中毒,5.6417933,33.378986
O=C1c2cc(-c3cn[nH]n3)n(-c3ccc(F)cc3)c2C(c2ccc(Cl)cc2)N1c1cc(Cl)cn(C2CC(O)(CO)C2)c1=S,中毒,14.882899,41.67566
O=C1c2cc(-c3cn[nH]n3)n(-c3ccccc3)c2C(c2ccc(Cl)cc2)N1c1cc(Cl)cn(C2CCC(O)(CO)C2)c1=O,中毒,14.882899,11.513729
O=c1c(N2C(O)c3cc(-c4cn[nH]n4)n(-c4ccc(Cl)cc4)c3C2c2ccc(F)cc2)cc(Cl)cn1C1CC(O)(CO)C1,中毒,26.991571,12.110745
O=S(=O)(c1cscc1C(F)(F)F)N1CC2CN(c3nc(-c4cn[nH]n4)cs3)CC2C1,中毒,7.4770474,18.569365
O=C1c2cc(-c3cn[nH]n3)n(-c3ccc(Cl)cc3F)c2C(c2ccc(Cl)cc2Cl)N1c1cc(Cl)cn(C2CC(O)C(O)C2)c1=O,中毒,15.540574,11.513729
O=C1c2cc(-c3cn[nH]n3)n(-c3ccc(Cl)cc3Cl)c2C(c2ccncc2)N1c1cc(Cl)cn(C2CC(O)(CO)C2)c1=O,中毒,18.205946,11.513729
O=c1[nH]c2ccccc2c(=O)n1CC1(O)C2CCC3(CCN1C2)CN(Cc1cn[nH]n1)C3,中毒,25.048634,13.065472
O=C1c2cc(-c3cn[nH]n3)n(-c3ccc(F)cc3F)c2C(c2ccc(Cl)cc2)N1c1ccc(Cl)c(C(F)(F)F)c1,中毒,17.272402,21.729755
O=C1NC2C(c3ccc4c(c3)OCO4)c3cc(-c4cn[nH]n4)n(-c4ccc(Cl)cc4)c3C(c3ccc(Cl)cc3)C(c3ccc(Cl)cc3)ON2C2CC12,中毒,12.141088,18.318035
OOCC1c2cc(-c3cn[nH]n3)n(-c3ccc(F)cc3)c2C(c2ccc3c(c2)OCO3)N1c1cc(Cl)ccc1F,中毒,60.214355,17.388487
Clc1ccc2oc3c(C4CN5CCC4CC5)cc(-c4cn[nH]n4)cc3c2c1,中毒,7.9739947,82.75134
Clc1cc2c(nc1Cl)-c1c(cc(-c3cn[nH]n3)cc1-c1c(Cl)cccc1Cl)CC2,中毒,7.0233955,103.24285
O=C1c2c(nc3c(c2-c2cn[nH]n2)CCN(Cc2c(Cl)cccc2Cl)C3)C(c2ccc(Cl)cc2)N1c1cc(Cl)cn(C2CC(O)(CO)C2)c1=O,中毒,23.488405,12.087409
O=C1c2nc(-c3cn[nH]n3)n(N3CC4COCC(C4)C3)c2C(c2ccc(Cl)c(Cl)c2)N1c1cc(Cl)cn(C2CC(O)(CO)C2)c1=O,中毒,51.50488,34.717995
Fc1ccc(N2c3cc(-c4cn[nH]n4)n(-c4ccc(F)cc4F)c3C2c2ccc(Cl)cc2)c(F)c1,中毒,17.66621,38.817986
FC(F)(F)c1cnn2ccc(-c3cc(-c4cn[nH]n4)cc4c3CCC4)cc12,高毒,3.2169116,18.200226
O=C1NC(=O)C1(CO)n1cc(Cl)cc(N2Cc3cc(-c4cn[nH]n4)n(-c4ccc(Cl)cc4F)c3C2c2ccc(Cl)cc2)c1=O,中毒,31.276175,11.513729
O=c1c2c(cnn1-c1cc(-c3cn[nH]n3)c3nc(-c4cn[nH]n4)sc3c1)cc(Br)c(=O)n2CCF,中毒,43.942547,19.931065
O=C1c2nc(-c3cn[nH]n3)c(-c3cc(Cl)c(Cl)cc3F)n2C(c2ccc(Cl)cc2)N1c1cc(Cl)cn(C2CC(O)(CO)C2)c1=O,中毒,32.68572,16.862432
Nc1oc(=O)cc2c1-c1cc(-c3cn[nH]n3)n(-c3ccc(Cl)cc3F)c1N=C(c1ccncc1)C1(c3ccc(Cl)cc3)CC21,中毒,28.345415,11.148833
O=C(c1ccsc1)N1Cc2cc(C3=C4C(=NC(c5cn[nH]n5)=C4F)CS3(=O)=O)sc2C(c2ccc(S(=O)(=O)C(F)=C(F)F)cc2)C1,中毒,32.17651,15.356038
O=C1c2cc(-c3cn[nH]n3)n(-c3ccc(F)cc3F)c2C(c2ccc(Cl)cc2)N1c1cc(Cl)cn(C2CCOC2)c1=O,中毒,17.272402,13.466203
O=C1c2cc(-c3cn[nH]n3)c(-c3nc4cncnc4s3)cc2N1c1cc(Cl)cn(C2CC(O)(F)C2)c1=O,中毒,54.71393,16.862432
O=C1c2cc(-c3cn[nH]n3)n(-c3ccc(Cl)cc3F)c2C(c2ccc(Cl)cc2)N1c1cc(Cl)cn(C2CC(O)(C(=O)O)C2)c1=O,中毒,12.488247,11.513729
O=C1c2nc(-c3cn[nH]n3)nc(Nc3ccc(F)c(Cl)c3)c2C(c2ccc(Cl)cc2)N1c1cc(Cl)cn(C2CC(O)(CO)C2)c1=O,中毒,16.880064,13.466203
O=C1c2cc(-c3cn[nH]n3)c(-c3ccc(Cl)c(Cl)c3Cl)n2C(c2ccc(Cl)cc2)N1c1cc(Cl)cn(C2CC(O)(CO)C2)c1=O,中毒,19.951618,13.503714
O=c1c(N2Oc3cc(-c4cn[nH]n4)cc(-c4c(Cl)cccc4Cl)c3CC2c2ccc(Cl)cc2)cc(Cl)cn1C1CC(O)(CO)C1,中毒,19.955666,13.526629
Brc1ccc(Nc2ncnc3cc(-c4cn[nH]n4)ccc23)c2ncoc12,低毒,6.4684014,142.04143
O=C1c2sc(-c3cn[nH]n3)c(-c3nc4cc(Cl)cnc4s3)c2C(c2ccc(Cl)cc2)N1c1cc(Cl)cn(C2CC(O)(CO)C2)c1=O,中毒,59.929935,13.503714
O=c1c(-n2c3c4c(-c5cn[nH]n5)cc5[nH]c(-c6cn[nH]c6)nc5c4cc(-c4nc(C5CC5)no4)cc-3cc2=O)csc2ncnc(CCl)c12,中毒,18.19901,17.129742
O=S(=O)(Nc1ncccn1)c1ccc2c(c1)OCCC2c1cc2cc(-c3cn[nH]n3)cnc2[nH]1,中毒,5.7049365,40.228947
Fc1ccc(Nc2nc(-c3cnn(C4CCNCC4)c3)nc3sc(-c4cn[nH]n4)cc23)cc1Cl,中毒,13.171735,89.03483
c1cc2c(-c3cc(-c4cn[nH]n4)cs3)nncc2[nH]1,低毒,3.3722885,21.616493
O=C1c2cc(-c3cn[nH]n3)c(=O)n(-c3cc(Cl)c(Cl)cc3F)c2C(c2ccc(Cl)cc2)N1c1cc(Cl)cn(C2CC(O)(CO)C2)c1=O,中毒,32.17651,12.110745
Clc1cnc(Cl)c(N2Cc3cc(-c4cn[nH]n4)cc(-c4ccc(-c5c[nH]cn5)cc4)c3C2)c1,中毒,6.7453303,49.34317
Clc1cc(-c2coc(-c3ccc4ncccc4n3)n2)ccc1CNCC1CCC2C1Cc1cc(-c3cn[nH]n3)nn12,中毒,3.6623552,42.056953
c1cc(CN2CCNc3nc(-c4cn[nH]n4)sc3C2)cnn1,中毒,31.231308,16.3723
O=C1c2cc(-c3cn[nH]n3)n(-c3cc(F)cc(F)c3)c2C(c2ccc(Cl)cc2)N1c1cc(Cl)cn(C2CC(O)C(O)C2)c1=O,中毒,14.882899,11.513729
O=C(Nc1cc(C23N=C2OC(c2ccc(F)cc2)c2cc(-c4cn[nH]n4)c(F)cc23)c(F)cc1Cl)c1ccc(C2=CCOCC2)nc1,中毒,62.120655,18.058743
Fc1cc(Nc2nc3c(cc2-c2cn[nH]n2)CN(c2cnn(C4CCOCC4)c2)C3c2ccc(Cl)cc2)ccc1Cl,中毒,24.59997,15.146704
Brc1cc(-c2ncc3c(-c4cn[nH]n4)c[nH]c3n2)ccn1,低毒,14.872881,136.57103
O=c1c(N2Cc3cc(-c4cn[nH]n4)cc(-c4c(Cl)cccc4Cl)c3C2c2ccc(Cl)cc2C(F)(F)F)cc(Cl)cn1C1CC(O)(CO)C1,中毒,9.036046,9.912456
O=C1c2c(sc3c(-c4c(Cl)cccc4Cl)cc(-c4cn[nH]n4)nc23)C(c2ccc(Cl)cc2)N1c1cc(Cl)cn(C2CC(O)(CO)C2)c1=O,中毒,11.176486,12.110745
Clc1ncccc1-c1ccc(COc2ccc3cc(C4=C5C=C(c6cn[nH]n6)C=C5C4)cnc3c2)cc1,中毒,10.269016,38.177334
Clc1cccc(Cl)c1-c1cc(-c2cn[nH]n2)cc2c1C1=NCCN12,低毒,29.092417,75.164795
O=C1c2nc(-c3cn[nH]n3)n(Cc3ccc(Cl)cc3)c2C(c2ccc(Cl)cc2F)N1c1cc(Cl)cn(C2CC(O)(CO)C2)c1=O,中毒,21.438358,35.333744
O=C1c2cc(-c3cn[nH]n3)nc(SCC(F)(F)F)c2C(c2ccc(Cl)cc2)N1c1cc(Cl)cn(C2CC(O)(CO)C2)c1=O,中毒,6.3808517,12.110745
O=c1[nH]c2cc(-c3cn[nH]n3)ccc2c2c(N3CCOCC3)cc(SCC(F)F)nc1c2=O,中毒,42.57202,155.93019
O=C1c2cc(-c3cn[nH]n3)n(-c3cc(F)c(Br)cc3F)c2C(c2ccc(Cl)cc2)N1c1cc(Cl)cn(C2CC(O)(CO)C2)c1=O,中毒,15.540574,11.513729
O=C1c2cc(-c3cn[nH]n3)cc(-c3c(F)cccc3F)c2C(c2ccco2)C(c2ccc(Cl)cc2)N1c1cc(Cl)cn(C2CC(O)(CO)C2)c1=O,中毒,14.0745,13.503714
O=c1c(-c2cn[nH]n2)cc2c(n1-c1cc(Cl)cc(Cl)c1)CN(c1cc(Cl)ccc1Br)C2,中毒,59.21617,57.411102
FC(F)(F)Oc1cccc(COc2ccc(-c3nc4c(s3)-c3c-4cc(-c4cn[nH]n4)n3-c3cc(Cl)cc(Cl)c3)cc2)c1,中毒,4.7448945,20.012468
Brc1cccc2cc(-c3csc(N4CCc5nnc(-c6cn[nH]n6)n5CC4)n3)ccc12,中毒,16.619667,18.252682
OCC1(O)CCC(COc2ccc(N3C(c4ccc(Cl)cc4)c4c(cc(-c5cn[nH]n5)n4-c4ccc(Cl)cc4Cl)CC34CCOC4)cc2)C1,中毒,15.540574,13.466203
O=C1CC(OCCN2CCC(N3Cc4ccccc4C3)CC2)CCC1Oc1cc2ncnc(Nc3ccc(F)c(Cl)c3)c2cc1-c1cn[nH]n1,中毒,3.035968,30.888283
O=c1c2c(sc(C3CC3)c1-c1ccc(S(=O)(=O)N(CCOC(F)F)C(F)(F)F)cc1)-c1c(cc(-c3cn[nH]n3)n1-c1ccc(Cl)cc1)C2,中毒,4.3079963,23.371365
O=c1c(N2Cc3cc(-c4cn[nH]n4)n(-c4ccc(Cl)cc4Cl)c3C2c2ccc(Cl)cc2)cc(CO)cn1C1CC(O)(CO)C1,中毒,24.385923,11.513729
O=C1c2cc(-c3cn[nH]n3)nc(-c3ccnc4[nH]ccc34)c2C(c2ccc(Cl)c(F)c2)N1c1cc(Cl)cn(C2CC(O)(CO)C2)c1=O,中毒,8.803864,12.110745
O=C1c2cc(-c3cn[nH]n3)n(-c3ccc(Cl)cc3)c2C(c2ccc(Cl)cc2)N1c1cc(Cl)cn(C2CS(=O)(=O)C2)c1=O,中毒,22.121504,14.026334
O=C1c2cc(-c3cn[nH]n3)n(-c3ccc(Cl)cc3)c2C(c2ccc(Cl)cc2)N1c1cc(Cl)cn(C2CC(O)(CNO)C2)c1=O,中毒,14.882899,11.513729
c1csc(-c2nc3cc(-c4cc(-c5cn[nH]n5)cc5c4C4CCC(C5)N4)ccc3[nH]2)c1,中毒,27.581745,23.353863
O=C1C(n2cc(Cl)cc(N3C(c4ccsc4)c4c(cc(-c5cn[nH]n5)n4-c4ccc(F)cc4F)P3(=O)c3ccc(Cl)cc3)c2=O)CC1(O)CO,中毒,36.889763,13.503714
O=C1c2cc(-c3cn[nH]n3)n(-c3ccc(Cl)cc3)c2CN1c1cc(Cl)cn(C2CC(O)(CO)C2)c1=O,中毒,4.3543735,28.20462
Fc1cc(Cl)ccc1C12c3[nH]c(-c4cn[nH]n4)cc3C1c1cc(Cl)ccc1-n1c(C3CC3)nc(F)c12,中毒,16.267181,32.2634
O=[N+]([O-])c1ccc2[nH]cc(C3=CCC(N4CCc5sc(-c6cn[nH]n6)cc5C4)CC3)c2c1,中毒,9.920034,105.579384
c1cc2[nH]ncc2cc1Nc1ncc2c(n1)CCc1ccc(-c3cn[nH]n3)nc1-2,中毒,29.457344,34.095726
O=C1c2cc(-c3cn[nH]n3)n(-c3c(Cl)cccc3Cl)c2C(c2ccco2)N1c1cc(Cl)cn(C2CC(O)(CO)C2)c1=O,中毒,15.111123,11.513729
Clc1ccc2nc(Cl)c(C3Nc4c(Cl)c(Cl)cc(Cl)c4-c4cc(-c5cn[nH]n5)n(-c5ccc(Cl)c(Cl)c5Cl)c43)cc2c1,中毒,18.617636,19.172379
Fc1ccc(Oc2ccc(-c3ncnc4c3CC(c3cn[nH]n3)O4)cc2)nc1,中毒,24.208965,54.979195
O=c1c2ccc(-c3c[nH]nc3-c3ccncc3)cc2c(N2CCOCC2)nn1-c1cn[nH]n1,中毒,31.32402,149.98416
O=[N+]([O-])C1C2CCC(Cc3cc(-c4cn[nH]n4)cc(-c4c(Cl)cccc4Cl)c32)N1Cc1cscn1,中毒,28.221563,21.891867
O=C1c2cc(-c3cn[nH]n3)n(-c3cc4cc(-c5nc[nH]n5)ccc4s3)c2C(c2ccc(Cl)cc2)N1c1cc(Cl)cn(C2CC(O)(CO)C2)c1=O,中毒,18.205946,13.466203
O=C1c2cc(-c3cn[nH]n3)n(-c3ccc(Oc4ccccc4F)cc3)c2C(c2ccc(O)cc2)N1c1cc(Cl)cn(C2CC(O)(CO)C2)c1=O,中毒,38.99518,11.513729
O=C1c2cc(-c3cn[nH]n3)n(-c3ccc(F)cc3Cl)c2C(c2cccs2)N1c1cc(Cl)cn(C2CC2)c1=O,中毒,15.012174,14.026334
O=c1c(NC2Cc3cc(-c4cn[nH]n4)cc(-c4cc(Cl)c(Cl)c(Cl)c4)c32)cc(Cl)cn1C1CC(O)C(O)C1O,中毒,12.119093,13.895338
O=C1c2cc(-c3cn[nH]n3)sc2CC(c2ccccn2)N1c1cc(Cl)cn(C2CC(O)(CO)C2)c1=O,中毒,67.73865,19.23925
Fc1ccc(-c2ncn(-c3ccc(F)c(Cl)c3)c2-c2cn[nH]n2)cc1,低毒,7.0090623,37.827026
C1=C2SC(Cc3nc(-c4cscn4)cs3)=C2C(c2cn[nH]n2)=N1,中毒,36.7724,43.426056
O=C1c2cc(-c3cn[nH]n3)n(O)c2C(c2ccc(Cl)cc2)N1c1cc(Cl)cn(C2CC(CO)(CO)C2)c1=O,中毒,43.309574,13.466203
Nc1ncnc2c1c(C1c3cc(-c4cn[nH]n4)cc(-c4ccc5c(n4)OCCO5)c3CN1c1cc(Cl)ccc1Cl)cn2-c1cccc(Br)c1,中毒,18.721136,33.33846
O=C1C(c2cc(Oc3ccc4nnn(CCN5CCCC5)c4c3)cn(C3CC(O)C(O)C3O)c2=O)=CN1c1cn[nH]n1,中毒,4.800094,52.95817
O=c1c(-n2cc(C3=C4OCN=C4C=C(c4cn[nH]n4)C3)nn2)cccc2c1=C([SH](=O)(CO)Nc1ccc(C(F)(F)F)cc1)C=2,中毒,36.575073,24.264603
O=S1(=O)CCC(N2CCC(Oc3cc4ncnc(Nc5ccc(F)c(Cl)c5)c4cc3-c3cn[nH]n3)CC2)CC1,中毒,4.627002,60.749157
O=C1c2cc(-c3cn[nH]n3)n(-c3ccc(F)cc3F)c2C(c2ccc(Cl)cc2)N1c1cc(Cl)cn(C2CC(O)(CO)N2)c1=O,中毒,15.540574,11.513729
O=C1NC(=O)C(C(C2CC2)n2cc(Cl)cc(N3Cc4nc(-c5cn[nH]n5)n(-c5ccc(Cl)cc5)c4C3c3ccc(Cl)cc3)c2=O)O1,中毒,29.078686,34.717995
O=C1c2cc(-c3cn[nH]n3)c(-c3ccc(Cl)cc3)n2C(c2ccc(Cl)cc2)N1c1cc(Cl)cn(C2CC(F)(F)C2)c1=O,中毒,23.152437,14.3937645
Fc1cccc(OC2=C3N=C4CCCC4=C3C=C(c3cn[nH]n3)CN(C3CCC3)C2)c1F,中毒,5.7151885,6.3003907
O=C1c2cc(-c3cn[nH]n3)n(-c3cc(Cl)ccc3F)c2C(c2cc(Cl)ccc2O)N1c1cc(Cl)cn(C2CC(O)(CO)C2)c1=O,中毒,12.488247,13.503714
O=C1c2cc(-c3cn[nH]n3)c(C(F)(F)F)cc2N1c1cc(Cl)cn(C2CC(O)(CO)C2)c1=O,中毒,20.117796,11.733231
O=c1c(N2Cc3nc(-c4cn[nH]n4)n(-c4cccc(Cl)c4F)c3C2c2ccc(Cl)cc2)cc(Cl)cn1C1CC(O)(CO)C1,中毒,15.534245,34.717995
O=c1c(N2C(c3ccc(Cl)cc3)c3c(cc(-c4cn[nH]n4)n3-c3ccc(Cl)cc3F)C3CC32)cc(Cl)cn1C1CC(O)(CO)C1,中毒,15.763229,17.379768
O=C1c2cn(-c3cn[nH]n3)c(-c3ccc(Cl)cc3)c2C(c2ccc(Cl)cc2)N1c1cc(Cl)cn(C2CC(O)(CO)C2)c1=O,中毒,6.003974,11.901765
Fc1ccc2c(C3=C(c4cn[nH]n4)C=C4CC(c5nc(-c6cncnc6)cn5-c5ccc(Cl)cc5)=C43)ccnc2c1,中毒,48.535458,45.277603
O=c1c(N2Cc3cc(-c4cn[nH]n4)n(-c4c(Cl)cccc4Cl)c3C2c2cccnc2)cc(Cl)cn1C1CC(O)(CO)C1,中毒,24.385923,11.513729
Clc1nc(-c2cnc3ccoc3c2)c2cc(-c3cn[nH]n3)c(Br)cc2n1,低毒,19.086071,12.687248
CC1(n2cc(Cl)cc(N3C(=O)c4cc(-c5cn[nH]n5)n(-c5cc(Cl)cc(Cl)c5)c4C3c3ccc(Cl)cc3)c2=O)COC1,中毒,22.121504,13.466203
O=C1N(c2cc(Cl)cn(C3CC(O)(CO)C3)c2=O)C(c2ccc(Cl)cc2)c2c(-c3ccc(F)c(F)c3)c(-c3cn[nH]n3)cn21,中毒,4.780019,13.466203
O=c1oc2c3oc(c(OCCCBr)cc1OCc1c-2cc(-c2cn[nH]n2)cc1-c1c(Cl)cccc1Cl)CCC3,中毒,83.197014,11.885141
Fc1cccc2nc3c(cc12)-c1cnc(-c2cc4c(-c5cn[nH]n5)c(-c5ccc6onnc6c5)oc4cc2-c2cn[nH]c2)cc1-3,中毒,7.346329,15.692088
Clc1ccc(N=Nc2cc(-c3cn[nH]n3)cs2)cc1,高毒,9.227035,14.010619
Clc1cccc(Br)c1-c1cc(-c2cn[nH]n2)cc2c1CSCC2c1cccc(Br)c1,中毒,34.867886,21.201399
O=C(C1CCOCC1)N1CCN(c2ccc(Nc3cc4c(=O)n(-c5ccc(F)c(Cl)c5)cnc4cc3-c3cn[nH]n3)cc2)CC1,中毒,13.259958,21.622902
O=C1c2cc(-c3cn[nH]n3)n(-c3ccc(Cl)cc3)c2C(c2ccc(Cl)s2)N1c1cc(Cl)cn(C2CC(O)(CO)C2)c1=O,中毒,15.111123,11.513729
c1n[nH]nc1C1CC2CN(CC3CCCO3)CC21,高毒,14.794258,36.276093
O=C1C2CC(O)c3cc(-c4cn[nH]n4)oc3C(c3c(Cl)cccc3Cl)N1c1cc(Cl)cn2c1=O,中毒,31.321192,14.418226
Fc1c(-c2cnc3c(Nc4ccc5ncsc5c4)nc(-c4cn[nH]n4)cn23)ccnc1-n1ccnc1,中毒,43.73843,25.32365
O=C1c2cc(-c3cn[nH]n3)n(Cc3ccc(F)cc3F)c2C(c2ccc(Cl)cc2)N1c1cc(Cl)cn(C2CC(O)C(O)C2)c1=O,中毒,6.6767583,13.16881
[O-][n+]1ccc(NC(=S)NCc2ccc(Oc3ccc(-c4cn[nH]n4)cc3)cc2)cc1,高毒,10.240511,150.20145
O=c1c(N2Cc3cc(-c4cn[nH]n4)cc(-c4ccc(Cl)o4)c3C2c2ccc(Cl)cc2)cc(Cl)cn1C1CC(O)(CO)C1,中毒,9.036046,9.912456
O=C1c2cc(-c3cn[nH]n3)nn2CC(c2ccc(N3CCC4(CC3)OCCO4)cc2)N1c1cc(Cl)cn(C2CC(O)(CO)C2)c1=O,中毒,23.909687,13.466203
O=S1(=O)CCCN=C1c1ccc(C2c3cc(-c4cn[nH]n4)cc(-c4cc[nH]n4)c3CN2c2c(Cl)cncc2Cl)cc1,中毒,15.523818,35.518715
O=C1c2cc(-c3cn[nH]n3)n(-c3ccc(F)cc3F)c2C(c2ccc3c(c2)OCO3)N1c1cc(Cl)cn(C2CC(O)C(O)C2)c1=O,中毒,12.488247,13.466203
O=C1c2cc(-c3cn[nH]n3)n(-c3cccc(Br)c3F)c2C(c2ccc(Cl)cc2)N1c1cc(Cl)cn(C2CC(O)(CO)C2)c1=O,中毒,12.488247,11.513729
OC1COCCC1Nc1ccc(-c2cc(-c3cn[nH]c3)c3ncc(-c4cn[nH]n4)cc3n2)cc1,中毒,50.99719,173.51537
O=C1c2cc(-c3cn[nH]n3)n(-c3c(F)cc(F)cc3F)c2C(c2cccc(Cl)c2)N1c1cc(Cl)cn(C2CC(O)(CO)C2)c1=O,中毒,12.488247,11.513729
NC1(CF)C[S+]([O-])Cc2sc(-c3cn[nH]n3)cc21,中毒,48.298763,66.764595
O=C1c2nc(-c3cn[nH]n3)c(P(=O)(O)O)c(-c3cc4ccccc4o3)c2C(c2ccc(Cl)cc2Cl)N1c1cc(Cl)cn(C2CC(O)(CO)C2)c1=O,中毒,26.553892,13.503714
O=c1c2c3c(oc2nc(-c2cn[nH]n2)n1-c1ccc(F)cc1F)C(CN1CCOCC1)N(Cc1ccco1)CC3c1ccco1,中毒,23.657877,13.503714
O=C(OCc1c[nH]cn1)N1Cc2c(N3CCOCC3)c(F)cc3c(=O)c(-c4cn[nH]n4)cn-3c2C1,中毒,9.192651,9.440037
C1=C2C3=NN=NN4CCCC(=C2C=C1c1cn[nH]n1)c1c2cc3c(c14)Cc1cc3c(cc1-2)OCO3,中毒,11.277757,15.303033
O=C1c2cc(-c3cn[nH]n3)cc(-c3nccs3)c2C(c2ccc(F)cc2F)C(c2ccc(Cl)cc2)N1c1cc(Cl)cn(C2CC(O)(CO)C2)c1=O,中毒,27.530386,46.02951
O=C1c2cc(-c3cn[nH]n3)n(-c3ccc(Cl)cc3F)c2C(c2ccc(Cl)cc2)N1c1cc(Cl)cn(CC2CCCO2)c1=O,中毒,17.272402,13.466203
Fc1cnc(OC2CCC(N3Cc4sc5nc(-c6cn[nH]n6)nc(N6CCC7(CCCNC7)C6)c5c4C3)CC2)nc1,中毒,30.011974,15.95398
Clc1ccc2c(N3CCN(c4ncc(-c5cn[nH]n5)cc4C4=CCOC4)CC3)ccnc2c1,中毒,10.13683,56.18675
O=c1[nH]ccc2cc(-c3cn[nH]n3)c3cc(C(F)(F)F)oc3c12,中毒,6.590136,36.81017
O=C1c2nc(-c3cn[nH]n3)cc(-c3c(Cl)cccc3Cl)c2C(c2ccc(Cl)cc2Cl)N1c1cc(Cl)cn(C2CC(O)(CO)C2)c1=O,中毒,27.185892,12.110745
O=C1c2cc(-c3cn[nH]n3)nc(Nc3ccc(Cl)cc3)c2CC(c2ccc(Cl)cc2)N1c1cc(Cl)cn(C2CC(O)(CO)C2)c1=O,中毒,22.081963,15.303033
OC1(C(F)(F)F)Oc2cc3ccc2CC(c2ccc4c(n2)NCCC4)C3c2c1cc(-c1cn[nH]n1)n2-c1cc(Cl)ccc1F,中毒,46.08258,35.111286
O=C1c2cc(-c3cn[nH]n3)n(-c3ccc(Cl)cc3C(F)(F)C(F)F)c2C(c2ccc(Cl)cc2)N1c1cc(Cl)cn(C2CC(O)(CO)C2)c1=O,中毒,18.205946,12.110745
O=C(CCl)c1c(O)c(C23CC4CC(CC(C4)C2)C3)nc(-c2cc(F)c(F)c(F)c2)c1-c1cn[nH]n1,中毒,13.216523,20.812641
O=C1C(n2c(-c3cn[nH]n3)cc3c2C3)CC(Cl)C(OCc2ccc(Cl)cc2Cl)C(c2ccc(Cl)cc2)N1c1ccc(Cl)cc1,中毒,31.549688,26.152905
c1cn(C[SH]2CCOCC2)nc1COc1nc(-c2cn[nH]n2)c[nH]1,低毒,122.54335,57.636215
Fc1cc(Cl)ccc1-n1c(-c2cn[nH]n2)cc2c1C(c1ccc(Cl)cc1)N(Cl)N2c1ccc(C2=NCCN2)cc1,中毒,12.37056,14.3937645
FOc1ccc(-c2csc(N3CCCn4nc(-c5cn[nH]n5)cc4C3)n2)c(F)c1,中毒,7.842144,39.205894
FC(F)(F)c1ccc(C2Cc3cc(-c4cn[nH]n4)sc3CN2c2nc(C3CC3)ccc2C(F)(F)F)nc1,中毒,21.00325,15.51133
O=C1c2cc(-c3cn[nH]n3)n(-c3cc(Cl)c(Cl)cn3)c2C(c2ccc(Cl)cc2)N1c1cc(Cl)c[nH]1,中毒,17.272402,22.077744
O=c1c(N2Cc3cc(-c4cn[nH]n4)n(-c4cc(Cl)c(Cl)cc4Cl)c3C2c2ccc(Cl)cc2)cc(Cl)cn1C1CC(O)(CO)C1,中毒,24.385923,11.513729
O=C1c2cc(-c3cn[nH]n3)c(C(F)c3ccc(Cl)cc3)cc2N1c1cc(Cl)cn(C2CC(O)(CO)C2)c1=O,中毒,31.544743,18.239529
O=C1c2nc(-c3cn[nH]n3)nc(N3CCC(Oc4ccc(F)cc4)CC3)c2C(c2ccc(Cl)cc2)N1c1cc(Cl)cn(C2CC(O)(CO)C2)c1=O,中毒,16.880064,13.466203
Clc1ccc2c(n1)-c1cc(-c3cn[nH]n3)sc1Oc1cc(-c3ccon3)cnc1-2,中毒,40.321777,14.179344
O=c1c2c(F)c(F)c(-c3cn[nH]n3)cc2c(Br)cn1C1CC(O)C(CO)O1,中毒,7.1391053,25.921509
O=C1c2cc(-c3cn[nH]n3)n(-c3ccc(Cl)cc3)c2C(c2ccc(F)cc2)N1c1cc(Cl)cn(C2CC(O)C(O)C2)c1=O,中毒,14.882899,11.513729
Fc1cc(Cl)ccc1-n1c(-c2cn[nH]n2)cc2c1C(c1ccc(Cl)cc1)N(c1ccc(Cl)c(Cl)c1)C2c1ccc(Cl)cc1,中毒,21.327534,23.107658
N#Cc1ccc(C2c3cc(-c4cn[nH]n4)[nH]c3C(c3cccc(Cl)c3)N2c2cc(Cl)cnn2)cc1Cl,中毒,15.435541,19.63254
c1sc(-c2nc3ccc4[nH]ncc4n3n2)cc1-c1cn[nH]n1,低毒,3.6406164,11.12873
O=C1c2nc(-c3cn[nH]n3)n(-c3ccc(Cl)cc3)c2C(c2ccc(Cl)cc2)N1c1cc(Cl)cn(C2CC(O)C(O)C2)c1=O,中毒,23.043425,34.717995
N#Cc1ccc(Oc2ccc3c(c2)CCc2sc(-c4cn[nH]n4)nc2-3)nc1,中毒,19.219753,11.274222
Fc1cc(Cl)cc(-c2cc3c(nc2-c2cn[nH]c2)C2=C(N4CC5CCOC(C5)C4)N=C(c4cn[nH]n4)C2=N3)c1,中毒,28.345415,39.98959
O=C1c2cc(-c3cn[nH]n3)n(N3CCOCC3)c2C(c2ccc(Cl)cc2)N1c1cc(Cl)cn(C2CC(O)(CO)C2)c1=O,中毒,8.738106,13.466203
Fc1cccc2cc(-c3nc(-c4nc(C5=C6C=C(c7cn[nH]n7)C=C6CC5c5ccco5)no4)no3)oc12,中毒,10.281426,11.983797
C1=C(c2cncc(-c3cn[nH]n3)c2)CCC(n2ccnc2-c2c[nH]c3c(-c4cnc5ccccc5n4)ccn23)=C1,中毒,96.68417,29.532589
OC1CN=C(c2ccc3c(c2)SC2=CC(c4cn[nH]n4)=C(F)C(=CC=C2Cl)CO3)OCC1O,低毒,9.034723,39.929844
Fc1c2cccc(-c3nc(-c4cccs4)no3)cc-2cc1-c1cnc2c(N3CCOCC3)nc(-c3cn[nH]n3)cn12,中毒,88.28462,18.001842
Fc1ncccc1C1C2=C(CC3=C1c1c(cc(-c4cn[nH]n4)cc1C(F)(F)F)C3)NCC2,中毒,18.19633,37.673965
O=C1c2cc(-c3cn[nH]n3)n(-c3cccc(Cl)c3F)c2C(c2ccc(Cl)cc2)N1c1cc(Cl)cn(C2CC2)c1=O,中毒,17.272402,14.026334
O=C1c2cc(-c3cn[nH]n3)c(Oc3cccnc3)c3cccc(c23)C(c2cccn2-c2ccc(Cl)cc2Cl)N1c1cc(Cl)cn(C2CC(O)(CO)C2)c1=O,中毒,17.224394,28.20462
O=C1c2cc(-c3cn[nH]n3)n(-c3ccc(Cl)cc3Cl)c2C(c2ccc(Cl)c3ccccc23)N1c1cc(Cl)cn(C2CC(O)(CO)C2)c1=O,中毒,15.540574,11.513729
Oc1nc2ccc(Cl)cc2c2c1C(c1ccc(Cl)cc1)c1c(cc(-c3cn[nH]n3)n1-c1ccc(Cl)cc1F)NC1=C(Cl)N=C2C1(Cl)Br,中毒,8.1845455,13.503714
c1cncc(Sc2cc(-c3cc4cc(-c5cn[nH]n5)sc4cn3)ccn2)c1,中毒,108.03698,20.327843
O=c1c(N2Cc3cc(-c4cn[nH]n4)cc(-c4ccc(F)cc4)c3C2c2ccc(Cl)cc2)cc(Cl)cn1C1CC(O)(CO)C1,中毒,6.3808517,8.960914
O=C1C2CC(O)(CO)Cc3cc(-c4cn[nH]n4)cc(-c4ccnn4-c4ccc(Cl)c(Cl)c4)c3C(c3ccc(Cl)cc3)N1c1cc(Cl)cn2c1=O,中毒,18.990976,13.503714
Clc1cccc(Cl)c1-c1nc2c3cc4c(cc3nc(Sc3cn[nH]n3)n2n1)CCOC4,中毒,6.2349916,109.93489
OC1CC(CC2C3=CC(N4Cc5cc(-c6cn[nH]n6)cc(-c6ccc(Cl)cc6)c5C4c4ccc(Cl)cc4)=CC(Cl)=CN32)C(O)C1O,中毒,11.177741,11.2492695
O=c1c2cc(Cl)cn1C1CN2C(c2ccc(Cl)cc2)c2c(cc(-c3cn[nH]n3)n2-c2ccc(F)cc2)CC(O)(CO)C1,中毒,19.24008,17.379768
Clc1ccc(C2c3c(cc(-c4cn[nH]n4)n3-c3ccc(Cl)cc3)C(c3c(Cl)cc(C4CC4)cc3Cl)N2c2ccc(Cl)cc2)cc1,中毒,21.327534,21.729755
O=C1c2nc(-c3cn[nH]n3)nc(N3CCOCC3)c2C(c2ccc(Cl)cc2)N1c1cc(Cl)cn(C2CC(O)C(O)C2)c1=O,中毒,16.880064,13.466203
Nc1c(-c2cn[nH]n2)nc2c(c1-c1ccc(Cl)cc1)C(c1ccc(Cl)cc1)N(c1cc(Cl)cn(C3CC(O)(CO)C3)c1=O)C2=O,中毒,25.928497,12.110745
O=C1c2cc(-c3cn[nH]n3)n(-c3ccc(Cl)cc3F)c2C(c2ccc(Cl)cc2)N1c1cc(Cl)c(=O)n(C2CC(O)C(O)C2)c1,中毒,12.488247,13.213944
c1cnn2ncc(-c3ccc(C4=NC(c5cn[nH]n5)C4)s3)c2c1,低毒,15.179701,22.43514
O=C1NCC(c2cc(-c3cn[nH]n3)no2)C1=NNC(=S)Nc1cc2ccccc2o1,中毒,27.336605,32.421246
O=c1c2c3c(sc2nc(-c2cn[nH]n2)n1-c1cccc(O)c1)C(c1ccc(C(F)(F)F)cc1F)N(C(c1ccc(F)cc1)c1ccc(F)cc1F)C3,中毒,114.23441,23.383049
Fc1cc(Cl)cc(F)c1Nc1nc(-c2cn[nH]n2)nc2c1-c1cnc(-c3cc4c(cn3)cnc3[nH]ncc34)cc1N(C1COC(N3CCOCC3)C1)C2,中毒,103.181885,13.466203
Clc1ccc(-c2c(-c3cn[nH]n3)cc3n2C(c2ccc(Cl)cc2)N(c2cc(Cl)cc(Cl)c2)C3)cc1,中毒,26.729017,15.456023
O=C1C2C3=C(c4cc[nH]c4C=C(c4cn[nH]n4)C=C3)C(CC3C(NC4COC4)C23)N1Cc1ccc(Cl)c(F)c1,中毒,7.3910108,32.193752
O=c1c(N2Cc3cc(-c4cn[nH]n4)cc(-c4c(Cl)cccc4Cl)c3C(c3cccc(Cl)c3)C2c2ccc(Cl)cc2)cc(Cl)cn1C1CC(O)(CO)C1,中毒,22.081963,18.206211
C1=NC(n2ccc(-c3cc4oc5ccc(-c6nncs6)cc5c4cc3-c3cn[nH]n3)c2)CC12CNC2,中毒,44.385708,24.402596
O=c1c2cc(N3CCN(Cc4ccccc4)C3)nc(-c3ccncc3)c2nc(-c2cn[nH]n2)n1-c1ccc(Cl)c(Cl)c1,中毒,6.810588,66.04455
OC(c1ccsc1)c1ccc(-c2c(-c3ccncn3)cnc3cc(-c4cn[nH]n4)cnc23)cc1F,中毒,5.6785254,74.562965
FC(F)(F)c1cc(N2CCc3nc(-c4ccsc4)c(-c4cn[nH]n4)cc3C2)on1,中毒,46.382645,20.347906
Fc1cccc(F)c1-c1ccc2cnc(-c3cn[nH]c3)c(-c3ccc(Oc4ccccn4)nc3)c2c1-c1cn[nH]n1,中毒,3.0406673,32.731407
O=C1c2cc(Cn3c(=O)cc(-c4ccc(Cl)cc4Cl)c4cnc(-c5cn[nH]n5)cc43)nn2CCN1C1CCOC1,中毒,18.508955,24.09384
O=C1c2nc(-c3cn[nH]n3)cc(-c3cn[nH]c3)c2C(c2ccc(Cl)cc2)N1c1cc(Cl)cn(C2CC(O)(CO)C2)c1=O,中毒,39.425797,13.503714
O=c1c(N2Cc3cc(-c4cn[nH]n4)n(-c4cc(Cl)cc(Cl)c4)c3C2c2ccc(Cl)cc2Cl)cc(Cl)cn1C1CC(O)(CO)C1,中毒,20.18954,11.513729
O=C(Nc1cc(Oc2ccccc2)cc(-c2nc(-c3cn[nH]n3)cc3c2CC3)c1)c1ccc(Br)cn1,中毒,107.064606,23.431185
O=C(Nc1ccc2c(c1)-c1sc(-c3cn[nH]n3)cc1-c1ccccc1C2)C(F)CC1CCNC1=O,中毒,4.5371733,17.17684
OC1CC(ON2Cc3cc(-c4cn[nH]n4)n(-c4ccc(Cl)cc4)c3C2c2ccc(Cl)cc2)C(O)C1O,中毒,12.066048,17.428167
Clc1nnc2n1CC(CNc1cnc3cc(-c4cn[nH]n4)cnc3n1)C2,中毒,8.535576,250.36404
O=c1[nH]c(-c2cn[nH]n2)nc2c1CS(=O)(=O)c1cc(Br)ccc1-2,中毒,29.105988,21.31385
O=C1NC(c2ccccc2)=NC12c1[nH]c3cc(-c4cn[nH]n4)cc(-c4ccc5ccccc5c4)c3c1C(c1ccccc1)N2OCCl,中毒,78.832,20.422
O=C1c2ncc(-c3cn[nH]n3)c(-c3ccc(F)c(Cl)c3)c2C(c2ccc(Cl)cc2)N1c1cc(Cl)cn(C2CC(O)(CO)C2)c1=O,中毒,59.929935,12.110745
Clc1cccc(Cl)c1-c1cc(-c2cn[nH]n2)cc2c1CCN(Cc1ccccc1)CC2,中毒,16.357574,75.84918
O=c1c(N2Cc3cc(-c4cn[nH]n4)cc(-c4c(Cl)cc(Cl)cc4Br)c3C2c2ccc(Cl)cc2)cc(Cl)cn1C1CC(O)(CO)C1,中毒,6.7043605,9.912456
O=c1oncc(-c2cccc(F)c2F)c1-c1cn[nH]n1,高毒,5.254684,12.719185
O=C1C(c2ccc(-n3c(-c4cn[nH]n4)nc4cnc(Nc5ccc(Br)cn5)nc43)c(F)c2)CN1c1cc(F)cc(F)c1,中毒,5.856099,83.117874
O=C(NC1(c2cccc(-c3ccc4sc5cc(-c6cn[nH]n6)ccc5c4n3)c2)CC1)OCc1ccccc1,中毒,127.25576,49.621296
O=C1c2cc(-c3cn[nH]n3)c(-c3cc(F)ccc3CBr)n2C(c2ccc(Cl)cc2)N1c1cc(Cl)cn(C2CC(O)(CO)C2)c1=O,中毒,19.951618,13.503714
O=C1c2cc(-c3cn[nH]n3)cc(-c3c(Cl)cccc3Cl)c2CC(c2ccc(F)cc2)N1c1cc(Cl)cn(C2CC(O)(CO)C2)c1=O,中毒,15.809174,17.379768
O=C1c2cc(-c3cn[nH]n3)n(-c3ccc(Cl)cc3)c2C(c2ccc(Br)cc2)N1c1cc(Cl)cn(C2CC(O)(CO)C2)c1=O,中毒,14.882899,11.513729
O=c1c(N2Cc3cc(-c4cn[nH]n4)n(-c4ccc(Cl)cc4F)c3C2c2ccc(Cl)cc2)cc(Cl)cn1C1CC(O)C(O)C1O,中毒,15.763229,11.513729
c1cc(-c2cn[nH]c2)cc(-c2nc(Nc3ccsc3)nc3cc(-c4cn[nH]n4)ccc23)n1,中毒,4.3085823,24.746807
O=C1c2ccc(F)c(Cl)c(F)c3cc(-c4cn[nH]n4)n2c3C(c2ccc(Cl)cc2)N2C(=O)C2=CC(Cl)=CN1C1CC(O)(CO)C1,中毒,22.80562,12.652781
FC(F)c1cc(-c2cn[nH]n2)cc2c(-c3cn[nH]c3)noc12,低毒,12.81877,23.18638
O=C1c2nc(-c3cn[nH]n3)nc(-c3c(F)cccc3Cl)c2C(c2ccc(Cl)cc2)N1c1cc(Cl)cn(C2CC(O)(CO)C2)c1=O,中毒,16.880064,13.466203
Fc1ccc(F)c2c1C1=Nc3[nH]c(-c4cnn(CC5CC5)c4)cc3C1=C2c1cn[nH]n1,中毒,52.13955,21.878351
c1cc(-c2cncc3cc(-c4cn[nH]n4)cnc23)cc(C2CCOC2)c1,中毒,89.94477,87.03256
O=C(Nc1cc(-c2cn[nH]n2)c[nH]1)c1ccc2nc[nH]c2c1,低毒,34.358135,120.911415
O=C1c2cc(-c3cn[nH]n3)n(-c3ccc(F)cc3C(F)(F)F)c2C(c2ccc(Cl)cc2)N1c1cc(Cl)cn(C2CC(O)(CO)C2)c1=O,中毒,14.882899,13.466203
O=C1c2nc(-c3cn[nH]n3)n(-c3ccc(Cl)cc3F)c2C(c2ccc(Cl)cc2)N1c1cc(Cl)cn(C2CC(O)C(O)C2)c1=O,中毒,24.818281,34.717995
O=C1c2cc(-c3cn[nH]n3)n(-c3cccnc3F)c2C(c2ccc(Cl)cc2)N1c1cc(Cl)cn(C2CC(O)(CO)C2)c1=O,中毒,12.488247,11.513729
O=C1c2cc(-c3cn[nH]n3)c(-c3ccc(F)cc3-c3ccnc(Cl)c3)nc2C(c2ccc(Cl)cc2)N1c1cc(Cl)cn(C2CC(O)(CO)C2)c1=O,中毒,13.216523,12.087409
NC1=NC2(CO1)c1ccc(cc1)CNc1cc(-c3cn[nH]n3)nc(C3(c4c[nH]c5ccc(F)cc45)CN(C4CCCC4)CNC3=O)c12,中毒,25.195112,26.099535
Fc1cc(F)c2cc(OCc3cccc(F)c3-n3cncn3)cc(-c3cc(-c4cn[nH]n4)cnc3N3CCC3)c2c1,中毒,9.124753,16.836834
O=C1c2nnc(-c3cn[nH]n3)n2-c2ccc(-c3ccc(Cl)c(Cl)c3)cc2C(c2ccc(Cl)cc2)N1c1cc(Cl)cn(C2CC(O)(CO)C2)c1=O,中毒,52.069153,11.513729
O=C1c2c(c(=O)n(-c3ccccc3)n2-c2cn[nH]n2)C(c2ccco2)N1c1cc(Cl)cn(C2CC(O)(CO)C2)c1=O,中毒,5.9789686,42.679302
O=C1c2cc(-c3cn[nH]n3)nc(Oc3ccc(C4CC4)cc3)c2C(c2ccc(Cl)cc2)N1c1cc(Cl)cn(C2CC(O)(CO)C2)c1=O,中毒,6.6767583,13.503714
O=C1c2c(c(=O)n(-c3cccc(C(F)(F)F)c3)c(=O)n2-c2cn[nH]n2)C(c2ccc(Cl)cc2)N1c1cc(Cl)cn(C2CC(O)(CO)C2)c1=O,中毒,38.640644,13.503714
O=C1c2cc(-c3cn[nH]n3)n(-c3ccc(Cl)cc3F)c2C(N2CCCOCC2)C(c2ccc(Cl)cc2)N1c1cc(Cl)cn(C2CC(O)(CO)C2)c1=O,中毒,32.17651,13.503714
O=c1c(N2Cc3cc(-c4cn[nH]n4)n(-c4ccc(Cl)cc4Cl)c3C2)cc(Cl)cn1C1CC(O)(CO)C1,中毒,8.9590025,14.643528
OCC1CN(Cc2cccnc2)CN1c1c(-c2ccoc2)sc2nc(-c3cn[nH]n3)cnc12,中毒,17.68288,21.726702
O=c1c(N2Cc3cc(-c4cn[nH]n4)cc(-c4cn(-c5ccccc5F)nn4)c3C2c2ccc(Cl)cc2)cc(Cl)cn1C1CC(O)(CO)C1,中毒,15.809174,12.110745
O=C1c2c(ccc(=O)n2-c2cn[nH]n2)C(c2ccc(Cl)cc2)N1c1cc(Cl)c(=O)n(C2CC2)c1,中毒,28.629456,15.155412
O=C1c2cc(-c3cn[nH]n3)n(-c3ccc(Cl)cc3Cl)c2N1c1cc(Cl)cn(C2CC(O)(CO)C2)c1=O,中毒,31.936749,15.303033
N#Cc1cccc(N2C=C3C4N=CC(=C2c2ccc(F)cc2)C3N(Cc2ccc(Cl)c(Cl)c2)C(c2ccc(Cl)cc2)c2sc(-c3cn[nH]n3)nc24)c1,中毒,16.977365,16.291994
Brc1ccc2c(c1)-c1cn[nH]c1-c1cc(-c3cn[nH]n3)ncc1N2,中毒,5.937191,24.7217
c1cc(-c2cc(-c3ccc(-n4c(-c5cn[nH]n5)nc5cncnc54)cc3)on2)ncn1,中毒,21.626184,90.7503
O=C(c1ccnc(Cl)c1)c1cn(C2CCCN2)c2cc(-c3cn[nH]n3)c(F)cc2c1=O,中毒,12.099183,25.286955
O=C1c2cc(-c3cn[nH]n3)n(-c3ccc(Cl)cc3)c2-c2cc(cc3c2OCO3)C(c2ccc(Cl)cc2)N1c1cc(Cl)cn(C2CC(O)(CO)C2)c1=O,中毒,5.65161,12.110745
O=C1c2nc(-c3cn[nH]n3)nc(-c3cncc(Br)c3)c2C(c2ccc(Cl)cc2F)N1c1cc(Cl)cn(C2CC(O)(CO)C2)c1=O,中毒,18.557116,13.466203
O=C1c2cc(-c3cn[nH]n3)n(-c3ccc(Cl)cc3)c2C(c2ccc(Cl)cc2)N1c1cc(Cl)cn(C2CCC(O)(CO)C2)c1=O,中毒,14.882899,11.513729
O=C1c2cc(-c3cn[nH]n3)nc(-c3c[nH]nc3Br)c2C(c2ccc(Cl)cc2)N1c1cc(Cl)cn(C2CC(O)(CO)C2)c1=O,中毒,5.6871157,13.503714
c1nc(N2CCOCC2)c2c(-c3cnc4ccsc4c3)cc(-c3cn[nH]n3)cc2n1,中毒,13.150218,40.056087
Fc1cc(-c2cn[nH]n2)ccc1Oc1ncc(C(c2cnnn2Cc2cccnc2)N2CCC(N3CCOCC3)CC2)c(F)c1F,中毒,5.3918138,68.89581
OC(CCC1COc2ccc(F)cc21)CN1CCc2nc(-c3cn[nH]n3)sc2C1,中毒,18.623466,88.092514
O=C(O)c1cn(C2=Cc3sc4ccccc4c3C2=O)c2cc(-c3cn[nH]n3)c(F)cc2c1=O,中毒,8.948166,24.8574
Oc1nccn2c(C3CCC(F)(F)C3)nc(-c3c(-c4cc5cc(Cl)ccc5s4)sc4ncc(-c5cn[nH]n5)cc34)c12,中毒,20.535059,18.058743
Clc1cc(-c2ccc3[nH]ncc3c2)nc2c1C1=C2CN(c2ncccn2)CC(c2cn[nH]n2)=C1,中毒,4.143966,28.107973
Clc1cccc(Cl)c1-c1cc(-c2cn[nH]n2)cc2c1Cc1ccc(-c3cc[nH]n3)cc1-2,中毒,12.19032,79.42593
S=c1[nH]ncc2ccc(-c3cn[nH]n3)cc12,高毒,22.928267,103.229195
O=C1c2cc(-c3cn[nH]n3)n(-c3cccc(Cl)c3Cl)c2C(c2ccc(Cl)cc2Cl)N1c1cc(Cl)cn(C2CC(O)(CO)C2)c1=O,中毒,15.540574,11.513729
Clc1ccc(C2C(C3CCC3)n3nc(-c4cn[nH]n4)nc3CN2c2ccc(Cl)cc2)cc1,中毒,33.731018,18.31875
O=C1c2ncc(-c3cn[nH]n3)c(-c3ccncc3)c2C(c2ccc(Cl)cc2Cl)N1c1cc(Cl)cn(C2CC(O)(CO)C2)c1=O,中毒,36.83937,12.110745
O=c1c(N2C(c3ccc(Cl)cc3)c3c(cc(-c4cn[nH]n4)n3-c3cc(Cl)ccc3Cl)C3Oc4ccc(Cl)cc4C32)cc(Cl)cn1I,中毒,17.475342,13.503714
O=C1c2cc(-c3cn[nH]n3)n(-c3ccc(F)c(Cl)c3)c2C(c2cccc(F)c2)N1c1cc(Cl)cn(C2CC(O)(CO)C2)c1=O,中毒,12.488247,11.513729
O=C1c2nc(-c3cn[nH]n3)nc(N3CCOCC3)c2C(c2ccc(Cl)cc2)N1c1cc(Cl)cn(C2CC(O)(CO)C2)c1=O,中毒,16.880064,13.466203
Fc1ccccc1C#Cc1cc2c(-c3cc(-c4cn[nH]n4)cs3)c3c(nc2[nH]1)CCCC3,中毒,4.614994,35.46662
Fc1ccc(-n2c(-c3cn[nH]n3)cc3c4c(n5cc(Cl)cc5c5cc(c32)C=C5c2cncc(Cl)c2)=CS4)c(F)c1,中毒,15.878792,23.734726
O=c1c(N2Cc3cc(-c4cn[nH]n4)cc(-c4cnc5[nH]ccc5c4)c3C2c2ccc(Cl)cc2F)cc(Cl)cn1C1CC(O)(CO)C1,中毒,5.093859,13.447941
O=C(OC1CCOC1)C1C2C(=O)Nc3cc(-c4cn[nH]n4)n(-c4ccc(Cl)cc4)c3C2(c2cc(F)ccc2F)C1c1cccn1Cc1ccc(F)cc1F,中毒,50.243965,13.503714
O=C1c2nnc(-c3cn[nH]n3)n2-c2ccc(-c3ccsc3Br)cc2C(c2ccc(Cl)cc2)N1c1cc(Cl)cn(C2CC(O)(CO)C2)c1=O,中毒,52.069153,12.110745
O=C1c2cc(-c3cn[nH]n3)n(-c3ccc(Cl)cc3)c2C(c2cc(Cl)ccc2Cl)N1c1cc(Cl)cn(C2CC(O)(CO)C2)c1=O,中毒,12.488247,11.513729
O=C1c2cc(-c3cn[nH]n3)c(=S)[nH]c2C(c2ccc(Cl)cc2)N1c1cc(Cl)cn(C2CC(O)C(O)C2)c1=O,中毒,13.216523,37.584106
O=C1c2cc(-c3cn[nH]n3)n(-c3ccc(F)c(Cl)c3)c2C(c2ccc3c(c2)OCO3)N1c1cc(Cl)cn(C2CC(O)(CO)C2)c1=O,中毒,14.882899,13.466203
CC12CCC(O)=CC1=CCC1C2CC(OCc2ccnc(Cl)c2)C2(C)C1CCC1(CC=C(c3cn[nH]n3)C1)C2O,低毒,12.180804,49.793774
O=C1C(C(=O)N2C3CCC2CC3)=Cc2c(-c3cn[nH]n3)sc3cc(Oc4ccncn4)cc1c23,中毒,10.577251,39.831367
NC(=O)c1ccc(C2c3nc(-c4cn[nH]n4)sc3C(c3ccc(Cl)cc3)N2c2cc(Cl)cn(Cl)c2=O)cc1,中毒,39.71794,25.191751
O=C1c2cc(-c3cn[nH]n3)n(-c3ccc(Cl)cc3)c2C(c2ccc(Cl)cc2)N1c1cc(Cl)cnc1C1CC1,中毒,47.20036,14.1463
Fc1cc(Nc2cc(Cl)ncn2)cc2oc3cc(-c4ccc(Cl)cc4)c(-c4cn[nH]n4)cc3c12,低毒,3.3387349,24.865816
O=C1c2cc(-c3cn[nH]n3)n(-c3cc(F)cc(F)c3)c2C(c2ccccc2)N1c1cc(Cl)cn(C2CC(O)(CO)C2)c1=O,中毒,14.882899,11.513729
O=C1c2cc(-c3cn[nH]n3)sc2C(c2ccoc2)N1c1cc(Cl)cn(C2CC(O)(CO)C2)c1=O,中毒,8.401452,8.960914
Fc1cc2c(cc1-c1cn[nH]n1)-c1c(Cl)c(-c3ccc(-c4c(Cl)cccc4Cl)cn3)nn1C2,中毒,3.414358,23.243238
CC1(C(O)(CO)CC2C3=CC(N4C(=O)c5cc(-c6cn[nH]n6)n(-c6ccc(Cl)cc6)c5C4c4ccc(Cl)cc4)=CC(Cl)=CN2C3=O)CC1,中毒,14.940432,13.602335
O=C1c2nc(-c3cn[nH]n3)c(Br)c(=O)c(-c3ccc(Br)cc3)c2C(c2ccc(Cl)cc2)N1c1cc(Cl)cn(C2CC(O)(CO)C2)c1=O,中毒,37.24519,13.503714
O=c1c(N2CCOCC2)nc(C(F)(F)CO)nc2ccc(-c3c(-c4cn[nH]n4)sc4ncnc(O)c34)cc12,中毒,23.309961,14.911535
O=C1c2nc(-c3cn[nH]n3)c(-c3cccc(Br)c3F)c(=O)n2C(c2ccc(Cl)cc2)N1c1cc(Cl)cn(C2CC(O)(CO)C2)c1=O,中毒,59.21248,13.503714
O=C(c1cccnc1Cl)N1C(Cc2cn[nH]n2)c2ccc(OP(=O)(O)COP(=O)(O)O)cc2C1c1ccco1,中毒,60.33384,13.060667
O=C1c2cc(-c3cn[nH]n3)cc(-c3ccc(Cl)cc3Br)c2CC(c2ccc(Cl)cc2)N1c1cc(Cl)cn(C2CC(O)(CO)C2)c1=O,中毒,16.692194,19.79431
O=S(=O)(Nc1ncc(F)s1)c1ccc2c(c1)-c1c(cc(-c3cn[nH]n3)cc1-c1c(Cl)cccc1Cl)CC2,中毒,20.511133,37.47021
O=c1c(N2C(c3ccc(Cl)cc3)c3c(cc(-c4cn[nH]n4)n3-c3ccc(Cl)cc3Cl)N2c2ccc(Cl)cc2)cc(Cl)cn1C1CC(O)(CO)C1,中毒,13.346145,13.503714
Cn1cc(Cl)cc(N2C(=O)c3cc4ccc(F)ccc5c(-c6cn[nH]n6)cc4c(c35)C2c2ccc(Cl)cc2)c1=O,中毒,4.029372,87.55164
Clc1ccc2ccc(Cl)c(-c3nc4c(cc3-c3cn[nH]n3)CN(C3CCOCC3)CC4)c2c1,中毒,7.9932823,14.545181
c1cc2[nH]ncc2cc1Nc1nc2c(c(-c3cc(-c4cn[nH]n4)cs3)n1)C1CCC(C2)N1C1CC1,中毒,7.036272,35.983723
c1csc(-c2nnc3c(n2)-c2[nH]c(-c4nc(-c5cn[nH]n5)no4)nc2-3)c1,中毒,28.45788,15.764194
O=C1c2cc(-c3cn[nH]n3)n(-c3ccc(F)cc3F)c2C(c2ccc(Cl)cc2)(C2CC2)N1c1cc(Cl)cn(C2CC(O)C(O)C2)c1=O,中毒,23.909687,13.503714
O=c1c(N2Nc3nc(-c4cn[nH]n4)n(-c4ccc(Cl)cc4)c3C2c2cccc(Cl)c2)cc(Cl)cn1C1CC(O)(CO)C1,中毒,12.00966,14.2372675
O=c1c(N2Cc3cc(-c4cn[nH]n4)n(-c4ccc(Br)cc4)c3C2c2ccc(Cl)cc2)cc(Cl)cn1C1CC(O)(CO)C1,中毒,24.385923,11.513729
O=C1c2nc(-c3cn[nH]n3)c(C(c3ccccc3)c3ccc(I)cc3)c(-c3ccoc3)c2N1c1cc(Cl)cn(C2CC(O)C(O)C2)c1=O,中毒,32.2444,18.239529
O=C(O)c1cn2c(nc1=O)-c1c(c(SCC3CC3c3ccncc3)nc3ccc(-c4cn[nH]n4)cc13)C2,中毒,26.553892,14.244902
O=C1c2nc(-c3cn[nH]n3)nn2C(c2ccc(Cl)cc2)N1c1cc(Cl)cn(C2CC(O)(CO)C2)c1=O,中毒,28.832989,46.02951
Fc1cccc(CC2(c3cc(-c4nc(-c5cn[nH]n5)cc5c4CN(C4CCCCC4)C5)ccn3)CC2)c1,中毒,10.229358,15.594929
Fc1cc(Cl)ccc1-n1c(-c2cn[nH]n2)cc2c1N(c1cnc(Cl)nc1)C2c1cc(Cl)ccc1-n1cnnc1,中毒,45.154606,36.32001
Fc1ccc(C2(N3Cc4sc(-c5cn[nH]n5)nc4C4CNCCC43)CC2)cc1,中毒,23.290487,34.522938
OC1=CC2=c3cc(-c4cn[nH]n4)c(F)cc3=NC=NC(=C2)c2nc3cc[nH]c3cc21,中毒,29.924154,11.971389
OC1C(O)C(O)C(Oc2nc3c(Cl)cc(Br)cc3cc2-c2cn[nH]n2)C(O)C1O,中毒,16.028341,16.433207
Brc1ccc(C2c3cc(-c4cn[nH]n4)ccc3-c3nncn32)cc1,中毒,13.297825,56.653236
NC1CC(n2c3c(cc(-c4cn[nH]n4)c2=O)C(=O)N(c2cc(Cl)cn(C4CC(O)(CO)C4)c2=O)C3c2ccc(Cl)cc2)CC1O,中毒,51.258514,14.418226
O=C1c2cc(-c3cn[nH]n3)n(-c3ccc(Cl)cc3)c2C(c2ccc3c(c2)OCO3)N1c1cc(Cl)cn(C2CCC(O)(CO)C2)c1=O,中毒,14.882899,13.466203
O=C1c2cc(-c3cn[nH]n3)n(-c3ccc(Cl)cc3Cl)c2C(c2ccc(Cl)cc2)C(c2ccc(Cl)cc2)N1c1cc(Cl)cn(C2CC(O)(CO)C2)c1=O,中毒,51.50488,13.503714
O=C1c2cc(-c3cn[nH]n3)n(-c3ccc(F)cc3F)c2C(c2cccs2)N1c1cc(Cl)cn(C2CC(O)(CO)C2)c1=O,中毒,13.346145,11.513729
Clc1c(Br)cnc2c1=C(N1CC(Oc3ccc4c(c3)OCCO4)C1)C1=NC(c3cn[nH]n3)=CC=21,中毒,50.579563,14.778015
O=S1(=O)Cc2cc(-c3cn[nH]n3)cc(-c3c(F)cccc3F)c2C1,中毒,6.271392,18.424952
O=C1Nc2cc(-c3cn[nH]n3)c(N3CC4CC5CC(C4)CC(O)(C5)C3)nc2C1c1c(Cl)cccc1Cl,中毒,30.504786,15.755222
FC(F)(F)c1cnc(N2CCc3nc(-c4cn[nH]n4)nc(N4CC5CC5C4)c3C2)c(Cl)c1,中毒,25.610262,53.966686
O=c1c2cc(Cl)cn1C1(CC(O)(CO)C1)C1=Cc3cc(-c4cn[nH]n4)n(-c4ccn(-c5cc(F)c(F)cc5F)c4)c3C(c3ccc(Cl)cc3)N12,中毒,18.205946,13.503714
O=c1c(N2Cc3cc(-c4cn[nH]n4)cc(-c4cn(-c5cccnc5)nn4)c3C2)cc(Cl)cn1C1CC(O)(CO)C1,中毒,21.897793,14.643528
O=C1c2cc(-c3cn[nH]n3)n(-c3cc(F)c(Cl)c(F)c3)c2C(c2ccc(Cl)cc2)N1c1cc(Cl)cn(C2CC(O)(CO)C2)c1=O,中毒,14.882899,11.513729
OC1CC2=CC(c3cn[nH]n3)=CC2=C(c2ccc3nc(N4CCNCC4)ccc3c2)C1O,中毒,9.978752,30.03205
O=C1c2cc(-c3cn[nH]n3)n(-c3ccc(Cl)c(Cl)c3)c2C(c2ccsc2)C(c2ccc(Cl)cc2)N1c1cc(Cl)cn(C2CC(O)(CO)C2)c1=O,中毒,51.50488,13.503714
O=C1COCC2C(c3ccc(Cl)s3)Oc3c(-c4cc(Cl)cc(Cl)c4)cc(-c4cn[nH]n4)cc3N12,中毒,110.654396,25.141916
Clc1ccc(C2c3cc(-c4cn[nH]n4)cc(-c4c(Cl)cccc4Cl)c3C(c3ccc(Cl)cc3)N2c2ccc(C3CCNCC3)cc2Cl)cc1,中毒,12.85932,32.261692
O=c1c(N2Nc3cc(-c4cn[nH]n4)n(-c4ccc(F)cc4F)c3C2c2ccc(Cl)cc2)cc(Cl)cn1C1CC(O)(CO)C1,中毒,13.591881,13.447941
O=C(O)C[n+]1ccn(-n2cc(Cl)cc(N3C(=O)c4cc(-c5cn[nH]n5)n(-c5ccc(F)cc5F)c4C3c3ccc(Cl)cc3)c2=O)c1,中毒,32.17651,13.466203
O=C(O)C1(O)CC(n2cc(Cl)cc(N3Cc4cc(-c5cn[nH]n5)cc(-c5ccc(F)cc5F)c4C3c3ccc(Cl)cc3)c2=O)C1,中毒,6.3808517,8.960914
O=C1c2cc(-c3cn[nH]n3)n(C(C3CC3)C3CC3)c2C(c2ccc(Cl)cc2)N1c1cc(Cl)cn(C2CC(O)(CO)C2)c1=O,中毒,19.24008,13.503714
O=C1c2sc(-c3nc(-c4ccccn4)cs3)c(-c3cn[nH]n3)c2C(c2ccc(Cl)cc2)N1c1cc(Cl)cn(C2CC(O)(CO)C2)c1=O,中毒,51.50488,12.110745
O=S(=O)(c1ccc(F)cc1)N1CCCc2sc(C3=C4C=C(c5cn[nH]n5)C=C4C3)cc2C1,中毒,8.113476,21.902344
O=c1c2cc(F)c(-c3cn[nH]n3)cc2c(C2CCC(O)(c3ccsc3)CC2)cn1Cc1ccnc(Cl)c1,中毒,13.871375,15.293253
O=c1c(N2Cc3cc(-c4cn[nH]n4)n(-c4c(Cl)cccc4Cl)c3C2c2ccc(Cl)cc2)cc(Cl)cn1C1CC(O)C(O)C1,中毒,24.385923,11.513729
Fc1cc(C2=C(c3cn[nH]n3)CC3C(=NN(c4cc(Cl)ccc4N4CCOCC4)C3c3ccc(Br)cc3)C2)ccc1Cl,中毒,21.142128,36.86464
O=C1c2cc(-c3cn[nH]n3)n(-c3ccc(Cl)cc3F)c2C(c2ccc(Cl)cc2)N1c1ccn(C2CC(O)(CO)C2)c1,中毒,15.540574,19.356245
c1ccc(Oc2ccc3nc(-c4cnc5sc(-c6cn[nH]n6)cn45)sc3c2)cc1,中毒,117.955635,65.80453
O=C1c2cc(-c3cn[nH]n3)n(Cc3ccc(Cl)cc3Cl)c2C(c2ccc(Cl)cc2)N1c1cc(Cl)cn(C2CC(O)(CO)C2)c1=O,中毒,6.6767583,13.16881
O=C(O)c1cn(-c2ccc(Oc3ccc(F)cc3F)cc2F)c2cc(-c3cn[nH]n3)c(F)cc2c1=O,中毒,35.48704,14.660174
O=C1C(c2cn[nH]n2)=CC2=C(C(c3ccc4[nH]ccc4c3)=C2)C(c2cccc(Cl)c2)N2C(=O)C2=CC(Cl)=CN1C1CC(O)(CO)C1,中毒,24.611593,25.472618
O=C1c2cc(-c3cn[nH]n3)n(-c3ccc(Cl)c4c3CCc3c[nH]cc3-4)c2C(c2ccc(Cl)cc2Cl)N1c1cc(Cl)cn(C2CC(O)(CO)C2)c1=O,中毒,32.17651,12.110745
O=C1c2c(c(=O)n(-c3ccc(Cl)cc3)c(=O)n2-c2cn[nH]n2)C(c2ccc(Cl)cc2)N1c1cc(Cl)cn(C2CC(O)C(O)C2)c1=O,中毒,38.640644,13.503714
O=C1N(c2cc(Cl)cn(C3CC(O)(CO)C3)c2=O)C(c2ccc(Cl)cc2)c2c(-c3cc(Cl)cc(Cl)c3Cl)c(-c3cn[nH]n3)cn21,中毒,4.780019,13.466203
O=C1C2CCc3cc(-c4cn[nH]n4)n(-c4ccc(F)cc4F)c3C(c3ccc(Cl)cc3)N1c1cc(Cl)cn2c1=O,中毒,21.327534,14.3937645
c1n[nH]nc1N1CCC2(CCNCCCCN2)C1,高毒,20.543531,67.648254
c1cc(-c2c[nH]c3cc(-c4cn[nH]n4)cnc23)c2ccoc2c1,中毒,8.061166,44.693546
O=P(O)(O)C1=CC(Oc2nc(Sc3cn[nH]n3)nc(N3CCOCC3)n2)OC1CO,中毒,28.51197,81.64377
O=c1c(N2Cc3cc(-c4cn[nH]n4)cc(-c4c(F)cccc4F)c3C2c2ccc(Cl)cc2)cc(Cl)cn1C1CC(O)C(O)C1,中毒,6.1634517,8.960914
O=C1c2cc(-c3cn[nH]n3)c(-c3ccc(Cl)cc3Cl)n2C(c2ccc(Cl)cc2)N1c1cc(Cl)c[nH]c1=O,中毒,17.655811,14.3937645
c1cncc(C2CCN2c2nc(-c3cn[nH]n3)cs2)c1,中毒,32.741375,132.90486
O=c1c(N2Cc3cc(-c4cn[nH]n4)cc(-c4cc(Cl)ccc4Cl)c3C2c2ccc(Cl)s2)cc(Cl)cn1C1CC(O)(CO)C1,中毒,6.690411,8.519041
Fc1ccc(-n2c(-c3cn[nH]n3)cc3c4cc(Cl)cc(Cl)c4c4onc(Oc5ccc(Cl)cc5)c4c32)c(F)c1,中毒,9.250339,21.319742
O=C1c2cc(-c3cn[nH]n3)n(-c3ccc(F)cc3F)c2C(c2ccc(Cl)cc2)N1c1cc(Cl)c(=O)n(C2CC2)c1,中毒,17.272402,15.904917
Fc1cc2c(cc1Nc1c(F)c(F)c(F)c(F)c1F)OCc1cc(-c3cccnc3)c(-c3cn[nH]n3)cc1-2,中毒,13.539453,16.038588
FC(F)(F)c1ccc(C2CC2N2CCc3nc(-c4cn[nH]n4)nc(N4CCOCC4)c3C2)nc1,中毒,23.676826,58.30609
Fc1cc(Cl)c(-c2cc(-c3cn[nH]n3)cc3c2oc2cc(Cl)c(F)cc23)c(Cl)c1,中毒,3.9670677,67.359276
O=C1c2cc(-c3cn[nH]n3)c(C3CC3)c(=O)n2C(c2ccoc2)N1c1cc(Cl)cn(C2CC(O)(CO)C2)c1=O,中毒,40.127476,46.02951
O=S(=O)(CC1CCC2CCCC3C4c5cc(-c6cn[nH]n6)cc(-c6c(Cl)cccc6Cl)c5CN(C4CC1)C23)c1ccccc1F,中毒,10.229099,23.297123
NC(CC(=O)Nc1ccc(Oc2ncnc3scc(-c4cn[nH]n4)c23)cc1)c1ccccc1,中毒,10.171866,14.547509
O=C1CN(CC2CC(O)(CO)C2)C=C(Cl)C=C2C3=CC=C(Cl)C=Cc4cc(-c5cn[nH]n5)n(-c5ccc(F)cc5F)c4C(c4ccc(Cl)cc4)C3N12,中毒,9.251968,35.111286
O=c1c(N2Cc3cc(-c4cn[nH]n4)cc(-c4c(Cl)cccc4Cl)c3C2c2c(F)cccc2Cl)cc(Cl)cn1C1CC(O)(CO)C1,中毒,5.0387254,8.960914
O=C1c2cc(-c3cn[nH]n3)n(-c3ccc(Cl)cc3F)c2C(c2ccc(Cl)cc2)N1c1cc(Cl)cn(C2CCOC2)c1=O,中毒,17.272402,13.466203
Clc1cc(Cl)cc(-c2nc(CN3CCc4c(c5ccccc5n4C4CN5CCC4CC5)C3c3cn[nH]n3)cs2)c1,中毒,4.1771917,27.501694
Fc1cccc(-c2cc3c(c(F)n2)c(C2CC2)c(Cl)c2nc(F)c(-c4cn[nH]n4)cc23)c1-c1ccnc(C#Cc2ccon2)c1,中毒,37.205135,19.282158
O=C1c2cc(-c3cn[nH]n3)c(=O)[nH]c2C(c2ccncc2)N1c1cc(Cl)cn(C2CCC(O)(CO)C2)c1=O,中毒,13.216523,12.087409
O=c1c(N2c3c(cc(-c4cn[nH]n4)n3-c3ccc(Cl)cc3)C2O)cc(Cl)cn1C1CC(O)(CO)C1,中毒,18.632854,34.27415
O=C1c2cc(-c3cn[nH]n3)n(-c3ccc(C(F)(F)C(F)(F)F)cc3)c2C(c2ccc(Cl)cc2)N1c1cc(Cl)cn(C2CC(O)(CO)C2)c1=O,中毒,14.882899,11.513729
OC1(CCCNc2cc(-c3cnn(-c4cn[nH]n4)c3)ccn2)COC1,高毒,115.53286,107.63549
N#CC1=CC=C2C3CCC(=C1)C2N(c1ccc(Cl)cc1)C(c1ccc(Cl)cc1)c1c3cc(-c2cn[nH]n2)n1-c1ccc(Cl)cc1Cl,中毒,29.275309,18.28731
O=C1c2cc(-c3cn[nH]n3)n(-c3ccc(Cl)cc3Br)c2C(c2ccc(Cl)cc2)N1c1cc(Cl)cn(C2CC(O)C(O)C2)c1=O,中毒,14.882899,11.513729
Oc1ccc(Cl)cc1C1c2cc(-c3cn[nH]n3)cc(-c3c(Cl)cccc3Cl)c2C(c2ccc(Cl)cc2)N1c1ccc(N2CCC(O)CC2)cc1,中毒,21.568134,18.370186
O=c1c(-n2c(=O)c3cc(Br)cc(Br)c3c3cc(-c4cn[nH]n4)cc(-c4c(F)cccc4F)c32)cc(Cl)cn1C1CC(O)(CO)C1,低毒,5.0140395,20.620869
Fc1cc2nc(Br)nc(C3CCNC3)c2cc1-c1cn[nH]n1,中毒,6.6262603,28.694433
Clc1cc(Cl)c2c(CN3Cc4c(cc(-c5cn[nH]n5)cc4-c4c(Cl)cccc4Cl)-c4ccccc43)coc2c1,中毒,32.051777,19.75049
O=c1c(N2Cc3cc(-c4cn[nH]n4)n(-c4ccc(Cl)cc4Cl)c3C2c2ccc(Cl)cc2)cc(Cl)cn1C1CC(O)(P(=O)(O)O)C1,中毒,24.385923,11.513729
Clc1ccc(-n2c(-c3cn[nH]n3)cc3c2-c2cc(Cl)c(NCc4ccc5c(c4)OCO5)cc2CC3)cc1,低毒,10.569432,80.80037
O=C1c2cc(Cc3cn[nH]n3)n(C3CCN(Cc4nc5ccccc5o4)CC3)c2C(c2ccc(Cl)c(Cl)c2)N1c1cc(Cl)cn(C2CC(O)(CO)C2)c1=O,中毒,24.385923,13.503714
O=C1c2nc(-c3cn[nH]n3)c(-c3ccc(Cl)cc3)n2C(c2ccc(Cl)cc2)N1c1cc(Cl)cn(C2CC(O)(CO)C2)c1=O,中毒,32.68572,13.447941
[O]N1C(c2ccc(Cl)cc2)c2cc(-c3cn[nH]n3)n(-c3ccc(Cl)cc3)c2C1c1ccc(Cl)cc1,中毒,18.412884,21.750744
Clc1cc(Cl)c2c(N3CCOCC3)nc(-c3ccccc3)c(-c3cn[nH]n3)c2c1,中毒,33.952724,38.927803
O=C1c2cc(-c3cn[nH]n3)c(F)cc2C(c2ccc(Cl)cc2)C(c2ccc(Cl)cc2)N1c1cc(Cl)cn(C2CC(O)(CO)C2)c1=O,中毒,15.557693,16.862432
O=C1c2cc(-c3cn[nH]n3)n(-c3ccc(Cl)cc3F)c2C(c2cccnc2)N1c1cc(Cl)cn(C2CCC(O)CC2)c1=O,中毒,25.244574,11.513729
O=c1c(N2Cc3cc(-c4cn[nH]n4)n(-c4ccc(Cl)cc4)c3C2c2ccc(Cl)cc2)cc(Cl)cn1C1CC(O)(CF)C1,中毒,40.01299,11.513729
O=C1c2nc(-c3cn[nH]n3)n(-c3ccc(Cl)cc3F)c2C(c2ccc(Cl)cc2)N1c1cc(Cl)cn(CC2CC(O)S(=O)(=O)C2)c1=O,中毒,35.920673,34.717995
O=C1c2nc(-c3cn[nH]n3)n(-c3ccc(Cl)c(Cl)c3Cl)c2C(c2ccc(Cl)cc2)N1c1cc(Cl)cn(C2CC(O)(CO)C2)c1=O,中毒,36.832283,13.466203
Oc1n[nH]c2ncc(-c3cc(-c4cc(-c5cn[nH]n5)cc5c4C[N+](CC4(N6CCOCC6)CC4)C5)ccn3)cc12,中毒,17.62744,34.884544
Nc1c(-c2cnc3[nH]c(-c4nc5c(-c6ccncc6)ccnc5[nH]4)cc3c2)nc(N2CCOC3CCCC32)nc1-c1cn[nH]n1,中毒,7.27376,59.55122
Fc1ccc(-n2c(-c3cn[nH]n3)cc3c2C(c2ccco2)N(c2ccc(Cl)c(C(F)(F)F)c2)C3)cc1,中毒,19.93605,21.855152
O=C1c2cc(-c3cn[nH]n3)n(-c3ccc(Br)cc3F)c2C(c2ccc(Cl)cc2)N1Cc1ccc(Cl)c(Cl)c1,中毒,13.300102,22.016832
O=C1c2cc(-c3cn[nH]n3)n(-c3cc(F)cc(Cl)c3)c2C(C2=CCCCC2)N1c1cc(Cl)cn(C2CC(O)(CO)C2)c1=O,中毒,10.328205,13.503714
O=C1c2nc(-c3cn[nH]n3)[nH]c(=O)c2C(c2ccc(Cl)cc2)N1c1cc(Cl)cn(C2CC(O)C(O)C2)c1=O,中毒,26.553892,20.422
O=c1[nH]c2c(OC3CCOC3)c(-c3cnc4ccsc4c3)ccc2n1C1=C2C=C(c3cn[nH]n3)C=C2COC1,中毒,26.011744,17.563566
O=c1c(N2Cc3nc(-c4cn[nH]n4)n(-c4ccc(F)cc4F)c3C2c2ccc(Cl)cc2)cc(Cl)cn1C1CC(O)C(O)C1,中毒,15.534245,34.717995
Clc1cccc(Cl)c1-c1cc(-c2cn[nH]n2)cc2c1CN(Cc1c[nH]cn1)CC2,中毒,14.111431,38.44674
FCc1nnc(N2CCc3cnc(-c4cn[nH]n4)cc3C2)nc1-c1ccsc1Cl,中毒,11.785101,57.72166
O=C1c2c(cc(-c3ccc(Br)cc3Cl)c(=O)n2-c2cn[nH]n2)C(c2ccc(Cl)cc2)N1c1cc(Cl)cn(C2CC2)c1=O,中毒,64.67622,14.009461
O=S(=O)(Nc1ccc(Oc2ncnc3cc(OC4CCCC4)c(-c4cn[nH]n4)cc23)cc1)c1cccc2nsnc12,中毒,5.0307846,56.40113
O=C1c2cc(-c3cn[nH]n3)nc(Sc3ccc4oc5cnccc5c4c3)c2C(c2ccc(Cl)cc2)N1c1cc(Cl)cn(C2CC2)c1=O,中毒,28.622856,14.3937645
O=C1c2cc(-c3cn[nH]n3)n(-c3ccc(F)cc3F)c2C(c2ccc(N3CCOCC3)cc2)N1c1cc(Cl)cn(C2CC(O)(CO)C2)c1=O,中毒,12.488247,13.466203
O=C1c2cc(-c3cn[nH]n3)n(-c3cccc(Cl)c3)c2C(c2cccnc2)N1c1cc(Cl)cn(C2CC(O)(CO)C2)c1=O,中毒,14.882899,11.513729
O=C1c2cc(-c3cn[nH]n3)n(-c3c(F)cc(F)cc3F)c2C(c2ccc(Cl)cc2)N1c1cc(Cl)cn(C2CC(O)(CO)C2)c1=O,中毒,12.488247,11.513729
O=C1c2cc(-c3cn[nH]n3)cc(-c3c(Cl)cccc3Cl)c2CS(=O)(=O)C(c2ccc(Cl)cc2Cl)N1c1cc(Cl)cn(C2CC(O)(CO)C2)c1=O,中毒,5.9372888,10.648614
FC1(Br)CCc2nc(OCc3ccnc(Cl)c3)cc(-c3cc(-c4cn[nH]n4)cc4c3CN(C3COC3)C4)c2O1,中毒,18.542007,91.734764
O=C1c2nc(-c3cn[nH]n3)n(-c3ccc(Cl)cc3F)c2C(c2ccc3ccccc3c2)N1c1cc(Cl)cn(C2CC(O)(CO)C2)c1=O,中毒,24.818281,34.717995
O=c1c(NC(c2ccccc2)c2c3cc(-c4cn[nH]n4)c-3c2-c2cc(NCC3CC3)nc(-c3ccc(C(F)(F)F)cc3)c2)cc(Cl)cn1C1CC1,中毒,4.754097,17.76881
O=c1c(N2C(I)c3cc(-c4cn[nH]n4)n(-c4ccc(Cl)cc4F)c3C2c2ccc(Cl)cc2)cc(Cl)cn1C1CC(O)(CO)C1,中毒,18.642033,13.466203
O=C1c2cc(-c3cn[nH]n3)n(-c3ccc(F)nc3)c2C(c2cccnc2)N1c1cc(Cl)cn(C2CC(F)(F)C2)c1=O,中毒,22.035963,14.026334
O=C1c2cc(-c3cn[nH]n3)n(-c3ccc(Cl)cc3)c2C(C2=CC=CN(C(F)(F)F)C=C2)N1c1cc(Cl)cn(C2CC(O)(CO)C2)c1=O,中毒,9.5269375,13.503714
O=C1c2cc(-c3cn[nH]n3)c(-c3ccc(Cl)cc3Br)n2C(c2ccc(Cl)cc2)N1c1cc(Cl)cn(C2CC(O)(CO)C2)c1=O,中毒,19.951618,13.503714
O=C1c2cc(-c3cn[nH]n3)n(-c3ccc(Cl)cc3)c2C(c2ccc(Cl)cc2Br)N1c1cc(Cl)cn(C2CC(O)(CO)C2)c1=O,中毒,18.205946,11.513729
O=S(=O)(O)c1ccc(-n2nc(-c3cccs3)c(-c3cnc4[nH]cc(-c5cn[nH]n5)c4c3-c3cc4ccccc4nc3Cl)n2)nc1,中毒,10.606645,16.253616
O=C1c2cc(-c3cn[nH]n3)n(-c3ccc(Cl)cc3Cl)c2C(c2ccc(Cl)s2)N1c1cc(Cl)cn(C2CC(O)(CO)C2)c1=O,中毒,15.111123,11.513729
O=C(O)c1cn(C2CC2)c2cc(N3CCC(N(Cc4cnno4)C(c4ccccc4)c4cn[nH]n4)CC3)c(F)cc2c1=O,中毒,9.68848,19.312622
CN(c1cc(Cl)cn(C2CC(O)(CO)C2O)c1=O)C(c1ccc(Cl)cc1)c1c2nc(-c3cn[nH]n3)c-2c1-c1ccc(-c2ncc(F)cc2F)cc1,中毒,8.459931,13.526629
O=c1c(N2C(Cl)c3cc(-c4cn[nH]n4)cc(-c4c(Cl)cccc4Cl)c3C2c2ccc(Cl)cc2)cc(Cl)cn1C1CC(O)(CO)C1,中毒,39.425797,17.240566
Clc1sc(-c2nncn2C2CCOCC2)nc1N1CCc2cc(-c3cn[nH]n3)sc2C1,中毒,26.897102,25.615414
O=C1c2cc(-c3cn[nH]n3)c(-c3cnc(-c4ccccc4)s3)cc2N1c1cc(Cl)cn(C2CC(O)(CO)C2)c1=O,中毒,74.34505,10.425424
OC1(CNC2COC2)CC(COc2cc3[nH]c(-c4ccnc(Nc5ccc(Cl)c(Cl)c5)c4)nc3cc2-c2cn[nH]n2)C1,中毒,5.709079,33.732063
Fc1ccc2c(c1)COC21CCN(NCc2cc(-c3cn[nH]n3)co2)CC1,中毒,72.16966,16.39654
Clc1cccc(Cl)c1Cc1[nH]c2ncc(-c3cn[nH]n3)cc2c1-c1cncnc1,中毒,15.2052555,92.20259
O=c1c2c3c(sc2nc(-c2cn[nH]n2)n1-c1ccc(Cl)cc1C(F)(F)F)CSC3,中毒,38.567265,25.108006
OC1C2CCC3=CN(C45CC6CC(CC(C6)C4)C5)c4c(ncnc4N4CCOCC4)C1OC1=CC(c4cn[nH]n4)=CC1=C32,中毒,46.08258,16.854969
c1cc(CN2CCNC(Cc3n[nH]c4cc(-c5cn[nH]n5)ccc34)C2)n[nH]1,中毒,6.823025,86.15736
O=C1c2cc(-c3cn[nH]n3)n(-c3ccc(Cl)c(F)c3F)c2C(c2ccc(Cl)cc2)N1c1cc(Cl)cn(C2CC(O)(CO)C2)c1=O,中毒,12.488247,11.513729
Fc1cccc2c(-c3cc4c(cc3-c3cn[nH]n3)C(CC3CCNCC3)NC4)c3ccncc3nc12,中毒,4.3407874,53.682194
O=c1c2cc(c(C(O)c3ccc(Cl)cc3)c3ccccc13)Cc1ncc(-c3cn[nH]n3)n1-c1cc(Br)c(F)cc1-2,中毒,6.6778407,24.172026
O=C1c2cc(-c3cn[nH]n3)n(-c3ccc(Cl)cc3F)c2C(c2ccc(Cl)cc2)N1c1cc(Cl)cn(C2CC(O)C(O)(CO)C2)c1=O,中毒,12.488247,11.513729
O=C1c2c(c3cc(F)ccc3n2-c2cn[nH]n2)C(c2ccc(Cl)cc2)N1c1cc(Cl)cn(C2CC(O)(CO)C2)c1=O,中毒,25.928497,13.503714
O=c1c(N2Cc3cc(-c4cn[nH]n4)n(-c4cc(F)c(F)c(F)c4F)c3C2c2ccc(Cl)cc2)cc(Cl)cn1C1CC(O)(CO)C1,中毒,15.763229,11.513729
O=C1c2cc(-c3cn[nH]n3)n(-c3cc(Cl)ncn3)c2C(c2ccc(F)cc2)N1c1cc(Cl)cn(C2CC(O)(CO)C2)c1=O,中毒,14.882899,11.513729
O=C1c2cc(-c3cn[nH]n3)n(CC3CC(c4cccnc4)=N3)c2C(c2ccc(Cl)cc2)N1c1cc(Cl)cn(C2CC(O)(CO)C2)c1=O,中毒,16.818426,13.16881
O=S(=O)(c1ccnnc1)c1ccc2c(c1)CCCCC2Oc1ccc2cc(-c3cn[nH]n3)oc2c1,中毒,14.086291,21.478458
O=c1c(N2C(c3ccc(Cl)cc3Br)c3c(cc(-c4cn[nH]n4)n3-c3ccc(F)cc3)CP2(=O)O)cc(Cl)cn1C1CC(O)C(O)C1,中毒,15.540574,13.447941
c1cc(N2CCNCC2)ccc1Nc1nc(-c2cn[nH]n2)cs1,中毒,26.534758,44.220345
c1cc(-c2cnc3nc(N4CCOSC4)n(C4CC4)c3n2)c2ccc(-c3cn[nH]n3)cc2n1,中毒,29.398247,41.5725
O=C1c2nc(-c3cn[nH]n3)n(C(C3CC3)C3CC3)c2C(c2ccc(Cl)cc2F)N1c1cc(Cl)cn(C2CC(F)(F)C2)c1=O,中毒,51.604843,16.255348
O=S(=O)(c1ccc(-c2cc(-c3[nH]cc(C4C=CC(c5cn[nH]n5)=CN4)c3C3CC3)ccn2)cn1)N1CCOCC1,中毒,31.870579,24.717127
O=C1OCc2cc(-c3cn[nH]n3)cc(-c3c(Cl)cccc3Cl)c2C(c2ccc(Cl)cc2)N2C(=O)C1n1cc(Cl)cc2c1=O,中毒,29.764805,18.239529
O=c1c(N2Cc3cc(-c4cn[nH]n4)n(C(c4ccc(F)cc4)c4ccc(Cl)cc4F)c3C2c2ccc(Cl)cc2)cc(Cl)cn1C1CC(O)(CO)C1,中毒,15.763229,13.503714
c1cn(Cc2ncc(-c3nc4cc(-c5cn[nH]n5)cnc4[nH]3)cn2)nn1,中毒,1.3687519,47.14119
Nc1cc(-c2c[nH]c(-c3cn[nH]n3)n2)c(-c2ccc3onc(-c4cccnc4)c3c2)c2c(-c3ccco3)cnn12,中毒,144.49895,46.64526
O=c1c(N2Cc3nc(-c4cn[nH]n4)nn3C2c2ccc(Cl)cc2)cc(Cl)cn1C1CC(O)(CO)C1,中毒,11.6811905,41.418026
Clc1cc(Cl)cc(-c2cc3[nH]nc(-c4cccc(Br)c4)c3cc2-c2cn[nH]n2)c1,低毒,56.754658,220.24364
Fc1ccc(N(c2ccc(F)cc2F)C2CCN(C3Cc4cc(-c5cn[nH]n5)nn4C3)CC2)nc1,中毒,8.271107,14.083288
O=C1c2cc(-c3cn[nH]n3)n(-c3ccc(Cl)cc3)c2C(c2ccc(F)cc2)N1c1cc(Cl)cn(C2CC(O)(CO)C2)c1=O,中毒,14.882899,11.513729
O=c1[nH]c2ccc(-n3c(-c4cn[nH]n4)nc4cnc(-c5cnn(C6CCNC6)c5)cc43)cc2c(=O)n1C1CC(O)C(CO)C1,中毒,7.314204,38.7812
Oc1noc2c1[PH](c1ccccc1)(c1ccccc1Cl)c1cc(-c3cn[nH]n3)cnc1C2,中毒,32.63241,42.723633
O=c1c(N2Cc3cc(-c4cn[nH]n4)n(-c4ccccc4)c3C2c2ccncc2)cc(Cl)cn1C1Cc2cccn2C1,中毒,28.622856,14.026334
O=C1c2cc(-c3cn[nH]n3)n(-c3ccc(Cl)cc3F)c2C(c2ccc(-c3cn[nH]c3)cc2)N1c1cc(Cl)cn(C2CC(O)(CO)C2)c1=O,中毒,12.488247,13.466203
Clc1ccc(CN2CCc3cc(-c4cn[nH]n4)cc(-c4n[nH]c5ccccc45)c3C2)cc1,中毒,4.4504695,60.429405
O=c1c(N2Cc3cc(-c4cn[nH]n4)cc(-c4ccc(Cl)cc4Cl)c3C2c2ccc(Cl)cc2)cc(Cl)cn1C1CC(O)(CO)C1,中毒,9.036046,9.912456
O=S(=O)(NC1CCC(Oc2cc3ncnc(Sc4ccc(F)cc4F)c3cc2-c2cn[nH]n2)CC1)c1nccs1,中毒,11.028776,34.871025
O=C1c2nc(-c3cn[nH]n3)n(-c3cnc(N4CCC(Cl)C4)c(Cl)c3)c2C(c2ccc(Cl)cc2)N1c1cc(Cl)cn(C2CC(O)(CO)C2)c1=O,中毒,23.043425,34.717995
O=C1c2cc(-c3cn[nH]n3)n(-c3cc(F)c(F)cc3F)c2C(c2ccc(Cl)cc2)N1c1cc(Cl)cn(C2CCS(=O)(=O)C2)c1=O,中毒,17.272402,14.026334
O=C(c1c2cc(c3c(-c4cn[nH]n4)cc(Nc4c(Cl)cccc4Cl)nc13)C(CC1CC1O)O2)N(c1cccc(C(F)(F)F)c1)c1cc(Cl)ccn1,中毒,9.5269375,30.934883
Clc1nnc(-c2ccc(-c3nc(-c4cn[nH]n4)cc4c3CN(Cc3cccc(N5CCOCC5)c3)C4)cc2)s1,低毒,10.229358,22.040468
FC(F)(F)C1c2c(Cl)cc(Cl)cc2OC2(Cc3cc(-c4cn[nH]n4)cnc3C2)C1(F)Cl,中毒,7.008431,59.32703
Cn1cc(Cl)cc(N2C(=O)OCOc3cc4ccc3-c3cc(-c5cn[nH]n5)n(-c5ccc(Cl)cc5Cl)c3C42)c1=O,中毒,36.543884,13.466203
O=C1c2cc(-c3cn[nH]n3)n(-c3ccc(Cl)cc3F)c2C(c2ccc(Cl)cc2)N1c1cc(Cl)cn2nc(C3CC3)cc12,中毒,28.345415,16.466494
O=C1c2cc(-c3cn[nH]n3)nn2-c2cc(Cl)c(Br)c(Cl)c2C(c2ccc(Cl)cc2)N1c1cc(Cl)cn(C2C(O)C(O)C2CO)c1=O,中毒,11.176486,28.20462
O=P1(N2CC2)Nc2cc(-c3cn[nH]n3)n(-c3ccc(F)cc3F)c2C(c2ccc(Cl)cc2)N1,中毒,24.307446,14.026334
Brc1ccc2c(c1)CCc1ncc(-c3cn[nH]n3)cc1O2,高毒,30.035149,70.28585
c1cc2[nH]c(C3CN4CCC3CC4)cc2cc1-c1cn[nH]n1,中毒,2.6689556,121.381355
O=C1N(c2cc(Cl)cn(C3CC3)c2=O)C(c2ccc(Cl)cc2)c2c(-c3ccc(N4CCOCC4)c(C(F)(F)F)c3)c(-c3cn[nH]n3)cn21,中毒,6.039426,16.230408
Clc1nc(-c2ccsc2)c2n1C(c1ccsc1)c1sc(-c3cn[nH]n3)cc1-2,中毒,12.831338,13.510547
O=c1c(N2Cc3cc(-c4cn[nH]n4)n(-c4cc(F)c(F)c(F)c4)c3C2c2ccc(Cl)cc2)cc(Cl)cn1C1CC(O)(CO)C1,中毒,19.24008,11.513729
O=C1c2cc(-c3cn[nH]n3)n(OCC3CCN(Cc4ccc5c(c4)OCO5)CC3)c2C(c2ccc(Cl)cc2)N1c1cc(Cl)cn(C2CC(O)(CO)C2)c1=O,中毒,8.803864,13.466203
O=C1c2cc(-c3cn[nH]n3)n(-c3cc(Cl)c4c(c3)OCO4)c2C(c2ccc(Cl)cc2)N1c1cc(Cl)cn(C2CC(O)(CO)C2)c1=O,中毒,38.99518,11.513729
O=C(O)c1cn(C2CC2)c2cc(N3Cc4cc(-c5cn[nH]n5)cc(-c5ccco5)c4C3c3ccc(Cl)cc3)c(F)cc2c1=O,低毒,8.946273,14.878985
O=C1c2cc(-c3cn[nH]n3)n(-c3ccc4c(c3)OC(F)(F)O4)c2C(c2ccc(Cl)cc2)N1c1cc(Cl)cn(C2CC(O)(CO)C2)c1=O,中毒,38.99518,11.513729
O=C(NC1CCCC1)C(C1CC1)C(COc1ccc2scnc2c1)C1COC(=O)N1c1cc(-c2cn[nH]n2)cnc1Cl,中毒,51.047718,216.85704
c1nscc1-c1cn[nH]n1,高毒,64.4823,36.747303
O=c1c(N2Cc3nc(-c4cn[nH]n4)n(-c4ccc(F)cc4F)c3C2c2ccc(Br)cc2)cc(Cl)cn1C1CC(O)(CO)C1,中毒,15.534245,34.717995
O=C1c2ncc(-c3cn[nH]n3)cc2C(c2ccc(Cl)cc2)(c2ccc(Cl)c(Cl)c2)N1c1cc(Cl)cn(C2CC(O)(CO)C2)c1=O,中毒,59.929935,28.945686
O=c1c(N2Cc3cc(-c4cn[nH]n4)n(-c4ccc(Br)cc4F)c3C2c2ccc(Cl)cc2)cc(Cl)cn1C1CC(O)(CO)C1,中毒,20.18954,11.513729
O=C1c2cc(-c3cn[nH]n3)n(-c3ccc(Cl)cc3)c2C(c2ccc(Cl)cc2)N1c1cc(Cl)cn(C2OC(CO)(CO)C(O)C2O)c1=O,中毒,14.882899,13.503714
OC1(c2ccc(Cl)cc2)c2c(cc(-c3cn[nH]n3)n2-c2ccc(Cl)cc2Cl)C2CN(CC3CC3)CCC21c1cccc(Cl)c1,中毒,17.227741,33.33846
CS(=O)(=O)c1ccc(-c2c(C3CC3)nc3ncc(-c4cn[nH]n4)cc3c2N2CCOCC2)cc1,中毒,3.3194094,20.628824
O=C1c2nc(-c3cn[nH]n3)nc(Nc3ccc(F)cc3)c2C(c2ccc(Cl)cc2)N1c1cc(Cl)cn(C2CC(O)(CO)C2)c1=O,中毒,16.880064,13.466203
O=C1c2cc(-c3cn[nH]n3)n(-c3ccc(F)cc3F)c2C(c2ccc(Cl)cc2)N1c1cc(Cl)cn(C2CCCC2)c1=O,中毒,17.272402,14.026334
O=C1c2cc(-c3cn[nH]n3)n(-c3ccc(Cl)cc3Cl)c2C(c2ccc(Cl)cc2)N1c1cc(Cl)cn(C2CC(O)C(CO)S2)c1=O,中毒,51.50488,19.97039
FC(F)(F)c1cc(Cl)c(N2CCc3c(cc(-c4cn[nH]n4)cc3-c3c(Cl)cccc3Cl)C2)cn1,中毒,24.327637,73.82635
FCC1(F)C(c2cn[nH]n2)CCC12OCCc1cc(-c3ccsc3-c3nccn3C3CC3)ncc1-c1cccnc12,中毒,32.307003,38.55103
O=C1c2cc(-c3cn[nH]n3)n(-c3ccc(Cl)cc3Cl)c2C(c2ccc(Cl)cc2)N1c1cc(Cl)cn(C2CC(O)(CO)C2O)c1=O,中毒,18.205946,11.513729
c1nc(-c2cnc(Nc3ccc4ncsc4c3)nc2)c2cc(-c3cn[nH]n3)sc2n1,中毒,25.894556,23.513008
O=C1CC(n2cc(Cl)cc(N3C(=O)c4cc(-c5cn[nH]n5)n(-c5ccc(F)cc5F)c4C3c3ccc(Cl)cc3)c2=O)CO1,中毒,17.272402,13.466203
c1ccc(Nc2nc(-c3ccn[nH]3)c3c(-c4cn[nH]n4)cncc3n2)cc1,中毒,2.7952,29.101467
OCC1(n2c3cc(Cl)ccc3c3cc(-c4cn[nH]n4)cc(-c4c[nH]c5cc(F)ccc45)c32)CCN(c2cncc(Cl)c2)CC1,中毒,5.981093,30.554102
Clc1ccc(C2ON=C(c3cccnc3)c3sc(-c4cn[nH]n4)nc32)cc1,中毒,43.81904,46.31556
OCC1(O)CN(c2nc(-c3c(F)cc(O)cc3Cl)cc3ncc(-c4cn[nH]n4)cc23)C1,中毒,5.3384137,50.575592
Fc1ccc(N2Cc3nn(-c4cn[nH]n4)cc3-c3ccccc3C2C(F)(F)F)c(F)c1,中毒,12.447528,46.852318
Fc1cc(Cl)ccc1C1c2c(cc(-c3cn[nH]n3)cc2-c2c(Cl)cccc2Cl)CN1CCNC1C2CC3CC(C2)CC1C3,中毒,8.798275,12.969835
O=C1c2cc(-c3cn[nH]n3)n(-c3cc(Cl)ccc3F)c2C(c2ccsc2)N1c1cc(Cl)cn(C2CC(O)(CO)C2)c1=O,中毒,12.488247,11.513729
O=C1c2cc(-c3cn[nH]n3)oc2C(c2ccccc2)N1c1cc(Cl)cn(C2CC(O)(CO)C2)c1=O,中毒,13.3429985,20.735756
O=C1c2cc(-c3cn[nH]n3)oc2C(c2ccsc2)N1c1cc(Cl)cn(C2CC(O)C(O)C2)c1=O,中毒,13.362017,9.043079
O=C(O)c1cn(C2CC2)c2cc(-c3cn[nH]n3)c(F)cc2c1=O,中毒,13.554535,18.643522
O=c1c2c3n(-c4cn[nH]n4)c(c1CS(=O)(=O)CC2)-c1c2ncn1C3=c1cc[nH]c1=N2,中毒,18.641792,14.3937645
O=C1N(c2cc(Cl)cn(C3CC(O)(CO)C3)c2=O)C(c2ccc(Cl)cc2Cl)c2c(-c3ccc(Cl)c(Cl)c3)c(-c3cn[nH]n3)cn21,中毒,6.7316465,13.466203
O=C1c2cc(-c3cn[nH]n3)n(-c3ccccc3)c2C(c2ccc(Cl)cc2C(F)(F)F)N1c1cc(Cl)cn(C2CC(O)(CO)C2)c1=O,中毒,14.882899,12.110745
Fc1cc2c(cc1F)-c1cc(-c3cn[nH]n3)cc(-c3c(Cl)cccc3Cl)c1CC(c1ccco1)N2,中毒,19.946701,25.059679
Fc1cc2c(oc3c(-c4c(Cl)cccc4Cl)cc(-c4cn[nH]n4)cc32)c(-c2cnoc2)c1F,中毒,16.225721,18.412798
O=C1c2cc(-c3cn[nH]n3)n(C3=CC=CCS3(=O)=O)c2C(c2ccc(Cl)cc2)N1c1cc(Cl)cn(C2CC(O)(CO)C2)c1=O,中毒,43.309574,13.503714
O=c1c(-n2nc(-c3ccc(Cl)cc3)c3c(cc(-c4cn[nH]n4)n3-c3ccc(F)cc3F)c2=S)cc(Cl)cn1C1CC(O)(CO)C1,中毒,51.50488,113.73531
O=C1C2CC(O)(CO)Cc3cc(-c4cn[nH]n4)n(-c4ccc(Cl)cc4F)c3C(c3ccc(Cl)cc3)N1c1cc(Cl)cn2c1=O,中毒,15.763229,16.862432
[O-][n+]1onc2c1-c1c(nc3ccc(-c4ccncc4)cc3c1-c1cn[nH]n1)CS2,中毒,45.155575,18.270502
c1ccc2nc(N3Cc4oc(-c5cn[nH]n5)nc4C(Cc4ccc5occc5c4)C3)cnc2c1,中毒,21.50003,66.75563
O=C(Nc1ccc(Nc2nc(NC3CCN(Cc4cc(F)c(Br)c(F)c4)CC3)c3scc(-c4cn[nH]n4)c3n2)cc1)c1ccc(Br)s1,中毒,31.94791,19.921482
O=C1c2cc(-c3cn[nH]n3)n(-c3ccc(Cl)c(Cl)c3)c2C(c2ccc(F)cc2)N1c1cc(Cl)cn(C2CC(O)(CO)C2)c1=O,中毒,14.882899,11.513729
Fc1cc(-c2ccc3[nH]ncc3c2)c(OCc2ccc(C(F)(F)F)cc2)c2ncc(-c3cn[nH]n3)cc12,低毒,10.338683,42.153366
O=C1c2nc(-c3cn[nH]n3)nc(-c3ccoc3)c2C(c2ccc(Cl)cc2)N1c1cc(Cl)cn(C2CC(O)C(O)C2)c1=O,中毒,16.880064,13.503714
O=C1c2cc(-c3cn[nH]n3)n(-c3cnc(Cl)c(Cl)c3)c2C(c2ccc(Cl)cc2)N1c1cc(Cl)cn(C2CC(O)(CO)C2)c1=O,中毒,14.882899,11.513729
c1cc2c(cc1CNCC1CN(C3CCOCC3)Cn3cc(-c4cn[nH]n4)nc31)OCO2,中毒,13.765701,14.882184
O=c1c(N2C(c3cccc(Cl)c3)c3c(-c4c(Cl)cccc4Cl)cc(-c4cn[nH]n4)cc3S2(=O)=O)cc(Cl)cn1C1CC(O)(CO)C1,中毒,9.825931,16.862432
O=C1c2nc(-c3cn[nH]n3)n(-c3ccc(F)cc3)c2C(c2ccc(Cl)cc2)N1c1cc(Cl)cn(C2CC(O)C(O)C2)c1=O,中毒,23.043425,34.717995
Fc1ccc(Nc2cc(-c3cc4c(c(Nc5ccc(F)cc5)n3)CSc3cc(-c5cn[nH]n5)n(-c5ccc(Cl)cc5)c3-4)ccn2)cc1,中毒,14.869857,15.167181
NC1=Nc2cc(Oc3cn[nH]n3)cc3ncnc(-c4cn[nH]c4Cl)c3cc3c(c2C1c1cccs1)CN(c1ccccn1)C3,中毒,21.477339,35.9111
Fc1c(N2Cc3cc(-c4cn[nH]n4)cc(-c4c(Cl)cccc4Cl)c3C2c2ccc(Cl)cc2)cc(Cl)c2nc(C3CC3)nc(N3CCOCC3)c12,中毒,6.9686184,20.42046
O=C1c2cc(-c3cn[nH]n3)n(-c3ccc(C(F)(F)F)cc3)c2C(c2ncc(Cl)c(Cl)c2F)N1c1cc(Cl)cn(C2CC(O)(CO)C2)c1=O,中毒,38.834198,12.110745
O=C1c2cc(-c3cn[nH]n3)n(-c3ccc(Cl)cc3)c2C(c2cccc(=O)o2)N1c1cc(Cl)cn(C2CC(O)(CO)C2)c1=O,中毒,15.111123,11.513729
O=C1c2nc(-c3cn[nH]n3)cc(-c3ccc4nonc4c3)c2C(c2ccc(Cl)cc2)N1c1cc(Cl)cn(C2CC(O)(CO)C2)c1=O,中毒,37.24519,12.110745
c1cc(Nc2ncc3c(n2)-c2nc(-c4cc5cc(-c6cn[nH]n6)ccc5[nH]4)sc2CS3)ncc1OCC1CCNCC1,中毒,12.964112,17.727095
O=P(O)(O)c1c(N2CCc3cc(-c4cn[nH]n4)n(-c4ccc(Cl)cc4F)c3C2c2ccc3c(c2)OCO3)ccc(Cl)c1Cl,中毒,15.763229,15.02669
O=C(NCC1CC1)N1Cc2cc(-c3cn[nH]n3)cc(-c3c[nH]c4cc(Cl)ccc34)c2C1c1ccc(Cl)cc1Cl,中毒,6.59294,12.178995
O=C1c2cc(-c3cn[nH]n3)c(Oc3ccc(Br)cc3F)nc2C(c2ccc(F)cc2)N1c1cc(Cl)cn(C2CC(O)(CO)C2)c1=O,中毒,52.723274,12.087409
O=C1c2cc(-c3cn[nH]n3)n(-c3ccc(Cl)cc3F)c2C(c2nc3cc(Cl)ccc3s2)N1c1cc(Cl)cn(C2CC(O)(CO)C2)c1=O,中毒,10.762919,11.513729
Fc1ccc(F)c(Nc2nc(SC3CC3)c3cc(C4Cc5cc(-c6cn[nH]n6)nn5C4)ccc(-c4cncc(OC(F)(F)F)c4)c2-3)c1,中毒,4.6794,14.997799
c1ccc(Oc2ccc(N3CCOC(c4cn[nH]n4)C3)cn2)cc1,中毒,35.656322,21.280155
Brc1cc2nc(-c3cccc4c3CCC4N3CCOCC3)[nH]c2nc1-c1cn[nH]n1,中毒,3.6283665,16.492943
O=C1c2cc(-c3cn[nH]n3)n(-c3ccc(F)cc3)c2C(c2ccc(Cl)cc2)N1c1cc(Cl)cn(C2CC(O)(C(=O)O)C2)c1=O,中毒,14.882899,11.513729
O=C1c2nc(-c3cn[nH]n3)c(-c3ccncc3)c(-c3ccon3)c2C(c2ccc(Cl)cc2)N1c1cc(Cl)cn(C2CC(O)(CO)C2)c1=O,中毒,58.040432,12.110745
c1ccc2nc(OC3CCN(c4nc(-c5cn[nH]c5)cc5c(-c6cn[nH]n6)nc(-c6cncs6)cc45)C3)ccc2c1,中毒,22.17957,10.916105
Nc1c(Br)c(Br)c(Br)c(-c2cc(F)cc(F)c2F)c1-c1cn[nH]n1,中毒,19.44963,23.937004
Fc1cc2c(cc1-c1cn[nH]n1)CC1(COC3CCOCC3)COC3=NC(c4ncco4)=CC=C1C3N2Cc1ccc(Cl)cc1,中毒,48.543518,18.956259
O=c1c(N2Cc3cc(-c4c(-c5cn[nH]n5)cnc5[nH]ncc45)n(-c4ccc(F)cc4F)c3C2c2ccc(Cl)cc2)cc(Cl)cn1C1CC(O)(CO)C1,中毒,15.763229,13.466203
Clc1cccc(Nc2nc(-c3cc4c(cc3-c3cn[nH]n3)C[PH](c3ccccc3)(c3nccs3)C4)ncc2Cl)c1,中毒,22.86691,20.685888
O=c1c2c(-c3cc(F)c(O)c(Cl)c3)nc(-c3cc(C(F)(F)F)nc4cccnc34)cc2nc(N2CCOCC2)n1-c1cn[nH]n1,中毒,5.481183,190.05547
O=S1(=O)c2ccc(Cl)cc2-c2[nH]c3ncc(-c4cn[nH]n4)cc3c2C1c1ccco1,中毒,16.323853,16.368359
O=C1c2cc(-c3cn[nH]n3)c(-c3cc(Cl)ccc3CO)n2C(c2ccc(Cl)cc2)N1c1cc(Cl)cn(C2CC(O)C(O)C2)c1=O,中毒,20.573853,13.503714
O=c1c(N2Cc3cc(-c4cn[nH]n4)n(-c4c(F)cc(Cl)cc4C(F)(F)F)c3C2c2ccncc2)cc(Cl)cn1C1CC(O)C(O)C1O,中毒,12.488247,13.466203
O=C1CSC(c2cc(I)c3cc(-c4cn[nH]n4)sc3c2)N1N=Cc1cscn1,中毒,9.61651,43.6619
CN1C2=CC(c3cn[nH]n3)=CC2=C(C2=CN=C3N=C(S(=O)(=O)c4cc(Cl)c(Cl)s4)C(Br)=C23)C(c2ccc(Cl)cc2)C1c1ccc(Cl)cc1,中毒,25.896519,14.3937645
FC1(F)CCN(c2nc3sc(-c4cn[nH]n4)nc3c3c2C2(C3)NC3(CCC3)C2c2ccc(Cl)cc2)C1,中毒,10.520923,17.969591
O=C1c2cc(-c3cn[nH]n3)nn2CC(c2cccc3ccccc23)N1c1cc(Cl)cn(C2CC(O)(CO)C2)c1=O,中毒,23.909687,13.466203
O=C1NC2(CCC2)C2c3nc(-c4cn[nH]n4)n(-c4cc(Cl)cc(Cl)c4F)c3C12c1ccc(Cl)cc1,中毒,28.345415,18.158283
c1csc(-c2csc(N3CCCCC3)c2CCOC(c2cncc(-c3ccn[nH]3)c2)c2cn[nH]n2)c1,中毒,12.540487,14.837533
O=C1c2cc(-c3cn[nH]n3)n(-c3ccc(F)cc3F)c2C(c2ccc(Cl)cc2)N1c1nc(Cl)cn(C2CC(O)(CO)C2)c1=O,中毒,12.488247,17.33289
N#CC1(c2ccc(Cl)cc2)c2c(cc(-c3cn[nH]n3)n2-c2ccc(Cl)cc2F)C(=O)N1c1cc(Cl)cn(C2CC(O)(CO)C2)c1=O,中毒,23.909687,13.503714
c1n[nH]nc1-c1cn2c(n1)-c1cc(N3CCNCC3)sc1CC2,中毒,44.28954,38.3913
O=C1c2nc(-c3cn[nH]n3)cc(-c3cc(F)cc(-c4ccncc4)c3)c2C(c2ccc(Cl)cc2)N1c1cc(Cl)cn(C2CC(O)(CO)C2)c1=O,中毒,37.24519,12.110745
O=C1c2cc(-c3cn[nH]n3)n(-c3cc(Cl)c(Cl)c(Cl)c3)c2C(c2ccc(Cl)cc2)N1c1cc(Cl)cn(C2CC(O)C(O)C2)c1=O,中毒,14.882899,11.513729
FC(F)(F)C1(N2CCC(Oc3ccc(Oc4cccs4)cc3)C2)CC(NC2CCc3sc(-c4cn[nH]n4)cc3C2)=NC=N1,中毒,14.909165,17.459055
O=C1c2cc(-c3cn[nH]n3)nc(Nc3cnc4ccccc4c3)c2C(c2cccc(Cl)c2)N1c1cc(Cl)cn(C2CC(O)(CO)C2)c1=O,中毒,7.8529835,13.503714
O=C1c2cc(-c3cn[nH]n3)n(-c3ccc(Cl)cc3F)c2C(c2ccc(OC(F)(F)F)cc2)N1c1cc(Cl)cn(C2CC(O)(CO)C2)c1=O,中毒,12.488247,11.513729
O=C1c2cc(-c3cn[nH]n3)c(-c3cc(F)c(Cl)c(F)c3)n2C(c2ccc(Cl)cc2)N1c1cc(Cl)cn(C2CC(O)(CO)C2)c1=O,中毒,19.951618,13.503714
Clc1ccc(OCc2cccnc2COc2nc(-c3cn[nH]n3)co2)cc1Cl,低毒,13.141143,36.344406
Clc1cccc(Cl)c1-c1cc(-c2cn[nH]n2)cc2c1oc1ccc(-c3ccsc3)cc12,中毒,3.3387349,46.686375
O=C(CC1CC1)N1CCC2=C(C1)C1=C3C=C(c4cn[nH]n4)C=C3N1N=C2c1ccc(N2CC(F)C2c2cccnc2)nc1,中毒,75.585686,14.0600395
O=C1NC(=O)C(=Cc2c(-c3c(Cl)cccc3Cl)nn3c4c(cc(-c5cn[nH]n5)c(=O)c23)CN4c2cc(Cl)cn(C3CC(O)(CO)C3)c2=O)N1,中毒,25.494274,22.47415
O=C1c2cc(-c3cn[nH]n3)nc(Nc3ccc4ccccc4c3)c2C(c2ccc(Cl)cc2)N1c1cc(Cl)cn(C2CC(O)(CO)C2)c1=O,中毒,7.8529835,13.503714
O=C1c2cc(-c3cn[nH]n3)c(C3CCN(c4ccc(Br)cc4F)CC3)n2C(c2ccc(Cl)cc2)N1c1cc(Cl)cn(C2CC(O)(CO)C2)c1=O,中毒,33.083656,28.945686
NC12CCCC(CCC(c3nc(-c4cn[nH]n4)c4sccc4n3)C1)C2,中毒,48.142086,25.435015
c1nc(-c2nc(-c3cn(-c4cn[nH]n4)cn3)no2)c[nH]1,中毒,13.257534,43.637684
Fc1cccc(Cl)c1CN1CCc2c3cc(-c4cn[nH]n4)c(c2CC1)-c1cc(Cl)c2cc(Cl)ccc2c1CC3,中毒,23.12227,142.14612
O=C1c2cc(-c3cn[nH]n3)n(-c3ccc(Cl)s3)c2C(c2ccc(Cl)cc2)N1c1cc(Cl)cn(C2CC(O)(CO)C2)c1=O,中毒,14.882899,11.513729
OCc1ccc(-c2ncc(-c3cnn4ncccc34)c3c2c(-c2cn[nH]n2)cn2c(-c4cn[nH]c4)cnc32)cc1,低毒,12.137099,92.0446
O=C1c2cc(-c3cn[nH]n3)n(-c3cccc(Cl)c3F)c2C(c2ccc(Cl)o2)N1c1cc(Cl)cn(C2CC(O)(CO)C2)c1=O,中毒,10.762919,11.513729
Fc1cccc(F)c1-c1cc(-c2cn[nH]n2)cc2c1C(c1ccc(Cl)cc1)N(c1ccc(Cl)cc1)C1C3=CC=C(c4ccc5c(c4)OCO5)C=C1C32,中毒,13.652106,40.36193
O=C1c2cc(-c3cn[nH]n3)n(-c3ccc(Cl)cc3F)c2C(c2ccc(F)cc2)N1c1cc(Cl)cn(C2CC(O)C(O)C2)c1=O,中毒,12.488247,11.513729
O=C1c2cc(-c3cn[nH]n3)cc(-c3cc(Cl)cc(Cl)c3)c2CC(c2ccc(Cl)cc2)N1c1cc(Cl)cn(C2CC(O)(CO)C2)c1=O,中毒,22.081963,19.79431
O=c1c(N2Cc3cc(-c4cn[nH]n4)cc(-c4cc(F)ccc4F)c3C2c2ccc(Cl)cc2)cc(Cl)cn1C1CC(O)(CO)C1,中毒,6.3808517,8.960914
On1cc(-c2ccc3c(c2)-c2cc(-c4cn[nH]n4)cc(-c4cccc(Cl)c4)c2CO3)cn1,中毒,82.911995,50.81286
Clc1ccc(C2c3c(cc(-c4cn[nH]n4)n3-c3ccc(Cl)cc3)CN2c2ccc(Cl)cc2)cc1,中毒,28.622856,23.107658
Clc1ccc(-c2ncnc(Nc3ccc4c(c3)OCO4)c2-c2cn[nH]n2)cc1,中毒,7.8542356,27.563595
O=S1(=O)c2cc(Cl)c(-c3ccc(F)cc3F)cc2-c2cc(-c3cn[nH]n3)n(-c3cc(Cl)cc(Cl)c3)c21,中毒,5.198165,23.110323
O=C1c2cc(-c3cn[nH]n3)c(-c3ccc(Cl)cc3F)n2C(c2ccc(Cl)cc2)N1c1cc(Cl)cn(C2CC(O)C(O)C2)c1=O,中毒,32.68572,13.503714
O=c1c(N2CCc3cc(-c4cn[nH]n4)n(-c4ccc(Cl)cc4)c3C2c2ccc(Cl)cc2)cc(Cl)cn1C1CC(O)(CO)C1,中毒,15.763229,47.68054
O=C1c2nc(-c3cn[nH]n3)c(-c3ccncn3)c(-c3ccc(F)cc3)c2C(c2ccc(F)cc2)N1c1cc(Cl)cn(C2CC(O)(CO)C2)c1=O,中毒,59.929935,12.110745
O=C1NC2=C1C=C(c1cn[nH]n1)C(=O)N(c1cc(Cl)cn(C3CC(O)(CO)C3)c1=O)C2c1ccc(Cl)cc1,中毒,28.801546,13.503714
Clc1ccccc1Sc1ccc2nc(-c3ccc4nncn4c3)c(-c3cn[nH]n3)cc2c1,中毒,10.596602,48.22426
O=C1c2nc(-c3cn[nH]n3)n(-c3ccc(Br)cc3)c2C(c2ccc(Cl)cc2)N1c1cc(Cl)cn(C2CC(O)C(O)C2)c1=O,中毒,35.69709,34.717995
O=c1cc(-c2ccc(O)cc2)c2cnc(-c3cn[nH]n3)cc2n1C1C(O)C(O)C(O)C1F,中毒,6.7744403,41.415844
O=c1ccc(Oc2ncnc3sc(-c4cn[nH]n4)cc23)cc(-c2cc(F)cc(Br)c2F)c1,中毒,33.624855,62.038147
c1nc2cc(-c3cc(-c4cc(-c5cn[nH]n5)cc5c4CNC5)cs3)ccc2[nH]1,中毒,7.4245234,19.025955
O=c1[nH]ncc2c(-c3ccc4c(S(=O)(=O)c5ccc(Br)cc5)ncnc4c3)cn(-c3cn[nH]n3)c12,中毒,9.633255,60.094414
O=C1c2cc(-c3cn[nH]n3)c(Nc3ccc(Cl)cc3)nc2C(c2ccc(Cl)cc2)N1c1cc(Cl)cn(C2CC(O)(CO)C2)c1=O,中毒,13.216523,12.087409
Clc1ccc(-n2c(-c3cn[nH]n3)cc3c2-c2sc(C4=[N+]ON=C4)cc2-3)cc1,中毒,101.896645,21.83482
O=C1NC2CN(c3ccsc3)C1C21CNCC(c2nc3cc(-c4cn[nH]n4)ccc3[nH]2)C1,中毒,11.986024,54.781826
O=C1c2nn(-c3cn[nH]n3)c(-c3cc(F)c(Cl)c(Cl)c3)c2C(c2ccc(Cl)cc2Cl)N1c1cc(Cl)cn(C2CC(O)(CO)C2)c1=O,中毒,7.4723067,33.378986
O=c1c(N2Cc3cc(-c4cn[nH]n4)n(-c4ccc(Cl)cc4)c3C2c2cccc(Cl)c2)cc(Cl)cn1C1CC(O)(CO)C1,中毒,19.24008,11.513729
O=c1c2cc(-c3cn[nH]n3)cc(C3CC3c3cncnc3)c2nc(N2CCOP(=O)(O)CC2)n1-c1ccccc1,中毒,27.328981,180.06647
O=C(O)c1c(O)c(=O)c2c3c(nc(-c4ccc(F)cc4)c(-c4cn[nH]n4)c3c1O)C(F)=CC(c1ocnc1-c1ccc(F)c(F)c1)=C2,中毒,19.687412,15.710379
O=C1c2cc(-c3cn[nH]n3)c(-c3cc(F)cc(Cl)c3)n2C(c2ccc(Cl)c3cc(Cl)c(Cl)cc23)N1c1cc(Cl)cn(C2CC(O)(CO)C2)c1=O,中毒,19.951618,13.503714
O=S1(=O)CC2(CCC3C2=Cc2cc(-c4cn[nH]n4)n(-c4ccc(F)cc4F)c2C(c2ccc(Cl)cc2)N3c2cncc(Cl)c2)C1,中毒,91.111465,48.779816
Fc1ccc(Cn2cc(CNCCOc3cnc4c(c3)-c3c5cc(-c6cn[nH]n6)cc-5c5cc(F)cc(Cl)c5n3-4)nn2)cc1,中毒,179.34067,8.917703
Clc1cccc(Cl)c1-c1cc(-c2cn[nH]n2)cc2c1CCN(C1CCC(c3ncn(-c4cccc(Br)c4)c3Cl)=NC1)CC2,中毒,25.461628,19.560778
CNc1nc(C2CC2)nc2c1ncn2C1Cc2cc(-c3cn[nH]n3)cc(-c3c(Cl)cccc3Cl)c21,中毒,6.881624,24.426514
O=c1c(N2Cc3cc(-c4cn[nH]n4)cc(-c4ccncc4)c3C2c2ccc(Cl)cc2)cc(Cl)cn1C1CC(O)(CO)C1,中毒,9.036046,9.912456
O=c1c(N2Cc3nc(-c4cn[nH]n4)sc3C2(c2ccc(Cl)cc2)C(F)(F)F)cc(Cl)cn1C1CC(O)(CO)C1,中毒,38.640644,33.968105
O=[N+]=c1c(N2C(=O)c3cc(-c4cn[nH]n4)n(-c4ccc(F)cc4F)c3C2c2ccc(Cl)cc2)cc(Cl)cn1C1CC(O)(CO)C1,中毒,12.488247,13.466203
Fc1c(F)c(-c2cc3cncnc3s2)c(Br)c(N2CCCC2c2cn[nH]n2)c1F,中毒,12.478512,41.07195
O=C(O)C1(O)CC2(n3cc(Cl)cc(N4Cc5cc(-c6cn[nH]n6)n(-c6ccc(F)cc6F)c5C4c4ccc(Cl)cc4)c3=O)CC1C2,中毒,15.763229,11.513729
O=C1c2cc(-c3cn[nH]n3)n(-c3ccc(F)cc3)c2C(c2ccc(Cl)cc2)N1c1cc(Cl)cn(C2CC(O)C2)c1=O,中毒,31.338547,11.513729
S=C(NN=Cc1cccnc1)N1CCc2cc(-c3cn[nH]n3)sc2C1,中毒,29.758938,155.59695
O=C1c2cc(-c3cn[nH]n3)n(-c3ccc(F)cc3)c2N1c1cc(Cl)cn(C2CC(O)(CO)C2)c1=O,中毒,18.782015,13.503714
O=C1CC(O)C(O)C(O)CC2c3[nH]c4cc(-c5cn[nH]n5)cc(-c5cc(Cl)ccc5O)c4c3C(c3ccc(Cl)cc3)N1c1cc(Cl)cn2c1=O,中毒,7.8750753,38.432915
O=c1c(N2C(c3ccc(Cl)cc3)c3cc(-c4cn[nH]n4)n(-c4ccc(F)cc4F)c3C2c2ccc(Cl)cc2)cc(Cl)cn1C1CC(O)(CO)C1,中毒,15.763229,11.513729
FC(F)(F)c1cc2c(c(C(F)(F)F)c1)-c1cc(-c3cn[nH]n3)nn1C2,低毒,8.572228,18.105776
O=S(=O)(Oc1ncnc2c1-c1nc3c(c(-c4cc(F)ccc4F)cc4cc(-c5cn[nH]n5)n1c4)CN2C1(CCC3)CCOCC1)c1cccc(F)c1,中毒,32.733707,13.466203
O=c1c(N2Cc3nc(-c4cn[nH]n4)c(COc4cncnc4)c(-c4c(Cl)ccc(Cl)c4Cl)c3C2c2ccc(Cl)cc2Cl)cc(Cl)cn1C1CC(O)(CO)C1,中毒,9.5269375,13.503714
[O-][S+]1(c2ccccc2)Cc2cc(-c3cn[nH]n3)c(-c3ccncc3Br)nc2C1,中毒,9.841196,24.856138
Fc1cc(-c2ncnc3cn(C4=C(c5cn[nH]n5)C5COCCC5C4)c(Cl)c23)cc(F)c1F,中毒,29.078686,14.637323
Fc1cc(F)cc(-c2nc(OCc3ccc4ccccc4c3)c3cc(-c4cn[nH]n4)nc-3c3c2CC(F)(F)C(F)(F)C3(F)F)c1,中毒,36.19797,16.798103
Fc1ccc(-c2nc(C3CCN(CC4CN5CCC4CC5)CC3)nc3[nH]c4cc(Cl)c(-c5cn[nH]n5)cc4c23)c(F)c1,中毒,5.611265,36.510887
c1cnc(Cn2nccn2)c(-c2ccc3nc(-c4cc5c(cc4-c4cn[nH]n4)CCN(c4cncnc4)C5)sc3c2)c1,中毒,22.052391,22.766148
Oc1nc(Cn2cc(-c3cc4c(-c5cn[nH]n5)c[nH]c4cn3)c3ccc(F)cc32)no1,中毒,5.360075,48.348557
O=C1c2cc(-c3cn[nH]n3)c(N3CCCC3)nc2C(c2ccc(Cl)cc2F)N1c1cc(Cl)cn(C2CC(O)(C(O)CO)C2)c1=O,中毒,13.216523,12.087409
NC(COc1c(Cl)ncc(-c2ccnc3cc(-c4cn[nH]n4)ccc23)c1F)C(O)C1CCOCC1,中毒,39.836014,31.070591
O=C1c2cc(-c3cn[nH]n3)n(-c3c(Cl)cccc3Cl)c2C(c2cccc(Cl)c2)N1c1cc(Cl)cn(C2CC(O)(CO)C2)c1=O,中毒,18.205946,11.513729
O=C1C(c2ccc(Cl)cc2)=CC2=C1C(c1ccccc1)Cn1nc(-c3cn[nH]n3)nc1C(=O)N2c1cc(Cl)cn(C2CC(O)C(O)C2)c1=O,中毒,28.024641,13.466203
ON1Cc2nc(-c3cn[nH]n3)nc(N3CC4CC3CO4)c2C1c1cccc(Cl)c1OC(F)(F)C(F)(F)F,中毒,32.669483,17.972338
O=C1c2cc(-c3cn[nH]n3)n(-c3ccc(Cl)cc3Cl)c2C(c2ccc(Cl)cc2)N1c1cc(Cl)cn(C2CC(O)(CI)C2)c1=O,中毒,36.175117,11.513729
[O-][s+]1c(N2CCOCC2)c(-c2ccc(F)cc2)c2cnc(-c3cn[nH]n3)cc21,中毒,38.294964,39.407955
O=C1c2cc(-c3cn[nH]n3)n(-c3ccc(Cl)cc3F)c2C(c2ccc3c(c2)OCO3)N1c1cc(Cl)cn(C2CC(O)(CO)C2)c1=O,中毒,12.488247,13.466203
OCC1(CO)CCN(c2ncnc3[nH]nc(C4=C5C(=NN=C5c5cn[nH]n5)N4)c23)C1,中毒,13.721839,15.512509
Oc1nc(SCc2ccccc2)nc2c1-c1cc(-c3cn[nH]n3)cc(-c3c(F)cccc3F)c1CS2,中毒,29.251364,41.903305
O=C1c2cc(-c3cn[nH]n3)n(-c3ccc(F)cc3F)c2C(c2cccnc2F)N1c1cc(Cl)cn(C2CC(O)(CO)C2O)c1=O,中毒,12.488247,11.513729
O=C1C2CCc3cc(-c4cn[nH]n4)cc(-c4ccncc4Br)c3C(c3ccc(Cl)cc3)N1c1cc(Cl)cn2c1=O,中毒,17.094236,16.057194
c1n[nH]nc1C1SC2CSCN21,中毒,28.228846,37.994198
O=C1c2cc(-c3cn[nH]n3)n(-c3c(F)cccc3F)c2C(c2ccc(Cl)s2)N1c1cc(Cl)cn(C2CC(O)(CO)C2)c1=O,中毒,13.346145,11.513729
Fc1ccc(Cl)c(Cl)c1Oc1ccc(-c2ncc3nc(-c4cn[nH]n4)sc3c2-c2cncc(Cn3cncn3)c2)cc1,中毒,62.75419,15.192398
O=C1c2nc(-c3cn[nH]n3)n(-c3cc(F)ccc3F)c2C(c2ccc(Cl)cc2)N1c1cc(Cl)cn(C2CC(O)(CO)C2)c1=O,中毒,24.818281,34.717995
O=C1c2cc(-c3cn[nH]n3)n(-c3ccc(Cl)cc3F)c2C(c2ccc(Cl)cc2)N1c1cc(Cl)c[nH]c1=O,中毒,17.272402,14.026334
C1=C(c2cn[nH]n2)C=c2ccc3c(c21)C(c1nccs1)=NN=3,中毒,17.5243,53.35339
S=C(N1CC(c2ccc3c(c2)OCO3)C(c2cn[nH]n2)C1)N(Cc1cc2n(c1)CCCC2)C1CCCCC1,中毒,16.379616,104.117
Fc1cc2c(C3=C4N=C(c5cn[nH]n5)C=C4CC4CCC3N4)nccc2cc1Cl,中毒,18.641792,20.805506
O=C1c2cc(-c3cn[nH]n3)c(-c3ccc(Cl)cc3)cc2N1c1cc(Cl)cn(C2CC2)c1=O,中毒,14.571511,11.935966
Clc1cc(Oc2ccccc2)ccc1OC1CCC(Nc2cc(-c3cn[nH]n3)c3nc(N4CCCC4)ncc3n2)CC1,中毒,12.791116,24.13376
O=C1CNC2Cc3nc(-c4cn[nH]n4)cc(-c4c(F)cccc4F)c3C3=C2N3CCc2ccnc(-c3ccc4c(n3)COCC4)c21,中毒,11.212591,16.106997
c1cc(-c2cnc3cc4cc(-c5cn[nH]n5)cnc4cc3n2)cc(OCC2CC2)n1,中毒,32.84689,71.25438
O=C1c2cc(-c3cn[nH]n3)n(-c3ccc(Cl)cc3F)c2C(c2ccc(Cl)cc2)N1c1cc(Cl)c(=O)n(C2CC2)c1,中毒,17.272402,15.904917
O=C1c2cc(-c3cn[nH]n3)c(=O)n(-c3ccc(Br)cc3)c2C(c2ccc(Cl)cc2Cl)N1c1cc(Cl)cn(C2CC2)c1=O,中毒,28.345415,14.0600395
O=C1c2ccccc2-c2cc(-c3cn[nH]n3)cc(-c3c(Cl)cc(Cl)cc3Cl)c21,中毒,9.939931,79.0973
O=CN1CC2(CCN(Cc3cn[nH]n3)CC2)CC1c1nc(-c2ccc(OC(F)F)cc2)cs1,中毒,17.427626,34.875114
OCC1(COc2cccc(F)c2-c2n[nH]c3ccc(-c4cn[nH]n4)cc23)CC(O)C(N2CCOCC2)C1,中毒,12.337297,35.111286
O=c1c(N2C=Cc3cc(-c4cn[nH]n4)n(-c4ccc(F)cc4F)c3C2c2ccc(Cl)cc2)cc(Cl)cn1C1CC(O)(CO)C1,中毒,15.540574,28.945686
O=C1c2cc(-c3cn[nH]n3)n(-c3ccc(F)cc3)c2C(c2ccc(Cl)cc2)N1c1cc(Cl)cn(C2CS(=O)(=O)C2)c1=O,中毒,22.121504,14.026334
O=C1c2cc(-c3cn[nH]n3)n(-c3ccc(Cl)cc3F)c2C(c2ccc(Cl)nc2)N1c1cc(Cl)cn(C2CC(O)(CO)C2)c1=O,中毒,12.488247,11.513729
O=c1[nH]c2cc(-c3cn[nH]n3)c(Cl)cc2c2c1C(S)N(Cc1cccs1)C2N1CCOCC1,中毒,11.752454,69.79859
O=C1Cc2cc(-c3cn[nH]n3)n(-c3cccc(Cl)c3)c2C(c2ccc(Cl)cc2)N1c1ccn(-c2ccccc2)c1,中毒,21.327534,46.782124
c1cc(CNc2cc(-c3cn[nH]n3)cs2)co1,低毒,22.375092,12.325373
Fc1cc(Cl)ccc1C1c2cc(-c3cn[nH]n3)n(-c3ccc(Cl)cc3Cl)c2C(c2ccc(Cl)cc2)N1C1=CC2=C(C=N2)C2(CCC2)CC1,中毒,23.657877,19.000793
O=c1c(N2Cc3cc(-c4cn[nH]n4)cc(-c4ccnc(NCc5ccc(Cl)c(Cl)c5)c4)c3C2c2ccc(Cl)cc2)cc(Cl)cn1C1CC(O)(CO)C1,中毒,6.4201846,8.519041
O=C1c2cc(-c3cn[nH]n3)n(-c3c(Cl)ccc(Cl)c3Cl)c2C(c2ccc(Cl)cc2)N1c1cc(Cl)cn(C2CC(O)(CO)C2)c1=O,中毒,18.205946,11.513729
O=C1C2C(CN1c1cc(-c3cn[nH]n3)nc(Nc3ccc(N4CCOCC4)nn3)n1)C21CC2CC21,中毒,17.502863,49.045235
CC1=C(O)CC(n2cc(Cl)cc(N3C(=O)c4cc(-c5cn[nH]n5)n(-c5ccc(F)cc5F)c4C3c3ccc(Cl)cc3)c2=O)C1,中毒,25.244574,11.513729
O=C1c2cc(-c3cn[nH]n3)c(-c3cnc(Cl)cn3)nc2C(c2ccc(Cl)cc2)N1c1cc(Cl)cn(C2CC(O)(CO)C2)c1=O,中毒,14.775009,12.110745
OCC1(c2ccc(-c3c(-c4ccc(O)cc4)c4nnnn4c4cc(-c5cn[nH]n5)ncc34)cc2)NCCO1,中毒,5.210879,88.39949
O=C1c2cc(-c3cn[nH]n3)n(-c3ccc(F)cc3)c2C(c2ccc(OCCOCCn3ccnc3)cc2)N1c1cc(Cl)cn(C2CC(O)(CO)C2)c1=O,中毒,14.882899,13.466203
O=C1c2nc(-c3cn[nH]n3)n(-c3ccc(Cl)nc3F)c2C(c2ccc(Cl)cc2)N1c1cc(Cl)cn(C2CC(O)(CO)C2)c1=O,中毒,16.921463,34.717995
c1cc(-c2oc3nc(-c4cn[nH]n4)cn3c2-c2cn[nH]c2)cc(NC2CCOC2)n1,中毒,66.26094,49.74439
O=c1c(-c2cn[nH]n2)cc2c(nc1OC1CCOCC1)SC(Nc1ccc(F)cc1)C2c1ccc(Cl)cc1Cl,中毒,8.752395,40.546974
Fc1ccc(C2=CC(c3cn(-c4cn[nH]n4)nn3)CN3CN(c4ccccc4F)C(=S)NC4CCCCC4C3=N2)c(F)c1,中毒,8.011773,46.515408
O=C1c2cc(-c3cn[nH]n3)n(-c3ccc(Cl)cc3Cl)c2C(c2ccc(Cl)cc2)N1c1cc(Cl)cnc1C1CC1,中毒,47.20036,14.1463
O=S(=O)(c1cn[nH]n1)c1cc(-c2cn3ccsc3n2)ccc1F,中毒,6.367094,22.595448
O=c1c(N2Cc3cc(-c4cn[nH]n4)n(-c4ccccc4Cl)c3C2c2ccc(Cl)cc2)cc(Cl)cn1C1CC(O)(CO)C1,中毒,24.385923,11.513729
Fc1cccc(Cl)c1-c1cc(-c2cn[nH]n2)cc2c1C(c1ccc3c(c1)OCO3)N(C1CC3(CCO3)C1)C2,中毒,19.20777,22.811548
O=C1c2nc(-c3cn[nH]n3)oc2C(Oc2ccc(Cl)cc2)(c2ccc(Cl)cc2)C(c2ccc(Cl)cc2)N1c1cc(Cl)cn(C2CC(O)(CO)C2)c1=O,中毒,25.069427,33.968105
O=c1c(N2Cc3ncc(-c4cn[nH]n4)n3-c3ccc(F)cc32)cc(Cl)cn1C1CC(O)(CO)C1,中毒,11.7807665,46.02951
Fc1ccc(-n2c(-c3cn[nH]n3)cc3c2C(c2ccc(Cl)cc2)N(c2cc(Cl)c4nncn4n2)C3)c(F)c1,中毒,29.078686,17.497643
O=C1Nc2ccc(Cl)cc2C2c3c(cc(-c4cn[nH]n4)cc31)N=C(c1cccnc1)C2c1cccc(Cl)c1F,中毒,57.63699,42.046013
O=C1c2cc(-c3cn[nH]n3)cc(-c3ccc(Cc4nc5ccccc5o4)cc3F)c2N1c1cc(Cl)cn(C2CC(O)(CO)C2)c1=O,中毒,20.877262,16.862432
OC1CN(C2CCOCC2)Cc2cc(-c3ccnc4cc(F)c(-c5cn[nH]n5)cc34)[nH]c2C2CC12F,中毒,5.032567,47.54363
O=c1c(N2Cc3cc(-c4cn[nH]n4)cc(-c4c(Cl)cccc4Cl)c3C2c2cccc(Cl)c2)cc(Cl)cn1C1CC(O)(CO)C1,中毒,9.036046,9.912456
O=C1c2nc(-c3cn[nH]n3)nc(-c3ccc4[nH]ncc4c3)c2C(c2ccc(Cl)cc2)N1c1cc(Cl)cn(C2CC(O)(CO)C2)c1=O,中毒,16.880064,13.466203
O=S(=O)(c1cccc(CN2CCc3cc(-c4cn[nH]n4)cc(-n4cc(-c5ccccn5)nn4)c3C2)c1)N1CCOC1,中毒,20.370869,16.023859
O=C1C(c2cc(-c3cn[nH]n3)cc3c2C3)=CN1C1CC2CNCC2C1,中毒,3.9896243,36.682747
O=C1c2cc(-c3cn[nH]n3)n(-c3ccc(Cl)cc3F)c2C(c2ccc(Cl)cc2)N1c1cc(Cl)cn(C2CCS(=O)(=O)C2)c1=O,中毒,17.272402,14.026334
O=C1C2CC(O)(CO)Cc3cc(-c4cn[nH]n4)cc(-c4c(Cl)cccc4Cl)c3C(c3ccc(Cl)cc3)N1c1cc(Cl)cn2c1=O,中毒,19.016203,18.239529
O=C1N(c2cc(Cl)cn(C3CC(O)(CO)C3)c2=O)C(c2ccc(Cl)cc2)c2c(-c3ccc(Cl)cc3)c(-c3cn[nH]n3)cn21,中毒,7.7003746,16.230408
c1cc2[nH]c3c(c2cc1-c1cn[nH]n1)CN(CCN1CCOCC1)C3,中毒,10.629646,36.06433
O=C1c2nc(-c3cn[nH]n3)n(-c3ccc(F)c(C(F)(F)F)c3)c(=O)c2C(c2ccc(Cl)cc2)N1c1cc(Cl)cn(C2CC(O)(CO)C2)c1=O,中毒,32.17651,13.503714
Oc1ccc(Nc2cc3c(cn2)cc(-c2cn[nH]n2)c2cc(-c4cn[nH]c4)nn23)cc1Cl,中毒,7.892211,23.856422
O=C1c2cc(-c3cn[nH]n3)c(-c3ccc(Cl)cc3)n2C(c2ccc(Cl)cc2)N1c1cc(Cl)cn(C2CC(O)C(O)C(O)C2)c1=O,中毒,19.951618,13.503714
c1ccc(-c2nc(NCc3cn[nH]n3)c3c(-c4ccco4)nsc3n2)nc1,中毒,52.760426,19.551727
O=C1CC(n2cc(Cl)cc(N3C(=O)c4nc(-c5cn[nH]n5)nc(-c5c[nH]c6cc(F)ccc56)c4C3c3ccc(Cl)cc3)c2=O)CO1,中毒,29.078686,13.466203
O=C1c2cc(-c3cn[nH]n3)c(-c3ccc(Cl)c(Cl)c3F)nc2C(c2ccc(Cl)cc2)N1c1cc(Cl)cn(C2CC(O)(CO)C2)c1=O,中毒,13.216523,14.418226
O=C1c2cc(-c3cn[nH]n3)c(Cl)c(=O)n2CN(Cc2ccc(F)c(F)c2)C(c2ccc(Cl)cc2)N1c1cc(Cl)cn(C2CC(O)(CO)C2)c1=O,中毒,21.33716,12.087409
O=C(C=Cc1cc(COc2ccc(F)cc2O)c2c(-c3cn[nH]n3)noc2c1)Nc1cc(-c2occc2Cl)cs1,中毒,20.96532,16.173695
FC(F)n1ncc(-c2cnc3[nH]cc(-c4cc5nccc(-c6ccc7sc(N8CCOCC8)cc7c6)c5cc4-c4cn[nH]n4)c3c2)n1,中毒,4.034326,32.56805
FC1=c2oc(-c3c(Cl)cncc3Cl)nc2=CC=C2CN3CC2C(Nc2ncc(-c4cn[nH]n4)cc2F)C1C3,中毒,5.6190677,39.1833
O=C(O)c1cn(C2CCC(O)C2)c2cc(-c3cn[nH]n3)c(F)cc2c1=O,中毒,13.554535,18.643522
c1n[nH]nc1-c1cc2c(c3nc(C4CC4)nn13)C2,中毒,5.434115,37.619797
O=C1c2c(-c3cn[nH]n3)c3cccc(F)c3c(=O)n2CC(c2ccc(Cl)cc2)N1c1cc(Cl)cn(C2CC(O)(CO)C2)c1=O,中毒,25.928497,16.862432
Clc1c(C2=NOC(c3ccncc3)C2)[nH]c2ncc(-c3cn[nH]n3)cc12,中毒,7.3491983,27.424057
Oc1c(Cl)cc(Cl)cc1C1c2cc(-c3cn[nH]n3)cc(-c3c(Cl)cccc3Cl)c2N(c2cc(F)c(Cl)cc2F)C1c1ccc(Cl)cc1,中毒,36.388664,15.547012
Fc1cc(C2=NN(C(=S)Nc3cccc(-c4cn[nH]n4)c3)CCO2)ccc1Cl,高毒,90.64315,259.3721
O=c1c(N2C(O)c3nc(-c4cn[nH]n4)n(-c4ccc(Cl)cc4Cl)c3C2c2ccc(Cl)cc2)cc(Cl)cn1C1CC(O)(CO)C1,中毒,27.185892,13.466203
O=C1c2cc(-c3cn[nH]n3)n(-c3ccc(Cl)cc3)c2C(c2cccnc2Cl)N1c1cc(Cl)cn(C2CC(O)(CO)C2)c1=O,中毒,38.99518,11.513729
O=C1c2cc(-c3cn[nH]n3)n(-c3ccc(F)cc3F)c2C(c2ccc(Cl)cc2)N1c1nc(Cl)cn(C2CC(O)C(O)C2)c1=O,中毒,12.488247,17.33289
O=C1Cc2cc(-c3cn[nH]n3)n(-c3ccc(Cl)cc3Cl)c2N1C1=CC(Cl)=CN2C(=N1)C2CC1(O)C(O)C(O)C(O)C1O,中毒,5.943091,15.02669
NC(=O)c1nn(C2CC2)c2c1CCNc1cnc(C3COCCC3NC3=C4N=CC(c5cn[nH]n5)=C4O3)nc1-2,中毒,14.099227,38.7812
O=c1oc2cccc(F)c2c2c1C(c1ccc(Cl)cc1)c1c(N3CC4CC(C3)N4)cc(-c3cn[nH]n3)nc1C2,中毒,37.049152,10.19484
O=C1c2cc(-c3cn[nH]n3)n(-c3ccc(Cl)cc3F)c2C(c2ccc(Cl)cc2)N1c1cc(Cl)cn(C2CC(O)(COO)C2)c1=O,中毒,12.488247,11.513729
Clc1ccc(C2c3c(cc(-c4cn[nH]n4)n3-c3ccc(Cl)cc3)CN2c2cc(Cl)c3ncn(Cl)c3c2)cc1,中毒,28.622856,25.326668
Oc1c(F)cc(-c2nc(N3CC4CC3CS4)nc3[nH]c(C4CC4)c(-c4cn[nH]n4)c23)cc1Br,中毒,18.620064,94.22578
CN1C(=O)N(C)C2c3ccc(c1c3)-c1cc(-c3cn[nH]n3)n(-c3ccc(Cl)cc3F)c1C(c1ccc(Cl)cc1)N2c1ccc(Cl)cc1,中毒,17.475342,18.554798
O=C1c2nc(-c3cn[nH]n3)c(=O)[nH]c(=O)c2C(c2ccc(Cl)cc2)N1c1cc(Cl)cn(C2CC(O)(CO)C2)c1=O,中毒,36.83937,18.315401
O=c1c(N2Cc3cc(-c4cn[nH]n4)cc(-c4c(Cl)cccc4Cl)c3C2c2ccc(Cl)cc2)cc(Cl)cn1COC1C(O)C(O)C(O)C1O,中毒,7.4282966,29.998953
Fc1cc(C(F)(F)F)ccc1CN1CCc2cc(-c3cn[nH]n3)nc(-c3c(Cl)cccc3Cl)c2C1,中毒,21.35234,17.473328
O=C1c2cc(-c3cn[nH]n3)c(-c3cc(Cl)ccc3Oc3cc(Cl)ccc3F)nc2N1c1cc(Cl)cn(C2CC(O)(CO)C2)c1=O,中毒,11.642886,13.503714
O=C1c2cc(-c3cn[nH]n3)n(-c3ccc(Cl)cc3C(F)(F)F)c2C(c2cccc(Cl)c2)N1c1cc(Cl)cn(C2CC(O)(CO)C2)c1=O,中毒,14.882899,11.513729
c1n[nH]nc1-c1nc2c(s1)CCC2,低毒,32.523846,20.235939
O=C1c2cc(-c3cn[nH]n3)c(-c3ccc(Cl)cc3F)n2C(c2ccc(Cl)cc2)(c2ccc(Cl)cc2)N1c1cc(Cl)cn(C2CC(O)(CO)C2)c1=O,中毒,32.68572,13.503714
O=C1C2=C(C3=C(CC(c4cn[nH]n4)=C2)N3CCCc2ccc(Cl)c(Cl)c2)C(c2ccc(Cl)cc2)N1c1cc(Cl)cn(C2CC(O)(CO)C2)c1=O,中毒,9.251968,13.503714
O=C1c2nc(-c3cn[nH]n3)nn2C(c2ccccc2Cl)N1c1cc(Cl)cn2cc(C3CC3)cc12,中毒,26.276,34.541336
O=C1c2cc(-c3cn[nH]n3)c[n+](Cc3ccc(Br)cc3C(F)(F)F)c2C(c2ccc(Cl)cc2)N1c1cc(Cl)cn(C2CC(O)(CO)C2)c1=O,中毒,12.391358,13.503714
Clc1ccc(-c2c(-c3cn[nH]n3)nc3n2Cc2c(Cl)ccc(-c4cnc5ccccc5c4)c2-3)cc1,低毒,7.0879602,18.677036
O=C1c2cc(-c3cn[nH]n3)n(-c3ccc(-c4ccnn4C(F)(F)Cl)nc3)c2C(c2ccc(Cl)cc2)N1c1cc(Cl)cn(C2CC(O)(CO)C2)c1=O,中毒,51.50488,13.466203
O=C1c2cc(-c3cn[nH]n3)c(-c3ccsc3)nc2C(c2ccc(Cl)cc2)N1c1cc(Cl)cn(C2CCC(O)(CO)C2)c1=O,中毒,13.216523,12.087409
O=C1c2nc(-c3cn[nH]n3)cc(-c3cc(C(F)(F)F)ccc3Cl)c2C(c2ccc(Cl)cc2)N1c1cc(Cl)cn(C2CC(O)(CO)C2)c1=O,中毒,37.24519,12.110745
Clc1ccc(Cl)c(N2Cc3cc(-c4cn[nH]n4)cc(-c4c(Cl)cccc4Cl)c3C2)c1,中毒,11.407943,79.0973
Fc1sccc1CSc1nc(-c2cn[nH]n2)c2ccc(-c3ccc(-c4ccncn4)cc3)cc2n1,中毒,3.2441578,66.985016
O=C1c2cc(-c3cn[nH]n3)c(-c3ccc(F)cc3)n2C(c2cc(Cl)ccc2OCc2cccc(Cl)c2)N1c1cc(Cl)cn(C2CC(O)C(O)C2)c1=O,中毒,27.094715,13.503714
Fc1cc(Cl)ccc1-n1c(-c2cn[nH]n2)nc2c1-c1cc(Cl)c(Nc3ccnc(-c4ccnc5[nH]ncc45)c3)cc1-2,中毒,6.8564134,28.885118
OC1CC(c2cn[nH]n2)=CC2=NC2=C1c1nc(NC2=CCn3nccc3C2)ncc1Br,中毒,14.105247,53.250576
FCC1(C2CC2)c2cc(-c3cn[nH]n3)sc2C(c2cc(Cl)ccc2F)N1c1ccnc(Cl)c1,中毒,12.303155,11.413324
FC(F)(F)COC1=C2CC(=NC(N3CC4CC4C3)=N1)C1=C2CCCC1c1cn[nH]n1,中毒,20.71585,9.657561
O=S(=O)(c1ccc(OC(F)(F)F)cc1-c1cc(OCC2CCOCC2)c2cnoc2c1)N1CCc2sc(-c3cn[nH]n3)cc2C1,中毒,15.178438,17.585009
O=C1c2nc(-c3cn[nH]n3)sc2CC(c2ccccc2)(c2ccccc2)N1c1cc(Cl)cn(C2CC(O)C(O)C2)c1=O,中毒,67.53135,41.73536
O=C1c2sc(-c3cn[nH]n3)c(-c3nc4cc(Cl)ccc4s3)c2C(c2cc3ccccc3o2)N1c1cc(Cl)cn(C2CC(O)(CO)C2)c1=O,中毒,20.161745,13.503714
N=c1c(N2C(=O)c3cc(-c4cn[nH]n4)c(-c4cncc(F)c4)nc3C2c2ccc(Cl)cc2Cl)cc(Cl)cn1C1CC1,中毒,8.984515,14.3937645
Fc1ccc(-n2c(-c3cn[nH]n3)cc3c2C(c2ccc(Cl)cc2)N(c2cc(Cl)co2)C3)c(F)c1,中毒,26.57514,23.107658
O=[N+]([O-])c1ccc2[nH]c3c(c2c1)CCc1c(NCc2cccc(F)c2)nc(-c2cn[nH]n2)nc1-3,中毒,36.069607,57.46242
Fc1ccc(-c2n[nH]c3c2CC(n2cnc4c(NCCc5ccc(-c6cn[nH]n6)cc5)ncnc42)C3)c(F)c1Cl,中毒,5.388478,17.921135
O=C1N(c2cc(Cl)cn(C3CC(O)(CO)C3)c2=O)C(c2ccc(Cl)cc2)(c2ccnc(Cl)c2F)c2nc(-c3cn[nH]n3)cn21,中毒,9.339043,31.16672
O=C1c2cc(-c3cn[nH]n3)n(-c3c(Cl)cccc3Cl)c2C(c2ccc(Cl)cc2)N1c1cc(Cl)cn(C2CC(O)C(O)C2)c1=O,中毒,18.205946,11.513729
O=S(=O)(Nc1ccncn1)c1ccc2c(c1)CCc1cc(-c3cn[nH]n3)cnc1-2,中毒,23.68977,34.058395
O=C1c2c(cc(-c3cn[nH]n3)cc2-c2c(F)cccc2Br)C(=O)N(c2cc(Cl)cn(C3CC(O)(CO)C3)c2=O)C1c1ccc(Cl)cc1,中毒,11.642886,17.379768
O=C1c2cc(-c3cn[nH]n3)n(-c3ccccc3)c2C(c2cccc(Cl)c2Cl)N1c1cc(Cl)cn(C2CC(O)(CO)C2)c1=O,中毒,12.488247,11.513729
O=C(O)c1cn(-c2ccc3nc(F)c(-c4ccc(F)c(F)c4)c(F)c3c2)c2cc(-c3cn[nH]n3)c(F)cc2c1=O,中毒,26.06897,19.729883
Fc1cccc(Cl)c1-c1csc(N2Cc3cnc(-c4cn[nH]n4)cc3C2)n1,中毒,11.054684,15.930656
O=C1c2cc(-c3cn[nH]n3)n(-c3ccc(Cl)cc3)c2C(c2ccccc2)N1c1cc(Cl)cn(C2CC(F)(F)C2)c1=O,中毒,22.035963,14.026334
O=C1OC(COc2cc3ncnc(Nc4ccc(Cl)c(Cl)c4F)c3cc2-c2cn[nH]n2)CN1c1ccc2c(c1)OCO2,中毒,12.797943,20.882896
O=C(O)c1coc(-n2ccc(N3Cc4nc(-c5cn[nH]n5)nc(Nc5ccc(OC(F)(F)Cl)cc5)c4C3c3ccc(Cl)cc3)n2)c1,中毒,20.93005,38.770824
Clc1cc(Cl)cc(CNCCn2cc(-c3cn[nH]n3)nn2)c1,高毒,70.387215,16.739206
O=C1c2ccc(Nc3cn[nH]n3)cc2OC(c2ccccc2F)N1c1cccc(F)c1F,中毒,12.863002,21.34968
O=C1c2cc(-c3cn[nH]n3)nc(Nc3ccccc3)c2C(c2ccc(Cl)cc2F)N1c1cc(Cl)cn(C2CC(O)(CO)C2)c1=O,中毒,6.0494337,13.503714
Brc1c(-c2cnn(C3CCCC3)c2)sc2c1-c1ncc(-c3cn[nH]n3)cc1C2,中毒,9.383876,31.026775
c1ccc2cc(C3=C(c4cn[nH]n4)C4(CCOC4)ON=N3)ccc2c1,中毒,5.7524467,40.725483
Clc1ccc2c(-n3c4ccncc4c4cc(-c5cn[nH]n5)c(-c5c(Cl)cccc5Cl)cc43)ccnc2c1,中毒,2.1826887,35.522995
O=C1c2nc(-c3cn[nH]n3)n(-c3ccc(F)cc3)c2C(c2ccc(F)cc2)N1c1cc(Cl)cn(C2CC(O)(CO)C2)c1=O,中毒,23.043425,34.717995
FC(F)(F)c1nn2cc(Cl)cc(N3Cc4cc(-c5cn[nH]n5)cc(-c5c(Cl)cccc5Cl)c4C3c3ccc(Cl)cc3)c2c1C1CC1,中毒,35.092594,11.049523
O=C1c2cc(-c3cn[nH]n3)c(-c3ccc(F)cc3F)n2C(c2ccc(Cl)cc2)N1c1cc(Cl)cn(C2CC(O)C(O)C2)c1=O,中毒,32.68572,13.503714
Oc1cccc2c3c([nH]c12)-c1cc(-c2cn[nH]n2)c2c(N4CC(O)C(O)C4)ncnc2c1CS3,中毒,73.38346,30.164227
O=C1c2cc([N+](=O)[O-])ccc2Sc2ccccc2C1c1nccn1-c1nc2cc(-c3cn[nH]n3)cnc2[nH]1,中毒,15.297115,32.8857
O=C1NC(CC2(O)C#CC2)C2=NC=C1C1=C(c3sc(-c4cn[nH]n4)cc3C1)C1COCCC1OC2,中毒,9.660777,69.2777
O=C1c2cc(-c3cn[nH]n3)n(-c3cc(F)c(F)c(F)c3F)c2C(c2ccc(Cl)cc2)N1c1cc(Cl)cn(C2CC(O)(CO)C2)c1=O,中毒,12.488247,11.513729
O=S(=O)(CCO)n1cc(-c2cccc(C3c4cc(-c5cn[nH]n5)c(-c5cn[nH]c5)cc4CN3c3cc(Cl)cnn3)c2)cn1,中毒,88.85199,37.938923
Fc1cc(-c2cc(-c3cn[nH]n3)cc3c2CSc2ncccc2-3)cc(-c2ccc(C(F)F)c(Cl)c2)n1,中毒,8.618152,25.489466
NC1C(CNc2n[nH]c3cc(C(F)(F)F)ccc23)CC2Oc3cc(-c4cn[nH]n4)ccc3C1O2,中毒,11.924141,33.931576
O=C1c2cc(-c3cn[nH]n3)c(-c3cccc(F)c3F)n2C(N2CCOCC2)C(c2ccc(Cl)cc2)N1c1cc(Cl)cn(C2CC(O)C(O)C2)c1=O,中毒,58.040432,13.466203
O=c1c(N2CC(c3cn[nH]n3)=CC3=C(C(c4ccsc4)=C3)C2c2ccc(Cl)cc2)cc(Cl)cn1C1CCC(O)(CO)C1,中毒,19.489279,16.023859
c1ccc(Oc2ccc(-c3nnn4c5c(c(-c6cn[nH]n6)cc34)C3CCNCC3CO5)cc2)cc1,中毒,43.430775,38.260303
O=C1c2cc(-c3cn[nH]n3)n(-c3cc(Cl)cc(Cl)c3)c2C(c2ccc(Cl)cc2)N1c1cc(Cl)cn(C2OC(CO)C(O)C2O)c1=O,中毒,14.882899,13.503714
O=C1c2nc(-c3cn[nH]n3)cc(Nc3ccc(C(F)(F)F)cn3)c2C(c2ccc(Cl)cc2)N1c1cc(Cl)cn(C2CC(O)C(O)C2)c1=O,中毒,27.185892,33.968105
O=S1(=O)Cc2nc(-c3ccc(Cl)cc3)c(-c3cn[nH]n3)cc2C(c2ccc(Cl)cc2F)C1,中毒,99.59094,17.390936
O=C1c2nc(-c3cn[nH]n3)sc2C(c2ccc(Cl)cc2)=Nc2cc(c(Cl)cc2N2CC3CC2CO3)N1C1CCOC2(CCOCC2)C1,中毒,19.129353,13.466203
O=c1c(N2Cc3cc(-c4cn[nH]n4)n(-c4ccc(Cl)cc4Cl)c3C2c2ccc(Cl)cc2)cc(Cl)cn1C1OC(CO)C(O)C(O)C1O,中毒,24.385923,13.503714
O=C1c2cc(-c3cn[nH]n3)c(-c3ccncc3F)nc2C(c2ccc(Cl)cc2)N1c1cc(Cl)cn(C2CC(O)(CO)C2)c1=O,中毒,13.216523,14.418226
O=Cc1c[nH]c2c(-c3cn[nH]n3)nc3c(-c4ccc(F)cc4F)ncnc3c12,中毒,8.897846,44.228004
O=C1c2cc(-c3cn[nH]n3)nc(OCc3ccc(Cl)cc3Cl)c2C(c2ccc(Cl)cc2)N1c1cc(Cl)cn(C2CC(O)(CO)C2)c1=O,中毒,6.6767583,13.503714
O=C1C(OC2=C3N=C(c4cn[nH]n4)N=C3C2)=Cc2c1ccn2C1CC1,中毒,5.617701,23.391163
Brc1cc2c(s1)-c1cc(-c3cn[nH]n3)[nH]c1-c1cc(Br)c(Br)cc1CO2,中毒,18.22959,14.383717
O=c1[nH]cc(Cl)cc1-c1cc2c(-c3ccc(Cl)cc3)noc2cc1-c1cn[nH]n1,中毒,22.582718,12.191611
O=C1c2cc(-c3cn[nH]n3)n(-c3ccc(F)cc3F)c2C(c2cccc(Cl)c2F)N1c1cc(Cl)cn(C2CC(O)(CO)C2)c1=O,中毒,12.488247,11.513729
O=C1c2nc(-c3cn[nH]n3)c([N+](=O)[O-])c(-c3ccncc3Br)c2C(c2ccc(Cl)cc2)N1c1cc(Cl)cn(C2CC(O)(CO)C2)c1=O,中毒,25.928497,13.503714
O=c1[nH]c(-c2cc3c(cc2Cl)ON(c2ccc(-c4cn[nH]n4)cn2)CC=C2CC3C2Oc2c(F)cc(F)cc2N2CCOCC2)no1,中毒,81.45961,22.789375
O=C1C2C3=CC(c4cn[nH]n4)=CC3=C(c3cc4nc[nH]c4nc3-c3ccsc3)C(c3ccc(Cl)cc3)N2C(=O)N1c1cc(Cl)nc(Cl)c1,中毒,28.345415,14.3937645
OC1(Cn2cncn2)C2=C3CC(c4cn[nH]n4)=CC2=NC(c2cc(F)cc(F)c2)c2cc4c(nc23)COCCC4c2cc(F)ccc21,中毒,39.756958,19.727507
c1cc(-c2[nH]nc3c2-c2nc(-c4cn[nH]n4)sc2C3)ccn1,中毒,31.80233,9.536475
O=c1c(N2C(c3ccc(Cl)cc3)c3cc(-c4cn[nH]n4)n(-c4ccc(Cl)cc4)c3C2c2ccc(Cl)cc2)cc(Cl)cn1C1CC(O)(CO)C1,中毒,19.24008,11.513729
FC(F)(F)c1cc(Cl)cc(N2c3ccc(Cl)cc3-n3c(-c4cn[nH]n4)nnc3C2c2ccc(Cl)cc2)c1,中毒,22.562885,53.12731
O=C1c2cc(-c3cn[nH]n3)n(-c3ccc(F)cc3F)c2C(c2ccc(Cl)cc2)N1c1cc(Cl)cn(C2CC(O)(CO)C2(F)CF)c1=O,中毒,15.540574,11.513729
O=C1c2cc(-c3cn[nH]n3)n(-c3cc(C(F)(F)F)cnc3F)c2C(c2ccc(Cl)cc2)N1c1cc(Cl)cn(C2CC(O)(CO)C2)c1=O,中毒,23.909687,12.110745
O=C1c2nc(-c3cn[nH]n3)nc(-c3ccnc(Cl)c3)c2C(c2ccc(Cl)cc2)N1c1cc(Cl)cn(C2CC(O)C(O)(COCO)C2)c1=O,中毒,27.094715,13.466203
O=C1c2nc(-c3cn[nH]n3)cc(-c3ccc(OC4CCOCC4)c(Cl)c3F)c2CC(c2ccc(Cl)cc2)N1c1cc(Cl)cn(C2CC(O)(CO)C2)c1=O,中毒,58.040432,16.862432
O=C1c2cc(-c3cn[nH]n3)n(-c3ccc(F)cc3F)c2C(c2ccc(Cl)cc2)N1c1cc(Cl)cn(C2CCS(=O)(=O)CC2)c1=O,中毒,17.272402,14.026334
Fc1ccc(-n2c(-c3cn[nH]n3)cc3c2C(c2ccc(Cl)cc2)N(Cl)C(Cl)=N3)cc1,中毒,21.243645,28.488712
O=C1CCCC2=C1c1c(cc(-c3cn[nH]n3)n1-c1ccc(Cl)cc1F)CN2c1cc(Cl)cn(C2CC(O)(CO)C2)c1=O,中毒,23.693678,13.503714
c1nc2nc(-c3cn[nH]c3)cnc2cc1-c1cn[nH]n1,中毒,18.18741,94.52358
C1=C(c2n[nH]cc2-c2cc(-c3cn[nH]n3)cs2)CC(NCCc2c[nH]c3cc4ccsc4c-3c2)C1,中毒,4.2739263,15.35297
O=C1c2cc(-c3cn[nH]n3)nc(-c3c(F)cccc3Cl)c2C(c2ccc(Cl)cc2)N1c1cc(Cl)cn(C2CC(O)C(O)C2)c1=O,中毒,7.4282966,12.110745
FC(F)(F)c1ncc(-c2cc(-c3cscn3)c3nc(-c4cn[nH]n4)c(OC4CCOC4)cc3n2)o1,中毒,60.823387,68.66689
O=c1c(N2C(c3cccnc3Cl)c3cc(-c4cn[nH]n4)n(-c4ccc(Cl)cc4)c3C2c2ccc(Cl)cc2)cc(Cl)cn1Cl,中毒,51.124954,14.026334
O=C1c2cc(-c3cn[nH]n3)n(-c3ccc(C(F)(F)F)cc3)c2C(c2ccc(Cl)cc2Cl)N1c1cc(Cl)cn(C2CC(O)(CO)C2)c1=O,中毒,15.540574,11.513729
Clc1ccc2c(-c3cn[nH]n3)c3c(nc2c1)CS3,低毒,7.053313,24.362347
O=S(=O)(c1ccc(F)c(Cl)c1)N1CC2C3CCc4c(ncnc(Nc5ccc6c(c5)OCO6)c5n(-c6cn[nH]n6)c4-5)CC2C1C3,中毒,4.07879,12.110745
O=C1c2cc(-c3cn[nH]n3)n(-c3ccc(Br)cc3F)c2C(c2ccc(Cl)nc2)N1c1cc(Cl)cn(C2CC(O)C(O)C2)c1=O,中毒,15.540574,11.513729
O=c1c(N2Cc3ccc(Cl)cc4cc(s3)C2c2c-4cc(-c3cn[nH]n3)n2-c2ccc(Cl)cc2F)cc(Cl)cn1C1CC(O)(CO)C1,中毒,20.18954,11.513729
Fc1cc(-n2c(-c3cn[nH]n3)cc3c2C(c2ccc(Cl)cc2)=NN(C2CCCCC2)C3)c(F)cc1Cl,中毒,12.976177,51.33018
Fc1cccc(F)c1-c1nc(-c2cn[nH]n2)c2n(C3CC3)cc(Cl)c(Cl)c1-2,中毒,45.16508,42.838924
O=C(O)C1(O)CC(n2cc(Cl)cc(N3Cc4cc(-c5cn[nH]n5)n(-c5ccc(F)cc5F)c4C3c3ccc(Cl)cc3)c2=O)C1,中毒,15.763229,11.513729
O=C(OCC1CCN(C2CCCC(Cl)CC2)C1)c1c(Cl)n(-c2ccc(Cl)c(Cl)c2)c2ncc(-c3cn[nH]n3)cc2c1=O,中毒,19.090939,41.600945
Fc1cc(F)cc(-c2cc(-c3cn[nH]n3)cc3c2sc2cc(Br)c(N4CCN(c5ccccc5Cl)CC4)cc23)c1,中毒,2.153626,18.328537
NC(=O)c1c(-c2cn[nH]n2)nc2c(c1-c1cncc3cc(Cl)ccc13)C(c1ccc(Cl)cc1)N(c1cc(Cl)cn(C3CC(O)(CO)C3)c1=O)C2=O,中毒,51.50488,12.110745
O=c1c(O)c(Oc2cccc(Br)c2)cc(-c2nonc2SCc2cc(-c3ccncc3)on2)n1-c1cn[nH]n1,中毒,41.20998,24.9263
OC12CCC3=CC=C(C(F)(F)F)C=C1C3N(Cc1ccc(F)c(Cl)c1)C(c1ccc(Cl)cc1)c1c(cc(-c3cn[nH]n3)n1-c1ccc(Cl)cc1Cl)C2,中毒,37.44503,16.691847
O=C1c2cc(-c3cn[nH]n3)n(-c3ccc(Cl)cc3F)c2C(c2ccc(Cl)cc2)N1c1cc(Cl)cn(C2CC(O)(F)C2)c1=O,中毒,29.54402,11.513729
O=C1c2nc(-c3cn[nH]n3)n(-c3ccc(N4CCC(F)C4)c(Cl)c3)c2C(c2ccc(Cl)cc2)N1c1cc(Cl)cn(C2CC(O)(CO)C2)c1=O,中毒,23.043425,34.717995
C1=C2C=C(c3cn[nH]n3)C=C2N=C1c1ccc(Cn2ccc(-c3ccc(OCc4cn(-c5cccnc5)nn4)nc3)n2)cc1,中毒,5.4784803,34.604065
O=c1c(N2C(O)c3nc(-c4cn[nH]n4)c(-c4cccnc4)c(N4CCSC4)c3C2c2ccc(Cl)cc2Cl)cc(Cl)cn1C1CC(O)(CO)C1,中毒,12.393406,12.110745
O=C1c2cc(-c3cn[nH]n3)c(-c3ccc(F)cc3)n2C(c2ccc(Cl)cc2)N1c1cc(Cl)cn(C2CC(O)C(O)C2)c1=O,中毒,19.951618,13.503714
O=C1c2cc(-c3cn[nH]n3)n(-c3ccc(Cl)cc3Cl)c2C(c2ccc(Cl)o2)N1c1cc(Cl)cn(C2CC(O)(CO)C2)c1=O,中毒,15.111123,11.513729
ClC1=CC(Cl)=C2C3C(=C1)N2c1cc(cc(Cl)c1Cl)C(c1sc(I)c(I)c1Br)c1c3cc(-c2cn[nH]n2)n1-c1ccc(Cl)cc1,中毒,7.909325,44.491318
O=C1c2nc(-c3cn[nH]n3)sc2C(c2ccc(Cl)cc2)(c2ccccc2F)N1c1cc(Cl)cn(C2CC(O)(CO)C2)c1=O,中毒,51.50488,34.717995
O=c1c(N2Cc3cc(-c4cn[nH]n4)n(-c4ccc(Cl)cc4F)c3C2)cc(Cl)cn1C1CC(O)C(O)C1,中毒,5.65161,28.5412
O=C1c2cc(-c3cn[nH]n3)n(-c3ccc(N4CCCC4)cc3)c2C(c2ccc(Cl)cc2)N1c1cc(Cl)cn(C2CC(O)(CO)C2)c1=O,中毒,14.882899,11.513729
O=C1c2nc(-c3cn[nH]n3)nc(Nc3cc(C4CC4)n[nH]3)c2C(c2ccc(Cl)cc2F)N1c1cc(Cl)cn(C2CC(O)(CO)C2)c1=O,中毒,25.069427,13.466203
O=C1c2cc(-c3cn[nH]n3)n(-c3cc(F)c(F)c(F)c3)c2C(c2ccc(F)cc2)N1c1cc(Cl)cn(C2CC(O)(CO)C2)c1=O,中毒,14.882899,11.513729
O=C1c2nc(-c3cn[nH]n3)n(-c3ccc(Cl)cc3Cl)c2C(c2ccc(Cl)cc2F)N1c1cc(Cl)cn(C2CCS(=O)(=O)C2)c1=O,中毒,18.19901,14.710186
Nc1nc(-c2nc3sc4cc(Br)c(-c5cn[nH]n5)cc4c3s2)no1,中毒,34.774258,24.975344
O=C1CCC(S(=O)(=O)c2cn[nH]n2)N1,高毒,22.28836,15.076168
O=C(CO)NN=c1cc2c(-c3cn[nH]n3)cc3c(-c4cnc5[nH]ccc5c4)nn(C4CC4)c(=O)c3c2c(C2=CC2)[nH]1,中毒,11.352587,15.273049
O=C1c2cc(-c3cn[nH]n3)n(-c3cc(Cl)c(Cl)c(Cl)c3)c2C(c2ccc(Cl)cc2)N1c1cc(Cl)cn(C2CC(O)(CO)C2)c1=O,中毒,14.882899,11.513729
O=C1c2cc(-c3cn[nH]n3)n(-c3ccc(N4CCCCC4)cc3)c2C(c2ccc(Cl)cc2)N1c1cc(Cl)cn(C2CC(O)(CO)C2)c1=O,中毒,14.882899,11.513729
O=c1c(N2Cc3cc(-c4cn[nH]n4)cc(-c4cc(Cl)ccc4S(=O)(=O)c4ccccn4)c32)cc(Cl)cn1C1CC(O)(CO)C1,中毒,22.235992,18.206211
O=C1c2nc(-c3cn[nH]n3)cc(-c3cnn4ncccc34)c2C(c2ccc(Cl)cc2)N1c1cc(Cl)cn(C2CC(O)(CO)C2)c1=O,中毒,39.425797,13.503714
O=C1c2cc(-c3cn[nH]n3)n(-c3ccc(Cl)cc3Cl)c2C(c2ccc(Br)cc2)N1c1cc(Cl)cn(C2CC(O)(CO)C2)c1=O,中毒,18.205946,11.513729
O=C1c2cc(-c3cn[nH]n3)n(-c3ccc(Cl)cc3Cl)c2C(c2ccc(Cl)cc2Cl)N1c1cc(Cl)cn(C2CC(O)C(O)C2)c1=O,中毒,15.540574,11.513729
Oc1cc(-c2nc(N3Cc4nc(-c5cn[nH]n5)sc4C3)c3ccsc3n2)ccc1F,中毒,59.27011,12.563344
O=c1cc(-c2csc(Nc3ccccc3C(F)(F)F)c2)sc2ccc(-c3cn[nH]n3)cc12,高毒,6.8734846,14.457543
O=C1c2cc(-c3cn[nH]n3)n(C3CC3)c2C(c2ccc(Cl)cc2)N1c1cc(Cl)cn(C2CC(O)(CO)C2)c1=O,中毒,19.24008,13.503714
O=C1CCCC2=C1c1cc(-c3cn[nH]n3)n(-c3ccc(Cl)cc3F)c1C(c1ccc(Cl)cc1)N2c1cc(Cl)c(=O)n(C2CCC(O)C2)c1,中毒,46.08258,13.503714
O=c1c(N2C(c3ccc(Cl)cc3F)c3cc(-c4cn[nH]n4)n(-c4ccc(Cl)cc4Cl)c3C2c2ccc(Cl)cc2)cc(Cl)cn1C1CC(O)(CO)C1,中毒,18.205946,11.513729
O=C1c2cc(-c3cn[nH]n3)n(-c3ccnc4cc(Cl)ccc34)c2C(c2ccc(Cl)cc2)N1c1cc(Cl)cn(C2CC(O)(CO)C2)c1=O,中毒,14.882899,11.513729
O=C1c2cc(-c3cn[nH]n3)n(-c3ccc(Cl)cc3Cl)c2C(c2ccc3c(c2)OCCO3)N1c1cc(Cl)cn(C2CC(O)(CO)C2)c1=O,中毒,18.205946,13.466203
O=C1Cc2nc(CSc3scc(-c4cn[nH]n4)c3-c3cc4cccn4c4nc(N5CCOCC5)nc(OP(=O)(O)O)c34)sc2CN1Cc1ccoc1,中毒,25.069427,26.583784
O=C1c2cc(-c3cn[nH]n3)n(-c3ccc(Cl)cc3Cl)c2C(c2ccc(Cl)nc2)N1c1cc(Cl)cn(C2CC(O)(CO)C2)c1=O,中毒,18.205946,11.513729
FCC1(C(F)(F)F)Cc2cc(-c3cn[nH]n3)cc(-c3c(Cl)ccc(F)c3F)c2C(CNCc2c(F)cccc2Cl)C1,中毒,25.724848,21.272423
O=C1c2cc(-c3cn[nH]n3)n(-c3ccc(F)cc3)c2C(c2ccc(Cl)cc2)C(c2ccc(Cl)cc2)N1c1cc(Cl)cn(C2CC(O)(CO)C2)c1=O,中毒,51.50488,13.503714
Fc1ccc(-n2c(-c3cn[nH]n3)cc3c2C(c2ccc(Cl)cc2)N(c2ccc(Cl)cn2)C3c2ccc(Cl)cc2)c(F)c1,中毒,21.327534,23.390354
Brc1ccc2nc(-c3cnc4[nH]c(-c5cnn6ccc(N7CCOCC7)nc56)nc4c3)c(-c3cn[nH]n3)cc2c1,中毒,12.2123375,26.096855
O=C1c2nc(-c3cn[nH]n3)n(-c3ccc(Cl)cc3Cl)c2C(c2ccc(Cl)cc2)N1c1cc(Cl)cn(C2CC(O)C(O)C2)c1=O,中毒,35.69709,13.466203
O=C1c2cc(-c3cn[nH]n3)n(-c3ccc(F)cc3F)c2C(c2cccc(Br)c2)N1c1cc(Cl)cn(C2CC(O)(CO)C2)c1=O,中毒,12.488247,11.513729
Fc1ccc(-n2c(-c3cn[nH]n3)cc3c2-c2sc4ccc(-c5cnc6oc7ccccc7c6c5)cc4c2-3)c(F)c1,中毒,17.399315,23.074959
O=C1c2cc(-c3cn[nH]n3)n(-c3ccc(F)cc3)c2C(c2ccc(Cl)cc2)N1c1cc(Cl)cn(CC2CCC(O)(CO)C2)c1=O,中毒,14.882899,11.513729
O=C1c2nc(-c3cn[nH]n3)n(-c3ccc(Oc4ccc(F)cc4F)cc3)c2C(c2ccc(Cl)cc2)N1c1cc(Cl)cn(C2CC(O)(CO)C2)c1=O,中毒,23.043425,34.717995
O=C1c2cc(-c3cn[nH]n3)n(-c3ccc(F)cc3F)c2C(c2ccc(Cl)cc2)N1c1cc(Cl)cn(C2CC2(CO)CO)c1=O,中毒,12.488247,11.513729
O=C(O)c1cn(C2CC(c3ccc(C(F)(F)F)cc3)N3C4CC2C3C4)c2cc(-c3cn[nH]n3)c(F)cc2c1=O,中毒,15.663359,18.907904
O=C1OCC2=C1N(c1ccc(Cl)cc1)C(c1ccc(Cl)cc1)c1c(cc(-c3cn[nH]n3)n1-c1ccc(Cl)cc1Cl)C2c1ccc(Cl)cc1,中毒,32.733707,13.466203
FC(Cl)Oc1ccc(-c2cc3c(cc2Cl)-c2ncc(-c4cn[nH]n4)nc2C3(Br)Cc2ccc(Cl)cc2)cc1,中毒,3.5588806,46.37214
O=C(Nc1ccc(Nc2ncnc3c2OCC3c2cn[nH]n2)cc1)c1cccs1,中毒,20.538666,50.47589
c1n[nH]nc1C1CN(c2ccc3c(n2)CC2(COC3)CO2)C1,中毒,37.743824,126.35351
O=c1c(N2Cc3cc(-c4cn[nH]n4)n(-c4cc(F)c(Cl)cc4Cl)c3C2c2ccc(Cl)cc2)cc(Cl)cn1C1CC(O)(CO)C1,中毒,24.385923,11.513729
O=c1c(N2Cc3cc(-c4cn[nH]n4)c(=O)n(-c4ccsc4)c3C2c2ccc(Cl)cc2)cc(Cl)cn1C12CC3CC(CC(C3)C1)C2,中毒,27.575764,14.0600395
FC(F)(F)c1ncc(N2Cc3cc(-c4cn[nH]n4)nc(N4CC5CC54)c3C2)cn1,中毒,5.5770063,29.24523
c1ccc(-c2nc3cc(-c4csnn4)nn3c3c2CC(c2cn[nH]n2)NC3)cc1,中毒,44.45051,30.315111
Fc1cc(Oc2ncccc2F)c(F)cc1CN1CCc2nc(N3CCCCC3)c(-c3cn[nH]n3)cc2C1,中毒,19.228533,10.492665
O=c1c(N2C=Cc3cc(-c4cn[nH]n4)cc(-c4c(Cl)cccc4Cl)c3CS(=O)(=O)C2c2ccc(Cl)cc2)cc(Cl)cn1C1CC(O)(CO)C1,中毒,5.342962,9.719319
O=C1C(c2cn[nH]n2)=CC2=C(CC(c3ccc(Cl)cc3)N3C(=O)C3=CC(Cl)=CN1C1CC(O)(CO)C1)C(c1c(Cl)cccc1Cl)=C2,中毒,38.23898,22.863735
c1cncc(C2(c3cn[nH]n3)CCN(Cc3cn4cccnc4n3)CC2)c1,中毒,84.58315,47.712654
O=C1c2nc(-c3cn[nH]n3)nn2C(c2ccc(Cl)cc2F)N1c1cc(Cl)cn(C2CC(O)(CO)C2)c1=O,中毒,32.17651,46.02951
O=C1c2cc(-c3cn[nH]n3)[nH]c2C(CN2CCN(c3nnc(Cl)s3)CC2)N1c1cc(Cl)cn(C2CC(O)(CO)C2)c1=O,中毒,13.441678,33.968105
c1cc2cc(-c3ncnc4sc(-c5cn[nH]n5)cc34)oc2c(N2CCOCC2)n1,中毒,13.5537195,22.728453
Fc1cc(Cl)c2c(c1)-c1nc(-c3cn[nH]n3)cnc1CC2,中毒,13.739624,96.95535
Clc1cccc(Cl)c1-c1cc(-c2cn[nH]n2)cc2c1CN(c1nc(-c3cn4nnnc4[nH]3)cs1)C2,中毒,10.663681,15.930656
[O-][s+]1c2cc(Cl)c(Cl)cc2c2nc(-c3ccsc3)c(-c3cn[nH]n3)cc21,中毒,10.411874,31.826597
O=C1c2cc(-c3cn[nH]n3)nn2C(c2ccc(Cl)cc2)N1c1cc(Cl)cn(C2CC(O)C(O)C2)c1=O,中毒,7.773373,13.503714
O=c1c(N2Cc3nc(-c4cn[nH]n4)c(COc4ccc(C(F)(F)F)nc4)c(-c4ccc(Oc5ccccn5)cc4)c3C2)cc(Cl)cn1C1CC(O)(CO)C1,中毒,13.074555,16.023859
FC(F)(F)c1ocnc1CN1CCc2nc(-c3cn[nH]n3)sc2C1,中毒,14.935286,20.65305
O=C1c2nnc(-c3cn[nH]n3)n2C(Cc2cccc(F)c2)C(c2ccc(Cl)cc2)N1c1cc(Cl)cn(C2CC(O)(CO)C2)c1=O,中毒,28.832989,17.379768
O=S(=O)(Nc1cc(Cl)cc(Oc2ccc3oc(-c4cn[nH]n4)cc3c2F)c1F)c1ccc(F)c(Cl)c1,高毒,32.236897,39.53844
O=C1c2cc(-c3cn[nH]n3)n(-c3c(F)cccc3F)c2C(c2ccc(Cl)cc2)N1c1cc(Cl)cn(C2C=C(O)C(O)C2)c1=O,中毒,15.540574,11.513729
c1cc2c(o1)CC1C(c3cn[nH]n3)CN1C2,中毒,78.07238,33.712784
O=C1c2cc(-c3cn[nH]n3)cc(-c3ccc4ccccc4c3)c2C(c2ccc(Cl)cc2)NC(c2ccccc2)C2CSCN12,中毒,41.374928,15.345976
O=C1c2cc(-c3cn[nH]n3)n(-c3ccc(Cl)cc3)c2C(c2ccc(Br)s2)N1c1cc(Cl)cn(C2CC(O)(CO)C2)c1=O,中毒,13.346145,11.513729
O=C1C(=Cc2ccc3c(c2)NC(c2ccc(Cl)cc2)c2cc(-c4cn[nH]n4)cc4c2C3=NCC4)Nc2cccnc21,中毒,57.544765,16.323168
OC(c1ccccc1)(c1ccc(Cl)cc1)C1(F)CCN(c2ncnc(-c3noc(COc4cccnn4)n3)c2-c2cn[nH]n2)C1,中毒,5.485271,40.437492
O=C1C2CCc3nc(-c4cn[nH]n4)sc3C(c3ccco3)N1c1cc(Cl)cn2c1=O,中毒,17.987637,14.3937645
O=C1c2c(Sc3ncc(Cl)c(F)c3Cl)ccnc2OCCN1CC1CCn2nc(-c3cn[nH]n3)cc2C1,中毒,42.299896,26.388184
O=C1c2nc(-c3cn[nH]n3)nc(-c3cccs3)c2C(c2ccc(Cl)cc2)N1c1cc(Cl)cn(C2CC(O)(CO)C2)c1=O,中毒,16.921463,13.503714
O=C1c2nc(-c3cn[nH]n3)cc(Nc3ccc(F)cc3)c2CC(c2ccc(Cl)cc2C(F)(F)F)N1c1cc(Cl)cn(C2CC(O)(CO)C2)c1=O,中毒,37.24519,16.862432
O=S1(=O)c2c(cc(-c3cn[nH]n3)cc2-c2ccc(Cl)c(Cl)c2)CN1c1ccc(-c2scnc2-c2ccc(F)cc2Cl)cc1,中毒,16.457523,21.809626
O=C1c2cc(-c3cn[nH]n3)n(-c3ccc(Cl)nc3Cl)c2C(c2ccc(Cl)cc2)N1c1cc(Cl)cn(C2CC(O)(CO)C2)c1=O,中毒,18.205946,11.513729
O=C1N(c2cc(Cl)cn(C3CC(O)(CO)C3)c2=O)C(c2ccc(Cl)cc2)c2c(-c3cc(Cl)cc(Cl)c3)c(-c3cn[nH]n3)cn21,中毒,7.7003746,16.230408
O=c1c(N2Cc3cc(-c4cn[nH]n4)n(-c4ccc(F)cc4F)c3C2c2ccc(Cl)cc2F)cc(Cl)cn1C1CC(O)(CO)C1,中毒,15.763229,11.513729
O=S(=O)(Nc1ccon1)c1ccc2c(-c3cccc(C4CCN5CC[S+]([O-])CC45)c3-c3cn[nH]n3)ccnc2c1,中毒,20.855045,12.69292
O=C1c2c(-c3cn[nH]n3)cc3c4c(oc3c2F)C(c2ccc(Cl)cc2)N(c2cc(Cl)cc(Cl)c2)CC(CO)(CO)C1C4,中毒,14.861276,47.54363
C1=C2CCN(c3cnn(CCc4ccccc4)c3)CC(c3cc4ccc(-c5nc[nH]n5)cc4s3)=C2C=C1c1cn[nH]n1,中毒,8.248286,40.012363
O=c1c(N2CC3=CC(c4cn[nH]n4)=CC(c4ccc(F)c5cccnc45)=C4CCC4=C3C2c2cccc(Cl)c2)cc(Cl)cn1C1CC(O)C(O)C1,中毒,7.312795,13.503714
Clc1cc(-c2cn[nH]n2)cc2c(-c3ccc(Br)o3)ncnc12,中毒,13.48469,163.46524
Fc1ccc(-n2cc(Cn3c(-c4ccccc4F)nc4ccc(-c5nc(-c6ccncc6)c6ccc(-c7cn[nH]n7)cc6n5)cc43)nn2)cc1,中毒,4.7963943,38.334164
c1ccc2ncc(-c3nc(-c4cnn5ccccc45)cc4[nH]c(-c5cn[nH]n5)c(NC5Cc6nccn6C5)c34)cc2c1,中毒,30.963776,11.478623
O=C1c2ccc(F)cc(F)c3cc(-c4cn[nH]n4)n2c3C(c2ccc(Cl)cc2)N2C(=O)C2=CC(Cl)=CN1C1CC(O)(CO)C1,中毒,22.80562,12.652781
O=C1c2cc(-c3cn[nH]n3)n(-c3ccc(Cl)cc3Cl)c2C(c2ccsc2)N1c1cc(Cl)cn2nc(C=CO)cc12,中毒,46.08258,15.502344
N#Cc1ccc(C2c3nc(-c4cn[nH]n4)n(-c4ccc(Cl)c(Cl)c4)c3C(c3ccc(Cl)cc3)N2c2cc(C(F)(F)F)n(C(F)(F)F)c2)cc1,中毒,13.024549,39.70653
CN(C)CCn1cc(Cl)cc(N2C(=O)c3cc(-c4cn[nH]n4)n(-c4ccc(Cl)cc4Cl)c3C2c2ccc(Cl)cc2)c1=O,中毒,22.035963,14.026334
O=C1c2cc(-c3cn[nH]n3)nc(-c3c(F)cccc3Cl)c2C(c2ccc(Cl)cc2)N1c1cc(Cl)cn(C2CC(O)(CO)C2)c1=O,中毒,7.4282966,12.110745
O=C1N(C2CC2)S(=O)(=O)SCC12Cc1cc(-c3cn[nH]n3)cc(-c3ccc(Cl)c(Cl)c3)c12,中毒,18.058172,56.417282
O=C1c2nc(-c3cn[nH]n3)c(-c3ccc(C(F)(F)F)o3)n2C(c2ccc(Cl)cc2)N1c1cc(Cl)cn(C2CC(O)C(O)C2)c1=O,中毒,41.15799,13.447941
O=C1c2cc(-c3cn[nH]n3)n(-c3ccc(Cl)cc3Cl)c2C(c2cccs2)N1c1cc(Cl)cn(C2CC(O)(CO)C2)c1=O,中毒,15.111123,11.513729
O=C1CC2(C(=O)N1C1CCOCC1)c1cc(-c3cn[nH]n3)n(-c3ccc(Cl)cc3Cl)c1C(c1ccc(Cl)cc1)N2c1cncc(Cl)c1,中毒,28.345415,13.503714
Fc1cc(F)cc(Oc2cccc(-c3[nH]nc4cc(Nc5cn[nH]n5)sc34)c2)c1,中毒,80.00415,64.019485
c1ccc2c(c1)ccc1ccc(-c3cc(-c4cn[nH]n4)cc4c3CCNC4)cc12,中毒,6.582486,96.45324
O=C1c2cc(-c3cn[nH]n3)cn2CC(c2ccc(Cl)cc2)N1c1cc(Cl)cn(C2CC(O)(CO)C2)c1=O,中毒,21.438358,18.986786
O=C1c2cc(-c3cn[nH]n3)n(-c3ccc(Cl)cc3F)c2C(c2cc(Cl)ccc2F)N1c1cc(Cl)cn(C2CC(O)(CO)C2)c1=O,中毒,12.488247,11.513729
Fc1ccc(-n2ncc3c2C(c2cn[nH]n2)C2OCC32)c(F)c1,中毒,31.812029,31.557222
C1=C2CC(c3c[nH]c4ccc(-c5cnn(Cc6ccc(-c7nnc[nH]7)cn6)c5)cc34)=C2C(c2ccc3c(c2)COCC3)=C1c1cn[nH]n1,中毒,12.950305,39.577335
c1n[nH]nc1-c1cc2c(c(-c3nc(N4CCOCC4)nc(N4CC5CC(C5)C4)n3)n1)C2,中毒,9.473233,31.87156
Nc1c2c(nc(-c3cn[nH]n3)c1-c1nc3c(s1)CCCCC3)C(c1ccnc(Cl)c1)NCC2,中毒,26.04478,13.181384
O=C1N(c2cc(Cl)cn(C3CC(O)C(O)(CO)C3)c2=O)C(c2ccc(Cl)cc2)c2nc(-c3cn[nH]n3)cn21,中毒,10.871717,34.172764
FC1CCN(Cc2ccc(C3c4nc(-c5cn[nH]n5)sc4CN3c3nccnn3)cc2)CC1,中毒,26.44429,32.785385
O=C1c2cc(-c3cn[nH]n3)n(-c3c(Cl)cccc3Cl)c2C(c2ccccc2)N1c1cc(Cl)cn(C2CC(O)(CO)C2)c1=O,中毒,18.205946,11.513729
c1ccc(CN2C(CN3CCOCC3)C3c4ncc(-c5cn[nH]n5)cc4C34CCCC24)cc1,中毒,15.047013,26.54524
Ic1cc2oc(-c3cn[nH]n3)nc2cc1-c1cnoc1,高毒,148.44083,46.046658
Clc1ccc2c(CN3CCc4nc(-c5cn[nH]n5)sc4C3)ccnc2c1,中毒,27.821102,61.411148
OCC1(O)CCN(c2cc3c(o2)c(F)cc2nc(C4=Cn5cc(-c6cn[nH]n6)cc5C4)sc23)CC1,中毒,102.40747,9.6840925
O=C1c2cc(-c3cn[nH]n3)n(-c3ccc(Cl)cc3F)c2C(c2ccc(Cl)cc2)N1c1cc(F)c(C2(O)CC2)c(Cl)c1,中毒,25.244574,13.358463
Fc1ccc(C2(c3ccc(Cl)cc3)c3cc(F)ccc3-c3c2n(-c2ccc(-n4cnnc4)nc2)c2cc(F)c(-c4cn[nH]n4)cc32)cc1,中毒,9.050664,24.832762
O=C1c2nc(-c3cn[nH]n3)nc(C3CCC3)c2C(c2ccc(Cl)cc2)N1c1cc(Cl)cn(C2CC(O)(CO)C2)c1=O,中毒,31.783663,13.466203
O=C1c2nc(-c3cn[nH]n3)sc2CN(c2ncns2)C(c2ccc(Cl)cc2)N1c1cc(Cl)cn(C2CC(O)(CO)C2)c1=O,中毒,32.17651,11.513729
O=C1C2CCc3cc(-c4cn[nH]n4)cc(-c4c(Cl)cccc4Cl)c3C(c3ccc(Cl)cc3)N1c1cc(Cl)cn2c1=O,中毒,21.214363,16.057194
Clc1ccc(Oc2ccc(Cl)cc2-n2c(-c3cn[nH]n3)cc3c4sncc4c4cncc(Cl)c4c32)cc1,中毒,63.414684,17.119646
O=C1N=C2C=NC(c3ccc(Oc4ccc(S(=O)(=O)N5CCN(Cc6c[nH]nn6)CC5)cn4)cc3Br)=C2c2cc(-c3cn[nH]n3)[nH]c21,中毒,47.697018,12.049965
Fc1ccc(Cl)cc1N1Cc2cc(-c3cn[nH]n3)nc(Nc3ccc4[nH]c(C5CCNC5)cc4c3)c2C1,中毒,3.3850775,18.878654
Oc1c(F)c(-c2cn[nH]n2)nc2c(-c3ccc(Oc4cccc(Cl)c4)nc3)ncnc12,中毒,20.967138,20.920286
O=c1c(-c2cn[nH]n2)cc2c3[nH]c(c(-c4cccs4)cc1-2)-c1cc(Cl)ccc1-c1nc(OCC2CCCO2)nc(c1-c1cc2ccccc2s1)SCC3,中毒,7.456131,13.145015
Fc1ccc(-n2c(-c3cn[nH]n3)nc3c2C(c2ccc(Cl)cc2)N(c2ccc(Cl)c(Cl)c2)C3c2ccc(Cl)cc2)cc1,中毒,13.024549,41.932545
O=C1COc2cc(Nc3cc(-c4cn[nH]n4)cc4nc(-c5cccnc5C5CN(CC6COC6)CC5O)cnc34)ccc21,中毒,95.92642,106.0693
FC(F)(c1cc(-c2cc3c(-c4cn[nH]n4)c[nH]c3nn2)ccn1)C1CC1,低毒,6.032781,167.97255
O=c1c(N2Cc3cc(-c4cn[nH]n4)cc(-c4c(Cl)cccc4Cl)c3CC2c2ccc(Cl)cc2)cc(Cl)cn1C1CC(O)(CO)C1,中毒,17.933256,20.569803
O=S(=O)(c1ccc(F)cc1)N1CCN(C2N=C3SCc4cc(-c5cn[nH]n5)cc(c4)N3C23CCC3)CC1,中毒,31.184227,20.850397
O=C(c1cncn1C1CC1)N1CCCC2(CC1)Cc1cc(-c3cn[nH]n3)cc(-c3c(Cl)cccc3Cl)c12,中毒,35.680916,42.765377
O=C1c2cc(-c3cn[nH]n3)n(CC(c3ccc(F)cc3)c3ccc(F)cc3F)c2N1c1cc(Cl)cn(C2CC(O)(CO)C2)c1=O,中毒,13.379505,13.503714
ON1C(c2ccc(Cl)cc2Cl)c2cc(-c3cn[nH]n3)n(-c3ccc(Cl)cc3)c2C1c1ccc(Cl)cc1,中毒,30.821333,20.748152
O=C1c2cc(-c3cn[nH]n3)c(Nc3ccc(Cl)cc3)nc2C(c2ccc(Cl)cc2)N1c1cc(Cl)cn(C2CC(O)(F)C2)c1=O,中毒,20.281445,12.087409
Fc1ccc(-n2c(-c3cn[nH]n3)cc3c2C(c2ccc(Cl)cc2)N(c2ccc(Cl)cc2)C3)c(F)c1,中毒,21.327534,23.107658
O=c1c2cc(-c3cn[nH]n3)cc-2c2c(cn1S(=O)(=O)c1ccccc1F)CCN(c1ccc(Cl)c(Cl)c1)CC2,中毒,10.875755,19.172379
O=C1c2nc(-c3cn[nH]n3)c(-c3cc(F)cc(F)c3F)n2C(c2ccc(Cl)cc2)N1c1cc(Cl)cn(C2CS(=O)(=O)C2)c1=O,中毒,32.89926,17.334517
O=C1c2cc(-c3cn[nH]n3)n(-c3ccc(Cl)cc3)c2C(c2ccc(Cl)cc2)N1c1cc(Cl)cn(C2SC(CO)C(O)C2O)c1=O,中毒,51.50488,12.110745
Fc1cccc(F)c1CNc1nc(N2Cc3cc(-c4cn[nH]n4)sc3C2)ncc1Cl,中毒,15.615884,24.981583
O=C1c2cc(-c3cn[nH]n3)c(-c3ccc(OC(F)(F)F)c(F)c3)n2C(c2ccc(Cl)cc2)N1c1cc(Cl)cn(C2CC(O)(O)C2)c1=O,中毒,19.951618,13.503714
Fc1cc(F)c(CC2CC(CN3CCN4CCC3C4)CON2c2cc(-c3cn[nH]n3)ccc2OC2CC3CCC(C2)N3)c(F)c1,中毒,5.70043,56.43957
O=C1c2cc(-c3cn[nH]n3)c(-c3ccc(F)c(Cl)c3)n2C(c2ccc(C(F)(F)F)cc2)N1c1cc(Cl)cn(C2CC(O)(CO)C2)c1=O,中毒,19.951618,13.503714
O=C1c2cc(-c3cn[nH]n3)nn2C(c2ccc(Cl)cc2)N1c1cc(Cl)cn(CC2CC(O)(CO)C2)c1=S,中毒,7.773373,98.34922
O=C1c2nc(-c3cn[nH]n3)nc(NC3CCNC3)c2C(c2cccc(Cl)c2)N1c1cc(Cl)cn(C2CC(O)(CO)C2)c1=O,中毒,16.880064,13.466203
Clc1ccc(Oc2ccc(Oc3cc(-c4cn[nH]n4)ccc3OCC3CC3)c(-c3cnn(C4CCOCC4)c3)c2)cc1,中毒,31.691729,21.44581
O=C1c2cc(-c3cn[nH]n3)n(-c3ccc(Cl)cc3F)c2C(c2ccc(Cl)cc2)N1c1cc(Cl)cn(C2CCOCC2)c1=O,中毒,17.272402,13.466203
Clc1nc(NCC2CSC2)c2c(N3CC4CCC(C3)O4)cc(-c3nc(-c4cn[nH]n4)no3)c-2[nH]1,中毒,20.475538,64.22769
Clc1c(-c2ccc3c(c2)OCO3)oc2ccc(Nc3cc(-c4cn[nH]n4)cc(NC4CCN(Cc5ccccn5)CC4)n3)cc12,低毒,2.577702,18.864689
O=c1c(N2Cc3cc(-c4cn[nH]n4)cc(-c4ccnc(OCc5ccc6cccnc6c5)c4)c3C2c2ccc(Cl)cc2)cc(Cl)cn1C1CC(O)(CO)C1,中毒,8.459931,9.719319
Clc1ccc(C2=NC(c3csc4cc(Cl)ccc34)c3c(cc(-c4cn[nH]n4)n3-c3ccccc3Br)O2)cc1,中毒,21.947083,13.503714
c1cc(Nc2nc(-c3cn[nH]n3)cs2)cc(Oc2ccc3nc[nH]c3c2)c1,中毒,54.958344,67.37316
O=C1c2cc(-c3cn[nH]n3)n(-c3ccc(Cl)cc3F)c2C(c2ccc(Cl)cc2)N1c1cc(Cl)cn(C2CCC(F)(F)C2)c1=O,中毒,17.475342,14.026334
O=C1c2cc(-c3cn[nH]n3)n(-c3cc(F)c(C(F)(F)F)cc3Cl)c2C(c2ccc(Cl)cc2F)N1c1cc(Cl)cn(C2CC(O)(CO)C2)c1=O,中毒,18.205946,11.513729
O=C1c2cc(-c3cn[nH]n3)n(-c3ccc(OF)c(Cl)c3)c2C(c2ccc(Cl)cc2)N1c1cc(Cl)cn(C2CC(O)(CO)C2)c1=O,中毒,38.99518,11.513729
Clc1ccc(C2Nc3cc(-c4n[nH]cc4-c4cn[nH]n4)n(-c4ccc(Cl)cc4)c32)cc1,中毒,20.749205,49.664394
c1cncc(-c2nc3cc(-c4ccc5c(-n6c(-c7cn[nH]n7)cc7c6CC7)nc(N6CC7CC6CO7)nc5c4)cnc3o2)c1,中毒,86.13376,14.707335
O=C(N1CCOCc2ccccc21)C12COCC(C1c1cn[nH]n1)C2(F)F,中毒,51.321983,11.701058
Oc1ccccc1-c1nc(-c2cc(F)ccc2F)nc2c1-c1cc(-c3cn[nH]n3)n(-c3ccc(Cl)cc3)c1-2,中毒,8.736951,15.145622
O=C1c2cc(-c3cn[nH]n3)n(-c3ccc(Cl)cc3)c2C(c2ccc(Cl)c(Cl)c2)N1c1cc(Cl)cn(C2CC(O)(CO)C2)c1=O,中毒,18.205946,11.513729
O=c1[nH]c(-c2cn[nH]n2)nc2nc(-c3cccnc3)cc(OCC3CC=CCC3)c12,中毒,150.5,39.249805
O=P(O)(O)C(c1ccc(F)cc1)c1[nH]c2ccc(-c3cn[nH]n3)cc2c1C=Cc1ccccc1,中毒,20.290203,13.906384
O=c1c(N2Cc3cc(-c4cn[nH]n4)n(-c4ccc(F)c(Cl)c4)c3C2c2ccc(Cl)cc2)cc(Cl)cn1C1CC(F)(F)C1,中毒,29.275309,14.026334
O=C1c2cc(-c3cn[nH]n3)n(Cc3ccc(Br)cc3F)c2C(c2ccc(Cl)cc2F)N1c1cc(Cl)cn(C2CC(O)(CO)C2)c1=O,中毒,6.6767583,13.16881
O=c1c2cc(-c3cn[nH]n3)cc-2c2c(nc3cc(-n4ccc(Oc5ccncn5)c4)ccc13)CCC(O)C2OC(F)F,中毒,67.75713,88.85348
c1nc(N2CCc3cc(-c4cn[nH]n4)sc3C2)n[nH]1,中毒,16.669205,44.833843
Fc1ccc(-n2c(-c3cn[nH]n3)cc3c2C(c2ccc(Cl)cc2)N(c2cncc(Cl)c2)C2=C3COCN2)c(F)c1,中毒,17.475342,13.503714
O=C1c2cc(-c3cn[nH]n3)n(-c3ccc(F)cc3)c2C(c2cccc(F)c2)N1c1cc(Cl)cn(C2CC(O)(CO)C2)c1=O,中毒,12.488247,11.513729
Brc1ccn2nc(-c3c(Br)c(-c4cn[nH]n4)cc4c3CN(Cc3sccc3Br)C4)cc2c1,中毒,5.499505,45.685284
O=C1c2cc(-c3cn[nH]n3)n(-c3cnc(Cl)cc3F)c2C(c2ccc(Cl)cc2)N1c1cc(Cl)cn(C2CC(O)C(O)C2)c1=O,中毒,23.909687,11.513729
c1ccc2c(c1)CC(N1CC(c3cn[nH]n3)C1)C2,高毒,29.663748,116.53396
Fc1ccc(Nc2ncnc3cc(OC4CN(c5ccc6ccccc6n5)C4)c(-c4cn[nH]n4)cc23)cc1,低毒,8.517652,79.10585
O=c1c(-c2ccccc2)c(-c2ccncc2)oc2ncc(N3Cc4nc(-c5cn[nH]n5)cc(-c5ccc(Cl)cc5)c4C3)cc12,中毒,66.142494,11.937385
On1c(Br)nc2cc(C3C4=C(CCC4)c4c(-c5c(Cl)cccc5Cl)cc(-c5cn[nH]n5)cc43)ccc21,中毒,34.32422,43.443855
O=C1c2cc(-c3cn[nH]n3)nn2Cc2cnsc2C(c2ccc(Cl)cc2)N1c1cc(Cl)cn(C2CC(O)(CO)C2)c1=O,中毒,11.176486,13.466203
O=S(=O)(Nc1ccc(Oc2cc(-c3cn[nH]n3)[nH]n2)c(F)c1)c1cc(Cl)cc(Cl)c1Cl,低毒,13.712997,11.976217
O=C1NC(=S)SC1c1cnn(-c2cn[nH]n2)c1,低毒,36.79964,223.57202
O=C1c2nc(-c3cn[nH]n3)nc(Oc3ccc4ccccc4c3)c2C(c2ccc(Cl)cc2)N1c1cc(Cl)cn(C2CC(O)(CO)C2)c1=O,中毒,27.094715,13.503714
O=C1c2c(-c3cn[nH]n3)c3cc(F)cc(F)c3c(=O)n2C(c2ccc(Cl)cc2)N1c1cc(Cl)cn(C2CC(O)(CO)C2)c1=O,中毒,27.949999,13.503714
OCC1OC(n2cc(CN3CCCC4c5c(ccnc5Cl)C=C(c5cc(F)c(-c6cn[nH]n6)cn5)C4C3)nn2)C(O)C(O)C1O,中毒,29.750935,12.412539
O=c1[nH]c(=O)n(CC2CCC(N3CC=C(c4sc5ccnc(-c6cccc(Br)c6)c5c4-c4cn[nH]n4)C3)CCS2)cc1F,中毒,22.159367,20.46616
Fc1ccc(COC2CC2)c2c#cc3c(-c4c(Cl)cccc4Cl)cc(-c4cn[nH]n4)cc3c12,中毒,17.31359,35.39371
Clc1cnccc1-c1ncnc2sc(-c3cn[nH]n3)cc12,中毒,20.415932,23.638176
O=C1c2cc(-c3cn[nH]n3)c(-c3ccc(F)cc3F)nc2C(c2ccc(Cl)cc2)N1c1cc(Cl)cn(C2CC(O)(CO)C2)c1=O,中毒,13.216523,14.418226
O=C1c2cc(-c3cn[nH]n3)n(-c3ccc(Cl)cc3Cl)c2C(c2ccnc(Cl)c2)N1c1cc(Cl)cn(C2CC(O)(CO)C2)c1=O,中毒,18.205946,11.513729
O=C1c2cc(-c3cn[nH]n3)n(-c3ccc(Cl)cc3)c2C(c2ccc(Cl)cc2)N1c1cc(Cl)cn(C2CC(O)(CO)S2)c1=O,中毒,38.99518,19.97039
O=C1c2cc(-c3cn[nH]n3)n(-c3ccc(Cl)s3)c2C(c2ccc(Cl)cc2F)N1c1cc(Cl)cn(C2CC(O)(CO)C2)c1=O,中毒,14.882899,11.513729
O=C1c2nc(-c3cn[nH]n3)nc(N3CCOCC3)c2C(c2ccc(C(F)(F)F)cc2)N1c1cc(Cl)cn(C2CC(O)C(O)C2)c1=O,中毒,16.880064,13.466203
O=C1c2cc(-c3cn[nH]n3)nc(Nc3cc4ccccc4n3C3CCC3)c2C(c2ccc(Cl)cc2)N1c1cc(Cl)cn(C2CC(O)(CO)C2)c1=O,中毒,7.8529835,13.503714
OCC1(O)CC(n2ccc(N3Cc4cc(-c5cn[nH]n5)n(-c5ccc(Cl)cc5F)c4C3c3ccc(Cl)cc3)c2)C1,中毒,15.763229,19.356245
Fc1cc(OCc2cnc(COc3ccccn3)nc2)ccc1Nc1nc2c(c(N3CCOCC3)n1)Cc1ncc(-c3cn[nH]n3)cc1-2,中毒,23.385828,17.330027
O=S(=O)(Nc1ncns1)c1ccc(C#Cc2c(Cl)cc3c(c2F)-c2cc(-c4cn[nH]n4)n(-c4ccc(Cl)cc4F)c2-3)c(F)c1,中毒,18.818253,9.939742
O=C1c2cc(-c3cn[nH]n3)n(-c3ccc(Br)nc3)c2C(c2ccc(Cl)cc2)N1c1cc(Cl)cn(C2CC(O)(CO)C2)c1=O,中毒,14.882899,11.513729
c1cc2nc(-c3ccc(OC4CCN(CC5COC5)CC4)s3)sc2cc1-c1cn[nH]n1,中毒,25.410597,22.629742
O=C1c2cc(-c3cn[nH]n3)n(-c3cccc(Cl)c3)c2C(c2ccc(Cl)s2)N1c1cc(Cl)cn(C2CC(O)(CO)C2)c1=O,中毒,15.111123,11.513729
O=C1Cc2cc(-c3cn[nH]n3)cc(-c3c(F)cccc3F)c2C(c2ccc(Cl)cc2)N1c1cc(Cl)cn(C2CC(O)(CO)C2)c1=O,中毒,14.0745,16.862432
Clc1cnc(Cl)c(N2Cc3nc(-c4cn[nH]n4)nc(-c4ccno4)c3C2C2CC2)c1,中毒,19.254623,12.312712
Fc1cc2c(cc1-c1cn[nH]n1)Nc1cc(-c3ccccc3)c(Cl)c(n1)S2,中毒,50.253853,50.518402
O=P(O)(O)CSc1c(-c2cn[nH]n2)cc2c(c1-c1ccc3ncccc3c1)C(O)(CCN1CC3CC1C3)C2,中毒,13.250022,31.325577
O=S(=O)(NC1CCN(c2cc(-c3cn[nH]n3)cc(Nc3cc(Cl)cc(Cl)c3)n2)CC1)C1COC1,中毒,16.994617,109.581314
Fc1cc(OC2CCN(c3cncc4nc(C5CC5)nn34)C2)cc(-c2cn[nH]n2)c1,中毒,16.014172,36.007652
O=c1c(Nc2ccc(F)c(Br)c2)ncnc2sc(-c3cn[nH]n3)c(-c3ccc(Cl)cc3)c12,低毒,8.900398,11.488158
Clc1ccc(-n2c(-c3cn[nH]n3)nc3c2C(c2ccc(Br)cc2)N3)cc1,中毒,17.665823,56.66347
O=c1[nH]cnc2nc3ccccc3c(-c3c[nH]c4ncc(-c5cn[nH]n5)cc34)c12,中毒,4.537915,68.30343
O=C1c2cc(-c3cn[nH]n3)n(-c3ccc(Cl)cc3F)c2C(Nc2cccnc2)N1c1cc(Cl)cn(C2CC(O)(CO)C2)c1=O,中毒,5.9541664,28.20462
O=C1c2[nH]cc(-c3cn[nH]n3)c2CSC(c2ccc(F)cc2)N1c1cc(Cl)c[nH]c1=O,中毒,23.680687,36.478462
Fc1ccc(Oc2ncc3c(c2C2CN(c4coc(-c5ccccn5)n4)C2)Cc2cc(-c4cn[nH]n4)n(-c4ccc(Cl)c(Cl)c4)c2C3)c(F)c1F,中毒,25.220201,36.56022
O=C1c2cc(-c3cn[nH]n3)n(-c3ccc4c(c3)OCc3ccccc3-4)c2C(c2ccc(Cl)cc2)N1c1cc(Cl)cn(C2CC(O)(CO)C2)c1=O,中毒,38.99518,11.513729
c1n[nH]nc1-c1nc2n(n1)CCC2,高毒,30.919926,83.430275
O=C1NCCN(c2ncc(-c3cn[nH]n3)cc2F)C12Cc1cc(Br)c(F)cc1Oc1ccc(Cl)cc12,中毒,19.488192,14.8035965
Fc1cc(Cl)ccc1-n1c(-c2cn[nH]n2)cc2c1C(c1ccc(Cl)cc1)N=N2,中毒,24.307446,23.107658
O=c1c(N2Cc3cc(-c4cn[nH]n4)cc(-c4cc(Cl)ccc4OC(F)F)c3C2c2ccc(Cl)cc2)cc(Cl)cn1C1CC(O)(CO)C1,中毒,6.3808517,13.447941
Oc1c(Cl)cc(C(Cc2cccc(C(F)(F)F)c2)N2CCn3c(nnc3-c3cn[nH]n3)C2)cc1Cl,中毒,26.598639,13.213944
O=C1c2cc(-c3cn[nH]n3)c3scc4c(c2C(c2ccccc2)N1c1cc(Cl)cn(C2CC(O)(CO)C2)c1=O)=CC(=CC=CC(Cl)=C4F)N=3,中毒,8.399355,9.173887
O=C1c2cc(-c3cn[nH]n3)n(-c3ccc(Cl)cc3Oc3ccc(Cl)cc3)c2C(c2ccc(Cl)cc2)N1c1cc(Cl)cn(C2CC(O)(CO)C2)c1=O,中毒,38.99518,12.110745
O=C1c2cc(-c3cn[nH]n3)n(-c3ccc(Cl)cc3)c2C(c2ccc(Cl)cc2)N1c1cc(Cl)cn(CCO)c1=O,中毒,31.338547,11.513729
Fc1cc(Cl)c(N2Cc3nc(-c4cn[nH]n4)cc(-c4c(Cl)cccc4Cl)c3C2)cc1N1CCOCC1,中毒,12.7583475,13.577666
O=C1c2cc(-c3cn[nH]n3)n(-c3cc(F)cc(Br)c3)c2C(c2ccc(Cl)cc2)N1c1cc(Cl)cn(C2CC(O)(CO)C2)c1=O,中毒,14.882899,11.513729
O=C1COCN(C(=O)COc2cc3ncnc(-c4ccc(Cl)cc4OCC4CC5CC45)c3cc2-c2cn[nH]n2)CCN1,中毒,7.0811296,17.379768
O=C1C=CN2C3c4nc(-c5cn[nH]n5)sc4C(C2C(O)C3O)n2cc(-c3ccnc4cc(Cl)ccc34)cc2C(=O)N1,中毒,43.837902,15.303033
Fc1cc(-c2cn[nH]n2)cc2c(-c3cn[nH]c3)nc(N3CCCC3)nc12,中毒,9.934277,34.613354
O=C1c2cc(-c3cn[nH]n3)n(-c3ccc(Br)cc3F)c2C(c2ccc(Cl)cc2)N1c1cc(Cl)cn(C2CC(O)(F)C2)c1=O,中毒,29.54402,11.513729
O=C1CC(n2cc(Cl)cc(N3C(=O)c4cc(-c5cn[nH]n5)n(-c5ccc(Cl)cc5)c4C3c3ccc(Cl)cc3)c2=O)C(=O)O1,中毒,17.272402,13.466203
c1cc(-c2csc(N3Cc4ccnc5cc(-c6cn[nH]n6)cc(c45)C3)n2)ccn1,中毒,3.7731264,74.562965
Clc1ccc(N2CCN(C(c3cccc(Oc4ccc(-c5cn[nH]n5)cc4)c3)c3nnnn3C3CCCC3)CC2)cc1,低毒,5.171785,14.625692
c1ccc2[nH]c(CSc3cn[nH]n3)nc2c1,高毒,395.57993,22.906483
O=C1c2cc(-c3cn[nH]n3)c(-c3cc(Cl)c(Cl)cc3Cl)n2C(c2ccc(Cl)cc2F)N1c1cc(Cl)cn(C2CC(F)(F)C2)c1=O,中毒,23.152437,14.3937645
O=C(Cc1ccc(-c2nc(-c3cn[nH]n3)nc3c2COCC3)cc1)N1CCOC2(CC2)C1,中毒,61.44541,23.470232
NC1CN=C(Oc2ccc(-c3ncnc4[nH]c(-c5cn[nH]n5)cc34)cc2)C1,中毒,162.00616,58.09292
Clc1ccncc1N1CCN(c2cc3[nH]cc(-c4cn[nH]n4)c3cc2-c2nonc2-c2ccncc2)CC1,中毒,29.478065,29.618446
O=c1c(N2Cc3cc(-c4cn[nH]n4)c(=O)n(-c4cc(F)ccc4F)c3C2c2ccc(Cl)cc2)cc(Cl)cn1C1CC(O)(CO)C1,中毒,32.17651,12.110745
Brc1ccc2c(c1)-c1[nH]c(-c3cn[nH]n3)cc1-2,低毒,22.997059,135.90321
O=c1cccc(COc2nc(-c3c(Cl)cncc3Cl)c3c(c4cc(-c5cn[nH]n5)cc2-4)CS(=O)(=O)C3)n1C1CC(F)(F)C1,中毒,6.7868686,15.138477
O=S(=O)(Nc1ccon1)c1ccc2c(C3=C4C(=CC(c5cn[nH]n5)=C4N4CCOCC4)N=C3c3cccc(F)n3)c[nH]c2c1,中毒,29.52702,10.292379
O=S1(=O)c2cc(-c3cccnc3)ccc2-c2cc(-c3cn[nH]n3)n(-c3ccc(Cl)cc3F)c21,中毒,23.720364,20.373379
Fc1c(NC2CCC2)cccc1C1=C2C(N3CCN(Cc4ccc5c(c4)OCO5)CC3c3ccncc3)=NC(Cl)=C2C(c2cn[nH]n2)=N1,中毒,49.51154,13.503714
O=c1c(-c2ccsc2)c(-c2ccncc2)sc2c1-c1nc(-c3cn[nH]n3)n(-c3ccc(Cl)cc3)c1-2,中毒,4.5137944,19.302166
[O-][S+]1Cc2c(cc(-c3cn[nH]n3)n2-c2ccc(Cl)cc2F)C1c1ccc(Cl)cc1,中毒,13.593008,21.109474
CC1(n2cc(Cl)cc(N3C(=O)c4cc(-c5cn[nH]n5)n(-c5ccc(F)cc5F)c4C3c3ccc(Cl)cc3)c2=O)COC1,中毒,17.272402,13.466203
O=C(O)c1cn(C2OC(CO)C(O)C2O)c2cc(-c3cn[nH]n3)c(F)cc2c1=O,中毒,10.550047,16.203876
O=C1c2cc(-c3cn[nH]n3)c(-c3c(Cl)cccc3Cl)nc2C(c2ccc(F)cc2F)N1c1cc(Cl)cn(C2CC(O)(CO)C2)c1=O,中毒,52.723274,12.087409
O=C1c2cc(-c3cn[nH]n3)c(=O)n(-c3ccc(Cl)cc3)c2C(c2ccc(Cl)cc2)N1c1cc(Cl)cn(C2COC(F)(F)C2)c1=O,中毒,47.20036,13.503714
O=C1N(c2cc(Cl)cn(C3CC(O)(CO)C3)c2=O)C(c2ccc(Cl)cc2)c2c(-c3cnc4[nH]ccc4c3)c(-c3cn[nH]n3)cn21,中毒,6.4584956,16.230408
N=c1c(N2C(=O)c3cc(-c4cn[nH]n4)n(-c4ccc(Cl)cc4F)c3C2c2ccc(Cl)cc2)cc(Cl)cn1C1CC(O)C(O)C1,中毒,12.488247,13.466203
O=S(=O)(c1ccc2c(c1)nc(N1Cc3nc(-c4cn[nH]n4)sc3C1)n2-c1ccc(F)cc1F)N1CCOCC1,中毒,17.502542,25.300215
O=C1c2cc(-c3cn[nH]n3)c(-c3ccc(Cl)cc3Cl)n2C(c2ccc(Cl)cc2)N1c1cc(Cl)cn(C2CC(O)C(O)C2)c1=O,中毒,19.951618,13.503714
c1cc2ncc(-c3cn[nH]n3)cc2s1,中毒,86.71993,94.33188
c1ccc2c(c1)CC(c1cn[nH]n1)N2c1nc2cnccc2n2c(CC3CC3)nnc12,中毒,10.124686,64.15472
O=c1c(N2Cn3cc(-c4cn[nH]n4)c(-c4c(Cl)cc(C(F)(F)F)cc4Cl)c3C2c2ccc(Cl)cc2)cc(Cl)cn1C1CC(O)(CO)C1,中毒,9.342797,16.230408
c1n[nH]nc1Cc1cc2c(cc1-c1cnnn1C1CCOCC1)OCC(N1CCOCC1)C2,中毒,46.73329,104.42049
O=C1C(=O)N(c2cn[nH]n2)C=C1c1cnc(F)c(Nc2cc(NC3CC3)n[nH]2)n1,中毒,76.32198,34.65746
O=C1c2nc(-c3cn[nH]n3)nc(Nc3ccc(S(=O)(=O)N4CCCC4)cc3)c2C(c2ccco2)N1c1cc(Cl)cn(C2CC(O)(CO)C2)c1=O,中毒,16.880064,13.466203
O=C1c2cc(-c3cn[nH]n3)c(C(F)F)n2C(c2ccc(Cl)cc2Cl)N1c1cc(Cl)cn(C2CC(O)(CO)C2)c1=O,中毒,32.68572,28.945686
Clc1ccc(-c2nocc2-c2ccc(Nc3ccnc(Sc4cn[nH]n4)n3)cc2)c(Cl)c1,中毒,19.193861,35.550114
Clc1ccc2cc(-c3cncnc3)ccc2c1-c1cc(-c2cn[nH]n2)cc2c1C1(CCOCC1)C2,中毒,11.04385,45.837585
c1cnc2nc(-c3n[nH]c4ccc(Nc5cn[nH]n5)cc34)cc(N3CCOCC3)c2c1,中毒,3.3980231,171.69652
O=c1c2c(Cl)c(Cl)c(-c3ccc(F)cc3Cl)nc2nc(C2CC2)n1-c1cn[nH]n1,中毒,19.868025,34.38207
Clc1cccc(Cl)c1-c1cc(-c2cn[nH]n2)cc2c1CN(c1ccc(C3=CCN(Cc4nnc[nH]4)CC3)nc1)C2,中毒,18.50707,20.470087
CC(CO)(CO)n1cc(Cl)cc(N2C(=O)c3cc(-c4cn[nH]n4)n(-c4ccc(Br)cc4F)c3C2c2ccc(C(F)(F)F)cc2)c1=O,中毒,15.540574,11.513729
O=C1c2nc(-c3cn[nH]n3)n(-c3ccc(Br)cc3F)c2C(c2ccc(Cl)cc2)N1c1cc(Cl)cn(C2CC(O)(CO)C2)c1=O,中毒,38.640644,34.717995
O=S1(=O)CCN(Cc2c(Cl)sc(Cl)c2-c2cn[nH]n2)CC1,低毒,19.742718,39.463367
Fc1c(-c2c(C(=S)N3CCc4nc(-c5cn[nH]n5)sc4C3)cnc3ccc(Cl)cc23)cc(Cl)cc1C(F)(F)F,中毒,27.642826,32.345867
O=C(O)c1cn(-c2ccc(Oc3cccc(O)c3Cl)c(F)c2)c2cc(-c3cn[nH]n3)c(F)cc2c1=O,中毒,22.577723,13.649303
O=c1[nH]cc(C(F)(F)F)cc1N1Cc2c(cc(-c3cn[nH]n3)cc2-c2ccsc2)CC2C3=CC=C(C4=NCNCC4)C=C2C31,中毒,7.494668,19.617376
O=C1c2cc(-c3cn[nH]n3)n(-c3ccc(Cl)cc3F)c2C(c2ccc(Cl)cc2)N1c1cc(Cl)cn(C2CC(O)(CO)C2)c1=S,中毒,12.488247,41.67566
c1cnn(CCNc2nc(-c3ccnc(NC4CCNCC4)n3)c3ccc(-c4cn[nH]n4)cc3n2)c1,中毒,4.2132387,64.926414
S=c1c2nc(Nc3ccc(N4CCSC4)c(Cl)c3)ncc2cc(-c2cccnc2Cl)n1-c1cn[nH]n1,中毒,6.293458,149.88481
Nc1snc(-c2ccc(NCCn3ccnc3)cc2)c1-c1cn[nH]n1,低毒,11.60142,35.757824
O=c1oc2cc3c1CCCCN2C(c1ccc(Cl)cc1)c1c(-c2ccc(F)cc2)cc(-c2cn[nH]n2)cc1-3,中毒,15.15725,40.528637
c1ccc(-c2ccc3n4c(-c5nc(-c6cc7cccnc7s6)c6ncc(-c7cn[nH]n7)cc6n5)cc(cc2)c4C(C2CC2)C3)nc1,中毒,36.493374,29.349693
O=C1CC(N2CCN(c3ncnc4cc(-c5cn[nH]n5)cc(N5CCCCC5)c34)CC2)CCN1,中毒,7.61966,48.740562
O=C1c2cc(-c3cn[nH]n3)nc(-c3c(Cl)cccc3Cl)c2CC(c2cc(F)ccc2F)N1c1cc(Cl)cn(C2CC(O)(CO)C2)c1=O,中毒,19.24008,17.379768
O=C1OCC2=C3C(=CC(c4cn[nH]n4)=C3NCc3ccc(COc4cccc(Cl)c4)cc3)Cc3c(Br)nc2nc31,中毒,11.013877,13.503714
c1ncc(COc2ccc3nc(-c4cc(-c5cn[nH]n5)cc5c4C5)sc3n2)cn1,中毒,45.97519,19.467138
Oc1cc2c(cc1Cl)c(Nc1ccc(Br)cc1)c(Cl)c1c2cc(-c2cn[nH]n2)n1F,低毒,16.742207,33.085762
O=C(O)c1cn(C2CC2)c2nc(N3CCc4cc(-c5cn[nH]n5)sc4CC3)c(F)cc2c1=O,中毒,6.552651,8.161369
Clc1ccnc(N2C(c3ncc(Cl)c4ccccc34)c3cc(-c4cn[nH]n4)nn3C2c2ccc(Br)cc2)c1,中毒,28.345415,17.02442
O=C1c2nc(-c3cn[nH]n3)nc(-c3ccnc(Cl)c3)c2C(c2ccc(Cl)cc2)N1c1cc(Cl)cn(C2CC(O)(CO)C2)c1=O,中毒,16.880064,13.466203
O=c1c(N2C(O)c3cc(-c4cn[nH]n4)c(I)c(-c4cc(F)cc(Cl)c4)c3C2c2ccc(Cl)cc2)cc(Cl)cn1C1CC1,中毒,16.463823,8.960914
Clc1cn(C2CCOC2)c2c1c(-c1cn[nH]n1)cc1cnc(Oc3ccc(Br)cn3)nc12,中毒,10.883562,42.11341
O=C1c2cc(-c3cn[nH]n3)n(-c3ccoc3)c2C(c2ccc(Cl)cc2)N1c1cc(Cl)cn(C2CC(O)(CO)C2)c1=O,中毒,14.882899,11.513729
O=C1c2cc(-c3cn[nH]n3)n(-c3ccc(Cl)cc3F)c2CC(c2cccc(Cl)c2)N1c1cc(Cl)cn(C2CC(O)C(O)C2)c1=O,中毒,18.205946,13.503714
Cc1cc(N2C(=O)c3cc(-c4cn[nH]n4)n(-c4ccc(F)cc4F)c3C2c2ccc(Cl)cc2)c(=O)n(C2CC(O)C(O)C2)c1,中毒,12.488247,11.513729
Fc1cnc(-c2ccc3cc[nH]c3c2)cc1OC1COc2nc(-c3cn[nH]n3)cn2C1,中毒,41.30617,21.330782
O=c1[nH]c2cc(-c3cn[nH]n3)n(-c3ccc(Cl)cc3)c2c2cc(Cl)c(Oc3ccc(Oc4ccc(CN5CCOCC5)nc4)cc3F)cc12,中毒,15.6181555,14.373294
O=C1c2cc(-c3cn[nH]n3)n(-c3ccc(Cl)cc3)c2C(c2ccc(Cl)cc2)N1Cc1cc(Cl)cn(C2CC(O)(CO)C2)c1=O,中毒,13.578326,17.348145
Fc1cc(Cl)ccc1-n1c(-c2cn[nH]n2)cc2c1C(c1ccc(Cl)cc1)N(Cc1ccc(Cl)cc1)C2c1ccc(Cl)cc1,中毒,16.048214,21.750744
O=C1c2cc(-c3cn[nH]n3)cc(-c3c(F)cccc3F)c2S(=O)(=O)C(c2ccc(Cl)cc2)N1c1cc(Cl)cn(C2CC(O)(CO)C2)c1=O,中毒,6.4201846,9.173887
O=c1c(N2c3nc(-c4cn[nH]n4)n(-c4ccc(Cl)c(Cl)c4)c3C2c2ccc(Cl)cc2)cn(-c2ccc(C3CC3)cc2)c(=O)n1Cc1ccc(F)nc1,中毒,24.28114,15.055594
NC(=O)c1cn(C2CC2)c2c1CCc1ncc(N3CC4CC(c5cn[nH]n5)C43)nc1-2,中毒,14.683508,22.941324
O=C1c2cc(-c3cn[nH]n3)n(-c3cc(Cl)ccn3)c2C(c2ccc(Cl)cc2)N1c1cc(Cl)cn(C2CC(O)(CO)C2)c1=O,中毒,14.882899,11.513729
O=C1c2nc(-c3cn[nH]n3)n(-c3cccc(Br)c3C(F)(F)F)c2C(c2ccc(Cl)cc2)N1c1cc(Cl)cn(C2CC(O)C(O)C2)c1=O,中毒,38.197144,34.717995
O=C(NCC1(C[S+]([O-])c2ccc(Cl)cc2F)CC1(F)F)N1CCc2cc(Oc3ncc(-c4cn[nH]n4)cc3F)ccc2C1,中毒,25.39477,16.96375
O=C1C(=O)N(c2ccc(NCc3ccco3)c(C3(F)CCOC3)n2)C=C1c1cn[nH]n1,中毒,35.508293,45.1847
O=S(=O)(c1cccs1)N1OC2CC(OCc3cn[nH]n3)CC2C1c1ccc2occc2c1,中毒,13.742325,98.138824
c1n[nH]nc1C1CCCNC1,高毒,67.022705,83.738075
O=C(NCCCCCNc1c2c(nc3cc(Cl)ccc13)CNC2)c1ncnc2cc(-c3cn[nH]n3)ccc12,中毒,36.977028,26.111967
O=C1c2cc(-c3cn[nH]n3)nc(Nc3cccc(Cl)c3F)c2C(c2cccc(Cl)c2)N1c1cc(Cl)cn(C2CC(O)C(O)C2)c1=O,中毒,7.8529835,13.503714
O=C1NCCN1c1ncc(-c2cn[nH]n2)c(-c2cnc(C(O)CO)c(-c3cccc4ncccc34)c2)n1,中毒,80.82974,73.28843
O=C1c2cc(-c3cn[nH]n3)n(-c3ccc(F)cc3Cl)c2C(c2ccc(Cl)cc2)N1c1cc(Cl)cn(C2CC(O)C(O)C2)c1=O,中毒,18.205946,11.513729
OC1CCN(c2ccc(-c3sc4c(c3C3CC3)-c3nc(-c5cn[nH]n5)n(-c5ccc(F)cc5F)c3-4)cc2Cl)C1,中毒,7.4876986,36.39355
c1cc(-c2nc(NC3CC3)c3scc(-c4cn[nH]n4)c3n2)ccn1,中毒,19.413334,22.011189
O=C1C2CC(O)(CO)Cc3cc(-c4cn[nH]n4)n(-c4ccc(Cl)cc4F)c3C(c3ccc(Cl)cc3F)N1c1cc(Cl)cn2c1=O,中毒,15.763229,16.862432
O=C1c2nc(-c3cn[nH]n3)cc(-c3ccc(Cl)c(Cl)c3)c2C(c2ccc(Cl)cc2)N1c1cc(Cl)cn(C2CC(O)C(O)C2)c1=O,中毒,37.24519,12.110745
O=C(OCC1C(O)C(O)C(Oc2cc(-c3cn[nH]n3)cc3c(-c4ccc(Cl)nc4)ncnc23)CN1c1ccc2ccccc2n1)c1ccncc1,中毒,35.013466,44.463554
O=C1c2cc(-c3cn[nH]n3)n(-c3c(Cl)cccc3C(F)(F)F)c2C(c2ccc(Cl)cc2)N1c1cc(Cl)cn(C2CC(O)(CO)C2)c1=O,中毒,18.205946,11.513729
c1ccc(-c2csc(N3CCC(Sc4cn[nH]n4)C3)n2)nc1,中毒,241.72379,17.469477
O=C1c2cc(-c3cn[nH]n3)n(-c3ccc(OC(F)(F)F)c(F)c3)c2C(c2ccc(Cl)cc2)N1c1cc(Cl)cn(C2CCC(O)C2)c1=O,中毒,60.214355,11.513729
O=C1c2cc(-c3cn[nH]n3)n(-c3ccc(F)cc3)c2C(c2ccc(Cl)cc2)N1c1cc(Cl)cn(C2CCC(O)(CO)C2)c1=O,中毒,14.882899,11.513729
O=S1(=O)Cc2c(cc(-c3cn[nH]n3)cc2-c2c(Cl)cccc2Cl)CC1c1ccc(Cl)cc1,中毒,32.903744,20.415718
Clc1ccc(C2c3cc(-c4cn[nH]n4)n(-c4ccc(Cl)cc4)c3C(c3ccc(Cl)cc3)N2c2cc(Cl)sc2Cl)cc1,中毒,28.622856,23.107658
O=c1c(N2Cc3cc(-c4cn[nH]n4)n(-c4ccc(Cl)cc4F)c3C2c2ccc(Cl)cc2)cc(Cl)cn1Cl,中毒,21.327534,14.026334
O=C1c2c(nc3cnc4ccccc4c3c2-c2cn[nH]n2)C(c2ccc(F)cc2)N1c1cc(Cl)cn(C2CC(O)(CO)C2)c1=O,中毒,26.553892,12.110745
O=C1c2cc(-c3cn[nH]n3)n(-c3cc(Cl)ccc3Br)c2C(c2ccc(Cl)cc2)N1c1cc(Cl)cn(C2CC(O)(CO)C2)c1=O,中毒,14.882899,11.513729
O=C(OCC1(CO)c2c(-c3cc4c(cc3Cl)-c3c(cc(-c5cn[nH]n5)n3-c3ccc(Cl)cc3F)C4)cnn21)N1CC2CCC1C2,中毒,22.257866,16.279085
FC(F)(F)Oc1ccc2oc(-c3nc4cc(-c5cn[nH]n5)ccc4[nH]3)cc2c1,中毒,6.7768826,44.48117
O=C1CCCN1C1CCC(n2c(-c3cn[nH]n3)cc3c2C(c2ccc(Cl)cc2)N(c2cc(Cl)cn(C4CC(O)(CO)C4)c2=O)C3=O)CC1,中毒,19.24008,13.503714
O=C1CN=C(c2ccc(Cl)cc2)c2c(cc(-c3cn[nH]n3)cc2-c2c(Cl)cccc2Cl)N1,中毒,7.9289103,197.60875
O=S(=O)(NC12CC3CC(CC(C3)C1)C2)c1ccc(Nc2ncc3nc2N(C2CCOCC2)Cc2ncc(-c4cn[nH]n4)nc2-3)cc1,中毒,16.629898,41.887516
O=c1c(N2C(c3ccc(Cl)cc3Cl)c3[nH]c(-c4cn[nH]n4)cc3P2(=O)N2CC=C(Br)CC2)cc(Cl)cn1C1CC(O)(CO)C1,中毒,28.801418,14.418226
O=C1c2cc(-c3cn[nH]n3)c(-c3ccc(Br)cc3)n2C(c2ccc(Cl)cc2F)N1c1cc(Cl)cn(C2COC(F)(F)C2)c1=O,中毒,21.243645,13.503714
O=C1c2cc(-c3cn[nH]n3)n(-c3c(F)cc(Cl)cc3C(F)(F)F)c2C(c2ccc(Cl)cc2)N1c1cc(Cl)cn(C2CC(O)(CO)C2)c1=O,中毒,12.488247,13.466203
O=C1c2cc(-c3cn[nH]n3)n(-c3ccc4c(c3)OCCO4)c2C(c2csc3ccccc23)N1c1cc(Cl)cn(C2CC(O)(CO)C2)c1=O,中毒,32.17651,11.513729
Fc1ccc2c(c1)CC(CN1CCN(c3cccc(Cl)c3Cl)CC1)=Cn1nc(-c3cn[nH]n3)cc1-2,中毒,20.735348,19.978615
Clc1ccc(C2(N3CCc4cc(-c5ccnc6cnccc56)c(-c5cn[nH]n5)cc4C3)CC2)cc1,中毒,37.08811,47.096607
ClC1=CC=C2C3Cc4cc(-c5cn[nH]n5)n(-c5ccc(Cl)cc5)c4C(c4ccc(Cl)cc4)N(c4cncc(Cl)c4)C2C(=C1)NC3c1cccnc1,中毒,22.121504,14.3937645
c1ncn(Cc2ccc(C3=S4CCc5cc(OC6CCOCC6)c(-c6cn[nH]n6)cc5C4=N3)cc2)n1,中毒,38.62367,19.075527
O=C1c2cc(-c3cn[nH]n3)c(-c3ccc(Cl)cc3)nc2C(c2ccc(C(F)(F)F)cc2)N1c1cc(Cl)cn(C2CCOCC2)c1=O,中毒,12.976177,13.503714
O=C1c2cc(-c3cn[nH]n3)cc(-c3c(Cl)cccc3Cl)c2CC(c2cccs2)N1c1cc(Cl)cn(C2CC(O)(CO)C2)c1=O,中毒,26.192316,19.79431
Clc1ccc(C2c3cc(Cl)ccc3-c3nc(-c4cn[nH]n4)cnc3C3N=C(c4ncccc4Cl)CN32)cc1,中毒,79.82829,18.143541
O=C1c2cc(-c3cn[nH]n3)n(-c3ccc(Cl)cc3)c2C(c2ccc(Cl)cc2)N1C1=CC(Cl)=CN2C(=N1)C2CC(O)(Cc1ccc(F)cc1)C1CC1,中毒,17.328205,22.881025
O=C1C=C(c2ccco2)c2cc(-c3cn[nH]n3)cn21,中毒,37.695866,33.676056
O=C1c2cc(-c3cn[nH]n3)nc(N3CC4(CCOC4)C3)c2C(c2ccc(Cl)cc2)N1c1cc(Cl)cn(C2CC(O)(CO)C2)c1=O,中毒,24.385923,13.503714
O=S(=O)(c1ccc(F)cc1F)N1COc2cc(C3CC3Oc3ccc(-n4c(-c5cn[nH]n5)cc5ccoc54)cn3)cnc21,中毒,82.13047,18.318035
O=C1C2c3cc(-c4cn[nH]n4)n(-c4ccc(F)cc4)c3C(c3ccc(Cl)cc3)N(c3cc(Cl)c[n+]([O-])c3)C2C(=O)N1c1ccc(F)c(Cl)c1,中毒,25.896519,17.334517
O=C1c2cc(-c3cn[nH]n3)n(-c3ccc(F)cc3)c2C(c2ccc(Cl)cc2)N1c1cc(Cl)cn(C2CC2)c1=O,中毒,22.121504,14.026334
O=C1Cc2cc(-c3cn[nH]n3)n(-c3ccc(Cl)cc3)c2C(c2ccc(Cl)c(Cl)c2F)N1c1cc(Cl)cn(C2CC(O)(CO)C2)c1=O,中毒,20.18954,47.68054
O=c1c(N2C(O)c3nc(-c4cn[nH]n4)n(-c4ccc(Cl)cc4)c3C2c2ccc(Cl)cc2)cc(Cl)cn1C1CC(O)(CO)C1,中毒,16.880064,34.717995
O=S(=O)(c1ccc(F)cc1)N1Cc2cc(-c3cn[nH]n3)cc(-c3cc(Cl)ccc3Cl)c2C1,中毒,25.934326,25.956099
c1n[nH]nc1-c1nc2c(s1)CN(Cc1nncn1C1CC1)C2,中毒,72.566536,22.393555
O=c1c(N2Cc3cc(-c4cn[nH]n4)cc(-c4ccc(Br)cc4Cl)c3C2c2ccc(Cl)cc2)cc(Cl)cn1C1CC(O)(CO)C1,中毒,9.036046,9.912456
Oc1cnc2c3c([nH]c2c1)C(=C1CCC2c4nc5cc(Cl)ccc5c(-c5cn[nH]n5)c4C2C1)C1CCCCN1CC3,中毒,40.458454,42.450012
O=C1c2cc(-c3cn[nH]n3)n(-c3cccc(Cl)c3F)c2C(c2ccc3c(c2)OCO3)N1c1cc(Cl)cn(C2CC(O)(CO)C2)c1=O,中毒,12.488247,13.466203
O=c1c(N2Cc3nc(-c4cn[nH]n4)nc(N4CCOCC4)c3C2)cc(Cl)cn1Cc1ccccn1,中毒,20.815218,35.540882
O=C1c2cc(-c3cn[nH]n3)n(-c3ccc(F)cc3Br)c2C(c2ccc(Cl)cc2)N1c1cc(Cl)cn(C2CC(O)(CBr)C2)c1=O,中毒,31.338547,11.513729
O=c1c(N2Cc3cc(-c4cn[nH]n4)n(-c4cccc(F)c4)c3C2c2ccc(Cl)cc2)cc(Cl)cn1C1CC(O)(CO)C1,中毒,19.24008,11.513729
O=C1c2nc(-c3cn[nH]n3)c(-c3ccc(Cl)cc3)c(-c3ccncc3)c2C(c2ccc(Cl)cc2)N1c1cc(Cl)cn(C2CC(O)C(O)C2)c1=O,中毒,67.017,12.110745
O=C1c2cc(-c3cn[nH]n3)c(F)cc2Oc2c(F)cc(C(F)(F)F)cc2C(c2ccc(Cl)cc2)N1c1cc(Cl)cn(C2CC(O)(CO)C2)c1=O,中毒,5.281826,13.503714
NC1CNCCC1Oc1cc(Nc2cc3oc4cc(-c5ccc(Cl)cc5)c(-c5cn[nH]n5)cc4c3cc2-c2cc(Cl)cc3nscc23)ccn1,低毒,3.749126,13.638121
O=c1c2c(Cl)c3ccc(Cl)cc3cc2[nH]c[n+]1-c1cn[nH]n1,低毒,51.066933,113.17631
O=C1c2cc(-c3cn[nH]n3)c(-c3ccc(Cl)cc3)n2C(c2ccc(Cl)cc2)(c2ccc(Cl)cc2)N1c1cc(Br)cn(C2CC(O)(CO)C2)c1=O,中毒,19.951618,13.503714
O=S(=O)(Nc1ccon1)c1ccc2c(c1)OCc1cc(-c3cc(Cl)ccc3-c3cncnc3)c(-c3cn[nH]n3)cc1-2,中毒,12.802926,15.439927
O=c1c(N2Cc3cc(-c4cn[nH]n4)nc(-c4cn[nH]c4)c32)cc(Cl)cn1C1CC(O)(CO)C1,中毒,49.539124,40.919773
O=C1c2cc(-c3cn[nH]n3)n(-c3cc(F)ccc3F)c2C(c2ccc(Cl)cc2)N1c1cc(Cl)cn(C2CC(O)C2)c1=O,中毒,25.244574,11.513729
Brc1sccc1-c1nsc2cc(-c3cn[nH]n3)cnc12,中毒,10.716271,20.314272
NS(=O)(=O)c1ccc(-n2ccc(-c3ccc(Cl)cc3)c(C3=C4N=C(c5cn[nH]n5)C=C4C3)c2=O)c(F)c1,中毒,27.695436,14.3937645
O=C1c2nc(-c3cn[nH]n3)sc2C(c2ccc(Cl)cc2)N1c1cc(Cl)cn(C2CC(O)(CO)C2O)c1=O,中毒,59.929935,28.20462
CC1CC(N2c3cc(C(F)(F)F)ccc3-c3cc(-c4cn[nH]n4)n(-c4ccc(F)cc4)c3C2c2ccc(Cl)cc2)CC(O)=C1O,中毒,24.385923,19.200811
O=C1c2cc(-c3cn[nH]n3)n(-c3ccc([N+](=O)[O-])cc3)c2C(c2ccccc2)N1c1cc(Cl)cn(C2CC(O)(CO)C2)c1=O,中毒,14.882899,11.513729
O=c1c(N2Cc3cc(-c4cn[nH]n4)n(-c4cc(Cl)ccc4Cl)c3C2c2ccc(Cl)cc2)cc(Cl)cn1C1CC(O)(CO)C1,中毒,24.385923,11.513729
Fc1ccc(-n2c(-c3cn[nH]n3)cc3c2C(c2cccs2)N(c2cc(Cl)ccc2Cl)C3c2ccc(Cl)cc2)c(F)c1,中毒,21.947083,23.107658
O=C(c1cc(C2CC2)nc2ccsc12)N1CCC(c2cn[nH]n2)C1,中毒,22.294296,52.178448
O=C1c2cc(-c3cn[nH]n3)n(-c3ccc(Cl)cc3Cl)c2C(c2ccc(Cl)cc2)N1c1cc(Cl)cn(C2CC(O)=C(O)C2)c1=O,中毒,18.205946,11.513729
O=c1oc(-c2cn[nH]n2)nc2ccc3c(c12)CS(=O)(=O)C3,中毒,14.265057,154.24039
FC(F)(F)c1cc(Cl)nnc1-c1cnc2[nH]cc(-c3cn[nH]n3)c2n1,中毒,9.296806,22.528885
O=C1c2cc(-c3cn[nH]n3)cc(-c3c[nH]c4ccccc34)c2CC(c2ccc(Cl)cc2)N1c1cc(Cl)cn(C2CC(O)(CO)C2)c1=O,中毒,33.033947,16.230408
[O]N1C(c2ccc(Cl)cc2)c2cc(-c3cn[nH]n3)cc(-c3c(Cl)cccc3Cl)c2C1c1ccc(Cl)cc1,中毒,29.906696,21.655012
O=C1c2cc(-c3cn[nH]n3)n(-c3ccc(Br)cc3)c2C(c2ccc(Oc3ccccc3)cc2)N1c1cc(Cl)cn(C2CC(O)(CO)C2)c1=O,中毒,18.205946,11.513729
O=C1c2cc(-c3cn[nH]n3)c(F)cc2N(c2ccn(C3CCOCC3)n2)C(c2ccc(Cl)c(Cl)c2)N1c1cc(Cl)cn(C2OC(CO)C(O)C2O)c1=O,中毒,15.540574,13.503714
Oc1c(Cl)cc(-c2cc(Cl)c3c(-c4cn[nH]n4)n[nH]c3c2)cc1Cl,低毒,6.568986,61.998737
O=C1c2cc(-c3cn[nH]n3)c(-c3ncc(Cl)c(Cl)c3F)n2C(c2ccc(Cl)cc2)N1c1cc(Cl)cn(C2CC(O)(CO)C2)c1=O,中毒,32.68572,13.503714
O=C1c2cc(-c3cn[nH]n3)c(=O)n(-c3ccc(Cl)cc3Cl)c2C(c2ccc(Cl)cc2)N1c1cc(Cl)cn(C2CC(O)(CO)C2)c1=O,中毒,51.50488,12.110745
O=S1(=O)c2cc(F)ccc2-c2cc(-c3cn[nH]n3)cc(-c3c(Cl)cccc3Cl)c21,中毒,6.6757593,16.634289
Clc1cc2nc(-c3cn[nH]n3)sc2cc1Cl,中毒,165.29477,33.483086
FC(F)(F)C1(c2nc(-c3cc(-c4cn[nH]n4)cc4c3CN(c3cc(C5CC5)ncn3)C4)no2)CC1,中毒,75.1638,72.37429
O=C1c2cc(-c3cn[nH]n3)cn2C(c2ccc(Cl)cc2Cl)N1c1cc(Cl)cn(C2CC(O)C(O)C2)c1=O,中毒,26.757868,28.945686
O=S(=O)(c1ccc(C2COC2)cc1)N1C2C(=NC(c3cn[nH]n3)C1c1ccco1)c1ccccc1C2c1ccncc1,中毒,29.69129,30.108232
O=C1c2cc(-c3cn[nH]n3)n(-c3ccc(F)cc3F)c2C(c2ccc(Cl)cc2)N1c1cc(Cl)cn(C2CC(OO)C(O)C2O)c1=O,中毒,12.488247,11.513729
Oc1nc2scc(Br)c2cc1C1c2c(nc(-c3cn[nH]n3)c(Oc3ccc(Cl)cc3)c2-c2nc3cc(F)ccc3s2)NC1c1ccc(Cl)cc1,中毒,26.984304,13.503714
Fc1cnc(-c2c[nH]c3ncc(-c4cc5c(-c6cn[nH]n6)c[nH]c5c(-c5cn[nH]c5)n4)cc23)cn1,中毒,6.931126,38.16854
O=C1c2cc(-c3cn[nH]n3)n(-c3ccc(Cl)cc3F)c2C(c2ccc(Cl)cc2)N1c1cc(Cl)cn(C2CC(O)C2O)c1=O,中毒,12.488247,11.513729
O=C1c2cc(-c3cn[nH]n3)n(-c3cc4cc(Cl)ccc4nc3F)c2C(c2ccc(Cl)cc2Cl)N1c1cc(Cl)cn(C2CC(O)(CO)C2)c1=O,中毒,15.540574,11.513729
O=P(OCc1ccncc1)(c1nc(-c2cn[nH]n2)cs1)N1Cc2ccccc2C1,中毒,19.454473,14.869868
Fc1cnc(F)c(-c2cn3c(ncc4c(C5CCCN(C6CCC6)C5)c-4c4cc(-c5cn[nH]n5)ccc43)s2)c1,中毒,7.403472,20.320997
O=C1c2cc(-c3cn[nH]n3)n(-c3ccc(Cl)nc3)c2C(c2ccc(Cl)cc2)N1c1cc(Cl)cn(C2CC(O)(CO)C2)c1=O,中毒,14.882899,11.513729
O=C1N(F)C(Cl)C2n3nc(-c4c(Cl)cccc4Cl)c(=O)c4c(F)c(-c5cn[nH]n5)cc-4c3C12c1ccc(Cl)cc1F,中毒,18.617636,14.3937645
O=C1C2=CC(c3cn[nH]n3)=CC2=C(F)c2c(F)c(F)c(F)c(F)c2C(F)=C2C(=O)N1C2Cc1cnn(C2CC#CC2)c1,中毒,18.607464,23.269756
O=S(=O)(Nc1ccccn1)c1ccc(Oc2cc(F)c(C3=CN=C4C=C(c5cn[nH]n5)C=C34)c(F)c2)nc1,中毒,15.330814,30.318773
O=C1Cc2cc(-c3cn[nH]n3)n(-c3ccc(Cl)cc3F)c2C(c2ccc(Cl)cc2F)N1c1ccn(C2CC(O)(CO)C2)c1,中毒,15.763229,34.622856
O=c1c(-c2ccc(F)c(F)c2)c(-c2cnc3[nH]ccc3c2)[nH]c2ncc(-c3cn[nH]n3)cc12,中毒,10.954216,23.119808
O=C1C(c2cnn(-c3ccc(F)cn3)c2)=CC=C1C1Cc2cc(-c3cn[nH]n3)cn2CO1,中毒,5.8355327,42.655293
O=C1c2cc(-c3cn[nH]n3)n(C3CCCC3)c2C(c2ccc(Cl)cc2)N1c1cc(F)c(=O)n(F)c1,中毒,22.121504,15.967391
c1ccc(Oc2ccc(CNc3ncnc4c3c(-c3ccccc3)nn4Cc3cc(-c4cn[nH]n4)cs3)cc2)cc1,低毒,127.528854,16.493427
CCC1C2c3cc(-c4cn[nH]n4)cc(-c4c(Cl)cccc4Cl)c3C(c3ccc(Cl)cc3)N2c2cc(Cl)cn1c2=O,中毒,18.721136,17.334517
Fc1ccc(-c2ncnc3cc(-c4cc5c([nH]4)CCN(C4CCOCC4)C5)c(-c4cn[nH]n4)cc23)c(F)c1,中毒,10.397936,135.25003
NC(=O)OCCC12CC(C(=O)N(c3ccc(Cl)cc3)C(c3ccc(Cl)cc3)C1c1ccc(Cl)cc1)c1cc(-c3c(-c4cn[nH]n4)cc4n3C4)sc12,中毒,46.08258,13.503714
c1csc(-c2nc(Nc3nc4ccsc4nc3SC3CCOCC3)ncc2SCc2cn[nH]n2)c1,中毒,32.180218,17.509283
Clc1cc(-c2nnc[nH]2)ccc1Cn1ncc2ccc(N3CC(c4cn[nH]n4)C3)cc21,中毒,7.9915824,29.60072
Fc1ccc(C2Cc3cc(-c4cn[nH]n4)cc(-c4csc(C5CCCCC5)c4)c3CN2)cc1,中毒,29.783741,18.029026
O=C1c2cc(-c3cn[nH]n3)n(-c3ccccc3Cl)c2C(c2ccsc2)N1c1cc(Cl)cn(C2CC(O)(CO)C2)c1=O,中毒,18.205946,11.513729
Oc1ncnc2c(Cl)cc(N3Cc4cc(-c5cn[nH]n5)nc(-c5c(Cl)cccc5Cl)c4C3c3ccc(Cl)cc3)cc12,低毒,54.21077,8.666377
N#Cc1cnc2sc(C(=O)N3CCc4cc(-c5cn[nH]n5)cc(-c5cc(F)c(OCc6ccc(F)c(F)n6)c(F)c5)c4C3)c(CO)c2c1Cl,中毒,10.56175,13.466203
O=C1C(c2cn[nH]n2)=Nc2cc(N3CCc4cc(S(=O)(=O)c5ccsc5F)ccc4C3)n(C3CCS(=O)(=O)C3)c21,中毒,49.51154,17.798532
Clc1ccc(C2c3c(cc(-c4cn[nH]n4)n3-c3ccc(Cl)cc3)C3(c4ccc(Cl)cc4Oc4cc(Cl)cc(Cl)c43)N2c2ccc(Cl)cc2)cc1,中毒,21.947083,19.032093
O=C1CCOCCC2C#Cc3cc(cs3)-c3c(c2cn3-c2cn[nH]n2)C(c2ccc(Cl)cc2)N1c1cc(Cl)cn(C2CC(O)(CO)C2)c1=O,中毒,11.176486,13.503714
O=C1c2ncc(F)cc2C12CC(n1nnc3c4[nH]c(O)nc4c(-c4cn[nH]n4)c(-c4c(F)cccc4F)c31)C2,中毒,14.034444,14.911535
Clc1cccc(Cl)c1-c1cc(-c2cn[nH]n2)cc2c1[nH]c1cc(Br)c(Br)cc12,中毒,6.2768307,15.923054
O=S1(=O)CCC(Cn2nnnc2-c2cc3cc(-c4cn[nH]n4)ccc3s2)CC1,中毒,11.404123,23.686342
SC1(c2ccc(Cl)cc2)c2c(-c3c(Cl)cccc3Cl)cc(-c3cn[nH]n3)cc2-n2nc3ccccc3c2NC1c1ccc(Cl)cc1,中毒,13.28751,40.4417
O=C1c2cc(-c3cn[nH]n3)c(=O)n(-c3cc(Cl)ccc3Cl)c2C(c2ccc(Cl)cc2)N1c1cc(Cl)cn(C2CC(O)(CO)C2)c1=O,中毒,51.50488,12.110745
O=C1c2cc(-c3cn[nH]n3)n(-c3ccc(Cl)cc3Cl)c2C(c2ccccc2Cl)N1c1cc(Cl)cn(C2CC(O)(CO)C2)c1=O,中毒,15.540574,11.513729
Clc1cccc(-c2nc(Nc3nc(-c4cn[nH]n4)cs3)c3sccc3n2)c1,中毒,59.1697,11.896385
O=c1c(N2Cc3cc(-c4cn[nH]n4)cc(-c4csc5c(Cl)cc(C(F)(F)F)cc45)c3C2c2ccc(Cl)cc2)cc(Cl)cn1C1CC(O)(CO)C1,中毒,11.176486,12.110745
Clc1cc(C2CCCC2)cc2sc(CN3Cc4nc(-c5cn[nH]n5)ncc4OC4CC3C4)nc12,中毒,31.665964,12.448519
c1ccc2c(c1)Cc1ccc(-c3nc(-c4cn[nH]n4)cs3)n1-2,低毒,10.7465,27.04465
O=C1c2cc(-c3cn[nH]n3)n(-c3c(Cl)cc(C(F)(F)F)cc3Cl)c2C(c2ccc(Cl)cc2)N1c1cc(Cl)cn(C2CC(O)(CO)C2)c1=O,中毒,18.205946,11.513729
c1cn2ccc(CNC3CCC(N4Cc5sc(-c6cn[nH]n6)nc5-c5c4nc4c(-c6ccoc6)[nH]nc4c5-c4ccsc4)CC3)cc2n1,中毒,57.544765,15.456023
Fc1ccc(F)c2nc(Cl)c(-c3nc4ccc3-c3[nH]nc(c5ncc(-c6cn[nH]n6)c3-5)NC4)cc12,中毒,8.387206,18.157457
O=C(O)c1cn(C2CC2)c2cc(-c3cc4c(-c5cn[nH]n5)c(-c5ccc(F)cc5)sc4cc3N(CCCCO)CC3CCC(O)CC3)c(F)cc2c1=O,中毒,17.876923,26.008924
OC1C=CC(c2nc3cc(-c4cn[nH]n4)cnc3[nH]2)C(O)C1,中毒,7.294029,35.11568
O=C1c2cc(-c3cn[nH]n3)n(-c3ccc(CO)cc3)c2C(c2ccc(Cl)cc2)N1c1cc(Cl)cn(C2CC(O)(CO)C2)c1=O,中毒,14.882899,11.513729
O=c1c(N2C(O)c3cc(-c4cn[nH]n4)n(-c4cc(Cl)ccc4C(F)(F)F)c3C2c2ccc(Cl)cc2)cc(Cl)cn1C1CC(O)(CO)C1,中毒,21.466034,12.110745
c1cc(-c2nc3sc(-c4cc(-c5cn[nH]n5)c[nH]4)cn3n2)ccn1,中毒,13.458935,54.928932
OCC1CN(c2cc(-c3cn[nH]n3)cc(Nc3ccc(F)c(Cl)c3)n2)C=N1,中毒,18.741852,43.351345
O=c1c2ccc(-c3nnco3)cc2cc(CN2CCc3cc(-c4cn[nH]n4)ncc3C2)c2cccn12,中毒,14.978278,40.13567
Oc1ccc(-c2ccnc(OC3=CC(c4c[nH]c5nc(-c6cn[nH]n6)c(-c6ccc(F)cc6F)c-5c4OC4CCNCC4)=C3)n2)cc1Br,中毒,7.1177316,20.557573
O=C1c2nc(-c3cn[nH]n3)n(-c3nc(-c4cccnc4)cs3)c2C(c2ccsc2)N1c1cc(Cl)cn(C2CC(O)(CO)C2)c1=O,中毒,47.821716,13.503714
Oc1ccc2cc(-c3nc4c(cc(-c5cn[nH]n5)c5c(I)nc(O)c(Br)c54)[nH]3)oc2c1,中毒,25.124372,27.085442
O=C1c2cc(-c3cn[nH]n3)c(-c3ccc(F)c(Cl)c3F)n2C(c2ccc(Cl)cc2)N1c1cc(Cl)cn(C2CC(O)(CO)C2)c1=O,中毒,32.68572,13.503714
c1cncc(-c2cncc3c(-c4cn[nH]n4)ccn23)c1,中毒,135.94194,43.674522
O=C1c2cc(-c3cn[nH]n3)cc(-c3ccc(F)cc3F)c2CC(c2ccc(Cl)cc2)N1c1cc(Cl)cn(C2CC(O)(CO)C2)c1=O,中毒,15.809174,17.379768
O=C1c2cc(-c3cn[nH]n3)n(-c3cc(Cl)cc(Cl)c3)c2C(c2ccc(Cl)cc2Cl)N1c1cc(Cl)cn(C2CC(O)(CO)C2)c1=O,中毒,15.540574,11.513729
O=S(=O)(F)c1cc2cc(-c3cn[nH]n3)ccc2s1,高毒,11.944356,17.396355
O=C(Br)c1nn(-c2cccc(Br)c2F)c2c1Cn1nc(-c3cn[nH]n3)cc1-2,中毒,24.925055,14.710186
Clc1ccc(C2c3c(cc(-c4cn[nH]n4)cc3-c3c(Cl)cccc3Cl)CN2c2cc(Cl)cn3nc(C4CC4)nc23)cc1,中毒,10.523384,21.498354
O=C1c2cc(-c3cn[nH]n3)n(-c3c(Cl)cccc3Cl)c2C(c2ccoc2)N1c1cc(Cl)cn(C2CC(O)(CO)C2)c1=O,中毒,18.205946,11.513729
c1cc2c(ccc3onc(C4(c5n[nH]c(-c6cn[nH]n6)n5)CC5COCCN5C4)c32)[nH]1,中毒,43.603775,16.230408
FC(F)(F)c1cc(COc2ccccc2-c2nc(-c3cn[nH]n3)no2)c2nonc2c1,高毒,14.580718,27.255678
c1cc(-c2ccc(N3CCN(Cc4cn[nH]n4)C3)cc2)ccc1OCCN1CCNCC1,高毒,12.582318,21.119652
O=c1[nH]c2cc(-c3cn[nH]n3)c(F)cc2c(=O)n1C1CCN(CCCOc2cccc(O)c2)CC1,低毒,28.505537,10.650745
Clc1snnc1CN(Cc1cc(-c2cn[nH]n2)cs1)CC1CN(Cc2nc3cc(Br)ccc3s2)CC1c1c[nH]cn1,中毒,88.95834,21.809021
Fc1ccc(Nc2cc(-c3cncs3)nc3cc(-c4cn[nH]n4)ccc23)cc1,中毒,13.105125,57.35594
c1cc(-c2ccsc2)cc(-c2nc(Oc3nc(-c4cn[nH]n4)c(-c4ccn[nH]4)c(N4CCOCC4)n3)cs2)c1,中毒,16.25248,32.29589
O=C1c2nc(-c3cn[nH]n3)cc(-c3ccnc4cc(Cl)ccc34)c2C(c2ccc(Cl)cc2)N1c1cc(Cl)cn(C2CC(O)(CO)C2)c1=O,中毒,37.24519,12.110745
O=C1c2cc(-c3cn[nH]n3)n(-c3ccc(F)c(Cl)c3)c2C(c2ccc(Cl)cc2Cl)N1c1cc(Cl)cn(C2CC(O)(CO)C2)c1=O,中毒,15.540574,11.513729
O=C1c2cc(-c3cn[nH]n3)n(-c3cc4ccc(Cl)cc4s3)c2C(c2ccc(Cl)cc2)N1c1cc(Cl)cn(C2CC(O)(CO)C2)c1=O,中毒,18.205946,11.513729
O=C1c2cc(-c3cn[nH]n3)c(-c3ccnc(Cl)c3)nc2C(c2ccc(Cl)cc2)N1c1cc(Cl)cn(C2CC(O)(CO)C2)c1=O,中毒,13.216523,12.087409
c1ccc2c(CNC3Cc4nc(-c5cn[nH]n5)sc4C3)c[nH]c2c1,中毒,38.205765,35.993286
O=c1c2cn3c(c(C4CC4)c-2nc(-c2cncc(F)c2)c1-c1cc(Cl)ccc1F)-c1cc(-c2cn[nH]n2)cc(-c2c(Cl)cccc2Cl)c1C3,中毒,18.289373,40.039795
FC(F)(F)CCOc1cnc2c(-c3cn[nH]n3)csc2c1,中毒,83.53371,13.158415
c1cc2c(N3CCOCC3)nc(-c3cn[nH]n3)nc2[nH]1,中毒,330.87726,139.87712
O=C1C(Br)=C(Br)N1N1C(c2ccc(Cl)cc2F)c2nc(-c3cn[nH]n3)c(Cl)c(-c3cc(F)ccc3F)c2C1c1ccc(Cl)cc1,中毒,23.290487,9.939742
Fc1cccc(Cl)c1-c1nc(-c2cncc(Cl)c2)c2c(n1)-c1c(cc(-c3cn[nH]n3)n1-c1ccc(Cl)cc1)C2,中毒,9.832607,27.1327
c1ncc(-c2ccc3ncc(-c4cn[nH]n4)c(N4CCCC(N5CCOCC5)C4)c3c2)cn1,中毒,3.2552373,13.066473
O=c1cc(N2C(c3ccc(Cl)cc3Cl)c3cc(-c4cn[nH]n4)cc(-c4c(Cl)cccc4Cl)c3C2c2ccc(Cl)cc2)cc[nH]1,中毒,7.0222263,27.681831
Clc1ccc(C2Cc3cc(-c4cn[nH]n4)c(-c4c(Cl)cc(Cl)cc4Cl)c(-c4cc(Cl)cc(Cl)c4)c32)cc1,中毒,5.7078543,41.6482
O=c1[nH]c(-c2cn[nH]n2)nc2c(Cl)c(Cl)ccc12,中毒,245.63622,59.64496
O=C(O)c1cn(C2CC2)c2cc(N3Cc4cc(-c5cn[nH]n5)n(-c5ccc(F)cc5)c4C3c3ccc(Cl)cc3)ncc2c1=O,中毒,19.24008,19.356245
O=c1c(N2Cc3cc(-c4cn[nH]n4)nc(-c4c[nH]c5cnc(-c6ccon6)cc45)c3C2)cc(Cl)cn1C1CC(O)(CO)C1,中毒,41.41001,16.230408
O=C1c2nc(-c3cn[nH]n3)c(-c3ccno3)c(-c3ccnc(Cl)c3)c2C(c2ccc(F)cc2)N1c1cc(Cl)cn(C2CC(O)(CO)C2)c1=O,中毒,67.017,12.110745
N#Cc1cc(=O)c2c(Cl)c3c(cc2[nH]1)oc1c(C(F)(F)F)cc(-c2cn[nH]n2)cc13,中毒,12.869554,96.55962
O=C(O)c1cn(C2CC2)c2cc(-c3cn[nH]n3)c(F)cc2c1=S,中毒,14.97841,41.630943
Fc1ccc(-c2c(-c3cn[nH]n3)cc3c(Oc4ccc(Cl)c(Br)c4)ncnc3c2Nc2cc(F)c(Cl)cn2)cc1,中毒,2.5258522,10.140782
CS(=O)(=O)c1ccc(C2c3cc(-c4cn[nH]n4)n(-c4ccc(Cl)cc4Cl)c3C(c3ccc4c(c3)OCO4)N2c2ccc(Cl)cc2)cc1F,中毒,21.947083,17.388487
NC(=O)c1c(-c2cn[nH]n2)cc2c(c1-c1c(Cl)ccc(C=CI)c1Cl)CCC2,中毒,47.32785,14.944963
Clc1cccc2c1CNc1nc(NCC3CCN=C(c4cn[nH]n4)C3)ccc1O2,中毒,10.072676,32.31236
Clc1ccc2nc(N3CCc4nc(-c5cn[nH]n5)nc(N5CCOCC5)c4C3)ncc2c1,中毒,10.686419,49.914
c1cc2c(cc1-c1cn(-c3cnnc4cc(-c5cn[nH]n5)cnc34)cn1)COC2,中毒,22.545877,26.69671
O=C1c2cc(-c3cn[nH]n3)n(-c3ccc(Cl)cc3Cl)c2C(c2ccc(Cl)cc2O)N1c1cc(Cl)cn(C2CC(O)(CO)C2)c1=O,中毒,15.540574,13.503714
Clc1ccc2nccc(N3CCN(c4cc(C5=C6C=C(c7cn[nH]n7)C=C6C5)ncn4)CC3)c2c1,中毒,8.176878,16.1301
O=S(=O)(SC1CCC(N2Cc3ccccc3-c3nc(-c4ccc5[nH]c(-c6cn[nH]n6)cc5n4)ccc32)CC1)c1ccsc1,中毒,77.05687,37.625175
Clc1cccc2c(Nc3nonc3-c3cn[nH]n3)c3cccc(-c4cscn4)c3nc12,中毒,14.015873,10.936051
Clc1cccc(Cl)c1-c1cc(-c2cn[nH]n2)cc2c1C(c1ccc3c(c1)OCO3)N(CN1CCCC1)C2,中毒,33.212513,20.356878
O=C1c2cc(-c3cn[nH]n3)nnc2C(c2ccc(Cl)cc2)N1c1cc(Cl)cn(C2CC(O)C(O)C2)c1=O,中毒,7.4282966,13.503714
O=C1c2cc(-c3cn[nH]n3)nc(-c3c(Cl)cccc3Cl)c2C(c2ccc(Cl)cc2)N1c1cc(Cl)cn(C2CC(O)C(O)C2O)c1=O,中毒,7.4282966,12.110745
O=c1c(N2Cc3nc(-c4cn[nH]n4)nc(N4CCCC4)c3C2c2ccc(Cl)nc2)cc(Cl)cn1C1CC(O)(CO)C1,中毒,9.8587,16.230408
Fc1ccc(CN2C3CC4CN(C5CC5)C(c5cc[nH]n5)C4C2CC3c2cn[nH]n2)cc1,中毒,7.726295,36.441383
O=c1c(N2Cc3nc(-c4cn[nH]n4)n(-c4ccc(Cl)cc4)c3C2c2ccc(Cl)cc2)cc(Cl)cn1C1CC(O)C(O)(CO)C1,中毒,12.620661,34.717995
O=C1c2cc(-c3cn[nH]n3)n(-c3cnc(Cl)cc3F)c2C(c2ccc(Cl)cc2)N1c1cc(Cl)cn(C2CC2)c1=O,中毒,25.896519,14.026334
O=C1c2nc(-c3cn[nH]n3)nc(-c3csc(C4CC4)n3)c2C(c2ccc(Cl)cc2)N1c1cc(Cl)cn(C2CC(O)(CO)C2)c1=O,中毒,26.303608,13.503714
Fc1ccc(Nc2nc(C3=C4C=C(c5cn[nH]n5)C=C4CN(C4CCOC4)CC3)nc(N3CCOCC3)n2)cc1,中毒,14.83629,31.654709
Brc1cc2cc(-c3cn[nH]n3)oc2cc1-c1csc(Nc2ccon2)n1,高毒,171.5988,32.244217
O=C1c2cc(-c3cn[nH]n3)n(-c3ccc(F)cc3F)c2C(c2ccc(Cl)cc2)N1c1cc(Cl)cn(C2CC(O)(CO)C2)c(=O)c1=O,中毒,15.540574,11.513729
c1cc2c(ncn3cc(-c4cc(-c5cn[nH]n5)cc5c4CNC5)cc23)[nH]1,中毒,11.664331,90.15319
c1ccc(Oc2nc(NC3CCCc4ccccc43)nc3c2-c2cn(-c4cn[nH]n4)nc2-3)cc1,中毒,6.3672056,15.084065
O=C1c2cc(-c3cn[nH]n3)n(-c3ccc(F)cc3)c2C(c2ccc(Cl)cc2Cl)N1c1cc(Cl)cn(C2CCS(=O)(=O)C2)c1=O,中毒,17.475342,14.026334
O=C1c2cc(-c3cn[nH]n3)c(-c3c(Cl)cccc3Cl)n2C(c2ccncc2)N1c1cc(Cl)cn(C2CC(O)C(O)C2)c1=O,中毒,32.68572,13.466203
Clc1ccc(-n2c(-c3cn[nH]n3)cc3c2-c2sc4c(c2-3)CCN(CCN2CCOCC2)C4)c(Cl)c1,中毒,4.3079963,15.02669
O=C1c2cc(Cl)cc(F)cc3cc(-c4cn[nH]n4)n2c3C(c2ccc(Cl)cc2)N2C(=O)C2=CC(Cl)=CN1C1CC(O)(CCl)C1,中毒,72.418724,12.652781
O=C1C(c2cn[nH]n2)=CSC2=Nc3c1c(-c1cc(-c4cocn4)cnc1C(F)(F)F)c(-c1ccc(F)cc1)c(Cl)c(=O)c32,中毒,9.721715,21.58172
O=C1c2cc(-c3n[nH]cc3-c3cn[nH]n3)n(-c3ccc(Cl)cc3)c2C(c2ccc(Cl)cc2)N1c1cc(Cl)cn(C2CC(O)(CO)C2)c1=O,中毒,12.488247,13.466203
c1ccc(-c2nc(-c3cc(-c4cn[nH]n4)cs3)no2)nc1,低毒,7.4625254,14.276699
O=c1c(N2CCc3cc(-c4cn[nH]n4)n(-c4ccc(Cl)cc4Cl)c3C2c2ccc(Cl)cc2)cc(Cl)cn1C1CC(O)(CO)C1,中毒,20.18954,17.379768
Nc1ncnc2c1c(-c1cn[nH]n1)cn2C1C2OC(CO)(CO)C(O)(CO)C21,中毒,4.741095,41.50853
O=C1c2cc(-c3cn[nH]n3)n(-c3ccc(F)cc3-c3ccc(Cl)cc3)c2C(c2ccc(Cl)cc2)N1c1cc(Cl)cn(C2CC(O)C(O)C2)c1=O,中毒,12.488247,11.513729
O=c1c2cc(-c3ccnnc3Cl)ccc2nc(-c2ccc(F)cc2)n1-c1cn[nH]n1,中毒,16.783659,104.11825
O=C1c2cc(-c3cn[nH]n3)c(-c3ccnc(-c4ccc(F)cc4)c3)nc2C(c2ccc(Cl)cc2)N1c1cc(Cl)cn(C2CC(O)C(O)C2)c1=O,中毒,13.216523,12.087409
O=C1c2nc(-c3cn[nH]n3)sc2C(c2ccc(Cl)cc2)N1c1cc(Cl)cn(C2CC(O)C(O)(CO)C2)c1=O,中毒,59.929935,28.20462
O=C1c2cc(-c3cn[nH]n3)c(-c3cc(Cl)c(F)cc3F)n2C(c2ccc(Cl)cc2)N1c1cc(Cl)cn(C2CC(O)(CO)C2)c1=O,中毒,32.68572,13.503714
O=c1c2c(n(-c3cc(Cl)c4nccnc4c3O)c3c1cc(-c1cn[nH]n1)n3-c1ccc(F)cc1F)CC1(CCCC1)OCC2,中毒,68.00995,35.111286
O=c1oc2cc(I)cc(I)c2cc1-c1cn[nH]n1,中毒,10.446685,38.789814
Fc1ccc(-n2c(-c3cn[nH]n3)cc3c2COc2cc(Cl)c(Oc4ncc(Cl)cc4Cl)cc2-3)cc1,中毒,16.88515,11.874113
O=c1c2cc(-c3ncn[nH]3)ccc2ccn1-c1ccc2c(c1)N=C2c1cn[nH]n1,中毒,5.4563384,263.02597
O=C1c2cc(-c3cn[nH]n3)c(-c3c(Cl)cccc3Cl)nc2C(c2ccc(Cl)cc2)N1c1cc(Cl)cn(C2CC(O)C(O)C2)c1=O,中毒,13.216523,12.087409
O=C1c2cc(-c3cn[nH]n3)n(-c3ccc(Cl)cc3F)c2C(c2ccc3c(c2)OCCO3)N1c1cc(Cl)cn(C2CC(O)(CO)C2)c1=O,中毒,12.488247,13.466203
O=C1c2cc(-c3cn[nH]n3)nc(-c3ccc(Cl)cc3)c2CC(c2ccc(Cl)cc2)N1c1cc(Cl)cn(C2CC(O)(CO)C2)c1=O,中毒,28.184814,19.79431
O=c1c(N2Cc3cc(-c4cn[nH]n4)nn3C2c2ccc(Cl)cc2F)cc(Cl)cn1C1CC(O)C(O)(CO)C1,中毒,5.4892664,16.947666
Clc1ccc(-c2csc3c(N4CC5(CCNC5)C4)nc(-c4cn[nH]n4)cc23)cc1,中毒,32.89926,17.930656
O=C1c2cc(-c3cn[nH]n3)c(-c3cc(Cl)cc(Cl)c3)n2C(c2cccnc2)N1c1cc(Cl)cn(C2CC(O)C(O)C2)c1=O,中毒,19.951618,13.503714
c1ccc2c(c1)CC(c1nc3cc(-c4cn[nH]n4)cnc3[nH]1)C2,中毒,8.62877,21.814188
O=c1c(N2Cc3cc(-c4cn[nH]n4)n(-c4ccc(F)cc4C(F)(F)F)c3C2c2ccc(Cl)cc2)cc(Cl)cn1C1CC(O)(CO)C1,中毒,14.882899,13.466203
Fc1ccc(Oc2cnc(-c3cc(-c4cn[nH]n4)cc4c3-c3cc(Cl)c(-c5cncnc5)cc3CC4)cc2F)cc1,中毒,8.911366,15.343827
O=S(=O)(c1cccc(NCn2c(S)nnc2-c2ccc(-c3ccsc3)s2)c1)c1cn[nH]n1,低毒,16.503296,23.770988
O=C1c2cc(-c3cn[nH]n3)n(-c3ccc(Cl)cc3)c2C(c2ccc(Cl)cc2Cl)N1c1cc(Cl)cn(C2CC(O)(CO)C2O)c1=O,中毒,15.540574,11.513729
O=C1C(c2cn[nH]n2)=CC2=C(C(c3cc(F)c(F)cc3F)=C2)C(c2cccnc2)N2C(=O)C2=CC(Cl)=CN1C1CC(O)C(O)(CO)C1,中毒,31.18029,19.253868
O=C1c2cc(-c3cn[nH]n3)c(Nc3ccc(F)cc3F)nc2C(c2ccc(Cl)cc2)N1c1cc(Cl)cn(C2CC(O)(CO)C2)c1=O,中毒,13.216523,12.087409
O=c1c(N2Cc3cc(-c4cn[nH]n4)n(-c4ccc(F)cc4Cl)c3C2c2ccc(Cl)cc2)cc(Cl)cn1C1CC(O)(CO)C1,中毒,24.385923,11.513729
O=C1c2cc(-c3cn[nH]n3)n(-c3ccc(Cl)cc3C(F)F)c2C(c2ccc(Cl)cc2)N1c1cc(Cl)cn(C2CC(O)C(O)C2)c1=O,中毒,14.882899,11.513729
Fc1ccc(Oc2ccc(-c3cc(-c4cn[nH]n4)c4c(-c5ccc(Cl)cc5)c(-c5nc6ncccc6[nH]5)[nH]c4n3)cc2)cc1,中毒,2.373084,36.177578
O=c1[nH]c(=O)n(C2CC(O)(CO)C2)c(=O)c2c1C(c1ccc(Cl)cc1)c1c(nc(-c3cn[nH]n3)n1-c1ccc(C(F)(F)F)cn1)C2,中毒,6.7429523,51.962128
O=c1c2c([nH]c3cc(Cl)ccc13)-c1cc(-c3cn[nH]n3)n(-c3ccc(F)cc3F)c1C(c1ccc(Cl)cc1)N2c1cc(Cl)cc(Cl)c1,中毒,25.896519,15.072018
c1ccc2c(c1)-c1[nH]c3cc(-c4cn[nH]n4)cc(-c4ccncn4)c3c1C21CC1,中毒,15.970643,26.732327
OC1CC(N2Cc3cc(-c4cn[nH]n4)cc(-c4ccc(-c5nc6cc(Cl)ncc6o5)cc4)c3C2)COC12CCN(c1ccncc1)CC2,中毒,38.882984,17.735237
Clc1cc(OCc2c(Cl)cncc2Cl)ccc1OC1(CC2CCOCC2)CCN2Cc3cc(-c4cn[nH]n4)cnc3CC1C2,中毒,9.682907,22.275585
NCCc1cc(-c2cn[nH]n2)cs1,高毒,8.781037,12.325373
O=C1c2nc(-c3cn[nH]n3)nc(-c3ccc4c(c3)OCCO4)c2CC(c2cccnc2)N1c1cc(Cl)cn(C2CCOC2)c1=O,中毒,31.549688,16.230408
O=C1c2cc(-c3cn[nH]n3)n(-c3ccc(F)cc3F)c2N1c1cc(Cl)cn(C2CC(O)(CO)C2)c1=O,中毒,23.669764,13.503714
Fc1cc(N2Cc3cc(-c4cn[nH]n4)n(-c4ccc(Cl)cc4F)c3C2c2ccc(Cl)cc2)ccc1Cl,中毒,21.327534,21.729755
O=c1cc(-c2cn[nH]c2)[nH]c2ncc(-c3cn[nH]n3)cc12,中毒,15.78344,140.2576
NC1CCCCc2cc(-c3cn[nH]n3)cc(-c3c(Cl)cccc3Cl)c21,中毒,30.611074,94.36653
Clc1cc2c(cc1Cl)C(c1ccc(Oc3cn[nH]n3)cc1)N=C2N1CC1,低毒,23.037823,38.009262
c1ccc(-c2cc(-c3c[nH]c4sc(-c5cn[nH]n5)cc34)ccn2)nc1,中毒,30.54211,14.599665
O=C1c2cc(-c3cn[nH]n3)n(-c3ccc(F)cc3OC(F)F)c2C(c2ccc(Cl)cc2)N1c1cc(Cl)cn(C2CC(O)(CO)C2)c1=O,中毒,23.909687,11.513729
O=C1c2nc3cc(-c4cn[nH]n4)c(Br)cc3c(-c3cc(Cl)cc(Br)c3)c2C(c2ccco2)N1c1cc(Cl)cn(C2CC(O)(CO)C2)c1=O,中毒,20.149258,28.945686
c1n[nH]nc1-c1nc(C2(c3csc(C4CCC4)n3)CC3CC32)n[nH]1,低毒,17.077015,29.903603
O=C1c2nc(-c3cn[nH]n3)c(=O)n(C3CCOCC3)c(=O)c2C(c2cccc(Cl)c2)N1c1cc(Cl)cn(C2CC(O)(CO)C2)c1=O,中毒,36.83937,13.503714
O=c1cc(-c2ccnn2C2CCNC2)oc2ccc(-c3cc4cnc(-c5c(F)cccc5Cl)nc4cc3-c3cn[nH]n3)cc12,中毒,5.3221316,62.25549
C1=C(c2cn[nH]n2)C=c2c1ccc1c2=NC(Nc2ccn3c(C4CC4)ncc3c2)=N1,中毒,30.98049,57.989174
Fc1cc(Cl)ccc1Oc1nc(-c2c(F)cccc2F)nc2c1-c1nc(-c3cn[nH]n3)n(-c3cccc(Cl)c3F)c1-2,中毒,7.4836054,8.2014885
O=C1c2cc(-c3cn[nH]n3)c(-c3cc(Cl)cc(Cl)c3)c(=O)n2C(c2cccc(Cl)c2)N1c1cc(Cl)cn(C2CC(O)(CO)C2)c1=O,中毒,38.834198,13.503714
O=c1[nH]ncc2c(NCCCN3CCCC(NCCc4ccccc4)C3)nc(-c3cn[nH]n3)nc12,中毒,62.37202,55.402996
O=c1[nH]c(-c2cn[nH]n2)c(Cl)c2sc3c(c12)CCCC3,中毒,8.143103,57.4262
O=C1c2cc(-c3cn[nH]n3)n(-c3cccc(F)c3)c2C(c2ccc(Cl)cc2)N1c1cc(Cl)cn(C2CC(O)C(O)C2)c1=O,中毒,14.882899,11.513729
O=C1c2cc(-c3cn[nH]n3)nc(Oc3ccc(Cl)cc3Cl)c2C(c2ccc(Cl)cc2)N1c1cc(Cl)cn(C2CC(O)(CO)C2)c1=O,中毒,6.6767583,13.503714
Fc1cccc(-n2c(-c3cn[nH]n3)cc3c2-c2cc(-c4ccnc(NCC5(F)CCC5)c4)ncc2C3)c1F,中毒,7.0541744,49.101406
Fc1ccc(Nc2ncc3cc(-c4cn[nH]n4)cc-3c3c2CC2(CCN(Cc4ccc5ccccc5c4)CC2)C3c2ccnc(Cl)c2Cl)cc1,中毒,9.562689,39.997627
O=c1[nH]cc2c(c1Cl)-c1cc(-c3cn[nH]n3)n(-c3ccc(F)cc3F)c1C(c1ccc(Cl)cc1)N2C1CC1,中毒,21.327534,16.275211
Fc1cc2c(c(F)c1C1Cc3cc(-c4cn[nH]n4)cc(-c4c(Cl)cccc4Cl)c31)OCO2,中毒,14.398167,38.588867
Clc1ccc(-c2noc3c(NC4CCOCC4)c(-c4ccc(OCc5c(Cl)cccc5Cl)cc4)c(-c4cn[nH]n4)nc23)cc1,中毒,36.648438,17.028948
O=C1c2cc(-c3cn[nH]n3)n(C3CCCCN(Cc4scnc4C(F)(F)F)C3)c2C(c2ccsc2)N1c1cc(Cl)cn(C2CC(O)C(O)C2)c1=O,中毒,24.385923,13.503714
O=C1C2=Nc3cc(-c4cn[nH]n4)n4c3C3C(=CC=C(Cl)C=CC(=CC(Cl)=CN1C1CC(Cl)(Cl)C1)N23)Sc1cc(Cl)ccc1-4,中毒,7.494668,15.574545
O=C1c2cc(-c3cn[nH]n3)n(-c3ccc(Cl)cc3)c2C(c2ccc(Cl)cc2)N1c1cc(Cl)cn(C2CC(O)(CF)C2)c1=O,中毒,31.338547,11.513729
O=c1[nH]c(C2CCOC2)cc(Nc2nc(-c3cn[nH]n3)cs2)c1-c1c(F)cccc1Cl,中毒,29.38897,10.840696
O=S1(=O)CCCC1C1CC2OC3=c4cc(-c5cn[nH]n5)c(F)cc4=NC(c4ccco4)=C2C(=N3)c2ccc(Cl)cc2O1,中毒,47.20036,61.399
O=C1c2cc(-c3cn[nH]n3)[nH]c2CC(c2ccc(Br)cc2F)N1c1cc(Cl)cn(C2CC(O)(CO)C2)c1=O,中毒,19.24008,13.503714
c1cc2c(cc(-c3cn[nH]n3)c3nc(SCC4CCNC4)nnc32)s1,中毒,6.2664995,16.287783
O=C1c2cc(-c3cn[nH]n3)n(-c3ccc(F)cc3)c2C(c2ccccc2)N1c1cc(Cl)cn(C2CC(O)(CO)C2)c1=O,中毒,14.882899,11.513729
O=C1c2cc(-c3cn[nH]n3)n(-c3ccc(Br)cc3F)c2C(c2ccc(Cl)cc2)N1c1cc(Cl)c(=O)n(C2CCC(O)CC2)c1Cl,中毒,29.54402,11.513729
Fc1cc(-c2cn[nH]n2)cnc1Oc1ccc(NC(c2nnc(-c3ccncn3)o2)(c2cccs2)c2cccc3cnccc23)cc1,中毒,8.660404,34.321712
O=C1c2cc(-c3cn[nH]n3)nc(-c3nc(-c4ccc(F)cc4)co3)c2C(c2ccc(Cl)cc2)N1c1cc(Cl)cn(C2CC(O)(CO)C2)c1=O,中毒,5.6871157,13.503714
O=C1c2cc(-c3cn[nH]n3)c(-c3ccc(-c4cn[nH]c4)cc3)c(=S)n2C(c2ccc(Cl)s2)N1c1cc(Cl)cn(C2CC(O)(CO)C2)c1=O,中毒,51.50488,41.98095
Clc1ccc(-n2c(-c3cn[nH]n3)cc3c4cc(-c5ccsc5)c(Cl)cc4c(-c4cc(Cl)cc(Cl)c4Cl)c(Br)c32)cc1,中毒,3.9423385,15.046138
O=C(O)c1c(C2CC2)cc(F)c2c(OCc3ccc(C(F)(F)F)cc3)c(-c3cn[nH]n3)c(F)cc2c1=O,中毒,15.20877,20.31407
Clc1ccc(C2c3cc(-c4cn[nH]n4)n(-c4ccc(Cl)cc4Cl)c3C(c3ccc(Cl)cc3)N2c2ccc(Cl)cc2)cc1,中毒,29.275309,17.35497
O=C1c2nc(-c3cn[nH]n3)c(-c3c(Cl)cc(Cl)cc3Cl)n2C(c2ccc(Cl)cc2F)N1c1cc(Cl)cn(C2CC(O)(CO)C2)c1=O,中毒,32.68572,13.447941
O=C1c2cc(-c3cn[nH]n3)n(-c3ccc(Cl)cc3F)c2C(c2ccc(Cl)cc2)C(c2ccc(Cl)cc2)N1c1cc(Cl)cn(C2CC(O)(CO)C2)c1=O,中毒,51.50488,13.503714
Clc1ncccc1-c1c(-c2ccc3oc4cc(Br)c(-c5cn[nH]n5)cc4c3c2)ccnc1Cl,高毒,3.7353783,27.402588
O=C1N=C2C(=C(O)Cc3cc(-c4cn[nH]n4)n(-c4ccc(Cl)cc4)c3C(c3ccc(Cl)cc3)N2c2cc[nH]n2)C1NCc1ccc(Cl)c(Cl)c1,中毒,76.07368,13.373344
O=C1c2cc(-c3cn[nH]n3)sc2C(c2cc(Cl)ccc2F)N1c1cc(Cl)cn(C2CC(O)(CO)C2)c1=O,中毒,8.738106,8.960914
Clc1cccc(-n2cc3c(n2)Cc2cc(-c4cn[nH]n4)sc2C3)c1,中毒,78.73804,69.32345
BrC1(c2cc3cc(-c4nc(-c5cn[nH]n5)cc5c4CN(Cc4ccc6c(c4)OCCO6)CC5)ccn3n2)CCNCC1,中毒,6.376271,55.74407
N#CC1=C(c2cc(Cl)c(O)c(Cl)c2)C(c2ccc(N3CCOCC3)c(OCC3CC3)c2)c2cc(-c3cn[nH]n3)c(-c3ccc(Cl)cc3Cl)cc21,中毒,45.66168,45.818565
O=c1c(N2Cc3cc(-c4cn[nH]n4)n(-c4ccc(F)cc4F)c3C2c2ccc(Cl)cc2)cc(Cl)cn1C1CCC(O)(CO)C1,中毒,15.763229,11.513729
O=C1c2cc(-c3cn[nH]n3)n(-c3ccc(Nc4cncnc4)cc3)c2C(c2ccc(Cl)cc2)N1c1cc(Cl)cn(C2CC(O)(CO)C2)c1=O,中毒,14.882899,11.513729
O=C1C(=O)N2C(=CC(Cl)=CN1C1CC(O)(COCO)C1)c1cc(-c3cn[nH]n3)n(-c3ccc(Cl)cc3)c1C2c1ccc(Cl)cc1,中毒,14.940432,19.55125
O=C1c2cc(-c3cn[nH]n3)n(-c3ccc(-c4ccno4)cc3)c2C(c2ccsc2)N1c1cc(Cl)cn(C2CC(O)(CO)C2)c1=O,中毒,38.99518,11.513729
S=C(N=CCSc1cn[nH]n1)N(CCn1ccnc1)c1ccc2c(c1)OCO2,中毒,4.048175,35.794857
Nc1ncnc2c(C3c4c(F)cc(F)cc4-c4cc(-c5cn[nH]n5)n(-c5ccc(F)cc5F)c43)cn(Cc3ccc(F)cc3)c12,中毒,10.258843,46.30056
O=C1N(c2cc(Cl)cn(C3CC(O)C(O)C3)c2=O)C(c2ccsc2)c2c(-c3cnc(Cl)c(Cl)c3)c(-c3cn[nH]n3)cn21,中毒,4.586443,13.466203
Fc1nc(Oc2cccnc2Cl)cnc1N1Cc2nc(-c3cn[nH]n3)nc(N3CC(Oc4ncc(OC5CC5)cn4)C3)c2C1,中毒,20.957483,51.829594
O=C1c2cc(-c3cn[nH]n3)n(-c3ccc(F)cc3P(=O)(O)O)c2C(c2ccc(Cl)cc2)N1c1cc(Cl)cn(C2CC(O)C(O)C2)c1=O,中毒,12.488247,11.513729
O=C(NC(Cc1c[nH]cn1)c1cn[nH]n1)c1cc(-c2ccsc2)nc2ccccc12,中毒,12.076451,18.528072
O=C1c2cc(-c3cn[nH]n3)n(-c3cc(F)c(Cl)cc3F)c2C(Cc2ccc(Cl)cc2)N1c1cc(Cl)cn(C2CC(O)(CO)C2)c1=O,中毒,38.99518,33.968105
O=C1c2cc(-c3cn[nH]n3)n(-c3cc(Cl)cc(Cl)c3)c2C(c2cccc(Cl)c2)N1c1cc(Cl)cn(C2CC(O)(CO)C2)c1=O,中毒,14.882899,11.513729
O=C1OC(C2(C3CCCN3)C(=O)Nc3ccncc32)=C2c3c(cc(-c4cn[nH]n4)cc3-c3ccccc3)CC12O,中毒,73.60483,45.1847
O=C1c2cc(-c3cn[nH]n3)n(-c3ccc(Cl)cc3F)c2C(c2ccc(Cl)cc2)N1c1cc(Cl)cn(C2CC(O)C(O)C2O)c1=O,中毒,12.488247,11.513729
Clc1cccc(Oc2ccc(-c3cc(CN4Cc5cc(-c6cn[nH]n6)sc5C4)cs3)cc2)c1,中毒,2.275489,14.346549
Clc1cc(Cl)cc(N2Cc3cc(-c4cn[nH]n4)cc(-c4ccn(Cc5csc(-c6csnn6)c5)n4)c3C2)c1,中毒,32.86087,24.814493
O=c1c(N2COc3cc(-c4cn[nH]n4)c(Nc4ccc(Cl)cc4F)nc3C2c2ccc(Cl)cc2)cc(Cl)cn1C1CC(O)(CO)C1,中毒,47.680134,26.588243
O=S1(=O)CC(O)CC(Oc2cc3c(cc2F)N(C2CC2)C(c2cc(F)cc(C(F)(F)F)c2)c2cc(-c4cn[nH]n4)cnc2-3)C1,中毒,38.51898,20.469048
Clc1ccc(C2c3cc(-c4cn[nH]n4)cc(-c4c(Cl)cccc4Cl)c3C2Nc2cnc(-c3cscn3)nc2)cc1,中毒,19.570591,18.537016
O=S(=O)(NC1CC2(CCN(c3ncc(-c4cn[nH]n4)cn3)C2)C1)c1cc(F)ccc1F,中毒,13.544987,31.563782
Oc1nc(SCC2CC2)nc2ccc(-c3cn[nH]n3)cc12,中毒,4.508505,52.314587
FCCOc1cc(N2CCNCC2)c(F)cc1C1=Nc2c(cc(-c3cn[nH]n3)cc2-c2c(Cl)cccc2Cl)C1,中毒,13.569209,20.2136
Fc1ccc(-c2onc3c2Cc2c-3cc(-c3cn[nH]n3)cc2-c2c(Cl)cccc2Cl)c(F)c1,中毒,70.36206,15.078266
O=C1c2cc(-c3cn[nH]n3)c(-c3cccnc3F)n2C(c2ccc(Cl)c(Cl)c2)N1c1cc(Cl)cn(C2CC(O)(CO)C2)c1=O,中毒,32.68572,13.503714
CC1(n2cc(Cl)cc(N3Cc4cc(-c5cn[nH]n5)cc(-n5ccnc5)c43)c2=O)CS(=O)(=O)C2CC21,中毒,28.641136,45.141335
O=c1c(N2Cc3cc(-c4cn[nH]n4)n(-c4ccc(F)cc4)c3C2c2ccc(Cl)cc2)cc(Cl)cn1C1CCC(O)(CO)C1,中毒,19.24008,11.513729
OCC1c2cccc(Cl)c(F)c3cc(-c4cn[nH]n4)n2c3C(c2ccc(Cl)cc2)N1c1ccc(Cl)cc1,中毒,69.25222,17.341328
O=C1c2cc(-c3cn[nH]n3)n(-c3ccc(Cl)c(C(F)(F)F)c3)c2C(c2ccc(Cl)cc2)N1c1cc(Cl)cn(C2CC(O)(CO)C2)c1=O,中毒,14.882899,12.110745
c1n[nH]nc1-c1cc2c([nH]1)C2,高毒,24.273874,71.19392
O=C1c2cc(-c3cn[nH]n3)nc(-c3c(Cl)cccc3Cl)c2C(c2ccc(Cl)cc2OC(F)F)N1c1cc(Cl)cn(C2CC(O)(CO)C2)c1=O,中毒,6.6767583,13.503714
O=C1N(c2cccc(Br)c2)C(=O)C2(CC2)C2C3=CC(Cl)=CC(Cl)=CC4=CC=C(Cl)C=CN1C4c1c2cc(-c2cn[nH]n2)n13,中毒,17.475342,14.3937645
c1nscc1-c1ncc2cc(N3CCOCC3C34CC5CC(CC(C5)C3)C4)nc(-c3cn[nH]n3)c2n1,中毒,9.140113,32.49274
c1cncc(CNc2cc3c(-c4nc(-c5cn[nH]n5)cs4)cc(-n4cnc5cccnc54)nc3cn2)c1,中毒,48.384125,30.166214
O=C1c2cc(-c3cn[nH]n3)n(-c3ccc(Cl)cc3F)c2C(c2ccc(Cl)cc2)N1c1cc(Cl)cn(C2(O)COC2)c1=O,中毒,25.244574,13.503714
Fc1ccc(C2(COc3ccc(F)cc3Cl)Cc3c4cc(-c5cc(-c6cn[nH]n6)c[nH]5)nc3-c3c(nn(Cc5cccnc5)c32)C4)cc1,中毒,24.188866,13.503714
c1cnc(-c2nsc(N3Cc4nc(Nc5cc(-c6cn[nH]n6)cs5)sc4C3)n2)cn1,中毒,6.003477,17.249243
c1ccn2cc(CCN3Cc4cc(-c5cn[nH]n5)nn4C3)nc2c1,中毒,30.199461,29.189348
O=c1c(N2Cc3cc(-c4cn[nH]n4)cc(-c4c(Cl)cccc4Cl)c3C2c2ccc(Cl)cc2F)cc(Cl)cn1C1CC(O)C(O)C1,中毒,5.0862126,8.960914
O=c1c(-n2cc3[nH]nc(-c4cn[nH]n4)c3c2)cc(Cl)cn1C1CCN(CCN2CCCC2)C1,中毒,19.88531,74.68708
OC1C2CN(c3nc(-c4cn[nH]n4)cn4c(C5CC5)cnc34)CC12,中毒,24.304531,24.13376
[O-][S+]1CCc2cc(-c3cn[nH]n3)nc(-c3ccc4cc(Cl)ccc4c3)c2C1,中毒,9.757366,66.15535
O=C1c2nc(-c3cn[nH]n3)c(F)c(-c3c(F)c(F)cc(F)c3F)c2C(c2ccncc2F)N1c1cc(Cl)cn(C2CC(O)C(O)C2)c1=O,中毒,36.832283,12.110745
O=C1N(c2cc(Cl)cn(C3CC(O)(CO)C3)c2=O)C(c2ccc(Cl)cc2)c2c(-c3ccc(Cl)c(Cl)c3F)c(-c3cn[nH]n3)cn21,中毒,4.780019,13.466203
Clc1ccc(C2c3c(cc(-c4cn[nH]n4)n3-c3cc(Cl)ccc3Cl)-c3ncc(Cl)cc3NN2Cl)cc1,中毒,19.106346,16.406246
c1n[nH]nc1-c1nc2c(c(N3CC4(COC4)C3)n1)CC2,中毒,66.53021,46.987133
O=C1c2cc(-c3cn[nH]n3)cc(-c3ccnnc3)c2C(c2ccc(Cl)cc2)C(c2ccc(Br)cc2)N1c1cc(Cl)cn(C2CC(O)(CO)C2)c1=O,中毒,22.081963,18.239529
O=C1c2cc(-c3cn[nH]n3)n(-c3ccc(F)cc3)c2C(c2ccc(Cl)cc2)N1c1cc(Cl)cn(C2CCC(O)C2)c1=O,中毒,31.338547,11.513729
S=c1ssc2c1-c1cnc(-c3cn[nH]n3)cc1N(c1ccc(Cl)cc1)C2c1ccc(Cl)cc1,中毒,29.206202,43.30488
O=C1c2cc(-c3cn[nH]n3)n(-c3ccc(F)c(Cl)c3)c2C(c2ccc(Cl)cc2)N1c1cc(Cl)cn(C2CC(O)C(O)C2)c1=O,中毒,14.882899,11.513729
O=C1N(C2CCCC2)Cc2cc3cncc(-c4cn[nH]n4)c3nc2CC12CCc1c(ccnc1O)O2,中毒,14.61036,42.01974
c1ccc2c(-c3nc(-c4nc(-c5cn[nH]n5)nc5c4CCNCC5)cs3)c[nH]c2c1,中毒,7.842144,35.769848
O=C1c2cccc3c2N1N=C(c1cn[nH]n1)C3,低毒,28.313852,117.54251
O=c1c2cc(Oc3ccc4[nH]cnc4c3)ncc2nc(C2=C3C(=CC(c4cn[nH]n4)=C3F)CC3CCC(C2)N3)n1-c1ccc(F)cc1F,低毒,11.864118,34.714222
O=C1c2nc(-c3cn[nH]n3)[nH]c(=O)c2C(c2ccc(Cl)cc2)N1c1cc(Cl)cn(C2CC(O)(CO)C2)c1=O,中毒,26.553892,20.422
O=C1c2cc(-c3cn[nH]n3)n(-c3c(F)cccc3Cl)c2C(c2ccc(Cl)cc2)N1c1cc(Cl)cn(C2CC(O)C(O)C2)c1=O,中毒,15.540574,11.513729
O=C1c2cc(-c3cn[nH]n3)cc(-c3c(Cl)cccc3Cl)c2CC(c2ccc(Cl)c(Cl)c2)N1c1cc(Cl)cn(C2CC(O)(CO)C2)c1=O,中毒,20.665174,17.379768
Fc1ccc(-n2c(-c3cn[nH]n3)cc3c2C(c2ccc(Cl)cc2)=Nc2cc(Cl)c(Nc4ccc(C5=NCCN5)cc4)cc2C3)c(F)c1,中毒,57.01388,36.85639
O=C1c2cc(-c3cn[nH]n3)c(=S)[nH]c2C(c2ccc(Cl)cc2)N1c1cc(Cl)cn(C2CC(O)(CO)C2)c1=O,中毒,13.216523,37.584106
Clc1ccc(C2NC(c3ccc(Cl)cc3)N(c3ccc(Cl)cc3)c3cc(-c4cn[nH]n4)n(-c4ccc(Cl)cc4)c32)cc1,中毒,21.33004,30.717804
Fc1cc(Cl)ccc1C1c2cc(-c3cn[nH]n3)n(-c3ccc(Cl)cc3)c2C(c2ccc3c(c2)OCO3)N1c1ccc(Cl)cc1,中毒,22.121504,17.388487
Clc1ccc(-n2c(-c3cn[nH]n3)cc3c2C3c2ccc(Br)cc2)cc1,中毒,11.032367,24.030626
O=C1c2cc(-c3cn[nH]n3)n(-c3ccc(F)cc3F)c2C(c2ccccc2)N1c1cc(Cl)cn(C2CC(O)(CO)C2)c1=O,中毒,12.488247,11.513729
O=S1(=O)C(c2ccc(Cl)cc2)c2c(cc(-c3cn[nH]n3)n2-c2cccc(Cl)c2)CN1C1CCCCC1,中毒,11.160597,36.180477
Clc1cc(Cl)c2c(c1)-c1ncc(-c3cn[nH]n3)nc1-c1cc(Cl)c(Cl)cc1O2,低毒,35.981895,23.095427
O=C1c2cc(-c3cn[nH]n3)n(-c3cc(Cl)cc(Cl)c3)c2C(c2ccc(Cl)cc2)N1c1cc(Cl)cn(C2CC(O)C(O)C2O)c1=O,中毒,14.882899,11.513729
O=C(c1cc2c(s1)CC(CN1CCC(O)CC1c1ccccc1)C2)N1CC(c2cc(-c3cn[nH]n3)cs2)CC1O,中毒,24.817047,42.37518
O=C1c2cc(-c3cn[nH]n3)nc(Nc3ccc(F)cc3)c2C(c2ccc(Cl)cc2)N1c1cc(Cl)cn(C2CC(O)(CO)C2)c1=O,中毒,7.8529835,13.503714
Clc1ccc(C2c3nc(-c4cn[nH]n4)sc3C(c3ccc(Cl)cc3)N2c2ccc(Cl)c(C3CC3)c2)cc1,中毒,34.810425,30.912346
O=S(=O)(Nc1cn[nH]n1)c1ccc(-c2nn3c(-c4cccs4)nnc3s2)cc1,中毒,107.0796,20.560694
O=C1c2cc(-c3cn[nH]n3)n(-c3ccc(F)cc3)c2C(c2ccc(Cl)cc2)N1c1cc(Cl)cn(C2CC(O)(CO)C2O)c1=O,中毒,14.882899,11.513729
c1ccc(COc2ccc([P+](c3ccccc3)(c3ccccc3)c3cn[nH]n3)cc2)cc1,高毒,163.50769,82.746864
O=C1c2cc(-c3cn[nH]n3)n(-c3ccc(Cl)cc3F)c2C(c2cn(I)cn2)N1c1cc(Cl)cn(C2CC(O)(CO)C2)c1=O,中毒,18.427805,13.466203
Clc1ccc(-c2cc(-c3cn[nH]n3)cc3c2C3c2ccc3[nH]ccc3c2)cc1,中毒,14.111431,83.60771
O=c1c(N2C(c3ccc(Cl)cc3)c3cc(-c4cn[nH]n4)n(-c4ccc(Cl)cc4F)c3C2c2ccc(Cl)cc2)cc(Cl)cn1Cl,中毒,21.327534,14.026334
O=C1c2cc(-c3cn[nH]n3)n(-c3ccc(Cl)cc3F)c2C(c2ccccc2F)N1c1cc(Cl)cn(C2CC(O)(CO)C2)c1=O,中毒,12.488247,11.513729
O=C1c2cc(-c3cn[nH]n3)n(-c3ccc(Cl)c(Cl)c3Cl)c2C(c2ccc(Cl)cc2)N1c1cc(Cl)cn(C2CC(O)C(O)C2)c1=O,中毒,18.205946,11.513729
c1nc(CNc2ccc3onc(NN=C4CCCCC4)c3c2)c2ccc(-c3cn[nH]n3)cc2n1,中毒,91.2244,44.195324
O=C1c2cc(-c3cn[nH]n3)nc(-c3cnoc3)c2C(c2ccc(Cl)cc2)N1c1cc(Cl)cn(C2CC(O)(CO)C2)c1=O,中毒,19.24008,12.110745
O=C1c2cc(cc(Cl)c2S(=O)(=O)c2cc(Cl)c(Cl)cc2Cl)C(c2cn[nH]n2)N1c1cc(Cl)cn(C2CC(O)C(O)C2O)c1=O,中毒,6.676637,14.891448
O=C(Nc1ccc(Oc2ncnc3[nH]cc(-c4cn[nH]n4)c23)cc1)Nc1cc(C(F)(F)F)ccn1,中毒,19.26938,29.924532
Oc1cc2oc3c(-c4ccc5c(c4)OCO5)cc(-c4cn[nH]n4)cc3c2cc1Cl,高毒,27.38234,72.70035
O=C1OCCc2c(Nc3nc(-c4cn[nH]n4)cs3)cc(-c3ccsc3)cc21,中毒,36.466908,15.334022
O=C1c2cc(-c3cn[nH]n3)c(-c3cc(F)c(Cl)cc3Cl)n2C(c2ccc(Cl)cc2)N1c1cc(Cl)cn(C2CC(O)(CO)C2)c1=O,中毒,19.951618,13.503714
O=c1c2cc(-c3ccc(N4CCN=C4c4ccccn4)cc3)sc2nc(-c2cn[nH]n2)n1-c1ccc(F)cc1F,中毒,26.30129,14.604695
O=C1N(Cc2ccc(Cl)s2)C(c2ccc(Cl)cc2)C(c2ccc(Cl)cc2)C12CSc1cc(-c3cn[nH]n3)cc(-c3c(Cl)cccc3Cl)c12,中毒,24.567081,19.617376
O=C1c2nc(-c3cn[nH]n3)nc(NCc3ccc(F)c(F)c3)c2C(c2ccc(Cl)cc2)N1c1cc(Cl)cn(C2CC(O)(CO)C2)c1=O,中毒,27.094715,13.466203
O=C1c2cc(-c3cn[nH]n3)n(-c3cccnc3)c2C(c2ccc(Cl)cc2F)N1c1cc(Cl)cn(C2CC(O)(CO)C2)c1=O,中毒,14.882899,11.513729
O=C1c2cc(-c3cn[nH]n3)nc(Nc3ccnc(F)c3)c2C(c2ccc(Cl)cc2)N1c1cc(Cl)cn(C2CC(O)(CO)C2)c1=O,中毒,7.8529835,13.503714
O=C1c2cc(-c3cn[nH]n3)[nH]c2CC(c2ccc(Cl)cc2)N1c1cc(Cl)cn(C2CC(O)(CO)C2)c1=O,中毒,28.184814,15.303033
O=C1c2cc(-c3cn[nH]n3)cc(-c3c(Cl)cccc3Cl)c2C(c2ccsc2)C(c2ccc(Cl)cc2)N1c1cc(Cl)cn(C2CC(O)(CO)C2)c1=O,中毒,22.081963,18.239529
O=c1c(NC(c2ccc(C(F)(F)F)cc2)c2c3cc(-c4cn[nH]n4)n2-c2ccc(Cl)cc2C3c2ccc(Cl)cc2)cc(Cl)cn1C1CC(O)(CO)C1,中毒,22.219355,33.18647
FC(F)(F)c1nc(COc2ccon2)nc2c1-c1sc3c-2c1C(CN1CCOCC1)CC(c1cn[nH]n1)=N3,中毒,23.905172,18.318035
O=C1c2cc(-c3cn[nH]n3)c(=O)n(C3CCCCC3)c2C(c2ccc(Cl)cc2F)N1c1cc(Cl)cn(C2CC(O)(CO)C2)c1=O,中毒,51.258514,14.418226
O=C1c2nc(-c3cn[nH]n3)c(I)c(-c3ccncc3)c2C(c2ccc(Cl)cc2)N1c1cc(Cl)cn(C2CC(O)(CO)C2)c1=O,中毒,67.017,12.110745
O=c1c2ccc(-c3cccnc3C(F)(F)F)cc2nnn1-c1cn[nH]n1,中毒,37.023727,155.73831
Oc1cc2c(cc1F)C1ON=C(c3ccc(Cl)cc3)c3cc(-c4cn[nH]n4)cc-2c31,中毒,104.346275,17.183805
O=C1C(c2cnn(CC(O)(F)C(=O)O)c2)=CC=C1n1c(CCc2ccncc2)nc2cc(-c3cn[nH]n3)c(F)cc2c1=O,中毒,21.947105,10.914697
Clc1ccc([P+]2(c3ccc(Br)cc3)Cc3c(cc(-c4cn[nH]n4)nc3Nc3ccc(Br)cc3Br)N3CCN=C32)cc1,中毒,13.206677,17.085892
O=C1c2cc(-c3cn[nH]n3)n(-c3ccc(C4=NCC5(CC5)C4)cc3)c2N1c1cc(Cl)cn(C2CC(O)(CO)C2)c1=O,中毒,31.936749,15.303033
OC1CC(Oc2ncc(Cl)cc2-c2cc3c(cc2Cl)sc2c3cc(-c3cn[nH]n3)n2-c2ccc(Cl)cc2)CC1O,中毒,104.688705,14.453893
O=C1NCCc2nn(C3CCOCC3)c(Cl)c2-c2c(-c3c(F)c(-c4cn[nH]n4)cc4c3C(c3ccc(Cl)cc3)NN4)c[nH]c21,中毒,28.644949,8.876811
c1ncc(CNc2cc3[nH]cc(-c4cn[nH]n4)n3n2)cn1,低毒,23.464447,19.33647
O=C(Nc1ccc(Cl)cc1)C1(C(c2ccc(Cl)cc2)c2c3cc(-c4cn[nH]n4)n2N2C(O)C(O)C(NCl)CN3C(C(F)(F)F)C2CO)C2C=CC1C2,中毒,41.774292,13.503714
O=C1c2cc(-c3cn[nH]n3)n(-c3ccc(Cl)cc3)c2C(c2ccc(Cl)cn2)N1c1cc(Cl)cn(C2CC(O)(CO)C2)c1=O,中毒,38.834198,12.110745
O=C1c2cc(-c3cn[nH]n3)n(-c3ccc(Cl)cc3F)c2C(c2cc(Cl)cc(Cl)c2)N1c1cc(Cl)cn(C2CC(O)(CO)C2)c1=O,中毒,12.488247,11.513729
O=C1c2cc(-c3cn[nH]n3)c(-c3cc4cc(Cl)ncc4s3)n2C(c2ccc(Cl)cc2)N1c1cc(Cl)c(=O)n2ncsc12,中毒,32.733707,14.3937645
Fc1cc(Cl)ccc1N1C(c2ccc(Cl)cc2)C12CCCc1cc(-c3cn[nH]n3)cc(-c3c(Cl)cccc3Cl)c12,中毒,18.794554,15.528323
c1cc(-c2c[nH]c3cc(-c4cn[nH]n4)ccc23)cs1,中毒,1.2427347,21.551186
OC1CC(F)(CC2C3=CC(N4Cc5cc(-c6cn[nH]n6)n(-c6ccc(F)cc6F)c5C4c4ccc(Cl)cc4)=CC(Cl)=CN32)C(O)C1O,中毒,16.123549,17.408861
O=C1c2cc(-c3cn[nH]n3)c(=O)[nH]c2C(c2ccc(Cl)cc2)N1c1cc(Cl)cn(C2CC(O)C(O)C2)c1=O,中毒,13.216523,12.087409
O=C1c2nc(-c3cn[nH]n3)cc(-c3cc(-c4ncccc4Cl)no3)c2C(c2ccc(Cl)cc2)N1c1cc(Cl)cn(C2CC(O)(CO)C2)c1=O,中毒,37.24519,13.503714
O=c1c(-n2c(-c3ccc(Cl)cc3)cc3c(-c4c(Cl)cccc4Cl)cc(-c4cn[nH]n4)cc3c2=O)cc(Cl)cn1C1CC(O)(CO)C1,中毒,8.96058,25.800982
Clc1ccc(C2N=C(NC3CCC3)Cc3cc(-c4cn[nH]n4)n(-c4ccc(Cl)cc4Cl)c32)cc1,中毒,21.734957,14.25245
O=C1c2cc(-c3cn[nH]n3)c(C(F)(F)F)nc2C(c2ccc(Cl)cc2)N1c1cc(Cl)cn(C2CC(O)(CO)C2)c1=O,中毒,14.775009,12.110745
O=C(C1CCC(CC(F)(F)F)CC1)N1CCC(C2=C(c3cn[nH]n3)N=C3C(Cl)=Nc4cc5ccc4CNCCC5=C32)CC1,中毒,17.227741,29.042534
[O-][S+]1Cc2cc(-c3cn[nH]n3)cc(-c3c(Cl)cccc3Cl)c2C1,中毒,10.582876,37.386982
O=C1c2cc(-c3cn[nH]n3)n(-c3ccc(Cl)cc3)c2CC(c2ccc(Cl)cc2)N1c1cc(Cl)cn(C2CC(O)(CO)C2)c1=O,中毒,22.918835,15.303033
O=C1c2cc(-c3cn[nH]n3)n(-c3cc(Cl)cc(Cl)c3)c2C(c2ccc(Cl)cc2)N1c1cc(Cl)cn(C2CC(O)C(OO)C2)c1=O,中毒,14.882899,11.513729
Fc1ccc(CNC2CCOC(F)C2)c(-c2cccc(N3Cc4cc(-c5cn[nH]n5)sc4C3)c2)c1,中毒,45.6969,24.171217
O=C1c2nc(-c3cn[nH]n3)n(-c3cc(Cn4cncn4)c(Cl)cc3Cl)c2C(c2ccc(Cl)cc2)N1c1cc(Cl)cn(C2CC(O)(CO)C2)c1=O,中毒,51.50488,13.16881
O=c1c(N2Cc3cc(-c4cn[nH]n4)n(-c4cc(F)cc(F)c4)c3C2c2ccc(Cl)cc2)cc(Cl)cn1C1CC(O)(CO)C1,中毒,19.24008,11.513729
Clc1ccc(C2c3c(cc(-c4cn[nH]n4)n3-c3ccc(Cl)cc3)CN2c2cc(Cl)cn3nc(Cl)cc23)cc1,中毒,51.124954,16.466494
O=C1c2nc(-c3cn[nH]n3)cc(N3CCCC(OCc4c(F)cccc4F)C3)c2C(c2ccc(Cl)cc2)N1c1cc(Cl)cn(C2CC(O)(CO)C2)c1=O,中毒,67.017,33.968105
O=C1c2cc(-c3cn[nH]n3)n(-c3ccnc(C(F)(F)F)c3)c2C(c2ccc(Cl)cc2)N1c1cc(Cl)cn(C2CC(O)C(O)C2)c1=O,中毒,51.50488,12.110745
Clc1ccc(C2c3cc(-c4cn[nH]n4)n(-c4ccc(Cl)cc4)c3C(c3ccc(Cl)cc3)N2c2csc(Cl)c2)cc1,中毒,37.139153,23.107658
O=c1c2c(sc3ccccc13)-c1c-2cc(-c2cn[nH]n2)n1-c1ccc(F)cc1,中毒,3.7099383,19.9879
O=C1c2cc(-c3cn[nH]n3)sc2C(c2cccs2)N1c1cc(Cl)cn(C2CC(O)(CO)C2)c1=O,中毒,6.7934685,8.519041
O=c1c(N2Nc3cc(-c4cn[nH]n4)n(-c4ccc(Cl)cc4)c3C2c2ccc(Cl)cc2Cl)cc(Cl)cn1C1CC(O)(O)C1,中毒,17.224394,13.447941
O=C1c2nc(-c3cn[nH]n3)n(-c3ccn(Cc4ccc(C5CC5)cn4)c3)c2C(c2ccc(Cl)cc2)N1c1cc(Cl)cn(C2CC(O)(CO)C2)c1=O,中毒,25.928497,33.968105
Fc1cc(Cl)ccc1-n1c(-c2cn[nH]n2)cc2c1C(c1ccc(Cl)cc1)N1c3ccc(Cl)cc3C(c3ccc(Cl)cc3)(C2)N1c1ccc(Cl)cc1,中毒,32.733707,14.604695
O=C1NC(=O)N(c2cc(Cl)cc(Cl)c2)C(=O)C1=CC1=C2C(=C1)SCc1c2cc(-c2cn[nH]n2)n1-c1cc(Cl)cc(Cl)c1,中毒,13.894758,18.875458
O=[N+]([O-])c1ccc(C2=NC(c3ccc(F)cc3)c3[nH]c4ncc(-c5cn[nH]n5)cc4c32)cc1,中毒,170.91905,26.73648
O=C1c2cc(-c3cn[nH]n3)n(-c3c(Cl)cccc3Cl)c2C(c2ccc(Cl)cc2)N1c1cc(Cl)cn(C2CCC(O)(CO)C2)c1=O,中毒,18.205946,11.513729
OC1CC(n2ccc(N3C(c4ccc(Cl)cc4)c4c(-c5ccc(Cl)c(Cl)c5)c(-c5cn[nH]n5)cn43)c2)CC1O,中毒,5.986675,10.033574
O=c1c(N2Cc3nc(-c4cn[nH]n4)oc3C2c2c(F)cc(F)cc2F)cc(Cl)cn1C1CC(O)C(O)C1O,中毒,38.197144,13.466203
O=c1[nH]c(-c2ccsc2)c2c(c3cc(-c4cn[nH]n4)cc1-3)CSc1ccc(Cl)c(Cl)c1-2,中毒,4.169238,16.07029
OC1CCC(N2Cc3cc(-c4cn[nH]n4)n(-c4ccc(F)c(Cl)c4)c3C2c2ccc(Cl)cc2)=CC2=C1C=N2,中毒,24.871822,13.390755
Oc1c(-c2cn[nH]n2)cc2c(c1Cl)-c1cc(Nc3ccc(Cl)c(C(F)(F)F)c3C(F)(F)F)nnc1CC2,中毒,37.44499,14.547106
O=S(=O)(Cc1cc2c(s1)C(c1ccc(Br)cc1)(c1cccs1)N1C(C2)C1c1cn[nH]n1)c1ccccc1,中毒,6.106106,19.312336
O=c1c(N2Cc3cc(-c4cn[nH]n4)nc(N4CCC(Cn5cccn5)C4)c3C(c3cc(Cl)ccc3F)C2c2ccc(Cl)cc2)cc(Cl)cn1C1CCOCC1,中毒,45.7417,13.16881
FC(F)(F)Oc1cc(Cl)ccc1C1c2c(nc(-c3cn[nH]n3)nc2-c2c[nH]c3ccc(I)cc23)NC1c1ccc(Cl)cc1,中毒,37.42042,114.792404
O=C1c2cc(-c3cn[nH]n3)n(-c3ccc(-c4ccccn4)cn3)c(=O)c2C(c2ccc(Cl)cc2)N1c1cc(Cl)cn(C2CC(O)(CO)C2)c1=O,中毒,59.929935,12.110745
O=C1c2cc(-c3cn[nH]n3)n(-c3ccc(Cl)o3)c2C(c2ccc(Cl)cc2)N1c1cc(Cl)cn(C2CC(O)(CO)C2)c1=O,中毒,23.909687,13.466203
O=C1c2nc(-c3cn[nH]n3)n(-c3ccc(F)cc3F)c2C(c2ccc(Cl)cc2)N1c1cc(Cl)cn(C2C=C(O)C(O)C2)c1=O,中毒,38.640644,13.466203
O=C(c1ccnn1C1CCOCC1)N1CCc2cc(c3cc2-c2cc(-c4cn[nH]n4)n(CCCCCl)c2C3)C1,中毒,23.205584,18.60509
O=C1C(c2cn[nH]n2)=CC2=C(C(c3cc(Cl)ccc3Cl)=C2)C(c2ccc(Cl)cc2)N2C(=O)C2=CC(Cl)=CN1C1CC(O)(CO)C1,中毒,42.229237,23.141388
O=C1c2cc(-c3cn[nH]n3)n(-c3ccc(F)cc3)c2C(c2ccc3c(c2)OCCO3)N1c1cc(Cl)cn(C2CC(O)(CO)C2)c1=O,中毒,14.882899,13.466203
c1cc(OCC2CN2C2CCC2)ncc1-c1nc(-c2cn[nH]n2)cs1,中毒,40.38841,20.964693
O=C1c2nc(-c3cn[nH]n3)n(-c3ccc(F)cc3F)c2C(c2ccc(Cl)cc2)N1c1cc(Cl)cn(C2OC(CO)C(O)C2O)c1=O,中毒,23.909687,13.503714
O=C1SCC2=C1C(c1cccc(Cl)c1)Nc1cc(-c3cn[nH]n3)ccc1CN2,中毒,35.416958,394.69336
NC(=O)c1ncc2n[nH]c(Cl)c2c1C1=NC2=C(NC3CC3)c3cc(Cl)c(-c4cn[nH]n4)cc3C2=C1c1nc2ccccc2s1,中毒,34.63742,34.541336
c1cn2cc(-c3cn[nH]n3)cc2c(-c2cnc3ccsc3c2)n1,中毒,26.885153,27.56436
Clc1cccc(Cl)c1-c1cc(-c2cn[nH]n2)cc2c1C[n+]1ccccc1-2,中毒,46.72032,79.27368
O=c1c(N2C(F)c3cc(-c4cn[nH]n4)n(-c4ccc(F)cc4F)c3C2c2ccc(Cl)cc2)cc(Cl)cn1C1CC(O)(CO)C1,中毒,15.763229,11.513729
O=c1c(N2Cc3cc(-c4cn[nH]n4)c(-c4ccc(Cl)c(F)c4)n3C2c2ccc(Cl)cc2)cc(Cl)cn1C1CC(O)(CO)C1,中毒,13.5253525,13.503714
O=c1c(N2C(O)c3cc(-c4cn[nH]n4)cc(-c4ccc(Cl)c(Cl)c4)c3C2c2ccc(Cl)cc2)cc(Cl)cn1C1CC(O)(CO)C1,中毒,6.3808517,8.960914
O=C1c2nc(-c3cn[nH]n3)c(-c3ccc(Cl)c(Cl)c3)n2C(c2ccc(Cl)cc2)N1c1cc(Cl)cn(C2CC(O)(CO)C2)c1=O,中毒,32.68572,13.447941
O=C1c2cc(-c3cn[nH]n3)c(O)nc2C(c2ccc(Cl)cc2)N1c1cc(Cl)cn(C2CC(O)(CO)C2)c1=O,中毒,13.216523,12.087409
FC(F)(F)c1nc2c(C3CN(Cc4ccsc4)C3)c(n1)-c1c(cc(-c3cn[nH]n3)cc1C(F)(F)F)C2,中毒,8.043456,47.734688
O=C1c2cc(-c3cn[nH]n3)c(-c3ccc(Br)cc3)nc2C(c2ccc(Cl)cc2)N1c1cc(Cl)cn(C2CC(O)(CO)C2)c1=O,中毒,13.216523,12.087409
O=C1c2cc(-c3cn[nH]n3)n(-c3ccc(Cl)cc3)c2C(c2ccsc2)N1c1cc(Cl)cn(C2CC(O)(CO)C2)c1=O,中毒,14.882899,11.513729
O=C1c2cc(-c3cn[nH]n3)n(-c3cccc(Cl)c3F)c2C(c2ccc(Cl)cc2)N1c1cc(Cl)c2ncccc2c1,中毒,17.272402,21.729755
Nc1cc(Cl)ccc1C1c2c(cc(-c3cn[nH]n3)n2-c2ccc(F)cc2F)C(=O)N1c1cc(Cl)cn(C2CC(O)(CO)C2)c1=O,中毒,15.540574,11.513729
NC1Cc2cc(-c3cn[nH]n3)n(-c3ccc(Cl)cc3Cl)c2C1Oc1cc(Cl)cn(C2CC(O)(CO)C2)c1=O,中毒,9.594958,53.524715
c1cc(CN2Cc3cc(-c4cn[nH]n4)cc(-c4cnc5c(OCC6COC6)coc5c4)c3C2)ccn1,中毒,14.32184,91.49089
C1=C2N=C(c3noc4ccccc34)C(C3CCCC3)=C2C=C1c1cn[nH]n1,中毒,21.391685,36.488297
CN1CC(n2cc(Cl)cc(N3C(=O)c4cc(-c5cn[nH]n5)n(-c5ccc(Cl)c(Cl)c5)c4C3c3ccc(Cl)cc3)c2=O)CC1=O,中毒,17.272402,14.0600395
NC(=O)c1noc(-c2cn[nH]c2)c1-c1c(Cl)cc2[nH]c3cnc(-c4cn[nH]n4)cc3c2c1-c1ccc(F)cc1F,中毒,41.845295,23.117079
O=C1c2cc(-c3cn[nH]n3)c(Cl)nc2C(c2ccc(Cl)cc2)N1c1cc(Cl)cn(C2CC(O)(CO)C2)c1=O,中毒,13.216523,12.087409
O=C1c2cc(-c3cn[nH]n3)sc2C(c2ccc(Cl)cc2)N1c1cc(Cl)cn(C2CC(O)C(O)C2)c1=O,中毒,8.738106,8.960914
O=C1c2cc(-c3cn[nH]n3)n(-c3ccc(Cl)c(F)c3)c2C(c2ccc(Br)cc2)N1c1cc(Cl)cn(C2CC(O)(CO)C2)c1=O,中毒,14.882899,11.513729
O=C1c2cc(-c3cn[nH]n3)n(-c3cc(Cl)ccc3Cl)c2C(c2ccc(Cl)cc2Cl)N1c1cc(Cl)cn(C2CC(O)C(O)C2)c1=O,中毒,15.540574,11.513729
Fc1ccc(CC2c3cc(-c4cn[nH]n4)n(-c4ccc(Cl)cc4)c3C(c3ccc(Cl)cc3)N2c2ccc(Cl)cc2)c(F)c1,中毒,29.275309,25.844957
Clc1cc2c(cc1C1CC1)oc1cc(-c3cnc4nccnc4c3)c(-c3cn[nH]n3)cc12,中毒,8.205281,72.775604
Brc1ncnc2[nH]cc(-c3cn[nH]n3)c12,低毒,15.725682,102.63141
O=C1c2cc(-c3cn[nH]n3)n(-c3ccc(Cl)c(Cl)c3)c2C(c2ccc(Cl)cc2)N1Nc1cc(Cl)cn(C2CC(O)(CO)C2)c1=O,中毒,14.882899,19.55125
Fc1ccc2nc3ccccc3c(Oc3ccc(Nc4cc(-c5cn[nH]n5)cs4)nn3)c2c1,中毒,14.410344,20.167402
O=c1c(N2C3OCOc4cc3ccc4-c3cc(-c4cn[nH]n4)n(-c4ccc(Cl)cc4)c3C2c2ccc3c(c2)OCO3)cc(Cl)cn1O,中毒,91.657394,13.466203
Clc1cc2c(cc1OC1CCN(C3CCC3)CC1)-c1nc(-c3cn[nH]n3)sc1C(c1ccc3c(c1)OCO3)N2Cl,中毒,58.227596,8.382097
Fc1cc2c[nH]c3ccc(-c4cc(-c5cn[nH]n5)cc5c4CN(CC(F)(F)F)C5)cc3c-2c1,中毒,4.521082,35.14275
Fc1c(-c2ccnc3ccc(Cl)cc23)c(-c2noc3cnc4[nH]ncc4c23)cc2c(Cl)c(Cl)n(-c3cn[nH]n3)c12,中毒,8.587661,19.47962
O=C1c2cc(-c3cn[nH]n3)n(-c3ccc(F)cc3)c2C(c2ccc(Cl)c(Cl)c2)N1c1cc(Cl)cn(C2CC(O)(CO)C2)c1=O,中毒,18.205946,11.513729
c1cc2ncc(-c3cnc4c(-c5cn[nH]n5)nc(N5CCCC6(CCNC6)C5)nc4c3)cn2n1,中毒,27.102182,17.563696
OC12C3=CC=C(Cl)C=COC1C1c4nc(-c5cn[nH]n5)n(-c5ccc(Cl)cc5)c4C12ONC(C1CC1)c1cc(Cl)ccc1C3,中毒,18.467403,17.484896
O=C1c2nc(-c3cn[nH]n3)n(-c3ccc(Cl)cc3)c2C(c2cccc(Cl)c2)N1c1cc(Cl)cn(C2CC(O)(CO)C2)c1=O,中毒,23.043425,34.717995
c1ncc(-c2nc3cc(-c4cn[nH]n4)ccc3[nH]2)o1,中毒,45.48673,199.15216
FC(F)(F)Oc1ccc(N2Cc3cc(-c4cn[nH]n4)cc(-c4csc(-c5cn(-c6ccc(Cl)cc6)c6cncnc56)c4)c3C2)cc1,中毒,11.18987,14.670165
FCCCOC1(c2ccc(Cl)cc2Cl)CCc2sc(-c3cn[nH]n3)cc2C1,低毒,9.43782,71.02749
CC1c2cc(-c3cn[nH]n3)cc(-c3c(Cl)cccc3Cl)c2C(c2ccc(Cl)cc2)N1c1cc(Cl)cn(CC2CC(O)(CO)C2)c1=O,中毒,9.036046,12.34334
FC(F)Oc1cc2nccc(N3C(c4cn[nH]n4)Nc4ccc(Cl)c(Cl)c4C3c3ccc(Cl)cc3)c2cc1OCC1CC1,中毒,11.806843,16.371431
O=C1c2cc(-c3cn[nH]n3)n(-c3ccc(OCc4ccccc4)cc3F)c2C(c2ccc(Cl)cc2)N1c1cc(Cl)cn(C2CC(O)(CO)C2)c1=O,中毒,23.909687,12.110745
FC1CCN(c2nccc3c(Oc4ccc5ccccc5c4)cnc(Nc4cc(-c5cn[nH]n5)cs4)c23)C1,中毒,26.119244,13.891715
Fc1cc(-c2cc[nH]n2)ccc1N1Cc2c(-c3ccnn3C3CCCCC3)cc(-c3cn[nH]n3)nc2C2CC21,中毒,12.352888,17.430033
O=C1c2cc(-c3cn[nH]n3)cc(-c3c(Cl)cccc3Cl)c2C(c2cccnc2[N+](=O)[O-])N2C(=O)C2=CC(Cl)=CN1C1CC(O)(CO)C1,中毒,12.566679,15.858076
O=C1NC2C(c3c(Cl)cccc3Cl)c3ncccc3N(c3c(-c4cn[nH]n4)nc4c(c3-c3ccc(Cl)cc3F)C(O)C4O)C2N1,中毒,64.36929,12.412539
c1cc(-c2cnn3ccc(Nc4cncc(-c5cn[nH]n5)c4)cc23)c[nH]1,中毒,4.652069,76.74754
O=C1c2cc(-c3cn[nH]n3)n(-c3ccc(F)cc3F)c2C(c2ccc(=O)n(-c3ccc(Cl)cc3)c2)N1c1cc(Cl)cn(C2CC(O)(CO)C2)c1=O,中毒,23.909687,11.513729
O=C1c2cc(-c3cn[nH]n3)n(-c3ccc(Cl)cc3F)c2C(c2ccc(Cl)o2)N1c1cc(Cl)cn(C2CC(O)(CCO)C2)c1=O,中毒,12.488247,11.513729
O=C1c2cc(-c3cn[nH]n3)n(-c3cc(F)c(F)cc3F)c2C(c2ccc(Cl)cc2F)N1c1cc(Cl)cn(C2CC(O)(CO)C2)c1=O,中毒,12.488247,11.513729
Fc1cc2ncnc(-c3ccc(Cl)cn3)c2cc1-c1cn[nH]n1,高毒,2.1351056,163.65613
CC1(C)c2cc(-c3cn[nH]n3)n(-c3ccccc3F)c2C(c2ccc(Cl)cc2)N1c1cc(Cl)cn(C2CC(O)(CO)C2)c1=O,中毒,15.763229,13.466203
Fc1cc(Cl)c(F)c(-n2c(-c3cn[nH]n3)cc3c2C(c2ccc(Cl)cc2)N(c2ccc(Oc4cccc(Br)c4)cc2)C3)c1,中毒,21.327534,18.138817
O=C1c2cc(-c3cn[nH]n3)n(-c3ccccc3Br)c2C(c2ccccn2)N1c1cc(Cl)cn(C2CCC(O)(CO)C2)c1=O,中毒,51.50488,12.110745
O=C1c2cc(-c3cn[nH]n3)sc2COC(c2ccsc2)N1c1cccc(Cl)c1,中毒,48.45253,36.060017
O=C1c2nc(-c3cn[nH]n3)n(-c3ccc(F)cc3)c2C(c2ccc(Cl)cc2)N1c1cc(Cl)cn(C2CC(O)=C(O)C2)c1=O,中毒,23.043425,34.717995
Fc1cc(Cl)ccc1C1=NC(c2ccc(C(F)(F)F)cc2)c2cc(-c3cn[nH]n3)cc(-c3c(Cl)cccc3Cl)c2O1,中毒,29.68579,20.898516
O=c1c(N2C(O)c3cc(-c4cn[nH]n4)n(-c4c(Cl)cccc4Cl)c3C2c2ccc(Cl)cc2)cc(Cl)cn1C1CC(O)(CO)C1,中毒,39.08631,12.110745
Oc1cc(-c2ncnc3cc(-c4cn[nH]n4)ccc23)c[nH]1,中毒,30.587305,133.32367
O=C1c2nc(-c3cn[nH]n3)n(-c3ccc(-c4ccc(Cl)cn4)cc3)c2C(c2ccc(Cl)cc2)N1c1cc(Cl)cn(C2CC(O)(CO)C2)c1=O,中毒,23.043425,34.717995
O=C(NCc1cccc(C(F)(F)F)c1)Nc1cc2onc(-c3cn[nH]n3)c2c(-c2cccnc2)n1,中毒,61.944813,17.864508
O=C(NCc1cccnc1)c1cn2c(C3=C4C=C(c5cn[nH]n5)C=C4CCOCC3)ccnc2c1C(F)(F)F,中毒,17.131289,17.26187
O=c1c(N2C3=NCCCC3c3cc(-c4cn[nH]n4)n(-c4ccc(Br)cc4F)c3C2c2ccc(Cl)cc2)cc(Cl)cn1C1CC(O)(CO)C1,中毒,20.18954,13.16881
OCC12Cc3c(N4CCOCC4)nc(c1c3C1(CSc3c[nH]c4ccc(Br)cc34)CCCN(c3ccc(Oc4ccccc4)cc3)C1)C=C2c1cn[nH]n1,中毒,34.63742,12.719586
O=C1c2cc(-c3cn[nH]n3)sc2-c2c(n[nH]c2-c2cc(Cl)ccc2O)C(c2ccncc2F)N1c1cc(Cl)cn(C2CC(O)C(O)C2)c1=O,中毒,5.65161,16.862432
O=C1c2cc(-c3cn[nH]n3)n(-c3ccc(Cl)cc3F)c2C(c2cccc3ncccc23)N1c1cc(Cl)cn(C2CC(O)(CO)C2)c1=O,中毒,12.488247,13.466203
O=C1c2c(c3cc(F)ccc3n2-c2cn[nH]n2)C(c2ccsc2)N1c1cc(Cl)cn(C2CC(O)(CO)C2)c1=O,中毒,25.928497,13.503714
O=c1c(N2Cc3cc(-c4cn[nH]n4)n(-c4ccc(F)cc4F)c3C2c2ccc(Cl)cc2)cc(Cl)cn1CC1CC(O)(CO)C1,中毒,15.763229,11.513729
O=c1[nH]cnc2ccc(C3C(c4cccc(Cl)c4)c4[nH]c(-c5cn[nH]n5)cc4CN3c3cc(Cl)cn(C4CC(O)C(O)C4O)c3=O)cc12,中毒,41.837177,16.023859
Fc1cc(Cl)cc(Cl)c1C1c2cc(-c3cn[nH]n3)cc(-c3c(Cl)cccc3Cl)c2C(c2ccc3c(c2)OCO3)=NN1c1cc(Cl)c2ccccc2c1,中毒,7.860046,55.040062
O=c1c(N2Cc3cc(-c4cn[nH]n4)cc(-c4ccc(Cl)cc4)c32)cc(Cl)cn1C1CC(O)(CO)C1,中毒,18.619787,18.206211
O=C1c2cc(-c3cn[nH]n3)n(-c3ncc(C(F)(F)F)cc3F)c2C(c2ccc(Cl)cc2)N1c1cc(Cl)cn(C2CC(O)(CO)C2)c1=O,中毒,12.488247,13.466203
O=C1c2cn(-c3cn[nH]n3)nc2-c2cc(Br)sc2C(C2CC2)N1c1cc(Cl)cn(C2CCOC2)c1=O,中毒,32.733707,13.503714
O=C1c2cc(-c3cn[nH]n3)n(-c3ccc(Cl)cc3F)c(=O)c2C(c2ccc(Cl)cc2)N1c1cc(Cl)cn(C2CC(O)(CO)C2)c1=O,中毒,14.882899,12.110745
Oc1c(-c2cn[nH]n2)nn2c(C3CCOC3)nc3cnc(-c4cnc(N5CCOCC5)cn4)c(F)c3c12,中毒,56.76466,13.577666
O=C1c2nc(-c3cn[nH]n3)n(-c3ccc(F)cc3F)c2C(c2ccc(Cl)cc2F)N1c1cc(Cl)cn(C2CC(O)(CO)C2)c1=O,中毒,24.818281,34.717995
Fc1ccc(C2=NOC(c3cc4c(cc3Cl)OCO4)C2=NNc2cn[nH]n2)cc1,低毒,39.802612,51.21614
O=c1c(N2Cc3cc(-c4cn[nH]n4)n(-c4cc(Cl)cc(Cl)c4)c3C2c2ccc(Cl)cc2)cc(Cl)cn1C1CC(O)(CO)C1O,中毒,19.24008,11.513729
O=C1c2cc(-c3cn[nH]n3)n(-c3ccc(F)c(F)c3)c2C(c2ccc(Cl)cc2)N1c1cc(Cl)cn(C2CC(O)C(O)C2)c1=O,中毒,14.882899,11.513729
OCCN1CCN(c2ccc(C3c4cc(Cl)c(-c5cn[nH]n5)c(-c5ccccc5Cl)c4C(c4ccc(Cl)cc4)N3c3cc(Cl)cnn3)cc2)CC1,中毒,42.20541,13.373344
O=C1C(O)C(O)(CO)CC2c3c(cnc4cc(OC5CC5)c(-c5cn[nH]n5)cc34)C(c3ccc(Cl)cc3)N1c1cc(Cl)cn2c1=O,中毒,15.763229,38.432915
O=c1[nH]c(-c2cn[nH]n2)nc2c1N1CCCC2CN(c2ncc(Cl)cn2)C1,中毒,23.503885,17.931705
Clc1cccc(Cl)c1-c1cc(-c2cn[nH]n2)cc2c1C1=C(CCC3=NCCN31)C2,中毒,7.5317802,21.709658
O=C1c2cc(-c3cn[nH]n3)n(-c3ccc(F)cc3F)c2C(c2ccc(Cl)cc2Cl)N1c1cc(Cl)cn(C2CC2)c1=O,中毒,17.475342,14.026334
O=C1c2cc(-c3cn[nH]n3)nc(N3CC4CNCC4C3)c2C(c2ccc(Cl)cc2)N1c1cc(Cl)cn(C2CC2)c1=O,中毒,6.958889,14.0600395
O=c1c(N2Cc3cc(-c4cn[nH]n4)c(-c4ccc(Cl)cc4F)n32)cc(Cl)cn1C1CC(O)(CO)C1,中毒,6.0682826,15.046324
O=c1[nH]c(CNCC2CCn3nc(-c4cn[nH]n4)cc3C2)nc2c1CCCC2,中毒,12.951393,34.670425
O=C1c2cc(-c3cn[nH]n3)n(-c3c(Cl)cccc3Cl)c2CS(=O)(=O)C(c2ccc(Cl)cc2)N1c1cc(Cl)cn(C2CC(O)(CO)C2)c1=O,中毒,10.435232,16.230408
c1cc2nc(-c3cn[nH]c3)c3nc(-c4cn[nH]n4)cc-3nc2s1,中毒,54.522404,11.082647
Oc1ccnc(-c2cc(-c3cnn(C(F)(F)F)c3)cc3cnn(-c4ccn5cc(-c6cn[nH]n6)cc5c4)c23)c1F,低毒,5.6547275,29.259619
Brc1cc2c(cc1-c1nccs1)-c1cc(-c3cn[nH]n3)[nH]c1C2,中毒,13.198368,22.060163
c1n[nH]nc1-c1cc2c(s1)CCC2,低毒,13.194702,26.469723
O=C1c2nc(-c3cn[nH]n3)cc(C3CC3)c2C(c2ccc(Cl)cc2)N1c1cc(Cl)cn(C2CC(O)(CO)C2)c1=O,中毒,59.929935,28.945686
O=C1c2nn(-c3cn[nH]n3)c(-c3ccc(OCc4ccc(Cl)cc4)cc3)c2C(c2ccc(Cl)cc2)N1c1cc(Cl)cn(C2CC(O)(CO)C2)c1=O,中毒,5.6417933,33.378986
O=S(=O)(c1ccc2c(c1)CC(CN1CCOCC1)c1cc(-c3cn[nH]n3)ccc1-2)N1CCOCC12CCCNC2,中毒,7.20902,46.63018
O=c1c2c3c(sc2nc(-c2cn[nH]n2)n1-c1cccc(Cl)c1)CCC(NC1CN(Cc2ccon2)C1)C3,中毒,18.339478,24.67719
O=C1c2cc(-c3cn[nH]n3)n(-c3ccc(Cl)cc3)c2C(c2ccccc2)N1c1cc(Cl)cn(C2CC(O)(CO)C2)c1=O,中毒,14.882899,11.513729
c1cc(-c2ccc(N3Cc4cc(-c5cn[nH]n5)nn4C3)cc2)n(-c2cc(-c3ccoc3)nc(N3CCOCC3)n2)n1,中毒,11.07264,14.882184
O=C1c2nc(-c3cn[nH]n3)n(-c3cc(Cl)ccc3Cl)c2C(c2ccc(Cl)cc2)N1c1cc(Cl)cn(C2CC(O)(CO)C2)c1=O,中毒,35.69709,13.466203
Oc1cc2nc(N3CCOCC3)nc(-c3ccc(F)c(Cl)c3)c2cc1-c1cn[nH]n1,中毒,8.68442,85.08037
O=C1c2cc(-c3cn[nH]n3)n(-c3ccc(Cl)cc3)c2C(c2ccc(Cl)cc2)N1c1cc(Cl)cn2nc(C(F)(F)F)cc12,中毒,25.896519,16.466494
Fc1ccc(C2CC2CNc2cc(-c3cn[nH]n3)c3cc(-c4ccsc4)[nH]c3n2)cn1,中毒,7.0255938,57.359108
O=c1c(N2CCc3cn(-c4cn[nH]n4)nc3-c3ccc(Cl)cc3C2c2ccc(Cl)cc2)cc(Cl)cn1C1CC(O)(CO)C1,中毒,19.277353,35.424923
Clc1cccc(Cl)c1-c1cc(-c2cn[nH]n2)cc2c1C(N1CCC1)CC2,中毒,27.137228,39.9682
O=C1c2cc(-c3cn[nH]n3)n(-c3c(F)cccc3Cl)c2C(c2ccsc2)N1c1cc(Cl)cn(C2CC(O)(CO)C2)c1=O,中毒,15.540574,11.513729
Fc1ccc(-n2c(-c3cn[nH]n3)cc3c2C24C=CC(Cl)=CC=C2CC2CN=C(C3c3cc(C5=NCCN5)ccc3F)N24)c(F)c1,中毒,28.345415,14.3937645
O=C1c2cccc(Cl)c(F)c3cc(-c4cn[nH]n4)n2c3C(c2ccc(Cl)cc2)N2C(=O)C2=CC(Cl)=CN1C1CC(O)(CO)C1,中毒,22.80562,12.652781
O=c1c2nc(-c3cn[nH]c3)nc(N3CCOCC3)c2nnn1-c1cn[nH]n1,中毒,147.77435,136.6014
Clc1ccc2nc(c3cc(c1)-c1cc(-c4cn[nH]n4)nc(-c4c(Cl)cccc4Cl)c1C3N(CC1CC1)C1CC1)OC2,中毒,10.697997,38.805714
c1ccc2nc(COc3ccc(-c4ccc5c(c4)-c4ncc(-c6cn[nH]n6)c(n4)O5)cn3)ccc2c1,中毒,13.062166,145.33292
Fc1cnc2[nH]c(CN3CCC(Nc4nnc(-c5c(Cl)cccc5Cl)c5ccc(-c6cn[nH]n6)cc45)CC3)nc2c1,低毒,2.862209,81.84466
O=c1c2ccccc2nc(Oc2ccc([N+](=O)[O-])cc2-c2csc(=S)o2)n1-c1cn[nH]n1,低毒,16.85408,110.07554
O=C1c2cc(-c3cn[nH]n3)c(-c3csc(-c4cccc(Cl)c4)c3)n2C(c2ccc(Cl)cc2)N1c1cc(Cl)cn(C2CC(O)(CO)C2)c1=O,中毒,23.503395,13.503714
O=C1c2cc(-c3cn[nH]n3)c(-c3ccc(Cl)cc3)nc2C(c2ccc(Cl)cc2)N1C1=CC(Cl)=CN2C(=N1)C2CC(F)(F)P(=O)(O)O,中毒,11.835829,16.291994
c1nc2c3[nH]cnc3c=2c(C2(Cc3cn[nH]n3)CCN(Cc3c[nH]c4ncnc(N5CCOCC5)c34)C2)c2cc[nH]c2n1,中毒,21.671394,26.697107
O=C1c2c(nc3cc(Cl)ccc3c2-c2cn[nH]n2)CC(c2ccc(Cl)cc2)N1c1cc(Cl)cn(C2CC(O)(CO)C2)c1=O,中毒,26.553892,13.503714
O=S(=O)(c1ccc2c(-c3cn[nH]n3)cc(N3Cc4ccnc(F)c4C3)nc2c1)N1CCN(Cc2ccc3c(c2)OCO3)CO1,中毒,17.114304,23.233894
O=c1c(-c2nc(-c3ccccc3)c3n2N=C3c2cn[nH]n2)cn(-c2ccc3c(c2)OCO3)c2c(Cl)cc(Cl)cc12,中毒,81.64682,13.479305
O=C1c2cc(-c3cn[nH]n3)nc(-c3cc(F)cc(F)c3)c2C(c2ccc(Cl)cc2)N1c1cc(Cl)cn(C2CC(O)(CO)C2)c1=O,低毒,7.4282966,12.110745
OC1CCC2CCC1(O)c1cc3c(nc1C2)-c1cc(-c2cn[nH]n2)c2cccc(Cl)c2c1C(c1ccc(Cl)cc1)c1cc(Cl)ccc1-3,中毒,12.144478,31.277393
O=C1Cc2ccc(N3C(=O)c4cc(-c5cn[nH]n5)c(-c5c(Cl)cccc5Cl)cc43)cc2C(=O)N2C(=O)C2CC(=O)N1,中毒,22.853903,25.690687
Cn1ncnc1NS(=O)(=O)c1ccc(C2=C(Cl)C(F)=C3N=C(c4cn[nH]n4)C=C3C2)c(Br)c1,中毒,69.26137,24.177322
O=C(O)C1CC(n2cc(Cl)cc(N3Cc4cc(-c5cn[nH]n5)n(-c5cc6ccccc6s5)c4C3c3ccc(Cl)cc3)c2=O)C1,中毒,24.385923,11.513729
Clc1ccc(C2c3c(cc(-c4cn[nH]n4)n3-c3ccc(Cl)cc3)CN2c2cc(Cl)sn2)cc1,中毒,28.622856,23.390354
Clc1ccc(C2C3C(=NN2c2c(Cl)cccc2Cl)c2c(cc(-c4cn[nH]n4)cc2-c2cc(Cl)ccc2Cl)CC3c2cccc(Cl)c2)cc1,中毒,23.537825,26.219406
O=C1c2cc(-c3cn[nH]n3)c(-c3ccc(Cl)cc3)nc2C(c2ccc(Cl)cc2Cl)N1c1cc(Cl)cn(C2CC(O)(CO)C2)c1=O,中毒,8.758138,12.087409
O=C1C2CCc3cc(-c4cn[nH]n4)n(-c4ccc(F)cc4F)c3C(c3cccs3)N1c1cc(Cl)cn2c1=O,中毒,21.932833,14.3937645
O=C1c2nc(-c3cn[nH]n3)nc(-c3c(F)cccc3F)c2C(c2ccc(Cl)cc2Cl)N1c1cc(Cl)cn(C2CC(O)(CO)C2)c1=O,中毒,27.185892,13.466203
O=C1c2cc(-c3cn[nH]n3)n(-c3ccc(F)cc3F)c2C(c2ccc(Cl)cc2)N1c1cc(Cl)cn(C2CC(O)(CF)C2)c1=O,中毒,25.244574,11.513729
O=c1c(N2C(c3ccc(Cl)cc3Br)c3cc(-c4cn[nH]n4)n(-c4ccc(Cl)cc4)c3C2c2ccc(Cl)cc2)cc(Cl)cn1C1CC(O)(CO)C1,中毒,24.385923,11.513729
c1n[nH]nc1-c1cc2scc(CN3CC(CN4CCCC4)C3)c2cn1,中毒,28.722801,133.96791
O=c1c(N2Cc3cc(-c4cn[nH]n4)cc(-c4c(Cl)cccc4Cl)c3C2c2cccs2)cc(Cl)cn1C1CC(O)(CO)C1,中毒,6.690411,8.519041
O=c1c(N2Cc3cc(-c4cn[nH]n4)n(-c4ccc(F)cc4F)c3C2c2ccc(Cl)cc2)cc(Cl)cn1C1C[S+]([O-])C1,中毒,21.327534,14.026334
c1cc2c(cc1-n1c(-c3cn[nH]n3)nc3cnc(N4CCOCC4)nc31)OCC2,中毒,17.530838,84.559265
O=C1C2CCc3cc(-c4cn[nH]n4)cc(-c4c[nH]c5cc(F)ccc45)c3C(c3ccc(Cl)cc3)N1c1cc(Cl)cn2c1=O,中毒,17.27492,14.3937645
O=c1c(N2Cc3cc(-c4cn[nH]n4)n(-c4ccc(Cl)cc4F)c3C2)cc(Cl)cn1C1CC(O)(CO)C1,中毒,5.65161,28.5412
O=C1c2cc(-c3cn[nH]n3)n(-c3ccc(Cl)cc3)c2C(c2ccc(Cl)nc2Cl)N1c1cc(Cl)cn(C2CC(O)(CO)C2)c1=O,中毒,38.99518,11.513729
O=C1c2cc(-c3cn[nH]n3)c(C(c3ccc(F)cc3)c3ccc(Cl)cc3F)n2N1c1cc(Cl)cn(C2CC(O)(CO)C2)c1=O,中毒,14.779435,28.945686
O=C1Cc2cc(-c3cn[nH]n3)cc(-c3c(Cl)cccc3Cl)c2C(c2ccc(Cl)cc2)N1c1cc(Cl)cn(C2CC(O)(CO)C2)c1=O,中毒,19.016203,18.239529
O=C(c1n[nH]cc1-c1cncnc1)N1CCC(c2cc(C(F)(F)F)ccc2-n2c(-c3cn[nH]n3)cc3cc(S(=O)(=O)Nc4cscn4)ccc32)CC1,中毒,13.752853,24.295313
O=C1N(c2cc(Cl)cn(C3CC(O)(CO)C3)c2=O)C(c2ccc(Cl)cc2)c2c(-c3ccc(F)nc3)c(-c3cn[nH]n3)cn21,中毒,6.9198174,16.230408
O=C1c2cc(-c3cn[nH]n3)n(-c3ccc(Cl)cc3F)c2C(C2=CC=C(Cl)C=CC2)N1c1cc(Cl)cn2nc(C3CC3)cc12,中毒,7.494668,15.574545
C1=C(c2ccoc2)COC=1c1coc2cc(-c3cn[nH]n3)cnc12,高毒,32.78958,42.589485
OCC1(O)CC(n2cc(N3c4cc(-c5cn[nH]n5)n(-c5ccc(F)cc5F)c4C3c3ccc(Cl)cc3)c3cc(Br)c(Cl)cc32)C1,中毒,14.801573,15.02669
O=C1CCCC2=C1C(c1ccc(Cl)cc1)c1c(cc(-c3cn[nH]n3)n1-c1cc(Cl)cc(Cl)c1)C(=O)N2c1cc(Cl)cn(C2CC(O)C(O)C2)c1=O,中毒,21.137787,13.466203
Fc1cc2c(cc1-c1cn[nH]n1)C(c1cccc(Cl)c1)C(c1ccc(Cl)cc1)N(CC(F)F)C2,中毒,16.106373,9.536475
O=S1(=O)CCC(c2nc(-c3cnc4cc(F)c(-c5ncc(Cl)cc5Cl)cc4c3)cc3c2N=C3c2cn[nH]n2)C1(F)F,中毒,24.567081,22.619556
O=C1c2cc(-c3cn[nH]n3)n(-c3ccc(Cl)cc3)c2C(c2cccnc2)N1c1cc(Cl)cn(C2CC(O)C(O)C2)c1=O,中毒,14.882899,11.513729
Clc1ccc(C2c3nc(-c4cn[nH]n4)sc3C(c3ccsc3)N2c2ccc(Cl)cc2)cc1,中毒,47.784084,20.411146
O=C1c2cc(-c3cn[nH]n3)c(-c3ccc(Cl)cc3[N+](=O)[O-])n2C(c2ccc(Cl)cc2)N1c1cc(Cl)cn(C2CC(O)(CO)C2Cl)c1=O,中毒,27.949999,13.503714
FC(F)(F)c1ccc(Oc2ccc3c(c2)-c2ccc(-c4cc(-c5cn[nH]n5)c[nH]4)nc2-c2cccnc2N3)cc1,中毒,21.353834,22.427462
O=C1c2nc(-c3cn[nH]n3)n(-c3ccc(Cl)cc3)c2C(c2ccc(Cl)cc2)N1c1cc(Cl)cn(C2CCOCC2)c1=O,中毒,38.86365,34.717995
CC1C2C(=O)c3cc(-c4cn[nH]n4)n(-c4ccc(Cl)cc4)c3C(c3ccc(Cl)cc3)N2c2cc(Cl)cn1c2=O,中毒,17.272402,14.710186
O=c1c(N2Cc3nc(-c4cn[nH]n4)n(C4CC4)c3CC2c2ccc(Cl)cc2)cc(Cl)cn1C1CC(O)(CO)C1,中毒,17.04069,15.046324
O=c1c(N2Cc3cc(-c4cn[nH]n4)n(-c4ccc(Cl)cc4F)c3C2c2ccc(Cl)cc2)cc(Cl)cn1C1CC(O)C(O)C1,中毒,15.763229,11.513729
NS(=O)(=O)c1ccc(COc2ccc(-c3cnn4ccc(-c5c(-c6cc(-c7cn[nH]n7)cs6)cn6ncncc56)nc34)cc2)cc1,中毒,4.9112396,16.854969
O=C1c2nc(-c3cn[nH]n3)nc(-c3cccnc3)c2C(c2ccc(Cl)cc2)N1c1cc(Cl)cn(C2CC(O)(CO)C2)c1=O,中毒,33.24992,13.466203
Fc1ccc(C2=NC(COc3c(-c4cnc[nH]4)c(-c4cn[nH]n4)cc4[nH]c(NCc5ccc(Cl)c(F)c5)nc34)CO2)c(F)c1,中毒,34.04791,9.114193
Fc1ccc(-n2c(-c3cn[nH]n3)cc3c2-c2cnc(-c4cnc(OC5CCN(C6COC6)C5)cc4F)nc2CC3)c(F)c1,中毒,9.150197,19.833076
O=C1c2cc(-c3cn[nH]n3)n(-c3cc(F)ccc3Cl)c2C(c2ccc(Cl)cc2)N1c1cc(Cl)cn(C2CC(O)(CO)C2)c1=O,中毒,18.205946,11.513729
O=C1c2cc(-c3cn[nH]n3)n(-c3ccc(F)cc3F)c2C(c2ccnc(Cl)c2)N1c1cc(Cl)cn(C2CC(O)(CO)C2)c1=O,中毒,12.488247,11.513729
O=C1c2nc(-c3cn[nH]n3)nc(C3CC3)c2C(c2ccc(Cl)cc2)N1c1cc(Cl)cn(C2CC(O)(CO)C2)c1=O,中毒,31.783663,13.466203
O=C1c2cc(-c3cn[nH]n3)[nH]c2CC(c2ccc(Cl)cc2)N1c1cc(Cl)cn(C2CC(O)C(O)C2)c1=O,中毒,28.184814,15.303033
Clc1ccc(-n2c(-c3cn[nH]n3)cc3c2C(c2c(Cl)cncc2Cl)c2cn(-c4ccc(Cl)c(Cl)c4)nc2-3)cc1,中毒,10.121155,45.273415
O=C(NC1CC1F)NN(Cc1ccc(F)c(F)c1)c1cc2oc3cc(-c4ncc(Cl)cc4F)c(-c4cn[nH]n4)cc3c2nc1-c1cc[nH]c1,中毒,35.29642,13.517699
O=C(O)c1cn(Cc2ccc3ccc(C(F)(F)F)cc3c2)c2cc(-c3cn[nH]n3)c(F)cc2c1=O,中毒,13.554535,19.992828
Fc1cc(Cl)ccc1-n1c(-c2cn[nH]n2)cc2c3cc(-c4cc5cc(Br)cnc5s4)c(Cl)cc3c(-c3cc(Cl)c(Cl)cc3Cl)c(F)c21,中毒,21.211382,14.1463
O=c1c(N2Cc3cc(-c4cn[nH]n4)cc(-c4c(Cl)cccc4Cl)c3C2c2cc(Cl)ccc2Cl)cc(Cl)cn1C1CC(F)(F)C1,中毒,6.110815,10.819605
Fc1ccc(Oc2cc3c(cc2-c2cn[nH]n2)CN(c2ccc(Cn4cnnn4)nc2)C3)c(F)c1,中毒,30.71352,13.322928
OCCN1CCC2(CC1)Cc1ncc(-c3cn[nH]n3)cc1N(c1cc(Cl)cc(Cl)c1Cl)C2c1ccc(Cl)cc1,中毒,42.6708,30.10824
O=c1c(-c2cn[nH]n2)cc2cc(-c3ccsc3)ccc2n1Cc1cccc(F)c1,中毒,1.3227746,13.188102
O=C1c2cc(-c3cn[nH]n3)n(-c3ccc(Cl)cc3OCc3ccc(F)cc3)c2C(c2ccc(Cl)cc2)N1c1cc(Cl)cn(C2CC(O)(CO)C2)c1=O,中毒,38.99518,12.110745
Fc1ccc2cc[nH]c2c1C1(c2cn[nH]n2)CCN(C2=NCCSC2=S)C1,中毒,11.179625,79.16194
Fc1cc2[nH]cc(-c3nc(-c4cn[nH]n4)cs3)c2c(N2CCC(OCc3cccc4cnccc34)C2)c1-c1cn[nH]c1,中毒,15.363564,19.891714
c1cc(CN2CCn3nc(-c4cn[nH]n4)cc3C2)ccn1,中毒,9.793886,15.708404
O=C1OC(CO)CC1n1cc(Cl)cc(N2C(=O)c3cc(-c4cn[nH]n4)n(-c4ccc(Cl)cn4)c3C2c2ccc(Cl)cc2)c1=O,中毒,31.338547,13.466203
Fc1cc(Cl)cc(-c2cc3c(-c4cn[nH]n4)noc3c(CN3CC(CN4CCOCC4)C3)n2)c1,中毒,47.546837,13.503714
Fc1cc2ncnc(-c3ccnc(-c4ccnc(-c5ccns5)c4F)c3)c2cc1-c1cn[nH]n1,中毒,11.443377,24.278713
Clc1ccc(N2Cc3cc(-c4cn[nH]n4)cc(-c4c(Cl)cccc4Cl)c3C2c2ccc(Cl)cc2Cl)nc1,中毒,17.71509,17.959984
O=C1c2cc(-c3cn[nH]n3)n(-c3ccc(F)cc3)c2C(c2ccc(Cl)cc2)N1c1cc(Cl)cn(C2CC(O)(CF)C2)c1=O,中毒,31.338547,11.513729
O=C1c2nc(-c3cn[nH]n3)[nH]c2C2(CCCC2)C(c2ccc(Cl)cc2)N1c1cc(Cl)cn(C2CC(O)(CO)C2)c1=O,中毒,20.697372,14.418226
c1csc(C2CNCc3[nH]c4ncnc(-c5cc(-c6cn[nH]n6)cs5)c4c32)c1,中毒,4.8899903,14.604695
O=c1c(N2Cc3cc(-c4cn[nH]n4)n(-c4ccc(Cl)cc4)c3C2c2ccc(Cl)s2)cc(Cl)cn1C1CC(O)(CO)C1,中毒,20.045097,11.513729
O=c1c(N2Cc3cc(-c4cn[nH]n4)n(-c4ccc(Cl)cc4F)c3C2c2ccc(Cl)cc2)cc(Cl)cn1C1CC(O)(CO)CO1,中毒,15.763229,13.503714
O=C1c2cc(-c3cn[nH]n3)n(S(=O)(=O)c3ccc(C4CC4)cc3)c2N1c1cc(Cl)cn(C2CC(O)(CO)C2)c1=O,中毒,25.069427,13.503714
Fc1ccc(Cl)cc1C1NN(c2ccc(Cl)cc2)C2=Nc3cc(-c4cn[nH]n4)[nH]c3C21c1cccnc1,中毒,27.575764,13.503611
O=C1C(c2cnc3[nH]cc(-c4cn[nH]n4)c3n2)=CC(NCC(c2cc(F)c(F)cc2F)n2ncnn2)=C1Cl,中毒,7.811461,26.19049
O=c1c2c(sc3ccccc13)-c1c-2cc(-c2cn[nH]n2)n1-c1ccc(Cl)cc1,中毒,3.7099383,19.9879
O=c1sc2c(n1-c1ccc(P(=O)(O)O)cc1)-c1cc(-c3cn[nH]n3)sc1CC2,中毒,17.601814,13.98486
O=S1(=O)CCc2nnc3cc2-c2cc(-c4cn[nH]n4)n(-c4ccc(Cl)cc4Cl)c2C(c2ccc(Cl)cc2)N3C(c2ccc(Cl)c(Cl)c2)C1,中毒,30.71352,18.554798
O=S(=O)(Oc1ccc(Cl)cc1-c1cc2c(s1)-c1c-2cc(-c2cn[nH]n2)n1-c1ccc(F)cc1)c1ccc(Cl)c(Cl)c1,中毒,5.6548414,11.81772
Clc1ccc(-c2nccc3oc(-c4cn[nH]n4)cc23)c(Cl)c1,中毒,22.394747,164.2986
O=C1c2cc(-c3cn[nH]n3)n(-c3ccc(OCc4ccccc4F)cc3)c2C(c2ccc(Cl)cc2)N1c1cc(Cl)cn(C2CC(O)(CO)C2O)c1=O,中毒,38.99518,11.513729
O=C1c2cc(-c3cn[nH]n3)n(-c3ccc(Cl)cc3F)c2C(c2cccnc2Cl)N1c1cc(Cl)cn(C2CC(O)(CO)C2)c1=O,中毒,23.909687,11.513729
c1cnn2ncc(-c3nc(N4CCOCC4)nc4sc(-c5cn[nH]n5)cc34)c2c1,中毒,56.092087,23.353518
O=C1c2cc(-c3cn[nH]n3)c(Cl)cc2N1c1cc(Cl)cn(C2CC(O)(CO)C2)c1=O,中毒,27.231516,12.264151
O=c1c(N2Cc3cc(-c4cn[nH]n4)n(-c4cc(F)cc(F)c4F)c3C2c2cccnc2)cc(Cl)cn1C1CC(O)C(O)C1,中毒,15.763229,11.513729
Clc1ccc(OC2CN(c3nc(-c4cn[nH]n4)cc4c3CN(c3ncnc5cnc(OC6COC(CN7CCOCC7)C6)cc35)C4)C2)cc1,中毒,96.85026,21.726702
O=C(O)c1cn(C2CC2)c2nc(NC3=C4C=C(c5cn[nH]n5)C=C4CC34COC4)c(F)cc2c1=O,中毒,27.714228,6.7856636
O=C1c2nc(-c3cn[nH]n3)n(-c3ccc(F)c4cccnc34)c2C(c2ccc(Cl)cc2)N1c1cc(Cl)cn(C2CC(O)(CO)C2)c1=O,中毒,36.832283,34.717995
O=C1c2cc(-c3cn[nH]n3)n(-c3ccc(C(F)(F)F)cc3)c2C(c2ccc(Cl)cc2)N1c1cc(Cl)c(=O)n(C2CC(O)C(O)C2)n1,中毒,15.540574,13.466203
O=C1c2nc(-c3cn[nH]n3)nn2C(c2ccc(Cl)cc2)N1c1cc(Cl)cn(C2CC2)c1=O,中毒,22.302883,45.141335
O=C1c2cc(-c3cn[nH]n3)cn2C(C2CCCO2)C(c2ccc(Cl)cc2)N1c1cc(Cl)cn(C2CC(O)C(O)C2)c1=O,中毒,31.866957,18.986786
Oc1ccc(C2=C(c3cn[nH]n3)C[SH]3CCN=C23)c(CC(c2cncnc2)c2ccc(F)cc2F)c1,中毒,70.65112,97.87056
O=c1c(N2Cc3cc(-c4cn[nH]n4)n(-c4cc5cc(N6CCC(F)C6)ccc5s4)c3C2c2ccco2)cc(Cl)cn1C1CC(O)(CO)C1,中毒,20.045097,11.513729
Fc1cc(Cl)ccc1-n1c(-c2cn[nH]n2)cc2c1C(c1ccc(Cl)cc1)N2c1ccc(Cl)nc1,中毒,17.66621,38.817986
N#Cn1cc(N2C(c3ccc(Cl)c(Cl)c3)c3cc(-c4cn[nH]n4)n(-c4ccc(Cl)cc4Cl)c3C2c2ccc(Cl)cc2)cc(Cl)c1=O,中毒,29.275309,15.904917
N#Cc1ccc(N2C(=O)C3C(c4cc(Cl)c(O)c(Cl)c4)=C(F)c4c(cc(-c5cn[nH]n5)n4-c4ccc(F)cc4)C3C3(CC3)C2=O)cn1,中毒,76.07368,13.503714
O=C1c2nc(-c3cn[nH]n3)n(-c3c(Cl)cccc3Cl)c2C(c2ccc(Cl)cc2)N1c1cc(Cl)cn(C2CC(O)(CO)C2)c1=O,中毒,35.69709,13.466203
c1cc(C23CNCC2(c2cn[nH]n2)C3)cs1,高毒,11.506216,22.941866
c1nc(NCc2ccsc2)cc(-c2c[nH]c3ncc(-c4cn[nH]n4)cc23)n1,中毒,15.014737,169.02458
O=C1NC2=C1CCc1nc(SCc3nc(-c4cn[nH]n4)cs3)cn12,中毒,21.067785,22.305523
O=c1c2c(sc3ncccc13)-c1c-2cc(-c2cn[nH]n2)n1-c1ccc(Cl)cc1,中毒,10.262443,20.807077
[O]N1c2cc(-c3cn[nH]n3)c(=O)[nH]c2C(c2cccnc2)N1c1cc(Cl)cn(C2CC(F)(F)C2)c1=O,中毒,10.103606,14.009461
Fc1nccc(-c2cnc3oc(-c4cn[nH]n4)nc3n2)c1F,中毒,19.582954,66.42126
Oc1cccc2c1CC(Oc1nc(Nc3cccc(F)c3)nc(NC34Cc5cc(-c6cn[nH]n6)sc5C5CC(CC3C5)C4)n1)C2,中毒,18.876085,15.400758
Clc1ccc(C(Cl)(Cl)Cl)c2occ(-c3cn[nH]n3)c12,低毒,16.532852,17.884392
NC1=NC=NN2C=C3C(=C4C=C(c5cn[nH]n5)C=C4C(F)=C12)CSc1ccc(Br)cc13,中毒,24.294966,22.65556
O=C1C2CCc3cc(-c4cn[nH]n4)n(-c4ccc(Cl)cc4)c3C(c3ccc(Cl)cc3)N1c1cc(Cl)cn2c1=O,中毒,28.622856,14.3937645
O=c1c(-n2c(-c3cn[nH]n3)cc3c2CS(=O)(=O)C3)cc(Cl)cn1C1CC(O)C(O)C1,中毒,7.8441753,12.616843
O=C1c2cc(-c3cn[nH]n3)c(-c3c(Cl)cccc3Cl)nc2C(c2ccc(Cl)cc2)N1c1cc(Cl)cn(C2CC(O)(CO)C2)c1=O,中毒,13.216523,12.087409
O=C1c2cc(-c3cn[nH]n3)n(-c3ccc(F)cc3F)c2C(c2cc(Cl)cc(Cl)c2)N1c1cc(Cl)cn(C2CC(O)(CO)C2)c1=O,中毒,12.488247,11.513729
O=C1c2cc(-c3cn[nH]n3)n(-c3cccc(Cl)c3Cl)c2C(c2ccc(Cl)cc2)N1c1cc(Cl)cn(C2CC(O)C(O)C2)c1=O,中毒,18.205946,11.513729
O=c1c(N2Cc3nc(-c4cn[nH]n4)n(-c4ccc(Cl)cc4)c3C2c2ccc(Cl)cc2)cc(Cl)cn1C1CC(O)(CO)C1,中毒,12.620661,34.717995
Fc1cc(Nc2ccnc(-c3cn[nH]n3)c2)cc2ccoc12,中毒,93.194496,18.618101
O=c1c(N2Cc3cc(-c4cn[nH]n4)c(N4Cc5c(Br)cc(Cl)cc54)nc3C3(CCCCC3)C2c2ccc(Cl)cc2)cc(Cl)cn1C1CC(O)(CO)C1,中毒,28.801418,14.418226
c1cc(-c2ccc3ncsc3c2)c2cc(-c3cn[nH]n3)sc2n1,中毒,70.833595,13.009392
O=c1c(N2Cc3cc(-c4cn[nH]n4)nc(-c4cc(Br)ccc4O)c3C2c2ccc(Cl)cc2)cc(Cl)cn1C1CC(O)(CO)C1,中毒,7.4282966,28.945686
O=C1c2nc(-c3cn[nH]n3)n(-c3ccc(F)cc3F)c2C(c2ccc(Cl)s2)N1c1cc(Cl)cn(C2CC(O)(CO)C2)c1=O,中毒,38.640644,34.717995
O=C1CC(n2c(C3=C4N=C(c5cn[nH]n5)N=C4CC(O)C3O)cc3cc(-c4cc(F)cnc4F)c(Cl)cc3c2=O)CC(O)N1,低毒,5.943091,11.23341
O=c1c(N2Cc3snc(-c4cn[nH]n4)c3C2c2ccccn2)cc(Cl)cn1C1CC(O)(CO)C1,中毒,11.426574,13.463638
O=c1c(N2Cc3cc(-c4cn[nH]n4)cc(-c4ccc(Oc5ccc6c(c5)OCO6)cc4)c3C2c2ccc(Cl)cc2)cc(Cl)cn1C1CC(O)(CO)C1,中毒,11.212927,9.912456
O=C1c2cc(-c3cn[nH]n3)n(-c3ccc(Cl)c(I)c3)c2C(c2ccc(Cl)cc2Cl)N1c1cc(Cl)cn(C2CC(O)(CO)C2)c1=O,中毒,15.540574,11.513729
O=c1c(N2Cc3nc(-c4cn[nH]n4)n(-c4ccc(F)cc4)c3C2c2ccc(Cl)cc2)cc(Cl)cn1C1CC(O)(CO)C1,中毒,12.620661,34.717995
O=C1c2cc(-c3cn[nH]n3)n(-c3ccc(Cl)cc3)c2C(c2ccc(Cl)cc2)(c2ccc(Cl)cc2)N1c1cc(Cl)cn(C2CC(O)(CO)C2)c1=O,中毒,14.882899,11.513729
Fc1ccc2c(c1)c(N1CC3(CCO3)c3cccnc31)c(Cl)c1sc(-c3cn[nH]n3)nc12,中毒,32.22791,40.24703
O=c1c(N2Cc3nc(-c4cn[nH]n4)n(-c4ccc(Cl)cc4F)c3C2c2ccc(Cl)cc2)cc(Cl)cn1C1CCS(=O)(=O)C1,中毒,17.897259,36.180477
Cn1cc(N2C(=O)c3cc(-c4cn[nH]n4)n(-c4ccc(F)cc4F)c3C2c2ccc(Cl)cc2)cc(Cl)c1=O,中毒,17.272402,15.904917
O=CC1(O)CC(n2cc(Cl)cc(N3C(=O)c4cc(-c5cn[nH]n5)n(-c5cc(F)c(F)cc5F)c4C3c3ccc(Cl)cc3)c2=O)C1,中毒,25.244574,11.513729
O=C1Nc2cc(-c3cn[nH]n3)c3cc2C(O)CCC(=Nc2cnc(-c4ccc(Oc5cc(F)c(F)cc5F)cc4Br)cc21)SC3,中毒,20.586416,13.847877
O=C1c2nc(-c3cn[nH]n3)oc2C(c2ccc(Cl)cc2)(c2cccs2)N1c1cc(Cl)cn(C2CC(O)C(O)C2)c1=O,中毒,51.50488,33.968105
Clc1nnccc1-c1n[nH]cc1CNCc1nc(-c2cn[nH]n2)cs1,中毒,17.997713,36.670273
O=c1c(N2Cc3cc(-c4cn[nH]n4)n(-c4ccc(F)c(Cl)c4)c3C2c2cccs2)cc(Cl)cn1C1CC(O)C(CO)C1,中毒,24.385923,11.513729
Clc1ccc(Nc2c(Cl)c(Cl)cc3c2Cc2cc(-c4cn[nH]n4)n(-c4ccc(Cl)cc4)c2-3)cc1,低毒,10.296522,15.492692
O=C1c2cc(-c3cn[nH]n3)n(Cc3ccc(Cl)cc3)c2C(c2ccc(Cl)cc2)N1c1cc(Cl)cn(C2CC(O)C(O)C2)c1=O,中毒,6.6767583,13.16881
Oc1cccc(-c2cn3c(-c4c[nH]c5ncc(-c6cn[nH]n6)cc45)c(Cl)cnc3n2)c1,中毒,20.777838,31.718899
O=C1c2cc(-c3cn[nH]n3)n(-c3ccc(Cl)cc3I)c2C(c2ccc3c(c2)OCO3)N1c1cc(Cl)cn(C2CC(O)(CO)C2)c1=O,中毒,14.882899,13.466203
O=C1c2cc(-c3cn[nH]n3)n(-c3c(Cl)cc(Cl)cc3Cl)c2C(c2ccc(F)cc2)N1c1cc(Cl)cn(C2CC(O)(CO)C2)c1=O,中毒,18.205946,11.513729
O=C1OCC2C(c3ccc(Cl)cc3)c3cc(-c4cn[nH]n4)n(-c4ccc(Cl)cc4F)c3C(c3ccc(Cl)cc3)N12,中毒,21.734957,55.647297
O=c1c(N2C(O)c3cc(-c4cn[nH]n4)n(-c4ccc(N5CCOCC5)cc4)c3C2c2ccc(Cl)cc2)cc(Cl)cn1C1CC(O)(CO)C1,中毒,26.991571,13.503714
Fc1cc(C(F)(F)F)ccc1-n1c(-c2cn[nH]n2)cc2c1C(c1ccc(Cl)cc1)c1c(cnn1-c1ccccc1)N2,中毒,7.909325,41.181087
Fc1ccc(-c2csc(N3CCc4c(cc(-c5cn[nH]n5)cc4-c4c(Cl)cccc4Cl)C3)n2)c(F)c1,中毒,16.455221,18.527687
O=c1c(N2C(O)c3cc(-c4cn[nH]n4)n(-c4cc(F)cc(F)c4)c3C2c2ccc(Cl)cc2)cc(Cl)cn1C1CC(O)(CO)C1,中毒,26.991571,12.110745
O=C1C2CC(O)(CO)Cc3cc(-c4cn[nH]n4)cc(-c4ccc(O)c(F)c4)c3C(c3ccc(Cl)cc3)N1c1cc(Cl)cn2c1=O,中毒,14.0745,16.862432
O=c1c(N2Cc3cc(-c4cn[nH]n4)cc(-c4ccc(Cl)cn4)c3C2c2ccc(Cl)cc2)cc(Cl)cn1C1CC(O)(CO)C1,中毒,22.081963,9.719319
O=C1c2cc(-c3cn[nH]n3)c(Cl)cnc(Cl)c3c(c2C(c2ccc(Cl)cc2)N1c1cc(Cl)cn(C2CC(O)(CO)C2)c1=O)=c1cc(Cl)ccc1=3,中毒,6.1933956,10.425424
O=C1c2cc(-c3cn[nH]n3)c(=O)n(-c3cc(Cl)ccc3F)c2C(c2ccc(Cl)cc2)N1c1cc(Cl)cn(C2CC(O)(CO)C2)c1=O,中毒,32.17651,12.110745
O=C1C(c2cn[nH]n2)=Nn2c1c(CCC1CC1)c(-c1ccc(F)cc1)c2-c1ccc(Oc2cccnc2)cc1,中毒,27.575764,9.719373
O=C(Nc1ccc(Oc2ccc(-c3cn[nH]n3)c(F)c2)cn1)c1nc([N+](=O)[O-])cn1-c1ccc2c(c1)OCO2,中毒,51.289284,45.62995
O=c1c(Cc2cccs2)c(-c2cccs2)nc2n1-c1nc(-c3cn[nH]n3)n(-c3ccc(F)cc3F)c1-2,中毒,28.345415,17.388855
O=c1c(N2Cc3cc(-c4cn[nH]n4)n(-c4ccc(F)cc4F)c3C2c2c[nH]c3ccccc23)cc(Cl)cn1C1CC(O)(CO)C1,中毒,15.763229,13.466203
O=c1c(N2Cc3cc(-c4cn[nH]n4)cc(-c4c(Cl)cccc4Cl)c3C2c2ccc(Cl)cc2Cl)cc(Cl)cn1C1CC(O)(CO)C1,中毒,9.166516,9.912456
N=C1c2cc(-c3cn[nH]n3)n(-c3ccc(F)cc3F)c2C(c2ccc(Cl)cc2)N1c1cc(Cl)cn(C2CC(O)(CO)C2)c1=O,中毒,15.763229,13.466203
Fc1cc2c(cc1F)-c1c(nc3cc(Cl)ccc3c1NCCCCCCCc1cn[nH]n1)CC2,中毒,9.77846,15.636279
O=C1c2cc(-c3cn[nH]n3)n(-c3ccc(Cl)cc3)c2C(c2ccc(Cl)cc2)N1c1cc(Cl)cn(C2CC(O)C(OO)C2)c1=O,中毒,14.882899,11.513729
Clc1cnn2cc(-c3ccno3)cc(-c3cc(OC4Cc5cc(-c6cn[nH]n6)sc5C4)cs3)c12,中毒,26.98469,41.33767
O=C1c2cc(-c3cn[nH]n3)n(-c3ccc(Cl)c(F)c3)c2C(c2ccc(Cl)cc2Cl)N1c1cc(Cl)cn(C2CC(O)(CO)C2O)c1=O,中毒,15.540574,11.513729
Fc1cc(C#CCN2CC2)cc2c1C(c1ccc(Cl)cc1)C1(C2)CN(c2ccc(-c3cn[nH]n3)cn2)C1,中毒,23.338484,17.721884
O=C1CC(CNc2ncccc2Oc2ncc(-c3nc(-c4cn[nH]n4)no3)c3cc(F)cc(F)c23)CN1,中毒,17.884373,21.728933
Fc1cccc(F)c1-c1cc(-c2cn[nH]n2)cc2c1CN=C(c1ccc(Cl)cc1)C2c1ccc(C(F)(F)F)cc1,中毒,15.352472,18.851841
O=C1c2nc(-c3cn[nH]n3)c(Nc3ccc(F)cc3)nc2C(c2ccc(Cl)cc2)N1c1cc(Cl)cn(C2CC(O)(CO)C2)c1=O,中毒,15.174922,11.901765
Fc1cc(Cl)ccc1-n1c(-c2cn[nH]n2)cc2c1C(c1ccc(Br)cc1)N(c1cc(Cl)cc(Cl)c1)C2c1ccc(Cl)c(Cl)c1,中毒,21.947083,23.107658
NC(=O)C1(C(F)(F)F)CCc2sc(-c3cn[nH]n3)cc2C1,低毒,71.39825,53.632294
c1ncc(-c2ncc(OCCN3CCC(c4c[nH]c5ncc(-c6cn[nH]n6)cc45)C3)s2)nn1,中毒,5.2431355,48.840458
Fc1ccc2c(c1)-c1nc(-c3cn[nH]n3)sc1CN(Cc1ccc3nocc3c1N1CCOCC1)C2,中毒,8.434972,15.607578
Clc1cc2cc(-c3cn[nH]n3)c(-c3coc(-c4ccc(NCc5cccnc5)cc4)n3)cc2cc1Cl,低毒,8.063691,21.508873
c1cc(-c2csc(C34CC3C(c3cn[nH]n3)N4)n2)on1,中毒,20.68461,64.27667
Fc1cccc(-c2cc3c(nc(-c4cn[nH]n4)n4nc(-c5ccco5)nc34)s2)c1,中毒,79.03419,55.09147
OCC1CC(N2Cc3cc(-c4cn[nH]n4)n(-c4ccc(Cl)cc4)c3C2c2ccc(Cl)cc2)=CN1C1CC(O)(CO)C1,中毒,29.91879,12.201341
c1cc2cnc(Nc3ccc4c(c3)OCCO4)c(-c3cn[nH]n3)c2[nH]1,中毒,3.3933022,21.95976
Fc1ccc(-c2nocc2CC(c2ncc(-c3cn[nH]n3)cc2F)N2CCC(N3CCOCC3)CC2)cc1,中毒,88.64191,32.30037
NC(=O)c1ncc(-c2ccc(C(=O)C3c4c(cc(-c5cn[nH]n5)cc4-c4c(Cl)cncc4Cl)CC3(Cl)Cl)c(F)c2)c2cn[nH]c12,中毒,66.54214,19.744387
CS(=O)(=O)C(S)=[SH]c1cc2cncc(-c3cn[nH]n3)c2c(C2CCC(F)C2)c1-c1ccc2ncc(Cl)cc2n1,中毒,15.52814,27.620838
CC(CO)(CO)n1cc(Cl)cc(N2C(c3ccc(Cl)cc3)c3cc(-c4cn[nH]n4)n(-c4cc(Cl)cc(Cl)c4)c3C2c2ccc(Cl)cc2F)c1=O,中毒,19.24008,11.513729
Fc1ccc2c(c1)-c1nc(-c3cn[nH]n3)ccc1CCO2,中毒,22.796383,15.248766
Fc1cc(Nc2ncnc3c(-c4cn[nH]n4)c[nH]c23)c(Cl)cc1Cl,中毒,10.428014,40.77751
O=C1c2cc(-c3cn[nH]n3)cc(-c3c(Cl)cccc3Cl)c2CC(c2cccc(Cl)c2)N1c1cc(Cl)cn(Cl)c1=O,中毒,40.270355,14.931371
O=C1c2cc(-c3cn[nH]n3)cc(-c3c(Cl)cccc3Cl)c2C(c2ccc(Cl)cc2)NN1c1cc(Cl)cn(C2CC(O)(CO)C2)c1=O,中毒,15.763229,12.095076
O=C1c2cc(-c3cn[nH]n3)n(-c3ncc(Cl)c(Cl)c3F)c2C(c2cc3cc(Cl)ccc3s2)N1c1cc(Cl)cn(C2CC(O)(CO)C2)c1=O,中毒,16.093407,11.513729
O=c1c2c3c(sc2nc(-c2cn[nH]n2)n1-c1ccc(Cl)cc1)CC#C3,中毒,38.567265,24.67719
O=S1(=O)c2cccc(c2-c2nc3cc(-c4ccsc4)ccc3o2)Cc2cc(-c3cn[nH]n3)cc(-c3c(Cl)cccc3Cl)c21,中毒,16.593191,17.437838
Clc1cc(Cl)cc(-n2c(-c3cn[nH]n3)cc3c2-c2sc(Br)cc2-3)c1,中毒,18.070381,19.912594
O=C1c2cc(-c3cn[nH]n3)[nH]c2C(c2ccc(Cl)cc2)N1c1cc(Cl)cn(C2CCOCC2)c1=O,中毒,11.314767,13.466203
c1ccc(-c2cnoc2-c2noc(-c3cn[nH]n3)n2)nc1,低毒,21.98928,23.4673
c1nc2ccc(CN3CCc4cc(-c5cn[nH]n5)sc4C3)nc2s1,中毒,30.581757,28.43696
O=c1c2sncc2nc(C2CS(=O)(=O)Cc3c(-c4ccnc5[nH]cnc45)nc(-c4cn[nH]n4)nc32)n1-c1cc(F)cc(F)c1,中毒,17.475342,32.80167
O=C1c2cc(-c3cn[nH]n3)cn2C(c2ccc(Cl)cc2)N1c1cc(Cl)c(=O)n(C2CC2)c1,中毒,22.487837,32.2634
O=C1c2cc(-c3cn[nH]n3)c(-c3ccc(F)cc3F)c(=O)n2C(c2ccc(Cl)cc2)N1c1cc(Cl)cn(C2CC(O)(CO)C2)c1=O,中毒,38.834198,13.503714
O=C1c2nc(-c3cn[nH]n3)nc(Oc3ccc(OC(F)(F)F)cc3)c2C(c2ccc(Cl)cc2)N1c1cc(Cl)cn(C2CC(O)(CO)C2)c1=O,中毒,27.094715,13.503714
Fc1ccc(-n2c(-c3cn[nH]n3)cc3c2C(c2ccc(Cl)cc2)=Nc2cc(Cl)c4cc2CN=[N+]ON=C43)cc1,中毒,32.733707,105.63446
Fc1cc(Cl)ccc1-n1c(-c2cn[nH]n2)cc2c1C(c1ccc(Cl)cc1)N(c1cc(Cl)c3ncsc3c1)C2,中毒,21.327534,22.860353
O=C1c2cc(-c3cn[nH]n3)n(-c3ccc(Cl)cc3F)c2N1c1cc(Cl)cn(C2CC(O)(CO)C2)c1=O,中毒,23.669764,13.503714
O=S1(=O)Cc2nc(-c3cn[nH]n3)c(-c3ccnc(NC4CCOCC4)c3)c(-c3ccncn3)c2C1,中毒,6.537733,21.278093
Fc1ccc(C2c3cc(-c4cn[nH]n4)cc(-c4c(Cl)cccc4Cl)c3CNC2c2cccc(Cl)c2)cc1,中毒,16.106373,13.503473
c1n[nH]cc1-c1cncc2cc(-c3cn[nH]n3)cn12,中毒,64.19655,96.59976
Fc1ccc(-n2c(-c3cn[nH]n3)cc3c2C(c2ccc(Cl)cc2)N(c2cc(Cl)cs2)C3c2ccc(Cl)cc2)c(F)c1,中毒,28.501118,23.074959
OC1(COc2ccc(Br)cc2-c2nc(-c3cn[nH]n3)co2)C2CC3CC(C2)CC1C3,中毒,9.379489,52.03582
O=C1c2nc(-c3cn[nH]n3)sc2C(c2ccc(F)cc2)N1c1cc(Cl)cn(C2CC(O)(CO)C2)c1=O,中毒,59.929935,28.20462
O=S(=O)(Nc1ncn[nH]1)c1ccc(N2CCOCc3cc4ccc3-c3cc(-c5cn[nH]n5)cc(-c5cc6ccccc6o5)c3C42)cc1,中毒,35.09667,45.693775
O=c1c(N2Cc3cc(-c4cn[nH]n4)n(-c4cc(F)c(F)cc4F)c3C2c2ccc(Cl)cc2)cc(Cl)cn1C1CC(O)(CO)C1,中毒,15.763229,11.513729
Clc1cc(N2CC(c3ccc(-c4cc(OCC56CC7CC(CC(C7)C5)C6)c(Cl)cc4-c4cn[nH]n4)cc3Cl)C2)ccn1,中毒,6.8081355,100.04333
O=C1c2nc(-c3cn[nH]n3)cc(Nc3cc4cc5c(cc4s3)OCO5)c2C(c2ccc(Cl)cc2)N1c1cc(Cl)cn(C2CC(O)(CO)C2)c1=O,中毒,35.69709,13.503714
O=c1c2c(F)cnc(-c3cc(F)c(F)cc3F)c2cc(-c2cn[nH]n2)n1-c1c(F)cc(C(F)(F)F)cc1F,中毒,5.26053,28.300455
O=c1c2c3c(oc2nc(-c2cn[nH]n2)n1-c1cccc(OC2CCNC2)c1)CC(C(F)(F)F)CC3,中毒,16.101068,46.309635
ONc1nc2sc(-c3cn[nH]n3)cc2s1,中毒,200.35194,49.49673
O=C1c2ccc(Cl)c(-c3cnn4ncccc34)c2CCN1Cc1ccc(-c2cn[nH]n2)nc1,中毒,6.777034,26.784218
c1cc2cc(N3CCN(c4nc(-c5cn[nH]n5)nc(N5CCOCC5)n4)CC3)ccc2cn1,中毒,15.62949,121.48068
O=C(O)c1cnc2c(N3C(=O)c4cc(-c5cn[nH]n5)c(-c5cc(Cl)ccc5F)c(=O)n4C3c3ccc(Cl)cc3)cc(Cl)cn2c1=O,中毒,32.17651,15.02669
NCC1(O)CC(n2cc(Cl)cc(N3C(=O)c4cc(-c5cn[nH]n5)c(Sc5ccc(Cl)cc5F)nc4C3c3ccc(Cl)cc3)c2=O)C1,中毒,77.31507,14.418226
Fc1ccc(Sc2nc(N3CCc4c(cc(-c5cn[nH]n5)nc4-c4c(Cl)cccc4Cl)C3)c(Br)c(N3C4CCOCC3CC4)n2)cc1F,中毒,53.301643,21.643929
c1ccc(-c2noc(C3CC3)c2-c2cc(-c3cn[nH]n3)cs2)nc1,中毒,35.589146,71.27344
O=C1c2cc(-c3cn[nH]n3)n(-c3ccc(F)cc3F)c2-c2sc(Cl)c(Cl)c21,中毒,5.639542,14.1463
CN1CCCC2CN(Cc3c4cccc3-c3c(ccnc3NCC3CCC(C(=O)N5CCN(C6=NCCO6)CC5)CC3)-c3cc(-c5cn[nH]n5)nc-4c3)CC21,中毒,47.133087,30.164227
O=c1c(-c2cc(F)c(O)c(Cl)c2)c(-c2ccc(C#CCN3CCOCC3)c(Cl)c2)[nH]c2ncc(-c3cn[nH]n3)cc12,中毒,16.29314,17.013035
O=C1c2cc(-c3cn[nH]n3)n(-c3ccc(Cl)cc3Cl)c2C(c2ccc(F)cc2)N1c1cc(Cl)cn(C2CC(O)(CO)C2)c1=O,中毒,18.205946,11.513729
O=C1C2=CC(c3cn[nH]n3)=NC2=C(OCc2ccc(F)c(F)c2C(F)(F)F)C(c2ccc(Cl)cc2)N1c1cc(Cl)cn(C2CC(O)(CO)C2)c1=O,中毒,15.80907,13.466203
O=C1Sc2nc3ccc2CCN(c2ncc(F)nc2CF)CC3=C2C1=CC(c1cn[nH]n1)=C2OC(CO)C(O)C(O)CO,中毒,11.354846,24.222311
O=c1c(C2CC2c2ccc3c(c2)OCO3)c(-c2cn[nH]n2)cc2n1-c1cc(-c3ccc(Cl)cc3)nc(-c3cncc(C(F)(F)F)c3)c1-2,中毒,12.064924,16.729147
O=c1c(N2Cc3cc(-c4cn[nH]n4)n(-c4ccc(C(F)(F)F)cc4)c32)cc(Cl)cn1C1CC(O)(CO)C1,中毒,55.788013,34.27415
c1coc(-c2nc(-c3nc(-c4cn[nH]n4)cs3)nn2-c2ccc3ccc4occc4c3c2)n1,中毒,13.658336,35.147892
O=c1c2cc(Br)c(F)cc2c(-c2cn[nH]n2)cn1C1CC(O)C(CO)O1,中毒,14.096789,15.738002
O=C1c2cc(-c3cn[nH]n3)cc(-c3c(F)cccc3Cl)c2N1c1cc(Cl)cn(C2CC(O)(CO)C2)c1=O,中毒,38.74793,16.862432
O=c1c(N2Cc3cc(-c4cn[nH]n4)nc(N4CC(Cn5ccnc5)C4)c32)cc(Cl)cn1C1CC(O)(CO)C1,中毒,23.187881,25.921446
O=C1c2cc(-c3cn[nH]n3)n(-c3ccc(Cl)cc3)c2C(c2cccs2)N1c1cc(Cl)cn(C2CC(O)(CO)C2)c1=O,中毒,15.111123,11.513729
Fc1ccc(-c2c(-c3cn[nH]n3)cc3c4c2C(=C3)N(c2ccc(Cl)cc2)C4c2ccc(Cl)cc2)c(F)c1,中毒,86.90139,11.530418
Oc1cccc(NC(=S)Nc2ncnc3cc(-c4cn[nH]n4)cnc23)c1,中毒,32.688976,388.8941
O=C1c2cc(-c3cn[nH]n3)n(-c3ccc(Cl)cc3F)c2C(c2ccc(Cl)cc2)N1c1cc(Cl)cn(C2CC(O)(COCO)C2)c1=O,中毒,12.488247,13.466203
c1cc(C2CCc3sc(-c4cn[nH]n4)nc3O2)ncn1,低毒,20.014286,29.279078
Clc1ccc(-c2cc(C3=NC(c4ccc5c(c4)OCCO5)c4ncc(-c5cn[nH]n5)cc4N3)ccn2)cc1,中毒,76.09933,13.185836
Fc1ccc(-c2nc(SCCCl)nc3c(F)cc(-c4cn[nH]n4)cc23)cc1,中毒,3.7260742,33.457405
O=c1c(N2Cc3cc(-c4cn[nH]n4)cc(-c4c[nH]c5ncnc(N6CCOCC6)c45)c3C2c2ccc(Cl)cc2)cc(Cl)cn1C1CC(O)(CO)C1,中毒,8.952052,15.303033
O=C1c2cc(-c3cn[nH]n3)n(-c3ccc(Cl)cc3)c2C(c2ccc(N(CCF)C(F)F)cc2)N1c1cc(Cl)cn(C2CC(O)(CO)C2)c1=O,中毒,12.488247,11.343716
O=c1c(N2Nc3cc(-c4cn[nH]n4)n(-c4ccc(Cl)cc4)c3C2c2ccc(Cl)cc2)cc(Cl)cn1C1CC(O)(CO)C1,中毒,13.591881,13.447941
O=C1N(c2cc(Cl)cn(C3CC(O)(CO)C3)c2=O)C(c2ccc(Cl)cc2)c2c(-c3cccnc3)c(-c3cn[nH]n3)cn21,中毒,8.740383,16.230408
O=[N+]([O-])c1cc(Cl)cc2c1-c1cc(-c3cn[nH]n3)cc(-c3c(Cl)cccc3Cl)c1C2c1ccc(Cl)cc1,中毒,7.304514,153.62088
O=C1N(Cc2nc(C3CC3)no2)CCCC12N=C(c1ccc(Oc3cn[nH]n3)c(F)c1)ON2,中毒,11.751109,15.496741
FC(F)(F)c1cc(N2CC(COc3nc4c(cc3Cl)-c3c-4cc(-c4cn[nH]n4)n3-c3ccc(Cl)cc3)CC2c2ccc(Cl)cc2)ccc1Cl,中毒,12.29294,15.693858
O=c1c(N2Cc3cc(-c4cn[nH]n4)n(-c4ccc(Cl)cc4F)c32)cc(Cl)cn1C1CC(O)(CO)C1,中毒,46.28395,33.69392
O=C1c2cc(-c3cn[nH]n3)n(-c3cc(Cl)cc(Cl)c3)c2C(c2ccc(Cl)cc2)N1c1cc(Cl)cn(C2CCOCC2)c1=O,中毒,22.121504,13.466203
O=C1c2cc(-c3cn[nH]n3)n(-c3ccc(Cl)cc3)c2C(c2ccc(Cl)cc2)N1c1cc(Cl)cn(C2CC(O)(CO)C2=O)c1=O,中毒,38.99518,11.513729
Clc1cc(Cl)cc(-c2csc(N3CCc4cc(-c5nc6ncccc6o5)c(-c5cn[nH]n5)cc4C3)n2)c1,中毒,5.1133895,13.326297
O=C1c2nc(-c3cn[nH]n3)n(-c3ccc(Cl)cc3)c2C(c2ccc(Cl)cc2)N1c1cc(Cl)cn(C2CC(O)=C(O)C2)c1=O,中毒,23.043425,34.717995
O=C1c2c(ccc(=O)n2-c2cn[nH]n2)C(c2ccccc2)N1c1cc(Cl)cn(C2CC(O)(CO)C2O)c1=O,中毒,30.485231,12.087409
O=S1(=O)CCC2(CC1)CN1C(=CC(C3CC3)=C(OCC(F)(F)F)C2O)C=CC(Cl)=CC=C2C(Cl)=CC(Cl)=CC=c3c4cc(-c5cn[nH]n5)n3c4C21,中毒,62.115097,10.232682
O=C1c2cc(-c3cn[nH]n3)n(-c3ccccc3Cl)c2C(c2ccc(Cl)cc2)N1c1cc(Cl)cn(C2CCS(=O)(=O)C2)c1=O,中毒,17.475342,14.026334
O=S1(=O)CCC(O)(CC2CCN(C3=NC=C(c4ccc(C5=NC(c6cn[nH]n6)CC5)nc4)C3)N2)CC1,中毒,34.23077,15.662796
c1csc(N2CCN(c3nc(-c4cn[nH]c4)nc4cc(-c5cn[nH]n5)ccc34)CC2)n1,中毒,5.923184,79.00664
O=C1c2cc(-c3cn[nH]n3)c(=O)cc(-n3cnnc3)c2C(c2ccc(Cl)cc2)N1c1cc(Cl)cn(C2CC(O)(CO)C2)c1=O,中毒,5.6983395,26.52157
O=C1c2cc(-c3cn[nH]n3)n(-c3cc(Cl)cc(Cl)c3)c2-c2sc(Cl)c(O)c21,中毒,7.5367985,14.103516
c1cnc2cc(-c3cn[nH]n3)cc(Nc3ccnc(CN4CCOCC4)c3)c2c1,中毒,7.11962,31.500685
O=C1c2cc(-c3cn[nH]n3)n(-c3ccc(F)cc3OCC3CCOCC3)c2C(c2ccc(Cl)cc2)N1c1cc(Cl)cn(C2CC(O)(CO)C2)c1=O,中毒,38.99518,13.466203
Clc1ccc(C2[SH]c3cc(-c4cn[nH]n4)cc(-c4c(Cl)cccc4Cl)c3CCN3Cc4nc(-c5cn[nH]c5)nc3c42)c(Cl)c1,中毒,35.847084,25.79686
O=C1c2cc(-c3cn[nH]n3)n(-c3ccc(C(F)(F)F)cc3)c2C(c2ccc(Cl)cc2)N1c1cc(Cl)cn(C2CC(O)C(O)C2)c1=O,中毒,14.882899,11.513729
c1n[nH]cc1-c1cnnc2cc(-c3cn[nH]n3)ncc12,低毒,15.590974,92.98632
O=C1Nc2cc(-c3cn[nH]n3)n(-c3ccc(Cl)cc3)c2C(c2ccc(Cl)cc2)N1c1cc(Cl)cn(C2CC(O)(CO)C2)c1=O,中毒,14.802056,16.230408
c1nc2c([nH]1)OCC1CN(c3cncc(-c4cn[nH]n4)c3C3CCCN3)CC21,中毒,23.14869,44.751614
Clc1ccc(C2c3c(cc(-c4cn[nH]n4)n3-c3ccc(Cl)cc3)CN2c2cc(Cl)c[nH]2)cc1,中毒,28.622856,23.390354
Fc1cc(F)c2c(c1)C1=C3N=C(C(F)(F)Cl)C(=C(c4cn[nH]n4)N=C12)C3C1CC2CC(O2)C1C(F)(F)F,中毒,22.85667,9.114193
c1cncc(-c2nc(COc3ccc(-c4cn[nH]n4)cc3)no2)c1,中毒,242.0838,51.052902
O=c1c(-c2cn[nH]n2)cn2ccsc(-c3ccc(-c4cncnc4)c(F)c3)c1-2,中毒,17.94757,13.70899
Cn1cc(Cl)cc(N2C(c3ccc(Cl)cc3)OCOc3cc4ccc3-c3cc(-c5cn[nH]n5)cc(-c5ccccc5)c3C42)c1=O,中毒,73.24895,50.287067
O=C1c2nc(-c3cn[nH]n3)c(-c3ccc(CS(=O)(=O)c4ccc(Cl)cc4)cc3)nc2CN1c1cc(Cl)cn(C2CC(O)(CO)C2)c1=O,中毒,21.438358,11.901765
O=c1c(-c2cn[nH]n2)cc2c(n1-c1ccc(Cl)cc1)C(Br)=C(Nc1cccnc1)C2c1ccc(Cl)cc1,中毒,48.51858,33.49431
O=C(O)C(CCc1ccccc1)OC(=O)N1CCC2(CC1)CC1(c3cccc(Cl)c3F)c3oc(-c4cn[nH]n4)cc3CC21,中毒,25.088379,16.015997
O=C1N(c2cc(Cl)cn(C3CC(O)C(O)(CO)C3)c2=O)C(c2ccc(Cl)cc2)c2c(-c3cnc4[nH]ccc4c3)c(-c3cn[nH]n3)cn21,中毒,6.3808517,13.466203
O=C(Nc1ncc(-c2cc3c(s2)C(Oc2ccc(-c4cn[nH]n4)cc2)C3)c(C2(F)CC2)n1)C1CC1,中毒,50.092033,51.984737
OC(c1cocn1)c1cnc(N2Cc3cc(F)c(-c4cn[nH]n4)cc3C2)s1,中毒,87.53864,12.384234
O=C1c2cc(-c3cn[nH]n3)c(-c3ccc(F)cc3)n2N1c1cc(Cl)cn(C2CC(O)(CO)C2)c1=O,中毒,16.011526,14.418226
O=C1c2cc(-c3cn[nH]n3)n(-c3ccc(F)cc3F)c2C(c2ccc(Cl)cc2)(c2ccc(Cl)cc2)N1c1cc(Cl)cn(C2CC(O)(CO)C2)c1=O,中毒,12.488247,11.513729
N=C1c2cc(-c3cn[nH]n3)c(-c3ccsc3)cc2C(c2ccc(Cl)cc2)N1c1cc(Cl)cn(C2CC(O)C(O)C2)c1=O,中毒,12.993871,16.862432
O=C1c2cc(-c3cn[nH]n3)n(-c3c(F)cccc3C(F)F)c2C(c2ccc(Cl)cc2)N1c1cc(Cl)cn(C2CC(O)(CO)C2)c1=O,中毒,12.488247,13.466203
S=C(Nc1cccnc1)N1CCC=C(c2nn(-c3ccccc3)c3c(-c4cn[nH]n4)nc(-c4cnc5[nH]ccc5c4)cc23)C1,中毒,16.463552,102.55009
Fc1cc2c(cc1CN1CCc3cc(-c4cn[nH]n4)sc3C1)OCCO2,中毒,43.67957,19.262724
O=c1c(N2Cc3cc(-c4cn[nH]n4)n(-c4cc(CN5CCSCC5)cc(C(F)(F)F)c4)c3C2c2ccc(Cl)cc2)cc(Cl)cn1C1CC(O)(CO)C1,中毒,19.24008,12.110745
O=C1c2cc(-c3cn[nH]n3)n(-c3ccc(Cl)cc3F)c2C(c2ccc(Cl)cc2)N1c1cc(Cl)cn(C2CC2(F)F)c1=O,中毒,17.475342,14.026334
OC1COC(c2ccc(F)cc2F)(C2Cc3cc(C(Oc4cncnc4)c4cn[nH]n4)c(F)cc3O2)C1O,中毒,15.759638,191.07306
O=S1(=O)CCC2C(Nc3ccc(Oc4cn[nH]n4)nc3)=NCCC21,中毒,19.64619,24.77368
O=C1c2cc(-c3cn[nH]n3)c(-c3ccncc3)cc2N1c1cc(Cl)cn(C2CC(O)(CO)C2)c1=O,中毒,18.619787,11.733231
O=C1c2cc(-c3cn[nH]n3)n(-c3ccc(Cl)cc3)c2C(c2ccccc2F)N1c1cc(Cl)cn(C2CC(O)(CO)C2)c1=O,中毒,14.882899,11.513729
O=c1[nH]c(=O)n(-c2ccc(S(=O)(=O)C(F)(F)F)cc2Cl)cc1-c1cn[nH]n1,中毒,14.056435,53.957756
O=C1N(c2cc(Cl)cn(C3CC(O)C(O)C3)c2=O)C(c2ccc(Cl)cc2)c2c(-c3ccnc(Cl)c3)c(-c3cn[nH]n3)cn21,中毒,7.7003746,16.230408
O=C1c2nc(-c3cn[nH]n3)c(Cl)c(-c3ccc(Oc4ccccc4)cc3)c2C(c2ccco2)N1c1cc(Cl)cn(C2CC(O)(CO)C2)c1=O,中毒,27.058037,12.110745
OC1CC(F)(c2ncc3c(n2)CCc2cc(-c4cn[nH]n4)n(-c4ccc(Cl)cc4F)c2-3)CC(O)C1O,中毒,5.9512453,45.528988
Clc1cccc(C2Cc3c(-c4c(Cl)cccc4Cl)cc(-c4cn[nH]n4)cc3N2c2ccc(N3CCOCC3)c(NCC3=NCCCS3)c2)c1,低毒,19.629997,39.919106
Clc1ccc(C2(c3cn[nH]n3)CCOc3cncnc32)cc1,中毒,17.078281,69.8421
O=[N+]([O-])c1c(I)sc2c1Cc1cc(-c3cn[nH]n3)n(-c3ccc(Cl)cc3F)c1-2,中毒,13.162872,24.59914
Fc1cnccc1-c1ccc2c(c1)Cc1c-2cc(-c2cn[nH]n2)n1-c1ccc(Cl)cc1,中毒,8.46145,37.09797
O=C1C(c2cn[nH]n2)=CC2=C(C(c3cc(Cl)cc(Cl)c3)=C2)C(c2ccc(Cl)cc2)N2C(=O)C2=CC(Cl)=CN1C1CC(O)(CO)C1,中毒,42.229237,23.141388
O=c1c(N2C(c3ccc(Cl)cc3)c3cc(-c4cn[nH]n4)cc(-c4c(Cl)cccc4Cl)c3C2c2ccco2)cc(Cl)cn1C1CC(O)(CO)C1,中毒,6.3808517,12.110745
O=C1c2cc(-c3cn[nH]n3)cc(-c3c(Cl)ccc(Cl)c3Cl)c2OCN1c1cc(Cl)cn(C2CC(O)(CO)C2)c1=O,中毒,7.0327115,11.513729
O=c1cnn(-c2ccc(Cl)cc2C2c3cn(-c4cn[nH]n4)nc3CN2c2ccc(Oc3ccc(F)cc3)cc2)c(=O)[nH]1,中毒,14.395839,19.156939
O=C1c2cc(-c3cn[nH]n3)c(-c3ccc(Cl)c(F)c3)nc2C(c2ccc(Cl)cc2)N1c1cc(Cl)cn(C2CC(O)C(O)C2Br)c1=O,中毒,13.216523,12.087409
O=c1n(Cn2ccc(F)c2)ccc2nc(-c3cn[nH]n3)cn12,低毒,10.10661,21.979818
O=C1c2cc(-c3cn[nH]n3)n(-c3cc(Cl)cc(Cl)c3F)c2C(c2ccc(Cl)nc2)N1c1cc(Cl)cn(C2CC(O)(CO)C2)c1=O,中毒,12.488247,11.513729
O=C(O)C1CC(n2cc(Cl)cc(N3C(=O)n4cc(-c5cn[nH]n5)c(-c5cnc(Br)c(Cl)c5)c4C3c3ccc(Cl)cc3)c2=O)C1,中毒,6.4584956,16.230408
O=C1N(c2ccc3c(ccn3-c3c(Cl)cccc3Cl)c2)CC(c2ccc(-c3cn[nH]n3)cc2)C1(F)F,中毒,9.530944,76.12195
O=C1c2cc(-c3cn[nH]n3)c(=O)n(-c3cc(Cl)cc(Cl)c3)c2C(c2ccc(Cl)cc2)N1c1cc(Cl)cn(C2CC(O)(CO)C2)c1=O,中毒,51.50488,12.110745
O=C1c2cc(-c3cn[nH]n3)n(-c3ccc(F)cc3F)c2C(c2cccnc2Cl)N1c1cc(Cl)cn(C2CC(O)(CO)C2)c1=O,中毒,23.909687,11.513729
O=C1c2cc(-c3cn[nH]n3)n(-c3ccc(F)cc3)c2C(c2ccc(Cl)cc2)N1c1ccn(C2CC(O)(CO)C2)c1,中毒,18.205946,19.356245
Nc1ncnc2c1c(N1c3cc(-c4cn[nH]n4)n(-c4ccc(F)cc4F)c3C1c1ccc(Cl)cc1)cn2C1CC(O)(CO)C(O)C1O,中毒,15.763229,18.504242
NC(=O)COc1ccc(C23Cc4cc(-c5cn[nH]n5)cc(-c5c(Cl)cccc5Cl)c4C2=NC(c2ccco2)=N3)cc1,中毒,65.61842,9.468315
Clc1cccc(Cl)c1Cc1cc(N2Cc3sc(-c4ccsc4)c(-c4cn[nH]n4)c3C2)c(CC2CC2)o1,中毒,37.16739,13.142806
O=S(=O)(c1ccsc1Br)N1CCc2nc(-c3cn[nH]n3)sc2C1,中毒,34.14947,166.46732
O=C1CC(n2cc(Cl)cc(N3C(=O)c4cc(-c5cn[nH]n5)n(-c5ccc(Cl)cc5-c5ccc(Cl)cc5)c4C3c3ccc(Cl)cc3F)c2=O)CO1,中毒,17.272402,13.466203
Fc1cc2nc(C(OCc3ccc(Cl)c4ccccc34)(c3ccccc3)c3ccccc3Cl)n(Cc3cn[nH]n3)c2cc1F,中毒,16.078121,55.359505
Fc1cnnc(C(F)(F)F)c1N1CCN(c2cc(-c3nc(-c4cn[nH]n4)cs3)c3c(n2)Cc2cc(Cl)c(CNC4CCOCC4)cc2-3)CC1,中毒,4.80991,22.804161
O=C1c2cc(-c3cn[nH]n3)n(-c3ccc(Cl)cc3F)c2C(c2ccc(Cl)cc2)N1c1cc(Cl)c(=O)n(C2CCC(O)CC2)n1,中毒,29.54402,11.513729
O=C1c2nc(-c3cn[nH]n3)nc(Nc3ccc(N4CCNCC4)c(F)c3)c2C(c2ccc(Cl)cc2)N1c1cc(Cl)cn(C2CC(O)(CO)C2)c1=O,中毒,16.880064,13.466203
O=C1c2cc(-c3cn[nH]n3)c(-c3ccc(Cl)cc3)c(=S)n2C(c2ccc(Cl)cc2)N1c1cc(Cl)cn(C2CC(O)(CO)C2)c1=O,中毒,51.50488,36.43178
O=c1c(-c2c(-c3oncc3-c3cn[nH]n3)nc(NC3CC3)nc2-c2c(F)cccc2F)cn(C2CC2)c2ccc(N3CC(O)C3C(F)(F)F)cc12,中毒,10.979797,49.21948
O=C1c2cc(-c3cn[nH]n3)n(-c3cc(Cl)ccc3Cl)c2C(c2ccc(Cl)cc2)N1c1cc(Cl)cn2nc(O)cc12,中毒,76.07368,15.502344
c1cncc(-c2csc(N3Cc4nc(-c5cn[nH]n5)cc(-c5cnc6[nH]ccc6c5)c4C3)n2)c1,中毒,43.599373,13.510547
Fc1c(Cl)cccc1Nc1nc(Cl)nc2nc(-c3cn[nH]n3)ccc12,中毒,15.974471,28.435173
O=C1c2cc(-c3cn[nH]n3)n(-c3ccc(C(F)(F)F)cc3Cl)c2C(c2ccc(Cl)cc2)N1c1cc(Cl)cn(C2CC(O)(CO)C2)c1=O,中毒,18.205946,11.513729
O=C1c2nc(-c3cn[nH]n3)cc(Nc3ccc(Cl)cc3)c2C(c2ccc(Cl)cc2)N1c1cc(Cl)cn(C2CC2)c1=O,中毒,26.902124,34.541336
O=c1c(N2Cc3cc(-c4cn[nH]n4)cc(-c4ccc(Cl)cc4)c3C2c2ccc(Cl)cc2)cc(Cl)cn1C1CC(O)(CO)C1,中毒,9.036046,9.912456
O=C1c2nc(-c3cn[nH]n3)n(-c3ccc(Cl)cc3F)c2C(c2ccc(Cl)cc2)N1c1cc(Cl)cn(C2CC(O)(CO)C2)c1=S,中毒,24.818281,128.28659
FC(F)(F)c1nc2cnc(C3(Nc4ccnc5cc(-c6cn[nH]n6)cnc45)CC3)cc2[nH]1,中毒,12.874846,78.30664
c1sc(CN2CC3(CCOC3)C3(COCCO3)C2)cc1-c1cn[nH]n1,中毒,19.914446,34.407143
O=C1c2cc(-c3cn[nH]n3)n(-c3ccc(Cl)cc3Oc3ccc(Cl)cc3F)c2C(c2ccc(Cl)cc2)N1c1cc(Cl)cn(C2CC(O)(CO)C2)c1=O,中毒,38.99518,12.110745
O=C1c2nc(-c3cn[nH]n3)cc(Nc3c(F)cccc3F)c2C(c2ccc(Cl)cc2)N1c1cc(Cl)cn(C2CC(O)(CO)C2)c1=O,中毒,37.24519,33.968105
N#Cc1cc(N2Cc3cc(-c4cn[nH]n4)n(-c4ccc(Cl)cc4)c3C2c2ccc(Cl)cc2)c(=O)n(C2CC(O)C(O)C2O)c1,中毒,19.24008,11.513729
O=C1c2cc(-c3cn[nH]n3)c(-c3ccc(F)cc3Cl)nc2C(c2cccs2)N1c1cc(Cl)cn(C2CC(O)(CO)C2)c1=O,中毒,14.775009,12.110745
Brc1cccc(-n2cc(-c3cc(-c4cn[nH]n4)cc4c3CSc3ccccc3-4)nn2)c1,低毒,67.06406,32.803707
O=c1c(N2C(c3ccccc3)c3cnccc3-c3nn(-c4cn[nH]n4)cc3C3C2CC3(F)F)cc(Cl)cn1C1CC(O)(CO)C1,中毒,20.948442,32.351887
O=S(=O)(c1ccccc1Cl)N1CCc2nc(N3CCN(C4CCOCC4)CC3)c(-c3cn[nH]n3)cc2C1,中毒,21.638565,16.489126
O=C1c2cc(-c3cn[nH]n3)nn2C(c2ccc(Cl)cc2)N1c1cc(Cl)cn(C2CC(O)C(O)C2O)c1=O,中毒,7.773373,13.503714
O=S(=O)(Nc1ccncn1)c1ccc(Cl)c(-c2cc3oc(-c4cn[nH]n4)cc3cc2Br)c1F,低毒,33.55859,22.082027
O=S1(=O)CC(=NNc2ccc(F)cc2F)c2c(nc(-c3cn[nH]n3)nc2NCCc2c[nH]cn2)C1,中毒,19.877604,74.52929
O=c1c(N2Nc3cc(-c4cn[nH]n4)cc(-c4c(Cl)cccc4Cl)c3C=C(C(F)(F)F)C2c2ccc(Cl)cc2)cc(Cl)cn1C1CC(O)(CO)C1,中毒,5.186484,13.503714
O=C1C2CC(O)(CO)CC(N3Nc4cc(-c5cn[nH]n5)cc(-c5c(F)cccc5F)c4C3c3ccc(Cl)cc3)=CC(Cl)=CN12,中毒,62.15514,22.596075
Fc1cc(F)c(C2Cc3nc(-c4cn[nH]n4)nc(N4CC5CCC(C4)O5)c3CO2)cc1F,中毒,13.366775,62.94822
O=C1c2nc(-c3cn[nH]n3)cc(-c3cc(Cl)ccc3Cl)c2C(c2ccc(Cl)cc2)N1c1cc(Cl)cn(C2CC(O)(CO)C2)c1=O,中毒,37.24519,12.110745
O=C1c2cc(-c3cn[nH]n3)c(-c3cc(F)cc(F)c3F)n2C(c2ccc(Cl)cc2)N1c1cc(Cl)cn(C2CC(O)(CO)C2)c1=O,中毒,32.68572,13.503714
O=c1c(N2C(c3ncc(Cl)cc3F)c3cc(-c4cn[nH]n4)n(-c4ccc(F)cc4F)c3C2c2ccc(F)cc2)cc(Cl)cn1C1CC(O)C(O)C1,中毒,32.17651,12.110745
O=c1c(N2C(O)c3cc(-c4cn[nH]n4)c(-c4ccc(F)c(Cl)c4)nc3C2c2ccc(Cl)cc2)cc(Cl)cn1C1CC(O)(CO)C1,中毒,28.801418,12.087409
OCC(Nc1[nH]nc2c1-c1cc(-c3cn[nH]n3)cc(-c3c(Cl)cccc3Cl)c1C2O)c1ccoc1,中毒,18.806892,49.2607
O=C1c2cc(-c3cn[nH]n3)cc(Oc3ccc4[nH]c(=O)sc4c3)c2C2(CCCC2)C1Nc1cc(Cl)cn(C2CC(O)(CO)C2)c1=O,中毒,57.43861,13.817474
O=C1c2cc(-c3cn[nH]n3)sc2C(c2ccc(Cl)cc2Cl)N1c1cc(Cl)cn(C2CC(O)C(O)C2O)c1=O,中毒,7.8750753,8.960914
O=c1c(N2Cc3cc(-c4cn[nH]n4)c(-c4ccc(Cl)cc4)n3C2c2ccc(Cl)cc2)cc(Cl)cn1C1CC(O)(CO)C1,中毒,13.5253525,13.503714
O=C1c2cc(-c3cn[nH]n3)c(-c3cc(Cl)c(Cl)cn3)n2C(c2ccc(Cl)cc2)N1c1cc(Cl)cn(C2CC(O)(CO)C2)c1=O,中毒,19.951618,13.503714
C1=C2C=C(CC(Oc3nc(-c4cn[nH]n4)cc(C4CC4)n3)=C1)C(=NC1CSC=C1c1cnn(-c3cccc4nonc34)c1)N2,中毒,18.52612,86.0498
O=C1c2cc(-c3cn[nH]n3)nnc2C(c2ccc(Cl)cc2)N1c1cc(Cl)cn(C2CC(O)C(O)C2O)c1=O,中毒,7.4282966,13.503714
O=C1c2cc(-c3cn[nH]n3)n(-c3cc(Cl)cc(Cl)c3F)c2C(c2ccsc2)N1c1cc(Cl)cn(C2CC(O)(CO)C2)c1=O,中毒,12.488247,11.513729
OC(c1ccc(F)cc1)(c1c2cc(-c3cn[nH]n3)c-2c1-c1n[nH]c2nc(NCc3ccnnc3)ccc12)C(F)(F)F,中毒,28.547657,60.762547
O=c1c(N2C(c3ccc(Cl)cc3)c3c(-c4c(F)cccc4Cl)cc(-c4cn[nH]n4)cc3N3CCCC32)cc(Cl)cn1C1CC(O)(CO)C1,中毒,15.111123,8.911559
c1ccc(-c2ncnc3c2cc(-c2cn[nH]n2)c2nc(N4CCOCC4)ncc23)cc1,中毒,15.438139,156.3364
O=C1c2nc(C3=C4C=C(c5cn[nH]n5)C=C4C3)[nH]c2C(c2ccc(Cl)c(Cl)c2Cl)N1c1cc(Cl)cn(C2CC(O)(CO)C2)c1=O,中毒,36.83937,33.968105
O=S1(=O)C(c2ccc(Cl)cc2)c2c(nc(-c3cn[nH]n3)n2-c2ccc(Cl)cc2)C(c2ccc(Cl)cc2)N1c1ccc(Cl)cc1,中毒,32.733707,17.969591
O=C1c2nc(-c3cn[nH]n3)nc(-c3c(Cl)cccc3Cl)c2C(c2ccc(Cl)cc2)N1c1cc(Cl)cn(C2CC(O)(CO)C2)c1=O,中毒,16.880064,13.466203
Fc1cc(-n2c(-c3cn[nH]n3)cc3c2C(c2ccc(Cl)cc2)Nc2cc(Cl)ccc2-3)ccc1-c1ccsn1,中毒,33.91512,22.016832
O=C1CCCC2=C1C(c1ccc3c(c1)OCO3)c1c(cc(-c3cn[nH]n3)cc1-c1c(Cl)c(Cl)cc(Cl)c1Cl)N2,低毒,5.574756,47.157185
O=c1c2c(Br)c(N3CC4CC4C3)cc(-c3ccc(N4CCCNCC4)cc3)c2c2ccccc2n1-c1cn[nH]n1,中毒,22.136337,13.910786
O=c1c(N2C(O)c3cc(-c4cn[nH]n4)cc(-c4cc(F)cc(Br)c4)c3C2c2ccc(Cl)cc2)cc(Cl)cn1C1CC(O)(CO)C1,中毒,6.3808517,8.960914
Ic1cnc2c(c1)nc(-c1ccco1)n2-c1cn[nH]n1,中毒,22.191206,49.639755
O=C1c2cc(-c3cn[nH]n3)n(-c3nc4cc(-c5nnc[nH]5)ccc4s3)c2C(c2ccc(Cl)cc2)N1c1cc(Cl)cn(C2CC(O)(CO)C2)c1=O,中毒,14.882899,13.503714
c1coc(CN(Cc2csnn2)Cc2cn[nH]n2)c1,高毒,56.170696,46.52981
O=C1c2cc(-c3cn[nH]n3)n(-c3ccc(F)cc3F)c2C(c2ccc(Cl)s2)N1c1cc(Cl)cn(C2CCOCC2)c1=O,中毒,12.1550665,13.466203
Oc1cccc(-n2cc(-c3cn[nH]n3)c3c(Br)c(Br)c(Br)c(Br)c32)c1,中毒,30.021358,29.38721
O=c1c(N2Cc3nc(-c4cn[nH]n4)c(-c4ccc(F)c(Cl)c4)n3C2c2ccc(Cl)cc2)cc(Cl)cn1C1CC(O)(CO)C1,中毒,41.15799,13.447941
O=c1[nH]c(-c2cc(COc3ccnc4c3-c3c-4cc(-c4cn[nH]n4)n3-c3ccc(Cl)cc3)c3ccccc3n2)no1,中毒,12.37056,16.641336
O=c1c(N2C(=N[N+](=O)[O-])c3cc(-c4cn[nH]n4)n(-c4ccc(F)cc4F)c3C2c2ccc(Cl)cc2)cc(Cl)cn1C1CC(O)(CO)C1,中毒,15.763229,13.466203
Fc1ccc2nc(-c3ccc4[nH]nc(-c5cc(Oc6ccsc6)c(F)c6ncnc(NCC7CC7)c56)c4c3)c(Cc3cn[nH]n3)cc2c1,中毒,11.212302,13.466203
O=C1c2cc(-c3cn[nH]n3)n(-c3ccc(Cl)cc3)c2C(c2ccc3c(c2)OCO3)N1c1cc(Cl)cn(C2CC(O)(CO)C2)c1=O,中毒,14.882899,13.466203
Clc1nn(-c2ccccc2)cc1-c1ncnc2cnc(-c3cn[nH]n3)cc12,中毒,38.87533,127.81531
Clc1cc(Nc2ncnc3sc(-c4cn[nH]n4)cc23)ccc1Br,低毒,21.652592,108.80199
O=C1c2cc(-c3cn[nH]n3)n(OCC3CC3)c2C(c2ccc(Cl)cc2)N1c1cc(Cl)cn(C2CC(O)(CO)C2)c1=O,中毒,8.803864,13.466203
Fc1ccc(-c2c(-c3ccncc3F)nc3c(c2Br)-c2cc(-c4cn[nH]n4)n(-c4c(Cl)cccc4Cl)c2-3)cc1,低毒,9.808027,23.773117
O=C1C=CC2C3Cc4cc(-c5cn[nH]n5)c(OC5OC(COS(=O)(=O)c6cc(F)cc(F)c6)C(O)C(O)C5O)cc4C3CC12O,中毒,6.4755945,10.679217
O=C1c2cc(-c3cn[nH]n3)n(-c3ccnc(Cl)c3F)c2C(c2ccc(Cl)[nH]2)N1c1cc(Cl)cn(C2CC(O)(CO)C2)c1=O,中毒,10.762919,11.513729
O=C1c2c(nc3cc(F)ccc3c2-c2cn[nH]n2)C(c2ccc(Cl)cc2)N1c1cc(Cl)cn(C2CC(O)(CO)C2)c1=O,中毒,26.553892,12.110745
O=C(O)C1CC(n2cc(Cl)cc(N3C(=O)c4cc(-c5cn[nH]n5)n(-c5ccc(F)cc5F)c4C3c3ccc(Cl)cc3)c2=O)C1,中毒,12.488247,11.513729
O=C(Nc1cc(-c2nc(-c3cn[nH]n3)c(N3CSCC4(COC4)C3)o2)cnc1Cl)c1ccoc1,中毒,25.94683,31.496569
Fc1ccc(-c2csc(N3Cc4cc(-c5cn[nH]n5)nc(N5CCOCC5)c4C3)n2)c(F)c1,中毒,11.054684,15.607578
O=c1[nH]ccc2c1-c1cc(-c3cn[nH]n3)n(-c3ccc(Cl)cc3Cl)c1C(c1ccc(Cl)cc1)N2c1cc(Cl)cn(C2CC(O)=C(O)C2)c1=O,中毒,22.453327,16.023859
O=S1(=O)CCC(CNc2ccc(-c3cc4nc(C5CC(F)(F)C5)c(C5CC5)nc4cc3-c3cn[nH]n3)cn2)CO1,中毒,15.718014,70.89804
CC1C(n2cc(Cl)cc(N3C(=O)c4cc(-c5cn[nH]n5)n(-c5ccc(F)cc5F)c4C3c3ccc(Cl)cc3)c2=O)CC1(O)CO,中毒,12.488247,11.513729
O=c1c(N2Cc3cc(-c4cn[nH]n4)cc(-c4c(F)cccc4F)c3C2c2ccc(Cl)cc2)cc2c(c(=O)n1CC1CC1)CSC2,中毒,6.565807,34.021908
CC12COCC(=O)N(c3cc(Cl)cn1c3=O)C1C3=CC=C(Cl)C=CC(=CC=C(Cl)C=C2Cl)n2c(-c4cn[nH]n4)cc3c21,中毒,32.733707,16.862432
O=c1[nH]c(=O)c2c(nc1-c1cn[nH]n1)CN(c1cc(Cl)cn(C3CC(O)(CO)C3)c1=O)C2c1ccc(Cl)cc1,中毒,10.485148,42.47603
Fc1c(Oc2ccc(Nc3ncc4cc(-c5c(Cl)ccc(Cl)c5Cl)ccc4n3)cc2)cncc1-c1cn[nH]n1,中毒,3.806642,22.255245
Clc1ccc(Cl)c(-n2c(-c3cn[nH]n3)cc3c2CN(c2ncc(Br)c(OC4CN(Cc5nccs5)C4)n2)CC3)c1,低毒,7.909325,12.201341
O=S(=O)(n1nccc1CNC1=C2C(c3cc(-c4cn[nH]n4)cc4c3CNC4)=CN=C2C=C1)C(F)(F)F,中毒,16.499168,19.593046
Clc1ccc(C2c3cc(-c4cn[nH]n4)n(-c4ccc(Cl)cc4)c3C(c3ccc(Cl)cc3)N2C2=CC(Cl)(Cl)OC=C2)cc1,中毒,29.590183,24.800432
Fc1cc(Cl)ccc1-n1c(-c2cn[nH]n2)cc2c1C(c1cccc(Cl)c1)N(c1cncnc1)CC2,中毒,21.327534,39.152046
NC1=CCc2c3c(n(-c4ccc(Cl)cc4)c2=C1C#Cc1ccc(F)cc1)=CC(c1cn[nH]n1)=C3,中毒,16.711977,16.52449
OCC1C(O)C(O)C(N(Cc2cn[nH]n2)c2nc3cc(F)ccc3o2)CN1c1ccnc(-c2cc3ccoc3[nH]2)c1,中毒,11.510992,22.144543
c1ncc(-c2ccc(N3CCC4(CCCCO4)C4(CCOC4)C3)cc2-c2cn[nH]n2)cn1,中毒,15.934041,51.680584
O=c1c(N2C(c3ccc(Cl)cc3)c3cc(-c4cn[nH]n4)n(-c4ccc(Cl)cc4F)c3C2c2ccc(Cl)cc2)cc(Cl)cn1C1CC(O)(CO)C1,中毒,15.763229,11.513729
O=c1c2cc3c(cc2cc(-c2nc(-c4cn[nH]n4)no2)n1-c1cc(Cl)cc(Cl)c1)CS(=O)(=O)C3,中毒,4.5168447,26.803944
C1=C(c2cn[nH]n2)CN(Cc2nnc(Cc3noc(-c4ccno4)n3)o2)CC1,高毒,26.447006,19.231125
O=C1c2cc(-c3cn[nH]n3)nn2C(c2ccncc2)N1c1cc(Cl)cn(C2CC(O)(CO)C2)c1=O,中毒,23.909687,13.466203
O=c1c2c(-c3ccc(O)cc3)c(-c3ccc(F)cc3)nc(NC3CCS(=O)(=O)C3)c2c2ccccc2n1-c1cn[nH]n1,中毒,10.962939,12.271464
O=C(c1cc(Cl)ccc1N1Cc2cc(-c3cn[nH]n3)cc(-c3c(Cl)cccc3Cl)c2C1c1ccc(Cl)cc1)N1CCC(F)(C2CCC2)CC1,中毒,36.035316,17.39255
O=C1N=C(c2cn[nH]n2)N=C2SC(c3ccc(Oc4ccc(Cl)s4)cc3)=C12,中毒,3.6623552,11.072507
O=C1c2cc(-c3cn[nH]n3)n(-c3ccc(F)cc3)c2C(c2ccc(Cl)cc2)N1c1cc(F)c(F)cc1F,中毒,22.121504,23.107658
O=S(=O)(Nc1cc2nc(-c3cncc(Oc4ccc(F)cc4)c3)c3c(c2cc1Br)C(c1nnc(-c2cn[nH]n2)o1)C3)c1ccc(F)cc1F,中毒,4.922739,23.639694
C1=C2CN(C3CCOCC3)CC(c3cn4nc(-c5ccco5)nc4cn3)=C2C=C1c1cn[nH]n1,中毒,121.60766,17.271805
Clc1cc(Cl)c(NC2=NCCc3cc(-c4nccc5cnsc45)c(-c4cn[nH]n4)cc32)cc1Cl,中毒,26.47079,118.13008
O=C1c2cc(-c3cn[nH]n3)n(-c3ccc(Cl)cc3F)c2C(c2cc(Cl)cs2)N1c1cc(Cl)cn(C2CC(O)(CO)C2)c1=O,中毒,13.346145,11.513729
O=C1c2cc(-c3cn[nH]n3)c(-c3cc(F)c(F)c(F)c3F)n2C(c2ccc(Cl)cc2)N1c1cc(Cl)cn(C2CC(O)(CCO)C2)c1=O,中毒,44.58338,13.503714
O=C1c2nc(-c3cn[nH]n3)cc(-c3ccc(Br)cc3)c2C(c2ccc(Cl)cc2)N1c1cc(Cl)cn(C2CC(O)C(O)C2)c1=O,中毒,37.24519,12.110745
O=C1NCCc2cc(-c3n[nH]c4ncc(-c5cn[nH]n5)cc34)c(O)nc2C12CCNC2,中毒,11.426552,21.079233
Fc1ccc(-n2c(-c3cn[nH]n3)nc3c2C(c2ccc(Cl)cc2)N(C2CC2)c2ccc(Cl)c(Cl)c2-3)c(F)c1,中毒,17.897259,12.363089
O=C1c2cc(-c3cn[nH]n3)nc(-c3c(Cl)cc(Cl)cc3Cl)c2C(c2ccc(Cl)cc2)N1c1cc(Cl)cn(C2CC(O)(CO)C2)c1=O,中毒,7.4282966,12.110745
c1ccc(-c2nsc3c(N4Cc5ccccc5C4)cc(-c4cn[nH]n4)cc23)cc1,低毒,42.067738,76.43738
FC1=CC(Cl)=Cc2c3c1c1c(-c4ccnc(Cl)c4)cc(-c4ccc(F)c(F)c4)cc(c2-1)-c1c(cc(-c2cn[nH]n2)n1-c1ccc(F)cc1)CC3,中毒,15.876434,19.788818
N#CCNc1nc(-c2cnc(NCc3nnc[nH]3)c(Cl)c2)nc2c(-c3cn[nH]n3)csc12,中毒,12.976177,20.474503
O=C1CCC2(CN1C1CCCC1)OCCC1(Cc3cc(-c4cn[nH]n4)cc(-c4cc(OC(F)(F)F)c(Cl)cc4F)c31)C2=O,中毒,11.169138,54.31263
Fc1ccc(-c2sc3c(c2-c2cn[nH]n2)CN(c2cc(OC(F)F)c(F)c(-c4ccnc(CSc5nc6ccccc6s5)c4)c2)C3)cc1,中毒,14.514336,13.672083
O=C1C2=NC(c3cn[nH]n3)=CC2=CP(=O)(Oc2cccc3ccccc23)N1CC1(O)CC1,中毒,80.42878,26.152905
O=C1c2cc(-c3cn[nH]n3)n(-c3ccc(Cl)cc3Cl)c2C(c2ccc(Cl)cc2)N1c1cc(Cl)cn(C2CC(O)C(O)C2O)c1=O,中毒,18.205946,11.513729
O=C1c2cc(-c3cn[nH]n3)n(-c3cccc(C(F)(F)F)c3)c2C(c2ccc(Cl)cc2)N1c1cc(Cl)cn(C2CCC(O)(CO)C2)c1=O,中毒,14.882899,12.110745
O=C1c2cc(-c3cn[nH]n3)sc2CSC(c2ccc(F)cc2F)N1c1ccc(Cl)cc1,中毒,8.333274,30.575998
Brc1c(-c2cn[nH]n2)cn2c(C34CC5CC(CC(C5)C3)C4)ccnc12,低毒,8.737687,20.762594
O=C1c2nc(-c3cn[nH]n3)sc2C(c2ccc(Cl)cc2)C(c2ccc(Cl)cc2)N1c1cc(Cl)cn(C2CC(O)C(O)C2)c1=O,中毒,51.50488,46.02951
O=C1c2nc(-c3cn[nH]n3)nc(-c3ccc4cc[nH]c4c3)c2C(c2ccc(Cl)cc2)N1c1cc(Cl)cn(C2CC(O)(CO)C2)c1=O,中毒,16.880064,13.466203
O=C1c2cc(-c3cn[nH]n3)n(-c3ccc(OC(F)(F)F)cc3)c2C(c2ccc(Cl)cc2)N1c1cc(Cl)cn(C2CC(O)(CO)C2)c1=O,中毒,38.99518,11.513729
On1c(-c2cn[nH]n2)nc2cc(-c3cnc(C4CC4)c4ccccc34)ccc21,中毒,8.921843,99.197014
O=C1c2nc(-c3cn[nH]n3)c(Oc3ccc(Cl)c(Cl)c3)c(-c3ccsc3)c2C(c2ccc(Cl)cc2)N1c1cc(Cl)cn(C2CC(O)(CO)C2)c1=O,中毒,36.83937,12.110745
O=C1c2cc(-c3cn[nH]n3)n(-c3cc(Cl)cc(Cl)c3)c2C(c2ccc(Cl)cc2)N1c1cc[nH]n1,中毒,17.475342,23.390354
O=C1c2cc(-c3cn[nH]n3)c(-c3cc(Cl)ccc3F)n2C(c2ccc(Cl)cc2)N1c1cc(Cl)cn(C2CC(O)(CO)C2)c1=O,中毒,32.68572,13.503714
O=C(Nc1nnc(-c2cn[nH]n2)s1)C1=COC(OCc2cccc(Cl)c2)C(CN2CCOCC2)C1,中毒,339.94864,53.825703
Fc1ccc(-n2c3c(c4cc(-c5cn[nH]n5)ccc42)C(c2cc4cnoc4c4cc(Cl)c(Cl)cc24)N(c2ccc(Cl)cc2)C3c2cccs2)cc1,中毒,19.417976,24.177322
CN1CC(n2cc(Cl)cc(N3C(=O)c4cc(-c5cn[nH]n5)n(-c5ccc(Cl)cc5F)c4C3c3ccc(Cl)cc3)c2=O)CC1=O,中毒,17.272402,14.0600395
O=c1c(N2Cc3cc(-c4cn[nH]n4)n(-c4ccc(Cl)cc4)c3C2c2ccc(Cl)cc2)cc(Cl)cn1C1CC(O)C(O)(CO)C1,中毒,19.24008,11.513729
O=C1c2cc(-c3cn[nH]n3)n(-c3cc(F)cc(F)c3F)c2C(c2cccnc2Oc2ccc(Cl)cc2)N1c1cc(Cl)cn(C2CC(O)(CO)C2)c1=O,中毒,12.488247,13.503714
Fc1ccc(-n2c(-c3cn[nH]n3)cc3c4c(-c5cc(-c6ccncc6)no5)nc(-c5cnn(Cc6ccc7nsnc7c6)c5)cc4sc32)c(F)c1,中毒,47.20036,13.92006
O=C(N(c1cc2ncnc(-c3cnn4ncccc34)c2cc1-c1cn[nH]n1)C1CCOC1)n1ncc2c(F)cnc(F)c21,中毒,18.57169,21.86965
O=C1c2cc(-c3cn[nH]n3)n(-c3ccc(F)cc3F)c2C(c2ccc(Cl)c(C(F)(F)F)c2)N1c1cc(Cl)cn(C2CC(O)(CO)C2)c1=O,中毒,12.488247,11.513729
O=C1c2nc(-c3cn[nH]n3)c(Br)c(-c3c(Cl)cccc3Cl)c2C(c2ccc(Cl)cc2)N1c1cc(Cl)cn(C2CC(O)C(O)C2)c1=O,中毒,37.24519,12.110745
O=C1c2cc(-c3cn[nH]n3)n(-c3ccc(Cl)cc3F)c2C(c2ccc(Cl)cc2)N1c1cc(Cl)c(Cl)s1,中毒,22.081749,23.074959
O=C1c2c(c3ccoc3c(=O)n2-c2cn[nH]n2)C(c2ccc(Cl)cc2)N1c1cc(Cl)cn(C2CC(O)(CO)C2)c1=O,中毒,59.929935,12.110745
O=S(=O)(CCc1nnc2n1-c1cc(Cl)ccc1S(=O)(=O)c1ccccc1-2)c1cc(-c2ccc(-c3cn[nH]n3)cc2)cs1,中毒,35.102844,24.402342
OC1(c2ccc(Cl)cc2)c2cc(cc(F)c2F)C2(O)CCOCC2c2cc(-c3cn[nH]n3)n(-c3ccc(Cl)cc3F)c21,中毒,5.4913397,50.301105
O=C1c2cc(-c3cn[nH]n3)n(-c3cccc(C#Cc4cnon4)c3)c2C(c2ccc(Cl)cc2)N1c1cc(Cl)cn(C2CC(O)C(O)C2)c1=O,中毒,14.882899,12.110745
O=C1N2CCc3cc(-c4cn[nH]n4)cc(-c4c(Cl)cccc4Cl)c3C(=C2Cl)CC1(F)F,中毒,10.691574,42.278934
FC(F)(F)C12C3=CC=C(Cl)C=CN1N1C(=C(Br)C(c4ccoc4)C(c4ccoc4)N32)c2c(-c3ccsc3)cc(-c3cn[nH]n3)cc21,中毒,28.345415,36.510887
FC(F)(F)COc1ccc(N2CC3=CC(c4cn[nH]n4)=NC3=C(C3=Cn4nc(-c5ccncc5)cc43)C2)nc1,中毒,7.909325,9.114193
O=C1c2cc(-c3cn[nH]n3)n(-c3ccc(C(F)(F)F)cn3)c2C(c2ccc(Cl)cc2)N1c1cc(Cl)cn(C2CC(O)(CO)C2)c1=O,中毒,12.488247,11.513729
O=C(O)C1C2C=CC(C2)C1C(=O)c1cc(-c2cn[nH]n2)on1,中毒,21.924797,71.43908
O=c1c(N2c3c(Cl)cc(Cl)cc3-c3cc(-c4cn[nH]n4)cc(-c4c(F)cccc4F)c3C2c2ccc(Cl)cc2)cc(Cl)cn1C1CC(O)(CO)C1,中毒,5.0974956,16.947666
O=c1c(N2C(O)c3cc(-c4cn[nH]n4)n(-c4ccc(F)cc4F)c3C2c2ccsc2)cc(Cl)cn1C1CC(O)C(O)C1,中毒,26.991571,12.110745
O=C1OCOc2cc3ccc2-c2cc(-c4cn[nH]n4)cc(-c4c(Cl)cccc4Cl)c2C(c2ccc(Cl)cc2)C3N1Cc1ccc(Cl)cc1,中毒,5.600343,26.135107
O=S(=O)(c1cc2ccc(C3=C4C=C(c5cn[nH]n5)C=C4CC3)sc-2c1)c1nc2ccc(Cl)cc2c2ncccc12,中毒,8.734702,33.983707
CN(c1cc(Cl)cn(C2CC(O)(CO)C2)c1=O)C(c1cccnc1)c1c2cc(-c3cn[nH]n3)n1C(c1ccc(NC(=O)c3ccncn3)cc1F)C2(F)F,中毒,23.909687,13.503714
c1coc(CNc2nc(OC3CC3)cc3cc(-c4cn[nH]n4)cnc23)c1,中毒,51.866524,100.504295
Fc1ccc(-n2c(-c3cn[nH]n3)cc3c2Cc2cc(Cl)c(Oc4cccnn4)cc2-c2cc(Cl)ccc2-3)c(F)c1,中毒,12.061262,14.542175
Fc1ccc(Nc2ncnc3cc(NC45CC6CC(CC(C6)C4)C5)c(-c4cn[nH]n4)cc23)cc1Cl,中毒,5.457771,24.781467
O=C1c2nc(-c3cn[nH]n3)nc(C(F)(F)F)c2C(c2ccc(Cl)cc2)N1c1cc(Cl)cn(C2CC(O)(CO)C2)c1=O,中毒,27.094715,13.466203
O=C1c2cc(-c3cn[nH]n3)n(-c3ccc(F)cc3)c2C(c2ccc(Cl)c(Cl)c2)N1c1cc(Cl)cn(C2CC(O)C(O)C2)c1=O,中毒,18.205946,11.513729
O=C1OCC2=C1N(c1ccc(Cl)cc1)C(c1ccc(Cl)cc1)c1c2cc(-c2cn[nH]n2)n1-c1ccc(F)cc1F,中毒,17.475342,18.318035
c1n[nH]nc1-c1nc(-c2ccc(NC3CCN(C4COC4)CC3)o2)c2c(n1)C1C2COCCN1Cc1c[nH]nc1C1CC1,中毒,49.51154,15.02669
Clc1cc(Cl)cc(-c2nnc(-c3c(Cl)cccc3Cl)c(-c3cn[nH]n3)c2-c2ccc(Cl)nc2)c1,中毒,13.685074,40.172386
O=C1C(c2cn[nH]n2)=Nn2c1cc(Br)c2C1CC2C=CC3(CNC3)C2(O)C1,中毒,17.329193,11.051935
O=C1c2nn(-c3cn[nH]n3)c(-c3ccc(C(F)(F)F)cc3)c2C(c2ccc(Cl)cc2)N1c1cc(Cl)cn(C2CC(O)(CO)C2)c1=O,中毒,8.399355,33.968105
Clc1ccc2nc(NC3COCC4(C3)c3cccc(Cl)c3Cc3sc(-c5cn[nH]n5)nc34)ncc2c1,中毒,10.273866,36.56022
O=C1c2cc(-c3cn[nH]n3)n(-c3ccc(F)cc3F)c2C(c2ccc(Cl)cc2)N1c1cc(Cl)cn(C2CCOCC2)c1=O,中毒,17.272402,13.466203
N#CCCN1CC(N2Cc3cc(-c4cn[nH]n4)c4c(-c5c(F)cc(F)cc5F)cnn4c3C2)C(=O)C1=O,中毒,14.20035,15.574545
[O-][n+]1cc(Cl)cc(NC(c2ccc(Cl)cc2)C2c3sccc3-c3ccc(C(F)(F)F)cc3-c3cc(-c4cn[nH]n4)cc(-c4ncn[nH]4)c32)c1Br,中毒,10.334719,18.158283
c1cnc(-n2ccnc2CN2CC(c3cn[nH]n3)C3OCCC32)nc1,中毒,13.01476,85.27433
O=c1c(N2C(O)c3cc(-c4cn[nH]n4)n(-c4ccc(F)cc4)c3C2c2ccc(Cl)cc2)cc(Cl)cn1C1CC(O)(CO)C1,中毒,26.991571,12.110745
OC1CCC(NN2CCC3=CC(Cl)=CC4=C(OCO4)c4cc(-c5cn[nH]n5)cc(-c5c(Cl)cccc5Cl)c4C32)C1,中毒,118.02566,18.370186
O=C1c2nc(-c3cn[nH]n3)sc2C(c2ccc3c(c2)OCCO3)N1c1cc(Cl)cn(C2CC(O)(CO)C2)c1=O,中毒,59.929935,28.20462
N#[PH]N(CC1CCc2ccccc21)S(=O)(=O)c1cn[nH]n1,中毒,140.25813,39.576847
O=C1c2cc(-c3cn[nH]n3)n(-c3ccc(Cl)cc3)c2C(c2ccc(Cl)cc2OCc2ccc(Cl)cc2)N1c1cc(Cl)cn(C2CC(O)(CO)C2)c1=O,中毒,12.488247,13.503714
Clc1cccc(Cl)c1-c1cc(-c2cn[nH]n2)cc2c1oc1cccc(Cl)c12,中毒,3.3706906,72.76787
Fc1ccc(-c2cc3c(-c4cn[nH]n4)cc(Nc4cccc[n+]4Cl)nc3o2)cc1,中毒,10.361559,33.445213
O=C1c2cc(-c3cn[nH]n3)n(-c3ccc(Cl)cc3F)c2C(c2ccc(Cl)cc2)N1c1cc(Cl)cn(C2CCCC2)c1=O,中毒,17.272402,14.026334
O=c1c(N2Cc3nc(-c4cn[nH]n4)n(-c4c(Cl)cccc4Cl)c3C2c2ccc(Cl)cc2)cc(Cl)cn1C1CC(O)(CO)C1,中毒,18.259663,13.466203
O=C1c2nc(-c3cn[nH]n3)nc(I)c2C(c2ccc(Cl)cc2)N1c1cc(Cl)cn(C2CCC(O)(CO)C2)c1=O,中毒,16.880064,13.466203
O=C1C2=C(c3cn[nH]n3)OCC(C2)C(c2cccc(Cl)c2)N1c1cc(Cl)cn(C2CC(O)(CO)C2)c1=O,中毒,59.929935,13.503714
O=c1c(N2Cc3nc(-c4cn[nH]n4)n(-c4ccc(C(F)(F)F)cc4)c3C2c2ccc(Cl)cc2)cc(Cl)cn1C1CC(O)(CO)C1,中毒,17.75127,34.717995
N#Cc1ccc(C2c3c(cc(-c4cn[nH]n4)n3-c3ccc(F)cc3F)CCC3C(=O)C4=C(O)C=CC=C3C4N2c2cncc(Cl)c2)cc1,中毒,40.667263,13.466203
O=C1CCc2c(OC3CCS(=O)(=O)CC3)c(Cl)cc(N3Cc4cc(-c5cn[nH]n5)n(-c5ccc(Cl)cc5)c4C3c3ccc(Cl)cc3F)c21,中毒,22.121504,18.168888
O=C(O)c1cn(-c2cc3c(cc2Br)N(C2CC2)c2ccc(C(F)(F)F)cc2-c2cnc(F)c(F)c2-3)c2cc(-c3cn[nH]n3)c(F)cc2c1=O,中毒,34.361805,20.275845
O=c1c(N2Cc3cc(-c4cn[nH]n4)cc(-c4c(Cl)cccc4Cl)c3C2c2ccc(Cl)cc2)cc(Cl)cn1C1CC(O)(CO)C1O,中毒,9.036046,9.912456
O=c1c2cc(OCC3CC3)nc(-c3ccncc3F)c2nc(-c2cn[nH]n2)n1-c1ccc(F)c(F)c1,中毒,11.558656,132.61734
O=C1c2cc(-c3cn[nH]n3)n(-c3ccc(Cl)cc3F)c2C(c2ccc(Cl)cc2)[SH](c2ccc(Cl)cc2)N1c1cc(Cl)cn(C2CC(O)C(O)C2)c1=O,中毒,9.5269375,33.968105
O=c1c2c(ccn2C2CCC(O)CC2)nc(-c2c(Nc3cn[nH]n3)nc3ccc(Cl)sc2-3)n1-c1ccnc(NC2CCCNC2)c1,中毒,69.41008,21.726702
Clc1ccc(Oc2ncnc(N3Cc4cc(-c5cn[nH]n5)sc4C3)c2Cl)c(Cl)c1,中毒,19.035849,26.90804
c1cnc2cc(-c3nc(N4CCOCC4)nc4cc(NC5CCOC5)c(-c5cn[nH]n5)cc34)ccc2n1,中毒,20.435347,43.343517
Clc1cccc(Cl)c1-c1cc(-c2cn[nH]n2)cc2c1-c1cc3c(cc1CCC2)OCO3,中毒,2.6665514,87.69733
O=C1c2oc(-c3cn[nH]n3)c(C(F)(F)F)c2C(c2ccc(Cl)cc2)N1c1cc(Cl)cn(C2CC(O)(CO)C2)c1=O,中毒,12.488247,34.172764
O=c1c(-n2sc3c(cc(-c4cn[nH]n4)n3-c3ccc(Cl)cc3F)c2=O)cc(Cl)cn1C1CC(O)(CO)C1,中毒,11.504201,13.503714
O=S(=O)(c1ccc2c(C3=C4C=C(c5cn[nH]n5)C=C4CN(Cc4cccn4C4CC4)C3CO)nc(N3CCC(O)C3)nc2c1)c1ccc(F)cc1F,中毒,32.17651,13.503714
O=C1c2cc(-c3cn[nH]n3)n(-c3ccc(Cl)cc3)c2C(c2ccc(Cl)cc2C(F)(F)F)N1c1cc(Cl)cn(C2CC(O)(CO)C2)c1=O,中毒,14.882899,12.110745
O=C1c2cc(-c3cn[nH]n3)nc(-c3ccnc(Cl)c3)c2C(c2ccc(Cl)cc2)N1c1cc(Cl)cn(C2CC(O)(CO)C2)c1=O,低毒,7.4282966,12.110745
Brc1ccc(Oc2ccc(Cn3cc(Nc4cc(-c5nc(-c6cn[nH]n6)co5)ccn4)cn3)cc2)o1,中毒,7.7281857,21.727102
Oc1ccn(-c2cc3c(cc2O)nc(-c2ccccc2F)n3-c2cn[nH]n2)c1,中毒,77.75846,51.03389
c1nc2c(-c3cnc4cc(-c5cn[nH]n5)ccc4n3)cnn2cc1OC1CC1,中毒,18.594454,62.258343
FC(F)(F)C1(C(F)(F)F)Cc2c(cc(-c3cn[nH]n3)cc2-c2c(Cl)cccc2Cl)N1,中毒,40.22761,101.257095
O=C1c2cc(-c3cn[nH]n3)n(-c3cc4cc(F)ccc4[nH]c3=S)c2C(c2ccc(Cl)cc2)N1c1cc(Cl)cn(C2CC(O)(CO)C2)c1=O,中毒,14.882899,38.727142
Clc1cncc(Cl)c1-c1nc(N2Cc3ccc(Br)cc3C2)cc2onc(-c3cn[nH]n3)c12,中毒,35.917942,17.374432
Fc1cc(Cl)ccc1-n1c(-c2cn[nH]n2)cc2c1C(c1ccc(Cl)cc1)N(c1ccoc1)C2c1ccc(Cl)c(Cl)c1,中毒,21.947083,23.107658
O=c1c(N2Cc3cc(-c4cn[nH]n4)n(-c4ccc(F)cc4F)c3C2c2ccc(Cl)cc2)cc(Cl)cn1C1CC(O)C(O)C1O,中毒,15.763229,11.513729
c1cc2nsnc2cc1C1=NC(c2cn[nH]n2)C1,中毒,64.33612,190.85374
O=S(=O)(Nc1c(Nc2ccc(Br)c(Cl)c2)ncnc1C1CCN(c2cn[nH]n2)C1)c1cccs1,中毒,12.3410225,19.857258
O=C1c2cc(-c3cn[nH]n3)n(C3CCC(F)(C(F)(F)F)CC3)c2C(c2ccc(Cl)cc2)N1c1cc(Cl)cn(C2CC(O)(CO)C2)c1=O,中毒,19.24008,13.503714
O=c1c(N2Cc3cc(-c4cn[nH]n4)n(-c4ccc(Cl)cc4F)c3C2c2ccc(Cl)cc2F)cc(Cl)cn1C1CC(O)(CO)C1,中毒,15.763229,11.513729
[O-][N+]1=C(Nc2ccccc2)N=C2c3c(Br)ccc4cc(-c5cn[nH]n5)cc(c34)CC1N2c1c(F)cc(F)cc1Br,中毒,7.494668,14.429153
O=C1c2cc(-c3cn[nH]n3)n(-c3ccc(F)cc3Cl)c2C(c2cc(Cl)ccc2Cl)N1c1cc(Cl)cn(C2CC(O)C(O)C2)c1=O,中毒,15.540574,11.513729
O=c1c(N2Cc3cc(-c4cn[nH]n4)c(-c4cc(Cl)ccc4Cl)n3C2c2cccnc2)cc(Cl)cn1C1CC(O)(CO)C1,中毒,13.5253525,13.503714
Clc1cccc(Cl)c1-c1cc(-c2cn[nH]n2)cc2c1C1(N=C(Nc3ccon3)C2)C2CC21,中毒,53.45207,38.04267
O=c1c(N2Cc3cc(-c4cn[nH]n4)cc(-c4c(Cl)cccc4Cl)c3N(c3ccc(Cl)cc3)C2c2ccc(Cl)cc2)cc(Cl)cn1C1CC(O)(CO)C1,中毒,18.978048,12.82594
O=C1c2cc(-c3cn[nH]n3)n(-c3ccc(F)c(Cl)c3OCC(O)C3CC3)c2C(c2ccc(Cl)cc2)N1c1cc(Cl)cn(C2CC(O)(CO)C2)c1=O,中毒,38.99518,11.513729
O=C1c2cc(-c3cn[nH]n3)n(-c3cc(F)c(F)cc3F)c2C(c2ccc(Cl)cc2)N1c1cc(Cl)cn(C2CC(O)(C(O)CO)C2)c1=O,中毒,12.488247,11.513729
O=C1c2cc(-c3cn[nH]n3)c(Br)nc2C(c2ccc(Cl)cc2)N1c1cc(Cl)cn(C2CC(O)(CO)C2)c1=O,中毒,13.216523,12.087409
Oc1ccc(OC2=C(F)C=C3CCC4CCC=C4C(=C2)c2[nH]c4cnc(-c5cn[nH]n5)cc4c23)cc1,低毒,22.867514,55.18985
O=c1c(N2Cc3cc(-c4cn[nH]n4)n(-c4ccc(Cl)cc4)c3C2c2ccc(Cl)cc2)cc(Cl)cn1C1CCC(O)(CO)C1,中毒,19.24008,11.513729
O=C1c2cc(-c3cn[nH]n3)n(-c3ccc(Cl)cc3)c2C(c2ccc(Cl)cc2)N1c1cc(Cl)cn(C2CC(O)(I)C2)c1=O,中毒,31.338547,11.513729
ON=C(Br)Cc1cc2c(cc1F)OCc1cc(-c3cn[nH]n3)cc(-c3ccc(Cl)cc3)c1-2,中毒,21.726755,23.934889
Oc1nc(-c2cccc(-c3cc(-c4cn[nH]n4)cc4cc(Br)cnc34)c2)no1,中毒,26.28934,15.951204
O=C1c2cc(-c3cn[nH]n3)nc(-c3c(Cl)cccc3Cl)c2C(c2cccnc2)N1c1cc(Cl)cn(C2CCC(O)(CO)C2)c1=O,中毒,7.4282966,12.110745
O=C1Cc2c(c3c(-c4c(Cl)cccc4Cl)cc(-c4cn[nH]n4)cc3c(=O)n(-c3cc(Cl)cn(C4CC(O)(CO)C4)c3=O)c2=O)CC1Br,中毒,18.643967,88.36863
O=S1(=O)CCN(c2ccc(-c3ncnc4sc(-c5cn[nH]n5)cc34)cc2Cl)CC1,中毒,60.138474,23.810707
O=C1c2c(c(=O)n(CCC3CCOC3)c(=O)n2-c2cn[nH]n2)C(c2ccc(Cl)cc2)N1c1cc(Cl)cn(C2CC(O)C(O)C2)c1=O,中毒,28.45149,14.418226
ON1c2cccc(Cl)c2-c2cc(-c3cn[nH]n3)n(-c3ccc(F)cc3F)c2C1c1ccc(Cl)cc1,中毒,24.925055,21.78107
O=C1c2cc(-c3cn[nH]n3)n(-c3cccc(I)c3F)c2C(c2ccc(Cl)cc2)N1c1cc(Cl)cn(C2CC(O)(CO)C2)c1=O,中毒,12.488247,11.513729
Fc1ncccc1-c1cc2c(cn1)-c1cc(-c3cn[nH]n3)cc(-c3c(Cl)cccc3Cl)c1SC2,中毒,10.815243,20.596676
O=C1c2nc(-c3cn[nH]n3)n(-c3ccc(Cl)cc3)c2C(c2ccc(Cl)cc2)N1c1cc(Cl)cn(C2CCC(O)(CO)C2)c1=O,中毒,23.043425,34.717995
O=C1c2cc(-c3cn[nH]n3)cn2C(c2ccc(F)cc2Cl)N1c1cc(Cl)cn(C2CC(O)(F)C2)c1=O,中毒,28.19249,28.945686
Clc1cc(Br)cc2cc(-c3cn[nH]n3)c(=Nc3cnn(-c4ccccc4)c3)sc12,中毒,2.8823273,22.122288
O=C1c2cc(-c3cn[nH]n3)[nH]c2C(c2ccc(Cl)cc2)N1c1cc(Cl)cn(C2CC(O)C(O)(CO)C2)c1=O,中毒,7.4282966,11.513729
c1cncc(-c2c(-c3nnc4n3CCCC4)ccc3[nH]cc(-c4cc(-c5cn[nH]n5)cs4)c23)c1,中毒,19.166737,17.888153
Fc1cc(CN2CCCCC(N3Cc4nc(-c5cn[nH]n5)[nH]c4C3)C2)ccc1Cl,中毒,70.387215,36.097855
Clc1ccc(N2CC(c3ncc(Cl)cc3-c3nc(-c4cn[nH]n4)cc4c3CCNC4)C2)cc1,中毒,12.868854,107.21394
O=c1[nH]c(=O)c2c(nc1-c1cn[nH]n1)-c1cc(Oc3ccc(F)cc3F)ccc1C(c1ccc(F)cc1)(c1ccc(Cl)cc1)O2,中毒,41.52607,31.08906
Cn1cc(N2C(c3ccc(Cl)cc3)c3cc(-c4cn[nH]n4)n(-c4ccc(F)cc4F)c3C2c2ccc(Cl)cc2)cc(Cl)c1=O,中毒,21.327534,15.904917
FC(C(S)=Nc1ccc2c(c1)OCCO2)C1=C2CC(CCc3ccc(Cl)cc3)CC2=C2N=C(c3cn[nH]n3)N=C21,中毒,11.836303,26.269892
O=C1c2cc(-c3cn[nH]n3)c(Nc3ccc(Cl)cc3Cl)nc2C(c2ccc(Cl)cc2)N1c1cc(Cl)cn(C2CC(O)(CO)C2)c1=O,中毒,13.216523,12.087409
O=C1c2cc(-c3cn[nH]n3)n(-c3ccc(Cl)c(Cl)c3)c2C(c2ccc(Cl)nc2)N1c1cc(Cl)cn(C2CC(O)C(O)C2)c1=O,中毒,14.882899,11.513729
Cn1nccc1-c1c[nH]c(=O)c(CN2CC3Cc4ncc(-c5cn[nH]n5)cc4N(Cc4c[nH]c5ccncc45)CCC32)n1,中毒,13.953552,35.5615
O=S(=O)(C1=C(OCC2CN(c3ccc(F)nn3)C(O)C2O)N=C2C=C(c3cn[nH]n3)C=CC21)c1cccs1,中毒,15.540574,17.520836
O=C1c2cc(-c3cn[nH]n3)n(-c3ccc(Cl)cc3)c2C(c2ccc(Cl)cc2)N1c1cc(Cl)cn(C2CC3CC(C2)N3C2CC2)c1=O,中毒,22.121504,14.0600395
Clc1cc(-c2cnc3[nH]c4ncn(C5CCNCC5)c4c3c2)cc2sc(-c3cn[nH]n3)cc12,中毒,24.003254,54.506004
Clc1ccc(C2N=C(c3ccncc3)N3c4ccc(-c5cn[nH]n5)cc4SC23c2ccc(Cl)cc2)cc1,中毒,4.3818436,21.429476
Fc1cnc(-n2ccc(CCNc3nc(-c4cn[nH]n4)cs3)n2)nc1,低毒,124.76902,72.11119
O=C1N=CN1C1SCC2(Cc3cc(-c4cn[nH]n4)[nH]c32)NC(=O)N(c2cc(Cl)cn(O)c2=O)C1c1cccnc1,中毒,20.886736,14.3937645
O=c1c(N2Cc3cc(-c4cn[nH]n4)n(-c4ccc(Cl)cc4)c3C2c2ccc3c(c2)OCO3)cc(Cl)cn1C1CC(O)(CO)C1,中毒,19.24008,13.466203
O=c1c2cnn(CC3CCNCC3)c2c2c(F)cccc2c2cc(-c3nccc4c3Cc3scc(-c5cn[nH]n5)c3-4)[nH]c12,中毒,11.960882,21.244864
c1nc2[nH]cc(C3CCOc4cc(-c5cn[nH]n5)cnc43)c2cc1-c1cnn(C2CCOCC2)c1,中毒,33.200764,47.102566
O=C1c2cc(-c3cn[nH]n3)c(=O)n(-c3ccccc3)c2C(c2ccc(Cl)cc2F)N1c1cc(Cl)cn(C2CC(O)(CO)C2)c1=O,中毒,51.50488,12.110745
O=C1CC2CCC(Cc3cc(-c4cn[nH]n4)cc(-c4cn[nH]c4)c32)N1Cc1cc(F)cc(F)c1,中毒,9.253708,16.6511
O=S1(=O)C2=C(F)C=C3C(=C(c4cc(F)c(O)cc4F)C(F)=C2)c2cc(Cl)c(-c4cnc(Cl)cn4)c3c2Cc2cc(-c3cn[nH]n3)oc21,中毒,27.449753,20.783709
Fc1cccc(F)c1-c1cc(-c2cn[nH]n2)cc2c1C1(c3ccccc3)CNC(c3ccc4c(c3)OCO4)(C2)C1,中毒,13.402883,37.64501
NC1=NCOCc2cc3cnc2-c2cc(-c4cn[nH]n4)cc(-c4cccc(Cl)c4)c2C1c1scnc1C(=O)N3,中毒,236.7244,12.412539
O=C1c2cc(-c3cn[nH]n3)c(-c3ccc(Cl)cc3Cl)c(=O)n2C(c2ccc(Cl)cc2)N1c1cc(Cl)cn(C2CC(O)(CO)C2)c1=O,中毒,38.834198,13.503714
Fc1cccc(F)c1-c1cc(-c2cn[nH]n2)cc2c1CCN(c1nc(-c3ccco3)ncc1Br)C2,中毒,30.724247,22.069818
O=c1oc2cc(F)ccc2c2c(CN3CCOC(COc4ccc(F)cn4)C3)cc3sc(-c4cn[nH]n4)nc3c12,中毒,56.990036,10.263556
O=C1c2cc(-c3cn[nH]n3)n(-c3ccc(Cl)cc3)c2C(c2ccc(Cl)cc2)N1c1cc(Cl)cn(C2CCOCC2)c1=O,中毒,22.121504,13.466203
O=C1c2cc(-c3cn[nH]n3)n(-c3ccc(F)cc3)c2C(c2ccc(F)cc2)N1c1cc(Cl)cn(C2C=C(O)C(O)C2)c1=O,中毒,15.540574,11.513729
O=C1c2cc(-c3cn[nH]n3)n(-c3ccc(F)cc3F)c2C(c2ccc(Cl)cc2)N1c1cc(Cl)cn(C2CC(O)(F)C2)c1=O,中毒,29.54402,11.513729
O=C1C(=Nc2ccc(Cl)cc2Cl)N(c2cn[nH]n2)c2c1ccc1cccnc21,中毒,9.859736,63.367302
Clc1ccc(-c2c(-c3ccsc3)c3c(-c4cn[nH]n4)ncnc3c3nc(Nc4cccc(Cl)c4)ncc23)cc1,中毒,1.9782596,50.51976
N#Cc1ccc(C2c3c(cc(-c4cn[nH]n4)n3-c3ccc(F)cc3F)C(=O)N2c2cc(Cl)cn(C3CC(O)(CO)C3)c2=O)cc1,中毒,12.488247,11.513729
Fc1cnc2[nH]cc(CNc3ccc(CNc4cn[nH]n4)cn3)c2c1,高毒,105.840355,63.71512
O=C1c2nc(-c3cn[nH]n3)n(-c3ccc4c(c3)OCO4)c2C(c2ccc(CO)cc2)N1c1cc(Cl)cn(C2CC(O)(CO)C2)c1=O,中毒,23.043425,13.466203
O=C1c2cc(-c3cn[nH]n3)n(-c3c4ccccc4nc4ccccc34)c2C(c2c(Cl)cccc2Cl)N1c1cc(Cl)cn(C2CC(O)C(O)C2)c1=O,中毒,12.488247,11.513729
O=C1C=CC(n2cc(Cl)cc(N3C(=O)c4cc(-c5cn[nH]n5)n(-c5ccc(F)cc5F)c4C3c3ccc(Cl)cc3)c2=O)N1,中毒,17.272402,14.026334
FC(F)(F)c1ccc(Cn2cc(-c3cc4ccc(-c5cn[nH]n5)cc4cc3-c3cc4ccsc4s3)cn2)cc1,中毒,37.07783,14.054344
O=C1C2=CC=C(Cl)C(Cl)=Cc3cc(-c4cn[nH]n4)n(-c4c(Cl)cc(Cl)cc4Cl)c3C2N2C(=O)C2=CC(Cl)=CN1C1CC(O)(CO)C1,中毒,10.285194,16.709005
c1n[nH]nc1-n1cc2c(n1)COC(CNC1CC3CCC1CO3)C2,中毒,33.01061,57.56061
O=c1c(N2Cc3cc(-c4cn[nH]n4)n(-c4ccc(Cl)cc4F)c3C2c2ccc(Cl)cc2)cc(Cl)cn1C1OC(CO)C(O)C(O)C1O,中毒,15.763229,13.503714
Fc1cc(F)c(CNc2ccc(Cl)c(-c3c(Cl)c(-c4cn[nH]n4)cc4c3CCN4)c2Cl)c(F)c1Cl,中毒,9.537369,171.61284
Clc1cnc(Nc2ccc(N3CCN(C4CCCC4)CC3)nc2)nc1-c1cn[nH]n1,中毒,7.401055,90.41007
O=C1c2cc(-c3cn[nH]n3)n(-c3ccsc3)c2C(c2ccc(Cl)cc2)N1c1cc(Cl)cn(C2CC(O)(CO)C2)c1=O,中毒,14.882899,12.110745
O=C1c2cc(-c3cn[nH]n3)n(-c3ccc(Br)cc3)c2C(c2ccc(Cl)c(F)c2)N1c1cc(Cl)cn(C2CC(O)(CO)C2)c1=O,中毒,15.540574,11.513729
O=C1c2cc(-c3cn[nH]n3)oc2C(c2ccsc2)N1c1cc(Cl)cn(C2CC(O)(CO)C2)c1=O,中毒,13.362017,9.043079
Fc1cc(Cl)ccc1C1c2c(-c3c(Cl)cccc3Cl)cc(-c3cn[nH]n3)cc2C(C2CC2)N1c1cc(Cl)cn2ncnc12,中毒,5.198165,19.93801
FC(F)(F)c1cccnc1N1CCc2nc(-c3cn[nH]n3)nc(Nc3ccc(Cl)c(Cl)c3)c2C1,低毒,11.899736,40.942898
O=c1c(N2Cc3cc(-c4cn[nH]n4)n(-c4cccc(Cl)c4F)c3C2c2ccc(Cl)cc2)cc(Cl)cn1C1CC(O)(CO)C1,中毒,15.763229,11.513729
O=c1c(N2Cc3cc(-c4cn[nH]n4)n(-c4ccc(F)cc4F)c3C2c2ccc(Cl)cc2)cc(Cl)cn1C1CC(O)(P(=O)(O)O)C1,中毒,15.763229,11.513729
O=C1c2nc(-c3cn[nH]n3)sc2C(c2ccc(F)cc2)N1c1cc(Cl)cn(C2CC(O)C(O)C2)c1=O,中毒,59.929935,28.20462
O=C1c2cc(-c3cn[nH]n3)n(C(c3ccc(Cl)cc3)c3ccc(F)cc3F)c2C(c2ccc(Cl)cc2)N1c1cc(Cl)cn(C2CC(O)C(O)C2)c1=O,中毒,15.763229,13.503714
O=P(O)(O)C(NCCc1cncs1)C1=CC=c2[nH]c3c(c21)C=C(c1cn[nH]n1)C=3,中毒,30.156113,27.088379
Clc1nc2ccccc2nc1C=Nc1nc(-c2cn[nH]n2)cs1,中毒,78.97993,59.06387
O=c1c(N2COc3cc(-c4cn[nH]n4)cc(-c4c(Cl)cccc4Cl)c3C2c2ccc(Cl)cc2)cc(Cl)cn1C1CC(O)(CO)C1,中毒,9.8587,9.719319
Clc1ccc(C2c3c(cc(-c4cn[nH]n4)n3-c3ccc(Cl)cc3)CN2c2cncc(Cl)c2)cc1,中毒,28.622856,15.110795
O=C1c2cc(-c3cn[nH]n3)n(-c3ccc(F)cc3Oc3ccc(F)cc3)c2C(c2cccc(Cl)c2)N1c1cc(Cl)cn(C2CC(O)(CO)C2)c1=O,中毒,38.99518,12.110745
O=c1c(N2Cc3nc(-c4cn[nH]n4)n(-c4ccc(Cl)cc4F)c32)cc(Cl)cn1C1CC(O)(CO)C1,中毒,13.435979,33.69392
Brc1c(-c2ccco2)[nH]c2ncc(-c3cn[nH]n3)cc12,中毒,21.858315,44.23366
O=C1c2nc(-c3cn[nH]n3)sc2C(c2ccc(Cl)cc2)(C(F)(F)F)N1c1cc(Cl)cn(C2CC(O)(CO)C2)c1=O,中毒,32.17651,33.968105
O=C1c2cc(-c3cn[nH]n3)n(-c3ccc(F)cc3)c2C(c2cccc(Cl)c2)N1c1cc(Cl)cn(C2CC(O)C(O)C2)c1=O,中毒,14.882899,11.513729
c1nc2ccc(-c3cc(NC4COC4)ncc3-c3nc(-c4cn[nH]n4)co3)cc2s1,中毒,17.2914,43.387928
FC(F)(F)Oc1ccc(CNC2CCN(c3nc(-c4cn[nH]n4)cc4c3CNC4)CC2)cn1,中毒,9.479902,24.541288
O=[N+]([O-])c1cc(F)ccc1-n1c(-c2cn[nH]n2)cc2c1C(c1c[nH]c3ccc(Cl)cc13)NC(c1ccc(Cl)cc1)N2c1ccc(Cl)cc1,中毒,15.17975,20.674168
O=C1N(c2cc(Cl)cn(C3CC(O)(CO)C3)c2=O)C(c2ccc(Cl)cc2)c2cc(F)cc3c(-c4cn[nH]n4)cn1c23,中毒,5.019175,13.503714
c1nc(-c2nc(Cc3nc(-c4c(-c5cn[nH]n5)cn5c4CCN5)c4ccc(-c5cn[nH]c5)cc4n3)cs2)cs1,中毒,2.852319,61.776676
Clc1ccc(-c2c(-c3cn[nH]n3)cc3n2C(c2ccc(Cl)cc2)N(c2ccc(Cl)cc2)C3)cc1,中毒,26.729017,15.456023
FC(F)Oc1cc(N2Cc3cc(-c4cn[nH]n4)n(-c4ccc(Cl)c(Cl)c4)c3C2c2ccc(Cl)cc2)cc(C(F)(F)F)c1,中毒,28.622856,17.765177
O=C(c1ccnc2ccsc12)N1CCC2(c3ccccc3)c3c(cc(-c4cn[nH]n4)cc3-c3c(Cl)cccc3Cl)CC2(c2ccc(Cl)cc2)C1,中毒,41.93686,19.396555
C1=C(c2cn[nH]n2)S1,高毒,322.9849,84.56108
c1cc(Sc2cn[nH]n2)cc(NC2CN(Cc3nc[nH]n3)C2)n1,高毒,20.445137,71.28746
O=C1N(c2cc(Cl)cn(C3CC(O)(CO)C3)c2=O)C(c2ccc(Cl)cc2)C(c2cc(Cl)cc(Cl)c2)c2cc(-c3cn[nH]n3)cn21,中毒,18.557116,33.968105
O=c1c(N2C(O)c3cc(-c4cn[nH]n4)n(-c4c(Cl)cc(Cl)cc4Cl)c3C2c2ccc(Cl)cc2)cc(Cl)cn1C1CC(O)(CO)C1,中毒,39.08631,12.110745
O=C1Cc2cc(-c3cn[nH]n3)n(-c3ccc(F)cc3)c2C(c2ccc(Cl)cc2)N1c1ccn(-c2ccc(F)cc2Cl)c1,中毒,21.327534,46.782124
O=C1c2nc(-c3cn[nH]n3)n(-c3ccc(Cl)cc3)c2C(c2ccc(Cl)cc2F)N1c1cc(Cl)cn(C2CC(O)(CO)C2)c1=O,中毒,23.043425,34.717995
O=[N+]([O-])C12c3ccccc(nc1[nH]3)-c1cc(-c3cn[nH]n3)cc(-c3ccc(Oc4cccc(F)c4)cc3)c12,中毒,6.36832,44.81787
O=C1c2nc(-c3cn[nH]n3)n(-c3ccc(OC(F)(F)F)cc3)c2C(c2ccc(Cl)cc2)N1c1cc(Cl)cn(C2CC(O)(CO)C2)c1=O,中毒,23.043425,34.717995
O=C1c2nc(-c3cn[nH]n3)c(Br)c(Oc3c(F)cccc3F)c2C(c2ccc(Cl)cc2)N1c1cc(Cl)cn(C2CC(O)(CO)C2)c1=O,中毒,27.185892,33.968105
O=C1C2=CC(Oc3ccc(F)cc3OCc3cc(F)c(F)cc3F)=CC2=CN1c1cn[nH]n1,中毒,29.350748,27.08559
OCC1(c2cn(C(C3CC3)C(F)(F)F)nn2)CN(c2ccc(-c3ccnc(C(F)(F)F)n3)cc2)Cc2sc(-c3cn[nH]n3)nc21,中毒,27.34191,34.747005
O=c1[nH]c(N2CCN(c3cc4sc(-c5cn[nH]n5)cc4cc3Br)CC2)nc2ccsc12,中毒,36.504593,19.657492
C1=C(c2cn[nH]n2)N=C2C(N3C4CCC3COC4)=NC(c3ccc4nc[nH]c4c3)=C12,中毒,32.733707,50.663116
O=c1c(N2Cc3nc(-c4cn[nH]n4)n(-c4ccc(Cl)cc4F)c3C2c2ccc(Cl)cc2)cc(Cl)cn1C1CC(O)(CO)C1,中毒,15.534245,34.717995
c1cn(CCn2cc(-c3nn4cc(-c5cn[nH]n5)nc4s3)cn2)cn1,中毒,50.33963,25.212933
O=c1c(N2Cc3cc(-c4cn[nH]n4)cc(-c4c(Cl)cccc4Cl)c3C2c2ccc(Cl)cc2)cc(Cl)cn1C1CC([N+](=O)[O-])C1,低毒,31.73474,10.777793
O=C1c2nc(-c3cn[nH]n3)c(-c3ccc(Oc4ccccn4)cc3)c(=O)n2C(c2ccc(Cl)cc2)N1c1cc(Cl)cn(C2CC(O)(CO)C2)c1=O,中毒,48.16768,13.503714
O=C1c2cc(-c3cn[nH]n3)cc(-c3ccncc3S(=O)(=O)c3ccc(Cl)cc3)c2N1c1cc(Cl)cn(C2CC(O)(CO)C2)c1=O,中毒,22.235992,18.239529
O=C1c2cc(-c3cn[nH]n3)c(-c3ccc(Cl)c4cccnc34)nc2C(c2ccc(Cl)cc2)N1c1cc(Cl)cn(C2CC(O)(CO)C2)c1=O,中毒,14.775009,12.110745
O=C1c2cc(-c3cn[nH]n3)sc2CC(c2cccc(F)c2)N1c1cc(Cl)cn(C2CC(O)C(O)C2)c1=O,中毒,19.234123,17.786665
O=c1c(-n2c3cc(Cl)c(O)c(Cl)c3c3cc(-c4cn[nH]n4)cc(-c4ccc5cn[nH]c5c4)c32)cc(Cl)cn1C1CC(O)C(O)C1,低毒,7.101604,67.71829
O=S1(=O)c2cc(Cl)c(C#CC3=CCNCC3)cc2-c2cc(-c3cn[nH]n3)n(CC3CC3)c21,中毒,1.7801138,21.952528
Oc1cc2c(cc1Br)-c1c(cc(-c3cn[nH]n3)cc1-c1c(F)cccc1Cl)CC2,中毒,25.604216,51.03389
c1cc(-c2n[nH]c(-c3n[nH]c4cc(-c5cn[nH]n5)ccc34)n2)cs1,低毒,8.238248,35.675724
Clc1ccc(C2c3cc(OC4CC4)c(-c4cn[nH]n4)cc3CN2c2cc(Cl)cn3cnnc23)cc1,中毒,33.525066,21.192566
O=C1c2cc(-c3cn[nH]n3)cn2C(c2ccc(Cl)cc2Cl)N1c1cc(Cl)cn(C2CC(O)(CO)C2)c1=O,中毒,32.68572,28.945686
Fc1cc(-c2ccco2)c2c(c1)-n1nc(-c3cn[nH]n3)nc1CCC2,低毒,10.667045,16.824253
Fc1ccc2c(c1)CN=C(c1ccccc1)N(c1ccc(Cl)cc1)c1nc(-c3cn[nH]n3)cnc1-2,中毒,35.79905,18.214954
O=C(O)c1cc(N2C(=O)c3cc(-c4cn[nH]n4)n(-c4ccc(Cl)cc4F)c3C2c2ccc(Cl)cc2)cs1,中毒,15.540574,20.320345
O=c1c(N2Cc3cc(-c4cn[nH]n4)n(-c4cccc(Cl)c4)c3C2c2ccc(Cl)cc2)cc(Cl)cn1C1CC(O)(CO)C1,中毒,19.24008,11.513729
O=C1C2CCc3cc(-c4cn[nH]n4)cc(-c4c(F)cccc4F)c3C(c3ccc(Cl)cc3)N1c1cc(Cl)cn2c1=O,中毒,15.523818,14.3937645
O=c1c(N2C(=S)c3cc(-c4cn[nH]n4)c(-c4ccccc4[N+](=O)[O-])n3C2c2ccc(Cl)cc2)cc(Cl)cn1C1CC(O)(CO)C1O,中毒,17.389776,41.98095
Fc1cc(-c2nc[nH]n2)ccc1N1Cc2cc(-c3cn[nH]n3)cc(-c3cn(Cc4ccccc4)nn3)c2C1c1ccc(Cl)cc1,中毒,26.060535,22.14757
O=C1c2cn(-c3cn[nH]n3)nc2C(c2ccc(Cl)cc2F)N1c1cc(Cl)cn(C2CC(O)(CO)C2)c1=O,中毒,5.7900643,14.418226
Sc1nnc(-c2cscc2-c2nc(C3=C4C=C(c5cn[nH]n5)N=C4CC(c4ccsc4)C3)no2)n1CC1CC1,中毒,17.203707,15.967391
O=C1CCC(C(F)(F)F)N1c1cc(C2Cc3cc(-c4cn[nH]n4)c(CO)cc3O2)cc(-c2ccc(N3CCCC3)nc2)n1,中毒,11.825089,37.801407
O=C1c2nc(-c3cn[nH]n3)nc(N3CCOCC3)c2CC(c2ccc(Cl)cc2F)N1c1cc(Cl)cn(C2CC(O)(CO)C2)c1=O,中毒,16.880064,13.466203
O=c1n(-c2cc(Cl)c3c(c2)C=NC(C(F)(F)F)=CC=C2CC2COC3c2ccc3nc(-c4cn[nH]n4)oc3c2)ncc2cc(C3CC3)nn12,中毒,36.67478,53.729042
c1nc2ccc(COc3ccc(-c4cnnc5cc(-c6cn[nH]n6)cnc45)cc3)cc2s1,中毒,48.09879,48.23199
O=C1c2cc(-c3cn[nH]n3)n(-c3ccc(Cl)cc3Cl)c2C(c2ccc(Cl)cc2)N1c1ccc(N2CCOCC2)c(Cl)c1,中毒,22.035963,17.76804
O=c1c2cc(Cl)cn1C1CCc3cc(-c4cn[nH]n4)n(-c4ccc(Cl)cc4)c3N2C1c1ccc(Cl)cc1,中毒,42.612686,34.541336
O=C1c2cc(-c3cn[nH]n3)nc(Nc3ccc4[nH]nc(F)c4c3)c2C(c2ccc(Cl)cc2)N1c1cc(Cl)cn(C2CC(O)(CO)C2)c1=O,中毒,39.425797,13.503714
O=S1(=O)CCc2cc(-c3cn[nH]n3)cc(-c3ccnc(-c4cccnc4)c3)c2C1,中毒,80.67675,23.786987
O=C1c2cc(-c3cn[nH]n3)n(-c3ccccc3)c2C(c2ccc(Cl)cc2)N1c1cc(Cl)cn(C2CC(O)C(OO)C2)c1=O,中毒,14.882899,11.513729
O=C1c2cc(-c3cn[nH]n3)n(-c3cc(Cl)cc(Cl)c3)c2C(c2ccc(Cl)cc2)N1c1cc(Cl)cn(C2CC2)c1=O,中毒,22.121504,14.026334
O=C1c2cc(-c3cn[nH]n3)nc(-n3cc(-c4cccnc4)nn3)c2C(c2ccc(Cl)cc2)N1c1cc(Cl)cn(C2CC(O)(CO)C2)c1=O,中毒,47.356346,13.503714
O=C1c2cc(-c3cn[nH]n3)n(-c3cccc(F)c3C(F)(F)F)c2C(c2ccc(Cl)cc2)N1c1cc(Cl)cn(C2CC(O)C(O)C2)c1=O,中毒,14.882899,11.513729
Fc1cccc2[nH]cc(-c3[nH]c4cc(-c5cn[nH]n5)ncc4c3-c3ccnc4ccccc34)c12,中毒,4.6347747,19.24542
O=c1c(N2Cc3cc(-c4cn[nH]n4)cc(-c4cc(Cl)cc(Cl)c4)c32)cc(Cl)cn1C1CC(O)(CO)C1,中毒,18.619787,18.206211
C1=C2CC3CCC(CN3C2)n2c3ccccc3c3nc(ccc32)-c2n[nH]c(cc3c(-c4cn[nH]n4)cc2=3)N=NN1c1ccccn1,中毒,46.383495,16.057194
O=C(Nc1cccc(Cl)c1)C1c2cc(-c3cn[nH]n3)cc(-c3c(Cl)cccc3Cl)c2C(c2cccnn2)N1c1cc(Cl)cn(C2CC(O)(CO)C2)c1=O,中毒,6.6971984,15.303033
O=C1N(c2cc(Cl)cn(C3CC(O)(CO)C3)c2=O)C(c2cccc(Cl)c2)c2c(-c3c(Cl)ccc(Cl)c3Cl)c(-c3cn[nH]n3)cn21,中毒,6.4189844,13.466203
O=c1cc(-c2cn(-c3ccc(F)cc3)nn2)c2c(n3nc(-c4cn[nH]n4)c(F)c13)CCC2,中毒,4.003883,24.797873
O=C1c2cc(-c3cn[nH]n3)cc(-c3c(F)cccc3Cl)c2CC(c2ccc(Cl)cc2)N1c1cc(Cl)cn(C2CC(O)(CO)C2)c1=O,中毒,15.809174,17.379768
FC(F)(F)c1cc(CN2CCc3cc(-c4cn[nH]n4)cc(-c4c(Cl)cccc4Cl)c3CC2)cc(C(F)(F)F)c1,中毒,16.357574,31.817251
O=C1C(c2cccnc2)=Cc2cnc(-c3cn[nH]n3)cc21,中毒,92.72619,40.073143
O=C1c2nc(-c3cn[nH]n3)n(-c3ccc(Cl)cc3)c2C(c2ccc(Cl)cc2Cl)N1c1cc(Cl)cn(C2CC(O)(CO)C2)c1=O,中毒,25.928497,34.717995
O=c1c(N2Cc3cc(-c4cn[nH]n4)n(-c4cc(OC(F)(F)F)cc(C(F)(F)F)c4)c3C2c2ccc(Cl)cc2)cc(Cl)cn1C1CC(O)(CO)C1,中毒,43.309574,12.110745
Clc1cc(Cl)cc(-n2c(-c3cn[nH]n3)cc3c2C(N(c2cc(Cl)cs2)C2CC=CC2)c2ccc(Cl)cc2-3)c1,中毒,18.046682,16.057194
O=c1c(N2Cc3cc(-c4cn[nH]n4)cc(-c4c(Cl)cccc4Cl)c3C2c2ccc(Cl)cc2)cc(Cl)cn1C1CCC2CC2(O)C(O)C1,中毒,6.3808517,8.960914
Brc1cccc(CNc2nc(SCc3csc(-c4ccccc4)n3)nc3cc(-c4cn[nH]n4)ccc23)c1,中毒,154.6555,27.087233
O=c1c2cc(I)c(Cl)cc2nc(-c2cn(-c3ccccc3)nc2S)n1-c1cn[nH]n1,低毒,12.811303,97.76048
CC1(CO)CC1n1cc(Cl)cc(N2C(=O)c3cc(-c4cn[nH]n4)n(-c4ccc(Cl)cc4F)c3C(c3ccc(Cl)cc3)C2c2ccc(Cl)cc2)c1=O,中毒,76.07368,13.503714
Clc1ccc2c(CNN3Cc4cc(-c5cn[nH]n5)cc(-c5c(Cl)cccc5Cl)c4C3c3ccc4c(c3)OCCO4)ccnc2c1,中毒,42.660927,31.691406
N#Cc1cnn2cc(Cl)cc(N3C(=O)c4cc(-c5cn[nH]n5)n(-c5ccc(F)cc5)c4C3c3ccc(Cl)cc3)c12,中毒,28.345415,16.275211
O=C1c2cc(-c3cn[nH]n3)n(-c3ccc(F)cc3)c2C(c2cc(Cl)cc(Cl)c2)N1c1cc(Cl)cn(C2CC(O)(CO)C2)c1=O,中毒,14.882899,11.513729
O=c1c(N2Cc3c(Cl)c(-c4cn[nH]n4)c(-c4ccc(Cl)cc4)c(-c4ccc(Cl)cc4)c3C2c2ccc(Cl)cc2)cc(Cl)cn1C1CC(O)(CO)C1,中毒,8.459931,9.912456
O=C(Nc1cc(Cl)ccc1-n1c(-c2cn[nH]n2)cc2c1C(c1ccc(Cl)cc1)N(c1cc(Cl)cn(C3CC(O)(CO)C3)c1=O)C2=O)NC1CC1,中毒,12.488247,13.466203
OCC1Cc2cc(-c3cn[nH]n3)nc(-c3c(Cl)cccc3Cl)c2CCN1C1CCCC1,中毒,18.28527,52.66984
O=C1c2nc(-c3cn[nH]n3)nc(-c3cc(Cl)cc(Cl)c3)c2C(c2ccc(Cl)cc2)N1c1cc(Cl)cn(C2CC(O)(CO)C2)c1=O,中毒,16.880064,13.466203
O=C1c2cc(-c3cn[nH]n3)n(Cc3ccc(Br)cc3F)c2C(c2ccc3c(c2)OCO3)N1c1cc(Cl)cn(C2CC(O)(CO)C2)c1=O,中毒,6.6767583,13.16881
O=C1c2nc(-c3cn[nH]n3)sc2C(c2ccccc2)N1c1cc(Cl)cn(C2CC(O)C(O)C2O)c1=O,中毒,59.929935,28.20462
O=C1c2nc(-c3cn[nH]n3)c(F)c(-c3c(F)ccc(F)c3F)c2C(c2ccncc2)N1c1cc(Cl)cn(C2CC(O)(CO)C2)c1=O,中毒,39.425797,12.110745
O=C1c2cc(-c3cn[nH]n3)c(NC3CCOCC3)nc2CN1c1cc(Cl)cn(C2CC(O)C(O)C2)c1=O,中毒,13.216523,14.418226
O=C1c2cc(-c3cn[nH]n3)n(-c3ccc(N4CCC(Oc5cc(F)c(Cl)cn5)CC4)cc3)c2C(=O)N1c1cc(Cl)cn(C2CC(O)(CO)C2)c1=O,中毒,29.443165,28.20462
O=C1c2sc3nc(-c4cn[nH]n4)n(-c4ccc(Cl)cc4)c(=O)c3c2C(c2ccc([N+](=O)[O-])cc2Cl)N1c1cc(Cl)cc(Cl)c1,中毒,28.345415,23.029951
O=C1c2cc(-c3cn[nH]n3)c(Cc3cc(Cl)cc(Cl)c3Cl)n2C(c2ccc(F)cc2F)N1c1cc(Cl)cn(C2CC(O)(CO)C2)c1=O,中毒,29.989872,33.968105
Clc1cc(N2Cc3cnc(-c4cn[nH]n4)cc3C2)c2[nH]cc(Cl)c2c1Cl,中毒,6.1179523,38.645737
O=C1c2cc(-c3cn[nH]n3)c(-c3cc(F)c(Cl)cc3-c3ccccc3F)n2C(c2ccc(Cl)cc2)N1c1cc(Cl)cn(C2CC(O)(CO)C2)c1=O,中毒,20.573853,13.503714
O=c1[nH]c2c(cc1-c1cn[nH]n1)CN(c1cc(Cl)cn(C3CC(O)(CO)C3)c1=O)C2c1ccc(Cl)cc1,中毒,18.614569,13.463638
O=c1[nH]c(=O)c2c(nc1N1CCc3cc(-c4cn[nH]n4)cc(-c4c(Cl)cccc4Cl)c3C1)CSC2,中毒,13.108795,53.556164
O=C1c2cc(-c3cn[nH]n3)n(-c3nc4cc(Br)ccc4s3)c2C(c2ccc(Cl)cc2)N1c1cc(Cl)cn(C2CC(O)(CO)C2)c1=O,中毒,14.882899,12.110745
O=C1c2cc(-c3cn[nH]n3)n(-c3ccc(Cl)cc3F)c2C(c2ccc(Cl)cc2)N1c1cc(Cl)cn(C2CC(O)(CO)C2CO)c1=O,中毒,12.488247,11.513729
O=C1C(N2CCOCC2)SC2=C=C(Cl)C=C(N3Cc4cc(-c5cn[nH]n5)n(-c5ccc(Cl)cc5F)c4C3c3ccc(Cl)cc3)CN12,中毒,25.896519,23.779114
O=C1c2cc(-c3cn[nH]n3)c(-c3cc(F)c(F)c(F)c3)n2C(c2ccc(Cl)cc2)N1c1cc(Cl)cn(C2CC(O)(CO)C2)c1=O,中毒,19.951618,13.503714
c1n[nH]nc1-c1cc2c3c(n1)CC(N1CCC4(CCNCC4)C1)C3OC2,中毒,27.465218,143.94487
O=C1c2cc(-c3cn[nH]n3)n(-c3cc(F)cc(Cl)c3)c2C(c2ccc(Cl)cc2)N1c1cc(Cl)cn(C2CC(O)(CO)C2O)c1=O,中毒,14.882899,11.513729
O=C1c2cnc(Nc3ccc(N4CCOCC4)cc3)nc2-c2cc(-c3cn[nH]n3)n(-c3ccc(Cl)cc3Cl)c21,中毒,9.936761,16.319588
c1cc(-c2cc3c(-c4cn[nH]n4)nsc3cn2)cs1,中毒,27.6678,28.044102
O=C1c2cc(-c3cn[nH]n3)n(-c3cc(F)ccc3F)c2C(c2ccc(Cl)c(Cl)c2)N1c1cc(Cl)cn(C2CC(O)(CO)C2)c1=O,中毒,15.540574,11.513729
O=C(Nc1ccc(Br)c(C2CC2)c1)Nc1cc(-c2cccc(C=NOc3ncccn3)c2)c2c(-c3cn[nH]n3)c[nH]c2c1,中毒,12.820245,211.76727
c1ccc(Oc2ccc(-c3ncnc4cc(OC5COCC6(CC6)N5)c(-c5cn[nH]n5)cc34)cn2)cc1,中毒,6.2263036,68.06396
NC(COc1cc(F)c(-c2c(-c3cnc4cn[nH]c4c3)cnc3[nH]cc(-c4cn[nH]n4)c23)cc1F)C(O)I,中毒,3.0956366,20.98667
O=c1c(N2C(O)c3cc(-c4cn[nH]n4)cc(-c4cccc(Br)c4F)c3C2c2ccc(Cl)cc2)cc(Cl)cn1C1CC(O)(CO)C1,中毒,6.3808517,8.519041
O=C1c2nc(-c3cn[nH]n3)cc(-c3ccc(Cl)cc3F)c2C(c2ccc(Cl)cc2)N1c1cc(Cl)cn(C2CC(O)(CO)C2)c1=O,中毒,37.24519,12.110745
O=c1c(N2C(O)c3cc(-c4cn[nH]n4)n(-c4ccc(F)cc4F)c3C2c2ccc(Br)cc2)cc(Cl)cn1C1CC(O)(CO)C1,中毒,26.991571,12.110745
O=c1c(N2Cc3cc(-c4cn[nH]n4)cc(-c4ccnc(F)c4)c3C2c2ccc(Cl)cc2)cc(Cl)cn1C1CC(O)(CO)C1,中毒,9.954332,9.912456
NC(=O)OC(=O)N1CCC(Oc2ccc(-c3c(-c4cn[nH]n4)nc4c(CSc5ccc(Cl)cc5)noc4c3OC3CCOCC3)cc2F)CC1,中毒,36.685505,18.017317
Fc1ccc(-n2ncc(CN3CCC4CCCC3C4c3csc(-c4cn[nH]n4)n3)c2F)c(F)c1,中毒,12.867572,47.395985
Fc1cc(F)c(-c2cc(NC(=S)Nc3cnc4c(n3)SCc3c-4cc(-c4cn[nH]n4)n3-c3ccc(Cl)cc3)cnc2Oc2ccn(C3CNC3)n2)cc1F,中毒,29.5899,25.139486
Clc1ccc(C2c3c(cc(-c4cn[nH]n4)n3-c3cc(Cl)cc(Cl)c3)CN2c2cc(Cl)cnc2Cl)cc1,中毒,28.622856,15.528323
O=C1C(C2=C3C=C(c4cn[nH]n4)C=C3C(O)C(O)C2O)=Nc2c(OCc3cc(Cl)cc(Cl)c3)cc(OC(F)(F)F)cc21,中毒,6.365167,33.147114
O=C1c2cc(-c3cn[nH]n3)n(-c3ccc(Cl)c(Cl)c3)c2C(c2ccc(Cl)cc2)N1c1cc(Cl)cn(C2CCC(O)(CO)C2)c1=O,中毒,14.882899,11.513729
O=C1c2cc(-c3cn[nH]n3)n(-c3cc(F)c(Br)cc3F)c2C(c2ccoc2)N1c1cc(Cl)cn(C2CCOC2)c1=O,中毒,17.475342,13.466203
O=C(O)C1(O)CC(n2cc(Cl)cc(N3Cc4cc(-c5cn[nH]n5)n(-c5ccc(Cl)cc5)c4C3c3ccc(Cl)cc3)c2=O)C1,中毒,19.24008,11.513729
Clc1ccc(-c2c(-c3cn[nH]n3)cnc3c2COCC3)cc1,中毒,9.266483,34.430412
O=C1c2nc(-c3cn[nH]n3)n(-c3cccnc3)c2C(c2ccc(Cl)cc2)N1c1cc(Cl)cn(C2NC(CO)C(O)C2O)c1=O,中毒,38.197144,13.503714
O=C1c2nc(-c3cn[nH]n3)n(-c3cccc(Cl)c3F)c2C(c2ccc(Cl)cc2)N1c1cc(Cl)cn(C2CC(O)(CO)C2)c1=O,中毒,24.818281,34.717995
O=C1c2nc(-c3cn[nH]n3)n(-c3cc(F)cc(Cl)c3)c2C(c2ccc(Cl)cc2)N1c1cc(Cl)cn(C2CC(O)(CO)C2)c1=O,中毒,23.043425,34.717995
Fc1ccc(-n2c(-c3cn[nH]n3)cc3c2C(c2ccc(Cl)cc2)N(c2cc(Cl)cs2)C3c2ccc(Cl)cc2)cc1,中毒,39.064312,23.074959
O=C1c2cc(-c3cn[nH]n3)n(-c3cc(Cl)cnc3F)c2C(c2ccc(Cl)s2)N1c1cc(Cl)cn(C2CC(O)(CO)C2)c1=O,中毒,13.346145,11.513729
O=P1(O)OC2(CC1=Cc1c(-c3cccs3)c(-c3ccc(F)cc3)nc3c1-c1cc(-c4cn[nH]n4)n(-c4ccc(Cl)cc4)c1-3)CC1CC12,中毒,11.28037,40.732025
O=c1c(N2Cc3cc(-c4cn[nH]n4)c(-c4cc(Cl)cc(Cl)c4F)nc32)cc(Cl)cn1C1CC(O)(CO)C1,中毒,17.04069,15.046324
FC(F)(F)c1ccc2cc(Oc3ccnc4sc(-c5cn[nH]n5)nc34)ccc2c1,中毒,31.542578,16.49532
O=C1Cc2nc(-c3cn[nH]n3)c(-c3nc4c(o3)C(c3ccc(F)cc3)N(c3cc(Cl)cn(C5CC(O)(CO)C5)c3=O)C4)c(-c3ccoc3)c21,中毒,32.17651,13.503714
O=C1c2cc(-c3cn[nH]n3)nn2C(c2ccc(Cl)cc2Cl)N1c1cc(Cl)cn(C2CC(O)(CO)C2)c1=O,中毒,9.5269375,13.503714
O=C1c2cc(-c3cn[nH]n3)n(-c3ccc(Cl)cc3F)c2C(c2cccc(Cl)c2)N1c1cc(Cl)cn(C2CC(O)(CO)C2=O)c1=O,中毒,23.909687,11.513729
Clc1ccn2c1C(COc1cccnn1)(N1CCCC(c3cn[nH]n3)C1)CC2,中毒,22.661491,50.58777
OC1CCC(Oc2cc3c4c(c2OCc2ccco2)N=C(c2ccncc2)c2cc(-c5cn[nH]n5)cc-3c2CC4)CC1,中毒,48.363304,10.292379
Fc1ccc(-c2cc3c(o2)-c2cc(-c4cn[nH]n4)n(-c4ccc(Cl)cc4)c2C3)cc1,中毒,4.70057,20.711496
O=C1c2nc(-c3cn[nH]n3)nc(-c3ccoc3)c2C(c2ccc(Cl)cc2)N1c1cc(Cl)cn(C2CC(O)(CO)C2)c1=O,中毒,16.880064,13.503714
Fc1cccc2c(Cl)c(-c3n[nH]c4c(-c5cn[nH]n5)noc34)cnc12,中毒,29.908905,17.081755
O=C1c2cc(-c3cn[nH]n3)n(-c3cccc(C(F)(F)F)c3)c2C(c2ccc(Cl)cc2)N1c1cc(Cl)cn(C2CC(O)(CO)C2)c1=O,中毒,14.882899,12.110745
O=C1c2nc(-c3cn[nH]n3)nc(Nc3ccc(F)cc3F)c2C(c2ccc(Cl)cc2)N1c1cc(Cl)cn(C2CC(O)(CO)C2)c1=O,中毒,16.880064,13.466203
O=c1c(N2Cc3cc(-c4cn[nH]n4)n(-c4ccc(F)cc4F)c3C2c2ccc(Cl)cc2)cc(Cl)cn1C1CC(O)C(NO)C1,中毒,15.763229,11.513729
O=C(C1COc2ccccc21)N1CCCC1c1cn[nH]n1,中毒,18.71003,33.29853
O=C1c2cc(-c3cn[nH]n3)nn2CC(c2ccc(-c3ccncc3)cc2)N1c1cc(Cl)cn(C2CC(O)(CO)C2)c1=O,中毒,23.909687,13.466203
O=C1c2ccc(Cl)ccc3cc(-c4cn[nH]n4)n2c3C(c2ccc(Cl)cc2)N2C(=O)C2=CC(Cl)=CN1C1CC(O)(CO)C1,中毒,22.80562,12.652781
Clc1cc(C2(N3CCSCC3)CC2)nnc1C1=C2CNCCN2C2=C(c3cn[nH]n3)C2=N1,中毒,4.568017,15.068158
c1sc(-c2cc3n(n2)CCC2(CC3)CC3CCN32)cc1-c1cn[nH]n1,低毒,5.443258,18.97289
O=C1c2cc(-c3cn[nH]n3)[nH]c2C(c2ccc(Cl)cc2-c2cc(Cl)cc(Cl)c2)N1c1cc(Cl)cn(C2CC(O)C(O)C2)c1=O,中毒,5.6871157,11.513729
O=C1c2nc(-c3cn[nH]n3)nc(-c3cc(F)cc(Cl)c3)c2C(c2ccc(F)cc2)N1c1cc(Cl)cn(C2CC(O)(CO)C2)c1=O,中毒,16.880064,13.466203
FC(F)(F)c1cc(N=CN=Nc2ccc3c(-c4cn[nH]n4)c[nH]c3c2)c2nccnc2c1,中毒,2.6424322,103.622955
O=c1c(N2Cc3cc(-c4cn[nH]n4)cc(-c4cc(Cl)ccc4Cl)c32)cc(Cl)cn1C1CC(O)(CO)C1,中毒,18.619787,18.206211
O=c1c(N2Cc3cc(-c4cn[nH]n4)n(-c4ccc(Cl)cc4F)c3C2c2cccnc2)cc(Cl)cn1C1CC(O)(CO)C1,中毒,15.763229,11.513729
Fc1cc(Cl)ccc1-c1nc2cccnc2c(Nc2ccccc2-c2nnc3c4c2C2=C(Cl)C=CC(Cl)=C4C(c4ccc(Cl)cc4)N2C3)c1-c1cn[nH]n1,中毒,21.947083,17.696295
O=C1c2cc(-c3cn[nH]n3)n(-c3ccc(F)cc3F)c2C(c2ccc(Cl)cc2)N1c1c(F)c(F)c(F)c(F)c1F,中毒,17.272402,23.107658
Fc1cc2nc(-c3cc(-c4ccc(Cl)cc4)c4cc(-c5cn[nH]n5)sc4c3)[nH]c2cc1-c1cccnc1C(F)(F)F,中毒,22.166527,76.08182
O=C(NN1CC=CCC1)c1ccc(-n2cnc3c(c2=O)C2=C3CC(c3cn[nH]n3)=N2)cc1,低毒,50.203915,40.8173
Fc1ccc(C2C(C3=C4C(=Nc5cc(-c6cn[nH]n6)cc(-c6c(Cl)cccc6Cl)c54)CC3)c3cc(Cl)ccc3C2c2cc(Cl)cc(Cl)c2)c(F)c1,中毒,12.770253,56.893147
O=C1c2cc(-c3cn[nH]n3)n(-c3ccc(F)c(Cl)c3)c2C(c2ccc(Cl)cc2)N1c1cc(Cl)cn(C2CC(F)(F)C2)c1=O,中毒,22.035963,14.026334
C1=C2NC(c3ccc(-c4ccc[nH]4)cc3)C(c3cn[nH]n3)=C2CCC1,中毒,18.930988,48.144943
Fc1ccc2c(c1)C1CCCC2(C(F)(F)F)N1n1ncc2cc(-c3cn[nH]n3)cnc21,中毒,7.0331507,17.54973
O=C1c2cc(-c3cn[nH]n3)n(-c3ccc(Cl)cc3)c2C(c2ncc(Cl)cc2F)N1c1cc(Cl)cn(C2CC(O)(CO)C2)c1=O,中毒,38.834198,12.110745
O=C1c2cc(-c3cn[nH]n3)n(-c3ccc(F)cc3F)c2C(c2ccco2)N1c1cc(Cl)cn(C2CC(O)(CO)C2)c1=O,中毒,10.762919,11.513729
O=C1c2cc(-c3cn[nH]n3)n(-c3cc(Cl)c[nH]c3=O)c2C(c2ccc(Cl)cc2)N1c1cc(Cl)cn(C2CC(O)(CO)C2)c1=O,中毒,38.99518,13.466203
OC1(c2ccc(Cl)cc2)CC2=CC(Cl)=CC=C3C2N(c2ccsc2)C(c2ccc(Cl)cc2)c2c(cc(-c4cn[nH]n4)n2-c2ccc(Cl)cc2)C31,中毒,53.967606,21.048428
O=C(CSc1ncnc2[nH]cc(-c3cn[nH]n3)c12)N1c2ccccc2Nc2cc(Oc3ccc(F)cc3F)ccc21,中毒,22.308847,27.380348
c1ccc2nc(N3CCN4CC(Oc5cn[nH]n5)CCC4C3)ncc2c1,中毒,10.201289,64.41774
c1n[nH]cc1-c1cn[nH]n1,高毒,238.72006,99.30026
O=C1C(Cl)=NC2=C3N=C(c4cn[nH]n4)N=C3CN1N2CC1(CCc2ccc(C3CC3)cn2)CC1,中毒,12.141088,49.44494
Fc1cccc(SC(=S)N2CCc3sc(-c4cn[nH]n4)cc3C2)c1,中毒,44.1497,25.195028
OC1(CC#Cc2cc3c(-c4cn[nH]n4)c[nH]c3cc2-c2c[nH]c3ncccc23)CCC(O)(Cc2ccc(F)cc2)CC1,中毒,3.7803266,66.86796
O=C1Cc2cc(-c3cn[nH]n3)n(-c3ccc(Cl)cc3)c2C(c2ccc(Cl)cc2)N1c1csc(Cl)c1,中毒,26.889551,57.56998
O=c1c(N2c3cc(Cl)ccc3-c3cc(-c4cn[nH]n4)n(-c4ccc(Cl)cc4F)c3C2c2ccc(Cl)cc2)cc(Cl)cn1C1CC(O)(CO)C1,中毒,13.591881,16.947666
Fc1cc2cc(Oc3ccc(-c4cnn(CC5CCOC5)c4)c(-c4cn[nH]n4)c3)ccc2o1,中毒,48.022907,28.134504
O=C1c2cc(-c3cn[nH]n3)n(-c3ccc(F)cc3C(F)(F)F)c2C(c2ccc(Cl)cc2F)N1c1cc(Cl)cn(C2CC(O)(CO)C2)c1=O,中毒,14.882899,13.466203
O=C1CCCC2=C1c1cc(-c3cn[nH]n3)n(-c3ccc(Cl)cc3)c1C(c1ccc(Cl)cc1)N2c1cc(Cl)cn(C2CC(O)(CO)C2)c1=O,中毒,32.17651,13.503714
O=c1[nH]nc(Cl)c2c(-c3ccc(OC4Cc5cc(-c6cn[nH]n6)nn5C4)cc3)nc(-c3ccncc3)cc12,中毒,39.85698,20.31918
O=C1CCC(N2CC3=C4C(=C(OC5CCCC5)C=C(c5cn[nH]n5)C=C3C2=O)CCCN4[S+]([O-])c2ccc(C(F)(F)F)cc2)C(=O)N1,中毒,6.268288,22.074562
Brc1cc2cc(-c3cn[nH]n3)cc-2oc1Br,高毒,28.10711,21.567532
O=C1c2nc(-c3cn[nH]n3)c(-c3ccncc3)c(-c3ccsc3)c2C(c2ccc(Cl)cc2)N1c1cc(Cl)cn(C2CC(O)(CO)C2)c1=O,中毒,67.017,12.110745
Fc1ccccc1C1N(Cc2ccc(-c3cnn(-c4cn[nH]n4)c3)nc2)CCC2(CC2)Nc2ncnn21,中毒,18.7699,27.524584
O=C1c2cc(-c3cn[nH]n3)nc(-c3ccc(Br)cc3)c2CC(c2ccc(Cl)cc2)N1c1cc(Cl)cn(C2CC(O)(CO)C2)c1=O,中毒,28.184814,19.79431
O=C1c2cc(-c3cn[nH]n3)cc(-c3ccc(OCC(F)F)c(F)c3)c2N1c1cc(Cl)cn(C2CC(O)(CO)C2)c1=O,中毒,18.049517,16.862432
O=c1c(N2Cc3cc(-c4cn[nH]n4)cc(-c4ccc(Cl)cc4)c3C(Nc3cccc(Cl)c3)C2c2ccc(Cl)cc2)cc(Cl)cn1C1CC(O)(CO)C1,中毒,20.308239,18.206211
N#CC1CC(C2Cc3cc(-c4cn[nH]n4)cn3-c3cc(-c4ccccn4)cc(F)c3O2)CCO1,中毒,12.746688,23.011253
O=c1c2ccc(-c3ccc(Oc4ccccn4)cc3)c(Cl)c2nc(-c2cn[nH]n2)n1O,中毒,25.901972,19.67327
c1cc2c(cc1Nc1sc(-c3cnoc3C3CC3)nc1-c1cn[nH]n1)OCCO2,中毒,31.18552,13.129011
O=C1c2cc(-c3cn[nH]n3)n(-c3cc(Br)ccc3Cl)c2C(c2ccc(Cl)cc2)N1c1cc(Cl)cn(C2CC(O)(CO)C2)c1=O,中毒,18.205946,11.513729
c1cncc(-c2nc3[nH]c4ccc(CN5CC(c6cn[nH]n6)CC5c5ccc6[nH]ccc6c5)cc4c3[nH]2)c1,中毒,59.31467,92.15037
N#Cc1ccc(CC2N(c3cc(Cl)cn(C4CC(O)(CO)C4)c3=O)C(=O)c3cc(-c4cn[nH]n4)n(-c4ccc(F)cc4F)c3S2(=O)=O)nc1,中毒,32.17651,34.717995
c1ccc2oc(-c3cc(CNC4CCn5nc(-c6cn[nH]n6)cc5C4)ccn3)cc2c1,中毒,6.1748667,16.958666
N#CC1=CC=C2C3C(=C1)CCN2Cc1cc(-c2cn[nH]n2)n(-c2ccc(F)cc2F)c1C(c1ccc(Cl)cc1)N3c1ccc(Cl)cc1,中毒,25.896519,41.906586
O=C1c2cc(-c3cn[nH]n3)n(-c3ccc(F)cc3F)c2C(c2scnc2C2CC2)N1c1cc(Cl)cn(C2CC(O)(CO)C2)c1=O,中毒,13.346145,13.466203
O=C1c2nc(-c3cn[nH]n3)c(Cc3ccc(Cl)cc3F)c(-c3cccc(Cl)c3)c2C(c2ccc(Cl)cc2)N1c1cc(Cl)cn(C2CC(O)(CO)C2)c1=O,中毒,40.127476,12.110745
O=c1[nH]c(C2=CC=C3C4CC(=C2)C3N(c2ccc(Cl)c(Cl)c2)C(c2ccc(Cl)cc2)c2c4cc(-c3cn[nH]n3)n2-c2ccc(Cl)cc2)no1,中毒,29.275309,25.153175
Clc1ccc(C2CC(c3cn[nH]n3)CN3c4ccc(Oc5ccccn5)cc4CC23)cc1,中毒,2.7215219,51.885048
O=C1c2cc(-c3cn[nH]n3)n(-c3ccc(Cl)cc3Nc3cncnc3)c2C(c2ccc(Cl)cc2)N1c1cc(Cl)cn(C2CC(O)C(O)C2)c1=O,中毒,12.488247,11.513729
ClC1=CC=C2OC3C(=C1)C2N(c1ccc(Cl)cc1)C(c1ccc(Cl)cc1)c1c3cc(-c2cn[nH]n2)n1-c1ccc(Cl)cc1,中毒,21.947083,13.503714
Brc1ccc2sc(-c3cn[nH]n3)cc2c1,高毒,12.7486925,23.247156
NC(=O)c1ccc2scc(-c3cc(-c4cn[nH]n4)cc4c3CC(c3ccc(F)cc3)N(c3cc(Cl)cn(C5CC(O)(CO)C5)c3=O)C4=O)c2c1,中毒,36.83937,13.503714
O=c1c(N2Cc3cc(-c4cn[nH]n4)cc(-c4ccns4)c3C2c2ccc(Cl)cc2)cc(Cl)cn1C1CC(O)(CO)C1,中毒,6.3808517,12.110745
Clc1csc(-c2scnc2N2CCn3nc(-c4cn[nH]n4)cc3C2)c1,中毒,4.9516053,36.67133
ONc1nc2ccc(-c3cn[nH]n3)cc2cc1C12CC3CC(CC(C3)C1)C2,中毒,14.084478,188.0108
c1cc2[nH]c(N3CCOCC3)nc2cc1-c1cc2nc(C3CC3)sc2cc1-c1cn[nH]n1,中毒,28.69797,31.287302
Clc1cc(Cl)cc(C2=C(c3cn[nH]n3)C(C3CCC3)=NC2n2cc(-c3ccnc(Nc4ccccn4)c3)nn2)c1,中毒,10.687877,48.91575
O=C1c2cc(-c3cn[nH]n3)n(-c3cc(F)c(F)cc3F)c2C(c2ccc(Cl)cc2)N1c1cc(Cl)cn(C2CC(O)(CO)C2S)c1=O,中毒,15.540574,11.513729
O=C1c2cc(-c3cn[nH]n3)n(-c3ccc(F)cc3Cl)c2C(c2ccc(Cl)cc2)N1c1cc(Cl)cn(C2CCCC2)c1=O,中毒,22.035963,14.026334
O=C1COc2ccc(I)cc2N1Cc1cn(-c2cn[nH]n2)nn1,中毒,39.948425,27.863272
O=C1c2cc(-c3cn[nH]n3)n(-c3ccc(Cl)cc3F)c2C(c2ccc(Cl)cc2)N1c1cc(Cl)cn(C2CC(O)(Cl)C2)c1=O,中毒,25.244574,11.513729
Fc1cccc(Br)c1OC1=Nc2cc(-c3cn[nH]n3)cc(c2)-n2nnnc21,低毒,28.695858,12.575143
O=c1c(N2Cc3cc(-c4cn[nH]n4)n(-c4ccc(Cl)cc4)c3C2c2ccc(Br)cc2F)cc(Cl)cn1C1CC(O)(CO)C1,中毒,19.24008,11.513729
Clc1ccc2sncc2c1-c1csc(Nc2nc(-c3cn[nH]n3)cs2)n1,中毒,26.98363,25.560757
O=C1c2cc(-c3cn[nH]n3)[nH]c2CC(c2ccc(F)cc2)N1c1cc(Cl)cn(C2CC(O)(CO)C2)c1=O,中毒,19.24008,13.503714
Brc1cc(N2Cc3cc(COC4CCNCC4)sc3C2)cc(-c2cn[nH]n2)c1C1CC1,中毒,25.769068,166.82036
O=C1c2cc(-c3cn[nH]n3)cc(-c3ccc(Cl)cc3)c2N1c1cc(Cl)cn(C2CC(O)C(O)C2)c1=O,中毒,18.619787,18.239529
O=C1CCC2CN3C(=CC(Cl)=CN12)c1cc(-c2cn[nH]n2)n(-c2ccc(F)cc2)c1C3c1ccc(Cl)cc1,中毒,9.941943,20.805506
O=C1c2nc(-c3cn[nH]n3)cc(-c3ccc(Cl)c(Cl)c3)c2C(c2ccc(Cl)cc2)N1c1cc(Cl)cn(C2CC(O)(CO)C2)c1=O,中毒,37.24519,12.110745
OC(CNc1cc2ncnc(-c3cnn4ncccc34)c2cc1-c1cn[nH]n1)c1cc(F)ccc1F,中毒,21.654125,36.890865
Brc1ccc(Oc2cn[nH]n2)c(-c2cc3c(s2)CCN(c2ncnc4[nH]ccc24)C3)n1,中毒,17.04002,16.643063
c1coc(CN2CCC3(CC2)NCc2c3cccc2C2(c3cn[nH]n3)CC2)c1,中毒,4.4081564,18.511988
Fc1ccc(-n2c(-c3cn[nH]n3)cc3c2C(c2ccc(Cl)cc2)N(c2cc(Cl)c4ncsc4c2)CC3)c(F)c1,中毒,21.327534,21.359938
O=C1CN(c2cc(Cl)cn(C3CC(O)(CO)C3)c2=O)C(c2ccc(Cl)cc2)c2[nH]c(-c3cn[nH]n3)nc21,中毒,20.802595,35.424923
c1coc(-c2nc3c(c(N4CCc5ccccc5C4)n2)CCc2cc(-c4cn[nH]n4)[nH]c2-3)c1,中毒,45.727615,57.019344
N#CN1c2ccc(Br)cc2-c2cc(-c3cn[nH]n3)cc(-c3c(Cl)cccc3Cl)c2C2(CCCC2)C1c1ccc(Cl)cc1,中毒,6.7447805,57.729553
O=C1c2cc(-c3cn[nH]n3)n(-c3cc(F)c(F)cc3F)c2C(c2ccc(Cl)cc2)N1c1cc(Cl)cn(C2CCOC2)c1=O,中毒,17.272402,13.466203
C1=C2C(CNC1)CC2(c1ccc2[nH]cnc2c1)c1cn[nH]n1,中毒,20.19465,52.127857
O=C1c2cc(-c3cn[nH]n3)n(-c3ccc(F)cc3)c2C(c2ccc(Cl)cc2)N1c1cc(Cl)cn(C2CC(F)(F)C2)c1=O,中毒,22.035963,14.026334
O=C1C2CCc3cc(-c4cn[nH]n4)cc(-c4cc(F)c(F)c(F)c4)c3C(c3ccc(Cl)cc3)N1c1cc(Cl)cn2c1=O,中毒,15.523818,14.3937645
O=C1c2cc(-c3cn[nH]n3)n(CC3CC3)c2C(c2ccc(Cl)cc2)N1c1cc(Cl)cn(C2CC2)c1=O,中毒,28.622856,13.92006
O=C1OC(c2cn[nH]n2)CC1(F)F,高毒,20.421015,32.71061
O=[N+]([O-])NCCSc1cn[nH]n1,高毒,579.07416,56.951363
O=c1c2cc(SC3Cc4cccc(Cl)c4C3)cc(-c3nc(=S)[nH]c4cc(Cl)ccc34)c2cnn1-c1cn[nH]n1,中毒,12.438634,60.30808
O=C1C2=CC(c3cn[nH]n3)=CC2=C(c2cc3c(s2)CSc2ccccc2-3)C(c2cccs2)CN1c1cc[nH]n1,中毒,7.494668,37.486298
Fc1cccc(N2Cc3c(CNCc4ccncn4)cc(-c4cn[nH]n4)cc32)c1F,低毒,17.608044,65.87875
O=C(NC1CCCC1)c1cnn2c1c(-c1nc(=O)c(-c3cn[nH]n3)cc3c1C1CC31)cn2-c1ccc2c(c1)OCO2,中毒,36.663155,50.575592
c1sc(N2CCN3CCCC3C2)cc1-c1cn[nH]n1,高毒,10.14981,34.123466
O=S(=O)(c1cccs1)N1CC(=Cc2cn[nH]n2)C2C(C1)c1c(ccc3[nH]ccc13)C2c1ccc(F)c(F)c1,中毒,15.754997,16.932224
O=C1c2cc(-c3cn[nH]n3)c(=O)n(-c3ccc(Cl)cc3)c2C(c2cccc(Cl)c2)N1c1cc(Cl)cn(C2CC(O)(CO)C2)c1=O,中毒,51.50488,12.110745
c1cc(OCc2csc(-c3cn[nH]n3)n2)n(-c2nc(-c3cc[nH]n3)cs2)c1,中毒,48.024017,13.669408
Fc1cc(Cl)ccc1C1(c2cccs2)Oc2c(cc(-c3cn[nH]n3)n2-c2ccc(Cl)cc2Cl)C1c1ccc(Cl)cc1,中毒,47.20036,82.11888
Fc1cccc(OCC2OC3CCN3C2c2cn[nH]n2)c1,中毒,18.368511,223.71051
O=c1c(N2C(c3ccnc4cc(Cl)ccc34)c3cc(-c4cn[nH]n4)n(-c4ccc(F)cc4F)c3C2c2ccc(Cl)cc2)cc(Cl)cn1C1CC(O)(CO)C1,中毒,15.763229,13.466203
O=C1c2sc(-c3cn[nH]n3)c(-c3ccc(Cl)cc3)c2C(c2ccc(Cl)cc2)N1c1cc(Cl)cn(C2CC(O)(CO)C2)c1=O,中毒,10.149779,13.447941
O=c1c(N2CCc3cc(-c4cn[nH]n4)cc(-c4ccc(Cl)c(C(F)(F)F)c4)c3C2c2ccc(Cl)cc2)cc(Cl)cn1C1CC(O)(CO)C1,中毒,19.016203,18.239529
c1cc2[nH]c(-c3cc(-c4cn[nH]n4)cs3)nc2cn1,低毒,14.349582,11.391575
O=C(O)c1cn(-c2ccc3oc(=O)[nH]c3c2)c2cc(-c3cn[nH]n3)c(F)cc2c1=O,中毒,31.785233,23.163008
O=S(=O)(c1cc(F)c2c(c1)Cc1c-2cc(-c2cn[nH]n2)c2nc(C(F)F)cn12)c1cccc2[nH]ncc12,中毒,44.81348,15.301449
O=C1c2cc(-c3cn[nH]n3)n(-c3cc(Cl)c(Cl)cc3Cl)c2C(c2ccc(Cl)cc2)N1c1cc(Cl)cn(C2CC(O)C(O)C2)c1=O,中毒,18.205946,11.513729
O=[N+]([O-])c1ccc(N2CCN(Cc3cnc4cc(-c5cn[nH]n5)cn4c3CC3COc4ccccc4O3)CC2)cc1,中毒,4.457994,45.14306
O=C1c2nc(-c3cn[nH]n3)c(-c3ccncc3)c(-c3ccccc3Cl)c2C(c2ccc(Cl)cc2)N1c1cc(Cl)cn(C2CC(O)(CO)C2)c1=O,中毒,67.017,12.110745
O=C1c2nc(-c3cn[nH]n3)cc(N3CCOCC3)c2C(c2ccc(Cl)cc2)N1c1cc(Cl)cn(C2CC(O)(CO)C2)c1=O,中毒,37.24519,33.968105
c1cc(-c2cnc3c(Nc4ccc5scnc5c4)nc(-c4cn[nH]n4)cn23)ccn1,中毒,69.19651,50.17967
O=C1c2nc(-c3cn[nH]n3)nc(N3CCSCC3)c2C(c2ccc(Cl)cc2)N1c1cc(Cl)cn(C2CC(O)(CO)C2)c1=O,中毒,16.880064,13.466203
O=C(O)c1ccc(C#Cc2c(-c3ccc(Cl)cc3)c3cnc(-c4cn[nH]n4)cc3n(C3CCCC3)c2=S)s1,中毒,10.436186,148.85776
Clc1ccc(Oc2ccc(Cl)cc2-n2c(-c3cn[nH]n3)cc3c4cccc(Cl)c4nc(Br)c32)cc1,中毒,9.221759,15.02669
O=C1c2ccc(-c3cn[nH]n3)nc2-c2cc(F)c(F)cc2C(c2ccccc2)N1c1cc(Cl)cn(C2CC(O)(CO)C2)c1=O,中毒,17.75127,11.513729
Nc1cc(-c2cnc(C(=O)NC3CC3)cc2-c2ccc3[nH]nc(-c4cn[nH]n4)c3c(=O)c2-c2cc(F)c(O)cc2OC(F)(F)F)ccn1,中毒,42.11282,8.2014885
O=C1c2cc(-c3cn[nH]n3)n(-c3ccc(Cl)cc3F)c2C(c2ccc(Cl)cc2)N1c1cc(Cl)cn(C2CCC(O)CC2)c1=O,中毒,25.244574,11.513729
c1cc2c(cc1-c1nc(CNc3nnnc(-c4cn[nH]n4)n3)cs1)OCO2,中毒,9.403604,20.320345
Fc1cc(N2CCOCC2)c(F)c2sc(-c3cn[nH]n3)nc12,中毒,19.730642,16.920282
Clc1cnc2[nH]c3cccc(-c4cccs4)c3c3ncn(-c4cn[nH]n4)c3[nH]c2c1,中毒,4.702519,20.400581
O=C1C2=CC(Cl)=CN(C3CCOCC3)c3cc(-c4cn[nH]n4)cc(-c4c(F)cccc4F)c3C(c3ccc(Cl)cc3)N12,中毒,49.949406,43.30153
Oc1nccc2c([SH](CCCNc3nc4ccc(Cl)cc4s3)NCc3nc(-c4cn[nH]n4)cs3)c[nH]c12,中毒,25.697304,28.146523
Fc1ccc(NC2=NOC23C(NCC2CC2)c2c(cc(-c4cn[nH]n4)cc2-c2c(Cl)cccc2Cl)CC32CCOC2)c(F)c1,中毒,12.731666,13.503714
O=c1c(N2Cc3cc(-c4cn[nH]n4)cc(-c4cc(F)cc(F)c4)c3C2c2ccc(Cl)cc2)cc(Cl)cn1C1CC(O)(CO)C1,中毒,6.3808517,8.960914
c1nc2c(cc1-c1cn[nH]n1)nc1n2CCC(N2CCCCC2)C1,中毒,18.31349,46.838673
O=c1c(N2Cc3cc(-c4cn[nH]n4)cc(-c4c(Cl)cccc4Cl)c3C2c2ccc(Cl)cc2)cc(Cl)cn1C1CC(O)C(O)(CO)C1,中毒,6.3808517,8.960914
Fc1ccc2onc(CCNc3cc4c(Oc5cncc(-c6c[nH]cc6-c6cn[nH]n6)c5)ccnc4cn3)c2c1,中毒,10.634987,21.484097
NC1CC(COc2cc3ncnc(-c4cc[nH]c(=O)c4)c3cc2-c2cn[nH]n2)CN1c1ccc(F)c(Cl)c1,中毒,4.830268,64.22769
Fc1cccc(Oc2nc(-c3cn[nH]n3)cc3[nH]c(C4CC4)nc23)c1,低毒,11.38776,188.56816
Fc1ccc(Cl)cc1N1c2cnc(-c3cn[nH]n3)cc2C(c2ccc(Cl)c(Cl)c2)N(c2ccc(Cl)cn2)C1c1ccc(Cl)cc1Cl,中毒,31.812029,25.145485
c1cnc2ccc(-c3ccc4sc5c(N6CCOCC6)nc(N6CCC(c7cn[nH]n7)CC6)nc5c4c3)cc2c1,中毒,4.9321117,20.556484
O=C1c2cc(-c3cn[nH]n3)n(-c3ccc(Cl)cc3Cl)c2C(c2ccc(Cl)cc2Cl)N1c1cc(Cl)cn(C2CCS(=O)(=O)C2)c1=O,中毒,17.475342,14.026334
O=c1c(N2COc3cc(-c4cn[nH]n4)n(-c4cccc(Cl)c4)c3C2c2ccc(Cl)cc2)cc(Cl)cn1C1CC(O)(CO)C1,中毒,43.309574,46.02951
O=C1c2cc(-c3cn[nH]n3)n(-c3ccc(Cl)cc3F)c2C(c2ccc(Br)cc2)N1c1cc(Cl)cn(C2CC(O)C(O)C2)c1=O,中毒,12.488247,11.513729
O=CN(CO)C1CN(c2cnc3c(C4CC5CC(C4)N5)nccc3c2Cl)CC1c1cn[nH]n1,中毒,20.525805,31.450426
CN1C(=O)c2ccc(-c3cn[nH]n3)cc2SC2(CC#Cc3cc(COC4CCCC4)c(F)cc32)C1N1CC1,中毒,38.1057,20.790344
[O-][S+]1CCc2cc(-c3cn[nH]n3)cc(-c3c(Cl)cccc3Cl)c2C1,中毒,8.707723,21.209984
O=C1c2cc(-c3cn[nH]n3)n(-c3ccc(Cl)cc3Cl)c2C(c2ccc(Cl)cc2)N1c1cc(Cl)cn(C2CCC(O)C2)c1=O,中毒,36.175117,11.513729
Clc1cc(Cl)cc(N2C(c3ccsc3)Cn3nc(-c4cn[nH]n4)cc3C2c2ccc(Br)cc2)c1,中毒,12.226132,13.083467
O=C1c2nc(-c3cn[nH]n3)[nH]c2C(c2ccc(F)cc2)N1c1cc(Cl)cn(C2CC(O)(CO)C2)c1=O,中毒,21.438358,35.333744
O=C1c2cc(-c3cn[nH]n3)cc(-c3ccc(Cl)cc3)c2CC(c2ccc(Cl)cc2F)N1c1cc(Cl)cn(C2CC(O)(CO)C2)c1=O,中毒,15.809174,17.379768
c1nc(-c2cc3cnsc3s2)c2nc(N3CCOCC3)nc(-c3cn[nH]n3)c2n1,中毒,9.889209,20.557573
O=C1N(c2cc(Cl)cn(C3CC(O)(CO)C3)c2=O)C(c2ccc(Cl)cc2)c2cccc3c(=O)c(-c4cn[nH]n4)nn1c23,中毒,9.5269375,13.466203
O=C1N(c2cc(Cl)cn(C3CC(O)(CO)C3)c2=O)C(c2ccc(Cl)cc2)c2c(-c3cccc(Cl)c3F)c(-c3cn[nH]n3)nn21,中毒,5.2253237,13.503714
O=C1c2cc(-c3cn[nH]n3)c(-c3ccc(Cl)cn3)nc2C(c2ccccc2)N1c1cc(Cl)cn(C2CC(O)(CO)C2)c1=O,中毒,14.775009,12.110745
c1cc2nc(-c3nncn3-c3cc(-c4cn[nH]n4)cs3)ccc2c(N2CCCOCC2)n1,中毒,7.859228,22.23736
O=S(=O)(c1cccc(C(F)(F)F)c1)N1CCN(C23Cc4c(cc(-c5cn[nH]n5)cc4-c4c(Cl)cccc4Cl)CC(C2)C3C2CC2)CC1,中毒,6.2289524,25.045732
Fc1ncc(Cl)cc1N1Cc2c(-c3cccnc3)cc(-c3cn[nH]n3)cc2C1c1ccc(Cl)cc1,中毒,20.43763,10.979249
O=C1c2cc(-c3cn[nH]n3)n(-c3ccc(Cl)cc3F)c2C(c2ccc(Cl)cn2)N1c1cc(Cl)cn(C2CCC2)c1=O,中毒,18.617636,14.0600395
Nc1c(-c2ccsc2)c(-c2cn[nH]n2)cc2c(-c3ccnc(-c4ccc(I)cc4)n3)nccc12,中毒,20.562307,71.8232
O=C1Cc2cc(-c3cn[nH]n3)n(-c3cc(Br)ccc3Br)c2C(c2ccc(Cl)cc2)N1c1cc(Cl)cn(C2CC(O)C(O)C2O)c1=O,中毒,15.763229,34.717995
O=C1c2cc(-c3cn[nH]n3)cc(c2)-c2c(F)cccc2C(c2ccc(Cl)cc2)N1c1cc(Cl)cn(C2CC(O)(CO)C2)c1=O,中毒,4.586443,8.335111
N#CCNC(=O)CSc1nc(O)c2c(-c3ccc(OCc4ccnc(Br)c4)c(Cl)c3)c(-c3cn[nH]n3)sc2n1,中毒,63.034016,13.373344
Fc1cccc(Oc2ccc(Nc3ncc4c(n3)CC(c3ccc(F)c(F)c3)c3cc(-c5cn[nH]n5)n(-c5cc(F)c(Cl)cc5F)c3-4)cn2)c1,中毒,19.619282,14.8035965
Clc1cccc(COc2noc3cc(-c4c(-c5cn[nH]n5)cc(N5CC6(COC6)C5)nc4C4CC4)ccc23)c1,中毒,23.467192,31.01597
O=C1c2nc(-c3cn[nH]n3)n(-c3c(Cl)cc(Cl)cc3Cl)c2C(c2ccc(Cl)cc2Cl)N1c1cc(Cl)cn(C2CC(O)C(O)C2)c1=O,中毒,25.928497,13.466203
Fc1ccc(Cl)cc1-c1cc(-c2cn[nH]n2)cc2c1C(c1ccc(Cl)cc1)Nc1cc(-c3ccsc3)c(C(F)(F)F)cc1-2,低毒,6.635662,24.762136
Fc1ccc(C2CCNCC2)cc1-c1n[nH]c2cc(-c3cn[nH]n3)ccc12,中毒,3.8736491,60.621475
O=c1c(N2Cc3cc(-c4cn[nH]n4)n(-c4ccc(Oc5csc(Cl)c5)nc4)c3C2c2ccc(Cl)cc2Cl)cc(Cl)cn1C1CC(O)(CO)C1,中毒,39.08631,11.513729
c1csc(N2CCc3occ(-c4cn[nH]n4)c3C2)n1,中毒,21.785017,38.27066
O=C1c2nc(-c3cn[nH]n3)n(-c3ccc(Cl)cc3F)c2C(c2cccc(Cl)c2F)N1c1cc(Cl)cn(C2CC(O)(CO)C2)c1=O,中毒,24.818281,34.717995
O=c1c2c(nc(-c3cnc4ccccc4c3)n1-c1ccc(F)cc1)c(COc1cncnc1)c(-c1ccc(Cl)cc1Cl)c1cnc(-c3cn[nH]n3)cc12,中毒,19.056683,33.710915
Clc1cccc(Cl)c1-c1cc(-c2cn[nH]n2)cc2c1CN(Cc1ccc(C#Cc3cnc(-c4cnoc4)s3)cc1)C2,中毒,61.692898,22.870396
O=C1c2nc(-c3cn[nH]n3)c(Cl)c(-c3c(Cl)cccc3Cl)c2C(c2ccc3c(c2)OCO3)N1c1cc(Cl)cn(C2CC(O)(CO)C2)c1=O,中毒,37.24519,12.110745
O=C1c2cc(-c3cn[nH]n3)n(-c3ccc(Cl)c(F)c3)c2C(c2ccc(Cl)cc2)N1c1cc(Cl)cn(C2CC(O)(CO)C2)c1=O,中毒,14.882899,11.513729
O=c1c(N2Cc3cc(-c4cn[nH]n4)cc(-c4ccc(F)cc4F)c3C2c2ccc(Cl)cc2)cc(Cl)cn1C1CC(O)(CO)C1,中毒,6.3808517,8.960914
c1ccc2c(c1)CSCC2N1CCN(CCNC2CCc3nc(-c4cn[nH]n4)sc3C2)CC1,中毒,11.791067,13.543024
O=C1c2nc(-c3cn[nH]n3)nc(Oc3ccc(F)cc3)c2C(c2ccc(Cl)cc2)N1c1cc(Cl)cn(C2CC(O)(CO)C2)c1=O,中毒,27.094715,13.503714
O=C1c2ccc(Cl)cc3cc(s2)C(c2c-3cc(-c3cn[nH]n3)n2-c2ccc(F)cc2F)N1c1cc(Cl)cn(C2CC(O)(CO)C2)c1=O,中毒,20.18954,11.513729
O=S(=O)(c1ccc(Cl)cc1)N1C2CCC1c1cc(-c3cn[nH]n3)cc(NCc3ccc(Br)cc3I)c1C2,中毒,64.87641,49.17775
O=C(c1ccoc1CN1CCOCC1)N1CCc2cc(-c3cn[nH]n3)cc(-c3c(Cl)cccc3Cl)c2CC1,中毒,83.88155,25.899391
O=S(=O)(N=C1OP(c2c(Br)c[nH]c2C(Cl)(Cl)Cl)N=S1(=O)c1cn[nH]n1)c1cc(Cl)c(Cl)s1,中毒,24.294966,13.447941
OCC1CN(C2=NC=c3cnc4c(c32)C=C(c2cn[nH]n2)N=4)CCO1,中毒,21.99362,8.826695
Fc1cnccc1-c1ncsc1-c1ccc2c(c1)-c1nc(-c3cn[nH]n3)cnc1C2,中毒,39.090218,26.22312
N#Cc1ccc2c(c1)-c1cc(-c3cn[nH]n3)n(-c3ccc(Cl)cc3)c1C(c1ccc(Cl)cc1)N2O,中毒,44.32455,28.558393
O=C1c2cc(-c3cn[nH]n3)n(-c3cccc(Cl)c3F)c2C(c2ccc(Cl)cc2)N1c1cc(Cl)cn(C2CC(F)(F)C2)c1=O,中毒,17.475342,14.026334
Fc1ccc(-c2noc3c2cc(-c2cn[nH]n2)c2nc(-c4ccno4)nc(N4CCOCC4)c23)cc1,中毒,28.130333,13.888707
O=C1c2cc(-c3cn[nH]n3)nc(-c3ccc(F)cc3)c2C(c2ccc(Cl)cc2)N1c1cc(Cl)cn(C2CC(O)(CO)C2)c1=O,中毒,7.4282966,12.110745
Clc1cn2c(-c3cnn4ccccc34)nc(N3CCOCC3)cc2c1-c1cn[nH]n1,中毒,3.76942,150.30191
O=C(Cn1cccn1)NC(c1ccccc1)c1cnc2[nH]cc(-c3cn[nH]n3)c2c1,中毒,27.450565,72.913345
O=C1c2cc(-c3cn[nH]n3)n(-c3ccccc3Cl)c2C(c2ccc(Cl)cc2)N1c1cc(Cl)cn(C2CC(O)C(O)C2)c1=O,中毒,18.205946,11.513729
O=c1c2c3ccc(-c4cccc(Oc5ccc(F)cc5Br)c4)cc3cc3n4c(-c5cn[nH]n5)cc(c4CC3)c2ncn1C1CC1,中毒,52.471256,14.8578615
O=c1c(N2Cc3cc(-c4cn[nH]n4)cc(-c4ccnc(-c5c(F)cc(F)cc5F)c4)c3C2c2ccc(Cl)cc2)cc(Cl)cn1C1CC(O)(CO)C1,中毒,6.3808517,8.519041
Fc1ccc(-c2nc(-c3ccco3)nc3sc4c(c23)-c2cc(-c3cn[nH]n3)n(-c3ccc(Cl)cc3Cl)c2-4)cc1,中毒,13.237963,17.334517
O=C1c2cc(-c3cn[nH]n3)n(-c3ccc(Cl)cc3)c2C(c2ccc(Cl)cc2)N1c1cc(Cl)cn(C2CC(O)(CO)C2Cl)c1=O,中毒,14.882899,11.513729
O=S1(=O)Cc2c(cc(-c3cn[nH]n3)cc2-c2c(Cl)cccc2Cl)-c2cc(Oc3c(Cl)cc(C(F)(F)F)cc3Cl)c(Cl)cc21,中毒,8.118312,19.141018
O=c1c(N2Cc3cc(-c4cn[nH]n4)cc(-c4c[nH]c5ccc(C(F)(F)F)cc45)c3C2c2ccc(Cl)cc2)cc(Cl)cn1C1CC(O)(CO)C1,中毒,9.718621,9.719319
Brc1nc(-c2ccc(N3CCOCC3)nc2)c2nc(-c3cn[nH]n3)c3[nH]cc(-c4ncccn4)c3c2n1,中毒,24.060637,38.432915
c1cnc(-n2ccc(-c3cc(-c4ccnc(Nc5ccns5)c4)nc4cc(OCC5CC5)c(-c5cn[nH]n5)cc34)c2)cn1,中毒,43.89284,36.04145
c1cc(COCC2Cc3[nH]c4ncc(-c5cn[nH]n5)cc4c3C2)cc(-c2nnco2)c1,中毒,134.1796,145.39508
O=C1c2cc(-c3cn[nH]n3)c(-c3cc(Cl)ccc3Oc3ccc(F)cc3F)nc2C(c2ccc(Cl)cc2)N1c1cc(Cl)cn(C2CC(O)(CO)C2)c1=O,中毒,51.50488,12.110745
O=C1CN=C2N1c1cc(-c3cn[nH]n3)n(-c3ccc(Cl)cc3)c1C(c1ccc(Cl)cc1)N2c1cc(Cl)cn(C2CC(O)(CO)C2)c1=O,中毒,15.540574,13.466203
c1ccc(-c2ccsc2-c2nc(CN3Cc4cc(-c5cn[nH]n5)cc(C56CC7CC(CC(C7)C5)C6)c4C3)cs2)c(OC2CCOCC2)c1,中毒,24.597883,19.13879
O=C1c2cc(-c3cn[nH]n3)n(-c3ccc(Cl)cc3F)c2C(c2ccc(-c3cccnc3)c(Cl)c2)N1c1cc(Cl)cn(C2CC(O)(CO)C2)c1=O,中毒,12.484977,11.513729
O=C1c2nc(-c3cn[nH]n3)nc(N3CCOCC3)c2C(c2ccc(Cl)cc2F)N1c1cc(Cl)cn(C2CC(O)(CO)C2)c1=O,中毒,16.921463,13.466203
Fc1ccc(Oc2ccc(-c3c(SCC4CC4c4cccc(Br)c4)nnc4[nH]cc(-c5cn[nH]n5)c34)cc2)cc1,中毒,25.229618,20.618849
O=c1c(N2Cc3cc(-c4cn[nH]n4)n(-c4ccc(Cl)cc4F)c3C2c2ccc(Cl)cc2)cc(Cl)cn1C1OC(CO)C(O)C1O,中毒,15.763229,13.503714
Clc1cccc(Cl)c1-c1cc(-c2cn[nH]n2)cc2c1CCNC2c1c[nH]c2ccccc12,中毒,28.720398,23.067783
c1cc(CN2CCCC(c3noc(-c4cn[nH]n4)n3)C2)cs1,中毒,11.536405,33.763374
O=C1c2cc(-c3cn[nH]n3)n(-c3cc(F)cc(F)c3Cl)c2C(c2ccc(Cl)cc2)N1c1cc(Cl)cn(C2CC(O)(CO)C2)c1=O,中毒,18.205946,11.513729
Clc1ccc(CNc2cc3nc(C4CN5CCC4C5)sc3cc2-c2cn[nH]n2)s1,中毒,52.819588,56.73377
Oc1c(Cl)cc(-c2cc3ncc(-c4cn[nH]n4)cc3cc2NC2CCCC(NCc3c[nH]nn3)C2)cc1Cl,中毒,16.628824,49.91877
O=C(CCl)N1c2ccc(Cl)cc2-c2cc(-c3cn[nH]n3)c(OCc3ccc(-c4ccc(OC(F)(F)F)cc4)cc3)cc2C1c1ccc(Cl)cc1,中毒,34.96681,63.569218
O=C1c2cc(-c3cn[nH]n3)n(-c3ccc(OCc4ccc(F)c(F)c4Cl)cc3)c2C(c2ccc(Cl)cc2)N1c1cc(Cl)cn(C2CC(O)(CO)C2)c1=O,中毒,38.99518,11.513729
O=C1c2nc(-c3cn[nH]n3)cc(-c3nc4c(I)cncc4s3)c2C(c2ccc(Cl)cc2Cl)N1c1cc(Cl)cn(C2CC(O)(CO)C2)c1=O,中毒,36.83937,13.503714
Oc1nc2cc3cc(-c4cn[nH]n4)ccc3[nH]c-2n1,中毒,6.8799896,98.82647
Clc1ccc(C2C(c3ccncc3)N=CN2c2cc(-c3cn[nH]n3)cs2)cc1,低毒,61.66024,16.27874
O=S(=O)(Nc1ncns1)c1ccc2c(c1)C1=C(OC3CCNCC3)C(=NN3Cc4[nH]c(-c5cn[nH]n5)cc4C3=N1)c1cc(Cl)ccc1O2,中毒,27.340958,25.328058
FC(F)(F)c1cccc(-n2nc3c(c2-n2cnc4scc(-c5cn[nH]n5)c42)CC(C(F)(F)F)C3)c1,中毒,6.268288,16.341145
OCCN1CCN(c2nc(-c3ccccn3)c3c(n2)c(-c2cn[nH]n2)cc2nc(Nc4ccc(F)c(Cl)c4)sc23)CC1,中毒,67.441475,13.447941
O=C1c2cc(-c3cn[nH]n3)n(-c3ccc(Cl)cc3F)c2C(c2ccc(N3CCOCC3)cc2F)N1c1cc(Cl)cn(C2CC(O)(CO)C2)c1=O,中毒,12.488247,13.466203
O=c1c2cccc(F)c2nc(CN2Cc3cc(-c4cn[nH]n4)nc(-c4c(Cl)cccc4Cl)c3C2)n1-c1ccc(F)cc1Cl,低毒,16.0634,13.019004
[O-][n+]1cc(Cl)cc(N2Cc3cc(-c4cn[nH]n4)cc(-c4c(Cl)cccc4Cl)c3C2c2ccc(Cl)cc2)c1,中毒,7.7644997,32.294476
O=C1c2cc(-c3cn[nH]n3)n(-c3ccc(F)cc3F)c2C(c2ccncc2)N1c1cc(Cl)cn(C2CC(O)(CO)C2)c1=O,中毒,12.488247,11.513729
Clc1cccc2c1NCc1sccc1-c1c(-c3nc(-c4cn[nH]n4)cs3)nnn1-2,中毒,80.88068,15.51133
OCc1cc(C2c3cc(-c4cn[nH]n4)c(-c4ccc(Cl)cc4)n3C(c3ccc(Cl)cc3)N2c2cncc(Cl)c2)cs1,中毒,27.19081,13.503714
O=C1c2nc(-c3cn[nH]n3)c(F)c(-c3ccn[nH]3)c2C(c2ccc(Cl)cc2)N1c1cc(Cl)cn(C2CC(O)(CO)C2)c1=O,中毒,39.425797,12.110745
Fc1ccc(-c2noc3nc(N4CCN(c5ncnc6scc(-c7cccnc7)c56)CC4)cc(-c4cn[nH]n4)c23)c(F)c1,中毒,183.15843,16.157087
O=C1c2nc(-c3cn[nH]n3)nc(N3CCN(Cc4ncc(F)cn4)CC3)c2C(c2ccc(Cl)cc2)N1c1cc(Cl)cn(C2CC(O)(CO)C2)c1=O,中毒,16.880064,13.466203
O=C1c2nc(-c3cn[nH]n3)cc(-c3nc4cc(Cl)ccc4s3)c2C(c2ccc(Cl)cc2)N1c1cc(Cl)cn(C2CC(O)(CO)C2)c1=O,中毒,26.553892,13.503714
O=C1c2c3sc(c2CSC1c1cc(Cl)ccc1Cl)NC1C(=O)c2cc(-c4cn[nH]n4)n(-c4ccc(Cl)cc4)c2C(c2ccc(Cl)cc2)N31,中毒,17.475342,36.450665
O=C1c2nc(-c3cn[nH]n3)cc(-c3ccc(C(F)(F)F)cc3)c2C(c2ccc(Cl)cc2)N1c1cc(Cl)cn(C2CC(O)(CO)C2)c1=O,中毒,37.24519,12.110745
c1cc(-c2nc(N3CCOCC3)nc3nc(Nc4ccc(OCCN5CCOCC5)cc4)c(-c4cn[nH]n4)cc23)c[nH]1,中毒,5.962751,10.992463
O=C1SC(=Cc2ccc3oc4cc(-c5cn[nH]n5)cnc4c3n2)C(=O)N1C1CCCCC1,中毒,16.945116,34.006783
c1ccc(-c2cc(CN(Cc3cc4n(n3)CCN(Cc3cn[nH]n3)C4)C3CC3)[nH]n2)nc1,中毒,58.896,55.625122
Oc1cc2c(Oc3ccnc(Cl)c3)nc(-c3cccnc3)c(-c3ccn4ncc(-c5ccc(F)cc5)c4c3)c2cc1-c1cn[nH]n1,低毒,7.4018536,68.06396
N=C1C(=O)N(c2cn[nH]n2)C=C1c1ccc(N2CCNCC2)nc1-c1cnn(-c2ccc3oc4cnccc4c3c2)c1,中毒,14.5993805,22.941324
O=c1c2c(cc(-c3cncnc3)c(-c3ccsc3)c1-c1ccccc1)Cn1c-2cc(-c2cn[nH]n2)c1-c1ccc(F)cc1F,中毒,22.7012,13.263216
FC(F)(F)C1C=C(c2cc(Cl)cc(Cl)c2)c2ncc(-c3cn[nH]n3)c(n2)N1,低毒,14.547701,153.01546
Fc1ccc(F)c(Oc2ccc(C3CCc4c(nc(-c5cn[nH]n5)nc4N4CCCC(F)(F)C4)C3)nc2)n1,中毒,7.8821025,39.521503
Clc1ncsc1-c1cc(-c2c[n+]3c(cc2-c2cn[nH]n2)CN(c2sccc2C2C4CC5CC(C4)CC2C5)CC3)ccn1,中毒,75.647224,14.732127
O=C(O)c1cn(C2Cc3ccccc3C2)c2cc(Nc3cn[nH]n3)c(F)cc2c1=O,中毒,13.182166,27.222153
O=C1c2cc(-c3cn[nH]n3)nc(N3CCN(C4CCOC4)CC3)c2C(c2ccc(Cl)cc2)N1c1cc(Cl)cn(CC2CC(F)(F)C2)c1=O,中毒,10.031834,9.114193
O=S1(=O)c2cc(F)c(-c3cn[nH]n3)cc2C(c2ccc(C(F)(F)F)cc2)N1Cc1ccc(F)c(C(F)(F)F)c1,中毒,27.041494,22.326305
ClN1CCc2cc(-c3nc4c(cc3-c3cn[nH]n3)CN(C3CC3)C4)sc2CC1,中毒,10.805448,19.14615
Clc1cccc(-c2nc(N3CCOCC3)c(N3CCOC3)c3cc(-c4cc5c(s4)CCC5)c(-c4cn[nH]n4)cc23)c1,中毒,19.037422,37.025394
O=C1CC(n2cc(Cl)cc(N3C(=O)c4cc(-c5cn[nH]n5)n(-c5ccc(F)cc5F)c4C3c3ccc(Cl)cc3)c2=O)O1,中毒,17.272402,13.503714
c1nsc(N2CCc3cc(-c4cn[nH]n4)sc3C2)n1,中毒,7.452914,32.263065
O=C1c2cc(-c3cn[nH]n3)cn2C(c2ccc(Cl)cc2)N1c1cc(Cl)cn(C2C(O)C(O)C(O)C2O)c1=O,中毒,24.386412,28.945686
O=C1c2cc(-c3cn[nH]n3)oc2C(c2cccc(Cl)c2Cl)N1c1cc(Cl)cn(C2CC(O)(CO)C2)c1=O,中毒,13.3429985,20.735756
O=C1c2nc(-c3cn[nH]n3)n(-c3cccc(Cl)c3)c2C(c2ccc(Cl)cc2)N1c1cc(Cl)cn(C2CC(O)(CO)C2)c1=O,中毒,23.043425,34.717995
NC1c2cc(-c3cn[nH]n3)cc(-c3ccc(F)c(Cl)c3)c2C(c2ccc(Cl)cc2)N1c1cc(Cl)cn(C2CC(O)(CO)C2)c1=O,中毒,5.093859,8.730928
OCC1CC(C2C3=NC(N4Cc5cc(-c6cn[nH]n6)c(-c6ccc(F)c(Cl)c6)nc5C4c4ccc(Cl)cc4)=CC(Cl)=CN32)C(O)C1O,中毒,13.018128,24.68665
O=C1NC2(CC2)CC2=C3Cn4c(cc(-c5cn[nH]n5)c4-c4ccc(Cl)cc4F)C3=CC2=C1c1cn(C2CC(O)(CO)C2)c2ccc(Cl)cc12,中毒,32.17651,35.111286
O=C1c2cc(-c3cn[nH]n3)n(-c3ccc(F)cc3Cl)c2C(c2ccc(F)cc2)C(c2ccc(Cl)cc2)N1c1cc(Cl)cn(C2CC(O)C(O)C2)c1=O,中毒,51.50488,13.503714
O=C1c2cc(-c3cn[nH]n3)cn2C(c2ccc(Cl)cc2F)N1c1cc(Cl)cn(C2CC(O)(CO)C2)c1=O,中毒,29.989872,28.945686
O=C1c2cc(-c3cn[nH]n3)n(-c3ccc(F)cc3F)c2C(c2ccc(Cl)cc2)N1c1cc(Cl)c2nonc2c1,中毒,17.475342,17.35497
O=c1c(N2C(=S)c3cc(-c4cn[nH]n4)cc(N4CCOCC4)c3C2c2ccc(Cl)cc2)cc(Cl)cn1C1CC(O)(CO)C1,中毒,29.920984,86.96324
OC1CCCCC2=C1c1cc(-c3cn[nH]n3)n(-c3ccc(Cl)cc3)c1C(c1ccc(Cl)cc1)N2c1ccsc1,中毒,36.175117,18.774897
Fc1cc(Oc2cc3ccccc3cc2OCc2cn(-c3ccccn3)nn2)ccc1Nc1c(Cl)c(-c2cn[nH]n2)cc2occc12,低毒,26.167309,50.855137
Oc1c(Cl)cc(-c2nc(Nc3ccsc3)c3scc(-c4cn[nH]n4)c3n2)cc1C(F)(F)F,中毒,23.497408,13.61264
O=C1c2cc(-c3cn[nH]n3)n(-c3cc(F)cc(F)c3F)c2C(c2ccc(OC(F)(F)F)cc2)N1c1cc(Cl)cn(C2CC(O)(CO)C2)c1=O,中毒,12.488247,11.513729
O=C1c2cc(-c3cn[nH]n3)n(-c3ccc(Oc4ccc(Cl)cn4)cc3)c2C(c2ccc(Cl)cc2)N1c1cc(Cl)cn(C2CC(O)(CO)C2)c1=O,中毒,38.99518,11.513729
O=C1c2cc(-c3cn[nH]n3)n(-c3ccnc(Cl)c3F)c2C(c2ccc(Cl)cc2)N1c1cc(Cl)cn(C2CC(O)C(O)C2)c1=O,中毒,12.488247,11.513729
O=C1c2nc(-c3cn[nH]n3)nc(-c3ccsc3)c2C(c2ccc(Cl)cc2)N1c1cc(Cl)cn(C2CC2)c1=O,中毒,14.049677,14.3937645
O=C1c2cc(-c3cn[nH]n3)c(-c3cc(Cl)ccc3Oc3ccc(Cl)cc3)n2C(c2ccc(Cl)cc2)N1c1cc(Cl)cn(C2CC(O)(CO)C2)c1=O,中毒,18.427805,13.503714
C1=C2CC(c3ccc4nc(C5CC5)c(-c5cnc6ccccc6n5)cc4c3)=C2C=C1c1cn[nH]n1,中毒,7.2614264,52.22609
O=C1c2cc(-c3cn[nH]n3)c(F)cc2OC(c2cc(Cl)c(Cl)cc2Cl)N1c1cc(Cl)cn(C2CC(O)C(O)C2)c1=O,中毒,6.864598,9.173887
O=C1c2nc(-c3cn[nH]n3)cc(-c3c(F)cccc3Cl)c2C(c2ccc(Cl)cc2)N1c1cc(Cl)cn(C2CCC(O)(CO)C2)c1=O,中毒,37.24519,12.110745
O=C1c2cc(-c3cn[nH]n3)c(=O)[nH]c2C(c2ccc(Cl)s2)N1c1cc(Cl)cn(C2CC(O)(CO)C2)c1=O,中毒,14.775009,12.110745
Clc1ccc(-c2cc(C3NCOc4nc(N5CC6CC6C5)cc(-c5cn[nH]n5)c43)sn2)cc1,中毒,10.697433,17.132784
N#CCC(Sc1nc2cnccc2c(-c2cn[nH]n2)c1Nc1ccc(Cl)c(Cl)c1)C1CC1,中毒,5.604361,27.181526
O=c1c2c3c(sc2nc(-c2cn[nH]n2)n1-c1ccccc1)CC(N1CCn2ccnc2C1)CC(O)(CCCCl)C3,中毒,28.572248,12.110745
O=C1c2cc(-c3cn[nH]n3)n(-c3cc(Cl)cc(Cl)c3)c2C(c2ccc(F)cc2)N1c1cc(Cl)cn(C2CC(O)(CO)C2)c1=O,中毒,14.882899,11.513729
NC(=O)c1nn(-c2ccc(F)cc2)c2c1C(CO)Cc1cnc(Nc3cn(CCCNc4cn[nH]n4)c4ccncc34)nc1-2,中毒,17.224394,41.268444
OC1(CC#Cc2c[nH]cn2)CCN2C(=C1Cl)CCC1=C(CC=C(c3cn[nH]n3)C3CCCCN13)C2c1ccco1,中毒,134.4649,38.432915
O=C1c2cc(-c3cn[nH]n3)n(-c3ccc(Cl)cc3)c2C(c2ccc(Cl)cc2)N1c1cc(Cl)cn(C2CC(O)=C(O)C2)c1=O,中毒,14.882899,11.513729
O=P12OCCc3cc(-c4cn[nH]n4)c(-c4ccc(Cl)cc4F)n3C(c3ccc(Cl)cc3)N1c1ccc(Cl)cc12,中毒,37.88063,14.418226
O=c1c(N2Cc3cc(-c4cn[nH]n4)n(-c4ccc(F)c(Cl)c4)c3C2c2ccc(Cl)cc2)cc(Cl)cn1C1CC(O)C(OO)C1,中毒,19.24008,11.513729
O=c1c(N2Cc3cc(-c4cn[nH]n4)n(-c4cccc(Cl)c4F)c3C2c2ccsc2)cc(Cl)cn1C1CC(O)(CO)C1,中毒,15.763229,11.513729
O=C1c2cc(-c3cn[nH]n3)n(-c3ccc(Cl)cc3C(F)(F)F)c2C(c2ccc(Cl)cc2)N1c1cc(Cl)cn(C2CC2)c1=O,中毒,22.121504,14.026334
O=C1c2cc(-c3cn[nH]n3)n(-c3ccc(F)cc3F)c2CN1c1cc(Cl)cn(C2CC(O)(CO)C2)c1=O,中毒,4.3543735,28.20462
O=C1c2cc(-c3cn[nH]n3)n(-c3ccc(Cl)cc3F)c2C(c2ccsc2)N1c1cc(Cl)cn(C2CC(O)C(O)C2)c1=O,中毒,12.488247,11.513729
O=C1C2=C3CC(F)(OC1C(c1cc(Cl)c(Cl)cc1Cl)=NN=C2c1ccco1)c1cc(-c2cn[nH]n2)cc(-c2c(Cl)cccc2Cl)c13,中毒,42.299896,19.73523
CC1(O)OC(n2cc(Cl)cc(N3C(=O)c4cc(-c5cn[nH]n5)n(-c5ccc(Cl)c(Cl)c5)c4C3c3ccc(Cl)cc3)c2=O)CC1O,中毒,14.882899,13.503714
O=c1c(N2Cc3cc(-c4cn[nH]n4)c(-c4ccnc(Cl)c4)n3C2c2ccc(Cl)cc2)cc(Cl)cn1C1CC(O)(CO)C1,中毒,13.5253525,13.503714
OC1CCC(Nc2c(C3CC3)c(-c3cn[nH]n3)cc3[nH]c(N4CCOCC4)nc23)CC1,中毒,14.794944,90.91815
O=C1c2cc(-c3cn[nH]n3)c(-c3ccc(Cl)nc3)n2C(c2ccc(Cl)cc2)N1c1cc(Cl)cn(C2CC(O)(CO)C2)c1=O,中毒,19.951618,13.503714
O=C1c2nc(-c3cn[nH]n3)c(-c3ccc(Cl)cc3)n2C(c2ccc(Cl)cc2)N1c1cc(Cl)cn(C2CC(O)C(O)C2)c1=O,中毒,32.68572,13.447941
CC1C(n2cc(Cl)cc(N3C(=O)c4cc(-c5cn[nH]n5)c(-c5cc(Cl)cc(Cl)c5)n4C3c3ccc(Cl)cc3)c2=O)CC1(O)CO,中毒,20.573853,13.503714
Fc1ccc(-n2c(CN3CCOCC3)c(-c3c(Cl)cccc3Cl)c3cc(-c4cn[nH]n4)cnc32)cc1Cl,中毒,7.2007427,11.329585
O=C1c2cc(-c3cn[nH]n3)n(-c3ccc(OCP(=O)(O)O)c(F)c3)c2C(c2ccc(Cl)cc2Cl)N1c1cc(Cl)cn(C2CC(O)(CO)C2)c1=O,中毒,32.17651,11.513729
NC1C2=C3CCC4(c5ccccc5)CC4=CC=C(Cl)C=CC3=C(Oc3cc(F)cc(F)c3F)C=C(c3cn[nH]n3)C=C2C(CCl)N2Cc3ccc1cc32,中毒,47.20036,10.232682
c1csc(C23N=C(Sc4cn[nH]n4)CC2=Nc2ccccc23)c1,中毒,101.329216,25.043243
O=C1c2sc3cc(F)c(F)cc3c(=O)c2-c2cc(-c3cn[nH]n3)cc(-c3c(Cl)cccc3Cl)c21,中毒,8.161001,24.006325
O=C1c2cc(-c3cn[nH]n3)n(-c3ccc(Cl)cc3)c2C(c2ccc3c(c2)OCO3)N1c1cc(Cl)cn(C2CC(O)C(O)C2)c1=O,中毒,14.882899,13.466203
O=c1c(N2Cc3cc(-c4cn[nH]n4)cc(-c4c(Cl)cccc4Cl)c3C2c2ccccn2)cc2c(c(=O)n1C1CCC1)CS2(=O)=O,中毒,6.8524013,15.468769
CC12CC(O)C(O)C(CO)C1CCC13CC(c4cn[nH]n4)=Cc4nncnc4C(CCC12)O3,中毒,25.47836,90.64509
O=C(CCOc1ccc(Cl)cc1N1c2cc(-c3cn[nH]n3)n(-c3cccc(F)c3F)c2C1c1ccc(Cl)cc1)N1CCC(Oc2ccc(F)cc2)CC1,中毒,30.065948,19.0332
O=C1C2CCc3nc(-c4cn[nH]n4)c(-c4ccc(Cl)cc4)c(-c4c(Cl)cccc4Cl)c3C(c3ccc(Cl)cc3)N1c1cc(Cl)cn2c1=O,中毒,32.733707,14.3937645
O=C1NCCc2oc(-c3ncnc4cc(Nc5cncnc5)c(-c5cn[nH]n5)cc34)cc21,中毒,14.586979,21.227375
Nc1ncc(-c2cccc(N3CCNCC3)c2)c2c(C=O)c3[nH]cc(-c4cn[nH]n4)c3cc12,中毒,29.671883,47.52056
O=C1c2cc(-c3cn[nH]n3)n(-c3ccc(Cl)cc3)c2C(c2ccc(Cl)cc2)N1c1cc(Cl)cn(C2CC(O)=C(Br)C2)c1=O,中毒,31.338547,11.513729
N=C1c2cc(-c3cn[nH]n3)cc(-c3c(F)cccc3F)c2C(c2ccc(Cl)cc2)N1c1cc(Cl)cn(C2CC(O)(CO)C2)c1=O,中毒,7.4282966,16.862432
Fc1ccc(-c2cc(NC(S)=Nc3ccc4ncccc4n3)cn2-c2cn[nH]n2)cc1F,中毒,36.060413,27.347261
CC1(O)CC(n2cc(Cl)cc(N3C(=O)c4cc(-c5cn[nH]n5)n(-c5ccc(C(F)(F)F)cc5)c4C3c3ccc(Cl)cc3)c2=O)C1,中毒,31.338547,11.513729
O=C1c2cc(-c3cn[nH]n3)c(-c3ccc(Cl)cc3)n2C(c2ccc(Cl)cc2)NN1c1cc(Cl)cn(C2CC(O)(CO)C2)c1=O,中毒,11.587977,14.418226
Clc1ccc(C2=Nc3c(nc(Cl)nc3N3CCC(Oc4ccc(-c5cn[nH]n5)cc4)CC3)SC2)cc1,中毒,15.509976,125.38852
O=c1c(N2N=Cn3cc(-c4cn[nH]n4)c(-c4ccnc(F)c4)c3C2c2ccc(Cl)cc2F)cc(Cl)cn1C1CC(O)(CO)C1,中毒,7.6477833,13.503714
O=C1c2cc(-c3cn[nH]n3)c(N3CC3)nc2C(c2ccc(Cl)cc2)N1c1cc(Cl)cn(C2CC(O)(CO)C2)c1=O,中毒,13.216523,12.087409
C(#Cc1cc(N2CC(c3ccc(-c4cn[nH]n4)cc3)C2)nc(N2CCOCC2)n1)c1ccc2scnc2c1,中毒,80.049095,90.22795
O=C1c2cc(-c3cn[nH]n3)n(-c3ccc(Cl)cc3F)c2C(c2ccc(F)cc2F)N1c1cc(Cl)cn(C2CC(O)(CO)C2)c1=O,中毒,12.488247,11.513729
O=C1c2cc(F)c(OC3CCN(CC(F)(F)F)CC3)cc2CCN1c1cc(Cl)c(=O)n(-c2cn[nH]n2)c1,中毒,11.613273,10.556585
O=C1c2cc(-c3cn[nH]n3)n(-c3ccc(Br)cc3)c2C(c2ccc(Cl)cc2)N1c1cc(Cl)cn(C2CC(F)(F)C2)c1=O,中毒,22.035963,14.026334
FC(F)(F)c1ccnc(NN=Cc2ccc(-c3cc(-c4cn[nH]n4)nc4c3CCN(c3ccsc3)CC4)s2)c1,中毒,5.324946,14.328993
Clc1cc(Cl)c2c(c1)CCCN(c1cnn(C3CCNC3)c1)c1nc(-c3cn[nH]n3)sc1-2,中毒,12.1151085,16.341145
O=C1c2c(c3ccoc3c(=O)n2-c2cn[nH]n2)C(c2ccc(Cl)c(Cl)c2)N1c1cc(Cl)cn(C2CC(O)(CO)C2)c1=O,中毒,59.929935,12.110745
O=C1c2cc(-c3cn[nH]n3)n(-c3cccc(Cl)c3)c2C(C(F)(F)F)N1c1cc(Cl)cn(C2CC(O)(CO)C2)c1=O,中毒,10.328205,33.968105
O=C1c2cc(-c3cn[nH]n3)n(-c3ccc(Oc4cccc(F)c4)cc3)c2C(c2ccc(Cl)cc2)N1c1cc(Cl)cn(C2CC(O)(CO)C2)c1=O,中毒,38.99518,11.513729
O=c1c(N2Cc3cc(-c4cn[nH]n4)n(-c4ccc(Cl)cc4C(F)(F)F)c3C2c2ccc(Cl)cc2)cc(Cl)cn1C1CC(O)(CO)C1,中毒,14.882899,11.513729
O=C(NC1CCOC1)C1(O)CCc2nc3c(-c4ccc(Cl)cc4)n2C(c2ccc(Cl)cc2)C2=CC(c4cn[nH]n4)=CC2=C3C1,中毒,7.854498,35.111286
CC12CC(=O)N3C=C(Cl)C=C4C5=NN4C(c4ccc(Cl)cc4)c4c(-c6c(Cl)cccc6Cl)cc(-c6cn[nH]n6)cc4N5C3CC1(O)C(CO)O2,中毒,24.817047,21.158436
O=C1c2cc(-c3cn[nH]n3)cn2CC(c2ccc(Cl)cc2)(c2ccc(Cl)cc2)N1c1cc(Cl)cn(C2CC(O)(CO)C2)c1=O,中毒,21.438358,17.786665
O=C1CC(O)(CO)CC2c3cc4[nH]c3CC3=CC(c5cn[nH]n5)=CC3=C4C(c3ccc(Cl)cc3)N1c1cc(Cl)cn2c1=O,中毒,28.024641,38.432915
C1=C(Cc2c3nc(Nc4cn[nH]n4)c-3c2-c2ccc3c(c2)OCO3)C2CC(c3ccsc3)(C2)C(OC2CC2)C1,中毒,12.090448,23.71248
O=C1c2nc(-c3cn[nH]n3)c(-c3cnc4ccccc4c3)cc2C(COc2ccc(Cl)cc2)N1c1cc(Cl)cn(C2CC(O)(CO)C2)c1=O,中毒,67.017,13.503714
NNc1c(-c2cn[nH]n2)nc2ncc(-c3ccccc3)nn12,中毒,31.6779,19.627798
O=S1(=O)CC2NCC1=Nc1cc(-c3cn[nH]n3)ccc1CN2Cc1ccc(Oc2ccc(C(F)(F)F)cc2C(F)(F)F)cc1,中毒,7.8779173,31.8852
O=c1c(N2Cc3nc(-c4cn[nH]n4)cc(-c4c(F)cccc4F)c3C2c2ccc(Cl)cc2)cc(Cl)cn1C1CC(O)(CO)C1,中毒,11.627486,12.110745
O=C1ON2CCN(CCC3CCc4cc(-c5cn[nH]n5)sc4C3)C(Cc3ccc(F)c(F)c3)=C2S1,中毒,9.948645,26.718176
Clc1cccc(Cl)c1-c1nc(-c2cn[nH]n2)cc2c1CCOC2c1cn(CC2COC2)c2cc3c(cc12)CCNC3,中毒,12.924822,22.28332
O=C1C2=CC(N3Cc4cc(-c5cn[nH]n5)n(-c5c(Cl)cccc5Cl)c4C3c3ccc(Cl)cc3)=CC(Cl)=CN1C2CC1(O)CC(O)C1O,中毒,21.37365,13.40445
O=C1c2cc(-c3cn[nH]n3)n(-c3cccc(Cl)c3C(F)(F)F)c2C(c2ccc(Cl)cc2)N1c1cc(Cl)cn(C2CC(O)(CO)C2)c1=O,中毒,14.882899,11.513729
O=C(NC1(c2noc(-c3ccnc(C(F)(F)F)c3)n2)CC1)c1ccc2c(c1)S(=O)(=O)c1c-2cc(-c2cn[nH]n2)n1-c1ccc(Cl)cc1,中毒,32.81971,24.47376
O=c1c(N2Cc3cc(-c4cn[nH]n4)n(-c4cc5cc(F)ccc5cc4Cl)c3C2c2ccc(C(F)(F)F)cc2)cc(Cl)cn1C1CC(O)(CO)C1,中毒,24.385923,11.513729
Fc1ccc([PH]2=NN(c3c(F)c(F)c(F)c(F)c3F)C(c3ccc(Cl)cc3)n3c(-c4cn[nH]n4)nnc32)cc1,中毒,19.483555,39.809235
O=c1c(N2Cc3nc(-c4cn[nH]n4)cc(-c4cc(F)ccn4)c3C2c2ccc(Cl)cc2)cc(Cl)cn1C1CC(O)(CO)C1,中毒,39.425797,12.110745
Fc1cc(Br)cc(Oc2nc(-c3cn[nH]n3)cc3c2COc2c(F)cc(Br)cc2-3)c1,中毒,13.709122,95.62664
FN1CCOCC1Cc1ccc2nc(-c3cn[nH]n3)cn2c1-c1cn[nH]c1,中毒,78.54505,63.104473
S=C(NC1CCOC2(CC2)C1)N1CCn2nc(-c3cn[nH]n3)cc2C1,中毒,35.906834,29.286455
O=c1c(N2Cc3cc(-c4cn[nH]n4)cc(-c4nc(-c5ccco5)no4)c3C2c2ccc(Cl)cc2)cc(Cl)cn1C1CC(O)(CO)C1,中毒,16.692194,28.219782
C1=C(c2cn[nH]n2)CC2=C3CCCc4cc3[nH]c4N=C12,中毒,57.57774,119.92708
Fc1c(Cl)cccc1CN(c1cnc2cc1CCN(Cc1cccnc1)C2c1cn[nH]n1)C(c1cccnc1)C(F)(F)F,中毒,3.0935738,10.615531
N#Cc1cnc2c(c1)NCC1(C2)c2c(nc(-c3cn[nH]n3)c(F)c2-c2cccnc2)N2CN=C(c3ccsc3)CC21,中毒,82.13047,14.0600395
O=C1c2cccc(F)c3cc(c(Br)c2)C(c2c-3cc(-c3cn[nH]n3)n2-c2ccc(Cl)cc2F)N1c1cc(Cl)cn(C2CC(O)(CO)C2)c1=O,中毒,15.955587,13.213944
O=C1C2=NC(Oc3ccc(Oc4nccc(F)c4F)cn3)=CC2=c2cc(-c3cn[nH]n3)ncc2=C1c1ccc(Cl)cn1,中毒,5.946346,13.503714
O=C1c2cc(-c3cn[nH]n3)n(S(=O)(=O)c3ccc(F)cc3F)c2C(c2ccc(Cl)cc2)N1c1cc(Cl)cn(C2CC(O)(CO)C2)c1=O,中毒,18.205946,13.466203
O=C(Nc1cc2c(cc1F)-c1cc(-c3cn[nH]n3)n(-c3ccc(Cl)cc3)c1CS2(=O)=O)c1cn(Cc2ccsc2)nc1C1CC1,中毒,15.294575,12.881332
O=C1c2cc(-c3cn[nH]n3)n(-c3ccc(F)cc3F)c2C(c2ccc(Cl)cc2)N1c1cc(Cl)cn(C2(C(=O)O)CC2)c1=O,中毒,12.488247,11.513729
OC1(COc2cc3c(c(-c4cnsn4)n2)Cc2cc(F)c(-c4cn[nH]n4)cc2-3)COC(C(F)(F)F)C1,低毒,16.74809,51.693466
c1csc(-c2csc(C3=c4sc(-c5cn[nH]n5)cc4=C3C3CCCN3)n2)n1,中毒,50.69692,20.255629
O=C1c2cc(-c3cn[nH]n3)c(-c3cc(Cl)cc(Cl)c3)n2C(c2ocnc2Br)N1c1cc(Cl)cn(C2CC(O)C(O)C2)c1=O,中毒,18.427805,13.503714
O=C1C(c2ncc(Cl)cc2F)=NC2(Cc3cc(-c4cn[nH]n4)cc(C4CC5(COC5)C4)c32)C(=O)N1C1CC1,中毒,49.51154,17.563566
O=c1c(N2Cc3cc(-c4cn[nH]n4)n(-c4ccc(F)cc4F)c3C2c2ccc(Cl)cc2)cc(Cl)cn1C1CC(O)C(O)(CO)C1,中毒,15.763229,11.513729
Clc1ccc(-n2c(-c3cn[nH]n3)cc3c2C2c4ccc-3c(c4)CCN=CN2c2ccc(Cl)c(Cl)c2)cc1,中毒,19.93605,21.442013
Brc1ccc2c(c1)CN(CC1CC1)c1nc(-c3cn[nH]n3)cnc1-2,中毒,217.00388,49.890236
O=C1c2cc(-c3cn[nH]n3)n(-c3ccc(Cl)cc3)c2C(c2ccccc2Cl)N1c1cc(Cl)cn(C2CC(O)(CO)C2)c1=O,中毒,12.488247,11.513729
OC(CNCc1ccc2c(c1)OCO2)C(Cc1ccccc1)Nc1nc(-c2cc3cncc(-c4ccnc(N5C6COCC5C6)n4)c3cc2-c2cn[nH]n2)cs1,中毒,11.6898575,51.747498
O=c1c(N2Cc3nc(-c4cn[nH]n4)cc(-c4cc(C(F)(F)F)cc(C(F)(F)F)n4)c3C2c2ccsc2)cc(Cl)cn1C1CC(O)C(O)C1,中毒,43.079205,13.489636
O=C1c2nc(-c3cn[nH]n3)c(-c3ccc(Cl)cn3)c(-c3ccc(Cl)cc3Cl)c2C(c2ccc(Cl)cc2)N1c1cc(Cl)cn(C2CC(O)(CO)C2)c1=O,中毒,59.929935,12.110745
CC1(O)CC(n2cc(Cl)cc(N3C(=O)c4cc(-c5cn[nH]n5)n(-c5ccc(C(F)(F)F)cn5)c4C3c3ccc(Cl)cc3)c2=O)C1,中毒,25.244574,11.513729
O=c1c(N2C=Cc3cc(-c4cn[nH]n4)cc(-c4c(Cl)cccc4Cl)c3-c3c(Cl)cccc3C2c2ccc(Cl)cc2)cc(Cl)cn1C1CC(O)(CO)C1,中毒,8.9590025,9.440244
Clc1cccc(Cl)c1-c1cc(-c2cn[nH]n2)cc2c1C(C(c1ccccc1)N1CCN(C3CCCC3)CC1)=N2,中毒,16.5378,24.003471
OCC1(O)CC(c2cc(N3Cc4cc(-c5cn[nH]n5)n(-c5ccc(F)cc5F)c4C3c3ccc(Cl)cc3)cs2)C1,中毒,36.83937,14.519823
c1cncc(-c2ccc(N3CCN(c4cc(-c5cn[nH]c5)n5cc(-c6cn[nH]n6)cc5n4)CC3)cc2)c1,中毒,15.722566,45.33751
Fc1ccc(Oc2cc(-c3cc(-c4cn[nH]n4)cc4c3c(-c3cccc(Cl)c3)nc3cc(Cl)c(OCC5CC5)cc34)ccn2)cc1F,中毒,43.29372,46.90537
O=C1c2cc(-c3cn[nH]n3)cc(-c3c(Cl)cccc3Cl)c2N1c1cc(Cl)cn(C2CC(O)C(O)C2)c1=O,中毒,38.86924,18.239529
On1cnc(C2Cc3c(Cl)cc(Cl)cc3-c3sc(-c4cn[nH]n4)cc32)n1,中毒,7.9407725,20.426323
O=C1C(c2cn[nH]n2)=C(c2cn(-c3ccccn3)c3[nH]cnc23)c2cc(Cl)c(Cl)cc21,中毒,36.955658,15.421037
Fc1cncc(Cl)c1N1CCc2cc(-c3cn[nH]n3)nc(N3CC4CC4C3)c2C1,中毒,7.856778,41.560585
O=C1c2cc(-c3cn[nH]n3)n(-c3ccc(Cl)cc3)c2C(c2ccc(Cl)cc2)N1c1cc(Cl)cn(Cl)c1=O,中毒,22.121504,14.026334
Fc1cc(Cl)ccc1-n1c(-c2cn[nH]n2)cc2c1C(c1ccc(Cl)cc1)C2,中毒,18.224546,20.13522
O=C1c2cc(-c3cn[nH]n3)sc2C(c2ccc(Cl)s2)N1c1cc(Cl)cn(C2CC(O)(CO)C2)c1=O,中毒,6.7934685,8.519041
O=c1c(C2CCN(CCN3Cc4nc(-c5cn[nH]n5)cc(-c5ccc(F)cc5)c4C3)CC2)coc2cc(F)c(F)cc12,中毒,2.2086434,18.903156
O=c1c(Cl)cc(N2Cc3cc(-c4cn[nH]n4)cc(-c4c(Cl)cccc4Cl)c3C2c2ccc(Cl)cc2)nn1C1CC(O)C(O)(CO)C1,中毒,8.738106,19.73523
On1cc(CN2CC(c3cc4c(cc3-c3cn[nH]n3)NC3(CCOCC3)C(c3ccc(Cl)cc3Cl)=N4)=Cc3cc(Cl)ccc32)cn1,低毒,12.428508,28.337309
Fc1ccc(COC2CNCC(c3cnc4cc(-c5cn[nH]n5)ccc4n3)C2)cc1Cl,中毒,13.482129,74.2467
O=C1c2cc(-c3cn[nH]n3)c(Cl)c(Cl)c2-c2c(nn(C3CCOCC3)c2Cl)C(c2ccc(Cl)cc2)N1c1cc(Cl)cn(C2CC(O)(CO)C2)c1=O,中毒,15.111123,16.862432
c1ccc(CN2CCc3nc(-c4cn[nH]n4)nc(OCc4ccc5ccccc5c4)c3C2)cc1,中毒,16.437632,24.124315
CS(=O)(=O)Nc1ccc(C2c3cc(-c4cn[nH]n4)n(-c4ccc(F)cc4F)c3C(c3ccc(Cl)cc3)N2c2ccc(Cl)cc2)cc1,中毒,21.327534,21.255344
O=C1CCC2C(N3C(=O)c4c(c(=O)[nH]c(=S)n4-c4cn[nH]n4)C3c3ccc(Cl)cc3)=CC(Cl)=CN12,中毒,42.75487,48.167213
NS(=O)(=O)c1ccc(-n2c(-c3cn[nH]n3)cc3c2C(c2ccc(Cl)cc2)N(c2cc(Cl)cn(C4CC(O)(CO)C4)c2=O)C3=O)cc1,中毒,14.882899,11.513729
Oc1c(F)cc(Nc2nc(NCc3ccc4cc[nH]c4c3)nc3ccc(-c4cn[nH]n4)cc23)cc1Cl,中毒,12.917495,40.092113
O=C1c2nc(-c3cn[nH]n3)c(-c3ccccc3)c(Br)c2C(c2ccc(Cl)cc2)N1c1cc(Cl)cn(C2CC(O)(CO)C2)c1=O,中毒,65.9576,12.110745
O=C1c2nc(-c3cn[nH]n3)c(-c3ccncc3)n2C(c2ccc(Br)cc2)N1c1cc(Cl)cn(C2CC(O)(CO)C2)c1=O,中毒,41.15799,13.447941
ClC1=CC=C2c3ccc(cc3)C3SC(c4c[nH]cn4)OCC4CC(C=C1)CCC1COC5CCC2C(NC14)c1nc3c5cc1-c1cn[nH]n1,中毒,37.28177,16.417507
O=P(Nc1cc(-c2cn[nH]n2)nc2c1C(c1ccc(Cl)cc1)Oc1ccc(Cl)cc1-2)(c1ccc(C(F)(F)F)cc1)N1CC1,中毒,9.1282015,20.457403
O=C1C(c2nc(C3=C4C=C(c5cn[nH]n5)C=C4C3)co2)=Cc2c(-c3cn[nH]n3)ccnc21,中毒,35.034077,33.00681
Clc1cc2c(c(Cl)c1Cl)-c1cc(-c3cn[nH]n3)c(-c3ccnc(NC4CCOCC4)c3)nc1CS2,中毒,8.663751,14.882184
O=C1c2cc(-c3cn[nH]n3)nc(-c3ccccc3)c2C(c2ccc(Cl)cc2)N1c1cc(Cl)cn(C2CC(O)(CO)C2)c1=O,低毒,6.6263103,12.110745
c1nn(CC2CC2)cc1OCC1c2cc(-c3cn[nH]n3)sc2CCN1CC1CC1,中毒,7.623298,17.286692
O=C1c2nc(-c3cn[nH]n3)c(-c3cc(Cl)ccc3F)n2C(c2ccc(Cl)cc2)N1c1cc(Cl)cn(C2CC(O)C(O)C2)c1=O,中毒,41.15799,16.862432
O=C1C(=O)N(c2ccc(N3CCC(c4nc5ccccc5n5nnnc45)C3)nn2)C=C1c1cn[nH]n1,中毒,19.764,22.857468
O=C1c2cc(-c3cn[nH]n3)c(-c3c(Cl)cccc3Cl)cc2N1c1cc(Cl)ccc1Cl,低毒,16.248604,30.77553
FC(F)(F)c1ccc(-c2ccc(Cn3cc(C4=NN=C5C=C(c6cn[nH]n6)C=C54)c4c(N5CCOCC5)ncnc43)cc2)cc1,中毒,4.6947837,35.99714
O=S(=O)(NC1C2c3ccccc3CC1N1CCC2CC1)c1cn[nH]n1,中毒,55.11267,43.25762
Fc1ccc(Nc2ncnc3sc(-c4cn[nH]n4)cc23)cc1Cl,低毒,35.990616,63.05904
O=c1c(N2C(O)c3nc(-c4cn[nH]n4)n(-c4ccc(Cl)cc4F)c3C2c2ccc(Cl)cc2F)cc(Cl)cn1C1CC(O)(CO)C1,中毒,27.094715,34.717995
O=C1N(c2cc(Cl)cn(C3CC(O)(CO)C3)c2=O)C(c2ccc(C(F)(F)F)cc2)N(c2ccc(C(F)(F)F)cc2)CC12CC2c1cn[nH]n1,中毒,23.496298,9.173887
Fc1cc(Cl)ccc1-n1c(-c2cn[nH]n2)cc2c1C(c1ccc(Cl)cc1)N2c1ccc(Cl)cc1,中毒,17.66621,41.63892
O=C1c2cc(-c3cn[nH]n3)n(-c3cc(F)c(Cl)cc3F)c2C(c2ccc(Cl)cc2Cl)N1c1cc(Cl)cn(C2CC(O)(CO)C2)c1=O,中毒,15.540574,11.513729
O=c1c(N2Cc3cc(-c4cn[nH]n4)c(=O)n(-c4ccc(F)cc4F)c3C2)cc(Cl)cn1C1CC(O)(CO)C1,低毒,51.50488,28.51323
OCc1cc(Nc2cc(-c3cn[nH]n3)cn3c(-c4cnn(C5CC5)c4)cnc23)c(F)cc1OCF,中毒,15.729896,17.168327
O=C1c2cc(-c3cn[nH]n3)c(-c3ccc(C(F)(F)F)cc3Br)nc2C(c2ccc(Cl)cc2)N1c1cc(Cl)cn(C2CC(O)(CO)C2)c1=O,中毒,14.775009,12.110745
O=S(=O)(Oc1cc(Cl)c(-c2cc3c(cc2F)oc2c(-c4cn(Cc5cc(Cl)ccc5Cl)nn4)cc(-c4cn[nH]n4)cc23)cn1)N1CCNCC1,中毒,5.587402,15.293379
Clc1ccc2oc3cc(-c4cnc5c(cnn5C5CCNC5)c4)c(-c4cn[nH]n4)cc3c2c1,中毒,25.39263,25.992937
c1cn2nc(-c3cn[nH]n3)nc2c(-c2cnc3ccnn3c2)n1,中毒,45.02615,32.062943
O=S(=O)(NC1CC1)c1ccc2c(-c3c4c(-c5cn[nH]n5)cc-4c3C(O)(Cn3cncn3)c3cc(F)cc(F)c3F)c[nH]c2c1,中毒,5.1348376,14.541708
O=c1c(N2Cc3cc(-c4cn[nH]n4)[nH]c3C2c2ccc(Cl)cc2)cc(Cl)cn1C1CC(O)(CO)C1,中毒,11.212927,13.526629
Fc1nc(-c2ccc3[nH]ncc3c2)c2cc(-c3cn[nH]n3)sc2n1,中毒,64.56866,23.810707
OC1(CC2(n3cc(-c4c(-c5cn[nH]n5)cc(Oc5ccc(OC(F)(F)F)cc5)c(Cl)c4Cl)nn3)CC(c3nc(C(F)(F)F)no3)N2)CCO1,中毒,29.206242,13.758321
Fc1cccc(-c2nc3cc(-c4cn[nH]n4)ccc3c3c(N4CCN(Cc5ccnc(Cl)c5)CC4)nc(N4CCOCC4)nc23)c1,中毒,20.161003,20.557573
c1n[nH]nc1-c1cc2c(cc1C1COC3(COC3)C1)CN(C13CC4CC(CC(C4)C1)C3)C2,中毒,15.134194,106.87376
O=C1CCc2nc(-c3cn[nH]n3)nc(N3CCOCC3CO)c2CN1c1cc(Cl)ccc1C(F)(F)F,中毒,10.958971,18.658646
Brc1cccc(-n2cc(CN3CCC(c4nnc5c(n4)-c4cc(-c6cn[nH]n6)ccc4-5)CC3)cn2)c1,中毒,52.053963,18.094145
O=c1[nH]cc(-c2cn[nH]n2)s1,高毒,411.05545,85.68452
O=c1c2c(sc3ncc(-c4ccoc4)c(-c4cccnc4)c13)-c1c-2cc(-c2cn[nH]n2)n1-c1ccc(Cl)cc1,中毒,37.24518,20.807077
O=c1cc(-c2cccc(Cl)c2O)nc(N2Cc3nc(-c4cn[nH]n4)sc3C2)n1C1CC1,中毒,23.964077,10.400648
O=C1c2cc(-c3cn[nH]n3)n(-c3c(F)c(F)c(F)c(F)c3F)c2C(c2ccc(Cl)cc2)N1c1cc(Cl)cn(C2CC(O)(CO)C2)c1=O,中毒,12.488247,11.513729
O=C1CN=C(c2cccs2)C(CC(Cl)Cl)C2Cc3cc(-c4cn[nH]n4)cc(-c4c(Cl)cccc4Cl)c3CN12,中毒,17.136072,26.36925
O=C1c2cc(-c3cn[nH]n3)cc3[nH]nc(c23)C(c2cccc(Cl)c2Cl)N1c1cc(Cl)cn(C2CC(O)(CO)C2)c1=O,中毒,4.7405562,33.968105
O=S(=O)(Nc1ccon1)c1ccc2c(c1)OCCN2c1scc(-c2cccnc2)c1-c1cn[nH]n1,中毒,47.089794,18.774897
O=c1c(N2C3=NCCN3c3cc(-c4cn[nH]n4)c(Oc4ccc(Cl)cc4)cc3C2c2ccc(Cl)cc2)cc(Cl)cn1C1CC(O)(CO)C1,中毒,17.389776,28.20462
O=c1c(N2Cc3cc(-c4cn[nH]n4)cc(-c4ccc5ccsc5c4)c3C2c2ccc(Cl)cc2)cc(Cl)cn1C1CC(O)(CO)C1,中毒,8.738106,8.960914
NC1(CO)CC(n2cc(Cl)cc(N3C(=O)c4nc(-c5cn[nH]n5)c(F)c(-c5cn(Cc6ccccc6)nn5)c4C3c3ccc(Cl)cc3)c2=O)C1,中毒,91.657394,12.026507
O=C1c2nc(-c3cn[nH]n3)nc(-c3cn[nH]c3)c2C(c2ccc(Cl)cc2)N1c1cc(Cl)cn(C2CC(O)(CO)C2)c1=O,中毒,18.990976,13.466203
NC1=C2SC3=NC(c4cccnc4)=CC3=c3cc(-c4cn[nH]n4)n(-c4ccc(Br)cc4F)c3=C12,中毒,36.367046,11.478623
OCC(Cc1ccc(C(F)(F)F)cc1F)Nc1nc2nc(-c3coc(-c4ccnc(O)c4)c3)ncc2cc1-c1cn[nH]n1,中毒,4.5930023,19.149141
O=C1c2cc(Cl)c(Cl)c3cc(-c4cn[nH]n4)cc-3c2C(c2ccc(Cl)cc2)N1c1cc(Cl)cn(C2CC(O)(CO)C2)c1=O,中毒,8.551872,8.960914
Clc1cccc(Cl)c1-c1cc(-c2cn[nH]n2)cc2c1sc1c(Cl)ncnc12,中毒,14.534042,23.79259
O=c1c(N2Cc3cc(-c4cn[nH]n4)cc(-c4c[nH]c5nc(Cl)cc(F)c45)c3C2)cc(Cl)cn1C1CC(O)(CO)C1,中毒,5.360846,14.2372675
FC(F)(F)C1CC1c1cc(-c2cn[nH]n2)co1,低毒,192.38548,20.225582
O=C1c2nc(-c3cn[nH]n3)c(Br)c(-c3c(Cl)cncc3Cl)c2C(c2ccc(Cl)cc2)N1c1cc(Cl)cn(C2CC(O)C(O)C2)c1=O,中毒,37.24519,12.110745
O=C1c2nc(-c3cn[nH]n3)n(-c3ccc(Cl)cc3C(F)(F)F)c2C(c2ccc(Cl)cc2)N1c1cc(Cl)cn(C2CC(O)(CO)C2O)c1=O,中毒,38.197144,34.717995
O=C1C(O)C(O)C(O)CC2C(=O)N3C(=CC(Cl)=CN12)c1cc(-c2cn[nH]n2)n(-c2ccc(Cl)cc2)c1C3c1ccc(Cl)cc1,中毒,23.909687,19.55125
O=C(O)C1=C(Oc2cccc(Br)c2)c2nc([nH]c2-c2cc(Cl)cc(Cl)c2)-c2cc(-c3cn[nH]n3)c(F)cc2C1=O,中毒,8.738649,11.033915
O=c1c(N2Cc3nc(-c4cn[nH]n4)nc(-c4cnn5ncccc45)c3C2c2cccc(Cl)c2)cc(Cl)cn1C1CC(O)(CO)C1,中毒,6.532791,34.717995
c1nc2c(cc1-c1cn[nH]n1)CCN(c1cnc3c(c1)CCO3)CC2,中毒,18.01424,57.849586
O=S(=O)(Cc1ccc(Nc2ncnc3cc(OCC4CN(CC5CC5)C5COCC45)c(-c4cn[nH]n4)cc23)cc1F)c1cccc(Cl)c1,中毒,4.8347344,43.709972
O=C1c2nc(-c3cn[nH]n3)c(Br)c(-c3cncnc3)c2C(c2ccc(Cl)cc2)N1c1cc(Cl)cn(C2CC(O)(CO)C2)c1=O,中毒,39.425797,12.110745
O=c1c(N2C(c3ccc(Cl)cc3)c3c(-c4ccc(Cl)cc4)c(-c4cn[nH]n4)cn3C2O)cc(Cl)cn1C1CC(O)(CO)C1,中毒,61.265175,16.230408
O=C1c2cc(-c3cn[nH]n3)n(-c3cc4c(cc3Cl)OCO4)c2C(c2ccc(Cl)cc2)N1c1cc(Cl)cn(C2CC(O)(CO)C2)c1=O,中毒,51.50488,11.513729
O=c1c(-c2cccc3ccccc23)c(C=Cc2cccc(F)c2)sc2oc3cc(-c4cn[nH]c4)c(-c4cn[nH]n4)cc3c12,中毒,5.2140055,21.261255
O=C1c2cc(-c3cn[nH]n3)n(-c3cc(F)cc(F)c3F)c2C(c2ccc(Cl)cc2)N1c1cc(Cl)cn(C2CC(O)(CO)C3(COC3)C2)c1=O,中毒,12.488247,13.466203
O=C1OCOc2cc3ccc2-c2cc(-c4cn[nH]n4)cc(-c4ccc5c(c4)OCO5)c2C3C(c2cccnc2)N1Cc1cc[n+]([O-])cc1,中毒,4.2471976,22.907093
Fc1ccc(CNc2nc3c(c4cc5c(cc24)OCCO5)CCC(c2cn[nH]n2)C3)cc1,中毒,39.044052,94.03252
c1cncc(-c2csc(N3CCc4c(sc5cc(-c6cn[nH]n6)sc45)C3)n2)c1,中毒,90.73336,22.835857
O=C1CCC2=C1Cc1cc(-c3cn[nH]n3)n(-c3ccc(Cl)c(Cl)c3Cl)c1C(c1ccc(Cl)cc1)N2c1ccc(Cl)c(C(=O)O)c1,中毒,32.17651,13.213944
O=C1c2nc(-c3cn[nH]n3)c(Cl)c(-c3c(F)cccc3Cl)c2C(c2ccc(Cl)cc2)N1c1cc(Cl)cn(C2CC(O)(CO)C2)c1=O,中毒,37.24519,12.110745
O=C1C2CC(O)Cc3cc(-c4cn[nH]n4)cc(-c4c(Cl)cccc4Cl)c3C(c3ccc(Cl)cc3)N1c1cc(Cl)cn2c1=O,中毒,33.84071,18.239529
Clc1c(Cl)c(Cl)c(-c2cncc3cc(-c4cn[nH]n4)ccc23)c(Cl)c1Cl,低毒,5.553515,25.630156
Clc1ccc(C2c3cc(Cl)c(-c4cn[nH]n4)cc3CN2c2cc(Cl)sc2Cl)cc1,高毒,34.310024,16.788294
O=C(Nc1ccc(Oc2ccnc3cc(OCCCN4CCOCC4)c(-c4cn[nH]n4)cc23)c(F)c1)c1nc2cc(C3CC3)ccc2s1,中毒,25.018818,26.455538
O=c1c(N2Cc3nc(-c4cn[nH]n4)nc(C4CCCOC4)c3C2c2ccc(Cl)cc2)cc(Cl)cn1C1CC(O)(CO)C1c1ccc(C(F)(F)F)cc1,中毒,16.57232,16.230408
N=C1c2cc(-c3cn[nH]n3)n(-c3ccc(Cl)cc3Cl)c2C(c2ccc(Cl)cc2)N1c1cc(Cl)cn(C2CC(O)(CO)C2)c1=O,中毒,24.385923,13.466203
Fc1cc(-c2nc3ccccc3s2)ccc1C1=C(c2cn[nH]n2)C2(CCCCc3cc(-c4cscn4)c(Cl)cc32)N=C1c1ccsc1,中毒,28.345415,18.140604
O=C1c2cc(-c3cn[nH]n3)n(-c3cc(Cl)cc(Cl)c3Oc3ccc(Cl)cc3)c2C(c2ccc(Cl)cc2)N1c1cc(Cl)cn(C2CC(O)(CO)C2)c1=O,中毒,38.99518,12.110745
O=C1CN(c2ccc(-c3cn[nH]n3)cn2)CCC1Sc1nc(Oc2ccc3c(c2)OCO3)nc(N2CC3C(C2)C3(F)F)n1,中毒,16.98693,15.482328
Oc1cc(Cl)ccc1-c1c(-c2ccncc2)sc2c1-c1cc(-c3cn[nH]n3)n(-c3ccc(Cl)cc3)c1-2,中毒,20.92449,18.937593
O=C1CN(c2cc(Cl)cn(C3CC(O)C(O)C3)c2=O)C(c2ccc(Cl)cc2)c2c1cc(-c1cn[nH]n1)cc2-c1c(Cl)cccc1Cl,中毒,16.57566,18.239529
O=C1c2cc(-c3cn[nH]n3)n(-c3ccc(Cl)cc3Cl)c2C(c2cc(Cl)ccc2F)N1c1cc(Cl)cn(C2CC(O)(CO)C2)c1=O,中毒,18.205946,11.513729
O=C1c2cc(-c3cn[nH]n3)n(-c3ccc(Cl)cc3)c2C(c2ccc(C#CC(F)F)cc2)N1c1cc(Cl)cn(C2CC(O)(CO)C2)c1=O,中毒,14.882899,11.513729
O=c1c(N2Cc3cc(-c4cn[nH]n4)cc(-c4c[nH]c5ccc(Cl)cc45)c3C2)cc(Cl)cn1C1CC(O)(CO)C1,中毒,6.9198174,9.440244
Clc1cccc(Cl)c1-c1cc(-c2cn[nH]n2)cc2c1CN(c1nc(-c3cocn3)nc3ccsc13)C2,中毒,16.777666,47.575665
O=C1c2c(cc(-c3cn[nH]n3)n2-c2ccc(F)cc2)CN1c1cc(Cl)cn(C2CC(O)(CO)C2)c1=O,中毒,33.083656,28.20462
O=C1c2cc(-c3cn[nH]n3)nc(N3CC4CC4C3)c2C(c2ccc(Cl)cc2)N1c1cc(Cl)cn(C2CC(O)(CO)C2)c1=O,中毒,7.8529835,12.110745
Clc1ccc(C2CC3=CC(c4cn[nH]n4)=CC3=C2c2nc(-c3cc(OCCN4CC4)no3)cs2)cc1,中毒,16.851837,25.16861
O=C1NCCN1C(=O)c1c(-c2cn[nH]n2)cc2c(c1-c1c(Cl)cccc1Cl)N1Cc3c(ncn3C3CC3)C(C2)C1,中毒,11.762449,23.92633
O=C1NC2(CC=C(O)CC2)C(=O)N1N1Cc2cc(-c3cn[nH]n3)n(-c3ccc(Cl)cc3Cl)c2C1c1ccc(Cl)cc1,中毒,53.967606,14.547106
Clc1ccc2c(c1)-c1sc(-c3cn[nH]n3)cc1CCO2,低毒,19.662115,14.9236145
OCC1(O)CCC(c2cc(N3Cc4cc(-c5cn[nH]n5)cc(-c5ccsc5)c4C3c3ccc(Cl)cc3)cs2)C1,中毒,10.421261,46.083946
O=C1CCC23CCC(N(c4ccc(Cl)cc4)C(c4cccnc4)c4c(cc(-c5cn[nH]n5)n4-c4ccc(F)cc4F)C2)N13,中毒,17.475342,19.648664
Fc1ccc(-n2c(-c3cn[nH]n3)cc3c2C(c2ccc(Cl)cc2)N(c2ccc(Cl)cc2)C3c2ccc(Cl)cc2Cl)c(F)c1,中毒,21.947083,21.729755
O=c1c2sccc2cc(C2=C3N=c4cc(Oc5ccc6c(c5)OCCO6)ccc4=C3C=C2c2cn[nH]n2)n1Cc1ccc(OCCN2CCOCC2)s1,中毒,106.77329,17.077208
O=C1c2cc(-c3cn[nH]n3)cc(-c3c(Cl)cccc3Cl)c2C(N2CCOCC2)C(c2ccc(Cl)cc2)N1c1cc(Cl)cn(C2CC(O)(CO)C2)c1=O,中毒,26.192316,18.239529
O=c1c(N2Oc3cc(-c4cn[nH]n4)n(-c4ccc(F)cc4)c3C2c2ccc(Cl)cc2)cc(Cl)cn1C1CC(O)(CO)C1,中毒,20.573853,33.968105
Fc1ccc2ccc(Oc3ncnc4cc(-c5cn[nH]n5)cnc34)cc2c1,中毒,5.420834,69.11081
Nc1cc(-c2nc(Nc3ccnc(Cl)c3)c3ccc(-c4cn[nH]n4)cc3n2)ccn1,中毒,20.418549,142.18654
O=c1c(F)cc(N2Cc3cc(-c4cn[nH]n4)n(-c4ccc(Cl)cc4F)c3C2c2ccc(Cl)cc2)cn1C1CC(O)(CO)C1,中毒,12.488247,13.447941
O=[N+]([O-])c1ccc2c(c1)S(=O)(=O)C(Oc1ccc(C3CC3c3ncc(-c4cn[nH]n4)cn3)cc1)C2,中毒,40.29839,47.800785
c1ccc(-c2nnc(-c3coc4c(-c5cn[nH]n5)csc34)o2)nc1,中毒,5.5978208,15.374848
Clc1ccc(C2c3c(cc(-c4cn[nH]n4)n3-c3ccc(Br)cc3)C3(Cc4cc(Cl)ccc43)N2c2ccc(Cl)cc2)cc1,中毒,29.275309,16.95431
NCC1C(c2cc(-c3cc(-c4cn[nH]n4)cc4c3C(N)CN(C(=O)COc3ccc(-c5cscn5)cc3)C4)cs2)CC(O)C1O,中毒,4.5034437,43.281765
Brc1cccc(SCC(c2ccncn2)N2CCC=C(c3cn[nH]n3)C2)c1,中毒,20.025618,27.341513
O=C1C2=C(c3cn[nH]n3)CC(c3ccc4c(c3)OCO4)C(Nc3cc(C4CC4)[nH]n3)=C2C(c2ccc(Cl)cc2)N1NCc1ccsn1,中毒,8.22465,18.774897
Fc1cc(Nc2ccc(OC3CC3)c(OC(F)F)c2)c2c3c1N3C=C(c1cn[nH]n1)C(c1ccc(Cl)cc1)C2(c1ccc(Cl)cc1)c1ccc(Cl)cc1,中毒,6.331471,58.9821
O=C1c2cc(-c3cn[nH]n3)nc(Nc3cc(C(F)(F)F)ccn3)c2C(c2ccc(Cl)cc2F)N1c1cc(Cl)cn(C2CC(O)(CO)C2)c1=O,中毒,6.0494337,13.503714
O=C1c2nc(-c3cn[nH]n3)nc(-c3ccncn3)c2C(c2ccc(Cl)cc2)N1c1cc(Cl)cn(C2CC(O)(CO)C2)c1=O,中毒,26.303608,13.503714
O=C1c2cc(-c3cn[nH]n3)n(-c3cc4cc(Cl)ccc4s3)c2C(c2ccc(Cl)cc2)N1c1cc(Cl)cn(C2CC(O)(CO)C2)c1=O,中毒,18.205946,11.513729
O=c1c2cc(-c3cn[nH]n3)cnc2cnn1-c1ccc(Oc2ccc(S(=O)(=O)N3CCC3)cn2)cc1,低毒,7.945296,100.034424
c1ccc(COCC2CC(c3cn[nH]n3)CN2c2cc(C3CC3)ncn2)cc1,中毒,64.38179,112.16328
O=c1c(Cl)c(-c2ccc(Cl)c(Cl)c2)c2c(c3c1=NC(c1cnn(C4CCNC4)c1)=C3Cl)C=C(c1cn[nH]n1)N=2,中毒,38.47673,14.710186
O=C1c2cc(-c3cn[nH]n3)c(Nc3cc(F)c(F)c(Cl)c3)nc2C(c2ccc(Cl)cc2)N1c1cc(Cl)cn(C2CC(O)(CO)C2)c1=O,中毒,13.216523,14.418226
O=C1C(=S)SC(=Cc2c3c(nc(-c4ccc(Cl)cc4)c2-c2ccsc2)-c2c(cc(-c4cn[nH]n4)n2-c2ccc(Cl)cc2)C3)N1C1CCC1,中毒,8.22465,41.103607
Clc1ccc(-n2c(-c3cn[nH]n3)cc3c4c(Cl)cc(Br)cc4c(-c4cc(Cl)cc(Cl)c4)cc32)cc1,中毒,8.661476,19.657492
Clc1cncc(Cl)c1-c1cc(-c2cn[nH]n2)cc2c1C1(CCOC1)C2,中毒,27.761143,128.65778
O=C1C2=CC=C(Cl)C=Cc3ccc(Cl)ccc4cc(-c5cn[nH]n5)n3c4C2N1c1cc(Cl)cn(C2CC(O)(F)C2)c1=O,中毒,45.27533,19.23925
O=C1NC(n2cc(Cl)cc(N3C(=O)c4cc(-c5cn[nH]n5)n(-c5ccc(Cl)c(Cl)c5)c4C3c3ccc(Cl)cc3)c2=O)CC1CO,中毒,31.338547,11.513729
Fc1ccc(Oc2ccc3c(cnc4cc(-c5cn[nH]n5)ccc43)c2)c(F)c1,中毒,5.457771,40.924133
O=C1c2cc(-c3cn[nH]n3)n(-c3ccccc3F)c2C(c2ccc(Cl)cc2)N1c1cc(Cl)cn(C2CC(O)C(O)C2O)c1=O,中毒,12.488247,11.513729
O=C1OC(CO)CC1n1cc(Cl)cc(N2C(=O)c3cc(-c4cn[nH]n4)n(-c4ccc(Cl)cc4F)c3C2c2ccc(Cl)cc2)c1=O,中毒,25.244574,13.466203
O=C1c2c(nc3ccccc3c2-c2cn[nH]n2)C(c2ccc(Cl)cc2)N1c1cc(Cl)cn(C2CC(O)(CO)C2)c1=O,中毒,26.553892,12.110745
O=C1c2cc(-c3cn[nH]n3)n(-c3ccc(Cl)cc3)c2C(Cc2ccc(Cl)cc2Cl)N1c1cc(Cl)cn(C2CC(O)(CO)C2)c1=O,中毒,38.99518,33.968105
C[N+]([O-])(OCC1Cc2nc3[nH]c2C=C2C=C(c4cn[nH]n4)CC2=C3CN1C(F)(F)F)c1cc(F)c(F)c(F)c1,中毒,6.9815207,38.260303
O=C1c2cc(-c3cn[nH]n3)c(-c3ccccc3-c3cncnc3)n2C(c2ccc(Cl)cc2)N1c1cc(Cl)cn(C2CC(O)(CO)C2)c1=O,中毒,20.573853,13.503714
OC1(CC2CC2)c2nc(Nc3cccnc3)ncc2-c2ccc(Cl)cc2N2C(c3ccc(Cl)cc3)c3c(cc(-c4cn[nH]n4)n3-c3ccc(Br)cc3F)C21,中毒,29.54402,18.318035
Fc1cccc(Sc2nc(Nc3ccc(F)c(Cl)c3)c3ncc(-c4cn[nH]n4)cc3n2)c1,中毒,14.73167,98.047165
OCC1COC2C(Nc3nc(-c4cscn4)nnc3-c3ccncc3)CC(c3nc(-c4cn[nH]n4)no3)C12,中毒,16.412611,25.987652
Fc1cc(Cl)ccc1-n1c(-c2cn[nH]n2)cc2c1-c1cc(-c3nccn3Cc3cccnc3F)ccc1-2,中毒,8.597802,24.279173
O=c1[nH]cc(C2=Cn3c(cc(-c4cn[nH]n4)c3-c3ccc(Cl)cc3)Cc3cc(N4CCNCC4)c(Cl)cc32)cc1I,中毒,9.3927,21.778236
Clc1ccc(C2C3C=CNN3c3ncc(-c4cn[nH]n4)nc3N(C3CCC3)C23CC3c2ccc(Cl)c(Cl)c2)cc1,中毒,10.177795,14.710186
O=C1c2cc(F)c(N3Cc4cc(-c5cn[nH]n5)cc(-c5c(Cl)cccc5Cl)c4C3c3ccc(Cl)cc3)cc2CC1(F)F,中毒,8.575043,19.727442
c1ccc2c(-c3cn[nH]n3)c3c(nc2c1)CN(Cc1ccc2c(c1)OCO2)C(Cn1ccnc1)C3,中毒,7.2614264,15.673169
O=c1[nH]cc(Cl)cc1N1C2C3=CC(c4ccnnc4)=CC=C2C(=Nc2cc(-c4cn[nH]n4)n(-c4ccc(Cl)cc4F)c2C1c1ccc(Cl)cc1)C3,中毒,15.063274,18.569365
O=C1c2nc(-c3cn[nH]n3)cc(N3Cc4ccccc4C3)c2C(c2ccc(F)cc2)N1c1cc(Cl)cn(C2CC(O)(CO)C2)c1=O,中毒,37.24519,33.968105
OC1CN(c2nc(-c3cccnc3)c(Br)c3nc(-c4coc(-c5cn[nH]n5)n4)sc23)C1,中毒,50.992416,34.21761
O=C1c2nc(-c3cn[nH]n3)cc(SCC(O)(C(F)(F)F)C(F)(F)F)c2C(c2ccc(Cl)cc2)N1c1cc(Cl)cn(C2CC(O)(CO)C2O)c1=O,中毒,37.24519,12.110745
O=C1CCC(Cc2c3cc(C4CCN(P(=O)(O)O)CC4)nc4cc(-c5cn[nH]n5)c(c2-4)C3)O1,中毒,22.549833,11.248763
O=S1(=O)CC(COc2ccc3cc4ccccc4nc3c2)CCN1C1=C2C=C(c3cn[nH]n3)C=C2N=C1c1cn[nH]c1,中毒,18.641792,10.444474
Fc1cc(NC(=S)NN=C2CCCCC2)ccc1Oc1ccc(F)c(-c2cn[nH]n2)c1,高毒,12.387308,21.581596
O=C1c2c3c(cnc2=NN1Cc1ccsc1)=C(N1CCOC(c2ccc(Cl)cc2F)(c2ccc(F)cc2Br)C1F)C(c1cn[nH]n1)=C3,中毒,25.896519,15.718911
Clc1cc2c(cc1-c1cccnc1)=NC=C1CN(C3CC3)C=C1C1=CC(c3cn[nH]n3)=CC=21,中毒,32.541065,56.583023
O=C1c2cc(-c3cn[nH]n3)c(-c3ccn[nH]3)nc2C(c2ccc(Cl)cc2)N1c1cc(Cl)cn(C2CC(O)(CO)C2)c1=O,中毒,14.775009,13.503714
O=S1(=O)CCC(N2C=C(Cl)C=C(N3Cc4cc(-c5cn[nH]n5)n(-c5ccc(F)cc5F)c4C3c3cccc(Cl)c3F)S2(=O)=O)C1,中毒,12.272074,23.162373
Fc1cccc(C2CC(CNC3Cc4cc(-c5cn[nH]n5)nn4C3)CCO2)c1F,中毒,15.56721,36.183796
Fc1ccc(-c2nc3sccn3c2-c2cn[nH]n2)cc1,中毒,36.670563,11.977151
O=C1c2cc(-c3cn[nH]n3)n(-c3cc(F)c(Cl)c(F)c3F)c2C(c2ccc(Cl)cc2)N1c1cc(Cl)cn(C2CC(O)(CO)C2)c1=O,中毒,12.488247,11.513729
c1ccc(Oc2ncnc3sc(-c4cn[nH]n4)nc23)nc1,低毒,43.57719,45.908325
c1ccc2sc(-c3scnc3NCc3cc(CNc4cnc(-c5cn[nH]n5)cn4)ccn3)cc2c1,中毒,9.71473,10.196707
O=c1[nH]c(-c2cn[nH]n2)cc2cc(-c3ccc(Cl)c(C(F)(F)F)c3F)c3c(c12)CN(c1csc(C(F)(F)F)c1)C=C3,中毒,3.593772,16.779398
O=P1(Cl)Cc2nc(-c3cn[nH]n3)c(C3CC3)nc2C(c2ccc(Cl)cc2)N1,中毒,52.21769,36.489086
O=C1c2cc(-c3cn[nH]n3)c(-c3ccc(Cl)cc3F)n2C(c2ccc(Cl)cc2)N1c1cc(Cl)cn(C2CCS(=O)(=O)C2)c1=O,中毒,23.152437,14.3937645
Cn1nccc1NC1=C2C=C(c3cn[nH]n3)C(c3c[nH]c4ccccc34)=C2N=C1c1c[n+]([O-])ccc1Cl,中毒,20.855045,11.049523
O=C1c2nc(-c3cn[nH]n3)sc2C(c2ccc(Cl)cc2)C(c2ccc(Cl)cc2)N1c1cc(Cl)cn(C2CC(O)(CO)C2)c1=O,中毒,51.50488,46.02951
Fc1cc2[nH]nc(-c3ccc4nccc(-c5ccco5)c4c3)c2cc1-c1cn[nH]n1,低毒,3.0176215,89.58882
O=C1c2cc(-c3cn[nH]n3)cn2C(c2ccc(Cl)c(F)c2)N1c1cc(Cl)cn(C2CC(O)(CO)C2)c1=O,中毒,29.989872,12.110745
Fc1c(Cl)cc(Cl)cc1-n1c(-c2cn[nH]n2)nc2c1C(c1ccc(Cl)cc1)N(c1ccc(Cl)c(Cl)c1)C2,中毒,17.897259,37.237175
O=C1c2ncc(-c3cn[nH]n3)cc2C(N2CCOCC2)C(c2ccc(Cl)cc2)N1c1cc(Cl)cn(C2CC(O)(CO)C2)c1=O,中毒,41.769672,32.92288
O=C1c2cc(-c3cn[nH]n3)n(-c3cc(F)c(F)cc3F)c2C(c2ccc(Br)cc2)N1c1cc(Cl)cn(C2CC(O)(CO)C2O)c1=O,中毒,12.488247,11.513729
c1ccc2c(c1)CN(c1nc(-c3cn[nH]n3)nc3c1CN(C1CCN(CC4CC4)CC1)C3)C2,中毒,45.735687,49.990623
FC1=CC2=CC(c3cc4sc(c5c6cnccnc3cc5-6)N3CC4(F)C3)=NC=CC2=NC=C1C1=CC2=[N+](F)C(c3cn[nH]n3)=NC2=C1,中毒,28.345415,9.939742
NC1(c2ccc(F)cc2)Cc2cc(-c3cn[nH]n3)cc(-c3ccc4ccn(Cc5cccnc5)c4c3)c21,中毒,10.3659935,30.54652
O=S(=O)(c1ccc2c(c1)OCCO2)c1ccc2c(c1)c1c(n2-c2cn[nH]n2)C(O)(CN2CCC(c3noc4cc(F)c(F)cc34)CC2)CC=C1,中毒,46.08258,18.807123
O=C1c2nc(-c3cn[nH]n3)nc(Nc3cc(C(F)(F)F)sn3)c2C(c2ccc(Cl)cc2)N1c1cc(Cl)cn(C2CC(O)(CO)C2)c1=O,中毒,27.185892,13.466203
Fc1ccc(C2c3sc(-c4cn[nH]n4)cc3C(c3ccc(C(F)(F)F)nc3)N2c2ccc(Cl)cc2F)c(F)c1,中毒,88.95834,50.430008
O=C1c2nc(-c3cn[nH]n3)nc(Nc3ccc(OC(F)(F)F)cc3)c2C(c2ccc(Cl)cc2Cl)N1c1cc(Cl)cn(C2CC(O)(CO)C2)c1=O,中毒,27.185892,13.466203
Nc1cc2c(Nc3ccc4nc(Br)[nH]c4c3)cc3cc(N(CCCl)CCCl)ccc3c2cc1-c1cn[nH]n1,中毒,4.0531473,51.29096
c1cc(-c2cnc(N3CCc4cc(-c5cn[nH]n5)sc4C3)cn2)cnn1,中毒,16.669205,39.82235
Fc1cccc(Cl)c1-c1csc(Nc2nc(-c3cn[nH]n3)cs2)n1,中毒,34.663776,57.35594
O=S(=O)(Nn1cnnn1)c1cc(F)c(Oc2cc3ncnc(-c4ccc(F)c(F)c4)c3cc2-c2cn[nH]n2)cc1F,中毒,4.867305,7.797183
c1cn(CCN2CCCN(C3CCOCC3)CC2)c(CN2Cc3cc(-c4cn[nH]n4)[nH]c3C2)n1,中毒,71.74601,13.990063
Oc1nc(N2C(c3ccc(Cl)c(Cl)c3)c3cc(-c4cn[nH]n4)cc(-c4c(Cl)cccc4Cl)c3C2c2ccc(Cl)cc2)nc2ccccc12,中毒,28.966621,12.060862
N#Cc1ccc(N(c2cncnc2)c2ccc(C3c4cc(-c5cn[nH]n5)n(-c5ccc(Cl)cc5)c43)cc2F)cc1,中毒,5.345439,12.769362
O=c1c2c3c(sc2nc(-c2cn[nH]n2)n1-c1cccc(F)c1)CCCC3,中毒,15.736784,24.67719
c1ccc2c(-n3ccnc3CN3CCc4cc(-c5cn[nH]n5)cn4C3)ccnc2c1,低毒,17.338861,219.34917
O=C1C(=O)N(Cc2ccccc2OCCc2ccccn2)C=C1c1cn[nH]n1,低毒,14.100996,33.69651
O=C1c2cc(-c3cn[nH]n3)n(-c3ccc(F)cc3F)c2C(c2ccc(Cl)cc2)C(c2ccc(Cl)cc2)N1c1cc(Cl)cn(C2CC(O)C(O)C2)c1=O,中毒,51.50488,13.503714
Clc1cc(-c2cnc3[nH]cc(CCOc4cn[nH]n4)c3c2)ccn1,高毒,44.779716,18.777897
O=C(Nc1cc(NC2CCCCC2Nc2nc(-c3cn[nH]n3)cc3c2[nH]c2ccccc23)c(Cl)cn1)C1CC1,中毒,9.197784,26.094807
Fc1cc(Cl)cc(C#Cc2c(-c3cn[nH]n3)nc3c(c2-c2cnoc2)C(N2CCOCC2)C3c2ccc(Cl)cc2)c1,中毒,21.967152,11.820167
Fc1cc(N2Cc3cc(-c4cn[nH]n4)cc(-c4ccnc5[nH]ccc45)c3C2)cc(Cl)c1Cl,低毒,4.873043,16.582943
c1ccc(Nc2nc(-c3cn[nH]n3)nc3sc(SCN4CCN(c5ccccc5)CC4)nc23)cc1,中毒,16.713234,52.56884
O=C1N2CCC23C(=CC(c2ccccc2F)=NC12CCCC2)N(O)C(c1ccc(Cl)cc1)c1c3cc(-c2cn[nH]n2)n1-c1ccc(F)cc1,中毒,25.244574,26.898329
O=C1c2cc(-c3cn[nH]n3)sc2C(c2ccc(Cl)cc2F)N1c1cc(Cl)cn(C2CC(O)C(O)C2)c1=O,中毒,8.738106,8.960914
O=S(=O)(c1cn[nH]n1)c1nc2cscc2c2c1CN(Cc1ccccn1)C(c1ccco1)C2,中毒,27.427797,46.11586
O=C1c2cc(-c3cn[nH]n3)n(-c3ccccc3)c2C(c2ccc(Cl)cc2)N1c1cc(Cl)cn(C2CC(O)C(O)C2)c1=O,中毒,14.882899,11.513729
O=C1c2[nH]c(-c3cn[nH]n3)cc2CN1c1cc(Cl)cn(C2CC(O)C(O)C2O)c1=O,中毒,33.083656,28.20462
O=C1c2cc(-c3cn[nH]n3)n(-c3ccc(F)cc3)c2C(c2ccc(Cl)cc2)N1c1cc(Cl)cn(C2(CO)CC2)c1=O,中毒,31.338547,11.513729
O=C1c2nc(-c3cn[nH]n3)nc(-c3ccnc(Cl)n3)c2C(c2ccc(Cl)cc2)N1c1cc(Cl)cn(C2CC(O)C(O)(CO)C2)c1=O,中毒,23.909687,13.503714
O=C1c2nc(-c3cn[nH]n3)cc(-c3ccc4ocnc4c3)c2C(c2cccs2)N1c1cc(Cl)cn(C2CC(O)(CO)C2)c1=O,中毒,48.16768,12.110745
O=C1c2cc(-c3cn[nH]n3)nc(N3CCOCC3)c2CC(c2cccc(Cl)c2Cl)N1c1cc(Cl)cn(C2CC(O)(CO)C2)c1=O,中毒,19.514936,13.503714
O=C1C2=CC(c3cn[nH]n3)=CC2=C2COCc3nc2[nH]c3C(=O)N1CC1CC1,中毒,15.274856,18.318035
O=c1c(N2Cc3cc(-c4cn[nH]n4)cc(-c4ccc(F)cn4)c3C2c2ccc(Cl)cc2)cc(CO)cn1C1CC(O)(CO)C1,中毒,22.081963,9.719319
Nc1c(-c2ccncc2)c(-c2cn[nH]n2)cc2c(Nc3cccc(Br)c3F)ncnc12,中毒,2.700145,24.661238
O=C1c2cc(-c3cn[nH]n3)c(-c3cscn3)cc2N1c1cc(Cl)cn(C2CC(O)C(O)C2)c1=O,中毒,16.502348,16.862432
O=c1c(N2Cc3nc(-c4cn[nH]n4)n(-c4ccc(-c5cc[nH]n5)cc4)c3C2c2ccc(Cl)cc2)cc(Cl)cn1C1CC(O)(CO)C1,中毒,22.72282,34.717995
O=C1c2cc(-c3cn[nH]n3)n(-c3ccc(Cl)cc3)c2C(c2ccc(Cl)cc2)N1c1cc(Cl)cn(CC2CC(O)(CO)C2)c1=O,中毒,14.882899,11.513729
O=S(=O)(NCCN1CCNC1)c1cc(C(O)CNCc2ccc(F)cc2O)c2c(-c3cn[nH]n3)coc2c1,中毒,19.5251,37.153843
OCC1CC(n2c(NC3(c4cnsc4)CC3)nc3cc(I)c(-c4cn[nH]n4)cc32)CCO1,中毒,26.679585,241.46568
OC1CN(c2c(-c3cn4cc(-c5cn[nH]n5)cnc4n3)nc3c(OCc4cc(Cl)cc(Cl)c4)cccn23)CCN1C1CCC1,中毒,59.35135,14.393065
O=Cn1cnc2c(Cl)cc(N3C(=O)c4cc(-c5cn[nH]n5)n(-c5ccc(F)cc5F)c4C3c3ccc(Cl)cc3)cc21,中毒,17.475342,15.559786
O=c1c(N2Cc3nc(-c4cn[nH]n4)n(-c4c(F)cccc4F)c3C2c2ccsc2)cc(Cl)cn1C1CC(O)C(O)C1,中毒,15.534245,13.466203
OCC(CO)n1cc(-c2cc3c(cc2-c2cn[nH]n2)-c2c(cnc4scc(-c5ccc(F)cc5)c24)CO3)nn1,中毒,14.134633,16.868494
Fc1cc(Cl)ccc1C1c2cc(-c3cn[nH]n3)n(-c3ccc(Cl)cc3Cl)c2C(c2ccc(Cl)cc2)N1c1ccc(Cl)cc1,中毒,22.035963,17.35497
O=C1c2cc(-c3cn[nH]n3)n(-c3ccc(Cl)cc3F)c2C(c2cccs2)N1c1cc(Cl)cn(C2CC(O)C(O)C2)c1=O,中毒,13.346145,11.513729
FC1CC(N2CC2CNCC23c4ccccc4N=C(c4cc(-c5cn[nH]n5)cs4)CC2N3C2CC2)C1,中毒,5.8329864,18.865612
O=C1N=C(O)CC1n1cc(Cl)cc(N2C(=O)c3cc(-c4cn[nH]n4)n(-c4cccc(F)c4)c3C2c2ccc(Cl)cc2)c1=O,中毒,31.338547,11.513729
O=c1c2cc(-c3ccc(Nc4ncccn4)nc3F)cc(SCCO)c2nc(-c2cn[nH]n2)n1-c1cccc(NS(=O)(=O)c2ccc(F)cc2)c1,中毒,5.5060096,38.67978
FC(F)(F)c1ccc(C2c3cc(-c4cn[nH]n4)sc3CCN2Cc2cc[nH]n2)cc1,中毒,15.245363,39.84193
FC1(F)CCC2CN2c2nc(-c3nc(C4CCOCC4)nc4c3NCC4c3cc(-c4cn[nH]n4)cs3)ccc2CO1,中毒,43.843605,15.240489
O=C1c2cc(-c3cn[nH]n3)n(-c3ccc(Cl)cc3Cl)c2C(c2ccc(Cl)cc2)N1c1cc(Cl)cn(C2CCN(CO)C2)c1=O,中毒,36.175117,12.110745
O=C1c2cc(-c3cn[nH]n3)c(-c3ccc(Cl)cc3F)n2C(c2ccc(Cl)cc2)N1c1cc(Cl)cn(C2CC(O)C(CO)C2)c1=O,中毒,44.58338,13.503714
OC1CCC(N2CCc3ncc(-c4n[nH]c5c4CC(c4cn[nH]n4)NC5)nc32)CC1O,中毒,6.532791,12.927742
O=C1c2nc(-c3cn[nH]n3)sc2C(c2ccc(Cl)cc2)N1c1cc(Cl)cn(C2CCC(O)C2)c1=O,中毒,91.657394,28.20462
c1cc2nsnc2cc1-c1cn2cc(-c3nc(-c4cn[nH]n4)co3)sc2n1,中毒,9.267226,34.311672
O=C(Cn1c(=O)c2sc3ccc(Cl)cc3c2n(-c2cn[nH]n2)c1=O)c1ccccc1,中毒,20.914412,16.924635
O=C1c2cc(-c3cn[nH]n3)n(-c3ccc(Cl)cc3)c2CN1c1cc(Cl)cn(C2CC(O)(CO)C2O)c1=O,中毒,5.6871157,28.20462
O=C1c2nc(-c3cn[nH]n3)n(-c3ccc(Cl)c(Cl)c3)c2C(c2ccc(Cl)cc2)N1c1cc(Cl)cn(C2(C(=O)O)CC2)c1=O,中毒,23.043425,13.466203
O=C1c2nc(-c3cn[nH]n3)n(-c3ccc(-c4ccsc4)cc3Cl)c2C(c2cccc(Cl)c2)N1c1cc(Cl)cn(C2CC(O)(CO)C2)c1=O,中毒,35.69709,13.503714
c1n[nH]nc1-c1csc(C2=NOC3=NC34CC3CC(C2)CC(C3)C4)n1,中毒,45.47199,24.606596
Fc1cc(Cl)ccc1-n1c(-c2cn[nH]n2)cc2c1C(c1ccc(Cl)cc1)N(c1cncc(Cl)c1)C2c1ccc(Cl)cc1,中毒,21.327534,15.110795
O=C1c2cc(-c3cn[nH]n3)n(-c3ccc(F)cc3F)c2C(c2ncc(Cl)cc2Cl)N1c1cc(Cl)cn(C2CC(O)(CO)C2)c1=O,中毒,24.817047,12.110745
O=P(O)(O)OC1C2OC(O)(CC(F)c3nc4cc(-c5cn[nH]n5)cnc4n32)C1OP(=O)(O)O,中毒,13.70759,53.290043
OC1CCC(Oc2ccc(N3c4nc(-c5cn[nH]n5)n(-c5ccc(F)cc5F)c4C3c3ccc(Cl)cc3)cc2)CCC1O,中毒,15.534245,33.269066
O=C(c1cnn2ccc(F)cc12)N1Cc2cc(-c3cn[nH]n3)cc(-c3c(Cl)cccc3Cl)c2C1,中毒,40.80308,18.938042
O=C1c2cc(-c3cn[nH]n3)[nH]c2C(c2ccc(F)cc2F)N1c1cc(Cl)cn(C2CC(O)C(O)C2)c1=O,中毒,19.24008,11.513729
O=C1c2cc(-c3cn[nH]n3)c(-c3cccnc3)nc2C(c2ccc(Cl)cc2)N1c1cc(Cl)cn(C2CC(O)(CO)C2)c1=O,中毒,13.718216,12.087409
Oc1cc(F)ccc1NN1c2cc3cc(-c4cn[nH]n4)cc4cccc(c2=NCC1(CCN1CCOCC1)c1ccc(Cl)cc1)c43,中毒,18.00683,18.175173
O=c1c(N2Cc3nc(-c4cn[nH]n4)nc(-c4ccoc4)c3C2c2c(F)cccc2F)cc(Cl)cn1C1CC(O)(CO)C1,中毒,5.3872895,33.968105
O=C1c2nc(-c3cn[nH]n3)n(-c3ccccc3)c2C(c2ccc(Cl)cc2)N1c1cc(Cl)cn(C2CC(O)(CO)C2)c1=O,中毒,23.043425,34.717995
O=C(Nc1cc2[nH]nc(C3CCCN(c4cn[nH]n4)C3)c2cn1)c1cscc1Br,中毒,17.301186,25.432606
O=C1c2cc(-c3cn[nH]n3)c(Nc3cccc(F)c3Cl)nc2C(c2ccc(Cl)cc2)N1c1cc(Cl)cn(C2CC(O)C(O)C2)c1=O,中毒,13.216523,12.087409
O=S(=O)(NN1Cc2cc(-c3cn[nH]n3)c(NS(=O)(=O)c3ccc(F)cc3F)cc2OCC1c1ccc(Cl)cc1)c1ccc(Cl)cc1,中毒,18.556784,38.27768
c1cc(-c2csc(Nc3nc(-c4cn[nH]n4)cs3)n2)ccn1,中毒,52.81444,54.406155
O=C1c2nc(-c3cn[nH]n3)n(-c3ccc(Cl)cc3F)c2C(c2ccc(Cl)cc2F)N1c1cc(Cl)cn(C2CC(O)C(O)C2)c1=O,中毒,24.818281,34.717995
O=c1c2nn(C3CC3)c3c1CC(Br)C(c1c[nH]c4ccccc14)(Cc1ncc(-c4cn[nH]n4)cc1-2)C3,中毒,4.155876,13.503611
O=C1c2nc(-c3cn[nH]n3)cc(-c3cc(Cl)nc4scnc34)c2C(c2ccc(Cl)cc2)N1c1cc(Cl)cn(C2CC(O)(CO)C2)c1=O,中毒,36.832283,12.110745
O=C1c2cc(-c3cn[nH]n3)[nH]c(=O)c2C(c2ccc(Cl)cc2)N1c1cc(Cl)cn(C2CC(O)(CO)C2)c1=O,中毒,6.3808517,18.315401
C1=CC2CC1CC2CSc1nc(N2CCOCC2)cc2cc(-c3cn[nH]n3)ccc12,中毒,3.1649048,24.56781
OC1CCC(CC2=c3c(cc(F)c4c3=C(F)C3=CC(c5cn[nH]n5)=C(c5ccncc5)C4=CS3)N=C2c2cn[nH]c2)CC1,中毒,6.6778407,35.05751
CC1(n2cc(Cl)cc(N3Cc4cc(-c5cn[nH]n5)n(-c5cc(Cl)ccc5F)c4C3c3ccsc3)c2=O)COC1,中毒,21.327534,13.466203
O=C1c2cc(-c3cn[nH]n3)n(-c3ccc(F)cc3)c2C(c2ccc(Cl)cc2)N1c1cc(Cl)cn(C2CC(OO)C(O)C2O)c1=O,中毒,14.882899,11.513729
O=S1(=O)c2ncc(Cl)cc2N2Cc3c(cc(-c4cn[nH]n4)cc3-c3c(Cl)cccc3Cl)CC2C2(CF)CCC21,中毒,19.845438,15.309637
Fc1cc(C2=c3cc(-c4cn[nH]n4)sc3=N[IH]C=N2)cc(F)c1F,低毒,11.425869,41.907356
O=C1c2cc(-c3cn[nH]n3)sc2-c2c(sc(Br)c2-c2cc[nH]n2)C(c2ccc(Cl)cc2)N1c1cc(Cl)cn(C2CC(O)(CO)C2)c1=O,中毒,8.37488,13.503714
O=c1[nH]c(NC2CCOCC2)nc(Nc2ccc(-c3cn[nH]n3)cc2)c1Br,中毒,24.8459,170.44557
FCCOn1c(-c2cn[nH]n2)cc2c1C(c1ccc(Cl)cc1)N(c1ccc(Cl)cc1)C1C3=CC(c4cncnc4)=CC=C1N(C2)C3c1ccc(Cl)cc1,中毒,43.786263,19.032093
Clc1cccc(Cl)c1-c1cc(-c2cn[nH]n2)cc2c1CCN(c1nc3ccccc3s1)C2,中毒,27.154873,24.260326
S=C1NC23C(=NNC(c4ccc(Cl)cc4)c4c2cc(-c2cn[nH]n2)n4-c2ccc(Cl)c(Cl)c2)c2ccccc2CCN13,中毒,21.734957,56.06255
Clc1ccc(-c2cc(-c3cn[nH]n3)cc3c2oc2ccc4cn[nH]c4c23)cc1,高毒,3.0541573,112.43176
c1cc(Nc2nc(-c3cn[nH]n3)cs2)ncc1CN1CCCCC1,中毒,38.000225,52.30827
O=c1c(N2C(c3ccc(Cl)cc3)c3c(nc(-c4cn[nH]n4)n3-c3cc(F)ccc3F)P2(=O)O)cc(Cl)cn1C1CC(O)(CO)C1,中毒,32.17651,57.851475
O=C1c2cc(-c3cn[nH]n3)c(=O)n(-c3cc(F)c(F)c(F)c3F)c2C(c2ccc(Cl)cc2)N1c1cc(Cl)cn(C2CC(O)(CO)C2)c1=O,中毒,32.17651,12.110745
O=C1c2cc(-c3cn[nH]n3)nc(-c3cc(Cl)c(Cl)cc3Cl)c2C(c2ccc(Cl)cc2)N1c1cc(Cl)cn(C2CC(O)(CO)C2)c1=O,中毒,7.4282966,12.110745
O=c1c(N2Cc3cc(-c4cn[nH]n4)c(C4CC(c5ccc(Cl)cn5)=NO4)nc32)cc(Cl)cn1C1CCOC1,中毒,32.939228,15.046324
O=C1c2cc(-c3cn[nH]n3)c(-c3ccc(Cl)c(Cl)c3)nc2C(c2ccc(Cl)cc2)N1c1cc(Cl)cn(C2CC(O)(CO)C2O)c1=O,中毒,13.216523,12.087409
c1ncc(-c2ccc3[nH]nc(-c4nc(Oc5ccc6ocnc6c5)nc5c4C4CC5N4Cc4cn[nH]n4)c3c2)cn1,中毒,3.1232297,9.128209
OC1CC(Oc2nc3ccc(Cl)cc3cc2C2Cc3cc(-c4cn[nH]n4)n(-c4ccc(Cl)cc4F)c32)CC(N2CCCCCC2)C1O,中毒,16.213184,24.365416
O=S(=O)(C1CC1)N1CCc2sc(-c3c(-c4cn[nH]n4)nc4c(Oc5ccc(F)cn5)nccn34)cc2C1,中毒,23.376593,14.2372675
O=C1C(=Cc2c(-c3cn[nH]n3)nc3c(c2-c2ccsc2)-c2sccc2-3)CCOC12CCN(Cc1cnc[nH]1)CC2,中毒,21.908825,28.152912
O=C(O)c1cn(-c2ccnn2Cc2ccc(F)cc2Cl)c2cc(N3CC(c4cn[nH]n4)C(F)(F)C3)c(F)cc2c1=O,中毒,21.159836,17.808859
O=C1c2cc(-c3cn[nH]n3)cc(-c3ccon3)c2CC(c2ccc(Cl)cc2)N1c1cc(Cl)cn(C2CC(O)(CO)C2)c1=O,中毒,22.081963,19.79431
O=C1c2cc(-c3cn[nH]n3)nc(-c3c(Cl)cccc3Cl)c2C(c2ccc(Cl)cc2)N1c1cc(Cl)cn(C2CS(=O)(=O)C2)c1=O,中毒,28.622856,14.0600395
OC(C=Cc1sccc1-c1cc2c(cc1-c1cn[nH]n1)-c1ccc(F)cc1C2c1ccc(Cl)cc1)(Cn1cncn1)c1ccc(F)cc1F,中毒,48.164333,33.844963
OC1(CCC2C3C4CCC(O4)C3CN2CCc2cn[nH]n2)CCNC(CF)CC1,微毒,12.711427,20.926195
O=c1c(N2C(=NO)c3cc(-c4cn[nH]n4)n(-c4ccc(Cl)cc4F)c3C2c2ccc(Cl)cc2)cc(Cl)cn1C1CC(O)(CO)C1,中毒,23.909687,13.466203
FC1(Cl)CCc2cc3c(cc2C1)-c1nc(-c2cn[nH]n2)nc(NC2CCCC2)c1C(c1ccc(Cl)cc1)O3,中毒,17.110521,33.58629
Fc1cc(F)cc(Cn2cc(CN3Cc4cc(-c5cn[nH]n5)c(-c5ccc(Cl)cc5)n4C3c3ccc(Cl)cc3)c(Br)n2)c1,中毒,4.8125343,14.114189
O=C1c2nc(-c3cn[nH]n3)cc(-c3ccc4nccn4n3)c2C(c2cccc(Cl)c2)N1c1cc(Cl)cn(C2CC(O)(CO)C2)c1=O,中毒,37.24519,12.110745
FC(F)(F)c1cc(-c2cn[nH]n2)cc2c1C(c1ccc(Cl)cc1)N(c1ccc(Cl)cc1)C2c1ccnc(N2CCC3(CC3)C2)c1,中毒,72.74838,20.215986
O=C1c2cc(-c3cn[nH]n3)n(-c3ccc(Cl)cc3)c2C(c2ccc(Cl)c3ccc(Cl)cc23)N1c1cc(Cl)cn(C2CC(O)C(O)C2)c1=O,中毒,12.488247,11.513729
Clc1ccc(C2COc3c(cc(-c4cn[nH]n4)cc3-c3c(Cl)cccc3Cl)C2)cc1,中毒,22.32339,48.67048
Fc1ccc2c(c1)-c1cccnc1C1(CC(c3cn[nH]n3)N(c3ccc(Br)cc3F)C1c1cccnc1)N2,中毒,42.75487,14.79353
Clc1cc(Cl)c(N2CCN(c3ccccn3)CC2)cc1-c1nc(-c2cn[nH]n2)cs1,中毒,17.471611,35.09068
Fc1ccccc1-n1nnc2c(-c3ccc(C4=NN=C(c5cn[nH]n5)CC4)cc3)nncc21,中毒,3.841903,66.057365
O=C1c2cc(-c3cn[nH]n3)n(-c3ccc(Cl)cc3)c2C(c2cccc(O)c2)N1c1cc(Cl)cn(C2CC(O)(CO)C2)c1=O,中毒,14.882899,13.466203
O=c1[nH]ccc2c(OCC3CN(c4ccc5ccccc5n4)C3)c(F)c(-c3cn[nH]n3)cc12,中毒,2.0326264,15.941352
c1coc(-c2nsc(-c3ccncc3)c2-c2nc(-c3cn[nH]n3)co2)c1,中毒,39.20571,61.75204
Fc1cnccc1-c1cc2c(cc1Cl)-c1nc(-c3cn[nH]n3)cn1CCO2,中毒,48.73457,67.09444
CN(c1cc(Cl)cn(C2CC(O)(CO)C2)c1=O)C(C(=O)c1c2nc(-c3cn[nH]n3)n1-c1cc-2c(C(F)F)cc1OC(F)(F)F)c1ccc(Cl)cc1,中毒,41.769672,15.303033
S=C(c1cccnc1-c1cccs1)N1CCN(Cc2cn[nH]n2)CC1,中毒,13.9119625,26.986534
Fc1c(N2Cc3cc(-c4cn[nH]n4)sc3C2)ccc(Br)c1N1CC(Oc2cccs2)C1,中毒,10.385391,18.463343
Fc1ncc(C(F)(F)F)cc1C1CCN(c2ncnc3[nH]cc(-c4cn[nH]n4)c23)CC1,中毒,6.215351,46.06337
O=C1c2cc(-c3cn[nH]n3)n(-c3ccc(I)cc3F)c2C(c2ccc(Cl)cc2)N1c1cc(Cl)cn(C2CC(O)(CO)C2)c1=O,中毒,12.488247,11.513729
O=C1C2=CC=C(Cl)C=Cc3ccc(Cl)c(Cl)cc4cc(-c5cn[nH]n5)n3c4CC2N1c1cc(Cl)cn(C2CC(O)(CO)C2)c1=O,中毒,22.825241,16.862432
O=C1c2cc(-c3cn[nH]n3)n(-c3ccc(F)cc3)c2C(c2ccc(Cl)cc2)N1c1cc(Cl)cn(C2CC(O)(CBr)C2)c1=O,中毒,31.338547,11.513729
O=C1N(c2cc(Cl)cn(C3CC(O)(CO)C3)c2=O)C(c2ccc(Cl)cc2)c2c(-c3cc(Cl)nc(Cl)c3Cl)c(-c3cn[nH]n3)cn21,中毒,4.780019,13.466203
O=C1c2cc(-c3cn[nH]n3)nn2-c2cc(Br)cc(I)c2C(c2ccc(Br)cc2)N1c1cc(Cl)cn(C2CC(O)C(O)C2)c1=O,中毒,45.389744,28.20462
Fc1ncccc1-c1cccc(Cc2cc(C(F)(F)F)c3ccc(-c4cn[nH]n4)cc3c2)c1,中毒,24.530094,22.187601
O=C1c2c(c(COCCN3CCOCC3)cc(=O)n2-c2cn[nH]n2)C(c2ccc(Cl)cc2Cl)N1c1cc(Cl)cn(C2CC(O)(CO)C2)c1=O,中毒,28.45149,14.418226
O=C1c2cc(-c3cn[nH]n3)n(Cc3ccc(Cl)cc3F)c2C(c2ccc(Cl)cc2)N1c1cc(Cl)cn(C2CC(O)(CO)C2)c1=O,中毒,6.6767583,13.16881
Fc1cccc(Oc2cc(C3=C4C=C(c5cn[nH]n5)C=C4C3)c3cc(C=Cc4ccc(Br)o4)ncc3n2)n1,中毒,48.16584,21.351877
O=C1c2ncc(-c3cn[nH]n3)c(-c3cc(Cl)ccc3Cl)c2C(c2ccc(Cl)cc2)N1c1cc(Cl)cn(C23CC4CC(CC(C4)C2)C3)c1=O,中毒,57.01388,14.0600395
O=c1c2c3c(sc2nc(-c2cn[nH]n2)n1-c1cccc(Cl)c1)CNCCC3,中毒,22.167341,24.67719
O=C1c2cc(-c3cn[nH]n3)n(-c3cc4cc(Cl)c(Cl)cc4s3)c2C(c2ccc(Cl)cc2)N1c1cc(Cl)cn(C2CC(O)(CO)C2)c1=O,中毒,18.205946,11.513729
N#Cc1ccc(N2C(=C3C(=O)OC4(CCCC4)C3=O)c3cc(-c4cn[nH]n4)n(-c4ccc(Cl)cc4Cl)c3C2c2ccc(Cl)cc2)cc1C(F)F,中毒,17.475342,14.911535
Oc1c(-c2noc(C3=C4C=C(c5cn[nH]n5)C=C4CC(C(F)(F)F)N(Cc4nccc(Cl)c4Cl)C3)n2)ccc(F)c1Cl,中毒,74.25401,14.373294
O=C1c2cc(-c3cn[nH]n3)cc(-c3c[nH]c4cc(F)c(F)cc34)c2N1c1cc(Cl)cn(C2CC(O)(CO)C2)c1=O,中毒,37.54408,16.862432
O=C1c2cc(-c3cn[nH]n3)c(-c3cc(Cl)ccc3OCC3CC3)n2C(c2ccc(Cl)cc2)N1c1cc(Cl)cn(C2CC(O)(CO)C2)c1=O,中毒,20.573853,13.503714
O=c1c(N2CCc3cc(-c4cn[nH]n4)cc(-c4c(Cl)cccc4Cl)c3C2c2ccc(Cl)cc2)cc(Cl)cn1C1CC(O)(CO)C1,中毒,19.016203,18.239529
Fc1ccc(C2(c3ccc(Cl)cc3)OCc3sc(-c4cn[nH]n4)nc3-c3cc(OCC4COC(F)(F)C4)ccc32)c(Cl)c1,中毒,18.113884,15.02669
O=C1c2cc(-c3cn[nH]n3)cc(-c3c(Cl)cccc3Cl)c2N1c1cc(Cl)cn(C2CC(O)(CO)C2)c1=O,中毒,38.86924,18.239529
O=C1c2cc(-c3cn[nH]n3)n(-c3ccc(Cl)cc3)c2C(c2ccc(Cl)cc2)C(c2ccc(Cl)cc2)N1c1cc(Cl)cn(C2CC(O)(CO)C2)c1=O,中毒,51.50488,13.503714
O=c1c2ccccc2nc2c(=Cc3cc(Cl)cc(Cl)c3)sc3nc4cc(-c5cc(Cl)cc(Cl)c5)c(-c5cn[nH]n5)cc4c3c12,中毒,11.335881,13.738715
O=C1c2cc(-c3cn[nH]n3)nc(NCc3ccnc(F)c3F)c2C(c2cccnc2)N1c1cc(Cl)cn(C2CC(O)(CO)C2)c1=O,中毒,8.738106,12.110745
c1ccc(-c2sc3ccsc3c2-c2nc(-c3cn[nH]n3)no2)cc1,中毒,47.307198,15.35297
FC(F)(F)c1cc(Oc2ccc(Nc3ncnc4scc(-c5cn[nH]n5)c34)cc2)cc(C(F)(F)F)c1,中毒,2.969254,16.493427
Clc1ccc(-n2c(-c3cn[nH]n3)cc3c2C(c2ccc(Cl)nc2)N(C2=COC(Cl)(Cl)C2)C3)cc1,中毒,21.734957,15.044159
O=C1OC2(CCCCC2)C(=O)N2c3nc(-c4cn[nH]n4)c(-c4ccc(Cl)cc4)n3C(c3ccc(Cl)cc3)N12,中毒,18.617636,16.417507
Fc1cc(-c2ccco2)ccc1-c1c(-c2cn[nH]n2)nn2c(C3CC3)ccnc12,中毒,33.07082,19.183485
Clc1cc(I)cc(Oc2nc(-c3cn[nH]n3)nc3c2C[N+](Cc2cccs2)C3)c1,中毒,8.357076,25.02228
CC1C(n2cc(Cl)cc(N3C(=O)c4cc(-c5cn[nH]n5)n(-c5ccc(C(F)(F)F)cc5)c4C3c3ccc(Cl)cc3)c2=O)CC1(O)CO,中毒,14.882899,11.513729
O=C1c2cccc(Cl)c3cc(o2)C(c2c-3cc(-c3cn[nH]n3)n2-c2ccc(Cl)cc2)N1c1cc(Cl)cn(C2CC(O)(CO)C2)c1=O,中毒,15.763229,13.447941
O=S(=O)(c1ccc(C2(N3CCC(Oc4ccc5[nH]nc(C6CC6)c5n4)CC3)CC(c3cn[nH]n3)CO2)cc1)c1cccc2nsnc12,中毒,30.616537,37.644455
FC(F)(F)C1(C(F)(F)F)c2cc(-c3cn[nH]n3)n(-c3ccc(Cl)cc3)c2C(c2ccc(Cl)cc2)N1c1cc2nccn2n2nccc12,中毒,51.124954,16.275211
N#Cn1cc(N2C(=O)c3cc(-c4cn[nH]n4)c(-c4ccc(Cl)cc4F)nc3C2c2cccs2)cc1Cl,中毒,10.334719,15.967391
O=C1c2cc(-c3cn[nH]n3)n(-c3ccc(F)cc3F)c2C(c2ccc(Cl)cc2OC(F)F)N1c1cc(Cl)cn(C2CC(O)(CO)C2)c1=O,中毒,12.488247,13.503714
N#Cc1ccc(C#Cc2cc3c(c(C4CC5(CC5)C4)c2-c2ccc(Cl)cc2)-c2cc(-c4cn[nH]n4)n(-c4ccc(F)cc4)c2-3)nc1,中毒,10.128725,105.769844
O=C(Nc1ccc(F)cc1)N1C(c2cccc(C(F)(F)F)c2)c2nc(scc(-c3cc(Cl)c(O)c(Cl)c3)c3c(-c4cn[nH]n4)c2-3)C12CCOCC2,中毒,24.817047,19.823862
O=C1c2c(nc3cc(Cl)ccc3c2-c2cn[nH]n2)C(c2ccc(Cl)cc2)N1c1cc(Cl)cn(C2CC(O)(CO)C2)c1=O,中毒,26.553892,12.110745
S=C(NCc1cccnc1)N1CCc2nc(-c3cn[nH]n3)c(Br)c(-c3ccoc3)c2C1,中毒,25.03066,19.949987
Clc1ccc(C2CN(c3ncnc4[nH]ccc34)CC2Nc2cn[nH]n2)cc1,中毒,12.617588,153.96248
OCc1ccc(C2=NC(Br)=c3sc4c(c32)N=C(c2cn[nH]n2)N=4)c(Cl)c1,中毒,37.71558,20.169178
Brc1cnc2c(c1)CC(c1cn[nH]n1)O2,高毒,33.360493,44.66934
O=C1c2cc(-c3cn[nH]n3)c(-c3cc(F)c(Cl)c(Cl)c3)n2C(c2ccc(C(F)(F)F)cc2)N1c1cc(Cl)cn(C2CC(O)(CO)C2)c1=O,中毒,19.951618,13.503714
O=c1c2cc(F)cc(F)c2nc(SCc2ccc(Cl)cc2)n1-c1cn[nH]n1,低毒,43.92038,83.23829
O=C1c2cc(-c3cn[nH]n3)n(-c3ccc4c(c3)OCO4)c2C(c2ccc(Cl)cc2)N1c1cc(Cl)cn(C2CC(O)(CO)C2)c1=O,中毒,38.99518,11.513729
OC1(N2CCC(n3nc4c(c5ccc(OCC6CC6)c3-5)-c3ccc(Cl)c(-c5cn[nH]n5)c3-4)CC2)CCOCC1,中毒,26.553621,18.437586
OCCc1ccc(-c2cc3nc(-c4cn[nH]n4)cn3s2)s1,低毒,15.643783,23.741417
NCc1ccc(-n2nnc3c(C(=O)N4CCOCC4)c(-c4ccc(F)cc4F)c4nc(-c5cn[nH]n5)cnc4c32)cc1,中毒,20.499443,20.360466
O=C1c2nc(-c3cn[nH]n3)cc(-c3cc(OC(F)(F)F)ccc3F)c2C(c2ccc(Cl)cc2)N1c1cc(Cl)cn(C2CC(O)(CO)C2)c1=O,中毒,37.24519,12.110745
Clc1cc(Cl)cc(-c2cc(-c3cn[nH]n3)cc3c2CN(c2cncnc2)C3)c1,低毒,23.763075,33.599606
Oc1ccc(-c2n[nH]c3ccc(-c4cn[nH]n4)cc23)cc1Cl,低毒,7.286622,211.76727
O=C1c2nc(-c3cn[nH]n3)cc(-c3ccc(Oc4cccnc4)cc3)c2C(c2ccc(Cl)cc2)N1c1cc(Cl)cn(C2CC(O)(CO)C2)c1=O,中毒,37.24519,12.110745
O=c1c(N2C(Br)c3cc(-c4cn[nH]n4)n(-c4ccc(Cl)cc4F)c3C2c2ccc(Cl)cc2)cc(Cl)cn1C1CC(O)(CO)C1,中毒,15.763229,11.513729
ClCCN1Cc2cc(-c3cn[nH]n3)n(-c3ccc(Cl)cc3)c2C1c1ccc(Cl)cc1,中毒,16.048214,21.358812
O=C1c2cc(-c3cn[nH]n3)nc(Nc3ccc(COC4CCNCC4)cc3)c2C(c2ccc(Cl)cc2)N1c1cc(Cl)cn(C2CC(O)C(O)C2)c1=O,中毒,24.385923,13.503714
Fc1ccc(-c2nccnc3cc(-c4cn[nH]n4)cc2-3)cc1Cl,中毒,3.8068018,50.836475
O=C1NC(=O)C(=Cc2cc(C#Cc3ccsc3)cc3c2Cc2cc(-c4cn[nH]n4)n(-c4cc(Cl)cc(Cl)c4)c2-3)S1,中毒,14.17678,21.460361
O=C1c2nc(-c3cn[nH]n3)n(-c3cc(Cl)ccc3Cl)c2C(c2ccc(Cl)cc2)N1c1cc(Cl)cn(C2CC(O)(CO)C2O)c1=O,中毒,35.69709,13.466203
O=C1c2c(c3ccccc3c3cc(-c4cn[nH]n4)[nH]c23)C(c2ccccc2)N(c2cccc(C(F)(F)F)c2)C(=O)N1CC1CC1,中毒,11.237295,14.3937645
FC(F)(F)c1cc(Cl)ccc1C1N=C(c2sccc2Cl)c2c1cc(-c1cn[nH]n1)nc2-c1c(Cl)cccc1Cl,中毒,6.249609,23.197546
Fc1ccc(-n2c(-c3cn[nH]n3)cc3c2-c2nc(-c4cnc(N5CCCC5)nc4)nc(-c4ccc(F)c(Cl)c4)c2C3)c(F)c1,中毒,9.832607,20.54041
O=c1c2c(Br)c(-c3cnn(C4CC4)c3)ncc2cnn1-c1ccc(-c2cn[nH]n2)cc1,中毒,32.043446,34.799503
O=C1c2nc(-c3cn[nH]n3)n(-c3ccc(Cl)c(F)c3F)c2C(c2ccc(Cl)cc2)N1c1cc(Cl)cn(C2CC(O)(CO)C2)c1=O,中毒,24.818281,34.717995
Sc1cc(-c2cc(-c3ccsc3)nc3cc(-c4cn[nH]n4)ccc23)ccn1,中毒,3.753824,14.50764
c1coc(-c2nocc2-c2nc(CNc3cn[nH]n3)cs2)c1,中毒,108.64501,29.691364
c1n[nH]nc1CN1CC2COC3CN(C4CCOCC4)CCC3(C2)C1,微毒,14.997157,145.10054
O=C1c2nc(-c3cn[nH]n3)c(C(c3ccc(Cl)cc3)c3ccsc3)c(-c3cccc(Cl)c3)c2C(=O)N1c1cc(Cl)cn(C2CC(O)(CO)C2)c1=O,中毒,56.95321,12.110745
Fc1ccc(C2=NCCO2)cc1C1=NN(c2nc(-c3cn[nH]n3)cs2)C1c1ccoc1,中毒,11.806843,63.024586
NC1=NC(CCC2C(=O)N3c4cc(-c5cn[nH]n5)cc(-c5c(Cl)cccc5Cl)c4C23)CO1,中毒,25.231058,92.67723
NC1=Nn2cc(C3CC3)c(-c3cn[nH]n3)c2N(Cc2cc(F)c(F)c(Cl)c2F)C1c1ccc(Cl)cc1,中毒,11.806843,9.741929
S=C(c1cc(C2CCCCC2)c2c(-c3cn[nH]n3)csc2c1)N1CCNc2ncccc2C1,中毒,7.519609,60.029984
O=C1c2cc(-c3cn[nH]n3)n(-c3ccc(Cl)cc3Cl)c2C(c2ccc(Cl)cc2)N1c1cc(Cl)cn(C2CC(O)(CF)C2)c1=O,中毒,36.175117,11.513729
O=C1c2cc(-c3cn[nH]n3)n(-c3ccc(Cl)cc3Cl)c2C(c2ccc(Cl)cc2)N1c1cc(Cl)cn(C2CC(O)(O)C2)c1=O,中毒,18.205946,11.513729
O=C1c2nc(-c3cn[nH]n3)nc(-c3ccnc4cc(Cl)ccc34)c2C(c2ccncc2)N1c1cc(Cl)cn(C2CC(O)C(O)C2)c1=O,中毒,16.880064,13.466203
O=C1C2CC(O)c3cc(-c4cn[nH]n4)cc(-c4ccc(F)cc4F)c3C(c3cccc(Cl)c3)N1C1=CC(Cl)=CN2C1,中毒,185.74243,13.870119
Fc1ccc(Oc2nc(Cl)nc3cc(OCc4cc5n(n4)COCC5)c(-c4cn[nH]n4)cc23)cc1Cl,中毒,9.3597355,97.11415
O=c1nc(N2CCC3(CC2)OCCO3)c(Cl)c2n1Cc1c-2cc(-c2cn[nH]n2)n1-c1cc(F)c(F)cc1F,中毒,10.121155,14.809156
O=C1C2=CC=c3occc3=Nc3cc(-c4cn[nH]n4)n(-c4ccc(F)cc4F)c3C2N2C(=O)C2=CC(Cl)=CN1C1CC(O)(CO)C1,中毒,23.157356,12.015652
Clc1nc(N2Cc3cc(-c4cn[nH]n4)cc(Nc4cc(C5CC5)n[nH]4)c3C2)c2cc[nH]c2n1,中毒,26.299372,66.85394
O=c1c(NC2Cc3cc(-c4cn[nH]n4)n(-c4cc(F)cc(F)c4F)c32)cc(Cl)cn1C1CC(O)(CO)C1,中毒,28.051815,32.91048
O=C1C2=CC=C(Cl)C=Cc3ccc(Cl)c(Cl)cc4cc(-c5cn[nH]n5)n3c4C2N1c1cc(Cl)cn(C2CC(O)(CO)C2)c1=O,中毒,12.535862,17.786665
Fc1ccc(-n2c(-c3cn[nH]n3)cc3c2C(c2ccc(Br)cc2)N(c2cc(Cl)cs2)C3c2ccc(Cl)cc2)c(F)c1,中毒,28.501118,23.074959
Fc1ccc2c(N3CCN(C4CCc5sc(-c6cn[nH]n6)cc5C4)CC3)nsc2c1,中毒,26.818611,12.351671
Fc1ccc(N2C(c3ccc(-c4cncnc4)cc3)c3cc(-c4cn[nH]n4)n(-c4ccc(F)cc4F)c3C2c2ccc(Cl)cc2)c(F)c1,中毒,21.327534,23.107658
O=C1c2nc(-c3cn[nH]n3)c(Cl)c(-c3c(F)cccc3F)c2C(c2ccc(Cl)cc2)N1c1cc(Cl)cn(C2CC(O)(CO)C2)c1=O,中毒,37.24519,12.110745
CC(=O)NCCCCON=C1c2cc(-c3cn[nH]n3)cc(-c3c(Cl)cccc3Cl)c2C(c2ccc(Cl)cc2)N1c1cc(Cl)cn(C2CC(O)(CO)C2)c1=O,中毒,38.99518,13.503714
Clc1ccc2c(-c3cncc(-c4cn[nH]n4)c3)c(-c3ccc4ncsc4c3)cnc2c1,中毒,22.189817,45.46939
O=C1c2cc(-c3cn[nH]n3)n(-c3ccccc3)c2C(c2ccc(Cl)cc2)N1c1cc(Cl)cn(C2CC(O)C(O)(CO)C2)c1=O,中毒,14.882899,11.513729
O=c1c(N2Cc3cc(-c4cn[nH]n4)cc(-c4c[nH]c5ccc(F)cc45)c32)cc(Cl)cn1C1CC(O)(CO)C1,中毒,37.54408,16.862432
c1cc(Nc2nc(-c3cn[nH]n3)nc3c2C2(CCOC2)C3)nnc1CN1C2=NCCC21,中毒,15.581506,61.666943
O=C1c2c(c(=O)c3c(=O)[nH]ccc3c(=O)n2-c2cn[nH]n2)C(c2ccc(Cl)s2)N1c1cc(Cl)cn(C2CC(O)(CO)C2)c1=O,中毒,44.58338,12.110745
Clc1cc(Cl)c(OCCN2CCOc3ccc(-c4nc5cc(-c6cn[nH]n6)ccc5s4)c2c3)c(C2=NCCN2c2ccsc2)c1,中毒,25.031733,18.735622
Oc1cc2c(cc1Cl)c1c(N3CCNCC3)c(-c3cn[nH]n3)cnc1n2-c1ccc2cc[nH]c2c1,中毒,21.17514,10.916105
O=C(Nc1cccc(Cl)c1)C1(OCc2ccccc2)CC2N(Cc3nc(-c4cn[nH]n4)cs3)CCS(=O)(=O)C21CCc1ccco1,中毒,23.896893,15.78
O=c1c(N2Cc3cc(-c4cn[nH]n4)n(-c4ccc(Cl)cc4F)c3C2c2ccc(Cl)cc2)cc(Cl)cn1C1CCC(O)(CO)C1,中毒,15.763229,11.513729
O=C1c2cc(-c3cn[nH]n3)n(-c3ccc(F)cc3F)c2C(c2ccc(Cl)cc2)N1c1cc(Cl)cn(C2CCS(=O)(=O)C2)c1=O,中毒,17.272402,14.026334
O=C1c2ccc(Cl)c(Cl)c(F)c3cc(-c4cn[nH]n4)n2c3C(c2ccc(Cl)cc2)N2OC2=CC(Cl)=CN1C1CC(O)(CO)C1,中毒,13.79532,14.764161
OC(CN1CCC(c2cc3ccc(Br)cc3cc2-c2cn[nH]n2)CC1)C(O)(c1cccnc1)c1cccc(F)c1,中毒,7.9991584,19.139116
O=c1c(-c2ccc3nonc3c2)c(Br)c2sc(-c3cn[nH]n3)cc2n1C1CC(O)C(CO)(COP(=O)(O)OP(=O)(O)OP(=O)(O)O)C1,中毒,10.830277,15.51035
O=c1c(N2C(=S)c3cc(-c4cn[nH]n4)n(-c4ccc(F)cc4F)c3C2c2ccc(Cl)cc2)cc(Cl)cn1C1CC(F)(F)C1,中毒,21.947083,46.192657
N#CC1=CN(C2CC(O)C(O)C2O)C(=O)c2cc(Cl)c(F)cc(F)c3cc(-c4cn[nH]n4)n2c3C(c2ccc(Cl)cc2)N2CC2=C1,中毒,15.972007,11.08402
C1=C(c2nc(-c3cn[nH]n3)cs2)CC2=C1N2Cc1ccnc(-c2ccc3c(c2)OCO3)n1,中毒,27.7535,14.350323
O=c1c(N2C(c3ccc(Cl)cc3)c3nc(-c4cn[nH]n4)cc(-c4c(Cl)cccc4Cl)c3C2c2ccc(Cl)cc2)cc(Cl)cn1C1CC(O)(CO)C1,中毒,11.627486,12.110745
O=C1c2nc(-c3cn[nH]n3)nc(N3C4CC5CC3CC(C4)O5)c2CC(c2cccnc2)N1c1cc(Cl)cn(C2CC(O)(CO)C2)c1=O,中毒,36.92053,16.230408
Oc1cc2c(Nc3ccc(C(F)(F)F)cc3)nc3cc(-c4cn[nH]n4)cnc3c2cc1O,中毒,5.2320223,24.42229
O=C1c2cc(-c3cn[nH]n3)cc3ccnc(c23)C(c2ccc(Cl)cc2)N1c1cc(Cl)cn(C2CC(O)(CO)C2)c1=O,中毒,6.865159,32.92288
O=P1(O)OC(CO)C(O)C(O)C1CCN1c2cc(-c3nc4cc(-c5cn[nH]n5)cnc4[nH]3)cc1c2F,中毒,7.4598517,120.65468
Ic1ccc(-c2n[nH]c3cc(-c4cn[nH]n4)ccc23)s1,低毒,12.666026,56.80495
O=C1NC(=O)C(=Cc2cc3c(s2)-n2cc(-c4cn[nH]n4)cc2-3)C(=O)N1,中毒,14.699877,26.418514
O=C(c1ccc(Cl)cn1)n1cc(Cl)c(-c2c(F)cncc2F)c1-c1sc(Cl)cc1N1CC(c2cn[nH]n2)C1,中毒,43.191986,13.181384
O=C(c1cc(Br)c2c(-c3cn[nH]n3)cc3c(c2n1)C3)N1CCOCC1,中毒,22.761143,15.197716
O=C1c2cc(-c3cn[nH]n3)n(-c3ccc4c(c3)OCO4)c2C(c2cccnc2)N1c1cc(Cl)cn(C2CC(O)(CO)C2)c1=O,中毒,38.99518,11.513729
OC1(c2ccc(C3c4ccc5nonc5c4CNC3c3cn[nH]n3)cc2)CN2CCC1CC2,中毒,29.041315,20.22852
O=S1(=O)Cc2cc(-c3cn[nH]n3)n(-c3ccc(F)cc3F)c2C(N2CCOCC2c2c(Cl)cccc2Cl)C1,中毒,18.617636,34.717995
c1cnc(N2CCc3nc(-c4cn[nH]n4)nc(Nc4ccnc5cc(-c6cncnc6)ccc45)c3C2)nc1,中毒,6.8517694,33.42503
O=c1c(N2C(O)c3cc(-c4cn[nH]n4)n(-c4ccccc4F)c3C2c2ccc(Cl)cc2)cc(Cl)cn1C1CC(O)(CO)C1,中毒,26.991571,12.110745
O=C1c2cc(-c3cn[nH]n3)nc(-c3ccnc(Cl)c3F)c2C(c2ccc(Cl)cc2)N1c1cc(Cl)cn(C2CC(O)(CO)C2)c1=O,中毒,7.4282966,12.110745
O=C1c2cc(-c3cn[nH]n3)n(-c3ccc(Cl)cc3F)c2C(c2ccc(Cl)cc2)N1c1cc(Cl)cn(C2CC(O)(CF)C2)c1=O,中毒,25.244574,11.513729
N#Cc1ccc(C2c3c(cc(-c4cn[nH]n4)n3-c3ccc(Cl)cc3)CN2c2cc(Cl)cn(C3CC(O)C(O)C3)c2=O)cc1,中毒,19.24008,11.513729
O=C1c2cc(-c3cn[nH]n3)n(C(CP(=O)(O)O)c3ccc(Cl)cc3)c2C(c2ccc(Cl)cc2)N1c1cc(Cl)cn(C2CC(O)(CO)C2)c1=O,中毒,23.909687,13.503714
O=C1c2cc(-c3cn[nH]n3)c(NCC3CCC3)nc2C(c2ccc(Cl)cc2)N1c1cc(Cl)cn(C2CC(O)(CO)C2)c1=O,中毒,13.216523,12.087409
OC1CC(N2Cc3nnc(-c4cn[nH]n4)cc3-c3cc(-c4c[nH]c5ncc(C6CC(O)C(COc7ccccn7)O6)c(-c6cccs6)c45)ncc32)C1,中毒,14.775009,38.32885
Oc1cc(C2CC2COC2=NC3=C(c4ccc5[nH]cnc5c4)C(c4cn[nH]n4)=CC3=N2)cc(O)c1O,中毒,21.665308,29.481943
c1cncc(C2c3cc(-c4cn[nH]n4)sc3CN2C2=NCCN2)c1,中毒,8.223008,35.67681
c1ccc2c(-c3coc(C4COCC4N4CC5C(c6cn[nH]n6)CN5C4)n3)c[nH]c2c1,中毒,49.156303,39.423534
O=C1c2cc(-c3cn[nH]n3)n(-c3cc(F)cc(Cl)c3F)c2C(c2ccc(Cl)cc2)N1c1cc(Cl)cn(C2CC(O)(CO)C2)c1=O,中毒,12.488247,11.513729
OCc1nc(OCCc2ccc3cn[nH]c3c2)c2cc(-c3cn[nH]n3)c(Oc3c(F)cccc3Cl)cc2n1,中毒,8.730581,21.449684
O=C1OC(CO)CC1n1cc(Cl)cc(N2C(=O)c3cc(-c4cn[nH]n4)n(-c4ccc(F)cc4F)c3C2c2ccc(Cl)cc2)c1=O,中毒,25.244574,13.466203
O=c1c(Sc2cn[nH]n2)nc2cccnc2n1-c1cccc(C(F)(F)F)c1,低毒,93.81227,47.62585
O=S(=O)(c1ccccc1)n1cc(-c2cc(-c3cn[nH]n3)cc3c2CN(c2ccc(OCCN4CCOCC4)nc2)C(c2ccc(Cl)cc2)C3)c2ccncc21,中毒,25.804012,16.230408
O=C1c2cc(-c3cn[nH]n3)n(-c3ccc(N4CC#CC4)c(Cl)c3)c2C(c2ccc(Cl)cc2)N1c1cc(Cl)cn(C2CC(O)C(O)C2)c1=O,中毒,14.882899,11.513729
O=c1c(N2Cc3cc(-c4cn[nH]n4)cc(-c4c(F)cccc4I)c3C2)cc(Cl)cn1C1CC(O)(CO)C1,中毒,13.677068,9.69984
Oc1ccc2ncn(CC3=CC=C4C5CC(=C3)C4N(c3ccc(Cl)cc3)C(c3ccc(Cl)cc3)c3c5cc(-c4cn[nH]n4)n3-c3ccc(Cl)cc3I)c2c1,中毒,47.705437,12.714086
Oc1c(F)ccnc1NC1=NC(c2cc(-c3cn[nH]n3)cc3c2C(O)C(O)CC3)=C1,中毒,28.313238,93.89437
O=C1c2cc(-c3cn[nH]n3)n(-c3ccc(Cl)cc3)c2C(c2ccc(Cl)nc2)N1c1cc(Cl)cn(C2CC(O)(CO)C2)c1=O,中毒,14.882899,11.513729
O=C1c2cc(-c3cn[nH]n3)n(-c3ccncc3F)c2C(c2ccc(Cl)nc2)N1c1cc(Cl)cn(C2CC(O)(CO)C2)c1=O,中毒,12.488247,11.513729
Fc1ccccc1C1=Nn2c(nnc2-c2cn[nH]n2)CN(c2ccccc2)C1c1cccs1,中毒,6.0290103,40.7899
O=C(O)C1Cc2ccc(OC3=CC4=C(N5CCOCC5)N=C5C=C(C67CC(c8cn[nH]n8)C(O)C(O)C6O7)C(=N4)C5=CC=N3)cc2C1,中毒,10.267993,13.466203
O=C1Cc2cc(-c3cn[nH]n3)n(-c3ccc(F)cc3F)c2C(c2ccc(Cl)cc2)N1c1cc(Cl)cn(C2CCOCC2)c1=O,中毒,21.327534,47.68054
c1ccc(C2CC(CSc3cn[nH]n3)=NN2c2ccccc2)cc1,中毒,53.524246,73.35054
O=c1[nH]c(-c2cn[nH]n2)cc2[nH]c(-c3ccnc4[nH]c(-c5ccnc(N6CCOCC6)c5)nc34)c(C3CC3)c12,中毒,32.15628,146.212
O=C1c2nc(-c3cn[nH]n3)n(-c3ccc(Br)cc3F)c2C(c2ccc(Cl)cc2)N1c1cc(Cl)cn(C2CC2)c1=O,中毒,31.41851,36.180477
O=C1c2nc(-c3cn[nH]n3)cc(-c3ccnc4[nH]ccc34)c2C(c2ccc(Cl)cc2)N1c1cc(Cl)cn(C2CC(O)(CO)C2)c1=O,中毒,37.24519,12.110745
O=S(=O)(c1ccc(-c2cn[nH]n2)cc1)N1CCOCC1(Nc1cnc(C(F)(F)F)nc1)C1CC1,中毒,60.311207,45.505238
O=c1nc2c(-c3ccnc(Nc4ccc(OCc5ccncc5)cc4)c3)nc3cc(-c4cn[nH]n4)ccc3c2c[nH]1,中毒,7.71065,94.286575
O=C1c2nnc(-c3cn[nH]n3)nc2N(c2cc(Cl)ccc2F)C(c2ccc(Cl)cc2)N1c1cc(Cl)cn(C2CC(O)(CO)C2)c1=O,中毒,9.5269375,13.466203
O=C1c2nc(-c3cn[nH]n3)cc(-c3cn[nH]c3)c2C(c2cccc(Cl)c2)N1c1cc(Cl)cn(C2CC(O)(CO)C2)c1=O,中毒,39.425797,13.503714
O=C(c1c(F)cccc1OCCC1c2c(-c3cn[nH]n3)cc3c([nH]c4ccccc43)c21)N1CCOC(CCN2CCOCC2)C1,中毒,9.271882,41.939644
O=C1c2cc(-c3cn[nH]n3)n(C3CCCC3)c2C(c2ccc(Cl)cc2)N1c1cc(Cl)cn(C2CC(O)(CO)C2)c1=O,中毒,19.24008,13.503714
O=c1c(N2Cc3nc(-c4c[nH]c5nnnn45)nc(-c4cn[nH]n4)c3C2c2ccco2)cc(Cl)cn1C1CC(O)(CO)C1,中毒,6.5129967,13.503714
O=C1C(Br)=C(Nc2ccc(F)cc2F)Cc2cc(-c3cn[nH]n3)n(-c3ccc(F)cc3)c21,中毒,16.88515,20.536428
Fc1ccc(-n2c(-c3cn[nH]n3)cc3c2C(c2ccc(Cl)cc2)N(c2cc(Cl)cs2)C3c2ccc(Cl)s2)c(F)c1,中毒,28.501118,20.876442
O=c1c(N2Cc3cc(-c4cn[nH]n4)n(-c4ccc(F)cc4F)c3C2c2ccc(Cl)cc2)cc(Cl)cn1C1CC(O)(CO)C1O,中毒,15.763229,11.513729
Fc1c(Cl)ccc(C2Cc3cc(-c4cn[nH]n4)nc(-c4c(Cl)cccc4Cl)c3CN2)c1Cl,中毒,60.531456,10.1140785
O=c1c(N2C(=S)c3cc(-c4cn[nH]n4)c(-c4ccc(Oc5ccc(F)cc5Cl)cc4)nc3C2c2ccc(Cl)cc2)cc(Cl)cn1C1CC(O)(CO)C1,中毒,13.216523,37.584106
c1cc2[nH]cc(-c3ccc(N4CCc5ccc(-c6cn[nH]n6)nc5C4)cn3)c2s1,中毒,30.855125,14.1463
O=C1c2cc(-c3cn[nH]n3)n(-c3ccc(Cl)cc3I)c2C(c2ccc(Cl)cc2)N1c1cc(Cl)cn(C2CC(O)(CO)C2)c1=O,中毒,14.882899,11.513729
Fc1cc2c(cc1Cl)CCC1(c3cc(Cl)ccc3F)c3c(cc(-c4cn[nH]n4)cc3-c3c(Cl)cccc3Cl)CN(Cl)C21,中毒,16.83937,19.491573
O=c1c(N2C(c3ccsc3)c3cc(-c4cn[nH]n4)n(-c4ccccc4)c3C2c2ccc(Cl)cc2)cc(Cl)cn1Cl,中毒,28.622856,14.026334
NC(=O)c1nn(Cc2ccccc2)c2c1CC(C1CCOCC1)Cc1ccc(C3=C4C=C(c5cn[nH]n5)C=C4C3)nc1-2,中毒,14.099227,36.56022
Fc1cc(Br)ccc1C1c2c(cc(-c3cn[nH]n3)n2-c2ccc(Cl)cc2COc2cncnn2)CC2=NC(c3ccc(Cl)cc3)CN21,中毒,12.63449,15.883963
COc1cc(F)ccc1C1c2cc(-c3cn[nH]n3)cc(-c3c(Cl)cncc3Cl)c2C(c2ccc(Cl)cc2)N1c1cc(Cl)cn(C2CC(O)(CO)C2)c1=O,中毒,14.0745,13.503714
O=C1c2cc(-c3cn[nH]n3)nc(SC3CC3)c2C(c2ccc(Cl)cc2)N1c1cc(Cl)cn(C2CC(O)(CO)C2)c1=O,中毒,15.809174,12.110745
Clc1ccc(C2c3cc(-c4cn[nH]n4)n(-c4ccc(Cl)cc4Cl)c3C(c3ccc(Cl)cc3)N2c2cc(Cl)cs2)cc1,中毒,39.064312,15.210127
O=c1c(N2Cc3cc(-c4cn[nH]n4)n(-c4ccc(Br)cc4)c3C2c2ccc(C(F)(F)F)cc2)cc(Cl)cn1C1CC(CO)C(O)C1O,中毒,24.385923,11.513729
O=C1c2cc(-c3cn[nH]n3)n(-c3cc(OCC(F)(F)F)c(F)cc3F)c2C(c2ccc(Cl)cc2)N1c1cc(Cl)cn(C2CC(O)(CO)C2)c1=O,中毒,23.909687,13.466203
Clc1cccc(Cl)c1-c1cc(-c2cn[nH]n2)cc2c1CC(N1CCOCC1)C2,中毒,21.007586,33.016354
c1[nH]nnc1-c1cn[nH]n1,高毒,170.21751,57.257942
O=C1C(=S)NC2=C1C=C(c1cn[nH]n1)C(=O)N(c1cc(Cl)cn(C3CC(O)(CO)C3)c1=O)C2c1ccc(Cl)cc1,中毒,26.001686,41.98095
Nc1ncnc2c3c(c(-c4cncnc4)c(C4CC4c4ccc(OC(F)F)cc4)c12)C=C3c1cn[nH]n1,中毒,8.131498,32.180103
O=C1c2cc(-c3cn[nH]n3)c(=O)c3ccc(Cl)cc3c2C(c2ccc(Cl)cc2)N1c1cc(Cl)cn(C2CC(O)(CO)C2)c1=O,中毒,7.487971,22.6077
c1nn(-c2cn[nH]n2)cc1C1=NCCCS1,低毒,53.938904,73.04973
O=c1n(C2CC=CC2)nc(-c2cccc(-c3cccs3)c2)c2c(-c3cn[nH]n3)ncn12,中毒,74.587,45.065926
Fc1cc(-c2cn[nH]n2)ccc1OC1CCN(c2ncnc3[nH]ccc23)C1,中毒,40.293953,71.09689
O=P1(O)SCc2cc(-c3cn[nH]n3)n(-c3ccccc3)c21,中毒,23.428625,18.704395
IC1=CC(I)=C2C1=c1ccoc1=C2c1cn[nH]n1,中毒,10.210621,55.522396
Fc1c(-c2cn[nH]n2)cc2c(c1-c1ccnc(Cl)c1)-c1cc(COc3ccc4nonc4n3)ccc1-2,低毒,13.369152,16.134289
FC(F)(F)CN1CCC(n2cc(-c3cc4ncc(-c5cn[nH]n5)cc4c(C4CCN(C5CCOCC5)CC4)c3-c3ccc(Oc4ccccc4)cc3)cn2)CC1,中毒,3.3538034,64.41097
O=C(C1CC(c2cn[nH]n2)CN1c1ncc2c(n1)-c1cc(Cl)cnc1OC2c1cn(C2CC2)c2cnccc12)N1CCCCC1,中毒,62.34429,18.345097
O=[N+]([O-])c1cccc2sc(C3=C4N=C(c5cn[nH]n5)C=C4CC3c3ccc4c(c3)OCO4)cc12,中毒,43.205147,22.674091
O=C1C2=C(c3cc2nn3-c2cn[nH]n2)C(c2ccc(Cl)cc2Cl)(c2ccc(Cl)cc2C(F)(F)F)N1N=Cc1cccnc1,中毒,18.641792,48.2038
O=S1(=O)CCN2C(CO)C(c3ccc4c(c3)OCO4)C(c3nc4cc(Cl)c(Cl)cc4[nH]3)=C3C=C(c4cn[nH]n4)C=C3C21,中毒,46.08258,14.210664
O=P(O)(O)N(c1ccc(C2CCNC2)cn1)C(c1cn[nH]n1)c1cc2c(s1)CCOC2,中毒,5.90608,16.569883
O=C1c2cc(-c3cn[nH]n3)nc(Oc3ccc(Cl)cc3)c2C(c2ccc(Cl)cc2)N1c1cc(Cl)cn(C2CC(O)(CO)C2)c1=O,中毒,6.6767583,13.503714
O=S(=O)(c1ccc(Cl)c(Cl)c1)N1CCC(N2CCC(c3ccc(-c4ccc(C#CC5(O)CCOCC5)cc4)cc3)=C(c3cn[nH]n3)CC2)CC1,中毒,21.34866,20.720354
ClCC1CN(CC2CCN(c3cn[nH]n3)CC2)CCO1,高毒,100.6987,67.41741
O=C1c2cc(-c3cn[nH]n3)n(-c3ccc(Cl)cc3F)c2C(c2ccc(Cl)cc2)N1c1cc(Cl)cn(C2CC(O)(S)C2=O)c1=O,中毒,25.244574,11.513729
O=c1c(N2C(O)c3cc(-c4cn[nH]n4)n(-c4ccc(F)cc4)c3C2c2cccnc2)cc(Cl)cn1C1CC(O)(CO)C1,中毒,26.991571,12.110745
OC1CCN(c2nc3c(cc2Cl)C(c2ccc(C(F)(F)F)cc2)=C(I)Cn2nc(-c4cn[nH]n4)cc2-3)C1,中毒,26.301718,18.769606
Clc1cnc(C2CC2)c(N2CCc3cc(-c4cn[nH]n4)nc(N4CCN(C5COC5)CC4)c3C2)c1,中毒,7.5706396,24.206022
OC(CN1Cc2nc(-c3cn[nH]n3)cc(-c3ccn[nH]3)c2C1)CC12CC3CC(CC(C3)C1)C2,中毒,48.83784,37.350693
O=C1Cc2cc(-c3cn[nH]n3)n(-c3ccc(Br)cc3)c2C(c2ccc(Cl)cc2)N1c1cc(Cl)cn(C2C=C(I)C(O)(Br)C2)c1=O,中毒,29.54402,34.717995
C1#Cc2c(cc(-c3cn[nH]n3)cc2-c2ccncc2)Cc2[nH]ccc21,高毒,34.43615,16.086182
O=c1c(N2Cc3cc(-c4cn[nH]n4)cc(-c4c(Cl)cccc4Cl)c3C(c3ccc(Cl)cc3)C2c2ccc(Cl)cc2)cc(Cl)cn1C1CC(O)C(O)C1,中毒,22.081963,18.206211
Clc1ccc(-c2cc3sccc3c3c2CC(c2cn[nH]n2)=C3)c(N2CCC2)c1,中毒,33.360603,26.539238
CC1(O)CCC(n2cc(Cl)cc(N3C(=O)c4cc(-c5cn[nH]n5)n(-c5ccc(Cl)cc5)c4C3c3ccc(Cl)cc3)c2=O)C1,中毒,31.338547,11.513729
C1=C(c2cn[nH]n2)c2cc(-n3ccc4c3NN=C(c3ccco3)C4)ccc2Cn2ccc(-c3cnc4[nH]ccc4n3)c21,中毒,30.237326,24.535751
O=C1c2cc(-c3cn[nH]n3)nc(-c3cc(Cl)cc(Cl)c3)c2C(c2ccc(Cl)cc2)N1c1cc(Cl)cn(C2CC(O)(CO)C2)c1=O,低毒,7.4282966,12.110745
Fc1cccc(F)c1C1=NN(c2cc3ncnc(-c4ccc(Cl)c(Cl)c4)c3cc2-c2cn[nH]n2)C1,中毒,2.275246,23.468723
O=C(OCCCOC(=O)N1CCN(c2ccc(Nc3cnc4nc5ccc(-c6cn[nH]n6)cc5c-4cn3)cc2)CC1)c1ccc(Cl)cc1,中毒,9.275457,22.923244
OCc1c(C(N2CCc3nc(-c4cn[nH]n4)sc3C2)n2ccnc2)ccc(Cl)c1Cl,中毒,135.50339,36.67458
c1ccc2c(-c3cn[nH]n3)c3c(nc2c1)CN(Cc1nc(-c2ccc(-n4ccnn4)cc2)co1)C3,中毒,2.7960093,25.639317
Fc1cnc(N2CCc3nc(-c4cn[nH]n4)nc(OCc4ccon4)c3C2)nc1,中毒,22.330173,35.13706
OCC1=c2ccc(c3cc(Br)ccc23)=NN1c1cn[nH]n1,高毒,34.17841,15.591581
Fc1cc2sc(N3CC(c4cn[nH]n4)C3)nc2cc1Cl,微毒,68.07235,66.66044
O=C1Nc2cccc(Cl)c(c2=O)C12c1cc(-c3cn[nH]n3)n(-c3cc(Cl)cc(Cl)c3)c1C(c1ccc(Cl)cc1)N2c1ccc(Cl)cc1,中毒,17.475342,20.807077
Brc1ccc2c(c1)CC(c1cn[nH]n1)=CC1=C2Cc2c(cccc2-c2cccnc2)N=N1,中毒,36.597187,40.74048
O=C1c2cc(-c3cn[nH]n3)n(-c3ccc(Cl)cc3Cc3ccc(Cl)c(Cl)c3)c2C(c2ccc(Cl)cc2)N1c1cc(Cl)cn(C2CC(O)(CO)C2)c1=O,中毒,14.882899,11.513729
O=C1c2nc(-c3cn[nH]n3)nc(-c3ccnc4[nH]ccc34)c2C(c2cccc(Cl)c2)N1c1cc(Cl)cn(C2CC(O)(CO)C2)c1=O,中毒,16.880064,13.466203
O=C1c2cc(-c3cn[nH]n3)n(-c3ccc(Cl)cc3Cl)c2CN1c1cc(Cl)cn(C2CC(O)(CO)C2)c1=O,中毒,4.9827113,11.513729
SC1=Nc2nc(-c3ccnc(-c4c[nH]c5ccc(Cl)cc45)c3)c(c3c2C(c2cn[nH]n2)=N3)CC1C1=NCCC1,中毒,19.591078,13.507514
FC(F)(F)c1ncc(I)c2nc(-c3cn[nH]n3)c(-c3ccc4oc(C5CC5)cc4c3)cc12,中毒,24.437138,109.06398
O=C(O)c1cn(C2CC2)c2c(-c3c(CF)c(OCC4CCC4)cc4c3CCc3sc(-c5cn[nH]n5)nc3-4)nc(-c3cn[nH]c3)cc2c1=O,中毒,41.952656,14.2372675
Fc1cc(Cl)ccc1-c1ncnc2cc(OC3COC3)c(-c3cn[nH]n3)cc12,中毒,4.976275,85.08037
O=C1c2cc(-c3cn[nH]n3)n(-c3ccc(Cl)c(Cl)c3)c2C(c2ccc(Cl)s2)N1c1cc(Cl)cn(C2CC(O)(CO)C2)c1=O,中毒,15.111123,11.513729
Fc1ccc(-n2c(-c3cn[nH]n3)cc3c2C(c2cccc(Cl)c2)N(c2ccc(Cl)c(Cl)c2)C3)c(F)c1,低毒,21.327534,23.107658
O=C1c2nc(-c3cn[nH]n3)c(N3CCOCC3)nc2C(c2ccc(Cl)cc2)N1c1cc(Cl)cn(C2CC(O)(CO)C2)c1=O,中毒,16.921463,13.503714
FCCOCOc1cc(Cl)ccc1C1c2cc(-c3cn[nH]n3)n(-c3ccc(F)cc3F)c2C(c2ccc(Cl)cc2)n2nc(-c3ccc(Br)cc3)cc21,中毒,25.038261,15.502344
c1cc(-c2nnsc2OC2CCOCC2)ccc1-c1cc2c(cn1)CCc1sc(-c3cn[nH]n3)cc1-2,中毒,36.140438,14.8981285
O=c1c2c3c(sc2nc(-c2cn[nH]n2)n1-c1ccc(Cl)c(F)c1)CC(NCc1ccc(Cl)cc1Cl)C3,中毒,15.736784,24.67719
Clc1ccc(C2C(c3cn[nH]n3)NC3COCNC32)s1,低毒,69.58406,37.17356
O=C(O)c1cn(C2CC2)c2cc(-c3cn[nH]n3)c(F)cc2c(=O)c1=O,中毒,13.554535,18.643522
O=C1c2cc(-c3cn[nH]n3)c(=O)n(-c3ccc(Cl)c(Cl)c3Cl)c2C(c2ccc(Cl)cc2)N1c1cc(Cl)cn(C2CC(O)(CO)C2)c1=O,中毒,51.50488,12.110745
O=C1c2cc(-c3cn[nH]n3)c(=O)n(-c3cc(F)ccc3F)c2C(c2ccc(Cl)cc2)N1c1cc(Cl)cn(C2CC(O)(CO)C2)c1=O,中毒,32.17651,12.110745
O=S(=O)(c1ccc(F)cc1)C1(c2ccccc2)C2CNC2(c2cc(-c3cn[nH]n3)cs2)CN1c1cc(F)c(F)c(F)c1,中毒,53.18432,14.0600395
O=S(=O)(c1cccnn1)N1CCC(N2CCCC(C3=C4N=c5cnc(-c6ccc7c(c6)OCO7)cc5=C4N=C3c3cn[nH]n3)C2)CC1,中毒,28.444283,18.318035
Fc1ccc2cc3cnn4ncc(I)c4c4cc(-c5cn[nH]n5)c3cc4c2c1,中毒,1.946094,61.654484
O=C1c2cc(-c3cn[nH]n3)cc(-c3c(Cl)cccc3Cl)c2CC(c2cc(Cl)cc(Cl)c2)N1c1cc(Cl)cn(C2CC(O)(CO)C2)c1=O,中毒,22.081963,19.79431
O=c1c(N2Cc3cc(-c4cn[nH]n4)c(-c4ccc(F)cc4F)c(=S)n32)cc(Cl)cn1C1(CO)COC1,中毒,44.18146,41.98095
O=c1c(N2Cc3nc(-c4cn[nH]n4)nc(-c4cc(I)cc(C(F)(F)F)c4)c3C2c2cccc(Cl)c2F)cc(Cl)cn1C1CC(O)C(O)(CO)C1,中毒,4.7554145,13.466203
Fc1ccc(C2c3nc(-c4cn[nH]n4)sc3CN(C3(N4CCCCO4)CC3)C2c2cccc(F)c2F)cc1,中毒,52.11767,53.290234
O=C1c2cc(-c3cn[nH]n3)n(-c3ccc(Br)cc3F)c2C(c2ccc(Cl)cc2Cl)N1c1cc(Cl)cn(C2CC(O)(CO)C2)c1=O,中毒,15.540574,11.513729
O=S(=O)(Nc1ccncn1)c1ccc(Oc2cc3c(cc2Cl)-c2c-3cc(-c3cn[nH]n3)n2-c2ccc(F)cc2)c(-c2cncn2-c2cccnc2)c1,中毒,21.954885,17.726078
O=c1c(N2Cc3nc(-c4cn[nH]n4)c(-c4cccnc4)c(-c4ccsc4)c3C2c2ccc(Cl)cc2)cc(Cl)cn1C1CC(O)(CO)C1,中毒,23.696735,12.110745
O=C(C1C(c2ccc(Cl)cc2)c2c3sc(c2-c2nncs2)N=C(c2cn[nH]n2)N31)N1CCN(c2ccccn2)CC1,中毒,27.47582,17.374432
O=C1c2cc(-c3cn[nH]n3)n(-c3ccc(Cl)cc3)c2C(c2ccc(Cl)cc2)N1c1cc(Cl)c[nH]c1=O,中毒,22.121504,14.026334
O=C1c2cc(-c3cn[nH]n3)c(=O)n(-c3cn(-c4ccc(CO)cc4)nn3)c2C(c2ccc(Cl)cc2)N1c1cc(Cl)cn(C2CC(O)(CO)C2)c1=O,中毒,51.258514,12.087409
OCC1CN(Cc2c[nH]cn2)CC(C=C2c3cc(-c4cn[nH]n4)nc(NC4CCOCC4)c3CN2C2CCOCC2)O1,中毒,13.039279,11.885141
O=C1c2cc(-c3cn[nH]n3)n(-c3ccc(Cl)cc3Cl)c2C(c2ccc(Cl)cc2)N1c1cc(Cl)cn(C2CC(O)C(Cl)C2)c1=O,中毒,36.175117,11.513729
O=C1c2cc(-c3cn[nH]n3)nc(N3CCCC3)c2C(c2ccc(Cl)cc2F)N1c1cc(Cl)cn(C2CC(F)(F)C2)c1=O,中毒,5.4784803,14.0600395
c1cc2c(cc1OCC1CN(c3nc4c(cc3-c3cn[nH]n3)CCC4)CCN1)CCN(C1CCO1)CC2,中毒,10.985839,15.680837
Clc1ccc(COc2nc(Nc3cccc(Oc4cccnc4)c3)c(Br)c3c2c2cc(Cl)ccc2n3-c2cn[nH]n2)cc1,低毒,11.943802,11.045481
CC1(C)CCC(CF)(CF)c2c1c(-c1cn[nH]n1)cc1[nH]c(-c3cnn(-c4ccccc4)c3Br)cc(=O)c21,中毒,38.964783,77.55117
O=C1C(=O)N(C2CCCN(c3nsc(-c4ccc5c(c4)OCCO5)n3)CC2)C=C1c1cn[nH]n1,低毒,23.905783,48.592335
c1coc(-c2nc(-c3cc(N4CCOCC4)c4cc5sc(-c6cn[nH]n6)cc5cc4c3)no2)c1,中毒,15.267118,36.2048
ON1C(c2ccc(Cl)cc2)c2cc(-c3cn[nH]n3)c(=Nc3cc(-c4ccsc4)on3)[nH]c2C1c1ccc(Br)cc1,中毒,69.104645,21.854979
O=C1c2cc(-c3cn[nH]n3)n(-c3cc(Cl)c(F)cc3F)c2C(c2ccc(Cl)cc2)N1c1cc(Cl)cn(C2CC(O)(CO)C2)c1=O,中毒,12.488247,11.513729
O=C1C2CC(O)(CO)Cc3cc(-c4cn[nH]n4)n(-c4ccc(Cl)cc4)c3C(c3ccc(Cl)cc3)N1c1cc(Cl)cn2c1=O,中毒,19.24008,16.862432
O=C1c2cc(-c3cn[nH]n3)n(-c3ccccc3)c2C(c2ccc(-c3ccccc3)cc2)N1c1cc(Cl)cn(C2CC(O)(CO)C2)c1=O,中毒,14.679499,11.513729
O=c1c(N2C3=NCCCC3c3cc(-c4cn[nH]n4)n(-c4ccc(Cl)cc4F)c3C2c2ccc(Cl)cc2)cc(Cl)cn1C1CC(O)(CO)C1,中毒,20.18954,16.444231
O=C1c2cc(-c3cn[nH]n3)c(-c3ccsc3)nc2C(c2cccnc2)N1c1cc(Cl)cn(C2CC(O)(CO)C2)c1=O,中毒,13.216523,12.087409
C1=C(c2cn[nH]n2)N=c2c1c(-c1cn[nH]c1C1CC1)n1nc(-c3cn[nH]c3)cc21,中毒,19.402664,15.751105
O=c1c(N2Cc3cc(-c4cn[nH]n4)cc(-c4cnn(-c5ccncc5)c4)c3C2c2ccc(Cl)cc2)cc(Cl)cn1C1CC(O)(CO)C1,中毒,9.036046,15.303033
O=C1c2cc(-c3cn[nH]n3)n(-c3cc(F)c(Cl)cc3F)c2C(c2cccnc2)N1c1cc(Cl)cn(C2CC(O)(CO)C2)c1=O,中毒,12.488247,11.513729
O=C1c2cc(-c3cn[nH]n3)n(-c3ccc(F)cc3-c3ccc(F)cc3F)c2C(c2ccc(Cl)cc2)N1c1cc(Cl)cn(C2CC(O)(CO)C2)c1=O,中毒,12.488247,11.513729
Clc1cccc(Cl)c1-c1cc(-c2cn[nH]n2)cc2c1CCNC2,中毒,14.553352,97.95479
O=C1c2cc(-c3cn[nH]n3)n(-c3ccc(Cl)cc3)c2C(c2cccnc2Cl)N1c1cc(Cl)cn(C2CC(O)C(O)C2)c1=O,中毒,38.99518,11.513729
Fc1cccc(F)c1C1=c2nc(Nc3cscn3)nc(OC3CCOC3)c2=CC(c2cn[nH]n2)=CC2=C1C(c1ccc3scnc3c1)N(CC(F)F)C2,中毒,32.65125,21.499628
N#Cc1ccc(OC2CCC(N3Cc4cc(-c5cncnc5)c(-c5cn[nH]n5)cc4C3)CC2)nc1,中毒,26.179508,61.17359
O=c1c(N2Cc3cc(-c4cn[nH]n4)cc(-c4c[nH]c5cc(N6CCOCC6)ccc45)c3C2c2ccc(Cl)cc2)cc(Cl)cn1C1CC(O)(CO)C1,中毒,9.954332,15.303033
c1cncc(-c2nc(NC3CC3)nc3sc(-c4cn[nH]n4)cc23)c1,中毒,120.070496,23.638176
O=c1c(N2C(O)c3cc(-c4cn[nH]n4)n(-c4ccc(F)c(Cl)c4F)c3C2c2ccc(Cl)cc2)cc(Cl)cn1C1CC(O)(CO)C1,中毒,26.991571,12.110745
O=c1c(N2Cc3cc(Cl)c(Cl)cc4cc(c(Oc5cccnc5)n3)-n3c(-c5cn[nH]n5)cc-4c3C2c2ccc(Cl)cc2)cc(Cl)cn1C1CC(O)(CO)C1,中毒,36.83937,12.110745
Fc1ccc(Oc2cccc3c2cc(-c2ccsc2)c2cnc(-c4cn[nH]n4)cc23)c(F)n1,中毒,6.1736765,37.9686
O=C1c2cc(-c3cn[nH]n3)n(-c3ccc(Br)cc3F)c2C(c2ccc(Cl)c(Cl)c2)N1c1cc(Cl)cn(C2CC(O)(CO)C2)c1=O,中毒,15.540574,11.513729
Clc1ccc(C2c3c(nc(-c4cn[nH]n4)c(Nc4ccnc(C5CC5)c4)c3-c3ccsc3)N2c2ccc(Cl)cc2)cc1,中毒,6.126509,17.54973
Clc1ccc(C2c3nc(-c4cn[nH]n4)sc3C(c3cc(Cl)ccc3Cl)N2c2cc(Cl)sc2Cl)cc1,中毒,21.947083,30.912346
O=C1c2cc(-c3cn[nH]n3)n(-c3cc(Cl)cc(Cl)c3)c2C(c2ccc(Cl)cc2)N1c1cc(Cl)cn(C2CCC(O)CC2)c1=O,中毒,31.338547,11.513729
O=C1c2cc(Oc3ncc(-c4cn[nH]n4)cn3)c(Br)cc2OCC1COc1ccnc(C2CCCCC2)c1,中毒,14.974122,35.00063
Brc1ncccc1-c1c(-c2cn[nH]n2)cc2nc1SCC2,中毒,11.480757,21.293478
OC1CN(c2cc(-c3cnn(CC4Cc5ccccc5C4)c3)nc3cc(-c4cn[nH]n4)c(C4CC=CCC4)cc23)CC1OCCF,中毒,41.61361,13.677804
O=C1c2cc(-c3cn[nH]n3)n(-c3ccc(F)cc3)c2C(c2ccc(Cl)cc2)N1c1cc(Cl)cn(C2Cc3ccccc3C2)c1=O,中毒,22.121504,14.026334
FC(F)(F)c1onc(Cn2cnnn2)c1-c1ccc2[nH]nc(-c3nc(-c4cn[nH]n4)cs3)c2c1,中毒,39.4564,11.893323
Fc1ccc(NC(=S)Nc2ccc3c(c2)OCc2sc(-c4cn[nH]n4)nc2-3)cc1Cl,低毒,14.713351,22.900215
Brc1cnn(-c2ccc(CNC3Cc4nc(-c5cc(-c6cn[nH]n6)cs5)nn4C3)cc2)c1,低毒,7.1251144,13.366246
O=C1c2sc3nc(-c4cn[nH]n4)n(-c4ccc(C5CC5)c(F)c4)c(=O)c3c2C(c2ccc(Cl)cc2F)N1c1cc(Cl)cn(C2CC2)c1=O,中毒,47.20036,14.0600395
N#Cc1c(-c2cn[nH]n2)cc2n(c1=S)C(c1ccc(Cl)cc1)N(c1cc(Cl)cn(C3CC(O)(CO)C3)c1=O)C2,中毒,51.50488,101.07964
FC1CN1Cc1cc(-c2cn[nH]n2)c[nH]1,中毒,38.44242,45.48688
O=C1c2cc(-c3cn[nH]n3)n(-c3cc(F)c(Cl)cc3Cl)c2C(c2ccc(Cl)cc2)N1c1cc(Cl)cn(C2CC(O)C(O)C2)c1=O,中毒,18.205946,11.513729
Clc1ccc(-n2c(-c3cn[nH]n3)cc3c2C(c2ccc(Br)cc2)N(c2csc(Cl)c2)C3)cc1,中毒,37.139153,23.107658
Fc1cnc(OC2CCOCC2)cc1N1Cc2cc(-c3cn[nH]n3)cc(-c3nc(-c4ccccc4)cnc3N3CCOCC3)c2C1,中毒,180.13687,16.269852
O=C1c2nc(-c3cn[nH]n3)n(-c3ccc(Oc4ccc(F)cc4)cc3)c2C(c2ccc(Cl)cc2)N1c1cc(Cl)cn(C2CC(O)(CO)C2)c1=O,中毒,23.043425,34.717995
O=S(=O)(c1cccc(C(F)(F)F)c1)N1CC2(c3cn[nH]n3)C=C(CC2)C1c1cccs1,中毒,33.227478,14.026334
O=C1c2cc(-c3cn[nH]n3)n(C(CF)CF)c2C(c2ccc(Cl)cc2F)N1c1cc(Cl)cn(C2CC(O)(CO)C2)c1=O,中毒,19.24008,13.503714
O=c1c(N2Cc3cc(-c4cn[nH]n4)cc(-c4cnn5ncccc45)c3C2c2ccc(Cl)cc2)cc(Cl)cn1C1CC(O)(CO)C1,中毒,9.954332,18.239529
C1=C2CC3(CC3)C(c3c(-c4cc5ccccc5o4)cnc4cnc(N5CCNCC5)cc34)=C2C=C1c1cn[nH]n1,中毒,20.348928,86.377075
O=C1c2cc(-c3cn[nH]n3)nc(NCc3ccnc(Cl)c3F)c2C(c2cccc(F)c2)N1c1cc(Cl)cn(CC2CC(O)(CO)C2)c1=O,中毒,7.8750753,8.2014885
O=C1N(c2cc(Cl)cn(C3CC(O)(CO)C3)c2=O)C(c2ccc(Cl)cc2)c2c(-c3ccncn3)c(-c3cn[nH]n3)cn21,中毒,17.171513,15.303033
O=C1c2cc(-c3cn[nH]n3)c(-c3ccccc3F)n2C(c2ccc(Cl)cc2)N1c1cc(Cl)cn(C2CC(O)(CO)C2)c1=O,中毒,32.68572,13.503714
FC1(F)CC(n2ccc(N3Cc4cc(-c5cn[nH]n5)cc(-c5cn(CCN6CCC6)nn5)c4C3c3ccc(Cl)cc3)c2)C1,低毒,48.494865,11.530586
O=C1c2cc(-c3cn[nH]n3)nn2CC(c2ccc(Cl)cc2F)(C(F)(F)F)N1c1cc(Cl)cn(C2CC(O)(CO)C2)c1=O,中毒,23.909687,13.466203
O=Cc1c(-c2ccc3c(n2)NCCC3)c(-c2ccoc2)nc2cc(OCCOc3ccnc4cc(-c5cn[nH]n5)cnc34)ccc12,中毒,24.142664,45.04887
c1ccc2oc(Sc3cn[nH]n3)cc2c1,微毒,198.87106,123.06468
Fc1cc(Cl)ccc1-n1c(-c2cn[nH]n2)cc2c1C1=C(C2)N2CCOCC2(F)C1(F)F,中毒,8.984515,35.111286
O=C1c2cc(-c3cn[nH]n3)c(N3CCOCC3c3cc(Cl)ccc3F)c(OCC3CCCO3)c2N1c1cc(Cl)cn(C2CC(O)C(O)C2)c1=O,中毒,59.929935,13.503714
c1cc(-c2cn[nH]n2)cs1,高毒,16.836678,12.325373
O=C1c2nc(-c3cn[nH]n3)nc(Nc3cccc(Cl)c3)c2C(c2ccc(Cl)cc2)N1c1cc(Cl)cn(C2CC(O)(CO)C2)c1=O,中毒,16.880064,13.466203
NC1c2c(cc(-c3cn[nH]n3)cc2-c2c(Cl)cccc2Cl)C(=O)N(c2cc(Cl)cn(C3CC(O)(CO)C3)c2=O)C1c1ccc(Cl)cc1,中毒,22.081963,18.239529
OC1CCC(n2cc(-c3cc4c(Cl)cc3Cc3c(cc(-c5cn[nH]n5)n3-c3ccc(Cl)cc3F)CC4c3ccc(Cl)cc3Br)cn2)CC1O,中毒,4.514193,37.554005
O=C1c2cc(-c3cn[nH]n3)n(-c3ccc(C(F)(F)F)cc3)c2C(c2ccc(Cl)cc2)N1c1cc(Cl)cn(C2CCC(O)(CO)C2)c1=O,中毒,14.882899,11.513729
c1sc(-c2cnoc2)cc1-c1cc2c(cn1)OCc1sc(-c3cn[nH]n3)cc1-2,中毒,18.691555,31.345404
O=P1(O)CCc2c(cc(-c3cn[nH]n3)cc2-c2c(Cl)cccc2Cl)CN1c1cc(Cl)ccc1F,中毒,9.519202,73.12707
O=S(=O)(c1cccc2c(-n3cnnc3)c(-c3cccnc3)nnc12)N1CCC(C2=CC(c3ccc(Cl)cc3)=C2c2cn[nH]n2)CC1,中毒,37.874557,38.206467
O=c1ccn(CC2CC3=CC(OCc4ccc5ccccc5n4)=CC=[N+]([O-])c4cc(-c5cn[nH]n5)cc3c4C2)c(=O)[nH]1,中毒,6.207588,31.750135
O=C1NC(=O)C2(C(=O)N1)C(c1ccc(Cl)cc1)N(c1ccc(Cl)cc1)c1c3cc(Cl)c(Cl)ccc(n1c(-c1cn[nH]n1)c3)C21CC1,中毒,18.577333,33.477055
O=c1c2c(n(-c3cn[nH]n3)c3cc(Cn4cnc5cccnc54)cc(F)c13)CCSC2c1ccccc1,低毒,27.990545,10.761566
Clc1ccc(-n2c(-c3cn[nH]n3)cc3c2-c2cc(NCCC4CC4)nc(-c4cnc5ccccc5c4)c2-3)cc1,中毒,3.7110066,49.662857
O=C(OCc1cncc(F)c1F)N1CCc2cc(-c3cn[nH]n3)cc(-c3cc4cc(CN5CCC(O)C5)ccc4o3)c2C1,中毒,11.581777,16.99954
FCCC#Cc1cc2c(c(N3CCOCC3)c1)Cc1ncc(-c3cn[nH]n3)cc1-2,中毒,72.75882,30.888742
O=C1c2cc(-c3cn[nH]n3)nc(-c3c(Cl)cncc3Cl)c2C(c2ccc(Cl)cc2)N1c1cc(Cl)cn(C2CC(O)(CO)C2)c1=O,低毒,7.4282966,12.110745
O=C1c2cc(-c3cn[nH]n3)n(-c3ccc(C(F)F)cc3)c2C(c2ccc(Cl)cc2)N1c1cc(Cl)cn(C2CC(O)C(O)C2)c1=O,中毒,14.882899,11.513729
O=C1c2cc(-c3cn[nH]n3)n(-c3c(F)cccc3F)c2C(c2ccc(Cl)cc2)N1c1cc(Cl)cn(C2CC(O)C2)c1=O,中毒,25.244574,11.513729
O=c1c(N2Cc3cc(-c4cn[nH]n4)cc(-c4cn[nH]c4)c3C2c2ccc(Cl)cc2)cc(Cl)cn1C1CC(O)(CO)C1,中毒,9.036046,11.733231
O=C1C(=Nc2cc(Cl)cc(Cl)c2Oc2cnc(Nc3cn[nH]c3)c(Cl)c2)ON=C1c1cn[nH]n1,中毒,18.558378,223.43117
O=C(Nc1ccsc1)OCc1ncc(Cl)c2c1Cc1c(-c3ccsc3)nc(-c3cn[nH]n3)nc1-2,中毒,18.838854,15.486349
O=C1c2cc(-c3cn[nH]n3)[nH]c2C(c2ccc(Cl)s2)N1c1cc(Cl)cn(C2CC(O)(CO)C2)c1=O,中毒,6.690411,11.513729
Brc1cnc2c(n1)nc(-c1cn[nH]n1)c1nc(CN3CCCCC3)[nH]c12,中毒,14.196059,59.03285
CSc1nc2c(s1)-n1nc(-c3cn[nH]n3)nc1CC1c3ccccc3C(=O)N(C2)C1O,中毒,46.08258,36.312145
Clc1cnc(Cl)c(N2CCc3cc(-c4cn[nH]n4)cc(-c4c(Cl)cccc4Cl)c3C2)c1,中毒,7.0936913,85.71136
O=S(=O)(c1ccc(F)cc1)N1CC(c2cc3cc(-c4cn[nH]n4)ccc3nc2O)CC12COCCO2,中毒,7.70147,9.719373
O=C1c2c(cc(-c3cn[nH]n3)n2-c2ccc(Cl)cc2F)CN1c1cc(Cl)cn(C2CC(O)(CO)C2)c1=O,中毒,33.083656,28.20462
O=C1c2nc(-c3cn[nH]n3)n(-c3ccc(F)cc3Br)c2C(c2ccc(Cl)cc2)N1c1cc(Cl)cn(C2CC(O)(CO)C2)c1=O,中毒,23.043425,34.717995
O=C1c2cc(-c3cn[nH]n3)n(-c3cc(Cl)cc(Cl)c3F)c2CC(c2ccc(Cl)cc2)N1c1cc(Cl)cn(C2CCS(=O)(=O)C2)c1=O,中毒,17.475342,14.3937645
O=c1c(N2Cc3cc(-c4cn[nH]n4)cc(-c4c(Cl)cccc4Cl)c3C2c2ccc(Cl)cc2)cc(Cl)cn1C1CC1(CO)CO,中毒,22.081963,9.912456
O=C1NCC2CCSN3C(c4ccc(Cl)cc4CN1CC2)c1cc(-c2cn[nH]n2)n(-c2ccc(Cl)cc2)c1C3c1ccc(Cl)cc1,中毒,69.68657,15.055594
