smiles,aureus_MIC,aureus_logMIC,n,pos,FEAT_COMPACT_0,FEAT_COMPACT_1,FEAT_COMPACT_2,FEAT_COMPACT_3,FEAT_COMPACT_4,FEAT_COMPACT_5,FEAT_COMPACT_6,FEAT_COMPACT_7,FEAT_COMPACT_8,FEAT_COMPACT_9,FEAT_COMPACT_10,FEAT_COMPACT_11,FEAT_COMPACT_12,FEAT_COMPACT_13,FEAT_COMPACT_14,FEAT_COMPACT_15,FEAT_COMPACT_16,FEAT_COMPACT_17,FEAT_COMPACT_18,FEAT_COMPACT_19,FEAT_COMPACT_20,FEAT_COMPACT_21,FEAT_COMPACT_22,FEAT_COMPACT_23,FEAT_COMPACT_24,FEAT_COMPACT_25,FEAT_COMPACT_26,FEAT_COMPACT_27,FEAT_COMPACT_28,FEAT_COMPACT_29,FEAT_COMPACT_30,FEAT_COMPACT_31,FEAT_COMPACT_32,FEAT_COMPACT_33,FEAT_COMPACT_34,FEAT_COMPACT_35,FEAT_COMPACT_36,FEAT_COMPACT_37,FEAT_COMPACT_38,FEAT_COMPACT_39,FEAT_COMPACT_40,FEAT_COMPACT_41,FEAT_COMPACT_42,FEAT_COMPACT_43,FEAT_COMPACT_44,FEAT_COMPACT_45,FEAT_COMPACT_46,FEAT_COMPACT_47,FEAT_COMPACT_48,FEAT_COMPACT_49,FEAT_COMPACT_50,FEAT_COMPACT_51,FEAT_COMPACT_52,FEAT_COMPACT_53,FEAT_COMPACT_54,FEAT_COMPACT_55,FEAT_COMPACT_56,FEAT_COMPACT_57,FEAT_COMPACT_58,FEAT_COMPACT_59,FEAT_COMPACT_60,FEAT_COMPACT_61,FEAT_COMPACT_62,FEAT_COMPACT_63
[NH3+]CCNC(C1=CN(C2=CC(C(C)(C)C)=CC(C(C)(C)C)=C2)N=N1)=O,16.0,1.204119983,10,10,-12.189119596077123,-15.09868266166108,9.887128250687999,8.93313341518529,-13.815304362966595,-10.267388613791178,1.538642696792275,17.265080586899188,11.183999178114728,-10.273965045120612,-15.377820089200021,-4.504866440914636,-10.807469227911051,-1.4024053653471977,5.373918332621842,-5.2451500679022525,4.259933854707802,0.9668092198118745,6.418048285722369,-3.5772041733211615,-0.49255208254238114,0.04227214178652303,-0.9027038741611587,-2.953237152663538,-0.29472646175586215,2.1601576745445685,1.519425674589971,-0.7243267341763274,0.05861574872481697,-0.9910641984185876,-1.0462231352114348,0.06212142017289335,-2.4682588017915785,3.9494179373639917,-0.33817165549296296,-2.026293893166892,0.05006799712728243,-0.26513716686554734,12.437348335719223,-2.9796713595426536,5.619017420073393,8.4828021732768,-0.717795733081517,-6.318952205599287,-1.4579924293646596,-2.3020988404721794,2.219565069509378,-0.06945743600658903,3.148304618087896,-2.406151996473534,-2.6080380040814215,7.119685415389981,-0.6360974807373543,1.8957176269845892,-2.542595111289689,-1.8150012800791337,0.5656696746765657,7.97845487809357,-0.46778736432235574,-1.0260310085235558,2.7914616743433665,2.1480998192370917,0.47375643165706055,2.7929380778363813
[NH3+]CCNC(C(N=N1)=CN1C2=CC=C(OCCCCCCC)C=C2)=O,4.0,0.602059991,10,10,-14.547669305276035,-17.976039912619203,7.49176119427409,10.100633656312574,-15.377193754972271,-7.076361539184827,3.7850223588697816,14.034931323900889,8.527064917719745,-3.6877921881510525,-9.615238069838826,-4.217939451037248,-5.198926382705933,0.3112929276602548,6.478765510058294,-3.1390877130146992,8.530954638065136,-4.598172655046713,2.8652289810290177,-0.16829914799948692,-1.036414841397522,-1.65805438480782,-1.403260475877019,-12.528497649850712,-13.984328874200866,2.948815359433657,10.683237371625996,4.656818412168238,-1.1434827127133704,-2.5054021219137512,-0.9735218654958784,0.3059276533163471,0.32873796204679256,-4.094305496950821,-0.20410373005270602,0.49483378908725123,-0.9505966983043315,2.0193928906795446,-9.469203784477745,2.4961087385945118,-3.917287882420168,-3.625711187952821,3.3652791687246415,6.4816311870083165,-0.6951937030679777,-2.7746880513228005,-3.114348173989102,4.870184130072647,1.1754960472696856,-2.6032845806961897,-3.5719102043251807,10.808650738382038,-6.411784007867988,0.3037690213004756,-4.908421224572505,-3.562410387403295,1.458271593075784,4.72445696292936,0.503016089498383,2.0233608239392193,0.7003068990583936,-0.9664296798576412,-0.8343035034025531,1.7665273259082297
NC(NCCNC(C(N=N1)=CN1C2=CC(C(C)(C)C)=CC(C(C)(C)C)=C2)=O)=[NH2+],8.0,0.903089987,10,10,-12.415383409845358,-15.033750380277041,11.00015524831185,9.677135628734717,-14.273041936944434,-10.121584157562992,1.1504278799636263,18.82930478258584,11.920223138732927,-10.240020198030352,-17.50888982792118,-4.6415488134503375,-12.726243532044606,-1.3956665238917296,7.036893372715325,-6.696293118184257,5.866419855646246,0.6472220543041017,7.8950944762667365,-5.237094962527049,0.09066271797182655,0.603246310577757,-1.8945440253337609,-2.9272776861776264,0.3987538746320332,3.0131277401992254,0.7610894038732379,-2.0549588558005225,0.4774753124223783,-1.4625738887829078,-1.0167209293274224,0.6947979654189638,-3.0258452523454338,2.3766027854951237,0.23026559719401804,-0.8948800697843954,0.7010863542350675,-2.372255176208871,11.508652756316495,-3.1605287152013046,4.6077757150760625,5.147870392989892,0.7780939640468376,-7.415331619916869,0.18312574840317541,-0.38639014735495614,2.54894054580957,-3.040877676334875,-0.17007622361594005,-1.1862837629227538,0.7291187360696865,-2.680336379034736,3.7221964188371692,0.2593363712065432,1.68918865927896,1.041394593557739,-0.45196473378873786,0.41484388795987426,-0.432487353211388,-2.156712451275142,1.0861430783218409,0.740286636722661,1.4172036422113126,0.5145702954637594
NC(NCCNC(C(N=N1)=CN1C2=CC=C(OCCCCCCC)C=C2)=O)=[NH2+],4.0,0.602059991,10,10,-14.663611324132207,-17.793310018435516,8.779071778004742,10.835690784884282,-15.732171013737466,-7.121946405852648,3.394232918937712,15.876442667572903,9.405055147582512,-3.7869603466667,-11.873204376472499,-4.5389809472026785,-7.216486859504126,0.45832971454882215,8.174782398166581,-4.771243490409351,10.071960118540206,-4.809318654246803,4.566607165203154,-1.9396491534374471,-0.5287832417733982,-1.0893191509095026,-2.2571618615178073,-12.378157998542198,-13.082850026530172,3.7769529782989726,9.75986425752116,3.1299263661953174,-0.7647477220893366,-2.93946216908731,-1.0748172590317744,0.9503825319387942,-0.04823198484027409,-5.696910030266847,0.4755132523995631,1.6416937667967988,-0.20734561497515974,0.15370819352276852,-10.136851323626292,2.1336045772629495,-4.779428428855907,-6.866314349638149,5.079539312556018,5.154259889319879,0.9446556424362534,-1.0534167573830575,-2.8608784039975013,1.898263608861196,-2.1728489040350154,-1.532207893458013,-0.2036362404034281,1.0435138449103794,-2.030199160597256,-1.3753802120818686,-0.7809201592671988,-0.6337677038328123,0.3207772970189858,-3.0082070290682217,0.5979896723429846,0.7346817569883214,-1.144317544876894,-2.293221398926058,0.1874387721802283,-0.7725381657726572
NC(NCCNC(C(N=N1)=CN1C2=CC=C(C=C2)OCC3=CC(C(C)(C)C)=CC(C(C)(C)C)=C3)=O)=[NH2+],8.0,0.903089987,2,2,-12.61467770266324,-18.043237061397893,9.47252255868106,8.968878147194946,-14.698326482412137,-4.500538681391181,3.1993511099177896,16.949843642778237,10.06241962999891,-5.9073399648111184,-15.559425387751306,-5.118282687213541,-11.422502699681534,-3.107538608645262,8.985267718413644,-5.171511467899468,8.117021223615083,-1.6897696282322097,7.673930828915137,-4.709451971106408,0.30183361268462117,-0.008158604676573988,-2.412964921314145,-5.542778585117171,-3.608886932096617,3.3128540074910533,4.8021381159940395,-3.2048700136216572,2.1036949886876815,-4.559013912248558,0.7099315591916086,1.731102402272104,-3.2109367435786047,-2.7707405879417326,1.2858300557552114,2.956463636095751,-0.29205872553938667,-4.899731393364092,1.4257758914195113,-1.1708761012492233,-0.5819520517594182,-3.8214178128626948,0.8956947954833238,-4.917655121982095,3.577001227719984,3.536611878113946,0.7877631878704036,-5.700098889201486,-4.119855766264471,3.479153542218114,7.66662426027637,-14.078897253137095,7.045403473128332,-0.6687566519094816,4.862496871498066,4.371202663466636,-2.626849545992966,-7.821891962128184,-0.22168814799093833,0.16649372944152988,-1.4835907595951656,0.8634785235005583,-0.6146113307152865,-2.38665572220511
C/C(C(N=N1)=CN1CC2=CC(C(C)(C)C)=CC(C(C)(C)C)=C2)=N/NC(N)=[NH2+],4.0,0.602059991,2,2,-0.16505554354917445,-8.140313831528541,-11.507312939012689,10.765470586437344,1.3553911597218753,-12.724186628949775,-3.815705215751405,10.65182814219036,5.685462523689998,-12.782825839189018,-6.956161498071513,-3.2598975815287483,-13.090512798647424,-0.7129583997822719,8.517584570115295,-5.9638921994839444,0.5288312782299759,2.3000300161089533,4.014867658706168,-4.459232053667302,3.4111805116552603,2.551525201379636,2.7722507368460376,26.814577614698013,23.213997114339413,-4.303252861857793,-14.458514440041936,-6.491034278464498,1.0215516190056229,-0.23152455455944723,4.057760549605678,0.32084586125794745,0.020112805606438366,-4.257198602861995,-0.08477138191866929,3.3293251928121808,0.5397449575799707,-0.013548275359753574,-14.8281889289852,2.3224166343456307,-6.981191012027123,-6.5469071934383285,3.5833706278648814,5.395316112616771,0.5144660498817735,1.0398282737216917,-2.785445943575832,-2.812353341820282,-1.5678984439086088,-2.12940048592503,4.343402049987645,0.7240318533665508,2.3387445084082654,0.935451154050687,-2.565809335425587,1.744920174437675,-1.2380641492462183,-0.9234534147716666,-0.3791318353946926,0.8015419514336556,3.9016172832840765,-0.4450859617323673,1.074398095343606,1.9456230633864924
C/C(C(N=N1)=CN1C2=CC(C(C)(C)C)=CC(C(C)(C)C)=C2)=N\NC(N)=[NH2+],4.0,0.602059991,10,10,-11.810180800328006,-10.908689449995915,8.592640467009696,9.238696801131383,-9.458342193354945,-10.32835116598929,1.2423459149834002,12.037368221053216,9.107742043630445,-13.589396646915887,-10.898674904655422,-3.4408026348639993,-11.288769223889162,1.8158879459520656,5.897818710552368,-5.243605491868765,0.8068776368586572,3.4037748917224646,7.491237095428647,-3.601663170860862,2.312581548698043,3.2366690507379126,1.1590839396129338,16.624461676209787,22.141529979529093,-5.664073033850693,-16.08590147820397,-4.702516785271752,0.08520894964826017,3.825191500408848,2.910214568061665,-1.2188425261896834,0.8885520777414019,3.7157754773239415,-1.8368823081394436,-1.3528793879802947,1.3679141909492556,1.6036583494446688,1.982489862717224,-0.08275264644726842,-0.22053540593694684,2.078632755118547,-5.773350891715905,1.4266189021109503,-2.513338027785083,1.4728834160004,0.3190716203906542,6.75946096174226,0.706938301084229,2.8997504106351317,-7.36593842160273,1.9014166436939275,-7.319231799915573,-2.812007355929973,2.318406282336297,-3.7654849224810745,2.181913883100977,0.5534688640137451,0.4609267568303394,0.5178550485798218,-6.254975108548627,-0.6743796407884962,-0.9268837504381006,-1.6209907312121135
O=P(O)(C[C@H](C(OCC)=O)OCC1=CN(CCCCCCCCCCCC)N=N1)OCCCNCC(C=C2)=CC=C2C3=CC=CC=C3,4.221,0.625415352,2,2,-1.6921076279969443,-3.6038552936323636,-8.410764909621525,1.021326631668253,8.41502840814052,-7.64268219828321,2.471517680957724,27.87627251270875,7.1567792720582,14.216973378214956,11.769742036135378,-6.429939885783587,21.49151385865066,31.056649486424423,18.316115268063243,13.735377149075674,19.182654520462428,6.38161872172177,-11.930854260772447,4.637767136532271,7.393104833991613,-3.0728026855526265,-1.6374512335449192,-1.1609524472818713,2.711163636868333,0.8146767194497668,-2.688683190548716,0.5183317399965623,-0.7099527157681625,0.8235719166879025,0.29920387844850715,-0.26204388649070137,1.8883453454652623,1.337613352251804,-0.6624008007125112,0.18847559859641777,-0.9081609306866019,0.20412660442376426,0.5366407953606204,-0.027428330328093213,0.5511659748785168,0.7839637886419926,-0.4126084986561079,-0.01681930299420702,0.49058385403894544,-0.43979317672840085,0.6200321656910005,0.2869128240403622,-0.2071238954662048,-1.0611930859233334,-0.42221674767752787,0.2767615309885674,0.2940925841438256,-0.4108582031930627,1.0628474009107782,5.195633853291242,6.2291119264737285,-1.2169464217405592,2.83059885800082,-1.4466577447875901,0.1847028213818524,0.8004072688187639,-0.357686316932002,2.7594546323897884
O=C(OCC)[C@H](OCC1=CN(CCCCCCCCCCCC)N=N1)CP(OCCCNCC2=CC=C3C=CC=CC3=C2)(O)=O,4.0572,0.608226417,1,1,-1.9013610565130896,-5.341544416485707,-8.697020845611895,0.4915237784327703,9.811058683663619,-7.067397406559139,1.6141939863308254,28.975985152083872,6.868920449349529,13.765459182892101,11.133765385579874,-6.352568607413013,20.751432041136866,30.23177832788157,17.16530718103427,13.2380605667557,19.157934497917275,5.3552191528232385,-12.40240970950978,5.5729724900538615,6.855063256053436,-3.011254630316135,-1.8585037464898895,0.3404419059112183,2.8645120851723656,1.5060054624580483,-1.8846482573693504,0.4907345254047793,0.28096451403380024,-0.9090348214872928,-1.3469192299606543,-0.4062891943577215,1.897096047587824,1.6906256321274973,-1.8282063518516563,-1.1013750705518077,-1.1668832905802042,1.1968822842672555,1.86602676421169,-0.23763230576437594,0.4659501598826804,1.015266645545095,0.24863617441547428,0.9798182322888754,0.09521800667241284,0.5724246260589357,0.7812674673753354,0.7347197112530333,-1.8608719268058493,-2.244288507038148,-2.56805608163596,2.4557361765340984,-0.7233866346580471,-1.8558023935781207,3.5251231639370264,17.972764554254873,20.125972009570397,-3.1770589715633615,8.70413214692663,-2.181392004886183,1.9073497664820218,0.41188578147595606,-0.8199552524656191,1.108561665780401
O=P(O)(C[C@H](C(OCC)=O)OCC1=CN(CCCCCCCCCCCC)N=N1)OCCCN(C)CC(C=C2)=CC=C2C3=CC=CC=C3,4.3092,0.634396651,2,2,-1.688060174029245,-3.2996879656242477,-7.570437414017118,-0.06033384340982155,9.015210138309957,-7.1732565840849345,3.2983779237907203,28.28861675993012,7.16624711346944,14.681865284854442,12.4698845999433,-6.805200286736863,22.440107608596133,30.99794535561219,17.231515314918404,12.921477463623422,18.03154470653453,6.747559012559549,-11.444224618900316,4.442251935469032,7.311256901787911,-3.371162861666982,-0.7903353444039066,-0.6317069863734828,3.1685992727909245,0.6827161693851524,-2.687171122229405,-0.19079160870832026,-1.5172315858870382,0.38514689249107864,0.845777752345088,-0.43875088100672405,2.548632889576119,1.6041084335749154,0.12847539091948446,0.485433512776045,-1.0026674552916919,-0.7770450947772815,0.19106324213877157,0.1589621249905891,0.2805595617905413,0.41361154734645655,-0.8436517427032311,-1.0928629751698262,0.4215978478747379,-0.7027935706056434,0.6170850588742509,-0.24815306097030246,0.7395964888040328,1.1998304283409236,1.525907847781162,-1.543010369623018,0.32496401506386247,0.8253648286887515,-0.42689262720419785,-6.549873686255209,-7.93572821699015,1.5146492104804987,-2.983450167866661,1.4159997694461806,-1.2714115608832184,-0.4312507964326814,0.08481339673130722,-0.7067907901769432
O=P(O)(C[C@H](C(OCC)=O)OCC1=CN(CCCCCCCCCCCC)N=N1)OCCCN(CC2=CC=C(C3=CC=CC=C3)C=C2)CC(C=C4)=CC=C4C5=CC=CC=C5,374.8,2.573799582,1,0,-0.8242948950713526,-2.9432136811122085,-7.5195910745378685,-0.3772874475464443,9.507629778402304,-6.350013354170231,3.1537481468631,28.80360970486044,7.623928435112911,16.184119867094036,14.168362188716893,-7.767502227294066,23.820473213902105,32.69709314238053,18.328821599813576,13.962705033433757,18.977982151898924,6.755272438664408,-12.863043888574778,4.441860717165899,7.364902061108518,-4.159446127161218,-1.016416284471815,-0.9175378100204856,3.0920426660787617,0.6175030822058305,-3.0184031696000537,-0.19506073030761628,-1.5332609655850336,0.23744878959418314,1.1476825673070994,-0.23608860386891875,2.5452399143321167,1.6682733131468621,0.19764997064448356,0.8817002708920544,-0.5137280686266514,-1.0980365161389145,0.3481732419876023,0.43062963893081313,0.11054387320969429,0.8789358973166727,-2.4089340670600663,-1.9066327779420496,0.6872330072703227,-0.4990951678172847,-0.16650639756032828,-1.4793028219015254,0.6337602772915714,2.1633703852533155,1.8513182092197766,-2.905430156142395,1.7037414187806212,1.08339077328994,-2.6244002576688543,-14.601489998886901,-17.19773436593384,1.863826433793054,-7.967139475345943,2.101542148891176,-0.2952405708254588,-0.7768717560837325,0.6686583596579541,-2.608694841914093
O=C(OCC1=CN(CC2=CC=CC=C2)N=N1)/C=C/C3=COC4=C(C=C(C)C=C4)C3=O,99.89712,1.999552968,9,0,2.06141546171508,-17.6688220637441,-23.401870353668812,-5.6410436361234115,23.482917102552733,-2.347730555831298,-11.634301246081508,0.019805328344870362,1.6090260507038667,-6.679634098636051,-16.6461483909047,5.2480839748550725,2.9652909057551295,12.743623560197605,-11.061384133422795,6.10145598926204,-4.5219618615638675,-5.692879993353706,6.364500920586184,-4.434401147916747,-5.084103183481903,1.0418990803554475,0.5930855122606473,-2.0116071884627202,-2.1648462497744543,0.2698202662886453,-0.29927168246691965,0.2557675073067424,-0.1394707361461993,-0.6985163515930009,-0.2958517499523601,0.049467989252127406,-0.07101020332014696,0.3288644798101447,-1.4605292532602818,1.4545361497781457,0.13592907938114035,-1.0222803153930158,-1.052546321049471,0.6620685524917561,-0.37844626075887533,-0.5790648416615362,-0.8715819052230915,-0.4086955891575471,0.4334636372009623,0.06778187933461419,1.0912560632667128,-0.4497465536292301,-0.25574731307705545,-0.21743174774416088,-0.6415591389823361,0.34087514531554036,0.0425876619928262,-0.04190043677087347,0.29743749599205277,0.6177033555518684,-1.468862843518826,1.3972426691464557,0.0064404457801631775,0.41998518619068104,1.5595713026524818,-0.37668484552426396,0.4851143061880173,-1.1361663288504107
O=C(OCC1=CN(CC2=CC=CC=C2F)N=N1)/C=C/C3=COC4=C(C=C(C)C=C4)C3=O,499.51085,2.698544926,9,0,2.3418018768057287,-16.619365320832642,-21.42134956413828,-7.411664394452235,23.623874510460993,-1.5618863644375984,-11.079748128383388,-1.0335896183961457,1.4367632701597424,-5.66466335317041,-17.43929518496443,5.326228778972412,4.191887759828234,12.75669329882971,-10.249421597771788,6.967926065616136,-5.491373879135196,-5.483873208526097,7.617254819509382,-3.7019551533350685,-4.776079230211882,1.2863915214030506,-0.012541261885439265,-1.9720339657170605,-1.3868083149073247,1.7861567587388028,-1.1927448489706676,1.326026416050882,0.9842550548713924,-1.0294531969046472,0.20345434965547807,-0.3385276775957412,1.251076724889157,-3.17075227388169,1.6790357656031825,-0.8987781239052293,-1.8375125059167483,1.2045711677118078,1.5965388168462578,-1.1531487305737629,-1.0599933121115472,1.2193252812505602,2.1674426455294804,0.5737091003534157,-2.3722478542714676,1.7844564132820455,0.08307375164191029,-0.9747185435028207,0.9753200722462928,2.859924810448284,0.8896768773785079,0.0388758949965217,0.4220836436567176,-3.3306693723420246,2.6693848027195797,-2.3318554949891537,0.5927823654139689,0.8995245166164949,-0.27172652484567583,-1.918594240374957,1.2175219720035986,-1.3423977088731665,0.06612228279549487,1.92475300967414
O=C(OCC1=CN(CC2=CC=CC(F)=C2)N=N1)/C=C/C3=COC4=C(C=C(C)C=C4)C3=O,499.51085,2.698544926,9,0,2.247602465752733,-16.86300329972134,-22.013963006557535,-6.645086301288834,24.214644212295795,-1.7776991447496615,-10.752833296177682,-0.6911599660759227,1.9240786064356112,-5.829269121876651,-17.44317183302518,5.6698170303442925,3.403574277454671,12.24890514708535,-11.211021127992911,6.149297059121573,-4.877223390728512,-4.7308659526916745,6.6021032421855015,-4.345212201100114,-4.88223546500468,0.603355189519593,0.9890025442982289,-2.343181428164756,-1.8035025289475524,0.5276410489617146,-0.6017777392502556,0.12499730582913396,-0.31208445893366266,-0.9319279302187679,-0.5603453606215986,0.09974790642763928,0.03206624104612267,-0.7014663188671368,-0.8389697007360759,0.0007184550771035983,0.536871891567833,-0.8705721933350095,0.4429403210421824,-0.20871146708433014,-0.7341021034463914,-1.0451385020467205,0.28841182782981944,1.0844201299024605,0.3852211315871319,-0.5055608477956697,1.0591897311716307,0.5510391614256273,-0.09775354207785575,1.6059581345867189,-0.47059866141698437,0.41233603800712065,0.1635485906880881,-0.6596962207149205,0.24615485804198767,-1.1225451307748513,-0.596022121028975,-0.2583445678678057,-0.5190671673608608,-0.4848717165049883,4.195895070503032,-0.27759622194852035,0.28854963707696296,0.3924132349340214
CC1=CC=C2OC=C(/C=C/C(=O)OCC3=CN(C4=CC=C(F)C=C4)N=N3)C(=O)C2=C1,499.51085,2.698544926,1,0,-8.321337567970302,-18.386020863842642,-6.050763949637832,-6.716098672164667,11.680116107857828,1.9535944849710325,-4.209253064240069,-3.3534108508781943,2.363771315211352,-5.713857581363739,-18.254941252716776,5.497700856681067,5.357808910223753,13.685258896542054,-11.188390898446832,6.863231474519554,-5.219494216166187,-4.6231431375997705,6.44449649427926,-4.539078382823998,-4.212013059034114,0.5248218150728305,0.29927053296937406,-7.421513508663085,-0.9562063576103664,-1.3360717423747714,-2.8812338055050173,3.479289390172698,-1.5627491280898107,2.705181312846293,0.15237853593528203,-0.220203535492837,-0.5154005728661913,4.46087332184554,-3.3332166887595713,-2.4991076651746016,-1.2090349647466108,2.48965503962943,2.8419195752336393,-0.583795274913004,0.17942949078926426,0.8850307922977391,-3.3841813547873674,3.548692691043024,-1.5458835503760289,0.023084814126158936,1.0948818037307497,6.196158772097478,-0.7771984494974088,7.020093520054486,-2.982407679576367,-1.9734186837423193,-4.052035320028204,-2.8313867760271654,3.425099228763158,-2.2287050426930053,-0.19769794780913466,-5.2225891800276125,-0.8837689685911093,0.08169756038564037,-0.8132407186587317,-0.6486737631161057,0.44528546853607,-0.8422738561290505
O=C(OCC1=CN(CC2=CC=CC(Cl)=C2)N=N1)/C=C/C3=COC4=C(C=C(C)C=C4)C3=O,99.916765,1.999638364,9,0,2.0265121904425425,-16.704731184029956,-22.52429022574907,-6.7106602837451215,23.89085946868968,-2.0843051296668733,-11.573680776858469,-1.1440121296703873,2.26641336452434,-5.316527547452072,-17.60072285130964,6.001269817319093,2.289083615642127,11.946372836655225,-10.69334443233836,6.0984845315946306,-4.499265109862979,-4.863281155026568,5.1208357929545,-4.161136681222451,-4.983857236736796,0.9868043150744603,0.6506834972537683,-2.6564636236929875,-1.4654361886495786,0.5871154434695182,-1.071329820820155,0.22669531537146143,-0.6630120751267384,-1.6507080413240587,-0.18729368276556396,0.28048061623490905,0.24378634580333364,-0.13229984882199203,-1.0850584202470492,1.4087901750750023,1.4520234562545913,-1.01653413062733,-0.07262284194403085,0.15089546460924538,-0.30774222917349336,-0.10636889121298342,-1.1126506689968945,-0.3112377780420397,0.8120558278946419,-1.611309533779984,-0.9887152886330233,-0.09846116229210349,0.4255076663120805,-2.3769916979846673,0.4015220850737907,-0.2977192232443264,0.5524315196074028,2.594268802711739,-1.618809545603079,0.13463281495448273,0.39366288276577527,-0.2670013937606274,-0.8605888471482814,-0.9589514579774511,-1.8071481581482849,1.298730194504151,-0.45625734181122646,0.4227214278132508
O=C(OCC1=CN(CC2=CC=C(Cl)C=C2)N=N1)/C=C/C3=COC4=C(C=C(C)C=C4)C3=O,99.916765,1.999638364,9,0,2.040280486576417,-16.877865500776387,-22.83801048560383,-6.465004906826935,23.291374345846386,-2.357627296910514,-12.031109851353026,-1.2167588674967493,2.3174668125739357,-5.113297753737991,-17.51515541530772,6.010175455206176,2.982515116931173,12.0688413339136,-10.43137378754593,5.937764088763035,-5.130816492077539,-5.014301083823474,5.169542102663049,-4.186976119143805,-4.945110714617626,0.7983434340758776,1.0477545628742053,-2.7486013578511344,-1.976181151737034,0.25553901801111284,-0.5589296181645261,-0.39441028502754355,-0.5206970297200566,-1.188612233880415,0.46071157641755073,0.32497356852558873,0.07953890748702624,-0.067531601260439,-1.0943337782888027,1.8907595838309368,0.883402431745683,-0.5133431890775193,0.21125554493617688,0.08147954502771029,-0.5009139161303522,0.15991217432568122,-0.7904953304544321,-0.49796488463692234,0.8556839234445089,-1.1627693294711359,-0.9702151971434392,-0.04305018717395984,0.6254553327021138,-1.782710370332247,-0.15058999328493794,-0.22182762440357032,0.3189802744000694,1.4583287305637351,-0.9269415018622444,0.1291402726418176,0.03312328770058418,-0.4097437218124189,-0.5341736424006295,-0.5916741423854643,-1.9091032533721837,1.3574693146354286,0.16818001931375606,0.45522076258218824
O=C(OCC1=CN(CC2=CC=CC=C2C)N=N1)/C=C/C3=COC4=C(C=C(C)C=C4)C3=O,998.9382,2.999538621,9,0,1.8532433060985454,-16.709796252120917,-22.1676650955628,-6.989780565690941,24.145211041548247,-2.064133973441348,-11.635877719531246,0.07834238849489325,1.9697058120098947,-6.320459249832509,-17.35881830197906,5.10941457857336,3.770162116631976,13.495837845568692,-10.759275502911622,6.531332593228091,-4.519918907223352,-5.873788964887512,7.526039012296765,-4.51561226807018,-5.50342655328164,1.5067068281585005,0.722823467110491,-2.248754821552641,-1.4950431975809675,0.5472424021790512,-0.6795289464320867,0.9103884912714948,0.6905250049532895,-0.3453640623532061,0.8388615426450688,0.31163760536301166,0.3116907505844637,0.25109278224679804,-0.02729439441122334,1.8522571725487116,-0.22703714690734794,-1.360512320330086,-1.2560426871786396,0.38760385144073356,-0.7471195586009443,-0.5060387869024178,-0.3455066311970207,-0.7679066358112968,-0.22929128914628902,0.9551118477914108,1.4296349043917933,-1.2773151815141675,-0.23735891796607878,0.022118168995794104,-0.5309599094423507,0.12784402594760802,-0.08719908992225942,-1.0921151583655861,1.2598491504987201,0.7110116208021361,-1.3579826657574532,1.7725840871232479,0.9829104962901201,3.7310801354652825,1.2085003598286106,-1.6934702565314574,-0.0460665989256743,-2.0289432387185413
O=C(OCC1=CN(CC2=CC=CC(C)=C2)N=N1)/C=C/C3=COC4=C(C=C(C)C=C4)C3=O,499.4691,2.698508625,9,0,2.1851380116922297,-17.172802123022883,-22.91666553443156,-6.533605517567974,23.71588459926862,-2.135573605349761,-11.483335698948725,0.7269001793397303,2.0084161212644718,-6.578584528691189,-17.449894734290837,5.206212613276183,2.9729740076096007,12.985575093661321,-11.092365118440073,6.298916396794193,-4.7112933736398706,-5.287900352644441,6.607487349862133,-4.848591046947251,-5.062504933320415,1.149101688929741,0.9653445796693125,-1.5831087937760357,-1.5186411751005222,0.037617868848705154,-1.041336371002594,0.2833216100565722,0.4395882909316809,-1.0721983545013136,-0.19110245226790498,0.3689779463673423,-0.26898751270657145,0.5508819266510957,-1.1270941138146457,1.8305179575702337,0.018845536903032895,-1.2034581798641129,-1.1302088046187655,0.401381820943654,-1.0591333045693458,-1.4808918890627816,-1.0683974775864007,-0.22659970387083225,0.5162031870525291,0.11730574366681346,1.471261662876881,-0.7330605641746639,-0.36139464419967604,-0.43399776607188323,-0.25857955233226493,0.561510450700053,-0.1521130293002849,0.10094415101627398,-0.1106131231931907,0.9138433623183526,-1.576033728634245,1.3764048394151538,0.7023199275972255,1.2809407065531082,3.05889475820152,-1.1818971536590035,0.7116742328962065,-0.9813675507536647
O=C(OCC1=CN(CC2=CC=C(C)C=C2)N=N1)/C=C/C3=COC4=C(C=C(C)C=C4)C3=O,499.4691,2.698508625,9,0,2.5767236843438055,-17.58309885708063,-23.184323066701754,-5.919102017496585,23.36876586844501,-2.1193064816106943,-11.61623422533723,0.001888946666153542,1.5445607344232384,-6.528523839184609,-16.95042329734715,4.740264146573607,3.368816000646585,12.47329330030751,-10.621645400680666,6.270083799601092,-4.7137344967360955,-5.647205480281601,6.400281707063079,-4.820783334487207,-5.220280607517696,1.1543184005859615,0.6243722229962477,-1.9384198964995218,-2.2204726130645827,-0.24888866859147674,-0.3999206163933808,0.40818869446585226,0.5648402394787956,-0.27579273141113336,0.05053725819004661,0.15641063036273373,-0.1087681253103551,0.9387699622913747,-1.3504602253686147,1.8510978000929932,-0.2021803512959119,-1.22099426492728,-0.6866626171874239,0.40597342798092,-0.5995536182230856,-0.5580234357067394,-1.270041281619317,-0.886688871627894,0.8601005257883525,-0.3446069127056466,1.3650640658036044,-0.010867871403046453,-0.1813419772818594,0.16319408528531562,-0.44642361470123815,0.28034357821172035,-0.12142995626909225,-0.009851913532239128,0.10040954017476497,1.086666648550979,-1.4693000943853058,0.9205055808822854,0.1255788011110856,0.8989195666397872,1.485011296931729,-1.191929851765433,-0.32473817922754955,-1.38990924217444
O=C(OCC1=CN(CC2=CC=C(Cl)C=C2Cl)N=N1)/C=C/C3=COC4=C(C=C(C)C=C4)C3=O,49.9657,1.698671976,9,0,2.196012318867406,-15.899747691605741,-21.314224355130442,-7.777104705719654,24.736526011292263,-1.8370370917752967,-11.640305897461355,-1.4550818631730418,2.0366000266608073,-4.481897652088234,-18.20270697190205,6.5279626912241735,3.181854871101148,12.03855822907371,-10.613355713396615,6.843038290182725,-4.7276813953407615,-5.1239301012355565,5.566991235353646,-4.5335004045487075,-6.189339329528565,1.0733949638476854,1.019401302250999,-3.8228305630638086,-1.39189429921871,1.468432693522837,-0.8800332914772081,-0.30998899438527944,-0.7587484892746117,-0.658089170980184,1.4020600766396565,0.415405263217618,-0.6476291724456261,-0.575928483960475,-1.1079477869925685,1.7385685205300014,0.9975066729879382,-0.11262226814204,0.352525940529409,-0.034933075257336584,-0.6498147674244947,0.25560135070776047,-0.5467360622341236,-1.5707614653357662,0.8344454076169215,-1.3312252094744197,-3.026954737434478,-1.2327638159304481,0.1470190183760034,-5.129883556935698,-0.42886246018036206,-1.6602084825635488,0.21773467963808651,2.3917615393794933,-1.9040692595100022,1.3922728141695597,3.7350193225757318,-0.9887752089548947,0.8344371542071902,-2.661135570850373,-9.739312566656373,3.345511558309353,-0.6912017087524577,3.7203916739011054
ClC1=NC2=CC=C(OC)C=C2C=C1COCC3=CN(CC(C4=CC=C(F)C=C4)=O)N=N3,12.5,1.096910013,1,1,-2.2917240760712545,-7.0952661960606696,-6.064264022696524,-3.9676397111387693,4.9906473730352685,-1.8288112579158005,-2.044288710159812,9.8999371999632,-0.8711203893097104,14.148611996561769,-0.3453904282514764,6.36151260710495,-8.64387515780478,-11.703941144450212,-3.038211448290556,20.452515796903388,-4.359423167038767,-5.535027314925554,-5.379042280381056,8.823244445433511,-2.8782875530014236,-3.6987929153182058,1.9413805213278268,4.315518276738221,2.92540517021129,-1.4141785997691683,1.5727315235924562,-7.48793941447203,-1.7459049037922127,-1.1108950639891093,0.8508805931725334,0.3528692881620544,-0.25934969870526176,-4.323807422462292,9.266137236346774,-8.584237584335854,3.8157207776155535,2.139645398423867,5.877012570662899,-3.4920567033690024,2.2734410826513094,-2.759262635253013,22.415334787888508,-3.809936518204293,0.8611678318317953,-1.958514149974372,3.2327175818070644,16.28852907089222,-9.198728992875592,1.9154049310251948,-5.598674160356197,-6.725842730884238,-6.471650821206254,7.297671467110992,-1.2374892069410668,0.0669120506209966,-0.1996469732549508,-5.021084122632953,-0.05055982417366298,8.655654965943503,-4.3665508726199755,0.7905844505874029,-4.681781253988047,-9.23760309457505
ClC1=NC2=CC=C(OC)C=C2C=C1C(NCC3=CN(CC(C4=CC=C(OC)C=C4)=O)N=N3)=O,6.25,0.795880017,4,4,-2.3248102912325685,-5.2935481767785,-0.7402711502316638,-4.938516271552924,1.4225641956929922,-0.9632811393493175,-1.0518954044650013,16.46389261951919,0.5856671468855851,19.273876908971545,-4.629924351472174,6.451066242137452,-13.621630185591195,-19.43427870551444,-6.013245330010526,25.384008093987152,-4.055542999204812,-9.39030595699818,-15.556533460219354,10.466560614598109,-3.271903521576798,-1.6642442985769763,1.9135718953920933,1.949815048248039,6.038232317446074,-1.057924064463915,0.27544805262942373,-2.637594024782988,0.5295396195052982,-0.4830869256128994,0.25571478661384955,0.8099745766774982,-0.2893574467223814,-0.07804268622584315,0.9019084224356428,0.6034491261701047,0.7613117241012127,-1.6405907478454569,0.07514468945262019,-0.9929518803296059,0.6508138552902714,-2.0653431833125175,2.147776651790735,-3.1087971262661362,1.5644384372688944,-2.756711947363052,1.6030232729265796,1.1126683996642508,-3.275542993322427,-3.7187182204022466,0.42319558867571555,0.01133015373979966,0.698710561739871,1.2249274955091973,1.2727166495121096,-0.754843854001934,0.25494352966048134,3.7238301517528423,0.21132888452031495,-0.7558672024201829,0.9771999716796125,-0.9611521096871837,1.596322972788466,2.2722808706052113
ClC1=NC2=CC=C(OC)C=C2C=C1C(NCC3=CN(CC(C4=CC=C(F)C=C4)=O)N=N3)=O,6.25,0.795880017,4,4,-1.714474441809097,-5.090917972546127,-0.3491871815681906,-5.7250292444501305,1.9445209080941397,-1.2663985978294807,-0.6000360125561435,16.24218221499504,0.2059557237902623,18.72332634857071,-5.628194460619385,6.508666502594449,-13.84265467388557,-19.44433992171487,-6.161057789240212,25.088361546289345,-4.360011676066113,-9.964594957685417,-15.05061326138727,10.241412883826913,-3.022206523531563,-2.1525507029876407,2.094744660331276,2.2061081936327978,6.293577160706347,-0.35214053231005205,0.11115005258307963,-1.8183948672344623,-0.18207083922905423,-0.004541689264401379,-0.2983832940897949,0.28417914910447345,-0.33195168115976004,-0.18867659230214973,1.5440197274466543,-1.1658075115859734,0.6498137252987605,-0.17901188446194669,1.5406957402556907,-2.0618741081001137,1.2367857844005175,-1.8432435781442817,4.419496892768419,-1.9108017097961347,1.4120440341246128,-3.9433714405881157,0.8154984677658257,3.5886850593965467,-3.859706706415163,-0.9252868764472507,1.1354231133973778,0.19073207985394777,0.4927252774594431,0.8485935100047879,1.2412192645487667,-2.2934051704994967,0.7529952267467314,1.3848891627748598,-0.3976632460660228,-1.9588575238606114,2.198968752568397,-0.39910026872571897,0.7104123270881869,3.5692675900186748
ClC1=NC2=CC=C(OC)C=C2C=C1C(NCC3=CN(CC(C4=CC=C([N+]([O-])=O)C=C4)=O)N=N3)=O,6.25,0.795880017,4,4,-0.7267635316266936,-4.266657749622913,1.2812884930910755,-3.683206303442364,1.661522688237014,1.345240456282614,-3.0271451879036837,14.308635817223914,-0.13864566266796577,19.167327487848056,-2.133030033888511,4.168985640583076,-13.600311933679471,-19.695883378666398,-6.944479997616654,24.428341158573712,-2.5245114600165053,-10.600417683306235,-13.44362734257155,9.662864469149955,-3.603922183263496,0.1392782839320447,2.7973305919010913,-2.2600599749869144,6.824335489918166,2.206871687387459,-4.0368225798745465,-4.649200696039377,0.39966375663822806,0.5760608194635524,-3.400023430854313,-1.0641903374864776,-1.9744780423641268,0.41120290549899,-1.7737371746233752,5.0328758294350795,-3.771980634204908,-4.734133793632986,1.3887369891260575,-0.943702444972132,2.842822877865,-3.006786588690307,6.450606877595915,-1.524162942493501,0.6160561004011208,-2.817703548879469,1.356779292947118,-0.6070051487839886,-2.406328242015927,-3.1758427723463867,-0.3089461353861157,3.072815211321479,0.24513274379299876,-1.12342311975808,2.8082420365765333,-1.5897729984178455,-0.345205430177941,2.798640783870869,0.40690757459685006,-2.084331682581462,-1.1070146707722017,-1.4860875140068512,2.5555071419217907,2.1473883238847633
ClC1=NC2=CC=C(OC)C=C2C=C1C(NCC3=CN(CC(C4=CC=CC=C4)=O)N=N3)=O,12.5,1.096910013,4,4,-2.146557650980942,-5.356058769263164,-0.7775079380551955,-4.68819107278063,1.160438335736837,-1.6523812708624726,-1.5737934169289738,17.10827233141575,0.7867837544912505,18.967586051756292,-4.412257564138104,6.1676248528178785,-14.0086554748556,-19.534329537869716,-6.4612985643788425,24.793078216058916,-3.899402297185354,-10.237772159736098,-15.4714949186216,10.253358826955923,-3.2755179607529863,-1.9879378963741323,2.1158855598605433,2.181301525334157,5.922918182719257,-0.8838684785974358,0.22833718510104403,-1.8557171730180306,0.08781203553162623,-0.062414695616169524,0.19781330198392272,0.6254625998107668,-0.0057345581326798175,0.2029430849820348,0.945581534360393,0.09441252653320437,0.19590631994025975,-0.7670683874043324,-0.014477995807892455,-0.8789672691390686,1.8919013577816972,-1.6763018950160908,2.0097348589332924,-2.69208322488722,1.588389018165087,-3.1252766875972604,0.9586016527342737,0.8219191601246463,-3.2305235324986747,-3.6867128571757695,0.664715750178087,0.5310949393383914,1.119526222526484,1.2770699245489807,0.9604384899036018,-0.739970866836455,-0.024045183436429467,3.32755608780742,-0.023771255127919142,-0.29331114582117795,0.6860781524268034,-0.33357041908126717,1.8823689105216797,1.9960225551858854
ClC1=NC2=CC=C(OC)C=C2C=C1C(NCC3=CN(C4=CC=C(OC)C=C4)N=N3)=O,6.25,0.795880017,3,3,-10.30017803518862,-9.85078451284225,8.009413434819777,-4.057761080943533,-7.104974624892016,0.7132384056455416,-0.6946643865161987,12.173059551342789,2.710339910406038,10.764833585339295,-8.970993300629882,2.4679826107758434,-10.57516634075133,-13.263487042235264,-6.750427508477294,17.4093540796189,-2.2035405336072325,-9.017280952977256,-12.44376915279387,11.193416585908514,0.025053092113333134,-0.08214718570795672,1.3218926301391587,-3.749206672465603,0.9063866144778576,-0.2565192885087253,1.9572958676297152,1.7316440750625695,-2.488958590506073,1.7887853126302664,2.1109917531772133,0.730172985053941,1.871588340724904,0.7787003830443974,-3.616492464690141,0.3638968781037698,-1.580026829134819,2.200336246537903,-2.889242548277713,2.08253884681803,-2.5539476941779227,2.573441452931185,-14.226975531601349,6.272586564883435,-2.296745229351081,5.515125091467033,-1.7819767722003867,-6.7558220797065065,7.06171457855638,4.5268709409678,1.2686347829236182,1.4165715380066257,0.8330674749202959,-3.8730621424394305,-1.2932104654185361,1.4619427783481147,-0.7532954507660037,-4.124326347859136,-0.008240483926927814,0.05774650852646985,-0.02374662487743395,0.30257230959491005,-2.5105633388180744,-1.343098490045487
ClC1=NC2=CC=C(OC)C=C2C=C1C(NCC3=CN(C4=CC=CC=C4)N=N3)=O,6.25,0.795880017,3,3,-10.24646981942506,-9.507614635503106,7.621457013244551,-3.908393998348936,-7.05275838191112,0.14235905073210348,-1.3406125340393433,12.220001493165817,2.4697578676910124,10.531747835121521,-8.440928487694705,2.5091366604007748,-10.57354438837798,-13.377461061822013,-7.101491788247716,17.256454476436172,-2.6848275899109075,-8.805995148167876,-12.622846121450968,11.051855478077567,-0.36516203674525427,-0.40678808663969435,1.414786430828194,-3.1735112216960766,1.3588343411439898,-0.4057810331098499,1.2030206301835662,1.4981257877179612,-2.786993932534854,2.323906766297743,1.608635890763132,0.34252673436469283,1.9883231220845339,1.4502131611058313,-3.906663954748504,-0.2190097119416636,-1.676501736157966,2.922701819978954,-1.6692808281610467,1.4754606789527254,-1.0002618255061848,4.1230293187658065,-14.303112465010164,6.141833195097765,-2.810716067206851,4.8740036175182535,-2.0942406808856537,-6.942557428760913,7.26970220552751,3.637122520499262,1.1224824690745598,1.7826869191446897,1.2186792848295729,-2.857895941859284,-1.9447124228587414,1.227190372000999,-0.8836882135101796,-4.054802892970543,-0.18567739814131778,-0.10848002604038635,0.6638657694129906,0.637935996044715,-2.003504272287288,-1.0622507108939696
ClC1=NC2=CC=C(OC)C=C2C=C1C(NCC3=CN(C4=CC=C(C#N)C=C4)N=N3)=O,6.25,0.795880017,3,3,-7.789181001915115,-8.884268929128034,8.457859790927932,-4.5266040644734415,-7.529612986297799,0.8927297351416931,-1.1472888088385695,12.336514403681052,2.264114657305385,10.600831471562929,-8.930928711494616,2.6611075085858302,-10.291663506945117,-13.015616406821858,-7.858433805118536,16.752857412473126,-2.310632319441588,-8.630954270120071,-13.127916333137291,9.519718238211174,-0.22100449591429383,-0.3870631062799516,1.456275943047881,-3.7504601002579574,1.3051282492122416,-0.29843381835264826,1.0112966856781718,1.4220248906302244,-3.0157313941764428,2.0433821865021007,2.151285290325222,0.17352101073916112,2.5412585195677067,1.65963565166157,-4.139516787575471,-0.05345904055422075,-1.9516991893160798,2.7015666058834147,-1.9847179411317788,1.520392356182243,-1.4028458699269524,4.740337408160686,-13.868471323696268,5.437470658087123,-2.8033723456192465,4.955104526180565,-1.8237627773301346,-7.488732151125755,8.584371272989786,4.029775653921191,1.2630594800789106,2.2977970831454693,0.9468089727579921,-3.555651962538562,-1.3366600871214132,1.1610377228449924,-0.7134234915168639,-4.719415139106861,-0.021721953790632666,-0.34723037214827807,0.4082980402333099,0.6845407793517347,-2.4403653168908788,-2.752849329791286
C1(C2=CN(CC3=CN(C4=CC=CC=C4)N=N3)C5=C2C=CC=C5)=NC6=CC=CC=C6N1,25.0,1.397940009,9,4,-14.839487541544472,2.940175561028083,7.855820164822438,-21.003979937636775,-12.053135081013982,1.286124412802547,-15.607744007834443,4.670111486718219,-7.7032673529756615,-12.003411493760256,15.23837239463594,2.5227552261980195,-17.1973614277278,16.74984223942486,-2.676088949424805,-1.3483759692718906,-8.114040045757548,1.578830941016397,-3.6275061542661535,4.208660931420405,1.708900654212557,-1.0415420165190055,1.2794506846687552,-0.8098543250185688,-4.451356257824445,-4.465858319473014,-0.6961307292510875,0.7127264286124118,2.0581283523335623,-0.338043232714158,0.0013751693011964255,0.06122564269066823,-0.5621444269717967,0.14018650487007073,0.20329477809849514,-0.0662816438145136,0.3763637282003483,0.48821466821903353,-0.7936236425299131,-0.05162402664700031,0.2578954842819386,0.6343079617652366,0.2734697603090697,0.8487116104424519,-0.5642284724294612,-0.8667429892471031,-0.26831958220317187,0.5029778426558142,-0.17222131679485866,0.5762008946662002,0.5338748999867045,0.20395122836758042,0.07264885598646426,-0.017171670022015296,-0.07559743990174145,0.04699983678875492,-0.2354796882582666,-0.6468787554714339,-0.24961357087846878,-0.37987361467111075,0.6726601311004949,-0.07200356456756693,0.08092754333365738,-0.8026652841272754
ClC1=CC=CC=C1N2N=NC(CN3C=C(C4=NC5=CC=CC=C5N4)C6=C3C=CC=C6)=C2,6.25,0.795880017,9,4,-13.335772501529945,3.3679928695094037,8.489774580010625,-22.620906267762887,-10.035138649545006,3.1498262427717956,-13.965578992136233,2.403207520388147,-6.980361067459866,-9.553678203821399,12.552168151006356,3.191426362637461,-16.561550954049107,15.259295005588704,-1.73190806008556,-0.22468332942723396,-9.966150396879714,6.080756710517669,-4.940491792885497,3.557050642217396,2.4881657404516915,-0.5637109022191679,1.0683911488077082,-1.0105113417003253,-3.7800286251241255,-3.482154701635193,-0.4631532698533984,0.45231180620942013,0.7677023247969483,0.19361870224759822,2.8938556716677164,1.3543252328459516,-1.9039009005486125,-0.9671290016615925,0.9429346987664927,0.6810463917880747,0.7067354403801647,-1.329968671575047,-1.1728793726887579,0.7201338128995335,0.9186394339700164,1.7247368679797896,1.2659890723234273,0.14952927017151277,-0.9040029186882428,-1.1408889761943835,-2.17462235589927,-1.1979819542600534,0.5388157054070314,-3.8496574179167746,1.1984376918665611,-0.5182957770403139,0.8192099310099904,1.9996404976058844,-2.4857473131133863,0.5305198557081043,1.3158328652265947,-0.2663255746373798,-0.998332410485436,-0.2740819537773399,-7.3899676214841,-0.18109409698461676,0.31314149552510173,0.8956062954906294
ClC1=CC=C(N2N=NC(CN3C=C(C4=NC5=CC=CC=C5N4)C6=C3C=CC=C6)=C2)C=C1,3.125,0.494850022,9,4,-14.507424588650247,3.3332747567572545,7.782869706049713,-21.705093322166416,-11.657376256355544,1.195688656135478,-15.630981245503385,3.450827425445056,-6.997213288323408,-10.621629853709452,13.793194193585709,3.414852820550295,-17.350478340970916,16.25465339961896,-2.3458485827090807,-1.7073827517838551,-8.157817514384453,2.4409055146096637,-4.336550334442764,3.816656834586963,1.8845397063736744,-1.5231536930571596,1.781924851117021,-1.5458040006600562,-4.330414408734918,-4.326822284284024,-0.7103849506815776,0.2957031888629255,2.0352319557919145,-0.8856413418092964,0.5136338146581727,0.5061230488129671,-0.6005651564443044,-0.2363530825041389,0.6999426843486991,0.4237822098081563,0.919777804559425,0.7340459697752111,-0.22325622084117414,-0.06342366116821799,0.045591931739765064,1.0292603611395656,0.5704427686102433,0.9273689915227045,0.08010030080873728,-1.7159592066520355,-2.0423496865766455,0.8929571999349281,1.1195646705646107,-0.21396262389270174,1.2171800045535721,-0.06906794657961272,0.39428872597672066,0.9914561401365521,-0.8217033014396996,-0.4401989944526239,1.1493235243206246,-2.700012800154101,-0.7721202544716127,-1.4670743819433258,-2.079121430960437,1.1515114256689905,-0.024067849010913314,0.716611874399785
CC1=CC(N2N=NC(CN3C=C(C4=NC5=CC=CC=C5N4)C6=C3C=CC=C6)=C2)=CC=C1,25.0,1.397940009,9,4,-13.693871602781876,3.127690291344335,8.359752007249877,-21.511535165091367,-10.615254825944026,0.9730745971174365,-15.716954242853541,5.235802994759864,-7.257080514102517,-12.007315583801411,13.44847583941368,2.375581978344134,-16.873905374380907,16.60763783611751,-2.2789482623102857,-2.0708070499789066,-8.04439615191428,2.6659972481007315,-2.1940250673191493,4.40917343937135,2.014075246458657,-0.4629263871931467,1.0485888303056632,-0.47540924566260767,-2.533488992726316,-3.991092198938631,-1.325407366092688,-0.3798138140761017,2.7100480335783264,-0.5889824534084526,0.3248693201226298,0.43107217126053904,-0.6464455819373771,1.6318472727121005,0.43752598083938304,-0.38670155835375,0.6894865793167052,-0.6345910945685639,3.655811732658152,-1.0732501936162133,1.7048608505551859,2.288876691354465,-1.2616870182742788,-1.7463186040287282,-0.42775666328514106,-0.7790344856487583,0.9084266768753922,0.6052341819343487,0.5191680628820861,0.6340056712287035,-0.2814113695404653,1.257391418513579,-0.560718197613944,0.841977803194401,-1.6222227072914521,-0.6614522232495801,0.499371879052699,1.2776650886108571,0.1823677505150243,-0.20353153428519308,3.270395632025669,-1.7266920717789367,-1.1018605381747169,-1.3193677389771832
CC1=CC=C(N2N=NC(CN3C=C(C4=NC5=CC=CC=C5N4)C6=C3C=CC=C6)=C2)C=C1,50.0,1.698970004,9,4,-14.043978548477558,3.0375261527632196,7.877990453770281,-21.05920999864582,-11.32263204263651,1.5062244625273695,-15.555678951346271,5.487663612198732,-7.2679650562444404,-11.587871999655981,14.122574378767847,2.6055701936294597,-17.07174189060713,16.461169089963246,-2.9876463649962424,-1.3979819335382517,-8.269679993860326,2.2230717368261943,-3.0997104053947857,4.10638953172264,1.6340251391115612,-0.9929650833747149,1.1283353871192625,-0.9714252905150307,-3.4605727709143954,-4.051131010465287,-0.6543825211457084,0.3282969822361866,3.0443303218357607,-0.5257929185066516,0.702236159254505,0.31606125351244235,0.07346930980607146,0.4957371097358368,0.16907665413036324,0.22155451049144276,0.4001217649397288,-0.4647880622655149,0.26314500180409395,-0.3006222053110865,0.22472326280584654,1.0251814331605582,-0.18677771327321155,-0.5257422029329845,0.12351844491299506,-0.8565391307574396,0.021703169726339813,0.4762028294362891,0.7683925872028062,1.6769641122399106,0.850477216435265,0.6017060402369594,-0.33286671895858655,-0.1984055141085086,-1.1037474244000964,0.34320872161169175,-0.20380717093464334,-1.176972893690101,0.036811287123642095,-0.06798283203423693,1.3736697719544075,-1.162868195263486,-1.4218504748755973,-2.2742671304709265
COC1=CC=CC=C1N2N=NC(CN3C=C(C4=NC5=CC=CC=C5N4)C6=C3C=CC=C6)=C2,50.0,1.698970004,9,4,-13.715138745902664,2.621714903296391,8.290235715616735,-22.574795958806323,-9.651078565684214,4.010057116285576,-12.735339329460553,2.9511897800186744,-8.11178079294958,-8.59779498529126,13.761945130495613,1.356589287212669,-15.827828858083214,14.435784324156243,-1.9951709786872935,-1.1141618908121471,-7.619670009288141,2.652136066445643,-2.711102327381991,5.782414747572847,2.0775834212904614,-0.8203115833172814,0.4230554599810594,-3.190590072278105,-4.957288430767657,-3.814301817730198,0.057687298031553536,0.0909257227467338,1.5022510705122007,-1.6188637948347697,2.193759848705537,0.47432683438154166,0.6676638160670442,-0.9919976846519176,0.22756841579565185,0.15774363446018674,-0.4114634957064924,1.5243322322295765,-3.566078905176427,-1.677031681081036,-1.5959015442278013,-3.6722264981616557,-1.3701493673527652,-1.4992088209684804,0.4830020133879298,2.071182326584124,2.902708613277191,1.212082926366817,-1.5116979791159704,0.23943920638959823,-5.302749439761443,-5.0944698888858,-2.764981681203339,-2.783606217048876,5.214209323572946,1.0230592712924695,-0.6090103916794904,2.407759130835158,-1.4937326181423405,2.8482512887589904,-1.2938704360901683,-1.839632545936581,7.76186302125209,5.658106709301397
COC1=CC=C(N2N=NC(CN3C=C(C4=NC5=CC=CC=C5N4)C6=C3C=CC=C6)=C2)C=C1,12.5,1.096910013,9,4,-15.364764169283644,1.2061334815393854,8.100107933221906,-20.961335197089195,-12.224520421212516,3.61139653384682,-14.061528568141416,4.209158494047968,-7.475061067676587,-9.51098101856258,14.342754777974502,2.705538019011535,-16.853475411713113,14.445065774697548,-1.877397313530788,-0.37680504774479723,-6.845300929522213,0.8283787249215981,-3.0766002341080125,5.573829971939765,1.744845798946569,-1.3036950853836318,0.725812907013466,-2.274222593493457,-5.765854266440051,-4.252949079621098,1.159204718965139,0.3249342494231498,2.8464681497481057,-2.1354196224720776,1.4459884286643776,0.6011829185742229,-0.6706368582232873,-1.4036271165721472,0.6107457209693539,1.152202474447692,1.0609561187933163,-0.7943529625818965,-4.279765562139063,0.023242133702849433,-3.5229907785976486,-3.054500798732232,-0.454268771315066,0.7227449778768843,0.8848359749299135,1.7190186391538032,0.4954141221101565,0.8568462701606011,-0.27493105948756774,2.3785485161746385,-0.2423152456279342,-2.030201833170234,-1.4643138859449525,-1.3642079138128542,1.822544820088776,0.30942571092424165,-0.13712868468202147,1.0902113567144018,-0.13408323934672173,-0.7105602440160436,0.23874420682749395,-0.23990280813252432,-0.40570087341700645,-0.5753507235658953
O=[N+](C1=CC=CC=C1N2N=NC(CN3C=C(C4=NC5=CC=CC=C5N4)C6=C3C=CC=C6)=C2)[O-],3.125,0.494850022,9,4,-10.040557921169864,5.264207318390675,10.156478978184765,-21.227476749000918,-7.571879747989994,4.537291756867497,-14.224596140562285,2.6081971744652224,-8.300301194504007,-8.106407125679988,14.659325876992407,0.44833384252905917,-15.305819202795059,14.271755715491077,-2.6418681597762688,-0.465065454065486,-6.9878876421544875,2.122645922343892,-2.2805450575093955,3.531911246750348,2.644780953751913,1.2326802032004804,2.1347332559946106,-4.947692396793265,-1.8150500989946354,-0.8824366255646138,-4.326617209253474,-2.2151673628162807,2.108927034523369,-1.2873412615784048,-2.109008789393071,-1.651226544936415,-1.0323560354147028,0.7459284462324411,-2.531564118785877,4.425846914228236,-0.9317229263347706,-2.205528214108023,-0.6830850169056217,0.6858286378145884,2.468270492345278,-2.6009059605603757,4.397572383021022,0.31646563254555055,-1.6845326649665144,2.414547908750109,0.7361721546012936,-1.6341381343379264,-2.817398554875162,-0.43148788228915436,2.2317748641333583,1.1625289798628484,2.9059270344504537,-4.120153305247505,5.572481997508205,-0.4383214884434145,-1.095130054593518,-1.638551584608264,2.5891990564847607,3.666961967182065,-4.786902418258033,6.487821491292236,-3.647336271637601,0.2449880449647733
FC(C1=CC(N2N=NC(CN3C=C(C4=NC5=CC=CC=C5N4)C6=C3C=CC=C6)=C2)=CC=C1)(F)F,25.0,1.397940009,9,4,-11.642547968082166,3.8556731871518433,9.736673456924073,-22.378336571147745,-10.844155047604358,1.4576970856360467,-15.187745518897609,5.330440350209297,-6.8741775878075115,-11.11347379024664,12.58134154182502,3.016972531441048,-16.178124952378624,15.471095283573282,-2.312953194879812,-2.5903585377849336,-7.162311800295821,3.180122626718282,-3.521339811572319,2.639604541212324,2.804785007690839,-0.26078047555218925,1.1077740077673992,-0.9893571474882994,-2.2307797851700824,-3.619749315355577,-2.502794075226631,-0.3304019947622879,2.670966900627379,-1.244857297930178,1.2976697040544682,0.7011206573939688,-0.5490700531935281,-0.08088102548350247,2.2741335262799485,-1.9218269950587987,0.8964481087681986,-1.6291829317934075,8.539837862784088,-2.315438554575742,2.4170465876945126,-1.6737106085942552,-2.2944219795360588,0.9371767233902886,0.03395697056547702,-0.34441994537913967,1.0165061578095487,-0.03359005192185135,0.7761527003498029,-0.3151972791171165,-0.7234925993877533,1.2257658413895796,-0.760083453565285,1.3684415913233925,-1.8554617298297336,-0.4434977862677271,-0.16684797046631936,2.07651872573846,0.3045246097270579,-1.1666329887194178,4.143603459962121,-1.6431943150094857,-1.3186233322250687,-1.560046230761203
C1(C2=CN(CC3=CN(CC4=CC=CC=C4)N=N3)C5=C2C=CC=C5)=NC6=CC=CC=C6N1,12.5,1.096910013,1,1,-4.552822384285762,5.518974981357921,-6.082946237485703,-17.263103593162604,-3.2955216012060182,-0.06865195646639825,-17.425160782273316,4.49636934889723,-8.426915475831438,-8.870895221964831,15.087789004071983,1.389463212035245,-19.25046369263826,13.973343933937917,-0.5052111470561206,-1.818329544951566,-7.829868709396322,1.6775408002008847,-4.229179187869823,2.270562427493701,2.585728395666349,-1.4373464235994862,0.4434114921365358,4.851326241869215,-2.641880619294881,-1.5523030336475547,1.9180185669075447,-1.066384950274449,1.8464370059641169,-2.662537438277829,0.15929106557833062,0.8488110625496499,-0.09897701028363486,-2.4908961216418346,0.7778464324701094,1.3310387443244407,0.4999581440806485,-1.2823197642779762,-3.593427386247261,0.14248947456104233,-0.4626526836275765,-0.5508342923943494,4.422733724530297,-1.6477984486572497,1.3481849749103854,-1.2094959820693163,0.46643421155932446,-3.090739280969687,0.8107989443344076,-2.521043986135993,3.6928817964695355,2.281682394262106,3.325000146570358,2.7909564748435183,-3.1721742964897617,-0.1933229096875365,-0.24410281842376721,1.8331830035345729,-0.4219626816765612,-2.6495434474611663,6.814259032230359,-0.5639849146450874,-0.31608592161409854,-0.08175010895537516
O=C1C2=CC=CC3=CC=CC(=C32)C(=O)N1CCCN1C=C(CSC(=S)N(N2CCCC2)N2CCCC2)N=N1,63.705,1.80417352,1,0,0.5844184511750411,-0.31033080209693586,4.098647436106617,-3.090593061084015,10.245522694645896,-4.915937558854041,2.5263808919867827,26.044302410370012,4.079639786345613,14.019197387060647,8.598116354462972,-10.078952701553009,13.665912075299657,-3.944879439515301,-15.400747607332358,-18.456427365535497,-16.04016212355758,2.128881306524875,-2.7536535824728987,-0.48893960360197397,-4.692952837111109,-1.1459604966901222,1.6153294212985312,9.467392818335954,-2.0668431101899416,0.771767080971152,1.9437671532435374,6.959754225480688,4.382119029367906,-4.56189953538129,-7.224134157409295,-2.2063256912895257,-26.840772707200593,-4.6866854346627616,0.22811993097592936,1.1039996274469024,1.7939727599591733,5.0932056428067085,0.727075965947402,0.5278079021722707,-0.6690444036993235,-0.4506325339282552,-2.251902133604524,-0.3417094197294816,-0.5947643208843307,1.9727221745552395,-0.13000958736672202,0.7121669796576809,-0.412893082566083,-0.6469848815246664,-1.84477389463983,0.0026555953358156047,0.15380325536313905,-0.7787311978723696,0.14634067625497807,-0.6093054738907883,0.23490448963470537,-0.828140928313004,-0.5048603355512971,0.25848242111465053,0.2954324380843203,0.2776731449376587,1.5809592311435507,-1.0999016835262065
O=C1C2=CC=CC3=CC=CC(=C32)C(=O)N1CCCN1C=C(CSC(=S)N(N2CCCCC2)N2CCCCC2)N=N1,63.707,1.804187154,1,0,0.9053382324506118,-0.16458833374874815,4.241336266686423,-3.434186368523765,10.540024307668926,-5.099121153220581,2.6469714028895246,26.154696740491627,4.379171505404661,13.939531561018256,8.641086384108817,-10.356350205400933,14.103700571254196,-4.213473232551713,-15.926695931412487,-18.91335347353382,-16.464813646784282,2.3139706276128718,-2.924728066053005,-0.17991644486029,-4.751493659818226,-1.1680572744818158,1.5283196878611276,9.625423553142507,-2.2353559522871715,0.9181722692719203,1.802338010743028,6.698190418865726,4.416062277512435,-4.6396678766714725,-7.298093654738574,-2.1521744998063115,-26.934360594152643,-4.905867148215055,0.26338605339276505,0.985019099931097,1.7116021960294576,5.327503407630352,0.7800621665175408,0.6060181061753108,-0.9259139962849263,-0.6808557692965282,-2.0407628245704466,-0.294197980883839,-0.5518887953443596,2.356114584171447,-0.005590458381824721,0.6098589380222564,-0.4854169044002881,-0.37648805248401657,-1.8201139477619972,-0.3211602674218015,0.2826554554278356,-0.9444007867035867,0.45767576190795034,-0.7850244113454066,0.25884972610965756,-1.0433130137842244,-0.22785742962202282,0.4009012193851684,0.20066112583115894,-0.48673346186316785,0.6405528515711442,-0.8033257850611614
CN1CCN(N(C(=S)SCC2=CN(CCCN3C(=O)C4=CC=CC5=CC=CC(=C54)C3=O)N=N2)N2CCN(C)CC2)CC1,127.946,2.107026713,1,0,1.4793202063330357,-0.2178904184837434,4.092098044494496,-4.215841026457604,11.041089545734419,-5.747113841728554,3.0933512204091005,26.00253834822198,4.104144826645777,14.11007325208969,8.3801617205284,-10.143729018958561,13.102421633191002,-4.49672618017317,-15.186988261977529,-17.92605825157003,-15.854496504630552,2.284707400490667,-2.3993032582595233,-0.16438492899669313,-3.5365486174104475,-1.0084806409747844,1.7499738619979521,8.407728975093677,-2.6888085961092276,1.6346411381366384,1.260439597287287,6.307734735248969,3.725120592568117,-4.543139393059715,-5.0328183397834,-3.3049868144208654,-24.35574527873394,-4.166883014083408,-0.39167270825460493,1.469521522572833,1.6915799352001746,5.810693540882372,-0.38774145936911764,-0.7927650491562421,-0.6967208507611423,-1.3238298313424035,-3.066415294515617,-1.1507444369932205,-1.3706886159115208,0.45868767307089797,-0.6135673920055269,-0.5301210698458021,-0.14649679988944952,-0.8060375285819846,-0.06405765911335631,0.4647294448305049,-1.6748854026105309,0.8626052654085612,0.17248623911879263,0.2547912627613487,-0.6461349301481246,0.7439526209827712,0.16411630267300384,-1.2212721431344922,-0.26916986837877666,1.0238613577316518,1.368318371728151,2.2276117355161156
CN(C)CCN1C(=O)C2=CC=CC3=C(N4C=C(CSC(=S)N(N5CCCC5)N5CCCC5)N=N4)C=CC(=C23)C1=O,31.9124,1.503959467,1,0,-5.633924575863286,-2.52550672511455,16.26764742130719,-7.194696510382554,5.8377870792785584,-2.076522095883445,2.5300377767642797,24.511602406973317,3.6889335520219886,12.53966169471443,0.8906811447282933,-15.246003884652676,13.481998936513476,-5.961479002387076,-18.00978297517857,-23.770949822287196,-18.164221775963835,3.1813281020556037,0.10294394423278248,1.2752566540430963,-4.369456428057474,-0.3096787552099355,1.2547994882531488,-0.4527086187911984,-1.5517736083361346,-1.594501031401165,-0.21185395449393885,0.8465183751598886,-1.3412021213106442,0.45962625256901674,1.0125374831577754,0.6417242115555348,6.035157207962952,0.6144022019636743,-0.5164899562541662,-0.08823054622418837,-0.7249767776382267,-0.8316991557382812,-0.39560155753379583,0.5045612330088386,-1.1893613595449117,0.25318267610527706,0.1252570382220783,1.0368319666986505,-0.6225336444886365,1.1171280466153546,0.01012705143360685,0.7114574012503542,0.35209742485795387,1.1252683058255488,-0.8662963685194047,-1.1827849166044413,-0.24550447388216629,-0.7560430242181982,0.13281888201051018,-0.31029232234231086,-0.5381699304320712,-1.7464168202668422,-0.28533250440685054,2.458182274987893,-1.5020635930733082,-1.4096466602600672,-2.975788580449815,-2.61608806962495
CN(C)CCN1C(=O)C2=CC=CC3=C(N4C=C(CSC(=S)N(C5CCCCC5)N5CCCCC5)N=N4)C=CC(=C23)C1=O,16.002,1.204174266,1,1,-4.903580638809949,-0.8738058889876359,17.23228884045833,-9.126926946889224,7.121427075217006,0.2759704333498566,2.012495391215675,22.92194874932804,3.146125137574112,10.925948168147414,-0.1931397497134582,-16.13945368887363,12.99862646754283,-5.391627376321632,-17.644976048526875,-23.200839280777927,-17.396257724859545,3.955308566380513,0.923314908206939,1.2601673923243948,-3.5146282050591693,-0.5789630156810894,0.32688546736814905,-1.5243850625861366,-0.22306140622572834,-2.2334133136832883,-0.25914863545308103,-3.477197572786897,-4.0995479707181195,1.8756530387969816,4.085750739341243,2.4047965667567683,20.637461516796797,2.9352161141928708,-0.5551986384371624,-0.4546818665741882,-1.717450700085597,-4.70079561819695,0.7518178053656563,1.109430990145487,-0.8608143152368033,-0.08238495725148796,3.3481175344205587,2.0342231173773766,1.325926630668154,-0.3268978732720263,0.4383459491063148,-0.8438968822016317,-0.478496689023034,0.05435741950309303,0.40001053201747694,-1.4760734799051505,0.8193579731772027,0.3503022161638144,-0.17877243732226775,0.3072029531154494,0.41363910893597544,0.8953822282869036,1.313069488101749,0.8938052823286091,-0.09948775250600107,-3.098928427779304,-7.173190918543383,0.32428963006875694
CN(C)CCN1C(=O)C2=CC=C(N3C=C(CSC(=S)N(C4CCOCC4)N4CCOCC4)N=N3)C3=CC=CC(=C23)C1=O,15.963,1.203114514,1,1,-5.202513257270523,-0.45463803468782094,16.980818828265527,-9.77632626325334,7.716455913337068,0.03013473847619785,3.7767155556154166,22.338060699534847,2.3436014257097697,11.682322375156726,-0.7623393085277093,-15.987171774899288,12.37950497854479,-5.038349382994798,-17.062468075739883,-22.044294601681752,-16.13206471579714,3.882498575218308,1.5747120879978433,0.49658988200204246,-3.6868394674336646,-0.3352689882962576,0.2543674700783685,-2.770118719446465,-0.4950655939074977,-2.4487619169749455,-1.3035758362386345,-4.69441682742358,-4.30508978449116,2.9250560977797027,5.53173810656822,4.016238866076594,27.228684041136653,3.04710502509869,-1.5125007106603168,-0.2827771503542361,-2.8649648961907,-6.60538427663351,-0.8019357195721796,-0.887518170600436,0.36194997570679543,-0.9011349306122339,4.274898592337831,0.7174258824415342,1.0652274231150176,-0.105762475840938,0.7016276516567527,1.7346833584044439,0.670455679078747,-2.029919307088444,1.0109538790249768,0.494729869400099,1.2637625773894585,-0.265634043895126,-0.6273564138575635,-0.24122418315796365,1.23966719619454,-1.2921445126433568,-1.9586363284702846,-3.5661028343988654,2.2326939275390023,4.791641513872744,13.736282679289667,-0.38832975302401584
CN(C)CCN1C(=O)C2=CC=CC3=C(N4C=C(CSC(=S)N(C5CCN(C)CC5)N5CCN(C)CC5)N=N4)C=CC(=C23)C1=O,63.928,1.805691118,1,0,-4.436703620062885,-0.19623694798265273,17.498410543101016,-9.660654249062233,7.23570821219017,0.3764789023845633,2.422116137295538,22.852445677551373,2.974417151179825,11.121182033229964,0.2580184316623129,-15.67247205559175,12.69144044668246,-5.693382231790122,-17.657139322881658,-22.665671149144945,-17.127588976295392,4.075788812488961,1.2975763840306893,0.18823501649078236,-2.573973878430138,0.1068902703939258,0.25994928733751016,-1.3977613370194981,-0.03178258160569912,-1.1178311190032066,-1.1183284957180661,-4.448028198872833,-4.32865719440465,2.2099641834586823,5.670643431598777,1.8971212708007283,21.892673164927306,3.4821179488303597,-0.7303379902674342,0.1586369988514201,-1.6519865970794807,-4.70291474075063,0.040313867192827674,-0.37982158638323027,-0.713887033847192,-0.279292662012587,3.311045504249023,0.49784936842308003,0.331662755646364,-1.8850906515602452,-0.13937244737656312,-1.815303577828026,-0.09177020965131656,0.47507236060969776,3.5648379498496405,0.012370567321516847,-0.6953774338100749,1.995302972968796,0.6540411736913756,0.11042358886413779,-0.46172556864639486,2.637335524086355,1.6956622617503427,-0.471431459336928,-0.861292465961693,-0.4290207137147066,-7.066415727850514,3.1812198296342187
S=C1NN=C(C2=CC=CS2)N1C3=CC=C(F)C=C3,4.0,0.602059991,2,2,-5.259681790693776,12.725305804085265,0.3341562085667879,-1.3060062124436418,4.402312612505179,-20.50748113528805,25.357379714764065,-3.571235421263898,-10.74291372765531,-15.187210322549936,-1.3358235464225057,-3.2642073203031043,-4.172641676036912,1.8758498685246239,-5.032645822189487,4.223323535234894,0.5943869497327132,-1.9724996505905503,-4.724142683974763,4.552649200079134,-2.028823320032312,-2.7864920832149984,-0.35075904285699183,2.253585144005056,-2.450858897793514,-4.116181792471383,0.18750583082441472,6.207514730174739,-4.0179201455299545,8.009203845417865,-5.62157346385592,-3.066462095909317,0.7138396738811041,6.104779636226425,5.709375928002409,2.31725005287213,-1.7541285909710393,3.5442326642159845,9.646112754749073,13.118924484203632,-12.788778527992388,-1.1763046553535694,2.2681185029951467,-0.2780610294079292,-0.7605614802954149,-2.1510532420980417,-2.462986364176828,0.5026370687136719,0.2109022639929104,0.2013419114160166,2.7326233152769563,-1.429947419437259,-2.977657765993353,-0.6355083341884123,1.544118978354235,-1.7965869500422185,1.2046096117259926,-2.1240731964723736,0.3316551329084084,-3.0496161328424343,3.698633524494206,3.1157840376735866,-0.12962916343679545,2.6656697279965074
S=C1NN=C(C2=CC=C(Br)S2)N1C3=CC=C(Br)C=C3,3.2,0.505149978,2,2,-5.679286907529541,13.657881607891039,1.3882428606745665,-2.7959631358802564,3.907638059631738,-20.596786789620072,23.013793270053206,-4.703212670013433,-8.871790767447862,-15.282376756217893,-1.1935408419025495,-2.7490932819275398,-2.5588151837920754,0.05771853703023726,-4.5567820424474,3.098626152357092,2.2195141445454927,-3.313523864951418,-6.412695581939923,4.964936314495394,-2.2958704007659163,-2.3343360649589577,-1.1925310596397327,3.940645389889527,-2.7587914829085576,-4.426939221285549,0.8727010617851675,7.850761207444682,-5.5515323730720105,10.735269480547048,-8.417671381651132,-4.047767454754262,3.1862413264380445,8.48225937408899,10.759791442264968,9.589505737558097,-1.851844259427766,5.413553746977168,17.5746929967354,28.41384483443906,-23.744471586955754,-4.908552826499467,1.757837054187386,-5.786454971702871,-0.8048064027735534,-1.4256117480617938,4.477461410721829,-2.131355630409239,-0.11682549687750513,-9.249816269579846,1.511279835577479,-4.0811390483085725,-0.6949840963031625,-6.490680236480096,-2.1399804812355354,-0.41360635581059396,0.9578996268613608,1.0251737431449115,-0.7296562723664988,2.7390657820303463,-0.9735832771543043,-1.5850924153773378,1.043384584431843,-1.1231233980884077
S=C1N(CN2CCOCC2)N=C(C3=CC=CS3)N1C4=CC=C(F)C=C4,3.8,0.579783597,2,2,-1.8784834541888629,16.073743730480196,7.106945130447386,-12.98025435199286,12.893486079218684,-20.17143485209694,34.23548310010179,-2.875635745109858,-16.92385182283505,-13.267228636359187,-3.50858624291607,-6.836522431591158,-2.2392949514541525,0.9991855721439464,-3.970004033913358,4.625288172439303,3.0768165674433523,0.21818776380828891,-1.7554747480297754,-0.20206938319159432,-1.420593142743191,-8.750408972768614,1.7892542153037365,-2.1966199285758194,-0.10055082155058574,-0.1159513976360974,-0.9901107717135095,-2.4751924380243184,1.036743401652066,-1.9260673714096441,0.2387820232500433,0.7227073847797423,0.30674300379231073,-2.229610537478455,-2.9202201920924393,-1.0101178414946583,-0.3741517904697168,-0.8938675952412173,-1.2552703521838264,-0.9277331343336106,3.2540362131177702,1.2777912930942277,0.7676144725884979,0.9707864108833997,-0.7629113758881054,-0.9731154290587302,-1.7246609443632956,1.8194349758845565,1.3960354799637664,1.1685744644821991,2.501220854011647,1.3840827523884796,-1.7919592266882864,2.0370077246255556,0.32204245044335106,0.507450644259205,0.1703702891727434,-3.1514959769073916,0.24875742397158684,-1.7874268213822606,1.2910251606579344,3.8028126319378788,8.070110133226116,-0.8603423547111877
S=C1N(CN2CCSCC2)N=C(C3=CC=CS3)N1C4=CC=C(F)C=C4,5.0,0.698970004,2,2,-1.7942877553324956,16.613399545160508,7.300890794929018,-12.410672752474964,13.029785203297408,-20.887653530437074,34.821442541944954,-3.6325369412193487,-17.43771401054679,-14.78898653085359,-3.8999403223143023,-7.746326391953556,-2.2708712656631516,1.3748479069187838,-3.7621818131373703,5.386556354266917,2.85807216915749,-0.009075296469680593,-2.3362542911516773,-0.39850884480859006,-1.373705318233333,-9.474542422649876,2.242073428077342,-2.2008357300352093,0.10596074985427856,0.15874862733281436,-0.9400729798599416,-2.2822032017942995,2.184815643473797,-2.5285814665668482,-0.6564285167648152,1.296901348780476,-1.9095388695613205,-2.505006773539159,-2.952378630014286,-1.1285715462056076,-0.09248238387361876,-0.3532655797069885,-1.6175648489234906,-1.4659294260231295,3.156743667209421,2.097524438609346,0.2676137847835764,1.9769298358673126,-0.3012878364242191,-1.0637721218395435,-1.6890034938300895,0.5144863353732979,1.0838091397781704,0.969877238280319,1.051940111785619,1.1773638758840201,-0.28238494534932673,1.5617259212473937,-0.2509462773196444,0.22501493238458062,0.4986345180414758,-4.472644468868432,1.2802884367977212,-1.0018316639121163,2.2415477970649555,1.4520623837585536,-8.747448409114577,-2.783787079131725
S=C1N(CN2CCOCC2)N=C(C3=CC=CS3)N1C4=CC=C(F)C=C4Br,2.0,0.301029996,2,2,-1.336459204914059,16.951508128243734,9.16755575126458,-15.965119494739215,14.195487799763246,-19.711185878968397,34.61235625115197,-4.26789651214039,-17.916373409145535,-12.887961102993724,-4.649842290714021,-7.288105940575009,-1.1593993886077794,-0.08374554771917106,-3.1317434089812335,4.071169560289071,3.577484515904538,0.9328875219469948,-1.25554068149541,-0.898222705152736,-0.4548148378413142,-9.815940325673035,1.6693477707993492,-2.4899358089756887,1.2692202229943574,0.4441061862529528,-0.3550226568647775,-4.504426020116788,2.2850228514602815,-4.393268964127865,1.2276073991273129,1.1757650660116659,1.582359060078747,-4.006333999715354,-2.8169284503362815,-0.379965146282523,-0.7364607241683533,-2.4142724774060054,-4.018702098973726,-4.969815461726974,5.938147210820598,0.2513168728925257,-0.2719893442263729,0.18628336830016506,1.4078457959899637,1.0765182121331494,3.9353552795047615,0.7281105079106028,0.6795653118576606,-5.334399710927348,-7.15247173710738,-0.1403398761616115,5.877579670473016,-3.6067834110586054,-3.362273000746923,-1.4333196708265303,1.3587339023829672,-2.082512493408476,-3.3434797907238685,0.7891993487297033,0.5321963079882912,0.9698158958466099,7.115337466665633,-0.7428767847620492
S=C1N(CN2CCSCC2)N=C(C3=CC=CS3)N1C4=CC=C(F)C=C4Br,4.8,0.681241237,2,2,-1.4444281442582738,17.447135896213737,9.442563123171292,-15.496893695615228,14.520308411089676,-20.378086639160806,35.03656394599739,-4.851263774638056,-18.488836277459043,-14.343579403275768,-4.990201128141923,-7.955409125710891,-1.291862129346753,0.1799964150669302,-3.006044051809492,4.873414502016212,3.5648749101362607,0.8478930497802809,-1.7684034976722558,-0.9394196635789793,-0.35138857147194597,-10.618429107783246,2.1709823794112286,-2.5017798352707565,1.695547382852957,0.672695588641419,-0.48435740989605297,-4.276922800898817,3.295088934949088,-5.039143034338083,0.6005877056637314,1.7548058008141112,-0.6586317425785795,-4.346614672962812,-3.011298748995222,-0.6627846196620684,-0.555579872098394,-1.8286557959849465,-4.276976405481451,-5.555824494113137,6.022903035124535,0.8902363188132644,-0.9537945863616021,0.9949934358538088,2.0541086334521363,1.1309216646220712,3.9475993164540695,-0.6080841868688794,0.4988088183927212,-5.393570542235858,-8.735167605133785,-0.31503804706928273,7.416066875964907,-4.230447785320301,-3.9711260092516807,-1.7750147374808367,1.77159775458966,-3.4930627356776456,-2.262686120461746,1.7048152103624703,1.551136605462966,-1.438131451895674,-9.417238283004314,-2.7435174087917944
S=C1N(CN2CCN(C)CC2)N=C(C3=CC=CS3)N1C4=CC=C(F)C=C4,3.2,0.505149978,1,1,-1.6423430927617713,16.15880520210927,7.063382685122127,-12.547161670403518,12.81151937577295,-20.592419120942086,33.92260822683842,-2.685012624041806,-16.30083408986376,-13.315292454539566,-2.4311513537016007,-7.17299893562813,-1.7202455439066013,0.7080545362753119,-3.8127040249106994,4.247083338834329,2.518084058983387,0.01732952399894179,-1.1802421813182182,0.09312169983799651,-1.4698396479904758,-7.954173247098029,1.6620358533473814,-2.0016906386828985,-0.5895102532495586,0.4728107440633958,-0.8951118026165763,-1.4104244593291229,1.2499218917539052,-1.6371880708606255,-0.4029737894247516,0.07960773351661125,-1.6024769188017294,-1.6891883997084238,-2.1611688632746873,-1.031792759942693,0.4822544197368025,-0.24919307265746446,-1.259929028698219,-0.9469893576943413,0.9469294554525809,0.9646218058753863,0.12844244901890428,0.686971131485918,-1.4023348075169042,-1.6285010700926739,-1.7638824901876258,0.14665998421171259,1.1843278429949364,2.40138104710119,3.1488155789939754,1.1154377700585145,-3.309039027315473,3.0454663102708732,0.9481396087270368,0.7753697749053562,-0.8165548466827651,-0.744432874557424,1.9592497980937051,-1.3645402547753052,-0.1128788869698555,1.1776953897385694,-0.2550865000469676,1.4549715988767116
FC1=CC(Br)=C(N2C(N(CN3CCN(C4=CC=CC=C4OC)CC3)N=C2C5=CC=CS5)=S)C=C1,2.1,0.322219295,1,1,0.4238981785902917,15.233390582066798,9.749042007656362,-17.66241652260882,13.479526139105399,-14.118036811339636,33.29102298735086,-6.58877526975742,-16.361340210884148,-8.063427085253542,-1.3027270348046012,-6.50662905620494,-1.0093595604900545,-2.6520812711447497,-1.7721649226871057,5.416046881092602,4.000199517149065,0.693243455587605,3.330848248431853,-2.151762512635703,0.09053197531412947,-8.637401347379026,1.0094108000879105,-3.9132148590132214,0.46596571908769935,0.5529357236576546,-0.7550772311757176,-4.902763376795762,3.599838015359123,-5.0798469333781835,3.0081446244802295,-0.011188796378425892,-0.6762467998145457,-4.435979466931727,-2.123498155221159,0.47466906703997946,-0.007168669093577833,-2.1757239100880406,-5.9489870842127255,-6.928899547556474,2.387295190647525,-1.8297066109052809,-2.6046158850182075,0.15076065514695172,2.88000088536221,4.119106660074758,6.656998730995914,-1.138890719966672,-0.37782394051074375,-5.601455101888401,-11.13345872679669,-3.698017185339401,6.793729968699239,-5.844282134891785,-0.29649437083496255,-1.949466609929498,-0.26672742411494527,4.769606967202833,-1.4117957178183982,1.6191891618769017,-3.3368394467413838,-3.534734798288467,0.2300117894502904,4.56881803064168
S=C1N(CN2CC3=C(C=CC=C3)CC2)N=C(C4=CC=CS4)N1C5=CC=C(F)C=C5,18.0,1.255272505,1,1,-0.18443696343110177,17.373465193958868,9.897029238815195,-14.827320400324927,14.045945811162406,-17.21813039694981,31.40916701844274,-2.5729445617427236,-15.011045585115802,-10.117514913271094,-3.104651537410341,-7.5560736788318605,-2.136861344565763,1.2897573279550338,-2.4870526236846344,5.194969757255535,1.8858704866101623,1.0324766336052489,-0.2417190707805069,-1.373718849138997,-1.5658792214315915,-7.055001424014841,2.3378386774666735,-3.499544311789118,4.508833663442423,4.492409471528946,1.6213850023696708,-2.384206861549247,-0.014638749449748193,-2.7647919228854665,0.5291595454445314,2.041363322931183,-2.942027479228196,-1.867330246568067,-4.202768903727028,0.17840092153737672,3.6918585595085545,0.7086486443571874,0.8334523061631777,-1.8490246346349337,2.628047847958189,0.8527983797076248,0.3408898114956005,-0.6328457930632526,-1.6869337523304664,-0.7724210444253032,-7.831289171242496,-0.9797788872720534,0.9199597953058335,14.990603404442473,21.569768256714717,3.3409989665423665,-14.31930328740305,12.5236300428873,6.686501532889447,7.9376431130472875,-6.057967273684159,10.973613258600654,5.663844520927085,1.680454298324767,-5.778734906104713,-3.447267487045081,4.486161642736427,-1.0813662851734787
S=C1N(N)C(C2=CC=CC=C2)=NN1,4302.0,3.633670406,1,0,-10.84019596725884,13.930238067432798,-16.566753750304912,18.34579392218455,-9.142196799518489,-13.168766703368044,6.4806285606988,-0.45307262992902453,7.575001843210729,-8.24605004879237,3.4430690841778637,1.3096738468534417,-2.9515274620417076,3.714650715613061,-4.875568805603686,0.42067119249444807,-4.5939899868962915,-2.4246985742022527,-6.806363308535098,1.2574613598260276,-4.226931705238398,2.3874414815358236,-12.545442284362377,7.355223250381718,-6.2287102458169645,-1.1176532357227236,0.3941848792069273,8.72628697846004,-9.251347612783485,14.004771868371044,-10.170552948106382,-6.351239297275497,2.7845620925102184,-2.1397691640500316,3.130042409218482,-0.729737250224908,1.8144962555471116,-1.1466099073789817,-1.8334207961854074,-0.3159807691132736,1.9971912548386932,-0.5443616591375382,0.8870342096188724,4.8851413692523495,-0.9921641688138934,-1.8292516513062547,2.9215675423484013,1.001684007103578,5.27527385537649,2.7067366548867917,-4.617745919223203,-2.6568987703213076,7.273433683323409,7.806259852777243,4.528991918036716,4.204188733681749,-1.4315259563225773,3.749163253342594,0.05315995514356933,0.11564554716368922,0.3211130521285694,-0.5103139969845709,-2.093566469398358,-1.7607627066105103
S=C1N(/N=C/C2=CC=CC=C2)C(C3=CC=CC=C3)=NN1,2176.0,3.337658891,2,0,-7.876904792331957,16.084034116874342,-14.879934707221787,16.797844913601143,-4.338108781409161,-6.285608836071872,6.3785099205897655,-0.3626785039669136,12.564317180863439,-11.509219619084398,6.328354426204995,0.8619726675270639,-1.693361242632094,2.6040683743617845,-6.235226778553357,2.8028518825700166,-6.986637516459294,-1.1487612412716832,-9.406186628587262,0.043819656053257876,-3.6382685834888604,3.5518811054037873,-18.83949667585147,5.219263368682721,-4.819184672540361,1.6603870773148,-0.9876714649295384,6.025505591716424,-8.917143545669195,10.279410562182811,-6.516577810655462,-5.979904522306408,2.7662653592867956,-4.823667504536167,1.6289613225382729,0.7396259589108187,2.9015130858932356,-5.6856193240291475,-2.42252456394934,-4.861429231597365,3.606701657538227,-0.7214983888183131,-1.2521446745412836,-4.499792806985727,2.8187839927238496,5.724521412079722,-0.30660113207831513,-2.8948812928224874,0.6042003434079052,6.083729365396351,-3.327592415911252,-1.2450663780804962,-0.9958954301629304,5.1916851363015555,-4.739182514198376,-1.2944363817731697,2.7626846490828134,-0.9764656364017048,0.17734836112662658,1.8402068967397962,0.637536967455146,-0.034185670070590674,0.3353909646019898,0.7674404013809074
O=[N+]([O-])C1=CC=C(/C=N/N2C(=S)NN=C2C2=CC=CC=C2)C=C1,977.0,2.989894564,2,0,-5.425424246479694,16.06150214514425,-12.063421898132345,16.99026653402688,-3.3314859226122957,-2.816318150399607,4.181754211366512,-2.2398541972736132,11.401776631915565,-10.328629430528077,9.506870887186105,-0.7650777435792785,-1.3834315974639029,0.7053501060083995,-6.49843956645864,3.927855223447725,-4.988880788170985,-1.8979914813843402,-7.911545874325524,-0.11905562801933621,-3.9316952234873086,5.691992947680816,-16.458701746607204,0.7033567824415795,-2.9099775379663013,4.310250366994134,-5.786707964679744,2.3668415256283146,-7.841071805436642,9.737248622473528,-9.695442039591999,-7.455236899945691,0.14267831898590438,-3.731421924902503,-1.1563483817594733,6.606891040207693,-2.1574845157254234,-9.952961661704226,-0.5243652887874124,-4.85389987153424,3.7827208945465487,-2.1341666902028913,3.3979267927900425,-3.1198724005034704,1.813243412337821,6.1733140095548835,0.9487964669828738,-4.742781041331084,2.09307242647994,5.849955622873041,-3.902811200284773,1.2463495079546623,-1.7110819916063484,3.2362239085170987,-2.4871735749487027,-1.883487292908336,1.8420123165029687,-1.3049194694119446,1.3468023246687033,0.7386051482234542,-1.418484640319041,0.06699265016916439,0.9085337968433206,0.5221538037241064
S=C1N(C(C2=CC=CC=C2)=NN1)/N=C/C3=CC=CO3,1757.0,3.244771761,1,0,-8.979211521461636,15.246806029438591,-13.451924691782851,15.761615618191012,-3.3008320548308787,-4.716580668253956,6.166467988936354,-2.0745114429226517,11.47597708432082,-10.96422621212229,5.516516682727694,0.7388617143531674,-1.4265802773947518,3.3690762545782906,-6.681260184211259,2.4322582667438057,-5.502389002630072,-2.634022754583997,-7.75468327889576,-0.6204776333274135,-3.9692078310279126,4.435781627545864,-18.7479622517615,5.137625599143268,-5.361039421058116,0.7559889155666214,-0.5497111349523561,7.353282367303537,-11.076222324530091,14.273477080672842,-7.02072904037653,-7.5714257818923265,3.503105595769274,-6.325957516090783,4.434663931152474,-2.6313291552570446,4.634749196415025,-5.602214881765384,-3.6603183430174893,-6.174426457946081,10.088786867270278,-3.0854156092467875,-4.271746188633571,-5.098353375603823,2.633030297504529,8.235943812442143,-3.0989373856852827,6.786900632773562,-1.4245410265644556,-6.039501484504219,7.315117592834221,1.0648801057185024,-2.171701384617826,-6.622698949152077,1.160030886408991,-0.40416764347991757,0.02229755164054847,-0.2155751373630069,-0.44182359762023,0.2567888762919807,-0.15806972862435137,-1.1763068335492404,-0.16706053497063333,1.1282801387328367
S=C1N(C(C2=CC=CC=C2)=NN1)/N=C/C3=CC=C[s]3,1425.0,3.153814864,1,0,-8.081889864899166,16.59338657802623,-12.507275227312894,15.792852518051074,-4.602381839341603,-8.001372068447424,8.050485821511725,-1.7885645950556768,10.792794138787471,-10.134426601934788,5.345282035954157,-0.3592621679383047,-1.6634589678938254,2.2939649073228217,-7.281130933702962,1.9390574856171119,-7.039954975510399,-2.6773807790982977,-9.385078234432441,-1.15979922678752,-3.9850268890391534,4.097114759090751,-18.535785545670368,4.87841379927079,-5.739956012118165,1.3160857013555067,-1.4924494988371468,6.203513953130575,-8.970874444094589,11.174724830508822,-6.403261634480288,-6.758563001750407,2.495933573398728,-3.8708733684112153,3.7529421008813406,-1.7849671981307111,3.0375211690921193,-2.948989166958361,-4.455285053542481,-7.935442174947684,3.8312808409408032,0.9206586405333762,-2.2691988438306443,-0.6178175528911454,-0.9777761943753367,-4.757948758999715,-2.3126450087354375,-9.698110083337795,-11.379715316680633,2.999098964028347,-3.2941573067364747,-2.629301028774593,-4.087902623279279,-2.578587038518258,-2.102785923763725,-1.0282699612789992,1.4327910396190295,1.2131252961525711,-0.4636976030002046,-0.8849481517089436,-0.0864216781557012,0.14676012163736724,0.38932382391530357,-0.17974993879064707
C#CCSC1N(C(C2=CC=CC=C2)=NN1)/N=C/C3=CC=CC=C3,1555.0,3.191730393,3,0,-0.5508274444539576,5.1981417023763274,16.947579038673304,33.05026159912078,15.819845984332012,-3.2041512191170796,-10.39756065805438,-5.2674540775200915,-4.519778759863169,-3.7660722087329006,2.165444994877734,0.3148605264681452,-2.534212732615287,1.9369428171840166,-2.4336690631624105,5.537438437353333,0.649556246556489,2.4149435038974385,0.9078143379828773,3.0556452390496043,4.743692313459214,-7.397390441470499,0.7051289793867527,16.76537730278059,-3.9519540712923473,-6.804828256959308,14.084609727155245,13.131244896107408,-1.920078620617638,-6.05763508047266,6.58898770986239,5.281284028868154,1.3712241386803035,1.779154257438519,-6.077726671203582,2.355683797520786,-5.240553447872873,-3.5604142974311412,3.6729850448849914,-2.118074924463996,-0.554197529156668,1.0773919162526817,2.2059744987385135,0.9501576345248857,-3.0937183277288667,1.9547831546054668,1.761094911041048,-1.183568281540604,0.8252786566386107,1.9986922685910375,-1.7106826673399715,-0.1369284631100198,0.13486728555751964,3.8920733884204735,-1.2268220110451171,-0.5997631818647547,0.5329794608191002,-1.219298226119111,0.29292041773452787,1.115558553938281,0.03206946777700442,0.3581266325747116,0.17443983865825605,0.31510567260095274
C#CCSC1N(C(C2=CC=CC=C2)=NN1)/N=C/C3=CC=C(OC)C=C3,1039.0,3.016615548,3,0,-1.6178989376587412,3.0795566680306217,16.46405236874174,31.43132487869038,15.021109926407288,-0.4436052050899426,-8.960378986437597,-6.0806653761061895,-4.8347182606694865,-1.4274763438784297,2.0193984947879056,0.16831218893679384,-2.645273257553161,-0.48105358477447346,-1.8178625050259534,6.392909068157172,1.3432020335104,2.9554393939279544,0.44874539539734837,4.6397975393423305,4.414391197903695,-7.477976634330535,0.5715111666661473,14.788229574309499,-4.806079084488211,-6.788645866547631,14.859144489603922,11.674133491989098,-0.7219019625138434,-7.708522910106779,7.8056437133623024,5.841690467552809,1.5098701708369948,0.6871964001882557,-5.735455831022416,3.347177209423417,-3.82789726127661,-4.650182740933475,1.1677294781943421,-2.6784474397921954,-4.177175055119517,-2.1606467936321865,0.8965709138460348,-0.1549323211059607,-2.0798815202281,4.889365446084008,3.1682388207983334,-0.16034590741006316,1.3114042781996067,3.186368867648746,-3.430203484329466,-3.4561703930828407,-0.9700562264087618,3.493472946814591,0.1046311586213133,-0.18915298054184537,0.7500504105219553,2.2291131499834163,0.10587694618419258,0.2582208808775145,0.27224648136058555,0.8113990717856384,0.07547637137295436,0.7888345379282283
C#CCSC1N(C(C2=CC=CC=C2)=NN1)/N=C/C3=CC=C([N+]([O-])=O)C=C3,848.0,2.928395852,3,0,1.3017928771467269,5.654549061354251,18.236838699897056,32.52303062488103,16.015663445286357,0.45391882521850985,-11.954240040316101,-7.0786027088563035,-4.366762659018973,-3.042182732924727,5.343195161643059,-1.5322029908696193,-2.23520386120652,0.5044898661987771,-3.3947882895433246,6.673450320330105,2.1276192688638167,1.714595447245922,2.4227591470344785,3.053263635728444,4.04488995383548,-4.6493643717208615,2.212861564781954,11.89775294810618,-2.614054947434998,-3.8667953148616094,8.445449426442723,9.202046316861713,-1.3853231156373094,-5.31855073438949,2.5678958528679967,3.339090715486488,-0.3283820699235736,1.542180820133566,-8.228111843669128,7.044947747482576,-9.043641207002386,-7.434879123375875,4.407502470160801,-1.551150186236374,-0.25593005859490614,-0.8480148255989056,6.503586478095454,2.211526693222458,-3.6519357675311004,2.2770709078414173,1.9256388519918928,-2.8006550322831276,2.3212396676489657,2.040998904668649,-2.93414521515238,1.3462122156997516,-0.011342504179017335,2.2806383064836617,0.6393769983085762,-1.1738425065834484,0.1259650288230198,-1.619301456738836,1.1531147878722081,0.06897680726810207,-1.7597197531056996,-0.14017868066829284,1.1562952405162459,0.11991211840912426
C#CCSC1N(C(C2=CC=CC=C2)=NN1)/N=C/C3=CC=CO3,1518.0,3.181271772,1,0,-1.1826587583103718,5.698798402555833,17.24690533357137,30.936976173100405,17.779788399926147,-1.053989903098942,-10.420186427047637,-6.098419658898388,-4.263124098234466,-3.6426973444294637,2.000375680299173,-0.1669025928777582,-1.6503971661835994,1.821168131394559,-2.993872522917023,5.524686959404402,1.6648314205070875,1.4179252674171607,2.4417287463924686,2.139297890393592,5.0741386892796685,-6.558640016733591,0.5645590236219626,15.813203359678779,-2.804209957349056,-8.02799274937553,14.293498308703828,13.681832236604402,-3.5528855963928803,-3.6666828441998525,6.412621222677196,3.896350339226542,1.724050412260639,0.23063091892437243,-3.6611028407199977,0.06376262430175893,-4.015329121069798,-4.359532302085432,3.481957041749091,-3.4300416681662056,5.797466526495969,-1.0611972470984936,-1.4321823413277361,-1.6455265068611862,-2.014494844187205,7.2789076733565805,-1.682688233076292,9.231676638351056,0.5332010946742254,-10.690418703091693,9.893246123082283,2.2464082927953655,-1.7531538949798808,-7.4411066789897555,3.281751683385206,-1.1002901697079095,-1.8460965963742275,-1.5640932297718921,-0.03298286030930339,-0.7873559630720395,-0.017157476593687594,-1.5872568347071092,-1.437507435828538,0.6548933651761945
C#CCSC1N(C(C2=CC=CC=C2)=NN1)/N=C/C3=CC=C[s]3,1279.0,3.106870544,1,0,-0.2809185666185844,6.117824830725869,17.672483993685017,30.754717133090075,16.758164274461738,-3.694390539197056,-9.367491095142967,-5.744965706788394,-5.39779749569398,-3.156766583793364,1.6195126664857409,0.1595583171742821,-2.4874826771014447,1.7818918200356328,-2.44516085171349,5.314328666108077,0.9131039747872344,1.8894550108914263,0.6697286377497669,2.4395215839014224,4.614429274437206,-6.766039901485009,0.037497219983128265,16.03246637731482,-4.124597461812511,-5.793294262951572,13.27433499138214,11.831846279270053,-1.6485530319996724,-6.006824998594616,7.943643135673152,5.472295867649666,1.1476067788562887,2.9956490552752038,-4.353621774427654,1.0654259556526422,-5.598241920550225,-1.4335138952569335,2.812657566608894,-5.083077760739019,-0.7444670462607406,3.2746281888360165,0.5203314931082228,2.9723122657706234,-5.148140054843378,-6.260279661307414,-0.9703991688149428,-7.9177940442017585,-10.539320580152744,-0.47131202345507134,-1.2360426959945052,-0.9522099447278146,-3.0364052247747804,-1.5966833362131376,-0.05300280460838836,-1.0411124186241272,-0.42915999469829963,0.3273097164337485,-0.46658462573431714,-0.9469593786329967,0.3043384156278464,0.30135735011692333,-0.5327968496518107,-0.2848508547092241
O=[N+](C(C=C1)=CC=C1N2N=NC(CSC3N(C(C4=CC=CC=C4)=NN3)/N=C/C5=CC=CC=C5)=C2)[O-],539.0,2.731588765,6,0,-5.00780578755509,-1.4131616302760097,27.62644534291495,19.955819217666622,11.610011744518776,7.460806355934309,-13.903592543020647,-6.421868470795557,-2.3228552155922446,-4.650148961851906,3.09776789766322,-14.116353291318866,1.2130728973800897,0.4015207219891896,-6.18083830940286,5.963436537917108,4.587487963027739,1.4012107946733299,1.3143155969914242,1.191515620575359,-0.7096556654289129,-1.2239992566020585,-0.3423135929592314,-3.0048909236653105,0.9565191973788993,1.3021425165051101,-3.2780724136342685,-3.9142913294873143,0.8885533605483346,1.9010757826967764,-1.5487733410015587,-1.221424364489932,-0.8797240412132619,-2.0524785016553735,3.0826241835441226,-2.2750055653022265,3.770302820955324,0.9512367214519126,-0.4872204405547638,2.0753551506762697,-1.5603068751636389,0.46155380592337114,-0.0812587990115373,-0.9972634646325744,3.774148947521371,-3.893265589699243,-1.0090770240067415,-0.9547394804671289,4.840879193566852,4.193415056734053,-3.796504562466298,2.3321346160166336,0.8198152592638194,1.0181266685972943,0.686188445946528,1.2219311041584182,-0.23967412921579967,-2.6324105192188365,0.4733499840856184,-0.15206585544693418,-3.3995447442876796,0.625689153259814,1.8354725426459582,-2.2746260923397457
O=[N+](C1=CC=CC(N2N=NC(CSC3N(C(C4=CC=CC=C4)=NN3)/N=C/C5=CC=CC=C5)=C2)=C1)[O-],648.0,2.811575006,6,0,-5.031776302532002,-0.5387079677783141,28.21837792410844,18.088958793574015,12.293579294464589,8.36788524310699,-14.164292596165147,-7.141186279934576,-2.2457801546703524,-4.764932460704286,3.2373114374930805,-15.185221644622123,1.8991601526535256,-0.9712120284711886,-6.494689553203683,6.6462942940710565,5.354091527477632,2.2866374833676133,2.074675271858164,-0.09544124685431114,0.09342468436678009,-1.5176089357901987,-0.29137133219035377,-5.875129966919072,1.3692243352683733,1.858597961678387,-5.615702320863453,-4.780800687737768,1.2247289506195895,2.8990651673884122,-2.9874981442080144,-1.9433955265968044,-1.1817628333863146,-0.6360965637123313,2.8496741765544624,-2.9414601739456385,3.8251436827291565,3.698921393900092,-1.9015938483015202,2.4984253901929403,-0.4541402492130445,1.2269677381947373,-0.7670944631422757,-0.009837201212671407,-0.03332766143036446,0.3175186737959169,2.0436867468720425,-0.0982857123140297,0.4507949610028605,1.24484354038682,-0.14335005308161192,-2.1893686446848992,3.3536486943088093,6.167436482882951,-3.819635382774695,-0.1753743900127766,1.3794812333323703,1.904355436126512,-0.1813351616942652,2.313686294947629,3.8725255511089953,0.621615480416445,-0.9598469402107523,2.5645511749503824
COC(C=C1)=CC=C1/C=N/N2C(SCC3=CN(C4=CC=C([N+]([O-])=O)C=C4)N=N3)NN=C2C5=CC=CC=C5,371.0,2.56937391,6,0,-5.880037598081419,-2.9078147806507575,26.819457201270897,18.78638521020511,11.303194774131118,9.352999209291655,-12.491115488652394,-7.104601277058813,-2.6751935256645805,-2.7668079912959223,2.567576458689907,-13.725779097523647,1.226534636905983,-1.4257617070579067,-5.590622086856342,6.807460073270933,4.875028325747978,1.765814992156346,1.1912068794704243,2.754441062862214,-0.819309233885565,-1.2662090876740313,-0.35190596299668286,-4.027010274042214,0.4719328816259567,1.1379609315508468,-2.2639304352381244,-4.746052797079344,1.9342279627372299,0.38434993681736274,-0.3338048792836192,-0.4464925706529168,-0.8895985784199144,-2.791931455445591,3.069265925185718,-1.264267080817962,4.431338650141651,-0.09952682652516938,-2.242289034014999,1.8768877752951916,-4.709786387972834,-2.231575450246264,-0.764193541311622,-1.4062236345246593,4.637267025432769,-1.5409010834754466,0.274443170142861,-0.28164504630232623,5.1000050259140375,5.098499217511271,-4.792033660869678,-0.11136422476767115,-0.10934585947964141,0.6942797563559409,1.7527831270746788,1.7380519723027594,-0.11078294155926781,-0.29340876767071705,0.4253581893399242,-0.6874502257742067,-2.998150367625441,0.7772775940695917,1.9130300593772305,-1.6995767668244308
COC(C=C1)=CC=C1/C=N/N2C(SCC3=CN(C4=CC([N+]([O-])=O)=CC=C4)N=N3)NN=C2C5=CC=CC=C5,658.0,2.818225894,6,0,-5.770722042989336,-1.933835913687205,27.488098827224015,17.038869059254882,12.005512189030288,10.068073560287832,-12.82389873494931,-7.669524199525455,-2.3478120020944826,-2.8629791116394085,2.7538306005386466,-14.747346999712278,1.8731752201851033,-2.506722440744493,-5.994783004319959,7.413544493406313,5.506908862150809,2.6483083120789055,2.0234975805547326,1.4730091547380828,-0.03600035257484771,-1.576650467194686,-0.33417912904238134,-6.713521935146247,0.9435857846535853,1.7008730009163098,-4.570257331104408,-5.494361784749627,2.160815423701949,1.5632679716704998,-1.8236639750183128,-1.166118561409035,-1.2289184929205523,-1.334284969639513,2.857962182079511,-1.9975347634891212,4.3124323655915,2.6536016856193445,-3.343728582752776,2.3014773985405665,-3.480540271529015,-1.28477369749571,-1.3608193874977927,-0.4152947280143676,0.943086193252603,2.393891317157347,3.1906156720466208,0.574110062327468,0.890322956964755,2.061728359152863,-1.145653059332248,-4.310432703893625,2.3758873869569945,5.7249489098330715,-2.6575963861774037,0.2966165224118392,1.4468884149400092,3.9151389017666136,-0.2529940537438776,1.557857455558242,4.052274448682641,0.6956486756254089,-0.9647582033705545,3.1819179012956336
O=[N+](C(C=C1)=CC=C1/C=N/N2C(SCC3=CN(C4=CC=C([N+]([O-])=O)C=C4)N=N3)NN=C2C5=CC=CC=C5)[O-],555.0,2.744292983,6,0,-3.9697588681950657,-1.4477437202233978,27.96869443631187,19.70203394743965,11.946163687587708,8.501595139745351,-14.2845286016425,-6.596946233931567,-2.5230235256809075,-4.219761555987117,3.5429813836839035,-14.364125916409641,1.3703526399029955,-0.29737920116233296,-6.3483498686759825,6.500637681132331,5.329761836083566,1.1295445603270335,1.6089387971283338,1.325305135704624,-0.9524941551340212,-0.33950451618862604,0.08879139902155851,-4.548389369823646,1.3915548627240533,2.145222565938829,-4.995322963613143,-5.1167940097587925,1.213962890726472,2.1158807385106844,-2.7949500379052545,-1.798811895251719,-1.6920195853483755,-2.3017857563007906,1.9907141678204672,-0.12553043746113823,2.0084840354402336,-1.0184604178210726,0.05892573804227283,2.299319396602748,-2.014050693081526,-0.26720814366943535,1.8460452705281314,-0.6793377764112344,3.7344936063506813,-3.9456124941381123,-0.8258689453583127,-1.3638093540455951,5.702257819734396,4.121088082527252,-4.537701763144342,3.090019935526555,0.6359682669056738,0.8520050988872387,1.4221728485005978,1.055821751069559,-0.4061969560576181,-2.9770377640449093,0.5127492346815065,-0.7833525797438337,-4.060341358622835,0.047209837045048685,2.5348118457232878,-2.5356885726084606
O=[N+](C(C=C1)=CC=C1/C=N/N2C(SCC3=CN(C4=CC([N+]([O-])=O)=CC=C4)N=N3)NN=C2C5=CC=CC=C5)[O-],569.0,2.755112266,6,0,-4.295786577021267,-0.5997364749890455,28.453816855069228,17.933295743228452,12.686995309825784,9.313718415175464,-14.474486242440003,-7.488291998450581,-2.414298064508994,-4.25170370433066,3.545628309245395,-15.376198507714285,2.1147921568786177,-1.4912686537211304,-6.908967589384576,7.019683811684191,5.971232668305695,2.1012319379570767,2.190670371686121,-0.04749461574976141,-0.20379258313372442,-0.6234102834977474,0.03477490643073169,-7.1972597199494786,1.6933224714619466,2.592750845896528,-7.222443959108893,-5.82894136840438,1.6747311771467688,3.0106368304435196,-4.097612660889351,-2.5054892405715856,-2.0213661028540657,-0.8332060328063524,1.7751752071650586,-0.8918423320713748,2.2166994587080895,1.844478625623096,-1.3038749128455585,2.6953080958331452,-0.9674524925869703,0.5117729730995257,1.0720043319708958,0.23814424155918779,0.01574500645794061,0.009146093228095061,2.055587171062264,-0.41105843193622427,1.2851077872543744,1.20339438432615,-0.948677928363743,-1.2494027206485034,3.0557422551771536,5.850932513617861,-2.8963898282451432,-0.28582156859338015,1.125016080434108,1.4814863893027228,-0.22368927889888554,1.5259669030917076,3.107902774211264,0.16646118350848393,-0.2543718260042805,2.212806599535696
O=[N+](C(C=C1)=CC=C1N2N=NC(CSC3N(C(C4=CC=CC=C4)=NN3)/N=C/C5=CC=CO5)=C2)[O-],662.0,2.820857989,2,0,-5.514324626575889,-0.6091207670775465,27.36295046513475,18.42159619674766,13.777299409308347,9.259022605642778,-13.573408218792629,-6.998357602977661,-2.440052648647938,-4.092350444043796,2.8371093140857697,-13.710963201143793,1.7306770495321644,0.4697019312384163,-6.78576064419641,5.868710644943463,5.448810173736406,0.8215267996626094,2.3792087152447228,0.4716595313708779,-0.22993246657630792,-0.8601561916844545,-0.3558882911203931,-3.092856861352596,1.792702698059726,-0.11857458057484262,-2.4759153865165016,-2.376180576736264,-0.679184608731452,3.7514902205567173,-1.5890759595529242,-2.4024460001926817,-0.6701821473775533,-3.0844794697204474,4.897716801434173,-4.259983210437668,4.633463031536169,0.012597967968507982,-0.8766801036054068,1.095488640595219,4.74282773980502,-1.6069542117399778,-3.1497696470427368,-3.469726134802542,4.52736020746437,1.6896865609718548,-3.8963335930204566,8.723371683981552,4.177528434753225,-7.5020548343231654,7.22050906776956,4.18602772778362,-1.1335930216886672,-9.426400040242692,4.567536160700252,1.2845761187473546,-2.427758595141046,-3.0224329000801085,0.013870039061278273,-2.1146516747359203,-3.1631590854090272,-1.4252933976487583,-0.010074025122796383,-2.170486071428819
O=[N+](C1=CC=CC(N2N=NC(CSC3N(C(C4=CC=CC=C4)=NN3)/N=C/C5=CC=CO5)=C2)=C1)[O-],991.0,2.996073654,2,0,-5.560779704779801,-0.05678382343351556,27.94536204602339,16.786998885362813,14.297767276040538,10.172468532356225,-13.761746474528614,-7.539810696677606,-2.609214467946491,-4.217696564482374,2.8461697416345833,-14.420956671066806,2.469029891897316,-0.8098936864301995,-7.015784389337518,6.598816853998928,6.041465804099559,1.62185325814769,2.999202461826053,-0.7104303320909954,0.44468987364350665,-0.9475654281252333,-0.2875198856069426,-5.8154678162989155,2.273720111909703,0.3947933914701004,-4.56732089155414,-3.328624295809022,-0.37396494012189,4.658651362479166,-2.8762903717616957,-3.0867166280489284,-0.9493115637804,-1.6986418225103261,4.758109968039268,-5.08406628288926,4.678316006156156,2.5417305122960037,-2.06906589866546,1.4152370522923696,5.630518401167622,-0.9424274923963184,-3.8131703066685523,-2.508720890603575,0.9225487639811312,5.389746873465426,-1.1129357246080136,9.134012114288204,0.0956015678446506,-10.005761268386939,10.37064631681033,-0.12620745656232268,1.2222137656920742,-4.394575725089315,0.3465802357334741,0.01774324146403967,-0.9065784050359956,1.0576302732800116,-0.6184369552099171,0.2600635073850565,3.526374117561749,-1.568573112472456,-2.507012967093494,2.463203627779928
O=[N+](C(C=C1)=CC=C1N2N=NC(CSC3N(C(C4=CC=CC=C4)=NN3)/N=C/C5=CC=CS5)=C2)[O-],598.0,2.776701184,2,0,-4.029840599477123,0.4036093695980521,27.518377254299832,17.994038982071828,12.966466043205616,6.755540102545636,-12.877048222913638,-6.958023645374013,-3.2488012789824072,-3.922910813669986,2.5998637051534343,-13.707378922210392,1.1518255471893133,0.3980684985212811,-6.0512141887577044,5.609455151354988,4.805087320837627,1.095814527040921,1.1804196507346856,0.7083937226083253,-0.6211590297351232,-1.0737084411805746,-0.6557457894856997,-2.9940601529022848,0.4304067117142052,2.131680464695448,-3.4650326742552444,-4.435368785462579,1.072254186998944,1.7186848268664712,-0.4156410235273366,-0.9100843288028329,-1.0555385667820791,-0.7023602285054243,4.420638165607985,-3.0959322349958396,3.00537467569582,2.6889874525184565,-1.1130856867248151,-0.8605740332949182,-1.8741260016834074,2.5277984349428317,-1.837422392101004,0.5295994274282119,1.8130803573186278,-11.382100827056616,-3.5501428675823306,-7.324033468340839,-6.056771061705294,1.9735284323670605,-3.194413006883763,1.2658368581064583,-1.9683052125791973,-3.801068495284293,1.665347303490242,0.6578297696537437,-0.8102457675656171,-1.1862683246898797,-0.2290977611586179,-2.28991989648394,-2.6466846087155056,0.8076550546271578,1.0216874667672728,-3.1874838010123447
O=[N+](C1=CC=CC(N2N=NC(CSC3N(C(C4=CC=CC=C4)=NN3)/N=C/C5=CC=CS5)=C2)=C1)[O-],635.0,2.802773725,2,0,-4.077681273416743,1.1659842065633301,28.147680813187094,16.199791292181338,13.520223665407562,7.625271055480796,-13.020473404405763,-7.728078130420525,-3.040075310017584,-4.005242817913388,2.7381276425413583,-14.770767446956768,1.731813979360242,-0.9041486033432948,-6.238293999461406,6.3818164127846835,5.467111513085821,1.9294136678983216,2.022090954470866,-0.6646095325944879,0.1566260499301075,-1.5026398004156463,-0.5472941188249841,-5.82096068257903,0.9514942012755746,2.679118022536758,-5.621352344655387,-5.318934193865267,1.2889105813405894,2.7894346730593087,-1.8267252901227886,-1.6012435517571608,-1.3463684100031381,0.6481179624573229,4.1411141229667905,-3.675023574351079,3.1120118678731736,5.318651614937847,-2.508105121590755,-0.4508206487813517,-0.6956502221634009,3.1396471430197286,-2.566436967981372,1.3593445739211796,-1.859075759783987,-7.121589849244201,-0.5342327221068021,-6.514706936402191,-10.191510220853335,-1.0345128952434586,0.3805386520947617,-2.991488381818437,0.47113008541098816,1.3317893645843757,-2.6841308741650387,-0.6415281201950952,0.7408868279352396,3.2411954862562204,-0.8213645453907172,0.17879192433275762,4.421685166366884,0.8359500923169657,-1.5492157460661957,1.523614814004804
O=C(OC)C1=CC(C2=C1C=CC=C2)CCCC(N3/N=C/C4=CC=C(Br)C=C4)=NN=C3C5=CC=CC6=CC=CC=C65,8.0,0.903089987,7,6,-2.667933086062252,22.333172448584733,-2.5038035855469523,-10.679415943264262,14.093188864425802,29.166685392951905,10.971731355583124,2.676607261419797,29.337522751211893,-12.378647598225424,1.679907732912988,4.251994470764871,-1.080404405872919,-4.865415641012455,5.294274824049529,-3.1940501889540296,3.9794661541600833,-3.3429835648673523,-0.4435606768763392,3.2972837889015776,0.19703044871166683,-5.101199175958299,6.0924852652684605,2.0944418739975297,-1.443097974045907,-2.0392053404832247,1.2568156697378914,0.39097885172828595,0.10995970241919041,-0.5339040241976694,-0.12306680848021445,0.28766159548659087,0.2983159831190213,0.6484427055498214,0.7799817912339218,0.851353825348703,0.900451693131313,1.4024716379347473,0.774307265944853,0.9815537971338892,-1.177681555182613,0.5630849440892528,-0.29443384512804816,-0.09430178651192125,0.07027985976634732,-1.1104108019919703,3.319958719879981,-1.49105157766151,-0.6254651560875465,0.6093895212133397,-0.9120168351542389,0.8750233177692569,1.2400260358354787,0.4349505935433733,-1.558023420860439,0.9734428201988741,-0.8128961624366939,0.48651729573843366,0.05331576699487649,0.5493796212006063,-0.9902839588074165,-0.9969756997261463,-0.05128976724835669,-1.2089410409628614
O=C(C1=CC(CCCC2=NN=C(C3=CC=CC4=CC=CC=C43)N2/N=C/C5=CC=C(C=C5)[N+]([O-])=O)C6=C1C=CC=C6)OC,8.0,0.903089987,7,6,-1.793094996882115,21.747158789179792,-1.818931131082712,-8.628816312847286,14.519613164945431,30.92358260400652,8.99071086425327,1.7452356787891032,28.28304700211762,-11.895460542395366,3.7816132575523222,1.7079478056697404,-1.6946434583513665,-4.310820170968313,4.226938886092917,-2.137275784636094,5.041745639339983,-3.3980749655433304,0.7998333470655759,2.9981719276026397,-0.04032682169409815,-3.0352908511855987,6.894673274801131,-1.1421363829348719,-0.43823049699870487,-0.0036379110285420222,-2.0116039341727974,-1.680492434101285,0.6685309380350802,0.2727033287115996,-2.4080197392875595,-1.128723653477615,-1.4756300910724036,0.9965019642444887,-2.928961317677005,3.5907579151218436,-3.540731328946264,-2.433600473487279,1.0990930560869578,0.5782587413647463,0.07534914041446661,-0.7636090972152826,3.6032365632128625,1.0734847441939703,-0.8134658592346984,-0.8770957775478014,1.0336401844716556,-2.4926301033422344,0.9088208183836672,1.0666471869925023,-1.9520050083474891,1.872752170392912,-0.24191626652823464,0.2667434184813909,1.0501158577916787,-0.14468804541921773,-0.6839780038556085,-0.24308965325875384,0.742047182847201,-0.1987275025569003,-1.0462055311201712,-0.1893182976548631,1.108357311800662,-0.8944844274054873
O=C(OC)C1=CC(C2=C1C=CC=C2)CCCC(N3/N=C/C4=CC=C(F)C=C4)=NN=C3C5=CC=CC6=CC=CC=C65,8.0,0.903089987,7,6,-2.4292161348577475,21.947119662362514,-2.852180186819953,-10.565612097954842,14.207641658471301,29.819796549277548,11.448428258421973,2.526722395132024,28.769387879668866,-12.71194529218522,0.6785312998870202,3.666439560874352,-1.8476185893687702,-4.029804473450085,4.965536617370432,-2.4358936976000205,2.785677979487295,-2.5889690871693714,0.22374953429690697,3.3382740676590417,0.34658149432284546,-5.4681837039701415,6.3168043871426685,1.6136366810566287,-1.0372455807038448,-1.7183270465775828,0.8572581267549616,0.47005493725079495,-0.0790690203228466,-0.19808605530388773,-0.022729384466590574,-0.14732122814122628,-0.05343066074894419,0.015164713554189697,-0.0813021033631158,-2.1262481038887935,0.3772332235944861,1.5374959745232206,0.8055421465901242,-0.3622549662497735,-1.4832247330959833,0.34257125107310515,1.422869682598631,1.584949746171433,0.01245595197461867,-1.6574925625249897,0.24627252017179826,0.5569477379109653,0.05882530368522249,3.4821185878529577,-0.2656153147982378,-0.1624659717972777,0.06176242293232418,0.9044335408748061,-0.2045241881328104,-0.8142898719271713,0.6645208695887488,-1.252280327409631,-0.1614551412392507,-0.6850836887672351,2.1464417490293224,0.595047246884094,-0.3323099218651478,1.0421057932710085
O=C(OC)C1=CC(C2=C1C=CC=C2)CCCC(N3/N=C/C4=CC=CC=C4Cl)=NN=C3C5=CC=CC6=CC=CC=C65,8.0,0.903089987,7,6,-2.747108035923436,21.7875358673455,-2.764991767423677,-10.940150124698581,14.772772840568546,30.220207484578115,10.81300972774297,2.377155180298647,29.814937329487908,-11.642079903365412,0.8300972652450651,3.9675317780505925,-2.481831544176431,-3.89427715560425,5.139393552492312,-3.3413572314889497,3.1490945601142064,-3.148352838791699,-0.3774061328745927,3.4583139669684537,-0.16903951538344303,-5.280940761535999,6.9695627263473625,1.636183158171068,-1.4134398266620332,-1.5559318482044082,0.806505112750857,0.3037620370161788,-0.8411267118926783,0.626073193049615,0.3087438675889743,0.22457424370527876,-0.45363906244534835,0.6794921834671324,-0.3220568918193272,-0.902503203511316,-0.47627411070553943,0.699320525602298,-0.01885241157258591,0.5660995316464218,0.05232038480764326,1.7200128573233382,0.20382663890925992,0.9175389895577399,-0.3014783695926326,-2.1610301786459125,-1.5477100197631029,-1.8887580581487593,0.6461970075912953,-1.3874105119549702,-0.7793680124097384,-1.0827668587714534,0.4224047073616164,2.101137943864541,-1.3641840927299675,0.399390795415519,0.4579543066280576,0.5568093329497465,-0.47490781816466326,0.1728498165901604,-3.0351077519414247,0.2923610066684245,-0.08369500230980616,0.14828314408594834
O=C(OC)C1=CC(C2=C1C=CC=C2)CCCC(N3/N=C/C4=CC=CO4)=NN=C3C5=CC=CC6=CC=CC=C65,64.0,1.806179974,1,0,-3.5562695554850503,21.396379090775206,-2.540163283627578,-9.633975191018322,15.115029615679086,30.750273834388985,9.551141073619377,2.7584161585973876,27.97694622053268,-12.224972509163605,1.3152212227820494,3.043634906734501,-1.965043946315169,-3.2552756005372747,4.214708170280661,-2.7086354014254614,4.336697784703193,-3.396680047519336,1.1905127031004876,2.7115136931436026,0.15370308942511926,-4.111648312610487,5.316463035253225,1.9458437856130453,-1.378970023071291,-2.378975352648778,2.084356327214987,1.5915428579968316,-1.4666812380882492,2.638725847600969,-0.4520593013877062,-0.895514872512086,0.49737730661777685,-0.12823066188580015,0.8489491396460126,-2.6288500184295915,1.1045420183860022,0.18528488897736764,-0.5361400099792436,-0.7743656326937546,5.415405266341727,-1.0412898190981934,-2.972543266000282,-1.591777540352371,0.5426419918471563,3.121310568758033,-1.7595949360827634,6.389410061800825,-0.5726730386839631,-8.516189084231122,7.895323329187245,2.055037287917262,-0.9977434351314585,-8.285164203611394,3.3873210636255555,1.0283781423122995,-2.412704517796777,0.4732318878623839,-0.04413909793888755,-0.3369187590845586,0.35486243196280703,-1.3165759804188688,-0.6653703575669528,-0.8889527566300984
O=C(OC)C1=CC(C2=C1C=CC=C2)CCCC(N3/N=C/C4=CC=C(Cl)C=C4)=NN=C3C5=CC=CC6=CC=CC=C65,16.0,1.204119983,7,6,-2.8380415464959556,22.208400465938094,-3.2987548118828918,-10.01560122889845,14.018843958752544,29.78405141213626,10.613381544705273,2.212997828969313,30.047180527166724,-11.887757985482999,1.1012208697488166,3.8575375777626024,-2.054966354612429,-3.934063712720212,4.996598190262147,-3.1046046348502743,3.037703034312066,-2.6090252787091255,-0.697702787709244,3.072164748197517,0.12068452938787123,-5.209321078254601,6.489208963900115,1.3916115427998388,-1.2644681209042747,-1.7800754408205923,1.1124885695051419,0.2147285181199836,-0.03492794067412607,-0.3147599269264775,0.5917225150214748,0.5053955977177618,-0.009520782382426188,0.543715550415186,-0.3123942204321638,-0.1175886065927628,0.33025383228215643,1.254326347973221,0.2543697792774569,0.3066495329838529,-0.8824238719079555,1.3055038714045566,0.054565859953213315,0.6905041595805876,0.26519769709136576,-1.8103378648470245,-0.9161011231559983,-0.9111423531084535,0.9511493158623674,-0.17420312874626812,-0.6198938586696355,-0.33192370321246173,0.5162154754012911,2.4458325816313256,-1.1779079493901092,0.14832304443742247,0.6939097620485083,-1.0467461541244967,-0.294032889288627,-0.05671501241088639,-1.619240661487064,1.0400903886491166,0.09122256189695005,0.3857041942736913
O=C(C1=CC(CCCC2=NN=C(C3=CC=CC4=CC=CC=C43)N2/N=C/C5=CC=C(C=C5)OC)C6=C1C=CC=C6)OC,64.0,1.806179974,7,6,-3.5244649927580323,20.3329417889185,-2.7856228706999917,-9.903580182752993,13.759810352915546,30.92648352640521,11.144762655322111,2.414993533891786,28.32517216939424,-11.289691773635054,1.854466147735725,3.455189688597343,-1.9684291127040638,-5.2342764701772655,4.9950299555618445,-2.2236285339319597,3.852434116442291,-2.401633124269185,-0.21103103062937037,3.588743019677477,0.18078888015026168,-5.0054303939282425,5.470004323956391,0.8360463093110991,-1.8127614644791348,-2.0812157531710334,1.8988204693245483,-0.20038388398288404,0.9834261597902473,-1.3869590851519362,1.054445978896849,0.5282024080060946,-0.16041466396519008,0.32883528171427545,-0.2953640261267359,-0.2935838540556689,0.47431091741422854,-0.4310720839301161,-1.7193641049392894,0.19619349943501938,-2.82714229811753,-1.0704537653151942,-0.9390094116080858,-0.3876743691939312,0.6106727814386317,0.9361148711047133,1.9331704246265948,-0.4010614432396735,0.3425792737864952,1.465789738467974,-2.3560003575577477,-2.2579579290161513,-1.0755829460666373,1.0754234657874195,0.37771998527952705,0.9044271953630487,-0.20882495552546948,2.9705937172069934,0.13593901101701136,0.05566611881620053,0.6600086683403946,0.2239919887985374,0.04425363709753247,-0.48072956123142874
O=C(OC)C1=CC(C2=C1C=CC=C2)CCCC(N3/N=C/C4=CC=CC(F)=C4)=NN=C3C5=CC=CC6=CC=CC=C65,4.0,0.602059991,7,6,-2.5780618261686525,21.63781830562052,-3.0716330645064596,-11.235934544274404,14.74405795924617,30.06863666434134,11.558920706400604,2.788248470509774,29.44153121808344,-12.372487495370965,0.7631128627998448,3.636762375776447,-1.9510359342814279,-3.8184480350512007,4.8380618828523545,-2.788903700052912,3.199827431426383,-2.443794081267921,0.41496087688910344,3.2195086605763326,0.2578664866752808,-5.275083159743476,6.4134875911588285,1.705126892071397,-0.8017166886550917,-2.085686489843472,1.2311341389467136,0.3943115411039183,0.15737135892905388,0.06856678011488988,-0.5005160687790399,-0.3025344226486978,-0.17894840656166883,0.11087775734183855,0.12863189863197289,-1.934296826249616,-0.004670211552113427,1.4353843527330536,0.4462899435714018,-0.06340575746537458,-0.9216526624153913,0.3399128807121922,1.1335902460117102,1.8318779356112829,-0.31968766905447094,-1.8784258682362502,0.3498046746944561,-0.44857079131247984,-0.2541136606187815,3.1091897193612006,-0.7034877514568413,0.21496850174799678,0.6409402002941585,0.5901713911228024,-0.3293886320344937,-1.1832180459422528,0.8191869623368827,-1.3070309897502999,-0.32224979027739453,-0.20259693306910723,3.788876846866171,0.12258437565638323,-0.040502624076369335,1.2011841799744418
CCN1C(SCC2=CC(=O)OC3=C(C)C=C(C)C=C23)=NN=C1C1=CC=CS1,2.5,0.397940009,1,1,-3.2800131792892726,6.347916571691806,-2.2898774615040045,-6.554871573494672,8.782392647869383,-3.1690605464903068,6.656730334357681,0.111209417619168,-7.396581684091375,-3.9299931415829104,-4.044540339700106,-0.7119782837359757,0.7620421565782151,-2.18994705685231,-5.479344837753771,-4.548298206716914,5.818968860129819,-1.8013472352351823,-1.1254503813076775,3.395817792094031,4.693099221400907,7.9237337028566515,-2.625234765774246,-2.6150029818719513,4.611065901813645,6.489493129512654,5.542289377442727,8.122773233282777,9.319072841189445,2.6514216664139623,6.209424119789432,2.2655822815330744,-11.01728724508799,44.572492274730635,31.82237377466267,-7.6314362519410865,-10.262232336395915,-8.07824668342997,-12.772679596747817,-12.744081152101915,-2.215140778800042,-4.670378820860238,4.7706353983272525,-1.8817378315190143,3.982014380987378,5.581830627386383,-5.463994461397039,-2.143638954657698,3.4167072971890864,2.1932943482711207,-1.1526072202445878,5.319510180478845,1.9002805381486345,0.9107693113130947,0.5919301124589592,0.5542882521185273,-0.1390287135566726,-1.7247448560090823,-0.5687624575718819,-0.8012061041949059,-0.45712957134471394,0.21958093388879724,-0.13997406864730408,0.5208596520144655
O=[N+]([O-])C1=CC=C(CN2C=C(N=N2)COC3=CC4=C(C(C)=C3)C=CC(O4)=O)C=C1[H],8.0,0.903089987,6,6,-0.15645998232173416,-17.63883149851572,-20.403379678665868,-1.056495624335237,13.107528096497218,2.1845342184565917,-4.3473712125140676,-5.842260659339441,-6.604494085321134,1.0716355575374963,7.717437833406165,-2.6856334888389206,-7.294271640343118,-10.40712944251167,-1.839371554873474,-12.276825178044554,13.825278582289952,6.029560894850937,-6.896928580224373,5.177607650801952,3.0771860551977848,2.5803114666176192,-0.8517393287231657,-2.3210795019855603,1.0522846556046381,5.688355361708323,-2.0787522955795215,-1.8076140810524306,2.02491063010154,-6.282191271027942,-8.085735224884788,-0.8426510078507734,0.4202525416241687,-0.041801505192908976,1.2493871631424467,3.1069460327278398,1.8785822235148515,-12.96027350460392,0.2997335439482307,5.640945314163192,2.8536832661764286,4.057063458599627,0.43673254862681843,3.279843682278251,-4.734729719637488,0.07563109787214169,0.690734705513471,0.814798894893458,-0.5190796497151393,2.4072722968114535,-2.3876522466553576,0.5468970864358605,-2.0012954255435433,-3.236697544279539,2.9764094477105916,-0.6064822746308834,-0.5697436127681742,-0.18461922237840148,0.8894918416610668,-0.3011535256329331,-0.974629632178144,-1.029927953026481,1.2665045965095192,-0.36321016356003544
[H]C1=CC=C(C=C1[N+]([O-])=O)CN2C=C(N=N2)COC3=CC4=C(C(C)=C3)C=CC(O4)=O,8.0,0.903089987,6,6,0.09524369070315332,-16.774547173486354,-19.42815782615835,-2.1658299815900555,13.029653084910068,3.0004823504078537,-4.213679719754407,-6.174601975892165,-6.0345313885646,0.9421787755865006,7.68108470299932,-2.9502662585184263,-7.097028749611968,-10.256425123933512,-1.9061735014320123,-12.58629150375274,13.62948447417379,6.831134385659,-6.619852585132952,4.119318143954087,3.8216817900394453,3.187835229126899,-1.0338227337437662,-2.586737116261227,1.4860973149039036,5.874658149215414,-2.1823256920093654,-2.0476841585966086,1.9642189965151637,-7.286404031247491,-7.930623795277678,-0.5644415434675796,0.23308877928556632,-0.4671103529122123,1.3905316775829726,2.397705561576628,2.1071109877402288,-12.562293781624382,1.016827873964053,5.348152608892482,2.725259770934876,3.3707912257467485,0.4742242047132715,4.0106397842406585,-5.7288428398660445,2.1450303031057567,1.6736093804924206,0.7096397593419185,-1.3687879959527383,1.2464074812347783,-1.3361749803190395,0.9277564478016377,-2.2771653440529795,-2.8723392081390755,1.9399162848038196,-1.0291716707106175,-0.38576551187173924,-0.21628242737881803,1.0360360467961591,0.19207923283019604,2.16353634988442,-0.05080267169642198,1.4642670489301297,0.10996287080406267
ClC1=CC=C(CN2C=C(N=N2)COC3=CC4=C(C(C)=C3)C=CC(O4)=O)C=C1[H],8.0,0.903089987,6,6,-1.9493288615561097,-18.47341978387611,-22.851797844264947,-2.5968905322726177,13.008997764062963,-1.2773219683001722,-3.5991442584857785,-5.651408533838767,-4.72443705443388,2.196734525169124,3.304309671561744,-0.13007777935320822,-7.873913793254826,-9.541387267911123,-0.6287057178514085,-13.687880394974016,11.990452376787943,8.080409453360604,-9.454180979345644,5.612293711410019,3.8988909553733913,0.04972090182508092,-1.4896579055678507,1.0809970379221439,-0.17483173745964992,2.666422176730954,3.3870039428840317,1.2330477201862302,1.4223098050865135,-7.389165575527919,-3.0811587779463747,1.6080262211337997,2.757311716691928,-1.0665941422157759,4.9227562304624515,-2.251969756601752,7.919045350842225,-7.990619261151112,-0.17473265297323592,4.9989499182607195,1.4466799967199422,6.3680033225881445,-4.200827676201341,2.038517454295079,-2.8691088153594735,-1.7496519463963336,-2.368854891001434,3.232972794106087,-0.006559317087793342,0.44821978845467114,-0.7864533575041484,-2.718583342447952,-1.0162874281207128,0.9881508132476119,-0.27689459583243975,-0.22134061808702596,1.5851561967584769,-1.5573295808241636,-0.7622778910057721,-0.12983833509432186,-2.1408065859270686,1.1646363674425975,0.3135650202129998,1.801467622992364
[H]C1=CC=C(CN2C=C(N=N2)COC3=CC4=C(C(C)=C3)C=CC(O4)=O)C=C1Cl,16.0,1.204119983,6,6,-1.8993898166638568,-18.406788984965694,-22.438487759262895,-2.7893771712729523,13.433599282901076,-0.9131553459709294,-3.374644844041717,-5.686398958337877,-4.849483632981712,1.807625009330351,2.900567771281433,-0.1385813522485033,-8.100186032456515,-9.578659920290697,-0.9925987650922012,-13.584118243579832,12.386902882888814,7.9392892222723725,-9.522824610331657,5.573776720220579,3.755546769011048,0.09887374071399058,-1.8041373917680663,1.3151168507161872,0.10801122169416279,2.865613551430769,3.0954739589327183,1.750861069506205,1.3440279030823625,-7.886805332354376,-3.663883305286466,1.4202982117962848,2.5901293329935773,-1.1704592687614983,4.571660217085205,-2.531358195073634,8.338942784550275,-8.491167207652722,-0.4743451789720708,4.781878488822847,1.6057906658683954,6.000446540104927,-4.245406111819595,1.94619832426569,-2.7521542197682356,-2.1935496625299744,-2.3781398018051734,3.061787454047499,-0.18632263501212196,0.12312268462315094,-0.17988341994174564,-2.6721350547295315,-0.6783257755947975,1.9608691238223688,-0.9083391077671631,-0.4280811491628482,1.9252750316415832,-1.570384793578276,-1.1044260495737257,-0.5466165187004429,-1.8796881524879259,1.2851253164868541,-0.12373342705910861,1.650183952138464
BrC1=CC=C(CN2C=C(N=N2)COC3=CC4=C(C(C)=C3)C=CC(O4)=O)C=C1[H],16.0,1.204119983,6,6,-1.8943614347394104,-18.89599002157174,-22.24862953139854,-3.141544204456412,13.103159616323916,-1.8738850063999941,-2.862696357782537,-4.871292768067655,-5.241403328201445,0.9643385567843838,4.357922961670588,-0.12398008662258568,-6.496102923013914,-10.147852760399665,-0.47038183399742406,-13.736847657068795,12.998836359047903,7.126282622521295,-8.840300993806068,5.806160863688628,3.8970032260921896,0.1533655772205429,-2.2472304651795123,1.982428719179426,-0.4366659524730402,2.711240331225912,3.5588549839053205,1.5346315736734395,1.7909449246119271,-7.109517602357001,-3.855571843310414,1.2798977644769973,3.1390803373374814,-0.7625724427095802,5.865719990897265,-1.0241129898432617,8.193675070878832,-7.656956904974166,-0.6373765184034007,5.740237816251078,0.795056774543472,5.132436320638627,-4.172088963703587,0.9388912482060574,-3.1184597651032444,-0.7599779751744964,2.2207049398656764,2.726036907223269,-2.030956742897507,1.6494388731968475,-1.3702610882690878,-1.1865684629844453,0.03862777048551435,-1.7289728171751964,-0.3091126549953155,0.8326584491097385,-0.7110034817266223,0.24461661426230547,-0.4156273061994429,0.9103352071280114,-0.46820961581383547,-1.66446756747291,0.11898220672541296,-0.5672358135899984
[H]C1=CC=C(C=C1[H])CN2C=C(N=N2)COC3=CC4=C(C(C)=C3)C=CC(O4)=O,8.0,0.903089987,6,6,-1.781799184545037,-19.388131592790913,-23.439610269230332,-1.650143553016567,12.81956443887348,-1.1951127086668751,-3.2000400665778703,-4.450225020979243,-5.567596606194837,0.5558020305880409,4.447352319155606,-1.024384644467148,-7.798188152644222,-9.22824570873638,-1.038271515817346,-13.722641063953297,12.664481402399057,7.509114174781638,-8.444654328222079,5.572545863094453,3.7120183176220376,0.30820025437820237,-2.1641857866541776,1.8432063895517266,-0.33977901619582934,2.686316266062187,3.739672944858241,1.7598580669326918,1.8681216011224782,-6.973538791930569,-3.9894316915764025,1.1483867349789583,2.6268993285914743,-0.8898852202469298,4.459269931708305,-2.6089760180417327,7.159715490977303,-8.5977698394247,-1.535237846243042,5.293305250460551,1.459593748529142,5.719967243984757,-4.273286265774043,2.1072300437481144,-3.606401948341981,-0.34463009948838463,-0.20264222941637705,2.8497863800519285,-1.1756712528759385,1.9451687972992773,-1.6485190662168385,-2.0837206583153836,-1.2023763376399934,-0.5710393106460683,1.0914021023105074,0.24857065963652664,0.01955056012835897,0.27154656838307173,-0.18767980095455644,1.0463433603730259,1.4370799096154683,-0.6544098856370788,0.5501136982350958,0.03465696778223139
[H]C1=CC(CN2C=C(N=N2)COC(C(C=CC=C3)=C3O4)=CC4=O)=CC=C1[N+]([O-])=O,8.0,0.903089987,5,5,-1.115581441596379,-16.975700123289666,-20.50987753402614,0.8951587542967017,10.69684455971203,1.595993306015039,-4.866896470217111,-5.879308095775966,-7.642360718722265,0.16842205569275193,9.186742127987051,-2.3154278999625397,-7.4147642780858005,-8.98747287857692,-2.3392789826128846,-10.818069965677955,12.808300730387227,5.843201200775952,-3.774049567278912,3.755530848722399,0.8695531631255453,0.19486417080207083,-1.0562767696186535,-1.7051981679310162,-0.5707120496584872,3.814615350534192,-6.206492741822888,-3.1748851176068245,-7.616475909692464,-1.9028000696543867,-3.9316374962489746,-2.7110767163389786,-0.34051618574191733,1.0800958034222432,-6.909816487792028,3.316303736061378,-7.825114126751325,6.24488879150117,1.6656334729319524,-4.781477181701908,-0.5023975975092312,-5.1025481519103275,4.5791294024370846,-3.273724127318178,4.380473684884044,-0.47155266109206156,0.23881675083967635,-4.60459804853115,2.4071191389528526,-0.5103522405496287,1.170866345214734,4.075108640970049,0.961210922352364,-1.368549917882546,1.0705927582271921,-0.22929458465687205,-1.7448246384289912,1.846235611648321,1.3754189356174389,-1.2635850735683982,-0.0972658076284017,-0.5012014455226909,-1.6167053442745154,-2.094832159781825
O=C1OC2=C(C=CC=C2)C(OCC(N=N3)=CN3CC4=CC=C([H])C([N+]([O-])=O)=C4)=C1,8.0,0.903089987,5,5,-0.7733482598089176,-16.133306619099848,-19.461043096640886,-0.164436898967785,10.60563500590989,2.481943713924427,-4.747434566783637,-6.274589401643724,-7.24224993083303,0.25992186301341264,9.16767728589727,-2.6246516024414133,-7.221785763726852,-8.594403684307691,-2.454094361422316,-11.249254530778963,12.811181829744305,6.677568229849214,-3.5776510150336702,2.576488059878306,1.8889590643366279,0.8958443631765687,-1.1654760624765281,-1.9735339701732495,0.025725001127424017,3.979784769568633,-6.092761041052103,-3.344304457021555,-7.554657786014758,-2.893176043222893,-3.813314589037268,-2.429134540295802,-0.6311209248422266,0.4598576812545962,-6.474994198670241,2.5482487905151707,-7.524704865947197,6.3933693467293535,2.6512125496282355,-5.010397425371874,-0.6383953686015573,-5.807488214775384,4.718943013013196,-2.446018360394744,3.3088520864299964,1.5989402058072772,1.1612651807521532,-4.750849714770602,1.5690845411998011,-1.6368355307375375,2.25194132663962,4.416058978126017,0.5528239687806465,-0.9812053000594999,0.10823305001032245,-0.7515912060047549,-1.5596228878965328,1.762780019741258,1.4961325311779146,-0.8152759941229811,2.9852185987209046,0.5413348254628119,-1.2518291167367317,-1.5626210193547647
O=C1OC2=C(C=CC=C2)C(OCC(N=N3)=CN3CC4=CC=C(Cl)C([H])=C4)=C1,16.0,1.204119983,5,5,-2.9773256676986124,-17.8577192156042,-22.895492158827636,-0.5713842423523159,10.435597302075118,-1.77621804504883,-4.226593327117221,-5.842356723425491,-6.113714845054026,1.4064777075040673,4.900707475776456,0.25615555311474186,-7.695704828934936,-8.097812164089863,-1.2230916673010257,-12.259140449944177,10.975436478005806,7.977539893115656,-6.228313614005796,4.296237248675588,1.6888049614105574,-2.5847558779309527,-1.6389610984964902,1.6567892367258352,-1.5242940570392485,0.4945976668954855,-0.8164440756655128,-0.25883351177477026,-8.586122042294472,-2.889197219010635,1.3344652413453004,-0.2723938132966197,1.9452883645308625,-0.035202258201678015,-3.404949056570279,-1.911238393855786,-1.919726357864848,11.666825991135733,1.2865293269667049,-5.72722325161686,-2.0036220677640615,-3.0521102036503245,0.10939449630223803,-4.747997574579291,6.357432469852621,-2.317798060320063,-2.837461823487679,-2.3978023187608404,2.99410945983318,-2.6512184902589677,2.757462606814024,0.867095092155927,1.9159658651754565,2.898821504814745,-2.348776979362573,0.11611769973949973,0.2556436914022273,0.32435734822962464,-0.29280972293790863,-1.1162849173860243,-1.270232442460135,1.8203177118124172,-2.5766471748026687,0.11735370915500902
O=C1OC2=C(C=CC=C2)C(OCC(N=N3)=CN3CC4=CC=C([H])C(Cl)=C4)=C1,8.0,0.903089987,5,5,-2.9075862423540073,-17.673214480065077,-22.502030865731424,-0.9224977126630881,10.955766906138768,-1.4337025316570438,-3.86994451813376,-5.922514881309505,-6.221291286060565,1.1431209227945458,4.52629624844411,0.26720164129294743,-8.15740525000751,-8.08777824004853,-1.6157319943195587,-12.30260345176478,11.416730955042626,7.9517374278714135,-6.272526940459809,4.329806799495399,1.5645434819881725,-2.461591647027926,-2.005880966649911,1.821336126885076,-1.0773650590035264,0.8272165830947225,-1.300739896384321,0.33851104000962606,-8.650854695144893,-3.477346042684077,0.6367560537993414,-0.36150074006060945,1.8748007491659746,-0.1628292863445841,-3.6395435048924174,-2.260805485863337,-1.323323740714029,11.031871173316166,0.8815614707339032,-5.863084095045852,-1.841582568171323,-3.25218436510724,-0.05169137997727233,-4.633737630589471,6.343864294336947,-2.771239224934395,-2.8037246937076796,-2.5487209799365163,2.676361453601341,-3.0476253299258027,3.3540165423842767,0.8555820906852175,2.1605153959182495,4.007363212016069,-3.0089697796563133,-0.10008851700948079,0.6134549150874795,0.24852513288834124,-0.6511555671728182,-1.5571842023229538,-1.0649098375840418,1.8479685161551216,-3.089382186252651,-0.025829128778873195
O=C1OC2=C(C=CC=C2)C(OCC(N=N3)=CN3CC4=CC=C(Br)C([H])=C4)=C1,16.0,1.204119983,5,5,-2.92016669981819,-18.30878176973327,-22.082728840491264,-1.2883749153186974,10.621106738111907,-2.4029280154341657,-3.5453407030799537,-5.119294860855572,-6.6721671817671675,0.3182141518601917,5.6530220573279255,0.32578514289582033,-6.417173046694451,-8.916913892369013,-0.9349009737134316,-12.349599315548492,12.062937491417555,7.0927230981562435,-5.761125193253203,4.485374367807598,1.8042143438205898,-2.394163293462396,-2.2923596310462675,2.511216192450293,-1.9404371366200286,0.48508130738728616,-0.41878787499759296,0.06442847899638948,-8.03649192439671,-2.7976629652850553,0.4416426841401014,-0.47629146435477254,2.3794532342325705,0.3386595410890192,-2.2870793822055084,-0.6275293341285829,-1.5013742202160643,11.768973516332085,0.6807902562868755,-4.766158340756628,-2.638134657060896,-3.8541741839951973,0.11527836223091234,-5.936058296113772,5.961459986783224,-1.3222198288474467,1.9878438578079785,-2.8461094353253755,0.726895362377291,-1.5611103293731952,2.195635859391582,2.26805413715247,2.9661624956512362,0.12564350156313886,-2.570279852515797,1.334565737087725,-1.9864693827778532,2.0929048834922637,0.032506784091021985,-0.018043277663950346,0.24675915869972698,-1.1173670465188699,-2.7183570409992357,-2.248855034735111
NN1C(SCCSC2=NN=C(C3=CC=CC=C3)O2)=NN=C1C1=CNC2=CC=CC=C21,64.0,1.806179974,10,3,-11.04119892768635,30.735566523953366,-14.029970125948248,1.6154745245327882,-12.619076911946474,14.070072146949252,-9.978988997878965,9.007000687529878,-23.067351289822668,0.480689653464171,-10.854293951734467,-0.7058688559678299,6.648510270522076,-3.2814475112316557,2.8366358697365066,-1.4592299179333432,4.952694259584706,-1.1617272171354973,3.4371697070270697,-1.6879762341960058,-3.0324092875145996,-4.516740681054171,-2.4121416048110937,2.4393094125458386,-0.39178039680843096,0.456865925924954,-0.6606632723072743,0.9761777888709878,-0.5968562032103537,1.08084608239384,-1.7456347732868467,-0.6660818596613245,-0.19217616989343625,-0.05922592038146988,-0.770970309276101,-0.5310756839054509,0.03369995870659417,0.3583102605432354,0.42553647678289336,0.41428228835960096,0.6849183728174238,1.336952315983004,0.21871089401407398,0.7493883887708607,-0.7175324003500546,-1.3348846702375585,-0.5593386999894386,-0.37682093122456733,-0.04901161125785922,-0.1744205318922614,0.40446346463396465,0.8558541976336642,0.8088832318373074,0.05922026524743477,-0.5487740796148096,-0.20576255471312296,-0.4707926028911781,-1.8855596503254761,0.11757804790529988,1.7192862357987866,-0.20854583340176672,-1.8739886135235604,1.6960519874374687,0.926756509550416
CC1=CC=CC(C2=NN=C(SCCSC3=NN=C(C4=CNC5=CC=CC=C54)N3N)O2)=C1,64.0,1.806179974,10,3,-9.569268400950369,29.55188552322532,-13.158251931857267,-0.2976537600493788,-10.964192011975268,14.809563355598465,-10.169014382652868,9.560794161462526,-22.144743013633416,0.5775264136290416,-10.938994499966768,-0.3476337105988563,6.55443048983892,-3.1925628482519195,2.7574525688664995,-1.2501696748361348,4.351270200792416,-0.5742077002140322,3.9588707853951086,-1.1529319561303144,-2.872268809250252,-4.273103979161482,-3.192895711269138,2.0656414884506975,1.4435121531312012,0.9175063671067528,-0.6449089242555587,0.20974524734071065,0.12625259987040152,-0.2178266263852835,-0.852875548318191,-0.3189183360917952,-0.25223438639664253,-0.18443326993060352,-0.2209952235097265,0.23877939223663616,0.052321473094076976,-0.5593553594536553,1.363303798004016,0.2518569795932916,0.4225770849070026,2.0148356700755703,-0.38024274579262524,-1.7274125449156428,0.16278193853096212,-0.008023855481854613,-0.8876266188481974,-1.298726579344059,-0.21969527927539223,0.5663271917789561,1.2648420589028153,1.7661046884694611,-0.9930059641012734,0.7745600617859798,-3.7230338379773262,-0.8938487629006187,0.43503927111681295,-2.751662707329287,0.7711985427234415,5.212477449486362,1.069335878116966,-6.2112366655962346,1.1087556661066293,2.223794401897149
CC1=CC=C(C2=NN=C(SCCSC3=NN=C(C4=CNC5=CC=CC=C54)N3N)O2)C=C1,16.0,1.204119983,10,3,-10.054339569670093,29.985081313928028,-13.380788374159335,0.8536323880424274,-11.832550835440335,14.10066603825034,-10.307937120589502,9.070925257594228,-22.18709351030822,0.8226406497432658,-11.272463122761124,-0.27872586236485536,6.391175376295575,-3.0581271124691103,2.942490478221572,-1.3764179364574218,4.322486996930138,-0.7804665247881978,3.0984509363364166,-1.6381589549669786,-2.543347421115021,-4.3799091991282015,-2.7543810355585214,2.0800331908116148,1.0555455557304352,0.7514803971891582,-0.5444984906416569,0.4438563889163885,0.6769854878527632,0.2739775335513108,-0.7113831574385441,-0.17937136344679094,-0.3130951765520506,0.2402484463663671,-0.45167861873127424,0.1585186945901418,-0.10480804762026773,-0.8156623260739223,1.7487424284147135,0.244188732833241,0.6195374198786021,1.1497398315502714,-0.43637458292139064,-1.2312239057974848,0.44912678159306085,-0.35200089272649726,-1.1003070153728651,-0.5730366615935294,0.0014215074404520934,1.040335704007859,0.8855204753586059,1.4079080538190238,-0.35638564653915467,0.5800553708817553,-3.0378324279392017,-0.32357117247551936,-0.011426777688903994,-2.829390551979642,0.38323122040395907,3.5478183077875074,0.6098981915041198,-3.831415615310124,0.41534374590398404,1.2901689855464034
NN1C(C2=CNC3=CC=CC=C32)=NN=C1SCCSC(O4)=NN=C4C5=C(OC)C=CC=C5,32.0,1.505149978,10,3,-10.708109241273846,28.403064709704363,-10.809225450092397,-1.6513367727040482,-11.079598870628208,17.150842397613594,-8.464436139880503,8.672896878820428,-22.955113650157866,2.0665570492521703,-11.511017671787492,-0.1373337155561665,6.889479923052508,-4.619977100091751,3.8481037266650433,-0.4615707320747776,5.951451144270192,-0.03391845883949716,4.477366747178082,-0.4643338425469921,-3.40618694031472,-3.9566017314904323,-3.8525663522277496,2.320384255994515,-0.30819520742192064,1.0009895672669966,-0.10861811239078215,-0.025879866149878708,-0.3192547257681616,-0.13579039296634807,-0.28223331337587204,-0.645995007463094,0.19706459953788003,-0.7698504288249831,-0.5487816639170082,1.3592954635476902,0.5768677563469837,-0.41369854475133294,-2.654100665528035,-0.13290397767801132,-2.0539981155252294,-3.057153691346786,-1.7852531092914539,-1.200616632534941,0.787804198528178,3.9916722403343288,2.53755537060634,1.025229823054596,-0.297617067479268,-0.45468087607097835,-2.770711207179004,-3.989756857162353,-4.39894027225527,-1.3392342078205435,2.53714169725982,-0.0802273541688766,0.28313476592911424,6.839624392079706,-1.2839972849939352,-8.056996140243045,-0.4058096782697478,8.790064539606496,-2.0941703943295784,-4.596345628784703
NN1C(SCCSC2=NN=C(O2)C3=CC=CC(OC)=C3)=NN=C1C4=CNC5=CC=CC=C45,8.0,0.903089987,10,3,-10.915115298515337,28.249888838575423,-12.492795675192578,-0.7672177347743043,-11.713361428577583,15.677669294246114,-8.37436864816757,9.100437486485614,-22.56818498550689,2.633876577790647,-11.794407970406262,-0.3954243689398218,6.461486362609804,-4.851612877275289,3.5627902191723,-0.9322337740721096,5.715251004426304,-1.1551138869444335,3.8977189809088655,0.4433997991843051,-2.986761029680258,-4.487998124723107,-3.387622758821216,0.3869559475160185,0.15512950979416099,0.5848954350830129,-0.3664903539986976,0.7775149829016947,-0.46021073069028323,-0.09534500538325764,0.5362194298007379,0.5148809227874086,-0.6859761730691661,-1.0592960922997277,-0.8661454143909119,0.5896121178811999,0.6237234817967408,-1.451540244991982,-1.449306561593067,0.41577319514733596,-1.9254577391410803,-1.5690040611278762,-0.4684180881019397,-0.42200901661317375,0.1441130322824881,1.215010005585191,1.3765490367131257,-0.11466690992542661,0.026861533018116796,0.7010983452039978,-0.41743236826864444,-2.0752688326988533,-0.8452879068932669,-0.9236228308060147,0.39933888407386625,-0.008545136076972973,-0.052683410027060146,2.1403838496830367,0.5364321192784988,0.3209627704891097,1.5028942244788053,-1.9259918879625881,1.7636485033333882,1.1467069683464366
CCOC1=CC=CC=C1C1=NN=C(SCCSC2=NN=C(C3=CNC4=CC=CC=C43)N2N)O1,64.0,1.806179974,10,3,-10.426129513198973,28.292609403343544,-10.550956946663172,-2.131398656197162,-10.982567120769994,17.12441453482653,-8.553962591316138,9.386223541025384,-23.193964882388187,2.882581721974697,-11.56508512329069,-0.5006301474378365,7.617911367920661,-3.6335183917671716,4.794731888508698,-0.5518592702161396,7.059949133899493,-0.30048543604150996,4.505094067859306,-0.43798260934817107,-3.3511023148760297,-4.526521969988606,-4.500549824582208,1.6378237794610486,-0.3155713814034278,1.0974870513042072,0.1196736797035035,-0.05656583123911427,-0.24300725056587677,-0.5432455407386528,-0.13271822123520927,-0.6849813138250439,0.23783541076036618,-0.27827227452826603,-0.2643536779089899,1.7908186703634188,0.5605366186546206,-0.7022983006779137,-3.9567698437105845,-0.05976653309455608,-2.353746068870063,-4.199629510202045,-2.082580146739197,-1.4386013891806109,1.29677577546218,5.261928661304673,2.8780055723800846,1.4104458489533869,-0.4812630170706011,-0.7246886709165057,-3.3899196193547416,-3.8458551411786144,-6.861170621223777,-1.7547303149886613,2.5259956427197143,-1.490818010603101,1.0818826435939908,10.016409812217798,-2.3088884058034065,-13.830229621685094,-1.266854638847722,16.233265408096752,-5.624543281078086,-9.611202039750397
NN1C(SCCSC2=NN=C(C3=CC=C(F)C=C3)O2)=NN=C1C1=CNC2=CC=CC=C21,32.0,1.505149978,10,3,-10.423729008460118,30.42498123136715,-13.119889050347506,0.23076052791994794,-12.09735029032066,13.79238688060775,-8.480603871821728,8.175802180624167,-23.077389150544043,0.728950667113613,-11.979668444880897,-0.268681587265273,6.987540534077701,-3.4755594005765884,2.9827786727304555,-1.1698677037255907,4.151924100803519,-0.6714941597056301,3.4386012289788117,-1.5378008960910297,-2.4988883863044737,-5.154081371222335,-2.192115192677548,2.107409145619786,0.14482040515806588,0.5052288800824822,-1.0806721968754804,1.0392715148371734,-0.36147897325799433,0.483167889449036,-1.7312078127410773,-0.7289355046612385,-0.5480195805561213,-0.7163775037184037,-0.40954381533209017,-1.8865071130948725,0.5446725315863602,1.1680878109885133,2.1459725056767303,-0.3445710917544695,-0.3804159321617091,1.102630559627534,1.6562781025387883,1.994458228443106,-0.8402783457087546,-2.173387717729501,-1.0291152759461262,1.2977245445870238,-0.25969491855812765,2.035674345396204,1.4066492049246573,0.905025117507171,0.40246527709044466,-0.5913034396596627,-0.23447689285801793,-1.621018641786228,0.5006062374934274,-4.041706414954893,-0.3298415226107356,0.23847728590975717,1.5684598670668293,-1.6240968334639643,0.9709672515834584,2.8803466091555077
NN1C(SCCSC2=NN=C(C3=CC=C(Cl)C=C3)O2)=NN=C1C1=CNC2=CC=CC=C21,64.0,1.806179974,10,3,-10.670578558582047,30.99044725254137,-13.904809185302582,0.4705850251812996,-12.120051542204445,13.505818013036606,-10.437118656791851,7.595259946180625,-21.515994976870456,2.0892785166026835,-12.14264696428902,0.2035364032748415,6.15144946624946,-3.3396814237425323,3.282860371579931,-1.6957091892999785,4.5888048344681,-0.7231480031305484,2.565746240509086,-1.7677602713875074,-2.7939792780186616,-4.6165630214141204,-1.8824764953936723,1.5408808520117392,-0.28280579105335735,0.573447981872515,-0.8883604271481794,0.37002225490511687,-0.6859139864259132,0.33155205255720294,-0.9763447954156282,-0.27066432354931375,-0.19772333063640748,-0.5478614937216818,-0.2785790689045427,-0.265846948496156,0.5809736287814997,0.8074741775050921,1.436257461215061,0.0460024809769918,0.5119608356383976,1.9955591721329373,0.5420422063302088,0.9443175322047691,-0.16266634051233783,-2.49249143948004,-2.3082963154336213,0.04483150785534759,1.101331035530458,-1.5587397356128958,1.1386533925203004,0.8070407860246988,1.4057578034057419,1.624262320887774,-1.9243978629221805,-0.9643624206763465,1.125563163953652,-4.104729164804439,-0.5959548163986996,0.6674836769797203,-2.8893478949062774,-0.07061608415038075,1.7974439420265051,2.305337962823979
CC1=CC=C(C2=NN=C(SCCSC3=NN=C(C4=CNC5=CC=CC=C54)N3N)O2)C(C)=C1,128.0,2.10720997,10,3,-9.755772821493744,29.413010148043277,-10.858970112422309,-1.5444139604267235,-9.094776271118429,15.130335282002791,-10.129300610558358,8.501240555272568,-22.194475116630713,1.5433424428903626,-12.757290979417085,-0.2561337436120177,6.996995872012481,-3.1065153470877314,3.042138306666681,-2.507561879283887,4.804585266597407,-0.597434777379836,4.079538215222983,-1.760874379213322,-2.32237483429373,-3.8904201758830927,-3.4534303780319795,2.285905368693347,2.1844147315211084,0.8354171875449675,-1.3130755941389236,0.5094429848678182,0.04812336519911778,-0.24018637708784282,-0.11915979786896427,0.7216554192924962,0.18881101708622697,1.0810453857347924,0.45422417672942733,0.2643418108881021,-0.2773143473150019,-2.76297000497239,2.296003326026357,0.463526179318759,0.07873420144409538,1.62864765239862,-0.5951355281917328,-1.8505494119759713,0.5204153864996097,0.592209409096,-0.7754548515642141,-1.8588652287723522,-0.9786886861027932,1.2966508122273994,1.6292645378031783,0.7708945373713764,-1.1712091326249618,1.4116854797299723,-5.26859921737386,-0.8911056656027432,1.1861144906456538,-2.9727827902298123,0.23648248458171944,6.212716953237144,0.0662004460330701,-6.059943320660075,-1.6968241633958814,3.0620617148953815
NC1=CC=C(C2=NN=C(SCCSC3=NN=C(C4=CNC5=CC=CC=C54)N3N)O2)C=C1,2.0,0.301029996,10,3,-10.30153959315237,30.746592062138404,-14.194549709883722,2.5001256858819954,-13.01192093346859,14.147901548110378,-9.437687345953035,8.432692579303582,-22.947978353767084,0.7361505183406516,-10.488664776092817,0.2061963432043102,7.69096367518837,-3.763667028758882,2.5585326431960644,-2.111998447382908,3.816979894372807,-1.1472875059779724,3.4871781276374554,-2.4439678353635035,-2.116123696075698,-3.9239097325723855,-0.931756763203132,0.5540179988443633,0.47441841997749945,1.2858926334614724,-1.0573168815462937,-0.6900044018570508,0.2203728254699696,0.5019194398599178,-1.7070423616156218,-0.2009382673834957,-0.42388944199402767,0.261189704433687,-0.7832772012164444,-0.13547219489952442,-0.12129052259128145,0.8785831654540717,0.6167595974569978,0.381200842560151,0.223168176116161,1.8912939341653436,0.7660540791788322,3.0996497870780115,-2.010143648444929,-3.1740503724970153,0.5464655694589162,0.9367555774874757,1.1414488485738645,-1.9466404552031566,-0.48706933702016997,1.3992131499717089,4.812197295683518,0.07657114415171748,5.006086403679786,2.276699680616513,-3.1876693316098024,0.4266357189601681,0.8810940510481473,2.522476614534606,-1.5387199069945479,-2.7210533104678514,0.26235408567742996,1.936960702040525
NN1C(C2=CNC3=CC=CC=C23)=NN=C1SCCSC4=NN=C(C5=C(C=CC=C6)C6=CC=C5)O4,64.0,1.806179974,1,0,-10.770255345538404,31.04052140583011,-12.847392310786345,0.21351698737791924,-11.742159908411534,15.998608260658056,-9.49504341450321,9.598785606936447,-22.2277448002875,-0.12022428126126669,-10.714158811661692,-1.1822868693606634,6.495305437973836,-4.002181327880825,3.4040651009081815,-2.2969372180705263,5.363501483922163,-1.75573856590237,3.87719680914895,-1.3706960224148472,-3.5039349414427865,-4.69553869496591,-2.0030705497690797,2.7180468268812215,-0.5579564762257954,-0.07763122807304307,-1.021567460845714,0.7065673595605805,0.0811953224820101,0.652267014549133,-1.4080880789573924,-0.7224281833514463,-0.3179108530732184,0.24255600189878276,-1.3097469048349712,-0.2892541507873669,-0.4088629743106507,0.27421389171106914,0.5475307719037574,0.4552451366986277,0.2665353634355903,1.5945180152633904,-0.05371719854666231,0.650662516699633,-0.8534358541209087,-0.7989689724296231,-0.5442083624317103,-0.67988462442649,-0.4919047074263286,-0.5816654271575423,0.3840641913957514,1.270168563663337,0.4440213053975815,-0.1923331225025973,-0.16052720478309573,1.1671280208727062,1.0877101649699679,-1.6284000792010713,1.2289515269530153,1.9029381797811153,0.10653882863947015,-1.9467743640702735,1.5585005105100083,-0.7389757302748067
SC1=NN=C(N1/N=C/C=C/C2=CC=CC=C2)C3=NC=CN=C3,50.0,1.698970004,1,0,-5.9640320140062775,11.009837623846334,-8.106276049189542,9.967158770954791,-1.5995513635184455,-2.921293397659676,1.167994822978011,0.9618436096102256,5.218865380985793,-5.327637625571057,0.009777138364714307,1.6685274896645144,1.6766604284299793,-0.3444311429783575,-3.5602878892992553,2.845377717969675,-4.129897191547302,-0.06416652266992035,-3.9705461178706343,-3.0456231526903945,-2.239377494057378,8.101464194903725,-10.604780453098023,4.566854959924147,0.7525719613166956,-1.2345814707314517,1.651019444834197,2.356599849496619,6.1304027626826985,-12.917292920637436,8.849271195058453,7.447810151380792,1.5899166417278867,5.842802887955704,-2.0522092551305122,-10.623242646097548,-6.436080423054901,13.259362332021187,-2.711228292333078,31.791323808590636,33.53603689803813,-14.226197192723305,5.844159681732749,-3.587090723788441,3.1553241336549482,-0.6612243303107435,-5.931503533689077,-4.371436488385238,3.2909116260245668,9.395950197927606,-3.0702882232148063,-4.928193465535231,1.2128574642301322,-6.035150897199124,-5.530882737443247,0.6169738505491692,2.1601920617007417,4.873359823586879,-0.431851362524368,-1.314620410275044,-0.2536329714503079,-0.4405106333573119,-0.5632115021192083,1.326204724466971
C=C(CNN1C(=O)CSC1C1=CC=C(Br)C=C1)NN1C(C2=CC=NC=C2)=NNC1S,25.0,1.397940009,1,0,2.6601742386383513,9.743409753011349,19.170108032369072,11.91499400687542,21.817203973110622,-7.591226509320432,-1.9758378034314112,-0.8200152719506401,-7.4313545207306735,8.70558060329325,-4.5573593627239255,23.618341398120588,-4.108827231624274,2.810887082724426,21.51180300051172,-14.245009381866655,-9.445465652042484,-4.0851894834612645,-6.465862834218802,-0.9568431219494543,-5.900402894814815,2.1393066814960204,-1.1694394883130375,-2.3759848243025656,-3.137070862577953,0.4277023761392357,-2.9746638068780427,0.9411062970739588,0.9841028103829524,0.04240403054552301,-2.5410278547012908,0.2581438595940063,1.7275900786810663,-1.4772464734629518,2.3303416323691324,-7.992154511917581,-2.9213713439066367,0.9810575922646227,-4.2395083009974925,5.104819941269169,-1.7841942872456846,-3.330554121415065,-5.285622687015017,-4.969830428768099,-0.9432805326292594,2.9352973015219836,27.149017084420976,1.904601430134939,-11.135106638427516,9.688432393844757,6.337757633638227,15.548243003017452,6.947346853690927,-1.582595235163968,-6.483260263394935,4.909380441342346,-3.6942177972777186,-1.5755996793861142,-0.1574698047591,-3.1763720338013055,-10.606714788194367,-0.6320363468845506,0.6969916928483083,2.173790212298292
O=C(CNN1C(=O)CSC1C1=CC=C(F)C=C1)NN1C(C2=CC=NC=C2)=NNC1S,3.125,0.494850022,2,2,2.1985901430122645,9.78624042939514,19.86654602258279,13.163880154417885,23.37929777638125,-7.088311177581844,-0.6834949561694627,-0.33027921287228235,-8.856857689951271,9.801221788052157,-5.156719177967881,24.800165412454042,-5.601068270078524,2.8277999874267277,22.654879374351165,-14.26176645899278,-11.032045844735725,-4.620081164462975,-7.5982925313803245,-2.737563443507765,-5.245759729651956,2.160934302772492,-1.4978709683017162,-3.1611189160951803,-2.9376246306546943,1.3371631024882376,-3.5975852279221074,-2.4494294830298347,-0.1290268583088036,2.006099723076648,-2.444580572424448,-1.1269880826423875,-0.13103810700961582,-0.7692892555305979,-0.3334133767163491,-8.032214058150592,-0.8497161895386764,0.7998682004428213,-1.4269741437578378,0.7869629065466537,-2.4846227828836858,0.009665265175255752,-0.415594719978735,-0.044059459081321986,-0.24047824374216195,0.5172611151643833,4.655835372006872,3.322496641154591,-1.7268789180572672,5.575644078732188,1.7386248398605078,2.535471052915886,-0.39857479943889357,-1.2519391040916288,-0.8393340618501165,0.7980510397576381,-0.9103947722775398,-2.547984766398846,-0.9323377096595302,-2.18118235754107,5.2108487036514495,4.036600335487391,0.36496101073471193,0.6562344855438751
O=C(CNN1C(=O)CS[C@H]1C1=CC=C(F)C=C1)NN1C(C2=CC=C(Cl)C=C2)=NN[C@@H]1S,6.25,0.795880017,1,1,2.299312704015644,8.839750833340652,20.102834104012196,13.574439886354291,23.65760289257337,-6.926177094472257,-1.1128168719417888,-0.8897284522836242,-7.744820847929957,9.922538456267919,-5.250196512274996,24.601757440604047,-5.06924403100764,3.3331882578644922,21.99155802712217,-13.228253002177357,-10.898714171957153,-3.418309846346374,-7.715257015342603,-2.3166341376133808,-5.644747513399785,0.2503380739253695,-1.5681734911556289,-3.0602197346908553,-3.1062734440684987,1.4180987552589657,-3.3860582116661484,-2.8340858348597453,-0.7067461725930657,1.5159998518755875,-0.9674285731511627,-0.32057334475491955,0.27950305369465195,-0.6356567342613251,0.10103769262172077,-4.164043106191756,0.4944443641460162,0.879383469627816,0.6615636813646977,-0.6508106874347687,-2.1765032419163575,0.8832764971031483,0.9644060482955243,0.39972473451244234,0.16121060142413413,-0.4981101316737416,-2.6551343906478935,3.7980517756345726,1.1583148698995087,3.838096902347251,0.6085644628170008,-0.3090113260631605,0.07638581616999354,-0.2900547964434987,-1.3666633646498088,0.006591301185604344,0.9884605593959463,-2.195062807783116,-1.3749929653660713,-2.627204569370856,3.3023516504880153,3.4277613202997017,-0.9755722157089061,2.7192650013189277
C[C@@H]1SC(C2=CC=C(Br)C=C2)C(NCC(=O)NN2C(C3=CC=C(Cl)C=C3)=NN[C@@H]2S)C1=O,12.5,1.096910013,1,1,1.813174092727851,9.09533265663641,18.62627934704183,7.543820113153709,17.639587289644343,-2.1546565275264014,0.15281153030536837,-1.789223772499152,-4.919737844812252,8.12616061028269,-4.330697194724054,16.454672561962884,-1.0571309679114433,0.16035475195679258,15.07352425393256,-8.908142815785364,-4.725899009917218,-2.1564321358911327,-3.2679988639086597,-0.4796817068122783,-2.426844233017793,0.6475613013552944,-2.7759445885908507,-0.7007802532279397,0.8305358646964335,5.614649165400582,4.924789587509066,-1.89172472232526,-0.6869712330035934,-1.8350319267947421,9.053332069088931,-0.06862474767383017,6.8522347620535555,4.873831857184125,16.703983970276834,45.45676762566425,23.76724845535882,20.050898272623083,2.597500007954398,-6.145594431905548,13.558914878025364,0.23423878139329704,0.8271559388054486,6.491161249229228,0.582685388473715,1.4533039538389312,1.5461670881997551,-0.1957688518794431,1.1243689263746959,1.634875803682509,-1.36973785271648,1.1675960917279775,-1.0941887569637891,-0.9317159107379751,1.469835064829918,-0.06441983020123977,0.7738251631734807,-0.9610534423856099,-0.8957954685213544,0.6437260560876662,1.1917022470554304,-0.6750549755345184,0.7952084629781655,-0.2678980852338622
O=C(CNN1C(=O)CSC1C1=CC=CC=C1Cl)NN1C(C2=CC=NC=C2)=NNC1S,12.5,1.096910013,2,2,1.7841554592452569,10.889381890863149,21.03000296326551,10.133403890813879,23.99702181339793,-5.871713530886579,-1.010617170634971,-0.7262510705231932,-7.2706123007260715,11.207028163245834,-4.4518674448629945,25.10073333115046,-5.775977294092328,1.8030065130958428,23.99346565230242,-13.699641575153764,-9.992643618392107,-4.3312170461128865,-8.271000681903281,-2.3104041305340646,-5.885854120412198,3.4171430822310143,-1.2456667294632693,-4.15727909214918,-2.851266750449267,1.7549195324192826,-4.496274812593816,-3.866357276413745,-0.07005239205650865,2.0646724981469706,-1.7767404747859608,-1.2429747635223023,-1.212852718127706,0.6607522522617812,-2.8327969389518155,-7.43325101168448,-3.364006633518454,-2.419519768155964,-0.7516068009334439,0.9166372172107539,-1.4652588890180236,1.1481447941016047,-2.2578506805703085,0.05030532434810013,0.43845900376319197,-0.0742984746761778,-6.279392881767726,-1.972050080283498,2.407525516790604,-5.520283891049874,-1.6370245982374891,-4.863260775310531,-1.6976048571041158,0.9377692684321617,1.4693551969193381,-0.8957999896868124,0.22742332632501502,1.8989583046622045,0.6409060486832595,2.8802783532528236,1.4080806853756107,-1.3620859050494056,0.3760262381325733,-2.8035529837653517
O=C(O)C1=CN(C2CC2)C2=CC(N3CCNCC3)=C(F)C=C2C1=O,3.125,0.494850022,1,1,0.32367466354449353,1.8827318811576501,3.1520746377005566,-6.349327056034153,7.652412241462712,-2.8242564489156075,6.216871829529254,6.032536076199706,-2.7778971186533647,11.056663487101813,1.7258122975827976,14.240994967002822,-2.155976442450651,-6.459577645474109,-5.57994295213325,5.846165579750643,-5.2950306566450465,-7.7299785443604945,23.448487859195115,-0.5589673647068958,45.55827169932963,2.675886324873211,-12.059485759222769,7.4450436890784495,-12.694880128349684,-0.5833409923747722,-3.2016168396682603,-3.4973983287561103,-0.3635411035292755,-2.504809283375949,1.6493007755792022,-15.791501099961314,-2.2525264939392944,2.698011003917524,-3.285177355328212,-3.0507084034152867,0.15475466674537922,0.07493764275754687,3.979935591239617,7.470921212614959,-0.3914330202636503,18.3723141717291,4.861036224897332,17.80753669878785,31.31056020418378,7.947015712944295,1.1247006142032456,-1.2218954841034393,-5.939877027748951,0.14516302571632012,1.093185670056474,0.5442560509099378,-1.0012907338514434,-0.4967071552666262,0.35282622857889845,-0.16668714844438481,-0.9258651525369358,2.853273492476646,0.45390320054304945,-1.1768670490690984,-1.391521801599808,-1.0114119440540754,1.1932311770014197,0.8248841401577015
O=C(CNN1C(=O)CSC1C1=C(Cl)C=CC=C1)NN1C(C2=CC=C([N+](=O)[O-])C=C2)=NN[C@@H]1S,6.25,0.795880017,2,1,2.846516058257051,10.132178159804011,22.164326619197965,11.122547016841242,23.669026650290164,-2.8723958033153254,-2.628402288679949,-2.2043917582793617,-6.876964849680645,10.39441895262433,-1.1500972874343718,22.165187291416522,-5.125213045537572,1.574238083534653,21.650952704489843,-11.088001357189587,-7.7900160119603585,-4.218991384744941,-6.820124825554024,-1.9866404480828121,-6.645323935760217,3.5444163949379632,-0.8017246613995958,-6.73245078507417,-1.4580335575692582,3.9559581725675934,-8.197744373884436,-6.553037370481315,0.18224490491301124,2.143402925799741,-3.817057207219047,-2.1986084918209743,-2.8773994121804494,0.5211531968375397,-5.438448841188594,-0.18057908069691772,-6.434436334984585,-6.314969798498962,1.6293139452206582,0.2659753459581846,-0.6790500137095805,0.025057106278917943,3.2301792104259937,0.9445350262098899,-0.37945675104884263,0.266361245880788,-10.857224615536042,-3.4702512484553885,5.436722939927057,-5.815239466657842,-3.9704478046918337,-5.68282520215113,-1.9511620356093384,-0.4263570962275717,3.396988738674237,-1.8727396728172527,0.49558922684729023,3.2961295776041055,1.4780658412243222,2.3725588946114176,-0.02395603552933575,-3.8667849512180728,0.21681958058941186,-2.180925592757484
O=C1C(C(O)=O)=CN(C2=NC(N3C/C(C(C3)CN)=N\OC)=C(C=C12)F)C4CC4,12.5,1.096910013,1,1,-0.13931328618569114,6.195123277251767,6.706365725688651,-12.997003679540938,12.41995622028575,3.528077112179672,8.019189432901792,3.9228495747203382,-2.05817253427858,13.846458872452335,-0.8495935024797486,10.083552110214367,-1.3634682973039562,-4.907007798548058,-3.951583534066341,3.8917566455222614,-3.4155338811195572,-7.712741554217938,21.619938538689883,-2.2789729921665187,50.124627592049436,8.864247151163383,-15.047925582157252,2.7446265089212596,-6.354703943343728,1.2880978036311113,-7.509413684776003,-1.5359809240976703,1.164889165514366,13.135678776954677,-24.61399526959098,49.11618480775734,0.4745233606797155,-3.3639120989713973,0.14996160350830345,2.5696424030415206,1.6642886466496738,3.6362345066530875,-2.085642481263717,-2.7318299664704173,-0.8251909906804662,-4.937938801552922,-1.820791910637162,-6.903181770452196,-7.170881008054027,-3.4163699769387468,-1.675137745893997,0.4880610340933341,2.6424364386889208,-0.15628327830543032,-1.1667373385907167,0.6357534348133238,-0.09142616478402983,-0.2115317232933443,-0.6785397124976676,0.18333606178714568,-0.07250288343907207,-0.5877075137253863,-0.07375069604829883,-0.10238360095195487,0.014402940548173952,0.2001941579087502,-0.49296313149912946,-0.524980327402914
S[C@@H]1N(NC(CNN2C(SCC2=O)C3=C(Cl)C=CC=C3)=O)C(C4=CC=C(Cl)C=C4)=NN1,25.0,1.397940009,2,1,1.9089631286707383,10.074024699439358,21.287614860278307,11.040330147904946,24.295640231895835,-5.707128153064987,-1.1104489834030737,-1.0067665264502577,-6.376561745847995,10.544541783667292,-4.1841464684774134,24.838189965414323,-4.898690133226634,2.5281563795103903,23.108094203283205,-13.02669750453755,-9.691354983296923,-3.610860338637249,-8.319964921854146,-1.9462761358830178,-6.334858305954229,1.5963120717833714,-1.6566681576040385,-3.860403986211141,-2.9592094957506276,1.710169484417452,-4.170065155135146,-4.244191389780961,-0.3240959604968981,1.476370891431276,-0.32407248778736114,-0.6319887999816575,-0.9488891314487166,0.7375572096663189,-2.6922649545931643,-3.8357572126228097,-2.661737296858202,-2.494846960725307,1.032871547255322,-0.42531824132195767,-1.4307682340320442,1.69182568061889,-0.8755716401422108,0.4199313905068616,0.4159700295462673,-0.46426748044006244,-12.255130015912062,-1.692218750967863,4.6580857809054885,-6.2223809470031135,-2.9364598934836166,-7.310385659583918,-1.2567693445119443,1.2101833361807572,1.5067355360519643,-1.2848144952296798,1.4628247874791707,2.6838892169027058,0.5852972261105527,2.7055372534051134,0.5258717133101578,-2.263058340096426,-0.8387639519864747,-1.3381841332100077
C[C@H]1COC2=C3C(=CC(F)=C2N2CCN(C)CC2)C(=O)C(C(=O)O)=CN31,12.5,1.096910013,1,1,0.5935245395402157,3.5037393221017474,7.242639690958912,-13.989768342290947,10.296187858445366,1.5467458574958142,8.000279309999799,4.8658663698209494,-3.945348151128682,13.332456306770972,-0.1224134724013002,8.82669755376596,0.5731131733069035,-7.671619149417452,-2.5217687910043285,4.6190929428778125,-3.6133786952300926,-7.467905523701064,23.254795857400836,-1.1422170526927917,44.56144961239027,5.902456290417472,-10.73327141656637,2.9569553643491786,-10.570836228952027,3.571048658450552,-0.6164958168611837,-7.094846788735357,-3.695484007062371,-7.564293010682688,15.599153030169758,-40.921288974981394,1.4505373991559758,0.22162206528365605,-0.6513176653769447,-0.23713898883523912,2.1080235562260956,-1.986957098613319,-2.452613720796766,0.15882410557726848,-1.0107616403316235,-11.834527756178714,-4.174247889797234,-12.899450561067727,-22.41992297090865,-8.484930192554348,-1.0302963047800937,1.6213769492636134,5.337901554913232,0.34431839181573687,-0.5968787868205143,0.7384202447222163,1.2998775340999824,1.7964022462719569,-0.403993563033192,1.9665093138217036,0.5095373223043255,-2.0113571083003743,-1.8020058492086186,0.8911090666842536,0.8283519725244556,0.4064138850528906,-0.5133370755932675,-0.48186775370003365
CC1=NC=C([N+](=O)[O-])N1CCSC1=NN=C(C2=CC=NC=C2)N1C,738.0,2.868056362,1,0,-4.227588481084055,14.225077429029326,-3.5854429593239834,2.7737578085238854,1.8274973560314964,-5.23299071900821,4.498730215803274,1.5482069870617243,-4.836756430413453,2.137869120405381,1.7362960413364623,-6.846580180297395,0.9349845660439289,1.0259221375783067,2.8058694889293023,1.1845036881056634,6.286431648177623,-4.225253756899387,5.240443673892352,6.731336621745038,-5.462684548605152,44.28299012497112,10.537324706896404,5.967578485985843,-3.9348308997900765,-5.6218273869648625,3.467769211522544,1.5155016991989216,-2.1788879945105766,0.5946914456923666,-0.7444080636753594,-0.32757633525297875,-3.727378771295727,1.1731664274145526,0.024068518455563733,-4.963205166628628,1.2770182284072118,-0.33239653469461594,-4.193934141451894,-8.256808180869829,5.3664220683963135,3.692766480072199,5.888449837359149,8.42361781491028,1.542938784974787,-15.08346978827775,21.354992605409606,-4.174262745919706,18.597952305389022,-5.628789298501374,9.470711673653017,-12.05876394609295,-11.810359020840439,-5.454288435891011,-7.206296296773922,-0.05475474529467033,3.3499132616057032,-2.0975539794519693,1.8310087693126473,3.0946005628316913,0.5984119039628601,1.9064635045887783,2.3917413999257326,-1.187296409541692
CC1=NC=C([N+](=O)[O-])N1CCSC1=NN=C(C2=CC=CN=C2)N1C1=CC=CC=C1,1569.0,3.195622944,1,0,-4.879527025833181,17.650633940396823,1.734166572340351,-6.7847120997051595,3.7867747420140625,-3.092249353877131,5.964345736337752,-2.578670920292562,-7.160117986901034,2.426097843173509,-1.1813233095337294,-10.546988690726993,0.6738674819248098,1.4012495466921748,3.6467157598848745,1.717145551413519,10.338954908681718,-5.062824336453825,4.737063167573561,8.126088425030312,-5.991976651455601,40.409138069932276,12.751951779537146,3.461899632223637,-5.399996184802656,-9.066209902399128,3.234697382149168,-0.364643090266534,-0.32333639189947794,-0.9865687099522532,0.010794999935229487,-0.2547088046750481,1.8242773069814322,-2.5123705228696487,-2.63566652512106,0.9846726703642821,2.0246937152950553,1.4859739683058484,3.0759657503965085,0.020103809689713086,-0.4813835928383969,0.9481461921138111,-1.904655280953161,-3.2702983258474894,0.19554686941688937,4.686814835463038,-7.979222293972397,1.3268819645706282,-6.512761043512625,2.3320726684395163,-3.0197253917397404,4.051364721501775,4.213030978028996,2.107863221059733,0.21418747649872458,-0.9847160306689408,-1.6152946710200902,0.06089056163429859,-1.1952145414554505,-1.1710298863018078,0.37303524217308665,-0.9176159751330198,-1.2445263683457386,1.0134740595939686
COC1=CC=C(N2C(SCCN3C([N+](=O)[O-])=CN=C3C)=NN=C2C2=CC=NC=C2)C=C1,188.0,2.274157849,1,0,-5.338766518946766,13.325789563277421,2.357655856703954,-4.557229889512182,4.306419196614803,-2.35297106499582,8.59230234978665,-1.7138980141196867,-7.0633510695094275,2.612502133562405,0.1748011824815097,-8.482069382984754,1.3378914590160846,-0.7087212401961382,4.325432046725566,2.7252996037659596,10.036394943649515,-5.917015536646493,4.068601843591939,8.828596284892418,-6.132778709782366,41.47116777813942,11.304309607480828,1.9562114202108634,-7.182491432208036,-7.9176435507936045,4.2638258449218975,-1.0232364819104913,-0.11117351445673333,-1.7911288726148102,0.5780717098834925,0.3631429570942333,1.0396252791391347,-2.890118759732981,-1.9035261164312196,1.3256818494210665,2.9220196615857983,-0.22834814741414616,-0.18755634211408784,-1.0058847712434775,-4.779403824092177,-1.6869415423552216,-2.1415098748206107,-1.6437248140149596,1.3445141671230332,4.596587754278243,-1.1385495073595981,1.7313881018613544,-3.308194141148653,2.6716444796752468,-1.4698249378216888,-1.088802219208673,-0.6795670592793752,0.8347702007334362,2.3249167915985343,-0.9157723551743603,-0.822206709903493,2.114806708932489,-0.8571406120696421,-3.0814803088251237,-0.44614170960586186,-1.7490511990644984,-3.3491351615368936,2.2109565386082286
CC1=NC=C([N+](=O)[O-])N1CCSC1=NN=C(C2=CN=CC=C2)N1C1=C2C=CC=CC2=CC=C1,250.0,2.397940009,1,0,-4.025535208222859,17.59454769137495,2.316631368202903,-8.993248477545594,5.223746131901102,-1.0490484657451378,5.5349770397347555,-2.087835966765109,-7.177099008301057,2.8522483214112606,-0.890763744942107,-11.768627293218831,1.141896585057694,0.9448220081685264,3.3093918223143155,0.8999436373553017,10.400724694113208,-5.221119299384176,5.385020116538609,7.944060336849614,-6.263507487219885,41.35007485528841,13.957463970154935,3.477115785343839,-5.691860606064059,-9.72765969487113,3.1997424737880245,-0.4197943792034656,-0.4313983497765806,-1.292764245344273,0.5276571895626024,-0.24731381375906797,2.837726844879047,-2.4948711606769747,-3.431725431646204,1.0330073533472373,1.2435340644149433,1.86397098602656,3.754617030652657,-0.40941681692243076,-0.5957957850106523,1.1796093931368297,-2.1928339324009447,-5.725515906967001,0.6135482752790866,6.198704924875343,-11.302919614801581,1.712708320477425,-10.161366956588612,2.3297652387880246,-5.025283076497113,6.051150945912114,7.250520606870003,2.8781283424129254,0.8877360495185393,1.3598800314481643,-0.2587868317951307,-0.08787222807304129,0.18455513789027211,1.12144601519969,0.28819075966457874,-0.43858757718323743,0.469886101627197,-0.7825185990821605
SC1=NN=C(C2=CC=C(N)C=C2)N1N,250.0,2.397940009,1,0,-11.10412297923265,16.38581496018624,-17.388975047642884,20.715198536417738,-12.065031407494091,-7.670506192908838,2.941153270293257,0.4628315453627208,4.156876138029707,-5.9487288727638346,3.428902341893503,2.08629461133471,1.6097497914830088,0.9704860264546197,-4.262735403531484,0.1972576006260582,-5.200451377484488,-2.688474608345512,-5.050551404956849,-1.9674275586676946,-2.607002542620015,7.262739499343729,-8.698704958192502,2.3647482284673025,-2.871800166441491,0.3740232642639589,0.6209303964881009,0.21427873246088414,1.2062149051873396,-0.36981437070035966,0.7013273032994397,2.3695478070596963,-0.37044052037471803,2.7356459180074415,-0.26499377044877165,-2.791338895040594,-1.4855936625736563,4.625339360870734,-0.8077496169381403,2.0255274237046996,-0.33434055433445764,3.5362922270589365,2.2097951121300614,13.655867323782365,-5.202846055933942,-10.050296928686441,3.303447842604311,8.016866250604469,8.58981750306719,-3.7051036851887305,-2.5156340642410586,2.2838550584813118,15.862278396796258,5.617256866890874,16.362054598165958,8.07997088887766,-9.493488923127023,6.076174754077003,0.4456466442982437,1.3086064197124312,-1.6947581657801765,-0.7939050764761993,-4.588968363303889,-0.20360810071589336
SC1=NN=C(C2=CC=C(N)C=C2)O1,62.5,1.795880017,1,0,-9.701189209443653,7.087010596517765,-19.31351219401726,26.874006489596265,-11.853230422750107,-11.65524713967131,0.05510422131960462,4.28826172881723,-2.4490762291655104,-6.5349007740222795,3.753858446719366,12.2288601711626,6.661722785868987,-1.6644148793495912,-4.2565198659234325,-1.6373174735973952,-6.3695636464527325,3.760869755132903,-0.045318231099869585,-2.787504322859903,9.225861682188654,-3.2722297713183885,22.748640891714704,-4.253580333667894,0.8679667391921952,-3.5239738103002796,3.3616040345110285,2.1406754950783005,-1.9255479609984203,6.71375769969352,-5.922173205102478,-2.335803806011203,1.786856295531977,-0.6476318215184022,1.9138939147179952,-2.201838424985592,0.46114581795894705,1.5896084033882412,-1.867086655570904,0.9653869564419653,4.316328943320231,-0.28783575784431503,1.367291985838839,4.938029524735379,-2.15299765212396,-4.1949117812649055,0.8353236232588437,1.5590584126601312,2.4779408052420164,-0.12617347957455086,-2.3378026144365998,0.25546691172529784,6.611465167879099,0.03586048009852121,7.174854041543166,3.8831734971082557,-3.855831204798201,4.2440175836589695,0.4731688688789948,0.10716707493699802,-1.0892827509004912,-0.1783526404246321,-1.4739968086512512,0.6786331595223692
SC1=NN=C(C2=CC=C(N=CC3=CC=CS3)C=C2)N1N=CC4=CC=CS4,250.0,2.397940009,1,0,-6.722860748140115,19.800811555790254,-12.67744733049102,17.170292294099458,-6.773058311922744,-2.654890861899741,6.256020860015944,-3.4154183327675436,7.023510594214209,-7.780389329394831,7.979645275121926,0.9314852837328442,3.80974034904979,0.3315027683616424,-8.175206600802838,2.3299718111838277,-8.160426061554297,-1.2087038462360038,-8.823968715061765,-5.264908757791392,-0.662143238971343,8.486087124612586,-15.070403459093749,-4.801360593110782,0.04166615697590672,5.616844642363487,-1.9566887472190309,-7.631593178473243,4.18254951071342,-8.261083157389645,9.70588384837395,4.734874441422239,-1.0064248406124399,3.002914764349324,-0.06588510641824165,-3.2218296060182654,-0.8193018321894419,5.478253790847369,-0.7761005826418963,-4.184870620595928,-3.3643863552812934,5.703090021702669,-2.9661915035350073,4.636016831856995,-5.687204829449003,-14.462891265029947,-3.17544354901087,-6.897155421097962,-16.84787754785012,-4.4310113598694025,2.448233065681998,0.4290614044685706,-3.1990503237868197,-9.376833842329477,2.091137481541746,-0.6082489684778971,-1.6384820433281264,0.7347593438429063,-0.27564578344757584,-2.153795826230383,-0.6991510844579697,0.22843093164063255,-0.05307385984529079,-1.9379772182430015
OC1=CC=C(C=NC2=CC=C(C3=NN=C(S)N3N=CC4=CC=C(O)C=C4)C=C2)C=C1,250.0,2.397940009,4,0,-7.128009962610877,17.41073725563112,-15.828870531302334,18.635718831093005,-7.830911356818825,1.3222752935139186,5.589193106023443,-2.4627091044975864,8.899340106584702,-7.56542749159835,9.143260988374772,2.790763036994635,4.431459722960985,-1.0593432575434565,-6.608780828468237,3.6629143935297694,-7.80242390383917,1.071108320961364,-8.82869883468641,-4.486598599744009,0.05344287848699539,8.265361261046937,-14.921493075814519,-6.615859065774862,0.7806093927825766,4.8135227721752285,-0.6753944256805177,-10.16454042881259,6.9126516067492565,-11.078791736775381,11.690819040061637,6.9153707970415725,-0.6811727903745889,0.20304445237737367,-3.0065426307111673,0.9775633342507445,0.07430762811565922,1.5465681082604206,1.626601886042193,-0.10033485904989248,-8.513877331583245,1.3936513827137844,-2.2140643458540112,-2.2563614195084054,1.1716015642236004,3.770149663589191,1.8060497394175108,5.840574092807616,2.0876818848098653,-1.1367003501242965,0.5360857140971503,0.02016051038309001,-0.8881826391309307,1.8675952225684636,-0.47680025012146093,-0.05598995302040149,0.08241627689260006,-0.7154953105915011,-0.19428243447933488,0.40165074100502335,0.31653079448561083,0.6386277366802516,0.7163951648186755,-0.3467305094359323
O=[N+](C1=CC(C=NC2=CC=C(C3=NN=C(S)N3N=CC4=CC=CC([N+]([O-])=O)=C4)C=C2)=CC=C1)[O-],125.0,2.096910013,4,0,-5.306148979291368,18.85597629011745,-12.303956510099992,18.32533444004849,-4.825145616513864,1.8952059138061814,2.5922651211615806,-3.364147498418475,9.03354942019839,-7.032037990750177,11.884610824733503,0.20051160888672306,4.905215926850916,-1.2908422968889004,-7.800224675250951,3.055656600334948,-4.6045601213466165,0.504135716049412,-7.758063111276058,-5.623742104914041,0.005260323259541615,11.916877150754056,-13.568561045353933,-10.43665021246416,3.7973644377321656,7.095240220108528,-6.692439397925976,-12.100328793550315,4.81811902553207,-9.120505619534852,5.506392977461712,3.8588941465255404,-3.4895681184554572,0.8351617408446559,-6.340008450149055,5.563792601122462,-5.900801936687772,-1.8624296996358312,5.2575080565694305,0.8713913428807685,-3.4840708917599588,1.1833210125212348,4.649200247669332,0.8796774028517276,-2.772226633972977,4.423887365207072,1.7125582828052608,2.2390646968089323,1.452493947855676,-1.9950551500326974,2.5098790490256992,5.5429199063982395,0.006166760373018829,-0.4515406558059488,-1.1449462683177154,-2.4122009793531376,0.15497750263269564,-5.304642878369471,0.2416909844589158,0.903573192924311,3.4672512437587635,0.791081474183306,2.508482447541908,-0.7925280617954834
SC1=NN=C(C2=CC=C(N=CC3=CC=C(Cl)C=C3)C=C2)N1N=CC4=CC=C(Cl)C=C4,250.0,2.397940009,4,0,-6.8636595880242846,19.581156606910973,-14.994004322400828,17.796455052097517,-7.146474891755409,-0.5194605384481578,4.134787673255562,-3.141168257186408,11.036759572216614,-6.702605322205272,7.90321969538207,3.1556115381570087,3.6366105115698604,-0.21964242886303997,-6.713856540981408,2.887052144975958,-8.354300659625792,1.424999620573381,-10.038277612026825,-4.722529461662798,-0.23909152332973962,7.739602199004207,-14.0014174613452,-6.497292126071498,1.2629195608036219,5.102220945980599,-1.8895429975760942,-8.760151581345497,4.321102882912179,-10.993294750737066,11.622135389206834,6.626119235740494,-0.7779906451497349,1.0309318674290775,-2.572567234586534,0.5845971802491281,0.7843961892946318,3.119581686311532,4.0191811965354605,-0.29767683116514154,-5.936687546512583,3.954666493885678,-1.4875288617413789,-1.0246536090894627,0.8508038672759883,0.10940346521199014,-2.2997933708247587,4.90753215940561,2.9407212918816454,-2.9577478395918035,2.2448522434629012,1.0241642220107758,1.0552207603990031,3.695475898595052,-2.1759776343906716,-1.586184265464354,2.168105691986007,-5.370707709814885,-0.9319215601542253,-0.5082532527024938,-3.5631714312312943,1.873347277993691,0.06589337856959714,1.3542191102824164
SC1=NN=C(C2=CC=C(N=CC3=CC=C(OC)C=C3)C=C2)N1N=CC4=CC=C(OC)C=C4,250.0,2.397940009,4,0,-7.980180832608371,16.246252087423922,-15.16675122079437,17.859775971810627,-7.601742637510829,2.3387087296969895,6.121418297848715,-2.531185990781985,8.817630202690172,-6.52767965522212,8.913424446926173,2.3192216370235035,4.0519715223321295,-2.4659987288687097,-6.414810260382657,4.770461853026478,-7.056210851431417,1.4686547890362653,-9.36127540254642,-3.3104879234162614,-0.3054898566787136,8.153702553867571,-14.889437159347535,-7.2179073049352205,0.3840861995534684,4.422432803260887,-0.17718320358044573,-9.634321695623804,5.78656932348168,-12.012270391728528,12.14436312311915,7.060902453866097,-0.9862587133768942,-0.21797961583991515,-2.634300920634627,0.9508966968773492,1.2365303599460185,0.3019262683962622,-0.0212330111182297,-0.19777850883864093,-10.206502954717465,-0.38349452459011685,-2.6849456478996077,-2.5081599880724488,1.092053023571866,5.125125875902655,2.815328725745008,5.026186965498194,2.252403042591008,0.17699798446115184,-0.604576402761344,-2.042687379094196,-1.3642010848800297,1.2633301980753857,0.8948433627158449,-0.5176237437573774,0.5471889340041468,1.5832998154068099,-0.14072193360867968,-0.12677925740021098,0.7931396530065754,0.43080381912178006,0.22163399848561377,0.110724333726395
SC1=NN=C(C2=CC=C(N=CC3=CC=CS3)C=C2)O1,200.0,2.301029996,1,0,-7.797859473081204,8.247191997621062,-16.738641681717187,25.33978354297456,-9.598991580201096,-10.829617702902995,1.4548590808901125,1.8428243839776524,-2.1429354313546773,-6.492733637297791,6.053971257466372,11.910070839255992,7.492046325316494,-1.940046776841888,-6.340480011955572,-0.8294204429080182,-8.665785316822102,4.8114326496779665,-1.735404198856963,-3.936357846532222,10.949310681350727,-1.9224061880831484,22.168856132064967,-8.265335002024713,2.0385452200838348,-1.0492541806617215,1.4947225573897513,-1.948279154560813,0.1259402549906965,3.318375578110057,-1.4667621184900776,-1.2508627083642043,1.7503742283800925,0.8377381905614549,3.444551636020267,-3.5019251449872506,1.5280101340516168,2.1765235517433936,-1.4410091381880985,-3.553245623896592,1.652418476990128,0.9347672555969935,-2.277290756483862,1.2373569780393237,-2.5812242514615122,-7.77858807360071,-1.8910972343148962,-7.9588505595399734,-10.679584895335195,-0.5168555726387112,0.5053193257847343,-0.874006015376078,-3.1145221091324897,-7.814708310733642,0.3315497092979755,0.2568154291655588,-0.4469041683903288,2.6235474932928216,0.4958756370052492,-0.9116891236516314,-0.611027804792732,-1.6128532602653394,-1.118501718242374,-0.6221259429625781
OC1=CC=C(C=NC2=CC=C(C3=NN=C(S)O3)C=C2)C=C1,200.0,2.301029996,4,0,-7.24554102459237,6.189779037435743,-17.891756436136525,26.649561200515105,-9.805201405001851,-7.897069879708871,0.702029422418687,2.3588347455128105,-1.1051037742146559,-6.094648100099815,6.359211492923912,13.212630322480077,7.390765351245738,-3.5923223625071743,-5.846181401242537,0.6043013085825029,-8.310835338113012,6.918816777125389,-1.7839823668274963,-3.3720417265854903,11.88558195701114,-2.705636864581291,22.551426748539573,-10.355232724774005,3.2783239542013987,-1.5836637037331693,2.9763554688367027,-3.7842265061913416,2.3863234415924945,0.36179885520864774,-0.06263337013733597,0.05994564657096816,1.2356232985894702,-1.2513024594902116,1.5961366877621206,-0.08094869767662699,2.322129030785043,-0.9173383206313065,-0.6015184393061338,-0.8842920430295433,-1.437010740928076,-1.8818865793380768,-1.846934137052491,-4.752234904390242,2.8259052536171385,4.863972136349407,1.2248341280971755,0.2419669079681244,1.4295965514305662,1.8792970770606279,-0.7872818090219099,-2.079765769131319,-3.021319176189846,-0.3953749868446428,-1.5260854662912888,0.8907187252101457,0.8057527158446618,2.2131116889271705,0.30673760700705877,0.305844710134645,0.8826454581825582,-1.7826927730592401,-0.9867523681688741,-0.24408179049911313
SC1=NN=C(C2=CC=C(N=CC3=CC=CC([N+]([O-])=O)=C3)C=C2)O1,125.0,2.096910013,4,0,-5.517066717646936,8.371244344564033,-14.927031236467036,24.832230003497813,-7.518615597825818,-6.10709642426194,-1.6580034097567138,1.3064548874489328,-0.6618614617266231,-5.940013825854623,9.116476151917514,9.697880603118351,7.522773546292166,-3.476788526013219,-6.677315850711133,0.015146251906246145,-5.393674284555747,5.359494099337974,-1.1070033388238114,-4.61341821377212,10.83793502614366,1.6694090993170105,20.67408234661519,-13.000403462967883,5.417231037905685,0.5286556190971323,-2.3125914740150373,-5.61329947517739,0.8759365400425118,1.013889313574641,-4.883895792174506,-2.214150521480855,-1.3534073025084017,-0.7052684325711864,-1.4431086596057117,4.177802459174516,-3.1036887294231557,-4.011027864686693,2.758406281798288,-0.10476356377703698,1.9415902103005165,-1.794916824530032,3.9544015971127275,-2.3584976981909946,-0.79192448816532,5.418952224834253,0.9131172221720779,-2.08501898050601,1.0913775421478382,1.1352953012816887,0.8012835679353694,3.107751456004505,-2.657665324932557,-2.1038294639519957,-1.728553180053753,-1.4800190071774417,1.0393956446114578,-2.5668235245178996,0.8732210749681318,0.9549040263714754,2.8564521853458027,-1.9943484105636609,0.9170782592624608,-0.3117059591062851
SC1=NN=C(C2=CC=C(N=CC3=CC=C(Cl)C=C3)C=C2)O1,250.0,2.397940009,4,0,-7.034342405853123,7.954589453134079,-17.414181699268152,25.867356877995622,-9.252080082610604,-9.322062844519365,-0.41853870461894394,1.8938010621292665,0.6837980757070887,-5.4036700187117725,4.968944572488419,13.588867791424258,7.014415895447606,-2.925183348079959,-5.674893814527116,-0.20322917893003353,-8.943205506208425,7.133002976671886,-2.886957449615729,-3.804315374165989,11.719963407611147,-2.881139654306,23.501454366060187,-10.239594888298079,4.0959823557229145,-1.4149314049542623,1.8470617742556381,-2.76144190888016,0.023444941668636504,0.8338669912982274,-0.249547779173828,-0.2931264921233745,1.433986268818702,-0.853970509221662,1.8233964130278493,-0.4829304191158863,2.8623043032827002,0.4439946999405447,1.6975736449296344,-1.1690037944127223,0.6194158576750997,0.7308095077320572,-1.0311810638484373,-3.8794190796241432,2.4264744094312234,1.6042596714366988,-2.498464878476019,-0.5425893326094917,2.2768462888701197,-0.005154732624091707,0.9401716363823236,-0.8943125538991719,-0.9227743469311481,1.4813960154983854,-3.1226972362699366,-0.5077865446340365,2.563943859377853,-2.341667551715487,-0.2949237747047954,-0.4075601319247912,-2.4756635471478234,-0.6205572741726213,-1.4329405280974403,1.5182328415286601
SC1=NN=C(C2=CC=C(N=CC3=CC=C(OC)C=C3)C=C2)O1,250.0,2.397940009,4,0,-7.8826261505358834,5.136750214941716,-17.455294482154706,25.76981734488054,-9.690873362589551,-6.66135996161604,1.2692651334048375,1.951592104516855,-1.2861092884086842,-5.027788618619929,6.239957891227917,12.813448271405077,6.900076524162915,-5.047961807810056,-5.710602117981258,1.4966723040452066,-7.4830374158444455,7.192026775632609,-2.241459930015226,-2.4107221602288083,11.377933805087697,-2.8376917126753005,22.20742853445537,-11.103877792938498,2.682294949829776,-1.920958555482518,3.4962978246993712,-3.668870317247623,1.7618167561205385,-0.7372626712200444,0.5329115338284294,0.21735576634544126,1.149456458681843,-1.7005267819239176,1.7492116883488846,0.05744945682067651,3.1763280786481283,-1.7070979854469355,-2.1312620286861965,-1.1130659863421184,-3.004892115934565,-3.669375995303421,-2.341026258964789,-5.166611929066213,2.952137620074737,6.057034198243307,2.208917239134463,-0.15051359165210348,1.6603515295087796,2.962962445063899,-1.7756417344054756,-3.8427195731139663,-3.5559727199687403,-0.8829863354682287,-0.3363112503012089,0.6652653124775364,1.0450578290350645,4.064229169726037,0.25697174169871273,-0.10234375206133206,1.2090596972040861,-1.846194284025934,-1.3082963521629856,0.1298718083758355
ClC1=CC=C(C2=NN=C(C3=CC=CN=C3)O2)C=C1,500.0,2.698970004,1,0,-9.409322361889261,8.427694083460265,-16.42007931165458,17.025820948451287,-8.495508995185823,-11.357252378141299,-2.28541335203701,1.3757784049788826,0.05583092966391984,-0.22069097606093072,0.24128494899025119,8.143512338317022,1.1624408881346537,0.027538822824719783,-2.224286145863638,-1.4407659950892016,-3.1705775197767188,3.286045752452986,-0.8584277840895125,-0.8689344801999445,6.68414382494398,-2.470133973713458,18.34279260158317,-0.3189100507018219,-1.4979129400497793,-5.660279648458206,2.83523406658461,6.117479939642202,-3.7191447561492192,5.315341175840304,-3.584592183680586,-2.22371207430937,1.8226586798000768,-2.296948299676017,1.160560962180526,-2.2396291845206404,1.2653722718232296,2.9105357617280565,-1.6801360269638006,2.3146792084957535,4.577700371709618,-0.46301678542863994,0.3282733001411404,3.416675214051759,1.2578395143621892,-4.334648309513536,-7.1378290682191645,4.008257855267764,0.7038929961081956,-0.6576467200542516,0.4561086352677781,3.25099517883201,8.671841879190561,6.278154936033441,-1.1026910228139375,-4.487664377876839,1.262116525136754,-9.494765352884658,-2.597923813405271,-1.7490358343901893,-1.000754604019647,12.934215326648362,8.701523272230927,-2.379726602712857
FC1=CC=C2N=C(NN3C(C4=CC=CN=C4)=NN=C3C5=CC=C(Cl)C=C5)SC2=C1,200.0,2.301029996,10,0,-8.436164755778114,24.42036700529975,-7.507935127113753,-5.129357256619909,-5.699417604429173,-15.218955378731202,-6.2553615629271695,-19.917365877338806,15.201289187767308,21.265342693473368,-7.314219424570018,-10.518722464409915,-6.5663128199806104,4.632338906542149,1.0579763594684317,-2.6000520466049393,-1.4621082859410979,1.3746083951727153,1.7833738983761334,-0.2976447740777356,0.7277974748280872,-5.604517231838096,1.4794317666368257,-0.07006697981011642,0.07508189923444908,0.08913225148060565,-0.4541008001863558,0.4338064681571683,0.9076140158118323,-0.2630111198123822,-0.11672025945697338,-0.14271147142489413,-0.3387591016042782,-0.5357087780714515,0.24979961485376012,-2.8561064708783195,0.319584368687457,1.0175612812427621,0.41793762085217684,-0.6583469227590174,-0.2685980872595233,0.0879331422375914,1.1258233798041406,1.052271120806243,0.521487804654117,-1.7675706924063677,-0.2800688024399867,2.5574347386583964,-0.23948836121590272,2.473348662861813,0.7637748753202179,-0.3671405963991889,1.1380585534071586,-0.5518925607456638,0.5861510533145489,-1.753557067472258,1.2319846416423532,-1.932765389566194,-0.6434368382179453,-4.2982272494391776,5.380137064709442,-4.232798949624809,2.219729193182766,-0.6559675622506244
BrC1=CC=C2N=C(NN3C(C4=CC=CN=C4)=NN=C3C5=CC=C(Cl)C=C5)SC2=C1,100.0,2.0,10,0,-9.065479641922842,24.22432393297475,-6.780558919468691,-6.179264820534369,-6.885030085749185,-16.270905812592446,-7.519432535628591,-20.54817139719643,15.901470487369805,20.455140227604986,-7.071810762633383,-9.225514832950727,-4.2998958536792315,2.871717598260244,1.149749382091617,-2.6970306928508725,0.6962744597279403,0.5837348562040342,1.2337287429790775,-0.45105306819327573,0.031165687425797336,-5.410988737580387,1.8270595596094297,0.8783831737105839,-0.3133106110536775,-0.36754253354945576,0.22408840457295207,0.8373687053776911,0.8623313441741209,-0.2338458786586049,-0.3230213679111795,-0.20076045856118557,0.7228816832176014,0.50592685756618,0.47282428561812395,-0.12836882190957327,0.9430641733123354,0.9825558684749905,0.10391199958107447,-0.025315539157314028,-0.36744715946313655,0.5268660499015093,0.12272012742382879,-0.9214353318016266,0.22593646837772924,-0.28138123917898367,2.3573390178138296,0.47433595147323376,0.19191950169489752,-0.11902556958373701,0.5459470691974898,-0.19648701832014678,1.8154337657149024,-0.7543423054980601,-0.8492041509904873,1.2261045745862726,-0.8536150191952439,0.47223982209831844,-0.3214074161009207,-1.7648645368401623,1.0555093792145156,-4.284150882485554,2.3485846519302425,-2.2817041428986578
O=[N+](C1=CC=C2N=C(NN3C(C4=CC=CN=C4)=NN=C3C5=CC=C(Cl)C=C5)SC2=C1)[O-],500.0,2.698970004,10,0,-7.907529785224405,23.945999910478882,-4.635449484526217,-4.5524394312608605,-5.060616850109298,-11.196106167962544,-7.543353862623073,-20.958609196307794,14.370097961543468,21.882907224600395,-4.138919016640332,-12.085888452256116,-5.829733156531235,4.994222115440244,0.036339045617429344,-2.297711451468052,1.5077250244786353,-0.26510364712356216,2.926869858809748,-1.0738593341855553,0.43431591285290877,-2.7481979659087004,2.874610532386371,-3.1236479710157035,1.4823637152722533,2.3441135111893723,-3.619783871903866,-2.436021279576425,1.5911618402606171,-0.3161077715288935,-3.501824031700888,-1.490940592867624,-2.1616725216502575,1.3543985948380581,-2.3756790932690293,3.4204335362498695,-3.4233138399414442,-2.0625423553200424,0.9041622287665994,0.7821538708268214,0.7456729298770698,-0.3152289304734672,4.231557949297338,1.669364229981333,-2.1260515803065325,0.8704826575631174,1.6069492616446723,-1.786217796183712,0.02441681755000513,0.6200554739708695,1.0149375697226801,2.7286696692874957,0.727860801000402,-2.300673886857364,2.7425606924603754,-1.205023579178275,-0.4392092093570386,0.555242540653763,1.6872375047471135,-2.7408505880127576,1.1507627464191528,-0.3131857282032283,0.9448439197558606,1.1065441366956765
CC1=CC=C2N=C(NN3C(C4=CC=CN=C4)=NN=C3C5=CC=C(Cl)C=C5)SC2=C1,1000.0,3.0,10,0,-7.701626916469321,23.54257751646501,-7.352267091488374,-4.574899587278908,-5.71243234145504,-14.35834970801125,-7.079762546308871,-19.34026615763738,15.478044885056963,20.720146702416535,-7.491377918300898,-10.413234115278444,-6.338189502400659,4.911402917401585,0.19249166846448257,-2.661308792077199,-0.4362646906532535,0.552414979250241,2.245112776965884,-0.05031252926805074,0.6143309078995055,-5.535517374986618,1.1907864640540955,-0.1453431078526837,0.5319816262515621,0.240802008333602,0.16478749724321037,0.6209868034384989,1.330771327743745,-0.7028881254348225,1.0734026857693233,1.000881695030689,0.2836243562945704,1.0706488201766309,0.3983305404392137,-0.49453299256747685,-0.03300562385556616,0.1494173244534885,0.6053747161847329,-0.3440464114259904,-0.09498515891374688,0.8194051017545201,-1.6648117285982524,-1.1268466531623136,1.2100641637405019,0.9074283617256941,0.46969265965162305,0.08090568805654862,0.12690359184247738,0.927933699210476,-0.13950567899806726,-0.2584279603282992,-1.3957359193240813,0.7994363329810424,-0.8091428731532547,0.6599329811909681,-0.45612208559912726,-0.1309325388833466,0.3601805652213538,0.8037577325280593,1.826053654301133,-3.8119653375609084,0.44190750729502415,-0.5844335189704067
COC1=CC=C2N=C(NN3C(C4=CC=CN=C4)=NN=C3C5=CC=C(Cl)C=C5)SC2=C1,250.0,2.397940009,10,0,-8.934984516003126,22.490782757955717,-7.202654889457328,-5.526704689780988,-6.5945113009434575,-12.542317892583727,-6.563654884905795,-19.534977210952384,14.531253163127525,22.793580633951194,-7.614756721791637,-10.751614266675634,-6.84831758107265,3.4830779060047234,1.2431717056629499,-0.8386402498041431,-0.05833760184482342,0.33209621379911647,1.3278908127507336,0.41894005379245175,0.3296931755063942,-5.457589074698014,2.3399263362465055,-0.7363894270320802,-0.424758940190139,-0.9976196307872013,0.8724135860373896,0.9491014187488713,1.101129701752771,-1.168997333434079,1.628210008882213,0.5730636988111333,0.37086367408796933,0.02197968202704464,0.11663495116472053,-0.5504307199044889,1.1664512722748457,-0.24443139553170737,-2.755406342561749,-0.5993106778472146,-2.9194762460414228,-2.565298861428563,-1.1131769944157703,-0.3733906631829931,0.6246068888533071,1.5486662984400008,1.8322727299818575,2.0105178472158127,0.5878436271552665,0.7672621346999683,-1.418847466134063,-3.0917411631520566,-0.8221586077320664,-0.24169424999908756,1.1908742940024188,1.1458792111554121,0.10495602083103432,3.491771283532534,-0.197938239521998,-4.367231916607663,2.862648428463101,-4.669317304470625,2.7610688793787777,-1.573160691610431
ClC1=CC=C2N=C(NN3C(C4=CC=CN=C4)=NN=C3C5=CC=C(Cl)C=C5)SC2=C1,100.0,2.0,10,0,-8.448876855482295,24.284471351519656,-7.574321783202065,-4.964483198833532,-7.077839908834179,-15.72289627370989,-7.4003615284523665,-20.480083746236865,16.74612117542146,21.792830670075706,-7.650253503922668,-11.51208726874279,-6.749525403714919,5.736265712031919,0.8658347094897695,-2.7984587812763166,0.0309987151794936,0.4820701695176418,1.2038521388631884,-0.6757708094416385,0.7064067299589729,-4.886100572990787,2.4209518724423473,0.3392686403342966,-0.7146546651513419,-0.32253868011584447,-0.032060583609924566,0.7175229690238951,0.47617850581659155,-0.34534918706224316,0.6698848838587461,-0.07283457484452123,0.13935007222601817,0.24224641238093675,0.331114479040209,-1.0991503291093485,1.107600777434402,1.1186211439204683,0.20305013695347243,-0.40386004408179765,-0.4480575878284602,0.35930327080142155,-0.5290290401306894,-0.05444036610995982,0.28915399530530894,-1.1381501962705582,-0.4428555654852221,1.283078900685652,1.2103906362445296,-0.8272174917281901,-0.3804173212030249,-0.8637887749121205,0.6935198042918634,1.0953813474478613,-0.8428654654200677,0.8161953098975858,0.7111791329260178,-0.39998529959718376,-1.4450336646431228,-5.007484307003699,-0.6295949051075295,-3.9987997251386367,2.765879623843724,-2.342923413884437
CC1=C2N=C(NN3C(C4=CC=CN=C4)=NN=C3C5=CC=C(Cl)C=C5)SC2=CC=C1,200.0,2.301029996,10,0,-7.244168911366177,23.6337124146291,-7.412678828253626,-6.0328764512053645,-5.483799444652835,-13.831397787627795,-6.957162479544973,-19.960120957481767,16.119618576109275,21.254534525379594,-8.090529659760973,-10.99555774559743,-6.753434183099854,4.5735717698880585,1.3806843883799842,-3.714167638235699,-0.5264486737278757,1.176194988099902,2.24919871442061,-0.4347475699912932,1.274726005655003,-5.6314176993883756,0.5874676503481283,-1.1647508612519464,1.0231951277217577,-0.49547350792308237,0.6040318188118774,0.5909212855374231,1.6455394976085949,-1.494436641647564,0.11240218354156126,1.0619870710916044,-0.3580178243901594,0.9323673077547846,1.0441762910721868,-0.10752481093657194,0.46355944592670295,0.3262235088921813,0.7211138685881098,-0.44117003185066056,0.1211661702331132,0.385966093676734,-2.5712568565490543,-2.1170750564983485,0.8657543894148957,2.0653798303038635,0.44512859035401553,-2.0643856134686014,-0.8323248073523564,1.3454718397689789,0.26455575113255764,0.6277207339718368,-3.8722321800462143,-1.0983811336389262,-1.3161117074147195,-0.0005709202939959162,-0.7867865241858941,0.1155822057462472,2.2700556552567703,14.06114562533566,-0.30953643577974455,6.936489937730337,-6.914294665816573,3.8384969324973106
O=[N+](C1=C2N=C(NN3C(C4=CC=CN=C4)=NN=C3C5=CC=C(Cl)C=C5)SC2=CC=C1)[O-],100.0,2.0,10,0,-6.957386892155183,23.434954852329433,-2.463853597311434,-6.974005518995404,-2.6721428022606237,-9.83405537429652,-7.158813599166364,-20.50536787877532,13.979182304551506,21.28960048387468,-4.429814904282278,-11.499139522120538,-5.818885321975013,4.850641243853029,1.302419577808496,-3.3519695722811935,1.7230301889779305,-0.06535362730374254,3.871440204647524,-1.6392858409886029,0.9315658662974251,-2.4059693048037856,3.232943162623098,-3.3029607436106048,1.9594648202206608,1.6868846753634306,-3.3261517398101237,-2.188243050396145,1.619004846515826,-0.0013022365921843172,-3.0760341626865677,-1.9846934513766046,-1.4731110000363032,1.1175858397496476,-2.846058594132114,4.2494788333355755,-3.4187380923137103,-2.896789171494145,1.14901787040161,1.3316487342150063,1.5861469878007843,-0.9635395262239563,3.9205347126818952,0.7298034958214,-0.9828146575220951,2.11368717231774,0.6306959027209589,-3.0711902529753305,-1.65539581080719,-0.2052728809511879,0.7224700135662127,3.672270733595161,-1.9905322079842844,-5.154819438941389,4.204284832162004,-1.3824437744540772,-1.082421510091821,-0.3809117464991399,4.636405912338247,8.072745995577062,-3.250388615502725,12.965977790471143,-6.7357730036667895,7.270669982236164
ClC1=C(Cl)C=C2N=C(NN3C(C4=CC=CN=C4)=NN=C3C5=CC=C(Cl)C=C5)SC2=C1,250.0,2.397940009,10,0,-8.325317749402293,24.22761839088431,-5.765332258547922,-5.804162626170767,-5.807700254771143,-14.37861673336219,-7.127767108179723,-20.819132003794895,15.879812330329756,22.345743984841096,-7.76111353214383,-12.384427631874756,-6.804863321299593,5.559717946062362,1.1716468734493475,-3.1230714457677724,-0.049015472527965544,0.6846991880776179,1.0666226217616863,-1.1218311381495023,0.8830339153355079,-3.602069136303621,2.4879591377698707,0.6302870091942256,0.1510276167508772,0.046425935273366845,0.3799146973716257,1.2135784528812767,0.43793214205528797,-0.6576884011978889,1.628701560188782,0.1854736600513446,0.09771669131267519,-0.04548933967399511,0.7063389487028935,-1.0099263168372217,1.0379343630020168,0.46419984291595656,0.034809678608782174,-0.2937931443761402,-1.0851433652823854,0.8190325987640757,-1.2764744382800466,-1.0043262034163738,-0.11147181110417423,-0.43032306946639604,-2.2827397718624933,0.9160456251481143,1.3296434901991316,-2.148568716469221,-0.7540029750320589,-1.3759031449959327,0.7744691137380358,2.2719004349576366,-4.554322912919472,2.191605127395791,2.3094950183717096,0.16545381621445565,-4.715557643776197,-10.013382941268407,-3.220370951117702,-7.484569990094368,4.4216446100871165,-7.67476395345244
ClC1=C2N=C(NN3C(C4=CC=CN=C4)=NN=C3C5=CC=C(Cl)C=C5)SC2=CC=C1,200.0,2.301029996,10,0,-8.286574994953641,24.54518493891526,-6.281714512076322,-6.207893160731401,-6.401236328377793,-15.038867892980567,-6.653082729153845,-20.636503429257328,16.401298433432842,22.04597888079961,-7.550201693639687,-11.347017086463314,-6.9885400680971275,5.0562437262672395,1.8235384630644098,-3.2652045434050656,-0.24573655472583172,0.9421499743575726,1.373448681573046,-1.3287677532133382,1.2024874956028517,-5.462369182483688,2.439758362859054,0.3932838770436807,-0.024757997617960683,-0.8965480972177375,0.1564301184103599,0.9884846348720749,0.13923211188557896,-0.4625684291529164,0.5165326352247326,-0.6618393425381145,-0.23644003474171923,-0.32282192683741323,-0.011816823399782784,-0.8785068620323899,0.4797243368001127,0.6630131724767291,-0.3802900188615786,-0.2191064378819104,-0.6878380183537727,0.34593144830696687,-0.5828849992661981,0.43091375117449143,0.15092480729704924,0.02076626462462383,-0.5916659461232728,-0.8509626041962371,0.7791533430670989,-1.246210366272208,-0.21274455401041262,-1.452774340812963,-2.102095072994261,0.08592270372510949,-0.20808982182610797,-0.7129773450373973,-0.333109304847234,-0.2424397715598401,0.01099041090135907,4.909951081211343,-2.869329721012093,6.778000448546757,-4.3664823970791735,2.636944869944569
O=C1C=C(CN2N=NC(CNS(=O)(C3=CC=C(C)C=C3)=O)=C2)C4=C(O1)C=C(O)C=C4,256.0,2.408239965,1,0,2.393965152846317,-11.451800413794123,-14.820087321860386,-4.485027459050307,13.582095875259919,-1.1617742600709617,-3.187498839107016,-0.24880834960854595,-4.082622441248811,-0.9131179007641691,-1.2129240135054427,-1.6768642701349563,-5.191364811416698,-7.522155027564787,-2.519489096435648,-12.573530239626232,11.939957251033894,2.947207326127535,-10.710988400617117,2.607262666752434,7.359562052316205,4.946238552612526,-4.538807965995574,-0.3278381397406402,5.486571741404799,15.686360292922485,12.290391295841367,13.864604004835948,53.184892258084865,39.72685175218257,17.106313349629882,-5.301502128895824,4.332557983464671,-9.301824637902401,-10.60411725883096,-0.5492831372168557,-0.44905951983376113,4.1472537292163905,4.0435900064699535,-1.5330266580809497,-0.3183251396640748,-1.3531519714286528,3.7346700019129453,-1.1499318156022666,1.2708869270084182,-0.4531265117166577,0.4658739897326534,-0.8104304575310959,0.2975697419728229,-0.0648313897717574,0.17358070747555154,0.2665636269605967,-0.190077052328735,-0.3102165565120585,-0.33214704947502405,-0.9121579462924706,-0.46350038622420775,-0.1515585304404815,-0.12237816018104802,0.4708915691154498,-0.888102832834425,0.37465153612040053,-0.23485149175412265,-0.8922789290037402
CN(C1=C(SC2=C3)C=CC=C1)C2=CC=C3COC4=CN(N=N4)CC5=CC=C(C=C5)C,50.0,1.698970004,2,0,21.700407813906125,-7.090003513490044,-10.580692497553658,2.0107817681998004,-4.378948195305831,-4.880799879971124,-1.9191492658272327,-3.8677701054274682,-0.9061361317299195,-5.492171442210915,4.049163230391336,-7.2675277017004305,3.6802037092502013,-2.534483224143556,11.06651192397163,-1.8652132539882378,-8.984133860281807,-0.34256383407656205,9.948900628482207,14.569300582537391,-2.432384759105673,-3.5907259242066045,0.09893880488771198,3.841812113052126,-3.197441701396264,1.325266339716959,9.804539039662993,-13.53708713366455,0.5100355138058689,6.242300750522564,0.9353028251274992,1.19286622232071,-2.978371008815006,2.447069444741581,2.026908994010073,6.831981986136311,-12.687024842196095,-3.8136212603916904,0.42858535844685763,1.1615010852643266,3.679323691810924,-5.052570958807589,-16.50731103618807,0.9731805906313984,6.5914792890329,-9.910452789186772,1.5939726552881661,7.2730595082879725,-3.6828428688882804,3.0837680584701594,4.144216479679002,-2.482847698022088,3.0770807053444225,4.187159198738402,2.3244812253707763,-6.014559957357417,7.900200180909027,0.4209875244057521,0.027378094916751024,2.8207190158517284,0.3829117401526187,-1.9594088183917833,-1.9008329530705788,-0.5936027535650873
CN(C1=C(SC2=C3)C=CC=C1)C2=CC=C3COC4=CN(N=N4)CC5=CC=C(C=C5)[N+]([O-])=O,25.0,1.397940009,2,0,21.158391041378856,-5.661245102507503,-8.222024812712347,2.6688215377195217,-3.1828124429561084,-2.534500820437196,-3.2626547160509918,-4.991734192397925,-1.3800782362775281,-4.693264940747485,6.534576994050557,-8.204454283780493,3.286390217364987,-3.709474364431051,9.418221250142983,-1.7237930058638764,-6.343826731739965,-0.6411917126727007,10.24041533603261,14.81493216280617,-3.071962865059604,-1.2703530884640786,0.6612880893833313,0.2777139415037168,-2.36291949886552,4.253488652588456,5.035603267819285,-15.606665692269589,-0.07319313949097449,6.248251156449723,-3.17826554320963,-0.7207045614872365,-4.994178568244483,2.4166164184475103,-1.3513823386788208,11.948762795159327,-17.04540916913559,-7.948505738457234,1.3485703851366646,1.841503846539901,5.501374093562066,-7.032378139530333,-11.952853872177702,2.364709822468941,5.894513588884212,-9.886902731707817,1.566110445048766,5.709375819974391,-3.2086595517671688,3.9624306655110417,3.2642672705580296,-0.5510605499946118,2.2223579607784316,1.6468619414343957,3.938593590305783,-7.041565983766522,7.069895511077233,-0.5913638798753766,0.19367957475532185,0.5302257198201628,-1.882617924924736,-1.4593347125332945,-0.3368777874372754,-1.017986709320668
CN1C2=C(C=CC=C2)SC3=CC(COCC4=CN(CC5=CC=CC=C5F)N=N4)=CC=C13,25.0,1.397940009,5,1,21.411471288989812,-8.806670110333737,-13.01993335590495,-1.5064544291126072,0.10857354486271235,-3.3163549432377497,-3.4187126944188475,-2.888395022791585,-1.5148985681876195,-4.581794122500663,2.886043677777703,-7.861380592230607,4.916918922574861,-0.4343369052146729,11.554745166914863,3.1219150309288093,-10.09566363131893,-0.8727288605600761,9.274245450362763,12.952183080388737,-2.445201879801538,-3.4377884580134515,-2.255704274241719,4.6202857372486505,-2.3331744042246845,1.525351695731438,7.9099571373681306,-13.927848931328723,-0.6090435951444849,4.045447709372594,1.0435192282919536,0.5450679849295349,0.8851019561485984,-6.925684868496655,9.38541781705818,-7.0403689701594265,-2.8790566761200345,5.615058935383696,5.54747172392455,-2.167933982056722,0.22351266869733413,4.24444270107183,6.639471243366593,3.2994031176848964,-7.510557234226938,6.436659549029645,-2.2880634132246467,-4.2908988692874885,2.6841630548980815,2.185163939095459,0.3560055038620556,1.2641973410760903,-0.0486542190691977,-4.962010557359899,0.8323824180791777,-1.0356005589196153,-0.3264785330938884,-1.4853938612823745,-0.4947205920297634,-2.77616123366199,-1.0266319811746256,-0.9010416921547031,0.5163866809904578,3.7884002764724785
CN1C2=C(SC3=CC(COCC4=CN(N=N4)CC5=CC=C(O)C=C5)=CC=C13)C=CC=C2,50.0,1.698970004,5,1,21.549255471977204,-10.611399666384914,-14.330551528983595,0.38859109877754267,-1.5222427994028316,-3.0146963504859507,-3.5306181445794307,-2.3223596777238913,-1.1786636917962294,-3.9592075665865276,4.3333742716167105,-8.256269085367784,4.330667357846025,-1.9950261049739668,11.606219129419395,1.7211544793744689,-9.143138412434952,-0.5709722793831012,7.551794414690589,13.003617507342735,-2.5458561492997895,-4.334411912254223,-1.7860216462432164,3.900657081973782,-3.5995709106106477,0.5239465304725278,9.655889336189913,-16.484965479806778,-0.4100500770486047,3.902735668713967,1.4851278629315001,1.4180986621788347,-0.23636004830416948,-3.757602629441382,5.8981598406838645,-4.097801345845833,-0.9764277378458045,3.4055609722457776,2.005565480632287,-0.5276547864372365,-0.6659673504575008,1.3433928799099994,2.1131601813447833,1.9271851679570244,-3.8383982842975874,6.5416921594871305,-0.6570355471891319,-3.050373659696483,1.576287563605384,-1.2496836824003563,-2.220895799844074,0.241169385827948,-1.748222633893429,-1.6289284614702997,-1.7162554563482866,3.0878755160838502,-2.9641749950642815,1.0684487772005644,-0.2897842422552524,-0.2735528541405366,-1.0917350448360723,0.9158420284116122,1.38290814196968,0.11369563668884622
N#CC1=CC=C(CN2N=NC(COCC3=CC=C4N(C)C5=C(C=CC=C5)SC4=C3)=C2)C=C1,12.5,1.096910013,5,1,24.297829341644157,-9.41693932782733,-13.241413976315012,0.2414453954796741,-2.363041138792638,-3.392393593988289,-4.296512410509867,-2.2252506160003485,-1.4907399457942705,-4.688591354371276,3.9693776459785304,-9.130085470322786,4.207318472034089,-1.6125661380820058,11.619884341858768,1.8407173849869396,-8.988047390543043,-1.235047382905756,6.271301678089128,10.630592586715569,-2.423782097574992,-3.9262580450568234,-1.436215306736119,4.717619720638556,-3.863366861274197,-0.3506324664261595,8.909137479009292,-15.294596557618696,-2.110249808928506,4.335192878430277,0.6365403102680601,1.1578337640048475,0.05384086808779559,-3.1178177213511726,5.318828270588363,-4.374703987152487,-1.0575951979613543,3.9541748419992184,1.9077513442890024,-0.45231087144868254,0.6570321948060893,3.5153146905524117,3.4396892254316938,2.0465620405388543,-4.792598829147391,5.4740353261167325,-0.9412797449058952,-4.092529971208684,2.2213928297611205,-1.118368887747791,-1.39597965825458,2.1888035851356213,-0.8079623719993635,-1.4866647918165292,-0.8400104353060888,2.405432205781339,-2.5399200714118457,-1.2287701226897543,0.1105203624765451,-0.22392488385978945,-1.3357861447115154,0.25420933245610217,0.6681922399614268,-1.126192176643923
CN1C2=C(C=CC=C2)SC3=CC(COCC4=CN(CC5=CC=C(OC)C=C5)N=N4)=CC=C13,50.0,1.698970004,5,1,20.847913998786687,-11.120675115491794,-13.933155669435164,0.045686015489182503,-1.5060072791705392,-2.1379919580743896,-3.107709510810781,-2.445792022129049,-1.3873889098630028,-3.181040865666203,4.079772846863598,-8.419383488766444,3.9518191007592707,-2.9552394193958187,11.597757489294624,2.359135659672453,-8.357453662474928,-0.30348134228194046,7.198782342914349,13.436984308043282,-2.9440419156439575,-4.371012614879165,-1.9579837714034876,3.411477828223441,-3.6589251393645887,0.48763317992925925,9.766393089110714,-15.97058198581679,-0.9284892947196295,3.0369345197964805,1.8598246470092337,1.4033684180496224,-0.519842002977229,-3.864470952489871,6.08215767841865,-3.9074723650636374,-0.2576354234396146,2.765405837976209,0.842467273022402,-0.6572703903495224,-1.7817702346458817,0.15837562235537922,1.775615949196889,1.7531515354093727,-3.8945446249259814,7.290557362088688,0.044262432827763626,-3.408223256304835,1.6741611375579126,-0.4876600366987661,-2.872423648097202,-1.1642241830588185,-1.8731419858232106,-1.8501962348343113,-0.7637432289601901,3.0141849618814556,-2.7075967730919843,2.4003084701678534,-0.2679224509289628,-0.2950135342301781,-0.8740044476880708,0.7049708109448451,1.1275748502305527,0.4546736111921287
CN1C2=C(C=CC=C2)SC3=CC(COCC4=CN(CC5=CC=C(F)C=C5)N=N4)=CC=C13,25.0,1.397940009,5,1,22.244310483253976,-9.580984408173432,-13.635151256830358,-0.2898218787173631,-0.31885627519121,-3.908767534605572,-2.9323501317625777,-2.5783122757115953,-1.4786163277331326,-5.0908100918363095,3.4308229459880186,-8.043784643856581,3.7778993908943415,-1.446904986682308,11.881424938769156,2.488958614840482,-9.625356611266088,-0.5345871449949199,7.8499932551524205,12.510060607320838,-2.741924018438764,-4.559238798681325,-1.7643950449704948,4.7276351098809615,-3.190216407500793,0.6557255295064388,8.686711250486615,-15.506995270920237,-2.1147592751719335,4.350548751756374,0.5817353838985376,0.82699091740055,-0.5031548251639609,-4.202428223306206,6.2016692731250656,-6.0175236715060105,-0.4486592093593173,4.649883624054217,4.32178478182657,-1.3402807342794505,0.3525469772659248,2.453199096241369,5.2406277344876315,3.574995161371351,-4.944899213992092,4.228640471860504,-1.981419844510473,-1.904715443184247,1.5292766964924926,1.562656565828039,-0.5322888719737779,0.9165359991190994,-0.8006311593467674,-2.1784378439929117,-1.2356253546900986,0.9008978719486008,-1.745653961513459,-2.8106180657023545,-0.5186581149410976,-1.9130332739621347,0.27646970629338935,0.7103593718052309,0.19655339841752373,2.2062620640464954
CN(C1=C(SC2=C3)C=CC=C1)C2=CC=C3/C=N/OC4=C(NN=N4)CC5=CC=C(C=C5)C,25.0,1.397940009,2,0,21.57443151460548,-2.1399843316433054,-4.545959043610767,5.304666350931818,-8.113475550938693,-1.9880828063826188,2.9702848097344976,-1.1043304820140927,0.9068940790266765,-3.1126948258060114,5.009046293676293,-1.400167201205213,3.0134141692937333,-3.024377496471432,9.450805519543,1.5000651317805946,-12.333267759418662,0.9082059353338305,16.272930303670602,22.273342984024247,-3.1367582812433814,-0.732849021855539,-3.495438715740578,-11.086964813479009,9.288557342576171,0.02363752504662177,-8.09484050349757,18.212759359262193,2.2798438142036463,-3.045942711384635,0.9908935783432145,0.11107093972437326,1.4599900420824228,2.083612278154774,-2.4192342674589398,1.536673307279174,0.9946527735870755,-1.6570415015174957,0.6537007641910633,0.8412815954867059,2.150996390896745,0.6267186967303994,-3.4003332620363667,-2.0537475271729533,2.9308101331703913,-3.3878079187594885,-1.7984818266390832,2.8557592968989076,-2.3666830113459763,-4.799433360074907,-5.373701786520035,-1.710598065196844,-5.3969713375520705,2.718908288570682,-6.00591206638661,12.684456005597948,-12.140146090060774,-5.612233780356356,-0.26408712040224563,-1.5519394493876053,4.160028817904938,1.381735372886943,-2.025172275247168,2.356722827919811
CN(C1=C(SC2=C3)C=CC=C1)C2=CC=C3/C=N/OC4=C(NN=N4)CC5=CC=C(C=C5)[N+]([O-])=O,25.0,1.397940009,2,0,20.96034640497208,-1.683320435730216,-2.4939225924703496,5.78280054416641,-6.6667996416785975,-0.2588669911212479,1.354824306437718,-2.5251962593918793,0.32144248496177436,-2.66154080870273,6.843393493797531,-2.5881322961060333,2.6657504607718887,-4.304552303011213,8.590782929493722,1.9340947650508762,-10.32155604184091,0.6806679838311275,15.839570555486825,21.676314348264782,-3.965120965059518,1.128412296052755,-2.626916762622678,-13.51482909500298,9.707909086480608,2.3612502195236793,-12.04233489115414,15.741359288549306,1.69454321787006,-2.883996325970323,-2.294342080339326,-1.5439983889956685,-0.523115509880848,1.834600917275262,-5.017246136459354,6.239698894273799,-3.161692193769378,-4.9359521161148745,1.3023174751919542,1.508428218367232,3.591813572463181,-1.1150742236906437,0.5570613320179283,-0.7270675156516808,2.429159695318184,-3.2461849543722994,-1.8080039078519445,1.5171312078350492,-1.4383592995350791,-3.9521688539895843,-6.216436446450325,0.1909947693813729,-6.420214195891123,0.7557079438477966,-4.393749623088127,11.357830578333727,-13.158352907913821,-6.813755832959158,-0.18031679794841426,-3.7100023997717684,2.295539742247378,1.5893340377749205,-0.49118161375462543,2.157502937921624
CN(C(/C=C\C)=CSC1=C2)C1=CC=C2/C=N/OC3=C(NN=N3)CC4=CC=CC=C4F,12.5,1.096910013,1,1,7.914075537832649,1.4592099515998198,-1.715241082943359,1.1294659748964746,1.255616675564871,-0.3094426151739481,3.9536581986321986,-0.632761038426337,0.9203361530781408,-1.0052765702046662,3.871559098370221,3.256073499446447,2.730362868270526,-4.50464639865474,7.552519611874964,3.547386634117974,-8.036281644792052,-0.2863429803456071,19.67510314446995,18.795673062961736,0.464338041360558,4.219318558715535,-4.256369691441361,-14.744522685962803,15.678925024505782,1.9031749831394884,-18.37674135365149,34.82751164176426,7.973643032983908,-17.945377060362834,0.1372961669522935,-2.0590210412834438,10.008971149004816,-23.893867074112425,23.29415059800928,-0.41208408057969265,-18.685335273991125,8.316576022754807,-0.8167638733073178,-3.4731247180882163,-2.2222920141360634,8.675654050483823,1.285435528502379,-1.4770756810863093,-2.7166836390518645,2.597156546768547,-0.12658344298465446,-3.045421619773726,2.8448776847396187,1.7502451175168405,5.1642496233509885,-0.8435048882200127,4.415741139922495,0.42238121815161267,5.407817053981878,-8.086289455607016,9.063331564133438,5.195490267538927,0.02283856996951307,1.849397243147889,-2.405493387707843,-0.7637549586630554,0.6950969564628499,-2.886283048523095
CN(C1=C(SC2=C3)C=CC=C1)C2=CC=C3/C=N/OC4=CN(N=N4)CC5=CC=C(O)C=C5,50.0,1.698970004,1,0,23.89788291220658,-6.345944712696942,-8.250318186670947,3.742910636208197,-4.62893198864683,-2.403271803875459,-1.123004272038542,-4.318817984464434,-0.34691083626356917,-4.55560983239012,3.703996392459604,-5.359301251533174,2.74291792089313,-2.9648615872949025,9.685932395780663,-1.8817621073096937,-9.712736522515158,0.16382879179000362,9.079041408524157,15.71000852175988,-1.4287369433940775,-2.01444307305851,-0.44478811540543894,-1.9111165232118583,1.4961625052408472,0.7384219317620453,2.5877317615801783,-2.464963174149643,2.0678468779467556,1.6432707679468,1.2265906226083052,1.2812522519560896,-0.6084996033598847,1.2354547482679645,-1.4547467914154353,6.098204699026202,-6.817363340134256,-3.282348300764425,-2.3810650364861012,1.4078290847495631,1.0148074922981123,-3.2328819419175283,-11.869962078251092,-1.6330409080783979,7.104453209333609,-5.302294159260888,0.6757829715414057,7.03890699268274,-2.4844116949954564,-3.882192002986808,-0.337625749420771,-1.4547584524056263,-3.319695733105201,5.448717456709529,-4.39836091925669,2.871319624061565,-0.9972136160192743,3.569537726561242,-0.2022805465488131,1.6396061550730126,3.3718084255955674,3.703668575876202,2.09791421345776,0.4319318400890454
N#CC1=CC=C(CN2N=NC(CO/N=C/C3=CC=C4N(C)C5=C(C=CC=C5)SC4=C3)=C2)C=C1,12.5,1.096910013,1,1,27.439203467065447,-9.394490715372354,-10.719295497685458,1.5032976892971155,-3.258337294181432,-2.597393271569621,-2.9900641065452795,-2.9946591323816563,-1.1667354603183733,-5.609926171292885,3.3234210902591146,-8.002761350258503,3.478488730686306,-2.4979937239511565,10.215515071395027,1.1829183477003051,-8.849765785584145,-1.006587289220844,4.945746009863657,9.122476755584346,-2.194996387308982,-2.048831493996714,-1.910373675700853,0.29948344069285465,0.14956380328550012,-1.1273938558295795,2.247324764436752,-2.1647949263751696,-0.9204066693673415,0.8808330571729377,-0.4479921033171515,1.241631417703931,-1.3723557280537717,3.9805851317904795,-6.255280599833832,-1.7441280847211527,8.42964666453792,0.07614357188840158,-1.4859454349636967,0.3968429409164301,-1.0252334437302915,0.2587595724291038,2.1308971300465465,0.01528501759797191,-0.9816380843778485,1.4415606587052814,0.23731343223710866,-5.12087731519032,1.9921852735500458,-3.523058051498559,2.711511366869807,5.5194007005821595,3.2407038035777433,0.7932077016374937,0.47442955169363593,-3.0584538673474606,3.130317277436211,2.3280307649369525,0.9322758701698721,0.9768248887980825,-0.4656863123691374,1.038113635805225,1.5276379774465965,-5.437724690973853
COC1=CC=C(C=C1)CC2=C(CO/N=C/C3=CC=C4N(C)C5=C(C=CC=C5)SC4=C3)N=NN2,50.0,1.698970004,2,1,21.370371022449444,-6.467764506520839,-4.410419912335126,5.072434464604227,-6.269256631177434,-0.9398637240172006,4.341570669777603,-2.7821592729097695,-0.15629819330584213,-1.4856924167770533,4.285266401025844,-1.3636292526206972,4.475977823817366,-2.755698460192897,10.379907260536406,2.7930923685352513,-10.360181709937335,1.8092936366345285,13.501860339044885,20.796028239241444,-3.4064523973393444,-2.9157472591766846,-5.201683065360182,-10.082021708909377,5.421184710021728,-1.2621671947722688,-2.4063233397497665,10.680994060110068,0.393473622170938,-2.494404055967675,-0.05955312506167645,1.3321689591782848,-1.7673119703533333,11.720504749228445,-14.606084099423773,-5.69550280691654,22.958861574316472,-4.1029956435854995,0.02390621862153758,-1.2415451556854333,-4.177847322433898,-9.123667298083312,2.4654995924102,1.8772479787860916,0.15580705316337926,2.279492347925263,1.5103282602775017,-3.502692563928426,-0.4070373970647425,0.5750741600195087,2.2471643721776586,-0.9249190424270776,4.95141963507199,-1.9851638638674858,2.6209557252786464,-5.697181778875742,5.856365201773318,4.604077566460179,-0.013860963545956522,1.8094833934186085,-2.555693178119295,-1.720254017801295,0.44127114966012027,-1.4465493010075057
FC1=CC=C(C=C1)CC2=C(CO/N=C/C3=CC=C4N(C)C5=C(C=CC=C5)SC4=C3)N=NN2,12.5,1.096910013,2,1,22.78437674500562,-4.581249361767926,-4.418494132765025,4.512997314888542,-5.25082025332674,-3.045094001580601,4.413159494119727,-2.647769364073214,0.2699487438720156,-3.2457281844251913,3.594582630946459,-1.05083691874323,4.619955660510799,-1.1376154510207324,10.490280424413626,2.54483913221699,-11.84891454014965,1.8196590910829245,14.203779418099625,20.014075251147368,-3.2175681478311975,-3.035561675390773,-4.838208150520437,-9.093302993038384,6.137841854418009,-1.2141315452979946,-4.083635081859581,11.444582874967942,-0.7680527056864503,-1.0589111752913942,-1.5091661830919691,0.7450213260106733,-1.8674280668708356,11.823528252467447,-14.335685747670638,-8.108021256897434,22.76440222937744,-1.8769072595887246,3.835792972293193,-2.050165012580391,-1.9105785426450197,-6.480461724948096,5.510373967703182,3.8322760423731923,-1.1135905969087336,-0.6057109925560722,-0.46485802712303775,-2.1137227458495107,-0.7122422175883473,2.2623022027052877,4.7187602940553335,1.6643657685738984,5.793687106638731,-2.283270056800032,1.8591897151864871,-7.568466391077851,6.791321559940289,-0.5057387039327508,-0.2839688433223926,0.06021935810589897,-1.3792599967304406,-1.4526812581296507,-0.4825861092938795,0.19047589866986536
O=C(N/N=C/C1=CC=C2N(CC3=CN(CC4=CC=C(C#N)C=C4)N=N3)C5=C(C=CC=C5)SC2=C1)C6=CN=CC=C6,12.5,1.096910013,2,1,34.316284311874426,-4.267022431622931,-2.126222847706744,-4.428766426096092,-4.954832768506763,1.138407205742085,-5.181249693444037,-1.118470166902084,-1.62415401993488,-3.504738784820563,-1.298332018960595,-10.504436627241278,-0.05549012369226139,-5.35937078754727,7.668881915307139,2.463863717445718,-5.151971403031283,-5.156082602532433,-8.808440654439847,-10.060610243188698,3.3951181761376996,0.8607630365617298,1.5440014992711208,-0.5343695461285392,-3.3968807371711365,-3.0024108952784143,0.4508590705175227,3.7278382572298985,-1.3548564279651272,0.20259966910815463,0.6196908333947008,0.021588947174498087,0.98710517710582,3.0406053228352965,-2.1447778344136483,0.43742572329834495,0.6336925519099228,2.429674995150569,-6.40436375487293,1.592839173277465,-0.2870961860788823,7.174169544000984,-0.08660661279505488,-6.203990336545224,0.5545220192794661,0.5046838892421542,-0.03280779583326535,0.7603253570437214,-0.7128497431122073,-0.6419643356086688,0.5856877877828967,0.3547314559019506,1.6320583653705432,-0.9635279422313829,1.3072946560167529,0.39445939655725815,0.49174762103926584,1.3625696912605634,0.2941500463882674,5.865270195965667,1.3546095460698477,4.728707934125235,4.544330221433862,-2.9928140497058044
O=C(C1=NC=CN=C1)N/N=C/C2=CC=C3N(CC4=CN(CC5=CC=C(C#N)C=C5)N=N4)C6=C(C=CC=C6)SC3=C2,50.0,1.698970004,2,0,32.814353545119936,-3.3181656548935092,-2.481587224508758,-4.2142119641406115,-3.9756552194154944,0.9555272932529516,-4.509193705202519,-1.4443425614754815,-1.778025809315034,-3.8852142319127907,-0.14012048995281637,-11.383998643134854,-0.2173546759981927,-3.9925344729419074,9.348466356803618,0.676706106949845,-5.9909877651306145,-4.982803855100363,-6.616907953659651,-11.043323437874356,3.467522400339259,1.4172458388463047,2.214330174046817,-1.4704701380432006,-3.327147992981989,-2.8449254583604664,0.7224036792821243,3.6983860559492365,-1.0962829477844644,1.099191005599349,1.3044667081913677,0.6767800041912083,1.2228631252423243,1.8073188599920067,-1.6371976131927042,-1.344078071373783,0.51103453639566,3.665183473977671,-7.196856465725198,6.997084517951372,3.320714695516553,4.151535400756483,-0.6054851394515635,-5.849613476418125,0.16449712260698926,2.046645439055069,4.027516229759967,-5.427331786159873,-0.155034996499998,-4.839630035071197,-2.2179556953967015,1.042957892498597,-6.333165986798548,5.525952989824397,9.002237804175467,-3.755621331223745,0.712575344647145,-3.9666756443947757,0.945372691827294,1.4868653639718963,1.2259932185176983,-1.5730504473190188,1.9162439240740905,-0.11665413097192563
O=C(N/N=C/C1=CC=C2N(CC3=CN(CC4=CC=C(C#N)C=C4)N=N3)C5=C(C=CC=C5)SC2=C1)C6=CC=NC=C6,12.5,1.096910013,2,1,34.947452037127,-3.793363486524885,-2.558168688415663,-3.9502410799621996,-4.689867867411168,0.475050641891348,-4.624636125861299,-0.8775530722556791,-1.871781567366268,-5.281215740981652,-0.21093758945825522,-9.918131203305867,0.2961879081950771,-4.76870051343375,8.10336051819052,1.502679816803757,-5.918634945169532,-4.951392530097994,-8.225141268523956,-10.571029456634633,3.4331576855953485,0.3673826495098907,1.4779056647397926,-0.36186699577724774,-3.08458166963142,-2.698676397883758,0.011608934078354685,3.997190309162659,-0.8245839886485286,0.3854642833656572,0.1932328071361816,-0.21133278173788225,1.1597308142354006,2.273728301080667,-2.0164742546992613,0.2696838571205167,0.3805064278207462,1.8322476072896414,-6.63995958844005,1.3347386447241563,-0.3888577918561397,6.626443027610173,0.5117023072019851,-4.752437868843024,-0.1992691182622679,-0.830128558763045,2.6322378063363563,1.3038052854502198,-0.5681760600798534,-0.4845971222089727,-0.13949266646922168,-0.3618981848116869,-0.1718218902685034,0.8269152393850322,1.1981406592206365,-0.19482841995503813,-0.03496570136739569,-0.8478215788746033,-0.3351359772946067,-0.03662763138797005,1.1683106859605965,0.3332770228589392,-0.2239419493810415,-0.6952823108256271
O=C(N/N=C/C1=CC=C2N(CC3=CN(CC4=CC=C(C#N)C=C4)N=N3)C5=C(C=CC(C(F)(F)F)=C5)SC2=C1)C6=CN=CC=C6,50.0,1.698970004,2,1,36.064268494473765,-1.7986540535204059,0.764257152702271,-7.144897459420864,-5.025864682680923,2.37000770636294,-4.622683607396585,-1.5409254600082434,-1.0692266964600683,-2.5965810194555767,-2.828123980409077,-9.137705763943933,0.8863621558649528,-4.863327039560887,5.788322112069735,1.9046076722580842,-1.5060940256481181,-4.477771861568622,-10.947160631063486,-14.907571333257945,5.369684239763092,2.3192271544442353,1.31319887058294,-1.137116208104487,-2.043429267239129,-3.0140479332426424,-1.9114746685274477,4.485088573411726,-0.5568863007043129,-2.4209605319141554,1.928693275401509,0.6394803676783939,0.974848407657526,-0.7244286488993712,3.042474965837154,-2.558240823912149,1.4166082111205203,-0.8481632094383795,4.59501310931738,-1.7623994154803586,0.2187059814735538,-4.431051486624465,-3.3943895254380476,2.726600454824728,1.549827662797452,1.153717824101696,-0.7062045083003018,-0.9697222095226166,-0.8835924745582631,-1.447610675461235,0.1213045048486719,1.52455311103201,1.2457511997275668,0.15324344797957037,-0.11732747686647907,1.292607734669218,-0.2859821420071184,1.4353859952864658,0.3917073292676114,5.783945804817738,0.49770138839483435,4.924943750609379,4.5491493830239556,-2.648227396574932
O=C(C1=NC=CN=C1)N/N=C/C2=CC=C3N(CC4=CN(CC5=CC=C(C#N)C=C5)N=N4)C6=C(C=CC(C(F)(F)F)=C6)SC3=C2,50.0,1.698970004,2,0,34.62482844024401,-1.058276983665292,0.5456899046261746,-7.029020112563863,-3.8200582893132804,2.3380866987931435,-4.143332162925906,-1.9425487630234017,-1.2527190698887485,-2.8576779856738272,-1.8213304941820123,-9.895497229197815,0.7358739600012943,-3.9816044209919976,7.326626500829494,0.27091977602909795,-2.1027905427289237,-4.519878914483204,-8.910915135302968,-15.578591283528853,5.353117639806123,2.969147636073175,1.8627293835849668,-2.138090267519999,-1.9881091678361822,-3.0179588943051256,-1.6217623425276793,4.309363325384078,-0.45201050925760194,-1.6669562352137643,2.641487259479893,1.2301370092685833,1.1272549488322763,-1.88905454678889,3.2232731762125444,-4.368924393764656,1.4777036979400615,0.5702172046743653,3.55225783800132,3.6640625288233406,3.94451279379336,-7.077360189277839,-3.690787198308294,2.7815918113371416,1.3213929441076129,2.3515438236204425,3.2425813928183858,-6.762190838509259,-0.30427405747616604,-5.44545126810887,-2.33930193712566,2.272517956922699,-6.384289214050419,6.526643335475701,7.264530974790249,-2.834422885758793,0.2428206511486221,-3.74119118471845,1.0299341817577108,1.5332301493328515,0.23131335865801694,-1.2045000908416938,2.097935426548766,0.1220179030642972
O=C(N/N=C/C1=CC=C2N(CC3=CN(CC4=CC=C(C#N)C=C4)N=N3)C5=C(C=CC(C(F)(F)F)=C5)SC2=C1)C6=CC=NC=C6,50.0,1.698970004,2,1,36.669465060652016,-1.3935018331820976,0.45176483549692836,-6.615535960606681,-4.791127293346387,1.8507093940021273,-4.158453115294181,-1.2403888495021813,-1.354635581382753,-4.08012991398259,-1.6855255819452655,-8.614585368972294,0.9900289221668851,-4.479140689273241,6.2013545134010615,1.0926837872234154,-2.107942182357349,-4.2847780615522195,-10.459979220771494,-15.513543058633726,5.567753051551909,2.0859294018987526,1.1775864160002176,-1.0009265053464773,-1.675424370473595,-2.7822491715043323,-2.171543168211771,4.653956071088136,-0.13598347781506823,-2.30687648892433,1.5768324864727827,0.44633849397754694,1.2062185160587384,-1.721710815049882,3.2457255559327223,-2.9015319448586427,1.1835285575046557,-1.6462897534015346,4.629661515702115,-2.001112026706751,0.1669892883878387,-5.178342422526242,-3.072905128373111,4.315170520873743,0.9315609394494166,-0.2753559847978711,1.7871501280323485,-0.32986029966291275,-0.729521885206049,-1.3512519735807362,-0.5532556594516153,0.9533240246962283,-0.625809162296296,1.690161588910569,-0.19088842041311452,0.7269792202232349,-0.757312729099294,-0.5200595310582924,-0.10933605137426823,0.06417987184374085,0.2071918905318426,0.5837734964787837,-0.14722660160672418,-0.5284522766170165
O=C(N/N=C/C1=CC=C2N(CC3=CN(CC4=CC=C(C#N)C=C4)N=N3)C5=C(C=CC=C5)SC2=C1)C6=CC=C([N+]([O-])=O)C=C6,25.0,1.397940009,8,3,34.75284065127608,-3.927413991242364,-0.3732279380084673,-2.970812122109577,-3.6655989753097806,2.9634413375306115,-5.93920338104572,-1.4488113788137489,-1.8753192209733573,-4.238463196463235,2.0017865125666123,-11.946142699929108,-0.06019886210074456,-5.500767905963575,6.231488057159249,2.130598399025252,-4.021524556013108,-4.068523407584331,-7.70963746932535,-9.841753437635205,2.383615619427116,1.1679622541626058,2.3485631239220153,-3.113626271277148,-2.009141221731209,-0.3287112048627445,-4.0467656438314705,2.0811565581478555,-0.8250701254959116,1.3744059178488828,-3.8554171862485145,-2.2851677871219342,-1.1403533452430672,2.800778019450967,-5.534564696661848,7.652994503105174,-4.518923463285414,-1.8103608633434427,-4.406945214946816,0.6490620151253097,0.07688680503694922,5.348331341401271,6.29784578567229,-4.172303355844145,-0.6953406970528268,-1.3671818230577155,-0.7204948708867874,1.9000474704805344,1.5152707932575915,2.999630803795323,-0.708485725354405,-0.2906034050134638,0.3216304242995037,-3.8910594580920637,0.0249966522822624,-0.1908309394671883,-0.3377822068149695,-0.02227893395539028,-0.21342525028338052,-3.1926662678198108,-1.9870985984841134,-1.9674674420788842,-1.027473712593103,-0.22968256569895876
O=C(N/N=C/C1=CC=C2N(CC3=CN(CC4=CC=C(C#N)C=C4)N=N3)C5=C(C=CC=C5)SC2=C1)C6=CC=CC=C6,12.5,1.096910013,8,3,35.391111447664834,-5.296831125412,-2.077361146651757,-3.3314230043072297,-4.850561777383668,0.944873923795576,-4.392534063013031,-0.30580780936758123,-1.4377844939427187,-5.31230127707654,0.030283779527231516,-11.045585192791938,0.415216718323077,-4.641760081758141,7.590330299911316,1.6607832802320208,-5.759584447565632,-4.197595777486592,-8.342660848411061,-10.292653747617992,3.0441165830938646,-0.9348346629628991,1.2740884698954678,0.19583679471905344,-2.9795016439271644,-2.9412065003544634,-0.021659150343868287,4.1311466109603945,-1.2176104286261131,0.7671174423830747,-0.5698704724782514,-0.4939828530285618,0.7263741954108839,2.7103311561186723,-2.893055515374458,2.5805702194763747,-0.6305696903370557,2.2483614543211665,-5.976957982699183,0.5121505789483837,-1.2892545951301568,7.394997866681578,1.833656348765634,-5.36368433394101,-0.28098058403169623,-1.1080277803004797,-0.45068574372072584,2.812858546110407,0.5948942868596825,1.8999838018694826,0.13542031069094584,-2.1118615671231837,1.3536081046988948,-1.7790128333912616,-0.7112511463929082,0.374073426087858,0.3270018086510498,1.3537415978853922,-0.2528254725889036,-0.6986608025787275,-0.3784124411231649,-1.042236811057947,-1.5316167010844304,0.27856111499882674
O=C(N/N=C/C1=CC=C2N(CC3=CN(CC4=CC=C(C#N)C=C4)N=N3)C5=C(C=CC=C5)SC2=C1)C6=CC=C(F)C=C6,6.25,0.795880017,8,3,35.21366674479043,-5.211407665247659,-1.532880517189158,-4.536445289058075,-3.7462557194237265,1.0654216516753592,-2.9997099104515277,-1.0120372719817574,-2.0975246052165755,-4.965010122616616,-1.1674145955056665,-10.220207388427767,0.37756373544148397,-4.840457703697942,7.865744213613079,2.473287373685451,-5.96986382056875,-3.9589711239451266,-8.0378928341699,-10.10709371602083,3.1630433684455017,-1.2642634986374437,1.0773711573275537,0.04209309053441639,-2.569623819949328,-2.713626351995097,-0.24312648011271848,3.95556414399806,-1.6987110424579261,0.7114499786016396,-1.1013325790692556,-1.0405265089487505,0.35992722807090866,1.864901860512083,-2.1561750551465306,1.1210613061138748,-0.07282073505305271,2.9927882729819033,-4.231819947266002,-0.797722852736762,-2.0864239460053633,7.107948701824572,4.266412810304709,-4.213150267127894,-0.3759438865739408,-1.9319938579438076,-1.1328392171731092,5.103890055110124,0.5735388917304848,5.245553798311982,0.9416923786418346,-2.7232939294014566,0.9583646032010549,-2.612543393055732,-0.5990403691676519,-1.2524795149491237,1.3002627678655867,-0.771771673377011,-0.6969932696324767,-3.1097007953458604,1.0074794160826563,-0.7403740489232473,-2.879218891448906,2.63841005220752
O=C(N/N=C/C1=CC=C2N(CC3=CN(CC4=CC=C(C#N)C=C4)N=N3)C5=C(C=CC=C5)SC2=C1)C6=CC=C(C)C=C6,25.0,1.397940009,8,3,35.45834065965806,-5.486066977601858,-2.2223299017587195,-3.6881211257739,-4.635331629106378,0.9631928151438407,-4.185294125915957,-0.1244373023018397,-1.515023522406445,-5.2133196112084015,-0.3459077331888751,-10.920299622676184,0.46953889486565337,-4.3355637264626745,7.565070889592671,1.8983340698195295,-5.8420580537262445,-4.35324862346487,-8.034769000812975,-10.311688752995384,3.0787244361406088,-0.8221820875948688,1.4332472533609046,0.08683450783766493,-2.8089714127928436,-3.1981651296650053,-0.3526994324267752,4.066577183149779,-0.45997373598800956,0.9648811441558869,-0.17004896219436993,-0.3060151801077861,0.6278213341540592,2.726142625068698,-2.7936932345075536,3.092006226955905,-0.6205115746935939,1.733998257422529,-5.698092197924509,0.09754502981686297,-1.9298200205482612,7.408792392695202,1.7118902503185434,-5.341558891500927,-0.193713754351522,-1.4303784088194509,-0.3201470091904921,3.433547731031938,0.7270829304348615,2.3353857212899034,0.27072916058657237,-2.3644556216231285,1.1863472316876817,-1.8871708071960114,-1.2894046099272711,0.8554220481039627,0.360371148433326,0.8561449793566792,-0.12774892101210805,-0.8494263587277971,-0.25581000202516985,-2.1066798787258687,-2.6660295110898646,0.5296039831774526
O=C(N/N=C/C1=CC=C2N(CC3=CN(CC4=CC=C(C#N)C=C4)N=N3)C5=C(C=CC(C(F)(F)F)=C5)SC2=C1)C6=CC=C([N+]([O-])=O)C=C6,25.0,1.397940009,8,3,36.40170123865625,-1.7268403747542413,2.6711102730689165,-5.7482989249051775,-3.8093926659670845,4.256932887379444,-5.311589020363274,-1.8350503074539304,-1.2991551728463184,-2.960969789732503,0.2831012922841525,-10.446698158748655,0.6182693876616353,-5.090171671504588,4.512415907702899,1.7477360793226913,-0.5226834735422111,-3.3913655345925795,-9.949952804576817,-14.683358580728296,4.5927164602928325,2.846338861035175,1.9725804053498697,-3.504528937746719,-0.8223555504856825,-0.6969390959047811,-5.920452972866794,2.970170445296197,-0.08345502803462601,-1.3568995824873276,-2.369797471744554,-1.5591100045673305,-1.0940355992558513,-1.308554683960575,-0.17494976115569547,4.021395763990103,-3.368578520938248,-4.910961568660011,6.65551519761166,-2.8652069366809276,0.47651971945310584,-6.063371603704742,2.4213719285046764,4.756307341217339,0.19935654759009208,-0.5028838397188459,-1.3068453260573512,0.2669833794012037,1.225774978306951,1.8690387120695844,-0.9294145809360534,1.0816997086353382,-0.05317227687452184,-2.6676992148495833,-1.3427889203254304,0.7052022896983645,-0.8672160801131436,0.39510106333013273,-0.04054314392706653,-2.9414088533249085,-2.854876046246732,-1.5028250667634724,-0.9274301811480236,-0.053060665555691486
O=C(N/N=C/C1=CC=C2N(CC3=CN(CC4=CC=C(C#N)C=C4)N=N3)C5=C(C=CC(C(F)(F)F)=C5)SC2=C1)C6=CC=CC=C6,50.0,1.698970004,8,3,37.09522178317434,-2.861011848069274,1.0947221152217332,-6.250360866847616,-4.94294313123531,2.319528975420477,-4.1071549818709885,-0.8236621645519392,-0.8922146545537484,-4.097989314198449,-1.6014721721613827,-9.500228624492971,1.1290755592687347,-4.377451495026346,5.679428498192938,1.310876100831892,-1.908241869484047,-3.5747249624158632,-10.584059248404436,-15.308616459704504,5.30516945772696,0.7886136353893446,1.023015684324604,-0.4576848638848482,-1.6022323198511903,-3.031467166107581,-2.316626009150078,4.834415196157843,-0.4950310862637024,-2.008532705055601,0.9157356867624282,0.1683990593899855,0.6602015694856074,-1.322677737188195,2.430458636596332,-0.7751591217238658,0.2739920950404699,-1.2545639214091553,5.498883387243496,-2.8969566190218203,-0.7209454813720266,-4.603713066992585,-1.7994760712199827,3.9260869995197054,0.8268036632389394,-0.3726675458006004,-1.1483006418944925,1.0735918088166185,0.439931226229229,0.8210048185864834,-0.2274810179428176,-0.714677565451503,0.9404714269353036,-0.5954820705770756,-2.0493485817183275,1.3201482790586507,-0.31422787393320145,1.6317752269172232,-0.026299978288971692,-0.5569848943809604,-1.3198306612094755,-0.5837743644991752,-1.268175490614262,0.3657371386466795
O=C(N/N=C/C1=CC=C2N(CC3=CN(CC4=CC=C(C#N)C=C4)N=N3)C5=C(C=CC(C(F)(F)F)=C5)SC2=C1)C6=CC=C(F)C=C6,6.25,0.795880017,8,3,36.8632235341212,-2.8368027876051234,1.478038723438654,-7.206955550891369,-3.859557197339043,2.4791769129629104,-2.8300626063189935,-1.327216817942357,-1.595357672626338,-3.880976094432775,-2.5784566456568068,-8.81131453940184,1.0753212965136538,-4.517639100614575,5.9403362962540625,1.9380173623740633,-2.0814278645083446,-3.4476401921034596,-10.184490724981169,-15.045508869496542,5.274195136316812,0.4757634090703135,0.8839519520129716,-0.5978913271432903,-1.1928497164179401,-2.8235473148896433,-2.4104786678163084,4.687751083416517,-0.8565787707862406,-1.9457156090065844,0.3984920646205487,-0.3587119421574362,0.2927167278660813,-1.7849178265907308,2.927949863087166,-1.8872652251841529,0.7067771896731249,-0.6417622080688403,6.682884769171066,-3.949088139440413,-1.403561814850028,-4.707140113513844,0.5223934540060402,4.576127608380683,0.7974993452756006,-1.1670409059090225,-1.7501810571752041,3.253944462915985,0.2714521517489764,3.867123153689064,0.42489622698245627,-1.4253370577243019,0.5189625404506556,-1.4511185650030194,-1.8341095356976473,-0.05351569584803163,0.5236284347584572,-0.18598796949752489,-0.356365002495297,-2.768866057805504,0.07845480633144343,-0.38987938325511146,-2.5315126193513438,2.4379822565130107
O=C(N/N=C/C1=CC=C2N(CC3=CN(CC4=CC=C(C#N)C=C4)N=N3)C5=C(C=CC(C(F)(F)F)=C5)SC2=C1)C6=CC=C(C)C=C6,25.0,1.397940009,8,3,37.12797874661484,-3.0199946460001272,0.9913442497226292,-6.5605104048523595,-4.787132436685027,2.3681803531736474,-3.9446551883984,-0.6611865518679492,-0.9296701370984151,-4.040035492647018,-1.9702585743086913,-9.387370841599632,1.2220218502470406,-4.070225310056269,5.709273648634169,1.4824644451071456,-2.082143474539282,-3.7261912874549075,-10.254917208516519,-15.3143163222514,5.315342037020553,0.8795023360495785,1.1757499785210073,-0.5350620823459088,-1.3970442600552393,-3.2505970801989017,-2.5687866592227593,4.743595588042209,0.31544740143873623,-1.7761241434276906,1.2814145984782308,0.34111668355261365,0.5383671043463834,-1.2540266574063403,2.4987201044986325,-0.25854928343667466,0.2881637725723344,-1.760476138698157,5.672346637549819,-3.311677652933469,-1.3373287638778915,-4.538623645220757,-1.8534449770059145,3.909401588015718,0.9014690627905262,-0.7017386852839829,-0.993914430161194,1.694832239688714,0.5816891918791057,1.222785039302833,-0.07579606277945643,-0.9886075574810607,0.758142595687757,-0.694023800383484,-2.6586355988375177,1.7941804083215747,-0.26994926888901766,1.1368405769204024,0.09184657481299334,-0.7326520109525457,-1.1585216131488985,-1.6310593089772365,-2.3662995705538643,0.6165798683565982
O=C(N1CCC2=C1C=CC=C2)CN(N=N3)C=C3CN4C5=CC=CC=C5N=C4C6=CC=CC=C6,12.6005,1.100387779,3,2,-0.6202300356144143,7.910471419070769,3.4242860091827687,-14.048561807388639,5.161411178286875,-0.8042006484220223,-2.7227971584927464,5.746008127012259,-1.6871093455300792,3.8516039165389535,23.374249000056043,3.0220085479955667,-9.143951000849976,0.6486158092015182,2.6190228506626236,6.8771408198866535,-2.3792147948239006,-1.3828874435041036,14.814220246670432,-20.676919421018926,-6.072996694208886,4.518664826064405,0.9430635215579217,0.15322491486862713,22.020976528046454,23.257376130027243,21.703975898212775,5.017225834078071,-10.078469278865944,0.43259697727753627,-3.526743647411529,0.6424234430442726,2.632975516379507,-0.43119758825076543,-2.217532574522226,-3.8113566950497137,0.7650476096812306,2.1240549154604653,0.34768749107800817,1.3968305767161089,-2.4404400108949664,1.4533267805484853,-2.1811913830014964,0.9838843933494463,1.605700039765542,-0.3135825859973682,-0.6240245716927773,0.3617305062117355,0.05266052729639351,1.1289052650267504,-0.07433174933893767,0.4880145352831376,-0.7076565955684786,0.7146007963846355,1.3250675365880227,4.43900115150051,2.8900891687469135,1.129342819862576,-11.440973764795794,2.5621098012758585,0.5659705307981655,0.1698805171069087,-1.1276678862150848,0.04995762365501757
O=C(N1C(C)CC2=C1C=CC=C2)CN(N=N3)C=C3CN4C5=CC=CC=C5N=C4C6=CC=CC=C6,25.11768,1.399979523,3,2,-0.5760833319339147,8.618354021236579,4.249164687800823,-15.43429036228486,5.557751546216607,0.4762699738287981,-2.427793881982212,5.115349454731664,-1.563375370341479,4.381963692387489,21.655524656995617,3.1545290544322033,-8.708342972954021,0.8285176140523515,3.1579687898062248,6.670812945880998,-2.9558928639934337,-1.6326904151693102,14.961552933501876,-19.5985574765645,-3.947528138992486,5.025422037259302,-0.30198656264527785,0.14830957517247925,21.35629132715655,22.8199091814639,21.85035132092551,4.5742862178996315,-9.519010114858933,-0.10233332833757827,-1.9862455204173002,-1.8144433521038013,3.8583878613260114,0.09155928245100532,1.26405375206289,-3.2723498399805924,2.2023897551017226,3.416655505899408,-0.8131820277506288,1.3715597877320098,-2.4577469755483627,0.2507749952283019,-4.473816291732869,-0.7903640179585234,0.4299743996368743,-0.6748282958780654,-0.4060203221574082,3.2038176453378577,-0.15451414062924984,-1.4015976345076997,-4.534120362202836,-4.456916618417228,5.531585385109258,-0.5851500684082203,-5.938849164147151,-9.254161447324735,-7.336180778466714,-1.6171599517845754,30.514195880000646,-5.206454072623328,-1.3268429635614338,0.10154781169551842,2.3394396219647313,-0.40489401799108127
O=C(N1CCC2=C1C=C([N+]([O-])=O)C=C2)CN(N=N3)C=C3CN4C5=CC=CC=C5N=C4C6=CC=CC=C6,12.467,1.095761959,3,2,0.6223162334786736,8.722205554985354,5.814561019940479,-14.11849989708245,7.489890587751812,1.633066355279064,-3.2217321446147906,4.362071267787177,-2.12533495874876,5.074787947397362,23.764209284853738,0.3315832429330439,-8.340041984542637,-0.6779524579051088,1.8225931276013703,6.7467492598763945,-0.557036679193799,-1.5033444905158195,15.054860248423893,-20.411038981244253,-6.7356592318068245,7.0256222844364205,1.556563792733958,-2.9687637504037827,22.907715880785656,25.574305672643582,18.54348916423506,3.224407584458356,-9.71481018263284,0.9333541896498111,-6.277315215686978,-0.9406957203570442,1.7051627002607435,0.07596523470130175,-4.969985679140573,0.10849583199089928,-2.845053301500628,-1.680473473102135,1.2024882462386413,2.6830832645494658,-1.5388292554188396,-0.38780040454237336,1.7595261158009095,1.8998879893734144,0.9715218224148121,0.2533527996553696,0.09044598918426747,-1.5208557331507144,0.10994053204719356,0.77859071957424,-0.14031910901403416,2.935938725550081,-2.0058996349504095,-1.369481266651981,2.7276943701918284,5.006332460469059,4.58937364490213,-0.42458072208150716,-19.194286596270366,2.418285371800157,0.5854240535533503,0.24917556655279888,-1.3492071318678018,0.18878319928723347
[H]C1=CC=C2C(N(CC3NNN(C4=CC=C(C#N)C=C4)C3)C(C=CC(/C=N/NC(C5=CC=NC=N5)=O)=C6)=C6S2)=C1,50.0,1.698970004,2,0,35.0688921482866,2.723821695332414,7.981421683274651,3.8943609816417832,-12.51436020468252,2.610427280807806,6.754711971173027,-0.5428470100527858,1.2578081157625574,4.287532205142947,-2.1000728405960185,12.4875898712207,-2.6948991803551157,8.388933390548548,-11.175375871605054,-5.170624227129145,7.945685884134623,3.2597589237672473,4.10607414722144,5.1519931873382765,-3.287474249122431,0.051514372798391016,0.2591704440171912,1.2097106989383648,0.806437201362447,1.2370770375486944,2.672475949097802,-3.285985781714025,-0.6095404316933848,1.4876915450663768,0.2641499272637732,0.10686772324993063,1.1986334530348794,1.308412101259235,-0.9672366377327863,-1.6667444010648413,1.0415822631315212,3.5959644034906426,-9.208557486274636,7.07941701751293,3.672685723951838,5.63102759105424,0.2951536138182177,-7.346147866034796,-0.28876911232212266,2.6224108459862925,6.769182270828424,-5.760190797059511,-1.6473016833649845,-7.530884515507202,-2.0600587959307166,3.036337436794993,-6.108917028480674,10.526868041856444,10.826616053347351,-5.797124316863937,0.38289000731053086,-7.94403029522521,0.009119622031751533,-4.9918532106151545,1.4322914768205535,-3.495661585196374,-4.5079042586183515,0.23373879285012905
[H]C1=CC=C2C(N(CC3NNN(C4=CC=C(C#N)C=C4)C3)C(C=CC(/C=N/NC(C5=CC=CN=C5)=O)=C6)=C6S2)=C1,12.5,1.096910013,2,1,35.659005235410376,2.117357425908226,7.9275931079369935,3.7052909497288913,-13.441016694096607,3.0993163972255915,4.859415029956778,-0.3143092347835576,1.6852469703949475,6.124536036815398,-3.6435957252156537,11.345185700360943,-3.00368657025757,6.5665246833912825,-12.048455386974162,-2.2331838420118144,7.555672973488755,2.009681081715659,1.7461406272285416,5.032897080918109,-3.3843361730549,0.1935662424659396,0.02978279442028735,1.8278594280125042,-0.635688521769831,0.5834009183740592,2.293894086552899,-1.861578098475804,-0.84916000850703,0.9904474449068349,-0.1600215325611982,-0.07693674402849417,0.22229078921562884,2.4261333480583707,-2.1214763472006872,-0.4694904155952879,0.6510017336261003,2.7109225918678472,-7.183226122620039,2.6399349119470004,-0.20931114914005974,7.651736346863421,-0.844964504812097,-6.103226116198163,-0.18723215576176191,1.3478150021827466,-0.5557039692480692,0.0037745672594851794,-1.2984153959204003,-0.8895809396160355,1.3352303212396552,0.8221853035656551,2.160012458490302,-1.9223228396713166,0.6637208049499422,1.0249292161328403,0.3143815757147537,2.2815905493962205,0.633539530816412,7.861121905340982,1.6027661221228433,6.035722085026035,6.32785946231755,-3.9771901754297194
O=C(C1=CC=NC=C1)N/N=C/C2=CC3=C(C=C2)N(CC4NNN(C5=CC=C(C#N)C=C5)C4)C6=CC(C(F)(F)F)=CC=C6S3,50.0,1.698970004,1,0,38.51346170975421,3.965355481078364,9.941156225186687,1.4580095564515505,-12.862452878384161,3.5309835345354177,5.569295883167757,-0.5356860428811814,1.3820189227351245,5.346901155862018,-4.010194894487341,13.361153791660149,-2.3350289664298565,8.35914622751937,-13.278223680000416,-3.8908356966402713,10.28783623279099,3.341566245331985,0.08205353458972704,0.19144192725253462,-1.7288852514471897,1.2421745466857919,-0.6313778286107509,1.7159786055749937,1.1322115294276598,0.711031305793815,0.19146503487095426,-1.0741937161394008,0.2755439003742779,-1.1989924474952738,0.7808708417547373,0.5637684574640448,0.9423417789205261,-3.227372819137559,3.686658791017526,-3.8489534229546414,1.3756191748676039,-1.3901722988299343,3.4493906733434723,-1.4152682423617613,0.05503969260673372,-5.4122320892444,-3.138605731557771,4.429945131179246,0.31519859149202645,-0.07542685531051373,1.4623537795762425,-1.22703486521995,-0.922880131853343,-1.905729260267864,0.32159505585918835,0.9964410686643644,-0.03870656565382715,1.6164245552845113,-1.5903990171746174,1.1510694384430027,-0.9236750861912795,0.5271601946280077,-0.26578567705235084,1.0967361717317559,0.5321800114939275,1.1404070182735542,1.2934810296060049,-0.4467220923042735
O=C(C1=CC=NC=N1)N/N=C/C2=CC3=C(C=C2)N(CC4NNN(C5=CC=C(C#N)C=C5)C4)C6=CC(C(F)(F)F)=CC=C6S3,50.0,1.698970004,2,0,36.940241289790116,4.136586493651578,10.314638257230458,0.6390862868104455,-11.692203711317383,4.076749518262542,6.266672324285606,-0.747674196910057,1.098492652158411,5.381261733479661,-3.746159145836424,13.175133629821005,-2.3278036394116053,8.742670702274765,-12.490714050363225,-5.18456426213853,10.63145116723279,3.7647537524254635,1.3345236749396694,-0.027745126955482115,-1.5175379801385454,1.8071378823464683,-0.34774528526039084,0.7745587000856673,2.3203635004339125,1.1219579419612389,0.8438941052787943,-2.7495400417339546,0.19342287345469786,-0.8751129341562183,1.1671130881036684,1.1236917734116572,1.7796421970985807,-3.0651358912704003,4.611665867267939,-5.392973807975814,2.381887255363584,0.3635631877400042,1.5071523465544436,3.366730015425272,3.778055827668188,-6.519143522087341,-2.965280577382725,1.6687584799998205,0.8433590901739377,2.8060380362325534,5.951507029784918,-7.381163728983723,-1.8467820662039536,-8.553157478104465,-2.3228054348227842,3.6981913801009862,-6.193767514808398,11.616888623299252,8.634954884635448,-4.576391583792395,-0.24563174330238963,-7.163412512323435,-0.0869091056122343,-5.1429516785816505,0.7994964371608243,-3.4228733991253613,-4.13728940180546,0.8480470985384174
O=C(C1=CC=CN=C1)N/N=C/C2=CC3=C(C=C2)N(CC4NNN(C5=CC=C(C#N)C=C5)C4)C6=CC(C(F)(F)F)=CC=C6S3,50.0,1.698970004,2,1,37.53820185468748,3.546473461883324,9.852153496579804,0.49995097055009513,-12.586329511855075,4.155377887466452,4.8170926634141775,-0.6084390087494306,1.4502114494366367,6.834074021591741,-5.024670367975624,12.012050845380578,-2.2947261488644672,7.300047844201599,-13.29037323409891,-2.659693683629005,10.137197025993455,2.510938043613985,-0.8432406599727755,0.1392375853647423,-1.6736374306495343,1.6973550773682202,-0.5014947004830576,1.4783180414829389,0.8195025407347685,0.3960911437008578,0.1439999551898736,-1.2157121243404383,0.004673055323236494,-1.2356855479595261,0.8268649693042313,0.908884516520419,0.7530487131614282,-1.888909216899463,3.45454407331113,-4.003903282602264,1.8113534422591133,-0.5194297141630305,3.3861932194015667,-1.068964018780991,-0.055728639751354066,-4.487581849472524,-3.8144882453726443,2.8040666213528564,0.8500223216291692,1.6891925986156875,-1.1835472879037472,-1.8799790946919046,-1.472779542659399,-1.9555605692076,0.9359582584929484,1.371122432338051,2.096987347790398,-0.42805326354308393,-1.3365959526488422,1.9873486690385658,-0.3191884768543778,2.65760295047357,0.42279433725880533,7.5028183182265495,0.9530405614178528,5.9682835169560615,6.433033292685884,-3.10400282333523
[H]C1=CC=C2C(N(CC3NNN(C4=CC=C(C#N)C=C4)C3)C(C=CC(/C=N/NC(C5=CC=C([N+]([O-])=O)C=C5)=O)=C6)=C6S2)=C1,25.0,1.397940009,8,3,36.45793559215179,1.718768757969812,9.882511205591094,5.7462696082496265,-12.374073531605175,4.591126772327975,4.167952324400137,-1.040921002463757,1.2617410286346182,4.922892650348343,0.15662244955027332,10.284095955562798,-2.698887741040806,7.224949630090511,-13.31186908411896,-2.703774402750796,9.306694976358013,3.5783658871276027,3.3089821530020633,5.832725252997784,-4.553551232047294,0.45501329962504683,0.7364512719716763,-0.23535756883363523,0.6989249018942969,3.080262217962468,-1.7468180215468005,-3.8276672550374387,-0.13020588086039095,1.9335212597942317,-4.047067629949865,-2.2395325719428074,-1.9874897093643962,1.9081426310148883,-5.47883785529635,7.629884102828355,-4.888411687038139,-1.528430343153667,-5.1238454008116605,1.824010618158838,0.03437033728069299,5.7219763487782656,6.128978963570529,-3.761709616936178,-1.6296216772569432,-0.9228461939926642,-1.5044360267092705,1.519023898836639,1.7869780981590284,2.5791034548151597,-0.41047491506227707,0.06124438637576892,0.7912136026097338,-4.550434127960353,-0.518173891128115,-0.218740770673554,-0.16297892773602846,0.5618598523383913,0.20920461260039291,-1.7417194001380343,-1.849407199899229,-1.4877214518311281,0.16684075592587938,-0.42612797005199027
[H]C1=CC=C2C(N(CC3NNN(C4=CC=C(C#N)C=C4)C3)C(C=CC(/C=N/NC(C5=CC=C([H])C=C5)=O)=C6)=C6S2)=C1,12.5,1.096910013,8,3,36.98490123880361,1.155411760780101,8.55888899632702,5.76622863101111,-14.04931256361725,2.7122949478099097,6.1390978208990274,0.0021766627004893313,1.7945815654133859,4.378908354278819,-1.7396996541602836,12.299639049547766,-2.4371507304269633,8.517674633185798,-13.096080079541563,-3.5858672856446026,7.994764736296904,3.7595554632329953,2.9784340617329153,5.925279088813607,-4.055118438689388,-1.6937593075758732,-0.3238076663530627,2.7465510729367697,-0.13233945655631604,0.5111862777147338,2.0789400479507614,-1.6749326111943685,-0.5139686888657724,1.3367785221760444,-0.7718516885145922,-0.586897652134183,-0.06032350301902638,1.9814487018574978,-2.977955714716758,2.1821863741423404,-0.8088280800411353,2.534176578393843,-6.634107915912599,1.691996716433112,-1.0811830570330123,7.889940501633601,1.6361212899250572,-5.029644258380715,-1.100446415666116,-0.7370398066215476,-1.0579779806427196,2.336322331238908,0.6677592977304808,1.836671202868777,0.5907467339885136,-1.940219674613478,1.5680225227321896,-2.4229899237939954,-1.2061232401131012,0.6048485745371915,0.3020369261280322,2.009536899958735,-0.04790306277915285,0.6392857044866093,-0.19277340726432993,-0.429886138423148,-0.37443683716952497,-0.12100099967743277
[H]C1=CC=C2C(N(CC3NNN(C4=CC=C(C#N)C=C4)C3)C(C=CC(/C=N/NC(C5=CC=C(F)C=C5)=O)=C6)=C6S2)=C1,6.25,0.795880017,8,3,36.923505430282866,1.0819473007240745,9.02460568966199,4.486121536304387,-12.783808525887812,2.783463364486646,7.475442973095571,-0.6811670361965205,1.1913167059875063,4.71610738599685,-2.9158799304024052,12.913065624101947,-2.468347120379214,8.089342463653233,-12.594885930487868,-2.6979418854520527,7.598155641832598,4.000936096214834,3.1877300114658036,5.919083193444915,-3.7911072152429712,-1.9923141590808322,-0.5032269781436929,2.5363027367410607,0.255442486508675,0.7836311329533497,1.8890970851373146,-1.8500985464753317,-0.8245825001894878,1.0449763621384802,-1.2295091665815525,-1.0518798991021996,-0.4309593037410847,1.080847510078278,-2.161040023381922,0.607702111773099,-0.181673964409176,3.3416280000069762,-4.739455891546337,0.30389918607852984,-2.114889657927032,7.596894790860545,4.097132975949357,-3.8170926231050912,-1.1785029054026197,-1.6634360531337455,-1.7358314974142963,4.66485620974584,0.4722915355229543,5.354716316020187,1.484825539315644,-2.6052157563369125,1.2487891148592596,-3.3184258888965514,-1.0810871925873637,-1.1382568426657775,1.4932349541064127,-0.3897523985138601,-0.5622441909223749,-1.8828189340541046,1.3870990678165054,-0.08511671621703301,-1.6643714911104526,2.304501926682784
[H]C1=CC=C2C(N(CC3NNN(C4=CC=C(C#N)C=C4)C3)C(C=CC(/C=N/NC(C5=CC=C(C)C=C5)=O)=C6)=C6S2)=C1,25.0,1.397940009,8,3,37.17627721979329,1.182693217660146,8.292955607742847,5.102649490046159,-13.616151334147812,2.726782971713639,6.207342971696647,0.33022691569428797,1.6605813737870287,4.520956545035438,-2.2450862563541527,12.17572853583468,-2.409897081178341,8.695686404694515,-12.881777976952765,-3.3005195225858337,7.767606680029945,3.357058142334091,3.2257104504188154,5.781746213526959,-4.0258683126434205,-1.4780658659229742,-0.28389109664529083,2.701277385208377,0.0132197033773705,-0.014303310415463172,1.7486656390551072,-1.7364450584370406,0.18407611919922517,1.5768109463471967,-0.4028023529650106,-0.436531587910433,-0.1615147416515618,1.9389204720207576,-2.782133206774696,2.82985871024226,-0.8210913790178237,1.9138217935957242,-6.285205778932945,1.1416445693483837,-1.7031955682665685,7.9889960487007,1.7034639734546089,-5.228246120319194,-1.0167559445483008,-1.0637126616137869,-0.9763734554368761,2.9071833222708654,0.9059452018981162,2.364162395627254,0.6855594878874189,-2.1774142272446673,1.3939168753484215,-2.5444793268587103,-1.8647290553304354,1.1718215417453806,0.3374420656117137,1.6368896379349873,0.1199017945854456,0.47551373283821513,0.09235783543908248,-1.5312192857264175,-1.4314252426139762,0.1353794714492017
O=C(C1=CC=C([N+]([O-])=O)C=C1)N/N=C/C2=CC3=C(C=C2)N(CC4NNN(C5=CC=C(C#N)C=C5)C4)C6=CC(C(F)(F)F)=CC=C6S3,25.0,1.397940009,8,3,38.21757400543752,3.1493291140260014,12.175995644648008,2.3185414063621645,-11.595464453556175,5.760270590094681,3.994179101552349,-1.3702080758944908,1.0500839785421359,5.897581455278485,-1.3817536253007954,11.149644727061334,-2.2662007668230038,7.719772325887741,-14.42578241610616,-2.9773417564260543,11.889754342176852,4.0991316094351,0.6549829326273444,0.8713014332236911,-2.505169993609185,2.1663006234677757,0.10130458672022942,-0.5062166806244838,2.0051657656701822,2.6703546535160525,-3.6426637792862486,-3.1394209685975634,0.6666797239207525,-0.3920451166558327,-2.968488719318649,-1.2685136210914938,-1.4954306455573063,-2.6330282549323374,0.2232232897907161,3.649227726164708,-3.412370104239361,-4.815093698369356,5.673648053998181,-2.0409692565825006,0.18076772465345892,-6.414336702332109,2.743688069856982,5.334639050598911,-0.5423746678938707,-0.3396116460536524,-2.182852730995409,-0.38127864029537767,1.6320351740888226,1.2456508871969751,-0.6034327683322255,0.8052864071742443,0.6827410452756638,-3.0191421291026415,-2.455840484479075,0.8377090955842738,-0.6354274316265802,1.1205851559569195,0.11428306494951522,-1.8342506378680954,-2.5838720253616234,-1.1752753877826414,0.46907081360509806,0.22656247818013864
O=C(C1=CC=C([H])C=C1)N/N=C/C2=CC3=C(C=C2)N(CC4NNN(C5=CC=C(C#N)C=C5)C4)C6=CC(C(F)(F)F)=CC=C6S3,50.0,1.698970004,8,3,38.88930024111587,2.5934153238638022,10.815891570803176,2.256450875838314,-13.24257361388337,3.984395128437716,5.792143771545572,-0.33413677516430607,1.6183397407433315,5.442112730945845,-3.2912775416367492,13.224224849319405,-2.0257783396774753,8.917931653545637,-14.276098229707445,-3.7922410809381257,10.712435619384047,4.250049727181885,0.18216202696945336,0.7696360253948491,-2.0398702602840904,0.06805121067385846,-0.893612366519818,2.331960523651158,1.3018348675563918,0.3181998917294581,0.08890809874129282,-1.0989224091814807,0.2385497384371379,-1.0062218886040775,0.35230680456802915,0.3775717416163992,0.42291915796977414,-2.624332389619654,2.796068971130854,-1.7164160314014685,0.4471363323159518,-0.9278843004630289,4.453966885177812,-2.139835986277765,-0.8664119147963332,-4.697383968450701,-1.6805703394942693,4.283319218791066,0.006933005306073666,-0.21780192341346147,-1.711473977928069,0.37528036604153503,0.5420372252288093,0.4501218998208783,0.25989041746285707,-1.135415096143802,1.47004767801872,-0.8852826119017954,-3.192675254586524,1.6653587994422194,-0.22318818701895005,2.6283163225943063,-0.12969743217908064,0.4927867007405304,-0.9247858378840815,-0.2083190180892836,0.04284280900639768,0.5592776653610226
O=C(C1=CC=C(F)C=C1)N/N=C/C2=CC3=C(C=C2)N(CC4NNN(C5=CC=C(C#N)C=C5)C4)C6=CC(C(F)(F)F)=CC=C6S3,6.25,0.795880017,8,3,38.72846675401125,2.4835250962551614,11.107627584970706,1.3075187994019106,-12.02091991971569,4.0649285096914305,6.980579556827326,-0.7429171071601168,1.0193846036477132,5.624401355783552,-4.23416836525429,13.649208958294377,-2.0665120151697267,8.659750366133016,-13.816549806182472,-3.111506195729449,10.323905510379577,4.39626471260593,0.48209930336498114,0.880014702749906,-1.8907993901165905,-0.26769055387203516,-0.9233210241448683,2.1413275885860377,1.7138512181388073,0.6047017869364716,-0.04869921086183273,-1.238793994473184,0.024014446577637034,-1.0977148919917636,-0.1370773564039052,-0.09898921975969556,0.05637745954892011,-2.9931000336281026,3.2666547849916987,-2.8333353122233986,0.8686552731144563,-0.2539675828807143,5.744743329942034,-3.11072665463685,-1.6826194945332908,-4.642319587107003,0.5253094194301878,4.910442381065504,-0.0699418658759066,-1.155143460226126,-2.298411500940136,2.529153319346888,0.20323429714990615,3.453887833444009,0.9377703193538275,-1.7793734426372496,1.128909611577442,-1.7785316183197137,-3.043181598821138,0.30327142649141586,0.7333426580425556,0.5776290030070397,-0.47912017296894205,-1.7263588611186615,0.5513541364528108,-0.03646348674249289,-1.1474471159355766,2.4996805902262307
O=C(C1=CC=C(C)C=C1)N/N=C/C2=CC3=C(C=C2)N(CC4NNN(C5=CC=C(C#N)C=C5)C4)C6=CC(C(F)(F)F)=CC=C6S3,25.0,1.397940009,8,3,39.04621700256701,2.6509465632391342,10.591550157654433,1.6394090519702877,-12.86882786881091,4.029243346657481,5.8156439159668425,-0.024980072485098398,1.5241128689368422,5.543152551699817,-3.7892469104417397,13.087881574052766,-1.95988646317715,9.09697945086367,-14.006690582352356,-3.5728561066111544,10.393846040050072,3.8517340129122917,0.4506876402754009,0.6394388023609601,-2.035077247115669,0.26196965300328207,-0.8601153095089071,2.318299159197866,1.4820450521725097,-0.16945385393041187,-0.1624874875054528,-1.186692882492339,0.9894458470443642,-0.7315534263397417,0.6872189017802884,0.5126953367862848,0.2984409037298739,-2.6140263684270533,2.9607905838963395,-1.063570108525133,0.4389933830994296,-1.5397879814115925,4.697460179085279,-2.6903058422584087,-1.4642477565664216,-4.547031670366391,-1.5454356269244096,4.045899712984344,0.0780305779183022,-0.5511899715003039,-1.6060242148537782,0.9466871459529053,0.7897830795424948,0.9439967107657302,0.37109323777664144,-1.3939541113781129,1.2808668310564049,-0.997160062876481,-3.8824270591937555,2.2250109162611134,-0.17687251380128746,2.258314114624796,0.031176698608600065,0.30411257161935895,-0.6009486572472692,-1.292500492803884,-0.9778526758117969,0.8154499392333664
O=C(NCC[NH3+])C(N=N1)=CN1C2=CC(C(C)(C)C)=CC(C(C)(C)C)=C2,16.0,1.204119983,10,10,-12.189119596077155,-15.098682661661082,9.887128250687972,8.933133415185305,-13.815304362966598,-10.267388613791171,1.5386426967922844,17.265080586899213,11.183999178114718,-10.273965045120633,-15.377820089200021,-4.504866440914634,-10.807469227911046,-1.4024053653472146,5.373918332621838,-5.24515006790226,4.259933854707792,0.9668092198118818,6.41804828572238,-3.5772041733211624,-0.49255208254238475,0.04227214178651971,-0.9027038741611567,-2.953237152663551,-0.29472646175586814,2.1601576745445636,1.5194256745899652,-0.7243267341763259,0.05861574872481709,-0.9910641984185804,-1.0462231352114226,0.062121420172888665,-2.4682588017915776,3.949417937363987,-0.33817165549295614,-2.0262938931668963,0.05006799712728483,-0.26513716686555144,12.437348335719227,-2.979671359542654,5.619017420073392,8.482802173276808,-0.7177957330815194,-6.318952205599293,-1.4579924293646576,-2.302098840472178,2.2195650695093825,-0.06945743600658912,3.1483046180878906,-2.40615199647354,-2.608038004081427,7.119685415389987,-0.6360974807373518,1.895717626984587,-2.542595111289692,-1.8150012800791333,0.5656696746765665,7.978454878093575,-0.4677873643223525,-1.026031008523565,2.791461674343365,2.1480998192370917,0.47375643165705933,2.792938077836381
O=C(NCC[NH3+])C(N=N1)=CN1C2=CC=C(OCCCCCCC)C=C2,4.0,0.602059991,10,10,-14.547669305275985,-17.97603991261926,7.491761194274114,10.100633656312544,-15.377193754972298,-7.07636153918475,3.7850223588697562,14.034931323900885,8.527064917719775,-3.6877921881510733,-9.615238069838801,-4.217939451037222,-5.198926382705931,0.3112929276602609,6.4787655100583,-3.139087713014696,8.530954638065136,-4.598172655046702,2.865228981029021,-0.16829914799949064,-1.0364148413975303,-1.6580543848078233,-1.4032604758770282,-12.52849764985071,-13.984328874200868,2.948815359433654,10.683237371626003,4.656818412168238,-1.1434827127133735,-2.5054021219137526,-0.973521865495878,0.30592765331634314,0.32873796204679134,-4.094305496950827,-0.20410373005271,0.49483378908725245,-0.950596698304333,2.0193928906795415,-9.469203784477752,2.4961087385945158,-3.917287882420171,-3.6257111879528283,3.365279168724641,6.481631187008319,-0.6951937030679742,-2.774688051322804,-3.114348173989099,4.870184130072649,1.1754960472696834,-2.6032845806961906,-3.5719102043251816,10.808650738382035,-6.411784007867996,0.3037690213004673,-4.908421224572507,-3.562410387403301,1.45827159307578,4.724456962929364,0.5030160894983808,2.023360823939222,0.7003068990583957,-0.9664296798576396,-0.8343035034025539,1.7665273259082324
O=C(NCCNC(N)=[NH2+])C1=CN(C2=CC(C(C)(C)C)=CC(C(C)(C)C)=C2)N=N1,8.0,0.903089987,10,10,-12.415383409845354,-15.033750380276945,11.000155248311987,9.677135628734607,-14.273041936944491,-10.12158415756301,1.1504278799636434,18.82930478258579,11.920223138732915,-10.240020198030358,-17.508889827921177,-4.641548813450333,-12.72624353204462,-1.3956665238917367,7.03689337271532,-6.696293118184266,5.866419855646249,0.6472220543041145,7.895094476266754,-5.237094962527052,0.09066271797182178,0.6032463105777516,-1.8945440253337587,-2.9272776861776233,0.3987538746320252,3.0131277401992302,0.7610894038732294,-2.0549588558005234,0.47747531242238944,-1.4625738887829027,-1.0167209293274178,0.6947979654189614,-3.0258452523454427,2.376602785495132,0.2302655971940073,-0.8948800697843955,0.7010863542350687,-2.372255176208863,11.508652756316494,-3.1605287152012984,4.607775715076067,5.14787039298989,0.7780939640468436,-7.415331619916866,0.18312574840317677,-0.38639014735495,2.5489405458095757,-3.0408776763348717,-0.17007622361593608,-1.1862837629227472,0.7291187360696849,-2.6803363790347423,3.722196418837172,0.25933637120654524,1.689188659278962,1.041394593557731,-0.4519647337887351,0.4148438879598753,-0.43248735321138265,-2.1567124512751357,1.0861430783218389,0.7402866367226645,1.417203642211309,0.5145702954637639
O=C(NCCNC(N)=[NH2+])C1=CN(C2=CC=C(OCCCCCCC)C=C2)N=N1,4.0,0.602059991,10,10,-14.663611324132203,-17.793310018435513,8.77907177800473,10.835690784884273,-15.732171013737439,-7.121946405852652,3.3942329189376927,15.87644266757288,9.405055147582516,-3.7869603466666852,-11.873204376472499,-4.538980947202663,-7.2164868595041245,0.4583297145488178,8.174782398166583,-4.771243490409332,10.071960118540206,-4.8093186542468205,4.566607165203163,-1.9396491534374385,-0.5287832417733881,-1.089319150909503,-2.257161861517802,-12.378157998542193,-13.082850026530158,3.7769529782989864,9.759864257521153,3.1299263661953205,-0.7647477220893372,-2.939462169087316,-1.074817259031773,0.9503825319387963,-0.04823198484027456,-5.696910030266844,0.4755132523995627,1.6416937667968066,-0.20734561497515583,0.1537081935227606,-10.136851323626304,2.1336045772629473,-4.779428428855912,-6.866314349638152,5.079539312556018,5.15425988931988,0.9446556424362564,-1.0534167573830613,-2.860878403997499,1.8982636088611888,-2.1728489040350145,-1.5322078934580168,-0.203636240403426,1.0435138449103756,-2.030199160597255,-1.3753802120818694,-0.7809201592671958,-0.6337677038328067,0.32077729701898516,-3.008207029068226,0.5979896723429897,0.7346817569883172,-1.1443175448768943,-2.2932213989260557,0.1874387721802275,-0.7725381657726558
O=C(NCCNC(N)=[NH2+])C1=CN(C(C=C2)=CC=C2OCC3=CC(C(C)(C)C)=CC(C(C)(C)C)=C3)N=N1,8.0,0.903089987,2,2,-12.61467770266324,-18.0432370613979,9.472522558681044,8.968878147194966,-14.698326482412122,-4.500538681391204,3.199351109917768,16.949843642778273,10.062419629998928,-5.9073399648111,-15.559425387751334,-5.118282687213567,-11.422502699681528,-3.107538608645276,8.98526771841366,-5.171511467899468,8.1170212236151,-1.6897696282322354,7.673930828915096,-4.7094519711064065,0.30183361268461834,-0.00815860467657469,-2.4129649213141358,-5.542778585117186,-3.608886932096618,3.312854007491076,4.8021381159940315,-3.2048700136216697,2.1036949886876677,-4.559013912248565,0.7099315591915827,1.7311024022720942,-3.210936743578602,-2.770740587941731,1.285830055755208,2.9564636360957706,-0.29205872553939,-4.899731393364094,1.4257758914195016,-1.1708761012492397,-0.581952051759414,-3.8214178128626966,0.8956947954833258,-4.917655121982101,3.5770012277199736,3.5366118781139573,0.787763187870404,-5.700098889201493,-4.119855766264467,3.479153542218122,7.666624260276367,-14.0788972531371,7.045403473128336,-0.6687566519094711,4.862496871498082,4.371202663466639,-2.626849545992966,-7.821891962128191,-0.2216881479909416,0.16649372944153054,-1.4835907595951656,0.8634785235005595,-0.614611330715287,-2.386655722205111
C/C(C1=CN(CC2=CC(C(C)(C)C)=CC(C(C)(C)C)=C2)N=N1)=N\NC(N)=[NH2+],4.0,0.602059991,2,2,-0.16505554354917412,-8.140313831528541,-11.5073129390127,10.765470586437365,1.3553911597219055,-12.724186628949784,-3.815705215751441,10.651828142190373,5.68546252369004,-12.78282583918901,-6.956161498071485,-3.259897581528773,-13.090512798647397,-0.7129583997822837,8.517584570115288,-5.963892199483928,0.5288312782299912,2.300030016108937,4.014867658706156,-4.459232053667269,3.41118051165525,2.5515252013796275,2.7722507368460407,26.814577614698013,23.213997114339413,-4.3032528618578105,-14.45851444004193,-6.491034278464501,1.0215516190056266,-0.2315245545594439,4.05776054960568,0.3208458612579458,0.020112805606434064,-4.257198602861995,-0.08477138191866643,3.3293251928121834,0.5397449575799683,-0.013548275359749784,-14.82818892898522,2.322416634345628,-6.9811910120271365,-6.546907193438323,3.5833706278648756,5.3953161126167775,0.5144660498817661,1.039828273721695,-2.785445943575827,-2.812353341820284,-1.5678984439086117,-2.12940048592503,4.343402049987641,0.7240318533665548,2.3387445084082685,0.9354511540506876,-2.565809335425586,1.7449201744376819,-1.2380641492462212,-0.9234534147716716,-0.37913183539469575,0.8015419514336573,3.901617283284077,-0.44508596173236586,1.074398095343602,1.9456230633864957
C/C(C1=CN(C2=CC(C(C)(C)C)=CC(C(C)(C)C)=C2)N=N1)=N\NC(N)=[NH2+],4.0,0.602059991,10,10,-11.810180800328006,-10.908689449995913,8.5926404670097,9.23869680113135,-9.458342193354909,-10.328351165989284,1.2423459149833982,12.037368221053192,9.107742043630434,-13.58939664691588,-10.898674904655424,-3.4408026348639735,-11.288769223889151,1.815887945952091,5.897818710552344,-5.24360549186875,0.8068776368586531,3.4037748917224935,7.491237095428633,-3.6016631708608533,2.3125815486980494,3.2366690507379086,1.1590839396129176,16.624461676209773,22.141529979529107,-5.664073033850702,-16.08590147820398,-4.702516785271751,0.08520894964827556,3.825191500408852,2.9102145680616713,-1.21884252618967,0.8885520777414012,3.7157754773239358,-1.8368823081394432,-1.3528793879803025,1.3679141909492667,1.6036583494446597,1.982489862717218,-0.08275264644725898,-0.2205354059369465,2.07863275511854,-5.773350891715909,1.426618902110952,-2.5133380277850863,1.4728834160004023,0.31907162039065734,6.7594609617422625,0.7069383010842367,2.899750410635129,-7.365938421602732,1.9014166436939313,-7.319231799915584,-2.8120073559299783,2.3184062823362974,-3.7654849224810767,2.1819138831009774,0.5534688640137461,0.46092675683033485,0.5178550485798235,-6.25497510854863,-0.6743796407885027,-0.9268837504381067,-1.6209907312121188
O=C1C=C(OCC2=CN(C3=CC=CC=C3OC)N=N2)C4=C(O1)C=CC=C4,200.0,2.301029996,2,0,-12.494944836915328,-18.595854697789047,-3.339706002667505,-3.3135821654826967,-0.6190768952849518,5.3323818511100685,3.594532714836667,-7.233197930911585,-5.4686937729410445,1.0813010980645907,2.842228966468114,-0.7389045537965803,-3.7072355601381917,-2.944439847256105,-3.1282565173902697,-9.597552995867435,8.609191911262352,6.327828375238993,-1.9605670328367253,4.094327476448563,1.8344895339437621,-1.5026856579170653,-2.9095526777452725,-5.61915843697409,-0.5512438126445572,-1.729369561102304,-2.718802018604769,3.5107115190867177,-11.027462450156113,3.339675679999985,3.3523261012780576,-0.012662157484083218,1.931596144795522,4.6286439826049515,-6.090707969680588,-4.840666305819226,-6.145111725726647,16.468267336689937,1.2466060430911572,-7.417879970440713,-1.1638112600174157,-4.507861538067514,-3.4980999107636843,-1.631060715279034,1.470687548667406,1.4872773033345115,3.315839449105453,3.0971394544468605,-1.2087839823058533,2.1307639211677873,-8.744192743012736,-5.629619107594709,-4.722851782562682,-4.243748122964733,7.587737921894746,0.8995851145150464,-2.419529883921074,-1.1195630655434672,-1.3265898604122297,5.887050360636838,-3.759807548943034,-3.947205230684443,8.840128100758987,6.271905900005095
O=C1C=C(OCC2=CN(C3=CC=C(F)C=C3)N=N2)C4=C(O1)C=CC=C4,1600.0,3.204119983,2,0,-13.899797578694475,-21.10189690509274,-4.747164727348885,-1.5662304000531913,-1.395622101782647,3.942634563922877,5.177378458516001,-7.564628398988259,-6.2129072956969065,0.3348403444697168,1.1306295852609085,0.6952129378524247,-3.688798046004585,-3.0611387267581263,-2.866598550598966,-9.387488739948466,8.330379374178346,6.408323267596398,-2.9969503038374077,3.3735521669813493,1.3345385996292742,-2.4952790195298307,-2.1012551765441145,-4.0314231358170955,-1.0270580406818683,-1.507247756670894,-2.85797497580018,4.684429997877842,-10.699068306824314,3.4944121800117505,2.174661967588289,-0.8140638899552002,0.6808219035329964,3.977863456899883,-5.692557089249949,-5.841082496094068,-4.733306388313754,15.689625600266638,3.807434675790177,-6.915475783238193,-1.5156267286951026,-2.2884358782304686,-1.140992055623376,1.6088793484746517,2.0937705849803607,-1.2883675879063199,-0.6144054252009297,5.480787602430611,0.2127270542890253,6.267593596853156,-2.2260842806761088,-2.067848220779588,-3.033171915265472,-2.4287505884274965,3.6330828119721663,-2.193031803399313,-0.9038660779830738,-6.238616204624175,-1.1747669246999906,-0.1953897545418008,0.8240876358113055,-0.496994811465097,0.1479475856829302,1.2366506252446159
O=C1C=C(NCC2=CN(C3=CC=CC([N+]([O-])=O)=C3)N=N2)C4=C(O1)C=CC=C4,100.0,2.0,1,0,-8.165121353722771,-11.323820367855415,3.6757242877023,-0.7817508646127844,-0.3764312390799688,1.1057092506280413,-2.8901480701511817,-1.7428787195907731,-0.4313467448363786,-3.9137902396782533,1.3430893477450097,-4.897681589461065,-3.107069842096534,-4.281576190578538,-4.313111953456924,-2.0868786250166376,8.62839589350564,-1.5612640953953163,0.08245250542610952,-2.6423087513697845,4.506224576337215,2.733312057295133,2.269602846661343,-14.123065794385662,0.3277341532084515,2.8696634583195197,-8.031834723189581,1.8925770375281565,-2.1806522504699895,7.779956096586361,-7.193605963327046,-3.627908437891111,-2.24205555963594,14.138602444883155,-7.7956896127842485,2.022930144039466,-10.966333124437586,11.85865095259022,-1.2220592067557594,0.40486803663213017,7.1341598885640805,3.3674846044651416,-0.5377571138519971,17.219683484782728,-19.161415199505097,15.929299085677147,4.13945864921902,5.952415424191855,-12.027324358768096,-5.956335549217991,5.5730913788031256,-11.336533714331685,0.8138074426560741,10.347347717000181,-8.548590707795753,-0.6339365495773481,2.364266615555517,2.5526465555973723,-0.7934494375309281,-1.5981138627053735,-1.5452927238003566,-0.10782091849711545,1.4367305402245605,-2.587579997070557
O=C(N1CCN(C2=CC=CC=C2)CC1)CN3N=NC(COC4=CC=C(C5=CC=CC=C5)C=C4)=C3,24.99,1.397766256,3,1,-4.977731298125412,-10.401876210101042,-11.18672254798298,5.003837830528148,-0.6991576807457944,-2.962829625852681,8.730362501554744,4.426058434855729,-0.4054651299279071,12.596794657966234,23.20922422662551,5.009094525633514,-4.024840781563953,-6.005173575538189,2.082061068122611,6.749315544142833,5.840812165258921,-2.0593652645629437,15.902184719111542,-15.263828234508539,-12.8919890590238,-5.57896292744365,-0.27843168834797427,1.291063486735458,-9.893614822181632,-11.25095052771586,-5.314967830398368,1.1187074697468475,3.9109063559294293,2.862814643271469,4.630434091386363,2.4134475879936184,0.997819408917387,0.8471719437694119,3.649850358084228,-1.1457108101449984,2.93735518943244,-1.3505235779180365,-1.1468844829880391,0.9919233206256509,0.017432341871485863,1.2142461729190666,-2.8068875841531415,1.1092318500551863,-1.1888677186501715,-1.0105484945196166,-0.41719413982734455,-0.3572292941635851,1.0002014995867217,0.5913695335782905,0.9181600905363225,-1.7332533950809295,0.4707677778764794,0.7340260776857364,-0.6635523587002791,-3.70975045302976,-3.625075028815024,0.763002618031615,-3.1532007355724923,-0.695259016421968,-0.969111376036686,1.7655530501319727,0.04618320869688123,3.756775857240865
O=C(N1CCN(C2=CC=CC=C2)CC1)CN3N=NC(COC4=C5C=CC=CC5=CC=C4)=C3,24.99,1.397766256,3,1,-5.506435426749147,-11.541130870283405,-11.563365721779201,4.232777079062697,1.2249408689505041,-1.382568526611898,7.536450688463042,5.228835014925798,-1.564098487491104,12.227012453829532,23.39516866376754,5.462168641060696,-6.221957993121612,-8.386353349401201,0.3547128908534049,5.497658037538123,6.738996256981423,-0.8409075431591961,16.803449333889684,-14.464323522433407,-14.267047501504209,-6.789411565841475,-0.6647589908584022,2.4260568443216,-10.29626787035865,-12.050806305881753,-6.211526087656644,0.9048695191617746,4.487423342784121,2.5202410420755372,3.7516839056586995,1.3741533738040674,1.953156913716171,1.8907174822330497,1.4228441507129304,-1.5469916571932847,1.3053827348684905,2.5780228611348504,-0.05213672984339953,-1.021037001143314,-0.4615141713899371,0.972062848101521,-3.134259697330008,-0.32229565704261676,-0.6251386666721516,-0.07852493220558439,-0.5294423031333884,0.10705707949038111,-0.9623941437810073,-0.7779061486233521,-0.4844579682614493,0.9526359242569518,0.25011803924059567,0.2737954344589452,0.32302778710172986,4.031718622483838,4.004872454993383,-0.10216155795356469,2.710328357261394,0.8193645778221782,1.9153566994762259,-0.7037250315114678,-0.352165484414688,-2.1052804984098072
CC1=CC=C(N2CCN(C(CN3N=NC(COC4=CC=C(C5=CC=CC=C5)C=C4)=C3)=O)CC2)C=C1,48.43,1.685114469,3,1,-3.364302569002956,-10.49083306245837,-10.926355613007635,4.403532160090727,0.2592437209696342,-2.803590813225133,8.258276670438141,4.884218266800911,0.03325839873174441,12.235267153114291,22.3961200803,5.0753329935469935,-4.1389804430244315,-6.208440838093001,2.302588397891167,6.8801225705091955,5.591678798252132,-1.2847142112071954,15.945008825140643,-14.601624010657597,-12.514780279741244,-5.711713225864212,-0.6128420029726246,1.0448152234377541,-8.223126678219527,-10.754680732231028,-5.340837297762038,0.18205402827651945,4.85126330305306,2.3111363264392217,5.155657416025475,2.821667401240167,1.107973465595776,0.9747209709509562,3.835050627993994,-0.5870433528454129,2.828855190113904,-2.6787411712664984,0.09488995210348078,0.8824269314931157,0.1108991098350025,1.6675892324251977,-3.280884173182801,-1.1783315596503405,-0.03161236497927376,0.18590692977865156,0.021544021613759762,-0.46160176792738655,2.037193891070919,2.038837510962901,1.4350245322722637,-1.5755379566770398,0.013422656152591694,1.2059463647342317,-2.0616457511694,-3.1092106968603708,-3.185233706867823,0.11228684087191636,-2.6951628700266665,0.36976504421319756,-0.24646852186403753,0.4804676352640928,-1.3520717269384064,2.6614810551177266
CC1=CC=C(C=C1)N2CCN(CC2)C(CN3N=NC(COC4=C5C=CC=CC5=CC=C4)=C3)=O,48.04,1.681602999,3,1,-4.026352181425042,-11.655340286113535,-11.310040087950659,3.63117267545613,1.9015296960962116,-1.2650310702059326,7.21088618932218,5.487146512914302,-1.1143191002343376,11.83582550518204,22.72936777840265,5.521222210893968,-6.224842648497878,-8.460474562453614,0.6050723727728387,5.604327880134432,6.522818725154731,-0.3490922395833688,16.828924298807145,-13.842399884147465,-13.951672461859719,-6.851422016604816,-0.8211945322828151,2.1189234607782383,-8.867030292348652,-11.514795978839073,-6.217932490967717,0.11108933009768715,5.304691285704941,2.1295587325041176,4.306930352430879,1.794165713824021,2.0030058279437157,1.9114093428254781,1.6957642738355663,-1.0066408043376942,1.217382076721659,1.2722447182721008,0.8696248854498784,-1.0342886714255533,-0.42389553628370785,1.330951696785101,-3.3841016707485396,-2.214220179653025,0.36734473458646144,0.8052424575873945,-0.12416102583646885,0.07394481269912098,-0.04763440430852937,0.4904914022517751,0.10454420293000855,1.0796951431155661,-0.20999388369451744,0.7432746681017856,-1.0397396138734538,4.452922802859221,4.333471004458058,-0.6197749027973384,3.071367334293296,1.7765967537130762,2.5085888847473305,-1.846682398362724,-1.7588320682937484,-2.833053402669532
O=[N+](C1=CC=C(N2CCN(C(CN3N=NC(COC4=CC=C(C5=CC=CC=C5)C=C4)=C3)=O)CC2)C=C1)[O-],40.53,1.607776604,3,1,-4.122408153908926,-9.469345474077905,-8.765887368665792,4.779871367551893,0.8325455402542054,-1.071364286289656,6.939724328067943,3.117601010371518,-0.6823355467259901,13.20093490450883,24.613148472168483,3.17315914798568,-4.201926384179411,-6.911914951027469,1.0737842539987716,7.213699878179396,7.623558906189844,-2.0878040660469876,16.291014409551547,-15.029940289511295,-13.192249982782716,-3.095990353493533,0.41619295488220737,-1.839725099487434,-8.825319116006236,-8.4609146160951,-9.257277915211704,-1.1943674353735767,4.343779303278827,3.1617632053078286,1.0626297031895866,0.5814505478572697,-0.9713164503726051,1.5553309296665547,0.5811171824610325,3.729014081427935,-1.0740616614187275,-5.350242533983909,0.333563936889565,1.6857404575810726,0.9878765479116777,-0.6772714183830182,1.8580937754322808,1.9354271418705127,-1.984613277045621,-0.4972424363279656,-0.5090546322934795,-1.7521495796182132,2.039501618542952,1.0844358887044057,1.106503438793862,0.42604375459357646,-0.9443343347768499,-1.561160968786078,0.2290780117946215,-4.463728633704135,-3.7957332668856276,-1.0275287646367701,-2.714213822626387,-2.261992964829822,-2.9941542733848783,1.6303713626614442,1.6128218496923405,2.783779396588986
O=[N+](C1=CC=C(N2CCN(C(CN3N=NC(COC4=C5C=CC=CC5=CC=C4)=C3)=O)CC2)C=C1)[O-],43.36,1.637089274,3,1,-4.589796735813252,-10.617227450972942,-9.194476288964694,3.9597398843800686,2.67208873844739,0.5394755604085036,5.739974041620431,3.900139600315669,-1.8349369369403496,12.805466151417328,24.87504851647495,3.7178517537937457,-6.225983045391516,-9.243034995121617,-0.7002426271259703,5.884024513733768,8.567181135946539,-0.8124605569837301,17.259538857387405,-14.274845378212857,-14.484236858155771,-4.247413781656682,0.005294776311191005,-0.8064632700486252,-9.295202133170289,-9.276193234069812,-10.164139419936568,-1.412949582877396,4.854368538222576,2.866594142638932,0.34983677118587975,-0.3984529569529164,0.055024173266846804,2.6322840457202856,-1.6412253914324966,3.2991684357561915,-2.722148302102551,-1.5110344697534752,1.3308808349323553,-0.3674735737802282,0.5122958158445637,-0.9083940022496982,1.566956038692331,0.5701187026914107,-1.4256628930113358,0.3537722761767917,-0.6612437251247419,-1.220505067309378,0.0926770155908948,-0.1709552026253292,-0.24972706251441407,3.1300485721116735,-1.1642012697747106,-2.0382521406743463,1.2777492685383793,3.0873953295620096,3.691950985758058,-1.811740851047712,3.095870116142199,-0.8782741340930672,-0.1367408102081083,-0.7966407852349936,1.1675926464732398,-3.000699615942682
O=C1SC2=CC(Br)=CC=C2N1CC3=CN(C4=CC=CC=C4C)N=N3,200.0,2.301029996,10,0,-8.844189662439412,-1.8696414950751714,14.45879726784981,-19.33000442057086,-6.64966240702915,-16.23364193343707,-14.436276895085216,-6.671285072490111,7.9855440071396995,-9.897128437310492,2.2955638596428147,12.816520054476241,19.67146772036047,-11.38149883722823,-0.07089717480380857,1.4807954676310102,6.559603758184627,0.13505798003288544,-0.20269053631377984,0.8052521577576507,-2.223078461171324,-0.01386058726281281,-1.4517445067602799,4.082013173084553,-0.2265917687347179,-0.3366380786249636,0.4697766655171453,0.0038552333253226503,0.10042382392148409,-0.7413539540828193,0.07145192010179324,0.35862598934485257,0.5653879659017438,0.2971974023343635,-0.7514974451270722,-0.8390048047696618,-0.4157426366718577,-0.6379801644222451,-0.07107414940734358,-0.06126457244129648,-0.03937089815210703,1.4711703975073036,0.3854226035694215,-1.347390682617487,0.3514707682875692,0.32890986386950455,0.06313576817931867,-0.947052073262255,0.32004823031356666,0.5712348657956378,0.19307032831157633,0.9535968686772331,-0.07623684374227088,-1.12138063428419,0.11118543908024013,0.9087327596340634,-1.4904664841444188,-0.591704692429213,0.7265194402336582,3.9649725626105745,1.2109674792836498,0.13335691494898236,-0.7194918785952966,-3.4740688826875736
O=C1SC2=CC(Br)=CC=C2N1CC3=CN(C4=CC(C)=CC(C)=C4)N=N3,100.0,2.0,10,0,-8.989960773484386,-3.149066313644445,14.686591425318214,-19.48842494049035,-7.612974002101213,-17.596686695929478,-14.286655025130376,-5.506806872324821,8.664290266423876,-10.855736520430918,1.3548530779112171,12.762482053902703,19.322104194087178,-11.43492075857528,1.059154540415237,0.4801574846552712,6.566680101094461,0.7780357891111488,0.9926623407210174,0.710958420316558,-2.1798464573758363,0.05373491911274035,-1.7616765368104965,5.195097320321202,1.1963442334339662,-0.4810426713989061,-0.3157668856665182,-0.13319170408947245,0.5854049265065769,-0.10823272601451807,0.2512499411553558,0.8402124837143167,-0.20284118232949583,2.772962467345362,0.08440585016676808,-1.3913272469881068,0.2607699166393116,-1.6239797606888426,3.288456462965391,-1.47684762073151,1.5464510063127548,2.725207055546598,-0.8895873357490902,-2.198399054337141,0.020685386819731574,-0.9863240030347716,0.8704593000023789,0.2812569844183802,1.2824620785256633,0.8410740683896553,-1.3236931899801974,1.7869048757930204,0.4050511791913864,0.14208714357898838,0.2595665112941482,0.5482730584121164,-0.986672345336389,1.247876658352546,0.11316752335693182,0.5114561152451936,2.1654380251158796,-1.4368922555808314,-0.5851459407165546,-2.6125860232565703
O=C1SC2=CC(Br)=CC=C2N1CC3=CN(C4=CC=CC(Cl)=C4)N=N3,25.0,1.397940009,10,0,-10.119739896762884,-2.2706366359888333,14.303370327108329,-20.474801658267637,-7.843962518001674,-16.614988394609558,-14.149206034902944,-7.890411790793433,8.411279269382446,-9.207823315888943,2.478890550133691,13.32153118434718,19.42036427416991,-11.675953412981501,0.533675355935801,1.336616741688314,5.672370086849216,0.5028688927938341,-1.4051961230977312,0.5356150221358444,-2.285121117049786,-1.0471656870606925,-0.6747119930836906,3.665511051545613,-0.9003336226476083,0.11234824023342896,-0.40171035628413115,0.7567803556156154,-0.706146663593297,-0.13145755845012685,0.042296680260689085,0.8529010248316157,-0.2946847086177776,-0.2264506295984468,-1.1097915532783824,0.23151341897603928,0.5073219951985903,0.49267755734182817,-1.4262021708429204,-0.10800112067744491,0.19389517071225232,1.3893541491877064,0.7878931768212423,-0.029562830045198864,0.19901980944832232,-2.1793859894548184,-2.2055906826261618,0.1291327095039998,0.2073446456911221,-2.188490620760333,1.6172901611361872,-0.39460791779581095,0.6254152466020018,2.170528911710079,-1.7608692132539467,-0.9890474653889683,1.4125592651036722,-2.3611704773388436,-0.742859623358932,-0.49171990826896306,-3.392747137028209,1.6833235902483645,-0.03381862895743728,1.8310588392316156
O=C1SC2=CC(Br)=CC=C2N1CC3=CN(C4=CC(Cl)=CC(Cl)=C4)N=N3,25.0,1.397940009,10,0,-10.119231880227895,-1.8735458308318993,14.318448332090927,-20.654907339346302,-7.786211027558467,-16.89317991729806,-14.139390050441806,-7.713004535573629,8.434325829709088,-9.08643160453302,2.043745593454157,13.347786274224639,19.588997368243103,-12.023682982603946,0.8970044264928223,1.2689692746735632,5.634550696086338,0.6744322482913576,-1.3775925666931657,0.5732043146860379,-2.314166369189445,-0.9065876188883117,-0.8516638903056913,3.824521320356057,-0.5582392278249032,0.4193765560373788,-0.6382491118667813,0.8144937710234623,-0.5955299579568543,-0.20059336369793465,0.34851726214524476,0.9745383902353068,-0.846295155675179,-0.04589802254481191,-1.2264844627544094,0.6642486530431142,0.3786990688245397,0.46603377533350043,-1.124881135537747,-0.3002388426599361,0.15155626884608484,1.5209052369804683,0.837179978272803,-0.45108657865771035,0.3556199512125798,-2.4039165086767595,-2.4477034118883725,0.10331987619698493,0.6395654898920426,-2.20734754852471,1.0655721135740446,0.10201546248207884,0.07054434868236842,1.5471547984060305,-1.0750155159345773,-1.3847137029282548,1.686951928304532,-2.947798098635147,-0.8672213349019543,-0.5855832574124595,-5.1668272049079444,2.0369136501781457,0.5374458908592662,2.3206946041828544
O=C1SC2=CC(Br)=CC=C2N1CC3=CN(C4=CC=C(OC)C=C4)N=N3,200.0,2.301029996,10,0,-10.539563609560942,-5.059966469443882,14.300345898224283,-19.104956401093332,-8.795079842876966,-14.801857626533222,-13.234498036266816,-7.156567406519953,7.654348143740325,-8.375222856157812,3.008450596453525,12.59066047930351,18.905799856226107,-12.275042567977238,1.417698334927575,2.10938275743204,7.555490796570792,-1.4886059396996054,-0.4263537708680041,1.5472574737292417,-2.397303219777505,-0.8432461747539474,-1.4631123116620255,2.444660984726171,-2.928414897791644,-0.22575665827426894,1.9728183434306128,0.6922133994654336,0.2542480836032398,-1.4680209067533285,0.6981485084585548,0.8710459414517702,0.2740180700836774,-2.28206018244222,-0.8019886341281843,0.5582824465362445,0.6775662588209155,-1.190763453564308,-4.67233466862609,0.40860804177148735,-3.597814678707373,-3.220437476100204,-0.19427689929544867,0.4302458534224718,1.2858381019153504,1.56619430417622,0.12264599826767883,0.3263767848525004,-0.14257863853139022,2.6612871995921163,-0.26165914334262824,-1.7058636374677982,-1.2804295405157438,-1.370153486364697,1.783010225888149,0.6800825250343147,-0.7220389282300465,0.4144821900095725,0.15209891060548358,0.2095392824900918,0.033722996775624126,-0.4372134029578474,-0.03959456957855173,-1.113362889388361
O=C1SC2=CC(Br)=CC=C2N1CC3=CN(C4=CC(C(F)(F)F)=CC=C4)N=N3,100.0,2.0,10,0,-7.292217109146655,-2.5780419881899475,15.447750465523656,-20.077855725971187,-8.022517098103313,-16.081319238402408,-14.143533088125421,-5.464445805188581,7.884035980557361,-9.987571643392291,2.0337164045160905,13.03129642379009,18.5973047929906,-10.914399845644354,0.4048179620603032,-0.07424004141686813,6.8225693959814535,0.5452269303767768,-0.5998586190317048,-1.2343281022665638,-1.3657442311900876,0.3196710787352066,-1.3827748107169668,4.231591992264254,0.8166833557398134,-0.8873804785558455,-1.3142620992472047,-0.049563991309363856,0.525103454504233,-0.8788246807494909,0.5288473650890947,0.8856019372357812,0.04509250875259379,-0.8256042318927648,0.8396461012974716,-2.3135753842976374,0.5285423659928252,-1.892208488768494,7.239620035666821,-1.9926095642078532,2.104444427817766,-1.3038290044507084,-2.056981865851122,0.8692134345941793,0.1275982029378804,-0.331064087860888,0.8091852722488603,-0.14995986460879798,0.31335738970182236,-0.5584702821497353,-1.2741835696906407,1.75370956676409,-0.2705034404772608,0.9680873768840861,-1.640831336652358,-0.00012538344862178313,-0.9447607139065077,1.894465575149651,0.2172883990483708,-0.011615548724278743,3.5521884621174897,-1.7015126513656331,-0.8563247676776148,-2.321525032490158
O=C1SC2=CC(Br)=CC=C2N1CC3=CN(C4=CC=C(CCCC)C=C4)N=N3,100.0,2.0,10,0,-9.524798809118415,-2.7198445837004157,14.794196697966871,-19.655879579842413,-7.073604093251885,-16.076011661069387,-13.824428604326878,-4.142469324138772,9.697904683671045,-9.902845061320793,2.3161601942185572,12.907409793170382,20.926378268172414,-10.747330897183184,1.8688416432169115,1.7712484369490844,7.6801676122115285,0.1788225021641173,-0.482977111103491,0.620199560673854,-2.141123273262605,-1.0259178056124383,-1.5100818710041695,3.247407615644382,-0.06478287632339899,0.8500122749040474,0.3711159295371782,0.445570957147206,-0.5374574418627088,-1.5760829052247847,0.044936967103296,0.22603542796468906,1.8794345456581891,-1.1160076608486296,0.35783326259128073,-0.31241062362412264,-0.24986540497633114,-0.2449264895279993,-1.8089911021874865,-0.272733672330415,0.1184075761536914,0.8407458736836425,1.7279213560896194,-0.9847669644689864,0.5593245234987608,-0.9118558721911524,-0.9009998010958408,0.5337651038529638,0.6293240379218182,1.4839485994965265,0.7755115043815695,2.355053127705349,-1.5784790197084493,-0.5579638494905985,-1.0024962256357157,-0.7698296340656346,-0.527642630444407,-1.6041017155597737,0.037064174269889325,0.11866768192492115,0.5374562476883381,-1.5557539452363889,-0.8281851924014466,-7.577219625285958
O=C1SC2=CC(Br)=CC=C2N1CC3=CN(C4=CC=CC([N+]([O-])=O)=C4)N=N3,100.0,2.0,10,0,-8.421273940469538,-1.9291353149636026,15.70519403482319,-17.540837492509613,-5.729485630625988,-12.315143758944362,-15.862100021608589,-9.118147686314282,6.662206249739045,-8.675539395778381,5.755143441521906,9.28608127304837,19.269914236837728,-11.48344205326217,-1.3249569172597182,2.9126837911191723,7.894308191683789,-1.138055714076199,1.1811877707541387,-0.8831924340890548,-1.7422091277742429,1.3080447474796284,-0.033345941993792455,-2.4989363068143264,-0.0668172481540344,2.9020342792916463,-5.767497959988507,-3.1380705473189328,0.4576269966994215,0.9003296636085057,-4.539039745885099,-2.0502474859749213,-1.8701429761258719,1.079051131052864,-3.217591806147688,2.7858883809926525,-2.7554716556064722,-0.6396773982305407,-1.4632840399062161,0.7775742205632724,1.6983930450368567,-0.7745488062349378,4.483818417468757,2.788823361149162,-3.976495062769283,3.2906988384031965,2.244563393582349,-0.5096353493402901,-3.3549958256991905,-1.9048536449678861,2.647577928771042,-1.3310799252695658,1.7136158135870674,1.806100912255499,-0.4954917392043895,-0.7227180056712332,-0.09276086979669522,1.6138132836118297,0.3491945319164099,1.1180845174884206,3.7087840568448653,0.21843295816078476,-1.6358387802130987,1.0836880645669607
O=C1SC2=CC(Br)=CC=C2N1CC3=CN(C4=CC(OC)=C(Cl)C(OC)=C4)N=N3,200.0,2.301029996,10,0,-9.242630021996744,-3.659654937136338,14.120487085251689,-21.84218762795738,-7.347513969947714,-12.204558796857587,-11.938111093185727,-7.688357310643194,6.5162483798968935,-6.833798223536614,1.834538648703971,13.13152305173084,19.13395267660363,-12.639060530079608,1.9938007971383191,3.379593456627281,7.244036916840375,1.9392036127209162,-2.4000718042468354,0.5074771753978758,-1.8872618322640076,0.33036700493603893,-1.302649654293632,2.392805101419867,-1.256771082007735,0.760289948125081,0.7422445671183806,0.7962234724377127,0.6685134380473766,0.5880510128141746,2.4854343968179573,1.3002462892962026,-0.3476637261404196,-2.945903446662928,-0.9029712751963772,1.098143217634345,0.7647118593437777,-2.0354777828281554,-4.449649230236388,-1.3301049579761974,-2.5669576388610125,-1.7827119531861235,-0.26478320049947635,-2.466141311756041,0.9353400372382732,1.2896162389740828,-0.031187079051979576,-0.9341568766944546,0.5166936151777272,0.2670017488157002,-1.2906300949162255,-5.267022820721728,-0.24554903853159468,-0.4414207569519204,6.696495377308011,2.0905137195277814,1.1199868251196767,3.1360768619926684,1.0860962610742357,-5.736037164343305,0.8548460665481951,2.826648962470503,4.2024740737022315,15.79726127972587
O=C1SC2=CC(Br)=CC=C2N1CC3=CN(C4=CC=C(Br)C=C4)N=N3,50.0,1.698970004,10,0,-9.913928765426453,-3.2133990606515836,14.203310934505838,-19.609366968670727,-8.750394238106615,-17.5497151238418,-14.328199077246374,-7.494070194449547,7.929610751898072,-10.66089457597351,3.3078694907576334,13.536422316771596,20.44117293987792,-11.694870854022028,0.6155507701138657,0.972489049910651,6.864972282955422,-0.8417817314289262,-0.9081490062528379,0.6111851867944902,-2.677290704902107,-0.9604329743538993,-1.1119469519347955,4.127617071794437,-1.5874880092038741,-0.594858140843051,0.21153169361448013,0.9926033002383536,-0.3389112641538527,-0.15557402954481558,-0.6590412764244069,0.44865589367971337,0.5076811962560429,-0.2302130541400031,-0.5542096575169903,0.6153070335227782,0.3551907264474784,0.5649356976146036,-0.7183308138231014,0.8083357393045061,-0.6418794889604488,0.27001201140515224,0.8205214602443897,0.06306801124657593,0.2246382912521672,-0.8695672306151035,1.0059932488933576,-0.010340606511193763,-0.9079961409299048,0.20069437725604033,0.6280021167666632,1.159253576986641,0.0661698635944336,-1.3494637289218396,-0.22112100675990715,0.9099784582308296,-1.1721061277732838,-1.647304399036767,-0.09848359503127722,0.42346350811574285,-0.9324326527196107,-0.8412880139303134,0.5260098141924476,-2.450863984001968
O=C1C(/N=N/C2=CC=C(C=C2)OCC3=CN(N=N3)C4=CC=C(C=C4)OC)=C(C(C)=CO1)O,32.0,1.505149978,4,0,-17.030240536114743,-20.6394271277107,2.206053351734135,0.5089680154276535,-6.346787659759963,10.80945276792315,8.810866909795637,-11.838269306925314,-3.294754205989335,5.548128176954984,0.8801830069746738,1.4317077679534957,6.400971206352542,5.59126109683626,0.2724843821796455,-7.313853967512162,0.4762069485388823,-14.288710942184622,-3.0579175859510648,-2.216849271031695,3.0290887435608305,-0.11520309680397615,-7.894904491563955,-6.802905317807103,15.016751431651787,-18.80538067156121,10.650987668319527,-1.939196373722723,0.7488237953652327,0.3024146924733745,-1.9735342687866817,-1.7162246858767105,-3.3670179088793395,-2.1877057958869877,0.20069448442553725,1.3536174064808268,-0.6722748096786868,-1.6014755237978007,-1.5966569269211277,0.5769180858635742,-0.48400053629460316,-0.48554722972315345,0.8239790401842466,0.3021144935009089,0.7785720440123738,-0.6370955222738215,-0.07809635795810567,-1.117588593407258,0.711710138569583,0.2665551870120292,0.5482060244074886,-0.13825611673801472,-0.3036613350204094,0.01687276598951162,-0.1182128443901754,0.06499802060697465,-0.32038826722384106,0.7598310154814666,-0.04387992659535854,-0.5218888142035426,-0.38560288202406884,-0.020938031608425875,-0.7978973703467263,-0.6861747229030021
O=C1C(/N=N/C2=CC=C(C=C2)OCC3=CN(N=N3)C4=CC=CC=C4)=C(C(C)=CO1)O,32.0,1.505149978,4,0,-17.116190052029772,-20.555486755562846,1.5526284044029461,0.5540668516279684,-6.058673365983739,10.257105153119717,8.47926383597775,-12.20083161299758,-3.829161032849932,4.970620821237146,1.704415044239296,1.6553063299670066,6.415309619267803,5.801057843782345,-0.1514414817855795,-7.732988890788831,0.45502811398646265,-13.850025796808808,-3.0770378494566253,-2.7937422553864724,2.6837509972834246,-0.46201684898571743,-7.831344958004404,-6.558158301284698,15.768884425809869,-19.273002762928144,9.905031618711185,-2.088690180518042,0.3613183384098082,0.9348439462803174,-2.653658939370806,-2.134539818894717,-3.174763404628876,-1.5005811242053335,-0.10963947102780507,0.921175409378093,-0.9419772019567445,-1.0100979498875982,-0.25623210444151423,0.046812369847396264,1.2384728694394485,1.1464965598237014,0.7306592603668393,-0.17183653684803915,0.2665104425291169,-1.1375615032620614,-0.4152193939385389,-1.1605037188475849,0.6030192022375257,-0.6236440564414271,0.3152306690713435,0.5685276762581966,0.2447149494231657,1.1042633411375902,-0.8924199988671017,-0.17574316616792968,-0.4898517722170994,0.6380810995422356,-0.2582376314056901,-0.6693561456136802,0.11991743974157865,0.32741665435250644,-0.3593380624251241,-0.34693855765068965
O=C1C(/N=N/C2=CC=C(C=C2)OCC3=CN(N=N3)C4=CC(OC)=CC=C4)=C(C(C)=CO1)O,32.0,1.505149978,4,0,-16.04655353814587,-19.158719201026937,2.567496316871284,-0.5786705240684019,-5.767620777723204,10.754687886288654,8.620689126297638,-11.518955256169066,-3.537136653768248,5.831134564697007,1.0221535625988678,1.5247209418404155,7.1365619109223575,5.27505987579405,-0.03384487186128163,-7.3606743314187,0.6232507837886557,-13.84660447532264,-3.677757459117669,-2.3388605441243224,3.0067477216674807,-0.6188237145831733,-7.417955203231634,-6.960194360460732,15.965642086377256,-18.848467083066527,9.724639328299983,-2.909232297587619,0.904808052940314,0.8703348598795781,-1.9300029461977617,-1.7637617172768971,-3.0162739549025197,-2.0024561603057913,0.26119650189500593,0.8280899519361687,-0.48975544838842927,-1.8699298447151895,-0.6341195444912021,-0.24545192723845682,0.495470894721789,0.5454301767083104,0.6235870080674095,-0.3274985053605501,-0.5539823006093769,0.0321048635544972,0.5040307098652146,-1.9504679355513488,0.09241186034979286,-1.0571971169097347,0.6414704873832514,-0.6589411666273122,0.19982060424136608,1.5508077623249927,0.06626643584042873,0.11840099907445022,0.5372589810221226,2.287872440876298,0.3520992992242454,-0.8960792669868419,2.0713556948428713,-0.16917416504008068,0.2410000437883868,3.1413610809942187
O=C1C(N=NC2=CC=C(OCC3=CN(C4=CC=C(F)C=C4)N=N3)C=C2)=C(O)C(C)=CO1,256.0,2.408239965,1,0,-16.48049704390526,-20.122199395574295,2.0578276874659718,-0.9631783886940772,-5.062414779731783,10.455715073994803,9.78668476907017,-12.917718928146,-4.448024922603494,5.011925579550912,0.16568607845036665,2.099535595639004,6.408148858391945,5.82233770079253,0.04162590104313954,-7.098802454660377,-0.5799169184942803,-13.07473039515132,-3.034277260796644,-2.882047858249552,2.882358151185247,-0.8271583191364569,-7.602427705681846,-6.251611079466741,15.791733189425903,-18.73916754884471,9.131247674026245,-1.813177372584341,0.39893690107278157,0.6686616694206896,-2.6833065989884517,-2.252925733655164,-3.327967715030476,-2.1016851360334967,-0.062078866562179036,-0.5988846243521121,-0.4056632742443737,-0.260009780904018,1.135096682214282,-0.8779400810885425,0.34717381623838006,1.1142209032895447,2.721480977743239,1.2673114220112445,0.14947499652513035,-2.375231929870677,-1.0550635414045322,1.27181396201512,0.6008774750853562,2.6213248906173994,1.5014035984560854,0.16554115031526997,-0.26600340714420323,0.23038067616123037,-0.19496668381345542,-2.0767418942653784,0.4835300480527375,-2.324887695788016,-0.8926807688262661,-2.7441726011323064,1.9121321468395225,1.1030064521850658,-1.167244110203447,1.7349006982866593
O=C1C(/N=N/C2=CC=C(OCC3=CN(C4=C5C=CC=CC5=CC=C4)N=N3)C=C2)=C(O)C(C)=CO1,128.0,2.10720997,1,0,-15.700161473930857,-18.604525455114324,2.3282953590525635,-2.423475813072023,-3.9546701152297894,11.850423610721911,7.908416484491284,-10.633466736641823,-4.455810276642734,6.428883010078515,1.68236669701114,0.3090408690687875,6.993925775247053,4.679973120783517,-1.2962955128840479,-9.060293666757527,-1.1046481881641104,-13.643435180255306,-2.3686012108748113,-2.182828414856202,2.673089156311883,-0.960505939743812,-6.76115292814262,-6.331908457071235,15.708809742983496,-19.558139359130717,9.276897105429105,-2.37796556270417,0.20058022353944474,0.5545899813303443,-1.1857594181887305,-1.035465558251589,0.42666909588909,-0.21398516493515307,-1.0449282905073365,1.5073704093798042,-2.2448770583968356,-1.60797937099348,0.6256685590280975,-0.7938320467885556,1.631701798974066,1.0403433816007601,1.2487874392620937,-2.028241898139807,-0.002906939753585067,0.007007024870237394,-1.307513793065229,-1.5209585832768466,-1.8798023205538426,-1.1044122548735749,-1.0976640133792595,1.1046626765514733,1.507790990302777,1.4222182712111395,0.11810725481959099,3.075347277497209,1.3576150497265451,0.9475967113280915,1.771592324044072,2.8825033948190026,-0.26424359307653694,0.9721530542555058,2.466537755340952,-2.83802032249167
O=C1C(/N=N/C2=CC=C(OCC3=CN(C4=CC=C(Br)C=C4)N=N3)C=C2)=C(O)C(C)=CO1,128.0,2.10720997,4,0,-16.757626957214715,-19.730291910972316,2.3693761113853604,-1.189239842377867,-5.742602730469318,9.435074957127066,8.833577440493059,-12.985340006094331,-3.933173322587608,4.919242636173123,1.095077897996281,2.953335573781603,7.646843813060799,4.617497651890908,0.019442608748407947,-7.922351520180842,1.1097016142680545,-13.881640299399368,-3.8066346798715647,-2.7942279632264118,2.6361051537096722,-0.7834397579277158,-7.604277453179353,-5.912666040984643,15.40381945096735,-18.997837715132782,10.078377509212482,-2.337952969252115,0.6758279111334113,0.4593913196151399,-3.068627003179849,-2.1627087020620133,-2.3223754063786863,-1.5948114287616064,1.1844111204112602,2.593649338563691,0.057158923280726255,-0.5549180030454554,0.5440572086185635,0.7855667943247813,0.1834951147006274,0.33576011007838663,1.554679930418866,-1.0023709491980932,0.8370905054197181,-1.477536184780345,1.912075946812613,-1.4977801347978839,-0.15532778636937464,-1.2487839236442544,0.4941735720304332,1.339304798846592,1.239733407906386,-0.6872617104152141,-2.093077569046289,0.47534988067922723,-0.7549224881200844,-0.1383097715143556,-0.6900229613750831,-0.5424377131216751,-1.7474732179144647,-0.8924986587280641,-0.419528219916593,-1.488311410931853
OC1=C(/N=N/C2=CC=C(OCC3=CN(C4=CC=C(OC)C=C4)N=N3)C=C2)C=C(OCO5)C5=C1,32.0,1.505149978,8,0,-17.501075922288578,-24.768098460756608,2.4967490303770803,4.817778156501009,-14.797012794903193,11.55107282653734,12.641904568740367,-12.465330721695926,-4.207536146695352,3.464557484752794,1.9435531326578148,-1.5299571103240952,5.686980235040657,7.1098299878078866,1.5258284798566932,-0.7875571425449326,-4.194880757193135,-13.754124276803914,-2.4082722852112837,1.0562312672065661,-0.5258963521960979,-1.271799259489557,6.171582387004099,9.169204933192004,-4.935508454899266,12.188149618416482,-3.842176420047028,1.9909902890752227,0.6581132555782532,-1.7038112215978205,1.4216244582053892,1.3447538000560904,0.7686935445996655,-0.34002475557903034,0.3569684558558791,-0.5061857619364397,1.0327325046277687,-1.1840207891919852,-1.1442092430714106,0.5057387579158868,-0.934373300901726,-1.027994121431433,-0.7743055790286354,-0.3892469489553837,0.6276322306262477,0.9328611071502696,0.4816315937088691,-0.1117564634886441,-0.06609357787359463,0.06800900374213195,0.1509973013800668,-0.3899835172436649,-0.3752192729888579,-0.4548073597853353,0.27843914065431447,0.3942139515246569,-0.5195535996381939,1.1698102608731906,0.3040513743923758,0.6296550665203606,-0.05738630710957723,-0.6540004034752774,-0.6850999845889162,-0.9705245281130247
OC1=C(/N=N/C2=CC=C(OCC3=CN(C4=CC=CC=C4)N=N3)C=C2)C=C(OCO5)C5=C1,64.0,1.806179974,8,0,-17.492590150531218,-24.62489801613306,1.8440818545324522,4.909404263027887,-14.653156216033253,11.009540345616893,12.162004098299699,-12.764789591499854,-4.841193060573125,2.8169173603563435,2.6232455553491256,-1.4347122625386175,5.7436532593040415,7.292657185827741,1.1832126430243404,-1.269830646897325,-4.381183164808574,-13.245313893868465,-2.5818678889542337,0.5939636260659282,-0.8355414547876688,-1.465038943800353,6.361950697380086,9.860598371423904,-4.477089305522241,12.185245427394857,-4.954455998450978,1.901222217413589,0.39707415660961176,-1.2361258464611926,0.8058422821269972,0.8705391811787714,1.0698665671227734,0.5954911344421572,0.07527558781614826,-0.9921311330236839,0.7384859443697281,-0.4431720556090958,0.5210330790797404,-0.020611468641505745,0.9072428069517424,0.772659597983025,-0.6767779453189191,-0.8239549156314654,0.09694697035971675,0.35228629895196883,0.13000623990873006,-0.20801665668488528,0.0823403127287061,-0.9093365979492904,0.1073245621337283,0.18348109185207367,0.1838287039942844,0.676990244391687,-0.5707650401771753,0.23643275674806738,-0.6291381345407666,1.1217657893702986,0.0157825949285963,0.42514758191242674,0.665042148947216,-0.17335673529424467,-0.22231516770034346,-0.8602092005851051
OC1=C(C=C2OCOC2=C1)/N=N/C3=CC=C(C=C3)OCC4=CN(N=N4)C5=CC=C(C=C5)OC,128.0,2.10720997,8,0,-17.501075922288578,-24.768098460756608,2.4967490303770803,4.817778156501009,-14.797012794903193,11.55107282653734,12.641904568740367,-12.465330721695926,-4.207536146695352,3.464557484752794,1.9435531326578148,-1.5299571103240952,5.686980235040657,7.1098299878078866,1.5258284798566932,-0.7875571425449326,-4.194880757193135,-13.754124276803914,-2.4082722852112837,1.0562312672065661,-0.5258963521960979,-1.271799259489557,6.171582387004099,9.169204933192004,-4.935508454899266,12.188149618416482,-3.842176420047028,1.9909902890752227,0.6581132555782532,-1.7038112215978205,1.4216244582053892,1.3447538000560904,0.7686935445996655,-0.34002475557903034,0.3569684558558791,-0.5061857619364397,1.0327325046277687,-1.1840207891919852,-1.1442092430714106,0.5057387579158868,-0.934373300901726,-1.027994121431433,-0.7743055790286354,-0.3892469489553837,0.6276322306262477,0.9328611071502696,0.4816315937088691,-0.1117564634886441,-0.06609357787359463,0.06800900374213195,0.1509973013800668,-0.3899835172436649,-0.3752192729888579,-0.4548073597853353,0.27843914065431447,0.3942139515246569,-0.5195535996381939,1.1698102608731906,0.3040513743923758,0.6296550665203606,-0.05738630710957723,-0.6540004034752774,-0.6850999845889162,-0.9705245281130247
OC1=C(/N=N/C2=CC=C(OCC3=CN(C4=CC=C(F)C=C4)N=N3)C=C2)C=C(OCO5)C5=C1,256.0,2.408239965,8,0,-16.864917998088146,-24.153899504316144,2.3822886069048517,3.373106783838453,-13.560902678757769,11.111319537028303,13.43941073175551,-13.344308679865643,-5.106620611059461,3.1014088895246887,1.0265669820415726,-1.064855726488938,5.741709835053357,7.383307510870743,1.5651280689518705,-0.7945473987896206,-5.153350648437004,-12.392452087802923,-2.666410298966615,0.5688720384632902,-0.6904801749055659,-1.6863618411270254,6.198662100595728,9.901667271189604,-3.948938828031127,12.237091799222151,-5.43464320257037,2.1680583293877844,0.3888126109472821,-1.2993185785504189,0.7598903553625945,0.7838245281789596,0.7888078031680336,-0.1901997227951717,0.14073100974678585,-2.278059682399227,1.2078769013764985,0.4663018188899422,2.019575595743866,-0.7869802885354643,0.1466988684073059,0.8184872950288761,0.8057133650809005,0.23681574606598027,0.24239425680944057,-0.9122711221344335,-0.3080731084737725,1.9598635121194268,0.153212886058219,2.186661230356361,0.997352705911099,-0.1408658220812827,-0.467033764531137,0.09068472329088405,0.12647338273533412,-1.4949214574406569,0.21651055184280363,-1.74931767580225,-0.5746472046751281,-1.405628767581815,2.4988367017208546,0.6972749548140781,-0.9356330935490449,1.1220370109773719
OC1=C(/N=N/C2=CC=C(OCC3=CN(C4=C5C=CC=CC5=CC=C4)N=N3)C=C2)C=C(OCO6)C6=C1,256.0,2.408239965,1,0,-16.33232180810296,-22.437741081412142,2.769426759628251,2.0057207895839824,-11.944396513312299,12.539290867954966,11.817123084613707,-11.061295845588804,-5.522398971191647,4.377429513498041,2.542843173347285,-2.948286213646389,6.328563853675862,6.232135058519902,0.11457388856878152,-2.833051173601923,-5.725396256018,-13.19367676136167,-1.9113830108622345,1.1652665331313348,-0.7109964286533256,-1.8155065248039484,7.129337518801975,9.455799008147322,-3.7038288748743606,10.723633655101057,-5.231383775423542,1.649051458288287,0.2855638843663563,-1.4167618675226858,2.280506349223409,1.7945927363408818,4.8545011542213405,1.6930900231787656,-0.910026832263657,-0.3560428329822236,-0.4745887022706573,-1.282968796362923,1.0756788415314578,-0.7428269498558059,1.5306911755951225,0.638336723568012,-0.03244099368172746,-2.6504325322419438,-0.07263306916343495,1.274820125977083,-0.7605075482480856,-0.6612700098259159,-2.2888472806644584,-1.6173349241744108,-1.3384850938672201,0.7205705847023939,1.6444472653355338,0.8747864104484869,0.17306955613606753,3.3461945767680055,1.1503796160403443,1.4057222816285262,1.925329005189071,3.912870704943244,0.6085667728929304,0.4720064157263074,2.36407137270419,-3.1316755456805936
OC1=C(/N=N/C2=CC=C(OCC3=CN(C4=CC=C([N+]([O-])=O)C=C4)N=N3)C=C2)C=C(OCO5)C5=C1,256.0,2.408239965,8,0,-16.288792390219598,-22.607362115389506,3.9327848555069234,5.028319054077886,-12.678955015214944,12.693033394282425,9.780325137661597,-13.905532788386243,-5.171441139031348,3.451298784624063,4.356285060641824,-3.009888267099132,4.914145509352312,6.15570197826197,0.06500096324542917,-0.944273507504605,-1.9793762222277638,-12.882756182632837,-2.4138744013766162,0.7802861113855687,-0.8674375138851194,0.6286069312000803,7.267542178135604,6.981758689940112,-3.489996043753061,14.125219818248175,-8.218918639647997,-0.4154658058680578,0.4655428634857804,-0.939730018087227,-2.0287451134983328,-0.6362660219062459,-0.6563794452730453,0.5398633127538589,-1.926968373200477,2.716382733094585,-2.2267400476483266,-3.8735461268861564,1.524129456772083,0.7391415190336788,1.956887147971413,-1.0922136076472264,3.2491833052942485,0.1674666960211074,0.08105157861536781,0.06754789547089098,-0.18721824057365846,-1.3256026412016526,1.411436694996651,-0.0026663265834889925,-0.47862329476647464,2.2991503842823087,-0.9166526513242539,-1.660821271061361,0.5809042076196995,0.0982388610369164,-1.311790205566863,-0.8601010900146895,0.3524859498632136,-1.4273816215602142,-1.5265645358227442,-0.007847695347490123,1.321741822758093,-2.8320184872684506
OC1=C(/N=N/C2=CC=C(OCC3=CN(C4=CC(Cl)=C(F)C=C4)N=N3)C=C2)C=C(OCO5)C5=C1,256.0,2.408239965,8,0,-16.50812294650273,-21.89932422204931,3.245779345645436,0.8007452904349746,-12.292690923695654,12.095934615335016,12.932330143904396,-13.808153308944032,-3.9433938645935025,4.6885220388090385,-0.36453182850084964,-0.26455589973332916,5.409403607851,6.912466230021622,1.6129789347164651,-0.272760950746807,-6.17170007689251,-11.453414463538566,-2.8637570091413727,0.09725232749785018,-0.061920370306327015,-0.8923087387099937,6.7072838219623225,9.833547057370284,-3.8509320352718897,13.63937807482629,-6.3718440959114275,2.01606017495731,0.47003653680690327,-1.4146833906504168,1.9927369862480624,1.6066908250460907,-0.005270295215399829,-0.13439140980172337,0.6355396015013609,-1.368142262617152,1.8534799681411516,0.14674468743029906,2.4808590178901406,-0.9372324470407143,0.5265495422672215,1.1897680321730466,1.011311797696271,-0.42848953419582897,0.23068766033695098,-1.7702906557576936,-2.6300399512806427,1.071320857851905,0.688610011648654,-1.507274822922349,2.854219009964389,-1.8830492676906911,0.7430609991188594,3.7697687614437134,-2.7491976191258454,-3.9424048682349495,3.310892122605982,-3.2702817325793623,-1.9179084269120588,-3.3255542233932722,-1.6768082330192884,2.8015800085265523,-2.058784302258664,7.150884230625367
OC1=C(/N=N/C2=CC=C(OCC3=CN(C4=CC=C(Br)C=C4)N=N3)C=C2)C=C(OCO5)C5=C1,256.0,2.408239965,8,0,-17.020311644517182,-23.771357040329907,2.6681875539411744,3.213630812499832,-14.267076042711858,10.210691250939789,12.471736464471999,-13.371436862646961,-4.946887402383208,2.881249931994094,2.0942808287312205,-0.1525812532655221,6.920325540623817,5.990395273868298,1.3061534422200096,-1.535743777042331,-3.7365246838144226,-13.349122588174817,-3.6187453072207414,0.6614158778035516,-0.7997187857799162,-1.8475805944623427,6.419709097679656,10.217630915086605,-4.491155280571493,12.086598083162897,-4.58023196417816,1.7513918226760528,0.72713503693819,-1.9323924319632015,0.5117073377734814,0.9652402939856645,1.7793820782102543,0.6314361281714915,1.4172413752134934,0.6664837004533284,1.7221031160531621,0.25614980190676584,1.3546695548957495,0.8241891158413529,-0.1575282920612009,0.11068563040906301,-0.06517724492922179,-1.608822349877547,0.6152807408078161,-0.18152641781022238,2.4929644082798577,-0.4738493600590007,-0.6581446425228448,-1.623977908933547,0.18022814966287162,0.9328405711113862,1.069737078804077,-1.1466702988970676,-1.7436741038042767,0.980575147142567,-0.9702097218952815,0.2642232446271963,-0.4529744358606272,0.6721854721885705,-1.2714556784935516,-1.5082039091300463,-0.25070128482402837,-2.057128939573192
OC1=C(C=C2OCOC2=C1)/N=N/C3=CC=C(C=C3)OCC4=CN(N=N4)C5=CC(OC)=CC=C5,128.0,2.10720997,8,0,-16.23328459117718,-23.235534510003117,3.018258678417017,3.3660772186115744,-14.328823455640771,11.476384934664868,12.452435395891836,-12.182608139393432,-4.5907041703666165,3.793886329237298,1.9979080455349698,-1.1250706213846655,6.449923653651111,6.875864001492316,1.3013550045240465,-0.7885023951917474,-3.9102585494282285,-13.446898047299936,-3.2978416541477396,1.1763013685597055,-0.4006813046361683,-1.4902835274819282,6.287289275699209,8.83456958942742,-3.7601623168776124,11.997978673298434,-4.6856366525072195,1.002571666090438,0.9188534672066924,-1.206932887406503,1.402771492651609,1.2740993445247202,1.0603442668983023,0.06932084157709094,0.36655580639995095,-0.8342951111036389,1.033736800313844,-1.2004427412710996,0.018812141297609004,-0.24605600173753,0.2752065449935257,0.14626605791451044,-0.7762224889742139,-0.9796809529470492,-0.7525438310660899,1.4959509648382732,0.9539018919417106,-0.8486118926002417,-0.4423423280249357,-1.21680260308478,0.19121585255395587,-1.1527827320355766,0.08375421985745887,1.0679570738330932,0.385443345459024,0.5821817107339691,0.40443731532936505,2.805068030660882,0.6553038815023838,0.2800011138185078,2.6409767214019593,-0.653980155547333,0.4833082402668186,2.8500208172446846
COC1=CC(O)=C(C(OC)=C1)C(/C=C/C2=CC=C(C(OC)=C2)OCC3=CN(N=N3)C4=CC=C(C=C4Cl)F)=O,6.25,0.795880017,3,3,-11.399315183722766,-15.618642881009372,5.317053706193292,-5.599605027820522,-4.442626097126962,13.731104345719677,11.587767622538298,-8.093321461107157,0.4194251676771736,5.819764730345111,-11.254489505405896,2.260715297848248,2.6666584710120227,-1.612331556458234,6.179775830253945,12.988976084415652,-12.654803257407094,33.52310360252744,-1.5419385788307953,-5.7887928484209645,-2.0158767613519237,4.803575911037522,-2.1965548248312197,3.4249112968199205,-1.4937645038618133,-2.188268721201714,2.707476058161784,-0.22818885945596581,3.7014671167741473,-0.525520601893708,-6.10501809197076,-2.4763562933398675,0.69301183332697,0.7326577440755374,0.10335541193755836,0.8520731473731258,-1.0902968936778634,0.3072622384443087,-1.1440275083133908,-0.3143613373046854,-0.6617698799628531,0.22075270074926787,0.7727758593383931,-0.02180015623864215,-0.12104586631742062,-0.6053935353830346,-0.983929695849411,-0.7717838329470535,0.18188224372982845,-2.3888694431623794,0.9467697465477065,0.5852746599571432,0.3683730893220308,1.5456271067701444,-2.3142217999236254,0.28593672849477514,0.41521307685796854,0.03312953330888646,-0.9867570441733637,-1.3905559368521199,-3.064655846627215,-1.0117470791722636,-0.7020069326190406,1.5682959042557085
COC1=CC(OC)=C(C(=O)/C=C/C2=CC=C(OCC3=CN(C4=CC=C(F)C=C4F)N=N3)C(OC)=C2)C(O)=C1,12.5,1.096910013,3,3,-11.344001306286106,-15.58843905311845,5.559661419598717,-4.960922688738271,-4.611484725855513,13.078761234706707,11.5119710673572,-7.327822669479072,0.4305847012924909,4.485933849480618,-10.36715373178902,2.197672401441017,2.077481289575412,-1.028081258160775,5.739146345844524,11.70918370665867,-11.20420761059809,30.809087127399433,-0.3582371551069481,-5.798829535659875,-1.6045332366478848,4.0800086854769875,-3.407217242974531,4.570821732874719,-1.8797662129113346,-1.886551456224906,3.5651155685352944,0.2105947299168328,6.9151839502278625,-3.2569238725552085,-9.515542809826831,-3.6044848810018895,3.5854387207725695,1.1876453146896528,-0.2181397416120734,-0.40843662624026944,-1.3223976506055222,2.1989946371991116,0.9219593924962377,-1.2930393118124537,-0.60074523240149,-2.4045343967829136,0.728970282920182,2.770633854032628,0.2358087576569928,-0.5332025053780434,1.2973357672517873,1.8520710325411747,-0.9179159016858573,4.785400150485366,0.16902916785826458,1.8165259092373105,-0.44742108576989764,-2.986707457343107,4.856352917467548,-2.146611666406882,-1.0195036968423161,-2.077807409762255,1.4892191628199007,1.0602827158201558,11.068217363561722,2.22778270707539,0.11154306891642209,-2.2199412619586667
COC1=CC(O)=C(C(OC)=C1)C(/C=C/C2=CC=C(C(OC)=C2)OCC3=CN(N=N3)C4=CC=CC=C4Cl)=O,12.5,1.096910013,3,3,-12.290903580476094,-16.267595135386845,5.050184288324738,-4.145223573765873,-5.219842652303354,13.386188582019765,10.300071719853248,-7.492637206507727,0.9315762364885863,5.704659184640685,-9.618941291207456,2.5169623621829618,2.2464958402924924,-1.418037319261743,5.989837109958759,12.322291694683251,-11.871455810681667,32.56083130106518,-1.799489988398867,-5.205721601671126,-2.159263006949393,4.7673334472624465,-2.554125351945424,3.4193336030296284,-2.0852529459376674,-2.371577109879879,3.5587259220180436,-0.25085651996950176,3.8587830625529587,-0.8759368400229469,-6.050333002790545,-2.4363245197027097,1.0266548202622041,1.4700332036026857,-0.2741822184725951,2.1998607940253003,-1.4857262241261795,-0.2317873381413022,-2.057843601229905,1.0764283244684727,-0.18453555054708157,0.9208598640478318,-1.0039787343149438,-1.1798694097863722,-0.023727890959064052,0.06946597684401092,-0.9632690318299595,-2.650066579562659,0.5418282182047439,-4.9662275796090185,0.3123097247911574,0.60681592850875,0.3608102723196112,2.5910092941014864,-2.9300488696234166,2.3145999549688083,-0.5401801391594221,2.2341904608921723,-0.2464453644884396,0.9044020611678248,-7.036024796943297,-1.4105180767784389,0.2778168071162443,-0.7051663722499892
COC1=CC(O)=C(C(OC)=C1)C(/C=C/C2=CC=C(C(OCC3=CN(N=N3)C4=CC=C(C=C4Cl)F)=C2)OC)=O,100.0,2.0,3,0,-11.294252407356986,-15.53552027497594,5.171528920393749,-5.432948010470339,-4.36452634869677,13.6050257927521,11.264262936877337,-7.738817720856521,0.23853256514118593,5.630222551583618,-11.201897741079167,1.8602264920280696,2.432865778649425,-1.4827570519632658,6.396880068238918,12.744589583320458,-12.51550238953535,32.61765070580212,-1.5009243848795644,-5.82509004924104,-1.83108357152021,4.662507549069693,-2.181919254248357,3.580465904715236,-1.32509092789029,-2.1038448517566133,2.780544010770106,-0.26654568336140655,4.167772646572746,-1.2109766291211002,-6.916086718117627,-2.7635985242836667,1.0981427316403003,0.9844878985031075,0.017905318105234137,0.7258639489466739,-0.949079823649007,0.35864014389595933,-1.191979282027302,-0.6678004808521529,-0.7443274186076306,-0.03190583833635538,0.5225646240439352,-0.26516466858841514,0.11962177663649941,-0.4369814605038669,-1.0723675275154576,-0.6686219020356503,0.08865292392831531,-2.4381608027785506,1.0004389393489805,0.10347853432521564,0.11991050157052861,1.3204356137580688,-2.250695857805693,0.39920641846080634,0.28568514513313875,-0.5199171306278875,-1.102457764412896,-1.4565555991330732,-3.4815412168376447,-1.261569358916603,-0.3880074421415596,1.8275978306722678
COC1=CC(OC)=C(C(=O)/C=C/C2=CC=C(OC)C(OCC3=CN(C4=CC=C(F)C=C4F)N=N3)=C2)C(O)=C1,100.0,2.0,3,0,-11.238938529920329,-15.50531644708502,5.414136633799169,-4.794265671388085,-4.533384977425329,12.952682681739125,11.18846638169623,-6.973318929228426,0.24969209875651,4.296391670719128,-10.31456196746228,1.7971835956208424,1.8436885972128152,-0.898506753665792,5.956250583829499,11.464797205563459,-11.064906742726343,29.903634230674097,-0.31722296115570814,-5.835126736479952,-1.4197400468161692,3.9389403235091653,-3.392581672391673,4.726376340770032,-1.7110926369398025,-1.8021275867798126,3.6381835211436107,0.1722379060113911,7.381489480026459,-3.9423798997826007,-10.3266114359737,-3.891727111945688,3.9905696190859077,1.4394754691172307,-0.30358983544439877,-0.5346458246667194,-1.1811805805766595,2.250372542650764,0.8740076187823324,-1.646478455359911,-0.6833027710462671,-2.6571929358685313,0.4787590476257184,2.5272693416828527,0.47647640061091184,-0.36479043049887305,1.208897935585734,1.9552329634525767,-1.01114522148737,4.736108790869185,0.22269836065954254,1.3347297836053806,-0.6958836735214007,-3.2118989503551827,4.919878859585482,-2.033341976440852,-1.1490316285671496,-2.630854073699027,1.3735184425803728,0.9942830535392075,10.651331993351288,1.97796042733105,0.4255425593938954,-1.9606393355421086
COC1=CC(OC)=C(C(O)=C1)C(/C=C/C2=CC=C(C(OCC3=CN(N=N3)C4=CC=CC=C4Cl)=C2)OC)=O,25.0,1.397940009,3,0,-12.185828081062988,-16.184475683115767,4.9046597364252955,-3.978578139306471,-5.14173892102323,13.260138421823095,9.976561255581336,-7.138133980806709,0.7506716055242176,5.51513651760258,-9.566336091442405,2.116469303851849,2.012717172872394,-1.2884576831966292,6.206941434087037,12.077904553726647,-11.73215962046416,31.655371991451425,-1.7584759719974732,-5.2420170790519505,-1.9744930041098285,4.626253168053773,-2.53948437723163,3.574874806477135,-1.9165873062702046,-2.2871455361332624,3.631794107862973,-0.28922102625470464,4.325098072128628,-1.5614015974457904,-6.861396535765458,-2.723558994509539,1.431779817051372,1.7218579715068572,-0.35963261448323364,2.0736504607764785,-1.3445019608375857,-0.18040831681665864,-2.1058027133943664,0.7229871351311753,-0.26709798892813497,0.6682039517778321,-1.2541958889384468,-1.4232409182501107,0.21694830911660742,0.23788345923151688,-1.051709478621288,-2.5469100821379373,0.4485889749039306,-5.015513326915828,0.36599391697658373,0.12501111162231146,0.11233941272404917,2.3658130539383424,-2.866536003549646,2.4278655695186826,-0.6697061245621081,1.681125897426184,-0.36214650429567,0.8384021373541712,-7.4529106472989906,-1.6603470059560088,0.5918208146614282,-0.4458732039498961
COC1=CC(OC)=C2C(=O)C=C(C3=CC=C(OCC4=CN(C5=CC=C(F)C=C5Cl)N=N4)C(OC)=C3)OC2=C1,50.0,1.698970004,2,0,-9.073000894644286,-11.523321364968222,1.4123007121181537,-12.626649070609698,1.1089883308783368,10.172754376283535,8.477811736910594,-7.567541726016965,-4.943009950343326,6.6111840026695905,-7.42386511251088,1.1423727460892867,1.2330981184238907,-2.695333553065073,2.7575842146785616,0.49338450638650966,-1.5963065316894147,22.30239155442562,-0.29644403780956624,-0.6061417559292723,3.555537044467775,4.26871606849568,1.791254850602194,-9.092525258621336,1.9195674303683488,1.863803112741687,-5.646279439532723,5.5477310766627435,-22.973690880613194,16.47963183402837,28.67048594562964,9.330244522113885,-15.720090205810108,-7.611251512706774,3.481300144264854,1.1970977746359204,0.10953154527829125,-8.241052740010522,0.12791639468240565,5.480485233497701,0.9896107353204554,2.5664935239129583,4.3205656947567235,1.629190750859982,-1.459573527646039,-0.840924859920662,1.3842718687993547,0.7140321879114861,-1.6704327907036738,2.174213887142396,0.23296028153011183,1.4886680446339016,2.423477972871484,-1.1838349547731146,0.414260632510519,-0.4821931061223545,1.4452515214649455,0.35948885883005227,0.6719595277300828,-0.9329738779636487,4.134600716737658,0.22487853453439363,-0.999193202820582,-0.6485027874376248
COC1=CC(OC)=C2C(C=C(OC2=C1)C3=CC=C(C(OC)=C3)OCC4=CN(N=N4)C5=CC=CC=C5Cl)=O,50.0,1.698970004,2,0,-9.860304785190607,-11.971785908275539,1.06163437735941,-11.604803111506909,0.4506091068308561,9.841120008488515,7.218770205949606,-7.251618895570974,-4.471933555709447,6.571312695464736,-5.954651005487834,0.9390563398179153,0.8376471164589843,-2.3899902107596054,2.46863831290713,-0.4567876566776301,-1.010647571516334,21.250485541317932,-0.4595584498365593,-0.0552340026315265,3.5826965953231973,4.275605129029456,1.5325966985045516,-9.283646956379156,1.3694125427554886,1.5493902766070677,-5.070869323650212,5.9807787423279635,-23.182989383117288,16.460171075913753,28.993816235107587,9.452738787368089,-15.588727094977546,-6.836392650985078,2.9075461133413767,2.2254747460548976,-0.0895443975424088,-8.778623536524806,-0.7713460600823034,6.701839525792548,1.630923657997458,3.314932398021014,2.6488836127817272,0.7308192839415499,-1.259427280306972,-0.345082403390908,1.4135325416484035,-0.7763824346203397,-1.3539724264777546,-0.16211449419471805,-0.5466936179178244,1.6850516592513998,2.250014799750987,-0.17788295177463856,-0.10438902055514483,1.1411136032416624,0.587370337468098,2.3319814399807988,1.3424315053246592,1.1047589652732408,0.7765944372569096,0.1745784866112173,-0.2319349581584231,-2.246631139321113
